date,stock_name,stock_code,title,link,content
2008-12-19,トリニティ工業株式会社,6382,個人投資家によるトリニティ工業株式会社株券に係る相場操縦に対する課徴金納付命令の勧告について（平成20年12月19日）,https://www.fsa.go.jp/sesc/news/c_2008/2008/20081219.html,個人投資家によるトリニティ工業株式会社株券に係る相場操縦に対する課徴金納付命令の勧告について 平成２０年１２月１９日 証券取引等監視委員会 １．勧告の内容 証券取引等監視委員会は、個人投資家によるトリニティ工業株式会社株券に係る相場操縦について検査した結果、下記のとおり法令違反の事実が認められたので、本日、内閣総理大臣及び金融庁長官に対して、金融庁設置法第２０条第１項の規定に基づき、課徴金納付命令を発出するよう勧告を行った。 ２．法令違反の事実関係 課徴金納付命令対象者は、トリニティ工業株式会社の株券につき、その株価の高値形成を図り、同株券の売買を誘引する目的をもって、平成１８年１月５日から同月６日までの間、直前約定値より高値で買い注文と売り注文を同時期に発注して対当させ株価を引き上げるなどの方法により、同株券合計１７万株を買い付ける一方、同株券合計１７万４，０００株を売り付け、同株券の株価を１，６８０円から１，７９０円まで高騰させるなどし、同株券の相場を変動させるべき一連の売買をしたものである。 同人が行った上記の行為は、証券取引法（平成１８年法律第６５号附則第１条第１号による改正前のもの。以下同じ。）第１７４条第１項に規定する「第百五十九条第二項第一号の規定に違反する取引所有価証券市場における上場有価証券等の相場を変動させるべき一連の上場有価証券売買等」に該当すると認められる。 ３．課徴金の額の計算 上記の違法行為に対し金融商品取引法に基づき納付を命じられる課徴金の額は、７４５万円である。 計算方法の詳細については、 別紙 (PDF/117KB) のとおり。
2008-12-05,ジャパン・アドバイザリー合同会社,,ジャパン・アドバイザリー合同会社に対する検査結果に基づく勧告について（平成20年12月5日）,https://www.fsa.go.jp/sesc/news/c_2008/2008/20081205.html,ジャパン・アドバイザリー合同会社に対する検査結果に基づく勧告について 平成２０年１２月５日 証券取引等監視委員会 １．勧告の内容 証券取引等監視委員会は、ジャパン・アドバイザリー合同会社（東京都港区、資本金１１万円、役職員２４名）を検査した結果、下記のとおり、当該金融商品取引業者に係る公益又は投資者保護上の問題が認められたので、本日、内閣総理大臣及び金融庁長官に対して、金融庁設置法第２０条第１項の規定に基づき、行政処分を行うよう勧告した。 ２．事実関係 ○　法人関係情報の管理に係る内部管理態勢が機能していない状況及び法人関係情報を利用した助言 ジャパン・アドバイザリー合同会社（以下「当社」という。）は、法人関係情報を取得した際は、コンプライアンス・オフィサーに報告することを社内規程に定めている。しかしながら、当該社内規程において法人関係情報の定義を明確化しておらず、これまで法人関係情報として報告されたものが１件もないなど、当社においては、法人関係情報の管理に係る内部管理態勢が機能していない状況にある。 当社シニアアナリストは、平成１９年８月２２日、上場会社より同社が自己株式の買付けを行う旨の法人関係情報を取得し、当該法人関係情報を当社代表社員に伝達した。しかしながら、当社においては上記の業務の運営の状況にあることから、上記のいずれの者も当該法人関係情報をコンプライアンス・オフィサーに報告しなかったため、当社は、当該法人関係情報が公表された同月２７日の前に、当該法人関係情報を利用して、顧客に対し、当該上場会社の株式に係る買い推奨の助言をした。 当該金融商品取引業者の上記の業務の運営の状況は、金融商品取引法第５１条の規定による業務の運営の状況の改善に必要な措置をとることを命ずることができる場合の要件となる「業務の運営の状況に関し、公益又は投資者保護のために必要かつ適当であると認めるとき」に該当する。
2008-12-25,,,証券検査に係る業務点検プロジェクトの検討状況について（平成20年12月25日）,https://www.fsa.go.jp/sesc/news/c_2008/2008/20081225.html,証券検査に係る業務点検プロジェクトの検討状況について 平成２０年１２月２５日 証券取引等監視委員会 １．基本的考え方 証券取引等監視委員会（証券監視委）の使命は、市場の公正性・透明性の確保、投資者の保護を目指して市場監視を行うことにある。 我が国金融・資本市場は、金融商品・取引の複雑化・多様化・グローバル化といった環境変化や金融商品取引法の施行をはじめとする制度の変革など、ダイナミックな状況変化に直面している。こうした大きな変化に対応するためには、証券監視委の使命を踏まえつつ、これまで以上に、証券検査の効率性と実効性の向上を追求する必要がある。 証券検査の効率性と実効性の向上を図るためには、金融商品取引業者等における法令違反行為の検証を基本としつつも、公益の確保や投資者保護を念頭に、その背景となる内部管理態勢の適切性を、業者の規模・特性を踏まえつつ、検証することも重要である。 また、今般のグローバルな金融危機に鑑みれば、特に、グローバルに活動する金融商品取引業者等に対する検査等においては、財務の健全性を含め、広くそのリスク管理態勢のあり方にも着目していく必要がある。 ２．検討状況 検査の効率性と実効性の具体的な向上策として、以上のような観点から、当プロジェクトにおいて、以下のような方向で議論が進められているところである。証券監視委としては、今後、議論をさらに具体化し、「証券検査に関する基本指針」や「金融商品取引業者等検査マニュアル」等の改訂に反映させていく方針である。 【検査の予告制】 検査の予告については、検査が法令違反行為の指摘だけでなく、その背景となる管理態勢をも検証するものへと拡張するにつれ、無予告制の意義が限定的な場合も増えると考えられることから、効率性向上の観点も踏まえ、一定の場合、予告制を試行的に導入することとする。 【検査中の対話の充実】 臨店中における、検査官と金融商品取引業者等との双方向の対話を充実させる観点から、臨店検査の開始及び終了時点等において、経営陣を交えたミーティング（エグジット・ミーティング等）を実施することとする。 また、双方向の対話の充実を促し、行政の透明性を図る観点から、検査結果の講評についても、なるべく早く実施することを検討するものとする。 【検査の品質管理】 業者の規模・特性を踏まえた内部管理態勢等の適切性の検証に関し、その検査の品質を確保し、検査官の目線を統一するためにも、ミドル・オフィス（検査監理官室等）による検査官のサポート体制を強化するとともに、検査官の研修を充実させ、検査マニュアルの見直しを検討するものとする。 検査モニターについても、検査の効率性だけでなく、対話を通じた内部管理態勢等の検証等が適切に行われているか等、検査の実効性についても、必要に応じ、モニターの対象とするものとする。また、臨店終了後もアンケート方式で意見を受け付ける、オフサイト検査モニターの導入等により、モニターの機能の充実を図る。 【検査の結果】 検査結果通知については、個々の法令違反行為の分析だけではなく、その背景にある金融商品取引業者等の内部管理態勢やリスク管理態勢の適切性の分析も充実させることとする。 また、処分勧告等を行うか否かの判断に際しては、結果として生じている法令違反等の行為・状況の重大性・悪質性だけでなく、その背景となった管理態勢の適切性等についても、金融商品取引業者等の規模・特性を勘案しつつ、総合的に検証することとする。 以　上 【お問い合わせ先】 証券取引等監視委員会　TEL03(3506)6000（代表） 事務局証券検査課 （内線：3044、3039）
2008-12-12,ゴールドマン・サックス証券株式会社,,ゴールドマン・サックス証券株式会社社員による内部者取引に対する課徴金納付命令の勧告について（平成20年12月12日）,https://www.fsa.go.jp/sesc/news/c_2008/2008/20081212.html,ゴールドマン・サックス証券株式会社社員による内部者取引に対する課徴金納付命令の勧告について 平成２０年１２月１２日 証券取引等監視委員会 １．勧告の内容 証券取引等監視委員会は、ゴールドマン・サックス証券株式会社社員による内部者取引について検査した結果、下記のとおり法令違反の事実が認められたので、本日、内閣総理大臣及び金融庁長官に対して、金融庁設置法第２０条第１項の規定に基づき、課徴金納付命令を発出するよう勧告を行った。 ２．法令違反の事実関係 課徴金納付命令対象者は、株式会社ＡＰ８（現株式会社レックス・ホールディングス）と公開買付け応募契約の締結の交渉をしていた者から、同人がその契約の締結の交渉に関し知った、同社が株式会社レックス・ホールディングス(平成１９年９月１日合併により解散)の株券の公開買付けを行うことについての決定をした事実の伝達を受け、この事実が公表される平成１８年１１月１１日より以前の同月８日に、株券１７株を総額３６３万８，０００円で買い付けたものである。 課徴金納付命令対象者が行った上記の行為は、金融商品取引法（平成２０年法律第６５号による改正前のもの。以下「旧金融商品取引法」という。）第１７５条第２項に規定する「第百六十七条第一項又は第三項の規定に違反して、自己の計算において同条第一項に規定する特定株券等若しくは関連株券等に係る買付け等又は同項に規定する株券等に係る売付け等をした」行為に該当すると認められる。 ３．課徴金の額の計算 上記の違法行為に対し金融商品取引法に基づき納付を命じられる課徴金の額は、２３万円である。 計算方法の詳細については、別紙のとおり。 （別紙） ○　課徴金の額の計算方法について 旧金融商品取引法第１７５条第２項に基づき、課徴金の額は、 (公開買付けの実施に関する事実が公表された翌日の終値等)×(買付株数) －(買付価格)×(買付株数) となる。 したがって、公開買付けの実施に関する事実の公表翌日が市場休業日であるため、以後の直近の株式会社レックス・ホールディングスの株価である平成１８年１１月１３日の始値は、２２８，０００円であることから、課徴金の額は下記の金額となる。 (２２８，０００円×１７株) －買付価額３，６３８，０００円（２１４，０００円×１７株） ＝２３８，０００円 ⇒課徴金の額は１万円未満を切り捨てるため、 ２３万円
2008-11-21,トラステックスホールディングス株式会社,,トラステックスホールディングス株式会社に係る有価証券報告書等の虚偽記載に係る課徴金納付命令勧告について（平成20年11月21日）,https://www.fsa.go.jp/sesc/news/c_2008/2008/20081121.html,"トラステックスホールディングス株式会社に係る有価証券報告書等の虚偽記載に係る課徴金納付命令勧告について 平成２０年１１月２１日 証券取引等監視委員会 １．勧告の内容 証券取引等監視委員会は、トラステックスホールディングス株式会社に係る有価証券報告書等の虚偽記載について検査した結果、下記のとおり法令違反の事実が認められたので、本日、内閣総理大臣及び金融庁長官に対して、金融庁設置法第２０条第１項の規定に基づき、課徴金納付命令を発出するよう勧告を行った。 ２．法令違反の事実関係 トラステックスホールディングス株式会社は、 (1)　有価証券報告書等について、 平成１７年１２月２７日、近畿財務局長に対し、売上の過大計上、貸倒損失の過少計上、長期未収入金及び破産・更生債権等（以下、「長期未収入金等」という。）並びに劣後信託受益権の過大計上等により、連結経常損益が９９４百万円（百万円未満切捨て。以下、連結経常損益額、連結当期純損益額、連結中間純損益額及び連結純資産額について同じ。）の損失であったにもかかわらず、これを１，０８３百万円の利益と、連結中間純損益が１，１７０百万円の損失であったにもかかわらず、これを５７８百万円の利益と記載するなどした中間連結損益計算書、及び連結純資産額が２，６２３百万円の債務超過であったにもかかわらず、連結純資産額に相当する「資本合計」欄に７，６９７百万円と記載するなどした中間連結貸借対照表を掲載した平成１７年９月中間期半期報告書を提出し、 平成１８年６月３０日、近畿財務局長に対し、売上の過大計上、貸倒損失の過少計上、長期未収入金等及び劣後信託受益権の過大計上等により、連結経常損益が５２８百万円の損失であったにもかかわらず、これを１，８８５百万円の利益と、連結当期純損益が９５５百万円の損失であったにもかかわらず、これを１，３１４百万円の利益と記載するなどした連結損益計算書、及び連結純資産額が１，７９６百万円の債務超過であったにもかかわらず、連結純資産額に相当する「資本合計」欄に９，０５２百万円と記載するなどした連結貸借対照表を掲載した平成１８年３月期有価証券報告書を提出し、 平成１９年１月１６日、関東財務局長に対し、売上の過大計上、貸倒損失の過少計上、長期未収入金等及び劣後信託受益権の過大計上等により、連結経常損益が３１３百万円の損失であったにもかかわらず、これを３１９百万円の利益と記載するなどした中間連結損益計算書、及び連結純資産額が６０５百万円の債務超過であったにもかかわらず、連結純資産額に相当する「純資産合計」欄に１，５８６百万円と記載するなどした中間連結貸借対照表を掲載した平成１８年９月中間期半期報告書を提出し、 平成１９年６月２９日、近畿財務局長に対し、長期未収入金等の過大計上等により、連結純資産額が１，６４３百万円の債務超過であったにもかかわらず、連結純資産額に相当する「純資産合計」欄に９１８百万円の債務超過と記載するなどした連結貸借対照表を掲載した平成１９年３月期有価証券報告書を提出し、 平成１９年１２月２８日、近畿財務局長に対し、長期未収入金等の過大計上等により、連結純資産額が１３４百万円であったにもかかわらず、連結純資産額に相当する「純資産合計」欄に８４９百万円と記載するなどした中間連結貸借対照表を掲載した平成１９年９月中間期半期報告書を提出し、 平成２０年６月３０日、近畿財務局長に対し、貸倒損失の過少計上、長期未収入金の過大計上等により、連結経常損益が４１１百万円の損失であったにもかかわらず、これを２４８百万円の損失と記載するなどした連結損益計算書、及び連結純資産額が２９８百万円であったにもかかわらず、連結純資産額に相当する「純資産合計」欄に７８６百万円と記載するなどした連結貸借対照表を掲載した平成２０年３月期有価証券報告書を提出した。 同社が行った上記の各行為は、金融商品取引法第１７２条の２第１項又は第２項に規定する「重要な事項につき虚偽の記載がある」有価証券報告書等を提出した行為に該当すると認められる。 (2)　有価証券届出書について、 平成１７年１１月２５日、近畿財務局長に対し、売上の過大計上、貸倒損失の過少計上、長期未収入金等及び劣後信託受益権の過大計上等により、連結経常損益が２０７百万円の損失であったにもかかわらず、これを６５６百万円の利益と記載するなどした連結損益計算書、及び連結純資産額が１，３６６百万円の債務超過であったにもかかわらず、連結純資産額に相当する「資本合計」欄に７，２４７百万円と記載するなどした連結貸借対照表を掲載した平成１７年３月期有価証券報告書を参照書類とする有価証券届出書を提出し、同有価証券届出書に基づく募集により、平成１７年１２月１２日、新株予約権付社債券を５，０００，０００，０００円で取得させ、 平成１９年１月１６日、関東財務局長に対し、売上の過大計上、貸倒損失の過少計上、長期未収入金等及び劣後信託受益権の過大計上等により、連結経常損益が５２８百万円の損失であったにもかかわらず、これを１，８８５百万円の利益と、連結当期純損益が９５５百万円の損失であったにもかかわらず、これを１，３１４百万円の利益と記載するなどした平成１８年３月期の連結損益計算書、及び連結純資産額が１，７９６百万円の債務超過であったにもかかわらず、連結純資産額に相当する「資本合計」欄に９，０５２百万円と記載するなどした平成１８年３月期の連結貸借対照表、並びに売上の過大計上、貸倒損失の過少計上、長期未収入金等及び劣後信託受益権の過大計上等により、連結経常損益が３１３百万円の損失であったにもかかわらず、これを３１９百万円の利益と記載するなどした平成１８年９月中間期の中間連結損益計算書、及び連結純資産額が６０５百万円の債務超過であったにもかかわらず、連結純資産額に相当する「純資産合計」欄に１，５８６百万円と記載するなどした平成１８年９月中間期の中間連結貸借対照表をそれぞれ掲載した有価証券届出書を提出し、同有価証券届出書に基づく募集により、同年２月５日、新株予約権付社債券を３００，０００，０００円で取得させ、 平成１９年２月２２日、関東財務局長に対し、前記２の(2)の と同様の内容を記載した平成１８年３月期の連結損益計算書及び連結貸借対照表並びに平成１８年９月中間期の中間連結損益計算書及び中間連結貸借対照表をそれぞれ掲載した有価証券届出書を提出し、同有価証券届出書に基づく募集により、同年３月１２日、新株予約権付社債券を２６０，０００，０００円で取得させ、 平成１９年３月２日、関東財務局長に対し、前記２の(2)の と同様の内容を記載した平成１８年３月期の連結損益計算書及び連結貸借対照表並びに平成１８年９月中間期の中間連結損益計算書及び中間連結貸借対照表をそれぞれ掲載した有価証券届出書を提出し、同有価証券届出書に基づく募集により、同月１９日、新株予約権付社債券を１００，０００，０００円で取得させ、 平成１９年４月２７日、関東財務局長に対し、前記２の(2)の と同様の内容を記載した平成１８年３月期の連結損益計算書及び連結貸借対照表並びに平成１８年９月中間期の中間連結損益計算書及び中間連結貸借対照表をそれぞれ掲載した有価証券届出書を提出し、同有価証券届出書に基づく募集により、同年５月１７日、６０，０２３，５４０株の株券を５，１０２，０００，９００円で取得させた。 同社が行った上記の行為は、金融商品取引法第１７２条第１項第１号に規定する「重要な事項につき虚偽の記載がある」発行開示書類に基づく募集により有価証券を取得させた行為に該当すると認められる。 ３．課徴金の額の計算 上記の違法行為に対し金融商品取引法に基づき納付を命じられる課徴金の額は、２億２，４２４万円である。 (1) 金融商品取引法第１７２条の２第１項又は第２項の規定により、平成１７年９月中間期半期報告書及び平成１８年３月期有価証券報告書に係る課徴金の額について、個別決定ごとの算出額は、 当該法人が発行する算定基準有価証券の市場価額の総額に１０万分の３を乗じて得た額（476,482円） が 3,000,000円 を超えないことから、 同半期報告書については、3,000,000円の２分の１に相当する額である1,500,000円 同有価証券報告書については、3,000,000円 となる。 ここで、金融商品取引法第１８５条の７第２項の規定により、同一の事業年度に係る２以上の虚偽の継続開示書類が提出されたときは、課徴金の額を調整することとなるため、下記のとおり３００万円を個別決定ごとの算出額に基づき按分した金額が課徴金の額となる。 平成１７年９月中間期半期報告書に係る課徴金の額は 3,000,000×1,500,000／（1,500,000＋3,000,000）＝1,000,000円 平成１８年３月期有価証券報告書に係る課徴金の額は 3,000,000×3,000,000／（1,500,000＋3,000,000）＝2,000,000円 (2) 金融商品取引法第１７２条の２第１項又は第２項の規定により、平成１８年９月中間期半期報告書及び平成１９年３月期有価証券報告書に係る課徴金の額について、個別決定ごとの算出額は、 当該法人が発行する算定基準有価証券の市場価額の総額に１０万分の３を乗じて得た額（288,987円） が 3,000,000円 を超えないことから、 同半期報告書については、3,000,000円の２分の１に相当する額である1,500,000円 同有価証券報告書については、3,000,000円 となる。 ここで、金融商品取引法第１８５条の７第２項の規定により、同一の事業年度に係る２以上の虚偽の継続開示書類が提出されたときは、課徴金の額を調整することとなるため、下記のとおり３００万円を個別決定ごとの算出額に基づき按分した金額が課徴金の額となる。 平成１８年９月中間期半期報告書に係る課徴金の額は 3,000,000×1,500,000／（1,500,000＋3,000,000）＝1,000,000円 平成１９年３月期有価証券報告書に係る課徴金の額は 3,000,000×3,000,000／（1,500,000＋3,000,000）＝2,000,000円 (3) 金融商品取引法第１７２条の２第１項又は第２項の規定により、平成１９年９月中間期半期報告書及び平成２０年３月期有価証券報告書に係る課徴金の額について、個別決定ごとの算出額は、 当該法人が発行する算定基準有価証券の市場価額の総額に１０万分の３を乗じて得た額（133,900円） が 3,000,000円 を超えないことから、 同半期報告書については、3,000,000円の２分の１に相当する額である1,500,000円 同有価証券報告書については、3,000,000円 となる。 ここで、金融商品取引法第１８５条の７第２項の規定により、同一の事業年度に係る２以上の虚偽の継続開示書類が提出されたときは、課徴金の額を調整することとなるため、下記のとおり３００万円を個別決定ごとの算出額に基づき按分した金額が課徴金の額となる。 平成１９年９月中間期半期報告書に係る課徴金の額は 3,000,000×1,500,000／（1,500,000＋3,000,000）＝1,000,000円 平成２０年３月期有価証券報告書に係る課徴金の額は 3,000,000×3,000,000／（1,500,000＋3,000,000）＝2,000,000円 (4) 金融商品取引法第１７２条第１項第１号の規定により、重要な事項につき虚偽の記載がある発行開示書類に基づく募集により取得させた株券等の発行価額の総額の１００分の２に相当する額が課徴金の額となることから、 平成１７年１１月２５日提出の有価証券届出書に係る課徴金の額は、 5,000,000,000円×2／100＝100,000,000円 平成１９年１月１６日提出の有価証券届出書に係る課徴金の額は、 300,000,000円×2／100＝6,000,000円 平成１９年２月２２日提出の有価証券届出書に係る課徴金の額は、 260,000,000円×2／100＝5,200,000円 平成１９年３月２日提出の有価証券届出書に係る課徴金の額は、 100,000,000円×2／100＝2,000,000円 平成１９年４月２７日提出の有価証券届出書に係る課徴金の額は、 5,102,000,900円×2／100＝102,040,018円 について、金融商品取引法第１７６条第２項の規定により１万円未満を切り捨てて、102,040,000円 となる。"
2008-11-14,クリード・リート・アドバイザーズ株式会社,,クリード・リート・アドバイザーズ株式会社に対する検査結果に基づく勧告について（平成20年11月14日）,https://www.fsa.go.jp/sesc/news/c_2008/2008/20081114.html,クリード・リート・アドバイザーズ株式会社に対する検査結果に基づく勧告について 平成２０年１１月１４日 証券取引等監視委員会 １．勧告の内容 証券取引等監視委員会が、クリード・リート・アドバイザーズ株式会社（東京都千代田区、資本金４億円、役職員２２名）を検査した結果、下記のとおり当該金融商品取引業者に係る法令違反の事実が認められたので、本日、内閣総理大臣及び金融庁長官に対して、金融庁設置法第２０条第１項の規定に基づき、行政処分を行うよう勧告した。 ２．事実関係 ○　利害関係を有する者からの資産の取得等に係る善管注意義務違反 クリード・リート・アドバイザーズ株式会社（以下「当社」という。）は、クリード・オフィス投資法人（以下「当投資法人」という。）との間で締結した資産の運用に係る委託契約に基づき行っている当投資法人の資産の運用に関し、平成１８年３月、当社の親会社等の利害関係を有する者から物件を取得するに際し、１物件について、当社が定めるアスベストを使用している物件の取得に係る投資方針等の基準を満たすための対応を怠り、当投資法人に不要な費用の支出をさせた。また、他の１物件について、増改築工事中の賃料未収入期間を考慮することなく、当投資法人に資産を取得させるなどしていた。 当社が当投資法人に対して行った上記行為は、「投資信託委託業者は、投資法人に対し、善良な管理者の注意をもって当該投資法人の運用に係る業務を遂行しなければならない」ことを定めた投資信託及び投資法人に関する法律（ただし、平成１８年法律第６５号による改正前のもの）第３４条の２第２項に違反するものと認められる。
2008-11-04,サクセット株式会社,,サクセット株式会社に対する検査結果に基づく勧告について（平成20年11月4日）,https://www.fsa.go.jp/sesc/news/c_2008/2008/20081104-2.html,"サクセット株式会社に対する検査結果に基づく勧告について 平成２０年１１月４日 証券取引等監視委員会 １．勧告の内容 福岡財務支局長がサクセット株式会社（福岡県福岡市、資本金７１百万円、役職員８名）を検査した結果、下記のとおり、当該金融商品取引業者及びその使用人に係る法令違反の事実が認められたので、本日、証券取引等監視委員会は、内閣総理大臣及び金融庁長官に対して、金融庁設置法第２０条第１項の規定に基づき、行政処分及びその他の適切な措置を講ずるよう勧告した。 ２．事実関係 ○　店頭金融先物取引において、売付け及び買付けの価格を同時に提示せずに値決めを行っている状況 (1) 当社が行っている店頭外国為替証拠金取引業務において、当社が顧客に対して交付している契約締結前交付書面等に記載された方法と異なり、取引通貨の売付け及び買付けの価格の双方があるにもかかわらず、顧客に対してこれらを同時に提示しておらず、値決め担当者が売付け及び買付けの価格を任意に決定している状況にあった。 こうした状況の中、当社の値決め担当者である管理部係長代理は、平成１９年５月から同年６月頃、為替相場が円安傾向にあったため、顧客が行ったニュージーランドドル／円の通貨取引（以下「本件NZドル／円取引」という。）の買建てについて、反対売買を行ったならば、利益を得ることができると認識した。 (2) 管理部係長代理は、上記(1)記載の業務状況にあって、通常、顧客からの注文を成行で受注していたことを奇貨として、上記(1)記載の認識に基づき行った本件NZドル／円取引の反対売買について、顧客との間の取引は、当社のカバー取引先（以下「当社カバー先」という。）の提示レート（対顧客との間の値決めにおいて当社が参照するとしている価格）より大幅に低い価格で約定処理を行う一方で、当社カバー先との間の取引は提示レートで約定することにより、対顧客と対当社カバー先との取引による差額分を当社に帰属させることを企図した。 (3) 管理部係長代理は、上記(2)記載の企図のもと、平成１９年６月１２日から同月１５日にかけて、当社の各営業員に対し、本件NZドル／円取引の買建てに係る仕切り売り希望の有無を確認するよう指示し、かかる指示を受けた営業員が取引の勧誘を行った。この結果、売付け及び買付けの価格の双方があるにもかかわらず、顧客に対してこれらを同時に提示することなく、４６顧客から仕切り売り注文（成行）を受注し、当社カバー先が提示する価格より、さらに１通貨単位当たり約４円から２円低い価格で約定した。 一方、管理部係長代理は、当該約定後、当社カバー先における仕切り売りを提示レートで行うことにより、当社は対顧客と対当社カバー先との取引の差額として、売買益48,526,300円（当社が顧客に説明しているスプレッド、手数料を除く。）を取得した。 上記記載の状況は、金融商品取引法第４０条第２号に基づく金融商品取引業等に関する内閣府令第１２３条第２０号に規定する「店頭金融先物取引について、売付け及び買付けの価格の双方がある場合に、これらの価格を同時に提示していない状況」（平成１９年９月３０日以降の状況。同年９月２９日以前の状況については、廃止前の金融先物取引法第７７条第２号に基づく同法施行規則第２５条の２第３号に規定する「店頭金融先物取引について、通貨等の売付け及び買付けの価格の双方がある場合に、これらの価格を同時に提示していない状況」）に該当するものと認められる。"
2008-11-07,シービーアールイー・レジデンシャル・マネジメント株式会社,,シービーアールイー・レジデンシャル・マネジメント株式会社に対する検査結果に基づく勧告について（平成20年11月7日）,https://www.fsa.go.jp/sesc/news/c_2008/2008/20081107.html,シービーアールイー・レジデンシャル・マネジメント株式会社に対する検査結果に基づく勧告について 平成２０年１１月７日 証券取引等監視委員会 １．勧告の内容 証券取引等監視委員会が、シービーアールイー・レジデンシャル・マネジメント株式会社（東京都港区、資本金２億１千万円、役職員３７名）を検査した結果、下記のとおり当該金融商品取引業者の業務の運営に関し、公益又は投資者保護上の問題が認められたので、本日、内閣総理大臣及び金融庁長官に対して、金融庁設置法第２０条第１項の規定に基づき、行政処分を行うよう勧告した。 ２．事実関係 ○　第三者割当増資の決議等に係る議事録の不実記載等 シービーアールイー・レジデンシャル・マネジメント株式会社（以下「当社」という。）は、ニューシティ・レジデンス投資法人（以下「当投資法人」という。）の資産運用を行っているが、当投資法人の第三者割当による新投資口の発行（以下「第三者割当増資」という。）に対する当社の助言等に関する投資委員会（以下「本件投資委員会」という。）及び本件投資委員会後に開催された取締役会（以下「本件取締役会」という。）での審議、承認及び決議等において、第三者割当増資議案に係る誤った決議、当該誤決議に気づいた直後の不適切な対応、社外取締役に対する本件投資委員会議事録及び本件取締役会議事録（これらの議事録を総称して、以下「本件議事録」という。）の不実記載への協力に関する依頼、本件議事録の不実記載を行っていた。 (1) 本件投資委員会での第三者割当増資議案に係る誤った決議 本件投資委員会（平成２０年４月２２日開催）において、当社の社内規程では、「議決権を有する社外取締役全員の賛成」が決議要件とされているところ、投資委員全員及び陪席者全員が当該決議要件を認識していなかったことから、第三者割当増資議案について、当社の社外取締役（以下「社外取締役」という。）が決議において反対の意思を表明したにもかかわらず、社外取締役を除く他の委員の賛成により多数決で可決した。 (2) 本件投資委員会での誤決議に気づいた直後の不適切な対応 当社チーフ・コンプライアンス・オフィサー（以下「ＣＣＯ」という。）は、本件投資委員会（ＣＣＯは、本件投資委員会に陪席。）に引き続き同日開催された本件取締役会の最中に、本件投資委員会における第三者割当増資議案が社外取締役の反対により当該決議要件を満たしておらず、取締役会に上程することが適切でないことに気づいたにもかかわらず適切な対応をとることなく、本件取締役会の議事を続行させた。その後、当投資法人は、第三者割当増資議案を決議し、当投資法人及び当社は、その結果につきプレスリリースを行うとともに、当投資法人は、有価証券届出書を関東財務局に提出した。 (3) 社外取締役に対する本件議事録の不実記載への協力に関する依頼 ＣＣＯは、同年４月２３日、当社代表取締役社長（以下「代表取締役」という。）ほか２名とともに、本件投資委員会における第三者割当増資議案の決議に係る善後策を検討した結果、社外取締役に対して、本件投資委員会における第三者割当増資議案について、 決議を棄権したこと、 その結果、全員賛成で決議されたと議事録に記載させて欲しい旨を依頼することとし、代表取締役及びＣＣＯほか１名が依頼文を作成し、同月２８日付で社外取締役に送付した。 (4) 本件議事録の不実記載 同年５月２０日、ＣＣＯは自ら、本件取締役会議事録のドラフト（第三者割当増資議案の箇所）について、社外取締役は、決議への参加を棄権し、議決権を放棄し、満場一致で承認・可決した旨の事実と異なる記載をした。 また、本件投資委員会議事録のドラフトも、本件取締役会議事録のドラフトを基に作成しているため、同様に事実と異なる記載がなされた。 当社は、同月２２日、事実と異なる記載がなされた本件議事録のドラフトへの承認及び押印を社外取締役に依頼したところ、社外取締役はこれに応じず、本件投資委員会及び本件取締役会における第三者割当増資議案に棄権することなく反対票を投じた旨の回答があった。 また、社外取締役は、当社のグループ会社の社長（以下「日本法人社長」という。）をして、代表取締役に対し、議事録の訂正内容の確認を要求した。 これらを受け、代表取締役は、本件取締役会議事録のドラフトのうち、第三者割当増資議案に係る決議事項部分についてのみ、社外取締役が反対した旨に記載内容を訂正し、再度社外取締役に承認の依頼をし、また、日本法人社長に対し、当該訂正部分のみを提示し、日本法人社長の了承を得た。 しかしながら、当社が正本とした本件取締役会議事録には、第三者割当増資議案は、本件投資委員会において審議及び可決の上、本件取締役会に上程された旨の事実と異なる記載がなされており、代表取締役及びＣＣＯは、当該記載が事実と異なる記載であることを認識しているにもかかわらず、当該記載を訂正しないまま、正本とした。 また、本件投資委員会議事録についても一切訂正しておらず、社外取締役に対し、確認のためこれを送付さえしていない状況にある。 上記のとおり、当社では、本件投資委員会での第三者割当増資議案に係る決議について、 法令遵守責任者であるＣＣＯが、決議要件を満たしていないことを認識しながら適切な対応を行っておらず、 代表取締役及びＣＣＯは、第三者割当増資議案に反対した社外取締役に対し、当該議案に棄権したことにして欲しいと依頼し、 ＣＣＯは、社外取締役が当該依頼に同意することを前提に、自ら不実の本件取締役会議事録のドラフトを作成しており、また、本件議事録も訂正されることはなく、 更に、これらＣＣＯの行為を代表取締役が容認している。 このような当社の投資委員会等の運営に関する内部管理態勢の不備は、金融商品取引法第５１条の規定による業務の運営の改善に必要な措置をとるべきことを命ずることができる場合の要件となる「金融商品取引業者の業務の運営に関し、公益又は投資者保護のため必要かつ適当であると認めるとき」に該当するものと認められる。
2008-11-11,中道機械株式会社,,中道機械株式会社に係る有価証券報告書等の虚偽記載に係る課徴金納付命令勧告について（平成20年11月11日）,https://www.fsa.go.jp/sesc/news/c_2008/2008/20081111.html,"中道機械株式会社に係る有価証券報告書等の虚偽記載に係る課徴金納付命令勧告について 平成２０年11月11日 証券取引等監視委員会 １．勧告の内容 証券取引等監視委員会は、中道機械株式会社に係る有価証券報告書等の虚偽記載について検査した結果、下記のとおり法令違反の事実が認められたので、本日、内閣総理大臣及び金融庁長官に対して、金融庁設置法第２０条第１項の規定に基づき、課徴金納付命令を発出するよう勧告を行った。 ２．法令違反の事実関係 中道機械株式会社は、北海道財務局長に対し、 (1)　平成１８年４月２０日、売上原価の過少計上及び棚卸資産の過大計上により、当期純損益が３２百万円（百万円未満切捨て。以下、当期純利益額及び純資産額について同じ。）の損失であったにもかかわらず、これを３０百万円の利益と記載するなどした損益計算書、及び純資産額が１，６１８百万円であったにもかかわらず、純資産額に相当する「資本合計」欄に２，１３８百万円と記載するなどした貸借対照表を掲載した平成１８年１月期有価証券報告書を提出し、 (2)　平成１８年１０月２０日、棚卸資産の過大計上により、純資産額が１，３３７百万円であったにもかかわらず、純資産額に相当する「純資産合計」欄に１，７７２百万円と記載するなどした中間貸借対照表を掲載した平成１８年７月中間期半期報告書を提出し、 (3)　平成１９年４月１８日、棚卸資産の過大計上により、純資産額が１，４３３百万円であったにもかかわらず、純資産額に相当する「純資産合計」欄に１，８９４百万円と記載するなどした貸借対照表を掲載した平成１９年１月期有価証券報告書を提出し、 (4)　平成１９年１０月１８日、棚卸資産の過大計上により、純資産額が１，２５１百万円であったにもかかわらず、純資産額に相当する「純資産合計」欄に１，７３３百万円と記載するなどした中間貸借対照表を掲載した平成１９年７月中間期半期報告書を提出した。 同社が行った上記の各行為は、金融商品取引法第１７２条の２第１項又は第２項に規定する「重要な事項につき虚偽の記載がある」有価証券報告書等を提出した行為に該当すると認められる。 ３．課徴金の額の計算 上記の違法行為に対し金融商品取引法に基づき納付を命じられる課徴金の額は、７５０万円である。 (1) 金融商品取引法第１７２条の２第１項の規定により、平成１８年１月期有価証券報告書に係る課徴金の額は、 当該法人が発行する算定基準有価証券の市場価額の総額に１０万分の３を乗じて得た額（72,707円） が 3,000,000円 を超えないことから、3,000,000円となる。 (2) 金融商品取引法第１７２条の２第１項又は第２項の規定により、平成１８年７月中間期半期報告書及び平成１９年１月期有価証券報告書に係る課徴金の額について、 当該法人が発行する算定基準有価証券の市場価額の総額に１０万分の３を乗じて得た額（70,253円） が 3,000,000円 を超えないことから、同半期報告書及び同有価証券報告書に係る個別決定ごとの算出額は、 同半期報告書については、3,000,000円の２分の１に相当する額である1,500,000円 同有価証券報告書については、3,000,000円 となる。 ここで、金融商品取引法第１８５条の７第２項の規定により、同一の事業年度に係る２以上の虚偽の継続開示書類が提出されたときは、課徴金の額を調整することとなるため、下記のとおり３００万円を個別決定ごとの算出額に基づき按分した金額が課徴金の額となる。 平成１８年７月中間期半期報告書に係る課徴金の額は 3,000,000×1,500,000／（1,500,000＋3,000,000）＝1,000,000円 平成１９年１月期有価証券報告書に係る課徴金の額は 3,000,000×3,000,000／（1,500,000＋3,000,000）＝2,000,000円 (3) 金融商品取引法第１７２条の２第２項の規定により、平成１９年７月中間期半期報告書に係る課徴金の額は、 当該法人が発行する算定基準有価証券の市場価額の総額に１０万分の３を乗じて得た額（73,571円） が 3,000,000円 を超えないことから、3,000,000円の２分の１に相当する額である1,500,000円となる。"
2008-11-04,株式会社いい生活社員による内部者取引,,株式会社いい生活社員による内部者取引に対する課徴金納付命令の勧告について（平成20年11月4日）,https://www.fsa.go.jp/sesc/news/c_2008/2008/20081104-1.html,"株式会社いい生活社員による内部者取引に対する課徴金納付命令の勧告について 平成２０年１１月４日 証券取引等監視委員会 １．勧告の内容 証券取引等監視委員会は、株式会社いい生活社員による内部者取引について検査した結果、下記のとおり法令違反の事実が認められたので、本日、内閣総理大臣及び金融庁長官に対して、金融庁設置法第２０条第１項の規定に基づき、課徴金納付命令を発出するよう勧告を行った。 ２．法令違反の事実関係 課徴金納付命令対象者は、株式会社いい生活の社員であったが、 同社が平成１９年３月期の業績予想を下方修正する事実をその職務に関し知り、この事実が公表される平成１９年１月３１日より以前の同月１１日から同月３０日までの間に、株式会社いい生活の株券合計３１７株を総額６，４５７万６，０００円で売り付け、 同社が平成２０年３月期の業績予想を下方修正する事実をその職務に関し知り、この事実が公表される平成１９年１０月２９日午後５時５０分より以前の同月１２日から同月２９日までの間に、株式会社いい生活の株券合計４０３株を総額３，７６０万６，５００円で売り付け たものである。 同人が行った上記の各行為は、金融商品取引法第１７５条第１項に規定する「第百六十六条第一項又は第三項の規定に違反して、自己の計算において同条第一項に規定する売買等をした」行為に該当すると認められる。 ３．課徴金の額の計算 上記の違法行為に対し金融商品取引法に基づき納付を命じられる課徴金の額は、２，０７９万円である。 計算方法の詳細については、別紙のとおり。 （別紙） ○　課徴金の額の計算方法について 金融商品取引法第１７５条第１項に基づき、課徴金の額は、 （売付価格）×（売付株数） －（重要事実が公表された翌日の終値等）×（売付株数） となる。 したがって、課徴金の額は下記 及び の合計額の２，０７９万円となる。 平成１９年３月期の業績予想を下方修正する事実の公表翌日である平成１９年２月１日の株式会社いい生活の株価の終値は、１６９，０００円であることから、課徴金の額は下記の金額となる。 売付価額６４，５７６，０００円 （注） －（１６９，０００円×３１７株）＝１１，００３，０００円 ⇒課徴金の額は１万円未満を切り捨てるため、 １，１００万円 (注)売付価額は、 ┌ │ │ │ │ │ │ │ │ │ │ │ │ │ │ │ └ 197,000円×12株 198,000円×58株 ┐ │ │ │ │ │ │ │ │ │ │ │ │ │ │ │ ┘ の合計額である。 199,000円×19株 200,000円×25株 201,000円×21株 202,000円×55株 203,000円×22株 204,000円×12株 205,000円×10株 207,000円× 5株 208,000円× 6株 209,000円×15株 210,000円×33株 211,000円× 1株 218,000円× 5株 220,000円× 5株 222,000円× 8株 223,000円× 2株 227,000円× 3株 平成２０年３月期の業績予想を下方修正する事実の公表翌日及び翌々日は売買が成立せず、値がつかなかったため、以後の直近の株式会社いい生活の株価である平成１９年１１月１日の始値は６９，０００円であることから、課徴金の額は下記の金額となる。 売付価額３７，６０６，５００円 （注） －（６９，０００円×４０３株）＝９，７９９，５００円 ⇒課徴金の額は１万円未満を切り捨てるため、 ９７９万円 (注)売付価額は、 ┌ │ │ │ │ │ │ │ │ │ │ │ │ │ │ │ │ │ │ │ │ │ │ │ │ │ │ │ │ │ │ └ 86,000円×12株 86,100円× 2株 ┐ │ │ │ │ │ │ │ │ │ │ │ │ │ │ │ │ │ │ │ │ │ │ │ │ │ │ │ │ │ │ ┘ の合計額である。 86,300円× 2株 86,400円× 4株 87,700円× 5株 88,500円×17株 88,600円× 4株 88,700円×12株 88,800円× 6株 89,500円×10株 89,700円× 7株 90,000円× 8株 90,100円× 7株 90,500円×11株 90,600円× 3株 90,700円× 4株 90,900円× 5株 91,000円×17株 91,100円× 1株 91,500円× 3株 92,000円× 8株 92,200円× 7株 92,500円×20株 94,000円×10株 94,500円× 5株 95,000円×37株 95,200円× 3株 95,500円×10株 96,000円×67株 96,100円× 6株 96,200円×17株 96,300円× 5株 96,400円× 1株 96,500円×10株 96,600円× 2株 96,800円× 8株 97,000円×36株 97,400円× 1株 97,500円× 7株 97,600円× 3株"
2008-10-31,株式会社サイバーファーム,,株式会社サイバーファームに係る有価証券報告書の虚偽記載に係る課徴金納付命令勧告について（平成20年10月31日）,https://www.fsa.go.jp/sesc/news/c_2008/2008/20081031.html,"株式会社サイバーファームに係る有価証券報告書の虚偽記載に係る課徴金納付命令勧告について 平成２０年１０月３１日 証券取引等監視委員会 １．勧告の内容 証券取引等監視委員会は、株式会社サイバーファームに係る有価証券報告書の虚偽記載について検査した結果、下記のとおり法令違反の事実が認められたので、本日、内閣総理大臣及び金融庁長官に対して、金融庁設置法第２０条第１項の規定に基づき、課徴金納付命令を発出するよう勧告を行った。 ２．法令違反の事実関係 株式会社サイバーファームは、平成１８年３月３１日、売上の前倒し計上により、連結経常損益が８６２百万円（百万円未満切捨て。以下、連結経常利益額及び連結当期純利益額について同じ。）の利益を上回ることはなかったにもかかわらず、これを１，２４５百万円の利益と、連結当期純損益が１３９百万円の利益を上回ることはなかったにもかかわらず、これを５２２百万円の利益と記載するなどした連結損益計算書を掲載した平成１７年１２月期有価証券報告書を沖縄総合事務局長に対して提出した。 同社が行った上記の行為は、金融商品取引法第１７２条の２第１項に規定する「重要な事項につき虚偽の記載がある」有価証券報告書を提出した行為に該当すると認められる。 ３．課徴金の額の計算 上記の違法行為に対し金融商品取引法に基づき納付を命じられる課徴金の額は、３００万円である。 金融商品取引法第１７２条の２第１項の規定により、平成１７年１２月期有価証券報告書に係る課徴金の額は、 当該法人が発行する算定基準有価証券の市場価額の総額に１０万分の３を乗じて得た額（635,459円） が 3,000,000円 を超えないことから、3,000,000円となる。"
2008-10-29,テリーサポートフォリオマネジメント株式会社,,テリーサポートフォリオマネジメント株式会社に対する検査結果に基づく勧告について（平成20年10月29日）,https://www.fsa.go.jp/sesc/news/c_2008/2008/20081029.html,テリーサポートフォリオマネジメント株式会社に対する検査結果に基づく勧告について 平成２０年１０月２９日 証券取引等監視委員会 １．勧告の内容 関東財務局長がテリーサポートフォリオマネジメント株式会社（東京都中央区、資本金１０百万円）を検査した結果、下記のとおり、当該金融商品取引業者に係る法令違反の事実が認められたので、本日、証券取引等監視委員会は、内閣総理大臣及び金融庁長官に対して、金融庁設置法第２０条第１項の規定に基づき、行政処分を行うよう勧告した。 ２．事実関係 ○　検査忌避及び報告徴取命令違反 （１）検査忌避 平成２０年５月２８日午前９時頃、関東財務局（以下「当局」という。）の検査官は、テリーサポートフォリオマネジメント株式会社（以下「当社」という。）に対する検査のため、当社に臨店したが、当社代表取締役社長（以下「社長」という。）は、当日は出社できないこと、無予告の検査には応じられないことなどを理由に、当日の臨店検査を拒んだ。 翌２９日、当局検査官は再度当社に臨店し、社長は、検査に時間的制限を課した上で応ずるとしたが、その後の臨店検査において、現物検査や他の役職員への面談を拒むなどした。 また、当局検査官が検査に必要とする資料の提示等を依頼しても、当社の業務実態等の検証・把握を行うことは到底できない、一部の僅かな資料を提示し、それ以外の資料については、「あるが探さないと分からない。」などの回答を繰り返すのみであった。 さらに、社長は、個人情報の漏えいのおそれがあるとして、提示した資料のコピーを拒んだ。 （２）報告徴取命令違反 上記（１）のとおり、今回検査において、当社の業務実態等を何ら検証・把握することができなかったことから、当局は、当社の業務実態等の検証・把握を目的として、当社に対し、帳簿書類等の業務に関する資料を提出するよう、報告徴取命令を発した。 当該報告徴取命令の報告期限当日、社長は、提出を命じられた資料の一部とするものを持参した。しかしながら、当該資料では当社の業務実態等を検証・把握することはできなかった。また、当該資料以外の資料については、その一部は提出しないとし、残る資料については後日提出するとしながら、未だ一切提出されていない。 当該金融商品取引業者が行った上記の行為のうち、（１）については金融商品取引法第１９８条の６第１１号に、（２）については同法第５２条第１項第６号に規定する「法令に基づいてする行政官庁の処分に違反したとき」に該当する。
2008-10-30,,,空売り規制に係る管理態勢等の検証について（平成20年10月30日）,https://www.fsa.go.jp/sesc/news/c_2008/2008/20081030.html,空売り規制に係る管理態勢等の検証について 平成20年10月30日 証券取引等監視委員会 証券取引等監視委員会（以下「証券監視委」という。）では、「平成20事務年度証券検査基本方針及び証券検査基本計画」における重点検証分野として「公正な価格形成を阻害するおそれのある行為の検証」を掲げ、金融商品取引業者等の売買管理態勢等に対する検証を行ってきているところである。 今般、政府においては、現行の空売り規制に加え、新たな規制を導入した。 以上を踏まえ、証券監視委としても、当面の間、証券会社に対する検査においては、空売り規制の実効性を確保する観点から、新たに導入されることとなった措置を含め、空売り規制に係る管理態勢等の検証を重点事項として明確に位置付けることとし、その旨の通達を別紙のとおり発出することとした。 お問い合わせ先 証券取引等監視委員会　Tel　03-3506-6000（代表） 事務局証券検査課（内線：3044、3039） （別紙）空売り規制に係る管理態勢等の検証について （PDF/81KB）
2008-10-24,株式会社メディセオ・パルタックホールディングス元社員による内部者取引,,株式会社メディセオ・パルタックホールディングス元社員による内部者取引に対する課徴金納付命令の勧告について（平成20年10月24日）,https://www.fsa.go.jp/sesc/news/c_2008/2008/20081024.html,"株式会社メディセオ・パルタックホールディングス元社員による内部者取引に対する課徴金納付命令の勧告について 平成２０年１０月２４日 証券取引等監視委員会 １．勧告の内容 証券取引等監視委員会は、株式会社メディセオ・パルタックホールディングス元社員による内部者取引について検査した結果、下記のとおり法令違反の事実が認められたので、本日、内閣総理大臣及び金融庁長官に対して、金融庁設置法第２０条第１項の規定に基づき、課徴金納付命令を発出するよう勧告を行った。 ２．法令違反の事実関係 課徴金納付命令対象者は、株式会社メディセオ・パルタックホールディングスの社員であったが、同社の他の社員が、同社とクオール株式会社が締結した守秘義務契約の履行に関して知った、クオール株式会社の業務執行を決定する機関が株式会社エーベルを吸収合併することについての決定をした旨の事実を、その職務に関し知り、株式会社メディセオ・パルタックホールディングスを退職した後、この事実が公表される平成１９年５月２５日より以前の同月１４日から同月２３日までの間に、クオール株式会社の株券合計１０２株を買付価額２，０８５万１，０００円で買い付けたものである。 同人が行った上記の行為は、金融商品取引法第１７５条第１項に規定する「第百六十六条第一項又は第三項の規定に違反して、自己の計算において同条第一項に規定する売買等をした」行為に該当すると認められる。 ３．課徴金の額の計算 上記の違法行為に対し金融商品取引法に基づき納付を命じられる課徴金の額は、１１８万円である。 計算方法の詳細については、別紙のとおり。 （別紙） ○　課徴金の額の計算方法について 金融商品取引法第１７５条第１項に基づき、課徴金の額は、 （重要事実が公表された翌日の終値等）×（買付株数） －（買付価格）×（買付株数） となる。 したがって、重要事実の公表翌日が市場休業日であるため、以後の直近のクオール株式会社の株価である平成１９年５月２８日の始値は、２１６，０００円であることから、課徴金の額は下記の金額となる。 （２１６，０００円×１０２株） －買付価額２０，８５１，０００円 （注） ＝１，１８１，０００円 ⇒課徴金の額は１万円未満を切り捨てるため、 １１８万円 （注）買付価額は、 ┌ │ │ │ │ │ │ │ │ │ │ │ │ │ │ │ └ 176,000円× 4株 ┐ │ │ │ │ │ │ │ │ │ │ │ │ │ │ │ ┘ の合計額である。 177,000円× 4株 178,000円× 8株 179,000円× 1株 189,000円× 5株 195,000円× 5株 207,000円×10株 209,000円× 4株 210,000円×21株 215,000円×40株"
2008-10-17,株式会社ＡＯＫＩホールディングス,8214,株式会社ヴァリック役員及び元社員による内部者取引に対する課徴金納付命令の勧告について（平成20年10月17日）,https://www.fsa.go.jp/sesc/news/c_2008/2008/20081017.html,"株式会社ヴァリック役員及び元社員による内部者取引に対する課徴金納付命令の勧告について 平成２０年１０月１７日 証券取引等監視委員会 １．勧告の内容 証券取引等監視委員会は、株式会社ヴァリック役員及び元社員による内部者取引について検査した結果、下記のとおり法令違反の事実が認められたので、本日、内閣総理大臣及び金融庁長官に対して、金融庁設置法第２０条第１項の規定に基づき、課徴金納付命令を発出するよう勧告を行った。 ２．法令違反の事実関係 課徴金納付命令対象者 は、 (1) 株式会社ヴァリックの役員であったが、同社の業務執行を決定する機関が株式会社ＡＯＫＩホールディングスとの間で株式交換を行うことについての決定をした旨の事実を、その職務に関し知り、この事実が公表される平成１９年１１月１５日午後３時３０分より以前の同日に、株式会社ヴァリックの株券合計８株を総額９３万４，０００円で買い付け、 (2) 株式会社ラヴィスと機密保持契約を締結していた株式会社ヴァリックの役員として、同契約を履行していたものであったが、株式会社ラヴィスの業務執行を決定する機関が株式会社ＡＯＫＩホールディングスとの間で株式交換を行うことについての決定をした旨の事実を、同契約の履行に関し知り、この事実が公表される平成１９年１１月１５日午後３時３０分より以前の同月１４日及び同月１５日に、株式会社ラヴィスの株券合計１２株を総額９７万２，０００円で買い付け たものである。 課徴金納付命令対象者 は、株式会社ヴァリックの社員であったが、同社の業務執行を決定する機関が株式会社ＡＯＫＩホールディングスとの間で株式交換を行うことについての決定をした旨の事実を、その職務に関し知り、株式会社ヴァリックを退職した後、この事実が公表される平成１９年１１月１５日より以前の同月２日及び同月７日に、株式会社ヴァリックの株券合計２株を総額２２万５，０００円で買い付けたものである。 上記２名が行った上記の各行為は、金融商品取引法第１７５条第１項に規定する「第百六十六条第一項又は第三項の規定に違反して、自己の計算において同条第一項に規定する売買等をした」行為に該当すると認められる。 ３．課徴金の額の計算 上記の違法行為に対し金融商品取引法に基づき納付を命じられる課徴金の額は、課徴金納付命令対象者 については３４万円、課徴金納付命令対象者 については５万円である。 計算方法の詳細については、別紙のとおり。 （別紙） ○　課徴金の額の計算方法について 金融商品取引法第１７５条第１項に基づき、課徴金の額は、 （重要事実が公表された翌日の終値）×（買付株数） －（買付価格）×（買付株数） となる。 したがって、重要事実の公表翌日の平成１９年１１月１６日の株式会社ヴァリックの株価の終値は、１４２，０００円、株式会社ラヴィスの株価の終値は、９２，８００円であることから、課徴金の額は下記の金額となる。 課徴金納付命令対象者 (1) 株式会社ヴァリック株式について （１４２，０００円×８株） －買付価額９３４，０００円 （注） ＝２０２，０００円 ⇒課徴金の額は１万円未満を切り捨てるため、 ２０万円 （注）買付価額は、 ┌ │ │ └ 115,000円× 1株 117,000円× 7株 ┐ │ │ ┘ の合計額である。 (2) 株式会社ラヴィス株式について （９２，８００円×１２株） －買付価額９７２，０００円 （注） ＝１４１，６００円 ⇒課徴金の額は１万円未満を切り捨てるため、 １４万円 （注）買付価額は、 ┌ │ │ │ └ 80,800円×8株 80,000円×2株 82,800円×2株 ┐ │ │ │ ┘ の合計額である。 課徴金納付命令対象者 （１４２，０００円×２株） －買付価額２２５，０００円 （注） ＝５９，０００円 ⇒課徴金額は１万円未満を切り捨てるため、 ５万円 （注）買付価額は、 ┌ │ │ └ 113,000円× 1株 112,000円× 1株 ┐ │ │ ┘ の合計額である。"
2008-10-15,丸三証券株式会社,8613,丸三証券株式会社に対する検査結果に基づく勧告について（平成20年10月15日）,https://www.fsa.go.jp/sesc/news/c_2008/2008/20081015.html,丸三証券株式会社に対する検査結果に基づく勧告について 平成２０年１０月１５日 証券取引等監視委員会 １．勧告の内容 関東財務局長が丸三証券株式会社（東京都中央区、資本金１００億円、役職員１，１６１名）を検査した結果、下記のとおり、当該金融商品取引業者に係る法令違反の事実が認められたので、本日、証券取引等監視委員会は、内閣総理大臣及び金融庁長官に対して、金融庁設置法第２０条第１項の規定に基づき、行政処分を行うよう勧告した。 ２．事実関係 ○　特定口座開設顧客に対し必要な情報を適切に通知していないと認められる状況 丸三証券株式会社（以下「当社」という。）は、平成１５年に、特定口座制度導入に伴うシステム開発を行った際、特定口座開設顧客が当該口座において保有する現物株式の銘柄に係る株主割当増資に関し、当該増資への申込みを行うか否かにかかわらず、当該銘柄を保有する顧客全員が申込みを行ったものとみなして、株式の平均取得単価を算出するシステムを構築した。 上記のシステムにおいては、当該増資への申込みを行わない顧客について、権利落ち後に、当該銘柄の平均取得単価を修正する必要があるものの、当社は、平成１７年１０月から同２０年４月までの間、株主割当増資の払込期日が到来した４銘柄について、当該増資への申込みを行わなかった顧客の平均取得単価を修正せず、その結果、当該増資に係る銘柄を売却している顧客１５２名（延べ１５３名）に対して、誤った平均取得単価を用いて算出された取得価額を通知する等、不適切な情報を通知している。 当該金融商品取引業者の上記の業務の運営の状況は、金融商品取引法第４０条第２号に基づく金融商品取引業等に関する内閣府令第１２３条第８号に規定する「顧客の有価証券の売買その他の取引等に関し、受渡状況その他の顧客に必要な情報を適切に通知していないと認められる状況」に該当するものと認められる。
2008-09-17,株式会社パンタ・レイ証券,,株式会社パンタ・レイ証券に対する検査結果に基づく勧告について（平成20年9月17日）,https://www.fsa.go.jp/sesc/news/c_2008/2008/20080917-1.html,"株式会社パンタ・レイ証券に対する検査結果に基づく勧告について 平成２０年９月１７日 証券取引等監視委員会 １．勧告の内容 近畿財務局長が株式会社パンタ・レイ証券（大阪府大阪市、資本金４５０百万円、役職員４２名）を検査した結果、下記のとおり、当該金融商品取引業者及びその使用人に係る法令違反の事実が認められたので、本日、証券取引等監視委員会は、内閣総理大臣及び金融庁長官に対して、金融庁設置法第２０条第１項の規定に基づき、行政処分及びその他の適切な措置を講ずるよう勧告した。 ２．事実関係 (1) 顧客の損失を補てんするため、財産上の利益を提供する行為等 架空取引を捏造して顧客に財産上の利益を提供する行為 株式会社パンタ・レイ証券（以下「当社」という。）ＦＸ事業部員は、その業務に関し、平成１９年８月にロスカットされたことなどにより生じた外国為替証拠金取引に係る顧客の損失及び逸失利益について、顧客より財産上の利益を提供するよう要求を受け、独断でこれに応ずる旨を約束し、同１９年９月５日、同月１０日及び同年１０月９日の３日間、計６回にわたり、管理端末に架空の新規・決済注文を入力することで決済益を出す方法、又は約定データの単価を変更して決済損を少なくする方法により、計１２,５８０千円の財産上の利益を提供した。 システム障害により損失を受けた顧客に対し、損失を補てんするため財産上の利益を提供しながら、その届出を行わない行為等 当社は、（イ）平成１９年７月１３日から同年８月９日までの間に発生した８回の外国為替証拠金取引に係るシステム障害発生時において、損失を受けた顧客１０名に対し、同年７月１３日から同年９月４日にかけて、計７,８８８千円の損失補てんを行いながら、これらについて、近畿財務局長に届出を行っていなかった。また、（ロ）同年７月２０日及び同年８月９日に発生した２回のシステム障害発生時においては、損失を受けた顧客３名に対し、同年８月６日及び同年９月４日、損失額を超える計４７千円の財産上の利益を提供していた。 当該金融商品取引業者及びその使用人が行った上記の行為のうち、 については、金融商品取引法第３９条第１項第３号に規定する「有価証券売買取引等につき、当該有価証券等について生じた顧客の損失の全部若しくは一部を補てんし、又はこれらについて生じた顧客の利益に追加するため、当該顧客に対し、財産上の利益を提供する行為」（ただし、平成１９年９月２９日以前の行為については、廃止前の金融先物取引法（以下「金融先物取引法」という。）第７６条第９号に基づく廃止前の金融先物取引法施行規則（以下「金融先物取引法施行規則」という。）第２５条第３号に規定する「金融先物取引について生じた顧客の損失の全部若しくは一部を補てんし、又はこれらについて生じた顧客の利益に追加するため当該顧客に対し財産上の利益を提供すること」）に該当する。 また、 のうち、（イ）については金融先物取引法施行規則第２９条の２第２項の規定による届出を行っていないことから金融先物取引法第８３条に違反し、（ロ）については同法第７６条第９号に基づく金融先物取引法施行規則第２５条第３号に規定する「金融先物取引について生じた顧客の利益に追加するため当該顧客に対し財産上の利益を提供すること」に該当すると認められる。 (2) 電子情報処理組織の管理が十分でないと認められる状況 当社は、平成１９年６月から同年９月までの間に、外国為替証拠金取引に係るシステムにおいて、少なくとも１８件のシステム障害を発生させており、これらのシステム障害においては、顧客の取引に損失を与えたものも多数含まれている。しかしながら、当社においては、システム障害発生時における対応手順が確立されておらず、顧客の損失の発生状況すら把握せず、担当者が場当たり的な対応に終始し、組織的な対応が行われていない。 また、当社においては、システムリスク管理を一部の使用人に任せきりとし、全社的なシステムリスク管理態勢が確立されていないことから、上記（１） のとおり、ＦＸ事業部員が、顧客からの要求に応じ、単独で、管理端末より架空取引を入力して財産上の利益を提供していたことを看過している。 以上のように、当社におけるシステムリスク管理態勢については、極めて杜撰である状況が認められた。 当該金融商品取引業者の上記の業務の運営の状況は、金融商品取引法第４０条第２号に基づく金融商品取引業等に関する内閣府令第１２３条第１４号に規定する「金融商品取引業等に係る電子情報処理組織の管理が十分でないと認められる状況」に該当すると認められる。"
2008-09-17,,,証券検査に係る業務点検プロジェクトについて（平成20年9月17日）,https://www.fsa.go.jp/sesc/news/c_2008/2008/20080917-2.html,証券検査に係る業務点検プロジェクトについて 平成20年９月17日 証券取引等監視委員会 我が国金融・資本市場は、金融商品・取引の複雑化・多様化・グローバル化といった環境変化や金融商品取引法の施行をはじめとする制度の変革など、ダイナミックな状況変化に直面している。 こうした状況の下、金融庁においては、海外証券規制当局と同様、より質の高い規制を目指すベターレギュレーションによる取組みが行われている。また、金融商品取引法の施行により、証券取引等監視委員会の検査対象範囲は更に拡大してきている。 こうした中、これまでも証券取引等監視委員会は、「金融商品取引業者等検査マニュアル」の策定、証券検査に係る指摘事例集の四半期ごとの公表及びテーマ別検査の導入等を進めてきたところである。しかしながら、上述のような新たな動きを踏まえ、さらに、より効率的・効果的な証券検査の実現を目指し、その実効性を改めて検証するとともに改善すべき点がないかどうかについて検討するため、証券検査に係る業務点検プロジェクトを開始する。 １．プロジェクトの目的 当プロジェクトは、より効率的・効果的な検査を実現するために検査の手続面を中心に点検を行い、必要があれば見直しを行うことを目的とする。 ２．プロジェクトのメンバー 当プロジェクトの事務局は証券検査課に置くものとし、そのメンバーは国際・情報総括官ほか、関係課長等とする。 ３．プロジェクトの進め方 本年９月以降、原則、月２回の会議を開催し、年末までに一定の方向性を得ることを目指すこととする。当プロジェクトの議論の成果は必要に応じ、「証券検査に関する基本指針」や「金融商品取引業者等検査マニュアル」等に反映させることとする。 なお、議論の過程で必要に応じ、日本証券業協会等業界団体と意見交換する場を設けることを検討する。 お問い合わせ先 証券取引等監視委員会　Tel　03-3506-6000（代表） 事務局証券検査課 （内線：3044、3039） 英語版 （PDF/70KB）
2008-09-30,,,「証券取引等監視委員会の活動状況」の一部訂正について（平成20年9月30日）,https://www.fsa.go.jp/sesc/news/c_2008/2008/20080930.html,"「証券取引等監視委員会の活動状況」の一部訂正について 平成20年９月30日 証券取引等監視委員会 １．証券取引等監視委員会では、金融庁設置法第22条の規定に基づき、毎年、事務の処理状況を公表しており、平成20年8月28日において、平成19年７月１日から平成20年６月30日までの期間における事務の処理状況を「証券取引等監視委員会の活動状況」として公表したところです。 ２．しかしながら、「証券取引等監視委員会の活動状況」137ページに掲載した 附属資料「２－１　証券監視委の活動状況」(総括表) (PDF/207KB) において、一部誤りがあったことから、下記のとおり訂正します。 記 【正　誤　表】 ・ 取引審査（件）４～12（事務年度）欄 誤 正 内657 1,471 内877 2,062 ・ 取引審査（件）合　計（事務年度）欄 誤 正 内2,874 6,920 内3,094 7,511 お問い合わせ先 証券取引等監視委員会　Tel　03-3506-6000（代表） 事務局　総務課（内線：3217,3021） 市場分析審査課（内線：3031,3238）"
2008-09-12,平和奥田株式会社,,平和奥田株式会社に係る有価証券報告書等の虚偽記載に係る課徴金納付命令勧告について（平成20年9月12日）,https://www.fsa.go.jp/sesc/news/c_2008/2008/20080912.html,"平和奥田株式会社に係る有価証券報告書等の虚偽記載に係る課徴金納付命令勧告について 平成２０年９月12日 証券取引等監視委員会 １．勧告の内容 証券取引等監視委員会は、平和奥田株式会社に係る有価証券報告書等の虚偽記載について検査した結果、下記のとおり法令違反の事実が認められたので、本日、内閣総理大臣及び金融庁長官に対して、金融庁設置法第２０条第１項の規定に基づき、課徴金納付命令を発出するよう勧告を行った。 ２．法令違反の事実関係 平和奥田株式会社は、 (1) 有価証券報告書等について、 平成１７年１２月２１日、売上の過大計上、減損損失の不計上等により、連結経常損益が９４３百万円（百万円未満切捨て。以下、連結経常損益額、連結当期純損益額、連結中間純損失額及び連結純資産額について同じ。）の損失であったにもかかわらず、これを５８１百万円の損失と、連結当期純損益が２，０２６百万円の損失であったにもかかわらず、これを３５０百万円の損失と記載するなどした連結損益計算書を掲載した平成１７年９月期有価証券報告書を、 平成１８年６月２３日、売上原価の過少計上等により、連結経常損益が１，１２６百万円の損失であったにもかかわらず、これを２２６百万円の利益と、連結中間純損益が１，５８１百万円の損失であったにもかかわらず、これを３０７百万円の損失と記載するなどした中間連結損益計算書を掲載した平成１８年３月中間期半期報告書を、 平成１８年１２月２０日、売上の過大計上、貸倒引当金繰入額の過少計上等により、連結経常損益が１，８２５百万円の損失であったにもかかわらず、これを５２８百万円の利益と、連結当期純損益が２，２６３百万円の損失であったにもかかわらず、これを７百万円の利益と記載するなどした連結損益計算書を掲載した平成１８年９月期有価証券報告書を、 平成１９年６月２７日、売上債権及び棚卸資産の過大計上等により、連結純資産額が４８５百万円の債務超過であったにもかかわらず、連結純資産額に相当する「純資産合計」欄に１，８０４百万円と記載するなどした中間連結貸借対照表を掲載した平成１９年３月中間期半期報告書を それぞれ、近畿財務局長に対して提出した。 同社が行った上記の各行為は、金融商品取引法第１７２条の２第１項又は第２項に規定する「重要な事項につき虚偽の記載がある」有価証券報告書等を提出した行為に該当すると認められる。 (2) 有価証券届出書について、 近畿財務局長に対し、平成１８年１２月１２日、平成１７年９月期有価証券報告書及び平成１８年３月中間期半期報告書を組込情報とする有価証券届出書、並びに同月２０日、平成１８年９月期有価証券報告書を組込情報とする同有価証券届出書の訂正届出書を提出し、同有価証券届出書及び同訂正届出書に基づく募集により、同月２８日、７７０，０００株の株券を３０８，０００，０００円で取得させた。 同社が行った上記の行為は、金融商品取引法第１７２条第１項第１号に規定する「重要な事項につき虚偽の記載がある」発行開示書類に基づく募集により有価証券を取得させた行為に該当すると認められる。 ３．課徴金の額の計算 上記の違法行為に対し金融商品取引法に基づき納付を命じられる課徴金の額は、１，２６６万円である。 (1) 金融商品取引法第１７２条の２第１項及び平成１７年法律第７６号附則第５条第２項の規定により、平成１７年９月期有価証券報告書に係る課徴金の額は、 当該法人が発行する算定基準有価証券の市場価額の総額に１０万分の２を乗じて得た額（68,139円） が 2,000,000円 を超えないことから、2,000,000円となる。 (2)　平成１８年３月中間期半期報告書及び同年９月期有価証券報告書に係る課徴金の額について、 i ) 金融商品取引法第１７２条の２第２項及び平成１７年法律第７６号附則第５条第２項の規定により、同半期報告書に係る個別決定ごとの算出額は、 当該法人が発行する算定基準有価証券の市場価額の総額に１０万分の２を乗じて得た額（77,396円） が 2,000,000円 を超えないことから、2,000,000円の２分の１に相当する額である1,000,000円となり、 ii ) 金融商品取引法第１７２条の２第１項の規定により、同有価証券報告書に係る個別決定ごとの算出額は、 当該法人が発行する算定基準有価証券の市場価額の総額に１０万分の３を乗じて得た額（116,094円） が 3,000,000円 を超えないことから、3,000,000円となる。 iii ) ここで、金融商品取引法第１８５条の７第２項の規定により、同一の事業年度に係る２以上の虚偽の継続開示書類が提出されたときは、課徴金の額を調整することとなるため、下記のとおり３００万円を個別決定ごとの算出額に基づき按分した金額が課徴金の額となる。 平成１８年３月中間期半期報告書に係る課徴金の額は 3,000,000×1,000,000／（1,000,000＋3,000,000） ＝750,000円 平成１８年９月期有価証券報告書に係る課徴金の額は 3,000,000×3,000,000／（1,000,000＋3,000,000） ＝2,250,000円 (3) 金融商品取引法第１７２条の２第２項の規定により、平成１９年３月中間期半期報告書に係る課徴金の額は、 当該法人が発行する算定基準有価証券の市場価額の総額に１０万分の３を乗じて得た額（75,250円） が 3,000,000円 を超えないことから、3,000,000円の２分の１に相当する額である1,500,000円となる。 (4) 金融商品取引法第１７２条第１項第１号の規定により、重要な事項につき虚偽の記載がある発行開示書類に基づく募集により取得させた株券等の発行価額の総額の１００分の２に相当する額が課徴金の額となることから、 平成１８年１２月１２日提出の有価証券届出書及び同月２０日提出の同有価証券届出書の訂正届出書に係る課徴金の額は、 308,000,000×2／100＝6,160,000円 となる。"
2008-08-28,の犯則事件の調査や証券会社,,証券取引等監視委員会の事務処理状況の公表について（平成20年8月28日）,https://www.fsa.go.jp/sesc/reports/n_19/n_19.html,"証券取引等監視委員会の事務処理状況の公表について 平成２０年８月２８日 証券取引等監視委員会 １．事務処理状況の公表 証券取引等監視委員会（以下「証券監視委」という。）は、金融庁設置法第22条の規定に基づき、毎年、事務処理状況を公表しており、本日、平成19年７月１日から同20年６月30日までの期間（以下「平成19事務年度」という。）における事務の処理状況を「証券取引等監視委員会の活動状況」として公表した。なお、今回の公表は、証券監視委発足後16回目となる。 ２．全般的な評価 金融システム改革をはじめとする様々な改革の成果やＩＴ技術の進展などを受けて、インターネット取引やクロスボーダー取引の増加、投資ファンド等を使った複雑な取引の増加など、金融・資本市場を取り巻く環境は大きく変化している。 こうした中、市場監視機能の充実・強化も行われてきており、中でも、平成17年には、従来からの犯則事件の調査や証券会社等の取引の公正確保に係る検査に加え、新たに導入された課徴金調査のほか、開示検査、証券会社等の財務の健全性等に係る検査及び投資信託委託業者・投資顧問業者等に対する検査の権限も証券監視委に委任され、また、新たに外国為替証拠金取引を扱う業者が金融先物取引業者として検査の対象となるなど、証券監視委の検査範囲は大幅に拡大された。 さらに、同19年７月には、新たに委員長及び両委員が就任し、中期的な活動方針である「公正な市場の確立に向けて」を公表し、近年の金融・資本市場を取り巻く環境の変化に対して、機動性・戦略性の高い市場監視の実現と市場規律の強化に向けた働きかけの２本柱を掲げ、その使命達成に向けて取り組んでいるところである。 （証券検査） 証券検査については、発足以来最多となる219社の検査を終了し、問題点が認められた122社のうち、28社について行政処分等の勧告を行った。特に、平成19事務年度は、検査対象先等に関する様々な資料・情報等を総合的に勘案して実施する一般検査に加え、市場をめぐる問題や関心事項について横断的なテーマを選定し、共通の課題がある検査対象先に対して行う特別検査を実施した（ ＯＨＴ株式の信用リスクに係る証券会社のリスク管理態勢等の検証、外国為替証拠金取引業者の財務の健全性並びにリスク管理等に重点を置いた検証等 ）。 （不公正取引に対する勧告・告発） 不公正取引に対する勧告については、21件の課徴金納付命令（いずれも内部者取引に関するもの）の発出を求める勧告を行った。この中には、公認会計士が監査の過程で知った監査先企業の内部情報を利用して取引を行ったもの（ 新日本監査法人職員による内部者取引 ）や、報道機関の職員が情報端末に入力された放送用原稿を閲覧したことにより重要事実を知り公表前に取引を行ったもの（ ＮＨＫ職員による内部者取引 ）など、上場会社の重要情報を知り得る立場にある者の職業倫理やその所属する法人等の情報管理体制にも問題があるような事例も見受けられた。 不公正取引に対する告発については、風説の流布及び偽計の嫌疑で２件、相場操縦の嫌疑で４件、インサイダー取引の嫌疑で２件の合計８件の告発を行った。この中には、 アイ・シー・エフ株取得に係る偽計事件 において、大阪府警察本部と合同で強制調査を実施したものなど、事件の状況に応じて他の捜査機関と連携を図りつつ、効果的・効率的な調査の遂行に努めた。 （ディスクロージャーに関する勧告・告発） ディスクロージャーに関する勧告については、平成20年６月19日に、課徴金額の過去最高額である15億9,457万9,999円の課徴金納付命令勧告（ 株式会社ＩＨＩに係る有価証券報告書等の虚偽記載 ）を行うなど、開示書類の虚偽記載に関して10件の課徴金納付命令の発出を求める勧告を行った。 ディスクロージャーに関する告発については、虚偽の有価証券報告書等の提出につき２件・９名（ アクセス事件、アイ・エックス・アイ事件 ）について、証券取引法に違反するとして告発を行った。 （建議） 建議については、平成19事務年度の実績はないが、金融審議会において、課徴金制度の実施状況・運用実績を踏まえ、課徴金額の水準の引上げなどについて意見を述べた。これを踏まえ、これらの内容の盛り込まれた改正金融商品取引法が、平成20年６月６日に成立しており、建議を行うのと同様の効果を得ている。 ３．概要 (１)　市場分析審査 ○　一般からの情報の受付 平成19事務年度中に投資者など一般から受け付けた情報は5,841件となっている。情報の内容としては、個別銘柄に関するものが4,612件、金融商品取引業者の営業姿勢等に関するものが847件、その他の意見等が382件となっている。 ○　取引審査等の状況 平成19事務年度の取引審査件数は、合計1,098件であり、前事務年度と比較すると59件増加しており、平成４年の発足以来最高の審査件数となっている。その内訳は、価格形成に関するもの141件、内部者取引に関するもの951件、その他６件となっている。 同事務年度においては、自主規制機関及び海外当局との連携を一層強化しつつ、市場監視の精度の向上を図ってきた。また、発行市場・流通市場全体に目を向けた市場監視を行い、問題点を早期に探知し、迅速に対応することを心がけた。さらに、直ちに法令違反とはいえないような取引についても幅広く注意を払っているほか、個別取引や市場動向の背景にある問題を重点的に分析する等、包括的かつ機動的な市場監視に努めた。 (２)　証券検査 ○　金融商品取引業者等検査マニュアルの策定 平成19年９月30日の金融商品取引法の全面施行に伴い、証券監視委の検査対象となる業者の範囲や検査において検証すべき事項が拡大すること等を受け、従来の「証券検査マニュアル」及び「投信・投資顧問検査マニュアル」では十分に対応しきれない面が生じることから、新たに検査の基本的考え方や検査の具体的着眼点等を整理した「金融商品取引業者等検査マニュアル」（以下「検査マニュアル」という。）を策定した。 ○ テーマ別検査 市場をめぐる問題点や関心事項について横断的なテーマを選定し、共通の課題がある検査対象先に対しては、特別検査（いわゆる「テーマ別検査」）を実施した。 事案の主な内容は次のとおり。 ＯＨＴ株式の信用リスクに係る証券会社のリスク管理態勢等の検証 平成19年５月15日のＯＨＴ株式（東証マザーズ上場。以下「本件銘柄」という。）の株価急落により、本件銘柄の信用取引を受託していた多数の証券会社において顧客から決済損金が入金されず、多額の立替金が発生したこと等から、立替金が発生した証券会社31社に対して報告徴求を行うとともに、うち19社（証券監視委検査10社、財務局長等検査９社）に対して臨店検査を実施し、立替金の発生状況の把握と顧客管理態勢及び与信リスク管理態勢等についての検証を行った。 今回の検査は、顧客管理や与信リスク管理といった態勢面に重点をおいて横断的に実施した初めての検査であり、本件を踏まえ、既に各社において、また業界内においても、改善策が実施あるいは検討されている。 また、検査結果を踏まえ、信用取引における与信リスク管理に係る検証項目を追加する検査マニュアルの一部改正を行った。 外国為替取引業者の財務の健全性並びにリスク管理等に重点を置いた検証 平成19年８月の米国のサブプライムローン問題に端を発した経済情勢の急変やＦＸ取引業者の破綻を踏まえ、特に、同年11月以降、ＦＸ取引業者に対し重点的に検査を実施し、財務の健全性やリスク管理態勢について重点をおいた検証を行った。検査実施先は、73社（同20年６月末時点。委員会検査５社、財務局長等検査68社で、専業のＦＸ取引業者のみならず、証券業を兼業している社を含む。）である。 自己資本規制比率を嵩上げして登録を受ける等不正又は著しく不当な行為を行い、その情状が特に重いと認められること、 財産の状況に照らし支払不能に陥るおそれが認められたこと、 顧客から預託を受けた保証金等について自己の固有財産と区分して管理していない状況(区分管理違反)が認められたこと、 自己資本規制比率が120％を下回っている状況及び純財産額が最低純財産額である5,000万円に満たない状況が認められたこと、 区分管理違反及び自己資本規制比率について当局に虚偽の届出を行ったこと、 システムリスク管理態勢が極めて杜撰であることが認められたこと、 受託契約等の締結の勧誘を受けた顧客が当該受託契約等を締結しない旨の意思を表示したにもかかわらず、当該勧誘を継続する行為が認められたこと、 から、７社に対して行政処分を求める勧告を行ったほか、相当数のＦＸ取引業者において法令違反等の事実が認められた。 ○　検査結果の概要 平成１９事務年度中に金融商品取引業者187社（うち第一種金融商品取引業者138社（うち旧証券会社90社(うち外国証券会社１社)、旧金融先物取引業者48社）、第二種金融商品取引業者2社、投資運用業者26社、投資助言・代理業者21業者）、登録金融機関32機関、金融商品仲介業者１業者、投資法人10法人、自主規制機関１機関及びその他２社の計233社に対して検査に着手した。 同事務年度において検査が終了したものは、前期繰越分を含め219社となっているが、このうち122社に問題点が認められた（問題点が認められた会社の割合56%）。問題点が認められた122社中、49社において投資者保護に関する問題点が認められたほか、財産・経理等や業務運営に関する問題点も多数認められた。 検査の結果、重大な法令違反が認められた28社については、内閣総理大臣及び金融庁長官に対し、行政処分等の勧告を行った(うち財務局等分15社)。 (検査結果の内訳) 検査終了 問題点が認められたもの 問題点の内訳 勧　告 不公正取引に関するもの 投資者保護に関するもの 財産・経理に関するもの その他業務運営に関するもの 金融商品取引業者 １８０社 １０８社 １１社 ４２社 ４２社 ７３社 ２４社 第一種金融商品取引業者 １３９社 ８２社 １１社 ２６社 ３９社 ５２社 ２１社 旧証券会社（含外証） ９５社 ５１社 ８社 ２０社 １４社 ３２社 １４社 旧金融先物取引業者 ４４社 ３１社 ３社 ６社 ２５社 ２０社 ７社 投資運用業者 １８社 １２社 ― ３社 ２社 １１社 ２社 投資助言・代理業者 ２３社 １４社 ― １３社 １社 １０社 １社 登録金融機関 ３１社 １０社 ― ５社 ２社 ５社 １社 金融商品仲介業者 ０社 ０社 ― ― ― ― ０社 投資法人 ４社 １社 ― ― ― １社 １社 自主規制機関 １社 １社 ― ― ― １社 １社 その他 ３社 ２社 ― ２社 ― ― １社 合計 ２１９社 １２２社 １１社 ４９社 ４４社 ８０社 28社 (注) 同一会社において複数の問題点が認められる場合があるため、「問題点が認められたもの」と「問題点の内訳」の合計は一致しない場合がある。 勧告事案の主な内容は次のとおり。 イ　第一種金融商品取引業者等の処分に係る勧告 取引所有価証券市場における上場有価証券の相場を固定させる目的をもって、一連の上場有価証券の買付けの受託・執行をした事例 被検査法人取締役リテール本部長及びリテール本部副本部長は、その業務に関し、当社が新規上場の際の株式公募に当たり引受主幹事会社を務めた上場会社の株式の株価について、上場日から当分の間、公募価格と同価格以上に固定させる目的をもって、本店営業部ほか６営業部店の部店長らに対し、顧客に公募価格と同価格の指値で当該株式の買付けを行うことを勧誘し、当該買付注文を受託・執行するよう指示した。 これを受け、当該部店長らは、それぞれの部店において営業員に上記指示を伝え、当該指示を受けた営業員らは、平成18年４月11日から同年５月23日までの間、顧客に対し、公募価格と同価格の指値で当該株式の買付けを行うことを勧誘し、103名の顧客から203件33,200株の買付注文を受託し、取引所有価証券市場で執行した。 （丸八証券） 受託契約等の締結の勧誘の要請をしていない一般顧客に対し、電話をかけて、受託契約等の締結を勧誘した事例 被検査法人外国為替営業部部長は、その業務に関し、ＦＸ取引の口座を解約した顧客のリストを作成した上で、平成18年１月から同年12月までの間、営業員に対し、それらの顧客にＦＸ取引の受託等を内容とする契約（以下「受託契約等」という。）の締結の勧誘を行うよう指示した。 また、同部長は、その業務に関し、同年２月中旬頃、営業員に対し、当社が他社からＦＸ取引業務を譲り受けた際、当社への口座移管に同意しておらず、口座が移管されていない顧客に受託契約等の締結の勧誘を行うよう指示した。 これらの指示を受けた営業員５名は、その業務に関し、同年２月23日から同19年１月12日までの間、受託契約等の締結の勧誘の要請をしていない一般顧客47名に対し、電話をかけて、受託契約等の締結の勧誘を行った。 （フェニックス証券株式会社） ロ　投資運用業者、投資助言・代理業者等の処分に係る勧告 不適切な利益相反管理態勢 被検査法人は、Ａ投資法人（以下「当投資法人」という。）との間で締結した資産の運用に係る委託契約に基づき行っている本投資法人の資産の運用において、当社の親会社等の利害関係を有する者（以下「当社の利害関係者」という。）からの取得となる不動産の鑑定評価を依頼するに際し、以下のとおり、利益相反防止の観点から問題となる、不動産鑑定業者の独立性を損なう不適切な働きかけを行い、また、不適切な不動産鑑定業者選定プロセスをとっていた。 ○　不動産鑑定業者への不適切な働きかけ 当社は、当社の利害関係者からの取得となる３物件の不動産の鑑定評価を依頼するに際し、概算の鑑定評価額（以下「概算評価額」という。）の算定を依頼した不動産鑑定業者に対し、売主の売却希望価格と同額以上で概算評価額の算定をするよう依頼し、不動産鑑定業者の独立性を損なう不適切な働きかけを行っていた。 ○　不適切な不動産鑑定業者選定プロセス 当社は、当社の利害関係者からの取得となる５物件の不動産の鑑定評価を依頼するに際し、複数の不動産鑑定業者に対し、売主の売却希望価格を伝えたうえで概算評価額の算定を依頼し、概算評価額が売主の売却希望価格に達しない場合には、当該希望価格以上又はそれに近似する額が提示されるまで、不動産鑑定業者を追加して概算評価額の算定を依頼するとともに、いずれの物件についても、最高価格であり、売主の売却希望価格以上又はそれに近似する概算評価額を提示した不動産鑑定業者に鑑定評価を依頼する、売主の売却希望価格を最優先とした不適切な不動産鑑定業者選定プロセスをとっていた。 （プロスペクト・レジデンシャル・アドバイザーズ株式会社） ハ 自主規制機関等の処分に係る勧告 上場審査業務に係る不備 被検査法人は、その開設する取引所金融商品市場における有価証券の上場審査において、複数の銘柄に関し、その成長可能性を判断するに際し、利益計画の策定根拠及びその合理性、妥当性の一部について、実現可能性等の観点から十分な審査を行っていない不備が認められた。 （名古屋証券取引所） (３) 不公正取引及びディスクロージャーに関する調査等 ○　不公正取引に対する勧告・告発 イ　不公正取引に対する勧告 不公正事件に関する課徴金調査の結果、21件（すべて個人）、1,206万円の課徴金納付命令の発出を求める勧告を行った。勧告事案は、いずれも内部者取引に関するものであり、課徴金納付命令対象者は、上場会社の役職員、上場会社の契約締結先の役職員、これらの会社関係者から重要事実の伝達を受けた第一次情報受領者等であったり、その重要事実の内容についても、業務提携、公開買付け、業績予想の下方修正、新株予約権付社債の募集等であったりと、多岐にわたっている。 そのうち主なものの概要は次のとおりである。 ＮＨＫ職員による内部者取引に対する課徴金納付命令勧告 ＮＨＫ職員３名は、株式会社ゼンショーの社員から同協会の記者が職務上伝達を受けたカッパ・クリエイト株式会社と株式会社ゼンショーが資本提携を伴う業務上の提携を行うことをそれぞれ決定した事実を、その職務に関し知り、平成19年３月８日、この事実が公表される午後３時15分より以前に、カッパ・クリエイト株式会社及び株式会社ゼンショーの株券を買い付けた。 買い付けた株券の詳細は下記のとおり。 Ａ職員：カッパ・クリエイト株式会社 合計3,150株（総額539万7,900円） 株式会社ゼンショー合計2,500株（総額327万6,000円） Ｂ職員：カッパ・クリエイト株式会社 合計3,000株（総額515万円） Ｃ職員：カッパ・クリエイト株式会社 合計1,000株（総額171万950円） 新日本監査法人職員による内部者取引に対する課徴金納付命令勧告 株式会社マーベラスエンターテイメントの契約締結先である新日本監査法人の職員（公認会計士）は、株式会社マーベラスエンターテイメントが平成19年３月期の個別及び連結業績予想を下方修正する事実をその契約の履行に関し知り、この事実が公表される平成19年３月20日午後３時より以前の同月12日から同月20日までの間に、株券合計261株を総額1,225万6,700円で売り付けた。 ロ　不公正取引に対する告発 犯則事件の調査の結果、風説の流布及び偽計の嫌疑で２件・６名、相場操縦の嫌疑で４件・13名、内部者取引の嫌疑で２件・５名の合計８件・24名（法人を含む）について、証券取引法の罪に該当するとして告発を行った。 そのうち主なものの概要は次のとおりである。 アイ・シー・エフ株券取得に係る偽計事件 犯則嫌疑者４名は、共謀の上、犯則嫌疑者のうち１名が実質的に支配する法人を(株)アイ・シー・エフの完全子会社とする株式交換を行うため、同法人の企業価値を過大に評価した上、同法人と(株)アイ・シー・エフとの間で締結された株式交換契約に基づく株式交換比率及び株式交換により発行する新株式数が正当なものである旨公表するなど偽計を用いようと企て、実体のない売上やこれに基づく利益を同法人に計上させ、将来的に同法人の業績が飛躍的に向上するかのように作出するとともに、同法人が債務超過状態にあったのを増資を装うなどして同法人の企業価値を過大に評価して算定した上、(株)アイ・シー・エフの取締役会決議を経て、同法人を(株)アイ・シー・エフの完全子会社化する旨の株式交換契約を締結し、虚偽の内容を含む公表を行うなどし、もって、有価証券取引のため、偽計を用いた。 野村證券(株)社員らによる内部者取引事件 犯則嫌疑者Ａ及びＢは共謀し、又は犯則嫌疑者Ｂが単独で、犯則嫌疑者Ａがその職務上知った、三光純薬(株)他３社の各業務執行決定機関が株式交換等を行うことについての決定をした旨の重要事実等の公表前に、合計４銘柄の株券を買い付け、各重要事実等の公表後に売り抜けるなどし、また、犯則嫌疑者Ｃは、犯則嫌疑者Ｂが上記犯行に使用することを知りながら、自己名義の証券取引口座を開設し、犯則嫌疑者Ｂに自由に使用させ、同犯行を幇助した。 ○　ディスクロージャーに関する勧告・告発 イ　ディスクロージャーに関する勧告 開示検査の結果、開示書類の虚偽記載に関して10件、16億4,660万9,996円の課徴金納付命令の発出を求める勧告を行った。勧告事案は、虚偽記載のある開示書類が、発行開示書類（有価証券届出書、発行登録追補書類）や継続開示書類（有価証券報告書、半期報告書、訂正報告書）であったり、虚偽記載の態様が、売上原価の過少計上、有形固定資産等の過大計上、架空売上及び架空仕入の計上、関係会社株式の過大計上、売上の前倒し計上等であったりと、その内容は多岐にわたるものとなっている。 そのうち主なものの概要は次のとおりである。 株式会社ＩＨＩに係る有価証券報告書等の虚偽記載に係る課徴金納付命令勧告 株式会社ＩＨＩは、 i 　有価証券報告書等について、 (a) 平成18年12月15日、売上の過大計上及び売上原価の過少計上等により、連結中間純損益が10,095百万円の損失であったにもかかわらず、これを2,817百万円の損失と記載するなどした中間連結損益計算書を掲載した平成18年９月中間期半期報告書を (b) 平成19年６月27日、売上の過大計上及び売上原価の過少計上等により、連結当期純損益が4,593百万円の損失であったにもかかわらず、これを15,825百万円の利益とするなどした連結損益計算書を掲載した平成19年３月期有価証券報告書を それぞれ、関東財務局長に対して提出した。 ii 　有価証券届出書等について、 (a) 平成19年１月９日、平成18年９月中間期半期報告書を参照書類とする有価証券届出書を関東財務局長に対して提出し、同有価証券届出書に基づく一般募集により、同年１月26日、１億4,300万株の株券を559億1,300万円で (b) 平成19年１月９日、平成18年９月中間期半期報告書を参照書類とする有価証券届出書を関東財務局長に対して提出し、同有価証券届出書に基づく第三者割当による募集により、同年２月26日、2,145万株の株券を80億4,460万8,000円で (c) 平成19年６月８日、平成18年９月中間期半期報告書を参照書類とする発行登録追補書類を関東財務局長に対して提出し、同発行登録追補書類に基づく募集により、同年６月18日、社債券を300億円で それぞれ、取得させた。 ロ　ディスクロージャーに関する告発 犯則事件の調査の結果、虚偽の有価証券報告書等の提出につき２件９名について、証券取引法違反の罰に該当するとして告発を行った。 そのうち主なものの概要は次のとおりである。 (株)アクセスに係る虚偽有価証券報告書提出事件 犯則嫌疑法人の代表取締役であった犯則嫌疑者Ａ及び取締役であった犯則嫌疑者Ｂは、共謀の上、嫌疑法人の平成17年３月期について、架空売上を計上するなどの方法により、虚偽の記載のある有価証券報告書を提出したものである。 (４) 建議 平成19事務年度の建議の実績はないが、証券監視委は、取引の公正及び投資者保護の確保のため必要と認められる措置等について、金融審議会で意見を述べるなど、種々の形で金融庁や自主規制機関等に対して問題意識を伝達し、必要な政策対応等を促している。 具体的には、課徴金制度の見直しについては、平成17年の改正証券取引法附則において、おおむね２年を目途として、課徴金に係る制度の在り方等について検討を加え、その結果に基づいて所要の措置を講ずるものとされており、これを受け、執行当局である証券監視委としては、金融審議会金融分科会第一部会に設置された法制ワーキング・グループに参加し、課徴金制度の実施状況・運用実績を踏まえ、意見を述べた。具体的には、例えば、課徴金額の水準の引上げ、課徴金の適用範囲の拡大及び課徴金の加減算制度の導入などについて、現状を解説しつつ、意見を述べた。これを踏まえ、これらの内容の盛り込まれた「金融商品取引法等の一部を改正する法律」が、平成20年６月６日に成立、同年６月13日に公布されており、建議を行うのと同様の効果を得ている。 (５) 監視活動・機能強化への取組み等 ○　市場監視体制の充実・強化 平成20年度の機構・定員については、課徴金・開示検査体制の整備を大きな柱として増員要求を行った結果、22人の増員が認められ、同年度末の定員は358人となる。 また、財務局等の証券取引等監視官部門においても、20人の増員が認められ、同年度末の定員は282人となり、証券監視委の定員と合計すると全体で640人となる。 さらに、的確な市場監視及び職員の専門性向上を図るなどのため、証券業務等に関して専門的知識・経験のある者、弁護士及び公認会計士などの民間専門家を採用し、同年６月末現在において在籍している民間出身の専門家は88人となっている。 ○　投資家への情報提供等の取組み 「活動方針」の第二の柱である「市場規律の強化に向けた働きかけ」の一環として、市場参加者との対話、市場への情報発信の強化を掲げ、投資者へも幅広く積極的に情報発信に取組んでいる。情報発信の手段としては、意見交換会、講演会、講義のほか証券監視委のホームページを通じて証券監視委の活動状況等の情報を提供することにより、市場参加者や個人投資家等に証券監視委の活動に対する理解と金融・資本市場に対する信頼を深めてもらうよう工夫を図っている。また、証券監視委の活動に有用な端緒となる情報がより多く寄せられるよう、上記の手段や政府広報等を通じてその提供を呼びかけている。 ○　関係当局との連携 金融庁や自主規制機関と緊密な情報交換等を行うとともに、犯則事件が地域的な広がりを見せる中で、警察及び検察との連携を一層深め、反社会的勢力による金融・資本市場への関与の排除に向けて、警察等との意見交換を実施している。また、海外の証券規制当局との意見・情報交換や主要な国際会議への参加を通じて、金融庁とともに海外の証券規制当局等との連携強化にも努めている。 (６) 金融商品取引法改正による業務の拡大等 金融商品取引法等の一部を改正する法律が平成20年６月13日に公布され、公布日から６月以内（ファイアーウォール規制の見直し等は1年以内）の政令で定める日からの施行に向けて、現在、関係政令・府令等の整備が行われているところである。 この法律は、我が国金融・資本市場の競争力の強化を図るため、金融に関する知識を有する特定の投資家に参加者を限定した市場（いわゆるプロ向け市場）を創設するとともに、投資信託商品の多様化、金融商品取引業者に係る兼職規制の撤廃等（いわゆるファイアーウォール規制の見直し）を行うほか、課徴金について金額水準の引上げ及び対象範囲の拡大を行う等の措置を講ずるため、金融商品取引法その他の関係法律の整備等を行うものである。 今般の改正により、証券監視委の行う検査・調査の対象・範囲も拡大している。具体的には、プロ向け市場の創設に関し、プロ向け市場における開示規制が緩和される中、プロ投資者への簡素な情報提供の枠組み等の実効性を確保するため、提供又は公表された情報が虚偽である場合などを念頭に、課徴金制度及び罰則が整備され、証券監視委がそれらの調査・検査を行うこととされている。 また、ファイアーウォール規制の見直しに関しては、有価証券関連業を行う金融商品取引業者の取締役等と、その親銀行等、子銀行等の役職員との兼職に係る規制が撤廃され、届出制となる（金商法第31条の４）ことに伴い、利益相反による弊害防止の実効性を確保し、金融グループとしての総合的な内部管理態勢の構築を促進する観点から、利益相反管理態勢の整備が求められ、証券監視委としては、こうした態勢の整備状況についても検証することとなる。 このほか、今般の改正により課徴金制度の見直しや金商法等に違反する行為の禁止・停止を裁判所に申し立てる権限が、新たに証券監視委に委任されたことなど、証券監視委の業務はさらに拡大することとなる。 ┌ │ │ └ 本公表については、証券監視委のホームページ上において、本日より公表。 なお、官報においては８月29日に掲載する予定。 ┐ │ │ ┘ 「 証券監視委の活動状況 」（一覧表）へ　(PDF/59KB) 「証券取引等監視委員会の活動状況」の本文へ 本文 （PDF/1,430KB） 附属資料 （PDF/10,868KB） 全文一括印刷用 （PDF/15,971KB）"
2008-08-08,常盤Investments株式会社,,常盤Investments株式会社に対する検査結果に基づく勧告について（平成20年8月8日）,https://www.fsa.go.jp/sesc/news/c_2008/2008/20080808.html,常盤Investments株式会社に対する検査結果に基づく勧告について 平成２０年８月８日 証券取引等監視委員会 １．勧告の内容 関東財務局長が常盤Investments株式会社（東京都中央区、資本金１１９百万円、役職員２５名）を検査した結果、下記のとおり、当該金融商品取引業者に係る法令違反の事実が認められたので、本日、証券取引等監視委員会は、内閣総理大臣及び金融庁長官に対して、金融庁設置法第２０条第１項の規定に基づき、行政処分を行うよう勧告した。 ２．事実関係 ○　電子情報処理組織の管理が十分でないと認められる状況 常盤Investments株式会社（以下「当社」という。）は、インターネットを主体とした外国為替証拠金取引（以下「ＦＸ取引」という。）を行っているところ、ＦＸ取引に係る電子情報処理組織（以下「システム」という。）の保守管理等については、業務委託先に対し全面的に一任している状況にあり、当社自らが、システム障害の発生状況すら把握・管理する態勢にない。 今回検査において、当社におけるシステム障害の発生状況について検証したところ、業務開始日から検査基準日までの約１６か月間において、少なくとも３０件のシステム障害が発生していることが認められ、これらのシステム障害の中には、ＦＸ取引に係る顧客の注文が発注できないなどの顧客の取引に重大な影響を与えるものが複数含まれている。しかしながら、当社は、当該システム障害による顧客の損害発生状況を一切確認せず、損失補てん等の必要な顧客対応も行っていない。 以上のように、当社におけるシステムリスク管理態勢は、極めて杜撰であることが認められた。 当該金融商品取引業者の上記の業務の運営の状況は、金融商品取引法第４０条第２号に基づく金融商品取引業等に関する内閣府令第１２３条第１４号に規定する「金融商品取引業等に係る電子情報処理組織の管理が十分でないと認められる状況」に該当すると認められる。
2008-08-01,アセットカンパニー株式会社,,アセットカンパニー株式会社に対する検査結果に基づく勧告について（平成20年8月1日）,https://www.fsa.go.jp/sesc/news/c_2008/2008/20080801.html,アセットカンパニー株式会社に対する検査結果に基づく勧告について 平成２０年８月１日 証券取引等監視委員会 １．勧告の内容 北海道財務局長が、アセットカンパニー株式会社（北海道札幌市、資本金２８０百万円、役職員１４名）を検査した結果、下記のとおり、当該金融商品取引業者に係る法令違反の事実が認められたので、本日、内閣総理大臣及び金融庁長官に対して、金融庁設置法第２０条第１項の規定に基づき、行政処分を行うよう勧告した。 ２．事実関係 ○　不正の手段により金融商品取引業の登録を受けた行為及び自己資本規制比率が１２０％を下回る状況等 (1)　不正の手段により金融商品取引業の登録を受けた行為 アセットカンパニー株式会社（以下「当社」という。）においては、平成１９年１１月、金融商品取引法（以下「金商法」という。）第３１条第４項の規定に基づき第一種金融商品取引業の登録申請を行った。しかし、当社の同年９月末時点の純財産額及び自己資本規制比率は、登録拒否要件を規定する金商法第２９条の４第１項第５号ロの純財産額（５千万円）及び同項第６号イの比率（１２０％）を下回る状況にあった。 そこで当社は、同年９月末及び１０月末時点につき、虚偽の記載をした最終の貸借対照表及び損益計算書（金融商品取引業等に関する内閣府令第１０条第１項第１号）を作成したほか、純財産額を算出した書面（同項第２号イ）及び自己資本規制比率を算出した書面（同項第３号ロ）についても虚偽の記載をし、登録拒否要件に該当しないものとして、登録申請を行った。当社は、同年１１月２８日、第一種金融商品取引業者の登録を受けた。 (2)　自己資本規制比率が１２０％を下回る状況等 ア．当社の自己資本規制比率は、本件登録申請日（平成１９年１１月２日）以降、検査基準日（同２０年５月３０日）までの間、１２０％を下回る状況となっていた。また、当社の純財産額についても同様に、本件登録申請日以降、検査基準日までの間、５千万円に満たない状況となっていた。 イ．当社は、本件登録申請日（平成１９年１１月２日）以降、検査基準日（同２０年５月３０日）までの間、金商法第４６条の６第１項に基づく自己資本規制比率の状況について、１４０％を下回っていたにもかかわらず、その旨の届出を行わず、また、毎月末の届出に関しても、その比率が１２０％の基準を満たしているとした虚偽の内容の書面を提出した。 ウ．当社は、本件登録に際し、当局から、金商法第５６条の２第１項の規定に基づく報告徴求命令として資料の提出を命じられ、本件登録以降、毎月末の自己資本規制比率に係る届出の添付資料として、 毎月末の残高試算表、 顧客からの預り金残高の明細を提出した。 しかし、当該添付資料のうち については、平成１９年１１月以降同２０年４月までの間の各月末時点のものに関し、また、 については、同２０年２月以降同年４月までの間の各月末時点のものに関し、それぞれ虚偽の内容を記載した。 (3)　自己の財産と顧客の財産を区分管理していない状況 当社は、顧客の預り保証金及び外国為替証拠金取引に係る実現損益、評価損益等に相当する金額を、保証金顧客口の銀行預金及び当社のカバー取引先への保証金（以下「区分管理額」という。）として預託することにより、自己の財産と顧客の財産を区分管理することとしていたが、平成１９年１２月１４日に区分管理額不足が発生した後、検査基準日である平成２０年５月３０日に至るまで区分管理額不足となっていた。 前記(1)は、虚偽の記載をした申請書類を提出することにより金融商品取引業の登録を受けた行為であり、金商法第５２条第１項第５号の「不正の手段により登録を受けたとき」に該当する。 前記(2)ア．のうち、自己資本規制比率が１２０％を下回っていた状況は、金商法第４６条の６第２項に違反する。また、純財産額が５０百万円を下回っていた状況は、金商法第５２条第１項第３号に該当する。 以下の から までの各法令違反の事実は、金商法第５２条第１項第６号の「法令に違反したとき」に該当する。 前記(2)イ．の自己資本規制比率に関して、１４０％を下回ったにもかかわらずその届出をせず、また、虚偽の内容の届出を行っていた行為は、金商法第４６条の６第１項に違反する。 前記(2)ウ．の報告徴求命令に基づく提出資料につき虚偽の内容の資料を提出していた行為は、金商法第１９８条の６第１０号に該当する。 前記(3)の区分管理されていなかった状況は、金商法第４３条の３第１項に違反する。
2008-07-25,,,平成20事務年度証券検査基本方針及び証券検査基本計画について（平成20年7月25日）,https://www.fsa.go.jp/sesc/news/c_2008/2008/20080725.html,平成20事務年度証券検査基本方針及び証券検査基本計画について 平成２０年７月２５日 証券取引等監視委員会 証券取引等監視委員会では、「平成20事務年度証券検査基本方針及び証券検査基本計画」を別紙のとおり策定しましたので公表いたします。 お問い合わせ先 証券取引等監視委員会　Tel　03-3506-6000（代表） 事務局証券検査課（内線：3044、3039） (別紙１)平成20事務年度証券検査基本方針及び証券検査基本計画の概要 (PDF/108KB) (別紙２)平成20事務年度証券検査基本方針及び証券検査基本計画 (PDF/176KB) 英語版 (PDF/508KB)
2008-07-24,株式会社サンエー・インターナショナル役員による内部者取引,,株式会社サンエー・インターナショナル役員による内部者取引に対する課徴金納付命令の勧告について（平成20年7月24日）,https://www.fsa.go.jp/sesc/news/c_2008/2008/20080724.html,"株式会社サンエー・インターナショナル役員による内部者取引に対する課徴金納付命令の勧告について 平成２０年７月２４日 証券取引等監視委員会 １．勧告の内容 証券取引等監視委員会は、株式会社サンエー・インターナショナル役員による内部者取引について検査した結果、下記のとおり法令違反の事実が認められたので、本日、内閣総理大臣及び金融庁長官に対して、金融庁設置法第２０条第１項の規定に基づき、課徴金納付命令を発出するよう勧告を行った。 ２．法令違反の事実関係 課徴金納付命令対象者は、株式会社サンエー・インターナショナルの役員であったが、同社が株式の発行を行うことを決定した事実をその職務に関し知り、この事実が公表される平成１８年７月１４日より以前の同年４月２０日に、株券合計４，８００株を総額２，９０７万１，０００円で売り付けたものである。 同人が行った上記の行為は、金融商品取引法第１７５条第１項に規定する「第百六十六条第一項又は第三項の規定に違反して、自己の計算において同条第一項に規定する売買等をした」行為に該当すると認められる。 ３．課徴金額の計算 上記の違法行為に対し金融商品取引法に基づき納付を命じられる課徴金額は、１，２４６万円である。 計算方法の詳細については、別紙のとおり。 （別紙） ○　課徴金額の計算方法について 金融商品取引法第１７５条第１項に基づき、課徴金額は、 （売付価格）×（売付株数） －（重要事実が公表された翌日の終値等）×（売付株数） となる。 したがって、重要事実の公表翌日が市場休業日であるため、以後の直近の株式会社サンエー・インターナショナルの株価である平成１８年７月１９日の始値は、３，４６０円であることから、課徴金額は下記の金額となる。 売付価額２９，０７１，０００円（注） －（３，４６０円×４，８００株）＝１２，４６３，０００円 ⇒課徴金額は１万円未満を切り捨てるため、 １，２４６万円 (注)売付価額は、 ┌ │ │ │ │ └ 6,140円×700株 6,120円×  200株 ┐ │ │ │ │ ┘ の合計額である。 6,100円×400株 6,080円×  700株 6,030円×800株 6,020円×1,300株 6,010円×300株 6,000円×  400株"
2008-07-11,有限会社ゴールデンピラミッド,,有限会社ゴールデンピラミッドに対する検査結果に基づく勧告について（平成20年7月11日）,https://www.fsa.go.jp/sesc/news/c_2008/2008/20080711.html,有限会社ゴールデンピラミッドに対する検査結果に基づく勧告について 平成２０年７月１１日 証券取引等監視委員会 １．勧告の内容 福岡財務支局長が有限会社ゴールデンピラミッド（福岡県福岡市、資本金３百万円、役職員５名）を検査した結果、下記のとおり、当該金融商品取引業者に係る法令違反の事実が認められたので、本日、証券取引等監視委員会は、内閣総理大臣及び金融庁長官に対して、金融庁設置法第２０条第１項の規定に基づき、行政処分を行うよう勧告した。 ２．事実関係 ○　著しく事実に相違する表示のある広告をする行為 当社は、平成１８年８月１日から同１９年９月３０日までの間、顧客開拓を目的としたリーフレットを３回（計１７，０８０枚）作成し、タクシー車内での配布用に供していた。 当該リーフレットは、法令等遵守指導部門責任者を兼務している金融商品取引業統括部門責任者自らが作成したものであり、計１２名（第１回から第３回までのリーフレットに各４名）の顧客について、「入会日」、「運用資金」、「パフォーマンス」等の事項に係る実績が記載されており、当社の顧客が当社の助言に基づき高い運用実績を達成したと受け取れる内容となっているものの、 当該１２名全てについて、そもそも当社の顧客には該当する者が存在していない 「パフォーマンス」について、具体的な顧客の実績に基づいて算出することなく、また、「運用資金」と「パフォーマンス」を自らの都合のよいイメージに従って記載している など、当社は、投資顧問契約に基づく助言業務に係る実績について、広く一般に配布するリーフレットに虚偽の実績を記載することにより、著しく事実に相違する表示を行っていた。 当社が行った上記行為は、金融商品取引法第３７条第２項（ただし、平成１９年９月２９日以前の行為については、廃止前の有価証券に係る投資顧問業の規制等に関する法律第１３条第２項）に違反する。
2008-07-04,,,「金融商品取引業者等検査マニュアル」の一部改正（案）に対する パブリックコメントの結果について（平成20年7月4日）,https://www.fsa.go.jp/sesc/news/c_2008/2008/20080704.html,「金融商品取引業者等検査マニュアル」の一部改正（案）に対する パブリックコメントの結果について 平成20年７月４日 証券取引等監視委員会 証券取引等監視委員会（以下「証券監視委」という。）では、「金融商品取引業者等検査マニュアル」の一部改正（案）につきまして、平成20年５月14日（水）から平成20年６月13日（金）までの間、広く意見の募集を行いました。 その結果、７先の個人、法人及び団体より11件のコメントを頂きました。ご意見の提出を頂いた皆様には、改正案の検討にご協力いただき、誠にありがとうございました。 お寄せいただいたコメントの概要及びコメントに対する証券監視委の考え方は、別紙１のとおりです。 お寄せいただいたコメントも踏まえ、平成20年７月３日付で「金融商品取引業者等検査マニュアル」を別紙２のとおり改正、発出し、改正日以降に着手する検査から活用することとします。 （注）「金融商品取引業者等検査マニュアル」 本マニュアルは、証券監視委（財務局等を含む。）が「金融商品取引業者等」に対して検査を実施する際の基本的考え方及び検査の具体的着眼点等（検査対象先の実態を把握する上で有効と考えられる確認項目）を整理したものであり、検査官の「検査の手引書」として用いられるものです。 お問い合わせ先 証券取引等監視委員会　Tel　03-3506-6000（代表） 事務局証券検査課（内線：3039、3800） (別紙１)コメントの概要及びコメントに対する証券取引等監視委員会の考え方 (PDF/152KB) (別紙２)金融商品取引業者等検査マニュアル（新旧対照表） (PDF/145KB)
2008-06-27,大和証券株式会社,8601,大和証券株式会社に対する検査結果に基づく勧告について（平成20年6月27日）,https://www.fsa.go.jp/sesc/news/c_2008/2008/20080627.html,大和証券株式会社に対する検査結果に基づく勧告について 平成２０年６月２７日 証券取引等監視委員会 １ ．勧告の内容 証券取引等監視委員会は、大和証券株式会社（東京都千代田区、役職員７，４０８名）を検査した結果、下記のとおり、当該金融商品取引業者の使用人に係る法令違反の事実が認められたので、本日、内閣総理大臣及び金融庁長官に対して、金融庁設置法第２０条第１項の規定に基づき、適切な措置を講ずるよう勧告した。 ２ ．事実関係 ○ 本人確認を行わない行為及び検査忌避行為 (1) 仮名取引の疑いがある状況において本人確認を行わないまま取引の受託を継続していた行為 大和証券株式会社名古屋支店上席コンサルタント部第２課次長（以下「第２課次長」という。）は、顧客Ａの紹介にて顧客Ａ同席のもと顧客Ｂと面談の上、顧客Ｂ名義の口座を平成１８年７月６日に開設したが、その際、顧客Ｂを顧客Ａの親族であると安易に思い込み、両者の関係についての確認を行わなかった。その後も、第２課次長は、当該口座における取引等（新規公開株式に係るブックビルディングの申込みや当該株式の取得後の売却及び売却代金の出金指示等）の受託及び約定報告を、すべて顧客Ａとの間でのみ行い、取り分けブックビルディングの申込みに関しては、社内において、口座名義人本人から受けるよう再三指示されていたにもかかわらず、顧客Ａからの申込みを受け続け、その間、顧客Ｂとは一度も面談及び電話連絡を行っておらず、また、顧客Ｂの属性や資金の性格等についての確認も行っていなかった。 このように、仮名取引の疑いがある状況において、口座名義人本人についての本人確認を行わないまま、平成１８年７月１２日から同１９年１２月１０日までの間、当該口座における取引等を受託していた事実が認められた。 (2) 検査忌避行為 第２課次長は、今回検査における名古屋支店への臨店検査期間中である平成２０年２月４日、顧客Ａに電話連絡し、顧客Ｂ名義の取引には仮名取引の疑いがあると認識した上で、それが発覚しないようにするため、口裏合わせの依頼を行った。 また、第２課次長は、顧客Ｂの口座の受注形態に関して、検査官から質問を受けた際、すべて顧客Ａからの受注であったにもかかわらず、顧客Ｂ本人から受注している旨の虚偽の回答を行っていた事実が認められた。 さらに、第２課次長は、上記の口裏合わせを確実なものにするため、顧客Ａからの依頼に基づき、社内規則で定められている個人情報の持出しの手続きをとることなく、顧客Ｂ名義の口座の取引明細等を社外に持ち出し、顧客Ａの自宅及び顧客Ａの会社の事務所へファックスで送付したという事実も認められた。 当該使用人が行った上記(1)の行為は、「取引の相手方が取引の名義人になりすましている疑いがある場合における当該取引」を行うに際し、本人確認を行わない行為に該当し、金融機関等による顧客等の本人確認等及び預金口座等の不正な利用の防止に関する法律第３条第１項に違反するものと認められる。 また、当該使用人が行った上記(2)の行為は、金融商品取引法第１９８条の６第１１号に規定する「検査を忌避した」行為に該当するものと認められる。
2008-07-02,,,外国為替証拠金取引業者に対する検査結果の概要について（平成20年7月2日）,https://www.fsa.go.jp/sesc/news/c_2008/2008/20080702.html,"外国為替証拠金取引業者に対する検査結果の概要について 平成２０年７月２日 証券取引等監視委員会 １．趣旨等 証券取引等監視委員会（以下「証券監視委」という。）は、昨年8月の米国のサブプライムローン問題に端を発した経済情勢の急変や外国為替証拠金（FX）取引を取り扱う金融商品取引業者の破綻を踏まえ、特に、昨年11月以降、FX取引を取り扱う金融商品取引業者に対し重点的に検査を実施してきたところである。 (1) 今般の検査においては、特に、FX取引業者の不健全な財務状況や区分管理（顧客から預託を受けた保証金等を自己の固有財産と区分して管理すること）の不徹底が、投資者の損害に繋がる可能性が高いことから、証券監視委は、FX取引業者の財務の健全性やリスク管理態勢について重点的に検証を行った。 (2) 検査の結果、証券監視委は、 自己資本規制比率を嵩上げし登録を受ける等不正又は著しく不当な行為を行い、その情状が特に重いと認められたこと、 財産の状況に照らし支払不能に陥るおそれが認められたこと、 顧客から預託を受けた保証金等について自己の固有財産と区分して管理していない状況（区分管理違反）が認められたこと、 自己資本規制比率が120パーセントを下回っている状況及び純財産額が最低純財産額である5,000万円に満たない状況が認められたこと、 区分管理違反及び自己資本規制比率について当局に虚偽の届出を行ったこと、 システムリスク管理態勢が極めて杜撰であることが認められたこと、 受託契約等の締結の勧誘を受けた顧客が当該受託契約等を締結しない旨の意思を表示したにもかかわらず、当該勧誘を継続する行為が認められたこと、 から、行政処分を求める勧告をそれぞれ行っている。 なお、区分管理違反については、顧客が預託した保証金等が適切に区分管理されず、預託された保証金等が業者によって費消されているという状況も把握された。 (3) 以上の検査結果を踏まえ、業者の個々の問題を明らかにするだけでなく、業態に共通する問題を明らかにすることによって、広く投資者に注意喚起する必要があると考え、FX取引業者に対する検査結果の概要を取りまとめ、公表することとした（なお、一部の業者については、現在も検査を続行中であり、本報告はこれまでの重点検査において把握された問題点等を暫定的に取りまとめたものであることに留意する必要がある）。 ２．検査実施先 73社（委員会5社、関東財務局49社、近畿財務局7社、東海財務局7社、福岡財務支局3社、北陸財務局1社、北海道財務局1社）に対して臨店検査を行った（平成20年6月末現在）。 なお、検査先には、FX取引専業業者のみならず、旧金融先物取引業を兼業している証券会社も含まれている。 このうち7社については前述の重大な問題が認められたこと等から行政処分を求める勧告を行ったが、その他に32社に対して自己資本規制比率の算出誤りやシステム管理態勢の問題が見られたこと等から問題点の指摘を行っている。これらの業者のうち、ほとんどの業者からは今回の検査結果を踏まえた改善報告が既に提出されており、多くの業者において改善策が既に実施されている。 （参考） FX取引を取扱う金融商品取引業者 126社 （注１） 検査着手件数 73社 勧告件数 7社 その他問題が認められた業者の件数 32社 （注１）金融庁監督局証券課がアンケート調査対象とした業者数（なお、アンケート調査結果については、平成19年12月7日公表）。 （注２）それ以外は平成20年6月末現在の数字。 ３．検査結果の概要 (1) 区分管理に係る内部管理態勢 顧客から預託を受けた保証金等（委託証拠金等）について自己の固有財産と区分して管理する方法として、預貯金（当該保証金であることがその名義により明らかなものに限る。）、金銭信託（当該保証金であることがその名義により明らかなものに限る。）又はカバー取引（注）先への預託等が定められている。 （注）カバー取引とは、一般に、業者が、顧客との取引により発生し得る損失を減少させるために、他の業者等（カバー取引先）を相手方として行う取引である。 FX取引においては、他の業者等（カバー取引先）に顧客から預託を受けた保証金を差し入れ、レバレッジの効いたカバー取引を行い、リスク移転することにより、顧客に高いレバレッジ取引を提供できるという要素もある。 カバー取引先への預託に係る問題点 カバー取引先への預託によって顧客からの保証金等が管理される場合でありながら、実際には、同一の口座でFX取引業者自身の保証金等と渾然一体となっており、顧客からの保証金等の額を把握しておらず、自己の固有財産と顧客の財産を適切に区分管理していない事例が多く認められた。 これらの中には、顧客から預託を受けた保証金等が、当該業者の社長の友人への貸付に流用されている事例、当該業者の社長への貸付金、従業員への給与等に流用されている事例、特定の顧客の損失を穴埋めするために他の顧客の保証金等を充当している事例といった極めて杜撰な管理の状況が認められた。 また、カバー取引先に預託していた顧客の保証金等を基に、自己勘定取引（カバー取引を除く。以下同じ。）を開始したが、当該取引に失敗し、別のカバー取引先に預託していた顧客の保証金等を基に新たな自己勘定取引を開始したものの、昨年8月の外国為替相場の急変により損失を拡大させた結果、顧客から預託を受けた保証金等を費消するなどした事例が認められた。 ある業者においては、こうした損失の発覚をおそれて、架空売買により、顧客の口座へ損失を付け替え、当社損失の隠蔽を図ったといった事例が認められた。 他方、自己勘定取引を行っているものの、カバー取引と自己勘定取引の発注先を別にすることにより、自己と顧客の財産を適切に区分している業者もあった。 金銭信託に係る問題点 既に改善されてはいるが、顧客から預託を受けた保証金等を全額金銭信託しているとしているものの、当該金銭信託契約には、業者がカバー取引先との間で行うスワップ及びデリバティブ取引に係る債務についての保証が含まれ、業者が自己勘定取引で損失を被った場合にも、顧客の保証金等が上記保証債務に充当され得ることとなっているなど、信託財産が完全に保全されているとは認められない契約となっていた事例が認められた。 また、FX取引の勧誘に際し、ホームページ等において、顧客から預託を受けた保証金等のごく一部を信託しているだけにもかかわらず、すべて信託により保全されているかのような事実と異なる表示をしている業者が認められた。 (2) 財務状況の把握・検証態勢 検査の結果、自己資本規制比率の算出が担当者任せとなっており、その検証態勢が構築されておらず、社内監査も機能していない業者が多く認められた。 自己資本規制比率に係る問題点 ある業者においては、カバー取引先に預託していたカバー取引に係る保証金等の一部を、リスクウェイトの低い国内の預金口座に振り替えたように見せかける架空の資金移動操作を行い、取引先リスク相当額を過小に算出することにより、実際よりも過大となる虚偽の自己資本規制比率を算出し、当局へ届け出ているという悪質な事例が認められた。 また、そもそも自己資本規制比率の算出に係る社内規程すら制定していないこと、担当者の法令、算出方法等に対する理解が不足していること、及び社内のチェック態勢が機能していないこと等から、誤った自己資本規制比率を算出している事例が多く認められた。 さらに、自己資本規制比率の算出を業務委託先に任せていたが、当該業務委託先の担当者の法令に対する理解が不十分であった上に、自社の管理部においても当該業務委託先が算出した自己資本規制比率について十分な検証を行っていないことによる自己資本規制比率の算出誤りが認められた。 純財産額に係る問題点 経理処理を適切に行える人材がおらず、また経理を委ねられていた担当役員が資産の過大計上や負債の過小計上といった不適正な経理処理を行っていたことから、純財産額が最低純財産額（5,000万円）に満たない状況となっている業者が認められた。 その他、純財産額が資本金の額に満たない状況となっているにもかかわらず、その旨を当局に届け出ていない事例が認められた。 社内監査に係る問題点 監査役が非常勤で十分な牽制機能が働いていない業者、そもそも業務監査を実施した実績のない業者、及び監査役が商品先物取引の営業を兼職しており、その上、社内監査規程すら定めていない業者が認められた。 (3) FX取引に係るリスク管理態勢 ロスカットルールの運用に係る問題点 ロスカットルールとは、保証金に対して損失が一定割合以上となった際には、自動的に反対取引により決済するルールであるが、当該ルールが機能しない場合には、顧客に不測の損害を与えるばかりか、業者の財務体質を悪化させ、最悪の場合には業者が破綻して顧客全体にも著しい損害を与えかねないような問題を含むことから、ロスカットルールの適切な運用が極めて重要である。 ある業者は、FX取引に係る約款上、顧客の未決済建玉の評価損が取引保証金の額の一定額を超えた場合において、当該顧客が所定の期日までに追加保証金を入金しないときは、当該業者が反対取引により決済できるというロスカットルールを定めているにもかかわらず、昨年8月の外国為替相場の急変時に、顧客に対するリスク管理について何ら検討することなく、顧客の要請に応じて追加保証金の入金を猶予している事例が認められた。 さらに、ロスカットルールを設けていなかったため、一部の顧客の損失を拡大させた業者が認められた。 他方、カバー取引において追加保証金が発生した場合に、顧客からの追加保証金が入ったものの、夜間でカバー取引先に対する振込みができない場合などには、カバー先がロスカットを実行するまでに、ある程度の時間的猶予が与えられている業者があったほか、急激な相場変動に伴ってカバー取引に係るポジションが強制決済されないよう、カバー取引先に対する保証金等について、５円程度の為替変動に耐えられる額を差し入れている業者があった。 また、大幅な相場変動の際、顧客及びカバー取引先との決済が円滑に行われないような場合に備えて、銀行からの借入枠を確保し、流動性の確保に努めている業者があった。 自己勘定取引を行っている業者のリスク管理態勢に係る問題点 自己勘定取引を行っている業者のうち、社内規程において発注リミットやポジションリミットを設けている業者がある一方で、発注に際し、口頭で事前に社長の了解を得るのみで、発注リミット等を設けていない業者が認められた。 その他の問題点 リスク管理規程において、「取締役会は、リスク管理に関する基本方針や適切なリスク管理態勢を構築すること」と規定しているにもかかわらず、これらの措置を全く講じていない業者が認められた。 (4) システムリスク管理態勢 FX取引業者の業務を円滑に遂行していく上で、適切な受発注取引システムの構築並びに維持管理は不可欠な課題である。 しかしながら、システムリスク管理態勢について、以下のように極めて杜撰な業者が認められた。 具体的には、 システムリスク管理の基本方針及び具体的な基準を定めておらず、適切なリスク管理態勢が確立されていない、 金融先物取引業登録以降、システム監査を一度も行っていない、 システム障害発生時における顧客への対応手順を定めていない、 プログラム不備に起因すると考えられるシステム障害に際し、その原因分析を行っておらず、抜本的な改善が図られていない、 サーバーを過負荷となった状態のまま長期間放置しており、これに起因するシステム障害が複数回発生している、 為替レート配信元による異常レートの配信が多数回発生しているにもかかわらず、配信元に対し具体的な改善策の提示を要請することなく放置し、根本的解決を図っていない、 といった状況であった。 対顧客との取引では、システムのプログラムミス等に起因して発生した、顧客へのレート配信の不具合、注文処理の遅延、約定すべき指値注文の未約定、ロスカットの誤作動、サーバーダウンによる障害、及び異常レートでの約定等のシステム障害が認められた。このうち、当局に対し適切に報告を行っていない事例も多く認められた。 しかしながら、これらの業者のほとんどが、その後システムプログラムの改善、サーバー台数の増加による受注能力の向上等の一定の対応策を図っている。 また、対顧客との取引において、誤ったロスカット処理や注文処理、及び異常レートにより注文が約定された結果、損失を被った顧客に対して損失を補てんしている業者があったが、これを当局に届け出ていない事例が多く認められた。 さらに、異常レートによる約定により損失を被り、苦情を申し立ててきた一部の顧客に対しては損失の補てんに応じていたものの、その他の顧客は放置している業者が認められた。 カバー取引先との取引においては、昨年8月の外国為替相場の急変時に、カバー取引先のシステムで一時的にシステムダウンが発生、気配提示がなされない、カバー取引先からのレートの配信が不安定になる事例等が認められている。 他方、システム障害によりカバー取引ができなくなった場合には、取引（注文）を行わないことを顧客との約款で明記している業者があった。 (5) その他 顧客の課税免脱に加担する行為等 ある業者においては、FX取引により大きな収益を上げている顧客がいたことから、当該顧客の税金対策、さらには顧客との取引拡大や当社の手数料収入の向上につなげる目的で、顧客が売買損を発生させたような取引を装い、当該顧客の口座から海外居住者口座等に委託証拠金等を資金移転のうえ、移転先口座でFX取引を行う取引一任勘定取引契約の締結を行った事例が認められた。 本人確認に係る顧客管理態勢 口座開設に当たり、運転免許証の写し等の本人確認書類の送付は受け入れているものの、顧客等又は代表者等の住居にあてて、取引に係る文書を書留郵便等による転送不要郵便等として送付していない事例が多く認められた。また、本人確認記録を作成していない業者も認められた。 ４．今後の方針 このように、証券監視委及び財務局は、市場をめぐる問題や関心事項について横断的なテーマを選定し検査を行う、いわゆる「テーマ別検査」の一環として、これまで約半年間にわたりFX取引業者に対し、重点的に検査を実施してきたところである。 今般の検査を通じて、相当数のFX取引業者において、程度の差はあれ、法令違反等の事実が認められた。その中で明らかになってきたことは、顧客がその入金した保証金を上回る多額の取引（いわゆる高レバレッジ取引）を行うことができるというFX取引の特性等から、適切なリスク管理態勢の構築が極めて重要であるということである。その場合に留意すべき点としては、次のような事柄があげられる。 (1) 顧客がその入金した保証金を上回る多額の取引を行うことができるというFX取引の特性等から、相場急変時には顧客のロスカットルールが適切に機能するかどうかが極めて重要なポイントとなる。仮に、適切に機能しないとすれば、対象顧客はもちろん当該業者にも損害が及ぶおそれが高く、ひいては顧客全体にも損害が及ぶおそれがある。このような観点から所定のロスカットルールが適切に機能するか、そのためのシステムが円滑に作動するかどうかの検証が不可欠である。 (2) FX取引業者が顧客取引とは別に自己勘定取引を行っている事例が見られるが、これについても、相場急変時において、顧客から預託されている保証金等に損害を与えるリスクがある。顧客から預託されている保証金等は、法令上区分管理が義務付けられているため、区分管理を徹底し、実効性が確保されているか検証する必要がある。 (3) 検査において、相当数のFX取引業者において、法令等遵守意識に問題が認められた。これについての意識の徹底に努める必要があることから、検査を行う際には、証券監視委及び財務局として、今後も引き続き重点事項として検証していくこととする。 投資者サイドにおいては、FX取引の高レバレッジという特性に鑑み、各業者のロスカットルールやFX取引の商品性等を含め、FX取引業者についての情報をできる限り収集し、信頼できるFX取引業者であるか否かを注意深く判断していただくことが重要と思われる。 証券監視委としては、今後の検査において、引き続き、このような問題点を重点事項とする一方で、FX取引の制度並びに運営上の問題でもあり、引き続き、金融庁関係部局等との連携を通じて、市場に対する投資者の信頼の保持に努めてまいりたいと考えている。 以　上"
2008-07-03,真柄建設株式会社,,真柄建設株式会社に係る有価証券報告書等の虚偽記載に係る課徴金納付命令勧告について（平成20年7月3日）,https://www.fsa.go.jp/sesc/news/c_2008/2008/20080703.html,"真柄建設株式会社に係る有価証券報告書等の虚偽記載に係る課徴金納付命令勧告について 平成２０年７月３日 証券取引等監視委員会 １．勧告の内容 証券取引等監視委員会は、真柄建設株式会社に係る有価証券報告書等の虚偽記載について検査した結果、下記のとおり法令違反の事実が認められたので、本日、内閣総理大臣及び金融庁長官に対して、金融庁設置法第２０条第１項の規定に基づき、課徴金納付命令を発出するよう勧告を行った。 ２．法令違反の事実関係 真柄建設株式会社は、 (1) 有価証券報告書等について、 平成１７年１２月２２日、売上の過大計上及び売上原価の過少計上により、中間純損益が４０５百万円（百万円未満切捨て。以下、中間純損益額及び当期純損益額について同じ。）の損失であったにもかかわらず、これを１６５百万円の損失と記載するなどした中間損益計算書を掲載した平成１７年９月中間期半期報告書を、 平成１８年６月３０日、売上の過大計上及び売上原価の過少計上により、当期純損益が１９９百万円の利益であったにもかかわらず、これを９１１百万円の利益と記載するなどした損益計算書を掲載した平成１８年３月期有価証券報告書を、 平成１８年１２月２１日、売上の過大計上及び売上原価の過少計上等により、中間純損益が９１３百万円の損失であったにもかかわらず、これを３４百万円の利益と記載するなどした中間損益計算書を掲載した平成１８年９月中間期半期報告書を、 平成１９年６月２９日、売上の過大計上及び売上原価の過少計上等により、当期純損益が１，６２４百万円の損失であったにもかかわらず、これを１，００３百万円の利益と記載するなどした損益計算書を掲載した平成１９年３月期有価証券報告書を それぞれ、関東財務局長に対して提出した。 同社が行った上記の各行為は、金融商品取引法第１７２条の２第１項又は第２項に規定する「重要な事項につき虚偽の記載がある」有価証券報告書等を提出した行為に該当すると認められる。 (2) 有価証券届出書について、 平成１８年１２月２２日、関東財務局長に対し、平成１８年３月期有価証券報告書及び平成１８年９月中間期半期報告書を組込情報とする有価証券届出書を提出し、同有価証券届出書に基づく募集により、平成１９年１月１１日、新株予約権付社債券を１，０００，０００，０００円で取得させた。 同社が行った上記の行為は、金融商品取引法第１７２条第１項第１号に規定する「重要な事項につき虚偽の記載がある」発行開示書類に基づく募集により有価証券を取得させた行為に該当すると認められる。 ３．課徴金の額の計算 上記の違法行為に対し金融商品取引法に基づき納付を命じられる課徴金の額は、２，４９９万９，９９９円である。 (1) 金融商品取引法第１７２条の２第１項又は第２項及び平成１７年法律第７６号附則第５条第２項の規定により、平成１７年９月中間期半期報告書及び平成１８年３月期有価証券報告書に係る課徴金の額について、 当該法人が発行する算定基準有価証券の市場価額の総額に１０万分の２を乗じて得た額（174,135円） が 2,000,000円 を超えないことから、同半期報告書及び同有価証券報告書に係る個別決定ごとの算出額は、 同半期報告書については、2,000,000円の２分の１に相当する額である1,000,000円 同有価証券報告書については、2,000,000円 となる。 ここで、金融商品取引法第１８５条の７第２項の規定により、同一の事業年度に係る２以上の虚偽の継続開示書類が提出されたときは、課徴金の額を調整することとなるため、下記のとおり２００万円を個別決定ごとの算出額に基づき按分した金額（同第１８項の規定により１円未満の端数切捨て）が課徴金の額となる。 平成１７年９月中間期半期報告書に係る課徴金の額は 2,000,000×1,000,000／（1,000,000＋2,000,000） ＝666,666円 平成１８年３月期有価証券報告書に係る課徴金の額は 2,000,000×2,000,000／（1,000,000＋2,000,000） ＝1,333,333円 (2) 金融商品取引法第１７２条の２第１項又は第２項の規定により、平成１８年９月中間期半期報告書及び平成１９年３月期有価証券報告書に係る課徴金の額について、 当該法人が発行する算定基準有価証券の市場価額の総額に１０万分の３を乗じて得た額（290,822円） が 3,000,000円 を超えないことから、同半期報告書及び同有価証券報告書に係る個別決定ごとの算出額は、 同半期報告書については、3,000,000円の２分の１に相当する額である1,500,000円 同有価証券報告書については、3,000,000円 となる。 ここで、金融商品取引法第１８５条の７第２項の規定により、同一の事業年度に係る２以上の虚偽の継続開示書類が提出されたときは、課徴金の額を調整することとなるため、下記のとおり３００万円を個別決定ごとの算出額に基づき按分した金額が課徴金の額となる。 平成１８年９月中間期半期報告書に係る課徴金の額は 3,000,000×1,500,000／（1,500,000＋3,000,000） ＝1,000,000円 平成１９年３月期有価証券報告書に係る課徴金の額は 3,000,000×3,000,000／（1,500,000＋3,000,000） ＝2,000,000円 (3) 金融商品取引法第１７２条第１項第１号の規定により、重要な事項につき虚偽の記載がある発行開示書類に基づく募集により取得させた株券等の発行価額の総額の１００分の２に相当する額が課徴金の額となることから、 平成１８年１２月２２日提出の有価証券届出書に係る課徴金の額は、 1,000,000,000×2／100＝20,000,000円 となる。"
2008-06-25,荒町証券株式会社,,荒町証券株式会社に対する検査結果に基づく勧告について（平成20年6月25日）,https://www.fsa.go.jp/sesc/news/c_2008/2008/20080625.html,荒町証券株式会社に対する検査結果に基づく勧告について 平成２０年６月２５日 証券取引等監視委員会 １．勧告の内容 北陸財務局長が荒町証券株式会社（富山県富山市、資本金１億３，１００万円、役職員１６名）を検査した結果、下記のとおり、当該金融商品取引業者の役員に係る法令違反の事実が認められたので、本日、証券取引等監視委員会は、内閣総理大臣及び金融庁長官に対して、金融庁設置法第２０条第１項の規定に基づき、適切な措置を講ずるよう勧告した。 ２．事実関係 ○　金融商品取引業者の役員による投機的利益の追求を目的とした有価証券の売買 荒町証券株式会社　専務取締役は、平成１７年１１月から同２０年１月までの間、専ら投機的な利益の追求を目的として、自己の計算に基づく株式の売買を多数回にわたり行った。 当該役員が行った上記の行為は、金融商品取引法第３８条第６号（ただ し、平成１９年９月２９日以前の行為については、改正前の証券取引法第４２条第１項第１０号）に基づく金融商品取引業等に関する内閣府令第１ １７条第１項第１２号（ただし、平成１９年９月２９日以前の行為については、廃止前の証券会社の行為規制等に関する内閣府令第４条第５号）に 規定する「金融商品取引業者の役員が、専ら投機的利益の追求を目的として有価証券の売買をする行為」に該当するものと認められる。
2008-06-24,株式会社愛知銀行,,株式会社愛知銀行に対する検査結果に基づく勧告について（平成20年6月24日）,https://www.fsa.go.jp/sesc/news/c_2008/2008/20080624-2.html,株式会社愛知銀行に対する検査結果に基づく勧告について 平成２０年６月２４日 証券取引等監視委員会 １．勧告の内容 東海財務局長が株式会社愛知銀行（愛知県名古屋市、資本金１８０億円、役職員１，６０４名）を検査した結果、下記のとおり、当該登録金融機関及び当該登録金融機関の使用人に係る法令違反の事実が認められたので、本日、証券取引等監視委員会は、内閣総理大臣及び金融庁長官に対して、金融庁設置法第２０条第１項の規定に基づき、行政処分及びその他の適切な措置を講ずるよう勧告した。 ２．事実関係 ○　外務員登録を受けた者以外の者に外務員の職務を行わせる行為 株式会社愛知銀行個人部ダイレクトバンキングセンター長は、その業務に関し、平成１７年９月から同１９年３月までの間、外務員登録を受けていない延べ７９名の同センターに所属する派遣社員及びパート社員に、電話による個人向け国債の勧誘を行わせていた。 当該登録金融機関及び当該登録金融機関の使用人が行った上記の行為は、証券取引法第６５条の２第５項において準用する同法第６４条第２項に違反すると認められる。
2008-06-24,,,「金融商品取引法における課徴金事例集」の公表について（平成20年6月24日）,https://www.fsa.go.jp/sesc/news/c_2008/2008/20080624-1.html,「金融商品取引法における課徴金事例集」の公表について 平成２０年６月２４日 証券取引等監視委員会 証券取引等監視委員会では、「金融商品取引法における課徴金事例集」について、別紙のとおり取りまとめましたので、公表いたします。 本事例集は、課徴金納付命令勧告を行った際に公表した事案の概要に、更に市場参加者が違反行為を起こさないよう参考となる内容を加えて取りまとめたものです。 証券取引等監視委員会としては、本事例集を参照することにより、市場監視行政の透明性の向上と市場参加者の自主的規律の促進が図られ、もって違反行為の抑止に資するものと期待しています。 （別紙）金融商品取引法における課徴金事例集 （PDF/153KB）
2008-06-19,株式会社ＩＨＩ,7013,株式会社ＩＨＩに係る有価証券報告書等の虚偽記載に係る課徴金納付命令勧告について（平成20年6月19日）,https://www.fsa.go.jp/sesc/news/c_2008/2008/20080619.html,"株式会社ＩＨＩに係る有価証券報告書等の虚偽記載に係る課徴金納付命令勧告について 平成２０年６月１９日 証券取引等監視委員会 １．勧告の内容 証券取引等監視委員会は、株式会社ＩＨＩに係る有価証券報告書等の虚偽記載について検査した結果、下記のとおり法令違反の事実が認められたので、本日、内閣総理大臣及び金融庁長官に対して、金融庁設置法第２０条第１項の規定に基づき、課徴金納付命令を発出するよう勧告を行った。 ２．法令違反の事実関係 株式会社ＩＨＩは、 (1) 有価証券報告書等について、 平成１８年１２月１５日、売上の過大計上及び売上原価の過少計上等により、連結中間純損益が１０，０９５百万円（百万円未満四捨五入。以下、連結中間純損失額及び連結当期純損益額について同じ。）の損失であったにもかかわらず、これを２，８１７百万円の損失と記載するなどした中間連結損益計算書を掲載した平成１８年９月中間期半期報告書を、 平成１９年６月２７日、売上の過大計上及び売上原価の過少計上等により、連結当期純損益が４，５９３百万円の損失であったにもかかわらず、これを１５，８２５百万円の利益と記載するなどした連結損益計算書を掲載した平成１９年３月期有価証券報告書を それぞれ、関東財務局長に対して提出した。 同社が行った上記の各行為は、金融商品取引法第１７２条の２第１項又は第２項に規定する「重要な事項につき虚偽の記載がある」有価証券報告書等を提出した行為に該当すると認められる。 (2) 発行開示書類について、 平成１９年１月９日、関東財務局長に対し、平成１８年９月中間期半期報告書を参照書類とする有価証券届出書を提出し、同有価証券届出書に基づく一般募集により、同月２６日、１４３，０００，０００株の株券を５５，９１３，０００，０００円で取得させ、 平成１９年１月９日、関東財務局長に対し、平成１８年９月中間期半期報告書を参照書類とする有価証券届出書を提出し、同有価証券届出書に基づく第三者割当による募集により、同年２月２６日、２１，４５０，０００株の株券を８，０４４，６０８，０００円で取得させ、 平成１９年６月８日、関東財務局長に対し、平成１８年９月中間期半期報告書を参照書類とする発行登録追補書類を提出し、同発行登録追補書類に基づく募集により、同月１８日、社債券を３０，０００百万円で取得させ もって、重要な事項につき虚偽の記載がある発行開示書類に基づく募集により有価証券を取得させた。 同社が行った上記の行為は、金融商品取引法第１７２条第１項第１号に規定する「重要な事項につき虚偽の記載がある」発行開示書類に基づく募集により有価証券を取得させた行為に該当すると認められる。 ３．課徴金の額の計算 上記の違法行為に対し金融商品取引法に基づき納付を命じられる課徴金の額は、１５億９，４５７万９，９９９円である。 (1)　金融商品取引法第１７２条の２第１項又は第２項の規定により、平成１８年９月中間期半期報告書及び平成１９年３月期有価証券報告書に係る課徴金の額について、 当該法人が発行する算定基準有価証券の市場価額の総額に１０万分の３を乗じて得た額（15,435,019円） が 3,000,000円 を超えることから、同半期報告書及び同有価証券報告書に係る個別決定ごとの算出額（同法第１７６条第２項の規定により１万円未満の端数切捨て）は、 同半期報告書については、15,435,019円の２分の１に相当する額である7,710,000円 同有価証券報告書については、15,430,000円 となる。 ここで、金融商品取引法第１８５条の７第２項の規定により、同一の事業年度に係る２以上の虚偽の継続開示書類が提出されたときは、課徴金の額を調整することとなるため、下記のとおり１，５４３万円を個別決定ごとの算出額に基づき按分した金額（同第１８項の規定により１円未満の端数切捨て）が課徴金の額となる。 平成１８年９月中間期半期報告書に係る課徴金の額は 15,430,000×7,710,000／（7,710,000＋15,430,000） ＝5,141,110円 平成１９年３月期有価証券報告書に係る課徴金の額は 15,430,000×15,430,000／（7,710,000＋15,430,000） ＝10,288,889円 (2)　金融商品取引法第１７２条第１項第１号の規定により、重要な事項につき虚偽の記載がある発行開示書類に基づく募集により取得させた有価証券の発行価額の総額の１００分の１（当該有価証券が株券等である場合にあっては１００分の２）に相当する額が課徴金の額となることから、 平成１９年１月９日提出の一般募集についての有価証券届出書に係る課徴金の額は、 55,913,000,000円×2／100＝1,118,260,000円 平成１９年１月９日提出の第三者割当についての有価証券届出書に係る課徴金の額は、 8,044,608,000円×2／100＝160,892,160円 について、金融商品取引法第１７６条第２項の規定により１万円未満を切り捨てて、160,890,000円 平成１９年６月８日提出の発行登録追補書類に係る課徴金の額は、 30,000,000,000円×１／100＝300,000,000円 となる。"
2008-06-20,ヒロセ通商株式会社,7185,ヒロセ通商株式会社に対する検査結果に基づく勧告について（平成20年6月20日）,https://www.fsa.go.jp/sesc/news/c_2008/2008/20080620.html,ヒロセ通商株式会社に対する検査結果に基づく勧告について 平成２０年６月２０日 証券取引等監視委員会 １．勧告の内容 近畿財務局長がヒロセ通商株式会社（大阪府大阪市、資本金３００百万円、役職員２４名）を検査した結果、下記のとおり、当該金融商品取引業者並びにその役員及び使用人に係る法令違反の事実が認められたので、本日、証券取引等監視委員会は、内閣総理大臣及び金融庁長官に対して、金融庁設置法第２０条第１項の規定に基づき、行政処分及びその他の適切な措置を講ずるよう勧告した。 ２．事実関係 ○　受託契約等の締結の勧誘を受けた顧客が当該受託契約等を締結しない旨の意思を表示したにもかかわらず、当該勧誘を継続する行為 ヒロセ通商株式会社監査係取締役は、平成１７年６月頃、その業務に関し、平成１７年６月までの外国為替証拠金取引（以下「ＦＸ取引」という。）に係る勧誘活動において、当社がＦＸ取引に興味があるとした見込先については、改正金融先物取引法が施行される同年７月１日以降も継続して受託契約等の締結の勧誘を行うことを顧客係課長らに指示し、これを受けた顧客係課長らは、平成１７年７月以降、当社が雇用したパート職員及び派遣社員に当該指示を伝え、顧客係課長及び当該パート職員等は、多数の見込先に対し、電話をかけて受託契約等の締結の勧誘を行っていた。 このような状況の中、顧客係課長及びパート職員１名は、平成１７年７月から同１８年１２月までの間、少なくとも見込先延べ３４６名に対し電話をかけて受託契約等の締結の勧誘を行い、このうち、同１８年３月から同年１１月までの間、少なくとも４１名の顧客が受託契約等を締結しない旨の意思又は当該勧誘を引き続き受けることを希望しない旨の意思を表示したにもかかわらず、同年３月から同年１２月までの間、これらの顧客に対し、電話をかけて受託契約等の締結の勧誘を継続した。 当該金融商品取引業者並びにその役員及び使用人が行った上記の行為は、金融先物取引法第７６条第５号に規定する「受託契約等の締結の勧誘を受けた顧客が当該受託契約等を締結しない旨の意思（当該勧誘を引き続き受けることを希望しない旨の意思表示を含む。）を表示したにもかかわらず、当該勧誘を継続すること」に該当すると認められる。
2008-06-17,プロスペクト・レジデンシャル・アドバイザーズ株式会社,,プロスペクト・レジデンシャル・アドバイザーズ株式会社に対する検査結果に基づく勧告について（平成20年6月17日）,https://www.fsa.go.jp/sesc/news/c_2008/2008/20080617.html,プロスペクト・レジデンシャル・アドバイザーズ株式会社に対する検査結果に基づく勧告について 平成２０年６月１７日 証券取引等監視委員会 １．勧告の内容 証券取引等監視委員会は、プロスペクト・レジデンシャル・アドバイザーズ株式会社（東京都千代田区、資本金２億円、役職員１８名）を検査した結果、下記のとおり、当該金融商品取引業者に係る法令違反等の事実が認められたので、本日、内閣総理大臣及び金融庁長官に対して、金融庁設置法第２０条第１項の規定に基づき、行政処分を行うよう勧告した。 ２．事実関係 (1) 不適切な利益相反管理態勢 プロスペクト・レジデンシャル・アドバイザーズ株式会社（以下「当社」という。）は、プロスペクト・レジデンシャル投資法人（以下「本投資法人」という。）との間で締結した資産の運用に係る委託契約に基づき行っている本投資法人の資産の運用において、当社の親会社等の利害関係を有する者（以下「当社の利害関係者」という。）からの取得となる不動産の鑑定評価を依頼するに際し、以下のとおり、利益相反防止の観点から問題となる、不動産鑑定業者の独立性を損なう不適切な働きかけを行い、また、不適切な不動産鑑定業者選定プロセスをとっていた。 不動産鑑定業者への不適切な働きかけ 当社は、当社の利害関係者からの取得となる３物件の不動産の鑑定評価を依頼するに際し、概算の鑑定評価額（以下「概算評価額」という。）の算定を依頼した不動産鑑定業者に対し、売主の売却希望価格と同額以上で概算評価額の算定をするよう依頼し、不動産鑑定業者の独立性を損なう不適切な働きかけを行い、特に、うち１物件の不動産については、概算評価額が売主の売却希望価格に必ず到達するよう、特段の働きかけを行っていた。 不適切な不動産鑑定業者選定プロセス 当社は、当社の利害関係者からの取得となる５物件の不動産の鑑定評価を依頼するに際し、複数の不動産鑑定業者に対し、売主の売却希望価格を伝えたうえで概算評価額の算定を依頼し、概算評価額が売主の売却希望価格に達しない場合には、当該希望価格以上又はそれに近似する額が提示されるまで、不動産鑑定業者を追加して概算評価額の算定を依頼するとともに、いずれの物件についても、最高価格であり、売主の売却希望価格以上又はそれに近似する概算評価額を提示した不動産鑑定業者に鑑定評価を依頼する、売主の売却希望価格を最優先とした不適切な不動産鑑定業者選定プロセスをとっていた。 当社の利益相反管理態勢は著しく不十分であり、金融商品取引法第５１条の規定による業務の運営の状況の改善に必要な措置をとることを命ずることができる場合の要件となる「業務の運営の状況に関し、公益又は投資者保護のため必要かつ適当であると認めるとき」に該当するものと認められる。 (2) 不動産鑑定業者に対する不適切な資料提供に係る善管注意義務違反 当社は、当社の利害関係者からの取得となる不動産の鑑定評価を依頼するに際し、不動産鑑定業者に対し、不適切な資料の提供をし、必要な資料の提供をしなかった。 当社が行った上記行為は、「投資法人に対し、善良な管理者の注意をもつて当該投資法人の資産の運用に係る業務を遂行しなければならない」ことを定めた投資信託及び投資法人に関する法律（ただし、平成１８年法律第６５号による改正前のもの）第３４条の２第２項に違反するものと認められる。
2008-06-03,株式会社クリムゾン,,株式会社クリムゾンに係る有価証券報告書等の虚偽記載に係る課徴金納付命令勧告について（平成20年6月3日）,https://www.fsa.go.jp/sesc/news/c_2008/2008/20080603.html,"株式会社クリムゾンに係る有価証券報告書等の虚偽記載に係る課徴金納付命令勧告について 平成２０年６月３日 証券取引等監視委員会 １．勧告の内容 証券取引等監視委員会は、株式会社クリムゾンに係る有価証券報告書等の虚偽記載について検査した結果、下記のとおり法令違反の事実が認められたので、本日、内閣総理大臣及び金融庁長官に対して、金融庁設置法第２０条第１項の規定に基づき、課徴金納付命令を発出するよう勧告を行った。 ２．法令違反の事実関係 株式会社クリムゾンは、売上原価の過少計上等により、 (1) 平成１８年４月２７日、当期純損益が３５百万円（百万円未満切捨て。以下、当期純利益額、中間純損失額、純資産額、連結当期純損失額及び連結純資産額について同じ。）の利益であったにもかかわらず、これを４６７百万円の利益と記載するなどした損益計算書を掲載した平成１８年１月期有価証券報告書を (2) 平成１８年１０月２４日、中間純損益が８２７百万円の損失であったにもかかわらず、これを２８０百万円の損失と記載するなどした中間損益計算書、及び純資産額が３，８５６百万円であったにもかかわらず、純資産額に相当する「純資産合計」欄に４，８６６百万円と記載するなどした中間貸借対照表を掲載した平成１８年７月中間期半期報告書を (3) 平成１９年４月２７日、連結当期純損益が１，２２７百万円の損失であったにもかかわらず、これを４６３百万円の損失と記載するなどした連結損益計算書、及び連結純資産額が３，４８３百万円であったにもかかわらず、連結純資産額に相当する「純資産合計」欄に４，６７９百万円と記載するなどした連結貸借対照表を掲載した平成１９年１月期有価証券報告書を それぞれ、関東財務局長に対して提出した。 同社が行った上記の各行為は、金融商品取引法第１７２条の２第１項及び第２項に規定する「重要な事項につき虚偽の記載がある」有価証券報告書等を提出した行為に該当すると認められる。 ３．課徴金額の計算 上記の違法行為に対し金融商品取引法に基づき納付を命じられる課徴金の額は、５００万円である。 (1)　金融商品取引法第１７２条の２第１項及び平成１７年法律第７６号附則第５条第２項の規定により、平成１８年１月期有価証券報告書に係る課徴金の額は、 当該法人が発行する算定基準有価証券の市場価額の総額に１０万分の２を乗じて得た額（122,612円） が 2,000,000円 を超えないことから，2,000,000円となる。 (2)　平成１８年７月中間期半期報告書及び平成１９年１月期有価証券報告書に係る課徴金の額について、 i ) 金融商品取引法第１７２条の２第２項及び平成１７年法律第７６号附則第５条第２項の規定により、同半期報告書に係る個別決定ごとの算出額は、 当該法人が発行する算定基準有価証券の市場価額の総額に１０万分の２を乗じて得た額（107,143円） が 2,000,000円 を超えないことから、2,000,000円の２分の１に相当する額である1,000,000円となり、 ii ) 金融商品取引法第１７２条の２第１項の規定により、同有価証券報告書に係る個別決定ごとの算出額は、 当該法人が発行する算定基準有価証券の市場価額の総額に１０万分の３を乗じて得た額（160,714円） が 3,000,000円 を超えないことから、3,000,000円となる。 iii ) ここで、金融商品取引法第１８５条の７第２項の規定により、同一の事業年度に係る２以上の虚偽の継続開示書類が提出されたときは、課徴金の額を調整することとなるため、下記のとおり３００万円を個別決定ごとの算出額に基づき按分した金額が課徴金の額となる。 平成１８年７月中間期半期報告書について 3,000,000×1,000,000／（1,000,000＋3,000,000） ＝750,000円 平成１９年１月期有価証券報告書について 3,000,000×3,000,000／（1,000,000＋3,000,000） ＝2,250,000円"
2008-05-13,SBIイー・トレード証券株式会社,,SBIイー・トレード証券株式会社に対する検査結果に基づく勧告について（平成20年5月13日）,https://www.fsa.go.jp/sesc/news/c_2008/2008/20080513-1.html,SBIイー・トレード証券株式会社に対する検査結果に基づく勧告について 平成２０年５月１３日 証券取引等監視委員会 １．勧告の内容 証券取引等監視委員会は、SBIイー・トレード証券株式会社（東京都港区、資本金４７９億円、役職員５７１名）を検査した結果、下記のとおり、当該金融商品取引業者に係る法令違反の事実が認められたので、本日、内閣総理大臣及び金融庁長官に対して、金融庁設置法第２０条第１項の規定に基づき、行政処分を行うよう勧告した。 ２．事実関係 ○　顧客の有価証券の売買等に関する管理が法人関係情報に係る不公正取引の防止上不十分な状況 SBIイー・トレード証券株式会社においては、顧客の有価証券の売買その他の取引等に関する管理について、内部者登録に係る検証態勢を構築していないこと等から、上場会社等の会社関係者である顧客の内部者登録漏れが認められる。 さらに、当社においては、法人関係情報に係る不公正取引の防止を図るための売買審査が全く行われていない。 当該金融商品取引業者の上記の業務の運営の状況は、金融商品取引法第40条第2号に基づく金融商品取引業等に関する内閣府令第123条第5号に規定する「顧客の有価証券の売買その他の取引等に関する管理について法人関係情報に係る不公正な取引の防止を図るために必要かつ適切な措置を講じていないと認められる状況」に該当すると認められる。
2008-05-13,ユナイテッドワールド証券株式会社,,ユナイテッドワールド証券株式会社に対する検査結果に基づく勧告について（平成20年5月13日）,https://www.fsa.go.jp/sesc/news/c_2008/2008/20080513-2.html,"ユナイテッドワールド証券株式会社に対する検査結果に基づく勧告について 平成２０年５月１３日 証券取引等監視委員会 １．勧告の内容 証券取引等監視委員会は、ユナイテッドワールド証券株式会社（東京都港区、資本金１２億１,７９０万円、役職員９６名）を検査した結果、下記のとおり、当該金融商品取引業者に係る法令違反の事実が認められたので、本日、内閣総理大臣及び金融庁長官に対して、金融庁設置法第２０条第１項の規定に基づき、行政処分を行うよう勧告した。 ２．事実関係 (1) システムリスク管理態勢の不備 ユナイテッドワールド証券株式会社（以下「当社」という。）のシステムリスク管理態勢は、以下のとおり、極めて杜撰であることが認められた。 前回検査指摘事項に対する対応の不備 当社は、平成１６年に実施された内閣府沖縄総合事務局による検査において、システムリスク管理態勢の不備についての指摘を受け、その改善策を策定しているものの、実施されていない改善策等が認められ、以下のとおり、当該不備が改善されていない状況が認められた。 イ　システムリスク管理態勢全般 改善策として、リスク管理委員会を設置することとし、取締役会においてこれを決議しているにもかかわらず、委員会メンバーの選任等を行っておらず、委員会は一度も開催されていない。 ロ　システム障害管理態勢 （イ）システム障害の定期的な分析等 改善策として、システム障害を定期的に分析し、システムの品質改善策を委託先と協議するとしているが、障害発生状況の分析及び委託先との協議とも一度も実施していない。また、障害への対応を確認できない状況となっている。 （ロ）取締役会等への報告等 改善策として、システム障害発生時には、障害発生状況を分析し、再発防止策を策定した上で取締役会に報告するとしているが、取締役会への報告は行われているものの、障害記録に記載漏れがあり、障害発生状況の分析を行っておらず、再発防止策も策定していない。 （ハ）当局報告 改善策として、当局への報告態勢を整備して再発を防止するとしているが、報告すべき障害がシステム担当から当局への報告担当に伝達されていないことから、依然として当局あての報告漏れが多数発生している。 ハ　リスク評価の実施状況 （イ）ＰＤＣＡサイクル等 改善策として、ＰＤＣＡサイクルを実行する態勢を確立するなどとしているが、これらについて何ら実施されておらず、リスクの所在や種類の特定がなされていない。 （ロ）セキュリティスタンダード作成 改善策として、セキュリティスタンダードを作成するなどとしているが、これを作成しておらず、システムやシステム関連設備等の重要性・脆弱性評価もなされていない。 （ハ）機密情報管理 改善策として、情報資産の洗い出し及び区分を行うとしているが、これらは未だ行われていない。 ニ　危機管理態勢 （イ）取締役会承認 改善策として、システムコンティンジェンシープランは取締役会の承認を受けるとしているが、取締役会の承認を受けていない。 （ロ）実効性の維持 改善策として、システムコンティンジェンシープランに基づく訓練を行うとしているが、訓練は一度も実施されていない。また、組織変更等に伴う見直しもされておらず、システムコンティンジェンシープランは実効性を欠いた不十分なものとなっている。 ホ　システム監査 改善策として、外部システム監査を実施し、内部監査部門がチェックするとしているが、外部システム監査等の結果は内部監査部門に伝達されておらず、チェックする態勢となっていない。 その他 上記 のほか、以下のシステムリスク管理態勢の不備が認められた。 イ　システム監査 （イ）内部システム監査 監査担当者がシステムの専門家でないなど、内部システム監査は、実効性のないものとなっている。 （ロ）外部システム監査 外部システム監査において、安全対策に関する重要な指摘を受けているにもかかわらず、その対応がなされていない。 ロ　安全対策の整備 安全対策としての品質管理の主要な項目である設計レビュー及びテスト結果レビューについて、これらが実施されていないなど、品質管理が不十分な状況が認められた。 ハ　障害発生時の対応 （イ）顧客への対応 当社は、顧客の注文を市場に発注できないなどのシステム障害が発生した場合においては、免責事項を理由に、損失補てん等の是正措置は、原則として行わないこととしている。しかしながら、他の証券会社から取次ぎを受けた顧客に対しては、当該他の証券会社を介して損失補てん等の是正措置を行っており、顧客間で不平等な取扱いをしていた。 （ロ）原因分析等 当社は、システム障害発生時における対応手順を定めていなかったことなどから、的確でない複数の復旧作業により、システム障害をさらに拡大させているが、障害を拡大させた原因となる復旧作業の特定を行っておらず、当該システム障害の発生原因の分析が不十分なものとなっている。 当該金融商品取引業者の上記の業務の状況は、金融商品取引法第４０条第２号に基づく金融商品取引業等に関する内閣府令第１２３条第１４号に規定する「金融商品取引業等に係る電子情報処理組織の管理が十分でないと認められる状況」に該当すると認められる。 (2) 分別管理に係る顧客分別金信託額が不足している状況 当社は、平成１９年５月、顧客の預り金の一部を顧客分別金として信託していなかったことから、顧客分別金必要額に比して顧客分別金信託額が不足する状況となり、これを同年１１月に認識したにもかかわらず、その状況を継続させ、検査基準日（平成２０年２月５日）の直近差替計算基準日（同月１日）現在においても顧客分別金信託額が不足していた。 当該金融商品取引業者が行った上記の行為は、金融商品取引法第４３条の２第２項（平成１９年９月２９日以前の行為については、平成１８年法律第６５号による改正前の証券取引法第４７条第３項）に違反する。 (3) 取引の相手方が取引の名義人等になりすましている疑いがある場合における顧客等の本人確認の未済 当社は、平成１７年５月、同１８年１０月及び同１９年５月、電子メールアドレス等が同一である顧客口座の名寄せを行い、取引の相手方が取引の名義人等になりすましている疑いのある「異姓異住所」口座等を多数抽出したにもかかわらず、必要な本人確認態勢を整備していなかったことから、これらの口座におけるその後の取引に際し、金融機関等による顧客等の本人確認等及び預金口座等の不正な利用の防止に関する法律（以下「本人確認法」という。）に基づく本人確認を行っていなかった。 当該金融商品取引業者が行った上記の行為は、本人確認法第３条第１項及び第２項に違反すると認められる。"
2008-05-14,,,「金融商品取引業者等検査マニュアル」の一部改正（案）の公表について（平成20年5月14日）,https://www.fsa.go.jp/sesc/news/c_2008/2008/20080514.html,「金融商品取引業者等検査マニュアル」の一部改正（案）の公表について 平成２０年５月１４日 証券取引等監視委員会 証券取引等監視委員会では、「金融商品取引業者等検査マニュアル」について、別紙のとおり一部改正（案）を取りまとめましたので、公表いたします。 １．改正の概要 (1)「企業が反社会的勢力による被害を防止するための指針について」（犯罪対策閣僚会議幹事会申合せ）を踏まえ、反社会的勢力との関係を遮断するための態勢の整備状況等に係る検証項目を追加、修正。 (2)今事務年度（平成19年７月以降）の検査結果等を踏まえ、 店頭金融先物取引業者のリスク管理態勢、区分管理の状況に係る検証項目を追加。 信用取引における与信リスク管理に係る検証項目を修正。 なお、具体的内容については（別紙）をご参照ください。 ２．実施期日 改正の日以降に実施する検査から活用する。 本件について御意見がありましたら、平成20年６月13日（金）17時00分（必着）までに、氏名又は名称、住所、所属及び理由を付記の上、郵便、ファックス又はインターネットにより下記にお寄せ下さい。電話による御意見は御遠慮願います。 なお、いただいた御意見につきましては、氏名又は名称を含めて公表させていただく場合があるほか、個別には回答いたしませんので、予め御了承下さい。 （注）「金融商品取引業者等検査マニュアル」 本マニュアルは、証券取引等監視委員会（財務局等を含む。）が「金融商品取引業者等」に対して検査を実施する際の基本的考え方及び検査の具体的着眼点等（検査対象先の実態を把握する上で有効と考えられる確認項目）を整理したものであり、検査官の「検査の手引書」として用いられるものです。 ご意見の募集は終了しました。ご協力ありがとうございました。 御意見の送付先 証券取引等監視委員会事務局証券検査課 郵便：〒100-8922 東京都千代田区霞が関３－２－１ 中央合同庁舎第７号館 ファックス：03-5251-2137 ホームページ・アドレス： http://www.fsa.go.jp/sesc/ お問い合わせ先 証券取引等監視委員会　Tel　03-3506-6000（代表） 事務局証券検査課（内線： 3039、3800） （別紙）金融商品取引業者等検査マニュアル一部改正（案）（新旧対照表） (PDF/135KB)
2008-04-25,株式会社ジェイ・エヌ・エス,,株式会社ジェイ・エヌ・エスに対する検査結果に基づく勧告について（平成20年4月25日）,https://www.fsa.go.jp/sesc/news/c_2008/2008/20080425-3.html,"株式会社ジェイ・エヌ・エスに対する検査結果に基づく勧告について 平成２０年４月２５日 証券取引等監視委員会 １．勧告の内容 東海財務局長が株式会社ジェイ・エヌ・エス（愛知県名古屋市、資本金４５０百万円、役職員３７名）を検査した結果、下記のとおり、当該金融商品取引業者及び当該金融商品取引業者の役員に係る法令違反等の事実が認められたので、本日、証券取引等監視委員会は、内閣総理大臣及び金融庁長官に対して、金融庁設置法第２０条第１項の規定に基づき、行政処分及びその他の適切な措置を講ずるよう勧告した。 ２．事実関係 ○　金融商品取引業に関し、不正又は著しく不当な行為をした場合において、その情状が特に重いと認められる状況等 株式会社ジェイ・エヌ・エス（以下「当社」という。）代表取締役社長（以下「社長」という。）は、その業務に関し、顧客の課税免脱に加担する中で、以下の(2)記載のとおり多数の法令違反行為を発生させている。 (1)　顧客の課税免脱に加担する行為等 当社社長は、平成13年２月頃、外国為替証拠金取引により大きな収益を上げている顧客がいたことから、当該顧客の税金対策、さらには顧客との取引拡大や当社の手数料収入の向上につなげる目的で、平成13年２月28日から同18年８月22日までの間において、顧客が売買損を発生させたような取引を装い、当該顧客の口座から海外居住者口座等に委託証拠金等を資金移転のうえ、移転先口座で外国為替証拠金取引を行う取引一任勘定取引契約の締結を行った。 当社役員（以下「一任運用担当役員」という。）は、当該取引一任勘定取引契約に基づく資金運用を担当していたところ、外国為替相場を読み違えて運用に失敗し、全建玉を決済した平成18年５月９日までに、資金移転した委託証拠金等の全額を消失させ、さらには、当社の計算に帰属する損失を発生させた。一任運用担当役員は、これらの損失が社長に発覚することをおそれ、架空売買により、（取引一任勘定取引契約を締結した顧客とは別の）当社顧客（以下「一般顧客」という。）の口座にその損失を付け替え、当社損失の隠蔽を図った。 社長は、平成18年７月頃までには、当社損失が一般顧客口座に付け替えられている事実を認識したにもかかわらず、何ら是正措置を図ることなく放置したばかりか、当社経理を担当する役員に対して、さらに架空売買による委託証拠金等の資金移転を指示し、平成20年１月７日現在、一般顧客口座には当社の計算に帰属する損失合計308,000千円が存在する状況となっている。 (2)　認められた法令違反行為 不正の手段により金融先物取引業者の登録を受けた行為 取引一任勘定取引の契約を締結する行為 委託証拠金等を不正の手段により取得する行為 外国為替証拠金取引について生じた顧客の損失の全部を補てんするため当該顧客に対し財産上の利益を提供する行為 虚偽の自己資本規制比率を届け出る行為及び虚偽の数値を記載した事業報告書を提出する行為 業務に関する帳簿書類に不実の内容を記載する行為 顧客から預託を受けた保証金等（委託証拠金等）を自己の固有財産と区分して管理していない状況 自己資本規制比率が120パーセントを下回る状況 （※個々の法令違反行為の詳細については、 別紙 (PDF/116KB) のとおり。） 前述(1)記載のような当社の業務の状況は、前述(2)記載の各法令違反行為を踏まえれば、金融商品取引法（以下「金商法」という。）第52条第１項第９号に規定する「金融商品取引業に関し、不正又は著しく不当な行為をした場合において、その情状が特に重いとき」に該当するものと認められる。 また、社長は、前述(1)記載の顧客の課税免脱に加担する行為等の主謀者であり、同人の行為は、前述(2)記載の各法令違反行為を踏まえれば、金商法第64条の５第１項第２号に規定する「外務員の職務に関して著しく不適当な行為」に該当するものと認められる。 前述(2)記載の各行為は、以下のとおり法令違反に該当するものと認められる。 の行為は、当社が金融先物取引法（以下「金先法」という。）第87条第１項第２号の虚偽の登録申請書の提出という不正の手段により登録を受けたと認められる。 の行為は、金先法第76条第３号に該当すると認められる。 の行為は、金先法第76条第８号に該当すると認められる。 の行為は、金先法第76条第９号に基づく同法施行規則第25条第３号に該当すると認められる。 の行為は、金商法第46条の６第１項（平成19年９月30日以降の行為について。平成19年９月29日以前の行為については、「証券取引法等の一部を改正する法律の施行に伴う関係法律の整備等に関する法律（平成18年６月14日法律第66号）」による廃止前の金先法第82条第１項）及び金先法第79条第１項にそれぞれ違反すると認められる。 の行為は、金先法第78条に基づく同法施行規則第26条第１項第１号、同第２号及び同第４号、並びに、金商法第46条の２に基づく金融商品取引業等に関する内閣府令第157条第１項第９号（平成19年９月30日以降の行為について。平成19年９月29日以前の行為については、「証券取引法等の一部を改正する法律の施行に伴う関係法律の整備等に関する法律（平成18年６月14日法律第66号）」による廃止前の金先法第78条に基づく同法施行規則第26条第１項第３号）にそれぞれ違反すると認められる。 の状況は、金商法第43条の３第１項に違反すると認められる。 の状況は、金商法第46条の６第２項に違反すると認められる。"
2008-04-25,安藤証券株式会社,,安藤証券株式会社に対する検査結果に基づく勧告について（平成20年4月25日）,https://www.fsa.go.jp/sesc/news/c_2008/2008/20080425-2.html,安藤証券株式会社に対する検査結果に基づく勧告について 平成２０年４月２５日 証券取引等監視委員会 １．勧告の内容 東海財務局長が安藤証券株式会社（愛知県名古屋市、資本金２２億８千万円、役職員３６０名）を検査した結果、下記のとおり、当該金融商品取引業者に係る法令違反の事実が認められたので、本日、証券取引等監視委員会は、内閣総理大臣及び金融庁長官に対して、金融庁設置法第２０条第１項の規定に基づき、行政処分を行うよう勧告した。 ２．事実関係 ○　インターネット取引に係る本人確認の不備 安藤証券株式会社は、平成１９年４月、当社のインターネット取引に係る顧客について、電子メールのアドレスが同一である顧客口座の名寄せを行い、取引の相手方が取引の名義人になりすましている疑いのある「異姓異住所」口座のほか、「同姓異住所」口座及び「異姓同住所」口座を複数抽出したにもかかわらず、これらの口座におけるその後の取引に際し、金融機関等による顧客等の本人確認等及び預金口座等の不正な利用の防止に関する法律（以下「本人確認法」という。）に基づく本人確認を行っていなかった。 当該金融商品取引業者が行った上記の行為は、本人確認法第３条第１項に違反すると認められる。
2008-04-25,日本電子材料株式会社,6855,日本電子材料株式会社社員による内部者取引に対する課徴金納付命令の勧告について（平成20年4月25日）,https://www.fsa.go.jp/sesc/news/c_2008/2008/20080425-1.html,"日本電子材料株式会社社員による内部者取引に対する課徴金納付命令の勧告について 平成２０年４月２５日 証券取引等監視委員会 １．勧告の内容 証券取引等監視委員会は、日本電子材料株式会社社員による内部者取引について検査した結果、下記のとおり法令違反の事実が認められたので、本日、内閣総理大臣及び金融庁長官に対して、金融庁設置法第２０条第１項の規定に基づき、課徴金納付命令を発出するよう勧告を行った。 ２．法令違反の事実関係 課徴金納付命令対象者は、日本電子材料株式会社の社員であったが、同社が平成２０年３月期の業績予想を下方修正する事実をその職務に関し知り、この事実が公表される平成１９年８月７日以前の同月６日に、株券合計３，４００株を総額５０１万５，０００円で売り付けたものである。 同人が行った上記の行為は、金融商品取引法第１７５条第１項に規定する「第百六十六条第一項又は第三項の規定に違反して、自己の計算において同条第一項に規定する売買等をした」行為に該当すると認められる。 ３．課徴金額の計算 上記の違法行為に対し金融商品取引法に基づき納付を命じられる課徴金額は、９４万円である。 計算方法の詳細については、別紙のとおり。 （別紙） ○　課徴金額の計算方法について 金融商品取引法第１７５条第１項に基づき、課徴金額は、 （売付価格）×（売付株数） －（重要事実が公表された翌日の終値）×（売付株数） となる。 したがって、重要事実の公表翌日の平成１９年８月８日の日本電子材料株式会社の株価の終値は、１，１９７円であることから、課徴金額は下記の金額となる。 売付価額５，０１５，０００円（注） －（１，１９７円×３，４００株）＝９４５，２００円 ⇒課徴金額は１万円未満を切り捨てるため、 ９４万円 (注)売付価額は、 ┌ │ │ │ │ │ └ 1,477円× 200株 ┐ │ │ │ │ │ ┘ の合計額である。 1,476円× 600株 1,475円×1,900株 1,474円× 400株 1,473円× 300株"
2008-04-22,株式会社セタ,,株式会社セタとの契約締結交渉先法人等の関係者らによる内部者取引に対する課徴金納付命令の勧告について（平成20年4月22日）,https://www.fsa.go.jp/sesc/news/c_2008/2008/20080422-2.html,"株式会社セタとの契約締結交渉先法人等の関係者らによる内部者取引に対する課徴金納付命令の勧告について 平成２０年４月２２日 証券取引等監視委員会 １．勧告の内容 証券取引等監視委員会は、株式会社セタとの契約締結交渉先法人等の関係者らによる内部者取引について検査した結果、下記のとおり法令違反の事実が認められたので、本日、内閣総理大臣及び金融庁長官に対して、金融庁設置法第２０条第１項の規定に基づき、課徴金納付命令を発出するよう勧告を行った。 ２．法令違反の事実関係 課徴金納付命令対象者 は、株式会社セタとの業務委託契約の締結先（Ａ社）の役員であったが、株式会社セタが株式会社メーシー販売と業務上の提携を行うことを決定した事実をその契約の締結の交渉に関し知り、この事実が公表される平成１９年４月２０日以前の同月４日及び同月５日に、株式会社セタの株券合計２６，０００株を総額９８８万円で買い付けたものである。 課徴金納付命令対象者 は、株式会社セタとの業務委託契約の締結交渉先（Ｂ社）の役員であったが、株式会社セタが株式会社メーシー販売と業務上の提携を行うことを決定した事実をその契約の締結の交渉に関し知り、この事実が公表される平成１９年４月２０日以前の同月１３日に、株式会社セタの株券合計１０，０００株を総額３９２万５，０００円で買い付けたものである。 課徴金納付命令対象者 は、株式会社セタとの業務委託契約の締結交渉先（Ｂ社）の役員であったが、株式会社セタが株式会社メーシー販売と業務上の提携を行うことを決定した事実をその契約の締結の交渉に関し知り、この事実が公表される平成１９年４月２０日以前の同月１３日に、株式会社セタの株券５，０００株を１８８万円で買い付けたものである。 課徴金納付命令対象者 は、株式会社セタとの業務委託契約の締結先（Ｃ社）の役員であったが、株式会社セタが株式会社メーシー販売と業務上の提携を行うことを決定した事実をその契約の締結の交渉に関し知り、この事実が公表される平成１９年４月２０日以前の同月２日及び同月６日に、株式会社セタの株券合計６，０００株を総額２２８万９，０００円で買い付けたものである。 課徴金納付命令対象者 は、株式会社セタとの業務委託契約の締結交渉先（Ｄ社）の役員であったが、株式会社セタが株式会社メーシー販売と業務上の提携を行うことを決定した事実をその契約の締結の交渉に関し知り、この事実が公表される平成１９年４月２０日以前の同月９日及び同月１１日に、株式会社セタの株券合計３，０００株を総額１０９万９，０００円で買い付けたものである。 課徴金納付命令対象者 は、株式会社セタとの業務委託契約の締結交渉先（Ｄ社）の役員であったが、株式会社セタが株式会社メーシー販売と業務上の提携を行うことを決定した事実をその契約の締結の交渉に関し知り、この事実が公表される平成１９年４月２０日以前の同月６日及び同月１２日に、株式会社セタの株券合計８，０００株を総額２９５万円で買い付けたものである。 課徴金納付命令対象者 は、Ｄ社の取引先（Ｅ社）の役員であったが、Ｄ社の役員等からＥ社のほかの役員が職務上伝達を受けた、株式会社セタが株式会社メーシー販売と業務上の提携を行うことを決定した事実をその職務に関し知り、この事実が公表される平成１９年４月２０日以前の同月１１日及び同月１２日に、株式会社セタの株券合計５，０００株を総額１８４万８，０００円で買い付けたものである。 上記７名が行った上記の行為は、金融商品取引法第１７５条第１項に規定する「第百六十六条第一項又は第三項の規定に違反して、自己の計算において同条第一項に規定する売買等をした」行為に該当すると認められる。 ３．課徴金額の計算 上記の違法行為に対し金融商品取引法に基づき納付を命じられる課徴金額は、課徴金納付命令対象者 については１０４万円、課徴金納付命令対象者 については２７万円、課徴金納付命令対象者 については２２万円、課徴金納付命令対象者 については２３万円、課徴金納付命令対象者 については１６万円、課徴金納付命令対象者 については４１万円、課徴金納付命令対象者 については２５万円である。 計算方法の詳細については、別紙のとおり。 （別紙） ○　課徴金額の計算方法について 金融商品取引法第１７５条第１項に基づき、課徴金額は、 （重要事実が公表された翌日の終値等）×（買付株数） －（買付価格）×（買付株数） となる。 したがって、重要事実の公表翌日が市場休業日であるため、以後の直近の株式会社セタの株価である平成１９年４月２３日の始値は、４２０円であることから、課徴金額は下記の金額となる。 課徴金納付命令対象者 （４２０円×２６，０００株） －買付価額９，８８０，０００円（３８０円×２６，０００株） ＝ １０４万円 課徴金納付命令対象者 （４２０円×１０，０００株） －買付価額３，９２５，０００円 （注） ＝２７５，０００円 ⇒課徴金額は１万円未満を切り捨てるため、 ２７万円 (注)買付価額は、 ┌ │ │ │ │ │ └ 379円×1,000株 ┐ │ │ │ │ │ ┘ の合計額である。 380円×1,000株 381円×1,000株 385円×1,000株 400円×6,000株 課徴金納付命令対象者 （４２０円×５，０００株） －買付価額１，８８０，０００円（３７６円×５，０００株） ＝ ２２万円 課徴金納付命令対象者 （４２０円×６，０００株） －買付価額２，２８９，０００円 （注） ＝２３１，０００円 ⇒課徴金額は１万円未満を切り捨てるため、 ２３万円 (注)買付価額は、 ┌ │ │ │ │ │ └ 365円×2,000株 ┐ │ │ │ │ │ ┘ の合計額である。 386円×1,000株 388円×1,000株 390円×1,000株 395円×1,000株 課徴金納付命令対象者 （４２０円×３，０００株） －買付価額１，０９９，０００円 （注） ＝１６１，０００円 ⇒課徴金額は１万円未満を切り捨てるため、 １６万円 (注)買付価額は、 ┌ │ │ └ 364円×1,000株 ┐ │ │ ┘ の合計額である。 365円×1,000株 370円×1,000株 課徴金納付命令対象者 （４２０円×８，０００株） －買付価額２，９５０，０００円 （注） ＝ ４１万円 (注)買付価額は、 ┌ │ └ 360円×1,000株 ┐ │ ┘ の合計額である。 370円×7,000株 課徴金納付命令対象者 （４２０円×５，０００株） －買付価額１，８４８，０００円 （注） ＝２５２，０００円 ⇒課徴金額は１万円未満を切り捨てるため、 ２５万円 (注)買付価額は、 ┌ │ └ 369円×2,000株 ┐ │ ┘ の合計額である。 370円×3,000株"
2008-04-22,株式会社セタ,,株式会社セタに係る有価証券報告書の虚偽記載に係る課徴金納付命令勧告について（平成20年4月22日）,https://www.fsa.go.jp/sesc/news/c_2008/2008/20080422-1.html,"株式会社セタに係る有価証券報告書の虚偽記載に係る課徴金納付命令勧告について 平成２０年４月２２日 証券取引等監視委員会 １．勧告の内容 証券取引等監視委員会は、株式会社セタに係る有価証券報告書の虚偽記載について検査した結果、下記のとおり法令違反の事実が認められたので、本日、内閣総理大臣及び金融庁長官に対して、金融庁設置法第２０条第１項の規定に基づき、課徴金納付命令を発出するよう勧告を行った。 ２．法令違反の事実関係 株式会社セタは、売上の前倒し計上等により、平成１９年６月２７日、連結当期純損益が６百万円（百万円未満切捨て。以下、連結当期純利益額、連結純資産額について同じ。）の損失であったにもかかわらず、これを２９１百万円の利益と記載するなどした連結損益計算書、及び連結純資産額が１，０２４百万円であったにもかかわらず、連結純資産額に相当する「純資産合計」欄に１，３２３百万円と記載するなどした連結貸借対照表を掲載した平成１９年３月期有価証券報告書を関東財務局長に対して提出した。 同社が行った上記の行為は、金融商品取引法第１７２条の２第１項に規定する「重要な事項につき虚偽の記載がある」有価証券報告書を提出した行為に該当すると認められる。 ３．課徴金の額の計算 上記の違法行為に対し金融商品取引法に基づき納付を命じられる課徴金の額は、３００万円である。 金融商品取引法第１７２条の２第１項の規定により、平成１９年３月期有価証券報告書に係る課徴金の額について、 当該法人が発行する算定基準有価証券の市場価額の総額に１０万分の３を乗じて得た額（134,904円） が 3,000,000円 を超えないことから、3,000,000円となる。"
2008-04-15,ミサワホーム九州株式会社,,ミサワホーム九州株式会社に係る有価証券報告書等の虚偽記載に係る課徴金納付命令勧告について（平成20年4月15日）,https://www.fsa.go.jp/sesc/news/c_2008/2008/20080415.html,"ミサワホーム九州株式会社に係る有価証券報告書等の虚偽記載に係る課徴金納付命令勧告について 平成２０年４月１５日 証券取引等監視委員会 １．勧告の内容 証券取引等監視委員会は、ミサワホーム九州株式会社に係る有価証券報告書等の虚偽記載について検査した結果、下記のとおり法令違反の事実が認められたので、本日、内閣総理大臣及び金融庁長官に対して、金融庁設置法第２０条第１項の規定に基づき、課徴金納付命令を発出するよう勧告を行った。 ２．法令違反の事実関係 ミサワホーム九州株式会社は、売上の前倒し計上等により、 (1) 平成１７年１２月１３日、連結中間純損益が２６１百万円（百万円未満切捨て。以下、連結中間純利益額、連結純資産額、連結当期純損益額について同じ。）の損失であったにもかかわらず、これを１９百万円の利益と記載するなどした中間連結損益計算書、及び連結純資産額が１，０２０百万円の債務超過であったにもかかわらず、連結純資産額に相当する「資本合計」欄に４４３百万円と記載するなどした中間連結貸借対照表を掲載した平成１７年９月中間期半期報告書を (2) 平成１８年６月３０日、連結当期純損益が１４１百万円の損失であったにもかかわらず、これを１５５百万円の利益と記載するなどした連結損益計算書、及び連結純資産額が８２０百万円の債務超過であったにもかかわらず、連結純資産額に相当する「資本合計」欄に６５９百万円と記載するなどした連結貸借対照表を掲載した平成１８年３月期有価証券報告書を それぞれ、福岡財務支局長に対して提出した。 同社が行った上記の各行為は、金融商品取引法第１７２条の２第１項及び第２項に規定する「重要な事項につき虚偽の記載がある」有価証券報告書等を提出した行為に該当すると認められる。 ３．課徴金の額の計算 上記の違法行為に対し金融商品取引法に基づき納付を命じられる課徴金の額は、１９９万９，９９９円である。 (1) 金融商品取引法第１７２条の２第１項、同第２項及び平成１７年法律第７６号附則第５条第２項の規定により、平成１７年９月中間期半期報告書及び平成１８年３月期有価証券報告書に係る課徴金の額について、 当該法人が発行する算定基準有価証券の市場価額の総額に１０万分の２を乗じて得た額（76,193円） が 2,000,000円 を超えないことから、同半期報告書及び同有価証券報告書に係る個別決定ごとの算出額は、 同半期報告書については、2,000,000円の２分の１に相当する額である1,000,000円 同有価証券報告書については、2,000,000円 となる。 (2) ここで、金融商品取引法第１８５条の７第２項の規定により、同一の事業年度に係る２以上の虚偽の継続開示書類が提出されたときは、課徴金の額を調整することとなるため、下記のとおり２００万円を個別決定ごとの算出額に基づき按分した金額（同第１８項の規定により１円未満の端数切捨て）が課徴金の額となる。 平成１７年９月中間期半期報告書について 2,000,000×1,000,000／（1,000,000＋2,000,000） ＝666,666円 平成１８年３月期有価証券報告書について 2,000,000×2,000,000／（1,000,000＋2,000,000） ＝1,333,333円"
2008-04-04,ニッツウトレード株式会社,,ニッツウトレード株式会社に対する検査結果に基づく勧告について（平成20年4月4日）,https://www.fsa.go.jp/sesc/news/c_2008/2008/20080404.html,"ニッツウトレード株式会社に対する検査結果に基づく勧告について 平成２０年４月４日 証券取引等監視委員会 １．勧告の内容 関東財務局長がニッツウトレード株式会社（東京都港区、資本金３８０百万円、役職員６１名）を検査した結果、下記のとおり、当該金融商品取引業者に係る法令違反の事実が認められたので、平成２０年３月１４日、証券取引等監視委員会は、内閣総理大臣及び金融庁長官に対して、金融庁設置法第２０条第１項の規定に基づき、行政処分を行うよう勧告した。 ２．事実関係 (1)　財産の状況に照らし支払不能に陥るおそれがある状況 当社の財産の状況は、平成20年１月31日現在、債務超過となっている。 当社の上記の状況は、金融商品取引業者に対する監督上の処分を求めることができる金融商品取引法第52条第１項第７号に該当するものと認められる。 (2)　純財産額が最低純財産額に満たない状況 当社の純財産額は、平成20年１月31日現在、50,000千円を下回っている。 当社の上記の状況は、金融商品取引業者に対する監督上の処分を求めることができる金融商品取引法第52条第１項第３号（純財産額が、50,000千円に満たなくなった者となったとき）に該当するものと認められる。 (3)　自己資本規制比率が120パーセントを下回る状況 当社の自己資本規制比率は、平成20年１月31日現在、120パーセントを下回っている。 当社の上記の状況は、金融商品取引法第46条の６第２項に違反すると認められる。 (4)　不適切な区分管理等の状況 当社は、外国為替証拠金取引において、平成19年４月から同年８月までの間、顧客から預託を受けた金銭等の一部を、当社の自己取引の損失に充当したため、平成20年１月31日現在、顧客から預託を受けた金銭等を適切に管理していない状況となっている。 当社の上記の状況は、金融商品取引法第43条の３に違反すると認められる。"
2008-02-29,ジャパン・ホテル・アンド・リゾート株式会社,,ジャパン・ホテル・アンド・リゾート株式会社に対する検査結果に基づく勧告について（平成20年2月29日）,https://www.fsa.go.jp/sesc/news/c_2008/2008/20080229-3.html,ジャパン・ホテル・アンド・リゾート株式会社に対する検査結果に基づく勧告について 平成２０年２月２９日 証券取引等監視委員会 １ ．勧告の内容 証券取引等監視委員会は、ジャパン・ホテル・アンド・リゾート株式会社（東京都港区、資本金１億７千万円、役職員１２名）を検査した結果、下記のとおり当該金融商品取引業者に法令違反の事実が認められたので、本日、内閣総理大臣及び金融庁長官に対して、金融庁設置法第２０条第１項の規定に基づき、行政処分を行うよう勧告した。 ２ ．事実関係 ○ 利益相反状況における資産運用会社の忠実義務違反 (1) ジャパン・ホテル・アンド・リゾート投資法人(以下「当投資法人」という。)は、平成17年12月14日、当投資法人が資産運用を委託しているジャパン・ホテル・アンド・リゾート株式会社（以下「当運用会社」という。）の利害関係人（以下「本件利害関係人」という。）との間で、当投資法人の運用資産として予定していた建物（以下「本件建物」という。）の取得に関し、不動産信託受益権譲渡契約（以下「本件譲渡契約」という。）を締結した。その際、当投資法人と本件利害関係人は、本件建物に係る信託受益権の譲渡日までに本件利害関係人が発注することとなっていたテナント集合看板(以下「本件看板」という。)に関する費用（以下「本件看板費用」という。）を本件利害関係人が負担することで合意した。 (2) 当投資法人の執行役員(当時)は、平成18年2月末日頃、本件建物の賃借人(以下「本件賃借人」という。)から、本件利害関係人が未発注のままにしていた本件看板の設置を求められた際、本件看板費用については本件利害関係人が本来負担すべきものであることを認識していながら、当投資法人が本件看板費用を負担するという前提で、本件看板の設置を本件賃借人をして外部業者に対して発注させることとし、その後、同年4月17日には、当投資法人を代表して、本件利害関係人との間で、本件看板費用を本件利害関係人の負担から当投資法人の負担に変更する旨の覚書（以下「本件覚書」という。)を締結した(なお、同人は、本件覚書を締結することに関して、当投資法人の他の役員にも、当運用会社の役職員にも、あえて何ら相談・報告を行っていない。)。 (3) 当運用会社の代表取締役（当時。なお、当投資法人の上記執行役員が当時当該役職を兼務していた。）は、本件看板費用については、当初の本件譲渡契約では本件利害関係人が負担すべきものとされており、本件覚書の締結により当投資法人が負担することになったことを認識しながら、本件賃借人に対して、本件看板費用を当投資法人が費用負担する資本的支出として処理することを求める申請書を当運用会社に対して提出するよう指示した。当該指示を受けて、当該賃借人は、当運用会社に対して当該申請書を提出したところ、当運用会社代表取締役及び同社管理本部長（当時）は、同年4月26日及び5月16日、何らの異議なく、当該申請を承認した。 当運用会社は、上記のとおり、当投資法人が本件看板費用を負担しようとする際、本件看板費用については、本件利害関係人が本来負担することとなっていたことを認識しながら、何らの異議なく、当投資法人による当該費用の負担を承認しているところ、このような当運用会社の行為は、「投資信託委託業者は、投資法人のため忠実に当該投資法人の資産の運用に係る業務を遂行しなければならない」ことを定めた投資信託及び投資法人に関する法律（ただし、平成18年法律第65号による改正前のもの）第34条の2第1項に違反するものと認められる。
2008-02-29,当投資法人が資産運用を委託しているジャパン・ホテル・アンド・リゾート株式会社,,ジャパン・ホテル・アンド・リゾート投資法人に対する検査結果に基づく勧告について（平成20年2月29日）,https://www.fsa.go.jp/sesc/news/c_2008/2008/20080229-2.html,"ジャパン・ホテル・アンド・リゾート投資法人に対する検査結果に基づく勧告について 平成２０年２月２９日 証券取引等監視委員会 １ ．勧告の内容 証券取引等監視委員会は、ジャパン・ホテル・アンド・リゾート投資法人（東京都港区、出資総額４６０億円、役員３名）を検査した結果、下記のとおり当該投資法人に法令違反の事実が認められたので、本日、内閣総理大臣及び金融庁長官に対して、金融庁設置法第２０条第１項の規定に基づき、行政処分を行うよう勧告した。 ２ ．事実関係 ○ 投資法人が、資産運用会社の利害関係人が本来負担すべきであった費用を負担している状況 (1) ジャパン・ホテル・アンド・リゾート投資法人(以下「当投資法人」という。)は、平成17年12月14日、当投資法人が資産運用を委託しているジャパン・ホテル・アンド・リゾート株式会社（以下「当運用会社」という。）の利害関係人（以下「本件利害関係人」という。）との間で、当投資法人の運用資産として予定していた建物（以下「本件建物」という。）の取得に関し、不動産信託受益権譲渡契約を締結した。その際、当投資法人と本件利害関係人は、本件建物に係る信託受益権の譲渡日までに本件利害関係人が発注することとなっていたテナント集合看板(以下「本件看板」という。)に関する費用（以下「本件看板費用」という。）を本件利害関係人が負担することで合意した。 (2) 当投資法人の執行役員(当時)は、平成18年2月末日頃、本件建物の賃借人(以下「本件賃借人」という。)から、本件利害関係人が未発注のままにしていた本件看板の設置を求められた際、本件看板費用については本件利害関係人が本来負担すべきものであることを認識していながら、当投資法人が本件看板費用を負担するという前提で、本件看板の設置を本件賃借人をして外部業者に対して発注させることとし、その後、同年4月17日には、当投資法人を代表して、本件利害関係人との間で、本件看板費用を本件利害関係人の負担から当投資法人の負担に変更する旨の覚書（以下「本件覚書」という。)を締結した(なお、同人は、本件覚書を締結することに関して、当投資法人の他の役員には、あえて何ら相談・報告を行っていない。)。 (3) 当投資法人は、本件覚書に従い、同年5月1日に1,106,910円を、また、同年7月10日に1,234,380円を本件看板の設置工事を施工した外部業者に支払うことにより、本件看板費用として合計2,341,290円を負担した。 当投資法人は、上記のとおり、本件利害関係人が本来負担すべきであった本件看板費用を自ら負担するとともに、これにより本件利害関係人の費用負担を軽減させているところ、このような当投資法人における業務の状況は、投資信託及び投資法人に関する法律第214条第1項に定める業務改善命令の要件となる「投資法人の業務の健全かつ適切な運営を確保し、投資主の保護を図るため必要がある」に該当するものと認められる。"
2008-03-14,丸善株式会社,3159,丸善株式会社に係る有価証券報告書等の虚偽記載に係る課徴金納付命令勧告について（平成20年3月14日）,https://www.fsa.go.jp/sesc/news/c_2008/2008/20080314.html,"丸善株式会社に係る有価証券報告書等の虚偽記載に係る課徴金納付命令勧告について 平成２０年３月１４日 証券取引等監視委員会 １．勧告の内容 証券取引等監視委員会は、丸善株式会社に係る有価証券報告書等の虚偽記載について検査した結果、下記のとおり法令違反の事実が認められたので、本日、内閣総理大臣及び金融庁長官に対して、金融庁設置法第２０条第１項の規定に基づき、課徴金納付命令を発出するよう勧告を行った。 ２．法令違反の事実関係 丸善株式会社は、売上の前倒し計上等により、 (1)　平成１７年１２月１３日、連結経常損益が９３９百万円（百万円未満切捨て。以下、連結経常損失、連結中間純損失、連結純資産額、連結当期純損失について同じ。）の損失であったにもかかわらず、これを８０２百万円の損失と、連結中間純損益が６，９５０百万円の損失であったにもかかわらず、これを６，８１５百万円の損失と記載するなどした中間連結損益計算書、及び連結純資産額が４，０７９百万円であったにもかかわらず、連結純資産額に相当する「資本合計」欄に５，０５１百万円と記載するなどした中間連結貸借対照表を掲載した平成１７年９月中間期半期報告書を (2)　平成１８年４月２８日、連結経常損益が５２９百万円の損失であったにもかかわらず、これを３６０百万円の損失と、連結当期純損益が６，７９０百万円の損失であったにもかかわらず、これを６，６２４百万円の損失と記載するなどした連結損益計算書、及び連結純資産額が４，２５７百万円であったにもかかわらず、連結純資産額に相当する「資本合計」欄に５，２６１百万円と記載するなどした連結貸借対照表を掲載した平成１８年１月期有価証券報告書を それぞれ、関東財務局長に対して提出した。 同社が行った上記の各行為は、金融商品取引法第１７２条の２第１項及び第２項に規定する「重要な事項につき虚偽の記載がある」有価証券報告書等を提出した行為に該当すると認められる。 ３．課徴金の額の計算 上記の違法行為に対し金融商品取引法に基づき納付を命じられる課徴金の額は、１６５万９，９９９円である。 (1) 金融商品取引法第１７２条の２第１項、同第２項及び平成１７年法律第７６号附則第５条第２項の規定により、平成１７年９月中間期半期報告書及び平成１８年１月期有価証券報告書に係る課徴金の額について、 当該法人が発行する算定基準有価証券の市場価額の総額に１０万分の２を乗じて得た額（486,677円） が 2,000,000円 を超えないこと及び同事業年度の月数が１０月であることから、同半期報告書及び同有価証券報告書に係る個別決定ごとの算出額（金融商品取引第１７６条第２項の規定により１万円未満の端数切捨て）は、 同半期報告書については、2,000,000円の２分の１に相当する額に１２分の１０を乗じた額である830,000円 同有価証券報告書については、2,000,000円に１２分の１０を乗じた額である1,660,000円 となる。 (2)　ここで、金融商品取引法第１８５条の７第２項の規定により、同一の事業年度に係る２以上の虚偽の継続開示書類が提出されたときは、課徴金の額を調整することとなるため、下記のとおり１６６万円を個別決定ごとの算出額に基づき按分した金額（同第１８項の規定により１円未満の端数切捨て）が課徴金の額となる。 平成１７年９月中間期半期報告書について 1,660,000×830,000／（830,000＋1,660,000） ＝553,333円 平成１８年１月期有価証券報告書について 1,660,000×1,660,000／（830,000＋1,660,000） ＝1,106,666円"
2008-02-29,株式会社が株式会社ゼンショーと資本提携,,日本放送協会職員による内部者取引に対する課徴金納付命令の勧告について（平成20年2月29日）,https://www.fsa.go.jp/sesc/news/c_2008/2008/20080229.html,日本放送協会職員による内部者取引に対する課徴金納付命令の勧告について 平成２０年２月２９日 証券取引等監視委員会 １ ．勧告の内容 証券取引等監視委員会は、日本放送協会職員による内部者取引について検査した結果、下記のとおり法令違反の事実が認められたので、本日、内閣総理大臣及び金融庁長官に対して、金融庁設置法第２０条第１項の規定に基づき、課徴金納付命令を発出するよう勧告を行った。 ２ ．法令違反の事実関係 課徴金納付命令対象者 は、日本放送協会の職員であったが、株式会社ゼンショーの社員から同協会の記者が職務上伝達を受けたカッパ・クリエイト株式会社と株式会社ゼンショーが資本提携を伴う業務上の提携を行うことをそれぞれ決定した事実を、その職務に関し知り、平成１９年３月８日、この事実が公表される午後３時１５分より以前に、カッパ・クリエイト株式会社の株券合計３，１５０株を総額５３９万７，９００円で、株式会社ゼンショーの株券合計２，５００株を総額３２７万６，０００円でそれぞれ買い付けたものである。 課徴金納付命令対象者 は、日本放送協会の職員であったが、株式会社ゼンショーの社員から同協会の記者が職務上伝達を受けたカッパ・クリエイト株式会社が株式会社ゼンショーと資本提携を伴う業務上の提携を行うことを決定した事実を、その職務に関し知り、平成１９年３月８日、この事実が公表される午後３時１５分より以前に、カッパ・クリエイト株式会社の株券合計３，０００株を総額５１５万円で買い付けたものである。 課徴金納付命令対象者 は、日本放送協会の職員であったが、株式会社ゼンショーの社員から同協会の記者が職務上伝達を受けたカッパ・クリエイト株式会社が株式会社ゼンショーと資本提携を伴う業務上の提携を行うことを決定した事実を、その職務に関し知り、平成１９年３月８日、この事実が公表される午後３時１５分より以前に、カッパ・クリエイト株式会社の株券合計１，０００株を総額１７１万９５０円で買い付けたものである。 上記３名が行った上記の行為は、金融商品取引法第１７５条第１項に規定する「第百六十六条第一項又は第三項の規定に違反して、自己の計算において同条第一項に規定する売買等をした」行為に該当すると認められる。 ３ ．課徴金額の計算 上記の違法行為に対し金融商品取引法に基づき納付を命じられる課徴金額は、課徴金納付命令対象者 については２６万円、課徴金納付命令対象者 については１７万円、課徴金納付命令対象者 については６万円である。 計算方法の詳細については、 別紙 (PDF/83KB) のとおり。
2008-03-18,株式会社マーベラスエンターテイメント,,新日本監査法人職員による内部者取引に対する課徴金納付命令の勧告について（平成20年3月18日）,https://www.fsa.go.jp/sesc/news/c_2008/2008/20080318.html,"新日本監査法人職員による内部者取引に対する課徴金納付命令の勧告について 平成２０年３月１８日 証券取引等監視委員会 １．勧告の内容 証券取引等監視委員会は、新日本監査法人職員による内部者取引について検査した結果、下記のとおり法令違反の事実が認められたので、本日、内閣総理大臣及び金融庁長官に対して、金融庁設置法第２０条第１項の規定に基づき、課徴金納付命令を発出するよう勧告を行った。 ２．法令違反の事実関係 課徴金納付命令対象者は、株式会社マーベラスエンターテイメントの契約締結先である新日本監査法人の職員（公認会計士）であったが、株式会社マーベラスエンターテイメントが平成１９年３月期の個別及び連結業績予想を下方修正する事実をその契約の履行に関し知り、この事実が公表される平成１９年３月２０日午後３時より以前の同月１２日から同月２０日までの間に、株券合計２６１株を総額１，２２５万６，７００円で売り付けたものである。 同人が行った上記の行為は、金融商品取引法第１７５条第１項に規定する「第百六十六条第一項又は第三項の規定に違反して、自己の計算において同条第一項に規定する売買等をした」行為に該当すると認められる。 ３．課徴金額の計算 上記の違法行為に対し金融商品取引法に基づき納付を命じられる課徴金額は、１３４万円である。 計算方法の詳細については、別紙のとおり。 （別紙） ○　課徴金額の計算方法について 金融商品取引法第１７５条第１項に基づき、課徴金額は、 （売付価格）×（売付株数） －（重要事実が公表された翌日の終値等）×（売付株数） となる。 したがって、重要事実の公表翌日が市場休業日であるため、以後の直近の株式会社マーベラスエンターテイメントの株価である平成１９年３月２２日の始値は、４１，８００円であることから、課徴金額は下記の金額となる。 売付価額１２，２５６，７００円（注） －（４１，８００円×２６１株）＝１，３４６，９００円 ⇒課徴金額は１万円未満を切り捨てるため、 １３４万円 (注)売付価額は、 ┌ │ │ │ │ │ │ │ │ │ │ │ │ │ │ │ │ │ │ │ │ │ │ └ 48,300円×10株 48,250円× 4株 ┐ │ │ │ │ │ │ │ │ │ │ │ │ │ │ │ │ │ │ │ │ │ │ ┘ の合計額である。 48,200円× 4株 48,150円× 2株 48,100円× 2株 48,050円×12株 48,000円×11株 47,800円× 1株 47,700円× 3株 47,600円×12株 47,550円×13株 47,400円×10株 47,250円×10株 47,200円×20株 47,100円×10株 47,000円×10株 46,800円×10株 46,750円×10株 46,700円×10株 46,650円×10株 46,300円×35株 46,250円× 2株 46,200円× 8株 46,100円× 1株 46,050円× 4株 46,000円× 5株 45,950円× 1株 45,900円× 7株 45,850円×14株 45,800円×10株"
2008-02-15,ウェル・フィールド証券株式会社,,ウェル・フィールド証券株式会社に対する検査結果に基づく勧告について（平成20年2月15日）,https://www.fsa.go.jp/sesc/news/c_2008/2008/20080215.html,"ウェル・フィールド証券株式会社に対する検査結果に基づく勧告について 平成２０年２月１５日 証券取引等監視委員会 １ ．勧告の内容 証券取引等監視委員会は、ウェル・フィールド証券株式会社（東京都中央区、資本金３億7,700万円、役職員10名）を検査した結果、下記のとおり、当該金融商品取引業者及び当該金融商品取引業者の役員に係る法令違反の事実が認められたので、本日、内閣総理大臣及び金融庁長官に対して、金融庁設置法第20条第１項の規定に基づき、行政処分及びその他の適切な措置を講ずるよう勧告した。 ２ ．事実関係 ○ 法人関係情報の管理不備 ウェル・フィールド証券株式会社（以下「当社」という。）代表取締役社長、代表取締役副社長ほか１名は、その業務に関し、平成17年10月から平成19年11月26日までの間において、上場会社から、少なくとも43件の法人関係情報を取得しており、これらの法人関係情報については、内部者取引の未然防止等の観点から、厳重に管理すべきであると認められるところ、うち10件については法人関係情報として登録しておらず、２件については法人関係情報としての登録が１週間乃至２週間程度遅延している状況にあった。 なお、平成18年11月７日及び８日に取得した上場会社に係る法人関係情報については、その登録を行っていなかったため、同月13日及び14日、当社の自己の計算において同社株式を買い付けており、内部者取引防止等の観点から、極めて不適切なものとなっている。 当該金融商品取引業者における上記の業務の状況は、金融商品取引法第40条第２号に基づく金融商品取引業等に関する内閣府令第123条第５号に規定する「法人関係情報に関する管理について法人関係情報に係る不公正な取引の防止を図るために必要かつ適切な措置を講じていないと認められる状況」に該当するものと認められる。"
2008-02-08,受託していた多数の証券会社,,オー・エイチ・ティー株式に係る証券会社検査結果の概要について（平成20年2月8日）,https://www.fsa.go.jp/sesc/news/c_2008/2008/20080208.html,オー・エイチ・ティー株式に係る証券会社検査結果の概要について 平成２０年２月８日 証券取引等監視委員会 １ ．趣旨等 証券取引等監視委員会（以下「当委員会」という。）は、平成19年５月15日のオー・エイチ・ティー株式（東証マザーズ上場。以下「本件銘柄」という。）の株価急落により、本件銘柄の信用取引を受託していた多数の証券会社において顧客から決済損金が入金されず、多額の立替金が発生したこと等から、立替金が発生した証券会社に対して報告徴求及び臨店検査を行い、立替金の発生状況を把握するとともに、顧客管理態勢及び与信リスク管理態勢等について検証を行った。 当委員会においては、従来より各社が内部管理態勢の強化に取り組む際の参考資料として、また、市場監視行政の透明性向上等の観点から検査指摘事例を定期的に公表しているが、本件については、今回検査を実施していない社においても、与信リスク管理態勢等に今回検査実施先と同様の問題がある可能性があり、これらの社を含む市場関係者の参考となるよう、その概要をすみやかに取りまとめ、公表することとした（なお、一部の社については、臨店検査は終了しているものの、現在検査結果を審査中であり、本報告は臨店検査において把握された問題点等を暫定的にとりまとめたものであることに留意願いたい）。 ２ ．検査実施先 本件銘柄の信用取引において立替金が発生したと認められる31社に報告を求め、うち19社（委員会10社、財務局９社）に対して臨店検査を行った。 ３ ．検査結果の概要 (1) 顧客管理態勢 本人確認 各社とも、口座開設に当たって本人確認書類の受入れを適切に行っている。しかしながら、一部の社において、顧客に対して転送不要郵便物を送付する手続き等を行っていない事例が認められた。 メールアドレス等による名寄せ ほぼすべての社が、電子メールのアドレス等が同一である顧客口座の名寄せを定期的または口座開設時に行い、「なりすまし」の疑いのある口座を抽出している。しかしながら、本件関連口座以外の口座においてであるが、抽出された口座について顧客本人への連絡等による本人の口座であることの確認が不徹底のまま、取引が行われている事例が認められた。 信用取引開始基準 イ インターネット取引（以下「ネット取引」という。）の信用取引口座の開設時において、高齢者等一定の基準に該当する者について、あるいはすべての口座開設申込者に対して、電話ヒアリングを実施している社が多いが、多くの社で電話ヒアリングにおける質問が形式的なものとなっている。 ロ 各社とも、ネット取引の信用取引開始時の書面審査において、信用取引の制度やリスク等を理解しているか等についての質問を行っているが、ほとんどの社において、その適切な回答がすべて「はい」となっている等形式的な審査となっている。他方、インターネット上の書面審査でその適切な回答がすべて「はい」とならない質問を行い、顧客の回答後、カスタマーセンターから電話により信用取引についての理解度を確認している社もあった。 ハ 信用取引口座の開設時に、対面取引においては、自社での１～６か月の株式取引経験を求めている一方で、ネット取引においては、自社での取引経験を求めず、他社での取引経験年数の申告があれば開始できるものとなっている社があった。 取引開始後の顧客管理 イ 本件関連顧客の取引開始後に、その取引状況等に不審を抱き電話ヒアリングを実施している社も多いが、顧客管理部門や売買管理部門が直接行うのではなくコールセンター等を経由して実施したものの、具体的な指示を行わなかったことから、買付け理由等の形式的な質問しか行っていない社があった。 ロ 売買審査においてグループ性が強く疑われたこと等から、本件関連顧客の面談を実施している社もあるが、当該顧客全員から本人の取引であるとの回答があり、借名取引と断定することができなかった。 （ 備考） 今回の検査においては、顧客管理態勢の検証の一環として、疑わしい取引の届出に係る態勢整備の状況及び反社会的勢力への対応状況についても併せて検証を行った。 Ａ 疑わしい取引の届出 疑わしい取引の届出については、各社の届出に係る判断基準に相当のバラツキがあり、また、届出件数等についても大きな差異が認められた。 今回の検査実施先のうち、本件関連口座または本件銘柄に対して立替金発生前に売買審査においてグループ性が疑われたこと等から新規信用取引停止等の措置を講じていたにもかかわらず、本件関連口座の疑わしい取引の届出が立替金の発生後となっていた社があったほか、検査基準日（検査着手日の前日）時点で本件関連口座について届出を行っていない社もあった。 また、本件関連口座以外ではほとんど届出を行っていない社も多い。当該届出をテロ、麻薬、暴力団等に関するものについてのみ行うものと理解している社があった。 Ｂ 反社会的勢力への対応 反社会的勢力に関する内部・外部情報の収集、分析及び一元管理を行う態勢が十分整備されていない社が認められた。今回の検査実施先の中には、反社会的勢力に関する情報収集を全く行っていない社もあった。 反社会的勢力との取引を防止するために、口座開設時または定期的にデータベースに基づくチェックを十分行っていない社が認められた。今回の検査実施先の中には、口座開設時に反社会的勢力のチェックを全く行っていない社もあった。 (2) 与信リスク管理態勢 本件については、今回検査を実施したほぼすべての社において、売買審査部門や外部からの情報等に基づき、本件関連口座または本件銘柄について立替金発生前に新規信用取引停止等の措置を講じているが、その実施時期には相当のバラツキが見られる。 本件の場合、本件関連顧客が、各社の上記新規信用取引停止等の措置に応じて取引する証券会社を移動させており、また、各社の措置の内容がそれぞれ異なること等から、当該措置の実施時期だけをもって与信リスク管理態勢等の適切性を判断することはできないが、一部の証券会社は、与信リスク管理態勢等に軽微でない弱点があったために、当該措置の実施が遅れてしまったと認められる。新規信用取引停止措置等の社内運用ルールが明確化されていなかった社も多い。 一般信用取引 イ 早期に新規信用取引停止等の措置を講じていた社においても立替金が発生している原因のひとつが、本件関連顧客が一般信用取引を利用していたため、既存ポジションを減少させることが困難であったことである。今回立替金が発生した社の中には一般信用取引において発生した社がかなりある。 ロ 今回の検査実施先の中には、一般信用取引のリスク特性に留意した与信リスク管理が不十分であったと認識し、一般信用取引に対する代用有価証券に係る規制等の改善策を実施している社があった。 ハ なお、早期に新規信用取引停止等の措置を講じた社の中には、本件銘柄の新規信用取引を停止したこと等から本件銘柄の信用取引はゼロであったものの、本件銘柄を代用有価証券として受け入れていたため立替金が発生した社があり、ある社はその改善策として、流動性等を加味して代用有価証券の掛け目を変更する社内ルールを整備している。 新興市場等の流動性リスク イ 今回の検査実施先の中には、自己資本規制比率に基づく信用取引残高総額の管理と、委託保証金（追証）管理の観点からの口座管理以外は、顧客毎の建玉限度額の設定のみで、それ以上特段の与信リスク管理を行っていなかった社が多い。 ロ しかしながら、今回明らかになったのは、流動性リスク等如何によっては、信用取引に係る与信リスクがかなり大きなものとなることであり、今回の検査実施先の中には、流動性リスク等に留意した与信リスク管理が不十分であったと認識し、改善策を実施・検討している社が多い。また銘柄別管理を新たに導入した社もあった。 「２階建て取引」 イ 代用有価証券と建玉とが同一銘柄であるいわゆる「２階建て取引」が、今回立替金が発生した口座の中にはかなりあった。その多くが、当初委託保証金として現金を預託していたものの、当該保証金により建玉を現引きし、代用有価証券として入庫したことから、事後的に「２階建て取引」となったものであった。 このことが、急激な株価の下落に対応するため建玉の処分を開始したものの、株価の下落により建玉及び代用有価証券の評価額の下落が同時に発生し、多額の立替金の発生に結びついたものと考えられる。 ロ 「２階建て取引」に対する与信リスク管理のあり方については、各社の与信リスク管理態勢全体の中で議論する必要があるが、今回の検査実施先の中には、株価急落時の「２階建て取引」のリスク特性に留意した与信リスク管理が不十分であったと認識し、改善策を実施・検討している社があった。 対面取引とネット取引 イ 今回立替金の発生した口座のほとんどがネット取引口座であったが、ネット取引を取り扱う証券会社においては、平成15年６月30日の当委員会の建議にもあるように、対面取引とは異なる、インターネットの非対面性という特性に配慮した顧客管理態勢や与信リスク管理態勢を構築する必要があると考えられる。 ロ しかしながら、今回の検査実施先の中には、対面取引においては原則「２階建て取引」を認めていないが、ネット取引においては認めている社があった。また、ネット取引の建玉限度額を対面取引より大きく設定している社もあった。更に、信用取引開始基準等において、ネット取引について対面取引より緩和されたものとなっている社も多い。 顧客管理部門や売買管理部門とリスク管理部門の連携 イ 本件に対する対応が遅れた社の中には、顧客管理部門や売買管理部門がリスク管理部門に対して取引の状況等の情報を伝達していなかった、あるいはリスク管理部門がそうした情報をリスク管理に反映させていなかった社が認められた。今回の検査実施先の中には、この点を与信リスク管理上不十分であった点として認識し、改善策を実施・検討している社も多い。 ロ なお、今回多額の立替金を発生させた社の中には、売買審査において高い売買関与率により複数回抽出されていたにも関わらず、それを看過していた事例があった。 業界内における情報の共有化 イ 今回の検査実施先のうち早期に本件銘柄等に対応した社の多くは、同業他社の対応状況に関する情報、東京証券取引所からの照会等を契機として、新規信用取引停止等の措置を講じている。 ロ 本件のような、ネット取引の非対面性等を悪用し、多数の証券会社において多数の借名口座を開設する不公正取引に対応するためには、個人情報の保護に留意した上で業界内の情報交換や共同データベースの構築、証券取引所による迅速かつ横断的な情報提供等による業界内における情報の共有化が必要と考えられる。 ４ ．今後の検査 (1) 今回の検査においては、上記のような問題点が認められたものの、以下の点を考慮し、各社に対する具体的な問題点の指摘は、内部管理態勢に明らかに問題の認められた一部のケースに留めることとした。 今回の検査は、顧客管理や与信リスク管理といった態勢面に重点をおいて横断的に実施した初めての検査である。 本件を踏まえ、既に各社において、また業界内においても、改善策が実施あるいは検討されている。 顧客管理態勢や与信リスク管理態勢については、各社の規模・特性等に応じて整備される必要があること等から、何がミニマム・スタンダードであり、ベスト・プラクティスであるかについての判断基準が必ずしもまだ確立してない。 (2) しかしながら、一部の証券会社においては、与信リスク管理態勢等に軽微でない弱点があったために、多額の立替金を発生させたと認められる。また、各社が実施・検討している改善策の有効性や実効性について今後検証する必要がある。 他方、疑わしい取引の届出や反社会的勢力への対応については、金融商品取引業者等向けの総合的な監督指針や金融商品取引業者等検査マニュアル等において規定の整備が図られている。また、自主規制機関においても、日本証券業協会が、本件銘柄の信用取引に係る会員の対応状況を踏まえ、昨年12月に与信リスク管理態勢等の留意事項を取りまとめ会員に通知している。東京証券取引所も、昨年６月及び10月に信用取引に係るガイドラインを見直し、日々公表銘柄のうち信用取引残高が継続的に増加している銘柄を取引参加者及び投資家に対して周知すること等としている。各証券会社においては、こうした取組み等に対応して、与信リスク管理態勢等を再度自己点検し、各社の規模・特性等に応じた管理態勢を整備していく必要があると考えられる。 従って、当委員会としては、今後、各社や自主規制機関との対話を重ね、与信リスク管理態勢等のあり方についての認識の共有化に努めるとともに、各社の与信リスク管理態勢等に軽微でない問題点があり、その業務の適切性や財務の健全性に対する影響が認められる場合には、必要に応じ、検査を通じてその改善を促していくこととしたい。
2008-01-25,宝印刷株式会社,,宝印刷株式会社関係者からの情報受領者②による内部者取引に対する課徴金納付命令の勧告について（平成20年1月25日）,https://www.fsa.go.jp/sesc/news/c_2008/2008/20080125-2.html,"宝印刷株式会社関係者からの情報受領者(2)による内部者取引に対する課徴金納付命令の勧告について 平成２０年１月２５日 証券取引等監視委員会 １ ．勧告の内容 証券取引等監視委員会は、宝印刷株式会社関係者からの情報受領者による内部者取引について検査した結果、下記のとおり法令違反の事実が認められたので、本日、内閣総理大臣及び金融庁長官に対して、金融庁設置法第20条第１項の規定に基づき、課徴金納付命令を発出するよう勧告を行った。 ２ ．法令違反の事実関係 課徴金納付命令対象者は、日本精工株式会社ほか２社の契約締結先である宝印刷株式会社社員から、同人がその契約の履行に関し知った日本精工株式会社ほか２社が、それぞれ株式会社天辻鋼球製作所ほか２社の株券の公開買付けを行うことを決定した事実の伝達を受け、これらの事実が公表される前に、平成17年12月13日から平成18年10月２日までの間、株式会社天辻鋼球製作所ほか２社の株券合計2,100株を総額404万500円で買い付けたものである。 課徴金納付命令対象者が行った上記の行為は、金融商品取引法第175条第２項に規定する「第百六十七条第一項又は第三項の規定に違反して、自己の計算において同条第一項に規定する特定株券等若しくは関連株券等に係る買付け等又は同項に規定する株券等に係る売付け等をした」行為に該当すると認められる。 同人が買い付けた株券の銘柄、買付価額等の詳細については、 別紙１ (PDF/84KB) のとおり。 ３ ．課徴金額の計算 上記の違法行為に対し金融商品取引法に基づき納付を命じられる課徴金額は、76万円である。 計算方法の詳細については、 別紙２ (PDF/88KB) のとおり。"
2008-01-25,株式会社名古屋証券取引所,,株式会社名古屋証券取引所に対する検査結果に基づく勧告について（平成20年1月25日）,https://www.fsa.go.jp/sesc/news/c_2008/2008/20080125-3.html,株式会社名古屋証券取引所に対する検査結果に基づく勧告について 平成２０年１月２５日 証券取引等監視委員会 １ ．勧告の内容 証券取引等監視委員会は、株式会社名古屋証券取引所（名古屋市中区、役職員54名）を検査した結果、当該金融商品取引所に下記の事実が認められたので、平成19年12月13日、内閣総理大臣及び金融庁長官に対して、金融庁設置法第20条第１項の規定に基づき、行政処分を行うよう勧告した。 ２ ．事実関係 (1) 上場審査業務に係る不備 株式会社名古屋証券取引所は、その開設する取引所金融商品市場であるセントレックスへの有価証券の上場審査において、複数の銘柄に関し、その成長可能性を判断するに際し、利益計画の策定根拠及びその合理性、妥当性の一部について、実現可能性等の観点から十分な審査を行っていない不備が認められた。 （参考） 具体的には、複数の上場申請会社について、 上場申請当期に著しい予実の差異が生じ、かつ、その前期に売上計上の是非に関連し監査法人が変更されている、 上場申請の直後に当該期の売上高等が数回にわたり減額された結果、売上高の上昇基調が継続していると判断し得る最低水準にとどまる等の事実が認められているなど、十分な審査が求められる状況であったにもかかわらず、当取引所が、十分な審査を行っていないといった不備が認められた。 当該金融商品取引所の上記のような業務の運営の状況は、金融商品取引法第153条の規定による監督上必要な措置をとることを命ずることができる場合の要件となる「業務の運営（中略）に関し、公益又は投資者保護のため必要かつ適当であると認めるとき」に該当するものと認められる。 (2) 前回検査指摘事項等の改善措置の実施状況等に係る不備 株式会社名古屋証券取引所は、前回の当委員会検査及び金融庁検査において不備を指摘された事項等について、改善報告書を提出し改善措置を講じているとしていたにもかかわらず、一部の指摘事項等への改善措置の実施状況等に不備が認められた。 （参考） 具体的には、 考査業務について、前回検査において売買審査の結果等の情報を利用するよう指摘されていたが、結果的にその改善が図られていなかった、 売買審査業務については、前回検査の指摘事項の改善は図られていたものの、株価形成に係る売買審査の審査項目等に不備があり、その実効性が不十分であるといった不備が認められた。 当該金融商品取引所の上記のような業務の運営の状況は、金融商品取引法第153条の規定による監督上必要な措置をとることを命ずることができる場合の要件となる「業務の運営（中略）に関し、公益又は投資者保護のため必要かつ適当であると認めるとき」に該当するものと認められる。
2008-02-01,株式会社アスキーソリューションズ,,株式会社アスキーソリューションズに係る有価証券報告書等の虚偽記載に係る課徴金納付命令勧告について（平成20年2月1日）,https://www.fsa.go.jp/sesc/news/c_2008/2008/20080201.html,"株式会社アスキーソリューションズに係る有価証券報告書等の虚偽記載に係る課徴金納付命令勧告について 平成２０年２月１日 証券取引等監視委員会 １ ．勧告の内容 証券取引等監視委員会は、株式会社アスキーソリューションズに係る有価証券報告書等の虚偽記載について検査した結果、下記のとおり法令違反の事実が認められたので、本日、内閣総理大臣及び金融庁長官に対して、金融庁設置法第20条第１項の規定に基づき、課徴金納付命令を発出するよう勧告を行った。 ２ ．法令違反の事実関係 株式会社アスキーソリューションズは、 (1) 有価証券報告書等について、 平成18年６月29日、売上の過大計上及び費用の無形固定資産への付替え等により、純資産額が520百万円（百万円未満切捨て。以下、当期純利益額、純資産額、中間純損失額、平成17年４月１日から同年12月31日までの期間における経常損益額及び純損益額について同じ。）であったにもかかわらず、純資産額に相当する「資本合計」欄に615百万円と記載するなどした貸借対照表、及び当期純利益が56百万円であったにもかかわらず、これを151百万円と記載するなどした損益計算書を掲載した平成18年３月期有価証券報告書を 平成18年12月21日、売上債権の過大計上及び棚卸資産の過大計上等により、純資産額が669百万円であったにもかかわらず、純資産額に相当する「純資産合計」欄に1071百万円と記載するなどした中間貸借対照表、及び中間純損益が358百万円の損失であったにもかかわらず、これを51百万円の損失と記載するなどした中間損益計算書を掲載した平成18年９月中間期半期報告書を 平成19年６月１日、売上債権の過大計上等により、純資産額が669百万円であったにもかかわらず、純資産額に相当する「純資産合計」欄に858百万円と記載するなどした中間貸借対照表、及び中間純損益が358百万円の損失であったにもかかわらず、これを263百万円の損失と記載するなどした中間損益計算書を掲載した平成18年９月中間期半期報告書の訂正報告書を 平成19年６月28日、前渡金の過大計上等により、純資産額が196百万円であったにもかかわらず、純資産額に相当する「純資産合計」欄に386百万円と記載するなどした貸借対照表を掲載した平成19年３月期有価証券報告書を それぞれ、関東財務局長に対して提出した。 同社が行った上記の各行為は、金融商品取引法第172条の２第１項又は第２項に規定する「重要な事項につき虚偽の記載がある」有価証券報告書等を提出した行為に該当すると認められる。 (2) 有価証券届出書について、 平成18年３月１日、売上の過大計上等により、経常損益が５百万円の損失であったにもかかわらず、これを18百万円の利益と、純損益が８百万円の損失であったにもかかわらず、これを15百万円の利益と記載するなどした平成17年４月１日から同年12月31日までの期間における損益計算書を掲載した有価証券届出書を関東財務局長に対して提出し、同有価証券届出書に基づく募集により、平成18年４月５日、1,500株の株券を525,000,000円で、 平成19年８月10日、平成19年３月期有価証券報告書を組込情報とする有価証券届出書を関東財務局長に対して提出し、同有価証券届出書に基づく募集により、同年８月27日、2,650株の株券を153,700,000円で それぞれ、取得させた。 同社が行った上記の各行為は、金融商品取引法第172条第１項第１号に規定する「重要な事項につき虚偽の記載がある」発行開示書類に基づく募集により有価証券を取得させた行為に該当すると認められる。 ３ ．課徴金の額の計算 上記の違法行為に対し金融商品取引法に基づき納付を命じられる課徴金の額は、1,957万円である。 (1) 金融商品取引法第172条の２第１項及び同法施行令第33条の５の３の規定により、平成18年３月期有価証券報告書について、 同有価証券報告書に記載されている貸借対照表に計上されている資産の額の合計額（1,731,850,061円）から負債の額の合計額（1,116,319,322円）を控除して得た額（615,530,739円）に10万分の３を乗じて得た額（18,465円） が 3,000,000円 を超えないことから、同有価証券報告書に係る課徴金の額は、3,000,000円となる。 (2) 金融商品取引法第172条の２第１項又は同第２項の規定により、平成18年９月中間期半期報告書及び同半期報告書に係る訂正報告書並びに平成19年３月期有価証券報告書に係る課徴金の額について、 当該法人が発行する算定基準有価証券の市場価額の総額に10万分の３を乗じて得た額（131,117円） が 3,000,000円 を超えないことから、同半期報告書及び同訂正報告書並びに同有価証券報告書に係る個別決定ごとの算出額は、 同半期報告書については、3,000,000円の２分の１に相当する額である1,500,000円 同訂正報告書については、3,000,000円の２分の１に相当する額である1,500,000円 同有価証券報告書については、3,000,000円 となる。 ここで、金融商品取引法第185条の７第２項の規定により、同一の事業年度に係る２以上の虚偽の継続開示書類が提出されたときは、課徴金の額を調整することとなるため、下記のとおり300万円を個別決定ごとの算出額に基づき按分した金額が課徴金の額となる。 平成18年９月中間期半期報告書について 3,000,000×1,500,000／（1,500,000＋1,500,000＋3,000,000） ＝750,000円 同半期報告書に係る訂正報告書について 3,000,000×1,500,000／（1,500,000＋1,500,000＋3,000,000） ＝750,000円 平成19年３月期有価証券報告書について 3,000,000×3,000,000／（1,500,000＋1,500,000＋3,000,000） ＝1,500,000円 (3) 金融商品取引法第172条第１項第１号の規定により、重要な事項につき虚偽の記載がある発行開示書類に基づく募集により取得させた株券等の発行価額の総額の100分の２に相当する額が課徴金の額となることから、 平成18年３月１日提出の有価証券届出書に係る課徴金の額は、 525,000,000円×２／100＝10,500,000円 平成19年８月10日提出の有価証券届出書に係る課徴金の額は、 153,700,000円×２／100＝3,074,000円 について、金融商品取引法第176条第２項の規定により１万円未満を切り捨てて、3,070,000円 となる。"
2008-01-25,宝印刷株式会社,,宝印刷株式会社関係者からの情報受領者①による内部者取引に対する課徴金納付命令の勧告について（平成20年1月25日）,https://www.fsa.go.jp/sesc/news/c_2008/2008/20080125-1.html,"宝印刷株式会社関係者からの情報受領者(1)による内部者取引に対する課徴金納付命令の勧告について 平成２０年１月２５日 証券取引等監視委員会 １ ．勧告の内容 証券取引等監視委員会は、宝印刷株式会社関係者からの情報受領者による内部者取引について検査した結果、下記のとおり法令違反の事実が認められたので、本日、内閣総理大臣及び金融庁長官に対して、金融庁設置法第20条第１項の規定に基づき、課徴金納付命令を発出するよう勧告を行った。 ２ ．法令違反の事実関係 課徴金納付命令対象者は、オーツキ・ストラテジック・インベストメント株式会社ほか９社の契約締結先である宝印刷株式会社社員から、同人がその契約の履行に関し知ったオーツキ・ストラテジック・インベストメント株式会社ほか９社が、それぞれテクノエイト株式会社ほか９社の株券の公開買付けを行うことを決定した事実の伝達を受け、これらの事実が公表される前に、平成17年11月10日から平成19年８月６日までの間、テクノエイト株式会社ほか９社の株券合計１万1,700株を総額833万9,000円で買い付けたものである。 課徴金納付命令対象者が行った上記の行為は、金融商品取引法第175条第２項に規定する「第百六十七条第一項又は第三項の規定に違反して、自己の計算において同条第一項に規定する特定株券等若しくは関連株券等に係る買付け等又は同項に規定する株券等に係る売付け等をした」行為に該当すると認められる。 同人が買い付けた株券の銘柄、買付価額等の詳細については、 別紙１ (PDF/95KB) のとおり。 ３ ．課徴金額の計算 上記の違法行為に対し金融商品取引法に基づき納付を命じられる課徴金額は、167万円である。 計算方法の詳細については、 別紙２ (PDF/96KB) のとおり。"
2008-01-22,株式会社サンシティ,,株式会社サンシティの株券に係る内部者取引に対する課徴金納付命令の勧告について（平成20年1月22日）,https://www.fsa.go.jp/sesc/news/c_2008/2008/20080122.html,株式会社サンシティの株券に係る内部者取引に対する課徴金納付命令の勧告について 平成２０年１月２２日 証券取引等監視委員会 １ ．勧告の内容 証券取引等監視委員会は、株式会社サンシティの株券に係る内部者取引について検査した結果、下記のとおり法令違反の事実が認められたので、本日、内閣総理大臣及び金融庁長官に対して、金融庁設置法第２０条第１項の規定に基づき、課徴金納付命令を発出するよう勧告を行った。 ２ ．法令違反の事実関係 課徴金納付命令対象者は、株式会社サンシティの役員であったが、同社が転換社債型新株予約権付社債を引き受ける者の募集を行うことを決定した事実をその職務に関し知り、この事実が公表される平成１８年７月２０日以前の同年５月３０日及び同年６月１日に、株券合計４８株を総額４７０万８，８００円で売り付けたものである。 同人が行った上記の行為は、金融商品取引法第１７５条第１項に規定する「第百六十六条第一項又は第三項の規定に違反して、自己の計算において同条第一項に規定する売買等をした」行為に該当すると認められる。 ３ ．課徴金額の計算 上記の違法行為に対し金融商品取引法に基づき納付を命じられる課徴金額は、５３万円である。 計算方法の詳細については、 別紙 (PDF/80KB)のとおり。
