date,stock_name,stock_code,title,link,content
2009-12-08,建設株式会社,1619,山﨑建設株式会社社員による内部者取引に対する課徴金納付命令の勧告について（平成21年12月8日）,https://www.fsa.go.jp/sesc/news/c_2009/2009/20091208_1.html,"平成２１年１２月８日 証券取引等監視委員会 山﨑建設株式会社社員による内部者取引に対する課徴金納付命令の勧告について １．勧告の内容 証券取引等監視委員会は、山﨑建設株式会社社員による内部者取引について検査した結果、下記のとおり法令違反の事実が認められたので、本日、内閣総理大臣及び金融庁長官に対して、金融庁設置法第２０条第１項の規定に基づき、課徴金納付命令を発出するよう勧告を行った。 ２．法令違反の事実関係 課徴金納付命令対象者は、山﨑建設株式会社の社員であったが、同社が更生手続開始の申立てを行うことを決定した事実をその職務に関し知り、この事実が公表された平成２０年１０月３０日より前の同月２８日から同月３０日までの間に、山﨑建設株式会社の株券合計５万１，０００株を売付価額２４６万７，０００円で売り付けたものである。 課徴金納付命令対象者が行った上記の行為は、金融商品取引法（平成２０年法律第６５号による改正前のもの。以下「旧金融商品取引法」という。）第１７５条第１項に規定する「第１６６条第１項又は第３項の規定に違反して、自己の計算において同条第１項に規定する売買等をした」行為に該当すると認められる。 ３．課徴金の額の計算 上記の違法行為に対し金融商品取引法に基づき納付を命じられる課徴金の額は、１９０万円である。 計算方法の詳細については、別紙のとおり。 （別紙） ○　課徴金の額の計算方法について 旧金融商品取引法第１７５条第１項に基づき、課徴金の額は、 （売付価格）×（売付株数）－（重要事実が公表された翌日の終値等）×（売付株数） となる。 したがって、重要事実の公表翌日は売買が成立せず、値がつかなかったため、以後の直近の山﨑建設株式会社の株価である平成２０年１１月４日の株価の始値は、１１円であることから、課徴金の額は下記の金額となる。 売付価額２，４６７，０００円（注）－（１１円×５１，０００株）＝１，９０６，０００円 ⇒課徴金の額は１万円未満を切り捨てるため、 １９０万円 （注）売付価額は、 ┌ │ │ │ │ │ │ │ │ │ │ └ 35円×8,000株 37円×2,000株 ┐ │ │ │ │ │ │ │ │ │ │ ┘ の合計額である。 40円×5,000株 45円×1,000株 48円×1,000株 49円×6,000株 50円×8,000株 51円×6,000株 52円×3,000株 53円×1,000株 54円×2,000株 61円×3,000株 64円×5,000株"
2009-12-08,コスモ証券株式会社,,コスモ証券株式会社に対する検査結果に基づく勧告について（平成21年12月8日）,https://www.fsa.go.jp/sesc/news/c_2009/2009/20091208_2.html,"平成２１年１２月８日 証券取引等監視委員会 コスモ証券株式会社に対する検査結果に基づく勧告について １．勧告の内容 証券取引等監視委員会は、コスモ証券株式会社（大阪府大阪市中央区、資本金135億円、役職員919名）を検査した結果、下記のとおり、当該金融商品取引業者及びその役員に係る法令違反等の事実が認められたので、本日、内閣総理大臣及び金融庁長官に対して、金融庁設置法第20条第１項の規定に基づき、行政処分及びその他の適切な措置を講ずるよう勧告した。 ２．事実関係 ○　法令違反その他の不適当な勧誘行為が組織的かつ多数行われ、それが看過されているなど、経営管理態勢及び営業管理態勢に重大な不備が認められる状況 コスモ証券株式会社（以下「当社」という。）は、投資信託の主力商品として、平成20年11月以降、ブル型・ベア型の投資信託（以下「ブルベア投信」という。）の取扱いを開始し、同21年３月以降は、これに替わり、毎月分配型投資信託の４銘柄（以下「毎月分配型４投信」という。）の販売に注力していたが、当社において、当該主力商品に係る営業に関して、下記のとおり、コンプライアンスよりも収益（手数料等）を優先する考えのもと、法令違反その他の不適当な勧誘行為が業務組織を通して多数行われ、それが看過されているなどといった状況が認められた。 (1)　ブルベア投信について 収益を優先した営業推進の状況 当社において営業を統括している取締役常務執行役員営業本部長（以下「営業本部長」という。）をはじめとする営業本部は、平成20年11月以降、営業本部長自ら各部店長に電話にて指示するなどし、営業員にブルベア投信に係る残高目標を課すとともに、日々、営業員ごとの残高やその推移、ブルベア投信に係る受入手数料を集計・把握するなどし、コンプライアンスよりも優先して収益（手数料等）目標を達成するよう強力に営業推進を行っていた。 法令違反その他の不適当な乗換勧誘 ア．整合性のない勧誘 平成20年11月から同21年８月までの間の2,885顧客に係る取引を検証したところ、収益（手数料等）を上げるため、同一の営業員が同一日において、別々の顧客に対して合理的な理由なく異なる相場観等を伝え、ブル型及びベア型双方につき乗換えを勧誘している事例が、183営業員により1,154顧客に対して合計3,111件認められた。当該3,111件によって顧客が負担した手数料は、総額約237百万円となっている。 イ．重要な事項につき説明を欠く乗換勧誘 平成20年11月から同21年８月までの間の取引につき38顧客を抽出して検証したところ、乗換勧誘時に売却する投資信託の概算損益につき説明されていない取引が30営業員により237件認められ、乗換えに関する重要な事項が説明されていない状況が認められた。これは、当社においては、投資信託の乗換えの勧誘に関して誤った解釈に基づく取扱いがなされていたことによるものであった。 また、上記38顧客のうち、平成21年２月の乗換え回数が５回以上の顧客は11名であり、当該11顧客については頻繁に乗換えが行われているものと認められた。 コンプライアンスに係る内部牽制等が機能していない状況 当社においては、平成21年４月及び５月に、業務監査部の営業考査課及び検査部がブルベア投信について調査及び特別検査を実施し、月例報告会等において、営業考査課レポート及び特別検査の結果の報告が行われ、ブルベア投信に関する注意喚起がなされるなどした。しかしながら、当該注意喚起等が営業員等に徹底されておらず、その後も上記 ア.の整合性のない勧誘は行われており、ブルベア投信に係る不適当な勧誘行為を是正するには不十分な状況となっており、また、下記(2)の毎月分配型４投信に係る不適当な勧誘行為に対する抑止にもなっていない状況が認められた。 (2)　毎月分配型４投信について 収益を優先した営業推進の状況 当社において営業本部は、平成21年３月以降、毎月分配型４投信についても、ブルベア投信に引き続き、コンプライアンスよりも優先して収益（手数料等）目標を達成するよう営業推進をし、これにより収益優先の営業活動が各営業部店において現に行われていることを承知していながら、これを黙認している状況にあったものと認められる。 法令違反その他の不適当な乗換勧誘 平成21年３月から同年８月までの間の取引につき128顧客を抽出して検証したところ、当社においては、上記 の営業本部主導による収益目標を達成するためとして、下記ア.及びイ.の不適当な勧誘行為が行われている事例が、18部店の営業員40名により56顧客に対して合計84件認められた。当該84件によって顧客が負担した手数料は、総額約24百万円となっている。 ア．非勧誘を偽装していた点について 当社コンプライアンスマニュアルは、買付後６か月未満の乗換提案の禁止及び高齢者に対する勧誘制限等の取引規制を定めており、乗換提案を行う場合には、乗換えに係る重要事項等を説明したことを記載する「投資信託乗換提案説明書」を作成して事前に部店長・内部管理責任者の承認を得ることなどを規定している。しかしながら、当該勧誘制限等を回避するために非勧誘を装っていた事例が上記のとおり84件認められ、その際、当該営業員らは、上記「投資信託乗換提案説明書」を作成していなかった。 イ．重要な事項につき説明を欠いていた点について 上記ア.のとおり非勧誘を装っていた結果、上記84件の全取引につき、顧客に対して、矛盾していたり一貫性のない説明あるいは偏った説明により乗換勧誘を繰り返したり、乗換えに係る合理性を含む顧客の投資判断に影響を及ぼす重要な事項について説明をすることなく乗換勧誘をしている状況が認められた。 社内管理態勢の不備 上記 の18部店すべての部店長は、同 ア.のような非勧誘を装った乗換勧誘が各営業部店で行われていた状況を承知していながら、収益優先の考えのもとに黙認していたとしており、このうち２支店においては、支店長及び副支店長自らが非勧誘を装った乗換勧誘を行っていた。 また、当社は、投信アラーム・アテンション制度を定め、顧客に対して過度な投資勧誘が行われていないかをモニタリングするとしているほか、乗換勧誘を行うことに経済合理性があるか等について業務監査部が日々モニタリングを実施することとしているが、いずれにおいても上記 の毎月分配型４投信に係る不適当な事例を全く把握できていなかった。 (3)　なお、当社においては、適切な業務運営を図る責任のある社長をはじめとする経営陣が上記のような法令違反その他の不適当な勧誘行為や内部管理態勢の不備につき、これを是正すべく指導・管理をしたというような事情は、今回検査において把握されていない。 上記のとおり、当社においては、経営陣の一人である営業本部長をはじめとする営業本部がコンプライアンスよりも収益（手数料等）を優先する考えのもとで強力な営業推進を行うなどした結果、投資信託の主力商品に係る営業において、不適当な勧誘行為が営業本部や営業部店等の業務組織を通して多数行われ、顧客に多額の手数料を負担させていた。また、当社においては、そのような不適当な勧誘行為につき、内部管理部門による十分な牽制機能等が果たされず、看過されており、さらに経営陣においてもこれらの不適切な業務運営の把握・管理等ができておらず、当社の経営管理態勢及び営業管理態勢には重大な不備があるものと認められる。 また、営業本部長は、とりわけ営業に係る適切な業務運営を図るべき立場にあるにもかかわらず、自らの指示等が不適当な勧誘行為につながる可能性があることを認識していながら、コンプライアンスよりも収益（手数料等）を優先する考えのもと強力な営業推進をするなどした結果、上記(1) 及び(2) の不適当な勧誘行為を多数生じさせており、当該各勧誘行為は当該役員に係る行為と認められる。 当該金融商品取引業者及びその役員に係る上記(1) イ.及び(2) イ.の乗換勧誘の際に重要な事項を説明していない状況は、金融商品取引法第40条第２号に基づく金融商品取引業等に関する内閣府令第123条第１項第９号の「投資信託受益証券等の乗換えを勧誘するに際し、顧客に対して、当該乗換えに関する重要な事項について説明を行っていない状況」に該当するものと認められる。 また、当該金融商品取引業者における上記の業務の運営の状況は、法令違反に該当しない不適当な勧誘行為並びに経営管理態勢及び営業管理態勢に係る重大な不備についても、行政処分によりその業務の改善を求める必要が高いものと認められ、金融商品取引法第51条の「業務の運営の状況に関し、公益又は投資者保護のため必要かつ適当であると認めるとき」に該当するものと認められる。また、当該金融商品取引業者の役員に係る法令違反に該当しない不適当な勧誘行為は、同法第64条の５第１項第２号の「著しく不適当な行為をしたと認められるとき」に該当するものと認められる。"
2009-12-15,株式会社アリサカ社員による内部者取引,,株式会社アリサカ社員による内部者取引に対する課徴金納付命令の勧告について（平成21年12月15日）,https://www.fsa.go.jp/sesc/news/c_2009/2009/20091215_2.html,"平成２１年１２月１５日 証券取引等監視委員会 株式会社アリサカ社員による内部者取引に対する課徴金納付命令の勧告について １．勧告の内容 証券取引等監視委員会は、株式会社アリサカ社員による内部者取引について検査した結果、下記のとおり法令違反の事実が認められたので、本日、内閣総理大臣及び金融庁長官に対して、金融庁設置法第２０条第１項の規定に基づき、課徴金納付命令を発出するよう勧告を行った。 ２．法令違反の事実関係 課徴金納付命令対象者(1)は、株式会社アリサカ（以下「アリサカ」という。）の社員であったが、アリサカにおいて複数年度に亘る不適切な会計処理が判明した旨の同社の運営、業務又は財産に関する重要な事実であって投資者の投資判断に著しい影響を及ぼす事実（以下「本件重要事実」という。）をその職務に関し知り、この事実が公表された平成２０年５月２７日より前の同月１６日に、アリサカの株券合計２，０００株を売付価額６０万４，２００円で売り付けたものである。 課徴金納付命令対象者(2)は、アリサカの社員であったが、本件重要事実をその職務に関し知り、この事実が公表された平成２０年５月２７日より前の同月１６日に、アリサカの株券合計５００株を売付価額１５万１，７００円で売り付けたものである。 上記２名が行った上記の行為は、金融商品取引法（平成２０年法律第６５号による改正前のもの。以下「旧金融商品取引法」という。）第１７５条第１項に規定する「第１６６条第１項又は第３項の規定に違反して、自己の計算において同条第１項に規定する売買等をした」行為に該当すると認められる。 ３．課徴金の額の計算 上記の違法行為に対し、金融商品取引法に基づき納付を命じられる課徴金額は下記のとおり。 課徴金納付命令対象者(1) ３１万円 課徴金納付命令対象者(2) ８万円 計算方法の詳細については、別紙のとおり。 （別紙） ○　課徴金の額の計算方法について 旧金融商品取引法第１７５条第１項に基づき、課徴金の額は、 （売付価格）×（売付株数）－（重要事実が公表された翌日の終値等）×（売付株数） となる。 したがって、重要事実の公表翌日の平成２０年５月２８日の株式会社アリサカの株価の終値は、１４３円であることから、課徴金の額は下記の金額となる。 課徴金納付命令対象者(1) 売付価額６０４，２００円 （注） －（１４３円×２，０００株）＝３１８，２００円 ⇒課徴金の額は１万円未満を切り捨てるため、 ３１万円 (注)売付価額は、302円×1,800株、303円×200株 の合計額である。 課徴金納付命令対象者(2) 売付価額１５１，７００円 （注） －（１４３円×５００株）＝８０，２００円 ⇒課徴金の額は１万円未満を切り捨てるため、 ８万円 (注)売付価額は、302円×100株、303円×100株、304円×300株 の合計額である。"
2009-12-15,株式会社日立製作所,6501,株式会社日立製作所社員からの情報受領者による内部者取引に対する課徴金納付命令の勧告について（平成21年12月15日）,https://www.fsa.go.jp/sesc/news/c_2009/2009/20091215_1.html,"平成２１年１２月１５日 証券取引等監視委員会 株式会社日立製作所社員からの情報受領者による内部者取引に対する課徴金納付命令の勧告について １．勧告の内容 証券取引等監視委員会は、株式会社日立製作所社員からの情報受領者による内部者取引について検査した結果、下記のとおり法令違反の事実が認められたので、本日、内閣総理大臣及び金融庁長官に対して、金融庁設置法第２０条第１項の規定に基づき、課徴金納付命令を発出するよう勧告を行った。 ２．法令違反の事実関係 課徴金納付命令対象者は、 日本電産株式会社との公開買付けの応募に関する合意に係る契約の締結交渉先の株式会社日立製作所の社員から、同人がその契約の締結の交渉に関し知った、日本電産株式会社が日本サーボ株式会社（現日本電産サーボ株式会社）の株券の公開買付けを行うことを決定した事実の伝達を受け、この事実が公表された平成１９年３月１３日より前の同月１２日に、同株券合計２万５，０００株を、自己の計算において、買付価額４９５万円で買い付けた。 課徴金納付命令対象者が行った上記の行為は、平成２０年法律第６５号による改正前の金融商品取引法（以下「旧金融商品取引法」という。）第１７５条第２項に規定する「第１６７条第１項又は第３項の規定に違反して、自己の計算において同条第１項に規定する特定株券等若しくは関連株券等に係る買付け等又は同項に規定する株券等に係る売付け等をした」行為に該当すると認められる。 株式会社日立製作所の社員から、同人がその職務に関し知った、株式会社日立製作所が日立工機株式会社の株券の公開買付けを行うことを決定した事実の伝達を受け、この事実が公表された平成２１年１月１５日より前の同月１４日に、同株券合計５，０００株を、自己の計算において、買付価額３７２万４，０００円で買い付け、 株式会社日立製作所の社員から、同人がその職務に関し知った、株式会社日立製作所が株式会社日立国際電気の株券の公開買付けを行うことを決定した事実の伝達を受け、この事実が公表された平成２１年１月１５日より前の同月１４日に、同株券１万１，０００株を、自己の計算において、買付価額４８４万円で買い付けた。 課徴金納付命令対象者が行った上記の行為は、金融商品取引法第１７５条第２項に規定する「第１６７条第１項又は第３項の規定に違反して、同条第１項に規定する特定株券等若しくは関連株券等に係る買付け等又は同項に規定する株券等に係る売付け等をした」行為に該当すると認められる。 ３．課徴金の額の計算 上記の違法行為に対し金融商品取引法に基づき納付を命じられる課徴金の額は、７５２万円である。 計算方法の詳細については、別紙のとおり。 （別紙） ○　課徴金の額の計算方法について (1)　日本サーボ株式会社の株券の買付けに係る課徴金の額 旧金融商品取引法第１７５条第２項に基づき、課徴金の額は、 （公開買付けの実施に関する事実が公表された翌日の終値等）×（買付株数）－（買付価格）×（買付株数） となる。 したがって、公開買付けの実施に関する事実の公表翌日の平成１９年３月１４日の日本サーボ株式会社の株価の終値は、３６２円であることから、課徴金の額は下記の金額となる。 （３６２円×２５，０００株）－買付価額４，９５０，０００円（１９８円×２５，０００株）＝４，１００，０００円 (2)　日立工機株式会社及び株式会社日立国際電気の株券の買付けに係る課徴金の額 金融商品取引法第１７５条第２項に基づき、課徴金の額は、 （公開買付けの実施に関する事実が公表された後２週間における最も高い価格）×（買付株数）－（買付価格）×（買付株数） となる。 したがって、 公開買付けの実施に関する事実の公表後２週間における日立工機株式会社の最も高い株価は、平成２１年１月１９日の１，０４２円であることから、課徴金の額は下記の金額となる。 （１，０４２円×５，０００株）－買付価額３，７２４，０００円（注）＝１，４８６，０００円 ⇒課徴金の額は１万円未満を切り捨てるため、 １４８万円 （注）買付価額は、743円×500株、745円×4,500株　の合計額である。 公開買付けの実施に関する事実の公表後２週間における株式会社日立国際電気の最も高い株価は、平成２１年１月１６日の６１７円であることから、課徴金の額は下記の金額となる。 （６１７円×１１，０００株）－買付価額４，８４０，０００円（４４０円×１１，０００株）＝１，９４７，０００円 ⇒課徴金の額は１万円未満を切り捨てるため、 １９４万円"
2009-12-18,株式会社ベルーナ社員らによる内部者取引,,株式会社ベルーナ社員らによる内部者取引に対する課徴金納付命令の勧告について（平成21年12月18日）,https://www.fsa.go.jp/sesc/news/c_2009/2009/20091218.html,"平成２１年１２月１８日 証券取引等監視委員会 株式会社ベルーナ社員らによる内部者取引に対する課徴金納付命令の勧告について １．勧告の内容 証券取引等監視委員会は、株式会社ベルーナ社員らによる内部者取引について検査した結果、下記のとおり法令違反の事実が認められたので、本日、内閣総理大臣及び金融庁長官に対して、金融庁設置法第２０条第１項の規定に基づき、課徴金納付命令を発出するよう勧告を行った。 ２．法令違反の事実関係 課徴金納付命令対象者(1)は、株式会社ベルーナ（以下「ベルーナ」という。）の社員であったが、同社が平成２０年３月期の業績予想を下方修正する事実をその職務に関し知り、この事実が公表された平成１９年１０月３１日より前の同月１２日及び同月１７日に、ベルーナの株券合計１，８００株を売付価額２０８万５，０００円で売り付けたものである。 課徴金納付命令対象者(2)は、ベルーナの社員から、同人がその職務に関し知った、ベルーナが特定商取引に関する法律に基づく業務停止命令の行政処分を受ける旨の事実（以下「本件重要事実」という。）の伝達を受け、この事実が公表された平成２０年７月９日午後２時３０分より前の同月４日に、ベルーナの株券合計１，７５０株を売付価額１２９万５，４５０円で売り付けたものである。 課徴金納付命令対象者(3)は、ベルーナとの業務委託契約の契約締結先の社員から、同人がその契約の履行に関して知った本件重要事実の伝達を受け、この事実が公表された平成２０年７月９日午後２時３０分より前の同日に、ベルーナの株券合計２，０００株を売付価額１４５万１，０００円で売り付けたものである。 上記３名が行った上記の行為は、金融商品取引法（平成２０年法律第６５号による改正前のもの。以下「旧金融商品取引法」という。）第１７５条第１項に規定する「第１６６条第１項又は第３項の規定に違反して、自己の計算において同条第１項に規定する売買等をした」行為に該当すると認められる。 ３．課徴金の額の計算 上記の違法行為に対し、金融商品取引法に基づき納付を命じられる課徴金額は下記のとおり。 課徴金納付命令対象者(1)　　２９万円 課徴金納付命令対象者(2)　　４０万円 課徴金納付命令対象者(3)　　４３万円 計算方法の詳細については、別紙のとおり。 （別紙） ○　課徴金の額の計算方法について 旧金融商品取引法第１７５条第１項に基づき、課徴金の額は、 （売付価格）×（売付株数）－（重要事実が公表された翌日の終値等）×（売付株数） となる。 したがって、 (1)　課徴金納付命令対象者(1)の違反行為に係る重要事実の公表翌日の平成１９年１１月１日の株式会社ベルーナの株価の終値は、９９６円、 (2)　課徴金納付命令対象者(2)(3)の違反行為に係る重要事実の公表翌日の平成２０年７月１０日の同社の株価の終値は、５０９円 であることから、課徴金の額は下記の金額となる。 課徴金納付命令対象者(1) 売付価額２，０８５，０００円（注）－（９９６円×１，８００株）＝２９２，２００円 ⇒課徴金の額は１万円未満を切り捨てるため、 ２９万円 （注）売付価額は、 ┌ │ └ 1,150円×1,500株　1,175円×100株 ┐ │ ┘ の合計額である。 1,209円×　100株　1,216円×100株 課徴金納付命令対象者(2) 売付価額１，２９５，４５０円（注）－（５０９円×１，７５０株）＝４０４，７００円 ⇒課徴金の額は１万円未満を切り捨てるため、 ４０万円 （注）売付価額は、 ┌ │ └ 739円×1,300株 740円×100株 ┐ │ ┘ の合計額である。 745円×　350株 課徴金納付命令対象者(3) 売付価額１，４５１，０００円（注）－（５０９円×２，０００株）＝４３３，０００円 ⇒課徴金の額は１万円未満を切り捨てるため、 ４３万円 （注）売付価額は、 722円×1,000株、729円×1,000株 の合計額である。"
2009-11-24,株式会社アルデプロ,,株式会社アルデプロに係る有価証券報告書等の虚偽記載に係る課徴金納付命令勧告について（平成21年11月24日）,https://www.fsa.go.jp/sesc/news/c_2009/2009/20091124.html,"平成２１年１１月２４日 証券取引等監視委員会 株式会社アルデプロに係る有価証券報告書等の虚偽記載に係る課徴金納付命令勧告について １．勧告の内容 証券取引等監視委員会は、株式会社アルデプロに係る有価証券報告書等の虚偽記載について検査した結果、下記のとおり法令違反の事実が認められたので、本日、内閣総理大臣及び金融庁長官に対して、金融庁設置法第２０条第１項の規定に基づき、課徴金納付命令を発出するよう勧告を行った。 ２．法令違反の事実関係 株式会社アルデプロは、 (1) 有価証券報告書等について、関東財務局長に対し、 平成１８年４月１７日、売上の過大計上により、連結中間純損益が１，００９百万円（百万円未満切捨て。以下、連結当期純損益額、連結経常損益額及び連結純資産額について同じ。）の利益であったにもかかわらず、これを１，４２５百万円の利益と記載するなどした中間連結損益計算書を掲載した平成１８年１月中間期半期報告書を提出し、 平成１９年１０月２６日、架空売上の計上及び引当金の不計上により、連結当期純損益が４，７１０百万円の利益であったにもかかわらず、これを６，５１２百万円の利益と記載するなどした連結損益計算書を掲載した平成１９年７月期有価証券報告書を提出し、 平成２０年４月３０日、売上の過大計上及び引当金の不計上等により、連結経常損益が２，３７９百万円の損失であったにもかかわらず、これを６，７０５百万円の利益と、連結中間純損益が７，８０７百万円の損失であったにもかかわらず、これを３，９１５百万円の利益と記載するなどした中間連結損益計算書、及び連結純資産額が２４，９６５百万円であったにもかかわらず、連結純資産額に相当する「純資産合計」欄に３８，４９１百万円と記載するなどした中間連結貸借対照表を掲載した平成２０年１月中間期半期報告書を提出し、 平成２０年１０月３１日、売上の過大計上及び棚卸資産の過大計上等により、連結経常損益が７，９０３百万円の損失であったにもかかわらず、これを１，１２９百万円の利益と、連結当期純損益が２６，１２５百万円の損失であったにもかかわらず、これを１０，４１３百万円の損失と記載するなどした連結損益計算書、及び連結純資産額が５，９９８百万円であったにもかかわらず、連結純資産額に相当する「純資産合計」欄に２３，５１２百万円と記載するなどした連結貸借対照表を掲載した平成２０年７月期有価証券報告書を提出し、 平成２０年１２月１５日、棚卸資産の過大計上により、連結純資産額が１，１０７百万円の債務超過であったにもかかわらず、連結純資産額に相当する「純資産合計」欄に１３，９７２百万円と記載するなどした連結四半期貸借対照表を掲載した平成２０年１０月第１四半期四半期報告書を提出し、 平成２１年３月１７日、棚卸資産の過大計上により、連結純資産額が８，５６４百万円の債務超過であったにもかかわらず、連結純資産額に相当する「純資産合計」欄に６，０１５百万円と記載するなどした連結四半期貸借対照表を掲載した平成２１年１月第２四半期四半期報告書を提出し、 平成２１年６月１５日、棚卸資産の過大計上により、連結純資産額が１１，０１４百万円の債務超過であったにもかかわらず、連結純資産額に相当する「純資産合計」欄に１，０４５百万円と記載するなどした連結四半期貸借対照表を掲載した平成２１年４月第３四半期四半期報告書を提出した。 同社が行った上記の各行為は、金融商品取引法（平成２０年法律第６５号による改正前のもの。以下「旧金融商品取引法」という。）第１７２条の２第１項又は第２項に規定する「重要な事項につき虚偽の記載がある」有価証券報告書等を提出した行為に該当すると認められる。 (2) 有価証券届出書について、関東財務局長に対し、 平成１８年４月２８日、平成１８年１月中間期半期報告書を参照書類とする有価証券届出書を提出し、同有価証券届出書に基づく募集により、平成１８年５月２２日、２１，３３９株の株券を３，４９９，５９６，０００円で取得させ、 平成２０年８月６日、平成１９年７月期有価証券報告書及び平成２０年１月中間期半期報告書を参照書類とする有価証券届出書を提出し、同有価証券届出書に基づく募集により、平成２０年８月２７日、新株予約権付社債を１０，００２，７２０，０００円で取得させた。 同社が行った上記の各行為は、旧金融商品取引法第１７２条第１項第１号に規定する「重要な事項につき虚偽の記載がある」発行開示書類に基づく募集により有価証券を取得させた行為に該当すると認められる。 ３．課徴金の額の計算 上記の違法行為に対し金融商品取引法に基づき納付を命じられる課徴金の額は、２億８，１５５万円である。 (1) 旧金融商品取引法第１７２条の２第２項の規定により、平成１８年１月中間期半期報告書に係る課徴金の額は、 当該法人が発行する算定基準有価証券の市場価額の総額に１０万分の３を乗じて得た額（2,575,026円） が 3,000,000円 を超えないことから、3,000,000円の２分の１に相当する額である1,500,000円となる。 (2) 旧金融商品取引法第１７２条の２第１項の規定により、平成１９年７月期有価証券報告書に係る課徴金の額は、 当該法人が発行する算定基準有価証券の市場価額の総額に１０万分の３を乗じて得た額（4,013,705円） が 3,000,000円 を超えることから、4,013,705円について、金融商品取引法第１７６条第２項の規定により１万円未満の端数を切り捨てて4,010,000円となる。 (3) 旧金融商品取引法第１７２条の２第１項又は第２項の規定により、平成２０年１月中間期半期報告書及び平成２０年７月期有価証券報告書に係る課徴金について、個別決定ごとの算出額は 当該法人が発行する算定基準有価証券の市場価額の総額に１０万分の３を乗じて得た額（2,324,114円） が 3,000,000円 を超えないことから、 同半期報告書については、3,000,000円の２分の１に相当する額である1,500,000円 同有価証券報告書については、3,000,000円 となる。 ここで、金融商品取引法第１８５条の７第６項の規定により、同一の事業年度に係る２以上の虚偽の継続開示書類が提出されたときは、課徴金の額を調整することとなるため、下記のとおり３００万円を個別決定ごとの算出額に基づき按分した金額が課徴金の額となる。 平成２０年１月期半期報告書に係る課徴金の額は 3,000,000×1,500,000／（1,500,000＋3,000,000）＝1,000,000円 平成２０年７月期有価証券報告書に係る課徴金の額は 3,000,000×3,000,000／（1,500,000＋3,000,000）＝2,000,000円 (4) 旧金融商品取引法第１７２条の２第２項の規定により、平成２０年１０月第１四半期四半期報告書、平成２１年１月第２四半期四半期報告書及び平成２１年４月第３四半期四半期報告書に係る課徴金の額について、個別決定ごとの算出額は、 当該法人が発行する算定基準有価証券の市場価額の総額に１０万分の３を乗じて得た額（177,541円） が 3,000,000円 を超えないことから、 平成２０年１０月第１四半期四半期報告書については、3,000,000円の２分の１に相当する額である1,500,000円 平成２１年１月第２四半期四半期報告書については、3,000,000円の２分の１に相当する額である1,500,000円 平成２１年４月第３四半期四半期報告書については、3,000,000円の２分の１に相当する額である1,500,000円 となる。 ここで、金融商品取引法第１８５条の７第６項の規定により、同一の事業年度に係る２以上の虚偽の継続開示書類が提出されたときは、課徴金の額を調整することとなるため、下記のとおり３００万円を個別決定ごとの算出額に基づき按分した金額が課徴金の額となる。 平成２０年１０月第１四半期四半期報告書に係る課徴金の額は 3,000,000×1,500,000／（1,500,000＋1,500,000＋1,500,000）＝1,000,000円 平成２１年１月第２四半期四半期報告書に係る課徴金の額は 3,000,000×1,500,000／（1,500,000＋1,500,000＋1,500,000）＝1,000,000円 平成２１年４月第３四半期四半期報告書に係る課徴金の額は 3,000,000×1,500,000／（1,500,000＋1,500,000＋1,500,000）＝1,000,000円 (5) 旧金融商品取引法第１７２条第１項第１号の規定により、重要な事項につき虚偽の記載がある発行開示書類に基づく募集により取得させた株券等の発行価額の総額の１００分の２に相当する額が課徴金の額となることから、 平成１８年４月２８日提出の有価証券届出書に係る課徴金の額は、 3,499,596,000円×2／100＝69,991,920円 について、金融商品取引法第１７６条第２項の規定により１万円未満を切り捨てて、69,990,000円 平成２０年８月６日提出の有価証券届出書に係る課徴金の額は、 10,002,720,000円×2／100＝200,054,400円 について、金融商品取引法第１７６条第２項の規定により１万円未満を切り捨てて、200,050,000円 となる。"
2009-11-20,フタバ産業株式会社,7241,フタバ産業株式会社社員からの情報受領者による内部者取引に対する課徴金納付命令の勧告について（平成21年11月20日）,https://www.fsa.go.jp/sesc/news/c_2009/2009/20091120.html,平成２１年１１月２０日 証券取引等監視委員会 フタバ産業株式会社社員からの情報受領者による内部者取引に対する課徴金納付命令の勧告について １．勧告の内容 証券取引等監視委員会は、フタバ産業株式会社社員からの情報受領者による内部者取引について検査した結果、下記のとおり法令違反の事実が認められたので、本日、内閣総理大臣及び金融庁長官に対して、金融庁設置法第２０条第１項の規定に基づき、課徴金納付命令を発出するよう勧告を行った。 ２．法令違反の事実関係 課徴金納付命令対象者は、フタバ産業株式会社社員から、同人がその職務に関し知った、フタバ産業株式会社において同社の平成１８年３月期、同１９年３月期及び同２０年３月期の各過年度決算数値に過誤があることが発覚した旨の同社の運営、業務又は財産に関する重要な事実であって投資者の投資判断に著しい影響を及ぼす事実の伝達を受け、この事実が公表された平成２０年１０月１５日より前の同月６日に、フタバ産業株式会社の株券９，７００株を売付価額１，１３５万８，７００円で売り付けたものである。 課徴金納付命令対象者が行った上記の行為は、金融商品取引法（平成２０年法律第６５号による改正前のもの。以下「旧金融商品取引法」という。）第１７５条第１項に規定する「第１６６条第１項又は第３項の規定に違反して、自己の計算において同条第１項に規定する売買等をした」行為に該当すると認められる。 ３．課徴金の額の計算 上記の違法行為に対し金融商品取引法に基づき納付を命じられる課徴金の額は、２５８万円である。 計算方法の詳細については、別紙のとおり。 （別紙） ○　課徴金の額の計算方法について 旧金融商品取引法第１７５条第１項に基づき、課徴金の額は、 （売付価格）×（売付株数）－（重要事実が公表された翌日の終値等）×（売付株数） となる。 したがって、重要事実の公表翌日である平成２０年１０月１６日のフタバ産業株式会社の株価の終値は、９０５円であることから、課徴金の額は下記の金額となる。 売付価額１１，３５８，７００円（１，１７１円×９，７００株）－（９０５円×９，７００株）＝２，５８０，２００円 ⇒課徴金の額は１万円未満を切り捨てるため、 ２５８万円
2009-11-13,株式会社Ｊｏｕｌｅ,,株式会社Ｊｏｕｌｅに対する検査結果に基づく勧告について（平成21年11月13日）,https://www.fsa.go.jp/sesc/news/c_2009/2009/20091113.html,平成２１年１１月１３日 証券取引等監視委員会 株式会社Ｊｏｕｌｅに対する検査結果に基づく勧告について １．勧告の内容 近畿財務局長が株式会社Ｊｏｕｌｅ（大阪市淀川区、資本金５百万円、役職員２１名）を検査した結果、下記のとおり、当該金融商品取引業者に係る法令違反の事実が認められたので、本日、証券取引等監視委員会は、内閣総理大臣及び金融庁長官に対して、金融庁設置法第２０条第１項の規定に基づき、行政処分を行うよう勧告した。 ２．事実関係 ○　著しく事実に相違する表示のある広告をする行為 株式会社Ｊｏｕｌｅ（以下「当社」という。）は、その行う投資助言業に関し、ホームページ（以下「ＨＰ」という。）を作成・公開して広告を行っている。当該ＨＰでは、当社が設定している助言コース６プランのうち1プランについて、「会員様の声」として、４名分の「職業」、「投資資金」、「入会のきっかけ」、「入会後一年の損益」及び「入会時から見たトータルの損益」等（以下「運用実績等」という。）を紹介しており、当該運用実績等は、当社と投資顧問契約を締結した顧客が、当社の助言に基づき高い運用実績を達成したと受け取れる内容となっている。 しかしながら、当該内容の検証を行ったところ、 (1)　４名全てについて、そもそも当社には該当する顧客は存在しない (2)　ＨＰを作成した当社社長は、当社に存在しない顧客について、根拠となる資料がないことを知りながら、架空の運用実績等を作成し、事実に相違する広告を公開していることが認められた。 上記のとおり、当社は、投資助言・代理業の実績に関する事項（金融商品取引業等に関する内閣府令第７８条第６号）について、広く一般に閲覧可能なＨＰ上に架空の実績を記載することにより、著しく事実に相違する表示を行っていたものと認められ、金融商品取引法第３７条第２項に違反する。
2009-11-12,株式会社ウィズダムキャピタル,,株式会社ウィズダムキャピタルに対する検査結果に基づく勧告について（平成21年11月12日）,https://www.fsa.go.jp/sesc/news/c_2009/2009/20091112.html,平成２１年１１月１２日 証券取引等監視委員会 株式会社ウィズダムキャピタルに対する検査結果に基づく勧告について １．勧告の内容 関東財務局長が株式会社ウィズダムキャピタル（東京都中央区、資本金６千万円、役職員35名、第二種金融商品取引業及び投資運用業登録）を検査した結果、下記のとおり、当該金融商品取引業者に係る法令違反の事実が認められたので、本日、内閣総理大臣及び金融庁長官に対して、金融庁設置法第20条第１項の規定に基づき、行政処分を行うよう勧告した。 ２．事実関係 ○　自己の利益を図るためファンド出資者の利益を害する運用を行う行為 株式会社ウィズダムキャピタル（以下「当社」という。）は、未公開会社Ａ社の株式に投資する「Ａ社投資事業組合」（以下「当該ファンド」という。）を設立し、当該ファンドの出資持分の取得の勧誘を行うとともに、業務執行組合員として当該ファンドの運用も行っている。今回検査において、当該ファンドに係る業務を検証したところ、下記のとおり、公益及び投資者保護上重大な法令違反行為が認められた。 当社は、平成21年５月、Ａ社の既存株主及びＡ社からＡ社株式を取得させ、Ａ社の株式公開を支援する当該ファンドを設立した。これに先立ち、当社代表取締役社長は、既存株主との間で、Ａ社株式の当該ファンドでの取得単価を決定した上で、決定した取得単価を嵩上げし、単価嵩上げに伴い当該ファンドから既存株主へ余分に支払われる譲渡代金を当社へ還流させる旨の約束（以下「本件約束」という。）を行った。 当社は、平成21年５月から同年10月にかけて、当該ファンドの出資持分の取得の勧誘を行い、顧客より出資を受け入れるとともに、当該ファンドに、既存株主及びＡ社からＡ社株式を取得させている。この際、当社は、本件約束に基づき、当該ファンドに嵩上げした単価で既存株主からＡ社株式を取得させており、その後、既存株主から、支払われた譲渡代金の一部が当社へ還流されていた。 当社が行った上記の行為は、自己の利益を図るため、ファンド出資者の利益を害する運用を行っていたものであり、金融商品取引法第42条の２第７号に基づく金融商品取引業等に関する内閣府令第130条第１項第２号に該当するものと認められる。
2009-11-10,株式会社アジアン・ブルー,,株式会社アジアン・ブルーに対する検査結果に基づく勧告について（平成21年11月10日）,https://www.fsa.go.jp/sesc/news/c_2009/2009/20091110.html,平成２１年１１月１０日 証券取引等監視委員会 株式会社アジアン・ブルーに対する検査結果に基づく勧告について １．勧告の内容 東海財務局長が株式会社アジアン・ブルー（愛知県名古屋市、資本金２２百万円、役職員３名）を検査した結果、下記のとおり、当該金融商品取引業者に係る法令違反の事実が認められたので、本日、証券取引等監視委員会は、内閣総理大臣及び金融庁長官に対して、金融庁設置法第２０条第１項の規定に基づき、行政処分を行うよう勧告した。 ２．事実関係 ○　無登録による有価証券の売買及びその媒介行為並びに投資助言業に係る顧客を相手方とした有価証券の売買の媒介行為 株式会社アジアン・ブルー（以下「当社」という。）は、前々回検査（検査実施日：平成１６年３月２４日）において、無登録の証券業（有価証券の売買の媒介）及び投資顧問業に係る顧客を相手方とした証券取引行為等の法令違反行為が認められ、同年７月１６日に当局から６か月間の業務停止命令（同年８月２日から同１７年２月１日）及び業務改善命令を受けている。 しかしながら、今回検査において、当社は、上記業務停止期間満了後、依然として証券業（平成１９年９月３０日以降においては、第一種金融商品取引業）の登録を受けていないにもかかわらず、以下のとおり、同様の行為を反復継続して行っていることが認められた。 (1)　未公開株式の売買の媒介 当社の取締役会長（当時。平成２０年１月１５日以降、代表取締役社長。以下「当社社長」という。）は、上記業務停止期間満了後、著しく悪化していた当社の資金繰りを早急に改善させる策として、前々回検査で指摘を受けた未公開会社（以下「Ａ社」という。）株式の売買の媒介業務を再開した。これにより、当社は、平成１７年３月頃から同２０年１月頃までの間、約９０名の先に対しＡ社株式の売買の勧誘を行い、少なくとも投資助言業に係る顧客５名を含む１１名の一般投資家に対し延べ１９回にわたり合計約９０株を取得させ、Ａ社社長から媒介手数料を収受していた。 また、当社は、平成２０年１０月から同２１年７月までの間、少なくとも９名の一般投資家に対して延べ１６回にわたり、Ａ社社長が同２０年３月に設立したＢ社株式の売買を勧誘し、このうち５名に対して延べ１２回にわたり合計約３１１株を取得させ、Ａ社社長から媒介手数料を収受していた。 (2)　未公開株式の売買 当社社長は、平成２０年初旬頃、当社元社員から売買可能な未公開株式（以下「Ｃ社株式」という。）があることを聞きつけ、Ａ社株式の媒介手数料に代わる収益源を確保するため、Ｃ社株式を当社が一旦買い付けて、一般投資家に広く転売することで売買差益を得ることを計画した。これにより当社は、平成２０年７月頃、Ｃ社株式を所有する者２名から合計３４株を購入し、１名の一般投資家に対して２株を売却し、売買差益を得ていた。 当社が行った上記(1)及び(2)の行為は、金融商品取引法第２８条第１項に掲げる「第一種金融商品取引業」（同法第２条第８項第１号に掲げる「有価証券の売買」及び同項第２号に掲げる「有価証券の売買の媒介」を業として行うこと）に該当するものであり、当社が「第一種金融商品取引業」の登録を受けずに当該業務を行うことは、同法第２９条（ただし、平成１９年９月２９日以前の行為については、証券取引法第２８条）に違反するものと認められる。 また、当社が行った上記(1) のうち、投資助言業に係る顧客を相手方とした有価証券の売買の媒介行為は、金融商品取引法第４１条の３（ただし、平成１９年９月２９日以前の行為については、有価証券に係る投資顧問業の規制等に関する法律第１８条）に違反するものと認められる。
2009-10-30,オリエンタル白石株式会社,1786,オリエンタル白石株式会社社員らによる内部者取引に対する課徴金納付命令の勧告について（平成21年10月30日）,https://www.fsa.go.jp/sesc/news/c_2009/2009/20091030.html,"平成２１年１０月３０日 証券取引等監視委員会 オリエンタル白石株式会社社員らによる内部者取引に対する課徴金納付命令の勧告について １．勧告の内容 証券取引等監視委員会は、オリエンタル白石株式会社社員らによる内部者取引について検査した結果、下記のとおり法令違反の事実が認められたので、本日、内閣総理大臣及び金融庁長官に対して、金融庁設置法第２０条第１項の規定に基づき、課徴金納付命令を発出するよう勧告を行った。 ２．法令違反の事実関係 (1)　オリエンタル白石株式会社社員 課徴金納付命令対象者 は、オリエンタル白石株式会社（以下「オリエンタル白石」という。）の社員であったが、同社が更生手続開始の申立てを行うことを決定した事実（以下「本件重要事実」という。）をその職務に関し知り、この事実が公表された平成２０年１１月２６日午後５時３０分より前の同日に、オリエンタル白石の株券合計１万２，０００株を売付価額１３１万９，４００円で売り付けたものである。 課徴金納付命令対象者 は、オリエンタル白石の社員であったが、本件重要事実をその職務に関し知り、この事実が公表された平成２０年１１月２６日午後５時３０分より前の同日に、オリエンタル白石の株券合計２，０００株を売付価額２４万２，７００円で売り付けたものである。 課徴金納付命令対象者 は、オリエンタル白石の社員であったが、本件重要事実をその職務に関し知り、この事実が公表された平成２０年１１月２６日午後５時３０分より前の同日に、オリエンタル白石の株券１，２００株を売付価額１５万円で売り付けたものである。 (2)　オリエンタル白石社員からの情報受領者 課徴金納付命令対象者 は、オリエンタル白石の社員から、同人がその職務に関し知った本件重要事実の伝達を受け、この事実が公表された平成２０年１１月２６日午後５時３０分より前の同日に、オリエンタル白石の株券６，３００株を売付価額７８万７，５００円で売り付けたものである。 課徴金納付命令対象者 は、オリエンタル白石の社員から、同人がその職務に関し知った本件重要事実の伝達を受け、この事実が公表された平成２０年１１月２６日午後５時３０分より前の同日に、オリエンタル白石の株券４，４００株を売付価額５５万円で売り付けたものである。 (3)　オリエンタル白石の契約締結先社員からの情報受領者（信用調査会社社員） 課徴金納付命令対象者 は、オリエンタル白石とのリース契約の契約締結先の社員がその契約の履行に関し知り、同社の従業者（以下「契約先の従業者」という。）が職務上知り、その後、課徴金納付命令対象者 の勤務先の社員が職務上契約先の従業者から伝達を受けた本件重要事実を、その職務に関し知り、この事実が公表された平成２０年１１月２６日午後５時３０分より前の同日に、オリエンタル白石の株券合計３万株を売付価額３２６万８，８００円で売り付けたものである。 (4)　オリエンタル白石の契約締結先役員からの情報受領者 課徴金納付命令対象者 は、オリエンタル白石との工事請負契約の契約締結先の役員から、同人がその契約の履行に関して知った本件重要事実の伝達を受け、この事実が公表された平成２０年１１月２６日午後５時３０分より前の同日に、オリエンタル白石の株券合計２万５，０００株を売付価額３０７万１，２００円で売り付けたものである。 上記７名が行った上記の行為は、金融商品取引法（平成２０年法律第６５号による改正前のもの。以下「旧金融商品取引法」という。）第１７５条第１項に規定する「第１６６条第１項又は第３項の規定に違反して、自己の計算において同条第１項に規定する売買等をした」行為に該当すると認められる。 ３．課徴金の額の計算 上記の違法行為に対し、金融商品取引法に基づき納付を命じられる課徴金額は下記のとおり。 課徴金納付命令対象者 ６１万円 課徴金納付命令対象者 １２万円 課徴金納付命令対象者 ７万円 課徴金納付命令対象者 ４１万円 課徴金納付命令対象者 ２９万円 課徴金納付命令対象者 １４９万円 課徴金納付命令対象者 １５９万円 計算方法の詳細については、別紙のとおり。 （別紙） ○　課徴金の額の計算方法について 旧金融商品取引法第１７５条第１項に基づき、課徴金の額は、 （売付価格）×（売付株数）－（重要事実が公表された翌日の終値等）×（売付株数） となる。 したがって、重要事実の公表翌日の平成２０年１１月２７日のオリエンタル白石株式会社の株価の終値は、５９円であることから、課徴金の額は下記の金額となる。 課徴金納付命令対象者 売付価額１，３１９，４００円（注）－（５９円×１２，０００株）＝６１１，４００円 ⇒課徴金の額は１万円未満を切り捨てるため、 ６１万円 （注）売付価額は、 ┌ │ │ │ │ │ │ │ └ 105円×3,800株 109円×200株 ┐ │ │ │ │ │ │ │ ┘ の合計額である。 110円×3,300株 111円×1,200株 112円×700株 113円×500株 115円×300株 116円×1,000株 117円×1,000株 課徴金納付命令対象者 売付価額２４２，７００円（注）－（５９円×２，０００株）＝１２４，７００円 ⇒課徴金の額は１万円未満を切り捨てるため、 １２万円 （注）売付価額は、121円×1,300株、122円×700株 の合計額である。 課徴金納付命令対象者 売付価額１５０，０００円（１２５円×１，２００株）－（５９円×１，２００株）＝７９，２００円 ⇒課徴金の額は１万円未満を切り捨てるため、 ７万円 課徴金納付命令対象者 売付価額７８７，５００円（１２５円×６，３００株）－（５９円×６，３００株）＝４１５，８００円 ⇒課徴金の額は１万円未満を切り捨てるため、 ４１万円 課徴金納付命令対象者 売付価額５５０，０００円（１２５円×４，４００株）－（５９円×４，４００株）＝２９０，４００円 ⇒課徴金の額は１万円未満を切り捨てるため、 ２９万円 課徴金納付命令対象者 売付価額３，２６８，８００円（注）－（５９円×３０，０００株）＝１，４９８，８００円 ⇒課徴金の額は１万円未満を切り捨てるため、 １４９万円 （注）売付価額は、 ┌ │ │ │ │ └ 106円×300株 107円×9,900株 ┐ │ │ │ │ ┘ の合計額である。 108円×5,600株 109円×4,100株 110円×5,100株 113円×5,000株 課徴金納付命令対象者 売付価額３，０７１，２００円（注）－（５９円×２５，０００株）＝１，５９６，２００円 ⇒課徴金の額は１万円未満を切り捨てるため、 １５９万円 （注）売付価額は、 ┌ │ │ │ │ └ 108円×700株 109円×2,100株 ┐ │ │ │ │ ┘ の合計額である。 110円×300株 123円×1,900株 125円×20,000株"
2009-11-05,ＳＢＩフューチャーズ株式会社,,ＳＢＩフューチャーズ株式会社株券に係る相場操縦に対する課徴金納付命令の勧告について（平成21年11月5日）,https://www.fsa.go.jp/sesc/news/c_2009/2009/20091105.html,"平成２１年１１月５日 証券取引等監視委員会 ＳＢＩフューチャーズ株式会社株券に係る相場操縦に対する課徴金納付命令の勧告について １．勧告の内容 証券取引等監視委員会は、ＳＢＩフューチャーズ株式会社株券に係る相場操縦について検査した結果、下記のとおり法令違反の事実が認められたので、本日、内閣総理大臣及び金融庁長官に対して、金融庁設置法第２０条第１項の規定に基づき、課徴金納付命令を発出するよう勧告を行った。 ２．法令違反の事実関係 課徴金納付命令対象者は、ＳＢＩフューチャーズ株式会社の株券につき、その株価の高値形成を図り、同株券の売買を誘引する目的をもって、平成２１年２月２６日から同月２７日までの間、直前約定値より高値で買い注文と売り注文を同時期に発注して対当させ株価を引き上げる方法や、新値を形成しながら買い上がり買付けを行うなどの方法により、同株券合計４５６株を買い付ける一方、同株券合計１３８株を売り付け、同株券の株価を２万７，４００円から３万８，３００円まで高騰させるなどし、同株券の相場を変動させるべき一連の売買をしたものである。 同人が行った上記の行為は、金融商品取引法第１７４条の２第１項に規定する「第１５９条第２項第１号の規定に違反する一連の有価証券売買等」の違反行為に該当すると認められる。 ３．課徴金の額の計算 上記の違法行為に対し金融商品取引法に基づき納付を命じられる課徴金の額は、１００万円である。 計算方法の詳細については、別紙のとおり。 （別紙） ○　課徴金の額の計算方法について １．金融商品取引法第１７４条の２第１項に基づき、課徴金の額は、 (1) 売買対当数量 （注１） に係るものについて、 （有価証券の売付価額）－（有価証券の買付価額） と、 (2) 当該違反行為に係る有価証券の買付数量が売付数量を超える場合には、当該超える数量に係るものについて、 （当該違反行為が終了してから１月を経過するまでの間の各日における当該有価証券の最高価格×当該超える数量）－（有価証券の買付価額） との合計額として計算される。 (注１) 売買対当数量：当該違反行為に係る有価証券の売付数量と買付数量のうち、いずれか少ない数量をいう。 ２．本件における課徴金の額は、下記(1)及び(2)によりそれぞれ算定される額の合計　１，００２，１００円。 ⇒課徴金の額は１万円未満を切り捨てるため、 １００万円 (1) 当該違反行為に係る売買対当数量は、 当該違反行為に係る有価証券の売付数量は１３８株であり、 当該違反行為に係る有価証券の買付数量は、実際の買付け等の数量４５６株に、同条第８項により、違反行為開始時にその時の価格（27,400円）で買付け等をしたものとみなされる当該違反行為の開始時に所有している当該有価証券の数量３７株を加えた４９３株である ことから、１３８株となる。 当該売買対当数量に係るものについて、 売付価額 4,568,100円 （注２） －買付価額 3,848,300円 （注３、４） ＝719,800円 (注２) 売付価額は、 ┌ │ │ │ │ │ │ │ │ │ │ │ │ │ │ │ │ │ │ │ │ │ │ │ │ │ │ │ │ │ └ 27,200円× 2株 27,300円× 5株 ┐ │ │ │ │ │ │ │ │ │ │ │ │ │ │ │ │ │ │ │ │ │ │ │ │ │ │ │ │ │ ┘ の合計額である。 27,600円× 5株 27,700円× 1株 27,900円× 5株 28,200円× 5株 29,300円× 1株 30,300円× 3株 30,400円× 4株 30,700円× 6株 30,800円× 4株 31,200円× 2株 31,600円× 1株 32,000円× 1株 32,800円× 5株 33,300円× 1株 33,400円× 2株 33,500円× 3株 33,600円× 2株 33,700円× 6株 33,800円× 5株 33,900円× 2株 34,000円× 5株 34,100円× 3株 34,200円× 2株 34,300円×10株 34,400円× 3株 34,500円× 5株 36,000円× 6株 36,100円× 4株 36,200円× 4株 36,400円× 6株 36,500円× 6株 36,600円× 5株 37,000円× 4株 37,100円× 1株 38,300円× 3株 (注３) 買付価額は、 ┌ │ │ │ │ │ │ │ │ │ │ └ 27,000円×10株 27,300円× 6株 ┐ │ │ │ │ │ │ │ │ │ │ ┘ の合計額である。 27,400円×87株 28,300円×15株 28,400円× 1株 28,600円× 1株 29,000円× 6株 29,300円× 1株 30,000円× 4株 31,900円× 2株 32,000円× 1株 32,300円× 1株 32,600円× 3株 (注４) 買付価額の算定においては、金融商品取引法施行令第33条の14第5項の規定により、当該違反行為に係る有価証券の買付けのうち最も早い時期に行われたものから順次当該売買対当数量に達するまで割り当てることとなる。 本件においては、違反行為の開始時点において所有しており、金融商品取引法第174条の2第8項の規定により、違反行為の開始時点にその時における価格（27,400円）で買い付けたものとみなされるもの（みなし買付け）から、順次割り当てている。 (2) 上記(1)のとおり、当該違反行為に係る有価証券の買付数量が、売付数量を超えることから、 当該超える数量３５５株（４９３株－１３８株）について、 当該違反行為が終了してから１月を経過するまでの間の各日における当該有価証券の最高価格（37,700円）に当該超える数量を乗じて得た額 13,383,500円－有価証券の買付価額 13,101,200円 （注５） ＝282,300円 (注５) 買付価額は、 ┌ │ │ │ │ │ │ │ │ │ │ │ │ │ │ │ │ │ │ │ │ │ │ └ 33,300円× 1株 33,400円×12株 ┐ │ │ │ │ │ │ │ │ │ │ │ │ │ │ │ │ │ │ │ │ │ │ ┘ の合計額である。 33,500円× 9株 33,800円× 3株 33,900円× 2株 34,000円× 5株 34,100円× 6株 34,200円× 2株 34,300円× 7株 34,400円× 3株 34,500円× 2株 35,900円× 6株 36,000円×17株 36,100円× 4株 36,200円× 3株 36,300円× 7株 36,400円× 9株 36,500円×67株 36,600円× 2株 36,700円× 2株 36,800円× 1株 36,900円× 2株 37,000円× 6株 37,100円× 1株 37,400円× 3株 37,500円× 8株 38,000円×27株 38,100円× 8株 38,200円×48株 38,300円×82株 課徴金算定概念図"
2009-10-23,ＰｗＣアドバイザリー株式会社,,ＰｗＣアドバイザリー株式会社社員による内部者取引に対する課徴金納付命令の勧告について（平成21年10月23日）,https://www.fsa.go.jp/sesc/news/c_2009/2009/20091023_1.html,"平成２１年１０月２３日 証券取引等監視委員会 ＰｗＣアドバイザリー株式会社社員による内部者取引に対する課徴金納付命令の勧告について １．勧告の内容 証券取引等監視委員会は、ＰｗＣアドバイザリー株式会社社員による内部者取引について検査した結果、下記のとおり法令違反の事実が認められたので、本日、内閣総理大臣及び金融庁長官に対して、金融庁設置法第２０条第１項の規定に基づき、課徴金納付命令を発出するよう勧告を行った。 ２．法令違反の事実関係 課徴金納付命令対象者は、株式会社ファーストリテイリングとのアドバイザリーサービス業務の提供に関する業務委託契約の契約締結先であるＰｗＣアドバイザリー株式会社の社員であったが、株式会社ファーストリテイリングが株式会社リンク・セオリー・ホールディングスの株券の公開買付けを行うことを決定した事実を、同契約の履行に関し知り、この事実が公表された平成２１年１月２９日より前の同月２８日に、同株券合計２０株を、自己の計算において、買付価額２０９万９，０００円で買い付けたものである。 課徴金納付命令対象者が行った上記の行為は、金融商品取引法第１７５条第２項に規定する「第１６７条第１項又は第３項の規定に違反して、同条第１項に規定する特定株券等若しくは関連株券等に係る買付け等又は同項に規定する株券等に係る売付け等をした」行為に該当すると認められる。 ３．課徴金の額の計算 上記の違法行為に対し金融商品取引法に基づき納付を命じられる課徴金の額は、１２９万円である。 計算方法の詳細については、別紙のとおり。 （別紙） ○　課徴金の額の計算方法について 金融商品取引法第１７５条第２項に基づき、課徴金の額は、 （公開買付けの実施に関する事実が公表された後２週間における最も高い価格）×（買付株数）－（買付価格）×（買付株数） となる。 したがって、公開買付けの実施に関する事実の公表後２週間における株式会社リンク・セオリー・ホールディングスの最も高い株価は、平成２１年２月３日の１６９，５００円であることから、課徴金の額は下記の金額となる。 （１６９，５００円×２０株）－買付価額２，０９９，０００円 （注） ＝１，２９１，０００円 ⇒課徴金の額は１万円未満を切り捨てるため、 １２９万円 (注)買付価額は、104,000円×1株、105,000円×19株　の合計額である。"
2009-10-29,株式会社コンコード,,株式会社コンコードに対する検査結果に基づく勧告について（平成21年10月29日）,https://www.fsa.go.jp/sesc/news/c_2009/2009/20091029.html,"平成２１年１０月２９日 証券取引等監視委員会 株式会社コンコードに対する検査結果に基づく勧告について １．勧告の内容 関東財務局長が株式会社コンコード（東京都渋谷区、資本金５千万円、役職員５名）を検査した結果、下記のとおり、当該金融商品取引業者に係る法令違反の事実が認められたので、本日、証券取引等監視委員会は、内閣総理大臣及び金融庁長官に対して、金融庁設置法第20条第１項の規定に基づき、行政処分を行うよう勧告した。 ２．事実関係 集団投資スキームに係る取得勧誘及び運用において公益及び投資者保護上重大な法令違反行為等が認められる状況 株式会社コンコード（以下「当社」という。）は、未公開株式ファンドに係る取得勧誘及び運用を主たる業務としており、平成21年３月31日、金融商品取引業（第二種金融商品取引業及び投資運用業）の登録を受けている。 当社は、Ａ社を投資先とするＥＰＰ投資事業有限責任組合（以下「ＥＰＰファンド」という。）、Ｂ社を投資先とするＢＳ投資事業有限責任組合（以下「ＢＳファンド」という。）及びＢＳ２号投資事業有限責任組合（以下「ＢＳ２号ファンド」という。）を設立し、それぞれ当該組合持分の取得勧誘をし、受け入れた出資金を投資先企業発行の株式及び新株予約権を投資対象とする運用を行っている。 当社は、ＢＳ２号ファンドにつき取得勧誘する（募集期間：平成20年11月～同21年５月）ことにより、230名の出資者から総額244,020千円の出資金を受け入れているが（募集期間経過後も合わせると、実顧客数519名から総額648,390千円を受け入れている。）、今回検査において当該ファンドに係る取得勧誘及び運用業務等につき検証したところ、下記(1)ないし(4)のとおり、公益及び投資者保護上重大な法令違反行為が認められた。 (1) 多額の出資者負担費用が出資者に説明されていない状況 当社は、関係会社等３社とともにＢＳ２号ファンドに係る取得勧誘を行っているが、その勧誘に応じた出資者から受け入れた出資金１口21万円のうち12万円を上記関係会社等に手数料（以下「本件販売手数料」という。）として支払っている。 当該手数料は、当該ファンドに係る取得勧誘時に出資者に対して説明すべき出資者負担費用と認められるが、当社が当該ファンドに係る取得勧誘及び契約締結に際して出資者に交付している「契約締結前交付書面」、「契約締結時交付書面」、「投資事業有限責任組合契約書」、その他販売勧誘資料のいずれにおいても、当社が出資金から徴取する管理報酬（総出資額の３％に相当する額）等が記載されているにとどまり、本件販売手数料については出資者負担費用として一切表示されていない。 (2) ＢＳ２号ファンドに係る出資金の流用 検査基準日（平成21年10月13日）現在において、Ｂ社は当社又はＢＳ２号ファンドに対する新株予約権発行の手続を行っておらず、また、当社又はＢ社とＢＳ２号ファンドとの間の新株予約権等に係る売買契約も全く行われておらず、ＢＳ２号ファンドは投資先企業の株式及び新株予約権を全く取得していない。 そのような中で当社は、出資者から受け入れたＢＳ２号ファンドに係る出資金を当該ファンドの運用財産として自己の固有財産と区別することなく、当社口座に振り替え、当該出資金１口21万円のうち12万円を前記(1)の本件販売手数料として関係会社等に支払っていたほか、その余の９万円についても当社の役員報酬や運転資金に費消・流用していた。 (3) ＢＳ２号ファンドに係る虚偽の有価証券報告書の提出 当社は、ＢＳ２号ファンドに係る特定有価証券の発行者として、平成21年６月29日、ＥＤＩＮＥＴにより関東財務局長へ当該ファンドの第１期（自平成20年９月15日、至同21年３月31日）に係る有価証券報告書を提出している。 しかしながら、上記(2)のとおり、ＢＳ２号ファンドは未上場株式等（Ｂ社の株式及び新株予約権）を取得した実態がないにもかかわらず、当該有価証券報告書には、「第３　組合等の経理状況」の「１　財務諸表　(1) 貸借対照表」に「資産の部　流動資産　投資有価証券 229,740千円」等といった記載があり、虚偽の記載があるものと認められる。 (4) 虚偽のことを告げる行為 当社は、関係会社等とともにＢＳ２号ファンドに係る有価証券届出書記載の募集期間経過後においても、当該ファンドにつき今後予想される解約に伴い当社が当該組合持分を取得するであろうことを前提として、未だ保有するに至っていない当該組合持分を当社が出資者に譲渡するという形で、当該ファンドに係る取得勧誘を継続していた。 当社は、上記譲渡契約時に当該組合持分を保有していないにもかかわらず、これを取得・保有しているように装って出資者との間で譲渡契約を締結し、平成21年６月１日以降363名の出資者から総額404,370千円を受け入れ、当該譲渡代金を関係会社等への販売手数料の支払いや当社の役員報酬及び運転資金に費消している。 なお、ＥＰＰファンド及びＢＳファンドにおいても、当社は、当該各ファンドに係る有価証券届出書記載の募集期間経過後にその上限とされている発行価額総額を超えてその持分の取得勧誘を行うなどしており、営業管理態勢上の問題が認められた。 当該金融商品取引業者が行った上記各行為のうち、上記(1)の行為は、出資者負担費用額につき事実に反する表示となっているものと認められ、金融商品取引法（以下「法」という。）第38条第６号に基づく金融商品取引業等に関する内閣府令第117条第１項第２号（虚偽表示）に該当するものと認められる。 同(2)の行為は、組合員からの出資金をファンドの運用財産として分別管理することなく、当社の役員報酬や運転資金に流用しており、法第42条の４（投資運用業者の分別管理義務）に違反するものと認められる。 同(3)の行為は、虚偽の記載をした有価証券報告書を関東財務局長へ提出しており、法第24条第５項により準用される同条第１項（有価証券報告書の提出義務）に違反するものと認められる。 同(4)の行為は、ＢＳ２号ファンドに係る持分を保有していないにもかかわらず、これを保有しているように装って、当該持分を譲り渡すとしてその取得勧誘及び譲渡契約を締結しており、法第38条第１号（虚偽告知）に違反するものと認められる。"
2009-10-23,株式会社,1301,株式会社ウィーヴ株券の公開買付者従事者からの情報受領者による内部者取引に対する課徴金納付命令の勧告について（平成21年10月23日）,https://www.fsa.go.jp/sesc/news/c_2009/2009/20091023_2.html,"平成２１年１０月２３日 証券取引等監視委員会 株式会社ウィーヴ株券の公開買付者従事者からの情報受領者による内部者取引に対する課徴金納付命令の勧告について １．勧告の内容 証券取引等監視委員会は、株式会社ウィーヴ株券の公開買付者従事者からの情報受領者である税理士による内部者取引について検査した結果、下記のとおり法令違反の事実が認められたので、本日、内閣総理大臣及び金融庁長官に対して、金融庁設置法第２０条第１項の規定に基づき、課徴金納付命令を発出するよう勧告を行った。 ２．法令違反の事実関係 課徴金納付命令対象者は、ＭＣＰシナジー１号投資事業有限責任組合（以下「ＭＣＰシナジー」という。）の業務に従事していた者から、同人がその職務に関し知った、ＭＣＰシナジーが株式会社ウィーヴの株券の公開買付けを行うことを決定した事実の伝達を受け、この事実が公表された平成２１年１月１４日より前の同月９日及び同月１３日に、同株券合計１００株を、自己の計算において、買付価額７７万７，０００円で買い付けたものである。 課徴金納付命令対象者が行った上記の行為は、金融商品取引法第１７５条第２項に規定する「第１６７条第１項又は第３項の規定に違反して、同条第１項に規定する特定株券等若しくは関連株券等に係る買付け等又は同項に規定する株券等に係る売付け等をした」行為に該当すると認められる。 ３．課徴金の額の計算 上記の違法行為に対し金融商品取引法に基づき納付を命じられる課徴金の額は、８２万円である。 計算方法の詳細については、別紙のとおり。 （別紙） ○　課徴金の額の計算方法について 金融商品取引法第１７５条第２項に基づき、課徴金の額は、 （公開買付けの実施に関する事実が公表された後２週間における最も高い価格）×（買付株数）－（買付価格）×（買付株数） となる。 したがって、公開買付けの実施に関する事実の公表後２週間における株式会社ウィーヴの最も高い株価は、平成２１年１月２１日の１６，０４０円であることから、課徴金の額は下記の金額となる。 （１６，０４０円×１００株）－買付価額７７７，０００円 （注） ＝８２７，０００円 ⇒課徴金の額は１万円未満を切り捨てるため、 ８２万円 (注) 買付価額は、 ┌ │ │ │ └ 7,000円×18株 ┐ │ │ │ ┘ の合計額である。 7,900円×50株 8,000円×32株"
2009-10-16,,,ビー・エヌ・ピー・パリバ・セキュリティーズ（ジャパン）リミテッドに対する検査結果に基づく勧告について（平成21年10月16日）,https://www.fsa.go.jp/sesc/news/c_2009/2009/20091016_2.html,平成２１年１０月１６日 証券取引等監視委員会 ビー・エヌ・ピー・パリバ・セキュリティーズ（ジャパン）リミテッドに対する検査結果に基づく勧告について １．勧告の内容 証券取引等監視委員会が、ビー・エヌ・ピー・パリバ・セキュリティーズ（ジャパン）リミテッド（東京都千代田区、持込資本金７９５億円、役職員６０５名）を検査した結果、当該金融商品取引業者及び当該金融商品取引業者の使用人に係る法令違反の事実が認められたので、本日、内閣総理大臣及び金融庁長官に対して、金融庁設置法第２０条第１項の規定に基づき、行政処分及びその他の適切な措置を講ずるよう勧告した。 ２．事実関係 (1) 報告徴取命令に対する対応の不備 ビー・エヌ・ピー・パリバ・セキュリティーズ（ジャパン）リミテッド東京支店（以下「当支店」という。）は、平成２０年１１月２８日付で金融庁長官から、「不適切な業務運営を看過するなど、経営管理態勢・内部管理態勢に重大な欠陥があると認められる状況」に該当するとして、行政処分（以下「本件行政処分」という。）を受けている。本件行政処分においては、当支店が「契約の履行過程の一部として、機械的に当該顧客の発行する株式の取引を行った」ことが、金融商品取引法第３８条第６号に基づく金融商品取引業等に関する内閣府令第１１７条第１項第１６号に規定する「法人関係情報に基づいて、自己の計算において当該法人関係情報に係る有価証券の売買その他の取引等をする行為」に該当すると認定されている。こうした事実認定は、金融商品取引法第５６条の２に基づく金融庁長官の報告徴取命令を受けて、本件行政処分に先立ち当支店が提出した報告書の記載内容が、重要な要素となっている。 しかしながら、今回検査において、当該報告書に関する検証を行ったところ、(1) 当該報告書の記載内容に不足及び事実に反する記載があること、(2) 当支店は、調査・検証が不十分なまま当該報告書を作成し、これを提出していたことが認められた。また、(3) 本件行政処分において、「法人関係情報に基づいて、自己の計算において当該法人関係情報に係る有価証券の売買その他の取引等をする行為」に該当すると認定された取引のうちには、「契約の履行過程の一部として、機械的に当該顧客の発行する株式の取引を行った」ものとは認められない取引が認められた。 当支店が行った上記行為は、金融商品取引法第５６条の２に基づく金融庁長官の報告徴取命令に違反しており、かかる当支店の行為は、同法第５２条第１項第６号に規定する「金融商品取引業に関し法令に基づいてする行政官庁の処分に違反したとき」に該当するものと認められる。 (2) 特定の上場金融商品の相場を固定させる目的をもって、買付けの申込み等を行う行為 当支店株式オプション部トレーダーは、その業務に関し、平成２０年１１月５日、特定の上場銘柄の株式について、ストップ高買い気配に固定させる目的をもって、大引け間際に、ストップ高の１円下の指値及びストップ高となる指値での大量の買付注文を行い、当該銘柄の株価を固定させた。 当支店及び当支店株式オプション部トレーダーが行った上記行為は、金融商品取引法第３８条第６号に基づく金融商品取引業等に関する内閣府令第１１７条第１項第１９号に規定する「取引所金融商品市場における上場金融商品等若しくは店頭売買有価証券市場における店頭売買有価証券の相場若しくは相場若しくは取引高に基づいて算出した数値を変動させ、若しくはくぎ付けし、固定し、若しくは安定させ、又は取引高を増加させる目的をもって、当該上場金融商品等若しくは当該店頭売買有価証券に係る買付け若しくは売付け若しくはデリバティブ取引又はこれらの申込み若しくは委託等をする行為」に該当するものと認められる。
2009-10-16,株式会社サハダイヤモンド,,EBANCO HOLDINGS LIMITEDによる新株予約権証券の買付けに係る公開買付開始公告の不実施に対する課徴金納付命令勧告について（平成21年10月16日）,https://www.fsa.go.jp/sesc/news/c_2009/2009/20091016_1.html,"平成２１年１０月１６日 証券取引等監視委員会 EBANCO HOLDINGS LIMITEDによる新株予約権証券の買付けに係る公開買付開始公告の不実施に対する課徴金納付命令勧告について １．勧告の内容 証券取引等監視委員会は、EBANCO HOLDINGS LIMITED（本店所在地：英領バージン諸島）による株券等の買付けについて検査した結果、下記のとおり法令違反の事実が認められたので、本日、内閣総理大臣及び金融庁長官に対して、金融庁設置法第２０条第１項の規定に基づき、課徴金納付命令を発出するよう勧告を行った。 ２．法令違反の事実関係 EBANCO HOLDINGS LIMITEDは、平成２１年３月２５日、その発行する株券がジャスダック証券取引所に上場されている株式会社サハダイヤモンドの発行した新株予約権証券（株式会社サハダイヤモンド第８回新株予約権）９，５８２個を買付価額３，０００万円で取引所金融商品市場外において買い付けるに当たり、当該買付け後の株券等所有割合が９７．３８パーセントとなり、かつ、法定の除外事由がないことから、当該買付けは公開買付けによらなければならず、公開買付開始公告をしなければならないものであったにもかかわらず、これを行わないで、当該買付けをしたものである。 同法人が行った上記の行為は、金融商品取引法第１７２条の５に規定する「第２７条の３第１項の規定に違反して、公開買付開始公告を行わないで株券等の買付け等をした」行為に該当すると認められる。 ３．課徴金の額の計算 上記の違法行為に対し金融商品取引法に基づき納付を命じられる課徴金の額は、７５０万円である。 金融商品取引法第１７２条の５の規定により、公開買付開始公告を行わないでした株券等の買付け等の価格に当該買付け等の数量を乗じて得た額の１００分の２５に相当する額が課徴金の額となることから， （30,000,000/9,582）×9,582×25/100＝7,500,000円 となる。"
2009-09-29,北辰物産株式会社,,北辰物産株式会社に対する検査結果に基づく勧告について（平成21年9月29日）,https://www.fsa.go.jp/sesc/news/c_2009/2009/20090929.html,"平成２１年９月２９日 証券取引等監視委員会 北辰物産株式会社に対する検査結果に基づく勧告について １．勧告の内容 関東財務局長が北辰物産株式会社（東京都中央区、資本金１，６００百万円、役職員７１名）を検査した結果、下記のとおり、当該金融商品取引業者及び当該金融商品取引業者の使用人に係る法令違反の事実が認められたので、本日、証券取引等監視委員会は、内閣総理大臣及び金融庁長官に対して、金融庁設置法第２０条第１項の規定に基づき、行政処分及びその他の適切な措置を講ずるよう勧告した。 ２．事実関係 (1) 取引一任勘定取引の受託・執行 北辰物産株式会社（以下「当社」という。）ＦＸ事業部長（当時。以下「Ａ部長」という。）は、その業務に関し、当社において外国為替証拠金取引を行っていた顧客（以下「顧客Ｂ」という。）との間で、当該取引の受託に関して、取引対象通貨、取引の数量、売買の別及び既に成立している取引を期限前に決済すること等について顧客の同意を得ないで定めることができる旨の合意をし（取引一任勘定取引の受託）、当該顧客名義の口座において平成１９年３月６日から同年９月４日までの間、Ｃ社名義の口座（顧客Ｂの仮名口座）において同月２０日から平成２０年３月５日までの間、それぞれ取引一任勘定取引（以下「本件一任取引」という。）を行った（約定件数合計約1,200件、売買手数料を含む損失合計約3,146万円）。 当該金融商品取引業者及びその使用人が行った上記の行為のうち、平成１９年９月２９日以前の行為については、取引一任勘定取引の受託を禁止する廃止前の金融先物取引法第７６条第３号に違反し、同月３０日以降の行為については、投資運用業を行うにつき金融商品取引法第３１条第４項に基づく変更登録を受けていないにもかかわらず、当該投資運用業である取引一任勘定取引に係る業務を行ったものであり、同法第２９条に違反するものと認められる。 (2) 取引一任勘定取引により顧客に生じた損失を補てんする行為 当社は、平成２０年３月５日、顧客Ｂから、上記(1)の取引一任勘定取引により損失が発生したとして当該損失を補てんするよう要求を受け、当社代表取締役社長（当時。以下同じ。）及び常務取締役等は、当該顧客との間で当該損失の補てんに係る金額・支払時期等に関する交渉を行うなどし、同月２８日ころ、当該損失補てんの要求を受け入れることとし、当該顧客に取引損金及び慰謝料等として31,972,501円を支払うことを決め、Ａ部長に対して同額を支払うよう指示した。 Ａ部長は、上記指示に従い、同年４月３日、本件一任取引により生じた顧客Ｂの損失を補てんするため、当該顧客に対し、31,972,501円を支払った。 当該金融商品取引業者及びその使用人が行った上記の行為は、損失補てんの実行等を禁止した金融商品取引法第３９条第１項第３号に違反するものと認められる。 (3) 検査忌避 今回臨店検査中において、当社代表取締役社長は、当社が上記(2)の損失補てんに会社として関与していない旨の事実に反する供述をするようＡ部長に指示し、また、自らもその旨の虚偽供述を繰り返した。 さらにそのような中で、代表取締役社長は、平成２１年３月２６日、検査官から上記(1)及び(2)の法令違反行為に係る関係書類を提出するよう指示を受け、その旨を当社役職員に指示したところ、常務取締役から、当該法令違反行為に係る重要な証拠書類である和解書や領収書等の書類５点が保管されていることの報告を受けた。当該報告を受けた代表取締役社長は、上記虚偽供述の内容に相反しない書類１点だけを提出することとし、その他の書類４点については「常務取締役に任せる」旨の指示をしたところ、当該指示を受けた常務取締役は、そのうち３点の書類をシュレッダーにより裁断した。 当該金融商品取引業者が行った上記の行為は、金融商品取引法第１９８条の６第１１号の「検査を忌避した」行為に該当するものと認められる。"
2009-09-18,フォレスト出版株式会社,,フォレスト出版株式会社に対する検査結果に基づく勧告について（平成21年9月18日）,https://www.fsa.go.jp/sesc/news/c_2009/2009/20090918.html,平成２１年９月１８日 証券取引等監視委員会 フォレスト出版株式会社に対する検査結果に基づく勧告について １．勧告の内容 関東財務局長がフォレスト出版株式会社（東京都新宿区、資本金５０百万円、役職員３０名）を検査した結果、下記のとおり、当該金融商品取引業者に係る法令違反の事実が認められたので、本日、証券取引等監視委員会は、内閣総理大臣及び金融庁長官に対して、金融庁設置法第２０条第１項の規定に基づき、行政処分を行うよう勧告した。 ２．事実関係 ○　著しく事実に相違する表示のある広告を行う行為 フォレスト出版株式会社（以下「当社」という。）は、投資助言業の顧客獲得を目的とし、次のような内容の広告を行った。 (1) 当社は、当社社員をモデルとした投資家Ａ氏という架空の人物を創作し、平成２０年２月８日及び同月１５日、当社の配信している無料メールマガジンに、「『ミスター・ストップ高』と異名をとった投資家Ａ氏。Ａ氏が推奨した新興株は、７割がストップ高をマーク。」などと記載し、多数の者に配信した。 (2) 平成２０年４月１日から同２１年４月８日までの間、当社ホームページに「ストップ高率７割を誇る株式情報をご提供します。」と表示した。 しかしながら、当社が本件広告を行う以前の助言実績を検証したところ、買付助言を行った銘柄でストップ高となったものの割合は、７割を大きく下回っており、当社は、投資助言業務の実績に関する事項について、著しく事実に相違する表示を行っていた。 また、当社社長もストップ高となった銘柄の割合が７割というはずがなく、これらの表示は事実に相違することを認識しながらも、当社は顧客獲得を目的に意図的に行っていたものである。 当社が行った上記行為は、金融商品取引法第３７条第２項に違反すると認められる。
2009-10-09,株式会社ＭＪ,,株式会社ＭＪに対する検査結果に基づく勧告について（平成21年10月9日）,https://www.fsa.go.jp/sesc/news/c_2009/2009/20091009.html,平成２１年１０月９日 証券取引等監視委員会 株式会社ＭＪに対する検査結果に基づく勧告について １．勧告の内容 東海財務局長が株式会社ＭＪ（愛知県名古屋市、資本金７６５百万円、役職員１６名）を検査した結果、下記のとおり、当該金融商品取引業者に係る法令違反の事実が認められたので、本日、証券取引等監視委員会は、内閣総理大臣及び金融庁長官に対して、金融庁設置法第２０条第１項の規定に基づき、行政処分を行うよう勧告した。 ２．事実関係 (1) 電子情報処理組織の管理が十分でないと認められる状況 株式会社ＭＪ（以下「当社」という。）は、平成１９年４月から同２０年１１月までの間に、外国為替証拠金取引に係るシステムにおいて、少なくとも７４件のシステム障害を発生させており、これらのシステム障害では、顧客の取引に損失を与えたものも多数含まれている。 しかしながら、当社においては、システム管理及びシステム障害発生時の対応に関する諸規程の整備が不十分であり、実効性を伴う内容となっていないこと、システム管理の殆どを担っている外部委託先の管理に関する規程・態勢が整備されていないこと、また、経営陣のシステムリスクに対する意識が低いことから、システム障害発生時の顧客対応においては、各部署が場当たり的な対応に終始し、顧客から障害発生に起因する損失が発生したとして苦情等の申し出があったものについてのみ、損失補てん等の対応を行うなど、十分な対応がなされていない。また、システム障害発生時における顧客への影響の調査も外部委託先任せとし、調査結果を鵜呑みにしたことにより、システム障害に起因する顧客被害を見落としている事例が認められた。 以上のように、当社におけるシステムリスク管理態勢については、極めて杜撰な状況が認められた。 当該金融商品取引業者の上記の業務の運営の状況は、金融商品取引法第４０条第２号に基づく金融商品取引業等に関する内閣府令第１２３条第１４号に規定する「金融商品取引業等に係る電子情報処理組織の管理が十分でないと認められる状況」に該当すると認められる。 (2) 顧客に対し特別の利益を提供する行為等 顧客に対し特別の利益を提供する行為 当社は、平成２０年４月２９日に発生したシステム障害により損失を受けた顧客１９９名に対し、損失補てんを行っているが、うち１名の顧客より、当該損失補てん処理のほか、新規注文分を建てるために必要な証拠金を当社が負担するよう要求を受け、当社は、当該顧客に対し、本来の補てん金額に加えて不当な利益の提供と知りながら、計３５５，０６１円の特別の利益を提供した。 システム障害により損失を受けた顧客に対し、損失を補てんするため財産上の利益を提供しながら、その報告を行わない行為 当社は、平成２０年３月６日、同年４月２９日及び同年８月５日に発生したシステム障害により損失が生じた顧客のうち１２０名の顧客に対し、損失の補てんとして合計５，１６２，６６２円を支払っていながら、これらについて、東海財務局長に報告を行っていなかった。 当該金融商品取引業者が行った上記の行為のうち、 については、金融商品取引法第３８条第６号に基づく金融商品取引業等に関する内閣府令第１１７条第１項第３号に規定する「金融商品取引契約につき、顧客に対し特別の利益を提供する行為」に該当する。 また、 については、金融商品取引法第３９条第３項に基づく金融商品取引業等に関する内閣府令第１１９条第３項に違反する。 (3) 顧客に対する注文方法の提示において誤解を生ぜしめるべき表示をする行為 当社は、インターネット取引による外国為替証拠金取引において、顧客から注文を受けた場合、 顧客取引を約定させた後、カバー取引先に発注する方法と、 受注レートでカバー取引を執行し、当該カバー取引が成立した後に顧客注文を約定させる方法の、２通りの約定経路を設けている。また、当社は、上記 の方法を原則としており、当社が指定した特定の顧客につき、上記 の方法を採用している。 このような状況下、平成２０年５月３０日から同年１２月１日までの間に に指定された顧客５１名の成行注文は、 の顧客の成行注文が速やかに約定する中、５８，３２９件の注文のうち少なくとも２５，４６６件の注文が不成立となっているほか、少なくとも３０件の約定が の顧客の約定に比して５秒以上遅延し、うち５件についてはロスカット注文が遅延したことにより損失が拡大するなど、両顧客の間では著しい差異が生じている。 この点、当社の顧客が取引において使用するトレードシステムの活用ガイドでは、「成行注文は、今の為替レートで素早く約定する」と説明されているが、 に指定された顧客の注文は、当該説明とは異なり、カバー取引が成立した後でなければ約定しない。 なお、当社は、顧客から注文が不成立になったことに関する苦情を多数受けているが、「当社の提示レートが変動したことにより注文が不成立となった」旨の説明を一律的に行うのみで、 に指定された顧客に対して適切な説明を行っていない。 当該金融商品取引業者の上記の行為は、金融商品取引法第３８条第６号に基づく金融商品取引業等に関する内閣府令第１１７条第１項第２号に規定する「金融商品取引契約の締結又はその勧誘に関して、重要な事項につき誤解を生ぜしめるべき表示をする行為」に該当する。
2009-09-11,New Asia Asset Management株式会社,,New Asia Asset Management 株式会社に対する検査結果に基づく勧告について（平成21年9月11日）,https://www.fsa.go.jp/sesc/news/c_2009/2009/20090911_2.html,平成２１年９月１１日 証券取引等監視委員会 Ｎｅｗ　Ａｓｉａ　Ａｓｓｅｔ　Ｍａｎａｇｅｍｅｎｔ株式会社に対する検査結果に基づく勧告について １．勧告の内容 証券取引等監視委員会は、関東財務局長と合同して、Ｎｅｗ　Ａｓｉａ　Ａｓｓｅｔ　Ｍａｎａｇｅｍｅｎｔ株式会社（東京都港区、資本金１千万円、役職員８名）を検査した結果、下記のとおり、当該金融商品取引業者に係る法令違反等の事実が認められたので、本日、内閣総理大臣及び金融庁長官に対して、金融庁設置法第２０条第１項の規定に基づき、行政処分を行うよう勧告した。 ２．事実関係 集団投資スキーム持分の私募の取扱いにおいて公益及び投資者保護上重大な法令違反行為等が認められる状況 Ｎｅｗ　Ａｓｉａ　Ａｓｓｅｔ　Ｍａｎａｇｅｍｅｎｔ株式会社（以下「当社」という。）は、平成２０年１２月４日に第二種金融商品取引業の変更登録を受け、ファンド営業者が取得した車両や重機等をモンゴル国内で資源開発を行う会社にリースする等により出資金を運用するとした「モンゴルファンド」（以下「ファンド」という。）の私募の取扱いを行っているところであるが、当該業務において、下記のとおり、公益及び投資者保護上重大な法令違反行為等が認められた。 (1) 無登録業者に対する私募の取扱業務の業務委託 当社は、東京プリンシパル・セキュリティーズ・ホールディング株式会社が金融商品取引業の登録を受けた者でないことを知りながらファンドの私募の取扱業務を委託し、同社の営業担当者に当社の名において私募の取扱業務を行わせている。 (2) ファンド出資金の流用等 収益金を受け取る銀行口座からの資金の流用 当社代表取締役社長は、平成２１年７月２８日、当社経理課長に命じ、ファンドの収益金口座に入金されていた約３，０００万円を出金させ、同日、これをグループ会社からの借入金の返済に充当し、もって資金の流用を行った。 配当金の支払いが出資金を原資としていることを知りながら行った私募の取扱い 当社は、平成２１年１月１３日に総額３３９，１３０円、同年３月１０日に総額９８５，９０３円、同年５月１１日に総額１，７６８，４８４円、同年７月１０日に総額３，９７０，８６２円をそれぞれファンドの配当金として出資者に支払っている（別途、管理手数料を控除）が、これらの時点において、リース料等の入金は一切なく、これらの配当金は、投資者の出資金を原資とし、出資金の運用による収益を原資としていなかった。 当社は、ファンドの配当金の支払いが、投資者の出資金を原資としていることを知りながら私募の取扱いを行った。 (3) 誤解を生じさせる広告及び表示等 誇大広告の表示 当社は、当社ホームページ上で、上記４回の配当金の支払いについて、「配当実績」と表示した上で「各出資額に応じた予定配当率で償還させていただきました。」と表示し、配当金の原資が投資者の出資金であるにもかかわらず、あたかも運用が順調に行われた結果、収益が発生し、予定どおりに配当されたかのような表示を行っており、著しく投資者を誤認させるような表示となっている。 説明資料等における虚偽の表示 当社がファンドの投資者への説明資料に使用しているパンフレットには「ファンドの収益源となっているリース料は年間包括契約のため、採掘量などには左右されません。契約した時点でリース料は決まっているので配当の予測も可能です。実際、今年の１月と３月には予定通りの配当を行いました。」と表示されており、投資者へ「配当金」と称して支払った金銭は、あたかもファンドに重機等のリース料として収益が発生し、当該収益が支払われたかのような虚偽の表示となっており、投資者の判断を誤らせるような表示となっている。 さらに、当社は、上記４回の配当金の支払いに際し、当該計算期間中にリース事業によるリース料収入の入金が全くないにもかかわらず、あたかもリース料収入に基づく配当を行っているかのように装うため、当該計算期間におけるリース料収入及びそこから控除する費用の計算を記載した「匿名組合損益計算書」に、シミュレーションによって算出した虚偽の「リース料収入」の金額を記入し、各投資者に送付した。 (4) 変更登録前の私募の取扱い 当社は、当社が金融商品取引業の業務の種別について、変更登録を受ける前の平成２０年７月頃、２名の投資者に対してファンドに係る私募の取扱いを行い、ファンド出資金及び手数料として合計約４００万円を受け入れた。 (5) 事実と異なる変更登録申請書の記載 第二種金融商品取引業の変更登録を受けるに当たって、当社が、関東財務局長に提出した変更登録申請書によると、第二種金融商品取引業に係るコンプライアンス業務を担当する部署として管理部長を置く旨の記載があるが、変更登録申請の前後を通じて、管理部長として変更登録申請に記載された人物が当社に勤務していた実態はなく、また、当初から同人を当社社員として勤務させる予定もなかった。 上記(1)の行為は、自己の名義をもって、他人に金融商品取引業を行わせたものと認められ、金融商品取引法（以下「法」という。）第３６条の３に違反する。 同(2) の行為は、ファンド運用収益として入金された金銭の流用行為であり、また、 の行為は、配当金の支払いが出資金を原資としていることを知りながら私募の取扱いを行ったものであり、何れも情状として極めて悪質なものであると認められることから、これらの行為は、金融商品取引業に関し、不正又は著しく不当な行為をした場合において、その情状が特に重いときとして、法第５２条第１項第９号に該当する。 同(3) の行為は、ホームページ上において「利益の見込み」につき「著しく人を誤認させるような表示」であると認められ、法第３７条第２項に違反する。 また、同(3) の説明資料等で投資者に対して虚偽の表示をする行為は、法第３８条第６号に基づく金融商品取引業等に関する内閣府令第１１７条第１項第２号に該当する。 同(4)の行為は、業務の種別において変更登録を受ける前に第二種金融商品取引業を行うものであり、法第３１条第４項に違反する。 同(5)の行為は、登録申請書に記載を求められている使用人の虚偽記載をもって変更登録を受けており、法第５２条第１項第５号に該当する。
2009-09-15,株式会社原弘産役員による内部者取引,,株式会社原弘産役員による内部者取引に対する課徴金納付命令の勧告について（平成21年9月15日）,https://www.fsa.go.jp/sesc/news/c_2009/2009/20090915.html,"平成２１年９月１５日 証券取引等監視委員会 株式会社原弘産役員による内部者取引に対する課徴金納付命令の勧告について １．勧告の内容 証券取引等監視委員会は、株式会社原弘産役員による内部者取引について検査した結果、下記のとおり法令違反の事実が認められたので、本日、内閣総理大臣及び金融庁長官に対して、金融庁設置法第２０条第１項の規定に基づき、課徴金納付命令を発出するよう勧告を行った。 ２．法令違反の事実関係 課徴金納付命令対象者は、株式会社原弘産の役員であったが、同社が転換社債型新株予約権付社債の発行を行うことを決定した事実をその職務に関し知り、この事実が公表された平成１９年２月１日より前の平成１８年１１月８日から平成１９年１月３０日までの間に、株式会社原弘産の株券合計４０１株を売付価額９，４２６万６，０００円で売り付け、また、同社の株券合計１７５株を買付価額３，９８９万円で買い付けたものである。 課徴金納付命令対象者が行った上記の行為は、金融商品取引法（平成２０年法律第６５号による改正前のもの。以下「旧金融商品取引法」という。）第１７５条第１項に規定する「第１６６条第１項又は第３項の規定に違反して、自己の計算において同条第１項に規定する売買等をした」行為に該当すると認められる。 ３．課徴金の額の計算 上記の違法行為に対し金融商品取引法に基づき納付を命じられる課徴金の額は、２８４万円である。 計算方法の詳細については、別紙のとおり。 （別紙） ○　課徴金の額の計算方法について 旧金融商品取引法第１７５条第１項に基づき、課徴金の額は、 （売付価格）×（売付株数）－（重要事実が公表された翌日の終値等）×（売付株数） 及び （重要事実が公表された翌日の終値等）×（買付株数）－（買付価格）×（買付株数） となる。 したがって、重要事実の公表翌日の平成１９年２月２日の株式会社原弘産の株価の終値は、２２８，０００円であることから、課徴金の額は下記の金額となる。 売付価額９４，２６６，０００円（注１）－（２２８，０００円×４０１株）＝２，８３８，０００円 ⇒課徴金の額は１万円未満を切り捨てるため、 ２８３万円 （２２８，０００円×１７５株）－買付価額３９，８９０，０００円（注２）＝ １０，０００円 (注１) 売付価額は、 ┌ │ │ │ │ │ │ │ │ │ └ 223,000円×78株 224,000円×22株 ┐ │ │ │ │ │ │ │ │ │ ┘ の合計額である。 235,000円×80株 236,000円×49株 237,000円×15株 239,000円×30株 240,000円×29株 242,000円×19株 243,000円× 1株 244,000円×60株 245,000円×14株 246,000円× 4株 (注２) 買付価額は、 ┌ │ │ │ │ │ │ │ │ │ └ 218,000円×20株 220,000円×30株 ┐ │ │ │ │ │ │ │ │ │ ┘ の合計額である。 221,000円×20株 224,000円×15株 227,000円×10株 233,000円×30株 235,000円×30株 242,000円×20株"
2009-09-11,株式会社アイエスオー,,株式会社アイエスオーに対する検査結果に基づく勧告について（平成21年9月11日）,https://www.fsa.go.jp/sesc/news/c_2009/2009/20090911_1.html,平成２１年９月１１日 証券取引等監視委員会 株式会社アイエスオーに対する検査結果に基づく勧告について １．勧告の内容 関東財務局長が株式会社アイエスオー（東京都中央区、資本金５百万円、役職員５名）を検査した結果、下記のとおり、当該金融商品取引業者に係る法令違反の事実が認められたので、平成２１年９月４日、証券取引等監視委員会は、内閣総理大臣及び金融庁長官に対して、金融庁設置法第２０条第１項の規定に基づき、行政処分を行うよう勧告した。 ２．事実関係 (1) 無登録による有価証券の売買 株式会社アイエスオー（以下「当社」という。）は、投資助言・代理業の登録を受けている金融商品取引業者であるが、当社代表取締役社長（当時）及び統括部長（当時）は、平成１９年１０月頃、当社が預かっていた未公開株４株の売却代金を当社の運転資金に充当することを目的として、当社の顧客に売却することを決め、当社使用人に対して、当該株券４株の売却ができそうな顧客を探すよう指示した。 当該指示を受けた当該使用人は、その業務に関し、担当している顧客の中から、顧客１名を選び出したうえで、同人に連絡し勧誘を行い、平成１９年１０月１９日に当該株券１株を売却し、同年１１月２９日に当該株券３株を売却した。 当社が顧客に対して行った上記の行為は、金融商品取引法第２８条第１項に掲げる「第一種金融商品取引業」（同法第２条第８項第１号に掲げる「有価証券の売買」を業として行うこと）に該当するものであり、当社が「第一種金融商品取引業」の登録を受けずに当該業務を行うことは、同法第２９条に違反するものと認められる。 (2) 事業報告書の虚偽記載 平成２０年１０月頃、当社代表取締役社長は、当社の顧客から借入金に係る返済の申入れを受けたことから、同１９年８月期の営業報告書に計上している短期借入金以外の借入金が存在していることを知り、当社が債務超過に陥っている状況であることを認識した。 その後、当社は、事業報告書（平成２０年８月決算期）の作成に当たり、債務超過に陥っている状況を当局に知られることを回避する目的で、同年１２月において、代表取締役社長が認識していた短期借入金を過少計上するなど、虚偽の計数を記載した事業報告書を作成し関東財務局長に提出した。 当社が行った上記の行為は、金融商品取引法第４７条の２に違反するものと認められる。
2009-08-04,日産ディーゼル工業株式会社,,日産ディーゼル工業株式会社役員による内部者取引に対する課徴金納付命令の勧告について（平成21年8月4日）,https://www.fsa.go.jp/sesc/news/c_2009/2009/20090804.html,平成２１年８月４日 証券取引等監視委員会 日産ディーゼル工業株式会社役員による内部者取引に対する課徴金納付命令の勧告について １．勧告の内容 証券取引等監視委員会は、日産ディーゼル工業株式会社役員による内部者取引について検査した結果、下記のとおり法令違反の事実が認められたので、本日、内閣総理大臣及び金融庁長官に対して、金融庁設置法第２０条第１項の規定に基づき、課徴金納付命令を発出するよう勧告を行った。 ２．法令違反の事実関係 課徴金納付命令対象者は、日産ディーゼル工業株式会社（以下「日産ディーゼル工業」という。）の役員であったが、日産ディーゼル工業と秘密保持契約を締結していたエヌエー株式会社が日産ディーゼル工業の株券の公開買付けを行うことを決定した事実を、同契約の履行に関し知り、この事実が公表された平成１９年２月２０日より前の同月１４日に、日産ディーゼル工業の株券２，０００株を買付価額８７万４０００円で買い付けたものである。 課徴金納付命令対象者が行った上記の行為は、金融商品取引法（平成２０年法律第６５号による改正前のもの。以下「旧金融商品取引法」という。）第１７５条第２項に規定する「第百六十七条第一項又は第三項の規定に違反して、自己の計算において同条第一項に規定する特定株券等若しくは関連株券等に係る買付け等又は同項に規定する株券等に係る売付け等をした」行為に該当すると認められる。 ３．課徴金の額の計算 上記の違法行為に対し金融商品取引法に基づき納付を命じられる課徴金の額は、２０万円である。 計算方法の詳細については、別紙のとおり。 （別紙） ○　課徴金の額の計算方法について 旧金融商品取引法第１７５条第２項に基づき、課徴金の額は、 （公開買付けの実施に関する事実が公表された翌日の終値）×（買付株数）－（買付価格）×（買付株数） となる。 したがって、公開買付けの実施に関する事実の公表翌日の平成１９年２月２１日の日産ディーゼル工業株式会社の株価の終値は、５３８円であることから、課徴金の額は下記の金額となる。 （５３８円×２，０００株）－買付価額８７４，０００円（４３７円×２，０００株）＝２０２，０００円 ⇒課徴金の額は１万円未満を切り捨てるため、 ２０万円
2009-08-27,全国の証券会社,,証券取引等監視委員会の事務処理状況の公表について（平成21年8月27日）,https://www.fsa.go.jp/sesc/reports/n_20/n_20.html,"証券取引等監視委員会の事務処理状況の公表について 平成２１年８月２７日 証券取引等監視委員会 証券取引等監視委員会（以下「証券監視委」という。）は、金融庁設置法第22条の規定に基づき、毎年、事務処理状況を公表している。今回は、その17回目として、平成20年７月１日から同21年６月30日までの期間（以下「平成20事務年度」という。）における事務の処理状況を「証券取引等監視委員会の活動状況」として公表した。 １．平成20事務年度における活動の主なポイント 「証券取引等監視委員会の活動状況」においては、証券監視委の活動状況全般について、その内容や特徴を記載しているが、平成20事務年度においては、世界的な金融不安の高まりに伴う市場の動揺に対し、平成19年９月に公表した中期的な活動方針とする『公正な市場の確立に向けて』（以下「活動方針」という。）を踏まえて、金融危機への対応の観点から以下の取組みを行った。 (1)　市場の混乱に乗じた不公正取引への監視の強化 (2)　金融商品取引業者等の財務内容を重視した検査を含めた、証券検査の業務の総合的な点検 (3)　新しい商品・取引への監視のあり方にかかる検討 ２．公表内容の概要 (１)　市場分析審査 ○　一般からの情報の受付 平成20事務年度において一般から受け付けた情報は6,412件である。情報の内容としては、個別銘柄に関するものが4,789件、金融商品取引業者の営業姿勢等に関するものが1,038件、その他の意見等が585件となっている。 また、同事務年度では、証券監視委が発行市場・流通市場の全体に目を向けた市場監視を行っていることや、証券検査において、法令等遵守態勢の検証を基本としつつも、財務の健全性やリスク管理態勢に着目した検証を充実させる方向にあることなどを踏まえ、証券監視委が幅広い角度からの情報収集を行い、市場における様々な事象を多角的・多面的に分析していくために、情報提供の呼びかけに係る見直しを行った。 ○　取引審査等の状況 平成20事務年度の取引審査件数は、合計1,031件である。その内訳は、価格形成に関するもの132件、内部者取引に関するもの889件、その他10件となっている。 同事務年度の特色としては、全国の証券会社と全国の証券取引所、日本証券業協会、証券監視委・財務局等との間を専用線によるネットワークで結び、売買データの授受を電子的に処理するシステムである「コンプライアンスＷＡＮ」の利用開始（平成21年１月）が挙げられる。これは、「活動方針」の重点施策のひとつである「自主規制機関などとの連携」の取組みに沿ったものとなっている。 また、他の特色としては、発行市場・流通市場全体に目を向けた市場監視を行い、さらに、直ちに法令違反とはいえないような取引についても幅広く注意を払うなど、「活動方針」の他の重点施策である「包括的かつ機動的な市場監視」に努めていることが挙げられる。近年、不公正取引は、従来の流通市場における取引のみならず、発行市場に密接に結びついている取引が見受けられるところであり、幅広い角度からの情報収集や市場における様々な事象を多角的・多面的に分析する視点が不可欠となってきている。 ○　市場動向分析 証券監視委は、金融システムに内在するリスクをできるだけ早く認識し、重要課題への対応のために行政資源を効果的に投入していくという観点を踏まえ、新商品や新たな取引形態等、金融・資本市場全般における新たな動向についてタイムリーに分析（市場動向分析）を行い、個々の取引の背景となる事象を把握し、市場監視に役立てている。 (２)　証券検査 ○　金融商品取引業者等検査マニュアルの改正 金融商品取引業者等検査マニュアル（以下「検査マニュアル」という。）については、平成20年7月に店頭金融先物取引に係るリスク管理態勢等に関する一部改正を行ったが、平成21年5月には、金融商品取引法（以下「金商法」という。）等の一部改正（ファイアーウォール規制の見直し及び利益相反管理体制の構築）、自主規制機関の規則の一部改正及び制定（「不公正取引の防止のための売買管理体制の整備に関する規則」の改正及び「証券化商品の販売等に関する規則」の制定）等を踏まえた改正を行った。 なお、改正検査マニュアルについては、平成21年6月1日以降に着手した検査から活用している。 ○ 業務点検プロジェクト 平成20年９月、より効率的・効果的な検査を実現するため検査の手続面を中心に点検を行い、必要があれば見直しを行うことを目的として、「証券検査に係る業務点検プロジェクト」を発足した。当プロジェクトでは、各業界団体を交えた議論を経て、同年12月に今後の証券検査の一定の方向性について、「証券検査に係る業務点検プロジェクトの検討状況」を公表した。 その後、更なる議論を踏まえ、透明性の高い効率的かつ効果的な検査を実施するとの観点から、平成21年６月に検査の基本事項や検査実施の手続等を定めた「証券検査に関する基本指針」を改正した。 ○　テーマ別検査 株券電子化の円滑な制度施行に向け、証券会社のシステムの整備状況について、特に経営陣のリスク管理に対する取組み、株券電子化に係るリスク管理態勢のあり方、不測の事態への対応等に関し、一般検査の中で検証を行った。こうしたシステム開発プロジェクトに係る検証は、証券監視委としては初めて実施したものである。 ○　検査結果の概要 平成20事務年度中に金融商品取引業者191社（うち第一種金融商品取引業者117社（うち旧証券会社96社(うち外国証券会社７社)、旧金融先物取引業者21業者）、第二種金融商品取引業者1社、投資運用業者15社、投資助言・代理業者58業者）、登録金融機関25機関、投資法人７法人及び自主規制機関5機関の計228社に対して検査に着手した。 同事務年度において検査が終了したものは、前期繰越分を含め220社となっているが、このうち112社に問題点が認められた（問題点が認められた会社の割合51%）。問題点が認められた112社中、43社において投資者保護に関する問題点が認められたほか、財産・経理等や業務運営などに関する問題点も認められた。 検査の結果、重大な法令違反が認められた18社については、内閣総理大臣及び金融庁長官に対し、行政処分等の勧告を行った(うち財務局等分12社)。 主な勧告事例は次のとおりである。 イ　第一種金融商品取引業者等の処分に係る勧告 不正の手段により金融商品取引業の登録を受けた事例 ―　アセットカンパニー株式会社 顧客の損失を補てんするため、財産上の利益を提供した事例 ―　株式会社パンタ・レイ証券 ロ　投資運用業者、投資助言・代理業者等の処分に係る勧告 著しく事実に相違する表示のある広告をした事例 ―　有限会社ゴールデンピラミッド (３)　不公正取引及びディスクロージャーに関する調査等 ○　不公正取引に対する勧告・告発 イ　不公正取引に対する勧告 不公正事件に関する課徴金調査の結果、20件（内部者取引に係る事案が18件、相場操縦に係る事案が2件）、7,525万円の課徴金納付命令の発出を求める勧告を行った。 主な勧告事例は次のとおりである。 現役の証券会社社員や公認会計士、企業の監査役といった高い職業倫理を求められる職業・役職の者による内部者取引の事例 ―　ゴールドマン・サックス証券株式会社社員による内部者取引 ―　カブドットコム証券株式会社社員らによる内部者取引 ―　パイオニア株式会社監査役による内部者取引 ―　株式会社アルゴ21等の株券に係る内部者取引 重要事実に係る、いわゆるバスケット条項（金商法第166条第2項第4号）を初めて適用した勧告事例 ―　株式会社栗本鐵工所取引先社員による内部者取引 相場操縦事案に対し、平成17年4月の課徴金制度導入以来、初めてとなる課徴金納付命令勧告を行った事例 ―　トリニティ工業株式会社株券に係る相場操縦 ロ　不公正取引に対する告発 犯則事件については、金融商品・取引の複雑化・多様化・グローバル化・ローカル化といった環境変化に対応し、複雑・困難な複合事案を含む幅広い態様の事案を手掛け、内外の関係諸機関と連携しつつ調査を実施した結果、相場変動目的暴行・脅迫の嫌疑で２件・２名、内部者取引の嫌疑で７件・８名の合計９件・10名について、告発を行った。 主な告発事例は次のとおりである。 相場変動目的の暴行・脅迫について、証券取引法制定以来、初めて告発を行った事例 ―　株式会社ドン・キホーテ店舗への放火による相場変動目的暴行・脅迫事件 クロスボーダーの不公正取引について、海外証券規制当局の協力を得て、初めて告発を行った事例 ―　ジェイ・ブリッジ株式会社元取締役会長による同社株券に係る海外ダミー口座を利用したクロスボーダー内部者取引事件 ○　ディスクロージャーに関する勧告・告発 イ　ディスクロージャーに関する勧告 開示検査の結果、開示書類の虚偽記載に関して12件、約７億1,375万円の課徴金納付命令の発出を求める勧告を行った。勧告事案に係る虚偽記載の態様は、売上の過大計上、貸倒引当金繰入額の過少計上、減損損失の不計上、棚卸資産の過大計上、貸付金の過大計上、のれんの過大計上、未払金の過少計上等と、その内容は多岐にわたるものとなっている。 主な勧告事例は次のとおりである。 特別目的会社を活用した不動産流動化スキームを悪用し、本来計上できない特別利益を計上した有価証券報告書を参照書類とした有価証券届出書に基づきファイナンスを行った事例 ―　株式会社ビックカメラに係る有価証券報告書等の虚偽記載 実態のない事業譲渡に基づくのれんの計上により貸倒損失の計上を回避するなどし、その後、監査証明を行った監査法人についても処分を受けることとなった事例 ―　株式会社ゼンテック・テクノロジー・ジャパンに係る有価証券報告書等の虚偽記載 会社代表者の指示の下、売上の過大計上や貸倒損失の計上回避を行った上でファイナンスを繰り返した事例 ―　トラステックスホールディングス株式会社に係る有価証券報告書等の虚偽記載 ロ　ディスクロージャーに関する告発 証券監視委は、「活動方針」において、発行市場・流通市場全体に目を向けた市場監視を行う旨を掲げ、内部者取引等流通市場における不正だけでなく、発行市場・ファイナンスにおける不正の監視にも強力に取り組んでいる。 平成20事務年度においては、虚偽の有価証券報告書等の提出につき４件・11名について告発を行ったが、これらの粉飾事案は、新規上場時を含めファイナンスに係る有価証券届出書について、重要な事項につき虚偽の記載のあるものを提出したことを告発対象事実に含むものである。証券監視委としては、不公正ファイナンス等に係る偽計の摘発とともに、ディスクロージャーに関する不正についても監視の目を光らせ、発行市場の信頼性の確保に努めていくこととしている。 主な告発事例は次のとおりである。 新規上場時に提出された有価証券届出書の虚偽記載に係る初めての告発事例 ―　株式会社プロデュースに係る虚偽有価証券届出書等提出事件 (４)　建議 建議については、外国為替証拠金取引を取り扱う金融商品取引業者に対する重点検査の結果に基づき、金融庁長官に対し、(1)外国為替証拠金取引に係る区分管理の方法の見直しについて、(2)外国為替証拠金取引に係るロスカットルールの制定について、(3)外国為替証拠金取引に係る適切な保証金の預託について、(4)登録申請時の徴求書類等の見直しについての４件の建議を行った。 これら４件の建議のうち３件が「金融商品取引業等に関する内閣府令」、また１件は、「金融商品取引業者等向けの総合的な監督指針」に反映されるなど、証券市場の実態を踏まえた市場ルールの整備に寄与している。 (５)　監視活動・機能強化への取組み等 ○　市場監視体制の充実・強化 平成21年度の機構・定員については、課徴金・開示検査体制の整備を大きな柱として増員要求を行った結果、22人の増員が認められ、同年度末の定員は374人となる。 また、財務局等の証券取引等監視官部門においても、25人の増員が認められ、同年度末の定員は300人となり、証券監視委の定員と合計すると全体で674人となる。 さらに、的確な市場監視及び職員の専門性向上を図るため、証券業務等に関して専門的知識・経験のある者、弁護士及び公認会計士などの民間専門家を採用し、平成21年6月末現在において在籍している民間出身の専門家は104人となっている。 ○　投資家への情報提供等の取組み 「活動方針」の第二の柱である「市場規律の強化に向けた働きかけ」の一環として、市場参加者との対話、市場への情報発信の強化を掲げ、新たに上場会社の役職員や監査役を対象とした講演を実施するなど、市場参加者に対する情報発信に取り組んでいる。 ○　関係当局との連携 金融庁や自主規制機関のほか、市場の公正確保のための当事者との緊密な連携を図るという観点から、従来からの日本公認会計士協会に加え、日本弁護士連合会との意見交換を行った。さらに、犯則事件が地域的な広がりを見せる中、警察及び検察との連携を一層深め、反社会的勢力による金融・資本市場への関与の排除に向けた意見交換も実施している。また、世界的な金融不安の高まりに伴う市場の動揺に対応するとともに、我が国市場の公正性を確保するため、海外の証券規制当局との意見・情報交換や主要な国際会議への参加を進めるほか、金融庁とともに海外の証券規制当局等との連携強化にも努めている。 (６)　金商法改正による業務の拡大等 ○　信用格付業者に対する公的規制の導入 格付会社に対する規制の導入・強化に係る取組みが国際的に進められている動向を踏まえ、金融・資本市場における情報インフラとして重要な役割を担っている格付会社については、登録制の導入等を通じて規制・監督の対象とすることとされており、証券監視委には登録を受けた信用格付業者に対する報告徴取・立入検査権限が委任されている。 ○　金融分野における裁判外紛争解決制度（金融ＡＤＲ制度）の創設 金融商品・サービスの多様化・複雑化が進む中、金融商品・サービスに係るトラブルについて、裁判外の簡易・迅速な解決手段を提供し、利用者の納得感のあるトラブル解決を通じ、利用者の保護を図るとともに金融商品・サービスに関する利用者の信頼性を向上させることが重要であるとの観点から、苦情処理・紛争解決を行う民間団体（指定紛争解決機関）を主務大臣が指定するものであり、証券監視委には、その指定紛争解決機関に対する報告徴取・立入検査権限が委任されている。 ┌ │ │ └ 本公表については、証券監視委のホームページ上において、本日より公表。 なお、官報においては８月２８日に掲載する予定。 ┐ │ │ ┘ 「 証券監視委の活動状況 」（一覧表）へ　(PDF/59KB) 「証券取引等監視委員会の活動状況」の本文へ 本文 （PDF/928KB） 附属資料 （PDF/4,392KB） 全文一括印刷用 （PDF/5,235KB）"
2009-07-08,株式会社,1301,株式会社TONK（旧商号：株式会社ユニバーサル・インベストメント）に対する検査結果に基づく勧告について（平成21年7月8日）,https://www.fsa.go.jp/sesc/news/c_2009/2009/20090708_2.html,平成２１年７月８日 証券取引等監視委員会 株式会社TONK（旧商号：株式会社ユニバーサル・インベストメント）に対する検査結果に基づく勧告について １．勧告の内容 東海財務局長が株式会社ＴＯＮＫ（愛知県名古屋市、資本金３２２百万円、役職員１０名）を検査した結果、下記のとおり、当該金融商品取引業者に係る法令違反の事実が認められたので、平成２１年６月２６日、証券取引等監視委員会は、内閣総理大臣及び金融庁長官に対して、金融庁設置法第２０条第１項の規定に基づき、行政処分を行うよう勧告した。 ２．事実関係 (1)　自己資本規制比率が120％を下回る状況 当社の自己資本規制比率は、平成21年3月17日現在120％を下回っている。 当社の上記の状況は、金融商品取引法第46条の6第2項に違反すると認められる。 (2)　純財産額が最低純財産額に満たない者に該当することとなったときに該当する状況 当社の純財産額は、平成21年3月17日現在5千万円を下回っている。 当社の上記の状況は、金融商品取引業者に対する監督上の処分を命ずることができる場合の要件となる金融商品取引法第52条第1項第3号（純財産額が、5千万円に満たない者に該当することとなったとき）に該当するものと認められる。
2009-07-08,株式会社ゼネラルホールディングス,,株式会社ゼネラルホールディングスの契約締結者からの情報受領者による内部者取引に対する課徴金納付命令の勧告について（平成21年7月8日）,https://www.fsa.go.jp/sesc/news/c_2009/2009/20090708_1.html,平成２１年７月８日 証券取引等監視委員会 株式会社ゼネラルホールディングスの契約締結者からの情報受領者による内部者取引に対する課徴金納付命令の勧告について １．勧告の内容 証券取引等監視委員会は、株式会社ゼネラルホールディングスの契約締結者からの情報受領者による内部者取引について検査した結果、下記のとおり法令違反の事実が認められたので、本日、内閣総理大臣及び金融庁長官に対して、金融庁設置法第２０条第１項の規定に基づき、課徴金納付命令を発出するよう勧告を行った。 ２．法令違反の事実関係 課徴金納付命令対象者は、株式会社ゼネラルホールディングス（平成２１年５月１日合併により解散）とのマネジメント・バイ・アウトに関する情報共有の契約の契約締結先の銀行員から、同人がその契約の履行に関し知った、株式会社ゼネラルホールディングスが、ゼネラル株式会社（現ゼネラルホールディングス株式会社）の株券の公開買付けを行うことを決定した事実の伝達を受け、この事実が公表された平成２０年９月４日より以前の同年８月２５日に、ゼネラル株式会社の株券３，０００株を買付価額９１万５，０００円で買い付けたものである。 課徴金納付命令対象者が行った上記の行為は、金融商品取引法（平成２０年法律第６５号による改正前のもの。以下「旧金融商品取引法」という。）第１７５条第２項に規定する「第百六十七条第一項又は第三項の規定に違反して、自己の計算において同条第一項に規定する特定株券等若しくは関連株券等に係る買付け等又は同項に規定する株券等に係る売付け等をした」行為に該当すると認められる。 ３．課徴金の額の計算 上記の違法行為に対し金融商品取引法に基づき納付を命じられる課徴金の額は、７１万円である。 計算方法の詳細については、別紙のとおり。 （別紙） ○　課徴金の額の計算方法について 旧金融商品取引法第１７５条第２項に基づき、課徴金の額は、 （公開買付けの実施に関する事実が公表された翌日の終値等）×（買付株数）－（買付価格）×（買付株数） となる。 したがって、公開買付けの実施に関する事実の公表翌日は売買が成立せず、値がつかなかったため、以後の直近のゼネラル株式会社の株価である平成２０年９月８日の株価の始値は、５４３円であることから、課徴金の額は下記の金額となる。 （５４３円×３，０００株）－買付価額９１５，０００円（３０５円×３，０００株）＝７１４，０００円 ⇒課徴金の額は１万円未満を切り捨てるため、 ７１万円
2009-07-28,株式会社総和地所株券,,株式会社総和地所株券に係る相場操縦に対する課徴金納付命令の勧告について（平成21年7月28日）,https://www.fsa.go.jp/sesc/news/c_2009/2009/20090728.html,"平成２１年７月２８日 証券取引等監視委員会 株式会社総和地所株券に係る相場操縦に対する課徴金納付命令の勧告について １．勧告の内容 証券取引等監視委員会は、株式会社総和地所株券に係る相場操縦について検査した結果、下記のとおり法令違反の事実が認められたので、本日、内閣総理大臣及び金融庁長官に対して、金融庁設置法第２０条第１項の規定に基づき、課徴金納付命令を発出するよう勧告を行った。 ２．法令違反の事実関係 課徴金納付命令対象者は、株式会社総和地所の株券につき、その株価の高値形成を図り、同株券の売買を誘引する目的をもって、平成２０年５月１日から同月７日までの間、３取引日にわたり、直前約定値より高値で買い注文と売り注文を同時期に発注して対当させ株価を引き上げる方法や、約定させる意思のない買い注文を発注するなどの方法により、同株券合計７２株を買い付ける一方、同株券合計４５株を売り付け、及び同株券延べ合計１０３株の買付けの委託を行い、同株券の株価を４万１，３００円から４万６，５００円まで高騰させるなどし、同株券の相場を変動させるべき一連の売買及び委託をしたものである。 同人が行った上記の行為は、金融商品取引法（平成２０年法律第６５号による改正前のもの。以下「旧金融商品取引法」という。）第１７４条第１項に規定する「自己の計算において第百五十九条第二項第一号の規定に違反する取引所金融商品市場における上場金融商品等の相場を変動させるべき一連の有価証券売買等」及び「その委託等」の違反行為に該当すると認められる。 ３．課徴金の額の計算 上記の違法行為に対し金融商品取引法に基づき納付を命じられる課徴金の額は、１６万円である。 計算方法の詳細については、別紙のとおり。 （別紙） ○　課徴金の額の計算方法について １．旧金融商品取引法第１７４条第１項に基づき、課徴金の額は、 (1) 売買対当数量 （注１） に係るものについて、 （有価証券の売付価額）－（有価証券の買付価額） と、 (2) 当該違反行為に係る有価証券の買付数量が売付数量を超える場合には、買付け等対当数量 （注２） に係るものについて、 （当該違反行為が終了した日から１月以内に行われた有価証券の売付価額）－（有価証券の買付価額） との合計額として計算される。 (注１) 売買対当数量：当該違反行為に係る有価証券の売付数量と買付数量のうち、いずれか少ない数量をいう。 (注２) 買付け等対当数量：当該違反行為に係る有価証券の買付数量が売付数量を超える場合における当該超える数量と、当該違反行為が終了した日から１月以内に行われた当該違反行為に係る売付数量のうちいずれか少ない数量をいう。 ２．本件における課徴金の額は、下記(1)及び(2)によりそれぞれ算定される額の合計　１６７，５５０円。 ⇒課徴金の額は１万円未満を切り捨てるため、 １６万円 (1) 当該違反行為に係る売買対当数量は、 当該違反行為に係る有価証券の売付数量は78株であり、 当該違反行為に係る有価証券の買付数量は、実際の買付け等の数量72株に、同条第９項により、違反行為開始時にその時の価格（41,300円）で買付け等をしたものとみなされる当該違反行為の開始時に所有している当該有価証券の数量７株を加えた79株である ことから、78株となる。 当該売買対当数量に係るものについて、 売付価額３，４３３，６５０円 （注３） －買付価額３，２６６，１００円 （注４，５） ＝１６７，５５０円 (注３) 売付価額は、 ┌ │ │ │ │ │ │ │ │ │ └ 40,900円× 1株 41,000円× 2株 ┐ │ │ │ │ │ │ │ │ │ ┘ の合計額である。 41,100円× 1株 41,500円× 1株 41,650円× 4株 41,900円× 2株 42,050円× 6株 42,300円× 8株 42,500円×10株 42,700円× 3株 42,750円× 3株 42,800円× 4株 46,500円×33株 (注４) 買付価額は、 ┌ │ │ │ │ │ │ │ │ │ │ └ 40,350円× 1株 40,750円× 4株 ┐ │ │ │ │ │ │ │ │ │ │ ┘ の合計額である。 41,250円× 2株 41,300円×12株 41,400円× 1株 41,550円× 2株 41,650円× 6株 41,700円× 2株 41,800円× 2株 41,900円× 2株 42,000円×11株 42,050円× 8株 42,300円× 8株 42,400円× 1株 42,500円×15株 42,750円× 1株 (注５) 買付価額の算定においては、金融商品取引法施行令（平成２０年政令第３６９号による改正前のもの。以下同じ。）第３３条の１４第５項の規定により、当該違反行為に係る有価証券の買付けのうち最も早い時期に行われたものから順次当該売買対当数量に達するまで割り当てることとなる。 本件においては、違反行為の開始時点において所有しており、旧金融商品取引法第１７４条第９項の規定により、違反行為の開始時点にその時における価格（41,300円）で買い付けたものとみなされるもの（みなし買付け）から、順次割り当てている。 (2) 上記(1)のとおり、当該違反行為に係る有価証券の買付数量が、売付数量を超えることから、当該違反行為に係る買付け等対当数量は、 買付数量が売付数量を超える数量1株（79株－78株） と、 当該違反行為が終了した日から１月以内に行われた売付数量0株 とを比較して少ない数量である、0株となる。 当該買付け等対当数量に係るものについて、 違反行為終了日から１月以内の売付価額－買付価額＝０円"
2009-07-03,株式会社大水,7538,株式会社大水に係る有価証券報告書の虚偽記載に係る課徴金納付命令勧告について（平成21年7月3日）,https://www.fsa.go.jp/sesc/news/c_2009/2009/20090703.html,"平成２１年７月３日 証券取引等監視委員会 株式会社大水に係る有価証券報告書の虚偽記載に係る課徴金納付命令勧告について １．勧告の内容 証券取引等監視委員会は、株式会社大水に係る有価証券報告書の虚偽記載について検査した結果、下記のとおり法令違反の事実が認められたので、本日、内閣総理大臣及び金融庁長官に対して、金融庁設置法第２０条第１項の規定に基づき、課徴金納付命令を発出するよう勧告を行った。 ２．法令違反の事実関係 株式会社大水は、平成２０年６月２７日、近畿財務局長に対し、架空売上の計上等により、連結当期純損益が１，５１４百万円（百万円未満切捨て。以下、連結当期純損失額について同じ。）の損失であったにもかかわらず、これを１，１１２百万円の損失と記載するなどした連結損益計算書を掲載した平成２０年３月期有価証券報告書を提出した。 同社が行った上記の行為は、金融商品取引法（平成２０年法律第６５号による改正前のもの。以下「旧金融商品取引法」という。）第１７２条の２第１項に規定する「重要な事項につき虚偽の記載がある」有価証券報告書を提出した行為に該当すると認められる。 ３．課徴金の額の計算 上記の違法行為に対し金融商品取引法に基づき納付を命じられる課徴金の額は、３００万円である。 旧金融商品取引法第１７２条の２第１項の規定により、平成２０年３月期有価証券報告書に係る課徴金の額について、 当該法人が発行する算定基準有価証券の市場価額の総額に１０万分の３を乗じて得た額（197,891円） が 3,000,000円 を超えないことから、3,000,000円となる。"
2009-06-30,株式会社ガイアックス株券,,株式会社ガイアックス株券に係る相場操縦に対する課徴金納付命令の勧告について（平成21年6月30日）,https://www.fsa.go.jp/sesc/news/c_2009/2009/20090630_1.html,"平成２１年６月３０日 証券取引等監視委員会 株式会社ガイアックス株券に係る相場操縦に対する課徴金納付命令の勧告について １．勧告の内容 証券取引等監視委員会は、株式会社ガイアックス株券に係る相場操縦について検査した結果、下記のとおり法令違反の事実が認められたので、本日、内閣総理大臣及び金融庁長官に対して、金融庁設置法第２０条第１項の規定に基づき、課徴金納付命令を発出するよう勧告を行った。 ２．法令違反の事実関係 課徴金納付命令対象者は、株式会社ガイアックスの株券につき、その株価の高値形成や終値形成を図り、同株券の売買を誘引する目的をもって、平成２０年６月１３日から同月２３日までの間、買い注文を発注して買い特別気配を表示させ、これを更新させた後、売り注文を発注して板寄せを成立させる方法や、直前約定値より高値で買い注文と売り注文を同時期に発注して対当させ株価を引き上げるなどの方法により、同株券合計１７３株を買い付ける一方、同株券合計８６株を売り付け、同株券の株価を６万８，０００円から９万５，０００円まで高騰させるなどし、同株券の相場を変動させるべき一連の売買をしたものである。 同人が行った上記の行為は、金融商品取引法（平成２０年法律第６５号による改正前のもの。以下「旧金融商品取引法」という。）第１７４条第１項に規定する「第百五十九条第二項第一号の規定に違反する取引所金融商品市場における上場金融商品等の相場を変動させるべき一連の有価証券売買等」に該当すると認められる。 ３．課徴金の額の計算 上記の違法行為に対し金融商品取引法に基づき納付を命じられる課徴金の額は、３２６万円である。 計算方法の詳細については、別紙のとおり。 （別紙） ○　課徴金の額の計算方法について １．旧金融商品取引法第１７４条第１項に基づき、課徴金の額は、 (1) 売買対当数量 （注１） に係るものについて、 （有価証券の売付価額）－（有価証券の買付価額） と、 (2) 当該違反行為に係る有価証券の買付数量が売付数量を超える場合には、買付け等対当数量 （注２） に係るものについて、 （当該違反行為が終了した日から１月以内に行われた有価証券の売付価額）－（有価証券の買付価額） との合計額として計算される。 (注１) 売買対当数量：当該違反行為に係る有価証券の売付数量と買付数量のうち、いずれか少ない数量をいう。 (注２) 買付け等対当数量：当該違反行為に係る有価証券の買付数量が売付数量を超える場合における当該超える数量と、当該違反行為が終了した日から１月以内に行われた当該違反行為に係る売付数量のうちいずれか少ない数量をいう。 ２．本件における課徴金の額は、下記(1)及び(2)によりそれぞれ算定される額の合計　３，２６６，９００円。 ⇒課徴金の額は１万円未満を切り捨てるため、 ３２６万円 (1) 当該違反行為に係る売買対当数量は、 当該違反行為に係る有価証券の売付数量は86株であり、 当該違反行為に係る有価証券の買付数量は、実際の買付け等の数量173株に、同条第９項により、違反行為開始時にその時の価格（68,000円）で買付け等をしたものとみなされる当該違反行為の開始時に所有している当該有価証券の数量28株を加えた201株である ことから、86株となる。 当該売買対当数量に係るものについて、 売付価額６，８４１，５００円 （注３） －買付価額６，１６０，６００円 （注４，５） ＝６８０，９００円 (注３) 売付価額は、 ┌ │ │ │ │ └ 68,000円×10株 73,000円×15株 ┐ │ │ │ │ ┘ の合計額である。 80,000円×18株 81,000円× 1株 82,000円×28株 82,900円× 5株 85,000円× 2株 95,000円× 7株 (注４) 買付価額は、 ┌ │ │ │ └ 68,000円×42株 73,000円×34株 ┐ │ │ │ ┘ の合計額である。 79,000円× 1株 82,000円× 3株 82,800円× 2株 83,000円× 4株 (注５) 買付価額の算定においては、金融商品取引法施行令（平成２０年政令第３６９号による改正前のもの。以下同じ。）第３３条の１４第５項の規定により、当該違反行為に係る有価証券の買付けのうち最も早い時期に行われたものから順次当該売買対当数量に達するまで割り当てることとなる。 本件においては、違反行為の開始時点において所有しており、旧金融商品取引法第１７４条第９項の規定により、違反行為の開始時点にその時における価格（68,000円）で買い付けたものとみなされるもの（みなし買付け）から、順次割り当てている。 (2) 上記(1)のとおり、当該違反行為に係る有価証券の買付数量が、売付数量を超えることから、当該違反行為に係る買付け等対当数量は、 買付数量が売付数量を超える数量115株（201株－86株） と、 当該違反行為が終了した日から１月以内に行われた売付数量116株 とを比較して少ない数量である、115株となる。 当該買付け等対当数量に係るものについて、 違反行為終了日から１月以内の売付価額１２，０６２，５００円 （注６，７） －買付価額９，４７６，５００円 （注８） ＝２，５８６，０００円 (注６) 売付価額は、 ┌ │ │ │ │ │ │ │ │ │ │ │ │ │ │ │ │ │ │ │ │ │ │ │ └ 84,000円× 1株 85,000円× 1株 ┐ │ │ │ │ │ │ │ │ │ │ │ │ │ │ │ │ │ │ │ │ │ │ │ ┘ の合計額である。 86,000円× 3株 87,000円× 6株 89,000円× 5株 90,000円× 4株 92,000円× 1株 93,000円× 1株 94,000円× 2株 95,900円× 1株 96,000円× 1株 97,000円× 1株 97,800円× 2株 99,000円× 3株 101,000円× 3株 104,000円× 7株 105,000円×12株 106,000円×12株 107,000円× 1株 108,000円× 9株 109,000円× 1株 110,000円× 5株 111,000円× 1株 112,000円× 5株 113,000円× 2株 114,000円× 4株 116,000円× 2株 117,000円× 5株 118,000円× 4株 120,000円× 6株 122,000円× 1株 123,000円× 3株 (注７) 売付価額の算定においては、金融商品取引法施行令第３３条の１４第７項の規定により、同条第５項の規定により割り当てられなかった有価証券の売付けのうち最も早い時期に行われたものから順次当該買付け等対当数量に達するまで割り当てることとなる。 (注８) 買付価額は、 ┌ │ │ │ │ │ │ │ │ │ └ 78,000円× 2株 79,000円× 5株 ┐ │ │ │ │ │ │ │ │ │ ┘ の合計額である。 80,000円×30株 81,000円× 3株 82,000円×36株 82,800円× 1株 82,900円× 7株 83,000円×21株 85,000円× 2株 93,000円× 1株 94,100円× 3株 94,500円× 1株 94,800円× 2株 95,000円× 1株"
2009-06-30,,,「金融商品取引法における課徴金事例集」の公表について（平成21年6月30日）,https://www.fsa.go.jp/sesc/news/c_2009/2009/20090630_2.html,平成２１年６月３０日 証券取引等監視委員会 「金融商品取引法における課徴金事例集」の公表について 証券取引等監視委員会では、「金融商品取引法における課徴金事例集」について、別紙のとおり取りまとめましたので、公表いたします。 本事例集は、課徴金納付命令勧告を行った事案の概要に、市場参加者が違反行為を起こさないよう参考となる内容を加えて取りまとめ、公表しているものです。 昨年６月に、平成17年４月から平成20年５月までに課徴金納付命令決定された事例をとりまとめた課徴金事例集を初めて公表しましたが、今般、平成20年６月から平成21年５月までに課徴金納付命令決定された事例を新たに追加し、課徴金事例集を更新しました。 証券取引等監視委員会としては、本事例集が活用されることにより、市場監視行政の透明性の向上と市場参加者の自主的規律の促進が図られ、もって違反行為の抑止に資するものと期待しています。 （別紙） 金融商品取引法における課徴金事例集 （PDF/421KB） （参考）主な変更・改善点 ○ 内部者取引に係る事案については、重要事実等の伝達状況について、事案の特性に沿って可能な範囲で記載することとした。 ○ 開示書類の虚偽記載に係る事案についても、虚偽記載の態様について、事案の特性に沿って可能な範囲で記載することとした。また、開示書類の発行者である会社の業種及び上場取引所に係る情報の記載を追加した。 ○ 事例の追加を行った（内部者取引に係る事案11件、相場操縦に係る事案１件、開示書類の虚偽記載に係る事案10件を追加し、合計で内部者取引に係る事案50件、相場操縦に係る事案１件、開示書類の虚偽記載に係る事案23件となった。）。 ○ 課徴金額の算定方法に関する記載を追加した。 過去の課徴金事例集はこちら
2009-06-26,ゲインズ・アセット・マネジメント株式会社,,ゲインズ・アセット・マネジメント株式会社に対する検査結果に基づく勧告について（平成21年6月26日）,https://www.fsa.go.jp/sesc/news/c_2009/2009/20090626_3.html,平成２１年６月２６日 証券取引等監視委員会 ゲインズ・アセット・マネジメント株式会社に対する検査結果に基づく勧告について １．勧告の内容 証券取引等監視委員会は、関東財務局長と合同して、ゲインズ・アセット・マネジメント株式会社（東京都中央区、資本金５千万円、役職員３３名）を検査した結果、下記のとおり、当該金融商品取引業者に係る法令違反の事実が認められたので、本日、内閣総理大臣及び金融庁長官に対して、金融庁設置法第２０条第１項の規定に基づき、行政処分を行うよう勧告した。 ２．事実関係 ○　集団投資スキーム持分の募集において公益及び投資者保護上重大な法令違反行為が認められる状況 ゲインズ・アセット・マネジメント株式会社（以下「当社」という。）は、平成２０年５月に第二種金融商品取引業の登録を受け、匿名組合契約に係る出資の募集を主要業務としているものであり、当該募集による出資金を充てて行われる事業（以下「出資対象事業」という。）は、高濃度酸素発生器のリース事業（当該事業における事業管理会社を、以下「Ａ社」という。）を含む２事業である。 当社は、当該酸素発生器リース事業に係る集団投資スキーム（以下「Ｏ２ファンド」という。）の持分につき、平成２０年５月以降、７種類募集しているが、当該募集において、下記(2)及び(3)のとおり、公益及び投資者保護上重大な法令違反行為が認められた。 (1)　本件Ｏ２ファンドの運営状況等 匿名組合財産や出資対象事業の運用実績の裏付けのない配当 本件Ｏ２ファンドに係る出資対象事業につき、平成２０年１１月分以降、Ａ社から当該事業に係る稼働・運用報告がなされず、また、同年１２月分以降については、酸素発生器の稼働率が相当悪化して出資対象事業の収益がほとんどないため、当社においてＡ社からの収益金の入金が遅延し又は入金がないなどといった状況にあった。 このような状況の中で当社は、本匿名組合財産の状況や出資対象事業の運用実績を把握・確認することなく、現にその運用実績の裏付けがないにもかかわらず、稼働率７０％を前提とした年利回り１０％前後の配当をしている。 出資者に説明されていない多額の出資者負担費用（販促費用）の徴取 当社は、当社が出資金から徴取する手数料その他の出資者が負担する費用等（以下「出資者負担費用」という。）につき、販売勧誘資料や契約締結前交付書面において「申込手数料」として出資金の５％相当額（一口５０万円につき２万５０００円）等を記載しているにとどまる。 しかしながら、当社は、出資金一口５０万円から、上記「申込手数料」のほか販促費用２０万円（一口５０万円の４０％相当額）をＡ社から入金を受けてこれを徴取し、出資者に負担させていた。 (2)　出資者に誤解を生じさせる広告及び表示等 上記(1)の事実関係は、いずれも出資者が本件Ｏ２ファンドに出資をするかどうかの投資判断に重大な影響を与えるものと認められ、当社は、遅くとも平成２１年３月頃以降、当該各事実関係を認識し又はこれらを調査・確認すべきであったと認められる。 しかしながら、当社は、 出資金一口（５０万円）のうち２０万円を販促費用として徴取しているが、その募集に際して販売勧誘資料等において、当社が出資金から徴取する出資者負担費用として「申込手数料」（２万５０００円）等を記載するにとどまり、当該販促費用につきこれを表示し、出資者に説明すべきものと認められるにもかかわらず、これを徴取する旨の表示・説明がなされていない。 当社が行った配当につき、出資対象事業の運用実績の裏付けが全くないものであるにもかかわらず、当社のホームページには年利回り「１０.８％」などと表示されており、「７０％程度の稼働率があり、そのような運用実績の裏付けがある」という著しい誤解を生じさせる表示となっている。 平成２１年３月以降に募集が開始された本件Ｏ２ファンドに係る出資の募集に際し、その当時において出資対象事業の運用実績が確認できず、また、実際の稼働率が相当悪化し、対象期間の収益金がＡ社から入金されていない状況であったにもかかわらず、販売勧誘資料である「募集要項」には、そのような現状からは実現可能性がほとんどないというべき稼働率（５０～９０％）に着目した想定利回り表が掲載されているほか、稼働率の維持に努めるなどといった記載もあり、匿名組合契約書の運用方針には、想定稼働率を６０％以上と設定する旨記載されている。このような表示は全体として、「酸素発生器の稼働率として５０～９０％も実現可能であり、また、当社が実際の稼働率を把握・確認した上で配当を行っている」と受け取れる誤解を生じさせる表示であると認められる。 (3)　無登録業者への名義貸しによる募集 株式会社Ｂの社員は、平成２０年１２月頃以降、本匿名組合契約に係る出資の募集につき、同社の業務として、営業代行と称して当社の名義を用いて当該募集を行っており、当社は、金融商品取引業の登録を受けていない同社及びその社員に対して当社の名義を貸し、当該募集行為を行わせている。 当該金融商品取引業者が行った上記各行為のうち、上記(2) については、事実に反する表示であると認められ、他方、同 については、出資者の投資判断を左右する重要な事項につき誤解を生じさせる表示であると認められ、いずれも金融商品取引法第３８条第６号に基づく金融商品取引業等に関する内閣府令第１１７条第１項第２号に該当する。また、同 については、広告等において利益の見込みにつき著しく人を誤認させるような表示であると認められ、金融商品取引法第３７条第２項に違反する。 同(3)の行為は、自己の名義をもって他人に金融商品取引業を行わせたものと認められ、金融商品取引法第３６条の３に違反する。
2009-06-26,,,「証券検査に関する基本指針」の一部改正（案）に対するパブリックコメントの結果について（平成21年6月26日）,https://www.fsa.go.jp/sesc/news/c_2009/2009/20090626_2.html,"平成21年６月26日 証券取引等監視委員会 「証券検査に関する基本指針」の一部改正（案）に対するパブリックコメントの結果について 証券取引等監視委員会（以下、「証券監視委」という。）では、「証券検査に関する基本指針」の一部改正（案）につきまして、平成21年４月24日（金）から平成21年５月25日（月）までの間、広く意見の募集を行いました。 その結果、９先の個人、団体より53件のコメントを頂きました。ご意見の提出を頂いた皆様には、改正案の検討にご協力いただき、誠にありがとうございました。 お寄せいただいたコメントの概要及びコメントに対する証券監視委の考え方は、 別紙１ のとおりです。 お寄せいただいたコメントも踏まえ、平成21年６月26日付で「証券検査に関する基本指針」を 別紙２ のとおり改正、発出し、平成21年６月29日以降に着手する検査から適用することとします。 御意見の送付先 証券取引等監視委員会事務局証券検査課 郵便：〒100-8922 東京都千代田区霞が関３－２－１ 中央合同庁舎第７号館 ファックス：03-5251-2137 ホームページ・アドレス： http://www.fsa.go.jp/sesc/ お問い合わせ先 証券取引等監視委員会　Tel　03-3506-6000（代表） 事務局証券検査課（内線： 3051、3039） （別紙１）コメントの概要及びコメントに対する証券取引等監視委員会の考え方 （PDF/221KB） （別紙２）証券検査に関する基本指針（新旧対照表） （PDF/1,073KB）"
2009-06-26,株式会社ビックカメラ,3048,株式会社ビックカメラに係る有価証券報告書等の虚偽記載及び同社役員が所有する同社株券の売出しに係る目論見書の虚偽記載に係る課徴金納付命令勧告について（平成21年6月26日）,https://www.fsa.go.jp/sesc/news/c_2009/2009/20090626.html,"平成２１年６月２６日 証券取引等監視委員会 株式会社ビックカメラに係る有価証券報告書等の虚偽記載及び同社役員が所有する同社株券の売出しに係る目論見書の虚偽記載に係る課徴金納付命令勧告について ※　本件は、金融庁において平成22年６月25日に 違反事実がないと認める旨の決定 がありました。 １．勧告の内容 証券取引等監視委員会は、株式会社ビックカメラに係る有価証券報告書等の虚偽記載及び同社役員が所有する同社株券の売出しに係る目論見書の虚偽記載について検査した結果、下記のとおり法令違反の事実が認められたので、本日、内閣総理大臣及び金融庁長官に対して、金融庁設置法第２０条第１項の規定に基づき、課徴金納付命令を発出するよう勧告を行った。 ２．法令違反の事実関係 (1) 株式会社ビックカメラ（課徴金納付命令対象者 。以下、「ビックカメラ」という。）は、 特別目的会社を活用した不動産流動化スキームを行ったところ、ビックカメラとともに、当該特別目的会社が組成した匿名組合への出資を行った株式会社豊島企画は、その出資、融資等の実態からビックカメラの子会社に該当することとなり、同スキームにおけるビックカメラのリスク負担割合は約３１％となるから、 同スキームの終了に伴い、平成１９年１０月２６日に、ビックカメラに匿名組合からの匿名組合清算配当金として４，９２０百万円（百万円未満切捨て。）が発生することはなく、これをビックカメラの特別利益として計上することはできないにもかかわらず、 株式会社豊島企画の出資者をビックカメラとは無関係の第三者に仮装していたことにより、匿名組合清算配当金が発生し、これを特別利益として計上することができる場合に該当するとして、 有価証券報告書等について、関東財務局長に対し、 ア）平成１９年１１月２０日、ビックカメラ及びビックカメラの連結会社の財政状態及び経営成績に著しい影響を与える事象が発生したとして「同スキームの終了に伴い、匿名組合清算配当金が発生し」、「平成２０年８月期の個別決算及び連結決算において、特別利益として匿名組合清算配当金４，９２０百万円を計上する予定であります」と記載した臨時報告書を提出し、 イ）平成１９年１１月２９日、平成１９年８月期連結財務諸表の「重要な後発事象」の注記において、「同スキームの終了に伴い、平成１９年１０月２６日付で匿名組合清算配当金４，９２０百万円が発生しております」と記載した平成１９年８月期有価証券報告書を提出し、 ウ）平成２０年５月２日、匿名組合清算配当金の計上等により、連結中間純損益が１，３９８百万円（百万円未満切捨て。以下、連結中間純利益額及び連結当期純損益額について同じ。）の利益であったにもかかわらず、これを７，１４５百万円の利益と記載するなどした中間連結損益計算書を掲載した平成２０年２月中間期半期報告書を提出し、 エ）平成２０年１１月２７日、匿名組合清算配当金の計上等により、連結当期純損益が１，６６２百万円の損失であったにもかかわらず、これを４，１１２百万円の利益と記載するなどした連結損益計算書を掲載した平成２０年８月期有価証券報告書を提出した。 ビックカメラが行った上記の各行為は、金融商品取引法（平成２０年法律第６５号による改正前のもの。以下「旧金融商品取引法」という。）第１７２条の２第１項又は第２項に規定する「重要な事項につき虚偽の記載がある」有価証券報告書等を提出した行為に該当すると認められる。 また、ビックカメラは、有価証券届出書について、関東財務局長に対し、 平成２０年５月１６日、平成１９年８月期有価証券報告書及び平成２０年２月中間期半期報告書を参照書類とする有価証券届出書を提出し、同有価証券届出書に基づく募集により、同年６月９日、１６３，５００株の株券を１２，３３７，７１０，０００円で取得させた。 ビックカメラが行った上記の行為は、旧金融商品取引法第１７２条第１項第１号に規定する「重要な事項につき虚偽の記載がある」発行開示書類に基づく募集により有価証券を取得させた行為に該当すると認められる。 (2) ビックカメラの役員（課徴金納付命令対象者 ）は、 ビックカメラが平成１９年８月期有価証券報告書及び平成２０年２月中間期半期報告書を参照書類とする目論見書を使用したところ、同目論見書に虚偽の記載があることを知りながら、その作成に関与し、平成２０年６月１０日、同目論見書に係る売出しにより、同人が所有する８０，０００株のビックカメラ株券を６，０３６，８００，０００円で売り付けた。 同人が行った上記の行為は、旧金融商品取引法第１７２条第５項に規定する「重要な事項につき虚偽の記載がある目論見書」を使用した発行者の役員等で、当該目論見書に虚偽の記載があることを知りながら当該目論見書の作成に関与した者が、当該目論見書に係る売出しにより当該役員等が所有する有価証券を売り付けた行為に該当すると認められる。 ３．課徴金の額の計算 上記の違法行為に対し金融商品取引法に基づき納付を命じられる課徴金の額は、課徴金納付命令対象者 については２億５，３５３万円、課徴金納付命令対象者 については１億２，０７３万円である。 課徴金納付命令対象者 (1) 旧金融商品取引法第１７２条の２第１項の規定により、平成１９年８月期有価証券報告書に係る課徴金の額について、 当該法人が発行する算定基準有価証券の市場価額の総額に１０万分の３を乗じて得た額（3,400,654円） が 3,000,000円 を超えることから、3,400,654円について、金融商品取引法第１７６条第２項の規定により１万円未満の端数を切り捨てて3,400,000円となる。 (2) 旧金融商品取引法第１７２条の２第１項又は第２項の規定により、平成１９年１１月２０日提出の臨時報告書、平成２０年２月中間期半期報告書及び平成２０年８月期有価証券報告書に係る課徴金の額について、個別決定ごとの算出額は、 当該法人が発行する算定基準有価証券の市場価額の総額に１０万分の３を乗じて得た額（3,380,271円） が 3,000,000円 を超えることから、 同臨時報告書については、3,380,271円の２分の１に相当する額である1,690,000円（金融商品取引法第１７６条第２項の規定により１万円未満を切り捨て） 同半期報告書については、3,380,271円の２分の１に相当する額である1,690,000円（金融商品取引法第１７６条第２項の規定により１万円未満を切り捨て） 同有価証券報告書については、3,380,000円（金融商品取引法第１７６条第２項の規定により１万円未満を切り捨て） となる。 ここで、金融商品取引法第１８５条の７第６項の規定により、同一の事業年度に係る２以上の虚偽の継続開示書類等が提出されたときは、課徴金の額を調整することとなるため、下記のとおり３３８万円を個別決定ごとの算出額に基づき按分した金額が課徴金の額となる。 平成１９年１１月２０日提出の臨時報告書に係る課徴金の額は 3,380,000×1,690,000／（1,690,000＋1,690,000＋3,380,000）＝845,000円 平成２０年２月中間期半期報告書に係る課徴金の額は 3,380,000×1,690,000／（1,690,000＋1,690,000＋3,380,000）＝845,000円 平成２０年８月期有価証券報告書に係る課徴金の額は 3,380,000×3,380,000／（1,690,000＋1,690,000＋3,380,000）＝1,690,000円 (3) 旧金融商品取引法第１７２条第１項第１号の規定により、重要な事項につき虚偽の記載がある発行開示書類に基づく募集により取得させた株券等の発行価額の総額の１００分の２に相当する額が課徴金の額となることから、 平成２０年５月１６日提出の有価証券届出書に係る課徴金の額は、 12,337,710,000×2／100＝246,754,200円 について、金融商品取引法第１７６条第２項の規定により１万円未満を切り捨てて、246,750,000円 となる。 課徴金納付命令対象者 旧金融商品取引法第１７２条第５項で準用する同条第２項の規定により、重要な事項につき虚偽の記載がある目論見書に係る売出しにより売り付けた課徴金納付命令対象者が所有する株券等の売出価額の総額の１００分の２に相当する額が課徴金の額となることから、 平成２０年６月１０日、同人が所有する株式会社ビックカメラの株券を、売出しにより売り付けるに当たり使用した目論見書に係る課徴金の額は、 6,036,800,000×2／100＝120,736,000円 について、金融商品取引法第１７６条第２項の規定により１万円未満を切り捨てて、120,730,000円 となる。"
2009-06-25,株式会社ジー・エフ,,株式会社ジー・エフ役員からの情報受領者による内部者取引に対する課徴金納付命令の勧告について（平成21年6月25日）,https://www.fsa.go.jp/sesc/news/c_2009/2009/20090625_2.html,"平成２１年６月２５日 証券取引等監視委員会 株式会社ジー・エフ役員からの情報受領者による内部者取引に対する課徴金納付命令の勧告について １．勧告の内容 証券取引等監視委員会は、株式会社ジー・エフ役員からの情報受領者による内部者取引について検査した結果、下記のとおり法令違反の事実が認められたので、本日、内閣総理大臣及び金融庁長官に対して、金融庁設置法第２０条第１項の規定に基づき、課徴金納付命令を発出するよう勧告を行った。 ２．法令違反の事実関係 課徴金納付命令対象者は、株式会社ジー・エフ（現日本アジアグループ株式会社）役員から，同人がその職務に関し知った、同社が株式の発行を行うことを決定した事実の伝達を受け、この事実が公表された平成１９年１２月２１日より前の同年１０月９日から同年１１月６日の間に、株式会社ジー・エフの株券合計３０株を総額１０４万７，６５０円で買い付けたものである。 課徴金納付命令対象者が行った上記の行為は、金融商品取引法（平成２０年法律第６５号による改正前のもの。以下「旧金融商品取引法」という。）第１７５条第１項に規定する「第百六十六条第一項又は第三項の規定に違反して、自己の計算において同条第一項に規定する売買等をした」行為に該当すると認められる。 ３．課徴金の額の計算 上記の違法行為に対し金融商品取引法に基づき納付を命じられる課徴金の額は、４０万円である。 計算方法の詳細については、別紙のとおり。 （別紙） ○　課徴金の額の計算方法について 旧金融商品取引法第１７５条第１項に基づき、課徴金の額は、 （重要事実が公表された翌日の終値等）×（買付株数）－（買付価格）×（買付株数） となる。 したがって、重要事実の公表翌日が市場休業日であるため、以後の直近の株式会社ジー・エフの株価である平成１９年１２月２５日の始値は、４８，３００円であることから、課徴金の額は下記の金額となる。 （４８，３００円×３０株）－買付価額１，０４７，６５０円 （注） ＝４０１，３５０円 ⇒課徴金の額は１万円未満を切り捨てるため、 ４０万円 (注) 買付価額は、 ┌ │ │ │ │ │ └ 31,500円×1株 31,600円×1株 ┐ │ │ │ │ │ ┘ の合計額である。 33,000円×8株 34,100円×8株 35,950円×2株 36,950円×3株 37,000円×1株 38,000円×6株"
2009-06-25,伊藤忠商事株式会社,8001,伊藤忠商事株式会社社員による内部者取引に対する課徴金納付命令の勧告について（平成21年6月25日）,https://www.fsa.go.jp/sesc/news/c_2009/2009/20090625_1.html,"平成２１年６月２５日 証券取引等監視委員会 伊藤忠商事株式会社社員による内部者取引に対する課徴金納付命令の勧告について １．勧告の内容 証券取引等監視委員会は、伊藤忠商事株式会社社員による内部者取引について検査した結果、下記のとおり法令違反の事実が認められたので、本日、内閣総理大臣及び金融庁長官に対して、金融庁設置法第２０条第１項の規定に基づき、課徴金納付命令を発出するよう勧告を行った。 ２．法令違反の事実関係 課徴金納付命令対象者は、伊藤忠商事株式会社の社員であったが、同社が株式会社アドウェイズの総株主の議決権の数の１００分の５以上の株券を買い集めることを決定した旨の公開買付けに準ずる行為の実施に関する事実をその職務に関し知り、この事実が公表された平成１９年６月１５日より前の同月１４日に、株式会社アドウェイズの株券合計５０株を総額４９４万円で買い付けたものである。 課徴金納付命令対象者が行った上記の行為は、金融商品取引法（平成２０年法律第６５号による改正前のもの。以下「旧金融商品取引法」という。）第１７５条第２項に規定する「第百六十七条第一項又は第三項の規定に違反して、自己の計算において同条第一項に規定する特定株券等若しくは関連株券等に係る買付け等又は同項に規定する株券等に係る売付け等をした」行為に該当すると認められる。 ３．課徴金の額の計算 上記の違法行為に対し金融商品取引法に基づき納付を命じられる課徴金の額は、１４１万円である。 計算方法の詳細については、別紙のとおり。 （別紙） ○　課徴金の額の計算方法について 旧金融商品取引法第１７５条第２項に基づき、課徴金の額は、 （公開買付け等の実施に関する事実が公表された翌日の終値等）×（買付株数）－（買付価格）×（買付株数） となる。 したがって、公開買付け等の実施に関する事実の公表翌日が市場休業日であるため、以後の直近の株式会社アドウェイズの株価である平成１９年６月１８日の始値は、１２７，０００円であることから、課徴金の額は下記の金額となる。 （１２７，０００円×５０株）－買付価額４，９４０，０００円 （注） ＝１，４１０，０００円 (注) 買付価額は、 ┌ │ │ └ 97,000円×10株 ┐ │ │ ┘ の合計額である。 98,500円×20株 100,000円×20株"
2009-06-19,味の素株式会社,2802,味の素株式会社社員及びカルピス株式会社社員からの情報受領者による内部者取引に対する課徴金納付命令の勧告について（平成21年6月19日）,https://www.fsa.go.jp/sesc/news/c_2009/2009/20090619.html,"平成２１年６月１９日 証券取引等監視委員会 味の素株式会社社員及びカルピス株式会社社員からの情報受領者による内部者取引に対する課徴金納付命令の勧告について １．勧告の内容 証券取引等監視委員会は、味の素株式会社社員（課徴金納付命令対象者 ）及びカルピス株式会社社員からの情報受領者（課徴金納付命令対象者 ）による内部者取引について検査した結果、下記のとおり法令違反の事実が認められたので、本日、内閣総理大臣及び金融庁長官に対して、金融庁設置法第２０条第１項の規定に基づき、課徴金納付命令を発出するよう勧告を行った。 ２．法令違反の事実関係 課徴金納付命令対象者 は、カルピス株式会社と株式交換契約の締結の交渉をしていた味の素株式会社の社員であったが、同社の他の社員が、同契約の締結の交渉に関し知った、カルピス株式会社の業務執行を決定する機関が味の素株式会社との間で株式交換を行うことについての決定をした旨の事実を、その職務に関し知り、この事実が公表された平成１９年６月１１日午後３時００分より前の同日に、カルピス株式会社の株券合計２，０００株を総額２２１万３，０００円で買い付けたものである。 課徴金納付命令対象者 は、カルピス株式会社社員から、同人がその職務に関し知った、カルピス株式会社の業務執行を決定する機関が味の素株式会社との間で株式交換を行うことについての決定をした旨の事実の伝達を受け、この事実が公表された平成１９年６月１１日より前の同月８日に、カルピス株式会社の株券２，０００株を総額２２２万円で買い付けたものである。 上記２名が行った上記の各行為は、金融商品取引法（平成２０年法律第６５号による改正前のもの。以下「旧金融商品取引法」という。）第１７５条第１項に規定する「第百六十六条第一項又は第三項の規定に違反して、自己の計算において同条第一項に規定する売買等をした」行為に該当すると認められる。 ３．課徴金の額の計算 上記の違法行為に対し金融商品取引法に基づき納付を命じられる課徴金の額は、課徴金納付命令対象者 及び課徴金納付命令対象者 のそれぞれについて３９万円である。 計算方法の詳細については、別紙のとおり。 （別紙） ○　課徴金の額の計算方法について 旧金融商品取引法第１７５条第１項に基づき、課徴金の額は、 （重要事実が公表された翌日の終値等）×（買付株数）－（買付価格）×（買付株数） となる。 したがって、重要事実の公表翌日の平成１９年６月１２日のカルピス株式会社の株価の終値は、１，３０６円であることから、課徴金の額は下記の金額となる。 課徴金納付命令対象者 （１，３０６円×２，０００株）－買付価額２，２１３，０００円 （注） ＝３９９，０００円 ⇒課徴金の額は１万円未満を切り捨てるため、 ３９万円 (注) 買付価額は、 ┌ │ └ 1,106円 × 1,000株 ┐ │ ┘ の合計額である。 1,107円 × 1,000株 課徴金納付命令対象者 （１，３０６円×２，０００株）－買付価額２，２２０，０００円（１，１１０円×２，０００株）＝３９２，０００円 ⇒課徴金額は１万円未満を切り捨てるため、 ３９万円"
2009-06-23,フタバ産業株式会社,7241,フタバ産業株式会社に係る有価証券報告書等の虚偽記載に係る課徴金納付命令勧告について（平成21年6月23日）,https://www.fsa.go.jp/sesc/news/c_2009/2009/20090623.html,"平成２１年６月２３日 証券取引等監視委員会 フタバ産業株式会社に係る有価証券報告書等の虚偽記載に係る課徴金納付命令勧告について １．勧告の内容 証券取引等監視委員会は、フタバ産業株式会社に係る有価証券報告書等の虚偽記載について検査した結果、下記のとおり法令違反の事実が認められたので、本日、内閣総理大臣及び金融庁長官に対して、金融庁設置法第２０条第１項の規定に基づき、課徴金納付命令を発出するよう勧告を行った。 ２．法令違反の事実関係 フタバ産業株式会社は、関東財務局長に対し、 (1) 平成１８年６月２９日、売上原価の過少計上等により、連結経常損益が２，５７１百万円（百万円未満切捨て。以下、連結経常利益額、連結当期純損益額、連結中間純損益額、連結純資産額及び連結四半期純利益額について同じ。）の利益であったにもかかわらず、これを１９，４２９百万円の利益と、連結当期純損益が１３，０９６百万円の損失であったにもかかわらず、これを１１，４９９百万円の利益と記載するなどした連結損益計算書を掲載した平成１８年３月期有価証券報告書を提出し、 (2) 平成１８年１２月２８日、売上原価の過少計上、減損損失の不計上、棚卸資産及び有形固定資産の過大計上等により、連結経常損益が１，７２１百万円の利益であったにもかかわらず、これを９，７２１百万円の利益と、連結中間純損益が２４，９４９百万円の損失であったにもかかわらず、これを５，２５６百万円の利益と記載するなどした中間連結損益計算書、及び連結純資産額が１１４，７７０百万円であったにもかかわらず、連結純資産額に相当する「純資産合計」欄に１７７，６９６百万円と記載するなどした中間連結貸借対照表を掲載した平成１８年９月中間期半期報告書を提出し、 (3) 平成１９年６月２８日、売上原価の過少計上、減損損失の不計上、棚卸資産及び有形固定資産の過大計上等により、連結経常損益が２９１百万円の利益であったにもかかわらず、これを２３，４５７百万円の利益と、連結当期純損益が３３，８２７百万円の損失であったにもかかわらず、これを１２，７７０百万円の利益と記載するなどした連結損益計算書、及び連結純資産額が１０９，７０１百万円であったにもかかわらず、連結純資産額に相当する「純資産合計」欄に１８９，１２２百万円と記載するなどした連結貸借対照表を掲載した平成１９年３月期有価証券報告書を提出し、 (4) 平成１９年１２月２６日、売上原価の過少計上、棚卸資産及び有形固定資産の過大計上等により、連結経常損益が１，５６５百万円の利益であったにもかかわらず、これを１２，０１４百万円の利益と、連結中間純損益が５，２０５百万円の損失であったにもかかわらず、これを５，３２２百万円の利益と記載するなどした中間連結損益計算書、及び連結純資産額が１０４，９１８百万円であったにもかかわらず、連結純資産額に相当する「純資産合計」欄に１９４，４６２百万円と記載するなどした中間連結貸借対照表を掲載した平成１９年９月中間期半期報告書を提出し、 (5) 平成２０年６月３０日、売上原価の過少計上、棚卸資産及び有形固定資産の過大計上等により、連結経常損益が１，７４５百万円の利益であったにもかかわらず、これを２４，８４７百万円の利益と、連結当期純損益が１３，０６１百万円の損失であったにもかかわらず、これを１１，０４６百万円の利益と記載するなどした連結損益計算書、及び連結純資産額が９４，２１９百万円であったにもかかわらず、連結純資産額に相当する「純資産合計」欄に１９８，０３０百万円と記載するなどした連結貸借対照表を掲載した平成２０年３月期有価証券報告書を提出し、 (6) 平成２０年８月１３日、売上原価の過少計上、棚卸資産及び有形固定資産の過大計上等により、連結経常損益が１，４０３百万円の利益であったにもかかわらず、これを３，４８６百万円の利益と、連結四半期純損益が１６３百万円の利益であったにもかかわらず、これを１，４０６百万円の利益と記載するなどした四半期連結損益計算書、及び連結純資産額が９１，３３９百万円であったにもかかわらず、連結純資産額に相当する「純資産合計」欄に１９６，３７４百万円と記載するなどした四半期連結貸借対照表を掲載した平成２０年６月第１四半期四半期報告書を提出した。 同社が行った上記の各行為は、金融商品取引法（平成２０年法律第６５号による改正前のもの。以下「旧金融商品取引法」という。）第１７２条の２第１項又は第２項に規定する「重要な事項につき虚偽の記載がある」有価証券報告書等を提出した行為に該当すると認められる。 ３．課徴金の額の計算 上記の違法行為に対し金融商品取引法に基づき納付を命じられる課徴金の額は、１，８１６万９，９９８円である。 (1) 旧金融商品取引法第１７２条の２第１項の規定により、平成１８年３月期有価証券報告書に係る課徴金の額について、 当該法人が発行する算定基準有価証券の市場価額の総額に１０万分の３を乗じて得た額（4,970,814円） が 3,000,000円 を超えることから、4,970,814円について、金融商品取引法第１７６条第２項の規定により１万円未満の端数を切り捨てて4,970,000円となる。 (2) 旧金融商品取引法第１７２条の２第１項又は第２項の規定により、平成１８年９月中間期半期報告書及び平成１９年３月期有価証券報告書に係る課徴金の額について、個別決定ごとの算出額は 当該法人が発行する算定基準有価証券の市場価額の総額に１０万分の３を乗じて得た額（5,717,062円） が 3,000,000円 を超えることから、 同半期報告書については、5,717,062円の２分の１に相当する額である2,850,000円（金融商品取引法第１７６条第２項の規定により１万円未満を切り捨て） 同有価証券報告書については、5,710,000円（金融商品取引法第１７６条第２項の規定により１万円未満を切り捨て） となる。 ここで、金融商品取引法第１８５条の７第６項の規定により、同一の事業年度に係る２以上の虚偽の継続開示書類等が提出されたときは、課徴金の額を調整することとなるため、下記のとおり５７１万円を個別決定ごとの算出に基づき按分した金額（同第２８項の規定により１円未満の端数切捨て）が課徴金の額となる。 平成１８年９月中間期半期報告書に係る課徴金の額は 5,710,000×2,850,000／（2,850,000＋5,710,000）＝1,901,109円 平成１９年３月期有価証券報告書に係る課徴金の額は 5,710,000×5,710,000／（2,850,000＋5,710,000）＝3,808,890円 (3) 旧金融商品取引法第１７２条の２第１項又は第２項の規定により、平成１９年９月中間期半期報告書及び平成２０年３月期有価証券報告書に係る課徴金の額について、個別決定ごとの算出額は 当該法人が発行する算定基準有価証券の市場価額の総額に１０万分の３を乗じて得た額（5,995,689円） が 3,000,000円 を超えることから、 同半期報告書については、5,995,689円の２分の１に相当する額である2,990,000円（金融商品取引法第１７６条第２項の規定により１万円未満を切り捨て） 同有価証券報告書については、5,990,000円（金融商品取引法第１７６条第２項の規定により１万円未満を切り捨て） となる。 ここで、金融商品取引法第１８５条の７第６項の規定により、同一の事業年度に係る２以上の虚偽の継続開示書類等が提出されたときは、課徴金の額を調整することとなるため、下記のとおり５９９万円を個別決定ごとの算出に基づき按分した金額（同第２８項の規定により１円未満の端数切捨て）が課徴金の額となる。 平成１９年９月中間期半期報告書に係る課徴金の額は 5,990,000×2,990,000／（5,990,000＋2,990,000）＝1,994,443円 平成２０年３月期有価証券報告書に係る課徴金の額は 5,990,000×5,990,000／（5,990,000＋2,990,000）＝3,995,556円 (4) 旧金融商品取引法第１７２条の２第２項の規定により、平成２０年６月第１四半期四半期報告書に係る課徴金の額について、 当該法人が発行する算定基準有価証券の市場価額の総額に１０　万分の３を乗じて得た額（2,735,505円） が 3,000,000円 を超えないことから、3,000,000円の２分の１に相当する額である1,500,000円となる。"
2009-06-16,ジャパン・デジタル・コンテンツ信託株式会社,,ジャパン・デジタル・コンテンツ信託株式会社に係る有価証券報告書等の虚偽記載に係る課徴金納付命令勧告について（平成21年6月16日）,https://www.fsa.go.jp/sesc/news/c_2009/2009/20090616.html,"平成２１年６月１６日 証券取引等監視委員会 ジャパン・デジタル・コンテンツ信託株式会社に係る有価証券報告書等の虚偽記載に係る課徴金納付命令勧告について １．勧告の内容 証券取引等監視委員会は、ジャパン・デジタル・コンテンツ信託株式会社に係る有価証券報告書等の虚偽記載について検査した結果、下記のとおり法令違反の事実が認められたので、本日、内閣総理大臣及び金融庁長官に対して、金融庁設置法第２０条第１項の規定に基づき、課徴金納付命令を発出するよう勧告を行った。 ２．法令違反の事実関係 ジャパン・デジタル・コンテンツ信託株式会社は、関東財務局長に対し、 (1) 平成１８年６月３０日、架空売上の計上、売上債権及び無形固定資産の過大計上等により、連結当期純損益が１，０２０百万円（百万円未満切捨て。以下、連結当期純損失額及び連結純資産額について同じ。）の損失であったにもかかわらず、これを６７７百万円の損失と記載するなどした連結損益計算書、及び連結純資産額が２，４７５百万円であったにもかかわらず、連結純資産額に相当する「資本合計」欄に３，３１７百万円と記載するなどした連結貸借対照表を掲載した平成１８年３月期有価証券報告書を提出し、 (2) 平成１８年１２月２２日、売上債権及び貸付金の過大計上等により、連結純資産額が１，９７８百万円であったにもかかわらず、連結純資産額に相当する「純資産合計」欄に２，７２９百万円と記載するなどした中間連結貸借対照表を掲載した平成１８年９月中間期半期報告書を提出し、 (3) 平成１９年５月２５日、売上債権及び貸付金の過大計上等により、連結純資産額が１，９７８百万円であったにもかかわらず、連結純資産額に相当する「純資産合計」欄に２，５１１百万円と記載するなどした中間連結貸借対照表を掲載した平成１８年９月中間期半期報告書に係る訂正報告書を提出した。 同社が行った上記の各行為は、金融商品取引法（平成２０年法律第６５号による改正前のもの。以下「旧金融商品取引法」という。）第１７２条の２第１項又は第２項に規定する「重要な事項につき虚偽の記載がある」有価証券報告書等を提出した行為に該当すると認められる。 ３．課徴金の額の計算 上記の違法行為に対し金融商品取引法に基づき納付を命じられる課徴金の額は、６００万円である。 (1) 旧金融商品取引法第１７２条の２第１項の規定により、平成１８年３月期有価証券報告書に係る課徴金の額について、 当該法人が発行する算定基準有価証券の市場価額の総額に１０万分の３を乗じて得た額（743,016円） が 3,000,000円 を超えないことから、3,000,000円となる。 (2) 旧金融商品取引法第１７２条の２第２項の規定により、平成１８年９月中間期半期報告書に係る課徴金の額について、 当該法人が発行する算定基準有価証券の市場価額の総額に１０万分の３を乗じて得た額（237,263円） が 3,000,000円 を超えないことから、3,000,000円の２分の１に相当する額である1,500,000円となる。 (3) 旧金融商品取引法第１７２条の２第２項の規定により、平成１８年９月中間期半期報告書の訂正報告書に係る課徴金の額について、 当該法人が発行する算定基準有価証券の市場価額の総額に１０万分の３を乗じて得た額（237,263円） が 3,000,000円 を超えないことから、3,000,000円の２分の１に相当する額である1,500,000円となる。"
2009-06-05,カブドットコム証券株式会社,,カブドットコム証券株式会社社員ほか１名による内部者取引に対する課徴金納付命令の勧告について（平成21年6月5日）,https://www.fsa.go.jp/sesc/news/c_2009/2009/20090605-2.html,"平成２１年６月５日 証券取引等監視委員会 カブドットコム証券株式会社社員ほか１名による内部者取引に対する課徴金納付命令の勧告について １．勧告の内容 証券取引等監視委員会は、カブドットコム証券株式会社社員ほか１名による内部者取引について検査した結果、下記のとおり法令違反の事実が認められたので、本日、内閣総理大臣及び金融庁長官に対して、金融庁設置法第２０条第１項の規定に基づき、課徴金納付命令を発出するよう勧告を行った。 ２．法令違反の事実関係 課徴金納付命令対象者 は、株式会社三菱東京ＵＦＪ銀行と業務・資本提携に関する契約を締結していたカブドットコム証券株式会社の社員であったが、同社の役員が、同契約の履行に関し知った、 (1) 株式会社三菱東京ＵＦＪ銀行の業務執行を決定する機関がカブドットコム証券株式会社株券の公開買付けを行うことを決定した事実を、その職務に関し知り、この事実が公表された平成１９年３月６日より前の同月５日に、自己の計算において、カブドットコム証券株式会社の株券合計２６株を総額５１０万１，０００円で買い付け、 (2) 株式会社三菱東京ＵＦＪ銀行の業務執行を決定する機関がカブドットコム証券株式会社株券の公開買付けを行うことを決定した事実を、その職務に関し知り、この事実が公表された平成１９年１１月１５日より前の同月１４日に、自己の計算において、カブドットコム証券株式会社の株券７．５株を総額１１４万７，５００円で買い付け たものである。 課徴金納付命令対象者 は、課徴金納付命令対象者 から、上記(1)の事実の伝達を受け、この事実が公表された平成１９年３月６日より前の同月５日に、自己の計算において、カブドットコム証券株式会社の株券合計２６株を総額５１０万１，０００円で買い付けたものである。 上記２名が行った上記の各行為は、金融商品取引法（平成２０年法律第６５号による改正前のもの。以下「旧金融商品取引法」という。）第１７５条第２項に規定する「第百六十七条第一項又は第三項の規定に違反して、自己の計算において同条第一項に規定する特定株券等若しくは関連株券等に係る買付け等又は同項に規定する株券等に係る売付け等をした」行為に該当すると認められる。 ３．課徴金の額の計算 上記の違法行為に対し金融商品取引法に基づき納付を命じられる課徴金の額は、課徴金納付命令対象者 については４４万円、課徴金納付命令対象者 については３８万円である。 計算方法の詳細については、別紙のとおり。 （別紙） ○　課徴金の額の計算方法について 旧金融商品取引法第１７５条第２項に基づき、課徴金の額は、 （公開買付けの実施に関する事実が公表された翌日の終値等）×（買付株数）－（買付価格）×（買付株数） となる。 したがって、課徴金の額は下記の金額となる。 課徴金納付命令対象者 (1) 株式会社三菱東京ＵＦＪ銀行によるカブドットコム証券株式会社の株券の公開買付けの実施に関する事実の公表翌日の平成１９年３月７日のカブドットコム証券株式会社の株価の終値は、２１１，０００円であることから、課徴金の額は下記の金額となる。 （２１１，０００円×２６株）－買付価額５，１０１，０００円 （注） ＝３８５，０００円 ⇒課徴金の額は１万円未満を切り捨てるため、 ３８万円 (注) 買付価額は、 ┌ │ │ └ 196,000円×21株 ┐ │ │ ┘ の合計額である。 197,000円× 5株 (2) 株式会社三菱東京ＵＦＪ銀行によるカブドットコム証券株式会社の株券の公開買付けの実施に関する事実の公表翌日の平成１９年１１月１６日のカブドットコム証券株式会社の株価の終値は、１６２，０００円であることから、課徴金の額は下記の金額となる。 （１６２，０００円×７．５株）－買付価額１，１４７，５００円(１５３，０００円×７．５株)＝６７，５００円 ⇒課徴金の額は１万円未満を切り捨てるため、 ６万円 課徴金納付命令対象者 株式会社三菱東京ＵＦＪ銀行によるカブドットコム証券株式会社の株券の公開買付けの実施に関する事実の公表翌日の平成１９年３月７日のカブドットコム証券株式会社の株価の終値は、２１１，０００円であることから、課徴金の額は下記の金額となる。 （２１１，０００円×２６株）－買付価額５，１０１，０００円 （注） ＝３８５，０００円 ⇒課徴金の額は１万円未満を切り捨てるため、 ３８万円 (注) 買付価額は、 ┌ │ │ └ 196,000円×21株 ┐ │ │ ┘ の合計額である。 197,000円× 5株"
2009-06-05,成瀬証券株式会社,,成瀬証券株式会社に対する検査結果に基づく勧告について（平成21年6月5日）,https://www.fsa.go.jp/sesc/news/c_2009/2009/20090605-1.html,"平成２１年６月５日 証券取引等監視委員会 成瀬証券株式会社に対する検査結果に基づく勧告について １．勧告の内容 関東財務局長が成瀬証券株式会社(東京都中央区、資本金７２０百万円、役職員１３０名）を検査した結果、下記のとおり、当該金融商品取引業者の業務の運営の状況に関し、公益又は投資者保護上の問題が認められたので、本日、証券取引等監視委員会は、内閣総理大臣及び金融庁長官に対して、金融庁設置法第２０条第１項の規定に基づき、行政処分を行うよう勧告した。 ２．事実関係 ○　当社に帰属しない配当金を不当に受領する行為等 当社において、下記のとおり、遅くとも平成１０年４月から検査基準日（同２０年８月２７日）までの間、顧客や当社元社員に係る株券につき、当社の収益を向上させることを目的として、当該株券に係る当社に帰属しない配当金を不当な手段を用いて受領する行為等が認められた。 (1)　顧客に係る株券につき配当金を不当に受領する行為等 当社は、その収益向上を目的として、保護預り株券のうち本人名義への書換え等に同意していない顧客計７６名に係る株券２０１銘柄（数量1,042,973株）について、権利確定日の直前に当該株券がその保管先から返還されることを利用して、何らの権限もないにもかかわらず、当該株券の名義を当社名義に書き換える又は当社を実質株主として報告するなどした上で、当該株券につき当社に送付されてくる当社名義の配当金支払通知書添付の払出金受領証に記載・押印するなどし、当該株券に係る顧客等に帰属すべき配当金を不当に受領した（当社が受領した金額は、少なくとも約5,897千円である。）。 (2)　当社元社員に係る株券につき配当金を不当に受領する行為等 また、当社は、その収益向上を目的として、当社元社員計６名に係る個人名義の株券７銘柄（数量1,131株）について、当該株券に係る配当金支払通知書が当社あてに郵送されてくることを利用して、当該通知書に添付されている払出金受領証に元社員の氏名を記載し、当社代表取締役印を押印するなどし、何らの権限もないにもかかわらず、当該株券に係る元社員等に帰属すべき配当金を不当に受領した（当社が受領した金額は、少なくとも約53千円である。）。 当社における上記の行為は、市場仲介者として公正性・透明性が要求される証券会社の信頼を著しく失墜させる不当な手段を用いて、当社に帰属しない金銭（顧客等及び元社員等に帰属すべき配当金）を受領等していたものであり、当社においては、このような行為が要職にある者の主導により長期間にわたり継続的に行われ、また、経営者や監査部署はこれを看過してきたのであり、このような当社の内部管理態勢には重大な不備があり、行政処分によりその業務の改善を求める必要があるものと認められる。 当社における上記のような業務の運営の状況は、金融商品取引法第５１条の規定による業務の運営の状況の改善に必要な措置を命ずることができる場合の要件となる「業務の運営の状況に関し、公益又は投資者保護のため必要かつ適当であると認めるとき」に該当するものと認められる。"
2009-05-22,株式会社アルゴ２１ほか４社,,株式会社アルゴ２１ほか４社の株券に係る内部者取引に対する課徴金納付命令の勧告について（平成21年5月22日）,https://www.fsa.go.jp/sesc/news/c_2009/2009/20090522.html,平成２１年５月２２日 証券取引等監視委員会 株式会社アルゴ２１ほか４社の株券に係る内部者取引に対する課徴金納付命令の勧告について １．勧告の内容 証券取引等監視委員会は、株式会社アルゴ２１ほか４社の株券に係る内部者取引について検査した結果、下記のとおり法令違反の事実が認められたので、本日、内閣総理大臣及び金融庁長官に対して、金融庁設置法第２０条第１項の規定に基づき、課徴金納付命令を発出するよう勧告を行った。 ２．法令違反の事実関係 課徴金納付命令対象者は、キヤノンマーケティングジャパン株式会社ほか４社との公開買付代理人契約又は公開買付けに係るアドバイザリー契約等の契約締結先の証券会社社員から、同人がその契約の履行若しくは締結の交渉又はその職務に関し知った、キヤノンマーケティングジャパン株式会社ほか４社が、それぞれ株式会社アルゴ２１ほか４社の株券の公開買付けを行うことを決定した事実の伝達を受け、これらの事実が公表されるより以前の平成１９年４月２５日から同年１１月１２日までの間に、株式会社アルゴ２１ほか４社の株券合計７，８００株を総額６８３万３，９００円で買い付けたものである。 課徴金納付命令対象者が行った上記の各行為は、金融商品取引法（平成２０年法律第６５号による改正前のもの。以下「旧金融商品取引法」という。）第１７５条第２項に規定する「第百六十七条第一項又は第三項の規定に違反して、自己の計算において同条第一項に規定する特定株券等若しくは関連株券等に係る買付け等又は同項に規定する株券等に係る売付け等をした」行為に該当すると認められる。 課徴金納付命令対象者が買い付けた株券の銘柄、買付価額等の詳細については、 別紙１ （PDF/59KB） のとおり。 ３．課徴金の額の計算 上記の違法行為に対し金融商品取引法に基づき納付を命じられる課徴金の額は、２５８万円である。 計算方法の詳細については、 別紙２ （PDF/81KB） のとおり。
2009-05-29,日本インベスターズ証券株式会社,,日本インベスターズ証券株式会社に対する検査結果に基づく勧告について（平成21年5月29日）,https://www.fsa.go.jp/sesc/news/c_2009/2009/20090529.html,平成２１年５月２９日 証券取引等監視委員会 日本インベスターズ証券株式会社に対する検査結果に基づく勧告について １．勧告の内容 関東財務局長が日本インベスターズ証券株式会社（東京都港区、資本金１，５５０百万円、役職員３１名）を検査した結果、下記のとおり、当該金融商品取引業者及びその役員に係る法令違反の事実が認められたので、本日、証券取引等監視委員会は、内閣総理大臣及び金融庁長官に対して、金融庁設置法第２０条第１項の規定に基づき、行政処分及びその他の適切な措置を講ずるよう勧告した。 ２．事実関係 ○　外国投資信託受益証券の解約等に係る顧客分別金の信託不足 日本インベスターズ証券株式会社（以下「当社」という。）は、前回検査において顧客分別金の信託不足につき指摘を受け、これに基づき業務改善命令を受けたにもかかわらず、今回検査においても外国投資信託受益証券の解約等に係る顧客の計算に属する金銭（以下「解約代金等」という。）について、当社取締役副社長（当時。現代表取締役社長。）の判断により、分別管理を行わないまま業務を継続していた。 その結果、当社は、平成１９年１０月２２日から検査基準日（同２０年１１月１８日）までの間に５７回到来した顧客分別金必要額の差替計算基準日において、解約代金等につき２５回の顧客分別金必要額への未計上が認められ、顧客分別金の信託不足（５回、最高額 約１３９百万円）を生じさせた。 当該金融商品取引業者及びその役員が行った上記行為は、金融商品取引法第４３条の２第２項に違反するものと認められる。
2009-04-24,,,平成21年度証券検査基本方針及び証券検査基本計画について（平成21年4月24日）,https://www.fsa.go.jp/sesc/news/c_2009/2009/20090424-3.html,平成２１年４月２４日 証券取引等監視委員会 平成21年度証券検査基本方針及び証券検査基本計画について 証券取引等監視委員会では、「平成21年度証券検査基本方針及び証券検査基本計画」を別紙のとおり策定しましたので公表いたします。 お問い合わせ先 証券取引等監視委員会　Tel　03-3506-6000（代表） 事務局証券検査課（内線：3044、3039） (別紙1) 平成21年度証券検査基本方針及び証券検査基本計画の概要 (PDF/111KB) 英語版 (PDF/102KB) (別紙2) 平成21年度証券検査基本方針及び証券検査基本計画 (PDF/174KB) 英語版 (PDF/65KB)
2009-05-20,,,「金融商品取引業者等検査マニュアル」の一部改正（案）に対するパブリックコメントの結果について（平成21年5月20日）,https://www.fsa.go.jp/sesc/news/c_2009/2009/20090520.html,平成２１年５月２０日 証券取引等監視委員会 「金融商品取引業者等検査マニュアル」の一部改正（案）に対するパブリックコメントの結果について 証券取引等監視委員会（以下「証券監視委」という。）では、「金融商品取引業者等検査マニュアル」の一部改正（案）につきまして、平成21年３月31日（火）から平成21年４月30日（木）までの間、広く意見の募集を行いました。 その結果、４先の個人、団体より10件のコメントを頂きました。ご意見の提出を頂いた皆様には、改正案の検討にご協力いただき、誠にありがとうございました。 お寄せいただいたコメントの概要及びコメントに対する証券監視委の考え方は、別紙１のとおりです。 お寄せいただいたコメントも踏まえ、平成21年５月20日付で「金融商品取引業者等検査マニュアル」を別紙２のとおり改正、発出し、平成21年６月１日以降に着手する検査から活用することとします。 （注）「金融商品取引業者等検査マニュアル」 本マニュアルは、証券監視委（財務局等を含む。）が「金融商品取引業者等」に対して検査を実施する際の基本的考え方及び検査の具体的着眼点等（検査対象先の実態を把握する上で有効と考えられる確認項目）を整理したものであり、検査官の「検査の手引書」として用いられるものです。 お問い合わせ先 証券取引等監視委員会　Tel　03-3506-6000（代表） 事務局証券検査課（内線：3800、3801） (別紙１) コメントの概要及びコメントに対する証券取引等監視委員会の考え方 （PDF/152KB） (別紙２) 金融商品取引業者等検査マニュアル（新旧対照表） （PDF/135KB）
2009-04-24,,,外国為替証拠金取引業者に対する規制のあり方に係る建議（平成21年4月24日）,https://www.fsa.go.jp/sesc/news/c_2009/2009/20090424-2.html,平成２１年４月２４日 証券取引等監視委員会 金融庁設置法第21条の規定に基づく建議について 証券取引等監視委員会は、金融庁設置法第21条の規定に基づき、本日、金融庁長官に対して、下記のとおり建議を行った。 記 外国為替証拠金取引業者に対する規制のあり方に係る建議について （建議１） 外国為替証拠金取引に係る区分管理の方法の見直しについて 外国為替証拠金取引を取り扱う金融商品取引業者に対する重点検査の結果、カバー取引先への預託によって顧客からの保証金が管理される場合でありながら、顧客からの保証金の額を把握しておらず、自己の固有財産と顧客の財産を適切に区分管理していない事例が多く認められた。 これらの中には、 (1) 顧客から預託を受けた保証金が、カバー取引先から引き出され、不当に流用されていた、 (2) カバー取引先に預託していた顧客の保証金を基に行う自己勘定取引を繰り返した結果、外国為替相場の急変により損失を拡大させ破綻し、顧客に損害を被らせた、 といった事例が認められた。 したがって、こうした状況に鑑みれば、外国為替証拠金取引を取り扱う金融商品取引業者の区分管理について、保証金が金銭である場合の管理方法を金銭信託に限る等、適切な措置を講ずる必要がある。 （建議２） 外国為替証拠金取引に係るロスカットルールの制定について ロスカットルールとは、保証金に対して損失が一定割合以上となった際には、自動的に反対取引により決済するルールであるが、当該ルールが機能しない場合には、顧客に不測の損害を与えるばかりか、業者の財務体質を悪化させ、最悪の場合には業者が破綻して顧客全体にも著しい損害を与えかねないような問題を含むことから、外国為替証拠金取引に係るロスカットルールの適切な運用は極めて重要である。 外国為替証拠金取引を取り扱う金融商品取引業者に対する重点検査の結果、 (1) ロスカットルールを設けていなかったことから、顧客の損失を拡大させた、 (2) 外国為替証拠金取引に係る約款上、ロスカットルールを定めていたにもかかわらず、顧客の要請に応じて追加保証金の入金を猶予していた、 といった事例が認められた。 したがって、こうした状況に鑑みれば、外国為替証拠金取引を取り扱う金融商品取引業者に対し、ロスカットルールの制定を義務付ける等、適切な措置を講ずる必要がある。 （建議３） 外国為替証拠金取引に係る適切な保証金の預託について 外国為替証拠金取引を取り扱う金融商品取引業者においては、顧客がその入金した保証金を上回る多額の取引を行うことができるという外国為替証拠金取引の特性等から、適切なリスク管理態勢の構築が極めて重要である。 外国為替証拠金取引を取り扱う金融商品取引業者に対する重点検査の結果、為替相場の急変時に適切な対応が取られていない事例が認められた。 現行法上、外国為替証拠金取引の保証金についての規制はなく、外国為替証拠金取引を取り扱う金融商品取引業者が自由にレバレッジを設計しているところであるが、いわゆる高レバレッジの商品については、僅かな為替変動であっても保証金不足が生じ、顧客に不測の損害を与えるばかりか、業者の財務体質を悪化させるおそれがある。 したがって、外国為替証拠金取引を取り扱う金融商品取引業者に対し、為替変動を勘案した水準の保証金の預託を受けることを義務付ける等、適切な措置を講ずる必要がある。 （建議４） 登録申請時の徴求書類等の見直しについて 金融商品取引業の登録にあたり、その適格性を判断するためには、登録申請時に提出する書類は極めて重要である。 外国為替証拠金取引を取り扱う金融商品取引業者に対する重点検査の結果、虚偽の記載をした最終の貸借対照表及び損益計算書を作成したほか、純財産額を算出した書面及び自己資本規制比率を算出した書面についても虚偽の記載をし、登録拒否要件に該当しないものとして登録申請を行い、登録を受けていた事例が認められた。 したがって、こうした状況に鑑みれば、金融商品取引業の登録にあたり、申請書類に記載された純財産額及び自己資本規制比率等の数値が虚偽でないことを裏付ける疎明資料等を提供させる等、適切な措置を講ずる必要がある。
2009-04-24,,,「証券検査に関する基本指針」の一部改正（案）の公表について（平成21年4月24日）,https://www.fsa.go.jp/sesc/news/c_2009/2009/20090424-1.html,平成２１年４月２４日 証券取引等監視委員会 「証券検査に関する基本指針」の一部改正（案）の公表について 証券取引等監視委員会（以下、「証券監視委」という。）では、透明性の高い効率的かつ効果的な検査を実施するとの観点から、検査の基本事項や検査実施の手続き等を定めた「証券検査に関する基本指針」（以下、「基本指針」という。）を策定し、公表しているところですが、今般、基本指針について、別紙のとおり一部改正（案）を取りまとめましたので、公表いたします。 １．改正の経緯 証券監視委は、金融商品・取引の複雑化・多様化・グローバル化といった環境変化や金融商品取引法の施行をはじめとする制度の変革など、我が国金融・資本市場における大きな状況変化に対応するため、これまで以上に効率的かつ効果的な検査の実現を目指し、昨年９月、業務点検プロジェクトを立ち上げました（※１）。同プロジェクトでは、効率的・効果的な証券検査を実現するために検査の手続き面を中心に点検を行い、業界団体等からの意見も踏まえながら、改善すべき点がないか検討してきたところです。昨年12月には、その時点における議論の方向を公表しているところですが（※２）、その後さらに議論を進めて得た結論等を踏まえ、今般、基本指針を改正し、今後の検査実務に反映させることとしたものです。 (※1) http://www.fsa.go.jp/sesc/news/c_2008/2008/20080917-2.htm (※2) http://www.fsa.go.jp/sesc/news/c_2008/2008/20081225.htm ２．主な改正点の概要 ・「検査の使命」において、これまでの法令違反行為の検証を基本としつつも、さらに進んで内部管理やリスク管理の態勢に着目した検査を一層充実させる旨を追記し、そのための具体的留意点を証券検査の目的及び方法として明記。 ・委員会検査における予告検査の試行的実施の導入。 ・証券検査監理官によるミドル機能の強化策の追記（臨店中の検査班からの照会への対応、巡回指導、臨店期間変更の指示等）。 ・エグジット・ミーティング等検査先経営陣等との意見交換の充実策の導入。 ・検査モニター制度のうち、郵送又はＥメールで受け付ける「意見受付」を具体的質問項目を定めたアンケート方式に変更。 ・検査着手当初に検査先に対して提出を求める資料の標準的な例として業態毎の「提出資料一覧」を作成。　　等 なお、具体的内容については（ 別紙 ）をご参照ください。 ３．適用期日 改正の日以降に実施する検査から適用する。 本件について御意見がありましたら、平成21年５月25日（月）17時00分（必着）までに、氏名又は名称、住所、所属及び理由を付記の上、郵便、ファックス又はインターネットにより下記にお寄せ下さい。電話による御意見は御遠慮願います。 なお、いただいた御意見につきましては、氏名又は名称を含めて公表させていただく場合があるほか、個別には回答いたしませんので、予め御了承下さい。 ご意見の募集は終了しました。ご協力ありがとうございました。 御意見の送付先 証券取引等監視委員会事務局証券検査課 郵便：〒100-8922 東京都千代田区霞が関３－２－１ 中央合同庁舎第７号館 ファックス：03-5251-2137 ホームページ・アドレス： http://www.fsa.go.jp/sesc/ お問い合わせ先 証券取引等監視委員会　Tel　03-3506-6000（代表） 事務局証券検査課（内線： 3051、3039） （別紙） 証券検査に関する基本指針一部改正（案）（新旧対照表） （PDF/306KB）
2009-04-21,株式会社ゼンテック・テクノロジー・ジャパン,,株式会社ゼンテック・テクノロジー・ジャパンに係る有価証券報告書等の虚偽記載に係る課徴金納付命令勧告について（平成21年4月21日）,https://www.fsa.go.jp/sesc/news/c_2009/2009/20090421.html,"平成２１年４月２１日 証券取引等監視委員会 株式会社ゼンテック・テクノロジー・ジャパンに係る有価証券報告書等の虚偽記載に係る課徴金納付命令勧告について １．勧告の内容 証券取引等監視委員会は、株式会社ゼンテック・テクノロジー・ジャパンに係る有価証券報告書等の虚偽記載について検査した結果、下記のとおり法令違反の事実が認められたので、本日、内閣総理大臣及び金融庁長官に対して、金融庁設置法第２０条第１項の規定に基づき、課徴金納付命令を発出するよう勧告を行った。 ２．法令違反の事実関係 株式会社ゼンテック・テクノロジー・ジャパンは、関東財務局長に対し、 (1)　平成２０年６月２５日、売上の過大計上、貸倒損失の過少計上、売上債権及びのれんの過大計上等により、連結経常損益が７６１百万円（百万円未満切捨て。以下、連結経常利益額、連結当期純損益額及び連結純資産額について同じ。）の損失であったにもかかわらず、これを１，２２８百万円の利益と、連結当期純損益が３，４２１百万円の損失であったにもかかわらず、これを６４５百万円の利益と記載するなどした連結損益計算書、及び連結純資産額が６，３９６百万円であったにもかかわらず、連結純資産額に相当する「純資産合計」欄に１０，４３５百万円と記載するなどした連結貸借対照表を掲載した平成２０年３月期有価証券報告書を提出し、 (2)　平成２０年８月１４日、売上債権及びのれんの過大計上等により、連結純資産額が６，５１４百万円であったにもかかわらず、連結純資産額に相当する「純資産合計」欄に１０，０４１百万円と記載するなどした連結四半期貸借対照表を掲載した平成２０年６月第１四半期四半期報告書を提出し、 (3)　平成２０年１１月１４日、売上債権及びのれんの過大計上等により、連結純資産額が３，５６９百万円であったにもかかわらず、連結純資産額に相当する「純資産合計」欄に６，１３７百万円と記載するなどした連結四半期貸借対照表を掲載した平成２０年９月第２四半期四半期報告書を提出した。 同社が行った上記の各行為は、金融商品取引法（平成２０年法律第６５号による改正前のもの。以下「旧金融商品取引法」という。）第１７２条の２第１項又は第２項に規定する「重要な事項につき虚偽の記載がある」有価証券報告書等を提出した行為に該当すると認められる。 ３．課徴金の額の計算 上記の違法行為に対し金融商品取引法に基づき納付を命じられる課徴金の額は、６００万円である。 (1) 旧金融商品取引法第１７２条の２第１項の規定により、平成２０年３月期有価証券報告書に係る課徴金の額は、 当該法人が発行する算定基準有価証券の市場価額の総額に１０万分の３を乗じて得た額（721,872円） が 3,000,000円 を超えないことから、3,000,000円となる。 (2) 旧金融商品取引法第１７２条の２第２項の規定により、平成２０年６月第１四半期四半期報告書に係る課徴金の額は、 当該法人が発行する算定基準有価証券の市場価額の総額に１０万分の３を乗じて得た額（122,534円） が 3,000,000円 を超えないことから、3,000,000円の２分の１に相当する額である1,500,000円となる。 (3) 旧金融商品取引法第１７２条の２第２項の規定により、平成２０年９月第２四半期四半期報告書に係る課徴金の額は、 当該法人が発行する算定基準有価証券の市場価額の総額に１０万分の３を乗じて得た額（122,534円） が 3,000,000円 を超えないことから、3,000,000円の２分の１に相当する額である1,500,000円となる。"
2009-03-31,,,「金融商品取引業者等検査マニュアル」の一部改正(案)の公表について（平成21年3月31日）,https://www.fsa.go.jp/sesc/news/c_2009/2009/20090331.html,「金融商品取引業者等検査マニュアル」の一部改正(案)の公表について 平成21年3月31日 証券取引等監視委員会 証券取引等監視委員会では、「金融商品取引業者等検査マニュアル」について、別紙のとおり一部改正（案）を取りまとめましたので、公表いたします。 １．改正の概要 (1) 金融商品取引法等の一部改正のうち、ファイアーウォール規制の見直し及び利益相反管理体制の構築等を踏まえ、 利益相反管理態勢に係る検証項目を追加。 親子法人等との非公開情報の授受に係る検証項目を修正。 (2) 今事務年度（平成20年７月以降）の検査結果、自主規制機関の規則の制定、一部改正等を踏まえ、 売買管理・審査態勢の整備に係る検証項目を追加。 トレーサビリティに係る検証項目を追加。 なお、具体的内容については（ 別紙 ）をご参照ください。 ２．実施期日 改正の日以降（ただし平成21年６月１日以降）に実施する検査から活用する。 本件について御意見がありましたら、平成21年４月30日（木）17時00分（必着）までに、氏名又は名称、住所、所属及び理由を付記の上、郵便、ファックス又はインターネットにより下記にお寄せ下さい。電話による御意見は御遠慮願います。 なお、いただいた御意見につきましては、氏名又は名称を含めて公表させていただく場合があるほか、個別には回答いたしませんので、予め御了承下さい。 （注）「金融商品取引業者等検査マニュアル」 本マニュアルは、証券取引等監視委員会（財務局等を含む。）が「金融商品取引業者等」に対して検査を実施する際の基本的考え方及び検査の具体的着眼点等（検査対象先の実態を把握する上で有効と考えられる確認項目）を整理したものであり、検査官の「検査の手引書」として用いられるものです。 ご意見の募集は終了しました。ご協力ありがとうございました。 御意見の送付先 証券取引等監視委員会事務局証券検査課 郵便：〒100-8922 東京都千代田区霞が関３－２－１ 中央合同庁舎第７号館 ファックス：03-5251-2137 ホームページ・アドレス： http://www.fsa.go.jp/sesc/ お問い合わせ先 証券取引等監視委員会　Tel　03-3506-6000（代表） 事務局証券検査課（内線： 3800、3801） （別紙）金融商品取引業者等検査マニュアル一部改正（案）（新旧対照表） （PDF/129KB）
2009-04-17,株式会社ジー・エフ役員による内部者取引,,株式会社ジー・エフ役員による内部者取引に対する課徴金納付命令の勧告について（平成21年4月17日）,https://www.fsa.go.jp/sesc/news/c_2009/2009/20090417.html,"平成２１年４月１７日 証券取引等監視委員会 株式会社ジー・エフ役員による内部者取引に対する課徴金納付命令の勧告について １．勧告の内容 証券取引等監視委員会は、株式会社ジー・エフ役員による内部者取引について検査した結果、下記のとおり法令違反の事実が認められたので、本日、内閣総理大臣及び金融庁長官に対して、金融庁設置法第２０条第１項の規定に基づき、課徴金納付命令を発出するよう勧告を行った。 ２．法令違反の事実関係 課徴金納付命令対象者は、株式会社ジー・エフ（現日本アジアグループ株式会社）の役員であったが、同社が株式の発行を行うことを決定した事実をその職務に関し知り、この事実が公表された平成１９年１２月２１日より前の同年９月１９日から同年１０月３日の間に、株式会社ジー・エフの株券合計１００株を総額３１２万７，１５０円で買い付けたものである。 課徴金納付命令対象者が行った上記の行為は、金融商品取引法（平成２０年法律第６５号による改正前のもの。以下「旧金融商品取引法」という。）第１７５条第１項に規定する「第百六十六条第一項又は第三項の規定に違反して、自己の計算において同条第一項に規定する売買等をした」行為に該当すると認められる。 ３．課徴金の額の計算 上記の違法行為に対し金融商品取引法に基づき納付を命じられる課徴金の額は、１７０万円である。 計算方法の詳細については、別紙のとおり。 （別紙） ○　課徴金の額の計算方法について 旧金融商品取引法第１７５条第１項に基づき、課徴金の額は、 (重要事実が公表された翌日の終値等）×（買付株数)－ (買付価格）×（買付株数) となる。 したがって、重要事実の公表翌日が市場休業日であるため、以後の直近の株式会社ジー・エフの株価である平成１９年１２月２５日の始値は、４８，３００円であることから、課徴金の額は下記の金額となる。 （４８，３００円×１００株）－買付価額３，１２７，１５０円（注）＝１，７０２，８５０円 ⇒課徴金の額は１万円未満を切り捨てるため、 １７０万円 (注) 買付価額は、 ┌ │ │ │ │ │ │ └ 29,200円×30株 30,000円× 5株 ┐ │ │ │ │ │ │ ┘ の合計額である。 30,900円× 1株 31,000円× 4株 31,550円×10株 31,600円× 7株 31,950円× 1株 32,000円×10株 32,800円×12株 33,200円×20株"
2009-04-22,株式会社栗本鐵工所取引先社員による内部者取引,,株式会社栗本鐵工所取引先社員による内部者取引に対する課徴金納付命令の勧告について（平成21年4月22日）,https://www.fsa.go.jp/sesc/news/c_2009/2009/20090422.html,"平成２１年４月２２日 証券取引等監視委員会 株式会社栗本鐵工所取引先社員による内部者取引に対する課徴金納付命令の勧告について １．勧告の内容 証券取引等監視委員会は、株式会社栗本鐵工所取引先社員による内部者取引について検査した結果、下記のとおり法令違反の事実が認められたので、本日、内閣総理大臣及び金融庁長官に対して、金融庁設置法第２０条第１項の規定に基づき、課徴金納付命令を発出するよう勧告を行った。 ２．法令違反の事実関係 課徴金納付命令対象者は、株式会社栗本鐵工所取引先の社員であったが、同社の他の社員が、同社と株式会社栗本鐵工所が締結した売買契約の履行に関し知った、株式会社栗本鐵工所が製造、販売する高速道路用ホロースラブパイプについて、強度試験の検査数値の改ざん及び板厚の改ざんが確認された旨の同社の運営、業務又は財産に関する重要な事実であって投資者の投資判断に著しい影響を及ぼす事実を、その職務に関し知り、この事実が公表された平成１９年１１月２１日午後１時３０分より前の同日に、株式会社栗本鐵工所の株券合計１万１，０００株を総額３４５万４，０００円で売り付けたものである。 課徴金納付命令対象者が行った上記の行為は、金融商品取引法（平成２０年法律第６５号による改正前のもの。以下「旧金融商品取引法」という。）第１７５条第１項に規定する「第百六十六条第一項又は第三項の規定に違反して、自己の計算において同条第一項に規定する売買等をした」行為に該当すると認められる。 ３．課徴金の額の計算 上記の違法行為に対し金融商品取引法に基づき納付を命じられる課徴金の額は、１２１万円である。 計算方法の詳細については、別紙のとおり。 （別紙） ○　課徴金の額の計算方法について 旧金融商品取引法第１７５条第１項に基づき、課徴金の額は、 （売付価格）×（売付株数）－（重要事実が公表された翌日の終値等）×（売付株数） となる。 したがって、重要事実の公表翌日である平成１９年１１月２２日の株式会社栗本鐵工所の株価の終値は、２０４円であることから、課徴金の額は下記の金額となる。 売付価額３，４５４，０００円 （注） －（２０４円×１１，０００株）＝１，２１０，０００円 (注) 売付価額は、 ┌ │ │ │ └ 316円×3,000株 ┐ │ │ │ ┘ の合計額である。 314円×2,000株 313円×6,000株"
2009-03-27,ユウキャピタルマネジメント株式会社,,ユウキャピタルマネジメント株式会社に対する検査結果に基づく勧告について（平成21年3月27日）,https://www.fsa.go.jp/sesc/news/c_2009/2009/20090327-2.html,ユウキャピタルマネジメント株式会社に対する検査結果に基づく勧告について 平成２１年３月２７日 証券取引等監視委員会 １．勧告の内容 関東財務局長がユウキャピタルマネジメント株式会社（東京都渋谷区、資本金２０百万円、役職員７名）を検査した結果、下記のとおり、当該業者（金融商品仲介業者及び金融商品取引業者）並びにその業者の役員及び使用人に係る法令違反の事実が認められたので、本日、証券取引等監視委員会は、内閣総理大臣及び金融庁長官に対して、金融庁設置法第２０条第１項の規定に基づき、行政処分及びその他の適切な措置を講ずるよう勧告した。 ２．事実関係 ○　金融商品仲介業者に係る制限を超える金融商品取引行為等 ユウキャピタルマネジメント株式会社（以下「当社」という。）は、金融商品仲介業の登録を受け、アヴァロン湘南証券株式会社（以下「アヴァロン湘南証券」という。）等から金融商品仲介行為の委託を受けている金融商品仲介業者であり、また投資顧問業（投資助言業）の登録を受けている金融商品取引業者であるが、以下のとおり、金融商品仲介業者に係る制限を超える金融商品取引行為等が認められた。 (1)　仲介の委託を受けた特定同意注文に基づく取引につき自ら価格を決定して発注する行為 当社は、平成１９年１２月２４日、アヴァロン湘南証券との間で金融商品仲介業に係る業務委託契約を締結し、同月２５日、アヴァロン湘南証券は、顧客４名との間で、日経平均株価指数オプション取引に関して、売買の別、銘柄及び数について同意を得た上で、価格については特定同意（当該同意の時点における相場又は当該同意の直近の時点における相場を考慮して何円以上又は何円以下という幅を持たせた同意。以下同じ。）の範囲内でアヴァロン湘南証券が定めることができることを内容とする契約を締結した。 当該特定同意注文に基づく取引において、当社は、本来は、その媒介行為として勧誘・仲介を行うべきところ、当社シニア・デリバティブ・コンサルタントである歩合外務員及びその部下は、その業務に関し、平成２０年１月１５日から同年６月２日までの間、当該４顧客から受託した特定同意注文につき、媒介の範囲を超え、自らの判断により、当該特定同意の範囲内で価格を決定し、アヴァロン湘南証券の取次母店である証券会社に直接発注していた。 (2)　所属金融商品取引業者の委託を受けていない私募の取扱い等 当社の代表取締役及び専務取締役は、その業務に関し、平成１９年５月１０日から同年６月２９日までの間、当社の所属証券会社（所属金融商品取引業者）の委託を受けておらず、また、証券業の登録を受けていない状況であるにもかかわらず、延べ２６名（うち２名は所属証券会社の顧客）に対し、他の会社の社債に係る私募の取扱いを行った。 当該業者並びにその業者の役員及び使用人が行った上記の行為は、所属金融商品取引業者の顧客等に対し、当該業者の委託を受けて行う金融商品仲介行為以外の金融商品取引行為を行っていたものと認められ、上記(1)の行為は、金融商品取引法第６６条の１２に違反し、同(2)の行為は、同じく証券取引法（平成１８年法律第６５号による改正前のもの）第６６条の１１に違反するとともに証券業の登録を受けていないことから、同法第２８条に抵触する業務の運営状況にあるものと認められる。
2009-03-27,ァロン湘南証券株式会社,,アヴァロン湘南証券株式会社に対する検査結果に基づく勧告について（平成21年3月27日）,https://www.fsa.go.jp/sesc/news/c_2009/2009/20090327-1.html,アヴァロン湘南証券株式会社に対する検査結果に基づく勧告について 平成２１年３月２７日 証券取引等監視委員会 １．勧告の内容 関東財務局長がアヴァロン湘南証券株式会社（東京都渋谷区、資本金３０８百万円、役職員１８名）を検査した結果、下記のとおり、当該金融商品取引業者に係る法令違反の事実が認められたので、本日、証券取引等監視委員会は、内閣総理大臣及び金融庁長官に対して、金融庁設置法第２０条第１項の規定に基づき、行政処分を行うよう勧告した。 ２．事実関係 ○　金融商品仲介業者の法令違反行為を防止するための措置が十分でないと認められる状況、及び、特定同意注文に基づく取引を行う場合の十分な社内管理体制を整備していない状況 (1)　金融商品仲介業者の法令違反行為を防止するための措置が十分でないと認められる状況 アヴァロン湘南証券株式会社（以下「当社」という。）は、平成１９年１２月２４日、ユウキャピタルマネジメント株式会社（以下「ユウキャピタル」という。）との間で、金融商品仲介業に係る業務委託契約を締結し、同社に金融商品仲介行為を委託している。 しかしながら、当社においては、ユウキャピタルに対し、法令違反行為を防止するための各種研修や監査等といった、金融商品仲介業者に法令遵守意識の徹底を求めるための措置を何ら講じておらず、また、ユウキャピタルが顧客から受託した取引は同社が管理するものであるとして、同社の投資勧誘や営業状況の実態把握・検証等を全く行っていないなど、金融商品仲介業者の法令違反行為を防止するための措置が十分に講じられていない状況にあると認められる。 (2)　特定同意注文に基づく取引を行う場合の十分な社内管理体制を整備していない状況 当社は、平成１９年１２月２５日、ユウキャピタルの勧誘・仲介により、顧客４名との間で、日経平均株価指数オプション取引に関して、売買の別、銘柄及び数について同意を得た上で、価格については特定同意（当該同意の時点における相場又は当該同意の直近の時点における相場を考慮して何円以上又は何円以下という幅を持たせた同意。以下同じ。）の範囲内で当社が定めることができることを内容とする契約を締結した。 しかしながら、当社は、当該特定同意注文に基づく取引を行うに当たり、その関係法令等の確認等を行っておらず、また、仲介の委託をしたユウキャピタルが自らの判断で当該取引を受託・執行するという法令違反行為に及んでいるにもかかわらず、これについては同社が管理するものであるとして、その取引の実態を何ら把握・管理をしていないなどの状況にあり、顧客の注文内容が誠実に執行できるような体制や、執行状況の検証あるいはモニタリング体制等が整備されていないなど、適切な体制の整備や法令遵守の徹底等がなされておらず、十分な社内管理体制があらかじめ整備されていない状況にあると認められる。 当該金融商品取引業者における上記(1)の業務の状況は、金融商品取引法第４０条第２号に基づく金融商品取引業等に関する内閣府令第１２３条第１５号に規定する「委託を行った金融商品仲介業者の金融商品仲介業に係る法令に違反する行為を防止するための措置が十分でないと認められる状況」に該当するものと認められる。 また、同(2)の業務の状況は、金融商品取引法第４０条第２号に基づく金融商品取引業等に関する内閣府令第１２３条第１３号に規定する、金融商品取引業者が第一種金融商品取引業として特定同意注文に基づく取引を行う場合において、「当該行為が投資者の保護に欠け、取引の公正を害し、又は金融商品取引業等の信用を失墜させることとなることを防止するため十分な社内管理体制をあらかじめ整備していない状況」に該当するものと認められる。
2009-03-24,株式会社アイ・ビー・イーホールディングス,,株式会社アイ・ビー・イーホールディングスに係る有価証券報告書等の虚偽記載に係る課徴金納付命令勧告について（平成21年3月24日）,https://www.fsa.go.jp/sesc/news/c_2009/2009/20090324.html,"株式会社アイ・ビー・イーホールディングスに係る有価証券報告書等の虚偽記載に係る課徴金納付命令勧告について 平成２１年３月２４日 証券取引等監視委員会 １．勧告の内容 証券取引等監視委員会は、株式会社アイ・ビー・イーホールディングスに係る有価証券報告書等の虚偽記載について検査した結果、下記のとおり法令違反の事実が認められたので、本日、内閣総理大臣及び金融庁長官に対して、金融庁設置法第２０条第１項の規定に基づき、課徴金納付命令を発出するよう勧告を行った。 ２．法令違反の事実関係 株式会社アイ・ビー・イーホールディングスは、 (1) 有価証券報告書等について、無形固定資産の過大計上、未払金の過少計上等により、関東財務局長に対し、 平成１８年６月３０日、連結純資産額が８９４百万円（百万円未満切捨て。以下、連結純資産額及び純資産額について同じ。）の債務超過であったにもかかわらず、連結純資産額に相当する「資本合計」欄に４０百万円と記載するなどした連結貸借対照表を掲載した平成１８年３月期有価証券報告書を提出し、 平成１８年１２月２６日、連結純資産額が１，００５百万円の債務超過であったにもかかわらず、連結純資産額に相当する「純資産合計」欄に２５４百万円の債務超過と記載するなどした中間連結貸借対照表を掲載した平成１８年９月中間期半期報告書を提出し、 平成１９年６月２８日、純資産額が４０百万円の債務超過であったにもかかわらず、純資産額に相当する「純資産合計」欄に９５百万円と記載するなどした貸借対照表を掲載した平成１９年３月期有価証券報告書を提出し、 平成１９年１２月２１日、純資産額が８３百万円の債務超過であったにもかかわらず、純資産額に相当する「純資産合計」欄に２２百万円と記載するなどした中間貸借対照表を掲載した平成１９年９月中間期半期報告書を提出した。 同社が行った上記の各行為は、金融商品取引法（平成２０年法律第６５号による改正前のもの。以下「旧金融商品取引法」という。）第１７２条の２第１項又は第２項に規定する「重要な事項につき虚偽の記載がある」有価証券報告書等を提出した行為に該当すると認められる。 (2) 有価証券届出書について、関東財務局長に対し、 平成１９年２月２１日、平成１８年３月期有価証券報告書及び平成１８年９月中間期半期報告書を組込情報とする有価証券届出書を提出し、同有価証券届出書に基づく募集により、平成１９年３月８日、１９，６１０株の株券を９２１，６７０，０００円で取得させ、 平成１９年７月２５日、平成１９年３月期有価証券報告書を組込情報とする有価証券届出書を提出し、同有価証券届出書に基づく募集により、同年８月９日、新株予約権付社債を４００，０００，０００円で取得させた。 同社が行った上記の各行為は、旧金融商品取引法第１７２条第１項第１号に規定する「重要な事項につき虚偽の記載がある」発行開示書類に基づく募集により有価証券を取得させた行為に該当すると認められる。 ３．課徴金の額の計算 上記の違法行為に対し金融商品取引法に基づき納付を命じられる課徴金の額は、３，３９３万円である。 (1) 旧金融商品取引法第１７２条の２第１項の規定により、平成１８年３月期有価証券報告書に係る課徴金の額は、 当該法人が発行する算定基準有価証券の市場価額の総額に１０万分の３を乗じて得た額（198,864円） が 3,000,000円 を超えないことから、3,000,000円となる。 (2) 旧金融商品取引法第１７２条の２第１項又は第２項の規定により、平成１８年９月中間期半期報告書及び平成１９年３月期有価証券報告書に係る課徴金の額について、個別決定ごとの算出額は、 当該法人が発行する算定基準有価証券の市場価額の総額に１０万分の３を乗じて得た額（88,430円） が 3,000,000円 を超えないことから、 同半期報告書については、3,000,000円の２分の１に相当する額である1,500,000円 同有価証券報告書については、3,000,000円 となる。 ここで、金融商品取引法第１８５条の７第６項の規定により、同一の事業年度に係る２以上の虚偽の継続開示書類等が提出されたときは、課徴金の額を調整することとなるため、下記のとおり３００万円を個別決定ごとの算出額に基づき按分した金額が課徴金の額となる。 平成１８年９月中間期半期報告書に係る課徴金の額は 3,000,000×1,500,000／（1,500,000＋3,000,000）＝1,000,000円 平成１９年３月期有価証券報告書に係る課徴金の額は 3,000,000×3,000,000／（1,500,000＋3,000,000）＝2,000,000円 (3) 旧金融商品取引法第１７２条の２第２項の規定により、平成１９年９月中間期半期報告書に係る課徴金の額は、 当該法人が発行する算定基準有価証券の市場価額の総額に１０万分の３を乗じて得た額（123,157円） が 3,000,000円 を超えないことから、3,000,000円の２分の１に相当する額である1,500,000円となる。 (4) 旧金融商品取引法第１７２条第１項第１号の規定により、重要な事項につき虚偽の記載がある発行開示書類に基づく募集により取得させた株券等の発行価額の総額の１００分の２に相当する額が課徴金の額となることから、 平成１９年２月２１日提出の有価証券届出書に係る課徴金の額は、 921,670,000円×2／100＝18,433,400円 について、金融商品取引法第１７６条第２項の規定により１万円未満を切り捨てて、18,430,000円 平成１９年７月２５日提出の有価証券届出書に係る課徴金の額は、 400,000,000円×2／100＝8,000,000円 となる。"
2009-03-26,株式会社キャビン,,株式会社キャビン役員からの情報受領者による内部者取引に対する課徴金納付命令の勧告について（平成21年3月26日）,https://www.fsa.go.jp/sesc/news/c_2009/2009/20090326.html,"株式会社キャビン役員からの情報受領者による内部者取引に対する課徴金納付命令の勧告について 平成２１年３月２６日 証券取引等監視委員会 １．勧告の内容 証券取引等監視委員会は、株式会社キャビン役員からの情報受領者による内部者取引について検査した結果、下記のとおり法令違反の事実が認められたので、本日、内閣総理大臣及び金融庁長官に対して、金融庁設置法第２０条第１項の規定に基づき、課徴金納付命令を発出するよう勧告を行った。 ２．法令違反の事実関係 課徴金納付命令対象者は、 (1)　株式会社キャビンの役員から、同人がその職務に関し知った、株式会社キャビンの業務執行を決定する機関が大和証券エスエムビーシープリンシパル・インベストメンツ株式会社との業務上の提携の解消を行うことについての決定をした旨の事実の伝達を受け、この事実が公表された平成１８年４月１９日午後３時１分より前の同年３月２９日から同年４月１９日までの間に、株式会社キャビンの株券合計４万株を総額１，９００万３，０００円で買い付け、 (2)　株式会社ファーストリテイリングと業務提携契約を締結していた株式会社キャビンの役員から、同人が同契約の履行に関し知った、株式会社ファーストリテイリングの業務執行を決定する機関が株式会社キャビンの株券の公開買付けを行うことについての決定をした旨の公開買付けの実施に関する事実の伝達を受け、この事実が公表された平成１９年７月２３日より前の同年６月１１日から同年７月１９日までの間に、株式会社キャビンの株券合計７万２，０００株を総額３，８２８万３，０００円で買い付け たものである。 課徴金納付命令対象者が行った上記の各行為は、金融商品取引法（平成２０年法律第６５号による改正前のもの。以下「旧金融商品取引法」という。）第１７５条第１項に規定する「第百六十六条第一項又は第三項の規定に違反して、自己の計算において同条第一項に規定する売買等をした」行為又は第１７５条第２項に規定する「第百六十七条第一項又は第三項の規定に違反して、自己の計算において同条第一項に規定する特定株券等若しくは関連株券等に係る買付け等又は同項に規定する株券等に係る売付け等をした」行為に該当すると認められる。 ３．課徴金の額の計算 上記の違法行為に対し金融商品取引法に基づき納付を命じられる課徴金の額は、１，８６０万円である。 計算方法の詳細については、別紙のとおり。 （別紙） ○　課徴金の額の計算方法について 旧金融商品取引法第１７５条第１項又は第２項に基づき、課徴金の額は、 (重要事実が公表された翌日の終値等)×(買付株数) －(買付価格)×(買付株数) 又は (公開買付けの実施に関する事実が公表された翌日の終値等)×(買付株数) －(買付価格)×(買付株数) となる。 したがって、課徴金の額は下記(1)及び(2)の合計額の１，８６０万円となる。 (1)　業務上の提携の解消に関する事実の公表翌日である平成１８年４月２０日の株式会社キャビンの株価の終値は、６２３円であることから、課徴金の額は下記の金額となる。 (６２３円×４０，０００株) －買付価額１９，００３，０００円 （注） ＝５，９１７，０００円 ⇒課徴金の額は１万円未満を切り捨てるため、 ５９１万円 (注) 買付価額は、 ┌ │ │ │ │ │ └ 443円×11,000株 445円×4,000株 ┐ │ │ │ │ │ ┘ の合計額である。 446円× 1,000株 447円×9,000株 517円× 1,000株 518円×7,000株 519円× 2,000株 540円×5,000株 (2)　公開買付けの実施に関する事実の公表翌日である平成１９年７月２４日の株式会社キャビンの株価の終値は、７０８円であることから、課徴金の額は下記の金額となる。 (７０８円×７２，０００株) －買付価額３８，２８３，０００円 （注） ＝１２，６９３，０００円 ⇒課徴金の額は１万円未満を切り捨てるため、 １，２６９万円 (注) 買付価額は、 ┌ │ │ │ │ │ │ │ │ │ │ │ └ 517円×10,000株 518円× 5,000株 ┐ │ │ │ │ │ │ │ │ │ │ │ ┘ の合計額である。 519円× 2,000株 520円× 3,000株 522円× 1,000株 525円×16,000株 526円× 1,000株 527円× 1,000株 528円×10,000株 529円× 2,000株 535円× 6,000株 552円× 5,000株 554円× 3,000株 555円× 2,000株 574円× 5,000株"
2009-03-13,楽天証券株式会社,,楽天証券株式会社に対する検査結果に基づく勧告について（平成21年3月13日）,https://www.fsa.go.jp/sesc/news/c_2009/2009/20090313_2.html,楽天証券株式会社に対する検査結果に基づく勧告について 平成２１年３月１３日 証券取引等監視委員会 １．勧告の内容 証券取引等監視委員会は、楽天証券株式会社（東京都品川区、資本金７４億円、役職員２６１名）を検査した結果、下記のとおり、当該金融商品取引業者に係る法令違反の事実が認められたので、本日、内閣総理大臣及び金融庁長官に対して、金融庁設置法第２０条第１項の規定に基づき、行政処分を行うよう勧告した。 ２．事実関係 ○　金融商品取引業に係る電子情報処理組織の管理が十分でないと認められる状況 楽天証券株式会社（以下「当社」という。）は、(1)平成２０年１１月１１日に、すべての顧客に対して前場を含め約７時間にわたる受注停止という影響を及ぼした大規模システム障害（以下「平成２０年１１月１１日の障害」という。）、及び(2)平成２１年１月１３日に、３，０２４名の顧客に対して前場を含め最長５時間弱にわたる発注遅延という影響を及ぼしたシステム障害（以下「平成２１年１月１３日の障害」という。）を発生させたものであるが、以下のとおり、当社においては、システム障害による被害の拡大を未然に防ぐための、又は被害を最小化するための障害復旧態勢の整備が不十分であり、障害発生時に顧客に無用の混乱を生じさせないための適切な措置が講じられていないことが認められた。 (1) 平成２０年１１月１１日の障害 当社は、データベース製品の不具合によって発生した障害（以下「１次障害」という。）の復旧作業中、担当ベンダーによるオペレーションの順番相違等により、「日本株式の逆指値注文の受注停止」等といった２次障害を発生させた。 上記２次障害は、このようなリスクの高い臨時オペレーションに対して、担当ベンダー以外の者が結果確認をするダブルチェック態勢等がとられていなかったこと、及び当社が当該オペレーションの終了報告を担当ベンダーから受けるのみで、結果確認をしていなかったことに起因するもので、オペレーションミスの防止態勢に不備があったものと認められる。 当社は、夜間バッチ処理が遅延したため自動起動しなかったシステムを手動起動で復旧する作業を担当ベンダーへ指示したが、担当ベンダーの参照したマニュアルに一部記載漏れがあったため、当該作業において、一部処理の起動漏れが発生し、「先物・オプションの大阪証券取引所イブニングセッション受注開始遅延」等といった２次障害が発生した。 上記２次障害は、当該マニュアルの実効性が確保されていなかったこと、及び障害影響範囲を確認していなかったこと等、管理・確認態勢の不備に起因するものと認められる。 当社においては、受注停止及びログイン停止の解除というような重要な判断における判断基準又は判断指針が事前に具体化及び明確化されていなかったという態勢上の不備から、当社重度システム障害対策委員会は、障害復旧状況を確認しないまま、受注停止及びログイン停止の解除を行い、その結果、当社は、過誤訂正の対象となる注文を受けてしまうなどの結果を発生させた。 (2) 平成２１年１月１３日の障害 当社は、平成２０年２月、２つに分かれていたデータセンターを統合するに際し、発注システムのネットワーク設定という重要な作業において、設定作業ごとにチェックを入れるなどの見落とし防止の工夫やエビデンスによる確認作業等を行わなかったため、誤設定を看過し、その結果、平成２１年１月１３日の障害を発生させており、当社のオペレーションミスの防止態勢には不備があると認められる。 当社は、上記誤設定により、東京証券取引所との接続が断たれてしまった発注システムに滞留していた注文を、正常に接続されていた発注システムに振り替えるといった復旧作業を行ったものの、準備されていた障害復旧手順書においては、上記作業ケースが想定されておらず、復旧作業に相当の時間を要してしまった。 当社においては、「受注済・発注未済取引の失効処理」を実施する判断基準又は判断指針が事前に具体化及び明確化されていなかったことから、訂正・取消しが行われた注文についての当社重度システム障害対策委員会による失効の判断が遅れ、失効処理が完了するまでの間、当該注文を行った顧客は訂正・取消しもできず、相当の時間、当該注文分の売買余力が拘束されていた状態にあった。 当社における上記の業務の運営の状況は、金融商品取引法第４０条第２号に基づく金融商品取引業等に関する内閣府令第１２３条第１４号に規定する「金融商品取引業等に係る電子情報処理組織の管理が十分でないと認められる状況」に該当するものと認められる。
2009-03-13,マネックス証券株式会社,,マネックス証券株式会社に対する検査結果に基づく勧告について（平成21年3月13日）,https://www.fsa.go.jp/sesc/news/c_2009/2009/20090313_1.html,マネックス証券株式会社に対する検査結果に基づく勧告について 平成２１年３月１３日 証券取引等監視委員会 １．勧告の内容 証券取引等監視委員会は、マネックス証券株式会社（東京都千代田区、資本金７４億円、役職員２６１名）を検査した結果、下記のとおり、当該金融商品取引業者に係る法令違反の事実が認められたので、本日、内閣総理大臣及び金融庁長官に対して、金融庁設置法第２０条第１項の規定に基づき、行政処分を行うよう勧告した。 ２．事実関係 ○　金融商品取引業に係る電子情報処理組織の管理が十分でないと認められる状況 マネックス証券株式会社（以下「当社」という。）は、金融庁長官から、平成１８年６月７日、「証券業に係る電子情報処理組織の管理が十分でないと認められる状況に該当する」との理由で業務改善命令を受け、同命令に基づき、同年７月７日、「証券取引法第５６条第１項の業務改善命令に基づく報告について」（以下「改善報告書」という。）を金融庁長官に提出し、外部委託先に対する改善の要請と当社による当該改善実施状況の継続的確認、及び当社における改善策の実施に係る報告を行った。 しかしながら、当社における当該改善策等の対応は、以下のとおり不十分なものとなっており、依然として電子情報処理組織の管理が十分でないと認められる状況にある。これは、当社経営陣が、上記改善策等の実施状況について、電子情報処理組織の管理に係る改善活動の主体であるテクノロジー部からの報告を受けるのみで、 各部が行う改善状況を統括的に管理監督する責務を担う部署を定めず、 改善活動の具体的な方針を定めず、 改善活動の評価基準を定めていなかったことに起因するものである。 (1) 外部委託先における改善策の実施状況 当社は、外部委託先の改善項目について、その改善がどのように実施されているかを把握しておらず、多数の改善漏れが発生した。 (2) 当社における改善策の実施状況 当社は、改善報告書において、以下の点を改善項目として挙げていたが、その改善状況は十分なものと認められない。また、改善報告書に基づく改善状況を監査する立場の業務改善支援室は、各改善項目に係る実効性のある検証を行っていたものとは認められない。 ＡＳＰ（アプリケーション・サービス・プロバイダー、外部委託先）管理態勢の強化 当社は、改善報告書において、ＡＳＰ共通の管理確認リストを作成し、管理レベルを整備するなどとし、「管理確認リスト」を作成して外部委託先の評価を行っていたものの、当社が行っているＡＳＰの評価は、ＡＳＰによる自己評価であり、当社は、当該自己評価の結果について、裏付資料を徴求するなど、主体的な評価を行っていない。 容量不足に起因するシステム障害防止対策 当社は、改善報告書において、各ＡＳＰのキャパシティ管理基準の妥当性の検証等を行うとしていたものの、外部委託先との契約において、キャパシティ管理基準上の閾値を具体的に定めておらず、平成２０年４月から同年１０月までの間に、容量不足に起因するシステム障害を９件発生させた。 設計ミス又はテスト漏れに起因するシステム障害防止策 当社は、改善報告書において、レビュールールとしての責任の所在及び手続きの明確化等を行うとしていたものの、当該改善項目を適切に実施していないことに起因するシステム障害を発生させた。 運用ミスに起因するシステム障害防止策 当社は、改善報告書において、当社による主体的な当社システムの変更管理の実施、並びに修正範囲、影響範囲及び障害発生時のリカバリー方法等の事前確認等を行うとしていたものの、影響範囲の確認等を行わなかったこと等に起因してシステム障害を発生・拡大させた。 再発防止策の実効性確保 当社は、改善報告書において、システム障害の再発防止策の実施状況についての確認及び検証、並びにコンプライアンス・ミーティングへの報告等を行うとしていたものの、再発防止策の実施状況の確認等が実効的になされているとは認められない。 検証体制の強化 当社は、改善報告書において、システム部門による再発防止策検証会議の開催等を行うとしており、当該会議を実施していたものの、業務改善支援室は、当該会議の審議内容についての検証を行っていない。 外部システム監査 当社は、改善報告書において、外部システム監査を実施するとしていたものの、改善報告書提出以降検査基準日までの間、外部システム監査を全く行っていない。 当社における上記の業務の運営の状況は、金融商品取引法第４０条第２号に基づく金融商品取引業等に関する内閣府令第１２３条第１４号に規定する「金融商品取引業等に係る電子情報処理組織の管理が十分でないと認められる状況」に該当するものと認められる。
2009-03-12,パイオニア株式会社,,パイオニア株式会社監査役による内部者取引に対する課徴金納付命令の勧告について（平成21年3月12日）,https://www.fsa.go.jp/sesc/news/c_2009/2009/20090312.html,"パイオニア株式会社監査役による内部者取引に対する課徴金納付命令の勧告について 平成２１年３月１２日 証券取引等監視委員会 １．勧告の内容 証券取引等監視委員会は、パイオニア株式会社監査役による内部者取引について検査した結果、下記のとおり法令違反の事実が認められたので、本日、内閣総理大臣及び金融庁長官に対して、金融庁設置法第２０条第１項の規定に基づき、課徴金納付命令を発出するよう勧告を行った。 ２．法令違反の事実関係 課徴金納付命令対象者は、パイオニア株式会社の監査役であったが、パイオニア株式会社が東北パイオニア株式会社の株券の公開買付けを行うことについての決定をした事実を、その職務に関して知り、この事実が公表される平成１９年５月１５日より以前の同年４月２７日から同年５月１４日までの間に、株券合計３，２００株を総額５５９万８，０００円で買い付けたものである。 課徴金納付命令対象者が行った上記の行為は、金融商品取引法（平成２０年法律第６５号による改正前のもの。以下「旧金融商品取引法」という。）第１７５条第２項に規定する「第百六十七条第一項又は第三項の規定に違反して、自己の計算において同条第一項に規定する特定株券等若しくは関連株券等に係る買付け等又は同項に規定する株券等に係る売付け等をした」行為に該当すると認められる。 ３．課徴金の額の計算 上記の違法行為に対し金融商品取引法に基づき納付を命じられる課徴金の額は、１４４万円である。 計算方法の詳細については、別紙のとおり。 （別紙） ○　課徴金の額の計算方法について 旧金融商品取引法第１７５条第２項に基づき、課徴金の額は、 (公開買付けの実施に関する事実が公表された翌日の終値等) × (買付株数) － (買付価格) × (買付株数) となる。 したがって、公開買付けの実施に関する事実の公表翌日である平成１９年５月１６日の東北パイオニア株式会社の株価の終値は、２，２００円であることから、課徴金の額は下記の金額となる。 （２，２００円×３，２００株） －買付価額５，５９８，０００円 （注） ＝１，４４２，０００円 ⇒課徴金の額は１万円未満を切り捨てるため、 １４４万円 (注) 買付価額は、 ┌ │ │ │ │ │ └ 1,700円×700株 1,732円×500株 ┐ │ │ │ │ │ ┘ の合計額である。 1,735円×300株 1,752円×100株 1,753円×200株 1,759円×500株 1,793円×400株 1,798円×500株"
2009-01-21,株式会社プラコー,6347,株式会社プラコーに係る有価証券報告書等の虚偽記載に係る課徴金納付命令勧告について（平成21年1月21日）,https://www.fsa.go.jp/sesc/news/c_2009/2009/20090121.html,"株式会社プラコーに係る有価証券報告書等の虚偽記載に係る課徴金納付命令勧告について 平成２１年１月２１日 証券取引等監視委員会 １．勧告の内容 証券取引等監視委員会は、株式会社プラコーに係る有価証券報告書等の虚偽記載について検査した結果、下記のとおり法令違反の事実が認められたので、本日、内閣総理大臣及び金融庁長官に対して、金融庁設置法第２０条第１項の規定に基づき、課徴金納付命令を発出するよう勧告を行った。 ２．法令違反の事実関係 株式会社プラコーは、関東財務局長に対し、売上の前倒し計上、売上債権の過大計上、前受金の過少計上等により、 (1) 平成１９年１２月２１日、経常損益が６８百万円（百万円未満切捨て。以下、経常損益額、中間純損益額、純資産額及び当期純損益額について同じ。）の損失であったにもかかわらず、これを２百万円の利益と、中間純損益が９５百万円の損失であったにもかかわらず、これを７百万円の利益と記載するなどした中間損益計算書、及び純資産額が４７５百万円であったにもかかわらず、純資産額に相当する「純資産合計」欄に６３８百万円と記載するなどした中間貸借対照表を掲載した平成１９年９月中間期半期報告書を提出し、 (2) 平成２０年６月３０日、経常損益が６４百万円の損失であったにもかかわらず、これを１７百万円の利益と、当期純損益が９７百万円の損失であったにもかかわらず、これを１７百万円の利益と記載するなどした損益計算書、及び純資産額が４５１百万円であったにもかかわらず、純資産額に相当する「純資産合計」欄に６２５百万円と記載するなどした貸借対照表を掲載した平成２０年３月期有価証券報告書を提出した。 同社が行った上記の各行為は、金融商品取引法（平成２０年法律第６５号による改正前のもの。以下「旧金融商品取引法」という。）第１７２条の２第１項又は第２項に規定する「重要な事項につき虚偽の記載がある」有価証券報告書等を提出した行為に該当すると認められる。 ３．課徴金の額の計算 上記の違法行為に対し金融商品取引法に基づき納付を命じられる課徴金の額は、３００万円である。 (1) 旧金融商品取引法第１７２条の２第１項又は第２項の規定により、平成１９年９月中間期半期報告書及び平成２０年３月期有価証券報告書に係る課徴金の額について、個別決定ごとの算出額は、 当該法人が発行する算定基準有価証券の市場価額の総額に１０万分の３を乗じて得た額（46,774円） が 3,000,000円 を超えないことから、 同半期報告書については、3,000,000円の２分の１に相当する額である1,500,000円 同有価証券報告書については、3,000,000円 となる。 (2) ここで、金融商品取引法第１８５条の７第６項の規定により、同一の事業年度に係る２以上の虚偽の継続開示書類等が提出されたときは、課徴金の額を調整することとなるため、下記のとおり３００万円を個別決定ごとの算出額に基づき按分した金額が課徴金の額となる。 平成１９年９月中間期半期報告書に係る課徴金の額は 3,000,000×1,500,000／（1,500,000＋3,000,000）＝1,000,000円 平成２０年３月期有価証券報告書に係る課徴金の額は 3,000,000×3,000,000／（1,500,000＋3,000,000）＝2,000,000円"
2009-01-26,証券業協会及び東京証券取引所の総合取引参加者以外の証券会社,,「コンプライアンスＷＡＮ」の利用開始について（平成21年1月26日）,https://www.fsa.go.jp/sesc/news/c_2009/2009/20090126.html,「コンプライアンスＷＡＮ」の利用開始について 平成２１年１月２６日 証券取引等監視委員会 １．全国の証券会社と自主規制機関、証券取引等監視委員会（証券監視委）及び財務局等との間を専用線によるネットワークで結び、売買審査のための取引に係るデータの授受を電子的、一元的に処理するためのシステムである「コンプライアンスＷＡＮ」が本日から稼動することとなり、証券監視委及び財務局等でも利用することとなりました。従来、フロッピーディスク、電子メール等で行っていた売買データの授受を安全性の高い専用ネットワーク網を経由する方法に一本化することにより、データ授受にかかる時間の短縮及びセキュリティレベルの向上の実現が期待されます。 （注）本日からは東京証券取引所及びその総合取引参加者が利用開始。他の取引所、証券業協会及び東京証券取引所の総合取引参加者以外の証券会社は本年4月から利用開始予定。 ２．証券市場における不公正取引に係る市場関係者間の情報交換のための電子ネットワークの整備については、平成18年3月に金融庁監督局に設置された「証券会社の市場仲介機能等に関する懇談会」の論点整理（平成18年6月）において「不公正取引に関する市場関係者（当局を含む）の情報交換を迅速かつ円滑に行うための電子データの様式の見直しやＷＡＮの構築等について検討を進める観点から、証券業協会及び証券取引所を中心として具体的な検討を行っていくことが必要」とされていたところです。 ３．これを踏まえ、証券業協会及び証券取引所を中心として具体的な検討が進められた結果、今般、新システム（「コンプライアンスＷＡＮ」）が構築され、運用される運びとなりました。 ４．証券監視委としても、その使命である「市場の公正性・透明性の確保、投資者の保護」に向けて「自主規制機関などとの連携」を重点施策として掲げているところであり、今般の「コンプライアンスＷＡＮ」の利用も含め、今後とも実効性のある効率的な市場監視を行ってまいります。 （問い合わせ先） 証券取引等監視委員会事務局　市場分析審査課　総務係 電話番号　03-3506-6000(代表)　　内線3238、3031 （参考１）「証券会社の市場仲介機能等に関する懇談会」論点整理 （平成18年6月30日公表）より抜粋 ２．証券会社の市場仲介機能等を巡る主な論点 (3) 投資家に対する証券会社のチェック機能の発揮 相場操縦関係 投資家による相場操縦等の不公正取引に関しては、本年６月から、証券会社が最低限実施すべき売買審査項目等を定めた証券業協会の自主規制規則が施行され、証券会社は、顧客の不公正取引に繋がるおそれがあると認められた場合には、当該顧客に対して注意喚起や注文の受託停止等の措置を講ずることとされている。 他方、証券取引所等においては、各取引参加者等の協力を得て個別取引に関する売買記録を電子データで授受することにより迅速な集計・分析を行った上で、不公正取引を行った顧客の有無等について審査を行う態勢の整備が進められている。これについては、証券取引所の取引参加者以外の者が対象となっていないとの指摘があるほか、懇談会においては、当局を含む市場関係者間での円滑な情報交換が望まれるとの意見があった。 このため、懇談会としては、 不公正取引に関する市場関係者（当局を含む）間の情報交換を迅速かつ円滑に行うための電子データの様式の見直しやWANの構築等について検討を進める観点から、証券業協会及び証券取引所を中心として具体的な検討を行っていくことが必要 と考える。 （参考２）「公正な市場の確立に向けて　～『市場の番人』としての今後の取組み～」 （証券監視委の今後の取組み方針、平成19年9月5日公表）(抄) １．証券監視委の使命 証券取引等監視委員会（証券監視委）は、引き続き、 ○市場の公正性・透明性の確保 ○投資者の保護 を目指して市場監視に取り組んでいきます。 ３．重点施策 市場監視の各手段を戦略的に活用しながら、特に以下のような点に重点をおいて、実効性のある効率的な市場監視を行っていきます。 (4) 自主規制機関などとの連携 全体としての市場監視機能を強化するため、自主規制機関の行う考査・監査や、ルール整備、市場参加者への情報発信の面での連携を一層強化していきます。
2009-02-10,アルテック株式会社,9972,アルテック株式会社子会社社員による内部者取引に対する課徴金納付命令の勧告について（平成21年2月10日）,https://www.fsa.go.jp/sesc/news/c_2009/2009/20090210.html,"アルテック株式会社子会社社員による内部者取引に対する課徴金納付命令の勧告について 平成２１年２月１０日 証券取引等監視委員会 １．勧告の内容 証券取引等監視委員会は、アルテック株式会社子会社社員による内部者取引について検査した結果、下記のとおり法令違反の事実が認められたので、本日、内閣総理大臣及び金融庁長官に対して、金融庁設置法第２０条第１項の規定に基づき、課徴金納付命令を発出するよう勧告を行った。 ２．法令違反の事実関係 課徴金納付命令対象者は、アルテック株式会社の子会社社員であったが、アルテック株式会社が平成１９年１１月期の連結業績予想を上方修正する事実を、その職務に関し知り、この事実が公表される平成２０年１月２１日午後１１時４分より以前の同月９日から同月２１日までの間に、アルテック株式会社の株券合計１万４，９００株を総額３６８万１，４００円で買い付けたものである。 同人が行った上記の行為は、金融商品取引法（平成２０年法律第６５号による改正前のもの。以下「旧金融商品取引法」という。）第１７５条第１項に規定する「第百六十六条第一項又は第三項の規定に違反して、自己の計算において同条第一項に規定する売買等をした」行為に該当すると認められる。 ３．課徴金の額の計算 上記の違法行為に対し金融商品取引法に基づき納付を命じられる課徴金の額は、５５万円である。 計算方法の詳細については、別紙のとおり。 （別紙） ○　課徴金の額の計算方法について 旧金融商品取引法第１７５条第１項に基づき、課徴金の額は、 （重要事実が公表された翌日の終値等）×（買付株数） －（買付価格）×（買付株数） となる。 したがって、重要事実の公表翌日の平成２０年１月２２日のアルテック株式会社の株価の終値は、２８４円であることから、課徴金の額は下記の金額となる。 （２８４円×１４，９００株） －買付価額３，６８１，４００円 （注） ＝５５０，２００円 ⇒課徴金の額は１万円未満を切り捨てるため、 ５５万円 (注) 買付価額は、 ┌ │ │ │ │ │ │ │ │ │ │ │ │ │ │ │ │ │ │ │ │ └ 227円×  600株 228円×  100株 ┐ │ │ │ │ │ │ │ │ │ │ │ │ │ │ │ │ │ │ │ │ ┘ の合計額である。 230円×1,200株 231円×  500株 232円×1,000株 233円×  400株 234円×  900株 237円×1,500株 243円×  100株 247円×  500株 248円×1,000株 252円×  500株 253円×  100株 254円×  500株 255円×  500株 256円×  600株 257円×2,400株 260円×  500株 262円×  200株 264円×  800株 267円×  200株 268円×  100株 270円×  100株 272円×  200株 275円×  100株 281円×  100株 284円×  200株"
