date,stock_name,stock_code,title,link,content
2010-12-10,常盤Investments株式会社,,常盤Investments株式会社に対する検査結果に基づく勧告について（平成22年12月10日）,https://www.fsa.go.jp/sesc/news/c_2010/2010/20101210-3.html,平成２２年１２月１０日 証券取引等監視委員会 常盤Investments株式会社に対する検査結果に基づく勧告について １．勧告の内容 関東財務局長が常盤Investments株式会社（東京都中央区、資本金１１９百万円、役職員３５名、第一種金融商品取引業（有価証券関連業以外））を検査した結果、下記のとおり、当該金融商品取引業者に係る法令違反の事実が認められたので、本日、証券取引等監視委員会は、内閣総理大臣及び金融庁長官に対して、金融庁設置法第２０条第１項の規定に基づき、行政処分を行うよう勧告した。 ２．事実関係 ○　外務員登録を受けた者以外の者に外務員の職務を行わせる行為 常盤Investments株式会社（以下「当社」という。）は、遅くとも平成２０年２月頃から検査基準日（同２２年５月２１日）までの間、外国人向け求人サイト等に求人広告を掲載し、当該求人広告に応募した多数の者を外国為替証拠金取引（以下「ＦＸ取引」という。）に係るトレイニー（研修生）として採用している。また、当社は、これらのトレイニーについて、外務員登録を行っていないため、ＦＸ取引の申込みの勧誘等、外務員の職務を行わせてはならない。 しかしながら、今回検査において、当社は、上記期間、トレイニーの少なくとも１０名に、見込み顧客の少なくとも１８名に対してＦＸ取引の申込みの勧誘を行わせている状況が認められた。 当該金融商品取引業者が行った上記の行為は、外務員登録を行っていない者に外務員の職務を行わせていたものであり、金融商品取引法第６４条第２項に違反するものと認められる。 金融商品取引法 （昭和二十三年四月十三日法律第二十五号）（抄） （外務員の登録） 第六十四条　金融商品取引業者等は、勧誘員、販売員、外交員その他いかなる名称を有する者であるかを問わず、その役員又は使用人のうち、その金融商品取引業者等のために次に掲げる行為を行う者（以下「外務員」という。）の氏名、生年月日その他内閣府令で定める事項につき、内閣府令で定める場所に備える外務員登録原簿（以下「登録原簿」という。）に登録を受けなければならない。 一～三　（以下略） ２　金融商品取引業者等は、前項の規定により当該金融商品取引業者等が登録を受けた者以外の者に外務員の職務（同項各号に掲げる行為をいう。以下同じ。）を行わせてはならない。
2010-12-16,株式会社生物化学研究所,,株式会社生物化学研究所に対する金融商品取引法違反行為に係る裁判所の緊急差止命令（同法第１９２条第１項）の発令について（平成22年12月16日）,https://www.fsa.go.jp/sesc/news/c_2010/2010/20101216-1.html,"平成２２年１２月１６日 証券取引等監視委員会 株式会社生物化学研究所に対する金融商品取引法違反行為に係る裁判所の緊急差止命令（同法第１９２条第１項）の発令について 証券取引等監視委員会が、平成２２年１１月２６日に行った株式会社生物化学研究所（山梨県中央市、資本金５,８４２万５,０００円。以下「被申立人」という。）に対する金融商品取引法違反行為（無届けで、有価証券の募集を行うこと等）の緊急差止命令の申立てについて、同年１２月１５日、甲府地方裁判所より、申立ての内容どおり、被申立人に対し、下記の命令が下された。 記 １　被申立人は、金融商品取引法４条１項本文の規定の適用を受ける株券若しくは新株予約権証券又はこれらに表示されるべき権利であって株券若しくは新株予約権証券が発行されていない場合における当該権利について、同項本文の届出をするまでは、同法２条３項に規定する有価証券の募集を行ってはならない。 ２　被申立人は、金融商品取引法４条１項本文の規定の適用を受ける株券若しくは新株予約権証券又はこれらに表示されるべき権利であって株券若しくは新株予約権証券が発行されていない場合における当該権利について、同項本文の届出がその効力を生じるまでは、これを同法２条３項に規定する有価証券の募集により取得させてはならない。 （参考）株式会社生物化学研究所の金融商品取引法違反行為に係る裁判所への緊急差止命令の申立て（同法第１９２条第１項）について"
2010-12-10,株式会社インベストマスター,,株式会社インベストマスターに対する検査結果に基づく勧告について（平成22年12月10日）,https://www.fsa.go.jp/sesc/news/c_2010/2010/20101210-4.html,平成２２年１２月１０日 証券取引等監視委員会 株式会社インベストマスターに対する検査結果に基づく勧告について １．勧告の内容 東海財務局長が株式会社インベストマスター（愛知県名古屋市、資本金１百万円、役職員１名、投資助言・代理業）を検査した結果、下記のとおり、当該金融商品取引業者に係る法令違反の事実が認められたので、本日、証券取引等監視委員会は、内閣総理大臣及び金融庁長官に対して、金融庁設置法第２０条第１項の規定に基づき、行政処分を行うよう勧告した。 ２．事実関係 （１）法定書面の未交付等 株式会社インベストマスター（以下「当社」という。）の業務運営状況について検証したところ、以下の事実が認められた。 イ．金融商品取引契約の締結前に交付する書面について、投資助言・代理業の登録を受けた平成２１年１月２９日から検査基準日である同２２年４月１４日までの間に投資顧問契約を締結した全顧客８８名（以下「助言顧客」という。）に対して交付していなかった。 ロ．金融商品取引契約の締結時に交付する書面を作成しておらず、助言顧客に対して交付していなかった。 ハ．助言の内容を記載した書面を作成しておらず、保存していなかった。 ニ．記載内容が実際と異なることを認識しながら、「契約件数」が「４１件」であるところ「１５０件」と、「投資助言報酬」が「１２，１４２千円」であるところ「１６，０００千円」と、虚偽の数値を記載した第１期事業報告書を東海財務局長に提出した。 上記イ．の行為は金融商品取引法第３７条の３第１項に、ロ．の行為は同法第３７条の４第１項に、ハ．の行為は同法第４７条に、ニ．の行為は同法第４７条の２にそれぞれ違反するものと認められる。 （２）著しく事実に相違する表示のある広告をする行為 当社は、平成２１年６月頃から検査基準日である同２２年４月１４日までの間、投資顧問契約の締結を勧誘するサイトにおいて広告を行っているが、当サイトを検証したところ、その行う金融商品取引業に関する広告において、以下の表示を行っていた。 イ．当社の投資助言業務の顧客の実績紹介について 投資顧問契約の助言内容の優位性について信憑性を与えるため、顧客として「Ａ氏」の顔写真を掲載した上で、取引履歴画像を添付して、「目標金額の１００，０００円を達成！」と、「Ａ氏」が実際に取引を行い、あたかも当該顧客が優れた成果を収めたかのようなコメントを表示していた。 しかしながら、「Ａ氏」については、実在する顧客ではないほか、取引履歴画像についても架空のものであった。 ロ．金融商品取引業者の登録について 「３つのスキルがあるから私はこの分野では日本一と言えるのです。その実績を、東海財務局第一号から評価され難しい『認定』を頂くことができました。」と表示し、また、「東海財務局初のインターネット認定スクール」と表示しており、あたかも東海財務局が当社のこれまでの実績を評価し、当社の投資助言業務を認定したかのような表示を行っていた。 ハ．動画映像による表示について ＦＸ取引は、顧客が差し入れた証拠金の額を超える損失が生じる可能性があるにもかかわらず、勧誘する相手方のリスクに対する抵抗を軽減するため、事実と異なる説明になることを認識しながら、「ＦＸへ間違った認識を持つ人が多いですがどう思いますか？」という文言に続けて、「自分の入れた以上のお金を失うことは無い」との文言を表示するとともに、「・・・自分のお金、入れた以上のお金を失うことはまずありませんし・・・」と説明をしていた。 上記イ．については投資助言業務の実績に関する事項について、ロ．については金融商品取引業者の信用に関する事項について、ハ．については金融商品取引行為を行うことによる利益の見込みについて、著しく事実に相違する表示に該当し、当該行為は、金融商品取引法第３７条第２項に違反するものと認められる。 １．法定書面の未交付等 (1)　契約締結前交付書面の未交付 金融商品取引法 （契約締結前の書面の交付） 第三十七条の三 金融商品取引業者等は、金融商品取引契約を締結しようとするときは、内閣府令で定めるところにより、あらかじめ、顧客に対し、次に掲げる事項を記載した書面を交付しなければならない。（以下、略） 一～七 （略） ２・３ （略） (2)　契約締結時交付書面の未作成・未交付 金融商品取引法 （契約締結時等の書面の交付） 第三十七条の四 金融商品取引業者等は、金融商品取引契約が成立したときその他内閣府令で定めるときは、遅滞なく、内閣府令で定めるところにより、書面を作成し、これを顧客に交付しなければならない。（以下、略） ２ （略） (3)　助言の内容を記載した書面の未作成・未保存 金融商品取引法 （業務に関する帳簿書類） 第四十七条 金融商品取引業者（第一種金融商品取引業を行う者を除く。以下この款において同じ。）は、内閣府令で定めるところにより、その業務に関する帳簿書類を作成し、これを保存しなければならない。 金融商品取引業等に関する内閣府令 （業務に関する帳簿書類） 第百五十七条 （略） 一～十五 （略） 十六 投資助言・代理業を行う者であるときは、次に掲げるもの イ （略） ロ 投資顧問契約に基づく助言の内容を記載した書面 ハ・ニ （略） 十七 （略） ２ （略） （業務に関する帳簿書類） 第百八十一条 法第四十七条の規定により金融商品取引業者（第一種金融商品取引業を行う者を除く。以下この款において同じ。）が作成すべき帳簿書類は、次に掲げるものとする。 一・二 （略） 三 投資助言・代理業を行う者であるときは、第百五十七条第一項第十六号に掲げる帳簿書類 四 （略） ２・３ （略） (4)　事業報告書の虚偽記載 金融商品取引法 （事業報告書の提出） 第四十七条の二 金融商品取引業者は、事業年度ごとに、内閣府令で定めるところにより、事業報告書を作成し、毎事業年度経過後三月以内に、これを内閣総理大臣に提出しなければならない。 ２．著しく事実に相違する表示のある広告を行う行為 金融商品取引法 （広告等の規制） 第三十七条 （略） ２　金融商品取引業者等は、その行う金融商品取引業に関して広告その他これに類似するものとして内閣府令で定める行為をするときは、金融商品取引行為を行うことによる利益の見込みその他内閣府令で定める事項について、著しく事実に相違する表示をし、又は著しく人を誤認させるような表示をしてはならない。 金融商品取引業等に関する内閣府令 （誇大広告をしてはならない事項） 第七十八条 法第三十七条第二項に規定する内閣府令で定める事項は、次に掲げる事項とする。 一～四 （略） 五 金融商品取引業者等の資力又は信用に関する事項 六 金融商品取引業者等の金融商品取引業（登録金融機関にあっては、登録金融機関業務）の実績に関する事項 七～十一 （略）
2010-12-21,インスペック株式会社,6656,インスペック株式会社株式に係る相場操縦に対する課徴金納付命令の勧告について（平成22年12月21日）,https://www.fsa.go.jp/sesc/news/c_2010/2010/20101221-1.html,"平成２２年１２月２１日 証券取引等監視委員会 インスペック株式会社株式に係る相場操縦に対する課徴金納付命令の勧告について １．勧告の内容 証券取引等監視委員会は、インスペック株式会社株式に係る相場操縦について検査した結果、下記のとおり法令違反の事実が認められたので、本日、内閣総理大臣及び金融庁長官に対して、金融庁設置法第２０条第１項の規定に基づき、課徴金納付命令を発出するよう勧告を行った。 ２．法令違反の事実関係 課徴金納付命令対象者は、インスペック株式会社の株式につき、その株価の高値形成を図ろうと企て、同株式の売買を誘引する目的をもって、平成２１年７月２３日から平成２１年７月２９日までの間、５取引日にわたり、直前約定値より高値で、あるいは、成行で大量の買い注文を発注して高値で約定させたり、直前約定値より高値で買い注文と売り注文を同時期に発注して対当させて株価を引き上げるなどの方法により、同株式合計１６１株を買い付ける一方、同株式合計１３７株を売り付け、同株式の株価を２万８０００円から３万６８００円まで引き上げるなどし、自己の計算において、同株式の相場を変動させるべき一連の売買をしたものである。 同人が行った上記の行為は、金融商品取引法第１７４条の２第１項に規定する「第１５９条第２項第１号の規定に違反する一連の有価証券売買等」の違反行為に該当すると認められる。 ３．課徴金の額の計算 上記の違法行為に対し金融商品取引法に基づき納付を命じられる課徴金の額は、１８６４万円である。 計算方法の詳細については、別紙のとおり。 （別紙） ○　課徴金の額の計算方法について １．金融商品取引法第１７４条の２第１項に基づき、課徴金の額は、 (1)　売買対当数量（注１）に係るものについて、 （有価証券の売付価額）－（有価証券の買付価額） と、 (2)　当該違反行為に係る有価証券の買付数量が売付数量を超える場合には、当該超える数量に係るものについて、 （当該違反行為が終了してから１月を経過するまでの間の各日における当該有価証券の最高価格のうち最も高い価格×当該超える数量）－（有価証券の買付価額） との合計額として計算される。 （注１）売買対当数量：当該違反行為に係る有価証券の売付数量と買付数量のうち、いずれか少ない数量をいう。 ２．本件における課徴金の額は、下記(1)及び(2)によりそれぞれ算定される額の合計１８６４万１７３０円。 ⇒課徴金の額は１万円未満を切り捨てるため、 １８６４万円 (1)　当該違反行為に係る売買対当数量は、 (i)当該違反行為に係る有価証券の売付数量は１３７株であり、 (ii)当該違反行為に係る有価証券の買付数量は、実際の買付け等の数量１６１株に、金融商品取引法第１７４条の２第８項及び同法施行令第３３条の１３第１号により、違反行為開始時にその時の価格（２８，１９０円）で買付け等をしたものとみなされる当該違反行為の開始時に所有している当該有価証券の数量１，５７３株を加えた１，７３４株である ことから、１３７株となる。 当該売買対当数量に係るものについて、 売付価額４，３３１，４００円（注２） －買付価額３，８６２，０３０円（注３、４） ＝４６９，３７０円 （注２）売付価額は、 ┌ │ │ │ │ │ │ │ │ │ │ │ │ │ │ │ │ │ │ │ │ │ │ │ │ │ │ └ 28,190円× 5株 28,200円× 3株 ┐ │ │ │ │ │ │ │ │ │ │ │ │ │ │ │ │ │ │ │ │ │ │ │ │ │ │ ┘ の合計額である。 28,400円× 3株 28,700円× 3株 29,000円× 7株 29,100円× 3株 29,300円× 5株 29,400円× 3株 29,700円× 3株 30,000円× 3株 30,300円× 3株 30,600円× 3株 30,800円× 3株 30,900円× 6株 31,100円× 3株 31,400円× 3株 31,500円× 5株 31,700円× 3株 31,800円× 5株 32,000円× 3株 32,300円× 3株 32,600円× 3株 32,800円× 3株 32,900円× 3株 32,950円× 7株 33,000円× 3株 33,100円× 5株 33,300円× 3株 33,400円× 2株 33,500円× 2株 33,600円× 2株 33,700円× 2株 33,800円× 2株 33,900円× 2株 34,000円×14株 34,700円× 6株 （注３）買付価額は、28,190円×137株の計算により算出される額である。 （注４）買付価額の算定においては、金融商品取引法施行令第３３条の１４第５項の規定により、当該違反行為に係る有価証券の買付けのうち最も早い時期に行われたものから順次当該売買対当数量に達するまで割り当てることとなる。 本件においては、違反行為の開始時点において所有しており、金融商品取引法第１７４条の２第８項・同法施行令第３３条の１３第１号の規定により、違反行為の開始時点にその時における価格（28,190円）で買い付けたものとみなされるもの（みなし買付け）が、当該売買対当数量を超えるため、すべてみなし買付け分が割り当てられることとなる。 (2)　上記(1)のとおり、当該違反行為に係る有価証券の買付数量が、売付数量を超えることから、 当該超える数量１，５９７株（１，７３４株－１３７株）について、 当該違反行為が終了してから１月を経過するまでの間の各日における当該有価証券の最高価格のうち最も高い価格（４０，０００円）に当該超える数量を乗じて得た額 ６３，８８０，０００円 －有価証券の買付価額４５，７０７，６４０円（注５） ＝１８，１７２，３６０円 （注５）買付価額は ┌ │ │ │ │ │ │ │ │ │ │ │ │ │ │ │ │ │ │ │ │ └ 28,190円×1,441株 28,200円× 5株 ┐ │ │ │ │ │ │ │ │ │ │ │ │ │ │ │ │ │ │ │ │ ┘ の合計額である。 28,400円× 5株 28,700円× 4株 29,000円× 8株 29,100円× 3株 29,300円× 3株 29,400円× 3株 29,700円× 1株 30,000円× 2株 30,200円× 2株 30,300円× 2株 30,900円× 4株 31,000円× 4株 31,200円×20株 31,500円× 5株 31,800円× 5株 32,500円× 5株 32,800円× 4株 32,850円× 1株 33,400円× 3株 33,500円× 2株 34,200円× 1株 34,600円× 2株 34,900円× 1株 35,000円×39株 36,000円×14株 36,400円× 4株 36,800円× 4株"
2010-12-10,メビックス株式会社,,メビックス株式会社及びエムスリー株式会社に係る有価証券報告書等の虚偽記載に係る課徴金納付命令勧告について（平成22年12月10日）,https://www.fsa.go.jp/sesc/news/c_2010/2010/20101210-2.html,"平成２２年１２月１０日 証券取引等監視委員会 メビックス株式会社及びエムスリー株式会社に係る有価証券報告書等の虚偽記載に係る課徴金納付命令勧告について １．勧告の内容 証券取引等監視委員会は、メビックス株式会社及びエムスリー株式会社に係る有価証券報告書等の虚偽記載について検査した結果、以下のとおり法令違反の事実が認められたので、本日、内閣総理大臣及び金融庁長官に対して、金融庁設置法第２０条第１項の規定に基づき、課徴金納付命令を発出するよう勧告を行った。 ２．法令違反の事実関係 (1) メビックス株式会社 メビックス株式会社は、関東財務局長に対し、売上の前倒し計上等により、別添１のとおり、金融商品取引法（平成２０年法律第６５号による改正前のもの。以下「旧金融商品取引法」という。）第１７２条の２第１項及び第２項に規定する「重要な事項につき虚偽の記載がある」有価証券報告書等を提出したものである。 ［虚偽記載の概要］ （単位：百万円） 【平成17年10月中間期半期報告書】 虚偽記載額 認定金額 連結売上高 758 635 連結経常損益 167 55 連結中間純損益 94 ▲54 連結純資産額（資本合計） 447 298 【平成18年4月期有価証券報告書】 虚偽記載額 認定金額 連結売上高 1,706 1,428 連結経常損益 405 157 連結当期純損益 224 ▲65 連結純資産額（資本合計） 1,951 1,661 【平成18年10月中間期半期報告書】 虚偽記載額 認定金額 連結売上高 974 765 連結経常損益 189 25 連結中間純損益 109 ▲49 連結純資産額 2,112 1,663 【平成19年4月期有価証券報告書】 虚偽記載額 認定金額 連結売上高 2,274 1,843 連結経常損益 390 58 連結当期純損益 222 ▲96 連結純資産額 2,233 1,624 【平成19年10月中間期半期報告書】 虚偽記載額 認定金額 連結売上高 1,339 812 連結経常損益 214 ▲204 連結中間純損益 111 ▲298 連結純資産額 2,354 1,335 【平成20年4月期有価証券報告書】 虚偽記載額 認定金額 連結売上高 2,547 2,521 連結経常損益 144 158 連結当期純損益 57 96 連結純資産額 2,340 1,770 【平成20年7月第1四半期四半期報告書】 虚偽記載額 認定金額 連結売上高 705 538 連結経常損益 43 ▲122 連結四半期純損益 18 ▲149 連結純資産額 2,303 1,565 【平成20年10月第2四半期四半期報告書】 虚偽記載額 認定金額 連結売上高 1,333 1,012 連結経常損益 47 ▲274 連結四半期純損益 10 ▲322 連結純資産額 2,295 1,392 【平成21年1月第3四半期四半期報告書】 虚偽記載額 認定金額 連結売上高 1,799 1,517 連結経常損益 ▲36 ▲337 連結四半期純損益 ▲44 ▲347 連結純資産額 2,239 1,365 【平成21年4月期有価証券報告書】 虚偽記載額 認定金額 連結売上高 2,195 2,016 連結経常損益 ▲339 ▲558 連結当期純損益 ▲232 ▲564 連結純資産額 2,069 1,166 (2) エムスリー株式会社 エムスリー株式会社は、関東財務局長に対し、のれんの過大計上による損失の過少計上等により、別添２のとおり、金融商品取引法第１７２条の４第１項及び第２項に規定する「重要な事項につき虚偽の記載がある」有価証券報告書等を提出したものである。 ［虚偽記載の概要］ （単位：百万円） 【平成21年6月第1四半期四半期報告書】 虚偽記載額 認定金額 連結売上高 2,199 2,199 連結経常損益 1,077 1,077 連結四半期純損益 614 ▲249 連結純資産額 10,390 9,398 【平成21年9月第2四半期四半期報告書】 虚偽記載額 認定金額 連結売上高 5,001 5,030 連結経常損益 2,058 2,038 連結四半期純損益 1,187 113 連結純資産額 10,576 9,502 【平成21年12月第3四半期四半期報告書】 虚偽記載額 認定金額 連結売上高 8,173 8,300 連結経常損益 3,366 3,413 連結四半期純損益 1,905 945 連結純資産額 11,223 10,263 【平成22年3月期有価証券報告書】 虚偽記載額 認定金額 連結売上高 11,811 11,811 連結経常損益 4,858 4,851 連結当期純損益 2,956 1,938 連結純資産額 12,275 11,258 【平成21年6月第1四半期四半期報告書（訂正）】 虚偽記載額 認定金額 連結売上高 2,199 2,199 連結経常損益 1,077 1,077 連結四半期純損益 614 ▲249 連結純資産額 10,263 9,398 【平成21年9月第2四半期四半期報告書（訂正）】 虚偽記載額 認定金額 連結売上高 5,030 5,030 連結経常損益 2,040 2,038 連結四半期純損益 1,125 113 連結純資産額 10,514 9,502 【平成21年12月第3四半期四半期報告書（訂正）】 虚偽記載額 認定金額 連結売上高 8,300 8,300 連結経常損益 3,418 3,413 連結四半期純損益 1,959 945 連結純資産額 11,277 10,263 ３．課徴金の額の計算 上記の違法行為に対し旧金融商品取引法及び金融商品取引法に基づき納付を命じられる課徴金の額は、以下のとおりである。 メビックス株式会社 １，０９９万９，９９９円 エムスリー株式会社 １，２００万円 メビックス株式会社 (1) 旧金融商品取引法第１７２条の２第１項、同第２項及び平成１７年法律第７６号附則第５条第２項の規定により、平成１７年１０月中間期半期報告書及び平成１８年４月期有価証券報告書に係る課徴金について、個別決定ごとの算出額は、 (i)　当該法人が発行する算定基準有価証券の市場価額の総額に１０万分の２を乗じて得た額（446,383円） が (ii)　2,000,000円 を超えないことから、 同半期報告書については、1,000,000円 同有価証券報告書については、2,000,000円 となる。 ここで、これらの書類が同一の事業年度に係るものであることから、旧金融商品取引法第１８５条の７第２項の規定により、下記のとおり２００万円を個別決定ごとの算出額に基づき按分した金額（同第１８項の規定により１円未満の端数切捨て）が課徴金の額となる。 平成１７年１０月中間期半期報告書に係る課徴金の額は 666,666円 平成１８年４月期有価証券報告書に係る課徴金の額は 1,333,333円 (2) 旧金融商品取引法第１７２条の２第１項及び第２項の規定により、平成１８年１０月中間期半期報告書及び平成１９年４月期有価証券報告書に係る課徴金について、個別決定ごとの算出額は、 (i)　当該法人が発行する算定基準有価証券の市場価額の総額に１０万分の３を乗じて得た額（484,790円） が (ii)　3,000,000円 を超えないことから、 同半期報告書については、1,500,000円 同有価証券報告書については、3,000,000円 となる。 ここで、これらの書類が同一の事業年度に係るものであることから、旧金融商品取引法第１８５条の７第２項の規定により、下記のとおり３００万円を個別決定ごとの算出額に基づき按分した金額が課徴金の額となる。 平成１８年１０月中間期半期報告書に係る課徴金の額は 1,000,000円 平成１９年４月期有価証券報告書に係る課徴金の額は 2,000,000円 (3) 旧金融商品取引法第１７２条の２第１項及び第２項の規定により、平成１９年１０月中間期半期報告書及び平成２０年４月期有価証券報告書に係る課徴金について、個別決定ごとの算出額は、 (i)　当該法人が発行する算定基準有価証券の市場価額の総額に１０万分の３を乗じて得た額（218,169円） が (ii)　3,000,000円 を超えないことから、 同半期報告書については、1,500,000円 同有価証券報告書については、3,000,000円 となる。 ここで、これらの書類が同一の事業年度に係るものであることから、旧金融商品取引法第１８５条の７第２項の規定により、下記のとおり３００万円を個別決定ごとの算出額に基づき按分した金額が課徴金の額となる。 平成１９年１０月中間期半期報告書に係る課徴金の額は 1,000,000円 平成２０年４月期有価証券報告書に係る課徴金の額は 2,000,000円 (4) 旧金融商品取引法第１７２条の２第１項及び第２項の規定により、平成２０年７月第１四半期四半期報告書、平成２０年１０月第２四半期四半期報告書、平成２１年１月第３四半期四半期報告書及び平成２１年４月期有価証券報告書に係る課徴金の額について、個別決定ごとの算出額は、 (i)　当該法人が発行する算定基準有価証券の市場価額の総額に１０万分の３を乗じて得た額（70,283円） が (ii)　3,000,000円 を超えないことから、 平成２０年７月第１四半期四半期報告書については、1,500,000円 平成２０年１０月第２四半期四半期報告書については、1,500,000円 平成２１年１月第３四半期四半期報告書については、1,500,000円 平成２１年４月期有価証券報告書については、3,000,000円 となる。 ここで、これらの書類が同一の事業年度に係るものであることから、旧金融商品取引法第１８５条の７第２項の規定により、下記のとおり３００万円を個別決定ごとの算出額に基づき按分した金額が課徴金の額となる。 平成２０年７月第１四半期四半期報告書に係る課徴金の額は 600,000円 平成２０年１０月第２四半期四半期報告書に係る課徴金の額は 600,000円 平成２１年１月第３四半期四半期報告書に係る課徴金の額は 600,000円 平成２１年４月期有価証券報告書に係る課徴金の額は 1,200,000円 エムスリー株式会社 (1) 金融商品取引法第１７２条の４第１項及び第２項の規定により、平成２１年６月第１四半期四半期報告書、平成２１年９月第２四半期四半期報告書、平成２１年１２月第３四半期四半期報告書及び平成２２年３月期有価証券報告書に係る課徴金の額について、個別決定ごとの算出額は、 (i)　当該法人が発行する算定基準有価証券の市場価額の総額に１０万分の６を乗じて得た額 （平成２１年６月第１四半期四半期報告書　　4,823,784円 平成２１年９月第２四半期四半期報告書　　4,940,792円 平成２１年１２月第３四半期四半期報告書　4,739,813円 平成２２年３月期有価証券報告書　　　　　4,851,686円） が (ii)　6,000,000円 を超えないことから、 平成２１年６月第１四半期四半期報告書については、3,000,000円 平成２１年９月第２四半期四半期報告書については、3,000,000円 平成２１年１２月第３四半期四半期報告書については、3,000,000円 平成２２年３月期有価証券報告書については、6,000,000円 となる。 ここで、これらの書類が同一の事業年度に係るものであることから、金融商品取引法第１８５条の７第６項の規定により、下記のとおり６００万円を個別決定ごとの算出額に基づき按分した金額が課徴金の額となる。 平成２１年６月第１四半期四半期報告書に係る課徴金の額は 1,200,000円 平成２１年９月第２四半期四半期報告書に係る課徴金の額は 1,200,000円 平成２１年１２月第３四半期四半期報告書に係る課徴金の額は 1,200,000円 平成２２年３月期有価証券報告書に係る課徴金の額は 2,400,000円 (2) 金融商品取引法第１７２条の４第２項の規定により、平成２１年６月第１四半期四半期報告書の訂正報告書、平成２１年９月第２四半期四半期報告書の訂正報告書及び平成２１年１２月第３四半期四半期報告書の訂正報告書に係る課徴金の額について、個別決定ごとの算出額は、 (i)　当該法人が発行する算定基準有価証券の市場価額の総額に１０万分の６を乗じて得た額 （平成２１年６月第１四半期四半期報告書の訂正報告書　　4,823,784円 平成２１年９月第２四半期四半期報告書の訂正報告書　　4,940,792円 平成２１年１２月第３四半期四半期報告書の訂正報告書　4,739,813円） が (ii)　6,000,000円 を超えないことから、 平成２１年６月第１四半期四半期報告書の訂正報告書については、3,000,000円 平成２１年９月第２四半期四半期報告書の訂正報告書については、3,000,000円 平成２１年１２月第３四半期四半期報告書の訂正報告書については、3,000,000円 となる。 ここで、これらの書類が同一の事業年度に係るものであることから、金融商品取引法第１８５条の７第６項の規定により、下記のとおり６００万円を個別決定ごとの算出額に基づき按分した金額が課徴金の額となる。 平成２１年６月第１四半期四半期報告書の訂正報告書に係る課徴金の額は 2,000,000円 平成２１年９月第２四半期四半期報告書の訂正報告書に係る課徴金の額は 2,000,000円 平成２１年１２月第３四半期四半期報告書の訂正報告書に係る課徴金の額は 2,000,000円 ［注］エムスリー株式会社は、課徴金の減額に係る報告書を平成２２年４月２８日に提出しているが、当該報告書には、別添２に記載するのれんの過大計上に係る虚偽記載の内容が具体的に記載されていないことから、本件課徴金納付命令勧告において、課徴金は減額されない。 （別添１）メビックス株式会社の有価証券報告書等の虚偽記載内容 番号 開示書類 虚偽記載 提出日 書類 会計期間 財務計算に 関する書類 内容（注） 事由 １ 平成18年 1月30日 第5期事業年度中間連結会計期間に係る半期報告書（平成17年10月中間期半期報告書） 平成17年5月1日～平成17年10月31日の中間連結会計期間 中間連結 損益計算書 連結中間純損益が▲54百万円であるところを94百万円と記載 ・売上の前倒し計上 等 中間連結 貸借対照表 連結純資産額に相当する「資本合計」欄が298百万円であるところを447百万円と記載 ２ 平成18年 7月28日 第5期事業年度連結会計期間に係る有価証券報告書（平成18年4月期有価証券報告書） 平成17年5月1日～平成18年4月30日の連結会計期間 連結 損益計算書 連結当期純損益が▲65百万円であるところを224百万円と記載 ・売上の前倒し計上 等 ３ 平成19年 1月30日 第6期事業年度中間連結会計期間に係る半期報告書（平成18年10月中間期半期報告書） 平成18年5月1日～平成18年10月31日の中間連結会計期間 中間連結 損益計算書 連結中間純損益が▲49百万円であるところを109百万円と記載 ・売上の前倒し計上 等 中間連結 貸借対照表 連結純資産が1,663百万円であるところを2,112百万円と記載 ４ 平成19年 7月30日 第6期事業年度連結会計期間に係る有価証券報告書（平成19年4月期有価証券報告書） 平成18年5月1日～平成19年4月30日の連結会計期間 連結 損益計算書 連結当期純損益が▲96百万円であるところを222百万円と記載 ・売上の前倒し計上 等 連結 貸借対照表 連結純資産が1,624百万円であるところを2,233百万円と記載 ５ 平成20年 1月30日 第7期事業年度中間連結会計期間に係る半期報告書（平成19年10月中間期半期報告書） 平成19年5月1日～平成19年10月31日の中間連結会計期間 中間連結 損益計算書 連結中間純損益が▲298百万円であるところを111百万円と記載 ・売上の前倒し計上 等 中間連結 貸借対照表 連結純資産が1,335百万円であるところを2,354百万円と記載 ６ 平成20年 7月30日 第7期事業年度連結会計期間に係る有価証券報告書（平成20年4月期有価証券報告書） 平成19年5月1日～平成20年4月30日の連結会計期間 連結 貸借対照表 連結純資産が1,770百万円であるところを2,340百万円と記載 ・売上の前倒し計上 等 ７ 平成20年 9月12日 第8期事業年度第1四半期連結会計期間に係る四半期報告書（平成20年7月第1四半期四半期報告書） 平成20年5月1日～平成20年7月31日の第1四半期連結累計期間 四半期連結 損益計算書 連結四半期純損益が▲149百万円であるところを18百万円と記載 ・売上の前倒し計上 等 平成20年5月1日～平成20年7月31日の第1四半期連結会計期間 四半期連結 貸借対照表 連結純資産が1,565百万円であるところを2,303百万円と記載 ８ 平成20年 12月12日 第8期事業年度第2四半期連結会計期間に係る四半期報告書（平成20年10月第2四半期四半期報告書） 平成20年5月1日～平成20年10月31日の第2四半期連結累計期間 四半期連結 損益計算書 連結四半期純損益が▲322百万円であるところを10百万円と記載 ・売上の前倒し計上 等 平成20年8月1日～平成20年10月31日の第2四半期連結会計期間 四半期連結 貸借対照表 連結純資産が1,392百万円であるところを2,295百万円と記載 ９ 平成21年 3月13日 第8期事業年度第3四半期連結会計期間に係る四半期報告書（平成21年1月第3四半期四半期報告書） 平成20年5月1日～平成21年1月31日の第3四半期連結累計期間 四半期連結 損益計算書 連結四半期純損益が▲347百万円であるところを▲44百万円と記載 ・売上の前倒し計上 等 平成20年11月1日～平成21年1月31日の第3四半期連結会計期間 四半期連結 貸借対照表 連結純資産が1,365百万円であるところを2,239百万円と記載 10 平成21年 7月30日 第8期事業年度連結会計期間に係る有価証券報告書（平成21年4月期有価証券報告書） 平成20年5月1日～平成21年4月30日の連結会計期間 連結 損益計算書 連結当期純損益が▲564百万円であるところを▲232百万円と記載 ・売上の前倒し計上 等 連結 貸借対照表 連結純資産が1,166百万円であるところを2,069百万円と記載 （注）金額は百万円未満切捨てである。また、▲は損失であることを示す。 （別添２）エムスリー株式会社の有価証券報告書等の虚偽記載内容 番号 開示書類 虚偽記載 提出日 書類 会計期間 財務計算に 関する書類 内容（注） 事由 １ 平成21年 8月7日 第10期事業年度第1四半期連結会計期間に係る四半期報告書（平成21年6月第1四半期四半期報告書） 平成21年4月1日～平成21年6月30日の第1四半期連結累計期間 四半期連結 損益計算書 連結四半期純損益が▲249百万円であるところを614百万円と記載 ・のれんの過大計上による損失の過少計上 ２ 平成21年 11月12日 第10期事業年度第2四半期連結会計期間に係る四半期報告書（平成21年9月第2四半期四半期報告書） 平成21年4月1日～平成21年9月30日の第2四半期連結累計期間 四半期連結 損益計算書 連結四半期純損益が113百万円であるところを1,187百万円と記載 ・のれんの過大計上による損失の過少計上等 ３ 平成22年 2月10日 第10期事業年度第3四半期連結会計期間に係る四半期報告書（平成21年12月第3四半期四半期報告書） 平成21年4月1日～平成21年12月31日の第3四半期連結累計期間 四半期連結 損益計算書 連結四半期純損益が945百万円であるところを1,905百万円と記載 ・のれんの過大計上による損失の過少計上等 ４ 平成22年 6月22日 第10期事業年度連結会計期間に係る有価証券報告書（平成22年3月期有価証券報告書） 平成21年4月1日～平成22年3月31日の連結会計期間 連結 損益計算書 連結当期純損益が1,938百万円であるところを2,956百万円と記載 ・のれんの過大計上による損失の過少計上 ５ 平成22年 4月30日 第10期事業年度第1四半期連結会計期間に係る四半期報告書の訂正報告書（平成21年6月第1四半期四半期報告書の訂正報告書） 平成21年4月1日～平成21年6月30日の第1四半期連結累計期間 四半期連結 損益計算書 連結四半期純損益が▲249百万円であるところを当初の614百万円から訂正せず ・のれんの過大計上による損失の過少計上 ６ 平成22年 4月30日 第10期事業年度第2四半期連結会計期間に係る四半期報告書の訂正報告書（平成21年9月第2四半期四半期報告書の訂正報告書） 平成21年4月1日～平成21年9月30日の第2四半期連結累計期間 四半期連結 損益計算書 連結四半期純損益が113百万円であるところを1,125百万円と記載 ・のれんの過大計上による損失の過少計上 ７ 平成22年 4月30日 第10期事業年度第3四半期連結会計期間に係る四半期報告書の訂正報告書（平成21年12月第3四半期四半期報告書の訂正報告書） 平成21年4月1日～平成21年12月31日の第3四半期連結累計期間 四半期連結 損益計算書 連結四半期純損益が945百万円であるところを1,959百万円と記載 ・のれんの過大計上による損失の過少計上 （注）金額は百万円未満切捨てである。また、▲は損失であることを示す。"
2010-12-07,株式会社西友株券,,株式会社西友株券の公開買付けに係る内部者取引事件の告発について（平成22年12月7日）,https://www.fsa.go.jp/sesc/news/c_2010/2010/20101207-1.html,平成２２年１２月７日 証券取引等監視委員会 株式会社西友株券の公開買付けに係る内部者取引事件の告発について 証券取引等監視委員会は、平成22年12月7日、証券取引法違反（インサイダー取引）の嫌疑で、下記の犯則嫌疑法人及び犯則嫌疑者を東京地方検察庁検察官に告発した。 １．告発の対象となった犯則事実 犯則嫌疑法人有限会社東京ファッション・インスティテュートは、ファッション及びその流通に関する国際情報の蒐集及び提供等を目的とし、株式会社として存続する会社、犯則嫌疑者は、犯則嫌疑法人の代表取締役であるが、犯則嫌疑者は、ワイオミング・ホールディング・ジーエムビーエイチ（以下「ワイオミング」という。）と資本提携に関する基本契約を締結していた株式会社西友の取締役から、平成19年10月1日ころ及び同月4日ころ、同人が同契約の履行に関し知った、ワイオミングの業務執行を決定する機関が西友の株券の公開買付けを行うことについての決定をした旨の公開買付けの実施に関する事実の伝達を受け、法定の除外事由がないのに、同事実の公表前である １　同月2日から同月19日までの間、犯則嫌疑法人の業務及び財産に関し、証券会社を介し、犯則嫌疑法人名義で西友の株券合計19万9000株を代金合計1734万7000円で買い付けた ２　同月16日及び同月17日、証券会社を介し、犯則嫌疑者名義で西友の株券合計6万9000株を代金合計602万4000円で買い付けた ものである。 ２．関連条文 平成18年法律第65号第3条による改正前の証券取引法第197条の2第13号、第167条第3項、事実1の犯則嫌疑法人につき更に第207条第1項第2号 法定刑： 個人　5年以下の懲役若しくは500万円以下の罰金、又は併科 法人　5億円以下の罰金
2010-11-30,藍澤證券株式会社,,藍澤證券株式会社に対する検査結果に基づく勧告について（平成22年11月30日）,https://www.fsa.go.jp/sesc/news/c_2010/2010/20101130-1.html,平成２２年１１月３０日 証券取引等監視委員会 藍澤證券株式会社に対する検査結果に基づく勧告について １．勧告の内容 関東財務局長が藍澤證券株式会社（東京都中央区、資本金８０億円、役職員６０９名、第一種金融商品取引業、投資助言・代理業、投資運用業）を検査した結果、下記のとおり、当該金融商品取引業者の使用人に係る法令違反の事実が認められたので、本日、証券取引等監視委員会は、内閣総理大臣及び金融庁長官に対して、金融庁設置法第２０条第１項の規定に基づき、適切な措置を講じるよう勧告した。 ２．事実関係 ○　金融商品取引業者の使用人が専ら投機的利益の追求を目的として有価証券の売買その他の取引等をする行為等 藍澤證券株式会社（以下「当社」という。）の使用人は、平成１７年１０月から同２２年８月までの間、他の金融商品取引業者に開設された本人名義及び知人名義の口座において、専ら投機的利益の追求を目的として、自己の計算に基づく有価証券の売買その他の取引等を多数回にわたり行った。 また、当該使用人は、知人２名に対し、有価証券オプション取引での資金運用の一任を持ちかけ、これを約し、他の金融商品取引業者に開設された当該知人名義の口座において、平成２１年１０月から同２２年８月までの間、当該知人の資金により有価証券オプション取引を行った。 当該金融商品取引業者の使用人が行った上記行為のうち、自己の計算に基づく有価証券の売買その他の取引等は、金融商品取引法（以下「金商法」という。）第３８条第６号に基づく金融商品取引業等に関する内閣府令第１１７条第１項第１２号（ただし、平成１９年９月２９日以前の行為については、改正前の証券取引法第４２条第１項第１０号に基づく廃止前の証券会社の行為規制等に関する内閣府令第４条第５号）に規定する「金融商品取引業者等の使用人が、専ら投機的利益の追求を目的として有価証券の売買その他の取引等をする行為」に該当するものと認められる。 また、当該使用人が、知人との間で資金運用の一任を約し、当該知人の資金により取引を行った行為は、金商法第６４条の５第１項第２号に規定する「外務員の職務に関して著しく不適当な行為をしたと認められるとき」に該当するものと認められる。 金融商品取引法（昭和23年4月法律第25号）（抄） （禁止行為） 第三十八条 金融商品取引業者等又はその役員若しくは使用人は、次に掲げる行為をしてはならない。 （略） 一～五　（略） 六　前各号に掲げるもののほか、投資者の保護に欠け、若しくは取引の公正を害し、又は金融商品取引業の信用を失墜させるものとして 内閣府令で定める 行為 （外務員に対する監督上の処分） 第六十四条の五　内閣総理大臣は、登録を受けている外務員が次の各号のいずれかに該当する場合においては、その登録を取り消し、又は二年以内の期間を定めてその職務の停止を命ずることができる。 一　（略） 二　金融商品取引業（登録金融機関にあっては、登録金融機関業務）のうち第六十四条第一項各号に掲げる行為を行う業務又はこれに付随する業務に関し法令に違反したとき、その他外務員の職務に関して著しく不適当な行為をしたと認められるとき。 （以下、略） 金融商品取引業等に関する内閣府令（平成19年8月内閣府令第52号）（抄） （禁止行為） 第百十七条　法第三十八条第六号に規定する内閣府令で定める行為は、次に掲げる行為とする。 一～十一　（略） 十二　個人である金融商品取引業者又は金融商品取引業者等の役員（役員が法人であるときは、その職務を行うべき社員を含む。）若しくは使用人が、自己の職務上の地位を利用して、顧客の有価証券の売買その他の取引等に係る注文の動向その他職務上知り得た特別の情報に基づいて、又は専ら投機的利益の追求を目的として有価証券の売買その他の取引等をする行為 （以下、略）
2010-11-26,株式会社大経及びそ,,株式会社大経及びその役員に対する金融商品取引法違反行為に係る裁判所の緊急差止命令（同法第１９２条第１項）の発令について（平成22年11月29日）,https://www.fsa.go.jp/sesc/news/c_2010/2010/20101129-1.html,平成２２年１１月２６日 証券取引等監視委員会 株式会社大経及びその役員に対する金融商品取引法違反行為に係る裁判所の緊急差止命令（同法第１９２条第１項）の発令について 証券取引等監視委員会が、平成２２年１１月１７日に行った株式会社大経（東京都中央区、資本金１，０００万円、役職員６名、金融商品取引業の登録等はない。）並びに同社の代表取締役社長Ａ及び取締役Ｂ（以下「被申立人ら」という。）に対する金融商品取引法違反行為（無登録で、株式等の売買、売買の媒介若しくは代理又は募集若しくは私募の取扱いを業として行うこと）の緊急差止命令の申立てについて、本日、東京地方裁判所より、申立ての内容どおり、被申立人らに対し、下記の命令が下された。 記 被申立人らは、いずれも、金融商品取引法２９条所定の登録（ただし、第一種金融商品取引業を行う者としての登録）その他同法所定の適式の登録を受けずに、株券、新株予約権証券又はこれらに表示されるべき権利であって株券若しくは新株予約権証券が発行されていない場合における当該権利について、売買、売買の媒介若しくは代理又は募集若しくは私募の取扱いを業として行ってはならない。 （参考）株式会社大経及びその役員に対する金融商品取引法第１９２条第１項に基づく裁判所への申立てについて
2010-11-26,株式会社生物化学研究所,,株式会社生物化学研究所の金融商品取引法違反行為に係る裁判所への緊急差止命令の申立て（同法第１９２条第１項）について（平成22年11月26日）,https://www.fsa.go.jp/sesc/news/c_2010/2010/20101126-2.html,"平成２２年１１月２６日 証券取引等監視委員会 株式会社生物化学研究所の金融商品取引法違反行為に係る裁判所への緊急差止命令の申立て（同法第１９２条第１項）について １．概要 証券取引等監視委員会は、本日、金融商品取引法第１９２条第１項の規定に基づき、甲府地方裁判所に対し、株式会社生物化学研究所（山梨県中央市、資本金５,８４２万５,０００円）を被申立人とする金融商品取引法違反行為（無届けで、有価証券の募集を行うこと等）の禁止等を命ずるよう申立てを行った。 ２．申立ての内容 被申立人は、平成２２年２月ころから同年６月ころまでの間、７回にわたって自社の株式及び新株予約権（以下「株式等」という。）の発行を行い、金融商品取引業の登録等がない株式会社大経と連携して株式等の取得の勧誘を行った結果、約１００名の投資家に株式等を取得させていた（株式の払込金額約１億円、新株予約権の行使に際して払い込むべき金額約２億２,０００万円）。また、被申立人は、平成２２年１１月末発行予定の株式について投資家に対する取得の勧誘を行っていた。 被申立人は、上記各発行のいずれについても有価証券届出書を提出していない。しかしながら、上記７回のうち６回の発行に係る株式等及び同年１１月末発行予定の株式に関する取得の勧誘は、いずれも、有価証券の募集に該当し、かつ、金融商品取引法第４条第１項本文の規定の適用を受けることから、有価証券届出書を提出しなければ行ってはならないものである。 このような被申立人の行為は、金融商品取引法第４条第１項本文等に違反するものであり、また、被申立人は、当該違反行為を今後も行う蓋然性が高い。 したがって、上記のような被申立人の金融商品取引法違反行為の禁止・停止を命じる旨の裁判を求める。 金融商品取引法（抄） （募集又は売出しの届出） 第四条 有価証券の募集 （特定組織再編成発行手続を含む。第十三条及び第十五条第二項から第六項までを除き、以下この章及び次章において同じ。） 又は有価証券の売出し （次項に規定する適格機関投資家取得有価証券一般勧誘及び第三項に規定する特定投資家等取得有価証券一般勧誘に該当するものを除き、特定組織再編成交付手続を含む。以下この項において同じ。） は、発行者が当該有価証券の募集又は売出しに関し内閣総理大臣に届出をしているものでなければ、することができない。 ただし、次の各号のいずれかに該当するものについては、この限りでない。 一 有価証券の募集又は売出しの相手方が当該有価証券に係る次条第一項各号に掲げる事項に関する情報を既に取得し、又は容易に取得することができる場合として政令で定める場合における当該有価証券の募集又は売出し 二 有価証券の募集又は売出しに係る組織再編成発行手続又は組織再編成交付手続のうち、次に掲げる場合のいずれかに該当するものがある場合における当該有価証券の募集又は売出し（前号に掲げるものを除く。） イ 組織再編成対象会社が発行者である株券（新株予約権証券その他の政令で定める有価証券を含む。）に関して開示が行われている場合に該当しない場合 ロ 組織再編成発行手続に係る新たに発行される有価証券又は組織再編成交付手続に係る既に発行された有価証券に関して開示が行われている場合 三 その有価証券に関して開示が行われている場合における当該有価証券の売出し（前二号に掲げるものを除く。） 四 外国で既に発行された有価証券又はこれに準ずるものとして政令で定める有価証券の売出し（金融商品取引業者等が行うものに限る。）のうち、国内における当該有価証券に係る売買価格に関する情報を容易に取得することができることその他の政令で定める要件を満たすもの（前三号に掲げるものを除く。） 五 発行価額又は売出価額の総額が一億円未満の有価証券の募集又は売出しで内閣府令で定めるもの（前各号に掲げるものを除く。） （以下、略） （届出の効力発生前の有価証券の取引禁止及び目論見書の交付） 第十五条 発行者 、有価証券の売出しをする者、引受人（適格機関投資家取得有価証券一般勧誘（開示が行われている場合における有価証券に係るものを除く。）又は特定投資家等取得有価証券一般勧誘（開示が行われている場合における有価証券に係るものを除く。）に際し、第二条第六項各号のいずれかを行う者を含む。以下この章において同じ。）、金融商品取引業者、登録金融機関又は金融商品仲介業者 は、その募集又は売出しにつき第四条第一項本文、第二項本文又は第三項本文の規定の適用を受ける有価証券については、これらの規定による届出がその効力を生じているのでなければ、これを募集又は売出しにより取得させ、又は売り付けてはならない。 （以下、略） （審問等に関する調査のための処分） 第百八十七条 内閣総理大臣又は内閣総理大臣及び財務大臣は、この法律の規定による審問、この法律の規定による処分に係る聴聞又は第百九十二条の規定による申立てについて、必要な調査をするため、当該職員に、次に掲げる処分をさせることができる。 一 関係人若しくは参考人に出頭を命じて意見を聴取し、又はこれらの者から意見書若しくは報告書を提出させること。 二 鑑定人に出頭を命じて鑑定させること。 三 関係人に対し帳簿書類その他の物件の提出を命じ、又は提出物件を留めて置くこと。 四 関係人の業務若しくは財産の状況又は帳簿書類その他の物件を検査すること。 （裁判所の禁止又は停止命令） 第百九十二条 裁判所は、緊急の必要があり、かつ、公益及び投資者保護のため必要かつ適当であると認めるときは、内閣総理大臣又は内閣総理大臣及び財務大臣の申立てにより、この法律又はこの法律に基づく命令に違反する行為を行い、又は行おうとする者に対し、その行為の禁止又は停止を命ずることができる。 ２ 裁判所は、前項の規定により発した命令を取り消し、又は変更することができる。 ３ 前二項の事件は、被申立人の住所地の地方裁判所の管轄とする。 ４ 第一項及び第二項の裁判については、非訟事件手続法 （明治三十一年法律第十四号）の定めるところによる。 第百九十八条 次の各号のいずれかに該当する者は、三年以下の懲役若しくは三百万円以下の罰金に処し、又はこれを併科する。 一～七 （略） 八 第百九十二条第一項又は第二項の規定による裁判所の命令に違反した者 第二百七条 法人（法人でない団体で代表者又は管理人の定めのあるものを含む。以下この項及び次項において同じ。）の代表者又は法人若しくは人の代理人、使用人その他の従業者が、その法人又は人の業務又は財産に関し、次の各号に掲げる規定の違反行為をしたときは、その行為者を罰するほか、その法人に対して当該各号に定める罰金刑を、その人に対して各本条の罰金刑を科する。 一～二 （略） 三 第百九十八条第八号又は第百九十八条の三から第百九十八条の五まで　三億円以下の罰金刑 四～六 （略） （以下、略）"
2010-12-10,株式会社アクロディア,,株式会社アクロディアに係る有価証券報告書等の虚偽記載に係る課徴金納付命令勧告について（平成22年12月10日）,https://www.fsa.go.jp/sesc/news/c_2010/2010/20101210-1.html,"平成２２年１２月１０日 証券取引等監視委員会 株式会社アクロディアに係る有価証券報告書等の虚偽記載に係る課徴金納付命令勧告について １．勧告の内容 証券取引等監視委員会は、株式会社アクロディアに係る有価証券報告書等の虚偽記載について検査した結果、以下のとおり法令違反の事実が認められたので、本日、内閣総理大臣及び金融庁長官に対して、金融庁設置法第２０条第１項の規定に基づき、課徴金納付命令を発出するよう勧告を行った。 ２．法令違反の事実関係 (1) 株式会社アクロディアは、関東財務局長に対し、架空売上の計上及びソフトウェアの架空計上等により、別添のとおり、金融商品取引法（平成２０年法律第６５号による改正前のもの。以下「旧金融商品取引法」という。）第１７２条の２第１項及び第２項に規定する「重要な事項につき虚偽の記載がある」有価証券報告書等を提出したものである。 ［虚偽記載の概要］ （単位：百万円） 【平成20年3月期有価証券報告書】 虚偽記載額 認定金額 連結売上高 3,118 2,813 連結経常損益 571 267 連結当期純損益 278 ▲170 連結純資産額 4,354 3,905 【平成20年9月第2四半期四半期報告書】 虚偽記載額 認定金額 連結売上高 1,385 1,180 連結経常損益 ▲158 ▲305 連結四半期純損益 ▲156 ▲322 連結純資産額 4,249 3,633 【平成20年12月第3四半期四半期報告書】 虚偽記載額 認定金額 連結売上高 2,134 1,929 連結経常損益 ▲476 ▲601 連結四半期純損益 ▲471 ▲817 連結純資産額 3,958 3,163 【平成21年3月第4四半期四半期報告書】 虚偽記載額 認定金額 連結売上高 3,155 2,950 連結経常損益 ▲598 ▲700 連結四半期純損益 ▲1,015 ▲1,347 連結純資産額 3,380 2,598 【平成21年6月第5四半期四半期報告書】 虚偽記載額 認定金額 連結売上高 3,994 3,789 連結経常損益 ▲793 ▲850 連結四半期純損益 ▲1,222 ▲1,510 連結純資産額 3,177 2,440 【平成21年8月期有価証券報告書】 虚偽記載額 認定金額 連結売上高 4,706 4,501 連結経常損益 ▲889 ▲913 連結当期純損益 ▲1,389 ▲1,644 連結純資産額 3,476 2,772 (2) 株式会社アクロディアは、関東財務局長に対し、平成２１年６月１９日、重要な事項につき虚偽の記載がある平成２０年３月期有価証券報告書（別添番号欄１参照）、平成２０年９月第２四半期四半期報告書（別添番号欄２参照）、平成２０年１２月第３四半期四半期報告書（別添番号欄３参照）及び平成２１年３月第４四半期四半期報告書（別添番号欄４参照）を参照書類とする有価証券届出書を提出し、同有価証券届出書に基づく募集により、同年７月６日、１，６００個の新株予約権証券を１，５７５，６８０，０００円（新株予約権の行使に際して払い込むべき金額を含む。）で取得させた。 同社が行った上記の行為は、金融商品取引法第１７２条の２第１項第１号に規定する「重要な事項につき虚偽の記載がある」発行開示書類に基づく募集により有価証券を取得させた行為に該当すると認められる。 ３．課徴金の額の計算 上記の違法行為に対し旧金融商品取引法及び金融商品取引法に基づき納付を命じられる課徴金の額は、７８，１４９，９９６円である。 (1) 旧金融商品取引法第１７２条の２第１項の規定により、平成２０年３月期有価証券報告書に係る課徴金の額は、 (i)　当該法人が発行する算定基準有価証券の市場価額の総額に１０万分の３を乗じて得た額（828,325円） が (ii)　3,000,000円 を超えないことから、3,000,000円となる。 (2) 旧金融商品取引法第１７２条の２第１項及び第２項の規定により、平成２０年９月第２四半期四半期報告書、平成２０年１２月第３四半期四半期報告書、平成２１年３月第４四半期四半期報告書、平成２１年６月第５四半期四半期報告書及び平成２１年８月期有価証券報告書に係る課徴金について、個別決定ごとの算出額は、 (i)　当該法人が発行する算定基準有価証券の市場価額の総額に１０万分の３を乗じて得た額（434,719円） が (ii)　3,000,000円 を超えないことから、 平成２０年９月第２四半期四半期報告書については、4,250,000円（当該事業年度が１年以上であるため、3,000,000円に当該事業年度の月数「17」を12で除して得た数を乗じて得た額に相当する額。以下、この項において同じ。）の２分の１に相当する額である2,120,000円（金融商品取引法第１７６条第２項の規定により１万円未満の端数を切り捨て。以下、この項において同じ。） 平成２０年１２月第３四半期四半期報告書については、4,250,000円の２分の１に相当する額である2,120,000円 平成２１年３月第４四半期四半期報告書については、4,250,000円の２分の１に相当する額である2,120,000円 平成２１年６月第５四半期四半期報告書については、4,250,000円の２分の１に相当する額である2,120,000円 平成２１年８月期有価証券報告書については、4,250,000円 となる。 ここで、これらの書類が同一の事業年度に係るものであることから、旧金融商品取引法第１８５条の７第２項の規定により、下記のとおり４２５万円を個別決定ごとの算出額に基づき按分した金額（同第１８項の規定により１円未満の端数切捨て）が課徴金の額となる。 平成２０年９月第２四半期四半期報告書に係る課徴金の額は707,776円 平成２０年１２月第３四半期四半期報告書に係る課徴金の額は707,776円 平成２１年３月第４四半期四半期報告書に係る課徴金の額は707,776円 平成２１年６月第５四半期四半期報告書に係る課徴金の額は707,776円 平成２１年８月期有価証券報告書に係る課徴金の額は1,418,892円 (3) 金融商品取引法第１７２条の２第１項第１号の規定により、重要な事項につき虚偽の記載がある発行開示書類に基づく募集により取得させた株券等の発行価額の総額の１００分の４．５に相当する額が課徴金の額となることから、 平成２１年６月１９日提出の有価証券届出書に係る課徴金の額は、 1,575,680,000円×4.5／100＝70,905,600円 について、金融商品取引法第１７６条第２項の規定により１万円未満を切り捨てて、70,900,000円 となる。 （別添）株式会社アクロディアの有価証券報告書等の虚偽記載内容 番号 開示書類 虚偽記載 提出日 書類 会計期間 財務計算に 関する書類 内容（注） 事由 １ 平成20年 6月27日 第4期事業年度連結会計期間に係る有価証券報告書（平成20年3月期有価証券報告書） 平成19年4月1日～平成20年3月31日の連結会計期間 連結 損益計算書 連結経常損益が267百万円であるところを571百万円と記載 連結当期純損益が▲170百万円であるところを278百万円と記載 ・架空売上の計上 等 ２ 平成20年 11月14日 第5期事業年度第2四半期連結会計期間に係る四半期報告書（平成20年9月第2四半期四半期報告書） 平成20年4月1日～平成20年9月30日の第2四半期連結累計期間 四半期連結 損益計算書 連結四半期純損益が▲322百万円であるところを▲156百万円と記載 ・架空売上の計上 等 ３ 平成21年 2月13日 第5期事業年度第3四半期連結会計期間に係る四半期報告書（平成20年12月第3四半期四半期報告書） 平成20年4月1日～平成20年12月31日の第3四半期連結累計期間 四半期連結 損益計算書 連結四半期純損益が▲817百万円であるところを▲471百万円と記載 ・架空売上の計上 ・ソフトウェアの架空計上 等 平成20年10月1日～平成20年12月31日の第3四半期連結会計期間 四半期連結 貸借対照表 連結純資産が3,163百万円であるところを3,958百万円と記載 ４ 平成21年 5月15日 第5期事業年度第4四半期連結会計期間に係る四半期報告書（平成21年3月第4四半期四半期報告書） 平成20年4月1日～平成21年3月31日の第4四半期連結累計期間 四半期連結 損益計算書 連結四半期純損益が▲1,347百万円であるところを▲1,015百万円と記載 ・架空売上の計上 ・ソフトウェアの架空計上 等 平成21年1月1日～平成21年3月31日の第4四半期連結会計期間 四半期連結 貸借対照表 連結純資産が2,598百万円であるところを3,380百万円と記載 ５ 平成21年 8月14日 第5期事業年度第5四半期連結会計期間に係る四半期報告書（平成21年6月第5四半期四半期報告書） 平成20年4月1日～平成21年6月30日の第5四半期連結累計期間 四半期連結 損益計算書 連結四半期純損益が▲1,510百万円であるところを▲1,222百万円と記載 ・架空売上の計上 ・ソフトウェアの架空計上 等 平成21年4月1日～平成21年6月30日の第5四半期連結会計期間 四半期連結 貸借対照表 連結純資産が2,440百万円であるところを3,177百万円と記載 ６ 平成21年 11月27日 第5期事業年度連結会計期間に係る有価証券報告書（平成21年8月期有価証券報告書） 平成20年4月1日～平成21年8月31日の連結会計期間 連結 損益計算書 連結当期純損益が▲1,644百万円であるところを▲1,389百万円と記載 ・架空売上の計上 ・ソフトウェアの架空計上 等 連結 貸借対照表 連結純資産が2,772百万円であるところを3,476百万円と記載 （注）金額は百万円未満切捨てである。また、▲は損失であることを示す。"
2010-11-26,ＳＢＩフューチャーズ株式会社,,ＳＢＩフューチャーズ株式に係る株式交換比率算定補助業務従事者からの情報受領者による内部者取引に対する課徴金納付命令の勧告について（平成22年11月26日）,https://www.fsa.go.jp/sesc/news/c_2010/2010/20101126-1.html,"平成２２年１１月２６日 証券取引等監視委員会 ＳＢＩフューチャーズ株式に係る株式交換比率算定補助業務従事者からの情報受領者による内部者取引に対する課徴金納付命令の勧告について １．勧告の内容 証券取引等監視委員会は、ＳＢＩフューチャーズ株式に係る株式交換比率算定補助業務従事者からの情報受領者による内部者取引について検査した結果、下記のとおり法令違反の事実が認められたので、本日、内閣総理大臣及び金融庁長官に対して、金融庁設置法第２０条第１項の規定に基づき、課徴金納付命令を発出するよう勧告を行った。 ２．法令違反の事実関係 課徴金納付命令対象者(1)、(2)は、ＳＢＩフューチャーズ株式会社（以下「ＳＢＩフューチャーズ」という。）と株式交換比率算定に係る業務委託契約の締結の交渉をしていた会社の社員から、同人が同契約の締結の交渉に関し知った、ＳＢＩフューチャーズがＳＢＩホールディングス株式会社と株式交換を行うことを決定した事実の伝達を受けながら、この事実が公表された平成２１年４月２７日より前の、 ●同月２０日から同月２４日までの間、ＳＢＩフューチャーズの株式合計１８株を、自己の計算において、買付価額４４万９３００円で買い付け、（課徴金納付命令対象者(1)） ●同月２１日から同月２４日までの間、ＳＢＩフューチャーズの株式合計６株を、自己の計算において、買付価額１４万８０２０円で買い付け（課徴金納付命令対象者(2)） たものである。 上記２名が行った上記の行為は、金融商品取引法第１７５条第１項に規定する「第１６６条・・・第３項の規定に違反して、同条第１項に規定する売買等をした」行為に該当すると認められる。 ３．課徴金の額の計算 上記の違法行為に対し、金融商品取引法に基づき納付を命じられる課徴金の額は、下記のとおりである。 課徴金納付命令対象者(1)　３１万円 課徴金納付命令対象者(2)　１０万円 計算方法の詳細については、別紙のとおり。 （別紙） ○　課徴金の額の計算方法について 金融商品取引法第１７５条第１項に基づき、課徴金の額は、 （重要事実が公表された後２週間における最も高い価格）×（買付株数） －（買付価格）×（買付株数） となる。 したがって、重要事実の公表後２週間におけるＳＢＩフューチャーズの最も高い株価は、平成２１年５月１１日の４２，５５０円であることから、課徴金の額は下記の金額となる。 課徴金納付命令対象者(1) （４２，５５０円×１８株）－買付価額４４９，３００円（注１） ＝３１６，６００円 ⇒課徴金の額は１万円未満を切り捨てるため、 ３１万円 （注１）買付価額は、24,500円×3株、25,000円×11株、25,200円×4株の合計額である。 課徴金納付命令対象者(2) （４２，５５０円×６株）－買付価額１４８，０２０円（注２） ＝１０７，２８０円 ⇒課徴金の額は１万円未満を切り捨てるため、 １０万円 （注１）買付価額は、24,000円×1株、24,510円×2株、25,000円×3株の合計額である。"
2010-11-18,株式会社大経及びそ,,株式会社大経及びその役員に対する金融商品取引法第１９２条第１項に基づく裁判所への申立てについて（平成22年11月18日）,https://www.fsa.go.jp/sesc/news/c_2010/2010/20101118-1.html,平成２２年１１月１８日 証券取引等監視委員会 株式会社大経及びその役員に対する金融商品取引法第１９２条第１項に基づく裁判所への申立てについて １．申立ての内容等 証券取引等監視委員会が、株式会社大経（東京都中央区、資本金１，０００万円、役職員６名、金融商品取引業の登録等はない。以下「当社」という。）に対して金融商品取引法第１８７条に基づく調査を行った結果、下記２．の事実が認められたことから、平成２２年１１月１７日、金融商品取引法第１９２条第１項の規定に基づき、東京地方裁判所に対し、当社並びに当社の代表取締役Ａ及び取締役Ｂを相手方として金融商品取引法違反行為（無登録で、株式等の売買、売買の媒介若しくは代理又は募集若しくは私募の取扱いを業として行うこと）の禁止等を命ずるよう申立てを行った。 ２．事実関係 当社は、金融商品取引業の登録を受けずに、平成２２年２月ころから６月ころまでの間、業として、株式会社生物化学研究所（山梨県中央市。以下「生物化学」という。）が新規に発行する株式及び新株予約権の取得の勧誘を行い、その結果、約１００名の投資家が生物化学の株式等を１億円弱で取得していたほか、同年１１月末に予定されている生物化学の新株発行に向けて投資家に対する取得の勧誘を行っていたものである。また、当社は上記株式等のほかにも、平成１５年７月の設立以来、別の株式会社４社の株式につき、投資家に対する取得の勧誘を繰り返し行っていたものである。 このような当社の行為は、金融商品取引法第２９条に違反するものであり、また、当社並びにその役員であるＡ及びＢは、当該違反行為を今後も行う蓋然性が高いものと認められる。 金融商品取引法（抄） （審問等に関する調査のための処分） 第百八十七条 内閣総理大臣又は内閣総理大臣及び財務大臣は、この法律の規定による審問、この法律の規定による処分に係る聴聞又は第百九十二条の規定による申立てについて、必要な調査をするため、当該職員に、次に掲げる処分をさせることができる。 一 関係人若しくは参考人に出頭を命じて意見を聴取し、又はこれらの者から意見書若しくは報告書を提出させること。 二 鑑定人に出頭を命じて鑑定させること。 三 関係人に対し帳簿書類その他の物件の提出を命じ、又は提出物件を留めて置くこと。 四 関係人の業務若しくは財産の状況又は帳簿書類その他の物件を検査すること。 （裁判所の禁止又は停止命令） 第百九十二条 裁判所は、緊急の必要があり、かつ、公益及び投資者保護のため必要かつ適当であると認めるときは、内閣総理大臣又は内閣総理大臣及び財務大臣の申立てにより、この法律又はこの法律に基づく命令に違反する行為を行い、又は行おうとする者に対し、その行為の禁止又は停止を命ずることができる。 ２ 裁判所は、前項の規定により発した命令を取り消し、又は変更することができる。 ３ 前二項の事件は、被申立人の住所地の地方裁判所の管轄とする。 ４ 第一項及び第二項の裁判については、非訟事件手続法 （明治三十一年法律第十四号）の定めるところによる。 第百九十八条 次の各号のいずれかに該当する者は、三年以下の懲役若しくは三百万円以下の罰金に処し、又はこれを併科する。 一～七 （略） 八 第百九十二条第一項又は第二項の規定による裁判所の命令に違反した者 第二百七条 法人（法人でない団体で代表者又は管理人の定めのあるものを含む。以下この項及び次項において同じ。）の代表者又は法人若しくは人の代理人、使用人その他の従業者が、その法人又は人の業務又は財産に関し、次の各号に掲げる規定の違反行為をしたときは、その行為者を罰するほか、その法人に対して当該各号に定める罰金刑を、その人に対して各本条の罰金刑を科する。 一～二 （略） 三 第百九十八条第八号又は第百九十八条の三から第百九十八条の五まで　三億円以下の罰金刑 四～六 （略） （以下、略）
2010-11-19,株式会社ゼクス,,株式会社ゼクスに係る有価証券報告書等の不提出に係る課徴金納付命令勧告について（平成22年11月19日）,https://www.fsa.go.jp/sesc/news/c_2010/2010/20101119-2.html,"平成２２年１１月１９日 証券取引等監視委員会 株式会社ゼクスに係る有価証券報告書等の不提出に係る課徴金納付命令勧告について １．勧告の内容 証券取引等監視委員会は、株式会社ゼクスに係る有価証券報告書等について検査した結果、下記のとおり法令違反の事実が認められたので、本日、内閣総理大臣及び金融庁長官に対して、金融庁設置法第２０条第１項の規定に基づき、課徴金納付命令を発出するよう勧告を行った。 ２．法令違反の事実関係 株式会社ゼクスは、関東財務局長に対し、 (1)　金融商品取引法第２４条の４の７第１項の規定に違反して、第１４期事業年度第３四半期連結会計期間に係る四半期報告書（平成２２年２月第３四半期四半期報告書）を同四半期連結会計期間経過後４５日以内の平成２２年４月１４日までに提出しなかった (2)　金融商品取引法第２４条第１項の規定に違反して、第１４期事業年度連結会計期間に係る有価証券報告書（平成２２年５月期有価証券報告書）を同事業年度経過後３月以内の平成２２年８月３１日までに提出しなかった ものである。 同社については、当証券取引等監視委員会の検査の過程において、遅くとも平成１９年９月までに同社が行った債務保証及び保証類似行為（平成２２年５月３１日時点の主債務残元本は、１０，９８３百万円。以下「債務保証等」という。）の存在及び債務保証等に係る主債務者の財政状態の悪化が認められているところである。したがって、同社は、少なくとも第１４期事業年度連結会計期間（平成２１年６月１日から平成２２年５月３１日まで）の連結財務諸表について、債務保証等に対する債務保証損失引当金の計上を反映してこれを作成した上で、当該連結財務諸表を記載した第１４期事業年度連結会計期間に係る有価証券報告書を、金融商品取引法第２４条第１項に定める事業年度経過後３月以内に関東財務局長に提出すべきである。 また、その後も、主債務者の財政状態の悪化が継続し、債権者等から債務保証等に対する履行請求を受けている。しかしながら、同社は、資金繰りに余裕がないこと等を理由に、会計監査人の選任並びに上記四半期報告書及び有価証券報告書の作成を未だに行わず、長期に亘って、こうした同社の財政状態を同社の株主等市場関係者に対して何ら開示していない状態を継続しているものである。 ３．課徴金の額の計算 上記の違法行為に対し金融商品取引法に基づき納付を命じられる課徴金の額は、３，９９９万９，９９９円である。 金融商品取引法第１７２条の３第１項及び第２項の規定により、平成２２年２月第３四半期四半期報告書及び平成２２年５月期有価証券報告書に係る課徴金の額について、個別決定ごとの算出額は、 提出すべきであった同四半期報告書及び同有価証券報告書に係る事業年度の直前事業年度（平成２１年５月期）における監査報酬額に相当する額が40,000,000円 であることから、 同四半期報告書に係る課徴金の額は、40,000,000円の２分の１に相当する額である20,000,000円 同有価証券報告書に係る課徴金の額は、40,000,000円 となる。 ここで、これらの書類が同一の事業年度に係るものであることから、金融商品取引法第１８５条の７第４項の規定により、40,000,000円を個別決定ごとの算出額に基づき按分（同第２８項の規定により１円未満の端数切捨て）することとなり、 平成２２年２月第３四半期四半期報告書に係る課徴金の額は 13,333,333円 平成２２年５月期有価証券報告書に係る課徴金の額は 26,666,666円 となる。"
2010-11-19,株式会社ディー・ディー・エス,,株式会社ディー・ディー・エスに係る有価証券報告書等の虚偽記載に係る課徴金納付命令勧告について（平成22年11月19日）,https://www.fsa.go.jp/sesc/news/c_2010/2010/20101119-1.html,"平成２２年１１月１９日 証券取引等監視委員会 株式会社ディー・ディー・エスに係る有価証券報告書等の虚偽記載に係る課徴金納付命令勧告について １．勧告の内容 証券取引等監視委員会は、株式会社ディー・ディー・エスに係る有価証券報告書等の虚偽記載について検査した結果、下記のとおり法令違反の事実が認められたので、本日、内閣総理大臣及び金融庁長官に対して、金融庁設置法第２０条第１項の規定に基づき、課徴金納付命令を発出するよう勧告を行った。 ２．法令違反の事実関係 (1) 株式会社ディー・ディー・エスは、東海財務局長に対し、棚卸資産の架空計上等により、別添のとおり、平成２０年法律第６５号による改正前の金融商品取引法（以下「旧金融商品取引法」という。）第１７２条の２第１項及び金融商品取引法第１７２条の４第２項に規定する「重要な事項につき虚偽の記載がある」有価証券報告書等を提出したものである。 ［虚偽記載の概要］ （単位：百万円） 【平成20年12月期有価証券報告書】 虚偽記載額 認定金額 連結売上高 1,892 1,892 連結経常損益 ▲367 ▲366 連結当期純損益 ▲1,828 ▲1,889 連結純資産額 237 175 【平成21年3月第1四半期四半期報告書】 虚偽記載額 認定金額 連結売上高 100 100 連結経常損益 ▲156 ▲155 連結四半期純損益 ▲554 ▲553 連結純資産額 ▲215 ▲275 (2) 株式会社ディー・ディー・エスは、東海財務局長に対し、 平成２１年６月１０日、重要な事項につき虚偽の記載がある平成２０年１２月期有価証券報告書（別添番号欄１参照）及び平成２１年３月第１四半期四半期報告書（別添番号欄２参照）を組込情報とする有価証券届出書（普通株式）を提出し、同有価証券届出書に基づく募集により、平成２１年７月２４日、４０，６７６株の株式を４０６，７６０，０００円で取得させ 平成２１年６月１０日、重要な事項につき虚偽の記載がある平成２０年１２月期有価証券報告書（別添番号欄１参照）及び平成２１年３月第１四半期四半期報告書（別添番号欄２参照）を組込情報とする有価証券届出書（新株予約権証券）を提出し、同有価証券届出書に基づく募集により、平成２１年７月２４日、２，０００個の新株予約権証券を２００，０００，０００円（新株予約権の行使に際して払い込むべき金額を含む。）で取得させた。 同社が行った上記の行為は、金融商品取引法第１７２条の２第１項第１号に規定する「重要な事項につき虚偽の記載がある」発行開示書類に基づく募集により有価証券を取得させた行為に該当すると認められる。 ３．課徴金の額の計算 上記の違法行為に対し旧金融商品取引法及び金融商品取引法に基づき納付を命じられる課徴金の額は、３，３３０万円である。 (1) 旧金融商品取引法第１７２条の２第１項の規定により、平成２０年１２月期有価証券報告書に係る課徴金の額は、 当該法人が発行する算定基準有価証券の市場価額の総額に１０万分の３を乗じて得た額（173,378円） が 3,000,000円 を超えないことから、3,000,000円となる。 (2) 金融商品取引法第１７２条の４第２項の規定により、平成２１年３月第１四半期四半期報告書に係る課徴金の額は、 当該法人が発行する算定基準有価証券の市場価額の総額に１０万分の６を乗じて得た額（101,724円） が 6,000,000円 を超えないことから、6,000,000円の２分の１に相当する額である3,000,000円となる。 (3) 金融商品取引法第１７２条の２第１項第１号の規定により、重要な事項につき虚偽の記載がある発行開示書類に基づく募集により取得させた株券等の発行価額の総額の１００分の４．５に相当する額が課徴金の額となることから、 平成２１年６月１０日提出の有価証券届出書（普通株式）に係る課徴金の額は、 406,760,000円×4.5／100＝18,304,200円 について、金融商品取引法第１７６条第２項の規定により１万円未満を切り捨てて、18,300,000円 平成２１年６月１０日提出の有価証券届出書（新株予約権証券）に係る課徴金の額は、 200,000,000円×4.5／100＝9,000,000円 となる。 （別添）株式会社ディー・ディー・エスの有価証券報告書等の虚偽記載内容 番号 開示書類 虚偽記載 提出日 書類 会計期間 財務計算に 関する書類 内容（注） 事由 １ 平成21年 3月31日 第14期事業年度連結会計期間に係る有価証券報告書（平成20年12月期有価証券報告書） 平成20年1月1日～平成20年12月31日の連結会計期間 連結 損益計算書 連結当期純損益が▲1,889百万円であるところを▲1,828百万円と記載 ・棚卸資産の架空計上 等 連結 貸借対照表 連結純資産額が175百万円であるところを237百万円と記載 ２ 平成21年 5月15日 第15期事業年度第1四半期連結会計期間に係る四半期報告書（平成21年3月第1四半期四半期報告書） 平成21年1月1日～平成21年3月31日の第1四半期連結会計期間 連結 貸借対照表 連結純資産額が▲275百万円であるところを▲215百万円と記載 ・棚卸資産の架空計上 等 （注）金額は百万円未満切捨てである。また、▲は損益計算書では損失であることを、貸借対照表では債務超過であることを示す。"
2010-11-24,株式会社ローソンエンターメディア,,株式会社ローソンエンターメディアに係る有価証券報告書等の虚偽記載に係る課徴金納付命令勧告について（平成22年11月24日）,https://www.fsa.go.jp/sesc/news/c_2010/2010/20101124-1.html,"平成２２年１１月２４日 証券取引等監視委員会 株式会社ローソンエンターメディアに係る有価証券報告書等の虚偽記載に係る課徴金納付命令勧告について １．勧告の内容 証券取引等監視委員会は、株式会社ローソンエンターメディアに係る有価証券報告書等の虚偽記載について検査した結果、下記のとおり法令違反の事実が認められたので、本日、内閣総理大臣及び金融庁長官に対して、金融庁設置法第２０条第１項の規定に基づき、課徴金納付命令を発出するよう勧告を行った。 ２．法令違反の事実関係 株式会社ローソンエンターメディアは、関東財務局長に対し、貸倒引当金の過少計上により、別添のとおり、平成２０年法律第６５号による改正前の金融商品取引法（以下「旧金融商品取引法」という。）第１７２条の２第１項及び金融商品取引法第１７２条の４第２項に規定する「重要な事項につき虚偽の記載がある」有価証券報告書等を提出したものである。 ［虚偽記載の概要］ （単位：百万円） 【平成21年2月期有価証券報告書】 虚偽記載額 認定金額 売上高 7,620 7,620 経常損益 840 840 当期純損益 550 ▲1,444 純資産額 6,432 4,420 【平成21年5月第1四半期四半期報告書】 虚偽記載額 認定金額 売上高 2,484 2,484 経常損益 435 435 四半期純損益 826 652 純資産額 7,220 5,051 【平成21年8月第2四半期四半期報告書】 虚偽記載額 認定金額 売上高 5,148 5,148 経常損益 727 727 四半期純損益 967 776 純資産額 7,344 5,158 【平成21年11月第3四半期四半期報告書】 虚偽記載額 認定金額 売上高 7,712 7,712 経常損益 1,035 1,035 四半期純損益 1,143 ▲3,112 純資産額 7,326 1,074 ３．課徴金の額の計算 上記の違法行為に対し旧金融商品取引法及び金融商品取引法に基づき納付を命じられる課徴金の額は、８００万円である。 (1) 旧金融商品取引法第１７２条の２第１項の規定により、平成２１年２月期有価証券報告書に係る課徴金の額は、 当該法人が発行する算定基準有価証券の市場価額の総額に１０万分の３を乗じて得た額（201,755円） が 3,000,000円 を超えないことから、3,000,000円となる。 (2) 金融商品取引法第１７２条の４第２項の規定により、平成２１年５月第１四半期四半期報告書、平成２１年８月第２四半期四半期報告書及び平成２１年１１月第３四半期四半期報告書に係る課徴金の額について、個別決定ごとの算出額は、 当該法人が発行する算定基準有価証券の市場価額の総額に１０万分の６を乗じて得た額 （平成２１年５月第１四半期四半期報告書　　314,817円 平成２１年８月第２四半期四半期報告書　　493,818円 平成２１年１１月第３四半期四半期報告書　484,037円） が 6,000,000円 を超えないことから、 平成２１年５月第１四半期四半期報告書については、3,000,000円 平成２１年８月第２四半期四半期報告書については、3,000,000円 平成２１年１１月第３四半期四半期報告書については、3,000,000円 となる。 ここで、これらの書類が同一の事業年度に係るものであることから、金融商品取引法第１８５条の７第６項の規定により、下記のとおり６００万円を個別決定ごとの算出額に基づき按分し、平成２１年１１月第３四半期四半期報告書については、金融商品取引法第２６条の規定による検査が行われる前に、課徴金の減額に係る報告がされていることから、金融商品取引法第１８５条の７第１２項の規定により、按分後の金額に１００分の５０を乗じて得た額が課徴金の額となる。 平成２１年５月第１四半期四半期報告書に係る課徴金の額は 2,000,000円 平成２１年８月第２四半期四半期報告書に係る課徴金の額は 2,000,000円 平成２１年１１月第３四半期四半期報告書に係る課徴金の額は 1,000,000円 （別添）株式会社ローソンエンターメディアの有価証券報告書等の虚偽記載内容 番号 開示書類 虚偽記載 提出日 書類 会計期間 財務計算に 関する書類 内容（注） 事由 １ 平成21年 5月21日 第17期事業年度会計期間に係る有価証券報告書（平成21年2月期有価証券報告書） 平成20年3月1日～平成21年2月28日の会計期間 損益計算書 当期純損益が▲1,444百万円であるところを550百万円と記載 ・貸倒引当金の過少計上 貸借対照表 純資産額が4,420百万円であるところを6,432百万円と記載 ２ 平成21年 7月10日 第18期事業年度第1四半期会計期間に係る四半期報告書（平成21年5月第1四半期四半期報告書） 平成21年3月1日～平成21年5月31日の第1四半期会計期間 四半期 貸借対照表 純資産額が5,051百万円であるところを7,220百万円と記載 ・貸倒引当金の過少計上 ３ 平成21年 10月14日 第18期事業年度第2四半期会計期間に係る四半期報告書（平成21年8月第2四半期四半期報告書） 平成21年6月1日～平成21年8月31日の第2四半期会計期間 四半期 貸借対照表 純資産額が5,158百万円であるところを7,344百万円と記載 ・貸倒引当金の過少計上 ４ 平成22年 1月14日 第18期事業年度第3四半期会計期間に係る四半期報告書（平成21年11月第3四半期四半期報告書） 平成21年3月1日～平成21年11月30日の第3四半期累計期間 四半期 損益計算書 四半期純損益が▲3,112百万円であるところを1,143百万円と記載 ・貸倒引当金の過少計上 平成21年9月1日～平成21年11月30日の第3四半期会計期間 四半期 貸借対照表 純資産額が1,074百万円であるところを7,326百万円と記載 （注）金額は百万円未満切捨てである。また、▲は損益計算書では損失であることを示す。"
2010-11-10,,,「証券検査に関する基本方針」の一部改正について（平成22年11月10日）,https://www.fsa.go.jp/sesc/news/c_2010/2010/20101110-1.html,平成２２年１１月１０日 証券取引等監視委員会 「証券検査に関する基本指針」の一部改正について １．証券取引等監視委員会では、透明性の高い効率的かつ効果的な検査を実施するとの観点から、検査の手続等を記載した「証券検査に関する基本指針」（以下「基本指針」という。）を策定し、公表しています。 ２．今般、別添のとおり、予告検査における検査基準日について改正を行います。 ３．改正後の基本指針は、平成22年11月10日以降に予告を行う検査から適用します。 （別添） 証券検査に関する基本指針（新旧対照表）(PDF:78KB)
2010-10-19,,,事業型ファンドにおける分別管理に係る販売規制についての建議（平成22年10月19日）,https://www.fsa.go.jp/sesc/news/c_2010/2010/20101019-1.html,平成２２年１０月１９日 証券取引等監視委員会 金融庁設置法第21条の規定に基づく建議について 証券取引等監視委員会は、金融庁設置法第21条の規定に基づき、本日、金融庁長官に対して、下記のとおり建議を行った。 記 事業型ファンドにおける分別管理に係る販売規制について 集団投資スキーム（以下「ファンド」という。）の出資持分の販売を行う業者（以下「販売業者」という。）に対する集中的な検査において、出資又は拠出を受けた金銭(以下「出資金」という。)を主として有価証券又はデリバティブ取引に対する投資以外の事業に投資するファンド（以下「事業型ファンド」という。）について、 (1) 出資金とファンドの運用業者の固有財産を同一の口座で混在させているもの、 (2) 出資金をファンドの運用業者の運転資金等に流用するもの、 など、ファンドの運用業者において分別管理を適切に行っていないにもかかわらず、販売業者がファンドの出資持分の販売・勧誘を行っている状況が多く認められた。その中には、出資金の流用により投資者に被害が生じている事例も認められている。 また、このような状況の下においては、投資者に対して、重要な投資判断材料であるファンドの運用業者の具体的な分別管理の内容について、十分な情報提供がなされていない。 したがって、こうした状況に鑑みれば、事業型ファンドに係る投資者保護の一層の徹底を図るため、出資金の分別管理の徹底及び投資者に対する重要な投資判断材料の提供の観点から、事業型ファンド販売の契約締結前交付書面における分別管理に関する記載事項を拡充する必要がある。
2010-11-16,,,東陽監査法人に所属する公認会計士による内部者取引に対する課徴金納付命令の勧告について（平成22年11月16日）,https://www.fsa.go.jp/sesc/news/c_2010/2010/20101116-1.html,"平成２２年１１月１６日 証券取引等監視委員会 東陽監査法人に所属する公認会計士による内部者取引に対する課徴金納付命令の勧告について １．勧告の内容 証券取引等監視委員会は、東陽監査法人に所属する公認会計士による内部者取引について検査した結果、下記のとおり法令違反の事実が認められたので、本日、内閣総理大臣及び金融庁長官に対して、金融庁設置法第２０条第１項の規定に基づき、課徴金納付命令を発出するよう勧告を行った。 ２．法令違反の事実関係 課徴金納付命令対象者は、東陽監査法人に所属する公認会計士であったが、株式会社幸進（以下「幸進」という。）の設立業務に従事していた者が職務に関し知り、その後、同者から、東陽監査法人に所属する課徴金納付命令対象者とは別の公認会計士が職務上伝達を受けた、幸進が株式会社リオチェーンホールディングス（以下「リオチェーンＨＤ」という。）の株式の公開買付けを行うことを決定した事実を、その職務に関し知りながら、この事実が公表された平成２１年７月２８日より前の同月６日から同月９日までの間に、自己の計算において、リオチェーンＨＤの株式合計１万２１００株を買付価額４５８万９７００円で買い付けたものである。 課徴金納付命令対象者が行った上記の行為は、金融商品取引法第１７５条第２項に規定する「第１６７条第１項又は第３項の規定に違反して、同条第１項に規定する特定株券等若しくは関連株券等に係る買付け等又は同項に規定する株券等に係る売付け等をした」行為に該当すると認められる。 ３．課徴金の額の計算 上記の違法行為に対し、金融商品取引法に基づき納付を命じられる課徴金の額は、１１８万円である。 計算方法の詳細については、別紙のとおり。 （別紙） ○　課徴金の額の計算方法について 金融商品取引法第１７５条第２項に基づき、課徴金の額は、 （公開買付けの実施に関する事実が公表された後２週間における最も高い価格）×（買付株数） － （買付価格）×（買付株数） となる。 したがって、公開買付けの実施に関する事実の公表後２週間におけるリオチェーンＨＤの最も高い株価は、平成２１年７月２９日の４７７円であることから、課徴金の額は下記の金額となる。 （４７７円×１２，１００株） － 買付価額４，５８９，７００円（注）＝１，１８２，０００円 ⇒課徴金の額は１万円未満を切り捨てるため、 １１８万円 （注）買付価額は、 ┌ │ │ │ │ │ │ │ │ └ 372円×2,000株 373円× 100株 ┐ │ │ │ │ │ │ │ │ ┘ の合計額である。 376円×2,700株 377円× 100株 379円× 100株 380円×2,300株 383円×2,100株 384円× 200株 385円×2,500株"
2010-10-22,株式会社アルファクス・フード・システム,,株式会社アルファクス・フード・システム役員からの情報受領者による内部者取引に対する課徴金納付命令の勧告について（平成22年10月22日）,https://www.fsa.go.jp/sesc/news/c_2010/2010/20101022-1.html,"平成２２年１０月２２日 証券取引等監視委員会 株式会社アルファクス・フード・システム役員からの情報受領者による内部者取引に対する課徴金納付命令の勧告について １．勧告の内容 証券取引等監視委員会は、株式会社アルファクス・フード・システム役員からの情報受領者による内部者取引について検査した結果、下記のとおり法令違反の事実が認められたので、本日、内閣総理大臣及び金融庁長官に対して、金融庁設置法第２０条第１項の規定に基づき、課徴金納付命令を発出するよう勧告を行った。 ２．法令違反の事実関係 課徴金納付命令対象者は、株式会社アルファクス・フード・システム（以下「アルファクスフード」という。）の役員から、同人がその職務に関し知った、アルファクスフードが自己の株式の取得を行うことを決定した事実の伝達を受けながら、この事実が公表された平成２１年８月２４日午後４時３０分ころより前の同年７月２２日午後２時３６分ころから同年８月２４日午後３時２分ころまでの間に、当該課徴金納付命令対象者の親族の計算において、アルファクスフードの株式合計８４株を買付価額５８８万７６００円で買い付けたものである。 課徴金納付命令対象者が行った上記の行為は、金融商品取引法第１７５条第１０項の規定により、同条第１項に規定する「第１６６条・・・第３項の規定に違反して、同条第１項に規定する売買等をした」行為に該当すると認められる。 ３．課徴金の額の計算 上記の違法行為に対し、金融商品取引法に基づき納付を命じられる課徴金の額は、７３万円である。 計算方法の詳細については、別紙のとおり。 アルファクスフード事案の特色（平成22年11月17日） （別紙） ○　課徴金の額の計算方法について 金融商品取引法第１７５条第１項に基づき、課徴金の額は、 （重要事実が公表された後２週間における最も高い価格）×（買付株数） －（買付価格）×（買付株数） となる。 したがって、重要事実の公表後２週間におけるアルファクスフードの最も高い株価は、平成２１年８月３１日の７８，８００円であることから、課徴金の額は下記の金額となる。 （７８，８００円×８４株） －買付価額５，８８７，６００円（注）＝７３１，６００円 ⇒課徴金の額は１万円未満を切り捨てるため、 ７３万円 （注）買付価額は、 ┌ │ │ │ │ │ │ │ │ │ │ │ │ │ │ │ │ │ │ │ │ └ 68,000円×10株 68,500円× 4株 ┐ │ │ │ │ │ │ │ │ │ │ │ │ │ │ │ │ │ │ │ │ ┘ の合計額である。 68,700円× 4株 68,800円× 1株 68,900円× 8株 69,000円× 6株 69,200円× 1株 69,300円× 1株 69,500円× 9株 69,600円× 1株 69,700円× 1株 69,900円× 8株 70,000円×10株 70,200円× 1株 70,700円× 2株 70,800円× 1株 71,000円× 1株 71,700円× 1株 71,900円× 1株 72,000円× 1株 72,800円× 1株 73,000円× 1株 73,900円× 1株 74,000円× 4株 74,900円× 1株 75,000円× 2株 76,300円× 1株 76,400円× 1株"
ファンド販売業者に対する検査結果について（平成22年10月19日）,,,ファンド販売業者に対する検査結果について（平成22年10月19日）,https://www.fsa.go.jp/sesc/news/c_2010/2010/20101019.pdf,"%PDF-1.4%����67 0 obj <>endobj              xref67 290000000016 00000 n0000001292 00000 n0000001372 00000 n0000001557 00000 n0000001699 00000 n0000002102 00000 n0000002257 00000 n0000002388 00000 n0000002513 00000 n0000002547 00000 n0000002783 00000 n0000003015 00000 n0000006336 00000 n0000006412 00000 n0000006981 00000 n0000007575 00000 n0000008103 00000 n0000008632 00000 n0000009180 00000 n0000009736 00000 n0000010308 00000 n0000010705 00000 n0000013374 00000 n0000018658 00000 n0000149784 00000 n0000150081 00000 n0000150399 00000 n0000150615 00000 n0000000876 00000 ntrailer<<7F0761B171447946BF41BD8CC2BA5C91>]>>startxref0%%EOF            95 0 obj<>streamx�b```�=��VB ce`a�؁$8a��[�U�|\��2\:�������x�!�A�;���e�E'�E�C�( 0<Ҹ�5�et�$aV�q������mv�X�:�G��V��]�3�r�7W;�}�1�B�L�n�K1���ԭ��%�YL0����1�5��������Z�Lub@FG�	��@""(�%0�h���E�i) �ǎ0�U�`=�P� ���(v����l�&q���{�������fUX���""�(à��}�E%��A�A ���6�� ә�������@��������endstreamendobj68 0 obj<>endobj69 0 obj<>endobj70 0 obj<>/Font<>/ProcSet[/PDF/Text]/ExtGState<>>>endobj71 0 obj<>endobj72 0 obj<>endobj73 0 obj<>endobj74 0 obj<>endobj75 0 obj[/ICCBased 88 0 R]endobj76 0 obj<>endobj77 0 obj<>endobj78 0 obj<>streamH�|�I�]�F��o٦���BpG,�ܲ�w�+�RQ�^��;������7U��1eddܧ���������/�ߎ_�����|����~}=�mo��<߬��_�������ܞ��_~|k_?>_�n�߿{�k~{�q�����?|�~��)�l~w{����^�<���)������˯//�l_�����>|���z�4�q{����ݞ�{�d�~�����Óog����u{��n�1����o��k�����Yc�o��l�����g>��Z���JVTDQ�D��~�9kӝ�y��ℬ�t��'*� �DIt�*�WR�����i��R��x��fh��=B�t���{i����Zt:O&�pv�!�{4""/�""��x�}i�s���f�d����BQ��A�o�d��U2���2�Y���Y�.Y_�H:�~E��hW���""[}I�'��PXE���(��H�~�Y���YZ�t����A�0�ݣ&h�EZ$;����ㄜb �h��i2��r�����4��I�E��ˉ�h��V�]D��͈da�V��i原6SK硕Y~T���م�k��V �X�Q�3�{މf<�?�*ف/c$v�kۉ�#��A�E���������Щ���U�%��@��E2��8�D�L�n�~�`DI$���qJD��Km�ED��1�b��g��ɊV��,�!#�����E��h��ZJV2UOr�\�*b�jђT׫�ܓjW��M�.k�ϔѹf+�Dd0���""��k��M� :Eڧ�c����D���d�d܇N����d�/�%���f!K&2:��""N�P�Yζ$1�tº�)�,c�1�B�=�����(9�Y8���+��h_K""�+�9""�Vt��#�J'?p�5J����$���i%�4y�j��S0��J�L�k%s[���CK���'���""�""y�و6�%�+D�eN/Vi�w��l�B��(-�����ި��y�;ɂn�ɗE1�>�!��DKr�r�""�Ј=�E`w�}	ٮ�5����;ie�ߩ��hc_VO�y';I��H��N�UV���dU��gV'�t�2s�=<�(�{�d�x�DT����ۛ�Ev�⤚f�P�u��Ĝ=�d""I�	ݞ���r*'�-N�˟��T=�*�y#�Z��Q�vtN��Mw�џ��ԤSi�S���'�9�e���:\{Sx'�;���rҩI�rU�����dh� -��K}a��˟f&t{|����Ť��g�|.F:�)�쒌o1g�*MK1""�ꃴ����1�[�����7c��e+��Y7��~'GD٥*�P%��}���yޘ�yC;�c��Hv��=Gj�S�����s�-t�r�U���7�ܿN���/.8��[����h7'���ؗ�;U^G�%'���o����\F��fG��G�����̙7�E�D�I��r�G����Cl���?hA���Kt��D/�jD^4��0(V�{.��0IFU����""�J�2�4��*�;:��ye&� �,��-C��׽~��^���l��>���z~q�֓N^B�^�>K��t{�e��J,E���������������D�䋾�)��E�r]X(L��|��Q��eVt;��uEA��*D��t�(k� �Y:�����RQ��`�yQ��b��� ��˳���I����,D;I_J����0��h��h�N��h��g���\���a ��)�&��7�����Aքnw���|��Yt��E� ��7<���z1��e�Y�-E�hǖ�o��̣.�b�^	�ZW�2я���#O�m��u]�ʄB�+g�H����a�}��A+�k���C#�}�S���B��MqT\v���1�ı�\�Ct�ma9�dK�����	�g�n�8��y����|��� ����&D�9��m�y/)��5�� �js�.�7�� ��F>4�9*�|$�E�ø�#�F&��T""#E�ͫ���&�IHG�C���-��-&�24ܒRF������-��[c텖�e}�Č�5���.QI�-���<��/\Ŗ!�P�+��7�L���<�*Op�N{[��V�Ru�+��$�C�;�u�3TWh�:{i�hq��Y_Sf�B囪4#�C�Ll�r����!��;�1_/�4{��2��E)�����퟾8�F�͜��sl��P��5$aP��)|�ȨpD�/�wyIU��42M52i�T0 ��x�J��o�ꛇVtj$O�y��<�ҥz^*ݣv��J~�H�$3] U:tB6 >x��kw��~�TI(>��i�@h�<�_��sGWx����;+��d;�Ry5�f�D�g&� 3�7�y�͌��a�t=���3s�� ��*23ꒂ'�����,��ʫO5��ᮑ;�K���E�g�#�6V���̨RZ���732K���3$�����!����z��͌��¶Ɣ����zV�[kF��8f���3�/<��ƙA�E���y'N�w.���w3j��v�u3{)§��S�K�hr���I��N�)Ph��CУg�E$�p0o�YW��p�Zn"",��8P��؁�ҧ����e�\��A#=��y~�L��_����{~��o������{���_�����v��}����oo�����:�����͢�ߧ?�(Mmendstreamendobj79 0 obj<>endobj80 0 obj<>streamH��R=��@��+�L�J�i����f�[�c;p�����h���	��-���7:=]���U_���ud�ts�h�3�O�S2$l�7�,8���N�[4�����_U���rU""T���S�������;�H�#��!�a�Y(��[�W���D�hS4��&Z	�to���eSy9W�g�^Xgޕ�y��W�Kߗ$3Hr Shk�����H2�L��0���^�3�I0�H	#�X�����*���{>��l�=L�X����lT٫?�5O���Np0�A��	-ǻ�oU0q�`+�e25ZH}-�JT�0��Рxjk�`QY�ԪC�PJ�CƷP^nK�I=y��}X��emHŗޥ�V�+2�=��Vu���`�f�)����БG ��Nww����[�����x���d��u,n��$0]5;ÎZ�d\>tmrY""==(nq����ys��7��sTDd]\iQ�c�%.���������xendstreamendobj81 0 obj<>streamH�tT���0��+�`�/��p�����,��%�/�ɥlQ�p���v�H���������v������ �e�g����CIhB�Fvzx�����ϳg�BG�]#F�ؙ7�P�A	�""`ƹ?�	�͗�B9~>�n�������Fz �b6@���`<�""�/]郐�S��v������D~��i���t�szQK�X��ɑ���2��T��n�]�t�~WK�\k��v����y�~�	�gsV'���Ҟ<���[��.�?���L��OVR����D�l���CҋzYU����g;޿���SJ�������Z��/3�=�*MY��;E�N��l�@�csw�������is�Q����0�s��cm�ޑ�C�):|	&e���*�(7^3{~s�Xt���t8�L�>�S���oa���@e�ɭ}F6�5�xY���Q���b8�u�/<���pn�����2����������>�endstreamendobj82 0 obj<>streamH��S�n�0��+���,|(Z�Y� ��W:�%��~I��`�G�dr8�!]'����WNgn���2����G�`�NgX:Y�I�ِ'ܒOү �-�\}S0��M�!���V���I[g#��s}����!A�(��L�d�2X������=�eH�U�|!#{>l/P�6��0gO�ad�)�΢&oa�>�c?��+kѯE}�Q�����MU��)�g��4D��jl}�mh�ևZ�>� 1�0���dsH��<8���JiL$ ��t��@�4���Ug[X#dY�E(����ѹ!�h�P|Is�+>���O��B>(ɔ��t	%�ckUE��P�zYg��3Ҫ��b��\�H��;2n-.��W̺��~&�!���s�Q��jXz������*+��n��b�n�)�w�(/�-���2&���	�IV\�sn�e�Y��_����endstreamendobj83 0 obj<>streamH��S;��0�s�\`R)Rm5u���%��K�of�V6EJz?=>/��g�ڗ\�ǯ��������y�En������U����(АzE�x��ra�A�A�2��)hӨ	�=P���Z+�x��h�Q韱�s��;A��hUFE)7C��@�>�v��F���	���s��9۹���+q��᰾P�[�=����	gی����!}�`��S�y�4-��:��ç<:�������6��E��]���A� м�I9�֧GvR�\�V�t���p\����MΧ�""�cDq�ԟ3k+3H�3�x��.��4R�q�y.WCNC�z����*�""S�C�~l���x���, �^^��4�V�����W{��e�6�G-F������.6G|<���E4ŧ#����k�e��׶��}�oT}���)Zⴾ��$���Y��s��q��u�#�����endstreamendobj84 0 obj<>streamH�t�=�� ����]�!�1R�j��Ӎ�����$��VSD��������cy�c�������������bz<��)��O�(41h��v�3��m�V�J:}B��2|A2���cj�Q��~ҺEsZ�s#VW����fFK�R�H��u���YL#�����w)`���\)��o��@C5aTC�-ʰ�f''ƫ7_F$�U����� �c/�ʕľv�U��;[�j��Q��T�&ɞ�Q�x�3�Y��T�E��'�^�(�q�)��x�z�W����fau{2�K�I��_�G��]d�� �s���#�.m�}���	��V�5X~�$�uT���1Å��Z�������K03t�_����2ts��ε*!����Xw���oC]��'�L6�w-f��X:ΫE{���������S��Ϸf�x�a�C�7�3�J�����K��3���bO��O��75��endstreamendobj85 0 obj<>streamH�tS���0�����K���U��W�RH�\��oCJ�[��%�CΌ��}���iq����""�?7�yY)f��a���O���V,�4�sz67:5��p��3y[��B�^w4�ʆ�ۯ�}�0'DFO_uR�P�������������ɑ(�G������8h�p�3�u������E�-ƹ���/ �Pބ�	V�kJ�����4�)f/=�d��""/�U�	%��h%�/��Qz�����Т{�A�i~{u`�ݩ��6�нR�`�o�a�o57��FZ�oVrH3���@U͉A�)EuH����T��a�G.��ظҙ*f.Р��F� ����D<�U��V;4Ԩ�jM���t�P���؜{-8�B��Z�%��um��3��ڮ������h�e0�OS��Ш�P?�0���熮�1���g�;��I���{�t""�U��b%�����DN����	r�<\�jendstreamendobj86 0 obj<>streamH��SM��0��W�\x�$[�!��K���=�_�B/�����cK�%ˉ%͌G�J�����1���֘H�5T8�׸�d�-He��,AA����=�VI��o��:Gha�5k�'<��̴�Y���i!��kѳAk��?�-��B�k C�Wv�����мե-_�q�Q�}FM�5j�U�9~.����3����%V�-��'r%b�����hFU:�V��\�|l�q���T\�j(#<[�*�������m�]�a9G^�ѿ!B%���CT\|`yܾ:""v����	�����#�m���|��Y?[B�Z�����m�IA�37\y�Y`2�����y����:M�4���;�f,=��~|K��u,c[(Y�����&Nݞ!�+٭�~����f��A�S�4��F���U5�Ǯ�4���<̅��D�.��7����>&w/Y�T�~�ٺ�8e�����@�	�7i��';�K��@�endstreamendobj87 0 obj<>streamH�tR9n�0���삇%Q��.MjwAd��? ����C�HQ3��io��dF� )��  �=���@�fYnX�����k#j��6km�G��O*�����<�o��A+��eƸB�u��Ձ�l���m�ì��U��ye�H�3+��=N���f��CAc���*`�(U�=W�+I���~����T�a��k��V)T������Cc0t����0P4b.?M,%�ALp%��w��v2�~�%����Ե���w$Q온H�B�\������uJ�k���ǘ��M�_�%#�	�xjziI����p""�����~{�`�]��&endstreamendobj88 0 obj<>streamH���yTSw�oɞ����c[���5la�QIBH�ADED���2�mtFOE�.�c��}���0��8�׎�8G�Ng�����9�w���߽�����'����0��֠�J��b�	� �2y�.-;!���K�Z�	���^�i�""L��0���-���@8(��r�;q��7�L��y��&�Q��q�4�j���|�9���V��)g�B�0�i�W��8#�8wթ��8_�٥ʨQ����Q�j@�&�A)/��g�>'K����t�;\��ӥ$պF�ZUn����(4T�%)뫔�0C&�����Z��i���8��bx��E���B�;�����P���ӓ̹�A�om?�W=�x������-������[����0����}��y)7ta�����>j���T�7���@���tܛ�`q�2��ʀ��&���6�Z�L�Ą?�_��yxg)˔z���çL�U���*�u�Sk�Se�O4?׸�c����.�������R�߁��-��2�5������	��S�>ӣV����d�`r��n~��Y�&�+`��;�A4�� ���A9��=�-�t��l�`;��~p����	�Gp|	��[`L��`<� ""A�YA�+��Cb(��R�,��*�T�2B-��ꇆ��n���Q�t�}MA�0�al������S�x	��k�&�^���>�0|>_�'��,�G!""F$H:R��!z��F�Qd?r9�\A&�G���rQ��h������E��]�a�4z�Bg�����E#H	�*B=��0H�I��p�p�0MxJ$�D1��D, V���ĭ����KĻ�Y�dE�""E��I2���E�B�G��t�4MzN�����r!YK� ���?%_&�#���(��0J:EAi��Q�(�()ӔWT6U@���P+���!�~��m���D�e�Դ�!��h�Ӧh/��']B/����ҏӿ�?a0n�hF!��X���8����܌k�c&5S�����6�l��Ia�2c�K�M�A�!�E�#��ƒ�d�V��(�k��e���l����}�}�C�q�9N'��)�].�u�J�r���w�G�	xR^���[�oƜch�g�`>b���$���*~� �:����E���b��~���,m,�-��ݖ,�Y��¬�*�6X�[ݱF�=�3�뭷Y��~dó	���t���i�z�f�6�~`{�v���.�Ng����#{�}�}��������j������c1X6���fm���;'_9	�r�:�8�q�:��˜�O:ϸ8������u��Jq���nv=���M����m����R 4	�n�3ܣ�k�Gݯz=��[=��=�<�=GTB(�/�S�,]6*�-���W:#��7�*���e��^YDY�}U�j��AyT�`�#�D=���""�b{ų���+�ʯ:�!kJ4G�m��t�}uC�%���K7YV��fF���Y�.�=b��?S��ƕƩ�Ⱥ����y���چ���k�5%4��m�7�lqlio�Z�lG+�Z�z�͹��mzy��]�����?u�u�w|�""űN���wW&���e֥ﺱ*|����j��5k��yݭ���ǯg��^y�kEk�����l�D_p߶������7Dm����o꿻1m��l�{��Mś�n�L�l�<9��O��[����$�����h�՛B��������d�Ҟ@��������i�ءG���&����v��V�ǥ8��������n��R�ĩ7�������u��\�ЭD���-��������u��`�ֲK�³8���%�������y��h��Y�ѹJ�º;���.���!�����������z���p���g���_���X���Q���K���F���Aǿ�=ȼ�:ɹ�8ʷ�6˶�5̵�5͵�6ζ�7ϸ�9к�<Ѿ�?���D���I���N���U���\���d���l���v��ۀ�܊�ݖ�ޢ�)߯�6��D���S���c���s��������2��F���[���p������(��@���X���r������4���P���m��������8���W���w����)���K���m�������endstreamendobj89 0 obj<>streamH�|VtT�����&��������#$!��~����&��AJg�'&��Ն�/�U,B�Wbo5T]�e]֥���D�jX~�1��M�����=�s�=��s_�D4A���Yy��զiӸ:��6R�R}�Y�q��Ư':F�_�}@u��W�]�'���z`���ϛ6����͌�������ByT���_���^S۰�gS(�""�XZWN�s�uצ6��>�Q�S�_J{��Hm�[/����S ���P\�E�����	L�=X����A8�5S��5ab6~�Cx��� ^$a!�PM�{��߄�x[K@�""w��8�/D�X��C!��m%�ƻ�I+?��k�*�'GϞ�%X���u�$.keN�����t�J�S0�؇Wp��wW�.rŇ�P�N���y��a4Υ�1��?Ϳ�q@�!��9V��{��N���y!�Q�3�0Va5Z�{��>�1��1\�-jD��B?�@9T����0ժ^Rg����u""�'��� �1�������u��^F���i��)��""�""v����\������JUk�fu@+�#߾Ӿ����W�^��E����1wrLBIl�2'eD�}�����!V�:X؊���ʴb?�kx�E\a>�D��]����b�X',�$#9�}""�H%{ʾ2�c���rY'7�mr��e�������J맥h�6\�_[�=������%�j}���38n�?����������b�3���<�lp�1[��R�pt#�T�O:{3�P���فS0�c�`>*Q�� +�����0~B����c،-؅�D�4{t?^�V�U������9.�>�U|k'D""3��L��,�b�� f�9b�X��ԉe�9Z�6��g�h/����qV|,���2M����d闳8��^������U�������9���T������^���:��R�j�zh��U�e�]���'����	������~�3���q�n)��e���[V����R����b�/|2K\�F����ӒQ����b'3s�w��H�#����>���՞�Ȏ[�wg��C�8�k��LΓ�r���X5\�.���R绥h�4�W���2���co���gP0&��{F�=��;���drGVfF�9�g�}�����)��&���+���Ą�ݻ�ytMI���Y6�̰�e�S�溲�B䦅�mp��V��̌[-hY���7,���q�9F�4��~�h�ʃ�7�͐a_���c��)�|�aRj��-�F�.j��a?�E{���U�9��� ۃ�]d�GE�cdQ ?*�-�Q�%�?`�~7[e""���`����rslQXiV�0'�=�c&(�c{���1�""��h�q��͋�pv�Bsad~�V��{FR�=���S�����&Zg��m��GP�4E�����{Z������ӔHYd��e�7�]����>�7��ܜҙA�6-�cf0��NEJ�t�\���̀�^l����f��8�b�Z6f��=�ZRp���%Ú4}��43����5s����VMnNԛԑ��m=;��ě���3w9Fݕj�Fd�El��`$AӖ�ݟ�Ѱ*GӌOH0�������w�gxM��l��g��D:W<�/�n��h9�x;;�:�픸B���M��#ss�R��kإLʂ���c�}>���m��`7�;diϣ /;d˰�9ޥI��j��47��M��a��l�v��=�}{j�m�����:��>#��VY03b5�e���KSīhYE�Qd��H��Ta^ӊ��Z��p�6�xs�]��L�}wG6�ޅA�&C�LS�Jg����F�w�setLr_��4�����f���ϻ���G��t.�1���/���Ӗ;����y� �\?�6�\�����9�#��|�q^���b�5�%�&c}�<��q0��ͦ\G��s���㱖r>u�����`�{���q�k��q�ss���9�u�:1x�xm+���y��6u_q����q�4@HZ�!0�x,(�Yr	�ѹ#.����C#�p�F�oR�����mB��bP1��!�Hд�!ҩdC���uB�(�4��{��,ll�>���{��;�sε��^��H[0/""���v�O9K�p=S�o��[���cn�>'����,����""�5j��|�6c�W�+�eq�t<�w�����={{b��6=�c#�{�>��`�m�a��h�<�Ĺ$�o�U�""�ö:�kΦ�1�g6_�_R���G`�*�4���P���c���&�'}�mg�""ib�8�����kV���{و��v�a+�����ϨH�6<��Y$�s�|��A�R�El�o���( ^�ʰ�x����k���Ε����E�?7�D�!&�Üe<�>�=��G�� ��9#f�e���9��� �;g`���E?��c�c��c�a�""'vyki�d|6wvb���T�/~��#/o8v�Vom�1�O�8�������S'g�+l����S�4����\�|`�Ǻ*����cO�?�b?�s�r���g�s�S'����&��4Jhe�=PRL>�3�I_U~}��*	�y��O����?>���������MN\W�����G�~YlW�Q�������[����t%|6��g�������;�'5�댧|nR������]Wi�B�G\�&)?t#�_���C�~����>�ߣ�k)�3/�}8����z����πoW��~���J����]���6�N�&�~��~�����1��m���j��}����<��?��}�m�E�5�X�|�G+�`�w .�R��	-��&���B�µ�E��#�˭h��k�3����:[��︵TՐ���O������I�v�\5_x���������m4�����,�����8OS�۔�g�]��1Cnl8�:���K��Hm�l��<�����`�4��W֏���_�]þ�5R5�J;�1ϒj`m���|��w�Ө�����;����N��b_oR����?K�`��p�FLb�����~�w%����!-��~�;؋��O�ܧB-��u�>̮��;��+������X'�c�y��g<�MB�TSB�#Y^�V/�5�^,�{e��8�\�H���;p	�G�~�.H���B�ǆo�Ǥ=.���:����2������Ҡz����r��[�aO�ց�f��.�WRH#��U�z��.�|�����*@�X��ڳ8�R�k���\�^���u��f|�c�ڠ�Vc�A?3��L�b~���[DO��7�E�������<��d�H��@%K��-z짤w���	P��~�&Ǫ���m�o�5�����x;���z{��>^�T��o�����:�@���C ,`Ul�s1~;ϩ�o��y�R*q��)p\w�A�+	u|)�h��X�*�@�ׁ6Қ� :G��+���9���M�u���.�+֥Qe�2\iUڕ�J���X��Յ��uV�]�Ө*T����*{(V����C֐=$[yV�γ�yA��ef�YJ�J�R��f�n��]��v�R��v�j�ۥT �5}�_Ԃz�V�+�E�V�ǵ�n��V�j�R��+�j�Ңv(j����j8P�Z����X�^MZԆ�>5�PӁjg�W�.�}�k�@���vA�@��ˑq�c{E�[\?�b&�+���W.��kW~��WֹR�J�+����J�+])v�ȕ���}�7�Wp�7�'��g�I���@+�h��v���F�T;���������=z|��W���Kw�Z���G�4��z�zz��ޢ�7���c�6&OEF�1�(0򍐑g�9�ah�bHrLd���Rtu��f��Pts8�`uI��yi]F-)��(Eהf�F���2s""ь[_}R�7j2ҫ݂�Tw�	|�Z��_R}uhN��b��ֽ554.��p�JDc�� ��@7?��o�h��FS��ҟ�i��P�����^O iPy͒��/�s`r�xRM��P�""�����($��?R��-)��wM_<}1w��qW��ٮ�=&��#ٮ�����lJ&��I&�""٘l�M�6�	nm�4&�����1�o�""��H�2Ҳm�0�_Od�%K3ڲm��׳�KP�Eŝ�w�YH��*�e)_�$ES��~��DD�����y� $TJ1�!�N>$�H��P��w����;w��lll��V6&F�BZ�hL,��2Q|3��P�hv/��~��}���ܞ뺶C��wp䚜����k���W��̶���>l�۶E�U�d��<5�̜���|���b��s6�6���N�n*�ӝk�5���hL{���r�K��6�J� A�	$H��`C����6K̺DH���9��߾R`Z��|����<�6���\��_ޯ	��k��e�4��i�[�g����H*Ka5k�p-���6���;d�hx-N��4�V�3x��E!�:X�K��J=Œd�^���""��fJ�M��P�+�yaT	#_���g���LG�,�1�j<�3��e5�?a""f>���?Zb��3���(�؊_g�RE,yD}�2+�H�����QP�q~ld|b��4��[�I;�@� 	������i�+ DuDګDV�vx� ݃���˰~�͐'=Iqe��؊�x���+��j�#Ow��Lv�F�W�4']�]�uN1U��s�d�Wu*uހ c�p�4i�\�#i��:�[�N""��O��5߾8������g�Jo|���?�~7�-���Y����Lendstreamendobj90 0 obj<>streamH��WKl�I��3��xޞ�g�ǎ��3���y9;N��.��	��X�<$6`��%p�\�Z.� ���	$����J8��-Z���g$S��_���7�몿��������yι�{�E�܋W�,\��o�伛����7��������wv���х�n8Qp��w_���~����#�uk�����>H}��Đ�7�����_v.�k���w��������o�{����om寉�� aB�~{��@��HaJ��ia(�?aV��9���S�'|��z�+��b�����*�H����㵾���k�W�n4Z�uU�M��U��U���5P��*3���1(lu���??T��Uo����5Z#�w���s�tK�&:*M�&M��4���K������4�IiRSҤ����&{X�܌4��4}i���HS���&���yx�}�����O�'!��ǟo�� H�I�DYp�|��e�e=�� %H�4#ȑ��E""��=f�(���f٧߇h/e�:W�ԎOѷ.��)Ks�}��MR/m���\7�Ӥ�Y��5Y���4A�5�ϙ��M��磲GW�|��(�?-8 ����]��B��i�n�cԏ�����!�椠 6z=a�'̾X��^��b����u{Ð�ǹ�L6�wa���MѶ�Szt?v3���S��9~c��06����㼳�ӤMC1�(��v�q�����Ts7E?,�31ڋڳk����>i��|��>݁B��%_&gp�/�'K��A�IO�8iE\P#�&^Y�ƨδ�?��Z��.�'Z7���	��5k�k�:���ك��1O`�	ԭ,��<����E����g$�yTOבrA=���d���@56�f��(ǀN9?���2���v�6�:��bܬ�B�M,��*�)P%�(W�,}�r�+F7K���Y�.�f֡�w���s��u�E~�	����G�""��=Kݳ�#קI�7G?�M����ҿB;�yJ���:-�N�&�,R9���˂K���`T�b.���y�[���$}͸�>p��G����x��طF����_3}go�ꨉ��)��>���5^���ugw�E�E����}�(�������4k�*�8�o�o2&8/ZÖ�2㖣�ޝZS��i�:=.�g��h-�$�Z�g��H�q]���M��W��Z��f���_�[3C�:���Y�s��D�ػ[��O���c�eH���t��'�7P��~��}�k�;%n��f���*U��e{�':P�'�7���fo;�X{_��;���b�@Ƽ*t���1�v7��g��9^�m~��x�p6P�8�m�s�s�x���|���:�\�N�q�}�_��z��>�;~�1B�S[�C��+�W�I�$o��i�j�=��g�m�K��-��q��|�2z��+nr�֎��L8�m-�0&Iӟt�y�\pV�nѵ������j�7Do���Kf/����-�_����D5�ʷϜ����1��M�{I�IP�]��6�Z��;�&x��o�&k<�U�ho���eܥ������2�9VH��k��c�������z�{[�w��� ��y�׵T鯮_e:w���{�7�1�j;�=����'u�7�`.b�pn�L���$�3>�=�~�D��;j�q9���A��7�U�v�g�LE�_PSP?ӡ�i��e\U��=t��8��x'�=�M�?�s8�{�36����<E��;m�Ǎ�	���o���N�J���.���!l7c�F<�	�s�z�5�=��M�'k�����cϑ���&e�u�y{~c!���E�%���v�ճ�kv���c��C�v��?Ԑ/|�8�q�3��j��3���O7�{�0}pO!��'�����~b}x������""rx���X��������w<��;���?���	��ߝ������G==��j��U�������~Z��?�j�R�����I�C��;�:���wVE���楾�+����)����'�/��ni�=�M�o�N�p��K��|����S��n����5s�o�-ϯ��U=����i/�����/i��u��%��ok�x��]���u^i�s⭉w,�Y��~�|x������:�'hs�����?�<�+�{�s�)&�'_��*}`>nq<��)�<登z�k.?����u�:�Z(��d�$�>ε��\7s�,q��N��U�=M�$m]Vio��	Χ��>Z�Z��m븹�|�\��:�8� u�@:N��L���_�\�����hg���b,�[s��uW�W5�X����?���`�uw؛%�ro4/J�� e��Q��>ϯ{��8[8I��������a�+��랟�_����۞����7�Z|��ߠ������ԇ�y~�I��I��u�4����1��X�:Erm���4OhΞ��)��#��YBkd��������bt� b�۔�����R����o�^?t,�c���n~$���hv��ẉׂ���t�8����!��s+������� �>��<������k�:G��m<��!���y݆�ϣh��^�~�kwIk��B��۱���Z����Võ��!�������~)�`�V��`�sb�����[k1﫜#�.z�X�ﴝ`�Mg���(����h������K�s�[G;�筌��?&����_�c�e�y��˾�O�'y�Nk��O����&�V��z���|�7��oJ˽����8_Ǡ;��s^7���ǳ�.��U�g^�O�om�m�{7Z#e�=ˬ�I-�ȯq���Ϋ�,b��R�����|�+j�Y�7Ns����m����=�g�g>ƜZ����8����[�cO�oY*���N�}Y�S�����o�U��h�ת�|P��n�E���'����ܧ���'p����6��Q�iy�&���^Տe��n���;Ƽ�?+�S���C����m<ƙsޣFZh̢�M3ݡF�k��!WSG�����C���}b(9�ذ�Wy�=���j����c��ݗ�b�*zN}����:��A������ü����G�����G�0>��k�e�j���� ��Vgk��NF�P�Ժ�/:�K����v�O��6�>�tқ�C���S���8����.����j��.���=�G�K�u��q�bܗQ˺����I��\��n����W���s�sݎ�y'>���n%:����=�����]���Y��?%�$�B�m���<��q=��\������˽6��̟7:��t�7z����Kb�\�/s�s������;���y��H������c���쯼��_��N�l������*z���կ��l�e��/cG�_���""��M��G6��m3�of�7<�]��乓�����ct� gN��7�x��>�ξ��s��ĳ�ϵK����<�n��5y���S6��������^z�vp<��c�\p�Yh1ǧ���7��: ���#�o���1��ß�5������C����q�OZ?�g�#�qf_x�ծ�ًV�~�x�r�y9�����m��K޹Ho�a�����G�Ɠ�}����s�Һ��ٞ��}�g��FԀ�mZg��'���U��.?�vk�!.�7��ɳәu<�`��l/،�y��]��w��-��urF�G��iӣ��U�e������oY뛍���z���=�ub?c��U\�g�#�Ѹ�G�u����o�#y{�Gt�����=׈�+u�C�Z�y]o��k����ً���Υ�=kn[>j�2q���|�1��\D�k�1�)�6M�r(wС�����s}����r������""za�^��ĵ�P�v:C�~���ތ]����M�����-����M]+���J��+�ى>���[����c_4�ܵ|�}˽�S�1[j,\��s�8�-`O--���m�3�ǥ�2?�ޠ=��#0���1���m{���nŇ3�-:G��_��c:2��7�5�}��Ϣ����8A�F�u���D\'�;朣�F���Ƿ!�6�^9x�{Dr���o��e����3:\k�a{��86�;+mߵ]��^�*��bWq4^�*�q�{�S��2�qY��e�iN|r��8�!��O�Þ��?0��c1Ω�<��m�x�׶k�ƾʾ/�JØ�#vb[%�\��mc�j��!Ʊ�9��u�Qd��}�n���~���;M��>�^����qMd�[��R4��k�s��h��9��K����\�A�����H?ܽD�c���E[�坫���[{�_��*��q>ي�Q��/1�-r,��}�������>���?0?�n��-��U׶��k��&�v�.}�A��""�<����7|�� ��[kl�+�c��E.7��2��.ƹ�>�����=�;���;����k��H=r��`Si#/:8�7�(�^'m|�wnE�5���}�O�'Ps�'�cؑ}�v��Z'��=���Gv��q/~�	z��ƛw�N�U�J��stt�X�M�[.�S��g�.��o]���u��N�yH>�2��9�bߎOr�s�*ޛ 5���1��~���v���>Smy���^ۮ{|���>���?1���ov7�����p�����g�,���>z��ߜ���m{)�3�y�{��f1��!/��c?&���#��ƅ΁���t��7��q��r;&���K�̥�P��[�j����k�4-[Ϣ�4����y����O��q셮m�����C�7h>��l��]���F����N�Ͻ����sr�Kl���WhTL�ſ/�^ɑ""�*�[u�.�_���H�ah���ٰd���9��y��QY����������z�?q���c�}��>�%��X��������='�^�?h�:	��ȕ���DY��X��[�{�����������L�k�t7�5t�5�_��N�=�a��Ѭ��i�S���Dc-��yb�8�fR?�1������{ў��[�s:���;8h����f����/ɝ~d�����r��Z���s�uо�,������%Z��n�9E����c�*~�Y|�?4�����:3F�c���o����'�]S��;�����]��.���I�n�W�K��p�;�u�����k�\������΁��]jk'���6�C\b���q����rf��D��=��w��m;��ߵ��xZ��7�}���x����o�$v��Oit��7��1�;.�|}j��5����m,��e�s�Igω��5�bΕ�^�}��8�s]Ϙ�,��w�Oj<~�s�u���w|9�ø�<�[,}���?F���ܱC�Y^ގ��m��1�x,a�K.��e���m|$�e���,��>$w��`�cTl�Y�U�t�y��5�!n�=�+�_���Jw��S���""ߵ�{y�-j�����3����o�K|�0޽����G�-��s��c���g�_5G&j�=jM�������Y揲g��Z�ok?�>g����&��̪���m�n�:E�k���k��A�!�g�c�-x@�@���Ag�'�V�#?�u�Qtר~6��/��#o ���5�#�T��v�9ڸ�:�%j���u�u��V{����9�4G��Y��A��i/���MM7�\ι&�^'�I]�ܷ��I�]?��,[�]c=�:�Q����N4W��g�����κ�\�z&Ɨt/�]��1v=ey�'��N�Ʀ�˘�gN��+�5�e�i���};w�LK�Xrʹ���Y�2~t|x���c��q�5�f���czݱ;5h��W���	^�����Xz����%���a�A�=�u}�}������y�x��Ч�&cʖ--�ߏ�ޅl��#�*4���}��I|���[�C�A���M����y�g�ӝ>�1c?���O��;�s�X�O���}�8��4hM�9���w�����s�X�:�����O��c����w�O1�9�2|&��9w����)њ$g/��������f�n�%j<�7;���{�]'�����o���[o��YF�����t��[���ݖn��!g���̏��眗軰	�۱H�b�nbl���tl����%*���!���$�Q1�3�μG������x�3�C�ǃ��X�y�/q���b�8숿[��i�Q�G0+=J�N�9���.�ӵ-�>j?�������ڿ��F�?�������}��a�9�4��?�П\���Yk���t�y�/��}�,^K:���ۼ��?�u��y��Ƴ�����ְo��1���u/�8�Y��,�%�ӝ)�$mo�o��'����,��(��?����?�����g{O�N��֪}ti��O֫��1��~m�s��M�����q�$��o��%�2Q}����b���;���+2��u��t�l{[��1��}׷Iw�C��ud��F�QkT��_xZ�m�iY'��qΉ�s����{�h�Ig�.�{�����o�����1�ߜc�rX�췫�ѻ�/�s�x��d״dk���p~@άc�,ˑc�s�f��ٟ�-#>����}�>�ܠe��#��r^�.z`>ĳ-=��7��Y�-:紞{�f�}�ĝ.��5ٺ����[�m�?���r��F���8CL���\Im0�{T������{���~��&����Uo�%ڶ>ޢ?��~h�6&��t.����e��iL�s��I�n�ڷ�t�ڐ1��{��ھ�U}���i�	&$v�ѱ��ȹZ��}.�����g��^��Q�@�8��g��o���+'����ӿK��9�9�8��x���=z?p7r�Vئ���-}�/��(�T�2�Ҟ�jLg.���)~��cHwѷ�z���u�k���,~+��z��Y.�[����+=�ҽ>�ϻ���e�u�&}���e=�4c�Nr�#VmSbr����$z���3�^˸0�1}9��k~�mՒ!����Y�Ƹ����V�f<�&~�������s{�/�ztu,ü���~ہ�v�v���ck��nG��c/C����c��o2���9�|��s�&���9H��˱��d�-�ߥǣdb���~)��_���}��j�{.c�*�k��k��.E�sTL���K\E�X�9����w}l6>Z�~k��4���{׋�Qws�t~j�k�E�iL0��9N[yҽY������������]݋�?z�cɼ^�V�e=�P��E�M}�s��?YG9��{9/��Ź���=�4n36����>��b�G9��~|�?��D��^'p��8!��_�9�Xʽ}9�U�r����!��V�Z�?���oz5� �~��)����`p�w|~�ǧ����$�'/\t,��,ҕ���2�C9{���x:�i��g^Ǵ�.��n��'��)�x�>��]�X�!|^��x�'�oЀ���w{~�g�����>�^�l�1���}*{w�;o�p��΃9��3=�ﱯ���lܗ�!�A���?c�+�K���f���Q]?m�7�2Ӈ69���<�h}:��߰�O�GD�˓x!���k��w3ܓX�ܫ�[ǳ�Ǿ��?��X�:k~K�Kn:�/�\�Z~����g�=������x��G�Ŷ��K�_���9�d�?������Fm���e�{�D�y��\�����o��""^�5p�6kL��Z7,Q}��/z%���!��/I&�[%W��2��	��k�q����rY_�D�oLi��v�5��x��ܗ�o�u�]��>1�]�E<���^��x�����f��w�G�^t�x�?�{���_���Ë�)��g�����g�Nt��9��cow��ƙƢ�K���9�F�i��}�Yw��s�m��!�cs�g����8���2[���(AufJ�!�cݪjh7c���/�����E�BK�ƭ�!)�Lq�q���m^������?ֽ������,�C�0���E�S�p0���}��%7�w�s�/�s�3�F�w���{�=�_�=E�#OW���}�9W��z�d��f�8�x��X�>�L��9������+m����ӯ)���=㾤˹j�z���[:��v�&Ϩ����>{��>�q��pƮ�}�|����'�3��S���o��ȠW{�����ϲ�������k��̡�l��/����n��\���x~�{��wD���������~�*�V?�^��e�tײ�Fpٽ��s+�����Q����5�kb�F��lE�ݤ0�g�9�U={��m�˛�����kzj�;#}��I�8gY'O��]��~��aK��G8W�Ʒk������""�1�����K4��u.��#'��t���\�-[������)��-K�q�ף�]�Gr��<�I���8뭼�˜C�f��߫�ǲ��JΏm�-�q��ڰc��\w.�/g��s����Cٟyj�Y��U�|c�9t����]�OH]��i���<�π�=SN�}l��X�T6�����)���纶��_um=;��^��w[����P���R6<��k͵���q�Gz�R�~���<����C�'njam�ؤ^�\���W�|Sl�-C���l=�Y��}����۵l�h���w�W���ǐ{��Y4��V��pl��σ�tP[KC.�Ͳ��?#���x�7w�<$��Dsb�w�P������\��r�>��n�����q���@3z*�X���Y��/^��	��1f�b�U��S�`�����/�^��~yH��r���g�~�}�r�W�x�c\yݬ5�,�5�z�G���""=��Q�M�b�'�9�,/��^����\c��Y�?f���;�%��k��4��ڷl���m�r&{��7�n׻�t�ϸn�X����-��lƺ�ˬ�{���BW�Xrù�{$��}���e_�'c����� N�K����M��]2]C|{ns��.�	Ϣo��>z���؇K�Q�r�N>�?�|�w���}�l��o�2��\��ݶ�1�g��zͱp��휁�������-�QǶ�Y֊��g��C�u�O˯Σ��(�}��gy�d�O\�G=���7��#g����Nr־Ϝ�礵�dGb��hs���K}[�Q�$�{N�I�:���|�?�q��̡��Q<��ިo|ۇ.�A��}|���k`i������˞�;��C���E2�O���*���.�����c�W�}���bLnL�&����)}O�2�WٿhʹC�_$Ͻx�s������5���n�}�/!;�����s�KڌQ��������;uY�[�2i,���SCV�9��Ʀ����~C��}�z�Y�����o������9����F�����4�un]��WΉ\s~e�e��9f�e�����~�����c����U���l8L��]�r�J�Ut�(���9��Ǳ�;A�y�!��|��9T�k���枺�}+[9�f��nA�����s3���X��d�aU�r+{_g�S���<����u^cj�3��3�|��v.��x-ir�3c�!y�7���Ϛ}2H�����O�#i[����	_e}�+�:�+m�����u�<��t��}�u��?�e�'�w�^虐�x�3�6����{U+���ZC�o޾�f~��soE�y�s�Oe?r�&��Ls��e��n�6�G��|���$?sؽ/g��s�w�Ϛ��Б��k��Ӎ�ro	}��\�w�K�o�:w�Kț�?�J;��ML�k�?�A���Г�#Ƹ��!��,3���9kZz�P�~:�l�o��Q|�)�7�OǊ��cx$ftݴ��o<����ص��l�߾��+{y�|���W�؏��˖3�8ևs�������9�O8�qα�����97�˙��v09{�z�����l�n��v���6\���>�_�R~K��ٛ�ֱ���5���=�qp/w,r.'ϱ��}�3�m n��~Ћ��{�s���y���K��'�f�r���;�����<]|{ޜb�ew��$g�uF�>�|�\�b�W}� 1��!�ى�s� ��~����������'��}��=k�0�3>ồ��Q<ǆ�s���=6ֻ���S<��>[�����v]�����l��܂�S�r��h=�������A���w��-t�6�>�@m'�>���_>������I��w��b҉v�|�h�:�_���%����|:k�ߛb�~����ֺ�[Ok���ψ'���\��ʬ��,C�!v�hR�Gv��k�j�A�$ƾ7�+�L1�pL��^:�)3�]7�s�_W�����^I�0{X'��S^��QVW�=s{疙�$A�XP@-*�D�`�P�@��.(�KK�(T)�ZP#P�""XZ��)&]�S�Y�KI���>{fϛ�jךg�w�e�}�����֕ݜ���n��j�*������_K�n��s|�p�*����B��~.]��w5Y|��;��K>%�����kS>tj{�^��\J?���u���1_���8_L���'{B����;ǟo���V������ޮ֓H\Z.�9����yϘmӹ�򼽟�}u�g�Cw�h����w�'��!���{A�a6f�hu������s|O`�M{���V����N��5���:������r��ھfZ��xơ[���|�/u'���~y���:�w����`&�@��k�\j�5؜�(˙>V�g�Rj����]:>du���f��nf���O�0{�ٞZj��5M����t���o+ӛ�����1��#��V��;��'�vN�}�c����`~?�����άς^�>���k������#��O�>�:�ma1o�b����c����>o�7fz7_I����X:�o6�u��x�� �%�7���l��9�߼��{'�m�����g,v�Bǯ�B����y�?����}�����k|}������03�9��[�9�'��9|�O!�ν��;�S�wW���sM�/:�}�_K��S땪���mo�5���~>6,�L�9����1������{�f!�����ȷ��N|֜���MsB'N�7|���E���l��78�|����|��3c*����[�*�9���ÿ��C�W����c��q�l��`~�{˅>�wk����Ko��Vж""� ���z��MFy�B�D��[F��LF˫�v�o��~������W�Wm�N����w�#�go��ӣ�+������V���-�u��+������b����ܼ��ב�f<}���X#t粲ى<_v��i�!�}8|�{o����k��#�:�_�����_-�Y��G|k5�X�=/�R�7�C涒�j�[O*s+�^�m���<���yw�￉�m	I�*>>�8�I=���7�$�۞���=��s�_�.m���S����G5`i�s��2���H�% �uy��6ǵ�@~5��8��s%�(rM���!k�yN�k3�?��y�g.e�SN9�F=>������s����\�M�k�״叩�8�2����:���Uz�Q�ߣ)���_/sXM�'{,v��1|O�p��X�º�W�K���29G��""�����*���;X#�.�t�:x��=��;��&d�z h��:��qB�*F��ҿ�`�w!��|�=Ao��T%�|W����z�AT/�e�q�F����>܇~nq�'z^]��y����_h(�_j���PǺ�z~6���(����s�#�XW�""x�3���k���>g�VT'BO��)�{g��w-�|G��C�}߷ݞ��&��[ԓ��V`����͆ ���b��q�{�Uf�c��8�6p@y���Q�ݬ�C�h	����Fe�3�R�9���#?�!�S�x]!s�4�䢗!��־1�mɁ�?E9�(����Q��I��������`�$�O�^q9k�(����Ӥ2�Bs���'��[��#�/ؾ���r��#����Ⱦlǖ��\�uB�?��O�m<���3B�rrl+�Z����hݿ�����P�3�~I<֐���kF_`�������Qc�g&D�%�vs�Է��y�+�c��ǀ�\��}�{Y�ƁW]/��t��A������f�I���ͽBy��_�3��ߢ}�A��0��I]��3��U����b1�{����r�칦�>���לxB���f�c�������y���ǚ��<���м�k)_���r�s��^����;�<9��&���g��yO�I��C^���W��� ��;�\x^e��/��)�b��_�*�]ͣq���Od��yDz^�M�m*9��ρ�8��Hj�]��r��ct��'��D����&x�����%MtUDNNz�K쑍�k�1�u^uS־�xmim��B�wLBC��<-пj. ���5��:�|>���z&�_Yjc����|#��1�-���07���o�JjYQ�jw��އ�����""�8�B(�V�P�w�Ɛ�=*�j\��5��k��[�%�;U�j�h��3��ڀ��5FZ|����E��U�g��w�/K�U���[gq�Y�q&>aM������-����r���O9W��pVNu*6�������{!×Q�R��������ileЯ�a@|g�/��߲��Ђ{O�o�8����8��z#��7�Թ>��]%�r�'RS�F>���5c�{אV���Sk�A�S�zN|�ż��'��� ��;�w���ΐ���\��9�y�Ӫs�^��S�Q<{]2��$�r]b��M�׾��7ٚ��A�p?�<3��`߸����`��>��H�/F��Z}o��{ �Oq,*����&,��^���}�K��h��b=}|>j��t�k��X�䞊�'��_{ T����k�p��NGH���4""�I=*u]�@p������{?y_udu���TT_�����j�cs�愾:g�#~���&���c��v�O�+9��0Z��S���ꗕ&���SݦZgh?�h�=�ˠˬ�.�0�ތխǛ���T���mʙ�9UmwI*ʹkME�����T_�=�m9��[�7j�����o�T����9�(�Ǵ�e��T�:���!���qG����J�3�?�yNME��i�qy���2||��!�n�����0��K|��M�qə��,@�g��˩��_���&^����濳�\��ߜ�}�ۢ7�#!{����8���z��z��c��屾�o���uy1��9&12A[��(��T!o��≪F��S}�D�7��ǄD[��V�^n�W��R��t��8��K�hr�ql����&?�Q�c����y�=��9���#�9�����g�E��z��w�γQ� `~��F��|�%�qM�b6�	�����~���#���Z�.�՟Y���^��۬������B6�݌���A��/�wF�#P��=�w�����=�J��m;�:����h����s��/ށ���}���/诳�F<��f�y��ɛ���w���!� ��t����>t�����lz�'����O1�H� ��������d䵢�H?�{�����^��w�ad��~ �7;��w����P�����$|μ��'ؼ�x؏�Gv���s��~ֿ��=&���W>-�<�4��jA9^9�����_�Y����op>�or^u�k��-�8����ܕ��X9@�z��Jc��m���7��7Q筥���9Cu]��u����ȅK���z�?ݻ%�K�烉���yN�r��Θ���A:�@���T�FxLRQ��r�o�F���!��""wxH���_�k틉��Ċ���ͻ����Qb�0�'��~7r6�Ks/��1qt��g�����|*X�����.x?�.|%z�B�f�v�����g��A���6�v#�~�$|""��C�)��Ã&_�_*���FQ���� ��3�w������oAW��`X�OT�w3�	�/ wt+�O�����WXo��}�<�X�?5'>O�m��>�ۥ��.W��	~Ϲ�=+��֯���i�7?���p��/�֪�T�Ϛ0����)��gPK$�����j���1՟F��ow�������h�=u.'�Mu�϶pv[Y�úmP��]b����M,��s�6�~�qş�w�okD_��������۴�x�B���u�X���ZH�۾�=�0w��/��vo�V������L�`�]���Yh��yt_ʾk,��3�-Ռ�]�B���g��L�1��{��:��u����7Z����ʠ�ڽQ^Й����|��0�KvVS��U����Wbg�;�����,��Y�X�NpP{������c�^�[�>IȾ5����{H��$�!ozK��Е��*��1Ьט}�Y�De���Tv?�1���bt#<�����8�(*,�?^����|��VqF5�l���@����lb���P�c/����BL�(VݗY̋�;��=���p���ޗ:4��2�v��:IWU cXn�j��""��z�]��j�Ӽ:����%�>b9��u%�iz�-�#���K��Ye4g>]N_��2d-3[kM�;�}/{�A��Ğ�M���q?��s&��z���o�3kC�Y����:�gx�k��+q넻���z�W�;|\t����Tu�:�u����O��Ys+�ow~�""ۓe�d��E�s�å�&��o_�Ŷr`���]��FHY���k�Y�2�Z���3�٪m@��ǁs�o�������Nw��I�;u7T�܈^�Y~�����Lw>γ��Tե��}M��	���)V�>b�_��3�QrC�dq�/ZM>�v������N�C�ά��K��H~N3�H͔!�\���N��h���pH�S}~Fbn��[��L�W�fg����x%/��j>�\�.����q���Ğxn���''�>���\Gɘ�}���x�.�i��mė�vq�4>}�r[w1z�bmq��\��=��{_CN������c�irl���u�{�}��W�>c9)�CՖ""Z���tb^��r�t�{i���s1oҭ����'=����������ev>v���ٙ�ٝ�k���Q)�m$K+�B-Z���M��rk*h1vi)��b)ha�R���!��& Yi5$b�(��?􏉉�Gc���9��3w��|(V��ɹ���{ι��s�^�E66fD��Ԏ	��Y��:�� ��X��� u_�S��,�r^��K��Ѹ��N�=G���$Z��w1>�����f�asE���z�s+�8�H�S��D�����P�+~�X��U1���Y#;�����^/�o�Z7�����47�#Фօ�e��)���5�ȨUyR�K�}Fs�ͭ���Z��ػ��W��LW]�t�xh2�1��""�}V��X�_�5^�""^�����+�_�8m�+R'��F^��=oA�a�5	|I�M��Mz���TҷX��J\h6���Mj=osYB��lX�3����oS�> /$�Z�HI��et��#D]�&o�<�75�0�[�v�;)�U��(��c�<���W\A�m�����U�3P�z.k����lm�z[��y���B޷�ޯJ�Pc��s�'d]��Z5�Sٓ����l}z����,�����>�}��u�ޭ1������;�zI�5|�FG�1�=Ӻ	�Xk-c|��|#{-o�s9��]���O$��2G�l�_1�s�&M�(w���'�O���={%�u;n�k�/J!���'���iq2��ƾ�""|���q6^U���R��Ҳ~q������<+�ǊG��#��,�3/�4�8���7�kv�ޒ����OiRi����Q�Rj�����s�'HM�o�^ݓ�lO�yžO1>�1+N��S�qn�Ƒ��/1(p'��ɿ�9��Bt�6���(�z�gc��hd]2��""��8���ԯ��926*��<��jЏNf|$�Q�ux>��`���F;""�E+}U���{-ZC��N^5��;�=��l�g�Hv�yc����Zn�[[�q'!���!��I}��B�Y�ujxn�ѿ�����]���U<��/��#�������|�:���.�8lҰMrM��J@���D�W�z��5J��, v��Ő�����M9�:�b��ۙD�A��p#�������qE9�=�i��@7뺤���Z��*r���<ݎ�o;}�9U�oi��h���9��p7�A7a<����a�����u�C���4���7ߗ:��;~(��E�K�Tj��~1�	*uN+�rV3�c���fœ*;���.Z�'U���y�R�<�k䩟�mR�4��G�|�e6�nж�]�:n1�ܸ֭���[�[R�K��$fN%��nY`c���.x�XT��$�2��D�J������?y���J='u����yGs\SjM�c�Κ��o�mk��}��G���L��)sn`�/򦹃���o�O��v�s�Թ��q�ߝ�u����P޳	����""�<�{�x���y\�w;�%M����d�""9��[����'n����S�{�:(k�ӗ��p���9�s}L�h��[)�͛]�^m̢m�7�<�8o�db��}�VAdo��|�B`ߦsh�'�_��vg��+sܫV�X�X��)��o!r���#��\B�+roܹ���c96�2����86Fac�܋�\�ژ\`�Η=���h웣����u��M0��':�C{<�}�=�x&��7���C<B�6�콈��.@�1�B�<��e`|�Mh�2�2p�d����A���[�)�A��T��y�uA׫]R�����""f_��+��C_�]�NC����F�U�)cP�0�V��c�$�Wh�U�w/�D�$�`�~=e��?	zE�J	�e �����6�	�''��|C����y�Z|���A��9�=�wC�a��:��q�>r�i�{Qu��>�3�C���$�|�v��2-�-��R_V�-9i�'���>�؅�̿��r��)��<]Kb�h[_��>\��G��p΂��� �q~���p_2�Ͻ��!�#�~2C�=���M�jW>iT��Yj4�b�A��!�~2�A���9��0����7��G�{�t]�������+k��.3�lӼG�h�b�q��?���c]�_Z@�.��{��B��""������D��_��c�o���s����6��ܕ:�k����G��~\��~�?����7��@߅��`��W���ݧ�PQ(i]�y�|�p���)�2��=ԥ��v�og��x����h��h�@��\��1W�8��u�_�}����&�մ�1��!�����&�go?�� d��	c2�s�����E�������G@�h>�ؚW�|`��.�W��>�~���WB���M�������ݼ�]��������>\�}�y��<$6Ep�#���/�_�5��Q��C`�b�6ܟ�l���|#�@7[�M@|""��a�;���c�����Q��)�����y������""G���໔���^op]��)�!���\C�=���Ü�'�܁��s?��|�_R[K�%�����s�M�|`s|�P`�Ƈx���<�f�����w��M]R��E����_1��#u�c�v�%�}5�u`7�E`	!�r!0�������½1��R�,$��ZH��˵D�F�!����P�����֧_l$5o�v%H%&�7����/=�'�z7Ǥ=�>�}���E�T�j׉����s�'S��:�'2ܛ���Nd���4z:�Yl��Ӕ����A9�͗�.�[p*�7���lo����`x������d�k*�=���QW�9�{�.�����ٓ3��cޜ���	왩�����;�����?���I�q�I�Nͥ�=���`!י���`&q/�!�����pwG�@3�xܛU���KH:�C����:>���� S�=�4�tϥ�蒤����$��E�o��9���$�t�J��5K�=�i�j��j��4�iW(w��E�S��A����٘o�ɷ:w��s��!��[T�g9��T���P��Q���Au�@���W������r|�Gҽ���gZǴ~+�K������Wo�p6�k���P��+�ޥ�Ȍ�$��#*�""��wW��ߵ<�!��Bf��1]�ά��Iߩqiߩqqfl�/�?�#��h���=��o��G��ߘ�\��9l���}暮�g$��ˌ��~&7<��zf]����6\|�;�P�<`O޿L%W����������8���_ܺ7X�ν^������T�yT�:���j:��4T�r�q�����,�@��9h@��4a��6,��˰�O�*��݇t�^��%��kWq�˗P]8���YT�{�N�z~���Pm�M؀!9ق��٧�y�&{N��g`��~��Y�/�8O���Ⱦ��jbC�e��<�.���A������4��B���9hO^�ӿ���(�������������d��~�׿�}~�z4��}�O���+	�ݝ�K���:���6�X��t��Y{��~�|�����G�CH�䓿����`B^y��9X�<��{={e%���v���vg4^�����u�Z����h_�{���vw7!�%(#�H������6�g*��j��r����[�<�A�x�gO�Ρe��v���>\���Rި����V�Ql�����[(���z����H\v���-�����:�`=�8��^�u��UA0����Mk��0���n�Ơ7�G���ڕ˲r��K��&ί����ƒ�2�g���/��^\Ln�Yb�ǝ�Q�wZ�r��Y���NTk��Q�mt���K�����,u�W�WUv(��Ȯ+��[��?k	i��m�>��&�aMJ׶LG��Ŏ7-a��o���Mέpҗҍ#�����;����6���Vҗ��k\r�瓴ژV�V̫�[��O�[L-�h���{{q��Z���>88��:ԕ�O<޹�:���W��X��2U��֎g�@�q��Z���mӐ7�v�o��N��~����X<��ee������|��ҫ �j>+$����u}�P,ji���]""n�L�*t���^��Г~A7�ʢg�,�	�r�&b�+�b����m��J�-��k.fm��#���qB�)p��,��+Oa���X�^xyU�D�OrI^o'{�{iD1FT��r<�""z����Vs�Q�U�Z�)8�)���e�v�����8v|_�F��� p<7oLֲ��aB�""VX�.���8�T��\�؄�8��|�0BV4�0�,4��C�zEՈvL�����؆*�q�a�N����ޘR%�Yl��)�n�X��S(�������B:��ڞ��:�νX��zё��Z����Ga�Q~��f>�0=�c��%,�دq��6D�R��k~];:��ڮ���}f�i��K	�NC��+*Fe�6U�6L��;6� o�T�-�r�j�9�%� �""y�Ki�}m����%}���ϙ�ծb��Ҭ<;��_�����4��`�d%�~@�A˲L ?7q)���d4��!���Sͮ����<�5�mVu�c��0��N��:��(��EB��r��g���S�d�iMĎ��)���}��[���^�ت��ҖG�^��g�R�6�?��S��Ƅ8*�A��Ym��)5�$�y.���1̴��F�ڑ覝&PC3r""P`dA^�bNE+cð�*(3L�M�C)��[��F��ԾcY�+>��%�@����TiU�uFI�""1��'���p�����wƀ����hP�irƀ�$y��s��w�E��ʣ�-����Z�N��F�����T���|\I�D;���jV�Ѭ��Pc+}�阈�@b��G���Ir:+Wӽl��[_Y����6`����ɞ8�b���,1�J(Oa�?�5��q�T�3�ʾ�6���M%:nxIp�8����f�[�妭�׃����/���l�y�&��3.j모���G�F��b��F����_>�X;~K�&y�M8Kx둺;���V8DH�1��c��s��p�BJĕ��^W����C���|�8�_�������CA��_L�G��Ȇ]l��$yϬ����^��|���8��k����]��)C;ؘY�;����N���4���u��B��`�̆d҄RU�ϴ�̐r�{أn��!G��G@�v����f�?El_fl��	;w@�l���,�W��!V(�oA3Ha��l&++Aen�`y9x���ʏ�Jp:x���CbX�J6���5X_;�y�@9ґ�G:�*u���""g��rW�X���\�����ab��Oa�B���@7�*Ӳ���/�Z�6��x�-�?�P)�NN'���� )���_|c���[[i���(�gK�0Т��٥��;����� ����|����Y�L���uY�y�nv��l�ݓM��X����Ϻݍ�nW^�Vkm�Ւ��i��?����ޙ��j���w-��0����+�ƵF�m�~�-�g���TsT�'y�Ѹm^������<��2��a���=!����|���uA*���|FO�f&Q������/�h�|�JN*��upm���H��k�l�Eݣ��e���@qRS^Um�'�_@����aӐ�""K#m�X̓1�o�ݨ�-�s����>���N��������$�XXaOJs=��^�W�Oʡ���[�8�zu�'m���[R�t������I!_�������>�p����[�NHᥗ�*�������	��D��3'�KS���c�W���4��P?ʲv;��u��XYi4����n�ݜ�m4*�̆S��6d�NI�O�j��d�z�ĵJ��?�}�שx��o�o��G^5KB�ZL�bܞ�E���>l�+�x*�""YY�;(�&�<�� ����{���M>��\��6��7�� ������S��2P.��e2@�����U������Aj�*�J���	�<�u������~��Ab�f�Ɨz��7�T-ƶ�������ez� ��a�w����,?�s��GN\m�����Գ4��L��P���5M5�aw��x�#�_�ќmi��[��Wg�?�P�v�Q��n�Sfe�NA��9�(2�p�&&�i&7q��X��s��⒩���R���RI�9�P��(��>���(�4����;i���$����ז�o,��v�4�#�z�#�����^#�O��F����S��/ᤎ� �a(���.L�9�ay8���3��A���%�+��C2���k�.�E�q��n�F��_����/ޅ� ��o�6��FFi��;��j��ԁ��_���*��Eeo앗�~�V���υ��ҩ�����ًO]x��ϚHQ�i*�������02�E�&�U�t�ݰ�B�sP0+2�;�s�x���%8�X�tV$��#3���5L�hEA-��YJ}XD�����[1!��E�S:S�ӚU6��a�,��j��M8����ʒ�6�Y""LN�T���4E'D�h�s�EM�bV-�z��؍c7�M�X��l.��-�|岮q�фݎ�4D��!�Q`�Ӆ�k�mٷ�n���%�������RgG�U%��c⮞���C8?j?.���g�qʣ8h��CD��?��R��hH6cLqTq�����_`�v���3���0�5��v*!!B��YM13d*�3y��3?��'�?�e#�Q������꟪������ݝ���:k������� �	��#��"" 0��\ dL	7�( ȅ�Y�0%,!�U����z���V�z�����y{a-��!f_ط���{�v�zm�{ah-�;H1j�F����C!��q�r�2�*��ЋP`i:>G���|-D$�z�x���.��= �'&��YR��#�c�}�?����N���:�=���J�Jz���[����'�����}�� �:������Wr�PL�q�j���9�IL����O�qo3|��wf��6�h4�G��/���1ot+�r1�:5x6r�J�Z�M�|�M�!��+���b��\���ө�H�.�6����|�n��?�K�R��aӒf��(p݊�kP-w��︶g=����5��v=ot����a�����f-T��$I7�s��{z�{Ɵ�m�uψ=Z�S������j��i�!��Y�#;����Ќ9��Qz�=��759W~�iK-�{�J�0}�=�e����ϼH�$i��""G�ͯ6	�HTy�=�n�f���{]<�lQO�c(X�1;`A����ʩ��.w#��s<�Ȏ�I%Q�>���}���&�6��p����L�ZeW�!�ڧ��y��YxMH4�.[���G��"",s*������&{3�s��0�~x�Us�h���������0""X,�(��s�!-�,��}`9@Z�m4����d�?��KY�ei�з��j*�D1�����`b7x�B~��zB*b\�<��z�>_C��Cb�h;�Xt�Np�5�K5/�yoC���K�s��ǒq�	��h_I+nc��Z����Y�;j�P��9�bcLEy������@'�O��p�cMC���ݔGi!�>""�;��W;~��}y)��|��!oGS%[+����k߅�N�P�w�[���G�:uW�V/K�xq��5?����G�V#����\�n\O!�0Z�ŚOk�Q'����F$$�F�+�E�'�""���}V�{fǿ`��`j�O�LU �Q�3 ۓ��;s	39xɲ�-.��2�\^�}˺�����Ls�6W����h��F0e�E���\��#a�X�,�/�>����X���r�6!n�k�)����3�A���������I�2ˋ��-�^ċ%3r�""������Ŧ�ڱ��{D�i�4(4Ƞ�Tf��s��x� �(� E��z�a6�an��YY5��!#k��x������Y^;�d8�iUUM�5���ćt}U���rҪ��""ح��%���a�=���y�E�fP�t+sj��e�ɱ̹��'E�Eyd֋����t����4�r�� M���s�8�Y""""�0��p�H9յ���'Q�{�s�d��>��ѕ���5z�GpD�յ�N��㛐��^���)��.��(�o�r����Φ�6|-7(=�iͅ��,�ݪ�K_V��<�r��of^�X�""U����<�<�DFC/d��J�i��CwO��=�K\m��*�Q�s��6ŐS/�8�<�ܴ��1��_ݶ̣���{!�q�X""��M_E�Q�����Np�Z�1�����K�""D~����Z�N�ͬ��_�we3���ϟ֛��U��|���uR��:2Zu1��3����ܢ(� �aЩ�����I�(EUiv�_*��*p����@�hU�rfp���;~;qd����G��dF�q)J��*Qz�GЁ�U���z]��76>�y""�=ʼ�U��?�L����=�]H��p�9�Q��M�K*}�]0���,,܆����:.�K5��;{��l��u�yQ2/��~���������ˆ��	G��X�V��;B1���eF��Q���E�'��aO�g�s��-!�v7'X#�x�N�HdCd�~L<-܆/}�lN���$�CoC�g����A�u�=-����h\v��io�g�s9���J��tscV���3X��\pY�ln�i�g&�m����6>�bA��%h�d��C(�a���S��nC��W�6��KQ�3��m�ݙ�H�L""�K]�b��dG��$�$p�=W�]�;eF�ng1�K�3K����2_X\��j^��WI�Þ��� ��$A���� vD���9B�1r�5\0L��q��$�y����""ks+ң��l4��N���f�a���]�7| ^P������جj��������Q^���57�kڱ�sxtx\�ʚ�!)__�\7)�1	䨭�e��p��h���9�4b�ź�T�Չ��m;;�ި��.��c�����,-ť�#���`S��'�-|`�mJېd���$���x��L5�T����ae'ܱ��d#���!�rW�����q�+��k����n������x�����-L��FY�׫8��0'G5X�d\��eA�&��'�&Q��-���ɥڶ�z��5���ݳ�	�n�<��Q8�0��\���d�M���XH��C0���L����/@��f Du��m<6^5z��_�哺�	�I��O.X�?��J�����V�mG@��aaMv��%Q�0�$M8)OX�C��`u���>D�c�-z;�3��U��.����e7y��Vc����(��u��Lv�A㭑�1l�p;���WBw����Fg��B��ũ�P:�a}�ӳ�	~cp�������hٞ���V��S�bw�G��0W����l��@�?��w��D�N��M�6�6g�y����c�k{�*�N��8X0�:�Wy ]�z0�?��Z�P����'�ʹ�tb�2e�W������I�.4� ��������* �rw�KoI� b+��%����Y\J3��h#k��m�(�C\�u3^�p��v��V�[9P�%���LH1��1�O?�Ata""�jW�Zh�sH�rF}�({�Œ�{[#��5�X �H�F�=�,mZ�r�y�۶P�:{�xvw5���O�k&kh�5�,!����X�� U��-�>�8�i�l4���lO�� J�|���ݩ&�zK�Z���	iMN��w��T4����� H����̀>����834��H��MDI���N�Նo���K{g����(�OZ�2<8�F�z8��Y���""80̫�+��E��o��ѽO-5;�����^3�:BO,~��d�*�dUQ�U}p������D!�/��4wh��!�z��c�0t����ᤤR�6]�V��z�=�c�}x��+�u%���  %W���""IW�Ƴ�T�|�z�P��,)�SO��g��q]Omďg��`I�'�mslZN!6Q�/��l�ϣYܱ߮�Ҽl�#�1���@�u.�f����N�Őtn�X���jݥ�bS7��}ֱ{���CNl7�oS%c�մ�:���}�?S��������l�Y�[���xnz��g��$O�H�*�o��*5�����m���Z��F�1n��A�x��*�0�xZ�[ƴ��8�-�7��Q��8^��2��u�s�J��-�G�}�:�@��J��O`����Ɲ�a��c;�=ɒz�KN,��҈ٽ�ng�@�7���-�j��������@""Nzjp<�~������z/͢�w�>�n`;Kd�&�0?�c�k5D|]D&�O�)ܱ���#ɒ����!E/�|n��dm���[6��1>��7�e82���D��ײ�uR�v�G��5@\{9�\���/������9J�o�4���=�2*�}��k@���xN��v%ũ@|dƃ�@.��*Z]���|��xn�2�s�߿Gb�̌[�t'���,�����V��%sl�d�3� ��"".!�9J�MG�ȷz�.�#E]�Hg~}s�ٳ���I����N�+&��;t�D1��� �\�tZ��f��G�]\�mJ�n�f�[N/��]�;۹����[7�mX���<���hnT�h$h��K�4$�t�_�����p�LS3���m��љ���g��Q�s,�kKK8�)>�JP�u�'��/Mu3�f�� �0z;���G]F��s��G�b��2��B���?�o��3����yZ���+�ab`��_����tN����Rwv��^�A�y*��ww������J�-���U8��G�;""H��5��zH�^�j���I_0��'��ly�K��ZVe�0>0�����.�A�^G����D�I\�Y��a��J�a(m�$i��E�U��V�Nv�9��e9*E-?g8?�UWSF|�7�A~�+�ӟ,��9KU�y7�o!����\�>��s	�(�r��.P�yi���r��THZB7�|`/��mtlu��V��mM�����b�~��ܠ�CB@�T>lH�#��n!�~p����u�p����g���҄yb��q�a���WfYM�cُ��)�^;�^���9��x��Ų�w�z��t�Jjl�'����K=�Ζ�AD�E�hfhEˍ��hs��A�AW����%��Z���`QeMv\�rI�L�Kb�����u����7N����U���Q20s����]�b��G�鍛�tc}�@<���x�㖘E}S�s,q'�?���9��'V�ʣTn_�;8�0�grI��ī�\={�C��j��������n��7i�)ҎI��d`��������������X�����D���g�SH��O%uˉ�Z㵣.�w�:Im�<���B�vI��-���������ň�u�����x�Z��G'�W�a�G��`o>���M=�C�g��״j���d����gu[5��d`48��������""*O����#,��5&O���1E9�z��/A��[p����m���JX�֙��r��.,2L7�����vw��I�'/�ēq�a+I�I�hӟ�k�S�H{��\��oԲ9�M�l""fI�b}��##�^J�7�8 �4����P�:v����y]���G�h��k�=ՙnM&��2��=U�U���߄Wil\W~�}���}o��3��3��x<�Nb;�6m�ĉ�6��N��-%����������B�4��� ��4�T~ V�'Q҈E�J4�(�*`8�ޙ��ƭ����3���s��}������*��&=U~Tv�W��x�3p��sE�������k���F製N��ufzɪ����""�l:R���6�e{|�uL���5Ʌ��D�����u������:��˰C���߸�P�j�\�y�K�R��T+<&Y����O�:���9s��ʼ�^�����ʧ`�[m�����T9d���\�� nZ""�6�@��؆���YĢ����>�YL��bp �@�46����3�>�@0�R�H�V�ڦk���q��)�����nz�{��.S���{z��,��T,�=�j�F�h\Y�羐�����*��pf�a��{�;��v�U��i�C������+6�������ኪ�2��cF\����vf����!��4������n�w��6�7C���\��0���[���)�r]G��7x�]��l�r;�*��+2��5_��~�O6p����g�Fd�c��雁	�`�%�dDȢ�6����<��\dh������z��?�7�eS��0>y?X�u���ez7�2��`��d""���Ov��,D���Z�s3l�o�/ev~?��'CӀt�HwHv'�sM݁�k.�:��I�Ҹ���B�$z�iZ���(_'Ƿ G��5n��c�8P\[.���~��`�`��\��3�e���<�V-��u���Ux]�έ�\T?3�<����>�YsV����Zj4���y�{��$�*���<�����%�XF9E��ʜ��!߼A޾��G#3�o$Jt[FM�'��/�����/�:�۶���[z��eJ�f�J>�5#�]��0��琘��T�8w��mم'm�:���=�#PQ;��W�Q[�0���;2q��'�jىc�~��e+��u7�N��.׌=sd�3�g�3�M�����hI�b��̅|(!���������t��^�19�v$��T��Y*�&�K����7~i����1=��0�2��h�?�~i?˔�z�� W�ƈrl��J�z�}C.�N(n��;Cѕ�L���!e��aIax��Ə�;���/k^&��=��N�`�h賉�#��`�z�ʉ�{d��,�߹����V�T�O�;y)����vF�`k�Q�-�7����JS[�E�E���,Ɋ�j��J�����o9��p��0���4�]��7_̘wI��-�[X��Y�qk��F�w;�g��|���>��c|j��,��.&1��W��_����}eq�yt�}��Nx�N65?�7�����ݚ�z6б��8���Yp������И�吘ж��K,��)�rz�`'TW�4�8���ƒ)Y@O��{�x��������Q�Vԫ�Q�@����o����55��y�}�G�dx�C�}�J�!'�H$1G�������o����_���>r�g�O����'h��@��&o ��[c�\���j{h����:�,#-.�nd�dwe��M�R'��4)Ģ:�>��D����/�+QS/��l5o�'�X��lp�놮��'F����;Gxe��F$���p�K��K+��gT%�X""�Uׂ~�vI�a8�-<�a�I���E�.R��䍆�t8:�V���F��:4klSk����q��{��[h����T��7���]��YmM(ME��?����Ҽ��WP����r�Ӭk�:��%��?H�������-�{fo�5�ko��Ay��>XIj��zcf|�ƙ�fn�o���exJ���?,��R�Ⱥڭ��U1{�~|b��y��s�����{h�WJ�m��2�lJ�m���6jq��7��hI�e�/x7���X��ލ��U�ze iH��J6�*���F���OL��8?�@����/�]:H�#{""+�-U^�J�/�x���Ȣ�y�7��n/�lN%�^!`�wt�&dZHM �W~}j�s��W��@E�l��8�� ���b����G8��D� [��Ou���q������̜����xw��]���%����vۊLHۄJ�skD� ��F�����E(T��x)����B\��E������@��?g�Nk�̮�������K��继E%�Ϡ����Z/üu}4�����lS�&J,	/��U�9���X˳܀mE\��%%M*�JM�q��jo�P��~W��[��D�K���U�s?=#jZ�S�\,.͊�bR���c�������:�I6�!��?�C?&	��`׋F����ާ\�D5y�mb�|��[�N�R��kO��R����,UX�@zh��W�]��A�Kk1l}��=^�\���M����������ީ׾�cL�(�\<�>��t��uŨ�k���V뇈�$J��Pu��3Ŧ$_�u�U6����J���������J���8���6�ˆ��󋑡�*�E�S5���M����Ƕ#߸[T����OSg�ͳJSN�UI��먮��@U�G��*�5A��邉��X��f���� ���J���V�~�����~���<�yu{�~��~�-����#��s��38�a���a�o8�ٝ?��4�^������3����������9v��� ?<�p��jN�����Ct��%:p�܂B9-�!�:�B����4U.�^љ�/�*T����? �&��""���W:�O.. 7_bT� ���F�!0H=VS��߸_����0h�'Ԉ|�'�u\F����F������t�T��oKXP�S(����dKi�""җ����Ioq=�}tu�fK���|""DB>TA�Wl��:0�R�|��@J9��jЏAE�W�֗|I�[��wcK{��1��ȵ7$W�^6�Q�V��ep�{80]Ŭ`�S�E欇����7��q�w�{��J�O�TN�TO��N!�8%i�v��͙t6=�\l.7W��&n��.���NLMN�+�9=�7ԫ�f�9��fw�Eߟ;���fa[�F�CҢ���X}�w�S�i�'�c�[�AJc�(?x�1����0��`6""�:p�E�����3;;��ՋaTΝ��OT*�������c��G�G��q�,�Qۍxp��(�ݖRq�W0���{�(�_x���~�b&\R$i��p��������@ب�=�}��l���e	���2����CH����U&�eTc���""�)���_V�̼��������!�d�J'p��~v/osc\Ȧ�e�vj�7��h�i�#�Z�AnJWJ���1�X�ء�f��SY|B߽{�d�)��/�M�c;2""3�V��2�.��_)�츐y�[s��q�����o�\�J� ""�VyV�-�[V��2�G�{�z-�r�~-(�s�$�ٮ��K�-zx��З� cR�_�j͘��J�G)���1Q�y��;\����&L�jk�J��/&��W�š}��+قJ=餕ɆK\O�-�_̍���%���[��O�������X�L�l�>�N���G���Yv�ƽ�F�on�(W7��Fh�Nmk^F����Z\�C-��8t|�&��ӂr����b����2����N�T���PBԆ����I���0�P�܁�a3}L&��h��aDtS6.ol,�~tu��5�[��PD)�,r��c��i=:h��Q~a���a�ԒZZ���\àu�^84>6NcD<�(�RF��Ē�ˁ-k-�#>��K�/���<��ҝ/�zK��ɴ�@��*���@I�\Mk���@rta8(�'5^��>�OQ~��M�w^	�ü|H_��yK6D�$���S����h�,܇Y���΍p��.Ȣ"":��9.p��DNZ�Tgx��r[V�B'�:�ʲ#��=���M�IˀΘ�J�Y8I��frEz��P��[��|�k��MQY��@��0�k��/z�w���w4�]�;9��s�[��&����D�)3�@@����-h�mC�����Pԛc�؜��􈢋�o�?4|�w�ְ��X�o:cI~J��p���� �q�,�F.���_�O�c.L�l�cQ畤����=�KgIFן���'^�@�g�y�mȁim0{�u�n�]��y��������r������!�{�����X����'8�_=�݁�r0����?�-�'��HmPS&�9��O��;�?k��k�L�6�O�)%�Ty�Z����;/oD���t�����tBSC�x޸��'Q�$f�M�����#�̨\y��`'p���dWۏW���~f��xl����x������f�x/	�����""�Pqy��HK@��<�(A���EHHH<���_P�*���;�m-��{�t����8�%��7�v�I��&}ϯ;��t2��w}��G<T�Ó*�eH�S����*1݋���=%�E5��`������?�l�����,�������#V�^�q�H��hw#���euf���s{��K��Bi����*���B�ֹ��C�b�֛��G��O���Һg��=,�S8�drp�_���,������O��Sh=�	�8A[���V�8��$��k���%��!��eա����'�HP4a3l���T���jZmFYj�X��n��QڝցY����,��u�}ѵs""r҇�&��ŋ{�_7�_%p���g���""�D^�/�C�}��86����COĥ�ZTB��z��AMrĉS�P�4/HT��Z��q�q�[�r��M���aO��(����߿P�i:��^E�VN�#9B����4G�c��xK2��+<�~b��03+q�ʚ��U7u7��m�%.ֽ��kx�kx��	W�^O0��6��U:(5�y	pL�X1���%y��v�_.ww�.;ñ�OZ���并w��]�pڗ��������u��e�@1��<��{�iӠ�l ��W�������c�ZͯT��ͫ�""c5M,*�#��M4���g�d��N�~�����{åB)RA'KNԀ}�z���Ƈ^HHKvЩ��4gy�!���^�שw�K��$��am.�S�_Ő�zO�ޥF�nZ+�ai|հ:*��EI�6��7+N$��c������/ENR��Ko""�;���`��f�V��?�VF��+�78�#�(��5��6T�a,&.K""�3��==��>�n������%_s<��I��6-,ɲ	�I�-�F���Y���sZpX�A.	���~�sJ=z��F�;gʻ�UG��%����ݩ:S��W����9��EZ�U�3���Ar.G���c@p��H�FtN��-���/\bA��l<���1���	��q0�dX_4L_7ZY����tP�^|ћU|��(�2ϥ1L�����Tl!�v{c��LKtj�{�Y0���n�v��p0ݜ�q����rw۝�;�9צ��pg�<��q�H���x�w�.>W���Z����A��������}��̟��4;)}`7k���] M��G*�33��H�g��h�o+� Se���l����qL�ߪ�i}g�>�V>��<�����2c��a<��01��\��P�?�P��2�������T���ڰ�]�\Y�k�kj�=z�KS��m���[2�/� aކ�""�n�0#�&��i(�B������Qk@Vn;'�0�����x�Uk5���h]���Mm�Y09,�x�j�b��9��}�rdB��L_j&a�x2/��j_���/�g���|a�c?��?�y!X�ĐY���G��� ��6��'���m蜋���l9�l�e|��>	*dxV�E�W~s�ܭ�Z�,noo��>r��.47��z.ɽ�@UK^縨\B��P�p���߱� ��*֦��pn�X~Z/���ш�ವ���h52c��ñ�	��S1�fs���[Y^Y��b���/	���}�On���g��dnY]�-A|-z�<�H�O��eg<��Z���Y�~�T3���4��<�f�A�����t]��LB�x��_�9""��==?�v}��h)-�5��.Ln`B+��FŀV���xUK:I7�K�p�SӬ�Z��z1_�WK����>�HE��zQ`l܇g�YG�H""g��9���nr<��7ί��p��;/��{ߖy�:�-,�{�ʒ����7Л�?'�H$�?���<���x�W��g�uf���� J�vh u���N�������`#���Qk���J���R/Z�m�M�gPss�����bν}�=�YՀ8<|8౯�e)/A���o6U�v.Z߷>��mmܸa��3��~�@Q����S�����j쑬��N'���Ag?�}�L���]�&�M|���]x2>;9K���,�Rx��/��i�934���,�t�::9F�C��9� ��G�m..��5E���P���U������$5�����<�7S.�R#��6����t�')���,���U�z�j�N����4�Z4��M22cQE��H�[b�UjS����R����B�,%+HP�r�(�����P�������!Ҷi�v�TN��i�K�E7S�k+����dw��0k�S�z��8b����!���_i�/�a7���~���9�	��~kҞ`��tV;k���Ó��Hg���#��tS�T9UI��}2u&�-���w�Q��_�������Vk�:�sbG�A�CdZ���cG���q�y��}�F6&�2|�6F�s�4��������fs�a�gN������y���_�[��(�G&4����j'4M�>�:���2$k�4u|\�L�Ri�uG�;�X�`����Oq8DlCbBܛr�u)*G����vsXz=�~8;��ne���l�a���p}�9�d�ڠ���Qj�y#�P�7�^s��Z=P=Td62�l�I�������ع�gI��M���K�+��8�Rp��zI�D�Z�g�tA,�̛YT`���v�?`�XY9��l|�*�(���M��n2�[�#����ڌ��+��IV�o�J1QTpB���0���.��ow��1`�0<�Z����|�r�y�R�r�j�������~�T(��F��n,���C���xc�q��ݣ*�V�\�R�z�k��_��5.q�>�P��������wn���fݟ=�oSB�Ŵ� LcP�&]`��h�9���l�vg��M��|VH����5a��&5�tĪ��t�\����7����&8�C&��2���<��8��ʫ��%.������X�b2���G�3�����(YUA3���qk���ky��EI�S'���(,i��UC�tO5��t����	>q"" E�O?=��F?2����k�=�����Ȱ����@Oh�q)؁e8���n1������V�3��[���Q��4����(#<~\�3�4V��$�>""H�z�w��?�?�J�<)��m�Q�a�����'���.w��@��w;崚m�?��Q��g���8MG;z�������a�d؊=���ra/u^Cj�i_�� qà�c��}�s�1��_��f�j��4�c�z%�[ⵘ;�	#e�G�Qi�N:I��rn�[�Mr��Ӝ����q?Ͳ���rwZ=IGή|� ��#I�P'R�<�� Q	�`՛����iF��]5G˪$���iž���;;�l����NF�4�����������ϋ~^�K\д�3Z���xxv`/��}�J}kR���޿A͘tY�O�ڹ�J��b��u�]�^���r�+LfӡGFdGN�G$�fh�Q>��AUES۴�؍������R^�Y��A�w�	�nZ�D�۽{?{�=�7�K�(��V�.١^ ��_��-����<�X�@����a���O�.�G��+<��fV�ZԌZQ7�E�چ��M�|?���9|l��0j2uK�S'�(��IZ��zKm�=yA^�7�Mu���w�=u_=���1��B�(P���44�r�[�]��n���(�Y�K(3�����_�X��[�T���ُ����Ina����ŃY���-i8I��xW4��S��٠����(��%}��4]���|�uS�_�7�ƴ�x�)����*h�W�U,��L�s^�a�OuE�z��m:w��l�;`A��h�!1&�';���v��\�!��V�^=R]�B""9�w�f�9ۅ ���UQ��$��'.q�P	f��ޗYt��@�dFi6�c�fÇ��V]͵M��ͬ	���(K2�X�=��s��a�P1;��X��o�w���-ɥ��k�=x ���#蹻0	�F�M^�T������-���ԯ�lv���Y�H��aM��::��;�iyT@e�bT���,�J�R��V�Y�4��y��0yM�3:�uKb2���p~���r�${Ͽ��^�ک\×�)���:�_!]�܌��.��&��Oџ@�*heV��v�K��.Wq����F�L��`ue5fu���`�l��R�ր7�C-�u�����'H�Z���$B/h��Y�M��D����K�q�Z���M�m:bY�a,��%�Hg{�����֠A�5����X:���?,d:�K���5��%�^P���s�9���lk�k{ve#��B�PS�jKl���lO�<)��Ԑ �ɉg��*�1ǯ��Oث5��<���v�q�f=�#dV.	���B�q�pS� ��M���0��ʁ:-�]j7��""D�?��҅�X���$]|�ڹz\��ku�i�H��h��ǅ4��[�5	��I8c>�̊a�A0x�p��M���´��P�ѵQ�نMW��c4�����Y�W�Բ����ʊ�W?	Q�K�쵄l�~���J�K��}O�^-�2m&�����A����Ğ���~-�������}��+4�@A��\��}»�]�%��z�v����i�eM��t�T�V�)���Z������x;�$51�5'|���}!s�&�[W+ U�B.������f������os�P��&���iu[f��ف��Q	i�<s&6^P�w�o���U`��l�Q�8��ۍ�w�	�����e�50�Y���5��'�vp3(����KT�bK$Ȱ���yf-!�Ͳu���\��^&�o���?ϼ�z�Q,�,��#`�""L��=ʲ�EQ�N}ѐ�Ј�V�]��=u��`�P�Ov���qV����x������]������z��f��M�ISB�%��H����TJQ�}@UxA�o��Q$���<�J���x���x��2�x,�#���s~:��:�� [�j�s�#�8�#ٛZL΅<)�b��z��0?� �<7W�ÆȩՍ�R�x���>�eM}�D�����E�����F{P��_�H��{L�7���xXe���剾���&:)e�����F�h�6�>Y\]Z�9�H��ͣN;�*L��JPA���}m�aZ3�-�.#���`H{�M��A�|!�]��snK��<�y����C�tO���Vky����g���D	:��+������'q�9ځ�mߺu��	�Sy����~��O�&�""K�f�9K�0%��s:�1����\5W�͈����A�Of�sT�JP6�	��Rd5�Ah>�T+j����%(�Z+Ŏ�$���s�6y�&��{��sA��cL��?ה���e���+s�B&����/]xP7V|e	i�Gf�d��3t����=�UD�#ߐU[U�4]�-CJ�_UfTG����h�P��-[͑ɠ�˗ȧf��)L--;tGR0OOaG�@����ޥ���x�Bt�""6quO�,��^-���栩ǌ�Cz�Ƭ�s�T��;1���}�F3����dP��+���,����;�n�����u{����l����r�u;DC���q+�,�z	���A���Jk���L�g�"")��s�02xC2dC1Ҭκ��e��Fk���<@���hږ],�ʍZ��A�8��A%˺��Sń""�&X{���Ft*��QmP���C2=�G��O�-���=�EIϓ��qYL��ZQ%�k��0�\y����z�̽ˊ�&�/u��E�,zL�Ձ����*�~t�\���ZR/HlP�O�K�r�W냪��+�+P��hH�5�Q*�]V�0�d���e�.Eıt[$C�ٜ�d�8�*��ުc�e���k��(�䢖=#�ǉ,П'��y:�N�dG�V��SR��j���i߷���z�y@�{�.��yrc�HH�����.�T0�\.ʄ��?��k$�����˂��x>?ɳ�`%Ae.4��xjU��xÛ�6�*���>�M<�7�Ζ����m�2g,���|#�]�����;`ř�z����7*1����>�]����h2�DB)�""�IX�.�R��H&�d��g)�Z�VaH*C���<�ź�q�M����Y��	�#0��iW*�f�9f���3�k����th�na����ݺA\Y�=�D���6�c<�Ӹ�3�;`�M�8���R�Qm$9�v�A������u��ب�jv�=ꛞԫ�j�͠�R�r^���qi3(� ,�'��fh:d�~�������ߠ�i5�nk����vu������~����7���\5iJ�&1�ِ͢�r����;^X��G	�4�<��Om���:#'/""�Ą�a��W�\����xq������s�y��2���~?�P&0G,򳜧!�GhQ�����\.�8�J&6�t�!DT""��e`#�Ú5@B�Q�rv�T�/�f��|�N����?2ט��-�U��$c�ᚮ��tf���5l{C������������������1�IV���t��P���n�4)��RSh0iw;���Jw=ڈ67��ܹqz��v��n����^`��qn�g������nϱ�x��@�4�� ��R��OS���*�>���PHXCG\�Qns����pf2���.��SMm�Ǫ�隌���`�[C7?�/�ӧ�H��	-A�8UO�1�y��^����B��1s0�w���Rh>mn�ݝ��=���?u`a�wxj���\DG}syk�����T)*@��K��eV��u�n�ן���޾���6t��O�5��O.�f`�T��H�>-��F�3azM`�oҽ�X��=y ""b����Xv�P�]�V��/I�N��8-uo�QU[g�%O�M��M��i�WU�[�0����}�6.�G)7m:iK6���AM⑁]�Q1�b>��U,�<��ܛ��>���RU���}���}�����A�U�zԈ��N��tW�o��f��f�p��9\DR$%J�Hm�DZ�eɖ""ʲe[��2�CR��4@��Kn9E�O�%=ŷ.@Q�i��)z����ܠA����)��2���|�}��l���;������E��eS����8�Aq�4X�^-��\�Q�V�(JD���>�F���[���D��v�J��ʇ�Gvl|��[�_�ؔ���6��h0�q����.���1S�P���$U�����?�����Yϕ���2�z��xA�8��[&3""�ab�����k�i��چ�5G	]t�}�PN4\N4�Kw�L?1���҆���@����*ꡇ�]�}��'{�u�IK�D��H��?���������f�Q�`���l�n����< �7+�g��e�/D�|z�M��^QdM4h�Ih*��TfR���s�:�&�[ۻ<67d�y8��T	�<���LJ��oW�����=,�r.��c_��P�-Yq41�[FZ�Q��s�ݮ�I�����n�'�?&����a�:��N��]�4�����CR`�π�ε�C-�(����M�i��k�vй޹ٹ�9�t6VM�7����b""�TW���B�P*L&ݚ;��4b_�ta�z�F�V�v�d�Β��>�{��c�����D�^k�he�""��<����2���_�	����6o���c����E�ij��вvyZr���m�%�K�$�(˓�""���5��h3XI=h��$���J��Ր�f$�KC%	�é��5�,N����d��&-�Ca��s��-r��(s:�F����kA=h�S�;D�2-��j��ԃz%W�My,g��5Y�a���0��p�<���O2��y�,�ð�B��Φ����~�.��9vW��X��|��l��(p��6���)�+�e%)���[�� ���Sd�so����e�`	=�e�̐B��{C�����ǁ�ϫ�k�xT/i$ �X�*�K|WƮu�H1G�ϰc&��3�	RQ�21'3χY^Ӑ�)`J�&(O6�?��?y���g���&Sy;R-s�K�(������� �n���d:pS���!��?��ygP�P脞�.�1PG�����eq+��Te�2�o�;�nތid���c��4�ω�2��&p9�V���B��.�@H.��������Q���ʸ��EG�7oڗmϓk�����Ż���M���n�-���?}����k���LQ�Ґ6@#�T�uQ#�L8�H�?��p�~��}�����jBB���Hۢ#6���oy��������z�y�����S����L]2$""ْ+%%��ӑ�*k�!��MP������wױ�h��5Bm���?= CiH���}�U���x	r؍�ý�{G{��L͠���ݭ���N7�O�T-_,��������e[��I\	�a3�	���p+�u�@Hw�1�y�2`[O�F����� K��->7��E��J�/}S��z7���/��ok�	��hb�*Wy�k�.q�[S�Knɓ�����ki�""ߒ37��dɖ,�&}j$��Dk�@���N:vE!I.� �""u�2�6I��������������_�֗�4d�.�c""åqZ�%ނh�'Sə�,��I�1�)D%��	v���;��7S�ts��jw����-C�� r��,���uԚ�W���HՋ9��AV����{);�鮼��+���ke��-�)�?�����2�.��|�-��/mO	��s2��	��o2J@��'x�4�B��k���#��W�8���t��?���{%�W�o���Gu=f������o	�jJh.(���r�R�E�h.�D7���X��0��o���E����׹﹯s��3s��v�ݝݙ���&�6Sl�R�&��6�&6V��Q��(��BПl)U�Tߠ��?��������;�����.;��~_�W�J� ���]����u<Ȥ��B�|��/s��76>'m��\�����1���)|�dzS�3��H��r�V�8$5��[jn��d����_C�⇾�l�3�l>jZ��+5��Q4�DS�k-����vñB=\�ap����4{5�4�H���;^|��ݷ	5������p5꾯��6�����$L!t��m'�(��[8�*@؉hF�^˚��:w!�Rs�.�#e�)�:60�A鞿+Skt� �'��ԫ�I�訇X�>��Wj5�5�p/�5[L�2�i�,V��N�p&����Y��Y&��Cd�ѱ�����'U_3�8[+Y14���}�>j�����39��""+��wb7�ۑE��N�UM���.�\4��Rj*s*N�\S9g���3�b��	��RUNX�ƙ����^�e���B��tG#3I2(���|+Nv���uF�5��٥��Пv����gEt���_�4����eeg%�Ԧ�M�#�+� j�Vڊ��b�	�L�B��.l	��iAv�O֦k M���oc�����/���P�o��������դ�ԁXrx�#vE��v��Q;n'��хc��]�� N�Ҽ�qA�;�Lʺ��.��M���#dfP����C6}�Q��c�\�����֮�'T��4�C�B�ظ�>� ��p8,gj�7~�,Ԅ��]n�ZԊz��$O8�P�g�X%4��� |n���yɜ)�>_s�|[?����	��9Z�-��@�G�'n6�UP���g��խs�����}R���T���R��ېK~-<�v�^`�8�	��:�p�O�i�f!H��~��*�3/��k���n���sA��RM?D^&�/_�A�d��l�Z8�!��^b^)����&����p�ђ!����l���s����=�pN)tA�uE�c6kպH�Us�����s��x?��N.����o�J~���<����3'��}o��-+|���������a��ձ���rNbCjX]�ˌ�""��b�lf[����9��/����}��,�}ih�$�L)��HM={�+ih;b~Ѱ�R@2�x�-����*�ӳ�V3૿��B���|��B`b�fQgIV�)�*�X&����)��+���c�^��}9�R���c-�Ap�cn�h�3^]����1�}�?Y��}ߣ�WW��v����;��;��*�|��JF�͊�n�=�1T�%w�He���Čg��+�HN�^���fn S�;K~�ӓ����?�1��.�9�:�Wu׾���j��u�z��饺�g<�o���NlǱ&^	��0�D1+R����$���'	!�XBFb���""C|DB�d����3����龼�_�����D~H.]��f]=�8�>�Ɓ��~�|���f��Ť�����P0d�Ŵ�b����A2N&��r��=�`���B�F���U����I�GL0�+��|��!�+��|3w�2%��Y>p""R�:*a^e��!^}����62<���=#�3h�i��7���:�:&��t˰��B""F���eR�a�����P�B�X�ʇy���z���E�p�8���:��zW7͒�H�]MP���_�����%/�]�9��o�٬$��q��vY36�|���I}�7��Lf4W�4pV��f�==S���3k�n�|)t#�97=7S��&t��u�*a2��J���k21ح�O[��Y�������3�S$�w�mr���:L�d�ټ����5\	Y����^��]y�է��d��_��?֢�o1Oһ��$�a紬�k9�\+Q�^���*�}l�5YĖبYm6ʭ2�j�AۓH������U��U�w�$�M拪�݈݁�+�fgKH�Mbzf�<�IF��^�e��y�9)�1Q�=_��hv����\�N{#0y�˧̽���~�Cɍ������4�ԑ�-��`*?U�*�?�����I��݁]F>ʣ�St4v���2�m�m�;'�wȉ'�u�	���ߥ�/��O����p�����E��0�A�EpJg�1�O'x]�UCuUOԢZR�*t`]to��F�Y��F�,y��n�-*��^�7�f��-7)?�cQ���U����h�g��!��Mr�L-��ӭ������3��%lp귾!dlK��m#��Э��8L�;&��3�����ND#!e�N������F�����0�C�(�""(�����Q(K�)3��z�������hi�`e@3�07�ɸ6P���|�'y&��!��������u��<�͆�Q��b���,^��Hh�m2�-�w%�\l��s��epƨY�]zu���[��W�*��7�	p��o��^6%M�Y{��������<�𢘰�K�a=�kI�BF`�ިSh�.T�S�jX[p��z���熍0�p��f��E~B*�t�u@C�{~xJ���;RWB�/ زn�1�.f:�:��N��f�m�c��f�����Mke�'٘�B\�_����1�r�8yTB�vg�,�����%�J��/0#f�Yc%w���Msڜ1g��0�z���pq��lP�Ʌ���H�L��e��Boaq�c�J�1[)���˚�����ȋS�K^����ţ� `Uj��Q�������e�8�?���\��w��w.���;9����@�X��Bǚ���?&���������+0��!�e�2ȱ���Y�v|�c�����{�@��G6J��f�b,�f�b����WG�J�-�Ґ��h��qRqgӜK�1�w�l��F*�1L~Fb^�t�:����z������?~��G�������W*�4]SM��l��Z��""�}�S������O{���y�y=�k�ޏ���Ji�4;37���;�v|I\�V����3��������O���&��:��(���2Z..����;���+x��������o��N9�""VVv��Z��9:�	8��}�5��/����#1�b)��B�L����KR&���(�D""2(��$$�-·O=+d��A�����[�����'Kؗ�ۭ���g<���xΑ*X�^޻��_	÷���������/�3]��9��M��z��L/�^~�B���c˞�!/`!&z�GI�;����uӏ�qΠ�ȡHU���;���̯���x�h�{?艊�m��i.�w��#�d��!y���i}��׻����0��""���f��ȮH����""�r)�%�ij���)A[��Q�;*q���4���Sx����(����we��_)O��@.�Z[����Ī,_�v�$�NN�Q{1`�}�C�^t���i�Rm#�tV&���2�#�M>�}�'��h�rmE�E���'Q��~!袐��^%�r��zf2��!K������$��`	655@�J1� %II��èR�$$I�����{����n����|��m�|��?'�TVȻ���/ڮJ�an.�������?�u+=�>�/�7�y���M�\������U��~�������ח��������n�M6N�V4ݐ$����TE�*<�h�Jyi*�J�g�@��G$�BUU����;3�ͦEb�gǣ�9��~�E$$�g{���bV��V#l���F��2�J�����	�`LƆ�Sz׺a���7��C�3�����ǲ^^��S5���q=d���B�V��T]�ӵz��+�a���<��pX�-9gɺp4������`��<�dI�a!���$�O2dC�u>nR��,(�(q�h��yj	?�㯞�*X����߶�0q'�6�:r5��d�,T��ۆd�����<�󑅐��a(�!jަH���5ݖm�'������a�8����|9k���j^-�eTAF��^�h��M�ׂ��:%�T����:)�0��U��dG�vm��w��oo7�ݘ�Q}>Կ~,��k �9I��!�ńS��#�k�	ϼX�@��Z(�8�(��9���2%R����;}����T�8�ϺRy�=��?�w��{��UE�������Ng��I��|,�ߕT�w�P�E���?��e�6�����RV�����c68�̬�,��r�R�z�gTuR.��iX1�ݵ�k��S+?�v�D���E����Դ�����[�(Bwh.��	5�?��j��ʱ!�C�����=���7�{�#{k?ɱ��EUR�j�Z���a�ޚ�����NK�9�'��Ko9m�0'���xB9�4@�C���6�htNpR�� ]>1������gq����ss660��l�:�9,�^��\���(Q)ưY�)�i~���W\�	�СԗR ��|��߿���?�_�_����r9>����`4�������lw��_�e~0�8;__������5�l�N�)��Z�<�/H�yϲ]g8A-y""7�9��N�s!n���R��¨�uYR%A 3 O��)��Mlv[J�%ؠr=#;�r��Ų������(؞�R=I5AR�!���U��.nz.h��>��üR���#�f��$�������o*�djͰ��5'�if;����,3X}�ǡ�&%�vzESc.HE�R�T��Qu�M�Y�ͷ�[�~v5���D��n���g�ڣ�.�o!�¯�OFޖ	]�3k��$���hLg��~���yw��z��ۊo>�:��Ӕ���������5-���+��ϡ���X��.��b^(�ʰ2�D�yeQ٫�W�l8&a���P��@,/+˰Z����F��v6;Qc�تnW���s���eq%f�F�P�DB��r�������i*J�=O�ı��ò;��b?���26��KCm�,Ņ��M��^�_�N�kj�F�a��m_u������ʕ;��0?C���L6ʦ�T�R�j���eCv�u\4��G����~�����h���s��W�lB	�D�L����tw��ƞYb8�Â�����ٓ}�(��V��u����h1[�L�������#���ꮓ����˥��6A�c�a�b�`�}g�_�C@��{֕�o�`����4�IV��s����ꪞR�8B!��r��+�/�g&�:�K`/��^��-eY�����!�""n�ڰ��z�o�ǟ��E��������k�׏o3l�}���v�huu��Ջ��7o@�|�m�v-�}#0����[sБ� ��mt��h%<O�/�\L2��t�T��aB7g�V4���	���`Nn��[��ުi��|�u�\M�8�5F��s��oQ�geFVh*Wwm%c�i���0�A������7�|E�������DC�]pӐ�4C���RvZ��*І�i��϶�x��c!KfI$^B&lJ!����|J�	�8$�����]w�1`b7U�������b��x�dI�t�P�dK�\9ת��84�m�/�E��?q���N�����	X�I<-;�c#7���+�X,cwN.=�tr�H�M��lW�oY��ի��U��W�WwWwWw۽��v;���	q�!�'q�$��H3B��*��.,4p��Bq��Op��q��H�0 q߫�3Yj��m��~�_�_��S]�`��g�F�U	�7҂����a�����7$���>~G�,ׅ]a_��w��u�F�q����l:�xS~������d ���?Z20/���K	�(ѫp�V��50�ez�Ƃ�8â����6w��>��!��E$Ӫfy�V	/ҕ;iE��s?�OZd�w�N�	���W��k��^�w���٭2b����������jemu}�Ҟ�1ۭw������g�>��0y�B,c������2���������%�ٹa �u}e����J�Ue�n��lM�Owtd%��Uu�������q�D�O]M�%E���;�oe&���r�i��m�*�;��$3Ԫ`Dx#�3��$�����]�H� �O�Po�ܲ��-�3JG���h~��O�7���=�H�8RaG��޹��	�eAzt��P��i�:]�gܹ��=����/�F�\͆�0�շ6�yژew�!.��O>w^s�9 �^���W7��""�l?T����7��W�j��l���:#��m����g)�)R&�6#�FV�P_�܁�v%���R�R�M�V���ߺ1�IUS�6N�XFb��J�~	�t_|��{p}��-R5P#��""�A,�\�C35n�-�0ߣ""��`���7��W�N&*��Qܪ<}J�J��~���7T�r�D�&ah�d�d��7�E(Sa?���b4_����:��(�afh&�V#�u{�ư�X��,�a�`�%��:#�ir�IX�Rt����C��,���Eϒe��߲�ݫ2p�����ɂٱL����""�좽=ûv�)�[�� �`ő��f�͟�6�j.�@(�@�#�	p�s�>�S�j�l�.�\�K���60�I9�ę�;���*�K��'��|	�oT���>c&�N��k�gO9��죏��77����6#��h�Q���ɷh**z�2�HI��""�`\�B�>��9d�Yӗw�t�^�٘��l3>�)�P9�ޠ����(J9Wq��9�Y�l9,'�Y��q^�w����԰Q��jzm�K)��]�n)����v�*����ǲ,T/9���V����E+��-��7�xR����y��Đ|.e�5��#�8#깾���Lkn�6�f�?��-6����3�sٝ�囙����ݙ���]�쮽�q���vҸ���BDBh!�*�J�U���xA&�	�JAЇ���""B��[y		�����ڱ���;ZY���?����8u�(#0�B�-�P�P�����^���~8|X�������C����{�B��7n�ʣY4��Ac�-��K�+�83���f�H5�3�9%��K�R5�E���z�H��xFdQ��Q�D�m��kp葵u�l^�u`����NOO$л��eY�����[[��ά.�T����'h:�-�3�lՐ��f�L�Y�-F�!�dpv��/��*գ^ g�0E*���P�d��i���l4I�4�(� 1��Y�OZY���%1��f�Q}�`%'�BU5�\��%ʬ���1���d�נ�@���,K�\�2or�� �,��15N��΅���8LY**���Lc��|�I0K	�#�]��	�=�æ㐗�	$L{ /HK9Ssx�X�J��+���e~4�57��0���V 0�)خ�:4�7��}]5�h���9b��G0Q2�Y�b\��b9(ckx��0��iz�ԃ~d��z����[T���W^:�R�d:�U_V���@h�Qь�""}Y�?������y;�}Τ�l?�~Gy�Uj�0�<��-�L	��j9����IX�G9d��(%�:E{49y\�����l��7�""�Z��v�}ý#��=@�C�B�9i\��e<��T�����O>x���ti3I�-�֤�W�/m��ٶo��}�܊V�w���+�%R*�؝g�6u�TE�I`DF�/�NX���~�o�T���k���5��skgF�@/�T�M4�2FFlԍ��~���I9ii��}O�	��%\��� P��n���`��@_Dk����G[�j/Ҋ��L���vhV�V�0|��u�A���ߨ�S��2���Z��Z�q�V`��%?��J\��<[mV祎������K�媍U���u�n�-w��ύ��=�G�r�k""�P�ʹ�����ຎT=t��>���X�x�D�Ç �4�{��ѯge�����/��z=��D`���~����c���u5l���{���4QU�������j����+�~hʀ�~B���D���h.`:���%��B�a��.���2����q�=���۾���c{l���$3�<ҦC2M""����)RZ���V��ؔR$Ă�JI���[v��""ԴV�wIj][sug��|�����x���s����<���c~,���l�I|F��%�	�a�Iu�EI�M��ZF�K��U�F-���sMB�6��JSL�R����z�Ϡx""�3՞1\�S��sΘ\����e+���X������,����;��\a��ƒ��fQdn<����q��{*���O�?ˬ�ʨ�~.)R�aH�s/x�op0�:�Ӵ��i�ଇ3�t���q�'����o������8�����{��""���������+��vBML�M�2�D�8�S�a٬ʩ�*��:}30A��ԓ�����1��'n�,��#����k׀�n�8��L�;}��+op��Ӹpyq�@&#�em���j��{:Q����k���_�9+n�:[��zٖ���|:�ɷ�v8�Q}\'� ����4��x�E$VLBJ�&�+���Ԝ�G�""	t������XUn�a$`V$p�e:P�����x]]g�I;��O��69����ݽ�ƻ�7_�S���z�	l��>K9���O>U�!�6җ,��,��b?��HC7�:������2��AL]I���.��""�>��ի��<ո��I�Jg���������!K>�>��/M�vUOM�""�Y��U)�L�;�fjq�D>�J9���4��{T���A�s����j�h�`��O�WV���[ѩ1��������e��V>�`m��s��g`&��$qo�����VB,$����u<�Kg3YB,:�p1�aۉM>�'-;>�(�I`���W�}tBx�����6r��Ǎ{�y@����!���N^�U/ ��܄1���ٹ���A���S�H`	�G㘐���x��a|�������z��4���0����qáT��p�4S�x۫�]_�@`��G�Z}sU�ꐗ��3q����RMa~��$�R���(j���/""��Io�G*�=���v�YOU4�#J4�q/�*����*�B����\�?�h����Qf��Y��f��r�_���|��Mwh��'ĳL�-;#ͥS�д�p}��!�6Ā7Ӧ?w+�~u��G���!�L���11!�T=�m�7��9�κ9�X.��n�m�/Ƥ�DA�D]�+�I�xO�'��)��_'���3�g?�4őd�(C������4Y���䎝 MG6|�wyE�p�ͳ,L���5�/���w��s��ET���c'yQ}gM��I�S��Մ*I;�[s�n4��h�Zj�hm����(l6-��ZW��F�1���������}��e���(ך�S)�r?u���x���1��D\���""m�<��UzR�Gz�m(�d��w.}���=�6-(F0�Tmx��۾�]��Ld#Vh����x@e�F���4m$�!�4��4o""�ԉ��8�<�X�֓��Y�m��P��c��JiT��_��*����+˫0�s[�eo���#0�YL�����/�;>9u9�9D���#��hss�/���&�(���4����ި����#�Sjrk�8H���Jؐ����C,��H������zĤ:�V#j�:F��P��k<���Sq�N�=���3v����:m�P�5���Z������tL�ʸ��[��8@Րcx�G�L��B���䪹�$�4'sP�nj>5H-�0@�""�������J(A��fA<~ �ߘ>#P�����\�����x|�s�l6��~�^_j�k�^��`�7{9�n���0��F�\Fh�@�W�Y�h�v�o���0Aߠ�S���z�V�|�\��Q3jEǣ��d�������Lt�{��R�BY1�B�Yy;�~�9m���k����pgq4�,�.�-�/m�6G[;�;gjgk�j/�^�B�������""��t��0H�#7��cuDo0>�_q՞��ӷ?�B�n�)�u���Eس��0B�������,8��x|򤵼��t��oW��� P�)��R��K��M�����3�h�P� X���S����~	��7*E� =��+\j�P�5�}�,�O)W+U2tab�;3&F`B�B�!fD�(� �ā��(̡@�h4K��t<�Q8��8�̻}�G0~�Nq��8ax>�W~�g趂t�R��8�u���ٚ""�)��` �er�Z���a�Z�M ��������C�s�~*�X�+�.Bux�~�E(��o؁""P]jy2�K�����Z��*ƽ~/����nT.UZa;���=�h�|�P�F@̃��sm���g����/��E�rW�t��sp��yD��H �1��e��sCtӝyϐ�����~�B=K�Q��,��5��]�6������mo���?�M�Ȧ��=�9=�-tWl]Y�l��p���n�>�G�� ���;�0'~#*���_{d�jp%,��	\sMN�Uo�j��N:�._����xsӆ@��k�Uռ4�,�+(��?GN6UTu���uxp��8U�ajW�c����?���L�`v��[T-!����]��͸9i2�`hwg6�NfdU���>l�)���M,�e�	#��=c��X��Ow�[�����*)�W#�Fsb��,E��d`ɴ@+�I�t������EEǙ(U9ԇ��JE^&�e%�Ȏ`ipv���h�$�;��3�#8Ò)rRJŁ�Z�,�AH�$�b���9�/��r���m:OSd�V����a��S;ԣ��`����r��*����Aw���������ـWb� �-���x+���Ψ#�!�w�� ��碀�<���t�ً��Z-cp�&؊�,ĉ^�fb��<{��j��{洫��_���*�8��|����!(P1ߓ<�р,��~fn���d5k��p�u�:��=2��v�nG�hw�7}+����I!�MǼa���]hA�F}�ޭ����`8�2�""\�X>�`ǧ7n���D�s	""w��[x#���\��!6��s9�����c|Y[���*J`a^|,9*���]9�ᆼ�)��n>_9�F�|��%N1��Ͱ�OӲ���_���)�lK�i~���aÄ��tkq��\a�sxf�:ߑh�:���ڻ�^澍�\��?�;��O�{�5����c�9�~��\�*��ɭ rO���3m�������W�gv����Uņј��x���Y�e�N��4I$�iX��X�`g,�)��q�5��[E���/��J""�i�f������-`��@��²0�I�#""	��G!�P�ެ'�h�.X�m��������ލ�9���#i�<�2�(n��k�Ȍ�,�}7[���77{�vh�1M��~Gu1v�0�0��Q�u�qϮ��ծ""���mǤ�aJJ9�f��h�߁�?�=���&l_IvW��$���`>XF�q���j{�=mo�]��A���s�g�8,䊹JX�~�oL6V�'�ӓ�']�Fb����R\�+��*3)?#���K�����09��'z��7�{��U(N�P�V���mx��`�g,��fE����&��k�ą��F""��La�߂�ѡ>��~�ԧ�0��)�z�9�'�,_�~CV�k��'���S�8ƝI�����|D��Jjdun��lo�l�8���`4�k��I�7�t��HR�fZ>=���dP��#������y����Q��:v ?<�\�<�ѦV=�����W-���`X�H�E�;�ݾ{����kaǰ5�Dϳ���n��~�ǘE3uE��(��s��[�m����P�?	�Bh�t������k����3�vOqݴ)��d�5sg���^i�ĉ���A.�C.�|�we�@y���Ut�s@~��A""')��j��oI&f=:�%��qz�Ѭ��D}Hz^w���(""EwAVO+�ʂ�1}���Qo�����X��|4�Y�gt��;�}Cg������x��3�����]G��/ݵuj�E��2�؊k��l)̶��B���`�Ōe��X�tLy��PSd�Xܶ���at��:��q6@�?�%�Yp��0D�'\n_�!�""�K��K�^��fgiL��N�+����>�J���S�;�wy��z��>�B��~~U5a�2��3�\<{�,?�zfǣ��K{_���@Oa�s.���^��01��R�?5ԩ�%7��q8s̙*>��!�L=?��#Sٷ �=QA�$�-Q3�ۣo�جX̙"".�qK=��x@��f����WE�S�9�{�X��f9Y�W��c�cg�A5C'����1V�RĜT���eW�p���!��+�Ħ���D�p؊�l�v ���w��5�İ��(��Ũ-u��*�l/lE�B�X�e粃ֱ�%�a�9� �+p�:��o�Z����x#B�)�A�=ں�N�[�a���.3������a��TI,SMZ���v}�V����S���Rd̷J��D�m1�-�e�k�  1�Z��~%z����g}�P�;�ۦ AD���J~���p-����z�j�v��K�.����{q۽��t&��t�陹�4F""H�Q���!Asf� 1$4�%$Ns�?�	�#G����Ӂ��Գ[�����-�c��Z�Rk�T�7]�I�L��Z�n6LH*T�0H�����0k��R{�2c�Zz>(��Ҙ�zW�}e.���O�'�`�{'�e�?|�ĵ#B����Zoȥ��mXA't�aC�����s5ȣm�0g~A7u��e�jX��h����t�RL¤4���n��p�W)W���L6Fy�}����s��X���ב֨�Vu���Nݎ혇�����FUI���������~�E͢�?;I�{�r<��7����_Z0-�+8�.�^0-���X5""���Ӟ:.uY%*�^��A�	X-�/���\.�KN*��(`�R�u��}R�V�n�n�~�S[�X�5:u|q�*������{�w��^�2L���T���$��	�7�4�C&� �����]������z �y���is�͇��""/�?��u��/P�[ c�#<���I3������Qj��V0���T�A,�3Y���R��Y�ZF�� �uav��'�4[�_���Z����vzU���""����Z�(�*�A�\+�/ب(��;EE:�p���tO6Q�F�L��um��t�KmkT�iSt�H����.�w��#�2h������ȩ�Wx6w��.�^]����Sx�5<#i��Ơ�)l	{m�	'�ɢ>��Y����ã���U���A��M��%ZK�`vƠ��/`���BR����-��OӺ���u�U'L��ո������&����!��;��+Z�瑒$	}���w�J�C�n����~����W�Q@H�Ԥ��_�T�}B3��!O�P��׀0�^�Q�E�XW�P��z��k��z�^�֭zf�0$K�)[r%�ƵV����v���Þ2�e;��Z���ku>�(�7[�(w�\ɘ�""�Q.�	��D�����\�?��;D��AG�ԡ}���>�(��n��s���{�3:t���w�=\2���o�a�/oq��.K����\��X�;]����Ҵ9���������T�	M��!_����}vz�ν�&�Ӄ��h3fi����Ͳ���q�T�@�8a��MQ��7M:��zbw��Q�j���XBy�˥$� pStT��+ʯ�.bS����rd���7��&E��q���E�S��##_�l펢7Nx��#�������Յ�U����-��������`v�;��j����Q{c�hT�)S����X3d��Eꛋ/��/h뿒ɏM��C����DQ�����UT""T0��T��ǻI!�i:�⵶�`EB?�C""*��~��hBo��¬��N����/�h�M����p�p˴Z�!�	&��KPXʤB���fw��9�m��	� ��_;�-�S�jk7������=,ud�%�b�ڕD�I��u���A�q�g�#BbB�3₸$^�:5DC2R�©�f����v}��W֧Ʊq�:��ֹu�XV���]��;��w'���}N��H>J���#_�㳓�ӳ�ٹr�,����'��4Y�kA-�f@N��z�ur\r�Mb8��8�����aI~r�*��[�����*6��z6kd�3̊�����J�ܕ-�J�VIMi6��$k=��i��%�b�uEC�E8	���9�?��0J�m#�9ؿIϠA�0��8&�+�""TZeTVTQM��<�K��5\����aǪcҸ�P�@(��R%2�g�ƩZ&�4P�T�[� m`2��No�doBӃ�5��n�E���֋��ĪUb�j~��+r��d�qn:α�r/���_�1|�-x$�Gyd��:�m�/�|���K����+�c�����~�e��vms�5��5�L�142T�*^�.����|�,�hV�Q'�F{������}l{nZ��¼8�̽y��V=_\,�.K)�i�����7\~��{�0�o�ubL����M1�֘D9��'��Gz ���H���avI�e6���]/�_?4M��=G)��k�o~�9ԍ����;ĻK�R=�w�N�YuZ�Q��C���~�~F?�����N�P*�ͨyY�F	�U#�?�g�!Mi�����d~4�����m�f�a���ѥڐX����a2��������	pu����y���JWf2`����u����:�1��4BC�.:hmg$���m%��FR��v�.C��%�4�����f->~����N		]A��`�e�;l�I��X�eC��W<�(�a��ł)�Ti�""��w��D��S�ϒ6@!	HD)x�엷;;h�뫍U��*F��h<G'���� Y!Q�dS��dcs��W�V��~-µp=��o���~�p>���f�YxN_��2�nmmS6��X�?����M""��G�s�j�������I2|�uc�rh�װjJqϖ�QYk""�6���ݎ��vj�Q�@\(\/��u�����?����(�,��&������-\�%�7�OD��k+��f�i3<�LVR��#=��zE�)X2Ye���C����}��޿�?<����F�枸�j����(O��8��:J:�T)��V4Gv��%�������m#-���zg��3��;�=�;����I�:	iӴ4$MJ��vK�[���*-P�p�B\g.���J 8,��8,�ˮ8��qڔZr,�GѼ��|���C��-,�[��'l/t_���7H�7�.O[]HeK��)V4��X�g�f���0�<1���<�5>a[Y�@NO�שV��3G�m��9ļ��.�QGRD�H��)��09W����m��""X������I��O&�Рv����ӟ�w���.2��~���� �C�x�S/v��@�>�%�=�.���C�����6v7$(���-e�l5�e[�����W�n��7����.̶z۽�ޥ��C���������{����k�n�~����wo;�R��S0]h)���態� �5��[t���hǛ~��՞�^8�r�{��_)�&�;.��D��(Sk�%#M�TȽ��)N�F{<����?-m�����?��R�ݏo�""p��㤞!���TO5}�Эrt���Գ���Ft�c��Q%�z��Y�Q}�(�yy�o���V�V���L�Y�%�����jYeLf!I��T��夰K_�����:8��I�ar'^Q�<T��!:��lIK���I����6�-6l���)�j�c�0���|&|#,��S��tF�q3��0?C2%�_��H`m��=۟�Z�}��g����ژ��M��R�������K�N���o�w5ެ���GU)˙����¾iؖ�լIn�蘘����zD�Kk���""��q£�������a�ݲ=�	�r(���p��fn��A�*q5�h�ƈF��h[�ֹ&�	�""����x�uK�d��\��I�-���k�`�E���d�2?]C?���|b߮�-��M4R�鱆 �	;�ɜڰ�YhiP��b���p��j��&yz�Z˭�ְ>��%�ę�N�Z�+�@!;$Ԩ}�:���U��M�j��V1A�;��-��W�:L|���]]֯��@}Ӫ���Vɰ̾BT _:y&��,=��G���1LPB( K�G�wX�cS6-��x������9��GA��B�t�W����#eR!���8���@��SXtE���=M*-��""�W�}���'={�n�ڗ���ś]���ր����,��,��-��@�+�+�'&���z{�=kl5r�V�I��Ұ;��8<>dġq�'U�e6�)�O-�~P�����������2���/��O~u�b�a""�[=FaL�����z�7گ��}�ל$Πg�AK�#X��-A��.U���|I�y&�`�)�+�-蛪*Iw��L������[!]5I�A�ؾ#���L��h6��wE""�ţ�]Œ&��-��F�o���?2�����e�f��q�Y��{��ݪIe$M�T�ʽ��hu4�:��.���6�A������'�FaG�(kbo����kK�%�BH[�˽�bWbܣ*��p����ZJ��lۀ��d��ˁu��;��&�\C�So-P���%�P�����:��6yaiE�4�(�li��宪��Fy�G���d�D""��ZL��d���L]U��T�a��P��l��Ԑ�T�|�l>�/���{�U���^���C�,�""��""����&��Ţ/̏;�ux�?�����������M����yv5�En�p%ʇ|)���v���m�a�s���c���c��3��ewgg={o6���$EDY�""��%AI��(A�(xA�T��� ��}%�&�o}㉶ �h��s<�݊�]��ew��?��]��q�YO�:e%Ô��E~�L[i�C�}۬2o�<�τ�'��1;r��g�$������s��w�����Sr�����?~t��wKn�4hQ�n���Az�k~m�1Dw=����S�V��Š�/��CF��""�$#0;p_��u6f[lª���ЋI�l9�j��C�d���=�>T4q�3��9ͩ<�;�f@��""���n�.,6ŵ�>|�KK�<}���qV��X�3{��޸�YIi/z���X��3a��VC7�����架㩴�bڋJ܄�Y-jE""�6m��s""'��6{M�$@_��CZ4a��O@O$��r�,��)��<q����|�0���19x?�qpo�c{���kV��������/���:�5��o�b~95��K9�����Z�DA�ުc����*�{C�@<��ZD�Z~◡a!�Usݣ.�v�8�J3R��F᭥�]�yӾ����������?�������g`D��4M�l�I]~r��mӄ����6����YbnO��T:rG�Tn��P���T]ņe��yuA]T""]ڔ�:�����7���:�'����ly�ʬŹ�9̞�6=�a)k�q�r��E�t�6�>��v����`�#-^�r����Z�b0m��Y�o��*28@��bz����j`�l� �3�G�WG�^fh6���|�������\�ȼ�'��8?��E""�b�*kr��өF��kL7f�""�������-v���<��A8�� ��^Z��{�~gF��trǐqX�X(Q�5O��N�<�7�u�q& ��o�9����#���C���K*K?�7�X����p��}G��Ev���,c+���_���etUQe�*�������o�&�2=f�1�t�Nk��%��vS�����?�ϺC����mˮڮM�����~د�[Fjt��1��$�d.��wE�U�������,�ѬG'p�����X����qy��+����	�<޻���>^`���_fxgU޵dK�$��""�e��m�����9�A8J��ϠJS�-Xc^��Os�B�(� R(ER,%R[���̠7�2�7V�UeM���L��%L��h�-;�({��8n5[m5U�G��l�.�����i]JI���&���`;y�	q�����(۾���+�E[{{�޿����s���O�}��s�aK��$��&CvB2���^�TşH�e�9�}|�����x7�Q��MaK���v�^臃l:fs�iƒ6�M*?` #7v�k��iw�]t��Uk��������y{�� ��mwS7R>�1�Z�3�p��%�<�1&;�k=�D���Ư⋕@��f�������n�?��PE��5���w�C<�ES���MQ��d�0���W�o�-i�*�.Un�v����<�й\�7�1�Wx	�`���0:LV��*/�o ��T��K��;�O�9K'xr�ק��W�V��^���_�,�N�n1L�������~&�TE.ͭM�B	j#Z��8�H=n��Q�J�Z�ɰ�&�P�9�i��A�����se��|�	���l�q`������׿Q,#�����˟;8�1o��R��L���E?��y۶�1S��?d>`��>q@97�3ߙ(R+Z���(Fͼ�u/ͺY�8h\�v�u�;[�vF��*D���4�����N w""�@��-��!�r�ը���ɳ��M������;!�WMnV�_@�e���&�W:�t������J��Y�J�g}6k��໿�{�TEU�����j�̈ы���r�~�cй:�J秖 �VQ���).��*��@]1���R��gm�Px���wt��͋��]�h���_6����bw��W����T��/-��S�AP�����U`���*,bu�|�4Us���K5�����`e�ZH�y��?���7=읗���KGG@�GG���e5n�Z'��#�i�9�k�ri]2�Ͽ��%pN��$��.�T*�`���p�ib�%amHfdiȼ`.��iM��g;��SS8M���fpp��|->��WΙ�yn�m%;�-��Z�����2�\��UY��xM�$M����6Z�m�����c��$N���;�&���ܛ���ۡ�:C+:����vH#��,X�X���B���;V,X �Dl`X���p~'i��֒��J""����a�bPmփF��gt�{�e$�|Y�kr*wd�ӧ|X{�)B̹qւ ��*-d��5Y�ڦ].�E�zZ�v1K�T��eZ�Xa�RohM��%�'x�Vj�����l��������mi�J�����[�8M��{���lgyܱ<#��=Ҝ��s)1��%�V<�O�џ)�Ԍ:X�JJUI�T6sN�;�)�s��V~�g�u�\fJ�[��d�4=�l� �>Zkg�V�5⩾��{�/��fmW�5��s��4��YG����Z�8@ִb�Fܰ\���èfxVk�N����P²���i�>� cMӉ�����OfG<��Y�M����)����""U�L�i3	�j���Ta#2'��y0Q��lŭ�N�^���c:s���4.�yy�dt͗�wm7��/q;�ʽ���^����eF�����֛|�����A�vP]�g!��,t���l/���޺P�iV1&��f�IL�N(e�!p""�p*���D������N/��{\�<���Y��oߪֿ�r3��vM+�N���̖�1%��:V'�""��G��;%�ȱ��hLs]T�T,��Z�LHr�?���?���T�z+��ƨ9�g�T�y��Vպ�P�b[LĮh��j��P	���/��Մ��b!���$��烌'��R6�u\��g$�H�֖]��O�����\:,�⁲{c�#���+=|[pQ��;^4�k�71n9��0�����F=`�N_��2�2:���Պ�uH:m?������XuT�K�بJ���h%�4/<��.D��X6�Q��;;^y��Q ����v����o�Ծ�js������ڭ���ێ#�N���4g��%]��m�̊��O���/�/���/���)��T&�u��5j�[Y5�DfI���c8��CԵh�q�tz�>KhN�_ 'R�s�����ФZ�~�\���;ܷGj���PR�[�s̋��bi�\���b�""���J�+_�Y�q9qC]�P��1��߾8Ne�2l�4�""dv��ɘڥ��z�y�^�A""�����dg�7ߟgz)��ev�&3ַ�&{�;;��8�	)�ć�I������x�[M�^8k���S2��So��k���?�޿����(a	iU�!�/�l�n������o���A���/�n*�%}��_u��n�CI�z�BeY�L�����msZ�����~�v����A�z`��<��Ꜻ���ƣx���G'GW�g˫�X�0C�A��oF;N�i<�O������h+s����'0""�����_�io��6�Yxب�;�^�)����4HNs<.*��cx�f��[9�a��R�(��g�t�fgF�g�P؉�پ������1�$�'؜��ð��ʂbX���sz��(�f%�U+�Ns_O�� E��@���""��}{w�����D��a�P�^8/���a�R�u�����om""L�L��EaQ9���g���b�8-^)^+�յ��#P�FI;ͽ�d�\��S�����XL�q3����%[��a�O1fE�'iZu˪���s�T��5��������~ݩ�{��m�!ͥ���]Ƙ|ĕW�%2����""����$���M��F���\��R�6�cG�HI#��/����bt<ʰ�$)�4n��F�*#eZ�������0�%�R���|��d���Ýe4��!l?ţ����������{����r����""��+�h""'���ON.�m���&��P��e�0MAtSCJh�NnQWe��d�����f����E��""��1`��}	���Y����3�����K�t�����u����Q;1�&���&�8�J��N��u�`Aݪ׮���ٍ3""\.,l�}��#v��rk�6�v����6sJ6ڹZ���o�t'�8�\�C*i�akZ�=A�dCA�st>�EIRϗ��� PQ�l�}���qͲ����h>Rl|'0�&[��4�^vЀ�T�u_��Sr��w��6�U����W�z��v��-ۉ���ڱ'�t�N'�N'�o��0�̈�h�	�]��F�ˑX�%ĊAH,X#!�H�DB 5���5t���~Uϯν��s�]�xr@Z-H5�g>�w���m���{�}/�3����z�\v/�����>�uw)�����uӀ�%���j�l��{�+{�{Ӌ������=�����L/J�k� !o��A�0<�f�[���Vk���'o��7�{��2��|�yP����t8����5��7M�_��ښ�*����b����E�x��� j�\kI\摪�iX�4V�IB��0Y��>	aXda.�ʻ��B���6D�鲡Y�T7����g�R�T�u�7f��2¶����ӄ�Oɴ���K�C��_ܒ�����������7�����	N�DO6�Q�d�y��͓���'�?��������,�5��R��޷�.�@n_�z��[R����A�6��c��~A���,�'�W����4�R-v��z4�ͭ�d��-asn����`]ר�h�[�@wE���\�����v4�!��$(S��Wl�U����D�K�!�a84���U��H��5�gY��>y���t���Ҭ��A�z�+��o9��\̭Bo����U�&���.���^���J��.���o�Fۛ�;��K���孃���7���f��R�&�b�Y�)��G�GW���n� 0ct����W�7�7�'��v��N�+䘗�J.$s�9�66� ��UmW��X^\Y��V�X��xm��ܭ�iՙVADP""�h�rb���&U������������{����;ԲR*y���9��5O�>��)]?A8�8�$/,�`�P��$mIDѭHs6Jl��v�������[����D� X�����mM'��i���,>s��eB2�Q��	����{����g�76���~O�Y��N�I�/wyV-N�Q�ć1c���eޓ�ho���z���11�|M����pB.�����`e9#�sA�""Ͼ536Z���J�������Bl��n��WtDUb�f��x:�5!$��XĦN��K�E*��'j�ׅ�CŒb���E�fA�_]�>&&�K�l(&�c��)ȳ��l�Ȧ&ٗ��w�ŉ$4���4�x��H�t��""�W��b;�l�p�V�mP���2F����PU�U�(���K�F�8��PQI�a� Z��1�9����i���&D��y1o�I�Մ'���|�z��i*�I��ǧ�5��v%�O���i�~����%{������(���B���JAm���jJ|#9h>�h�簯Y�3�.*���Wu��f{���M�qF��7՜l�!��f�__�""z��7͈6�a�F)f�F�ʛ����U�m۷�D�Q�Gךy��+�Hu�%��]��j;EOA~�S��X-a�~���}n�=��ӚB����7Z��j�����t��6[ۭ�ָ�$�Y��D`]�|}���Y�ջ�a}��9��.f]���rQ�g��?>nt�>~��L=��df�U����1@*�r�0/w`[wL9�ڷ�$����z3�kP���DVd�[x�SZ��iG6ET'��̭����S^*T� ���{�ǔ��JT��|ǉ3O�C�� (,8⾏Uu�E��%�}������ncKx��M��S�����ۻ��v����_�q,�k*z����k�?������	���O�R�YG'�'�WT� F��&듽���Ό˛����(#�?�`�ڹ�Fm����EX+Ж��4��OQX������uu�����3���_��%�����66�݀ǆ�8N��6X��J	�����+����ޯ�U䊲���G�vJ��a��ú�� P<�7����I�eX��r�i���-�""����5m��C{�U�/迸jxL�	�#X���PEή)������Ue��'��mئ�d/������I �����^_+A����c����gj׌^y��5+��,��y���yW2����u��b�J�k,��<�P�q��r���eu]�����,�H�d%L�;X�o�C=���2��.t��N���@��3��N=�.��O���It�(����V~�sal{GO�Ͳ����s1-�%ǩ�����J(*�O�W.E扳gl�����T����>�E	f|��5U��\���w��H�D_E�}�R~ηS6�-,p���Dy�Y�����I%F^����x>�S'�r�A�aese�7�,'�%s�K��6���3�8��c(�Ln��2�Ƹ[\�i7Ǵ�mߧ���ڐ�H����f�T��cwH�""Q��-��D�����Ϸ/tU�N�5}#X.ʷ�C��voӦ>u�[\H�����˿B�ʰ�J�kY�泗��]�q��մ��m���;<�n��;q��z�8S�9��a1H��k�6�|v�2�U�ID���!�O&]��ޑ��l,$Ҏ�9�������������[��nlnf3���O�J��)��m�\\9�>���3S�xW�¹�s��j�lnl��h�Gh��q�L'�5�M��%�Whp�1�8�,^٘5�,��rm�V��l�I42F�F������(��!����`˒��{�$H-I���r߮}�&���:1��,tR������p�R:mfs�kb����j�+9��K�����l��0ץf���v3m��v�=l�T��^��]���}\��""ev	��@irJ�p��Yhϯk�D��M�bJC""MLd��G����j��T~I��~�JO2�.��&����'ꠇK���i��Y�ݺ��S/�߅�iӦ���gT��;0U3oS�Z>U�pSŪc�%��x��ж2�P�j׭:�������m��_0(�JM!f������p�g�5������`C�#y��q�W$�l60JD�ޱ�<""Ԁ�i���Y��A����K��ih�����n�Brw��;���EK�����_r���|�a����ՁiB˴B��/��\��j:�m�ȵ�""Ng�@��X`�]�Ye�t�=��=��Z�X����1�֫��F��:?��u1������l.��k*my���Z�n��I��	lZR�B�Q�K!3D�,e�C@��b&��y��9�g�͜����M�~`�o�:�	ocu2�dr�뒪�Q	(�8��=hy�nx�킹�iK�EO3���L�+��xM0P��\N(���9�=��4�xF���{�[�ބX��&6�'���:`��C/�A4��\B��J�L�����ʏoL&���""��b�p�$	أ��b,6��ŋ���{�V�]��#���z�t)���#�rP(����������A�*F	/����q���;<8�z��]ڇ���*�Әl9j�jU�,����8=���g��chM��z7�Yq�:D��~��v�|�5$�y^�C�p3�jR-��2;Z����w��;���E�c��G*p\3�m�ݕEC}Յx��@EXE���v�Ŷ���{�s�/s�������M���i�\���$M��-[�UU����E� -��]$xDB�}�^���	���+O+!!!����8i����x2J��}�;��]���G�R�c�>�Z��]A�rm�ˍSbXUhD�$y�J��PebE������E��,�s.��b�$Z��;G�E8̾��>�(GW/a^��WV�;eC]����h�SQ�h����~��[ֻ��%A�d!��&�`�����g���a��3�q�������ǥ���i^�%Q5C7�h����J���;�%x�o�!o�UE����:�U���C$E�ǉ/Z�""�RԀ�� ]����)�M����<7e��\Z�q;�,=~WR��Q�v��[�[IW��TryEH.�`������%d�ukU�hqEJ��e(���Ǹ�ZF���o!�RQ��+�9����)�Z�5��q�9���a!l�{�~yX^+��c�oP���]�ﯭ�V��P���F�*��Ą��(��I.������Fb�ߝ�NJt��T��D�1&�I�j��CH\H8U4��)Clj�h��f:�c�WĢ������gۼx净���N�y��}""�k=�Y��t��w?�}�`Ҽ|6�ʷ�K��|����0��!���WԞ��Э��R�ڨ�K�Ҳ��v�V�h���Ȏ»��:ޢ��8Ƣ�_:pq�z�����i�:01>:��A��޼�ll���<��>>��'a�DSG���@k��a�]z������ExH?�m�1�����1�cf���i�B���q���H����WiP�¤�]������t����V5�F���-��`36�*����jTz���21:,����3L��!�|F��xN��cya��C��.�TG\�zj����W\�m��ͱF=�>�z�Č�cL��;�W���p��N룬 �`�M+�NZ��3�{M�[�Q��Po��_T0~�ӌ���M���L��?��p[��nν�=`�=w�I�Ir}�IڴK�r��n����j�z�}�V(���8K�r���	�����P���Wnuo��T2MxW׌����',�����w��-�\��Gg��j���]������R�	r5Gt��H3ʏvA���/B��`�Z�E�q3Ӥ	Z� *0�3��QT�F�S�-��8��3O@�,���� �-+2��|s3l�˾.~��D�wT�$�CM��(>�Y���C�ŝp��7+�E{}��Yώs�`�+������]���_�?ܿ�잸��i���O7�nĄ��bX.��[���Qy\�w�7�#o^�U�	F�w�\�^$�Eȼ���_ȓ��A�~�$	���bǦ�""�c�o>�%�k�\	��԰VWK�k�LB߂[�F7[-�R��""�e�j��Ե7y1 ��S�����^�u�Ը@�?]�zMb����1�Z��q9�j�Yjmx��U�^N+�8Nն���X��A�;�oJ���*q��V����?�k�RW�m��{=A�%�I�0���4�^��0v�!�Z�<���W7��d���F�(W���%n�;�.Oq��aP�] ��8_Q�k����'����Ӄ6c]ɒ��$�X��±q��#��CMͨZ�LAJ�eY��3�2i��;^�}��R�'*� &q��e�=��kd^� Nu0ji�.�'�Y�DFwQ8ß�ʿ�o�\-�[�������&�0��:7�=�s���B/e�a�Ԉ��p�6�Lק1��r���sX�A�R��+�J/�k�Qe��U�	v����sr��ЍV�/�v{)dZr��Hj�b�.R�������9��9��YҬ�wu2LJ&�*a����=���@��}���|9L�lns�|뺦��p\7�o�Li�4.=�آ���Ϩ��%����Sh��;""�*�����j�-C��缨��0Y��b%�x�����^\�e��y��N�W�����dor��K�'7&ǳ��������?lWI�#W���ڷW��v���n��v������4��JzDF$Ah�P�� BB#�!N��	$�A�DHw$�p��8��r�d�U��>�}��������o������7/Ϯ�>6�:�6�>�uz������'�>w���N-*�&Z�%~B�R��PdiQ?��_Ĳ��z〆�15Kf��Cl�n�t-�8�KK�$� �d~�w��--�s��\�U%�ہ� D>[Ԃ��[�V�X�{��5�-�f�t�7�M�8�!�0\��ݓ��2�����Y[4U,��zJәXk��z��}����7�VE⬷Eu�pXQ�[z��@R�62M�A���]��Q�	�""�K;��0-���ZڌZQ��)KY�-ԢZW㵰�GAYB����f�:�ѣ�]���O�V����2�l��K\�/�|�o�|*x9��[���D.E���X��	��5���'�H�u%�q�7�c�������LU���3��D`�8�$+Q7�n�*��v�˥x��6�[�Ak|1kyx\�\�AT+ ��A�J3�� �`)��RAT�B�3��T`�t��^r�ac�9VJ��~Qt8+n@ú!k���+9�V ���f�ǆ��1������+0w����DS�DO��F��H_p} �f�J�I/&�F�Mj�9��(����Z5m�:�]PL0r��S�~�����=���3�����^�?�AnY��J�H��V�m(Vsy�l\����W�%L�>�X`��&�x���d�����,��.qp��y�~m�s�{�^q��]��U$Z{""��2<��?�����2��|��C5B�`�F����t��E��~T�T?�g����F������d<�������Q�a���ȶ��Y����t���ʆ[#.���iM����O�?��e��f��(:O0�BM�'�2�� ���i�ogg7'���~�KI��xw���&ʝk�M�>��e@J��X&1�ȾA�	�1I��y��rA��a�sw+{�GTW�iB!�0-�@0Mo˥2�_²c���fD;E�:�9�ɩQ�~���m6���p�`�ń&Y�t���r�{�zA�S�᝗V	OH*UO��@	m��|MWm�)Y�h��o_�S]��T�75V;��:*�,����Ch-�1��=�Ca\���Ag�ٙ-���� �9ӓ+X��bSo!{U��a'�K����5��2�e�ΖqE�S��ӭ!��ҁ����w�$鮎ﻒ�@�/��^�69b�=�Tz�}���xel��䕞Q��k�.�俙?fn�¤�/����i��4�=q�jo��^��nD�蠟i�ϋ�Hϗ%���p1��\*t�n9��j�VZIV�N��l$�I?ѩ��fo5�����۝Þ��h|Ѻ˦�J�2�\�A�*���C�)6m������y�TJ�v��wFW�����e��q��+?""CW_� ��a#�,eW�qG�(!� C�l�W�����V]f�x��3_�{Y�R,5Kr�Z���R]�@�3�luƝI8w�yhQ�g��O�A�Ȯ\,��rRN+JQد��n�7�m���i{���4�2DN�O��)�z�:7�$�9���5��i�?��wm29���h�b�^�5Z�U7dI�x���2����k_�7�I�X1�2���`j�(C���\���DfVW�6�S}��F�K�T��.�G�2��׾�_��^��vu{������v���g&��L�g���=3��H�����""@� .��E���H@�9GI8�����ʞt�dWy+��������#Y�3���,���k���\9�����@MU!���=�k�6�bx���L8S���O�R��ޤ����R�k{~��zm��L��N14#3����erL���K�Um[QkR^/ol���vk�:M4{�m�X��:��(����v� �| �o�g��I�6^>��^�0?.a!#(�n{��	#�""'�)Zb^,��CN�\��\�G7��q��R&k���Sh2�2(����F�bk�T�r��%��:l7��9�V���Y�~\.U*\�u�/�)��o��9���!��Q]�0P�|ɛ����F����{�~#jL���l0$���~�'��Ǽ����Ơ�F��ƴ1�m�b�J���X�7L@�$����`5�O����6�2|�F��T���Mǰ��]aH�Y�YK�8�p~0���{��n�yu%��U+����)a�7�X�|Q�_=��f�$�)A�!��oБ%j�Z���a�ڥ^M�#(W�am�6����;�e0�hmDH����J,u�77��M�X��Y_[�^�GF� �7��>�Bz�-���Jk^�\��o!(��C'��""n�xO8BH�s&���'Oǰ�x�=S���b }��m5 ��Y	;Ȳ����yۺc�l�.�v��6�|��G��<�S�UhB��YѬ�9����Yx�7�O&�	�Ym�O)������L]{�+ɴ^��l�ڨ�z���`���r���Z6m�n�-�i�'�:��Y�=hG�Q{:ۘu������1.բ�$��Z-��/BM���0)]u�P��&�""�g���� �9�;���뇑�[�����_�Ȍ��S6'�7�n�i�Z_��t�����e�>�c��5A5�̘�lq,2G��ǩ:N��*�J%�%ZS�;�C��#d�z�n��5h� ��)���G&vq�Pwqfި3�w��Tώk&���k���P�""3`���oж;6��=��kk�A�x���xw�Bua���!G��a�q������~?��d�{m�[��Q�η��l[�.1�3o���=�������Қ����9�U��26q�#��.��G���C5�#�z@}��uHj�/_�v+��t����I���Y�^����cY""�柕��G�K�ip����/�~x[V�Kɀ_����e������˼D&}/H�򛻠5�tI9HA���[�7KgK�K��}�-���oK�""�B��mг �FJ���t1[g�=�r�/=�lQ���tM��=!ۺ""$U��d�q&f`�3?-��鲁f4�$����L15H�?��z���X��,�R�̰G��mA���h��\��""�V'�ؐ4� ""��V�`�~�g�(h�,�i��U��d��.�XAq.���/�g���>��z���	�0`��6�}���ٓs�8�M���,�w�Ȉ��w��^�z�������Ƀ��'O�<���Q4~��	�BV�h��7o�8��H؝�BPI�M��i�Dab�/d 8�4�����ސ����9�y�^�Xl�5�ٶ9{N@��#d�c�6&���*�}�ݠ�.��>�U�,ZF��U������ǯ��n�0.m�J%���_�'̇@��r-����X BNHQג���I����,å�M���GI]\��E�O�ˇ�=.ݘܻ��W�o��V��Z-�je<��o�wF_��3#f+�C#jFT���-G�HI��Q�&Zs;ZW[�z@c��V�1`,L�C�$��i��O�?f��D����55�j�x �KE>�X�o!D��%1/ȼ� ]2���Q1pk;��Y��	v�}�8����@X�c�wqO�\�觋l�u�f���+���BV�����(a���3R����6��`�(X�E�@��T��f���6]����$+4�>�3~� \fW�Y����6�J�ɱ/�{�!w�DY�|e�q���6�Dy���D�s�`�]x/lax��_�ԯ��E��%^F�!�y��Ċ>/rO���#x�(�iv���#�I�t�e�Kٵf$^2Zf+�uz]v�Mɻ�؁�i����I�Aw��ȘXP����F<�`\Y\��=���3D9>����) H�{A0*HͿ6m����S���rEW}A��3[����|����6R��퉩����Tq����>�� �Dx�*?��}h����ش~��O�}5��nD�G��A$�w�_.��.\���򛵿����2�obG����.7d��e�~o����a<�#Tu�=�3�>y���DO=h��ģ�B�A�6�x�-%e����T,�u8���'�=$��[�6]�p>ވ�Y��t��s(��<'9���e���Z��i�.�٠L�H���0��vB��~� ��A�V�U�A���:�nӀ�a��(9�*3��3s �(��������G���8pt�&f�lh����7ɜ�y��,Y���7n�1���Ǌq�j���\��-z.3�p1�'i�zz��X�jA+4�q��t��d���I2M�+�jg��as~u���W��CN�jUB�`��%�&D�n=jP�]������TEoD��$�)�o��Û/��*Ѵ�%�fn~����/&w�a�����JӀ{d�u�㜉�����et�5P�Ǭ�����̑�YZ��(�2s+�xg�Δ�Ҫt+�ʠ2�L��;;�Yj�h�j�������nZ^Ĝ�k���͝�ݽ�{�g7)��3�����^������.5�E�X$�R��?CK��Qk��☘ҩ��2>f?A�d�8�h>�����SS{E�,K�@��}rD���-��¤�=���3r�#X[�L��2�~��䜣�����*!Tv]��3+�P��eg�z0�R�t��h�TӼ�|ZW�!UQ�}Є��z55���˱�E�[e�f�]��h�8�� ڐ���E��/F��I�I/ѯ׾~�F�	� e��ǎ�e��Ye�'�K�]'��)(�x5��}�0���)�	y�)p����(g.1�4;B~q9���*�i[6-:��9&�v�z�S/͔p�PzbyQ�_�U��O����/��M1G�>�/T��/y�˞���=���}qp���<M�0�d�O�փM�ϵf1.�������{�(�-�*��Z�ƥ�$ѝB�c=�t�p5�[������9>�l��X�v�:(�6�������N���`�~������/���FV�a��q�}�����ۮj��*��m�;�~$ig��t����HH�d&#X#�Hd��f3��H��H,��ǂ-;$X� B��ܲ;�D��v���������f�\��y��s<���KX�o)�]l�vS���'�bd �w��Nթ9�崇�ao�1��Ի:�)C�jp���4,���4�2i���Ʉ���246��pEa�����t�����A����<��Ľ�""����P��~�����4�D��|_#��dԲ�a8,�A���8[�n�ޯ8:J�RSK�}��V�""��3��^����U��=c~.0<1\!ݥ��?�6��-e�?��E�$5J��:~��`&��|��Kܺ�pi����yy�Q���q���B�/�t�o����.ǉ�qeɶ/i��8���E2�`X�kk�6���ږ♢�2w��8>�*9)��,c��)rX`/;#>|P5i��`���Ϭ�`^Mҕ}j	!�!�x�'�˯��|���sx�rl��ao��̵������ �8��]��K�f���ז|!��n�~�/���Y�T�KUU[�����0M�'s֊��p����@�Y��7��pQ���[zV�N|��l;�Ъ��M�gӾf��Z���nqN?/{$P�]뒬����ԯ�!�Rǩ��:렎<�&�f�q���Q'Z�.Gt��Pu��;2uR�j���A�8�8�ytx|r���3��`h@��dE�BCr�xNo�s��ё������`s���4�&Wy(v�-��qC�[���^�L$2�Y�j��!�B/I�&��r�p����X�9�3��g�ƶ1˲��4�D�x[�ɴ��l��*!*�h�ay�i蛏����ipQ����zqO�����-���!xpN��d�aTFch��Ũ�[���V֦��~B�uI����)ŸR���(5KQ܎�qo���xmR�)�Ji/I!���B����̴�4�9�9��3ZMYZ*ݢΠ䎳�jM~��n���666�'#��lU[V���c!N�X�B���������AA�o�=g�?{�h��A�(u^�0�!�*��!A9�]t�n�#��O{f�I*{ս����Q�X;�N�3-	t���������9��n!���4,�خ�3�F�|X9��@���=�2�U�����R�]n4�Qu��8&�]�?�Bfq~�_վp�x�]z�D�t櫬h:�I��^��]7^]%^;�d��\�aM��EU)�m]��{Ex����ٹ��4� ��fx=���VX�~�0�A�&�T��ߓY,�/��(�I����u���Jރ�r�Yo���갺^�\�6��F�����`�۫WV)r��=�=ɓ=��=�AN�+%���?��v�����[��ގ7�v�=�08����vp?x ��׿��L(�ݲ�(f��	������LY�a�����[�pL�]��p�]�,�D�-�*����ܙL|����\n���#g��1r���d�r��1���,;˵^~j�����2LB0]O=Mv�uI/�E}K�Vw��.&L@Y��{Q�]������N� ��,��!y8���+�]G*�tJ�2C����vg2�^�~��C�+��=�]�9O"";I��JQ�xu�T��̎��i[d�?�z�X�Kۈ�m�#�@�7ڊ+YH���e��꺧Y��vo0kS���B�4�vǱP��J]���4�<�u,��l�☇f$�	K����0���z��Ҵ>m�Z�v/�]��L�jԫ���r+�a4�&���K�z������44/���Y����-0'C4UaZ�R�~S�7����{/^2:�ْFqj�W��e[G��QG#��	��6���wf��\~۸�0>�;�{�MR��ز�)��HJ�d>,ٲeY�R�r,K�#�'v�4A�EA���^�]�@#F��(��h�kϝ�l�(J��#���s��}�3g��8j]�@R�+�j�..q��`��	ЊXR��_`ݱ�!���a9�UcpU��w�{`�-�Q�|'r*�q��u�Y��y\5��}[,�%���ul96�i։�9 �V�U�/䋀�+�U����Jr����.�G)�L]�KnY�?7ϻ+j?��Ã(���e�t��l�7f4��@$(�b!lf�y~�@s�8��}ߙ���x��	��HM#����'M��&�$�ثB�l��L���	<�LĴ�v<�#�˸����B����K�AF�-�����T;�IuS�T?�Ĥ�]^Y�w�:1)��zb���隞��ez�l�-�!�͚9kΙ�Ғ4�{1)�����$a}�q���a�%�S͕�I�gu��J��$���ܴ�U⪀Q��i�""[�z��;���9Q����IذpVs�<���=��N��B��j�]L.\(�����	��ĩ�24��Ƀc�A���j��e��;q-sq�BE�JE��7닳K���n}e�?m�4JA���DYf�)0Ef�7�kv:�s�����iO���	�%.� �|�b���i���O'�E_�(���fUI�w�Ƥ�/�/��+d`r%�/����w�|G\!�""�69Y#A��yU$�e�hb:�zm��J�Ϸ�=052�/̿`>�L��1s�����qUԝ��G�wwa�U/��p6�����p!\��~��ax��Q�Z�*�To�����w���=�~�-�,g+��`nP4k��Ұ?�o�7�[�k%$r��,��P�	�GS�=���bk��HG={c{�����5U�d���.<�ཇ4�[g5vv�����;�̳(���)5h����h��K\��o��z��4,���xB��5	��(j4��y׉ff ������p�T�I�N�$���]���nji�����H�E�5���q[_�I>O�a��F*��1�1,�(�-�M��-�a�1d�?��Pv�����y�|�|���{Y��q{�����᳣g����o0�p�Q���Oڟ�:�|�/{��Ƌ��_��`�t������O�??��vk���PM�<*�t����[��;7vno�m�o��|�y�q�k�ݛ�b��H�2ى�b��r���;{?Rh���S21w'�_J�@���4�Q���m�/䷢�yu�$�t�V��t��DS3L�\��Z�	�[�p���^y�S.g�>'�y��=�D��C�()�*�Q+�����a�4£S��D��2ܚ��o��""7փCV`�%U%�p2lm�/��j �v�@�C�=�&������,&|����;1�u���:�+���d����G�nS�m�r4P-ٖ!P������W*�ۥ�WhA>a����`7��B\�H�����A��uON[/bi^Z��l�/X,ߕ�Й��l��n#��EAY�M[""���ێ��y��x��ƹ}�v`���*�ݏ���Z���L��	QH�<χ�3�.��'�yYHy��R]ً�9x\�����G���,xڐ�dv��$1��!��������r�i	��^ʃM�GxN�<��|8A�\�OP[��Wo5��D/��ߪ�~k7�����F	�&B�N���<��'����)��3�~.�����J��I!��g�'�]� -Py�W����肭�t'��@��""O�ZD�+�m��3_��<��l�ӐqP4MsX��DJe����I�ig4?�WT�(��%���n�7f�	�Z��\�e\;�c��L�sy�l��L45J�V~1k�+����e�4��#����������tR=��j��!���`�!x��a��j����M��޺5?<6����RF��ͣRjhڠ����A���o#C�5@v�ep��i_vPFY_��G5%3Z��Ö;�t^g嵄h�G<�r-��\6�]�.Y#kl����~��J_���Co�%=�'��`e�ry��,Tߘf��98�DQ�S$�E��Jdw����e/����cr*�P$R��C������5\r�z""r4��Af�������6�;<˛y�f�yo�#RMR""E�7-��ݒ�Ė,ٲ�؍�v�C�[��s�E�E��웋�sj{�_�CNE���{C�u� 4#���}����v��5H�L�5=�B7?�5Mz���.%������������x�l�#ō�������H8�B!�(�~�Q�Z�[0����:0���ߪ�5�����~�ix�6����U1�U��uW��3e�X�^��O��eS""��x���ԾNl#�BJ[�1�CZҧ��dLF^��Z�NdIP|�e�l�@�H��a��T%ӕ$/�GC~�B�ID�Le""CYE٥:_Q��b!C-FYP7z���*�s""I�H��$j&�OC_�.��pK�Z��a����14�Ij�z�Q�+����^�_ֹ^�jy�<�n��Al�������M]�b^L�L�+������hwA�ct��M��Tɲ��P��.5p�=U3��۾�}B?��Y�?Z���*��3��$�И�Rj�f@�Q���D���p엔�y���W�K��v�TgJ�P!��%�����?���}ؚ�0JѰ�q.^�X�X�X�P9�tm����<��G;��Ń�qD�fT+ӷ��aD�@���(E*������k^V�d�6�1	s��SE3]���P�g�L	9����g�P8쇲��ș�/Ȼ��0����)q,�W�iUʒ��~������b.ۜ�boBs������l�n�~Beec]m�7��:MD%�۟�f?������%�S\u��_�3���,�w���q�u���R��2\򽸿v�f���������������ޝ�w���A� Q|ۮ���V�^iB*�^X��-|g1�B*Ŭ��4��`WE��l�p�bt �7��!��>��v�^oMBSY2���/��""T��2F3eI'�.��B��""n6������zKT��mM�E��)��pOx <6R���5j�uk���@B��28L���,��$>�,h�QK�9����S�Q)�����tX�;�7��+���^�[��W��ӬW���VK����˗�$�����""�x�ob3�m���b��?�Ո����UW�h�A�%]����!�c����4C��+�@�6��>�=.� ���P�H�ɤ�ɪ��r}�(�o3��	ͨ(KR��X��{�n���[�H����)3��Z�^nZ�Π;�X�\����:;8?�Sv����K���+����������w�wf�v��L��=�w�5'�o3NjX�!��,2�h�h�7��[y�=VqL�k�UU0��(�CS��c/���~1�灴r������W��0�t�""ً\��Q|lT4��L�~��� 1��r#-D�!�!�9�=��`�e���mFs�PF�q�m$�.R�x�=�����Х�,�&���(��!0���Rx&|��}2_�s���F�qڹ�y�{�{�y��q��g|����K��[g��݋����6lL]�%y_>�lH[�b�6�w�֌��0\�����Xo�� ���x�������*L�a�A��Ƒ������&L�#HlM[gwUQ:�$�i�C�r�X,B�a���61bsV�?/eLՈ�N��FI�㉢6U�u�ʦ �I�nSIC�W���<��7a�h!��q#��I�!���PD�\+0q��Z���2��4�jX�D%Vv��O���0��	��S���Ƕ>�5�,�B���WH*U���X���ߓ�颖.Ic��e|d'Qi�T�{�w+2���Ԥgq��R�_E�.$��`���Of���󰠡ݹR�w�[�6]���w��������ƥ�8�Y�]9>|������l�J�n�[���R����6��p}scsw�7�=:�4N獋���oo����zc-\���W�k�+�9�T߲,̥��b�3?KW�*��W�yJ�j�m�|��fJ�C�;Hͻ�I�%�/�l�d Ms�a�����vҝ���÷�{x�w�w�w�ws�����;������փ��O�>���n^o������l�`�����3��9�y�k�=x��a&�Ddo�Hu&���9���u�sCq�LEY[�l;""��s���.�|�U�~>��8Rx�3!妈]�/�Vo���r��_.�P�eQl�rH�0��a+P��&4�C}r@���ek�h9v�,�(���R:��z�k�sL[���`���s#����{>���_�������晭3��h]��1���cc�Ȧ����:Ԇ��.DŨ-E��V��qo�# 6V.�L��J� �*X�-M�� �lC%��2�!ߢ���E�o;�l���� M�(�	,��]B�` *�����b�3�""�ab&�/��հVU��ƌ	�zD'�TQ̅Hr}x(��f��A�/�/��C��p:�m��=���>�>��dx-���wʵ�Z���sg���}E?�f������B1.��q#��3�V�ޫ��>�~����|`�6��`(f���I���9F��C�`p��h��hVx��@�MB��G��Y��t��|{!��?��$�F�c���o&�)W��>Rc�x�*��QW@����t!|[��8�H""�+R	�ia""�N��p���}.��&_/�J	����b>P�q�t�G;6*�I��x��s�|� ��� ��/�E^(r[��oa��~�}QA��M�]K!䇔�(�rb,'q��B~�38�7�ֹ��:��	!v�nխ��n��\a�n��'�j�f�Z��b�����""��K""s���N��6�+�^�������Z۰��)c>h���Lw�����ќ�`^f;c6�����9�^�D�磌�\�Щ�<��٠���!P��OQ���k���*��(X�$���<����b�ld������p>לW�ì��!�].�!ed҈V""�'�4[c�^I�I��.w˽rZ���#4C;$�R�y-��J��5�v�ĽV�5쎺c#��b�TX*��F�y�2��gj��ѷ�P_��F�~JAw�--95g����{'?j=}�<�cX�c^���e$	���}����B����s.��?�ܐ��N�k�NiVͮ�5�&1�+H��n����q��pZf��)}������| K����Sp�ͯ�un�W6j3�x����WM���Ew�x���n��:Օإ�Oݺp���߿O����R�T��aK3�*LI =1�4�<}wz8e���{��ɚ�[ɕ�W�<~W���o��x�����G^��̌tF�gN`|��f�/W��8�	���������Ν�K���Y�u-v�@t�/����z""�����D!g�������@�\TË9E^�L�#��61��4t�(����h�˓N@b��WmY�x3��<1TM�$��"".h�������N��x�/��6���D�t,'뺀u�f�FQ))�Fژo�g,h��T��Sh��x�?�^3��.��3�����\� ��QU��[��3D��ݤy����\�U��4���Ph��^A�)M�'�3Y2GȘ�cR��*+������9U�jUsQ>*T��Z=�7�ݶ;v�ޯ�Kå1����JSu��\?�TS!N���6Ʉ�� �S�H�w�������e�S�""3�R!������}e׼u7��GX�>�����|�������)�<�˚�UU���EU�w����� Tk�Pו��6�NR��3|��z�Iy2ת��ݨ;,F�qk���+ޮ����}��������١����Iѭx�r%���v�	����8ܨL*ۛ;����^~u� 	�'�g�.N7I6�Rp��&���M8���,�/U�9�%�T1�W��V	����T�Hjs*�5��ǫ�N3��EE��5b�F��v�-�""��l���4E��5Q�d��z���6[tI2���]�O>��'BeoP���������j�Y�Oז�r&R���m�m��^C'�:�����q�� }�h,e��ᾣ>0H���ׂ�;��o�[��஗�����a3��d3��������ވz�~s-7W�k��fB�r5Z]i\j��7Ƹ(Y�,���>�&�$3�O��N�����JP�,��c��}K�e�i	N���JX�M��י�mJ�3yp�,�=����E�$�f�P4�:D�H��t��$�Yd�CAKs�W�%�����jZֵ���hB�Җ�	+�e}[�=]o�{{��Ϥ�����QTj�P�K�+�ݹl<�5��5x	�A�i. �Gs��܄���YP,?�>�Y�/�ґc��G�D#��Co&}3ԷX��_�u�g/~n~��>�ݯ�O��!��X�C	/�?��|�?Ky�7}�:��Q7uKwS^*y�S""C�3cq6��s��oa��!i""ÿz�W�w!'��ͷJ%�<�V�����{J����	�_f�����Ե�~��x��h��6\nw�����A��ȸ�|D��Ex�_��.TKÝ�����!õ2�\{��zi���:es������1��'����ӌy{���Y��كwc����[k�_Lr}:��p����o��i3��׹�����d3��|OV�M��S)�$e]y3�R,�h�@�EYkwWy^4h�jH�]UI��r/��a1���]W�̋|A�M��I�%Zӵ�r�p�z�G�t��0���UBN��*uĄnLP]�8��;a���0���d��x)�+�x=f0-�]a*%�,5*=�/�����iiM��W/�̵��s~��]��BX�����ل�p�z/�73��*BJ��L��u�c16��l�XKE��ɛ��!�e���ӂhS:iپh�T(J5�{��<�mƦ?a9��Վ�5<���+D�Ot��K�U%���L��傧+9�2�I��.8�,�[��In���7`�T��g���#t:�a)-�5EWJ�r�Ԃz�ڙN����2��<�8$����\����l��e�lW��(A�6�	о����Y��/ <��L��3���y��د��s_2o�N�8�?a�cs�\^�X2n|=Kфn��sAZ7%�m'�ix���M���&���d�߁���&�)��w��~�|�����9���H�$H��|��p�_��$���õ��_岝r��./q9v��v��N'��Y;��tu�YԂִ`@hf�怄@���hЌ8q�R��!.H#��8pi�""q����Έ���r�\�����y�[�Q?�=�1�I2��[�8��.V��r����v�	zA�s஖�K����;Zx�8��!��*�i%>����^�(x��h�\=��Ri�p��~l/��Ǐ/�""?�s8��Ê�0�HG����.""뚗&*�6�%����i��ր���ψO�?A*�]5�ra�&]Vaq2m���`x��Sǹ�Ũ?���a1�`����E��$�+�����l����b7�]�%G�9�'����oN�&�oA?�RGP��S���ts�o	$�F۵��,+�ۂ3�~��6/��&e�ƬT�s�G�$��c1*��a�gDFU�M;)!���#�m��VI!�u�\C����t� ��)qJ\W��#?��b�{�z��n�XtP�*��ڪ��1�MWO���E0{p��Ɖg��E�}D��z��@^%S)V���u�z����d���t�rZy0���Ϯ�p\AP��m�v�N�-�w�&��bڈA-�U�ŒhHߒH�\Rpq��J�Fڃ[�-��~_,B����C �i��������7e�S����OM�r�j�j7���돯�)��<��L���&�~��D�����>B���b�1�R���C�nU��$����]KD?""=p""�ϔ0�A�)9�t����|)�X�-|*��Z���|�T.=̲��Rl���Y^�%[�-,�(�!�x�\�wx_�_��O�ɪ�n�����@詃���D���~�B-Y�<�O�G��r�\97X]_�n��������_��~seu���][_�XQ�:���Y��MxgK�d`�8��si���k��{wm��k�k?�yM�6L�7�C���q;4""EK��+v6���&)�a�|n��E�'~��2�1Y����u���i�q�Tգ���{�E��зLD?���d'�հ$h�7�3`��U��S~��������#UI7����\6W�Us�W����d��e""2��	�����aQ`�qD��Q���;^�n\������֡i���I�W��//a������\r2u�3�i$�3M�˦*�\��Y����$�Z�r������w�߰�k��W��&z�=l��'����~T?���V�pS0�(\�+�V&n�����C<�q�C�P	�ӖX�x���]�2�b�nX�w�X�S�0=��i�����zk��`Aôx��)+�Hf%��R�+��;E�MF�ڢT�H�����N��� f�5�mVRuC�	j8�ȐńG��R""�bڰy:kh��(G���k\�� Mi��#0.��%dd���Hp�(�i)�bDyB��/��l��<�s\�/��@+�F���v������ϹqB�T-���p}s}�����>Y�@m��b���	p;�����X���K�A�	������n��F��܏��4-,x�]<}��kQ�$�`T��-�i�]Fv�#�1>�h����qy��8�D:e	��A&���O	Pms,�F�16��$�<�	_c3���`鎀L�>�W�_�[;�u�����Ew�6����`	iz4�/m�����[����T8.������������{�^%S�l����sN�?��F�#F�`S\�M%SA��v6;!W��	��s�:pEX޷���/k���Boc�+�ޙ����*UN=Z@�meK�<�*̿~y���l2�?{""����o��x��Ͷ�y^����@T��.H<�0I]@R�Pe0P�� Q1Z$��o@[��O��{��8'��ߋ�C��Ji̱qiyZ�����l7;A�sNO�g�yp̃G�멅E�$EV����{{=u�`�͂Yc֜��ڧ����������XU��!�P�>���Kه�ޘE�frļz�""��/æ|G�'�fC��S=\��RrS�F���*��Y3k6�}@��@=ea�if���,|��󳧺bg*h�d+��R��i�%`��.�z�T""ٜ ��!�o��(��i�`�{qM/G�qI<""^�Tj�Z��Vêk�9s~aͬ+�Ņ�QW��iwp~LP��9:�Ϗ�3g6��?4�(�`.�_��������3�&�c6�HQ���q���ؗ�^��b�.���r�m+-��9>��w�w_Ol'��ķ$N�4n���ez����3]@$�@l����ff$F,K��Xt�@Bb�mŎ5#$V���8�꧜�(����}����Sc�_UCI��TY�������� c�&ӳ�B˒lm���f�W�lC	,S�T�oo��x�PQ��������j,mX""��#9�&����kf��h��K㥝��Ў$��d(�*�4�t�C��?��-X�jC��-����tS�Z�Em�o��V����a��D�EI���w�c��N�uJQYP�J�i;=�o��s��2]��R��C#��je""c�K�N�?�S��u:I��W�S�i�~}���z.o�wvъ�<��xټ&s����j���R2�$u����93��""�:B���""�n��R��$�Bz3�j�rݭrN��������2�U���7��`��Mѕ��Uf��RP�J�$�Q���V�""�[(K� 86��С-�y8L[���,��d�N�L����rZw� �Ӈ.��#��ׯ��l�i�r��M��Z`W!pc�����>K�K��R�6�""�.�h�萞�����-w;�^܏��A<��bD�+�)/5���,l7K���兕�~y�<�nt�ֶ�Lb^@ɰ#&���M�!�5�j��Rxo�\?gzM�5X�8X���-����׬�����j�f����G��jL;�f���3]s��|(��������[\�������4""�iS��(]j�ڜ��N��c+3�\���A})l���Z�n�""�ʧ�l�M�xd`���_O�g��z��4�`-���xĐ������|����4�-���������]49�a���e/�i�v�uX���M:�ݜP��rS)k����ђ�cQ�����55U�5�}����?���!l�m����	��UuЂ�)�x�_���T��]��[�ON�,n,nնk���/�q1{�/����Yׄ�p4��4M4k�n""N��?	&���:��Ҡ�Xn�:�۝K�˃+�k���������mڡ�b����Ɠ�Mi�C�:��4(����]�|�<:!""���{����P�\ޅ�I�M��q���b8�b��[�W�rC�F��V�T�k>{2�|c@#����c���^�GV����r�H�z�c=���u�4Yvu}I�G�hI�I�~�_�����p��G����zs�W�W�7ǷƄ3r���|go��������݇�Ǚ����{�2/2�?�Y���S4�s:�M�vi���\D��K�ݤ�t�p�`|p�`�`�`���;����s�{�{/z=_�E(C:���ʍ�M�`�a���G������WZ`Ʌ'�2�w.^S�h�6����A�t�+����LJÔ1'�[5�iWa����Avd�UlV�B���q�r�p-uE�J��M�S��� �aA�B���!��UT�d=`q���{M�7ac4��e�e5�}�!�g�2PR1��C=#j	���R�ԏO�y���⇘����3|#� �|�	�W��OD�R)�ʣ�#���o�B/W�c�} �d-6�&Y���Z�V�ak�""9�DQ=�/�>1�뛍M�v�������	����I���B�m��x�_�2L�|��/gDM�)o'����֤[�Ύ�/'pIO�H�	�z����,�x�?""z8����� �h��Ct��E?b��R	�""��@^�3�)K��nR�U�Ip�� (��I'�dӮSp�B,�	&�+ ����D<�-;�Ǫ�Un�q����w?c���Y�j'O���h��K����Gڋ���r��~k�^ė�X˨�_*��P�}2��W_��uʿ���S�����kL�H�_�֫�F��_=������Y'����������x6ݝ.�cZ�����~렅w�9�c�Ȥ��tt�89>��Tr��}�kmҊ�u[Wn֠�������ՙ���C &qC�q53�3v\��Ӧ��������|p�8Ӟ�=����������bF�����@@ἺiohJ$�+N\>'$p�!�-wM[��Qv��l*�ڥ&ա��>*�*�!�>z��_������>����M�����|1_ިl}�jl���}��eڴ�����a�mx��ܫO�[8�F��Ba�=�z=}0�#ړ�=��Z`aeT���;�B1������	w�<٭T�]y�~~��8�E���9���V%�xu��e���Fa6���7I������IeSn��+��f���i�f��*,��+X��2#���-|0�������'z��y�#�h���{+�u�n�j�7�)B����?�b���ܚ_�O��d:^�V߬7�xl���Y��h$qv��iH[yp���f�U�h�Zo;������H��:r��7�vG#��5� ��X<����b1����PL>��o�\�����v�p�%""����S�?�.qe��5�M���h�e��w�P&0����j�9h⥞��v��s�P�1s|^���G���Ǭ`+�^P_a��%�,6�h�V93�5x<)���Ѿ��'�-�̋����t�VF��d��4��.���0��HҺ���\r��p���ٳ��e8�� �1�nmh���e���aY�ܲ�t@H��@��J�o)@��R�0cV,K�2�l�3�Qog<��H����Zo����RR6��@��hn�����hҙvl@9�Q���Z�����r�;�-��T�Tb�p��+����x�w��Zk��H؇K.�w����U0�P�>l&\������Ւ�DI�]p@�Ё�\���:AΣ��g9�]�s�q/�dI�$z���hg4��N��{�/\:+��_�Ex��mF�ؽ���1�ՠ�/���mO��@�E�Pym�VHڈ��-�Ô�7ߵO7�$o3�G�[��1�ѥ�KA�L�窫��ΰ�Аeī?�ޖ�ݓ�����L�ft6/�_�Q5b�{��s�ݐ�fL!i����r����Y�""fT�^��jp���Û<�������aG�.u�{ͨjA�Qw�+�G�ӿ.sՙ���ϺY?[�r����h���7ݟ����H���`,&ᕽ�7���9h��������WK��;�ݟL�*C,�E�-�x������QOb=|9��:	b�r��l����k�����-��^qE>d�i]�!2hb�(�l�̋�T���C�f��hh���v�E����+0w3a`�/�d�B0�з��.�����h�U��:�ET��H��c̍*""�����|���׎�u���UjB�k�(v���w����t2���&��hN:���2�Db���IyZ���l�m<۞M2ӌ�/4��o8�!C���I#7NΟ�""r�j�Ѽ�|~�>E��.��5�6�Yy����j��(*ԡ )��d�>h�_����(]*z~z�T)J$y�+Ћ�J�q���XP/5L53���n���nn/'` �� 7��!)�@?`���y��YR[���a<��67��p�/�s�pc�O�ifP�{�N��""]Z�8U��/���Wn��ww�D�tyy�5��*�=�#ID8��wZ��Z{��E>�C���]G?��#�A����$�5��J�j������t�^yTSp��}x�?�?�g�\~4_�4�Ŕ*���Y+%]�U(:�""�Du�Z.֋�m�քA�M�.�9�J\D�.3��w6�[b�|�������K�TWm8��H���T)�b�0��^�����d��]]���	�Q��F�a�1US�.W쐪%�`I�U��.��Kk+js����ȅ#O�'�~t�!�l�VŁ` ��L�L��9@g�J�2[��=��4��e�:;~i�X*�\-""�Kw��������j��<3=S��U%?E�a#�s��E�<��������ô�p���\�2@�����&UrՔ�5����2��2���p��#T����~����(����J�`R��""(Iy�ʩ�@ƅ<��,Nf,���џ�bi�a��xh�޳&i�����.ˉwǓV��'�ٱ��Dv2[����D�P���A��+L��~��I�鮞xO�JY}����9C����xf�T,M��Y~��Kz��#�p��/��L�5o���6�P{��[k�U��u|��p](�JU��nΓz]�zQL�GF��B��^)d���џ�ʹ��tq�V�����:AɊ�(!$x��-���k�W�$�t=��QPWu7ټ�awڹ����������ō�ms��7L�C�T�,V�S�������ܼ�f/���&N��8�7�7��������6�6�;�ݭ����J.�: ���h�����]��vi����#�X�s�����(���BY��T�Z�_�w�����%����d�+{�@��U��""U�V�V׮.^[�o4�������=r{}ckc{wg����!+B��Tp�0�ޭ#�N ��G�#�;�T+�k4hk��y]�U�j�*S��͑z_��><��N�k)x��n(7��+��d��mY��Sz�	k OP�4*�#5��_���s���穯���(���߈�$)M3~2b�eR���+c4I@/t�0%b�b�@�D�b��Wn�0�e��ɰ����������`l�*����ѧ��z��/�V����{�^=��녍�va��C��x{u���G�?z���O�?����7U��֯�wƬ�[q�����k�Q[�[;{�{'{w�N�>�zB=�\�R��8��7uD;�H�o�>̆N%��6���^�]����t��p;�`ߌwW��Jcok��	�kޓ�T�+. ��S?�+��d#�+�/n�|�/��w��wv��mfbp��g�0����e�g�/���%��i.��$�9�l������dbA�[]��t�@�""�YA�eR���NŐ���X��|�d����$�D�H��IAd�nE��,����N�p�v�g>�B����	>��շw��!z���tuj�:��j��![��v�S�x2�\On$��;��Ã��7�Ǎ�_�6��=�wzv�����?r�0���i�nD�f�7�02Ɛ:�NVʕ��\e��RوnFw�]��q|s�־	�PEA""�WbPu�n�V�K�d��ƌ��/*�;�taR��%��us�-̰� �:�ť�{�m��ĩ�?�:��U^-_� �H��t��X��ۍpuw�b٢�3$�6t�2����P�T��l/O���D�����25'�������в̐�/���lfRMP����NI�O����%�)�A_x H\;E��8&'���4r	��.��7�(Y���/���A��z�~��yfhpxp�R��T�T͚9gΛ����n� ���v��8rUa��\U������r�Y��o��v��/wO� G�z�+����&୺~6Yv�r����͚6B��]����_��y�&��K����s�M?���&�񘃣��~��k��H����J����}��P��Xj`N�nݾ����g�̤V{Pϖ�lk�p�ș:��t4p�_]S�RTaS�Wbb��W����x�S}�M�~�D��v�9���_�����_a�������lT��C��vX?\T*G��ʍ�͂��m�S���-6���Yd�`��'��K����:�؃0�7IfS�k��3�'o���G�1��ٔG~�G��:o��޾a�8���ceT��H*�ە��+Wf[_�:R]������UIr���&2V�8U)��Tu�#p���[ޏm۞J�a���'�}cZΫ�Z���/�C���?�g�,�je~ ��pPD����d���k�Y>�gU+a���4Ja�w.��E-R�΅��0�K��<�=�ѤXp$�OLZ6���VhZS75A�1ޱ��B�d�wdٮ����������D`?���;��t��u���?�Sf�@�2)� ��P�6�lU��fTmT�j�ګ��U����F�YiG��b��:�gW�4��b<�2���9��t�[����>��e�ϲ�we��E~�̆�6��=m���M�7�����x�����y}Ѯ���7g�5�=�����ga8,A�Ĵ|�4������֠gf��c�@�C�Y�����~2N֒����T6j���v���`4�O&�4ތ���0���A9���<��l�.�hl�_�����m�ʐ����b�]��ULC'>�P�tw�E���x����R/�XT\��""�����j�)�⶜�����McY��i�3�xK��WPN���m�&k{��4�1��ǔ0�a�o�\&�֘��l�Ӽ�q�!�r�5I��z��\I���d?����w�#9���b%���t�1ݜo�w���0mЊ]�:�����9p��K>;g��idI��6���ί��*'�̩m����*��L�*�\/P�*�y]��6�99�����fލ:a/Jf0��=�U�]MB+ܰ��Y���J!�~IJ�<*��W���ꪐ�U��Kf%N$Q�K�$R��qq<GaN�4���TaLƇݓ�t8O�L��s�h<�����6�f:HG�q���r��@��/�ϋ,����]F�x)֥f�.NO��NO���~�(���+X�zh~�)]h�f�L��ٙ*:��(�3y[�4��i��g5�dy�WPE1jg�B��%�r�R�F-LU���Ȣ&�I�Y�T�mYTĂx�F�1j�2��=�(8�YW�"".ᡐ�A�z������U�S=в��p�I��� ��Z���L3b���q�>p�;sPhg����;	��cZ��7U������!)�J��Z���X��c?$��}OdI����>*�&�0al&��(g	�`5i5٦W��|�脅J�Z�J.��\�pC.���L+��[rKi�-7��)8�Sr�N�it��v��Xj(�2mZ�W+]��E���{xN�;xʻZWr;��?l�7���=_.��3CC`�Y��Q����ddT�,od�����iw�C�s��[�+v�h�Fh�����1������0�Cihɰ+������޵�JIe:�eY��]�g�0�9����c4��K�n/�D3n�m��q�D?)�-��}��c��q�UY3���|�,��g�$��5U��o�""4���2�!u��Yˑ\�Ba�ܳXVx�i��iY-�>��щl`I����VR���]YQ�-�+Z��R/�@9X̮Ύg�f7f�f�5_o�^{�[�J�RP�D�h7ڋn_��FoF�#�͂9aO����Ͷ����;��`��'��d~���o/��k��o�<���q�:�����}�+~��l��WnsF���^��>���߁��;���})��/���;����e��)�E����k�ދh��k��jS�p��Gn��|��o����N���d��HJ�dI��,Q~�ٲe�K�dQl�I�%��bȰ���6�a��a�]��P��i�6lC{�_P�P��ݺ�G�]�#D�h����<���9�>eH��=`�����""u��$9�=����me�u�dy���O_�H��d�1i�gOx�`�вKܖ�rN�f���b��s�Q�{���P\�<�B|J|U':��E܄�x-�8����T��P�uL		C�G�Q������d6�&/fL�t͢�-L}%1[p�R��0��r�J��Q�ڥF�/A�UK��M�o�]m_�?}�*Ɣ.��K��ZcyC���/��t��zՏ��ʈ��ϟy*���X�����gϞ�H��ԅ�.JV�c�-1YC�3~���yS���͆ք���yQ2������jAŶ����S�O����#?LTsDA�I0���zS=T��L=Q���b�Ԙ��n��]-�<�NgG3$0�Kl����87Ώ��?�}v���r�h� ?��v(��Z8A����o+_5�8)�.	H����X�xy���J޼�V��Ϊ��g'�a^�7��TBf9wFfJ�)=�dS�����=ϰ���r�z����3��8�J�\�\��፼��A�e��h��|�����l��$Sb��wS��\�E����7���,ʭn��Y�w7����������	��+�\��ZX[�����`}gow��h2:�F�z���=���y�ʃ���ࡷs��>��tG짩\{���*���o��&0�\��C�j5�������L�u�	M��$�S��*��f#��=�ؗ�{ZIù_U���n���&F}K�ܓ!$��W��.�8'?N���XJ�/ݏ'���dgrc�?�G=���9��%��!`GK�#u ��r�.M��&�7h��Ż(�u��`��$E��Mh�N��/2��͒+���p]�s�l�7����˒���SM�2��Ւ͜b�֠T���Z�T�1MӖ��w��:�U���>{˻��PO���� $Ʃ�bs�%E�UC�PM|��Rը�U�&�@�(���""�$i�u&8���J�,e�^J����OrJi�~�Z��mƜB���;�0�ː���of_p�٣����c�H��F����@r��8%����U�0�G͠��N�)�ΐ""��F���`z8=�E�gu�c�B�-�(�:���{��lc�F��͝���������Y)PI�|���(���7Ij]������v�)h�$�=�;7X��K�m٤d�,T6�f��{_�Q�-t�7n�Lӎs�R��ɰY=z;l��d��VP8*o�V֪j[%�A��v�4{�OO���#�������&�e�g��'��k��,%�C)��Q5V���f�	��r�ܔ�%׺Z�V��sS󽀲�B�>N�cy�45�eB^�EU�cA~�s/sk�$#�����⁪�|ְ�2�0����-�WL�)�/�!�ǒ�	4R5�yMs��ug�g�,�pI�O�S5(���bs9��\�-��s�l5[��\��6��PB�[���y�'8��ZPܠ�Q]Z�ZҚԉ��q��q_vz%��d��a��x7F+����|�zWW�ꪇ�7���ڴIV3тEf�a""����i�C��?!��C��.�&��x��5Z�����9�8�$���5��t�~i�4p�Φ���ڻ�n������(��#|N��>qq��+����lT6���F��+��ÂGO�׺�n|��{����.�:^�Z��_7ȏm͢�$�b�������b��B��&�t�N�4�F�cu5;7����dy�yh�s�џۏa��u�h6M��0WH���f0>�}��2a�$��Ě�������4�ĺ��R,%w��\�,*%�W%T""e~��h�\(��^?���D����5����|6�8[\����#�d�t!E���8������T+�Vu�:�bo����π)���IP�il.9C$�$������~B��[{%��q��1\0��� ���,�(�s��&t��]�n�����n��W��Q4x!�����j�q��v�؎ߟ?�b'v'v�I&��k2��<�iә��v[���+X���زm��*�� qNnhˁ�J�X�Z��JpE��¹�?'�bq�d�I$����w:#TP{��K����p�9���6-iϕJ��/�*$v����&�o�Ny�Yw��(H�؆ ��*@�fo�Pڳ'�S�הL����3z�r��*_���.�dCU�h���KM/:%�K�y���}'��?oH��zD���1�d[���r��c�0L���]sz/دv:�2�oj�k��E��r4C�5��>��!�eψ<��^�jXey���}���L9m˱¨���u�KA�a�^�᳄k������A����Q^=��8���8a��l�Z��q�d�X���j~���c�|��޳�X�x����~!��#О��~� ��Ig*""���f�� 7(LU�(�821��Zk�LA�>M9�F5�ǣ���6�P{�2�""S���""C���@wF��s'J�틾W�d˷x�U�;���>�YG��h���.@h=,������ŮQ�E�Q�h�r�5�����7���vAڵoX��-x�|Ͳ��g����Z:ao�RA.h�Λ����Z>-4�z\��r��D""�~���:���L���I�Pp��\����,��:.b�Q�{���?o^7�;�:B�7���a�\�~}j ��?�����������a`�������� ��2��q��N�p��W��E/!5���~<�92Q@:�(KruϓZZk��ڽ�Fm0�U�t����fu��h����鍟��c�p�K�Y壅\-��u��C���)�f�����}�t؍�}�ɋwUT���Fa��Őw+/����@����5���]N��o�W]G��h�+�yI5���&6%�7J��ä���H�ʪ����S�7�W:��G]�&�Ƣ�p""/�a#\k���N�3��vs�9m�5���~&L�m�D�%���� ^c֜�g�� [�N0���C��>�ˤ��lJ�I�h��Eh��f�9|�9����,z�0+*�{�Ӹ��EAr¾Yy�}K-��3��'��զ61k�qK$���j�I�C_�����hؿ�3R��8���Y��k�P�%����}s��������S*e@�RjP|�a� i`�DY�8�U�y�S��w���V�H��{�ޤ�k��ZbA$U�3}�Y�S_�����>�(@!������`<؎v""�%�¢�%�ӳ`�s��c�H������_i��^8u�����ŋ�78<_<<��5���,�M,U,g�_�_���-��[�""�鷎�S�41v�	d��B{�f=�N�x8M���TK�u��xN�u����O�����"";$�W	�9=�Y(s4���|?>���'�k�Ӧ[V���RΖD�4�L����=�q��@�z����*l��9�u���(g���g��x�v��ˌ�;�����Wu���BRAJ���s,P��D)�Nd�EC5�5k�%0DU��$�F�V��ˬ���12��0�8��2�Ǌ�\0?�.oZ�E|����#B�t5�""�C<���iD�L&�~;�C�bt�ٯQ@:�����۾�>n����&Ť���A2L��Ir�&��D� �rtN��|P�=���z�DM��w��Ӎ�fw�u'����t77�:��ܥܱs�� D��ł���YA:ڣ��^����^m.1��R��>;a��_`CS\(0:2����?0�I��5��K�J�k��A�v_w��Y`����z�톺�]S�p@�ӴP['o~?\��p%�c��澾pұQ3j�:-.��):e/��'�IX=�m�v�A�%��'K8��:�|~�T�a�?�����@T ���B�ȼ��C���9�y�z��""�a�R�A�QՒ��)!M��7*����)�L��Y�K��`�/b����T�L�;{}@�F�=��kW�8NjLRౖ��)��2L���R��|�+d<�\�%���ܱ���3w�cN��M�Ryv�K�(�ƛq2��w�vw��N�.�Ѱ4�9���Y�g~@Y1������'=K�j�Go�g��;�+�������]��b��6j�f*��c���61�k���""���������Y���< 8�َ<�X�%hxQ������VZ��c�s|��[|?���˱]��Nl�N�ֹ�m�tʴi;LۙN�S�J����4Hb5�Y��d��	͊%�g�(X��;%�ıY������ϛ]˭�݆�v�h�6ݱ�X���A#Ej���Q�S7��v���-�e�p�kz{5���u��:��!�??!�R���C-��6��F CY(�|�vS�}��0�b�����?m�N�l�RO����r-st�pH=�~,(�&@�홐�W�MȰIʧ2�y ��6Z�xA�jW��B����[�^�C��T�<�z""<�#���3Qh������^���{[4���݌mn�Gaꩪ�e�)#m����q@{�@�iom��i��/�+��9�s.P�X�h�ɐGk�y�7��*�^�-E�S�HS��Ӟ�c0���^���7��->����JhQ���s=IK�TeW���Q��-�X�R�u?Z340��,��i:�d�c7�[�]���,4I�Yt+�j��^M�f����ddO����}����o$n%�ا��O&	uF�DM��:J����F�Ƿ������,y�w�w����@�D�H�L>Sp�""�V��Ɖq�@����rek<�t�2aB6�N�B��l��lg{�)D���`��q�_��ھ�G+�Rݿ�3�Y܌���82#K������Nve�V�`�	�f��T	�p���ο].���QT����D����?aU	�WRp*��p#�8�K�b�&��^VdC�2E��2m��gy������,΃��pw(k��wg`Q,���!67y�ߠ��n0�^V�)�x9�6�6G���t2�����Ž�@�`�>+�	��x��(%֦��`:������;�""W|�Dk�s�O�T�>+=��]���|�>.Q�Y ��E��P�P�B�w?�Zx=�*OCO�1X���0��s���W���bL�%��V��!KJ��cY��X��]5�� �4���C��=N�e~_�к��ʙ�2GE�|""�5���Ul�u����_����1*Ks�Y1�f,�4m�&�/R�z6H�v��=���4ۆ�ss~��r�\3����,��T/L ��EY���P�Y�����9,��k�=!�8a�)�T	3D�|S��z'�P���PNX�5��1�ݟp	�""��&'ϊ�O�!S+j����/���Y��y���lA*!��i��Q�""RQ+ɕ��-�wӥH�t%S)W�J�R�4�=�lU�Ď�Ђ��$J���u{�����E��-a�͕f�i7������х�Vj�ba�L�{�X""���f0�BO}�]�����Z$w�i�.h��e-�~�f���g�����5u<��WC.�?�9A�%1�(ʶ�t����E1����jꃞ��٣�e��M9��?�/�����<�5��1Z]�Î�c�&��bv\���>w���c�Wd��Tt!��%3N��0YK֧�iw�:]�����ͩ��`�\i���~��诞��l7�����`x8������7h�q�/�p`���c ��%��L�3�Ш�S���ϴ(M)Ǘ�x]H�~���1����)+3�!�-�,�����AZ�vD��Pb�G�$P�""�576.J�JXd""�;/Ǥ��gr=�D��FP3�?�I�����<������%i��6���lV��h�""hwL�;�'0f�6x����a�aϖ�F�>�9��{u����{��w�=D�n�϶f{����p>|8{4{g���-�����'Ƿ��q���z0y�.""q�T/��w���ߙߟ�54g���	����d�ޜN����Q�\�z����>#�U�댐��=�����;>u(�;�b�)���:�r�х���#�����""�#��v�G��`u�""]\%]�1Qˌsq�F�9�D���ɔH����+�j2lL%p""��@8i��X�a:^�,�B����*C�a2�'E2b�!��U^fTU�<���S	s,�@���`Y�h;ȱZ�0��n3�/2��K�A�JS�ۑ�������0�����ĺ��eWe�L�I26�er���Sa��b��)ԥ�Ԓ�Rȏ�j�Vh:Dv.���)|O�wv5��^�K{96ϖĲ�����0����z�o6^��JP�2�Y����,��:dzw�lm]�t�/o�f������lWɏY��U�꽪�].oU^zu�n�פ�ӝ�8�M2���ڙ�BB��A3#�0��N�Fs� �q�Ba���)|��ay����v���}����n�O9s�'	""d�CS/�����&l!��?���o�]��A�f�X��H��0�[��t��؂�ZVkR""��]b#�m�X��` ��!��v�%BN�N�W���0�of��t�OP7���'~�`w���CҴ)�e~W�J��M��`Ii�۾���c�u��/:�u*NCĒ�e�4�^z�K�{�ߏ�V[�M�E��q��8�U�KQ.�C�3@�_~���a�����?͖c_�;�W���y����Z""� ;�(K2;բ�7�f߲3Zc����E;�kvf��o�罶��Z�/�����<#:�J�^,�ex�%��Kƚ�W�	�@0���fa����I���1�A@��/���j5�m=�]�Ko�������n�ٯ1�:�s^��>��O�η��4�{�yU�������&����Q�G��w�j�s2/�e�l��w}�~Ώع�\�S�>ך����[ht��f��W�O�DL,b�����wJRY�Ƶ�7�iiF�K��f�@���`%�ԧ��P���8""d�p��،��4��)o�٢�O�����ҽ=z��t�,�ՠ�?����]x�	B��_�_`^��I9�y�'��K3�l:o���zw}i}y}����H7��t'���T�����<���V���>v�Ǽ˳9�xUo�3י�t=0�mF�����N�lۇ��r�2=5�p���L	�1��S�x8^�Yl.�=B`١2,J6IK���Y����eՕ)^��䢒s^�	˫oa�7�$��-����C0�� ��j�(������B����&�ʿ�.��F�2�����������.Y����Z�%{<�=�$���d�$L&�d�q	T�K���!�\pq�8	� ��	R\�ɅK�����mk��t�����}�-]o�>���z��a�#v�S�9<=m�1��s�""��w|�$���l2�,�כ�V��t;�Ҩ4)m�f�s���Ş�u\�UkXGe3�\""��d�*O�0iMړ�d0׋���l�5�)�/Jx�h*��LZ����{s�lvhY���_m�F$��V��xUxm�G�,��P�`JVI���2Ûr-P���Mm�z[6)�ο�ݺ���p���s���v�0M	�@}J8@�4%���B�T�-���|�[ݭ�r\��""_r<�H��O�#`3&uoٝ4F+�H�� ���dA:nQ*�qv�	�z""�L��eH_&|�Z���V��#�Ł�〱�p���x�7����sK {���^n�⃻7vh����""�4�\F�y�""u�5�d�fm��~%jF�'�""ɤ��K3qs�p�����B41Kh�?�'=�nAU8���n.83I���g�����n��x��������ό�Yͮ�E����n���ڻ���C""D��z��l�`8�'��,O�n���x�gZ86vpW��i�V�P��۩��UL1a�vÁ]C��9 5:��(]ᮏ�=�n�n�ĭ����RHKSS�&�˦,���h�:@X�~�-�[n�mNW�[����Z(����=�a��}�^^�A�F�CE*�J-֌�b^�oNL.��q;�N�S�֣�F��y���e���ٳ/�/A䴕�O[�X2�e�L�C¤�I�V���;s�bc/5����0����Y�n�u��#Z�6ұLH_�Xڡ�*_�R� >�w��W����D��߃��!�����3T�6��j����A.��Q��+�c��V��u{�ei��j�aӅ��ZK8s�a���?W�ǁ}j`� ��w�""c�)!;n�H9�kv�E�&�#U%�ZF""w��v5�V���d���D�o��N�N���c�!Q��aٕw���%Ɔ�3͠�F.@B�,�c:���/�OAS��g�%<�t	���oަO�|m��}�`�����ëGW��+$���ݝ�'4,�t��%�γ��LOl�R.����ʟ|엳���4�E��Y�S إ�A�!@�6%QV��۶j��!YJD��I�cQ)���&ˆ����E�H���QH����1�O�;_k+Υ�Ƈ�dr���-�j(z$H�Eېu�G*�9�;Q�X��`ky)��� -R#Ҥ���U����Ø*��C0�����lT@}���O'��t%�K��0�]d�:���Q}RߨsضF��1	�V�eA6]�uB�����w���`mP4�A������f����Z��[a�q�+�ϟqp�������7v�eD�����h-H+��ń��˜�������e�/om��p�OeH����o?���U�Ϋ�&�j]UϟW�L����d��?��ޒ��X)!-����º06������u�]����U��а��YTē�T6+���cqBL	#T&��U����s��mnv��ӓ���\���D}~�x����I����)\��G{��͛��L���AI�)�>|��Sy�&4U�?EU[0�̠�0)l(�x^�g�8P�I��xd�~��?CQͣ����з�)$YRX�H=����6�O۳6P�D�<�""�BRH	�+��8��e���B�\�k�f��t�;�C�bL�Mɴۉ�Q�u�N�O����l{k[��B��)�@ꤳ����w2T��5�n�~u����|�}��������[���M��!&��\�x�W������97w���O��fhGO9K���ã#��(�Om����V[��������_��H9��|�!��aT-�2����'cIhd��b��� ��k��Ę&-3r,ਈ�h/O���>{7�čO����5�p_����o��J���/� iɷ�������CH@������d�5t��Eϣ���5���bs�^˻S}������/�;|��C�}z?��y�y�y�a����`6�W��>���F�1h�W�Ս���͇�o5n7���7��y����K�W�����x���{��sR)�� �lWIo#i�r-_}���/e�I���q����Kl�Y:���K&�43�z`�A�FC/#ͅ��Fܸ0� �@~!�HHpޯ��%^'Qb��z��}Xy����l�����h��&vG��ɩ偼����v��E�DD��f�Cn4���FI�;eV�4E��� �H^Ɓ^fF�EUDI��R�[�)�����c#+��7�Ѷ2�ȟ���/�s�>?�	Ȝ����;\m��-���8�|l^S�%b�T� s�����As�l����gb�,X�.�F�%���izW�X�~)����ȓU��������}���>��Y�'�YmN��V��H��Ƣ�:n���D1Y,��sjIg�gk���N�&�;31��%B'!-:A�y��Sb:�8�8�N���~�Yy�z�˲{1N�'����[�5��A�t��}��q����]ᑵb��(J���;�ꏔN��K��$�u:~�͝��+�v��؅�׈��D�I�����|ay���&����v����`�1j�$�e39�n<�HE=rs�)�l���7�XM�����j�w5W��1�A��qh�E�����;`��7>�B�q3�3���Gn��**lF��T�Y�����!ɲr�[��}*�XL���ȿz�ҳ,�#۲-+���7~�Ǧ�Qf+Q�Q��A�6V-�o��T��n��� ya{kg���]Wɉ��Z��X�����]�(��t��jb��-{�p%\�nvwZWZ�6A.��~�dۜ��q��Z�B���ub���~�r��T�Y>�]I���܀Q,_���L���݀�=�猍�_W�bI���""3+ �cP�m�pƂ�r6T�Ɔ h��M~�)����1=�B��,�FaJ���7��lĹ��^�?�0+��� �`��B��^n�����j�:����q;J�͍��͝M�6J�/�%E�m?�_XZ\��,�4���;�nu�>�6���ب>��I�R��$����0ajd����k��4^Ec��\9�e�a��T*|GҭS��1�K	)��T���Tq�ު�l��	�L�m=Cs�no�m�rFB���+��Tӛ���䪟=Kga�-+����j�Z�6��K�}�*�,B5`0�s��������B���^yP�����-���`y�x�%��(�lq�H<���F�h~T-�ֶ7�7����������{���a�$i.F3�k[4��|��Ҝ�5.J��N�|a� �#��qp��Ƙ��K	���HK��� P�O�'���p۾���һ%��/��4#����sl�j�W�y\�5�ZV��c��T�t���O��'�Y��{AխAe��'�K��k���<ǿM݃���`��A��c/RA6�K���I�7荆���շ�����w�����o�͈��7_���j�S�sg����ڵAw�=������O���O=�R��o���n��8�_�gn���ڛ/�;�b3O�w""3�����]��`G��@��l �-��´��m�l��Fsy��+����e1S�f2,#s�����\^W�,�TA��j�,ٖ��>'�>�-�����/�wyEG�������}�#���h'j���B9�<��:$�=�:�nQgԇ��H&��^���pw��:������qG��@ԙ�r�%�6��!b��r�\��w4h[�����dDµ�A\��Hz*S.����d�s��Fc��[������V�BL�`�豞�g�""D���=��y�-�A]*�5�0���0���NXt哄��^'�|_�rY>�nE���X�M$vD�@aV��LS��=�3t��3ѳ]�P<}��u�����{ق�2aY���A�f����.)���K��$᛿��J_���Z���6��>R?�6b�|��}Ӿc��������(3�^���ýp�G�	}��#�\�/t������,ӖdK�w�~��Le�n���S��@:�T��D�9�?���A8�����W���7���0�Θ[jFM�����[:��%j^"";x�&E���R��4*'����/s���H�\�[UY""���$�?�`��_L9ߐ�ĭhak�zi;�Ƈ_�v�Y=�*�	��uY�ux'<��ip�ҋ)�J�����Q^u�q\U����ܙ;��̝������;^���؎��ML�$nb�-T�I %�*�R%D��<�*��/�JHZT�T!�		��7^�$~��ܙ��Xya�{wv||���w�Ӥ�2�o@��S�k����jF5��>h���,B�b�8PkՆk#���tMO�m����ݞJ�r�ި�5����`}�9ڜ����}�_PS��y'���m �vН�BW�j����jz/*�G����+M�E5�I�m�g'fg��| �2�6I��}���]Չz�!����������^��y}�Y?V����x�cP""�D��sh=<~]Eסw{U��]��o���w7�""i~ka�|n3����t�s�s�s��\�zGp����s�2`sݐnhx�o�э�������Bg�����+'W��M�)��|qek��򗗟[��B""ʧcs)p���kg�d�o��%�T+g�ځe&�2CM�0�0p46ڞo?��1�C�zH�1H�m��ߔ��X�����Acx�@l�95�#&��(��;�3Ye���a��9��j'IU��&/��ů`*�O?�}��MoQ������]��\�,�so��[q]���1�q���U��K^ �n6_u@�8��H7��$I�9��:�_�gCbj�)�������LU��~;�˕z�uy���UȦ!z�ã�k�������H���S'Z'[�[gZ�SSi}�D��(7ˢB��l�<�zZ��p�5�Z:�9v|}e�L{��1t~�@����Bm8:=#����F��ѽH�h��h�=��w�""Qǡ;�1Q!��\��m�s�=�U�4A&��a������J����׸wj��e+T�����\w�V����}$v¿�N�|P?�Q}�kHj�k)�U��^p`��U�S��Y��bB�[�hY@%HC6�C�@��g�%t����)����/�R���K2�w��˴MQ��{��ъ��^��RR��l�rZJ��Wׅt�fR݊'��2�pU$�H�K��l`�nl=��>���5��l��G7���N�c�1} s����نaRΉ��3���4_w��h�u37zd������SJX�QBM�G���q)��ᕪD^�l8���!�Z�!�`�9N1��CC�gN���/�=`ȮTx�p����̷���+��7��;����~��{X�Ǎ}���3?5-�Zv�4j8T�̮�lf��� 406�<�u���gr�Ʒlۂbm(9�r���\�lC~@[3��)���N���9��0ͧᇾ��G����?��.s��J��$�m�yE5\�b�	70���1M�<�]�����MNT�b�+��0c�M	������0y7�0�\��lo�7~�?��e��y�]��C����ٹ�G N��m��������4=(g܁�J���|�	���Q�)x�{�#��Y4�������cݹk�0�hn�ӹ3M�Űg���yg4{��xX����qR&4�!X�GK�dn��:R1g����AfZ|�ϵs�6P6As*3=qw n�Z�}��B��r��<������a�e�uDwnSt5:q~�{7㼖�ί����W�sA�x������ �OI�""/�b{z�o	u�M�.��ei]n���Dj&�t����U�pW��i�a���C��j����5Nn�:���vr�u��]_������7n�e�L]S5�&kt7���R�V[�ݪ����ny��Y�w��R������� �<���p�6����˰�b��nuz��\��v~�u�~W�Ǻ�Ц�v?�e�yj���a��Vn�/�C� JNS�?��/�q�h�|�JE�\�p�S~r���@����Z�i�����Q��ߓ]�O�B=]�<���ٟ��W�{v��\Q�=od�Ŗ����a^����c����(�Y/��Y�܆����H�o��L���S�0�u����xCʣ��Ho��n���/o�yG+Ojy�½k��{NB/������?y���5�|P(B+@�&�ա>R��7�G�լ��2�'����.P�|�qH�3-�3P�m�}��K��?�� 1�6��8���?Wf���p��qg�c�����ad���l�gN�Q�P�����Ƙ�˷&ޱ��1֕X�3N�����P�ҚМZ�3S��ۉ���LY)̔�N$Gq�0S}$�M�FwJ�}�MƌF�J�9�H��j֬�(܌��ovr��4%G��ě[4(�<�*�%�b�ϋl�&��TX���m��]ܖ8�&~�lg,�f�FZ�|��myg��n���T�$������]�W�uu�a}@�6��葏�.""w�����D�-�,]gb��Df�v9�fdl/N��2��o�;�]���Nqv[��i�W�!O��̴o ������H$s��q�^����q^a��Z���$���B�A�<]�!/�	����.U%�eJ>B����]QJ�Lu�~���ەe�w������̝�yĹ�%ܵ:B��:�\?�%���q�@���?>My1��ݤKO7WK���j!������6K��W�[�|�n��_���!�_�J���_C��w�5��ꑖ���F~��s�]Z����3�l�V/��]�����=���P��;C9�������cM���i�I�����	�8O:H�<�d=ݑ���=S�Y�U1�J2�s:q��������W7I7/�9x3�K5��� ��!D,w!�d�W�|��H��U�;\�����G(��ۛ���jO��1ޮ��""�W���{-���""{�_:X��WF�'̇��G��%��c�	�IG�|ꇜ@@Z�b��݀����4G7��W�$�vF�M�ok��ȩfS�=r���(FC���""��5��5���7(�Xc�ןx�ԙk���B��&H2��%������1�����2�Y�$������X����L����u�:��J�s|J{��in�/{���a�RZs��5e�y��Ψ""٪�-9旒dX�$D>֧֢��Ǧ.�lI?K��X֕�4m�[�c��g�W�V�@��.u�4�C���������pU��6X��������6Y@�E)��-�V!�m#��Q��v�cW!�B!�BN��	�e�K�ѡnP�1""(���v����*�1Y$6��6�NTQTB!�B!�B!�����kA�IlQ�Vo�i��a�K""�-�&4F�{�X�ش�lIV�(�� ��N0��A����܋�����e�Y�Yu��g�}f}���x�X�-U�Q�\�۩�)���""M`%Tp��:�a�.�yL""B�&�m���8>�1>I�1>�:w��8ϑ�)�!�GpӜ�3�lW�d���9�i����B*��)�[]�t����C�w�?Kmw�i?fJ{u�K��u���Ӹʱ�{���%w�6G;n&��m�t�[�""B�'��6Gj}�����ݞ�F���̺m�{h_�=�j�`8�'G�S{fo9��T7wu��Z�ʪu쒵�|�Vu�Z7n��pzq�n[�""��m�2z_���r_������7-L?kI�=��Uά��N�����ׯ����M��R�5�������`����endstreamendobj91 0 obj<>/FontStretch/Normal/FontFile2 90 0 R/FontWeight 400/Flags 5/Descent -140/FontBBox[-121 -137 996 859]/Ascent 859/FontFamily(MS Gothic)/CapHeight 737/XHeight 553/Type/FontDescriptor/ItalicAngle 0/Lang/ja/StemH 85>>endobj92 0 obj<>/DW 1000/Type/Font>>endobj93 0 obj<>/Flags 4/Descent -271/FontBBox[-174 -268 1001 944]/Ascent 752/CapHeight 737/XHeight 553/Type/FontDescriptor/ItalicAngle 0/StemH 72>>endobj94 0 obj<>/DW 1000/Type/Font>>endobj1 0 obj<>endobj2 0 obj<>/Font<>/ProcSet[/PDF/Text]/ExtGState<>>>endobj3 0 obj<>streamH��WI��4�����:�*�K�V\�oOsH�		3�>����yo��ı˵|_-�~���o�/�?.�l�y,��hC�������]���������ϾI�e�i>�?/W�c\�H~����k������,���c���oMh���7""GD4r�'X��ߞ���	.����1s��N�a���Z�������W��gz��1-v�_�����i&�p�֑��1�����fg��+~X��'Ȼ�`���x�b� ��_ɰ����lԧ�@�]��eە[����11 	M�i��`���D;�/��`�V���7�g�]H�5���o{Ry�ft�%�Τì�Y���N��L�d�f<��x���W�q�&�ʖ� ���L$w�G�x�̶�8��8՚�M�5�t�D��,> �A\��ًV����(^�?>.������E�B���4_��Kj���/n'�\�E�;h�ߟ_�o>�Þ���~��u�V	��L�7��w""<���N>������I������}�'�̈́�q�Eԗ���:4�9/:�����v�@�������_܌�,h�+��L���H�4�f Ă�������Ɩ�G��Ø�u]���S�:â������D#����qqQf�7� �����ǥg�&#Ǟ��j ��W�ԍ�H�H���H����E��w#g#���p�h��T����[X4�q���U���Vd���n���*?,��֧�#Sm��8$N��L�}Q���X⿀�q��E�K�,p����ۜeY4�`�M��9���V��_����-1y ��7G=f�&��\��I���O_�HR�����qH�¢�\�T�T��3�/�""a��S�Ϟ���%�w$�{��BM����BE?3Hꤸz���`�|yk�>+���c!Ȗ�4�f��rժ�QC�K���&fTptN�#h� ����PArR�	7Xʫ@�Pc,'�8iUK�j_ �Z#�ϡ����c�C��]�4#U�Q��H�]2�J�-Bl�+Y#G��F�U̪09a'����]���h��֦���`��cS9�T�k����^������7U�3v�$��MC�s��ގ��T_����-2s�JY�˗j�.d��v��8����z�k�8��R�U0iݵ�3�ʕ�7)�¤j����,�Ԋ�)N��J��""����%�q����m�L�0td�g): P�-]:g1��u 2+�:s:Pl����݁�A�u��v�@ds���GM�ʛ���ޢ>��:�q����f��Me��mˁ9�lց��,`|�m�y�ҍ�d3���z��q\�ys��8��o�5�	.����gRT�	1EP���е�A8Q�R-)6l(c�{H<�&WpN������#���y0͊T��h���b���a�����^����쓒%�h!y.�@$���Z����-5��7!婂h�*u:�[2�#������˹�D�!�)��/mf=G֞��W��ԭ��#�f���0悤X�3Jˈ��E�hٙI�_q�r1�P�5��2�a���%%�ޫ.5�r���N����}�zL���X�S��3*0OF�1�i�pRhu�&�ABmtē�Z��%�A��f%3��nYw���8)�t>^D��z;�t��	9��O�a/���>�e1\K� ��,W�]�q���^�������4'�[˾�|�k����h��-���G!gѻ߹ ��S9�N������$��h��9����6%O��D �C���P��7��Z����X�f=���fڼ�K���G��l�c��>��8�x°�fOz��Ѳh�uݫ���v7�d�R7��Ҹ����Ե�̟P��RZ{�D�N}�Js?`f��o����u���_��s7�g��n(��ɔe��n3�p�8c?�m<�UɌS�:�ȹyA=\��e���|��\�vo�#��YƘ��SJu��a���VZ�,c�	����5�t�?cJ���H#ƨq�\�ͥ(M��**z�/7�6�G�����o���endstreamendobj4 0 obj<>endobj5 0 obj<>/Font<>/ProcSet[/PDF/Text]/ExtGState<>>>endobj6 0 obj<>streamH��WK�7��W̱-`G�ހ�C�""@���9�fF��䐿_���a�:^�b��D�����'���v��zxw�b�5�Nѣ���s�r��x�J�������o���&�}�9�I)e��p�' Y�?;��~a�f����|��ɺ�|%rDDW��E���8(w��y�O������ު`{�eu�Y��	T0���J�S�M��4m*���BPtN+�A�����E��vAw����~+*����e�0vׯ�_�?U}z�'m�HO_:uB�}��t/�U7����9+����,:�3B,Kh��h���>��Y^���`�_T�{S^4BO_�4,�?_?�!_�����qr��U�䢉�MI����U�S9�;���0�e3(H*{�e�cW��O�����jj��@�s@��*��J���&�_ΏndY��@�t+�fy���J����Kʿ�}�泞�Aֈ��#Z�G���CJ�v�I����F�q �k�h]�vԂu����/�jTћ|��'0L�V�	���T�ɎG�e��t�����p���:RX,Z)�2���2m�:���;1�-Y�+���'c��AN�>c�}��v��P�T��\���#2��:8	��҉��d���fm]��.�l���fȼ��e���(ͯ�}��܁ւ��4�tm��Sl%�}Yռ�tS�V��|k5����H�����QO�ʋ���F��ƻ��P�8���F���j�;&�\pM��03�`g��'�����	�e���B��T�`5N��H�Re�x���%��zZ3�q�f^��ә�]bo�r��6�cB* ��&�r,���d(���?S*X�U�L��M��2���O���k.��KiTh�""eo�h���&��%Ѵ���@f�Z[N�t)#�e�Yv8��P�ډ��(졗F��-�vu%pyK�sc-ո������'��wӪ���~��Hm�c?$P�)�&�j-��&�<7D��D�7���""$�V�G�zRe�}��Ѣ�����S�����}y���X7�I�E3zϗg��|�J�4�wd���FSs+��~=�+��dη�endstreamendobj7 0 obj<>endobj8 0 obj<>/Font<>/ProcSet[/PDF/Text]/ExtGState<>>>endobj9 0 obj<>streamH��W˪$7��W�r�P���ZL��M���E*���{��������Y=�0Ee)�P(�ĉ�O?��__o�x�>=����܈���>��R�c���R�{�����Wߍ_e�꾎���U��r�s���֟���;���������~�������{�J숉�.w�{)���d����B|Y�����T�Zѩ貊ƫ�⫆�V�Oo�} �����Q�I�e.�;`�'��і��xl�5�ը�6f�V�������Zy��o�_p�;�1�?��э��cx��zeH���%LՖ�q9B��_`�1��`'7o�bXFʤ���YG>���F�rf�X,��*9W������S�9%�-{�s�q�;��0<�E�[�rf��:��4m۸���S��=��D:�4Qh6%U�l֙	��h���m�Hj����;�$c���s�9�uT�B�`|�L����:>�����?��_��{�zm�?1����7�M������x���8 ��������z|( ~��|��sT���uȣ����و����P�}���b���c/g�a�_s:����Ǽ���R�k]�k�j;.Ɠi�y����i��<c�&�h��&Ĕ!���؀���E/^���!�L'^����R�F��&v̷���%�����-���y���A��ġ8��+��!F��*�""t�X_��R�тl��3������q�Q����`�%�r)��wo&�EH�m�Б0�g���/�L$��M�I0#��b���Q�S�ނGs�w��%����/�1�p+�W!�������JFa�% ��A�P/�RkCs	���'s$F����\.>�	�ڞεr����=F�'|EwD�����(ǅ\wT@�a���4������Sɽ�L�E�5&偻���l�u�I{���\�;�c�/����h��-��́�e���u��\!3H������+��F��T�Ϊ�Z��3~q{���0��O��""�؋QM)�V�u�=1^t�o���V��4�^�I�âfc�+'z݆v�mC����q�H���iڈ��+�s�$��;������wt3!�b���V��Q�oL���y�r""7)�e��Ą�[�ѽv�v���@2�߁)2��rlS�#��N��x����W�nM5���N���p;�Mע䢈���H��8GB-�+��F5K-����cg-�Ht�['����/Y��#��.{,ȵs�m�?.n�v�+7X��s�e�?�S��5<.^��M�#��� G��GX4\��{�be��� >endobj11 0 obj<>/Font<>/ProcSet[/PDF/Text]/ExtGState<>>>endobj12 0 obj<>streamH��WɎ���W�qZ@�d�B����6СVJ�I$Z�Y[wg$z�*׈Ȉ�^>����w_��W]QuDu�T��R�c������R��~8<����K��/���I�J)W]����vx8U�:��y};�����F�����*�����t����_O'�u�Up�^�?�Ut��?�\�JuBSTLF���ضF��t�����6��""u�c�(�M�{�)m��x2��ƏN��Q�*Cʫ�0?*�3��jL���χq�������w1;y�Ml�qZ�Q;r�w�zl�jh[��th�McD��'cc�����a/Ȼn��:�F�F�lX��:E����a��_���C�ж�E�V{�V�x�X��V���:4�r�N�t�ۘL~nj���y6���KX��q�j0�����NV��֫q��B���>����%z�X���|׊��x���	��I7s�t|ڰ�O��(a�N]u�&���d]'f�����<�;�o�d�6��p��DR;9�dU5�˦�tu�,���m��o���?��}�jm�o����U����5/�t��kEb��������3��D����Om�tQg�]_�;L����v�ލ<�A6�M��Ou�����w����\�#ki��\j17d������� �����:Q��JjN��.{�A��\dL���	f�#~;�@��!��eX�K���QF�>�%s��4y7��\���C����RW֪�E�G�m�y8��;��w��zBmX.F�4j�ڳe�qq׈R����,6�^nQ��y�5/�r�`��������Ք��dg��p6���K�J���P�N�)��t���AG�����M��$aP���`��u��+e�P�����!��b�9��*	��6g�);e�JL1&�HC�H�F����d��h87$;ՀZ�q�]'�b@N|�|䍤�����C�/���m��R|ԫ��������,9������o1�n]���6�2�'=�j�U�H��b匮�c�f!�蠧�_�~�����oߎ'^���ѧ:<�㗦~��~������:��su#Ud��>6��'蛇?�E��x��?��c����~�_����9�J�Su��(M�6�?{�3������ų��jTsB�(2%IH�%�	�/m6h?o&�u91���.���:YJ�Ⱥ���v�׍,��G���6��+Wz�VA{�3;M�zk�=�L|3Q͚e6C�u�T�^�c�:טܱ��'����8����|nCȨ�u�}Ay��!�(y|9��*X��OƂ�;KԷ��bB�'�ID�R���6z5И��Xfg ��	aLR��<�Se ױBj�*g>L9��,,�|e]�CN��l��8X{��1��2!�rD��.%P`X[�:N�/^!+Fh8��ۦ���·ɴx#���""#r��~����LS��KK�K��mV��j������;���QpyJw�zO��QA�j�{�& |�$�g��^t�����%U�M���x""x|�i��rC��x�OF80*i�l��(6���x������$l���<G��+�L�ɘד�F��.��diG���,#��r�)�䲄�.���H�9�p$F{O�Te�F��	���L��d�����2��O��`zy��^��|3�O��;�I���ޗ���	�A�~��c%����/������	D>o4�x<�y�""��.������x�ZF�W�?-(rY@�Q""C�;�\����	�F��)�����	r-X� /�p��i^��N�B�X����K�*�;X@9Cw�����Z+FB�lPԢM��\$] \��F͢��$��p}��&�l�b2���RX�uiJ������N�~5s�⪜6����˻�@���:�s�>��x�A��w�rXo�v*&#���˒��Ex�|�`�ou)����X��9�X˫�C'GA��b+�y�Ok�\��q��r��S��M�o+^{��V��|sʡ�yz��J�Z�vP+(2����Mm��Q�N��M�q3'�g���1�y�ֵ{�V3Noˇ���`��Pö��k�Mo�1яk�22��ꍠ�noE-W��2���1p����/���x�rZ\� !�7w������DM糛��%=�O^q�7�~�s��,�$SO���K5A��fE���I����`��Ee����B������ĶZ��P+]b�$�B陠�^�t�3�p罤x'i��R�8Wo���G)�\�m�c���]��qZ�sSM^�������H��c�7/ұt�ڣ��5���	��7� �N��S�z6�-k[J����<}o�ө&��?w-�;�*�y����|V�VC�2�.���/`�)�,�@F@�L��M0�`NC4��b8���`���5$�!�`�xB�#����a��1(HP�!�aކF��	�v>G�n�#�	��0�D��rendstreamendobj13 0 obj<>endobj14 0 obj<>/Font<>/ProcSet[/PDF/Text]/ExtGState<>>>endobj15 0 obj<>streamH��Wˮ7��W�r2@�E�4z� @�d��^�s���""^���z����x<0��%�yHR~�D��^~|\><z��_������������2���ˇ�_��|�Cj���q��Q)��r�_]]�q�p����M��z�F���^�=�b(��0/Eߋ';&=�G]�?�Tt��&���v��Ic��M{ڍ�a���vj����?�o�g�xm6C|2��~WQMU��J�ڑr;)�� e�7'�AX(�o{nc�+��7���u���T�66V��*��;���f,(Ь+gIF�L��%��I:잃,�AEȋ4xX���J ��L'm�i%)�Sǂ�<'����ߩ�dendstreamendobj16 0 obj<>endobj17 0 obj<>/Font<>/ProcSet[/PDF/Text]/ExtGState<>>>endobj18 0 obj<>streamH��Wˎ����W�hĩ�z����-|�������wd�HQT�R��ƴ�d�UY�������_���������ټ�oR���j��}y�Z�j��y����_��f�?����o'�!L�>���Z�}�өq��������ｕ���p����E\'.�����cU�d4樕�8�md+�s��gz��3t���$)��q2�d��։����֗������������Q����mLo�V����8����%d+��ƫVÎ�?j;�,���nX�z����(�ivMH�j���4��)4��b����<�eu�m��{K�M��O���k���Epz�I�y��iLI��h�y/N�ڠ�ND�Dg�1���^�޴��q�a{t�y��( �%���w�5�DHZo��j��ް��E�q�t��""��u����Y��_NR3����A��5��Db��ʐ��{���fΏR�^��JKC��Λ2�����3-��=��a{�-�Ӻ��*��Ҷ�0�/9ȑ����Qv�����ȶ����CN��]:ie��@�cg�-�=I����~�r�I�Y��'�?P�:1ۙ�P搴ct��{�6�W�d�z1�?�k��`���g'_�����z��k�>U�/RZ�A���=�A�q�b����R*.�e}�˫�N������g�u����sz3��x��^�Y}'�T�����=�J)��.�r9�B���\""怟���7�Q~b$Z!�1��@����3�]�KܰraFl�&ET����q���$�T#��V����Q@��co �`.�n�>SG�*��Vol<�hN�	�q��(bP/�e�C��)`g�~��(�v3���Lɥ����<���^���b�����,��z7Y����ie�,��7.�i����vV��v�S��l��jJ+��Lf�ֻ�1��7�Be�8�8�y�[�[��lE@�CB��=ή�ty�~��З�[��{��t�]y��*y�����>�^d�/<W<�#s���	�-]�k�D��0dFr4�cFZ�Z����d���4Dm�����{��Z�[fl�s"".o�@�wW�)E��3c��2q��+�2c33o���\�!w��5y��$tl���I���J�3��ۈCd�Ū|���)U�""}~JTd�H܋�,� �Lœ�-όp��R������e?�??�L��g^��D�M��@D o�n<���x�e+����E���о��H��OZ����+wYHl����<^��`#�&@�U	p����0(Y�+��J���c.y�F,���t͜m.������]v����BN�+��˅)��3���SU	�|�$?s'�4i�������j�H�O��X.�0�uu���Q�Cutl�c�O[��i���<�F��	�AK���N�d��L4����/�����o-;1dQ���`)7;��#��b�E�u�/���B�P��1�.0�����@!*�l7��-]'UX2J�ρ@�m�z�Ut��ZY�������ᙒ���~�J��@�6sIS�Wա\	+���lI�T���YP�.M��[�W�N��joJ��ZR��p�A�^�IK���)5w3��A�4��1*N��5��]�1�)	��4/@�=T#!e��<^�݃�-��c�h��qX���l�t�#IKB&�tKJ�)�%a�e��%K���Zf�h���Unlj��Unv�r����kD�ɪ�;WN�RHS��e�7K��e@��!P&�w�re��a�X(Q�\�����U���f�;��{��E�PQ��Ϩ�NJ�� ���0�_#VpA�.��A찅�ۏ��h�Ķ �����8�\0�6䖌1��6��,�� {�&犔r�rs�9y��-�'|��$vo�r�#,�5��/��3�j��seD(��zzY��t45��T��G�:��*n��=��Ӣ�Y����iQI J����1K]ޢ�j���U2�摷Uͻ�SV��ƏFZ4H�0Z���f����8_b��B�'nk��w'�Oź�A�v�%��;l9�9�h?��W!�����j���Y��|�*k:��6V9�%$ھ8�CW�s���^.C�B��}&/�y��)Q��f<ڨ�-:P�""\�T�LT�_���e�>�5*��ᚫ���(8h��� WĽ�4�U��sNs�bwS��xJ��5���S�]r���T�!���.�}����;_�?���:�n��t�[��2�������|ֹ'�c���=����n��9�������l���h'8�;a�O���5���Ѹ�}Dz�.�B��:<�dS�/wrNWl��P�VYW�d��O�s?>D�%j=���þ�UkB�9��V��{���c�JV$I�轾""����@�5��K�M�+Hh.��~_�|�Ȍ�ʪ�MSin��<{�?�T�ub˜�@��r(� �N�*_E<���{���PV)�槁���9`��BV�[��z'�[t=!�m��ܐr�ߊG�.�k*�3c�[з8�5��_��ޔ��B��}-��t��t_Cr� k�������a�pBr�P$��}Jl��� +��ɛC�&���'�~;&�c)f))&�*�_���A�) Vtz�60�`Vv��1ܿ#�5�� \м����m���� �vա��2o,�""�R'!�ȎR�o*""gw7�� [t��B�zj3�A)&�H�S��` Z<2�N��W��a\���zI���k�t��(Ck�i�v��'z��Şj�#u���ƕ��Hea����PW�BW�q�	ƀ=_0�Ě���X��h~<�����*r�9Kt��&�X��Խoĉ�""2�U|%�O���>��?���k(�3'@*C���yrҢXp=B����4� ������m���B�^ad�)O�il�n�&8��*@UD+�����N`���헡��>��j�0KI�(Er\1�.��=�(ZH(K�F���K���)*'x�Xa'#�O@�.�QN1s/�u�Jt�|6�Л��[;w`Pog5��g'$~�Մ�F�]�z߫[#�@�%6S�@{ ,�fkQ�H,�n:u�Ԓ�2V��|�).�#G��#�єce�r|&�fЂ`�l�L�Z�`������G�Oe�b��̰����q��>Z�]� �>�����*l�鹄�$��3�o�79����4pK�$^U	J�h�z�O��y�n^@�93���a��sp�UV���0õ8*Ls��1�E�ܟ'�Zj�����r�}�""x:x6�z6T���Y_=�������I?U�<""&x_��W��0���$�7���8�%+h�y.?�]~�W����?�K�G���vd��Q�A%�EW��ND�0�ħ(f��йV8�5�u�ȑ�Q~+�8�%�{#<.���x�,d����8����9D]w���!�O��I~������d�S=���G�I��I�����������ܒFS�'��XR�A<$�!���s��j��8�!9��&�v'|[��r*5��ߨ%<o�\�a�<;�n��c[pstb΃�UҬ4�Tg9A#��`���$ֹRo�)��nؙ��ӭ�Zb#Hr2b�M�r�jF��zU=��JMt���hD��=�O� �;i�I���v�vQy3b��MP���q�q�Lށ�+���o��Z��:Z�8N<H���(t�S>���;�s>��7$L�'""��1g��	��*�B�/P� 4��}�Ҳ�\}��u��=7�n�JM�ƨ�D;��s'�Z/G��6���m�x9��,�M��Yh~�͛�O��S6��N����-W�J帶յ�hC���F6�>�C�F�'�e/���{o������;�qP�(Ӹ�v ��wrg|ߔ�ᤑ�w}u��C+9�P��%�|+9��\�������Ru�L���ʦ9|U*� �n>�E���m�(��u�Gh""�G�<���F}U��4^}�����N����+Q�@+�fo�^Z9�ٮ�H��y�Z9���j�΍�BǶ�KKC�""y�ʓ�)�${���j����U�L!�p���d��WZ��Sf��s��уF�yOE4f#WG�G���n^j$K�Gm�}���m�Fi�����E�XB�zܟ�MW7I鷚Keˌ�F8`�>Y�F~%�;Jh��~��?����A~����ÿ_�������N�$~�^��$�l�U�h%n��G9F�ԋ�ԣz�����z��.�H�H��0�""3u���@�9�]Į��.WGA���2�T�����%Y��0j��O�5Fn4�{YY�!3���cЪ�""3%h���@S5�en ���-PE��L��j ��@�#58E?�L��P��x�#`XP����E�G�-�������� ���i�5Z�@��f�^cQ�K��zT�t[$�n�Tӭ�@�ơ��8u�RQ����E��)79VP]ݪTS-(2F���Q��s�bՀ�<:**�C�wT,�͘H��s�����.���eA���>8�ȭ�!wm��9h��jg�kC��ß��""7$[�>�A�`��s3�$vu�υ+u���g�Є����4s@���4�^��RUWY� C�t��b����ɒy0g""7�@��~��K5p�N� ��-�p���&��:�$[6���q�;V�r\��L��~���h6�=B�a��և_��A)M�0oq����9q�X�*��)�����endstreamendobj19 0 obj<>endobj20 0 obj<>/Font<>/ProcSet[/PDF/Text]/ExtGState<>>>endobj21 0 obj<>streamH��WK��6�ϯ�1)0��������-�����Cr��/�����M�kSIQ��ǫ7�p���������*&���8{+�����O��٨I���������3�/�#���Og�@O�p�'$]_O/Γ��/�Y����38�`gmF���dSݮ�v5�v�lW3H�&�bF1Yeg/�1]?/_��^�{�7�|KO'����WR����L�������9��t9�Y<���:�,����~�G�4��t>��z���8�׷�Wop��wf<���d�����B�s%�d��C`:�)����m�o�/g?�b��|~v�V���F��k��@���m����h}]�&\[�^�d�[[W����M*��מ""�	a,&!��&L�^%dc��ɒ�H�j�L���\�v���J3[G���,:7���R�x.���9**O;]��Q�*��$z�Ah[�ٔP���L�&OA�P�Ub��`BE~8EǴIJ�`5�j,��A�V�|�~�}���ee�aD�_�@ c�x�vB����7����ɶ�ˉ��Oq�Q�-{�8�!��&���z��q�_c璣�FFK��BA��S�.���;}]��Ae���-�X""<�@��L���L y7G���c�٫sP��C�)��P6�3��]��E@V'��r���T�&FmCgO�'n��K�\L������Hg1�AR�A�]��2��T�t��O��'��~W?j(z�$K�t'���D�}[���d��Wk�/G�sJ��89�KZZ�*PQ��4ICp#+H*�2������h���l|%�\�c��h��A8H���R��/XLS����d�`��""�8yנ�\<�p�A��o٠��O�'�֖v�0庀AQmZ�q|�K�K���sJ+""!��tR�6.XY<���,H�'t�h踙\��fK���]�ևbќ�9�sfgf<햱l���؄`����6e���cJ.��D*�B��B�Y�/��1�.�t΂������;���H�;��f��kw?����8b���oLo����E�D��Ą�i��;RXc�,K�]ѵȬ���1��<�t�R���`�r���Z�����;<�2���GUj�O��N�5�NiN�~dah�j�""�L;zjj�w_(Ԥzy�Ǖ�~q�p�~��Դ<�M7�T^��ϓ���S��M�,�Z�ka��E���(��^HRFu>+��[�:cj�DFS��ְ�;�ɣ�v�e�zi͇�'����@)�-�RG�<ʴ���3�۽""�n+��a֍.�B�_�'Q<�K[JHf[�Y��%�^�v6�����T���8��J���D>h/l�ڸҋ����:��xo����X�s��	�Yj��V�s{�O_n��5k$�z ,lb��eP��xtoD�E�ZFj�I8-BGs(����v�u��]��ζ�f��8� �c��OA���W�{��q��o��Rz�!{��z��G�� 	 �4�F��z�6���n�Ru��}v����������\�q勹����&��<�*�t����fC%�J�e��A2ov5p���B>>!����l�1E�ȢGQ���N�Y�Yxk�BF����j�-'9�h%�+:_4�""QN���]	2�=w�W��2���m�&C�d�S;���ͽ�a<����3�mgלi�FMT��W����]����N����yD,OT6����z���Z�ie���A�ؚ��S��|�8Sn&mf�����6���pၒ�Q�H	[���8�]�L�콟h���k�����T5}�l_L/	�^O��l�D�,�D~Z���5}�N��I��lM��Raq6�'�gsT����_����_4�����`��4�'endstreamendobj22 0 obj<>endobj23 0 obj<>/Font<>/ProcSet[/PDF/Text]/ExtGState<>>>endobj24 0 obj<>streamH��WK�7�ϯ�c�Y�ނe����\<7�CK���}���Wztkfg��&f�[]*���t��M�>�|>ܝ�r���N�I5	��s���d�d��	�����W��>!1}N��$�0�9���������珬_o���4�W��������v������� 'g��ٶ��!Vr/�Y��������:/���{Fh<�n�ȶ79��>F�Y�,��VJ��I@��kH8�F�8[�Ld��7���&���n��u�}6R�Uf%AQ�Β��rr��,]�'O:�n����͟��P�QٓP��#�L9�5K�`�#�T���]K�W�A�[<}��I��D����aqF\h-)����0N>��W��:��Q�U҈52Aڈ&�5r���&��b�#[W��9u�>/bMI�H}�yȸ&��	� S����>G����""�1�~8��x~:PM��es�[]Ç�S�X�U6kJJ#]�\ؙ�J��s�*V�R�Ni�\-�^>j�ޯ�XH����N�R�R�S�����c���˲�U.�����(��Q����*�T��y8��IJ�����`):Ǳ��e[��<����O�@^<�ѱ� � �v��f����d`ȃx�����X�dp=7z�q;a����emE��aDA)g�U""��r�]���}��~�x.*nR]��`�ɩ�c�o�A2�iܭ	\��N�z����_!�˾t:�E_�����1�W���is��F�KI,,��K��;Ej�xfn<͎F&pӯ��J������q�.k���:�H��8�=Km$�Q=t!l���+jen�h��-��y!�f��6ײ��U{8��Y.T��rV��e�JMR/�/uw�$!����׫�e$�ep���1%���w�;�y�l�Q���fL�8ZOJ��c��P��0Ě��3	�v޸�A�g�%|���v�}e��̵�;�ȠF��ly�/0�UK�rX���xX��ٝ�Č�\|H�l�p��<��p%L�\���pgk��VW�w�*������z58���!<�V��u�	#�Iy�Z^�0ЍZ}�\�ݏ�-��,/�����}�	�*|�^!��S�}�Xׯ ��������0�ȅ�@U�m���_=���8""�g6D ��z��8����o|���g���\�ƌ[��҃����1�o����i�Φ�ϼ��.��M�5Z�MT�����=VΠ=�}@��r��Qm/�!���V�F�8v��:�l�o��	�Z��s׃�O�~�+j4Nm�#�k�!�UA��ڎ-�̻`��&��r""������H��	0���z�endstreamendobj25 0 obj<>endobj26 0 obj<>/Font<>/ProcSet[/PDF/Text]/ExtGState<>>>endobj27 0 obj<>streamH��WK�$7����c�^�oCӇl��Brپ-{(���!sؿɲ�ܯ��%�!e�-K��Oқwp��q��i��tR�e���^�菿cT0{g��@�?wo�>�!?�M0<�v��5��|���e��À0<�x������h��u�PC9�7�bp��h�Q���wr��0���j���{@�_v�HV����x@�.*����@��8k�3A�$�B�fK��`�����C�%fz�ܯL�z5���Gq�L8~:��!���۶{�����������O�7�e0��Z��r����22ԐAV�7���VA9�̤M��i$�~b�6�ŧ��D��S�v�![Tz��uС�5�x�J!�_��=V�s�^G�E~A��f�C�lְ`�U�7�T���~�0;�Iq� ;ZF�ݞ""������e_��[P1�U�̸�0�4��<�>N��l���*+}2Q]������(]n�v�k3	�o`��`#��A�6&�d�TV���>w�Hj��r��/��>�-��IϿa�v��m�44tv1����X�w�=�C��5S[��qx��F�l%���� /�|2����1d�q�5%��b9M��ӆcN*e""{ҀQ�}o�D�'��U3:��E߈�.ex��ǯ�)R���u��F{�1�����Z4�iǚ�� �J�%��y��U���ZX��M3���A�Ժ]�A���`g��}�=ٯ��V���wE��g�Q��ձ{� f�az-my-����v���6_s�9�ZB��ܧ�e�!��ޗ �i���2z*��b�(7�������׺��2(;j�s�ݸ�c�>�""T��zE���`K0��o�����=�m� ���Ň�""v��;5�������2wd/)���Le\e.���Z�[]�.&��-��n'�*4_4�ܘB���u1vD����&`{�jZ�(�4��?��ϴ�hxG�����%]F�U��̦r���ShtSۈ�>9���֬��?����Q�hXZ�C�(9���CK��l����Ù�	z�gf	�|F+w*~u���Bk�/-x�Q=^җ�L�UV[�V�X��۪��X��7QP8�KY���G��d���։D��o6L�rEښ{٪��2.]5��ZHܺ�m��4fs=C)Xx����g�[��.Q�$���}��'�(�ib'cgJ��|���4ghW��yk��]��56g�Ӛ�n��=����h��t���@j��O+k��z��#��9iW""endstreamendobj28 0 obj<>endobj29 0 obj<>/Font<>/ProcSet[/PDF/Text]/ExtGState<>>>endobj30 0 obj<>streamH��VM��F��W�XS�	ƇL��Br���-)��9d��Sխ����d�`��Rw��W������?_���a��a9 ��w ?����`zg:K��n�zxz~u]~-��{����uC>����?�Ew�0|��f��}�F����������/��M����ޭ�{��r��Q���hb��	��x>�EȰČ��jAG�] �\-r'OY��!̶YS��f\����Y,ʛ�;t�g�a]��ey�E��aA����(�?������W�{��ï��ˉx�@8e�#f�8%�n��\0��S&2rZ�pB�z�����H���G,�-�Ϭh�`B��1��H�a<|w<�\���.h}0���0�9 �V)��XS25�u����tJD<��3�4Ņ��r���=;�o8)�M�VW�*/�;��L^ء>�T��t�j���U�z�G0�7��WW6Q3Z���p-ɻD1���1VG<�hwb���d��B;`�z���oU��MpE�+8��-�ԭ���n?b-���J�f����q��4��%�����������W����}��im�6S��/l�}n�a3]���nۀ6���|M�$�&�<�`A>,��ڞZyU��]E�3�r� k7���ZC���ε�x���ɥY����M�%�+��N��Ȃ��8O�P����R����H��:J�_�Q����,�$w_:�j��&K�.�����Ka�\�ƮH�z[tǧk��I)]��lm��L$).I^W��\z7_��M����Ŵ��,�yŠkC`55�oQ��o>��M�#j�Ai�_O!�}�&��c7�ljY)PK}�r��P�WEY`������.wpʇ�8�	�ɏm.r�<�<��l�����|��C�l�W^c�Å�8"".K����,%��Ll�X����-0�9W��1.:�]�q���0j���-�w@1�>{�t�z)'Я�Mu'H�mA�o��� >endobj32 0 obj<>/Font<>/ProcSet[/PDF/Text]/ExtGState<>>>endobj33 0 obj<>streamH��WɎ���W��6�͌��A�@@�}Q�*k1 @>���#r��^fH�	""kr�|��ŋ�~��?_O?]O�W9�t�O��च�ПC����'#/N5]�8}���N�״HL_�����""���u9�?�����o�	�t���w�@����/P .��D:(�1�ퟠ��ӝ�iw�&'.AN�]�6����|���0�/9ꏿ����o����H��O\����obZ��{����3?(��/���]0�S""�r���������]������y?a����`b����9�;�~��	�X?K7{�׶*C+�L��g��[|{��\n>�E	P7���b[J�b_��v���I����2Fk:녢qv)�%�^��s���ȳ��� ��X�������pf��b��Z��O�������BPb��v���aի�Y�Ґ�fWv7��}r;-�,���V�>Y	��b;kۖz^[�Ǧ�(H�^���t{]H7�O��(V��O�(��8������щo{�ngJ�����lh3���mڅ9��]'����r���-�����wH��8�=ʅ� ]��@i�tP:-`���m�7��FG�����;��EV-t�V׳42��3;tt4�oX��w	�*H.���#��M���U���٧��v<k����דy1z�!)��B""sў��e;�$�p����(�Y#?�P{�)bp� �D,;�""r�P���#6�� 4��� ;~�&��'�O��gj� ���ΐ-#zrpXxJ4�P��������yf�y�]��2�Z�/K�z<��\�E�+��al�����VWAn��;���OX�T�K7i��x��OK���`�{Q��S�V����j�8�~&C�QT2���6""4����k�dbs�-GZߘ�(|�~���i���\nSED��N�蚜�{��""q�Q(�e�t*�'k�b0w��P����8�M1�j�C>�3���D���Y�!���������k�-/�OF�oj�����Q�Xs��-�����������U��GY���T�M�M7�hZ����K�r4=s%K�rjJ��mɆ�>�n�@�sZ""���XnF�&�g��%�Z�؅���x���E������.3B�C6j�8]h�4͹c��)��Q��J]��0��_&�U����E�U�""V��Df-�:�-S�J����4�����%�<��y�U����tR%������&���^���s��!2�����鵔��_�`�g�0t�&�I��+Pt�~�;h��G����a���X�N]W�9�00dmd�I""s0T��s�)|J%ͨS'���o���!�������2����u������z6��{9rj�lh�r�uC�""�3}L+n��+d����%5L9��Z�,X )�t%q�$����k��5�5u��r��A�t�ʃ�`�Tu4*�p�t�[.mb��K�)��T�dt3�m��Y�gqUY��B�Z�QJk)�p��z���W}�pPX	����vV�;����͓;�_�j�a�/���n�lMBs5�""�ZI_���Px4`�� ~fW���œ��������O�U�c�Cr���E��;8�b����0��fm~4nį�""�� nw1$�w}Kayf�}Fg6�u������MH��.���M2�A2�<��u�oL]��d[����\`2��v�}�u��Z����]䘴p����D��M��8��L�Ƣ	�����	6:��>BPt�<��K���G""E��u�)6������J�&3��Ŋ�]��at|kO		�Z2�&֐�ky��j_�ұz�z����x���6�C~R��BkD��1W�j*��Kڪ(�K8��������T����>;3\��{���Kz��{b[���2cX�����}��#.Ͷ\|�l��2��#6{a�e*`}4�×��p�:���e�	�e�䷇�Ta�:�9̎`�T""�}+�Hp�H�y������4[D��e��1+<���&K�Z�f株0'N2|�0R�@�K�1�숥,e�����I�)q��β�+Ň@H������=I����d�x?���ӗ���~���G�'\�	��pq��t����$}ǈw;3��mx�T�4����o����w��U=�H�o*��4��c(�V����N`�Z��ۼ���1C�Y�u�1�8u���@��c\>��3�~'@	7�<���*�4����׫ɧ�1�p��9#����@�6�*:O�̺���ha:�lY(�|w}���R�""_� <�(k���$��v�\S�:�q.A����P����0���,N,X�ѳ4�F>/=��X���y��������&k�e�`�S�6�e�Ѩ�)��Vz<�2��ȥj��khz�0_�T��}M�p׈��,���y7����	��ᖰl���ܜ�H���$k�A�����t�w ,=�/����3A�[]B�C�?ҫ-7��s�� �8�%qP�T	��>��p�j�H��&�jf<�8�cN>��P�.Zo�'tY>d�.���m���K{�s����p�ڂ�tKE��v;e4r6����Ѣa��]���4""h�&���z�ʝs�����qg�d��d���e�OE�`�:��;���_Ru$�YR)G1Ҭ'��y�Y3��ږT���U���\W�YK�ct��4-�;��F������Ϳ��ｼd~t���3a�Oɑ���@��>�>�bŌg�p6/C��jz2~�^t/p�~� Gւ=���|�?����F��&{�hQWX=��0�E���ө���[��Y@��endstreamendobj34 0 obj<>endobj35 0 obj<>/Font<>/ProcSet[/PDF/Text]/ExtGState<>>>endobj36 0 obj<>streamH��Wˎ���W��6�%2��`�X`���	{����t���W1��g�gW�aF9Y��`0�������������:�.�	����?�}:L�LgU�tw�����ﮛ��M�}��w:C���̧�[�.?N9w���_/���^�Cy�F譓@<(����m����!�χ~�C�`z0���7!}ίA|��~{=�U/8y��	Z!�%�6��pA����3lÌj^�RXvC�\�0XZ2�A��U�`T�M�F4nZ�4���S���m���B�Mgѹ���-#��p��o�_O����GE�;FPA�Ao�0���z�8�אE����/zU�h���/��׷���=g��7>tg�1x�]���w""t��kzo]2�0��v�����u	Ftvְ��*�H/�����1؊�OX��X�"",�`i�W輁XG��XsJ�{ʩL�6X�""Zk4:��5��qVA��Pn���jx$�&}Ҽ��qt����/�P7��(�[��#��x@)F�$X�26�t��s���*��m��f���8)�?HAJz� �e�����M�qe��%�1ye2#�f��ҍz���鷵���d,�	��6����K����2��b��Q�*��nU��T�	� �������%�!	��T�1܋0��U.+�2�Gx�bDV�p�\͈��X -�PI��(%�p����6��b���l���'�J����ʸY%�6z-��f6,xǲٗX�jT�er���B,��D��킓Q3ъ�b�0�����E&C�U�.��(ж)0N�(��D����A��""SDzxD����<�Ӯ�$Z�/��Z��gꧮ�;�r�MV$��������2���oC�:]��e��K��+�6Y\}�6L�锤�����n�0U�y���6�#��	���d��c�;�D`z����NF ڇ��$Uq58��Ԋ*����!��	Cw�g��iD��{~RL�k?Q^wg2��O�`2��{�%S��K6�_>����W��w""�""z�������r""qԃq)�Iq��F�ݭn��t��ʢ�)�.ӗapzeL��O�~�濛t���*C��H�6AR�����P��͍�e��L���$�n?�(��Uz(P��X��b��N��9ɍYOMߺ��/k� C�3hn�䓣%S���TZ��gX���u�S���.��fn�`�DJ�k�a��=�����z��D���9""��+�W���3J�R���AƝ�<{H��J@ f��:���Ssji�ʅ�Q��hQ�\��c���v�@�P���:�<����ɢ�W�jΠ�P�q��?X/�S�,X����d��G����VsV����b;��C�AMjr{����Q-ڋ���mnn6�C�f���g���:q[�W=0�q�᭪L�7�{o�v�\%P;Ĝ�`	���TG��]��b�Gjc9�)/�Y��aTjg̀�L����l#�jz�y<�x��v����8��>V>u�U�5�{�����qZ�{��ihW�2I�x�~SȔ��G��Ƃ� 7��Sm2Ƥ.PSXw�4춅�ec-��;���lI�X�	%��~㉔�����#�8�Ƃ�?�����@ب�MZ!��w�T��F�2d�Y� �]�7� �J�[T��^b	67�Ϯ���,C��̨{#�R�W1��4������>sZ�^�Vk�#�*?�N�ej0��p���(Ի�2�8d���oi��TB�kE1�xl��/��r���Uν7������dmO������cч�05���}$[;o�2����]�^��G�(�.q�ɤ�Tm3�c�^͝ڨީN�g�Nm�ܩ��y�+�-av'�ap1�a^~jJ�<>�RI~�d�k`�̨(.¯���ӌ^����������l�K��IU�~+�e �蹺4�d�:����=<��mo���.����x�L�UvS���o�{4�F��_���J.��	er`V9�j��ȣI�V���[o]��4���מ����ύwW����.i:`Q> ���s�a�$ �VE���p�k{�[p-EB�\�m�U,U\K�Lsy`+��Fa4���u��5�LOb��ؕ��r�q>j3�.h�����7�e��K�`M{O��G���<�V��c?�����F-��*�8����M�@���õU�զj�	#�$=q�y���W��֌���a�聏�L�Q����͟�Z��d����$��=�x�z�̟�u��6ځ���TE���q&�i����.#@�""<̹���W�{��Tn���ᴌ8�J�JM�N,$�Klys�X��b�<��y����{[U��� !h�����_""�3WX im�ٔU.ز�y�-��id��J/A.�(AK�8^mC�V���x��c�.YK�W�5���Z6D�9 �ä��K����\F�Ȟ�ȔB�����f{����Q�}����������Yz톻�N�����}�S��/n���Nń�Gܩ�=�H�5@锒Ro4K5�>%޷��$��kO3;��i>d_�n��F�����:��E换�t9�Υ��_��N�,5endstreamendobj37 0 obj<>endobj38 0 obj<>/Font<>/ProcSet[/PDF/Text]/ExtGState<>>>endobj39 0 obj<>streamH��Wˎ���+z�P�X����E��7kgx�~�,�E~���w�ei��ȭ.�E����9��rzw����v��j��>�0H�G�#G'�.�޽�b���$�/�_���r��'���ߧ������r���-����ց`ClcH�M:���|<���������G1��1��R�����~�Ob���h���ObXb�@?�Hw�b�:��e2��L�|�t��""�|�c�ޡ���|m��UZ�Ŋ��O�e�'9����v8c��d�:�^��f�?��ٙ���7:����؏Z�(�!������F��u�୔�Y��V�=>��G`r""%V4=V3�I��؜+��h���\�*�ŕ�Gd�հ4&�P~;�#CM��m��H\a���	�^5����	����z_�I���Nn�d�*F,������F�u؀����.��HI^����04o����*��|Sxt��H����X���r��=ǎ��Y�A���6�]�VB��k�C0#��A!�-�$,�� ���Gئ�ۭ{�m�Pq��5?\\J[.0�uP����(��x|Dh@��ՠ��`ĵ��sb�[ysb�}�8:�]�C)������$�[�(YW[�jp�%H$��y=wC$7Z5�/�L����Gv��|��.���5������������-qm�c���R��; �_/ϑC��7����탘М�.צK&�3�IiX7�8V�Ɯ�_J�I)�zgь�Q�r�K���Y:b��.4�������*�˭�t��ơP�R9~K1S�G+M��V@���I�<��-D�rA�,�E��R1�X�da2oQ:)��f�F1�Ѿ/g'¨%�""�jbY.�(��@nK�#?�Q,5�Q���.s��ݬD�,��3�?r�p�ݾ�ƛs�_�N��""��D*3Uh���F�phF�����Z�Gd[Cg�;�-��4�w?5��Ѳ��$C��F�Qᲀf���YS��%� ���7���W�U��^5�-�.�?H�6�w(w��HO��.�:�-�!R�jN��_dv""\����j3Or�6s��)1	�i�	����\�8��v8־/�����#���OKcDo#���J]�[��+�l��.���:��%��H��J�ֳJƀ�3�#����b;���� �a�%*��pmZ~74�G�2����I4�vT�4�`⫟������Z\��aS��yϚ�U�[��""Q�|F\k@8��M7�5��n{�Q����Srm�c4�A6��dcDQ�.?q]AA)�E�)�� ���.@L���|��4AK�x����M���<%g��$e�57�3�t�5�)*���Q/C��H�L�$ZF��qQ���fS��j���WP��[�ӈ;�*x����[Z��k��!ͳPV��;���{}���pp�M���Qv��8�E���@&��G*�Rc@�u~�r ��O�XM��<�z�يo���Qq����G+\&/��v�@cҙ��.T@ǽE�j��R;�:��ūkE�G+��0�I�F-{̈́���+��nI�=M�Tj�Hsk��M�t�Řm�TʔI$��j""6b�Bn�؈�Z�D�>dJJ/֠��V�B��dbV�*�)\G��U��e�e3�����nֈ��Nu�Nu""c��յ�ӂu����f��;ޓ� �	�����{�K>�K�eoYu�P:zLzjU�H���&�6�h_���xo��9���^w(�[���%�s�l?�����Ȑ�M��Nj>VԤz��N���=h���cQ��do'wbx������Z!�3�?V�|��{��Ъ^�""�+���<�ĭQ��b�Q���0^�T/�BfA��6D4��=�""=���}�U��!��@�%(kI[���-+�5�FzKB�묐��N�>���Bi�ED:M+E���at��»���zT�u����V��i�6�=N�&6>`·��ذ����cEGedC�8z�39/���9ĘJ�$^}x�k-�,&�d�dȤ�!'��S�K�t4/q�4����k�H�f���1��G�(�""CLR�v��mwzs�>�&@ʍ�����Jk��q6k����͈�f/�z[7+��2�;��eiG�������Za��1�jh��z���ڃ��[O��B�����;�����(C`� ��#����+�Q�A�	���A���3����J O�E��ӎ�����n���x��Rt��^���gL���R�dRendstreamendobj40 0 obj<>endobj41 0 obj<>/Font<>/ProcSet[/PDF/Text]/ExtGState<>>>endobj42 0 obj<>streamH��WM���ϯ�c@m�	s�,�@r�n�����$��?Ud�]lI3�l��`d?��^�z��/0���˟//�.9�pY_������!�������	���?_>}�n��=/�������r�������^�p��?^~�t��{�b4�_ �A��a�n��x��>oc0a0�u��Q����Vb��e�����y?�_1J��7<�o��_�0����<��g��$�1�x����]���_�K<-�zV��R���=�+��/��K'5z��p�W���6ܩD;������NF��2Rl7�Uf�^�:V&���!'o��Ix��S]�q��R�!���D�ӹ�W�x:�~����'{Vv5����g�I^�)��l+E�'\���^�!�OK�O���ֶ�ټٛ=N3���x9j=8�8Z!��v[^V""������I٨����s��,fV���Ћ#h�����`1vo����bǯ9�����_�qH�ad�Z�/CrQIbĄ���V*�+���dU�+\�:�D�Xh�1[���%`��3�,G/NVy�v/3���W*g93����͕�Zd�J#[ZN;�,������Ab��X���ö�J|�p(hą��Z\:`+���Zo;�*V�K}�^l�P���f�hf��p��>@�ڏ�$��?��TYb��.Ԣ{B`�Q�N`F�������˽����/��ߚf��� ���""X�Ř�|'�J�8!��Q�oɹ�hߩyk_��M���X�xݮ��Tv:)K����w%��1&�����z~@�rNVd~E�����q�����p1����_���� �c�z���BJ��=""��!s�y�Wi�J�[Oʍd��,�qU|'**�Ӛ���E�xe��Q�J�N�P�}Tx�4��)&X`�_�i	.B���6�#�Pʘ�@�*�y�o��$�*]��#Y�B�� ��>,D&�B��.1�a�1!K����jݿ�Xe���""7������f��%b�XO:'hjD9�'�L�{V��sR�ŜLf���&ʃ� x�Ϋ⇍�W؍�a�<���Tʿ��lb��V$ݹ;lL�֕,�3�l�����լ���V�y��ui��=l�,��r\Qr���*蠆O��$�{�ڞz����� �""c���8�mY���{��V��6�w���wH7��H@�6���1V�4�������!�8c����E}+�n!�Lf��U�������Y�����]��pð9^C���`�UX(��8KY?(�kY9��#.�Ԃ���-=��D�����F�jy.�7���g�\11Z?H���Pgj��W8��9����[:��5'�aQɀ��""�MY������=Roa��G�e�r�B����xwס�Vtڛm�c�'�@te�#ch]�\�ܫ�7-b�慘���|	�f.�rhD�5�~���J����r�p�po]�s/=A��������[�W �`l� v�D�l�]�A�͠���b]�͘ZvJ�*��R�lDm���xڌZ���M���t���� {K'��:k��<}#y���u�펲���V��Ԛ٤��[���+���Mx*	�����Z��Ĕa�N�{��R���NN��|�[���[�0-�1��X5�M����Kȕ���f�4������n{�R�K��N�������bj3�r]M�M؈�Z�UYQ�:�%�xKx�+�������f��.����sm^c��ag{�@�k6F�d���!��""�����w�M�6� ���K���N���jk4Vb ��͸1�B�UԔ�?_�ĭ�Ss����/���bȁ����ԤT,w��6c����P�6j:L��5���;��~�M�6*R���\�$+XmI�~IpU��\ũ�1z�L:Yp:G��0��E4uendstreamendobj43 0 obj<>endobj44 0 obj<>/Font<>/ProcSet[/PDF/Text]/ExtGState<>>>endobj45 0 obj<>streamH��W��$7��+ʼ;`j�~��1�w ����2�y�����}e�L2Y]=ӣ5a�Y�LFFFF~����������vS�n�E�1z����1*�љ�����ۯ�O���a��6������E�B5ܖK�-�?.�x�^�y�/0����h)F��""����|����q�6R�Q���0��?�h�x�׫،{}����ϋ҉`��$��3� 沤7�a�?��e'f]����M9��H�i�X�s3��d׫�Ca뫸��bw���*A���u�������*��ҋm��O�k]����vO��|�	�}�Lo�ۿ�`ֺ��r�J�0�gL��Y�<�Òng�A.��C;+�?=�iZ�6=_V�����$Pb����^쓨�͂;0um	h���K�l*��A""厌��\'�n�Bl)�7�p�)X�=���o��N��ɴ$&96KEP�U�Wv�Ta�\��}[��(�ڒ�(X��bC|	�'�ZX^���.]$�HK ��pzW��h����)�S~�&��bb�|��ğ�_1Bw��������bX/�*�c�[f�(��ɿ�Axb�$�ϽI1X!����,;��A�Q�+YԒm����UK;K񞰼�Ԅ���Ԁ0�ѕ��t݋$�Q	���$��mZ:�k5�xx�#V���A$�n�^��ʚ��K4碫�o�5x,�i�1��!�A�B��'�.S�n�+���sV�W$T������������""mb���%���Mu88dG'm�th*�;M�$�N�S2�D&uz[&�&���z�K�&��Ԧ7��7����=����#�S� :{��+�ڙ�I��1ӛ(8�OR��T)~�6߻�=��K��qJ^���@�B�U}~���<�sI���Wٹz/����25��E� �X�5ЖD��iEK�vh�Oq���l�x3�~�(\2g�?=F�bt��4*����J����h�d��0B�z>�A7�T��m��(Y��`i)�za+�yo�Ŷ���3S�k��m�7�zJU�S[�:]b�M9�ԭ6٘o�i����ˆL�Jf�����C(�Pv��ܻ���.�؇�u^oY""���u��9��kH_�n�c�nF��'=*w��`�������v�F�3�V�1�P?T\���Wi�	�ɚ`]���D�ph2�g&� ��U��#V����/�KM��}Woǃlw�������BUz}��s�����1�Ò.۷~}����D�nuQ��ܭFt����.ט)��6�.�r���r6>��jN��'�B� e �~���/}8���y��Z��T��k,n��N�l����'��j��Y#���vf�ES�n�0��y=��R#����=!M~��D�d�9""��ձ��'�-XXz��K������{c�lx��O}�T/��A���/�L�	rs�Vr��@����t��cd�-]���Q�}�S7���fZ1u��I�r��ŁVV�U�ꭳ��½Wv�V�l460V� >endobj47 0 obj<>/Font<>/ProcSet[/PDF/Text]/ExtGState<>>>endobj48 0 obj<>streamH��WɎ#���W��6���=h��ca��ext`m��A���-��d�ې++cy�ŋׯ�����/=����zP�y{QjLA���{J��v�vpz�f8�����w?���%���~9��z8�/��8��x��iPa8���]`�1z%/0F����o�+���!F>���Ґ���\m̧)�""}�7؂?�Mo���װL��jP �F����),�$��L�[(���u�Dh&ؘ�@�xB����p�4(W��(D��pe�� #B�J�Aveh���Df��VqGm�A$6�/����km��)#�M��!�!z������V�]�w�%��(�B�L�Ê;Q�Q�|��n����y�4����Q��K� DǮ�.e��(�t���ʡ�����2�J��a�8P��l��:��8��d�u�($�X���*%�$�J��`U""�Ѻ��QZ�%Y��J�'�s]@�pZ�pW8�0l<º��m\�9|���n<�""ۤ��)�0)��=���a�d�9�ُ�D�oI�;��k;�`X�g�{o��D��כ�]�d{3jGnhVTs����s�����( �֖�^�3螟q�T���|!���x1_�6�K���W�󁉍���D�ʾ6�r,�L��`hd�����ȸ�)�:�VG���U�(�}u��B����#���ʜ""�T���K��@gT+ݪ<�q��4ޅ��c�!""��M�1��u����P��rZD��m�P����zT����vj��F��e�V\�+M�6I�!^Z��$���(n�ܹ	9�iR���A^�08�F��~Q���l�x��Gd������{V����U?	$oWZ-I㨟ekf��]�i�u��rb}��J�OT����?4/��;�x��ɂ-u����""�I4Ę�0�ж7�X�f�{���PQPm���0���IL!1��#e���,*�M]1�U���IN5�����:�lv��'w���i�O�$��?3^���v^w,��&�B�VY�����lE(������V���a���YV�ҕ[��v#P>2��*�w�.��μjJ>ϩ���X�<����)==�\�sڌ17θ1�����������?��Vk�j5<�n��R������F���~�����8V�UUv�*�j�>V��8nUU��N�W��l�0�l�#�����ߞ�Q�""d������{^h���O��	(�z��H�$���8R!""�5&R���e>8��{,�$�9*og�U�87�Ɠ�?<�nN�~=G����Z�����A��ud�O��$��Y���n�C���Dyc�%]6�%ͬ���g���}MH�+�Z�=ha�=��g������]��\+��k%�&�&��""�ɵ<�u����$�0c==}�N�k�[0��k\j��Z�3ztVMX]�9O�-M�+Y�K&rv������M�H#Bl7��2A[޺7Kx��=P�1&k��`_���tt���v�Y���d�q�Q}�S�����G4����[ifnڱDWQ���|P�@/�7�ЩQv֬^<�*|5tZR(�в3�вCA�,;��Cv|]%t�)���fPTn��18,򾍻5�RXy6��&�����l��*M[��G��)hmt����{��X�H%w���t�V�+�o�o�����[�ŲcՍ��k_��^�ׯj@u�����V��u��ֽ��.��E\Y�7r��(��*�$j7N�*S~��qR�����G��-ɾ9��sȶ�H�*���Xk��	V�|��v����t�-����:����Lv���'���s4���S�<��־z3'��}*��:~k���ka�e��[x,{|,+؍[-D��s=�S��g8�f�=2����T����e_Y!�����fm$g�a�.�*�w��,��6��@+RXīl3j<%F?�V��Gw�#>|o)V��xz�{��´�������=���%��>�TxSq�}�e���j��#ZE[�S�Ďt��a�VwУ���L�(�i��8��+Ѓ�g��5r��endstreamendobj49 0 obj<>endobj50 0 obj<>/Font<>/ProcSet[/PDF/Text]/ExtGState<>>>endobj51 0 obj<>streamH��Wˎ����W�hhn��`����Ёd���A���z1��=bk�v�S������/?�,��|{�������9\�7)�����1*�љ������߾���˷�Hߖ��]�(�P�uyK?�����_.����_��.�I~��b��_ �A錡l�e;��!��q�6A��ކф�a��c�����?�����~Ĩ��8�_��_�p{{׫V�G�NI����H�x�������b�xW�ď��.;˛�b���I���*75[W#�ѓ\����~�n�2DܮB�,������-.""����ޥ�Q�ۭ-�+��4�ON�r���׷�#���u4>���ַ�hq�ئ:��K�tv�����)���=!Sc)��K�F�D�����d�P&���MUܤ��r����S]Ӂn���{��0 r����l-��u2$�Y�U�n��dv�&� >l����k&���r�=��\[!��^l:�I$s���K�OW�k2�R���L�ԉdF5Z�{y.�z���2��3��B�g�U[|g���=���p�7Dw�<�I5�$J�Q��'}�Q>S��.t�K��""^=��E��%J�q��rכ��z`��f%��T��T��.����/�ONa%��Z�O�D��8y�H�$uFE�Ȫ���|(sS��D��%+�K锤t nH�=W:q[^��BK�Z�����(!���%9q���,[:)��D*E���n�k+��v�V�f�t�&yЗ��)�3��6�c���?J[�i�J�0�O��Z1;H�6�N�2g�y�Y�C���N骦z��G5���U̪OMKP� m�����{�CX8����������UT�W�g��*O]NRqm϶F����{ZŸH��ϯ��k�%�0�D���c<�e)4)�����eaw�set܋U�u�/���U��$-��=s�=K=*��9������3k�1kn�E��_��_B+��z�{��`a�X>��g�=�e�w�!�1�5 ����\I��a��a%+1�x_�p��6ͻ'ȘYx�~���	j�[�RJ�l;��t��LS�]�l� 8s�d��D�d�t�uQu���ߝ��2|=�QrM�%I�T���VT�r^�][q�y�սׄSR�o�� �����y&��	1��i�rB\J�y:h?z`����0�:�ЬOz��^��x+��,�m���V�?u����m�h��O�e���I��PEWi$�f�dΚ�Mv�w3��lpYK�!}��D��\�d�E2���W�Q_m4G?��a4��.ͭ%�d��6�n��s1k0!I�v�Z.����v��q>.����(2nx�M>�6p�KZ��ό]�A���3_�L	�(��ɪC�au*��	���~4Z�ԗ�8�T=�s]@��0@Q�:�5{0�|�3���ܐH����i�6��d��DNm�����)O=�n����u_:��!%ϻ&�!�E�.�,W�.� ��+V4�ц#|P?@@��@��K��ɂ�6�;�&AW���A��AG)l�C}ֵɉF-:+��1��z��4ĕ4���-��.��5Y�P��Q��*��U���!H�U~�8�UBm�������S�M-���������z��ɐ׷���Hآ����KZt�`���ʨ��s�m/It]@/��iɻ���0�}��0���� �nC�S5M�6��֓�A��}�hS2~n~	[B�+ߒF�M�����]a�����f ��`��y���4�	�����Cs[qdM�VsG�G��EO��t���? +Aq�a�w�SÑ@K��M	���`]��S/�?r&W|�	���e%�IW�>)��>��'��|Z�����W�oDK/a�h�tԄ���~�coS�b!r��4U!EA�Q[��|%��U��D�v��}ϡf""*�ɁR�����G{�t���Li�rgr���,/�'{�<3'�Q���H��_�����ӳY��e��Z���;T�YP��t	�D90�mS;u,rí^�מ��\v�e���i67�]�	�B�j�=o�B�`�y�MjP�����Ռ�HC����'*�Zs��-���HQ��L��m�=l��4���I���}X���Ϻ��w�i�g���@>�H����^�O�""P_�<��ϧÝO�w)[�AsST�x�Ǽj��Np��y�<��1h���wr'�r׸w�{;st�z�Fހr �͏N�cN	&�+���!������'m����hʹҒ��Eb���h)�J�y�����8N��Wg����{�ĭ=���i�}���b3U���Pa?�K^�ǹ�o�&X>�M!�+JF�0��r�$)�b97>D3J�]�dJ�B̐�P+x�w��W�I�kA˼���[@Rq:k}O��2Q���������������x��mlM���ﴦ�&��QߛN��m^��;{�{�P	B���ڇ�uU�n��kH�Ư���$K��`�=�S�9S�0Νk�r�R\Ǥn2�'�x��d;�{�'o��wԖ���JC>���+<*re�D���t4�؀���A��sjc2�U�,c�!""��,6=����ڜ,(J!!N��	Ѹ3{�x��'m%κ��8�Uk�j����:nz:��t�@B�)�\�v�[�&H#yU<����֛V0�H?9�������#endstreamendobj52 0 obj<>endobj53 0 obj<>/Font<>/ProcSet[/PDF/Text]/ExtGState<>>>endobj54 0 obj<>streamH��WɎc���W��m�����ǆ��e�6��-|�ɇ��~ߑ�f=�9lBk�b�����~�""�}���˧�75��m���ғ��9�Isvf�������/�>w��=M���?/'qB��m}I�����˟N�����o�������-��:~�H�=��ܖ��އ���s�q����g�r����6�z�Ҙ�u�ˢDp�)?�-^��!�.���/��Y	�)�mm�l""�]*��W�ǉ}�m�7""�E_�oCN�Z|�Wq�F��d�M���O�H3d�uH+����~��W\ٴ˄ �~j�2�n����螐	����7D�.ڦ�E,W�߶;�363+�To�ц�[�C���:�=0�ӣ[�lq[�����{�)J�Hqhwi,]ha���Y�Z��.֊]�~Q!Їl�ijb		4�����9�{z� s�ב���2r��~��������}?̐�>1�튟A����T���t�!��0����S�l�[%B��s���%�g׳7�}��޹/2��l){�c&�B..������2�Knk%^}���g;�5�$�ٹ�N'���M���鸎,�����R)?�D�}�-��C@�;��)G_�7�1�W�=����a_2L��1%p�d�Gl�b��~I�2�Y\m�Tm�^4䩑Ÿ�r�5� w�q�w�*�H-���ա(��A�!�/P��*�宐g�u�ym�P��a�x�,��=]:�J�^Uؘ��Z!͂n���o=�l)nJ.]��F��bGX$R�Z�US{����t(ʈ0��9�Dم!ʡ�-e��4o�[@�t�*���Rt)��]k���B-el{-�&�U��R�b; �1D�\ �-�E�sZ���C�T8����??dK�hq�^S�C*.�]���),�E�&�v�.Nl1�X�������<���k�N���w諚�V]a�_�uY�y,C�����*������EpX�澰��l�B����'5����]�WA��ʥ�6��-r����X�t3#]v��D5���w��$��u;%�w&�l�dB�aR�ꉢ�HM���:]�`�Q��i�6�K?�u4!�J+q,�t�-_�T�C�0D* $U����bY�6�j�e����s)5�@�k�9�˅��j�c�u���i���Go���!�f�E6��e=o�~.C�r����#:ݥj{��|����=)��S���\�p�P�~�[�܏�VZ���U����@ы�SZ KQ?�H��)mRk���������e	F�ly{H�c���F8oE�a���f7�,`���I��6��6��^Ҥ`�>>�z�\�w]�ò������xA*kQ27r��b�a�Δ쉪'���r�!�}��*r��C$�c� �U*���Ê��`��Y)eh�.�i���Wj�Q����	�!���nL�<�i�@�ql��}su&�	m\����Fs!hU8�:��Љ�+=)l�.xSi�ʕ1�+��C'�sg�>��/������8�pb)�6���""�����������wh8'�&�I��ȣ�h������k��5t��L��ĐHA(�o֯j�� -U �'��V����W����B�:>Hڀ�:Z����:C/xl��Y��𶎒9�C[1�]Z�Є�HUҨ2D""EQ~���<�a�t}���=�U(Vl����kO���{,-ظ�ͬ����GD�f���ہL"")ڳb\dY�ת��Ë��w�]�8��E�[�#ٚ'C-G/�i�������@u�o䷂璣V��-U0Ý���E����Ck����ߒ�˦�����4��+ӈb�����O��oî�|�3�,���f�6��� >/FontStretch/Normal/FontFile2 56 0 R/FontWeight 400/Flags 4/Descent -140/FontBBox[-121 -137 996 859]/Ascent 859/FontFamily(MS PGothic)/CapHeight 737/XHeight 553/Type/FontDescriptor/ItalicAngle 0/Lang/ja/StemH 85>>endobj56 0 obj<>streamH��W[o\I��{l��>��e;��8��vnNb;�M�������Eb�*���'x�'.B��Y��aXi!!���xB�Sߜ�r*��Ɓ�G�����������8�9wﺈ��z�������λ��po���a����A�~rw�ރ�^��M'�u}���_����~,͏������>���u}8%�����~��7���Z���<|��𣆴��[�����+'^s�v��+���Z��*�{E����w���|�u}Pw.���w����ſ9�h����|yW����R�\Yʲ�H�qY)�.'e�%�L���1{�\���h��m���m�r���f�~�n��^�1�:Uky�7�l4[^�}׵9�u�|��%���J��J/�Q����-�n2{��fL*q2{����O*e2��^3.��	��LJe�̔�k`���""3#�4�Y�d��I=f���J٥f���2?k��Rjx��X=�5�u��jm�f�Un�0�Ҩo�%������{~k�QoU�[u��&�������`��V��fk�1�l7��77���""2,EtD��=�R�H�;&E߸���OH���""9%E���Rd���6��5���HQ8""EqV�Ҝ�y)*RT�X����)�8""��)+0e����c0�8L9SNS0e���)g`�Y��S6a�L9S�Ô0�""L�S^�)�a��r��S>#���y�x�c���g�>!���0F�6�mc^���ƈ�����/���T	A�mД �:t.}�k�r|?i�}�>D}	�׹R�v|��u�v�o��$���G��8�f=п�uc=˴7md����H�H�(���3����|T����ŀ�'�>&8,��C��-��}7�1jG����!@� /2r�a�'̾Xt����.��ף��>��!�qͩ�4��T�k/��n��>�~���Wc'��2lc���7)�'(��3�S�ˆb�Ο�@c��k��R����4g|��g�R=K�}�.��>��dy�{^�x�����.��,�~]""=a��qqA���]��.8���+kth>�� �h޴�.h��w�Y�U�`��cf���,�9�� o�i��i�9/BY�=#ݜG�t	�#�_s@��i�1Q�Ss��ڏr��c�/�}��+���8cf��_3�P���@�$_eҴ1����4�Úfغ������c���<˸|E�\d{MpD�H��:b1��eϒ�X�""E�,��7A�6�~�J���S�)�2��i��,S�q��@ý�,�Ĺ	�Au.�B{~��L�M�֔��1�x���ދ�h7���~��k��,�_5��1E��C�Ô�:�\����k�;[��H/W�ӓf��m��)1}�Ҟ)�U�q�m�o�'8/�Ö�����ޝ�S��i�2�.�g5�h.���\�g��H�q]���C� W��Z�4g���6�ڷf�4�ujȘ��s��D�ػ[��N���a�HӬG9F��O�o���~��}�k�;%f�f����*U��e{��u�jO�of}d��vʱ���3�w���b�@Ƽ!t���QS=����g��1^�����<{8�wG����9�9i>g�v�򌗹�Q�S2\kN�+�SϘ�gz��G�{�{�y���]5A����;|��:e�=���{�~����e�?�� ��.#a��b&&l�H� τc��}7�q�g�g�Yk���V��!r�.x�_4{���l�����wh'�~�z���\_d������y�%�k���x��=����{o����{wi���[�[9�)�~��_��~U�����uo�lWM��c���34O�9Ҋ�5}OǨ7Lq^�oδ{C�Z�z枹���Bs.�q�*�k��^]��t���5�!�o�c�ն?�=���'���3�G8�z&��,N���aO��1Q���G#�(w�X��*m;コQ���/�)ȟ�����m�W��s�_=aЏ�3�If�q��O�����򌍸 ����Ө�Gѻ��}��̙��v�6�鴮���X�zSfn�c��?c��X�ܳo?и{6'X�J�X�<����]&/��pݞ��\�""����X;����-w��c��� W;��9���8�#�y\�)S�jz^2b/����s�6������'�����~|}	x������""bx���X����nC�|�w<��;���?,��	���N���Q���|z���ʽ(?8��{8flS8�i���Ыy8J�c�_�?��C��;���:�wVE���ƥ��+�K�	�O�_����[��@�S�۴R\s��3>�k,0��~�[�?�݁�!gN��mw��s.xU���""8�y���r��%""I���.�~����m��9�7=?�+�sN�5��;k��/�Q��_�^��`{�:=���4s����(�̒?DZf�ȱU�<�x<��[""�c��=����}B��m�H�B1��%E����1�w亙�@��C�w�v���)�&���K}��s>�8��b��uש[�͆��ڀ&�1�q)��y�1b��a�d��U�]�5��ǽN=�\�y�""Ϲ56�_we�{U��%�J�O��?@��Ρ{�H`}U��E����W��*u� ������x~L~�s���'��?`v�	���wi�� 1�]��c�T���뇎�w����͏$���.W��y�Zp=�������?d�wn�7b�5���o����:���>����Z�M����J����7��<ϾHZCҚ������M�b�g.�=�<����c�ǔ�����&ש�wI�w�����mq�I��}����gc-l����,����H�;�A�Il��""zOt� �K�$��iޡ6i��rL��/��9�M�C���q���|�hw~��7⏜�at���>N1���)1ۡ�ė6�n5Z�� 6�rf>������Z��Nw���!z<矘G,�'���Ƕ6��c�{�]��v���q?d}=6���Н�y�����r�.i�c[��~;���x_�5<[}�j�V�>D�����S��/�l�Պ��]sN�@~b��ok-�}�sd�E�+�㝶l�����%7�w����`�xI�`�}�h�󼕱����=��}�c!��9o�}�7��i�$O�im�)�6����Jt�QϘ�bb�/�f=�M�c�����tg1q�k�fu��xV�ׅ��������m�M|�q�Fk�ᡬ�g�<���5�S��y��E�1�_�Y����\��uEM<+��i��Y��-{����g��L��ǘS�Y_����y�z�)�-K��u\�I�/�|J��sV�ͻ�M�Z��ʾ�m��S�d�y}��Զ~�N�{��=�>-��d��ګ������rrǘ��g�J���c�1�]��8s�{�H�Y��i�;�(�c��� �j�h���A�tH���O%�֢�*�]���T����u����2��R�_Eϩ��<�_��:�u���r�75�1�������(�ǵuͶ�[���O�B������l������Z�o�EGw��}���`���)z���ǛNzu�!?u�5�����9��Q�}t[m�ԥ�}���{��n�1�1C��2jY��3�<	w����Ms�Q�""�����s�Ax.�۱s �ć��^حD�>x��A�`���!�]#��k� �/���u���мM����>��*���p�nm;ą�fr� yv:���Lٝ���>�1�����1�E�N����h?2mz޽���`t�X����-k}����Q/㱼ǲN�g������v�7W�q�ζ?Z��M~$o/�����]Cٞ��{��|�^+1����B{mܕ�:{���й��g�m�G�_&�{���:f�Cל��u�:�:��æ�_�:������r2{�oѱc�{\���p{�]D�/���u���jC��Ng�O�ϱ7ӛ�+�u�`�iQ�P�rߵ�B4�յ�k�6w]�Zz�>;���1~+���b�Ƒ��ϸ�a�w�u�1fK����}x�c'�쩥���޳Mq���]�g��ǜxf�>�wоmo���ޭ�p���@�ȸ����!zLGf�b�&�]�b:=�Y�~=>'����h�.x����}ǜs����9c��6��F�K""�u�H��^���t�,s|�zF�k��;l����frg����+��k^e""�W�*�ƫb]�0N�c�Ts��Y�4.kѱ;͉O����5d���w���]���x��""�9��g���/��vM��W����Pi�As��Nl�Ė���m�cW�3`3�8V;g:���8�����m�8���9�q�����g�kV�P�""���vk?[�� �ZL����I�y�_�{��Q��/�Nl���(�o�J�""��t=ě���5?��|�v=���͓�8>�3�S�c�����Qm9�s�@|��g�����s�\S=U�պi9��:���6��߅���fڟ�8��m��/4=ȑ�]8�:�^��?�_�I���y�>�MB��x�q�e}�j���q��N�ٗ��Mۂk?r""��x��9t��|ݧ�a=Fa�������|���g�m#���k�u�/��G���'p>����f��3��A�s����et�G�?��St_�m/�{�=�/uo��,�1�5䥾b����z�޸�9p4ԁ�c��F�;΁3�An���u}霹jTt�Zm_ۂy-��ek�Yt��&���8���9�)�b?��е�7�u�|(����ޘm�q\�h^�C�؉|���z��v.Bt��1w���	�����[�7�e��8rDQ��IO�(N^���vـw�]o�����9.�� C��	&s�)c�������N��v���c�2��OZc�^ؙ8����A+�I�OE�\w-O'�Ȋ�j��b߫m���츤�7�3���ݐְ�׸�=:���3��f�O�8���ž&k��√I��Ǥ��6S+���=�����l����E�K�1����$w��1��k�%�k�{+�m�A���z�'vq/��K���Ls����U��U4��Y|�?4�����63F�co�ߤ�5�!N���B=�����]��.���I�mmW�K��p�;�u���y�5z�M�_����s�ys�Z��I���~֡.1V��8��g�e93�S��|����A�~;��ߵ��x���7�}���x����o�$v��Oit��7��1�;.�|}j��5�{��6���e�s�Igω��5�bΕ�^�}��8�s]Ϙ�,��w�Oj<~�s�u���w|9�ø�<�[,}���?F���ܱC�Y^t����8�Uc(��X�x�\&� ����Hv���%�/X�w���w�͏Q�	g]W�ӽ�3��̇��l:�V��~��\ӧbïE�k���-j�����3����o�K|�0޽����G�-��������Z�j�LԀ{ԚD���Gٳ�eϼ�	�X��~�}�""�-*A'���*]Zz�`l�M���d���x�{�z��Y��D��.��uw�Y���U��n��{�5��M��K������l���=;��~�6}�Z��G�;i�x����k�-j�#�Q�uֺ{�w����{S��9�s�	�Wĉ{R�<�-�v}�Oc3˖kC�Xϸ�k�e�f��U��Yc ۻ+��m-נ����%��u�8�g��]O�_^�ɵ�Ӻ�)z��)�~e��f��:���o玒i�K����s<��ZƏ��C�#��mL�:.��l�_cL�;v�-���~�=����1~K�������:t�c�wOf[c�+��1�>@�0�;4��ɘ������c�|��`�X��1�B�wݝ�����%:���x�/:�z�^����68�;}�c�~8���d�{9w��8�ܟ���y☾�Ҡ5^���-��U����]c��Thw�s~p?�s�I���w߸�}���ٗ�3��͹�����Ir��k��1����Qk���]��C�ٱ����p�:�g����x�~k����u�g���g�¶����ݖm��!g���̏��眗�x��c�\?�^obl���tl�ע�����S�^�sЙAgޣbec��A<ə�!���~d�ż�ڗ�����b�8숿[��i�Q�G0+=J�N~s��]�k[�}�~f��#���~��)j��������<��}��E�LӘ���Bri���f�Z�]�Y�����Y��t��ۼ��?�u��y��Ƴ������xt��1���u/�8�Y��,�%�ӝ)�$�������N��%�'�X&�Ql�h/���y�o}��{O�M��֪}li��O����1�u�6�9C퀦�k�����8u���7��{����}d��Wٝ|O�+2��u��l�����Zc:���o��n�����F�Q}��}�i�9�ݧe�d��9'�Νc���=�G��&�e���Q�糽m3�4��s��aٲ߮Z�����_�Q��x%#��%[K_���9����,G����]<�2dv.���@�'��y��s���ޏl�y��؁��o�y��9~��o�9��ܣ7k��'�t�w�ɶ����ߢ�w���? ��kT��1��x�3Ĕ�;�Ε�ӸG���}޾�,-�mn��^��-��;��-:�N�Cc�1х�s�E��w/sMc����O�wkԾ�eC׆���7ݫ�p�����coo�LcM0!�����F�Т�0�s��t,�8�.��8��@�=�������x��$�Q}�w��5�0c�'���{�G��FN�₷�d��^`ǋko�s�q�i�~5�3}�ؿ)~��cHw���z���u�k���,֕��z��Y.�[��i��O�^�x��]ǲ�:s�=�]���m��1S'���~Sbr����$z���3�^˸0�1}9��k��oՒ!ۅ�ݲY�Ƹ����V�f<�&~�������s{�/�zlu,ü��߁�v�v���ck��ݎ���^�.��_��%*~3�d���9ك|��s�&���9���˱��d�-��eǣdb���~)��_���}��j�{.c�*�k��k��.E�sTL���K\E�X�9����w}� ���g��cɼ^�V�e=�P��E[�>ڹ�|��l��c�����F}�r������>����rf�1��5~6�����N��.��qB\�5r���{�rR����C��8�f8��ߤ5� ��=+~>��Wܗ��o�]�g�Gu����-3}h�����֧s���q�GԼ<��qo��}֛��r�^�:�?��^��	�Ś�Y�.�.�锾��ֲ��r����3��[r��>�����n�/e~��Z�ԓm���R�ҍ�F�Y��5�8���������o��""^�5p�6kL��Z7,Q}��/z%���!��/I&�[%W��2ֲNȄ��5��u������C.������)��N���/:���͠���O��?�'�b�k⻈��72���>��>�¬9����Ӌ.����^�m�/���Ë�)��g�����g�Ntl�9��c���/�3�E͗f�pMs̍��z?��g���?2̱c|���=��6���!��ڵ|}����٪��E	�3S��cݪjh7c���/�����Ei��}�V���q�8�������?l{'�o��w'�S�1�������8�y^ǾVr;����]�9�m���挮�����c��}Oр���վ/�w�ձ��4k�Y7N0^�9��O����r t��_�{�5e�t�gܗt9WmW��wM�S����5���^�g�^��1.w�ؔ�/����>W�$�{j���=�j�9�����E��9:8����(s�){j�>ǳ���?���?�c?2�_������8?��w�õ����Տ�o�ײc�k�{#�쾭�s+Ǹ���Q����5�kb�F��lE�ݤ0鱝���ƪ��`�6��Mo�q���5=5͝�>��$w����'�߮�̇Y��e�r�R��Q�ն��Za.���潈f��������Υ<3{�����3�����e�Ar�������F�{c\������#���?��$��L��V��e΃>h�������s9�{%��6��8|}��1H^�;��З3�s�9��o���� 6�O�x);�wl|����x�󶶞�_��zvz�}���m�Ɨ�K��CmR�K�����A4�r�˲�Y<�K��q�b���;�񟸩���Wb�6xYs}�Z_��M�a��[�e�q�����o�᪸]ˎ��������r��9����ʞ��X�yp�jk�ȥ�Y�R�gd^^+��.������`N�!�.ꁳ03�ә˷x�O����G���~���?�x��`F���!��3i}�\ᅎ��n�cf+6]��>�Ə��=�B�,}��Czl���(=�����c���s��Yt��ȳ<�(~���|�|w��6�{��N��砳���{��&>r��>f�S�������|�/����2h߲�+��E2ș�A��лy\���>�*<`U���ƶ ���:/�����|p]�c����{�	d���}�����炏:� �y�������$]�Ӭ9�a�74�{�Զ���8�9�?�#�,��Az#�V�""c���Q{�1��E�˻��q��|_$��7����V4Ԧ{b��q]��g+�E��g�H������Uǧr��7�I��oz�r��{�M�'~M`P�m��U�ߕ��N�_��F�4e�7��y�#�y�}�_��;�oϧ�7v7�裼kZ��]�����A������б�c.u��'�%�֬u�,Aw�L�_ߞۜ{�,��,�v�p��'yk�}��5�+gn�S����Sޟ�w�ڹ��/3_�r���=g�q(=ý�k���Oo��_S��]���o��:��̲Z<��>��6Y�����y�Ҝe[��V�,��L��k������|&���7�w#9k�gN�s�Z'đ�""ڜC��6���-�X����=���""]�sb>�����Rf_Y��,�_bo�7�mC� ��>��~�5��q��l}�eO�r��z�""�.|��}j��}�e,�ص��>m��bLnL�&����)}O+2�Wٟ�f�>�g�s/�t��#c.G�]�i��v~�װy�y^�'mN�t!/i3F5W$��o���e�o�ˤ�\��.Y�����z��s�y�������gi��s��׿ql͗�p�c��z~���>��׹5��������Z�0s̾�����o��L�=���X�M{�<�?4m�q���3�*ڕ���Q�9�s�ۏc�w�<�:C���-:g��]�>G�7�ԕ�[��K'�a�w����}��I�LFǺ�&�����[9��8�r�����N��ƮS��P�w��v���3�s�=�kI�{��{�˼�<�}��^����Z~RyG�Lے=�|�H�*�\I]��\iӏ�'�3�9�Ơ3^nc�)u��/c<�׽��Bτ���y�>�_�ޫj��w��:'}��}6�+g�{� �+�k,����41�g�s�6�,�$�pM��?�7_�[��'����}9��Ϝýs}��|���g^{���n��{K�s|�r�̱g�^����7ڕv,A��(��_Wѓ�#Ƹ���!��,3���9kZzQ_�~�B����� >�כ�c��wN�1<3�nj���?����`|�Zs�Y��o���۔#��6���Vޫx�Gω�e�t���s����r���9�O8�q�y��$[�sn��3�?��`r0���ӂ7��׺���u���p���L���J�5�~goJ[�����L�����ܱȹ�<����˞	�m�A�7�F��g�i��k�����0����ɨa��=59�xS�a#c��kʱ�����c�9����t�?�3�n?ƨ��ݶ�oj�2�����q�Ne����w���5�1��E����s���)u[{�_�́����|�=�~����ܶ�ǃ������~fS�]7'�0��[������v]❵�8N�}ܼ����9d�����;�2���\�9.����<����sy�!x������^����H�<��}�K����g�x��Y��|�üi����u�l��-뱽ߤ���Ft�r���߶7:�I6�7}����=t��|�?�W�a����佅<���u���%��Ú�/�?$�=��6��ӆ��:_����x�d8'�Z��~Ӻ�n{oZ�I/w�[�12���翆o��[Ʋctz�(״�7�We��e�y��s����r�,j�k�d�e��{=��Y�%6�şw��Yx/����{ȡ����K���}z>�]`Է߽t��q��m�5z�5xk�x*G,[������ޘ�q؈�86ׇ<�1���wڰ�S����12s�Ҙ��^���]���Ft���Yb.j��1���u[��N�8��N{�Y��f��;ө��O��Ռ�����mӵ��ۙ���""��Ϳ���c>���0��s�������ޔ�6_�9��ْ���d���|�4e��|�ʞ�~�D�E��Z[��]�>ߙ÷���t��xl�i��V���? ;q-wǋ�3�8�WŤ�$��Ѥu|����3H���.�i�ߛb�~����ں�kOm���ψ'���T��ʬ��$}�!v�hR�Gv��k�j�A�$ƾW�+�L1�pL��V:�)3�]7�s�_W�����^I�0{X#~��Qt���Oy�vGY]����[f&�cA��@!�BA��� ,-բP�kA�@��`i""�|�t�O�f�/�%�����=oª]k���9�}�����������~�Z�J�����߻��ג����_7ܽJ�3���-��Kׯ�]M�����O�h(8��ڔ�ڞ��l4�ҏ�t�*;y���9�S���ɞ�-��G����ﲳ�lk�������$���l����/t�3f�t� ��}6g5�r���k�ٳ�Zk>,k��Ym���>���%v��9��x���Z�kM���u4��<����f��:�y�n��ň��ǯ�β������~���-�n?6���uv���3볠��c������}a������Ǿ�N{[X̛�X����ب�1�����@ō���W�~6��,և��M}�:�6���/;��~N�7/t����|�Ǆ�Am�@���ݾ�����/5w���~2uF_��f6tǃ�_�a�},̌�t����E��ɹ�Dߟ�S��s�3F�N��x��տ+�\��N~���Rv��z�j��g�sMo趟��-�s�z(�;�BwL�ct~���ş�Yȹ�C�?��.�-r�*��5�G��sӜЉS��fgѵ�0[4x�N6�k��1�69�̘J�i��V�Jn�jf���������~�C'��}{�:[k2��^�r��C��Z�}���i����7H��v��/�E�Q�1Q%���f#����}��߱x������U���k�����ٛ!��h��f#�w��`�~z]���||>��ǲ�~�{�7o~�ud�O�48�ݹ�lv""�ׁ]���n�v�|����ޛ��!�;F��Z�����ק ���C�W�y�*��Z��p�K����M򐹭䱚�֓��� ֶ����d��LA��u7�}�߁��?����=���2wz�:�	��^�]��	�څ��p��!���>V��m*sj�z4y�����ߣ���=��)�T��@�	�{�&�gw�a���Lt���u�a�a���z�D�!��:�q5�6���^Փ�+���~O����zȹ^u:�u��*�y����Ӹ���>����°<ƀ������ƙ)H>��)���]��.�[�>�U��؆�An9�u�Ӫ��)��E�E�Ib��P���gT��)hK�VJ�Go���8z�~����C|�atJcRt���?;����\} ��o����9*�8�k�y>%q""�*�xż��W�G�.�Q�gMi�םM�,nOSמ�U*����8HhI�����UJ%f%n����5��9�L��m��f4���ľ�{i*��5��������i��y���$G�г��m���o-��]�/h`�A��'�G	�$���r��y�Kl��w�-@~��O���[��G��}�{b�ZJ� g6Ǳ����6ʪ|�����2����ޅ��.���'����Չ�����Y��]K*�Q��{���m�����)��$��.�X�t�Gh�!�?����.��^m����X'8�P��h7p��B7+��A1Z�5�A���QY��k����OpH�1^W��&�9��e�&x��oL}[r`F�OQ�#J# ��&�_��lg�6�����&�+����W\Κ?J�eo�4�̭��)��	����H�K��g�������@�6�/[ñe�'Wr���ď8�`��!��P䆜��J��~|+�3Z��c�&bjT��E�_�5��,�������c�ǘ�Y�	�}	���(�-�z�������1`)ׯd�5�^Vz�q�U��.""#vP�/�=6��c��.ps�P�����/�h_x�9:�qRW��~u:���-�XL����?��\u{�i��#'�5'��x�B�=�Y�X�_A/,b^b8����$�4$4��Z����\�\����C|�<�@�#�I��o�����z�@�3�Wz�b���#�x�N2�W���#wJ�����rW�h}���k��Wz�|�J�����s�.�9�<�Zq�}����ݨ���>���	����gɅF]���^�{d���pr�Wݔ�o>�F[Z*�����Ц&O��ڃ����]z�o��'�5M��&���ŊI}�Dm���,����F�X��IԾ|_%=�M��|9�|!o�λb����<��W�.ceu��8������I�W���D};�H�}Ly�}%/̍~������ZVT������������3��3��PJ�����1�o�����qM���?��VpI�N����+Zz����Ǻ6 �b��߫w��vQ�uU�t���uU ����Y�wV�E���GX���7���x�j|uz�\�7��BΕu9��S��M�½��� �^��e�ĺ�T�{�e���)��g[�kq�Y�K�?Ƿl�!���S�0���1�?��ވ��M""u���DjW��\��ԅ������oa���5�U`'����xP�T���k1�'�����.O��ZO��si�G�lh�I�dY�������y6N�v�����ֶ|1��@2w�=^h�c���<�#/K|H~m2OW���G�{���-�C���e�e����X�;�-��y�}~^t��?��@�H�j�g�-kGIާ_�)i�[�y�j󒣀9����̭c��%�{��]@7�>�%�܃�.�8������m/��rQA�l�ஂ��b��Y��)*�)���B���,��ӅtG�ќf����?���a2�)��������o�3d|�<�s{�s��Tyn��^���=U�\�X'�p���|��ō��r|H%܏1��@k�71���-Xi��s;��Vߛv�~�v�ec~�T��3g��lr��*$ƒ�٣@%�bB��1ӡ��M��4Uag�iRǘKE,HN��ML���|�Ү�vu�_S�&�y�.����borr]Ҿ���?k�]���ئ���{y9P��嘐(j��'���0�8#s�����l�SNr����s������~��h|U}p����D�����	��N�����%�K��j��~>G��5��d;�'��b�q��k""��Y-�����8��##��ԣR�����<�a��b��UGV��oME��8_���9<�_���_�u�o�p��o��w7�f��u%G�F�o3~���A���d4�~��T��M��a9t����%c�ۛ������+�-��z;d�r��NU�]��r��ZSѿ`!8/՟gOt[N��G���Z���?�[�:U=����T��c��2Uk��U�uJ���A�Q���#��\�|��iޟ� >��0o7��V�y���E�_�f�����?l�?���������/\mg�U���U���~.E�o��>�m�ّ�=��]r���Nt=�v�O����X_�7��'������-�{���M��7�m���|�I�f���t�cr�-}N��x/׃+����o:�m���%_4��86�_oe���Xױ��Z�<���#M	�������k�����}=��F:�V��(J�2D9D�""W�[���*0~��י���54D���ޡ^�klL���i���_����s��.��~��žɩ�Н������x*���m������!��}�N~}�F`ӡr^,�}�{�샇����H�G�����������ͮ��������T���ѿ��v&�j���.aW���m����˴��_��1�5_�|�v\��MB��k7�ۨ����������,�T�����=־�����B6�W{���~�_�o8�����~�w�����=�J��=;�:����h��[�s��/އ���B{���_�_g��xډ͒�ٓ7y;��^��Az���~1$�#|*�L���7x��,�O���M�bx���@��2?և?�{�	�kE�1~�9��3.?cO!�����:��}_�dv�b�.�۳ѡ.�ބ����9��`�N�a7zH��S���Y�rv��c��|Z�yniH���r�r~����γ��#���|�����8o[�qvy���+�r�����(��ڝ/�:��o�q_��[G{��s�^�^������Y-����wK]�6�S?����ϝ1-�豃�t܁Q����!�� �ցAw�����	��� ��5��[�ޒt��.:� <4�5f?t:/Q�*y1��B{�o~P��廇��=ΏD�e����X�����*Ψ&܌�_���~#�GLu���x�^�>ݑ��)�Ū��2�y�v�W�Gt��.CV���RB�F�Y���s_'����j����5���n�/?(՝ս��ӫM��uJ�5��[ewN1����^%]e�Z��ћ���'c���Fq���Z��Y�9��de�Ӆ�����/���:t#��ƣ�}i��ɸ�g6�3�,Ӵ3���w���M`���{V���K�8̳>c�2Z��KHf��N�m3�i��Q���|�QǺ��4��e��lx��e@��6�3��v�׻�Y���Z��vx���o�~6���|Sm�{�O��\�����i;��������""w����Z;�J\�:�Np��xg�U�v�g(�,�A]�z- ?+17��-_}&�xO�����M��ӽ���{m�\���q���}znbO<7��.�'$�>��3]Gɘ�}���x�.�i��mė�v%q�$>}�r[w1z�`m/q��\��=O�{_CN����e�1���496c��z�=;.��U��XN��P�倈��?(�������-]K�n�߄��\t1p�q�e��t�(g���������ev>v���ٙ�ٝ�k���Q)�m$K+�B-Z���M�������[K��|��%1�4�J�!�E�L��LL�?�}ιϝ��v��j�>9����s�9��s΍C_�S���8���Cl���E�A�8b�ԋy���U��G�Z3;vj��Wj�x�J�����؏u�S6W�׼ިvn�G��t����c2��s����J!&�ZakdG�����E�MZ�� �ъ�p�ֺ�ҠJ�>�׵�*O�w��Ok5J]���1��K*��a�t�L���@�>F>�>�Ϫ�k^�k���>ċ>��wEI�+��{E��48�ȫ���m�7�&�/-��w�E��R��*���^���Q=�i��m.K��B��q�W�����>�POY �v��n}{����-�����b}+آy'ûj��}�����7��J��3(�m�R��vʿW�e=}�������Xo���=�3o����AV����U���[zN���+|uX�N}*{�v텭/@�U��5��d�� ��5���nֻ5�Z�{�~�P/I��o��4ὧZ7ak�f�����od��M""y��\""����\���v��с��3�p`��������~�g�¸n�m���Ic�u����X�_��'s�o�,�wQ��*g�����c�W�K�����D�<�d8�I�e��E�Ϡy��<���mX��k��VԆ�ֿ�J�J���脍��R��e���?Nj}#��Lg[x:�+�}��I�YI""A�z�s�5�d��Q@��;�gN��c��&�$�����e�л�?�EF3뒉h�Y���$g��~��ϒ��5剎'�����p<#���|ls����v��v��̹1��j��ԍ���(��ۼ=��l�g�pv5xc���u *7�-�����G��;CR_G'�9�Nύ�	���cQ���:���8�;�����?2ן����u�C�]Jq�da��&��倜�'�N����٫��@�&#y�!o5y�ɛr*u����	�s׉���~#�z|Uwp����;�r��2�	����Ү/|^{���Z�R�s����u<~���ω̿����#!�c�sLk�^ƃ^�x���kî���u�C���4C����KYW�?�����%kj���X���:��p9�(0G	2D��q����	�-��*Oj�""P�_��5��O�6�uZ�ɣ~>�1�A�k��.I�inR�֫���-��%w�m3'�Jm�$�1W�ʁ}�,jqvm���%��r%G�������[�I����pa`㼣�)��ԱRgM�䷌ж5�V¾y�\�}:���9;��y������wp�&��%ma�ȹe������v��:���M�(�ٔ�M�q�gҽq��~�<�������C�}""m����L7�P�.��)�=�c]����Ky�8���:��>�y�D����͌��E�3hG�M""�ΛE:���E������W��_��tm�$�K|Q���l��re�{�NK+q?����mD���9v���M�}e�;E�z4�FSF�2�B�F)l�{V�V��������c���}s42�6����qƾ�D�9h�e�?��|��$�&��ܣ������F�������u�Q;�}	��`���{	8a����� [p�-g!�g*���:��Ճ�.�P���W��C�e�ߡ/��@'�AȿD�w���U1�r2Ϫ]�0v�˴���k�}{p�~=e�s?zY�J)�� �����6�q�'ǁS|C��i���y�Z|�����9�=�w@�a�]:��I�>r�)�{Au��>�3�C����|�v��4m�m��Q_��-9Y𧱞�>�؎�i̿���r�I3<=Kc�Rh[_��>\��G��'q΀����q~���q_r��]��A�#�~2C�=����Ԯ|Ҭ~г�l^�Z8����$d����rD�?`�_1�oX��h�����Y��Y���W����f�٬y#�v�lc�;�:��Ǻ6����]����ǅ��Eb���%槉<��)9�G��D9M�(+MYl�?�+����a��c�~�����>�~��?�o@/�����1���G�_����;QѺN��:b�:��3�e��R�n����qN�e'c����F�(y��!c��q���H���3?5-��Y�c�w������-f�����:���'������6��+b~uKL��B�p&=��`z`k^���Z�d^���!�e��_	]�g7m�An�{��w�����g����w�n�p��!�A��O���9�����3���~��d.G�&�I@��[pB����@�������O�v?�{�m�~��71�2p�M�>ʪ�;�h�����=��?�ȑ;}>�.e>�E�7�����ƈ���u�!����b���vnE{��9�f��/����z��|�9�&q.�9~-�@`��x���<�f�����w��M]2������_6��#�#��%�}5�u`/�E`!�r>0�����K��½1��b��'�2ʚO��͵D�S�C��>̣Y�ˁ�O��:Hj��J�JLto���_�{(�O��N�I{}""�^j�<�����joE��O���u�(Od�7K3��~+mi�t�����g)�ų��rܛ/E]���d�oj�љ� <�3��;��;�����?��[H�pzI�Nͦ��=���`>י���`:q7�#�����pwG�@+�xܛU��8�KH:�C����>���� �{���:��y_���?e��5Ǉw$�[��1�_��ˏ�#��S9~�)r�|���>���,�sa<曅.���%v��k����-J�!���D�7bhcA��Пp��ϝ�w_�n�_�a�]7���.�;�c����ז�u�\�;��9���҄d�$�-L�ibn��K�;���ȞsҶoD�e�Fι쫳���x�^]=+���9�dxd�ͺ�G�6m��������bc�U�Z��Тl���Z<�Fj.ȃ��*�z��JF�Z\.e����^*,��*���V6J�ő�K�ō� �,�""M�9��j��Z��j�ӭEg��ڴر]���i���;�UZ��n�*�6�w��nq��6���S:,�-=�m��^��ʀ�[�O�d0��@�roH�̓��_?9l{EI�<�ZP$ũ�y��UIeǿ�y]�-W���cP�D��˕���r�}��OˇZf$����rU.jKŲv���V�*,(L�n��Z�J$]�.r�.���W66mh\Y����.����+.ɭ�N�����������������������������������������������������������������������������������������������������������������������������������R�J���Y�e.Nk���""���YI��#˥��,�.��ư�i�O[\��[;�E�����+�c����=��e�]׸$W?u�b����q���k��3��{��k�k�z&g�N���[ڥW�e@��F�a�/��v�i9""S�9_+C�#�2#crRnw���Q)R%����1m{Fm����A�GF��R'�N3Z�N���s���I�{T�������eԀ��vze$�zP��g洞�rZ�#j*�ߟ����ۙҳ�t�T<+O�Im5��n�;M����̌�wJ�7_=�5&eB�p�юU^2x�s;�ߢ������݈��ލ~��Eg��R9V-U��l�d�Q�q�I��|a��ͻ�W&���MG�����GnF�>�f�#�㫢���d��F�k�?\3��|�~�&�V���4���:R(�Ki���%���\��>����~�w�t�����+��Js_\�O�v�>endstreamendobj57 0 obj<>/DW 1000/Type/Font>>endobj58 0 obj<>streamH�T��N�0��<��C7$WSՁ;!*q�ha�9n�D��M��=I�08�����X�S�l����Yg�F?1\���q��@&s3����u�R��$��g�==����}�����W6����k��i��i AAU��N��Y�=ȿ�_��A�ԇ���Fb�z���-�3���u��K�ئ�*T%���Ͼ��+N̉t9����륂y[�#���o�endstreamendobj59 0 obj<>endobj60 0 obj<>endobj61 0 obj<>endobj62 0 obj<>endobj63 0 obj<>endobj64 0 obj<>endobj65 0 obj<>stream Acrobat Elements 7.0 (Windows) 2010-10-18T11:20:11+09:00 DocuWorks Desk 6.1 2010-10-18T11:20:11+09:00 application/pdf uuid:0253f2d0-6db0-4ab4-bf5b-b987917241dd uuid:e338888f-1e25-49ee-b2f7-035fce5249be endstreamendobj66 0 obj<>endobjxref0 670000000000 65535 f0000150838 00000 n0000150970 00000 n0000151111 00000 n0000153328 00000 n0000153460 00000 n0000153601 00000 n0000155648 00000 n0000155780 00000 n0000155921 00000 n0000157991 00000 n0000158126 00000 n0000158268 00000 n0000161035 00000 n0000161170 00000 n0000161312 00000 n0000163263 00000 n0000163398 00000 n0000163540 00000 n0000169482 00000 n0000169617 00000 n0000169759 00000 n0000171841 00000 n0000171976 00000 n0000172118 00000 n0000174022 00000 n0000174157 00000 n0000174299 00000 n0000175972 00000 n0000176107 00000 n0000176249 00000 n0000177310 00000 n0000177445 00000 n0000177587 00000 n0000180772 00000 n0000180907 00000 n0000181060 00000 n0000183932 00000 n0000184067 00000 n0000184209 00000 n0000186550 00000 n0000186685 00000 n0000186838 00000 n0000189679 00000 n0000189814 00000 n0000189956 00000 n0000192809 00000 n0000192944 00000 n0000193097 00000 n0000195827 00000 n0000195962 00000 n0000196104 00000 n0000199044 00000 n0000199179 00000 n0000199321 00000 n0000202622 00000 n0000202921 00000 n0000225875 00000 n0000226063 00000 n0000226358 00000 n0000226490 00000 n0000226525 00000 n0000226549 00000 n0000226609 00000 n0000226736 00000 n0000226858 00000 n0000230414 00000 ntrailer<>startxref116%%EOF"
2010-09-17,株式会社シニアコミュニケーション,,株式会社シニアコミュニケーションに係る有価証券報告書等の虚偽記載及び同社役員が所有する同社株券の売出しに係る目論見書の虚偽記載に係る課徴金納付命令勧告について（平成22年9月17日）,https://www.fsa.go.jp/sesc/news/c_2010/2010/20100917-1.html,"平成２２年９月１７日 証券取引等監視委員会 株式会社シニアコミュニケーションに係る有価証券報告書等の虚偽記載及び同社役員が所有する同社株券の売出しに係る目論見書の虚偽記載に係る課徴金納付命令勧告について １．勧告の内容 証券取引等監視委員会は、株式会社シニアコミュニケーションに係る有価証券報告書等の虚偽記載及び同社役員が所有する同社株券の売出しに係る目論見書の虚偽記載について検査した結果、下記のとおり法令違反の事実が認められたので、本日、内閣総理大臣及び金融庁長官に対して、金融庁設置法第２０条第１項の規定に基づき、課徴金納付命令を発出するよう勧告を行った。 ２．法令違反の事実関係 (1)　株式会社シニアコミュニケーション（以下「シニアコミュニケーション」という。） シニアコミュニケーションは、関東財務局長に対し、売上の前倒し計上及び架空売上の計上等により、別添のとおり、平成２０年法律第６５号による改正前の金融商品取引法（以下「旧金融商品取引法」という。）第１７２条の２第１項及び第２項並びに金融商品取引法第１７２条の４第２項に規定する「重要な事項につき虚偽の記載がある」有価証券報告書等を提出したものである。 ［虚偽記載の概要］ （単位：百万円） ア）【平成18年3月期有価証券報告書】 虚偽記載額 認定金額 連結売上高 1,160 804 連結経常損益 217 ▲127 連結当期純損益 85 ▲316 連結純資産額（資本合計） 1,349 568 イ）【平成18年9月中間期半期報告書】 虚偽記載額 認定金額 連結売上高 617 303 連結経常損益 176 ▲128 連結中間純損益 89 ▲255 連結純資産額 1,495 369 ウ）【平成19年3月期有価証券報告書】 虚偽記載額 認定金額 連結売上高 1,401 850 連結経常損益 307 ▲228 連結当期純損益 343 ▲287 連結純資産額 3,252 1,801 エ）【平成19年9月中間期半期報告書】 虚偽記載額 認定金額 連結売上高 753 559 連結経常損益 82 ▲102 連結中間純損益 ▲9 ▲236 連結純資産額 3,321 1,667 オ）【平成20年3月期有価証券報告書】 虚偽記載額 認定金額 連結売上高 1,578 1,055 連結経常損益 231 ▲263 連結当期純損益 16 ▲496 連結純資産額 3,344 1,402 カ）【平成20年6月第1四半期四半期報告書】 虚偽記載額 認定金額 連結売上高 474 340 連結経常損益 49 ▲61 連結四半期純損益 18 ▲96 連結純資産額 3,299 1,225 キ）【平成20年9月第2四半期四半期報告書】 虚偽記載額 認定金額 連結売上高 771 519 連結経常損益 ▲54 ▲258 連結四半期純損益 ▲91 ▲348 連結純資産額 3,139 892 ク）【平成20年12月第3四半期四半期報告書】 虚偽記載額 認定金額 連結売上高 1,013 715 連結経常損益 ▲163 ▲385 連結四半期純損益 ▲306 ▲599 連結純資産額 2,861 600 ケ）【平成21年3月期有価証券報告書】 虚偽記載額 認定金額 連結売上高 1,326 867 連結経常損益 ▲405 ▲721 連結当期純損益 ▲616 ▲936 連結純資産額 2,570 324 コ）【平成21年6月第1四半期四半期報告書】 虚偽記載額 認定金額 売上高 78 99 経常損益 ▲297 ▲153 四半期純損益 ▲269 ▲125 純資産額 2,385 283 サ）【平成21年9月第2四半期四半期報告書】 虚偽記載額 認定金額 売上高 182 207 経常損益 ▲445 ▲255 四半期純損益 ▲393 ▲203 純資産額 2,232 175 シ）【平成21年12月第3四半期四半期報告書】 虚偽記載額 認定金額 売上高 306 339 経常損益 ▲566 ▲307 四半期純損益 ▲514 ▲256 純資産額 2,115 127 シニアコミュニケーションは、関東財務局長に対し、 ア）重要な事項につき虚偽の記載がある平成１８年３月期の連結財務諸表（別添番号欄１参照）を掲載した有価証券届出書を提出し、同有価証券届出書に基づく募集により、平成１８年１１月１日、５，０００株の株券を１，４７９，２５０，０００円で取得させ、 イ）重要な事項につき虚偽の記載がある平成１８年３月期の連結財務諸表（別添番号欄１参照）を掲載した有価証券届出書を提出し、同有価証券届出書に基づく募集により、平成１８年１１月２８日、５２１株の株券を１４５，５５６，９８０円で取得させた。 同社が行った上記の行為は、旧金融商品取引法第１７２条第１項第１号に規定する「重要な事項につき虚偽の記載がある」発行開示書類に基づく募集により有価証券を取得させた行為に該当すると認められる。 (2)　シニアコミュニケーションの役員（課徴金納付命令対象者Ａ、Ｂ、Ｃ） 課徴金納付命令対象者Ａ、Ｂ及びＣは、重要な事項につき虚偽の記載がある平成１８年３月期の連結財務諸表（別添番号欄１参照）を記載した目論見書を使用し、同目論見書に虚偽の記載があることを知りながら、その作成に関与し、平成１８年１１月２日、同目論見書に係る売出しにより、 課徴金納付命令対象者Ａは、同人が所有する３８０株のシニアコミュニケーション株券を１１２，４２３，０００円で 課徴金納付命令対象者Ｂは、同人が所有する３８０株のシニアコミュニケーション株券を１１２，４２３，０００円で 課徴金納付命令対象者Ｃは、同人が所有する２４０株のシニアコミュニケーション株券を７１，００４，０００円で それぞれ売り付けた。 課徴金納付命令対象者Ａ、Ｂ及びＣが行った上記の各行為は、旧金融商品取引法第１７２条第５項に規定する「重要な事項につき虚偽の記載がある目論見書」を使用した発行者の役員等であって、当該目論見書に虚偽の記載があることを知りながら当該目論見書の作成に関与した者が、当該目論見書に係る売出しにより当該役員等が所有する有価証券を売り付けた行為に該当すると認められる。 ３．課徴金の額の計算 上記の違法行為に対し金融商品取引法に基づき納付を命じられる課徴金額は下記のとおりである。 シニアコミュニケーション ５，０４９万円 課徴金納付命令対象者Ａ ２２４万円 課徴金納付命令対象者Ｂ ２２４万円 課徴金納付命令対象者Ｃ １４２万円 シニアコミュニケーション (1) 旧金融商品取引法第１７２条の２第１項の規定により、平成１８年３月期有価証券報告書に係る課徴金は 当該法人が発行する算定基準有価証券の市場価額の総額に１０万分の３を乗じて得た額（582,602円） が 3,000,000円 を超えないことから、3,000,000円となる。 (2) 旧金融商品取引法第１７２条の２第１項及び第２項の規定により、平成１８年９月中間期半期報告書及び平成１９年３月期有価証券報告書に係る課徴金について、個別決定ごとの算出額は 当該法人が発行する算定基準有価証券の市場価額の総額に１０万分の３を乗じて得た額（443,657円） が 3,000,000円 を超えないことから、 同半期報告書については、3,000,000円の２分の１に相当する額である1,500,000円 同有価証券報告書については、3,000,000円 となる。 ここで、これらの書類が同一の事業年度に係るものであることから、金融商品取引法第１８５条の７第６項の規定により、下記のとおり３００万円を個別決定ごとの算出額に基づき按分した金額が課徴金の額となる。 平成１８年９月中間期半期報告書に係る課徴金の額は 1,000,000円 平成１９年３月期有価証券報告書に係る課徴金の額は 2,000,000円 (3) 旧金融商品取引法第１７２条の２第１項及び第２項の規定により、平成１９年９月中間期半期報告書及び平成２０年３月期有価証券報告書に係る課徴金について、個別決定ごとの算出額は 当該法人が発行する算定基準有価証券の市場価額の総額に１０万分の３を乗じて得た額（157,344円） が 3,000,000円 を超えないことから、 同半期報告書については、1,500,000円 同有価証券報告書については、3,000,000円 となる。 ここで、これらの書類が同一の事業年度に係るものであることから、金融商品取引法第１８５条の７第６項の規定により、下記のとおり３００万円を個別決定ごとの算出額に基づき按分した金額が課徴金の額となる。 平成１９年９月中間期半期報告書に係る課徴金の額は 1,000,000円 平成２０年３月期有価証券報告書に係る課徴金の額は 2,000,000円 (4) 旧金融商品取引法第１７２条の２第１項及び第２項の規定により、平成２０年６月第１四半期四半期報告書、平成２０年９月第２四半期四半期報告書、平成２０年１２月第３四半期四半期報告書及び平成２１年３月期有価証券報告書に係る課徴金の額について、個別決定ごとの算出額は、 当該法人が発行する算定基準有価証券の市場価額の総額に１０万分の３を乗じて得た額（64,907円） が 3,000,000円 を超えないことから、 平成２０年６月第１四半期四半期報告書については、1,500,000円 平成２０年９月第２四半期四半期報告書については、1,500,000円 平成２０年１２月第３四半期四半期報告書については、1,500,000円 平成２１年３月期有価証券報告書については、3,000,000円 となる。 ここで、これらの書類が同一の事業年度に係るものであることから、金融商品取引法第１８５条の７第６項の規定により、下記のとおり３００万円を個別決定ごとの算出額に基づき按分した金額が課徴金の額となる。 平成２０年６月第１四半期四半期報告書に係る課徴金の額は 600,000円 平成２０年９月第２四半期四半期報告書に係る課徴金の額は 600,000円 平成２０年１２月第３四半期四半期報告書に係る課徴金の額は 600,000円 平成２１年３月期有価証券報告書に係る課徴金の額は 1,200,000円 (5) 金融商品取引法第１７２条の４第２項の規定により、平成２１年６月第１四半期四半期報告書、平成２１年９月第２四半期四半期報告書及び平成２１年１２月第３四半期四半期報告書に係る課徴金の額について、個別決定ごとの算出額は、 当該法人が発行する算定基準有価証券の市場価額の総額に１０万分の６を乗じて得た額 （平成２１年６月第１四半期四半期報告書 49,127円 平成２１年９月第２四半期四半期報告書 50,137円 平成２１年１２月第３四半期四半期報告書 39,748円 ） がそれぞれ 6,000,000円 を超えないことから、 平成２１年６月第１四半期四半期報告書については、3,000,000円 平成２１年９月第２四半期四半期報告書については、3,000,000円 平成２１年１２月第３四半期四半期報告書については、3,000,000円 となる。 ここで、これらの書類が同一の事業年度に係るものであることから、金融商品取引法第１８５条の７第６項の規定により、6,000,000円を個別決定ごとの算出額に基づき按分した金額が課徴金の額となる。 平成２１年６月第１四半期四半期報告書に係る課徴金の額は 2,000,000円 平成２１年９月第２四半期四半期報告書に係る課徴金の額は 2,000,000円 平成２１年１２月第３四半期四半期報告書に係る課徴金の額は 2,000,000円 (6) 旧金融商品取引法第１７２条第１項第１号の規定により、重要な事項につき虚偽の記載がある発行開示書類に基づく募集により取得させた株券等の発行価額の総額の１００分の２に相当する額が課徴金の額となることから、 平成１８年１０月１０日提出の有価証券届出書（一般募集）に係る課徴金の額は、 1,479,250,000円×2／100＝29,585,000円 について、金融商品取引法第１７６条第２項の規定により１万円未満を切り捨てて29,580,000円 平成１８年１０月１０日提出の有価証券届出書（その他の者に対する割当）に係る課徴金の額は、 145,556,980円×2／100＝2,911,139円 について、金融商品取引法第１７６条第２項の規定により１万円未満を切り捨てて2,910,000円 となる。 課徴金納付命令対象者Ａ 旧金融商品取引法第１７２条第５項において準用する同条第２項の規定により、重要な事項につき虚偽の記載がある目論見書に係る売出しにより売り付けた課徴金納付命令対象者が所有する株券等の売出価額の総額の１００分の２に相当する額が課徴金の額となることから、 平成１８年１１月２日、同人が所有するシニアコミュニケーションの株券を、売出しにより売り付けるに当たり使用した目論見書に係る課徴金の額は、 112,423,000×2／100＝2,248,460円 について、金融商品取引法第１７６条第２項の規定により１万円未満を切り捨てて、2,240,000円 となる。 課徴金納付命令対象者Ｂ 旧金融商品取引法第１７２条第５項において準用する同条第２項の規定により、重要な事項につき虚偽の記載がある目論見書に係る売出しにより売り付けた課徴金納付命令対象者が所有する株券等の売出価額の総額の１００分の２に相当する額が課徴金の額となることから、 平成１８年１１月２日、同人が所有するシニアコミュニケーションの株券を、売出しにより売り付けるに当たり使用した目論見書に係る課徴金の額は、 112,423,000×2／100＝2,248,460円 について、金融商品取引法第１７６条第２項の規定により１万円未満を切り捨てて、2,240,000円 となる。 課徴金納付命令対象者Ｃ 旧金融商品取引法第１７２条第５項において準用する同条第２項の規定により、重要な事項につき虚偽の記載がある目論見書に係る売出しにより売り付けた課徴金納付命令対象者が所有する株券等の売出価額の総額の１００分の２に相当する額が課徴金の額となることから、 平成１８年１１月２日、同人が所有するシニアコミュニケーションの株券を、売出しにより売り付けるに当たり使用した目論見書に係る課徴金の額は、 71,004,000×2／100＝1,420,080円 について、金融商品取引法第１７６条第２項の規定により１万円未満を切り捨てて、1,420,000円 となる。 （別添）シニアコミュニケーションの有価証券報告書等の虚偽記載内容 番号 開示書類 虚偽記載 提出日 書類 会計期間 財務計算に 関する書類 内容（注） 事由 １ 平成18年 6月30日 第6期事業年度連結会計期間に係る有価証券報告書（平成18年3月期有価証券報告書） 平成17年4月1日～平成18年3月31日の連結会計期間 連結 損益計算書 連結経常損益が▲127百万円であるところを217百万円と記載 連結当期純損益が▲316百万円であるところを85百万円と記載 ・売上の前倒し計上 ・架空売上の計上 等 連結 貸借対照表 連結純資産額に相当する「資本合計」欄が568百万円であるところを1,349百万円と記載 ２ 平成18年 12月28日 第7期事業年度中間連結会計期間に係る半期報告書（平成18年9月中間期半期報告書） 平成18年4月1日～平成18年9月30日の中間連結会計期間 中間連結 損益計算書 連結経常損益が▲128百万円であるところを176百万円と記載 連結中間純損益が▲255百万円であるところを89百万円と記載 ・売上の前倒し計上 ・架空売上の計上 等 中間連結 貸借対照表 連結純資産が369百万円であるところを1,495百万円と記載 ３ 平成19年 6月29日 第7期事業年度連結会計期間に係る有価証券報告書（平成19年3月期有価証券報告書） 平成18年4月1日～平成19年3月31日の連結会計期間 連結 損益計算書 連結経常損益が▲228百万円であるところを307百万円と記載 連結当期純損益が▲287百万円であるところを343百万円と記載 ・売上の前倒し計上 ・架空売上の計上 等 連結 貸借対照表 連結純資産が1,801百万円であるところを3,252百万円と記載 ４ 平成19年 12月27日 第8期事業年度中間連結会計期間に係る半期報告書（平成19年9月中間期半期報告書） 平成19年4月1日～平成19年9月30日の中間連結会計期間 中間連結 損益計算書 連結経常損益が▲102百万円であるところを82百万円と記載 連結中間純損益が▲236百万円であるところを▲9百万円と記載 ・売上の前倒し計上 ・架空売上の計上 等 中間連結 貸借対照表 連結純資産が1,667百万円であるところを3,321百万円と記載 ５ 平成20年 6月30日 第8期事業年度連結会計期間に係る有価証券報告書（平成20年3月期有価証券報告書） 平成19年4月1日～平成20年3月31日の連結会計期間 連結 損益計算書 連結経常損益が▲263百万円であるところを231百万円と記載 連結当期純損益が▲496百万円であるところを16百万円と記載 ・売上の前倒し計上 ・架空売上の計上 等 連結 貸借対照表 連結純資産が1,402百万円であるところを3,344百万円と記載 ６ 平成20年 8月14日 第9期事業年度第1四半期連結会計期間に係る四半期報告書（平成20年6月第1四半期四半期報告書） 平成20年4月1日～平成20年6月30日の四半期連結累計期間 四半期連結 損益計算書 連結四半期純損益が▲96百万円であるところを18百万円と記載 ・売上の前倒し計上 ・架空売上の計上 等 平成20年4月1日～平成20年6月30日の四半期連結会計期間 四半期連結 貸借対照表 連結純資産が1,225百万円であるところを3,299百万円と記載 ７ 平成20年 11月14日 第9期事業年度第2四半期連結会計期間に係る四半期報告書（平成20年9月第2四半期四半期報告書） 平成20年4月1日～平成20年9月30日の四半期連結累計期間 四半期連結 損益計算書 連結経常損益が▲258百万円であるところを▲54百万円と記載 連結四半期純損益が▲348百万円であるところを▲91百万円と記載 ・売上の前倒し計上 ・架空売上の計上 等 平成20年7月1日～平成20年9月30日の四半期連結会計期間 四半期連結 貸借対照表 連結純資産が892百万円であるところを3,139百万円と記載 ８ 平成21年 2月13日 第9期事業年度第3四半期連結会計期間に係る四半期報告書（平成20年12月第3四半期四半期報告書） 平成20年4月1日～平成20年12月31日の四半期連結累計期間 四半期連結 損益計算書 連結経常損益が▲385万円であるところを▲163百万円と記載 連結四半期純損益が▲599百万円であるところを▲306百万円と記載 ・売上の前倒し計上 ・架空売上の計上 等 平成20年10月1日～平成20年12月31日の四半期連結会計期間 四半期連結 貸借対照表 連結純資産が600百万円であるところを2,861百万円と記載 ９ 平成21年 6月30日 第9期事業年度連結会計期間に係る有価証券報告書（平成21年3月期有価証券報告書） 平成20年4月1日～平成21年3月31日の連結会計期間 連結 損益計算書 連結経常損益が▲721百万円であるところを▲405百万円と記載 連結当期純損益が▲936百万円であるところを▲616百万円と記載 ・売上の前倒し計上 ・架空売上の計上 等 連結 貸借対照表 連結純資産が324百万円であるところを2,570百万円と記載 10 平成21年 8月14日 第10期事業年度第1四半期会計期間に係る四半期報告書（平成21年6月第1四半期四半期報告書） 平成21年4月1日～平成21年6月30日の四半期会計期間 四半期 貸借対照表 純資産が283百万円であるところを2,385百万円と記載 ・ソフトウェアの架空計上 等 11 平成21年 11月13日 第10期事業年度第2四半期会計期間に係る四半期報告書（平成21年9月第2四半期四半期報告書） 平成21年7月1日～平成21年9月30日の四半期会計期間 四半期 貸借対照表 純資産が175百万円であるところを2,232百万円と記載 ・ソフトウェアの架空計上 等 12 平成22年 2月12日 第10期事業年度第3四半期会計期間に係る四半期報告書（平成21年12月第3四半期四半期報告書） 平成21年10月1日～平成21年12月31日の四半期会計期間 四半期 貸借対照表 純資産が127百万円であるところを2,115百万円と記載 ・ソフトウェアの架空計上 等 （注）金額は百万円未満切捨てである。また、▲は損益計算書では損失であることを、貸借対照表では債務超過であることを示す。"
2010-09-22,ソーシャル・イノベーション株式会社,,ソーシャル・イノベーション株式会社に対する検査結果に基づく勧告について（平成22年9月22日）,https://www.fsa.go.jp/sesc/news/c_2010/2010/20100922-1.html,平成２２年９月２２日 証券取引等監視委員会 ソーシャル・イノベーション株式会社に対する検査結果に基づく勧告について １．勧告の内容 関東財務局長がソーシャル・イノベーション株式会社（東京都港区、資本金１０百万円、役職員５名、投資助言・代理業、適格機関投資家等特例業務）を検査した結果、下記のとおり、当該金融商品取引業者に係る法令違反の事実が認められたので、本日、内閣総理大臣及び金融庁長官に対して、金融庁設置法第２０条第１項の規定に基づき、行政処分を行うよう勧告した。 ２．事実関係 ○　集団投資スキーム持分の私募及び運用において、公益及び投資者保護上、重大な法令違反行為等が認められる状況 ソーシャル・イノベーション株式会社（以下「当社」という。）は、平成２０年３月に、関東財務局長へ適格機関投資家等特例業務（以下「特例業務」という。）の届出を行い、特例業務として自らを営業者等とし、主に外国で発行される有価証券に投資する事業を行う９本の匿名組合契約等 （以下「ファンド」という。）の出資持分の私募（以下「自己私募」という。）及び運用（以下「自己運用」という。）を行っているとしている。 (1)　ファンドの出資持分の自己私募及び自己運用に係る無登録営業等 当社は、自らを営業者等とする９本全てのファンドについて、当該ファンドの設立以来、適格機関投資家からの出資がないまま、当該ファンドの出資持分の自己私募及び自己運用を行っている。 したがって、当社が行った自己私募及び自己運用は、金融商品取引法（以下「金商法」という。）第６３条第１項第１号及び第２号に規定する特例業務に該当しないことから、登録が必要な第二種金融商品取引業及び投資運用業に該当すると認められる。 また、当社は、９本全てのファンドについて、主に有価証券で自己運用するとしているが、実際には、ファンド資産のうち有価証券で運用されているものはごく一部であり、大半のファンド資産は、当社の運転資金及び当社代表取締役等への貸付等に費消・流用されていた。 更に、９本のファンドのうち、毎月配当型の４本のファンドについては、実際には有価証券での運用を全く行っていないにもかかわらず、毎月配当を行っていた。 (2)　無登録業者への名義貸し 当社は、当社の名義を以って、平成２１年6月から同年１０月にかけて営業代行業務を行う法人に、同２２年７月から同年８月にかけて当社の元社員等に、それぞれファンドの出資持分の私募を行わせていた。 当社が行った上記(1)の行為は、金商法第２８条第２項に規定する「第二種金融商品取引業」及び同第４項に規定する「投資運用業」に該当し、当社が同法第３１条第４項に基づく変更登録を受けることなく、当該行為を行うことは、同法第２９条に違反するものと認められる。 また、当社が行った上記(2)の行為は、自己の名義を以って、第三者に金融商品取引業を行わせたものと認められ、金商法第３６条の３（名義貸しの禁止）に違反するものと認められる。
2010-09-22,ライフケアバンク株式会社,,ライフケアバンク株式会社に対する検査結果に基づく勧告について（平成22年9月22日）,https://www.fsa.go.jp/sesc/news/c_2010/2010/20100922-2.html,平成２２年９月２２日 証券取引等監視委員会 ライフケアバンク株式会社に対する検査結果に基づく勧告について １．勧告の内容 関東財務局長がライフケアバンク株式会社（神奈川県横浜市、資本金１０百万円、役職員３名、投資助言・代理業）を検査した結果、下記のとおり、当該金融商品取引業者に係る法令違反等の事実が認められたので、本日、内閣総理大臣及び金融庁長官に対して、金融庁設置法第２０条第１項の規定に基づき、行政処分を行うよう勧告した。 ２．事実関係 ○　無登録の投資ファンドの販売業務等に従業員を従事させる等、著しく不適切な業務の状況等 (1)　無登録の投資ファンドの販売業務等に従業員を従事させる行為等 ライフケアバンク株式会社（以下「当社」という。）は、Ａ投資事業有限責任組合（以下「Ａ組合」という。）の運営者が、金融商品取引業の登録を行わず、無登録で未公開株式の販売または集団投資スキームの出資持分の取得勧誘（以下、まとめて「無登録の販売業務」という。）を行っていることを知りながら、平成２０年５月頃から、当社の従業員をＡ組合において無登録の販売業務に従事させていた。 また、当社は、平成２０年４月頃から、Ａ組合の事業の用に供する事務用機器等に係る諸費用を、同年１０月から、Ａ組合の事業の用に供する事務所に係る賃料等を当社名義により支出していた。 (2)　事業報告書の虚偽記載 当社は、投資助言・代理業の登録時（平成２０年５月）から検査基準日までの間、投資助言業務の実績が一切ないにもかかわらず、平成２１年３月期の事業報告書にあたかも投資助言業の実績があるかのような虚偽の記載を行い、当該事業報告書を関東財務局長に提出した。 当社が行った上記(1)の業務の状況は、金融商品取引業者の業務運営としては極めて不適切なものであり、金融商品取引法第５１条に規定する、業務の運営の状況の改善に必要な措置をとるべきことを命ずることができる場合の要件となる「業務の運営の状況に関し、公益又は投資者保護のため必要かつ適当であると認めるとき」に該当するものと認められる。 また、上記(2)の行為は、虚偽の記載を行った事業報告書を関東財務局長に提出したものであり、金融商品取引法第４７条の２に違反するものと認められる。
2010-09-28,マルコ株式会社,,マルコ株式会社との契約締結者からの情報受領者による内部者取引に対する課徴金納付命令の勧告について（平成22年９月28日）,https://www.fsa.go.jp/sesc/news/c_2010/2010/20100928-1.html,"平成２２年９月２８日 証券取引等監視委員会 マルコ株式会社との契約締結者からの情報受領者による内部者取引に対する課徴金納付命令の勧告について １．勧告の内容 証券取引等監視委員会は、マルコ株式会社との契約締結者からの情報受領者による内部者取引について検査した結果、下記のとおり法令違反の事実が認められたので、本日、内閣総理大臣及び金融庁長官に対して、金融庁設置法第２０条第１項の規定に基づき、課徴金納付命令を発出するよう勧告を行った。 ２．法令違反の事実関係 課徴金納付命令対象者は、マルコ株式会社（以下「マルコ」という。）と業務提供サービス基本契約を締結している会社の役員から、同人が同契約の履行に関し知った、マルコが伊藤忠商事株式会社と業務上の提携を行うことを決定した事実の伝達を受け、この事実が公表された平成２１年４月２０日午後３時３０分ころより前の同日午前９時ころから午後３時ころまでの間に、自己の計算において、マルコの株式合計９万３０００株を買付価額１０５０万９００円で買い付けたものである。 課徴金納付命令対象者が行った上記の行為は、金融商品取引法第１７５条第１項に規定する「第１６６条・・・第３項の規定に違反して、同条第１項に規定する売買等をした」行為に該当すると認められる。 ３．課徴金の額の計算 上記の違法行為に対し、金融商品取引法に基づき納付を命じられる課徴金の額は、７５４万円である。 計算方法の詳細については、別紙のとおり。 （別紙） ○　課徴金の額の計算方法について 金融商品取引法第１７５条第１項に基づき、課徴金の額は、 （重要事実が公表された後２週間における最も高い価格）×（買付株数） －（買付価格）×（買付株数） となる。 したがって、重要事実の公表後２週間におけるマルコの最も高い株価は、平成２１年４月２２日の１９４円であることから、課徴金の額は下記の金額となる。 （１９４円×９３，０００株） －買付価額１０，５００，９００円（注）＝７，５４１，１００円 ⇒課徴金の額は１万円未満を切り捨てるため、 ７５４万円 （注）買付価額は、 ┌ │ │ │ │ │ │ │ │ └ 106円× 1,300株 107円× 100株 ┐ │ │ │ │ │ │ │ │ ┘ の合計額である。 108円× 1,300株 109円×4,400株 110円× 7,000株 111円×9,300株 112円× 1,600株 113円×1,100株 114円×66,900株 （参考条文） 金融商品取引法 （会社関係者に対する禁止行為等に違反した者に対する課徴金納付命令） 第百七十五条 第百六十六条 第一項又は 第三項の規定に違反して、同条第一項に規定する売買等をした者があるときは、内閣総理大臣は、 次節に定める手続に従い、 その者に対し、次の各号に掲げる場合の区分に応じ、当該各号に定める額 （次の各号のうち二以上の号に掲げる場合に該当するときは、当該二以上の号に定める額の合計額） に相当する額の課徴金を国庫に納付することを命じなければならない。 一　（略） 二 第百六十六条 第一項又は 第三項の規定に違反して、自己の計算において有価証券の買付け等 （同条第一項に規定する業務等に関する重要事実の公表がされた日以前六月以内に行われたもの（当該公表がされた日については、当該公表がされた後に行われたものを除く。）に限る。以下この号において同じ。） をした場合　次のイに掲げる額から次のロに掲げる額を控除した額 イ　当該有価証券の買付け等について 業務等に関する重要事実の公表がされた後二週間における最も高い価格に当該有価証券の買付け等の数量を乗じて得た額 ロ　当該有価証券の買付け等について 当該有価証券の買付け等をした価格にその数量を乗じて得た額 三　（略） ２～５　（略） ６ 第一項第二号イの「業務等に関する重要事実の公表がされた後二週間における最も高い価格」とは、第百六十六条第一項に規定する業務等に関する重要事実の公表がされた時から二週間を経過するまでの間の各日における第六十七条の十九又は第百三十条に規定する最高の価格 （当該価格がない場合は、これに相当するものとして内閣府令で定めるものをいい、当該重要事実の公表がされた日にあつては、内閣府令で定める額とする。） のうち最も高い価格をいう。 ７～１２　（略） （課徴金の額の端数計算等） 第百七十六条　（略） ２ 第百七十二条から前条までの規定により計算した課徴金の額に一万円未満の端数があるときは、その端数は、切り捨てる。 ３・４　（略） （会社関係者の禁止行為） 第百六十六条 次の各号に掲げる者（以下この条において「会社関係者」という。）であつて、上場会社等に係る業務等に関する重要事実（当該上場会社等の子会社に係る会社関係者（当該上場会社等に係る会社関係者に該当する者を除く。）については、当該子会社の業務等に関する重要事実であつて、次項第五号から第八号までに規定するものに限る。以下同じ。）を当該各号に定めるところにより知つたものは、当該業務等に関する重要事実の公表がされた後でなければ、当該上場会社等の特定有価証券等に係る売買その他の有償の譲渡若しくは譲受け又はデリバティブ取引（以下この条において「売買等」という。）をしてはならない。当該上場会社等に係る業務等に関する重要事実を次の各号に定めるところにより知つた会社関係者であつて、当該各号に掲げる会社関係者でなくなつた後一年以内のものについても、同様とする。 一～三　（略） 四　当該上場会社等と契約を締結している者又は締結の交渉をしている者（その者が法人であるときはその役員等を、その者が法人以外の者であるときはその代理人又は使用人を含む。）であつて、当該上場会社等の役員等以外のもの　当該契約の締結若しくはその交渉又は履行に関し知つたとき。 五　（略） ２ 前項に規定する業務等に関する重要事実とは、次に掲げる事実 （第一号、第二号、第五号及び第六号に掲げる事実にあつては、投資者の投資判断に及ぼす影響が軽微なものとして内閣府令で定める基準に該当するものを除く。） をいう。 一　当該上場会社等の業務執行を決定する機関が次に掲げる事項を行うことについての決定をしたこと又は当該機関が当該決定（公表がされたものに限る。）に係る事項を行わないことを決定したこと。 イ～カ　（略） ヨ 業務上の提携 その他のイからカまでに掲げる事項に準ずる事項として政令で定める事項 二～八　（略） ３ 会社関係者 （第一項後段に規定する者を含む。以下この項において同じ。） から当該会社関係者が第一項各号に定めるところにより知つた同項に規定する業務等に関する重要事実の伝達を受けた者 （同項各号に掲げる者であつて、当該各号に定めるところにより当該業務等に関する重要事実を知つたものを除く。）又は職務上当該伝達を受けた者が所属する法人の他の役員等であつて、その者の職務に関し当該業務等に関する重要事実を知つたもの は、当該業務等に関する重要事実の公表がされた後でなければ、当該上場会社等の特定有価証券等に係る売買等をしてはならない。 ４～６　（略） 金融商品取引法施行令 （上場会社等の業務執行を決定する機関の決定に係る重要事実） 第二十八条 法第百六十六条第二項第一号ヨに規定する政令で定める事項は、次に掲げるものとする。 一 業務上の提携 又は業務上の提携の解消 二～十一　（略）"
2010-10-08,ユニバーサルソリューションシステムズ株式会社,,ユニバーサルソリューションシステムズ株式会社に係る有価証券報告書等の虚偽記載に係る課徴金納付命令勧告について（平成22年10月8日）,https://www.fsa.go.jp/sesc/news/c_2010/2010/20101008-1.html,"平成２２年１０月８日 証券取引等監視委員会 ユニバーサルソリューションシステムズ株式会社に係る有価証券報告書等の虚偽記載に係る課徴金納付命令勧告について １．勧告の内容 証券取引等監視委員会は、ユニバーサルソリューションシステムズ株式会社に係る有価証券報告書等の虚偽記載について検査した結果、下記のとおり法令違反の事実が認められたので、本日、内閣総理大臣及び金融庁長官に対して、金融庁設置法第２０条第１項の規定に基づき、課徴金納付命令を発出するよう勧告を行った。 ２．法令違反の事実関係 (1) ユニバーサルソリューションシステムズ株式会社は、関東財務局長に対し、売上の前倒し計上及び投資有価証券の過大計上等により、別添のとおり、金融商品取引法（平成２０年法律第６５号による改正前のもの。以下「旧金融商品取引法」という。）第１７２条の２第１項及び第２項に規定する「重要な事項につき虚偽の記載がある」有価証券報告書等を提出したものである。 ［虚偽記載の概要］ （単位：百万円） 【平成18年3月期有価証券報告書】 虚偽記載額 認定金額 売上高 3,508 3,386 経常損益 227 106 当期純損益 117 ▲4 純資産額（資本合計） 1,649 1,528 【平成20年3月期有価証券報告書】 虚偽記載額 認定金額 売上高 2,309 2,326 経常損益 ▲506 ▲512 当期純損益 ▲622 ▲742 純資産額 663 527 【平成20年9月第2四半期四半期報告書】 虚偽記載額 認定金額 売上高 1,137 1,132 経常損益 ▲147 ▲152 四半期純損益 ▲140 ▲145 純資産額 631 490 (2) ユニバーサルソリューションシステムズ株式会社は、関東財務局長に対し、平成２１年３月１７日、重要な事項につき虚偽の記載がある平成２０年３月期有価証券報告書（別添番号欄２参照）を組込情報とする有価証券届出書を提出し、同有価証券届出書に基づく募集により、平成２１年４月２日、８５，４９０株の株式を３７０，０００，７２０円で取得させた。 同社が行った上記の行為は、金融商品取引法第１７２条の２第１項第１号に規定する「重要な事項につき虚偽の記載がある」発行開示書類に基づく募集により有価証券を取得させた行為に該当すると認められる。 ３．課徴金の額の計算 上記の違法行為に対し旧金融商品取引法及び金融商品取引法に基づき納付を命じられる課徴金の額は、２，４１５万円である。 (1) 旧金融商品取引法第１７２条の２第１項の規定により、平成１８年３月期有価証券報告書に係る課徴金の額は、 当該法人が発行する算定基準有価証券の市場価額の総額に１０万分の３を乗じて得た額（234,160円） が 3,000,000円 を超えないことから、3,000,000円となる。 (2) 旧金融商品取引法第１７２条の２第１項の規定により、平成２０年３月期有価証券報告書に係る課徴金の額は、 当該法人が発行する算定基準有価証券の市場価額の総額に１０万分の３を乗じて得た額（28,405円） が 3,000,000円 を超えないことから、3,000,000円となる。 (3) 旧金融商品取引法第１７２条の２第２項の規定により、平成２０年９月第２四半期四半期報告書に係る課徴金の額は、 当該法人が発行する算定基準有価証券の市場価額の総額に１０万分の３を乗じて得た額（18,857円） が 3,000,000円 を超えないことから、3,000,000円の２分の１に相当する額である1,500,000円となる。 (4) 金融商品取引法第１７２条の２第１項第１号の規定により、重要な事項につき虚偽の記載がある発行開示書類に基づく募集により取得させた株券等の発行価額の総額の１００分の４．５に相当する額が課徴金の額となることから、 平成２１年３月１７日提出の有価証券届出書に係る課徴金の額は、 370,000,720円×4.5／100＝16,650,032円 について、金融商品取引法第１７６条第２項の規定により１万円未満を切り捨てて、16,650,000円 となる。 （別添）ユニバーサルソリューションシステムズ株式会社の有価証券報告書等の虚偽記載 番号 開示書類 虚偽記載 提出日 書類 会計期間 財務計算に 関する書類 内容（注１） 事由 １ 平成18年 6月29日 第10期事業年度会計期間に係る有価証券報告書（平成18年3月期有価証券報告書） 平成17年4月1日～平成18年3月31日の会計期間 損益計算書 経常損益が106百万円であるところを227百万円と記載 当期純損益が▲4百万円であるところを117百万円と記載 （注２） ・売上の前倒し計上 ２ 平成20年 6月26日 第12期事業年度会計期間に係る有価証券報告書（平成20年3月期有価証券報告書） 平成19年4月1日～平成20年3月31日の会計期間 損益計算書 当期純損益が▲742百万円であるところを▲622百万円と記載 ・非上場株式評価損の過少計上 ・投資有価証券の過大計上 等 貸借対照表 純資産額が527百万円であるところを663百万円と記載 ３ 平成20年 11月14日 第13期事業年度第2四半期会計期間に係る四半期報告書（平成20年9月第2四半期四半期報告書） 平成20年7月1日～平成20年9月30日の第2四半期会計期間 四半期 貸借対照表 純資産額が490百万円であるところを631百万円と記載 ・投資有価証券の過大計上 等 （注１）金額は百万円未満切捨てである。また、▲は損益計算書では損失であることを示す。 （注２）ユニバーサルソリューションシステムズ株式会社は、平成２２年６月１６日提出の訂正報告書において、経常損益を６百万円に、当期純損益を▲１０４百万円にそれぞれ訂正している。"
2010-09-10,東海東京証券株式会社,,東海東京証券株式会社に対する検査結果に基づく勧告について（平成22年9月10日),https://www.fsa.go.jp/sesc/news/c_2010/2010/20100910-1.html,"平成２２年９月10日 証券取引等監視委員会 東海東京証券株式会社に対する検査結果に基づく勧告について １．勧告の内容 証券取引等監視委員会が東海東京証券株式会社（愛知県名古屋市、資本金６０億円、役職員２,２６３名）を検査した結果、下記のとおり、当該金融商品取引業者に係る法令違反等の事実が認められたので、本日、内閣総理大臣及び金融庁長官に対して、金融庁設置法第２０条第１項の規定に基づき、行政処分を行うよう勧告した。 ２．事実関係 ○　東海東京証券株式会社（以下「当社」という。）に臨店検査中、当社に対する顧客からの問い合わせにより、当社Ａ営業員が、１０年以上前から特定の顧客に対する損失補てんや利回り保証等を継続的に行い、その後、その原資を賄うために他の顧客の資産を無断で売却して現金を不正に出金するなどしていた疑いが発覚した。 その全容については、現在当社において社内調査が行われているところであるが、今回検査においては、当社の金融商品事故等防止態勢について検証したところ、以下の事実が認められた。 (1)　不正行為や顧客資産の異常に対するチェック機能が、形式化、形骸化していたこと Ａ営業員は、平成１９年８月から同２２年５月までの間、担当顧客１６名の資産を無断売却する等し、銀行等に設置された自動現金預入払出機（以下「ＡＴＭ」という。）から数百回にわたり合計約６億３,０００万円を出金していた。その出金の大半は、ＡＴＭからの１日の出金限度額である９９万９,０００円の出金を連日繰り返し、短期間のうちに顧客資産を大きく減少させるというものであったが、内部管理責任者等はこの状況を把握していなかった。 また、Ａ営業員は、同人が利回り保証等を行っていたとする担当顧客１名の口座に、平成１９年１０月から同２２年５月までの間、ＡＴＭから約１,０００回にわたり合計約１億円を入金していた。その入金の大半は、ＡＴＭからの１回の入金限度額である１０万円の入金を１日のうちに何度も行い、多い日で１日３５回・３５０万円に及んでいたが、内部管理責任者は、この状況を把握しながら、特段の調査を行っていなかった。 Ａ営業員の担当顧客については、これまで度々、取引を注視すべき顧客を抽出するアテンション制度や社内検査において、短期回転売買、取引収支の大幅不振、遠隔地顧客等の問題が指摘されている。特に、アテンション口座指摘時の検証において、内部管理責任者は、Ａ営業員の営業活動につき、（ア）訪問受注が多く、通話記録が極端に少ない顧客や若干不自然と思われる入出金も散見される、（イ）支店在籍期間が長く、担当顧客との付き合いも長いなどの問題点を度々指摘していたが、特段の調査は行われていない。 (2)　金融商品事故等に対する再発防止策の策定が不十分であること等 今回検査対象期間中（平成１９年１１月３日～同２２年５月１４日）に当社において発覚した解雇相当の金融商品事故等のうち、無断売買を含む事案については一定の再発防止策がとられている。 しかしながら、その他、損失補てん等の悪質な違法行為事案で、発覚までに長期間を要しているものもあるが、当社は事案を認識していながら、具体的な原因究明や内部牽制機能の点検・強化等を行っていなかった。 当社は、採用営業店から異動せず、あるいは異動範囲が一定の地域内に限定される職系列を設けている。 この制度は、同一営業店での勤務が長期化することが多くなり、顧客との関係が長期間継続する上、金融商品事故等の防止の観点からは、営業内容の検証の機会が限られるものとなっている。今回検査対象期間中にも同一営業店に長期間在籍する上記職系列による金融商品事故等が発覚しており、Ａ営業員も上記職系列として長期間同一営業店に在籍していた。 この点、当社は、上記職系列や同一営業店に長期間在籍する職員を対象に、重点的なモニタリングを実施していないなど、職員の長期在籍に係る不正リスクに対する措置を講じていない。 このような当社における金融商品事故等防止態勢の状況は、金融商品取引法第５１条に規定する金融商品取引業者の業務の運営又は財産の状況に関し、公益又は投資者保護のため改善を図る必要がある状況に該当するものと認められる。"
2010-09-07,株式会社トラフィック,,株式会社トラフィックに対する検査結果に基づく勧告について（平成22年9月7日),https://www.fsa.go.jp/sesc/news/c_2010/2010/20100907-2.html,平成２２年９月７日 証券取引等監視委員会 株式会社トラフィックに対する検査結果に基づく勧告について １．勧告の内容 関東財務局長が株式会社トラフィック（東京都中央区、資本金９百万円、役職員３名、投資助言・代理業、適格機関投資家等特例業務届出者）を検査した結果、下記のとおり、当該金融商品取引業者に係る法令違反等の事実が認められたので、本日、証券取引等監視委員会は、内閣総理大臣及び金融庁長官に対して、金融庁設置法第２０条第１項の規定に基づき、行政処分を行うよう勧告した。 ２．事実関係 ○　集団投資スキーム持分の私募及び運用において、公益及び投資者保護上重大な法令違反行為等が認められる状況 株式会社トラフィック（以下「当社」という。）は、平成２１年７月に適格機関投資家等特例業務（以下「特例業務」という。）の届出を行い、特例業務として自らを営業者とする６本の匿名組合出資契約（以下「ファンド」という。）の持分の私募（以下「自己私募」という。）及びこれらのファンド資産のデリバティブ取引もしくは有価証券での運用（以下「自己運用」という。）を行っている。 (1)　匿名組合契約の自己私募及び自己運用に係る無登録営業 当社は上記６本のファンドのうち３本のファンドについて、当該ファンドの設立以来、適格機関投資家からの出資がないまま、当該ファンドの持分の取得勧誘を行うとともに、出資された金銭を主にデリバティブ取引により運用している。 したがって、当社が行った自己私募及び自己運用は、特例業務の要件を満たすことなく行われていたものと認められる。 (2)　無登録業者への運用委託 当社は、平成２１年１２月から同２２年２月までの間、上記(1)とは異なる２本のファンドについて、その出資金の運用をＡらが投資運用業の登録を行っていない者であることを知りながら業務を委託し、デリバティブ取引による運用を行わせていた。 当社が行った上記(1)の行為は、登録が必要な金融商品取引法（以下「金商法」という。）第２８条第２項に規定する「第二種金融商品取引業」及び同第４項に規定する「投資運用業」に該当し、当社が金商法第３１条第４項に基づく変更登録を受けることなく当該業務を行うことは、同法第２９条に違反するものと認められる。 また、当社が行った上記(2)の行為は、金商法の趣旨を理解し、これに沿った業務運営を行うべき金融商品取引業者として、極めて不適切な業務の運営状況と認められ、このような当社の業務運営の状況は、金商法第５１条に規定する、当社の業務の運営に関し、公益及び投資者保護のため必要な改善を図る必要がある業務の状況にあると認められる。
2010-07-29,,,「証券検査に関する基本指針」の一部改正について（平成22年7月29日),https://www.fsa.go.jp/sesc/news/c_2010/2010/20100729-1.html,平成２２年７月29日 証券取引等監視委員会 「証券検査に関する基本指針」の一部改正について １．証券取引等監視委員会では、透明性の高い効率的かつ効果的な検査を実施するとの観点から、検査の手続等を記載した「証券検査に関する基本指針」（以下「基本指針」という。）を策定し、公表しているところである。 ２．今般、別添のとおり、自主規制機関との情報交換や検査予告及び情報管理に関する考え方等について、所要の改正を行うものである。 ３．改正後の基本指針は、平成22年７月29日以降に着手する検査から適用する。 （別添） 証券検査に関する基本指針（新旧対照表） (PDF:153KB)
2010-08-27,ジェイオーグループホールディングス株式会社,,ジェイオーグループホールディングス株式会社との契約締結者らによる内部者取引に対する課徴金納付命令の勧告について（平成22年8月27日),https://www.fsa.go.jp/sesc/news/c_2010/2010/20100827-1.html,"平成２２年８月27日 証券取引等監視委員会 ジェイオーグループホールディングス株式会社との契約締結者らによる内部者取引に対する課徴金納付命令の勧告について １．勧告の内容 証券取引等監視委員会は、ジェイオーグループホールディングス株式会社との契約締結者らによる内部者取引について検査した結果、下記のとおり法令違反の事実が認められたので、本日、内閣総理大臣及び金融庁長官に対して、金融庁設置法第２０条第１項の規定に基づき、課徴金納付命令を発出するよう勧告を行った。 ２．法令違反の事実関係 （１）課徴金納付命令対象者[１]、[２]について 課徴金納付命令対象者[１]、[２]は、ジェイオーグループホールディングス株式会社（以下「ＪＯＧ社」という。）が平成２１年１月２３日に公表した無担保転換社債型新株予約権付社債（以下「本件ＣＢ」という。）の発行による第三者割当増資（払込予定額３億円）（以下「本件増資」という。）について、その実質的出資者として、ＪＯＧ社との間で本件ＣＢに関する総額引受契約の締結の交渉をしていた者であるが、同契約の締結の交渉に関し、ＪＯＧ社の業務執行を決定する機関が、同社の第三者割当による募集新株予約権を引き受ける者の募集を行うことを決定した事実（重要事実第１）を知りながら、この事実が公表された平成２１年１月２３日午後６時ころより前の、 平成２０年１０月２１日から平成２１年１月２３日午後零時４５分ころまでの間、ＪＯＧ社の株式合計１万４０００株を、自己の計算において買付価額７９万円で買い付けたほか、平成２１年１月２２日に、ＪＯＧ社の株式合計３０００株を、自己の計算において売付価額２４万９０００円で売り付け、（課徴金納付命令対象者[１]） 平成２１年１月２０日に、ＪＯＧ社の株式合計７万株を、自己の計算において買付価額４０９万７６００円で買い付け（課徴金納付命令対象者[２]） たものである。 （２）課徴金納付命令対象者[３]、[４]について 課徴金納付命令対象者[３]、[４]は、本件増資について、その実質的出資者として、ＪＯＧ社との間で本件ＣＢに関する総額引受契約を締結した者であるが、同契約の履行に関し、本件ＣＢの払込期日に払込予定額３億円が払い込まれず、本件ＣＢが失権となる蓋然性が高まり、ＪＯＧ社として、かねてより会計監査人から指摘を受けていた継続企業の前提に関する重要な疑義を解消するための財務基盤を充実させるのに必要な資金等を確保するのが著しく困難となった旨のＪＯＧ社の運営、業務又は財産に関する重要な事実であって投資者の投資判断に著しい影響を及ぼす事実（重要事実第２）を知りながら、この事実が公表された平成２１年２月２０日午後１０時５６分ころより前の、 平成２１年２月２０日午後２時５７分ころから同日午後３時７分ころまでの間、ＪＯＧ社の株式合計２１万６５００株を、自己の計算において売付価額７５８万６６００円で売り付け、（課徴金納付命令対象者[３]） 平成２１年２月１９日に、ＪＯＧ社の株式合計３万４００株を、自己の計算において売付価額１１２万４８００円で売り付け（課徴金納付命令対象者[４]） たものである。 （３）課徴金納付命令対象者[５]について 課徴金納付命令対象者[５]は、 ア　本件増資について、ＪＯＧ社との間で本件ＣＢに関する総額引受契約の締結の交渉をしていた実質的出資者の代理人から、同人が同契約の締結の交渉に関し知った、重要事実第１の伝達を受けながら、この事実が公表された平成２１年１月２３日午後６時ころより前の同日午後１時１０分ころから午後２時５２分ころまでの間、ＪＯＧ社の株式合計１６万株を、自己の計算において買付価額９６８万４７００円で買い付け イ　本件増資について、ＪＯＧ社との間で本件ＣＢに関する総額引受契約を締結した実質的出資者の代理人から、同人が同契約の履行に関し知った、重要事実第２の伝達を受けながら、この事実が公表された平成２１年２月２０日午後１０時５６分ころより前の同日午後零時４７分ころから午後２時５６分ころまでの間、ＪＯＧ社の株式合計１６万株を、自己の計算において売付価額６５５万１９００円で売り付け たものである。 上記５名が行った上記の行為は、金融商品取引法第１７５条第１項及び金融商品取引法（平成２０年法律第６５号による改正前のもの。以下「旧金融商品取引法」という。）第１７５条第１項に規定する「第１６６条第１項又は第３項の規定に違反して、自己の計算において同条第１項に規定する売買等をした」行為に該当すると認められる。 ３．課徴金の額の計算 上記の違法行為に対し、金融商品取引法又は旧金融商品取引法に基づき納付を命じられる課徴金額は下記のとおり。 課徴金納付命令対象者[１] ４６万円 課徴金納付命令対象者[２] ２３４万円 課徴金納付命令対象者[３] ５２０万円 課徴金納付命令対象者[４] ７９万円 課徴金納付命令対象者[５] ９８２万円 計算方法の詳細については、別紙のとおり。 （別紙） ○　課徴金の額の計算方法について 金融商品取引法第１７５条第１項に基づき、課徴金の額は、 （重要事実が公表された後２週間における最も高い価格）×（買付株数）－（買付価格）×（買付株数） 及び、 （売付価額）×（売付株数）－（重要事実が公表された後２週間における最も低い価格）×（売付株数） となる。 （注）金融商品取引法の施行日である平成２０年１２月１２日よりも前に行われた売買については、旧金融商品取引法第１７５条第１項に基づき、課徴金の額は、 （重要事実が公表された翌日の終値等）×（買付株数）－（買付価額）×（買付株数） 及び （売付価額）×（売付株数）－（重要事実が公表された翌日の終値等）×（売付株数） となる。 したがって、ＪＯＧ社の株価について、重要事実第１に関して、 公表後２週間における最も高い価格は、９２円（平成２１年２月３日） 公表後２週間における最も低い価格は、５５円（平成２１年１月２６日） また、ＪＯＧ社の株価について、重要事実第２に関して、 公表後２週間における最も低い価格は、１１円（平成２１年３月２日） また、重要事実第１の公表日（平成２１年１月２３日）の翌日が市場休業日であるため、以後直近のＪＯＧ社の株価である平成２１年１月２６日の始値は、５５円であることから、課徴金の額は下記の金額となる。 課徴金納付命令対象者[１] 金融商品取引法の施行日である平成２０年１２月１２日以降に行われた売買について （９２円×１１，０００株）－ 買付価額６２７，０００円（注１）＝３８５，０００円 売付価額２４９，０００円（８３円×３，０００株）－（５５円×３，０００株）＝８４，０００円 ３８５，０００円＋８４，０００円＝４６９，０００円 ⇒課徴金の額は１万円未満を切り捨てるため、 ４６万円 金融商品取引法の施行日である平成２０年１２月１２日よりも前に行われた買付けについて （５５円×３，０００株）－ 買付価額１６３，０００円（注２）＝２，０００円 ⇒課徴金の額は１万円未満であるため、 ０円 （注１）買付価額は、 ┌ │ │ └ 45円×1,000株 56円×2,000株 ┐ │ │ ┘ の合計額である。 58円×5,000株 60円×3,000株 （注２）買付価額は、 ┌ │ │ └ 45円×1,000株 55円×1,000株 ┐ │ │ ┘ の合計額である。 63円×1,000株 課徴金納付命令対象者[２] （９２円×７０，０００株）－ 買付価額４，０９７，６００円（注３）＝２，３４２，４００円 ⇒課徴金の額は１万円未満を切り捨てるため、 ２３４万円 （注３）買付価額は、 ┌ │ │ └ 57円×30,000株 59円×20,000株 ┐ │ │ ┘ の合計額である。 60円×12,400株 61円× 7,600株 課徴金納付命令対象者[３] 売付価額７，５８６，６００円（注４）－（１１円×２１６，５００株）＝５，２０５，１００円 ⇒課徴金の額は１万円未満を切り捨てるため、 ５２０万円 （注４）売付価額は、 ┌ │ │ │ └ 33円×52,100株 34円×20,200株 ┐ │ │ │ ┘ の合計額である。 35円×53,400株 36円×49,200株 37円×40,500株 38円× 1,100株 課徴金納付命令対象者[４] 売付価額１，１２４，８００円（３７円×３０，４００株）－（１１円×３０，４００株）＝７９０，４００円 ⇒課徴金の額は１万円未満を切り捨てるため、 ７９万円 課徴金納付命令対象者[５] （９２円×１６０，０００株）－ 買付価額９，６８４，７００円（注５）＝５，０３５，３００円 ⇒課徴金の額は１万円未満を切り捨てるため、 ５０３万円 売付価額６，５５１，９００円（注６）－（１１円×１６０，０００株）＝４，７９１，９００円 ⇒課徴金の額は１万円未満を切り捨てるため、 ４７９万円 （注５）買付価額は、 ┌ │ │ └ 59円× 900株 60円×73,500株 ┐ │ │ ┘ の合計額である。 61円×85,600株 （注６）売付価額は、 ┌ │ │ └ 38円×50,000株 42円×78,100株 ┐ │ │ ┘ の合計額である。 43円×31,900株"
2010-09-07,小池酸素工業株式会社,6137,小池酸素工業株式会社株式に係る相場操縦に対する課徴金納付命令の勧告について（平成22年9月7日),https://www.fsa.go.jp/sesc/news/c_2010/2010/20100907-1.html,"平成２２年９月７日 証券取引等監視委員会 小池酸素工業株式会社株式に係る相場操縦に対する課徴金納付命令の勧告について １．勧告の内容 証券取引等監視委員会は、小池酸素工業株式会社株式に係る相場操縦について検査した結果、下記のとおり法令違反の事実が認められたので、本日、内閣総理大臣及び金融庁長官に対して、金融庁設置法第２０条第１項の規定に基づき、課徴金納付命令を発出するよう勧告を行った。 ２．法令違反の事実関係 課徴金納付命令対象者は、小池酸素工業株式会社の株式につき、その株価の高値形成を図ろうと企て、同株式の売買を誘引する目的をもって、平成２０年１２月１８日から平成２１年２月１０日までの間、３３取引日にわたり、直前約定値より高値で、あるいは、成行で大量の買い注文を発注して高値で約定させたり、直前約定値より高値で買い注文と売り注文を同時期に発注して対当させて株価を引き上げるなどの方法により、同株式合計４０万３０００株を買い付ける一方、同株式合計３８万６０００株を売り付け、同株式の相場を変動させるべき一連の売買をしたものである。 同人が行った上記の行為は、金融商品取引法第１７４条の２第１項に規定する「第１５９条第２項第１号の規定に違反する一連の有価証券売買等」の違反行為に該当すると認められる。 ３．課徴金の額の計算 上記の違法行為に対し金融商品取引法に基づき納付を命じられる課徴金の額は、５４万円である。 計算方法の詳細については、別紙のとおり。 （別紙） ○　課徴金の額の計算方法について １．金融商品取引法第１７４条の２第１項に基づき、課徴金の額は、 (1)　売買対当数量（注１）に係るものについて、 （有価証券の売付価額）－（有価証券の買付価額） と、 (2)　当該違反行為に係る有価証券の買付数量が売付数量を超える場合には、当該超える数量に係るものについて、 （当該違反行為が終了してから１月を経過するまでの間の各日における当該有価証券の最高価格のうち最も高い価格×当該超える数量）－（有価証券の買付価額） との合計額として計算される。 （注１）売買対当数量：当該違反行為に係る有価証券の売付数量と買付数量のうち、いずれか少ない数量をいう。 ２．本件における課徴金の額は、下記(1)及び(2)によりそれぞれ算定される額の合計　５４５，０００円。 ⇒課徴金の額は１万円未満を切り捨てるため、 ５４万円 (1)　当該違反行為に係る売買対当数量は、 当該違反行為に係る有価証券の売付数量は３８万６０００株であり、 当該違反行為に係る有価証券の買付数量は、実際の買付け等の数量４０万３０００株に、金融商品取引法第１７４条の２第８項により、違反行為開始時にその時の価格（２１９円）で買付け等をしたものとみなされる当該違反行為の開始時に所有している当該有価証券の数量５万８０００株を加えた４６万１０００株である ことから、３８万６０００株となる。 当該売買対当数量に係るものについて、 売付価額８９，２３３，０００円（注２）－ 買付価額９０，２４１，０００円（注３、４） ＝▲１，００８，０００円 （注２）売付価額は、 ┌ │ │ │ │ │ │ │ │ │ │ │ │ │ │ │ │ │ │ │ │ │ │ │ │ │ │ │ │ │ │ │ │ │ │ │ │ │ │ │ │ │ │ │ │ │ │ │ │ │ │ │ │ │ │ │ │ │ │ │ │ │ │ └ 199円× 3,000株 200円× 6,000株 ┐ │ │ │ │ │ │ │ │ │ │ │ │ │ │ │ │ │ │ │ │ │ │ │ │ │ │ │ │ │ │ │ │ │ │ │ │ │ │ │ │ │ │ │ │ │ │ │ │ │ │ │ │ │ │ │ │ │ │ │ │ │ │ ┘ の合計額である。 201円× 2,000株 202円× 2,000株 203円× 4,000株 204円× 2,000株 205円× 3,000株 206円×13,000株 207円×12,000株 208円× 5,000株 209円× 6,000株 210円×10,000株 211円× 6,000株 212円× 2,000株 213円× 2,000株 214円× 4,000株 215円×12,000株 216円× 1,000株 217円× 1,000株 218円×14,000株 219円× 6,000株 220円× 5,000株 221円× 5,000株 222円×12,000株 223円× 6,000株 224円×10,000株 225円× 1,000株 226円× 1,000株 227円× 4,000株 228円× 2,000株 229円× 6,000株 230円× 6,000株 231円×27,000株 232円× 8,000株 233円× 8,000株 234円× 7,000株 235円× 2,000株 236円× 5,000株 237円× 2,000株 238円× 3,000株 240円×10,000株 241円× 2,000株 242円×10,000株 243円× 1,000株 244円× 7,000株 245円× 5,000株 247円× 2,000株 248円× 3,000株 249円× 3,000株 250円×11,000株 251円×29,000株 252円×22,000株 253円×38,000株 254円× 1,000株 255円× 4,000株 257円× 1,000株 258円× 1,000株 （注３）買付価額は、 ┌ │ │ │ │ │ │ │ │ │ │ │ │ │ │ │ │ │ │ │ │ │ │ │ │ │ │ │ │ │ │ │ │ │ │ │ │ │ │ │ │ │ │ │ │ │ │ │ │ │ │ │ └ 210円× 1,000株 213円× 1,000株 ┐ │ │ │ │ │ │ │ │ │ │ │ │ │ │ │ │ │ │ │ │ │ │ │ │ │ │ │ │ │ │ │ │ │ │ │ │ │ │ │ │ │ │ │ │ │ │ │ │ │ │ │ ┘ の合計額である。 214円× 6,000株 215円× 8,000株 216円× 2,000株 217円× 3,000株 218円× 7,000株 219円×65,000株 220円× 7,000株 221円× 6,000株 222円× 4,000株 223円× 2,000株 224円× 8,000株 225円×15,000株 226円× 6,000株 227円× 7,000株 228円× 9,000株 229円×13,000株 230円×17,000株 231円× 8,000株 232円× 6,000株 233円× 9,000株 234円× 6,000株 235円× 5,000株 236円× 8,000株 237円× 8,000株 238円× 4,000株 239円× 3,000株 240円×12,000株 241円× 1,000株 242円× 9,000株 243円× 8,000株 244円× 9,000株 245円×12,000株 246円× 1,000株 247円× 2,000株 248円× 1,000株 249円× 2,000株 250円×13,000株 251円×15,000株 252円×17,000株 253円×15,000株 254円× 6,000株 255円× 7,000株 256円× 7,000株 257円× 2,000株 258円× 2,000株 260円× 1,000株 （注４）買付価額の算定においては、金融商品取引法施行令第33条の14第5項の規定により、当該違反行為に係る有価証券の買付けのうち最も早い時期に行われたものから順次当該売買対当数量に達するまで割り当てることとなる。 本件においては、違反行為の開始時点において所有しており、金融商品取引法第174条の2第8項の規定により、違反行為の開始時点にその時における価格（219円）で買い付けたものとみなされるもの（みなし買付け）から、順次割り当てている。 (2)　上記(1)のとおり、当該違反行為に係る有価証券の買付数量が、売付数量を超えることから、 当該超える数量７万５０００株（４６万１０００株－３８万６０００株）について、 当該違反行為が終了してから１月を経過するまでの間の各日における当該有価証券の最高価格のうち最も高い価格（２３０円）に当該超える数量を乗じて得た額 １７，２５０，０００円 － 有価証券の買付価額１５，６９７，０００円（注５） ＝１，５５３，０００円 （注５）買付価額は、 ┌ │ │ │ │ │ │ │ │ │ │ │ │ │ │ │ │ │ │ │ │ │ │ └ 200円×11,000株 201円× 1,000株 ┐ │ │ │ │ │ │ │ │ │ │ │ │ │ │ │ │ │ │ │ │ │ │ ┘ の合計額である。 202円× 1,000株 203円× 3,000株 204円× 3,000株 205円× 5,000株 206円× 3,000株 207円× 4,000株 208円× 2,000株 209円× 4,000株 210円× 6,000株 211円× 1,000株 212円× 7,000株 213円× 2,000株 214円× 2,000株 215円× 9,000株 216円× 2,000株 218円× 3,000株 219円× 3,000株 220円× 2,000株 223円× 1,000株"
2010-07-28,株式会社メイヤー・アセット・マネージメント,,株式会社メイヤー・アセット・マネージメントに対する検査結果に基づく勧告について（平成22年7月28日),https://www.fsa.go.jp/sesc/news/c_2010/2010/20100728-1.html,平成２２年７月28日 証券取引等監視委員会 株式会社メイヤー・アセット・マネージメントに対する検査結果に基づく勧告について １．勧告の内容 関東財務局長が株式会社メイヤー・アセット・マネージメント（東京都港区、資本金１０百万円、役職員７名、投資助言・代理業登録）を検査した結果、下記のとおり、当該金融商品取引業者に係る法令違反の事実が認められたので、本日、証券取引等監視委員会は、内閣総理大臣及び金融庁長官に対して、金融庁設置法第２０条第１項の規定に基づき、行政処分を行うよう勧告した。 ２．事実関係 ○　外国投資証券に係る募集の取扱いを行っている状況 株式会社メイヤー・アセット・マネージメント（以下「当社」という。）は、海外ファンドに関心を持った投資家に対して、平成１９年１０月から同２１年１２月までの間、５ファンドについて、有価証券の募集の取扱いを行っており、９名の投資家が約定に至っている状況が認められた。 当社が行った上記の行為は、金融商品取引法第２８条第１項に掲げる「第一種金融商品取引業」（同法第２条第８項第９号に掲げる「有価証券の募集の取扱い」を業として行うこと）に該当するものであり、当社が同法第３１条第４項に基づく変更登録を行うことなく「第一種金融商品取引業」を行うことは、同法第２９条に違反するものと認められる。
2010-07-13,三栄証券株式会社,,三栄証券株式会社に対する検査結果に基づく勧告について（平成22年7月13日),https://www.fsa.go.jp/sesc/news/c_2010/2010/20100713-1.html,平成２２年７月13日 証券取引等監視委員会 三栄証券株式会社に対する検査結果に基づく勧告について １．勧告の内容 関東財務局長が三栄証券株式会社（東京都中央区、資本金６２１百万円、役職員８８名、第一種金融商品取引業）を検査した結果、下記のとおり、当該金融商品取引業者及びその使用人に係る法令違反の事実が認められたので、本日、内閣総理大臣及び金融庁長官に対して、金融庁設置法第２０条第１項の規定に基づき、行政処分及び適切な措置を講じるよう勧告した。 ２．事実関係 ○　上場株式の相場を変動させる目的をもって、当該株式に係る買付け等を行う行為 三栄証券株式会社証券本部証券部の２名のディーラーは、少なくとも平成２１年４月から同年１２月にかけて、その業務に関し、多数の上場銘柄の株式について、他の市場参加者からの注文を誘うなどの方法により、自らの売買取引を有利に導くため当該銘柄の株価を変動させる目的をもって、約定させる意図のない指値などによる買付注文等を行った。 当該金融商品取引業者及びその使用人が行った上記行為は、金融商品取引法第３８条第６号に基づく金融商品取引業等に関する内閣府令第１１７条第１項第１９号に規定する「取引所金融商品市場における上場金融商品等の相場を変動させる目的をもって、当該上場金融商品等に係る買付け又は買付けの申込みをする行為」に該当するものと認められる。
2010-07-06,株式会社総和地所,,株式会社総和地所の契約締結者からの情報受領者による内部者取引に対する課徴金納付命令の勧告について(平成22年7月6日),https://www.fsa.go.jp/sesc/news/c_2010/2010/20100706-1.html,"平成２２年７月６日 証券取引等監視委員会 株式会社総和地所の契約締結者からの情報受領者による内部者取引に対する課徴金納付命令の勧告について １．勧告の内容 証券取引等監視委員会は、株式会社総和地所の契約締結者からの情報受領者による内部者取引について検査した結果、下記のとおり法令違反の事実が認められたので、本日、内閣総理大臣及び金融庁長官に対して、金融庁設置法第２０条第１項の規定に基づき、課徴金納付命令を発出するよう勧告を行った。 ２．法令違反の事実関係 課徴金納付命令対象者は、株式会社総和地所より同社への出資者を手配することを委託されていた者から、同人がその契約の履行に関し知った、同社が株式及び新株予約権の発行を行うことを決定した事実の伝達を受け、この事実が公表された平成２１年６月３０日午後９時２５分ころより前の同日に、株式会社総和地所の株式合計１５０株を、自己の計算において買付価額１５万６，１９５円で買い付けたものである。 課徴金納付命令対象者が行った上記の行為は、金融商品取引法第１７５条第１項に規定する「第１６６条・・・第３項の規定に違反して、同条第１項に規定する売買等をした」行為に該当すると認められる。 ３．課徴金の額の計算 上記の違法行為に対し、金融商品取引法に基づき納付を命じられる課徴金額は、４０万円である。 計算方法の詳細については、別紙のとおり。 （別紙） ○　課徴金の額の計算方法について 金融商品取引法第１７５条第１項に基づき、課徴金の額は、 （重要事実が公表された後２週間における最も高い価格）×（買付株数） －（買付価格）×（買付株数） となる。 したがって、重要事実の公表後２週間における株式会社総和地所の最も高い株価は、平成２１年７月８日の３，７２０円であることから、課徴金の額は下記の金額となる。 （３，７２０円×１５０株） －買付価額１５６，１９５円（注）＝４０１，８０５円 ⇒課徴金の額は１万円未満を切り捨てるため、 ４０万円 （注）買付価額は、 ┌ │ │ └ 1,035円×1株 1,039円×10株 ┐ │ │ ┘ の合計額である。 1,040円×95株 1,043円×5株 1,045円×39株"
2010-07-02,,,「金融商品取引法における課徴金事例集」の公表について(平成22年7月2日),https://www.fsa.go.jp/sesc/news/c_2010/2010/20100702-1.html,平成２２年７月２日 証券取引等監視委員会 「金融商品取引法における課徴金事例集」の公表について 証券取引等監視委員会では、「金融商品取引法における課徴金事例集」について、 別紙 のとおり取りまとめましたので、公表いたします。 本事例集は、課徴金納付命令勧告を行った事案の概要に、市場参加者が違反行為を起こさないよう参考となる内容を加えて取りまとめ、公表しているものです。こうした事例集の公表は、平成20年６月及び平成21年６月に続き、３回目となります。 今回の事例集は、証券取引等監視委員会の勧告に基づき平成21年６月から平成22年５月までの間に課徴金納付命令が発せられ、取消しの訴えの期間が経過した、課徴金事例を取りまとめました（注）。 今回の事例集の特長は次の通りです。 ○ 合計38事例(納付命令対象ベースでは51件)を掲載しました。内訳は、 内部者取引に係るもの24事例 相場操縦に係るもの５事例 開示書類の虚偽記載に係るもの８事例 公開買付開始公告義務違反に係るもの１事例 です。 ○ 事案の内容が理解しやすくなるよう適宜概要図を挿入したほか、違反行為の背景や事案の特徴的な事象について可能な限り記載しました。 ○ 各章の冒頭に解説ページを設け、課徴金勧告案件の特色をまとめた傾向分析（内部者取引、相場操縦、開示書類の虚偽記載）や開示検査の運用方針等のトピックを記載しました。 ○ 開示検査に関して、課徴金勧告は行わなかったものの、証券取引等監視委員会の慫慂により自発的な訂正が行われた案件の概要を記載しました。 証券取引等監視委員会としては、本事例集が活用されることにより、市場監視行政の透明性の向上と市場参加者の自主的規律の促進が図られ、証券市場における取引の公正や適正開示の実現に資するものと期待しています。 （注）課徴金制度創設以来の勧告件数が平成22年５月まで128件に上ることとなったことから、前２回の事例集に掲載された事例は今回は掲載していません。 過去の課徴金事例集はこちら
2010-07-09,株式会社インターアクション役員による内部者取引,,株式会社インターアクション役員による内部者取引に対する課徴金納付命令の勧告について（平成22年7月9日),https://www.fsa.go.jp/sesc/news/c_2010/2010/20100709-1.html,"平成２２年７月９日 証券取引等監視委員会 株式会社インターアクション役員による内部者取引に対する課徴金納付命令の勧告について １．勧告の内容 証券取引等監視委員会は、株式会社インターアクション役員による内部者取引について検査した結果、下記のとおり法令違反の事実が認められたので、本日、内閣総理大臣及び金融庁長官に対して、金融庁設置法第２０条第１項の規定に基づき、課徴金納付命令を発出するよう勧告を行った。 ２．法令違反の事実関係 課徴金納付命令対象者は、株式会社インターアクションの役員であったが、同社が平成２１年５月期の連結業績予想を下方修正する事実をその職務に関し知り、この事実が公表された平成２１年７月１０日より前の同年５月２７日から同年７月６日までの間に、株式会社インターアクションの株式合計２４０株を、自己の計算において売付価額９１２万２，８５０円で売り付けた。 課徴金納付命令対象者が行った上記の行為は、金融商品取引法第１７５条第１項に規定する「第１６６条第１項・・・の規定に違反して、同条第１項に規定する売買等をした」行為に該当すると認められる。 ３．課徴金の額の計算 上記の違法行為に対し金融商品取引法に基づき納付を命じられる課徴金の額は、３４５万円である。 計算方法の詳細については、別紙のとおり。 （別紙） ○　課徴金の額の計算方法について 金融商品取引法第１７５条第１項に基づき、課徴金の額は、 （売付価格）×（売付株数）―（重要事実が公表された後２週間における最も低い価格）×（売り株数） となる。 したがって、重要事実の公表後２週間における株式会社インターアクションの最も低い株価は、平成２１年７月１４日の２３，６００円であることから、課徴金の額は下記の金額となる。 売付価額９，１２２，８５０円（注）－（２３，６００円×２４０株）＝３，４５８，８５０円 ⇒課徴金の額は１万円未満を切り捨てるため、 ３４５万円 （注）売付価額は、 ┌ │ │ │ │ │ │ │ │ │ │ │ │ │ │ │ │ │ │ │ │ │ └ 31,500円×10株 32,000円×20株 ┐ │ │ │ │ │ │ │ │ │ │ │ │ │ │ │ │ │ │ │ │ │ ┘ の合計額である。 32,100円×8株 32,500円×10株 32,600円×8株 32,650円×1株 32,750円×1株 33,500円×10株 34,500円×10株 36,000円×10株 36,500円×10株 37,000円×10株 37,500円×10株 38,000円×2株 38,800円×7株 38,950円×3株 39,200円×10株 41,000円×30株 43,000円×3株 43,200円×67株"
2010-06-29,ストック・パートナーズ株式会社,,Ｊ－ストック・パートナーズ株式会社に対する検査結果に基づく勧告について(平成22年6月29日),https://www.fsa.go.jp/sesc/news/c_2010/2010/20100629-1.html,平成２２年６月29日 証券取引等監視委員会 Ｊ－ストック・パートナーズ株式会社に対する検査結果に基づく勧告について １．勧告の内容 関東財務局長がＪ－ストック・パートナーズ株式会社（東京都港区、資本金１千万円、役職員４名、投資助言・代理業登録）を検査した結果、下記のとおり、当該金融商品取引業者に係る法令違反の事実が認められたので、本日、証券取引等監視委員会は、内閣総理大臣及び金融庁長官に対して、金融庁設置法第２０条第１項の規定に基づき、行政処分を行うよう勧告した。 ２．事実関係 ○　無登録業者への名義貸し Ｊ－ストック・パートナーズ株式会社（以下「当社」という。）は、平成２１年６月以降、その名義をもって、金融商品取引業の登録を受けていないＡ社取締役に投資助言業務を行わせた。 当社が行った上記行為は、自己の名義をもって、他人に金融商品取引業を行わせたものと認められ、金融商品取引法第３６条の３に違反する。
2010-06-25,キョーエイ産業株式会社,,キョーエイ産業株式会社社員による内部者取引に対する課徴金納付命令の勧告について（平成22年6月25日),https://www.fsa.go.jp/sesc/news/c_2010/2010/20100625-2.html,"平成２２年６月２５日 証券取引等監視委員会 キョーエイ産業株式会社社員による内部者取引に対する課徴金納付命令の勧告について １．勧告の内容 証券取引等監視委員会は、キョーエイ産業株式会社社員による内部者取引について検査した結果、下記のとおり法令違反の事実が認められたので、本日、内閣総理大臣及び金融庁長官に対して、金融庁設置法第２０条第１項の規定に基づき、課徴金納付命令を発出するよう勧告を行った。 ２．法令違反の事実関係 課徴金納付命令対象者(1)は、キョーエイ産業株式会社の社員であったが、同社が民事再生法に基づく再生手続開始の申立てを行うことを決定した事実（以下「本件重要事実」という。）をその職務に関し知り、この事実が公表された平成２０年７月１８日より前の同月１６日に、キョーエイ産業株式会社の株券合計１万４，０００株を売付価額１００万８，０００円で売り付けたものである。 課徴金納付命令対象者(2)は、キョーエイ産業株式会社の社員であったが、本件重要事実をその職務に関し知り、この事実が公表された平成２０年７月１８日より前の同月１５日に、キョーエイ産業株式会社の株券合計１万株を売付価額７９万４，０００円で売り付けたものである。 上記２名が行った上記の行為は、金融商品取引法（平成２０年法律第６５号による改正前のもの。以下「旧金融商品取引法」という。）第１７５条第１項に規定する「第１６６条第１項・・・の規定に違反して、自己の計算において同条第１項に規定する売買等をした」行為に該当すると認められる。 ３．課徴金の額の計算 上記の違法行為に対し、金融商品取引法に基づき納付を命じられる課徴金額は下記のとおり。 課徴金納付命令対象者(1)　　５４万円 課徴金納付命令対象者(2)　　４６万円 計算方法の詳細については、別紙のとおり。 （別紙） ○　課徴金の額の計算方法について 旧金融商品取引法第１７５条第１項に基づき、課徴金の額は、 （売付価格）×（売付株数）－（重要事実が公表された翌日の終値等）×（売付株数） となる。 したがって、重要事実の公表翌日が市場休業日であるため、以後直近のキョーエイ産業株式会社の株価である平成２０年７月２２日の株価の始値は、３３円であることから、課徴金の額は下記の金額となる。 課徴金納付命令対象者(1) 売付価額１，００８，０００円（注） －（３３円×１４，０００株）＝５４６，０００円 ⇒課徴金の額は１万円未満を切り捨てるため、 ５４万円 （注）売付価額は、 ┌ │ │ └ 71円×6,000株 72円×4,000株 ┐ │ │ ┘ の合計額である。 73円×2,000株 74円×2,000株 課徴金納付命令対象者(2) 売付価額７９４，０００円（注） －（３３円×１０，０００株）＝４６４，０００円 ⇒課徴金の額は１万円未満を切り捨てるため、 ４６万円 （注）売付価額は、 79円×6,000株、80円×4,000株 の合計額である。"
2010-06-21,日本ビクター株式会社,,日本ビクター株式会社及びＪＶＣ・ケンウッド・ホールディングス株式会社に係る有価証券報告書等の虚偽記載に係る課徴金納付命令勧告について（平成22年6月21日),https://www.fsa.go.jp/sesc/news/c_2010/2010/20100621-1.html,"平成２２年６月２１日 証券取引等監視委員会 日本ビクター株式会社及びＪＶＣ・ケンウッド・ホールディングス株式会社に係る有価証券報告書等の虚偽記載に係る課徴金納付命令勧告について １．勧告の内容 証券取引等監視委員会は、日本ビクター株式会社及びＪＶＣ・ケンウッド・ホールディングス株式会社に係る有価証券報告書等の虚偽記載について検査した結果、下記のとおり法令違反の事実が認められたので、本日、内閣総理大臣及び金融庁長官に対して、金融庁設置法第２０条第１項の規定に基づき、課徴金納付命令を発出するよう勧告を行った。 ２．法令違反の事実関係及び課徴金の額の計算 (1)　日本ビクター株式会社 日本ビクター株式会社は、関東財務局長に対し、下表のとおり、金融商品取引法（平成２０年法律第６５号による改正前のもの。以下「旧金融商品取引法」という。）第１７２条の２第１項及び第２項に規定する「重要な事項につき虚偽の記載がある」有価証券報告書等を提出したものである。 番号 開示書類 虚偽記載 提出日 書類 会計期間 財務計算に 関する書類 内容（注） 事由 １ 平成19年 6月27日 第118期事業年度連結会計期間に係る有価証券報告書（平成19年3月期有価証券報告書） 平成18年4月1日～平成19年3月31日の連結会計期間 連結 損益計算書 連結当期純損益が▲12,531百万円であるところを▲7,891百万円と記載 ・減損損失の不計上 ・費用の過少計上 ・引当金の過少計上 等 ２ 平成20年 12月26日 第120期事業年度中間連結会計期間に係る半期報告書（平成20年9月中間期半期報告書） 平成20年4月1日～平成20年9月30日の中間連結会計期間 中間連結 損益計算書 連結中間純損益が▲12,155百万円であるところを▲8,095百万円と記載 ・費用の過少計上 ・引当金の過少計上 等 ３ 平成21年 6月24日 第120期事業年度連結会計期間に係る有価証券報告書（平成21年3月期有価証券報告書） 平成20年4月1日～平成21年3月31日の連結会計期間 連結 損益計算書 連結経常損益が▲16,520百万円であるところを▲10,307百万円と記載 連結当期純損益が▲33,336百万円であるところを▲24,350百万円と記載 ・減損損失の不計上 ・費用の過少計上 ・引当金の過少計上 等 （注）金額は百万円未満切捨てである。また、▲は損失であることを示す。 日本ビクター株式会社は、関東財務局長に対し、平成１９年７月２４日、平成１９年３月期有価証券報告書を参照書類とする有価証券届出書を提出し、同有価証券届出書に基づく募集により、同年８月１０日、１０７，６９３，０００株の株券を３５，０００，２２５，０００円で取得させた。 同社が行った上記の行為は、旧金融商品取引法第１７２条第１項第１号に規定する「重要な事項につき虚偽の記載がある」発行開示書類に基づく募集により有価証券を取得させた行為に該当すると認められる。 課徴金の額の計算 上記の違法行為に対し金融商品取引法に基づき納付を命じられる課徴金の額は、７億７６０万円である。 ア　旧金融商品取引法第１７２条の２第１項の規定により、平成１９年３月期有価証券報告書に係る課徴金は、 (ア)　当該法人が発行する算定基準有価証券の市場価額の総額に１０万分の３を乗じて得た額（4,608,547円） が (イ)　3,000,000円 を超えることから、4,608,547円について、金融商品取引法第１７６条第２項の規定により、１万円未満の端数を切り捨てて4,600,000円となる。 イ　旧金融商品取引法第１７２条の２第１項及び第２項の規定により、平成２０年９月中間期半期報告書及び平成２１年３月期有価証券報告書に係る課徴金について、個別決定ごとの算出額は、 (ア)　当該法人が発行する算定基準有価証券の市場価額の総額に１０万分の３を乗じて得た額（2,310,773円） が (イ)　3,000,000円 を超えないことから、 同半期報告書については、1,500,000円 同有価証券報告書については、3,000,000円 となる。 ここで、これらの書類が同一の事業年度に係るものであることから、金融商品取引法第１８５条の７第６項の規定により、下記のとおり３００万円を個別決定ごとの算出額に基づき按分した金額が課徴金の額となる。 平成２０年９月中間期半期報告書に係る課徴金の額は 1,000,000円 平成２１年３月期有価証券報告書に係る課徴金の額は 2,000,000円 ウ　旧金融商品取引法第１７２条第１項第１号の規定により、重要な事項につき虚偽の記載がある発行開示書類に基づく募集により取得させた株券等の発行価額の総額の１００分の２に相当する額が課徴金の額となることから、 平成１９年７月２４日提出の有価証券届出書に係る課徴金の額は、 35,000,225,000円×2／100＝700,004,500円 について、金融商品取引法第１７６条第２項の規定により１万円未満を切り捨てて、700,000,000円 となる。 (2)　ＪＶＣ・ケンウッド・ホールディングス株式会社 ＪＶＣ・ケンウッド・ホールディングス株式会社は、関東財務局長に対し、下表のとおり、旧金融商品取引法第１７２条の２第１項及び第２項に規定する「重要な事項につき虚偽の記載がある」有価証券報告書等を提出したものである。 番号 開示書類 虚偽記載 提出日 書類 会計期間 財務計算に 関する書類 内容（注） 事由 １ 平成21年 2月12日 第1期事業年度第3四半期連結会計期間に係る四半期報告書（平成20年12月第3四半期四半期報告書） 平成20年4月1日～平成20年12月31日の第3四半期連結累計期間 四半期連結 損益計算書 連結四半期純損益が▲11,065百万円であるところを▲3,337百万円と記載 ・負ののれんの計上及び償却による利益の過大計上並びに正ののれんの不計上及び一括償却による損失の不計上 ・費用の過少計上 等 ２ 平成21年 6月24日 第1期事業年度連結会計期間に係る有価証券報告書（平成21年3月期有価証券報告書） 平成20年4月1日～平成21年3月31日の連結会計期間 連結 損益計算書 連結当期純損益が▲30,734百万円であるところを▲18,795百万円と記載 ・負ののれんの計上及び償却による利益の過大計上並びに正ののれんの不計上及び一括償却による損失の不計上 ・減損損失の不計上 ・費用の過少計上 等 （注）金額は百万円未満切捨てである。また、▲は損失であることを示す。 ＪＶＣ・ケンウッド・ホールディングス株式会社は、関東財務局長に対し、下表のとおり、金融商品取引法第１７２条の２第１項第１号に規定する「重要な事項につき虚偽の記載がある」有価証券届出書を提出し、同有価証券届出書に基づく募集により、平成２１年７月２８日、３２０個の新株予約権証券を１８，５８０，８８４，０００円（新株予約権の行使に際して払い込むべき金額を含む。）で取得させたものである。 提出日 書類 虚偽記載 会計期間 財務計算に 関する書類 内容（注） 事由 平成21年 7月10日 有価証券 届出書 平成20年4月1日～平成21年3月31日の連結会計期間 連結 損益計算書 連結当期純損益が▲30,734百万円であるところを▲18,795百万円と記載 ・負ののれんの計上及び償却による利益の過大計上並びに正ののれんの不計上及び一括償却による損失の不計上 ・減損損失の不計上 ・費用の過少計上 等 （注）金額は百万円未満切捨てである。また、▲は損失であることを示す。 課徴金の額の計算 上記の違法行為に対し金融商品取引法に基づき納付を命じられる課徴金の額は、８億３，９１３万円である。 ア　旧金融商品取引法第１７２条の２第１項及び第２項の規定により、平成２０年１２月第３四半期四半期報告書及び平成２１年３月期有価証券報告書に係る課徴金について、個別決定ごとの算出額は、 (ア)　当該法人が発行する算定基準有価証券の市場価額の総額に１０万分の３を乗じて得た額（1,348,627円） が (イ)　3,000,000円 を超えないことから、 平成２０年１２月第３四半期四半期報告書については、1,500,000円 同有価証券報告書については、3,000,000円 となる。 ここで、これらの書類が同一の事業年度に係るものであることから、金融商品取引法第１８５条の７第６項の規定により、下記のとおり３００万円を個別決定ごとの算出額に基づき按分した金額が課徴金の額となる。 平成２０年１２月第３四半期四半期報告書に係る課徴金の額は 1,000,000円 平成２１年３月期有価証券報告書に係る課徴金の額は 2,000,000円 イ　金融商品取引法第１７２条の２第１項第１号の規定により、重要な事項につき虚偽の記載がある発行開示書類に基づく募集により取得させた株券等の発行価額の総額の１００分の４．５に相当する額が課徴金の額となることから、 平成２１年７月１０日提出の有価証券届出書に係る課徴金の額は、 18,580,884,000円×4.5／100＝836,139,780円 について、金融商品取引法第１７６条第２項の規定により１万円未満を切り捨てて、836,130,000円 となる。"
2010-06-04,山崎製パン株式会社,2212,山崎製パン株式会社の従業者からの情報受領者による内部者取引に対する課徴金納付命令の勧告について（平成22年6月4日）,https://www.fsa.go.jp/sesc/news/c_2010/2010/20100604-1.html,平成２２年６月４日 証券取引等監視委員会 山崎製パン株式会社の従業者からの情報受領者による内部者取引に対する課徴金納付命令の勧告について １．勧告の内容 証券取引等監視委員会は、山崎製パン株式会社の従業者からの情報受領者による内部者取引について検査した結果、下記のとおり法令違反の事実が認められたので、本日、内閣総理大臣及び金融庁長官に対して、金融庁設置法第２０条第１項の規定に基づき、課徴金納付命令を発出するよう勧告を行った。 ２．法令違反の事実関係 課徴金納付命令対象者は、日糧製パン株式会社（以下「日糧製パン」という。）との業務資本提携契約の締結交渉先の山崎製パン株式会社（以下「山崎製パン」という。）の従業者（以下「山崎製パンの従業者」という。）から、同社の役員がその契約の締結の交渉に関し知り、山崎製パンの従業者がその職務に関し知った、日糧製パンが山崎製パンと業務上の提携を行うことを決定した事実の伝達を受け、この事実が公表された平成２１年７月３１日より前の同月３０日に、日糧製パンの株式８，０００株を買付価額７２万円で買い付けたものである。 課徴金納付命令対象者が行った上記の行為は、金融商品取引法第１７５条第１項に規定する「第１６６条・・・第３項の規定に違反して、同条第１項に規定する売買等をした」行為に該当すると認められる。 ３．課徴金の額の計算 上記の違法行為に対し金融商品取引法に基づき納付を命じられる課徴金の額は、２５万円である。 計算方法の詳細については、別紙のとおり。 山崎製パン事案の特色（平成22年７月６日） （別紙） ○　課徴金の額の計算方法について 金融商品取引法第１７５条第１項に基づき、課徴金の額は、 （重要事実が公表された後２週間における最も高い価格）×（買付株数）－（買付価格）×（買付株数） となる。 したがって、重要事実の公表後２週間における日糧製パン株式会社の最も高い株価は、平成２１年８月３日の１２２円であることから、課徴金の額は下記の金額となる。 （１２２円×８，０００株）－ 買付価額７２０，０００円（９０円×８，０００株）＝２５６，０００円 ⇒課徴金の額は１万円未満を切り捨てるため、 ２５万円
2010-06-25,株式会社ビットアイル,,株式会社ビットアイルの契約締結交渉先の社員からの情報受領者による内部者取引に対する課徴金納付命令の勧告について（平成22年6月25日),https://www.fsa.go.jp/sesc/news/c_2010/2010/20100625-1.html,平成２２年６月25日 証券取引等監視委員会 株式会社ビットアイルの契約締結交渉先の社員からの情報受領者による内部者取引に対する課徴金納付命令の勧告について １．勧告の内容 証券取引等監視委員会は、株式会社ビットアイルの契約締結交渉先の社員からの情報受領者による内部者取引について検査した結果、下記のとおり法令違反の事実が認められたので、本日、内閣総理大臣及び金融庁長官に対して、金融庁設置法第２０条第１項の規定に基づき、課徴金納付命令を発出するよう勧告を行った。 ２．法令違反の事実関係 課徴金納付命令対象者は、株式会社ビットアイル（以下「ビットアイル」という。）との提携事業協議の合意に係る契約の締結交渉先である株式会社電通国際情報サービス（以下「電通国際情報サービス」という。）の社員から、同人がその契約の締結の交渉に関し知った、ビットアイルが電通国際情報サービスと業務上の提携を行うことを決定した事実の伝達を受け、この事実が公表された平成２１年６月３日より前の同年５月１１日に、ビットアイルの株式合計８株を買付価額４６万４，０００円で買い付けたものである。 課徴金納付命令対象者が行った上記の行為は、金融商品取引法第１７５条第１項に規定する「第１６６条・・・第３項の規定に違反して、同条第１項に規定する売買等をした」行為に該当すると認められる。 ３．課徴金の額の計算 上記の違法行為に対し金融商品取引法に基づき納付を命じられる課徴金の額は、１９万円である。 計算方法の詳細については、別紙のとおり。 （別紙） ○　課徴金の額の計算方法について 金融商品取引法第１７５条第１項に基づき、課徴金の額は、 （重要事実が公表された後２週間における最も高い価格）×（買付株数）－（買付価格）×（買付株数） となる。 したがって、重要事実の公表後２週間における株式会社ビットアイルの最も高い株価は、平成２１年６月４日の８２，７００円であることから、課徴金の額は下記の金額となる。 （８２，７００円×８株）－買付価額４６４，０００円（５８，０００円×８株）＝１９７，６００円 ⇒課徴金の額は１万円未満を切り捨てるため、 １９万円
2010-06-18,株式会社リミックスポイント,3825,株式会社リミックスポイントに係る半期報告書の虚偽記載に係る課徴金納付命令勧告について（平成22年6月18日）,https://www.fsa.go.jp/sesc/news/c_2010/2010/20100618-1.html,"平成２２年６月１８日 証券取引等監視委員会 株式会社リミックスポイントに係る半期報告書の虚偽記載に係る課徴金納付命令勧告について １．勧告の内容 証券取引等監視委員会は、株式会社リミックスポイントに係る有価証券報告書等の虚偽記載について検査した結果、下記のとおり法令違反の事実が認められたので、本日、内閣総理大臣及び金融庁長官に対して、金融庁設置法第２０条第１項の規定に基づき、課徴金納付命令を発出するよう勧告を行った。 ２．法令違反の事実関係 株式会社リミックスポイントは、関東財務局長に対し、下表のとおり、金融商品取引法（平成２０年法律第６５号による改正前のもの。以下「旧金融商品取引法」という。）第１７２条の２第２項に規定する「重要な事項につき虚偽の記載がある」半期報告書を提出したものである。 提出日 書類 虚偽記載 会計期間 財務計算に 関する書類 内容（注） 事由 平成19年 12月27日 第5期事業年度中間会計期間に係る半期報告書（平成19年9月中間期半期報告書） 平成19年4月1日～平成19年9月30日の中間会計期間 中間損益計算書 中間純損益が▲237百万円であるところを▲138百万円と記載 貸倒引当金の過少計上 （注）金額は百万円未満切捨てである。また、▲は損失であることを示す。 ３．課徴金の額の計算 上記の違法行為に対し金融商品取引法に基づき納付を命じられる課徴金の額は、１５０万円である。 旧金融商品取引法第１７２条の２第２項の規定により、平成１９年９月中間期半期報告書に係る課徴金の額は、 当該法人が発行する算定基準有価証券の市場価額の総額に１０万分の３を乗じて得た額（71,137円） が 3,000,000円 を超えないことから、1,500,000円となる。"
2010-06-17,髙木証券株式会社,,髙木証券株式会社に対する検査結果に基づく勧告について（平成22年6月17日）,https://www.fsa.go.jp/sesc/news/c_2010/2010/20100617-1.html,平成２２年６月１７日 証券取引等監視委員会 髙木証券株式会社に対する検査結果に基づく勧告について １．勧告の内容 近畿財務局長が、髙木証券株式会社（大阪府大阪市北区、資本金１１０億円、役職員３９３名）を検査した結果、下記のとおり、当該金融商品取引業者に係る法令違反等の事実が認められたので、本日、証券取引等監視委員会は、内閣総理大臣及び金融庁長官に対して、金融庁設置法第２０条第１項の規定に基づき、行政処分を行うよう勧告した。 ２．事実関係 ○　法令違反行為が長期に亘り継続して行われ、それが看過されているとともに、苦情処理態勢等を含む内部管理態勢に重大な不備が認められる状況 髙木証券株式会社（以下「当社」という。）は、平成１５年５月、当社専用の不動産投資ファンド（以下「当該ファンド」という。）の導入を決定し、同年６月以降、積極的な販売を行った。その結果、当該ファンドは、平成１９年１１月までの販売期間中に１８７名の営業員により、延べ２０，５４１名の顧客に総額５２７億円が販売されている。（なお、当該ファンドが「みなし有価証券」と規定された同１６年１２月以降は、１５２名の営業員により、延べ１２，８７９名の顧客に総額３２８億円販売されている。） 今回検査において、当該ファンドに係る勧誘状況等を検証したところ、下記のとおり、当該ファンドの安全性に関して、顧客に対し誤解を生ぜしめるべき表示をする行為が、長期に亘り継続して行われていたほか、その背景として、当社における内部管理態勢に重大な不備が認められた。 （注）当該ファンドは、顧客からの出資金に金融機関からの借入金を加えることによりレバレッジを効かせた運用を行っており、償還時には、借入金の返済が出資金の償還に優先されるため、投資対象不動産の売却価格が下落した場合には、レバレッジ効果が働き、不動産価格の下落幅以上に出資金が大幅に元本割れするリスク（以下「レバレッジリスク」という。）が内在する商品である。 (1) 重要な事項につき誤解を生ぜしめるべき表示をする行為が長期に亘り継続して行われていた状況 平成１６年１２月以降（「みなし有価証券」該当後）に当該ファンドの販売実績のある営業員２０名に勧誘状況等をヒアリングしたところ、そのうち１７名が、また、その他書面による確認を実施した営業員１４名全てが、レバレッジリスクを理解していなかったことから、当該ファンドの募集の取扱い時に、顧客に対し、投資判断に影響を及ぼす重要な事項である同リスクを説明していない状況が認められた。また、上記２０名から１７名を除いた３名は、販売当初から同リスクを理解していたが、うち１名が、顧客に対し同リスクを説明していなかった。 上記のとおり、ヒアリング等による確認を行った営業員３４名（販売顧客数延べ１，８６６名）のうち、不適当な勧誘行為を行っていた営業員は３２名（同１，７５４名）に及んでおり、これら３２名の営業員が、当該ファンド勧誘時において不適当な勧誘行為を行った結果、出資金の毀損率が、不動産価格の下落率と同程度であるかのような誤解を顧客に与えており、誤解を生ぜしめるべき表示をする行為が認められた。 (2) 顧客勧誘時の商品説明資料等の記載内容 当社営業員は、顧客に対し当該ファンドの商品説明を行う際、主に商品パンフレットを使用し、併せて目論見書等を顧客に交付していた。 レバレッジリスクについては、少なくとも借入金の優先返済及び出資金に対する借入金の割合の上限率（以下「借入上限率」という。）に係る説明がなされるべきと考えられるところ、商品パンフレットにおいてはこれらが記載されていなかった。また、目論見書等においては、これらの記載はあるものの、営業員から説明を受けない限り、顧客には分かりづらい表現となっているなど、顧客が同リスクを理解することが困難な状況となっていた。 (3) 当該ファンド導入時の調査・分析等商品企画業務に係る内部牽制が機能していない状況 当社では、当該ファンドの導入に伴う商品性の検討や販売資料の作成等の実務を全て営業企画室長１名に負わせ、内部牽制が機能しない状況となっていた。 (4) 社内教育態勢等の不備 当該ファンド販売に当たっての営業員教育が不十分な状況 当社が当該ファンド販売に当たって実施した営業員向けの勉強会や、販売開始以降に実施した営業員研修等においては、借入金の導入により投資効率を高め利回りの向上を図る等、当該ファンドのメリットを強調した説明等が中心となり、レバレッジリスクについての説明は行われていなかった。 社内周知が不十分な状況 当該ファンドの借入上限率は、平成１８年４月に、それまでの３００％から４００％に引き上げられているが、当社は、営業員に対し、借入上限率の引上げについて周知しておらず、多数の営業員が当該引上げを顧客に説明していない状況が認められた。 また、当該ファンドの最終号（平成１９年１１月募集。）の商品パンフレット等において、レバレッジリスクに係る項目が新たに設けられているが、当社は、営業企画部より首都圏・近畿両本部長に対し、当該変更内容を部店長を介し営業員に周知するよう指示したものの、当該指示を受けた部店長は、営業員に対し変更の趣旨等を説明せず、変更項目のみを伝え、また、当該変更内容を顧客に説明するよう指示していない状況が認められた。 (5) 内部管理態勢の不備 部店長等による営業管理態勢の不備 当社における営業員の投資勧誘実態の検証状況について、部店長等２３名に対しヒアリング等を行ったところ、その検証は、顧客から徴求する重要事項等の説明に関する確認書の記載漏れチェック等形式的なものとなっており、営業員の具体的な勧誘内容を確認していない状況が認められた。 元本割れ償還に係る顧客対応不備 今回検査において、元本割れ償還に係る営業員の顧客対応についてヒアリング等により確認したところ、レバレッジリスクに係る説明を何ら行っていない営業員が見られる等、検査基準日現在においても同リスクに関する顧客説明が十分に行われていない状況が認められた。 苦情に関する調査不備等 当社監査部は、元本割れ償還が発生した以降、顧客苦情対応を行う同部員に対し、顧客属性を踏まえた対応を行う等の具体的な指示を行っていない。また、勧誘状況の実態等を把握するため、苦情を申し出た顧客や担当営業員に当該状況を確認するよう指示を行っていないことなどから、当社の苦情処理態勢は不十分な状況となっており、多数の苦情が寄せられているにもかかわらず、当社は、当該ファンドに係る不適当な勧誘行為の実態を把握できていない。 (6) 経営管理態勢の不備 当社経営陣は、当該ファンド販売に係る実務を担当者任せとし、不適当な勧誘行為が長期に亘り継続して行われていたことや内部管理態勢等の不備の把握、並びにこれらの是正に向けた指導・管理を行っていない。 さらに、当社経営陣は、当該ファンドに係る苦情が多数寄せられている事実を把握しているにもかかわらず、実態調査について具体的な指示を行っていない。 また、当該ファンドの特性を鑑みれば、個人顧客への販売に当たり、リスクに係る十分な検討が必要と考えられるところ、当社経営陣は、営業企画室長１名という弱体な態勢を看過し、この結果、商品パンフレット等において、レバレッジリスクについて十分な記載がなされず、顧客への不適当な勧誘行為を招いている。 このように、当社経営陣は、当該ファンドの販売等に関して、組織的に対応を行うよう指示を行わないまま、検査基準日現在に至るまで上記のような不適当な状況を看過していたものである。 当社における上記の業務の運営の状況のうち、(1)の行為については、金融商品取引法第３８条第６号に基づく金融商品取引業等に関する内閣府令第１１７条第１項第２号（ただし、平成１９年９月２９日以前の行為については、改正前の証券取引法第４２条第１項第１０号に基づく廃止前の証券会社の行為規制等に関する内閣府令第４条第１号）の「金融商品取引契約の締結又はその勧誘に関して、重要な事項につき誤解を生ぜしめるべき表示をする行為」に該当するものと認められる。 また、上記のとおり、当社の内部管理態勢等には重大な欠陥があり、償還金の元本割れに係る顧客対応において、レバレッジリスクに係る説明が十分に実施されておらず、苦情処理態勢にも不備があるものと認められる。 当社におけるこのような業務の運営の状況は、行政処分により改善を求めるべき状況にあり、金融商品取引法第５１条の「業務の運営の状況に関し、公益又は投資者保護のため必要かつ適当であると認めるとき」に該当するものと認められる。
2010-05-31,,,証券取引等監視委員会の事務処理状況の公表について（平成22年5月31日）,https://www.fsa.go.jp/sesc/reports/n_21/n_21.html,"平成２２年５月３１日 証券取引等監視委員会 証券取引等監視委員会の事務処理状況の公表について 証券取引等監視委員会（以下「証券監視委」という。）は、発足以来毎年、事務処理状況を公表していますが、今回は、その18回目として、平成21年４月１日から同22年３月31日までの期間における事務の処理状況を「証券取引等監視委員会の活動状況」として公表します。 公表内容の主なポイント はじめに：現委員会体制の総括 この３年弱：金融危機、規制環境の変化 １．包括的・機動的市場監視 不公正ファイナンスへの対応、偽計の積極適用による摘発 新たな商品・取引の監視：ＣＤＳ、証券ＣＦＤ、ＤＭＡ、ダークプール、アルゴリズム等 ２．課徴金制度の活用 迅速性、効率性重視、勧告件数の飛躍的増加 課徴金事例集の公表：市場規律への働きかけ ３．金融商品取引法の適切な運用 検査対象業者の拡大 機動的検査：財務の健全性の検証、ＦＸ業者、ファンド等の集中検査 ４．自主規制機関などとの連携 連携の深まり：双方向での問題意識、情報の共有 対象範囲の拡大：日本弁護士連合会、日本公認会計士協会、日本不動産鑑定協会、日本行政書士会連合会等 ５．グローバル化への対応 個別事案の摘発：初のクロスボーダーのインサイダー取引摘発（21年4月) 海外当局との連携の強化：情報交換、ＭＭＯＵの活用 第２章：金融危機等を踏まえた取り組み １．不公正ファイナンス事案の監視強化 不公正ファイナンス事案のリスクの高まり 証券監視委の総力を挙げた監視：特に偽計の適用 規制・監視の包囲網：自主規制機関、法律事務所、監査法人、証券会社等との連携 ２．財務の健全性の検証のための証券検査 検査体制の整備：リスク管理の専門家、会計士の採用等 監督部局との連携：オフサイトモニタリングとオンサイトモニタリングの連携 検査結果の通知の見直し：内部管理態勢に関する指摘 ３．新たな商品等の監視 ＣＤＳ 証券ＣＦＤ ダークプール ４．市場規律の強化 情報発信の強化：新たな対象、媒体、ツール（メルマガ、Ｗｅｂサイトの見直し等） 自主規制機関との情報共有：意見交換、講演、研修等の共催 ５．国際関係業務の強化 Ｇ２０、ＩＯＳＣＯ等の議論への貢献：特に監視を通じて得られた問題意識の提供 海外当局との連携強化：証券会社等の検査、不公正取引の監視 海外への情報発信：海外当局、外資系証券会社、在日大使館等 第３章：市場分析審査 １．一般投資家等からの情報受付 平成２１年度：７，１１８件 （内容別内訳） 個別銘柄に関するもの ３，８８９件 発行体に関するもの ８３５件 金融商品取引業者の営業姿勢等に関するもの １，３４９件 その他の意見等（注） １，０４５件 平成２０事務年度（６，４１２件）に比べ約１割増 （注）証券監視委等の職員を装った者による未公開株に関する悪質な電話勧誘等に係る情報提供：３４８件 規制・監視の包囲網：自主規制機関、法律事務所、監査法人、証券会社等との連携 ２．市場動向分析 最近の市場環境を踏まえ、以下の分析を強化 (1) 発行市場におけるファイナンス （例：著しい希薄化を伴う第三者割当増資等） (2) 新たな金融商品や取引形態 （例：ＣＤＳ、証券ＣＦＤ、ダークプール） - 東証arrowhead稼動（22.1）後の取引パターンの変化等についても注視 監督部局との連携：オフサイトモニタリングとオンサイトモニタリングの連携 検査結果の通知の見直し：内部管理態勢に関する指摘 ３．取引審査 平成２１年度：７４９件 （内訳） 価格形成に関するもの ９４件 内部者取引に関するもの ６４９件 その他 ６件 取引審査に有益と考えられる手法を積極的に取り入れ 取引の規模の大小を問わずつぶさに分析 不公正ファイナンス事案の疑いがあるものについては、偽計等の観点から取引審査を実施 自主規制機関（取引所等）とも連携（双方向での情報共有） 第４章：証券検査 ２１１社の検査を実施、うち１２３社（５８％）に対し問題点を通知、うち２１社に行政処分を求める勧告 （２０事務年度は２２０社を実施、うち１１２社（５１％）に通知、うち１８社に勧告） 大型案件の勧告 ビー・エヌ・ピー・パリバ（株価固定等） コスモ証券（投信勧誘） ＳＢＩ証券（システムリスク管理態勢） ファンド業者に対する集中検査 出資金流用等の悪質な法令違反が認められた８社を勧告 フォワードルッキングな観点からのリスク管理態勢の検証 ⇒民間専門家等を採用し、国内、外資系各社からリスク管理態勢等のヒアリングを実施 「信用格付業者検査マニュアル」の策定 ⇒本年４月から新たに検査対象となった信用格付業者に対する検査への対応 第５章：課徴金調査 不公正取引事案に係る勧告状況 内部者取引事案３８件、相場操縦事案５件、計４３件、５，５４８万円の勧告を実施 内部者取引 - 公開買付け実施事実に基づく事案の急増 ２０年度３件→２１年度１２件 - 第一次情報受領者による事案が急増 ２０年度３件→２１年度２１件 - 企業情報の管理の徹底を求められる者による事案 監査役、会社のＩＲ担当者、デューデリジェンス業務担当者、信用調査会社社員 相場操縦 取組み本格化　　２０年度１件→２１年度５件 見せ玉事案の勧告（スズケン） 第６章：開示検査 開示検査結果に基づく勧告状況 開示書類の虚偽記載に対し、９件、７億３９７万９，９９８円の勧告を実施 公開買付開始公告の実施義務違反に対しても１件勧告 ※２０年の金商法改正により新たに対象となった違反行為に対する初の摘発 EBANCO HOLDINGS LIMITEDによる新株予約権証券の買付けに係る公開買付開始公告の不実施 開示検査の出口の多様化：課徴金勧告に至らない場合にも、上場企業が当方の慫慂を受け訂正（１件） 第７章：犯則事件の調査・告発 １７件の告発（昨事務年度１３件） （内訳：インサイダー７件、相場操縦３件、偽計３件、虚偽有価証券報告書等提出４件） 主な告発事例 (1)不公正ファイナンスを偽計として告発（３件） 株式会社ペイントハウスの第三者割当増資を利用した偽計事件 ユニオンホールディングス株式会社の水増し増資偽計事件 （相場操縦事件としても告発した複合事案） トランスデジタル株式会社の架空増資偽計事件 (2)デイトレーダー・グループによる大規模な相場操縦 ネット取引による「見せ玉」等の手法を用いたデイトレーダー・グループによる相場操縦事件（調査に際しては証券監視委独自プログラムも活用） (3)東証一部上場企業による巨額粉飾決算事案 ニイウスコー株式会社に係る虚偽有価証券報告書提出事件 （循環取引等を利用した架空売上を計上） 第８章：建議 １．金融庁によるルール整備への貢献 外国為替証拠金（ＦＸ）取引に係る区分管理の見直しやロスカットルールの制定等について建議（21年4月) 第三者割当増資に関する「企業内容等の開示に関する内閣府令」へのインプット（22年2月) ２．自主規制機関によるルール整備への貢献 証券監視委としての問題意識、材料の提供 第三者割当増資に関する各証券取引所上場規則等金融庁によるルール整備への貢献 第９章：監視活動の機能強化 １．監視体制の充実・強化 組織の拡充：定員３７４→３８４人（１０人増） 民間専門家の増加：弁護士、公認会計士、ＩＴ専門家等１０６名 ２．情報収集・分析能力の向上 証券総合システムの活用：東証arrowheadへの対応等 職員研修の充実：最先端の知識、ノウハウの習得：海外当局への派遣 ３．システム・インフラの強化 ＩＴシステムの高度化：コンプライアンスＷＡＮの稼動 デジタルフォレンジック態勢の整備 ４．市場参加者との対話、情報発信 講演会、意見交換：開催回数の増加、対象の拡大 新たな手法の導入：メルマガ、寄稿、執筆等 Ｗｅｂサイトの充実：デザインの見直し(発足以来初） ５．関係当局との連携強化 金融庁・財務局 自主規制機関：双方向での情報共有 海外当局：情報交換、人材交流等 活動状況のポイント （PDF/260KB） 「 証券監視委の活動状況 」（一覧表）へ　(PDF/64KB) 「証券取引等監視委員会の活動状況」の本文へ 本文 （PDF/2,037KB） 附属資料 （PDF/2,444KB） 全文一括印刷用 （PDF/3,782KB）"
2010-05-21,株式会社エプソム愛馬会及び株式会社,,株式会社エプソム愛馬会及び株式会社ジャパンホースマンクラブに対する検査結果に基づく勧告について（平成22年5月21日）,https://www.fsa.go.jp/sesc/news/c_2010/2010/20100521-1.html,平成２２年５月２１日 証券取引等監視委員会 株式会社エプソム愛馬会及び株式会社ジャパンホースマンクラブに対する検査結果に基づく勧告について １．勧告の内容 株式会社エプソム愛馬会（東京都世田谷区、資本金４１百万円、役職員４名、第二種金融商品取引業登録）及び株式会社ジャパンホースマンクラブ（東京都世田谷区、資本金２７百万円、役職員４名、第二種金融商品取引業登録）を検査した結果、下記のとおり、これらの金融商品取引業者に係る法令違反等の事実が認められたので、本日、内閣総理大臣及び金融庁長官に対して、金融庁設置法第２０条第１項の規定に基づき、行政処分を行うよう勧告した。 ２．事実関係 株式会社エプソム愛馬会（以下「愛馬会」という。）及び株式会社ジャパンホースマンクラブ（以下「ＪＨ社」という。二社を併せて「両社」という。）は、愛馬会が競走用馬を取得し、当該競走用馬への出資を投資者から募り、当該競走用馬をＪＨ社に現物出資する。ＪＨ社は、ＪＨ社の名において競馬に出走させて賞金等を獲得、獲得した賞金等を愛馬会へ配当し、愛馬会が、出資の拠出口数に応じて出資者（以下「会員」という。）に分配するとした匿名組合契約（以下「ファンド」という。）を一体で運営している。 (1) 分別管理が確保されていない状況で私募を行う行為 両社は、出資金の分別管理の確保のために、定款等により分別管理に関する規定を設けていない。 また、愛馬会は、愛馬会の収益である入会金等とファンドの財産である維持費出資金を同一の口座において混在させているなど、愛馬会固有の財産とファンドの財産の分別した管理が確保されていない状況で、ファンドの持分の私募を行っている。 上記(1)のとおり、両社が行った行為は、金融商品取引法（以下「金商法」という。）第４０条の３に違反するものと認められる。 (2) 契約締結前交付書面等の記載内容とは異なる業務運営の状況 賞金管理の不備 ＪＨ社取締役兼愛馬会統括部長（以下「ＪＨ社取締役」という。）は、ＪＨ社代表取締役社長兼愛馬会取締役（以下「ＪＨ社社長」という。）の指示により、ＪＨ社の賞金等受取口座から金銭を出金し、直接、又はＪＨ社社長の個人口座を経由し、両社の金融機関からの借入金の返済、維持費出資金で支払うべき厩舎、牧場等への支払い、両社に対するＪＨ社社長個人からの借入金の返済などに充当されていた。 愛馬会自身も会員であることから、上記の出金が、愛馬会自身が受取るべき分配分であったとしても、各々の出金は、分配金の支払時期とは関係なく、また、出金の都度、愛馬会自身の分配金を計算した形跡もなく、出金時期、出金額とも「賞金等を出金する理由」としては具体的な根拠がない。 加えて、ＪＨ社社長個人からの借入金については、同社長個人との間の消費貸借契約書等が存在せず、借入金額、借入金利、返済金額、返済時期が不明であり、ＪＨ社取締役によるＪＨ社の賞金等受取口座からの出金は具体的理由のある出金とは認められない状況にある。 賞金等は「契約締結前（時）交付書面」（以下「交付書面」という。）の定めのとおり、分配の時期までは金融機関等で適切に管理され、愛馬会は、会員として分配を受けた後、自らの借入金の返済等の支払いに充当すべきであり、ＪＨ社は、交付書面において規定されたとおりに賞金等の管理を行っているとは認められず、賞金等の管理に不備があると認められる。 維持費出資金の目的外使用及び厩舎等への預託料の滞納 愛馬会は、競走用馬の飼養管理に要する費用として、会員から「維持費出資金」を受領しているが、会員から入金された維持費出資金が顧客への分配金、借入金の返済及び両社の会社経費に充当されていた。 このように、維持費出資金が目的外に使用されている一方で、愛馬会は、平成２２年２月１０日現在、ファンドに係る費用の厩舎等への支払いを滞納した状態にあり、これにより、厩舎等の管理委託先において、ファンド資産である競走用馬の維持管理に支障が生じ、その結果、投資者の利益を害するおそれがあると認められる。 交付書面の説明とは異なる維持費出資金の受領 愛馬会は、維持費出資金について、交付書面において「会員は、入会時期にかかわらず、出資対象となった競走用馬の１歳１１月分以降の維持管理費を維持費出資金の形で負担する義務がある」旨の説明を行っている。 しかしながら、愛馬会は、多数の競走用馬について、１歳１１月分より前の維持管理費を受領している事例が認められており、愛馬会は、交付書面等による説明とは異なる維持費出資金を会員から受領している状況が認められた。 競走用馬の無償譲渡 ＪＨ社は、中央競馬での賞金等の獲得が困難と判断した競走用馬について、ファンドの終了に際し、当該競走用馬を地方競馬の馬主資格を持つＪＨ社取締役に対して、実際には適正な評価をすることなく、一律に「無償」で譲渡している。 譲渡の対象となった競走用馬はファンドの財産であることを考慮すると、公正な評価に基づく適正な価格で売却し、売却代金は、当該ファンドの会員に分配すべきものであると考えられるが、ＪＨ社は、その価値を検討することなく全て一律無償で譲渡している状況が認められた。 (3) 法令遵守態勢の欠如 両社は、平成２１年１０月１３日を検査基準日とした関東財務局の検査において、直ちに検査に応じなければならないところ、検査官の入室を拒み、無予告検査への抗議を繰り返すなど、直ちに検査に応じず、検査の受忍義務に悖る対応を行った。 当該行為は、両社が顧問税理士の指南を鵜呑みにしたことが原因であったとしているが、両社は、金融商品取引業者として、直ちに検査に応じなければならないという検査の受忍義務など遵守すべき法令を自ら正しく認識し、その遵守に努めるべきところ、これを怠っており、両社においては、法令遵守態勢が根本的に欠如している。 上記(2)及び(3)のとおり、両社の業務の運営の状況は、金商法第５１条に規定する「金融商品取引業者の業務の運営又は財産の状況に関し、投資者保護のため必要な改善を図る必要がある業務の状況」にあると認められる。
2010-04-16,トップゲイン株式会社,,トップゲイン株式会社に対する検査結果に基づく勧告及び株式会社ハヤシファンドマネジメントに対する検査結果について（平成22年4月16日）,https://www.fsa.go.jp/sesc/news/c_2010/2010/20100416-1.html,平成２２年４月１６日 証券取引等監視委員会 トップゲイン株式会社に対する検査結果に基づく勧告及び株式会社ハヤシファンドマネジメントに対する検査結果について I ．トップゲイン株式会社に対する検査結果に基づく勧告 １．勧告の内容 関東財務局長がトップゲイン株式会社（東京都中央区、資本金１０百万円、役職員７名、第二種金融商品取引業登録、適格機関投資家等特例業務届出者）を検査した結果、下記のとおり、当該金融商品取引業者に係る法令違反等の事実が認められたので、本日、内閣総理大臣及び金融庁長官に対して、金融庁設置法第２０条第１項の規定に基づき、行政処分を行うよう勧告した。 ２．事実関係 (1) ファンド運用に係る無登録営業 トップゲイン株式会社（以下「当社」という。）は、自らを営業者とする５本の匿名組合出資契約（以下「ファンド」という。）の持分の私募を行い、これらのファンドの有価証券による運用を適格機関投資家等特例業務（以下「特例業務」という。）として行っている。 このうち、３本のファンドについては、親会社である株式会社ハヤシファンドマネジメント（以下「ハヤシ社」という。）が運営する集団投資スキーム（以下「ハヤシファンド」という。）の持分のみを取得することにより運用されていた。これにより、当該３ファンドは、同一の出資対象事業に投資されていることとなるため、当該３ファンド全体で、特例業務の要件である適格機関投資家１名以上及び適格機関投資家以外の者４９名以下からの出資でなければならないところ、適格機関投資家以外の者からの出資が４９名を超えており、当社が行う当該３ファンドに係る特例業務としての運用は、特例業務の要件を満たすことなく行われていた。 上記のとおり、当社が行った行為は、金融商品取引法（以下「金商法」という。）第２８条第４項に規定する「投資運用業」に該当し、当社が金商法第３１条第４項に基づく変更登録を受けることなく当該業務を行うことは、同法第２９条に違反するものと認められる。 (2) 無登録業者の運営するファンドへの出資等 当社は、ハヤシ社より委託を受け、ハヤシ社を営業者とするファンドの持分の私募の取扱いのほか、自らを営業者とする５本のファンドの持分の私募を行っているが、うち４本のファンド（以下「当該４ファンド」という。）については、ハヤシファンドの持分を取得することにより運用されていた。 しかしながら、当該４ファンドは適格機関投資家以外の者を匿名組合員とする匿名組合契約であり、ハヤシ社が当該４ファンドの営業者である当社に対して行ったハヤシファンドの私募は、金商法第６３条第１項第１号ロの規定により特例業務には該当せず、また、ハヤシ社が第二種金融商品取引業の登録を受けていないため、ハヤシ社は、無登録で第二種金融商品取引業を行っている状況にあると認められる。 上記のとおり、当社は、当社の行為によってハヤシ社を金融商品取引業の登録が必要な状況に置きながら、そのような状況を認識することなく、ハヤシ社への出資及びハヤシ社の委託によるファンドの私募の取扱いを繰り返しており、このような当社の業務の運営の状況は、金商法第５１条に規定する「当社の業務の運営に関し、公益及び投資者保護のため必要な改善を図る必要がある業務の状況」にあると認められる。 (3) 金融商品取引契約の締結又は勧誘に関して、虚偽のことを告げる行為 当社は、当該４ファンドの持分の私募及びハヤシ社を営業者とするファンドの持分の私募の取扱いを行っている。 当社は、これらのファンドの持分の取得勧誘において、ハヤシファンドの運用報告書等を用いて勧誘を行っていたが、当該運用報告書等には、「ファンド・オブ・ファンズで運用し、安定した運用益を得られている」等と表示されているものの、実際には主に貸付により運用されているなど、事実と著しく相違するものとなっていた。 当社には、ハヤシ社に対し、ハヤシファンドの運用内容に係る情報提供を要請する機会が多数あったにもかかわらず、これを怠り、虚偽の表示を看過したことについては、重大な過失があるものと認められる。 当社は、このような状況の下、これらのファンドの取得勧誘に際して、運用報告書等の投資勧誘資料を用い、ファンドの運用方法及び実績という投資者の投資判断に影響を及ぼす重要な事項につき、虚偽の告知を行った。 上記のとおり、当社が行った行為は、金商法第３８条第１号に規定する「金融商品取引契約の締結等に関して虚偽のことを告げる行為」に該当するものと認められる。 II ．株式会社ハヤシファンドマネジメントに対する検査結果 １．検査結果の内容 当社に対する検査に伴い、当社が営業者となっている匿名組合の投資先である株式会社ハヤシファンドマネジメント（東京都中央区、資本金２５百万円、役職員４名、適格機関投資家等特例業務届出者）を検査した結果、下記のとおり、金融商品取引法に係る重大な法令違反の事実が認められた。 ２．事実関係 (1) 第二種金融商品取引業の無登録営業 トップゲイン株式会社に係る勧告 I ．２．(2)にあるとおり、ハヤシ社が運営するハヤシファンドは、適格機関投資家以外の者を匿名組合員とする匿名組合契約の営業者（当社）から匿名組合出資を受けていることから、ハヤシ社が特例業務として当社に対して行ったハヤシファンドの持分の私募は、金商法第６３条第１項第１号ロの規定により特例業務の要件を満たすことなく行われていたものである。 上記のとおり、ハヤシ社が行った行為は、金商法第２８条第２項に規定する「第二種金融商品取引業」に該当し、ハヤシ社が同法第２９条に基づく登録を受けることなく当該業務を行うことは、同条に違反するものと認められる。 (2) 運用報告書等に係る虚偽告知 ハヤシ社は、ハヤシ社を営業者としハヤシファンドへ出資するファンドの持分の私募を行っており、取得勧誘の資料として、ハヤシファンドの運用報告書等をホームページに掲載するとともに、当社による取得勧誘に際し、当該運用報告書等を使用させている。 ハヤシ社は、当該運用報告書等に「ファンド・オブ・ファンズで運用し、安定した運用益を得られている」等と表示しているものの、実際には主に貸付により運用しているなど、これらの表示は事実と著しく相違するものとなっていた。 上記のとおり、ハヤシ社が行った行為は、金商法第６３条第４項に基づき金融商品取引業者とみなして適用する同法第３８条第１号に規定する「金融商品取引契約の締結等に関して虚偽のことを告げる行為」に該当するものと認められる。
2010-04-27,株式会社東京衡機製造所,,株式会社東京衡機製造所の実質的経営者からの情報受領者による内部者取引に対する課徴金納付命令の勧告について（平成22年4月27日）,https://www.fsa.go.jp/sesc/news/c_2010/2010/20100427-1.html,"平成２２年４月２７日 証券取引等監視委員会 株式会社東京衡機製造所の実質的経営者からの情報受領者による内部者取引に対する課徴金納付命令の勧告について １．勧告の内容 証券取引等監視委員会は、株式会社東京衡機製造所の実質的経営者からの情報受領者による内部者取引について検査した結果、下記のとおり法令違反の事実が認められたので、本日、内閣総理大臣及び金融庁長官に対して、金融庁設置法第２０条第１項の規定に基づき、課徴金納付命令を発出するよう勧告を行った。 ２．法令違反の事実関係 課徴金納付命令対象者は、株式会社東京衡機製造所（現株式会社テークスグループ）の実質的経営者として同社の職務に従事していた者から、同人がその職務に関し知った、同社が株式の発行を行うことを決定した事実の伝達を受け、この事実が公表された平成２０年９月１日より前の同年８月２０日から同月２９日までの間に、株式会社東京衡機製造所の株券合計１７万５，０００株を買付価額１，５５１万７，０００円で買い付けたものである。 課徴金納付命令対象者が行った上記の行為は、金融商品取引法（平成２０年法律第６５号による改正前のもの。以下「旧金融商品取引法」という。）第１７５条第１項に規定する「第１６６条第１項又は第３項の規定に違反して、自己の計算において同条第１項に規定する売買等をした」行為に該当すると認められる。 ３．課徴金の額の計算 上記の違法行為に対し金融商品取引法に基づき納付を命じられる課徴金の額は、３０３万円である。 計算方法の詳細については、別紙のとおり。 （別紙） ○　課徴金の額の計算方法について 旧金融商品取引法第１７５条第１項に基づき、課徴金の額は、 （重要事実が公表された翌日の終値等）×（買付株数）－（買付価格）×（買付株数） となる。 したがって、重要事実の公表翌日の平成２０年９月２日の株式会社東京衡機製造所の株価の終値は１０６円であることから、課徴金の額は下記の金額となる。 （１０６円×１７５，０００株）－買付価額１５，５１７，０００円（注） ＝３，０３３，０００円 ⇒課徴金の額は１万円未満を切り捨てるため、 ３０３万円 （注）買付価額は、 ┌ │ │ │ │ └ 84円×25,000株 86円×20,000株 ┐ │ │ │ │ ┘ の合計額である。 87円×3,000株 88円×67,000株 90円×10,000株 91円×30,000株 93円×10,000株 98円×10,000株"
2010-05-18,バリューコマース株式会社,2491,バリューコマース株式会社株券に係る相場操縦に対する課徴金納付命令の勧告について（平成22年5月18日）,https://www.fsa.go.jp/sesc/news/c_2010/2010/20100518-1.html,"平成２２年５月１８日 証券取引等監視委員会 バリューコマース株式会社株券に係る相場操縦に対する課徴金納付命令の勧告について １．勧告の内容 証券取引等監視委員会は、バリューコマース株式会社株券に係る相場操縦について検査した結果、下記のとおり法令違反の事実が認められたので、本日、内閣総理大臣及び金融庁長官に対して、金融庁設置法第２０条第１項の規定に基づき、課徴金納付命令を発出するよう勧告を行った。 ２．法令違反の事実関係 (1)　課徴金納付命令対象者 は、バリューコマース株式会社の株券につき、 その株価の安値形成を図ろうと企て、同株券の売買を誘引する目的をもって、平成２０年１０月２日から同月６日までの間、３取引日にわたり、直前約定値より安値で買い注文と売り注文を同時期に発注して対当させたり、約定させる意思のない売り注文を発注するほか、大量の売り注文を成行で発注して安値で約定させるなどの方法により、同株券合計１，３１３株の買付け、同株券合計１，３１６株の売付け及び同株券延べ合計７２１株の売付けの委託を行い、同株券の株価を１２，０４０円から９，１２０円まで引き下げるなどし、同株券の相場を変動させるべき一連の売買及び委託をし、 その株価の高値形成を図ろうと企て、同株券の売買を誘引する目的をもって、同月７日から同月２２日までの間、１１取引日にわたり、直前約定値より高値で買い注文と売り注文を同時期に発注して対当させたり、約定させる意思のない買い注文を発注するほか、大量の買い注文を成行で発注して高値で約定させるなどの方法により、同株券合計４，０１９株の買付け、同株券合計３，８５３株の売付け及び同株券延べ合計２，５７６株の買付けの委託を行い、同株券の株価を８，３００円から１２，７００円まで引き上げるなどし、同株券の相場を変動させるべき一連の売買及び委託をし たものである。 同人が行った上記の行為は、金融商品取引法（平成２０年法律第６５号による改正前のもの。以下「旧金融商品取引法」という。）第１７４条第１項に規定する「自己の計算において第１５９条第２項第１号の規定に違反する取引所金融商品市場における上場金融商品等の相場を変動させるべき一連の有価証券売買等」及び「その委託等」の違反行為に該当すると認められる。 (2)　課徴金納付命令対象者 は、バリューコマース株式会社の株券につき、その株価の安値形成を図ろうと企て、同株券の売買を誘引する目的をもって、平成２０年１０月３日から同月７日までの間、３取引日にわたり、直前約定値より安値で買い注文と売り注文を同時期に発注して対当させたり、連続して売り注文を成行で発注して安値で約定させる方法などにより、同株券合計６６株の買付け及び同株券合計９７株の売付けを行い、同株券の株価を１１，０００円から８，２７０円まで引き下げるなどし、同株券の相場を変動させるべき一連の売買をしたものである。 同人が行った上記の行為は、旧金融商品取引法第１７４条第１項に規定する「自己の計算において第１５９条第２項第１号の規定に違反する取引所金融商品市場における上場金融商品等の相場を変動させるべき一連の有価証券売買等」の違反行為に該当すると認められる。 ３．課徴金の額の計算 上記の違法行為に対し、金融商品取引法に基づき納付を命じられる課徴金の額は下記のとおり。 課徴金納付命令対象者 ９５万円 課徴金納付命令対象者 ２６万円 計算方法の詳細については、別紙のとおり。 （別紙） ○　課徴金の額の計算方法について １．旧金融商品取引法第１７４条第１項に基づき、課徴金の額は、 (1) 売買対当数量（注１）に係るものについて、 （有価証券の売付け等の価額）－（有価証券の買付け等の価額） と、 (2) 当該違反行為に係る有価証券の売付け等の数量が買付け等の数量を超える場合には、売付け等対当数量（注２）に係るものについて、 （有価証券の売付け等の価額）－（当該違反行為が終了した日から１月以内に行われた有価証券の買付け等の価額） との合計額として計算される。 （注１）売買対当数量：当該違反行為に係る有価証券の売付け等の数量と買付け等の数量のうち、いずれか少ない数量をいう。 （注２）売付け等対当数量：当該違反行為に係る有価証券の売付け等の数量が買付け等の数量を超える場合における当該超える数量と、当該違反行為が終了した日から１月以内に行われた当該違反行為に係る買付け等の数量のうち、いずれか少ない数量をいう。 ２．課徴金納付命令対象者 について、 平成２０年１０月２日から同月６日までの間の違反行為に係る課徴金の額は、下記(1)及び(2)によりそれぞれ算定される額の合計　２２９，３３０円。 ⇒課徴金の額は１万円未満を切り捨てるため、 ２２万円 (1) 当該違反行為に係る売買対当数量は、 当該違反行為に係る有価証券の売付け等の数量は1,316株であり、 当該違反行為に係る有価証券の買付け等の数量は1,313株である ことから、1,313株となる。 当該売買対当数量に係るものについて、 売付け等の価額１３，７７２，２８０円（注３）－買付け等の価額１３，５４５，８２０円 ＝２２６，４６０円 （注３）売付け等の価額の算定においては、金融商品取引法施行令（平成20年政令第369号による改正前のもの。以下同じ。）第33条の14第5項の規定により、当該違反行為に係る有価証券の売付け等のうち最も早い時期に行われたものから順次当該売買対当数量に達するまで割り当てることとなる。 (2) 上記(1)のとおり、当該違反行為に係る有価証券の売付け等の数量が、買付け等の数量を超えることから、当該違反行為に係る売付け等対当数量は、 売付け等の数量が買付け等の数量を超える数量3株 （1,316株－1,313株） と、 当該違反行為が終了した日から１月以内に行われた買付け等の数量 4,022株 とを比較して少ない数量である、3株となる。 当該売付け等対当数量に係るものについて、 売付け等の価額２７，４７０円－違反行為終了日から１月以内の買付け等の価額２４，６００円（注４） ＝２，８７０円 （注４）買付け等の価額の算定においては、金融商品取引法施行令第33条の14第6項の規定により、違反行為が終了した日から１月以内に行われた有価証券の買付け等のうち最も早い時期に行われたものから順次当該売付け等対当数量に達するまで割り当てることとなる。 平成２０年１０月７日から同月２２日までの間の違反行為に係る課徴金の額は、下記により算定される額　７３９，７５０円。 ⇒課徴金の額は１万円未満を切り捨てるため、 ７３万円 当該違反行為に係る売買対当数量は、当該違反行為に係る有価証券の売付け等の数量、買付け等の数量ともに4,019株であることから、4,019株となる。 当該売買対当数量に係るものについて、 売付け等の価額４３，９２５，３９０円－買付け等の価額４３，１８５，６４０円 ＝７３９，７５０円 ３．課徴金納付命令対象者 について、本件における課徴金の額は、下記(1)及び(2)によりそれぞれ算定される額の合計　２６４，１７０円。 ⇒課徴金の額は１万円未満を切り捨てるため、 ２６万円 (1)　当該違反行為に係る売買対当数量は、 当該違反行為に係る有価証券の売付け等の数量は、実際の売付数量97株に、旧金融商品取引法第１７４条第８項により、違反行為開始時にその時の価格（11,000円）で売付け等をしたものとみなされる当該違反行為の開始時に当該違反行為に係る有価証券を有しないで売付けをしている数量164株を加えた261株であり、 当該違反行為に係る有価証券の買付け等の数量は87株であることから、87株となる。 当該売買対当数量に係るものについて、 売付け等の価額９５７，０００円－買付け等の価額８０６，９３０円 ＝１５０，０７０円 (2)　上記(1)のとおり、当該違反行為に係る有価証券の売付け等の数量が、買付け等の数量を超えることから、当該違反行為に係る売付け等対当数量は、 売付け等の数量が買付け等の数量を超える数量174株 （261株－87株） と、 当該違反行為が終了した日から１月以内に行われた買付け等の数量 635株 とを比較して少ない数量である、174株となる。 当該売付け等対当数量に係るものについて、 売付け等の価額１，７４４，８７０円－違反行為終了日から１月以内の買付け等の価額１，６３０，７７０円 ＝１１４，１００円 課徴金算定概念図 課徴金算定概念図"
2010-04-13,株式会社リンク・ワン,,株式会社リンク・ワンに係る有価証券報告書等の虚偽記載に係る課徴金納付命令勧告について（平成22年4月13日）,https://www.fsa.go.jp/sesc/news/c_2010/2010/20100413.html,"平成２２年４月１３日 証券取引等監視委員会 株式会社リンク・ワンに係る有価証券報告書等の虚偽記載に係る課徴金納付命令勧告について １．勧告の内容 証券取引等監視委員会は、株式会社リンク・ワンに係る有価証券報告書等の虚偽記載について検査した結果、下記のとおり法令違反の事実が認められたので、本日、内閣総理大臣及び金融庁長官に対して、金融庁設置法第２０条第１項の規定に基づき、課徴金納付命令を発出するよう勧告を行った。 ２．法令違反の事実関係 (1)　株式会社リンク・ワンは、関東財務局長に対し、下表のとおり、金融商品取引法（平成２０年法律第６５号による改正前のもの。以下「旧金融商品取引法」という。）第１７２条の２第１項又は第２項に規定する「重要な事項につき虚偽の記載がある」有価証券報告書等を提出したものである。 番号 有価証券報告書等 虚偽記載 提出日 書類 会計期間 財務計算に 関する書類 内容（注） 事由 １ 平成18年 1月31日 第5期事業年度中間連結会計期間に係る半期報告書（平成17年10月中間期半期報告書） 平成17年5月1日～平成17年10月31日の中間連結会計期間 中間連結損益計算書 連結経常損益が▲372百万円であるところを30百万円と記載 連結中間純損益が▲533百万円であるところを4百万円と記載 売上の過大計上等 中間連結貸借対照表 連結純資産額に相当する「資本合計」欄が700百万円であるところを1,238百万円と記載 ２ 平成18年 7月31日 第5期事業年度連結会計期間に係る有価証券報告書（平成18年4月期有価証券報告書） 平成17年5月1日～平成18年4月30日の連結会計期間 連結損益計算書 連結経常損益が▲314百万円であるところを251百万円と記載 連結当期純損益が▲592百万円であるところを73百万円と記載 売上の過大計上等 連結貸借対照表 連結純資産額に相当する「資本合計」欄が641百万円であるところを1,307百万円と記載 ３ 平成19年 1月31日 第6期事業年度中間連結会計期間に係る半期報告書（平成18年10月中間期半期報告書） 平成18年5月1日～平成18年10月31日の中間連結会計期間 中間連結貸借対照表 連結純資産額が▲115百万円であるところを50百万円と記載 売上の過大計上等 （注）金額は百万円未満切捨てである。また、▲は損益計算書では損失であることを、貸借対照表では債務超過であることを示す。 (2)　株式会社リンク・ワンは、関東財務局長に対し、平成１９年３月２３日、平成１８年４月期有価証券報告書及び平成１８年１０月中間期半期報告書を組込情報とする有価証券届出書を提出し、同有価証券届出書に基づく募集により、平成１９年４月９日、１１，６００株の株券を１，５０８，０００，０００円で取得させた。 同社が行った上記の行為は、旧金融商品取引法第１７２条第１項第１号に規定する「重要な事項につき虚偽の記載がある」発行開示書類に基づく募集により有価証券を取得させた行為に該当すると認められる。 ３．課徴金の額の計算 上記の違法行為に対し金融商品取引法に基づき納付を命じられる課徴金の額は、３，４６６万円である。 (1) 旧金融商品取引法第１７２条の２第１項又は第２項の規定により、平成１７年１０月中間期半期報告書及び平成１８年４月期有価証券報告書に係る課徴金について、個別決定ごとの算出額は 当該法人が発行する算定基準有価証券の市場価額の総額に１０万分の３を乗じて得た額（151,187円） が 3,000,000円 を超えないことから、 同半期報告書については、1,500,000円 同有価証券報告書については、3,000,000円 となる。 ここで、これらの書類が同一の事業年度に係るものであることから、金融商品取引法第１８５条の７第６項の規定により、下記のとおり３００万円を個別決定ごとの算出額に基づき按分した金額が課徴金の額となる。 平成１７年１０月中間期半期報告書に係る課徴金の額は 1,000,000円 平成１８年４月期有価証券報告書に係る課徴金の額は 2,000,000円 (2) 旧金融商品取引法第１７２条の２第２項の規定により、平成１８年１０月中間期半期報告書に係る課徴金の額は、 当該法人が発行する算定基準有価証券の市場価額の総額に１０万分の３を乗じて得た額（75,331円） が 3,000,000円 を超えないことから、1,500,000円となる。 (3) 旧金融商品取引法第１７２条第１項第１号の規定により、重要な事項につき虚偽の記載がある発行開示書類に基づく募集により取得させた株券等の発行価額の総額の１００分の２に相当する額が課徴金の額となることから、 平成１９年３月２３日提出の有価証券届出書に係る課徴金の額は、 1,508,000,000円×2／100＝30,160,000円 となる。"
2010-04-09,イニシア・スター証券株式会社,,イニシア・スター証券株式会社に対する検査結果に基づく勧告について（平成22年4月9日）,https://www.fsa.go.jp/sesc/news/c_2010/2010/20100409-2.html,平成２２年４月９日 証券取引等監視委員会 イニシア・スター証券株式会社に対する検査結果に基づく勧告について １．勧告の内容 関東財務局長がイニシア・スター証券株式会社（東京都渋谷区、資本金１，１４３百万円、役職員２０名、第一種金融商品取引業、第二種金融商品取引業及び投資助言・代理業登録）を検査した結果、下記のとおり、当該金融商品取引業者に係る法令違反等の事実が認められたので、本日、内閣総理大臣及び金融庁長官に対して、金融庁設置法第２０条第１項の規定に基づき、行政処分を行うよう勧告した。 ２．事実関係 ○　ファンド持分の取得勧誘に係る虚偽表示等 イニシア・スター証券株式会社（以下「当社」という。）は、平成２１年３月から同年１１月にかけて、旅館業に投資する４本の匿名組合（以下「本件ファンド」という。）の出資持分の取得勧誘を行っている。 本件ファンドは、組合員からの出資金で宿泊施設を取得、旅館業を運営し、当該旅館業から生じる利益を組合員に分配するものであるが、今回検査において、本件ファンドの取得勧誘の状況について、以下の事実が認められた。 (1)　本件ファンドは、宿泊施設の取得・管理等を業務委託しているＸ社から宿泊施設の取得等を再委託されているＹ社に対し、宿泊施設の取得費用として出資金の大半を前払金として支払っている。 しかしながら、Ｙ社は、前払金の入金日又はその翌日には、これを自社の借入金返済などの運転資金に充当しており、同社においては、前払金の受領後、又は宿泊施設取得後も３か月以上にわたり、宿泊施設の取得、又は前払金の精算を行っていない状況が認められた。 本件については、Ｙ社の前社長である当社社長が、本件ファンドの最初のファンドの販売時にＸ社と話し合い、Ｙ社が前払金を受けることを取り決め、これについては、当時の当社社長（現Ｙ社社長、以下「前社長」という。）にも説明している。また、当社社長及び前社長は、Ｙ社への前払金が、Ｙ社において長期間滞留し、Ｙ社の運転資金に使用されている状況も認識していた。 しかしながら、当社社長及び前社長は、これらの事実を当社の他の役職員に知らせないまま、取得勧誘を継続させていた。 (2)　このような状況の中、当社は本件ファンド持分の取得勧誘を行っているが、取得勧誘に際し、投資者に交付する契約締結前交付書面、匿名組合契約書等にはＹ社に係る記載はなく、投資者に対する営業員による説明も行われていなかった。 Ｙ社については、同社の業務又は財産の状況の変化を直接の原因として本件ファンドの資産に損失が生ずることとなるおそれがあるにもかかわらず、当社は、前社長が本件ファンドの資金がＹ社へ前払いされることを知った以降、また、前社長に代わって当社社長が就任した以降も、投資者に対し、Ｙ社に関する記載がない契約締結前交付書面等を交付し、投資者に対し、Ｙ社に係る説明を行うことなく取得勧誘を行っていたものである。 当社においては、上記(1)のとおり、本件ファンドの資金がＹ社に前払いされ、Ｙ社において運転資金として使用されており、Ｙ社の業務又は財産の状況の変化を直接の原因としてファンド資産に損失が生ずることとなるおそれがあるというファンド資産に重大な懸念が生じているにも関わらず、当社社長は、当社の他の役職員に対し当該事実を説明することなく取得勧誘を継続させている。 このような当社の業務の運営の状況は、金融商品取引法第５１条に規定する、当社の業務の運営に関し、投資者保護のための必要な改善を図る必要があるものと認められる。 また、上記(2)の行為は、本件ファンドの資産に与える影響について、契約締結前交付書面に記載すべき事項を表示していないこと、またこれを説明していないことにより、事実と異なる表示を行っていることから、金融商品取引法第３８条第６号に基づく金融商品取引業等に関する内閣府令第１１７条第１項第２号（虚偽表示）に該当するものと認められる。
2010-04-09,プライベートウェルスマネジメントジャパン株式会社,,プライベートウェルスマネジメントジャパン株式会社に対する検査結果に基づく勧告について（平成22年4月9日）,https://www.fsa.go.jp/sesc/news/c_2010/2010/20100409-1.html,平成２２年４月９日 証券取引等監視委員会 プライベートウェルスマネジメントジャパン株式会社に対する検査結果に基づく勧告について １．勧告の内容 関東財務局長がプライベートウェルスマネジメントジャパン株式会社（東京都港区、資本金１０百万円、役職員４名、第二種金融商品取引業登録）を検査した結果、下記のとおり、当該金融商品取引業者に係る法令違反の事実が認められたので、本日、内閣総理大臣及び金融庁長官に対して、金融庁設置法第２０条第１項の規定に基づき、行政処分を行うよう勧告した。 ２．事実関係 ○　無登録業者への名義貸し プライベートウェルスマネジメントジャパン株式会社（以下「当社」という。）は、当社社長の知人が代表を務めるＡ社が金融商品取引業の登録を受けた者でないことを知りながら、匿名組合契約（ファンド）に基づく出資持分の取得勧誘の業務を委託し、平成 ２０年１２月から同２１年１０月までの間、Ａ社の営業担当者に当社の名において当該業務を行わせた。 当社が行った上記の行為は、自己の名義をもって、他人に金融商品取引業を行わせたものと認められ、金融商品取引法第３６条の３に違反するものと認められる。
2010-03-31,,,「信用格付業者検査マニュアル」の策定及び「金融商品取引業者等検査マニュアル」の一部改正に対するパブリックコメントの結果について（平成22年3月31日）,https://www.fsa.go.jp/sesc/news/c_2010/2010/20100331.html,平成２２年３月３１日 証券取引等監視委員会 「信用格付業者検査マニュアル」の策定及び「金融商品取引業者等検査マニュアル」の一部改正に対するパブリックコメントの結果について 証券取引等監視委員会（以下「証券監視委」という。）では、「信用格付業者検査マニュアル」の策定（案）及び「金融商品取引業者等検査マニュアル」の一部改正（案）につきまして、平成22 年１月27 日（水）から同年３月１日（月）までの間、広く意見の募集を行いました。 その結果、「信用格付業者検査マニュアル」の策定（案）に対して、４先の団体より16 件のコメントを頂きました（「金融商品取引業者等検査マニュアル」の一部改正（案）に対するコメントはありませんでした。）。ご意見の提出を頂いた皆様には、ご協力いただき誠にありがとうございました。 お寄せいただいたコメントの概要及びコメントに対する証券監視委の考え方は、 別紙１ のとおりです。 平成22 年３月31 日付で、「信用格付業者検査マニュアル」（ 別紙２ ）及び改正後の「金融商品取引業者等検査マニュアル」（ 別紙３ ）を発出し、本年４月１日以降に着手する検査から活用することとします。 （注）「検査マニュアル」 検査マニュアルは、証券監視委（財務局等を含む。）が「金融商品取引業者等」及び「信用格付業者」に対して検査を実施する際の基本的考え方及び検査の具体的着眼点等（検査対象先の実態を把握する上で有効と考えられる確認項目）を整理したものであり、検査官の「検査の手引書」として用いられるものです。 お問い合わせ先 証券取引等監視委員会 Tel 03-3506-6000（代表） 事務局証券検査課（内線：3032、3007） （別紙１）コメントの概要及びコメントに対する証券取引等監視委員会の考え方 （PDF/75KB） （別紙２）信用格付業者検査マニュアル （PDF/220KB） （別紙３）金融商品取引業者等検査マニュアル（新旧対照表） （PDF/53KB）
平成22年度証券検査基本方針及び証券検査基本計画について（平成22年4月6日）,,,平成22年度証券検査基本方針及び証券検査基本計画について（平成22年4月6日）,https://www.fsa.go.jp/sesc/news/c_2010/2010/20100406-1.html,平成 22年４月６ 日 証券取引等監視委員会 平成22年度証券検査基本方針及び証券検査基本計画について 証券取引等監視委員会では、「平成22年度証券検査基本方針及び証券検査基本計画」を別紙のとおり策定しましたので公表いたします。 お問い合わせ先 証券取引等監視委員会　Tel　03-3506-6000（代表） 事務局証券検査課（内線：3044、3039） (別紙1) 平成22年度証券検査基本方針及び証券検査基本計画の概要 (PDF/255KB) (別紙2) 平成22年度証券検査基本方針及び証券検査基本計画 (PDF/177KB)
2010-03-30,南部化成株式会社,,南部化成株式会社社員らからの情報受領者による内部者取引に対する課徴金納付命令の勧告について（平成22年3月30日）,https://www.fsa.go.jp/sesc/news/c_2010/2010/20100330.html,"平成２２年３月３０日 証券取引等監視委員会 南部化成株式会社社員らからの情報受領者による内部者取引に対する課徴金納付命令の勧告について １．勧告の内容 証券取引等監視委員会は、南部化成株式会社社員らからの情報受領者による内部者取引について検査した結果、下記のとおり法令違反の事実が認められたので、本日、内閣総理大臣及び金融庁長官に対して、金融庁設置法第２０条第１項の規定に基づき、課徴金納付命令を発出するよう勧告を行った。 ２．法令違反の事実関係 (1) 株式会社アーク社員からの情報受領者 課徴金納付命令対象者 及び は、株式会社ＮＭＣファンド１４（平成２１年１１月１日合併により解散。以下「ＮＭＣファンド」という。）との公開買付けの応募に関する合意に係る契約の締結交渉先の株式会社アークの社員から、同人がその契約の締結の交渉に関し知った、ＮＭＣファンドが南部化成株式会社（以下「南部化成」という。）の株式の公開買付けを行うことを決定した事実（以下「本件公開買付け事実」という。）の伝達を受け、 課徴金納付命令対象者 においては、この事実が公表された平成２１年２月２７日より前の同年１月２６日から同年２月１２日までの間に、南部化成の株式合計１万５，９００株を、自己の計算において買付価額７１５万５，６００円で買い付けたもの、 課徴金納付命令対象者 においては、この事実が公表された平成２１年２月２７日より前の同年１月２７日及び同月２９日に、南部化成の株式合計２００株を、自己の計算において買付価額８万９，６００円で買い付けたものである。 (2) 南部化成株式会社社員からの情報受領者 課徴金納付命令対象者 及び は、ＮＭＣファンドとの秘密保持契約の契約締結先である南部化成の社員から、同人がその契約の履行に関し知った本件公開買付け事実の伝達を受け、 課徴金納付命令対象者 においては、この事実が公表された平成２１年２月２７日より前の同月２５日に、南部化成の株式合計１，２００株を、自己の計算において買付価額３７万２，０００円で買い付けたもの、 課徴金納付命令対象者 においては、この事実が公表された平成２１年２月２７日より前の同月２５日に、南部化成の株式１，０００株を、自己の計算において買付価額３０万９，０００円で買い付けたものである。 上記４名が行った上記の行為は、金融商品取引法第１７５条第２項に規定する「第１６７条第１項又は第３項の規定に違反して、同条第１項に規定する特定株券等若しくは関連株券等に係る買付け等又は同項に規定する株券等に係る売付け等をした」行為に該当すると認められる。 ３．課徴金の額の計算 上記の違法行為に対し、金融商品取引法に基づき納付を命じられる課徴金額は下記のとおり。 課徴金納付命令対象者 １，１２７万円 課徴金納付命令対象者 １４万円 課徴金納付命令対象者 １０１万円 課徴金納付命令対象者 ８５万円 計算方法の詳細については、別紙のとおり。 （別紙） ○　課徴金の額の計算方法について 金融商品取引法第１７５条第２項に基づき、課徴金の額は、 （公開買付けの実施に関する事実が公表された後２週間における最も高い価格）×（買付株数）－（買付価格）×（買付株数） となる。 したがって、公開買付けの実施に関する事実の公表後２週間における南部化成の最も高い株価は、平成２１年３月１２日の１，１５９円であることから、課徴金の額は下記の金額となる。 課徴金納付命令対象者 （１，１５９円×１５，９００株）－買付価額７，１５５，６００円（注）＝１１，２７２，５００円 ⇒課徴金の額は１万円未満を切り捨てるため、 １，１２７万円 （注）買付価額は、 ┌ │ │ │ │ │ │ │ │ │ │ │ │ │ │ │ │ │ │ │ │ │ └ 425円×200株 426円×100株 ┐ │ │ │ │ │ │ │ │ │ │ │ │ │ │ │ │ │ │ │ │ │ ┘ の合計額である。 430円×400株 431円×400株 435円×200株 436円×400株 440円×700株 442円×200株 443円×200株 444円×300株 445円×1,200株 449円×300株 450円×4,800株 451円×700株 452円×400株 453円×300株 454円×800株 455円×1,600株 456円×200株 457円×200株 458円×100株 459円×300株 460円×1,000株 470円×700株 483円×200株 課徴金納付命令対象者 （１，１５９円×２００株）－買付価額８９，６００円（注）＝１４２，２００円 ⇒課徴金の額は１万円未満を切り捨てるため、 １４万円 （注）買付価額は、 446円×100株、450円×100株 の合計額である。 課徴金納付命令対象者 （１，１５９円×１，２００株）－買付価額３７２，０００円（３１０円×１，２００株）＝１，０１８，８００円 ⇒課徴金の額は１万円未満を切り捨てるため、 １０１万円 課徴金納付命令対象者 （１，１５９円×１，０００株）－買付価額３０９，０００円（３０９円×１，０００株）＝ ８５０，０００円"
2010-03-26,株式会社,1301,株式会社フェヴリナ監査役による内部者取引に対する課徴金納付命令の勧告について（平成22年3月26日）,https://www.fsa.go.jp/sesc/news/c_2010/2010/20100326.html,"平成２２年３月２６日 証券取引等監視委員会 株式会社フェヴリナ監査役による内部者取引に対する課徴金納付命令の勧告について １．勧告の内容 証券取引等監視委員会は、株式会社フェヴリナ監査役による内部者取引について検査した結果、下記のとおり法令違反の事実が認められたので、本日、内閣総理大臣及び金融庁長官に対して、金融庁設置法第２０条第１項の規定に基づき、課徴金納付命令を発出するよう勧告を行った。 ２．法令違反の事実関係 課徴金納付命令対象者は、株式会社フェヴリナの監査役であったが、同社が平成２１年３月期の業績予想を上方修正する事実をその職務に関し知り、この事実が公表された平成２１年３月１２日より前の同月９日及び同月１０日に、株式会社フェヴリナの株式合計１５０株を、自己の計算において買付価額４２万１，２５５円で買い付けた。 課徴金納付命令対象者が行った上記の行為は、金融商品取引法第１７５条第１項に規定する「第１６６条第１項又は第３項の規定に違反して、同条第１項に規定する売買等をした」行為に該当すると認められる。 ３．課徴金の額の計算 上記の違法行為に対し金融商品取引法に基づき納付を命じられる課徴金の額は、１５万円である。 計算方法の詳細については、別紙のとおり。 （別紙） ○　課徴金の額の計算方法について 金融商品取引法第１７５条第１項に基づき、課徴金の額は、 （重要事実が公表された後２週間における最も高い価格）×（買付株数）－（買付価格）×（買付株数） となる。 したがって、重要事実の公表後２週間における株式会社フェヴリナの最も高い株価は、平成２１年３月１７日の３，８２０円であることから、課徴金の額は下記の金額となる。 （３，８２０円×１５０株）－買付価額４２１，２５５円（注）＝１５１，７４５円 ⇒課徴金の額は１万円未満を切り捨てるため、 １５万円 （注）買付価額は、 ┌ │ │ │ │ └ 2,795円×1株 2,800円×29株 ┐ │ │ │ │ ┘ の合計額である。 2,805円×30株 2,810円×48株 2,815円×42株"
2010-03-12,モジュレ株式会社,,モジュレ株式会社に係る有価証券報告書等の虚偽記載に係る課徴金納付命令勧告について（平成22年3月12日）,https://www.fsa.go.jp/sesc/news/c_2010/2010/20100312.html,"平成２２年３月１２日 証券取引等監視委員会 モジュレ株式会社に係る有価証券報告書等の虚偽記載に係る課徴金納付命令勧告について １．勧告の内容 証券取引等監視委員会は、モジュレ株式会社に係る有価証券報告書等の虚偽記載について検査した結果、下記のとおり法令違反の事実が認められたので、本日、内閣総理大臣及び金融庁長官に対して、金融庁設置法第２０条第１項の規定に基づき、課徴金納付命令を発出するよう勧告を行った。 ２．法令違反の事実関係 モジュレ株式会社は、関東財務局長に対し、下表のとおり、平成２０年法律第６５号による改正前の金融商品取引法（以下「旧金融商品取引法」という。）第１７２条の２第１項及び第２項並びに金融商品取引法第１７２条の４第２項に規定する「重要な事項につき虚偽の記載がある」有価証券報告書等を提出したものである。 番 号 有価証券報告書等 虚偽記載 提出日 書類 会計期間 財務計算に 関する書類 内容（注） 事由 １ 平成20年 8月28日 第9期事業年度会計期間に係る有価証券報告書（平成20年5月期有価証券報告書） 平成19年6月1日～平成20年5月31日の会計期間 損益計算書 経常損益が46百万円であるところを102百万円と記載 当期純損益が1百万円であるところを61百万円と記載 貸倒引当金の過少計上等 ２ 平成20年 10月14日 第10期事業年度第1四半期会計期間に係る四半期報告書（平成20年8月第1四半期四半期報告書） 平成20年6月1日～平成20年8月31日の第1四半期累計期間 四半期 損益計算書 経常損益が▲144百万円であるところを▲26百万円と記載 四半期純損益が▲144百万円であるところを▲16百万円と記載 貸倒引当金の過少計上等 平成20年6月1日～平成20年8月31日の第1四半期会計期間 四半期 貸借対照表 純資産額が417百万円であるところを606百万円と記載 ３ 平成21年 1月14日 第10期事業年度第2四半期会計期間に係る四半期報告書（平成20年11月第2四半期四半期報告書） 平成20年6月1日～平成20年11月30日の第2四半期累計期間 四半期 損益計算書 経常損益が▲215百万円であるところを▲96百万円と記載 四半期純損益が▲261百万円であるところを▲144百万円と記載 貸倒引当金の過少計上等 平成20年9月1日～平成20年11月30日の第2四半期会計期間 四半期 貸借対照表 純資産額が295百万円であるところを473百万円と記載 ４ 平成21年 4月14日 第10期事業年度第3四半期会計期間に係る四半期報告書（平成21年2月第3四半期四半期報告書） 平成20年6月1日～平成21年2月28日の第3四半期累計期間 四半期 損益計算書 経常損益が▲271百万円であるところを▲166百万円と記載 四半期純損益が▲440百万円であるところを▲337百万円と記載 貸倒引当金の過少計上等 平成20年12月1日～平成21年2月28日の第3四半期会計期間 四半期 貸借対照表 純資産額が119百万円であるところを281百万円と記載 ５ 平成21年 8月27日 第10期事業年度会計期間に係る有価証券報告書（平成21年5月期有価証券報告書） 平成20年6月1日～平成21年5月31日の会計期間 損益計算書 経常損益が▲241百万円であるところを▲145百万円と記載 当期純損益が▲459百万円であるところを▲366百万円と記載 貸倒引当金の過少計上等 貸借対照表 純資産額が99百万円であるところを253百万円と記載 ６ 平成21年 10月14日 第11期事業年度第1四半期会計期間に係る四半期報告書（平成21年8月第1四半期四半期報告書） 平成21年6月1日～平成21年8月31日の第1四半期会計期間 四半期 貸借対照表 純資産額が118百万円であるところを262百万円と記載 貸倒引当金の過少計上等 （注）金額は百万円未満切捨てである。また、▲は損失であることを示している。 ３．課徴金の額の計算 上記の違法行為に対し旧金融商品取引法及び金融商品取引法に基づき納付を命じられる課徴金の額は、９００万円である。 (1) 旧金融商品取引法第１７２条の２第１項の規定により、平成２０年５月期有価証券報告書に係る課徴金の額は、 当該法人が発行する算定基準有価証券の市場価額の総額に１０万分の３を乗じて得た額（30,305円） が 3,000,000円 を超えないことから、3,000,000円となる。 (2)　旧金融商品取引法第１７２条の２第１項及び第２項の規定により、平成２０年８月第１四半期四半期報告書、平成２０年１１月第２四半期四半期報告書、平成２１年２月第３四半期四半期報告書及び平成２１年５月期有価証券報告書に係る課徴金の額について、個別決定ごとの算出額は、 当該法人が発行する算定基準有価証券の市場価額の総額に１０万分の３を乗じて得た額（11,368円） が 3,000,000円 を超えないことから、 平成２０年８月第１四半期四半期報告書については、1,500,000円 平成２０年１１月第２四半期四半期報告書については、1,500,000円 平成２１年２月第３四半期四半期報告書については、1,500,000円 平成２１年５月期有価証券報告書については、3,000,000円 となる。 ここで、これらの書類が同一の事業年度に係るものであることから、金融商品取引法第１８５条の７第６項の規定により、下記のとおり３００万円を個別決定ごとの算出額に基づき按分した金額が課徴金の額となる。 平成２０年８月第１四半期四半期報告書に係る課徴金の額は600,000円 平成２０年１１月第２四半期四半期報告書に係る課徴金の額は600,000円 平成２１年２月第３四半期四半期報告書に係る課徴金の額は600,000円 平成２１年５月期有価証券報告書に係る課徴金の額は1,200,000円 (3)　金融商品取引法第１７２条の４第２項の規定により、平成２１年８月第１四半期四半期報告書に係る課徴金の額は、 当該法人が発行する算定基準有価証券の市場価額の総額に１０万分の６を乗じて得た額（13,398円） が 6,000,000円 を超えないことから、6,000,000円の２分の１に相当する額である3,000,000円となる。"
2010-02-26,株式会社モーゲージ・サポート,,株式会社モーゲージ・サポートに対する検査結果に基づく勧告について（平成22年2月26日）,https://www.fsa.go.jp/sesc/news/c_2010/2010/20100226-2.html,平成２２年２月２６日 証券取引等監視委員会 株式会社モーゲージ・サポートに対する検査結果に基づく勧告について １．勧告の内容 関東財務局長が株式会社モーゲージ・サポート（東京都新宿区、資本金１０百万円、役職員９名、投資助言・代理業登録）を検査した結果、下記のとおり、当該金融商品取引業者に係る法令違反の事実が認められたので、本日、内閣総理大臣及び金融庁長官に対して、金融庁設置法第２０条第１項の規定に基づき、行政処分を行うよう勧告した。 ２．事実関係 (1) 投資事業組合への出資の勧誘等 株式会社モーゲージ・サポート（以下「当社」という。）は、第二種金融商品取引業への変更登録を受けることなく、平成２１年１１月９日から現在に至るまでの間、延べ５６名の投資者に対し、２種類の集団投資スキーム（以下「当該２ファンド」という。）への出資勧誘を行っており、合計１４名の投資者（１６件）から、４５百万円が当該２ファンドへ出資された。 当社が行った上記の行為は、金融商品取引法第２８条第２項に掲げる「第二種金融商品取引業」に該当し、同法第３１条第４項に基づく変更登録を受けることなく当該業務を行うことは、同法第２９条に違反するものと認められる。 (2) 報告徴取命令に対する虚偽報告 平成２１年１２月２５日付で、関東財務局長が金融商品取引法第５６条の２第１項に基づき行った当社に対する報告徴取命令において、当社は、上記１．の業務の状況を隠蔽する目的で、当該２ファンドの申込者の数及び申込金額について過小な数値とするほか、自らが行っている１．の業務について、第二種金融商品取引業に該当することを認識していながら、投資助言業務の範囲内であると認識しているなどの虚偽の報告を行った。 当社が行った上記の行為は、金融商品取引法第５６条の２第１項に基づく報告徴取命令に対して虚偽の報告を行ったものであり、かかる当社の行為は、同法第５２条第１項第６号に該当するものと認められる。
2010-03-05,株式会社北海道ファイナンシャルプランナーズ,,株式会社北海道ファイナンシャルプランナーズに対する検査結果に基づく勧告について（平成22年3月5日）,https://www.fsa.go.jp/sesc/news/c_2010/2010/20100305-2.html,平成２２年３月５日 証券取引等監視委員会 株式会社北海道ファイナンシャルプランナーズに対する検査結果に基づく勧告について １．勧告の内容 北海道財務局長が、株式会社北海道ファイナンシャルプランナーズ（北海道札幌市、資本金１，０００万円、常勤役職員３名。）を検査した結果、下記のとおり、当該金融商品仲介業者及び当該金融商品仲介業者の役員に係る法令違反の事実が認められたので、本日、証券取引等監視委員会は、内閣総理大臣及び金融庁長官に対して、金融庁設置法第２０条第１項の規定に基づき、行政処分及びその他の適切な措置を講ずるよう勧告した。 ２．事実関係 ○　金融商品仲介業者に係る制限を逸脱する行為 株式会社北海道ファイナンシャルプランナーズ（以下「当社」という。）は、金融商品仲介業者であるところ、当社代表取締役社長は、当社の金融商品仲介業務の顧客（当社が仲介業務として金融商品の媒介等を行った顧客。以下「仲介顧客」という。）との間で、会員契約を締結し、仲介顧客から会費を徴収する一方、仲介顧客の金融資産のポートフォリオの分析・構築等といった業務を提供しているが、当社の行っている当該業務は、具体的な金融商品の銘柄や数量、購入時期等を提案する等となっており、実態としては投資助言行為を行っている状況であると認められた。また、当社は上記投資助言行為を行った仲介顧客に対し、所属金融商品取引業者からの委託を受けることなく、私募ファンド等の商品内容の説明や取得の提案を行うなど、私募の取扱いを行っている状況も認められた。 当該金融商品仲介業者及び当該金融商品仲介業者の役員が行った上記の行為は、金融商品取引法第６６条の１２に規定する「金融商品仲介業者に係る制限」に違反するものと認められる。また、当該金融商品仲介業者及び当該金融商品仲介業者の役員は、上記記載の行為を業として行っているといえ、同法第２９条に規定する「金融商品取引業は内閣総理大臣の登録を受けた者でなければ、行うことができない。」に違反するものと認められる。
2010-03-05,株式会社日本エル・シー・エー,,株式会社日本エル・シー・エー役員からの情報受領者による内部者取引に対する課徴金納付命令の勧告について（平成22年3月5日）,https://www.fsa.go.jp/sesc/news/c_2010/2010/20100305-1.html,"平成２２年３月５日 証券取引等監視委員会 株式会社日本エル・シー・エー役員からの情報受領者による内部者取引に対する課徴金納付命令の勧告について １．勧告の内容 証券取引等監視委員会は、株式会社日本エル・シー・エー役員からの情報受領者による内部者取引について検査した結果、下記のとおり法令違反の事実が認められたので、本日、内閣総理大臣及び金融庁長官に対して、金融庁設置法第２０条第１項の規定に基づき、課徴金納付命令を発出するよう勧告を行った。 ２．法令違反の事実関係 課徴金納付命令対象者は、株式会社日本エル・シー・エー（現株式会社エル・シー・エーホールディングス）の役員から、同人がその職務に関し知った、同社が株式及び新株予約権の発行を行うことを決定した事実の伝達を受け、この事実が公表された平成２１年４月２８日午後７時３０分より前の同月２７日に、株式会社日本エル・シー・エーの株式合計６万４，３００株を、自己の計算において買付価額２０５万３，３００円で買い付け、また、この事実が公表された平成２１年４月２８日午後７時３０分より前の同日に、同社の株式合計６万４，３００株を、自己の計算において売付価額２２７万６，３００円で売り付けたものである。 課徴金納付命令対象者が行った上記の行為は、金融商品取引法第１７５条第１項に規定する「第１６６条第１項又は第３項の規定に違反して、同条第１項に規定する売買等をした」行為に該当すると認められる。 ３．課徴金の額の計算 上記の違法行為に対し、金融商品取引法に基づき納付を命じられる課徴金額は、９８万円である。 計算方法の詳細については、別紙のとおり。 （別紙） ○　課徴金の額の計算方法について 金融商品取引法第１７５条第１項に基づき、課徴金の額は、 （重要事実が公表された後２週間における最も高い価格）×（買付株数）－（買付価格）×（買付株数） 及び （売付価格）×（売付株数）－（重要事実が公表された後２週間における最も低い価格）×（売付株数） となる。 したがって、重要事実の公表後２週間における株式会社日本エル・シー・エーの最も高い株価は、平成２１年４月３０日の４０円、重要事実の公表後２週間における同社の最も低い株価は、同年５月７日、同月８日、同月１１日及び同月１２日の２８円であることから、課徴金の額は下記の金額となる。 （４０円×６４，３００株）－買付価額２，０５３，３００円（注１）＝５１８，７００円 ⇒課徴金の額は１万円未満を切り捨てるため、 ５１万円 売付価額２，２７６，３００円（注２）－（２８円×６４，３００株）＝４７５，９００円 ⇒課徴金の額は１万円未満を切り捨てるため、 ４７万円 （注１）買付価額は、　31円×34,300株　33円×30,000株　の合計額である。 （注２）売付価額は、　35円×60,000株　41円×4,300株　の合計額である。"
2010-02-26,株式会社スズケン株式,,株式会社スズケン株式に係る相場操縦に対する課徴金納付命令の勧告について（平成22年2月26日）,https://www.fsa.go.jp/sesc/news/c_2010/2010/20100226-1.html,"平成２２年２月２６日 証券取引等監視委員会 株式会社スズケン株式に係る相場操縦に対する課徴金納付命令の勧告について １．勧告の内容 証券取引等監視委員会は、株式会社スズケン株式に係る相場操縦について検査した結果、下記のとおり法令違反の事実が認められたので、本日、内閣総理大臣及び金融庁長官に対して、金融庁設置法第２０条第１項の規定に基づき、課徴金納付命令を発出するよう勧告を行った。 ２．法令違反の事実関係 課徴金納付命令対象者は、株式会社スズケンの株式につき、同株式の売買を誘引する目的をもって、 別表 （PDF/53KB） に掲げる取引年月日の行為時間に、直前約定値よりも上値で約定させる意思のない売り注文を発注し、売り板を厚く見せることで他の投資家の現値よりも低い価格での売り注文を誘引し、株価を下落させたところで同株式を買い付け、その後、直前約定値よりも下値で約定させる意思のない買い注文を発注し、買い板を厚く見せることで他の投資家の現値よりも高い価格での買い注文を誘引し、株価を上昇させたところで同株式を売り付けるなどの方法により、同表の「売買の委託状況」欄及び「売買状況」欄に掲げる株数の同株式の買付け及び売付けの委託並びに同株式の買付け及び売付けを行い、同表の「株価の変動操作状況」欄に掲げる状況のとおり同株式の株価を変動させ、２８回にわたり、同株式の相場を変動させるべき一連の売買及び委託をしたものである。 同人が行った上記の行為は、金融商品取引法第１７４条の２第１項に規定する「第１５９条第２項第１号の規定に違反する一連の有価証券売買等」及び「その委託等」の違反行為に該当すると認められる。 ３．課徴金の額の計算 上記の違法行為に対し金融商品取引法に基づき納付を命じられる課徴金の額は、１５９万円である。 各違反行為に係る課徴金の額は 別表 （PDF/53KB） 「課徴金の額」の欄のとおりであり、その計算方法については別紙のとおり。 （別紙） ○　課徴金の額の計算方法について 金融商品取引法第１７４条の２第１項に基づき、課徴金の額は、 (1)　売買対当数量（注１）に係るものについて、 （有価証券の売付け等の価額（注２））－（有価証券の買付け等の価額） と、 (2)　当該違反行為に係る有価証券の売付け等の数量が買付け等の数量を超える場合の、当該超える数量に係るものについて、 （有価証券の売付け等の価額（注３））－（当該違反行為が終了してから１月を経過するまでの間の各日における当該有価証券の最低価格×当該超える数量） または 当該違反行為に係る有価証券の買付け等の数量が売付け等の数量を超える場合の、当該超える数量に係るものについて、 （当該違反行為が終了してから１月を経過するまでの間の各日における当該有価証券の最高価格×当該超える数量）－（有価証券の買付け等の価額） との合計額として計算される。 (注１) 売買対当数量：当該違反行為に係る有価証券の売付け等の数量と買付け等の数量のうち、いずれか少ない数量をいう。 また、当該違反行為に係る有価証券の売付け等の数量は、実際の売付け等の数量に、金融商品取引法第174条の2第7項により、違反行為開始時にその時の価格で売付け等をしたものとみなされる当該違反行為の開始時に当該有価証券を有しないで売付けをした数量を加えることとなり、当該違反行為に係る有価証券の買付け等の数量は、実際の買付け等の数量に、同条第8項により、違反行為開始時にその時の価格で買付け等をしたものとみなされる当該違反行為の開始時に所有している当該有価証券の数量を加えることとなる。 そのため、 別表備考欄に掲げる※１の違反行為に係る有価証券の売付け等の数量は、実際の売付け等の数量（3,600株）に、違反行為開始時にその時の価格で売付け等をしたものとみなされる当該違反行為の開始時に当該有価証券を有しないで売付けをした数量（7,200株）を加えた10,800株となり、 別表備考欄に掲げる※２の違反行為に係る有価証券の売付け等の数量は、実際の売付け等の数量（3,000株）に、違反行為開始時にその時の価格で売付け等をしたものとみなされる当該違反行為の開始時に当該有価証券を有しないで売付けをした数量（100株）を加えた3,100株、当該違反行為に係る有価証券の買付け等の数量は、実際の買付け等の数量（3,000株）に、違反行為開始時にその時の価格で買付け等をしたものとみなされる当該違反行為の開始時に所有している当該有価証券の数量（100株）を加えた3,100株となる。 (注２）売買対当数量に係る売付け等の価額の算定においては、金融商品取引法施行令第33条の14第5項の規定により、当該違反行為に係る有価証券の売付け等のうち最も早い時期に行われたものから順次当該売買対当数量に達するまで割り当てることとなる。 そのため、別表備考欄に掲げる※１の違反行為においては、当該違反行為の開始時に当該有価証券を有しないで売付けを行っており、同法第174条の2第7項の規定により、違反行為開始時にその時の価格で売付け等をしたものとみなされるもの（みなし売付け）から順次割り当てている。 (注３）当該違反行為に係る有価証券の売付け等の数量が買付け等の数量を超える場合の、当該超える数量に係る有価証券の売付け等の価額の算定においては、同法施行令第33条の14第6項の規定により、当該違反行為に係る有価証券の売付け等のうち売買対当数量に係る売付け等に割り当てられなかったものを割り当てることとなる。 課徴金算定概念図"
2010-02-19,株式会社ヤマノホールディングス役員及び関係法人２社による内部者取引,,株式会社ヤマノホールディングス役員及び関係法人２社による内部者取引に対する課徴金納付命令の勧告について（平成22年2月19日）,https://www.fsa.go.jp/sesc/news/c_2010/2010/20100219.html,"平成２２年２月１９日 証券取引等監視委員会 株式会社ヤマノホールディングス役員及び関係法人２社による内部者取引に対する課徴金納付命令の勧告について １．勧告の内容 証券取引等監視委員会は、株式会社ヤマノホールディングス役員及び関係法人２社による内部者取引について検査した結果、下記のとおり法令違反の事実が認められたので、本日、内閣総理大臣及び金融庁長官に対して、金融庁設置法第２０条第１項の規定に基づき、課徴金納付命令を発出するよう勧告を行った。 ２．法令違反の事実関係 (1) 課徴金納付命令対象者 は、株式会社ヤマノホールディングス（以下「ヤマノホールディングス」という。）の役員であったが、同社の子会社である堀田丸正株式会社が、ヤマノホールディングスの孫会社の異動を伴う株式の譲渡を行うことを決定した事実（以下「本件重要事実」という。）をその職務に関し知り、この事実が公表された平成２０年１０月２９日より前の同月１０日から同月１６日までの間に、自己の計算において、ヤマノホールディングスの株券合計３万２，９００株を買付価額１６２万３，５００円で買い付けたものである。 同人が行った上記の行為は、金融商品取引法（平成２０年法律第６５号による改正前のもの。以下「旧金融商品取引法」という。）第１７５条第１項に規定する「第１６６条第１項又は第３項の規定に違反して、自己の計算において同条第１項に規定する売買等をした」行為に該当すると認められる。 (2) 株式会社ヤマノネットワーク（以下「ヤマノネットワーク」という。）は、課徴金納付命令対象者 から、同人がその職務に関して知った本件重要事実の伝達を受け、この事実が公表された平成２０年１０月２９日より前の同月２３日から同月２９日までの間に、ヤマノネットワークの計算において、ヤマノホールディングスの株券合計２万１，３００株を買付価額１３４万５，５００円で買い付けたものである。 同社が行った上記の行為は、旧金融商品取引法第１７５条第１項に規定する「第１６６条第１項又は第３項の規定に違反して、自己の計算において同条第１項に規定する売買等をした」行為に該当すると認められる。 (3) 株式会社ヤマノビューティケミカル（以下「ヤマノビューティケミカル」という。）は、課徴金納付命令対象者 から、同人がその職務に関して知った本件重要事実の伝達を受け、この事実が公表された平成２０年１０月２９日より前の同月７日から同月９日までの間に、ヤマノビューティケミカルの計算において、ヤマノホールディングスの株券合計２万８，０００株を買付価額１３７万１，４００円で買い付けたものである。 同社が行った上記の行為は、旧金融商品取引法第１７５条第１項に規定する「第１６６条第１項又は第３項の規定に違反して、自己の計算において同条第１項に規定する売買等をした」行為に該当すると認められる。 ３．課徴金の額の計算 上記の違法行為に対し、金融商品取引法に基づき納付を命じられる課徴金額は下記のとおり。 課徴金納付命令対象者 ９０万円 ヤマノネットワーク　　　　　２９万円 ヤマノビューティケミカル　　７８万円 計算方法の詳細については、別紙のとおり。 （別紙） ○　課徴金の額の計算方法について 旧金融商品取引法第１７５条第１項に基づき、課徴金の額は、 （重要事実が公表された翌日の終値等）×（買付株数）－（買付価格）×（買付株数） となる。 したがって、重要事実の公表翌日の平成２０年１０月３０日の同社の株価の終値は、７７円であることから、課徴金の額は下記の金額となる。 課徴金納付命令対象者 （７７円×３２，９００株）－買付価額１，６２３，５００円（注）＝９０９，８００円 ⇒課徴金の額は１万円未満を切り捨てるため、 ９０万円 （注）買付価額は、 ┌ │ │ └ 39円×5,000株 40円×10,000株 ┐ │ │ ┘ の合計額である。 55円×9,100株 60円×8,800株 ヤマノネットワーク （７７円×２１，３００株）－買付価額１，３４５，５００円（注）＝２９４，６００円 ⇒課徴金の額は１万円未満を切り捨てるため、 ２９万円 （注）買付価額は、 60円×7,800株　65円×13,500株　の合計額である。 ヤマノビューティケミカル （７７円×２８，０００株）－買付価額１，３７１，４００円（注）＝７８４，６００円 ⇒課徴金の額は１万円未満を切り捨てるため、 ７８万円 （注）買付価額は、 ┌ │ │ │ │ │ │ └ 41円×2,100株 42円×400株 ┐ │ │ │ │ │ │ ┘ の合計額である。 43円×500株 45円×100株 47円×1,700株 48円×1,200株 50円×17,000株 51円×5,000株"
2010-01-29,株式会社Art Investment Bank,,株式会社Art Investment Bankに対する検査結果に基づく勧告について（平成22年1月29日）,https://www.fsa.go.jp/sesc/news/c_2010/2010/20100129-2.html,平成２２年１月２９日 証券取引等監視委員会 株式会社Art　Investment　Bankに対する検査結果に基づく勧告について １．勧告の内容 証券取引等監視委員会が、株式会社Art　Investment　Bank（東京都中央区、資本金３，０００万円、役職員６名）を検査した結果、下記のとおり、当該金融商品取引業者に係る不正又は著しく不当な行為等の事実が認められたので、本日、証券取引等監視委員会は、内閣総理大臣及び金融庁長官に対して、金融庁設置法第２０条第１項の規定に基づき、行政処分を行うよう勧告した。 ２．事実関係 (1)　集団投資スキーム持分の私募の取扱いにおいて公益及び投資者保護上著しく不当な行為が認められる状況 株式会社Art　Investment　Bank（以下「当社」という。）は、Ａ社を営業者として、ＡＩＢアート１号有限責任事業組合（以下「１号組合」という。）に対する出資を出資対象事業とする匿名組合契約（以下「１号ファンド」という。）持分の私募の取扱いを行っていた。また、今回検査基準日現在（平成２１年１０月２１日）では、ＡＩＢアート２号有限責任事業組合（以下「２号組合」といい、１号組合と併せて「当組合」という。）に対する出資を出資対象事業とする匿名組合契約（以下「２号ファンド」といい、１号ファンドと併せて「当ファンド」という。）持分の私募の取扱いを行っている。 さらに、当社は、Ａ社との有限責任事業組合契約に基づき、当組合の組合員として、Ａ社から当組合に出資された資金を基に美術品の売買等に係る業務を執行している。 今回検査において、当ファンド持分に係る当社の私募の取扱い業務について検証したところ、以下の事実が認められた。 当社が私募の取扱いを行っている匿名組合の出資対象事業である１号組合が、絵画の購入を委託していた業者に対して、５作品（以下「本各作品」という。）に係る売買代金全額の支払いを行っていたにもかかわらず、当該業者がオークションハウス及び海外の業者に売買代金全額を支払っていない状況にあり、１号組合は、本各作品の所有権を取得していないことが判明した。 当社は、本各作品が以上のような状況にあるにもかかわらず、売買代金支払い後も、本各作品の保管等に関する証明等を確認するなど、本各作品に係る売買契約の履行状況及び所有権の取得状況を把握しておらず、今回検査着手後の平成２１年１１月４日に至るまで、本各作品につき１号組合が所有権を取得していない事実を看過していた。 また、当社は、１号組合が上記のような状況にあるにもかかわらず、１号組合に対する出資を投資対象事業とする１号ファンド持分について、平成２１年６月３０日まで私募の取扱いを行っており、今回検査で指摘を受けて、上記のような状況を認識した後も、１号組合と同様のスキームで運用される２号組合に対する出資を出資対象事業とする２号ファンド持分について、同年１１月４日から現在に至るまで私募の取扱いを中止するといった対応等を何ら採っていない状況にある。 当社では、１号組合が上記のような状況にあることに加え、１号ファンドの決算日が毎年３月３１日であるところ、決算日から半年以上経過した時点においても、決算報告書の作成すら行われていないことを認識しながら、記載に不備のある契約関係書類に基づき、私募の取扱いを行っている状況が認められた。 当社が行った上記 の行為は、本各作品に係る売買契約の履行状況及び所有権の取得状況を把握していない状況を重大な過失によって看過しているものであり、また、当該状況を認識した後においても必要な改善措置を講じているとは認められないなど、当組合の組合員としての善管注意義務を果たしていない状況下において、当組合に対する出資を出資対象事業とする当ファンド持分に係る私募の取扱いを行っているものであること、上記 の行為は、当ファンドに係る決算報告がなされていない状況において、当該状況を認識しながら記載に不備のある契約締結前交付書面及びパンフレットにより私募の取扱いを行っていたものであることからすると、当社の状況は、金融商品取引法第５２条第１項第９号が定める「金融商品取引業に関し、不正又は著しく不当な行為をした場合において、その情状が特に重いとき」に該当するものと認められる。 (2)　集団投資スキーム持分の私募の取扱いにおいて公益及び投資者保護上問題が認められる状況 当ファンド持分に係る当社の私募の取扱い業務について検証したところ、当社は、金融商品取引業の無登録業者（以下「本件無登録業者」という。）が金融商品取引業の登録を受けていないことを知りつつ、本件無登録業者が、顧客に対し、投資の意思決定を行わせる勧誘行為と認められる行為をしていた事実を認容し、勧誘行為を行わせている事実が認められた。 このような当社の状況は、金融商品取引法第５１条の規定による業務の運営の状況の改善に必要な措置をとるべきことを命ずることができる場合の要件となる「業務の運営の状況に関し、公益又は投資者保護のため必要かつ適当であると認めるとき」に該当すると認められる。
2010-02-05,株式会社ＳＢＩ証券,,株式会社ＳＢＩ証券に対する検査結果に基づく勧告について（平成22年2月5日）,https://www.fsa.go.jp/sesc/news/c_2010/2010/20100205.html,平成２２年２月５日 証券取引等監視委員会 株式会社ＳＢＩ証券に対する検査結果に基づく勧告について １．勧告の内容 証券取引等監視委員会は、株式会社ＳＢＩ証券（東京都港区、資本金４７９億円、役職員 ５０７名）を検査した結果、下記のとおり、当該金融商品取引業者に係る法令違反の事実が認められたので、本日、内閣総理大臣及び金融庁長官に対して、金融庁設置法第２０条第１項の規定に基づき、行政処分を行うよう勧告した。 ２．事実関係 ○　金融商品取引業に係る電子情報処理組織の管理が十分でないと認められる状況 株式会社ＳＢＩ証券（以下「当社」という。）は、システムリスク管理を社内規程に基づき実施しているが、今回検査において、当社におけるシステムリスク管理態勢について検証したところ、下記のとおり、発生したシステム障害の４分の３以上の事案がリスク管理の対象から漏れており、システムリスク管理そのものが実質的に機能していないに等しい状況が認められた。また、当社がリスク管理の対象としていた事案においても、その実施状況に不備が認められたほか、社内規程等の整備状況にも不備が認められた。 これは、当社経営陣が、システムリスク管理を担当者や外部委託先任せとし、業務の実態把握を行っておらず、また、当社役職員においても、システムリスクについて社内全体で取り組むべき課題とする認識が不足していることに起因するものである。 (1) 多数のシステム障害がシステムリスク管理の対象から漏れている状況 当社は、社内規程「システム運用管理基準」（以下「管理基準」という。）の運用を開始した平成２０年４月頃から検査基準日までの間、１８８件のシステム障害について、管理基準に基づくリスク管理を行っていた。 しかしながら、当社におけるシステム障害の発生状況を検証したところ、上記期間内に上記以外のシステム障害が少なくとも５９２件発生しており、リスク管理の対象から漏れている状況が認められた。また、５９２件のシステム障害については、管理基準で定められた記録や報告が行われていないため、関連部署及び経営陣が障害発生の事実を認識していない状況が認められた。 なお、５９２件のシステム障害の中には、ログイン不可や受発注停止といった顧客取引に影響を及ぼす障害が３３件認められた。 (2) 安全対策に係る整備が不十分な状況 当社がリスク管理の対象としていた上記(1)のシステム障害１８８件について、その実施状況等を検証したところ、以下のとおり、システムの開発・運用業務の品質維持などの安全対策に不備が認められた。 システム障害に係る記録や報告書の様式に不備があり、各事案毎の障害原因の特定や分析結果に応じた対策の実施状況等が不明確となっている。また、これらを定期的に集計・分析し、再発防止策を講じるといった対応も実施されていない。 障害発生から対応完了までの継続管理や未解決障害の消込み管理などが行われておらず、長期間未解決の障害がある。また、障害の再発防止に向けた対策が不十分なため、同一事象のシステム障害が発生している。 (3) システム監査等により指摘を受けた事項に係る改善状況等の不備 当社においては、外部監査機関に委託して実施したシステム監査で指摘を受けた事項について、長期間改善が図られていないものが認められたほか、改善が不十分な結果、リスク管理漏れによる障害や障害管理の不備などが恒常的に発生している状況が認められた。 また、当社監査部が実施した監査等において、管理基準に沿った業務運営が行われているかの検証が行われておらず、システム監査の実効性が確保されていない状況が認められた。 (4) システムリスク管理に係る規程等の不備 当社においては、システムリスク管理に係る基本方針の策定や管理すべきリスクの所在と種類の特定がなされていないなど、システムリスク管理に係る規程等の整備状況に不備が認められた。 (5) 顧客取引に多大な影響を及ぼすシステム障害の発生 当社においては、当社が重要障害と位置付けているログイン不可や受発注停止といった顧客取引に多大な影響を及ぼすシステム障害が発生しており、また、これらの中にはシステムリスク管理の対象から漏れ、顧客への影響について十分には実態把握していない事案も認められるなど、投資者保護上、問題のある状況が認められた。 当社における上記の業務の運営の状況は、金融商品取引法第４０条第２号に基づく金融商品取引業等に関する内閣府令第１２３条第１項第１４号に規定する「金融商品取引業等に係る電子情報処理組織の管理が十分でないと認められる状況」に該当するものと認められる。
2010-02-02,株式会社タウンニュース社社員による相場操縦,,株式会社タウンニュース社社員による相場操縦に対する課徴金納付命令の勧告について（平成22年2月2日）,https://www.fsa.go.jp/sesc/news/c_2010/2010/20100202.html,"平成２２年２月２日 証券取引等監視委員会 株式会社タウンニュース社社員による相場操縦に対する課徴金納付命令の勧告について １．勧告の内容 証券取引等監視委員会は、株式会社タウンニュース社社員による相場操縦について検査した結果、下記のとおり法令違反の事実が認められたので、本日、内閣総理大臣及び金融庁長官に対して、金融庁設置法第２０条第１項の規定に基づき、課徴金納付命令を発出するよう勧告を行った。 ２．法令違反の事実関係 課徴金納付命令対象者は、株式会社タウンニュース社の社員であったが、同社の株券につき、その株価の高値形成を図り、同株券の売買を誘引する目的をもって、平成２０年１１月６日から同月１４日までの間、７取引日にわたり、直前約定値より高値で買い注文と売り注文を同時期に発注して対当させ株価を引き上げる方法や、新値を形成しながら買い上がり買付けを行うなどの方法により、同株券合計９，１００株を買い付ける一方、同株券合計７，８００株を売り付け、同株券の株価を１７２円から２６０円まで高騰させるなどし、同株券の相場を変動させるべき一連の売買をしたものである。 同人が行った上記の行為は、金融商品取引法（平成２０年法律第６５号による改正前のもの。以下「旧金融商品取引法」という。）第１７４条第１項に規定する「自己の計算において第１５９条第２項第１号の規定に違反する取引所金融商品市場における上場金融商品等の相場を変動させるべき一連の有価証券売買等」の違反行為に該当すると認められる。 ３．課徴金の額の計算 上記の違法行為に対し金融商品取引法に基づき納付を命じられる課徴金の額は、２５万円である。 計算方法の詳細については、別紙のとおり。 （別紙） ○　課徴金の額の計算方法について １．旧金融商品取引法第１７４条第１項に基づき、課徴金の額は、 (1) 売買対当数量（注１）に係るものについて、 （有価証券の売付け等の価額）－（有価証券の買付け等の価額） と、 (2) 当該違反行為に係る有価証券の買付け等の数量が売付け等の数量を超える場合には、買付け等対当数量（注２）に係るものについて、 （当該違反行為が終了した日から１月以内に行われた有価証券の売付け等の価額）－（有価証券の買付け等の価額） との合計額として計算される。 (注１) 売買対当数量：当該違反行為に係る有価証券の売付け等の数量と買付け等の数量のうち、いずれか少ない数量をいう。 (注２）買付け等対当数量：当該違反行為に係る有価証券の買付け等の数量が売付け等の数量を超える場合における当該超える数量と、当該違反行為が終了した日から１月以内に行われた当該違反行為に係る売付け等の数量のうち、いずれか少ない数量をいう。 ２．本件における課徴金の額は、下記(1)及び(2)によりそれぞれ算定される額の合計　２５８，８００円。 ⇒課徴金の額は１万円未満を切り捨てるため、 ２５万円 (1) 当該違反行為に係る売買対当数量は、 当該違反行為に係る有価証券の売付け等の数量は8,000株であり、 当該違反行為に係る有価証券の買付け等の数量は、実際の買付数量9,100株に、同条第９項により、違反行為開始時にその時の価格（１８０円）で買付け等をしたものとみなされる当該違反行為の開始時に所有している当該有価証券の数量2,000株を加えた11,100株である ことから、8,000株となる。 当該売買対当数量に係るものについて、 売付け等の価額１，９０７，０００円（注３）－買付け等の価額１，６９２，３００円（注４、５）＝２１４，７００円 （注３）売付け等の価額は、 ┌ │ │ │ │ │ │ │ │ │ │ │ │ │ │ │ │ │ │ │ │ │ └ 185円×100株 190円×100株 ┐ │ │ │ │ │ │ │ │ │ │ │ │ │ │ │ │ │ │ │ │ │ ┘ の合計額である。 191円×100株 194円×200株 197円×300株 198円×100株 199円×100株 210円×100株 215円×100株 216円×100株 220円×300株 224円×200株 229円×100株 230円×100株 235円×100株 236円×1,200株 238円×200株 239円×500株 244円×300株 245円×100株 250円×500株 251円×100株 253円×400株 254円×300株 255円×100株 257円×900株 258円×500株 259円×800株 （注４）買付け等の価額は、 ┌ │ │ │ │ │ │ │ │ │ │ │ │ │ │ │ │ │ │ │ │ │ │ └ 180円×2,200株 185円×100株 ┐ │ │ │ │ │ │ │ │ │ │ │ │ │ │ │ │ │ │ │ │ │ │ ┘ の合計額である。 190円×100株 191円×200株 194円×100株 195円×100株 197円×100株 198円×100株 199円×100株 200円×300株 204円×100株 205円×200株 210円×100株 215円×100株 216円×100株 218円×100株 220円×500株 223円×100株 224円×300株 225円×100株 229円×200株 230円×100株 235円×100株 236円×600株 237円×100株 238円×100株 239円×500株 240円×300株 244円×400株 245円×500株 (注５）買付け等の価額の算定においては、金融商品取引法施行令（平成２０年政令第３６９号による改正前のもの。以下同じ。）第３３条の１４第５項の規定により、当該違反行為に係る有価証券の買付け等のうち最も早い時期に行われたものから順次当該売買対当数量に達するまで割り当てることとなる。 本件においては、違反行為の開始時点において所有しており、旧金融商品取引法第１７４条第９項の規定により、違反行為の開始時点にその時における価格（１８０円）で買い付けたものとみなされるもの（みなし買付け）から、順次割り当てている。 (2) 上記(1)のとおり、当該違反行為に係る有価証券の買付け等の数量が、売付け等の数量を超えることから、当該違反行為に係る買付け等対当数量は、 買付け等の数量が売付け等の数量を超える数量3,100株 （11,100株－8,000株） と、 当該違反行為が終了した日から１月以内に行われた売付け等の数量28,800株 とを比較して少ない数量である、3,100株となる。 当該買付け等対当数量に係るものについて、 違反行為終了日から１月以内の売付け等の価額８１８，１００円（注６、７）－買付け等の価額７７４，０００円（注８）＝４４，１００円 （注６）売付け等の価額は、 ┌ │ │ │ │ │ └ 255円×100株 257円×700株 ┐ │ │ │ │ │ ┘ の合計額である。 259円×1,200株 270円×100株 274円×200株 275円×700株 276円×100株 (注７）売付け等の価額の算定においては、金融商品取引法施行令第３３条の１４第７項の規定により、違反行為が終了した日から１月以内に行われた有価証券の売付け等のうち最も早い時期に行われたものから順次当該買付け等対当数量に達するまで割り当てることとなる。 （注８）買付け等の価額は、 ┌ │ │ │ │ │ │ │ └ 230円×100株 235円×100株 ┐ │ │ │ │ │ │ │ ┘ の合計額である。 239円×100株 240円×100株 245円×600株 250円×600株 251円×100株 253円×100株 254円×200株 255円×800株 257円×200株 260円×100株 課徴金算定概念図"
2010-01-27,,,「信用格付業者検査マニュアル」の策定（案）及び「金融商品取引業者等検査マニュアル」の一部改正（案）の公表について（平成22年1月27日）,https://www.fsa.go.jp/sesc/news/c_2010/2010/20100127.html,平成２２年１月２７日 証券取引等監視委員会 「信用格付業者検査マニュアル」の策定（案）及び「金融商品取引業者等検査マニュアル」の一部改正（案）の公表について 証券取引等監視委員会では、「信用格付業者検査マニュアル」について、 別紙１ のとおり策定（案）を取りまとめるとともに、「金融商品取引業者等検査マニュアル」について、 別紙２ のとおり一部改正（案）を取りまとめましたので、公表いたします。 １．策定及び改正の概要 (1)　信用格付業者に対する検査権限が監視委へ付与されることから、「信用格付業者検査マニュアル」を策定する（「信用格付業者検査マニュアル」については、信用格付業者と金融商品取引業者とでは、業務内容や規制が異なることから、「金融商品取引業者等検査マニュアル」とは別立て（別冊）として策定する。） なお、具体的内容については （別紙１） をご参照ください。 (2)　ＦＸ取引へのロスカット取引の導入、区分管理の金銭信託の一本化の実施、並びに、有価証券店頭デリバティブ取引（ＣＦＤ取引）への分別管理義務の導入等を踏まえ、「金融商品取引業者等検査マニュアル」を一部改正する。 なお、具体的内容については （別紙２） をご参照ください。 ２．実施期日 平成22年４月１日以降（ただし、「金融商品取引業者等検査マニュアル」のうちＦＸ取引に係る内容については、改正の日以降）に実施する検査から活用する。 本件について御意見がありましたら、 平成22年３月１日（月）17時00分（必着） までに、氏名又は名称、住所、所属及び理由を付記の上、郵便、ファックス又はインターネットにより下記にお寄せ下さい。電話による御意見は御遠慮願います。 なお、いただいた御意見につきましては、氏名又は名称を含めて公表させていただく場合があるほか、個別には回答いたしませんので、予め御了承下さい。 （注）「検査マニュアル」 本マニュアルは、証券取引等監視委員会（財務局等を含む。）が「金融商品取引業者等」及び「信用格付業者」に対して検査を実施する際の基本的考え方及び検査の具体的着眼点等（検査対象先の実態を把握する上で有効と考えられる確認項目）を整理したものであり、検査官の「検査の手引書」として用いられるものです。 ご意見の募集は終了しました。ご協力ありがとうございました。 御意見の送付先 証券取引等監視委員会事務局証券検査課 郵便：〒100-8922 東京都千代田区霞が関３－２－１ 中央合同庁舎第７号館 ファックス：03-5251-2137 ホームページ・アドレス： http://www.fsa.go.jp/sesc/ お問い合わせ先 証券取引等監視委員会　Tel　03-3506-6000（代表） 事務局証券検査課（内線： 3032、3007） （別紙１）信用格付業者検査マニュアル策定（案） （PDF/205KB） （別紙２）金融商品取引業者等検査マニュアル一部改正（案）（新旧対照表） （PDF/48KB）
2010-01-29,株式会社ＳＢＲ,,株式会社ＳＢＲに係る有価証券報告書等の虚偽記載に係る課徴金納付命令勧告について（平成22年1月29日）,https://www.fsa.go.jp/sesc/news/c_2010/2010/20100129-1.html,"平成２２年１月２９日 証券取引等監視委員会 株式会社ＳＢＲに係る有価証券報告書等の虚偽記載に係る課徴金納付命令勧告について １．勧告の内容 証券取引等監視委員会は、株式会社ＳＢＲに係る有価証券報告書等の虚偽記載について検査した結果、下記のとおり法令違反の事実が認められたので、本日、内閣総理大臣及び金融庁長官に対して、金融庁設置法第２０条第１項の規定に基づき、課徴金納付命令を発出するよう勧告を行った。 ２．法令違反の事実関係 株式会社ＳＢＲは、関東財務局長に対し、下表の提出日欄に掲げる年月日に、同表の原因欄に掲げる事由により、同表の会計期間欄に掲げる同社の連結会計期間、中間連結会計期間、四半期連結会計期間又は四半期連結累計期間につき、同表の虚偽記載欄に掲げる内容を記載するなどした同表の財務諸表欄に掲げる財務計算に関する書類を掲載した同表の開示書類欄に掲げる有価証券報告書、四半期報告書又は半期報告書（以下「開示書類」という。）を提出した。 同社が行った上記の各行為は、金融商品取引法（平成２０年法律第６５号による改正前のもの。以下「旧金融商品取引法」という。）第１７２条の２第１項又は第２項に規定する「重要な事項につき虚偽の記載がある」開示書類を提出した行為に該当すると認められる。 番 号 開示書類 提出日 原　因 会計期間 財務諸表 虚偽記載(注) １ 第11期事業年度中間連結会計期間に係る半期報告書（平成19年9月中間期半期報告書） 平成20年 1月4日 貸倒引当金の過少計上 売上の過大計上等 平成19年4月1日～平成19年9月30日の中間連結会計期間 中間連結損益計算書 連結中間純損益が▲3,776百万円であるところを▲1,643百万円と記載 ２ 第11期事業年度連結会計期間に係る有価証券報告書（平成20年3月期有価証券報告書） 平成20年 6月30日 貸倒引当金の過少計上 売上の過大計上等 平成19年4月1日～平成20年3月31日の連結会計期間 連結損益計算書 連結当期純損益が▲6,437百万円であるところを▲3,533百万円と記載 ３ 第12期事業年度第1四半期連結会計期間に係る四半期報告書（平成20年6月第1四半期四半期報告書） 平成20年 8月14日 貸倒引当金の過少計上 売上の過大計上等 平成20年4月1日～平成20年6月30日の第1四半期連結累計期間 四半期連結損益計算書 連結四半期純損益が▲580百万円であるところを106百万円と記載 平成20年4月1日～平成20年6月30日の第1四半期連結会計期間 四半期連結貸借対照表 連結純資産額が12,659百万円であるところを16,223百万円と記載 ４ 第12期事業年度第2四半期連結会計期間に係る四半期報告書（平成20年9月第2四半期四半期報告書） 平成20年 11月14日 貸倒引当金の過少計上 売上の過大計上等 平成20年4月1日～平成20年9月30日の第2四半期連結累計期間 四半期連結損益計算書 連結四半期純損益が▲1,476百万円であるところを▲30百万円と記載 平成20年7月1日～平成20年9月30日の第2四半期連結会計期間 四半期連結貸借対照表 連結純資産額が11,732百万円であるところを16,057百万円と記載 ５ 第12期事業年度第3四半期連結会計期間に係る四半期報告書（平成20年12月第3四半期四半期報告書） 平成21年 2月13日 貸倒引当金の過少計上 売上の過大計上等 平成20年4月1日～平成20年12月31日の第3四半期連結累計期間 四半期連結損益計算書 連結四半期純損益が▲3,561百万円であるところを▲1,651百万円と記載 平成20年10月1日～平成20年12月31日の第3四半期連結会計期間 四半期連結貸借対照表 連結純資産額が9,402百万円であるところ、14,190百万円と記載 （注）金額は百万円未満切捨てである。また、▲は損失であることを示す。 ３．課徴金の額の計算 上記の違法行為に対し金融商品取引法に基づき納付を命じられる課徴金の額は、６００万円である。 (1) 旧金融商品取引法第１７２条の２第１項又は第２項の規定により、平成１９年９月中間期半期報告書及び平成２０年３月期有価証券報告書に係る課徴金について、個別決定ごとの算出額は 当該法人が発行する算定基準有価証券の市場価額の総額に１０万分の３を乗じて得た額（742,337円） が 3,000,000円 を超えないことから、 同半期報告書については、1,500,000円 同有価証券報告書については、3,000,000円 となる。 ここで、これらの書類が同一の事業年度に係るものであることから、金融商品取引法第１８５条の７第６項の規定により、下記のとおり３００万円を個別決定ごとの算出額に基づき按分した金額が課徴金の額となる。 平成１９年９月中間期半期報告書に係る課徴金の額は1,000,000円 平成２０年３月期有価証券報告書に係る課徴金の額は2,000,000円 (2) 旧金融商品取引法第１７２条の２第２項の規定により、平成２０年６月第１四半期四半期報告書、平成２０年９月第２四半期四半期報告書及び平成２０年１２月第３四半期四半期報告書に係る課徴金の額について、個別決定ごとの算出額は、 当該法人が発行する算定基準有価証券の市場価額の総額に１０万分の３を乗じて得た額（266,736円） が 3,000,000円 を超えないことから、 平成２０年６月第１四半期四半期報告書については、1,500,000円 平成２０年９月第２四半期四半期報告書については、1,500,000円 平成２０年１２月第３四半期四半期報告書については、1,500,000円 となる。 ここで、これらの書類が同一の事業年度に係るものであることから、金融商品取引法第１８５条の７第６項の規定により、下記のとおり３００万円を個別決定ごとの算出額に基づき按分した金額が課徴金の額となる。 平成２０年６月第１四半期四半期報告書に係る課徴金の額は1,000,000円 平成２０年９月第２四半期四半期報告書に係る課徴金の額は1,000,000円 平成２０年１２月第３四半期四半期報告書に係る課徴金の額は1,000,000円"
2010-01-20,株式会社RST,,株式会社RSTに対する検査結果に基づく勧告について（平成22年1月20日）,https://www.fsa.go.jp/sesc/news/c_2010/2010/20100120.html,平成２２年１月２０日 証券取引等監視委員会 株式会社RSTに対する検査結果に基づく勧告について １．勧告の内容 証券取引等監視委員会が、株式会社RST（東京都港区、資本金１，０００万円、役職員１９名）を検査した結果、下記のとおり、当該金融商品取引業者に係る法令違反等の事実が認められたので、本日、証券取引等監視委員会は、内閣総理大臣及び金融庁長官に対して、金融庁設置法第２０条第１項の規定に基づき、行政処分を行うよう勧告した。 ２．事実関係 (1) 出資金の使途が不明な状況 株式会社RST（以下「当社」という。）は、平成１９年３月から同２０年７月頃までの間、匿名組合（以下「サルベージファンド」という。）契約に基づく権利の私募を行っていた。サルベージファンドは、当社を営業者とし、「沈没船からの歴史的文化財引揚げ事業全般への投資を行うことを目的」とした匿名組合契約で、約８億円の出資金が集められた。 サルベージファンドの匿名組合契約書では、出資金を、契約書で定義された事業（以下「本件事業」という。）の各事業主体に対して出資・提供することに充てる旨や、出資金の一部を営業者の本件事業に係る営業諸経費に充てることができる旨が規定されていた。 今回検査において、当社が支出したサルベージファンドの出資金の使途等について検証を行ったところ、当社は、当社が第二種金融商品取引業の登録を受けた平成２０年５月１６日から前代表取締役社長（以下「前社長」という。）が退任した同２０年８月末日（第１３期事業年度末）までの間、前社長に対して、仮払経費の名目で約９３０万円を支払っているが、そのうち約７７０万円分について、当社では領収証の保管が行われておらず、出資金の使途が不明な状況にある。 また、当社は、前社長に対して、平成１９年９月から同２０年８月までの間、上記９３０万円を含めて約１億５千万円を仮払経費として支払っているところ、当該仮払経費は、当社が前社長から「エクアドル事業権利」と称する権利を１億５千万円で取得したとして、一旦、同２０年８月３１日付で１億５千万円の未払金を計上し、当該未払金と仮払経費を同日付で相殺した経理処理となっている。しかしながら、当社が前社長から取得したとしている「エクアドル事業権利」と称する権利を表する書面及び当社が前社長から権利を取得したことを示す売買契約書等の書面は存在せず、また、取得金額算出の根拠も不明な状況にある。 他方、サルベージファンドについて当社は、平成２０年８月１９日付で投資者に対して、現地国の政変を理由に「事業運営が困難となり契約を終了する。」旨の通知を行っている。しかし、当社がサルベージファンドの事業遂行のために事業委託先に送金したとする金額は、サルベージファンドにより集めた出資金の一部であり、その他の出資金については、国内において、費消又は不明金となっている。 なお、今回検査基準日までのところ、サルベージファンドについて清算手続が行われていない状況にある。 上記のとおり、当社では、出資金の使途が不明になっていたり、権利内容が明確ではない権利を取得したものとして経理処理を行っていたりするなど、投資者から集めた出資金の使途について、管理が不十分であることが認められる。 当該金融商品取引業者における上記の出資金の使途に係る管理の状況は、金融商品取引業の登録を受けて行う集団投資スキームに対する信頼を損なうものであると認められるため、金融商品取引法第５１条の規定による業務の運営の状況の改善に必要な措置をとるべきことを命ずることができる場合の要件となる「業務の運営又は財産の状況に関し、公益又は投資者保護のため必要かつ適当であると認めるとき」に該当するものと認められる。 (2) 分別管理が確保されていない状況で私募を行う行為 当社は、６種の匿名組合契約（以下「ファンド」という。）に基づく権利の私募を行っているため、各ファンドにおける出資金の使途等について検証したところ、当社の定款及び匿名組合契約書等において、出資金の分別管理に関する定めがなされていないことに加え、以下のとおり各ファンドの出資金等の分別管理が確保されていない状況であるにもかかわらず、私募を行っている状況が認められた。 当社は、投資者に対し、出資申込書又は重要事項説明書と称する契約締結前交付書面において「払込口座」又は「営業者口座」の名称で、６種のファンド毎に異なる出資金の受入口座（以下「出資金受入口座」という。）を指定しており、それぞれのファンドの出資者から振り込まれた出資金は、一旦、それぞれのファンドの各出資金受入口座に入金されている。 しかしながら、それぞれのファンドの出資者から、それぞれのファンドへの出資金が入金された後、当社は、これらの出資金を一つの口座（以下「総合口座」という。）に集約し、当該総合口座から各種の費用を支出しているため、当該支出が、当社の費用なのか、ファンドに係る費用なのか、どのファンドに係る費用なのかといった点について、分別した管理が確保されていない。 当社は、当社が私募を行っているファンド（以下「Ａファンド」という。）の事業の一環であったダイバーズウォッチ販売事業に関し、仕入先に対して、ダイバーズウォッチ等の仕入代金を総合口座から「振込」により支払っているものの、Ａファンド以外のファンドの出資金を原資としていた事例が認められるなど、当社のファンドに係る費用の支出について、分別管理が確保されていない。 当社は、事業の維持のため急遽資金補給の必要が生じた場合等には、協力者から借入れを行っているとしているものの、これらの借入れについては、契約書を作成していない場合もあるなど資金使途が明確化されておらず、当社固有の財産（当社の借入れ）なのか、ファンドが掲げる事業を運営等するために必要となる財産（ファンドに係る借入れ）なのか、ファンドに係る借入れだとしても、どのファンドに係る借入れなのかが判別できない状況となっている。 しかしながら、当社は、これらの借入金を、出資金受入口座に振り込まれた各ファンドに係る出資金が振り替えられる口座となっている総合口座で受け入れ、総合口座から元本及び金利を返済していた。 よって、当社では、借入金の管理について、当社の借入れなのか、ファンドに係る借入れなのか、どのファンドに係る借入れなのかといった点について分別した管理が確保されていない。 上記のとおり、当該金融商品取引業者における出資金等の管理の状況は、金融商品取引業等に関する内閣府令第１２５条に定める「当該事業者の定款（当該事業に係る規約その他の権利又は有価証券に係る契約その他の法律行為を含む。）により（略）基準を満たすことが義務付けられている」とは認められず、「（略）当該金銭を充てて行われる事業を行う者の固有財産その他当該者の行う他の事業に係る財産と分別して管理することが（略）確保されている」とはいえないため、当該状況下で私募を行う行為は、金融商品取引法第４０条の３に違反するものと認められる。 (3) 収益が発生していない状況で配当金を支払っているにもかかわらず私募を行う行為 今回検査において、各ファンドの配当状況及び各ファンドに掲げる事業の収益を検証したところ、当社は、一部のファンドにおいて、営業者たる当社に収益が発生していない状況で配当金を支払っているにもかかわらず、私募を行っている状況が認められた。 上記のとおり、当該金融商品取引業者は、投資者に対して、収益が発生していない状況において、配当金を支払った上私募を行っているため、金融商品取引法第５１条の規定による業務の運営の状況の改善に必要な措置をとるべきことを命ずることができる場合の要件となる「金融商品取引業者の業務の運営又は財産の状況に関し、公益又は投資者保護のため必要かつ適当であると認めるとき」に該当するものと認められる。
2010-01-19,アール・ビー・エス証券会社,,アール・ビー・エス・セキュリティーズ・ジャパン・リミテッド（アール・ビー・エス証券会社東京支店）に対する検査結果に基づく勧告について（平成22年1月19日）,https://www.fsa.go.jp/sesc/news/c_2010/2010/20100119.html,平成２２年１月１９日 証券取引等監視委員会 アール・ビー・エス・セキュリティーズ・ジャパン・リミテッド（アール・ビー・エス証券会社東京支店）に対する検査結果に基づく勧告について １．勧告の内容 証券取引等監視委員会が、アール・ビー・エス・セキュリティーズ・ジャパン・リミテッド（アール・ビー・エス証券会社東京支店　東京都千代田区、持込資本金６４９億円、役職員２３６名。以下「当社」という。）を検査した結果、下記のとおり、当該金融商品取引業者及びその使用人に係る法令違反の事実が認められたので、本日、証券取引等監視委員会は、内閣総理大臣及び金融庁長官に対して、金融庁設置法第２０条第１項の規定に基づき、行政処分及びその他の適切な措置を講ずるよう勧告した。 ２．事実関係 ○　損失補てん 当社金融商品営業部長及び株式派生商品営業部長は、その業務に関し、平成２０年９月頃、顧客に対して、他社株転換社債（以下「本件ＥＢ債」という。）を販売するに際して、顧客が第三者に対して販売できず、残りが生じた場合には、当該残りを販売時の価格と同値で買い戻す旨の約束をしていた（以下「本件約束」という。）ところ、エクイティ本部ストラクチャード・プロダクツ営業部長及び株式派生商品営業部長は、同年１０月に、顧客から本件ＥＢ債について残りが生じたとの連絡を受けたため、顧客に対して販売した本件ＥＢ債の時価が下落しているにもかかわらず、本件ＥＢ債の一部を、販売時と同値で買い戻す方法により、本件ＥＢ債取引に係る顧客の損失について、約６８００万円の財産上の利益を提供した（以下「本件提供」という。）。 当該金融商品取引業者及びその使用人が行った上記の行為のうち、本件約束については、金融商品取引法第３９条第１項第１号に規定する「有価証券の売買その他の取引（買戻価格があらかじめ定められている買戻条件付売買その他の政令で定める取引を除く。）又はデリバティブ取引（以下この条において「有価証券売買取引等」という。）につき、当該有価証券又はデリバティブ取引（以下この条において「有価証券等」という。）について顧客（信託会社等（信託会社又は金融機関の信託業務の兼営等に関する法律第一条第一項の認可を受けた金融機関をいう。以下同じ。）が、信託契約に基づいて信託をする者の計算において、有価証券の売買又はデリバティブ取引を行う場合にあっては、当該信託をする者を含む。以下この条において同じ。）に損失が生ずることとなり、又はあらかじめ定めた額の利益が生じないこととなった場合には自己又は第三者がその全部又は一部を補てんし、又は補足するため当該顧客又は第三者に財産上の利益を提供する旨を、当該顧客又はその指定した者に対し、申し込み、若しくは約束し、又は第三者に申し込ませ、若しくは約束させる行為」に該当すると認められる。 また、上記行為のうち、本件提供については、金融商品取引法第３９条第１項第３号に規定する「有価証券売買取引等につき、当該有価証券等について生じた顧客の損失の全部若しくは一部を補てんし、又はこれらについて生じた顧客の利益に追加するため、当該顧客に対し、財産上の利益を提供する行為」に該当すると認められる。
