date,stock_name,stock_code,title,link,content
2011-12-20,,,顧客等の計算において不公正取引を行った者に係る課徴金賦課についての建議（平成23年12月20日）,https://www.fsa.go.jp/sesc/news/c_2011/2011/20111220-2.html,平成２３年１２月２０日 証券取引等監視委員会 金融庁設置法第21条の規定に基づく建議について 証券取引等監視委員会は、金融庁設置法第21条の規定に基づき、本日、内閣総理大臣及び金融庁長官に対して、下記のとおり建議を行った。 記 顧客等の計算において不公正取引を行った者に係る課徴金賦課について 不公正取引事案の調査において、「金融商品取引業者等」に該当しない者が、顧客等の計算において不公正取引を行った疑いがある事例が認められた。 現行の制度では、顧客等の計算において不公正取引を行った者（以下｢違反者｣という。）に係る課徴金については、課徴金の計算規定の適用が、違反者が金融商品取引法の「金融商品取引業者等」である場合に限られていることから、違反者が対価を得ているにもかかわらず課徴金を課すことができない。 したがって、違反行為の抑止の観点から、「金融商品取引業者等」に該当しない者が、他人の計算において不公正取引を行い、対価を得ている場合においても、課徴金を課すことができるようにする必要がある。
2011-12-22,株式会社Ｅファクトリー及び株式会社,,株式会社Ｅファクトリー及び株式会社エクセレント並びにその役員１名の金融商品取引法違反行為に係る裁判所への申立て（同法第１９２条第１項）について（平成23年12月22日）,https://www.fsa.go.jp/sesc/news/c_2011/2011/20111222-1.html,"平成２３年１２月２２日 証券取引等監視委員会 株式会社Ｅファクトリー及び株式会社エクセレント並びにその役員１名の金融商品取引法違反行為に係る裁判所への申立てについて １．申立ての内容等 証券取引等監視委員会が、株式会社Ｅファクトリー（東京都新宿区、資本金５,０００万円、適格機関投資家等特例業務届出者。以下「Ｅファクトリー社」という。）及び株式会社エクセレント（東京都新宿区、資本金１,０００万円、適格機関投資家等特例業務届出者。以下「エクセレント社」という。）に対して金融商品取引法（以下「金商法」という。）第１８７条に基づく調査を行った結果、下記２．の事実が認められたことから、本日、証券取引等監視委員会は、金商法第１９２条第１項の規定に基づき、東京地方裁判所に対し、Ｅファクトリー社及びエクセレント社並びにＥファクトリー社代表取締役かつエクセレント社取締役であるＡを被申立人として金商法違反行為（金商法第６３条第１項第１号に掲げる私募に係る業務を行うに当たり、金融商品取引契約の締結又はその勧誘に関して、顧客に対し虚偽のことを告げる行為を行うこと）の禁止及び停止を命ずるよう申立てを行った。 ２．事実関係 Ｅファクトリー社及びエクセレント社(以下「両社」という。)は、Ａの指示の下、平成２３年１月から同年１１月までの間、多数の一般投資家に対し、両社が無限責任組合員となっている複数のファンドに係る投資事業有限責任組合契約の締結を勧誘しており、当該勧誘の際に顧客に交付した基本契約書、パンフレット、目論見書等(以下「パンフレット等」という。)により顧客に告知した手数料及び分配報酬金の支払い並びに主要投資対象先の経営実態に関する表示は、以下のとおり、事実と著しく相違するものであった。 (1) 両社は、顧客による出資金のうち一律に５０％に相当する金額を入金後直ちに売上げとして計上して自己の経費等に使用していたにもかかわらず、手数料又は報酬をこれよりも著しく低額である旨をパンフレット等において表示していた。 (2) 両社は、分配報酬金の支払いについて、投資による利益が生じた場合には年率３％から８％（なお、年率は各ファンドごとに異なる。）を上限として分配報酬金を支払う旨などをパンフレット等において表示していたところ、実際には投資による利益が生じていないのに、当該上限額による分配報酬金を機械的に算出して顧客に支払い、その原資として出資金を充てていた。 (3) 両社は、主要投資対象先について、成長性が高く、財務状況の健全なベンチャー企業への投資を主とする旨及び株式市場への上場が期待される会社である旨などをパンフレット等において表示していたところ、実際には主要投資対象先の経営実態は著しく相違するものであった。 上記行為は、金商法第６３条第４項の規定に基づき適格機関投資家等特例業務届出者を金融商品取引業者とみなして適用される同法第３８条第１号に規定する「金融商品取引契約の締結又はその勧誘に関して、顧客に対し虚偽のことを告げる行為」に該当すると認められる。 両社に対しては、平成２２年１２月に関東財務局から無登録で金融商品取引業を行っているとして警告書が発出されており、さらに、平成２３年１０月にＥファクトリー社は名古屋営業所を開設し、同年１１月にエクセレント社はファンドを新設しており、今後も上記の虚偽告知を伴うファンドの取得勧誘を締結する意向が認められる。 以上からすれば、被申立人らは上記違法行為を今後も行う蓋然性が高いものと認められる。 参考条文 ○適格機関投資家等特例業務届出者に係る行為規制 金融商品取引法（抄） （禁止行為） 第三十八条 金融商品取引業者等又はその役員若しくは使用人は、次に掲げる行為をしてはならない。 ただし、第四号から第六号までに掲げる行為にあつては、投資者の保護に欠け、取引の公正を害し、又は金融商品取引業の信用を失墜させるおそれのないものとして内閣府令で定めるものを除く。 一 金融商品取引契約の締結又はその勧誘に関して、顧客に対し虚偽のことを告げる行為 二～七 （略） （適格機関投資家等特例業務） 第六十三条 次の各号に掲げる行為については、第二十九条及び第三十三条の二の規定は、適用しない。 一 適格機関投資家等（適格機関投資家以外の者で政令で定めるもの（その数が政令で定める数以下の場合に限る。）及び適格機関投資家をいう。以下この条において同じ。）で次のいずれにも該当しない者を相手方として行う第二条第二項第五号又は第六号に掲げる権利に係る私募（適格機関投資家等（次のいずれにも該当しないものに限る。）以外の者が当該権利を取得するおそれが少ないものとして政令で定めるものに限る。） イ～ハ （略） 二 （略） ２・３ （略） ４ 特例業務届出者が適格機関投資家等特例業務を行う場合においては、当該特例業務届出者を金融商品取引業者とみなして、第三十八条（第一号に係る部分に限る。） 及び第三十九条並びにこれらの規定に係る第八章の規定 を適用する。 ５～８ （略） ○緊急差止命令に係る申立て 金融商品取引法(抄) （審問等に関する調査のための処分） 第百八十七条 内閣総理大臣又は内閣総理大臣及び財務大臣は、この法律の規定による審問、この法律の規定による処分に係る聴聞又は第百九十二条の規定による申立てについて、必要な調査をするため、当該職員に、次に掲げる処分をさせることができる。 一 関係人若しくは参考人に出頭を命じて意見を聴取し、又はこれらの者から意見書若しくは報告書を提出させること。 二 鑑定人に出頭を命じて鑑定させること。 三 関係人に対し帳簿書類その他の物件の提出を命じ、又は提出物件を留めて置くこと。 四 関係人の業務若しくは財産の状況又は帳簿書類その他の物件を検査すること。 （裁判所の禁止又は停止命令） 第百九十二条 裁判所は、緊急の必要があり、かつ、公益及び投資者保護のため必要かつ適当であると認めるときは、内閣総理大臣又は内閣総理大臣及び財務大臣の申立てにより、この法律又はこの法律に基づく命令に違反する行為を行い、又は行おうとする者に対し、その行為の禁止又は停止を命ずることができる。 ２ 裁判所は、前項の規定により発した命令を取り消し、又は変更することができる。 ３ 前二項の事件は、被申立人の住所地又は第一項に規定する行為が行われ、若しくは行われようとする地の地方裁判所の管轄とする。 ４ 第一項及び第二項の裁判については、非訟事件手続法（明治三十一年法律第十四号）の定めるところによる。 第百九十八条 次の各号のいずれかに該当する者は、三年以下の懲役若しくは三百万円以下の罰金に処し、又はこれを併科する。 一～七 （略） 八 第百九十二条第一項又は第二項の規定による裁判所の命令に違反した者 第二百七条 法人（法人でない団体で代表者又は管理人の定めのあるものを含む。以下この項及び次項において同じ。）の代表者又は法人若しくは人の代理人、使用人その他の従業者が、その法人又は人の業務又は財産に関し、次の各号に掲げる規定の違反行為をしたときは、その行為者を罰するほか、その法人に対して当該各号に定める罰金刑を、その人に対して各本条の罰金刑を科する。 一・二 （略） 三 第百九十八条（第四号の二及び第五号を除く。）又は第百九十八条の三から第百九十八条の五まで　三億円以下の罰金刑 四～六 （略） （以下、略）"
2011-12-21,ある日本マニュファクチャリングサービス株式会社,,電子掲示板を悪用した風説の流布及び偽計事件の告発について（平成23年12月21日）,https://www.fsa.go.jp/sesc/news/c_2011/2011/20111221-1.html,平成２３年１２月２１日 証券取引等監視委員会 電子掲示板を悪用した風説の流布及び偽計事件の告発について 証券取引等監視委員会は、本日（１２月２１日）、金融商品取引法違反（風説の流布及び偽計）の嫌疑で、嫌疑者１名を神戸地方検察庁に告発した。 （注）本件は、兵庫県警察本部と合同で調査・捜査を実施。 〔事案の概要〕 犯則嫌疑者は 第１ 大阪証券取引所が開設するジャスダック市場に上場されている有価証券である株式会社エスプールの株券の売買のため、かつ、相場の変動を図る目的をもって、別紙一覧表１記載のとおり、平成２３年８月２４日午前８時１６分頃から同月２５日午前８時１０分頃までの間、４回にわたり、犯則嫌疑者方において、専門紙Ａが株式会社エスプールの業績が大幅に拡大した旨の記事などを掲載した事実も、同社がＸ株式会社との間で業務提携を行う事実もなかったにもかかわらず、パーソナルコンピュータを操作し、インターネットを介して、サーバコンピュータの記憶装置に文字データを記録させる方法により、電子掲示板上で、各事実があるかのように装った同一覧表投稿内容欄記載の内容虚偽の文章を不特定かつ多数の者が閲覧できる状態に置き 第２ 前記ジャスダック市場に上場されている有価証券であるロングライフホールディング株式会社の株券の売買のため、かつ、相場の変動を図る目的をもって、別紙一覧表２記載のとおり、平成２３年８月２５日午前９時４７分頃、犯則嫌疑者方において、同社がＹ株式会社との間で業務提携を行う事実も、日刊紙Ｂが同事実に関する記事を掲載した事実もないにもかかわらず、前記同様の方法により、前記電子掲示板上で、各事実があるかのように装った同一覧表投稿内容欄記載の内容虚偽の文章を不特定かつ多数の者が閲覧できる状態に置き 第３ 前記ジャスダック市場に上場されている有価証券である日本マニュファクチャリングサービス株式会社の株券の売買のため、かつ、相場の変動を図る目的をもって、別紙一覧表３記載のとおり、平成２３年８月２６日午前９時１２分頃から同月２９日午前１０時８分頃までの間、６回にわたり、犯則嫌疑者方において、同社がＸ株式会社との間で業務提携を行う事実も、情報配信社Ｃがインターネット上で同事実に関する記事を配信した事実もないにもかかわらず、前記同様の方法により、前記電子掲示板上で、各事実があるかのように装った同一覧表投稿内容欄記載の内容虚偽の文章を不特定かつ多数の者が閲覧できる状態に置き 第４ 東京証券取引所が開設するマザーズ市場に上場されている有価証券である株式会社フルスピードの株券の売買のため、かつ、相場の変動を図る目的をもって、別紙一覧表４記載のとおり、平成２３年８月２９日午前１０時３５分頃及び同日午前１１時２０分頃、２回にわたり、犯則嫌疑者方において、Ｚ株式会社が株式会社フルスピードを完全子会社化する事実も、情報配信社Ｄがインターネット上で同事実に関する記事を配信した事実もないにもかかわらず、前記同様の方法により、前記電子掲示板上で、各事実があるかのように装った同一覧表投稿内容欄記載の内容虚偽の文章を不特定かつ多数の者が閲覧できる状態に置き もって、それぞれ有価証券の売買のため及び有価証券の相場の変動を図る目的をもって、風説を流布するとともに、偽計を用いたものである。 〔関連条文〕 金融商品取引法第197条第1項第5号、第158条 法定刑：10年以下の懲役若しくは1000万円以下の罰金又は併科 （別紙） 一覧表（PDF:80KB）
2011-12-20,株式会社ＶＳＮ,,株式会社ＶＳＮ役員からの情報受領者による内部者取引に対する課徴金納付命令の勧告について（平成23年12月20日）,https://www.fsa.go.jp/sesc/news/c_2011/2011/20111220-1.html,"平成２３年１２月２０日 証券取引等監視委員会 株式会社ＶＳＮ役員からの情報受領者による内部者取引に対する課徴金納付命令の勧告について １．勧告の内容 証券取引等監視委員会は、株式会社ＶＳＮ役員からの情報受領者による内部者取引について検査した結果、下記のとおり法令違反の事実が認められたので、本日、内閣総理大臣及び金融庁長官に対して、金融庁設置法第２０条第１項の規定に基づき、課徴金納付命令を発出するよう勧告を行った。 ２．法令違反の事実関係 課徴金納付命令対象者は、株式会社ＶＳＮ（以下「ＶＳＮ」という。）の役員から、同人がＶＳＮとＲホールディングス株式会社（以下「Ｒホールディングス」という。）との間の秘密保持契約の履行に関し知った、Ｒホールディングスの業務執行を決定する機関が、ＶＳＮの株式の公開買付けを行うことを決定した事実の伝達を受けながら、この事実が公表された平成２２年８月１６日より前の同月２日から同月１１日までの間に、自己の計算において、ＶＳＮの株式合計３９００株を買付価額合計２３３万２１００円で買い付けたものである。 課徴金納付命令対象者が行った上記の行為は、金融商品取引法第１７５条第２項に規定する「第１６７条第１項又は第３項の規定に違反して、同条第１項に規定する特定株券等若しくは関連株券等に係る買付け等又は同項に規定する株券等に係る売付け等をした」行為に該当すると認められる。 ３．課徴金の額の計算 上記の違法行為に対し、金融商品取引法に基づき納付を命じられる課徴金の額は、９８万円である。 計算方法の詳細については、別紙のとおり。 （別紙） ○ 課徴金の額の計算方法について 金融商品取引法第１７５条第２項に基づき、課徴金の額は、 （公開買付けの実施に関する事実が公表された後２週間における最も高い価格）×（買付株数） － （買付価格）×（買付株数） となる。 したがって、公開買付けの実施に関する事実の公表後２週間におけるＶＳＮの最も高い株価は、平成２２年８月１７日の８５０円であることから、課徴金の額は下記の金額となる。 （８５０円×３，９００株）－買付価額２，３３２，１００円（注） ＝９８２，９００円 ⇒課徴金の額は１万円未満を切り捨てるため、 ９８万円 （注）買付価額は、 「591円×100株、595円×1,400株、596円×200株、599円×200株、600円×1,500株、602円×500株」 の合計額である。"
2011-12-20,Ｋ・Ｂ・Ｃ株式会社,,Ｋ・Ｂ・Ｃ株式会社に対する検査結果に基づく勧告について（平成23年12月20日）,https://www.fsa.go.jp/sesc/news/c_2011/2011/20111220-3.html,平成２３年１２月２０日 証券取引等監視委員会 Ｋ・Ｂ・Ｃ株式会社に対する検査結果に基づく勧告について １．勧告の内容 関東財務局長がＫ・Ｂ・Ｃ株式会社（東京都新宿区、資本金５００千円、役職員８名、投資助言・代理業）を検査した結果、下記のとおり、当該金融商品取引業者に係る法令違反の事実が認められたので、本日、証券取引等監視委員会は、内閣総理大臣及び金融庁長官に対して、金融庁設置法第２０条第１項の規定に基づき、行政処分を行うよう勧告した。 ２．事実関係 （１）検査忌避 平成２３年１０月１９日午前９時ころ、関東財務局の検査官が、検査のため、Ｋ・Ｂ・Ｃ株式会社（以下「当社」という。）に臨店し、当社代表取締役（以下「社長」という。）に対し、検査実施の説明を行ったところ、社長は、外出中の職員を含め職員全員の同意が得られるまで当社の執務を行っている事務室（以下、単に「事務室」という。）への立入りはさせられないとして、事務室への立入りを拒否した。同日中、検査官は、再三にわたり、社長に対し、事務室への立入りを要求したが、社長は、事務室への立入りを拒否し続けた。 このように、当社は、臨店初日に正当な理由なく、事務室への立入りを拒否し、もって、検査を拒んだものである。 なお、翌日以降検査が開始されたものの、検査官が、社長に対し、投資顧問契約の勧誘の実態把握のヒアリングのため全職員の出社を要請したが、職員は出社せず、社長は、職員の連絡先は管理していないとしており、職員に対するヒアリングを実施することができなかった。 当社が行った上記の検査を拒む行為は、金融商品取引法（以下「金商法」という。）第１９８条の６第１１号に該当するものと認められる。 （２）投資顧問契約の締結に関し偽計を用いる行為等 イ．投資顧問契約の締結に関し偽計を用いる行為 当社職員は、平成２２年１１月ころ以降、顧客に対し、「外貨の投資」、「外国会社への投資」等と称する投資話を持ち掛けて海外送金をさせるとともに、投資顧問契約の締結の手続をさせていた。当該勧誘において、当社職員は、（イ）顧客に対し、上記投資話について「必ず儲かるからやりませんか。」、「今であれば安くドルが買えて、半年の契約で必ず上がります。」などと著しく利益を強調した投資勧誘をし、これに応じるとした顧客に、当該投資を行う条件として投資顧問契約の締結が必要であるとの根拠のない説明をし、あるいは、（ロ）当該投資の手数料、紹介料等として当社に１０万円を支払う必要があるとの虚偽の説明をし、投資顧問契約の締結の手続をさせて報酬１０万円を支払わせていた。 当社が行った上記（イ）及び（ロ）の行為は、投資顧問契約の締結に関し偽計を用いる行為と認められ、金商法第３８条の２第１号に該当するものと認められる。 ロ．契約締結前交付書面等の不保存等 当社は、契約締結前交付書面及び契約締結時交付書面について、写しを一切保存していない。 また、当社は、一部の顧客に対し、上記両書面を交付していない。 当社が行った上記の行為のうち、契約締結前交付書面及び契約締結時交付書面の不保存は金商法第４７条に、契約締結前交付書面の不交付は同法第３７条の３第１項に、契約締結時交付書面の不交付は同法第３７条の４第１項にそれぞれ違反するものと認められる。 （参考条文） ○ 金融商品取引法（昭和23年4月法律第25号）（抄） （１）検査忌避 （報告の徴取及び検査） 第五十六条の二 内閣総理大臣は、公益又は投資者保護のため必要かつ適当であると認めるときは、 金融商品取引業者等、これと取引をする者、当該金融商品取引業者等（登録金融機関を除く。）がその総株主等の議決権の過半数を保有する銀行等（以下この項において「子特定法人」という。）、当該金融商品取引業者等を子会社（第二十九条の四第三項に規定する子会社をいう。以下この条において同じ。）とする持株会社（私的独占の禁止及び公正取引の確保に関する法律第九条第四項第一号に規定する持株会社をいう。以下この条において同じ。）若しくは当該金融商品取引業者等から業務の委託を受けた者に対し当該金融商品取引業者等の業務若しくは財産に関し参考となるべき報告若しくは資料（当該子特定法人にあつては、当該金融商品取引業者等（登録金融機関を除く。）の財産に関し参考となるべき報告又は資料に限る。）の提出を命じ、又は 当該職員に当該金融商品取引業者 等、当該子特定法人、当該金融商品取引業者等を子会社とする持株会社若しくは当該金融商品取引業者等から業務の委託を受けた者 の業務若しくは財産の状況若しくは帳簿書類その他の物件の検査 （当該子特定法人にあつては当該金融商品取引業者等（登録金融機関を除く。）の財産に関し必要な検査に、当該金融商品取引業者等を子会社とする持株会社又は当該金融商品取引業者等から業務の委託を受けた者にあつては当該金融商品取引業者等の業務又は財産に関し必要な検査に限る。） をさせることができる 。 ２～４　（略） 第百九十八条の六　次の各号のいずれかに該当する者は、一年以下の懲役若しくは三百万円以下の罰金に処し、又はこれを併科する。 一～十　（略） 十一 第五十六条の二 、第五十七条の十第一項、第五十七条の二十三、第五十七条の二十六第二項、第六十条の十一、第六十三条第八項、第六十六条の二十二、第六十六条の四十五第一項、第七十五条、第七十九条の四、第百三条の四、第百六条の六第一項（同条第二項において準用する場合を含む。）、第百六条の十六、第百六条の二十第一項（同条第二項において準用する場合を含む。）、第百六条の二十七（第百九条において準用する場合を含む。）、第百五十一条（第百五十三条の四において準用する場合を含む。）、第百五十五条の九、第百五十六条の五の四、第百五十六条の五の八、第百五十六条の十五、第百五十六条の二十の十二、第百五十六条の三十四、第百八十五条の五又は第百八十七条第四号 の規定による検査を拒み、妨げ、又は忌避した者 十二～十八　（略） （２）投資顧問契約の締結に関し偽計を用いる行為等 イ．投資顧問契約の締結に関し偽計を用いる行為 （禁止行為） 第三十八条の二　金融商品取引業者等は、その行う投資助言・代理業又は投資運用業に関して、次に掲げる行為をしてはならない。 一 投資顧問契約 、投資一任契約若しくは第二条第八項第十二号イに掲げる契約の締結又は解約 に関し、偽計を用い 、又は暴行若しくは脅迫をす る行為 二　（略） ロ．契約締結前交付書面等の不保存等 （契約締結前の書面の交付） 第三十七条の三　金融商品取引業者等は、金融商品取引契約を締結しようとするときは、内閣府令で定めるところにより、あらかじめ、顧客に対し、次に掲げる事項を記載した書面を交付しなければならない。（以下、略） （契約締結時等の書面の交付） 第三十七条の四　金融商品取引業者等は、金融商品取引契約が成立したときその他内閣府令で定めるときは、遅滞なく、内閣府令で定めるところにより、書面を作成し、これを顧客に交付しなければならない。（以下、略） （業務に関する帳簿書類） 第四十七条　金融商品取引業者（第一種金融商品取引業を行う者を除く。以下この款において同じ。）は、内閣府令で定めるところにより、その業務に関する帳簿書類を作成し、これを保存しなければならない。
2011-12-09,シティグループ証券株式会社,,シティグループ証券株式会社に対する検査結果に基づく勧告について（平成23年12月9日）,https://www.fsa.go.jp/sesc/news/c_2011/2011/20111209-2.html,平成23年12月９日 証券取引等監視委員会 シティグループ証券株式会社に対する検査結果に基づく勧告について １．勧告の内容 証券取引等監視委員会がシティグループ証券株式会社（東京都千代田区、資本金９６３億円、常勤役職員７２９名、第一種金融商品取引業及び第二種金融商品取引業）を検査した結果、下記のとおり、当該金融商品取引業者に係る法令違反の事実が認められたので、本日、証券取引等監視委員会は、内閣総理大臣及び金融庁長官に対して、金融庁設置法第２０条第１項の規定に基づき、行政処分を行うよう勧告した。 ２．事実関係 (1) 報告徴取命令に対する対応の不備 当社は、当社役職員のユーロ円TIBOR（以下「TIBOR」という。）及び円LIBORへの関与等に関し、金融庁から、金融商品取引法第５６条の２第１項の規定に基づく報告徴取命令を受けて同庁に報告書を提出している。 今回検査において、報告書の内容について、その正確性及び十分性を検証したところ、呈示レートに関する不適切な働きかけに係る重要な事項について、記載に漏れがあり、かつ、事実と異なる記載及びこれに基づく結論付けが行われており、不適切な内容となっていた。 当社の報告徴取命令に基づく報告書への重要な事項についての記載漏れ及び事実と異なる記載は、金融商品取引法第５６条の２に基づく金融庁長官の報告徴取命令に違反しており、かかる当社の行為は、同法第５２条第１項第６号に規定する「金融商品取引業に関し法令に基づいてする行政官庁の処分に違反したとき」に該当するものと認められる。 (2) ユーロ円TIBOR等に係る不適切な行為 当社常務執行役員金利商品本部長（当時。以下「Ａ本部長」という。）は、遅くとも平成２２年４月頃から、TIBORのレートを呈示するシティバンク銀行株式会社の職員（以下「呈示担当者」という。）に対し、また、金利商品本部円金利トレーダー（当時。以下「Ｂトレーダー」という。）は、当社に入社した平成２１年１２月から、TIBORのレートを呈示する他の銀行の職員（又は、そのグループ証券会社の職員。以下、呈示担当者と合わせて「呈示担当者等」という。）に対し、Ａ本部長及びＢトレーダー（以下「Ａ本部長等」という。）が行っていた円金利に係るデリバティブ取引に有利になるようTIBORを変動させることを目的として、呈示レートの変更を要請するなどの働きかけを継続的に行っていた。 Ａ本部長等が行った当該行為は、TIBOR（３ヵ月）が株式会社東京金融取引所において上場されているユーロ円３ヵ月金利先物の取引対象であり、Ａ本部長等が当該取引所において当該先物の取引を行っていたこと及びTIBORは金融機関が資金を調達・運用するときの基準金利となるなど極めて重要な金融指標であることに鑑みれば、著しく不当かつ悪質であり、市場の公正性を損なうおそれがあるなど、公益及び投資者保護上、重大な問題があると認められる。 更に、Ｂトレーダーは、平成２１年１２月から、シティバンクグループが呈示する円LIBORの呈示レートについても、変更を要請するなどの不適切な働きかけを継続的に行っていた。 金利商品本部の営業責任者でもある当社代表取締役社長は、上記行為を認識していながら、これを看過し、また、当社としても適切な対応を行っていないなど、当社の内部管理態勢には重大な問題が認められた。 このように、（１）Ａ本部長等は、TIBORについて、当社の自己取引として行っていた市場デリバティブ取引のために呈示担当者等に対し働きかけを行ったものであり、当該行為は当社における金融商品取引業に関し行ったものと認められること、（２）当該行為は、市場の公正性を損なうおそれがあるなど、公益及び投資者保護上、著しく不当かつ悪質であると認められること、（３）Ｂトレーダーは、TIBORだけでなく円LIBORについても働きかけを行っていたこと、（４）当社の内部管理態勢に重大な問題が認められること、から、当社の行為は、金融商品取引法第５２条第１項第９号（金融商品取引業に関し、不正又は著しく不当な行為をした場合において、その情状が特に重いとき）に該当するものと認められる。 (3) 上級管理職による外務員登録外の外務行為 Ａ本部長は、平成２１年１１月１２日から市場デリバティブ取引を行っていた。 しかしながら、当社は、Ａ本部長について、平成２２年６月１６日に至るまで、市場デリバティブ取引を行うために必要な一種外務員登録を日本証券業協会に対し行っていなかった。 また、当社代表取締役社長は、Ａ本部長が登録外の外務行為を行ってることを認識した後も、コンプライアンス本部等の関係部署に対応を指示するなどの適切な措置を講じていないなど、当社の内部管理態勢には重大な不備が認められた。 当社は、登録を受けた者以外の者に外務員の職務を行わせており、かかる当社の行為は、金融商品取引法第６４条第２項に違反するものと認められる。 （参考条文） ○ 金融商品取引法（昭和23年法律第25号）（抄） （金融商品取引業者に対する監督上の処分） 第五十二条 内閣総理大臣は、金融商品取引業者が次の各号のいずれかに該当する場合においては、当該金融商品取引業者の第二十九条の登録を取り消し、第三十条第一項の認可を取り消し、又は六月以内の期間を定めて業務の全部若しくは一部の停止を命ずることができる 。 一～五　（略） 六 金融商品取引業 又はこれに付随する業務 に関し 法令（第四十六条の六第二項を除く。）又は 法令に基づいてする行政官庁の処分に違反したとき 。 七・八　（略） 九 金融商品取引業に関し、不正又は著しく不当な行為をした場合において、その情状が特に重いとき 。 十・十一　（略） ２～５　（略） （報告の徴取及び検査） 第五十六条の二 内閣総理大臣は、公益又は投資者保護のため必要かつ適当であると認めるときは、金融商品取引業者等 、これと取引をする者、当該金融商品取引業者等（登録金融機関を除く。）がその総株主等の議決権の過半数を保有する銀行等（以下この項において「子特定法人」という。）、当該金融商品取引業者等を子会社（第二十九条の四第三項に規定する子会社をいう。以下この条において同じ。）とする持株会社（私的独占の禁止及び公正取引の確保に関する法律第九条第四項第一号に規定する持株会社をいう。以下この条において同じ。）若しくは当該金融商品取引業者等から業務の委託を受けた者 に対し当該金融商品取引業者等の業務若しくは財産に関し参考となるべき報告若しくは資料 （当該子特定法人にあつては、当該金融商品取引業者等（登録金融機関を除く。）の財産に関し参考となるべき報告又は資料に限る。） の提出を命じ 、又は当該職員に当該金融商品取引業者等、当該子特定法人、当該金融商品取引業者等を子会社とする持株会社若しくは当該金融商品取引業者等から業務の委託を受けた者の業務若しくは財産の状況若しくは帳簿書類その他の物件の検査（当該子特定法人にあつては当該金融商品取引業者等（登録金融機関を除く。）の財産に関し必要な検査に、当該金融商品取引業者等を子会社とする持株会社又は当該金融商品取引業者等から業務の委託を受けた者にあつては当該金融商品取引業者等の業務又は財産に関し必要な検査に限る。）をさせ ることができる 。 ２～４　（略） （外務員の登録） 第六十四条　金融商品取引業者等は、勧誘員、販売員、外交員その他いかなる名称を有する者であるかを問わず、その役員又は使用人のうち、その金融商品取引業者等のために次に掲げる行為を行う者（以下「外務員」という。）の氏名、生年月日その他内閣府令で定める事項につき、内閣府令で定める場所に備える外務員登録原簿（以下「登録原簿」という。）に登録を受けなければならない。 一～三　（略） ２ 金融商品取引業者等は、前項の規定により当該金融商品取引業者等が登録を受けた者以外の者に外務員の職務（同項各号に掲げる行為をいう。以下同じ。）を行わせてはならない 。 ３～６　（略）
2011-12-09,呈示する他の銀行,,ＵＢＳセキュリティーズ・ジャパン・リミテッドに対する検査結果に基づく勧告について（平成23年12月9日）,https://www.fsa.go.jp/sesc/news/c_2011/2011/20111209-1.html,平成23年12月９日 証券取引等監視委員会 ＵＢＳセキュリティーズ・ジャパン・リミテッドに対する検査結果に基づく勧告について １．勧告の内容 証券取引等監視委員会がＵＢＳセキュリティーズ・ジャパン・リミテッド（東京都千代田区、資本金６００億円、常勤役職員８２２名、第一種金融商品取引業及び第二種金融商品取引業）を検査した結果、下記のとおり、当該金融商品取引業者に係る法令違反の事実が認められたので、本日、証券取引等監視委員会は、内閣総理大臣及び金融庁長官に対して、金融庁設置法第２０条第１項の規定に基づき、行政処分を行うよう勧告した。 ２．事実関係 ○ ユーロ円TIBOR等に係る不適切な行為 当社債券本部金利商品部円レーツトレーダー（当時。以下「Ａトレーダー」という。）は、遅くとも平成１９年３月頃から、ユーロ円TIBOR（以下「TIBOR」という。）のレートを呈示するユービーエス・エイ・ジー東京支店の職員（以下「呈示担当者」という。）に対し、また、遅くとも平成１９年２月頃から、TIBORのレートを呈示する他の銀行の職員（以下、呈示担当者と合わせて「呈示担当者等」という。）に対し、Ａトレーダーが行っていた円金利に係るデリバティブ取引に有利になるようTIBORを変動させることを目的として、呈示レートの変更を要請するなどの働きかけを継続的に行っていた。 Ａトレーダーが行った当該行為は、TIBOR（３ヵ月）が株式会社東京金融取引所において上場されているユーロ円３ヵ月金利先物の取引対象であり、Ａトレーダーが当該取引所において当該先物の取引を行っていたこと及びTIBORは金融機関が資金を調達・運用するときの基準金利となるなど極めて重要な金融指標であることに鑑みれば、著しく不当かつ悪質であり、市場の公正性を損なうおそれがあるなど、公益及び投資者保護上、重大な問題があると認められる。 更に、Ａトレーダーは、遅くとも平成１９年６月頃から、ＵＢＳグループが呈示する円LIBORの呈示レートについても、変更を要請するなどの不適切な働きかけを継続的に行っていた。 また、こうした働きかけを長期間にわたり看過し、当該行為を放置し適切な対応を行っていないなど、当社の内部管理態勢には重大な不備が認められた。 このように、（１）Ａトレーダーは、TIBORについて、当社の自己取引として行っていた市場デリバティブ取引のために呈示担当者等に対し働きかけを行ったものであり、当該行為は当社における金融商品取引業に関し行ったものと認められること、（２）当該行為は、市場の公正性を損なうおそれがあるなど、公益及び投資者保護上、著しく不当かつ悪質であると認められること、（３）Ａトレーダーは、TIBORだけでなく円LIBORについても働きかけを行っていたこと、（４）当社の内部管理態勢に重大な問題が認められること、から、当社の行為は、金融商品取引法第５２条第１項第９号（金融商品取引業に関し、不正又は著しく不当な行為をした場合において、その情状が特に重いとき）に該当するものと認められる。 （参考条文） ○ 金融商品取引法（昭和23年法律第25号）（抄） （金融商品取引業者に対する監督上の処分） 第五十二条 内閣総理大臣は、金融商品取引業者が次の各号のいずれかに該当する場合においては、当該金融商品取引業者の第二十九条の登録を取り消し、第三十条第一項の認可を取り消し、又は六月以内の期間を定めて業務の全部若しくは一部の停止を命ずることができる 。 一～八　（略） 九 金融商品取引業に関し、不正又は著しく不当な行為をした場合において、その情状が特に重いとき 。 十・十一　（略） ２～５　（略）
2011-11-29,日本産業ホールディングズ株式会社,,日本産業ホールディングズ株式会社に係る四半期報告書の虚偽記載に係る課徴金納付命令勧告について（平成23年11月29日）,https://www.fsa.go.jp/sesc/news/c_2011/2011/20111129-1.html,"平成２３年１１月２９日 証券取引等監視委員会 日本産業ホールディングズ株式会社に係る四半期報告書の虚偽記載に係る課徴金納付命令勧告について １．勧告の内容 証券取引等監視委員会は、日本産業ホールディングズ株式会社に係る四半期報告書の虚偽記載について検査した結果、以下のとおり法令違反の事実が認められたので、本日、内閣総理大臣及び金融庁長官に対して、金融庁設置法第２０条第１項の規定に基づき、課徴金納付命令を発出するよう勧告を行った。 ２．法令違反の事実関係 日本産業ホールディングズ株式会社は、北海道財務局長に対し、一般管理費の過少計上等により、別添のとおり、金融商品取引法第１７２条の４第２項に規定する「重要な事項につき虚偽の記載がある」四半期報告書を提出したものである。 ［虚偽記載の概要］ （単位：百万円） 【平成22年3月第3四半期四半期報告書】 虚偽記載額 認定金額 連結売上高 1,126 625 連結経常損益 ▲172 ▲237 連結四半期純損益 ▲192 ▲257 連結純資産額 346 281 ３．課徴金の額の計算 上記の違法行為に対し金融商品取引法に基づき納付を命じられる課徴金の額は、１５０万円である。 金融商品取引法第１７２条の４第２項の規定により、平成２２年３月第３四半期四半期報告書に係る課徴金の額は、 (i)　当該法人が発行する算定基準有価証券の市場価額の総額に１０万分の６を乗じて得た額（33,989円） が (ii)　6,000,000円 を超えないことから、6,000,000円の２分の１に相当する額である3,000,000円となるが、平成２２年３月第３四半期四半期報告書については、金融商品取引法第２６条の規定による検査等が行われる前に、課徴金の減額に係る報告がされていることから、金融商品取引法第１８５条の７第１２項の規定により、3,000,000円に１００分の５０を乗じて得た額に相当する額である1,500,000円となる。 （別添）日本産業ホールディングズ株式会社の四半期報告書の虚偽記載内容 提出日 書類 虚偽記載 会計期間 財務計算に 関する書類 内容（注） 事由 平成22年5月14日 第19期事業年度第3四半期連結会計期間に係る四半期報告書（平成22年3月第3四半期四半期報告書） 平成21年7月1日～平成22年3月31日の第3四半期連結累計期間 四半期連結 損益計算書 連結経常損益が▲237百万円であるところを▲172百万円と記載 連結四半期純損益が▲257百万円であるところを▲192百万円と記載 ・一般管理費の過少計上等 （注）金額は百万円未満切捨てである。また、▲は損失であることを示す。"
2011-12-12,井上工業株式会社,,井上工業株式会社株券に係る偽計事件の告発について（平成23年12月12日）,https://www.fsa.go.jp/sesc/news/c_2011/2011/20111212-1.html,平成23年12月12日 証券取引等監視委員会 井上工業株式会社株券に係る偽計事件の告発について 証券取引等監視委員会は、平成２３年１２月１２日、金融商品取引法違反（偽計）の嫌疑で、犯則嫌疑者４名を東京地方検察庁検察官に告発した。 （注）本件は、警視庁と合同で調査・捜査を実施。 １．告発の対象となった犯則事実 犯則嫌疑者４名は、井上工業株式会社（以下「井上工業」という。）が平成２０年８月２８日に公表したアップル有限責任事業組合（以下「アップル組合」という。）を割当先とする第三者割当による新株式発行増資につき、発行価額１８億円のうち１５億円の払込みを仮装するとともに虚偽の事実を公表して偽計を用い、井上工業の新株を発行するとともに同社の株価を維持上昇させようと企て、アップル組合の従業者と共謀の上、井上工業新株の発行のため、及び、同社株価の維持上昇を図る目的をもって、同年９月２４日、井上工業名義の預金口座から出金した８億円及び７億円を、他の名義の預金口座を経由させてアップル組合名義の預金口座に入金し、アップル組合名義で、上記とは別の井上工業名義の預金口座に入金して払込みを仮装した上、その情を秘し、同日、東京都中央区日本橋兜町２番１号株式会社東京証券取引所が提供する適時開示情報システムであるＴＤｎｅｔにより、前記新株式発行増資の払込金として１８億円全額の払込みが完了した旨の虚偽の事実を公表し、もって有価証券の取引のため、及び、有価証券の相場の変動を図る目的をもって、偽計を用いたものである。 ２．関連条文 金融商品取引法第197条第1項第5号、第158条、刑法第60条 法定刑：犯則嫌疑者につき10年以下の懲役若しくは1000万円以下の罰金、 又はこれらの併科
2011-11-25,セントラル短資証券株式会社,,セントラル短資証券株式会社に対する検査結果に基づく勧告について（平成23年11月25日）,https://www.fsa.go.jp/sesc/news/c_2011/2011/20111125-1.html,平成23年11月25日 証券取引等監視委員会 セントラル短資証券株式会社に対する検査結果に基づく勧告について １．勧告の内容 証券取引等監視委員会がセントラル短資証券株式会社（東京都中央区、資本金１２億５，０００万円、役職員６１名、第一種金融商品取引業）を検査した結果、下記のとおり、当該金融商品取引業者の使用人に係る法令違反の事実が認められたので、本日、証券取引等監視委員会は、内閣総理大臣及び金融庁長官に対して、金融庁設置法第２０条第１項の規定に基づき、適切な措置を講じるよう勧告した。 ２．事実関係 ○ 金融商品取引業者の使用人が職務上の地位を利用した有価証券の取引をする行為等 セントラル短資証券株式会社（以下「当社」という。）の使用人は、当社が当社の顧客であるＡ社から平成２２年６月１５日に買い付けたＢ社発行の社債（以下「Ｂ社債」という。額面６００百万円）に関する、職務上知ったＡ社の注文の動向を含む取引情報に基づき、自己の職務上の地位を利用して、Ｃ証券会社に開設していた当該使用人の配偶者名義の口座を利用して、同日、当該使用人は自己の計算によりＢ社債（額面６００百万円）を買い付けた。 また、当該使用人は、平成２２年６月１５日、自己の計算によりＢ社債を買い付けるまでの過程において、当社の業務としてＡ社からＢ社債を買い付けるに際し、取引相手であるＡ社に対して、実際には顧客の取引意向に基づくものではないにもかかわらず、顧客の取引意向に基づくものとして売り気配を伝えた。 当該金融商品取引業者の使用人が行った上記行為のうち、当該使用人が自己の計算によりＢ社債を買い付けた行為は、金融商品取引法第３８条第７号に基づく金融商品取引業等に関する内閣府令第１１７条第１項第１２号に規定する「金融商品取引業者等の使用人が、自己の職務上の地位を利用して、顧客の有価証券の売買その他の取引等に係る注文の動向その他職務上知り得た特別の情報に基づいて、有価証券の売買その他の取引等をする行為」に該当すると認められる。 また、当該使用人が自己の計算によりＢ社債を買い付けるまでの過程において、顧客の取引意向に基づくものではないにもかかわらず、顧客の取引意向に基づくものとして売り気配をＡ社に対して伝えた行為は、金融商品取引法第３８条第７号に基づく金融商品取引業等に関する内閣府令第１１７条第１項第２号に規定する「金融商品取引契約の締結に関して、虚偽の表示をする行為」に該当すると認められる。 （参考条文） ○ 金融商品取引法（昭和23年法律第25号）（抄） （禁止行為） 第三十八条　金融商品取引業者等又はその役員若しくは使用人は、次に掲げる行為をしてはならない。 一～六　（略） 七　前各号に掲げるもののほか、投資者の保護に欠け、若しくは取引の公正を害し、又は金融商品取引業の信用を失墜させるものとして内閣府令で定める行為 ○ 金融商品取引業等に関する内閣府令（平成19年内閣府令第52号）（抄） （禁止行為） 第百十七条　法第三十八条第七号に規定する内閣府令で定める行為は、次に掲げる行為とする。 一　（略） 二 金融商品取引契約の締結 又はその勧誘 に関して、虚偽の表示を し、又は重要な事項につき誤解を生ぜしめるべき表示を する行為 三～十一　（略） 十二　個人である金融商品取引業者又は 金融商品取引業者等の 役員（役員が法人であるときは、その職務を行うべき社員を含む。）若しくは 使用人が、自己の職務上の地位を利用して、顧客の有価証券の売買その他の取引等に係る注文の動向その他職務上知り得た特別の情報に基づいて、 又は専ら投機的利益の追求を目的として 有価証券の売買その他の取引等をする行為 十三～三十二　（略） ２～22　（略）
2011-09-15,株式会社日本航空株式,,我が国証券市場における株式会社日本航空株式に係る不適切な取引について、香港の証券先物委員会が在香港投資運用会社及びその最高運用責任者に対して行った処分について（平成23年9月15日）,https://www.fsa.go.jp/sesc/news/c_2011/2011/20110915-1.html,平成23年9月15日 証券取引等監視委員会 我が国証券市場における株式会社日本航空株式に係る不適切な取引について、香港の証券先物委員会が在香港投資運用会社及びその最高運用責任者に対して行った処分について １．本日、香港の証券先物委員会（The Securities and Futures Commission、以下「香港SFC」という。）は、いずれも香港SFCより許認可を受けているOasis Management（Hong Kong）LLC（以下「オアシス」という。）及び同法人の最高運用責任者であるＡ氏個人に対してそれぞれ香港法令上の戒告処分（Reprimand）及び750万香港ドルの制裁金を課した旨、発表した。かかる香港SFCによる処分は、オアシス及びＡ氏が2006年に日本の株式市場で2つのファンドの計算において行った一連の取引につき、適格性（the fitness and properness）を欠くおそれがあると香港SFCが判断したこと等を根拠としてなされたものである。 本件については、証券取引等監視委員会（以下「当委員会」という。）の取引審査を端緒として、当委員会が香港SFCに取引に関する情報とともに、日本における規制や取引慣行についての資料等を継続して提供するなど、当委員会と香港SFCとが緊密な連携を行って来た。その結果、今般の香港SFCによる処分に至ったものである。 ２．香港SFCによる処分事案の概要は、以下のとおりである。 オアシスは、その運用するファンドの取引として、平成18年に株式会社日本航空の公募増資が公表された後に、新株の募集に申し込んだ上、発行価格決定日となった同年7月19日に、以下の行為を行った。 (1) 大引け直前の15分間に大量の引け成りの買い注文を発注し、その後それらを取り消した。 (2) 大引け前5分間に、日本航空株式の大量の空売りを行った。これらの空売りには直近公表価格以下での空売りを禁じる日本の証券取引法（当時）に違反するものも含まれていた。 オアシスの運用するファンドは、一連の空売りの決済日において、その約定分の約7割という大規模なフェイルを発生させた。その後公募株券等で当該フェイルの約5割を解消させた。 香港SFCは、Ａ氏により執行された上記のオアシスの一連の行為は、日本航空株式の同日の終値を引き下げることを意図する外観を有するものであること、及び、オアシスの運用するファンドが自ら引き下げた終値に基づいて算出される発行価格で日本航空株式の公募株券を取得することで利益を上げることができる状況であったことを認定し、これらの点から、香港法令上、オアシス及びＡ氏が適格性を欠くおそれがあると判断したものである。 ３．本件については、クロスボーダー取引における不公正行為に対する香港SFCと当委員会との間の緊密な協力の結果処分に至ったものである。当委員会としては、今回の香港SFCの処分について高く評価するとともに、今後とも行為者の居住地にかかわらず、我が国証券市場を舞台とする不公正取引に対して厳正に対応し、市場の信頼を高めていくため、海外当局との緊密な連携強化に取り組んでまいりたい。
2011-11-02,トラベラー株式会社,,トラベラー株式に係る相場操縦に対する課徴金納付命令の勧告について（平成23年11月2日）,https://www.fsa.go.jp/sesc/news/c_2011/2011/20111102-1.html,"平成２３年１１月２日 証券取引等監視委員会 トラベラー株式に係る相場操縦に対する課徴金納付命令の勧告について １．勧告の内容 証券取引等監視委員会は、トラベラー株式に係る相場操縦について検査した結果、下記のとおり法令違反の事実が認められたので、本日、内閣総理大臣及び金融庁長官に対して、金融庁設置法第２０条第１項の規定に基づき、課徴金納付命令を発出するよう勧告を行った。 ２．法令違反の事実関係 課徴金納付命令対象者は、トラベラー株式会社（現ＲＨトラベラー株式会社）の株式につき、同株式の売買を誘引する目的をもって、平成２１年８月３日午前８時５９分ころから同月１７日午後１時４８分ころまでの間、６取引日にわたり、高指値で大量の買い注文を発注して高値で約定させたり、高指値で買い注文と売り注文を同時期に発注して対当させて株価を引き上げるなどの方法により、同株式合計７万３０００株の買付け及び合計１万７０００株の売付けを行い、同株式の株価を１１８円から１６９円まで引き上げるなどし、自己の計算において、同株式の売買等が繁盛であると誤解させ、かつ、同株式の相場を変動させるべき一連の売買をしたものである。 同人が行った上記の行為は、金融商品取引法第１７４条の２第１項に規定する「第１５９条第２項第１号の規定に違反する一連の有価証券売買等」の違反行為に該当すると認められる。 ３．課徴金の額の計算 上記の違法行為に対し金融商品取引法に基づき納付を命じられる課徴金の額は、４３万円である。 計算方法の詳細については、別紙のとおり。 （別紙） ○　課徴金の額の計算方法について １．金融商品取引法第１７４条の２第１項に基づき、課徴金の額は、 (1) 売買対当数量（注１）に係るものについて、 （有価証券の売付価額）－（有価証券の買付価額） と、 (2) 当該違反行為に係る有価証券の買付数量が売付数量を超える場合には、当該超える数量に係るものについて、 （当該違反行為が終了してから１月を経過するまでの間の各日における当該有価証券の最高価格のうち最も高い価格×当該超える数量）－（有価証券の買付価額） との合計額として計算される。 （注１）売買対当数量：当該違反行為に係る有価証券の売付数量と買付数量のうち、いずれか少ない数量をいう。 ２．本件における課徴金の額は、下記(1)及び(2)によりそれぞれ算定される額の合計　434,000円 ⇒課徴金の額は１万円未満を切り捨てるため、 ４３万円 (1) 当該違反行為に係る売買対当数量は、 (ｉ) 当該違反行為に係る有価証券の売付数量は、17,000株であり、 (ii) 当該違反行為に係る有価証券の買付数量は、73,000株である ことから、17,000株となる。 当該売買対当数量に係るものについて、 売付価額2,790,000円（注２）－ 買付価額2,649,000円（注３） ＝141,000円 （注２）売付価額は、 「154円×1,000株、155円×2,000株、156円×2,000株、167円×7,000株、169円×5,000株」 の合計額である。 （注３）買付価額は、 「145円×3,000株、153円×3,000株、155円×1,000株、160円×10,000株」 の合計額である。 (2) 上記(1)のとおり、当該違反行為に係る有価証券の買付数量が、売付数量を超えることから、 当該超える数量56,000株（73,000株－17,000株）について、 当該違反行為が終了してから１月を経過するまでの間の各日における当該有価証券の最高価格のうち最も高い価格（158円）に当該超える数量を乗じて得た額 8,848,000円（158円×56,000株） －買付価額8,555,000円（注４） ＝293,000円 （注４）買付価額は、 「125円×1,000株、130円×1,000株、134円×4,000株、135円×3,000株、136円×1,000株、138円×2,000株、139円×3,000株、140円×5,000株、141円×1,000株、146円×1,000株、153円×5,000株、154円×3,000株、155円×2,000株、156円×2,000株、167円×7,000株、168円×10,000株、169円×5,000株」 の合計額である。"
2011-10-21,株式会社ビルウェル証券,,株式会社ビルウェル証券に対する検査結果に基づく勧告について（平成23年10月21日）,https://www.fsa.go.jp/sesc/news/c_2011/2011/20111021-1.html,平成23年10月21日 証券取引等監視委員会 株式会社ビルウェル証券に対する検査結果に基づく勧告について １．勧告の内容 関東財務局長が株式会社ビルウェル証券（東京都港区、資本金３億１，７００万円、役職員５名、第一種金融商品取引業）を検査した結果、下記のとおり、当該金融商品取引業者に係る法令違反の事実が認められたので、平成２３年１０月１８日、証券取引等監視委員会は、内閣総理大臣及び金融庁長官に対して、金融庁設置法第２０条第１項の規定に基づき、行政処分を行うよう勧告した。 ２．事実関係 ○ 純財産額及び自己資本規制比率が法定の基準を下回っている状況等 株式会社ビルウェル証券（以下「当社」という。）は、純財産額の大半を占める４，０００万円を、平成２３年４月１２日（以下「計上日」という。）以降、現金勘定に計上しており、計上日から代表取締役が交代した同年７月１５日までは前代表取締役（以下「前社長」という。）が、同日以降は現代表取締役（以下「現社長」という。）が現金で保管しているとしていた。 しかしながら、(1)計上日以降、当社は当該４，０００万円について社内規程に基づく実査を行っていない。(2)現社長は、社長就任時に前社長から現金４，０００万円を引き継いでいないとしている。また、(3)検査においても、現金４，０００万円は確認されていない。 このようなことから、当社においては、遅くとも現社長の就任時以降、当社の現金勘定に計上されている４，０００万円は存在しなかったものと認められる。 したがって、遅くとも平成２３年７月１５日から検査基準日（平成２３年９月１６日）現在まで、当社の純財産額は、公益又は投資者保護のため必要かつ適当なものとして金融商品取引法（以下「金商法」という。）第２９条の４第１項第５号ロに基づく金融商品取引法施行令第１５条の９第１項に定める額（５，０００万円。以下「法定の純財産額」という。）に満たない額となっており、自己資本規制比率についても１００％を著しく下回る状況となっている。 しかしながら、当社は、４，０００万円が現金で当社の資産として存在するとして算出した虚偽の自己資本規制比率又は純財産額を金商法第４６条の６第１項に定める月末の届出及び第５６条の２第１項に基づくモニタリング調査において報告している。このため、当社は、同法第４６条の６第１項に基づく金融商品取引業等に関する内閣府令第１７９条第１項第１号（自己資本規制比率が１４０％を下回った場合）及び同法第５０条第１項第８号に基づく同府令第１９９条第１１号イ（純財産額が５，０００万円に満たなくなった場合）に定める届出を行っていなかった。 以上のとおり、当社の純財産額が法定の純財産額に満たない状況は、第一種金融商品取引業者に対して、監督上の処分を命ずることができる場合の要件となる金商法第５２条第１項第３号（同法第２９条の４第１項第５号ロ（純財産額が５，０００万円に満たない者）に該当することとなったとき）に該当するものと認められる。 また、当社の自己資本規制比率が１００％を著しく下回っている状況は、第一種金融商品取引業者に対して、監督上の処分を命ずることができる場合の要件となる金商法第５３条第２項に定める「金融商品取引業者が第４６条の６第２項の規定に違反している場合（自己資本規制比率が１００％を下回るときに限る。）において、公益又は投資者保護のため必要かつ適当であると認めるとき」に該当するものと認められる。 更に、当社が虚偽の自己資本規制比率を関東財務局長に届け出たことは、金商法第４６条の６第１項に違反するものと認められる。また、同法第５６条の２第１項に基づくモニタリング調査に対し虚偽の報告を行ったことは、同法第５２条第１項第６号（金融商品取引業に関し法令に基づいてする行政官庁の処分に違反したとき）に該当するものと認められる。 （参考条文） ○ 金融商品取引法（昭和23年法律第25号）（抄） （登録の拒否） 第二十九条の四 内閣総理大臣は、登録申請者が次の各号のいずれかに該当するとき 、又は登録申請書若しくはこれに添付すべき書類若しくは電磁的記録のうちに虚偽の記載若しくは記録があり、若しくは重要な事実の記載若しくは記録が欠けているとき は、その登録を拒否しなければならない 。 一～四　（略） 五 第一種金融商品取引業又は投資運用業を行おうとする場合にあつては、次のいずれかに該当する者 イ　（略） ロ 純財産額（内閣府令で定めるところにより、資産の合計金額から負債の合計金額を控除して算出した額をいう。）が、公益又は投資者保護のため必要かつ適当なものとして政令で定める金額に満たない者 ハ～ヘ　（略） 六　（略） ２～５　（略） （自己資本規制比率） 第四十六条の六 金融商品取引業者は、資本金、準備金その他の内閣府令で定めるものの額の合計額から固定資産その他の内閣府令で定めるものの額の合計額を控除した額の、保有する有価証券の価格の変動その他の理由により発生し得る危険に対応する額として内閣府令で定めるものの合計額に対する比率（以下「自己資本規制比率」という。）を算出し、毎月末及び内閣府令で定める場合に、内閣総理大臣に届け出なければならない 。 ２ 金融商品取引業者は、自己資本規制比率が百二十パーセントを下回ることのないようにしなければならない 。 ３　（略） （休止等の届出） 第五十条 金融商品取引業者等は、次の各号のいずれかに該当することとなつたときは、遅滞なく、その旨を内閣総理大臣に届け出なければならない 。 一～七　（略） 八 その他内閣府令で定める場合に該当するとき 。 ２　（略） （金融商品取引業者に対する監督上の処分） 第五十二条 内閣総理大臣は、金融商品取引業者が次の各号のいずれかに該当する場合においては、当該金融商品取引業者の第二十九条の登録を取り消し、第三十条第一項の認可を取り消し、又は六月以内の期間を定めて業務の全部若しくは一部の停止を命ずることができる 。 一・二　（略） 三 第一種金融商品取引業 又は投資運用業 を行う金融商品取引業者が、第二十九条の四第一項第五号 イ又は ロに該当することとなつたとき 。 四・五　（略） 六 金融商品取引業 又はこれに付随する業務 に関し 法令（第四十六条の六第二項を除く。）又は 法令に基づいてする行政官庁の処分に違反したとき 。 七～十一　（略） ２～５　（略） （自己資本規制比率についての命令） 第五十三条　（略） ２ 内閣総理大臣は、金融商品取引業者が第四十六条の六第二項の規定に違反している場合（自己資本規制比率が、百パーセントを下回るときに限る。）において、公益又は投資者保護のため必要かつ適当であると認めるときは、その必要の限度において、三月以内の期間を定めて業務の全部又は一部の停止を命ずることができる 。 ３　（略） （報告の徴取及び検査） 第五十六条の二 内閣総理大臣は、公益又は投資者保護のため必要かつ適当であると認めるときは、金融商品取引業者等 、これと取引をする者、当該金融商品取引業者等（登録金融機関を除く。）がその総株主等の議決権の過半数を保有する銀行等（以下この項において「子特定法人」という。）、当該金融商品取引業者等を子会社（第二十九条の四第三項に規定する子会社をいう。以下この条において同じ。）とする持株会社（私的独占の禁止及び公正取引の確保に関する法律第九条第四項第一号に規定する持株会社をいう。以下この条において同じ。）若しくは当該金融商品取引業者等から業務の委託を受けた者 に対し当該金融商品取引業者等の業務若しくは財産に関し参考となるべき報告若しくは資料 （当該子特定法人にあつては、当該金融商品取引業者等（登録金融機関を除く。）の財産に関し参考となるべき報告又は資料に限る。） の提出を命じ 、又は当該職員に当該金融商品取引業者等、当該子特定法人、当該金融商品取引業者等を子会社とする持株会社若しくは当該金融商品取引業者等から業務の委託を受けた者の業務若しくは財産の状況若しくは帳簿書類その他の物件の検査（当該子特定法人にあつては当該金融商品取引業者等（登録金融機関を除く。）の財産に関し必要な検査に、当該金融商品取引業者等を子会社とする持株会社又は当該金融商品取引業者等から業務の委託を受けた者にあつては当該金融商品取引業者等の業務又は財産に関し必要な検査に限る。）をさせ ることができる 。 ２～４　（略） ○ 金融商品取引法施行令（昭和40年政令第321号）（抄） （金融商品取引業者の最低資本金の額等） 第十五条の七　法第二十九条の四第一項第四号（法第三十一条第五項 において準用する場合を含む。）に規定する政令で定める金額は、次の各号に掲げる場合の区分に応じ、当該各号に定める金額とする。 一・二　（略） 三 第一種金融商品取引業 又は投資運用業 を行おうとする場合 （前二号に掲げる場合を除く。） 五千万円 四　（略） ２　（略） （金融商品取引業者の最低純財産額） 第十五条の九 法第二十九条の四第一項第五号ロ （法第三十一条第五項において準用する場合を含む。） に規定する政令で定める金額は、第十五条の七第一項各号 （第四号を除く。） に掲げる場合の区分に応じ、当該各号に定める金額とする 。 ２　（略） ○ 金融商品取引業等に関する内閣府令（平成19年内閣府令第52号）（抄） （自己資本規制比率の届出） 第百七十九条 法第四十六条の六第一項に規定する内閣府令で定める場合は、次に掲げる場合とする 。 一　自己資本規制比率が百四十パーセントを下回った場合 二　（略） ２～６　（略） （金融商品取引業者が休止等の届出を行う場合） 第百九十九条 金融商品取引業者にあっては、法第五十条第一項第八号に規定する内閣府令で定める場合は、次に掲げる場合とする 。 一～十　（略） 十一 第一種金融商品取引業 又は投資運用業 を行う者にあっては、次に掲げる場合 イ 法第二十九条の四第一項第五号 イ又は ロに該当することとなった場合 ロ～チ　（略） 十二・十三　（略）
2011-09-30,田原投資コンサルティング株式会社,,田原投資コンサルティング株式会社に対する検査結果に基づく勧告について（平成23年9月30日）,https://www.fsa.go.jp/sesc/news/c_2011/2011/20110930-1.html,平成23年９月30日 証券取引等監視委員会 田原投資コンサルティング株式会社に対する検査結果に基づく勧告について １．勧告の内容 関東財務局長が田原投資コンサルティング株式会社（東京都港区、資本金１０百万円、常勤役職員１名、投資助言・代理業）を検査した結果、下記のとおり、当該金融商品取引業者に係る法令違反の事実が認められたので、本日、証券取引等監視委員会は、内閣総理大臣及び金融庁長官に対して、金融庁設置法第２０条第１項の規定に基づき、行政処分を行うよう勧告した。 ２．事実関係 ○ 無登録で外国投資証券に係る募集の取扱い等を行っている状況 田原投資コンサルティング株式会社（以下「当社」という。）は、平成１７年６月から検査基準日（同２３年４月１１日）までの間、当社と投資顧問契約を締結していない者を含む多数の顧客（以下「投資顧問顧客等」という。）に対し、外国投資証券に係る募集の取扱い又は私募の取扱い（以下「募集の取扱い等」という。）を行い、これにより少なくとも１２名の投資顧問顧客等が延べ２１回取得に至っている状況が認められた。 当社が行った上記の行為は、金融商品取引法第２８条第１項に掲げる「第一種金融商品取引業」（同法第２条第８項第９号に掲げる「有価証券の募集の取扱い等」を業として行うこと）に該当するものであり、当社が同法第３１条第４項に基づく変更登録を受けることなく「第一種金融商品取引業」を行うことは、同法第２９条に違反するものと認められる（ただし、平成１９年９月２９日以前の行為については、改正前の証券取引法第２条第８項に定める証券業（同項第６号に掲げる「有価証券の募集の取扱い等」を営業として行うこと）に該当するものであり、当社が登録を受けずに証券業を行うことは、同法第２８条に違反するものと認められる。）。 （参考条文） ○ 金融商品取引法（昭和23年法律第25号）（抄） （定義） 第二条 この法律において「有価証券」とは、次に掲げるものをいう 。 一～十　（略） 十一　投資信託及び投資法人に関する法律に規定する投資証券若しくは投資法人債券又は 外国投資証券 十二～二十一　（略） ２～７　（略） ８　この法律において 「金融商品取引業」とは、次に掲げる行為 （その内容等を勘案し、投資者の保護のため支障を生ずることがないと認められるものとして政令で定めるもの及び銀行、優先出資法第二条第一項に規定する協同組織金融機関（以下「協同組織金融機関」という。）その他政令で定める金融機関が行う第十二号、第十四号、第十五号又は第二十八条第八項各号に掲げるものを除く。） のいずれかを業として行うことをいう 。 一～八　（略） 九 有価証券の募集 若しくは売出し の取扱い又は私募 若しくは特定投資家向け売付け勧誘等 の取扱い 十～十八　（略） ９～33　（略） 第二十八条　この章において 「第一種金融商品取引業」とは、金融商品取引業のうち、次に掲げる行為のいずれかを業として行うことをいう 。 一 有価証券 （第二条第二項の規定により有価証券とみなされる同項各号に掲げる権利を除く。） についての同条第八項 第一号から第三号まで、第五号、第八号又は 第九号に掲げる行為 二～五　（略） ２～８　（略） （登録） 第二十九条 金融商品取引業は、内閣総理大臣の登録を受けた者でなければ、行うことができない 。 ○ 証券取引法（昭和23年法律第25号）（抄） （「証券取引法等の一部を改正する法律」（平成18年法律第65号）施行前） （定義） 第二条 この法律において「有価証券」とは、次に掲げるものをいう 。 一～七　（略） 七の二　投資信託及び投資法人に関する法律に規定する投資証券若しくは投資法人債券又は 外国投資証券 七の三～十一　（略） ２～７　（略） ８　この法律において 「証券業」とは、 銀行、優先出資法第二条第一項に規定する協同組織金融機関（以下「協同組織金融機関」という。）その他政令で定める金融機関以外の者が 次に掲げる行為のいずれかを行う営業をいう 。 一～五　（略） 六 有価証券の募集 若しくは売出し の取扱い又は私募の取扱い 七　（略） ９～32　（略） （登録） 第二十八条 証券業は、内閣総理大臣の登録を受けた者でなければ、営んではならない 。
2011-09-13,株式会社ジェイ・二十一,,公開買付者との契約締結者からの情報受領者によるジェイ・エー・エー株式に係る内部者取引に対する課徴金納付命令の勧告について（平成23年9月13日）,https://www.fsa.go.jp/sesc/news/c_2011/2011/20110913-1.html,"平成２３年９月１３日 証券取引等監視委員会 公開買付者との契約締結者からの情報受領者によるジェイ・エー・エー株式に係る内部者取引に対する課徴金納付命令の勧告について １．勧告の内容 証券取引等監視委員会は、公開買付者との契約締結者からの情報受領者によるジェイ・エー・エー株式に係る内部者取引について検査した結果、下記のとおり法令違反の事実が認められたので、本日、内閣総理大臣及び金融庁長官に対して、金融庁設置法第２０条第１項の規定に基づき、課徴金納付命令を発出するよう勧告を行った。 ２．法令違反の事実関係 課徴金納付命令対象者は、株式会社ジェイ・二十一の役員Ａから、同社の役員Ｂが同社と株式会社ギャロップ（以下「ギャロップ」という。）との間の公開買付けの応募に関する基本合意契約の締結の交渉に関し知り、その後、役員Ａがその職務に関し知った、ギャロップの業務執行を決定する機関が、株式会社ジェイ・エー・エー（以下「ジェイ・エー・エー」という。）の株式の公開買付けを行うことを決定した事実の伝達を受けながら、この事実が公表された平成２２年４月１６日より前の同年３月１７日から同年４月１５日までの間に、自己の計算において、ジェイ・エー・エーの株式合計１７６株を買付価額合計１５８６万３２００円で買い付けたものである。 課徴金納付命令対象者が行った上記の行為は、金融商品取引法第１７５条第２項に規定する「第１６７条第１項又は第３項の規定に違反して、同条第１項に規定する特定株券等若しくは関連株券等に係る買付け等又は同項に規定する株券等に係る売付け等をした」行為に該当すると認められる。 ３．課徴金の額の計算 上記の違法行為に対し、金融商品取引法に基づき納付を命じられる課徴金の額は、８７９万円である。 計算方法の詳細については、別紙のとおり。 （別紙） ○　課徴金の額の計算方法について 金融商品取引法第１７５条第２項に基づき、課徴金の額は、 （公開買付けの実施に関する事実が公表された後２週間における最も高い価格）×（買付株数） － （買付価格）×（買付株数） となる。 したがって、公開買付けの実施に関する事実の公表後２週間におけるジェイ・エー・エーの最も高い株価は、平成２２年４月２２日の１４０，１００円であることから、課徴金の額は下記の金額となる。 （１４０，１００円×１７６株） － 買付価額１５，８６３，２００円 （注） ＝８，７９４，４００円 ⇒課徴金の額は１万円未満を切り捨てるため、 ８７９万円 （注）買付価額は、 「86,500円×1株、86,900円×1株、87,000円×7株、88,000円×2株、88,800円×3株、88,900円×1株、89,000円×26株、89,500円×1株、89,700円×4株、89,800円×16株、89,900円×34株、90,000円×31株、90,600円×1株、90,900円×11株、91,000円×1株、91,500円×15株、91,600円×1株、92,500円×3株、92,800円×1株、92,900円×1株、93,000円×15株」 の合計額である。"
2011-08-25,株式会社ｆｏｎｆｕｎ,2323,株式会社ｆｏｎｆｕｎに係る有価証券報告書等の虚偽記載に係る課徴金納付命令勧告について（平成23年8月25日）,https://www.fsa.go.jp/sesc/news/c_2011/2011/20110825-1.html,"平成２３年８月２５日 証券取引等監視委員会 株式会社ｆｏｎｆｕｎに係る有価証券報告書等の虚偽記載に係る課徴金納付命令勧告について １．勧告の内容 証券取引等監視委員会は、株式会社ｆｏｎｆｕｎに係る有価証券報告書等の虚偽記載について検査した結果、以下のとおり法令違反の事実が認められたので、本日、内閣総理大臣及び金融庁長官に対して、金融庁設置法第２０条第１項の規定に基づき、課徴金納付命令を発出するよう勧告を行った。 ２．法令違反の事実関係 (1)　株式会社ｆｏｎｆｕｎは、関東財務局長に対し、貸倒引当金の過少計上及び債務保証損失引当金の不計上等により、別添のとおり、平成２０年法律第６５号による改正前の金融商品取引法（以下「旧金融商品取引法」という。）第１７２条の２第１項及び第２項並びに金融商品取引法第１７２条の４第１項及び第２項に規定する「重要な事項につき虚偽の記載がある」有価証券報告書等を提出したものである。 ［虚偽記載の概要］ （単位：百万円） 【平成20年6月第1四半期四半期報告書】 虚偽記載額 認定金額 連結売上高 688 688 連結経常損益 ▲120 ▲120 連結四半期純損益 ▲123 ▲264 連結純資産額 2,076 1,935 【平成20年9月第2四半期四半期報告書】 虚偽記載額 認定金額 連結売上高 1,368 1,368 連結経常損益 ▲187 ▲187 連結四半期純損益 ▲568 ▲797 連結純資産額 1,629 1,399 【平成20年12月第3四半期四半期報告書】 虚偽記載額 認定金額 連結売上高 2,036 2,036 連結経常損益 ▲266 ▲266 連結四半期純損益 ▲667 ▲1,100 連結純資産額 1,501 1,069 【平成21年3月期有価証券報告書】 虚偽記載額 認定金額 連結売上高 2,395 2,395 連結経常損益 ▲372 ▲367 連結当期純損益 ▲1,680 ▲2,129 純資産額 613 132 【平成21年6月第1四半期四半期報告書】 虚偽記載額 認定金額 売上高 267 267 経常損益 6 19 四半期純損益 12 18 純資産額 630 155 【平成21年9月第2四半期四半期報告書】 虚偽記載額 認定金額 売上高 555 555 経常損益 12 39 四半期純損益 23 37 純資産額 640 173 【平成21年12月第3四半期四半期報告書】 虚偽記載額 認定金額 連結売上高 813 813 連結経常損益 0 38 連結四半期純損益 ▲19 7 連結純資産額 727 274 【平成22年3月期有価証券報告書】 虚偽記載額 認定金額 連結売上高 1,107 1,107 連結経常損益 42 94 連結当期純損益 13 45 連結純資産額 766 316 【平成22年6月第1四半期四半期報告書】 虚偽記載額 認定金額 連結売上高 257 257 連結経常損益 10 24 連結四半期純損益 8 16 連結純資産額 775 333 【平成22年9月第2四半期四半期報告書】 虚偽記載額 認定金額 連結売上高 530 530 連結経常損益 24 53 連結四半期純損益 23 41 連結純資産額 791 359 (2)　株式会社ｆｏｎｆｕｎは、関東財務局長に対し、平成２１年１０月３０日、重要な事項につき虚偽の記載がある平成２１年３月期有価証券報告書（別添番号欄４参照）、平成２１年６月第１四半期四半期報告書（別添番号欄５参照）を組込情報とする有価証券届出書を提出し、同有価証券届出書に基づく募集により、同年１１月１６日、５１５，０００株の株式を１０３，０００，０００円で取得させた。 同社が行った上記の行為は、金融商品取引法第１７２条の２第１項第１号に規定する「重要な事項につき虚偽の記載がある」発行開示書類に基づく募集により有価証券を取得させた行為に該当すると認められる。 ３．課徴金の額の計算 上記の違法行為に対し旧金融商品取引法及び金融商品取引法に基づき納付を命じられる課徴金の額は、１，９６３万円である。 (1) 旧金融商品取引法第１７２条の２第１項及び第２項の規定により、平成２０年６月第１四半期四半期報告書、平成２０年９月２四半期四半期報告書、平成２０年１２月第３四半期四半期報告書及び平成２１年３月期有価証券報告書に係る課徴金について、個別決定ごとの算出額は、 (i)　当該法人が発行する算定基準有価証券の市場価額の総額に１０万分の３を乗じて得た額（473,326円） が (ii)　3,000,000円 を超えないことから、 平成２０年６月第１四半期四半期報告書については、1,500,000円 平成２０年９月第２四半期四半期報告書については、1,500,000円 平成２０年１２月第３四半期四半期報告書については、1,500,000円 平成２１年３月期有価証券報告書については、3,000,000円 となる。 ここで、これらの書類が同一の事業年度に係るものであることから、旧金融商品取引法第１８５条の７第２項の規定により、下記のとおり３００万円を個別決定ごとの算出額に応じて按分した金額が課徴金の額となる。 平成２０年６月第１四半期四半期報告書に係る課徴金の額は 600,000円 平成２０年９月第２四半期四半期報告書に係る課徴金の額は 600,000円 平成２０年１２月第３四半期四半期報告書に係る課徴金の額は 600,000円 平成２１年３月期有価証券報告書に係る課徴金の額は 1,200,000円 (2) 金融商品取引法第１７２条の４第１項及び第２項の規定により、平成２１年６月第１四半期四半期報告書、平成２１年９月第２四半期四半期報告書、平成２１年１２月第３四半期四半期報告書及び平成２２年３月期有価証券報告書に係る課徴金について、個別決定ごとの算出額は、 (i)　当該法人が発行する算定基準有価証券の市場価額の総額に１０万分の６を乗じて得た額 （平成２１年６月第１四半期四半期報告書 22,625円 平成２１年９月第２四半期四半期報告書 40,151円 平成２１年１２月第３四半期四半期報告書 32,582円 平成２２年３月期有価証券報告書 32,791円） が (ii)　6,000,000円 を超えないことから、 平成２１年６月第１四半期四半期報告書については、3,000,000円 平成２１年９月第２四半期四半期報告書については、3,000,000円 平成２１年１２月第３四半期四半期報告書については、3,000,000円 平成２２年３月期有価証券報告書については、6,000,000円 となる。 ここで、これらの書類が同一の事業年度に係るものであることから、金融商品取引法第１８５条の７第６項の規定により、下記のとおり６００万円を個別決定ごとの算出額に応じて按分した金額が課徴金の額となる。 平成２１年６月第１四半期四半期報告書に係る課徴金の額は 1,200,000円 平成２１年９月第２四半期四半期報告書に係る課徴金の額は 1,200,000円 平成２１年１２月第３四半期四半期報告書に係る課徴金の額は 1,200,000円 平成２２年３月期有価証券報告書に係る課徴金の額は 2,400,000円 (3) 金融商品取引法第１７２条の４第２項の規定により、平成２２年６月第１四半期四半期報告書及び平成２２年９月第２四半期四半期報告書に係る課徴金について、個別決定ごとの算出額は、 (i)　当該法人が発行する算定基準有価証券の市場価額の総額に１０万分の６を乗じて得た額 （平成２２年６月第１四半期四半期報告書 47,180円 平成２２年９月第２四半期四半期報告書 32,470円） が (ii)　6,000,000円 を超えないことから、 平成２２年６月第１四半期四半期報告書については、3,000,000円 平成２２年９月第２四半期四半期報告書については、3,000,000円 となる。 (4) 金融商品取引法第１７２条の２第１項第１号の規定により、重要な事項につき虚偽の記載がある発行開示書類に基づく募集により取得させた株券等の発行価額の総額の１００分の４．５に相当する額が課徴金の額となることから、 平成２１年１０月３０日提出の有価証券届出書に係る課徴金の額は、 103,000,000円×4.5／100＝4,635,000円 について、金融商品取引法第１７６条第２項の規定により１万円未満の端数を切り捨てて、4,630,000円 となる。 （別添）株式会社ｆｏｎｆｕｎの有価証券報告書等の虚偽記載内容 番号 開示書類 虚偽記載 提出日 書類 会計期間 財務計算に 関する書類 内容（注） 事由 １ 平成20年8月13日 第13期事業年度第1四半期連結会計期間に係る四半期報告書（平成20年6月第1四半期四半期報告書） 平成20年4月1日～平成20年6月30日の第1四半期連結累計期間 四半期連結 損益計算書 連結四半期純損益が▲264百万円であるところを▲123百万円と記載 ・貸倒引当金の過少計上 ２ 平成20年11月12日 第13期事業年度第2四半期連結会計期間に係る四半期報告書（平成20年9月第2四半期四半期報告書） 平成20年4月1日～平成20年9月30日の第2四半期連結累計期間 四半期連結 損益計算書 連結四半期純損益が▲797百万円であるところを▲568百万円と記載 ・貸倒引当金の過少計上 等 ３ 平成21年2月12日 第13期事業年度第3四半期連結会計期間に係る四半期報告書（平成20年12月第3四半期四半期報告書） 平成20年4月1日～平成20年12月31日の第3四半期連結累計期間 四半期連結 損益計算書 連結四半期純損益が▲1,100百万円であるところを▲667百万円と記載 ・貸倒引当金の過少計上 ・債務保証損失引当金の不計上 平成20年10月1日～平成20年12月31日の第3四半期連結会計期間 四半期連結 貸借対照表 連結純資産額が1,069百万円であるところを1,501百万円と記載 ４ 平成21年6月29日 第13期事業年度連結会計期間に係る有価証券報告書（平成21年3月期有価証券報告書） 平成20年4月1日～平成21年3月31日の連結会計期間 連結 損益計算書 連結当期純損益が▲2,129百万円であるところを▲1,680百万円と記載 ・貸倒引当金の過少計上 ・債務保証損失引当金の不計上 等 平成20年4月1日～平成21年3月31日の会計期間 貸借対照表 純資産額が132百万円であるところを613百万円と記載 ５ 平成21年8月13日 第14期事業年度第1四半期会計期間に係る四半期報告書（平成21年6月第1四半期四半期報告書） 平成21年4月1日～平成21年6月30日の第1四半期会計期間 四半期 貸借対照表 純資産額が155百万円であるところを630百万円と記載 ・貸倒引当金の過少計上 等 ６ 平成21年11月16日 第14期事業年度第2四半期会計期間に係る四半期報告書（平成21年9月第2四半期四半期報告書） 平成21年7月1日～平成21年9月30日の第2四半期会計期間 四半期 貸借対照表 純資産額が173百万円であるところを640百万円と記載 ・貸倒引当金の過少計上 等 ７ 平成22年2月15日 第14期事業年度第3四半期連結会計期間に係る四半期報告書（平成21年12月第3四半期四半期報告書） 平成21年10月1日～平成21年12月31日の第3四半期連結会計期間 四半期連結 貸借対照表 連結純資産額が274百万円であるところを727百万円と記載 ・貸倒引当金の過少計上 等 ８ 平成22年6月30日 第14期事業年度連結会計期間に係る有価証券報告書（平成22年3月期有価証券報告書） 平成21年4月1日～平成22年3月31日の連結会計期間 連結 貸借対照表 連結純資産額が316百万円であるところを766百万円と記載 ・貸倒引当金の過少計上 等 ９ 平成22年8月13日 第15期事業年度第1四半期連結会計期間に係る四半期報告書（平成22年6月第1四半期四半期報告書） 平成22年4月1日～平成22年6月30日の第1四半期連結会計期間 四半期連結 貸借対照表 連結純資産額が333百万円であるところを775百万円と記載 ・貸倒引当金の過少計上 等 10 平成22年11月12日 第15期事業年度第2四半期連結会計期間に係る四半期報告書（平成22年9月第2四半期四半期報告書） 平成22年7月1日～平成22年9月30日の第2四半期連結会計期間 四半期連結 貸借対照表 連結純資産額が359百万円であるところを791百万円と記載 ・貸倒引当金の過少計上 等 （注）金額は百万円未満切捨てである。また、▲は損失であることを示す。"
2011-10-12,株式会社ジャストシステム,4686,株式会社ジャストシステムとの契約締結者による内部者取引に対する課徴金納付命令の勧告について（平成23年10月12日）,https://www.fsa.go.jp/sesc/news/c_2011/2011/20111012-1.html,"平成２３年１０月１２日 証券取引等監視委員会 株式会社ジャストシステムとの契約締結者による内部者取引に対する課徴金納付命令の勧告について １．勧告の内容 証券取引等監視委員会は、株式会社ジャストシステムとの契約締結者による内部者取引について検査した結果、下記のとおり法令違反の事実が認められたので、本日、内閣総理大臣及び金融庁長官に対して、金融庁設置法第２０条第１項の規定に基づき、課徴金納付命令を発出するよう勧告を行った。 ２．法令違反の事実関係 課徴金納付命令対象者は、株式会社ジャストシステム（以下「ジャストシステム」という。）との業務委託契約の締結先の役員であったが、平成２１年２月上旬ころ、同契約の履行に関し、ジャストシステムの業務執行を決定する機関が、株式会社キーエンス（以下「キーエンス」という。）を割当先とする第三者割当増資を行うこと及びキーエンスとの業務提携を行うことについての決定をした旨の事実を知りながら、上記事実が公表された平成２１年４月３日より前の同年２月５日及び同月６日、自己の計算において、ジャストシステムの株式合計１０００株を買付価額合計１５万円で買い付けたものである。 課徴金納付命令対象者が行った上記の行為は、金融商品取引法第１７５条第１項に規定する「第１６６条第１項の規定に違反して、同条第１項に規定する売買等をした」行為に該当すると認められる。 ３．課徴金の額の計算 上記の違法行為に対し、金融商品取引法に基づき納付を命じられる課徴金の額は、２３万円である。 計算方法の詳細については、別紙のとおり。 （別紙） ○　課徴金の額の計算方法について 金融商品取引法第１７５条第１項に基づき、課徴金の額は、 （重要事実が公表された後２週間における最も高い価格）×（買付株数）－（買付価格）×（買付株数） となる。 したがって、重要事実の公表後２週間におけるジャストシステムの最も高い株価は、平成２１年４月６日の３８０円であることから、課徴金の額は下記の金額となる。 （３８０円×１，０００株）－買付価額１５０，０００円 （注） ＝２３０，０００円 （注）買付価額は、「150円×1,000株」の合計額である。"
2011-09-13,株式会社サイバー・コミュニケーションズ,,株式会社サイバー・コミュニケーションズ社員からの情報受領者による内部者取引に対する課徴金納付命令の勧告について（平成23年9月13日）,https://www.fsa.go.jp/sesc/news/c_2011/2011/20110913-2.html,"平成２３年９月１３日 証券取引等監視委員会 株式会社サイバー・コミュニケーションズ社員からの情報受領者による内部者取引に対する課徴金納付命令の勧告について １．勧告の内容 証券取引等監視委員会は、株式会社サイバー・コミュニケーションズ社員からの情報受領者による内部者取引について検査した結果、下記のとおり法令違反の事実が認められたので、本日、内閣総理大臣及び金融庁長官に対して、金融庁設置法第２０条第１項の規定に基づき、課徴金納付命令を発出するよう勧告を行った。 ２．法令違反の事実関係 課徴金納付命令対象者は、株式会社サイバー・コミュニケーションズ（以下「サイバー・コミュニケーションズ」という。）の社員Ａから、同社役員Ｂが同社と株式会社電通（以下「電通」という。）との間の機密保持契約の締結の交渉に関し知り、その後、社員Ａがその職務に関し知った、電通の業務執行を決定する機関が、サイバー・コミュニケーションズの株式の公開買付けを行うことを決定した事実の伝達を受けながら、この事実が公表された平成２１年２月２日より前の同年１月１５日から同月２６日までの間に、自己の計算において、サイバー・コミュニケーションズの株式合計９５株を買付価額合計１６７万５１４０円で買い付けたものである。 課徴金納付命令対象者が行った上記の行為は、金融商品取引法第１７５条第２項に規定する「第１６７条第１項又は第３項の規定に違反して、同条第１項に規定する特定株券等若しくは関連株券等に係る買付け等又は同項に規定する株券等に係る売付け等をした」行為に該当すると認められる。 ３．課徴金の額の計算 上記の違法行為に対し、金融商品取引法に基づき納付を命じられる課徴金の額は、２３３万円である。 計算方法の詳細については、別紙のとおり。 （別紙） ○　課徴金の額の計算方法について 金融商品取引法第１７５条第２項に基づき、課徴金の額は、 （公開買付けの実施に関する事実が公表された後２週間における最も高い価格）×（買付株数） － （買付価格）×（買付株数） となる。 したがって、公開買付けの実施に関する事実の公表後２週間におけるサイバー・コミュニケーションズの最も高い株価は、平成２１年２月１２日の４２，２５０円であることから、課徴金の額は下記の金額となる。 （４２，２５０円×９５株） － 買付価額１，６７５，１４０円 （注） ＝２，３３８，６１０円 ⇒課徴金の額は１万円未満を切り捨てるため、 ２３３万円 （注）買付価額は、 「17,270円×3株、17,280円×1株、17,300円×10株、17,320円×3株、17,380円×11株、17,390円×7株、17,400円×2株、17,440円×7株、17,450円×6株、17,880円×20株、17,960円×25株」 の合計額である。"
2011-07-15,株式会社ベネフィットアロー及びそ,,株式会社ベネフィットアロー及びその関係者２名に対する金融商品取引法違反行為に係る裁判所の緊急差止命令（同法第１９２条第１項）の発令について（平成23年7月15日）,https://www.fsa.go.jp/sesc/news/c_2011/2011/20110715-3.html,平成２３年７月１５日 証券取引等監視委員会 株式会社ベネフィットアロー及びその関係者２名に対する金融商品取引法違反行為に係る裁判所の緊急差止命令（同法第１９２条第１項）の発令について 証券取引等監視委員会が、平成２３年６月２４日に行った株式会社ベネフィットアロー（東京都中央区、資本金１００万円、適格機関投資家等特例業務届出者。金融商品取引業の登録等はない。）及び同社前代表取締役Ａ（注１）並びに同社関係者Ｂ及びＣに対する金融商品取引法違反行為（無登録で、同法第２条第２項の規定により有価証券とみなされる同項第５号及び第６号に掲げる権利の募集又は私募の取扱いを行うこと）の緊急差止命令の申立てのうち、被申立人である株式会社ベネフィットアロー、同社前代表取締役Ａ及び同社関係者Ｂに対し（注２）、本日、東京地方裁判所より、申立ての内容どおり、下記の命令が下された。 記 被申立人らは、金融商品取引法２９条所定の登録（ただし、第二種金融商品取引業を行う者としての登録）その他同法所定の適式の登録を受けずに、同法２条２項５号又は６号に掲げる権利について、募集又は私募の取扱いを業として行ってはならない。 （注１）Ａが株式会社ベネフィットアロー代表取締役を辞任し、後任としてＤが就任する旨の変更登記が平成２３年６月２４日（辞任及び就任の日は同月２２日）にされている。 （注２）被申立人Ｃについては、平成２３年７月５日に東京地方裁判所から、緊急差止命令が発令されている。 （参考１）株式会社ベネフィットアロー及びその役員等３名の金融商品取引法違反行為に係る裁判所への緊急差止命令の申立て（同法第１９２条第１項）について （参考２）株式会社ベネフィットアロー関係者１名に対する金融商品取引法違反行為に係る裁判所の緊急差止命令（同法第１９２条第１項）の発令について
2011-08-05,上場されている大東紡織株式会社,,福岡在住のデイトレーダーによる見せ玉手法等を用いた相場操縦嫌疑事件の告発について（平成23年8月5日）,https://www.fsa.go.jp/sesc/news/c_2011/2011/20110805-1.html,平成２３年８月５日 証券取引等監視委員会 福岡在住のデイトレーダーによる見せ玉手法等を用いた相場操縦嫌疑事件の告発について 証券取引等監視委員会は、平成２３年８月５日、金融商品取引法違反（相場操縦）の嫌疑で、下記の犯則嫌疑者を福岡地方検察庁検察官に告発した。 １．告発の対象となった犯則事実 犯則嫌疑者は、財産上の利益を得る目的で、 第１ 株式会社東京証券取引所が開設する有価証券市場に上場されている株式会社ＧＡＢＡの株券について、その株価の高値形成を図り、同株券の売買を誘引する目的をもって、平成１９年１１月１５日午前９時９分ころから同日午前９時２３分ころまでの間、同市場において、犯則嫌疑者名義で、複数の証券会社を介し、連続した高指値注文を行って高値を買い上がるなどの方法により、同株券合計４６株を買い付け、さらに、犯則嫌疑者名義で、複数の証券会社を介し、下値買い注文を大量に入れるなどの方法により、同株券合計１５０株の買付けの委託を行い、もって同株券売買等が繁盛であると誤解させ、かつ、同株券の相場を変動させるべき一連の売買及びその委託をし、その株価を１１万円から１２万２，０００円まで上昇させた上、そのころ、当該上昇させた株価により、犯則嫌疑者名義で、複数の証券会社を介し、同株券合計５９株を売り付け、 第２ 東京証券取引所が開設する有価証券市場に上場されている大東紡織株式会社の株券について、その株価の高値形成を図り、同株券の売買を誘引する目的をもって、 １ 平成２１年５月２１日午前９時１７分ころから同日午前９時１９分ころまでの間、同市場において、犯則嫌疑者以外の名義で、証券会社を介し、高指値注文を行って高値を買い上がるなどの方法により、同株券合計４万７，０００株を買い付け、さらに、下値買い注文を大量に入れるなどの方法により、犯則嫌疑者以外の名義で、複数の証券会社を介し、同株券合計２６万株の買付けの委託を行い、もって同株券売買等が繁盛であると誤解させ、かつ、同株券の相場を変動させるべき一連の売買及びその委託をし、その株価を１０６円から１０９円まで上昇させた上、そのころ、当該上昇させた株価により、犯則嫌疑者以外の名義で、証券会社を介し、同株券合計７万２，０００株を売り付け、 ２ 同日午前９時３１分ころから同日午前９時３７分ころまでの間、同市場において、犯則嫌疑者以外の名義で、証券会社を介し、連続した高指値注文を行って高値を買い上がるなどの方法により、同株券合計１１万８，０００株を買い付け、さらに、下値買い注文を大量に入れるなどの方法により、犯則嫌疑者以外の名義で、複数の証券会社を介し、同株券合計２８万株の買付けの委託を行い、もって同株券売買等が繁盛であると誤解させ、かつ、同株券の相場を変動させるべき一連の売買及びその委託をし、その株価を１１１円から１１５円まで上昇させた上、そのころ、当該上昇させた株価により、犯則嫌疑者以外の名義で、証券会社を介し、同株券合計１２万７，０００株を売り付け、 ３ 同日午前９時４５分ころから同日午前９時４９分ころまでの間、同市場において、犯則嫌疑者以外の名義で、証券会社を介し、連続した高指値注文を行って高値を買い上がるなどの方法により、同株券合計４万１，０００株を買い付け、さらに、下値買い注文を大量に入れるなどの方法により、犯則嫌疑者以外の名義で、複数の証券会社を介し、同株券合計２５万株の買付けの委託を行い、もって同株券売買等が繁盛であると誤解させ、かつ、同株券の相場を変動させるべき一連の売買及びその委託をし、その株価を１１０円から１１３円まで上昇させた上、そのころ、当該上昇させた株価により、犯則嫌疑者以外の名義で、証券会社を介し、同株券合計６万１，０００株を売り付け、 ４ 同日午前１０時３３分ころから同日午前１０時４９分ころまでの間、同市場において、犯則嫌疑者以外の名義で、複数の証券会社を介し、連続した高指値注文を行って高値を買い上がるなどの方法により、同株券合計１９万８，０００株を買い付け、さらに、下値買い注文を大量に入れるなどの方法により、犯則嫌疑者以外の名義で、複数の証券会社を介し、同株券合計３４万株の買付けの委託を行い、もって同株券売買等が繁盛であると誤解させ、かつ、同株券の相場を変動させるべき一連の売買及びその委託をし、その株価を１１０円から１１４円まで上昇させた上、そのころ、当該上昇させた株価により、犯則嫌疑者以外の名義で、複数の証券会社を介し、同株券合計１９万２，０００株を売り付け、 ５ 同日午後零時３８分ころから同日午後零時４７分ころまでの間、同市場において、犯則嫌疑者以外の名義で、証券会社を介し、連続した高指値注文を行って高値を買い上がるなどの方法により、同株券合計８万１，０００株を買い付け、さらに、下値買い注文を大量に入れるなどの方法により、犯則嫌疑者以外の名義で、複数の証券会社を介し、同株券合計２９万株の買付けの委託を行い、もって同株券売買等が繁盛であると誤解させ、かつ、同株券の相場を変動させるべき一連の売買及びその委託をし、その株価を１０９円から１１２円まで上昇させた上、そのころ、当該上昇させた株価により、犯則嫌疑者以外の名義で、証券会社を介し、同株券合計１２万１，０００株を売り付け、 第３ 東京証券取引所が開設する有価証券市場に上場されている株式会社レオパレス２１の株券について、その株価の高値形成を図り、同株券の売買を誘引する目的をもって、 １ 平成２２年８月３１日午前９時ころから同日午前９時３分ころまでの間、同市場において、犯則嫌疑者以外の名義で、複数の証券会社を介し、連続した高指値注文を行って高値を買い上がるなどの方法により、同株券合計１０万５００株を買い付け、さらに、犯則嫌疑者以外の名義で、複数の証券会社を介し、下値買い注文を大量に入れるなどの方法により、同株券合計６０万株の買付けの委託を行い、もって同株券売買等が繁盛であると誤解させ、かつ、同株券の相場を変動させるべき一連の売買及びその委託をし、その株価を１７９円から１８４円まで上昇させた上、そのころ、当該上昇させた株価により、犯則嫌疑者以外の名義で、複数の証券会社を介し、同株券合計１５万５００株を売り付け、 ２ 同日午前９時７分ころから同日午前９時２４分ころまでの間、同市場において、犯則嫌疑者以外の名義で、複数の証券会社を介し、連続した高指値注文を行って高値を買い上がるなどの方法により、同株券合計４３万８，０００株を買い付け、さらに、犯則嫌疑者以外の名義で、複数の証券会社を介し、下値買い注文を大量に入れるなどの方法により、同株券合計８０万株の買付けの委託を行い、もって同株券売買等が繁盛であると誤解させ、かつ、同株券の相場を変動させるべき一連の売買及びその委託をし、その株価を１７９円から１８１円まで上昇させた上、そのころ、当該上昇させた株価により、嫌疑者以外の名義で、複数の証券会社を介し、同株券合計４９万１００株を売り付け たものである。 ２．関連条文 金融商品取引法第１９７条第２項、同条第１項第５号、第１５９条第２項第１号 法定刑：１０年以下の懲役及び３０００万円以下の罰金
2011-08-02,株式会社ＮＥＳＴＡＧＥ関係者らによる現物出資制度,,株式会社ＮＥＳＴＡＧＥ関係者らによる現物出資制度を悪用した偽計事件の告発について（平成23年8月2日）,https://www.fsa.go.jp/sesc/news/c_2011/2011/20110802-2.html,平成23年８月２日 証券取引等監視委員会 株式会社ＮＥＳＴＡＧＥ関係者らによる現物出資制度を悪用した偽計事件の告発について 証券取引等監視委員会は、平成２３年８月２日、金融商品取引法違反（偽計）の嫌疑で、下記の犯則嫌疑法人及び犯則嫌疑者を大阪地方検察庁検察官に告発した。 １．告発の対象となった犯則事実 犯則嫌疑者７名は、ジャスダック証券取引所が開設する有価証券市場に株券を上場していた犯則嫌疑法人株式会社ＮＥＳＴＡＧＥ（以下「ＮＥＳＴＡＧＥ」という。）が、その平成２２年２月期決算において、前期に続いて債務超過になり、上場廃止基準に抵触するおそれがあったことなどから、クロスビズ株式会社（以下「クロスビズ」という。）を引受人とする現物出資を含む第三者割当増資を行って債務超過を解消するとともに、ＮＥＳＴＡＧＥの株価をつり上げることを企て、共謀の上、同社の業務及び財産に関し、同社の株券の発行のため、及び、同社の株価をつり上げる目的で、宿泊施設等であった土地及び建物３物件につき、真実は、募集株式の払込金額として予定していた１２億円に相当する価値がなく、同金額に相当する現物出資財産として適正な鑑定評価及びその価額が相当であることの証明を受けられないものであったにもかかわらず、平成２２年１月２２日から同年２月５日ころまでの間、実現可能な具体的な事業計画もないまま、水増しした客室数及び収容人数等に基づいて上記３物件の鑑定評価額が合計１３億円である旨の鑑定評価書を作成するなどして、上記３物件の価値を過大評価した上、同月１０日、株式会社東京証券取引所が提供する適時開示情報伝達システムであるＴＤｎｅｔにより、ＮＥＳＴＡＧＥの取締役会が、同月２６日を現物出資財産給付期日とし、クロスビズを割当先として、上記３物件の現物出資により発行価額総額１２億円のＡ種優先株式１２００株を発行することを決議した旨公表するに際し、上記３物件について、募集株式の払込金額１２億円に相当する現物出資財産として適正な鑑定評価及びその価額が相当であることの証明を受けており、同金額に相当する価値のある不動産が現物出資として給付される旨の虚偽の内容を含む公表を行い、もって有価証券の取引のため、及び、有価証券の相場の変動を図る目的をもって、偽計を用いたものである。 ２．関連条文 金融商品取引法第197条第1項第5号、第158条、第207条第1項第1号、刑法第60条 法定刑：法人につき　7億円以下の罰金 個人につき　10年以下の懲役若しくは1000万円以下の罰金、又は併科
2011-08-02,株式会社セイクレスト株式,,セイクレスト株式に係る相場操縦に対する課徴金納付命令の勧告について（平成23年8月2日）,https://www.fsa.go.jp/sesc/news/c_2011/2011/20110802-1.html,"平成２３年８月２日 証券取引等監視委員会 セイクレスト株式に係る相場操縦に対する課徴金納付命令の勧告について １．勧告の内容 証券取引等監視委員会は、株式会社セイクレスト株式に係る相場操縦について検査した結果、下記のとおり法令違反の事実が認められたので、本日、内閣総理大臣及び金融庁長官に対して、金融庁設置法第２０条第１項の規定に基づき、課徴金納付命令を発出するよう勧告を行った。 ２．法令違反の事実関係 課徴金納付命令対象者は、株式会社セイクレストの株式につき、同株式の売買を誘引する目的をもって (ア) 平成２２年１０月２７日午前１０時５８分ころから同日午後零時４０分ころまでの間、連続して直前約定値より高値で大量の買い注文を発注して高値で約定させたり、約定させる意思のない買い注文を複数発注するなどの方法により、合計２０万３３６２株の買い注文の発注及び合計１２万１８８０株の売り注文の発注を行うとともに、合計１２万１８８０株の売買を自己に有利な株価で約定させ、 (イ) 同日午後１時４７分ころから同日午後２時９分ころまでの間、連続して直前約定値より高値で大量の買い注文を発注して高値で約定させたり、約定させる意思のない買い注文を複数発注するなどの方法により、合計２８万８１２２株の買い注文の発注及び合計１４万８０４５株の売り注文の発注を行うとともに、合計１４万７１７３株の売買を自己に有利な株価で約定させ、 もって、それぞれ自己の計算において、同株式の相場を変動させるべき一連の売買及び委託をしたものである。 同人が行った上記の行為は、金融商品取引法第１７４条の２第１項に規定する「第１５９条第２項第１号の規定に違反する一連の有価証券売買等」及び「その委託等」の違反行為に該当すると認められる。 ３．課徴金の額の計算 上記の違法行為に対し金融商品取引法に基づき納付を命じられる課徴金の額は、５８万円である。 計算方法の詳細については、別紙のとおり。 （別紙） ○　課徴金の額の計算方法について １．金融商品取引法第１７４条の２第１項に基づき、課徴金の額は、 (1) 売買対当数量（注１）に係るものについて、 （有価証券の売付価額）－（有価証券の買付価額） と、 (2) 当該違反行為に係る有価証券の売付数量が買付数量を超える場合の、当該超える数量に係るものについて、 （有価証券の売付価額）－（当該違反行為が終了してから１月を経過するまでの間の各日における当該有価証券の最低価格×当該超える数量） または、 当該違反行為に係る有価証券の買付数量が売付数量を超える場合の、当該超える数量に係るものについて、 （当該違反行為が終了してから１月を経過するまでの間の各日における当該有価証券の最高価格×当該超える数量）－（有価証券の買付価額） との合計額として計算される。 （注１）売買対当数量：当該違反行為に係る有価証券の売付数量と買付数量のうち、いずれか少ない数量をいう。 ２．課徴金納付命令対象者の違反行為について、 （ア） 平成２２年１０月２７日午前１０時５８分ころから同日午後零時４０分ころまでの一連の違反行為に係る課徴金の額は、下記(1)及び(2)によりそれぞれ算定される額の合計　434,784円 ⇒課徴金の額は、１万円未満を切り捨てるため、 ４３万円 （1) 当該違反行為に係る売買対当数量は、売付数量及び買付数量が、121,880株であることから、121,880株となる。 当該売買対当数量に係るものについて、 売付価額9,729,727円（注２）－買付価額9,294,943円（注３） ＝434,784円 （注２）売付価額は、「72円×1株、77円×7,777株、80円×111,436株、81円×2,666株」の合計額である。 （注３）買付価額は、「73円×2株、74円×22,193株、75円×17,356株、76円×27,358株、77円×35,551株、79円×19,420株」の合計額である。 （2) 上記(1)のとおり、当該違反行為に係る有価証券の売付数量と買付数量が同じであることから、当該超える数量は、０株となる。 （イ） 平成２２年１０月２７日午後１時４７分ころから同日午後２時９分ころまでの一連の違反行為に係る課徴金の額は、下記(1)及び(2)によりそれぞれ算定される額の合計　157,680円 ⇒課徴金の額は、１万円未満を切り捨てるため、 １５万円 （1) 当該違反行為に係る売買対当数量は、売付数量及び買付数量が、147,173株であることから、147,173株となる。 当該売買対当数量に係るものについて、 売付価額12,408,924円（注４）－買付価額12,251,244円（注５） ＝157,680円 （注４）売付価額は、「81円×7,300株、82円×1,111株、83円×54,974株、84円×13,786株、85円×14,516株、86円×55,486株」の合計額である。 （注５）買付価額は、「80円×14,558株、81円×25,985株、82円×13,243株、83円×15,138株、84円×30,280株、85円×38,244株、86円×896株、87円×8,829株」の合計額である。 （2) 上記(1)のとおり、当該違反行為に係る有価証券の売付数量と買付数量が同じであることから、当該超える数量は、０株となる。 （ア）平成２２年１０月２７日 午前１０時５８分ころから同日午後零時４０分ころまでの売買分 （イ）平成２２年１０月２７日 午後１時４７分ころから同日午後２時９分ころまでの売買分"
2011-07-15,新東京シティ証券株式会社,,新東京シティ証券株式会社に対する検査結果に基づく勧告について（平成23年7月15日）,https://www.fsa.go.jp/sesc/news/c_2011/2011/20110715-2.html,平成２３年７月15日 証券取引等監視委員会 新東京シティ証券株式会社に対する検査結果に基づく勧告について １．勧告の内容 証券取引等監視委員会が新東京シティ証券株式会社（東京都渋谷区、資本金４億３，０００万円、役職員１１名、第一種金融商品取引業及び第二種金融商品取引業）を検査した結果、下記のとおり、当該金融商品取引業者に係る法令違反等の事実が認められたので、平成２３年７月８日、証券取引等監視委員会は、内閣総理大臣及び金融庁長官に対して、金融庁設置法第２０条第１項の規定に基づき、行政処分を行うよう勧告した。 ２．事実関係 ○ 業務の運営及び財産の状況に関し重大な問題が認められる状況 （１） 支払未済の経費等を簿外とすることなどにより財産状況を仮装している状況 新東京シティ証券株式会社（以下「当社」という。）は、検査基準日（平成２３年６月２日）現在、一部の経費等について、当社が支払うべき費用等であることが確定しているにもかかわらず、支払未済であり、かつ、当社の帳簿に未払費用等の負債として計上していなかった。 当社は、上記の支払未済の経費等を計上すれば、純財産額及び自己資本規制比率の法定の水準を維持できないことは明白であったことから、事実と異なることを知りながら、当該経費等を簿外にすることで、虚偽の純財産額及び自己資本規制比率を算出し、関東財務局長あてに届け出るとともに、平成２３年３月末の財産の状況として虚偽の自己資本規制比率が記載された書面を公衆の縦覧に供していた。 （２） 内部管理態勢の問題 イ 常勤役員が不在である状況 当社においては、平成２３年３月中旬以降、Ａ代表取締役社長（以下「Ａ社長」という。）をはじめ会社の運営を取り仕切る常勤役員が当社に不在の状況が続いており、金融商品取引業者として法令等を遵守し、的確な業務運営を行える態勢にはない状況が認められた。 ロ 役員による業務管理が行われていない状況 当社は、平成２３年２月に合同会社２社との間で両合同会社の社員権に係る販売委託契約を締結したとしている。両合同会社の社員権の販売については、両合同会社の営業員により当社の社名入りの封筒を用いて営業が行われ、また、当社名義の口座を顧客からの入金先として使用されていたとして、当社は、同年３月２８日付で関東財務局長あてに報告をしているところである。 今回検査において、当時の事実関係及び業務管理の状況について、Ａ社長等からヒアリングを行ったところ、当社名義の口座の管理状況、当社の名義を用いた合同会社における営業状況等の事実関係についての詳細な説明ができない状況であった。 また、Ａ社長は、当社の財産状況に照らして多額と認められる資金の動きについて全く把握しておらず、当社役員による業務管理が機能していない状況であった。 上記（１）及び（２）に記載のとおり、当社の純財産額や自己資本規制比率が法定の基準を下回っている状況を隠すために純財産額等を仮装するといった極めて悪質な行為を行っている状況や、平成２３年３月中旬以降、常勤役員が長期にわたり不在であるなど内部管理が実質的に機能していない状況は、業務運営上重大な問題があると認められる。 また、上記（１）に記載のとおり、当社の純財産額は、金融商品取引法施行令第１５条の９第１項に規定する金額（５，０００万円）に満たない状況となっており、第一種金融商品取引業を行う金融商品取引業者に対して、監督上の処分を命ずることができる場合の要件となる金融商品取引法第５２条第１項第３号に該当するものと認められる。 更に、当社の自己資本規制比率の状況は、金融商品取引法第５３条第２項に定める「金融商品取引業者が第４６条の６第２項の規定に違反している場合（自己資本規制比率が、100パーセントを下回るときに限る。）において、公益又は投資者保護のため必要かつ適当であると認めるとき」に該当するものと認められる。また、実際は自己資本規制比率が１４０％を下回っているにもかかわらず法定の届出を行わずに、虚偽の自己資本規制比率を関東財務局長あてに届け出ていた状況は、金融商品取引法第４６条の６第１項に、平成２３年３月末時点の虚偽の自己資本規制比率を公衆の縦覧に供していた状況は、金融商品取引法第４６条の６第３項にそれぞれ違反するものと認められる。 （参考条文） ○ 金融商品取引法（昭和23年法律第25号）（抄） （登録の拒否） 第二十九条の四　（略） 一～四　（略） 五　第一種金融商品取引業又は投資運用業を行おうとする場合にあつては、次のいずれかに該当する者 イ　（略） ロ 純財産額 （内閣府令で定めるところにより、資産の合計金額から負債の合計金額を控除して算出した額をいう。） が、公益又は投資者保護のため必要かつ適当なものとして政令で定める金額に満たない者 ハ～ヘ　（略） 六　（略） ２～５　（略） （自己資本規制比率） 第四十六条の六 金融商品取引業者は、 資本金、準備金その他の内閣府令で定めるものの額の合計額から固定資産その他の内閣府令で定めるものの額の合計額を控除した額の、保有する有価証券の価格の変動その他の理由により発生し得る危険に対応する額として内閣府令で定めるものの合計額に対する比率（以下「 自己資本規制比率 」という。） を算出し、毎月末及び内閣府令で定める場合に、内閣総理大臣に届け出なければならない。 ２ 金融商品取引業者は、自己資本規制比率が百二十パーセントを下回ることのないようにしなければならない。 ３ 金融商品取引業者は、毎年三月、六月、九月及び十二月の末日における自己資本規制比率を記載した書面を作成し、 当該末日から一月を経過した日から三月間、すべての営業所又は事務所に備え置き、 公衆の縦覧に供しなければならない。 （金融商品取引業者に対する監督上の処分） 第五十二条　内閣総理大臣は、 金融商品取引業者が次の各号のいずれかに該当する場合においては、当該金融商品取引業者の第二十九条の登録を取り消し、 第三十条第一項の認可を取り消し、 又は六月以内の期間を定めて業務の全部若しくは一部の停止を命ずることができる。 一・二　（略） 三 第一種金融商品取引業 又は投資運用業 を行う金融商品取引業者が、第二十九条の四第一項第五号 イ又は ロに該当することとなつたとき。 四～十一　（略） ２～５　（略） （自己資本規制比率についての命令） 第五十三条　（略） ２ 内閣総理大臣は、 金融商品取引業者が第四十六条の六第二項の規定に違反している場合 （自己資本規制比率が、百パーセントを下回るときに限る。） において、公益又は投資者保護のため必要かつ適当であると認めるときは、その必要の限度において、三月以内の期間を定めて業務の全部又は一部の停止を命ずることができる。 ３　（略） ○ 金融商品取引法施行令（昭和40年第321号）（抄） （金融商品取引業者の最低資本金の額等） 第十五条の七　（略） 一・二　（略） 三 第一種金融商品取引業 又は投資運用業 を行おうとする場合 （前二号に掲げる場合を除く。） 五千万円 四　（略） ２　（略） （金融商品取引業者の最低純財産額） 第十五条の九 法第二十九条の四第一項第五号ロ （法第三十一条第五項において準用する場合を含む。） に規定する政令で定める金額は、第十五条の七第一項各号 （第四号を除く。） に掲げる場合の区分に応じ、当該各号に定める金額とする。 ２　（略）
2011-07-08,都築電気株式会社,8157,都築電気株式会社社員からの情報受領者による内部者取引に対する課徴金納付命令の勧告について（平成23年7月8日）,https://www.fsa.go.jp/sesc/news/c_2011/2011/20110708-2.html,"平成２３年７月８日 証券取引等監視委員会 都築電気株式会社社員からの情報受領者による内部者取引に対する課徴金納付命令の勧告について １．勧告の内容 証券取引等監視委員会は、都築電気株式会社社員からの情報受領者による内部者取引について検査した結果、下記のとおり法令違反の事実が認められたので、本日、内閣総理大臣及び金融庁長官に対して、金融庁設置法第２０条第１項の規定に基づき、課徴金納付命令を発出するよう勧告を行った。 ２．法令違反の事実関係 課徴金納付命令対象者は、都築電気株式会社（以下「都築電気」という。）のグループ会社における新事業の企画、立案等の業務に従事していた都築電気の社員から、同人がその職務に関し知った、都築電気が都築電産株式会社（以下「都築電産」という。）の株式の公開買付けを行うことを決定した事実の伝達を受けながら、この事実が公表された平成２２年７月１７日より前の、同月１３日、自己及び親族の計算において、都築電産の株式合計９０００株を買付価額２２１万６７００円で買い付けたものである。 課徴金納付命令対象者が行った上記の行為は、金融商品取引法第１７５条第１１項の規定により、同条第２項に規定する「第１６７条第１項又は第３項の規定に違反して、同条第１項に規定する特定株券等若しくは関連株券等に係る買付け等又は同項に規定する株券等に係る売付け等をした」行為に該当すると認められる。 ３．課徴金の額の計算 上記の違法行為に対し、金融商品取引法に基づき納付を命じられる課徴金の額は、１４１万円である。 計算方法の詳細については、別紙のとおり。 （別紙） ○　課徴金の額の計算方法について 金融商品取引法第１７５条第２項に基づき、課徴金の額は、 （公開買付けの実施に関する事実が公表された後２週間における最も高い価格）×（買付株数） － （買付価格）×（買付株数） となる。 したがって、公開買付けの実施に関する事実の公表後２週間における都築電産の最も高い株価は、平成２２年７月３０日の４０３円であることから、課徴金の額は下記の金額となる。 （４０３円×９，０００株） － 買付価額２，２１６，７００円（注） ＝１，４１０，３００円 ⇒課徴金の額は１万円未満を切り捨てるため、 １４１万円 （注）買付価額は、「244円×1,900株、245円×300株、247円×6,800株」の合計額である。"
2011-07-08,パナソニック電工株式会社,,パナソニック電工株式会社社員及び同人からの情報受領者によるパナソニック電工株式に係る内部者取引に対する課徴金納付命令の勧告について（平成23年7月8日）,https://www.fsa.go.jp/sesc/news/c_2011/2011/20110708-1.html,"平成２３年７月８日 証券取引等監視委員会 パナソニック電工株式会社社員及び同人からの情報受領者によるパナソニック電工株式に係る内部者取引に対する課徴金納付命令の勧告について １．勧告の内容 証券取引等監視委員会は、パナソニック電工株式会社社員及び同人からの情報受領者によるパナソニック電工株式に係る内部者取引について検査した結果、下記のとおり法令違反の事実が認められたので、本日、内閣総理大臣及び金融庁長官に対して、金融庁設置法第２０条第１項の規定に基づき、課徴金納付命令を発出するよう勧告を行った。 ２．法令違反の事実関係 課徴金納付命令対象者(1)は、パナソニック電工株式会社（以下「パナソニック電工」という。）の社員であり、同社の営業企画及び宣伝等の業務に従事していたものであるが、同社とパナソニック株式会社（以下「パナソニック」という。）との間の秘密保持契約の履行に関し、パナソニックがパナソニック電工の株式の公開買付けを行うことを決定した事実を知りながら、この事実が公表された平成２２年７月３０日より前の同月２７日に、自己の計算において、パナソニック電工の株式２０００株を買付価額１９１万円で買い付けたものである。 課徴金納付命令対象者(2)は、課徴金納付命令対象者(1)から、上記事実の伝達を受けながら、平成２２年７月２７日に、自己の計算において、パナソニック電工の株式１万株を買付価額９５５万円で買い付けたものである。 上記２名が行った上記の行為は、金融商品取引法第１７５条第２項に規定する「第１６７条第１項又は第３項の規定に違反して、同条第１項に規定する特定株券等若しくは関連株券等に係る買付け等又は同項に規定する株券等に係る売付け等をした」行為に該当すると認められる。 ３．課徴金の額の計算 上記の違法行為に対し、金融商品取引法に基づき納付を命じられる課徴金の額は、下記のとおりである。 課徴金納付命令対象者(1)　　３１万円 課徴金納付命令対象者(2)　１５５万円 計算方法の詳細については、別紙のとおり。 （別紙） ○　課徴金の額の計算方法について 金融商品取引法第１７５条第２項に基づき、課徴金の額は、 （公開買付けの実施に関する事実が公表された後２週間における最も高い価格）×（買付株数） － （買付価格）×（買付株数） となる。 したがって、公開買付けの実施に関する事実の公表後２週間におけるパナソニック電工の最も高い株価は、平成２２年８月６日の１，１１０円であることから、課徴金の額は下記の金額となる。 課徴金納付命令対象者(1) （1,110円×2,000株）－ 買付価額1,910,000円（955円×2,000株） ＝310,000円 課徴金納付命令対象者(2) （1,110円×10,000株）－ 買付価額9,550,000円（955円×10,000株） ＝1,550,000円"
2011-07-13,株式会社ジャストシステム株券,,株式会社ジャストシステム株券に係る内部者取引事件の告発について（平成23年7月13日）,https://www.fsa.go.jp/sesc/news/c_2011/2011/20110713-1.html,"平成23年7月13日 証券取引等監視委員会 株式会社ジャストシステム株券に係る内部者取引事件の告発について 証券取引等監視委員会は、平成23年7月13日、金融商品取引法違反（インサイダー取引）の嫌疑で、下記の犯則嫌疑者を東京地方検察庁検察官に告発した。 １．告発の対象となった犯則事実 犯則嫌疑者は、株式会社ジャスダック証券取引所が開設する有価証券市場に株券を上場していた株式会社ジャストシステムとの間でコンサルティング契約を締結していた者から、平成21年2月上旬ころ、同人が同契約の履行に関し知った、ジャストシステムの業務執行決定機関が、株式会社キーエンスを割当先とする第三者割当増資を行うこと及び業務提携を行うことについて決定した旨の事実の伝達を受け、法定の除外事由がないのに、平成21年2月23日から3月27日までの間、複数の証券会社を介し、ジャスダック証券取引所において、犯則嫌疑者ほか4名の名義で、ジャストシステム株券合計35万3,400株を代金合計5,329万2,300円で買い付けたものである。 ２．関連条文 金融商品取引法第166条第3項、同条第1項第4号、同条第2項第1号イ及びヨ、同法第197条の2第13号 法定刑：5年以下の懲役若しくは500万円以下の罰金、又は併科"
2011-07-15,株式会社東研,,株式会社東研に係る有価証券報告書等の虚偽記載に係る課徴金納付命令勧告について（平成23年7月15日）,https://www.fsa.go.jp/sesc/news/c_2011/2011/20110715-1.html,"平成２３年７月１５日 証券取引等監視委員会 株式会社東研に係る有価証券報告書等の虚偽記載に係る課徴金納付命令勧告について １．勧告の内容 証券取引等監視委員会は、株式会社東研に係る有価証券報告書等の虚偽記載について検査した結果、以下のとおり法令違反の事実が認められたので、本日、内閣総理大臣及び金融庁長官に対して、金融庁設置法第２０条第１項の規定に基づき、課徴金納付命令を発出するよう勧告を行った。 ２．法令違反の事実関係 (1)　株式会社東研は、関東財務局長に対し、売上の前倒し計上等により、別添のとおり、平成２０年法律第６５号による改正前の金融商品取引法（以下「旧金融商品取引法」という。）第１７２条の２第１項及び第２項並びに金融商品取引法第１７２条の４第１項及び第２項に規定する「重要な事項につき虚偽の記載がある」有価証券報告書等を提出したものである。 ［虚偽記載の概要］ （単位：百万円） 【平成18年10月中間期半期報告書】 虚偽記載額 認定金額 連結売上高 2,636 2,319 連結経常損益 39 ▲81 連結中間純損益 7 ▲122 連結純資産額 2,645 2,213 【平成19年4月期有価証券報告書】 虚偽記載額 認定金額 連結売上高 5,254 4,973 連結経常損益 ▲26 ▲149 連結当期純損益 ▲80 ▲179 連結純資産額 2,537 2,137 【平成20年7月第1四半期四半期報告書】 虚偽記載額 認定金額 連結売上高 950 968 連結経常損益 ▲155 ▲146 連結四半期純損益 ▲91 ▲144 連結純資産額 1,961 1,555 【平成21年4月期有価証券報告書】 虚偽記載額 認定金額 連結売上高 4,299 4,219 連結経常損益 ▲467 ▲496 連結当期純損益 ▲625 ▲595 連結純資産額 1,436 1,113 【平成21年7月第1四半期四半期報告書】 虚偽記載額 認定金額 連結売上高 825 801 連結経常損益 ▲119 ▲137 連結四半期純損益 ▲124 ▲142 連結純資産額 1,317 976 【平成21年10月第2四半期四半期報告書】 虚偽記載額 認定金額 連結売上高 1,954 1,869 連結経常損益 ▲62 ▲94 連結四半期純損益 ▲71 ▲103 連結純資産額 1,366 1,011 【平成22年1月第3四半期四半期報告書】 虚偽記載額 認定金額 連結売上高 2,674 2,609 連結経常損益 ▲200 ▲228 連結四半期純損益 ▲197 ▲224 連結純資産額 1,598 1,247 【平成22年4月期有価証券報告書】 虚偽記載額 認定金額 連結売上高 4,090 3,878 連結経常損益 ▲23 ▲93 連結当期純損益 ▲34 ▲103 連結純資産額 1,758 1,365 【平成22年7月第1四半期四半期報告書】 虚偽記載額 認定金額 連結売上高 1,122 1,111 連結経常損益 20 18 連結四半期純損益 7 5 連結純資産額 1,765 1,370 (2)　株式会社東研は、関東財務局長に対し、平成２１年１２月４日、重要な事項につき虚偽の記載がある平成２１年４月期有価証券報告書（別添番号欄４参照）及び平成２１年１０月第２四半期四半期報告書（別添番号欄６参照）を組込情報とする有価証券届出書を提出し、同有価証券届出書に基づく募集により、同年１２月２４日、３，５７４，０００株の株式を３５７，４００，０００円で取得させた。 同社が行った上記の行為は、金融商品取引法第１７２条の２第１項第１号に規定する「重要な事項につき虚偽の記載がある」発行開示書類に基づく募集により有価証券を取得させた行為に該当すると認められる。 ３．課徴金の額の計算 上記の違法行為に対し旧金融商品取引法及び金融商品取引法に基づき納付を命じられる課徴金の額は、３，１０８万円である。 (1) 旧金融商品取引法第１７２条の２第１項及び第２項の規定により、平成１８年１０月中間期半期報告書及び平成１９年４月期有価証券報告書に係る課徴金について、個別決定ごとの算出額は、 (i)　当該法人が発行する算定基準有価証券の市場価額の総額に１０万分の３を乗じて得た額（117,843円） が (ii)　3,000,000円 を超えないことから、 平成１８年１０月中間期半期報告書については、1,500,000円 平成１９年４月期有価証券報告書については、3,000,000円 となる。 ここで、これらの書類が同一の事業年度に係るものであることから、旧金融商品取引法第１８５条の７第２項の規定により、下記のとおり３００万円を個別決定ごとの算出額に基づき按分した金額が課徴金の額となる。 平成１８年１０月中間期半期報告書に係る課徴金の額は 1,000,000円 平成１９年４月期有価証券報告書に係る課徴金の額は 2,000,000円 (2) 旧金融商品取引法第１７２条の２第１項及び第２項の規定により、平成２０年７月第１四半期四半期報告書及び平成２１年４月期有価証券報告書に係る課徴金について、個別決定ごとの算出額は、 (i)　当該法人が発行する算定基準有価証券の市場価額の総額に１０万分の３を乗じて得た額（43,835円） が (ii)　3,000,000円 を超えないことから、 平成２０年７月第１四半期四半期報告書については、1,500,000円 平成２１年４月期有価証券報告書については、3,000,000円 となる。 ここで、これらの書類が同一の事業年度に係るものであることから、旧金融商品取引法第１８５条の７第２項の規定により、下記のとおり３００万円を個別決定ごとの算出額に基づき按分した金額が課徴金の額となる。 平成２０年７月第１四半期四半期報告書に係る課徴金の額は 1,000,000円 平成２１年４月期有価証券報告書に係る課徴金の額は 2,000,000円 (3) 金融商品取引法第１７２条の４第１項及び第２項の規定により、平成２１年７月第１四半期四半期報告書、平成２１年１０月第２四半期四半期報告書、平成２２年１月第３四半期四半期報告書及び平成２２年４月期有価証券報告書に係る課徴金について、個別決定ごとの算出額は、 (i)　当該法人が発行する算定基準有価証券の市場価額の総額に１０万分の６を乗じて得た額 （平成２１年７月第１四半期四半期報告書 44,754円 平成２１年１０月第２四半期四半期報告書 48,276円 平成２２年１月第３四半期四半期報告書 54,731円 平成２２年４月期有価証券報告書 53,370円） が (ii)　6,000,000円 を超えないことから、 平成２１年７月第１四半期四半期報告書については、3,000,000円 平成２１年１０月第２四半期四半期報告書については、3,000,000円 平成２２年１月第３四半期四半期報告書については、3,000,000円 平成２２年４月期有価証券報告書については、6,000,000円 となる。 ここで、これらの書類が同一の事業年度に係るものであることから、金融商品取引法第１８５条の７第６項の規定により、下記のとおり６００万円を個別決定ごとの算出額に基づき按分した額が課徴金の額となる。 平成２１年７月第１四半期四半期報告書に係る課徴金の額は 1,200,000円 平成２１年１０月第２四半期四半期報告書に係る課徴金の額は 1,200,000円 平成２２年１月第３四半期四半期報告書に係る課徴金の額は 1,200,000円 平成２２年４月期有価証券報告書に係る課徴金の額は 2,400,000円 (4) 金融商品取引法第１７２条の４第２項の規定により、平成２２年７月第１四半期四半期報告書に係る課徴金の額は、 (i)　当該法人が発行する算定基準有価証券の市場価額の総額に１０万分の６を乗じて得た額（63,377円） が (ii)　6,000,000円 を超えないことから、6,000,000円の２分の１に相当する額である3,000,000円となる。 (5) 金融商品取引法第１７２条の２第１項第１号の規定により、重要な事項につき虚偽の記載がある発行開示書類に基づく募集により取得させた株券等の発行価額の総額の１００分の４．５に相当する額が課徴金の額となることから、 平成２１年１２月４日提出の有価証券届出書に係る課徴金の額は、 357,400,000円×4.5／100＝16,083,000円 について、金融商品取引法第１７６条第２項の規定により１万円未満を切り捨てて、16,080,000円 となる。 （別添）株式会社東研の有価証券報告書等の虚偽記載内容 番号 開示書類 虚偽記載 提出日 書類 会計期間 財務計算に 関する書類 内容（注） 事由 １ 平成19年1月30日 第37期事業年度中間連結会計期間に係る半期報告書（平成18年10月中間期半期報告書） 平成18年5月1日～平成18年10月31日の中間連結会計期間 中間連結 損益計算書 連結中間純損益が▲122百万円であるところを7百万円と記載 ・売上の前倒し計上 ２ 平成19年7月31日 第37期事業年度連結会計期間に係る有価証券報告書（平成19年4月期有価証券報告書） 平成18年5月1日～平成19年4月30日の連結会計期間 連結 損益計算書 連結当期純損益が▲179百万円であるところを▲80百万円と記載 ・売上の前倒し計上 ３ 平成20年9月12日 第39期事業年度第1四半期連結会計期間に係る四半期報告書（平成20年7月第1四半期四半期報告書） 平成20年5月1日～平成20年7月31日の第1四半期連結会計期間 四半期連結 貸借対照表 連結純資産額が1,555百万円であるところを1,961百万円と記載 ・売掛金の過大計上 等 ４ 平成21年7月30日 第39期事業年度連結会計期間に係る有価証券報告書（平成21年4月期有価証券報告書） 平成20年5月1日～平成21年4月30日の連結会計期間 連結 貸借対照表 連結純資産額が1,113百万円であるところを1,436百万円と記載 ・売掛金の過大計上 等 ５ 平成21年9月11日 第40期事業年度第1四半期連結会計期間に係る四半期報告書（平成21年7月第1四半期四半期報告書） 平成21年5月1日～平成21年7月31日の第1四半期連結会計期間 四半期連結 貸借対照表 連結純資産額が976百万円であるところを1,317百万円と記載 ・売掛金の過大計上 等 ６ 平成21年12月4日 第40期事業年度第2四半期連結会計期間に係る四半期報告書（平成21年10月第2四半期四半期報告書） 平成21年8月1日～平成21年10月31日の第2四半期連結会計期間 四半期連結 貸借対照表 連結純資産額が1,011百万円であるところを1,366百万円と記載 ・売掛金の過大計上 等 ７ 平成22年3月12日 第40期事業年度第3四半期連結会計期間に係る四半期報告書（平成22年1月第3四半期四半期報告書） 平成21年11月1日～平成22年1月31日の第3四半期連結会計期間 四半期連結 貸借対照表 連結純資産額が1,247百万円であるところを1,598百万円と記載 ・売掛金の過大計上 等 ８ 平成22年7月27日 第40期事業年度連結会計期間に係る有価証券報告書（平成22年4月期有価証券報告書） 平成21年5月1日～平成22年4月30日の連結会計期間 連結 損益計算書 連結当期純損益が▲103百万円であるところを▲34百万円と記載 ・売上の前倒し計上 等 連結 貸借対照表 連結純資産額が1,365百万円であるところを1,758百万円と記載 ９ 平成22年9月13日 第41期事業年度第1四半期連結会計期間に係る四半期報告書（平成22年7月第1四半期四半期報告書） 平成22年5月1日～平成22年7月31日の第1四半期連結会計期間 四半期連結 貸借対照表 連結純資産額が1,370百万円であるところを1,765百万円と記載 ・売掛金の過大計上 等 （注）金額は百万円未満切捨てである。また、▲は損失であることを示す。"
2011-07-05,ＰＢＡアセットマネジメント株式会社,,ＰＢＡアセットマネジメント株式会社に対する検査結果に基づく勧告について（平成23年7月5日）,https://www.fsa.go.jp/sesc/news/c_2011/2011/20110705-1.html,平成２３年７月５日 証券取引等監視委員会 ＰＢＡアセットマネジメント株式会社に対する検査結果に基づく勧告について １．勧告の内容 証券取引等監視委員会がＰＢＡアセットマネジメント株式会社（東京都港区、資本金４５０百万円、役職員６名、投資助言・代理業及び投資運用業）を検査した結果、下記のとおり、当該金融商品取引業者に係る法令違反等の事実が認められたので、本日、証券取引等監視委員会は、内閣総理大臣及び金融庁長官に対して、金融庁設置法第２０条第１項の規定に基づき、行政処分を行うよう勧告した。 ２．事実関係 ○ 純財産額が投資運用業を行う金融商品取引業者の政令で定める金額（５０百万円）に満たない状況 （１）純財産額が５０百万円を下回る状況 ＰＢＡアセットマネジメント株式会社（以下「当社」という。）は、資産の大半をＡ社に対する貸付金が占めているため、その貸付金の内容について検証したところ、以下の事実が認められた。 当社は、平成１７年６月に、Ａ社との間で金銭準消費貸借契約（元金１８０百万円、返済期限は同２２年６月３０日、連帯保証人は当時のＡ社代表取締役のＢ氏。以下「当該契約」という。）を締結しているが、当該契約に係る元金及び利息は、返済期限を超えた検査基準日（平成２３年４月１５日）までの間、全く返済されていない。 Ａ社の状況については、当社は、平成２１年秋頃の当社株主総会、取締役会において、監査役等より当該契約に係る問題点を指摘されたが、当社経営陣は、既にＡ社が休眠状態であることを人づてに聞いていたことや、使用人Ｃからは、貸付金が返済される可能性は低く、不良債権となれば当社の純財産額は金融商品取引法（以下「金商法」という。）第２９条の４第１項第５号ロに基づく金融商品取引法施行令第１５条の９で定める最低純財産額である５０百万円（以下「最低純財産額」という。）を下回る旨の説明を受けたため、Ａ社の返済能力の確認や返済の督促等を行っていなかった。 今回の検査期間中、当社はＢ氏と面会し、Ａ社は多額の負債を抱え、事務所もなく休眠状態であること及びＢ氏には多額の債務があり、定期的な収入、Ｂ氏名義の資産がなく、当該契約に係る担保提供や一部返済等の支払いは困難であることを確認している。 上記のとおり、当該契約に係る元金及び利息の回収が極めて困難な状況にあることから、当該契約に基づく元金及び利息を当社の資産から控除して計算すると、平成２３年３月末現在、当社の純財産額は最低純財産額を下回っている。 （２）経営管理態勢等の不備 当社の純財産額は、金商法で定める最低純財産額を下回っている状況にあるが、当社のこれまでの対応については、以下の事実が認められた。 当社の社長は、平成２０年１０月頃から常勤しておらず、他の非常勤の役員と同様、現状は２か月に１回開催される取締役会に出席するのみであった。また、コンプライアンス室長を兼務している非常勤の取締役は、実質的なコンプライアンス業務を行っていない状況であった。 そのような状況の下、当社では、使用人２名が実質的な業務運営を行っていたが、以下のとおり極めて不適切な行為が認められた。 イ．平成２２年１０月、当社は、取締役会において、Ａ社及びＢ氏に対して内容証明郵便により督促状を送付することを決定した。しかし、使用人Ｃは、純財産額が最低純財産額を下回ることを回避するため、経営陣に報告せず、自らの判断で、督促状を送付しなかった。 ロ．平成２２年１２月、使用人Ｃは、当該契約に関して契約期間の延長で対応する旨を取締役会で報告したが、その後、正式な議題として取締役会に上程しなかった。 ハ．平成２３年１月、使用人Ｃは、純財産額が最低純財産額を下回ることになれば、金融商品取引業の登録取消しは避けられないため、これを逃れようと考え、事前に経営陣に相談しないまま、監督当局である金融庁に対し、「返済期限は平成２３年１２月３０日である」と故意に事実と異なる報告を行ったうえ、契約書の返済期限を改ざんしようとしていた。 このように、当社は、金融商品取引業の登録取消しに該当しうる状況について積極的に把握、改善することなく、また、使用人の不適切な行為を管理できていないことから、当社の経営管理態勢及び法令等遵守態勢には重大な不備があるものと認められる。 上記（１）の純財産額が最低純財産額を下回る状況については、金商法第２９条の４第１項第５号ロに該当すると認められ、監督上の処分事由を定める金商法第５２条第１項第３号に該当するものと認められる。 上記（２）のとおり、純財産額が最低純財産額を下回ることとなる状況における当社の経営管理態勢及び法令等遵守態勢には重大な不備があるものと認められる。 純財産額が投資運用業を行う金融商品取引業者の政令で定める金額（５０百万円）に満たない状況 金融商品取引法（昭和23年法律第25号） （抄） （登録の拒否） 第二十九条の四 （略） 一～四 （略） 五 第一種金融商品取引業又は投資運用業を行おうとする場合にあつては、次のいずれかに該当する者 イ （略） ロ 純財産額 （内閣府令で定めるところにより、資産の合計金額から負債の合計金額を控除して算出した額をいう。） が、公益又は投資者保護のため必要かつ適当なものとして政令で定める金額に満たない者 ハ～へ （略） 六 （略） ２～５ （略） （金融商品取引業者に対する監督上の処分） 第五十二条 内閣総理大臣は、 金融商品取引業者が次の各号のいずれかに該当する場合においては、当該金融商品取引業者の第二十九条の登録を取り消し、 第三十条第一項の認可を取り消し、 又は六月以内の期間を定めて業務の全部若しくは一部の停止を命ずることができる。 一・二 （略） 三 第一種金融商品取引業又は 投資運用業を行う金融商品取引業者が、第二十九条の四第一項第五号 イ又は ロに該当することとなつたとき。 四～十一 （略） ２～５ （略） 金融商品取引法施行令（昭和40年政令第321号） （抄） （金融商品取引業者の最低資本金の額等） 第十五条の七 （略） 一・二 （略） 三 第一種金融商品取引業又は 投資運用業を行おうとする場合 （前二号に掲げる場合を除く。） 五千万円 四 （略） ２ （略） （金融商品取引業者の最低純財産額） 第十五条の九 法第二十九条の四第一項第五号ロ （法第三十一条第五項において準用する場合を含む。） に規定する政令で定める金額は、第十五条の七第一項各号 （第四号を除く。） に掲げる場合の区分に応じ、当該各号に定める金額とする。 ２ （略）
2011-07-05,株式会社ベネフィットアロー関係者１名,,株式会社ベネフィットアロー関係者１名に対する金融商品取引法違反行為に係る裁判所の緊急差止命令（同法第１９２条第１項）の発令について（平成23年7月5日）,https://www.fsa.go.jp/sesc/news/c_2011/2011/20110705-2.html,平成２３年７月５日 証券取引等監視委員会 株式会社ベネフィットアロー関係者１名に対する金融商品取引法違反行為に係る裁判所の緊急差止命令（同法第１９２条第１項）の発令について 証券取引等監視委員会が、平成２３年６月２４日に行った株式会社ベネフィットアロー（東京都中央区、資本金１００万円、適格機関投資家等特例業務届出者。金融商品取引業の登録等はない。）及び同社前代表取締役Ａ（注１）並びに同社関係者Ｂ及びＣに対する金融商品取引法違反行為（無登録で、同法第２条第２項の規定により有価証券とみなされる同項第５号及び第６号に掲げる権利の募集又は私募の取扱いを行うこと）の緊急差止命令の申立てのうち、被申立人Ｃにつき（注２）、本日、東京地方裁判所より、申立ての内容どおり、下記の命令が下された。 記 被申立人は、金融商品取引法２９条所定の登録（ただし、第二種金融商品取引業を行う者としての登録）その他同法所定の適式の登録を受けずに、同法２条２項５号又は６号に掲げる権利について、募集又は私募の取扱いを業として行ってはならない。 (注１) Ａが株式会社ベネフィットアロー代表取締役を辞任し、後任としてＤが就任する旨の変更登記が平成２３年６月２４日（辞任及び就任の日は同月２２日）にされている。 (注２) 株式会社ベネフィットアロー及び同社前代表取締役Ａ並びに同社関係者Ｂに対する申立てについては、東京地方裁判所において手続中である。 (参考) 株式会社ベネフィットアロー及びその役員等３名の金融商品取引法違反行為に係る裁判所への緊急差止命令の申立て（同法第１９２条第１項）について
2011-07-04,,,「証券検査に関する基本指針」の一部改正について（平成23年7月4日）,https://www.fsa.go.jp/sesc/news/c_2011/2011/20110704-1.html,平成23年７月４日 証券取引等監視委員会 「証券検査に関する基本指針」の一部改正について １．証券取引等監視委員会では、透明性の高い効率的かつ効果的な検査を実施するとの観点から、検査の手続等を記載した「証券検査に関する基本指針」（以下「基本指針」という。）を策定し、公表しているところである。 ２．今般、別添のとおり、検査実施中の災害発生時等における対応その他の検査実施上の手続について所要の改正を行うものである。 ３．改正後の基本指針は、平成23年７月４日を検査基準日とする検査から適用する。 （別添）証券検査に関する基本指針（新旧対照表） （PDF:176K）
2011-06-28,オックスホールディングス株式会社,8202,オックスホールディングスの子会社との契約締結者からの情報受領者によるオックスホールディングス株券に係る内部者取引に対する課徴金納付命令の勧告について（平成23年6月28日）,https://www.fsa.go.jp/sesc/news/c_2011/2011/20110628-2.html,"平成２３年６月２８日 証券取引等監視委員会 オックスホールディングスの子会社との契約締結者からの情報受領者によるオックスホールディングス株券に係る内部者取引に対する課徴金納付命令の勧告について １．勧告の内容 証券取引等監視委員会は、オックスホールディングスの子会社との契約締結者からの情報受領者によるオックスホールディングス株券に係る内部者取引について検査した結果、下記のとおり法令違反の事実が認められたので、本日、内閣総理大臣及び金融庁長官に対して、金融庁設置法第２０条第１項の規定に基づき、課徴金納付命令を発出するよう勧告を行った。 ２．法令違反の事実関係 課徴金納付命令対象者(1)、(2)は、オックスホールディングス株式会社（以下「オックスＨＤ」という。）の子会社であるオックスキャピタル株式会社（以下「オックスキャピタル」という。）と株式売却のあっ旋等に関する業務委託契約を締結していた者から、同人が同契約の締結の履行に関し知った、オックスキャピタルに合計５億８０００万円の有価証券評価損及び有価証券売却損が発生しており、同社の平成１８年８月期決算において同額相当の有価証券評価損又は有価証券売却損を計上しなければならないことが確実になったという、子会社のオックスキャピタルに業務遂行の過程で損害が発生した旨のオックスＨＤの業務等に関する事実の伝達を受けながら、この事実が公表された平成１８年８月３０日より前の、 ● 同月１１日及び同月１４日、オックスＨＤの株券合計２８２株を、自己の計算において、売付価額５５５万６２４０円で売り付け（課徴金納付命令対象者(1)） ● 同月１０日及び同月１１日、オックスＨＤの株券合計１００株を、自己の計算において、売付価額１９５万５９７０円で売り付け（課徴金納付命令対象者(2)） たものである。 上記２名が行った上記の行為は、金融商品取引法（平成２０年法律第６５号による改正前のもの。以下「旧金融商品取引法」という。）第１７５条第１項に規定する「第１６６条・・・第３項の規定に違反して、自己の計算において同条第１項に規定する売買等をした」行為に該当すると認められる。 ３．課徴金の額の計算 上記の違法行為に対し、金融商品取引法に基づき納付を命じられる課徴金の額は、下記のとおりである。 課徴金納付命令対象者(1)　６３万円 課徴金納付命令対象者(2)　２０万円 計算方法の詳細については、別紙のとおり。 （別紙） ○　課徴金の額の計算方法について 旧金融商品取引法第１７５条第１項に基づき、課徴金の額は、 （売付価格）×（売付株数）－（重要事実の公表翌日の終値等）×（売付株数） となる。 したがって、重要事実の公表翌日（平成１８年８月３１日）のオックスＨＤの株価の終値は、１７，４６０円であることから、課徴金の額は下記の金額となる。 課徴金納付命令対象者(1) 売付価額５，５５６，２４０円（注１）－（１７，４６０円×２８２株） ＝６３２，５２０円 ⇒課徴金の額は１万円未満を切り捨てるため、 ６３万円 （注１）売付価額は、 ┌ │ │ │ │ └ 18,900円× 46株、18,910円× 4株 19,000円×100株、19,100円×32株 21,000円×100株 ┐ │ │ │ │ ┘ の合計額である。 課徴金納付命令対象者(2) 売付価額１，９５５，９７０円（注２）－（１７，４６０円×１００株） ＝２０９，９７０円 ⇒課徴金の額は１万円未満を切り捨てるため、 ２０万円 （注２）売付価額は、 ┌ │ │ │ │ │ └ 18,800円× 7株、18,810円× 4株 18,850円×26株、18,860円×13株 20,200円×20株、20,220円× 5株 20,350円×25株 ┐ │ │ │ │ │ ┘ の合計額である。"
2011-06-28,,,証券取引等監視委員会の事務処理状況の公表について（平成23年6月28日）,https://www.fsa.go.jp/sesc/reports/n_22/n_22.html,"平成２３年６月２８日 証券取引等監視委員会 証券取引等監視委員会の事務処理状況の公表について 証券取引等監視委員会（以下「証券監視委」という。）は、発足以来毎年、事務処理状況を公表していますが、今回は、その19回目として、平成22年４月１日から同23年３月31日までの期間における事務の処理状況を「証券取引等監視委員会の活動状況」として公表します。 公表内容の主なポイント 第２章：　証券監視委の活動方針 第７期体制（平成２２年１２月発足）の中期的な戦略である活動方針（平成23年１月公表）について、その策定の背景と基本的な考え方を掲載 １．証券監視委の使命 ○市場の公正性・透明性の確保 ○投資者の保護 ２．基本的な考え方 (1) 機動性・戦略性の高い市場監視の実現 (2) 市場規律の強化に向けた働きかけ (3) 市場のグローバル化への対応 ３．重点施策 (1) 包括的かつ機動的な市場監視 (2) 不公正取引や虚偽記載等への厳正な対応 (3) ディスクロージャー違反に対する迅速・効率的な検査・調査の実施 (4) 課徴金制度の一層の活用 (5) 検査対象先の特性に応じた効率的かつ実効性ある証券検査の実施 (6) 自主規制機関などとの連携 第３章：市場分析審査 １．一般投資家等からの情報受付 平成２２年度：６，９２７件 （内容別内訳） ・個別銘柄に関するもの ３，６４０件 ・発行体に関するもの ５９７件 ・金融商品取引業者の営業姿勢等に関するもの １，１４２件 ・その他の意見等 １，５４８件 ２．市場動向分析 第三者割当を中心としたファイナンスを巡る最近の動向調査 企業等不祥事における第三者調査委員会の設立及び調査報告状況の把握 新たな取引形態（高頻度取引（HFT）等）の実態把握 株式公開買付け（TOB)に係る実務及びインサイダー取引のリスクに関する実態把握と対応策の提言 ・摘発件数の増加を受け、TOB関係者に対して実態把握を実施 ・実態把握を踏まえ、各関係者の情報漏えいリスクを特定し、 インサイダー取引未然防止の観点から、その対応策を提言 ３．取引審査 平成２２年度：６９１件 （内訳：価格形成に関するもの５４件、内部者取引に関するもの６１３件、その他：２４件） ・不公正ファイナンス事案の疑いがあるものについては、偽計等の観点から取引審査を実施 ・クロスボーダー取引について、必要に応じ、海外証券規制当局等から情報収集 ・自主規制機関との緊密な連携 ・東日本大震災後の対応 第４章：証券検査 １．検査の実施状況 証券会社(８２社)、投資助言・代理業者(３５社)、二種(ファンド)　業者(１８社)、ＦＸ業者(１８社)等、多様な業態をカバーし、全体で　２１０社(昨年度２１１社)の登録業者を検査 全体の約５割に当たる１０３社に対し、問題点を通知 うち重大な法令違反等が認められた１９社(１８件)について行政処分勧告を実施 多種多様な検査対象の特性に応じ、メリハリを効かせ対応 ・グローバルに活動する大手証券会社については、リスク管理態勢等を重点的に検証。金商業者検査マニュアルを改正し(平成２３年４月１日公表)、検証項目も整備 ・ファンド販売業者、投資助言・代理業者については、集中的に法令遵守状況を検査 ・無登録業者等に対する金商法第１９２条(申立て)、第１８７条(調査)の活用に着手 ２．ファンド販売業者、投資助言・代理業者に対する集中的な検査 ファンド販売業者３５先、投資助言・代理業者７４先の検査結果を取りまとめ、公表（ファンド販売業者平成２２年１０月、投資助言・代理業者平成２３年２月） 出資金の流用、無登録営業等の重大な法令違反が多数発覚 ⇒業界に対し法令遵守への取組みを要請、投資者には、問題事例を示し、注意喚起 検査結果に基づき、「事業型ファンド」の販売規制の拡充、投資助言・代理業者の登録拒否要件の拡充につき建議。いずれも実現化 ３．無登録業者に対する裁判所への禁止命令等の申立て 平成２０年の金商法改正により、監視委に申立て権限を委任。平成２２年の同法改正で申立て違反に対する罰則を強化。 ⇒申立制度の実効性強化 これらの制度整備を受け、無登録で未公開株式等の勧誘を行っていた(株)大経及びその役員について、昭和２３年の制度導入以来初となる申立てを実施（平成２２年１１月１７日） 第５章：課徴金調査 課徴金調査の結果に基づく勧告状況 内部者取引２０件、相場操縦６件 （内部者取引の件数は平成２１年度に次ぐ。相場操縦の件数は過去最多。） ⇒計２６件の勧告を実施 勧告事案例 ・公認会計士が職務上知り得た情報を元に内部者取引を行った事案 ・アルゴリズム取引の特性を利用することを意図した相場操縦事案 内部者取引事案の傾向 ・昨年度に引き続き、第一次情報受領者による事案の件数が、会社関係者・公開買付者等関係者による事案の件数を上回った ・契約締結者等として内部情報を得た者が情報伝達を行った事案が増加 第６章：開示検査 １．開示検査の結果に基づく勧告状況 虚偽記載等の開示義務違反に対し、１９件（過去最多）の勧告を実施 勧告事案例 ・有価証券報告書等の虚偽記載及び当該開示会社役員が所有する同社株券売出しに係る目論見書の虚偽記載に係る事案（(株)シニアコミュニケーション） ・有価証券報告書等の不提出に対して課徴金納付命令勧告を初めて行った事案（(株)ゼクス） (注)勧告に至らない場合にも、自発的な訂正を促している ２．無届募集に対する裁判所への禁止命令等の申立て 平成２２年の金商法改正による申立制度の実効性強化 制度整備を受け、無届けで自社株式等の取得の勧誘を行っていた(株)生物化学研究所について、申立てを実施（平成２２年１１月２６日） 第７章：犯則事件の調査・告発 １．告発の状況 ８件を告発 （内訳：内部者取引４件、相場操縦１件、偽計１件、虚偽有価証券届出書提出１件、 無届募集１件） ２．主な告発事例 (株)エフオーアイによる新規上場時の粉飾を伴う公募増資 ・一般投資家への更なる被害の拡大を最小限にするため、同社株の取引制限（ロックアップ）が解除される前に強制調査に着手 ・新規上場時の粉飾を伴う公募増資について、「有価証券届出書の虚偽記載」に加え「株式の募集のための偽計」（金商法１５８条）を適用した初のケース (株) 丸美に係る無届社債券募集 ・無届募集を告発した初のケース 大分在住のデイトレーダーによる見せ玉手法等を用いた相場操縦 ・東証の新売買システム「arrowhead」稼動後の相場操縦行為を摘発した初のケース ・インターネット取引の進展に伴う証券犯罪のローカル化に対応 (株)西友株券の公開買付けに係る内部者取引 ・犯則嫌疑者が、(株)西友株券のＴＯＢが行われる旨を同社の社外取締役である配偶者から伝達を受け、内部者取引を行った事例 第８章：建議 建議を通じたルール整備への貢献 事業型ファンドにおける分別管理に係る販売規制についての建議 （平成２２年１０月１９日） ⇒金融庁は建議に基づく措置として、「金融商品取引業者等に関する内閣府令」を改正し、契約締結前交付書面の記載事項に次の内容を追加（平成２３年４月１日施行） ・ファンド毎の出資金の具体的な預託先、支店名、口座名等 ・分別管理の実施状況及びその確認を行った方法 投資助言・代理業者の登録拒否事由についての建議（平成２３年２月８日） ⇒金融庁は、建議に基づく措置として、投資助言・代理業の登録拒否事由に人的構成要件を追加する金商法の改正を含む「資本市場及び金融業の基盤強化のための金融商品取引法等の一部を改正する法律」案を国会に提出（平成２３年５月２５日公布） 第９章：監視活動の機能強化 １．市場監視体制の充実・強化 組織の拡充：定員３８４→３９２人（８人増） 民間専門家の増加：弁護士、公認会計士、ＩＴ専門家等１０６→１１１名（５人増） ２．情報収集・分析能力の向上 証券総合システムの改修 ・大証における新デリバティブ売買システム「J-GATE」への対応 ３．システム・インフラの強化 デジタルフォレンジック運用体制の強化 ・専門機材、ソフトフェア等の整備 ４．市場参加者との対話、情報発信 市場参加者に対する講演や意見交換等の実施 新たな情報発信ツールとして、証券監視委メールマガジンを発刊 ５．関係当局等との連携 金融庁、財務局、自主規制機関と定期的な意見交換を実施 ６．海外証券規制当局等との連携 情報交換枠組み（多国間MOU）等を活用したクロスボーダー事案への対応 海外規制当局（米SEC等）への職員派遣 活動状況のポイント （PDF/260KB） 「 証券監視委の活動状況 」（一覧表）へ　(PDF/64KB) 「証券取引等監視委員会の活動状況」の本文へ 本文 （PDF/2,037KB） 附属資料 （PDF/2,444KB） 全文一括印刷用 （PDF/3,782KB）"
2011-06-28,東亜エナジー株式会社,,東亜エナジー株式会社による無届社債券募集に対する課徴金納付命令勧告について（平成23年6月28日）,https://www.fsa.go.jp/sesc/news/c_2011/2011/20110628-1.html,"平成２３年６月２８日 証券取引等監視委員会 東亜エナジー株式会社による無届社債券募集に対する課徴金納付命令勧告について １．勧告の内容 証券取引等監視委員会は、東亜エナジー株式会社による社債券の募集について検査した結果、下記のとおり法令違反の事実が認められたので、本日、内閣総理大臣及び金融庁長官に対して、金融庁設置法第２０条第１項の規定に基づき、課徴金納付命令を発出するよう勧告を行った。 ２．法令違反の事実関係 東亜エナジー株式会社は、２種類の償還期間（３年・５年）の社債券（払込期日が平成２２年５月３１日から平成２３年５月３１日までの間のもの。）について、いずれも少なくとも５０名以上の者を相手方として取得勧誘を行い、延べ１，４２２名の者に対して、これらの社債券を合計２，７１３，１００，０００円で取得させた。 東亜エナジー株式会社は、各回号ごとに利率がわずかに異なる上記社債券を４９名以下に取得させているが、取得勧誘時点では、社債券の具体的な回号及び発行条件を決定しておらず、おおよその利率が示されているのみであった。したがって、各回号の社債券ごとに取得勧誘が行われたものではなく、これら社債券に係る取得勧誘を同時に行っていたものと認められ、また、同社は、毎月末頃に設定した社債券の払込期日ごとに、それぞれ償還期日を設定した社債券を発行していることから、少なくとも各月に発行された払込期日を同じくするこれら社債券に係るそれぞれの取得勧誘を同時に行っていたものと認められる。このようにして同社が行ったこれら社債券の取得勧誘は、いずれも少なくとも５０名以上の者を相手方として行ったと認められることから、有価証券の募集に該当し、また、いずれも発行価額の総額が１億円以上となる並行募集となっていることから、これら２種類の社債券の募集は、金融商品取引法第４条第１項の規定による届出をしているものでなければ、することができないものであったにもかかわらず、同社はこの届出をしていなかったものである。 ３．課徴金の額の計算 上記の違法行為に対し金融商品取引法に基づき納付を命じられる課徴金の額は、６，０９８万円である。 金融商品取引法第１７２条第１項第１号の規定により、取得させた有価証券の発行価額の総額の１００分の２.２５に相当する額が課徴金の額となることから、課徴金額は下表のとおりとなる。 払込期日 発行価額の総額 課徴金額（注） 平成22年5月31日 151,200,000円 3,400,000円 平成22年6月30日 136,300,000円 3,060,000円 平成22年7月31日 99,600,000円 2,240,000円 平成22年8月31日 302,000,000円 6,790,000円 平成22年9月30日 169,200,000円 3,800,000円 平成22年10月31日 224,900,000円 5,060,000円 平成22年11月30日 220,300,000円 4,950,000円 平成22年12月31日 263,500,000円 5,920,000円 平成23年1月31日 200,800,000円 4,510,000円 平成23年2月28日 233,400,000円 5,250,000円 平成23年3月31日 273,300,000円 6,140,000円 平成23年4月28日 262,800,000円 5,910,000円 平成23年5月31日 175,800,000円 3,950,000円 合計 2,713,100,000円 60,980,000円 （注）発行価額の総額に１００分の２．２５を乗じた金額。また、金融商品取引法第１７６条 第２項の規定により１万円未満の端数を切捨て。"
2011-06-24,株式会社ベネフィットアロー及びそ,,株式会社ベネフィットアロー及びその役員等３名の金融商品取引法違反行為に係る裁判所への緊急差止命令の申立て（同法第１９２条第１項）について（平成23年6月24日）,https://www.fsa.go.jp/sesc/news/c_2011/2011/20110624-1.html,平成２３年６月２４日 証券取引等監視委員会 株式会社ベネフィットアロー及びその役員等３名の金融商品取引法違反行為に係る裁判所への緊急差止命令の申立て（同法第１９２条第１項）について １．申立ての内容等 証券取引等監視委員会が、株式会社ベネフィットアロー（東京都中央区、資本金１００万円、適格機関投資家等特例業務届出者。金融商品取引業の登録等はない。以下「当社」という。）に対して金融商品取引法（以下「金商法」という。）第１８７条に基づく調査を行った結果、下記２．の事実が認められたことから、本日、証券取引等監視委員会は、金商法第１９２条第１項の規定に基づき、東京地方裁判所に対し、当社及び当社代表取締役Ａ並びに当社関係者Ｂ及びＣを被申立人として金商法違反行為（無登録で、同法第２条第２項の規定により有価証券とみなされる同項第５号及び第６号に掲げる権利の募集又は私募の取扱いを行うこと）の禁止及び停止を命ずるよう申立てを行った。 ２．事実関係 当社は、平成２２年１１月ころ以降、有限会社フロンティア（東京都中央区、適格機関投資家等特例業務届出者。以下「フロンティア社」という。）から委託を受け、多数の個人投資家に対し、フロンティア社が業務執行組合員となっている組合契約に基づく権利の取得の申込みを勧誘し、多数の個人投資家に当該権利を取得させた。当社の株主であるＢ及び当社代表取締役Ａは、当社の従業員に指示して、上記行為に当たらせた。 Ｃは、平成２２年６月ころ以降、当社、株式会社コンサルティングファーム（東京都中央区）、Ｒリサーチ株式会社（東京都中央区）、株式会社セカンドミリオン（東京都港区）、リミックスマネージメント株式会社（東京都台東区）、フロンティアターゲット株式会社（東京都台東区）及び株式会社ツアーコンサルタント（東京都台東区）（以下、併せて「委託会社」という。なお、委託会社は全て適格機関投資家等特例業務届出者である。）から委託を受け、勧誘を専門とする複数のグループに指示して、多数の個人投資家に対し、委託会社が営業者となっている匿名組合契約又は委託会社が業務執行組合員となっている組合契約に基づく権利の取得の申込みを勧誘し、多数の個人投資家に当該権利を取得させた。 被申立人らの上記行為は、いずれも、金商法第２８条第２項に規定する「第二種金融商品取引業」に該当し、同法第２９条に違反するものである。 当社に対しては、平成２３年４月に関東財務局から無登録で金融商品取引業を行っているとして警告書が発出されていたが、上記のとおり、当社は、その後も無登録で金融商品取引業を行っていたものであり、また、Ｃは、当社以外の他の委託会社に係る組合契約に基づく権利の取得の申込みの勧誘を行っていたものである。 以上からすれば、被申立人らは上記違法行為を今後も行う蓋然性が高く、これを可及的速やかに禁止・停止させる必要がある。 参考条文 ○適格機関投資家等特例業務 金融商品取引法 （定義） 第二条 この法律において「有価証券」とは、次に掲げるものをいう。 一 ～ 二十一 （略） ２ 前項第一号から第十五号までに掲げる有価証券（略）のうち、流通性その他の事情を勘案し、社債券その他の前項各号に掲げる有価証券とみなすことが必要と認められるものとして政令で定めるもの（略）は、（略）当該有価証券とみなし、次に掲げる権利は、証券又は証書に表示されるべき権利以外の権利であつても有価証券とみなして、この法律の規定を適用する。 一 ～ 四 （略） 五 民法（略）第六百六十七条第一項に規定する組合契約、商法（略）第五百三十五条に規定する匿名組合契約（略）に基づく権利、（略）その他の権利（略）のうち、当該権利を有する者（略）が出資又は拠出をした金銭（略）を充てて行う事業（以下この号において「出資対象事業」という。）から生ずる収益の配当又は当該出資対象事業に係る財産の分配を受けることができる権利であつて、次のいずれにも該当しないもの（略） イ～ニ （略） 六 外国の法令に基づく権利であつて、前号に掲げる権利に類するもの 七 （略） ３ ～ ７ （略） ８ この法律において「金融商品取引業」とは、次に掲げる行為（略）のいずれかを業として行うことをいう。 一 ～ 八 （略） 九 有価証券の募集若しくは売出しの取扱い又は私募若しくは特定投資家向け売付け勧誘等の取扱い 十 ～ 十八 （略） ９ ～ （以下、略） 第二十八条 この章において「第一種金融商品取引業」とは、金融商品取引業のうち、次に掲げる行為のいずれかを業として行うことをいう。 一 ～ 五 （略） ２ この章において「第二種金融商品取引業」とは、金融商品取引業のうち、次に掲げる行為のいずれかを業として行うことをいう。 一 　（略） 二 　第二条第二項の規定により有価証券とみなされる同項各号に掲げる権利についての同条第八項第一号から第三号まで、第五号、第八号又は第九号に掲げる行為 三 ・ 四 （略） ３ ～ （以下、略） （登録） 第二十九条 金融商品取引業は、内閣総理大臣の登録を受けた者でなければ、行うことができない。 （適格機関投資家等特例業務） 第六十三条 次の各号に掲げる行為については、第二十九条及び第三十三条の二の規定は、適用しない。 一 適格機関投資家等（略）で次のいずれにも該当しない者を相手方として行う第二条第二項第五号又は第六号に掲げる権利に係る私募（略） イ ～　ハ （略） 二 第二条第二項第五号又は第六号に掲げる権利（略）を有する適格機関投資家等から出資され、又は拠出された金銭（略）の運用を行う同条第八項第十五号に掲げる行為 ２　～ （以下、略） ○緊急差止命令の申立て 金融商品取引法 （審問等に関する調査のための処分） 第百八十七条 内閣総理大臣又は内閣総理大臣及び財務大臣は、（略）第百九十二条の規定による申立てについて、必要な調査をするため、当該職員に、次に掲げる処分をさせることができる。 一 関係人若しくは参考人に出頭を命じて意見を聴取し、又はこれらの者から意見書若しくは報告書を提出させること。 二 鑑定人に出頭を命じて鑑定させること。 三 関係人に対し帳簿書類その他の物件の提出を命じ、又は提出物件を留めて置くこと。 四 関係人の業務若しくは財産の状況又は帳簿書類その他の物件を検査すること。 （裁判所の禁止又は停止命令） 第百九十二条 裁判所は、緊急の必要があり、かつ、公益及び投資者保護のため必要かつ適当であると認めるときは、内閣総理大臣又は内閣総理大臣及び財務大臣の申立てにより、この法律又はこの法律に基づく命令に違反する行為を行い、又は行おうとする者に対し、その行為の禁止又は停止を命ずることができる。 ２ 裁判所は、前項の規定により発した命令を取り消し、又は変更することができる。 ３ 前二項の事件は、被申立人の住所地の地方裁判所の管轄とする。 ４ 第一項及び第二項の裁判については、非訟事件手続法 （略）の定めるところによる。 第百九十八条 次の各号のいずれかに該当する者は、三年以下の懲役若しくは三百万円以下の罰金に処し、又はこれを併科する。 一 ～ 七 （略） 八 第百九十二条第一項又は第二項の規定による裁判所の命令に違反した者 第二百七条 法人（法人でない団体で代表者又は管理人の定めのあるものを含む。以下この項及び次項において同じ。）の代表者又は法人若しくは人の代理人、使用人その他の従業者が、その法人又は人の業務又は財産に関し、次の各号に掲げる規定の違反行為をしたときは、その行為者を罰するほか、その法人に対して当該各号に定める罰金刑を、その人に対して各本条の罰金刑を科する。 一 ・二 （略） 三 第百九十八条第八号又は第百九十八条の三から第百九十八条の五まで　三億円以下の罰金刑 四 ～ 六 （略） ２ ～ （以下、略）
2011-06-21,,,「金融商品取引法における課徴金事例集」の公表について（平成23年6月21日）,https://www.fsa.go.jp/sesc/news/c_2011/2011/20110621-1.html,平成２３年６月２１日 証券取引等監視委員会 「金融商品取引法における課徴金事例集」の公表について 証券取引等監視委員会では、「金融商品取引法における課徴金事例集」について、 別紙(PDF/364KB) のとおり取りまとめましたので、公表します。 本事例集は、市場参加者に課徴金制度への理解を深めてもらうため、課徴金納付命令勧告を行った事案の概要に、事例ごとの特色などについて説明を加えて取りまとめ、公表しているものです。こうした事例集の公表は、４回目となります。 今回の事例集は、証券取引等監視委員会の勧告に基づき、平成22年５月から平成23年４月までの間に課徴金納付命令が発せられ、取消しの訴えの出訴期間が経過した（取消しの訴えがあり、現在係争中のものを除く。）課徴金事例（31事例）を記載しました。 内訳は、 内部者取引に係るもの14事例 相場操縦に係るもの５事例 開示書類の虚偽記載に係るもの11事例 開示書類の不提出に係るもの１事例 です。 また、課徴金納付命令勧告は行わなかったものの、開示検査の結果、是正が行われた事例（３事例）を記載しました。 証券取引等監視委員会は、本事例集が、市場監視行政の透明性を高め、市場参加者の自主的規律の促進、証券市場における取引の公正や適正開示の実現に役立つことを期待しています。 課徴金勧告事案に係る違反行為ごとの主な特色(PDF/136KB) 過去の課徴金事例集はこちら
2011-06-21,フューチャーストック株式会社,,フューチャーストック株式会社に対する検査結果に基づく勧告について（平成23年6月21日）,https://www.fsa.go.jp/sesc/news/c_2011/2011/20110621-2.html,平成２３年６月２１日 証券取引等監視委員会 フューチャーストック株式会社に対する検査結果に基づく勧告について １．勧告の内容 近畿財務局長がフューチャーストック株式会社（大阪府大阪市、資本金１０百万円、役職員１名、投資助言・代理業、適格機関投資家等特例業務）を検査した結果、下記のとおり、当該金融商品取引業者に係る法令違反の事実が認められたので、本日、証券取引等監視委員会は、内閣総理大臣及び金融庁長官に対して、金融庁設置法第２０条第１項の規定に基づき、行政処分を行うよう勧告した。 ２．事実関係 ○　集団投資スキーム持分の私募及び運用に係る無登録営業 フューチャーストック株式会社（以下「当社」という。）は、平成２０年３月に、近畿財務局長へ適格機関投資家等特例業務（以下「特例業務」という。）の届出を行い、特例業務として自らを無限責任組合員とし、Ａ投資事業有限責任組合の出資持分の私募（以下「自己私募」という。）及び運用（以下「自己運用」という。）並びにＢ投資事業有限責任組合の自己私募を行っているが、これらのファンドについては、適格機関投資家からの出資がない。 したがって、当社が業務として行った自己私募及び自己運用は、特例業務の要件を満たすことなく行われていたものと認められる。 当社が行った上記業務は、金融商品取引法第２８条第２項に規定する「第二種金融商品取引業」及び同条第４項に規定する「投資運用業」に該当し、当社が同法第３１条第４項に基づく変更登録を受けることなく当該業務を行うことは、同法第２９条に違反するものと認められる。 金融商品取引法 （昭和23年4月法律第25号）（抄） （登録） 第二十九条　金融商品取引業は、内閣総理大臣の登録を受けた者でなければ、行うことができない。 （変更登録等） 第三十一条　（略） ２・３　（略） ４ 金融商品取引業者は 、第二十九条の二第一項第五号に掲げる事項について変更をしようとするときは、内閣府令で定めるところにより、内閣総理大臣の行う 変更登録を受けなければならない 。 ５・６　（略）
2011-06-10,株式会社スルガコーポレーション株券,,株式会社スルガコーポレーション株券に係る内部者取引事件の告発について（平成23年6月10日）,https://www.fsa.go.jp/sesc/news/c_2011/2011/20110610-1.html,平成23年6月10日 証券取引等監視委員会 株式会社スルガコーポレーション株券に係る内部者取引事件の告発について 証券取引等監視委員会は、平成23年6月10日、金融商品取引法違反（インサイダー取引）の嫌疑で、下記の犯則嫌疑法人及び犯則嫌疑者を横浜地方検察庁検察官に告発した。 １．告発の対象となった犯則事実 犯則嫌疑者Aは、犯則嫌疑法人株式会社スルガコーポレーションの代表取締役であったもの、犯則嫌疑者B及びCは、犯則嫌疑法人の社員であったものであり、犯則嫌疑者3名は、いずれも自己の職務に関し、犯則嫌疑法人が従前から委託先法人に行わせていた犯則嫌疑法人所有の商業ビルの立ち退き交渉業務に関し、警察において、同委託先法人が反社会的勢力であるとし、当該交渉業務について、犯則嫌疑法人の役員らの取調べ等の捜査を進めているという、同社の運営、業務及び財産に関する重要な事実であって、投資者の投資判断に著しい影響を及ぼす事実を、平成20年2月中旬ころまでに知り、共謀の上、法定の除外事由がないのに、同事実の公表前である平成20年2月25日から同年3月3日までの間、犯則嫌疑法人の業務及び財産に関し、証券会社を介し、東京証券取引所において、同証券会社に開設された関係法人名義口座において保有されていた犯則嫌疑法人の株券合計1万4500株を、価格合計1904万3600円で売り付けたものである。 ２．関連条文 金融商品取引法第197条の2第13号、同法第207条第1項第2号、同法第166条第1項第1号、同条第2項第4号、刑法第60条 法定刑：法人につき　5億円以下の罰金 個人につき　5年以下の懲役若しくは500万円以下の罰金、又は併科
2011-05-27,株式会社富士バイオメディックス,,株式会社富士バイオメディックスに係る虚偽有価証券報告書等提出事件の告発について（平成23年5月27日）,https://www.fsa.go.jp/sesc/news/c_2011/2011/20110527-2.html,平成２３年５月２７日 証券取引等監視委員会 株式会社富士バイオメディックスに係る虚偽有価証券報告書等提出事件の告発について 証券取引等監視委員会は、平成23年5月27日、証券取引法及び金融商品取引法違反（虚偽有価証券報告書等提出）の嫌疑で、下記の犯則嫌疑法人及び犯則嫌疑者を東京地方検察庁検察官に告発した。 １．告発の対象となった犯則事実 犯則嫌疑者Aは犯則嫌疑法人株式会社富士バイオメディックスの代表取締役社長であったもの、犯則嫌疑者Bは平成18年8月から平成19年4月まで同社役員であり、平成19年4月以降も同社の業務に従事していたもの、犯則嫌疑者Cは経営、経理に関する診断及び指導等を目的とする法人の役員であり、平成19年6月以降は犯則嫌疑法人の業務に従事していたもの、犯則嫌疑者Dは経営コンサルティング等を目的とする法人の役員であるが 第1 犯則嫌疑者4名は、共謀の上、犯則嫌疑法人の業務に関し、平成19年8月31日、関東財務局において、同財務局長に対し、同社の平成18年6月1日から平成19年5月31日までの連結会計年度につき、売上高が約166億9600万円、経常損失が約5億1400万円であったにもかかわらず、架空売上高を計上するなどの方法により、売上高を約182億1500万円、経常利益を約8億3400万円と記載するなどした連結損益計算書及び出資金合計額が約1100万円であったにもかかわらず、架空の出資金を計上して出資金合計額が約19億1100万円であったと記載するとともに、短期借入金合計額が約79億2700万円であったにもかかわらず、40億円の短期借入金を計上せず、短期借入金合計額を約39億2700万円と記載するなどした連結貸借対照表を各掲載した有価証券報告書を提出し、もって、重要な事項につき虚偽の記載のある有価証券報告書を提出し 第2 犯則嫌疑者Aは、犯則嫌疑法人が発行する株券の募集に際し、同社の業務に関し、平成20年2月13日、前記関東財務局において、同財務局長に対し、前記内容虚偽の連結損益計算書及び連結貸借対照表並びに同社の平成19年6月1日から同年11月30日までの中間連結会計期間につき、売上高が約126億1400万円、経常損失が約2億8100万円であったにもかかわらず、架空売上高を計上するなどの方法により、売上高を約140億7500万円、経常利益を約8億3000万円と記載するなどした中間連結損益計算書を各掲載した有価証券届出書を提出し、もって、重要な事項につき虚偽の記載のある有価証券届出書を提出し たものである。 〔関連条文〕 第1　　平成18年法律第65号第3条による改正前の証券取引法第197条第1項第1号、同法第24条第1項第1号、同法第207条第1項第1号、刑法第60条 法定刑：法人につき　7億円以下の罰金 個人につき　10年以下の懲役若しくは1000万円以下の罰金、又は併科 第2　　平成20年法律第65号第3条による改正前の金融商品取引法第197条第1項第1号、同法第5条第1項、同法第207条第1項第1号 法定刑：法人につき　7億円以下の罰金 個人につき　10年以下の懲役若しくは1000万円以下の罰金、又は併科
2011-05-27,株式会社ＤＰＧホールディングス,,株式会社ＤＰＧホールディングスに係る有価証券報告書等の虚偽記載に係る課徴金納付命令勧告について（平成23年5月27日）,https://www.fsa.go.jp/sesc/news/c_2011/2011/20110527-1.html,"平成２３年５月２７日 証券取引等監視委員会 株式会社ＤＰＧホールディングスに係る有価証券報告書等の虚偽記載に係る課徴金納付命令勧告について １．勧告の内容 証券取引等監視委員会は、株式会社ＤＰＧホールディングスに係る有価証券報告書等の虚偽記載について検査した結果、以下のとおり法令違反の事実が認められたので、本日、内閣総理大臣及び金融庁長官に対して、金融庁設置法第２０条第１項の規定に基づき、課徴金納付命令を発出するよう勧告を行った。 ２．法令違反の事実関係 株式会社ＤＰＧホールディングスは、関東財務局長に対し、貸倒引当金の過少計上及び債務免除益の架空計上等により、別添のとおり、金融商品取引法第１７２条の４第１項及び第２項に規定する「重要な事項につき虚偽の記載がある」有価証券報告書等を提出したものである。 ［虚偽記載の概要］ （単位：百万円） 【平成21年12月期有価証券報告書】 虚偽記載額 認定金額 連結売上高 1,108 1,108 連結経常損益 ▲402 ▲392 連結当期純損益 ▲254 ▲444 連結純資産額 64 ▲122 【平成22年3月第1四半期四半期報告書】 虚偽記載額 認定金額 連結売上高 282 282 連結経常損益 ▲104 ▲101 連結四半期純損益 ▲106 ▲104 連結純資産額 ▲41 ▲226 【平成22年6月第2四半期四半期報告書】 虚偽記載額 認定金額 連結売上高 531 531 連結経常損益 ▲212 ▲207 連結四半期純損益 ▲418 ▲381 連結純資産額 ▲353 ▲503 【平成22年9月第3四半期四半期報告書】 虚偽記載額 認定金額 連結売上高 725 725 連結経常損益 ▲298 ▲293 連結四半期純損益 ▲593 ▲556 連結純資産額 ▲528 ▲678 ３．課徴金の額の計算 上記の違法行為に対し金融商品取引法に基づき納付を命じられる課徴金の額は、１，２００万円である。 (1) 金融商品取引法第１７２条の４第１項の規定により、平成２１年１２月期有価証券報告書に係る課徴金の額は、 (i)　当該法人が発行する算定基準有価証券の市場価額の総額に１０万分の６を乗じて得た額（15,941円） が (ii)　6,000,000円 を超えないことから、6,000,000円となる。 (2) 金融商品取引法第１７２条の４第２項の規定により、平成２２年３月第１四半期四半期報告書、平成２２年６月第２四半期四半期報告書及び平成２２年９月第３四半期四半期報告書に係る課徴金について、個別決定ごとの算出額は、 (i)　当該法人が発行する算定基準有価証券の市場価額の総額に１０万分の６を乗じて得た額 （平成２２年３月第１四半期四半期報告書　41,019円 平成２２年６月第２四半期四半期報告書　30,846円 平成２２年９月第３四半期四半期報告書　25,049円） が (ii)　6,000,000円 を超えないことから、 平成２２年３月第１四半期四半期報告書については、3,000,000円 平成２２年６月第２四半期四半期報告書については、3,000,000円 平成２２年９月第３四半期四半期報告書については、3,000,000円 となる。 ここで、これらの書類が同一の事業年度に係るものであることから、金融商品取引法第１８５条の７第６項の規定により、下記のとおり６００万円を個別決定ごとの算出額に基づき按分した金額が課徴金の額となる。 平成２２年３月第１四半期四半期報告書に係る課徴金の額は 2,000,000円 平成２２年６月第２四半期四半期報告書に係る課徴金の額は 2,000,000円 平成２２年９月第３四半期四半期報告書に係る課徴金の額は 2,000,000円 （別添）株式会社ＤＰＧホールディングスの有価証券報告書等の虚偽記載内容 番号 開示書類 虚偽記載 提出日 書類 会計期間 財務計算に 関する書類 内容（注） 事由 １ 平成22年3月26日 第12期事業年度連結会計期間に係る有価証券報告書（平成21年12月期有価証券報告書） 平成21年1月1日～平成21年12月31日の連結会計期間 連結 損益計算書 連結当期純損益が▲444百万円であるところを▲254百万円と記載 ・貸倒引当金の過少計上 ・債務免除益の架空計上 連結 貸借対照表 連結純資産額が▲122百万円であるところを64百万円と記載 ２ 平成22年5月14日 第13期事業年度第1四半期連結会計期間に係る四半期報告書（平成22年3月第1四半期四半期報告書） 平成22年1月1日～平成22年3月31日の第1四半期連結会計期間 四半期連結 貸借対照表 連結純資産額が▲226百万円であるところを▲41百万円と記載 ・貸倒引当金の過少計上 ３ 平成22年8月13日 第13期事業年度第2四半期連結会計期間に係る四半期報告書（平成22年6月第2四半期四半期報告書） 平成22年4月1日～平成22年6月30日の第2四半期連結会計期間 四半期連結 貸借対照表 連結純資産額が▲503百万円であるところを▲353百万円と記載 ・貸倒引当金の過少計上 ４ 平成22年11月15日 第13期事業年度第3四半期連結会計期間に係る四半期報告書（平成22年9月第3四半期四半期報告書） 平成22年7月1日～平成22年9月30日の第3四半期連結会計期間 四半期連結 貸借対照表 連結純資産額が▲678百万円であるところを▲528百万円と記載 ・貸倒引当金の過少計上 （注）金額は百万円未満切捨てである。また、▲は損益計算書では損失であることを、貸借対照表では債務超過であること を示す。"
2011-05-13,ジャパンリアライズ株式会社,,ジャパンリアライズ株式会社及びその役職員に対する金融商品取引法違反行為に係る裁判所の緊急差止命令（同法第１９２条第１項）の発令について（平成23年5月13日）,https://www.fsa.go.jp/sesc/news/c_2011/2011/20110513-1.html,平成２３年５月１３日 証券取引等監視委員会 ジャパンリアライズ株式会社及びその役職員に対する金融商品取引法違反行為に係る裁判所の緊急差止命令（同法第１９２条第１項）の発令について 証券取引等監視委員会が、平成２３年４月２８日に行ったジャパンリアライズ株式会社（北海道札幌市中央区、資本金５，０００万円、適格機関投資家等特例業務届出者。金融商品取引業の登録等はない。）並びに同社の代表取締役社長Ａ及び従業員Ｂ（以下「被申立人ら」という。）に対する金融商品取引法違反行為（無登録で、金融商品取引法第２条第２項第５号及び第６号に掲げる権利の募集又は私募を業として行うこと並びに金融商品の価値等の分析に基づく投資判断に基づいて主として有価証券等に対する投資として上記権利を有する者から出資等を受けた金銭等の運用を業として行うこと（ただし、出資金の運用に関する取引を結了する目的の範囲内の行為は除く。））の緊急差止命令の申立てについて、本日、札幌地方裁判所より、申立ての内容どおり、被申立人らに対し、下記の命令が下された。 記 １　被申立人らは、いずれも、金融商品取引法２９条所定の登録（ただし、業務の種別を第二種金融商品取引業とするもの）その他同法所定の適式の登録を受けずに、同法２条２項５号又は６号に掲げる権利について、同条３項に規定する有価証券の募集又は私募（ただし、同法６３条１項１号に掲げる行為を除く。）を業として行ってはならない。 ２　被申立人らは、いずれも、金融商品取引法２９条所定の登録（ただし、業務の種別を投資運用業とするもの）その他同法所定の適式の登録を受けずに、同法２条８項１５号に規定する金融商品の価値等の分析に基づく投資判断に基づいて主として有価証券又はデリバティブ取引に係る権利に対する投資として、同条２項５号又は６号に掲げる権利を有する者から出資又は拠出を受けた金銭その他の財産の運用を行うこと（ただし、同条８項柱書きにより金融商品取引業から除かれる行為、同法６３条１項２号に掲げる行為及び被申立人らが行った同法２条２項５号又は６号に掲げる権利を有する者から出資又は拠出を受けた金銭その他の財産の運用に関する取引を結了する目的の範囲内の行為は除く。）を業として行ってはならない。 （参考） ジャパンリアライズ株式会社及びその役職員の金融商品取引法違反行為に係る裁判所への緊急差止命令の申立て（同法第１９２条第１項）について
2011-04-28,ジャパンリアライズ株式会社,,ジャパンリアライズ株式会社及びその役職員の金融商品取引法違反行為に係る裁判所への緊急差止命令の申立て（同法第１９２条第１項）について（平成23年4月28日）,https://www.fsa.go.jp/sesc/news/c_2011/2011/20110428-1.html,平成23年４月28日 証券取引等監視委員会 ジャパンリアライズ株式会社及びその役職員の金融商品取引法違反行為に係る裁判所への緊急差止命令の申立て（同法第１９２条第１項）について １．申立ての内容等 証券取引等監視委員会及び北海道財務局長が、ジャパンリアライズ株式会社（北海道札幌市中央区、資本金５，０００万円、役職員約２０名、適格機関投資家等特例業務届出者。金融商品取引業の登録等はない。以下「当社」という。）に対して金融商品取引法（以下「金商法」という。）第１８７条に基づく調査を行った結果、下記２．の事実が認められたことから、本日、証券取引等監視委員会は、金商法第１９２条第１項の規定に基づき、札幌地方裁判所に対し、当社並びに当社の代表取締役Ａ及び従業員Ｂ（以下「当社ら」という。）を被申立人として金融商品取引法違反行為（無登録で、金商法第２条第２項第５号及び第６号に掲げる権利の募集又は私募を業として行うこと並びに金融商品の価値等の分析に基づく投資判断に基づいて主として有価証券等に対する投資として上記権利を有する者から出資等を受けた金銭等の運用を業として行うこと（ただし、出資金の運用に関する取引を結了する目的の範囲内の行為は除く。））の禁止等を命ずるよう申立てを行った。 ２．事実関係 当社らは、平成２０年１１月ころから平成２３年４月までの間、合計２０本の組合契約（以下「ＪＲファンド」という。）の持分の私募を行い、その出資金の運用を行っている。当社らは、集めた出資金を外国為替証拠金取引により運用しており、ＪＲファンドの出資対象事業はいずれも同一である。 そうすると、ＪＲファンドは、適格機関投資家等特例業務（以下「特例業務」という。）の私募の要件として、６か月以内に持分を取得させた適格機関投資家以外の者（以下「一般投資家」という。）は通算４９名以下でなければならないところ、遅くとも、平成２２年４月上旬以降に行われた私募はいずれもこの要件を満たしていない。また、ＪＲファンドは、特例業務の運用の要件として、ＪＲファンド全体で、適格機関投資家１名以上及び一般投資家４９名以下からの出資でなければならないところ、運用中のＪＲファンドの一般投資家の人数は、遅くとも、平成２１年８月末以降、４９名を超え、平成２３年３月末現在約１００名であり、この要件を満たしていない。 当社らの上記行為は、私募につき、金商法第２８条第２項に規定する「第二種金融商品取引業」に該当し、運用につき、同条第４項に規定する「投資運用業」に該当し、いずれも、同法第２９条に違反するものである。 また、当社らは、組合契約上、運用益のうち、配当上限額を超えた部分のみ成功報酬として取得するとしているが、実質的には十分な運用益が出ていないにもかかわらず、上限額の配当を行うとともに、出資金の一部を役職員の報酬等に充てていた。さらに、平成２３年５月２日を募集開始日とする新たなＪＲファンドの勧誘を企画している。 以上からすれば、当社らは、上記違反行為を今後も行う蓋然性が高く、これを可及的速やかに禁止・停止させる必要がある。 参考条文 ○適格機関投資家等特例業務 金融商品取引法 （登録） 第二十九条 金融商品取引業は、内閣総理大臣の登録を受けた者でなければ、行うことができない。 （適格機関投資家等特例業務） 第六十三条 次の各号に掲げる行為については、第二十九条及び第三十三条の二の規定は、適用しない。 一 適格機関投資家等（適格機関投資家以外の者で政令で定めるもの（その数が政令で定める数以下の場合に限る。）及び適格機関投資家をいう。以下この条において同じ。）で次のいずれにも該当しない者を相手方として行う第二条第二項第五号又は第六号に掲げる権利に係る私募（適格機関投資家等（次のいずれにも該当しないものに限る。）以外の者が当該権利を取得するおそれが少ないものとして政令で定めるものに限る。） イ （略） ロ 第二条第二項第五号又は第六号に掲げる権利に対する投資事業に係る匿名組合契約（商法第五百三十五条に規定する匿名組合契約をいう。）で、適格機関投資家以外の者を匿名組合員とするものの営業者又は営業者になろうとする者 ハ イ又はロに掲げる者に準ずる者として内閣府令で定める者 二 第二条第二項第五号又は第六号に掲げる権利（同一の出資対象事業（同項第五号に規定する出資対象事業をいう。）に係る当該権利を有する者が適格機関投資家等（前号イからハまでのいずれにも該当しないものに限る。）のみであるものに限る。）を有する適格機関投資家等から出資され、又は拠出された金銭（これに類するものとして政令で定めるものを含む。）の運用を行う同条第八項第十五号に掲げる行為 ２ ～ ８ （略） 金融商品取引法施行令 （適格機関投資家等特例業務） 第十七条の十二 法第六十三条第一項第一号に規定する適格機関投資家以外の者で政令で定めるものは、適格機関投資家以外の者とする。 ２ 法第六十三条第一項第一号に規定する政令で定める数は、四十九とする。 ３ 法第六十三条第一項第一号に規定する権利を取得するおそれが少ないものとして政令で定めるものは、次の各号に掲げる場合の区分に応じ、当該各号に定める要件に該当するものとする。 一 （略） 二 当該権利の取得勧誘に応ずる取得者が適格機関投資家等（法第六十三条第一項第一号に規定する適格機関投資家等をいう。）のうち適格機関投資家以外の者（同号イからハまでのいずれにも該当しないものに限る。ロにおいて「一般投資家」という。）である場合　次に掲げるすべての要件 イ （略） ロ 当該権利が有価証券として発行される日以前六月以内に、当該権利と同一種類のものとして内閣府令で定める他の権利（ロにおいて「同種の新規発行権利」という。）が有価証券として発行されている場合にあつては、当該権利の取得勧誘に応じて取得する一般投資家の人数と当該六月以内に発行された同種の新規発行権利の取得勧誘に応じて取得した一般投資家の人数との合計が四十九名以下となること。 ４ （略） 金融商品取引業等に関する内閣府令 （同種の新規発行権利） 第二百三十四条 令第十七条の十二第三項第二号ロに規定する当該権利と同一種類のものとして内閣府令で定める他の権利は、有価証券としての当該権利と発行者及び出資対象事業が同一である有価証券としての権利とする。 ○緊急差止命令に係る申立て 金融商品取引法 （審問等に関する調査のための処分） 第百八十七条 内閣総理大臣又は内閣総理大臣及び財務大臣は、この法律の規定による審問、この法律の規定による処分に係る聴聞又は第百九十二条の規定による申立てについて、必要な調査をするため、当該職員に、次に掲げる処分をさせることができる。 一 関係人若しくは参考人に出頭を命じて意見を聴取し、又はこれらの者から意見書若しくは報告書を提出させること。 二 鑑定人に出頭を命じて鑑定させること。 三 関係人に対し帳簿書類その他の物件の提出を命じ、又は提出物件を留めて置くこと。 四 関係人の業務若しくは財産の状況又は帳簿書類その他の物件を検査すること。 （裁判所の禁止又は停止命令） 第百九十二条 裁判所は、緊急の必要があり、かつ、公益及び投資者保護のため必要かつ適当であると認めるときは、内閣総理大臣又は内閣総理大臣及び財務大臣の申立てにより、この法律又はこの法律に基づく命令に違反する行為を行い、又は行おうとする者に対し、その行為の禁止又は停止を命ずることができる。 ２ 裁判所は、前項の規定により発した命令を取り消し、又は変更することができる。 ３ 前二項の事件は、被申立人の住所地の地方裁判所の管轄とする。 ４ 第一項及び第二項の裁判については、非訟事件手続法 （明治三十一年法律第十四号）の定めるところによる。 第百九十八条 次の各号のいずれかに該当する者は、三年以下の懲役若しくは三百万円以下の罰金に処し、又はこれを併科する。 一 ～ 七 （略） 八 第百九十二条第一項又は第二項の規定による裁判所の命令に違反した者 第二百七条 法人（法人でない団体で代表者又は管理人の定めのあるものを含む。以下この項及び次項において同じ。）の代表者又は法人若しくは人の代理人、使用人その他の従業者が、その法人又は人の業務又は財産に関し、次の各号に掲げる規定の違反行為をしたときは、その行為者を罰するほか、その法人に対して当該各号に定める罰金刑を、その人に対して各本条の罰金刑を科する。 一 ・二 （略） 三 第百九十八条第八号又は第百九十八条の三から第百九十八条の五まで　三億円以下の罰金刑 四 ～ 六 （略） （以下、略）
2011-04-26,ＳＢＩネットシステムズ株式会社,,ＳＢＩネットシステムズ株式会社に係る有価証券報告書等の虚偽記載に係る課徴金納付命令勧告について（平成23年4月26日）,https://www.fsa.go.jp/sesc/news/c_2011/2011/20110426-1.html,"平成２３年４月２６日 証券取引等監視委員会 ＳＢＩネットシステムズ株式会社に係る有価証券報告書等の虚偽記載に係る課徴金納付命令勧告について １．勧告の内容 証券取引等監視委員会は、ＳＢＩネットシステムズ株式会社に係る有価証券報告書等の虚偽記載について検査した結果、以下のとおり法令違反の事実が認められたので、本日、内閣総理大臣及び金融庁長官に対して、金融庁設置法第２０条第１項の規定に基づき、課徴金納付命令を発出するよう勧告を行った。 ２．法令違反の事実関係 (1) ＳＢＩネットシステムズ株式会社は、関東財務局長に対し、架空売上の計上、貸倒引当金の過少計上及びソフトウェアの過大計上等により、別添のとおり、金融商品取引法（平成２０年法律第６５号による改正前のもの。以下「旧金融商品取引法」という。）第１７２条の２第１項及び第２項に規定する「重要な事項につき虚偽の記載がある」有価証券報告書等を提出したものである。 ［虚偽記載の概要］ （単位：百万円） 【平成18年3月期有価証券報告書】 虚偽記載額 認定金額 連結売上高 1,375 910 連結経常損益 38 ▲404 連結当期純損益 31 ▲445 連結純資産額（資本合計） 1,598 1,121 【平成18年9月中間期半期報告書】 虚偽記載額 認定金額 連結売上高 486 556 連結経常損益 ▲683 ▲613 連結中間純損益 ▲895 ▲823 連結純資産額 947 541 【平成19年3月期有価証券報告書】 虚偽記載額 認定金額 連結売上高 2,183 2,063 連結経常損益 ▲1,320 ▲1,257 連結当期純損益 ▲1,995 ▲1,939 連結純資産額 ▲146 ▲566 【平成19年9月中間期半期報告書】 虚偽記載額 認定金額 連結売上高 1,367 1,367 連結経常損益 ▲280 ▲260 連結中間純損益 ▲116 ▲246 連結純資産額 ▲294 ▲845 【平成20年3月期有価証券報告書】 虚偽記載額 認定金額 連結売上高 3,082 3,082 連結経常損益 ▲457 ▲413 連結当期純損益 ▲1,440 ▲1,110 連結純資産額 70 ▲20 【平成20年6月第1四半期四半期報告書】 虚偽記載額 認定金額 連結売上高 1,404 1,400 連結経常損益 20 32 連結四半期純損益 ▲28 ▲16 連結純資産額 39 ▲39 (2) ＳＢＩネットシステムズ株式会社は、関東財務局長に対し、 (i) 平成２０年２月１５日、重要な事項につき虚偽の記載がある平成１９年３月期有価証券報告書（別添番号欄３参照）及び平成１９年９月中間期半期報告書（別添番号欄４参照）を組込情報とする有価証券届出書を提出し、同有価証券届出書に基づく募集により、同年３月３日、１３１，５００株の株券を１，７０９，５００，０００円で取得させ、 (ii) 平成２０年８月８日、重要な事項につき虚偽の記載がある平成２０年３月期有価証券報告書（別添番号欄５参照）及び平成２０年６月第１四半期四半期報告書（別添番号欄６参照）を組込情報とする有価証券届出書を提出し、同有価証券届出書に基づく募集により、同年８月２６日、２２７，５８５株の株券を３，２９９，９８２，５００円で取得させた。 同社が行った上記の行為は、旧金融商品取引法第１７２条第１項第１号に規定する「重要な事項につき虚偽の記載がある」発行開示書類に基づく募集により有価証券を取得させた行為に該当すると認められる。 ３．課徴金の額の計算 上記の違法行為に対し旧金融商品取引法に基づき納付を命じられる課徴金の額は、１億１，０６８万円である。 (1) 旧金融商品取引法第１７２条の２第１項の規定により、平成１８年３月期有価証券報告書に係る課徴金の額は、 (i)　当該法人が発行する算定基準有価証券の市場価額の総額に１０万分の３を乗じて得た額（396,694円） が (ii)　3,000,000円 を超えないことから、3,000,000円となる。 (2) 旧金融商品取引法第１７２条の２第１項及び第２項の規定により、平成１８年９月中間期半期報告書及び平成１９年３月期有価証券報告書に係る課徴金について、個別決定ごとの算出額は、 (i)　当該法人が発行する算定基準有価証券の市場価額の総額に１０万分の３を乗じて得た額（226,661円） が (ii)　3,000,000円 を超えないことから、 同半期報告書については、3,000,000円の２分の１に相当する額である 1,500,000円 同有価証券報告書については、3,000,000円 となる。 ここで、これらの書類が同一の事業年度に係るものであることから、旧金融商品取引法第１８５条の７第２項の規定により、下記のとおり３００万円を個別決定ごとの算出額に基づき按分した金額が課徴金の額となる。 平成１８年９月中間期半期報告書に係る課徴金の額は 1,000,000円 平成１９年３月期有価証券報告書に係る課徴金の額は 2,000,000円 (3) 旧金融商品取引法第１７２条の２第１項及び第２項の規定により、平成１９年９月中間期半期報告書及び平成２０年３月期有価証券報告書に係る課徴金について、個別決定ごとの算出額は、 (i)　当該法人が発行する算定基準有価証券の市場価額の総額に１０万分の３を乗じて得た額（62,123円） が (ii)　3,000,000円 を超えないことから、 同半期報告書については、3,000,000円の２分の１に相当する額である 1,500,000円 同有価証券報告書については、3,000,000円 となる。 ここで、これらの書類が同一の事業年度に係るものであることから、旧金融商品取引法第１８５条の７第２項の規定により、下記のとおり３００万円を個別決定ごとの算出額に基づき按分した金額が課徴金の額となる。 平成１９年９月中間期半期報告書に係る課徴金の額は 1,000,000円 平成２０年３月期有価証券報告書に係る課徴金の額は 2,000,000円 (4) 旧金融商品取引法第１７２条の２第２項の規定により、平成２０年６月第１四半期四半期報告書に係る課徴金の額は、 (i)　当該法人が発行する算定基準有価証券の市場価額の総額に１０万分の３を乗じて得た額（143,291円） が (ii) 3,000,000円 を超えないことから、3,000,000円の２分の１に相当する額である1,500,000円となる。 (5) 旧金融商品取引法第１７２条第１項第１号の規定により、重要な事項につき虚偽の記載がある発行開示書類に基づく募集により取得させた株券等の発行価額の総額の１００分の２に相当する額が課徴金の額となることから、 (i)　平成２０年２月１５日提出の有価証券届出書に係る課徴金の額は、 1,709,500,000円×2／100＝34,190,000円 (ii) 平成２０年８月８日提出の有価証券届出書に係る課徴金の額は、 3,299,982,500円×2／100＝65,999,650円 について、金融商品取引法第１７６条第２項の規定により１万円 未満を切り捨てて、65,990,000円 となる。 （別添）ＳＢＩネットシステムズ株式会社の有価証券報告書等の虚偽記載内容 番号 開示書類 虚偽記載 提出日 書類 会計期間 財務計算に 関する書類 内容（注） 事由 １ 平成18年6月28日 第9期事業年度連結会計期間に係る有価証券報告書（平成18年3月期有価証券報告書） 平成17年4月1日～平成18年3月31日の連結会計期間 連結 損益計算書 連結経常損益が▲404百万円であるところを38百万円と記載 連結当期純損益が▲445百万円であるところを31百万円と記載 ・架空売上の計上 等 連結 貸借対照表 連結純資産額に相当する「資本合計」欄が1,121百万円であるところを1,598百万円と記載 ２ 平成18年12月28日 第10期事業年度中間連結会計期間に係る半期報告書（平成18年9月中間期半期報告書） 平成18年4月1日～平成18年9月30日の中間連結会計期間 中間連結 貸借対照表 連結純資産額が541百万円であるところを947百万円と記載 ・投資有価証券の過大計上 等 ３ 平成19年6月28日 第10期事業年度連結会計期間に係る有価証券報告書（平成19年3月期有価証券報告書） 平成18年4月1日～平成19年3月31日の連結会計期間 連結 貸借対照表 連結純資産額が▲566百万円であるところを▲146百万円と記載 ・ソフトウェアの過大計上 ・投資有価証券の過大計上 等 ４ 平成19年12月20日 第11期事業年度中間連結会計期間に係る半期報告書（平成19年9月中間期半期報告書） 平成19年4月1日～平成19年9月30日の中間連結会計期間 中間連結 損益計算書 連結中間純損益が▲246百万円であるところを▲116百万円と記載 ・貸倒引当金の過少計上 ・ソフトウェアの過大計上 等 中間連結 貸借対照表 連結純資産額が▲845百万円であるところを▲294百万円と記載 ５ 平成20年6月25日 第11期事業年度連結会計期間に係る有価証券報告書（平成20年3月期有価証券報告書） 平成19年4月1日～平成20年3月31日の連結会計期間 連結 貸借対照表 連結純資産額が▲20百万円であるところを70百万円と記載 ・ソフトウェアの過大計上 等 ６ 平成20年8月7日 第12期事業年度第1四半期連結会計期間に係る四半期報告書（平成20年6月第1四半期四半期報告書） 平成20年4月1日～平成20年6月30日の第1四半期連結会計期間 四半期連結 貸借対照表 連結純資産額が▲39百万円であるところを39百万円と記載 ・ソフトウェアの過大計上 等 （注）金額は百万円未満切捨てである。また、▲は損益計算書では損失であることを、貸借対照表では債務超過であること を示す。"
2011-04-12,株式会社ウェスコ・ジャパン,,株式会社ウェスコ・ジャパンに対する検査結果に基づく勧告について（平成23年4月12日）,https://www.fsa.go.jp/sesc/news/c_2011/2011/20110412-2.html,平成２３年４月１２日 証券取引等監視委員会 株式会社ウェスコ・ジャパンに対する検査結果に基づく勧告について １．勧告の内容 関東財務局長が株式会社ウェスコ・ジャパン（東京都中央区、資本金６２百万円、役職員５名、第二種金融商品取引業）を検査した結果、下記のとおり、当該金融商品取引業者に係る法令違反の事実が認められたので、本日、証券取引等監視委員会は、内閣総理大臣及び金融庁長官に対して、金融庁設置法第２０条第１項の規定に基づき、行政処分を行うよう勧告した。 ２．事実関係 ○　集団投資スキーム持分の私募の取扱いに関して、顧客に対し特別の利益の提供を約する行為 株式会社ウェスコ・ジャパン（以下「当社」という。）は、遅くとも平成２２年１０月以降、集団投資スキーム持分（以下「ファンド」という。）の私募の取扱いに関して、顧客に対し、自ら又は第三者を名乗る者をして「当社が取り扱っているファンドに出資をすれば、保有している未公開株を買い取る。」あるいは｢当社が取り扱っているファンドに出資をすれば、後日、１０倍の値段で買い戻す。｣といった通常のサービスと考えられる以上の特別の利益の提供を約して、ファンドの取得勧誘を行っていたことが認められた。 当該金融商品取引業者が行った上記の行為は、顧客に対し、特別の利益の提供を約する行為であり、金融商品取引法第３８条第７号に基づく金融商品取引業等に関する内閣府令第１１７条第１項第３号に該当するものと認められる。 金融商品取引法 （昭和23年4月法律第25号）（抄） （禁止行為） 第三十八条 金融商品取引業者等 又はその役員若しくは使用人 は、次に掲げる行為をしてはならない 。（略） 一～六　（略） 七　前各号に掲げるもののほか、投資者の保護に欠け、若しくは取引の公正を害し、又は金融商品取引業の信用を失墜させるものとして 内閣府令で定める 行為 金融商品取引業等に関する内閣府令 （平成19年8月内閣府令第52号）（抄） （禁止行為） 第百十七条　法第三十八条第七号に規定する内閣府令で定める行為は、次に掲げる行為とする。 一～二　（略） 三 金融商品取引契約につき、顧客 若しくはその指定した者 に対し、特別の利益の提供を約 し、又は顧客若しくは第三者に対し特別の利益を提供 する行為（第三者をして特別の利益の提供を約させ 、又はこれを提供させ る行為を含む。 ） （以下、略）
2011-04-15,ワールド・リソースコミュニケーション株式会社,,ワールド・リソースコミュニケーション株式会社による無届社債券募集に対する課徴金納付命令勧告について（平成23年4月15日）,https://www.fsa.go.jp/sesc/news/c_2011/2011/20110415-1.html,"平成２３年４月１５日 証券取引等監視委員会 ワールド・リソースコミュニケーション株式会社による無届社債券募集に対する課徴金納付命令勧告について １．勧告の内容 証券取引等監視委員会は、ワールド・リソースコミュニケーション株式会社による社債券の募集について検査した結果、下記のとおり法令違反の事実が認められたので、本日、内閣総理大臣及び金融庁長官に対して、金融庁設置法第２０条第１項の規定に基づき、課徴金納付命令を発出するよう勧告を行った。 ２．法令違反の事実関係 (1) ワールド・リソースコミュニケーション株式会社 （旧商号：アフリカントラスト株式会社） ワールド・リソースコミュニケーション株式会社は、４種類の償還期間（１年・２年・３年・５年）の社債券（払込期日が平成２１年１月３１日から平成２２年７月３１日までの間の各月末日のもので、同社の旧商号であるアフリカントラスト株式会社名義のもの及び平成２１年１１月１８日の同社による吸収合併後のアフリカンパートナー株式会社名義のものを含む。）について、いずれも少なくとも５０名以上の者を相手方として取得勧誘を行い、平成２１年１月３１日から平成２２年７月３１日までの間、延べ４，１２２名の者に対して、これらの社債券を合計７，８１８，０００，０００円で取得させたものである。 (2) アフリカンパートナー株式会社 （平成２１年１１月１８日にワールド・リソースコミュニケーション株式会社に吸収合併） アフリカンパートナー株式会社は、４種類の償還期間（１年・２年・３年・５年）の社債券（払込期日が平成２１年７月３１日から平成２１年１０月３１日までの間の各月末日のもの）について、いずれも少なくとも５０名以上の者を相手方として取得勧誘を行い、平成２１年７月３１日から平成２１年１０月３１日までの間、延べ５０７名の者に対して、これらの社債券を合計８３８，８００，０００円で取得させたものである。 ワールド・リソースコミュニケーション株式会社及びアフリカンパートナー株式会社は、各回号ごとに利率がわずかに異なる上記社債券を４９名以下に取得させているが、取得勧誘時点では、社債券の具体的な回号及び発行条件を決定しておらず、おおよその利率が示されているのみであった。したがって、各回号の社債券ごとに取得勧誘が行われたものではなく、これら社債券に係る取得勧誘を同時に行っていたものと認められ、また、両社は、毎月末に設定した社債券の払込期日ごとに、それぞれ償還期日を設定した社債券を発行していることから、少なくとも各月に発行された払込期日を同じくするこれら社債券に係るそれぞれの取得勧誘を同時に行っていたものと認められる。このようにして両社が行ったこれら社債券の取得勧誘は、いずれも少なくとも５０名以上の者を相手方として行ったと認められることから、有価証券の募集に該当し、また、いずれも発行価額の総額が１億円以上となる並行募集となっていることから、これら４種類の社債券の募集は、金融商品取引法第４条第１項の規定による届出をしているものでなければ、することができないものであったにもかかわらず、両社はこの届出をしていなかったものである。 ３．課徴金の額の計算 上記の違法行為に対し金融商品取引法に基づき納付を命じられる課徴金の額は、１億９，４６８万円である。 (1)　ワールド・リソースコミュニケーション株式会社 金融商品取引法第１７２条第１項第１号の規定により、取得させた有価証券の発行価額の総額の１００分の２.２５に相当する額が課徴金の額となることから、課徴金額は下表のとおりとなる。 払込期日 発行価額の総額 課徴金額（注） 平成21年1月31日 149,900,000円 3,370,000円 平成21年2月28日 245,400,000円 5,520,000円 平成21年3月31日 321,000,000円 7,220,000円 平成21年4月30日 632,000,000円 14,220,000円 平成21年5月31日 437,000,000円 9,830,000円 平成21年6月30日 653,800,000円 14,710,000円 平成21年7月31日 777,500,000円 17,490,000円 平成21年8月31日 461,200,000円 10,370,000円 平成21年9月30日 414,800,000円 9,330,000円 平成21年10月31日 396,200,000円 8,910,000円 平成21年11月30日 659,700,000円 14,840,000円 平成21年12月31日 420,400,000円 9,450,000円 平成22年1月31日 379,400,000円 8,530,000円 平成22年2月28日 295,000,000円 6,630,000円 平成22年3月31日 441,500,000円 9,930,000円 平成22年4月30日 400,000,000円 9,000,000円 平成22年5月31日 263,200,000円 5,920,000円 平成22年6月30日 256,800,000円 5,770,000円 平成22年7月31日 213,200,000円 4,790,000円 合計 7,818,000,000円 175,830,000円 （注）発行価額の総額に１００分の２．２５を乗じた金額。また、金融商品取引法第１７６条 第２項の規定により１万円未満の端数を切捨て。 (2)　アフリカンパートナー株式会社 金融商品取引法第１７２条第１項第１号の規定により、取得させた有価証券の発行価額の総額の１００分の２.２５に相当する額が課徴金の額となることから、課徴金額は下表のとおりとなる。 なお、金融商品取引法第１７６条第４項の規定により、当該法人が合併により消滅したときは、これらの者がした行為は、合併後存続した法人がした行為とみなすことから、アフリカンパートナー株式会社に対する課徴金は、存続会社であるワールド・リソースコミュニケーション株式会社に対して課されることになる。 払込期日 発行価額の総額 課徴金額（注） 平成21年7月31日 77,200,000円 1,730,000円 平成21年8月31日 226,300,000円 5,090,000円 平成21年9月30日 218,600,000円 4,910,000円 平成21年10月31日 316,700,000円 7,120,000円 合計 838,800,000円 18,850,000円 （注）発行価額の総額に１００分の２．２５を乗じた金額。また、金融商品取引法第１７６条 第２項の規定により１万円未満の端数を切捨て。"
2011-04-12,株式会社の株式につき,,酒井重工業株式に係る相場操縦に対する課徴金納付命令の勧告について（平成23年4月12日）,https://www.fsa.go.jp/sesc/news/c_2011/2011/20110412-1.html,"平成２３年４月１２日 証券取引等監視委員会 酒井重工業株式に係る相場操縦に対する課徴金納付命令の勧告について １．勧告の内容 証券取引等監視委員会は、酒井重工業株式に係る相場操縦について検査した結果、下記のとおり法令違反の事実が認められたので、本日、内閣総理大臣及び金融庁長官に対して、金融庁設置法第２０条第１項の規定に基づき、課徴金納付命令を発出するよう勧告を行った。 ２．法令違反の事実関係 課徴金納付命令対象者は、酒井重工業株式会社の株式につき、その株価の高値形成を図ろうと企て、平成２２年３月１６日から同年４月５日までの間、１１取引日にわたり、同株式の売買を誘引する目的をもって、あらかじめ前日終値よりも高値に発注していた複数の売り注文に、成行で、あるいは、直前約定値より高値の買い注文を発注して対当させて株価を引き上げたり、直前約定値より高値の売り注文と成行の買い注文を同時期に発注して対当させて株価を引き上げるなどの方法により、同株式合計５８万７０００株の買付け及び合計５８万７０００株の売付けを行い、同株式の株価を１４１円から１６９円まで引き上げるなどし、自己の計算において、同株式の相場を変動させるべき一連の売買をしたものである。 同人が行った上記の行為は、金融商品取引法第１７４条の２第１項に規定する「第１５９条第２項第１号の規定に違反する一連の有価証券売買等」の違反行為に該当すると認められる。 ３．課徴金の額の計算 上記の違法行為に対し金融商品取引法に基づき納付を命じられる課徴金の額は、４３８万円である。 計算方法の詳細については、別紙のとおり。 （別紙） ○　課徴金の額の計算方法について １．金融商品取引法第１７４条の２第１項に基づき、課徴金の額は、 (1)　売買対当数量（注１）に係るものについて、 （有価証券の売付価額）－（有価証券の買付価額） と、 (2)　当該違反行為に係る有価証券の買付数量が売付数量を超える場合には、当該超える数量に係るものについて、 （当該違反行為が終了してから１月を経過するまでの間の各日における当該有価証券の最高価格のうち最も高い価格×当該超える数量）－（有価証券の買付価額） との合計額として計算される。 （注１）売買対当数量：当該違反行為に係る有価証券の売付数量と買付数量のうち、いずれか少ない数量をいう。 ２．本件における課徴金の額は、下記(1)及び(2)によりそれぞれ算定される額の合計４３８万１０００円。 ⇒課徴金の額は１万円未満を切り捨てるため、 ４３８万円 (1)　当該違反行為に係る売買対当数量は、 (i)当該違反行為に係る有価証券の売付数量は、587,000株であり、 (ii)当該違反行為に係る有価証券の買付数量は、実際の買付け等の数量587,000株に、金融商品取引法第１７４条の２第８項及び同法施行令第３３条の１３第１号により、違反行為開始時にその時の価格（１４２円）で買付け等をしたものとみなされる当該違反行為の開始時に所有している当該有価証券の数量96,000株を加えた683,000株である ことから、587,000株となる。 当該売買対当数量に係るものについて、 売付価額90,239,000円（注２）－ 買付価額87,797,000円（注３、４） ＝2,442,000円 （注２）売付価額は、 ┌ │ │ │ │ │ │ │ │ │ │ │ │ └ 142円×10,000株　143円×20,000株　144円×10,000株 145円×20,000株　146円×48,000株　147円×35,000株 148円×44,000株　149円×21,000株　150円×21,000株 151円×20,000株　152円×33,000株 153円×31,000株 154円×26,000株　155円×10,000株　156円×10,000株 157円×47,000株　158円×24,000株 159円×11,000株 160円×10,000株　161円×12,000株　162円×54,000株 163円×13,000株　164円×16,000株 166円×20,000株 167円×10,000株　168円×10,000株　169円× 1,000株 ┐ │ │ │ │ │ │ │ │ │ │ │ │ ┘ の合計額である。 （注３）買付価額は、 ┌ │ │ │ │ │ │ │ │ │ │ └ 142円×109,000株　143円×14,000株　144円×17,000株 145円× 28,000株　146円×41,000株　147円×50,000株 148円× 25,000株　149円×30,000株　150円×42,000株 151円× 25,000株　152円×30,000株　153円×24,000株 154円× 26,000株　155円×22,000株　156円×19,000株 157円× 26,000株　158円× 1,000株　160円× 1,000株 161円× 16,000株　162円×41,000株 ┐ │ │ │ │ │ │ │ │ │ │ ┘ の合計額である。 （注４）買付価額の算定においては、金融商品取引法施行令第33条の14第5項の規定により、当該違反行為に係る有価証券の買付けのうち最も早い時期に行われたものから順次当該売買対当数量に達するまで割り当てることとなる。 本件においては、違反行為の開始時点において所有しており、金融商品取引法第174条の2第8項及び同法施行令第33条の13第1号の規定により、違反行為の開始時点にその時における価格（142円）で買い付けたものとみなされるもの（みなし買付け）から割り当てられることとなる。 (2)　上記(1)のとおり、当該違反行為に係る有価証券の買付数量が、売付数量を超えることから、 当該超える数量96,000株（683,000株－587,000株）について、 当該違反行為が終了してから１月を経過するまでの間の各日における当該有価証券の最高価格のうち最も高い価格（１８５円）に当該超える数量を乗じて得た額 17,760,000円（185円×96,000株） －有価証券の買付価額15,821,000円（注５） ＝1,939,000円 （注５）買付価額は、 ┌ │ │ │ │ └ 161円×20,000株　162円× 2,000株　163円× 4,000株 164円×22,000株　165円× 2,000株　166円×18,000株 167円× 8,000株　168円×17,000株　169円× 3,000株 ┐ │ │ │ │ ┘ の合計額である。"
2011-04-01,,,「金融商品取引業者等検査マニュアル」の一部改正（案）に対するパブリックコメントの結果等について（平成23年4月1日）,https://www.fsa.go.jp/sesc/news/c_2011/2011/20110401-1.html,平成２３年４月１日 証券取引等監視委員会 「金融商品取引業者等検査マニュアル」の一部改正（案）に対するパブリックコメントの結果等について 証券取引等監視委員会（以下「証券監視委」という。）では、「金融商品取引業者等検査マニュアル」の一部改正（案）につきまして、平成23年2月2日（水）から同年3月4日（金）までの間、広く意見募集を行いました。 その結果、「金融商品取引業者等検査マニュアル」の一部改正（案）に対して、７先の団体及び個人から計３１件のコメントを頂きました。御意見の提出を頂いた皆様には、御協力ありがとうございました。 お寄せ頂いたコメントの概要及びコメントに対する証券監視委の考え方は、 別紙１ （PDF:176K） のとおりです。 平成23年4月1日付で、改正後の「金融商品取引業者等検査マニュアル」（ 別紙２ （PDF:285K） ）を発出し、同年4月4日以降に実施する検査から活用することとします。 （注）「金融商品取引業者等検査マニュアル」 本マニュアルは、証券監視委（財務局等を含む。）が「金融商品取引業者等」に対して検査を実施する際の基本的考え方及び検査の具体的着眼点等（検査対象先の実態を把握する上で有効と考えられる確認項目）を整理したものであり、検査官の「検査の手引書」として用いられるものです。 お問い合わせ先 証券取引等監視委員会　Tel　03-3506-6000（代表） 事務局証券検査課（内線： 3032、3007） （別紙１） コメントの概要及びコメントに対する証券監視委の考え方 （PDF:176K） （別紙２） 金融商品取引業者等検査マニュアル（新旧対照表） （PDF:285K）
平成23年度証券検査基本方針及び証券検査基本計画について（平成23年4月8日）,,,平成23年度証券検査基本方針及び証券検査基本計画について（平成23年4月8日）,https://www.fsa.go.jp/sesc/news/c_2011/2011/20110408-1.html,平成 23年４月８ 日 証券取引等監視委員会 平成23年度証券検査基本方針及び証券検査基本計画について 証券取引等監視委員会では、「平成23年度証券検査基本方針及び証券検査基本計画」を別紙のとおり策定しましたので公表いたします。 お問い合わせ先 証券取引等監視委員会　Tel　03-3506-6000（代表） 事務局証券検査課（内線：3044、3039） （別紙１）平成23年度証券検査基本方針及び証券検査基本計画の概要 (PDF/103KB) （別紙２）平成23年度証券検査基本方針及び証券検査基本計画 (PDF/206KB)
2011-03-08,東京日産コンピュータシステム株式会社,,東京日産コンピュータシステム株式会社に係る有価証券報告書の虚偽記載に係る課徴金納付命令勧告について（平成23年3月8日）,https://www.fsa.go.jp/sesc/news/c_2011/2011/20110308-1.html,"平成２３年３月８日 証券取引等監視委員会 東京日産コンピュータシステム株式会社に係る有価証券報告書の虚偽記載に係る課徴金納付命令勧告について １．勧告の内容 証券取引等監視委員会は、東京日産コンピュータシステム株式会社に係る有価証券報告書の虚偽記載について検査した結果、以下のとおり法令違反の事実が認められたので、本日、内閣総理大臣及び金融庁長官に対して、金融庁設置法第２０条第１項の規定に基づき、課徴金納付命令を発出するよう勧告を行った。 ２．法令違反の事実関係 東京日産コンピュータシステム株式会社は、関東財務局長に対し、ソフトウェア仮勘定に係る除却損失の過少計上等により、別添のとおり、平成２０年法律第６５号による改正前の金融商品取引法（以下「旧金融商品取引法」という。）第１７２条の２第１項に規定する「重要な事項につき虚偽の記載がある」有価証券報告書を提出したものである。 ［虚偽記載の概要］ （単位：百万円） 【平成20年3月期有価証券報告書】 虚偽記載額 認定金額 連結売上高 9,121 9,121 連結経常損益 263 254 連結当期純損益 ▲580 ▲711 連結純資産額 1,513 1,383 ３．課徴金の額の計算 上記の違法行為に対し旧金融商品取引法に基づき納付を命じられる課徴金の額は、３００万円である。 旧金融商品取引法第１７２条の２第１項の規定により、平成２０年３月期有価証券報告書に係る課徴金の額は、 (i) 当該法人が発行する算定基準有価証券の市場価額の総額に１０万分の３を乗じて得た額（53,147円） が (ii) 3,000,000円 を超えないことから、3,000,000円となる。 （別添）東京日産コンピュータシステム株式会社の有価証券報告書の虚偽記載内容 有価証券報告書 虚偽記載 提出日 書類 会計期間 財務計算に 関する書類 内容（注） 事由 平成20年 6月23日 第20期事業年度連結会計期間に係る有価証券報告書（平成20年3月期有価証券報告書） 平成19年4月1日～平成20年3月31日の連結会計期間 連結 損益計算書 連結当期純損益が▲711百万円であるところを▲580百万円と記載 ・ソフトウェア仮勘定に係る除却損失の過少計上 等 （注）金額は百万円未満切捨てである。また、▲は損失であることを示す。"
2011-03-22,オックスホールディングス株式会社,8202,オックスホールディングス株式会社株券に係る内部者取引事件の告発について（平成23年3月22日）,https://www.fsa.go.jp/sesc/news/c_2011/2011/20110322-1.html,平成２３年３月２２日 証券取引等監視委員会 オックスホールディングス株式会社株券に係る内部者取引事件の告発について 証券取引等監視委員会は、平成23年3月22日、証券取引法違反（インサイダー取引）の嫌疑で、下記の犯則嫌疑者を東京地方検察庁立川支部検察官に告発した。 １．告発の対象となった犯則事実 犯則嫌疑者は、株式会社大阪証券取引所が開設する有価証券市場に株券を上場していたオックスホールディングス株式会社の子会社で金融業並びに有価証券の運用及び売買等を目的とするオックスキャピタル株式会社と株式売却のあっ旋等に関する業務委託契約を締結していたものであるが、平成18年7月28日ころ、同契約の履行に関し、同社に合計約5億8000万円の有価証券評価損及び有価証券売却損が発生しており同社の同年8月期決算において同額相当の有価証券評価損又は有価証券売却損を計上しなければならないことが確実になったという、同社の業務遂行の過程で損害が発生した事実を知り、同事実の公表前に信用取引によりオックスホールディングス株券を売り付け、その公表後に買い戻して利益を得ようと企て、法定の除外事由がないのに、同事実の公表前である8月10日及び同月15日、複数の証券会社を介し、大阪証券取引所において、犯則嫌疑者らの名義でオックスホールディングス株券合計1538株を代金合計3232万3670円で売り付けたものである。 ２．関連条文 平成18年法律第65号第3条による改正前の証券取引法第197条の2第13号、 第166条第1項第4号、第2項第6号イ 法定刑：5年以下の懲役若しくは500万円以下の罰金、又は併科
2011-03-29,株式会社塩見ホールディングス,,株式会社塩見ホールディングスが実施した第三者割当増資の引受人による内部者取引に対する課徴金納付命令の勧告について（平成23年3月29日）,https://www.fsa.go.jp/sesc/news/c_2011/2011/20110329-1.html,"平成２３年３月２９日 証券取引等監視委員会 株式会社塩見ホールディングスが実施した第三者割当増資の引受人による内部者取引に対する課徴金納付命令の勧告について １．勧告の内容 証券取引等監視委員会は、株式会社塩見ホールディングスが実施した第三者割当増資の引受人による内部者取引について検査した結果、下記のとおり法令違反の事実が認められたので、本日、内閣総理大臣及び金融庁長官に対して、金融庁設置法第２０条第１項の規定に基づき、課徴金納付命令を発出するよう勧告を行った。 ２．法令違反の事実関係 課徴金納付命令対象者は、株式会社塩見ホールディングス（以下「塩見ＨＤ」という。）が平成２１年９月１５日に公表した新株式発行による第三者割当増資について、新株式の引受人になることを予定していた者として、塩見ＨＤとの間で、第三者割当による新株式の引受けに係る契約の締結の交渉をしていた者であるが、同契約の締結の交渉に関し、塩見ＨＤが、その発行する株式を引き受ける者の募集を行うことを決定した事実を知りながら、この事実が公表された同月１５日より前の同月２日に、塩見ＨＤの株式３万株を、自己の計算において買付価額５７万円で買い付けたほか、同月９日及び同月１０日に、塩見ＨＤの株式合計８万株を、自己の計算において売付価額２６３万円で売り付けたものである。 課徴金納付命令対象者が行った上記の行為は、金融商品取引法第１７５条第１項に規定する「第１６６条第１項・・・の規定に違反して、同条第１項に規定する売買等をした」行為に該当すると認められる。 ３．課徴金の額の計算 上記の違法行為に対し、金融商品取引法に基づき納付を命じられる課徴金の額は、１５７万円である。 計算方法の詳細については、別紙のとおり。 （別紙） ○　課徴金の額の計算方法について 金融商品取引法第１７５条第１項に基づき、課徴金の額は、 （重要事実が公表された後２週間における最も高い価格）×（買付株数） －（買付価格）×（買付株数） 及び （売付価額）×（売付株数） －（重要事実が公表された後２週間における最も低い価格）×（売付株数） となる。 したがって、塩見ＨＤの株価について、重要事実公表後２週間における最も高い価格は６１円（平成２１年９月２９日）であり、最も低い価格は２９円（平成２１年９月１８日）であることから、課徴金の額は下記の金額となる。 （６１円×３０，０００株） －買付価額５７０，０００円（１９円×３０，０００株）＝１，２６０，０００円 売付価額２，６３０，０００円（注１） －（２９円×８０，０００株）＝３１０，０００円 １，２６０，０００円 ＋ ３１０，０００円 ＝ １，５７０，０００円 （注１）売付価額は、 ┌ │ │ │ │ │ └ 29円×30,000株　34円×20,000株 35円×10,000株 36円×10,000株　37円×10,000株 ┐ │ │ │ │ │ ┘ の合計額である。"
2011-02-22,ばんせい山丸証券株式会社,,ばんせい山丸証券株式会社に対する検査結果に基づく勧告について（平成23年2月22日）,https://www.fsa.go.jp/sesc/news/c_2011/2011/20110222-1.html,平成２３年２月２２日 証券取引等監視委員会 ばんせい山丸証券株式会社に対する検査結果に基づく勧告について １．勧告の内容 関東財務局長がばんせい山丸証券株式会社（東京都中央区、資本金１，５５８百万円、役職員１８５名、第一種金融商品取引業、第二種金融商品取引業及び投資助言・代理業）を検査した結果、下記のとおり、当該金融商品取引業者に係る法令違反の事実が認められたので、本日、証券取引等監視委員会は、内閣総理大臣及び金融庁長官に対して、金融庁設置法第２０条第１項の規定に基づき、行政処分を行うよう勧告した。 ２．事実関係 （１）届出されていない有価証券を募集により取得させる行為 ばんせい山丸証券株式会社（以下「当社」という。）は、平成２０年２月から同２２年７月までの間、株式会社Ａ社（以下「Ａ社」という。）及び合同会社１２社（以下「本件合同会社」という。）が新たに発行した社債（以下「本件社債」という。）の取得の申込みの勧誘（以下「取得勧誘」という。）を行って、これを多数の顧客に取得させている。 当社は、本件社債に付された複数の回号ごとに勧誘人数を５０名未満に抑えて取得勧誘を行っている。しかしながら、本件社債については、各回号ごとに償還期限や発行日がわずかに異なっているに過ぎず、それ以外の利率、発行価額等の条件や資金使途がいずれも同一の社債群が合計２３群認められ、いずれも、各社債群ごとに近接した期間のうちに５０名以上の多数の顧客に取得勧誘が行われていた。このような本件社債の内容や取得勧誘の実態等に照らせば、各回号の償還期限等がわずかに異なっているのは、募集に該当することを回避しようとして行われたに過ぎないもので、その取得勧誘は、上記２３の各社債群ごとにそれぞれ一個の募集に該当するものと認められる。 したがって、本件社債は、いずれも、金融商品取引法第１５条第１項の規定により、発行者が同法第４条第１項に規定する届出を行い、その届出が効力を生じているのでなければ顧客に取得させてはならないものであるところ、Ａ社及び本件合同会社は当該届出を行っていないことから、当社の上記行為は同法第１５条第１項に違反するものと認められる。 （２）社債の取得勧誘に関して重要な事項につき誤解を生ぜしめるべき表示をする行為 当社が、Ａ社の社債の取得勧誘に際し、顧客に示していた商品内容説明書には、Ａ社が、経営戦略が頓挫して危機的な状況にある株式会社Ｂ（以下「Ｂ社」という。）の事業のうち、強固な基盤を有する部門の業務を引き継いだことや、両社には資本関係がないことなど、Ａ社の経営計画における有利な面が記載されている一方で、Ａ社が有する多額の貸付金債権の債務者がＢ社であることや、Ａ社がＢ社の別の多額の借入金債務について行っている併存的債務引受の一部についての記載がされていない。そして、当社営業員らは、顧客に対し、上記商品内容説明書を交付して、同書に記載されていない上記貸付金債権や引受債務に係る事実を説明することなく取得勧誘を行っていた。 このような当社の行為は、投資判断上重要な事項について誤解を生ぜしめるべき表示であると認められ、平成２１年法律第５８号による改正前の金融商品取引法第３８条第６号に基づく金融商品取引業等に関する内閣府令第１１７条第１項第２号に該当するものと認められる。 金融商品取引法（抄） （募集又は売出しの届出） 第四条 有価証券の募集 （特定組織再編成発行手続を含む。第十三条及び第十五条第二項から第六項までを除き、以下この章及び次章において同じ。）又は有価証券の売出し（次項に規定する適格機関投資家取得有価証券一般勧誘及び第三項に規定する特定投資家等取得有価証券一般勧誘に該当するものを除き、特定組織再編成交付手続を含む。以下この項において同じ。） は、発行者が当該有価証券の募集又は売出しに関し内閣総理大臣に届出をしているものでなければ、することができない。 ただし、次の各号のいずれかに該当するものについては、この限りでない。 一 有価証券の募集又は売出しの相手方が当該有価証券に係る次条第一項各号に掲げる事項に関する情報を既に取得し、又は容易に取得することができる場合として政令で定める場合における当該有価証券の募集又は売出し 二 有価証券の募集又は売出しに係る組織再編成発行手続又は組織再編成交付手続のうち、次に掲げる場合のいずれかに該当するものがある場合における当該有価証券の募集又は売出し（前号に掲げるものを除く。） イ 組織再編成対象会社が発行者である株券（新株予約権証券その他の政令で定める有価証券を含む。）に関して開示が行われている場合に該当しない場合 ロ 組織再編成発行手続に係る新たに発行される有価証券又は組織再編成交付手続に係る既に発行された有価証券に関して開示が行われている場合 三 その有価証券に関して開示が行われている場合における当該有価証券の売出し（前二号に掲げるものを除く。） 四 外国で既に発行された有価証券又はこれに準ずるものとして政令で定める有価証券の売出し（金融商品取引業者等が行うものに限る。）のうち、国内における当該有価証券に係る売買価格に関する情報を容易に取得することができることその他の政令で定める要件を満たすもの（前三号に掲げるものを除く。） 五 発行価額又は売出価額の総額が一億円未満の有価証券の募集又は売出しで内閣府令で定めるもの（前各号に掲げるものを除く。） （以下、略） （届出の効力発生前の有価証券の取引禁止及び目論見書の交付） 第十五条 発行者、有価証券の売出しをする者、引受人（適格機関投資家取得有価証券一般勧誘（開示が行われている場合における有価証券に係るものを除く。）又は特定投資家等取得有価証券一般勧誘（開示が行われている場合における有価証券に係るものを除く。）に際し、第二条第六項各号のいずれかを行う者を含む。以下この章において同じ。）、 金融商品取引業者 、登録金融機関又は金融商品仲介業者 は、その募集又は売出しにつき第四条第一項本文、第二項本文又は第三項本文の規定の適用を受ける有価証券については、これらの規定による届出がその効力を生じているのでなければ、これを募集又は売出しにより取得させ、又は売り付けてはならない。 （以下、略） （禁止行為） 第三十八条 金融商品取引業者等又はその役員若しくは使用人は、次に掲げる行為をしてはならない。ただし、第三号から第五号までに掲げる行為にあつては、投資者の保護に欠け、取引の公正を害し、又は金融商品取引業の信用を失墜させるおそれのないものとして内閣府令で定めるものを除く。 一 ～ 五 （略） 六 前各号に掲げるもののほか、投資者の保護に欠け、若しくは取引の公正を害し、又は金融商品取引業の信用を失墜させるものとして内閣府令で定める行為 （注１） （注１）当該条文は、平成二十一年法律第五十八号による改正前のものである（平成２２年１０月１日施行）。 金融商品取引業等に関する内閣府令（抄） （禁止行為） 第百十七条 法第三十八条第六号 に規定する内閣府令で定める行為は、次に掲げる行為とする。 （注２） 一 （略） 二 金融商品取引契約の締結又はその勧誘に関して、虚偽の表示をし、又は重要な事項につき誤解を生ぜしめるべき表示をする行為 （以下、略） （注２）当該条文は、平成二十一年内閣府令第七十八号による改正前のものである（平成２２年１０月１日施行）。
2011-02-18,株式会社リンコーコーポレーション,9355,株式会社リンコーコーポレーションに係る有価証券報告書の虚偽記載に係る課徴金納付命令勧告について（平成23年2月18日）,https://www.fsa.go.jp/sesc/news/c_2011/2011/20110218-2.html,"平成２３年２月１８日 証券取引等監視委員会 株式会社リンコーコーポレーションに係る有価証券報告書の虚偽記載に係る課徴金納付命令勧告について １．勧告の内容 証券取引等監視委員会は、株式会社リンコーコーポレーションに係る有価証券報告書の虚偽記載について検査した結果、以下のとおり法令違反の事実が認められたので、本日、内閣総理大臣及び金融庁長官に対して、金融庁設置法第２０条第１項の規定に基づき、課徴金納付命令を発出するよう勧告を行った。 ２．法令違反の事実関係 株式会社リンコーコーポレーションは、関東財務局長に対し、貸倒引当金の過少計上等により、別添のとおり、金融商品取引法第１７２条の４第１項に規定する「重要な事項につき虚偽の記載がある」有価証券報告書を提出したものである。 ［虚偽記載の概要］ （単位：百万円） 【平成22年3月期有価証券報告書】 虚偽記載額 認定金額 連結売上高 19,117 19,117 連結経常損益 130 109 連結当期純損益 ▲517 ▲982 連結純資産額 11,908 11,022 ３．課徴金の額の計算 上記の違法行為に対し金融商品取引法に基づき納付を命じられる課徴金の額は、３００万円である。 金融商品取引法第１７２条の４第１項の規定により、平成２２年３月期有価証券報告書に係る課徴金の額は、 (i) 当該法人が発行する算定基準有価証券の市場価額の総額に１０万分の６を乗じて得た額（210,461円） が (ii) 6,000,000円 を超えないことから、6,000,000円となるが、平成２２年３月期有価証券報告書については、金融商品取引法第２６条の規定による検査等が行われる前に、課徴金の減額に係る報告がされていることから、金融商品取引法第１８５条の７第１２項の規定により、6,000,000円に１００分の５０を乗じて得た額に相当する額である3,000,000円となる。 （別添）株式会社リンコーコーポレーションの有価証券報告書の虚偽記載内容 有価証券報告書 虚偽記載 提出日 書類 会計期間 財務計算に 関する書類 内容（注１） 事由 平成22年 6月28日 第149期事業年度連結会計期間に係る有価証券報告書（平成22年3月期有価証券報告書） 平成21年4月1日～平成22年3月31日の連結会計期間 連結 損益計算書 連結当期純損益が▲982百万円であるところを▲517百万円と記載 （注２） ・貸倒引当金の過少計上 等 （注１）金額は百万円未満切捨てである。また、▲は損失であることを示す。 （注２）株式会社リンコーコーポレーションは、平成２２年９月１３日提出の訂正報告書において、連結当期純損益を▲1,013百万円に訂正している。"
2011-02-18,株式会社エヌジェーケー,,株式会社エヌジェーケーの役員からの情報受領者による内部者取引に対する課徴金納付命令の勧告について（平成23年2月18日）,https://www.fsa.go.jp/sesc/news/c_2011/2011/20110218-1.html,"平成２３年２月１８日 証券取引等監視委員会 株式会社エヌジェーケーの役員からの情報受領者による内部者取引に対する課徴金納付命令の勧告について １．勧告の内容 証券取引等監視委員会は、株式会社エヌジェーケーの役員からの情報受領者による内部者取引について検査した結果、下記のとおり法令違反の事実が認められたので、本日、内閣総理大臣及び金融庁長官に対して、金融庁設置法第２０条第１項の規定に基づき、課徴金納付命令を発出するよう勧告を行った。 ２．法令違反の事実関係 課徴金納付命令対象者は、株式会社エヌジェーケー（以下「エヌジェーケー」という。）の役員Ａから、同社役員Ｂが同社と株式会社エヌ・ティ・ティ・データ（以下「ＮＴＴデータ」という。）との間の資本業務提携契約の締結の交渉に関し知り、その後、役員Ａがその職務に関し知った、ＮＴＴデータがエヌジェーケーの株式の公開買付けを行うことを決定した事実の伝達を受けながら、この事実が公表された平成２１年１２月２２日より前の同月９日から同月１５日までの間に、自己の計算において、エヌジェーケーの株式合計５０００株を買付価額１０６万３０００円で買い付けたものである。 課徴金納付命令対象者が行った上記の行為は、金融商品取引法第１７５条第２項に規定する「第１６７条第１項又は第３項の規定に違反して、同条第１項に規定する特定株券等若しくは関連株券等に係る買付け等又は同項に規定する株券等に係る売付け等をした」行為に該当すると認められる。 ３．課徴金の額の計算 上記の違法行為に対し、金融商品取引法に基づき納付を命じられる課徴金の額は、８５万円である。 計算方法の詳細については、別紙のとおり。 （別紙） ○　課徴金の額の計算方法について 金融商品取引法第１７５条第２項に基づき、課徴金の額は、 （公開買付けの実施に関する事実が公表された後２週間における最も高い価格）×（買付株数） － （買付価格）×（買付株数） となる。 したがって、公開買付けの実施に関する事実の公表後２週間におけるエヌジェーケーの最も高い株価は、平成２１年１２月２９日の３８３円であることから、課徴金の額は下記の金額となる。 （３８３円×５，０００株） － 買付価額１，０６３，０００円（注） ＝８５２，０００円 ⇒課徴金の額は１万円未満を切り捨てるため、 ８５万円 （注）買付価額は、「211円×2,000株、212円×2,000株、217円×1,000株」の合計額である。"
2011-02-15,プライオール投資顧問株式会社,,プライオール投資顧問株式会社に対する検査結果に基づく勧告について（平成23年2月15日）,https://www.fsa.go.jp/sesc/news/c_2011/2011/20110215-2.html,平成２３年２月１５日 証券取引等監視委員会 プライオール投資顧問株式会社に対する検査結果に基づく勧告について １．勧告の内容 証券取引等監視委員会がプライオール投資顧問株式会社（東京都目黒区、資本金３億円、役職員５名、投資助言・代理業、投資運用業）を検査した結果、下記のとおり、当該金融商品取引業者に係る法令違反等の事実が認められたので、本日、証券取引等監視委員会は、内閣総理大臣及び金融庁長官に対して、金融庁設置法第２０条第１項の規定に基づき、行政処分を行うよう勧告した。 ２．事実関係 ○　投資一任契約において、不適切な運用が認められる状況 プライオール投資顧問株式会社（以下「当社」という。）は、当社が顧客との間において締結した投資一任契約に基づき、運用対象に組み入れていたファンドについて、運用期間中、当該ファンドが無価値となったことを認識しながら、当該投資一任契約による運用として、当該ファンドの簿価より高い価格で当該ファンドのクロス取引を発注し、売買益を発生させるなどの行為を、平成１９年１２月から同２１年３月までの間繰り返していた。 このような当社の業務の状況は、金融商品取引業者の業務運営としては極めて不適切なものであり、金融商品取引法第５１条に規定する、業務の運営に関し、公益又は投資者保護のため改善を図る必要がある状況に該当するものと認められる。 金融商品取引法 （昭和２３年４月法律第２５号）（抄） （金融商品取引業者に対する業務改善命令） 第五十一条 内閣総理大臣は、金融商品取引業者の業務の運営又は財産の状況に関し、公益又は投資者保護のため必要かつ適当であると認めるときは、その必要の限度において、当該金融商品取引業者に対し、業務の方法の変更その他業務の運営又は財産の状況の改善に必要な措置をとるべきことを命ずることができる。
2011-02-15,株式会社ファミリーマート,,株式会社ファミリーマート社員からの情報受領者による内部者取引に対する課徴金納付命令の勧告について（平成23年2月15日）,https://www.fsa.go.jp/sesc/news/c_2011/2011/20110215-1.html,"平成２３年２月１５日 証券取引等監視委員会 株式会社ファミリーマート社員からの情報受領者による内部者取引に対する課徴金納付命令の勧告について １．勧告の内容 証券取引等監視委員会は、株式会社ファミリーマート社員からの情報受領者による内部者取引について検査した結果、下記のとおり法令違反の事実が認められたので、本日、内閣総理大臣及び金融庁長官に対して、金融庁設置法第２０条第１項の規定に基づき、課徴金納付命令を発出するよう勧告を行った。 ２．法令違反の事実関係 課徴金納付命令対象者は、株式会社ファミリーマート（以下「ファミリーマート」という。）の社員から、同人がその職務に関し知った、ファミリーマートが株式会社エーエム・ピーエム・ジャパンを子会社化するため同社株式を取得することを決定した事実の伝達を受けながら、この事実が公表された平成２１年１１月１３日より前の同月１１日に、自己の計算において、ファミリーマートの株式合計１万株を買付価額２４８３万円で買い付けたものである。 課徴金納付命令対象者が行った上記の行為は、金融商品取引法第１７５条第１項に規定する「第１６６条・・・第３項の規定に違反して、同条第１項に規定する売買等をした」行為に該当すると認められる。 ３．課徴金の額の計算 上記の違法行為に対し、金融商品取引法に基づき納付を命じられる課徴金の額は、３４７万円である。 計算方法の詳細については、別紙のとおり。 （別紙） ○　課徴金の額の計算方法について 金融商品取引法第１７５条第１項に基づき、課徴金の額は、 （重要事実が公表された後２週間における最も高い価格）×（買付株数） －（買付価格）×（買付株数） となる。 したがって、重要事実の公表後２週間におけるファミリーマートの最も高い株価は、平成２１年１１月２７日の２，８３０円であることから、課徴金の額は下記の金額となる。 （２，８３０円×１０，０００株） －買付価額２４，８３０，０００円（注） ＝３，４７０，０００円 （注）買付価額は、「2,480円×4,000株、2,485円×6,000株」の合計額である。"
2011-02-09,株式会社丸美,,株式会社丸美に係る無届社債券募集事件の告発について（平成23年2月9日）,https://www.fsa.go.jp/sesc/news/c_2011/2011/20110209-1.html,平成２３年２月９日 証券取引等監視委員会 株式会社丸美に係る無届社債券募集事件の告発について 証券取引等監視委員会は、平成23年2月9日、証券取引法違反（無届募集）の嫌疑で、下記の犯則嫌疑法人及び犯則嫌疑者を福岡地方検察庁検察官に告発した。 １．告発の対象となった犯則事実 犯則嫌疑法人株式会社丸美は、建築物の維持管理・不動産売買・有価証券の売買等を目的とする株式会社、犯則嫌疑者は、同会社の代表取締役会長として同社の業務全般を統括管理していたものであるが、犯則嫌疑者は、内閣総理大臣に届出をしないで、多数の一般投資家を相手方に社債券の募集をして数十億円規模の資金を調達しようと企て、同会社の業務に関し、法定の除外事由がないのに、内閣総理大臣に届出をしないで、平成18年7月下旬ころ、同会社マンション総合管理事業本部から、約1万5000名方に、情を知らない同事業本部従業員を介して、「社債金額200万円、利率年7パーセント、元金償還日は発行日より3年経過した期日、申込期間平成18年7月20日から平成18年8月31日まで」旨記載した募集要項を宅配便を用いてそれぞれ配布するなどし、前記約1万5000名に対し、新たに発行される社債券の取得の申込みの勧誘を行い、もって内閣総理大臣に対する届出を必要とする有価証券の募集について、届出が受理されていないのに当該有価証券の募集をしたものである。 ２．関連条文 平成18年法律第65号第3条による改正前の証券取引法第197条の2第１号、 第4条第1項、第207条第1項第2号 法定刑： 個人　5年以下の懲役若しくは500万円以下の罰金、又は併科 法人　5億円以下の罰金
投資助言・代理業者に対する検査結果について（平成23年2月8日）（PDF:79K）,,,投資助言・代理業者に対する検査結果について（平成23年2月8日）（PDF:79K）,https://www.fsa.go.jp/sesc/news/c_2011/2011/20110208-1.pdf,"%PDF-1.4%����76 0 obj <>endobj                  xref76 300000000016 00000 n0000001290 00000 n0000001543 00000 n0000001870 00000 n0000001894 00000 n0000002043 00000 n0000002168 00000 n0000002301 00000 n0000002335 00000 n0000002924 00000 n0000003441 00000 n0000003562 00000 n0000004103 00000 n0000004633 00000 n0000005256 00000 n0000005776 00000 n0000006296 00000 n0000006830 00000 n0000006920 00000 n0000009589 00000 n0000009805 00000 n0000010020 00000 n0000010232 00000 n0000010411 00000 n0000069379 00000 n0000069677 00000 n0000069852 00000 n0000071323 00000 n0000001122 00000 n0000000896 00000 ntrailer< ]>>startxref0%%EOF105 0 obj<>streamx�b``�b``Ue```xȀ����������30H00��Z�T�\.&SƷ�L�����?��?'�P���0�~��(�0�u9�)�&F�0��`���Q�L3����Y@��10�rC������endstreamendobj104 0 obj<>/Size 76/Type/XRef>>streamx�bbbd`b``�`�s���endstreamendobj77 0 obj<>/Metadata 5 0 R/PieceInfo<>>>/Pages 4 0 R/PageLayout/OneColumn/StructTreeRoot 7 0 R/Type/Catalog/LastModified(D:20110207163601)/PageLabels 2 0 R>>endobj78 0 obj<>/Font<>/ProcSet[/PDF/Text]/ExtGState<>>>/Type/Page>>endobj79 0 obj[80 0 R]endobj80 0 obj<>/A 93 0 R/H/I/StructParent 1/Border[0 0 0]/Type/Annot>>endobj81 0 obj<>endobj82 0 obj<>endobj83 0 obj[/ICCBased 94 0 R]endobj84 0 obj<>streamH��Sۊ�0}�W���EWK�KR���������B��#'����#��f�9������&���M}V�*oA�b��:�_����M���A�K������X�e=���'��Y.�<4i����g��|�I�{��j����G���B�1LY�_V;��G��_�5�X�(@��{��T1�%A,;����ȹ0��{��0�}=� �,�q!!�-�^�~�6ߎς�fPk'����Y�ɩ�M�T�Fqftb�2��#HRt��5��	�?bһ�gfA���-a9���^����)b0��&`���euG��<ҍ�HkO�V�b�������v�ާ�oC��!k�Q�	u0��8�CG�|�d10��LA����Ua���/����RE�(���j������9�?��ߟ�~<�q�.Cp�	d�RBP�Y��m\��.��&xj�`��Z	�:��h.�$�b���U�&��q]�{گ&�� ���@D��@���_�>�	Nendstreamendobj85 0 obj<>streamH�|��j�0���z��H�-+0$N-6����E�e�;�ʳ���t""�������}u��j�p �5>U'�8�H�I2�7���,zʽR����T�&�Хr�&j�E��<�Vǌ�Ɨa|%��}*����2T�p:�]�s��Z;.}�Q�fH�j��������4�C��~����2Qd?�K��g��`��4pMBmg����cܕ~�O���Fى��:э��%���)��B]��,'K�!:��JCo�l&��f�Za��X?D�f�����W����c�ά.�V���6d������űZ�>���eQWx��ѡl�l ̦�ix�35�ž >endobj87 0 obj<>streamH������0��y�@Y�%��8����Bs_J�=�,���ʙ�I��SJ	v}�9'�R�jş�_]���4������՜N���y2����']�s׏�ƙ�����qh@/�9L��08+�d���	��Fi��lX2-������<{��S!%�� [�,����K������o�B�r�CՈI#�B.B�\Q���>�A�G��v@p��b��xl�Ռ!�}�5o�C�����0p�����/&��[�l��?P����<@�G+���w�?�	�[�:d��!�eP/�^��l��C�����Q��-��,��f�i��_���&^�q1B�P�	b�t�	���,�zG�I��/k���������}�H�pu��{[h�#�۫4�>�/6{��/1`t�E�|S�Џ��ѢG�˯�i�6K;v�㧺 ��H�r����6?��p�yѳ������3endstreamendobj88 0 obj<>streamH������0E{}`�y�C0�/ �)ԧH�b�4��b��e�w����-��3s�����YN`����۰MF�~L�����֩=3�_��0?�/���1W���4�e����'��e2�ي����t�F2��k�'���4����0��(�=J���+�+Z���;:]�:�iq�	��r����������G�ܘ��<�k�_���n&�!ukY4�J<[�5�]��i�n������m��3$u�U�M��� {�(���/�(�c�z*�R�����1\J6��h��M�wfE�K�3���>k�L0)pEF��aR;�h�*���.���j��I^�w��Գ^��9Y�ޅ!�:Q����)_""�R�I�4�5Q�4���jfI�Qi̱��ӝ<�B�����Wɟߥ�/d�e�{��?���#^a����A0�_Q����y`�7U�endstreamendobj89 0 obj<>streamH���ۊ�@�����S�>B�O�� �;�EԽ�������L�ue��������@�Q�W�i�J~a3#6��p���!؊61��a�A���Bf�P˂q&�1ɹH6��*Ş��yl�Ǯ就h�{N�,/��RY��������	;8�j�Vme��B���KP�C�f�1$`�Vؒ��ruX�#���s�6�sP�ԧ d5�?�y>?�wE�Q˒�l����E""�⅑�a�����b�+C �+q��LE4�5 ���俩��Bo�����N��h����/>����&�ް���l���֜(�>�98̀�+$��3�	����>C�M���L��K�IOW�Q3�������(}������P?��5{�f ��zo���Xh�+W_ǈ�5��1�Va��u+Չ���d���""���W�$s4��>]P��ݧk�ה�����@-�I��k��<��/�dL�v�����2�G��O��endstreamendobj90 0 obj<>streamH��T�j�0��)��ΟF,�,C�B}/�m����?t䍓u�u)F����73��.�a,���T�8t�cGn~qH�[��q���_�������sW���;�O���(o@i����������Wh�\��0j )�@-Dq(��F+4�#=Gz®Q�M���VĔ+%�����0T%��#F�S�����3?��q�&�%.ba�8���Y׆���קw"":�%�m.jo�4$ebE^�C�X�B��Y�j>Q+""����@b��&�J��!�%�WH;;�A_�_�Ж���,k�Ǔ��m�mo6����'u����G��g>��d�'[���e�g'��4��2�s��۔���ݯX�K�;cmOW/	Zd�i���R[�8�Ժ�#��Z[/mI�f�6�6���	�ІLn�l|K�d��0Y�32�?��`����endstreamendobj91 0 obj<>streamH����j�0���z�j�O����Ћ@��/�i.-%��Ѯ7��!K0FXҌ>�Ӗ�=7�����P>W�ѝN��d^�C�o��-O�'�@n���c�(��QR#�[~G���-��_VL�b�c����vDd�q��xi���Z���J;.�q����y���|""G}ԕ��0�ı&@�0����:�F��|(0O�5Ծ���A~����+��ǹ�I=ʞulL��Ff��V!�HL�u2�2��Z��'[o��d��a��PS�������{�+�FY��$�M>sC.������B�<3�F�����""��c������sӤ[o\��ry���C�\�� o�����]!��я)��}Ǖ�w�B{O����#���ȝȔ�X�~42�כp�9YF�.\���3��G̲�p�#��H��>�H�3>M6Q�ɔ��%���?�&�endstreamendobj92 0 obj<>streamH��T�j�0}�W�T;]F�,غ@�����y(4����c�z��&�R���s��H]���aO�*j��SDM�3G��8�$�3Ig昨���k���ch���D�%Fu$'""����}xv���>�~��++x��Tm�4��_��:�`�b���@m(�K���a�*j��}�ٴx���`��Q��Sƞ�Qo\=-��Da%�x˂�_e¶ 1`��8	�[��[��endstreamendobj93 0 obj<>endobj94 0 obj<>streamH���yTSw�oɞ����c[���5la�QIBH�ADED���2�mtFOE�.�c��}���0��8�׎�8G�Ng�����9�w���߽�����'����0��֠�J��b�	� �2y�.-;!���K�Z�	���^�i�""L��0���-���@8(��r�;q��7�L��y��&�Q��q�4�j���|�9���V��)g�B�0�i�W��8#�8wթ��8_�٥ʨQ����Q�j@�&�A)/��g�>'K����t�;\��ӥ$պF�ZUn����(4T�%)뫔�0C&�����Z��i���8��bx��E���B�;�����P���ӓ̹�A�om?�W=�x������-������[����0����}��y)7ta�����>j���T�7���@���tܛ�`q�2��ʀ��&���6�Z�L�Ą?�_��yxg)˔z���çL�U���*�u�Sk�Se�O4?׸�c����.�������R�߁��-��2�5������	��S�>ӣV����d�`r��n~��Y�&�+`��;�A4�� ���A9��=�-�t��l�`;��~p����	�Gp|	��[`L��`<� ""A�YA�+��Cb(��R�,��*�T�2B-��ꇆ��n���Q�t�}MA�0�al������S�x	��k�&�^���>�0|>_�'��,�G!""F$H:R��!z��F�Qd?r9�\A&�G���rQ��h������E��]�a�4z�Bg�����E#H	�*B=��0H�I��p�p�0MxJ$�D1��D, V���ĭ����KĻ�Y�dE�""E��I2���E�B�G��t�4MzN�����r!YK� ���?%_&�#���(��0J:EAi��Q�(�()ӔWT6U@���P+���!�~��m���D�e�Դ�!��h�Ӧh/��']B/����ҏӿ�?a0n�hF!��X���8����܌k�c&5S�����6�l��Ia�2c�K�M�A�!�E�#��ƒ�d�V��(�k��e���l����}�}�C�q�9N'��)�].�u�J�r���w�G�	xR^���[�oƜch�g�`>b���$���*~� �:����E���b��~���,m,�-��ݖ,�Y��¬�*�6X�[ݱF�=�3�뭷Y��~dó	���t���i�z�f�6�~`{�v���.�Ng����#{�}�}��������j������c1X6���fm���;'_9	�r�:�8�q�:��˜�O:ϸ8������u��Jq���nv=���M����m����R 4	�n�3ܣ�k�Gݯz=��[=��=�<�=GTB(�/�S�,]6*�-���W:#��7�*���e��^YDY�}U�j��AyT�`�#�D=���""�b{ų���+�ʯ:�!kJ4G�m��t�}uC�%���K7YV��fF���Y�.�=b��?S��ƕƩ�Ⱥ����y���چ���k�5%4��m�7�lqlio�Z�lG+�Z�z�͹��mzy��]�����?u�u�w|�""űN���wW&���e֥ﺱ*|����j��5k��yݭ���ǯg��^y�kEk�����l�D_p߶������7Dm����o꿻1m��l�{��Mś�n�L�l�<9��O��[����$�����h�՛B��������d�Ҟ@��������i�ءG���&����v��V�ǥ8��������n��R�ĩ7�������u��\�ЭD���-��������u��`�ֲK�³8���%�������y��h��Y�ѹJ�º;���.���!�����������z���p���g���_���X���Q���K���F���Aǿ�=ȼ�:ɹ�8ʷ�6˶�5̵�5͵�6ζ�7ϸ�9к�<Ѿ�?���D���I���N���U���\���d���l���v��ۀ�܊�ݖ�ޢ�)߯�6��D���S���c���s��������2��F���[���p������(��@���X���r������4���P���m��������8���W���w����)���K���m�������endstreamendobj95 0 obj<>/Flags 4/Descent -271/FontBBox[-174 -268 1001 944]/Ascent 752/CapHeight 737/XHeight 553/Type/FontDescriptor/ItalicAngle 0/StemH 72>>endobj96 0 obj<>/DW 1000/Type/Font>>endobj97 0 obj<>/Flags 6/Descent -241/FontBBox[-170 -331 1024 903]/Ascent 723/CapHeight 709/XHeight 450/Type/FontDescriptor/ItalicAngle 0/StemH 34>>endobj98 0 obj<>/DW 1000/Type/Font>>endobj99 0 obj<>streamH��W�o�I��3�؞��3�؞�ۉg?'v�v;�d!�MX����Cb�*Z��'�Т����YN{���Z	���E�'�?`�7߯�U>���몯��������yι�{�E�ܵ�n��wu��WEz��7�ܟ������w��=����r��\ϗ�����,��-�8�����l��q�c�Eު�~��?���s��{���������!�w�K�׾��Vc~�C�3����G�/-y��xQw��l=���~r�E�5�\��ۯ�����Ks��ю�����]Aڂ+J[rC������6�r�&\RڔKKs����ǭ���ӱ��m�v�zm�]�}��v��Yo�����[w�6�^�}׳1�y�|��#|dc�َ�OaT�{�饰O�>c��)�>�0C_�0.L��E��S��aZ����f��R�>a���J��f���2?o��Rjx��x-�9�y��j�~��j���ܨm""$�ږج�_����F�]�i�d������w�$��Fͭz���H��l�6���m�}�gD�Ȩ4�1izk��ե�헦\��	iH��&1%MrZ��Ai҇���H�mH�kJ����pX��4�yi��)/JSY�fxY�jkCvqL\9WV��*\9W����p�\9	WN��5��WNÕ3p�,\ـ+�p�\9W.���p�\�W����p�\y�|F\q�����G>���>!����?��`A���ƈ���^��H���*�� �oД C6���7sF9~�4�>�>H{	#׹R�v|������o��$�����n�zI��_溱��M]��jd)���������[}>""{tU�Yʇ��bX����	���)� �f��q��1@��� ��t�9)�F�^��	�/�f/wC��Ƣ�������a���\s*ͻ0��ڍ&h��)���)����s����ˆF����p�Y�iҖ��g��И���~[������L�v���Z�g)�G��3?��s��B��q��/���8s�S���%��O�ˤ'L�4�"".��1��jc�gZ�~e��GQ����|�M�㎚5ǵj��~��A���%0�~�ԭ4��<����E����g��󨞮#�z��kH=��:&jlj��\���r~���e~��2m�t�ŸYs��WM,��*�)P!�Q�:i���zW�n��aM�|]$?�>�C���5�瘗��E~�!X#��_E�{��g(G�O��o�~� Kp?d��v�h���.�I��,R9���+�K���`T�b.t��9�[���$}M��>p��G����x����(�����;�x#VGL�tL�w������!���,���;���H/�ӓf����lC0f�^�?ӬU������ɘ�h[f�J�[�:zwjM��x�Q����������\k���>""a����f��^�gk�kК����jߚ)�ש5 c�j���c�n�[?UGk|���""M��r��I���@9c#�n��FפwJ��E��5�)�U�r�����B՟����Ț��Vc�}�gV� �ϋ����Q��GU�n��5Φ�s�$�;�F�/���l��v�������;��3>�u�]�N�p�9�/�O=cz��?���-�!j�U��w�$���w�4e5����3��3���������i>��sH�39akG�u&�ӶD��鏻�<{.8�@��Z��}h�gu��7���E���~@�د�~}�v�G�;gN��k|]�oS�^q�y��`-_�Z<��7l�5�*��ô����2�Ҫ�6y���+�X���1��U}��k�ֽ��b�U#-�}����y�ϑ�M��{:F�a��:jd��?䫵�g�u!*4��9��������L���X�b���9�\��C�G�v�>����f�E�έ�I�_g�p�籧�Ϝ(q�L<�#��C�;@������B�N��l�h���j�g2�?��������ς�0G�릳˸I���y�uoy��\�����Ө���w�����?!�7���6c��m]I����4����܈�2y�P���'�~�q�dM�~�B��y�9ҷ�ۢ,��0o�ooHGc�z��h�o���Z]���_dP����5���#�u\����@������s�����9D��S��g�����ݰ�XE�����/����f-��+��t��G9�m�=�Nv{����cB��w7~7�t4>�QO����Z�g��'B���c�7�����0�O��Z���=�����G������A�;�F�U�m�y���2�{%a�҄�m���'�_�����[:�@�S�۴R\s��31�m,0�~�[���kC͜""�����\�*����`���~�e?�KD�vqG]""�����)�sxnx~�W��xk��wִ�?�^'�@����	�\���/�O3�����s�,�#�C�[�������e�1�9���ˏe�'�Hݎ��_�yf�/)�7θ�s-�#����;M����s�~OS6I[W�_�[�|��)&�����h�F�:n.4�$�4��:��N��Hǉ�ß�`�k�������,q���<����ݕy�U�>�(+q?����`�#]�f���*�͋""c]��J��y~�����¹���u�N{~~�p_�wo{~N~�s����x~>������]~�>|��s��^P���5&Nx'�k�:����:�A,l���6��y�%4gO������52Ehl��1b��Z6:z����""c�6H$��(eZ7���<�qw���׉3;H�13��̗I�eGFrW���窮��m�����!@lٰ�ް�w����T�Q�u�22X,R7o�_̍�ǉM��m����_z˯S���m�y�X��_$��G��mt�=G��/���O���6z8���x�����Md�۷�/���r\Rc���O5�O��<{H<����I��ut�lx5�i6�bԗ�ֆy��w�g����{����'�V�����fۿLߤ���oR>b�۔�����R����o�^?t,�c���n~$���hv��ẉׂ���t�8����!��s+������� �>��<������k�:G��m<��!���y݆�ϣh��^�~�kwIk��B��۱���Z����Võ��!�������~)�`�V��`�sb�����[k1﫜#�.z�X�ﴝ`�Mg���(����h������K�s�[G;�筌��?&����_�c�e�y��˾�O�'y�Nk��O����&�V��z���|�7��oJ˽����8_Ǡ;��s^7���ǳ�.��U�g^�O�om�m�{7Z#e�=ˬ�I-�ȯq���Ϋ�,b��R�����|�+j�Y�7Ns����m����=�g�g>ƜZ����8����[�cO�oY*���N�}Y�S�����o�U��h�ת�|P��n�E���'����ܧ���'p����6��Q�iy�&���^Տe��n���;Ƽ�?+�S���C����m<ƙsޣFZh̢�M3ݡF�k��!WSG�����C���}b(9�ذ�Wy�=���j����c��ݗ�b�*zN}����:��A������ü����G�����G�0>��k�e�j���� ��Vgk��NF�P�Ժ�/:�K����v�O��6�>�tқ�C���S���8����.����j��.���=�G�K�u��q�bܗQ˺����I��\��n����W���s�sݎ�y'>���n%:����=�����]���Y��?%�$�B�m���<��q=��\������˽6��̟7:��t�7z����Kb�\�/s�s������;���y��H������c���쯼��_��N�l������*z���կ��l�e��/cG�_���""��M��G6��m3�of�7<�]��乓�����ct� gN��7�x��>�ξ��s��ĳ�ϵK����<�n��5y���S6��������^z�vp<��c�\p�Yh1ǧ���7��: ���#�o���1��ß�5������C����q�OZ?�g�#�qf_x�ծ�ًV�~�x�r�y9�����m��K޹Ho�a�����G�Ɠ�}����s�Һ��ٞ��}�g��FԀ�mZg��'���U��.?�vk�!.�7��ɳәu<�`��l/،�y��]��w��-��urF�G��iӣ��U�e������oY뛍���z���=�ub?c��U\�g�#�Ѹ�G�u����o�#y{�Gt�����=׈�+u�C�Z�y]o��k����ً���Υ�=kn[>j�2q���|�1��\D�k�1�)�6M�r(wС�����s}����r������""za�^��ĵ�P�v:C�~���ތ]����M�����-����M]+���J��+�ى>���[����c_4�ܵ|�}˽�S�1[j,\��s�8�-`O--���m�3�ǥ�2?�ޠ=��#0���1���m{���nŇ3�-:G��_��c:2��7�5�}��Ϣ����8A�F�u���D\'�;朣�F���Ƿ!�6�^9x�{Dr���o��e����3:\k�a{��86�;+mߵ]��^�*��bWq4^�*�q�{�S��2�qY��e�iN|r��8�!��O�Þ��?0��c1Ω�<��m�x�׶k�ƾʾ/�JØ�#vb[%�\��mc�j��!Ʊ�9��u�Qd��}�n���~���;M��>�^����qMd�[��R4��k�s��h��9��K����\�A�����H?ܽD�c���E[�坫���[{�_��*��q>ي�Q��/1�-r,��}�������>���?0?�n��-��U׶��k��&�v�.}�A��""�<����7|�� ��[kl�+�c��E.7��2��.ƹ�>�����=�;���;����k��H=r��`Si#/:8�7�(�^'m|�wnE�5���}�O�'Ps�'�cؑ}�v��Z'��=���Gv��q/~�	z��ƛw�N�U�J��stt�X�M�[.�S��g�.��o]���u��N�yH>�2��9�bߎOr�s�*ޛ 5���1��~���v���>Smy���^ۮ{|���>���?1���ov7�����p�����g�,���>z��ߜ���m{)�3�y�{��f1��!/��c?&���#��ƅ΁���t��7��q��r;&���K�̥�P��[�j����k�4-[Ϣ�4����y����O��q셮m�����C�7h>��l��]���F����N�Ͻ����sr�Kl���WhTL���3^&��#GE���D���Up��n�x����K�����""*�0�*{�`2��2��'���t��v�G���7ە�~�������	��Z�N�*r�ky:�EVd0Vc��^m���d�%�{X�1��x�톴�m�������\~O|��|4��{�9�.�5�X�8OlG�L�'=&5յ�Z���9��>�`ޜx-�^ߌѝ��%������\][.�\k�[yn������=��{�]�/�f�ST���:Ư�a�������/�����1Z{�0��&ͯ�q��5��������u�}]pO�mk��wXb�G��G�a�K�l'��k�A�sm��b��%�͛���N�7^�۰=p��2~�y�?c,˙y�=�[�d_$�����,����Ӷ𽾱���?ǳ|�}�'��\~J�k�̼�_�i�q���S�o�)�����~/㈜KO:{N���s���z�#gƱ���z�lg�f��}xR��;ǜ�{ �F����i�]�q��b�sԜG|�1jހ��b��;o���ƹ�C1��ƻ�b01x�X���G��P��O,��ҼӇ�θl~��M8�j��5Ϙ��f>��g��������l�>~-�]˸�nQ��T�g�y��?_⻿���e��=�o�.>w�=V����Usd�ܣ�$jؽ�?ʞe�({�M�������s�oQq:1�gV�����`;l���$���߃�C|ϺǸ%Z��v�^���βOܭ�G~p�$ޣ�Q�l��_BlG�@�_ekdG����s�q/u�K�Z��?��I����\;oQs9h�꯳�݃���^�'ݛ�nι�sMp�""Nܓ��o����~�Y�\��z�u^�.7���h�����]��mk��L�/�^���>c,�z����N���֍M�˘�gN��+�5�e�i���};w�LK�Xrʹ���Y�2~t|x��mc��q�5�f���czݱ;5h��mW���	^�����Xz������%֡�0��{2���^�g�����ܡaO�MƔ���<��;�l��#�*4������$>�|�-ѡ�`��}ѩ�3��o��x��9��c3�ù��$�˹C<ǉ��������]����""�m�]���v��\�B������)�sL���Ǽ�Ɲ�S�}ξ�I��n�]�>��hM��_�e���Mt�Z�}��5�Ύ-l���s�I<������[co���S<�h�4�>ˆ�������ls�}9k���`~�?�D�ś�����!�zc����,�c������8�~������xDŜ��:�+S��I�$�G�#c-�]Ծ�u��M���a`G���r,gMc��?�Y�Q2v�#�\�?]�2���3��Q����OQ������'���=����?,:g����G��K�w�7km�ژ�2��e�ݧ�ⵤs��������|�4�5�e���W��{��Ϗi�����x���>�r�g/�Ϙ�L�&1���.��?v��/�>��29�b;�C{�����[�Þ�{OlrM�V�cK�D~�]ݷ������j4�G\c�g�fǩc���������0D����#�����Cx�]����θ�`K�`��m�,���w}�t�<�w���ר5j���`U�O�ϱ�>-�$�8�9�u�{�v�a<�5�,�e~�Z�8��m�y�y�g�s�X˖�v�:v����r�ϼ�+�5-�Z���șm�e9rlx���9~�!��s�e��?����G����~d#�X�+��̇x~K�����{�~��9����Yc�?q�K�sM�m짭�m�����9��_������x�C�!���Yw��6��=*~�����=dia?ls�WX�*]n���oс�u����.4��.�ž{��h���~�[��m-�6dE��^����/}U{{�fk�	�dtl�7r�5�a��}�c)��Ywy/�ɨ�@�8��������+'����ӿ���9�9�8��x���=z?p7r�V�M'��[�;8^\x��S�ːH{��1���;��M��C�������%�[^���fѰ���׻D�r9�Z�N��xJ���>�zgt<�uי��A�l�<��Z8ɵ�X������%�����g��Zƅy8G��˙�oX�^~���.���2�0�m�5�k��4�5��4ȗ�F�/��s|9���`�c�u�g���c����X���v�>�2ti��:�.Q��&�M�����~眜�6���=�A�'^�e&��o��.;%㗨>�K9�}��m������SӨ�s[��S�^��_��?p)���b��엨X�*�Ƣ�9?�}�������a�E<ූ�M�!�`	�'q��u7�J秖��^���C:�㴕'ݛu�l�/�a+~��Z���ս8�#]K��*ϵr-빇2�.�:�����C�d����@@�6���Ӹ�؄��{|����x�3[��Ǘ����GT�u�w�����5��#���;�w��Zu.�����o���5��)��&=�y�[�{D�A=��{�8�87~���fݿ�|�cY��u=�X@���{�Z��|/�}��e������2���;�ٯ��}G��9�z�������/Q���>���䅋΀ez��E�2?Z�q(gO��A�=�Q�����EӽUW��mS��$��9%�'_�k=�ϫq/�d��|�n���C<�Ot8k�/X�{Y����v�Sٻ��yk��?�<�Ӻ����}�$�_��}������Y��1��⾄w�}���?�=����Mo��C�gln`�>���o������?���I���{`x�5���$�#��������/���O�/ּΚu�w�M��e�.���uu��L�瞱�ߒ�o��x�^�v�~)���2��l������n�6j�Z֯��I����E�GԸ��������Yc�wԺ�x`��{�|x�+1�p��I2��*�Z����uB&dF�It��=���r�^�D�oLi��v�5��x��ܗ�o�u�]��>1�]�E<���^��x�����f��w�G�^t�x~��zgh���w^�Mi?8�W�?�=kt�c;p�9��wwi�i,j��0��k�cnԝ����=�n���a����`��\�Y��q�6I���x��J�\Q��:3�ԐʱnU5��1��������Wܢb��}�V���q�8�{}�׵E?���|�u� ����>��P6>�}��T6�<�c_/�g����]�9�����挮������b��}Oр���վ/e�w�թ��4k�Y7N0^�9��O���/eΡ��d}C�Jr����k�j�`ϸ/�r�ڮ^����ݯ�3j*{Ž�Ϟ��:c\�8��+m_�#��}��I��%��.x�{:2��^s�.����E��9:8����(s�+[��6ǳ���?��?�}?2�_������8?��w�õ����Տ���k�0ݵl�\v�k���>n`Elz��x={��Xy���[�c7���Bz�Y|�GcU�^��q���7�8���������H�g�;�Y���o�{��E��e�r�Һ�Q�վ��Za.���潈f�������%x�Kyf��	|�/�g �_�w�������W][�N/�W{���k|���<�&���p�Es-��,{���^���'.6Ok/�����ZX�x%6郗5�g���?�f�Pc�,[�{�7s�ᇫ�v-6Z�?����%�1�ޥsq��-7�����&��ҐKo����ȼ�6��]<��9���B�]<�gaf0�3�o�Ɵ�����n����3��\��0�����>�c�g��""�K�:z��s����t�.��3?f>8����_�c���'�Y�_eߧC��8��W^D7k�<�sM�������G�w�j�lӸ�����}:��:���o�#�X�c�<�Y������'��Z�9�-��-��r[$����9������;��3�۱�VE�nl28����2k�^�~��Е8��pn�	�w�@��jٗ����{.���3���wx�?���E?͚sv~Cc�GLm�߫��x����>��R>q��1�l�,2�ͼ��G#Z�ῼ�����Eb�~ci��ECm�'f^ׅ|�ҝ�N�qƓ��i�K�Zu|*{|��Ĉ��' o.{�w@��ה5ަ�^���ڹ��k��ȝ�l�F}:O|vd:/�/�+�}G���������}�wM��}�:����c��(~c�)t,e�K�x������k�u�,Aw�L��ߞۜ�""��d³��}õ���m=��{Լﮜ��O�>�]yn�-[�⛾�|9��l��9k�C��^s,z;g ������wԱmg�����ٰ�Pe����h�9ʶA߽�Y^/����Qϡ���|&���w������3'�9i�,đ�""ڜC��6�RߖqT,�_����s��N�91��O~��|)sh�A�/�7����l���}_g��X�8�o|���'����?=u���9|��}j��}�e*����w�����s��}ccJ���L�U�/Z3���s/�����1Fƥ�mwͧ����A_��K���� ��ǐ��i���}�>�?���Ƕ|�<��8f����G��80�>�q�[����s""ל_Yk��c��w?c�A�m��9�����io�G���/���{|�b�\E��|�?�>�}�ql�N�g^g�C6<+ߢs��Z�9B����|���_΢��[�'�=���Lzf2:ֵ7���lX����������6��p��4v�ט�ڼ댭�� �9��K�)^K�����{H^�M�a�f���e}����;�eږ���3F�WY�J���J�~��>i�)��7��r{]i�}�I���z&�>��̳��*�^����+���9뛷ﳙ_9��[G�x^9�\�S�ϟ���i=Ӝí9g�� 9�[���Ѿ��ߢ?��v���D�����+t�<��C��tc��[B��;����{���]���O�Ҏ%h���}��;7�����1n>ƾCȴ<�L�$vΚ��^4����!���}j�g����ӱb�;'���]7�|���_�k0>v�9�,���o}���G�+�Ak+�U<������:���}�Fǩ��+�sN��f�s���dc/y��r��G�Lƞ�0-xc)[�۾�]���������������ߒ�w���u,�moͤ�wq������s��w_�L�oZ�Ti:�'�ɧ��S����7�o\�����%��}~����M����r�+�>�Z��vO!�Xڶ_����q=5u�1FM����5}Ӓ�1m�f�cu([��(��S�?�٢��_dL!+Ϙ1���.�Ҷu�����:z�g߳�gq:�v��6�x�\�~TW>��lB��� ����r�6خS���ǹ�������;��^�{~g^�>�+>�I�ٻ����A{,��7Oߞ7��kٝz;ə�g��|)�1����U�5O���;̛��[�_�����G}�I���Ft����U�o��xn��M߭�{�yj��}����5t��U������g�_��_��_b/>l���C�ڳ�l3X?mh������Ί��*�9���E�7��������rg��#����[���нe*F�7M�qM�~� |N�;�����B��b�O���k��i=L���n��žԝ��7���~��`Hޭf;߃��af��s���`sV�,g�X��6�=K���òvA����ц���3��]b�?���g{j����4i_G�9�ÿ�Lov���W�Ƭ�Z�X�[q���,럼�9�����b��c���\gW�[;�>z	?�� ���y��+��x|��>���괷�ż���;��������=�Tܘ��|%�g��""`}�����ס���k���@�������~�B����̷}L����n��������Rs�Y���'Sg�ofCw ��:�>c��TO�W�]�;���5ݾ����~-eWO�W��N~��1��n��ذ�2=稇��s.t�d:F燎�Y�ٚ��{ 7�	�85���gv]�E�w��d��z�i�s ̌�t���nu���fx�p��^��w8tr�ݷǭ��&����U,�<�߭e�W�/1���ZAۊ|���ig��""_4�U""�na62-���a������[��^�^�:���ߙ�p���N����`627[��eگ�����z,�Q﷾�p���^G&����G�c�Н��f'�|���m���9�(��	X��cTx�~����}2�p8$~��g�""���J`�� ħF�4&EgY��c��;�����������#��Ӡ��>��w�S'���Q�!}{��RE;p֔�}��Ф����4u��Y��9�A�������M�_��TbV�F�H_S���������oFcN|L�kq/����;_C���������}a��?������Nr�	=����I�ւ�ޅ�����zRy��O�]��/7�Q�ĖY|����:�tp���=��yqt��!��'�5��rfCq������Oj��ʷ|�i�(c]<��]��`���a|���QZQ�=�����}���޵�����M|�v{Z����oQO�_�""X��HG��6�����j��2�����V�؎u������]�vG9.t���%X�t?x����K��0����tO�u��mҜ��^�l�X��Է%f���<�4��Gmb�%��v�nc�?�>l���|?�z�����Z��O���͝�@�oA��4�d`�~���_x����k#��5[�~r%�	}N���?����En��Y�A��k�Ƿ�;�u�:�o""�F@��\��%�XC~�b�}����.X��;F}���u�ٗp~�͍Rߢ�睮l��_�r�J�YC�e��^u��""�1bu���cs�9&��7�屾~-�����~�����à'u����WW�ӫ��2�Ť��k[��[�U7���� �蟙�n��=$9#y�w,F_�>��7��$s�y�A�� ����y�7ɷ���/��>��3�#�wه�=/`�э����N������+z�\h4�U99�.�G6j��� �y�MY��s�i����2M�1	mj�@��=��()?�ߥ��VkR[��jmR˰]���7HԦ;��R�.��h$���D����U����͗���6�+���=���{E��2V�PW�����;�~e�M��G����$�ǔ��W������[*�eE�[��a|z���?S�<�E�DZj@��qC����/�qmה���S�o���T�ɻ��wϨ|�k�+�i�z��nU_W��A��Q�,QW�+�o��yg��Yę�|�5Y��*����W�W�ES? �\Y��Y9թ��+���zr�_FM�{Je�\ƺ_��b�~���A���E�$�s|��B�=Uо	�8ks��@?��Z�$R��XK�v��˥�HM]��hHj�֌A�]CZv��N��UO%�9��z2��߫��Y����q�=��y�Ɇ֛�M�廨���Z�g�To����mm��	$s��ㅶ?vx��1����g�&�t�k��q��W������;���^VZVzY{�Ÿ��Rz����E����	�4�6y�߲fq���}��%�Y1Q����U�G�6/9�C�.����:�!�[B�7��a���ė{��eǟw�]�w���]Xn� �""�M�UPtQ�qB#˲2EE4��� ��TdQPذv��.��0P��4�X�85������N�}��w~��x��!��;繞�s��z��O��F��u�X�S��u�uR7�_�Ƨjl@�hk*�U������f�}�>�ނ�f��#����j��i����j��X6�WI�?8+qF��&%��ϮBb,9�=T�-&d�3�O�NSv�&u���TĂ�T{��t�����*��lW'�5kb����	���+�&�'�%�k;j�3��eݡ�mzk��W��ٝ�q�R�6�.~L� _M�N02'���Ϧ?�D�y��?gz��8Q��7��W�'�'��>Mı�^�o�p����.�k]��T{����s�y_��I�c}�{*���~�P�&�O���:!�O:~lD��zT�zE���g8��V���}Ց�eD��SQ}1�ߗb�E���2'��9��54�%�C��|b]�����ی�j�f�W��1ͮ��6�:C�yG��iGX]a��v��x���f�n���{�yKu��٦�y�S�v������T�/X��O��ٓݖ�}��Qp�z��{{��O���NUϩ.�0���6�L՚�cUg���?d�vT#?��<�8_�~���9�����?�Y.���c\f���t:��;��u��x��׺>.9������l6t9�q���l�j_�j�;�ϥ��͹�Ǻ-z#;���K�	��x����4�.��u~S}|�ˋ1��1�Q	��G;�xߔy��6a��1����k&���N�:&%������p=�\����S��i~^�E�ˎc���V6�Y�v[|���S�a>?�є�����LwȾV?�8.����}l��hu����*C�Ct/r�5�ɭ��~���]�C��(y��u��F���'�f����(�?�11""�#Ͼ�����>9����_������OE��!���A���B#s#�����o�Wȯo�W�p�al:R΋�p}�C������������	��=�C�����0��>F,'�w�c�����I�@#�K�U�3y�����旡�hm��1_���-fӟ��0���9�7*9?/��5��]��śj�y�ex����y���W��ư�����;��E�����!T~z�������=y����|�ή����7�G��z�\r�˅w��{h��B���lvO��Yr�1{�&ow�]3�k{#H�7��/�d}�O�i/��/���I�B���S��	��}����G��@8	y��4��6��z��!�)�װ�pYr��h�&���ػ���,t������|μ��'ؼ�x؏�Gv������~ֿ��}&���W>-�<�4��jA9^9�����_�Y����op>�or^u�k��-�8����ܕ��X9@����(�ڝ/�:��o�qo���@{��s��������[-����wK]�6��?����8ϝ1-�]豋�.t܅Q����.�� �Wx�����m`k�@���W���g!��;$���~p:�g�������o5y��ޞ�]n'_��~����R|�ڽ���`#x���; ��������=?`�F�|��&�s?���Rm��K�`���	�]�3e�ϓ�j��� S�OM�7;����?���.x�����m}����d�����v�nk{X�*�K,�]���vx�g�f�3����n�me������;cs�y���]�	�ٻY�/v���N��1��e���m�j�6�9��?�/X{���tZ/|ݗ�o�źx�����A���2��E:�bn1c}�W��3�1]gZX�x���_0?ɮ�g����i����ͧØ/�YM7�W1�/�_��1�p���^����gc!<:��@���^{�zͶv7|��}�9�������̯I�G�|���k�k�w�9T��c�Y�1����y��Vɋ��~��c|�R��x(�=��q~,*,�?^����|��VqF5�fl���@���\b���P�c/�z���LL�(Vݗ9̋�;��=���p9���ޗ:4��2�v��:I�U �Ҧߗ����:֕��鱷(C�dÓ�/�g�ќ�Dt}��+���l�5�n��]���g{z�7�ƿ�����E���뜶���Ϭ��X�+r����Ὦ�s�ĥ�����u�;�����\C	d��µ�k�S��&�������Ŷ'�xɠ�,�T�K�M8�߾N�m��*�w��K���>o�׼s��@�T��g�3Uۀo��(�z�_;��U���TsS,w�n������R����9��t8�v�SU����5m�o���Y-���-4��'�I��j��2F���|�*{�71�ŝj��Yo��c���f���)CL5������������������|�����=����?7��O�:J6^��p%8\���i��r��y�=��\�������#�p%c����""�Mw�H�펶_��U����	�mU���ݻ��=��r�f� �rb�yݯU/�/�P_T���b�������L#��󞷠�0����&��&=���F*�[,J{%.4����&����,�zu6���^��Y��*D��@-i��$��2����.H�7G�ڛ����`���}W���1z�Q���+�wDΠ����vB����(�~=���U��bz�6c��j�LμO��?Y!�[D�W�V�1o�9�����`�����ص���=VC��L|ST�C@?�ւ>���U���k�a��A�$��e��И���i݄q���1�hd����7��s��Z�r�'�Sۘ#[��3g��ܻIS�J�]���	�S-�l�^�qݎ��j勒F����;��jE��h��o��E�r|*i��W�v������_�,`��*����""��(�#.���K|�2N��q6Ǎo�j�]÷��6ĵ��W�Tگ5Dl���Zf������R��O�d���a^��S�Of̊1��j���q$��K��� cN�&]��n(ʾ������(2Y�LB{�Ȣ.N'9�9�ke|�����)O�x�����g�y���m.ب��ӎ}�F_97B�^�֐����WME�o��&���3�]uޘ�?q������I�xƣ`H�*;CR_G'�Pud��Gc�oǪ��n�x�h���x�������}>߾�a�oh�K(�4l�\Ӏ{��s�4���^;}��A|5��b�o1�&o6ySN��3�>�v�Q�_�o4܈�jnn��}�pgQ�p/s�`�ú.����{e��b�����'O����NN��[��=�x��k-��x�C7;~}ص}=�u]��пn?�0z�j������)Îl}����6�Zdx�_��J��F���䘣)�Y��Ny|��ˇ��I�'���/��y�'u��:�#�Q?�v�����j���[�67�u��������;�6��SH��[ؘ+c�����8;��L��QG����g�~�Oޭm�R�I]�(�q��הZS�X���z�Fi�y;a�<�Q��>��ʜ����i��zy�۹f�Ǒ6����""un�y\���w'�e�%|�&���l��%��3���8^i?jW���}Iӿ!�>��H����n���ۨo'����ʱN�Z�������z�G�=Z��6�v�fU��I�3iG;�M&�LΛM:���E�)U�끯���ط�l��I��""ǵ���_�����:8V�~J���[���s�{3����w.��u+�Z)�H�Y��cc6�Ƚ�u���E���|�ӱ�]�ƾ9�{Y���xc���\�Ǳ��s��gb�yka�1��!��o��ރ�;���d��!��Ch_�w؈�� s/'M�|�8�d�`�E����Le[��Zt�ZP�%E��Y�*b�ȼ�;���U��0���!�n$\5�2UN�i��<�N���^��`�A�Ob�W�S�>��WT�$��_rj�/��o���xr8�7TќA^���7�ŗ�]��z;���C{t��ۣ�i�7�#7�ƺU��=C�7Խ�Ob�j�ݟ!�ڂ�)�ee�Ґ���ӊ�h������*�ޜ2��Ӎ�$�+����1���e�y�~g�,�	�r�W���%��܃}R=R�'!3T�ch�:�v���F�렞�F�*����� ��]�ܝ�#�����9��D��Lӵ�a��ݞ����>��4��V�q��f������a7�<ֵ��T��;W>.��-K\� �/1?Idy��Nɰ��~�4����$e��-��ԙ_�?G@�=�%��|�[��C��W�|���.��ǽ:��~퇊�DI�:�c�눅봖O1�I��.]��31~;����NG밧�@���窐��9���#�""�c���4ᮦ͏A�A�O�6��8{�p~!k�g�O���-�u����,ꖈ�;���(L<zD����ּ���v���u�B�ː���L�n���n�w����5��F���=���>н��Z��C��X���!�)�s1�@�gu}��:P��\�BM��۷���f3���@��	�lz�����~`p�1�M��E{p��J�n����~�{�^��O�'r�N��K��`�������¾м�5����v�9���w���h�V?��c����%���\R�O9��$�6���n|��H����gF��=�w�;���%Ż.X����#�8RG<l^""�W[��_r/�s��.`��|�!�C�/!��,�����\Kdn�2o5� �i`>eȚ_l}����AR�hW�Tb�{�ȿ,�2�C�|��wsL�����|Py_dI%�6q�xPy+�?�z2e�X��Iy""ýY����iK�����v�?M�M�ݝ���|	���p~CPy����9{���N���L⼶���s�u�}���(�'�!��*��=9�Q�>����9������{��z����|o�ӻ��t)���T���?����	p�)�>f�""M�ww$4�ǽY�ލ羄��<�xH{��������T�""�*1#����6N$������)��ĩ��ZH��}���:�����*���w�;��2��{�:�;9_be;��\�;%�(P�gs=L��E�f��~���uT�[�W����������Χ���?�{ ���^�g	������vQ_�}:��)��Q��k��ص̼���?p/���uE�*zN�� �X/��-���9)r�1�^wPb\8ocLۘc��G����*bWC�['_{	�O�	�tɔoN������""���I���	1��,��dR�<�a���9_{������E���8�ɧȣ��*���x�����+��Q42�k���P��K���D �|:��˗2�橦��E5M5W��l[f�I�k�R�nՙ+�S�4T�j����s�Mx�?dg�`�ƘN���w��8�������N�(�l�������э\W��+j�,�2UBU*�u-����%y%r�YWש��r�ʹ?e�?����k��O�:'��c	�%�'4�tk}ܣ�L��RN�W�������H��5*�D�#ː�4T������\�J��N7w�H*�,�vQV#U�HN��(�Z�5c��w����G��[�����#�h�E��.�Rh���L�f��Ź��8�U}ñM��RG�ժ��,;�=OQcU��<'M��Ljsi�6���l&OY��y�l��s��绅-}3�=g��Ŧnx�����.�I�*�wUݺ��W}���������{��u�1��$~��ed�����@��xD�� h0""�A��}D4($&Jԧ�TU��gw퇚��S��������CM�г-�јN���w��Z!ϼ��S ���Ҽ����I���2-q""9A��kA?�sm���~�Q+���ZOu�*T��˺ǣ�!��G�A� �G�<��`�!��u~�A�^�m�$�W�I���N�y��m��_�~9�5�]�������)]��ڋ:>��m��`I$���:��V��o��1P�PZ���z���ӣ�n�]N�����JS2U�5wn����YN����D����c7#MM�3F=���nO��k�1�&�q��0(/����[v q�g�dҸX9R���f����j�Q'��'�I�5{e7���k�gP���sm��Էu��C��)���,�,z�S�^0���ѷg�2��֢�m����:9_�����T-BM���1h��6����!�dK�V�M��Ҥ���n�+�Ba��q����D�d8��i��m{n�U�釡NM,�v�/�׫���y���}�xJ����2�rLN6�:s������YW�)q,�%)u�=W4�NӖ/!��W�y#64��������̵-a��z鰭>�}�p�x���@�-D��4��6���f��M���[�^����g���� [y�Wy�������I$�jT�rY���uN([E���{Kl&H*�&����Af$i���Z��V}�zVB����e��uƷ��JyL����}Ou�P���I|��D��rw)���3��7`���m��V����X���@	��E59ݮ���=V;T�¢*	���Alǥ��Z�R�,��dY�І}�/vf� �%�(9B��""{�r���C5ZM�7{����2[��%C��Drc*rf�)��I����h\�|0��4�1�,b�4p��o�VVz�r��[:{=ԝ&�L���R�����(R~_l�	2�*TJ[�1��6�;)��,�L8̥ɴ�E�\�<ඓv�@��#�Jb�'YGǑ�""'3A(�emۂ���n.y�����LPŪ�K�� ��g�q}�D݇�z���8�����Ì�Jͼv{|��������q�;n���m�>��	]^V*lz�����Z�l�O�Z�j;ef������3V��~W�N7\�p� 8��a1���'���I<�0�&m��8R���B|�rS�:4���F�:�%��;��n+߸H~T.�N;�;�5m�;ܜ�Lk��kɑ䌆�! d����S�|�ǔJ^A�L�B�r��0�ԯ=�p����ͿC/�xk�����қ�9�Ż�.h������3A���a���o�4ҿ����_�`r2(�������o�y�Ֆ�,o(7@�U*�~i�J�����;�we4�Òr�fYh���&�*�I_�f�b!�b����""EϹr��Sf����;n����	;�%���bM]3`�7a.��v=2a��0`.2�	��E�9�թ�T���W7��uI{Fx�j�N8��#�N9]$LPRb�=F�7��/^x�.l'qByA�{��Or	w����:F	��k�]�M�-	r���T�16�����ݎ�a�]�������0)���h�J϶y0�W��Y�""d�u��������=;m>�ќ���/�ݭ�&Bh'^�sq�����(��I��d�>,8�;""j��s����i.-�e0�*��ȣ}85����]4�$�3�c ˕E��8r<���T5�g>���UX��5�Q��<�X|�*`�	fN��3�7Õ���se��/DO?���GM}0�	h����ֳ��r�ٸ��_�WO>�}a韛���j��:�s?s�3sf������޴Ү.+�׺4�V�V�d\Wq-'_b'�!4&n)���>�J��^NJ�S	���~*���Kh^z�B�O	1nC�����Jv�F��Μ�;���ߟ�7^�+���8rR°|E8!��A��7q�s�Ӂ��Ǐ��>������灉T]����6X�p��JMco��?��`v��S��̃9��@?:|%p\k���%Z��=p<������^B������t[��}pN���w�zy�I�p�Դ����q���Q���,D0,�3N$""��6<��B)BԈ�5D]�m(C������P\=Z�ׯ��^����v΅�zx��������:�:y�y���뜧!d�O@�ɨꁩ�`����Q	6��H��ʎlj�D7��Y�������^����s�Y�����!�� ��˧OתW��y\���~�T�1��م��nw~d%�{��88U;7�Z	�ۄ�W�3OP�����?c2>�D���8�W�J� f��5��ز��8��FҏyV�p�1q�8����i��V�>8OS�N�͘��^ NV5c�P.���""UH��N����R�G��9���A~|^ꎽT�]�{�c��K�|l3�k�*t�V�]����\�*��O�h�EЧ��?г	�]�.00=;崒�.2Z�=^���T��fҥ���9Q*��z����ȹ����*�J�KJ�:��G�����٬S�y��g��񕳕2�FZ)V�JVρG�&S�����ٙYI���D�q��N{Zf�qp0#�Y����#��""Dƫ��""�#Q3ϚhLɖm���'t��A�%@���Lt]I�x��s���҅�RD��ꏾ��a俠�hIT��Q]�USV����g��:A����0Ӹ�m'��'y�#�d$',�\��^R.�s��iP��`��d�a�8��ŋ�����D�S۳M=���q""��J��p�������nQ�~p[��@W��eQ��(��L�8�gN��+��4 ?��W�j�'���v(����E�-ټҊ��Od��fʻ�.�=I�d�1��÷>����f`��hI'��h����3*Q7�+'tR�����˶︘��#�S�}�Of���{㬐���""�ހ���b�h��TE�X�~�A=P�""�_z���Go#��f+Z'���K/�rr������?g#Z��*���n��e��rJ����?���X�8�.�9~���N�,�(�C&w�;]��݇�^;�ԏ�z�%I5��F0d͔sh�/��v=n���z1�O%s:�$�|�W�F3����0��r�I�5��М#-Ϫ�Α3DSd�۷+�ȑ�U�`�0B��>E�1==�	SA��T3�d~~8ww���W�Ft,DOE�u㿈Eu�,��=�P¸�����	�7I�Ƣ,�����y(L	t�f�m�s�VSMn�6�Y�`/4�Z�5֒�:ǧ_�)���/�^*[5�7ߚ��V4U�����At�L4�H�QHP��ɢ��2�*���mۍ��qv`�(~�L[r�f}�>b�_b�±���mML����Y�ag���	��!�����kk��2iF����.�r 0���i�*Yz���eM��h���S\���o�e	x��}F(G�%ae�Ό�ݩ�tw�����~��rw��z��v�ώfP�=��3��v��E��U ���pN8��g{g�ϗ���,�fj�8�� �m��=s����'�MA�'ዞ���?�\�Sz$(�Aٟ��ڦ�|�re����G�	�i	�Pm�Pd""��$3.H��N<���X.S3g�9zD��VK�+� Omoib�{k��ߝĤ���+=�o�%��ڤ�'��W.�g��}��:��2ڛqr��}�rdH�ĭ�-��V��l���y�h��`�f���\,�	�s��S3���a}&�Fl�<�P:w�3��ILa����5��e�[�WU1)�Gx�^�{���ۢ:v�h�+Pu��j�r������u������ђ��*X�����,�Hp,�^Ϥ�(�$p���%q��_�����y�S�1g6��YE����7�9W	Ɣ�������TZ��|��@~���r�0��=�U����Ay�#�{EA��;hή����B�h]B�s��y��#qF!4�=I�v�W�I4Ehjm�>�#݀���iX๔�P,���`i��vj�iE Љ�Xl��~Pg��}P��BT7��g3��X�6���YT�Jդ��q,��+C�M�RJ(Xc��czzhĭ��|/���e���I��	�l��JR-3��EyGo��^���Q:�	�L""�vT=�����ݢpd'���o��oy�[���O~�⚦u�����{��v���R_��k	�P�+�<�t�ݼ����	�0��F;�t+�u�X!*p�8���,�,�,n���	�:���I�X��*C�Ղݸv቞)ɭ�t�ҕ����x�G�}��>����_�޻���5��^�gVC�a�G�ʬM�d����i�S�W����<� Qm�q����boei�Dp�I�)�ńB�WWVȼ���g���6�Y&yr����q��l����r3�-����/�d-x����dMP��Z ��4.b�	�8�?��,F���־/��ޫ����޻g�mf��㉗!v{���3q �o�F[����`�Dؼ�Hu?��ȷ�uFdzP�.ŉ�)/^������xG��rmOpyG7�H׵`s[DP�����EHﬢw�t�驮m�]hAH�������5�H�v��:�P�A�hP�0�0�J�9�0W������.<)n�/��a-C�44S�<�2�6�_*��h���uj���)s��4�W׵u�A5���z��;x��&��ѱ�V�����F�G/��X�a\�e�'���|��P`V�͐����P�d�J)U^J���秓�q�w��}V��\�A�p���P�¼v�Qt��4�D�`G�t2�����Qԑ(��N�F�0V�=/����)�k��ݸ�*�-#��$�Ց�""�r�'6W�F�܎�sh�zL���f�;�M����و�D^�m�	�Y�[I�{MA*r���Jq9�Cp�y~>��������HR�h�IX���!�Pϼz�4��rna����[���u��4��0�����q;;��m����><��&�Z�y��TF��¡��|��Z^�\�\�T������?�l���Y�s��e����W��&,PG[�����i�b�jw�{���52""^��s����Gh����q����F�L;I7$��Z��(��sue��ݼ��!�_���?��c9#���P�(7��a�p���ʾ��#�R�	�w��#Ɉ%d��]����Ԣ�K5m�q7�T���Pd�8��5�Y֮�Y��鮡%x6Y�DH�E�S�ꉥ��3=��3P�F��{�.��4ߎ���[����dTl)?v��uˎ#h�C��o�<����ϐg*I�������5���hP��r����q�H&���#��9�?3��d�}�'�U�]Nr���X״U�l�k։@�c�""b���/Z�RFzd���nZ�v��^��=K:N��^�������Y��,��<�괒�zE����*'�R��H�|�ԏXO����	��3MT�ѣ��#�($#})N��\!6��i�p��NQs|��&/�B���l�_�6��""�/v�?�O ��L��3���W2U�LG���ľ� .�Cq$j�orL	��o�P�>�Q�a�w��G�0�W��6�W��\\o7hr�M��F	4R��dSzz�1�%����ɨ�ĸ[Y�0v'��]������ʒ��ق��z�'[���� �56<��}�&�{m!�W�-W�KuA� �Qn}��z^f��nO#���_�˾��L�T	�T�Lb#�m����Sqf7�m���V˭|��Z炂���;w��A4n�""���VEV��뇺�@�\��#�M�0�2��ρSyUPeF� �9�)�l�e��Q!#>��3A��Q��0S�H������<��G����C|����~�i���\�tV����xs=����fWp��$2u��(ǉ�=GCi+9Nl�%z�hQAf�B�����f�R��l|ݳ1&Ǒ�M�w�s7��#e���84'>��GY:8�n�[��;����<��E�U[`�\����x��8��	���<����0�[+k�� ������R2\M���=r�ȬN�����3FL.�ϥ�����ͻ�}|���h7��)-C�|ky9y�U�{�d;���4H;���ez9���Z�r,�.C�eN��(;@�b�Ԅ�Q�?���#T��<%�P������;��IQ����8%��+��2�v'|��R�ObO�Y�1������4�!�.YQdQ��/淙Z����-�1ˡ��T�:��r�`��1B���(7��Z��'9�p��S��f�%�c[�lم__4m;ֈ��B��ٳ�����o�{���1�bK�yEi�b�5<��^/1��t�����Y_�AU�c��j־��'�RL��}=�zY��D��������Z�&�^�b;�P+�E?)UJi��l��5�l�M���g4�����Ό4�o�Hi��V���Z�v�����['q�1�R04qKi�m��BI{hjJo����|ɡ4iO��u $�K���u\""��V�}�������jxI�R[	�O\l9]�w�*�hS����;w��R��������15,c��~���r$,�o;���f0�\wYK�Z~���R	T�3Pe��'����3S�!R<	�Q�QmU�խ*��Lc�I�d�H�K6��BG���p�D�pI/��)lɝ�L�B��z�Z���r:n��J���̨��Υ�Y6�v�\'�n�o߶g����	�{��]���9�8$����2j6�1�����_臰'��g�'��9d�̜����Њ��[�V��z�~���x��gÄ6����*�Q��6�uG����K�@��a�I���'��f�jC����V9J�""�X�����Mo��qH���`�}�����������5I�M��<���H��Y��7�H=��66^���1��s�9��a�̈�����:t�k�u�tW��;��A�;H��ܳz�G�ն��0t��֐�R/x�p�#/���fGhlj��P����(����IO0lC�o�/�N�j����׮����+)G��;��>���]��5K���l�!;R�:�s�-���p����	#p,���kb�u\%I�*�2�0<�h��FDo�a�]��K�٠�<\#�[���hV�|B�=z�G`/�:0�Ty�ɧ����٠�ʬ�EՐD�z~9�� ��i����`�\�D�:�0�n��T�F�1h�2�̙�,��Yd�Lw�����5R*�ʪ��af͜YTKj��v4�v̱9Ά���ǕI������T��u����U�/�������`c��6�M�M�*��񟘽�֒��>y�?�/۪�,�g�ʲ�Gx�&�X���eL0J+�k:h����2�#昹��W�$�rQ�{�N8w�y��ɾ�\���r1���""\ԢzԌ7�V��k�[�xO�3�|���E��c%�6���2���._�|��c��]Я!�u%]����U+k/�T��iR��y���8Xm��}��e붉$�ܼ�m3��lnnf�W���¾���r�ο�9ʫ<W�$�p���cK�q�x{/��X�����l:�b���}fv�	���3o-o��""?�όg��b�\��)���v�mhY�e���lZ;-=3���|6�-��S��MV��v���J9��Ɯ�W�wZ��y,�w�u�<�KΧ-�F҄��|�����'.�a�4�x�NW����s�����-����+xM�u�¡���Yh�vSAj�E+#�r�Ǭ�����ӥ�!��������e���/I�5H_{e�Q<��ĳx/^�2=�&�)Zb%#ʭ�[��B���߸5i���.��%Hp��k��5���Lq��Uӆ��ֆ��v�~�ޫ�e��-(����\���R�R�6��<�J��j�X�����.�u$K��)1�+�#9c�~l����h^����# ������g_��~4\��������������hA��n/��x�(�����l�R&֫5��X�OvY�)�KP�Ww��֧毁*��Hɕ$��R��E8���k���5L���%��[���N�!�ڸ�2�gQ?'�&g]b��p�����Ol���&�����P�1���q{��o���K�HyrB�/�Ԍ�[{[4�f��3gΥ<�Z�. ,�����\��&���խ<�o������6���T	k��+��I周p��&�r�R�Ӣ��y�/��{�}��+�͗�i�p*M*�<�T|���,s)A������2��Z�(r�-K��;͑ a�6�Q�!i���6�0)���a7>�2�����*v��b�5ES5��Z��jq=n�ڥ^�t�Йfc3�ɒ�~5�Q����ij�T�K]$�'kG�6��ʎ�hiG7����&����G�'��|�g��Ω����Zi�#.V0���˅���3�T��c��m�L�������c���.��*)EPD%���""P�c�UR�}��7�0����ȱ�G���g�(I~˿z}K�Jj	!�N?��~��C���];����7n��T�@?��+��5�Y�\�gٔH:��9�3�	���Tq�""<,��<ͫض�����V�-�	�y����2�m�<���p6�>�}������HEJ49�$[�b[��X�e��e^��	$p��Q�(�6(rh`�=�R�@�6��nn͡��&BOmZ��!�����!%9�Hi�����>e(�b?.i�V�U,x(����0VCD�ރh��p��ʷ�m��\�}�����j��X������;ʄ�z�S-z""�Q�kqX�׀�y\AZY��qW��A% [&����+��0��8n/=0iy�EZ�V`���-+�9K�9�ӽ��/�<����^|m�_�*s�*��MX�F�â����^e""	b'������s�M})�����t{z�#�@��9��I4�-:��؀�v�S��OY��&�\��C����������7o8[�Y�;'n�믞:��-�{ҹ������p�dW��&<�H^v^�Q�7���D�����F�q9>�$a쀺�Q��&���&�.��{z��yF`��F��=ק�dq~a�H�?#H E_�0|�mD���""������|�)G��{�5Ť��F,Oc��kr�[=.�����D1���s�ʜ��t��7�x�����`��Sl���;��&Q<�/@��*�6�,Pǳ��14S�HUi:IyBj0ۛ�eۯV�J57���:���,��Tr�6���O��H>�li~�����|�""����w����H�W1��/mVx#(��?��V=_����U �5|6��9@��K[g��'EI����:V}]:>͡�L�X������j�ma):MG$�A�Rܪ�ո�l4	�g:������کM�S���Dߦg�M�H�2� ����0e��E�YT|K��fAD�+0���,�݅����h��j	��i�\��e�}@�����������Fџ?����B`�&@����-�n�HX�jT�4*��,b����j��]�S�Y�(7�d�0���>D��%ʌ>�kcPb����`""K�+��r⃲<��?��������F��lM�+�����:�M�����6�""�)�*?�h�?Q.�����9'��P&����Ѣ��j,D�R.� ���C""u ���!^�A��DZ6����;��㳬�@0_�:�i[�jr����F3=<�䜒�UG�a��k��&%�-���,�u���+u�N��a!,�S�#���N���-��M��r>=��E`�J\2D�̊�9��!hf�$�	�tE2'�u�1�+�5MWA���o�n����/�4_���������uOC��Ç�o��'4���1�%����ЋO)�P�L��V�5S}h�̳�؁%[��I�����Ǟ1��C5��߼y�Ӌ�n���Y{��,�J�e_�~Wr��-B��/�@��Uqj>)2��H��T���]I)n�FI�X)+��Q{�ߧ�Z�����Jڤ��饥�]|�u2����u�p�PŨ�Zhi	+7[��/��	�Ct�ie5N�%A�͂��E�4�(�%��N�T,�����r0�p�l��US�x����ޣ�WU��؍_�Z�x#���9s�p���j�9��	j""us�y���v�&L�l�#0�@�ezĲl��o��D���VQ6��U���w��6^��`8��:�;�g�^O�L�فK�+�'��cM���R{)��?a�>��^��S������Y�����Tk�5l���[�Z���v�l�|�B�R�H�'M�Uh���z�}�l�պ����������pla�����?���<��];S;[۩]h�6r��J%�t��$SO�d�z�M1h��0���|mx�.���+�ͦ��j��795o�cM�X�����G�vV�(�G�dm�\\��i�W�U��!�O�c�5@��U�VC��0�>�?3r��FE#c���fX�auM(M��3�ԟ�ڕ����&&��]��}�T�&���{:�G �=��H1�9��������ɬȮ1����{����-S*[y$��R�S��Ǉ�?π���Pg��e�VcH����C������������U����L���B�_ީ���]�]�]�i�dEa�lL2�C�+�p��2��d�~2�,O������B���n�#T\�b�)I4�6϶�f@���<�FAl��ϰ�b�6���Wr��-._�v�Ƌ��!Fx%�g+���)KB.nՍ3�k�`Eӹ	�T�ad�v�`c}�fԜ�TAf��*���]�y�XE������g����!u��t�ˏYƫ�Uu�]u�V���������v�n���I�N`H�L�d��h�D !V3b�,f$@�H�nDذAb��X��/`B!���*��A`Yr�U�:��}��{-U�r\�Y>T���do�(��4�6z�gW�I�&�\�U����ށH�� ����luzr&���5�""�����G|�4�Ƽ��%""�`w����-�������H�B�zߔ��>(|YƢ�T�N#�Y�֤@������Cp��d>��4ШL�9""�""_���ID��;,V}��G�����5K	�?��9�g �w���Z���'K� ���`>�H@�<�-��狄%^�w6%�<�%npp=!Q�����G/���Nz}o`Y9#2Z���$ ��M�j���.qED���X����2�`�[8)튮E�q�S���cȨ�%��H�|����8���ĀwK~N�חe\�f䫢��hZ MZ&�w9Piö���T��w�7�i��ħ}��o��ru�1�$�6- ___�o�V{�Sx�3|��l4{͸�+L�9��uዂ��H��e���pDF�p	R�ks4��l:6��D'��j�yOk��Y�u�d��I��7h��s��ɕ��N���D�z�31V���e/c���P���`�,5ѓ<G�L���2M������}�EvW?�2W�s�҅�h@�CCО����)�������r�܉��A4���e)���R��e����[q��l>�g���)���)�m*�LN�e��l�'�r��z��m�J0!�R�;��o�x��u��ɓ�������I�¡�i����Ƚ�v�X]��7�V��I�X��Q�a'쇃p�C������x9[��fWfL7%ƲHR$�ۮ��e��� fcb��O�W�'�XfL�'j���Ȝ'��ɦ4������B� �R�f��?���ɴるͦ�#��'f�QA��Ы0�?z�/..j��CIM բ�{�(4�6���d�&�N]�溰OاO��,�!7��R}��f�^�3zXPi�ЮԪ�F�Y�Gh�4hG�T����d�3�0�$u�G���vb��m�����[5ɗPF�E�\j����O\�J�U����R�!Ȓ�@�3���1#�L��A�|��^6�4�c�^�|�T2���o��u�oR�|�F����K˗��[u�*��0đU�z�ު���!�R�D|Jc���(ݔ��wr��������.ӕ|�/����')���o�l���w�0���k@mNM�=��Y�bS�\�6�*)���x��BƸ���-2�|�&5`�rರ��a�Lb#��8�j�z�W�{]�VWW/U�xiw���q��=�q&�x2�Ǟ�d��h�FHB��H�@r�ȅ	�8DB�'n(""�@p�8|��=�D��my������_����sJ��q	��,!�""tO̝���q ��Rڑ7`P�(d�C��Xv�U,^[�X�>Ԉ�)G�]���H:�� ����-�)�uy[V-�Ig�D""�T�[��*�*^�~""�JjyKP��������RC�&Z��$!%`At�p�~]�^�l����1�a^��W���'�w٣|�������lJ����ؙ<��j�I���q��1�yu��<5f�S���z����r���؎����\��Y,,vMm��������V1'~�&�G?��{��L*$�!EC����߰���Ry�s���߃�UP�JRl*f�+{U�w�^��q܊�j�fjL�� �,n��>�F�Ybb��)������^�A""�qMg$h���8'9��{(D.-|��?�O��8�Ƞ�9R%MO����BP|��G�~�@�W��ލsX�BW�dk�V�|��5�@kk4�]�.���+�%c�pX~�1%�g���-�K��h�Qofh.}nȭ�.�F�Y�:��S���3,�����w��p�����Ƕ�o��?�������G�&?�O)}�/-5T�{�m��]�mݶ�������5��uߨ���o��(��V�Is,s6�`���I'Q�Kk�n��esr^�B���e�*N�@�R���\���t^̊G�uR\~�;@�݆�`�p�O����'�&3�>%�2�SB�<�Sɥ��XF��8���O��y�5+l,�P͔�����W_w5���v��&��h��T��*ç�\����q\	�|v�^�>�'q1ePU�PB�ԥ��rN��@|3��:-��s1:���j�6Cw�M�[G���k�tpq�DY���]2�I!YkA\0��p���W�GM��y� �.�)�z*�pN��U��zSpw� :Aߊk��2|F�j���pt!Z�&�������pz'�E'Q:�l���[�mP%�t��1��޹�su'�l�ǣ�;�]��ރ{�{��px��ср�j�w�{̽8k܋�dF}���X��I1Pؾ�%��J\���3{V�Y�?%muh4�|�pB��I2�>�K��O�%�ω���Εl�G�z����:N�i9�$�i/̕huB.R���K��j)]5?�]���e��~�_LK�fe�V�8i��e+�*�9��vf#��`����9�������qOt^����Q$��Q�P*T^���o6z�^������{�hL^�\�nD�����������曛�6ߚ<��e�#�U�������ի�����%Ӟ����Yz6{f;c{��I&v�؁ H�%��@p�%���\�%��H���%� ���^U�3�����4��������|�m���!�¥W.���ȴP*��앴�v�ӝt׺��4ىw���k��������N�j�ʽ���7�>����w�38�rt5�z,d�3=�ŭ���Ŝ-��*dF>(@��;�}8�3�jQ-W�R�E��-ŕ������n5�q58Z�B�w��ə�#Z�U*�2�~���n�s��!U�t-���i��C����O�nmdl��I��fϾhYV���`�/�w��u�l�>�)u��+�W�vx��.�I)_�JrI+饍�fII=��ɭ�ӓ�O�g�� Ϋ�qMU���)�'��;�E��nn]�zqK�F�1\g�~v]gn��م��Yȶe��&�Bz�k�����`s��[�%��,X� ���~wW�u��f����$o�%��a�#��m���Y;C��*�E�bȦZ����/�$x""o���������o�f�-�5�o�Utpc��y�M26t��?�ey�#+o�s,�i�(���ꚦa�(�3�)u�D�N8����.��hG�}��zNbh @=~KrE����мW����A���R��]�.!�ދ<��W�c�rIZ͚�-L�n^�S^��I̅������~Vq�����;�6=ȕ��)9 �1/��K�u����7�2�iyM�d������1]�""a>J��#tX�n���R?ﵚ	FB鿝	��IƛIm��߇�]1\�`Թ'`�^��ޒ�YA!�x4̉-����Zm)EUC�2���#�c1g�%/,OO�׃���&�R����$%�6ׇ�^ʺ:�e^�u�PY/��Y3Ӯ�qU��T�*��*c�Q74��Ð�+D�9z�2 �.��F�Y�ŉ>Y�g�j�'n�Լ'��)��U��q�}�F+��y^��K��=^��$��-^�!`P���/��@5��e�uH�?� `���R�6����}��q��w�j�V�Kv�=�qWq|W����]]W��vu�V�#˺Xq�ؑ��N��$@��%uBj���C:@��N_�L��By���������@8�])uʎ�+�W3:�|��|�;�N��ggݩtC�x���nT���m,7V�>l-k��Ʃ���lC�$��G�q�d���§���n�u3�_�g&������%@�p	Y�����Xt��""��f����R�SN����c�8el]�,���ш��2F�%�Gm�W�R���{opZL�hK'x�[$#	��Jd$�q1V�Sz�au���Xb|SO�0�o�RPK���C����?|l;H/��d4���ʘ�W���z��Z���xi�֞�	��8�̓�z��_HA要w<�U`6�h/�Ё$=ge���Q�t�u�q�S��K|�VQeYl*�Z�*X���1���NX���?�:Ţs\g-1-	)h�gu^���̬)����̵QF�3�F&���x�9�4��$Vf�(���$@5��,9m�	��C�dp���5 �F��}3�)���qL�����(Yܟ�5o�9S.�10{�ĳ�hR�ɦ����.E��eJFݘ���i:��h"""")�u��u fM��'��E�c���^׻���`���d��q1�*b�ܨ5����6��[l�� "",%�ܪ��F�mtd��$ʸ	����jw;�D��(��W^��Η���s�`<�M$�)���+��	qp2*i2��Y�`x������-����l���+�S]�Y=����,=ɐ���-��ǻ�L)��� ��j^�N�:�:��o�zx�_�������q�񄍲���d1�%ˈ��2R~SqH\�T�JFi�P.�ܺ+@nD�@ �$����+zs��I�i��K(�,bL,q�8�ǾjLc�Hi:�ơ��^=X�Ra�?�n��nU��+PwW����b2""jTͫ��N��V�ƁG%B8��y�Tw��B���P���$A�1�FQ(ǇeP=TW#����z��Y�*�c	z�m�#�������Ȩ�ju_�h���hT�W�EQ���$��hﱢ?��!�3�����P5�(��PT�4Q���Q�d4���c@��7)�j����`�:��L�#���y+��	�����|�����0 ����|�#���Q��H1	?X�����o���9l��]��2�L�I:C�t�vh���)}�>O��Y����&fn��ժ�j��\�(^�ū""��;�}a����m��NZ�3Ҏ��)�b��TR������8L��;��z�Tg*̄=�`��Ne�Ҩ7[K>��0�d�E5:�?��I!���1��k��^������n��ڦ#D-���l��k�j�-���j&*�JY._�E���F�YC8��8|t�ST�)�!E�/(��]�)��� iinE)Dq���CWIpb\�]MPUuI�@�ҳ�@�ye�)��|^��~ů���o���yU(��[���zPy��R�Qq�~r�Lq��HG�I��I���	2MfH����܄�fg��tnm�E��2#��FN���r��z�	s���3f,�Y-�1��&or2��w$}�]MQ#�%U���ۛ�`��A�VS�AlȜ�K�#Q�	K��3�""\QT�b�ɂ�ꆮ�$U��S%N���4𾧐3ؒʹ�bg,2%��^n�������=n�l���d�&�%���4�nlfiҚ,OW��?n�55�����B�A�HFl1�;��#�Wgyq˚kr� ���8�U(��A�!F�dt%˚��k��$d�""���[Ɓ�����K�(�X���X�H4ʑ�A&�'v��BWQ�w�}�X��ϰρJ����;�]�M�!�6�a�woze������{�^�2xm�����ݭ���7x0��֣-5o������ѭ��Gw6�ؼ����Ç���>����`16ɦ�,�cK��������l���KWf���o�^�:4@u��_��MH9p""�L�2�H��sa���5�9z��{1�P��[�gQ���Z��?� ��+������FZ��93�|s>�c�v�x�ڙ�lo'q�N�-�MsiK�Ͳ��j.@�O@���K�+��=���� �����iڮ�(�H��h��y���v�-���&��@Jɂ�	���G\��&�]9a�/p'a��dF��G�����h�E<��Lb�'hZ�u,i�Q?�c���5C1���֪��m�E�t7�F�/M�p�y y����d���1�$A�����z �^�K!��,��E�HX$����5L>�膁��TS�2CI��/��aD`�0�m��4K��np`�W��V_��8��+����r��Pzoa�M/RYvr�D�G#��R�뿽��tLK��hO`�_�X~)V�A�M�V9�X�]^�U�ے)f�+����^*S6/�g�X�?����LBr}Y`�L�aFRE���w���^�HHy�fH-Ud��Yx_�h���@�q���t�W�m��́�*D��k��<_n�[�n�W�4�Jy�<߬7[`�^�_J��{�,?���'�`�A	��'/�ؚP""�qn���:b�F� �26Ȓd�3��Ϝ�N�&���$��Rş�9HY�\�Ⱦ��.N�X`�P�Ӱ��q^���nW*�Q��u%��rB>��Ҹ�1d�@�dC�Y��_w �vև�������؎�>�{o���T��xX���l�4�%�ҭ�t��P��Pa��2��Ȳ�쨎 cW7	ȤOG""��*�l��Á����3��@�t�CN(��T.�?��Y�US����V�J�9� =���=əF���_^�?t��3Ê9g���o�����s�\0ϙ�q�d��t�\+���~��鯯m�mo�6OvOw�v��fk���Z���7F���;Gw0%�[���οpH�4��u����A���,�Ty���^�m��.�0���""|��f��DLI�uK@^�Æ)Y�(�t	q6�-�o4�}a�q�}���<��*�x+0�+C��Ɏ���daGM��P��R>ҹO?�'`�Ѣ�*͐�\'ÊT��Tgő 9�g���h��+��l^�y�?I��G�3�w��Ϝ0�o���:[�m�ڽ��^���L4�����%������@�%�כ��Bs�y�yД�������������ˇ�Q|?�1T���f����d_#uD����+�sD}(��#A��ф�J�yvB��H)m!�F��	'�N��9C�rf��|A2��L��D<�쎯U�y""d���wQ/U*�u�(�v� �\>�#�a֐pX5R!�*o�jQ$���|��L�b��M����q�hRn�ˉ��d~�1�1U�}��1?�%%%5ER��g�2l��BH�a��Q�/ƥ�V�+��B��)��,�X`f�._�x�]l��U<���Z�֩w�����Oer�r&�HF�n���>��-����~��K����}���>)���������+�׮��/��ř����%�c�/.�mdYӜ�,�)�9��z9��T_M��*�S뭨-D��r�I���|�uXĜ���.9$ !��K�������ˁI��h}�_���Z|�����_�cϵ����G��מ���x���ϼ��T��2J�&�_	(�'Q�Du��X��|pv����F�mI���蓼���0��Tvq1�¢��\Ȇ�U^����˙A*�A�)Y\��l�@�IL݄/bb�,���xeuG�$h/��L�b�@BZ��%V��ģ.�l�@��iI���.����t׃qoQ�H���	2�LL��&�e��e���W�Y{Ώ}h��w�N�F��o�ц���7t͵�\r��M��{�w{�O���&,�;��s([�=�㓕pb�)��u�Șw:gp=�k�l�⤜+ږr���X�c��2�y��<��_��0�eց\>d�1G�D���3�D�y9Vb��8��y�T(݊����������tt6�?ď�c�?�~�����Ó��㽳=����ʔ��~67��r�\#l�������Ëo=y�����uH�ί�3�CN�NL��%���y����7M�nȗ����o�'yKE�J�������AO��g�P�I�ڴ""���?��&6����3;�;��;�;�Y{g������;�a{��q'�։Ӥ$5I����D���@�rET�ā8 �B�������@���Ύ� ���ь=��������C����ı	̡c1��;�BW�1'���q������f��K'q6�=�h��E�ߡ���َ�\""�N�\��b|�Y������v��� ����|�w�Oa�������ҷgz17�&�m��ḳ�4��Z�S_����Z}\߬G*��lt7�j���֐x��Z�&x�����Iv2?Y\j-m{;��A���t{�����*�h6W�=6ґl:�3��G�@ن!=�K�`O��\��=�����t#M�iB�ũ�XU��/ɣ$�E��M�*;����898�Gk�l��4&�;z/�qK98�>Te]����,�\m�|��5`�[_���#h-C�Ie���4�""���m�Nd3:����@,�m�a�	h�Hg�7��LB����IiV��֛�빜�������%��)-����.��:5�.Ʈ�=�w��l�-�5���p9�W%5�6��KDC�0\7�h/q�eX�F1Ŧ��6y���W��B����3v+�^#l��B�#��i��w<'5m24l�TKR/��������D*�m4�nol�""�tu!Yڸ��Z����w�֭�.	�1��V�*�e��nb^QS�0>��*�""���G�bn�b��Z�d�?���V/P/δ�Bb!�(��4�B�?�jN�D�?��!1H�*�Bv�S|�QhDb�F���3�z�Z��]��1�>Cި�!^��˻�T��������n�h���9�M�޾��-����&�E��v?d8N����?�gG-�{-a��q��/To,Ӝf�6fU^�ӂ�J�������L.�ܦi�O%cJ)��4\��o�j��O�Q��u�:�N����i�~�/���ݝ�^EF�l�1ST�""qt�ڮ���1�I�P�\��8j�Z�=���*����A� z�N�!�C��W�b�8����?oM�';����ʕ�����WO���@.��W:]Ɓ-��(����b��%>���TV�3ϔ$��]:�C:�;��lU7�:��u��bEd�&{	T��P�R�5%��&zMF�ʚ���׿����(��	���NOp2Hh���V�#��~o��^�=I�1���Ǡ0���Y����(�:�5��]��Ua>�~JcA]KT8SjIL�E�D�رSvƍ&?�%��*'�B��p�dLWc�bD���@��m�K1t��9A���Z����_�߮�9P�wulU��䡬ZnV�~l�G�y�6�3������ˀڝ�! !St�~1[���H��u��`ޜ�]�_�,T^�[J/�����c[���UⳀ- ,�eϦ�h>-��	��q#y��r�Y]a��.$���;���)��t��{g�k&�i �p�cMe�&%>�ձli���haچ�s	C� \h�9�SC�#�c�w����p��=�W�a��YK��7�-W#��(�IY�i=Ӷ`�Ҷ���rQn�mp���u����S*���Ό��2�@/�1|�c+!�MB�@jAZ��J'n�'G��|�����5��V�����.%91�����j�VB)ϐ��4�_ɡ�!��К��0q���9&��!!lhm��M����A4��8�_�Qs��Cj\�QT�����]ګ)��W�W���ze��U1H��D*��qa\���qm���6�a�X��h2B�-t����Cz��^!˨�m�& �vj�h�K������(��e�auְmS�Wհ�J���W��ɇs�/c1�c����S���LtB����}M��5���40l�(��VG�+������""=�C��	�dE�5�F�8��v�j^����q��i��#w��""Q��|e��T��H�ҭ��ׂL�Z^o��3���`<ЈZBV���$X|��ņ�L0�4�X-�/�#�ژ{cG���k��M�SO����;����D&<23����ْ̛�䟝�}�8�V�����$�����Y��9�D�U�@[�dC�WOU�I_�����2Lq�����+�}ȹ?����`op�u�pkP�6�=��Ix#<o���;�]���=����7Hն�v�H�(���a\m �sx*ŠR����6�J�����tzuzmz4=�~r����/��ܻ�����>p�E�q�U���{��!�0���]%�m�e��՛ԋ��՛ZR����-y�)N�D��,v�؉�8�I2+q�	�03$$S��UP5TQT�����@�8q��2�ޯ[v��|v۲e���y�gayN�v�E+���� ���?����=�{�~���q�����.�}��Ϩ���P�e�1j���.�$�Y��y�.ϩ�'tH:���,&*��0U��Z��7@��U�V�(�vh���6:���҃�����ƽ�L�%���0y���9����)�i���Ɛa��������o����x/�.��.)������<ƽ����'���0�#Թ���v�BEghdxd�2^I�0d}���%�L��6��V�*^��~5��q�gЉ�$h�HLRU!�[a����=^[ܸ�[���q֨�M>�����'=��`Z���'���a�.�=��������/���""���&��_\Y�Ya@ԃ�������Ȫ��""I&�=ryr��Bg�si��""8���������/_�M�V[���a&-@q�""�B0�5�Ȟ�`%�В�;�Q+u�^C�S����7sE�f��ah�b<g쬡4�EM7�k��""0��⨪bA{4;�lm)�p�`Mx�����Z7W���������.*ʦX������v|�f}���)��>�Vp�*��1�G\!���dȣ�>�~�9��e�ܡ*�F=N&���$�%��K>�������������K+W������O��ٓ���\gaiq���3gIz�Y�kHs4W�Hi�v�B�;���yq���婝��ۯld����&|�-Lvbb�g�lWܗA���y��iM�����F��@��%$���dS�K���P���s-�k�R�Z��""t�F��EA,/�b�ej�SAYPNM����p8���h'�0<�*H�2�6�t�:�ʨLs6*�fh��**��ڞE��[?(/c�L������(�]M� �v72���?��֩�Q�oPߢ�M=������i�e8&0C�f�s�ܚ�4sefg�;�S%�������w}�w�{��>$���O�'��Y/Uʕ��p�T�]�� �}y{g���ݽݻ���sO9��ˀЦ�^�4��}�҉`�<���:[A8�!���	�D���1�e�?t)�B_�2�~��C��ةhs�� ���y+k""�	\W22��l&��r�4��Q�M�&#fe0O9�2��""	�ǝ��c`ߚ��Ʉ|��x&�����3Z����j��k2�(�&�y%W�·!�XI�*�<��j7Q>�Us,-)|f��QD�2K�D��YZ�����&n�8&�+��_�?@�t�%j�p+IR�Cݧ��	��G�&Ǝ�gڳ��;�qϺ׻7���|��ݯvo�w���}����	�/l\ؼ�u$����kW	�rJ�o�1ָ���w�{у��k�?@Ե :""�U3�1�+��o�|���[]Im��@*�-����nH�IPO�O�O""�_���=>��V�2x���?#��~�wc.�Hʿ�H��Zv��6�~��""�6��|K��D[������l$2����Ǐok�����Ar��yQA�QxFS�L�!�#�*29��Syd�h	i4'��4X�]�N\/H�o5��������K����9�LT�����e��%��y��W��Џ�د�u��+����zP�*��Z86⑘ ��-(���""��� �""�i�+g��6��&ɿ��F�J�[�$������LCng�����ʸ{�2���j��͹rtV���FyS��N-(T[f�掘����On{�h�8�U�A�n�n��?�s��""����Dg�,��V��&��/��zcބ7�5��'&�F�F����ѩ����	��a3��*��t�Yj��Qs�9�+�������F}Fњ����DZӉ@�9�	�c`n�P�:��0���N����w��E�1q�$�I�օ1og���*���R>�ve���$0�9e^QEqU5���ߨ�,05�L�$�@��V�L���#��~����\������>��c'�ة��N��I�n�M�l�M[$�ت��U9$^@�j����/��+��	Q��'�V�������b��e?�>�9k:�[��2n�g���;]�j��L�m�M�YKG饝����.�H���8�0��Y_?[|���`��b�B�XD��B������ً���9�e�?]�L#�Ni�[J�lS�U��������2���kr�Ms�a/j��3=����u`��P���B.ht>$@f����L|�Қ�&�p�}NfX��hJb�����_A7Ul	�`��x�v%FK�ک�2�Bl[Č�L�rF�V�6����<���Dd�X������Z��а�\6�,��]��1*���>���¤ҽ��n*��VG�H_����%�O���P!3Iv���5u�����+{����Lq^��{����A�x'�e��ݻ��?=U�������<%h����y��uI��48�0ߒ��4�2����}Y��r��P��{�M�C�M�&�6�.v�B�R��O�����J�dJ�i�tA�J��#�RA*K�t<�1;�nI_��3�#ݕ�tɛ�ֱ} �m�Z���hm4&։{��&v�=����������}M��� ������H�j�N�3����`���m��P���,fX�ST�Y�a������`>Wwv�o�:0w��R�~��sk��wuU�[V��rE>�]ӓeWn�K�;\��I�w_j�����S��Y�Z��V˫+�v�7�O���f5�'	��9A�d���r$ɠ8(*���dd����ay�<�ֵ	�-�����^�8 ^&A˞>O��Cav	/�hs$���:Z�}꩟��쑅�۩J=�;��Gn�1�o���J�(�����X?����?�)�Q�%�g�ED��4Dq Iw����d�����s��z�r����\䴁>�a@�P�9���Z�h(�N��{�vS6�ٍl\�-#�zԈ�Q/Z�ƛ�Vāsr0a�sr�I~riac������m3c�f�,�A� �����k���õxM\��S�D�6V^��_�`�Bmq����~�4Q�ܞ�=k�~��f��(K�&�uE���""�ޓQ�(=�˯[��:������iN7����*�o�g�%S�&\�'�*�t�y{;��`��\����XmZ�AaXX�2�2��~s��vv���U�л��rN��޻�33%C�%1��������2�m$��x���nխ�./e��Ǝ��q�N�q;�/Y����3ӨAM��F4Ĉ�<� �' j�O�4�W��B�2< @H<5疝(W��JV���|������<�=���Q0�''���s�A2J��8ŰV�s�p�n:]���!�[�������pĺ0��rui�	@��pY�$��^!�l]�����fR����ıg`�^��t�_��$dd�z��e!�-�s$����Z���Fa�9�d����J�~�D�N��^\\|_���� ;���O}���(Ȫf�:W����,kH=7P��h�jAU�j�&cF�Y��A�|�������̛����)+�""�МT�҂D�Y�W�j�hmc�ࣖ-T�+��*Q{E�5͛�$3�݄���Vv>7��/�%�������c0���;��/�\�������Zy�))��3��Z��>n*����Q�?���w��|�wq�$g��g1�ڊ�1,x��B6�#����#��2)�������>��Tm�\�OJI9�JryQeJ�|*Ie�@�s!3�e��/^$�k?du��B�ċ;n������T���}%��ܺ��æ,ۊtS���{z!����}+nb��q��'����1�<$#��|�a1���A�p|�_�&�6�x�O��*�bW�:۝A�3:����G�@'S0�=�3���eZv�)���bͪ[�������>���������u�K�\|�QV���b���p�[����E�'�$$�]O!�q�""mD�м)�+��p��n�!mج��79m!^(��!M����8 ����!_>���n�oHi�?�i�N��!������/�$�>���D+�e8���h(����M�-o�JRE��5�8m�WƲ��s�2_���[��S%)���;��|Zgt�?�BE�7��g�@�\���l���z�-Q�f����pI]BP�ǟI�q��������g?|̣�)ȁ�����tD6���/br#�J���kD3��O��?Y/�R��-����յ����hm�&rs�Ã!�y�ʤ34�B�X!�q������d�������M�WI.��l[�eH��-򃄙@�72����(��} �HjU��F�""��-��L�(��|U��T���,�8a;nҊ�8Y{�6Y?~���v|&��d����1h�4ۀ	�t[W���%�f^Ac*�����n&�R����BT��L&CreJ���t�(�J�Ԕ����+�JW�Qz$�W��B���t���Ɏ+�1%���z)��=o7�ZGjW݊�b&�BX��@��d�\����_���t%�ȁ��4sѫq-�^g������g=8w�^L�M�S������CISJf�&�""�Y6f""Ȉ�[/��em�%��/�zP��giM�?��0p�ߨ_Q�)�3�B�8�U����rM��9�x.�K�\nѧӂ$ʒL���[|�O�Y>�ôl�N܍'2~�5�Y��`�H�n����,]����}*���ʽ�ËZtV�А��0ν|�$��z޶�?�(�����4u��	|��=�N��FϞg$V����zwsc{c��[۫�k��d�d�^�,��$���'-.��%��K�QnT͏Z�����ͭ����N���������tT�H��sm��,N&���Yϯŗ6̓u��3=����X�U�R1��fL��4����7��@��m3�V�vR�ܓ9���b�R�+c�ީ�����狋mM�1d(�RR32m�a�����~!�����Ӳ��$0�����d���!���r�y��DR�%MS�VVPe]������;�?������?��T��nv��;]2UyA%S�$�R������lnLG�����]�sB�O�.�g�Am�N��\�:c�ާ�iv��E���FˮK_��I�f�R������S*�ev�)�р�:�i��o���J����}G��>-$r�e����ܸ?\#�*o	r_MA$)i˂��8I��H�lW75ub\�=-]�l�������%�-{��{2R4���`!h����Կ��PU_�^i�VD���)>��|6�޶��������C[��(Fb{{��A}XՏ�����ylK�&�n�u�z�E@#�[!�(�H%�t6}'��ٯ��(�;�{���{?�;�C��7p������(!�bՊ�b���mij�imc���dlc�6f4͐�2L�?�����cg2����3�A��n��S��ý��1����>��ϳ<��@�훬����3�1�)��[WYTUTSQ[Q_�|u��3����s��3H5O?�<#F�G2�ґ)��0�׏6���R�+򆹛���c�C/�7'6''�~�G3��:�f�-�_4���sE[�5+ �fU8��Y�آ���i^����w�e��+/w��3�l�����?�ڌ)�4?���ff�%��%s���Zw�P-�׹��u6��������_�3�4%<&ķ�i�L��V�`~�k@�Z��5`���fK�,������`^~��z�\�����2V;��}[�[O?.B�5���\�����E�	���#��,���x�2�.y�ѤT�������6���]-�Ქ��W�������ǃ.C@�{)���e�<�/��u.���M��r�h����yO>o�+���L�؝�e8=s3��+ZA�˓7�uԝ��tH��,��#��`��i.�K��r^���̹��/�ΘW�]BX�Z>�1Z�e�l\8�� ��^I��gD�����c��r�y�-C�	v�+���2-�Vm.Q4�""��,�g�\n���e�M�ݛ��ϻ��*#��L�f:�=)O�2�,��f?��ِ?����b�'���R-���T��V˲�7.)�lm͜�����Z̵^���� �#{�����T���lO��͎�?q��������ɱ���[R��s��e��ӷ�\�� ���ҧ�-�����KE��[%�C����AUMD��k5��FI~����_���k�����r�)�jM�$�>�ʓ�M��xL�^l�u���k}(u}�8@��F'L��~}����}���ccot����fE��ud���r:�4���n랱{ɒ@ݚme�Pv�����>?y�R?�Zn�[����,�Hs�����v3���������HM]D��Ч��`�|�$�D��@��6��-�л�e�}Or'�}���|����b��@�y� �\H���p0���.Hg�R���懛�ۏn����ߛM�����t�&D�NHVG�!���t��>����������|HY�%�/���W��9�����Ƣ�&Nwg���!���@lN���Φ���=�}���a]l����>���q�`�ήL��É��c�^Yl����/=�����h?�z�H������Uo$�_o��|�0y�,�����.>�����������w�D14�R�&�\κt��������������������������������������������������r�2P�g�""��cW$��H�dy���Hl$-��&.Q�������1�v��0䨱��7NDb�v9����M���?Qc���&sySw����Usj��j����I�T���fUTAs�����J��5j����x1��6��L���񙴂fQ	��B�����l������J޻�ϘKET�ǚ9�y��{v+��e��:\~=�_If����SE�ԳW�9�k�\[��.^nf��]��;8o5�Wi�ͼ�C�Wx__SV����Z��v޻K=�im;��M=��K�Q+������ѹ:g��?�{�P���#�+C�ߕ�ʿ��Y���M����瑬�S�+yo۾]�_��U��>g�'�.e��Z�����u��GK^��P��lT��h��^1b��l��Y���&_���irxZ��g��lt����Z���>�^\�������:ox�S�_��=��_endstreamendobj100 0 obj<>/FontStretch/Normal/FontFile2 99 0 R/FontWeight 400/Flags 5/Descent -140/FontBBox[-121 -137 996 859]/Ascent 859/FontFamily(MS Gothic)/CapHeight 737/XHeight 553/Type/FontDescriptor/ItalicAngle 0/Lang/ja/StemH 85>>endobj101 0 obj<>/DW 1000/Type/Font>>endobj102 0 obj<>streamH�T��n7@���>&�A�@0����{/lG@4F����؎3���ZX,ٷ���p~z�n���l�{w<��Ky{�|�J��OO�N�n�ޯ�����v�U�㗷���p>^�����?����������?<>�������^.O�O�O����w}�����幜�;���w{9nn�_��ߖ����_�����k��������u��e9*ݝJj���l��+��G��VJ��c�g����m��U��CI�	-BrVh���B�Pڅ2��($V�X�ZH���7���_YY���D��CI�e~Y�$#W�7���F��Hd��+2��o��f�M�$���[��̕Ȋ�""zIh�Ĳn���n��J2rB�Q���fd�jq�Y����n��2g�od��2�]5�^E!2��ʞW��o_$��oJ�QQ������Rl��CM���X)Ԅ7�%��IAYd'�[�ŌB[�&��px��u? �b�L�>�}�����D&�9%dA�$�����l�b��9KH����I�΃�mB#��۪%��~Z1����`4sH�@��is�H&r@ώ�\l[�P�Ph��D�jԵ3_;p?6d�$Q�G�Q��Pb����x�k�Ќl��CTBl��Е!Ұ����M���V�5��r9�n��Zr;[8��J�E�I_oHQ��}`�ˎ���#4P�e��ͽV�ź��h�Dƚ�!:%�����y�� 6�q;z��h ��s�%���ٴ�O���v�Th��q���V�{3��k3�����h}��P�=��tr1$+��y��.��勼��Y��N��2�=�¯w@��(׶(����2)^&�1�z}p9���������b���������]ЯmH}p�L�G����UnT��qD�[2ē��h1Q���%�+4��T}M�d�]��Ƿ�����R?�*Ỡ}<�˷�ח�v�o����ڃ��endstreamendobj103 0 obj<>endobj1 0 obj<>streamx��WmO�H�++�s���]�����(���W�#�ʿ�g_�4w4�U""�'%���gfvgv7���#�%�qBS�%%�#�*��-�Cj���P@$��!5~0TF�*�D������92�>>��s&)p�X⠔C��E8 �K�)$�8(8^r���T�9 L(�:�)��OZ��SB�NS""���%|��9�@�0?|$|�r""4B�0�:()��G-#�AL�&����""@.~���#%~	>)��O9|K�)��H�(BŚ(�P���K�޻P�GI���R��W�P�(��-쐊����E��""T�;����#T��5�$h�P�����Ց���bQ�esU�9*e��Y��9�_K.����b��A�^�y2k�խ�]VU3;�9���N�`i4B!�P^�����$H�:���""��`.���""؉`'���`'��2����urA�e2Kf�mH�l�� �t9��M��=-ʯ�?3w�g'�m�2j��P�yv��5IK}�f��:�Y�Mr��.^\]�^MQ>|���䴾�	���������U6^E�~�y���Ҙ�����~�9��uL\��\F�u�w��\��mU/��*�Į��l��Ǫ�#��ѷ��w��������q�vcu��l�������j�V��7���ܴ{	�츏����ҏ�U�=H��,�a��R/���ą���mxO�Ȟ]-��Dٱ���v�=��-�t@�afC�|@��>=�{�s-�*L�(1���k�p�[Pf��`�y�=*�s���4�lۤ8�qVs�l��/g.T�ŤmD�;���H�����i��it��u-c{�q	W�>a�ֈ�y���υ{���[��Q��fxg����̧�sSܿ���e����9�[��׿�,�Hd���������oMĽ�E2�Q]&���]�q����z���v�:?�,��S����v���^���w�T;�0�2�mendstreamendobj2 0 obj<>endobj3 0 obj<>endobj4 0 obj<>endobj5 0 obj<>stream Acrobat Elements 7.0 (Windows) D:20110207073553 Word 用 Acrobat PDFMaker 7.0 2011-02-07T16:36:01+09:00 2011-02-07T16:35:58+09:00 2011-02-07T16:36:01+09:00 uuid:ab91ced4-82c0-486c-bed8-a9dbd0fd0d71 uuid:88df7056-d489-4904-96cb-f7bd728ddb75 7 application/pdf 投資助言・代理業者の法令遵守態勢に係る検査結果について endstreamendobj6 0 obj<>endobjxref0 760000000000 65535 f0000071400 00000 n0000072766 00000 n0000072799 00000 n0000072822 00000 n0000072873 00000 n0000077293 00000 n0000000000 65535 f0000000000 65535 f0000000000 65535 f0000000000 65535 f0000000000 65535 f0000000000 65535 f0000000000 65535 f0000000000 65535 f0000000000 65535 f0000000000 65535 f0000000000 65535 f0000000000 65535 f0000000000 65535 f0000000000 65535 f0000000000 65535 f0000000000 65535 f0000000000 65535 f0000000000 65535 f0000000000 65535 f0000000000 65535 f0000000000 65535 f0000000000 65535 f0000000000 65535 f0000000000 65535 f0000000000 65535 f0000000000 65535 f0000000000 65535 f0000000000 65535 f0000000000 65535 f0000000000 65535 f0000000000 65535 f0000000000 65535 f0000000000 65535 f0000000000 65535 f0000000000 65535 f0000000000 65535 f0000000000 65535 f0000000000 65535 f0000000000 65535 f0000000000 65535 f0000000000 65535 f0000000000 65535 f0000000000 65535 f0000000000 65535 f0000000000 65535 f0000000000 65535 f0000000000 65535 f0000000000 65535 f0000000000 65535 f0000000000 65535 f0000000000 65535 f0000000000 65535 f0000000000 65535 f0000000000 65535 f0000000000 65535 f0000000000 65535 f0000000000 65535 f0000000000 65535 f0000000000 65535 f0000000000 65535 f0000000000 65535 f0000000000 65535 f0000000000 65535 f0000000000 65535 f0000000000 65535 f0000000000 65535 f0000000000 65535 f0000000000 65535 f0000000000 65535 ftrailer<>startxref116%%EOF"
2011-02-08,,,投資助言・代理業者の登録拒否事由についての建議（平成23年2月8日）,https://www.fsa.go.jp/sesc/news/c_2011/2011/20110208-2.html,平成２３年２月８日 証券取引等監視委員会 金融庁設置法第21条の規定に基づく建議について 証券取引等監視委員会は、金融庁設置法第21条の規定に基づき、本日、金融庁長官に対して、下記のとおり建議を行った。 記 投資助言・代理業者の登録拒否事由について 投資助言・代理業者に対する集中的な検査において、 (1)投資助言・代理業者自らが無登録業務を行っている状況 (2)無登録業者に対する名義貸し等 (3)顧客に対する情報提供が不適切な状況（著しく事実に相違する表示のある広告、契約締結前交付書面の未交付等） (4)基本的な帳簿書類の作成・管理が不適切な状況（法定帳簿の未作成・未保存、虚偽内容を記載した事業報告書の提出等） など、多数の法令違反事例や不適切事例が認められた。 これらの発生原因をみると、ほとんどすべての事例において、役職員の基本的な法令の知識や法令遵守意識の著しい欠如等により、自己の営業上の利益のみを優先した業務運営が行われているという状況が認められた。 こうした状況に鑑みれば、投資助言・代理業者に係る投資者保護の一層の徹底を図るため、投資助言・代理業に関する基本的な法令の知識や法令遵守意識が欠如しているなど業務を適確に遂行するに足りる役職員が確保されていない場合に登録を拒否できるよう、他の業種と同様に、投資助言・代理業の登録拒否事由に人的構成要件を追加する必要がある。 なお、平成22年12月14日の犯罪対策閣僚会議に報告された暴力団取締り等総合対策に関するワーキングチームによる「企業活動からの暴力団排除の取組について」において、各府省は業の主体から暴力団等を排除する対策の充実に努めることとされているところ、登録拒否事由に人的構成要件を追加することにより、投資助言・代理業者についても、こうした対策の充実が図られるものと考えられる。
2011-02-04,マスター証券株式会社,,マスター証券株式会社に対する検査結果に基づく勧告について（平成23年2月4日）,https://www.fsa.go.jp/sesc/news/c_2011/2011/20110204-2.html,平成２３年２月４日 証券取引等監視委員会 マスター証券株式会社に対する検査結果に基づく勧告について １．勧告の内容 関東財務局長がマスター証券株式会社（東京都中央区、資本金３３４百万円、役職員１５名、第一種金融商品取引業及び第二種金融商品取引業、適格機関投資家等特例業務届出者）を検査した結果、下記のとおり、当該金融商品取引業者に係る法令違反の事実が認められたので、本日、証券取引等監視委員会は、内閣総理大臣及び金融庁長官に対して、金融庁設置法第２０条第１項の規定に基づき、行政処分を行うよう勧告した。 ２．事実関係 マスター証券株式会社（以下「当社」という。）は、平成２２年２月以降、３本の投資事業有限責任組合（以下「当該３ファンド」という。）の出資持分の私募及び５本の投資事業有限責任組合（以下「当該５ファンド」という。）の出資持分の私募の取扱い（以下、私募及び私募の取扱いを合わせて「自己私募等」という。）を行っている。また、当該３ファンドについては、適格機関投資家等特例業務（以下「特例業務」という。）として運用（以下「自己運用」という。）を行っているとしている。 今回検査において、当社が取り扱った上記ファンドの自己私募等及び自己運用の状況について検証したところ、以下の事実が認められた。 （１）無登録による投資運用業務 当該３ファンドに係る出資持分は、いずれも平成２２年２月から同年６月にかけて当社が出資持分の私募を行い、投資対象先も同一法人が発行する株式としていることから、６月以内に発行された同種の新規発行権利となる。このことから、当該３ファンド全体で、適格機関投資家以外の者からの出資が４９名以下でなければならないところ、１４２名となっており、当社が行った当該３ファンドの自己運用は、特例業務の要件を満たすことなく行われていた。 また、上記状況が特例業務の要件を満たさないことに気付いた当社は、平成２２年６月に、当該３ファンドのうち２ファンドに係る無限責任組合員を当社から他の特例業務届出者に変更しているが、実際は、当社が引き続き一体として、当該３ファンドの運用を行っていた。 さらに、平成２２年３月から同年６月にかけて当社が出資持分の私募の取扱いを行った当該５ファンドについては、当社以外の者が無限責任組合員となっているが、実際の運用は、当社が、当該３ファンドと合わせ一体として行っていた。 当社が行った上記の行為は、登録が必要な金融商品取引法（以下「金商法」という。）第２８条第４項に規定する「投資運用業」に該当し、当社が同法第３１条第４項に基づく変更登録を受けることなく当該業務を行うことは、同法第２９条に違反するものと認められる。 （２）分別管理が確保されていない状況でファンドの私募等を行う行為 当社は、上記（１）のとおり、８本のファンドに係る運用を実質的に行い、資産の管理も行っていたが、そのファンド資産の管理状況は、４つの銀行口座により混在して管理されており、かつ、検査基準日（平成２２年７月１２日）現在、ファンド毎の運用状況も帳簿に記載されていなかったことから、各ファンドの運用状況が直ちに判別できない状況となっていた。 したがって、当社が行っていた各ファンドの自己私募等は、ファンド間における分別管理が行われていない状況で行われていたものと認められる。 当社における上記の状況は、当社において、各ファンドに関し出資され、又は拠出された金銭が、金商法第４０条の３に基づく金融商品取引業等に関する内閣府令第１２５条第２号ロに定める方法により、分別管理が確保されているものとは認められない状況であり、同法同条に違反するものと認められる。 金融商品取引法 （昭和23年4月法律第25号）（抄） （登録） 第二十九条　金融商品取引業は、内閣総理大臣の登録を受けた者でなければ、行うことができない。 （変更登録等） 第三十一条　金融商品取引業者は、第二十九条の二第一項各号（第五号を除く。）に掲げる事項について変更があつたときは、その日から二週間以内に、その旨を内閣総理大臣に届け出なければならない。 ２、３　（略） ４ 金融商品取引業者 は、第二十九条の二第一項第五号に掲げる事項について変更をしようとするときは、内閣府令で定めるところにより、内閣総理大臣の行う 変更登録を受けなければならない 。 ５、６　（略） （分別管理が確保されていない場合の売買等の禁止） 第四十条の三 金融商品取引業者等は、第二条第二項第五号 若しくは第六号 に掲げる権利 又は同条第一項第二十一号に掲げる有価証券（政令で定めるものに限る。）若しくは同条第二項第七号に掲げる権利（政令で定めるものに限る。） については、当該権利 又は有価証券 に関し出資され、又は拠出された金銭 （これに類するものとして政令で定めるものを含む。以下この条において同じ。） が、当該金銭を充てて行われる事業を行う者の固有財産その他当該者の行う他の事業に係る財産と分別して管理することが当該権利 又は有価証券 に係る契約その他の法律行為において確保されているものとして内閣府令で定めるものでなければ、第二条第八項 第一号、第二号又は 第七号 から 第九号 まで に掲げる行為を行ってはならない 。 金融商品取引業等に関する内閣府令 （平成19年8月内閣府令第52号）（抄） （分別管理が確保されているもの） 第百二十五条　法第四十条の三に規定する内閣府令で定めるものは、同条に規定する権利又は有価証券に関し出資され、又は拠出された金銭を充てて事業を行う者（略）に対し、当該事業者の定款（当該事業に係る規約その他の権利又は有価証券に係る契約その他の法律行為を含む。）により 次に掲げる基準を満たすことが義務付けられていることにより 、当該金銭が当該事業者の固有財産その他当該事業者の行う他の事業に係る財産と 分別して管理されていることが確保されているもの とする。 一（略） 二　当該金銭が、次に掲げる方法により、適切に管理されていること。 イ　（略） ロ　銀行、協同組織金融機関、株式会社商工組合中央金庫又は外国の法令に準拠し、外国において銀行法第十条第一項第一号に掲げる業務を行う者への 預金又は貯金 （ 当該金銭であることがその名義により明らかなものに限る 。） ハ　（略）
2011-02-04,株式会社シニアコミュニケーション株式,,株式会社シニアコミュニケーション株式に係る相場操縦に対する課徴金納付命令の勧告について（平成23年2月4日）,https://www.fsa.go.jp/sesc/news/c_2011/2011/20110204-1.html,"平成２３年２月４日 証券取引等監視委員会 株式会社シニアコミュニケーション株式に係る相場操縦に対する課徴金納付命令の勧告について １．勧告の内容 証券取引等監視委員会は、株式会社シニアコミュニケーション株式に係る相場操縦について検査した結果、下記のとおり法令違反の事実が認められたので、本日、内閣総理大臣及び金融庁長官に対して、金融庁設置法第２０条第１項の規定に基づき、課徴金納付命令を発出するよう勧告を行った。 ２．法令違反の事実関係 課徴金納付命令対象者は、株式会社シニアコミュニケーションの株式につき、その株価の高値形成を図ろうと企て、同株式の売買を誘引する目的をもって、平成２１年８月７日から平成２１年８月１３日までの間、５取引日にわたり、(1)連続して成行であるいは直前約定値より高値で買い注文を発注して高値で約定させたり、(2)成行であるいは直前約定値より高値で買い注文と売り注文を同時期に発注して対当させて株価を引き上げたり、(3)成行で買い注文を発注して終値を引き上げたり、(4)約定させる意思のない買い注文を発注するなどの方法により、同株式合計１７４株の買付け及び合計１９０株の売付けを行ったほか、同株式延べ合計１５０株の買付けの委託を行い、同株式の株価を１万５０１０円から１万９４８０円まで引き上げるなどし、自己の計算において、同株式の相場を変動させるべき一連の売買及び委託をしたものである。 同人が行った上記の行為は、金融商品取引法第１７４条の２第１項に規定する「第１５９条第２項第１号の規定に違反する一連の有価証券売買等」の違反行為に該当すると認められる。 ３．課徴金の額の計算 上記の違法行為に対し金融商品取引法に基づき納付を命じられる課徴金の額は、３０万円である。 計算方法の詳細については、別紙のとおり。 （別紙） ○　課徴金の額の計算方法について １．金融商品取引法第１７４条の２第１項に基づき、課徴金の額は、 (1)　売買対当数量（注１）に係るものについて、 （有価証券の売付価額）－（有価証券の買付価額） と、 (2)　当該違反行為に係る有価証券の買付数量が売付数量を超える場合には、当該超える数量に係るものについて、 （当該違反行為が終了してから１月を経過するまでの間の各日における当該有価証券の最高価格のうち最も高い価格×当該超える数量）－（有価証券の買付価額） との合計額として計算される。 （注１）売買対当数量：当該違反行為に係る有価証券の売付数量と買付数量のうち、いずれか少ない数量をいう。 ２．本件における課徴金の額は、下記(1)及び(2)によりそれぞれ算定される額の合計３０万４９８０円。 ⇒課徴金の額は１万円未満を切り捨てるため、 ３０万円 (1)　当該違反行為に係る売買対当数量は、 (i)当該違反行為に係る有価証券の売付数量は１９０株であり、 (ii)当該違反行為に係る有価証券の買付数量は、実際の買付け等の数量１７４株に、金融商品取引法第１７４条の２第８項及び同法施行令第３３条の１３第１号により、違反行為開始時にその時の価格（１５，２００円）で買付け等をしたものとみなされる当該違反行為の開始時に所有している当該有価証券の数量７２株を加えた２４６株である ことから、１９０株となる。 当該売買対当数量に係るものについて、 売付価額３，３５２，６９０円（注２） －買付価額３，１１６，９４０円（注３、４） ＝２３５，７５０円 （注２）売付価額は、 ┌ │ │ │ │ │ │ │ │ └ 15,380円× 1株　16,000円× 1株　16,350円× 1株 16,550円× 1株　16,690円×22株　17,000円× 4株 17,080円×16株　17,100円× 4株　17,400円×31株 17,850円×59株　18,380円×50株 ┐ │ │ │ │ │ │ │ │ ┘ の合計額である。 （注３）買付価額は、 ┌ │ │ │ │ │ │ │ │ │ │ │ │ │ │ │ │ │ │ │ │ │ │ │ │ └ 15,200円×73株　15,380円× 1株　15,650円× 1株 15,660円× 1株　15,700円× 5株　15,800円× 1株 16,000円× 3株　16,100円× 3株　16,150円× 2株 16,200円× 1株　16,300円× 1株　16,350円× 1株 16,490円× 2株　16,550円× 1株　16,590円× 1株 16,600円× 2株　16,610円× 1株　16,690円× 1株 16,750円× 1株　17,080円× 3株　17,090円× 1株 17,200円× 1株　17,260円× 2株　17,280円× 1株 17,300円× 1株　17,350円× 1株　17,360円× 1株 17,370円× 1株　17,380円× 3株　17,390円× 2株 17,400円× 2株　17,420円× 1株　17,430円× 4株 17,440円× 3株　17,450円× 5株　17,480円× 3株 17,490円× 5株　17,500円×26株　17,550円× 1株 17,590円× 1株　17,600円× 4株　17,620円× 3株 17,700円× 1株　17,750円× 8株　17,800円× 1株 17,820円× 1株　17,890円× 2株 ┐ │ │ │ │ │ │ │ │ │ │ │ │ │ │ │ │ │ │ │ │ │ │ │ │ ┘ の合計額である。 （注４）買付価額の算定においては、金融商品取引法施行令第33条の14第5項の規定により、当該違反行為に係る有価証券の買付けのうち最も早い時期に行われたものから順次当該売買対当数量に達するまで割り当てることとなる。 本件においては、違反行為の開始時点において所有しており、金融商品取引法第174条の2第8項及び同法施行令第33条の13第1号の規定により、違反行為の開始時点にその時における価格（15,200円）で買い付けたものとみなされるもの（みなし買付け）から割り当てられることとなる。 (2)　上記(1)のとおり、当該違反行為に係る有価証券の買付数量が、売付数量を超えることから、 当該超える数量５６株（２４６株－１９０株）について、 当該違反行為が終了してから１月を経過するまでの間の各日における当該有価証券の最高価格のうち最も高い価格（１９，４８０円）に当該超える数量を乗じて得た額 １，０９０，８８０円（１９，４８０円×５６株） －有価証券の買付価額１，０２１，６５０円（注５） ＝６９，２３０円 （注５）買付価額は、 ┌ │ │ │ │ │ │ │ │ └ 17,700円× 1株　17,890円× 4株　17,900円× 3株 17,960円× 3株　17,990円× 9株　18,000円×15株 18,200円× 2株　18,380円× 1株　18,480円× 4株 18,500円× 5株　18,600円× 3株　18,700円× 1株 19,400円× 1株　19,420円× 1株　19,450円× 2株 19,480円× 1株 ┐ │ │ │ │ │ │ │ │ ┘ の合計額である。"
2011-02-02,して行う証券会社,,「金融商品取引業者等検査マニュアル」の一部改正（案）の公表について（平成23年2月2日）,https://www.fsa.go.jp/sesc/news/c_2011/2011/20110202-1.html,平成２３年２月２日 証券取引等監視委員会 「金融商品取引業者等検査マニュアル」の一部改正（案）の公表について 証券取引等監視委員会では、「金融商品取引業者等検査マニュアル」について、別紙１のとおり一部改正（案）を取りまとめましたので、公表いたします。 １．主な改正の概要 (1)　平成22年金融商品取引法改正により、証券会社の連結規制・監督が導入されることに伴い、連結自己資本規制比率に係る検証項目の追加等の所要の改正を行う。併せて、大規模かつ複雑な業務をグループ一体として行う証券会社グループのリスク管理態勢等の検証のための確認項目を設ける。 (2)　「デリバティブ取引に対する不招請勧誘規制等のあり方」（平成22年９月13日金融庁公表）を受け、個人向け店頭デリバティブの販売勧誘に関する自主規制ルールが整備されたことを踏まえ、自主規制ルールに関する対応状況の検証のための確認項目を設ける。 (3)　証券取引等監視委員会の建議（平成22年10月19日）を受け金融商品取引業等に関する内閣府令の改正が行われ、事業型ファンドに係る持分の販売に関する契約締結前交付書面の記載事項が拡充されることを踏まえ、所要の改正を行う。 (4)　システムリスク管理態勢に係る確認項目について、これまでの検査結果も踏まえ、情報セキュリティ管理態勢に係る検証項目を設ける等の改正を行う。 なお、具体的内容については（別紙１）をご参照ください。 ２．実施期日 平成23年４月１日以降に実施する検査から活用する予定。 本件について御意見がありましたら、平成23年３月４日（金）17時00分（必着）までに、氏名又は名称、住所、所属及び理由を付記の上、郵便、ファックス又はインターネットにより下記にお寄せ下さい。電話による御意見は御遠慮願います。 なお、いただいた御意見につきましては、氏名又は名称を含めて公表させていただく場合があるほか、個別には回答いたしませんので、予め御了承下さい。 （注）「金融商品取引業者等検査マニュアル」 本マニュアルは、証券取引等監視委員会（財務局等を含む。）が「金融商品取引業者等」に対して検査を実施する際の基本的考え方及び検査の具体的着眼点等（検査対象先の実態を把握する上で有効と考えられる確認項目）を整理したものであり、検査官の「検査の手引書」として用いられるものです。 ご意見の募集は終了しました。ご協力ありがとうございました。 御意見の送付先 証券取引等監視委員会事務局証券検査課 郵便：〒100-8922 東京都千代田区霞が関３－２－１ 中央合同庁舎第７号館 ファックス：03-5251-2137 ホームページ・アドレス： http://www.fsa.go.jp/sesc/ お問い合わせ先 証券取引等監視委員会　Tel　03-3506-6000（代表） 事務局証券検査課（内線： 3032、3007） （別紙１） 金融商品取引業者等検査マニュアル一部改正（案）（新旧対照表）（PDF:389K）
2011-01-25,北越紀州製紙株式会社,,北越紀州製紙株式に係る相場操縦に対する課徴金納付命令の勧告について（アルゴリズム取引の特性を利用することを意図した相場操縦）（平成23年1月25日）,https://www.fsa.go.jp/sesc/news/c_2011/2011/20110125-1.html,"平成２３年１月２５日 証券取引等監視委員会 北越紀州製紙株式に係る相場操縦に対する課徴金納付命令の勧告について （アルゴリズム取引の特性を利用することを意図した相場操縦） １．勧告の内容 証券取引等監視委員会は、北越紀州製紙株式会社株式に係る相場操縦について検査した結果、下記のとおり法令違反の事実が認められたので、本日、内閣総理大臣及び金融庁長官に対して、金融庁設置法第２０条第１項の規定に基づき、課徴金納付命令を発出するよう勧告を行った。 ２．法令違反の事実関係 課徴金納付命令対象者は、北越紀州製紙株式会社の株式につき、同株式の売買を誘引する目的をもって、約定させる意思のない売り注文を発注するなどして売り板を厚く見せることにより売り注文を誘引したり、約定させる意思のない買い注文を発注するなどして買い板を厚く見せることで買い注文を誘引するなどの方法により、 （ア）平成22年6月14日午後零時35分ころから同日午後1時54分ころまでの間、延べ合計102万6000株の売り注文の発注等及び延べ合計116万7500株の買い注文の発注等を行うとともに、合計51万株の売買を自己に有利な株価で約定させ、 （イ）平成22年6月15日午前9時29分ころから同日午後零時21分ころまでの間、延べ合計117万6500株の売り注文の発注等及び延べ合計149万7000株の買い注文の発注等を行うとともに、合計54万株の売買を自己に有利な株価で約定させ、 もって、自己の計算において、同株式の相場を変動させるべき一連の売買及び委託をしたものである。 ※　課徴金納付命令対象者は、板を厚く見せるために、約定させる意思のない売り注文（１）及び買い注文（２）を発注したほか、約定可能性がない程度の価格に指値変更注文（３）を行い、その後、最良気配値付近に再度指値変更注文（４）を行うことにより、それらの注文に瞬時に反応してくるコンピュータシステムによるアルゴリズム取引と考えられる他の投資家からの注文が、対象者の買いたい株価又は売りたい株価の指値（５）で発注されるのを意図して、そのような他の投資家の注文と自己の注文を売買約定（６）させるという行為を、繰り返し行ったものである。（下図参照） 同人が行った上記の行為は、金融商品取引法第１７４条の２第１項に規定する「第１５９条第２項第１号の規定に違反する一連の有価証券売買等」及び「その委託等」の違反行為に該当すると認められる。 ３．課徴金の額の計算 上記の違法行為に対し金融商品取引法に基づき納付を命じられる課徴金の額は、５７万円である。 計算方法の詳細については、別紙のとおり。 （別紙） ○　課徴金の額の計算方法について １．金融商品取引法第１７４条の２第１項に基づき、課徴金の額は、 (1)　売買対当数量（注１）に係るものについて、 （有価証券の売付価額）－（有価証券の買付価額） と、 (2)　当該違反行為に係る有価証券の売付数量が買付数量を超える場合の、当該超える数量に係るものについて、 （有価証券の売付価額）－（当該違反行為が終了してから１月を経過するまでの間の各日における当該有価証券の最低価格×当該超える数量） または、 当該違反行為に係る有価証券の買付数量が売付数量を超える場合の、当該超える数量に係るものについて、 （当該違反行為が終了してから１月を経過するまでの間の各日における当該有価証券の最高価格×当該超える数量）－（有価証券の買付価額） との合計額として計算される。 （注１）売買対当数量：当該違反行為に係る有価証券の売付数量と買付数量のうち、いずれか少ない数量をいう。 ２．課徴金納付命令対象者の違反行為について、 (ア) 平成２２年６月１４日の一連の違反行為に係る課徴金の額は、下記(1)及び(2)によりそれぞれ算定される額の合計　253,500円 ⇒課徴金の額は、１万円未満を切り捨てるため、 ２５万円 (1)　当該違反行為に係る売買対当数量は、売付数量及び買付数量が、255,000株であることから、255,000株となる。 当該売買対当数量に係るものについて、 売付価額117,703,500円（注２） － 買付価額117,450,000円（注３） ＝　253,500円 （注２）売付価額は、「461円×112,500株、462円×136,500株、463円×6,000株」の合計額である。 （注３）買付価額は、「459円×8,500株、460円×102,000株、461円×135,500株、 462円×4,000株、463円×5,000株」の合計額である。 (2)　上記(1)のとおり、当該違反行為に係る有価証券の売付数量と買付数量が同じであることから、当該超える数量は、０株となる。 (イ) 平成２２年６月１５日の一連の違反行為に係る課徴金の額は、下記(1)及び(2)によりそれぞれ算定される額の合計　321,500円 ⇒課徴金の額は、１万円未満を切り捨てるため、 ３２万円 (1)　当該違反行為に係る売買対当数量は、売付数量及び買付数量が、270,000株であることから、270,000株となる。 当該売買対当数量に係るものについて、 売付価額124,543,500円（注４）　－　買付価額124,222,000円（注５） ＝　321,500円 （注４）売付価額は、「456円× 2,000株、457円× 5,000株、458円× 9,500株、 459円×13,500株、460円×39,000株、461円×68,500株、462円×67,000株、 463円×65,500株」の合計額である。 （注５）買付価額は、「457円×27,000株、459円×37,500株、460円×111,000株、 461円×48,500株、462円×46,000株」の合計額である。 (2)　上記(1)のとおり、当該違反行為に係る有価証券の売付数量と買付数量が同じであることから、当該超える数量は、０株となる。"
2011-02-01,メルシャン株式会社,,メルシャン株式会社に係る有価証券報告書等の虚偽記載に係る課徴金納付命令勧告について（平成23年2月1日）,https://www.fsa.go.jp/sesc/news/c_2011/2011/20110201-1.html,"平成２３年２月１日 証券取引等監視委員会 メルシャン株式会社に係る有価証券報告書等の虚偽記載に係る課徴金納付命令勧告について １．勧告の内容 証券取引等監視委員会は、メルシャン株式会社に係る有価証券報告書等の虚偽記載について検査した結果、以下のとおり法令違反の事実が認められたので、本日、内閣総理大臣及び金融庁長官に対して、金融庁設置法第２０条第１項の規定に基づき、課徴金納付命令を発出するよう勧告を行った。 ２．法令違反の事実関係 メルシャン株式会社は、関東財務局長に対し、架空売上の計上等により、別添のとおり、平成２０年法律第６５号による改正前の金融商品取引法（以下「旧金融商品取引法」という。）第１７２条の２第１項並びに金融商品取引法第１７２条の４第１項及び第２項に規定する「重要な事項につき虚偽の記載がある」有価証券報告書等を提出したものである。 ［虚偽記載の概要］ （単位：百万円） 【平成19年12月期有価証券報告書】 虚偽記載額 認定金額 連結売上高 103,329 103,058 連結経常損益 896 784 連結当期純損益 483 ▲1,598 連結純資産額 48,618 46,124 【平成20年12月期有価証券報告書】 虚偽記載額 認定金額 連結売上高 92,743 90,831 連結経常損益 585 ▲1,387 連結当期純損益 162 ▲1,871 連結純資産額 46,600 42,071 【平成21年9月第3四半期四半期報告書】 虚偽記載額 認定金額 連結売上高 58,018 56,063 連結経常損益 ▲627 ▲2,436 連結四半期純損益 ▲126 ▲2,295 連結純資産額 45,659 38,928 【平成21年12月期有価証券報告書】 虚偽記載額 認定金額 連結売上高 83,249 80,506 連結経常損益 883 ▲1,259 連結当期純損益 28 ▲2,117 連結純資産額 45,954 39,238 ３．課徴金の額の計算 上記の違法行為に対し旧金融商品取引法及び金融商品取引法に基づき納付を命じられる課徴金の額は、１，０００万円である。 (1) 旧金融商品取引法第１７２条の２第１項の規定により、平成１９年１２月期有価証券報告書に係る課徴金の額は、 (i)　当該法人が発行する算定基準有価証券の市場価額の総額に１０万分の３を乗じて得た額（1,138,116円） が (ii)　3,000,000円 を超えないことから、3,000,000円となる。 (2) 旧金融商品取引法第１７２条の２第１項の規定により、平成２０年１２月期有価証券報告書に係る課徴金の額は、 (i)　当該法人が発行する算定基準有価証券の市場価額の総額に１０万分の３を乗じて得た額（846,384円） が (ii)　3,000,000円 を超えないことから、3,000,000円となる。 (3) 金融商品取引法第１７２条の４第１項及び第２項の規定により、平成２１年９月第３四半期四半期報告書及び平成２１年１２月期有価証券報告書に係る課徴金の額について、個別決定ごとの算出額は、 (i)　当該法人が発行する算定基準有価証券の市場価額の総額に１０万分の６を乗じて得た額 （平成２１年９月第３四半期四半期報告書　1,801,053円 平成２１年１２月期有価証券報告書　1,557,001円） が (ii)　6,000,000円 を超えないことから、 平成２１年９月第３四半期四半期報告書については、3,000,000円 平成２１年１２月期有価証券報告書については、6,000,000円 となる。 ここで、これらの書類が同一の事業年度に係るものであることから、金融商品取引法第１８５条の７第６項の規定により、下記のとおり６００万円を個別決定ごとの算出額に基づき按分し、さらに、平成２１年１２月期有価証券報告書については、金融商品取引法第２６条の規定による検査が行われる前に、課徴金の減額に係る報告がされていることから、金融商品取引法第１８５条の７第１２項の規定により、按分後の金額に１００分の５０を乗じて得た額が課徴金の額となる。 平成２１年９月第３四半期四半期報告書に係る課徴金の額は 2,000,000円 平成２１年１２月期有価証券報告書に係る課徴金の額は 2,000,000円 （別添）メルシャン株式会社の有価証券報告書等の虚偽記載の内容 番号 開示書類 虚偽記載 提出日 書類 会計期間 財務計算に 関する書類 内容（注） 事由 １ 平成20年 3月26日 第91期事業年度連結会計期間に係る有価証券報告書（平成19年12月期有価証券報告書） 平成19年1月1日～平成19年12月31日の連結会計期間 連結 損益計算書 連結当期純損益が▲1,598百万円であるところを483百万円と記載 ・架空売上の計上 等 ２ 平成21年 3月25日 第92期事業年度連結会計期間に係る有価証券報告書（平成20年12月期有価証券報告書） 平成20年1月1日～平成20年12月31日の連結会計期間 連結 損益計算書 連結当期純損益が▲1,871百万円であるところを162百万円と記載 ・架空売上の計上 等 ３ 平成21年 11月10日 第93期事業年度第3四半期連結会計期間に係る四半期報告書（平成21年9月第3四半期四半期報告書） 平成21年1月1日～平成21年9月30日の第3四半期連結累計期間 四半期連結 損益計算書 連結四半期純損益が▲2,295百万円であるところを▲126百万円と記載 ・架空売上の計上 等 ４ 平成22年 3月25日 第93期事業年度連結会計期間に係る有価証券報告書（平成21年12月期有価証券報告書） 平成21年1月1日～平成21年12月31日の連結会計期間 連結 損益計算書 連結当期純損益が▲2,117百万円であるところを28百万円と記載 ・架空売上の計上 等 （注）金額は百万円未満切捨てである。また、▲は損失であることを示す。"
2011-01-12,デザインエクスチェンジ株式会社,,デザインエクスチェンジ株式会社に係る有価証券報告書等の虚偽記載に係る課徴金納付命令勧告について（平成23年1月12日）,https://www.fsa.go.jp/sesc/news/c_2011/2011/20110112-1.html,"平成２３年１月１２日 証券取引等監視委員会 デザインエクスチェンジ株式会社に係る有価証券報告書等の虚偽記載に係る課徴金納付命令勧告について １．勧告の内容 証券取引等監視委員会は、デザインエクスチェンジ株式会社に係る有価証券報告書等の虚偽記載について検査した結果、以下のとおり法令違反の事実が認められたので、本日、内閣総理大臣及び金融庁長官に対して、金融庁設置法第２０条第１項の規定に基づき、課徴金納付命令を発出するよう勧告を行った。 ２．法令違反の事実関係 (1) デザインエクスチェンジ株式会社は、関東財務局長に対し、減損損失の過少計上及び債務保証損失引当金の不計上等により、別添のとおり、平成２０年法律第６５号による改正前の金融商品取引法（以下「旧金融商品取引法」という。）第１７２条の２第１項並びに金融商品取引法第１７２条の４第１項及び第２項に規定する「重要な事項につき虚偽の記載がある」有価証券報告書等を提出したものである。 ［虚偽記載の概要］ （単位：百万円） 【平成20年12月期有価証券報告書】 虚偽記載額 認定金額 連結売上高 802 802 連結経常損益 ▲560 ▲602 連結当期純損益 ▲1,302 ▲1,418 連結純資産額 2,247 2,131 【平成21年12月期有価証券報告書】 虚偽記載額 認定金額 連結売上高 365 365 連結経常損益 ▲505 ▲524 連結当期純損益 ▲1,545 ▲2,692 連結純資産額 827 ▲435 【平成22年3月第1四半期四半期報告書】 虚偽記載額 認定金額 連結売上高 83 85 連結経常損益 ▲88 ▲74 連結四半期純損益 ▲87 ▲86 連結純資産額 748 ▲513 (2) デザインエクスチェンジ株式会社は、関東財務局長に対し、 (i) 平成２１年３月１８日、有価証券届出書（普通株式）を提出し、さらに、同年３月３０日、重要な事項につき虚偽の記載がある平成２０年１２月期有価証券報告書（別添番号欄１参照）を組込情報とする当該有価証券届出書の訂正届出書を提出し、同訂正届出書に基づく募集により、同年４月６日、２６０，０００株の株式を７０，２００，０００円で取得させ、 (ii) 平成２１年３月１８日、有価証券届出書（新株予約権証券）を提出し、さらに、同年３月３０日、重要な事項につき虚偽の記載がある平成２０年１２月期有価証券報告書（別添番号欄１参照）を組込情報とする当該有価証券届出書の訂正届出書を提出し、同訂正届出書に基づく募集により、同年４月６日、２０，０００個の新株予約権証券を６２，０００，０００円（新株予約権の行使に際して払い込むべき金額を含む。）で取得させた。 同社が行った上記の行為は、金融商品取引法第１７２条の２第１項第１号に規定する「重要な事項につき虚偽の記載がある」発行開示書類に基づく募集により有価証券を取得させた行為に該当すると認められる。 ３．課徴金の額の計算 上記の違法行為に対し旧金融商品取引法及び金融商品取引法に基づき納付を命じられる課徴金の額は、１，７９４万円である。 (1) 旧金融商品取引法第１７２条の２第１項の規定により、平成２０年１２月期有価証券報告書に係る課徴金の額は、 (i)　当該法人が発行する算定基準有価証券の市場価額の総額に１０万分の３を乗じて得た額（25,340円） が (ii)　3,000,000円 を超えないことから、3,000,000円となる。 (2) 金融商品取引法第１７２条の４第１項の規定により、平成２１年１２月期有価証券報告書に係る課徴金の額は、 (i)　当該法人が発行する算定基準有価証券の市場価額の総額に１０万分の６を乗じて得た額（19,112円） が (ii)　6,000,000円 を超えないことから、6,000,000円となる。 (3) 金融商品取引法第１７２条の４第２項の規定により、平成２２年３月第１四半期四半期報告書に係る課徴金の額は、 (i)　当該法人が発行する算定基準有価証券の市場価額の総額に１０万分の６を乗じて得た額（20,339円） が (ii)　6,000,000円 を超えないことから、6,000,000円の２分の１に相当する額である3,000,000円となる。 (4) 金融商品取引法第１７２条の２第１項第１号の規定により、重要な事項につき虚偽の記載がある発行開示書類に基づく募集により取得させた株券等の発行価額の総額の１００分の４．５に相当する額が課徴金の額となることから、 (i)　平成２１年３月１８日提出の有価証券届出書に係る同年３月３０日提出の有価証券届出書の訂正届出書（普通株式）に係る課徴金の額は、 70,200,000円×4.5／100＝3,159,000円 について、金融商品取引法第１７６条第２項の規定により１万円未満を切り捨てて、3,150,000円 (ii) 平成２１年３月１８日提出の有価証券届出書に係る同年３月３０日提出の有価証券届出書の訂正届出書（新株予約権証券）に係る課徴金の額は、 62,000,000円×4.5／100＝2,790,000円 となる。 （別添）デザインエクスチェンジ株式会社の有価証券報告書等の虚偽記載内容 番号 開示書類 虚偽記載 提出日 書類 会計期間 財務計算に 関する書類 内容（注１） 事由 １ 平成21年 3月30日 第16期事業年度連結会計期間に係る有価証券報告書（平成20年12月期有価証券報告書） 平成20年1月1日～平成20年12月31日の連結会計期間 連結 損益計算書 連結当期純損益が▲1,418百万円であるところを▲1,302百万円と記載 ・債務保証損失引当金の不計上 等 ２ 平成22年 3月31日 第17期事業年度連結会計期間に係る有価証券報告書（平成21年12月期有価証券報告書） 平成21年1月1日～平成21年12月31日の連結会計期間 連結 損益計算書 連結当期純損益が▲2,692百万円であるところを▲1,545百万円と記載 （注２） ・減損損失の過少計上 ・著作権の過大計上 等 連結 貸借対照表 連結純資産額が▲435百万円であるところを827百万円と記載 （注２） ３ 平成22年 5月14日 第18期事業年度第1四半期連結会計期間に係る四半期報告書（平成22年3月第1四半期四半期報告書） 平成22年1月1日～平成22年3月31日の第1四半期連結会計期間 四半期連結 貸借対照表 連結純資産額が▲513百万円であるところを748百万円と記載 （注３） ・著作権の過大計上 等 （注１）金額は百万円未満切捨てである。また、▲は損益計算書では損失であることを、貸借対照表では債務超過であることを示す。 （注２）デザインエクスチェンジ株式会社は、平成22年9月15日提出の訂正報告書において、連結当期純損益を▲3,052百万円に、連結純資産額を▲666百万円にそれぞれ訂正している。 （注３）デザインエクスチェンジ株式会社は、平成22年9月15日提出の訂正報告書において、連結純資産額を▲744百万円に訂正している。"
第７期証券取引等監視委員会の活動方針（公正な市場の確立に向けて）（平成23年１月18日）（PDF:112K）,,,第７期証券取引等監視委員会の活動方針（公正な市場の確立に向けて）（平成23年１月18日）（PDF:112K）,https://www.fsa.go.jp/sesc/news/c_2011/2011/20110118-1.pdf,"%PDF-1.4%����12 0 obj <>endobj                xref12 240000000016 00000 n0000001010 00000 n0000001088 00000 n0000001272 00000 n0000001392 00000 n0000001523 00000 n0000001648 00000 n0000001682 00000 n0000003869 00000 n0000003945 00000 n0000004748 00000 n0000005552 00000 n0000006287 00000 n0000007018 00000 n0000007814 00000 n0000008557 00000 n0000009321 00000 n0000009975 00000 n0000012644 00000 n0000097208 00000 n0000097505 00000 n0000097691 00000 n0000097907 00000 n0000000776 00000 ntrailer< ]>>startxref0%%EOF            35 0 obj<>streamx�b```e``��� ��ea�h`X���w�H[�Pү�����J���R��(��E���x3�6�(�n``P\�����Ȱ�!\A��w�.勒���X�@Lbg`\&	��������Ҍ@$`�E�Nendstreamendobj13 0 obj<>endobj14 0 obj<>endobj15 0 obj<>/Font<>/ProcSet[/PDF/Text]/ExtGState<>>>endobj16 0 obj<>endobj17 0 obj<>endobj18 0 obj[/ICCBased 29 0 R]endobj19 0 obj<>streamH�d�I��F��}��������*C-�h�kɢ0�������-	:�T�\""""#3""#��n?�<�]�~��~mo���e���_�ݷvYۧ痋u��y{{������O����o��/Ǘ������;����|������}���������}o��O��>����_�����}n/os��Ჷ����������	��{���^����aɗ�}}]�v_^>��{�����o������w��[�������ƻ8���O�l����h=Fn�/�E�Qt�(Z�M�yQ���+�+ꫢ�i�U��UTE�w��%C�lY#4z��3�i�M#7ɼI��D#�K�$)��L��K�$�M�����y3�ְw�1P�""��@�A����TQ�o��+\YQ��+�;h���l��f�e��m�""vn��N�}c�g��H���>������b�|{��'i_Ͼh�v����ݮPe��k�vs��Q#9��D�F�N��K""V�o����&Bf�G���B�|%Qa���VH�he���t[�����Z�S��U��M#o��C��8g��԰�[,; �mY���ء����6Y4Lړ�7�Y���""3qW����}V�I�sNX�Ȃq��W�>�sռERV���()��y��MD&����Ѯ�#@N#9W�А�Œ���E���Y�Z_FC���KΡ�}�i�J�E���5m��""�\r���K��JC�7�kI���.��ְBWd֤�7#j""l��B:/��L�_E��_��`��3�R���B�L��^""���-q�Ȳ�$e��	;�3��/��)9�^��V�l��*:D�]�d�Q�8)'+Rw��=�r��]2���I&��U��h#�""�91U˼���j���R3�v��:""e���v�l�R٦y��џ�B�� ��C�|xV4r��#�����)7j�Nx�4O���,9�}��۹=���ŖN+���1���O����(C�F��;d:���� W�/Z_�x��W��VOԪS��D����W�M��XC�X�g.?߲(NLX���}y��·�9��?z��Wl����z��2%�J��I#C�1j:�C��j�k����%әB��W��M���yT���Y&e��Y�E#)n�G&U�+��Ϊ�Wi_,��S�ƪF9d��F�9h�e�=�!'��C�4r�����Z�ie��9ɟm��5ɬf��hŃa2�\�)��c6<�?��0������uFOR�F�F�;�qS����~��;f�L��	�ۿ�(�Q����?T�SVMM��O������?�N��'d�P&���]�?4��������0�.P��WT�������p͏�v���R�U�8��bPLq^�E�G�q�E�<��\""L!�n����������]�o�{{y۟�����z��������o��]^��^������T��endstreamendobj20 0 obj<>endobj21 0 obj<>streamH��UMo�0��W��!�/rX(�]�[у-[l��п?ʒ;M��H#[""����r||F���|��#*T]jе@䯬(PXy֭1�U��9>\�����K�Ӏ�b��ޜ�&�ޚc�Ռۆ�:`K��7h�2J�88���Z�0�;""���������~N��E�,0$+�|�mk�,:^ �z����A�!JutRU�͐��=F�4üN�Q���:�٣cA�����t�o�;��*����ʃimeA��-T< >streamH�tT���0������E�Tl�n���QH��/BJ�g&�[�Ï�#�����0�ۏ	@���P2���Mv�qT�!������S�j��qMX�����ϟ���᫶��'����G�,�8`�B�8V0���vdkT������	Z�ۖ���""a����V`��W�T���i�%""���x3<���mF�����)�C�5��z��*���k{���`�ϠP?Vi�,��a�bq0�#�ϰ`oA���!����]$��;]�Ajq�]A�;�������i�����o7����}C`t�-xkj>|'��7WM�vv�+�}Q�4=����9""�b�Nh5ְ?���ZT4����N5�V��Ј�)F�Í�X=\���G�w��$�9>��*��;)�0Z��/I�Zx�=KQhJ�+��EB�#��q�[�g���N���8�Չ��@��P��m۩G'*���)�5~A�3o&����M�b��B^N�0N���z�T	�J�%���G���J�Vh�u '�b���N��Pa��Ѷ�B�� ��p��X胑�N��Qy������ip���dŊP��g��Z��6���&�6�_�""���i��7�O���x�������U6=��D�����e iڊ�VL�X��2�g�O}HN�c�&���>��4�8��T;S��\v��9�D+��b��]��֜�	0�k���endstreamendobj23 0 obj<>streamH�tT9��0�}_`�II����� �%�E�4�R�=�B��M�|$����'�8o礃Gn�y�1-�ů۟�mۺ��c3x�""���Z���>H�������eU����_��oB��J��̲��f���t�>cn���n�~p�ԃ��""��Um�X��Cb�cu�?U��,�i �E�0��	����0(��K�CH8n�A8X\�R��c��>����	�f���ᑨ�ڭe�-A����1""���Y�%q�Q���Q9���b��{D_����B�1�9�|O|P""w�����Y:HL���p`�:��t=�x|1�!O����I�2Qh�h��8'`���c�*H��ja������}��6�����6�iϐ|�p��7�Ɲ�����ѫƂ��������<�GYe���#�X+?L%h��RG����3~�2P`:��P'�:ú/7��K�L�%�Ȋerc��$V��r��Ii'��w�%�oz��8oyZL����R�_XAvI�V��>�H��*��)m˘Sd���N��3_���B�Y�BPz��+*��v�5��b]ctQ��M<��mB<�Ǳ�0⽡������Dz�H/�,s��ؗE&΁TX�>��I���p9��n��}�B2~c��!�>������0�lVr>endstreamendobj24 0 obj<>streamH��U=��0��+��#�E2(����ɶ�]�������pIqC�H""���G��L�~�������m;�|�s?��s�7�;>;�W$��@	�����b?wE����ˌ�ć|�X~]�~��R.���]�`Z~\n�;ݗߗ�e9ί�5�+Ξ�Q����ʭP�-1�'B�I	;Y�ľ�fZG&���W��q����)�k���2�r�X����;v'ܲ?�g��0��}=�Ơ���l�jT���C���~��[c֚I4��W뚋P��p�<�o�h��Ii������4�b%E<�p�ׅ�ٽ���9-A��f���5���`/Q�yKb�J�w3]�~۱P��?���XSgB��8i�5�bS�""����am�s#%�%7�G0�Ǉ�&4{P)��O/W�|���r��	v�(_:e$����҆�j�����`�jj���k��^�̑���y6r�-7���0�W<�BI�(�$��R�y�IVE�6�X�>:�#��""ViW�E���GM�$�)���d���L��S�]1��{���鎚�8Բ�U��l��Ь�k�v�L�g{���������c�q+�b��(�a����h�J�pf��������94��M��&RѴ����m9O\V~��c�'��Z���endstreamendobj25 0 obj<>streamH�|U���0����SHJ�Xl� ���)dY$i��@H�Z;�����R$g8�.��/h0r�����y)��� �z_~L����Od�!��b{��B��y�=H�r�-��~-�6,�3A�v���Y;)z��;���a�h/a�iE����BI��C���_�	��h��c�����q�[��7D.6�r䶠��x$(���$��1Fb�$Q�S�Fb���|0�����:�U�G���dOQZ�vtP�v�T��F��'%�m�8P�瀵��1p6��7]���xU��[��MގV'}��R���k��1:����.Cu��6\O�ցڃ�������3�����N(�!O�X��l���Sϩė�ђ�V�p�z�ـ �HA""l>}LY�D[0�t�,�^PRR�>?�y�$u�5�	\��B�A�^5z�(t���ks�a��q��M��fTv�����+]-h�.%\iD��cUzu�sĬΔ%�ׂ���G�C�����v��������n�yߓ�J#Tkiq�S���T�i{�1=�����=3��O�-A""�鹃��?�����ѽݺ@���m\|o�,�3&���?巼��Ƀ�~$�h�5�7��f�wX&�d�Y^)dM��Lzt���g��A�pBk$�@I���!""}G�5/��Uƹ4�3A2A2�U�E�/!};8X�7��|jo9	��0�8jw:endstreamendobj26 0 obj<>streamH�T�9rd1C�>E��%R���L2�}�t�P�=�\�-.��L��߳M[����[!�Sܭ��	�����wf�G��O0p[���os�{�6p|,x���8Š�D�r�V8F-�fxZ�ڷ���aZ:kAn�/ۑ�e�m�d��9�3��q\nÁ�h@����a�K����;��C�����P�9�8���f�b�:T=㧸���[~΅�c���@(���4�vf�u5%ĩv)L^e9����~g!F:�@�E�mf�����^�[�m��xH�&C�c������>��n����""���M�c�g���#7x����Oy�q�S��� ��ʲi�ݴ�K��>`��4����pO'ܔ�Jtp	P�O�+,��Z�'����cJ���數4�VI3�qe�^�+�hڎ+�Ŧ�ڰ���""*���)��`l���:?�A�WJ��Z�8�=�ps�۱�voc7�˂hD��1�}���x��+05&jQ,Xw]�v���2�>K�����q��X�%��ڎ�T���,?E~^-���o]0���ao��+�S��1�{���׫�������B�}���gk�v}ӡlv�`sWwsk�r��V�.��\J��A~6_��o�ng醴�e�{�v/�;}�P��|�OZC�p�]�������-?�endstreamendobj27 0 obj<>streamH�T�Ar$1��~!���=��؃���V���^f:մT@!W1�O�-s�g9�O(��q����|�SMr?�����G}�|��\V\�}�s��}�q��#�|�ZO�!1q�/���[����-��?�P~��<_/I��m�qã���C��E+��M��C!��d,R'b�_.���$�l�΃��H��y��w�ߏR�ؑ��y�A�·�4,�p�8�Cm����7�RN�v�	�\,�;�!u ���*8�NِԺ ��͊kE,M�.`�J�u���‱-����[U�Y��%,�A����RprO6/[�K����-z��@:��������W}~殅�9l����L�����m�(+���� �2�M��q��b��6���k�lV�Zu�C�t�*�д꟪U�F�$�7[c{�>I8�Dq=.�H7锚#I/uR�t��n~PFs�F;�����Q���Ts�����ֈ��D\яqf�Byfc�&��T�Zg����r�A@�m��#8s�7x=՘�rE��f{��y_�!z�.�zF2������s�j�&�p��2C_���.�ף2#���X�������mhU���d����7ʮL�`��lX�V��:R٠ƾ��}7�a�Ԣam�d9*^�,���A���H��OG0����Ru�t��E����'����@-endstreamendobj28 0 obj<>streamH����j1���~�(�%�2,{(-��=�6�]JIm����4]�ʲ�|3���f�f�%Y�T<=,�:��΀BR0��5XI�%�N�l���N-�+uO�bVq?�wR���ɜ�������������W�-�A��(6Hk�z�5�<#{R����^�3:���$�@4-Q��)�Fs�ْ2���$�4b�`GA	?f{q��s��""=���S��r��σ�YP��NU4�I���'Z0�&�3WH��ړ5$�]I���0.��@b���I��$1�ٵ��a�`)�a�1G+ф�F-�)�X�Z�:�<�>`M-s��rYr����iQ���\""Y.�%�~��f]n�5""W	)�ϸP��%g��,i}\x<���l�=����m���	�c�9�o�x�еnˁ���=���r�Me��������= r��y쿣��8߷����B��_B�J��d�n]�����a��7�}��0��U�~|���mf�G_u�y%��x�""��� ���޽��ΫK�������X���`g��)sq����������:~����+}��?�J���	Oendstreamendobj29 0 obj<>streamH���yTSw�oɞ����c[���5la�QIBH�ADED���2�mtFOE�.�c��}���0��8�׎�8G�Ng�����9�w���߽�����'����0��֠�J��b�	� �2y�.-;!���K�Z�	���^�i�""L��0���-���@8(��r�;q��7�L��y��&�Q��q�4�j���|�9���V��)g�B�0�i�W��8#�8wթ��8_�٥ʨQ����Q�j@�&�A)/��g�>'K����t�;\��ӥ$պF�ZUn����(4T�%)뫔�0C&�����Z��i���8��bx��E���B�;�����P���ӓ̹�A�om?�W=�x������-������[����0����}��y)7ta�����>j���T�7���@���tܛ�`q�2��ʀ��&���6�Z�L�Ą?�_��yxg)˔z���çL�U���*�u�Sk�Se�O4?׸�c����.�������R�߁��-��2�5������	��S�>ӣV����d�`r��n~��Y�&�+`��;�A4�� ���A9��=�-�t��l�`;��~p����	�Gp|	��[`L��`<� ""A�YA�+��Cb(��R�,��*�T�2B-��ꇆ��n���Q�t�}MA�0�al������S�x	��k�&�^���>�0|>_�'��,�G!""F$H:R��!z��F�Qd?r9�\A&�G���rQ��h������E��]�a�4z�Bg�����E#H	�*B=��0H�I��p�p�0MxJ$�D1��D, V���ĭ����KĻ�Y�dE�""E��I2���E�B�G��t�4MzN�����r!YK� ���?%_&�#���(��0J:EAi��Q�(�()ӔWT6U@���P+���!�~��m���D�e�Դ�!��h�Ӧh/��']B/����ҏӿ�?a0n�hF!��X���8����܌k�c&5S�����6�l��Ia�2c�K�M�A�!�E�#��ƒ�d�V��(�k��e���l����}�}�C�q�9N'��)�].�u�J�r���w�G�	xR^���[�oƜch�g�`>b���$���*~� �:����E���b��~���,m,�-��ݖ,�Y��¬�*�6X�[ݱF�=�3�뭷Y��~dó	���t���i�z�f�6�~`{�v���.�Ng����#{�}�}��������j������c1X6���fm���;'_9	�r�:�8�q�:��˜�O:ϸ8������u��Jq���nv=���M����m����R 4	�n�3ܣ�k�Gݯz=��[=��=�<�=GTB(�/�S�,]6*�-���W:#��7�*���e��^YDY�}U�j��AyT�`�#�D=���""�b{ų���+�ʯ:�!kJ4G�m��t�}uC�%���K7YV��fF���Y�.�=b��?S��ƕƩ�Ⱥ����y���چ���k�5%4��m�7�lqlio�Z�lG+�Z�z�͹��mzy��]�����?u�u�w|�""űN���wW&���e֥ﺱ*|����j��5k��yݭ���ǯg��^y�kEk�����l�D_p߶������7Dm����o꿻1m��l�{��Mś�n�L�l�<9��O��[����$�����h�՛B��������d�Ҟ@��������i�ءG���&����v��V�ǥ8��������n��R�ĩ7�������u��\�ЭD���-��������u��`�ֲK�³8���%�������y��h��Y�ѹJ�º;���.���!�����������z���p���g���_���X���Q���K���F���Aǿ�=ȼ�:ɹ�8ʷ�6˶�5̵�5͵�6ζ�7ϸ�9к�<Ѿ�?���D���I���N���U���\���d���l���v��ۀ�܊�ݖ�ޢ�)߯�6��D���S���c���s��������2��F���[���p������(��@���X���r������4���P���m��������8���W���w����)���K���m�������endstreamendobj30 0 obj<>streamH��WKl�W��g�=�g<�=;��8~Nl��<켚��&�XmXU(�UwHH���k4eQ����VTEE�b�o���?�7����{��{��9���MqsW�^������y�^�W�xPsr�g��پ{��~{Ӊ�s=_�������W/���{�q��֫'>�\tH�]��?��M�""���{�<��⃆|��y/^��+[����y���[�_Z��⢥�D������?�-��;���뷷���_��r��|�w~yW����Җ�rei3.+m��M���)��6�d~7�����N�f\F��m�5굍v�֝Z�}�F�}����n�>�l{��\������v�𑍕f;""L?�Q� ����>�� �	��_���Q8(|¸0�!L3LaJ�*�iaRf�OC�&KaN���F�+e���B�����.6H��ղ����������f{��¢r�����k[b�������vy�]�9��Vf���H�}��[�V��F��m����8�Nψ4�Qi�c��֤�K�/M��4��&>)MbJ��4��ҤI���&ې&ה&?+M�4�9iJ��-HS^���$��4�ֆ�☸r����U��W�cp�8\9WNu�r���+g��Y��W6��9�r�\�+��%��\�W����p�y��q�u�Ç;���'n'|B^���>��`A���ƈ��(�^��H���*�� �oД C6���7sF9~�4�>�>H{	#׹R�v|������o��$�����n�zI��_溱��M]��jd)���q|��?o�>�=�""�,��FG1,�I�~�����<��ZL3v�8F��_�]a:؜�#F�?����^�����ycQ�zt~���0d�q�9����]�j~�F�m��݋��j���@��؃eC#�M��	�f8�,�4i�P�3���]h���f�-��M�Ks&F�Q{v-ճ��#�q��p��Ov�����ɗI�i�9���)�	���̧�e��&N�G�Ș�W��1�3����Ɔ֣���M{>k��`�qG͚�Z��h?f� j|��c����V�~i�F\P�""����3��yTOבpA=�������@56�fy��ǀN9?���2���v�6{���bܬ�L��&jc�t���(W�4}Ls�+F7M���Y�.�a֡�w���s����E~�	���G�""��=K�3�#קI�7G?�M����ҿB;�yR���:%�A��,R9���˂K���`T�b.t��9�[���$}M��>p��G����x���o���ؿf��0ވ�+S�]=""8D}�s�k� 8�;���&�0ҋ�U���}g)�������4k�*�8�o�o2&8/ZÖ�㖡�ޝZS��i�:�.�g��h-�&�Z�g��H�q=���G��W��Z��f���5�ڷf�4�ujȘ��s��D�ػ[��O���a�H���t��'�7P���[���5�3zQ�v�{�v��\벽��P�'�7���fo��X{_��;���b��@Ƽ,t���QU;�������/	��Q�<{8�w�����9�9i>a�N��q�u�S2\kN���SϘ�gzǏ2F�{j{�y���]5I���>MY���=����~����e�?��A�=F/��x�LN�ڑtA�	紭�$n��.8Ϟ�*�'��w}��Y����M��y�쥾����_ߡݨ�Q�Ι����_���G�y�%�kX�y��<��b�ǽ�7�0�-x�������o�M�-�8�)�~��_g�~U�5�Z�uo+���~��Hf_#f,h��s�e�k����n�⼎ټ���jm�{�.b]�͹ �mΫ���Bu�*ӹ��#�8��s�y�2W;��Q���=i���s{�s�gR���?��y��3'J��1�c�a��-�!�з�.8%�(��������O�-����Ӡ/�Qmƺ��2n����x��q�[��1����4j����i�>f�O���x�͘�t[W҅�vA�?	a�)37�L@�1�c�y��h�=^�_�P.`{�����(�+�����ј�^��_�k�[=��V���=���j���C�1���cW>e�0����#����t��w�g���a�=""�_�o7�%V�g�g��Kh.""��Y�u���+�o�Q~�s����^��:a����g�ݍ�!�x��c.��V�i�{������M���7L�����(e=�}����?d��m�Ωzg�xh^�{�L�^I�4�y�0��	�|������;�����6��~��L�wL<�_������P3�H�;��5�����""8�uv?ײ��%""I���.������m��9�7<��+�sN�5��;k��څ��_�]����m.y������|E~�9g���!�E����a��y���2��sW�y��G2�Z�nGG�/�<�ܗ�g�ǹܑ�f��&��I��J��)�����/�-P>���G�QCK�]�m7�o�k�\G��P��q��Č���T��5��5���{�v����E�skn����<��FK�������?L��Α.{�D`}��E���RV��m�<��i��l�\�M�:��=??G��Ȼ�z~N~�s���oy~>��o��&���G�����C/�������N��)�G��u��X�:Irm���4KhΞ��)��#�Bkd���c���lt� �l��C�DMҾ��j�f-�4�""i���$o8�M�����w�v�W�#��IF��(1������9��zO|i��V���ϣǃ����OԜ��1yS�C��F i���.���>Ʊ���c�����Zó�w��k��Cto�->5��R��&Z�H���5���'�����b�W9G�]�\�=�i;�6����kQr{G�>K/��1����ܷ�v:�[�L��#����8b˞�Vۗ}c+��O�ĝ���k�M�D���/&���of�cߔ<�{1A{=q��Aw�n�W�	�g�]x�*ϼ�Z���w��n�Fʚ{�Y��Z~�_�:%�W{Y�3�������e�ZW�ĳ�o��ڛ��۲��O�{&~�t�|�9���5�q�񛝷�Ǟ�߲T]�U�T��Χtk9g�߼���є�U{����ݖ�1�OƝ��w�Om�7O�4/���m@ۣ����M������h�� �2�q'������_�8��Y�g�y�w.)��\{�r��{�����)��_y�����8Nَ������U�����_G�/����_Ǝܿ�3F�Ex��\8�lD�f���ox���s'aVw1����A� >�4��3$n���}��}��9��g�y�k�\���yt����k�z���l��os�UyϽ�L��xp�3��ଳ�b�O��)�o^#t@>�Dw�G\�D��ct�?�k~W��g���~����7��~(4��G|�̾�0ī]9��*;���6���r��?Xg�rޗ�s�ތ�.�o���7�~�'��41*��W�猥u[1�=�����Y7ȍ.��۴��_O�c{�r]0~�ֶC\�o&��g�3�x�����^���c��i�c[��,�l��#ӦG�ݫ�F��5�O�߲�7h���1�{,��~��	Ы�P�`G~�q%��l���	��G��""z��:�5��y!z��W�·��޾/���]������K�{�ܶ|��e�,�����c:t͹�^׬c�S�9l���P�C��J�+�!'���;&���~K���E������Y��kݡ6$.�t����{3��r_Gƛ��+�][.DY]��Vnsו��W�|z�Bk��!ƾh�k��� �{'^�c��X�އ�>�q�[��ZZ>�=�gȏK�e~ֽA{̉G`f=�c|������݊g�[t���	�^��tdv-�ok�%� ��3�E�g��q�^���7q��N�w�9Gύ�9�3v1�oC�mԽ$r�^������J��2���gt�����l�ql&wVھk����U&�yŮ�h�*�U�d;��M5��eL�˰Ӝ����q\CV��z�=��~`���8,b�S�y�o�(�m�4�}�}!^���14G>�ĶJl�j?��8v�<6C�c�s��;뎣�0+���֍����w��-�}�fuE-��`����ḥ����Z�sb{��/��-�~��1�9��~�{���P�݋.���;W�oE��&����Uj�|����;�_bl[�X�Y��Vg�q��a�}|�`~H�L�[�m��m���F�M��~/\�����E�y�ϣ�o�Z�A�5�:�؎W:�1�\n7e@�]�s�}��G�+з{�w�?�w��E����z�,���F^tp�1n�Q�N��""�܊k�];�=��O���O��>�#�����N�!��{�Mˏ��|�^�V���m�7�ʝ����g��>螱��2�\��c�:2>�]x�ߺ=��.���|Ve�6�s�ń�����U�7y����""�������ƫ�+r[N�C�� z�^�#�Ao���oד�oK�<��>CN8�8v���O��֐;w����Z���<��5�SuY���<��Om�`�]h��k��Y��a���@��BӃ��Ѕ���5z�ß��{�����$�����\����F�?\�G��Ĝ}�k۴-��#';>��q�C'����}j.v�c6�+�>����w��}��6�Po���]� �2q�}d�!*b�g�C-��n=>����>�g���:YF��}��c�9E�%��R�g���R���b3XC^��!�~L>q�GN��GcA�86+ot��8��vLl_חΙK�FE����-��2iZ�6�E�/hb/ˉ������+���]�qZ͇ro�|.��&������;D���G�{��k�""�@��s��Ш��p1��f�LvG�(�p=��Ië2�v��.�덗���?�ET�a(U�""�d1e7�O��+��{촏lG�o>�+�9���1��z/��r���T��u��t����`���-���F�ɎK���~c:���+�i�x��W٣ӹ���0��h���4�s�)]�k���q�� ����OzLj�k3�}/�s��}N��9�Z��$��;�Kr�c����\�ָ���v��1��zb�|�D^��4���_u�_Eú�ŗ�C�_�A�l3c�>��a��M�_���}�k*4�\���չ�����4��vu�ľ��7���Z���N��\���ڔ��:K8�7w����o��az�ce�����X�3�<%zη�ɾH����Y�]N��m�{}c����g����Obǹ��F���y��Ӻ��ק�\SN��lc9�^�9��t���Zs/�\����GΌc�?����΢�~�����w�9�[�@��|���8����ȱ���9���cԼ�)�;Ğ�Ew�����s]5�b/�%�w��`b�������d�����X���y�ɝq7���p�u�>�k�1�}�|�pϦ�o����W��5}*6�Z他q/zݢֹ���:�(��6��w���ʹ{T��]|�{���������D�G�I԰{��=��Q���@��m�'��,�ߢ�tb�Ϭҥ��1��v���I'�����u�qK��=��^w�e��[�����I�G�]���{��.؎��ܿ��Ȏ�S����h�^�ؗ��~;Թ�։�[�vޢ� f�s��I6��s�x���I�~{�'��.ZS�E����Y�/���5�N�&q=��S>��ݱ�y��;٧���}>���ݜ��}��)њ$g/��������f�n�%j �}��!l�X�9�m���r��=����~�y���7{;��C��&�ѱ�YN��y-z/Qq�1?��%����9�t�=*V6�pē�I""�8�G�Z̻�}��ߛ�!��������XΚ���ңd��7G޹�%��e��G�g6�?�������/����O��9{��#j�gXt�4����,�'��=�xo�ڠ�1�e�����O��kI�����9>��Yw��'�hk<�hY�'�n��@�Ӻρ[񲍳}���2^�1ݙMb��]��섟_�}�er�v���{����և=��$���h��ǖ���d��o�Y�kc�3�h:������͎S� �{��/��a���W�G�}��ɇ���""s/^g�qM����~o��Y�5�3���6�y��f�/�Qk���������c�}Z�I�p�sb��9�>���x�k�Y�����q>��6��M���:�ر�-���u�n����5�y�W2�kZ����=��3��9�r������s� C�g�Bˈd�}���<7h���F౜W��������������sZ�=q�ƾ�N�x�l��O[�-�~�?���r��F���8CL���\Im0�{T������{���~��&����U��m�>ޢ?�d?4F]h:]D�}�2W�4&�9��$~�F��Z6tm��~ӽjgm_��>��v�4�;���po��-j�>��H�R΁���^��Q��q���=���W �i+O�7���_��V�:ߵ�ӹ�{q�G�:���U�k�Z�se>]�u꣝�͇��6�96��y��,�m�w�!�q��	o�����(o�(g�Ï/Q�g��������Y'�5�kZ#GK�w�� '��\��1�ߊ�Qk��S��MzP��C����ڃz,:�%�vq^qn�5Oͺ���ǲ0��z.����������,��^����u�6k�ύ3�94dl��v��_�����'�os0�x?�9���_���)�}$8��������te~(�L�PΞD�=*��{ڣ���1����{����ۦ""�I|�sJ2�O�x�8z��W�$^���4��&ݬ��xƟ�p�_��)���7ӹ�ާ�w�=���x��y0�u!?�#��:I>����?�5��ݳ��c�}�}	����٥�{T�O���2Ӈ69���<�h}:��߰�O�GD�˓x!���k�g��I,G�U�����c_�����_�y�5�N���].i-���*�|�=ck�%�+���=�Ƚ����R�W��eN=���/��!ݨmԞ��_c���1/ڟ�^��qI���-�^��k�Ƥ�u�1�������Wb���2���d2�Ur�z/c-�LȌ\��X�Y{��?䲽.�>�ޘҾ��$zk�1��/!��;������}b(6�&��x#�^a����/̚�️<��������������>�؛�>~p���{��D�v��s�9�����8�X�|�a��4�ܨ;��s�{��.�#��7���α�޳o��m�>����2[���(AufJ�!�cݪjh7c���/�����E�BK�ƭ�!)�Lq���6�k�~N�?�����A�{��}ݡl|�����l8�y^Ǿ^rϒ��s�9ۗ�9�]��;F��=Ş�/���ˑ��}_�>Sc=i2�~�n�`��s,[�p�x_���C�����Е6�~���ה����q_��\�]��]�-O}�_�g�T��{i�={QtƸ�q8cWھ�G>��\���K�]��7�tdЫ���]��gً|�stpf��Q�PW��ԗm�g��b7�.�~d<��=��;���q~���k?{k���ײa�k�z#��^�๕}�����([�z��5���#��	�""�n҅���س���ƪ��`�6��Mo�q���5=5͝�>��$w����'�߮�̇�d?ˆ尥u����}�۵�\L���{��Y���%�K�:�����_��x~�߿�-����������%�Ƹ��Q���#���?��$��L��V��e΃!h�������c��{%��6��8|}m�1J^�;��З3�s�9��o�����<5�,��*g����������'�.]�yδ�Yk��g���)��>6�O�x*�wl|����x�s][�������^t��һ����w�_y�M�s)��5��Z�wY�8��#�r)[?N\l��^b�!�7��6�Jl�/k��^��)6̖���Y���o�>~�W��Z6l���;�+�K�cȽK�,�z+[n86S���M:���!��f�Kٟ�yym<���x��s""�91��x����`Ng.��?9s�B7��gg����a��=�}���Ϭ�E��/t�tC�3[��*]�)g0~�|p�z/�g�<��v��Oҳ~�ʾO9��+q<�1���n�y�����#~w}�����(٦q�߉��t��up/[��G����,y�������O�ŵ�s[F�[6y���H9�=�s�z7���w:�g\�c����V��dp6c]�e������n�+q,����=|�>�L�ղ/ѓ���\��Cg%3�0�b~0����~�5�>����x���v�WG�""���}?��|6�2J�c���Yd�y;i� ���Ґ݋��tO̼ 6�?�l�;i�<�'��ޗ����T���&9��MO@�\�>t�į)j�M}���e�s���6���;]���t����t^`_�W���8���)���]��(�����9t���{Ǩ�Q��pS�X�>����e'�%��E�Y��.���!�=�9�E|Ʉgѷ��k=��z��%��y�]9s'��|>����ܾ[���7}��r.��n�s���3�k��X8��v�@�uZ�U����c��,k�L�a���:ԧ�W��Js�m��{鳼^2�'�壞C����L��3^��w'9k�gN�s��Y2�#1�E�9���m���-�X����=���$��sb>��8��R��X��(�_bo�7��C� ��>��~�5��q��l}�eO�r��z�""�s�r���^���T����>��g1&7������Ɣ�'N�ƫ�_�f�!�/��^<�9ǿc��K���O{m�󃾆͗����y����9�%mƨ����c��ҝ���-|�4���ة!+��ucS�P|n?�!���>s=�,}��7�m��y�Nq�[��r#q`�g}�:�.e�+�D�9���2L���2~����~?s|Oe�1�{��*��M_6�&������v��*��}N������ ϼΐ�lxV�E�*ݵls�|sO]������E3Vy��O�{�繙��dt�ko��Kٰ*~���/�3�)���m��t�i�:�1�y�[��A>sn;��S��4�������̛���g�>$�q��n�'��wD˴-���g����>ȕ��ϕ6���}�:S��o:��>�����2Ɠx�;|/�LH}�љg��Uڽ���yWj��s�7o�g3�r������r������?9O�z�9�[s�2�Ar�t���}��E�~��9�ޗ����9�;�g��W��y浇x���j���>�w.�;�%��7h���%�M��v�K�&&�5����wn�I�c�|�}��iy���I�5-�h({?�C�����(>�כ�c��wN�1<3�nZ���?����`|�Zs�Y��o���ە=� k����w�7���>���G��mY��~������eoë�����$���[k����:���՟�k�0����!yo!�:�h���7��^|ز�%���]�g��f�~����C���7��U�s⩵��oZ��m�M�7���r+FQ�����{�T6�No�D���y��l��T�g��=w,��-Wɢv�6KX�*�'ѓ�_b�]�y'�/����R��>���ܥ�{��8�Oo�ǾL��{��Q��#����M�F/�ok�e�e[t�5�R��1�������� ���N��W}?���#3��!�I:�e������D�9K�%�V΢3�5���5j�P��:�'��x�""_pg:4�?����1_{^�U]���[��Uړx�>W���N����I���(�cC�9�{��]yo�)�ci�-���Av�����GW�~An���l���K��Q��Ek��נ���;s�:\��W�m�6������/�N\���$��;��U1�D;K>u4k�/������G���׋�M1q?��s�ozCk������L�g���`.�|e�{o��!��E4)�#;[�5�{�� c����m�w8&�H/Ɣ��߹ȯ�h�i�v�$w���N�=��{��ʫ�;���gn��23�$�E��hp��`i��*�Xj�\K+ P!�ä�~�7��/i���g��yV�Z��ι�Ͼ����|Ut��w�oT�U�<_p��{����ZRt{}���ƀ�W)u������s�������c��!�_�)�7]��S������R��<��[e'���?7��b����>�������9�|�]v��m�_��v��D��r��Y�X����{�l�������<#�{E�mo��o8�|i55�Z�1�E��6�����{[o2��|�J}��dw��o߅Щ�^�������5�z�~�3�:7��}�;Y/o�˻�v����[�v�3���^��R����FY���bwm8{�Rk͇e���!��w7�gv3���:�����R�}�i����s��[���<_�=�؍Y���^�����Y�?y��s����������ή�vf}�~��Av7_�/�W|�0���}����io�y��wvWu7��y{x��1ӻ�J��x�E����}���CU����/1���eg[����慎��;�o���=���>c��:~�����γ�!�O����̆�x�\�냽5̶���q�����ȹ=9w�����|1u�}ƨݩ�����w`ŝk�}�����Zʮ�Z�T��l{c�����a�ez�QEw�\��t��߳��59�x��'��E�E�_%t���h|}n�:qj�����,�6f�����s��4��&�@�S� {3��]a5�ld�n��oA�˴_�����X��o}�=��͏��L6������;���N��:�x�M���s�Q��{�8$uǨ�\�����d�=�pH�j1�ZE>�[�����y	x��I2�� �c�S���{��{����=��\���@�)�9����/`�;P�'����w������[��A��A�7!�u�+�{?�Y����#w?�=���*s�MenB�P�� Ϛ���{��[�G=:��z��>�}�aߤ���.9�𝉎C�u��2���!�utC��4dY�5���FӘ۫z�{Ő?���v�x""Z9׫N�c���Z�:�`����4��g�4 ��B[v���[@�P��83�'�=>r����E|��gô�:�p�6�-�zZu��!����8�@l!�*w��ʽ?m)��C���-�x��A����}�O=�NiL�β��`�wpן�$z��>� �s�{>����2��C�7tO�Bk@	�R�̆�8����џ�FY�o���Qƺ:x�����|_�� �9���:z�Oa��8�}�kI�;�b������T79�ߢ���E����`�m6�G5���e���߫�23��ǁ��ʻ��r\�fE:(FK�f?�~�4*��b�a���	�""���ۤ9'��/����oK���)�yDi�����Kz�������}�{%�~����Y�G����&���;%6>��߂\i~����������a(��F�ek8����J�����l��?��ܐ��`�X��ڏo�wF��u��DL��J����Kⱆ���\3���]���w��s=�0!�/������EW�;]�{�>,���쳆��J�5��z�E�c���E���6sL��n��c}�Z����e��B7�A'4Nꪷ����B�W5�e�I��#ֶ৷��n`�5��y䄼���U�4�+�+ȝ5�E�Kg�>֜�䡜怄�_K�ڼ��k�k��""���߁��y5�0|�-�?3��@�{HrF�J�X���|o`�I���*��}y�N���/��TY�j���u}""�u�#��Jo�oS��_0?}��9g�GR+��{^��U?9�'2�T=6����W�,��h��""rr�+\b�l��]�A�󪛲�����hKkCe��c���i��U{p�QR~ҿK����������ڤ6�a�X1�o��Mw���]�`!�H+30�ڷ�﫤絩=�/'�/�m�yW���{�������e��������w�3	��R�㏨�o�I��)o��䅹�/���TRˊ*�P��>��>����y�Q�@��Ԁ2��6���QA_P��>�)�_����.iݩ2V�wEK�Q�X��W�1��{�NW�.����=����~Y���WP�:�������3��k���xUoY��N�����~:@ȹ�.��r�S��W���������X���p��u��=�x�Lc+�~- �;�~I�����?��{��}�q�>��ǁ~����I�����H�*1�K=����5�ѐ��-��ܻ���$ߝZ��J�s�{-��d<��W��I�\k��;�`{.M�ȓ�7ɛ,�wQ_;?�4�Ʃ�.����ږ/�wH段�m��0��=b�e���ϠM���؝���a�""9�߷�w�����������qG���2/��ϋ�����iRm�,�e���/���K��b��5%�s�4�Tm^r0��]@���u�9C\��bo }�<���/� ��*�?ﾻ���{����AE.�""���袘�F�ee��h!yA/��Ȣ��a�N1]H�a��i���qj�#K&�1���|������+8C��w�s=��<�9�?�*ύ�1�뒱������n2���O�؀���T����1��o����'|����1nG�}1�}��{��ߏ��N�l̯�JpV�T�MJ�ӟ]��Xr>{��[LȖ?f84^��)��*��9M��o��ɩ���� �o��U�UٮN�k*��>�ץ�/�W�M�O�K��v��g���C���4p/����;��@m�]���A���`dN0�WӟMʉ��d��v�q��?�o ���O�N��}��cQ1���4���u]]�׺D{��Z-����X�3^�l��$�T�?�����bM�^��;=t:B�t�؈d'�������7>�p�������#�ˈƷ���b��/��W���/dN�sF;�7k(h�7J�;�n3��ĺ�#~���?��͠�~Yc2�]?�m�u���&�ӎ����q풱���X��q�����~��M9�T���.NE9Wc���_�����˳'�-'�|���|�F���|��������S]xa*��1mr��5UǪ�:-�����F~��y.q���t�s��S��E��\^��Ǹ��t���}o��<���b߯u3|\r��6�P��l�r������kվ&|��w��K���s��u[�Fv$dv�\���9��i>6�y]������8�c��c���y�v��)�ƻm�d�c��;��L�}S��uLJ��ϩ��zp%�*�M�������&�����l��:��X�����|~��)�9�����}�~6q\4�����p���<E�cU�(��^��uk��[�/��:������Q��;��z����O:ͤ=��RQ��cbD�G�}�����}rjt7c�C=�5���mCx���`�?�F�F�#��-{���_������t�������! �����4�%�+�{��{�f׿��a�_}�XN��^��[�W;�z5�Fd���hg���#��%��/C��(ښ�c�D;��[̦?��a���s�oTr~^�?Tk�û�3�7������z������篐��a/co��w�w�����C��������{	{�g%����]�s�o�����������C���>`c������$�vc��c��M���f���F�^o:އ_����:�^��^4=�~��{ӧ������̏����p�Z�i��m�����C�S�a�;�0�>�Ѿ7L4;��w���Y�P^���1���y��O�y7�=����)������9�L�'��|Z�yniH���r�r~����γ��ý��|�����o[�qvy���+��r���C�+Q��;_�u������D������=�u=V��;n%.�Z^��t.m�&3~��9��q�;cZ��c�]��~S�1]HEy~��Q���&n�pO���!�`;�~�Wi_D�m!Vt��#n�e�U�%��{�2��""g+�4�o��<&�����TT�Z�O��[�����G�ׅ�D/e������w|����;�������n�v�ï@��B�o�wH6����t�������o���(j�8�=!|��N�Z�t-XV���D�{7s[�F�,r7Cw0�(x���`����l>�6�@W�����q���<�b��z����;��}�i�����#`{~������M��~ε���Z5�����Y�9��g���'��I%�kA����novL������]�~��5�=)��hO���bS�������n'T6|�X�1�t��\Ϻʹf\�������g��/aw���6�%��qt#<�w5��_�/fϝ��c:��t��۬�(m�s�G�_�����,�^�<�/g�""�u�LcK5c�hW�e�?��,t���b��|��_gXc�δ<���F���`~�]��X�7�:�0=g�O�1_���n>�b<_޿;c��~��@g���""�Bxt�[��;�׽�6��m�n�$!��sf�i���!�_������-��@ט�s����B�^c�Ag�����S����������-�P�{����XT�Xn��i��o�,��j����E����7���T<ۡ��^��������=Q��/s�mwz%{D�rdu۽/%tht�e��^�u��3�x��;�{�Z�K��2��R�Y�ѯ9]d:5��S��+���*�s�1�o|�u�*�������D?�?�~6������l�J��LV�<]8��_��BXɞ�C7C�m �Rԅk���3�Z?	Ld�-ȿ��	�mO��AsXΩ���p��}��ʁU��v=� e}�&�y�K�j�N��g����Q����v����;ͩ�X���P}sz�m����׻s���p��^��.=\�kڜ�,0��M�Z�A�[h�20�eO��D�Ւ�d�>g5�<�U��ob��;��;���/��""�9�\#5S��jp]c{;��5>7�!�O�����9�o��3	_�{����n����u�l��k��Jp�H��N�����{⹹>v!8)1�Y�G��:J�<�k�Eě�p�L�m#�䷫��'���۪��ѻw?k{��-���y���rB���Uv����M�c3Vond�S�[ew����IQ������W]������E���\��Kx�n!n�>�l3��0_�1R^U������;;;;�3����.,�R��H�V>��Z�T)J����T�b��Rl),�R(�K)�P�CI����Y�����D��1����ܙ��]>�����{�s�=��{�9w`cF�J�@���٭��b���/�R�E;�^̢/�%���8ך��[�ԼR�D�Tb�NƧ��A��Ie�\qP�z�ڹs]����y��wԏY�h(�?K,t��*��lk�m��u�vOA��7I��_�LGK��hR�BK�2u��@_�\dԪ<�ߥ�>�����j�r�͍I�]\ѧoS�+�n`pxh2�1��!�}V��X�_�4^�!^�����+�_�8m�+R'��F^��=oA�a�5	|I�M��Mz���TҷX��J\h6���Mj=osYB��lX�3����oU�> /$�Z�HI��et��#D]�&o�<�75�0�[�6�;)�U��(��c�<���W\A�m������U�3P��z.k����lm�z���y���B޷�ޯJ�Pc��s�'d]��Z5�Sٓ�k?l}z����,�����~�}��u�ޭ1������;�zI�5|�FG�1�=Ӻ	�Xkc|;��|#{-o�s9��]���O$��1G�6�/f�˹w������Rs��Z�ٞ������%��׍�w���4�8��|c�d��r��T�8���l	�oIY�8�Y���U���cE��Q�G\������e���l�߆���ooIm�k�ۯ4��_k��({)��<��Q�9��&�7R������übߧ�̘'b��87G�H�����x���|Ɯ.�M&�XH�P�}���3��Qd4�.���,�E]�Nr�s����l_S���X5�G'3>�(�:=�\�Qmo�����*rn����!uc	'������IM6ݳg$��1��P-7��-�����G��Uv����N~��,�:5<7����.�U�Uݮ���*�s����W����|�}]����|�P6i�&���r ��i��+j�v�%��j&�ň�b�[M�l�F�g2�|�����h�_������8�΢��^�4���u]����k��\��J9��O��㷝>������?R{4T�X��Z���0nv���k�zT���~�a�x�ܛ�KYS�?�����%m*���X���:��p9��1G	RD��I�����	�-��*Oj� �6�A�k��.q�mn\��k��+�-��%w�m3��Jm�4�1WƊ�}<�,*qv""m�����r%G�������[�H����pQ`㼣9�)��ԱRgM��7�Ҷ5�v¾y�\�}��9'��y������s���#mb;ϹE������N��:K��M�(�ل�K�q�gѽq��~�<�������C�}m�����H��Q�N��)�=�c�����Ky�9���:��>�{�@�m���ͪZ���	fҎvΛL���7�t1�k�>S� ��_>|!�o�ٴ��/�E�k���ʕ9�Uu,p����v��9b��f!��7�\���V��RF�2�B��(l�{��V��������c��}s�3�6�����ƾ�D��h�c�?��|%��d�&���c��C���F���w����:�C���о��""��@�^N����p�=�\�|�:�9���ʶ8��.�z���K�4Ա��U���y�w�˿���a�/C��H�j2e����j�y��D�������h�������}�'A��^I ��Ԛ_`�=���p�o��9���C=oR�/1��7��v ����.��#��G���#n�Gn>�u/���'z��o�{#��Ĝ�n�?C��sS��ʾ�!'�$�ߧ;�>����UN�9e惧cI�Wm�c�Cه���(����Y��:ί���KF���8�z��OBf�����t@�J�'���A=K��U�5�3:D�OA�9Ȼ��;!G����s�����v���k���ӻ=_ye�}��if���7�h��9���G��n�y�k�K���}�|\[$���A 1^b~����K��a����i`?GYI�jg[��]�3�����{�K��%�������0�!�~z	�]��Ə{u^?���%܉��u�����i-�b,���K]�ogb�v�9������aO� d��U!s��\G�E�ǈ��i�]M�������=l2�q����B����0&�?W�[@�0/��Y�-�w9��Q�x����y5�Fk�y���!o/|%t��ݤ9���������k�ߍ���{���}�{�õ�߇�����CbS� |�27�v���+�?�1""�}�y�kȿ���s�����ޭ~�ǘ���Kjk���4<�rN�I�l��%l���ܙ��ό��z|���w���K�w]�0�~q��G�uq��x��D�����,&�^.����]�<`�>C�7��_B��YNY��{����@;d�j�A���|ʐ5����K�����-Ю��D�F�Y�e���d_�昴��'�����ȒJ\m�:��VN�dʼ�\���D�{�4R�	�7ӖFOg9�����<�;)ǽ���N��������s���;����}��ymA���59�*�""��Q�aO�%B�UP9{r��}̛��s�#�=3��t�p�������ww�R�C�ܩ9��G��,�:S�}� �%2D�>4��Hh&�{�ʽ�}	I�yh��P���w�ѝ穴E�UbF��Em�H>9��SN_�S�A%n��ʿ�(ou9ro��1Tο���wd=e	�&u>w�,r���v��6�wJ�A+Q����z��!?������*	�$+�����YYY�U�U�Ւݕ��ٵtWu-�T���t�m���#s�A�8:�eă�� ��� h�3��8��D�K�sP�Q�� �[�^��*��������o����W}d�+rk}�����fc�$��""�[p��dT��[9_�]�\����[����;���qlW�x�yD6�OO����{���>��s���cg_�mb?@�(�VΛm&�ɘ��# ��x�>�rm�q��X�X���$�dc)�|�k�f1����.�﹜۴�=���:���L?��E��""j��9�RA��B�Gi���ڨ���b����O^%2�V!������3�����&^�߻��.�9��K�l�Yܧ�kϠ��w�s��nf�|��\½�?�a��9��(b�x��""ƛ(�#����ŇP������~m��^~~q\F�ͣ��h'�{����tȘovqo����9����c��r�U�)���0�LFy��{/��<��p�)�/jD�ƉL l]��Z���d��xa2���'������z��C�x�n�wW����̚��4��ͳ�Za�L�5S%Xx�aJ{ս��0e����P�y�[Є�K���6,�ށ8��*����w/]d�>q�5�ϱ��>kvwX��Ś���Y_c͠ρ���q�X�5�O�I�D�4l��{�;���3�����s�����_�Kp1�A�gɗ@�e{s`�8���*����������l,`W��\�-��#x8|���c�������4|��3 �kv�x��N�P�3�@�LI�U��*j�LPdE#�(�Տ:�z'���������H	��2<_c��|���c�Om����4����V���A���D�I?����d���^���Q�j�J����W;+����k�բ|wV�7M��L3m%J�Ҵ->5���SJGXo�������)��3��""���l��������/�l~��	/�W���'�$�����̓�K/������ß�gЇ8',�r�u�&�~h�)B���~'�]�'�Gأ$�H���tZ��Z���j�B_s-�Iry-T��mZ��I-�M���%r����$wBJ�~�-g�4I�BS��<ٵ��H��q�ش�J��5)&I$i�/k�*ͨ$'K��p��4�dS�&��\!�Uy�����pV�h�a���83l5�,�0]w¦Jd[�����������|4i�S���Te:?������C��6?����c�i���7��V��@o����|��[�Z�Y߈��d����8�F� �_�����+��bO8�(�ÿ�o��*��h&s����Inm9~.ȇ���$�c���S$���je�ty�rp4��i_���Z1�Y���2�9N1	�m���K��Z�9MQ�ɒ,)N�&qy¶%{�f�5�.��z�r�'�ƨ��Zi���R��.+��J�T�Qo.�����{;�wոu��4$XG�����j=��X2F<i��n��E�9���ǖ��Nm۠�3,�w,3p��H�Jy]�5,V���4��l�+oE�Db{�iنN��\Ge�^)p�9""��=�['0�T*�r?��?�+˷1�o�sr�aieL�g�����8��`��""��4�q��N:9]U,M6�\4�|�4�x�,�ry��JT���Z��8�)�JI���=����n�������B��O��.���1�G�G�x��T�m��؎�0��A|�!ڞ���o1�sf`�V74m3qbm�g���5ȧ��Ea�l%�,�W�4%8DA��f��Yʳ�cY��|Y�)ŪW�碆M5}~S�l�l��,���Y��|CjΪrl�\����Ո45��MuS��z�/{�ձ�<����'Ӽ&3N߄�̆p���uLc��Z蘆��m)ʠT;�-s��R��Ț�X����r����えw�މ*h�s��-EV�-�a�q��g!�$Z����� AZ�V���J�t""�������� �W�Zv�[�c""oJZWR""Y�\Pemaq���-˯���,�~�b���ģK��J�4�3��.ǣ��>I�@��GɖƳ�F��E�]�*E�u?oD99���,U�""��񭍰~��ܜnQ����w���qT��VuUW�����gzz�����7�O�`C[B�	�B�6,�,�""v%!���A $6�&H ""b�̭��y�V�m����{�=�\\��.L���c�Ѝ����$���X�b������SƜ̅+����;.c��@���������V;�n[cu���X���!�P����I	v�~�9��5�Hp��N��OF#� w�U4,$2�G�Ȋ2��P?qJU��~Џ{�F\���K���*��L�S���R�c���A���O��7�l�/�������ބ���g""�iu��Lw�䡣Jne�����-�҂&�ĺL����h�ߌ߂۩�w|����۫�5=[��!�o����*U��������c�K�����'7n8�i�_b�>@�t��0b̆����rFIz���SQ����\�u���w�.(��*��I�IBII�(�r��׀�`w1B.����a鷖o�a���A�*t�7�nR?3�zk��ѫ�E��h�>L�w>3��sEJ��I:z&��B��9탖U����%~����+{W�=�������?3p�$`��d��@	wɁC�Ͷ\%[����Ǝp�N�Cʶ3�$4��Uz�R��?Y�g~V^;�żT���BU+Ԩҥ��.���tV��Hsx;M[~C8E���'��	��}�����)�yq_�bI���Ya�ҵ{V c=�g�������cս͎$�F�v��f3���E��O��&W�#Q��a�R��Ux^�_��}��^��lUoW�ܺ��|�y���O��!�އJ�� ���(��Kzf�����w	[��]M������M�}8=���a��,�����������0��zwz��U#]ޫw7U.��2""�g�sY6��C/~���l��?��vZV�X�I��Nufa���\4��B?�c�0�N@�}r����M=��L�gf�m�p��""��Ƣ���""\����(���c�'���z��c����5�#V ��U@^͸~�y�!+cWq�;����26�|O�f>ױ�r�\fT�0����eb8�������ۏ��E�#j��IW��M����f�j���ӧVf�ݣ�0=�ъ� �[`m�T�S��~�a�9�tJI��Eud'x����_:����z��HQ�ӈSn��N��եk��O��fIB����e����ڗ�k���9Lx�e��֪����Wv��β�txk4��%$�|��3V�M3��[O�>��~�kZS�����[����St�h��KD����m�E3�>,zj�qO4C��'��f���i3��/E���E\�Es���>����}���=�ԦK�j6ƇK�2?V��j��?���`*�Y�1����3��3��[K��ϓ�����a�+�$�����ٽ����-8�V_/����t�m�{�^Xs*�i���M��J>Z_�Rf�������&�ɿ6�>��:�@FSB.Ȭ������Y�at�ʴ,P���'���`*�X��� ��yLY�$�0�w)a�g�^��hW� ���C��*�E5P���ZQ}�^FK��.|c:��]�Z��[^|��͛�f�_�t��K,J� �MX��1�C֘ZE��ڪC��a�""�!�EA�J�)}v�)��DNU�r��������=K�+	PN���t�ˑ���;ZS�K��A ��ɰ�q������g\2��3�e$c����M�Ӯe��)���t<��O7*���%3�%%֬-S`ր**AB'��e1؀���}g&<�e�:!�ˁ�����^'gu�f#Qx��e��v&b�vz�t�0�r��폔q��	�	�/рۨ�T�����m��^t��@�2�Ҹ�}��i4~ԪY��7�T&]���(�T������[N��8�R|�����@��w�tؓ�/� ̋PX�)�8�5��e�4���t��ot�f��w��Q����9��>�P�Ѭ7�D�<�f�����$����Q���M��.��Ã���;���糾/�`��A;�,�`��컩O��{`�|�*���0���cqƶ�mx�UNf����G�����c�%���u	�^X�����)����2|���n����3;�3�3���nvfsiw7in�i�h���mҤ%�R(�#����""�Z%����#HP-�""����Q����3���0�C`7��~��X �e��ĸ*��NÀ8��q��,���+p�A=\4�Y�J9�E��u��*m�qR�Jk����Zc����Rq�(3��I�����[�U�������1�������Y�""������g��93F�@}M�7[�Wp������4��~zJ*�	�J���Z.U���n�%�ٽ�^��'�eV6́��k��\�k����u0��c��g,�ڬ<�D�K�4,j���T�S�j͝Ӓ9�N۳�Mm<��w,���C'��!+u]��f�k�:j<��ͮ�V�M��{}ˁ��*�,��;�i��ĸB���ڱ*� ��O1��k�X���86�l��6�4����A>�$·̳3Ps�e�$�lDYʎ���n��l�s�i�a���>&̫��l���5���&��	3٦cR��������L�������x��x�Ǵ��u�u&��AХx�,�QL�0���"";�`.�����3�`����p���ˎР{2@��""��+x|�mТ�i��D!��U�0*ɞ���v.iY*1:�@�>�lЭ�H��-<�Fs�������%��}���ZJ�V�g@9Ǟ�ģ�E�`����ZJ%�9Q���gI�Hz�((�e��^1q�,h�=m����X>˽)t�����^o��l\��A�'k@�nY<^CQ�ZsE N����������y�J #N��ȐY֜��#�VH�ܴӌ�K�Gy�h��F�}���3z�c�C�9V)����5�B�cxG4�a\����zXe_`H�v$m����;�����h/k��T���Ĕ�|�A������d'e��.o������#��d|�%�f}5\�`V��Vh���W�|oۯl�P��M����ᘆ+��	M_��8xO��CD9>+R�8涑�2N	��-�4��A�8�,�jNB���.��V�Z��Ӂc��W���j�ZPϻ�[�/�ic����""�Qτx�m�`@��v^~d'$��[Y���V���S�KFf��>��=����]�!��5����Z�&�ϱ�'�1�a�3�u�(@Q��q=��ܐ�@��H�[�dKZRuV�W_��������%ӣ'��~})Z�=F�'0���ɔ��4��UA~d�����g�4��y� ��ߵ���#����F�MbzL����!9Q'@���k0����I57��]nLS�d�fz}��S���z����	��fJ�4:���de%]�q������nk?�8�h:�:�߽����3&��A=�ǹW�x�?��e�Q��d �����'1oMb���i\:���U7�]���sܖ	�K㫐�T�*�a!xP���s2Y�?����|1�!X�������?j״p[K#��:S���~��:���b���,���}}1�����a��f��fb�����~qwW2=�室I��ve�X�ϕ�K~�^���!�-�r?���e�3�o���J���jq��6�4�UDi��c3�l���'��f$�ʬ����'�D��.k��w���W��z!h����~5YP�#B������>2j5�;D^��4f��%����TZ��>w0���Q��b�j%?�""�&�<�h��V�\�B��C�	�HT����ok��~P8�.h�`�چ:��˰�}.O�PA�&G�ځ��vc����gvŽ�ʾ�}/`��4��~s��4��$�����'��	������@�@��+$��YgǮ�\���җ�=��<��~��:Z����@�E@X�0""����C��.�^�$��3��{�B��/���F��g��Խ�����F�Б�߀���!�Gg�Z����i�D.��kQ6�>��Bp�X�@{.�okt�ȉ��~7YN*�'a7���a�~_������������`O�a�$�����!Z�;v��߈`9�x�B�SCd��b3Z�=��|_����7 ����iI7�(�̨��z�E端xԺԞNMre^S3N�����pm'�l����J���t�""��_��-6�����g������:�׻Y;q���q+MZb���8I�R�$mT�T5�	U(}� �.6�ta�l��4+���W�����Wfc�Ӵ\�f�L֓Y��H�[�u�$�x�u�fgY�3#�-=8�oȽ�0���*���l'9)A��~�-��2�J�x���4H��r�7�Z9���B�{��*�KR���='�t�֫m�T�gw����A*��|�7���G�jّcy�f߭v\-�qqJ��^��k���:��9��o֝�ìϛh��<}T¢��\l/ռ�2���<�	X�y�������К������p�i6�uA�uE7uK���C� A<�T������٘�Ϯ����G:d���0ģ�oAU�1N�#!���)z6��-��~���VA},���RuK{N���(Q��:?M5Q�YS� ���,!1�,;\;-D	�S^�ִ[�*�}My����'�Cє��˯v��y���}N��6z|�����Zz�j)��)�i���C?`�-�����S�_x�5����Z:�X�{�n���7h�)�Yd:�����|o��������RfP��ػzd$�mg���~�|���&����I�ze����W�3�e�H�s:����y-�k�""������kc�hv��(x�sp�J�&O�t��<�۠U�:�x�����γ{܍t`�$UE��*ꊤJtXdE3�Oa�y���#����˳�g��%�O���J���Y%�����&������E\���{�J\���׃�z�;<��я������a��٣#]�@z9X���VXk�P=`Ԝ��ڴ��w�9&�am�}�zj����x��X�)WU6���e�8�K	R8ET��YN�=�W-�Lz�r�ʫ&lS�W#U�Yu&�	J.�DU�y���{�����N9���X�<<�ԏ������Ө�n��P�UE�M�B2c5Qu�	�ݣ��+�W�������)칞�;������Lb;�o�D5�w�N�(�@=4�����E��W����[��ճ�ִ�v_ök{�%qR��+5�n�̶9iv;�&ӹ1&o�y�e!_GD#���m�%Y�맟~�JY�L-	{��<a=�`n��EE���%;�Uo�)�����U�T0���u��EN�u��uHW�Dh����Z/b��$Nu�ܸ{�-��,ڃ��kl�.�)�-�+JH$a�i�5�'�dwc�1�XhxRgA�}�����""���S�)��,xv���~�_��iw�;�jFg�E��������muD��s�u�B@����q���$�N'��'��/�N���؆; ���u�K�?���õ���:`qmm8<��{;q ����nw'����_�p�I��cv��<&_&�<	�����yǇ��F��g��BƚI���a뾈��j+=�x9s�)5�i��ګ�-�4�a×5���=��x�AIF�fH��G�*W�Јy��z%$���r@H��_r}\t�Bf��+��1�ɛ`����[��|�2m愙�β��""0�r�\*���o����h\:�R��������~���p�ca�P*����'��.R\gE���ʛfvn,�����V>z�BL^ɉ��F�u�k�J�'�]'�w��\E3En��7��U�Ɵa���7P'�S�\+�p0_����i%�	���XpE-�:��e#H�1u��Յ��A���/h�qe7-x_o���	��y��}=���ϕ*Q�b3�3���)�H����E�H����,QN��ec����c���a��YX����3>�Ѷ�<�E��D����~�n%G1?�lMe�qZ�����_T�/�ڕ%c�ϟ9s٪�8�-��7�Q�_�Y����N� �R�v��n��ʨ��	,��1M��>�!���げ�w.���le���]���S��I��/�N��H��n��9�@=l{��8�&�����5��$��:q��L��G�A:��y�Vֈ��y�����������m6ެg��x�͝x��Rڬ�W����uNZ}����.B.ƻA��?�ޘ�	?A{GQ�""ܦ���R��d�-P2K��p�S�6��<��}Ӓ߬A�[n�B�TW�k����~�����άvg���V+Y��Ⱥ�ڊ]۩�CjZHi)ԤZ'��R(�-�!4��&y�c��P(�ЗR��O(�z���lI�]���;���.%��S;��?�[������x��?@�����H.�m�s�G�#�7	��dFV2�����W��U��y�""*��JEi6Z�pg��u���{%/���j%i�:\��,�>�tO��^���!��N����p{@��:�V߯Vq�Z6�L˺U7Q�5CcV�|��h�.L���B^��۶���-�6ᮟ�������ɑ�9M�$�� _tC`�6 ,%.�L��OO	��d�Ó�?�oo_��5�C͗dNy8�I���X�?@M���?�{VoC�9�?�l�^�eN`�����T��w��� �[n3_�����Fa����;tG�؝���,\�\�̢�ފ��	�Iyқ�'��4X6���ŉ�� eonoqx�tq��:ph{g8��g4(w�~a{�4PU��f�T]R��ȇ���D��垏����׼�đb�P|��3�l!�B%�c�GF��Q�""�� .f&:�F�Nj�~Z��̄�7(rXׇ���	�}�ီ[C�Y�k@g��y6�^�%�Hgy��}Gk�����^�6E�5���w��{5�ϊ4C����R^`�¬2��:{@b{'��d�q2I��z��; vEx�M{�4]K�3K��}֥(�3	ޡ�>�v���:x��-P�qX&��f�z��C��\����HS�5��2�]y�Z�w�����Q.��B���:��UNL�밂t���&va��d{R�eM֏����(�A����r\�����+\�j�l�O�dz��K��.H-�e�X��f�����˕]""EG���ْ�v����,�f�aYVTUz�>t\�E��s[���h��-�ę-���8����}�B�]�MW�}@<�	�ny��9*rΎ�Vk�|e�B��1Г�$9��P$<�aF��M�#SN�b��@��DL��E�n^�X���'��""{��JuñB�iC�ɂ	B`0t˪V#,�N�EP�DN�V/2���e'�~#hX^ؒ)KN��r�ٺY�p�/�階b��{��4�A�:&��^`��	^y�2�:��/�KL��V���]۳��|8�Wm��@��o�&d�+q5Yczڎ��*�3.�""�~���H�;�w��ʍ:�4��2�����L:^���TG]���0P�&3A#R�{7npK[χP����������:U灯�ݹ(�i��~��~����f�B�1ǔ��<�]��UC�!׭�Y�Y��Q��(����+Ί��%_#�̊�*��R������	���[�nc�z&r��!l��=���	~W����K�	q+z1m�W.�.J�[7��q���'�[��o긱��u���)����Z���L�ԙh��""E�1l�Cp��""b9(tKn��T��֨f�{m��=��Ԥ���ѠtM�6���3��`BA]Ų����_�oc��ݻ?x�����;˻���}ǲZ��H5��P�)�!��`��Gfz�U���cTES�r����h'f$���EY�U�Dje���Cå���U�b""^N�)�a#nG��c�.�씖�d��B�T~��g��/o�����S7�z�P�7��[��]v+�&(�-��T�gn�`.�ҰV{壏�P0W�����XT��3�+)�99u�]�y�9��}~�8&��׼(��6w<-��s���y{����""����CH�݄�T��J����b�T�O��OR��%c��|y�-S/T+������?+�#��o�1�gۖ�a5�����""�x^1/2볂.`��p��] ����j�UU7�:0F5x^�t)Ɗn���SI�B�榩/YX�����1Ws�q�U�OW��o����oۚ����g1(��F�����6��)��\d�3��SFŐ<�A&qRNj�Rv3�����$���b5����F���Zl/v���p<[�aaT��Q'���sѭ�0,Y���l:[�o̷��;��{���ѵ�Y����<|��6\�rT4��@R�Y����]%1r�e��}���z�������m�gzz���<�'&�{��L�Q@b�,d8@ �R""$.&D�� %�	!B,n�R�p�8�����E�L����C}�{�{�Äm����G^�)�b|3qb5=�\���S�v��1ܭ��k/E�(�숼�/k6�M��>�޹)vm�e�_�����B�/�yhG���pq�fs��W�G���U���Av�3ɇ�Ԕڦ���̔c]6��ag���<'�76K�ҧJ�J�����qUNmlo�m�oqj{R�v읹�`'�)�d83�:�no�[N��k�p:��wh���U�1�@�S�ڍ �^J�DW����Ð��C�P;�k�����������Ǻ �I� �ٱ��M�%���O�O�i]T�����gX���Y�p��:p̱��2-�@g�����hXپ�����c�G���s4�5�[�Ѱ,6�����z��i�[���C{ڑh�m��yUr%I����'\U��d�\�3-}G���iن\L[���ϫ�b��oE��ru73�vh�7l�i�s}�=�Ć�ДC��;P�3_RMͬ�u`Λ$!��(H�[Ҡ�6ܮ�s��o 1gi��`�}���F�5�}$�O�2!��cܪ�#^�ڧUˬ�H�Y���޾�+&��Y���^wt3h,+�M���:ړDā�?{U����Nj��:y�@�&i�ƈ�9����9~�{�#""2��κ�s�s��t��<����g�eW0�ʼ�_Ё�@ʮQ� ����k�&O��ut�?�ߩ�R1u� c	�,*""fќآ�%PPD%PBv�w]��1,�M�@�Np�R�X�Hg�x2�1�!��p'�;�ʆ�)�!*r.w�m��}�Ur����I!|���o�fP&:�w�{�݅��@[����Y��˺X�0s�ѝ�[q�N�`����c��a%�EY�!��xs��R%���j�fj��,w�ݲ�#��s!�anf��5�x2P�x43:??��t�d��_��V�F���śp3\�����C���q�W�<�~O!*�����""SeCbƀ��Ŷ߁45~$X��p���!�B�inL�{�Td���Z*""A��8@��K�n{�T�Q������Ud%ޗ&%2/:��G�	�䛗�Q:e�#�yyWfG?c���ZVkw;]81GB,X���\��I�j�q��GtC�0=�G@2cDG��pS�-�nP���y��X7�el���i���_Z�*R�� �zD(A�Q۳}ұ�U�*^#i&�����d�O³�q?��ͫYmU��^�XJT*_'�ȇ�Ap���/δ""}��?/��(��YvT�$�I�C<	��������m�Y6�ߐM?���6p�@�{�b���b�4��Q�j&x�?�߀�ԩ.8�gf�)�*��%�j���4{Z_#��M��إrTp#Ş�3{V��T;l\IH~��%<ٳ��I?\#��9��zqyu¢����S�c��nĬ����L�byb�¦����j�*���Y9y���bE�������բ�F�0���a�[��\��""�3q�U}��6�V���Ҭ:ڠM:�13quh��<5�Mփ(��o������>���xIc��6��Qh1[^� �t]��5�7%��9����_E	밲-r\�<�E�q�Z�/��OAIbߟ��Wo��O�_�)�Z�d�b�g+�a�a6��iu[=��{h���O��U�8�ZAÎU�+qԂf����j���kÅ�a�.-�p��IPـ�d�|��O����,D~�':g���}8{����ar2�E���YD�4N�|Ks����c�n�@�Nw�/n_�%#/T���}���U�GZ������ڻz�r�K����mw;vlw����$�N&� H4�I&)b�H0B#�4 $$�9�9pA�#X�	���pB̄��mx_��t4�]���*����[~�q�K��?�;���ǜf\��""�A��,:��X+&�9�!.zP��B�OE�eC����Ȫ�A �����µ�U(""e��4DR�*�NDQj�ϝy�sEܿ����FS""ِ9���R���3��m�_�!���X�U�����ql��+�%��U_s<�����:��4M��ϕ9�S\#v�	��������<��M�z���-9D�Qlk����`�^��""�xL�je���]ad�p,����#2b�VI*��ެ�2��(�6�����v��2�|����\3e�W&�Bx>(�\��e|Tp/������w�e���2}�+��r.�p�g��Gpɒ(���j$������C���ʤ���ſ��1�*��߱��D��Vŀ��4;�|�SIrRA�'C7=�27�1�%�4���p$��orʲlq��&�e7��o�=V�����4z\MwX��`^J]�8E:�XIHE*YQ�J<W�3q=�(�6� fS�N�I-�G/�T��.����>S��HrV2/uy���^���%�D�V�Z����',Q8�z�v\��ug�\������e�������t��Ɨi	3��c�����q	W�z��Q'�Ei>��j�nج�6f����<�ǳ�Z�FkQ��S;�rQ���/����>Yx�ቐ�I��,��@4��U�jZs��ؾ�Υ��$�~8�(��W�阎����E��_��N����|>�/�hkP�9ev3~�#�Ui�H�sm:�{���_�u����h{D�)1""�X��d�>�6oln�����`�O�V�5�^辤�f�?8'�ο��&)&c#z�C>�f��8J��1�Oq���+���3�b��ྨ�:�tώ��#9-g&w$Λ���q[�q�9��a�3�����x��T��扎 ���Zv8`�٩����*Q��/Ϭ�2�pm��U���̟`����lĬfY4����_[3m���3��|u����P:/�R��yq'�r�g�(��K��)9��.=�WU�D\^a���蓊�麦I��D,l�Z��fɲ���A��-4s�w�������Yo��[~����h�!��0)���""n@��T����tR�I��,��(�s�9a>J��3��0;����H���16#9��V�*���ʭ�vt7:�l�����w����mt7����mGߩ��vn��G���������١M��-��=m��YYK�PV�W��Q���l�(`s�\�a����V�KC���ŏ6�I�����/.�ہ�\^Cn~I�d�Z�n�[B(��,\�!.D�V(�J��bQ�0�c��#�hY�%��52�)����!��a�񞴷j�7l�dY��9��3�a��e���o1O&�A�=��F,@z����O#�4�����=�Z��F�A��^��޿w��tU�����Ã#�*	��:��n�� ݹ�+Q{���e�a����Њ�F/�oB�,{Sds|�o��j��� ��ؘ�x;+~ɡo��h���=��$+"":�YS������0l��m�Ru;TU%��r� y$�+!Q�Wɇ��۞�ȶ����O0�L⻞J��R��jDTy�%�g���L���rD�R:H��w��������~�B�ˇ�F�1Ө7Z�v�fw���t�4^:^2h[���F�b_O�����������}	�z��՘��[����k1�'��Z���&�W4��m90� B�kí�\_F��<0�$�^��ZJ�4�x�&��#с#�|�Q��#�l���]ܲ�6�f��N$<���]�{ˤ-8>�:Eup�����a�t��[�-%M�u��C�8H�]�N�05�ת�ou�`�����G C�4-a֙G��c�����x���$���H��{��ï�>>>~s�SV�����?x���� �sffg���9sY���6����w;q��������Z5!�$�E�H��r����@���җrRy��WT����;3;@""�Z;���]���?����Q�wϡ���iU�����ZISlեen���Y�z��a����R�:�+��>���M\%N96�2�@硌�q��k�י�wlv��[���J����/cB���i�^1p�R��A��Ĥь�}ߤf&᠒U��(��./;�CK��$�dݴ����v�>���%&��iw�`ߙ[�g/��'E�7�P/ڼ ����nz�������6d��t �I�2�0AP�C�a�n��/.W) �@� �w]%d?>�|v==��dg��nv)�����g����E$4�4,���h5[�V�5�e���J��˵+�MChFy���ao\���o���V���K�8���&��5j9����^��B�'3Y�$>�H�1�k��;�R��Rų��9�}������e���e�pM�޵a{�m���J�!�4��65$�n�f[�6-���Oܑ��-1�܁~L���+�G/!�2�5~��9� 3���ȱ����6ޑZ�Rq%``vyV9Q�ؾĬ���k���a��~��y/q}��d�&w����n�޾u7>E����ϓ[=:�m��%�k�&�$����<\ϙ~S�i�(�:G�I��!�@��si�ր5�3u�%�\g��S�i����󖶧G���7�ll���M�Z�U���c�9WK�5���zDSP�J�����ة�Ãx�g3��C6���Z��8!�4hd1��e̎h�PK�7ұr�I|7%5�kQ�Or���OIoJ)Ld�_��W��b�tSO��հĻ]�>Ȧsi�U��W�^=YM1��Mx]ai<<�u��x�̓�k)m�J�IJvȳVr�>�r��4�eM""ώ��JB�׳n�Q���w�L�C�-��6����|�Z�Q��T�PWA���Dx��u5��<��{�$����|*����*?��5E)q؟9�j#�k�E+�uQ���ׂ���o�c:����n鵿{I�1/�����cK��&9�����/hI}�Ei""]�_�����C<�x��	6s��)Xa<���e��5��l����e��<^Q9�Y�h�WgQ2WM<�k����[�$�k���7R�U���[�b��""��%$�X刱��+=�C������:���s�bW�n����^_h�o6Ǎ�R�1� ��zr!��]8(mH�����p0]���:<8$l���5uCϴ����>�!&���fk�)�WW��L^{z~q3���4^,��4_+��p��h�V�z�3#�s�Ό�O*/\d��}�!\5,��~�R�3��Z	�FQHxD�~�+�&M���5�ύ��(��km�:vׁ�(�vw �K��ݥbQ�(ȼ�W�.˂l�\�݇r_�+�:�(�y�ȹu��==�_f4�t���=s��n'ͣ��f�|�]b�����Vi���������q�$否ܻfX�M=$��jzln��J�WR�����?H>�1-���h@#�9^��[�ˌ+I����t�ؽ[z	�y���?Ϗ�0эM�v�Ν�YO;�َE�kX��>Ӣy)��?@�)�ޚ�LqM�@�""O�4J�tU�YȘJUV�q��zz�e-��,�B��{�""n#�;���I'B���ݞLص�������.G�Yβ-�?wU�����p����#eҰ�d˶k{6S%�/#a��-�t��v��7��Z�	�=�o��K�o^��_zQE�[�E�����7��8Rq�]���jJ�%���.\�y�w��d��hɎ��v�ĸq��{��o ��U;J ����A�FI����먟p�16/'x��u�پ}������,�n�Mdd�h'""k[�N~��C�]�?�ᬁ�lk��I��+�	�����)����ރs�ۆs׈�G�V$��""����(Q�""�����G~23?��P9(W�J�1��t��Ur[����y����Y��1\|w��[��l��w��#/?/�20_��gT�������/��r FΨ���w�����Vi�.ʅj%�4�V'���$�P~쨰5��(2�Ȯ'ˣ�9�yy��,�Ͱ_{Uv]g�h��e�Y�AH�y��^�""+��+����G`��>�/d�߁""M~\WS�HB�s���ۍ��=m��uw�]�;���8�;��판8�O��WJY�a�W�צ�5e]و��|97�Id�,�B���D*���;���:��x�qX��N�s;��h��� �?�Vk}C��i$�y�>�/]m�TS�=�'i��1'+�E��P2���%�KM�C���D@ _��p�r+�Ao؋z�^ܚ�����rg�pm����{�F�Z"" A7}��cg�)쳏���2�+!I�GVv%3�-e�����Wͦ��d'�Q,cH6LZ�%]�X�|�ٰ�+^��2�ݮ/[Q��3��bx#�J�k(k�)�""[U]A2��H6���<m@���c�>H��L9���������Al��WRL�!%� �15�6��;������VU������1;�no�[�a�U����lk����X/���Em���|�@�����&S�adE,�4�m�}ǿqL��'��-N�Tuץm���%�:��dKҢq�yPӍӔ՜�m�K%h[��}���^Va�8�����hܸ�!FuY����:IG���#5�.F�o~̍cD�O3*��?�!����$&U�_J�	G$!1��)�j�S��0�h��^��� ��;��^�Pi|?�@��J��cS�|1���4�؍�3?9sxh	�g��_d 5G��ch�]81�\�X�T-~ �Y՘eu��dWɏ#W��ګ^U�Z\���֋���^��vo�ݓ�Y����Q.A(� �āE�K"" �8p��P'.�Q�4��߫�a�n�ݒ�����-2�[�v}�W�+�^�kC�E,��с�q�yz��vE�~Rr�0蘖���}j��G%��P���I""/Qqݟ9�\�iI�:�L�B�5��Z�""�����qp���iQ��""��-�m2=6A@JŲ4W[��jhhq ���v���I`���3e�M4˨�,��O��G���@jy�#�PL�k��Xf�@B""E�(~���Ͼ���8���V����9rȿ�Sx\����e�c�Jjz��2�������,d�~�X.N�~�����%��yXt�ʣ`$Hk��Z�rv���""�#��}ʕ���ƥ�:��΢�Rgf?l!�TE���ݝ.[�������@`�a�/Ƞ?|e{.]��M��dW���P�&�˫�ts6�T[h��mْ*����z�fԒ�-�Y1]��!�\���=����<�{K��F�ޣZ-�\JE0���B��#1��(I��(2�>�]��9�30[�W���9�-䖗�kdߓ�NF�je�ҫ�W�����{������j�%�dc�y �F�*�B���c7I�]�`[c&��*]���0@���sS޿%�8����x�G�-i����D�4��(�>ɹ��S�J�wh�����)	%Bg6E}��c��p�/�ϸ%����|&���VX��uV������,ݤ4,	@	~�e_	�Ũȕ�n�W��{C7=�)'�N{���傮�+Ҳ����������T����UN�7����`����)���{i�*�!m_o����P�ȸVcs�	��}n���=N���)S˭�� ��r=�<L(%�L�K���#0�8��9�""��8�n:^pᕓq�\v6��-uwUDk�J��p�%O�lAЖEJ���v�YϏQHA�x�����C�_Ƹf�fAB�5��%�ĬFA��r�����$B@�#����	1��:�ns���,�""+���d{����lk6���>Ogg���Y9;�W��ݭ��}�I%�dQ��MIzp��B��6��#YT�a�CN�z��uz����7�H	K�����F_�/awGCM݂�2G��Y����zO�ߞ�{σ7cxN���mɮdwx\���P���+�͐���k9�P(tc{�{�@5n�xi��n���p���W�?��`O����׹��A&G�q��ٝ�{���`Ӄ��N�M���t��}~�wgݍ�&�o8��*��I,��d�t���`:�Nv7v7w�v�d��cr�����������	������w{���߼��)�L+���RT����h^X����E���ޱ���R�O�D%)W�H�ۺ�U�I���nWқ��:<���Q�j�^I�躦��ڙ�]�`�k)F�C��D��c�9ٷm��}p�X�����]��������3n��m��R^-����Y9U[�5�F��b��u{�ov4�S>�/5���o$�I��`?az1��-��z���[�v��j�C'oD��x2t��ڡl��Z����.:�Iގ�Z��G�/jH��\�Q�>����}���Ӭ������XF`�6��tɣ�iݥ\=�ʵs��m��J������JR��EL� ����ٖ5jili�ٜ�7&T���5��l��H�>��rd�tz�{���MgM��U3�|��g�Fu)Te�)`�x%AЩ!�L�[�UsyBU�W�f��=;�6�fACѷU3��������9���D�\�W�.�qA�x!�s�e���t����g������l�-rB4�E���2�t����=w�໳�]�Y'��×�^q������j�ڭ���ꬴQ2`�lX1>h6Z��:ĚԦӵ��$9M��n2�i_��/ȩ�e�Vm�M(G>{�`�)���&E�T�w(m�-,���*|f3+�>z�V�A���N��<~l˱�@��z��a>x`�[�ĵu�bQ�m�����3���a��FTZ/���#�E/q-�q�+���ԢqI�	��r�ڬ)�dO��<����|��c���V�/՛I+A2�$�'!���r1�0�?��/��2������YU�w�b+�'N�ދ�4���-��~�d��o���I��x�!�!%��(K�]��2%�q��Il'n.NR�݀�I�VlM:,	0`@�6��O�,/KS ��[��a��m���-�nA߳ߡd;�S�D�<��������X{�m���|�z����e��3�b���'�3�)�����8��MdN�T�I̼W��̪��^���A:�⬝u��l%+P]v�:��]CLR��IZ�­\��VժY���u�Q�4�4�E�(�D��h�'������;�n��""1u��AV��.�>9ͯJ(�{��0��vJ^�}ӥqJ�L���#�+B��L(t�8����;�,vq��=@׹jPA3�]u����`)phUKBw�^����T���d�γ;f���eC�'C.�B=�*=E8=M�:��l&`u�����e��q�gW��j]��6����?�JoN��';;;�����`g��y�S5��;= WemM]3������CtA��Wc��B~�1_2�-�=��'x�'{�z��*�-��eUQ]�S�/��2W��+�F�A�ՂR+@�A���`�#�Z=��4�{��B�h��66vG�nZr���w77_�I������#���m�`����T2A����0�L�㴷�ALT�nO��LR�>��X�""�(H�.B1=�������e/�:mZ��j�L:��ց!�U�_(�w�t깳��_� �;$�}J�EG�X�tBuP��!oBG���զ>&f��J�%NZIQk9뼼���Ƴ	;�s�-k����jdtB��*�l�2*�\���U��6/��HǊ��E��$�Q08S���҈�z�ȚBT�咰kd�T�Ɏ��:�v��?��ݜ:���t�}��i�LN�.�J*��RD��Y���O���z�ur^�nۈ��1�C�q�~Ǎ����͛��n�Gn��� .������a@�0���Pg7&̩vU��P|T$U�x�Gcs<Ǘ�^�ߙ���hY�:s*����f�P"" �Ę�	��I�8(F�ؔ��r�M��c|�ᑳ�����g���R�<�:�B*s���m׽7�����l���*""VJ2��1��%��VV��(�P��F�dSi�|U�>����n�����:�)35�4����h��:,���;t�7~JմhH4��ЯYiU:l����Q{���.��R�eCJM.�C�P`�f=��j�.h�~�߃�-����Hh���Y�^��G|������D �ԺP��G?���y�웈���b&.����us�)])�kX����=|����G��a ��>6����L��8+���<���ǐ�4�gjӼ��b�fڌ��e`S]���mz6�΢�Κs�W婽��&�EY�����~|��ق��yy�Kd������r��c�""��s��O��s�ʔOm�Q���)9�W�J̧.-���0rP�ļXT�T�m>a�,�5v�_�P{���-q,�7���Ǜ�˗/����?�w���%��e�Z��l����Oa����s:�rJΚ�9u���ql��y9q�cc[���|,ն�1��0�$cڻ���x�脖�-n�g���kߎ�y�s����r�7��a� �`�cS��Љ`�D�I;��Y-Z	{�Y�R�ai��I��L�v����V�2<�B�����P�\���VZ�6���,�T5��*�o�,�K��B��0�k6�Ȥy������@��%�s�y'�#�M�Z��հ6���jx2\τ���\x�{��ӽ�E&uX�Y��'��jU�ae~k�5^�,,/[\]\[\_8�����u��]9_�P٩_�;�JXA�u�Km�P��R�%^p�З�%<(�r�ы.���׆��J���+�;�,ƚmb��5ɖ�c5B�$��HK�vA��	����'ͥ�N��]�[��3�(�hs��f$M�T0o$��/�?5Q���*�Txӡ���k���2_0f�Lh�L��Z��H[O�0m;��P��(�P�s����>F���WI8�N2�!��Z�n��s�҅Q����q6��?��p��Q�	{��#K�Os�6�$���]f�qdU��־ܪ��vuw�{���t�w��cg2Ig#��@@A��A�$<���x�h�4H��xEH�H�*ކs�ʙx���m��:��}�O�K��RV�N`��f	��i_B]z!X1�XRa8��/5�38���	�*���\�x���`5��ɪ��e����XZ`�yz��L�L{8��C.D���5�~�j~O�X��HĒ/?�Z�)��.G0�V`���n��zxYE�/�1��������k��N��5�nZ_6��f��]���ˣ����.7T~�|�k�`~�~������ã΍��Ν����6_�POq*�=�����C�6;""Zx�6�D�~��@,��>�*U�j�j]$H,>�Qys�De%��aL��ض�d�v)�e����C���0b���a�y�Օ������Ec�#E�#Qn�+�d�����R�Eɑ3�R���$�I�2w �q�k���E�-�Q>�|,ckX�!w��G��v�(%��{8�{yG�ٝ�f@۴��{���w���ވ�� ��oy.q�q%�.�W���""ҊU��~ũx����~Q�:�S8y~m������;��낄aK��KX*�q'����)���z>�r�1~[[Q� I�'!�U�a<�Tև~$�x�.0 ����NXZ�cYN��&'l�)�+,nQ1�)�u��a�J�4�F�e+�w+�V""���ˑk�*�}sˈ��C܅H�#�Ԧ̤(�ơ�(b�#�3���6�b}�O��""�.ѐ���8�C��2ƮpAx���-��,d[ek�4�!�)��E��Ļq�3�@���U7qk��	�k.�k�����>��'3w�n�g�����,o���#��O���3�q��]@��/](�j�E�7.�Ƌ������|��G�|?��������A�����>�L��w������!D�ZJ��A]�ۿ�����n�F�g΂	�w��2L�H��;{�K.k4�|9A��x|bE���ĺ�����R&���;m�۩����2��|�B�C�n��<���G2�,�S�W��ُ""H�o��U���Y&A���qS�&Bl�*�MUB��Rn(�n����\�}���\{�%Ìʫ�""���EUW�6��\E?7`�6�m��� NI���6Z�yKw��,���ř��qD��j��Rφ��V��O�o����G��b���#�ypxXF���ֲlv &�C�KW�@�F� ��L.�M����Z:M�%��%���˙�|�+h��dw(�rU�122���d3mBN`�(sn�r�	>�,@���@N˕Z�6K���i��[��]��)=����0�������KР�NUMB����,li4v������vC���]X������FH@T�?\����1���yV�'�b��?��m��nR)�d��{�s���:��E����w�������$E/����d4������Fs��=ٙ�6�����r�J�%��j�2^��6�ӥi���L���t���؜nMwZ�Z{���A�u�q�H1��-�yTޙ@��n|ic�H��r+�t�/�%�Ϫac^Ϟo��}d+T���h.�#�@����+�ý����2����lv�PX�f��2�-���⊍uͫ�p&��bJP*�DB�g�S�����(��r(�&��AS�s�.ͱ���(=.�e����~�u����xu���L;�:C�?X0D+�^&�|��-���սxgug���L7�7�Q��x����b��3-	��q�L� J��k7�!��<���z��G�������d��`W��]��]�~�S����(�����v,;p[N��ɭ�����a>��w�޿��Sm>c���_�8�����2�賽��q~�;e�4�v8�٘A�J���*���/(�;{;�z�C=�����	6�O�+�A�H�`�T=#aºa|��,M24H�$˵�ۊ�l��V�<�V���ڲ���	f`}�B4�y���������ﻏMd�*� �g�9��n�P�h�%��nm����Љ��Y�qT��T[GI.�w�g](U,fF �|�/�n�+�[8�O�H@r�@�d�(���)}I��99/��<�2�3��%F�l�'�7/<1�k���	)*>85�^,���������ӻw�?��RD""Vh�NO��s	%^`�l��>}����*�(�""�1���4sa>\�p���J��`�!���ZM<��N�d��^��X�k����ߕlӥ�/w� )\X��B��(��s�n;FX��Ůc�����k�jy����o���2]�f{�u��k#��D�^�N��Ks=��������9���hm�6���N�Ϭ5�n��X�Y^��Ifv��ds�71���|��/�g�Zj��Ԫ �E�C�%ҊXR�}��+!��t���t�mb""Sl���6�`�*�A���I.�@o�V�G(( �hT�)jѸ_��[�N��7�$a	�N�M��L�̪�J�_�Zm���n�n�W��m�������nM���z��n������ޮj��BG����ע�rc�Dp2����r�5,�mЀ�i��9x�6[�*T�Ǵ���mk�N�,hV�)_��d�[�I�ZhTN�݆�B�Ҭ6k�zs}�1��f���|�̌�T�U�v�F���l4�l�ﯳ�@!��0		8��%ތ��Hπ?���Dp.�_�+�?[:V{E�/��g�0�-&�\Id�G֯fܙ��;���""J�$�]�9���(�$��*#��q��i�<�����I���%9�	�@���;�.�c�(ѫ�8��K�d:)�_���I}��]?t���Խ��u�9���xP}�rj2ݜLYZU$���\����ܛW�|t~|~z~v~׸0.��P%AIH4��H�V�j!�(�4��-��]�XR����_���|U�jdY}}V��UK�ld�k�Ud b~��"";K�O�PP��Ǥb��2�bq��h*Y)�rg�� ;�n�kW��.�	?1'hbM\""K�ՠz0=�M�M�33�9gTQ��K�3��i�{���(��b�66��MP��ߵZ���1��rk�&@��x�x�#�$YDM3O�t�z'��|�7��t�TC�`�SU�IV��叙���5�m�6o�S��Q��{�g�S���'ĳ��Sq�]r��.�Xo7�C�u��1��~J��N�mz�r%i6��+w*�TKp�Is�l�lv0��n�^��y�\0O�g��=e�%�uM�~W�w�y��;����q��1��~N��Jc/��+�p��6���Tt Ղ�Wv]�u'+Y�#1p��i]*Sܖ�e�����bH�����J���+�.tC:�V�-�_Oy�(�X�eS���<�*�i�����C�/�~�����D�8��I�r�� ��.���Џ���VЋ�VҢx�P�QiL'G���l�tw^!Q�d$[r�D}��+T�D~T�����j}+ڎF��ۛMf�މ7�ߨ��g��p��+����z�~�����i�m���ګ5�W�U�Îɩ�σ�t�0�jJy�H⎯5u�6�F�;F.��L+	(W`���$���n�c=E�z���(��K?� ����G���$��S�m�~b�W�d�BRL�cփ�����~06���j0v�=� :���LO�__�DAS@���^�gw��c:�ܤ��>�,��0e�A���[��;p?�V�Q�A�H�?N?h�hpc����⩹|�73""/�o��l��8ִ�{��/� ZcI1�O�	y�G��fS��݅�πM��A[�k��(�,dW5^O6h���VHP��B��:;��������뾿� �om�F��N��6%0��G`NC�'�P]�""�Q� 0̃)e��QC��(!��oH�t�)��	/i@��!���x(nId$fS�-M+r,����}�_؆�	�h�3$�>��-��g )@s���2|F�$J��%�m{�4�G��[����zq��l{f9>��#B',�j�������HJ�.�%TrJn�`�2�Y%U�)<�b�/�ȶl��-���{��C*h""j�N9�����7��=��tWK��f�=��m���c{�x���� �do�Qq�L��[֏<�Y$/��?0-�A	=f�\����+�{5!(�*��ZQ�zM�""iti�����@bo�~1(֊a����L�AB��a�����V�$+�=N��Mt��	�j�'�����Pǎ� ���$a/L;�Κ�nZ4Vϲ._�X�<��tk�#�M���&0gv��)� ���) ~d}�U1h�Ǻr/����������7�L�%3hU�=����&�Ӳ�j��i貮W�s��D����,~�������`��""��Z��J%I�����T]�3���(A��%C'��""��g�dҍ�����[��X���l�mL��K(���6����߁#��t���z<�JP��Z���z��e�K��� ���������\�V9��XC7k�wfP�u,#��;�̙,98s�������x�T�xe�W��:Ś2`C~�wy�9��bB@SДO�[!���LA/겮�|1�#���$JH�@���Q�b���r�r;�T}]_e����g�Ŋ|�����S�E�׉����&W��W���/^�62��`�����.��9����\^eC��l�I�T	R:�u-d�aҺ���醖��<2�-�n�$Iu_=]�r�����^�����A�uq����p�c�rV�ǚ�)�����Y*A��Z���j@l+�W��J��J_�z�3>��T�Vj�uX[�ìŬ�'��-^lk��f���j3>���Mخu���їz�yZ��u���W���+t�wv_���0���t��������	�̉�gM�d��eyA�\>R��&O��Gm2Θ��ts6���=�/ާ�6�z���'�N�󗡁/�i�""ۂQ(�NkW<���8�UR�{��gUd�I�rQ�@pl����?@���'��L���d�5�^2tݠ;�3_�{F`��[�۴�c�h�΅�����򑜡���n1�Q��f�q����?��hKF��ҭK��ǋ�>���hW��$\��G�fw���Y��7�����8��ϥ�CkW�N�	����Q�#��J6�y/,��0���w�[4�� ����Jkޠ?,��Q��X��s#�xuy#�v�vB��^&���ng�s���� ��e^�z���[U�w�)��W׳��k�Fd嵻M�a��?�=���2u��t��r�Q�i�ȋ<���yZ�յ����RW�I	��b�-�|��Zh�����F��-�-&bэ�^����lctSΑkz������3i�kįL��������[%��~8�L&ό�YbW��e��-�~r��]�\ ���duW��W�23�4�Z���""�G�hmD�h{������s�R�y��n&�W������/˝%u(�.����&�T��o�~�Bґ�����=��89���`K+����S�`ڶS+i�Nx�g�W,S�D�""�.����)��o������g��J�{�.�*[�)ܻ�<���MV�Q=@�>=�pO�4�.�R6���`���a=�~�O���󵌏�Y�h�|�gS��@ÝV�神�Z&�.Le%XO����&y��safL��HHgK>Y���u���go��i��s��&`!��=V�q˒o!d�c�L3D����Ff���wc��'�X�����tܙt�n�B�N����Ŏ�F�#���LHx$��a�n��L�r�}��ؕ�ݚ�������K{�%�8-5���""p�J�����{D����cL7OS�~�nT+U*/\h���sCC�p[(p&H���M�ǧnU��-1<���Y�܅K8�2o���h�Buf�<*�j�ˇe�=#�F�a��z�Z�V47����~y?:������x�L���*��H�@�8*Lq��릅����x4������F6�GG2'��D�0ɶZ��&⥄�?�u�>�""��]�)͌К4TK����*�\,9k������:��B*��(���Zb�H�p�������]���n����ؓq�ao&�Ǔ{��lv��%	%��*8�JH�;�= 8""�E��i\�#!P�H᯶'���\�����������K �����^#���)�q�G��6Ǝf���E�YQ%��PI@4�3tUŞ�O�}�k�b�q~Ƃ���WGw]�A�SL�q�t�t�A��Ey�Ś�5�_,��%����,�f��_@�H�p]�)�*�'cL3X&�I@8�+�I�$[̖���T�֞n�A_�,v�W�:/w�;7:�w������z���� ���0�����|=.��ϫ�F��r���\k�7z�~uh�J�j�������Ɲ�Ż�{��o=����ɭd�`�.Iܷ��{g|˧Q'�o�L�M��/��i|Ӿ�\a�3�$O�bJ���[���ߟ�n�r��U\�Q��qk��}�eL��/Ñ+�8�ŕ��q�J��Y���~�ע���Iy��.mj�Ҽɐ�-�e-�j�H�+����{�c�=��F��%��m��Zkm�z-L�m�}*��ȏv��d/�O���JY�s�Zk��Yx:��# a��>�+�	Ŕ4�̶#�""J7³VU������Z|Q�?$���?�����Tւ�A�����!]�=���T�@���xmӱ&yR��{�t����&��3���W���|�׻�����>`�l��Ǣ|�hI���@_�����k�/��J�%�S���No����Z��s'ըM�V���7w{���g�{�HyI� �� ���C�Bz޹�CWo�!��9Ku}�����b81_���<�]ߓ]G���4ixL��U��U����(��o�/\�tI������|�ZWs{y����vT`�$źoj��EE�!몆kOOIe����rř+VuW	�wT���?�.��a�c&l��Y����L�*����8�$�F��pU�'@A�	�tSu2�~����5�.�p�	c����7e_��s����|��|k-�ZFF��`ٌ�3}ӳ#�5|k3��Sl��+٧$�v}��0�3��c�ruk�ҘfA_���~��F^�]ao�������&5�N�,����XRK�DKN)���Q1`����[&�sy�΃��p{�����廭,sa�H��g��x�yC�nx�xѰ(�*r��vcǥ��D߱(��2*]�Zv+���x�z+����ŋW1��E��D:�a���3����[�mS8�=?�.'�f�l�W�J����wW� 0����]&?�U�Ȍ��5r��*�����k�ꥺ�����}���� �`��؃@�d!YK\·9���g.FH0����.��y��3U���ՕRŋ����=C�EM�6E���iނֵr!%���/�D����^gtmyz<>��A�""-d	�V,���;�&����*�ݜe]Yk����[�u�+2�G[��;��������IM�+-�d�5���X��QIH��44����{WZ{�!�A��젗��8a�9��N?�3�2�$H}Ⱥv��^�D�G	acl���F�V���9���k�m��-4HE���4%5��J����`DbR!�A�8����c=��vÆz�C1w��`eT�,�)��ew��uk����Ȗ�$=;�wÕ��F^�{�k��b(��Y!�����j1c��:o�֛֖��.����+��>����	���'���¬{��&ơ��t �G�����<���>ɴ�&� �s#�Rm�`��x���!�����>��%~�HI�$;��(�袗!R��d�EzՀZف�+��dD}7p�]&�7��޻0ǚ�pT��ȃ���9�B<� ���)��y���е˵X[�M�Q� 8A|�us�^���;����7��#�\'��ض?�K��1�T�K�矁~�s�4�.݁��KG�j�x߮H�AOAUW�q��@�P�f��f͡y�w�����E�[���5t5�=�d�8�2.M�0�p{�E7�����er˲S�1F�r��E�ݦ�:��{��W�Ri""6݈�J����I�4�� r�z�{���\ʰ枰e��y�Ȋ���^m�c�]��:����C- w�����z�ZҮt$�Iҥ����^p~'0D�����tZŬ�s����Z��o���N~�9w�/+��Ki�Nќr��l�ћz���������Fw�{�=�w/���	�ž�2��u*�o�""��ƨ߄�t[�xI)Y��JD���6Ej��pm��X����G�TAv��ߞ�b��v\P���t�j���*��J��1 �����d3�nט1��z��d�5Q�u:��1�����g�=|��f݌��#iC(d�ڱd*��֨7f�.�%[�v�Ǹ&+*8��l{g{L��:+]�k�-��m����R$��}ݥ]��~V�7��f�����uU['U�f�k�,�=Ԗ����t�˘a��c��e����(��\�p������]L_9��H���F-�1�ӹ_	���|�O�_��`�""�a,�K��>T��H�j�MBj�d�X1F�qu�6�4����~�pp4�x8�_��}mEhcmM[׶�ms��7�#��f0����?`�����,���_p���4w�7�Ӱ�'�+,|��(��zԱsbr��P7�������z��Dѽ(����P�i�Z���XOx5C�OZF�o�S��bT�h�~��⼛O���\�0����I60yK:�Na�ݗ&���v��.S����toz8=���a��!�-Ӟ�����h�<@��0�e�+�+�6��)U����DT�:�(>([�e>�]}���dK""H]�%:n�+և��^d���Nv���l���ˠ5C�1�+���O�4x��I�M��.���\]7�ڶ�ņ����l�ƪK��Aca��#�q���R���%�hI�̭(�8W��g�՞��nA�*�W3�E9wk�N7�����n��s�s�9�P^�Z�;�]��ϯ,�ƫ��ͥ������[��.�B����Q7 t�:�k�g��p,Ë��0w����_PI7��p����)�R�p%��.�>0}�������Vs���۷/W؇��7�dY	��:/f>�k�;p&���j�j,c{0W�Zc�$O�o�S0���a�g�Ȍ�Z��R-%)��Aj�T�.�F�39V�o��g�U����!""��h[Tځ�ptV�.""�&1(-��,ˡ��{ޗ��x�l��bcIjNGX	@/�۱�X�B��=O�j���aU��D���ԪY�_$�oL5�_���Ǎ��U�z��n�\.��.�������~�+�$M�4���̀f�	��BlAa3b����.��if����Y��	��!$V��[v&I�\�m��}�=����	""������w���(�*C�iS3�gSPqox�Fa1��eA�a�[�r����l���m�I8���	y�=�,A������f�l8��r,�޶��SV�x�ф��hʖ�n��n�:����^V��ܟ>�1���F�+�i���&�����G��Q_�v������py�9=:�]ll�͹�[p��:in�RN+i���N���r�Z_Y_]co�(�fX�����z�є!��Zuoq�d��T�����r?��%��]�5�B��`�,�=S�Ǩp͇�fY��I< ����_,j�����`>��2�&ao:m����HmAJL�T%V6""��m��U�4Ɨ��Ce�+ �;�hEsSt��զ��S��!a$��4���u�g�]j֝w�C�d&�:�&��f���gc�[n�g�������È�@d�_�<�C��w-I(' ����Ь؆n��* �G-h�خˆ�Z\��]��Wc����?�d�ӿ�u]���醮��b�Җ)�����*�(���mN��@Vry��#��W���FI�,��(��7�wH2+Q)x���3jN�UAz�^�+��^�W�7k�Z'��}��^�c9 ͵P""�;��LgÒ��3�g��Af�R/e9�R1�ʜ�9�Ot��蒚��ZUIN)�yn�y%R�a�����C�ia�4%Q�^�=C���d�yҠ;sա���o�?9�h~aF\�}s�X8GGG���aɌ�z�������lN��P�3��p��1'r""/��%Fb��\A�dO� �zy/��%hRf��i�����l�٘�MM>�ʤ���y�v�y8���!\�Ѕ����˷*�*�=���-���ߣ$��)$T��QCj�cC�R_��#-W��Z�vT;�Aldh���x1f%��A.����ek��,�;���}��q�b��Xi��K�r��>�Wyc���^�8apW}�z���M""s6�z��pz���������X*�q*�%��m5Ŝ�v���ֲ���Y�'�V߶�Ķ����l���Gc�F�dW��-�9��tN���z�������f3��:�)��_�s�� �8��J��<�]YT�0-�����;Ng�<=L�ӓ�(��`�춍S�'��~w�[:�θ3��+l���h�'g�G�iC7q�(؞�3�:�J���,P��סDX]&仼�1��s�/�]�Q%Qo����dF:A�͉��Ń���n�;A�����Y���Ȩ MD�/3&#CH��T�h��8U�!��U*��q�J8�w�RW�Aog9i�7�[�G׏�?�wm�����*j�l��R}�>l����������g'g�ή��P�<��r�b<�������q��'����e��x!�sw�)9ɩ�K������l��DN�X/���r����E�1+��b���G˥PT�彁�����V-��F�5Sqd�5}�G,t�.���9��sL ˮd�%$4���*T�CN�b�@<��$5H�-���@7�b�ܬ��~F�s	�Io��*wV�պ����Cȉ �����-���ܿ�	�>���M""�0t�x�I�$�&+�^""V�7��R�@�,���X��|�R��@���ݍ�^��kEś.H� ��""]-��8��Mw��Y���}�x{YD��l��g��M��k�K53�@GYQ��E��i�Ԁ�i��9]fj0������6��]����]n�q�U��}�s�ٙ�xwgvf��z���[�ԛ��8�թ�6ԤjjRi���E^R$@ �@�pз Q�ҷ�TR[/���];.0Zy�{��|�;��>�{�={v������t|�����0�$�$��<�69g-�C��V�g��0;�KH�<��^KjK���L��3A�^=ʡ@�}~�6�	`�?�do�P�-�ZUtD�fϲ�L��v�a���WM5�mo���Z�7� b˧�k�a3^/(6'���x�T����6KoU�}�����t�K���V��4-����}�Yǲ67�b�g,��,:{���ƶ�~��u$X��X���!�ʛ,h��8U@����p�4�?�_�߶_Ƈ���$ɰ^�h�1'�0?���2ީm�Zv�2&0�4I��K�""�RDAԃf��	�����(5*���j�ڊ�1�¦*K�����D���t�)�X���eM�UG�I��\""�`o��fv�UD�iI/�-YFҶ:$����o�x9I������|�)	��|��Lܝ0]�\-�~��Yؘ��1Hq��I3�3�s�\#nƝz��kϷ��������pi}ucu���3gWϭ*8�l?5""]��]��y>�/Jmө�F6��!�OŒ�t;�BX��F���8�,N�%���AP�ۢ��k߳���!�v ~Y����D�8ዊ�b�*RE[���f��EYQ�*Jw��Q2Mx�K������3%=�O]��=D�뿈?����h��~%S7����8J��t%]���}�ޡ/�{���rj�^��z�ޠw����K��=��h�����X��aF�Y8ˮ�'\\����.����&��zsa��u�4==��>qV��̃'�_����18�y�����7�M����CP�X��6C�4K�#c�d�X�gWCJN���x5�n�W���{zN�u�.��j�Kt~�ȡ�C�>���=xZ�d�N.�xޞ��0�0���c��Эd�bk�P1U�n�d�jHâێ�0%h?��,>뽉���w�O����7��<��3~YplA6*�+>���y�u����i7d��|]����?`v05�'D��p�""q���BRhZ���Ha��2+�b���+�$]Ӱ�+�j��M�'1�z���x��-��a�s����f7}c�j��g4�H6��!0P0k�H���\x�e� c�l�]�""q�8 ���KQeS�������?՗q^����h/�]��Eף,rHxH۴Cc+W+��6���qg�<\�w�{W/^�^	����0Mx�����������s��Д�u�dr��#�ĩ|��f�!�ǧO�:����默M�{�$�6�Ќ���v�2W��-�>Hm��΅�7��ͅPxi���ώ_�ld�hI��wʪ^�Z3er����n�P������]]WE�I�r�j�&>2�>��0I>5I|l�+�<���F'>��my���>�����L�D�f̢�!�բ8j���N��������B�%/��'��`���'�Y��8��T6�ϼ[�-i���v���]������������,��T$�����������񿉏�?�F7 �Y�N��:W«=��.0Kzb2%�:]T���_uDh#���dO��]I Ͼ�\n���ߔ旖�4cr�i�����Q�<�T�5c	��C��胍,�~f��Q�)eK�F#4�~˱�z������q?^����?|WI�i���j߾Z�*/��zs{/��v�{u�I2t��N���LB2�B���ą�	!�	���3₄�/�āa�v���Ί���Z|x�z�g	9�7eUQ�e���S��>�4���|�������h���C�W�{�ڿjsC$����1Xe��W�ڠ��i��闻�+��n����N�s1���Jr˓\0��5����&E�h���	�_h���[#� r��������l��N��5�&q����A#�������E>�L@��ڢ/�꣕�j���h��F)ne���r������[��G���:���;�Ϊ`�`ATA2��rB^�h�r�>t*�R�t�����m��x�?t��t;_�=��iE�S��L�O���;Hl����?����<��Y�CSq~�dX�){B�e�b K�15b�X����M�ᮚb��<��ߘ?B6��|�""""N�hw����l�?������T)W��US�>E""�#��l���m��ƨ1nL%�(@.Q@�y|���d�ZY������-X^fWǯ���hVK����F��n��=|�<|xEs�����S�FS�e_B��J�l!� ��8g�+�q��ɪV�Y���e�A�;�Ė'F����7Mӫ�2�	""������`F̄�e.��BSt�2l�*դ^���F��Τ�����6�z�� |�!� �ءv��F7���<�|r���'_y��րR��t;=�jK���͎�o޸u�����]�M�Q��f?'O���Ŧ�������������O@�6��(y?�6��D<ȝ]ʸ(�k+\]G��E��X@g��Ī)��E`�g�ɟ��k2�p��hΝ�2���8G��b����w�LQ2���6�E1�&VTaɩ*�2C	4Xr+'� ��[Xu�֜@��'I�Y�V���ϙ?���z�I�K�%șT�qa�9��L<�U�N�S:�g���B���dpeEx�����ֲFP	ז*W�,yDw�[,�S=�}�WR��Y�~��C��%��F.c�RDÇ**gFYVvKV*���fd��y^�`&3����6��x����h��٦!�Z�0�a��L��p7�K�R1�?�'�d8M7�[���Nv/����a��_����I�g�(j�#_�����u�|���K�4��,������>��[H�3%�r��)Ű7����ht29S!�n��1��a��)�Kw�@��""�i+��s����I!4W`F����TzZ��1Cf�9b��~���ɫ͵f��Qk�:�~-�)T����\�h7�؞dm�;��7��԰��K�@�G�4�-޴����9M���B��""�K�ET`[�T�2G��N>�\�m�j�k�@y�V�o9G&Y�~���W�0��(�%��dU����O?M�+q�Y��\�,�*F�_�x��\�'���+]f�Y�ٚ�E�7�7��d{�3>�M�LO�Z���[�ְ��ۛ�O��g�_<>=��5�1������b�L�8~�m���'���ˮ�^˸5�'���(Q	���d�ꠅ���HrTt�����z�����C�P�B��S@)�dC�P.�tܬ��V��)26��n�I	7��x����""��Ba�zĿ!#T�CLSe� ��9rM��lE������m��S�С>�C�7�O7�A�UR;�8��0z2��9����rO������R���'��N�����{��4����Ɛ!���LS%}uΌ��������{�N>�7����3���2<ߠfNL��챏�(��	-��KÂi��I���D�E.���zE�[D�@C�1Ѹ&�Ö�H�u��""̛׈�,��9���������+����yi5���M�%1|��wub��Z�5������!��T��ɍ�a��E#�LG{'I]+�=�Vq��FB8a]pa?�^�Jޅ�B���dˣ�ɃSHzN��䞓�h�V��ƈ�)�>���DNwv���lg�l���������·=�Qq��oGNKZFҧ��3{�N��G���5�g�5���Ah�d�e�s	�힍2I-ԫ��J+�:�QwZȢ�EL=ui`�f���Y0B4(x��.�[��$�2~νBh���?(���#@��>�����X���i������K|lj��Js��P�~�����8(V\��P�����T!@�q�|�����:�u*���U�����bm�����JU�d��F;{S��Lz��}N�s&��9��7��B��6�4%i�T53�?w��I�:��O���[!=	�'�j���M��%�?0zb'`����WT����7UA��`��ia������8����F��<��,�S���g-}ś3O���6F�$J�RR�P6�����S���R�Q�bm֍{�F_��&��x=[7�:��D�_��j��K������+Q��P0�u/��b�~ܽv�ܺ���p��u�6�5>��[l�o1̰��9�B~�r��Ar�t���M�������2��A'++�N�[��6k����*EE�P�/Q�����\n���Nw�+�t}q�(k�ۭ5nԗTY-���RH��@�g���U�5؄'��J��fݱ�d%p����j�1��Vl�}�#?��""��%M5M�T}P��@�Z�f���_�9�!���MF��+��	=�(S�N^i� &)&�d1�%K�r��V��l3�)��v���+�:�5��Zo-�xe�on�vZӖ���YV�UE���ɬ�sm��}F�Y�)�d�����O!�ոw>��	-nr_�f�����@E��D����i�s�������?Zd�U���up84�#0�<�Nx����{�p�=��_0�""��8�\Un�杧""-�IZK��2m�i{�}���v>�E�F,a��B�7⭍��.�r��b���==�xI�K��$ۂ����C""����|eϛ�P�qz����V��{<�ֱ�̒HN��r��!x�/���l�m�������[iݒ��_F��fc�V�8G���Ð��﷍b@�e�)*���Y&�8��X51S�=�?���g�#]f6%}���2{h1��T�%4��\�ILی����_��g(`̉�w��!	����F�������_����{O��!t5U6��v�O+w��3��X��Ӎt�h�hr09=93�~t����[�})�EEj��j�������Ι7._���xׁ�k�{'���]��%��B��!����s��c:�����V4��/5������9��N�Fde~6��sv��U=�M_���V�f݋Mf���=����1]�Y��B6;���.���#��2!.7��@|χ0&h�OA�v�I�Q�v�J�`�S���h���k��O��b��AxU�T���k7�]1[I��͙��8�O��8�����n)T����kH5���tk�Z�dO�����D�5b�5\9)ew��.��,I.6q�z}M.�|��/���U��ݹ��3��ڻ3{�������^{mg��N'���)-	mUk!D+%���AHM_x@�}D�3*HE���#����S���8	бww�f�������,.�G;&���8>H��B�{��^|45�F���t:��0��=N���h�����uƋ�b�""W��JgelU<�0���c���""+ꀡ��I:����4լ���sۗYq�z��H�s��dcm�hs�u�1���יC��0��^�Ja��wegwGʶ�m������jԚ��V������K�k�������ɁM~�����I�jt�����V�Uk����fج5�����🷶'�;ۻ�ר��|��O��Z	@�ox����ڜ����;ό-ݚDџ�\�נ)�/�G��ׇ��x���Iz��X""�>+�-ӬF|M�$���)i1��{��$�yzi��`���'CN��bM����kƽV|[*f5ɒ�z������}8��q�!{c��}K}�o̯AI_����3�R��s����|)?]�T�y�<�""�aP�\P	6F�Fbw)�$�z^�ڋR���b��n˶6S�""���_U��6�/�oX��I�g�f���G�r�!����g`����""s;�V�ïFkѥ�����٫�/;m��+/Sj�0���������܄�av������uX����:�R�nw���xcSHw��R*s�ps�oI���'�^-$�MI?$Ә��sƣ<g^�~�>BF�	��9��\ן�u���EНVF7LAw��r{���P��3�F�c���S�!��d����E���:ˆyl#~묢���f3��KS}���|�t2�'o\""�CJ�ZR\�T]M�A���P�. ��e�����M݊HD���/��h%���f~+��\V�����cC�N�_�JM�U� ��b�Us��0� `�V�5�0dnRgHdP�~2^A/�p� ���t�Y��|*J��Ca2�Q&7q�\���ޒ�/��a���5�ܮ�^g�� X��FD���r�h���ݒ Ī��Y��z��H5�uݭ""=0>�#�W����ƴ��T��,����J���P%TJS���̔ٲTFe�l��V��SE��)�dڕ�X(�.��r~��-в4i���_J�x�m��|�.:�|����,ϻ�`/[����).�O��Q&cH�\B�3���O�D��fB�	^��xE!�y,X��t�`��*p7pw�7Z���#��m����9��8�39�+9e'�����4�K���?�4rii���j�]��!�\X+ N���pwx�wc�g\�iuZ}�ȃ��+�������,�+���0���hgD1�*�:�ȒúllW�J9�֪�z���v�ev�xx�{�w|������ѭ�[���~�������/U����Q����]޹r���� �*8���=�wP��P���RQ�N��;/����T�6�����|��1$M�.�^�M�S2L��i����3�h�����Ԏ))�b��OQDyx�p-�'�d3� >�t��-�**R��@N�0Xk�c`�s(j�?�v7#��暺d��6}{��������?`�Ͽ0�J3��x��I�-L�k{��XBI��Y�4�҅C�v��9�uZH�����֌f�����?~���޹����b�9�\S���D��W���SFcHC�|%Me+Ȃ""� ĴM_��q*�#&��2����Qo�i�gz����^b*(pi=�\_��ـ最bE���ޣ�^��-�ƨ�O&rvvk��w�Ç䉬��a�%�B�H����)���j8�L���4�n��0�5U3T�T�sS�j.�%��N���ZX�͙&�o�t�:�\��*�~��:��讖ත+��<�G�AB	�� ��H�?Q�"")��Y��l�Vj�NR�vb�nR���Y��i��t��t�i��e����$�n��L�l�3ٵ�$#g�O� J�s�90�K�h�z��Y��(ڌ�8̰����4��k��7�7ϒ���W� ���w���kY������R�@��SS�ݞ����x�_�~?sG��;^ZJO)��2�*�g��J6īHB�,⑀p5���4TSͤ�i�ͻS~�W��iX5bӰ	q7��<ќ#���o\����mc�q�P�~��'�Z�Y������������OH��o�D8|	�t""�/B;A��5J	R!u� �\��ؖ]?����+�X� �3Ni�&>{X�t��+�iw҅8���{vw��q����sݹ�$p�Օ�+��z����yf{kA���$J	UQS���%_j5�Ֆz������.׮֮�84p%a0 -8���Ld9v�۸h�˅��wV(��&�}���;>�|�%�4��P2�b$U5ޱ�q	Y��,+N@�gf F �f���4�HݨyNZ���]��Q'�ՙ�j>�?CK�����2S%�dH&�d�P$�V�ie�W2m�F���_d��64�{��aZ�rq�j0����f�O��;Āx�xD�K����xA<�f��=+oM[kƚ�.�.�����~ľ`��=|�������'O�{��3����zn��L`Y,�k�v�@����գkGw���?|��C�c6J��H��6h��	�C��`j$�y�irc�sl�lj!�jp(��~���?�?�͓�:��U�b'���,�p�O�qKa)�q#&�i������M���\JEY��b(.B�c4KH'~ܩT��/T��=��9�_�T>n�{{|�\Vc���d�EV���Ą�3�P�;9ڤUE e$�E�@�R|\�iR���-J�R s�@,A@\��I��e�{�a-0� �����7��m�$��]�'�{��1�����By��j��W���l9�η�o���[����{Ͻ�>p��]+�������/�?�|��ѵ��02� ����Ly�{׽��?�~{Z�X�!�����eǹ�ƭ7^;~�K��@Z��,�)�䰆l�W#Աo�I@<���������	��n}c^8934O|ӏ&�!q�h$�I�rIpE��Eh��V�u5Σ��y���ᡸ�(���yncyy���ԅ\�U/\:��HRJb)U�(�R0藊,�x	""�$��5I�J2��Q=L�^�%�xy�������0?����X]�,юf)���v���[n��,�'�r=���v���~v;����CZ� ���a�G�|9<�*�;l�F\�t���gb��U]���S�a9<�^)1�*Z�s~-�Z�ʗ�6��b��Fs��*""'����V��$m���Z�f����R_FhE+Ľ�.�9��ӍǍT���,�4iUy$��P�0a���|���vx&Ь��^����r�q#+�x=]�[��nW�.�]~?�v��/�����$�B�Lғ�L�Db���ǆ��&����ab�b���A0�e�n�݄��m�܋{����;""�h�)�O�����4^�v�1�L�,��8��a%�����C���ԊZ�b\���v�S#�G$���V���a�SKȈ�=����""�N2(�)Yz�?���$�o�w�&h_�g��������ۙB�@`{����֭Y�< �n.��.���z�T7������~�㷃����\�ʯ`��RT�r�����;J4�+��A�""@����SU+�Ki��(��M�_�W��xy/,���(���F��_@=rIp�,9YXr5a@r��>�GE+u��+g߳�ήeԠ&��<�^y����]M�US��5�$���H��A����H5�S��)(S���AM`�ܡKX""�a�k����`{0L��H�Q6g��dj�ܥ9�����m&����lK$K	i:�B�d��]\�8ɤ!E�l�ȕ�H���n*�~�^��������l�j]+=��W*h��y�ͩmU@�y!�/]���$�;������v9o��޵����끁��t�))��4Ô���	?��|^�""�d��B�	<_�V�5���u-�w���>3`v�=�9b����!w8���^�O(W�%.K�lVނ^5E� �������S�7K<���,OX�>��[��o���G��'�Y���9aEc�<�󂩋BӘ��{�-�a�y+�99l|�Q���f3�R��Y�٣G�����bŐ�))���� �TK?,�96���♮?dC�>#��c%�u_�I��	;��#��)�GQW�wS�r�����hw4g�e}_?���]��U��m�&=�XM����0?�s a$�""��*�g�̛eg�4�C~�'�t�`��.����6�j*2�Xד.5_?iԑ�꜏�y�M/`B�E������.��(��lG<�ǹ��(��2+�U���+�U�^�����}��,\r������3� �_#��R�u��	�Ҳ��j�q@���R�����P0��[��m���|��W(�[4ǫF��q��!��Q�ɚ��:�Y�J�u�O���xM0l�s��O>l�H�/�l��""���M�r�đY6+f�l��k��[&��R����J=����6�aV@9��Ӌ��_�l��i=�)�'&��|��tu�4'ƫ�=]��tq��qo�3�;�Q�D�g��Abw����c���s�l�d$�	�������9�u�����9ٯz��ፄ#t12���fOWP�Q�P�bTE'���Fw���{��Go��V��=�N�N�'��~����i�^�~���ok0�U�B�a�V.��BX�J�Үt*�0	g�^��M��\��bL""|$I0�\����2�36��K�""�/>�略���~�(0Y�#���C>?x�f�����}c2q��h4����^od��)ʲ)�*~+I:��!�UMĊ������2tNh�\-�M!X��`�m��_�o����u��+SM3�x暢*��@ 5J�i/��AT����\I��|�P�6k��f���	OJ�%�v�n܏�L/�\ǐ�L�'����D5�.�$.G���=��ONP�S��mW�5O-���[65���)��ٷ���K�f7x+o+����¦����W���Gk4ߵnބ3)/�3�1l��t�.8:���to�w%>�3� ��Z�y������6���� �3�1�����3ʰ9��s��E�����PG�<�~_v��}yN�4�v�J���~�e�ۍ�;�L�l��&T�hi��АnN�b���A3��`��;s��ʕ�F�Ǯg/<.���C�7]""��|&Ǵ����媠�H�Ee�a�;7Af�;!�T�m#���l99�Ɣ{ە��h�����""���eU.G}]U����*�""y��0v{����0I��v�M=J�X�Ȋ�ed�*-��V�h��H�S!�$[�F�qo�˓S`�(�y��*V�T�n�%����I�-�*��<���8�D3{n�nv!5y�}D0�,�.F�'��}�����8��Y��n-�.���˗ՓÈ6@�ٌe�z�5M�E%�*5���ב$""MC�-	�TV˭S�.#��&%�׿�:� �pK/�sLO�3�a?�O�ؙ;��Y;�n��es,�ѤX�5�^�[a���wF��5���X¾/ȑ��$�/j���x�]p܆g��'��G���!�I��-I�X��j\i[d �X�\���	�DC�T%�g/�e&�C����ݞ��8�����w}�b+}4���[��y���ɗ���)Ht�WC��(�7�i�]/?Q�e�'���8�1ɥ]�������Ie�^�,�""}}�^�����km���W�*ށy#/��ޱ��N�S�K��T����aDN&i����[��,��Aw�w���b�X�W�������5�\&T��t�f��H�QDUUj�$}���}H%#~)F�V��� ��)""_��!�j�`c�7�������ҥ�y���5/�K�Th�f!�-aQ���nU��낄-Q���˵�?$\+�������;�6��&�',q�љv�CH�I/�ͣE��T��K�,[a�*dY�jy8�&qw�-��	���fb]H����;Iԅ^�x1!�v9F�:��b��Q�MG����ʢt_��k��d�зT���Z�%�-@��D��IdY�u4*����/�v�*ƾ2���	��� �s)5�9w�A�>���<�c��+|�7�K�:YDL�s#��5��7Z��f��mä��*�ʪtT""�^�XWdDb}׻��,��]��:�?{EO$��ۈ5�A��c8?)f�SX'����T�n��i��o�³m��'rگ�-�p��R9�X��Cד���v�T""�E6��@7�{h]�Z�n���T6M�b7�fc�cs�O�����msg=*�����V/�����ꉓ�7��Z�F��0��Im%b���5l!�X�#��� �#�Z䧰?���F$E*/&�0aޭE����c�T�~Z�3���0����m�~�ݞN�/�o�p��s����e�p��p��T��$`.�%qaȑ""�$��� |C�#����Շ�]\%��l�ǉ�%F19wY�ǐ��t�8�����P�\���E�l���p���r�܆'!l�'dߐ�ʘ�����)gaZ*(P��4[s47��ą�z䕒�X���qb�srR̿P.��,� ��G�;�0�G�^�c�x�m�F$���`m!0/W�CI��M�8�ʯ�*/)Yd""N�ٕ~S�f�$Jb�����&��y��$dc��������ӿ����g	vc��""[Ԍ�^�+FU���؍A#]��Ik+[�u��4�m��2p{�Ѝ\H�(���C�J��C��|�	)(u��	9���������YI�d5�V�i%�[e��5u��t�����m;`�㊶}��چ�V�\��V:��J��gU�~�����j�zI������IW�*]��K7�}Hw�.Mn���` ő8��!��`u49�g�PUESZ��.��F�*�z��y�n��v�ʏ��8��G'�<��$����	�tf2t�,1 Ѐ@��X#��V�Cb�kBbHì�Ͱc���ܲ�Έ��đK���������B�P^�(U�i�������3�:�k�6�]�«{�!�)��<�]�՘�T���G[[{{����tZ'��]��{�~�0�Qm�����6�p�=5�:|E��@��g&�̣5�Λ�)�b6�U�<�cO�%YA*ʠ,*�E�,D�h�(�s��8���|{N�?��kA�LsiA,o��t����w��⨩)�誤|È��k�$c�K�9FXr}Ų2d����X;#r %�k77';ۻ���Ŭ'�7�d���!^����92})�DZ�'%���	%�:~���Yђ؁`q��JcI���KL�(ZV��A�=�����BPN���,L&���멼��g��1�=���!�q[�]�����@p��٦��@�{��H���ey�1pi�Ě�br���M�I���L	���(x�>���RCeT���1z+���~1Z���|�͹�|bЈ���v�.3`��Jm��B�=�EAd)Q*}���u#�:]F��y�lDи�~��h��.�aeTY��+�(!}��R9Q�B�/9za���7i^�KO������D���Gy�t�}���ʃz�a'˶���v�m�a1�h0|�����0�_ߥ����=|��|�o��m;�`�R�{��;�%��57N�����Tk�Y�/E�Ů�:.u�,=�XC1+��K�Nգ�J��J�Ug#.�#��rm70�fA(a��������ňP�F�xP(J�-I��q{Ù6'V�G�yqV�?��K�a�>]��w�������?w�[L���z.�Ǜ	��Ko���O����h�)3739���E�mt���p<��V{��F<��bCh��d7�""+�X���z�N�ޢQ�K��d�v���Y�t�A�=j��u6������KݻX(5�5Y�V�*;����r�|�a�i_ ��O��G��w��9�7?-'r'g/��܊��������O_>=;}tt~D�δ���h��nl�p����N��͏�����*��u��ͽ�O��v����f�W���Uxi�?5���x����O��8p���y�&(Z�Ǿaɩ�33Z�	A��z��x�2bX)=m@c�.kr�z�5lU��c)'Bc���}3x���λ��nE��絉igR<���a?�f��O�-K����J�.�L�׸�dz|��Ʋ�|�_%db�$�����E.�lRm��Fj�Ί������Mu�*�g����M��F�zp-��$V�1 ٘`�NZ΂�茠��ں��L��aU����e�4�ҫ�z��xu��sR��\���@�Hx�|�`�����RW՜�ԋ^����VM�K$���X�yƂاc�e⫎��������(F�yj�y]��DD ����� �jv0S0�.hwb����0�Bp""xĠݚa�rhޥ�h����b	ԝΤ�^@�:՟�p�(K3""L�fHU�{�w���kzI=}+:o&kE�b|?$$|���t���of2�����o��8�b��+��w�>�R�����{�=�~oiҙ�'������V{�};�L�q'���ڍ����5z�iW�UuMwuOO�fv;����h0���R��I�I���S� �g��Z��R?"";��[��o����S~Q��4���2=�`�VrZ��iW���V^N�6+�99��t��k�i��g���v3��	7\d�4v6dձm��J�`�P�-�_����တ�ɓB	e |�_��(���h�B���CO�����'�������xs|�y��ݼݼ�?��6���������{����I���������VJ`u�6���1�춺U���rĝ:V������Ճ��n�f�V�	����*���܎��>����)}%iӐ��=痜$7Ͻ��y�����닛j6�r4]r�C)� ��V�!��<���ET��s�Nf���ھ�\^��Z9���CRG��ZRb���ވN�+5���h=@�q�LF-M<����	B!v��hX�ނ�{�fQ|���C��;t*���(�@58�]�%�e����`EpEp��]G��&zmQf�Ǜ��{���-76�d#��6��B���Y\P��XN#�""�W�kUc�q�����fJ�^��В0,[Ur2_�TnJ��]����9eU<�""��H���p<�^���1��dٝ��!@hk��}���E�B��E�YU��LQz�L���RZ+���������� �5:�i�S��YFd�#,�B�������ߥ��qsJ���]�/�����]�{)��̰�-AK�#����:�W�K�3��<#j�a�41<����R)��Z�V�$֙�ʓK-�3��5�~yf�Iy)�8j���Q��RA� �������KY	ma�bt�j}��ji��T��$^�M�C�Gﯫ{�(��Yo""�NQ���m$S[!@�A��s�z�d�{�`����.%��He�9��v2N��sВM�v7�q�}A��B;'�#�HeXI � ��c���#<���p��1�!���x;N��,X~����������d.P����ù��h�2#N9W9�U����ꄴ��x搠q*m������~�|(��6W��	�>��M���7A�P�\:�ʳp���F�R*��J1�V����Q��,�h�n�x��3�I1v�`�����+�x2ո����F�D$����ͨ!3ªo�Ьd�)��S$IZ�,�u���g�X#�/�̂��[(���k(�QI�%x�`6q�5�ug��Y�Sr� �ѳ�*�|�\FzNV��seZ�""-	;�\@����`������={Ģ�[�@_WB�g���X|u��J�^���S:U1!���Ծ]FK��S1?��]z��K3��{�v{��,8 �f^�)�a�f�1CV�uϢ�ac.�9��{��j|�Iׇy�|��{Y�]l""K�:�o�e�3kl>7hf�_�I��k���,kh����e�gH��q����� Ť����Eo��~�n��)#���R6H���y%�L�i�E��m�8�Ѻ��-&�5p V��l��a��TR�C9�����%L00���o���7n��Z&�4��:��+L`@�1�w����a��	Z�x[�1�O�QP�z�lI��ƅ �!���EU�d��	F*����l��6 fKw`�a�aӕ�'�q��XHR��PҭZ6�^�m�0����4E����it,=�Wf�����W9�����[q����W��՛~ww���<�j��\�<�^�W�'Z>7�/`����<�����du�&��#X&�W�������ǭ�Y�qU�ř��,.�c㚄[��P���ll�?�F'��:����8�Y[;R����62�mｵ��vzn�4B�&��.�Zf������{�cn�琫���/uh�]��$�X���֎a��	g�ݽX.�P���~]���5����N����m�r�G�1la�ך��פ�������������Wf����p�1�'P�<��0lN��^Wt��;�{�F�}��n�,�#t�~nw,�I����>˼��������O��G��-}��̎�Ϗ/3T힛cm��+���j��k-�|;>47_�]'؅��+�b��M�E�M_��};��˷������>w|WP}�?{ߏNv�=������Ò��o��37��\G�z^��Z�1?:�%2�?{?&��K���V�O�g�H���/5?��&:�e�������N�/�yt-5�/O����z�=y����t,Ng��Ϲ��;^�[����7ln����w���5� \�^�������؝��S�D<>{#�g�O%ߟ���R3�.�a�)=�a�b�z7B;��FGf�w?�- vko�cXv�w����0��޾>�1l�xgBW�'�ߓػgf����S/�QUq��wfl�!�*E��i;�# V��a[�0����R:M{5��,Htх,�I���ш�!]�ؘ.�����j�m���^�I�u��13|'����s��s�MNejW��ׯ6�~E�~��]�r���珁��i��_z���{s�&��5ٿ��A�7���jֺ�x�����m���U�9]�x~[v�BZ�?eEr��h������sSԐ�����V���:�|U\�T�>�|w������fx����q�`vXך���s��og�G�z����p��y��ʛ󸙮tͭ��6��7�,NVZ<�\xOb=���R~�t�`�����@z��&{�Z�gM�֦����,4���~N��XU��l;�LT����OV� ��D�̬���Ɔ[�� ��ҩ��4�l>̟#�k����g� 7�<���������O!t���X�}jH�]U�""f������������������������������������Xp""~�V,I�����>�~7h���i�j1n��*�v�W+��������'5[�E�Y7ʻ�Z'ߩ���n.�n���S���n�z�';��&7k��T�.R�\[n���ٝ��_[""R��uǵR.ai���!�u9,��'�x��bbK��T��6�^j�T6�4�E�PTW��V�G��E�A{kt�	J��E5�zT�l��������ߣ��:+�²M�i�����I�HZ;�����O�8O�hۚ���J��F�u�y�i_L�8���kعS���:#����]̙mkEL�t3>kgY{Qd����/朙H�t:r�L���i���|h>���eR��o����|l���X_o��v0]�9-L�y�t���t�M��7�zo����M��9��c<|��^�)���uEא�gZ q����{ny������И��*���C��W�?;�)���eT�%z�9�0�S��rendstreamendobj31 0 obj<>/FontStretch/Normal/FontFile2 30 0 R/FontWeight 400/Flags 5/Descent -140/FontBBox[-121 -137 996 859]/Ascent 859/FontFamily(MS Gothic)/CapHeight 737/XHeight 553/Type/FontDescriptor/ItalicAngle 0/Lang/ja/StemH 85>>endobj32 0 obj<>/DW 1000/Type/Font>>endobj33 0 obj<>/Flags 4/Descent -271/FontBBox[-174 -268 1001 944]/Ascent 752/CapHeight 737/XHeight 553/Type/FontDescriptor/ItalicAngle 0/StemH 72>>endobj34 0 obj<>/DW 1000/Type/Font>>endobj1 0 obj<>endobj2 0 obj<>/Font<>/ProcSet[/PDF/Text]/ExtGState<>>>endobj3 0 obj<>streamH��WM���ϯ�c`ʢ��X`���{(�TH�a�~H}���gl'6��ݥ������O�|��?�������vS������[>���v/�����O��������oۿ_����x���Ϸ�i+h[���6Ω�躍���S��������?p�_���������/_��""!����TV��ܔ�M��`�Q��]��_���{����ޛ�����%�~Q���b��i��vUA1�� ����s !H^	��f1o�[)���ك���'���Zd����;�O�JIx�׌��`]껉UJh��ًh;ǻMx��{t����:W��Dy|�Ү��y-6�[��jM����ۯ/�pyL�������m;|]�t�qt&Xڦ��3�0u5��/sr|CXD,��d�_�V���Q&O4aq�ь��;���!i�TM��1.)��k	�w	�$�#����� G�!�6D�������%W�;N��Ll��� �T�e��� �""ߤ�2�䘷�5�ť9]��OHV����D�=W�$�vi����jF.1���#=���mA�������_�d˅��XP��&N�A�(����`%�3���{N���[�[+ŕ��8����}^�""�e����E�R�1��=�Q���R���J�8�e�m�D)R�Q��/�ě6�ō��x^�T�c�!�l�ƈHp�2$q5�5�\݄ߐ��A�N?G�/((J�⌲��VB�iwB�p��x`QH��/�U ���z�?��8Rk��j�X^P5�q;�V+O!`³�a�$gSIr�F��JW�Fg��L���r1{'�[�����GS�Z&���)������J���友�ߢ�A�c6섩t\Ԡq�C�[U�f�X��Vc�;C@{P6�)�'NŸB�S�B�APH��t,��t���~�%��]�A1n���0F��=F֎�&��/a���b-Țȯ%&:��<�""9�:ְA³�൫�=��r�4�P�a�e��h��""p>�\��s��:����	(Q�@4��,d���L2�(�pJD��1����T�S��pw ��O�c��;>��fl��\�e��V5\��W�r��w��n�~��m����Q�[�f��x*`�pUC�O�a�^��ͽ�a������~��g$����t�l2h�Z}K��}��G6�#�JL�A�cd]�\-A����S�֬1ܶk&��""��Y�8B�yC���6�@c�u]%�: X�4���٬V���`�](�4d;g�0q�Vl��Ν��mL	5�S���&f�`��R�٢�IJ�\�Ą�RwŶ�*�@0���f���W��d�s�2#j*I+�v8�ꁹ�;���j}�Mz�T�9��[ˊ m8�bnΫK�Pi��#h$��ۻ^��(�v�|>� {�nV#�������kgZa#���$C��l��T���Y�6X�_�uR��!���)�L�L+��d5%� �O%%��,%�B6�2�H$/�O�zd�J�'J���m�n,���1�)f�G���e�SN�KA7v�C�峆�I}wL�ĵ���]�`d���""5�����&�d\7�~�����jǸR��l%ʣPy4��L_���""u�'����mF(��4��z,��R�3��&qt���L0���,7���u�,r����$�H*�>ziiH�XZ9O*ġ巿����������Ţ�C����DL�9q���ɧ��u]��$�K-�gӅ�B�8��i�ܙ=��)u���bo�Kq`<;R��̎)x�͸ʀ����]w��$�V�o����*��Y�^��/�ӻ�ҭ���H��ȼR��5��c���N�[���a�1�b��$�������hH'��Ut�d8Ά���.���qy�Ǐ��K(�៼D�储��f�@�r'�N�C(��_���3�֟������::�I[)5:��2�b�]�3+|�o�q�Q�8)��d�eǚm�l-���[tm��ӧG��K~�GO�qWE�Gc*KgSF1	{��W�t��\��[��y���W���S*JS�I4�r=t�Z��YN���-�s˦�&��Op��������\l��{�����(�����t D2F�p[6�*�� ��?W\F��ZO�T�bZ���*c�(�?��mF���Yn���(��>��)�Q$�ȫ��cE�ri��^��E}kF�������<�+�j�����;��?!QҸ%��C�h/�z]�}�q��A��;(�Mz����瀌����W�5Q:;���Ed�,)��i&�M�ƣ�����e�b`]�e����Vc��.""Q_�z,���R�ހCv!�)�b����̩>&bZz���A���%m����g��23�x8:�=�c�_$�r4CD׃U�7��C�����1��>*��""�=�.��&��V�?:�2��u��N��^�Y,�[�c6�C��K�ZfzU7�}҈��O�2�Fm�p�A[����$G�}�;`�۳�;)�>�-φЛ��jjAY�ZM܂��:tېq|�����<���������u�dz��cԇ�d�����񓥪 9c\CoW�h3�%��[͙�.q�69��c���v��8f���;����#�t,���R��OK	�F͢��,%t5a�#B�uN""4jVˁ������ ?�$٪�j�K�~��C�N���G#D7���1q=׆�s�㼪�v��^�Ո��Ac�Pۥ.��G����e[�Tx+#Wp}�d�����Z1C���)+�}�@�{���@�W�����[^|�Wz�Xz��;b�Oj�!Z�}��p���)釄{���IdN�n�k&4}Ҁ��0q���m2��?�Q(A�tWB��Fh�����zuCO��B#�B�Aeδ���,���n`��jw�e���a�!�z5��J�R������Z�4�L�/pp��ʵ�4.Y�7��X��}TH���bw�""UK���n��}���?�H�/�g�E��-�+����G�Ӌ�-l.V~��I��?ۏ<��Ŧ��v��'��9a��So��q+W�;ζ�~˼4�n��5d�|��Z�S����,�yA5��yI:���9��~ۅ����#��=�Q�S��^o��حs��c�Uʰ�L����s'&k��h� �:�V�ʍ����G�x}ؗ)��;RPދi��� י���^e��[�][�/2�c40cF�}F��(�x��Z�?�kD?������X�}S�\�.�U��j亐f��1�����'�����[���Cty�������c��e�*��U�Y��5^��}�����|�Vڱ׸�yAq��+Ԝ�Բ��-���]�v�8Į(���&�+!J{�D�$\;a��U ��A�&[qq""��`���-Ȗp/��~����~7u���*aT��Q�k��rF��q�����GT,����*�5��5�+���r�A���l��Y��=ƺ�����3�\�X�W*����=����vp_��cj��������|��QIi�.�=��Mf��!;��V����^��N��R>�$h?h��|�\����`2th?Wu""c�sIi[��2�Lj��u�}*wO� ư��0j�j�(����k��0Atao�#cMbH���!�'�j���_rd� �j5Qa�H^��g'�:y�&;%�X�3�6jψ""u��4����B�|ɶ4�K$iI����*0e�G:����y�|d�����#c=���Lc*������z�eq����;��VF~f�Y��2�oM���6v	�Cxd�Uql�z2XO����ƕ�Vg+,jt��fR�|�z�b��bgR3�2rLɖ���X�R$}��N���M��*B#ZJ�B���B$��GF�L]��KP�BjSV�nܲ��$��^qU���!�Zߣ�Lh4v,/=�����_��7��k�b�kW�bq{U�R�z��%۰��T�6�!��]懕�Q�#�~q���ݠ��TZ+"",���f�d�&�N�W��2�)ĬY��.~a��H��RYk�m-̪M�p��:�Y[endstreamendobj4 0 obj<>streamH�|VtT�����&��������#$!�|�/��@���3H�LBB��dA����P~�%���Eh�J�b፿��¢��l�˺**V�(P�K�O?�u�I�k�n��s�9�ܳ�9��A�HD�7��\m*�6���*k#�(�'���_��`�z�sǨ�+���_\{e��|�_ښ��WW�c��Q��mf�TE�����ʣj��m������چU��:�Byi���p*����6��U�q��r�r��Gj�ޕ�@�)����ne������_QU_3��d �>=#���G?�A�:��΅.j���9u>���""���~�S��:���2u��Q��������|J�	���� o`Zq/~��b(��""�Hz���b4V���ChqM�4�~U���_�9<���o/��U���}x�o�Q��% }��;P�f��TlT��E��o�m遤�3P�uh�ߓ�""�gO�2�ē��H��2'���luN:�ǩ��Z��8��{��B��e�F����Ĉ�0����^ǻD�o1B���2E��m�}�E<�y^a���F<�5X�l�~z?�O�b��@1Dw�Q/���E9P�y�>5L��ߨ���q�:�SF��ᘀ�D\N|����f?#�Ȏ�4}��b�h{�a��L����G�JU��VuH+�#߼վ��O�W�^�\�E����1wrLFIl�2'eD�}�����!V�X؎���ʴ� �'�W������|$�dq�)F�Ib�� ,�8#9�},�H%{ʾ2�c���rY'7��e�������R맥h�6\�O[�=������e�Z}���38n����Ͱ�����C��b�3љ�<�lr�1[��R�pt#�T�O:{3�P���فS1�c6�b*Q�s?+����� ~B����#؊m؃�D�${� ^�V�������8.�>�U|k'D""3��L��,�b��(f��b�X��ԉ9Z����h/����qV|$���2M���闳9��^n��ʝ�U���o���9���T������~���:��T�h�zh��5�e�]���'����	�������g���?�B�R`��[/��Q'rQ�^fg��~1A�d������=��%�D'z��b73s�w��H�#����>������Ȏ[�wg��C�8���>�LΗ�r���85\�!���R绥h��t�_�����B�co���g,P06��#�~םy�rs���#+3#��3�>p@Zj��~}������y[bB�����<���@N�,vf��2�i�r]ٌp!r�B�6�Tt��m�cfƭ�����eA�e�K�5�c|n�0���4���� �M~3dؗc���eƄD>w���a����k�@�O��faU|n��=�� g��QQ4Q�YȏJtKdTv���Ŧ��V��""��<��|��[V�6�)v��	c�؞B;.v��ą�f#�s�ji�""����\Y�U$䞑�mO5���.��洉�9A�{a�����8M��&�?�֫0��f�4eR��hY{Oy�f�����47�tV�Ǩ�@���!�S��� �5f�*3஄�vws�Yc-�X���Y�}Ϧ�q�GI���M�=)�E��}`�Z�\q�Q|�&7'�M��t����LB��L�]������J�p#2��""�Qi0��iˌ1�O�X�ch�'$��%�_��滅�3��a}6�y��[W""�+��pY�]n��]���m�vJ\!K��&�䑹9�v�Y�5�R�eAn��1�>�[��TP��ʃ����gQ���e����$�u5M]���&��y��l�v��=�}{j�m�����:��>#��VY03b5�e���KSīhYE�Qd��H��Ta^ӊ��Z��p�6�xs�]��L�}wG6�ޅA�&C�LS�Jg����F�w�seLLr_��4������f���ϻ���G��t.ɱ��/����V:紕��yK<��� �ɧ���]*�w��z�s���}�<)L�H��-��v�""5Ҷ���>�\?�6�\������#��|�qޠ��R�5�%��`:}�<��q�0��͡\G��s���㱞r>u���w`�����s�k��q�ss����u�k:1x�m;������}���o�ql��!i�����\��g�% �,���L���AK0n�?��u���|�v����7s�`�l�""�ڌ5_Q����Q����};{������������q�\���#����z�y�,�k����V���갯E8�����||I�Jp�������V2@!_�UR�|�l�E�������dJ/S@ïY����e#b�ۉ���v̂NT>�""y��0��g]������mK����3�ϣ �x�(��a�_��^���{X;W�G�����@=��|s��|��l�<�)���{猘U�G�=/����@� �p��m`#x,D�a�D�[��Q����}����}��i8����ى��SA��i������e[��9�8v [� L�r��N���ޣ/8�b���;M>�}�I�N\���,-�M��!p1�1��k��-(ޕ��gx_ ��\�����`/b�>Y�r��t�=��0�&��8?��|>G�f�{c�|8���1c��\7	�RM	�dy1 �Wm�s@����J���Q`c��k��JI�Qt�^pIz��S�5������k��[����l/3�_�=���o=�����W�7Ë�/�R ��,�C�豟��Y�o&@�_�͛L��2o�Al����o��/4��|�cZ�����x	P�a{����ip`{��0��T������<�n�I��IK��A��	p	�d�$��آ%�b��}`�\�Hk4��5ꮸj���7�+��X�F���p�UiW�*5::>`��hT��Yuv]�N��PU�ʪ���XU�>6�YC��l�YA;��5k��K���f)�+�KJ5����]�w}P���=�[J���%��n�R�Թt<}N1S-UJUŔLY2��)L9�KE����e�L�|V�BTȶ��E\��b�z�E�'��	_""�""|�}""�K;Dڗ����`���2�K��g��&|�\S�K���L�����1�����}z�ߡ��'�N���_�����QP�Z��xeZ���T�jX	�eJ�Z�ԫ-J�ڡt������@�j*T;Wc�z5hQ��T�CMN���^5������""*����/G��1��nq�Ԋ��ˮ|��o\��ʯ]��+\Y�J�+U�T��+�Lt�ؕ""W��[�����_�mp���s��'A;�>h��[����V�zP�<�O��.������x��)8�^1s�o�/�-jm[O��8���o��zz��ޤ���S��Fؘh �����\7���-�MinJ����Bq*F?�nz=��L����X�5�d���A�5K6����ρɉ�I5��B��L*�Sܣ�8B�HM&��<��5}���܅""�]yhf��,�T�#�d�BhR�)�ll�'�L�dc��6Yۈ&|��)ҘljL�B�k�`�ml�D�""I�H˶e��~=�	�,�h˶uK_�6L.Au�?iwR�Qg!e�����|E���_�>QQ����gBB��B8�Q �(����P�������wd�lll��V&����(���?@cbAh���Z��7�H��fw�����k�]���)۶Mݙw��5]�)�Ѯi�_5�2��F���zl�LlQ��^��)3o�6{_�����������N�ݒr�������������7f�.��m�I� A�	$H��`�|�%j��,�qHө�u�˿}��)�R�a��`[��oFp�y�׌���4�;���[�g�ӎ�DRY�5���������l~�܂���)j�Қ��;5��{��(�H�s��N䰒_�Q�""֝�a##�}�l��lگ�Q\�,�5?p""�Wsl�Ra*""dy��n��y5��3&B�(p\����_�c&�扒�V��-p�*�0��UV�A�@/���$��\q�X(L��Z'�Υ� Ae ��y��Ƹ�`퀕ȧ�(/VFݔ���=H}��6=��*!��,y�p)UMz��d�*�ٱ�Zqh�P]�T��������+;�T^+�-����zb����{�2[��""dWeU5R��K����ȹ��T���U�~���""M�S����趪Q�L�>N�<��g��42��U�q���U��#ig��-�'�14��4=�si�+]iRGӓ�/����֘���^�{�!�YA?�<�Lendstreamendobj5 0 obj<>endobj6 0 obj<>endobj7 0 obj<>endobj8 0 obj< >endobj9 0 obj<>endobj10 0 obj<>stream Acrobat Elements 7.0 (Windows) PScript5.dll Version 5.2.2 2011-01-17T18:24:57+09:00 2011-01-17T18:24:57+09:00 application/pdf Microsoft Word - ★0117【SET】第７期基本方針.doc tamami.hirakawa uuid:f87ee7d6-fe9a-4c0c-9870-cae954ea8991 uuid:3fe44fa9-fb52-48b9-8111-540a0162e53c endstreamendobj11 0 obj<>endobjxref0 120000000000 65535 f0000098113 00000 n0000098244 00000 n0000098373 00000 n0000102626 00000 n0000107908 00000 n0000108138 00000 n0000108291 00000 n0000108324 00000 n0000108347 00000 n0000108404 00000 n0000112057 00000 ntrailer<>startxref116%%EOF10 0 obj<>stream Acrobat Elements 7.0 (Windows) PScript5.dll Version 5.2.2 2011-01-17T18:24:57+09:00 2011-01-18T09:53:01+09:00 endstreamendobj11 0 obj<>endobjxref10 20000112635 00000 n 0000113752 00000 n trailer<<0e4c73bf2f5691597e3d535b943d66cc>]>>startxref113961%%EOF"
