date,stock_name,stock_code,title,link,content
2012-12-18,株式会社セイクレスト関係者らによる現物出資制度,,株式会社セイクレスト関係者らによる現物出資制度を悪用した偽計事件の告発について（平成24年12月18日）,https://www.fsa.go.jp/sesc/news/c_2012/2012/20121218-1.html,平成２４年１２月１８日 証券取引等監視委員会 株式会社セイクレスト関係者らによる現物出資制度を悪用した偽計事件の告発について 証券取引等監視委員会は、本日（１２月１８日）、金融商品取引法違反（偽計）の嫌疑で、嫌疑者２名を大阪地方検察庁に告発した。 （注）本件は、大阪府警察本部と合同で調査・捜査を実施。 １．告発の対象となった犯則事実 犯則嫌疑者Ａは、不動産の売買等を目的とし、ジャスダック証券取引所に株券を上場していた株式会社セイクレスト（以下「セイクレスト」という。）の代表取締役としてその業務全般を統括していたもの、犯則嫌疑者Ｂは、セイクレストとの資金調達業務に関する業務契約に基づき、セイクレストの資金調達計画の作成支援及び投資者向け公表情報の内容の検証等の業務を担当していたものであるが、犯則嫌疑者両名は、セイクレストが平成２２年３月期決算において債務超過になるとジャスダックの定める株券上場廃止基準に抵触する状況にあったことなどから、虚偽の内容を含む公表を行うことにより現物出資を含む第三者割当増資を実現し、自己資本を大幅に増加させたように装って上場廃止を回避しようなどと考え、共謀の上、セイクレストの株券を発行するため、真実は、現物出資財産である和歌山県西牟婁郡白浜町所在の山林合計１１筆（合計約８万４０３１㎡、以下「本件土地」という。）には募集株式の払込金額である２０億円に相当する価値がなく、セイクレストが本件土地を取得後に株式会社カナヤマコーポレーション（以下「カナヤマコーポレーション」という。）等と共同で開発、販売する具体的な事業計画もない上、株式割当先である合同会社カナヤマ（以下「カナヤマ」という。）は割り当てられた株式を短期間で第三者に譲渡する意図であったにもかかわらず、平成２２年２月１８日、東京証券取引所が提供する適時開示情報伝達システムであるＴＤｎｅｔにより、セイクレストの取締役会が、払込期日を同年３月２５日、株式割当先をカナヤマとして、本件土地の現物出資を含む第三者割当増資により普通株式合計５３０万株（払込金額総額２１億２０００万円）を発行することを決議した旨公表するに際し、「本件土地は募集株式の払込金額２０億円に相当する現物出資財産として適正な鑑定評価及びその価額が相当であることの証明を受けており、セイクレストの開発事業部担当者によるデューデリジェンス等の独自の詳細調査内容の結果等も勘案し、同金額に相当する価値がある。」「セイクレストが本件土地を取得後、カナヤマコーポレーション及び株式会社センチュリージャパンと本件土地の開発、販売について共同事業を行い、本件土地は２年間で完売する予定であって、それによって得た資金で安定した収益基盤を確立できる。」「カナヤマは割り当てられた株式を原則として長期保有する。」旨の虚偽の内容を含む公表を行い、もって有価証券の取引のため、偽計を用いたものである。 ２．関連条文 金融商品取引法第197条第1項第5号、第158条 刑法第60条 法定刑：10年以下の懲役若しくは1000万円以下の罰金又はこれらの併科
2012-12-21,株式会社ファンドクリエーショングループ,3266,プラコー株式ほか２銘柄に係る相場操縦に対する課徴金納付命令の勧告について（平成24年12月21日）,https://www.fsa.go.jp/sesc/news/c_2012/2012/20121221-1.html,平成２４年１２月２１日 証券取引等監視委員会 プラコー株式ほか２銘柄に係る相場操縦に対する課徴金納付命令の勧告について １．勧告の内容 証券取引等監視委員会は、プラコー株式ほか２銘柄に係る相場操縦について検査した結果、下記のとおり法令違反の事実が認められたので、本日、内閣総理大臣及び金融庁長官に対して、金融庁設置法第２０条第１項の規定に基づき、課徴金納付命令を発出するよう勧告を行った。 ２．法令違反の事実関係 課徴金納付命令対象者は、株式の売買を誘引する目的をもって、自己及び親族の計算において、 (1) 株式会社プラコーの株式につき、 別表 記載のとおり、平成２３年５月１２日午前９時２分頃から同日午前１０時３８分頃までの間、５期間にわたり、直前約定値より高値の買い注文を連続して発注して株価を引き上げたり、買い最良気配値以下の複数の価格帯に約定させる意思のない買い注文を発注するなどの方法により、同株式合計３３万２０００株を買い付ける一方、同数の株を売り付けるとともに、同株式合計３４万３０００株の買付けの委託を行うなどし、 (2) 株式会社ジーエヌアイグループの株式につき、 別表 記載のとおり、同年１１月１０日午後１時５１分頃から同日午後２時１１分頃までの間、直前約定値より高値の買い注文を連続して発注して株価を引き上げたり、買い最良気配値以下の複数の価格帯に約定させる意思のない買い注文を発注するなどの方法により、同株式合計１１万５０００株を買い付ける一方、同数の株を売り付けるとともに、同株式合計１０万１０００株の買付けの委託を行うなどし、 (3) 株式会社ファンドクリエーショングループの株式につき、 別表 記載のとおり、同月２８日午前９時４０分頃から同日午後０時５６分頃までの間、３期間にわたり、直前約定値より高値の買い注文を連続して発注して株価を引き上げたり、買い最良気配値以下の複数の価格帯に約定させる意思のない買い注文を発注するなどの方法により、同株式合計１３万株を買い付ける一方、同数の株を売り付けるとともに、同株式合計４万９００株の買付けの委託を行うなどし、 もって、前記各株式の売買が繁盛であると誤解させ、かつ、前記各株式の相場を変動させるべき一連の売買及び委託をしたものである。 課徴金納付命令対象者が行った上記の行為は、金融商品取引法第１７４条の２第１項に規定する「第１５９条第２項第１号の規定に違反する一連の有価証券売買等」及び「その委託等」の違反行為に該当すると認められる。 ３．課徴金の額の計算 上記の違法行為に対し金融商品取引法に基づき納付を命じられる課徴金の額は、９５万円である。 計算方法は、別紙のとおりであり、各違反行為に係る課徴金の額は 別表 のとおりである。 （別紙） ○ 課徴金の額の計算方法について １．金融商品取引法第１７４条の２第１項に基づき、課徴金の額は、 (1) 売買対当数量（注）に係るものについて、 （有価証券の売付価額）－（有価証券の買付価額） と、 (2) 当該違反行為に係る有価証券の売付数量が買付数量を超える場合の、当該超える数量に係るものについて、 （有価証券の売付価額）－（当該違反行為が終了してから１月を経過するまでの間の当該有価証券の最低価格×当該超える数量） または、 当該違反行為に係る有価証券の買付数量が売付数量を超える場合の、当該超える数量に係るものについて、 （当該違反行為が終了してから１月を経過するまでの間の当該有価証券の最高価格×当該超える数量）－（有価証券の買付価額） との合計額として計算される。 （注）売買対当数量：当該違反行為に係る有価証券の売付数量と買付数量のうち、いずれか少ない数量をいう。 ２．課徴金納付命令対象者の９回の違反行為について、 (1) 各違反行為に係る有価証券の売付数量と買付数量が同じであることから、課徴金の額は、上記１．(1)により計算される。 (2) 金融商品取引法第１７６条第２項に基づき、各違反行為に係る課徴金の額は、１万円未満を切り捨てる。
2012-12-14,FPLアセットマネジメント株式会社,,FPLアセットマネジメント株式会社に対する検査結果に基づく勧告について（平成24年12月14日）,https://www.fsa.go.jp/sesc/news/c_2012/2012/20121214-2.html,平成２４年１２月１４日 証券取引等監視委員会 FPLアセットマネジメント株式会社に対する検査結果に基づく勧告について １．勧告の内容 北海道財務局長がFPLアセットマネジメント株式会社（北海道札幌市、資本金１０百万円、常勤役職員４名、投資助言・代理業、金融商品仲介業）を検査した結果、下記のとおり、当該業者及びその役員に係る法令違反の事実が認められたので、本日、証券取引等監視委員会は、内閣総理大臣及び金融庁長官に対して、金融庁設置法第２０条第１項の規定に基づき、行政処分及びその他の適切な措置を講ずるよう勧告した。 ２．事実関係 ○無登録で投資信託に係る私募の取扱いを行っている状況 FPLアセットマネジメント株式会社（以下「当社」という。）は、金融商品仲介業の登録を受けていることから、あらかじめ金融商品仲介業に係る業務委託契約を締結した金融商品取引業者等（以下「所属業者」という。）が取り扱う金融商品についてのみ取得勧誘を行うことが認められている。しかしながら、当社は、平成２１年８月頃から検査基準日（同２４年３月１９日）までの間、顧客に対し、所属業者以外の金融商品取引業者（以下「Ａ社」という。）が取り扱う少なくとも２８本の私募投資信託について取得勧誘を行い、４６顧客が当該投資信託を延べ９１件取得している状況が認められた。具体的には、当社代表取締役（以下「当社社長」という。）は、顧客に対し、Ａ社が取り扱っている当該投資信託について、具体的な商品名を提示し、当該投資信託の商品内容、メリット等を説明した上で、取得を希望した顧客の取得意思をＡ社に伝えるなど、当該ファンドの発行会社及びＡ社のために当該ファンドの取得勧誘行為を行っており、かかる行為は、当社における会社行為と認められ、有価証券の私募の取扱いに該当するものと認められる。 当社及び当社社長が行った上記の行為は、金融商品取引法第２８条第１項に規定する第一種金融商品取引業（同法第２条第８項第９号に掲げる「有価証券の私募の取扱い」を業として行うこと）に該当するものであり、当社が同法第３１条第４項に基づく変更登録を受けることなく第一種金融商品取引業を行うことは、同法第２９条に違反するものと認められる。 （参考条文） ○ 金融商品取引法（昭和23年法律第25号）（抄） （定義） 第二条　（略） ２～７　（略） ８　この法律において 「金融商品取引業」とは、次に掲げる行為 （その内容等を勘案し、投資者の保護のため支障を生ずることがないと認められるものとして政令で定めるもの及び銀行、優先出資法第二条第一項に規定する協同組織金融機関（以下「協同組織金融機関」という。）その他政令で定める金融機関が行う第十二号、第十四号、第十五号又は第二十八条第八項各号に掲げるものを除く。） のいずれかを業として行うことをいう 。 一～八　（略） 九 有価証券の募集 若しくは売出し の取扱い又は私募 若しくは特定投資家向け売付け勧誘等 の取扱い （中略） 11　この法律において 「金融商品仲介業」とは、金融商品取引業者 （第二十八条第一項に規定する第一種金融商品取引業又は同条第四項に規定する投資運用業を行う者に限る。） 又は登録金融機関 （第三十三条の二の登録を受けた銀行、協同組織金融機関その他政令で定める金融機関をいう。以下同じ。） の委託を受けて、次に掲げる行為 （同項に規定する投資運用業を行う者が行う第四号に掲げる行為を除く。） のいずれかを当該金融商品取引業者又は登録金融機関のために行う業務をいう 。 一　有価証券の売買の媒介（第八項第十号に掲げるものを除く。） 二　第八項第三号に規定する媒介 三　第八項第九号に掲げる行為 四　第八項第十三号に規定する媒介 （以下、略） 第二十八条　この章において 「第一種金融商品取引業」とは、金融商品取引業のうち、次に掲げる行為のいずれかを業として行うことをいう 。 一 有価証券 （第二条第二項の規定により有価証券とみなされる同項各号に掲げる権利を除く。） についての同条第八項 第一号から第三号まで、第五号、第八号又は 第九号に掲げる行為 （以下、略） （登録） 第二十九条 金融商品取引業は、内閣総理大臣の登録を受けた者でなければ、行うことができない 。 （登録） 第六十六条　銀行、協同組織金融機関 その他政令で定める金融機関以外の者 （第一種金融商品取引業（第二十九条第一項に規定する第一種金融商品取引業をいう。以下この章において同じ。）を行う者及び登録金融機関の役員及び使用人を除く。） は、 第二十九条の規定にかかわらず、 内閣総理大臣の登録を受けて、金融商品仲介業を行うことができる 。 （登録の申請） 第六十六条の二 　前条の登録を受けようとする者は、次に掲げる事項を記載した登録申請書を内閣総理大臣に提出しなければならない。 一～三　（略） 四 委託を受ける金融商品取引業者 （第一種金融商品取引業又は投資運用業（第二十八条第四項に規定する投資運用業をいう。第六十六条の十四第一号ハにおいて同じ。）を行う者に限る。） 又は登録金融機関 （以下この章及び第四章において「所属金融商品取引業者等」という。） の商号又は名称 （以下、略）
2012-12-14,スタンダード＆プアーズ・レーティング・ジャパン株式会社,,スタンダード＆プアーズ・レーティング・ジャパン株式会社に対する検査結果に基づく勧告について（平成24年12月14日）,https://www.fsa.go.jp/sesc/news/c_2012/2012/20121214-3.html,平成２４年１２月１４日 証券取引等監視委員会 スタンダード＆プアーズ・レーティング・ジャパン株式会社に対する検査結果に基づく勧告について １．勧告の内容 証券取引等監視委員会がスタンダード＆プアーズ・レーティング・ジャパン株式会社（東京都千代田区、資本金７１２百万円、役職員８４名、信用格付業）を検査した結果、下記のとおり、信用格付業者に係る法令違反の事実が認められたので、平成２４年１２月１１日、証券取引等監視委員会は、内閣総理大臣及び金融庁長官に対して、金融庁設置法第２０条第１項の規定に基づき、行政処分を行うよう勧告した。 ２．事実関係 （１）付与した信用格付に係る検証及び更新を適切かつ継続的に実施するための措置が適切に講じられておらず業務管理体制の整備が不十分な状況 当社が信用格付を付与したシンセティックＣＤＯ（以下「ＳＣＤＯ」という。）の信用格付に係る検証及び更新（以下「モニタリング」という。）の状況等を検証したところ、以下の問題点が認められた。 ア．ＳＣＤＯの信用格付に影響を与える重要な情報を適切に確認していない状況 当社は、ＳＣＤＯに係る信用格付のモニタリングにおいては、ＳＣＤＯを構成する個別の担保資産に係る債務（以下「参照債務」という。）のクレジットイベントが重要な情報であると認識している。 また、参照債務がクレジットイベントに該当すると、当該参照債務は損失となり、複数の参照債務に係る損失の累積額（以下「累積損失額」という。）の増加は、ＳＣＤＯの格下げ要因となるとしている。 しかし、当社は、参照債務に係るクレジットイベントの発生状況について、ＳＣＤＯのアレンジャーに適切に確認を行うなど、ＳＣＤＯの信用格付に影響を及ぼす参照債務の累積損失額の適切な把握を行っていなかった。 このため、あるＳＣＤＯの格付けに関し、当該ＳＣＤＯの償還により信用格付の付与を終了する直前まで、長期間にわたり誤った信用格付を付与し続けていたなど、極めて不適切な事例が複数認められた。 上記不適切な事例の発生後、当社は、６社のアレンジャーに、クレジットイベントの有無の確認を依頼しているが、当社の対応状況は、以下のとおり、引き続き不適切であると認められる。 （ア）アレンジャーからの回答により情報を入手した後も、依然として、クレジットイベントによる参照債務の累積損失額の増加を踏まえた信用格付への影響の有無を、適切に確認していない。 （イ）上記アレンジャー６社のうち１社からは回答がなかったが、これを放置して督促を行わず、クレジットイベントの発生の有無について確認を行わないまま、当該ＳＣＤＯに係る信用格付の公表を継続している。 イ．ＳＣＤＯに係る信用格付のモニタリングにおいて参照債務の想定金額の確認態勢が不十分な状況 あるＳＣＤＯに係る信用格付のモニタリングの過程で、参照債務の想定金額を間違えてシステムに入力したことにより、平成２２年１月及び同年２月に段階的に格下げすべきＳＣＤＯに係る信用格付について、同年１０月まで格下げを行わなかった。 なお、当社は、検査基準日現在において、入力データの正確性について、入力者以外の者が確認する措置を講じていない。 上記ア．及びイ．のように、信用格付に係るモニタリングが適切に行われていない状況が複数の事案で継続している状況を踏まえれば、当社においては、金融商品取引業等に関する内閣府令（以下「金商業等府令」という。）第３０６条第１項第６号トに掲げる「付与した信用格付に係る検証及び更新を適切かつ継続的に実施するための措置」が講じられているとは認められない。 したがって、当社は信用格付業を公正かつ的確に遂行するための業務管理体制が整備されているとは認められないことから、金融商品取引法（以下「法」という。）第６６条の３３第１項に違反する。 （２）業務の運営の状況に関し、公益又は投資者保護上重大な問題が認められる状況 当社は、付与した信用格付に関し、その公表プロセスに係る社内規程を適切に策定していない。このため、当社における信用格付の公表状況を確認したところ、以下のとおり、社内で決定された信用格付と異なる信用格付を公表等しているなど極めて不適切な状況が認められた。 ア．信用格付のプレスリリースにおける誤った信用格付の公表等 （ア）平成２３年１月、当社は、短期格付を付与していない銘柄に係る信用格付のプレスリリースにおいて、当該銘柄の関連会社の短期格付を誤って転記し、当社ウェブサイトにおいて誤った公表（以下「誤公表」という。）を行った。 （イ）平成２３年１２月、ストラクチャード・ファイナンス案件に係る信用格付の変更のプレスリリースにおいて、旧格付欄に誤った信用格付を記載し、当社ウェブサイトにおいて信用格付の誤公表を行った。 なお、当社は、上記（ア）及び（イ）の公表時に、当社の関連会社及び各メディア（以下「関連会社等」という。）へも同様の誤った信用格付の提供を行っている。 （ウ）平成２３年１１月、あるＣＤＯの格上げの公表に際し、英語版の公表資料において誤った信用格付を記載し、これを関連会社等に提供した。 イ．依頼格付・非依頼格付の別に係る誤った公表等 当社は、平成２３年１月、当社ウェブサイトで毎月初旬に公表する「依頼・非依頼格付別国内発行体一覧」において、非依頼格付である銘柄を、非依頼である旨の表示を付けずに当社ウェブサイトで公表し、関連会社等へも誤った表示で提供を行った。 ウ．その他の誤った格付関連情報の提供 当社は、信用格付のプレスリリースを更に深く分析した複数の格付分析レポートにおいて、参考として記載した債券等の信用格付について誤った記載を行ったものを、関連会社等に提供した。 当社においては、誤った信用格付の公表等（以下「誤公表等」という。）があった場合の訂正に関する規程はあるものの、誤公表等の発生時におけるコンプライアンス部への報告等について定められておらず、本件誤公表等の発生時においてもコンプライアンス部に対し報告されていないことから、適切に再発防止策が策定されていない。 当社における、上記（２）のア．からウ．及びこれら誤公表等を踏まえた再発防止策が構築されていない状況は、信用格付業者の業務運営として極めて不適切な状況であり、法第６６条の４１に規定する、業務の運営状況の改善に必要な措置を取るべきことを命ずることができる場合の要件となる「業務の運営の状況に関し、公益又は投資者保護のため必要かつ適当であると認めるとき」に該当するものと認められる。 参考資料（SCDOに係る格付モニタリング）（PDF:147KB） （参考） ＣＤＳ（Credit Default Swap） 参照債務にクレジットイベントが発生した場合、一方が他方にその金銭損失を補償することを約束する契約。 ＳＣＤＯ（Synthetic Collateralized Debt Obligation） 主にＣＤＳを利用した証券化商品であり、ＣＤＳ契約がなされた参照債務を複数件束ねた金融商品。 ＣＤＯ（Collateralized Debt Obligation） 金銭債権等の資産を担保とした証券。 アレンジャー ＳＣＤＯを組成する金融機関。通常、関係者に対して、クレジットイベントの発生状況等の業務を行う。 クレジットイベント 支払不履行・倒産など、対象となる債務の履行に関し支障をきたす恐れのある行為や問題等。 参照債務 ＳＣＤＯを構成する個々の債務。 参照債務の想定金額 一般的にＳＣＤＯを構成する各ＣＤＳは、参照債務の一定の元本額に対する契約であり、当該元本額のこと。 累積損失額 ＳＣＤＯを構成する個々の参照債務について、それぞれクレジットイベントが発生すると、それぞれにおいて損失が発生することとなる。当該損失を累積したもの。 （参考条文） 金融商品取引法（昭和23年法律第25号）（抄） （業務管理体制の整備） 第六十六条の三十三　信用格付業者は、信用格付業を公正かつ的確に遂行するため、内閣府令で定めるところにより、業務管理体制を整備しなければならない。 （以下、略） （業務改善命令） 第六十六条の四十一　内閣総理大臣は、信用格付業者の業務の運営の状況に関し、公益又は投資者保護のため必要かつ適当であると認めるときは、その必要の限度において、当該信用格付業者に対し、業務の方法の変更その他業務の運営の状況の改善に必要な措置をとるべきことを命ずることができる。 金融商品取引業等に関する内閣府令（平成19年内閣府令第52号）（抄） （業務管理体制の整備） 第三百六条　法第六十六条の三十三第一項の規定により信用格付業者が整備しなければならない業務管理体制は、次に掲げる要件を満たさなければならない。 一～五　（略） 六　信用格付の付与に係る過程の品質の管理の方針の策定及びその実施に関する次に掲げる措置がとられていること。 イ～へ　（略） ト　付与した信用格付に係る検証及び更新を適切かつ継続的に実施するための措置（当該検証及び更新を実施しないこととした場合においては、その旨及びその他必要な事項を遅滞なく公表するための措置を含む。） （以下、略）
2012-12-21,Ｆｏｒｅｘ＆Ｍｉｎｅｒａｌ Ｔｒａｄｉｎｇ株式会社,,Ｆｏｒｅｘ＆Ｍｉｎｅｒａｌ Ｔｒａｄｉｎｇ株式会社に対する検査結果に基づく勧告について（平成24年12月21日）,https://www.fsa.go.jp/sesc/news/c_2012/2012/20121221-2.html,平成２４年１２月２１日 証券取引等監視委員会 Ｆｏｒｅｘ＆Ｍｉｎｅｒａｌ Ｔｒａｄｉｎｇ株式会社に対する検査結果に基づく勧告について １．勧告の内容 東海財務局長がＦｏｒｅｘ＆Ｍｉｎｅｒａｌ　Ｔｒａｄｉｎｇ株式会社（愛知県名古屋市、資本金２１０百万円、役職員１２名、投資運用業、投資助言・代理業、第二種金融商品取引業、適格機関投資家等特例業務届出者）を検査した結果、下記のとおり、当該金融商品取引業者に係る法令違反の事実が認められたので、本日、証券取引等監視委員会は、内閣総理大臣及び金融庁長官に対して、金融庁設置法第２０条第１項の規定に基づき、行政処分を行うよう勧告した。 ２．事実関係 (1)集団投資スキーム持分の取得勧誘に関して、顧客に対し虚偽のことを告げる行為 Ｆｏｒｅｘ＆Ｍｉｎｅｒａｌ　Ｔｒａｄｉｎｇ株式会社（以下「当社」という。）は、平成２４年１月以降、石油採掘事業を行う企業への投資等を運用対象とする「世界エネルギーファンド」の取得勧誘に当たり、顧客に対して、当社のホームページに掲載された当社名のロゴが貼付された石油タンクと称する画像や石油採掘現場の動画等を見せ、当社が石油タンクを所有しており、世界エネルギーファンドの投資先である米国法人Ａは石油採掘権を所有し、すでに石油採掘事業を開始しているとの説明等を行っている。 しかしながら、実際には、当社が石油タンクを所有した事実や、米国法人Ａが石油採掘権を所有し、石油採掘事業を行っている事実は認められなかった。 米国法人Ａは、石油採掘事業を行うとしている米国法人Ｂに投資していたとしているが、米国法人Ｂにおいても、石油採掘事業を行っていた事実は確認できていない。 また、当社は、平成２４年７月上旬に、世界エネルギーファンドの出資金の大半が喪失したことを認識したにもかかわらず、その後も同ファンドの募集を続けていた。 なお、当社においては、世界エネルギーファンドの募集開始から検査基準日現在（平成２４年１０月５日）まで、米国法人Ａが同ファンドの出資金をどのように管理しているのかについて、当社取締役会長（以下「当社会長」という。）から簡易な説明を受ける以外、米国法人Ａに対して支出明細や運用状況の記録を求めるなどの措置を講じておらず、同ファンドの資産状況を把握できていない。 (2)権利者から出資を受けた金銭を流用する行為 ア．権利者から出資を受けた金銭を当社会長個人の事業費用等に流用する行為 当社は、平成２４年７月、外国為替証拠金取引による運用を行っていた「ＦＸファンド　金の鯱２」（以下「ＦＸファンド」という。）について、権利者から出資を受けた金銭（以下「ＦＸファンド資金」という。）のうち、１１，７００，０００円を出金し、当社会長個人の事業費用等に流用していた。 当社代表取締役（以下「当社代表」という。）は、当社会長からＦＸファンド資金を流用することについて指示を受け、問題意識を持ったものの、ＦＸファンド資金を流用することに同意し、実行したものである。 イ．権利者から出資を受けた金銭を当社の経費に流用する行為 当社は、平成２４年８月及び９月、ＦＸファンドについて、ＦＸファンド資金のうち、合計１，５００，０００円を出金し、当社の給与等の経費の支払いに流用していた。 当社代表は、当社専務取締役からＦＸファンド資金を流用することについて提案を受け、問題意識を持ったものの、ＦＸファンド資金を流用することに同意し、実行したものである。 (3)純財産額が公益又は投資者保護のため必要かつ適当な金額を満たさない状況 当社の検査基準日現在の純財産額は、当社会長による架空増資や借入金を資本金に計上するという不適切な会計処理等を修正したところ、金融商品取引法（以下「金商法」という。）第２９条の４第１項第５号ロの規定に基づく同法施行令第１５条の９第１項に定める金額（５千万円、以下「法定の純財産額」という。）に満たない状況となっている。なお、当社が査定した検査基準日現在における純財産額においても法定の純財産額に満たない状況であった。 当社の上記２.（１）の行為は、金商法第３８条第１号に掲げる金融商品取引契約の締結又はその勧誘に関して、顧客に対して虚偽のことを告げる行為に該当するものと認められる。 当社の上記 ２. （２）の行為は、金商法第４２条第１項に定める権利者に対する忠実義務に違反するものと認められる。 また、上記 ２. （３）の当社の純財産額が法定の基準に満たない状況は、金商法第５２条第１項第３号（同法第２９条の４第１項第５号ロに該当することとなったとき）に該当するものと認められる。 （参考条文） 金融商品取引法（昭和23年法律第25号）（抄） （登録の拒否） 第二十九条の四　内閣総理大臣は、登録申請者が次の各号のいずれかに該当するとき、又は登録申請書若しくはこれに添付すべき書類若しくは電磁的記録のうちに虚偽の記載若しくは記録があり、若しくは重要な事実の記載若しくは記録が欠けているときは、その登録を拒否しなければならない。 一～四　（略） 五　第一種金融商品取引業又は投資運用業を行おうとする場合にあつては、次のいずれかに該当する者 ロ　純財産額（内閣府令で定めるところにより、資産の合計金額から負債の合計金額を控除して算出した額をいう。）が、公益又は投資者保護のため必要かつ適当なものとして政令で定める金額に満たない者 六　（略） ２～５　（略） （禁止行為） 第三十八条　金融商品取引業者等又はその役員若しくは使用人は、次に掲げる行為をしてはならない。（略） 一　金融商品取引契約の締結又はその勧誘に関して、顧客に対し虚偽のことを告げる行為 二～七　（略） （権利者に対する義務） 第四十二条 金融商品取引業者等は、権利者（次の各号に掲げる業務の区分に応じ当該各号に定める者をいう。以下この款において同じ。）のため忠実に投資運用業を行わなければならない。 一～三　（略） ２　（略） （金融商品取引業者に対する監督上の処分） 第五十二条　内閣総理大臣は、金融商品取引業者が次の各号のいずれかに該当する場合においては、当該金融商品取引業者の第二十九条の登録を取り消し、第三十条第一項の認可を取り消し、又は六月以内の期間を定めて業務の全部若しくは一部の停止を命ずることができる。 一・二　（略） 三　第一種金融商品取引業又は投資運用業を行う金融商品取引業者が、第二十九条の四第一項第五号イ又はロに該当することとなつたとき。 四～十一　（略） ２～５　（略） 金融商品取引法施行令（昭和40年政令第321号）（抄） （金融商品取引業者の最低資本金の額等） 第十五条の七　法第二十九条の四第一項第四号（法第三十一条第五項において準用する場合を含む。）に規定する政令で定める金額は、次の各号に掲げる場合の区分に応じ、当該各号に定める金額とする。 一・二　（略） 三　第一種金融商品取引業又は投資運用業を行おうとする場合（前二号に掲げる場合を除く。）　五千万円 四　（略） ２　（略） （金融商品取引業者の最低純財産額） 第十五条の九　法第二十九条の四第一項第五号ロ（法第三十一条第五項において準用する場合を含む。）に規定する政令で定める金額は、第十五条の七第一項各号（第四号を除く。）に掲げる場合の区分に応じ、当該各号に定める金額とする。 ２　（略）
2012-12-14,株式会社企業設計,,株式会社企業設計に対する検査結果に基づく勧告について（平成24年12月14日）,https://www.fsa.go.jp/sesc/news/c_2012/2012/20121214-1.html,平成２４年１２月１４日 証券取引等監視委員会 株式会社企業設計に対する検査結果に基づく勧告について １．勧告の内容 近畿財務局長が株式会社企業設計（大阪府大阪市、資本金５０百万円、役職員５名、投資助言・代理業）を検査した結果、下記のとおり、当該金融商品取引業者に係る法令違反の事実が認められたので、本日、証券取引等監視委員会は、内閣総理大臣及び金融庁長官に対して、金融庁設置法第２０条第１項の規定に基づき、行政処分を行うよう勧告した。 ２．事実関係 ○無登録で外国集団投資スキーム持分に係る募集又は私募の取扱いを行っている状況 株式会社企業設計（以下「当社」という。）は、投資助言・代理業の登録を受けた日（平成２２年３月９日）から検査基準日（同２４年１月２０日）までの間、２種類の外国で発行される集団投資スキーム持分（以下「外国ファンド」という。）について募集又は私募の取扱い（以下「募集の取扱い等」という。）を行い、少なくとも７３４顧客が外国ファンドを延べ７５１件取得している状況が認められた。具体的には、当社又は当社が外国ファンドの紹介を委託した少なくとも５８名の者（以下「紹介者」という。）が、見込み客に対して外国ファンドの商品内容等を説明するとともに、当該見込み客の外国ファンドの契約締結手続きを支援し、取得契約を成立させていた。 当社は、海外に所在する外国ファンドの販売代理会社との間で、紹介契約を締結しており、当該契約に基づき、当社が見込み客に外国ファンドの商品内容等の説明を行い、見込み客が外国ファンドを取得した際には、当社は当該販売代理会社から紹介料を受領していた。 また、当社は、外国ファンドを取得した顧客を勧誘した紹介者には、当社が受領した紹介料の一定割合を再分配していた。 当社は、外国ファンドの募集の取扱い等に関与していると看做されないよう、平成２２年８月以降、紹介料の受取りを別会社で行うよう変更しているものの、上記の状況等に鑑みると、当社の行為は外国集団投資スキームの組成者のために行っている外国ファンドの取得の勧誘行為に該当し、当社が登録を受けている投資助言・代理業を逸脱する行為であると認められる。 当社が行った上記の行為は、金融商品取引法第２８条第２項に規定する「第二種金融商品取引業」（同法第２条第８項第９号に掲げる「有価証券の募集又は私募の取扱い」を業として行うこと）に該当するものであり、当社が同法第３１条第４項に基づく変更登録を受けることなく「第二種金融商品取引業」を行うことは、同法第２９条に違反するものと認められる。 （参考条文） ○ 金融商品取引法（昭和23年法律第25号）（抄） （定義） 第二条　（略） ２～７　（略） ８　この法律において 「金融商品取引業」とは、次に掲げる行為 （その内容等を勘案し、投資者の保護のため支障を生ずることがないと認められるものとして政令で定めるもの及び銀行、優先出資法第二条第一項に規定する協同組織金融機関（以下「協同組織金融機関」という。）その他政令で定める金融機関が行う第十二号、第十四号、第十五号又は第二十八条第八項各号に掲げるものを除く。） のいずれかを業として行うことをいう 。 一～八　（略） 九 有価証券の募集 若しくは売出し の取扱い又は私募 若しくは特定投資家向け売付け勧誘等 の取扱い （以下、略） 第二十八条　（略） ２　この章において 「第二種金融商品取引業」とは、金融商品取引業のうち、次に掲げる行為のいずれかを業として行うことをいう 。 一　（略） 二 第二条第二項の規定により有価証券とみなされる同項各号に掲げる権利についての同条第八項 第一号から第三号まで、第五号、第八号又は 第九号に掲げる行為 三・四　（略） （登録） 第二十九条 金融商品取引業は、内閣総理大臣の登録を受けた者でなければ、行うことができない 。
2012-12-12,ＪＰアトラス株式会社,,ＪＰアトラス株式会社に対する検査結果について（平成24年12月12日）,https://www.fsa.go.jp/sesc/news/c_2012/2012/20121212-2.html,平成２４年12月12日 証券取引等監視委員会 ＪＰアトラス株式会社に対する検査結果について 関東財務局長が上記会社を検査した結果、投資者保護上問題のある行為が認められた（詳細は、関東財務局ウェブサイトを参照してください。）。 「ＪＰアトラス株式会社に対する検査結果について」 （関東財務局ウェブサイト）
2012-12-12,株式会社スタンダードソサイエティ,,株式会社スタンダードソサイエティに対する検査結果について（平成24年12月12日）,https://www.fsa.go.jp/sesc/news/c_2012/2012/20121212-1.html,平成２４年12月12日 証券取引等監視委員会 株式会社スタンダードソサイエティに対する検査結果について 関東財務局長が上記会社を検査した結果、投資者保護上問題のある行為が認められた（詳細は、関東財務局ウェブサイトを参照してください。）。 「株式会社スタンダードソサイエティに対する検査結果について」 （関東財務局ウェブサイト）
2012-12-07,新生インベストメント・マネジメント株式会社,,新生インベストメント・マネジメント株式会社に対する検査結果に基づく勧告について（平成24年12月7日）,https://www.fsa.go.jp/sesc/news/c_2012/2012/20121207-2.html,平成２４年１２月７日 証券取引等監視委員会 新生インベストメント・マネジメント株式会社に対する検査結果に基づく勧告について １．勧告の内容 証券取引等監視委員会が新生インベストメント・マネジメント株式会社（東京都中央区、資本金４億９，５００万円、役職員２６名、投資運用業、投資助言・代理業）を検査した結果、下記のとおり、当該金融商品取引業者に係る法令違反の事実が認められたので、本日、証券取引等監視委員会は、内閣総理大臣及び金融庁長官に対して、金融庁設置法第２０条第１項の規定に基づき、行政処分を行うよう勧告した。 ２．事実関係 〇投資一任業務に係る善管注意義務違反について 新生インベストメント・マネジメント株式会社（以下「当社」という。）の投資一任業務における投資決定のための必要な調査等（以下「デューディリジェンス」という。）の態勢を検証したところ、市場性があり、価格情報が容易に入手できる投資対象資産に係る買付価格の決定に関し、以下のとおり、十分な調査等を行っていない状況が認められた。 (1)企業年金基金等との投資一任契約の締結に係る経緯 当社は、企業年金基金等からの依頼に応じ、投資一任契約を締結し、証券会社から優先出資証券等を買付けている。 しかし、当該買付けに当たっては、投資一任契約の締結以前から、企業年金基金等と証券会社との間で、投資対象の優先出資証券等及びその買付価格について交渉しているなどとして、当社は価格交渉に十分に関与していないほか、価格の妥当性の検証を行っていないまま、証券会社からその価格を提示されている。 (2)Ａ優先出資証券の買付価格について十分な調査等を行っていない状況 当社は、平成２２年６月１６日及び同年７月２日、Ａ優先出資証券について、同じ証券会社から、甲株式会社及び乙企業年金基金（以下「両社」という。）に示された価格の提示を受け、それぞれ同年６月３０日及び同年６月１７日に締結した両社との投資一任契約に基づいて、同年６月３０日及び同年７月１３日に当該優先出資証券の買付けを行っている。 当社は、当該優先出資証券への投資に当たって、助言業者からのレポートを基にデューディリジェンスを行っているものの、投資政策委員会において買付価格の妥当性についての議論を行わないまま、両社が証券会社から提示されていた価格で投資決定している。 このため、両社との投資一任契約に基づく買付けについて、同じ証券会社からの受渡日が同一のほぼ同時期の買付けであるにもかかわらず、その買付価格には乖離が生じているが、当社は、その乖離について説明がつかない状況のまま、証券会社から提示された価格で買付けを行っている。 当社においては、上記の状況に関して、両取引の価格に乖離が生じている要因について、証券会社に確認を行うなどの検証を行っておらず、他の証券会社に価格を確認するなど、より良い価格で執行できるか等の確認も行っていない。 (3)Ｂ優先出資証券を担保資産とするリパッケージ債の買付価格について十分な調査等を行っていない状況 当社は、平成２３年９月５日、リパッケージ債の利回り等について、証券会社から、丙企業年金基金に示された条件の提示を受け、同年１０月２５日に丙企業年金基金と締結した投資一任契約に基づき、同日に当該リパッケージ債の買付けを行っている。 しかしながら、当社は、証券会社から提示された当該リパッケージ債の利回り等の条件が、担保資産の価格等に照らして妥当なものか否かについて検証を行っていない。 また、顧客から利回りの改善要求を受け、一度は証券会社と交渉して利回りを改善させているが、当社は、その後も担保資産の価格が下落している状況を把握しているにもかかわらず、顧客の要求は満たしたとして、証券会社の提示する価格を受けるにとどまり、証券会社に対して更なる利回り改善の余地について、十分な確認を行っていない。 さらに、当社は、最終買付決議を行うにあたり、当該リパッケージ債について、上記助言業者からのレポートを基にデューディリジェンスを行い、投資政策委員会においても議論が行われているものの、買付価格の妥当性についての説明・議論は行われておらず、当該助言業者のレポートにおける利回りと実際に組成されたリパッケージ債の利回りには乖離が認められるにもかかわらず、これに係る議論は行わないまま買付けを決議している。 (4)その他の投資対象資産の買付価格について十分な調査等を行っていない状況 当社は、上記（２）及び（３）以外にも、市場性があり、取扱証券会社間で価格が異なり得る投資対象資産への投資を行っているが、これらについても、価格交渉に関与しておらず、投資政策委員会においても買付価格の妥当性についての議論を行わないまま投資決定し、証券会社の提示する価格のまま取引を執行している。 上記（２）から（４）における当社の状況は、金融商品取引法第４２条第２項に定める、善良なる管理者の注意義務に違反するものと認められる。 （参考条文） 金融商品取引法 （昭和23年法律第25号）（抄） （権利者に対する義務） 第四十二条　（略） ２金融商品取引業者等は、権利者に対し、善良な管理者の注意をもつて投資運用業を行わなければならない。
2012-12-13,株式会社の株式につき,,ヤフー株式に係る相場操縦に対する課徴金納付命令の勧告について（平成24年12月13日）,https://www.fsa.go.jp/sesc/news/c_2012/2012/20121213-1.html,"平成２４年１２月１３日 証券取引等監視委員会 ヤフー株式に係る相場操縦に対する課徴金納付命令の勧告について １．勧告の内容 証券取引等監視委員会は、ヤフー株式に係る相場操縦について検査した結果、下記のとおり法令違反の事実が認められたので、本日、内閣総理大臣及び金融庁長官に対して、金融庁設置法第２０条第１項の規定に基づき、課徴金納付命令を発出するよう勧告を行った。 ２．法令違反の事実関係 タイガー・アジア・パートナーズ・エルエルシー（以下「タイガー・アジア」という。）は、米国籍のヘッジファンド（以下「米国籍ファンド」という。）に出資するとともに、同ファンドに出資された資産の運用権限を有する米国デラウェア州法に基づく法人である。タイガー・アジアは、その業務執行社員らにおいて、ヤフー株式会社の株式につき、平成２１年３月１７日午後零時３０分頃から午後３時頃までの間、同株式の売買を誘引する目的をもって、直前約定値段より高値の上限価格を提示した買付けの計らい注文を複数の証券会社に分散して発注する方法により、同株式の株価を２万４３１０円から２万５３４０円まで引き上げるなどし、米国籍ファンドを含む外国籍の２つのヘッジファンド名義で合計３万２９６０株の買付け等を行い、そのうち、タイガー・アジアの計算において、米国籍ファンド名義での１万４１７２株の買付け等によって、その出資割合である４．８２パーセント相当を取引するなどし、もって、同株式の相場を変動させるべき一連の売買等をしたものである。 タイガー・アジアが行った上記の行為は、金融商品取引法第１７４条の２第１項に規定する「第１５９条第２項第１号の規定に違反する一連の有価証券売買等」の違反行為に該当すると認められる。 ３．課徴金の額の計算 上記の違法行為に対し金融商品取引法に基づき納付を命じられる課徴金の額は、６５７１万円である。 計算方法の詳細については、別紙のとおり。 ４．その他 本件については、米国証券取引委員会（U.S. Securities and Exchange Commission）より支援がなされている。また、証券取引等監視委員会の調査において、タイガー・アジアより協力がなされている。 （別紙） ○ 課徴金の額の計算方法について １．金融商品取引法第１７４条の２第１項の規定により、当該違反行為に係る課徴金の額は、 (1) 売買対当数量（注１）に係るものについて、 （自己の計算による有価証券の売付け等の価額）－（自己の計算による有価証券の買付け等の価額） と (2) 当該違反行為に係る自己の計算による有価証券の売付け等の数量が買付け等の数量を超える場合は、 （当該超える数量に係る有価証券の売付け等の価額）－（当該違反行為が終了してから１月を経過するまでの間の各日における当該有価証券の最低価格×当該超える数量） または、 当該違反行為に係る自己の計算による有価証券の買付け等の数量が売付け等の数量を超える場合は、 （当該違反行為が終了してから１月を経過するまでの間の各日における当該有価証券の最高価格×当該超える数量）－（当該超える数量に係る有価証券の買付け等の価額） との合計額として計算される。 (注１) 売買対当数量：当該違反行為に係る自己の計算による有価証券の売付け等の数量と買付け等の数量のうち、いずれか少ない数量をいう。 本件は、タイガー・アジアが米国籍ファンド名義で行った取引のうち、タイガー・アジアの米国籍ファンドへの出資割合である4.82パーセントについて、タイガー・アジアが自己の計算で買付け等を行ったものと評価して、課徴金を算出するものである。 (1) 売買対当数量に係る金額について 当該違反行為に係る売買対当数量は、 (i) 自己の計算による有価証券の売付け等の数量が０であり、 (ii) 自己の計算による有価証券の買付け等の数量が15,895.0586株（注２）である ことから、０株となる。よって、売買対当数量に係る金額は０円である。 (注２) 実際の買付け等の数量14,172株（米国籍ファンド名義による。）にタイガー・アジアの米国籍ファンドに対する出資割合4.82パーセントを乗じて得られる683.0904株に、金融商品取引法第１７４条の２第８項並びに金融商品取引法施行令第３３条の１３第１号及び第２号の規定により、違反行為の開始時にその時における価格（24,310円）で有価証券の買付け等を自己の計算においてしたものとみなされる違反行為の開始時に所有又は約定している当該有価証券の買付け等の数量315,601株（米国籍ファンド名義による。）に同じく4.82パーセントを乗じて得られる15,211.9682株を加えたもの。 (2) 当該違反行為に係る自己の計算による有価証券の買付け等の数量が当該違反行為に係る自己の計算による有価証券の売付け等の数量を超える場合の、当該超える数量に係る金額について 上記（１）のとおり，当該違反行為に係る有価証券の買付け等の数量が、売付け等の数量を超えることから、 当該違反行為に係る自己の計算による有価証券の買付け等の数量が売付け等の数量を超える場合の、当該超える数量に係る金額は、当該違反行為が終了してから１月を経過するまでの間の各日における当該違反行為に係る有価証券の売付け等についての金融商品取引法第１３０条に規定する最高の価格のうち最も高い価格（28,470円）に当該超える数量15,895.0586株を乗じて得た額から、当該超える数量に係る有価証券の買付け等の価額（注３）を控除した額となる。 （28,470円×15,895.0586株）－386,819,618.742844円 ＝65,712,699.599156円 (注３) 上記「当該超える数量に係る有価証券の買付け等の価額」は、 違反行為期間中の買付け等に係る金額 「実際の買付け分（24,390円×339株，24,400円×339株，24,410円×46株，24,420円×20株，24,500円×246株，24,550円×604株，24,570円×231株，24,580円×102株，24,590円×63株，24,650円×11株，24,660円×11株，24,680円×26株，24,690円×84株，24,700円×78株，24,710円×80株，24,720円×116株，24,730円×282株，24,740円×70株，24,750円×585株，24,760円×930株，24,770円×528株，24,780円×425株，24,790円×387株，24,800円×871株，24,810円×407株，24,820円×531株，24,830円×362株，24,840円×1,090株，24,850円×626株，24,860円×732株，24,870円×225株，24,880円×502株，24,890円×32株，24,900円×308株，24,910円×54株，24,920円×292株，24,930円×384株，24,940円×211株，24,950円×186株，24,960円×162株，24,970円×1,664株，24,980円×1,053株，24,990円×1,604株，25,000円×2,556株，25,040円×5株，25,050円×41株，25,060円×21株，25,070円×212株，25,080円×21株，25,100円×15株，25,110円×65株，25,120円×144株，25,130円×4株，25,140円×46株，25,150円×169株，25,160円×261株，25,170円×151株，25,180円×163株，25,190円×259株，25,200円×261株，25,210円×1株，25,220円×440株，25,230円×134株，25,240円×1株，25,290円×73株，25,300円×394株）及びエクイティ・スワップ取引分（24,948.50円×10,624株）」の合計額のうち，米国籍ファンドの名義で行われた取引分（43%）に，タイガー・アジアの米国籍ファンドに対する出資割合4.82パーセントを乗じた額 及び 違反行為の開始時に所有又は約定している有価証券の買付け等に係る金額 「実際の所有分（24,310円×70,442株）＋エクイティ・スワップ取引分（24,310円×245,159株）」にタイガー・アジアの米国籍ファンドに対する出資割合4.82パーセントを乗じた額 の合計額である。 ２．金融商品取引法第１７６条第２項の規定により、上記１.で計算した額の１万円未満の端数を切捨て。"
2012-12-07,ビバーチェ・キャピタル・マネジメント株式会社,,ビバーチェ・キャピタル・マネジメント株式会社に対する検査結果に基づく勧告について（平成24年12月7日）,https://www.fsa.go.jp/sesc/news/c_2012/2012/20121207-1.html,平成２４年１２月７日 証券取引等監視委員会 ビバーチェ・キャピタル・マネジメント株式会社に対する検査結果に基づく勧告について １．勧告の内容 証券取引等監視委員会がビバーチェ・キャピタル・マネジメント株式会社（東京都渋谷区、資本金２億７，０００万円、役職員９名、投資運用業、投資助言・代理業）を検査した結果、下記のとおり、当該金融商品取引業者に係る法令違反の事実が認められたので、本日、証券取引等監視委員会は、内閣総理大臣及び金融庁長官に対して、金融庁設置法第２０条第１項の規定に基づき、行政処分を行うよう勧告した。 ２．事実関係 ビバーチェ・キャピタル・マネジメント株式会社（以下「当社」という。）が投資一任契約の締結を勧誘するに際して使用している３種類の運用商品（「カバード・コール戦略」、「ターゲット・バイ戦略」及び「オプション・アルファ戦略」の３種類の戦略で運用するもの。）の顧客勧誘資料を検証したところ、以下のとおり、不適切な記載が認められた。 (1)異なる運用商品の運用実績値を表示する行為等 当社は、平成２３年４月及び６月に配付したオプション・アルファ戦略に係る顧客勧誘資料において、既存顧客のオプション・アルファ戦略に係る運用実績として、同２１年８月から配付日直前までの月次の運用実績値（以下「実績値」という。）を記載している。 しかしながら、当社は、当該既存顧客の運用方針が途中で大きく変更したことから、その実績値をそのまま使用した場合、オプション・アルファ戦略の標準的な実績値としては不適切であると考え、オプション・アルファ戦略において標準的と考えられる運用実績を示すべく、平成２２年４月から同年９月までの実績値については、オプション・アルファ戦略ではない他の運用商品（カバード・コール戦略及びターゲット・バイ戦略）にて運用を行っている既存顧客の実績値を使用し、かつ、当該実績値を加工して表示していた。 また、当社は、同様の理由から、平成２３年３月から同年５月までの実績値については、オプション・アルファ戦略に係る既存顧客の実績値を使用しているが、当該実績値についても、実績値そのままではなく、加工して表示していた。 なお、当社は、当該勧誘資料に、これらの実績値を加工して表示していたことについての注記をしていないが、加工して記載した数値は、本来記載すべきだった数値と比較してプラスに表示されているものもあればマイナスに表示されているものもあった。 (2)勝率等の数値に係る不適切な記載 当社は、平成２４年２月に配付したターゲット・バイ戦略に係る顧客勧誘資料において、検証期間を同１７年４月から同２４年１月とし、検証期間における当該運用商品の収益率を月次で並べた表を記載し、当該表を基に算出した検証期間全体の勝率、累積リターン、年率リターン等を表示しており、このうち、同２２年１月以降の収益率については実績値を記載した旨注記している。 しかしながら、当社は、当該勧誘資料において、検証期間のうち残りの平成１７年４月から同２１年１２月までの数値については、実績値ではなく、情報サービス会社のデータを基に独自の計算方法により算出したシミュレーションに基づく数値（以下「バックテスト結果」という。）を記載しているにもかかわらず、その旨を注記では明示していない。 また、当社は、当該勧誘資料において、勝率、累積リターン、年率リターン等の数値について、バックテスト結果を記載した期間も通算して算出した数値を表示しているため、当該勧誘資料における各数値は、実績値から大きく乖離したものとなっているが、バックテスト結果を記載した期間も通算して算出している旨の注記をしていない。 なお、バックテスト結果を表示した数値は実績値と比較してプラスに表示されているものもあればマイナスに表示されているものもあった。 当社は、顧客勧誘資料の記載内容の適切性等について検証する内部管理態勢を構築せずに、このような顧客勧誘資料を、他の運用商品も含めた３種類の運用商品において、少なくとも４７の年金基金に対して配付している。 (3)複数の既存顧客の実績値を混在させた不適切な記載 当社は、平成２４年２月に配付したカバード・コール戦略に係る顧客勧誘資料において、カバード・コール戦略の既存顧客の実績値として月次の収益率を記載している。 しかしながら、当社は、当該既存顧客の運用方針が途中で大きく変更したことから、当該既存顧客の実績値をそのまま使用した場合、カバード・コール戦略の標準的な実績値としては不適切であると考え、カバード・コール戦略において標準的と考えられる運用実績を示すべく、当該実績値について、同一の既存顧客の実績値を記載せず、複数の既存顧客の実績値を混在させて記載している。 なお、当社は、顧客勧誘資料の記載内容の適切性等について検証する内部管理態勢を構築せずに、このような顧客勧誘資料を少なくとも２４の年金基金に対して配付している。 当社の行った上記（１）の行為は、金融商品取引契約の締結又はその勧誘に関して虚偽の表示をする行為に該当し、金融商品取引法（以下「金商法」という。）第３８条第７号の規定に基づく金融商品取引業等に関する内閣府令（以下「業府令」という。）第１１７条第１項第２号に該当するものと認められる。 また、上記（２）及び（３）の行為は、金融商品取引契約の締結又はその勧誘に関して重要な事項につき誤解を生ぜしめるべき表示をする行為に該当し、金商法第３８条第７号の規定に基づく業府令第１１７条第１項第２号に該当するものと認められる。 （参考条文） 金融商品取引法 （昭和23年法律第25号）（抄） （禁止行為） 第三十八条金融商品取引業者等又はその役員若しくは使用人は、次に掲げる行為をしてはならない。 一から六　（略） 七前各号に掲げるもののほか、投資者の保護に欠け、若しくは取引の公正を害し、又は金融商品取引業の信用を失墜させるものとして内閣府令で定める行為 金融商品取引業等に関する内閣府令 （平成19年内閣府令第52号）（抄） （禁止行為） 第百十七条 法第三十八条第七号に規定する内閣府令で定める行為は、次に掲げる行為とする。 一　（略） 二金融商品取引契約の締結又はその勧誘に関して、虚偽の表示をし、又は重要な事項につき誤解を生ぜしめるべき表示をする行為 （以下、略）
2012-11-30,株式会社ニッセンホールディングス,,株式会社ニッセンホールディングスとの契約締結交渉者からの情報受領者による内部者取引に対する課徴金納付命令の勧告について（平成24年11月30日）,https://www.fsa.go.jp/sesc/news/c_2012/2012/20121130-2.html,"平成２４年１１月３０日 証券取引等監視委員会 株式会社ニッセンホールディングスとの契約締結交渉者からの情報受領者による内部者取引に対する課徴金納付命令の勧告について １．勧告の内容 証券取引等監視委員会は、株式会社ニッセンホールディングスとの契約締結交渉者からの情報受領者による内部者取引について検査した結果、下記のとおり法令違反の事実が認められたので、本日、内閣総理大臣及び金融庁長官に対して、金融庁設置法第２０条第１項の規定に基づき、課徴金納付命令を発出するよう勧告を行った。 ２．法令違反の事実関係 課徴金納付命令対象者は、株式会社ニッセンホールディングス（以下「ニッセン」という。）と、シャディ株式会社（以下「シャディ」という。）の発行済普通株式全部の譲渡を含む資本業務提携に関する基本合意書の締結の交渉をしていたユーシーシーホールディングス株式会社（以下「ＵＣＣ」という。）の役員から、同人が同合意書の締結の交渉に関し知った、ニッセンの業務執行を決定する機関が、ＵＣＣと業務上の提携を行うこと及びＵＣＣからシャディの発行済株式の全部を譲り受けて同社を子会社化することについての決定をした旨の重要事実の伝達を受けながら、この事実が公表された平成２４年２月２０日より前の平成２４年２月１０日、自己の計算において、ニッセンの株式５０００株を買付価額１８１万円で買い付けたものである。 課徴金納付命令対象者が行った上記の行為は、金融商品取引法第１７５条第１項に規定する「第１６６条第１項又は第３項の規定に違反して、同条第１項に規定する売買等をした」行為に該当すると認められる。 ３．課徴金の額の計算 上記の違法行為に対し、金融商品取引法に基づき納付を命じられる課徴金の額は、２４万円である。 計算方法の詳細については、別紙のとおり。 （別紙） ○ 課徴金の額の計算方法について 金融商品取引法第１７５条第１項に基づき、課徴金の額は、 （重要事実が公表された後２週間における最も高い価格）×（買付株数） －（買付価格）×（買付株数） となる。 したがって、重要事実の公表後２週間におけるニッセンの最も高い株価は、平成２４年２月２２日の４１１円であることから、課徴金の額は下記の金額となる。 （４１１円×５，０００株） － 買付価額１，８１０，０００円 （注） ＝ ２４５，０００円 ⇒課徴金の額は１万円未満を切り捨てるため、 ２４万円 （注）買付価額は、「362円×5,000株」の額である。"
2012-11-27,ユーレカプロジェクト合同会社,,ユーレカプロジェクト合同会社に対する検査結果に基づく勧告について（平成24年11月27日）,https://www.fsa.go.jp/sesc/news/c_2012/2012/20121127-1.html,"平成２４年１１月２７日 証券取引等監視委員会 ユーレカプロジェクト合同会社に対する検査結果に基づく勧告について １．勧告の内容 東海財務局長がユーレカプロジェクト合同会社（愛知県名古屋市、資本金３００万円、役職員２名、投資助言・代理業）を検査した結果、下記のとおり、当該金融商品取引業者に係る法令違反等の事実が認められたので、平成２４年１１月２６日、証券取引等監視委員会は、内閣総理大臣及び金融庁長官に対して、金融庁設置法第２０条第１項の規定に基づき、行政処分を行うよう勧告した。 ２．事実関係 （１）業務の運営の状況に関し、投資者保護上重大な問題が認められる状況 イ無登録の投資運用業者との投資一任契約の媒介をする行為その１ Ａ社は、金融商品取引法（以下「金商法」という。）に規定する金融商品取引業の登録を受けずに自動売買システムによりＦＸ取引で運用する海外に所在する投資運用業者（以下「無登録の投資運用業者」という。）である。当社は、平成２２年１２月頃から過去の投資セミナー等で知りあった者に対して勧誘し、３名の顧客とＡ社との間で投資一任契約の締結の媒介を行った。 ロ無登録の投資運用業者との投資一任契約の媒介をする行為その２ 当社は、平成２３年８月下旬頃から当社の主催したセミナー等で知りあった２２名の者に対して勧誘し、４名の顧客とＡ社とは別の無登録の投資運用業者との間でも投資一任契約の締結の媒介を行った。 当社が行った行為は、無登録の投資運用業者との投資一任契約の締結の媒介を行うものであり、投資者保護上重大な問題があるものと認められる。 ハ無登録の投資助言・代理業者の代理をして投資顧問契約を締結する行為 当社は、無登録の投資助言・代理業者であるＢが開発した株式投資の銘柄選定に用いるソフトウエア（以下「株式ソフト」という。）の販売を目的としてＢと総代理店業務委託契約を締結し、当社ホームページで勧誘し、２６名の顧客に販売している。 顧客は、当社に対し、株式ソフトの購入代金に加え、別途月額使用料を支払っている。しかし、当該月額使用料のうち半額はＢに支払われるとともに、株式ソフトは、当社がＢに開発を委託したものではなく、Ｂが個人的に開発したものであり、株式ソフトのバージョンアップやバグ修正などの顧客へのサポートについて、当社を通さずに顧客に対して直接行っていることから、実質的には当社はＢの代理として顧客との投資顧問契約の締結をしているものと認められる。 当社が行った行為は、無登録の投資助言・代理業者であるＢを代理して顧客と投資顧問契約を締結するものであり、投資者保護上重大な問題があると認められる。 当社が行った上記イからハの行為は、金商法第５１条に規定する、業務の運営状況の改善に必要な措置を取るべきことを命ずることができる場合の要件となる「業務の運営に関し、公益又は投資者保護のため必要かつ適当であると認めるとき」に該当するものと認められる。 （２）著しく事実に相違する表示のある広告をする行為 当社は、Ｂが開発した株式ソフトの勧誘のために、当社ホームページに、「マルチペアトレード」と称する項目を設け、「モニターレポート」と称する株式ソフトの利用体験者（以下「モニター」という。）の実績の内容の広告を行っている。 当該モニターレポートでは、運用資金３００万円の者の実績として、「取引回数１１回　手仕舞完了９回　９勝０敗　仕掛中２回　最大運用資金５,６５６,２００円　手仕舞確定利益１,９１６,８００円」のほか、「約１か月ほどで３００万円の証拠金で４７万円ほどの利益がでました。」等のコメントを掲載している。 今回検査において、当該モニターレポートを検証したところ、モニターは実在の人物ではなく、コメントは当社が考えた架空の内容であり、同レポートの運用実績は、当社代表を含む役職員が株式ソフトを用いて行った模擬取引のうち、成績の良い２事例について顧客が実際に利益を上げたかのように表示したものであった。 当社が行った行為は、当社ホームページのマルチペアトレードの広告において、投資助言業務の実績に関する事項につき、著しく事実に相違する表示のある広告をするものであり、金商法第３７条第２項に違反するものと認められる。 (参考条文) ○ 金融商品取引法（昭和23年法律第25号）　(抄) （広告等の規制） 第三十七条 (略) ２金融商品取引業者等は、その行う金融商品取引業に関して広告その他これに類似するものとして内閣府令で定める行為をするときは、金融商品取引行為を行うことによる利益の見込みその他内閣府令で定める事項について、著しく事実に相違する表示をし、又は著しく人を誤認させるような表示をしてはならない。 （金融商品取引業者に対する業務改善命令） 第五十一条 内閣総理大臣は、金融商品取引業者の業務の運営又は財産の状況に関し、公益又は投資者保護のため必要かつ適当であると認めるときは、その必要の限度において、当該金融商品取引業者に対し、業務の方法の変更その他業務の運営又は財産の状況の改善に必要な措置をとるべきことを命ずることができる。"
2012-11-30,ィンキュラムジャパン株式会社,,ヴィンキュラムジャパン株式に係る相場操縦に対する課徴金納付命令の勧告について（平成24年11月30日）,https://www.fsa.go.jp/sesc/news/c_2012/2012/20121130-1.html,"平成２４年１１月３０日 証券取引等監視委員会 ヴィンキュラムジャパン株式に係る相場操縦に対する課徴金納付命令の勧告について １．勧告の内容 証券取引等監視委員会は、ヴィンキュラムジャパン株式に係る相場操縦について検査した結果、下記のとおり法令違反の事実が認められたので、本日、内閣総理大臣及び金融庁長官に対して、金融庁設置法第２０条第１項の規定に基づき、課徴金納付命令を発出するよう勧告を行った。 ２．法令違反の事実関係 課徴金納付命令対象者は、ヴィンキュラムジャパン株式会社の株式につき、同株式の売買を誘引する目的をもって、平成２２年４月１２日午前９時１６分頃から同日午後２時２９分頃までの間、直前約定値より高値で自己の売り注文と買い注文を発注して対当させたり、成行買い注文を連続して発注し高値で約定させるなどして株価を制限値幅の上限値まで引き上げた上、買い特別気配を表示させながら同値に約定させる意思のない大量の買い注文を発注するなどの方法により、同株式合計１２７株を買い付ける一方、同株式１００株を売り付けるとともに、同株式２００株の買付けの委託を行うなどし、もって、自己の計算において、同株式の売買が繁盛であると誤解させ、かつ、同株式の相場を変動させるべき一連の売買及び委託をしたものである。 課徴金納付命令対象者が行った上記の行為は、金融商品取引法第１７４条の２第１項に規定する「第１５９条第２項第１号の規定に違反する一連の有価証券売買等」及び「その委託等」の違反行為に該当すると認められる。 ３．課徴金の額の計算 上記の違法行為に対し金融商品取引法に基づき納付を命じられる課徴金の額は、 ４４２万円である。 計算方法の詳細については、別紙のとおり。 （別紙） ○ 課徴金の額の計算方法について １．金融商品取引法第１７４条の２第１項に基づき、課徴金の額は、 (1) 売買対当数量（注１）に係るものについて、 （有価証券の売付価額）－（有価証券の買付価額） と、 (2) 当該違反行為に係る有価証券の売付数量が買付数量を超える場合の、当該超える数量に係るものについて、 （有価証券の売付価額）－（当該違反行為が終了してから１月を経過するまでの間の当該有価証券の最低価格×当該超える数量） または、 当該違反行為に係る有価証券の買付数量が売付数量を超える場合の、当該超える数量に係るものについて、 （当該違反行為が終了してから１月を経過するまでの間の当該有価証券の最高価格×当該超える数量）－（有価証券の買付価額） との合計額として計算される。 (注１)売買対当数量：当該違反行為に係る有価証券の売付数量と買付数量のうち、いずれか少ない数量をいう。 ２．課徴金納付命令対象者の違反行為について、本件における課徴金の額は、下記(1)及び(2)によりそれぞれ算定される額の合計　4,424,300円 ⇒課徴金の額は、１万円未満を切り捨てるため、 ４４２万円 (1) 当該違反行為に係る売買対当数量は、 (i)当該違反行為に係る有価証券の売付数量は、100株であり、 (ii)当該違反行為に係る有価証券の買付数量は、実際の買付け等の数量127株に、金融商品取引法第１７４条の２第８項及び同法施行令第３３条の１３第１号により、違反行為開始時にその時の価格（58,500円）で買付け等をしたものとみなされる当該違反行為の開始時に所有している当該有価証券の数量209株を加えた336株である ことから、100株となる。 当該売買対当数量に係るものについて、 売付価額5,850,000円（注２）－ 買付価額5,850,000円（注３）＝ 0円 (注２)売付価額は、「58,500円×100株」の額である。 (注３)買付価額は、「58,500円×100株」の額である。 (注４)買付価額の算定においては、金融商品取引法施行令第３３条の１４第５項の規定により、当該違反行為に係る有価証券の買付けのうち最も早い時期に行われたものから順次当該売買対当数量に達するまで割り当てることとなる。 本件においては、違反行為の開始時点において所有しており、金融商品取引法第１７４条の２第８項及び同法施行令第３３条の１３第１号の規定により、違反行為の開始時点にその時における価格（58,500円）で買い付けたものとみなされるもの（みなし買付け）が、当該売買対当数量を超えるため、すべてみなし買付け分が割り当てられることとなる。 (2) 上記(1)のとおり、当該違反行為に係る有価証券の買付数量が、売付数量を超えることから、 当該超える数量236株（336株－100株）について、 当該違反行為が終了してから１月を経過するまでの間の各日における当該有価証券の最高価格のうち最も高い価格（77,800円）に当該超える数量を乗じて得た額 18,360,800円（77,800円×236株）－ 買付価額13,936,500円（注５） ＝4,424,300円 (注５）買付価額は、 「58,500円×209株＋60,000円×2株＋62,000円×2株＋63,000円×14株＋64,800円×1株＋64,900円×8株」 の合計額である。"
2012-12-05,イニシア・スター証券株式会社,,イニシア・スター証券株式会社に対する検査結果に基づく勧告について（平成24年12月5日）,https://www.fsa.go.jp/sesc/news/c_2012/2012/20121205-1.html,平成２４年１２月５日 証券取引等監視委員会 イニシア・スター証券株式会社に対する検査結果に基づく勧告について １．勧告の内容 関東財務局長がイニシア・スター証券株式会社（東京都港区、資本金１３億円、常勤役職員１７名、第一種及び第二種金融商品取引業、投資助言・代理業）を検査した結果、下記のとおり、当該金融商品取引業者に係る法令違反の事実が認められたので、本日、証券取引等監視委員会は、内閣総理大臣及び金融庁長官に対して、金融庁設置法第２０条第１項の規定に基づき、行政処分を行うよう勧告した。 ２．事実関係 ○顧客区分管理必要額を運転資金等に流用しているなど公益及び投資者保護上著しく不当な行為が認められる状況 今回検査において、イニシア・スター証券株式会社（以下「当社」という。）の財産の状況を検証したところ、以下の状況が認められた。 (1) 純財産額及び自己資本規制比率が法定の基準を下回っている状況 当社は、検査基準日（平成24年11月28日）現在、預金勘定に214百万円を計上しているものの、実際は、うち200百万円は存在しておらず、真正な預金残高は14百万円となっている。 真正な預金残高等を踏まえた検査基準日現在の純財産額は、金融商品取引法（以下「金商法」という。）第29条の４第１項第５号ロに基づく金融商品取引法施行令第15条の９第1項に定める額（５千万円）に満たない額となっているほか、自己資本規制比率についても、金商法第46条の６第２項に定める比率を著しく下回る状況となっている。 (2) 当局に対する虚偽報告 当社は、平成24年８月８日に発出された関東財務局長からの金商法第56条の２第１項に基づく報告命令（以下「報告徴求命令」という。）に対して、220百万円の預金残高がある旨を記載した虚偽の報告書を同年９月10日に関東財務局長に提出し、報告徴求命令に基づくモニタリング調査においても、同月以降の数値について、虚偽の報告をしていた。 (3) 顧客区分管理必要額を運転資金等に流用している状況 I顧客区分管理必要額の信託不足 今回検査において、顧客区分管理必要額の算定根拠となる顧客からの預り金（以下「顧客預り金」という。）を確認したところ、116百万円の信託不足が発生している。 II区分管理すべき顧客資産を運転資金等に流用している状況 上記Iにおいて、当社Ａ取締役は、当社会長（当社の100％子会社（以下「Ｂ社」という。）の社長）から、顧客預り金を取り崩してＢ社や当社会長から指示のあった者への貸付金（又は立替金）とするよう指示を受け、平成24年８月31日以降、部下に指示の上、数度に亘り顧客区分管理信託額から取り崩し、125百万円を貸付金（又は立替金）や当社の運転資金等に流用している。 日々の顧客区分管理必要額の算定時は、顧客預り金を過少に計上することで、顧客区分管理必要額を過少に算定し、余剰額（本来の顧客区分管理必要額との差額）を運転資金等として費消している。 (4) 支払い不能に陥るおそれのある状況 当社が、平成24年12月4日付で作成した資金繰り表によると、同月3日現在で、経費等の支払いに充てられる現預金は16百万円程度であり、今後の収入、支出見込み額を踏まえると、同月25日には支払不能の状況になる。 また、当社は、上記(3)IIのとおり、顧客からの預り金で、区分管理すべきもののうち125百万円を会社の運転資金等の経費に流用しているが、当社が作成した資金繰り表では、その額が反映されておらず、その流用分の補てんを含めた今後の資金計画は、まったく目途がたっていない状況である。 上記(1)のとおり、当社の純財産額が法定の基準に満たない状況は、金商法第52条第１項第３号（同法第29条の４第１項第５号ロに該当することとなったとき）に該当するものと認められる。 また、当社の自己資本規制比率が100パーセントを著しく下回っている状況は、金商法第53条第２項に規定する「金融商品取引業者が第46条の６第２項の規定に違反している場合（自己資本規制比率が、100パーセントを下回るときに限る。）において、公益又は投資者保護のため必要かつ適当であると認めるとき」に該当するものと認められる。 上記(2)のとおり、報告徴求命令に対し虚偽の報告を行ったことは、金商法第52条第１項第６号（金融商品取引業に関し法令に基づいてする行政官庁の処分に違反したとき）に該当するものと認められる。 上記(3)の状況は、金商法第43条の３第２項に定める顧客資産の区分管理義務に違反するものと認められる。 上記(4)の状況は、金商法第52条第１項第７号（業務又は財産の状況に照らし支払不能に陥るおそれがあるとき）に該当するものと認められる。 （参考条文） ○ 金融商品取引法（昭和23年法律第25号）（抄） （登録の拒否） 第二十九条の四 内閣総理大臣は、登録申請者が次の各号のいずれかに該当するとき 、又は登録申請書若しくはこれに添付すべき書類若しくは電磁的記録のうちに虚偽の記載若しくは記録があり、若しくは重要な事実の記載若しくは記録が欠けているとき は、その登録を拒否しなければならない 。 一～四　（略） 五 第一種金融商品取引業又は投資運用業を行おうとする場合にあつては、次のいずれかに該当する者 イ　（略） ロ 純財産額（内閣府令で定めるところにより、資産の合計金額から負債の合計金額を控除して算出した額をいう。）が、公益又は投資者保護のため必要かつ適当なものとして政令で定める金額に満たない者 ハ～ヘ　（略） 六　（略） ２～５　（略） 第四十三条の三　（略） ２ 金融商品取引業者等は、その行うデリバティブ取引に関し、顧客の計算に属する金銭 及び金融商品の価値に相当する財産 については、内閣府令で定めるところにより、管理しなければならない 。 （自己資本規制比率） 第四十六条の六　（略） ２ 金融商品取引業者は、自己資本規制比率が百二十パーセントを下回ることのないようにしなければならない 。 ３　（略） （金融商品取引業者に対する監督上の処分） 第五十二条 内閣総理大臣は、金融商品取引業者が次の各号のいずれかに該当する場合においては、当該金融商品取引業者の第二十九条の登録を取り消し、第三十条第一項の認可を取り消し、又は六月以内の期間を定めて業務の全部若しくは一部の停止を命ずることができる 。 一・二　（略） 三 第一種金融商品取引業 又は投資運用業 を行う金融商品取引業者が、第二十九条の四第一項第五号 イ又は ロに該当することとなつたとき 。 四・五　（略） 六 金融商品取引業 又はこれに付随する業務 に関し 法令（第四十六条の六第二項を除く。）又は 法令に基づいてする行政官庁の処分に違反したとき 。 七 業務又は財産の状況に照らし支払不能に陥るおそれがあるとき 。 八～十一　（略） ２～５　（略） （自己資本規制比率についての命令） 第五十三条　（略） ２ 内閣総理大臣は、金融商品取引業者が第四十六条の六第二項の規定に違反している場合（自己資本規制比率が、百パーセントを下回るときに限る。）において、公益又は投資者保護のため必要かつ適当であると認めるときは、その必要の限度において、三月以内の期間を定めて業務の全部又は一部の停止を命ずることができる 。 ３　（略） ○ 金融商品取引法施行令（昭和40年政令第321号）（抄） （金融商品取引業者の最低資本金の額等） 第十五条の七　法第二十九条の四第一項第四号（法第三十一条第五項において準用する場合を含む。）に規定する政令で定める金額は、次の各号に掲げる場合の区分に応じ、当該各号に定める金額とする。 一・二　（略） 三 第一種金融商品取引業 又は投資運用業 を行おうとする場合 （前二号に掲げる場合を除く。） 五千万円 四　（略） ２　（略） （金融商品取引業者の最低純財産額） 第十五条の九 法第二十九条の四第一項第五号ロ （法第三十一条第五項において準用する場合を含む。） に規定する政令で定める金額は、第十五条の七第一項各号 （第四号を除く。） に掲げる場合の区分に応じ、当該各号に定める金額とする 。 ２　（略）
2012-11-16,サイレックス・テクノロジー株式会社,,公開買付者との契約締結者からの情報受領者によるサイレックス・テクノロジー株式に係る内部者取引に対する課徴金納付命令の勧告について（平成24年11月16日）,https://www.fsa.go.jp/sesc/news/c_2012/2012/20121116-2.html,"平成２４年１１月１６日 証券取引等監視委員会 公開買付者との契約締結者からの情報受領者によるサイレックス・テクノロジー株式に係る内部者取引に対する課徴金納付命令の勧告について １．勧告の内容 証券取引等監視委員会は、公開買付者との契約締結者からの情報受領者によるサイレックス・テクノロジー株式に係る内部者取引について検査した結果、下記のとおり法令違反の事実が認められたので、本日、内閣総理大臣及び金融庁長官に対して、金融庁設置法第２０条第１項の規定に基づき、課徴金納付命令を発出するよう勧告を行った。 ２．法令違反の事実関係 課徴金納付命令対象者は、サイレックス・テクノロジー株式会社（以下「サイレックス」という。）の株主であった者から、同人が、同人と村田機械株式会社（以下「村田機械」という。）との間の公開買付応募契約の締結に関し知った、村田機械の業務執行を決定する機関が、サイレックス株式の公開買付けを行うことについての決定をした旨の公開買付け等の実施に関する事実の伝達を受けながら、この事実が公表された平成２３年８月１１日より前の同月９日、自己の計算において、サイレックスの株式合計２５株を買付価額合計８２万７７００円で買い付けたものである。 課徴金納付命令対象者が行った上記の行為は、金融商品取引法第１７５条第２項に規定する「第１６７条第１項又は第３項の規定に違反して、同条第１項に規定する特定株券等若しくは関連株券等に係る買付け等又は同項に規定する株券等に係る売付け等をした」行為に該当すると認められる。 ３．課徴金の額の計算 上記の違法行為に対し、金融商品取引法に基づき納付を命じられる課徴金の額は、６１万円である。 計算方法の詳細については、別紙のとおり。 （別紙） ○ 課徴金の額の計算方法について 金融商品取引法第１７５条第２項に基づき、課徴金の額は、 （公開買付け等の実施に関する事実が公表された後２週間における最も高い価格）×（買付株数）－（買付価格）×（買付株数） となる。 したがって、公開買付け等の実施に関する事実の公表後２週間におけるサイレックスの最も高い株価は、平成２３年８月１６日の５７，８００円であることから、課徴金の額は下記の金額となる。 （５７，８００円×２５株）－買付価額８２７，７００円（注） ＝６１７，３００円 ⇒課徴金の額は１万円未満を切り捨てるため、 ６１万円 （注）買付価額は、「32,600円×12株＋32,800円×2株＋32,900円×1株＋33,000円×2株＋33,500円×3株 ＋34,300円×5株」の合計額である。"
2012-10-30,株式会社バンテック,,株式会社バンテック社員からの情報受領者による内部者取引に対する課徴金納付命令の勧告について（平成24年10月30日）,https://www.fsa.go.jp/sesc/news/c_2012/2012/20121030-1.html,"平成２４年１０月３０日 証券取引等監視委員会 株式会社バンテック社員からの情報受領者による内部者取引に対する課徴金納付命令の勧告について １．勧告の内容 証券取引等監視委員会は、株式会社バンテック社員からの情報受領者による内部者取引について検査した結果、下記のとおり法令違反の事実が認められたので、本日、内閣総理大臣及び金融庁長官に対して、金融庁設置法第２０条第１項の規定に基づき、課徴金納付命令を発出するよう勧告を行った。 ２．法令違反の事実関係 課徴金納付命令対象者は、株式会社バンテック（以下「バンテック」という。）の社員から、同人がその職務に関し知った、バンテックの業務執行を決定する機関が、全部取得条項付種類株式を利用する方法により、バンテックを株式会社日立物流の完全子会社とする決定をした旨の、バンテックの運営、業務又は財産に関する重要な事実であって投資者の投資判断に著しい影響を及ぼす事実の伝達を受けながら、この事実が公表された平成２３年１２月１５日より前の同年１１月３０日から同年１２月１日までの間に、自己の計算において、バンテックの株式合計６５株を買付価格合計９２３万円で買い付けたものである。 課徴金納付命令対象者が行った上記の行為は、金融商品取引法第１７５条第１項に規定する「第１６６条第１項又は第３項の規定に違反して、同条第１項に規定する売買等をした」行為に該当すると認められる。 ３．課徴金の額の計算 上記の違法行為に対し、金融商品取引法に基づき納付を命じられる課徴金の額は、５８５万円である。 計算方法の詳細については、別紙のとおり。 （別紙） ○ 課徴金の額の計算方法について 金融商品取引法第１７５条第１項に基づき、課徴金の額は、 （重要事実が公表された後２週間における最も高い価格）×（買付株数） －（買付価格）×（買付株数） となる。 したがって、重要事実の公表後２週間におけるバンテックの最も高い株価は、平成２３年１２月２０日の２３２，０００円であることから、課徴金の額は下記の金額となる。 （２３２，０００円×６５株）－買付価額９，２３０，０００円（注） ＝５，８５０，０００円 （注）買付価額は、「142,000円×65株」の額である。"
2012-11-16,岐阜銀行,,岐阜銀行株式に係る相場操縦に対する課徴金納付命令の勧告について（平成24年11月16日）,https://www.fsa.go.jp/sesc/news/c_2012/2012/20121116-1.html,"平成２４年１１月１６日 証券取引等監視委員会 岐阜銀行株式に係る相場操縦に対する課徴金納付命令の勧告について １．勧告の内容 証券取引等監視委員会は、岐阜銀行株式に係る相場操縦について検査した結果、下記のとおり法令違反の事実が認められたので、本日、内閣総理大臣及び金融庁長官に対して、金融庁設置法第２０条第１項の規定に基づき、課徴金納付命令を発出するよう勧告を行った。 ２．法令違反の事実関係 課徴金納付命令対象者は、株式会社岐阜銀行（株式会社十六銀行との合併により、平成２４年９月１８日消滅。）の株式につき、投資家にその売買が繁盛に行われていると誤解させる目的で、平成２２年９月２９日午後３時３０分頃から同年１２月１６日午後０時３０分頃までの間、３６回にわたり、自己の注文同士で、同株式合計１２３万８０００株につき、権利の移転を目的としない仮装の売買をし、もって、自己の計算において、同株式の売買の状況に関し他人に誤解を生じさせる目的をもって、権利の移転を目的としない仮装の同株式の売買をしたものである。 課徴金納付命令対象者が行った上記の行為は、金融商品取引法第１７４条第１項に規定する「第１５９条第１項の規定に違反する有価証券の売買」の違反行為に該当すると認められる。 ３．課徴金の額の計算 上記の違法行為に対し、金融商品取引法に基づき納付を命じられる課徴金の額は、１５３万円である。 計算方法の詳細については、別紙のとおり。 （別紙） ○ 課徴金の額の計算方法について １．金融商品取引法第１７４条第１項に基づき、課徴金の額は、 違反行為期間における有価証券の売付数量が買付数量を超える場合の、当該超える数量に係るものについて、 （有価証券の売付価額）－（当該違反行為が終了してから１月を経過するまでの間の当該有価証券の最低価格×当該超える数量） または、 違反行為期間における有価証券の買付数量が売付数量を超える場合の、当該超える数量に係るものについて、 （当該違反行為が終了してから１月を経過するまでの間の当該有価証券の最高価格×当該超える数量）－（有価証券の買付価額） の額として計算される。 ２．本件における課徴金の額は、下記により算定される額　1,538,000円 ⇒課徴金の額は１万円未満を切り捨てるため、 １５３万円 (1) 違反行為期間における有価証券の売付数量は、1,882,000株であり、 違反行為期間における有価証券の買付数量は、実際の買付数量2,711,000株に、金融商品取引法第１７４条第７項及び同法施行令第３３条の９の５第１号により、違反行為の開始時にその時の価格（24円）で買付けをしたものとみなされる当該違反行為の開始時に所有している当該有価証券の数量318,000株を加えた3,029,000株である。 (2) 上記(1)のとおり、違反行為期間における有価証券の買付数量が、売付数量を超えることから、当該超える数量1,147,000株（3,029,000株－1,882,000株）について、当該違反行為が終了してから１月を経過するまでの間の各日における当該有価証券の最高価格のうち最も高い価格（24円）に当該超える数量を乗じて得た額から当該超える数量に係る有価証券の買付価額を控除した額 27,528,000円（24円×1,147,000株）－買付価額25,990,000円（注） ＝1,538,000円 （注）買付価額は、「21円×33,000株＋22円×496,000株＋23円×447,000株＋24円×171,000株」の合計額である。"
2012-11-02,ジャパン・アドバイザリー合同会社,,ジャパン・アドバイザリー合同会社による内部者取引に対する課徴金納付命令の勧告について（平成24年11月2日）,https://www.fsa.go.jp/sesc/news/c_2012/2012/20121102-1.html,平成２４年１１月２日 証券取引等監視委員会 ジャパン・アドバイザリー合同会社による内部者取引に対する課徴金納付命令の勧告について １．勧告の内容 証券取引等監視委員会は、ジャパン・アドバイザリー合同会社（以下「当社」という。）による内部者取引について検査した結果、下記のとおり法令違反の事実が認められたので、本日、内閣総理大臣及び金融庁長官に対して、金融庁設置法第２０条第１項の規定に基づき、課徴金納付命令を発出するよう勧告を行った。 ２．法令違反の事実関係 当社は、投資助言・代理業を行うことにつき、内閣総理大臣の登録を受けていた（平成２４年６月２９日登録取消し）が、投資運用業を行うことにつき登録を受けることなく実質的にその顧客の資産に関する投資運用業を営んでいた会社である。当社において、外国籍の２つのヘッジファンドの財産を実質的に運用していた同社社員が、平成２３年７月５日に、エルピーダメモリ株式会社との引受契約の締結の交渉を行っていた証券会社の社員甲から、エルピーダメモリ株式会社の業務執行を決定する機関が株式及び転換社債型新株予約権付社債の募集を行うことについての決定をした旨の事実（同証券会社の他の社員乙が交渉に関して知り、社員甲がその職務に関し知ったものである。）の伝達（社員甲が、当社に対して産業用エレクトロニクス業種に関する説明等を行うにあたり、同証券会社の社内規則に基づき社員甲の担当銘柄であるエルピーダメモリ株式会社に関する記載を削除した説明資料を作成し、当社社員らに交付したこと等から、上記当社社員が上記事実を認識したものである。）を受けながら，この事実が公表された平成２３年７月１１日より前の平成２３年７月６日に、上記外国籍ヘッジファンドの計算において、エルピーダメモリ株式会社株式合計３万２６００株を売付価額３０４１万４９８６円で売り付けたものである。 当社の行為は、金融商品取引法第１７５条第１項に規定する「第１６６条第１項又は第３項の規定に違反して、同条第１項に規定する売買等をした」行為に該当すると認められる。 ３．課徴金の額の計算 上記の違法行為に対し金融商品取引法に基づき納付を命じられる課徴金の額は、１２万円である。 計算方法の詳細については、別紙のとおり。 ４．その他 本件については、上記２．の証券会社から、同社が継続的に行っている自主的な点検・調査において、問題を把握したとして、証券取引等監視委員会に報告がなされたものである。その後も証券取引等監視委員会の検査において、同社より協力がなされている。 （別紙） ○ 課徴金の額の計算方法について (1) 金融商品取引法第１７５条第１項第３号・金融商品取引法第六章の二の規定による課徴金に関する内閣府令第１条の２１第１項第１号の規定により、金融商品取引法第１７５条第１項第３号に規定する売買をした者（以下「違反者」という。）が運用財産の運用として当該売買を行った場合、（ア）当該売買が行われた月について違反者に当該運用財産の運用の対価として支払われ、又は支払われるべき金銭その他の財産の価額の総額に、（イ）当該売買が行われた日からその月の末日までの間の当該運用財産である当該売買の銘柄の総額のうち最も高い額を乗じ、（ウ）当該取引が行われた月の末日における当該運用財産の総額で除した額。 本件では、対象となる取引は、２つの運用財産の運用として行われているため、各運用財産について課徴金額を計算し、それらを合計する額になる。 運用財産（I）について （ア）６２，０７３，７８４円×（イ）８２，１４６，９００円 ÷（ウ）５８，８６４，７９６，１６７円 ＝８６，６２５円 運用財産（II）について （ア）３３，１３２，４８１円×（イ）２３，５２７，９００円 ÷（ウ）２１，８６６，０２５，５３９円 ＝３５，６５０円 合計　８６，６２５円＋３５，６５０円＝１２２，２７５円 (2) 金融商品取引法第１７６条第２項の規定により、上記(1)で計算した額の１万円未満の端数を切捨て。
2012-11-06,株式会社東理ホールディングス,,株式会社東理ホールディングスに係る有価証券報告書等の虚偽記載に係る課徴金納付命令勧告について（平成24年11月6日）,https://www.fsa.go.jp/sesc/news/c_2012/2012/20121106-1.html,"平成２４年１１月６日 証券取引等監視委員会 株式会社東理ホールディングスに係る有価証券報告書等の虚偽記載に係る課徴金納付命令勧告について １．勧告の内容 証券取引等監視委員会は、株式会社東理ホールディングスに係る有価証券報告書等の虚偽記載について検査した結果、以下のとおり法令違反の事実が認められたので、本日、内閣総理大臣及び金融庁長官に対して、金融庁設置法第20条第１項の規定に基づき、課徴金納付命令を発出するよう勧告を行った。 ２．法令違反の事実関係 株式会社東理ホールディングス（以下「当社」という。）は、平成19年7月から平成20年３月にかけて、当社の元役員等に対して金銭等を貸し付けた。その後、契約が変更され、当該貸付取引に係る債権の回収がほとんど見込めなくなっていたにもかかわらず、これらを適切に検討せず、別紙１のとおり、貸倒引当金繰入額を過少計上するなどした以下の有価証券報告書等を関東財務局に提出した。当該有価証券報告書等は、平成20年法律第65号による改正前の金融商品取引法（以下「旧金融商品取引法」という。）第172条の２第１項に規定する「重要な事項につき虚偽の記載がある」ものに該当すると認められたものである。 平成20年３月期有価証券報告書（平成20年６月30日提出） 平成20年３月期有価証券報告書の訂正報告書（平成20年８月８日提出） 平成20年３月期有価証券報告書の訂正報告書（平成22年２月15日提出） ３．課徴金の額の計算 上記の違法行為に対し旧金融商品取引法に基づき納付を命じられる課徴金の額は、300万円である。（計算方法については別紙２のとおり。） （別紙１）株式会社東理ホールディングスの有価証券報告書等の虚偽記載内容 番号 開示書類 虚偽記載 提出日 書類 会計期間 財務計算に 関する書類 内容（注） 事由 １ 平成20年 ６月30日 第４期事業年度連結会計期間に係る有価証券報告書（平成20年３月期有価証券報告書） 平成19年４月１日～平成20年３月31日の連結会計期間 連結 損益計算書 連結当期純損益が▲10,199百万円であるところを▲9,407百万円と記載 ・貸倒引当金繰入額の過少計上 等 ２ 平成20年 ８月８日 第４期事業年度連結会計期間に係る有価証券報告書の訂正報告書（平成20年３月期有価証券報告書の訂正報告書） 平成19年４月１日～平成20年３月31日の連結会計期間 連結 損益計算書 連結当期純損益が▲10,199百万円であるところを▲9,572百万円と記載 ・貸倒引当金繰入額の過少計上 等 ３ 平成22年 ２月15日 第４期事業年度連結会計期間に係る有価証券報告書の訂正報告書（平成20年３月期有価証券報告書の訂正報告書） 平成19年４月１日～平成20年３月31日の連結会計期間 連結 損益計算書 連結当期純損益が▲10,199百万円であるところを▲9,572百万円と記載 ・貸倒引当金繰入額の過少計上 等 （注）金額は百万円未満切捨てである。また、▲は損失であることを示す。 （別紙２）課徴金の計算方法 旧金融商品取引法第172条の２第１項の規定により、平成20年３月期有価証券報告書、平成20年３月期有価証券報告書の訂正報告書（平成20年８月８日提出）及び平成20年３月期有価証券報告書の訂正報告書（平成22年２月15日提出）に係る課徴金について、個別決定ごとの算出額は、 (ｉ) 当該法人が発行する算定基準有価証券の市場価額の総額に10万分の３を乗じて得た額 （平成20年３月期有価証券報告書 595,519円 平成20年３月期有価証券報告書の訂正報告書 （平成20年８月８日提出） 595,519円 平成20年３月期有価証券報告書の訂正報告書 （平成22年２月15日提出） 595,519円） が (ii) 3,000,000円 を超えないことから、 平成20年３月期有価証券報告書については、3,000,000円 平成20年３月期有価証券報告書の訂正報告書（平成20年８月８日提出）については、3,000,000円 平成20年３月期有価証券報告書の訂正報告書（平成22年２月15日提出）については、3,000,000円 となる。 ここで、これらの書類が同一の事業年度に係るものであることから、旧金融商品取引法第185条の７第２項の規定により、下記のとおり300万円を個別決定ごとの算出額に応じて按分した金額が課徴金の額となる。 平成20年３月期有価証券報告書に係る課徴金の額は 1,000,000円 平成20年３月期有価証券報告書の訂正報告書（平成20年８月８日提出）に係る課徴金の額は 1,000,000円 平成20年３月期有価証券報告書の訂正報告書（平成22年２月15日提出）に係る課徴金の額は 1,000,000円"
2012-10-16,ユナイテッド投信投資顧問株式会社,,ユナイテッド投信投資顧問株式会社に対する検査結果に基づく勧告について（平成24年10月16日）,https://www.fsa.go.jp/sesc/news/c_2012/2012/20121016-5.html,"平成２４年１０月１６日 証券取引等監視委員会 ユナイテッド投信投資顧問株式会社に対する検査結果に基づく勧告について １．勧告の内容 証券取引等監視委員会がユナイテッド投信投資顧問株式会社（東京都中央区、資本金１,１５５百万円、役職員４０名、第二種金融商品取引業、投資運用業、投資助言・代理業）を検査した結果、下記のとおり、当該金融商品取引業者に係る法令違反の事実が認められたので、平成２４年１０月１０日、証券取引等監視委員会は、内閣総理大臣及び金融庁長官に対して、金融庁設置法第２０条第１項の規定に基づき、行政処分を行うよう勧告した。 ２．事実関係 ○投資一任契約に係る善管注意義務違反 (１)Ａ厚生年金基金（以下「Ａ基金」という。）との年金投資一任契約 ユナイテッド投信投資顧問株式会社（以下「当社」という。）が、Ａ基金との間で締結した年金投資一任契約（以下「年金一任契約」という。）に関し、以下の問題が認められた。 イ年金一任契約締結に至るまでの経緯 平成２０年９月、当社は、株式会社アール・ビーインベストメント・アンド・コンサルティング（以下「ＲＢ社」という。）から、ＲＢ社を運営者とし未公開株を投資対象とする乙号投資事業有限責任組合（以下「乙号組合」という。）に出資することを前提に、Ａ基金との間で年金一任契約を締結して欲しいとの依頼を受け、同年１１月、年金一任契約を締結し、その後、Ａ基金から運用を委託された資産全額を、乙号組合に出資した。 なお、当社は、ＲＢ社から、年金一任契約締結の依頼の背景として、Ａ基金が、新たに組成される乙号組合に対する強い投資意向を有している旨の説明を受けている。 ロ乙号組合に対する出資前の調査等が不適切な状況 乙号組合に対する出資前に当社が行った調査・検討の状況について検証したところ、次の（イ）及び（ロ）のとおり極めて不適切な状況が認められた。 (イ)Ａ基金から運用を委託された資産全額について、未公開株を投資対象とする投資事業有限責任組合に出資することが、Ａ基金の運用状況等に照らし、運用方法として適合しているかどうかに関し全く調査・確認を行っていない。 (ロ)未公開株を投資対象とする投資事業有限責任組合に対し出資を行うとしても、当該組合の運営者をＲＢ社とすることが適切か、に関して十分な調査を実施していないほか、乙号組合が投資する予定の未公開企業の実態等の把握が著しく不十分である。 ハ乙号組合に対する出資後のモニタリング等が不適切な状況 乙号組合に対する出資後に、当社が乙号組合に対し行ったモニタリングやＡ基金に対する運用報告の状況を検証したところ、次の（イ）及び（ロ）のとおり極めて不適切な状況が認められた。 (イ)Ａ基金に対する運用報告が不適切な状況 当社は、年金一任契約に係る運用の状況に関する報告書（以下「四半期運用報告書」という。）を作成し、Ａ基金に提出しているところ、上場予定が白紙となっている乙号組合の投資先未公開企業に関し、ＲＢ社から、上場予定が確定している旨の報告を受け、当該報告が事実に反することを容易に把握できたにもかかわらず、十分な確認を行わず、四半期運用報告書に、上場時期が確定している旨のＲＢ社からの上記報告に沿う内容の記載をしている。 (ロ)乙号組合に対するモニタリングが不適切な状況 乙号組合において、上場予定が白紙となった投資先未公開企業について、合理的な理由なく追加投資が行われているが、当社は、適切な措置を講じなかった。 また、当社は、年金一任契約に係る投資について乙号組合への出資が妥当であるかについて定期的に見直しを行う等のモニタリングを実施していない。 当社は、年金一任契約の締結により、Ａ基金のために善良なる管理者の注意をもって、年金一任契約の内容に従って、年金資産の運用として適切な投資方法及び投資先を、十分な調査・検討の上で決定し、乙号組合への出資後も、乙号組合に対するモニタリングを実施すべき義務を負っていたものであるが、上記ロ及びハのとおり、当社が実施した、乙号組合への出資決定にあたっての調査等及び出資後の乙号組合に対するモニタリング等は極めて不適切であり、当社は、善良なる管理者の注意義務に違反したと認められる。 (２)その他の投資一任契約 当社は、年金一任契約以外の一任契約に基づく運用において、当社のグループ会社等で組成・販売等した公募外国投資信託に関し、当該外国投資信託の管理会社との間で投資一任契約を締結し、当該外国投資信託に係る投資判断を行っているが、当該投資判断等について、別紙のとおり、善良なる管理者の注意義務に違反した事例が認められる。＜別紙参照＞ 上記（１）ロ及びハ並びに（２）の当社の状況は、金融商品取引法第４２条第２項に定める、善良なる管理者の注意義務に違反したと認められる。 （別紙） ユナイテッド投信投資顧問株式会社のその他の投資一任契約に関する事例の概要について １．発電事業ファンドに係る投資判断等について 当社の親会社が欧州の発電事業を投資対象として組成・募集することとした２本の公募外国投資信託（以下「発電事業ファンド」という。）について、当社は、発電事業ファンドの管理会社（当社のグループ会社）との間で、投資一任契約を締結し、発電事業ファンドに係る投資判断の一部を行っている。 ２本のファンドは、それぞれ特別目的会社への出資を通じて、欧州で発電事業を行う会社に投資しているところ、欧州の制度改正等による投資環境の悪化により、２本のうち１本の発電事業ファンド（以下「Iファンド」という。）は、投資対象の事業に対する銀行からの融資が困難となる一方、もう一方の発電事業ファンド（以下「IIファンド」という。）は、投資対象となるべき新規事業がない状況であった。こうした中、IIファンドの出資先の特別目的会社は、Iファンドの投資対象の事業の資金繰り支援目的で、複数回にわたり資金の貸付けを行ったところ、貸付けに対する返済が順次行われる中で、IIファンドの出資先の特別目的会社が受け取る利息収入が減少し、IIファンドの運用コストを賄うことが出来ず、基準価額は下がり続ける状況となった。 しかしながら、当社は、基準価額が下落する状況を放置し、適切な投資判断をしなかったものと認められる。 ２．不動産ファンドに係る投資判断等について 当社の親会社が海外の不動産開発のために組成・募集することとした、公募外国投資信託（以下「不動産ファンド」という。）について、当社は、不動産ファンドの管理会社との間で、投資一任契約を締結し、不動産ファンドに係る投資判断の一部を行っている。 不動産ファンドがその資金全額を出資しているケイマン籍の投資事業有限責任組合は、不動産ファンドの目的に反し、半分もの資金を、無担保で当社のグループ会社に貸し付けたところ、当社は、当該貸付けにあたって、当該投資事業有限責任組合の投資委員会に参加し、当該貸付けの決議に参加しながら、当該貸付けが不動産ファンドの目的に適合するかを検証することなく、当該貸付けの決議に賛成した。 （参考条文） ○ 金融商品取引法（昭和23年法律第25号）（抄） （権利者に対する義務） 第四十二条　（略） ２　金融商品取引業者等は、権利者に対し、善良な管理者の注意をもつて投資運用業を行わなければならない。"
2012-10-16,株式会社アール・ビーインベストメント・アンド・コンサルティング,,株式会社アール・ビーインベストメント・アンド・コンサルティングに対する検査結果について（平成24年10月16日）,https://www.fsa.go.jp/sesc/news/c_2012/2012/20121016-2.html,平成２４年１０月１６日 証券取引等監視委員会 株式会社アール・ビーインベストメント・アンド・コンサルティングに対する検査結果について １．検査結果 証券取引等監視委員会が株式会社アール・ビーインベストメント・アンド・コンサルティング（東京都中央区、資本金５３百万円、役職員１名、適格機関投資家等特例業務届出者）を検査した結果、下記のとおり、法令違反等の事実が認められたので、平成２４年１０月１０日、証券取引等監視委員会は、上記会社に対して検査結果を通知するとともに、金融庁長官に対して、適切な措置を講じるための情報提供を行った。 ２．事実関係 (１)金融商品取引契約の締結又は勧誘に関して、顧客に対し虚偽のことを告げる行為 株式会社アール・ビーインベストメント・アンド・コンサルティング（以下「当社」という。）は、平成１６年１月に、Ａ厚生年金基金（以下「Ａ基金」という。）と年金信託契約を締結しているソシエテジェネラル信託銀行株式会社との間で、甲号投資事業有限責任組合（以下「甲号組合」という。）に係る投資事業有限責任組合契約を締結し、甲号組合の運営者として、未公開株への投資を行っていた。 当社代表取締役B（以下B社長という。）は、平成２０年８月頃、Ａ基金の事務担当者であるC事務長（当時）から、Ａ基金の運用資金について、他社に委託している運用のキャンセルが発生したことを聞き、C事務長に対し、追加出資を依頼した。 その後、当社は、甲号組合の運用の状況に関する報告書（以下「四半期運用報告書」という。）に、投資先未公開企業の上場見込みについて、まだ確定していないにもかかわらず、あたかも上場予定（上場時期、予定市場及び主幹事証券名など）が確定しているかのような趣旨の記載をした。 このことについて、B社長は、C事務長から四半期運用報告書に「投資先企業の上場時期等がまだ確定していなくても上場しそうなところを書いておいてください。」などと指示されたことを受け、これに従えば、追加出資の締結を受けやすくなると考えたとしている。 そして、当社は、平成２０年９月頃、C事務長を介し、Ａ基金が組織として意思決定する際に使用することを前提に、Ａ基金に根拠のない上場予定を記載した四半期運用報告書を郵送した。 その後、当社は、追加出資として、乙号投資事業有限責任組合（以下「乙号組合」という。）を組成することとなった。 当社は、乙号組合の組成に関して、その組成以前から、乙号組合の運用として、B社長が代表取締役を務める香港の会社の利益となる取引を行うことを予定していたにもかかわらず、乙号組合に係る投資事業有限責任組合契約書には、乙号組合に係る当社の業務として、無限責任組合員である当社が自己又は第三者のために乙号組合と取引をしない旨を記載した。 当社が行った上記行為は、金融商品取引契約の締結又は勧誘に関して、顧客に対し虚偽のことを告げる行為に該当し、金融商品取引法第６３条第４項に基づき当社を金融商品取引業者とみなして適用する同法第３８条第１号に該当するものと認められる。 (２)甲号組合及び乙号組合以外の投資事業有限責任組合における投資者保護上極めて不適切な状況（組合運営における目的外資金流用等） 当社は、平成１８年３月に海外投資家との間で投資事業有限責任組合契約を締結し、その運営者として、未公開株に投資し、その管理、運用、分配等の業務を行う責任を負っていた。 当該組合の目的には個人に対する貸付けは含まれていないにもかかわらず、当社は、B社長の知人から短期資金を融通してくれないかとの依頼を受け、平成２１年４月、これに応じて分配金原資を含む貸付けを無担保で実行した。 その結果、当該個人からの返済が行われなかったため、当該組合の出資者への分配金の支払に重大な支障を来たすこととなった。 この他、当該組合の目的に反し、組合の資金が日常的に流用されていた事実が認められている。 上記のとおり、当社は当該組合の運営者として、その目的に沿った組合の運営管理を行うべきところ、当該業務に関する認識の欠如から、組合事業目的に反した不適切な金銭の貸付行為を実行し、B社長は、かかる状況を黙認しており、結果として多大な損害を投資家に与えている。このような当社における業務運営状況は投資者保護上極めて不適切なものであると認められる。 （参考条文） ○ 金融商品取引法（昭和23年法律第25号）（抄） （禁止行為） 第三十八条　金融商品取引業者等又はその役員若しくは使用人は、次に掲げる行為をしてはならない。ただし、第四号から第六号までに掲げる行為にあつては、投資者の保護に欠け、取引の公正を害し、又は金融商品取引業の信用を失墜させるおそれのないものとして内閣府令で定めるものを除く。 一　金融商品取引契約の締結又はその勧誘に関して、顧客に対し虚偽のことを告げる行為 （以下、略） （適格機関投資家等特例業務） 第六十三条　（略） ２・３　（略） ４　特例業務届出者が適格機関投資家等特例業務を行う場合においては、当該特例業務届出者を金融商品取引業者とみなして、第三十八条（第一号に係る部分に限る。）及び第三十九条並びにこれらの規定に係る第八章の規定を適用する。 （以下、略）
2012-10-16,株式会社ナレッジキャピタル,,株式会社ナレッジキャピタルに対する検査結果について（平成24年10月16日）,https://www.fsa.go.jp/sesc/news/c_2012/2012/20121016-1.html,平成２４年１０月１６日 証券取引等監視委員会 株式会社ナレッジキャピタルに対する検査結果について １．検査結果 証券取引等監視委員会が株式会社ナレッジキャピタル（東京都中央区、資本金１０百万円、役職員２名、適格機関投資家等特例業務届出者）を検査した結果、下記のとおり、法令違反の事実が認められたので、平成２４年１０月１２日、証券取引等監視委員会は、上記会社に対して検査結果を通知するとともに、金融庁長官に対して、適切な措置を講じるための情報提供を行った。 ２．事実関係 ○金融商品取引契約の締結又は勧誘に関して、顧客に対し虚偽のことを告げる行為 株式会社ナレッジキャピタル（以下「当社」という。）の代表取締役A（以下A社長という。）は、平成２１年、知人から、ある年金基金が、未公開株に投資する投資事業有限責任組合を設立する予定であり、投資予定先及び投資予定額は既に決まっており、同年１２月にも投資を実行する予定であるが、その組合に運営者として参加してほしい旨の要請を受けた。 これに対し、A社長は、上記要請の内容からすれば、当社は、投資先の発掘、投資後の上場に向けての管理・指導等の業務を行わなくとも、組合設立のための形式的な事務処理（組合契約書の作成等）さえ行えば報酬が得られると考え、上記要請を承諾することとした。 その後、A社長は、「ファンドの設立を予定している年金基金が、B厚生年金基金（以下「B基金」という。）であり、B基金の事務担当者であるC事務長（当時）が投資予定先及び投資予定額を既に承諾している」ことを聞いた。 A社長は、投資予定先及び投資予定額が既に決まっているものの、B基金が組織として意思決定する際に使用するための資料として、「丙号投資事業有限責任組合（以下「丙号組合」という。）のご提案」と題する資料(以下「提案資料」という。)を作成した。 A社長は、提案資料に、ｉ）丙号組合の運営者となる当社の業務内容として、当社が実施する予定のない業務（当社が、未公開企業について、投資対象先としての適格性に関する予備調査、公開戦略の企画立案等を行うことなど）や、ii）当社の上場実績として、当社の設立以前に上場した銘柄等、当社が関与していない６銘柄を記載した。 A社長は、平成２１年１２月、B基金を訪問し、B基金が組織として意思決定する際に使用することを前提に、C事務長に提案資料を交付した。 以上の他、当社は、丙号組合に係る投資事業有限責任組合契約書に、当社が実施する予定のない業務内容（投資先事業者に対する経営又は技術の指導等）を行う旨を記載した。 当社が行った上記行為は、金融商品取引契約の締結又は勧誘に関して、顧客に対し虚偽のことを告げる行為に該当し、金融商品取引法第６３条第４項に基づき当社を金融商品取引業者とみなして適用する同法第３８条第１号に該当すると認められる。 （参考条文） ○ 金融商品取引法（昭和23年法律第25号）（抄） （禁止行為） 第三十八条　金融商品取引業者等又はその役員若しくは使用人は、次に掲げる行為をしてはならない。ただし、第四号から第六号までに掲げる行為にあつては、投資者の保護に欠け、取引の公正を害し、又は金融商品取引業の信用を失墜させるおそれのないものとして内閣府令で定めるものを除く。 一　金融商品取引契約の締結又はその勧誘に関して、顧客に対し虚偽のことを告げる行為 （以下、略） （適格機関投資家等特例業務） 第六十三条　（略） ２・３　（略） ４　特例業務届出者が適格機関投資家等特例業務を行う場合においては、当該特例業務届出者を金融商品取引業者とみなして、第三十八条（第一号に係る部分に限る。）及び第三十九条並びにこれらの規定に係る第八章の規定を適用する。 （以下、略）
2012-10-16,株式会社スタッツインベストメントマネジメント,,株式会社スタッツインベストメントマネジメントに対する検査結果に基づく勧告について（平成24年10月16日）,https://www.fsa.go.jp/sesc/news/c_2012/2012/20121016-4.html,平成２４年１０月１６日 証券取引等監視委員会 株式会社スタッツインベストメントマネジメントに対する検査結果に基づく勧告について １．勧告の内容 証券取引等監視委員会が株式会社スタッツインベストメントマネジメント（東京都千代田区、資本金７５百万円、役職員１１名、投資運用業、投資助言・代理業）を検査した結果、下記のとおり、当該金融商品取引業者に係る法令違反の事実が認められたので、平成２４年１０月１０日、証券取引等監視委員会は、内閣総理大臣及び金融庁長官に対して、金融庁設置法第２０条第１項の規定に基づき、行政処分を行うよう勧告した。 ２．事実関係 ○投資一任契約に係る善管注意義務違反 株式会社スタッツインベストメントマネジメント（以下「当社」という。）が、Ａ厚生年金基金（以下「Ａ基金」という。）との間で締結した年金投資一任契約（以下「年金一任契約」という。）に関し、以下の問題が認められた。 (１)年金一任契約締結に至るまでの経緯 平成２１年１１月、当社代表取締役B（以下B社長という。）は、株式会社ナレッジキャピタル（以下「ナレッジ社」という。）から、「某年金基金が投資事業組合に出資するために、そのスキーム上、投資一任契約を締結できる運用会社を探しているので、その基金の相談に乗って欲しい。」旨の依頼を受けた。 その後、B社長は、ナレッジ社社長とともにＡ基金を訪問し、Ａ基金のC事務長（当時）から、「当基金では、現在、投資事業有限責任組合を通じた未公開株投資を行っているが、運用会社の後任を探している。」との説明を受け、新たな投資事業有限責任組合を組成する際には、当該組合への出資を行う投資一任先を当社に依頼したい旨説明を受けた。 当社は、平成２１年１２月中旬頃、ナレッジ社が運営する丙号投資事業有限責任組合（以下「丙号組合」という。）に対し出資することを前提とした年金一任契約を締結し、その後、丙号組合に対する出資を行った。 (２)丙号組合に対する出資前の調査等が不適切な状況 丙号組合への出資前に当社が行った調査・検討の状況について検証したところ、次のイ及びロのとおり極めて不適切な状況が認められた。 イナレッジ社に関する調査の不備 (イ)当社は、未公開株を投資対象とする投資事業有限責任組合への投資経験がなかったものの、平成２１年１１月、ナレッジ社が作成したＡ基金向け提案資料及びナレッジ社社長からのヒアリングを基に、ナレッジ社が運営する丙号組合が、年金一任契約に係る投資対象として適切である旨判断したとしている。 しかしながら、提案資料には、ナレッジ社の設立時期や上場実績に関し虚偽の内容が記載されていたところ、当社は当該記載の真偽に係る基本的な調査も行っていない。 (ロ)当社は、丙号組合の組成前にナレッジ社が運営していた、未公開株を投資対象とする投資事業有限責任組合の収益状況について調査する必要があるところ、何ら具体的に調査を行っていない。 ロ顧客であるＡ基金の意思確認の不備 当社は、不注意により年金一任契約書の調印を失念したまま、丙号組合への出資を行っており、Ａ基金の意思決定が行われていることについて十分な確認を行っていない。 (３)丙号組合に対する出資後のモニタリングが不適切な状況 丙号組合への出資後に、当社が丙号組合に対し行ったモニタリングの状況を検証したところ、丙号組合に係る事業年度の始期及び終期に変更があったことについて、ナレッジ社が変更契約書を作成していないことや、上記変更にもかかわらず、ナレッジ社が、変更前の事業年度の始期及び終期に従って管理報酬を受け取っていた状況を把握しておらず、適正にモニタリングを行っていない状況が認められた。 当社は、年金一任契約の締結により、Ａ基金のために善良なる管理者の注意をもって、年金一任契約の内容に従って、年金資産の運用として適切な投資方法及び投資先を、十分な調査・検討の上で決定し、丙号組合への出資後も、丙号組合に対するモニタリングを適正に実施すべき義務を負っていたものであるが、上記（２）及び（３）のとおり、年金一任契約に関し、当社が実施した、丙号組合への出資の決定の際の調査等及び出資後の丙号組合に対するモニタリングは極めて不適切であり、当社は、金融商品取引法第４２条第２項に定める、善良なる管理者の注意義務に違反したと認められる。 （参考条文） ○ 金融商品取引法（昭和23年法律第25号）（抄） （権利者に対する義務） 第四十二条　（略） ２　金融商品取引業者等は、権利者に対し、善良な管理者の注意をもつて投資運用業を行わなければならない。
2012-10-16,株式会社ストリーム,3071,株式会社ストリームに係る有価証券報告書等の虚偽記載に係る課徴金納付命令勧告について（平成24年10月16日）,https://www.fsa.go.jp/sesc/news/c_2012/2012/20121016-3.html,"平成２４年１０月１６日 証券取引等監視委員会 株式会社ストリームに係る有価証券報告書等の虚偽記載に係る課徴金納付命令勧告について １．勧告の内容 証券取引等監視委員会は、株式会社ストリームに係る有価証券報告書等の虚偽記載について検査した結果、以下のとおり法令違反の事実が認められたので、本日、内閣総理大臣及び金融庁長官に対して、金融庁設置法第20条第１項の規定に基づき、課徴金納付命令を発出するよう勧告を行った。 ２．法令違反の事実関係 株式会社ストリームは、関東財務局長に対し、仕入先との取引に係るリベートの過大計上による売上原価の過少計上等により、別紙１のとおり、平成20年法律第65号による改正前の金融商品取引法（以下「旧金融商品取引法」という。）第172条の２第１項及び第２項に規定する「重要な事項につき虚偽の記載がある」以下の有価証券報告書等を提出したものである。 平成19年７月中間期半期報告書（平成19年10月30日提出） 平成20年１月期有価証券報告書（平成20年４月30日提出） 平成20年７月中間期半期報告書（平成20年10月31日提出） 平成21年１月期有価証券報告書（平成21年４月30日提出） ３．課徴金の額の計算 上記の違法行為に対し旧金融商品取引法に基づき納付を命じられる課徴金の額は、600万円である。（計算方法については別紙２のとおり。） （別紙１）株式会社ストリームの有価証券報告書等の虚偽記載内容 番号 開示書類 虚偽記載 提出日 書類 会計期間 財務計算に 関する書類 内容（注） 事由 １ 平成19年 10月30日 第９期事業年度中間連結会計期間に係る半期報告書（平成19年７月中間期半期報告書） 平成19年２月１日～平成19年７月31日の中間連結会計期間 中間連結 損益計算書 連結経常損益が▲８百万円であるところを192百万円と記載 連結中間純損益が▲85百万円であるところを114百万円と記載 ・売上原価の過少計上 ２ 平成20年 ４月30日 第９期事業年度連結会計期間に係る有価証券報告書（平成20年１月期有価証券報告書） 平成19年２月１日～平成20年１月31日の連結会計期間 連結 損益計算書 連結経常損益が181百万円であるところを443百万円と記載 連結当期純損益が65百万円であるところを272百万円と記載 ・売上原価の過少計上 等 ３ 平成20年 10月31日 第10期事業年度中間連結会計期間に係る半期報告書（平成20年７月中間期半期報告書） 平成20年２月１日～平成20年７月31日の中間連結会計期間 中間連結 損益計算書 連結経常損益が73百万円であるところを220百万円と記載 連結中間純損益が▲１百万円であるところを129百万円と記載 ・売上原価の過少計上 等 ４ 平成21年 ４月30日 第10期事業年度連結会計期間に係る有価証券報告書（平成21年１月期有価証券報告書） 平成20年２月１日～平成21年１月31日の連結会計期間 連結 損益計算書 連結当期純損益が74百万円であるところを143百万円と記載 ・売上原価の過少計上 （注）金額は百万円未満切捨てである。また、▲は損失であることを示す。 （別紙２）課徴金の計算方法 (１) 旧金融商品取引法第172条の２第１項及び第２項の規定により、平成19年７月中間期半期報告書及び平成20年１月期有価証券報告書に係る課徴金について、個別決定ごとの算出額は、 (ｉ) 当該法人が発行する算定基準有価証券の市場価額の総額に10万分の３を乗じて得た額（252,492円） が (ii) 3,000,000円 を超えないことから、 平成19年７月中間期半期報告書については、3,000,000円の２分の１に相当する額である1,500,000円 平成20年１月期有価証券報告書については、3,000,000円 となる。 ここで、これらの書類が同一の事業年度に係るものであることから、旧金融商品取引法第185条の７第２項の規定により、下記のとおり300万円を個別決定ごとの算出額に応じて按分した金額が課徴金の額となる。 平成19年７月中間期半期報告書に係る課徴金の額は 1,000,000円 平成20年１月期有価証券報告書に係る課徴金の額は 2,000,000円 (２) 旧金融商品取引法第172条の２第１項及び第２項の規定により、平成20年７月中間期半期報告書及び平成21年１月期有価証券報告書に係る課徴金について、個別決定ごとの算出額は、 (ｉ) 当該法人が発行する算定基準有価証券の市場価額の総額に10万分の３を乗じて得た額（89,578円） が (ii) 3,000,000円 を超えないことから、 平成20年７月中間期半期報告書については、3,000,000円の２分の１に相当する額である1,500,000円 平成21年１月期有価証券報告書については、3,000,000円 となる。 ここで、これらの書類が同一の事業年度に係るものであることから、旧金融商品取引法第185条の７第２項の規定により、下記のとおり300万円を個別決定ごとの算出額に応じて按分した金額が課徴金の額となる。 平成20年７月中間期半期報告書に係る課徴金の額は 1,000,000円 平成21年１月期有価証券報告書に係る課徴金の額は 2,000,000円"
2012-10-12,株式会社新日本経済投資顧問,,株式会社新日本経済投資顧問に対する検査結果に基づく勧告について（平成24年10月12日）,https://www.fsa.go.jp/sesc/news/c_2012/2012/20121012-3.html,平成２４年１０月１２日 証券取引等監視委員会 株式会社新日本経済投資顧問に対する検査結果に基づく勧告について １．勧告の内容 関東財務局長が株式会社新日本経済投資顧問（東京都中央区、資本金５０百万円、役職員４４名、投資助言・代理業）を検査した結果、下記のとおり、当該金融商品取引業者に係る法令違反の事実が認められたので、本日、証券取引等監視委員会は、内閣総理大臣及び金融庁長官に対して、金融庁設置法第２０条第１項の規定に基づき、行政処分を行うよう勧告した。 ２．事実関係 当社が行った上記（１）の行為は、金融商品取引法第２８条第２項に規定する第二種金融商品取引業（同法第２条第８項第９号に掲げる「有価証券の私募の取扱い」を業として行うこと）に該当するものであり、当社が同法第３１条第４項に基づく変更登録を受けることなく第二種金融商品取引業を行うことは、同法第２９条に違反するものと認められる。 また、当社が行った上記（２）の行為は、本件ファンド持分の取得勧誘において、第二種金融商品取引業の登録を受けた別会社の営業員を装ったうえで、多数の顧客に対し、虚偽のことを告げ、ファンドを取得させ、その金額も多額にのぼっているなど、極めて悪質なものである。更に、当社は、検査官からこうした指摘を受けたにもかかわらず、本件ファンド持分の取得勧誘を継続していたことなどから、かかる当社の状況は、金融商品取引法第５２条第１項第９号（金融商品取引業に関し、不正又は著しく不当な行為をした場合において、その情状が特に重いとき）に該当するものと認められる。 ○無登録で集団投資スキーム持分に係る私募の取扱いを行っている状況及び著しく不当な勧誘を行っている状況 (１)無登録で集団投資スキーム持分に係る私募の取扱いを行っている状況 株式会社新日本経済投資顧問（以下「当社」という。）は、平成２３年９月から検査基準日（平成２４年７月９日）現在までの間、一般投資家（以下「顧客」という。）に対し、サンハーベスト株式会社を営業者とする合計６本の集団投資スキームに係る持分（以下「本件ファンド持分」という。）の私募の取扱いを行い、少なくとも１２２名の顧客が、合計金額で４６２百万円の出資に至っている状況が認められた。 (２)著しく不当な勧誘を行っている状況 当社営業員は、本件ファンド持分の取得勧誘に際し、サンハーベスト株式会社の商号、住所、電話番号及び登録番号（第二種金融商品取引業者　関東財務局長（金商）第２５２８号）の記載のある社員証と名刺を使用するなどし、サンハーベスト株式会社の社員であることを装ったうえで、本件ファンドに係る匿名組合契約書によれば、配当及び元本は保証されないものとなっているにもかかわらず、「元本が1円も目減りすることの無い商品です。」、「定期預金のご案内です。」、「関東財務局の認可が下りた商品です。」などと、顧客に対し、虚偽のことを告げており、金融商品取引業に関し、著しく不当な勧誘を行っている状況が認められた。 （参考条文） ○ 金融商品取引法（昭和23年法律第25号）（抄） （定義） 第二条　（略） ２～７　（略） ８　この法律において 「金融商品取引業」とは、次に掲げる行為 （その内容等を勘案し、投資者の保護のため支障を生ずることがないと認められるものとして政令で定めるもの及び銀行、優先出資法第二条第一項に規定する協同組織金融機関（以下「協同組織金融機関」という。）その他政令で定める金融機関が行う第十二号、第十四号、第十五号又は第二十八条第八項各号に掲げるものを除く。） のいずれかを業として行うことをいう 。 一～八　（略） 九 有価証券の 募集若しくは売出しの取扱い又は 私募 若しくは特定投資家向け売付け勧誘等 の取扱い （以下、略） （登録） 第二十八条　（略） ２　この章において「第二種金融商品取引業」とは、金融商品取引業のうち、次に掲げる行為のいずれかを業として行うことをいう。 一　（略） 二 第二条第二項の規定により有価証券とみなされる同項各号に掲げる権利についての同条第八項 第一号から第三号まで、第五号、第八号又は 第九号に掲げる行為 三・四　（略） （登録） 第二十九条 金融商品取引業は、内閣総理大臣の登録を受けた者でなければ、行うことができない 。 （金融商品取引業者に対する監督上の処分） 第五十二条　内閣総理大臣は、金融商品取引業者が次の各号のいずれかに該当する場合においては、当該金融商品取引業者の第二十九条の登録を取り消し、第三十条第一項の認可を取り消し、又は六月以内の期間を定めて業務の全部若しくは一部の停止を命ずることができる。 一～八　（略） 九 金融商品取引業に関し、不正又は著しく不当な行為をした場合において、その情状が特に重いとき 。 （以下、略）
2012-10-05,AIJ投資顧問株式会社,,AIJ投資顧問株式会社による投資一任契約の締結に係る偽計事件の告発について(4)（平成24年10月5日）,https://www.fsa.go.jp/sesc/news/c_2012/2012/20121005-1.html,平成２４年１０月５日 証券取引等監視委員会 ＡＩＪ投資顧問株式会社による投資一任契約の締結に係る偽計事件の告発について（４） 証券取引等監視委員会は、本日（１０月５日）、金融商品取引法違反（投資一任契約の締結に係る偽計）の嫌疑で、嫌疑法人ＡＩＪ投資顧問株式会社及び嫌疑者３名を東京地方検察庁に告発した。 １．告発の対象となった犯則事実 犯則嫌疑法人ＡＩＪ投資顧問株式会社は、東京都中央区に本店を置き、内外の有価証券等に係る投資顧問業務等を目的とする株式会社、犯則嫌疑者Ａは犯則嫌疑法人の代表取締役として同社の業務全般を統括していたもの、犯則嫌疑者Ｂは犯則嫌疑法人の取締役として同社の経理事務全般を担当していたもの、犯則嫌疑者Ｃは犯則嫌疑法人が実質的に支配する証券会社の代表取締役として同社の業務全般を担当していたものであるが、犯則嫌疑者３名は、共謀の上、犯則嫌疑法人の業務に関し、真実は、犯則嫌疑法人が実質的に運用する「ＡＩＭグローバルファンド」の純資産額が過小となっていたにもかかわらず、その情を秘し、あたかも同ファンドの運用実績は好調であり、一口当たり純資産額は順調に増加している旨の虚偽の運用実績等を記載した資料を年金基金の運用担当者らに提示するなどし、当該年金基金をして犯則嫌疑法人との間で年金投資一任契約を締結させようと企て 第１ 平成２２年４月頃、犯則嫌疑者Ａらが、Ｄ年金基金常務理事らに対し、前記虚偽の運用実績及び一口当たり純資産額等を記載した資料を示すなどし、同基金をして犯則嫌疑法人との間で年金投資一任契約を締結させ、もって投資一任契約の締結に関し偽計を用い 第２ 平成２２年１０月頃、犯則嫌疑者Ａらが、Ｅ年金基金常務理事らに対し、前記第１同様に虚偽を記載した資料を示すなどし、同年１１月頃、同基金をして犯則嫌疑法人との間で年金投資一任契約を締結させ、もって投資一任契約の締結に関し偽計を用い たものである。 ２．関連条文 金融商品取引法第198条の3、第207条第1項第3号、第38条の2第1号 刑法第60条 法定刑：法人につき　3億円以下の罰金 個人につき 3年以下の懲役若しくは300万円以下の罰金、又は併科
2012-10-12,サンハーベスト株式会社,,サンハーベスト株式会社に対する検査結果に基づく勧告について（平成24年10月12日）,https://www.fsa.go.jp/sesc/news/c_2012/2012/20121012-2.html,平成２４年１０月１２日 証券取引等監視委員会 サンハーベスト株式会社に対する検査結果に基づく勧告について １．勧告の内容 関東財務局長がサンハーベスト株式会社（東京都中央区、資本金４０百万円、役職員１５名、第二種金融商品取引業）を検査した結果、下記のとおり、当該金融商品取引業者に係る法令違反の事実が認められたので、本日、証券取引等監視委員会は、内閣総理大臣及び金融庁長官に対して、金融庁設置法第２０条第１項の規定に基づき、行政処分を行うよう勧告した。 ２．事実関係 ○顧客に対し虚偽のことを告げる行為、自己の名義をもって他人に取得勧誘を行わせている状況及び著しく不当な行為を行っている状況 サンハーベスト株式会社（以下「当社」という。）は、平成２３年７月から検査基準日（同２４年７月９日）現在までの間、自らを営業者とし、フィリピンの穀物事業に出資する計６本の集団投資スキーム（以下、総称して「本件ファンド」という。）の組成・運用及び販売・勧誘を行っている。 (１)本件ファンドの契約の締結又はその勧誘に関して、顧客に対し虚偽のことを告げる行為 今回検査において、本店事務所内にある営業員の机中より、セールストークが記載された勧誘メモ等が複数発見されたことから、その内容等を検証したところ、当社営業員は、本件ファンド持分の取得勧誘において、本件ファンドに係る匿名組合契約書によれば、配当及び元本は保証されないものとなっているにもかかわらず、「配当は毎月必ずもらえる。」、「元本は絶対保証している。」などと、顧客に対し、虚偽のことを告げていたものと認められる。 (２)自己の名義をもって、他人に本件ファンド持分の取得勧誘を行わせている状況 当社は、遅くとも平成２３年９月から検査基準日現在までの間、自己の名義をもって、株式会社新日本経済投資顧問所属の営業員に、本件ファンド持分の取得勧誘を継続して行わせていた。 (３)本件ファンドに関し、著しく不当な行為を行っている状況 今回検査において当社における本件ファンドの運営状況等について検証したところ、以下の問題が認められた。 イファンド出資金の管理が極めて不適切な状況 今回検査において本件ファンドに係る出資金の管理状況を検証したところ、当社は、匿名組合契約書上、組合財産の管理については、銀行等金融機関に専用の口座を開設し、当該口座への預金等により行い、営業者の帳簿等により各匿名組合員の出資履行金額が直ちに判別できるようにする旨を定めているにもかかわらず、本件ファンド事業を開始（平成２３年７月）してから検査基準日現在までの間、本件ファンド名義の預金口座において出資金管理を全く行っておらず、本件ファンドに係るフィリピン所在の業務委託先（以下「Ａ社」という。）に送金するまでの間、出資金の全てを当社の社内金庫にて保管していたとしており、その管理状況は極めて不透明なものと認められる。 更に、当社は、Ａ社への出資金の送金についても、当社代表取締役（以下「当社社長」という。）が、当社の社内金庫にて保管したファンド出資金の大半を、当社役職員以外の者に手渡し、現金を持参させる方法により行っているとしており、出資金の流れも極めて不透明なものと認められる。 以上のとおり、当社における本件ファンド出資金の管理は、極めて不適切な状況にあるものと認められる。 ロ出資対象事業の運用状況に係るモニタリングが極めて不十分な状況 当社は、Ａ社へ委託した業務のモニタリングのため、当社従業員１名（以下「駐在員」という。）をフィリピンに派遣しているとしている。 しかしながら、当社における現地の運用状況の把握については、駐在員より電話等による口頭報告を受けるのみであり、当社社長自身は、上記口頭報告以外の手段では、本件出資対象事業の具体的な運用状況を把握していないとしている。また、当社は、検査期間中、駐在員と連絡が取れない旨説明するなど、現地の状況を適時、適切に把握する態勢が整備されていない状況が認められたことから、当社においては、自らを匿名組合の営業者とする本件ファンドの具体的な運用状況の把握が全く行われていない状況にあるものと認められる。 以上のとおり、当社においては、出資対象事業の運用状況に係るモニタリングが極めて不十分な状況にあるものと認められる。 ハ極めて不適切な配当金の処理状況 当社は、当社役職員以外の者から指示された配当率に基づき、配当金算定の根拠となる具体的計算資料を確認することなく、配当の裏付けとなる出資対象事業先の資産や損益状況等を何ら把握しないまま、勧誘資料記載の利率とほぼ同率の配当を毎月継続している状況にあることから、当社の配当金の処理状況は、極めて不適切な状況にあるものと認められる。 当社が行った上記（１）の行為は、金融商品取引法第３８条第１号に掲げる「金融商品取引契約の締結又はその勧誘に関して、顧客に対し虚偽のことを告げる行為」に該当するものと認められる。 また、当社が行った上記（２）の行為は、金融商品取引法第３６条の３に違反するものと認められる。 更に、当社の上記（３）の状況は、顧客から受け入れた出資金の管理が極めて不適切な状況にあるのみならず、当社社長が出資対象事業の具体的な運用状況を全く把握していない状況であり、加えて、顧客への配当金処理についても極めて不適切な状況であるなど、当社の業務運営は極めて杜撰な状況にあると認められる。更に、当社は、検査官からこうした指摘を受けたにもかかわらず、本件ファンド持分の取得勧誘を継続していたことなどから、かかる当社の状況は、金融商品取引法第５２条第１項第９号（金融商品取引業に関し、不正又は著しく不当な行為をした場合において、その情状が特に重いとき）に該当するものと認められる。 （参考条文） ○ 金融商品取引法（昭和23年法律第25号）（抄） （名義貸しの禁止） 第三十六条の三 金融商品取引業者等は、自己の名義をもつて、他人に金融商品取引業 （登録金融機関にあつては、登録金融機関業務。以下この款において同じ。） を行わせてはならない 。 （禁止行為） 第三十八条　金融商品取引業者等又はその役員若しくは使用人は、 次に掲げる行為をしてはならない 。（略） 一 金融商品取引契約の締結又はその勧誘に関して、顧客に対し虚偽のことを告げる行為 二～七　（略） （金融商品取引業者に対する監督上の処分） 第五十二条　内閣総理大臣は、金融商品取引業者が次の各号のいずれかに該当する場合においては、当該金融商品取引業者の第二十九条の登録を取り消し、第三十条第一項の認可を取り消し、又は六月以内の期間を定めて業務の全部若しくは一部の停止を命ずることができる。 一～八　（略） 九 金融商品取引業に関し、不正又は著しく不当な行為をした場合において、その情状が特に重いとき 。 （以下、略）
2012-09-28,株式会社の株式につき,,黒崎播磨株式に係る相場操縦に対する課徴金納付命令の勧告について（平成24年9月28日）,https://www.fsa.go.jp/sesc/news/c_2012/2012/20120928-2.html,"平成２４年９月２８日 証券取引等監視委員会 黒崎播磨株式に係る相場操縦に対する課徴金納付命令の勧告について １．勧告の内容 証券取引等監視委員会は、黒崎播磨株式に係る相場操縦について検査した結果、下記のとおり法令違反の事実が認められたので、本日、内閣総理大臣及び金融庁長官に対して、金融庁設置法第２０条第１項の規定に基づき、課徴金納付命令を発出するよう勧告を行った。 ２．法令違反の事実関係 課徴金納付命令対象者は、黒崎播磨株式会社の株式につき、同株式の売買を誘引する目的をもって、平成２３年７月２２日午前９時１分ころから同月２５日午後３時ころまでの２取引日及び同月２９日午前９時１分ころから同年８月４日午後３時ころまでの５取引日にわたり、同時期に売り注文と買い注文を同値で発注して対当させたり、直前約定値より高値の買い注文を連続して発注して株価を引き上げるなどの方法により、同株式合計１０２９万５０００株を買い付ける一方、同数の株を売り付けるなどし、もって、自己及び同族会社の計算において、同株式の売買が繁盛であると誤解させ、かつ、同株式の相場を変動させるべき一連の売買をしたものである。 課徴金納付命令対象者が行った上記の行為は、金融商品取引法第１７４条の２第１項に規定する「第１５９条第２項第１号の規定に違反する一連の有価証券売買等」の違反行為に該当すると認められる。 ３．課徴金の額の計算 上記の違法行為に対し金融商品取引法に基づき納付を命じられる課徴金の額は、１１３２万円である。 計算方法の詳細については、別紙のとおり。 （別紙） ○ 課徴金の額の計算方法について １．金融商品取引法第１７４条の２第１項に基づき、課徴金の額は、 (1) 売買対当数量（注１）に係るものについて、 （有価証券の売付価額）－（有価証券の買付価額） と、 (2) 当該違反行為に係る有価証券の売付数量が買付数量を超える場合の、当該超える数量に係るものについて、 （有価証券の売付価額）－（当該違反行為が終了してから１月を経過するまでの間の各日における当該有価証券の最低価格×当該超える数量） または、 当該違反行為に係る有価証券の買付数量が売付数量を超える場合の、当該超える数量に係るものについて、 （当該違反行為が終了してから１月を経過するまでの間の各日における当該有価証券の最高価格×当該超える数量）－（有価証券の買付価額） との合計額として計算される。 （注１）売買対当数量：当該違反行為に係る有価証券の売付数量と買付数量のうち、いずれか少ない数量をいう。 ２．課徴金納付命令対象者の違反行為について、 (ア) 平成２３年７月２２日午前９時１分ころから同月２５日午後３時ころまでの一連の違反行為に係る課徴金の額は、下記(1)及び(2)によりそれぞれ算定される額の合計 2,759,000円 ⇒課徴金の額は、１万円未満を切り捨てるため、 ２７５万円 (1) 当該違反行為に係る売買対当数量は、売付数量及び買付数量が、2,052,000株であることから、2,052,000株となる。 当該売買対当数量に係るものについて、 売付価額737,765,000円（注２）－買付価額735,006,000円（注３） ＝ 2,759,000円 （注２）売付価額は、 「340円×8,000株＋344円×1,000株＋348円×16,000株＋349円×69,000株 ＋350円×387,000株＋352円×49,000株＋353円×50,000株＋354円×141,000株 ＋355円×61,000株＋359円×18,000株＋360円×69,000株＋361円×41,000株 ＋362円×94,000株＋363円×194,000株＋364円×170,000株＋365円×89,000株 ＋366円×157,000株＋367円×429,000株＋368円×9,000株」 の合計額である。 （注３）買付価額は、 「337円×5,000株＋338円×10,000株＋339円×23,000株＋340円×26,000株 ＋341円×2,000株＋342円×5,000株＋343円×8,000株＋345円×23,000株 ＋346円×53,000株＋347円×8,000株＋348円×68,000株＋349円×204,000株 ＋350円×82,000株＋352円×47,000株＋353円×123,000株＋354円×68,000株 ＋355円×27,000株＋358円×36,000株＋359円×82,000株＋360円×33,000株 ＋361円×87,000株＋362円×203,000株＋363円×84,000株＋364円×155,000株 ＋365円×149,000株＋366円×304,000株＋367円×137,000株」 の合計額である。 (2) 上記(1)のとおり、当該違反行為に係る有価証券の売付数量と買付数量が同じであることから、当該超える数量は、０株となる。 (イ) 平成２３年７月２９日午前９時１分ころから同年８月４日午後３時ころまでの一連の違反行為に係る課徴金の額は、下記(1)及び(2)によりそれぞれ算定される額の合計 8,574,000円 ⇒課徴金の額は、１万円未満を切り捨てるため、 ８５７万円 (1) 当該違反行為に係る売買対当数量は、売付数量及び買付数量が、8,243,000株であることから、8,243,000株となる。 当該売買対当数量に係るものについて、 売付価額3,316,354,000円（注４）－買付価額3,307,780,000円（注５） ＝ 8,574,000円 （注４）売付価額は、 「375円×81,000株＋376円×16,000株＋377円×130,000株＋378円×69,000株 ＋379円×332,000株＋380円×23,000株＋381円×22,000株＋382円×4,000株 ＋383円×191,000株＋384円×245,000株＋385円×261,000株＋386円×183,000株 ＋387円×364,000株＋388円×50,000株＋389円×239,000株＋390円×178,000株 ＋391円×12,000株＋393円×288,000株＋394円×135,000株＋395円×568,000株 ＋398円×88,000株＋399円×232,000株＋400円×416,000株＋401円×132,000株 ＋402円×51,000株＋403円×312,000株＋404円×195,000株＋405円×95,000株 ＋406円×206,000株＋407円×193,000株＋408円×216,000株＋409円×91,000株 ＋410円×360,000株＋411円×168,000株＋412円×284,000株＋416円×25,000株 ＋417円×139,000株＋419円×193,000株＋420円×190,000株＋421円×80,000株 ＋423円×122,000株＋425円×242,000株＋426円×5,000株＋428円×12,000株 ＋429円×60,000株＋430円×47,000株＋431円×124,000株＋432円×239,000株 ＋433円×119,000株＋434円×216,000株」 の合計額である。 （注５）買付価額は、 「375円×102,000株＋376円×86,000株＋377円×140,000株＋378円×137,000株 ＋379円×246,000株＋380円×35,000株＋381円×58,000株＋382円×234,000株 ＋383円×126,000株＋384円×131,000株＋385円×334,000株＋386円×322,000株 ＋387円×244,000株＋388円×96,000株＋389円×87,000株＋390円×35,000株 ＋391円×62,000株＋392円×201,000株＋393円×321,000株＋394円×309,000株 ＋395円×85,000株＋396円×20,000株＋397円×87,000株＋398円×361,000株 ＋399円×229,000株＋400円×97,000株＋401円×117,000株＋402円×243,000株 ＋403円×169,000株＋404円×215,000株＋405円×201,000株＋406円×275,000株 ＋407円×190,000株＋408円×153,000株＋409円×91,000株＋410円×320,000株 ＋411円×137,000株＋412円×134,000株＋414円×25,000株＋415円×30,000株 ＋416円×101,000株＋418円×190,000株＋419円×165,000株＋420円×92,000株 ＋422円×139,000株＋423円×33,000株＋424円×152,000株＋425円×62,000株 ＋426円×11,000株＋428円×46,000株＋429円×53,000株＋430円×128,000株 ＋431円×122,000株＋432円×255,000株＋433円×159,000株＋434円×50,000株」 の合計額である。 (2) 上記(1)のとおり、当該違反行為に係る有価証券の売付数量と買付数量が同じであることから、当該超える数量は、０株となる。 (ア) 平成２３年７月２２日午前９時１分ころから同月２５日午後３時ころまでの売買分 (イ) 平成２３年７月２９日午前９時１分ころから同年８月４日午後３時ころまでの売買分"
2012-10-12,アイティメディア株式会社,2148,アイティメディア株式に係る相場操縦に対する課徴金納付命令の勧告について（平成24年10月12日）,https://www.fsa.go.jp/sesc/news/c_2012/2012/20121012-1.html,"平成２４年１０月１２日 証券取引等監視委員会 アイティメディア株式に係る相場操縦に対する課徴金納付命令の勧告について １．勧告の内容 証券取引等監視委員会は、アイティメディア株式に係る相場操縦について検査した結果、下記のとおり法令違反の事実が認められたので、本日、内閣総理大臣及び金融庁長官に対して、金融庁設置法第２０条第１項の規定に基づき、課徴金納付命令を発出するよう勧告を行った。 ２．法令違反の事実関係 課徴金納付命令対象者(１)、(２)及び(３)は、アイティメディア株式会社の株式につき、同株式の売買を誘引する目的をもって、 課徴金納付命令対象者(１)においては、平成２２年２月１８日午前９時１２分ころから同年３月５日午後２時４２分ころまでの間、１２取引日にわたり、あらかじめ意思を通じた上で直前約定値より高値で自己の売り注文と課徴金納付命令対象者(２)又は課徴金納付命令対象者(３)の買い注文とを対当させたり、直前約定値より高値の買い注文を発注して高値で約定させたり、買い最良気配値より下値に複数の買い注文を発注して下値を支えるなどの方法により、自己の計算において、同株式合計２６０株を買い付ける一方、同株式合計２４３株を売り付けるなどし、 課徴金納付命令対象者(２)においては、同年２月１８日午前９時１４分ころから同年３月５日午後２時３分ころまでの間、９取引日にわたり、あらかじめ意思を通じた上で直前約定値より高値で自己の売り注文と課徴金納付命令対象者(１)の買い注文とを対当させたり、直前約定値より高値の買い注文を発注して高値で約定させたり、買い最良気配値より下値に複数の買い注文を発注して下値を支えるなどの方法により、自己の計算において、同株式合計９９株を買い付ける一方、同株式合計６４株を売り付けるなどし、 課徴金納付命令対象者(３)においては、同年２月１８日午前９時１２分ころから同年３月５日午後１時３０分ころまでの間、５取引日にわたり、あらかじめ意思を通じた上で直前約定値より高値で自己の売り注文と課徴金納付命令対象者(１)の買い注文とを対当させたり、買い最良気配値より下値に複数の買い注文を発注して下値を支えるなどの方法により、自己の計算において、同株式合計２０株を買い付ける一方、同株式合計１０株を売り付けるなどし、 もって、同株式の売買が繁盛であると誤解させ、かつ、同株式の相場を変動させるべき一連の売買をしたものである。 課徴金納付命令対象者(１)、(２)及び(３)が行った上記の行為は、金融商品取引法第１７４条の２第１項に規定する「第１５９条第２項第１号の規定に違反する一連の有価証券売買等」の違反行為に該当すると認められる。 ３．課徴金の額の計算 上記の違法行為に対し、金融商品取引法に基づき納付を命じられる課徴金の額は、下記のとおりである。 課徴金納付命令対象者(１) ６９万円 課徴金納付命令対象者(２) ６５万円 課徴金納付命令対象者(３) ４２万円 計算方法の詳細については、別紙のとおり。 （別紙） ○ 課徴金の額の計算方法について １．金融商品取引法第１７４条の２第１項に基づき、課徴金の額は、 (1) 売買対当数量（注１）に係るものについて、 （有価証券の売付価額）－（有価証券の買付価額） と、 (2) 当該違反行為に係る有価証券の売付数量が買付数量を超える場合の、当該超える数量に係るものについて、 （有価証券の売付価額）－（当該違反行為が終了してから１月を経過するまでの間の各日における当該有価証券の最低価格×当該超える数量） または、 当該違反行為に係る有価証券の買付数量が売付数量を超える場合の、当該超える数量に係るものについて、 （当該違反行為が終了してから１月を経過するまでの間の各日における当該有価証券の最高価格×当該超える数量）－（有価証券の買付価額） との合計額として計算される。 （注１）売買対当数量：当該違反行為に係る有価証券の売付数量と買付数量のうち、いずれか少ない数量をいう。 ２．課徴金納付命令対象者(１)について、本件における課徴金の額は、下記(1)及び(2)によりそれぞれ算定される額の合計　696,200円 ⇒課徴金の額は、１万円未満を切り捨てるため、 ６９万円 (1) 当該違反行為に係る売買対当数量は、 (i) 当該違反行為に係る有価証券の売付数量は、243株であり、 (ii)当該違反行為に係る有価証券の買付数量は、実際の買付け等の数量260株に、金融商品取引法第１７４条の２第８項及び同法施行令第３３条の１３第１号により、違反行為開始時にその時の価格（28,000円）で買付け等をしたものとみなされる当該違反行為の開始時に所有している当該有価証券の数量10株を加えた270株である ことから、243株となる。 当該売買対当数量に係るものについて、 売付価額7,376,710円（注２）－買付価額7,200,710円（注３、４） ＝176,000円 （注２）売付価額は、 「27,900円×27株＋27,910円×1株＋27,980円×1株＋27,990円×7株＋28,000円×3株 ＋28,100円×4株＋28,200円×1株＋29,000円×3株＋29,020円×1株＋29,030円×1株 ＋29,360円×1株＋29,400円×1株＋29,490円×2株＋29,500円×20株＋29,690円×4株 ＋29,800円×6株＋29,890円×2株＋29,990円×9株＋30,000円×21株＋30,250円×5株 ＋30,300円×4株＋30,350円×1株＋30,450円×1株＋30,500円×18株＋30,550円×5株 ＋30,650円×8株＋30,700円×2株＋30,800円×3株＋30,950円×1株＋31,000円×4株 ＋31,050円×2株＋31,300円×6株＋31,350円×2株＋31,400円×1株＋31,450円×7株 ＋31,500円×9株＋31,550円×12株＋31,600円×1株＋31,650円×1株＋31,950円×2株 ＋32,000円×1株＋32,200円×1株＋32,500円×4株＋32,550円×1株＋32,700円×1株 ＋32,850円×1株＋32,950円×1株＋33,100円×4株＋33,150円×2株＋33,300円×14株 ＋34,600円×2株＋35,250円×1株」 の合計額である。 （注３）買付価額は、 「27,280円×4株＋27,300円×2株＋27,480円×6株＋27,500円×13株＋27,620円×3株 ＋27,650円×1株＋27,710円×1株＋27,730円×1株＋27,780円×1株＋27,980円×1株 ＋28,000円×11株＋28,010円×1株＋28,030円×2株＋28,150円×1株＋28,200円×2株 ＋28,250円×3株＋28,500円×26株＋28,510円×7株＋28,710円×2株＋28,720円×2株 ＋28,830円×5株＋29,000円×14株＋29,010円×10株＋29,020円×3株＋29,100円×5株 ＋29,260円×3株＋29,300円×1株＋29,400円×3株＋29,500円×4株＋29,690円×1株 ＋29,700円×4株＋29,710円×2株＋30,000円×1株＋30,050円×2株＋30,250円×1株 ＋30,300円×7株＋30,350円×9株＋30,400円×2株＋30,450円×1株＋30,500円×1株 ＋30,550円×1株＋30,600円×1株＋30,650円×1株＋30,700円×3株＋30,850円×4株 ＋30,950円×3株＋31,000円×10株＋31,050円×7株＋31,100円×4株＋31,150円×2株 ＋31,250円×1株＋31,350円×1株＋31,550円×1株＋31,600円×3株＋31,750円×2株 ＋32,000円×4株＋32,050円×2株＋32,100円×1株＋32,150円×5株＋32,200円×1株 ＋32,250円×1株＋32,300円×1株＋32,350円×2株＋32,550円×2株＋33,000円×1株 ＋33,300円×8株＋33,600円×2株」 の額である。 （注４）買付価額の算定においては、金融商品取引法施行令第３３条の１４第５項の規定により、当該違反行為に係る有価証券の買付けのうち最も早い時期に行われたものから順次当該売買対当数量に達するまで割り当てることとなる。 本件においては、違反行為の開始時点において所有しており、金融商品取引法第１７４条の２第８項及び同法施行令第３３条の１３第１号の規定により、違反行為の開始時点にその時における価格（28,000円）で買い付けたものとみなされるもの（みなし買付け）から割り当てられることとなる。 (2) 上記(1)のとおり、当該違反行為に係る有価証券の買付数量が、売付数量を超えることから、 当該超える数量27株（270株－243株）について、 当該違反行為が終了してから１月を経過するまでの間の各日における当該有価証券の最高価格のうち最も高い価格（49,700円）に当該超える数量を乗じて得た額 1,341,900円（49,700円×27株）－買付価額821,700円（注５） ＝520,200円 （注５）買付価額は、 「30,100円×5株＋30,200円×3株＋30,250円×6株＋30,450円×2株＋30,500円×4株 ＋30,550円×1株＋30,650円×1株＋31,000円×5株」 の合計額である。 ３．課徴金納付命令対象者(２)について、本件における課徴金の額は、下記(1)及び(2)によりそれぞれ算定される額の合計　653,050円 ⇒課徴金の額は、１万円未満を切り捨てるため、 ６５万円 (1) 当該違反行為に係る売買対当数量は、 (i) 当該違反行為に係る有価証券の売付数量は、64株であり、 (ii)当該違反行為に係る有価証券の買付数量は、実際の買付け等の数量99株である ことから、64株となる。 当該売買対当数量に係るものについて、 売付価額1,897,890円（注６）－買付価額1,906,090円（注７） ＝▲8,200円 （注６）売付価額は、 「28,700円×5株＋28,710円×2株＋28,720円×1株＋29,000円×11株＋29,010円×8株 ＋29,020円×3株＋29,110円×1株＋29,500円×1株＋30,000円×8株＋30,100円×1株 ＋30,250円×1株＋30,400円×5株＋30,500円×14株＋30,550円×1株＋30,650円×1株 ＋30,950円×1株」 の合計額である。 （注７）買付価額は、 「27,400円×5株＋27,800円×1株＋27,900円×9株＋27,990円×2株＋28,000円×8株 ＋28,030円×9株＋28,050円×2株＋28,100円×7株＋28,140円×1株＋31,450円×1株 ＋31,500円×3株＋31,550円×1株＋31,600円×2株＋31,650円×1株＋31,750円×2株 ＋31,800円×2株＋35,250円×1株＋35,300円×1株＋35,500円×1株＋38,300円×5株」 の額である。 (2) 上記(1)のとおり、当該違反行為に係る有価証券の買付数量が、売付数量を超えることから、 当該超える数量35株（99株－64株）について、 当該違反行為が終了してから１月を経過するまでの間の各日における当該有価証券の最高価格のうち最も高い価格（49,700円）に当該超える数量を乗じて得た額 1,739,500円（49,700円×35株）－買付価額1,078,250円（注８） ＝661,250円 （注８）買付価額は、 「30,000円×2株＋30,250円×9株＋30,650円×1株＋30,800円×1株＋30,900円×4株 ＋30,950円×1株＋31,000円×9株＋31,200円×1株＋31,300円×2株＋31,400円×1株 ＋31,450円×4株」 の合計額である。 ４．課徴金納付命令対象者(３)について、本件における課徴金の額は、下記(1)及び(2)によりそれぞれ算定される額の合計　421,830円 ⇒課徴金の額は、１万円未満を切り捨てるため、 ４２万円 (1) 当該違反行為に係る売買対当数量は、 (i) 当該違反行為に係る有価証券の売付数量は、10株であり、 (ii)当該違反行為に係る有価証券の買付数量は、実際の買付け等の数量20株に、金融商品取引法第１７４条の２第８項及び同法施行令第３３条の１３第１号により、違反行為開始時にその時の価格（28,000円）で買付け等をしたものとみなされる当該違反行為の開始時に所有している当該有価証券の数量10株を加えた30株である ことから、10株となる。 当該売買対当数量に係るものについて、 売付価額295,250円（注９）－買付価額280,000円（28,000円×10株）（注10） ＝15,250円 （注９）売付価額は、 「27,780円×1株＋27,980円×1株＋28,400円×1株＋28,500円×1株＋29,690円×1株 ＋30,000円×1株＋30,500円×2株＋30,900円×1株＋31,000円×1株」 の合計額である。 （注10）買付価額の算定においては、金融商品取引法施行令第３３条の１４第５項の規定により、当該違反行為に係る有価証券の買付けのうち最も早い時期に行われたものから順次当該売買対当数量に達するまで割り当てることとなる。 本件においては、違反行為の開始時点において所有しており、金融商品取引法第１７４条の２第８項及び同法施行令第３３条の１３第１号の規定により、違反行為の開始時点にその時における価格（28,000円）で買い付けたものとみなされるもの（みなし買付け）が、当該売買対当数量と同数であるため、すべてみなし買付け分が割り当てられることとなる。 (2) 上記(1)のとおり、当該違反行為に係る有価証券の買付数量が、売付数量を超えることから、 当該超える数量20株（30株－10株）について、 当該違反行為が終了してから１月を経過するまでの間の各日における当該有価証券の最高価格のうち最も高い価格（49,700円）に当該超える数量を乗じて得た額 994,000円（49,700円×20株）－買付価額587,420円（注11） ＝406,580円 （注11）買付価額は、 「27,980円×1株＋27,990円×1株＋28,000円×5株＋28,100円×2株＋29,500円×1株 ＋30,150円×5株＋31,000円×5株」 の合計額である。 課徴金納付命令対象者(１) 課徴金納付命令対象者(２) 課徴金納付命令対象者(３)"
2012-09-28,株式会社プリンシバル・コーポレーション,,株式会社プリンシバル・コーポレーションに係る有価証券報告書等の虚偽記載に係る課徴金納付命令勧告について（平成24年9月28日）,https://www.fsa.go.jp/sesc/news/c_2012/2012/20120928-1.html,"平成２４年９月２８日 証券取引等監視委員会 株式会社プリンシバル・コーポレーションに係る有価証券報告書等の虚偽記載に係る課徴金納付命令勧告について １．勧告の内容 証券取引等監視委員会は、株式会社プリンシバル・コーポレーションに係る有価証券報告書等の虚偽記載について検査した結果、以下のとおり法令違反の事実が認められたので、本日、内閣総理大臣及び金融庁長官に対して、金融庁設置法第20条第１項の規定に基づき、課徴金納付命令を発出するよう勧告を行った。 ２．法令違反の事実関係 株式会社プリンシバル・コーポレーションは、関東財務局長に対し、貸倒引当金の過少計上等により、別紙１のとおり、金融商品取引法第172条の４第１項及び第２項に規定する「重要な事項につき虚偽の記載がある」以下の有価証券報告書等を提出したものである。 平成23年３月期有価証券報告書（平成23年６月27日提出） 平成23年６月第１四半期四半期報告書（平成23年８月12日提出） 平成23年９月第２四半期四半期報告書（平成23年11月14日提出） ３．課徴金の額の計算 上記の違法行為に対し金融商品取引法に基づき納付を命じられる課徴金の額は、1,200万円である。（計算方法については別紙２のとおり。） （別紙１）株式会社プリンシバル・コーポレーションの有価証券報告書等の虚偽記載内容 番号 開示書類 虚偽記載 提出日 書類 会計期間 財務計算に 関する書類 内容（注） 事由 １ 平成23年 ６月27日 第66期事業年度連結会計期間に係る有価証券報告書（平成23年３月期有価証券報告書） 平成22年４月1日～平成23年３月31日の連結会計期間 連結 損益計算書 連結当期純損益が352百万円であるところを657百万円と記載 ・貸倒引当金の過少計上 等 連結 貸借対照表 連結純資産額が395百万円であるところを700百万円と記載 ２ 平成23年 ８月12日 第67期事業年度第１四半期連結会計期間に係る四半期報告書（平成23年６月第１四半期四半期報告書） 平成23年４月１日～平成23年６月30日の第１四半期連結会計期間 四半期連結 貸借対照表 連結純資産額が273百万円であるところを584百万円と記載 ・貸倒引当金の過少計上 等 ３ 平成23年 11月14日 第67期事業年度第２四半期連結会計期間に係る四半期報告書（平成23年９月第２四半期四半期報告書） 平成23年７月１日～平成23年９月30日の第２四半期連結会計期間 四半期連結 貸借対照表 連結純資産額が122百万円であるところを408百万円と記載 ・貸倒引当金の過少計上 等 （注）金額は百万円未満切捨てである。 （別紙２）課徴金の計算方法 (１) 金融商品取引法第172条の４第１項の規定により、平成23年３月期有価証券報告書に係る課徴金の額は、 (ｉ) 当該法人が発行する算定基準有価証券の市場価額の総額に10万分の６を乗じて得た額（137,474円） が (ii) 6,000,000円 を超えないことから、6,000,000円となる。 (２) 金融商品取引法第172条の４第２項の規定により、平成23年６月第１四半期四半期報告書及び平成23年９月第２四半期四半期報告書に係る課徴金について、個別決定ごとの算出額は、 (ｉ) 当該法人が発行する算定基準有価証券の市場価額の総額に10万分の６を乗じて得た額 （平成23年６月第１四半期四半期報告書 113,711円 平成23年９月第２四半期四半期報告書 159,972円） が (ii) 6,000,000円 を超えないことから、 平成23年６月第１四半期四半期報告書については、3,000,000円 平成23年９月第２四半期四半期報告書については、3,000,000円 となる。"
2012-08-17,,,「金融商品取引業者等検査マニュアル」の一部改正（案）に対するパブリックコメントの結果等について（平成24年8月17日）,https://www.fsa.go.jp/sesc/news/c_2012/2012/20120817-1.html,平成２４年８月１７日 証券取引等監視委員会 「金融商品取引業者等検査マニュアル」の一部改正（案）に対するパブリックコメントの結果等について 証券取引等監視委員会（以下「証券監視委」という。）では、「金融商品取引業者等検査マニュアル」の一部改正（案）につきまして、平成24年７月10日（火）から同年８月９日（木）までの間、広く意見募集を行いました。 その結果、「金融商品取引業者等検査マニュアル」の一部改正（案）に対して、５先の団体及び個人から計14件のコメントを頂きました。御意見の提出を頂いた皆様には、御協力いただきありがとうございました。 お寄せ頂いたコメントの概要及びコメントに対する証券監視委の考え方は、 別紙１（PDF:123KB） のとおりです。 本日付で、改正後の「金融商品取引業者等検査マニュアル」 （別紙２）（PDF:252KB） を発出し、平成24年９月１日以降、検査に活用することとします。 （注）「金融商品取引業者等検査マニュアル」 本マニュアルは、証券監視委（財務局等を含む。）が「金融商品取引業者等」に対して検査を実施する際の基本的考え方及び検査の具体的着眼点等（検査対象先の実態を把握する上で有効と考えられる確認項目）を整理したものであり、検査官の「検査の手引書」として用いられるものです。 お問い合わせ先 証券取引等監視委員会　Tel　03-3506-6000（代表） 証券取引等監視委員会事務局証券検査課（内線：3032、3055） （別紙１） コメントの概要及びコメントに対する証券監視委の考え方（PDF:123KB） （別紙２） 金融商品取引業者等検査マニュアル（新旧対照表）（PDF:252KB）
2012-09-19,AIJ投資顧問株式会社,,AIJ投資顧問株式会社による投資一任契約の締結に係る偽計事件の告発について(3)（平成24年9月19日）,https://www.fsa.go.jp/sesc/news/c_2012/2012/20120919-1.html,平成２４年９月１９日 証券取引等監視委員会 ＡＩＪ投資顧問株式会社による投資一任契約の締結に係る偽計事件の告発について（３） 証券取引等監視委員会は、本日（９月１９日）、金融商品取引法違反（投資一任契約の締結に係る偽計）の嫌疑で、嫌疑法人ＡＩＪ投資顧問株式会社及び嫌疑者３名を東京地方検察庁に告発した。 １．告発の対象となった犯則事実 犯則嫌疑法人ＡＩＪ投資顧問株式会社は、東京都中央区に本店を置き、内外の有価証券等に係る投資顧問業務等を目的とする株式会社、犯則嫌疑者Ａは犯則嫌疑法人の代表取締役として同社の業務全般を統括していたもの、犯則嫌疑者Ｂは犯則嫌疑法人の取締役として同社の経理事務全般を担当していたもの、犯則嫌疑者Ｃは犯則嫌疑法人が実質的に支配する証券会社の代表取締役として同社の業務全般を担当していたものであるが、犯則嫌疑者３名は、共謀の上、犯則嫌疑法人の業務に関し、真実は、犯則嫌疑法人が実質的に運用する「ＡＩＭグローバルファンド」の純資産額が過小となっていたにもかかわらず、その情を秘し、あたかも同ファンドの運用実績は好調であり、一口当たり純資産額は順調に増加している旨の虚偽の運用実績等を記載した資料を年金基金の運用担当者らに提示するなどし、当該年金基金をして犯則嫌疑法人との間で年金投資一任契約を締結させようと企て 第１ 平成２２年１月頃、犯則嫌疑者Ａらが、Ｄ年金基金常務理事らに対し、前記虚偽の運用実績及び一口当たり純資産額等を記載した資料を示すなどし、同年４月頃、同基金をして犯則嫌疑法人との間で年金投資一任契約を締結させ、もって投資一任契約の締結に関し偽計を用い 第２ 平成２２年２月頃、犯則嫌疑者Ｃらが、Ｅ年金基金常務理事らに対し、前記第１同様に虚偽を記載した資料を示すなどし、同年４月頃、同基金をして犯則嫌疑法人との間で年金投資一任契約を締結させ、もって投資一任契約の締結に関し偽計を用い たものである。 ２．関連条文 金融商品取引法第198条の3、第207条第1項第3号、第38条の2第1号 刑法第60条 法定刑：法人につき　3億円以下の罰金 個人につき 3年以下の懲役若しくは300万円以下の罰金、又は併科
2012-08-03,日興コーディアル証券株式会社,,証券会社元執行役員が関与した内部者取引事件の告発について(2)（平成24年8月3日）,https://www.fsa.go.jp/sesc/news/c_2012/2012/20120803-3.html,平成２４年８月３日 証券取引等監視委員会 証券会社元執行役員が関与した内部者取引事件の告発について（２） 証券取引等監視委員会は、本日（８月３日）、金融商品取引法違反（インサイダー取引）の嫌疑で、嫌疑者４名を横浜地方検察庁検察官に告発した。 １．告発の対象となった犯則事実 犯則嫌疑者Ａは、証券会社執行役員であったもの、犯則嫌疑者Ｂ及び犯則嫌疑者Ｃは、Ａの知人であったもの、犯則嫌疑者Ｄは、Ｂ及びＣの知人であったものであるが、犯則嫌疑者４名は 第１ 犯則嫌疑者Ａにおいて、平成２３年３月２８日頃から同年７月１９日頃までの間に、日興コーディアル証券株式会社（平成２３年４月１日、SMBC日興証券株式会社に商号変更。以下「日興証券」という。）が株式会社ＴＭコーポレーションとの間で締結していたアドバイザリー業務委託契約等の締結の交渉等に関し、同社の業務執行を決定する機関が、東京証券取引所が開設する有価証券市場に株券を上場していたバルス株式会社の株券の公開買付けを行うことについての決定をした旨の公開買付けの実施に関する事実を知り、共謀の上、法定の除外事由がないのに、同事実の公表前である同年３月２９日から同年９月２日までの間、犯則嫌疑者Ｄ名義で、バルス株式会社の株券合計２４７株を代金合計１８６０万９５００円で買い付け 第２ 犯則嫌疑者Ａにおいて、平成２３年４月２７日頃から同年７月２５日頃までの間に、日興証券が株式会社はしやまとの間で締結していたアドバイザリー業務委託契約等の締結の交渉等に関し、同社の業務執行を決定する機関が、東京証券取引所等が開設する有価証券市場に株券を上場していたマスプロ電工株式会社の株券の公開買付けを行うことについての決定をした旨の公開買付けの実施に関する事実を知り、共謀の上、法定の除外事由がないのに、同事実の公表前である同年６月１日から同年７月２９日までの間、犯則嫌疑者Ｄ名義で、マスプロ電工株式会社の株券合計６万６９００株を代金合計４３２５万６９００円で買い付け たものである。 〔関連条文〕 金融商品取引法第197条の2第13号、第167条第１項第４号、刑法第60条 法定刑：5年以下の懲役若しくは500万円以下の罰金又は併科
2012-08-31,フロントリテイリング株式会社,,Ｊ．フロントリテイリング株式に係る相場操縦に対する課徴金納付命令の勧告について（平成24年8月31日）,https://www.fsa.go.jp/sesc/news/c_2012/2012/20120831-1.html,平成２４年８月３１日 証券取引等監視委員会 Ｊ．フロントリテイリング株式に係る相場操縦に対する課徴金納付命令の勧告について １．勧告の内容 証券取引等監視委員会は、Ｊ．フロントリテイリング株式に係る相場操縦について検査した結果、下記のとおり法令違反の事実が認められたので、本日、内閣総理大臣及び金融庁長官に対して、金融庁設置法第２０条第１項の規定に基づき、課徴金納付命令を発出するよう勧告を行った。 ２．法令違反の事実関係 課徴金納付命令対象者は、Ｊ．フロントリテイリング株式会社の株式につき、同株式の売買を誘引する目的をもって、 別表（PDF:15KB） 記載のとおり、平成２２年８月２日午前９時２７分ころから同月１３日午後２時５３分ころまでの間、９取引日にわたり、売り最良気配値以上の複数の価格帯に約定させる意思のない売り注文を合計７８９万４０００株発注したり、買い最良気配値以下の複数の価格帯に約定させる意思のない買い注文を合計９６８万株発注するとともに、合計３４３万８０００株の売買を自己に有利な株価で約定させ、もって、自己の計算において、１２回にわたり、同株式の売買が繁盛であると誤解させ、かつ、同株式の相場を変動させるべき一連の売買及び委託をしたものである。 課徴金納付命令対象者が行った上記の行為は、金融商品取引法第１７４条の２第１項に規定する「第１５９条第２項第１号の規定に違反する一連の有価証券売買等」及び「その委託等」の違反行為に該当すると認められる。 ３．課徴金の額の計算 上記の違法行為に対し金融商品取引法に基づき納付を命じられる課徴金の額は、１３５万円である。 計算方法は、別紙のとおりであり、各違反行為に係る課徴金の額は 別表（PDF:15KB） のとおりである。 （別紙） ○ 課徴金の額の計算方法について １．金融商品取引法第１７４条の２第１項に基づき、課徴金の額は、 (１) 売買対当数量（注）に係るものについて、 （有価証券の売付価額）－（有価証券の買付価額） と、 (２) 当該違反行為に係る有価証券の売付数量が買付数量を超える場合の、当該超える数量に係るものについて、 （有価証券の売付価額）－（当該違反行為が終了してから１月を経過するまでの間の各日における当該有価証券の最低価格×当該超える数量） または、 当該違反行為に係る有価証券の買付数量が売付数量を超える場合の、当該超える数量に係るものについて、 （当該違反行為が終了してから１月を経過するまでの間の各日における当該有価証券の最高価格×当該超える数量）－（有価証券の買付価額） との合計額として計算される。 （注）売買対当数量：当該違反行為に係る有価証券の売付数量と買付数量のうち、いずれか少ない数量をいう。 ２．課徴金納付命令対象者の１２回の違反行為について、 (１) 各違反行為に係る有価証券の売付数量と買付数量が同じであることから、課徴金の額は、上記１．(１)により計算される。 (２) 金融商品取引法第１７６条第２項に基づき、各違反行為に係る課徴金の額は、１万円未満を切り捨てる。
2012-08-03,アイティーエム証券株式会社,,アイティーエム証券株式会社に係る勧告について（平成24年8月3日）,https://www.fsa.go.jp/sesc/news/c_2012/2012/20120803-2.html,平成２４年８月３日 証券取引等監視委員会 アイティーエム証券株式会社に係る勧告について １．勧告の内容 証券取引等監視委員会は、犯則事件の調査の結果、下記のとおりアイティーエム証券株式会社に係る法令違反等が認められたので、本日、内閣総理大臣及び金融庁長官に対して、金融庁設置法第２０条第１項の規定に基づき、行政処分を行うよう勧告した。 ２．事実関係 ○ 役職員による投資一任契約の締結に係る偽計への関与 アイティーエム証券株式会社（以下「当社」という。）は、当社を実質的に支配するＡＩＪ投資顧問株式会社（以下「ＡＩＪ」という。）が実質的に運用する「ＡＩＭグローバルファンド」（以下「当ファンド」という。）の販売を行っていたものであるが、当社の代表取締役は、ＡＩＪの代表取締役及び同社の取締役と共謀の上、真実は、当ファンドの純資産額が過小となっていたにもかかわらず、その情を秘し、あたかも当ファンドの運用実績は好調であり一口当たり純資産額は順調に増加している旨の虚偽の運用実績等を記載した資料を年金基金の運用担当者等に提示するなどし、当該年金基金をしてＡＩＪとの間で年金投資一任契約を締結させようと企て、平成22年９月ころから同23年９月ころまでの間、東京都港区内等において、５つの基金の担当者らに対し、当社の営業員を介し、前記虚偽の運用実績及び一口当たり純資産額を記載した資料を示すなどし、各基金をして、ＡＩＪとの間で年金投資一任契約を締結させ、もって投資一任契約の締結に関し、偽計を用いたもの（以下「本件偽計」という。）である。 上記の行為に関し、証券取引等監視委員会は、本年７月９日及び同月30日、当社代表取締役並びにＡＩＪ、同社代表取締役及び同社取締役を、金融商品取引法第38条の２第1号（投資一任契約の締結に係る偽計）の嫌疑で東京地方検察庁検察官（以下、「東京地検検察官」という。）に告発した（これらの告発を受け、東京地検検察官は、同月９日及び同月30日、当社代表取締役並びにＡＩＪ代表取締役及び同社取締役を起訴した。併せて、本件について、東京地検検察官は、上記５基金を含む６基金に対する詐欺（刑法第246条）の事実についても、同月９日及び同月30日、当社代表取締役並びにＡＩＪ代表取締役及び同社取締役を起訴した。）。 上記のとおり、当社においては、その経営管理に責任を有する当社代表取締役自らが、各基金をして、ＡＩＪとの間で年金投資一任契約を締結させるため、当社が販売を行っていた当ファンドに関し、共犯者と共謀の上、多数の年金基金に対し、本件偽計を実行したものであり、その実行に当たっては、当社代表取締役自らが、虚偽の運用実績等を記載した資料を用いるなどして、年金基金に対する勧誘を行っていたほか、当社代表取締役の下で、当社の複数の営業員も、上記同様の資料を用いるなどして、年金基金に対する勧誘を行っていたものである。 そして、本件偽計により、多数の年金基金が当ファンドの購入を決定し、ＡＩＪとの間で年金投資一任契約を締結した結果、多額の損失を被ることとなった。 以上に鑑みれば、当社については、金融商品取引法第52条第1項第9号の「金融商品取引業に関し、不正又は著しく不当な行為をした場合において、その情状が特に重いとき」に該当すると認められる。 （参考条文） ○ 金融商品取引法（昭和２３年法律第２５号）（抄） （禁止行為） 第三十八条の二　金融商品取引業者等は、その行う投資助言・代理業又は投資運用業に関して、次に掲げる行為をしてはならない。 一 投資顧問契約、投資一任契約若しくは第二条第八項第十二号イに掲げる契約の締結又は解約に関し、偽計を用い、 又は暴行若しくは脅迫をする行為 二　（略） （金融商品取引業者に対する監督上の処分） 第五十二条　内閣総理大臣は、金融商品取引業者が次の各号のいずれかに該当する場合においては、当該金融商品取引業者の第二十九条の登録を取り消し、第三十条第一項の認可を取り消し、又は六月以内の期間を定めて業務の全部若しくは一部の停止を命ずることができる。 一～八　（略） 九 金融商品取引業に関し、不正又は著しく不当な行為をした場合において、その情状が特に重いとき。 十～十一　（略） ２～５　（略）
2012-07-30,AIJ投資顧問株式会社,,AIJ投資顧問株式会社による投資一任契約の締結に係る偽計事件の告発について(2)（平成24年7月30日）,https://www.fsa.go.jp/sesc/news/c_2012/2012/20120730-1.html,平成２４年７月３０日 証券取引等監視委員会 AIJ投資顧問株式会社による投資一任契約の締結に係る偽計事件の告発について(2) 証券取引等監視委員会は、本日（７月３０日）、金融商品取引法違反（投資一任契約の締結に係る偽計）の嫌疑で、嫌疑法人AIJ投資顧問株式会社及び嫌疑者３名を東京地方検察庁に告発した。 １．告発の対象となった犯則事実 犯則嫌疑法人AIJ投資顧問株式会社は、東京都中央区に本店を置き、内外の有価証券等に係る投資顧問業務等を目的とする株式会社、犯則嫌疑者Ａは犯則嫌疑法人の代表取締役として同社の業務全般を統括していたもの、犯則嫌疑者Ｂは犯則嫌疑法人の取締役として同社の経理事務全般を担当していたもの、犯則嫌疑者Ｃは犯則嫌疑法人が実質的に支配する証券会社の代表取締役として同社の業務全般を担当していたものであるが、犯則嫌疑者３名は、共謀の上、犯則嫌疑法人の業務に関し、真実は、犯則嫌疑法人が実質的に運用する「AIMグローバルファンド」の純資産額が過小となっていたにもかかわらず、その情を秘し、あたかも同ファンドの運用実績は好調であり、一口当たり純資産額は順調に増加している旨の虚偽の運用実績等を記載した資料を年金基金の運用担当者らに提示するなどし、当該年金基金をして犯則嫌疑法人との間で年金投資一任契約を締結させようと企て 第１ 平成２２年９月頃、犯則嫌疑者Ａらが、Ｄ年金基金常務理事らに対し、前記虚偽の運用実績及び一口当たり純資産額等を記載した資料を示すなどし、同年１０月頃、同基金をして犯則嫌疑法人との間で年金投資一任契約を締結させ、もって投資一任契約の締結に関し偽計を用い 第２ 平成２３年５月頃、犯則嫌疑者Ｃらが、Ｅ年金基金事務長に対し、前記第１同様に虚偽を記載した資料を示すなどし、同年６月頃、同基金をして犯則嫌疑法人との間で年金投資一任契約を締結させ、もって投資一任契約の締結に関し偽計を用い 第３ 平成２３年６月頃、犯則嫌疑者Ａらが、Ｆ年金基金常務理事らに対し、前記第１同様に虚偽を記載した資料を示すなどし、同年１０月頃、同基金をして犯則嫌疑法人との間で年金投資一任契約を締結させ、もって投資一任契約の締結に関し偽計を用い 第４ 平成２３年６月頃及び９月頃、犯則嫌疑者Ｃらが、Ｇ年金基金常務理事らに対し、前記第１同様に虚偽を記載した資料を示すなどし、同年１０月頃、同基金をして犯則嫌疑法人との間で年金投資一任契約を締結させ、もって投資一任契約の締結に関し偽計を用い たものである。 〔関連条文〕 金融商品取引法第198条の3、第207条第1項第3号、第38条の2第1号 刑法第60条 法定刑：法人につき　3億円以下の罰金 個人につき　3年以下の懲役若しくは300万円以下の罰金、又は併科
2012-07-23,,,「証券検査に関する基本指針」の一部改正について（平成24年7月23日）,https://www.fsa.go.jp/sesc/news/c_2012/2012/20120723-1.html,平成24年７月23日 証券取引等監視委員会 「証券検査に関する基本指針」の一部改正について １．証券取引等監視委員会では、透明性の高い効率的かつ効果的な検査を実施するとの観点から、検査の手続等を記載した「証券検査に関する基本指針」（以下「基本指針」という。）を策定し、公表しているところである。 ２．今般、別添のとおり、検査関係情報の第三者への開示制限等に関する事項、検査結果の公表に関する事項及びその他の検査実施上の手続について、所要の改正を行うものである。 ３．改正後の基本指針は平成24年７月23日時点において検査中の検査から適用する。 （別添）証券検査に関する基本指針（新旧対照表） （PDF:320KB）
2012-07-31,野村證券株式会社,,野村證券株式会社に対する検査結果に基づく勧告について（平成24年7月31日）,https://www.fsa.go.jp/sesc/news/c_2012/2012/20120731-1.html,"平成２４年７月３１日 証券取引等監視委員会 野村證券株式会社に対する検査結果に基づく勧告について １．勧告の内容 証券取引等監視委員会が野村證券株式会社（東京都中央区、資本金100億円、役職員12,997名、第一種金融商品取引業、第二種金融商品取引業、投資運用業、投資助言・代理業）を検査した結果、下記のとおり、当該金融商品取引業者に係る法令違反の事実が認められたので、本日、証券取引等監視委員会は、内閣総理大臣及び金融庁長官に対して、金融庁設置法第２０条第１項の規定に基づき、行政処分を行うよう勧告した。 ２．事実関係 野村證券株式会社（以下「当社」という。）においては、以下のとおり公募増資案件に係る法人関係情報に関する管理について不公正取引の防止を図るために必要かつ適切な措置を講じていない業務運営状況及びそのような状況のなか有価証券の売買その他の取引等につき法人関係情報を顧客に提供して勧誘する行為が認められた。 (１)公募増資案件に係る法人関係情報に関する管理について不公正取引の防止を図るために必要かつ適切な措置を講じていない業務運営状況 アコンプライアンス態勢に係る問題 内部管理部門の役職員が、当社における法人関係情報の管理態勢の整備・運用状況は適正であり問題は生じ得ないと過信していたことなどから、内部管理部門は下記イからエの状況につき、法人関係情報の管理・営業の実態把握・法令遵守確認等を十分に行っていなかったなど、牽制機能が十分に発揮されていない状況が認められた。 また、法令遵守態勢、法人関係情報の適正な管理態勢を構築・運用する責務を負っている役職員が、その責務に照らして求められるべき認識を持たず不十分な対応に終始したことから、本件問題点を早期に把握・分析し、金融商品取引法の趣旨・目的に照らして適切な対応を取るという金融商品取引業者及び市場のゲートキーパーとして求められる役割を果たしていなかった。 イチャイニーズ・ウォールを越えた情報の伝達 機関投資家営業部署の職員が、収益第一主義の営業態勢等を同部署内に徹底したことにより、同部署内における法令遵守意識を欠落させ公募増資案件に係る法人関係情報の管理が不徹底な状況になっていた。機関投資家営業部署の職員は、「銘柄名を聞かなければ銘柄が推測できても問題ない」などの安易な考えから、恒常的に公募増資案件に係る情報を保有する他部署から、公募増資案件に係る法人関係情報又は銘柄名を推知し得る情報を積極的に取得し、営業に活用することが常態化していた。 ウセールス側から社内アナリストへの積極的な情報取得 機関投資家営業部署内でヘッジファンドを担当する職員は、社内アナリストが知り得る公募増資に係る情報等を聞き出そうと執拗に接触を行い、公募増資案件に係る法人関係情報の積極的な取得を行っていた。なお、一部の社内アナリストにおいては、公募増資予定銘柄に関する売買管理部のチェック状況を安易に回答していた。 エ機関投資家営業部署内での情報共有 機関投資家営業部署内においては、職員が取得した公募増資案件に係る法人関係情報について、銘柄名を言う場合には、「噂だが」などの付言をすれば問題ないとして、部内で公募増資案件に係る法人関係情報の共有が行われた。 (２)有価証券の売買その他の取引等につき法人関係情報を顧客に提供して勧誘する行為及びその他不適切な業務運営状況 ア有価証券の売買その他の取引等につき法人関係情報を顧客に提供して勧誘する行為 (ア)法人関係情報を保有する部署から恒常的に法人関係情報を入手していたA部長は、甲社株式の公募増資案件に係る法人関係情報（以下「甲社情報」という。）を入手し、部下のB課長とともに、顧客に対し、甲社情報が公表される以前に、甲社情報を提供して甲社株式の売買及び公募新株式の取得申込みの勧誘を行ったと認められる。 また、A部長は、他の顧客に対し、甲社情報が公表される以前に、甲社情報を提供して甲社株式の公募新株式の取得申込みの勧誘を行ったと認められる。 (イ)乙社株式の公募増資案件に係る法人関係情報（以下「乙社情報という。」）を入手したC部員は、顧客に対し、乙社情報が公表される以前に、乙社情報を提供して乙社株式の公募新株式の取得申込みの勧誘を行ったと認められる。 (ウ)社内アナリスト等から情報収集を行い、丙社株式の公募増資案件に係る法人関係情報（以下「丙社情報」という。）を入手したD部員は、顧客に対し、丙社情報が公表される以前に、丙社情報を提供して丙社株式の売買の勧誘を行ったと認められる。 イその他不適切な業務運営状況 (ア)公募増資案件に係る法人関係情報を顧客に提供して勧誘した可能性が高い複数の事例が認められた。 (イ)公募増資案件に係る法人関係情報を顧客に提供した可能性のある複数の事例が認められた。 上記(1)及び(2)の実態を把握していなかったという点で、当社経営陣の法人関係情報の管理態勢に関する実効的な管理・監督が十分行われておらず、経営管理態勢は十分なものではなかったと認められる。 また、当社における上記(1)及び(2)イのような、公募増資案件に係る法人関係情報の管理態勢は、不公正な取引の防止を図るために必要かつ適切な措置を講じていない業務の運営状況にあるものと認められ、金融商品取引法第４０条第２号に基づく金融商品取引業等に関する内閣府令第１２３条第１項第５号に該当するものと認められる。 さらに、上記(2)アのような、有価証券の売買その他の取引等につき法人関係情報を顧客に提供して勧誘する行為は、当社における法人関係情報の管理態勢に不備が認められる状況の下で発生、看過されているものであり、会社行為と認められ、金融商品取引法第３８条第７号に基づく金融商品取引業等に関する内閣府令第１１７条第１項第１４号に該当するものと認められる。 （参考条文） ○金融商品取引法（昭和23年法律第25号）（抄） （禁止行為） 第三十八条　金融商品取引業者等又はその役員若しくは使用人は、次に掲げる行為をしてはならない。ただし、第四号から第六号までに掲げる行為にあっては、投資者の保護に欠け、取引の公正を害し、又は金融商品取引業の信用を失墜させるおそれのないものとして内閣府令で定めるものを除く。 一～六　（略） 七　前各号に掲げるもののほか、投資者の保護に欠け、若しくは取引の公正を害し、又は金融商品取引業の信用を失墜させるものとして内閣府令で定める行為 （適合性の原則等） 第四十条　金融商品取引業者等は、業務の運営の状況が次の各号のいずれかに該当することのないように、その業務を行わなければならない。 一　（略） 二　前号に掲げるもののほか、業務に関して取得した顧客に関する情報の適正な取扱いを確保するための措置を講じていないと認められる状況、その他業務の運営の状況が公益に反し、又は投資者の保護に支障を生ずるおそれがあるものとして内閣府令で定める状況にあること。 ○金融商品取引業等に関する内閣府令（平成19年内閣府令第52号）（抄） （禁止行為） 第百十七条　法第三十八条第七号に規定する内閣府令で定める行為は、次に掲げる行為とする。 一～十三　（略） 十四　有価証券の売買その他の取引又は有価証券に係るデリバティブ取引若しくはその媒介、取次ぎ若しくは代理につき、顧客に対して当該有価証券の発行者の法人関係情報を提供して勧誘する行為 （以下、略） （業務の運営の状況が公益に反し又は投資者の保護に支障を生ずるおそれがあるもの） 第百二十三条　法第四十条第二号に規定する内閣府令で定める状況は、次に掲げる状況とする。 一～四　（略） 五　その取り扱う法人関係情報に関する管理又は顧客の有価証券の売買その他の取引等に関する管理について法人関係情報に係る不公正な取引の防止を図るために必要かつ適切な措置を講じていないと認められる状況 （以下、略）"
2012-08-03,株式会社ジアース役員及び社員による内部者取引,,株式会社ジアース役員及び社員による内部者取引に対する課徴金納付命令の勧告について（平成24年8月3日）,https://www.fsa.go.jp/sesc/news/c_2012/2012/20120803-1.html,"平成２４年８月３日 証券取引等監視委員会 株式会社ジアース役員及び社員による内部者取引に対する課徴金納付命令の勧告について １．勧告の内容 証券取引等監視委員会は、株式会社ジアース役員及び社員による内部者取引について検査した結果、下記のとおり法令違反の事実が認められたので、本日、内閣総理大臣及び金融庁長官に対して、金融庁設置法第２０条第１項の規定に基づき、課徴金納付命令を発出するよう勧告を行った。 ２．法令違反の事実関係 課徴金納付命令対象者(１)は、株式会社ジアース（以下「ジアース」という。）の役員であったが、その職務に関し、 ア ジアースの業務執行を決定する機関が、グーグル・アイルランド・リミテッド及びその関連者（以下「グーグル」という。）と業務上の提携を行うことについての決定をした旨の事実（以下「重要事実第１」という。）を知りながら、この事実が公表された平成２２年８月１２日より前の同年７月２８日、自己の計算において、ジアースの株式合計１８３株を買付価額合計２３８万９４８０円で買い付け イ ジアースにおいて、グーグルから、両社間の業務提携に係る不動産検索サービスの提供を停止するとの一方的な通告を受けた旨の、ジアースの運営、業務又は財産に関する重要な事実であって投資者の投資判断に著しい影響を及ぼす事実（以下「重要事実第２」という。）を知りながら、この事実が公表された平成２３年１月２７日午後１０時ころより前の同日午前９時ころ、自己の計算において、ジアースの株式合計１８３株を売付価額合計１０６万５０６０円で売り付け たものである。 課徴金納付命令対象者(２)は、ジアースの社員であったが、その職務に関し、 ア ジアースの業務執行を決定する機関が、株式会社リクルートと業務上の提携を行うことについての決定をした旨の事実（以下「重要事実第３」という。）を知りながら、この事実が公表された平成２２年１１月１日より前の同年１０月２７日、自己の計算において、ジアースの株式合計５０株を買付価額合計２２万２５０円で買い付け イ 重要事実第２を知りながら、この事実が公表された平成２３年１月２７日午後１０時ころより前の同日午前９時ころ、自己の計算において、ジアースの株式合計５０株を売付価額合計２９万１０００円で売り付け たものである。 課徴金納付命令対象者(１)及び(２)が行った上記の行為は、金融商品取引法第１７５条第１項に規定する「第１６６条第１項又は第３項の規定に違反して、同条第１項に規定する売買等をした」行為に該当すると認められる。 ３．課徴金の額の計算 上記の違法行為に対し、金融商品取引法に基づき納付を命じられる課徴金の額は、下記のとおりである。 課徴金納付命令対象者(１) １３４万円 課徴金納付命令対象者(２) ２２万円 計算方法の詳細については、別紙のとおり。 （別紙） ○ 課徴金の額の計算方法について 金融商品取引法第１７５条第１項に基づき、課徴金の額は、 （重要事実が公表された後２週間における最も高い価格）×（買付株数） －（買付価格）×（買付株数） 及び （売付価格）×（売付株数） －（重要事実が公表された後２週間における最も低い価格）×（売付株数） となる。 したがって、ジアースの株価について、 重要事実第１の公表後２週間における最も高い株価は、平成２２年８月１６日の１８，１９０円であり、 重要事実第２の公表後２週間における最も低い株価は、平成２３年２月９日の３，５３０円であり、 重要事実第３の公表後２週間における最も高い株価は、平成２２年１１月１５日の６，６８０円であることから、課徴金の額は下記の金額となる。 課徴金納付命令対象者(１)について (1) 法令違反の事実関係のアに係る課徴金の額 （１８，１９０円×１８３株）－買付価額２，３８９，４８０円 （注１） ＝９３９，２９０円 ⇒課徴金の額は１万円未満を切り捨てるため、 ９３万円 （注１）買付価額は、「12,880円×4株＋13,000円×3株＋13,010円×21株＋13,050円×5株＋13,070円×150株」の合計額である。 (2) 法令違反の事実関係のイに係る課徴金の額 売付価額１，０６５，０６０円 （注２） －（３，５３０円×１８３株） ＝４１９，０７０円 ⇒課徴金の額は１万円未満を切り捨てるため、 ４１万円 （注２）売付価額は、「5,820円×183株」の額である。 課徴金納付命令対象者(２)について (1) 法令違反の事実関係のアに係る課徴金の額 （６，６８０円×５０株）－買付価額２２０，２５０円 （注３） ＝１１３，７５０円 ⇒課徴金の額は１万円未満を切り捨てるため、 １１万円 （注３）買付価額は、「4,405円×50株」の額である。 (2) 法令違反の事実関係のイに係る課徴金の額 売付価額２９１，０００円 （注４） －（３，５３０円×５０株） ＝１１４，５００円 ⇒課徴金の額は１万円未満を切り捨てるため、 １１万円 （注４）売付価額は、「5,820円×50株」の額である。"
2012-07-13,日興コーディアル証券株式会社,,証券会社元執行役員が関与した内部者取引事件の告発について（平成24年7月13日）,https://www.fsa.go.jp/sesc/news/c_2012/2012/20120713-1.html,平成２４年７月１３日 証券取引等監視委員会 証券会社元執行役員が関与した内部者取引事件の告発について 証券取引等監視委員会は、本日（７月１３日）、金融商品取引法違反（インサイダー取引）の嫌疑で、嫌疑者４名を横浜地方検察庁検察官に告発した。 １．告発の対象となった犯則事実 犯則嫌疑者Ａは、証券会社執行役員であったもの、犯則嫌疑者Ｂ及び犯則嫌疑者Ｃは、Ａの知人であったもの、犯則嫌疑者Ｄは、Ｂ及びＣの知人であったものであるが、犯則嫌疑者４名は、犯則嫌疑者Ａにおいて、平成２２年１２月１３日ころから平成２３年２月２２日ころまでの間に、日興コーディアル証券株式会社（平成２３年４月１日、SMBC日興証券株式会社に商号変更。）が株式会社日立物流との間で締結していたアドバイザリー業務委託契約等の履行に関し、同社の業務執行を決定する機関が、東京証券取引所が開設する有価証券市場に株券を上場していた株式会社バンテックの株券の公開買付けを行うことについての決定をした旨の公開買付けの実施に関する事実を知り、共謀の上、法定の除外事由がないのに、同事実の公表前である平成２３年２月２２日及び同月２３日、犯則嫌疑者Ｄ名義で、株式会社バンテックの株券合計２０株を代金合計２４０万１０００円で買い付けたものである。 ２．関連条文 金融商品取引法第197条の2第13号、第167条第１項第４号、刑法第60条 法定刑：5年以下の懲役若しくは500万円以下の罰金又は併科
2012-07-09,AIJ投資顧問株式会社,,AIJ投資顧問株式会社による投資一任契約の締結に係る偽計事件の告発について（平成24年7月9日）,https://www.fsa.go.jp/sesc/news/c_2012/2012/20120709-1.html,平成２４年７月９日 証券取引等監視委員会 AIJ投資顧問株式会社による投資一任契約の締結に係る偽計事件の告発について 証券取引等監視委員会は、本日（７月９日）、金融商品取引法違反（投資一任契約の締結に係る偽計）の嫌疑で、嫌疑法人ＡＩＪ投資顧問株式会社及び嫌疑者３名を東京地方検察庁に告発した。 １．告発の対象となった犯則事実 犯則嫌疑者３名は、共謀の上、犯則嫌疑法人AIJ投資顧問株式会社の業務に関し、真実は、犯則嫌疑法人が実質的に運用する「AIMグローバルファンド」の純資産額が過小となっていたにもかかわらず、その情を秘し、あたかも同ファンドの運用実績は好調であり、一口当たり純資産額は順調に増加している旨の虚偽の運用実績等を記載した資料を年金基金の運用担当者らに提示するなどし、当該年金基金をして犯則嫌疑法人との間で年金投資一任契約を締結させようと企て、企業年金基金事務所等において、同基金の担当者らに対し、同ファンドの販売会社の営業員を介し、前記虚偽の運用実績及び一口当たり純資産額等を記載した資料を示すなどし、同基金をして犯則嫌疑法人との間で年金投資一任契約を締結させ、もって投資一任契約の締結に関し、偽計を用いたものである。 ２．関連条文 金融商品取引法第198条の3、第207条第1項第3号、第38条の2第1号刑法第60条 法定刑：法人につき 3億円以下の罰金 個人につき 3年以下の懲役若しくは300万円以下の罰金、又は併科
2012-07-10,,,「金融商品取引業者等検査マニュアル」の一部改正（案）の公表について（平成24年7月10日）,https://www.fsa.go.jp/sesc/news/c_2012/2012/20120710-2.html,平成２４年７月１０日 証券取引等監視委員会 「金融商品取引業者等検査マニュアル」一部改正（案）の公表について 証券取引等監視委員会では、「金融商品取引業者等検査マニュアル」について、別紙のとおり一部改正（案）を取りまとめましたので、公表いたします。 １．主な改正の概要 (1) 平成23年金融商品取引法改正により、投資助言・代理業の登録拒否事由への人的構成要件の追加が行われたことを踏まえ、内部管理態勢に関する検証項目を大幅に拡充する。 (2) 金融庁が公表した「平成23事務年度金融商品取引業者等向け監督方針」における投資信託の勧誘・説明態勢の検証事項、及び23年度中の「金融商品取引業者等向けの総合的な監督指針」の改正等を踏まえ、投資信託の勧誘・取引実態の把握に関する検証項目を拡充する。 (3) 増資公表後における空売りポジション解消の禁止に関する金融商品取引法施行令の改正を踏まえ、所要の改正を行う。 (4) 平成23年度中の検査における店頭デリバティブ取引等の勧誘時の説明状況に関する検証結果を踏まえ、より具体的な検証項目の追加、記載整理を行う。 なお、具体的内容については （別紙）（PDF:343KB） をご参照ください。 ２．実施期日 平成24年９月１日以降、検査に活用する予定。 この案について御意見がありましたら、 平成24年８月９日（木）17時00分（必着） までに、氏名（法人その他の団体にあっては名称）、職業（法人その他の団体にあっては業種）、連絡先（住所、電話番号又は電子メールアドレス）及び理由を付記の上、郵便、ファックス又はインターネットにより下記にお寄せ下さい。電話による御意見は御遠慮願います。 御意見をお寄せいただいた方の氏名（法人その他の団体にあっては名称）については、開示の請求等があった場合には、御意見の内容とともに開示させていただきますので、御承知おきください。開示の際に匿名を希望される場合は、御意見の冒頭にその旨を明確に御記載ください。なお、開示に当たっては、御意見の内容に、（１）個人に関する情報であって特定の個人が識別され得る記述がある場合、又は（２）法人等の権利、競争上の地位その他正当な利益を侵害するおそれのある記述がある場合、には当該箇所を伏せさせていただくことがあります。 御意見に付記された電話番号等の個人情報は、御意見の内容に不明な点があった際に連絡・確認をさせていただく場合や御意見がどのような立場からのものかを確認させていただく場合に利用します。 なお、御意見に対しての個別の回答はいたしませんので、あらかじめ御了承ください。 （注）「金融商品取引業者等検査マニュアル」 本マニュアルは、証券取引等監視委員会（財務局等を含む。）が「金融商品取引業者等」に対して検査を実施する際の基本的考え方及び検査の具体的着眼点等（検査対象先の実態を把握する上で有効と考えられる確認項目）を整理したものであり、検査官の「検査の手引書」として用いられるものです。 ※ご意見の募集は終了しました。ご協力ありがとうございました。 御意見の送付先 証券取引等監視委員会事務局証券検査課 郵便：〒100-8922 東京都千代田区霞が関３－２－１　中央合同庁舎第７号館 ファックス：03-5251-2137 ホームページ・アドレス： http://www.fsa.go.jp/sesc/ お問い合わせ先 証券取引等監視委員会　Tel　03-3506-6000（代表） 証券取引等監視委員会事務局証券検査課（内線：3032、3055） （別紙） 金融商品取引業者等検査マニュアル一部改正（案）（新旧対照表）（PDF:343KB）
2012-07-06,株式会社ネクスト社員による内部者取引,,株式会社ネクスト社員による内部者取引に対する課徴金納付命令の勧告について（平成24年7月6日）,https://www.fsa.go.jp/sesc/news/c_2012/2012/20120706-2.html,"平成２４年７月６日 証券取引等監視委員会 株式会社ネクスト社員による内部者取引に対する課徴金納付命令の勧告について １．勧告の内容 証券取引等監視委員会は、株式会社ネクスト社員による内部者取引について検査した結果、下記のとおり法令違反の事実が認められたので、本日、内閣総理大臣及び金融庁長官に対して、金融庁設置法第２０条第１項の規定に基づき、課徴金納付命令を発出するよう勧告を行った。 ２．法令違反の事実関係 課徴金納付命令対象者は、株式会社ネクスト（以下「ネクスト」という。）の社員であったが、その職務に関し、(1)同社の平成２４年３月期の連結売上高、連結経常利益及び連結当期純利益について、平成２３年５月１２日に公表がされた、連結売上高１１７億３９００万円、連結経常利益１４億２１００万円、連結当期純利益７億７３００万円との直近の予想値に比較して、同社が新たに算出した予想値において投資者の投資判断に及ぼす影響が重要なものとして内閣府令で定める基準に該当する差異が生じた旨の事実、(2)同社の同期の剰余金の配当について、平成２３年８月１９日に公表がされた直近の予想値６円２０銭に比較して、同社が新たに算出した予想値において投資者の投資判断に及ぼす影響が重要なものとして内閣府令で定める基準に該当する差異が生じた旨の事実をいずれも知りながら、新たに算出した予想値が連結売上高９８億９９００万円、連結経常利益５億９１００万円、連結当期純利益２億３３００万円、剰余金の配当１円９０銭として公表がされた平成２３年１１月９日午後３時１５分ころより前の同日午前９時ころから午前９時１分ころまでの間、自己の計算において、ネクストの株式合計４３００株を売付価額合計１４８万３５００円で売り付けたものである。 課徴金納付命令対象者が行った上記の行為は、金融商品取引法第１７５条第１項に規定する「第１６６条第１項又は第３項の規定に違反して、同条第１項に規定する売買等をした」行為に該当すると認められる。 ３．課徴金の額の計算 上記の違法行為に対し、金融商品取引法に基づき納付を命じられる課徴金の額は、２４万円である。 計算方法の詳細については、別紙のとおり。 （別紙） ○ 課徴金の額の計算方法について 金融商品取引法第１７５条第１項に基づき、課徴金の額は、 （売付価格）×（売付株数） －（重要事実が公表された後２週間における最も低い価格）×（売付株数） となる。 したがって、重要事実の公表後２週間におけるネクストの最も低い株価は、平成２３年１１月２２日の２８８円であることから、課徴金の額は下記の金額となる。 売付価額１，４８３，５００円（注）－（２８８円×４，３００株） ＝２４５，１００円 ⇒課徴金の額は１万円未満を切り捨てるため、 ２４万円 （注）売付価額は、「345円×4,300株」の額である。"
2012-07-06,株式会社ジェイプロジェクト,,ジェイプロジェクト株式に係る相場操縦に対する課徴金納付命令の勧告について（平成24年7月6日）,https://www.fsa.go.jp/sesc/news/c_2012/2012/20120706-3.html,"平成２４年７月６日 証券取引等監視委員会 ジェイプロジェクト株式に係る相場操縦に対する課徴金納付命令の勧告について １．勧告の内容 証券取引等監視委員会は、ジェイプロジェクト株式に係る相場操縦について検査した結果、下記のとおり法令違反の事実が認められたので、本日、内閣総理大臣及び金融庁長官に対して、金融庁設置法第２０条第１項の規定に基づき、課徴金納付命令を発出するよう勧告を行った。 ２．法令違反の事実関係 課徴金納付命令対象者は、株式会社ジェイプロジェクトの株式につき、同株式の売買を誘引する目的をもって、平成２１年１２月１５日午前１０時１５分ころから同月１７日午後２時３４分ころまでの間、３取引日にわたり、成行、あるいは高指値で買い注文を発注して高値で約定させたり、成行、あるいは高指値で買い注文と売り注文を同時期に発注して対当させて株価を引き上げるなどの方法により、同株式合計５１株の買付け及び同株式合計１８株の売付けを行い、同株式の株価を６万２５００円から６万８７００円まで引き上げるなどし、もって、自己の計算において、同株式の売買等が繁盛であると誤解させ、かつ、同株式の相場を変動させるべき一連の売買をしたものである。 同人が行った上記の行為は、金融商品取引法第１７４条の２第１項に規定する「第１５９条第２項第１号の規定に違反する一連の有価証券売買等」の違反行為に該当すると認められる。 ３．課徴金の額の計算 上記の違法行為に対し金融商品取引法に基づき納付を命じられる課徴金の額は、５２万円である。 計算方法の詳細については、別紙のとおり。 （別紙） ○ 課徴金の額の計算方法について １．金融商品取引法第１７４条の２第１項に基づき、課徴金の額は、 (1) 売買対当数量（注１）に係るものについて、 （有価証券の売付価額）－（有価証券の買付価額） と、 (2) 当該違反行為に係る有価証券の買付数量が売付数量を超える場合の、当該超える数量に係るものについて、 （当該違反行為が終了してから１月を経過するまでの間の各日における当該有価証券の最高価格のうち最も高い価格×当該超える数量）－（有価証券の買付価額） との合計額として計算される。 （注１）売買対当数量：当該違反行為に係る有価証券の売付数量と買付数量のうち、いずれか少ない数量をいう。 ２．本件における課徴金の額は、下記(1)及び(2)によりそれぞれ算定される額の合計527,300円 ⇒課徴金の額は１万円未満を切り捨てるため、 ５２万円 (1) 当該違反行為に係る売買対当数量は、 (i) 当該違反行為に係る有価証券の売付数量は、18株であり、 (ii)当該違反行為に係る有価証券の買付数量は、実際の買付け等の数量51株に、金融商品取引法第１７４条の２第８項及び同法施行令第３３条の１３第１号により、違反行為開始時にその時の価格（63,000円）で買付け等をしたものとみなされる当該違反行為の開始時に所有している当該有価証券の数量66株を加えた117株である ことから、18株となる。 当該売買対当数量に係るものについて、 売付価額1,200,400円（注２）－買付価額1,134,000円（注３、４） ＝66,400円 （注２）売付価額は、 「65,000円×7株＋65,500円×1株＋66,900円×1株＋67,000円×1株＋67,400円×1株 ＋67,500円×1株＋68,000円×1株＋68,500円×2株＋68,700円×3株」 の合計額である。 （注３）買付価額は、「63,000円×18株」の額である。 （注４）買付価額の算定においては、金融商品取引法施行令第３３条の１４第５項の規定により、当該違反行為に係る有価証券の買付けのうち最も早い時期に行われたものから順次当該売買対当数量に達するまで割り当てることとなる。 本件においては、違反行為の開始時点において所有しており、金融商品取引法第１７４条の２第８項及び同法施行令第３３条の１３第１号の規定により、違反行為の開始時点にその時における価格（63,000円）で買い付けたものとみなされるもの（みなし買付け）が、当該売買対当数量を超えるため、すべてみなし買付け分が割り当てられることとなる。 (2) 上記(1)のとおり、当該違反行為に係る有価証券の買付数量が、売付数量を超えることから、 当該超える数量99株（117株－18株）について、 当該違反行為が終了してから１月を経過するまでの間の各日における当該有価証券の最高価格のうち最も高い価格（69,000円）に当該超える数量を乗じて得た額 6,831,000円（69,000円×99株）－買付価額6,370,100円（注３） ＝460,900円 （注３）買付価額は、 「63,000円×51株＋64,000円×5株＋64,200円×1株＋64,500円×7株＋64,700円×1株 ＋65,000円×10株＋65,500円×1株＋65,900円×4株＋66,000円×3株＋66,400円×1株 ＋66,500円×1株＋66,900円×2株＋67,000円×2株＋67,400円×1株＋67,500円×3株 ＋68,000円×4株＋68,300円×1株＋68,700円×1株」 の合計額である。"
2012-07-10,株式会社ホッコク,,株式会社ホッコクに係る有価証券報告書等の虚偽記載に係る課徴金納付命令勧告について（平成24年7月10日）,https://www.fsa.go.jp/sesc/news/c_2012/2012/20120710-1.html,"平成２４年７月１０日 証券取引等監視委員会 株式会社ホッコクに係る有価証券報告書等の虚偽記載に係る課徴金納付命令勧告について １．勧告の内容 証券取引等監視委員会は、株式会社ホッコクに係る有価証券報告書等の虚偽記載について検査した結果、以下のとおり法令違反の事実が認められたので、本日、内閣総理大臣及び金融庁長官に対して、金融庁設置法第２０条第１項の規定に基づき、課徴金納付命令を発出するよう勧告を行った。 ２．法令違反の事実関係 (1) 株式会社ホッコクは、関東財務局長に対し、架空売上の計上等により、別添のとおり、金融商品取引法第１７２条の４第１項及び第２項に規定する「重要な事項につき虚偽の記載がある」有価証券報告書等を提出したものである。 (2) 株式会社ホッコクは、関東財務局長に対し、 (i) 平成２２年８月３日、重要な事項につき虚偽の記載がある平成２２年３月期有価証券報告書（別添番号欄３参照）を組込情報とする有価証券届出書（新株予約権証券）を提出し、同有価証券届出書に基づく募集により、同年８月１９日、４４３個の新株予約権証券を６２，７６７，３４１円（新株予約権の行使に際して払い込むべき金額を含む。）で取得させ、 (ii)平成２２年８月３日、重要な事項につき虚偽の記載がある平成２２年３月期有価証券報告書（別添番号欄３参照）を組込情報とする有価証券届出書（普通株式）を提出し、同有価証券届出書に基づく募集により、同年８月１９日、２，８７７，０００株の株式を３９９，９０３，０００円で取得させた。 同社が行った上記の行為は、金融商品取引法第１７２条の２第１項第１号に規定する「重要な事項につき虚偽の記載がある」発行開示書類に基づく募集により有価証券を取得させた行為に該当すると認められる。 ３．課徴金の額の計算 上記の違法行為に対し金融商品取引法に基づき納付を命じられる課徴金の額は、２，６８１万円である。 (1) 金融商品取引法第１７２条の４第１項及び第２項の規定により、平成２１年９月第２四半期四半期報告書、平成２１年１２月第３四半期四半期報告書及び平成２２年３月期有価証券報告書に係る課徴金について、個別決定ごとの算出額は、 (i) 当該法人が発行する算定基準有価証券の市場価額の総額に１０万分の６を乗じて得た額 （平成２１年９月第２四半期四半期報告書 117,101円 平成２１年１２月第３四半期四半期報告書 97,481円 平成２２年３月期有価証券報告書 105,164円） が (ii)6,000,000円 を超えないことから、 平成２１年９月第２四半期四半期報告書については、6,000,000円の２分の１に相当する額である3,000,000円 平成２１年１２月第３四半期四半期報告書については、6,000,000円の２分の１に相当する額である3,000,000円 平成２２年３月期有価証券報告書については、6,000,000円 となる。 ここで、これらの書類が同一の事業年度に係るものであることから、金融商品取引法第１８５条の７第６項の規定により、下記のとおり６００万円を個別決定ごとの算出額に応じて按分した金額が課徴金の額となる。 平成２１年９月第２四半期四半期報告書に係る課徴金の額は 1,500,000円 平成２１年１２月第３四半期四半期報告書に係る課徴金の額は 1,500,000円 平成２２年３月期有価証券報告書に係る課徴金の額は 3,000,000円 (2) 金融商品取引法第１７２条の２第１項第１号の規定により、重要な事項につき虚偽の記載がある発行開示書類に基づく募集により取得させた株券等の発行価額の総額の１００分の４．５に相当する額が課徴金の額となることから、 (i) 平成２２年８月３日提出の有価証券届出書（新株予約権証券）に係る課徴金の額は、 62,767,341円×4.5／100＝2,824,530円 について、金融商品取引法第１７６条第２項の規定により１万円未満の端数を切り捨てて、2,820,000円 (ii)平成２２年８月３日提出の有価証券届出書（普通株式）に係る課徴金の額は、 399,903,000円×4.5／100＝17,995,635円 について、金融商品取引法第１７６条第２項の規定により１万円未満の端数を切り捨てて、17,990,000円 となる。 （別添）株式会社ホッコクの有価証券報告書等の虚偽記載内容 番号 開示書類 虚偽記載 提出日 書類 会計期間 財務計算に 関する書類 内容（注） 事由 １ 平成21年 11月16日 第42期事業年度第2四半期連結会計期間に係る四半期報告書（平成21年9月第2四半期四半期報告書） 平成21年4月1日～平成21年9月30日の第2四半期連結累計期間 四半期連結 損益計算書 連結四半期純損益が283百万円以上の損失であるところを45百万円の損失と記載 架空売上の計上 ２ 平成22年 2月15日 第42期事業年度第3四半期連結会計期間に係る四半期報告書（平成21年12月第3四半期四半期報告書） 平成21年4月1日～平成21年12月31日の第3四半期連結累計期間 四半期連結 損益計算書 連結四半期純損益が398百万円以上の損失であるところを161百万円の損失と記載 架空売上の計上 等 ３ 平成22年 6月28日 第42期事業年度連結会計期間に係る有価証券報告書（平成22年３月期有価証券報告書） 平成21年4月1日～平成22年3月31日の連結会計期間 連結 損益計算書 連結経常損益が382百万円以上の損失であるところを116百万円の損失と記載 連結当期純損益が1,209百万円以上の損失であるところを942百万円の損失と記載 架空売上の計上 等 （注）金額は百万円未満切捨てである。"
2012-07-06,,,「金融商品取引法における課徴金事例集」の公表について （平成24年7月6日）,https://www.fsa.go.jp/sesc/news/c_2012/2012/20120706-1.html,"平成２４年７月６日 証券取引等監視委員会 「金融商品取引法における課徴金事例集」の公表について 証券取引等監視委員会では、「金融商品取引法における課徴金事例集」について、 別紙（PDF:6,818KB） のとおり取りまとめましたので、公表します。 本事例集は、市場参加者に課徴金制度への理解を深めてもらうため、課徴金納付命令勧告を行った事案の概要に、事例ごとの特色などについて説明を加えて取りまとめ、公表しているものです。こうした事例集の公表は、５回目となります。 今回の事例集は、証券取引等監視委員会の勧告に基づき、平成23年５月から平成24年５月までの間に課徴金納付命令が発せられ、取消しの訴えの出訴期間が経過した（取消しの訴えがあり、現在係争中のものを除く。）課徴金事例（26事例）を記載しました。 内訳は、 内部者取引に係るもの13事例 相場操縦に係るもの４事例 開示書類の虚偽記載に係るもの７事例 開示書類の不提出に係るもの２事例 です。 証券取引等監視委員会は、本事例集が、市場監視行政の透明性を高め、市場参加者の自主的規律の促進、証券市場における取引の公正や適正開示の実現に役立つことを期待しています。 過去の課徴金事例集はこちら"
2012-06-29,ジャパン・アドバイザリー合同会社,,ジャパン・アドバイザリー合同会社に対する検査結果に基づく勧告について（平成24年6月29日）,https://www.fsa.go.jp/sesc/news/c_2012/2012/20120629-1.html,平成２４年６月２９日 証券取引等監視委員会 ジャパン・アドバイザリー合同会社に対する検査結果に基づく勧告について １．勧告の内容 証券取引等監視委員会は、ジャパン・アドバイザリー合同会社（以下「当社」という。）による内部者取引について検査した結果、下記のとおり法令違反の事実が認められたので、本日、内閣総理大臣及び金融庁長官に対して、金融庁設置法第２０条第１項の規定に基づき、課徴金納付命令を行うことの勧告及び行政処分を行うことの勧告を行った。 ２．法令違反の事実関係 (１) 内部者取引規制に違反した行為 当社は，投資助言・代理業を行うことにつき，内閣総理大臣の登録を受けている会社であるが，当社は投資運用業を行うことにつき登録を受けることなく実質的にその顧客の資産に関する投資運用業をしており、当社の代表社員の主導により、国内の多数の証券会社に対して積極的な情報提供を求め、当社に対する情報提供の頻度・貢献度に応じて各証券会社を評価し、その評価を各証券会社に実際に提示した上で、評価に応じて取引発注分量・手数料率を決定するなどし、各証券会社を競わせることにより、各証券会社に対する影響力を強め、法人関係情報を含めた様々な情報の提供を慫慂してきたと認められる。当社は、外国籍の２つのヘッジファンドの財産を実質的に運用していたところ、当該運用を行っていた当社社員が、平成２２年８月２０日に、日本板硝子株式会社と株式引受契約の締結に向けた交渉を行っていた証券会社の社員甲から、同証券会社の他の社員乙らが交渉に関して知り、甲がその職務に関し知った、日本板硝子の業務執行を決定する機関が株式の募集を行うことについての決定をした旨の事実の伝達を受けながら，この事実が公表された平成２２年８月２４日より前の平成２２年８月２０日に、上記外国籍ヘッジファンドの計算において、日本板硝子の株式合計２６５万３０００株を売付価額５億４１７８万６５３２円で売り付けたものである。 当社の行為は、金融商品取引法第１７５条第１項に規定する「第１６６条第１項又は第３項の規定に違反して、同条第１項に規定する売買等をした」行為に該当すると認められる。 課徴金の額の計算 上記の違法行為に対し金融商品取引法に基づき納付を命じられる課徴金の額は、３７万円である。 計算方法の詳細については、 別紙 のとおり。 (２) 無登録で投資運用業を営んだ行為 当社は、投資助言・代理業を行うことにつき内閣総理大臣の登録を受けていた会社であり、当社は、海外所在の運用会社との間で、投資助言契約を締結し、当該運用会社が投資判断を一任されるとともに必要な権限を委任されていた外国籍の２つのヘッジファンドその他の顧客の財産に関し、当該運用会社に対して投資助言を行っているとしているが、実際には投資運用業を行うことにつき内閣総理大臣の登録を受けることなく、当該運用会社から当社にその投資判断を再委任されるとともに、当該投資判断に基づき上記外国籍ヘッジファンドその他の顧客のため投資を行うのに必要な権限を再委任されることを内容とする契約を締結し、当該契約に基づき、当社の代表者を含む複数の運用担当者が、遅くとも平成２２年６月以降、上記外国籍ヘッジファンドその他の顧客の財産の運用として、反復継続して上場株式の売買を行っていた状況が認められた。 当社の行為は、金融商品取引法第２８条第４項に規定する「投資運用業」に該当するものであり、当社は、その代表社員の関与の下、組織的に、同法第３１条第４項に基づく変更登録を受けることなく、投資助言という名目で、潜脱的に無登録で「投資運用業」を反復継続的に行っていたものであり、同法第２９条に違反するものと認められる。 (３) 法人関係情報に係る不公正な取引の防止を図るために必要かつ適切な措置を講じていないと認められる状況 当社は、関東財務局長から、平成２０年１２月１２日付で法人関係情報の管理に係る内部管理態勢が機能していない状況及び法人関係情報を利用した助言を行ったものとして、法人関係情報の管理に関する内部管理態勢の整備を図ること等及びこれらについて改善策を提出することを内容とする業務改善命令を受け、平成２１年１月１６日付で改善報告書を提出し、当該報告書において「助言記録を毎日検証し、法人関係情報のある銘柄の取引がないことを確認する」旨を報告している。 しかしながら、当社においては、上記報告書提出以降も、当社の社内システムを用いた助言以外の電話等を用いた助言について、法令に反して助言記録を作成・保存していないところ、助言記録が適切に作成されない状況においては法人関係情報のある銘柄の取引の有無を確認することは事実上不可能である。このとおり、当社は、自身が提出した改善報告書に記載した改善策を何ら履行しておらず、金融商品取引法令及び当局の業務改善命令を軽視する姿勢において甚だしく、法人関係情報の管理に係る内部管理態勢につき、改善が著しく不十分で、法人関係情報を利用した銘柄の取引がなされるおそれが全く排除されていない状況で取引が継続されている状況が認められた。 当社における上記の業務の運営の状況は、金融商品取引法第４０条第２号に基づく金融商品取引業等に関する内閣府令第１２３条第１項第５号に規定する「法人関係情報に係る不公正な取引の防止を図るために必要かつ適切な措置を講じていないと認められる状況」に該当するものと認められる。 上記のとおり、(I)当社が、投資助言という名目で潜脱的に投資運用業を行っていること、(II)(I)の結果形式的に内部者取引規制に抵触しない外観になっている状況において、当社が、各証券会社に対する影響力を強めて法人関係情報を含めた様々な情報を提供するよう慫慂しつつ内部者取引を行った点につき重大な悪質性が認められること、ならびに、(III)当社の金融商品取引法令及び当局の業務改善命令を軽視する姿勢において甚だしく、法人関係情報に係る不公正な取引の防止を図るために必要かつ適切な措置を講じていないと認められる状況が継続していること、を併せ考えると、このような状況は、我が国の市場の公正性・信頼性を著しく損ねており、公益及び投資者保護の観点から緊急に是正を要するものと認められる。 別紙 (１) 金融商品取引法第１７５条第１項第３号・金融商品取引法第六章の二の規定による課徴金に関する内閣府令第１条の２１第１項第１号の規定により、金融商品取引法第１７５条第１項第３号に規定する売買をした者（以下「違反者」という。）が運用財産の運用として当該売買を行った場合、（ア）当該売買が行われた月について違反者に当該運用財産の運用の対価として支払われ、又は支払われるべき金銭その他の財産の価額の総額に、（イ）当該売買が行われた日からその月の末日までの間の当該運用財産である当該売買の銘柄の総額のうち最も高い額を乗じ、（ウ）当該取引が行われた月の末日における当該運用財産の総額で除した額。 本件では、対象となる取引は、２つの運用財産の運用として行われているため、各運用財産について課徴金額を計算し、それらを合計する金額になる。 運用財産(I)について （ア）３７，０８３，３７５円×（イ）３９７，４８８，０００円 ÷（ウ）５５，３５４，３１０，７７０円 =　２６６，２８８円 運用財産(II)について （ア）１６，０３３，２２２円×（イ）１５４，３３６，０００円 ÷（ウ）２２，７２３，５８５，７２０円 =　１０８，８９５円 合計　２６６，２８８円＋１０８，８９５円＝３７５，１８３円 (２) 金融商品取引法第１７６条第２項の規定により、上記(１)で計算した額の１万円未満の端数を切捨て。
2012-06-29,,,証券取引等監視委員会の事務処理状況の公表について（平成24年6月29日）,https://www.fsa.go.jp/sesc/reports/n_23/n_23.html,"平成２４年６月２９日 証券取引等監視委員会 証券取引等監視委員会の事務処理状況の公表について 証券取引等監視委員会は、発足以来毎年、事務処理状況を公表していますが、今回は、その20回目として、平成23年４月１日から同24年３月31日までの期間における事務の処理状況を「証券取引等監視委員会の活動状況」として公表します。 「証券取引等監視委員会の活動状況」の本文へ 本文 （PDF/3,583KB） 附属資料 （PDF/2,546KB） 全文一括印刷用 （PDF/2,213KB）"
2012-06-22,大万証券株式会社,,大万証券株式会社に対する検査結果に基づく勧告について（平成24年6月22日）,https://www.fsa.go.jp/sesc/news/c_2012/2012/20120622-1.html,平成２４年６月２２日 証券取引等監視委員会 大万証券株式会社に対する検査結果に基づく勧告について １．勧告の内容 東海財務局長が大万証券株式会社（愛知県名古屋市、資本金３億円、常勤役職員５２名、第一種金融商品取引業）を検査した結果、下記のとおり、当該金融商品取引業者及びその使用人に係る法令違反の事実が認められたので、本日、証券取引等監視委員会は、内閣総理大臣及び金融庁長官に対して、金融庁設置法第 ２０条第１項の規定に基づき、行政処分及び適切な措置を講ずるよう勧告した。 ２．事実関係 (１)報告徴取命令に対する事実と異なる報告 大万証券株式会社（以下「当社」という。）は、平成２３年２月２日、東海財務局長（以下「当局」という。）から、当社営業員に法令等に反する行為が認められたとして金融商品取引法（以下「金商法」という。）第５６条の２第１項の規定に基づく報告徴取命令を受け、当該法令等違反の再発防止のための改善・対応策等（以下「改善・対応策」という。）をとりまとめた報告書（以下「報告書」という。）を、平成２３年３月２日、同年６月２日、同年９月２日に当局に提出している。 今回検査において、報告書の内容を検証したところ、以下のとおり事実と異なる報告を行っていたことが認められた。 イ報告書においては、平成２２年５月開催の営業・コンプライアンス会議で指示した面談基準に該当する顧客に対し顧客面談を実施したとする改善・対応策について、実施内容を「対象者１６４名、面談済み１６４名」としているが、実際には、当該会議で指示した面談基準に該当する対象者は２８４名であり、顧客面談を実施済みの者は１８５名であった。 ロ報告書においては、証券担保ローン利用顧客に対して当社代表取締役社長が半年に１回面談を実施するとした改善・対応策について、「社長が別紙（５名）のとおり行いました。」としているが、実際には、当社代表取締役社長が面談した顧客は１名であった。 当社は、当局による報告徴取命令を受けた改善・対応策の実施及び報告書作成の業務を全て内部管理統括責任者に担当させていたが、他の社員による検証等や経営陣における改善・対応策の実施の確認、検討が行われておらず、会社として牽制が機能していない状況にあり、当社における金融商品事故等の防止態勢は極めて不十分である。 当社が行った上記イ及びロの行為は、金商法第５６条の２第１項に基づく報告徴取命令に違反しており、かかる当社の行為は、同法第５２条第１項第６号に該当するものと認められる。 (２)損失の補てん及び利益の追加のために財産上の利益を提供する行為等 イ当社本店営業部外務員（以下「外務員Ａ」という。）の顧客が平成 ２２年９月７日に当社で信用取引の口座を開設し、以後、外務員Ａは、顧客から売買の別、銘柄、数及び価格のすべてを任され、同 ２３年３月２３日まで信用取引を中心に株式取引を行っている。 ロ上記状況において、外務員Ａは、当該顧客の取引口座へ銀行振込を１２回（合計約３４万円）行っており、これは、信用取引建玉の評価損発生による信用取引保証金の預託不足及び信用取引決済損金が生じた際の損失補てん（約１１万円）並びに品受代金への充当等のための財産上の利益の提供(約２２万円)であると認められる。 外務員Ａが行った上記イの行為は、金商法第６４条の５第１項第２号に規定する「外務員の職務に関して著しく不適当な行為をしたと認められるとき」に該当するものと認められ、また、上記ロの行為は、同法第３９条第１項第３号に規定する「有価証券売買取引等につき、当該有価証券等について生じた顧客の損失の全部若しくは一部を補てんし、又はこれらについて生じた顧客の利益に追加するため、当該顧客に対し、財産上の利益を提供する行為」に該当するものと認められる。 （参考条文） ○ 金融商品取引法（昭和23年法律第25号）（抄） （損失補てん等の禁止） 第三十九条　金融商品取引業者等は、次に掲げる行為をしてはならない。 一・二　（略） 三 有価証券売買取引等につき、当該有価証券等について生じた顧客の損失の全部若しくは一部を補てんし、又はこれらについて生じた顧客の利益に追加するため、当該顧客又は第三者に対し、財産上の利益を提供し、又は第三者に提供させる行為 ２～５　（略） （金融商品取引業者に対する監督上の処分） 第五十二条　内閣総理大臣は、金融商品取引業者が次の各号のいずれかに該当する場合においては、当該金融商品取引業者の第二十九条の登録を取り消し、第三十条第一項の認可を取り消し、又は六月以内の期間を定めて業務の全部若しくは一部の停止を命ずることができる。 一～五　（略） 六 金融商品取引業又はこれに付随する業務に関し法令（第四十六条の六第二項を除く。）又は法令に基づいてする行政官庁の処分に違反したとき。 七～十一　（略） ２～５　（略） （報告の徴取及び検査） 第五十六条の二 内閣総理大臣は、公益又は投資者保護のため必要かつ適当であると認めるときは、金融商品取引業者等 、これと取引をする者、当該金融商品取引業者等（登録金融機関を除く。）がその総株主等の議決権の過半数を保有する銀行等（以下この項において「子特定法人」という。）、当該金融商品取引業者等を子会社（第二十九条の四第三項に規定する子会社をいう。以下この条において同じ。）とする持株会社（私的独占の禁止及び公正取引の確保に関する法律第九条第四項第一号に規定する持株会社をいう。以下この条において同じ。）若しくは当該金融商品取引業者等から業務の委託を受けた者 に対し当該金融商品取引業者等の業務若しくは財産に関し参考となるべき報告若しくは資料 （当該子特定法人にあつては、当該金融商品取引業者等（登録金融機関を除く。）の財産に関し参考となるべき報告又は資料に限る。） の提出を命じ 、又は当該職員に当該金融商品取引業者等、当該子特定法人、当該金融商品取引業者等を子会社とする持株会社若しくは当該金融商品取引業者等から業務の委託を受けた者の業務若しくは財産の状況若しくは帳簿書類その他の物件の検査（当該子特定法人にあつては当該金融商品取引業者等（登録金融機関を除く。）の財産に関し必要な検査に、当該金融商品取引業者等を子会社とする持株会社又は当該金融商品取引業者等から業務の委託を受けた者にあつては当該金融商品取引業者等の業務又は財産に関し必要な検査に限る。）をさせ ることができる。 ２～４　（略） （外務員に対する監督上の処分） 第六十四条の五 内閣総理大臣は、登録を受けている外務員が次の各号のいずれかに該当する場合においては、その登録を取り消し、又は二年以内の期間を定めてその職務の停止を命ずることができる。 一　（略） 二　金融商品取引業（登録金融機関にあつては、登録金融機関業務）のうち第六十四条第一項各号に掲げる行為を行う業務又はこれに付随する業務に関し法令に違反したとき、 その他外務員の職務に関して著しく不適当な行為をしたと認められるとき。 三　（略） ２・３　（略）
2012-06-19,ＦＸＣＭジャパン証券株式会社,,ＦＸＣＭジャパン証券株式会社に対する検査結果に基づく勧告について（平成24年6月19日）,https://www.fsa.go.jp/sesc/news/c_2012/2012/20120619-1.html,平成２４年６月１９日 証券取引等監視委員会 ＦＸＣＭジャパン証券株式会社に対する検査結果に基づく勧告について １．勧告の内容 関東財務局長がＦＸＣＭジャパン証券株式会社（東京都千代田区、資本金２５億円、役職員３６名、第一種及び第二種金融商品取引業）を検査した結果、下記のとおり、当該金融商品取引業者に係る法令違反の事実が認められたので、本日、証券取引等監視委員会は、内閣総理大臣及び金融庁長官に対して、金融庁設置法第２０条第１項の規定に基づき、行政処分を行うよう勧告した。 ２．事実関係 (１)業務運営に関し重大な問題が認められる状況 ＦＸＣＭジャパン証券株式会社（以下「当社」という。）は、インターネットを経由した通貨関連店頭デリバティブ取引（以下「ＦＸ取引」という。）を主たる業務としており、当社の米国籍のグループ会社（以下「外部委託先」という。）が提供するシステム（以下「ＦＸシステム」という。）を使用して業務を行っている。 イシステムの管理及び運用状況に重大な問題が認められる状況 当社は、システム障害発生時に必要な対応手順及び手段を具体的に定めておらず、また、ＦＸシステムの管理及び運用についても、金融商品取引業者として、その業務の根幹をなすＦＸシステムの基本的な内容すら把握していない状況にある。 更に、当社では、本来約定すべきレートと異なるレートで約定が成立するなどのシステム障害を含む様々なシステム上の問題（以下「システム上の諸問題」という。）が繰り返し発生しており、このなかには発生原因が把握されていないものも認められている。当社は、こうしたシステム障害への対応について、外部委託先の調査結果をそのまま受け入れるのみであり、システム障害が顧客に与える影響やその発生原因について主体的に調査・検証を行っていないなどの状況にある。 したがって、当社では、今後も同様のシステム上の諸問題が発生する可能性が十分にあり、顧客取引に影響を与えかねない状況となっているものと認められる。更に、当社において重大なシステム上の諸問題が発生した場合、当社で適切に対応することは困難な状況となっているものと認められる。 ロ顧客対応が杜撰な状況 上記イのとおり、当社においては、システム上の諸問題が繰り返し発生しているが、当社は、システム上の諸問題に係る顧客対応について、顧客からの照会・苦情があったものについてのみ対応し、他の関係する顧客に対し必要な対応を取っていない事例が認められた。 また、当社のＦＸ取引のカバー先でもある外部委託先が、ＦＸ取引において発生したスリッページに関し不当な取扱いを行ったとして米国内で処分を受けたが、当社は、その影響が当社顧客へも及んでいるにもかかわらず、当社の責任につき問題意識を持つことなく、特段の顧客対応を取っていない。 このように、当社は、システム上の諸問題等に伴う顧客対応について主体的に取り組んでおらず、関係する顧客に対し必要な対応を取っていないものが多数認められ、本来であれば訂正処理等を行うべき顧客取引を放置しているなどの状況が認められた。 当社における上記イの状況は、当社の業務の根幹をなすＦＸシステムについて基本的な内容すら把握しておらず、システム上の諸問題についても、当社には主体的に原因究明等を行う姿勢が認められず、今後、当社において重大なシステム上の諸問題が発生した場合、当社で適切に対応することは困難な状況にあるなど、当社のシステム管理及び運用の状況には重大な問題が認められることから、金融商品取引法（以下「金商法」という。）第４０条第２号に基づく金融商品取引業等に関する内閣府令（以下「業府令」という。）第１２３条第１項第１４号に規定する「金融商品取引業等に係る電子情報処理組織の管理が十分でないと認められる状況」に該当するものと認められる。 また、当社における上記ロの状況は、システム上の諸問題等に伴う顧客対応について主体的に取り組んでおらず、当社の顧客対応は極めて杜撰であり、投資者保護上、重大な問題が認められることから、金商法第５１条に規定する「金融商品取引業者の業務の運営に関し、公益又は投資者保護のため必要かつ適当であると認めるとき」に該当するものと認められる。 (２)顧客に必要証拠金の不足額を預託させることなく、ＦＸ取引に係る契約を継続する行為 当社は、平成２３年８月１日から検査基準日（同年１１月１６日）までの間に、営業日ごとの一定の時刻におけるＦＸ取引に係る預託証拠金額が取引に必要な預託額を下回っている顧客について、合理的な期間を超えても追加証拠金の入金等がないまま取引を継続させている事例が５５顧客５７件認められた。 当社による上記の行為は、金商法第３８条第７号に基づく業府令第１１７条第１項第２８号に規定する「その営業日ごとの一定の時刻における通貨関連デリバティブ取引に係る証拠金等の実預託額が維持必要預託額に不足する場合に速やかに当該通貨関連デリバティブ取引に係る顧客にその不足額を証拠金等預託先に預託させることなく、当該通貨関連デリバティブ取引に係る契約を継続する行為」に該当するものと認められる。 （参考条文） ○ 金融商品取引法（昭和23年法律第25号）（抄） （禁止行為） 第三十八条　金融商品取引業者等又はその役員若しくは使用人は、 次に掲げる行為をしてはならない 。（略） 一～六　（略） 七　前各号に掲げるもののほか、投資者の保護に欠け、若しくは取引の公正を害し、又は金融商品取引業の信用を失墜させるものとして 内閣府令で定める行為 （適合性の原則等） 第四十条　金融商品取引業者等は、業務の運営の状況が 次の各号のいずれかに該当することのないように、その業務を行わなければならない 。 一　（略） 二　前号に掲げるもののほか、業務に関して取得した顧客に関する情報の適正な取扱いを確保するための措置を講じていないと認められる状況、その他業務の運営の状況が公益に反し、又は投資者の保護に支障を生ずるおそれがあるものとして 内閣府令で定める状況にあること 。 （金融商品取引業者に対する業務改善命令） 第五十一条　内閣総理大臣は、 金融商品取引業者の業務の運営又は財産の状況に関し、公益又は投資者保護のため必要かつ適当であると認めるときは 、その必要の限度において、当該金融商品取引業者に対し、 業務の方法の変更その他業務の運営又は財産の状況の改善に必要な措置をとるべきことを命ずることができる 。 ○ 金融商品取引業等に関する内閣府令（平成19年内閣府令第52号）（抄） （禁止行為） 第百十七条　法第三十八条第七号に規定する内閣府令で定める行為は、次に掲げる行為とする。 一～二十七　（略） 二十八　その営業日ごとの一定の時刻における通貨関連デリバティブ取引に係る証拠金等の実預託額が 維持必要預託額に不足する場合に速やかに当該通貨関連デリバティブ取引に係る顧客にその不足額を証拠金等預託先に預託させることなく、当該通貨関連デリバティブ取引に係る契約を継続する行為 （前号に掲げる行為を除く。） （以下、略） （業務の運営の状況が公益に反し又は投資者の保護に支障を生ずるおそれがあるもの） 第百二十三条　法第四十条第二号に規定する内閣府令で定める状況は、次に掲げる状況とする。 一～十三　（略） 十四 金融商品取引業等に係る電子情報処理組織の管理が十分でないと認められる状況 （以下、略）
2012-06-19,AIJ投資顧問株式会社,,AIJ投資顧問株式会社による投資一任契約の締結に係る偽計事件の強制調査について（平成24年6月19日）,https://www.fsa.go.jp/sesc/news/c_2012/2012/20120619-2.html,平成２４年６月１９日 証券取引等監視委員会 AIJ投資顧問株式会社による投資一任契約の締結に係る偽計事件の強制調査について 証券取引等監視委員会は、本日（６月１９日）、金融商品取引法違反（投資一任契約の締結に係る偽計）の嫌疑で、ＡＩＪ投資顧問株式会社ほか関係先に対する強制調査を実施した。 （注）証券取引等監視委員会は、本年３月２３日、本件に係る初回の強制調査を実施 〔関連条文〕 金融商品取引法第38条の2第1号、第198条の3、第207条第1項第3号、 刑法第60条 法定刑：法人につき 3億円以下の罰金 個人につき 3年以下の懲役若しくは300万円以下の罰金、 又は併科
2012-06-01,ＮＯＫ株式会社,7240,ＮＯＫ株式会社社員及び同人からの情報受領者による内部者取引に対する課徴金納付命令の勧告について（平成24年6月1日）,https://www.fsa.go.jp/sesc/news/c_2012/2012/20120601-1.html,"平成２４年６月１日 証券取引等監視委員会 ＮＯＫ株式会社社員及び同人からの情報受領者による内部者取引に対する課徴金納付命令の勧告について １．勧告の内容 証券取引等監視委員会は、ＮＯＫ株式会社社員及び同人からの情報受領者による内部者取引について検査した結果、下記のとおり法令違反の事実が認められたので、本日、内閣総理大臣及び金融庁長官に対して、金融庁設置法第２０条第１項の規定に基づき、課徴金納付命令を発出するよう勧告を行った。 ２．法令違反の事実関係 課徴金納付命令対象者(１)は、ＮＯＫ株式会社（以下「ＮＯＫ」という。）の社員であったが、その職務に関し、同社の平成２３年３月期の連結当期純利益について、平成２２年５月１３日に公表された直近の予想値１４８億円に比較して、同社が新たに算出した予想値において投資者の投資判断に及ぼす影響が重要なものとして内閣府令で定める基準に該当する差異が生じた旨の事実（以下「本件重要事実」という。）を知りながら、新たに算出した予想値が２１７億円として公表された同年７月３０日午後３時より以前の同月２１日午前９時ころから同月３０日午後３時までの間に、自己の計算において、ＮＯＫの株式合計５万４０００株を買付価額合計７７５９万５０００円で買い付けたものである。 課徴金納付命令対象者(２)は、課徴金納付命令対象者(１)から、本件重要事実の伝達を受けながら、平成２２年７月２１日午前９時２分ころから同月２９日午後１時２３分ころまでの間に、自己の計算において、ＮＯＫの株式合計９００株を買付価額合計１３０万６９００円で買い付けたものである。 上記２名が行った上記の行為は、金融商品取引法第１７５条第１項に規定する「第１６６条第１項又は第３項の規定に違反して、同条第１項に規定する売買等をした」行為に該当すると認められる。 ３．課徴金の額の計算 上記の違法行為に対し、金融商品取引法に基づき納付を命じられる課徴金の額は、下記のとおりである。 課徴金納付命令対象者(１) ４２６万円 課徴金納付命令対象者(２) ５万円 計算方法の詳細については、別紙のとおり。 （別紙） ○ 課徴金の額の計算方法について 金融商品取引法第１７５条第１項に基づき、課徴金の額は、 （重要事実が公表された後２週間における最も高い価格）×（買付株数）－（買付価格）×（買付株数） となる。 したがって、重要事実の公表後２週間におけるＮＯＫの最も高い株価は、平成２２年８月３日の１，５１６円であることから、課徴金の額は下記の金額となる。 課徴金納付命令対象者(１) （１，５１６円×５４，０００株）－買付価額７７，５９５，０００円（注）＝４，２６９，０００円 ⇒課徴金の額は１万円未満を切り捨てるため、 ４２６万円 （注）買付価額は、 「1,365円×5,000株＋1,415円×5,000株＋1,423円×11,600株＋1,424円×1,000株＋1,425円×1,400株 ＋1,431円×5,000株＋1,441円×10,000株＋1,475円×100株＋1,476円×600株＋1,477円×900株 ＋1,478円×700株＋1,479円×3,500株＋1,480円×2,700株＋1,481円×1,900株＋1,482円×1,000株 ＋1,483円×3,600株」 の合計額である。 課徴金納付命令対象者(２) （１，５１６円×９００株）－買付価額１，３０６，９００円（注）＝５７，５００円 ⇒課徴金の額は１万円未満を切り捨てるため、 ５万円 （注）買付価額は、 「1,427円×100株＋1,431円×100株＋1,436円×100株＋1,449円×300株＋1,476円×300株」 の合計額である。"
2012-06-15,株式会社バンテック,,株式会社バンテック社員からの情報受領者による内部者取引に対する課徴金納付命令の勧告について（平成24年6月15日）,https://www.fsa.go.jp/sesc/news/c_2012/2012/20120615-1.html,"平成２４年６月１５日 証券取引等監視委員会 株式会社バンテック社員からの情報受領者による内部者取引に対する課徴金納付命令の勧告について １．勧告の内容 証券取引等監視委員会は、株式会社バンテック社員からの情報受領者による内部者取引について検査した結果、下記のとおり法令違反の事実が認められたので、本日、内閣総理大臣及び金融庁長官に対して、金融庁設置法第２０条第１項の規定に基づき、課徴金納付命令を発出するよう勧告を行った。 ２．法令違反の事実関係 課徴金納付命令対象者(１)及び(２)は、株式会社バンテック（以下「バンテック」という。）の社員Ａから、同社の役員Ｂが、同社と株式会社日立物流（以下「日立物流」という。）との間の公開買付け実施後のバンテックの経営体制等に関する合意に係る契約の締結の交渉に関し知り、その後、社員Ａがその職務に関し知った、日立物流の業務執行を決定する機関が、バンテック株式の公開買付けを行うことについての決定をした事実の伝達を受けながら、 課徴金納付命令対象者(１)においては、この事実が公表された平成２３年３月１０日より前の同年２月１７日から同月２２日までの間に、自己の計算において、バンテックの株式１０株を買付価額合計１２０万１２００円で買い付け、 課徴金納付命令対象者(２)においては、この事実が公表された平成２３年３月１０日より前の同年２月１７日から同月２１日までの間に、自己の計算において、バンテックの株式１０株を買付価額合計１２０万４０００円で買い付けたものである。 課徴金納付命令対象者が行った上記の行為は、金融商品取引法第１７５条第２項に規定する「第１６７条第１項又は第３項の規定に違反して、同条第１項に規定する特定株券等若しくは関連株券等に係る買付け等又は同項に規定する株券等に係る売付け等をした」行為に該当すると認められる。 ３．課徴金の額の計算 上記の違法行為に対し、金融商品取引法に基づき納付を命じられる課徴金の額は、下記のとおりである。 課徴金納付命令対象者(１)　１１２万円 課徴金納付命令対象者(２)　１１２万円 計算方法の詳細については、別紙のとおり。 （別紙） ○ 課徴金の額の計算方法について 金融商品取引法第１７５条第２項に基づき、課徴金の額は、 （公開買付け等の実施に関する事実が公表された後２週間における最も高い価格）×（買付株数）－（買付価格）×（買付株数） となる。 したがって、公開買付け等の実施に関する事実の公表後２週間におけるバンテックの最も高い株価は、平成２３年３月１４日の２３３，０００円であることから、課徴金の額は下記の金額となる。 課徴金納付命令対象者(１) （２３３，０００円×１０株）－買付価額１，２０１，２００円（注） ＝１，１２８，８００円 ⇒課徴金の額は１万円未満を切り捨てるため、 １１２万円 （注）買付価額は、「119,900円×3株＋120,000円×2株＋120,200円×1株＋120,300円×3株＋120,400円×1株」の合計額である。 課徴金納付命令対象者(２) （２３３，０００円×１０株）－買付価額１，２０４，０００円（注） ＝１，１２６，０００円 ⇒課徴金の額は１万円未満を切り捨てるため、 １１２万円 （注）買付価額は、「120,200円×6株＋120,700円×4株」の合計額である。"
2012-06-15,株式会社の株式につき,,出光興産株式に係る相場操縦に対する課徴金納付命令の勧告について（平成24年6月15日）,https://www.fsa.go.jp/sesc/news/c_2012/2012/20120615-2.html,平成２４年６月１５日 証券取引等監視委員会 出光興産株式に係る相場操縦に対する課徴金納付命令の勧告について １．勧告の内容 証券取引等監視委員会は、出光興産株式に係る相場操縦について検査した結果、下記のとおり法令違反の事実が認められたので、本日、内閣総理大臣及び金融庁長官に対して、金融庁設置法第２０条第１項の規定に基づき、課徴金納付命令を発出するよう勧告を行った。 ２．法令違反の事実関係 課徴金納付命令対象者は、出光興産株式会社の株式につき、同株式の売買を誘引する目的をもって、 別表（PDF:16KB） 記載のとおり、平成２３年２月２日午前１０時１０分ころから同年２月１８日午後２時５８分ころまでの間、９取引日にわたり、売り最良気配値より上の複数の価格帯に約定させる意思のない売り注文を合計３０万１９００株発注したり、買い最良気配値より下の複数の価格帯に約定させる意思のない買い注文を合計３１万６００株発注するとともに、合計２８万４０００株の売買を自己に有利な株価で約定させ、もって、自己の計算において、１２回にわたり、同株式の売買等が繁盛であると誤解させ、かつ、同株式の相場を変動させるべき一連の売買及び委託をしたものである。 同人が行った上記の行為は、金融商品取引法第１７４条の２第１項に規定する「第１５９条第２項第１号の規定に違反する一連の有価証券売買等」及び「その委託等」の違反行為に該当すると認められる。 ３．課徴金の額の計算 上記の違法行為に対し金融商品取引法に基づき納付を命じられる課徴金の額は、１６６万円である。 計算方法は、別紙のとおりであり、各違反行為に係る課徴金の額は 別表（PDF:16KB） のとおりである。 （別紙） ○ 課徴金の額の計算方法について １．金融商品取引法第１７４条の２第１項に基づき、課徴金の額は、 (１) 売買対当数量（注）に係るものについて、 （有価証券の売付価額）－（有価証券の買付価額） と、 (２) 当該違反行為に係る有価証券の売付数量が買付数量を超える場合の、当該超える数量に係るものについて、 （有価証券の売付価額）－（当該違反行為が終了してから１月を経過するまでの間の各日における当該有価証券の最低価格×当該超える数量） または、 当該違反行為に係る有価証券の買付数量が売付数量を超える場合の、当該超える数量に係るものについて、 （当該違反行為が終了してから１月を経過するまでの間の各日における当該有価証券の最高価格×当該超える数量）－（有価証券の買付価額） との合計額として計算される。 （注）売買対当数量：当該違反行為に係る有価証券の売付数量と買付数量のうち、いずれか少ない数量をいう。 ２．課徴金納付命令対象者の１２回の違反行為について、 (１) 各違反行為に係る有価証券の売付数量と買付数量が同じであることから、課徴金の額は、上記１．(１)により計算される。 (２) 金融商品取引法第１７６条第２項に基づき、各違反行為に係る課徴金の額は、１万円未満を切り捨てる。
2012-06-08,東京電力株式会社,9501,東京電力株式会社の契約締結交渉先の社員からの情報受領者による内部者取引に対する課徴金納付命令の勧告について（平成24年6月8日）,https://www.fsa.go.jp/sesc/news/c_2012/2012/20120608-1.html,"平成２４年６月８日 証券取引等監視委員会 東京電力株式会社の契約締結交渉先の社員からの情報受領者による内部者取引に対する課徴金納付命令の勧告について ※　本件は、金融庁において平成25年６月27日に課徴金納付命令決定を行いましたが、平成29年７月14日に 同決定は取り消されました 。 １．勧告の内容 証券取引等監視委員会は、東京電力株式会社の契約締結交渉先の社員からの情報受領者による内部者取引について検査した結果、下記のとおり法令違反の事実が認められたので、本日、内閣総理大臣及び金融庁長官に対して、金融庁設置法第２０条第１項の規定に基づき、課徴金納付命令を発出するよう勧告を行った。 ２．法令違反の事実関係 (1)First New York Securities L.L.C.は、米国証券取引委員会に登録をしている証券会社であるが、同社の自己の資産の運用を行っていた同社所属のトレーダーが、東京電力株式会社と株式引受契約の締結に向けた交渉を行っていた証券会社の社員甲から、同証券会社の他の社員乙らが交渉に関して知り、甲がその職務に関し知った、東京電力株式会社の業務執行を決定する機関が株式の募集を行うことについての決定をした事実の伝達を受け、この事実が公表された平成２２年９月２９日午後３時５０分より以前の平成２２年９月２８日に、First New York Securities L.L.C.の計算において、東京電力株式会社株式合計３万５０００株を総額８０５１万８９００円で売り付けたものである。 First New York Securities L.L.C.が行った上記の行為は、金融商品取引法第１７５条第１項に規定する「第１６６条第１項又は第３項の規定に違反して、自己の計算において同条第１項に規定する売買等をした」行為に該当すると認められる。 (2)課徴金納付命令対象者Xは、東京電力株式会社と株式引受契約の締結に向けた交渉を行っていた証券会社の社員甲から、同証券会社の他の社員乙らが交渉に関して知り、甲がその職務に関し知った、東京電力株式会社の業務執行を決定する機関が株式の募集を行うことについての決定をした事実の伝達を受け、この事実が公表された平成２２年９月２９日午後３時５０分より以前の平成２２年９月２７日から同月２９日までの間に、自己の計算において、東京電力株式会社株式合計２００株を総額４４万３１００円で売り付けたものである。 課徴金納付命令対象者Xが行った上記の行為は、金融商品取引法第１７５条第１項に規定する「第１６６条第１項又は第３項の規定に違反して、自己の計算において同条第１項に規定する売買等をした」行為に該当すると認められる。 ３．課徴金の額の計算 上記の違法行為に対し金融商品取引法に基づき納付を命じられる課徴金の額は、以下のとおりである。 First New York Securities L.L.C.につき、１４６８万円 課徴金納付命令対象者Xにつき、６万円 計算方法の詳細については、別紙のとおり。 別紙 (1)金融商品取引法第１７５条第１項に基づき、課徴金の額は、 （売付価格）×（売付株数）－（重要事実が公表された後２週間における最も低い価格）×（売付株数） となる。 したがって、重要事実の公表後２週間における東京電力の最も低い株価は、平成２２年１０月１３日の１８８１円であることから、課徴金の額は下記の金額となる。 ①First New York Securities L.L.C.について （2,291円×5,000株＋2,301円×5,000株＋2,302円×20,000株＋2,303円×1,100株＋2,304円×3,900株） －（1,881円×35,000株） ＝14,683,900円 ⇒課徴金の額は１万円未満を切り捨てるため、 1468万円 ②課徴金納付命令対象者Xについて （2,336円×100株＋2,095円×100株）－（1,881円×200株） ＝66,900円 ⇒課徴金の額は１万円未満を切り捨てるため、 6万円 (2) 金融商品取引法第１７６条第２項の規定により、上記(１)で計算した額の１万円未満の端数を切捨て。"
2012-04-27,,,平成24年度証券検査基本方針及び証券検査基本計画について（平成24年4月27日）,https://www.fsa.go.jp/sesc/news/c_2012/2012/20120427-2.html,平成２４年４月２７日 証券取引等監視委員会 平成24年度証券検査基本方針及び証券検査基本計画について 証券取引等監視委員会では、「平成24年度証券検査基本方針及び証券検査基本計画」を別紙のとおり策定しましたので公表いたします。 お問い合わせ先 証券取引等監視委員会　Tel　03-3506-6000（代表） 事務局証券検査課（内線：3051、3039） （別紙１）平成24年度証券検査基本方針及び証券検査基本計画の概要 (PDF/174KB) （別紙２）平成24年度証券検査基本方針及び証券検査基本計画 (PDF/348KB)
2012-05-29,日本板硝子株式会社,5202,日本板硝子株式会社の契約締結交渉先の社員からの情報受領者による内部者取引に対する課徴金納付命令の勧告について（平成24年5月29日）,https://www.fsa.go.jp/sesc/news/c_2012/2012/20120529-1.html,平成２４年５月２９日 証券取引等監視委員会 日本板硝子株式会社の契約締結交渉先の社員からの情報受領者による内部者取引に対する課徴金納付命令の勧告について １．勧告の内容 証券取引等監視委員会は、日本板硝子株式会社の契約締結交渉先の社員からの情報受領者による内部者取引について検査した結果、下記のとおり法令違反の事実が認められたので、本日、内閣総理大臣及び金融庁長官に対して、金融庁設置法第２０条第１項の規定に基づき、課徴金納付命令を発出するよう勧告を行った。 ２．法令違反の事実関係 あすかアセットマネジメント株式会社は、その締結した投資一任契約に基づき、当該契約の相手方がその資産を管理するファンドの資産の運用を行っていたところ、当該運用を行っていた同社社員が、日本板硝子株式会社と株式引受契約の締結に向けた交渉を行っていた証券会社の社員甲から、同証券会社の他の社員乙らが交渉に関して知り、甲がその職務に関し知った、日本板硝子株式会社の業務執行を決定する機関が株式の募集を行うことについての決定をした旨の事実の伝達を受け、この事実が公表されるより以前の平成２２年８月５日から同月２３日までの間、上記ファンドの計算において、日本板硝子株式会社株式合計２１５万株を総額４億６５３７万９９９５円で売り付けたものである。 ３．課徴金の額の計算 上記の違法行為に対し金融商品取引法に基づき納付を命じられる課徴金の額は、１３万円である。 計算方法の詳細については、別紙のとおり。 別紙 (1) 金融商品取引法第１７５条第１項第３号・金融商品取引法第六章の二の規定による課徴金に関する内閣府令第１条の２１第１項第１号の規定により、金融商品取引法第１７５条第１項第３号に規定する売買をした者（以下「違反者」という。）が運用財産の運用として当該売買を行った場合、（ア）当該売買が行われた月について違反者に当該運用財産の運用の対価として支払われ、又は支払われるべき金銭その他の財産の価額の総額に、（イ）当該売買が行われた日からその月の末日までの間の当該運用財産である当該売買の銘柄の総額のうち最も高い額を乗じ、（ウ）当該取引が行われた月の末日における当該運用財産の総額で除した額。 （ア）２３，２３６，４４１円×（イ）２６５，６５０，０００円 ÷（ウ）４４，７５６，３７０，０５４円 ＝１３７，９１９円 (2) 金融商品取引法第１７６条第２項の規定により、上記(１)で計算した額の１万円未満の端数を切捨て。
2012-05-29,株式会社みずほフィナンシャルグループ,8411,株式会社みずほフィナンシャルグループの契約締結交渉先の社員からの情報受領者による内部者取引に対する課徴金納付命令の勧告について（平成24年5月29日）,https://www.fsa.go.jp/sesc/news/c_2012/2012/20120529-2.html,平成２４年５月２９日 証券取引等監視委員会 株式会社みずほフィナンシャルグループの契約締結交渉先の社員からの情報受領者による内部者取引に対する課徴金納付命令の勧告について １．勧告の内容 証券取引等監視委員会は、株式会社みずほフィナンシャルグループの契約締結交渉先の社員からの情報受領者による内部者取引について検査した結果、下記のとおり法令違反の事実が認められたので、本日、内閣総理大臣及び金融庁長官に対して、金融庁設置法第２０条第１項の規定に基づき、課徴金納付命令を発出するよう勧告を行った。 ２．法令違反の事実関係 三井住友信託銀行株式会社は、平成２４年４月１日に同社との吸収合併により消滅した中央三井アセット信託銀行株式会社の業務を承継したものであるが、中央三井アセット信託銀行株式会社は、その締結する３つの投資一任契約に基づき、３つの顧客財産の運用を行っていたところ、当該運用を行っていた同社社員が、株式会社みずほフィナンシャルグループとの株式引受契約の締結に向けた交渉を行っていた証券会社の社員甲及び乙から、同証券会社の他の社員丙が交渉に関して知り、甲及び乙がその職務に関し知った、株式会社みずほフィナンシャルグループの業務執行を決定する機関が株式の募集を行うことについての決定をした旨の事実の伝達を受け、この事実が公表されるより以前の平成２２年６月２４日に、投資一任契約の相手方である各顧客の計算において、株式会社みずほフィナンシャルグループ株式合計１１７万８６００株を総額１億８４１８万１８２５円で売り付けたものである。 ３．課徴金の額の計算 上記の違法行為に対し金融商品取引法に基づき納付を命じられる課徴金の額は、８万円である。 計算方法の詳細については、別紙のとおり。 別紙 (1) 金融商品取引法第１７５条第１項第３号・金融商品取引法第六章の二の規定による課徴金に関する内閣府令第１条の２１第１項第１号の規定により、金融商品取引法第１７５条第１項第３号に規定する売買をした者（以下「違反者」という。）が運用財産の運用として当該売買を行った場合、（ア）当該売買が行われた月について違反者に当該運用財産の運用の対価として支払われ、又は支払われるべき金銭その他の財産の価額の総額に、（イ）当該売買が行われた日からその月の末日までの間の当該運用財産である当該売買の銘柄の総額のうち最も高い額を乗じ、（ウ）当該取引が行われた月の末日における当該運用財産の総額で除した額。 本件では、対象となる取引は、３つの運用財産の運用として行われているため、各運用財産について課徴金額を計算し、それらを合計する金額になる。 運用財産①について （ア）２，０４６，９３６円×（イ）２２１，１８４，２００円 ÷（ウ）３０，７３９，３２９，８０３円 ＝１４，７２９円 運用財産②について （ア）１３，９８２，４０２円×（イ）１７９，６４６，０００円 ÷（ウ）１０２，２１５，４７３，８２２円 ＝２４，５７４円 運用財産③について （ア）１３，５４１，７８２円×（イ）３０８，６６８，８００円 ÷（ウ）９５，６７５，８６４，４７６円 ＝４３，６８８円 合計　１４，７２９円＋２４，５７４円＋４３，６８８円＝８２，９９１円 (2) 金融商品取引法第１７６条第２項の規定により、上記(１)で計算した額の１万円未満の端数を切捨て。
2012-05-25,ＲＨインシグノ株式会社,,ＲＨインシグノ株式会社に係る有価証券報告書等の虚偽記載に係る課徴金納付命令勧告について（平成24年5月25日）,https://www.fsa.go.jp/sesc/news/c_2012/2012/20120525-2.html,"平成２４年５月２５日 証券取引等監視委員会 ＲＨインシグノ株式会社に係る有価証券報告書等の虚偽記載に係る課徴金納付命令勧告について １．勧告の内容 証券取引等監視委員会は、ＲＨインシグノ株式会社に係る有価証券報告書等の虚偽記載について検査した結果、以下のとおり法令違反の事実が認められたので、本日、内閣総理大臣及び金融庁長官に対して、金融庁設置法第２０条第１項の規定に基づき、課徴金納付命令を発出するよう勧告を行った。 ２．法令違反の事実関係 ＲＨインシグノ株式会社は、北海道財務局長に対し、のれんの過大計上による損失の過少計上等により、別添のとおり、金融商品取引法第１７２条の４第１項及び第２項に規定する「重要な事項につき虚偽の記載がある」有価証券報告書等を提出したものである。 ［虚偽記載の概要］ （単位：百万円） 【平成21年9月第2四半期四半期報告書】 虚偽記載額 認定金額 連結売上高 355 365 連結経常損益 ▲63 ▲59 連結四半期純損益 ▲7 ▲274 連結純資産額 2,157 1,890 【平成21年12月第3四半期四半期報告書】 虚偽記載額 認定金額 連結売上高 516 533 連結経常損益 ▲53 ▲37 連結四半期純損益 ▲0 ▲253 連結純資産額 2,159 1,905 【平成22年3月期有価証券報告書】 虚偽記載額 認定金額 連結売上高 798 672 連結経常損益 64 ▲265 連結当期純損益 116 ▲483 連結純資産額 2,237 1,686 【平成22年6月第1四半期四半期報告書】 虚偽記載額 認定金額 連結売上高 137 137 連結経常損益 ▲107 ▲57 連結四半期純損益 ▲96 ▲46 連結純資産額 2,172 1,603 【平成22年9月第2四半期四半期報告書】 虚偽記載額 認定金額 連結売上高 234 234 連結経常損益 ▲214 ▲159 連結四半期純損益 ▲333 ▲277 連結純資産額 2,029 1,466 【平成22年12月第3四半期四半期報告書】 虚偽記載額 認定金額 連結売上高 340 340 連結経常損益 ▲278 ▲217 連結四半期純損益 ▲439 ▲378 連結純資産額 1,928 1,373 【平成22年3月期有価証券報告書の訂正報告書（平成22年12月17日提出）】 虚偽記載額 認定金額 連結売上高 798 672 連結経常損益 64 ▲265 連結当期純損益 116 ▲483 連結純資産額 2,304 1,686 【平成22年6月第1四半期四半期報告書の訂正報告書（平成22年12月17日提出）】 虚偽記載額 認定金額 連結売上高 137 137 連結経常損益 ▲107 ▲57 連結四半期純損益 ▲96 ▲46 連結純資産額 2,172 1,603 【平成22年9月第2四半期四半期報告書の訂正報告書（平成22年12月17日提出）】 虚偽記載額 認定金額 連結売上高 234 234 連結経常損益 ▲214 ▲159 連結四半期純損益 ▲333 ▲277 連結純資産額 2,029 1,466 ３．課徴金の額の計算 上記の違法行為に対し金融商品取引法に基づき納付を命じられる課徴金の額は、１，２００万円である。 (1) 金融商品取引法第１７２条の４第１項及び第２項の規定により、平成２１年９月第２四半期四半期報告書、平成２１年１２月第３四半期四半期報告書、平成２２年３月期有価証券報告書及び平成２２年３月期有価証券報告書に係る平成２２年１２月１７日提出の訂正報告書に係る課徴金について、個別決定ごとの算出額は、 (i) 当該法人が発行する算定基準有価証券の市場価額の総額に１０万分の６を乗じて得た額 （平成２１年９月第２四半期四半期報告書 27,299円 平成２１年１２月第３四半期四半期報告書 32,659円 平成２２年３月期有価証券報告書 27,289円 平成２２年３月期有価証券報告書の訂正報告書 （平成２２年１２月１７日提出） 27,289円） が (ii) 6,000,000円 を超えないことから、 平成２１年９月第２四半期四半期報告書については、6,000,000円の２分の１に相当する額である3,000,000円 平成２１年１２月第３四半期四半期報告書については、6,000,000円の２分の１に相当する額である3,000,000円 平成２２年３月期有価証券報告書については、6,000,000円 平成２２年３月期有価証券報告書の訂正報告書（平成２２年１２月１７日提出）については、6,000,000円 となる。 ここで、これらの書類が同一の事業年度に係るものであることから、金融商品取引法第１８５条の７第６項の規定により、下記のとおり６００万円を個別決定ごとの算出額に応じて按分した金額が課徴金の額となる。 平成２１年９月第２四半期四半期報告書に係る課徴金の額は 1,000,000円 平成２１年１２月第３四半期四半期報告書に係る課徴金の額は 1,000,000円 平成２２年３月期有価証券報告書に係る課徴金の額は 2,000,000円 平成２２年３月期有価証券報告書の訂正報告書（平成２２年１２月１７日提出）に係る課徴金の額は 2,000,000円 (2) 金融商品取引法第１７２条の４第２項の規定により、平成２２年６月第１四半期四半期報告書、平成２２年９月第２四半期四半期報告書、平成２２年１２月第３四半期四半期報告書、平成２２年６月第１四半期四半期報告書に係る平成２２年１２月１７日提出の訂正報告書及び平成２２年９月第２四半期四半期報告書に係る平成２２年１２月１７日提出の訂正報告書に係る課徴金について、個別決定ごとの算出額は、 (i) 当該法人が発行する算定基準有価証券の市場価額の総額に１０万分の６を乗じて得た額 （平成２２年６月第１四半期四半期報告書 32,872円 平成２２年９月第２四半期四半期報告書 29,994円 平成２２年１２月第３四半期四半期報告書 23,410円） 平成２２年６月第１四半期四半期報告書の訂正報告書 （平成２２年１２月１７日提出） 32,872円 平成２２年９月第２四半期四半期報告書の訂正報告書 （平成２２年１２月１７日提出） 29,994円 が (ii) 6,000,000円 を超えないことから、 平成２２年６月第１四半期四半期報告書については、6,000,000円の２分の１に相当する額である3,000,000円 平成２２年９月第２四半期四半期報告書については、6,000,000円の２分の１に相当する額である3,000,000円 平成２２年１２月第３四半期四半期報告書については、6,000,000円の２分の１に相当する額である3,000,000円 平成２２年６月第１四半期四半期報告書の訂正報告書（平成２２年１２月１７日提出）については、6,000,000円の２分の１に相当する額である3,000,000円 平成２２年９月第２四半期四半期報告書の訂正報告書（平成２２年１２月１７日提出）については、6,000,000円の２分の１に相当する額である3,000,000円 となる。 ここで、これらの書類が同一の事業年度に係るものであることから、金融商品取引法第１８５条の７第６項の規定により、下記のとおり６００万円を個別決定ごとの算出額に応じて按分した金額が課徴金の額となる。 平成２２年６月第１四半期四半期報告書に係る課徴金の額は 1,200,000円 平成２２年９月第２四半期四半期報告書に係る課徴金の額は 1,200,000円 平成２２年１２月第３四半期四半期報告書に係る課徴金の額は 1,200,000円 平成２２年６月第１四半期四半期報告書の訂正報告書（平成２２年１２月１７日提出）に係る課徴金の額は 1,200,000円 平成２２年９月第２四半期四半期報告書の訂正報告書（平成２２年１２月１７日提出）に係る課徴金の額は 1,200,000円 （別添）ＲＨインシグノ株式会社の有価証券報告書等の虚偽記載内容 番号 開示書類 虚偽記載 提出日 書類 会計期間 財務計算に 関する書類 内容（注） 事由 １ 平成21年 11月16日 第51期事業年度第2四半期連結会計期間に係る四半期報告書（平成21年9月第2四半期四半期報告書） 平成21年4月1日～平成21年9月30日の第2四半期連結累計期間 四半期連結 損益計算書 連結四半期純損益が▲274百万円であるところを▲7百万円と記載 ・のれんの過大計上による損失の過少計上 等 ２ 平成22年 2月12日 第51期事業年度第3四半期連結会計期間に係る四半期報告書（平成21年12月第3四半期四半期報告書） 平成21年4月1日～平成21年12月31日の第3四半期連結累計期間 四半期連結 損益計算書 連結四半期純損益が▲253百万円であるところを▲113千円と記載 ・のれんの過大計上による損失の過少計上 等 ３ 平成22年 6月28日 第51期事業年度連結会計期間に係る有価証券報告書（平成22年3月期有価証券報告書） 平成21年4月1日～平成22年3月31日の連結会計期間 連結 損益計算書 連結経常損益が▲265百万円であるところを64百万円と記載 連結当期純損益が▲483百万円であるところを116百万円と記載 ・のれんの過大計上による損失の過少計上 ・営業投資有価証券評価損の過少計上 ・売上の過大計上 等 連結 貸借対照表 連結純資産額が1,686百万円であるところを2,237百万円と記載 ４ 平成22年 8月16日 第52期事業年度第1四半期連結会計期間に係る四半期報告書（平成22年6月第1四半期四半期報告書） 平成22年4月1日～平成22年6月30日の第1四半期連結会計期間 四半期連結 貸借対照表 連結純資産額が1,603百万円であるところを2,172百万円と記載 ・のれんの過大計上 ・営業投資有価証券の過大計上 ・売掛金の過大計上 等 ５ 平成22年 11月15日 第52期事業年度第2四半期連結会計期間に係る四半期報告書（平成22年9月第2四半期四半期報告書） 平成22年7月1日～平成22年9月30日の第2四半期連結会計期間 四半期連結 貸借対照表 連結純資産額が1,466百万円であるところを2,029百万円と記載 ・のれんの過大計上 ・営業投資有価証券の過大計上 ・売掛金の過大計上 等 ６ 平成23年 2月14日 第52期事業年度第3四半期連結会計期間に係る四半期報告書（平成22年12月第3四半期四半期報告書） 平成22年10月1日～平成22年12月31日の第3四半期連結会計期間 四半期連結 貸借対照表 連結純資産額が1,373百万円であるところを1,928百万円と記載 ・のれんの過大計上 ・営業投資有価証券の過大計上 ・売掛金の過大計上 等 ７ 平成22年 12月17日 第51期事業年度連結会計期間に係る有価証券報告書の訂正報告書（平成22年3月期有価証券報告書の訂正報告書） 平成21年4月1日～平成22年3月31日の連結会計期間 連結 貸借対照表 連結純資産額が1,686百万円であるところを2,304百万円と記載 ・のれんの過大計上 ・営業投資有価証券の過大計上 ・売掛金の過大計上 等 ８ 平成22年 12月17日 第52期事業年度第1四半期連結会計期間に係る四半期報告書の訂正報告書（平成22年6月第1四半期四半期報告書の訂正報告書） 平成22年4月1日～平成22年6月30日の第1四半期連結会計期間 四半期連結 貸借対照表 連結純資産額が1,603百万円であるところを2,172百万円と記載 ・のれんの過大計上 ・営業投資有価証券の過大計上 ・売掛金の過大計上 等 ９ 平成22年 12月17日 第52期事業年度第2四半期連結会計期間に係る四半期報告書の訂正報告書（平成22年9月第2四半期四半期報告書の訂正報告書） 平成22年7月1日～平成22年9月30日の第2四半期連結会計期間 四半期連結 貸借対照表 連結純資産額が1,466百万円であるところを2,029百万円と記載 ・のれんの過大計上 ・営業投資有価証券の過大計上 ・売掛金の過大計上 等 （注）金額は原則として百万円未満切捨てである。また、▲は損失であることを示す。"
2012-05-25,スリープログループ株式会社,,スリープログループ株式会社に係る四半期報告書等の虚偽記載に係る課徴金納付命令勧告について（平成24年5月25日）,https://www.fsa.go.jp/sesc/news/c_2012/2012/20120525-1.html,"平成２４年５月２５日 証券取引等監視委員会 スリープログループ株式会社に係る四半期報告書等の虚偽記載に係る課徴金納付命令勧告について １．勧告の内容 証券取引等監視委員会は、スリープログループ株式会社に係る四半期報告書等の虚偽記載について検査した結果、以下のとおり法令違反の事実が認められたので、本日、内閣総理大臣及び金融庁長官に対して、金融庁設置法第２０条第１項の規定に基づき、課徴金納付命令を発出するよう勧告を行った。 ２．法令違反の事実関係 スリープログループ株式会社は、関東財務局長に対し、投資有価証券評価損の過少計上等により、別添のとおり、金融商品取引法第１７２条の４第２項に規定する「重要な事項につき虚偽の記載がある」四半期報告書等を提出したものである。 ［虚偽記載の概要］ （単位：百万円） 【平成22年4月第2四半期四半期報告書】 虚偽記載額 認定金額 連結売上高 5,757 5,732 連結経常損益 167 152 連結四半期純損益 119 50 連結純資産額 1,176 1,107 【平成22年7月第3四半期四半期報告書】 虚偽記載額 認定金額 連結売上高 9,592 9,564 連結経常損益 246 224 連結四半期純損益 169 35 連結純資産額 1,207 1,073 【平成22年4月第2四半期四半期報告書の訂正報告書（平成23年2月28日提出）】 虚偽記載額 認定金額 連結売上高 5,732 5,732 連結経常損益 152 152 連結四半期純損益 131 50 連結純資産額 1,188 1,107 【平成22年7月第3四半期四半期報告書の訂正報告書（平成23年2月28日提出）】 虚偽記載額 認定金額 連結売上高 9,564 9,564 連結経常損益 224 224 連結四半期純損益 174 35 連結純資産額 1,212 1,073 ３．課徴金の額の計算 上記の違法行為に対し金融商品取引法に基づき納付を命じられる課徴金の額は、６００万円である。 金融商品取引法第１７２条の４第２項の規定により、平成２２年４月第２四半期四半期報告書、平成２２年７月第３四半期四半期報告書、平成２２年４月第２四半期四半期報告書に係る平成２３年２月２８日提出の訂正報告書及び平成２２年７月第３四半期四半期報告書に係る平成２３年２月２８日提出の訂正報告書に係る課徴金について、個別決定ごとの算出額は、 (i) 当該法人が発行する算定基準有価証券の市場価額の総額に１０万分の６を乗じて得た額 （平成２２年４月第２四半期四半期報告書 126,330円 平成２２年７月第３四半期四半期報告書 114,427円 平成２２年４月第２四半期四半期報告書の訂正報告書 （平成２３年２月２８日提出） 126,330円 平成２２年７月第３四半期四半期報告書の訂正報告書 （平成２３年２月２８日提出） 114,427円） が (ii) 6,000,000円 を超えないことから、 平成２２年４月第２四半期四半期報告書については、6,000,000円の２分の１に相当する額である3,000,000円 平成２２年７月第３四半期四半期報告書については、6,000,000円の２分の１に相当する額である3,000,000円 平成２２年４月第２四半期四半期報告書の訂正報告書（平成２３年２月２８日提出）については、6,000,000円の２分の１に相当する額である3,000,000円 平成２２年７月第３四半期四半期報告書の訂正報告書（平成２３年２月２８日提出）については、6,000,000円の２分の１に相当する額である3,000,000円 となる。 ここで、これらの書類が同一の事業年度に係るものであることから、金融商品取引法第１８５条の７第６項の規定により、下記のとおり６００万円を個別決定ごとの算出額に応じて按分した金額が課徴金の額となる。 平成２２年４月第２四半期四半期報告書に係る課徴金の額は 1,500,000円 平成２２年７月第３四半期四半期報告書に係る課徴金の額は 1,500,000円 平成２２年４月第２四半期四半期報告書の訂正報告書（平成２３年２月２８日提出）に係る課徴金の額は 1,500,000円 平成２２年７月第３四半期四半期報告書の訂正報告書（平成２３年２月２８日提出）に係る課徴金の額は 1,500,000円 （別添）スリープログループ株式会社の四半期報告書等の虚偽記載内容 番号 開示書類 虚偽記載 提出日 書類 会計期間 財務計算に 関する書類 内容（注） 事由 １ 平成22年 6月14日 第34期事業年度第2四半期連結会計期間に係る四半期報告書（平成22年4月第2四半期四半期報告書） 平成21年11月1日～平成22年4月30日の第2四半期連結累計期間 四半期連結 損益計算書 連結四半期純損益が50百万円であるところを119百万円と記載 ・投資有価証券評価損の過少計上 等 ２ 平成22年 9月17日 第34期事業年度第3四半期連結会計期間に係る四半期報告書（平成22年7月第3四半期四半期報告書） 平成21年11月1日～平成22年7月31日の第3四半期連結累計期間 四半期連結 損益計算書 連結四半期純損益が35百万円であるところを169百万円と記載 ・投資有価証券評価損の過少計上 ・貸倒引当金繰入額の過少計上 等 ３ 平成23年 2月28日 第34期事業年度第2四半期連結会計期間に係る四半期報告書の訂正報告書（平成22年4月第2四半期四半期報告書の訂正報告書） 平成21年11月1日～平成22年4月30日の第2四半期連結累計期間 四半期連結 損益計算書 連結四半期純損益が50百万円であるところを131百万円と記載 ・投資有価証券評価損の過少計上 等 ４ 平成23年 2月28日 第34期事業年度第3四半期連結会計期間に係る四半期報告書の訂正報告書（平成22年7月第3四半期四半期報告書の訂正報告書） 平成21年11月1日～平成22年7月31日の第3四半期連結累計期間 四半期連結 損益計算書 連結四半期純損益が35百万円であるところを174百万円と記載 ・投資有価証券評価損の過少計上 ・貸倒引当金繰入額の過少計上 等 （注）金額は百万円未満切捨てである。"
2012-04-17,株式会社ゲオ,2681,株式会社ゲオ役員からの情報受領者による内部者取引に対する課徴金納付命令の勧告について（平成24年4月17日）,https://www.fsa.go.jp/sesc/news/c_2012/2012/20120417-1.html,"平成２４年４月１７日 証券取引等監視委員会 株式会社ゲオ役員からの情報受領者による内部者取引に対する課徴金納付命令の勧告について １．勧告の内容 証券取引等監視委員会は、株式会社ゲオ役員からの情報受領者による内部者取引について検査した結果、下記のとおり法令違反の事実が認められたので、本日、内閣総理大臣及び金融庁長官に対して、金融庁設置法第２０条第１項の規定に基づき、課徴金納付命令を発出するよう勧告を行った。 ２．法令違反の事実関係 課徴金納付命令対象者は、株式会社ゲオ（現株式会社ゲオホールディングス）の役員から、同人がその職務に関し知った、同社の業務執行を決定する機関が、株式会社セカンドストリート（以下「セカンドストリート」という。）の株式の公開買付けを行うことを決定した事実の伝達を受けながら、この事実が公表された平成２２年２月１０日より前の同月９日、自己の計算において、セカンドストリートの株式合計６０株を買付価額合計２５７万９０５０円で買い付けたものである。 課徴金納付命令対象者が行った上記の行為は、金融商品取引法第１７５条第２項に規定する「第１６７条第１項又は第３項の規定に違反して、同条第１項に規定する特定株券等若しくは関連株券等に係る買付け等又は同項に規定する株券等に係る売付け等をした」行為に該当すると認められる。 ３．課徴金の額の計算 上記の違法行為に対し、金融商品取引法に基づき納付を命じられる課徴金の額は、１００万円である。 計算方法の詳細については、別紙のとおり。 （別紙） ○ 課徴金の額の計算方法について 金融商品取引法第１７５条第２項に基づき、課徴金の額は、 （公開買付け等の実施に関する事実が公表された後２週間における最も高い価格）×（買付株数）－（買付価格）×（買付株数） となる。 したがって、公開買付け等の実施に関する事実の公表後２週間におけるセカンドストリートの最も高い株価は、５９，７００円であることから、課徴金の額は下記の金額となる。 （５９，７００円×６０株）－買付価額２，５７９，０５０円（注）＝１，００２，９５０円 ⇒課徴金の額は１万円未満を切り捨てるため、 １００万円 （注）買付価額は、「42,900円×5株＋42,950円×9株＋43,000円×46株」の合計額である。"
2012-04-13,ＳＭＢＣ日興証券株式会社,,ＳＭＢＣ日興証券株式会社に対する検査結果に基づく勧告について（平成24年4月13日）,https://www.fsa.go.jp/sesc/news/c_2012/2012/20120413-2.html,平成24年４月13日 証券取引等監視委員会 ＳＭＢＣ日興証券株式会社に対する検査結果に基づく勧告について １．勧告の内容 証券取引等監視委員会がＳＭＢＣ日興証券株式会社（東京都千代田区、資本金１００億円、役職員８，１６６名、第一種金融商品取引業、第二種金融商品取引業、投資助言・代理業、投資運用業）を検査した結果、下記のとおり、当該金融商品取引業者に係る法令違反の事実が認められたので、本日、証券取引等監視委員会は、内閣総理大臣及び金融庁長官に対して、金融庁設置法第２０条第１項の規定に基づき、行政処分を行うよう勧告した。 ２．事実関係 ○ 法人関係情報に関する管理について不公正取引の防止を図るために必要かつ適切な措置を講じていない業務運営状況及び法令違反行為を含む不適切な勧誘行為 ＳＭＢＣ日興証券株式会社（以下「当社」という。）においては、その業務に関しＡ社株式の公募増資に係る法人関係情報（以下「本件情報」という。）を受領した営業本部の役員等が、社内規程の手続きを経ずに傘下の営業部店長に本件情報を伝達し、また、本件情報の厳格な管理について明確な指示をしていなかった。その結果、少なくとも２１営業部店において、営業部店長等の指示等により、公表前におけるＡ社株式の公募増資に係る取得申込みの勧誘が行われ、うち８部店２３営業員が、３４顧客に対し、本件情報が公表される以前に本件情報を提供して取得申込みの勧誘を行った。 当社はその後、これらの行為について不適切であると自ら認識し、役職員に対し法人関係情報の管理についての注意喚起等の施策や社内研修を複数回実施するなど、一定の改善を図っているものの、その対応は不十分なものであった。 また、当社では、Ｂ社株式の公募増資に関する法人関係情報を保有する部署が、営業部門担当部長に対し、社内規程の手続きを経ずに当該株式の法人関係情報を伝達していた。 当社における上記行為のうち、法人関係情報を提供しての勧誘は、金融商品取引法（以下「金商法」という。）第３８条第７号に基づく金融商品取引業等に関する内閣府令（以下「業府令」という。）第１１７条第１項第１４号に該当するものと認められる。 また、当社における上記のような法人関係情報の管理態勢は、不公正な取引の防止を図るために必要かつ適切な措置を講じていないと認められ、金商法第４０条第２号に基づく業府令第１２３条第１項第５号に該当するものと認められる。 （参考条文） ○ 金融商品取引法（昭和23年法律第25号）（抄） （禁止行為） 第三十八条　金融商品取引業者等又はその役員若しくは使用人は、次に掲げる行為をしてはならない。ただし、第四号から第六号までに掲げる行為にあっては、投資者の保護に欠け、取引の公正を害し、又は金融商品取引業の信用を失墜させるおそれのないものとして内閣府令で定めるものを除く。 一～六　（略） 七　前各号に掲げるもののほか、投資者の保護に欠け、若しくは取引の公正を害し、又は金融商品取引業の信用を失墜させるものとして内閣府令で定める行為 （適合性の原則等） 第四十条　金融商品取引業者等は、業務の運営の状況が次の各号のいずれかに該当することのないように、その業務を行わなければならない。 一　（略） 二　前号に掲げるもののほか、業務に関して取得した顧客に関する情報の適正な取扱いを確保するための措置を講じていないと認められる状況、その他業務の運営の状況が公益に反し、又は投資者の保護に支障を生ずるおそれがあるものとして内閣府令で定める状況にあること。 ○ 金融商品取引業等に関する内閣府令（平成19年内閣府令第52号）（抄） （禁止行為） 第百十七条　法第三十八条第七号に規定する内閣府令で定める行為は、次に掲げる行為とする。 一～十三　（略） 十四　有価証券の売買その他の取引又は有価証券に係るデリバティブ取引若しくはその媒介、取次ぎ若しくは代理につき、顧客に対して当該有価証券の発行者の法人関係情報を提供して勧誘する行為 （以下、略） （業務の運営の状況が公益に反し又は投資者の保護に支障を生ずるおそれがあるもの） 第百二十三条　法第四十条第二号に規定する内閣府令で定める状況は、次に掲げる状況とする。 一～四　（略） 五　その取り扱う法人関係情報に関する管理又は顧客の有価証券の売買その他の取引等に関する管理について法人関係情報に係る不公正な取引の防止を図るために必要かつ適切な措置を講じていないと認められる状況 （以下、略）
2012-04-27,株式会社エフティコミュニケーションズ,,株式会社エフティコミュニケーションズとの契約締結者による内部者取引に対する課徴金納付命令の勧告について（平成24年4月27日）,https://www.fsa.go.jp/sesc/news/c_2012/2012/20120427-1.html,"平成２４年４月２７日 証券取引等監視委員会 株式会社エフティコミュニケーションズとの契約締結者による内部者取引に対する課徴金納付命令の勧告について １．勧告の内容 証券取引等監視委員会は、株式会社エフティコミュニケーションズとの契約締結者による内部者取引について検査した結果、下記のとおり法令違反の事実が認められたので、本日、内閣総理大臣及び金融庁長官に対して、金融庁設置法第２０条第１項の規定に基づき、課徴金納付命令を発出するよう勧告を行った。 ２．法令違反の事実関係 課徴金納付命令対象者は、株式会社エフティコミュニケーションズとの業務委託契約の締結先の役員であったが、同契約の締結の交渉に関し、株式会社エフティコミュニケーションズの業務執行を決定する機関が、新たな事業としてＬＥＤ照明の製造及び販売を開始することについての決定をした旨の事実を知りながら、この事実が公表された平成２３年１月２４日より前の同月１１日から同月１３日までの間に、自己の計算において、株式会社エフティコミュニケーションズ株式合計４０株を買付価額合計１３０万４５０円で買い付けたものである。 課徴金納付命令対象者が行った上記の行為は、金融商品取引法第１７５条第１項に規定する「第１６６条第１項又は第３項の規定に違反して、同条第１項に規定する売買等をした」行為に該当すると認められる。 ３．課徴金の額の計算 上記の違法行為に対し、金融商品取引法に基づき納付を命じられる課徴金の額は、１０３万円である。 計算方法の詳細については、別紙のとおり。 （別紙） ○ 課徴金の額の計算方法について 金融商品取引法第１７５条第１項に基づき、課徴金の額は、 （重要事実が公表された後２週間における最も高い価格）×（買付株数）－（買付価格）×（買付株数） となる。 したがって、重要事実の公表後２週間における株式会社エフティコミュニケーションズの最も高い株価は、平成２３年２月２日の５８，４００円であることから、課徴金の額は下記の金額となる。 （５８，４００円×４０株）－買付価額１，３００，４５０円（注）＝１，０３５，５５０円 ⇒課徴金の額は１万円未満を切り捨てるため、 １０３万円 （注）買付価額は、 「31,800円×5株＋32,100円×5株＋32,400円×1株＋32,450円×1株＋32,500円×7株＋32,600円×11株＋33,000円×10株」 の合計額である。"
2012-04-13,オリンパス株式会社,7733,オリンパス株式会社に係る有価証券報告書等の虚偽記載に係る課徴金納付命令勧告について（平成24年4月13日）,https://www.fsa.go.jp/sesc/news/c_2012/2012/20120413-1.html,"平成２４年４月１３日 証券取引等監視委員会 オリンパス株式会社に係る有価証券報告書等の虚偽記載に係る課徴金納付命令勧告について １．勧告の内容 証券取引等監視委員会は、オリンパス株式会社に係る有価証券報告書等の虚偽記載について検査した結果、以下のとおり法令違反の事実が認められたので、本日、内閣総理大臣及び金融庁長官に対して、金融庁設置法第２０条第１項の規定に基づき、課徴金納付命令を発出するよう勧告を行った。 ２．法令違反の事実関係 オリンパス株式会社は、関東財務局長に対し、投資有価証券の過大計上やのれんの過大計上等により、別添のとおり、平成２０年法律第６５号による改正前の金融商品取引法（以下「旧金融商品取引法」という。）第１７２条の２第１項及び第２項並びに金融商品取引法第１７２条の４第１項及び第２項に規定する「重要な事項につき虚偽の記載がある」有価証券報告書等を提出したものである。 ［虚偽記載の概要］ （単位：百万円） 【平成19年3月期有価証券報告書】 虚偽記載額 認定金額 連結売上高 1,061,786 1,061,786 連結経常損益 76,226 78,354 連結当期純損益 47,799 48,762 連結純資産額 344,871 224,951 【平成19年9月中間期半期報告書】 虚偽記載額 認定金額 連結売上高 550,366 550,366 連結経常損益 50,098 51,862 連結中間純損益 31,888 28,503 連結純資産額 372,473 248,965 【平成20年3月期有価証券報告書】 虚偽記載額 認定金額 連結売上高 1,128,875 1,128,875 連結経常損益 93,085 97,449 連結当期純損益 57,969 53,222 連結純資産額 367,876 242,877 【平成20年6月第1四半期四半期報告書】 虚偽記載額 認定金額 連結売上高 254,331 254,331 連結経常損益 12,698 14,629 連結四半期純損益 6,521 5,164 連結純資産額 366,948 240,628 【平成20年9月第2四半期四半期報告書】 虚偽記載額 認定金額 連結売上高 535,790 535,790 連結経常損益 19,598 23,971 連結四半期純損益 3,603 ▲4,543 連結純資産額 343,910 211,897 【平成20年12月第3四半期四半期報告書】 虚偽記載額 認定金額 連結売上高 754,185 754,185 連結経常損益 19,864 26,235 連結四半期純損益 ▲27,672 ▲35,238 連結純資産額 241,281 110,428 【平成21年3月期有価証券報告書】 虚偽記載額 認定金額 連結売上高 980,803 980,803 連結経常損益 18,390 25,952 連結当期純損益 ▲114,810 ▲49,471 連結純資産額 168,784 110,594 【平成21年6月第1四半期四半期報告書】 虚偽記載額 認定金額 連結売上高 205,169 205,169 連結経常損益 6,985 7,175 連結四半期純損益 1,806 1,871 連結純資産額 185,941 127,124 【平成21年9月第2四半期四半期報告書】 虚偽記載額 認定金額 連結売上高 435,421 435,421 連結経常損益 18,494 18,441 連結四半期純損益 36,193 38,724 連結純資産額 204,298 146,821 【平成21年12月第3四半期四半期報告書】 虚偽記載額 認定金額 連結売上高 651,937 651,937 連結経常損益 33,135 33,611 連結四半期純損益 43,685 46,619 連結純資産額 214,952 158,251 【平成22年3月期有価証券報告書】 虚偽記載額 認定金額 連結売上高 883,086 883,086 連結経常損益 45,115 46,075 連結当期純損益 47,763 52,852 連結純資産額 216,891 163,142 【平成22年6月第1四半期四半期報告書】 虚偽記載額 認定金額 連結売上高 206,006 206,006 連結経常損益 9,029 10,010 連結四半期純損益 1,501 ▲49 連結純資産額 185,922 132,408 【平成22年9月第2四半期四半期報告書】 虚偽記載額 認定金額 連結売上高 417,327 417,327 連結経常損益 19,137 19,263 連結四半期純損益 7,046 3,806 連結純資産額 180,482 128,255 【平成22年12月第3四半期四半期報告書】 虚偽記載額 認定金額 連結売上高 624,013 624,013 連結経常損益 26,076 26,881 連結四半期純損益 8,677 5,844 連結純資産額 160,173 109,488 【平成23年3月期有価証券報告書】 虚偽記載額 認定金額 連結売上高 847,105 847,105 連結経常損益 22,148 23,215 連結当期純損益 7,381 3,866 連結純資産額 166,836 115,589 【平成23年6月第1四半期四半期報告書】 虚偽記載額 認定金額 連結売上高 198,572 198,572 連結経常損益 67 851 連結四半期純損益 ▲2,154 ▲1,423 連結純資産額 151,147 101,751 なお、課徴金納付命令勧告の対象としたこれらの有価証券報告書等については、いずれも訂正報告書が提出されているが、それら訂正報告書については、課徴金納付命令勧告の対象としていない。 ３．課徴金の額の計算 上記の違法行為に対し旧金融商品取引法及び金融商品取引法に基づき納付を命じられる課徴金の額は、１億９，１８１万９，９９４円である。 (1) 旧金融商品取引法第１７２条の２第１項の規定により、平成１９年３月期有価証券報告書に係る課徴金の額は、 (i) 当該法人が発行する算定基準有価証券の市場価額の総額に１０万分の３を乗じて得た額（28,731,612円） が (ii) 3,000,000円 を超えることから、28,731,612円について、金融商品取引法第１７６条第２項の規定により１万円未満の端数を切り捨てて28,730,000円となる。 (2) 旧金融商品取引法第１７２条の２第１項及び第２項の規定により、平成１９年９月中間期半期報告書及び平成２０年３月期有価証券報告書に係る課徴金について、個別決定ごとの算出額は、 (i) 当該法人が発行する算定基準有価証券の市場価額の総額に１０万分の３を乗じて得た額（35,078,652円） が (ii) 3,000,000円 を超えることから、 平成１９年９月中間期半期報告書については、35,078,652円の２分の１に相当する額である17,530,000円（金融商品取引法第１７６条第２項の規定により１万円未満の端数を切り捨て。以下、この項において同じ。） 平成２０年３月期有価証券報告書については、35,070,000円 となる。 ここで、これらの書類が同一の事業年度に係るものであることから、旧金融商品取引法第１８５条の７第２項の規定により、下記のとおり35,070,000円を個別決定ごとの算出額に応じて按分した金額が課徴金の額となる。 平成１９年９月中間期半期報告書に係る課徴金の額は 11,687,777円 平成２０年３月期有価証券報告書に係る課徴金の額は 23,382,222円 (3) 旧金融商品取引法第１７２条の２第１項及び第２項の規定により、平成２０年６月第１四半期四半期報告書、平成２０年９月第２四半期四半期報告書、平成２０年１２月第３四半期四半期報告書及び平成２１年３月期有価証券報告書に係る課徴金について、個別決定ごとの算出額は、 (i) 当該法人が発行する算定基準有価証券の市場価額の総額に１０万分の３を乗じて得た額（21,089,781円） が (ii) 3,000,000円 を超えることから、 平成２０年６月第１四半期四半期報告書については、21,089,781円の２分の１に相当する額である10,540,000円（金融商品取引法第１７６条第２項の規定により１万円未満の端数を切り捨て。以下、この項において同じ。） 平成２０年９月第２四半期四半期報告書については、21,089,781円の２分の１に相当する額である10,540,000円 平成２０年１２月第３四半期四半期報告書については、21,089,781円の２分の１に相当する額である10,540,000円 平成２１年３月期有価証券報告書については、21,080,000円 となる。 ここで、これらの書類が同一の事業年度に係るものであることから、旧金融商品取引法第１８５条の７第２項の規定により、下記のとおり21,080,000円を個別決定ごとの算出額に応じて按分した金額が課徴金の額となる。 平成２０年６月第１四半期四半期報告書に係る課徴金の額は 4,216,000円 平成２０年９月第２四半期四半期報告書に係る課徴金の額は 4,216,000円 平成２０年１２月第３四半期四半期報告書に係る課徴金の額は 4,216,000円 平成２１年３月期有価証券報告書に係る課徴金の額は 8,432,000円 (4) 金融商品取引法第１７２条の４第１項及び第２項の規定により、平成２１年６月第１四半期四半期報告書、平成２１年９月第２四半期四半期報告書、平成２１年１２月第３四半期四半期報告書及び平成２２年３月期有価証券報告書に係る課徴金について、個別決定ごとの算出額は、 (i) 当該法人が発行する算定基準有価証券の市場価額の総額に１０万分の６を乗じて得た額 （平成２１年６月第１四半期四半期報告書 31,208,060円 平成２１年９月第２四半期四半期報告書 40,180,314円 平成２１年１２月第３四半期四半期報告書 45,438,721円 平成２２年３月期有価証券報告書 40,873,928円） が (ii) 6,000,000円 を超えることから、 平成２１年６月第１四半期四半期報告書については、31,208,060円の２分の１に相当する額である15,600,000円（金融商品取引法第１７６条第２項の規定により１万円未満の端数を切り捨て。以下、この項において同じ。） 平成２１年９月第２四半期四半期報告書については、40,180,314円の２分の１に相当する額である20,090,000円 平成２１年１２月第３四半期四半期報告書については、45,438,721円の２分の１に相当する額である22,710,000円 平成２２年３月期有価証券報告書については、40,870,000円 となる。 ここで、これらの書類が同一の事業年度に係るものであることから、金融商品取引法第１８５条の７第６項の規定により、下記のとおり45,420,000円を個別決定ごとの算出額に応じて按分した金額（同第２８項の規定により１円未満の端数を切り捨て）が課徴金の額となる。 平成２１年６月第１四半期四半期報告書に係る課徴金の額は 7,137,624円 平成２１年９月第２四半期四半期報告書に係る課徴金の額は 9,191,979円 平成２１年１２月第３四半期四半期報告書に係る課徴金の額は 10,390,734円 平成２２年３月期有価証券報告書に係る課徴金の額は 18,699,661円 (5) 金融商品取引法第１７２条の４第１項及び第２項の規定により、平成２２年６月第１四半期四半期報告書、平成２２年９月第２四半期四半期報告書、平成２２年１２月第３四半期四半期報告書及び平成２３年３月期有価証券報告書に係る課徴金について、個別決定ごとの算出額は、 (i) 当該法人が発行する算定基準有価証券の市場価額の総額に１０万分の６を乗じて得た額 （平成２２年６月第１四半期四半期報告書 41,663,213円 平成２２年９月第２四半期四半期報告書 35,995,818円 平成２２年１２月第３四半期四半期報告書 37,961,515円 平成２３年３月期有価証券報告書 38,582,384円） が (ii) 6,000,000円 を超えることから、 平成２２年６月第１四半期四半期報告書については、41,663,213円の２分の１に相当する額である20,830,000円（金融商品取引法第１７６条第２項の規定により１万円未満の端数を切り捨て。以下、この項において同じ。） 平成２２年９月第２四半期四半期報告書については、35,995,818円の２分の１に相当する額である17,990,000円 平成２２年１２月第３四半期四半期報告書については、37,961,515円の２分の１に相当する額である18,980,000円 平成２３年３月期有価証券報告書については、38,580,000円 となる。 ここで、これらの書類が同一の事業年度に係るものであることから、金融商品取引法第１８５条の７第６項の規定により、下記のとおり41,660,000円を個別決定ごとの算出額に応じて按分した金額（同第２８項の規定により１円未満の端数を切り捨て）が課徴金の額となる。 平成２２年６月第１四半期四半期報告書に係る課徴金の額は 9,003,712円 平成２２年９月第２四半期四半期報告書に係る課徴金の額は 7,776,129円 平成２２年１２月第３四半期四半期報告書に係る課徴金の額は 8,204,054円 平成２３年３月期有価証券報告書に係る課徴金の額は 16,676,102円 (6) 金融商品取引法第１７２条の４第２項の規定により、平成２３年６月第１四半期四半期報告書に係る課徴金の額は、 (i) 当該法人が発行する算定基準有価証券の市場価額の総額に１０万分の６を乗じて得た額（39,728,320円） が (ii) 6,000,000円 を超えることから、39,728,320円の２分の１に相当する額について、金融商品取引法第１７６条第２項の規定により１万円未満の端数を切り捨てて19,860,000円となる。 （別添）オリンパス株式会社の有価証券報告書等の虚偽記載内容 番号 開示書類 虚偽記載 提出日 書類 会計期間 財務計算に 関する書類 内容 事由 １ 平成19年 6月28日 第139期事業年度連結会計期間に係る有価証券報告書（平成19年3月期有価証券報告書） 平成18年4月1日～平成19年3月31日の連結会計期間 連結 貸借対照表 連結純資産額が224,951百万円であるところを344,871百万円と記載 ・投資有価証券の過大計上 ・長期借入金の過少計上 等 ２ 平成19年 12月14日 第140期事業年度中間連結会計期間に係る半期報告書（平成19年9月中間期半期報告書） 平成19年4月1日～平成19年9月30日の中間連結会計期間 中間連結 貸借対照表 連結純資産額が248,965百万円であるところを372,473百万円と記載 ・投資有価証券の過大計上 ・長期借入金の過少計上 等 ３ 平成20年 6月27日 第140期事業年度連結会計期間に係る有価証券報告書（平成20年3月期有価証券報告書） 平成19年4月1日～平成20年3月31日の連結会計期間 連結 貸借対照表 連結純資産額が242,877百万円であるところを367,876百万円と記載 ・投資有価証券の過大計上 ・のれんの過大計上 等 ４ 平成20年 8月14日 第141期事業年度第1四半期連結会計期間に係る四半期報告書（平成20年6月第1四半期四半期報告書） 平成20年4月1日～平成20年6月30日の第1四半期連結会計期間 四半期連結 貸借対照表 連結純資産額が240,628百万円であるところを366,948百万円と記載 ・投資有価証券の過大計上 ・のれんの過大計上 等 ５ 平成20年 11月14日 第141期事業年度第2四半期連結会計期間に係る四半期報告書（平成20年9月第2四半期四半期報告書） 平成20年7月1日～平成20年9月30日の第2四半期連結会計期間 四半期連結 貸借対照表 連結純資産額が211,897百万円であるところを343,910百万円と記載 ・投資有価証券の過大計上 ・のれんの過大計上 等 ６ 平成21年 2月13日 第141期事業年度第3四半期連結会計期間に係る四半期報告書（平成20年12月第3四半期四半期報告書） 平成20年10月1日～平成20年12月31日の第3四半期連結会計期間 四半期連結 貸借対照表 連結純資産額が110,428百万円であるところを241,281百万円と記載 ・投資有価証券の過大計上 ・のれんの過大計上 等 ７ 平成21年 6月26日 第141期事業年度連結会計期間に係る有価証券報告書（平成21年3月期有価証券報告書） 平成20年4月1日～平成21年3月31日の連結会計期間 連結 貸借対照表 連結純資産額が110,594百万円であるところを168,784百万円と記載 ・投資有価証券の過大計上 ・のれんの過大計上 等 ８ 平成21年 8月14日 第142期事業年度第1四半期連結会計期間に係る四半期報告書（平成21年6月第1四半期四半期報告書） 平成21年4月1日～平成21年6月30日の第1四半期連結会計期間 四半期連結 貸借対照表 連結純資産額が127,124百万円であるところを185,941百万円と記載 ・投資有価証券の過大計上 ・のれんの過大計上 等 ９ 平成21年 11月13日 第142期事業年度第2四半期連結会計期間に係る四半期報告書（平成21年9月第2四半期四半期報告書） 平成21年7月1日～平成21年9月30日の第2四半期連結会計期間 四半期連結 貸借対照表 連結純資産額が146,821百万円であるところを204,298百万円と記載 ・投資有価証券の過大計上 ・のれんの過大計上 等 10 平成22年 2月15日 第142期事業年度第3四半期連結会計期間に係る四半期報告書（平成21年12月第3四半期四半期報告書） 平成21年10月1日～平成21年12月31日の第3四半期連結会計期間 四半期連結 貸借対照表 連結純資産額が158,251百万円であるところを214,952百万円と記載 ・投資有価証券の過大計上 ・のれんの過大計上 等 11 平成22年 6月29日 第142期事業年度連結会計期間に係る有価証券報告書（平成22年3月期有価証券報告書） 平成21年4月1日～平成22年3月31日の連結会計期間 連結 貸借対照表 連結純資産額が163,142百万円であるところを216,891百万円と記載 ・投資有価証券の過大計上 ・のれんの過大計上 等 12 平成22年 8月13日 第143期事業年度第1四半期連結会計期間に係る四半期報告書（平成22年6月第1四半期四半期報告書） 平成22年4月1日～平成22年6月30日の第1四半期連結会計期間 四半期連結 貸借対照表 連結純資産額が132,408百万円であるところを185,922百万円と記載 ・投資有価証券の過大計上 ・のれんの過大計上 等 13 平成22年 11月12日 第143期事業年度第2四半期連結会計期間に係る四半期報告書（平成22年9月第2四半期四半期報告書） 平成22年7月1日～平成22年9月30日の第2四半期連結会計期間 四半期連結 貸借対照表 連結純資産額が128,255百万円であるところを180,482百万円と記載 ・投資有価証券の過大計上 ・のれんの過大計上 等 14 平成23年 2月14日 第143期事業年度第3四半期連結会計期間に係る四半期報告書（平成22年12月第3四半期四半期報告書） 平成22年10月1日～平成22年12月31日の第3四半期連結会計期間 四半期連結 貸借対照表 連結純資産額が109,488百万円であるところを160,173百万円と記載 ・投資有価証券の過大計上 ・のれんの過大計上 等 15 平成23年 6月29日 第143期事業年度連結会計期間に係る有価証券報告書（平成23年3月期有価証券報告書） 平成22年4月1日～平成23年3月31日の連結会計期間 連結 貸借対照表 連結純資産額が115,589百万円であるところを166,836百万円と記載 ・のれんの過大計上 等 16 平成23年 8月11日 第144期事業年度第1四半期連結会計期間に係る四半期報告書（平成23年6月第1四半期四半期報告書） 平成23年4月1日～平成23年6月30日の第1四半期連結会計期間 四半期連結 貸借対照表 連結純資産額が101,751百万円であるところを151,147百万円と記載 ・のれんの過大計上 等 （注）金額は百万円未満四捨五入である。 参考資料（PDF:176KB）"
2012-03-28,日本風力開発株式会社,,日本風力開発株式会社株券に係る内部者取引事件の告発について（平成24年3月28日）,https://www.fsa.go.jp/sesc/news/c_2012/2012/20120328-3.html,平成２４年３月２８日 証券取引等監視委員会 日本風力開発株式会社株券に係る内部者取引事件の告発について 証券取引等監視委員会は、平成24年3月28日、金融商品取引法違反（インサイダー取引）の嫌疑で、下記の犯則嫌疑者を神戸地方検察庁検察官に告発した。 １．告発の対象となった犯則事実 犯則嫌疑者は、平成22年6月4日ころから同月13日ころまでの間に、株式会社東京証券取引所が開設するマザーズ市場に株券を上場している日本風力開発株式会社の役員から、同人が職務に関し知った、同社の株式が東京証券取引所により監理銘柄に指定される可能性がある事態に至った旨の、日本風力開発の運営、業務又は財産に関する重要な事実であって投資者の投資判断に著しい影響を及ぼす事実の伝達を受け、法定の除外事由がないのに、上記重要事実の公表前の平成22年6月14日午前9時ころから同日午後2時37分ころまでの間、証券会社を介し、東京証券取引所において、本人名義で日本風力開発株券合計470株を8663万9900円で売り付けたものである。 〔関連条文〕 金融商品取引法第197条の2第13号、同法第166条第2項第4号、同条第3項 法定刑：5年以下の懲役若しくは500万円以下の罰金、又は併科
2012-03-28,オリンパス株式会社,7733,オリンパス株式会社に係る虚偽有価証券報告書提出事件の告発について(2)（平成24年3月28日）,https://www.fsa.go.jp/sesc/news/c_2012/2012/20120328-1.html,平成２４年３月２８日 証券取引等監視委員会 オリンパス株式会社に係る虚偽有価証券報告書提出事件の告発について(2) 証券取引等監視委員会は、平成２４年３月２８日、金融商品取引法違反（虚偽有価証券報告書提出）の嫌疑で、下記の嫌疑法人及び嫌疑者を東京地方検察庁検察官に告発した。 １．告発の対象となった犯則事実 第１ 犯則嫌疑者４名は、共謀の上、犯則嫌疑法人オリンパス株式会社の業務及び財産に関し、犯則嫌疑法人の平成２０年４月１日から平成２１年３月３１日までの連結会計年度につき、平成２１年６月２６日、関東財務局において、同財務局長に対し、犯則嫌疑法人の連結会計年度における連結純資産額が約１２１３億２３００万円であったにもかかわらず、損失を抱えた金融商品を簿外処理するとともに架空ののれん代を計上するなどの方法により、「純資産合計」欄に１６８７億８４００万円と記載するなどした連結貸借対照表を掲載した有価証券報告書を提出し 第２ 犯則嫌疑者４名は、共謀の上、犯則嫌疑法人の業務及び財産に関し、犯則嫌疑法人の平成２１年４月１日から平成２２年３月３１日までの連結会計年度につき、平成２２年６月２９日、前記関東財務局において、同財務局長に対し、犯則嫌疑法人の連結会計年度における連結純資産額が約１７１８億２３００万円であったにもかかわらず、架空ののれん代を計上するなどの方法により、「純資産合計」欄に２１６８億９１００万円と記載するなどした連結貸借対照表を掲載した有価証券報告書を提出し 第３ 犯則嫌疑者Ａ、同Ｂ及び同Ｃは、共謀の上、犯則嫌疑法人の業務及び財産に関し、犯則嫌疑法人の平成２２年４月１日から平成２３年３月３１日までの連結会計年度につき、平成２３年６月２９日、前記関東財務局において、同財務局長に対し、犯則嫌疑法人の連結会計年度における連結純資産額が約１２５２億３９００万円であったにもかかわらず、架空ののれん代を計上するなどの方法により、「純資産合計」欄に１６６８億３６００万円と記載するなどした連結貸借対照表を掲載した有価証券報告書を提出し もって、それぞれ、重要な事項につき虚偽の記載のある有価証券報告書を提出したものである。 〔関連条文〕 金融商品取引法第197条第1項第1号、同法第24条第1項第1号、同法第207条第1項第1号、刑法第60条 法定刑：法人につき　7億円以下の罰金 個人につき　10年以下の懲役若しくは1000万円以下の罰金又は併科
2012-03-28,オリンパス株式会社,7733,オリンパス株式会社に係る虚偽有価証券報告書提出事件の告発について(3)（平成24年3月28日）,https://www.fsa.go.jp/sesc/news/c_2012/2012/20120328-2.html,平成２４年３月２８日 証券取引等監視委員会 オリンパス株式会社に係る虚偽有価証券報告書提出事件の告発について(3) 証券取引等監視委員会は、平成２４年３月２８日、金融商品取引法違反（虚偽有価証券報告書提出）の嫌疑で、下記の嫌疑者を東京地方検察庁検察官に告発した。 １．告発の対象となった犯則事実 犯則嫌疑者は、オリンパス株式会社の代表取締役であったＡ、常勤監査役であったＢ、取締役であったＣ、会社役員であるＤ、Ｅ及びＦと共謀の上、オリンパスの業務及び財産に関し 第１ オリンパスの平成１８年４月１日から平成１９年３月３１日までの連結会計年度につき、平成１９年６月２８日、関東財務局において、同財務局長に対し、オリンパスの連結会計年度における連結純資産額が２３２２億４９００万円であったにもかかわらず、損失を抱えた金融商品を簿外処理するなどの方法により、「純資産合計」欄に３４４８億７１００万円と記載するなどした連結貸借対照表を掲載した有価証券報告書を提出し 第２ オリンパスの平成１９年４月１日から平成２０年３月３１日までの連結会計年度につき、平成２０年６月２７日、前記関東財務局において、同財務局長に対し、オリンパスの連結会計年度における連結純資産額が２５１４億５０００万円であったにもかかわらず、損失を抱えた金融商品を簿外処理するとともに架空ののれん代を計上するなどの方法により、「純資産合計」欄に３６７８億７６００万円と記載するなどした連結貸借対照表を掲載した有価証券報告書を提出し もって、それぞれ、重要な事項につき虚偽の記載のある有価証券報告書を提出したものである。 〔関連条文〕 第１ 平成18年法律第65号第3条による改正前の証券取引法第197条第1項第1号、同法第24条第1項第1号、刑法第60条 法定刑：10年以下の懲役若しくは1000万円以下の罰金又は併科 第２ 平成20年法律第65号第1条による改正前の金融商品取引法第197条第1項第1号、同法第24条第1項第1号、刑法第60条 法定刑：10年以下の懲役若しくは1000万円以下の罰金又は併科
2012-03-23,AIJ投資顧問株式会社,,AIJ投資顧問株式会社による投資一任契約の締結に係る偽計事件の強制調査について（平成24年3月23日）,https://www.fsa.go.jp/sesc/news/c_2012/2012/20120323-3.html,平成２４年３月２３日 証券取引等監視委員会 AIJ投資顧問株式会社による投資一任契約の締結に係る偽計事件の強制調査について 証券取引等監視委員会は、本日（３月２３日）、金融商品取引法違反（投資一任契約の締結に係る偽計）の嫌疑で、ＡＩＪ投資顧問株式会社ほか関係先に対する強制調査を実施した。 〔関連条文〕 金融商品取引法第38条の2第1号、第198条の3、第207条第1項第3号、刑法第60条 法定刑：法人につき 3億円以下の罰金 個人につき 3年以下の懲役若しくは300万円以下の罰金、又は併科
2012-03-26,株式会社セラーテムテクノロジー株券,,株式会社セラーテムテクノロジー株券に係る偽計事件の告発について（平成24年3月26日）,https://www.fsa.go.jp/sesc/news/c_2012/2012/20120326-1.html,平成２４年３月２６日 証券取引等監視委員会 株式会社セラーテムテクノロジー株券に係る偽計事件の告発について 証券取引等監視委員会は、平成２４年３月２６日、金融商品取引法違反（偽計）の嫌疑で、下記の犯則嫌疑法人及び犯則嫌疑者２名を東京地方検察庁検察官に告発した。 １．告発の対象となった犯則事実 犯則嫌疑者両名は、大阪証券取引所に上場する犯則嫌疑法人株式会社セラーテムテクノロジーの浮動株時価総額が過少で上場廃止基準に抵触するおそれがあったことから、中国に本店を置く北京誠信能環科技有限公司（以下「北京誠信」という。）との間で実質的に株式交換を行うなどして、北京誠信を実質的に完全子会社化し、犯則嫌疑法人の株価の上昇を図るとともに、北京誠信株主らに犯則嫌疑法人の発行済株式の過半数を取得させるなどして、その経営支配権を北京誠信株主らに掌握させるスキームの実施をもくろんだ。しかしながら、同スキームは、北京誠信による「裏口上場」とみなされ、犯則嫌疑法人の株券が上場廃止基準に抵触することを危惧し、今度は新たに調達する資金で北京誠信を買収して実質的に完全子会社化したかのように偽装するスキームを企てた。 すなわち、犯則嫌疑者両名は、共謀の上、犯則嫌疑法人の業務に関し、同法人の株価の上昇を図る目的で、真実は、北京誠信株主らが、北京誠信を実質的に完全子会社化した犯則嫌疑法人の発行済株式の過半数を取得するなどの方法により、同法人の経営支配権を掌握するスキームであったにもかかわらず、その実態を隠し、平成２１年１１月１３日から１２月９日までの間に、犯則嫌疑法人の自己資金７億５０００万円を、いずれも北京誠信株主らが実質的に支配するTrue Honour Group Ltd.（以下「THG」という。）及びWEALTH CHIME INDUSTRIAL LIMITED（以下「WCI」という。）並びに犯則嫌疑法人の三社間で２回循環させる方法により、犯則嫌疑法人がWCIを割当先とする第三者割当増資によって調達した約１５億円の資金でTHG等を介して北京誠信を買収したかのように偽装した。 加えて、それらの情を秘し、東京証券取引所の適時開示情報伝達システムであるTDnetにより、平成２１年１１月１３日、犯則嫌疑法人の取締役会が、WCIを割当先とする第三者割当増資を実施して約１５億円の資金を調達し、その調達資金全てを北京誠信を実質的に完全子会社化するための買収資金に充当することを決議した旨の虚偽の事実を公表し、さらに、平成２１年１２月１６日、犯則嫌疑法人において前記第三者割当増資に係る約１５億円の払込手続が完了し、これにより北京誠信の実質的な完全子会社化が実現できることとなった旨の虚偽の事実を公表し、もって、有価証券の相場の変動を図る目的をもって、偽計を用いたものである。 ２．関連条文 金融商品取引法第158条、同法第197条第1項第5号、刑法第60条、犯則嫌疑法人につき、更に金融商品取引法第207条第1項第1号 法定刑：法人につき　7億円以下の罰金 個人につき　10年以下の懲役若しくは1000万円以下の罰金又は併科
2012-03-23,AIJ投資顧問株式会社,,AIJ投資顧問株式会社に対する検査結果に基づく勧告について（平成24年3月23日）,https://www.fsa.go.jp/sesc/news/c_2012/2012/20120323-2.html,平成24年３月23日 証券取引等監視委員会 ＡＩＪ投資顧問株式会社に対する検査結果に基づく勧告について １．勧告の内容 証券取引等監視委員会がＡＩＪ投資顧問株式会社（東京都中央区、資本金２３０百万円、役職員１１名、投資運用業）を検査した結果、下記のとおり、当該金融商品取引業者に係る法令違反の事実が認められたので、平成２４年３月２２日、証券取引等監視委員会は、内閣総理大臣及び金融庁長官に対して、金融庁設置法第２０条第１項の規定に基づき、行政処分を行うよう勧告した。 ２．事実関係 ○ 投資一任業務に関して、公益及び投資者保護上重大な法令違反行為等が認められる状況 （１）投資一任契約の締結の勧誘において、虚偽の事実を告知している行為 イ ＡＩＪ投資顧問株式会社（以下「当社」という。）は、投資一任契約を締結している年金基金等の顧客（以下「顧客」という。）に対し、かかる投資一任契約に基づく運用対象資産として当社が運用している外国投資信託「ＡＩＭグローバルファンド」（以下「ＡＩＭファンド」という。）の買付けを指図しているが、顧客に対してＡＩＭファンドの各サブファンドについて虚偽の基準価額を算出・報告していた事実が認められた。 ロ 虚偽の基準価額の算定に当たっては、当社社長は、自らの相場観に基づき決定した一定の数値を虚偽の基準価額として算出していた。 ハ 当社社長により算出された虚偽の基準価額は、ＡＩＭファンドの管理会社の取締役でもある当社取締役からＡＩＭファンドの販売証券会社であるアイティーエム証券株式会社（以下「ＩＴＭ」という。）に対して伝えられている。 ニ 当社は投資一任契約の締結の勧誘について、少なくとも平成１９年１０月以降、６６の顧客（年金基金）に対し、ＩＴＭと一体となって虚偽の基準価額や当該基準価額に基づく運用実態が記載されたリーフレットを配布し、投資一任契約の締結の勧誘を行っていることが認められた。 上記の行為は、金融商品取引契約の締結に関して、顧客に対し虚偽のことを告げる行為であり、金融商品取引法第３８条第１号に該当するものと認められる。 （２）虚偽の内容の運用報告書を顧客に交付する行為 当社は、金融商品取引法第４２条の７第１項の規定に基づく運用報告書の記載事項について、金融商品取引業等に関する内閣府令第１３４条第１項第２号ロに規定する事項のうち、有価証券の価額について、虚偽の基準価額を用いて記載をし、かかる運用報告書を顧客に交付していることが認められた。 上記の行為は、虚偽の内容の運用報告書を作成し、顧客に交付しているものであり、金融商品取引法第４２条の７第１項に違反するものと認められる。 （３）虚偽の内容の事業報告書を作成し、関東財務局長に提出する行為 イ 当社は第２２期事業報告書（平成２２年１月１日から平成２２年１２月３１日の事業年度）において、平成２２年１２月３１日現在の運用資産の総額として、国内の運用資産総額は１８３，２１０百万円、海外の運用資産総額は２０６，９９７百万円などと記載をして関東財務局長に提出している。 ロ しかしながら、これらの計数はＡＩＭファンドの受託銀行の代理人が算出している各サブファンドの基準価額等に基づかない虚偽の計数であることから、当社は事業報告書に虚偽の記載をしていると認められる。 上記の行為は、虚偽の事業報告書を作成し、関東財務局長に提出したものであり、金融商品取引法第４７条の２に違反するものと認められる。 （４）忠実義務違反 イ 当社は、顧客である年金基金等の財産の運用に当たって、著しく価値が毀損していることを知りながら自らが偽装した虚偽の基準価額をもってＡＩＭファンドを購入することを指図している。 ロ また、当社は、ＡＩＭファンドが出資している投資事業組合（当社社長が実質的に支配）に解約請求に係る外国投資信託受益証券を虚偽の基準価額で買い受けさせているなど、ファンドの財産を不当に流出させている。 ハ このように、当社は投資運用業者として、権利者である顧客のため忠実に業務を行っていないと認められる。 上記の行為は、忠実義務に違反するものであり、金融商品取引法第４２条第１項に違反するものと認められる。 （参考条文） ○ 金融商品取引法（昭和23年法律第25号）（抄） （禁止行為） 第三十八条　金融商品取引業者等又はその役員若しくは使用人は、次に掲げる行為をしてはならない。ただし、第四号から第六号までに掲げる行為にあつては、投資者の保護に欠け、取引の公正を害し、又は金融商品取引業の信用を失墜させるおそれのないものとして内閣府令で定めるものを除く。 一　金融商品取引契約の締結又はその勧誘に関して、顧客に対し虚偽のことを告げる行為 二～七　（略） （権利者に対する義務） 第四十二条　金融商品取引業者等は、権利者（次の各号に掲げる業務の区分に応じ当該各号に定める者をいう。以下この款において同じ。）のため忠実に投資運用業を行わなければならない。 一　第二条第八項第十二号に掲げる行為を行う業務　同号イ又はロに掲げる契約の相手方 二　第二条第八項第十四号に掲げる行為を行う業務　同号に規定する有価証券に表示される権利その他の政令で定める権利を有する者 三　第二条第八項第十五号に掲げる行為を行う業務　同号イからハまでに掲げる権利その他同号に規定する政令で定める権利を有する者 ２　（略） （運用報告書の交付） 第四十二条の七　金融商品取引業者等は、運用財産について、内閣府令で定めるところにより、定期に運用報告書を作成し、当該運用財産に係る知れている権利者に交付しなければならない。ただし、運用報告書を権利者に交付しなくても権利者の保護に支障を生ずることがない場合として内閣府令で定める場合は、この限りでない。 ２・３　（略） （事業報告書の提出） 第四十七条の二　金融商品取引業者は、事業年度ごとに、内閣府令で定めるところにより、事業報告書を作成し、毎事業年度経過後三月以内に、これを内閣総理大臣に提出しなければならない。 参考資料（PDF:366KB）
2012-03-23,アイティーエム証券株式会社,,アイティーエム証券株式会社に対する検査結果に基づく勧告について（平成24年3月23日）,https://www.fsa.go.jp/sesc/news/c_2012/2012/20120323-1.html,平成24年３月23日 証券取引等監視委員会 アイティーエム証券株式会社に対する検査結果に基づく勧告について １．勧告の内容 証券取引等監視委員会がアイティーエム証券株式会社（東京都中央区、資本金１，５９０百万円、役職員１７名、第一種金融商品取引業）を検査した結果、下記のとおり、当該金融商品取引業者に係る法令違反の事実が認められたので、平成２４年３月２２日、証券取引等監視委員会は、内閣総理大臣及び金融庁長官に対して、金融庁設置法第２０条第１項の規定に基づき、行政処分を行うよう勧告した。 ２．事実関係 ○ 外国投資信託受益証券につき、基準価額等が虚偽であること又はその可能性を認識しながら、販売及び当該基準価額等の提供等を行っている行為 アイティーエム証券株式会社（以下「当社」という。）においては、遅くとも平成１５年９月頃以降、当社が販売する外国投資信託受益証券について、当該外国投資信託の管理会社や当社を実質的に支配する投資運用業者から提供される基準価額等が実態とは異なり虚偽であること、又は虚偽である可能性が高いことを認識しながら、何ら有効な検証を行うことなくその販売を行い、また、顧客に対して虚偽の基準価額の提供及びこれに基づく運用収益等の報告を行っていた状況が認められた。 当社がこのような状況の下で行っていた上記外国投資信託受益証券の販売行為は、金融商品取引契約の締結又はその勧誘に関して、顧客に対し虚偽のことを告げる行為であり、金融商品取引法第３８条第１号に該当するものと認められる（平成１９年９月２９日以前の行為は、旧証券取引法第４２条第１項第１０号（平成１７年３月３１日以前の行為については同項第９号）に基づく証券会社の行為規制等に関する内閣府令（昭和４０年大蔵省令第６０号）第４条第１号に該当）。 また、当社における上記の行為は、当社を実質的に支配する投資運用業者による悪質な虚偽の基準価額の算出について、これを実行あるいは維持し、更には長期間に亘ってその発覚を免れるに当たって、極めて重要な役割を果たすこととなり、また、当社の顧客の大宗を占める年金基金等の顧客に重大な被害を被らせることとなっていることに鑑みれば、金融商品取引業に関し、不正又は著しく不当な行為をした場合において、その情状が特に重いと認められる。 （参考条文） ○ 金融商品取引法（昭和23年法律第25号）（抄） （禁止行為） 第三十八条　金融商品取引業者等又はその役員若しくは使用人は、次に掲げる行為をしてはならない。ただし、第四号から第六号までに掲げる行為にあつては、投資者の保護に欠け、取引の公正を害し、又は金融商品取引業の信用を失墜させるおそれのないものとして内閣府令で定めるものを除く。 一　金融商品取引契約の締結又はその勧誘に関して、顧客に対し虚偽のことを告げる行為 二～七　（略） ○ 証券取引法（昭和23年法律第25号）（抄） （禁止行為） 第四十二条　証券会社又はその役員若しくは使用人は、次に掲げる行為をしてはならない。ただし、第五号及び第六号に掲げる行為にあつては、第三十四条第二項第一号の投資一任契約に係る業務として行うもの及び投資者の保護に欠け、取引の公正を害し、又は証券業の信用を失墜させるおそれのないものとして内閣府令で定めるものを除く。 一～九　（略） 十　前各号に掲げるもののほか、有価証券の売買その他の取引又は有価証券指数等先物取引等（有価証券指数等先物取引又はこれに係る第二条第八項第二号若しくは第三号に掲げる行為をいう。以下同じ。）、有価証券オプション取引等（有価証券オプション取引又はこれに係る同項第二号若しくは第三号に掲げる行為をいう。以下同じ。）若しくは有価証券店頭デリバティブ取引等に関する行為で投資者の保護に欠け、若しくは取引の公正を害し、又は証券業の信用を失墜させるものとして内閣府令で定める行為 ２　（略） ○ 証券会社の行為規制等に関する内閣府令（昭和40年大蔵省令第60号）（抄） （禁止行為） 第四条　法第四十二条第一項第十号（同条第二項において準用する場合を含む。）に規定する内閣府令で定める行為は、次に掲げるものとする。 一　有価証券の売買その他の取引又は有価証券指数等先物取引等、有価証券オプション取引等（それぞれ法第四十二条第一項第十号に規定する有価証券指数等先物取引等又は有価証券オプション取引等をいう。以下同じ。）、有価証券店頭デリバティブ取引等（法第二条第八項第三号の二に規定する有価証券店頭デリバティブ取引等をいう。次号において同じ。）若しくは外国市場証券先物取引等に関し、虚偽の表示をし又は重要な事項につき誤解を生ぜしめるべき表示をする行為 二～十七　（略） 参考資料（PDF:119KB）
2012-03-21,株式会社フェイス,3489,株式会社フェイス社員からの情報受領者による内部者取引に対する課徴金納付命令の勧告について（平成24年3月21日）,https://www.fsa.go.jp/sesc/news/c_2012/2012/20120321-1.html,"平成２４年３月２１日 証券取引等監視委員会 株式会社フェイス社員からの情報受領者による内部者取引に対する課徴金納付命令の勧告について １．勧告の内容 証券取引等監視委員会は、株式会社フェイス社員からの情報受領者による内部者取引について検査した結果、下記のとおり法令違反の事実が認められたので、本日、内閣総理大臣及び金融庁長官に対して、金融庁設置法第２０条第１項の規定に基づき、課徴金納付命令を発出するよう勧告を行った。 ２．法令違反の事実関係 課徴金納付命令対象者は、株式会社フェイス（以下「フェイス」という。）の社員から、同人がその職務に関し知った、フェイスの業務執行を決定する機関が、コロムビアミュージックエンタテインメント株式会社（現日本コロムビア株式会社）の総株主等の議決権の数の１００分の５以上の株式を買い集めることについての決定をした旨の公開買付けに準ずる行為の実施に関する事実の伝達を受けながら、この事実が公表された平成２２年１月２２日より前の同月２０日、自己の計算において、コロムビアミュージックエンタテインメント株式会社の株式合計１１万株を買付価額合計３７３万円で買い付けたものである。 課徴金納付命令対象者が行った上記の行為は、金融商品取引法第１７５条第２項に規定する「第１６７条第１項又は第３項の規定に違反して、同条第１項に規定する特定株券等若しくは関連株券等に係る買付け等又は同項に規定する株券等に係る売付け等をした」行為に該当すると認められる。 ３．課徴金の額の計算 上記の違法行為に対し、金融商品取引法に基づき納付を命じられる課徴金の額は、１３３万円である。 計算方法の詳細については、別紙のとおり。 （別紙） ○ 課徴金の額の計算方法について 金融商品取引法第１７５条第２項に基づき、課徴金の額は、 （公開買付け等の実施に関する事実が公表された後２週間における最も高い価格）×（買付株数）－（買付価格）×（買付株数） となる。 したがって、公開買付け等の実施に関する事実の公表後２週間におけるコロムビアミュージックエンタテインメント株式会社の最も高い株価は、平成２２年１月２２日の４６円であることから、課徴金の額は下記の金額となる。 （４６円×１１０，０００株）－買付価額３，７３０，０００円（注）＝１，３３０，０００円 （注）買付価額は、「33円×10,000株＋34円×100,000株」の合計額である。"
2012-03-22,黒崎播磨株式会社,5352,黒崎播磨株式会社株券に係る内部者取引事件の告発について(1)（平成24年3月22日）,https://www.fsa.go.jp/sesc/news/c_2012/2012/20120322-1.html,平成２４年３月２２日 証券取引等監視委員会 黒崎播磨株式会社株券に係る内部者取引事件の告発について（１） 証券取引等監視委員会は、平成２４年３月２２日、金融商品取引法違反（インサイダー取引）の嫌疑で、下記の犯則嫌疑者２名を福岡地方検察庁検察官に告発した。 １．告発の対象となった犯則事実 第１ 犯則嫌疑者両名は、犯則嫌疑者Ａが、平成２０年１２月１９日ころ、自己の職務に関し、黒崎播磨が新たに算出した平成２０年４月１日から平成２１年３月３１日までの事業年度における同社及び同社が属する企業集団の経常利益の各予想値について、同社が平成２０年５月１５日に公表していた各予想値と比較して、投資者の投資判断に及ぼす影響が重要なものとして内閣府令で定める基準に該当する差異が生じた旨の同社の業務等に関する重要事実を知ったことから、あらかじめ信用取引により同社の株券を売り付け、同事実の公表後に買い戻して利益を得ようと企て、共謀の上、いずれも法定の除外事由がないのに、その公表前である平成２０年１２月２６日から平成２１年１月５日までの間、証券会社を介し、東京証券取引所において、犯則嫌疑者Ｂ名義で黒崎播磨の株券合計４３万１０００株を代金合計１億１５７万１０００円で売り付け 第２ 犯則嫌疑者両名は、犯則嫌疑者Ａが、平成２２年１月１４日ころ、自己の職務に関し、黒崎播磨が新たに算出した平成２１年４月１日から平成２２年３月３１日までの事業年度における同社が属する企業集団の経常利益の予想値について、同社が平成２１年１１月１１日に公表していた予想値と比較して、投資者の投資判断に及ぼす影響が重要なものとして内閣府令で定める基準に該当する差異が生じた旨の同社の業務等に関する重要事実を知ったことから、あらかじめ同社の株券を買い付け、同事実の公表後に売り付けて利益を得ようと企て、共謀の上、いずれも法定の除外事由がないのに、その公表前である平成２２年１月２０日から同年２月１０日までの間、証券会社を介し、東京証券取引所において、犯則嫌疑者Ｂ名義で黒崎播磨の株券合計３０万３０００株を代金合計５１６４万４０００円で買い付け 第３ 犯則嫌疑者Ｂは、平成２２年１月中旬ころ、前記Ａから、同人が自己の職務に関し知った第２記載の重要事実の伝達を受けたことから、あらかじめ同社の株券を買い付け、同事実の公表後に売り付けて利益を得ようと企て、法定の除外事由がないのに、その公表前である平成２２年２月２日から同月１０日までの間、証券会社を介し、東京証券取引所において、知人名義で黒崎播磨の株券合計６万１０００株を代金合計１０１３万４０００円で買い付け たものである。 ２．関連条文 第１及び第２につき 金融商品取引法第197条の2第13号、同法第166条第1項第1号、同条第2項 第3号、刑法第60条 犯則嫌疑者Ｂにつき更に刑法第65条第1項 第３につき 金融商品取引法第197条の2第13号、同法第166条第3項、同条第2項第3号 法定刑：5年以下の懲役若しくは500万円以下の罰金、又は併科
2012-03-22,黒崎播磨株式会社,5352,黒崎播磨株式会社株券に係る内部者取引事件の告発について(2)（平成24年3月22日）,https://www.fsa.go.jp/sesc/news/c_2012/2012/20120322-2.html,平成２４年３月２２日 証券取引等監視委員会 黒崎播磨株式会社株券に係る内部者取引事件の告発について（２） 証券取引等監視委員会は、平成２４年３月２２日、金融商品取引法違反（インサイダー取引）の嫌疑で、下記の犯則嫌疑者２名を福岡地方検察庁検察官に告発した。 １．告発の対象となった犯則事実 第１ 犯則嫌疑者Ａは、平成２２年１１月９日、自己の職務に関し、黒崎播磨が新たに算出した平成２２年４月１日から平成２３年３月３１日までの事業年度における同社が属する企業集団の当期純利益の予想値について、同社が平成２２年５月１３日に公表していた予想値と比較して、投資者の投資判断に及ぼす影響が重要なものとして内閣府令で定める基準に該当する差異が生じた旨の同社の業務等に関する重要事実を知ったことから、あらかじめ同社の株券を買い付け、同事実の公表後に売り付けて利益を得ようと企て、法定の除外事由がないのに、その公表前である平成２２年１１月１０日、証券会社を介し、東京証券取引所において、知人名義で黒崎播磨の株券合計１７万１０００株を代金合計５２０５万８０００円で買い付け 第２ 犯則嫌疑者Ｂは、平成２２年１１月９日ころ、前記Ａから、同人が自己の職務に関し知った第１記載の重要事実の伝達を受けたことから、あらかじめ同社の株券を買い付け、同事実の公表後に売り付けて利益を得ようと企て、法定の除外事由がないのに、その公表前である同月１０日、証券会社を介し、東京証券取引所において、犯則嫌疑者Ｂ名義で黒崎播磨の株券合計１０万６０００株を代金合計３１８９万３０００円で買い付け たものである。 ２．関連条文 第１につき 金融商品取引法第197条の2第13号、同法第166条第1項第１号、同条第2項 第3号 第２につき 金融商品取引法第197条の2第13号、同法第166条第3項、同条第2項第3号 法定刑：5年以下の懲役若しくは500万円以下の罰金、又は併科
2012-03-16,株式会社ＳＪＩ,,株式会社ＳＪＩとの契約締結交渉者からの情報受領者による内部者取引に対する課徴金納付命令の勧告について（平成24年3月16日）,https://www.fsa.go.jp/sesc/news/c_2012/2012/20120316-1.html,"平成２４年３月１６日 証券取引等監視委員会 株式会社ＳＪＩとの契約締結交渉者からの情報受領者による内部者取引に対する課徴金納付命令の勧告について ※　本件は、金融庁において平成24年10月19日に 違反事実がないと認める旨の決定 がありました。 １．勧告の内容 証券取引等監視委員会は、株式会社ＳＪＩとの契約締結交渉者からの情報受領者による内部者取引について検査した結果、下記のとおり法令違反の事実が認められたので、本日、内閣総理大臣及び金融庁長官に対して、金融庁設置法第２０条第１項の規定に基づき、課徴金納付命令を発出するよう勧告を行った。 ２．法令違反の事実関係 課徴金納付命令対象者は、株式会社ＳＪＩ（以下「ＳＪＩ」という。）と業務提携基本契約の締結の交渉をしていたDigital China Holdings Ltd.（以下「デジタル・チャイナ」という。）の役員から、同人が同契約の締結の交渉に関し知った、ＳＪＩの業務執行を決定する機関が、その発行する株式を引き受ける者の募集を行うこと及びデジタル・チャイナと業務上の提携を行うことについての決定をした旨の事実の伝達を受けながら、上記事実が公表された平成２１年１１月４日より前の同年８月２８日、自己の計算において、ＳＪＩの株式合計２４株を買付価額合計４６万４０４０円で買い付けたものである。 課徴金納付命令対象者が行った上記の行為は、金融商品取引法第１７５条第１項に規定する「第１６６条第１項又は第３項の規定に違反して、同条第１項に規定する売買等をした」行為に該当すると認められる。 ３．課徴金の額の計算 上記の違法行為に対し、金融商品取引法に基づき納付を命じられる課徴金の額は、５５万円である。 計算方法の詳細については、別紙のとおり。 （別紙） ○課徴金の額の計算方法について 金融商品取引法第１７５条第１項に基づき、課徴金の額は、 （重要事実が公表された後２週間における最も高い価格）×（買付株数）－（買付価格）×（買付株数） となる。 したがって、重要事実の公表後２週間におけるＳＪＩの最も高い株価は、平成２１年１１月６日の４２，４００円であることから、課徴金の額は下記の金額となる。 （４２，４００円×２４株）－買付価額４６４，０４０円（注）＝ ５５３，５６０円 ⇒課徴金の額は１万円未満を切り捨てるため、 ５５万円 （注）買付価額は、「19,260円×4株＋19,350円×20株」の合計額である。"
2012-03-21,国際石油開発帝石株式会社,,国際石油開発帝石株式会社の契約締結交渉先の社員からの情報受領者による内部者取引に対する課徴金納付命令の勧告について（平成24年3月21日）,https://www.fsa.go.jp/sesc/news/c_2012/2012/20120321-2.html,平成２４年３月２１日 証券取引等監視委員会 国際石油開発帝石株式会社の契約締結交渉先の社員からの情報受領者による内部者取引に対する課徴金納付命令の勧告について １．勧告の内容 証券取引等監視委員会は、国際石油開発帝石株式会社の契約締結交渉先の社員からの情報受領者による内部者取引について検査した結果、下記のとおり法令違反の事実が認められたので、本日、内閣総理大臣及び金融庁長官に対して、金融庁設置法第２０条第１項の規定に基づき、課徴金納付命令を発出するよう勧告を行った。 ２．法令違反の事実関係 中央三井アセット信託銀行株式会社は、その締結した投資一任契約に基づき、当該契約の相手方がその資産を管理するファンドの資産の運用を行っていたところ、当該運用を行っていた同社社員が、平成２２年６月３０日に、国際石油開発帝石株式会社と株式引受契約の締結に向けた交渉を行っていた証券会社の社員甲から、同証券会社の他の社員乙が交渉に関して知り、甲がその職務に関し知った、国際石油開発帝石株式会社の業務執行を決定する機関が株式の募集を行うことについての決定をした事実の伝達を受け、この事実が公表された平成２２年７月８日より以前の同月１日から同月７日までの間、上記ファンドの計算において、国際石油開発帝石株式会社の株式合計２１０株を総額1億１２４万１，４９８円で売り付けたものである。 ３．課徴金の額の計算 上記の違法行為に対し金融商品取引法に基づき納付を命じられる課徴金の額は、５万円である。 計算方法の詳細については、別紙のとおり。 （別紙） ○ 課徴金の額の計算方法について (1) 金融商品取引法第１７５条第１項第３号・金融商品取引法第六章の二の規定による課徴金に関する内閣府令第１条の２１第１項第１号の規定により、金融商品取引法第１７５条第１項第３号に規定する売買をした者（以下「違反者」という。）が運用財産の運用として当該売買を行った場合、（ア）当該売買が行われた月について違反者に当該運用財産の運用の対価として支払われ、又は支払われるべき金銭その他の財産の価額の総額に、（イ）当該売買が行われた日からその月の末日までの間の当該運用財産である当該売買の銘柄の総額のうち最も高い額を乗じ、（ウ）当該取引が行われた月の末日における当該運用財産の総額で除した額。 （ア）３，４９８，１４９円×（イ）４４，１５０，０００円÷（ウ）２，７８２，６８９，６２９円 ＝５５，５０１円 (2) 金融商品取引法第１７６条第２項の規定により、上記(１)で計算した額の１万円未満の端数を切捨て。
2012-03-13,丸大証券株式会社,,丸大証券株式会社に対する検査結果に基づく勧告について（平成24年3月13日）,https://www.fsa.go.jp/sesc/news/c_2012/2012/20120313-1.html,平成24年３月13日 証券取引等監視委員会 丸大証券株式会社に対する検査結果に基づく勧告について １．勧告の内容 関東財務局長が丸大証券株式会社（東京都中央区、資本金３６５百万円、役職員３２名、第一種金融商品取引業）を検査した結果、下記のとおり、当該金融商品取引業者に係る法令違反の事実が認められたので、本日、証券取引等監視委員会は、内閣総理大臣及び金融庁長官に対して、金融庁設置法第２０条第１項の規定に基づき、行政処分を行うよう勧告した。 ２．事実関係 ○ 顧客分別金信託を不正に流用している状況等 丸大証券株式会社（以下「当社」という。）は、平成２３年１月以降、顧客からの預り金を不正に少なく記録することなどにより、当社が金融商品取引業を行わないこととなった場合に顧客に返還すべき額に相当する金銭（以下「信託必要額」という。）を過少に計上し、本来、顧客分別金信託として信託すべき金額との差額を当社の運転資金に流用した。 その結果、当社の顧客分別金信託の信託財産は、検査基準日（平成２４年２月２１日）現在、信託必要額に大幅に満たない金額となっている。 また、当社は、検査中に、上記の状況が露見したにもかかわらず、次の信託財産の差替計算基準日（平成２４年３月６日）においても、なお大幅な信託不足の状況を解消できていない。 更に、当社は、検査の過程で資金調達の必要性を認識したにもかかわらず、平成２４年３月６日時点で資金繰りの目途が立たないことから、直ちにその不足額を埋め合わせすることができないとしている。 当社における上記の状況は、金融商品取引法（以下「金商法」という。）第４３条の２第２項に規定する顧客資産の分別管理義務に違反するものと認められる。 また、当社は、現時点で資金繰りの目途がつかず、信託不足額を埋め合わせることができない状況にあることから、当社における上記の状況は、金商法第５２条第１項第７号に規定する「業務又は財産の状況に照らし支払不能に陥るおそれがあるとき」に該当するものと認められる。 （参考条文） ○ 金融商品取引法（昭和23年法律第25号）（抄） （分別管理） 第四十三条の二　（略） ２　金融商品取引業者等は、次に掲げる金銭又は有価証券について、当該金融商品取引業者等が金融商品取引業（略）を廃止した場合その他 金融商品取引業を行わないこととなつた場合に顧客に返還すべき額 として内閣府令で定めるところにより算定したもの に相当する金銭を、自己の固有財産と分別して管理 し、内閣府令で定めるところにより、当該金融商品取引業者等が金融商品取引業を廃止した場合その他金融商品取引業を行わないこととなつた場合に 顧客に返還すべき額に相当する金銭を管理することを目的として、国内において、信託会社等に信託をしなければならない 。 一　第百十九条の規定により金融商品取引業者等が顧客から預託を受けた金銭（有価証券関連デリバティブ取引に関して預託を受けたものに限る。）又は第百六十一条の二の規定により金融商品取引業者が顧客から預託を受けた金銭 二　対象有価証券関連取引に関し、顧客の計算に属する金銭又は金融商品取引業者等が顧客から預託を受けた金銭（前号に掲げる金銭を除く。） 三　前項各号に掲げる有価証券のうち、第四十三条の四第一項の規定により担保に供されたもの ３　（略） （金融商品取引業者に対する監督上の処分） 第五十二条　内閣総理大臣は、金融商品取引業者が次の各号のいずれかに該当する場合においては、当該金融商品取引業者の第二十九条の登録を取り消し（略）、又は六月以内の期間を定めて業務の全部若しくは一部の停止を命ずることができる。 一～六　（略） 七　業務又は財産の状況に照らし支払不能に陥るおそれがあるとき 。 八～十一　（略） ２～５　（略）
2012-02-28,アサヒ衛陶株式会社,,アサヒ衛陶株式会社役員からの情報受領者による内部者取引に対する課徴金納付命令の勧告について（平成24年2月28日）,https://www.fsa.go.jp/sesc/news/c_2012/2012/20120228-1.html,"平成２４年２月２８日 証券取引等監視委員会 アサヒ衛陶株式会社役員からの情報受領者による内部者取引に対する課徴金納付命令の勧告について １．勧告の内容 証券取引等監視委員会は、アサヒ衛陶株式会社役員からの情報受領者による内部者取引について検査した結果、下記のとおり法令違反の事実が認められたので、本日、内閣総理大臣及び金融庁長官に対して、金融庁設置法第２０条第１項の規定に基づき、課徴金納付命令を発出するよう勧告を行った。 ２．法令違反の事実関係 課徴金納付命令対象者は、アサヒ衛陶株式会社（以下「アサヒ衛陶」という。）の役員から、同人がその職務に関し知った、同社の平成２３年１１月期の当期純利益について、平成２３年１月１７日に公表がされた直近の予想値５００万円に比較して、同社が新たに算出した予想値において投資者の投資判断に及ぼす影響が重要なものとして内閣府令で定める基準に該当する差異が生じた事実の伝達を受けながら、新たに算出した予想値が７４００万円として公表がされた平成２３年４月１４日より前の同月６日及び同月１２日、自己の計算において、アサヒ衛陶の株式合計２０００株を買付価額合計１２万４０００円で買い付けたものである。 課徴金納付命令対象者が行った上記の行為は、金融商品取引法第１７５条第１項に規定する「第１６６条第１項又は第３項の規定に違反して、同条第１項に規定する売買等をした」行為に該当すると認められる。 ３．課徴金の額の計算 上記の違法行為に対し、金融商品取引法に基づき納付を命じられる課徴金の額は、１０万円である。 計算方法の詳細については、別紙のとおり。 （別紙） ○ 課徴金の額の計算方法について 金融商品取引法第１７５条第１項に基づき、課徴金の額は、 （重要事実が公表された後２週間における最も高い価格）×（買付株数）－（買付価格）×（買付株数） となる。 したがって、重要事実の公表後２週間におけるアサヒ衛陶の最も高い株価は、平成２３年４月１８日の１１６円であることから、課徴金の額は下記の金額となる。 （１１６円×２，０００株）－買付価額１２４，０００円（注）＝１０８，０００円 ⇒課徴金の額は１万円未満を切り捨てるため、 １０万円 （注）買付価額は、「60円×1,000株＋64円×1,000株」の合計額である。"
2012-03-06,オリンパス株式会社,7733,オリンパス株式会社に係る虚偽有価証券報告書提出事件の告発について（平成24年3月6日）,https://www.fsa.go.jp/sesc/news/c_2012/2012/20120306-1.html,平成２４年３月６日 証券取引等監視委員会 オリンパス株式会社に係る虚偽有価証券報告書提出事件の告発について 証券取引等監視委員会は、平成24年3月6日、証券取引法及び金融商品取引法違反（虚偽有価証券報告書提出）の嫌疑で、下記の嫌疑法人及び嫌疑者を東京地方検察庁検察官に告発した。 １．告発の対象となった犯則事実 犯則嫌疑者６名は、共謀の上、犯則嫌疑法人オリンパス株式会社の業務及び財産に関し 第１ 犯則嫌疑法人の平成１８年４月１日から平成１９年３月３１日までの連結会計年度につき、平成１９年６月２８日、関東財務局において、同財務局長に対し、犯則嫌疑法人の連結会計年度における連結純資産額が２３２２億４９００万円であったにもかかわらず、損失を抱えた金融商品を簿外処理するなどの方法により、「純資産合計」欄に３４４８億７１００万円と記載するなどした連結貸借対照表を掲載した有価証券報告書を提出し 第２ 犯則嫌疑法人の平成１９年４月１日から平成２０年３月３１日までの連結会計年度につき、平成２０年６月２７日、前記関東財務局において、同財務局長に対し、犯則嫌疑法人の連結会計年度における連結純資産額が２５１４億５０００万円であったにもかかわらず、損失を抱えた金融商品を簿外処理するとともに架空ののれん代を計上するなどの方法により、「純資産合計」欄に３６７８億７６００万円と記載するなどした連結貸借対照表を掲載した有価証券報告書を提出し もって、それぞれ、重要な事項につき虚偽の記載のある有価証券報告書を提出したものである。 〔関連条文〕 第１ 平成18年法律第65号第3条による改正前の証券取引法第197条第1項第1号、同法第24条第1項第1号、同法第207条第1項第1号、刑法第60条 法定刑：法人につき　7億円以下の罰金 個人につき　10年以下の懲役若しくは1000万円以下の罰金又は併科 第２ 平成20年法律第65号第1条による改正前の金融商品取引法第197条第1項第1号、同法第24条第1項第1号、同法第207条第1項第1号、刑法第60条 法定刑：法人につき　7億円以下の罰金 個人につき　10年以下の懲役若しくは1000万円以下の罰金又は併科
2012-02-24,三晃証券株式会社,,三晃証券株式会社に対する検査結果に基づく勧告について（平成24年2月24日）,https://www.fsa.go.jp/sesc/news/c_2012/2012/20120224-1.html,平成24年２月24日 証券取引等監視委員会 三晃証券株式会社に対する検査結果に基づく勧告について １．勧告の内容 関東財務局長が三晃証券株式会社（東京都渋谷区、資本金３億円、役職員５１名、第一種金融商品取引業）を検査した結果、下記のとおり、当該金融商品取引業者及びその使用人に係る法令違反の事実が認められたので、本日、証券取引等監視委員会は、内閣総理大臣及び金融庁長官に対して、金融庁設置法第２０条第１項の規定に基づき、行政処分及び適切な措置を講じるよう勧告した。 ２．事実関係 ○ 上場株式の相場を変動させる目的をもって、当該株式に係る買付け等を行う行為 三晃証券株式会社商品部のディーラー１名は、その業務に関し、少なくとも平成２３年４月１日から同３０日までの間、多数の上場銘柄の株式に係る自己売買取引において、当該取引を有利に導くために、他の市場参加者からの注文を誘うなどの方法により、相場を変動させる目的をもって買付け又は買付けの申込みを行っていた。 当該金融商品取引業者及びその使用人が行った上記行為は、金融商品取引法第３８条第７号に基づく金融商品取引業等に関する内閣府令第１１７条第１項第１９号に規定する「取引所金融商品市場における上場金融商品等の相場を変動させる目的をもって、当該上場金融商品等に係る買付け又は買付けの申込みをする行為」に該当するものと認められる。 （参考条文） ○ 金融商品取引法（昭和23年法律第25号）（抄） （禁止行為） 第三十八条 金融商品取引業者等又はその役員若しくは使用人は、次に掲げる行為をしてはならない 。ただし、第四号から第六号までに掲げる行為にあつては、投資者の保護に欠け、取引の公正を害し、又は金融商品取引業の信用を失墜させるおそれのないものとして内閣府令で定めるものを除く。 一～六　（略） 七　前各号に掲げるもののほか、 投資者の保護に欠け、若しくは取引の公正を害し、又は金融商品取引業の信用を失墜させるものとして内閣府令で定める行為 ○ 金融商品取引業等に関する内閣府令（平成19年内閣府令第52号）（抄） （禁止行為） 第百十七条　法第三十八条第七号に規定する内閣府令で定める行為は、次に掲げる行為とする。 一～十八　（略） 十九 取引所金融商品市場における上場金融商品等 （金融商品取引所が上場する金融商品、金融指標又はオプションをいう。以下同じ。）若しくは店頭売買有価証券市場における店頭売買有価証券 の相場 若しくは相場若しくは取引高に基づいて算出した数値 を変動させ 、若しくはくぎ付けし、固定し、若しくは安定させ、又は取引高を増加させ る目的をもって、当該上場金融商品等 若しくは当該店頭売買有価証券 に係る買付け 若しくは売付け若しくはデリバティブ取引 又はこれらの申込み 若しくは委託等 をする行為 二十～三十二　（略） ２～２２　（略）
2012-03-09,株式会社総和地所,,株式会社総和地所に対する検査結果に基づく勧告について（平成24年3月9日）,https://www.fsa.go.jp/sesc/news/c_2012/2012/20120309-1.html,"平成２４年３月９日 証券取引等監視委員会 株式会社総和地所に対する検査結果に基づく勧告について １．勧告の内容 関東財務局長が株式会社総和地所（東京都新宿区、資本金９億１,０００万円、役職員４名、第二種金融商品取引業）を検査した結果、下記のとおり、当該金融商品取引業者に係る法令違反等の事実が認められたので、本日、証券取引等監視委員会は、内閣総理大臣及び金融庁長官に対して、金融庁設置法第２０条第１項の規定に基づき、行政処分を行うよう勧告した。 ２．事実関係 ○ 業務の運営の状況に関し、公益又は投資者保護上重大な問題が認められる状況 （１）株式会社総和地所が、同社事務室において行われていた極めて不適切な行為に関与している状況 株式会社総和地所（以下「当社」という。）は、当社元代表取締役（以下「元社長」という。）の知人から紹介された者（以下「Ａ氏」という。）の依頼により、平成２３年２月１日以降、Ａ氏が連れてきた複数の者（以下「販売グループ」という。）に対し、当社事務室及び事務備品の使用を許諾し、販売グループが行っていた当社株式の売付けに係る代金として当社株式を購入した個人投資家（以下「顧客」という。）より振り込まれる現金の入金確認業務等を行っていた。 なお、当社がＡ氏及び販売グループのために行っていた業務の具体的内容は、次のとおりである。 イ 入金確認業務 当社元従業員ら（以下「元従業員ら」という。）は、販売グループによる当社株式の売付けに係る代金の振込先とされている当社名義の銀行口座（以下「当社口座」という。)について、顧客から入金された現金の確認のために預金通帳への記帳を行い、販売グループへ入金額、顧客名の報告を行っていた。 ロ 株主名簿書換え業務 元従業員らは、入金確認済みの顧客に交付する株主名簿記載事項証明書を作成し、元社長が記名押印を行った上、これを販売グループへ渡し、併せて、自社で保管作成していた株主名簿の書換えを行っていた。 ハ 出金受渡し業務 元従業員らは、顧客より当社口座に入金された現金を即日のうちに全額引き出し、当社において封筒の束で保管した上、週に１回程度の頻度でＡ氏に渡していた。 ニ 電話応対業務、苦情対応業務及び返金処理業務等 元従業員らは、顧客より販売グループ宛に掛かってくる電話を、販売グループの担当者へ内線電話により取り次いでいた。 また、元従業員らは、顧客より当社株式の購入金額の返金要請があった場合には、販売グループないし元社長からの指示に従って、和解契約書や合意書又は元社長を買主とする売買契約書の作成及びこれに基づく返金処理事務等も行っていた。なお、顧客からの返金要請分については、Ａ氏より資金提供を受け返金していた。 当社においては、遅くとも、当社を名宛人とする顧客からの内容証明通知書や訴状等が多数寄せられるようになった平成２３年４月以降について苦情内容を確認し、また、Ａ氏からの資金提供により苦情顧客への返金処理事務を行うなど、Ａ氏及び販売グループによって何らかの極めて不適切な行為が行われていることを十分認識しながら、その後も、同２４年１月１８日（以下「検査基準日」という。）現在まで、Ａ氏らの依頼に基づき、入金確認業務等を行い、当社事務室及び事務備品を販売グループに対して使用させたものであり、当社事務室において行われていた極めて不適切な行為に関与していた当社の業務の運営状況は、著しく不適当と認められる。 当社における上記の状況は、金融商品取引法(以下「金商法」という。)第５１条に規定する、業務の運営状況の改善に必要な措置をとるべきことを命ずることができる場合の要件となる「業務の運営の状況に関し、公益又は投資者保護のため必要かつ適当であると認めるとき」に該当するものと認められる。 （２）第二種金融商品取引業を適確に遂行するに足りる人的構成が確保されていない状況 イ 常勤役員が不在の状況 当社においては、平成２３年８月に元社長が辞任した以降、代表取締役を含む全ての役員が出社しておらず、当社の業務運営に一切関与していない状況にあった。 ロ 使用人が１名であること 検査基準日現在における当社使用人は１名のみであり、同人は、不動産仲介業に専従する社員にすぎないことが認められた。 以上のとおり、当社においては、検査基準日現在、金商法等の関連諸規則について知識及び経験を有する役員及び使用人は確保されておらず、金融商品取引業を営む会社としての業務執行体制は構築されていない状況と認められる。 当社は、金商法第２９条の４第１項第１号ニに定める「金融商品取引業を適確に遂行するに足りる人的構成を有しない者」に該当するものと認められ、金融商品取引業者に対して監督上の処分を命ずることができる場合の要件となる金商法第５２条第１項第１号に該当するものと認められる。 （３）登録事項等の変更届出未済 当社については、下記のとおり、平成２２年５月以降の法定の届出を関東財務局長に一切行っておらず、監督当局における実態把握を困難ならしめており、登録業者として極めて不適切な状況にある。 イ 資本金の額の変更について 当社は、平成２２年７月９日から同２３年２月１６日にかけて、資本金の額を多数回にわたり変更しているにもかかわらず、金商法第３１条第１項に定める届出をいずれも行っていない。 ロ 役員の変更について 当社は、平成２２年５月２８日から同２３年９月１５日にかけて、役員につき延べ１０名が入れ替わっており、このうち、当社代表取締役についても二度の交替が行われたにもかかわらず、金商法第３１条第１項に定める届出をいずれも行っていない。 ハ 定款変更について 当社は、平成２３年２月１５日付にて、発行可能株式総数にかかる定款の変更を行っているにもかかわらず、金商法第５０条第１項に定める届出を行っていない。 当社における上記行為は、金商法第３１条第１項及び同法第５０条第１項に違反するものと認められる。 （参考条文） ○ 金融商品取引法（昭和23年法律第25号）（抄） （登録の申請） 第二十九条の二　前条の登録を受けようとする者は、次に掲げる事項を記載した登録申請書を内閣総理大臣に提出しなければならない。この場合において、第一種金融商品取引業を行おうとする外国法人は、国内における代表者（当該外国法人が第一種金融商品取引業を行うため国内に設けるすべての営業所又は事務所の業務を担当するものに限る。）を定めて当該登録申請書を提出しなければならない。 一　（略） 二 法人であるときは、資本金の額又は出資の総額 （第一種金融商品取引業を行おうとする外国法人にあつては、資本金の額又は出資の総額及び持込資本金（資本金に対応する資産のうち国内に持ち込むものをいう。以下同じ。）の額） 三 法人であるときは、役員 （外国法人にあつては、国内における代表者を含む。以下この章（第二十九条の四第一項第五号ホ（３）及び第五節を除く。）から第三章の三までにおいて同じ。） の氏名又は名称 四～八　（略） ２～４　（略） （登録の拒否） 第二十九条の四　内閣総理大臣は、登録申請者が次の各号のいずれかに該当するとき、又は登録申請書若しくはこれに添付すべき書類若しくは電磁的記録のうちに虚偽の記載若しくは記録があり、若しくは重要な事実の記載若しくは記録が欠けているときは、その登録を拒否しなければならない。 一　次のいずれかに該当する者 イ～ハ　（略） ニ 金融商品取引業 （投資助言・代理業を除く。） を適確に遂行するに足りる人的構成を有しない者 二～六　（略） ２～５　（略） （変更登録等） 第三十一条　金融商品取引業者は、第二十九条の二第一項各号（第五号を除く。）に掲げる事項について変更があつたときは、その日から二週間以内に、その旨を内閣総理大臣に届け出なければならない。 ２～６　（略） （休止等の届出） 第五十条　金融商品取引業者等は、次の各号のいずれかに該当することとなつたときは、遅滞なく、その旨を内閣総理大臣に届け出なければならない。 一～七　（略） 八　その他内閣府令で定める場合に該当するとき。 ２　（略） （金融商品取引業者に対する業務改善命令） 第五十一条　内閣総理大臣は、金融商品取引業者の業務の運営又は財産の状況に関し、公益又は投資者保護のため必要かつ適当であると認めるときは、その必要の限度において、当該金融商品取引業者に対し、業務の方法の変更その他業務の運営又は財産の状況の改善に必要な措置をとるべきことを命ずることができる。 （金融商品取引業者に対する監督上の処分） 第五十二条　内閣総理大臣は、金融商品取引業者が次の各号のいずれかに該当する場合においては、当該金融商品取引業者の第二十九条の登録を取り消し、第三十条第一項の認可を取り消し、又は六月以内の期間を定めて業務の全部若しくは一部の停止を命ずることができる。 一 第二十九条の四第一項第一号 、第二号又は第三号 に該当することとなつたとき。 二～十一　（略） ２～５　（略） ○ 金融商品取引業等に関する内閣府令（平成19年内閣府令第52号）（抄） （金融商品取引業者が休止等の届出を行う場合） 第百九十九条　金融商品取引業者にあっては、法第五十条第一項第八号に規定する内閣府令で定める場合は、次に掲げる場合とする。 一～五　（略） 六 定款を変更した場合 七～十三　（略）"
2012-02-17,フィリップ証券株式会社,,フィリップ証券株式会社に対する検査結果に基づく勧告について（平成24年2月17日）,https://www.fsa.go.jp/sesc/news/c_2012/2012/20120217-1.html,平成24年２月17日 証券取引等監視委員会 フィリップ証券株式会社に対する検査結果に基づく勧告について １．勧告の内容 関東財務局長がフィリップ証券株式会社（東京都中央区、資本金８００百万円、役職員１２４名、第一種金融商品取引業）を検査した結果、下記のとおり、当該金融商品取引業者に係る法令違反の事実が認められたので、本日、証券取引等監視委員会は、内閣総理大臣及び金融庁長官に対して、金融庁設置法第２０条第１項の規定に基づき、行政処分を行うよう勧告した。 ２．事実関係 ○ 投資信託の乗換えに関し顧客に対して重要事項を説明していない状況 フィリップ証券株式会社（以下「当社」という。）においては、証券営業本部、コンプライアンス部、各部店長及び各部店内部管理責任者が営業員に対する適切な指導を行っておらず、また、コンプライアンス部による社内監査が有効に機能していないことにより、平成２１年４月１日から検査基準日（同２３年８月３０日）までの間の投資信託の乗換勧誘２３４件のうち１８４件について、営業員が、解約する投資信託の概算損益や取得する投資信託の手数料等が誤記載又は不記載となっている確認書に基づき、顧客に対し、事実と異なる説明を行っている状況や説明を行っていない状況が認められた。そのうち、概算損益の誤記載又は不記載は１８１件であり、金額の相違が多額に及んでいる事例や損益が逆転している事例などが相当数認められた。 当社における上記の状況は、金融商品取引法第４０条第２号の規定に基づく金融商品取引業等に関する内閣府令第１２３条第１項第９号に規定する「投資信託受益証券等の乗換えを勧誘するに際し、顧客に対して、当該乗換えに関する重要な事項について説明を行っていない状況」に該当するものと認められる。 （参考条文） ○ 金融商品取引法（昭和23年4月法律第25号）（抄） （適合性の原則等） 第四十条　金融商品取引業者等は、業務の運営の状況が次の各号のいずれかに該当することのないように、その業務を行わなければならない。 一　（略） 二　前号に掲げるもののほか、業務に関して取得した顧客に関する情報の適正な取扱いを確保するための措置を講じていないと認められる状況、その他業務の運営の状況が公益に反し、又は投資者の保護に支障を生ずるおそれがあるものとして内閣府令で定める状況にあること。 ○ 金融商品取引業等に関する内閣府令（平成19年8月内閣府令第52号）（抄） （業務の運営の状況が公益に反し又は投資者の保護に支障を生ずるおそれがあるもの） 第百二十三条　法第四十条第二号に規定する内閣府令で定める状況は、次に掲げる状況とする。 一～八　（略） 九　投資信託受益証券等（投資信託及び投資法人に関する法律に規定する投資信託若しくは外国投資信託の受益証券（第六十五条第二号イからハまでに掲げるもの及びこれらと同様の性質を有するものを除く。）、投資証券又は外国投資証券（同法第二百二十条第一項に規定する外国投資証券をいう。以下同じ。）で投資証券に類する証券をいい、金融商品取引所に上場されているもの及び店頭売買有価証券に該当するものを除く。以下この号及び第二百八十一条第六号において同じ。）の乗換え（現に保有している投資信託受益証券等に係る投資信託契約の一部解約若しくは投資口の払戻し又は投資信託受益証券等の売付け若しくはその委託等を伴う投資信託受益証券等の取得又は買付け若しくはその委託等をいう。以下この号及び同条第六号において同じ。）を勧誘するに際し、顧客（特定投資家を除く。次号において同じ。）に対して、当該乗換えに関する重要な事項について説明を行っていない状況 （以下、略）
2012-02-03,髙木証券株式会社,,髙木証券株式会社顧問による内部者取引に対する課徴金納付命令の勧告について（平成24年2月3日）,https://www.fsa.go.jp/sesc/news/c_2012/2012/20120203-3.html,"平成２４年２月３日 証券取引等監視委員会 髙木証券株式会社顧問による内部者取引に対する課徴金納付命令の勧告について １．勧告の内容 証券取引等監視委員会は、髙木証券株式会社顧問による内部者取引について検査した結果、下記のとおり法令違反の事実が認められたので、本日、内閣総理大臣及び金融庁長官に対して、金融庁設置法第２０条第１項の規定に基づき、課徴金納付命令を発出するよう勧告を行った。 ２．法令違反の事実関係 課徴金納付命令対象者は、髙木証券株式会社（以下「髙木証券」という。）の顧問であったものであるが、その職務に関し、①同社の平成２３年３月期第２四半期の決算において訴訟損失引当金繰入額として５５億９０００万円の特別損失を計上することが確実になった旨の、同社の業務遂行の過程で損害が発生した旨の重要事実、②同社の業務執行を決定する機関が平成２３年３月期の中間配当を無配とすることについての決定をした旨の重要事実、及び③同社の同期の期末配当について、平成２２年７月２８日に公表された予想値は３円であったのに対し、同社が新たに算出した予想値は０円となり、公表された直近の予想値に比較して、新たに算出した予想値において投資者の投資判断に及ぼす影響が重要なものとして内閣府令で定める基準に該当する差異が生じた旨の重要事実をいずれも知りながら、上記各事実の公表がされた平成２２年１０月２６日午後３時ころより前の同月２２日午前９時４分ころから同月２６日午後零時３２分ころまでの間、自己の計算において、髙木証券の株式合計４万２０００株を売付価額合計４５０万８０００円で売り付けたものである。 課徴金納付命令対象者が行った上記の行為は、金融商品取引法第１７５条第１項に規定する「第１６６条第１項又は第３項の規定に違反して、同条第１項に規定する売買等をした」行為に該当すると認められる。 ３．課徴金の額の計算 上記の違法行為に対し、金融商品取引法に基づき納付を命じられる課徴金の額は、１３１万円である。 計算方法の詳細については、別紙のとおり。 （別紙） ○ 課徴金の額の計算方法について 金融商品取引法第１７５条第１項に基づき、課徴金の額は、 （売付価格）×（売付株数）－（重要事実が公表された後２週間における最も低い価格）×（売付株数） となる。 したがって、重要事実の公表後２週間における髙木証券の最も低い株価は、平成２２年１０月２９日の７６円であることから、課徴金の額は下記の金額となる。 売付価額４，５０８，０００円（注）－（７６円×４２，０００株） ＝１，３１６，０００円 ⇒課徴金の額は１万円未満を切り捨てるため、 １３１万円 （注）売付価額は、 「105円×2,000株＋106円×10,000株＋107円×15,000株＋108円×5,000株＋109円×7,000株＋110円×3,000株」 の合計額である。"
2012-02-03,株式会社Ｅファクトリー及び株式会社,,株式会社Ｅファクトリー及び株式会社エクセレント並びにその役員１名に対する金融商品取引法違反行為に係る裁判所の禁止及び停止命令の発令について（平成24年2月3日）,https://www.fsa.go.jp/sesc/news/c_2012/2012/20120203-1.html,"平成２４年２月３日 証券取引等監視委員会 株式会社Ｅファクトリー及び株式会社エクセレント並びにその役員１名に対する金融商品取引法違反行為に係る裁判所の禁止及び停止命令の発令について 証券取引等監視委員会が、平成２３年１２月２２日に行った株式会社Ｅファクトリー（東京都新宿区、資本金５,０００万円、適格機関投資家等特例業務届出者。）及び株式会社エクセレント（東京都新宿区、資本金１,０００万円、適格機関投資家等特例業務届出者。）並びに株式会社Ｅファクトリー代表取締役かつ株式会社エクセレント取締役であるＡに対する金融商品取引法違反行為（金融商品取引法第６３条第１項第１号に掲げる私募に係る業務を行うに当たり、金融商品取引契約の締結又はその勧誘に関して、顧客に対し虚偽のことを告げる行為を行うこと）の禁止及び停止を求める申立てについて、本日、東京地方裁判所より、申立ての内容どおり、下記の命令が下された。 記 被申立人らは、いずれも、金融商品取引法６３条１項１号に掲げる私募に係る業務を行うに当たり、金融商品取引契約の締結又はその勧誘に関して、顧客に対し虚偽のことを告げる行為を行ってはならない。 （参考） 株式会社Ｅファクトリー及び株式会社エクセレント並びにその役員１名の金融商品取引法違反行為に係る裁判所への申立てについて"
2012-02-03,日本風力開発株式会社,,日本風力開発株式会社役員からの情報受領者による内部者取引に対する課徴金納付命令の勧告について（平成24年2月3日）,https://www.fsa.go.jp/sesc/news/c_2012/2012/20120203-2.html,"平成２４年２月３日 証券取引等監視委員会 日本風力開発株式会社役員からの情報受領者による内部者取引に対する課徴金納付命令の勧告について １．勧告の内容 証券取引等監視委員会は、日本風力開発株式会社役員からの情報受領者による内部者取引について検査した結果、下記のとおり法令違反の事実が認められたので、本日、内閣総理大臣及び金融庁長官に対して、金融庁設置法第２０条第１項の規定に基づき、課徴金納付命令を発出するよう勧告を行った。 ２．法令違反の事実関係 課徴金納付命令対象者は、日本風力開発株式会社（以下「日本風力開発」という。）の役員から、同人がその職務に関し知った、同社の会計監査人の異動、それに伴い平成２２年３月期の有価証券報告書の提出が遅延し、同社株式が監理銘柄に指定される見込みとなった旨の、日本風力開発の運営、業務又は財産に関する重要な事実であって投資者の投資判断に著しい影響を及ぼす事実の伝達を受けながら、この事実が公表された平成２２年６月１４日より前の同月８日、自己の計算において、日本風力開発の株式合計５０株を売付価額合計９１８万７９００円で売り付けたものである。 課徴金納付命令対象者が行った上記の行為は、金融商品取引法第１７５条第１項に規定する「第１６６条第１項又は第３項の規定に違反して、同条第１項に規定する売買等をした」行為に該当すると認められる。 ３．課徴金の額の計算 上記の違法行為に対し、金融商品取引法に基づき納付を命じられる課徴金の額は、６５３万円である。 計算方法の詳細については、別紙のとおり。 （別紙） ○ 課徴金の額の計算方法について 金融商品取引法第１７５条第１項に基づき、課徴金の額は、 （売付価格）×（売付株数）－（重要事実が公表された後２週間における最も低い価格）×（売付株数） となる。 したがって、重要事実の公表後２週間における日本風力開発の最も低い株価は、平成２２年６月２３日の５３，０００円であることから、課徴金の額は下記の金額となる。 売付価額９，１８７，９００円（注）－（５３，０００円×５０株） ＝６，５３７，９００円 ⇒課徴金の額は１万円未満を切り捨てるため、 ６５３万円 （注）売付価額は、 「183,600円×33株、183,700円×1株、183,800円×5株、184,000円×3株、184,100円×4株、184,500円×4株」 の合計額である。"
2012-01-31,株式会社ルネサステクノロジと合併すること,,経済産業省審議官による内部者取引事件の告発について（平成24年1月31日）,https://www.fsa.go.jp/sesc/news/c_2012/2012/20120131-1.html,平成２４年１月３１日 証券取引等監視委員会 経済産業省審議官による内部者取引事件の告発について 証券取引等監視委員会は、平成24年1月31日、金融商品取引法違反（インサイダー取引）の嫌疑で、下記の犯則嫌疑者を東京地方検察庁検察官に告発した。 １．告発の対象となった犯則事実 犯則嫌疑者は、経済産業省大臣官房審議官として、経済産業大臣の命を受けて、同省商務情報政策局情報通信機器課が所掌する半導体素子、集積回路その他情報通信機器等の部品等に関する事業の発達、改善及び調整等の事務の企画及び立案に参画し、関係事務を統括整理するなどの職務に従事していたものであるが、同職務上の権限の行使に関し 第１ 半導体素子等の電子部品の開発及び製造等を業とし、株式会社東京証券取引所が開設する有価証券市場に株券を上場しているＮＥＣエレクトロニクス株式会社の業務執行を決定する機関が、株式会社ルネサステクノロジと合併することについての決定をした旨の事実を、平成21年3月9日ころ知り、法定の除外事由がないのに、同事実の公表前である同年4月21日から同月27日までの間、証券会社を介し、東京証券取引所において、犯則嫌疑者の妻名義で、ＮＥＣエレクトロニクスの株券合計5000株を代金合計489万7900円で買い付け 第２ 半導体素子等の電子部品の開発及び製造等を業とし、東京証券取引所が開設する有価証券市場に株券を上場しているエルピーダメモリ株式会社の業務執行を決定する機関が、産業活力の再生及び産業活動の革新に関する特別措置法に基づく事業再構築計画の認定を取得し、同計画に沿って株式会社日本政策投資銀行を割当先とする第三者割当増資を行うことについての決定をした旨の事実を、遅くとも平成21年5月11日までに知り、法定の除外事由がないのに、同事実の公表前である同月15日及び同月18日、証券会社を介し、東京証券取引所において、犯則嫌疑者の妻名義で、エルピーダメモリの株券合計3000株を代金合計305万9000円で買い付け たものである。 ２．関連条文 第１ 金融商品取引法第197条の2第13号、同法第166条第1項第3号、同条第2項第1号ヌ 第２ 金融商品取引法第197条の2第13号、同法第166条第1項第3号、同条第2項第1号イ 法定刑：5年以下の懲役若しくは500万円以下の罰金、又は併科
2012-01-27,クラウドゲート株式会社,,クラウドゲート株式会社に係る有価証券報告書等の虚偽記載及び同社役員が所有する同社株券の売出しに係る発行開示書類の虚偽記載に係る課徴金納付命令勧告について（平成24年1月27日）,https://www.fsa.go.jp/sesc/news/c_2012/2012/20120127-1.html,"平成２４年１月２７日 証券取引等監視委員会 クラウドゲート株式会社に係る有価証券報告書等の虚偽記載及び同社役員が所有する同社株券の売出しに係る発行開示書類の虚偽記載に係る課徴金納付命令勧告について １．勧告の内容 証券取引等監視委員会は、クラウドゲート株式会社に係る有価証券報告書等の虚偽記載及び同社役員が所有する同社株券の売出しに係る発行開示書類の虚偽記載について検査した結果、以下のとおり法令違反の事実が認められたので、本日、内閣総理大臣及び金融庁長官に対して、金融庁設置法第２０条第１項の規定に基づき、課徴金納付命令を発出するよう勧告を行った。 ２．法令違反の事実関係 (1) クラウドゲート株式会社（以下「クラウドゲート」という。） ア．クラウドゲートは、関東財務局長に対し、架空売上の計上等により、別添のとおり、平成２０年法律第６５号による改正前の金融商品取引法（以下「旧金融商品取引法」という。）第１７２条の２第１項及び第２項並びに金融商品取引法第１７２条の４第１項及び第２項に規定する「重要な事項につき虚偽の記載がある」有価証券報告書等を提出したものである。 ［虚偽記載の概要］ （単位：百万円） 【平成18年12月期有価証券報告書】 虚偽記載額 認定金額 売上高 403 342 経常損益 66 ▲36 当期純損益 60 ▲45 純資産額 431 325 【平成19年6月中間期半期報告書】 虚偽記載額 認定金額 売上高 184 184 経常損益 ▲64 ▲61 中間純損益 ▲64 ▲100 純資産額 639 494 【平成19年12月期有価証券報告書】 虚偽記載額 認定金額 売上高 561 366 経常損益 54 ▲131 当期純損益 56 ▲191 連結純資産額 760 400 【平成20年6月中間期半期報告書】 虚偽記載額 認定金額 連結売上高 326 226 連結経常損益 ▲190 ▲260 連結中間純損益 ▲211 ▲269 連結純資産額 649 237 【平成20年12月期有価証券報告書】 虚偽記載額 認定金額 連結売上高 642 542 連結経常損益 ▲514 ▲543 連結当期純損益 ▲1,252 ▲1,028 連結純資産額 ▲389 ▲519 【平成21年3月第1四半期四半期報告書】 虚偽記載額 認定金額 売上高 166 166 経常損益 4 15 四半期純損益 12 18 純資産額 ▲259 ▲374 【平成21年6月第2四半期四半期報告書】 虚偽記載額 認定金額 売上高 305 305 経常損益 ▲6 11 四半期純損益 ▲7 ▲22 純資産額 ▲280 ▲415 【平成21年9月第3四半期四半期報告書】 虚偽記載額 認定金額 売上高 438 438 経常損益 ▲22 5 当期純損益 242 236 純資産額 ▲29 ▲156 【平成21年12月期有価証券報告書】 虚偽記載額 認定金額 売上高 563 563 経常損益 ▲41 ▲6 当期純損益 214 209 純資産額 42 ▲83 【平成22年3月第1四半期四半期報告書】 虚偽記載額 認定金額 売上高 134 134 経常損益 ▲16 ▲6 四半期純損益 ▲16 ▲7 純資産額 25 ▲91 【平成22年6月第2四半期四半期報告書】 虚偽記載額 認定金額 売上高 258 258 経常損益 ▲40 ▲20 四半期純損益 ▲41 ▲23 純資産額 0 ▲106 【平成22年9月第3四半期四半期報告書】 虚偽記載額 認定金額 売上高 386 386 経常損益 ▲69 ▲39 四半期純損益 ▲73 ▲45 純資産額 ▲31 ▲128 【平成22年12月期有価証券報告書】 虚偽記載額 認定金額 売上高 507 507 経常損益 ▲111 ▲71 当期純損益 ▲159 ▲103 純資産額 83 13 【平成23年3月第1四半期四半期報告書】 虚偽記載額 認定金額 売上高 96 96 経常損益 ▲37 ▲27 四半期純損益 ▲38 ▲28 純資産額 45 ▲14 【平成23年6月第2四半期四半期報告書】 虚偽記載額 認定金額 売上高 190 190 経常損益 ▲61 ▲46 四半期純損益 ▲63 ▲48 純資産額 19 ▲34 イ．クラウドゲートは、関東財務局長に対し、 (i)　平成１９年１月３０日、架空売上の計上等により、平成１８年１月１日から同年６月３０日までの中間会計期間における経常損益が５百万円の損失であったにもかかわらず、これを４８百万円の利益と、純損益が１２百万円の損失であったにもかかわらず、これを４３百万円の利益と記載するなどした損益計算書を掲載した重要な事項につき虚偽の記載がある有価証券届出書を提出し、同有価証券届出書に基づく募集により、平成１９年２月２７日、２,５００株の株券を２１２,５００,０００円で取得させ、 (ii) 平成２１年３月１０日、重要な事項につき虚偽の記載がある平成１９年１２月期有価証券報告書（別添番号欄３参照）及び平成２０年６月中間期半期報告書（別添番号欄４参照）を組込情報とする有価証券届出書を提出し、同有価証券届出書に基づく募集により、同年３月２６日、１９，３００株の株式を１１５，８００，０００円で取得させ、 (iii) 平成２１年１１月２日、重要な事項につき虚偽の記載がある平成２０年１２月期有価証券報告書（別添番号欄５参照）及び平成２１年６月第２四半期四半期報告書（別添番号欄７参照）を組込情報とする有価証券届出書を提出し、同有価証券届出書に基づく募集により、同年１１月１９日、６，６６７株の株式を１００，００５，０００円で取得させ、 (iv) 平成２２年１２月１日、重要な事項につき虚偽の記載がある平成２１年１２月期有価証券報告書（別添番号欄９参照）及び平成２２年９月第３四半期四半期報告書（別添番号欄１２参照）を組込情報とする有価証券届出書を提出し、同有価証券届出書に基づく募集により、同年１２月２０日、３０，７７０株の株式を２００，００５，０００円で取得させた。 同社が行った上記の行為は、旧金融商品取引法第１７２条第１項及び金融商品取引法第１７２条の２第１項に規定する「重要な事項につき虚偽の記載がある」発行開示書類に基づく募集により有価証券を取得させた行為に該当すると認められる。 (2) クラウドゲートの役員 クラウドゲートの役員は、クラウドゲートが平成１９年１月３０日に関東財務局長に対し提出した重要な事項につき虚偽の記載がある有価証券届出書（上記２（１）イ．(i)参照）に虚偽の記載があることを知りながら、同有価証券届出書の提出に関与し、同有価証券届出書に基づく売出しにより、平成１９年２月２８日、同人が所有する１００株のクラウドゲートの株券を、１２，０００，０００円で売り付けた。 クラウドゲートの役員が行った上記の行為は、旧金融商品取引法第１７２条第２項に規定する「重要な事項につき虚偽の記載がある」発行開示書類を提出した発行者の役員であって、当該発行開示書類に虚偽の記載があることを知りながら当該発行開示書類の提出に関与した者が、当該発行開示書類に基づく売出しにより当該役員が所有する有価証券を売り付けた行為に該当すると認められる。 ３．課徴金の額の計算 上記の違法行為に対し旧金融商品取引法及び金融商品取引法に基づき納付を命じられる課徴金の額は下記のとおりである。 クラウドゲート ４，９９６万円 クラウドゲートの役員 ２４万円 ［クラウドゲート］ (1) 旧金融商品取引法第１７２条の２第１項の規定により、平成１８年１２月期有価証券報告書に係る課徴金の額は、 (i)　当該法人が発行する算定基準有価証券の市場価額の総額に相当する額に１０万分の３を乗じて得た額（12,939円） が (ii) 3,000,000円 を超えないことから、3,000,000円となる。 (2) 旧金融商品取引法第１７２条の２第１項及び第２項の規定により、平成１９年６月中間期半期報告書及び平成１９年１２月期有価証券報告書に係る課徴金について、個別決定ごとの算出額は、 (i)　当該法人が発行する算定基準有価証券の市場価額の総額に１０万分の３を乗じて得た額（34,447円） が (ii) 3,000,000円 を超えないことから、 平成１９年６月中間期半期報告書については、3,000,000円の２分の１に相当する額である1,500,000円 平成１９年１２月期有価証券報告書については、3,000,000円 となる。 ここで、これらの書類が同一の事業年度に係るものであることから、旧金融商品取引法第１８５条の７第２項の規定により、下記のとおり３００万円を個別決定ごとの算出額に応じて按分した金額が課徴金の額となる。 平成１９年６月中間期半期報告書に係る課徴金の額は 1,000,000円 平成１９年１２月期有価証券報告書に係る課徴金の額は 2,000,000円 (3) 旧金融商品取引法第１７２条の２第１項及び第２項の規定により、平成２０年６月中間期半期報告書及び平成２０年１２月期有価証券報告書に係る課徴金について、個別決定ごとの算出額は、 (i)　当該法人が発行する算定基準有価証券の市場価額の総額に１０万分の３を乗じて得た額（21,984円） が (ii) 3,000,000円 を超えないことから、 平成２０年６月中間期半期報告書については、3,000,000円の２分の１に相当する額である1,500,000円 平成２０年１２月期有価証券報告書については、3,000,000円 となる。 ここで、これらの書類が同一の事業年度に係るものであることから、旧金融商品取引法第１８５条の７第２項の規定により、下記のとおり、３００万円を個別決定ごとの算出額に応じて按分した額が課徴金の額となる。 平成２０年６月中間期半期報告書に係る課徴金の額は 1,000,000円 平成２０年１２月有価証券報告書に係る課徴金の額は 2,000,000円 (4) 金融商品取引法第１７２条の４第１項及び第２項の規定により、平成２１年３月第１四半期四半期報告書、平成２１年６月第２四半期四半期報告書、平成２１年９月第３四半期四半期報告書及び平成２１年１２月期有価証券報告書に係る課徴金について、個別決定ごとの算出額は、 (i)　当該法人が発行する算定基準有価証券の市場価額の総額に１０万分の６を乗じて得た額 （平成２１年３月第１四半期四半期報告書 7,561円 平成２１年６月第２四半期四半期報告書 21,929円 平成２１年９月第３四半期四半期報告書 32,933円 平成２１年１２月期有価証券報告書 19,647円） が (ii) 6,000,000円 を超えないことから、 平成２１年３月第１四半期四半期報告書については、6,000,000円の２分の１に相当する額である3,000,000円 平成２１年６月第２四半期四半期報告書については、6,000,000円の２分の１に相当する額である3,000,000円 平成２１年９月３四半期四半期報告書については、6,000,000円の２分の１に相当する額である3,000,000円 平成２１年１２月期有価証券報告書については、6,000,000円 となる。 ここで、これらの書類が同一の事業年度に係るものであることから、金融商品取引法第１８５条の７第６項の規定により、下記のとおり６００万円を個別決定ごとの算出額に応じて按分した金額が課徴金の額となる。 平成２１年３月第１四半期四半期報告書に係る課徴金の額は 1,200,000円 平成２１年６月第２四半期四半期報告書に係る課徴金の額は 1,200,000円 平成２１年９月第３四半期四半期報告書に係る課徴金の額は 1,200,000円 平成２１年１２月期有価証券報告書に係る課徴金の額は 2,400,000円 (5) 金融商品取引法第１７２条の４第１項及び第２項の規定により、平成２２年３月第１四半期四半期報告書、平成２２年６月第２四半期四半期報告書、平成２２年９月第３四半期四半期報告書及び平成２２年１２月期有価証券報告書に係る課徴金について、個別決定ごとの算出額は、 (i)　当該法人が発行する算定基準有価証券の市場価額の総額に１０万分の６を乗じて得た額 （平成２２年３月第１四半期四半期報告書 25,842円 平成２２年６月第２四半期四半期報告書 25,951円 平成２２年９月第３四半期四半期報告書 19,646円 平成２２年１２月期有価証券報告書 21,843円） が (ii) 6,000,000円 を超えないことから、 平成２２年３月第１四半期四半期報告書については、6,000,000円の２分の１に相当する額である3,000,000円 平成２２年６月第２四半期四半期報告書については、6,000,000円の２分の１に相当する額である3,000,000円 平成２２年９月第３四半期四半期報告書については、6,000,000円の２分の１に相当する額である3,000,000円 平成２２年１２月期有価証券報告書については、6,000,000円 となる。 ここで、これらの書類が同一の事業年度に係るものであることから、金融商品取引法第１８５条の７第６項の規定により、下記のとおり６００万円を個別決定ごとの算出額に応じて按分した金額が課徴金の額となる。 平成２２年３月第１四半期四半期報告書に係る課徴金の額は 1,200,000円 平成２２年６月第２四半期四半期報告書に係る課徴金の額は 1,200,000円 平成２２年９月第３四半期四半期報告書に係る課徴金の額は 1,200,000円 平成２２年１２月期有価証券報告書に係る課徴金の額は 2,400,000円 (6) 金融商品取引法第１７２条の４第２項の規定により、平成２３年３月第１四半期四半期報告書及び平成２３年６月第２四半期四半期報告書に係る課徴金について、個別決定ごとの算出額は、 (i)　当該法人が発行する算定基準有価証券の市場価額の総額に１０万分の６を乗じて得た額 （平成２３年３月第１四半期四半期報告書 21,280円 平成２３年６月第２四半期四半期報告書 19,000円） が (ii) 6,000,000円 を超えないことから、 平成２３年３月第１四半期四半期報告書については、3,000,000円 平成２３年６月第２四半期四半期報告書については、3,000,000円 となる。 (7) 旧金融商品取引法第１７２条第１項第１号の規定により、重要な事項につき虚偽の記載がある発行開示書類に基づく募集により取得させた株券等の発行価額の総額の１００分の２に相当する額が課徴金の額となることから、 平成１９年１月３０日提出の有価証券届出書に係る課徴金の額は、 212,500,000円×2／100＝4,250,000円 となる。 (8) 金融商品取引法第１７２条の２第１項第１号の規定により、重要な事項につき虚偽の記載がある発行開示書類に基づく募集により取得させた株券等の発行価額の総額の１００分の４．５に相当する額が課徴金の額となることから、 (i) 平成２１年３月１０日提出の有価証券届出書に係る課徴金の額は、 115,800,000円×4.5／100＝5,211,000円 について、金融商品取引法第１７６条第２項の規定により１万円未満の端数を切り捨てて、5,210,000円 (ii) 平成２１年１１月２日提出の有価証券届出書に係る課徴金の額は、 100,005,000円×4.5／100＝4,500,225円 について、金融商品取引法第１７６条第２項の規定により１万円未満の端数を切り捨てて、4,500,000円 (iii) 平成２２年１２月１日提出の有価証券届出書に係る課徴金の額は、 200,005,000円×4.5／100＝9,000,225円 について、金融商品取引法第１７６条第２項の規定により１万円未満の端数を切り捨てて、9,000,000円 となる。 ［クラウドゲートの役員］ 旧金融商品取引法第１７２条第２項の規定により、重要な事項につき虚偽の記載がある発行開示書類に基づく売出しにより売り付けた発行者の役員が所有する株券等の売出価額の総額の１００分の２に相当する額が課徴金の額となることから、 平成１９年１月３０日提出の有価証券届出書に係る課徴金の額は、 12,000,000×2／100＝240,000円 となる。 （別添）クラウドゲート株式会社の有価証券報告書等の虚偽記載内容 番号 開示書類 虚偽記載 提出日 書類 会計期間 財務計算に 関する書類 内容（注） 事由 １ 平成19年 3月30日 第7期事業年度会計期間に係る有価証券報告書（平成18年12月期有価証券報告書） 平成18年1月1日～平成18年12月31日の会計期間 損益計算書 経常損益が▲36百万円であるところを66百万円と、当期純損益が▲45百万円であるところを60百万円と記載 ・架空売上の計上 ・売上原価の過少計上 等 貸借対照表 純資産額が325百万円であるところを431百万円と記載 ２ 平成19年 9月28日 第8期事業年度中間会計期間に係る半期報告書（平成19年6月中間期半期報告書） 平成19年1月1日～平成19年6月30日の中間会計期間 中間 損益計算書 中間純損益が▲100百万円であるところを▲64百万円と記載 ・ソフトウェアの過大計上 ・コンテンツの過大計上 ・長期前払費用の過大計上 等 中間 貸借対照表 純資産額が494百万円であるところを639百万円と記載 ３ 平成20年 3月31日 第8期事業年度会計期間に係る有価証券報告書（平成19年12月期有価証券報告書） 平成19年1月1日～平成19年12月31日の会計期間 損益計算書 経常損益が▲131百万円であるところを54百万円と、当期純損益が▲191百万円であるところを56百万円と記載 ・架空売上の計上 ・ソフトウェアの過大計上 ・コンテンツの過大計上 等 平成19年1月1日～平成19年12月31日の連結会計期間 連結 貸借対照表 連結純資産額が400百万円であるところを760百万円と記載 ４ 平成20年 9月26日 第9期事業年度中間連結会計期間に係る半期報告書（平成20年6月中間期半期報告書） 平成20年1月1日～平成20年6月30日の中間連結会計期間 中間連結 損益計算書 連結経常損益が▲260百万円であるところを▲190百万円と、連結中間純損益が▲269百万円であるところを▲211百万円と記載 ・架空売上の計上 ・ソフトウェアの過大計上 ・コンテンツの過大計上 等 中間連結 貸借対照表 連結純資産額が237百万円であるところを649百万円と記載 ５ 平成21年 3月27日 第9期事業年度連結会計期間に係る有価証券報告書（平成20年12月期有価証券報告書） 平成20年1月1日～平成20年12月31日の連結会計期間 連結 貸借対照表 連結純資産額が▲519百万円であるところを▲389百万円と記載 ・ソフトウェアの過大計上 ・コンテンツの過大計上 ・貸倒引当金の過少計上 等 ６ 平成21年 5月15日 第10期事業年度第1四半期会計期間に係る四半期報告書（平成21年3月第1四半期四半期報告書） 平成21年1月1日～平成21年3月31日の第1四半期会計期間 四半期 貸借対照表 純資産額が▲374百万円であるところを▲259百万円と記載 ・ソフトウェアの過大計上 ・コンテンツの過大計上 等 ７ 平成21年 8月12日 第10期事業年度第2四半期会計期間に係る四半期報告書（平成21年6月第2四半期四半期報告書） 平成21年4月1日～平成21年6月30日の第2四半期会計期間 四半期 貸借対照表 純資産額が▲415百万円であるところを▲280百万円と記載 ・ソフトウェアの過大計上 ・コンテンツの過大計上 等 ８ 平成21年 11月13日 第10期事業年度第3四半期会計期間に係る四半期報告書（平成21年9月第3四半期四半期報告書） 平成21年7月1日～平成21年9月30日の会計期間 四半期 貸借対照表 純資産額が▲156百万円であるところを▲29百万円と記載 ・ソフトウェアの過大計上 ・コンテンツの過大計上 等 ９ 平成22年 3月29日 第10期事業年度会計期間に係る有価証券報告書（平成21年12月期有価証券報告書） 平成21年1月1日～平成21年12月31日の会計期間 貸借対照表 純資産額が▲83百万円であるところを42百万円と記載 ・貸倒引当金の過少計上 ・ソフトウェアの過大計上 ・コンテンツの過大計上 等 10 平成22年 5月14日 第11期事業年度第1四半期会計期間に係る四半期報告書（平成22年3月第1四半期四半期報告書） 平成22年1月1日～平成22年3月31日の第1四半期会計期間 四半期 貸借対照表 純資産額が▲91百万円であるところを25百万円と記載 ・貸倒引当金の過少計上 ・ソフトウェアの過大計上 ・コンテンツの過大計上 等 11 平成22年 8月13日 第11期事業年度第2四半期会計期間に係る四半期報告書（平成22年6月第2四半期四半期報告書） 平成22年4月1日～平成22年6月30日の第2四半期会計期間 四半期 貸借対照表 純資産額が▲106百万円であるところを840千円と記載 ・貸倒引当金の過少計上 ・ソフトウェアの過大計上 ・コンテンツの過大計上 等 12 平成22年 11月15日 第11期事業年度第3四半期会計期間に係る四半期報告書（平成22年9月第3四半期四半期報告書） 平成22年7月1日～平成22年9月30日の第3四半期会計期間 四半期 貸借対照表 純資産額が▲128百万円であるところを▲31百万円と記載 ・貸倒引当金の過少計上 ・ソフトウェアの過大計上 ・コンテンツの過大計上 等 13 平成23年 3月28日 第11期事業年度会計期間に係る有価証券報告書（平成22年12月期有価証券報告書） 平成22年1月1日～平成22年12月31日の会計期間 貸借対照表 純資産額が13百万円であるところを83百万円と記載 ・貸倒引当金の過少計上 ・コンテンツの過大計上 等 14 平成23年 5月16日 第12期事業年度第1四半期会計期間に係る四半期報告書（平成23年3月第1四半期四半期報告書） 平成23年1月1日～平成23年3月31日の第1四半期会計期間 四半期 貸借対照表 純資産額が▲14百万円であるところを45百万円と記載 ・貸倒引当金の過少計上 ・コンテンツの過大計上 等 15 平成23年 8月15日 第12期事業年度第2四半期会計期間に係る四半期報告書（平成23年6月第2四半期四半期報告書） 平成23年4月1日～平成23年6月30日の第2四半期会計期間 四半期 貸借対照表 純資産額が▲34百万円であるところを19百万円と記載 ・貸倒引当金の過少計上 ・コンテンツの過大計上 等 （注）金額は原則として百万円未満切捨てである。また、▲は損益計算書では損失であることを、貸借対照表では債務超過であることを示す。"
2012-01-20,株式会社塩見ホールディングス,,株式会社塩見ホールディングスに係る有価証券報告書等の虚偽記載に係る課徴金納付命令勧告について（平成24年1月20日）,https://www.fsa.go.jp/sesc/news/c_2012/2012/20120120-1.html,"平成２４年１月２０日 証券取引等監視委員会 株式会社塩見ホールディングスに係る有価証券報告書等の虚偽記載に係る課徴金納付命令勧告について １．勧告の内容 証券取引等監視委員会は、株式会社塩見ホールディングスに係る有価証券報告書等の虚偽記載について検査した結果、以下のとおり法令違反の事実が認められたので、本日、内閣総理大臣及び金融庁長官に対して、金融庁設置法第２０条第１項の規定に基づき、課徴金納付命令を発出するよう勧告を行った。 ２．法令違反の事実関係 (1) 株式会社塩見ホールディングスは、関東財務局長又は中国財務局長に対し、のれんの過大計上又は土地の過大計上により、別添のとおり、金融商品取引法第１７２条の４第１項及び第２項に規定する「重要な事項につき虚偽の記載がある」有価証券報告書等を提出したものである。 ［虚偽記載の概要］ （単位：百万円） 【平成22年3月期有価証券報告書】 虚偽記載額 認定金額 連結売上高 1,074 1,074 連結経常損益 ▲1,353 ▲1,353 連結当期純損益 ▲3,146 ▲3,146 連結純資産額 ▲2,131 ▲3,710 【平成22年6月第1四半期四半期報告書】 虚偽記載額 認定金額 連結売上高 94 94 連結経常損益 ▲507 ▲487 連結四半期純損益 ▲488 ▲468 連結純資産額 ▲2,623 ▲4,183 【平成22年9月第2四半期四半期報告書】 虚偽記載額 認定金額 連結売上高 80 80 連結経常損益 ▲170 ▲150 連結四半期純損益 ▲182 ▲163 連結純資産額 ▲2,806 ▲4,346 【平成22年12月第3四半期四半期報告書】 虚偽記載額 認定金額 連結売上高 110 110 連結経常損益 ▲117 ▲97 連結四半期純損益 1,533 1,553 連結純資産額 ▲1,085 ▲2,606 【平成23年3月期有価証券報告書】 虚偽記載額 認定金額 連結売上高 388 388 連結経常損益 ▲887 ▲808 連結当期純損益 2,073 2,152 連結純資産額 332 ▲1,167 【平成23年6月第1四半期四半期報告書】 虚偽記載額 認定金額 連結売上高 78 78 連結経常損益 ▲404 ▲404 連結四半期純損益 ▲431 ▲431 連結純資産額 ▲68 ▲1,599 【平成22年3月期有価証券報告書の訂正報告書（平成23年9月20日提出）】 虚偽記載額 認定金額 連結売上高 1,074 1,074 連結経常損益 ▲1,353 ▲1,353 連結当期純損益 ▲3,146 ▲3,146 連結純資産額 ▲2,179 ▲3,710 【平成22年6月第1四半期四半期報告書の訂正報告書（平成23年9月20日提出）】 虚偽記載額 認定金額 連結売上高 94 94 連結経常損益 ▲487 ▲487 連結四半期純損益 ▲468 ▲468 連結純資産額 ▲2,651 ▲4,183 【平成22年9月第2四半期四半期報告書の訂正報告書（平成23年9月20日提出）】 虚偽記載額 認定金額 連結売上高 80 80 連結経常損益 ▲150 ▲150 連結四半期純損益 ▲163 ▲163 連結純資産額 ▲2,814 ▲4,346 【平成22年12月第3四半期四半期報告書の訂正報告書（平成23年9月20日提出）】 虚偽記載額 認定金額 連結売上高 110 110 連結経常損益 ▲97 ▲97 連結四半期純損益 1,553 1,553 連結純資産額 ▲1,074 ▲2,606 【平成23年3月期有価証券報告書の訂正報告書（平成23年9月20日提出）】 虚偽記載額 認定金額 連結売上高 388 388 連結経常損益 ▲808 ▲808 連結当期純損益 2,152 2,152 連結純資産額 363 ▲1,167 (2) 株式会社塩見ホールディングスは、関東財務局長に対し、 (i)　平成２２年１０月２７日、重要な事項につき虚偽の記載がある平成２２年３月期有価証券報告書（別添番号欄１参照）及び平成２２年６月第１四半期四半期報告書（別添番号欄２参照）を組込情報とする有価証券届出書を提出し、同有価証券届出書に基づく募集により、同年１１月１９日、２７，７７７，７００株の株式を１４９，９９９，５８０円で取得させ、 (ii) 平成２２年１０月２７日、重要な事項につき虚偽の記載がある平成２２年３月期有価証券報告書（別添番号欄１参照）及び平成２２年６月第１四半期四半期報告書（別添番号欄２参照）を組込情報とする有価証券届出書を提出し、同有価証券届出書に基づく募集により、同年１１月１９日、４５０個の新株予約権を２４５，２５０，０００円（新株予約権の行使に際して払い込むべき金額を含む。）で取得させた。 同社が行った上記の行為は、金融商品取引法第１７２条の２第１項第１号に規定する「重要な事項につき虚偽の記載がある」発行開示書類に基づく募集により有価証券を取得させた行為に該当すると認められる。 ３．課徴金の額の計算 上記の違法行為に対し金融商品取引法に基づき納付を命じられる課徴金の額は、４，４７７万円である。 (1) 金融商品取引法第１７２条の４第１項の規定により、平成２２年３月期有価証券報告書に係る課徴金の額は、 (i)　当該法人が発行する算定基準有価証券の市場価額の総額に１０万分の６を乗じて得た額（60,452円） が (ii) 6,000,000円 を超えないことから、6,000,000円となる。 (2) 金融商品取引法第１７２条の４第１項及び第２項の規定により、平成２２年６月第１四半期四半期報告書、平成２２年９月第２四半期四半期報告書、平成２２年１２月第３四半期四半期報告書及び平成２３年３月期有価証券報告書に係る課徴金について、個別決定ごとの算出額は、 (i)　当該法人が発行する算定基準有価証券の市場価額の総額に１０万分の６を乗じて得た額 （平成２２年６月第１四半期四半期報告書 69,474円 平成２２年９月第２四半期四半期報告書 36,123円 平成２２年１２月第３四半期四半期報告書 33,697円 平成２３年３月期有価証券報告書 52,611円） が (ii) 6,000,000円 を超えないことから、 平成２２年６月第１四半期四半期報告書については、6,000,000円の２分の１に相当する額である3,000,000円 平成２２年９月第２四半期四半期報告書については、6,000,000円の２分の１に相当する額である3,000,000円 平成２２年１２月第３四半期四半期報告書については、6,000,000円の２分の１に相当する額である3,000,000円 平成２３年３月期有価証券報告書については、6,000,000円 となる。 ここで、これらの書類が同一の事業年度に係るものであることから、金融商品取引法第１８５条の７第６項の規定により、下記のとおり６００万円を個別決定ごとの算出額に応じて按分した金額が課徴金の額となる。 平成２２年６月第１四半期四半期報告書に係る課徴金の額は 1,200,000円 平成２２年９月第２四半期四半期報告書に係る課徴金の額は 1,200,000円 平成２２年１２月第３四半期四半期報告書に係る課徴金の額は 1,200,000円 平成２３年３月期有価証券報告書に係る課徴金の額は 2,400,000円 (3) 金融商品取引法第１７２条の４第２項の規定により、平成２３年６月第１四半期四半期報告書に係る課徴金の額は、 (i)　当該法人が発行する算定基準有価証券の市場価額の総額に１０万分の６を乗じて得た額（75,494円） が (ii) 6,000,000円 を超えないことから、6,000,000円の２分の１に相当する額である3,000,000円となる。 (4) 金融商品取引法第１７２条の４第１項の規定により、平成２２年３月期有価証券報告書に係る平成２３年９月２０日提出の訂正報告書に係る課徴金の額は、 (i)　当該法人が発行する算定基準有価証券の市場価額の総額に１０万分の６を乗じて得た額（60,452円） が (ii) 6,000,000円 を超えないことから、6,000,000円となる。 (5) 金融商品取引法第１７２条の４第１項及び第２項の規定により、平成２２年６月第１四半期四半期報告書に係る平成２３年９月２０日提出の訂正報告書、平成２２年９月第２四半期四半期報告書に係る平成２３年９月２０日提出の訂正報告書、平成２２年１２月第３四半期四半期報告書に係る平成２３年９月２０日提出の訂正報告書及び平成２３年３月期有価証券報告書に係る平成２３年９月２０日提出の訂正報告書に係る課徴金の額について、個別決定ごとの算出額は、 (i)　当該法人が発行する算定基準有価証券の市場価額の総額に１０万分の６を乗じて得た額 平成２２年６月第１四半期四半期報告書の訂正報告書 （平成２３年９月２０日提出） 69,474円 平成２２年９月第２四半期四半期報告書の訂正報告書 （平成２３年９月２０日提出） 36,123円 平成２２年１２月第３四半期四半期報告書の訂正報告書 （平成２３年９月２０日提出） 33,697円 平成２３年３月期有価証券報告書の訂正報告書 （平成２３年９月２０日提出） 52,611円 が (ii) 6,000,000円 を超えないことから、 平成２２年６月第１四半期四半期報告書の訂正報告書 （平成２３年９月２０日提出）については、6,000,000円の２分の１に相当する額である3,000,000円 平成２２年９月第２四半期四半期報告書の訂正報告書 （平成２３年９月２０日提出）については、6,000,000円の２分の１に相当する額である3,000,000円 平成２２年１２月第３四半期四半期報告書の訂正報告書 （平成２３年９月２０日提出）については、6,000,000円の２分の１に相当する額である3,000,000円 平成２３年３月期有価証券報告書の訂正報告書 （平成２３年９月２０日提出）については、6,000,000円 となる。 ここで、これらの書類が同一の事業年度に係るものであることから、金融商品取引法第１８５条の７第６項の規定により、下記のとおり６００万円を個別決定ごとの算出額に応じて按分した金額が課徴金の額となる。 平成２２年６月第１四半期四半期報告書の訂正報告書 （平成２３年９月２０日提出）に係る課徴金の額は 1,200,000円 平成２２年９月第２四半期四半期報告書の訂正報告書 （平成２３年９月２０日提出）に係る課徴金の額は 1,200,000円 平成２２年１２月第３四半期四半期報告書の訂正報告書 （平成２３年９月２０日提出）に係る課徴金の額は 1,200,000円 平成２３年３月期有価証券報告書の訂正報告書 （平成２３年９月２０日提出）に係る課徴金の額は 2,400,000円 (6) 金融商品取引法第１７２条の２第１項第１号の規定により、重要な事項につき虚偽の記載がある発行開示書類に基づく募集により取得させた株券等の発行価額の総額の１００分の４．５に相当する額が課徴金の額となることから、 (i) 平成２２年１０月２７日提出の有価証券届出書（普通株式）に係る課徴金の額は、 149,999,580円×4.5／100＝6,749,981円 について、金融商品取引法第１７６条第２項の規定により１万円未満の端数を切り捨てて、6,740,000円 (ii) 平成２２年１０月２７日提出の有価証券届出書（新株予約権証券）に係る課徴金の額は、 245,250,000円×4.5／100＝11,036,250円 について、金融商品取引法第１７６条第２項の規定により１万円未満の端数を切り捨てて、11,030,000円 となる。 （別添）株式会社塩見ホールディングスの有価証券報告書等の虚偽記載内容 番号 開示書類 虚偽記載 提出日 書類 会計期間 財務計算に 関する書類 内容（注） 事由 １ 平成22年 6月30日 第6期事業年度連結会計期間に係る有価証券報告書（平成22年3月期有価証券報告書） 平成21年4月1日～平成22年3月31日の連結会計期間 連結 貸借対照表 連結純資産額が▲3,710百万円であるところを▲2,131百万円と記載 のれんの過大計上 ２ 平成22年 8月16日 第7期事業年度第1四半期連結会計期間に係る四半期報告書（平成22年6月第1四半期四半期報告書） 平成22年4月1日～平成22年6月30日の第1四半期連結会計期間 四半期連結 貸借対照表 連結純資産額が▲4,183百万円であるところを▲2,623百万円と記載 のれんの過大計上 ３ 平成22年 11月15日 第7期事業年度第2四半期連結会計期間に係る四半期報告書（平成22年9月第2四半期四半期報告書） 平成22年7月1日～平成22年9月30日の第2四半期連結会計期間 四半期連結 貸借対照表 連結純資産額が▲4,346百万円であるところを▲2,806百万円と記載 のれんの過大計上 ４ 平成23年 2月14日 第7期事業年度第3四半期連結会計期間に係る四半期報告書（平成22年12月第3四半期四半期報告書） 平成22年10月1日～平成22年12月31日の第3四半期連結会計期間 四半期連結 貸借対照表 連結純資産額が▲2,606百万円であるところを▲1,085百万円と記載 のれんの過大計上 ５ 平成23年 7月29日 第7期事業年度連結会計期間に係る有価証券報告書（平成23年3月期有価証券報告書） 平成22年4月1日～平成23年3月31日の連結会計期間 連結 貸借対照表 連結純資産額が▲1,167百万円であるところを332百万円と記載 のれんの過大計上 ６ 平成23年 9月15日 第8期事業年度第1四半期連結会計期間に係る四半期報告書（平成23年6月第1四半期四半期報告書） 平成23年4月1日～平成23年6月30日の第1四半期連結会計期間 四半期連結 貸借対照表 連結純資産額が▲1,599百万円であるところを▲68百万円と記載 土地の過大計上 ７ 平成23年 9月20日 第6期事業年度連結会計期間に係る有価証券報告書の訂正報告書（平成22年3月期有価証券報告書の訂正報告書） 平成21年4月1日～平成22年3月31日の連結会計期間 連結 貸借対照表 連結純資産額が▲3,710百万円であるところを▲2,179百万円と記載 土地の過大計上 ８ 平成23年 9月20日 第7期事業年度第1四半期連結会計期間に係る四半期報告書の訂正報告書（平成22年6月第1四半期四半期報告書の訂正報告書） 平成22年4月1日～平成22年6月30日の第1四半期連結会計期間 四半期連結 貸借対照表 連結純資産額が▲4,183百万円であるところを▲2,651百万円と記載 土地の過大計上 ９ 平成23年 9月20日 第7期事業年度第2四半期連結会計期間に係る四半期報告書の訂正報告書（平成22年9月第2四半期四半期報告書の訂正報告書） 平成22年7月1日～平成22年9月30日の第2四半期連結会計期間 四半期連結 貸借対照表 連結純資産額が▲4,346百万円であるところを▲2,814百万円と記載 土地の過大計上 10 平成23年 9月20日 第7期事業年度第3四半期連結会計期間に係る四半期報告書の訂正報告書（平成22年12月第3四半期四半期報告書の訂正報告書） 平成22年10月1日～平成22年12月31日の第3四半期連結会計期間 四半期連結 貸借対照表 連結純資産額が▲2,606百万円であるところを▲1,074百万円と記載 土地の過大計上 11 平成23年 9月20日 第7期事業年度連結会計期間に係る有価証券報告書の訂正報告書（平成23年3月期有価証券報告書の訂正報告書） 平成22年4月1日～平成23年3月31日の連結会計期間 連結 貸借対照表 連結純資産額が▲1,167百万円であるところを363百万円と記載 土地の過大計上 （注）金額は百万円未満切捨てである。また、▲は損益計算書では損失であることを、貸借対照表では債務超過であることを示す。"
2012-01-24,株式会社京王ズホールディングス,,株式会社京王ズホールディングスに係る有価証券報告書等の虚偽記載に係る課徴金納付命令勧告について（平成24年1月24日）,https://www.fsa.go.jp/sesc/news/c_2012/2012/20120124-1.html,"平成２４年１月２４日 証券取引等監視委員会 株式会社京王ズホールディングスに係る有価証券報告書等の虚偽記載に係る課徴金納付命令勧告について １．勧告の内容 証券取引等監視委員会は、株式会社京王ズホールディングスに係る有価証券報告書等の虚偽記載について検査した結果、以下のとおり法令違反の事実が認められたので、本日、内閣総理大臣及び金融庁長官に対して、金融庁設置法第２０条第１項の規定に基づき、課徴金納付命令を発出するよう勧告を行った。 ２．法令違反の事実関係 (1) 株式会社京王ズホールディングスは、東北財務局長に対し、貸倒引当金繰入額の不計上等により、別添のとおり、平成２０年法律第６５号による改正前の金融商品取引法（以下「旧金融商品取引法」という。）第１７２条の２第１項及び第２項並びに金融商品取引法第１７２条の４第１項及び第２項に規定する「重要な事項につき虚偽の記載がある」有価証券報告書等を提出したものである。 ［虚偽記載の概要］ （単位：百万円） 【平成18年10月期有価証券報告書】 虚偽記載額 認定金額 連結売上高 5,315 5,315 連結経常損益 ▲1,117 ▲988 連結当期純損益 ▲2,288 ▲2,386 連結純資産額 968 911 【平成19年10月期有価証券報告書】 虚偽記載額 認定金額 連結売上高 15,694 15,525 連結経常損益 89 ▲191 連結当期純損益 ▲874 ▲1,097 連結純資産額 760 468 【平成20年10月期有価証券報告書】 虚偽記載額 認定金額 連結売上高 12,618 12,704 連結経常損益 102 ▲20 連結当期純損益 80 11 連結純資産額 1,207 824 【平成21年1月第1四半期四半期報告書】 虚偽記載額 認定金額 連結売上高 2,928 2,928 連結経常損益 67 56 連結四半期純損益 48 37 連結純資産額 1,263 869 【平成21年4月第2四半期四半期報告書】 虚偽記載額 認定金額 連結売上高 6,379 6,379 連結経常損益 206 170 連結四半期純損益 145 107 連結純資産額 1,379 961 【平成21年7月第3四半期四半期報告書】 虚偽記載額 認定金額 連結売上高 9,179 9,179 連結経常損益 330 333 連結四半期純損益 266 302 連結純資産額 1,551 1,204 【平成22年1月第1四半期四半期報告書】 虚偽記載額 認定金額 連結売上高 2,774 2,774 連結経常損益 117 52 連結四半期純損益 111 47 連結純資産額 1,818 1,557 【平成22年7月第3四半期四半期報告書】 虚偽記載額 認定金額 連結売上高 8,625 8,625 連結経常損益 317 261 連結四半期純損益 334 264 連結純資産額 2,031 1,773 【平成22年10月期有価証券報告書】 虚偽記載額 認定金額 連結売上高 11,540 11,517 連結経常損益 401 315 連結当期純損益 507 416 連結純資産額 2,114 1,928 【平成23年4月第2四半期四半期報告書】 虚偽記載額 認定金額 連結売上高 6,423 6,423 連結経常損益 175 114 連結四半期純損益 346 281 連結純資産額 2,428 2,180 (2) 株式会社京王ズホールディングスは、東北財務局長に対し、 (i)　平成１９年３月１３日、重要な事項につき虚偽の記載がある平成１８年１０月期有価証券報告書（別添番号欄１参照）を組込情報とする有価証券届出書を提出し、同有価証券届出書に基づく募集により、同年３月２９日、１６０個の新株予約権証券を９，６００，０００円で取得させ、 (ii) 平成２０年１月１０日、重要な事項につき虚偽の記載がある平成１８年１０月期有価証券報告書（別添番号欄１参照）を組込情報とする有価証券届出書を提出し、同有価証券届出書に基づく募集により、同年１月２５日、６，５００株の株券を１９５，１９５，０００円で取得させ、 (iii) 平成２０年４月１５日、重要な事項につき虚偽の記載がある平成１９年１０月期有価証券報告書（別添番号欄２参照）を組込情報とする有価証券届出書を提出し、同有価証券届出書に基づく募集により、同年４月３０日、６，０００株の株券を１２０，０００，０００円で取得させた。 同社が行った上記の行為は、旧金融商品取引法第１７２条第１項第１号に規定する「重要な事項につき虚偽の記載がある」発行開示書類に基づく募集により有価証券を取得させた行為に該当すると認められる。 (3) 株式会社京王ズホールディングスは、東北財務局長に対し、平成２１年１０月２０日、重要な事項につき虚偽の記載がある平成２０年１０月期有価証券報告書（別添番号欄３参照）及び平成２１年７月第３四半期四半期報告書（別添番号欄６参照）を組込情報とする有価証券届出書を提出し、同有価証券届出書に基づく募集により、同年１１月４日、２０個の新株予約権を３６０，９６０，０００円（新株予約権の行使に際して払い込むべき金額を含む。）で取得させた。 同社が行った上記の行為は、金融商品取引法第１７２条の２第１項第１号に規定する「重要な事項につき虚偽の記載がある」発行開示書類に基づく募集により有価証券を取得させた行為に該当すると認められる。 ３．課徴金の額の計算 上記の違法行為に対し旧金融商品取引法及び金融商品取引法に基づき納付を命じられる課徴金の額は、４，３７３万円である。 (1) 旧金融商品取引法第１７２条の２第１項の規定により、平成１８年１０月期有価証券報告書に係る課徴金の額は、 (i)　当該法人が発行する算定基準有価証券の市場価額の総額に１０万分の３を乗じて得た額（86,042円） が (ii) 3,000,000円 を超えないことから、3,000,000円となる。 (2) 旧金融商品取引法第１７２条の２第１項の規定により、平成１９年１０月期有価証券報告書に係る課徴金の額は、 (i)　当該法人が発行する算定基準有価証券の市場価額の総額に１０万分の３を乗じて得た額（44,550円） が (ii) 3,000,000円 を超えないことから、3,000,000円となる。 (3) 旧金融商品取引法第１７２条の２第１項の規定により、平成２０年１０月期有価証券報告書に係る課徴金の額は、 (i)　当該法人が発行する算定基準有価証券の市場価額の総額に１０万分の３を乗じて得た額（27,568円） が (ii) 3,000,000円 を超えないことから、3,000,000円となる。 (4) 旧金融商品取引法第１７２条の２第２項の規定により、平成２１年１月第１四半期四半期報告書、平成２１年４月第２四半期四半期報告書及び平成２１年７月第３四半期四半期報告書に係る課徴金について、個別決定ごとの算出額は、 (i)　当該法人が発行する算定基準有価証券の市場価額の総額に１０万分の３を乗じて得た額（26,449円） が (ii) 3,000,000円 を超えないことから、 平成２１年１月第１四半期四半期報告書については、3,000,000円の２分の１に相当する額である1,500,000円 平成２１年４月第２四半期四半期報告書については、3,000,000円の２分の１に相当する額である1,500,000円 平成２１年７月第３四半期四半期報告書については、3,000,000円の２分の１に相当する額である1,500,000円 となる。 ここで、これらの書類が同一の事業年度に係るものであることから、旧金融商品取引法第１８５条の７第２項の規定により、下記のとおり３００万円を個別決定ごとの算出額に応じて按分した金額が課徴金の額となる。 平成２１年１月第１四半期四半期報告書に係る課徴金の額は 1,000,000円 平成２１年４月第２四半期四半期報告書に係る課徴金の額は 1,000,000円 平成２１年７月第３四半期四半期報告書に係る課徴金の額は 1,000,000円 (5) 金融商品取引法第１７２条の４第１項及び第２項の規定により、平成２２年１月第１四半期四半期報告書、平成２２年７月第３四半期四半期報告書及び平成２２年１０月期有価証券報告書に係る課徴金について、個別決定ごとの算出額は、 (i)　当該法人が発行する算定基準有価証券の市場価額の総額に１０万分の６を乗じて得た額 （平成２２年１月第１四半期四半期報告書 96,994円 平成２２年７月第３四半期四半期報告書 102,877円 平成２２年１０月期有価証券報告書 98,447円） が (ii) 6,000,000円 を超えないことから、 平成２２年１月第１四半期四半期報告書については、6,000,000円の２分の１に相当する額である3,000,000円 平成２２年７月第３四半期四半期報告書については、6,000,000円の２分の１に相当する額である3,000,000円 平成２２年１０月期有価証券報告書については、6,000,000円 となる。 ここで、これらの書類が同一の事業年度に係るものであることから、金融商品取引法第１８５条の７第６項の規定により、下記のとおり６００万円を個別決定ごとの算出額に応じて按分した額が課徴金の額となる。 平成２２年１月第１四半期四半期報告書に係る課徴金の額は 1,500,000円 平成２２年７月第３四半期四半期報告書に係る課徴金の額は 1,500,000円 平成２２年１０月期有価証券報告書に係る課徴金の額は 3,000,000円 (6) 金融商品取引法第１７２条の４第２項の規定により、平成２３年４月第２四半期四半期報告書に係る課徴金の額は、 (i)　当該法人が発行する算定基準有価証券の市場価額の総額に１０万分の６を乗じて得た額（135,449円） が (ii) 6,000,000円 を超えないことから、6,000,000円の２分の１に相当する額である3,000,000円となる。 (7) 旧金融商品取引法第１７２条第１項第１号の規定により、重要な事項につき虚偽の記載がある発行開示書類に基づく募集により取得させた株券等の発行価額の総額の１００分の２に相当する額が課徴金の額となることから、 (i) 平成１９年３月１３日提出の有価証券届出書に係る課徴金の額は、 9,600,000円×2／100＝192,000円 について、金融商品取引法第１７６条第２項の規定により１万円未満の端数を切り捨てて、190,000円 (ii) 平成２０年１月１０日提出の有価証券届出書に係る課徴金の額は、 195,195,000円×2／100＝3,903,900円 について、金融商品取引法第１７６条第２項の規定により１万円未満の端数を切り捨てて、3,900,000円 (iii) 平成２０年４月１５日提出の有価証券届出書に係る課徴金の額は、 120,000,000円×2／100＝2,400,000円 となる。 (8) 金融商品取引法第１７２条の２第１項第１号の規定により、重要な事項につき虚偽の記載がある発行開示書類に基づく募集により取得させた株券等の発行価額の総額の１００分の４．５に相当する額が課徴金の額となることから、 平成２１年１０月２０日提出の有価証券届出書に係る課徴金の額は、 360,960,000円×4.5／100＝16,243,200円 について、金融商品取引法第１７６条第２項の規定により１万円未満の端数を切り捨てて、16,240,000円 となる。 （別添）株式会社京王ズホールディングスの有価証券報告書等の虚偽記載内容 番号 開示書類 虚偽記載 提出日 書類 会計期間 財務計算に 関する書類 内容（注） 事由 １ 平成19年 1月31日 第14期事業年度連結会計期間に係る有価証券報告書（平成18年10月期有価証券報告書） 平成17年11月1日～平成18年10月31日の連結会計期間 連結 損益計算書 連結当期純損益が▲2,386百万円であるところを▲2,288百万円と記載 ・貸倒引当金繰入額の不計上 等 ２ 平成20年 1月30日 第15期事業年度連結会計期間に係る有価証券報告書（平成19年10月期有価証券報告書） 平成18年11月1日～平成19年10月31日の連結会計期間 連結 損益計算書 連結経常損益が▲191百万円であるところを89百万円と記載 連結当期純損益が▲1,097百万円であるところを▲874百万円と記載 ・売上の過大計上 等 連結 貸借対照表 連結純資産額が468百万円であるところを760百万円と記載 ３ 平成21年 1月27日 第16期事業年度連結会計期間に係る有価証券報告書（平成20年10月期有価証券報告書） 平成19年11月1日～平成20年10月31日の連結会計期間 連結 損益計算書 連結経常損益が▲20百万円であるところを102百万円と記載 連結当期純損益が11百万円であるところを80百万円と記載 ・貸倒引当金の過少計上 等 連結 貸借対照表 連結純資産額が824百万円であるところを1,207百万円と記載 ４ 平成21年 3月13日 第17期事業年度第1四半期連結会計期間に係る四半期報告書（平成21年1月第1四半期四半期報告書） 平成20年11月1日～平成21年1月31日の第1四半期連結会計期間 四半期連結 貸借対照表 連結純資産額が869百万円であるところを1,263百万円と記載 ・貸倒引当金の過少計上 等 ５ 平成21年 6月12日 第17期事業年度第2四半期連結会計期間に係る四半期報告書（平成21年4月第2四半期四半期報告書） 平成20年11月1日～平成21年4月30日の第２四半期連結累計期間 四半期連結 損益計算書 連結四半期純損益が107百万円であるところを145百万円と記載 ・貸倒引当金の過少計上 等 平成21年2月1日～平成21年4月30日の第２四半期連結会計期間 四半期連結 貸借対照表 連結純資産額が961百万円であるところを1,379百万円と記載 ６ 平成21年 9月14日 第17期事業年度第3四半期連結会計期間に係る四半期報告書（平成21年7月第3四半期四半期報告書） 平成21年5月1日～平成21年7月31日の第3四半期連結会計期間 四半期連結 貸借対照表 連結純資産額が1,204百万円であるところを1,551百万円と記載 ・貸倒引当金の過少計上 等 ７ 平成22年 3月15日 第18期事業年度第1四半期連結会計期間に係る四半期報告書（平成22年1月第1四半期四半期報告書） 平成21年11月1日～平成22年1月31日の第１四半期連結累計期間 四半期連結 損益計算書 連結四半期純損益が47百万円であるところを111百万円と記載 ・貸倒引当金繰入額の不計上 等 ８ 平成22年 9月14日 第18期事業年度第3四半期連結会計期間に係る四半期報告書（平成22年7月第3四半期四半期報告書） 平成21年11月1日～平成22年7月31日の第3四半期連結累計期間 四半期連結 損益計算書 連結四半期純損益が264百万円であるところを334百万円と記載 ・貸倒引当金繰入額の不計上 等 ９ 平成23年 1月28日 第18期事業年度連結会計期間に係る有価証券報告書（平成22年10月期有価証券報告書） 平成21年11月1日～平成22年10月31日の連結会計期間 連結 損益計算書 連結当期純損益が416百万円であるところを507百万円と記載 ・貸倒引当金繰入額の不計上 ・売上の過大計上 等 10 平成23年 6月14日 第19期事業年度第2四半期連結会計期間に係る四半期報告書（平成23年4月第2四半期四半期報告書） 平成22年11月1日～平成23年4月30日の第2四半期連結累計期間 四半期連結 損益計算書 連結四半期純損益が281百万円であるところを346百万円と記載 ・貸倒引当金繰入額の不計上 等 （注）金額は百万円未満切捨てである。また、▲は損益計算書では損失であることを、貸借対照表では債務超過であることを示す。"
