date,stock_name,stock_code,title,link,content
2014-12-12,株式会社ワイヤレスゲート,9419,株式会社ワイヤレスゲート役員からの情報受領者による内部者取引に対する課徴金納付命令の勧告について（平成26年12月12日）,https://www.fsa.go.jp/sesc/news/c_2014/2014/20141212-1.html,"平成２６年１２月１２日 証券取引等監視委員会 株式会社ワイヤレスゲート役員からの情報受領者による内部者取引に対する課徴金納付命令の勧告について １．勧告の内容 証券取引等監視委員会は、株式会社ワイヤレスゲート役員からの情報受領者による内部者取引について検査した結果、下記のとおり法令違反の事実が認められたので、本日、内閣総理大臣及び金融庁長官に対して、金融庁設置法第２０条第１項の規定に基づき、課徴金納付命令を発出するよう勧告を行った。 ２．法令違反の事実関係 課徴金納付命令対象者は、株式会社ワイヤレスゲート（以下「ワイヤレスゲート」という。）の役員から、同人がその職務に関し知った、ワイヤレスゲートの業務執行を決定する機関が株式の分割を行うことについての決定をした旨の重要事実の伝達を受けながら、この事実が公表された平成２５年７月１９日午後３時頃より前の同日午前１０時１２分頃、自己の計算において、ワイヤレスゲート株式合計１０００株を買付価額合計５４８万円で買い付けたものである。 課徴金納付命令対象者が行った上記の行為は、金融商品取引法第１７５条第１項に規定する「第１６６条第１項又は第３項の規定に違反して、同条第１項に規定する売買等をした」行為に該当すると認められる。 ３．課徴金の額の計算 上記の違法行為に対し、金融商品取引法に基づき納付を命じられる課徴金の額は、５２万円である。 計算方法の詳細については、別紙のとおり。 （別紙） ○ 課徴金の額の計算方法について 金融商品取引法第１７５条第１項に基づき、課徴金の額は、 （重要事実が公表された後２週間における最も高い価格）×（買付株数） －（買付価格）×（買付株数） となる。 したがって、重要事実の公表後２週間におけるワイヤレスゲートの最も高い株価は、６，０００円であることから、課徴金の額は下記の金額となる。 （６，０００円×１，０００株） － 買付価額５，４８０，０００円 （注） ＝５２０，０００円 （注）買付価額は、「5,480円×1,000株」の額である。"
2014-12-09,株式会社ＮＥＸＴ　ＴＲＵＳＴ,,株式会社ＮＥＸＴ　ＴＲＵＳＴに対する検査結果に基づく勧告について（平成26年12月9日）,https://www.fsa.go.jp/sesc/news/c_2014/2014/20141209-1.html,平成26年12月９日 証券取引等監視委員会 株式会社ＮＥＸＴ　ＴＲＵＳＴに対する検査結果に基づく勧告について １．勧告の内容 関東財務局長が株式会社ＮＥＸＴ　ＴＲＵＳＴ（東京都港区、資本金10百万円、常勤役職員５名、投資助言・代理業、第二種金融商品取引業）を検査した結果、下記のとおり、当該金融商品取引業者に係る問題が認められたので、本日、証券取引等監視委員会は、内閣総理大臣及び金融庁長官に対して、金融庁設置法第20条第１項の規定に基づき、行政処分を行うよう勧告した。 ２．事実関係 ○名義貸し 株式会社ＮＥＸＴ　ＴＲＵＳＴ（以下「当社」という。）は、金融商品取引業の登録を受けていない株式会社グランター(以下「グランター社」という。)に対し、グランター社がその関連会社であるＰＢ　ＥＤＧＥ　ＣＯＭＰＡＮＹ　ＬＩＭＩＴＥＤ(以下「ＰＢ」という。)と顧客との間における投資一任契約の締結の媒介を行うに際して、当社の名義を使用することを許諾した。 これを受け、グランター社は、自らが開催したセミナーにおいて、少なくとも平成25年９月頃から同26年１月頃までの間、当社名義によりＰＢと顧客との間における投資一任契約の締結の媒介を反復継続して行うことにより、投資助言・代理業を行った。その結果、少なくとも171名の顧客がＰＢとの間で投資一任契約を締結した。 当社が行った行為は、自己の名義をもって、他人に金融商品取引業を行わせたものであり、金融商品取引法第36条の３に違反するものと認められる。 （参考条文） ○金融商品取引法（昭和23年法律第25号）（抄） （名義貸しの禁止） 第三十六条の三 　金融商品取引業者等は、自己の名義をもつて、他人に金融商品取引業（登録金融機関にあつては、登録金融機関業務。以下この款において同じ。）を行わせてはならない。
2014-12-19,日神不動産株式会社,,日神不動産株式会社役員からの情報受領者による内部者取引に対する課徴金納付命令の勧告について（平成26年12月19日）,https://www.fsa.go.jp/sesc/news/c_2014/2014/20141219-2.html,"平成２６年１２月１９日 証券取引等監視委員会 日神不動産株式会社役員からの情報受領者による内部者取引に対する課徴金納付命令の勧告について １．勧告の内容 証券取引等監視委員会は、日神不動産株式会社役員からの情報受領者による内部者取引について検査した結果、下記のとおり法令違反の事実が認められたので、本日、内閣総理大臣及び金融庁長官に対して、金融庁設置法第２０条第１項の規定に基づき、課徴金納付命令を発出するよう勧告を行った。 ２．法令違反の事実関係 課徴金納付命令対象者は、日神不動産株式会社（以下「日神不動産」という。）の役員から、同人がその職務に関し知った、同社の平成２６年３月期の剰余金の配当について、平成２５年５月１０日に公表がされた直近の予想値（１０円）に比較して、同社が新たに算出した予想値において、投資者の投資判断に及ぼす影響が重要なものとなる差異が生じた旨の重要事実の伝達を受けながら、新たに算出した剰余金の配当予想値が実質１２円と公表された平成２５年１０月２１日午後３時頃より前の同日午前１０時３４分頃、自己の同族会社の計算において、日神不動産株式合計９７００株を買付価額合計６８６万３３００円で買い付けたものである。 課徴金納付命令対象者が行った上記の行為は、金融商品取引法第１７５条第１項に規定する「第１６６条第１項又は第３項の規定に違反して、同条第１項に規定する売買等をした」行為に該当すると認められる。 ３．課徴金の額の計算 上記の違法行為に対し、金融商品取引法に基づき納付を命じられる課徴金の額は、１０４万円である。 計算方法の詳細については、別紙のとおり。 （別紙） ○ 課徴金の額の計算方法について 金融商品取引法第１７５条第１項に基づき、課徴金の額は、 （重要事実が公表された後２週間における最も高い価格）×（買付株数） －（買付価格）×（買付株数） となる。 したがって、重要事実の公表後２週間における日神不動産の最も高い株価は、８１５円であることから、課徴金の額は下記の金額となる。 （８１５円×９，７００株） － 買付価額６，８６３，３００円 （注） ＝１，０４２，２００円 ⇒課徴金の額は１万円未満を切り捨てるため、 １０４万円 （注）買付価額は、「705円×500株＋706円×2,300株＋707円×1,000株＋708円×3,100株＋709円×2,800株」の合計額である。"
2014-12-19,株式会社fonfun株券,,株式会社fonfun株券に係る株価操縦事件の告発について（平成26年12月19日）,https://www.fsa.go.jp/sesc/news/c_2014/2014/20141219-1.html,平成２６年１２月１９日 証券取引等監視委員会 株式会社fonfun株券に係る株価操縦事件の告発について 証券取引等監視委員会は、本日（１２月１９日）、金融商品取引法違反（相場操縦）の嫌疑で、１名の嫌疑者を神戸地方検察庁に告発した。告発の対象となった犯則事実については下記のとおり。 １．告発の対象となった犯則事実 犯則嫌疑者は、財産上の利益を得る目的で、大阪証券取引所が開設していた有価証券市場に上場されていた株式会社fonfunの株券について、その株価の高値形成を図り、同株券の売買を誘引する目的をもって、平成２５年４月１６日から同月２３日までの間、６取引日にわたり、同市場において、知人名義で、連続した成行注文又は高指値注文を行って高値を買い上がるなどの方法により、同株券合計約４万株を買い付け、もって同株券の売買が繁盛であると誤解させ、かつ、同市場における同株券の相場を変動させるべき一連の売買をし、さらに、同株券の売買が繁盛に行われていると誤解させる等同株券の売買の状況に関し他人に誤解を生じさせる目的をもって、同期間中、同市場において、知人及び妻名義で、同株券合計約６千株について、売り付けると同時に別途買付けをし、もって権利の移転を目的としない仮装の売買をし、その株価を上昇させた上、その間、同市場において、その上昇させた株価により、知人及び妻名義で、同株券合計約１１万株を売り付け、もって有価証券等の相場を変動させ、当該変動させた相場により当該有価証券等に係る有価証券の売買を行ったものである。 ２．関連条文 金融商品取引法第197条第2項、同条第1項第5号、第159条第1項第1号、同条第2項第1号 法定刑：10年以下の懲役及び3000万円以下の罰金
2014-12-17,ォル・ファルコン合同会社,,株式会社ウィンヴォル外３社に対する検査結果について（平成26年12月17日）,https://www.fsa.go.jp/sesc/news/c_2014/2014/20141217-1.html,平成26年12月17日 証券取引等監視委員会 株式会社ウィンヴォル外３社に対する検査結果について １．検査結果 証券取引等監視委員会が株式会社ウィンヴォル（所在地　東京都千代田区、資本金５百万円、常勤役職員１８名、適格機関投資家等特例業務届出者。以下「当社」という。）、ウィンヴォル・ステーション合同会社、ウィンヴォル・ドリーム合同会社及びウィンヴォル・ファルコン合同会社（いずれも　所在地　東京都千代田区、代表社員　株式会社ウィンヴォル、資本金１０万円、常勤役職員０名、適格機関投資家等特例業務届出者。以下、各合同会社を併せて「合同会社３社」といい、当社と合同会社３社を併せて「当社外３社」という。）を検査した結果、下記のとおり、当該適格機関投資家等特例業務届出者に係る問題が認められたので、本日、証券取引等監視委員会は、金融庁長官に対して、適切な措置を講じるための情報提供を行った。 ２．事実関係 当社外３社は、それぞれが自身を営業者とする匿名組合型ファンド(以下単に「ファンド」という。）の取得勧誘を行い、出資金の運用を行っている。 合同会社３社を営業者とするファンドの出資金は、当社への貸付け又は当社発行の社債購入による運用という形式を通じて当社に集約され、当社を営業者とするファンドの出資金とともに未公開株式等の投資に充てるとされている。 なお、合同会社３社は当社代表取締役のAの支配下にあると認められる。 そのような中、当社外３社のファンド業務の運営状況等を検証したところ、以下の問題点が認められた。 (1)出資金の流用等 上記ファンドにおいては、当社による十分な運用収益が生じていなかったところ、出資金の元本を取り崩して分配金の支払いが行われていた。このような状況において、当社は、満期を迎えたファンドに係る出資金全額を、元本を取り崩して支払った分配金相当額を控除することなく償還しており、当社に集約された未償還ファンドの出資金を他のファンドの償還金の一部に流用していた。 このほか、当社は、営業損益が赤字となっている状況において、当社に集約された未償還ファンドの出資金を販売管理費等に流用していた。 なお、当社が作成した決算報告書(第５期)に記載の貸借対照表によれば、平成26年５月末現在、当社は債務超過状態にある。 (2)不適切な勧誘行為 当社外３社は、上記（１）の状況下にありながらも、ファンドの取得勧誘を継続し、出資金を新たに集めている。 当社は、未償還ファンドの出資金を他のファンドの償還金や販売管理費等に流用していた上、当社外３社はそのような状況の中でも取得勧誘を継続しており、こうした状況は、投資者保護上重大な問題があると認められる。
2014-11-11,チムニー株式会社,3178,公開買付者との契約締結交渉者からの情報受領者によるチムニー株式に係る内部者取引に対する課徴金納付命令の勧告について（平成26年11月11日）,https://www.fsa.go.jp/sesc/news/c_2014/2014/20141111-2.html,"平成２６年１１月１１日 証券取引等監視委員会 公開買付者との契約締結交渉者からの情報受領者によるチムニー株式に係る内部者取引に対する課徴金納付命令の勧告について １．勧告の内容 証券取引等監視委員会は、公開買付者との契約締結者からの情報受領者によるチムニー株式に係る内部者取引について検査した結果、下記のとおり法令違反の事実が認められたので、本日、内閣総理大臣及び金融庁長官に対して、金融庁設置法第２０条第１項の規定に基づき、課徴金納付命令を発出するよう勧告を行った。 ２．法令違反の事実関係 課徴金納付命令対象者は、株式会社やまや（以下「やまや」という。）と公開買付けの実施及び応募に関する契約の締結の交渉をしていた者から、同人が同契約の締結交渉に関し知った、やまやの業務執行を決定する機関が、チムニー株式会社（以下「チムニー」という。）株式の公開買付けを行うことについての決定をした旨の公開買付けの実施に関する事実の伝達を受けながら、この事実が公表された平成２５年１１月７日より前の同年１０月２２日から同月２４日までの間、自己の計算において、チムニー株式合計１５００株を買付価額合計１６２万１５００円で買い付けたものである。 課徴金納付命令対象者が行った上記の行為は、金融商品取引法第１７５条第２項に規定する「第１６７条第１項又は第３項の規定に違反して、同条第１項に規定する売買等をした」行為に該当すると認められる。 ３．課徴金の額の計算 上記の違法行為に対し、金融商品取引法に基づき納付を命じられる課徴金の額は、４４万円である。 計算方法の詳細については、別紙のとおり。 （別紙） ○ 課徴金の額の計算方法について 金融商品取引法第１７５条第２項に基づき、課徴金の額は、 （公開買付け等の実施に関する事実が公表された後２週間における最も高い価格）×（買付株数） －（買付価格）×（買付株数） となる。 したがって、公開買付け等の実施に関する事実の公表後２週間におけるチムニーの最も高い株価は、１，３８０円であることから、課徴金の額は下記の金額となる。 （１，３８０円×１，５００株） － 買付価額１，６２１，５００円（注） ＝４４８，５００円 ⇒課徴金の額は１万円未満を切り捨てるため、 ４４万円 （注）買付価額は、「1,088円×1,000株＋1,067円×500株」の額である。"
2014-12-05,,,公開買付者との契約締結交渉者の社員からの情報受領者による日立メディコ株式に係る内部者取引に対する課徴金納付命令の勧告について（平成26年12月5日）,https://www.fsa.go.jp/sesc/news/c_2014/2014/20141205-1.html,"平成２６年１２月５日 証券取引等監視委員会 公開買付者との契約締結交渉者の社員からの情報受領者による日立メディコ株式に係る内部者取引に対する課徴金納付命令の勧告について １．勧告の内容 証券取引等監視委員会は、公開買付者との契約締結交渉者の社員からの情報受領者による日立メディコ株式に係る内部者取引について検査した結果、下記のとおり法令違反の事実が認められたので、本日、内閣総理大臣及び金融庁長官に対して、金融庁設置法第２０条第１項の規定に基づき、課徴金納付命令を発出するよう勧告を行った。 ２．法令違反の事実関係 課徴金納付命令対象者は、株式会社日立メディコ（以下「日立メディコ」という。）の社員から、株式会社日立製作所（以下「日立製作所」という。）の業務執行を決定する機関が日立メディコ株式の公開買付けを行うことについての決定をした旨の公開買付けの実施に関する事実の伝達を受けながら、この事実が公表された平成２５年１１月１３日より前の同月１２日、自己の計算において、日立メディコ株式合計１０００株を買付価額合計１３５万３０００円で買い付けたものである。 上記公開買付けの実施に関する事実は、日立メディコの役員が、同社と日立製作所との公開買付けの条件に関する契約の締結交渉に関し知り、その後、日立メディコの社員が、その職務に関しこの事実を知ったものである。 課徴金納付命令対象者が行った上記の行為は、金融商品取引法第１７５条第２項に規定する「第１６７条第１項又は第３項の規定に違反して、同条第１項に規定する売買等をした」行為に該当すると認められる。 ３．課徴金の額の計算 上記の違法行為に対し、金融商品取引法に基づき納付を命じられる課徴金の額は、４４万円である。 計算方法の詳細については、別紙のとおり。 （別紙） ○ 課徴金の額の計算方法について 金融商品取引法第１７５条第２項に基づき、課徴金の額は、 （公開買付け等の実施に関する事実が公表された後２週間における最も高い価格）×（買付株数） －（買付価格）×（買付株数） となる。 したがって、公開買付け等の実施に関する事実の公表後２週間における日立メディコの最も高い株価は、１，７９９円であることから、課徴金の額は下記の金額となる。 （１，７９９円×１，０００株） － 買付価額１，３５３，０００円（注） ＝４４６，０００円 ⇒課徴金の額は１万円未満を切り捨てるため、 ４４万円 （注）買付価額は、「1,353円×1,000株」の額である。"
2014-12-05,Areion Asset Management,,Areion Asset Management Company Limitedによる相場操縦に対する課徴金納付命令の勧告について（平成26年12月5日）,https://www.fsa.go.jp/sesc/news/c_2014/2014/20141205-2.html,"平成２６年１２月５日 証券取引等監視委員会 Areion Asset Management Company Limitedによる相場操縦に対する課徴金納付命令の勧告について １．勧告の内容 証券取引等監視委員会は、Areion Asset Management Company Limited（以下「アレイオン」という。）による相場操縦について検査した結果、下記のとおり法令違反の事実が認められたので、本日、内閣総理大臣及び金融庁長官に対して、金融庁設置法第２０条第１項の規定に基づき、課徴金納付命令を発出するよう勧告を行った。 ２．法令違反の事実関係 アレイオンは、香港法に基づき設立されたリミテッド・カンパニーであり、ケイマン籍ユニット・トラストのハレイオン・ファンド（Hareion Fund）の受託者であるオジエ・トラスティーズ（ケイマン）・リミテッド及びインベストメント・マネージャーであるジリオン・キャピタル・リミテッドとの間で締結したインベストメント・アドバイザリー契約に基づき、同ファンドに出資された資産の運用権限を有していたものである。 アレイオンは、その代表者らにおいて、アレイオンの業務に関し、日東電工株式会社の株式につき、同株式の売買を誘引する目的をもって、別表記載のとおり、平成２５年９月２５日午後２時５９分３０秒から同日午後３時までの間、成行又は直前約定値より高指値で大量の買い注文を連続して発注して株価を引き上げたり、下値に大量の買い注文を発注するなどの方法により、同株式合計７８８万６９００株を買い付けるとともに、同株式合計１３１万１２００株の買付けの委託を行い、もって、アレイオンの役員等の同年９月度における同ファンドへの出資割合である７．２５パーセント相当については自己の計算において、それ以外については自己以外の者である同ファンドへの出資者の計算において、同株式の売買等が繁盛であると誤解させ、かつ、同市場における同株式の相場を変動させるべき一連の売買及び委託をしたものである。 アレイオンが行った上記の行為は、平成２５年法律第４５号による改正前の金融商品取引法第１７４条の２第１項に規定する「第１５９条第２項第１号の規定に違反する一連の有価証券売買等」及びその「委託等」の違反行為に該当すると認められる。 ３．課徴金の額の計算 上記の違法行為について上記改正前の金融商品取引法に基づき算定される課徴金の額は、４億３０７４万円である。 計算方法の詳細については、別紙のとおり。 ４．その他 本件については、香港証券先物取引委員会（Securities and Futures Commission）より支援がなされている。 （別紙） ○ 課徴金の額の計算方法について １．平成２５年法律第４５号による改正前の金融商品取引法第１７４条の２第１項の規定により、課徴金の額は、 (1) 売買対当数量（注１）に係るものについて、自己の計算による当該有価証券の売付け等の価額から、自己の計算による当該有価証券の買付け等の価額を控除した額 （注１）売買対当数量：当該違反行為に係る有価証券の売付け等数量と買付け等数量のうち、いずれか少ない数量をいう。 (2) 当該違反行為に係る自己の計算による有価証券の買付け等の数量が当該違反行為に係る自己の計算による有価証券の売付け等の数量を超える場合、当該違反行為が終了してから１月を経過するまでの間の各日における当該違反行為に係る有価証券の売付け等についての上記改正前の同法第６７条の１９に規定する最高の価格のうち最も高い価格に当該超える数量を乗じて得た額から、当該超える数量に係る有価証券の買付け等の価額を控除した額 及び (3) 違反者が、自己以外の者の計算において、当該違反行為の開始時から当該違反行為の終了後１月を経過するまでの間に違反行為等をした場合、当該違反行為等に係る手数料、報酬その他の対価の額 の合計額として算定される。 ２．本件における課徴金の額は、下記(1)ないし(3)によりそれぞれ算定される額の合計430,740,136円について、金融商品取引法第１７６条第２項の規定により、１万円未満を切り捨てた ４億３０７４万円 となる。 (1) 当該違反行為に係る売買対当数量は、 (i) 自己の計算による有価証券の売付け等の数量が０株であり、 (ii) 自己の計算による有価証券の買付け等の数量が1,030,522.25株（注２）である ことから、０株となる。 （注２）　実際の買付け等の数量7,886,900株に違反者の役員等のハレイオン・ファンド（Hareion Fund）に対する出資割合7.25パーセントを乗じて得られる571,800.25株に、上記改正前の同法第１７４条の２第８項及び金融商品取引法施行令第３３条の１３第１号の規定により、違反行為の開始時にその時における価格（6,690円）で当該違反行為に係る有価証券の買付け等を自己の計算においてしたものとみなされる当該違反行為の開始時に所有している当該有価証券の数量6,327,200株に同7.25パーセントを乗じて得られる458,722株を加えた数量。 (2) 当該違反行為に係る自己の計算による有価証券の買付け等の数量が当該違反行為に係る自己の計算による有価証券の売付け等の数量を超えることから、当該違反行為が終了してから１月を経過するまでの間の各日における当該違反行為に係る有価証券の売付け等についての上記改正前の同法第６７条の１９に規定する最高の価格に当該超える数量を乗じて得た額から、当該超える数量に係る有価証券の買付け等の価額を控除した額は、 （7,300円×1,030,522.25株） －｛違反行為期間中における有価証券の買付け等の価額のうち上記ファンドに対する違反者の役員等の出資割合相当額（55,617,651,000円（注３）×7.25％）＋違反行為の開始時にその時における価格で当該違反行為に係る有価証券の買付け等を自己の計算においてしたものとみなされる当該違反行為の開始時に所有している当該有価証券の価額（6,690円×6,327,200株×7.25％）｝ により算定される421,682,547円となる。 （注３）有価証券の買付け等の価額の明細は、別表記載のとおりである。 (3) 違反者は、自己以外の者の計算において、運用財産の運用として当該違反行為の開始時から当該違反行為の終了後１月を経過するまでの間に違反行為等をしていることから、当該違反行為等に係る手数料、報酬その他の対価の額は、上記改正前の同法第１７４条の２第１項及び平成２６年内閣府令第７号による改正前の金融商品取引法第六章の二による課徴金に関する内閣府令第１条の１６の規定により、（ア）算定対象取引が行われた月について違反者に当該運用財産の運用の対価として支払われた運用報酬の価額の総額に、（イ）違反行為の開始時から違反行為の終了後１月を経過するまでの間の当該運用財産である算定対象取引の銘柄の総額のうち最も高い額を乗じた額を、（ウ）算定対象取引が行われた月の末日のうち最も遅い日における当該運用財産の総額で除して得た額のうち、（エ）上記ファンドに対する違反者の役員等以外の者の出資割合相当額 （ア）13,927,406円×（イ）（7,540円×14,214,100株） ÷（ウ）152,832,389,165円×（エ）92.74％ により算定される9,057,589円となる。 【参考】課徴金の額の計算に係る考え方 ○ 自己の計算において有価証券の買付け等をした部分に係る課徴金の額 本件において、売買対等数量は０であり、有価証券の買付け等の数量が売付け等の数量を超えることから、 （違反行為が終了してから１月を経過するまでの間の各日における当該有価証券の最高の価格×当該超える数量）－（当該有価証券の買付け等の価額） すなわち、 （7,300円×1,030,522.25株）－（3,068,850,180円＋4,032,279,697.5円） として算定される421,682,547円となる。 ○ 自己以外の者の計算において有価証券の買付け等をした部分に係る課徴金の額 当該課徴金の額は、違反者が得た運用報酬をベースとして、運用財産全体に占める違反行為に係る銘柄の総額の割合により計算されるところ、本件において、自己以外の者がハレイオン・ファンドに出資していた割合は92.74％であったことから、当該計算結果に当該割合を乗じ、 ｛13,927,406円×（7,540円×14,214,100株）÷152,832,389,165円｝×92.74％ として算定される9,057,589円となる。 （ 別表(PDF) ）"
2014-11-11,伊勢化学工業株式会社,4107,伊勢化学工業株式に係る相場操縦に対する課徴金納付命令の勧告について（平成26年11月11日）,https://www.fsa.go.jp/sesc/news/c_2014/2014/20141111-1.html,"平成２６年１１月１１日 証券取引等監視委員会 伊勢化学工業株式に係る相場操縦に対する課徴金納付命令の勧告について １．勧告の内容 証券取引等監視委員会は、伊勢化学工業株式に係る相場操縦について検査した結果、下記のとおり法令違反の事実が認められたので、本日、内閣総理大臣及び金融庁長官に対して、金融庁設置法第２０条第１項の規定に基づき、課徴金納付命令を発出するよう勧告を行った。 ２．法令違反の事実関係 課徴金納付命令対象者は、伊勢化学工業株式会社の株式につき、同株式の売買を誘引する目的をもって、平成２４年１０月２５日午後１時２８分頃から同月２６日午後２時５４分頃までの間、２取引日にわたり、直前の約定値より高指値の売り注文と買い注文を対当させて株価を引き上げるなどの方法により、同株式合計９万１０００株を買い付ける一方、同株式合計４万６０００株を売り付け、もって、自己の計算において、同株式の売買が繁盛であると誤解させ、かつ、同株式の相場を変動させるべき一連の売買をしたものである。 課徴金納付命令対象者が行った上記の行為は、金融商品取引法第１７４条の２第１項に規定する「第１５９条第２項第１号の規定に違反する一連の有価証券売買等」に該当すると認められる。 ３．課徴金の額の計算 上記の違法行為に対し金融商品取引法に基づき納付を命じられる課徴金の額は、１０５万円である。 計算方法の詳細については、別紙のとおり。 （別紙） ○ 課徴金の額の計算方法について １．金融商品取引法第１７４条の２第１項に基づき、課徴金の額は、 (1) 売買対当数量（注１）に係るものについて、 （有価証券の売付価額）－（有価証券の買付価額） と、 (2) 当該違反行為に係る有価証券の売付数量が買付数量を超える場合の、当該超える数量に係るものについて、 （有価証券の売付価額）－（当該違反行為が終了してから１月を経過するまでの間の当該有価証券の最低価格×当該超える数量） または、 当該違反行為に係る有価証券の買付数量が売付数量を超える場合の、当該超える数量に係るものについて、 （当該違反行為が終了してから１月を経過するまでの間の当該有価証券の最高価格×当該超える数量）－（有価証券の買付価額） との合計額として計算される。 （注１）売買対当数量：当該違反行為に係る有価証券の売付数量と買付数量のうち、いずれか少ない数量をいう。 ２．課徴金納付命令対象者の違反行為について、本件における課徴金の額は、下記(1)及び(2)によりそれぞれ算定される額の合計　1,050,000円 ⇒課徴金の額は、 １０５万円 (1) 当該違反行為に係る売買対当数量は、 (ｉ)当該違反行為に係る有価証券の売付数量は、46,000株であり、 (ii)当該違反行為に係る有価証券の買付数量は、実際の買付け等の数量91,000株に、金融商品取引法第１７４条の２第８項及び同法施行令第３３条の１３第１号により、違反行為の開始時にその時における価格（484円）で買付けをしたものとみなされる当該違反行為の開始時に所有している当該有価証券の数量18,000株を加えた109,000株である ことから、46,000株となる。 当該売買対当数量に係るものについて、 売付価額23,387,000円（注２）－ 買付価額22,510,000円（注３） ＝877,000円 （注２）売付価額は、 「489円×10,000株＋494円×8,000株＋510円×7,000株＋515円×4,000株 ＋520円×7,000株＋525円×5,000株＋530円×5,000株」 の額である。 （注３）買付価額は、 「484円×19,000株＋488円×1,000株＋489円×12,000株＋490円×2,000株 ＋491円×1,000株＋494円×7,000株＋500円×1,000株＋509円×1,000株 ＋510円×2,000株」 の額である。 （注４）買付価額の算定においては、金融商品取引法施行令第３３条の１４第５項の規定により、当該違反行為に係る有価証券の買付けのうち最も早い時期に行われたものから順次当該売買対当数量に達するまで割り当てることとなる。 本件においては、違反行為の開始時点において所有しており、金融商品取引法第１７４条の２第８項及び同法施行令第３３条の１３第１号の規定により、違反行為の開始時点にその時における価格（484円）で買い付けたものとみなされるもの（みなし買付け）から割り当てられることとなる。 (2) 上記(1)のとおり、当該違反行為に係る有価証券の買付数量が、売付数量を超えることから、 当該超える数量63,000株（109,000株－46,000株）について、 当該違反行為が終了してから１月を経過するまでの間の当該有価証券の最高価格（518円）に当該超える数量を乗じて得た額 32,634,000円（518円×63,000株）－ 買付価額32,461,000円（注５） ＝173,000円 （注５）買付価額は、 「495円×4,000株＋500円×3,000株＋510円×17,000株＋512円×2,000株 ＋513円×6,000株＋514円×1,000株＋515円×4,000株＋520円×9,000株 ＋522円×3,000株＋525円×6,000株＋529円×1,000株＋530円×7,000株」 の額である。"
2014-11-21,ＪＡＬＣＯホールディングス株式会社,6625,ＪＡＬＣＯホールディングス株式会社に係る有価証券報告書等の虚偽記載に係る課徴金納付命令勧告について（平成26年11月21日）,https://www.fsa.go.jp/sesc/news/c_2014/2014/20141121-1.html,"平成26年11月21日 証券取引等監視委員会 ＪＡＬＣＯホールディングス株式会社に係る有価証券報告書等の虚偽記載に係る課徴金納付命令勧告について １．勧告の内容 証券取引等監視委員会は、ＪＡＬＣＯホールディングス株式会社に係る有価証券報告書等の虚偽記載について検査した結果、以下のとおり法令違反の事実が認められたので、本日、内閣総理大臣及び金融庁長官に対して、金融庁設置法第20条第１項の規定に基づき、課徴金納付命令を発出するよう勧告を行った。 ２．法令違反の事実関係 (1) 継続開示書類 ＪＡＬＣＯホールディングス株式会社（以下「当社」という。）は、連結子会社において、売買取引の実体を伴っていない割賦販売契約を締結すること等により、売上等を過大に計上した。 この結果、当社は、関東財務局長に対し、別紙１のとおり、金融商品取引法第172条の４第１項及び第２項に規定する「重要な事項につき虚偽の記載がある」以下の有価証券報告書等を提出したものである。 平成24年６月第１四半期四半期報告書（平成24年８月13日提出） 平成24年９月第２四半期四半期報告書（平成24年11月14日提出） 平成24年12月第３四半期四半期報告書（平成25年２月12日提出） 平成25年３月期有価証券報告書（平成25年６月26日提出） 平成25年６月第１四半期四半期報告書（平成25年８月７日提出） 平成25年９月第２四半期四半期報告書（平成25年11月６日提出） 平成25年12月第３四半期四半期報告書（平成26年２月５日提出） (2) 発行開示書類 当社は、関東財務局長に対し、以下のとおり、金融商品取引法第172条の２第１項第１号に規定する「重要な事項につき虚偽の記載がある」発行開示書類を提出し、当該発行開示書類に基づく募集により有価証券を取得させたものである。 ア 平成24年12月26日、重要な事項につき虚偽の記載がある平成24年９月第２四半期四半期報告書（別紙１参照）を組込情報とする有価証券届出書（株式）を提出し、同有価証券届出書に基づく募集により、平成25年２月21日、26,000,000株の株式を1,300,000,000円で取得させた。 イ 平成25年11月１日、重要な事項につき虚偽の記載がある平成25年３月期有価証券報告書及び平成25年６月第１四半期四半期報告書（別紙１参照）を組込情報とする有価証券届出書（株式）を提出し、同有価証券届出書に基づく募集により、同年11月18日、8,411,217株の株式を1,800,000,438円で取得させた。 ３．課徴金の額の計算 上記の違法行為について金融商品取引法に基づき算定される課徴金の額は、１億5,150万円である。（計算方法については別紙２のとおり。） （別紙１）ＪＡＬＣＯホールディングス株式会社の有価証券報告書等の虚偽記載内容 番号 開示書類 虚偽記載 提出日 書類 会計期間 財務計算に 関する書類 内容（注） 事由 １ 平成24年 ８月13日 第２期事業年度第１四半期連結会計期間に係る四半期報告書（平成24年６月第１四半期四半期報告書） 平成24年４月１日～平成24年６月30日の第１四半期連結会計期間 四半期連結 損益計算書 連結四半期純損益が▲138百万円であるところを▲108百万円と記載 ・売上の過大計上 等 ２ 平成24年 11月14日 第２期事業年度第２四半期連結会計期間に係る四半期報告書（平成24年９月第２四半期四半期報告書） 平成24年４月１日～平成24年９月30日の第２四半期連結累計期間 四半期連結 損益計算書 売上高が537百万円であるところを914百万円と記載 ・売上の過大計上 等 連結四半期純損益が▲259百万円であるところを▲178百万円と記載 平成24年７月１日～平成24年９月30日の第２四半期連結会計期間 四半期連結 貸借対照表 連結純資産額が▲５百万円であるところを81百万円と記載 ３ 平成25年 ２月12日 第２期事業年度第３四半期連結会計期間に係る四半期報告書（平成24年12月第３四半期四半期報告書） 平成24年４月１日～平成24年12月31日の第３四半期連結累計期間 四半期連結 損益計算書 売上高が718百万円であるところを1,860百万円と記載 ・売上の過大計上 等 連結四半期純損益が▲342百万円であるところを▲219百万円と記載 平成24年10月１日～平成24年12月31日の第３四半期連結会計期間 四半期連結 貸借対照表 連結純資産額が▲96百万円であるところを33百万円と記載 ４ 平成25年 ６月26日 第２期事業年度連結会計期間に係る有価証券報告書（平成25年３月期有価証券報告書） 平成24年４月１日～平成25年３月31日の連結会計期間 連結 損益計算書 売上高が904百万円であるところを3,351百万円と記載 ・売上の過大計上 等 連結当期純損益が▲421百万円であるところを▲219百万円と記載 ５ 平成25年 ８月７日 第３期事業年度第１四半期連結会計期間に係る四半期報告書（平成25年６月第１四半期四半期報告書） 平成25年４月１日～平成25年６月30日の第１四半期連結会計期間 四半期連結 損益計算書 売上高が266百万円であるところを1,421百万円と記載 ・売上の過大計上 等 連結四半期純損益が168百万円であるところを229百万円と記載 ６ 平成25年 11月６日 第３期事業年度第２四半期連結会計期間に係る四半期報告書（平成25年９月第２四半期四半期報告書） 平成25年４月１日～平成25年９月30日の第２四半期連結累計期間 四半期連結 損益計算書 売上高が646百万円であるところを3,111百万円と記載 ・売上の過大計上 等 連結四半期純損益が131百万円であるところを267百万円と記載 ７ 平成26年 ２月５日 第３期事業年度第３四半期連結会計期間に係る四半期報告書（平成25年12月第３四半期四半期報告書） 平成25年４月１日～平成25年12月31日の第３四半期連結累計期間 四半期連結 損益計算書 売上高が980百万円であるところを4,801百万円と記載 ・売上の過大計上 等 連結四半期純損益が150百万円であるところを363百万円と記載 （注）金額は百万円未満切捨てである。▲は損益計算書では損失であることを、貸借対照表では債務超過であることを示す。 （別紙２）課徴金の計算方法 (1) 金融商品取引法第172条の４第１項及び第２項の規定により、平成24年６月第１四半期四半期報告書、平成24年９月第２四半期四半期報告書、平成24年12月第３四半期四半期報告書及び平成25年３月期有価証券報告書に係る課徴金について、個別決定ごとの算出額は、 ア 当該法人が発行する算定基準有価証券の市場価額の総額に10万分の６を乗じて得た額 （平成24年６月第１四半期四半期報告書 39,922円 平成24年９月第２四半期四半期報告書 32,514円 平成24年12月第３四半期四半期報告書 33,974円 平成25年３月期有価証券報告書 46,810円） が イ 6,000,000円 を超えないことから、 平成24年６月第１四半期四半期報告書については、6,000,000円の２分の１に相当する額である3,000,000円 平成24年９月第２四半期四半期報告書については、6,000,000円の２分の１に相当する額である3,000,000円 平成24年12月第３四半期四半期報告書については、6,000,000円の２分の１に相当する額である3,000,000円 平成25年３月期有価証券報告書については、6,000,000円 となる。 ここで、これらの書類が同一の事業年度に係るものであることから、金融商品取引法第185条の７第６項の規定により、下記のとおり600万円を個別決定ごとの算出額に応じて按分した金額が課徴金の額となる。 平成24年６月第１四半期四半期報告書に係る課徴金の額は 1,200,000円 平成24年９月第２四半期四半期報告書に係る課徴金の額は 1,200,000円 平成24年12月第３四半期四半期報告書に係る課徴金の額は 1,200,000円 平成25年３月期有価証券報告書に係る課徴金の額は 2,400,000円 (2) 金融商品取引法第172条の４第１項及び第２項の規定により、平成25年６月第１四半期四半期報告書、平成25年９月第２四半期四半期報告書及び平成25年12月第３四半期四半期報告書に係る課徴金について、個別決定ごとの算出額は、 ア 当該法人が発行する算定基準有価証券の市場価額の総額に10万分の６を乗じて得た額 （平成25年６月第１四半期四半期報告書 238,289円 平成25年９月第２四半期四半期報告書 406,673円 平成25年12月第３四半期四半期報告書 642,868円） が イ 6,000,000円 を超えないことから、 平成25年６月第１四半期四半期報告書については、6,000,000円の２分の１に相当する額である3,000,000円 平成25年９月第２四半期四半期報告書については、6,000,000円の２分の１に相当する額である3,000,000円 平成25年12月第３四半期四半期報告書については、6,000,000円の２分の１に相当する額である3,000,000円 となる。 ここで、これらの書類が同一の事業年度に係るものであることから、金融商品取引法第185条の７第６項の規定により、下記のとおり600万円を個別決定ごとの算出額に応じて按分した金額が課徴金の額となる。 平成25年６月第１四半期四半期報告書に係る課徴金の額は 2,000,000円 平成25年９月第２四半期四半期報告書に係る課徴金の額は 2,000,000円 平成25年12月第３四半期四半期報告書に係る課徴金の額は 2,000,000円 (3) 金融商品取引法第172条の２第１項第１号の規定により、重要な事項につき虚偽の記載がある発行開示書類に基づく募集により取得させた株券等の発行価額の総額の100分の4.5に相当する額が課徴金の額となることから、 ア 平成24年12月26日提出の有価証券届出書（株式）に係る課徴金の額は、 1,300,000,000円×4.5／100＝58,500,000円 イ 平成25年11月１日提出の有価証券届出書（株式）に係る課徴金の額は、 1,800,000,438円×4.5／100＝81,000,019円 について、金融商品取引法第176条第２項の規定により１万円未満の端数を切り捨てて、81,000,000円 となる。"
2014-10-22,株式会社ＥＳＰＬＵＳ及びそ,,株式会社ＥＳＰＬＵＳ及びその役員１名に対する金融商品取引法違反行為に係る裁判所の禁止及び停止命令の発令について（平成26年10月22日）,https://www.fsa.go.jp/sesc/news/c_2014/2014/20141022-1.html,平成２６年１０月２２日 証券取引等監視委員会 株式会社ＥＳＰＬＵＳ及びその役員１名に対する金融商品取引法違反行為に係る裁判所の禁止及び停止命令の発令について 証券取引等監視委員会が、平成２６年９月１２日に行った株式会社ＥＳＰＬＵＳ（大阪市淀川区、平成２５年９月末に解散し、現在は清算中。資本金１０００万円、金融商品取引業の登録等はない。）及び同社代表清算人Aに対する金融商品取引法違反行為（無登録で、同法第２条第２項の規定により有価証券とみなされる同項第５号又は第６号に掲げる権利の募集又は私募の取扱いを行うこと）の禁止及び停止を命ずるよう求める申立てについて、本日、名古屋地方裁判所より、申立ての内容どおり、下記の命令が下された。 記 被申立人らは、いずれも、金融商品取引法２９条所定の登録（ただし、業務の種別を第二種金融商品取引業とするもの）その他同法所定の適式の登録を受けずに、同法２条２項５号又は６号に掲げる権利について、募集又は私募の取扱いを業として行ってはならない。 （参考） 株式会社ＥＳＰＬＵＳ及びその役員１名の金融商品取引法違反行為に係る裁判所への申立てについて
2014-10-10,夢の街創造委員会株式会社,,夢の街創造委員会株式会社社員からの情報受領者による内部者取引に対する課徴金納付命令の勧告について（平成26年10月10日）,https://www.fsa.go.jp/sesc/news/c_2014/2014/20141010-1.html,"平成２６年１０月１０日 証券取引等監視委員会 夢の街創造委員会株式会社社員からの情報受領者による内部者取引に対する課徴金納付命令の勧告について １．勧告の内容 証券取引等監視委員会は、夢の街創造委員会株式会社社員からの情報受領者による内部者取引について検査した結果、下記のとおり法令違反の事実が認められたので、本日、内閣総理大臣及び金融庁長官に対して、金融庁設置法第２０条第１項の規定に基づき、課徴金納付命令を発出するよう勧告を行った。 ２．法令違反の事実関係 課徴金納付命令対象者は、夢の街創造委員会株式会社（以下「夢の街創造委員会」という。）の社員から、同人がその職務に関し知った、夢の街創造委員会の業務執行を決定する機関が、株式会社薩摩恵比寿堂の発行済株式の全部を取得して子会社化することについての決定をした旨の重要事実の伝達を受けながら、この事実が公表された平成２５年５月１７日より前の同年４月１９日から同年５月１６日までの間、自己の計算において、夢の街創造委員会株式合計８６００株を買付価額合計４７１万９５００円で買い付けたものである。 課徴金納付命令対象者が行った上記の行為は、金融商品取引法第１７５条第１項に規定する「第１６６条第１項又は第３項の規定に違反して、同条第１項に規定する売買等をした」行為に該当すると認められる。 ３．課徴金の額の計算 上記の違法行為に対し、金融商品取引法に基づき納付を命じられる課徴金の額は、２５６万円である。 計算方法の詳細については、別紙のとおり。 （別紙） ○ 課徴金の額の計算方法について 金融商品取引法第１７５条第１項に基づき、課徴金の額は、 （重要事実が公表された後２週間における最も高い価格）×（買付株数） －（買付価格）×（買付株数） となる。 したがって、重要事実の公表後２週間における夢の街創造委員会の最も高い株価は、８４７円であることから、課徴金の額は下記の金額となる。 （８４７円×８，６００株） － 買付価額４，７１９，５００円（注） ＝２，５６４，７００円 ⇒課徴金の額は１万円未満を切り捨てるため、 ２５６万円 （注）買付価額は、 「515円×700株＋516円×1,400株＋518円×1,700株＋561円×200株＋562円×600株＋563円×900株＋565円×1,900株＋572円×200株＋612円×1,000株」 の額である。"
2014-10-17,クリーンコントロールベトナム合同会社,,クリーンコントロールベトナム合同会社に対する検査結果について（平成26年10月17日）,https://www.fsa.go.jp/sesc/news/c_2014/2014/20141017-1.html,平成26年10月17日 証券取引等監視委員会 クリーンコントロールベトナム合同会社に対する検査結果について 関東財務局長が上記適格機関投資家等特例業務届出者を検査した結果、問題が認められた（詳細は、関東財務局ウェブサイトを参照してください。）。 「クリーンコントロールベトナム合同会社に対する検査結果について」（関東財務局ウェブサイト）
2014-10-17,株式会社リアルキャピタルマネジメント,,株式会社リアルキャピタルマネジメントに対する検査結果に基づく勧告について（平成26年10月17日）,https://www.fsa.go.jp/sesc/news/c_2014/2014/20141017-2.html,平成26年10月17日 証券取引等監視委員会 株式会社リアルキャピタルマネジメントに対する検査結果に基づく勧告について １．勧告の内容 関東財務局長が株式会社リアルキャピタルマネジメント（神奈川県小田原市、資本金10百万円、常勤役職員２名、第二種金融商品取引業、投資助言・代理業。）を検査した結果、下記のとおり、当該金融商品取引業者に係る問題が認められたので、本日、証券取引等監視委員会は、内閣総理大臣及び金融庁長官に対して、金融庁設置法第20条第１項の規定に基づき、行政処分を行うよう勧告した。 ２．事実関係 ○　不正又は著しく不当な行為をした場合において、その情状が特に重いと認められる状況等 （１）適格機関投資家からの出資が行われたように装う行為 株式会社リアルキャピタルマネジメント（以下「当社」という。）は、23の適格機関投資家等特例業務を行おうとする者（以下「特例業務届出希望者」という。）から、その組成するファンドに出資を行う適格機関投資家を紹介して欲しいとの依頼を受け、適格機関投資家である海外のＡ証券の代理人と称する045fund合同会社（以下「045fund社」という。）に当該ファンドへの出資を依頼することにより、Ａ証券から当該ファンドに出資を行わせる旨を約す行為を行っていた。 そして、当該ファンドには045fund社から出資が行われた。 しかしながら、実際には、当社及び045fund社は、特例業務届出希望者から受け取った資金の一部を、045fund社を通じて、当該特例業務届出希望者が組成したファンドへの出資に充てていたものである。 このスキームは、当社及び045fund社が考案したもので、当社は、Ａ証券から出資がされていないこと及び同証券による出資とされていた資金が、当該特例業務届出希望者から拠出されたものであることを認識していた。 当社において上記の行為が行われている状況は、金融商品取引法（以下「金商法」という。）第52条第１項第９号に掲げる「金融商品取引業に関し、不正又は著しく不当な行為をした場合において、その情状が特に重いとき」に該当するものと認められる。 （２）自己の名義をもって、他人にファンド持分の取得勧誘を行わせている状況（名義貸し） 当社は、平成24年４月１日から同年７月13日までの間に、クリーンコントロールベトナム合同会社（以下「クリーン社」という。）が組成、運用するファンドの出資持分の取得勧誘について、クリーン社に対し、当社の名義を用いてこれを行わせていた。 当社における上記の行為は、金商法第36条の３（名義貸しの禁止）に違反するものと認められる。 （３）法定書面の未交付等 当社は、契約締結前交付書面などの法定書面の未交付等、多くの法令違反が認められる状況（※法定書面の未交付等の法令違反の該当法令は別添参照）となっている。 （４）金融商品取引業を適確に遂行するに足りる人的構成が確保されていない状況等 当社の業務の多くは、代表取締役一人により主体的に処理されているところ、当社代表取締役が行った上記（１）ないし（３）記載の業務において法令違反等の問題が認められ、当社はこれらの業務によって、営業収益のほとんどを上げている。 したがって、当社代表取締役は、業務運営に当たり、法令等遵守意識が著しく欠如しているものと認められる。 当社における上記の状況は、金商法第29条の４第１項第１号ニに掲げる「金融商品取引業を適確に遂行するに足りる人的構成を有しない者」に該当するものと認められ、このような当社の状況は、金商法第52条第１項第１号に該当するものと認められる。 （別添） ※法定書面の未交付等 ア　政令で定める使用人の変更届出の未済（金商法第31条第１項に違反） イ　契約締結前交付書面の未交付等（金商法第37条の３第１項に違反） ウ　契約締結時交付書面の未交付等（金商法第37条の４第１項に違反） エ　業務に関する帳簿書類（投資顧問契約に基づく助言の内容を記載した書面）の未作成（金商法第47条に違反） オ　事業報告書の記載不備（金商法第47条の２に違反） （参考）クリーンコントロールベトナム合同会社に対する検査結果について（関東財務局ウェブサイト） （参考条文） ○　金融商品取引法（昭和23年法律第25号）（抄） （登録の拒否） 第二十九条の四　内閣総理大臣は、登録申請者が次の各号のいずれかに該当するとき、又は登録申請書若しくはこれに添付すべき書類若しくは電磁的記録のうちに虚偽の記載若しくは記録があり、若しくは重要な事実の記載若しくは記録が欠けているときは、その登録を拒否しなければならない。 一　次のいずれかに該当する者 イ～ハ（略） ニ　金融商品取引業を適確に遂行するに足りる人的構成を有しない者 （以下、略） （変更登録等） 第三十一条　金融商品取引業者は、第二十九条の二第一項各号（第五号を除く。）に掲げる事項について変更があつたときは、その日から二週間以内に、その旨を内閣総理大臣に届け出なければならない。 （以下、略） （名義貸しの禁止） 第三十六条の三　金融商品取引業者等は、自己の名義をもつて、他人に金融商品取引業（登録金融機関にあつては、登録金融機関業務。以下この款において同じ。）を行わせてはならない。 （契約締結前の書面の交付） 第三十七条の三　金融商品取引業者等は、金融商品取引契約を締結しようとするときは、内閣府令で定めるところにより、あらかじめ、顧客に対し、次に掲げる事項を記載した書面を交付しなければならない。ただし、投資者の保護に支障を生ずることがない場合として内閣府令で定める場合は、この限りでない。 （以下、略） （契約締結時等の書面の交付） 第三十七条の四　金融商品取引業者等は、金融商品取引契約が成立したときその他内閣府令で定めるときは、遅滞なく、内閣府令で定めるところにより、書面を作成し、これを顧客に交付しなければならない。ただし、その金融商品取引契約の内容その他の事情を勘案し、当該書面を顧客に交付しなくても公益又は投資者保護のため支障を生ずることがないと認められるものとして内閣府令で定める場合は、この限りでない。 （以下、略） （業務に関する帳簿書類） 第四十七条　金融商品取引業者（第一種金融商品取引業を行う者を除く。以下この款において同じ。）は、内閣府令で定めるところにより、その業務に関する帳簿書類を作成し、これを保存しなければならない。 （事業報告書の提出） 第四十七条の二　金融商品取引業者は、事業年度ごとに、内閣府令で定めるところにより、事業報告書を作成し、毎事業年度経過後三月以内に、これを内閣総理大臣に提出しなければならない。 （金融商品取引業者に対する監督上の処分） 第五十二条　内閣総理大臣は、金融商品取引業者が次の各号のいずれかに該当する場合においては、当該金融商品取引業者の第二十九条の登録を取り消し、第三十条第一項の認可を取り消し、又は六月以内の期間を定めて業務の全部若しくは一部の停止を命ずることができる。 一　第二十九条の四第一項第一号、第二号又は第三号に該当することとなつたとき。 二～八（略） 九　金融商品取引業に関し、不正又は著しく不当な行為をした場合において、その情状が特に重いとき。 （以下、略）
2014-10-10,川口化学工業株式会社,4361,川口化学工業株式に係る相場操縦に対する課徴金納付命令の勧告について（平成26年10月10日）,https://www.fsa.go.jp/sesc/news/c_2014/2014/20141010-2.html,"平成２６年１０月１０日 証券取引等監視委員会 川口化学工業株式に係る相場操縦に対する課徴金納付命令の勧告について １．勧告の内容 証券取引等監視委員会は、川口化学工業株式に係る相場操縦について検査した結果、下記のとおり法令違反の事実が認められたので、本日、内閣総理大臣及び金融庁長官に対して、金融庁設置法第２０条第１項の規定に基づき、課徴金納付命令を発出するよう勧告を行った。 ２．法令違反の事実関係 課徴金納付命令対象者は、川口化学工業株式会社の株式につき、同株式の売買を誘引する目的をもって、平成２５年７月１１日午後１時４２分頃から同月１２日午前９時１７分頃までの間、２取引日にわたり、下値買い注文を大量に入れたり、直前の約定値より高指値の買い注文を連続して発注して株価を引き上げるなどの方法により、同株式合計２万２０００株を買い付ける一方、同株式合計４万６０００株を売り付けるとともに、同株式合計９万４０００株の買付けの委託を行うなどし、もって、同株式の売買が繁盛であると誤解させ、かつ、同株式の相場を変動させるべき一連の売買及び委託をしたものである。 課徴金納付命令対象者が行った上記の行為は、金融商品取引法第１７４条の２第１項に規定する「第１５９条第２項第１号の規定に違反する一連の有価証券売買等」に該当すると認められる。 ３．課徴金の額の計算 上記の違法行為に対し金融商品取引法に基づき納付を命じられる課徴金の額は、９３万円である。 計算方法の詳細については、別紙のとおり。 （別紙） ○ 課徴金の額の計算方法について １．金融商品取引法第１７４条の２第１項に基づき、課徴金の額は、 (1) 売買対当数量（注１）に係るものについて、 （有価証券の売付価額）－（有価証券の買付価額） と、 (2) 当該違反行為に係る有価証券の売付数量が買付数量を超える場合の、当該超える数量に係るものについて、 （有価証券の売付価額）－（当該違反行為が終了してから１月を経過するまでの間の当該有価証券の最低価格×当該超える数量） または、 当該違反行為に係る有価証券の買付数量が売付数量を超える場合の、当該超える数量に係るものについて、 （当該違反行為が終了してから１月を経過するまでの間の当該有価証券の最高価格×当該超える数量）－（有価証券の買付価額） との合計額として計算される。 （注１）売買対当数量：当該違反行為に係る有価証券の売付数量と買付数量のうち、いずれか少ない数量をいう。 ２．課徴金納付命令対象者の違反行為について、本件における課徴金の額は、下記(1)及び(2)によりそれぞれ算定される額の合計　932,000円 ⇒課徴金の額は、１万円未満を切り捨てるため、 ９３万円 (1) 当該違反行為に係る売買対当数量は、 (i)当該違反行為に係る有価証券の売付数量は、46,000株であり、 (ii)当該違反行為に係る有価証券の買付数量は、実際の買付け等の数量22,000株に、金融商品取引法第１７４条の２第８項及び同法施行令第３３条の１３第１号により、違反行為の開始時にその時における価格（109円）で買付けをしたものとみなされる当該違反行為の開始時に所有している当該有価証券の数量26,000株を加えた48,000株である ことから、46,000株となる。 当該売買対当数量に係るものについて、 売付価額6,003,000円（注２）－ 買付価額5,090,000円（注３） ＝913,000円 （注２）売付価額は、 「110円×2,000株＋124円×4,000株＋125円×4,000株＋130円×19,000株＋131円×1,000株＋133円×1,000株＋134円×2,000株＋135円×3,000株＋138円×10,000株」 の額である。 （注３）買付価額は、 「109円×28,000株＋110円×3,000株＋111円×7,000株＋112円×5,000株＋123円×1,000株＋124円×2,000株」 の額である。 （注４）買付価額の算定においては、金融商品取引法施行令第３３条の１４第５項の規定により、当該違反行為に係る有価証券の買付けのうち最も早い時期に行われたものから順次当該売買対当数量に達するまで割り当てることとなる。 本件においては、違反行為の開始時点において所有しており、金融商品取引法第１７４条の２第８項及び同法施行令第３３条の１３第１号の規定により、違反行為の開始時点にその時における価格（109円）で買い付けたものとみなされるもの（みなし買付け）から割り当てられることとなる。 (2) 上記(1)のとおり、当該違反行為に係る有価証券の買付数量が、売付数量を超えることから、 当該超える数量2,000株（48,000株－46,000株）について、 当該違反行為が終了してから１月を経過するまでの間の当該有価証券の最高価格（134円）に当該超える数量を乗じて得た額 268,000円（134円×2,000株）－ 買付価額249,000円（注５） ＝19,000円 （注５）買付価額は、 「124円×1,000株＋125円×1,000株」 の額である。"
2014-09-26,,,渡邉和彦に対する検査結果について（平成26年9月26日）,https://www.fsa.go.jp/sesc/news/c_2014/2014/20140926-1.html,平成26年９月26日 証券取引等監視委員会 渡邉和彦に対する検査結果について 近畿財務局長が上記適格機関投資家等特例業務届出者を検査した結果、問題が認められた（詳細は、近畿財務局ウェブサイトを参照してください。）。 「渡邉和彦に対する検査結果について」（近畿財務局ウェブサイト）
2014-09-26,株式会社財コンサルティング,,株式会社財コンサルティングに対する検査結果に基づく勧告について（平成26年9月26日）,https://www.fsa.go.jp/sesc/news/c_2014/2014/20140926-2.html,平成26年９月26日 証券取引等監視委員会 株式会社財コンサルティングに対する検査結果に基づく勧告について １．勧告の内容 近畿財務局長が株式会社財コンサルティング（大阪府大阪市、資本金10百万円、常勤役職員21名、金融商品仲介業）を検査した結果、下記のとおり、当該金融商品仲介業者に係る問題が認められたので、本日、証券取引等監視委員会は、内閣総理大臣及び金融庁長官に対して、金融庁設置法第20条第１項の規定に基づき、行政処分を行うよう勧告した。 ２．事実関係 ○外務員の登録を受けた者以外の者に外務員の職務を行わせる行為 株式会社財コンサルティング（以下「当社」という。）は、外務員の登録を受けた者でなければ外務員の職務を行うことができないという認識があったにもかかわらず、外務員の登録を受けていない当社使用人８名に、遅くとも平成23年10月以降、各人それぞれ一定期間、所属金融商品取引業者が取り扱う投資信託の取得勧誘等の外務員の職務を行わせていた。 当社が行った上記の行為は、金融商品取引法第66条の25において準用する同法第64条第２項に違反するものと認められる。 （参考条文） ○金融商品取引法（昭和23年法律第25号）（抄） （定義） 第二条（略） ２～７（略） ８　この法律において「金融商品取引業」とは、次に掲げる行為（その内容等を勘案し、投資者の保護のため支障を生ずることがないと認められるものとして政令で定めるもの及び銀行、優先出資法第二条第一項 に規定する協同組織金融機関（以下「協同組織金融機関」という。）その他政令で定める金融機関が行う第十二号 、第十四号、第十五号又は第二十八条第八項各号に掲げるものを除く。）のいずれかを業として行うことをいう。 一～八（略） 九　有価証券の募集若しくは売出しの取扱い又は私募若しくは特定投資家向け売付け勧誘等の取扱い （以下、略） （外務員の登録） 第六十四条　金融商品取引業者等は、勧誘員、販売員、外交員その他いかなる名称を有する者であるかを問わず、その役員又は使用人のうち、その金融商品取引業者等のために次に掲げる行為を行う者（以下「外務員」という。）の氏名、生年月日その他内閣府令で定める事項につき、内閣府令で定める場所に備える外務員登録原簿（以下「登録原簿」という。）に登録を受けなければならない。 一　有価証券（第二条第二項の規定により有価証券とみなされる同項各号に掲げる権利を除く。）に係る次に掲げる行為 イ　第二条第八項第一号から第三号まで、第五号、第八号及び第九号に掲げる行為 ロ（略） 二・三（略） ２　金融商品取引業者等は、前項の規定により当該金融商品取引業者等が登録を受けた者以外の者に外務員の職務（同項各号に掲げる行為をいう。以下同じ。）を行わせてはならない。 （以下、略） （準用） 第六十六条の二十五　第六十四条から第六十四条の九まで（第六十四条の七第二項を除く。）の規定は、金融商品仲介業者について準用する。この場合において、必要な技術的読替えは、政令で定める。
2014-10-07,株式会社オリエントコーポレーション,8585,デイトレーダーによる見せ玉手法等を用いた４銘柄の株券に係る相場操縦事件の告発について（平成26年10月7日）,https://www.fsa.go.jp/sesc/news/c_2014/2014/20141007-1.html,平成２６年１０月７日 証券取引等監視委員会 デイトレーダーによる見せ玉手法等を用いた４銘柄の株券に係る相場操縦事件の告発について 証券取引等監視委員会は、本日（１０月７日）、金融商品取引法違反（相場操縦）の嫌疑で、２名の嫌疑者を東京地方検察庁に告発した。告発の対象となった犯則事実については下記のとおり。 １．告発の対象となった犯則事実 犯則嫌疑者２名は、東京証券取引所が開設する有価証券市場に上場されている株式会社の株券につき、売り需要が高い状況を作出することで顧客の売り注文を誘引するなどして同株券を買い付ける一方で、買い需要が高い状況を作出することで顧客の買い注文を誘引するなどして同株券の株価を上昇させ、同株券を高値で売り付けようと考え、財産上の利益を得る目的で、共謀の上 第１ 株式会社オリエントコーポレーションの株券について、同株券の売買を誘引する目的をもって、平成２５年２月１５日、同市場において、大量の上値売り注文等を連続して入れるなどしてその指値より安値で同株券を買い付けた上、下値買い注文を大量に入れるなどの方法により、犯則嫌疑者らの名義で、証券会社を介し、同株券合計約５８万株を買い付けるとともに、同株券合計約９５万株の売買の委託を行い、もって同株券の売買が繁盛であると誤解させ、かつ、相場を変動させるべき一連の売買及びその委託をし、同株券の株価を上昇させ、その頃、上昇させた株価により、同株券合計約５８万株を売り付け 第２ 株式会社トクヤマの株券について、前同様の目的をもって、同年３月１１日、同市場において、前同様の方法により、犯則嫌疑者らの名義で、証券会社を介し、同株券合計５８万株を買い付けるとともに、同株券合計約１２３万株の売買の委託を行い、もって同株券の売買が繁盛であると誤解させ、かつ、相場を変動させるべき一連の売買及びその委託をし、同株券の株価を上昇させ、その頃、上昇させた株価により、同株券合計５８万株を売り付け 第３ 日本橋梁株式会社の株券について、前同様の目的をもって、同年８月５日、同市場において、前同様の方法により、犯則嫌疑者らの名義で、証券会社を介し、同株券合計約３８万株を買い付けるとともに、同株券合計約９６万株の売買の委託を行い、もって同株券の売買が繁盛であると誤解させ、かつ、相場を変動させるべき一連の売買及びその委託をし、同株券の株価を上昇させ、その頃、上昇させた株価により、同株券合計約３８万株を売り付け 第４ 株式会社神戸製鋼所の株券について、前同様の目的をもって、同年８月２２日、同市場において、前同様の方法により、犯則嫌疑者らの名義で、証券会社を介し、同株券合計２５０万株を買い付けるとともに、同株券合計約８３３万株の売買の委託を行い、もって同株券の売買が繁盛であると誤解させ、かつ、相場を変動させるべき一連の売買及びその委託をし、同株券の株価を上昇させ、その頃、上昇させた株価により、同株券合計２５０万株を売り付け もって当該変動させた相場により有価証券の売買を行ったものである。 ２．関連条文 金融商品取引法第197条第2項、同条第1項第5号、第159条第2項第1号、刑法第60条 法定刑：10年以下の懲役及び3000万円以下の罰金
2014-09-09,株式会社の株式につき,,ホクシン株式に係る相場操縦に対する課徴金納付命令の勧告について（平成26年9月9日）,https://www.fsa.go.jp/sesc/news/c_2014/2014/20140909-2.html,"平成２６年９月９日 証券取引等監視委員会 ホクシン株式に係る相場操縦に対する課徴金納付命令の勧告について １．勧告の内容 証券取引等監視委員会は、ホクシン株式に係る相場操縦について検査した結果、下記のとおり法令違反の事実が認められたので、本日、内閣総理大臣及び金融庁長官に対して、金融庁設置法第２０条第１項の規定に基づき、課徴金納付命令を発出するよう勧告を行った。 ２．法令違反の事実関係 課徴金納付命令対象者は、ホクシン株式会社の株式につき、同株式の売買を誘引する目的をもって、平成２４年９月２８日午前９時頃から同年１０月３日午後１時４４分頃までの間、４取引日にわたり、直前の約定値より高値の買い注文と売り注文を対当させて株価を引き上げたり、連続して直前の約定値より高指値の買い注文を発注して株価を引き上げるなどの方法により、同株式合計３２万４１００株を買い付ける一方、同株式合計９２万２５００株を売り付け、もって、同株式の売買が繁盛であると誤解させ、かつ、同株式の相場を変動させるべき一連の売買をしたものである。 課徴金納付命令対象者が行った上記の行為は、金融商品取引法第１７４条の２第１項に規定する「第１５９条第２項第１号の規定に違反する一連の有価証券売買等」に該当すると認められる。 ３．課徴金の額の計算 上記の違法行為に対し金融商品取引法に基づき納付を命じられる課徴金の額は、４，３６７万円である。 計算方法の詳細については、別紙のとおり。 （別紙） ○ 課徴金の額の計算方法について １．金融商品取引法第１７４条の２第１項に基づき、課徴金の額は、 (1) 売買対当数量（注１）に係るものについて、 （有価証券の売付価額）－（有価証券の買付価額） と、 (2) 当該違反行為に係る有価証券の売付数量が買付数量を超える場合の、当該超える数量に係るものについて、 （有価証券の売付価額）－（当該違反行為が終了してから１月を経過するまでの間の当該有価証券の最低価格×当該超える数量） または、 当該違反行為に係る有価証券の買付数量が売付数量を超える場合の、当該超える数量に係るものについて、 （当該違反行為が終了してから１月を経過するまでの間の当該有価証券の最高価格×当該超える数量）－（有価証券の買付価額） との合計額として計算される。 （注１） 売買対当数量：当該違反行為に係る有価証券の売付数量と買付数量のうち、いずれか少ない数量をいう。 ２．課徴金納付命令対象者の違反行為について、本件における課徴金の額は、下記(1)及び(2)によりそれぞれ算定される額の合計　43,677,600円 ⇒課徴金の額は、１万円未満を切り捨てるため、 ４，３６７万円 (1) 当該違反行為に係る売買対当数量は、 (i)当該違反行為に係る有価証券の売付数量は、922,500株であり、 (ii)当該違反行為に係る有価証券の買付数量は、実際の買付け等の数量324,100株に、金融商品取引法第１７４条の２第８項及び同法施行令第３３条の１３第１号により、違反行為の開始時にその時における価格（186円）で買付けをしたものとみなされる当該違反行為の開始時に所有している当該有価証券の数量2,197,300株を加えた2,521,400株である ことから、922,500株となる。 当該売買対当数量に係るものについて、 売付価額184,347,100円（注２）－ 買付価額171,585,000円（注３） ＝12,762,100円 （注２） 売付価額は、 「186円×2,000株＋186.5円×500株＋187円×1,200株＋188円×1,800株 ＋188.5円×500株＋189円×12,900株＋189.5円×1,000株＋190円×64,400株 ＋190.5円×500株＋191円×23,700株＋192円×9,500株＋192.5円×500株 ＋193円×16,700株＋194円×34,800株＋195円×42,100株＋195.5円×1,000株 ＋196円×22,700株＋196.5円×500株＋197円×63,600株＋197.5円×500株 ＋198円×62,500株＋199円×36,400株＋199.5円×1,500株＋200円×82,700株 ＋200.5円×500株＋201円×65,800株＋201.5円×1,500株＋202円×59,500株 ＋202.5円×8,500株＋203円×51,800株＋203.5円×2,000株＋204円×19,700株 ＋204.5円×1,000株＋205円×22,200株＋205.5円×2,600株＋206円×85,000株 ＋207円×44,800株＋208円×63,600株＋208.5円×600株＋209円×9,600株 ＋210円×300株」 の額である。 （注３） 買付価額は、「186円×922,500株」の額である。 （注４） 買付価額の算定においては、金融商品取引法施行令第３３条の１４第５項の規定により、当該違反行為に係る有価証券の買付けのうち最も早い時期に行われたものから順次当該売買対当数量に達するまで割り当てることとなる。 本件においては、違反行為の開始時点において所有しており、金融商品取引法第１７４条の２第８項及び同法施行令第３３条の１３第１号の規定により、違反行為の開始時点にその時における価格（186円）で買い付けたものとみなされるもの（みなし買付け）から割り当てられることとなる。 (2) 上記(1)のとおり、当該違反行為に係る有価証券の買付数量が、売付数量を超えることから、 当該超える数量1,598,900株（2,521,400株－922,500株）について、 当該違反行為が終了してから１月を経過するまでの間の当該有価証券の最高価格（208円）に当該超える数量を乗じて得た額 332,571,200円（208円×1,598,900株） － 買付価額301,655,700円（注５） ＝30,915,500円 （注５） 買付価額は、 「186円×1,275,100株＋187円×2,400株＋188円×3,900株＋189円×2,600株 ＋190円×6,200株＋191円×40,900株＋192円×18,900株＋193円×8,100株 ＋194円×4,200株＋195円×21,700株＋196円×25,400株＋197円×9,400株 ＋198円×16,200株＋199円×11,300株＋200円×5,500株＋201円×7,800株 ＋202円×23,200株＋203円×21,300株＋204円×4,000株＋205円×4,600株 ＋206円×15,400株＋207円×37,000株＋208円×33,800株」 の額である。"
2014-09-12,株式会社ＥＳＰＬＵＳ及びそ,,株式会社ＥＳＰＬＵＳ及びその役員１名の金融商品取引法違反行為に係る裁判所への申立てについて（平成26年9月12日）,https://www.fsa.go.jp/sesc/news/c_2014/2014/20140912-1.html,平成２６年９月１２日 証券取引等監視委員会 株式会社ＥＳＰＬＵＳ及びその役員１名の金融商品取引法違反行為に係る裁判所への申立てについて １．申立ての内容等 近畿財務局長及び東海財務局長が、株式会社ＥＳＰＬＵＳ（大阪市淀川区、平成２５年９月末に解散し、現在は清算中。資本金１０００万円、金融商品取引業の登録等はない。以下「当社」という。）に対して金融商品取引法（以下「金商法」という。）第１８７条第１項に基づく調査を行った結果、下記２．の事実が認められたことから、本日、証券取引等監視委員会は、金商法第１９２条第１項の規定に基づき、名古屋地方裁判所に対し、当社及び当社の代表清算人A（以下、当社及びAを併せて「当社ら」という。）を被申立人として金商法違反行為（無登録で、同法第２条第２項の規定により有価証券とみなされる同項第５号又は第６号に掲げる権利の募集又は私募の取扱いを行うこと）の禁止及び停止を命ずるよう申立てを行った。 なお、本申立ては、今後契約の解約等を希望する既存投資家に対し、当社らにおいて契約の解約等に必要な手続き（返金手続きを含む。）を行うことの禁止及び停止を求めるものではない。 ２．事実関係 当社は、平成２５年１０月頃以降、多数の一般投資家に対し、当社の関連会社である外国法人のＣａｎｎｉｐ　Ｌｉｍｉｔｅｄ（以下「カニップ社」という。）において出資金を集め、Aが役員会会長を務める外国法人のＮｉｐｐｏｎ　Ｄｒａｇｏｎ　Ｒｅｓｏｕｒｃｅｓ　Ｉｎｃ．の鉱山開発事業へ投資して運用を行うとする「カニップインターナショナルリソースファンド」という名称のファンド（以下「カニップファンド」という。）に係る権利の取得勧誘を行っている。 また、当社は、同月頃以降、多数の一般投資家に対し、「ワールド・ハッピー・スマイル・チルドレン有限責任事業組合」を組合の名称とする有限責任事業組合契約に基づく権利（投資対象、投資条件等はカニップファンドと同一である。）の取得勧誘を行っている。 Aは、当社の名古屋事務所（名古屋市中村区）を主要な拠点とし、当社の大阪事務所（大阪市北区）の責任者及び名古屋事務所の従業員並びに金融商品取引業の登録のない「代理店」と呼ばれる個人又は法人に指示するなどして、上記取得勧誘行為に当たらせている。なお、当社は、カニップ社を介して、「代理店」に対して、勧誘した一般投資家の出資金額に応じた報酬を毎月支払っている。 以上の結果、平成２５年１０月頃から同２６年６月頃までの間に、延べ７５名の一般投資家に約２億４０００万円を出資させた。 当社らの上記各行為は、いずれも、金商法第２８条第２項第２号に規定する「第二種金融商品取引業」に該当し、同法第２９条に違反するものである。 当社は平成２５年９月末に解散決議を行った旨登記しているものの、当社らは、上記のとおり自ら又は「代理店」を利用するなどして勧誘行為を継続していることに加え、平成２４年１月頃から同２６年６月頃までの間、多数の一般投資家に対し、Aが大韓民国に設立した金融投資貸付株式会社が組成する「ＫＴ」という名称のファンドに係る権利の取得勧誘を行い、延べ２４３名の一般投資家に約５億８０００万円を出資させた。 以上からすれば、当社らは上記違法行為を今後も行う蓋然性が高く、これを可及的速やかに禁止・停止させる必要がある。 参考資料（PDF:55KB） （クリックすると拡大されます） 参考条文 ○第二種金融商品取引業 金融商品取引法(抄) （定義） 第二条 この法律において「有価証券」とは、次に掲げるものをいう。 一～二十一　(略) ２ （前略）、 次に掲げる権利は、 証券又は証書に表示されるべき権利以外の権利であつても 有価証券とみなして、この法律の規定を適用する 。 一～四　(略) 五　民法（中略）第六百六十七条第一項に規定する組合契約、商法（中略）第五百三十五条に規定する匿名組合契約、投資事業有限責任組合契約に関する法律（中略）第三条第一項に規定する投資事業有限責任組合契約又は 有限責任事業組合契約に関する法律（中略）第三条第一項に規定する有限責任事業組合契約に基づく権利 、社団法人の社員権その他の権利（外国の法令に基づくものを除く。） のうち、当該権利を有する者（中略）が出資又は拠出をした金銭（中略）を充てて行う事業（以下この号において「出資対象事業」という。）から生ずる収益の配当又は当該出資対象事業に係る財産の分配を受けることができる権利であつて、次のいずれにも該当しないもの （略） イ～ニ　（略） 六 外国の法令に基づく権利であつて、前号に掲げる権利に類するもの 七　（略） ３～７　（略） ８ この法律において 「金融商品取引業」とは、次に掲げる行為（略）のいずれかを業として行うことをいう 。 一～八　(略) 九 有価証券の募集 若しくは売出し の取扱い 又は 私募 若しくは特定投資家向け売付け勧誘等 の取扱い 十～十八（略） ９～39　（略） 第二十八条 （略） ２ この章において 「第二種金融商品取引業」とは、金融商品取引業のうち、次に掲げる行為のいずれかを業として行うことをいう 。 一　（略） 二 第二条第二項の規定により有価証券とみなされる同項各号に掲げる権利についての同条第八項 第一号から第三号まで、第五号、第八号又は 第九号に掲げる行為 三・四　（略） ３～８　（略） （登録） 第二十九条 金融商品取引業は、内閣総理大臣の登録を受けた者でなければ、行うことができない 。 ○緊急差止命令に係る申立て 金融商品取引法(抄) （審問等に関する調査のための処分） 第百八十七条 内閣総理大臣又は内閣総理大臣及び財務大臣は、この法律の規定による審問、この法律の規定による処分に係る聴聞又は 第百九十二条の規定による申立てについて、必要な調査をするため、当該職員に、次に掲げる処分をさせることができる 。 一　関係人若しくは参考人に出頭を命じて意見を聴取し、又はこれらの者から意見書若しくは報告書を提出させること。 二　鑑定人に出頭を命じて鑑定させること。 三　関係人に対し帳簿書類その他の物件の提出を命じ、又は提出物件を留めて置くこと。 四　関係人の業務若しくは財産の状況又は帳簿書類その他の物件を検査すること。 ２ （略） （裁判所の禁止又は停止命令） 第百九十二条 裁判所は、緊急の必要があり、かつ、公益及び投資者保護のため必要かつ適当であると認めるときは、内閣総理大臣又は内閣総理大臣及び財務大臣の申立てにより、この法律又はこの法律に基づく命令に違反する行為を行い、又は行おうとする者に対し、その行為の禁止又は停止を命ずることができる。 ２ 裁判所は、前項の規定により発した命令を取り消し、又は変更することができる。 ３ 前二項の事件は、被申立人の住所地又は第一項に規定する行為が行われ、若しくは行われようとする地の地方裁判所の管轄とする。 ４ 第一項及び第二項の裁判については、非訟事件手続法（平成二十三年法律第五十一号）の定めるところによる。 第百九十八条 次の各号のいずれかに該当する者は、三年以下の懲役若しくは三百万円以下の罰金に処し、又はこれを併科する。 一～七　（略） 八 第百九十二条第一項又は第二項の規定による裁判所の命令に違反した者 第二百七条 法人（中略）の代表者又は法人若しくは人の代理人、使用人その他の従業者が、その法人又は人の業務又は財産に関し、次の各号に掲げる規定の違反行為をしたときは、その行為者を罰するほか、その法人に対して当該各号に定める罰金刑を、その人に対して各本条の罰金刑を科する。 一・二 （略） 三 第百九十八条（中略）又は第百九十八条の三から第百九十八条の五まで　三億円以下の罰金刑 四～六 （略） ２・３ （略）
2014-09-09,技研興業株式会社,,技研興業株式会社役員による内部者取引に対する課徴金納付命令の勧告について（平成26年9月9日）,https://www.fsa.go.jp/sesc/news/c_2014/2014/20140909-1.html,"平成２６年９月９日 証券取引等監視委員会 技研興業株式会社役員による内部者取引に対する課徴金納付命令の勧告について １．勧告の内容 証券取引等監視委員会は、技研興業株式会社役員による内部者取引について検査した結果、下記のとおり法令違反の事実が認められたので、本日、内閣総理大臣及び金融庁長官に対して、金融庁設置法第２０条第１項の規定に基づき、課徴金納付命令を発出するよう勧告を行った。 ２．法令違反の事実関係 課徴金納付命令対象者は、技研興業株式会社（以下「技研興業」という。）の役員であったが、その職務に関し、同社の平成２６年３月期の売上高について、平成２５年５月１４日に公表がされた直近の予想値に比較して、同社が新たに算出した予想値において投資者の投資判断に及ぼす影響が重要なものとして内閣府令で定める基準に該当する差異が生じた旨の重要事実を知りながら、新たに算出した予想値が売上高１３７億円として公表がされた平成２５年８月１日より前の同年７月２９日、自己の計算において、技研興業株式合計３０００株を買付価額合計４８万６０００円で買い付けたものである。 課徴金納付命令対象者が行った上記の行為は、金融商品取引法第１７５条第１項に規定する「第１６６条第１項又は第３項の規定に違反して、同条第１項に規定する売買等をした」行為に該当すると認められる。 ３．課徴金の額の計算 上記の違法行為に対し、金融商品取引法に基づき納付を命じられる課徴金の額は、２２万円である。 計算方法の詳細については、別紙のとおり。 （別紙） ○ 課徴金の額の計算方法について 金融商品取引法第１７５条第１項に基づき、課徴金の額は、 （重要事実が公表された後２週間における最も高い価格）×（買付株数） －（買付価格）×（買付株数） となる。 したがって、重要事実の公表後２週間における技研興業の最も高い株価は、２３８円であることから、課徴金の額は下記の金額となる。 （２３８円×３，０００株） － 買付価額４８６，０００円 （注） ＝２２８，０００円 ⇒課徴金の額は１万円未満を切り捨てるため、 ２２万円 （注）買付価額は、「162円×3,000株」の額である。"
2014-09-05,,,長期国債先物に係る相場操縦に対する課徴金納付命令の勧告について（平成26年9月5日）,https://www.fsa.go.jp/sesc/news/c_2014/2014/20140905-1.html,"平成２６年９月５日 証券取引等監視委員会 長期国債先物に係る相場操縦に対する課徴金納付命令の勧告について １．勧告の内容 証券取引等監視委員会は、長期国債先物に係る相場操縦について検査した結果、下記のとおり法令違反の事実が認められたので、本日、内閣総理大臣及び金融庁長官に対して、金融庁設置法第２０条第１項の規定に基づき、課徴金納付命令を発出するよう勧告を行った。 ２．法令違反の事実関係 課徴金納付命令対象者は、長期国債先物（平成２５年９月限月）について、市場デリバティブ取引を誘引する目的をもって、別表記載のとおり、平成２５年６月２６日午前９時３３分頃から同日午後２時５８分頃までの間、約定させる意思がないのに、買い最良気配値以下の価格に多数の買い注文を発注したり、売り最良気配値以上の価格に多数の売り注文を発注したりするなどの方法により、上記先物合計３９単位を買い付ける一方、同先物合計３９単位を売り付けるとともに、同先物合計１６７２単位の買い注文及び合計７５７単位の売り注文を発注し、もって、自己の計算において、市場デリバティブ取引が繁盛であると誤解させ、かつ、上記先物の相場を変動させるべき一連の市場デリバティブ取引及び委託をしたものである。 課徴金納付命令対象者が行った上記の行為は、金融商品取引法第１７４条の２第１項に規定する「第１５９条第２項第１号の規定に違反する一連の有価証券売買等」及び「その委託等」に該当すると認められる。 ３．課徴金の額の計算 上記の違法行為について金融商品取引法に基づき算定される課徴金の額は、３３万円である。 計算方法の詳細については、別紙のとおり。 ４．その他 本件については、シンガポール通貨監督庁（Monetary Authority of Singapore）及び日本取引所自主規制法人より支援がなされている。 （別紙） ○ 課徴金の額の計算方法について １．金融商品取引法第１７４条の２第１項に基づき、課徴金の額は、売買対当数量（注１）に係るものについて、 （有価証券の売付け等の価額）－（有価証券の買付け等の価額） として計算される。 （注１）売買対当数量：当該違反行為に係る有価証券の売付け等数量と買付け等数量のうち、いずれか少ない数量をいう。 ２．本件における課徴金の額は、下記のとおり計算した額（注２）の ３３万円 となる。 平成２５年６月２６日における一連の市場デリバティブ取引及び委託について （有価証券の売付け等の価額）5,545,500,000円－（有価証券の買付け等の価額） 5,545,170,000円＝330,000円 （注２）有価証券の売付け等の価額及び買付け等の価額の明細は、 別表（PDF:72KB） 記載のとおりである。"
2014-09-05,株式会社グランター及びそ,,株式会社グランター及びその役職員２名に対する金融商品取引法違反行為に係る裁判所の禁止及び停止命令の発令について（平成26年9月5日）,https://www.fsa.go.jp/sesc/news/c_2014/2014/20140905-3.html,平成２６年９月５日 証券取引等監視委員会 株式会社グランター及びその役職員２名に対する金融商品取引法違反行為に係る裁判所の禁止及び停止命令の発令について 証券取引等監視委員会が、平成２６年８月６日に行った株式会社グランター（東京都港区、資本金５００万円、役職員８名、金融商品取引業の登録等はない。）、同社代表取締役A及び同社職員Bに対する金融商品取引法違反行為（無登録で、投資一任契約の締結の媒介及び同法第２条第２項の規定により有価証券とみなされる同項第３号又は５号若しくは６号に掲げる権利の募集又は私募の取扱いを行うこと）の禁止及び停止を命ずるよう求める申立てについて、本日、東京地方裁判所より、申立ての内容どおり、下記の命令が下された。 記 １　被申立人らは、いずれも、金融商品取引法２９条所定の登録（ただし、業務の種別を投資助言・代理業とするもの）その他同法所定の適式の登録を受けずに、当事者の一方が、相手方から、金融商品の価値等の分析に基づく投資判断の全部又は一部を一任されるとともに、当該投資判断に基づき当該相手方のため投資を行うのに必要な権限を委任されることを内容とする契約の締結の媒介を業として行ってはならない。 ２　被申立人らは、いずれも、金融商品取引法２９条所定の登録（ただし、業務の種別を第二種金融商品取引業とするもの）その他同法所定の適式の登録を受けずに、同法２条２項３号又は同項５号若しくは６号に掲げる権利について、募集又は私募の取扱いを業として行ってはならない。 （参考） 株式会社グランター及びその役職員２名の金融商品取引法違反行為に係る裁判所への申立てについて
2014-09-05,ＦＸコーポレーション株式会社,,ＦＸコーポレーション株式会社に対する検査結果に基づく勧告について（平成26年9月5日）,https://www.fsa.go.jp/sesc/news/c_2014/2014/20140905-2.html,平成２６年９月５日 証券取引等監視委員会 ＦＸコーポレーション株式会社に対する検査結果に基づく勧告について １．勧告の内容 関東財務局長がＦＸコーポレーション株式会社（東京都品川区、資本金102百万円、常勤役職員３名、第一種金融商品取引業）を検査した結果、下記のとおり、当該金融商品取引業者に係る問題が認められたので、平成26年８月29日、証券取引等監視委員会は、内閣総理大臣及び金融庁長官に対して、金融庁設置法第20条第１項の規定に基づき、行政処分を行うよう勧告した。 ２．事実関係 ○純財産額及び自己資本規制比率が法定の基準を下回っている状況等 ＦＸコーポレーション株式会社（以下「当社」という。）は、平成26年２月３日以降、現預金勘定に47百万円を計上しているものの、同日以降検査基準日（同年７月８日）に至るまで、当社において、47百万円に相当する現預金は確認されていない。 これにより、当社は、遅くとも平成26年３月末以降、純財産額が金融商品取引法（以下「金商法」という。）第29条の４第１項第５号ロに基づく金融商品取引法施行令第15条の９第１項に定める金額（50百万円。以下「法定額」という。）に満たない状況となっており、また、自己資本規制比率が140％（同年６月末以降は120％）を下回る状況となっている。 しかしながら、当社は、純財産額が法定額に満たないことについて、当局から処分されることを恐れ、必要な会計処理を行わなかったほか、金商法第50条第１項第８号に基づく金融商品取引業等に関する内閣府令（以下「業府令」という。）第199条第11号イに掲げる場合（純財産額が法定額に満たなくなった場合）の届出を行っていなかった。 また、当社は、純財産額が法定額に満たない事実を隠蔽するために、金商法第46条の６第１項に基づく月次の自己資本規制比率の届出に際し、平成26年２月末以降、虚偽の純財産額等を基に同比率を算出し、当局に届け出ていた。さらに、当社は、自己資本規制比率が、平成26年３月末から検査基準日までの間、140％を下回っている状況にあるにもかかわらず、金商法第46条の６第１項に基づく業府令第179条第１項第１号に掲げる場合（自己資本規制比率が140％を下回った場合）の届出を行っていなかった。 以上のとおり、当社の純財産額が法定額に満たない状況は、第一種金融商品取引業者に対して、監督上の処分を命ずることができる場合の要件となる金商法第52条第１項第３号（金商法第29条の４第１項第５号ロ（純財産額が法定額に満たない者）に該当することとなったとき）に該当するものと認められる。また、当社は、純財産額が法定額に満たなくなった場合（金商法第50条第１項第８号に基づく業府令第199条第11号イに掲げる場合）に該当するにもかかわらず、必要とされる届出を行っておらず、金商法第50条第１項に違反するものと認められる。 さらに、当社が虚偽の自己資本規制比率を当局に届け出たこと及び当社の自己資本規制比率が140％を下回っている場合（金商法第46条の６第１項に基づく業府令第179条第１項第１号に掲げる場合）に該当するにもかかわらず、必要とされる届出を行っていないことは、金商法第46条の６第１項に違反するものと認められる。また、当社の自己資本規制比率が120％を下回っている状況は、金商法第46条の６第２項に違反するものと認められる。 （参考条文） ○金融商品取引法（昭和23年法律第25号）（抄） （登録の拒否） 第二十九条の四　内閣総理大臣は、登録申請者が次の各号のいずれかに該当するとき、又は登録申請書若しくはこれに添付すべき書類若しくは電磁的記録のうちに虚偽の記載若しくは記録があり、若しくは重要な事実の記載若しくは記録が欠けているときは、その登録を拒否しなければならない。 一～四　（略） 五　第一種金融商品取引業又は投資運用業を行おうとする場合にあつては、次のいずれかに該当する者 イ　（略） ロ　純財産額（内閣府令で定めるところにより、資産の合計金額から負債の合計金額を控除して算出した額をいう。）が、公益又は投資者保護のため必要かつ適当なものとして政令で定める金額に満たない者 （以下、略） （自己資本規制比率） 第四十六条の六　金融商品取引業者は、資本金、準備金その他の内閣府令で定めるものの額の合計額から固定資産その他の内閣府令で定めるものの額の合計額を控除した額の、保有する有価証券の価格の変動その他の理由により発生し得る危険に対応する額として内閣府令で定めるものの合計額に対する比率（以下「自己資本規制比率」という。）を算出し、毎月末及び内閣府令で定める場合に、内閣総理大臣に届け出なければならない。 ２　金融商品取引業者は、自己資本規制比率が百二十パーセントを下回ることのないようにしなければならない。 （以下、略） （休止等の届出） 第五十条　金融商品取引業者等は、次の各号のいずれかに該当することとなつたときは、遅滞なく、その旨を内閣総理大臣に届け出なければならない。 一～七　（略） 八　その他内閣府令で定める場合に該当するとき。 （以下、略） （金融商品取引業者に対する監督上の処分） 第五十二条　内閣総理大臣は、金融商品取引業者が次の各号のいずれかに該当する場合においては、当該金融商品取引業者の第二十九条の登録を取り消し、第三十条第一項の認可を取り消し、又は六月以内の期間を定めて業務の全部若しくは一部の停止を命ずることができる。 一・二　（略） 三　第一種金融商品取引業又は投資運用業を行う金融商品取引業者が、第二十九条の四第一項第五号イ又はロに該当することとなつたとき。 （以下、略） ○金融商品取引法施行令（昭和40年政令第321号）（抄） （金融商品取引業者の最低資本金の額等） 第十五条の七　法第二十九条の四第一項第四号（法第三十一条第五項において準用する場合を含む。）に規定する政令で定める金額は、次の各号に掲げる場合の区分に応じ、当該各号に定める金額とする。 一・二　（略） 三　第一種金融商品取引業又は投資運用業（適格投資家向け投資運用業（法第二十九条の五第一項に規定する適格投資家向け投資運用業をいう。以下同じ。）を除く。）を行おうとする場合（前二号に掲げる場合を除く。）　五千万円 （以下、略） （金融商品取引業者の最低純財産額） 第十五条の九　法第二十九条の四第一項第五号ロ（法第三十一条第五項において準用する場合を含む。）に規定する政令で定める金額は、第十五条の七第一項各号（第四号を除く。）に掲げる場合の区分に応じ、当該各号に定める金額とする。 （以下、略） ○金融商品取引業等に関する内閣府令（平成19年内閣府令第52号）（抄） （自己資本規制比率の届出） 第百七十九条　法第四十六条の六第一項に規定する内閣府令で定める場合は、次に掲げる場合とする。 一　自己資本規制比率が百四十パーセントを下回った場合 （以下、略） （金融商品取引業者が休止等の届出を行う場合） 第百九十九条　金融商品取引業者にあっては、法第五十条第一項第八号に規定する内閣府令で定める場合は、次に掲げる場合とする。 一～十　（略） 十一　第一種金融商品取引業又は投資運用業を行う者にあっては、次に掲げる場合 イ　法第二十九条の四第一項第五号イ又はロに該当することとなった場合 （以下、略）
2014-09-02,インスパイアー株式会社,,インスパイアー株式会社に係る有価証券報告書等の虚偽記載に係る課徴金納付命令勧告について（平成26年9月2日）,https://www.fsa.go.jp/sesc/news/c_2014/2014/20140902-1.html,"平成26年９月２日 証券取引等監視委員会 インスパイアー株式会社に係る有価証券報告書等の虚偽記載に係る課徴金納付命令勧告について １．勧告の内容 証券取引等監視委員会は、インスパイアー株式会社に係る有価証券報告書等の虚偽記載について検査した結果、以下のとおり法令違反の事実が認められたので、本日、内閣総理大臣及び金融庁長官に対して、金融庁設置法第20条第１項の規定に基づき、課徴金納付命令を発出するよう勧告を行った。 ２．法令違反の事実関係 (1) 継続開示書類 インスパイアー株式会社（以下「当社」という。）は、実際は、カード事業に係るソフトウエアの開発を行っていなかったにもかかわらず、同事業のためのソフトウエアを開発するなどとして、「ソフトウエア仮勘定」等の架空の資産を計上していた。 これらの結果、当社は、関東財務局長に対し、別紙１のとおり、金融商品取引法第172条の４第１項及び第２項に規定する「重要な事項につき虚偽の記載がある」以下の有価証券報告書等を提出したものである。 平成21年９月第２四半期四半期報告書（平成21年11月16日提出） 平成21年12月第３四半期四半期報告書（平成22年２月15日提出） 平成22年３月期有価証券報告書（平成22年６月28日提出） 平成22年６月第１四半期四半期報告書（平成22年８月16日提出） 平成22年９月第２四半期四半期報告書（平成22年11月15日提出） 平成22年12月第３四半期四半期報告書（平成23年２月14日提出） 平成23年３月期有価証券報告書（平成23年６月28日提出） 平成23年６月第１四半期四半期報告書（平成23年８月15日提出） 平成23年９月第２四半期四半期報告書（平成23年11月14日提出） 平成23年12月第３四半期四半期報告書（平成24年２月14日提出） 平成24年３月期有価証券報告書（平成24年６月29日提出） 平成24年６月第１四半期四半期報告書（平成24年８月14日提出） 平成24年９月第２四半期四半期報告書（平成24年11月22日提出） (2) 発行開示書類 当社は、関東財務局長に対し、以下のとおり、金融商品取引法第172条の２第１項第１号に規定する「重要な事項につき虚偽の記載がある」発行開示書類を提出し、当該発行開示書類に基づく募集により有価証券を取得させたものである。 ア 平成24年２月20日、重要な事項につき虚偽の記載がある平成23年３月期有価証券報告書及び平成23年12月第３四半期四半期報告書（別紙１参照）を組込情報とする有価証券届出書（株式）を提出し、同有価証券届出書に基づく募集により、同年３月30日、307,977株の株式を322,759,896円で取得させた。 イ 平成24年２月20日、重要な事項につき虚偽の記載がある平成23年３月期有価証券報告書及び平成23年12月第３四半期四半期報告書（別紙１参照）を組込情報とする有価証券届出書（新株予約権証券）を提出し、同有価証券届出書に基づく募集により、同年３月30日、1,250個の新株予約権証券を107,562,500円（新株予約権の行使に際して払い込むべき金額を含む。）で取得させた。 ３．課徴金の額の計算 上記の違法行為について金融商品取引法に基づき算定される課徴金の額は、4,336万円である。（計算方法については別紙２のとおり。） （別紙１）インスパイアー株式会社の有価証券報告書等の虚偽記載内容 番号 開示書類 虚偽記載 提出日 書類 会計期間 財務計算に 関する書類 内容（注） 事由 １ 平成21年 11月16日 第19期事業年度第２四半期会計期間に係る四半期報告書（平成21年９月第２四半期四半期報告書） 平成21年４月１日～平成21年９月30日の第２四半期累計期間 四半期 損益計算書 四半期純損益が▲354百万円であるところを▲194百万円と記載 ・ソフトウエア仮勘定の架空計上 等 平成21年７月１日～平成21年９月30日の第２四半期会計期間 四半期 貸借対照表 純資産額が216百万円であるところを376百万円と記載 ２ 平成22年 ２月15日 第19期事業年度第３四半期会計期間に係る四半期報告書（平成21年12月第３四半期四半期報告書） 平成21年４月１日～平成21年12月31日の第３四半期累計期間 四半期 損益計算書 四半期純損益が▲459百万円であるところを▲301百万円と記載 ・ソフトウエア仮勘定の架空計上 等 平成21年10月１日～平成21年12月31日の第３四半期会計期間 四半期 貸借対照表 純資産額が192百万円であるところを351百万円と記載 ３ 平成22年 ６月28日 第19期事業年度会計期間に係る有価証券報告書 （平成22年３月期有価証券報告書） 平成21年４月１日～平成22年３月31日の会計期間 損益計算書 当期純損益が▲698百万円であるところを▲535百万円と記載 ・ソフトウエア仮勘定の架空計上 等 貸借対照表 純資産額が97百万円であるところを259百万円と記載 ４ 平成22年 ８月16日 第20期事業年度第１四半期会計期間に係る四半期報告書（平成22年６月第１四半期四半期報告書） 平成22年４月１日～平成22年６月30日の第１四半期会計期間 四半期 貸借対照表 純資産額が17百万円であるところを180百万円と記載 ・ソフトウエア仮勘定の架空計上 ５ 平成22年 11月15日 第20期事業年度第２四半期会計期間に係る四半期報告書（平成22年９月第２四半期四半期報告書） 平成22年７月１日～平成22年９月30日の第２四半期会計期間 四半期 貸借対照表 純資産額が▲101百万円であるところを44百万円と記載 ・ソフトウエア仮勘定の架空計上 ６ 平成23年 ２月14日 第20期事業年度第３四半期会計期間に係る四半期報告書（平成22年12月第３四半期四半期報告書） 平成22年10月１日～平成22年12月31日の第３四半期会計期間 四半期 貸借対照表 純資産額が▲192百万円であるところを▲46百万円と記載 ・ソフトウエア仮勘定の架空計上 ７ 平成23年 ６月28日 第20期事業年度会計期間に係る有価証券報告書（平成23年３月期有価証券報告書） 平成22年４月１日～平成23年３月31日の会計期間 貸借対照表 純資産額が▲276百万円であるところを▲158百万円と記載 ・ソフトウエア仮勘定の架空計上 ８ 平成23年 ８月15日 第21期事業年度第１四半期会計期間に係る四半期報告書（平成23年６月第１四半期四半期報告書） 平成23年４月１日～平成23年６月30日の第１四半期会計期間 四半期 貸借対照表 純資産額が▲343百万円であるところを▲228百万円と記載 ・ソフトウエアの架空計上 ９ 平成23年 11月14日 第21期事業年度第２四半期会計期間に係る四半期報告書（平成23年９月第２四半期四半期報告書） 平成23年７月１日～平成23年９月30日の第２四半期会計期間 四半期 貸借対照表 純資産額が▲383百万円であるところを▲275百万円と記載 ・ソフトウエアの架空計上 10 平成24年 ２月14日 第21期事業年度第３四半期会計期間に係る四半期報告書（平成23年12月第３四半期四半期報告書） 平成23年10月１日～平成23年12月31日の第３四半期会計期間 四半期 貸借対照表 純資産額が▲439百万円であるところを▲337百万円と記載 ・ソフトウエアの架空計上 11 平成24年 ６月29日 第21期事業年度会計期間に係る有価証券報告書（平成24年３月期有価証券報告書） 平成23年４月１日～平成24年３月31日の会計期間 貸借対照表 純資産額が▲85百万円であるところを10百万円と記載 ・ソフトウエアの架空計上 12 平成24年 ８月14日 第22期事業年度第１四半期会計期間に係る四半期報告書（平成24年６月第１四半期四半期報告書） 平成24年４月１日～平成24年６月30日の第１四半期会計期間 四半期 貸借対照表 純資産額が▲99百万円であるところを▲9百万円と記載 ・ソフトウエアの架空計上 13 平成24年 11月22日 第22期事業年度第２四半期会計期間に係る四半期報告書（平成24年９月第２四半期四半期報告書） 平成24年７月１日～平成24年９月30日の第２四半期会計期間 四半期 貸借対照表 連純資産額が▲116百万円であるところを▲31百万円と記載 ・ソフトウエアの架空計上 （注）金額は百万円未満切捨てである。▲は損益計算書では損失であることを、貸借対照表では債務超過であることを示す。 （別紙２）課徴金の計算方法 (1) 金融商品取引法第172条の４第１項及び第２項の規定により、当該法人の平成21年９月第２四半期四半期報告書、平成21年12月第３四半期四半期報告書及び平成22年３月期有価証券報告書に係る課徴金の額は、 ア 当該法人が発行する算定基準有価証券の市場価額の総額に10万分の６を乗じて得た額 （ 平成21年９月第２四半期四半期報告書 31,748円 平成21年12月第３四半期四半期報告書 20,844円 平成22年３月期有価証券報告書 30,455円 ） が イ 6,000,000円 を超えないことから、 平成21年９月第２四半期四半期報告書については、6,000,000円の２分の１に相当する額である3,000,000円 平成21年12月第３四半期四半期報告書については、6,000,000円の２分の１に相当する額である3,000,000円 平成22年３月期有価証券報告書については、6,000,000円 となる。 ここで、これらの書類が同一の事業年度に係るものであることから、金融商品取引法第185条の７第６項の規定により、下記のとおり600万円を個別決定ごとの算出額に応じて按分した金額が課徴金の額となる。 平成21年９月第２四半期四半期報告書に係る課徴金の額は 1,500,000円 平成21年12月第３四半期四半期報告書に係る課徴金の額は 1,500,000円 平成22年３月期有価証券報告書に係る課徴金の額は3,000,000円 (2) 金融商品取引法第172条の４第１項及び第２項の規定により、当該法人の平成22年６月第１四半期四半期報告書、平成22年９月第２四半期四半期報告書、平成22年12月第３四半期四半期報告書及び平成23年３月期有価証券報告書に係る課徴金の額は、 ア 当該法人が発行する算定基準有価証券の市場価額の総額に10万分の６を乗じて得た額 （ 平成22年６月第１四半期四半期報告書 23,697円 平成22年９月第２四半期四半期報告書 19,544円 平成22年12月第３四半期四半期報告書 13,289円 平成23年３月期有価証券報告書 17,019円 ） が イ 6,000,000円 を超えないことから、 平成22年６月第１四半期四半期報告書については、6,000,000円の２分の１に相当する額である3,000,000円 平成22年９月第２四半期四半期報告書については、6,000,000円の２分の１に相当する額である3,000,000円 平成22年12月第３四半期四半期報告書については、6,000,000円の２分の１に相当する額である3,000,000円 平成23年３月期有価証券報告書については、6,000,000円 となる。 ここで、これらの書類が同一の事業年度に係るものであることから、金融商品取引法第185条の７第６項の規定により、下記のとおり600万円を個別決定ごとの算出額に応じて按分した金額が課徴金の額となる。 平成22年６月第１四半期四半期報告書に係る課徴金の額は 1,200,000円 平成22年９月第２四半期四半期報告書に係る課徴金の額 1,200,000円 平成22年12月第３四半期四半期報告書に係る課徴金の額は 1,200,000円 平成23年３月期有価証券報告書に係る課徴金の額は 2,400,000円 (3) 金融商品取引法第172条の４第１項及び第２項の規定により、当該法人の平成23年６月第１四半期四半期報告書、平成23年９月第２四半期四半期報告書、平成23年12月第３四半期四半期報告書及び平成24年３月期有価証券報告書に係る課徴金の額は、 ア 当該法人が発行する算定基準有価証券の市場価額の総額に10万分の６を乗じて得た額 （ 平成23年６月第１四半期四半期報告書 6,846円 平成23年９月第２四半期四半期報告書 8,219円 平成23年12月第３四半期四半期報告書 7,537円 平成24年３月期有価証券報告書 7,788円 ） が イ 6,000,000円 を超えないことから、 平成23年６月第１四半期四半期報告書については、6,000,000円の２分の１に相当する額である3,000,000円 平成23年９月第２四半期四半期報告書については、6,000,000円の２分の１に相当する額である3,000,000円 平成23年12月第３四半期四半期報告書については、6,000,000円の２分の１に相当する額である3,000,000円 平成24年３月期有価証券報告書については、6,000,000円 となる。 ここで、これらの書類が同一の事業年度に係るものであることから、金融商品取引法第185条の７第６項の規定により、下記のとおり600万円を個別決定ごとの算出額に応じて按分した金額が課徴金の額となる。 平成23年６月第１四半期四半期報告書に係る課徴金の額は 1,200,000円 平成23年９月第２四半期四半期報告書に係る課徴金の額は 1,200,000円 平成23年12月第３四半期四半期報告書に係る課徴金の額は 1,200,000円 平成24年３月期有価証券報告書に係る課徴金の額は 2,400,000円 (4) 金融商品取引法第172条の４第２項の規定により、当該法人の平成24年６月第１四半期四半期報告書及び平成24年９月第２四半期四半期報告書に係る課徴金の額は、 ア 当該法人が発行する算定基準有価証券の市場価額の総額に10万分の６を乗じて得た額 （ 平成24年６月第１四半期四半期報告書 24,208円 平成24年９月第２四半期四半期報告書 21,836円 ） が イ 6,000,000円 を超えないことから、 平成24年６月第１四半期四半期報告書については、6,000,000円の２分の１に相当する額である3,000,000円 平成24年９月第２四半期四半期報告書については、6,000,000円の２分の１に相当する額である3,000,000円 となる。 (5) 金融商品取引法第172条の２第１項第１号の規定により、重要な事項につき虚偽の記載がある発行開示書類に基づく募集により取得させた株券等の発行価額の総額の100分の4.5に相当する額が課徴金の額となることから、 ア 平成24年２月20日提出の有価証券届出書（株式）に係る課徴金の額は、 322,759,896円×4.5／100＝14,524,195円 について、金融商品取引法第176条第２項の規定により１万円未満の端数を切り捨てて、14,520,000円 イ 平成24年２月20日提出の有価証券届出書（新株予約権証券）に係る課徴金の額は、 107,562,500円×4.5／100＝4,840,312円 について、金融商品取引法第176条第２項の規定により１万円未満の端数を切り捨てて、4,840,000円 となる。"
2014-08-29,,,「金融商品取引法における課徴金事例集～不公正取引編～」の公表について（平成26年8月29日）,https://www.fsa.go.jp/sesc/jirei/torichou/20140829.html,"平成26年８月29日 証券取引等監視委員会 「金融商品取引法における課徴金事例集～不公正取引編～」の公表について 証券取引等監視委員会では、「金融商品取引法における課徴金事例集～不公正取引編～」について、 別紙 （PDF:1,487KB） のとおり取りまとめましたので、公表します。 本事例集は、証券取引等監視委員会が、平成25年６月から平成26年５月までの間に、金融商品取引法違反となる不公正取引に関し勧告を行った事例について、その概要を取りまとめたものです。 今回の改訂では、課徴金制度に対する理解をさらに深めていただくよう、「過去にバスケット条項に該当するとされた個別事例」に全てのバスケット条項該当事例を掲載することとしたほか、「審判手続の状況及び個別事例」の項を新たに掲載しました。 内訳は、 内部者取引に係るもの（24事例） （大型公募増資に係るもの4事例、それ以外のもの20事例） 相場操縦に係るもの（9事例） 偽計に係るもの（1事例） 過去にバスケット条項に該当するとされた個別事例（7事例） 審判手続の状況及び個別事例（5事例） です。 さらに、不公正取引の未然防止に役立てていただくよう、「上場会社における内部者取引管理態勢の状況について」の項を新たに掲載しました。 証券取引等監視委員会としては、本事例集が、市場監視行政の透明性を高めるとともに、証券市場を巡るルールの共有の促進を通じて幅広い市場関係者の自主的な規律の向上に役立つことを期待しています。 過去の課徴金事例集はこちら"
2014-08-29,,,「金融商品取引法における課徴金事例集～開示規制違反編～」の公表について（平成26年8月29日）,https://www.fsa.go.jp/sesc/jirei/kaiji/20140829.html,"平成26年８月29日 証券取引等監視委員会 「金融商品取引法における課徴金事例集～開示規制違反編～」の公表について 証券取引等監視委員会では、「金融商品取引法における課徴金事例集～開示規制違反編～」について、 別紙 （PDF:1,332KB） のとおり取りまとめましたので、公表します。 本書は、適正な開示に向けた市場関係者の自主的な取組を促す観点から、開示検査の傾向や開示検査で確認された不適正な会計処理等の概要を取りまとめたものです。 証券取引等監視委員会としては、本書が、市場監視行政の透明性を高めるとともに、証券市場を巡るルールの共有の促進を通じて幅広い市場関係者の自主的な規律の向上に役立つことを期待しています。 過去の課徴金事例集はこちら"
2014-08-08,井上工業株式会社,,井上工業株式会社株券に係る偽計事件の告発について（２）（平成26年8月8日）,https://www.fsa.go.jp/sesc/news/c_2014/2014/20140808-1.html,平成２６年８月８日 証券取引等監視委員会 井上工業株式会社株券に係る偽計事件の告発について（２） 証券取引等監視委員会は、平成26年８月８日、金融商品取引法違反（偽計）の嫌疑で、下記の嫌疑者を東京地方検察庁に告発した。 １．告発の対象となった犯則事実 犯則嫌疑者は、井上工業株式会社（以下「井上工業」という。）が平成２０年８月２８日に公表したアップル有限責任事業組合（以下「アップル組合」という。）を割当先とする第三者割当による新株式発行増資につき、発行価額１８億円のうち１５億円の払込みを仮装するとともに虚偽の事実を公表して偽計を用い、井上工業の新株を発行するとともに同社の株価を維持上昇させようと企て、井上工業管理本部社長室長ほか３名と共謀の上、井上工業新株の発行のため、及び、同社株価の維持上昇を図る目的をもって、同年９月２４日、井上工業名義の預金口座から出金した８億円及び７億円を、他の名義の預金口座を経由させてアップル組合名義の預金口座に入金し、アップル組合名義で、上記とは別の井上工業名義の預金口座に入金して払込みを仮装した上、その情を秘し、同日、株式会社東京証券取引所が提供する適時開示情報システムであるＴＤｎｅｔにより、前記新株式発行増資の払込金として１８億円全額の払込みが完了した旨の虚偽の事実を公表し、もって有価証券の取引のため、及び、有価証券の相場の変動を図る目的をもって、偽計を用いたものである。 （注）犯則嫌疑者は、平成２６年７月２３日、海外から本邦に移送され、警視庁が逮捕した。 ２．関連条文 金融商品取引法第197条第1項第5号、第158条、刑法第60条 法定刑：10年以下の懲役若しくは1000万円以下の罰金又はこれらの併科
2014-08-01,株式会社コンサルティング・アルファ,,株式会社コンサルティング・アルファに対する検査結果に基づく勧告について（平成26年8月1日）,https://www.fsa.go.jp/sesc/news/c_2014/2014/20140801-1.html,平成２６年８月１日 証券取引等監視委員会 株式会社コンサルティング・アルファに対する検査結果に基づく勧告について １．勧告の内容 証券取引等監視委員会が株式会社コンサルティング・アルファ（東京都品川区、資本金50百万円、常勤役職員13名、投資助言・代理業）を検査した結果、下記のとおり、当該金融商品取引業者に係る法令違反の事実が認められたので、本日、証券取引等監視委員会は、内閣総理大臣及び金融庁長官に対して、金融庁設置法第20条第１項の規定に基づき、行政処分を行うよう勧告した。 ２．事実関係 ○　無登録で海外ファンドに係る募集又は私募の取扱いを行っている状況 株式会社コンサルティング・アルファ（以下「当社」という。）は、投資助言・代理業の登録を受けている金融商品取引業者であるが、前回検査基準日（平成23年５月18日）から今回検査基準日（同26年２月25日）までの間（以下「対象期間」という。）、外国の者の発行する証券又は証書で株券又は社債券の性質を有するものに表示されるべき権利（以下「海外ファンド」という。）の募集又は私募の取扱いを行っている状況が認められた。 具体的には、当社は、平成10年頃から運営していた会員制投資情報提供ウェブサイトへの海外ファンドに係る概要説明の掲載及び海外ファンドの購入を希望する会員向けに行う取得申込手続に係るサポート業務（以下「海外ファンド取得支援業務」という。）を行っており、同23年４月には海外ファンド取得支援業務を資産ナビ株式会社（以下「資産ナビ社」という。）に移管させ、対象期間において、同社の会員（26顧客）に対し、海外ファンドを延べ29件取得させていた。 しかしながら、資産ナビ社の代表取締役は、当社代表取締役が兼務しており、また、海外ファンド取得支援業務の運営は、従前どおり当社役職員が行っていること等から、移管の前後において、海外ファンド取得支援業務を遂行する態勢に変更はなく、当社が、資産ナビ社の名を用いて実質的に海外ファンド取得支援業務を行っているものと認められる。その上で、資産ナビ社は、海外ファンドの販売会社等との間の契約に基づき、同社の会員による海外ファンドの取得額に応じた報酬を当該販売会社等から受領していた。 以上のことから、当社は、資産ナビ社の名を用いて海外ファンドの発行者のために有価証券を顧客に取得させる意図又は目的をもって当該有価証券の商品内容等を説明し、また、海外ファンドの販売会社等との間で契約を締結した上で、当該販売会社等から海外ファンドへの投資額に応じた報酬を受領しており、当社が行った一連の行為は、投資助言の範囲にとどまらず、有価証券の募集又は私募の取扱いに該当するものと認められる。 当社が行った上記の行為は、金融商品取引法第28条第１項に規定する第一種金融商品取引業（同法第２条第８項第９号に掲げる「有価証券の募集又は私募の取扱い」を業として行うこと）に該当するものであり、当社が同法第31条第４項に基づく変更登録を受けることなく第一種金融商品取引業を行うことは、同法第29条に違反するものと認められる。 （参考条文） ○　金融商品取引法（昭和23年法律第25号）（抄） （定義） 第二条　（略） ２～７　（略） ８　この法律において「金融商品取引業」とは、次に掲げる行為（その内容等を勘案し、投資者の保護のため支障を生ずることがないと認められるものとして政令で定めるもの及び銀行、優先出資法第二条第一項に規定する協同組織金融機関（以下「協同組織金融機関」という。）その他政令で定める金融機関が行う第十二号、第十四号、第十五号又は第二十八条第八項各号に掲げるものを除く。）のいずれかを業として行うことをいう。 一～八　（略） 九　有価証券の募集若しくは売出しの取扱い又は私募若しくは特定投資家向け売付け勧誘等の取扱い （以下、略） 第二十八条　この章において「第一種金融商品取引業」とは、金融商品取引業のうち、次に掲げる行為のいずれかを業として行うことをいう。 一　有価証券（第二条第二項の規定により有価証券とみなされる同項各号に掲げる権利を除く。）についての同条第八項第一号から第三号まで、第五号、第八号又は第九号に掲げる行為 （以下、略） （登録） 第二十九条　金融商品取引業は、内閣総理大臣の登録を受けた者でなければ、行うことができない。
2014-08-06,株式会社グランター及びそ,,株式会社グランター及びその役職員２名の金融商品取引法違反行為に係る裁判所への申立てについて（平成26年8月6日）,https://www.fsa.go.jp/sesc/news/c_2014/2014/20140806-1.html,平成２６年８月６日 証券取引等監視委員会 株式会社グランター及びその役職員２名の金融商品取引法違反行為に係る裁判所への申立てについて １．申立ての内容等 証券取引等監視委員会が、株式会社グランター（東京都港区、資本金５００万円、役職員８名、金融商品取引業の登録等はない。以下「当社」という。）に対して金融商品取引法（以下「金商法」という。）第１８７条第１項に基づく調査を行った結果、下記２．の事実が認められたことから、本日、証券取引等監視委員会は、金商法第１９２条第１項の規定に基づき、東京地方裁判所に対し、当社、当社の代表取締役A及び当社職員B（当社の職位上の「専務取締役」である。以下、当社、A及びBを併せて「当社ら」という。）を被申立人として金商法違反行為（無登録で、投資一任契約の締結の媒介及び同法第２条第２項の規定により有価証券とみなされる同項第３号又は５号若しくは６号に掲げる権利の募集又は私募の取扱いを行うこと）の禁止及び停止を命ずるよう申立てを行った。 ２．事実関係 当社らは、全国各地で「資産運用セミナー」と称するセミナーを頻繁に開催して参加者に対し取得勧誘を行っているところ、平成２５年１０月頃以降、多数の一般投資家に対し、当社の関連会社である外国法人のＰＢ　ＥＤＧＥ　ＣＯＭＰＡＮＹ　ＬＩＭＩＴＥＤ（以下「ＰＢ社」という。）が運用を行うとする「資産管理口座」と称するラップ口座の開設の勧誘を行い、多数の一般投資家とＰＢ社との間で、投資一任契約を締結させた。 また、当社らは、平成２６年１月頃以降、多数の一般投資家に対し、当社の関連会社であるＳＴパートナーズ株式会社が発行する社債の取得を行うことを事業内容とするＳＴＰ合同会社の社員権に係る取得勧誘を行っている。 さらに、当社らは、平成２４年１０月頃以降、多数の一般投資家に対し、海外集団投資スキーム持分に該当する積立型の金融商品（以下「海外ファンド」という。）に係る取得勧誘を行っている。 その結果、平成２５年１０月頃から平成２６年６月頃までの間に、延べ１８２６名の一般投資家がＰＢ社との間で投資一任契約を締結し、約６億円を出資した。また、同年１月頃から同年６月頃までの間に、延べ１１２９名の一般投資家がＳＴＰ合同会社の社員権を取得し、約７億円を出資した。さらに、平成２４年１０月頃から平成２６年６月頃までの間に、延べ２５１名の一般投資家が海外ファンドを取得し、同月までに合計約４５００万円を出資した。 なお、当社らは、顧客となっていた個人又は法人に対して、一般投資家を当社に紹介するよう委託するとともに、出資金額に応じた紹介手数料を毎月支払っている。 当社らの上記各行為は、金商法第２８条第３項第２号に規定する「投資助言・代理業」又は同条第２項第２号に規定する「第二種金融商品取引業」にそれぞれ該当し、無登録でこれを行うことはいずれも同法第２９条に違反するものである。 そして、当社らは、こうした勧誘行為を現在まで継続しているとともに、今後も継続して勧誘を行っていくことを計画している。 以上に加え、当社らは、平成２３年１０月頃から平成２５年９月頃までの間、当社の関連会社である外国法人のＳｔｅｐ　１　Ｕｐ　（Ａｓｉａ）　Ｌｉｍｉｔｅｄが運用を行うとするラップ口座の開設の勧誘を行い、延べ４５５３名の一般投資家と同社との間で投資一任契約を締結させ、約２７億円を出資させた。また、当社は、平成２４年１０月頃から平成２６年３月頃までの間、当社又は当社の関連会社である国内法人の株式会社エッジコンストラクショングループが組成するファンドの持分の取得勧誘を行い、延べ２２２４名の一般投資家に約４０億円を出資させた。そして、当社らは、これらの顧客に対する配当支払が負担となったことなどから、当該顧客に対し、上記ＰＢ社が運用を行うとするラップ口座及びＳＴＰ合同会社の社員権への出資金の移行を勧めている。 以上からすれば、当社らは上記違法行為を今後も行う蓋然性が高く、これを可及的速やかに禁止・停止させる必要がある。 参考資料（PDF:49KB） （クリックすると拡大されます） 参考条文 ○投資助言・代理業及び第二種金融商品取引業 金融商品取引法(抄) （定義） 第二条 この法律において「有価証券」とは、次に掲げるものをいう。 一～二十一　(略) ２ （前略）、 次に掲げる権利は、 証券又は証書に表示されるべき権利以外の権利であつても 有価証券とみなして、この法律の規定を適用する。 一・二　(略) 三　合名会社若しくは合資会社の社員権（政令で定めるものに限る。）又は 合同会社の社員権 四　(略) 五　民法（中略）第六百六十七条第一項に規定する組合契約、商法（中略）第五百三十五条に規定する匿名組合契約、投資事業有限責任組合契約に関する法律（中略）第三条第一項に規定する投資事業有限責任組合契約又は有限責任事業組合契約に関する法律（中略）第三条第一項に規定する有限責任事業組合契約に基づく権利、社団法人の社員権その他の権利（外国の法令に基づくものを除く。）のうち、 当該権利を有する者（中略）が出資又は拠出をした金銭（中略）を充てて行う事業（以下この号において「出資対象事業」という。）から生ずる収益の配当又は当該出資対象事業に係る財産の分配を受けることができる権利であつて、次のいずれにも該当しないもの（略） イ～ニ　(略) 六 外国の法令に基づく権利であつて、前号に掲げる権利に類するもの 七　(略) ３～７　（略） ８ この法律において 「金融商品取引業」とは、次に掲げる行為（略）のいずれかを業として行うことをいう。 一～八　(略) 九 有価証券の募集 若しくは売出し の取扱い 又は 私募 若しくは特定投資家向け売付け勧誘等 の取扱い 十・十一　(略) 十二　(略) イ　(略) ロ　イに掲げるもののほか、 当事者の一方が、相手方から、金融商品の価値等の分析に基づく投資判断の全部又は一部を一任されるとともに、当該投資判断に基づき当該相手方のため投資を行うのに必要な権限を委任されることを内容とする契約（以下「投資一任契約」という。） 十三　投資顧問契約又は 投資一任契約の締結の 代理又は 媒介 十四～十八　(略) ９～39　（略） 第二十八条 （略） ２ この章において 「第二種金融商品取引業」とは、金融商品取引業のうち、次に掲げる行為のいずれかを業として行うことをいう。 一　(略) 二 第二条第二項 の規定により有価証券とみなされる同項各号に掲げる権利についての同条第八項第一号から第三号まで、第五号、第八号又は 第九号に掲げる行為 三・四　(略) ３ この章において 「投資助言・代理業」とは、金融商品取引業のうち、次に掲げる行為のいずれかを業として行うことをいう。 一　(略) 二 第二条第八項第十三号に掲げる行為 ４～８　（略） （登録） 第二十九条 金融商品取引業は、内閣総理大臣の登録を受けた者でなければ、行うことができない。 ○緊急差止命令に係る申立て 金融商品取引法(抄) （審問等に関する調査のための処分） 第百八十七条 内閣総理大臣又は内閣総理大臣及び財務大臣は、この法律の規定による審問、この法律の規定による処分に係る聴聞又は 第百九十二条の規定による申立てについて、必要な調査をするため、当該職員に、次に掲げる処分をさせることができる。 一　関係人若しくは参考人に出頭を命じて意見を聴取し、又はこれらの者から意見書若しくは報告書を提出させること。 二　鑑定人に出頭を命じて鑑定させること。 三　関係人に対し帳簿書類その他の物件の提出を命じ、又は提出物件を留めて置くこと。 四　関係人の業務若しくは財産の状況又は帳簿書類その他の物件を検査すること。 ２ （略） （裁判所の禁止又は停止命令） 第百九十二条 裁判所は、緊急の必要があり、かつ、公益及び投資者保護のため必要かつ適当であると認めるときは、内閣総理大臣又は内閣総理大臣及び財務大臣の申立てにより、この法律又はこの法律に基づく命令に違反する行為を行い、又は行おうとする者に対し、その行為の禁止又は停止を命ずることができる。 ２ 裁判所は、前項の規定により発した命令を取り消し、又は変更することができる。 ３ 前二項の事件は、被申立人の住所地又は第一項に規定する行為が行われ、若しくは行われようとする地の地方裁判所の管轄とする。 ４ 第一項及び第二項の裁判については、非訟事件手続法 （平成二十三年法律第五十一号）の定めるところによる。 第百九十八条 次の各号のいずれかに該当する者は、三年以下の懲役若しくは三百万円以下の罰金に処し、又はこれを併科する。 一～七　(略) 八　第百九十二条第一項又は第二項の規定による裁判所の命令に違反した者 第二百七条 法人（中略）の代表者又は法人若しくは人の代理人、使用人その他の従業者が、その法人又は人の業務又は財産に関し、次の各号に掲げる規定の違反行為をしたときは、その行為者を罰するほか、その法人に対して当該各号に定める罰金刑を、その人に対して各本条の罰金刑を科する。 一・二　(略) 三　第百九十八条（中略）又は第百九十八条の三から第百九十八条の五まで　三億円以下の罰金刑 四～六　(略) ２・３ （略）
2014-07-29,株式会社ＴＡＳＡＫＩ,,ＴＡＳＡＫＩ株式に係る相場操縦に対する課徴金納付命令の勧告について（平成26年7月29日）,https://www.fsa.go.jp/sesc/news/c_2014/2014/20140729-1.html,"平成２６年７月２９日 証券取引等監視委員会 ＴＡＳＡＫＩ株式に係る相場操縦に対する課徴金納付命令の勧告について １．勧告の内容 証券取引等監視委員会は、ＴＡＳＡＫＩ株式に係る相場操縦について検査した結果、下記のとおり法令違反の事実が認められたので、本日、内閣総理大臣及び金融庁長官に対して、金融庁設置法第２０条第１項の規定に基づき、課徴金納付命令を発出するよう勧告を行った。 ２．法令違反の事実関係 課徴金納付命令対象者は、株式会社ＴＡＳＡＫＩの株式につき、同株式の売買を誘引する目的をもって、平成２４年１２月１３日午後１時４６分頃から同月１４日午後３時頃までの間、２取引日にわたり、連続して直前の約定値より高指値の買い注文を発注して株価を引き上げるなどの方法により、同株式合計８４００株を買い付け、もって、自己の計算において、同株式の売買が繁盛であると誤解させ、かつ、同株式の相場を変動させるべき一連の売買をしたものである。 課徴金納付命令対象者が行った上記の行為は、金融商品取引法第１７４条の２第１項に規定する「第１５９条第２項第１号の規定に違反する一連の有価証券売買等」に該当すると認められる。 ３．課徴金の額の計算 上記の違法行為に対し金融商品取引法に基づき納付を命じられる課徴金の額は、１７２万円である。 計算方法の詳細については、別紙のとおり。 （別紙） ○　課徴金の額の計算方法について １．金融商品取引法第１７４条の２第１項に基づき、課徴金の額は、 (１) 売買対当数量（注１）に係るものについて、 （有価証券の売付価額）－（有価証券の買付価額） と、 (２) 当該違反行為に係る有価証券の売付数量が買付数量を超える場合の、当該超える数量に係るものについて、 （有価証券の売付価額）－（当該違反行為が終了してから１月を経過するまでの間の当該有価証券の最低価格×当該超える数量） または、 当該違反行為に係る有価証券の買付数量が売付数量を超える場合の、当該超える数量に係るものについて、 （当該違反行為が終了してから１月を経過するまでの間の当該有価証券の最高価格×当該超える数量）－（有価証券の買付価額） との合計額として計算される。 （注１） 売買対当数量：当該違反行為に係る有価証券の売付数量と買付数量のうち、いずれか少ない数量をいう。 ２．課徴金納付命令対象者の違反行為について、本件における課徴金の額は、下記(1)及び(2)によりそれぞれ算定される額の合計　1,722,800円 ⇒課徴金の額は、１万円未満を切り捨てるため、 １７２万円 (１) 当該違反行為に係る売買対当数量は、当該違反行為に係る有価証券の売付数量が0株であることから、0株である。 よって、当該売買対当数量に係るものについては、0円 (２) 当該違反行為に係る有価証券の買付数量は、実際の買付数量8,400株に、金融商品取引法第１７４条の２第８項及び同法施行令第３３条の１３第１号により、違反行為の開始時にその時における価格（311円）で買付けをしたものとみなされる当該違反行為の開始時に所有している当該有価証券の数量8,500株を加えた16,900株である。 当該違反行為に係る有価証券の買付数量が、売付数量を超えることから、当該超える数量16,900株（16,900株－0株）について、 当該違反行為が終了してから１月を経過するまでの間の当該有価証券の最高価格（416円）に当該超える数量を乗じて得た額 7,030,400円（416円×16,900株）－買付価額5,307,600（注２） ＝ 1,722,800円 （注２） 本件においては、違反行為の開始時において所有している有価証券について、金融商品取引法第１７４条の２第８項及び同法施行令第３３条の１３第１号の規定により、違反行為の開始時にその時における価格（311円）で買い付けたものとみなされる（みなし買付け）。 よって、買付価額は、 「311円×8,700株＋312円×2,100株＋315円×2,000株＋316円×800株 ＋317円×300株＋318円×100株＋319円×300株＋320円×100株＋321円×100株 ＋322円×300株＋323円×1,200株＋324円×300株＋326円×400株＋327円×200株」 の額である。 （クリックすると拡大されます）"
2014-07-29,株式会社メディアクリエイト,,メディアクリエイト株式に係る相場操縦に対する課徴金納付命令の勧告について（平成26年7月29日）,https://www.fsa.go.jp/sesc/news/c_2014/2014/20140729-2.html,"平成２６年７月２９日 証券取引等監視委員会 メディアクリエイト株式に係る相場操縦に対する課徴金納付命令の勧告について １．勧告の内容 証券取引等監視委員会は、メディアクリエイト株式に係る相場操縦について検査した結果、下記のとおり法令違反の事実が認められたので、本日、内閣総理大臣及び金融庁長官に対して、金融庁設置法第２０条第１項の規定に基づき、課徴金納付命令を発出するよう勧告を行った。 ２．法令違反の事実関係 課徴金納付命令対象者は、株式会社メディアクリエイトの株式につき、同株式の売買を誘引する目的をもって、平成２５年４月１０日午前８時５分頃から同日午前９時２２分頃までの間、下値買い注文を大量に入れるなどの方法により、同株式合計３１万３０００株の買付けの委託を行うとともに、同株式合計１万８０００株を売り付け、もって、同株式の売買が繁盛であると誤解させ、かつ、同株式の相場を変動させるべき一連の売買及び委託をしたものである。 課徴金納付命令対象者が行った上記の行為は、金融商品取引法第１７４条の２第１項に規定する「第１５９条第２項第１号の規定に違反する一連の有価証券売買等」及び「その委託等」に該当すると認められる。 ３．課徴金の額の計算 上記の違法行為に対し金融商品取引法に基づき納付を命じられる課徴金の額は、７１万円である。 計算方法の詳細については、別紙のとおり。 （別紙） ○　課徴金の額の計算方法について １．金融商品取引法第１７４条の２第１項に基づき、課徴金の額は、 (１) 売買対当数量（注１）に係るものについて、 （有価証券の売付価額）－（有価証券の買付価額） と、 (２) 当該違反行為に係る有価証券の売付数量が買付数量を超える場合の、当該超える数量に係るものについて、 （有価証券の売付価額）－（当該違反行為が終了してから１月を経過するまでの間の当該有価証券の最低価格×当該超える数量） または、 当該違反行為に係る有価証券の買付数量が売付数量を超える場合の、当該超える数量に係るものについて、 （当該違反行為が終了してから１月を経過するまでの間の当該有価証券の最高価格×当該超える数量）－（有価証券の買付価額） との合計額として計算される。 （注１） 売買対当数量：当該違反行為に係る有価証券の売付数量と買付数量のうち、いずれか少ない数量をいう。 ２．課徴金納付命令対象者の違反行為について、本件における課徴金の額は、下記(1)及び(2)によりそれぞれ算定される額の合計　710,000円 ⇒課徴金の額は、 ７１万円 (１) 当該違反行為に係る売買対当数量は、 (ｉ) 当該違反行為に係る有価証券の売付数量は、18,000株であり、 (ii) 当該違反行為に係る有価証券の買付数量は、金融商品取引法第１７４条の２第８項及び同法施行令第３３条の１３第１号により、違反行為の開始時にその時における価格（89円）で買付けをしたものとみなされる当該違反行為の開始時に所有している当該有価証券の数量21,000株である ことから、18,000株となる。 当該売買対当数量に係るものについて、 売付価額2,114,000円（注２）－ 買付価額1,602,000円（注３） ＝ 512,000円 （注２） 売付価額は、「105円×2,000株＋119円×16,000株」の額である。 （注３） 買付価額は、「89円×18,000株」の額である。 (２) 上記(1)のとおり、当該違反行為に係る有価証券の買付数量が、売付数量を超えることから、 当該超える数量3,000株（21,000株－18,000株）について、 当該違反行為が終了してから１月を経過するまでの間の当該有価証券の最高価格（155円）に当該超える数量を乗じて得た額 465,000円（155円×3,000株）－ 買付価額267,000円（89円×3,000株） ＝198,000円 （クリックすると拡大されます）"
2014-07-28,株式会社Ｇｒａｎｔ及びそ,,株式会社Ｇｒａｎｔ及びその役員等３名に対する金融商品取引法違反行為に係る裁判所の禁止及び停止命令の発令について（平成26年7月28日）,https://www.fsa.go.jp/sesc/news/c_2014/2014/20140728-1.html,平成２６年７月２８日 証券取引等監視委員会 株式会社Ｇｒａｎｔ及びその役員等３名に対する金融商品取引法違反行為に係る裁判所の禁止及び停止命令の発令について 証券取引等監視委員会が、平成２６年７月３日に行った株式会社Ｇｒａｎｔ（大阪市北区、資本金１００万円、役職員２名、金融商品取引業の登録等はない。）、同社代表取締役A、同社関係者B及び同Cに対する金融商品取引法違反行為（無登録で、同法第２条第２項の規定により有価証券とみなされる同項第５号又は第６号に掲げる権利の募集又は私募の取扱いを行うこと）の禁止及び停止を命ずるよう求める申立てについて、本日、大阪地方裁判所より、申立ての内容どおり、下記の命令が下された。 記 被申立人らは、いずれも、金融商品取引法２９条所定の登録（ただし、業務の種別を第二種金融商品取引業とするもの）その他同法所定の適式の登録を受けずに、同法２条２項５号又は６号に掲げる権利について、募集又は私募の取扱いを業として行ってはならない。 （参考） 株式会社Ｇｒａｎｔ及びその役員等３名の金融商品取引法違反行為に係る裁判所への申立てについて
2014-07-03,ジースリー株式会社,,ジースリー株式会社に対する検査結果に基づく勧告について（平成26年7月3日）,https://www.fsa.go.jp/sesc/news/c_2014/2014/20140703-2.html,平成２６年７月３日 証券取引等監視委員会 ジースリー株式会社に対する検査結果に基づく勧告について １．勧告の内容 証券取引等監視委員会が、ジースリー株式会社（東京都渋谷区、資本金５０百万円、常勤役職員２名、第二種金融商品取引業、投資助言・代理業）を検査した結果、下記のとおり、当該金融商品取引業者に係る法令違反等の事実が認められたので、本日、証券取引等監視委員会は、内閣総理大臣及び金融庁長官に対して、金融庁設置法第２０条第１項の規定に基づき、行政処分を行うよう勧告した。 ２．事実関係 (1)　業務運営の状況に関し、公益又は投資者保護上重大な問題が認められる状況等 ア　無登録代理店を利用した海外ファンド等の取得勧誘行為 ジースリー株式会社（以下「当社」という。）及び当社の代表取締役Aは、平成２２年１月頃から同２３年１１月頃までの間、B及び株式会社Ｇｒａｎｔ（以下「Ｇｒａｎｔ社」という。Bは、同社の会長を自称している。）の代表取締役であるC（A、B及びCの３名を以下「Aら」という。）とともに、多数の金融商品取引業の登録を受けていない代理店（以下「無登録代理店」という。）を利用して、海外集団投資スキーム持分に該当する積立型の金融商品（以下「海外ファンド」という。）及びAらが実質支配する海外法人等が営業者となり組成・運用するファンド（以下「自製ファンド」という。）に係る取得勧誘を行っている状況が認められた。また、平成２３年１２月頃以降は、Ｇｒａｎｔ社による同社自ら又は無登録代理店を利用した海外ファンドの取得勧誘行為に加担している状況が認められた （同２６年７月３日付「株式会社Ｇｒａｎｔ及びその役員等３名の金融商品取引法違反行為に係る裁判所への申立てについて」を参照） 。 イ　自製ファンドの取得勧誘行為に係る問題点 当社における自製ファンドの勧誘状況等を検証したところ、上記アのとおり、無登録代理店を利用して取得勧誘を行っていた事実のほか、以下のとおり、外国為替証拠金取引、日経２２５先物取引等による運用を目的とするファンド（以下「自製ファンドＡ」という。）、金鉱山を所有する外国企業の未公開株に投資するファンド（以下「自製ファンドＢ」という。）及びバッテリー関連事業等を行う外国企業の事業に投資するファンド（以下「自製ファンドＣ」という。）について、問題点が認められた。 (ア)　自製ファンドＡ ａ　自製ファンドＡは、Aが株主及び取締役となっている海外法人（取締役については、平成２２年１２月にBに交代）Ｇｒａｎｄ　Ｃｉｔｙ　Ａｓｉａ　Ｐａｃｉｆｉｃ　Ｌｉｍｉｔｅｄ（以下「ＧＣＡＰ社」という。）を営業者とするものであるところ、当社は、無登録代理店を利用するなどして、平成２２年１月から同２３年１０月までの間に、顧客延べ８６３名から約１９億円の出資金を集めた。なお、ＧＣＡＰ社は、金融商品取引業の登録を受けることなく、これらの出資金を外国為替証拠金取引等で運用していた。 ｂ　遅くとも平成２２年３月以降、当該ファンドにおいては、事業内容を詳細に把握しないまま、外国におけるごみ処理事業やカジノ顧客への貸付事業、自製ファンドＣへの出資等、匿名組合契約に定める事業目的以外の事業に投資しているところ、当社は、AがＧＣＡＰ社の株主及び取締役であることから、当然にこうした状況を認識していたにもかかわらず、その後も漫然と当該ファンドの取得勧誘を継続していた。 (イ)　自製ファンドＢ ａ　自製ファンドＢは、Bが実質的に所有する海外法人Ｎｏ.１ Ｌｉｍｉｔｅｄ（以下「Ｎｏ.１社」という。）を営業者とするものであるところ、当社は、無登録代理店を利用するなどして、平成２３年９月頃から１か月余りの間に、顧客延べ８３名から約２億４，０００万円の出資金を集めた。なお、Ｎｏ.１社は、金融商品取引業の登録を受けることなく、これらの出資金を未公開株で運用していた。 ｂ　Aは、当該ファンドの出資金は、海外ファンドに係る顧客の拠出金額に応じて海外の第一次販売代理店から支払われる販売手数料を受領するためのＮｏ.１ Ｌｉｍｉｔｅｄ名義の銀行口座において、当該販売手数料と区別されることなく管理されていた上、出資金を現金で預かった場合には、当社の金庫に入れて匿名組合契約上の投資目的以外の用途に使用することもあったとしている。また、出資金の大半をAらは自製ファンドＡの解約払戻金や当社の経費に充て、匿名組合契約上の投資対象である未公開株式への投資には、手元に残った数千万円のみを充てたとしている。 (ウ)　自製ファンドＣ ａ　自製ファンドＣは、Aが代表社員兼職務執行社員を務める合同会社ジースリーを営業者としているところ、当社は、無登録代理店を利用するなどして、平成２２年１０月から同２３年１月までの間に、顧客延べ１５９名から約２億７，０００万円の出資金を集めた。 ｂ　当社は、自製ファンドＣの投資対象となる外国企業を決定するに当たり、その事業内容や財務状況等に係る資料を確認せず、事業計画等の分析も行っていなかったところ、当該ファンドの勧誘パンフレットに合理的な根拠のない配当利回り等を記載し、これを利用して、当社が主催するセミナーにおいて取得勧誘を行っていた。 ｃ　さらに、当社は、当該ファンドについては、実際には顧客からの出資金のほか、自製ファンドＡからその匿名組合契約上の投資目的以外の投資の一部として５０万ＵＳドルが出資されたのみで、出資額は募集目標である５億円に達していなかったにもかかわらず、これが顧客に知られて匿名組合契約が解除されることを恐れ、「海外投資家が３００万ＵＳドルを追加出資した」旨を記載した虚偽の報告書を顧客に送付していた。 当社が上記ア及びイに記載の行為を行っている状況は、金融商品取引法（以下「金商法」という。）第５２条第１項第９号に掲げる「金融商品取引業に関し、不正又は著しく不当な行為をした場合において、その情状が特に重いとき」に該当するものと認められる。また、上記イ（ウ）ｂに記載の行為は、金商法第３８条第１号に掲げる「金融商品取引契約の締結又はその勧誘に関して、顧客に対し虚偽のことを告げる行為」にも該当するものと認められる。 (2)　無登録業者に対する名義貸し 当社は、平成２２年５月から同２３年２月までの間、株式会社オーバル（代表取締役（当時）D。金融商品取引業の登録はない。）との合意のもと、同社の社員及びその傘下の無登録代理店（あわせて個人９名）に対し、当社の商号等が記載された名刺を使用させるなど、当社の名義において海外ファンド等の取得勧誘を行わせていた。 当社による上記の行為は、金商法第３６条の３（名義貸しの禁止）に違反するものと認められる。 (3)　金融商品取引業を適確に遂行するに足りる人的構成を有しない状況 Aは、Ｇｒａｎｔ社や無登録代理店が海外ファンドの取得勧誘をすることは違法であると認識していたにもかかわらず、上記（１）アのとおり、平成２３年１２月頃以降、同社による違法行為に加担している状況が認められた。 また、Aは、外国の不動産を対象としたランドバンキング事業への投資を行う海外法人の社債及び株式の取得勧誘を行い、平成２４年７月から同２５年１１月までの間、顧客６名から合計約３，０００万円の出資金を集めた。Aは、当社が無登録の第一種金融商品取引業で行政処分を受けることを回避するため、個人として、当該社債及び株式の発行者との間で販売代理店契約を締結していたものであり、代表者が自ら違法行為を行っていたものと認められる。 さらに、当社にはAを含め役職員２名が在籍しているものの、そのうち１名は大阪市所在のＧｒａｎｔ社に勤務しているため、当社における勤務実態はなく、実質的にA以外の役職員が存在しない状況であると認められる。 上記の状況から、当社は、金商法第２９条の４第１項第１号ニに掲げる「金融商品取引業を適確に遂行するに足りる人的構成を有しない者」に該当するものと認められ、このような当社の状況は、金商法第５２条第１項第１号に該当するものと認められる。 （参考条文） ○　金融商品取引法（昭和23年法律第25号）（抄） （登録の拒否） 第二十九条の四　内閣総理大臣は、登録申請者が次の各号のいずれかに該当するとき、又は登録申請書若しくはこれに添付すべき書類若しくは電磁的記録のうちに虚偽の記載若しくは記録があり、若しくは重要な事実の記載若しくは記録が欠けているときは、その登録を拒否しなければならない。 一　次のいずれかに該当する者 イ～ハ（略） ニ　金融商品取引業を適確に遂行するに足りる人的構成を有しない者 （以下、略） （名義貸しの禁止） 第三十六条の三　金融商品取引業者等は、自己の名義をもつて、他人に金融商品取引業（登録金融機関にあつては、登録金融機関業務。以下この款において同じ。）を行わせてはならない。 （禁止行為） 第三十八条　金融商品取引業者等又はその役員若しくは使用人は、次に掲げる行為をしてはならない。ただし、第四号から第六号までに掲げる行為にあつては、投資者の保護に欠け、取引の公正を害し、又は金融商品取引業の信用を失墜させるおそれのないものとして内閣府令で定めるものを除く。 一　金融商品取引契約の締結又はその勧誘に関して、顧客に対し虚偽のことを告げる行為 （以下、略） （金融商品取引業者に対する監督上の処分） 第五十二条　内閣総理大臣は、金融商品取引業者が次の各号のいずれかに該当する場合においては、当該金融商品取引業者の第二十九条の登録を取り消し、第三十条第一項の認可を取り消し、又は六月以内の期間を定めて業務の全部若しくは一部の停止を命ずることができる。 一　第二十九条の四第一項第一号、第二号又は第三号に該当することとなつたとき。 二～八（略） 九　金融商品取引業に関し、不正又は著しく不当な行為をした場合において、その情状が特に重いとき。 （以下、略）
2014-07-03,株式会社Ｇｒａｎｔ及びそ,,株式会社Ｇｒａｎｔ及びその役員等３名の金融商品取引法違反行為に係る裁判所への申立てについて（平成26年7月3日）,https://www.fsa.go.jp/sesc/news/c_2014/2014/20140703-1.html,平成２６年７月３日 証券取引等監視委員会 株式会社Ｇｒａｎｔ及びその役員等３名の金融商品取引法違反行為に係る裁判所への申立てについて １．申立ての内容等 証券取引等監視委員会が、株式会社Ｇｒａｎｔ（大阪市北区、資本金１００万円、役職員２名、金融商品取引業の登録等はない。以下「当社」という。）に対して金融商品取引法（以下「金商法」という。）第１８７条第１項に基づく調査を行った結果、下記２．の事実が認められたことから、本日、証券取引等監視委員会は、金商法第１９２条第１項の規定に基づき、大阪地方裁判所に対し、当社、当社の代表取締役Ａ、当社関係者Ｂ及びＣ（以下、Ａ、Ｂ及びＣを併せて「Ａら」という。また、当社及びＡらを併せて「当社ら」という。）を被申立人として金商法違反行為（無登録で、同法第２条第２項の規定により有価証券とみなされる同項第５号又は６号に掲げる権利の募集又は私募の取扱いを行うこと）の禁止及び停止を命ずるよう申立てを行った。 ２．事実関係 Ａらは、平成２３年１２月頃以降、Ｂが「会長」を務める当社において、自ら又は多数の金融商品取引業の登録のない代理店（以下「無登録代理店」という。）を利用して、多数の一般投資家に対し、海外の第一次販売代理店から紹介された、海外集団投資スキーム持分に該当する積立型の金融商品（以下「海外ファンド」という。）に係る取得勧誘を行っている。 その結果、海外ファンドを取得した顧客は、平成２３年１２月頃から平成２６年５月頃までの間で、延べ約１，６００名に及び、同月までの積立額の合計は約１６億円に上る。 なお、当社らは、Ａらが実質支配する海外の関連法人を介するなどして、無登録代理店に対して、販売手数料として、顧客の拠出金額に応じた金銭を支払っていた。 当社らは、現在においても、多数の一般投資家に対し、海外ファンドに係る取得勧誘を行っており、こうした取得勧誘行為は、金商法第２８条第２項第２号に規定する「第二種金融商品取引業」に該当し、無登録でこれを行うことは同法第２９条に違反するものである。 そして、当社らは、平成２６年５月において、より多くの顧客を獲得することを目的として、無登録代理店を増やす方法を企画し、海外ファンドの取得勧誘の拡大を図っている。 なお、以上に加え、Ａらは、平成１９年８月頃から平成２１年１２月頃までの間、Ｂが代表者を務める株式会社アビオン３５（金融商品取引業の登録等はない。）において、また平成２２年１月頃から平成２３年１１月頃までの間、Ｃが代表者を務めるジースリー株式会社（第二種金融商品取引業、投資助言・代理業）において、自ら又は上記無登録代理店を利用して、海外ファンドに係る取得勧誘を行っていた。その結果、海外ファンドを取得した顧客は、平成１９年８月頃から平成２３年１１月頃までの間で、延べ約２，４００名に及び、本年５月までの積立額の合計は約７３億円に上る。 さらに、Ａらは、平成１９年３月頃から平成２４年５月頃までの間、自ら又は上記無登録代理店を利用して、同人らが実質支配する国内外の関連法人等が営業者となり組成・運用する複数のファンドの持分（主に匿名組合契約に基づく権利）の取得勧誘を行っていたところ、これらのファンド持分を取得した一般投資家は、上記期間で、延べ約１，６００名に及び、その出資額は約５６億円に上る。 以上からすれば、当社らは上記違法行為を今後も行う蓋然性が高く、これを可及的速やかに禁止・停止させる必要がある。 参考資料（PDF:47KB） （クリックすると拡大されます） 参考条文 ○第二種金融商品取引業 金融商品取引法(抄) （定義） 第二条 この法律において「有価証券」とは、次に掲げるものをいう。 一～二十一　(略) ２ （前略）、次に掲げる権利は、証券又は証書に表示されるべき権利以外の権利であつても有価証券とみなして、この法律の規定を適用する。 一～四　(略) 五　民法（中略）第六百六十七条第一項に規定する組合契約、商法（中略）第五百三十五条に規定する匿名組合契約、投資事業有限責任組合契約に関する法律（中略）第三条第一項に規定する投資事業有限責任組合契約又は有限責任事業組合契約に関する法律（中略）第三条第一項に規定する有限責任事業組合契約に基づく権利、社団法人の社員権 その他の権利 （外国の法令に基づくものを除く。） のうち、当該権利を有する者（中略）が出資又は拠出をした金銭（中略）を充てて行う事業（以下この号において「出資対象事業」という。）から生ずる収益の配当又は当該出資対象事業に係る財産の分配を受けることができる権利であつて、次のいずれにも該当しないもの（略） イ～ニ　（略） 六 外国の法令に基づく権利であつて、前号に掲げる権利に類するもの 七　（略） ３～７　（略） ８ この法律において「金融商品取引業」とは、次に掲げる行為（略）のいずれかを業として行うことをいう。 一～八　(略) 九　有価証券の募集若しくは売出しの取扱い又は私募若しくは特定投資家向け売付け勧誘等の取扱い 十～十八（略） ９～39　（略） 第二十八条 （略） ２ この章において「第二種金融商品取引業」とは、金融商品取引業のうち、次に掲げる行為のいずれかを業として行うことをいう。 一　（略） 二　第二条第二項の規定により有価証券とみなされる同項各号に掲げる権利についての同条第八項第一号から第三号まで、第五号、第八号又は第九号に掲げる行為 三・四　（略） ３～８　（略） （登録） 第二十九条 金融商品取引業は、内閣総理大臣の登録を受けた者でなければ、行うことができない。 ○緊急差止命令に係る申立て 金融商品取引法(抄) （審問等に関する調査のための処分） 第百八十七条 内閣総理大臣又は内閣総理大臣及び財務大臣は、この法律の規定による審問、この法律の規定による処分に係る聴聞又は第百九十二条の規定による申立てについて、必要な調査をするため、当該職員に、次に掲げる処分をさせることができる。 一　関係人若しくは参考人に出頭を命じて意見を聴取し、又はこれらの者から意見書若しくは報告書を提出させること。 二　鑑定人に出頭を命じて鑑定させること。 三　関係人に対し帳簿書類その他の物件の提出を命じ、又は提出物件を留めて置くこと。 四　関係人の業務若しくは財産の状況又は帳簿書類その他の物件を検査すること。 ２ （略） （裁判所の禁止又は停止命令） 第百九十二条 裁判所は、緊急の必要があり、かつ、公益及び投資者保護のため必要かつ適当であると認めるときは、内閣総理大臣又は内閣総理大臣及び財務大臣の申立てにより、この法律又はこの法律に基づく命令に違反する行為を行い、又は行おうとする者に対し、その行為の禁止又は停止を命ずることができる。 ２ 裁判所は、前項の規定により発した命令を取り消し、又は変更することができる。 ３ 前二項の事件は、被申立人の住所地又は第一項に規定する行為が行われ、若しくは行われようとする地の地方裁判所の管轄とする。 ４ 第一項及び第二項の裁判については、非訟事件手続法 （平成二十三年法律第五十一号）の定めるところによる。 第百九十八条 次の各号のいずれかに該当する者は、三年以下の懲役若しくは三百万円以下の罰金に処し、又はこれを併科する。 一～七　（略） 八 第百九十二条第一項又は第二項の規定による裁判所の命令に違反した者 第二百七条 法人（中略）の代表者又は法人若しくは人の代理人、使用人その他の従業者が、その法人又は人の業務又は財産に関し、次の各号に掲げる規定の違反行為をしたときは、その行為者を罰するほか、その法人に対して当該各号に定める罰金刑を、その人に対して各本条の罰金刑を科する。 一・二 （略） 三 第百九十八条（中略）又は第百九十八条の三から第百九十八条の五まで　三億円以下の罰金刑 四～六 （略） ２・３ （略）
2014-06-20,新日本アーンストアンドヤングの別の職員がＫＴＣ株式会社,,公開買付者との契約締結者の職員及び同人からの情報受領者によるアイ・エム・アイ株式に係る内部者取引に対する課徴金納付命令の勧告について（平成26年6月20日）,https://www.fsa.go.jp/sesc/news/c_2014/2014/20140620-2.html,"平成２６年６月２０日 証券取引等監視委員会 公開買付者との契約締結者の職員及び同人からの情報受領者によるアイ・エム・アイ株式に係る内部者取引に対する課徴金納付命令の勧告について １．勧告の内容 証券取引等監視委員会は、公開買付者との契約締結者の職員及び同人からの情報受領者によるアイ・エム・アイ株式に係る内部者取引について検査した結果、下記のとおり法令違反の事実が認められたので、本日、内閣総理大臣及び金融庁長官に対して、金融庁設置法第２０条第１項の規定に基づき、課徴金納付命令を発出するよう勧告を行った。 ２．法令違反の事実関係 課徴金納付命令対象者(１)は、新日本アーンストアンドヤング税理士法人（以下「新日本アーンストアンドヤング」という。）の職員であったが、その職務に関し、新日本アーンストアンドヤングの別の職員がＫＴＣ株式会社（以下「ＫＴＣ」という。）と新日本アーンストアンドヤングとの業務委託契約の履行に関し知った、ＫＴＣの業務執行を決定する機関がアイ・エム・アイ株式会社（以下「アイ・エム・アイ」という。）株式の公開買付けを行うことについての決定をした旨の公開買付けの実施に関する事実を知りながら、この事実が公表された平成２５年７月６日より前の同年６月１３日、自己の計算において、アイ・エム・アイ株式合計２００株を買付価額合計３１万２０００円で買い付けたものである。 課徴金納付命令対象者(２)は、課徴金納付命令対象者(１)から、上記事実の伝達を受けながら、この事実が公表された平成２５年７月６日より前の同年６月１３日、自己の計算において、アイ・エム・アイ株式合計４００株を買付価額合計６２万４０００円で買い付けたものである。 課徴金納付命令対象者(１)及び(２)が行った上記の行為は、金融商品取引法第１７５条第２項に規定する「第１６７条第１項又は第３項の規定に違反して、同条第１項に規定する特定株券等若しくは関連株券等に係る買付け等」をした行為に該当すると認められる。 ３．課徴金の額の計算 上記の違法行為に対し、金融商品取引法に基づき納付を命じられる課徴金の額は、下記のとおりである。 課徴金納付命令対象者(１)　２１万円 課徴金納付命令対象者(２)　４２万円 計算方法の詳細については、別紙のとおり。 （別紙） ○ 課徴金の額の計算方法について 金融商品取引法第１７５条第２項に基づき、課徴金の額は、 （公開買付け等の実施に関する事実が公表された後２週間における最も高い価格）×（買付株数） －（買付価格）×（買付株数） となる。 したがって、公開買付け等の実施に関する事実の公表後２週間におけるアイ・エム・アイの最も高い株価は、２，６１５円であることから、課徴金の額は下記の金額となる。 課徴金納付命令対象者(１) （２，６１５円×２００株） － 買付価額３１２，０００円 （注） ＝２１１，０００円 ⇒課徴金の額は１万円未満を切り捨てるため、 ２１万円 （注）買付価額は、「1,560円×200株」の額である。 課徴金納付命令対象者(２) （２，６１５円×４００株） － 買付価額６２４，０００円 （注） ＝４２２，０００円 ⇒課徴金の額は１万円未満を切り捨てるため、 ４２万円 （注）買付価額は、「1,560円×400株」の額である。"
2014-06-23,株式会社ＵＡＧ及びそ,,株式会社ＵＡＧ及びその役員等２名に対する金融商品取引法違反行為に係る裁判所の禁止及び停止命令の発令について（平成26年6月23日）,https://www.fsa.go.jp/sesc/news/c_2014/2014/20140623-1.html,平成２６年６月２３日 証券取引等監視委員会 株式会社ＵＡＧ及びその役員等２名に対する金融商品取引法違反行為に係る裁判所の禁止及び停止命令の発令について 証券取引等監視委員会が、平成２６年６月６日に行った株式会社ＵＡＧ（大阪市福島区、資本金５０００万円、適格機関投資家等特例業務届出者。金融商品取引業の登録はない。）、同社代表取締役及び従業員に対する金融商品取引法違反行為（無登録で、同法第２条第２項の規定により有価証券とみなされる同項第５号又は第６号に掲げる権利の募集又は私募の取扱いを行うこと）の禁止及び停止を命ずるよう求める申立てについて、本日、大阪地方裁判所より、申立ての内容どおり、下記の命令が下された。 記 被申立人らは、いずれも、金融商品取引法２９条所定の登録（ただし、業務の種別を第二種金融商品取引業とするもの）その他同法所定の適式の登録を受けずに、同法２条２項５号又は６号に掲げる権利について、募集又は私募の取扱いを業として行ってはならない。 （参考） 株式会社ＵＡＧ及びその役員等２名の金融商品取引法違反行為に係る裁判所への申立てについて
2014-06-19,日本アセットマーケティング株式会社,,日本アセットマーケティング株式会社に係る有価証券報告書等の虚偽記載に係る課徴金納付命令勧告について（平成26年6月19日）,https://www.fsa.go.jp/sesc/news/c_2014/2014/20140619-1.html,"平成26年６月19日 証券取引等監視委員会 日本アセットマーケティング株式会社に係る有価証券報告書等の虚偽記載に係る課徴金納付命令勧告について １．勧告の内容 証券取引等監視委員会は、日本アセットマーケティング株式会社に係る有価証券報告書等の虚偽記載について検査した結果、以下のとおり法令違反の事実が認められたので、本日、内閣総理大臣及び金融庁長官に対して、金融庁設置法第20条第１項の規定に基づき、課徴金納付命令を発出するよう勧告を行った。 ２．法令違反の事実関係 (1) 継続開示書類 日本アセットマーケティング株式会社（以下「当社」という。）は、ソフトウェアの販売に当たり、実体のない販売代理業務に係る契約を締結し、当該契約に基づき仲介手数料を支払うことにより資金を販売先に還流させるとともに、当該仲介手数料に相当する金額を含めたソフトウェアの販売代金を計上することにより、売上を過大に計上した。 この結果、当社は、近畿財務局長に対し、別紙１のとおり、金融商品取引法第172条の４第１項に規定する「重要な事項につき虚偽の記載がある」以下の有価証券報告書を提出したものである。 平成24年３月期有価証券報告書（平成24年６月28日提出） (2) 発行開示書類 当社は、近畿財務局長に対し、以下のとおり、金融商品取引法第172条の２第１項第１号に規定する「重要な事項につき虚偽の記載がある」発行開示書類を提出し、当該発行開示書類に基づく募集により有価証券を取得させたものである。 ア 平成24年９月７日、重要な事項につき虚偽の記載がある平成24年３月期有価証券報告書（別紙１参照）を組込情報とする有価証券届出書（新株予約権証券）を提出し、同有価証券届出書に基づく募集により、同年９月24日、342個の新株予約権を302,642,640円（新株予約権の行使に際して払い込むべき金額を含む。）で取得させた。 イ 平成24年９月７日、重要な事項につき虚偽の記載がある平成24年３月期有価証券報告書（別紙１参照）を組込情報とする有価証券届出書（株式）を提出し、同有価証券届出書に基づく募集により、同年９月24日、379,746株の株式を299,999,340円で取得させた。 ウ 平成25年３月１日、重要な事項につき虚偽の記載がある平成24年３月期有価証券報告書（別紙１参照）を組込情報とする有価証券届出書を提出し、同有価証券届出書に基づく募集により、同年４月22日、1,300,000株の株式を1,690,000,000円で取得させた。 ３．課徴金の額の計算 上記の違法行為について金融商品取引法に基づき算定される課徴金の額は、１億915万円である。（計算方法については別紙２のとおり。） （別紙１）日本アセットマーケティング株式会社の有価証券報告書の虚偽記載内容 提出日 書類 虚偽記載 会計期間 財務計算に 関する書類 内容（注） 事由 平成24年 ６月28日 第13期事業年度連結会計期間に係る有価証券報告書（平成24年３月期有価証券報告書） 平成23年４月１日～平成24年３月31日の連結会計期間 連結 損益計算書 売上高が83百万円であるところを103百万円と記載 ・売上の過大計上 （注）金額は百万円未満切捨てである。 （別紙２）課徴金の計算方法 (1) 金融商品取引法第172条の４第１項の規定により、平成24年３月期有価証券報告書に係る課徴金の額は、 ア 当該法人が発行する算定基準有価証券の市場価額の総額に10万分の６を乗じて得た額（85,250円） が イ 6,000,000円 を超えないことから、6,000,000円となる。 (2) 金融商品取引法第172条の２第１項第１号の規定により、重要な事項につき虚偽の記載がある発行開示書類に基づく募集により取得させた株券等の発行価額の総額の100分の4.5に相当する額が課徴金の額となることから、 ア 平成24年９月７日提出の有価証券届出書（新株予約権証券）に係る課徴金の額は、 302,642,640円×4.5／100＝13,618,918円 について、金融商品取引法第176条第２項の規定により１万円未満の端数を切り捨てて、13,610,000円 イ 平成24年９月７日提出の有価証券届出書（株式）に係る課徴金の額は、 299,999,340円×4.5／100＝13,499,970円 について、金融商品取引法第176条第２項の規定により１万円未満の端数を切り捨てて、13,490,000円 ウ 平成25年３月１日提出の有価証券届出書に係る課徴金の額は、 1,690,000,000円×4.5／100＝76,050,000円 となる。"
2014-06-20,みらいコンサルティング株式会社,,公開買付者との契約締結者の役員からの情報受領者によるローヤル電機株式に係る内部者取引に対する課徴金納付命令の勧告について（平成26年6月20日）,https://www.fsa.go.jp/sesc/news/c_2014/2014/20140620-1.html,"平成２６年６月２０日 証券取引等監視委員会 公開買付者との契約締結者の役員からの情報受領者によるローヤル電機株式に係る内部者取引に対する課徴金納付命令の勧告について １．勧告の内容 証券取引等監視委員会は、公開買付者との契約締結者の役員からの情報受領者によるローヤル電機株式に係る内部者取引について検査した結果、下記のとおり法令違反の事実が認められたので、本日、内閣総理大臣及び金融庁長官に対して、金融庁設置法第２０条第１項の規定に基づき、課徴金納付命令を発出するよう勧告を行った。 ２．法令違反の事実関係 課徴金納付命令対象者は、みらいコンサルティング株式会社（以下「みらいコンサルティング」という。）の役員から、みらいコンサルティングと株式会社小田原エンジニアリング（以下「小田原エンジニアリング」という。）との間で締結していたアドバイザリー契約の履行に関し知った、小田原エンジニアリングの業務執行を決定する機関が、ローヤル電機株式会社（以下「ローヤル電機」という。）の株式等の公開買付けを行うことについての決定をした旨の公開買付けの実施に関する事実の伝達を受けながら、この事実が公表された平成２５年８月１３日より前の同月１日から９日までの間、自己の計算において、ローヤル電機株式合計１万７０００株を買付価額合計６３３万７００円で買い付けたものである。 課徴金納付命令対象者が行った上記の行為は、金融商品取引法第１７５条第２項に規定する「第１６７条第１項又は第３項の規定に違反して、同条第１項に規定する特定株券等若しくは関連株券等に係る買付け等」をした行為に該当すると認められる。 ３．課徴金の額の計算 上記の違法行為に対し、金融商品取引法に基づき納付を命じられる課徴金の額は、２４２万円である。 計算方法の詳細については、別紙のとおり。 （別紙） ○ 課徴金の額の計算方法について 金融商品取引法第１７５条第２項に基づき、課徴金の額は、 （公開買付け等の実施に関する事実が公表された後２週間における最も高い価格）×（買付株数） －（買付価格）×（買付株数） となる。 したがって、公開買付け等の実施に関する事実の公表後２週間におけるローヤル電機の最も高い株価は、５１５円であることから、課徴金の額は下記の金額となる。 （５１５円×１７，０００株） － 買付価額６，３３０，７００円 （注） ＝２，４２４，３００円 ⇒課徴金の額は１万円未満を切り捨てるため、 ２４２万円 （注）買付価額は、「370円×10,100株＋373円×200株＋375円×4,500株＋378円×2,200株」の合計額である。"
2014-06-19,株式会社アイレックス,,株式会社アイレックスに係る有価証券報告書等の虚偽記載に係る課徴金納付命令勧告について（平成26年6月19日）,https://www.fsa.go.jp/sesc/news/c_2014/2014/20140619-2.html,"平成26年６月19日 証券取引等監視委員会 株式会社アイレックスに係る有価証券報告書等の虚偽記載に係る課徴金納付命令勧告について １．勧告の内容 証券取引等監視委員会は、株式会社アイレックスに係る有価証券報告書等の虚偽記載について検査した結果、以下のとおり法令違反の事実が認められたので、本日、内閣総理大臣及び金融庁長官に対して、金融庁設置法第20条第１項の規定に基づき、課徴金納付命令を発出するよう勧告を行った。 ２．法令違反の事実関係 株式会社アイレックス（以下「当社」という。）は、システム開発に係る派遣業務について、実際には作業に従事していない人員の勤務表を改ざんして実態を上回る作業時間を計上することにより、これに対応する架空の売上を計上するなどした。また、システムの開発及び制作を受注して行う取引について、顧客の検収後に発生した労務費等を費用として処理すべきであったにもかかわらず、仕掛品として計上するなどした。 これらの結果、当社は、関東財務局長に対し、別紙１のとおり、金融商品取引法第172条の４第１項及び第２項に規定する「重要な事項につき虚偽の記載がある」以下の有価証券報告書等を提出したものである。 平成24年３月期有価証券報告書（平成24年６月25日提出） 平成24年６月第１四半期四半期報告書（平成24年８月14日提出） 平成24年９月第２四半期四半期報告書（平成24年11月14日提出） 平成24年12月第３四半期四半期報告書（平成25年２月14日提出） 平成24年９月第２四半期四半期報告書の訂正報告書（平成25年６月10日提出） ３．課徴金の額の計算 上記の違法行為について金融商品取引法に基づき算定される課徴金の額は、1,500万円である。（計算方法については別紙２のとおり。） （別紙１）株式会社アイレックスの有価証券報告書等の虚偽記載内容 番号 開示書類 虚偽記載 提出日 書類 会計期間 財務計算に 関する書類 内容（注） 事由 １ 平成24年 ６月25日 第70期事業年度連結会計期間に係る有価証券報告書（平成24年３月期有価証券報告書） 平成23年４月１日～平成24年３月31日の連結会計期間 連結 損益計算書 連結経常損益が211百万円であるところを335百万円と記載 連結当期純損益が124百万円であるところを248百万円と記載 ・架空売上の計上 等 ２ 平成24年 ８月14日 第71期事業年度第１四半期連結会計期間に係る四半期報告書（平成24年６月第１四半期四半期報告書） 平成24年４月１日～平成24年６月30日の第１四半期連結会計期間 四半期連結 貸借対照表 連結純資産額が596百万円であるところを806百万円と記載 ・仕掛品の過大計上 等 ３ 平成24年 11月14日 第71期事業年度第２四半期連結会計期間に係る四半期報告書（平成24年９月第２四半期四半期報告書） 平成24年４月１日～平成24年９月30日の第２四半期連結累計期間 四半期連結 損益計算書 連結四半期経常損益が▲14百万円であるところを190百万円と記載 連結四半期純損益が▲68百万円であるところを135百万円と記載 ・架空売上の計上 ・仕掛品の過大計上 等 平成24年７月１日～平成24年９月30日の第２四半期連結会計期間 四半期連結 貸借対照表 連結純資産額が545百万円であるところを899百万円と記載 ４ 平成25年 ２月14日 第71期事業年度第３四半期連結会計期間に係る四半期報告書（平成24年12月第３四半期四半期報告書） 平成24年４月１日～平成24年12月31日の第３四半期連結累計期間 四半期連結 損益計算書 連結四半期経常損益が▲16百万円であるところを129百万円と記載 連結四半期純損益が▲75百万円であるところを69百万円と記載 ・架空売上の計上 ・仕掛品の過大計上 等 平成24年10月１日～平成24年12月31日の第３四半期連結会計期間 四半期連結 貸借対照表 連結純資産額が551百万円であるところを846百万円と記載 ５ 平成25年 ６月10日 第71期事業年度第２四半期連結会計期間に係る四半期報告書の訂正報告書（平成24年９月第２四半期四半期報告書の訂正報告書） 平成24年４月１日～平成24年９月30日の第２四半期連結累計期間 四半期連結 損益計算書 連結四半期経常損益が▲14百万円であるところを68百万円と記載 連結四半期純損益が▲68百万円であるところを13百万円と記載 ・架空売上の計上 ・仕掛品の過大計上 等 平成24年７月１日～平成24年９月30日の第２四半期連結会計期間 四半期連結 貸借対照表 連結純資産額が545百万円であるところを715百万円と記載 （注）金額は百万円未満切捨てである。また、▲は損失であることを示す。 （別紙２）課徴金の計算方法 (1) 金融商品取引法第172条の４第１項の規定により、平成24年３月期有価証券報告書に係る課徴金の額は、 ア 当該法人が発行する算定基準有価証券の市場価額の総額に10万分の６を乗じて得た額（206,903円） が イ 6,000,000円 を超えないことから、6,000,000円となる。 (2) 金融商品取引法第172条の４第２項の規定により、平成24年６月第１四半期四半期報告書、平成24年９月第２四半期四半期報告書及び平成24年12月第３四半期四半期報告書に係る課徴金について、個別決定ごとの算出額は、 ア 当該法人が発行する算定基準有価証券の市場価額の総額に10万分の６を乗じて得た額 （平成24年６月第１四半期四半期報告書 203,455円 平成24年９月第２四半期四半期報告書 192,050円 平成24年12月第３四半期四半期報告書 191,479円） が イ 6,000,000円 を超えないことから、 平成24年６月第１四半期四半期報告書については、6,000,000円の２分の１に相当する額である3,000,000円 平成24年９月第２四半期四半期報告書については、6,000,000円の２分の１に相当する額である3,000,000円 平成24年12月第３四半期四半期報告書については、6,000,000円の２分の１に相当する額である3,000,000円 となる。 ここで、これらの書類が同一の事業年度に係るものであることから、金融商品取引法第185条の７第６項の規定により、下記のとおり600万円を個別決定ごとの算出額に応じて按分した金額が課徴金の額となる。 平成24年６月第１四半期四半期報告書に係る課徴金の額は 2,000,000円 平成24年９月第２四半期四半期報告書に係る課徴金の額は 2,000,000円 平成24年12月第３四半期四半期報告書に係る課徴金の額は 2,000,000円 (3) 金融商品取引法第172条の４第２項の規定により、平成24年９月第２四半期四半期報告書の訂正報告書に係る課徴金の額は、 ア 当該法人が発行する算定基準有価証券の市場価額の総額に10万分の６を乗じて得た額（192,050円） が イ 6,000,000円 を超えないことから、6,000,000円の２分の１に相当する額である3,000,000円となる。"
2014-06-17,株式会社ライフスタイルインベストメント,,株式会社ライフスタイルインベストメントに対する検査結果に基づく勧告について（平成26年6月17日）,https://www.fsa.go.jp/sesc/news/c_2014/2014/20140617-2.html,平成２６年６月１７日 証券取引等監視委員会 株式会社ライフスタイルインベストメントに対する検査結果に基づく勧告について １．勧告の内容 関東財務局長が株式会社ライフスタイルインベストメント（東京都千代田区、資本金９百万円、常勤役職員８名、投資助言・代理業）を検査した結果、下記のとおり、当該金融商品取引業者に係る法令違反の事実が認められたので、本日、証券取引等監視委員会は、内閣総理大臣及び金融庁長官に対して、金融庁設置法第２０条第１項の規定に基づき、行政処分を行うよう勧告した。 ２．事実関係 ○無登録で外国株式の募集の取扱いを行い、金銭の預託を受ける行為 株式会社ライフスタイルインベストメント（以下「当社」という。）は、海外の不動産への投資で利益をあげることを目的とする外国法人の代表者から要請を受け、平成２４年１２月から同２５年６月までの間、当社が開催するセミナーに参加した投資者に対し、当該法人が発行する株式（以下「本件株式」という。）の商品内容、リスク等の説明を行ったうえ、本件株式の取得の申込手続きを支援し、本件株式の発行者のために７８名の投資者との取得契約を成立させ、当該契約の締結件数に応じた報酬を受領している。 上記の当社の行為は、本件株式の募集の取扱いに該当すると認められる。 また、当社は、本件株式の募集の取扱いに関し、平成２４年１２月から同２５年６月までの間、６２名の投資者から、本件株式の取得資金として、約１６７百万円の金銭の預託を受けている。 当社が行った上記の行為は、金融商品取引法第２８条第１項に規定する第一種金融商品取引業（同項第１号及び第５号に掲げる行為を業として行うこと）に該当し、当社が同法第３１条第４項に基づく変更登録を受けることなく第一種金融商品取引業を行うことは、同法第２９条に違反するものと認められる。 （参考条文） ○ 金融商品取引法（昭和23年法律第25号）（抄） （定義） 第二条　（略） ２～７　（略） ８　この法律において「金融商品取引業」とは、次に掲げる行為（その内容等を勘案し、投資者の保護のため支障を生ずることがないと認められるものとして政令で定めるもの及び銀行、優先出資法第二条第一項に規定する協同組織金融機関（以下「協同組織金融機関」という。）その他政令で定める金融機関が行う第十二号 、第十四号、第十五号又は第二十八条第八項各号に掲げるものを除く。）のいずれかを業として行うことをいう。 一～八　（略） 九　有価証券の募集若しくは売出しの取扱い又は私募若しくは特定投資家向け売付け勧誘等の取扱い 十～十五　（略） 十六　その行う第一号から第十号までに掲げる行為に関して、顧客から金銭又は第一項各号に掲げる証券若しくは証書の預託を受けること（商品関連市場デリバティブ取引についての第二号、第三号又は第五号に掲げる行為を行う場合にあつては、これらの行為に関して、顧客から商品（第二十四項第三号の二に掲げるものをいう。以下この号において同じ。）又は寄託された商品に関して発行された証券若しくは証書の預託を受けることを含む。）。 （以下、略） 第二十八条　この章において「第一種金融商品取引業」とは、金融商品取引業のうち、次に掲げる行為のいずれかを業として行うことをいう。 一　有価証券（第二条第二項の規定により有価証券とみなされる同項各号に掲げる権利を除く。）についての同条第八項第一号から第三号まで、第五号、第八号又は第九号に掲げる行為 一の二～四　（略） 五　第二条第八項第十六号又は第十七号に掲げる行為 （以下、略） （登録） 第二十九条　金融商品取引業は、内閣総理大臣の登録を受けた者でなければ、行うことができない。
2014-06-17,株式会社トラフィック,,株式会社トラフィックに対する検査結果に基づく勧告について（平成26年6月17日）,https://www.fsa.go.jp/sesc/news/c_2014/2014/20140617-1.html,平成２６年６月１７日 証券取引等監視委員会 株式会社トラフィックに対する検査結果に基づく勧告について １．勧告の内容 関東財務局長が株式会社トラフィック（東京都中央区、資本金９百万円、常勤役職員９名、投資助言・代理業、適格機関投資家等特例業務）を検査した結果、下記のとおり、当該金融商品取引業者に係る法令違反等の事実が認められたので、本日、証券取引等監視委員会は、内閣総理大臣及び金融庁長官に対して、金融庁設置法第20条第１項の規定に基づき、行政処分を行うよう勧告した。 ２．事実関係 株式会社トラフィック（以下「当社」という。）は、適格機関投資家等特例業務（以下「特例業務」という。）の届出を行い、特例業務として自らを営業者とし、外国為替証拠金取引及び有価証券等の取引を主な投資対象事業とする複数の匿名組合（以下「ファンド」という。）の出資持分の私募（取得勧誘）を行い、その出資金の運用を行っている。そのような中、当社の行う業務の運営状況を検証したところ、以下の問題点が認められた。 (1)ファンドの運用において、投資者保護上重大な問題が認められる状況 当社は、検査基準日（平成25年１月）現在、運用している７つのファンドのうち４つのファンドについて、その出資金の一部を、匿名組合契約書に定められた投資対象事業以外の使途（当社と本店の所在地を同一とし、当社に社員を出向させ、かつ、当社の元取締役が代表取締役を務める２社に対する金銭貸付）に充当していた。なお、当社は、上記２社による資金の使用目的を確認することなく当該貸付を行っており、また、当該４つのファンドの運用報告書には当該貸付の状況を記載していなかった。 更に、当社は、上記７つのファンドのうち１つのファンドについては、顧客からの出資金の一部を別のファンドの運用に充当していた。 当社が行った上記の行為は、金融商品取引法第51条に規定する「業務の運営に関し、公益又は投資者保護のため必要かつ適当であると認めるとき」に該当するものと認められる。 (2)無登録でファンドの出資持分の私募を行っている状況 特例業務については、１名以上の適格機関投資家を相手方とする取得勧誘が行われることが要件とされている。 当社は、今回の検査対象期間中（平成22年４月～同25年１月）、10のファンド（以下「本件10ファンド」という。）の営業者として、出資持分の私募（取得勧誘）を行っている。 本件10ファンドに、唯一の適格機関投資家として出資しているのは、甲投資事業有限責任組合（以下「甲組合」という。）であるが、甲組合の業務執行は、当社が行っている。 このため、当社は、本件10ファンドの営業者であるとともに、甲組合の業務執行者でもあることから、甲組合からの本件10ファンドに対する出資は、適格機関投資家を相手方とする取得勧誘によるものとは認められない。 したがって、当社が行った本件10ファンドの出資持分の私募（取得勧誘）は、特例業務の要件を満たさないものと認められる。 当社が特例業務の要件を満たすことなく行った本件10ファンドの出資持分の私募（取得勧誘）は、金融商品取引法第28条第２項に規定する「第二種金融商品取引業」に該当するものであり、当社が同法第31条第４項に基づく変更登録を受けることなく第二種金融商品取引業を行うことは、同法第29条に違反するものと認められる。 （参考条文） ○ 金融商品取引法（昭和23年法律第25号）（抄） （定義） 第二条　（略） ２～７　（略） ８　この法律において「金融商品取引業」とは、次に掲げる行為（その内容等を勘案し、投資者の保護のため支障を生ずることがないと認められるものとして政令で定めるもの及び銀行、優先出資法第二条第一項 に規定する協同組織金融機関（以下「協同組織金融機関」という。）その他政令で定める金融機関が行う第十二号 、第十四号、第十五号又は第二十八条第八項各号に掲げるものを除く。）のいずれかを業として行うことをいう。 一～六　（略） 七　有価証券（次に掲げるものに限る。）の募集又は私募 イ～ホ（略） ヘ　第二項の規定により有価証券とみなされる同項第五号又は第六号に掲げる権利 （以下、略） 第二十八条（略） ２　この章において「第二種金融商品取引業」とは、金融商品取引業のうち、次に掲げる行為のいずれかを業として行うことをいう。 一　第二条第八項第七号に掲げる行為 （以下、略） （登録） 第二十九条　金融商品取引業は、内閣総理大臣の登録を受けた者でなければ、行うことができない。 （金融商品取引業者に対する業務改善命令） 第五十一条　内閣総理大臣は、金融商品取引業者の業務の運営又は財産の状況に関し、公益又は投資者保護のため必要かつ適当であると認めるときは、その必要の限度において、当該金融商品取引業者に対し、業務の方法の変更その他業務の運営又は財産の状況の改善に必要な措置をとるべきことを命ずることができる。 （適格機関投資家等特例業務） 第六十三条　次の各号に掲げる行為については、第二十九条及び第三十三条の二の規定は、適用しない。 一　適格機関投資家等（適格機関投資家以外の者で政令で定めるもの（その数が政令で定める数以下の場合に限る。）及び適格機関投資家をいう。以下この条において同じ。）で次のいずれにも該当しない者を相手方として行う第二条第二項第五号又は第六号に掲げる権利に係る私募（適格機関投資家等（次のいずれにも該当しないものに限る。）以外の者が当該権利を取得するおそれが少ないものとして政令で定めるものに限る。） （以下、略）
2014-06-13,むさし証券株式会社,,むさし証券株式会社に対する検査結果に基づく勧告について（平成26年6月13日）,https://www.fsa.go.jp/sesc/news/c_2014/2014/20140613-1.html,平成26年６月13日 証券取引等監視委員会 むさし証券株式会社に対する検査結果に基づく勧告について １．勧告の内容 証券取引等監視委員会及び関東財務局長がむさし証券株式会社（埼玉県さいたま市大宮区、資本金５０億円、常勤役職員３１１名、第一種金融商品取引業、第二種金融商品取引業）を検査した結果、下記のとおり、当該金融商品取引業者及びその使用人に係る法令違反等の事実が認められたので、本日、証券取引等監視委員会は、内閣総理大臣及び金融庁長官に対して、金融庁設置法第２０条第１項の規定に基づき、行政処分及びその他の適切な措置を講ずるよう勧告した。 ２．事実関係 (1)自己売買による相場操縦行為 むさし証券株式会社（以下「当社」という。）は、同社契約ディーラーとして同社ディーリング業務に従事していたＡディーラーにおいて、同社の業務に関し、株式会社東京証券取引所（当時。以下「東証」という。）に上場されていたＴＯＰＩＸ先物（平成２５年９月限月）について、市場デリバティブ取引を誘引する目的をもって、平成２５年７月２９日から同月３１日まで及び同年９月９日から同月１１日までの間、合計６取引日にわたり、上記取引所において、約定させる意思がないのに、買い最良気配値に多数の買い注文を発注したり、売り最良気配値に多数の売り注文を発注したりするなどの方法により、上記先物合計２０１６単位を買い付ける一方、同先物合計２０１６単位を売り付けるとともに、同先物合計４万３５５４単位の買い注文及び合計４万４８８９単位の売り注文を発注し、もって、自己の計算において、市場デリバティブ取引が繁盛であると誤解させ、かつ、上記取引所における上記先物の相場を変動させるべき一連の市場デリバティブ取引及び申込みを行った。 上記の行為は、金融商品取引法第１５９条第２項第１号に掲げる行為に該当するものと認められる。 (2)株券に係る市場デリバティブ取引の自己売買に係る売買審査態勢に不備が認められる状況 当社は、内規上、当社の自己勘定による取引（以下「自己売買」という。）における不公正取引の審査を監査部売買審査課に行わせることとしていたが、売買審査課は委託取引の売買審査で多忙であったことから、自己売買に係る売買審査を行っていなかった。また、同課課長は自己売買の審査をディーリング部長に任せていたとしているが、同部長も、株券に係る市場デリバティブ取引における不公正取引のチェックという観点からはほとんど売買審査を行っていなかった。 こうした中、当社は、Ａディーラーの約定させる意思がない注文の発注等について、東証から平成２５年７月３１日に注意を受け、Ａディーラーに口頭注意を行うとともに、株券に係る市場デリバティブ取引における不公正取引の売買管理システムによる抽出を開始したが、不公正取引に係る検証は依然として不十分であり、Ａディーラーによる同年９月９日から１１日までの上記不公正取引を看過するなど、売買審査態勢の抜本的な検証・見直しは行っていなかった。 また、当社はその後、東証から平成２５年１０月１日に２度目の注意を受けたものの、本来の担当である売買審査課が自己売買の審査を行っていない等の状況は引き続き継続していた。 更に、内部管理統括責任者である当社副社長は、当社の売買審査の人員が不足している状況を知りながら、売買審査態勢の状況を確認しておらず、東証による上記２度の注意を受けても、適切な態勢整備は行われていなかった。 上記のとおり、当社の株券に係る市場デリバティブ取引の自己売買に係る売買審査態勢には不備が認められ、このような当社の状況は、金融商品取引業者として極めて不適切なものであり、金融商品取引法第５１条に基づく業務改善命令を発出することができる場合の要件となる「業務の運営に関し、公益又は投資者保護のため必要かつ適当であると認めるとき」に該当するものと認められる。 〈参考〉むさし証券株式会社による相場操縦に対する課徴金納付命令の勧告について （参考条文） ○ 金融商品取引法（昭和23年法律第25号）（抄） （金融商品取引業者に対する業務改善命令） 第五十一条　内閣総理大臣は、金融商品取引業者の業務の運営又は財産の状況に関し、公益又は投資者保護のため必要かつ適当であると認めるときは、その必要の限度において、当該金融商品取引業者に対し、業務の方法の変更その他業務の運営又は財産の状況の改善に必要な措置をとるべきことを命ずることができる。 （相場操縦行為等の禁止） 第百五十九条　（略） 一～九　（略） ２　何人も、有価証券の売買、市場デリバティブ取引又は店頭デリバティブ取引（以下この条において「有価証券売買等」という。）のうちいずれかの取引を誘引する目的をもつて、次に掲げる行為をしてはならない。 一　有価証券売買等が繁盛であると誤解させ、又は取引所金融商品市場における上場金融商品等（金融商品取引所が上場する金融商品、金融指標又はオプションをいう。以下この条において同じ。）若しくは店頭売買有価証券市場における店頭売買有価証券の相場を変動させるべき一連の有価証券売買等又はその申込み、委託等若しくは受託等をすること。 二・三　（略） ３　（略）
2014-06-16,株式会社インデックス,301A,株式会社インデックスに係る虚偽有価証券報告書提出事件の告発について（平成26年6月16日）,https://www.fsa.go.jp/sesc/news/c_2014/2014/20140616-1.html,平成２６年６月１６日 証券取引等監視委員会 株式会社インデックスに係る虚偽有価証券報告書提出事件の告発について 証券取引等監視委員会は、平成26年6月16日、金融商品取引法違反（虚偽有価証券報告書提出）の嫌疑で、下記の嫌疑法人及び嫌疑者を東京地方検察庁検察官に告発した。 １．告発の対象となった犯則事実 犯則嫌疑者Aは犯則嫌疑法人株式会社インデックスの取締役会長として、犯則嫌疑者Bは同社の代表取締役社長として、それぞれ同社の業務全般を統括していたものであるが、犯則嫌疑者両名は、共謀の上、犯則嫌疑法人の業務に関し、平成２４年１１月２７日、同社の本店事務所内に設置された入出力装置から、開示用電子情報処理組織を使用して、内閣府が使用する電子計算機に備えられたファイルに記録させる方法により、関東財務局において、同局長に対し、同社の平成２３年９月１日から平成２４年８月３１日までの連結会計年度につき、経常利益が８６００万円（１００万円未満は切り捨て。以下同じ。）、税金等調整前当期純損失が６億５００万円、純資産が４億１１００万円の債務超過であったにもかかわらず、架空売上の計上及び過年度において貸倒引当処理済みの債権の回収偽装による貸倒引当金繰入額の減額等の方法により、経常利益を９億１７００万円、税金等調整前当期純利益を２億４００万円と記載するなどした虚偽の連結損益計算書及び純資産を３億９８００万円と記載するなどした虚偽の連結貸借対照表を各掲載した有価証券報告書を提出し、もって重要な事項につき虚偽の記載のある有価証券報告書を提出したものである。 ２．関連条文 金融商品取引法第197条第1項第1号、同法第24条第1項第1号、同法第207条第1項第1号、刑法第60条 法定刑：法人につき　7億円以下の罰金 個人につき　10年以下の懲役若しくは1000万円以下の罰金又は併科
2014-06-13,ばんせい証券株式会社,,ばんせい証券株式会社及びばんせい投信投資顧問株式会社に対する検査結果に基づく勧告について（平成26年6月13日）,https://www.fsa.go.jp/sesc/news/c_2014/2014/20140613-3.html,"平成26年６月13日 証券取引等監視委員会 ばんせい証券株式会社及びばんせい投信投資顧問株式会社に対する検査結果に基づく勧告について １．勧告の内容 証券取引等監視委員会がばんせい証券株式会社（東京都中央区、資本金15億5,825万円、常勤役職員178名、第一種金融商品取引業、第二種金融商品取引業）及びばんせい投信投資顧問株式会社（東京都中央区、資本金５億2,200万円、常勤役職員14名、投資運用業、第二種金融商品取引業、投資助言・代理業）を検査した結果、下記のとおり、これらの金融商品取引業者に係る法令違反等の事実が認められたので、本日、証券取引等監視委員会は、内閣総理大臣及び金融庁長官に対して、金融庁設置法第20条第１項の規定に基づき、行政処分を行うよう勧告した。 ２．事実関係 (1)本件指摘に関する各ファンドの概要 ばんせい証券株式会社（以下「ばんせい証券」という。）は、平成17年から同22年にかけて、以下の商品ファンドの組成・販売等を行った。 ・ファンドＡ：甲年金基金からの優先投資及びばんせい証券からの劣後投資約2.6億円で構成される商品ファンド。当該ファンドに運用損が生じても、損失額がばんせい証券の劣後投資額の範囲内であれば、ばんせい証券のみに損失が帰属する仕組み。 ・ファンドα：ファンドＡの資金が全額投資される商品ファンド。 ・ファンドＢ：一般投資家向けに組成された商品ファンド。 ・ファンドβ：ファンドＢの資金が全額投資される商品ファンド。 ・ファンドＣ：ばんせい投信投資顧問株式会社（以下「ばんせい投信」という。）と甲年金基金の間で締結された投資一任契約に基づき、同年金基金の運用資金が投資される商品ファンド。 (2)船舶関連私募債の売買に関し、公益又は投資者保護上重大な問題が認められる状況（ばんせい証券） ばんせい証券は、ファンドα、ファンドβ及びファンドＣの運営を行う法人をそれぞれ設立し、当該各法人の職務執行をばんせい証券の乙取締役（当時）に行わせていた。そして、このように実質的にばんせい証券が各ファンドの運営に係る業務を行う中、ファンドの主たる運用対象である商品投資については商品投資顧問業者に運用が委託される一方、余資運用としての有価証券運用は乙取締役が行っていた。 こうした中、乙取締役は、ファンドαが組み入れていた額面金額2.6億円分の船舶関連私募債（以下「船舶債」という。）の価値が下落していることを認識していたにもかかわらず、平成22年３月に船舶債全額をファンドαからファンドβへ、更に、同年４月に船舶債2.6億円のうち２億円分をファンドβからファンドＣへ、価値の下落を反映させない価格（簿価）で売却した。 ファンドＡは、平成22年６月に投資元本を上回る形で償還され、劣後部分を保有していたばんせい証券も約2.8億円の償還金を受領したが、上記のとおりファンドαからファンドβへ、ファンドβからファンドＣへ簿価で売却された船舶債は、その後、同24年３月になって、ファンドβ及びファンドＣにおいて、その全額が減損処理された。この結果、ばんせい証券は船舶債の価値下落に伴う損失を免れる一方、ファンドＢに投資を行った一般投資家及びファンドＣに投資を行った甲年金基金が当該損失を負担することとなった。 ばんせい証券は、乙取締役のほか、他の取締役ら（当時）においても、船舶債の簿価が実質的な価値を反映していないことを認識している状況にあったが、上記のような利益相反となる船舶債の売買について、適切な管理・検証を行わず看過しているなど、乙取締役の業務について適切な管理を怠っていた。 ばんせい証券が行った、利益相反となる船舶債の上記売買及び利益相反管理態勢に係る不備は、金融商品取引業者として極めて不適切なものであり、金融商品取引法第51条に基づく業務改善命令を発出することができる場合の要件となる「業務の運営に関し、公益又は投資者保護のため必要かつ適当であると認めるとき」に該当するものと認められる。 (3)年金基金との投資一任契約における忠実義務違反について（ばんせい投信） ばんせい投信は、甲年金基金との間で投資一任契約を締結し、当該契約に基づき、同年金基金の運用資金をファンドＣへ投資していた。 こうした中、上記（２）のとおり、ばんせい証券は、ファンドβに組み入れられていた船舶債を、その価値が下落していることを認識していたにもかかわらず、価値の下落を反映させない価格（簿価）によりファンドＣに売却した。 この取引を行った乙取締役は、ばんせい投信の運用担当取締役でもあったことから、ばんせい投信は、こうしたばんせい証券による取引を当然に知り得る立場にあったが、投資一任契約に基づき年金基金の運用を受託している投資運用業者として何ら対応を行わず、その結果、平成24年３月にファンドＣが取得した船舶債について全額減損処理が行われたことにより、甲年金基金に対し２億円の損失を与えた。 ばんせい投信が行った上記の行為は、顧客である甲年金基金のために忠実に投資運用業を行っていないものであり、金融商品取引法第42条第１項に違反すると認められる。 参考資料（PDF:64KB） （参考条文） 金融商品取引法（昭和23年法律第25号）（抄） （権利者に対する義務） 第四十二条 　金融商品取引業者等は、権利者（次の各号に掲げる業務の区分に応じ当該各号に定める者をいう。以下この款において同じ。）のため忠実に投資運用業を行わなければならない。 一　第二条第八項第十二号に掲げる行為を行う業務　同号イ又はロに掲げる契約の相手方 二　第二条第八項第十四号に掲げる行為を行う業務　同号に規定する有価証券に表示される権利その他の政令で定める権利を有する者 三　第二条第八項第十五号に掲げる行為を行う業務　同号イからハまでに掲げる権利その他同号に規定する政令で定める権利を有する者 ２　（略） （金融商品取引業者に対する業務改善命令） 第五十一条 　内閣総理大臣は、金融商品取引業者の業務の運営又は財産の状況に関し、公益又は投資者保護のため必要かつ適当であると認めるときは、その必要の限度において、当該金融商品取引業者に対し、業務の方法の変更その他業務の運営又は財産の状況の改善に必要な措置をとるべきことを命ずることができる。"
2014-06-13,むさし証券株式会社,,むさし証券株式会社による相場操縦に対する課徴金納付命令の勧告について（平成26年6月13日）,https://www.fsa.go.jp/sesc/news/c_2014/2014/20140613-2.html,"平成26年６月13日 証券取引等監視委員会 むさし証券株式会社による相場操縦に対する課徴金納付命令の勧告について １．勧告の内容 証券取引等監視委員会は、むさし証券株式会社（以下「むさし証券」という。）による相場操縦について検査した結果、下記のとおり法令違反の事実が認められたので、本日、内閣総理大臣及び金融庁長官に対して、金融庁設置法第２０条第１項の規定に基づき、課徴金納付命令を発出するよう勧告を行った。 ２．法令違反の事実関係 むさし証券は、第一種金融商品取引業を行うことにつき内閣総理大臣の登録を受けている株式会社であるが、同社ディーラーにおいて、同社の業務に関し、ＴＯＰＩＸ先物（平成２５年９月限月）について、市場デリバティブ取引を誘引する目的をもって、別表記載のとおり、平成２５年７月２９日から同月３１日まで及び同年９月９日から同月１１日までの間、合計６取引日にわたり、約定させる意思がないのに、買い最良気配値に多数の買い注文を発注したり、売り最良気配値に多数の売り注文を発注したりするなどの方法により、上記先物合計２０１６単位を買い付ける一方、同先物合計２０１６単位を売り付けるとともに、同先物合計４万３５５４単位の買い注文及び合計４万４８８９単位の売り注文を発注し、もって、自己の計算において、市場デリバティブ取引が繁盛であると誤解させ、かつ、上記先物の相場を変動させるべき一連の市場デリバティブ取引及び申込みをしたものである。 むさし証券が行った上記の行為は、金融商品取引法第１７４条の２第１項に規定する「第１５９条第２項第１号の規定に違反する一連の有価証券売買等」及び「その申込み」に該当すると認められる。 ３．課徴金の額の計算 上記の違法行為について金融商品取引法に基づき算定される課徴金の額は、５４３万円である。 計算方法の詳細については、別紙のとおり。 ４．その他 本件については、日本取引所自主規制法人より支援がなされている。 ＜参考＞むさし証券株式会社に対する検査結果に基づく勧告について （別紙） ○ 課徴金の額の計算方法について １．金融商品取引法第１７４条の２第１項に基づき、課徴金の額は、売買対当数量（注１）に係るものについて、 （有価証券の売付け等の価額）－（有価証券の買付け等の価額） として計算される。 （注１）売買対当数量：当該違反行為に係る有価証券の売付け等数量と買付け等数量のうち、いずれか少ない数量をいう。 ２．本件における課徴金の額は、金融商品取引法第１７６条第２項の規定により、下記(1)及び(2)によりそれぞれ計算した額（注２）の１万円未満を切り捨てた額を合計した ５４３万円 となる。 (1) 平成２５年７月２９日ないし同月３１日における一連の市場デリバティブ取引及び申込みについて （有価証券の売付け等の価額）22,641,455,000円－（有価証券の買付け等の価額） 22,636,145,000円＝5,310,000円 (2) 平成２５年９月９日ないし同月１１日における一連の市場デリバティブ取引及び申込みについて （有価証券の売付け等の価額）356,675,000円－（有価証券の買付け等の価額） 356,550,000円＝125,000円 （注２）有価証券の売付け等の価額及び買付け等の価額の明細は、[ 別表（PDF:64KB） ]記載のとおりである。"
2014-06-11,,,証券取引等監視委員会の事務処理状況の公表について（平成26年6月11日）,https://www.fsa.go.jp/sesc/reports/n_25/n_25.html,"平成２６年６月１１日 証券取引等監視委員会 証券取引等監視委員会の事務処理状況の公表について 証券取引等監視委員会（以下｢証券監視委｣という。）は、金融庁設置法第22条の規定に基づき、毎年、事務処理状況等を公表しています。今回は、その22回目として、平成25年度（平成25年４月１日～同26年３月31日）の「証券取引等監視委員会の活動状況」を公表します。 公表内容の主なポイント 第１章：組織 第２章：証券監視委の活動方針 第８期体制（平成25年12月発足）の活動方針（平成26年１月公表）について、その策定の背景と基本的な考え方を掲載 １．証券監視委の使命 ○ 市場の公正性・透明性の確保 ○ 投資者の保護 ２．基本的な考え方 (1) 機動性・戦略性の高い市場監視 (2) 市場のグローバル化に対応した監視力の強化 (3) 市場規律の強化に向けた取組み ３．重点施策 (1) 情報力に支えられた機動的な市場監視 (2) 重大・悪質な不公正取引や虚偽記載等への厳正な対応 (3) ディスクロージャー違反に対する迅速・効率的な開示検査の実施 (4) 不公正取引等に対する課徴金制度の活用 (5) 検査対象先の特性に応じた効率的かつ実効性ある証券検査の実施 (6) 詐欺的な営業を行う悪質業者等への対応 (7) 情報発信の充実 (8) 自主規制機関等との連携 第３章　市場分析審査 １．一般投資家等からの情報の受付 受付件数6,401件（6,362件） （内訳） ・個別銘柄に関するもの4,040件（3,751件） ・発行体に関するもの402件（436件） ・金融商品取引業者の営業姿勢等に関するもの907件（790件） ・その他の意見等1,052件（1,385件） ＊ カッコ書きは平成24年度の件数 （参考）証券監視委ウェブサイトの情報提供窓口の改修（平成26年３月） ・情報提供者がより便利に利用できるよう入力様式を変更 ・「提供いただきたい情報の例」を掲載 ２．市場動向分析 ○ 発行市場・流通市場全体に目を向けた市場監視 ・不公正ファイナンスへの対応、ノンコミットメント型ライツ・オファリングの動向　等 ○ 新たな金融商品等の実態把握を含めた包括的かつ機動的な市場監視 ・市場における新たな取引等（高頻度取引（ＨＦＴ）やアルゴリズム取引等）の実態把握　等 ３．取引審査 1,043件の取引審査を実施（973件） （内訳） ・価格形成に関するもの86件（84件） ・内部者取引に関するもの943件（875件） ・その他（偽計等）14件（14件） ＊ カッコ書きは平成24年度の件数 第４章　証券検査 １．検査の実施状況 第一種金商業者(69社)、登録金融機関(９社)、投資運用業者(16社)、第二種金商業者(108件)、投資助言・代理業者(29社)、適格機関投資家等特例業務届出者(23社)等、多様な業態をカバー ○ 全体で271社〔着手ベース〕の検査を実施 （注）検査対象先は、全体で延べ約8,000社(平成25年度末時点） ○ 大手証券会社グループについて、監督部局と連携したオン・オフ一体の検査・モニタリングを開始 ○ ＭＲＩ問題等を踏まえ、第二種金商業者に対して重点的に検査を実施。登録事項検査も実施した結果、前年度比88件増の108件の検査を実施 ○ 検査等の結果、重大な法令違反等が認められた18件について、行政処分を求める勧告を行い、これら事案を含め、法令違反や内部管理態勢等の問題点が認められた118社に対して、問題点を通知 ２．主な勧告事例 ○ 第一種金融商品取引業者 ・円LIBORに係る不適切な行為、親法人等からの顧客に関する非公開情報を受領する行為（アール･ビー･エス･セキュリティーズ・ジャパン・リミテッド） ・厚生年金基金の役職員に対し特別の利益を提供している状況（ドイツ証券(株)） ○ 第二種金融商品取引業者 ・出資金の流用、顧客に対する虚偽告知（MRIインターナショナル） ○ 投資助言・代理業者 ・無登録で海外ファンドの募集又は私募の取扱いを行っている状況（アブラハム・プライベートバンク(株)） ○ 投資運用業者 ・誤解表示（プラザアセットマネジメント(株)） ・年金基金関係者に対し特別の利益を提供している状況（(株)ケートス・キャピタル・パートナーズ） ３．適格機関投資家等特例業務届出者に対する検査結果等の公表 ○ 出資金の流用、顧客に対する虚偽告知等重大な法令違反等が認められた11件の検査結果を公表 ４．無登録業者等に対する裁判所への禁止命令等の申立て ○ ２件の申立てを実施 ・無登録金商業（ファンドの私募等の取扱い）の禁止（(株)ライフステージ他２名） ・無登録金商業（ファンドの私募等、運用）の禁止（アイエムビジョン(株)他１名） 第５章　取引調査 取引調査の結果に基づく勧告状況 35件の勧告を実施（25件）（国際取引等調査に基づくものを除く） （内訳） 内部者取引28件（13件）、相場操縦７件（12件） ＊ カッコ書きは平成24年度の件数 ○ 勧告事例 ・株式会社ネクスとの契約締結交渉者の役員及び同人からの情報受領者による内部者取引（平成26年２月７日勧告） → 他人名義の口座を利用して内部者取引を行うとともに、他者にも重要事実を伝達し、伝達を受けた情報受領者３名が内部者取引を行った事案 ・マミーマート株式ほか１銘柄に係る相場操縦（平成25年５月28日勧告） → 地方の居住者が、自己名義の口座のほか知人名義の口座も用いたインターネット取引により相場操縦を行った事案 第６章　国際取引等調査 国際取引等調査の結果に基づく勧告状況 ７件の勧告を実施（７件） （内訳） 内部者取引４件（６件）、相場操縦２件（１件）、偽計１件（０件） ＊ カッコ書きは平成24年度の件数 ○ 勧告事例 ・大型公募増資公表前に行われた内外プロ投資家によるインサイダー取引に対し、４件の課徴金納付命令勧告を実施 ・ウェッジホールディングス株式に係る偽計事案は、偽計事案に係る初めての課徴金勧告であり、不公正取引に係る課徴金額としては過去最高金額（40億9,605万円） ○ 海外証券規制当局との連携 ・シンガポール通貨監督庁 ‐ ジャガーノート・キャピタル・マネジメント・ピーティーイー・リミテッドによる相場操縦事案 ‐ MAM PTE． LTD． による内部者取引事案 ・タイ証券取引委員会 ‐ ウェッジホールディングス株式に係る偽計事案 ・オンタリオ証券委員会 ‐ セレクト・バンテイジ・インクによる相場操縦事案 第７章　開示検査 開示検査の結果に基づく勧告状況 10件の勧告を実施（10件） （内訳） ・開示書類の虚偽記載に対する課徴金納付命令勧告９件（９件） ・訂正報告書等の提出命令の発出を求める勧告１件（１件） ＊ カッコ書きは平成24年度の件数 ○ 勧告事例 ・架空売上の計上、売上原価の不計上、投資有価証券の過大計上、のれんの過大計上、前受金の過少計上、貸倒引当金の過少計上等、多岐にわたる虚偽記載の態様について勧告 ・「重要な事項について虚偽の記載がある」開示書類を提出した発行者に対し訂正報告書等の提出命令を勧告 (注）勧告に至らない場合でも、自発的な訂正を促している（平成25年度３件） 第８章　犯則事件の調査・告発 １．告発の状況 ３件の告発を実施（７件） （内訳） 内部者取引１件（２件）、相場操縦１件（０件）、風説の流布１件（０件） ＊ カッコ書きは平成24年度の件数 ２．告発事例 ○ イー･アクセス株券に係るイー･アクセス社員による内部者取引事件 【平成25月４月】 → 発行会社の代表取締役付き秘書であった犯則嫌疑者が、同社が他社と業務提携し、その親会社との株式交換を行うという重要事実が公表される前に多数の同社株を買い付けたという会社関係者による内部者取引事件 ○ セントラル総合開発株式会社株券に係る相場操縦事件 【平成25年７月】 → 犯則嫌疑者が自分の証券口座と借名口座を使い、仮装売買（対当売買）に加え、買い上がり買付けや下値に大量の見せ玉を発注するといった手法による相場操縦事件 ○ 電子掲示板を悪用した風説の流布事件 【平成26年３月】 → 犯則嫌疑者が、自らが買い付けた株を高値で売却することを目的として、株に関するインターネット掲示板にそれらの株が暴騰するといった根拠のない書き込みを繰り返し実行。ネット掲示板の書き込みによる風説の流布としては２件目の告発 第９章　建議 証券監視委の建議に基づいて執られた措置 ○ 信用格付を提供し、又は閲覧に供する行為に係る正確性の確保についての建議（平成25年３月29日建議） ・信用格付業者に対する検査において、社内で決定・付与された信用格付を提供し又は閲覧に供する行為（以下「公表等」という。）を行う際に、誤って異なる信用格付を公表等している事例が認められた ・しかし、現行の制度では、信用格付業者に対して、信用格付の公表等に係る正確性の確保を直接求める制度になっていないため、建議を実施 → これを踏まえ、金融庁は、「金融商品取引業等に関する内閣府令」を改正し、信用格付業者が整備を求められる業務管理体制の一環として、信用格付の公表等に係る正確性を確保するための体制を規定し、平成25年９月２日に施行 第10章　市場のグローバル化への対応に向けての取り組み １．情報交換枠組みの活用 クロスボーダー取引による違反行為に対し、証券規制当局間の情報交換枠組み等を通じた海外証券規制当局からの情報提供などにより、１件の行政処分勧告、４件の課徴金納付命令勧告を実施 ２．意見交換 米国、英国、豪州、香港、タイ等の海外証券規制当局やグローバルに活動する金融機関、国際的な業界団体等との意見交換を実施 ３．体制整備及び人材育成 ○ クロスボーダー取引等を利用した内外プロ投資家による不公正取引の実態解明を専門に担当する国際取引等調査室を取引調査課に設置（平成23年８月） ○ 海外証券規制当局における調査・検査手法の情報収集等のため、証券監視委の職員をIOSCO等が主催する海外研修に派遣 第11章　監視活動の機能強化への取組み等 １．市場監視体制の充実・強化 ○ 平成26年度の予算要求において、第二種金商業者等に係る情報収集・分析体制及び検査体制の強化を大きな柱として増員要求した結果、13人の増員 （証券監視委の平成26年度末の定員は409人） ○ 民間専門家の採用：弁護士、公認会計士、ＩＴ専門家等 （平成25年度末現在、122名在籍） ２．システム・インフラの強化 ○ デジタルフォレンジックの環境整備 ・機材の整備、研修の充実等 ３．市場参加者との対話、情報発信 ○ 市場参加者に対する講演や意見交換の実施 ○ 各種専門誌への寄稿や証券監視委メールマガジン等を通じた情報発信 ４．関係当局等との連携 ○ 金融庁、財務局、自主規制機関と定期的な意見交換を実施 ●「証券取引等監視委員会の活動状況」の本文へ ◎ 本文 （PDF/2,014KB） ◎ 附属資料 （PDF/2,869KB） ◎ 全文一括印刷用 （PDF/3,926KB）"
2014-06-04,,,「金融商品取引業者等検査マニュアル」等の一部改正（案）に対するパブリックコメントの結果等について（平成26年6月4日）,https://www.fsa.go.jp/sesc/news/c_2014/2014/20140604-1.html,平成２６年６月４日 証券取引等監視委員会 「金融商品取引業者等検査マニュアル」等の一部改正（案）に対するパブリックコメントの結果等について 証券取引等監視委員会（以下「証券監視委」という。）では、「金融商品取引業者等検査マニュアル」等の一部改正（案）につきまして、平成26年２月27日（木）から同年３月28日（金）までの間、広く意見募集を行いました。 その結果、１件のコメントをいただきました。意見募集に御協力いただきありがとうございました。 お寄せいただいたコメントの概要及びコメントに対する証券監視委の考え方は、 別紙１ のとおりです。 本日付で、改正後の「金融商品取引業者等検査マニュアル」等（ 別紙２及び３ ）を発出し、同日以降、検査に活用することとします。 お問い合わせ先 証券取引等監視委員会　Tel　03-3506-6000（代表） 証券取引等監視委員会事務局証券検査課（内線： 3039、3924） （別紙１） コメントの概要及びコメントに対する証券監視委の考え方（PDF:93KB） （別紙２） 「金融商品取引業者等検査マニュアル」の一部改正（新旧対照表）（PDF:107KB） （別紙３） 「信用格付業者検査マニュアル」の一部改正（新旧対照表）（PDF:69KB）
2014-05-30,株式会社チャートマスター,,株式会社チャートマスターに対する検査結果に基づく勧告について（平成26年5月30日）,https://www.fsa.go.jp/sesc/news/c_2014/2014/20140530-1.html,平成26年５月30日 証券取引等監視委員会 株式会社チャートマスターに対する検査結果に基づく勧告について １．勧告の内容 関東財務局長が株式会社チャートマスター（東京都練馬区、資本金５百万円、役職員３名、投資助言・代理業）を検査した結果、下記のとおり、当該金融商品取引業者に係る法令違反の事実が認められたので、本日、証券取引等監視委員会は、内閣総理大臣及び金融庁長官に対して、金融庁設置法第20条第１項の規定に基づき、行政処分を行うよう勧告した。 ２．事実関係 (1)無登録で店頭デリバティブ取引の媒介を行っている状況 株式会社チャートマスター（以下「当社」という。）は、顧客91名に対し、金融商品取引業の登録を受けていない特定の外国証券業者２社の証券口座で外国為替証拠金取引（以下「ＦＸ取引」という。）を行うための当社開発の自動売買ソフト（以下「当社ソフト」という。）を販売し、当社ソフトを購入した顧客に対し、口座開設手続きをサポートしていた。 一方で、当社は、当社代表取締役が唯一の株主でありＣＥＯを務める海外法人であるTwins International Ltd.（以下「Twins社」という。）を設立し、当社顧客が当社ソフトを利用して行ったＦＸ取引の取引量に応じた報酬を受領する契約をTwins社と当該外国証券業者との間で締結していた。 この結果、当社が紹介した顧客は、当該外国証券業者との間で当社ソフトを利用して、継続的にＦＸ取引を行うに至っており、当社は、平成23年１月13日から検査基準日（同25年７月９日）までの間、当該外国証券業者から、当該取引の取引量に応じた報酬をTwins社経由で受領していた。 当社が行った上記の行為は、外国証券業者と国内顧客間におけるＦＸ取引を媒介する行為と認められるため、金融商品取引法第28条第１項に規定する第一種金融商品取引業（同法第２条第８項第４号に掲げる「店頭デリバティブ取引の媒介」を業として行うこと）に該当するものであり、当社が同法第31条第４項に基づく変更登録を受けることなく第一種金融商品取引業を行うことは、同法第29条に違反するものと認められる。 (2)無登録業者に名義貸しを行っている状況 当社は、金融商品取引業の登録を受けていない株式会社ＥＡアーキテクツに当社の名義を使用させて、平成24年３月20日から検査基準日までの間に、338名の顧客と投資顧問契約を締結させ、日経225オプション取引の投資助言行為を行わせていた。 当社が行った上記の行為は、自己の名義をもって、他人に金融商品取引業を行わせたものであり、金融商品取引法第36条の３に違反するものと認められる。 （参考条文） 金融商品取引法（昭和23年法律第25号）（抄） （定義） 第二条　（略） ２～７　（略） ８ 　この法律において「金融商品取引業」とは、次に掲げる行為（その内容等を勘案し、投資者の保護のため支障を生ずることがないと認められるものとして政令で定めるもの及び銀行、優先出資法第二条第一項に規定する協同組織金融機関（以下「協同組織金融機関」という。）その他政令で定める金融機関が行う第十二号 、第十四号、第十五号又は第二十八条第八項各号に掲げるものを除く。）のいずれかを業として行うことをいう。 一～三　（略） 四　店頭デリバティブ取引又はその媒介、取次ぎ（有価証券等清算取次ぎを除く。）若しくは代理（以下「店頭デリバティブ取引等」という。） （以下、略） 第二十八条 　この章において「第一種金融商品取引業」とは、金融商品取引業のうち、次に掲げる行為のいずれかを業として行うことをいう。 一　（略） 二　第二条第八項第四号に掲げる行為又は店頭デリバティブ取引についての同項第五号に掲げる行為 （以下、略） （名義貸しの禁止） 第三十六条の三　金融商品取引業者等は、自己の名義をもつて、他人に金融商品取引業（登録金融機関にあつては、登録金融機関業務。以下この款において同じ。）を行わせてはならない。
2014-05-30,イオン株式会社,8267,公開買付者の役員及び同人からの情報受領者によるダイエー株式に係る内部者取引に対する課徴金納付命令の勧告について（平成26年5月30日）,https://www.fsa.go.jp/sesc/news/c_2014/2014/20140530-2.html,"平成２６年５月３０日 証券取引等監視委員会 公開買付者の役員及び同人からの情報受領者によるダイエー株式に係る内部者取引に対する課徴金納付命令の勧告について １．勧告の内容 証券取引等監視委員会は、公開買付者の役員及び同人からの情報受領者によるダイエー株式に係る内部者取引について検査した結果、下記のとおり法令違反の事実が認められたので、本日、内閣総理大臣及び金融庁長官に対して、金融庁設置法第２０条第１項の規定に基づき、課徴金納付命令を発出するよう勧告を行った。 ２．法令違反の事実関係 課徴金納付命令対象者(１)は、イオン株式会社（以下「イオン」という。）の役員であったが、その職務に関し、イオンの業務執行を決定する機関が株式会社ダイエー（以下「ダイエー」という。）株式の公開買付けを行うことについての決定をした旨の公開買付けの実施に関する事実を知りながら、この事実が公表された平成２５年３月２８日より前の同年２月１４日から３月５日までの間、自己の計算において、ダイエー株式合計１万４０００株を買付価額合計３１４万４１００円で買い付けたものである。 課徴金納付命令対象者(２)、(３)、(４)は、課徴金納付命令対象者(１)から、上記事実の伝達を受けながら、 課徴金納付命令対象者(２)においては、この事実が公表された平成２５年３月２８日より前の同年２月１４日から３月５日までの間、自己の計算において、ダイエー株式合計１万４０００株を買付価額合計３１５万４１００円で買い付け、 課徴金納付命令対象者(３)においては、この事実が公表された平成２５年３月２８日より前の同月１３日及び１４日、自己の計算において、ダイエー株式合計１万株を買付価額合計２２９万５０００円で買い付け、 課徴金納付命令対象者(４)においては、この事実が公表された平成２５年３月２８日より前の同月１３日及び１５日、自己の計算において、ダイエー株式合計５０００株を買付価額合計１１４万５０００円で買い付けたものである。 課徴金納付命令対象者が行った上記の行為は、金融商品取引法第１７５条第２項に規定する「第１６７条第１項又は第３項の規定に違反して、同条第１項に規定する特定株券等若しくは関連株券等に係る買付け等」をした行為に該当すると認められる。 ３．課徴金の額の計算 上記の違法行為に対し、金融商品取引法に基づき納付を命じられる課徴金の額は、 下記のとおりである。 課徴金納付命令対象者(１)　１９７万円 課徴金納付命令対象者(２)　１９６万円 課徴金納付命令対象者(３)　１３６万円 課徴金納付命令対象者(４)　　６８万円 計算方法の詳細については、別紙のとおり。 （別紙） ○ 課徴金の額の計算方法について 金融商品取引法第１７５条第２項に基づき、課徴金の額は、 （公開買付け等の実施に関する事実が公表された後２週間における最も高い価格）×（買付株数） －（買付価格）×（買付株数） となる。 したがって、公開買付け等の実施に関する事実の公表後２週間におけるダイエーの最も高い株価は、３６６円であることから、課徴金の額は下記の金額となる。 課徴金納付命令対象者(１) （３６６円×１４，０００株） － 買付価額３，１４４，１００円 （注） ＝１，９７９，９００円 ⇒課徴金の額は１万円未満を切り捨てるため、 １９７万円 （注）買付価額は、「201円×3,900株＋202円×100株＋234円×10,000株」の合計額である。 課徴金納付命令対象者(２) （３６６円×１４，０００株） － 買付価額３，１５４，１００円 （注） ＝１，９６９，９００円 ⇒課徴金の額は１万円未満を切り捨てるため、 １９６万円 （注）買付価額は、「201円×3,900株＋202円×100株＋235円×10,000株」の合計額である。 課徴金納付命令対象者(３) （３６６円×１０，０００株） － 買付価額２，２９５，０００円 （注） ＝１，３６５，０００円 ⇒課徴金の額は１万円未満を切り捨てるため、 １３６万円 （注）買付価額は、「225円×5,000株＋234円×5,000株」の合計額である。 課徴金納付命令対象者(４) （３６６円×５，０００株） － 買付価額１，１４５，０００円 （注） ＝６８５，０００円 ⇒課徴金の額は１万円未満を切り捨てるため、 ６８万円 （注）買付価額は、「225円×3,000株＋235円×2,000株」の合計額である。"
2014-05-20,ィエナキャピタル・ジャパン株式会社,,ヴィエナキャピタル・ジャパン株式会社に対する検査結果に基づく勧告について（平成26年5月20日）,https://www.fsa.go.jp/sesc/news/c_2014/2014/20140520-1.html,平成26年５月20日 証券取引等監視委員会 ヴィエナキャピタル・ジャパン株式会社に対する検査結果に基づく勧告について １．勧告の内容 関東財務局長がヴィエナキャピタル・ジャパン株式会社（東京都千代田区、資本金５万円、常勤役職員１名、投資助言・代理業）を検査した結果、下記のとおり、当該金融商品取引業者に係る法令違反の事実が認められたので、本日、証券取引等監視委員会は、内閣総理大臣及び金融庁長官に対して、金融庁設置法第20条第１項の規定に基づき、行政処分を行うよう勧告した。 ２．事実関係 (1)無登録で海外ファンドの私募の取扱いを行っている状況 当社は、平成20年２月上旬から同26年１月中旬までの間、当社と投資顧問契約を締結している顧客に対し、外国で発行される集団投資スキーム持分（以下「海外ファンド」という。）の資料を提示し、その商品内容、コスト、メリット、デメリット等の説明を行った上で、取得申込書の送付など、取得申込手続のサポートを行うことにより、少なくとも８顧客に対し、取得契約を成立させている。 他方、顧客による海外ファンドの取得に関しては、当社の代表取締役が唯一の株主・役職員として業務上の意思決定を行うなど当社と一体と認められるVienna Capital Holdings Limitedが、海外ファンドの発行者との間の契約に基づき、当社顧客の海外ファンドに対する投資資産残高に応じた報酬を当該海外ファンドの発行者から受領している。 このような当社の行為は、海外ファンドの発行者のために行っている海外ファンドの取得の勧誘行為であり、私募の取扱いに該当するものと認められる。 当社が行った上記の行為は、金融商品取引法（以下「金商法」という。）第28条第２項に規定する第二種金融商品取引業に該当するものであり、当社が金商法第31条第４項に基づく変更登録を受けることなく第二種金融商品取引業を行うことは、金商法第29条に違反するものと認められる。 (2)報告徴取命令で提出を求められた資料の不提出 今回検査の過程において、上記(1)の具体的な実態把握のため必要な資料の提出を再三要請したものの、当社は提出を拒否し続けている。これを踏まえ、関東財務局長は当社に対して二度にわたる報告徴取命令を発出し、当該資料の提出を求めたが、当社は正当な理由がないにもかかわらずこれを提出していない。 当社が行った上記の行為は、金商法第52条第１項第６号に掲げる「金融商品取引業に関し法令又は法令に基づいてする行政官庁の処分に違反したとき」に該当するものと認められる。 (3)投資助言・代理業を適確に遂行するに足りる人的構成が確保されていない状況等 当社は、当社の唯一の常勤役職員である代表取締役が金商法等の理解を欠いているにもかかわらず、投資助言・代理業務に関する十分な知識及び経験を有する役員又は使用人を配置していないなど、必要な法令等遵守態勢の整備を怠っている結果、上記(1)のとおり、無登録で海外ファンドの私募の取扱いを行っていることに加え、契約締結前交付書面などの法定書面の記載不備等、多くの法令違反が認められる状況となっている（※法定書面の記載不備等の法令違反の該当法令は別添参照）。また、上記(2)のとおり、当社の代表取締役には法令等遵守意識が著しく欠如している。 以上のことから、当社は、金融商品取引業を適確に遂行するに足りる人的構成が確保されていない状況にあると認められる。 当社の上記の状況は、金商法第29条の４第１項第１号ニに掲げる「金融商品取引業を適確に遂行するに足りる人的構成を有しない者」に該当するものと認められ、このような当社の状況は、金商法第52条第１項第１号に該当するものと認められる。 （別添） ※法定書面の記載不備等（今回認められた法令違反） ア標識の未掲示（金商法第36条の２第１項に違反） イ契約締結前交付書面の記載不備（金商法第37条の３第１項に違反） ウ契約締結時交付書面の記載不備（金商法第37条の４第１項に違反） エ投資顧問契約に基づく助言の内容を記載した書面の未作成（金商法第47条に違反） オ契約締結前交付書面の写し、契約締結時交付書面の写し及び投資顧問契約の内容を記載した書面の未保存（金商法第47条に違反） カ事業報告書の記載不備（金商法第47条の２に違反） キ説明書類の公衆縦覧の不履行（金商法第47条の３に違反） ク訴訟当事者になった旨の届出の未提出（金商法第50条第１項第８号に違反） （参考条文） ○金融商品取引法（昭和23年法律第25号）（抄） （定義） 第二条　（略） ２～７　（略） ８　この法律において「金融商品取引業」とは、次に掲げる行為（その内容等を勘案し、投資者の保護のため支障を生ずることがないと認められるものとして政令で定めるもの及び銀行、優先出資法第二条第一項に規定する協同組織金融機関（以下「協同組織金融機関」という。）その他政令で定める金融機関が行う第十二号、第十四号、第十五号又は第二十八条第八項各号に掲げるものを除く。）のいずれかを業として行うことをいう。 一～八　（略） 九　有価証券の募集若しくは売出しの取扱い又は私募若しくは特定投資家向け売付け勧誘等の取扱い （以下、略） 第二十八条　（略） ２　この章において「第二種金融商品取引業」とは、金融商品取引業のうち、次に掲げる行為のいずれかを業として行うことをいう。 一　（略） 二　第二条第二項の規定により有価証券とみなされる同項各号に掲げる権利についての同条第八項第一号から第三号まで、第五号、第八号又は第九号に掲げる行為 （以下、略） （登録） 第二十九条　金融商品取引業は、内閣総理大臣の登録を受けた者でなければ、行うことができない。 （登録の拒否） 第二十九条の四　内閣総理大臣は、登録申請者が次の各号のいずれかに該当するとき、又は登録申請書若しくはこれに添付すべき書類若しくは電磁的記録のうちに虚偽の記載若しくは記録があり、若しくは重要な事実の記載若しくは記録が欠けているときは、その登録を拒否しなければならない。 一　次のいずれかに該当する者 イ～ハ　（略） ニ　金融商品取引業を適確に遂行するに足りる人的構成を有しない者 （以下、略） （標識の掲示） 第三十六条の二　金融商品取引業者等は、営業所又は事務所ごとに、公衆の見やすい場所に、内閣府令で定める様式の標識を掲示しなければならない。 （以下、略） （契約締結前の書面の交付） 第三十七条の三　金融商品取引業者等は、金融商品取引契約を締結しようとするときは、内閣府令で定めるところにより、あらかじめ、顧客に対し、次に掲げる事項を記載した書面を交付しなければならない。ただし、投資者の保護に支障を生ずることがない場合として内閣府令で定める場合は、この限りでない。 （以下、略） （契約締結時等の書面の交付） 第三十七条の四　金融商品取引業者等は、金融商品取引契約が成立したときその他内閣府令で定めるときは、遅滞なく、内閣府令で定めるところにより、書面を作成し、これを顧客に交付しなければならない。ただし、その金融商品取引契約の内容その他の事情を勘案し、当該書面を顧客に交付しなくても公益又は投資者保護のため支障を生ずることがないと認められるものとして内閣府令で定める場合は、この限りでない。 （以下、略） （業務に関する帳簿書類） 第四十七条　金融商品取引業者（第一種金融商品取引業を行う者を除く。以下この款において同じ。）は、内閣府令で定めるところにより、その業務に関する帳簿書類を作成し、これを保存しなければならない。 （事業報告書の提出） 第四十七条の二　金融商品取引業者は、事業年度ごとに、内閣府令で定めるところにより、事業報告書を作成し、毎事業年度経過後三月以内に、これを内閣総理大臣に提出しなければならない。 （説明書類の縦覧） 第四十七条の三　金融商品取引業者は、内閣府令で定めるところにより、事業年度ごとに、前条の事業報告書に記載されている事項のうち投資者保護のため必要と認められるものとして内閣府令で定めるものを記載した説明書類を作成し、毎事業年度経過後政令で定める期間を経過した日から一年間、これをすべての営業所又は事務所に備え置き、公衆の縦覧に供しなければならない。 （休止等の届出） 第五十条　金融商品取引業者等は、次の各号のいずれかに該当することとなつたときは、遅滞なく、その旨を内閣総理大臣に届け出なければならない。 一～七（略） 八　その他内閣府令で定める場合に該当するとき。 （以下、略） （金融商品取引業者に対する監督上の処分） 第五十二条　内閣総理大臣は、金融商品取引業者が次の各号のいずれかに該当する場合においては、当該金融商品取引業者の第二十九条の登録を取り消し、第三十条第一項の認可を取り消し、又は六月以内の期間を定めて業務の全部若しくは一部の停止を命ずることができる。 一　第二十九条の四第一項第一号、第二号又は第三号に該当することとなつたとき。 二～五　（略） 六　金融商品取引業又はこれに付随する業務に関し法令（第四十六条の六第二項を除く。）又は法令に基づいてする行政官庁の処分に違反したとき。 （以下、略）
2014-05-16,おひさまエネルギーファンド株式会社,,おひさまエネルギーファンド株式会社に対する検査結果に基づく勧告について（平成26年5月16日）,https://www.fsa.go.jp/sesc/news/c_2014/2014/20140516-1.html,平成２６年５月１６日 証券取引等監視委員会 おひさまエネルギーファンド株式会社に対する検査結果に基づく勧告について １．勧告の内容 証券取引等監視委員会がおひさまエネルギーファンド株式会社（長野県飯田市、資本金１千万円、常勤役職員２名、第二種金融商品取引業）を検査した結果、下記のとおり、法令違反等の事実が認められたので、本日、証券取引等監視委員会は、内閣総理大臣及び金融庁長官に対して、金融庁設置法第２０条第１項の規定に基づき、行政処分を行うよう勧告した。 ２．事実関係 当社は、市民出資による自然エネルギー事業への投資を目的として組成された匿名組合契約（以下「ファンド」という。）に基づく権利（以下「ファンド持分」という。）に係る取得勧誘を業として行う第二種金融商品取引業者であり、第二種金融商品取引業に係る登録を受けた日（平成２０年６月）以降、検査基準日（平成２５年１１月）までの間、計７種類１４本のファンド持分（以下、当社が取得勧誘を行ったファンドを「本件ファンド」といい、それに基づく権利を「本件ファンド持分」という。）につき取得勧誘を行っている。 また、本件ファンドのほとんどにおいて、当社自身のほか当社と実質的に一体と認められる関係会社が営業者を務めており、当社は、本件ファンドの運用状況を把握できる状況にある。 今回の検証の結果、本件ファンドにおいてファンド資金の私的流用等の問題は認められなかったものの、当社等においては、少ない人的資源を自然エネルギー事業に係る業務等に費やす状況となっており、資金管理に係る業務について、代表取締役　原　亮弘（以下「原社長」という。）一人で集中的に管理することとなっていたため、ファンドの資金の管理等につき以下のとおり不適切な状況が認められた。 (1)分別管理が確保されていないにもかかわらずファンド持分の取得勧誘を行っている状況 当社が本件ファンド持分の取得勧誘の際に使用している匿名組合契約書等の内容を検証したところ、営業者の固有財産とファンド資金との分別管理を行うことが確保されておらず、また、ファンド持分に関し出資された金銭であることが名義により明らかとなる預貯金口座が開設されていない状況が認められた。 そして、実際の分別管理の状況を検証したところ、各出資者からの出資金は、各営業者名義の預貯金口座に対して振り込まれており、現に、各営業者の固有財産とファンド資金の分別管理が確保されていない状況が認められた。 更に、本件ファンドのうち、当社又は当社と実質的に一体と認められる関係会社が営業者を務めるファンドは、契約締結前交付書面等により、ファンド立上げ直後の事業利益が発生していない計算期間等においては現金分配が行えないこととされているにもかかわらず、原社長は業務多忙で個別のファンド収益の算出が困難であるとして、当初の計画として掲げた目標に概ね沿った金額の現金分配を行っていた。 このように、事業利益が発生しておらず、契約上、現金分配を行うことができない事業状況であったにもかかわらず、目標に沿った現金分配を行ったことに伴い、一部の本件ファンド間で資金の貸借が行われてファンドからの現金分配に充当されるなど、本件ファンドの出資金の管理には不適切な状況が認められた。 以上のとおり、当社は、本件ファンドについて分別管理が確保されていない状況にあり、また、当該状況を当然に知りうる立場にあったにもかかわらず、当該状況が発生した後においても、ファンド資金に係る管理態勢を見直すことなく、新たなファンド持分の取得勧誘を継続していた。 (2)当局への虚偽報告 当社は、関東財務局長による平成２５年６月２８日付の報告徴取命令に基づく報告書において、本件ファンドの分別管理に係る事項につき、「顧客の出資金および運用が、営業者の固有財産とは区分されたファンドの管理口座において管理されていることが確認された」等の虚偽の報告を行っていた。 当社における上記(1)の状況は、金融商品取引法第４０条の３（分別管理が確保されていない場合の売買等の禁止）に違反するものと認められ、また、上記(2)については、同法第５２条第１項第６号に掲げる「金融商品取引業に関し法令に基づいてする行政官庁の処分に違反したとき」に該当するものと認められる。 （参考条文） ○金融商品取引法（昭和23年法律第25号）（抄） （分別管理が確保されていない場合の売買等の禁止） 第四十条の三　金融商品取引業者等は、第二条第二項第五号若しくは第六号に掲げる権利又は同条第一項第二十一号に掲げる有価証券（政令で定めるものに限る。）若しくは同条第二項第七号に掲げる権利（政令で定めるものに限る。）については、当該権利又は有価証券に関し出資され、又は拠出された金銭（これに類するものとして政令で定めるものを含む。以下この条において同じ。）が、当該金銭を充てて行われる事業を行う者の固有財産その他当該者の行う他の事業に係る財産と分別して管理することが当該権利又は有価証券に係る契約その他の法律行為において確保されているものとして内閣府令で定めるものでなければ、第二条第八項第一号、第二号又は第七号から第九号までに掲げる行為を行つてはならない。 （金融商品取引業者に対する監督上の処分） 第五十二条　内閣総理大臣は、金融商品取引業者が次の各号のいずれかに該当する場合においては、当該金融商品取引業者の第二十九条の登録を取り消し、第三十条第一項の認可を取り消し、又は六月以内の期間を定めて業務の全部若しくは一部の停止を命ずることができる。 一～五　（略） 六　金融商品取引業又はこれに付随する業務に関し法令（第四十六条の六第二項を除く。）又は法令に基づいてする行政官庁の処分に違反したとき。 七～十一　（略） ２～５　（略） ○金融商品取引業等に関する内閣府令（平成19年内閣府令第52号）（抄） （分別管理が確保されているもの） 第百二十五条　法第四十条の三に規定する内閣府令で定めるものは、同条に規定する権利又は有価証券に関し出資され、又は拠出された金銭を充てて事業を行う者（当該事業に係る業務を執行する者を含む。以下この条において「事業者」という。）に対し、当該事業者の定款（当該事業に係る規約その他の権利又は有価証券に係る契約その他の法律行為を含む。）により次に掲げる基準を満たすことが義務付けられていることにより、当該金銭が当該事業者の固有財産その他当該事業者の行う他の事業に係る財産と分別して管理されていることが確保されているものとする。 一　（略） 二　当該金銭が、次に掲げる方法により、適切に管理されていること。 イ　（略） ロ　銀行、協同組織金融機関、株式会社商工組合中央金庫又は外国の法令に準拠し、外国において銀行法第十条第一項第一号に掲げる業務を行う者への預金又は貯金（当該金銭であることがその名義により明らかなものに限る。） ハ　（略）
2014-05-20,株式会社ジャムコ社員による内部者取引,,株式会社ジャムコ社員による内部者取引に対する課徴金納付命令の勧告について（平成26年5月20日）,https://www.fsa.go.jp/sesc/news/c_2014/2014/20140520-3.html,"平成２６年５月２０日 証券取引等監視委員会 株式会社ジャムコ社員による内部者取引に対する課徴金納付命令の勧告について １．勧告の内容 証券取引等監視委員会は、株式会社ジャムコ社員による内部者取引について検査した結果、下記のとおり法令違反の事実が認められたので、本日、内閣総理大臣及び金融庁長官に対して、金融庁設置法第２０条第１項の規定に基づき、課徴金納付命令を発出するよう勧告を行った。 ２．法令違反の事実関係 課徴金納付命令対象者は、株式会社ジャムコ（以下「ジャムコ」という。）の社員であったが、その職務に関し、同社の属する企業集団の平成２５年３月期の経常利益について、平成２４年５月１１日に公表がされた直近の予想値に比較して、同社が新たに算出した予想値において投資者の投資判断に及ぼす影響が重要なものとして内閣府令で定める基準に該当する差異が生じた旨の重要事実を知りながら、新たに算出した予想値が経常利益２２億円として公表がされた平成２５年２月８日より前の同月７日、自己の計算において、ジャムコ株式合計４２００株を買付価額合計１９６万８９００円で買い付けたものである。 課徴金納付命令対象者が行った上記の行為は、金融商品取引法第１７５条第１項に規定する「第１６６条第１項又は第３項の規定に違反して、同条第１項に規定する売買等をした」行為に該当すると認められる。 ３．課徴金の額の計算 上記の違法行為に対し、金融商品取引法に基づき納付を命じられる課徴金の額は、４０万円である。 計算方法の詳細については、別紙のとおり。 （別紙） ○ 課徴金の額の計算方法について 金融商品取引法第１７５条第１項に基づき、課徴金の額は、 （重要事実が公表された後２週間における最も高い価格）×（買付株数） －（買付価格）×（買付株数） となる。 したがって、重要事実の公表後２週間におけるジャムコの最も高い株価は、５６６円であることから、課徴金の額は下記の金額となる。 （５６６円×４，２００株） － 買付価額１，９６８，９００円 （注） ＝４０８，３００円 ⇒課徴金の額は１万円未満を切り捨てるため、 ４０万円 （注）買付価額は、「462円×600株＋463円×400株＋465円×1,100株＋470円×1,100株＋478円×1,000株」の合計額である。"
2014-05-20,株式会社フライトシステムコンサルティング,,株式会社フライトシステムコンサルティングとの契約締結交渉者の社員による内部者取引に対する課徴金納付命令の勧告について（平成26年5月20日）,https://www.fsa.go.jp/sesc/news/c_2014/2014/20140520-2.html,"平成２６年５月２０日 証券取引等監視委員会 株式会社フライトシステムコンサルティングとの契約締結交渉者の社員による内部者取引に対する課徴金納付命令の勧告について １．勧告の内容 証券取引等監視委員会は、株式会社フライトシステムコンサルティングとの契約締結交渉者の社員による内部者取引について検査した結果、下記のとおり法令違反の事実が認められたので、本日、内閣総理大臣及び金融庁長官に対して、金融庁設置法第２０条第１項の規定に基づき、課徴金納付命令を発出するよう勧告を行った。 ２．法令違反の事実関係 課徴金納付命令対象者は、ソフトバンクモバイル株式会社（以下「ソフトバンクモバイル」という。）の社員であるが、株式会社フライトシステムコンサルティング（以下「フライトシステムコンサルティング」という。）とソフトバンクモバイルとの売買契約の締結の交渉に関し、フライトシステムコンサルティングの業務執行を決定する機関が、新たに決済装置を発売することについての決定をした旨の重要事実を知りながら、この事実が公表された平成２５年４月１１日より前の同月１０日、フライトシステムコンサルティング株式合計１００株を買付価額合計１７９万９０００円で買い付けたものである。 課徴金納付命令対象者が行った上記の行為は、金融商品取引法第１７５条第１項に規定する「第１６６条第１項又は第３項の規定に違反して、同条第１項に規定する売買等をした」行為に該当すると認められる。 ３．課徴金の額の計算 上記の違法行為に対し、金融商品取引法に基づき納付を命じられる課徴金の額は、１３７万円である。 計算方法の詳細については、別紙のとおり。 （別紙） ○ 課徴金の額の計算方法について 金融商品取引法第１７５条第１項に基づき、課徴金の額は、 （重要事実が公表された後２週間における最も高い価格）×（買付株数） －（買付価格）×（買付株数） となる。 したがって、重要事実の公表後２週間におけるフライトシステムコンサルティングの最も高い株価は、３１，７００円であることから、課徴金の額は下記の金額となる。 （３１，７００円×１００株） － 買付価額１，７９９，０００円 （注） ＝１，３７１，０００円 ⇒課徴金の額は１万円未満を切り捨てるため、 １３７万円 （注）買付価額は、「17,990円×100株」の合計額である。"
2014-06-06,株式会社ＵＡＧ及びそ,,株式会社ＵＡＧ及びその役員等２名の金融商品取引法違反行為に係る裁判所への申立てについて（平成26年6月6日）,https://www.fsa.go.jp/sesc/news/c_2014/2014/20140606-1.html,平成２６年６月６日 証券取引等監視委員会 株式会社ＵＡＧ及びその役員等２名の金融商品取引法違反行為に係る裁判所への申立てについて １．申立ての内容等 証券取引等監視委員会が、株式会社ＵＡＧ（大阪市福島区、資本金５０００万円、役職員３名、適格機関投資家等特例業務届出者。金融商品取引業の登録はない。以下「当社」という。）に対して金融商品取引法（以下「金商法」という。）第１８７条第１項に基づく調査を行った結果、下記２．の事実が認められたことから、本日、証券取引等監視委員会は、金商法第１９２条第１項の規定に基づき、大阪地方裁判所に対し、当社、当社の代表取締役及び従業員（当社の１００％株主でもある。以下当社、当社の代表取締役及び従業員を併せて「当社ら」という。）を被申立人として金商法違反行為（無登録で、同法第２条第２項の規定により有価証券とみなされる同項第５号又は６号に掲げる権利の募集又は私募の取扱いを行うこと）の禁止及び停止を命ずるよう申立てを行った。 ２．事実関係 当社の代表取締役及び従業員は、遅くとも平成２４年７月頃以降、当社の業務として、多数の一般投資家に対し、当社の関連会社である外国法人のＵＰＤＡＴＥ　ＡＳＩＡ　ＧＲＯＵＰ　ＬＩＭＩＴＥＤが営業者であり、外国為替証拠金取引などで出資金の運用を行うとする２本の匿名組合契約に基づく権利の取得の申込みを勧誘し、多数の一般投資家に当該権利を取得させている。その結果、当該権利を取得した一般投資家は、平成２４年７月頃から平成２６年５月頃までの間で、延べ２６２名に及び、その出資額は約１８億円となっている。 なお、当社らは、当社顧客を含む個人又は法人に対して、一般投資家を当社に紹介するよう委託するとともに、出資金額に応じた紹介手数料を毎月支払っている。 当社らの上記行為は、金商法第２８条第２項第２号に規定する「第二種金融商品取引業」に該当し、同法第２９条に違反するものである。 そして、当社らは、こうした勧誘行為を現在まで継続しており、さらに、平成２６年２月頃から同年３月頃にかけては、新たな匿名組合を組成し、当該匿名組合に係る権利の取得の申込みの勧誘を行っているなど、最近になって、より大規模かつ頻繁な勧誘を行っている。 以上からすれば、当社らは上記違法行為を今後も行う蓋然性が高く、これを可及的速やかに禁止・停止させる必要がある。 参考資料（PDF:47KB） （クリックすると拡大されます） 参考条文 ○第二種金融商品取引業 金融商品取引法(抄) （定義） 第二条 この法律において「有価証券」とは、次に掲げるものをいう。 一～二十一　(略) ２ （前略）、次に掲げる権利は、証券又は証書に表示されるべき権利以外の権利であつても有価証券とみなして、この法律の規定を適用する。 一～四　(略) 五　民法（中略）第六百六十七条第一項に規定する組合契約、 商法（中略）第五百三十五条に規定する匿名組合契約 、投資事業有限責任組合契約に関する法律（中略）第三条第一項に規定する投資事業有限責任組合契約又は有限責任事業組合契約に関する法律（中略）第三条第一項に規定する有限責任事業組合契約に基づく権利、社団法人の社員権その他の権利（外国の法令に基づくものを除く。） のうち、当該権利を有する者（中略）が出資又は拠出をした金銭（中略）を充てて行う事業（以下この号において「出資対象事業」という。）から生ずる収益の配当又は当該出資対象事業に係る財産の分配を受けることができる権利であつて、次のいずれにも該当しないもの（略） イ～ニ　（略） 六　外国の法令に基づく権利であつて、前号に掲げる権利に類するもの 七　（略） ３～７　（略） ８ この法律において「金融商品取引業」とは、次に掲げる行為（略）のいずれかを業として行うことをいう。 一～八　(略) 九　有価証券の募集若しくは売出しの取扱い又は私募若しくは特定投資家向け売付け勧誘等の取扱い 十～十八（略） ９～39　（略） 第二十八条 （略） ２ この章において「第二種金融商品取引業」とは、金融商品取引業のうち、次に掲げる行為のいずれかを業として行うことをいう。 一　（略） 二　第二条第二項の規定により有価証券とみなされる同項各号に掲げる権利についての同条第八項第一号から第三号まで、第五号、第八号又は第九号に掲げる行為 三・四　（略） ３～８　（略） （登録） 第二十九条 金融商品取引業は、内閣総理大臣の登録を受けた者でなければ、行うことができない。 ○緊急差止命令に係る申立て 金融商品取引法(抄) （審問等に関する調査のための処分） 第百八十七条 内閣総理大臣又は内閣総理大臣及び財務大臣は、この法律の規定による審問、この法律の規定による処分に係る聴聞又は第百九十二条の規定による申立てについて、必要な調査をするため、当該職員に、次に掲げる処分をさせることができる。 一　関係人若しくは参考人に出頭を命じて意見を聴取し、又はこれらの者から意見書若しくは報告書を提出させること。 二　鑑定人に出頭を命じて鑑定させること。 三　関係人に対し帳簿書類その他の物件の提出を命じ、又は提出物件を留めて置くこと。 四　関係人の業務若しくは財産の状況又は帳簿書類その他の物件を検査すること。 ２ （略） （裁判所の禁止又は停止命令） 第百九十二条 裁判所は、緊急の必要があり、かつ、公益及び投資者保護のため必要かつ適当であると認めるときは、内閣総理大臣又は内閣総理大臣及び財務大臣の申立てにより、この法律又はこの法律に基づく命令に違反する行為を行い、又は行おうとする者に対し、その行為の禁止又は停止を命ずることができる。 ２ 裁判所は、前項の規定により発した命令を取り消し、又は変更することができる。 ３ 前二項の事件は、被申立人の住所地又は第一項に規定する行為が行われ、若しくは行われようとする地の地方裁判所の管轄とする。 ４ 第一項及び第二項の裁判については、非訟事件手続法（平成二十三年法律第五十一号）の定めるところによる。 第百九十八条 次の各号のいずれかに該当する者は、三年以下の懲役若しくは三百万円以下の罰金に処し、又はこれを併科する。 一～七　（略） 八　第百九十二条第一項又は第二項の規定による裁判所の命令に違反した者 第二百七条 法人（中略）の代表者又は法人若しくは人の代理人、使用人その他の従業者が、その法人又は人の業務又は財産に関し、次の各号に掲げる規定の違反行為をしたときは、その行為者を罰するほか、その法人に対して当該各号に定める罰金刑を、その人に対して各本条の罰金刑を科する。 一・二 （略） 三 第百九十八条（中略）又は第百九十八条の三から第百九十八条の五まで　三億円以下の罰金刑 四～六 （略） ２・３ （略）
2014-06-05,株式会社三栄建築設計,,株式会社三栄建築設計に係る有価証券報告書等の虚偽記載及び同社株式に係る変更報告書の虚偽記載に係る課徴金納付命令勧告について（平成26年6月5日）,https://www.fsa.go.jp/sesc/news/c_2014/2014/20140605-1.html,"平成26年６月５日 証券取引等監視委員会 株式会社三栄建築設計に係る有価証券報告書等の虚偽記載及び同社株式に係る変更報告書の虚偽記載に係る課徴金納付命令勧告について １．勧告の内容 証券取引等監視委員会は、株式会社三栄建築設計に係る有価証券報告書等の虚偽記載及び同社株式に係る変更報告書の虚偽記載について検査した結果、以下のとおり法令違反の事実が認められたので、本日、内閣総理大臣及び金融庁長官に対して、金融庁設置法第20条第１項の規定に基づき、課徴金納付命令を発出するよう勧告を行った。 ２．法令違反の事実関係 (1) 株式会社三栄建築設計（以下「三栄建築設計」という。） ア 継続開示書類 三栄建築設計は、関東財務局長に対し、別紙１のとおり、金融商品取引法第172条の４第１項に規定する「重要な事項につき虚偽の記載がある」以下の有価証券報告書を提出したものである。 平成23年８月期有価証券報告書（平成23年11月25日提出） イ 発行開示書類 三栄建築設計は、関東財務局長に対し、以下のとおり金融商品取引法第172条の２第１項第１号に規定する「重要な事項につき虚偽の記載がある」発行開示書類を提出し、当該発行開示書類に基づく募集により有価証券を取得させたものである。 (ア) 平成24年７月13日、重要な事項につき虚偽の記載がある平成23年８月期有価証券報告書（別紙１参照）を組込情報とする有価証券届出書（一般募集）を提出し、同有価証券届出書に基づく募集により、同年８月３日、2,000,000株の株式を1,410,200,000円で取得させた。 (イ) 平成24年７月13日、重要な事項につき虚偽の記載がある平成23年８月期有価証券報告書（別紙１参照）を組込情報とする有価証券届出書（その他の者に対する割当）を提出し、同有価証券届出書に基づく募集により、同年８月28日、300,000株の株式を211,530,000円で取得させた。 (2) 三栄建築設計株式に係る大量保有者 三栄建築設計株式に係る大量保有者は、それぞれ別紙２の「提出日」欄記載の年月日に、関東財務局長に対し、金融商品取引所に上場されている「発行体」欄記載の発行者が発行する株券について、「虚偽記載」欄記載のとおり、金融商品取引法第172条の８に規定する「重要な事項につき虚偽の記載がある」以下の変更報告書を提出したものである。 変更報告書No.3（平成21年11月16日提出） 変更報告書No.4（平成22年５月19日提出） 変更報告書No.5（平成22年８月13日提出） 変更報告書No.6（平成24年７月27日提出） ３．課徴金の額の計算 上記の違法行為について金融商品取引法に基づき算定される課徴金の額は、下記のとおりである。（計算方法については別紙３のとおり。） 三栄建築設計 ７，８９６万円 三栄建築設計株式に係る大量保有者 ４１万円 （別紙１）株式会社三栄建築設計の有価証券報告書の虚偽記載内容 開示書類 虚偽記載 提出日 書類 会計期間 内容 平成23年 11月25日 第18期事業年度会計期間に係る有価証券報告書（平成23年８月期有価証券報告書） 平成22年９月１日～平成23年８月31日の会計期間 ・第４【提出会社の状況】１【株式等の状況】（７）【大株主の状況】に掲記された大量保有者の所有株式数が6,840,200株であるところを6,554,000株と記載し、同人の発行済株式総数に対する所有株式数の割合が72.32％であるところを69.29％と記載 ・第４【提出会社の状況】５【役員の状況】に掲記された大量保有者の所有株式数が6,840,200株であるところを6,554,000株と記載 （別紙２）株式会社三栄建築設計株式に係る大量保有者の変更報告書の虚偽記載内容 番号 発行体 報告書 提出日 虚偽記載 １ 株式会社 三栄建築設計 変更報告書 No.3 平成21年 11月16日 ・保有株券等の数が18,329株であるところを17,900株と記載し、株券等保有割合が77.94％であるところを75.70％と記載 ２ 株式会社 三栄建築設計 変更報告書 No.4 平成22年 ５月19日 ・保有株券等の数が3,481,500株であるところを3,350,000株と記載し、株券等保有割合が74.04％であるところを70.83％と記載 ３ 株式会社 三栄建築設計 変更報告書 No.5 平成22年 ８月13日 ・保有株券等の数が3,419,200株であるところを3,277,000株と記載し、株券等保有割合が72.72％であるところを69.29％と記載 ４ 株式会社 三栄建築設計 変更報告書 No.6 平成24年 ７月27日 ・保有株券等の数が13,540,200株であるところを12,946,800株と記載し、株券等保有割合が72.00％であるところを68.44％と記載 （別紙３）課徴金の計算方法 (1) 三栄建築設計 ア 金融商品取引法第172条の４第１項の規定により、平成23年８月期有価証券報告書に係る課徴金の額は、 (ア) 当該法人が発行する算定基準有価証券の市場価額の総額に10万分の６を乗じて得た額（693,331円） が (イ) 6,000,000円 を超えないことから、6,000,000円となる。 イ 金融商品取引法第172条の２第１項第１号の規定により、重要な事項につき虚偽の記載がある発行開示書類に基づく募集により取得させた株券等の発行価額の総額の100分の4.5に相当する額が課徴金の額となることから、 (ア) 平成24年７月13日提出の有価証券届出書（一般募集）に係る課徴金の額は、 1,410,200,000円×4.5／100＝63,459,000円 について、金融商品取引法第176条第２項の規定により１万円未満の端数を切り捨てて、63,450,000円 (イ) 平成24年７月13日提出の有価証券届出書（その他の者に対する割当）に係る課徴金の額は、 211,530,000円×4.5／100＝9,518,850円 について、金融商品取引法第176条第２項の規定により１万円未満の端数を切り捨てて、9,510,000円 となる。 (2) 三栄建築設計株式に係る大量保有者 金融商品取引法第172条の８の規定により、重要な事項につき虚偽の記載がある変更報告書に係る課徴金の額は、 当該変更報告書に係る株券等の発行者が発行する株券の当該変更報告書が提出された日の翌日における同法第130条に規定する最終の価格に、当該翌日における当該発行者の発行済株式の総数を乗じて得た額に10万分の１を乗じて得た額となることから、 ア 平成21年11月16日提出の変更報告書に係る課徴金の額は、 311,000円×23,647株×１／100,000＝73,542円 について、金融商品取引法第176条第２項の規定により１万円未満の端数を切り捨てて、70,000円 イ 平成22年５月19日提出の変更報告書に係る課徴金の額は、 2,185円×4,729,400株×１／100,000＝103,337円 について、金融商品取引法第176条第２項の規定により１万円未満の端数を切り捨てて、100,000円 ウ 平成22年８月13日提出の変更報告書に係る課徴金の額は、 2,250円×4,729,400株×１／100,000＝106,411円 について、金融商品取引法第176条第２項の規定により１万円未満の端数を切り捨てて、100,000円 エ 平成24年７月27日提出の変更報告書に係る課徴金の額は、 767円×18,917,600株×１／100,000＝145,097円 について、金融商品取引法第176条第２項の規定により１万円未満の端数を切り捨てて、140,000円 となる。"
2014-04-18,,,適格機関投資家等特例業務に関する特例についての建議（平成26年4月18日）,https://www.fsa.go.jp/sesc/news/c_2014/2014/20140418-1.html,平成２６年４月１８日 証券取引等監視委員会 金融庁設置法第21条の規定に基づく建議について 証券取引等監視委員会は、金融庁設置法第21条の規定に基づき、本日、内閣総理大臣及び金融庁長官に対して、下記のとおり建議を行った。 記 適格機関投資家等特例業務に関する特例について 集団投資スキーム（以下「ファンド」という。）のうち適格機関投資家等（１名以上の適格機関投資家及び49名以下の適格機関投資家以外の者）を出資者とするもの（いわゆる「プロ向けファンド」）の販売・投資運用を行う特例業務届出者については、これまでの検査において、 顧客に対する虚偽の告知 適格機関投資家等特例業務の要件を満たさずに行った登録が必要となるファンドの販売・投資運用 出資金の流用・使途不明 など、多数の金融商品取引法違反事例や一般投資家に被害が生じている悪質な事例が認められた。 また、その中には、出資金を毀損させている状態の中、その後も金融商品取引法違反行為を行う蓋然性が高く、裁判所への禁止・停止命令の申立てに至ったものもある。 したがって、こうした状況に鑑みれば、ファンドに係る投資者保護の一層の徹底を図る観点から、適格機関投資家等特例業務に関する特例について、出資者に係る要件を厳格化する等、一般投資家の被害の発生等を防止するための適切な措置を講ずる必要がある。
2014-04-22,株式会社の株式につき,,三洋貿易株式に係る相場操縦に対する課徴金納付命令の勧告について（平成26年4月22日）,https://www.fsa.go.jp/sesc/news/c_2014/2014/20140422-2.html,"平成２６年４月２２日 証券取引等監視委員会 三洋貿易株式に係る相場操縦に対する課徴金納付命令の勧告について １．勧告の内容 証券取引等監視委員会は、三洋貿易株式に係る相場操縦について検査した結果、下記のとおり法令違反の事実が認められたので、本日、内閣総理大臣及び金融庁長官に対して、金融庁設置法第２０条第１項の規定に基づき、課徴金納付命令を発出するよう勧告を行った。 ２．法令違反の事実関係 課徴金納付命令対象者は、三洋貿易株式会社の株式につき、同株式の売買を誘引する目的をもって、平成２５年６月１７日午前９時１１分頃から同月１８日午後２時５８分頃までの間、２取引日にわたり、直前の約定値より高値の買い注文と売り注文を対当させて株価を引き上げたり、直前の約定値より高指値の買い注文を発注して株価を引き上げるなどの方法により、同株式合計８万３６００株を買い付ける一方、同株式合計５万８９００株を売り付け、もって、自己の計算において、同株式の売買が繁盛であると誤解させ、かつ、同株式の相場を変動させるべき一連の売買をしたものである。 課徴金納付命令対象者が行った上記の行為は、金融商品取引法第１７４条の２第１項に規定する「第１５９条第２項第１号の規定に違反する一連の有価証券売買等」に該当すると認められる。 ３．課徴金の額の計算 上記の違法行為に対し金融商品取引法に基づき納付を命じられる課徴金の額は、１０４２万円である。 計算方法の詳細については、別紙のとおり。 （別紙） ○ 課徴金の額の計算方法について １．金融商品取引法第１７４条の２第１項に基づき、課徴金の額は、 (1) 売買対当数量（注１）に係るものについて、 （有価証券の売付価額）－（有価証券の買付価額） と、 (2) 当該違反行為に係る有価証券の売付数量が買付数量を超える場合の、当該超える数量に係るものについて、 （有価証券の売付価額）－（当該違反行為が終了してから１月を経過するまでの間の当該有価証券の最低価格×当該超える数量） または、 当該違反行為に係る有価証券の買付数量が売付数量を超える場合の、当該超える数量に係るものについて、 （当該違反行為が終了してから１月を経過するまでの間の当該有価証券の最高価格×当該超える数量）－（有価証券の買付価額） との合計額として計算される。 （注１）売買対当数量：当該違反行為に係る有価証券の売付数量と買付数量のうち、いずれか少ない数量をいう。 ２．課徴金納付命令対象者の違反行為について、本件における課徴金の額は、下記(1)及び(2)によりそれぞれ算定される額の合計　10,429,000円 ⇒課徴金の額は、１万円未満を切り捨てるため、 １，０４２万円 (1) 当該違反行為に係る売買対当数量は、 (i) 当該違反行為に係る有価証券の売付数量は、58,900株であり、 (ii) 当該違反行為に係る有価証券の買付数量は、実際の買付け等の数量83,600株 に、金融商品取引法第１７４条の２第８項及び同法施行令第３３条の１３第１号により、違反行為開始時にその時の価格（715円）で買付け等をしたものとみなされる当該違反行為の開始時に所有している当該有価証券の数量107,700株を加えた191,300株である。 当該売買対当数量に係るものについて、 売付価額43,145,700円（注２）－ 買付価額42,113,500円（注３） ＝ 1,032,200円 （注２）売付価額は、 「717円×1,000株＋718円×5,500株＋719円×3,500株＋721円×2,700株 ＋723円×4,800株＋724円×2,500株＋725円×1,000株＋727円×2,200株 ＋729円×2,400株＋730円×2,200株＋732円×2,000株＋734円×3,100株 ＋739円×2,000株＋740円×3,200株＋741円×2,000株＋742円×2,400株 ＋743円×5,400株＋744円×6,400株＋746円×2,100株＋747円×2,500株」 の合計額である。 （注３）買付価額は、715円×58,900株の額である。 （注４）買付価額の算定においては、金融商品取引法施行令第３３条の１４第５項の規定により、当該違反行為に係る有価証券の買付けのうち最も早い時期に行われたものから順次当該売買対当数量に達するまで割り当てることとなる。 本件においては、違反行為の開始時点において所有しており、金融商品取引法第１７４条の２第８項及び同法施行令第３３条の１３第１号の規定により、違反行為の開始時点にその時における価格（715円）で買い付けたものとみなされるもの（みなし買付け）から割り当てられることとなる。 (2) 上記(1)のとおり、当該違反行為に係る有価証券の買付数量が、売付数量を超えることから、 当該超える数量132,400株（191,300株－58,900株）について、 当該違反行為が終了してから１月を経過するまでの間の各日における当該有価証券の最高価格のうち最も高い価格（798円）に当該超える数量を乗じて得た額 105,655,200円（798円×132,400株）－ 買付価額96,258,400円（注５） ＝9,396,800円 （注５）買付価額は、 「709円×100株＋715円×49,300株＋716円×600株＋717円×100株 ＋718円×1,800株＋719円×1,200株＋720円×2,000株＋721円×3,500株 ＋722円×3,000株＋723円×6,300株＋724円×4,500株＋725円×2,200株 ＋726円×200株＋727円×3,100株＋728円×1,300株＋729円×100株 ＋730円×300株＋731円×400株＋732円×3,600株＋733円×2,200株 ＋734円×4,300株＋735円×600株＋736円×100株＋737円×600株 ＋738円×1,000株＋739円×3,200株＋740円×5,400株＋741円×4,300株 ＋742円×3,200株＋743円×7,300株＋744円×6,700株＋745円×2,800株 ＋746円×4,200株＋747円×2,900株」 の合計額である。"
2014-04-22,株式会社ノジマ,7419,株式会社ノジマとの契約締結者による内部者取引に対する課徴金納付命令の勧告について（平成26年4月22日）,https://www.fsa.go.jp/sesc/news/c_2014/2014/20140422-1.html,平成２６年４月２２日 証券取引等監視委員会 株式会社ノジマとの契約締結者による内部者取引に対する課徴金納付命令の勧告について １．勧告の内容 証券取引等監視委員会は、株式会社ノジマとの契約締結者による内部者取引について検査した結果、下記のとおり法令違反の事実が認められたので、本日、内閣総理大臣及び金融庁長官に対して、金融庁設置法第２０条第１項の規定に基づき、課徴金納付命令を発出するよう勧告を行った。 ２．法令違反の事実関係 課徴金納付命令対象者は、株式会社ノジマ（以下「ノジマ」という。）と法律顧問契約を締結していた者であるが、その契約の履行に関し、ノジマの業務執行を決定する機関がノジマの発行する株式を引き受ける者の募集を行うことについての決定をした旨の重要事実を知りながら、この事実が公表された平成２５年１１月１９日より前の同月１５日、自己の計算において、ノジマ株式合計２０００株を売付価額合計１９４万６９００円で売り付けたものである。 課徴金納付命令対象者が行った上記の行為は、金融商品取引法第１７５条第１項に規定する「第１６６条第１項又は第３項の規定に違反して、同条第１項に規定する売買等をした」行為に該当すると認められる。 ３．課徴金の額の計算 上記の違法行為に対し、金融商品取引法に基づき納付を命じられる課徴金の額は、３９万円である。 計算方法の詳細については、別紙のとおり。 （別紙） ○ 課徴金の額の計算方法について 金融商品取引法第１７５条第１項に基づき、課徴金の額は、 （売付価格）×（売付株数） －（重要事実が公表された後２週間における最も低い価格）×（売付株数） となる。 したがって、重要事実の公表後２週間におけるノジマの最も低い株価は７７８円であることから、課徴金の額は下記の金額となる。 売付価額１，９４６，９００（注）　－ （７７８円×２，０００株） ＝３９０，９００円 ⇒課徴金の額は１万円未満を切り捨てるため、 ３９万円 （注）売付価額は、 「970円×100株＋971円×700株＋972円×300株＋973円×100株＋975円×200株＋977円×500株＋978円×100株」 の合計額である。
2014-04-15,株式会社インテレス・キャピタル・マネージメント,,株式会社インテレス・キャピタル・マネージメントに対する検査結果に基づく勧告について（平成26年4月15日）,https://www.fsa.go.jp/sesc/news/c_2014/2014/20140415-1.html,"平成26年４月15日 証券取引等監視委員会 株式会社インテレス・キャピタル・マネージメントに対する検査結果に基づく勧告について １．勧告の内容 関東財務局長が株式会社インテレス・キャピタル・マネージメント（東京都千代田区、資本金２３０百万円、常勤役職員８名、第二種金融商品取引業）を検査した結果、下記のとおり、当該金融商品取引業者に係る法令違反の事実が認められたので、本日、証券取引等監視委員会は、内閣総理大臣及び金融庁長官に対して、金融庁設置法第20条第１項の規定に基づき、行政処分を行うよう勧告した。 ２．事実関係 (1)ファンドの私募の取扱いに関して、公益又は投資者保護上重大な問題が認められる状況 株式会社インテレス・キャピタル・マネージメント（以下「当社」という。）は、当社代表取締役が取締役を兼務している適格機関投資家等特例業務届出者（以下「特例業務届出者」という。）であるアルファ・メディア株式会社、株式会社インテレスＣＸ及び株式会社ジー・クエストをそれぞれ営業者とする匿名組合（以下「本件３ファンド」という。）の出資持分に係る私募の取扱いを行っているところ、当該特例業務届出者が行う業務において、下記のとおり、投資者保護上重大な問題がある行為が行われている状況を認識していたにもかかわらず、本件３ファンドの私募の取扱いを継続していた。 ア本件３ファンドの出資金の流用 上記特例業務届出者３社は、顧客からの出資金のうち、少なくとも約4,700万円について、匿名組合契約で定められた商品先物取引や株式・公社債等で運用することなく、本件３ファンドのうち自らが営業者となっているもの以外のファンドの顧客への解約返戻金や、アルファ・メディア株式会社及び株式会社インテレスＣＸが発行している社債の利払い、及び当社の取締役が代表取締役等を兼務している関連会社等の事務経費等に流用していた。 イ虚偽の運用報告書の交付 上記特例業務届出者３社は、それぞれ、自らが運用するファンドに損失が発生しているにもかかわらず、解約の防止を図る等のため、顧客に対し、自らが算出した単価より高い単価を記載した運用報告書を交付していた。 ウ分配基準未達での配当 アルファ・メディア株式会社及び株式会社インテレスＣＸは、匿名組合契約約款において、運用利益が一定の水準に達した場合に限り配当を行うと定めているが、運用で利益が出ておらず、当該利益水準に達していないにもかかわらず、解約の防止を図る等のため、顧客に対し、配当を実施していた。 当社代表取締役は、当該特例業務届出者３社の取締役を兼務し、自らが指示して、当該特例業務届出者３社に投資者保護上重大な問題のある上記ア～ウの行為を行わせており、当社は、上記ア～ウの行為が行われている状況を認識しながら本件３ファンドの私募の取扱いを継続していた。当社におけるこのような状況は、金融商品取引法第52条第１項第９号に掲げる「金融商品取引業に関し、不正又は著しく不当な行為をした場合において、その情状が特に重いとき」に該当するものと認められる。 (2)無登録で社債の私募の取扱いを行っている状況 当社は、第一種金融商品取引業の登録を受けていないにもかかわらず、顧客に対し、アルファ・メディア株式会社及び株式会社インテレスＣＸが新たに発行する社債の勧誘を行い、取得させている状況が認められた。 具体的には、当社代表取締役は、当社が本件３ファンドの私募の取扱い等を行っている顧客に対し、「当社の子会社が新たなシステムを開発するので、システム開発の資金を出資してほしい。」等と説明した上で、同社が発行する社債の取得を希望した顧客に対しては、当社の社名入りの案内文等の書類を当社の社名入りの封筒で送付していた。 当該行為は、上記特例業務届出者のために当該社債の私募の取扱いを行っていたものと認められる。 上記の行為は、金融商品取引法第28条第１項に規定する第一種金融商品取引業（同法第２条第８項第９号に掲げる「有価証券の私募の取扱い」を業として行うこと。）に該当するものであり、当社が同法第31条第４項に基づく変更登録を受けることなく第一種金融商品取引業を行うことは、同法第29条に違反するものと認められる。 （参考）アルファ・メディア株式会社、株式会社インテレスＣＸ及び株式会社ジー・クエストに対する検査結果について（関東財務局ウェブサイト） （参考条文） 金融商品取引法（昭和23年法律第25号）（抄） （定義） 第二条　（略） ２～７　（略） ８　この法律において「金融商品取引業」とは、次に掲げる行為（その内容等を勘案し、投資者の保護のため支障を生ずることがないと認められるものとして政令で定めるもの及び銀行、優先出資法第二条第一項に規定する協同組織金融機関（以下「協同組織金融機関」という。）その他政令で定める金融機関が行う第十二号、第十四号、第十五号又は第二十八条第八項各号に掲げるものを除く。）のいずれかを業として行うことをいう。 一～八　（略） 九　有価証券の募集若しくは売出しの取扱い又は私募若しくは特定投資家向け売付け勧誘等の取扱い （以下、略） 第二十八条　この章において「第一種金融商品取引業」とは、金融商品取引業のうち、次に掲げる行為のいずれかを業として行うことをいう。 一　有価証券（第二条第二項の規定により有価証券とみなされる同項各号に掲げる権利を除く。）についての同条第八項第一号から第三号まで、第五号、第八号又は第九号に掲げる行為 （以下、略） （登録） 第二十九条　金融商品取引業は、内閣総理大臣の登録を受けた者でなければ、行うことができない。 （金融商品取引業者に対する監督上の処分） 第五十二条 　内閣総理大臣は、金融商品取引業者が次の各号のいずれかに該当する場合においては、当該金融商品取引業者の第二十九条の登録を取り消し、第三十条第一項の認可を取り消し、又は六月以内の期間を定めて業務の全部若しくは一部の停止を命ずることができる。 一～八　（略） 九　金融商品取引業に関し、不正又は著しく不当な行為をした場合において、その情状が特に重いとき。 （以下、略）"
2014-04-22,株式会社太陽商会,,株式会社太陽商会に係る有価証券報告書等の虚偽記載に係る課徴金納付命令勧告について（平成26年4月22日）,https://www.fsa.go.jp/sesc/news/c_2014/2014/20140422-3.html,"平成26年４月22日 証券取引等監視委員会 株式会社太陽商会に係る有価証券報告書等の虚偽記載に係る課徴金納付命令勧告について １．勧告の内容 証券取引等監視委員会は、株式会社太陽商会に係る有価証券報告書等の虚偽記載について検査した結果、以下のとおり法令違反の事実が認められたので、本日、内閣総理大臣及び金融庁長官に対して、金融庁設置法第20条第１項の規定に基づき、課徴金納付命令を発出するよう勧告を行った。 ２．法令違反の事実関係 株式会社太陽商会（以下「当社」という。）は、平成25年３月期に、売買取引の実体を伴っていない物品販売契約を締結すること等により架空の売上を計上した。 この結果、当社は、関東財務局長に対し、別紙１のとおり、金融商品取引法第172条の４第１項及び第２項に規定する「重要な事項につき虚偽の記載がある」以下の有価証券報告書等を提出したものである。 平成25年３月期有価証券報告書（平成25年６月28日提出） 平成25年６月第１四半期四半期報告書（平成25年８月14日提出） 平成25年９月第２四半期四半期報告書（平成25年11月14日提出） 平成25年12月第３四半期四半期報告書（平成26年２月14日提出） ３．課徴金の額の計算 上記の違法行為について金融商品取引法に基づき算定される課徴金の額は、1,200万円である。（計算方法については別紙２のとおり。） （別紙１）株式会社太陽商会の有価証券報告書等の虚偽記載内容 番号 開示書類 虚偽記載 提出日 書類 会計期間 財務計算に 関する書類 内容（注） 事由 １ 平成25年 ６月28日 第11期事業年度連結会計期間に係る有価証券報告書（平成25年３月期有価証券報告書） 平成24年４月１日～平成25年３月31日の連結会計期間 連結 損益計算書 連結経常損益が5百万円であるところを43百万円と記載 連結当期純損益が11百万円であるところを50百万円と記載 ・架空売上の計上 ・純資産額の過大計上 連結 貸借対照表 連結純資産額が▲30百万円であるところを7百万円と記載 ２ 平成25年 ８月14日 第12期事業年度第１四半期連結会計期間に係る四半期報告書（平成25年６月第１四半期四半期報告書） 平成25年４月１日～平成25年６月30日の第１四半期連結会計期間 四半期連結 貸借対照表 連結純資産額が▲21百万円であるところを24百万円と記載 ・過去の架空売上の計上による純資産額の過大計上 ３ 平成25年 11月14日 第12期事業年度第２四半期連結会計期間に係る四半期報告書（平成25年９月第２四半期四半期報告書） 平成25年７月１日～平成25年９月30日の第２四半期連結会計期間 四半期連結 貸借対照表 連結純資産額が▲44百万円であるところを858千円と記載 ・過去の架空売上の計上による純資産額の過大計上 ４ 平成26年 ２月14日 第12期事業年度第３四半期連結会計期間に係る四半期報告書（平成25年12月第３四半期四半期報告書） 平成25年10月１日～平成25年12月31日の第３四半期連結会計期間 四半期連結 貸借対照表 連結純資産額が▲78百万円であるところを▲32百万円と記載 ・過去の架空売上の計上による純資産額の過大計上 （注）金額は、原則として、百万円未満切捨てである。また、▲は債務超過であることを示す。 （別紙２）課徴金の計算方法 (1) 金融商品取引法第172条の４第１項の規定により、平成25年３月期有価証券報告書に係る課徴金の額は、 ア 当該法人が発行する算定基準有価証券の市場価額の総額に10万分の６を乗じて得た額（16,732円） が イ 6,000,000円 を超えないことから、6,000,000円となる。 (2) 金融商品取引法第172条の４第２項の規定により、平成25年６月第１四半期四半期報告書、平成25年９月第２四半期四半期報告書及び平成25年12月第３四半期四半期報告書に係る課徴金について、個別決定ごとの算出額は、 ア 当該法人が発行する算定基準有価証券の市場価額の総額に10万分の６を乗じて得た額 （平成25年６月第１四半期四半期報告書 21,280円 平成25年９月第２四半期四半期報告書 17,913 円 平成25年12月第３四半期四半期報告書 28,619円 ） が イ 6,000,000円 を超えないことから、 平成25年６月第１四半期四半期報告書については、6,000,000円の２分の１に相当する額である3,000,000円 平成25年９月第２四半期四半期報告書については、6,000,000円の２分の１に相当する額である3,000,000円 平成25年12月第３四半期四半期報告書については、6,000,000円の２分の１に相当する額である3,000,000円 となる。 ここで、これらの書類が同一の事業年度に係るものであることから、 金融商品取引法第185条の７第６項の規定により、下記のとおり600万円を個別決定ごとの算出額に応じて按分した金額が課徴金の額となる。 平成25年６月第１四半期四半期報告書に係る課徴金の額は 2,000,000円 平成25年９月第２四半期四半期報告書に係る課徴金の額は 2,000,000円 平成25年12月第３四半期四半期報告書に係る課徴金の額は 2,000,000円"
2014-04-15,アルファ・メディア株式会社,,アルファ・メディア株式会社、株式会社インテレスＣＸ及び株式会社ジー・クエストに対する検査結果について（平成26年4月15日）,https://www.fsa.go.jp/sesc/news/c_2014/2014/20140415-2.html,平成26年４月15日 証券取引等監視委員会 アルファ・メディア株式会社、株式会社インテレスＣＸ及び株式会社ジー・クエストに対する検査結果について 関東財務局長が上記会社を検査した結果、法令違反等の事実が認められた（詳細は、関東財務局ウェブサイトを参照してください。）。 「アルファ・メディア株式会社、株式会社インテレスＣＸ及び株式会社ジー・クエストに対する検査結果について」（関東財務局ウェブサイト）
2014-03-26,株式会社ウィン西和,,株式会社ウィン西和に対する検査結果について（平成26年3月26日）,https://www.fsa.go.jp/sesc/news/c_2014/2014/20140326-1.html,平成26年３月26日 証券取引等監視委員会 株式会社ウィン西和に対する検査結果について 中国財務局長が上記会社を検査した結果、法令違反の事実が認められた（詳細は、中国財務局ウェブサイトを参照してください。）。 「株式会社ウィン西和に対する検査結果について」（中国財務局ウェブサイト）
2014-03-28,株式会社スーパーツール,5990,株式会社スーパーツールとの契約締結交渉者及び同人からの情報受領者による内部者取引に対する課徴金納付命令の勧告について（平成26年3月28日）,https://www.fsa.go.jp/sesc/news/c_2014/2014/20140328-1.html,"平成２６年３月２８日 証券取引等監視委員会 株式会社スーパーツールとの契約締結交渉者及び同人からの情報受領者による内部者取引に対する課徴金納付命令の勧告について １．勧告の内容 証券取引等監視委員会は、株式会社スーパーツールとの契約締結交渉者及び同人からの情報受領者による内部者取引について検査した結果、下記のとおり法令違反の事実が認められたので、本日、内閣総理大臣及び金融庁長官に対して、金融庁設置法第２０条第１項の規定に基づき、課徴金納付命令を発出するよう勧告を行った。 ２．法令違反の事実関係 課徴金納付命令対象者(１)は、株式会社スーパーツール（以下「スーパーツール」という。）と契約の締結の交渉をしていた者であるが、その交渉に関し、同社の属する企業集団の平成２５年３月期の売上高について、平成２４年１０月１７日に公表がされた直近の予想値に比較して、同社が新たに算出した予想値において投資者の投資判断に及ぼす影響が重要なものとして内閣府令で定める基準に該当する差異が生じた旨の重要事実を知りながら、新たに算出した予想値が売上高６２億７４００万円として公表がされた平成２５年４月１８日午後３時１０分頃より前の同月１５日、自己の計算において、スーパーツールの株式合計６０００株を買付価額合計１９３万８０００円で買い付けたものである。 課徴金納付命令対象者(２)及び(３)は、課徴金納付命令対象者(１)から、上記事実の伝達を受けながら、 課徴金納付命令対象者(２)においては、この事実の公表がされた平成２５年４月１８日午後３時１０分頃より前の同月１５日から同月１８日午前１０時６分までの間、自己の計算において、スーパーツールの株式合計３０００株を買付価額合計９６万１０００円で買い付け、 課徴金納付命令対象者(３)においては、この事実の公表がされた平成２５年４月１８日午後３時１０分頃より前の同月１６日、自己の計算において、スーパーツールの株式合計１０００株を買付価額合計３２万円で買い付けたものである。 課徴金納付命令対象者(１)、(２)及び(３)が行った上記の行為は、金融商品取引法第１７５条第１項に規定する「第１６６条第１項又は第３項の規定に違反して、同条第１項に規定する売買等をした」行為に該当すると認められる。 ３．課徴金の額の計算 上記の違法行為に対し、金融商品取引法に基づき納付を命じられる課徴金の額は、下記のとおりである。 課徴金納付命令対象者(１)　９１万円 課徴金納付命令対象者(２)　４６万円 課徴金納付命令対象者(３)　１５万円 計算方法の詳細については、別紙のとおり。 （別紙） ○ 課徴金の額の計算方法について 金融商品取引法第１７５条第１項に基づき、課徴金の額は、 （重要事実が公表された後２週間における最も高い価格）×（買付株数） －（買付価格）×（買付株数） となる。 したがって、重要事実の公表後２週間におけるスーパーツールの最も高い株価は、平成２５年４月３０日の４７５円であることから、課徴金の額は下記の金額となる。 課徴金納付命令対象者(１) （４７５円×６，０００株） － 買付価額１，９３８，０００円 （注） ＝９１２，０００円 ⇒課徴金の額は１万円未満を切り捨てるため、 ９１万円 （注）買付価額は、「322円×1,000株＋323円×4,000株＋324円×1,000株」の合計額である。 課徴金納付命令対象者(２) （４７５円×３，０００株） － 買付価額９６１，０００円 （注） ＝４６４，０００円 ⇒課徴金の額は１万円未満を切り捨てるため、 ４６万円 （注）買付価額は、「318円×1,000株＋321円×1,000株＋322円×1,000株」の合計額である。 課徴金納付命令対象者(３) （４７５円×１，０００株） － 買付価額３２０，０００円 （注） ＝１５５，０００円 ⇒課徴金の額は１万円未満を切り捨てるため、 １５万円 （注）買付価額は、「320円×1,000株」の額である。"
2014-04-11,アジア投資株式会社,8518,アジア投資株式会社に対する検査結果について（平成26年4月11日）,https://www.fsa.go.jp/sesc/news/c_2014/2014/20140411-2.html,平成26年４月11日 証券取引等監視委員会 アジア投資株式会社に対する検査結果について １．検査結果 証券取引等監視委員会がアジア投資株式会社（東京都台東区、平成26年１月末に解散し、現在は清算中。適格機関投資家等特例業務届出者。以下「当社」という。）を検査した結果、以下の事実が認められたので、本日、証券取引等監視委員会は、金融庁長官に対して、適切な措置を講じるための情報提供を行った。 ２．事実関係 当社は、自らを営業者とし、主に外国優良企業等に対する事業投資を行うとする匿名組合である４つのファンド（以下「本件ファンド」という。）を組成し、顧客に対して、本件ファンドの匿名組合契約に基づく権利の取得勧誘を行い、出資金の運用を行っていたとしている。 そのような中、当社の業務の運営状況を検証したところ、以下のとおり、投資者保護上問題と認められる状況が判明した。 (1)運用実態の把握が極めて杜撰な状況 当社は、本件ファンドの勧誘資料に複数の運用委託契約先を記載しており、これらの運用委託契約先のうち外国法人１社が破綻したことを理由に解散し、清算手続に入ったとしている。 しかしながら、当社は、運用委託契約先における資金の運用状況について一切把握しておらず、具体的にどの運用委託先が破綻したのかも明らかになっていない。 また、当社は、運用委託契約先への多額の出資金の受渡しについて、関係者に現金による手渡しで行ったとしているが、その実態は一切不明である。 更に、当社は、清算業務を行うに当たって確認すべき本件ファンドの運用の状況も把握していない。 (2)出資者の出資状況の把握が極めて杜撰な状況 当社は、本件ファンドに対する全出資者分の匿名組合契約書を保管しておらず、本件ファンドに係る出資残高を検証できる資料も保管していないなど、出資者の出資状況を把握できる客観的資料を欠いている状況にある。 (3)不適切な勧誘行為 当社は、本件ファンドのうち、２つのファンドにおける契約締結前交 付書面において、各出資者からの出資金の振込先として、当社があらかじめ指定する個人名義（池北　光男元代表取締役）の預金口座を記載していた。 しかしながら、当社は、当該預金口座が銀行によって平成24年９月に強制解約とされていたにもかかわらず、強制解約以降、同25年４月頃までの間、契約締結前交付書面において当該預金口座を出資金の振込先と記載したまま、取得勧誘を行い、匿名組合契約を締結していた。当社は、当該匿名組合契約を締結した者からの出資金を現金で受領したとしているが、その実態は一切不明である。 なお、今回臨店検査では、出資者の匿名組合契約書、運用委託契約先との契約書等の存在が確認できず、業務の詳細な検証が困難である状況が認められた。 当社の上記の業務の運営状況は、投資者保護上極めて問題があると認められる。
2014-04-11,株式会社アール・オー・イー,,株式会社アール・オー・イーに対する検査結果について（平成26年4月11日）,https://www.fsa.go.jp/sesc/news/c_2014/2014/20140411-1.html,平成26年４月11日 証券取引等監視委員会 株式会社アール・オー・イーに対する検査結果について １．検査結果 証券取引等監視委員会が株式会社アール・オー・イー（東京都台東区、資本金10百万円、常勤役職員２名、適格機関投資家等特例業務届出者。以下「当社」という。）を検査した結果、以下の法令違反等の事実が認められたので、本日、証券取引等監視委員会は、金融庁長官に対して、適切な措置を講じるための情報提供を行った。 ２．事実関係 当社は、自らを営業者とし、主に外国為替証拠金取引等に対する投資を行うとする匿名組合であるファンド（以下「本件ファンド」という。）を組成し、顧客に対して、本件ファンドの匿名組合契約に基づく権利の取得勧誘を行い、出資金の運用を行っている。 そのような中、当社の業務の運営状況を検証したところ、以下の問題点が認められた。 (1)金融商品取引契約の締結又はその勧誘に関して、顧客に対し虚偽のことを告げる行為 当社は、適格機関投資家等特例業務の届出を行った平成24年８月から、本件ファンドの取得勧誘を行っているところ、以下のとおり、実態と相違した虚偽の説明を行っている状況が認められた。 ア勧誘資料における虚偽の説明 当社は、勧誘資料中の本件ファンドの運用に係る説明として、外国為替証拠金取引、上場株式及び日経225先物取引の売買システムが24時間フルタイムで完全自動運転する旨を記載している。 しかしながら、当社に外国為替証拠金取引等に係る売買システムなるものは存在せず、当社は、一部期間を除き、外国為替証拠金取引等による運用を行っていない。 イ契約締結前交付書面における虚偽の説明 当社は、契約締結前交付書面において、本件ファンドについて、出資金を当社の固有財産を保管する銀行口座とは別の預り金口座としての銀行預金口座に預金し、分別管理するなどとしている。 しかしながら、実際には、当社は、本件ファンドの取得勧誘を開始した平成24年８月以降、同一の当社名義預金口座で、当社固有財産と出資金を管理しており、分別管理をしていない。 当社の上記行為は、金融商品取引法第63条第４項に基づき適格機関投資家等特例業務届出者を金融商品取引業者とみなして適用される同法第38条第１号に規定する「金融商品取引契約の締結又はその勧誘に関して、顧客に対し虚偽のことを告げる行為」に該当すると認められる。 (2)投資者保護上問題が認められる状況 ア出資金の流用等 当社は、本件ファンドに係る出資金について、外国為替証拠金取引等で運用を行うとしていた。 しかしながら、当社は、本件ファンドに係る出資金を当社の社会保険料等の支払いに充てるなどして、本件ファンドに係る出資金を運用に充てていない状況が認められた。 また、当社は、本件ファンドに係る出資金及び配当金を現金により授受したとしているが、出資及び配当の事実を確認できる書類等の記録を保管しておらず、出資金や配当金の受渡しの管理を行っていない。 なお、当社は、こうした状況にもかかわらず、本件ファンドの取得勧誘を継続している。 イ業務運営が著しく杜撰な状況 当社は、当社と雇用関係にない者に委託し、本件ファンドに係る業務を行わせていることから、勧誘した顧客及びその人数等を正確に把握しておらず、顧客管理台帳も作成していない。 更に、当社は運用開始以来、運用報告書を作成していない。 上記のとおり、当社は、本件ファンドに係る出資金を当社の経費として流用しているにもかかわらず、本件ファンドの取得勧誘を継続しており、また、当社の本件ファンドに対する運用管理は著しく杜撰な状況にあり、こうした当社の業務の運営状況は、投資者保護上問題があると認められる。 （参考条文） ○金融商品取引法（昭和23年法律第25号）（抄） （禁止行為） 第三十八条　金融商品取引業者等又はその役員若しくは使用人は、次に掲げる行為をしてはならない。ただし、第四号から第六号までに掲げる行為にあつては、投資者の保護に欠け、取引の公正を害し、又は金融商品取引業の信用を失墜させるおそれのないものとして内閣府令で定めるものを除く。 一　金融商品取引契約の締結又はその勧誘に関して、顧客に対し虚偽のことを告げる行為 二～七　（略） （適格機関投資家等特例業務） 第六十三条　（略） ２・３　（略） ４　特例業務届出者が適格機関投資家等特例業務を行う場合においては、当該特例業務届出者を金融商品取引業者とみなして、第三十八条（第一号に係る部分に限る。）及び第三十九条並びにこれらの規定に係る第八章の規定を適用する。 ５～８　（略）
2014-03-25,株式会社ＰＲＯＵＤ　Ａｓｓｅt　Ｍａｎａｇｅｍｅｎｔ,,株式会社ＰＲＯＵＤ　Ａｓｓｅt　Ｍａｎａｇｅｍｅｎｔに対する検査結果に基づく勧告について（平成26年3月25日）,https://www.fsa.go.jp/sesc/news/c_2014/2014/20140325-2.html,平成２６年３月２５日 証券取引等監視委員会 株式会社ＰＲＯＵＤ　Ａｓｓｅt　Ｍａｎａｇｅｍｅｎｔに対する検査結果に基づく勧告について １．勧告の内容 関東財務局長が株式会社ＰＲＯＵＤ　Ａｓｓｅt　Ｍａｎａｇｅｍｅｎｔ（東京都港区、資本金１０百万円、常勤役職員３名、第二種金融商品取引業）を検査した結果、下記のとおり、当該金融商品取引業者に係る法令違反の事実が認められたので、本日、証券取引等監視委員会は、内閣総理大臣及び金融庁長官に対して、金融庁設置法第２０条第１項の規定に基づき、行政処分を行うよう勧告した。 ２．事実関係 ○無登録業者による投資事業有限責任組合の出資持分の取得勧誘に加担している状況等 株式会社ＰＲＯＵＤ　Ａｓｓｅt　Ｍａｎａｇｅｍｅｎｔ（以下「当社」という。）の監査役Aは、株式会社ｔｈｅｌａｗ（東京都港区、以下「ｌａｗ社」という。現在の商号は株式会社ザロウ）の取締役を兼職しているところ、ｌａｗ社は、少なくとも平成２４年９月から同２５年６月まで、無登録のままｌａｗ社を無限責任組合員とするｔｈｅｌａｗ投資事業有限責任組合（現在の組合の名称はザロウ投資事業有限責任組合）の出資持分の取得勧誘を行うという違法行為を行っており、監査役Aは、ｌａｗ社の取締役として、自ら主体的に当該違法行為を行っていた。 また、当社の代表取締役は、ｌａｗ社が行った上記の違法行為において、当社の旧商号である「株式会社マイザーズアセットマネジメント」名義の銀行口座並びに募集仲介者として当社の商号及び登録番号が記載された勧誘資料を使用させることにより、当該違法行為に加担した。 なお、当社は、遅くとも唯一の事務所を閉鎖した平成２５年７月末以降、第二種金融商品取引業を行っていない状況にある。 当社が無登録業者であるｌａｗ社の違法行為に加担している状況は、金融商品取引法（以下「金商法」という。）第５１条に規定する、「業務の運営に関し、公益又は投資者保護のため必要かつ適当であると認めるとき」に該当するものと認められる。 また、当社は、唯一の事務所を閉鎖し、実態として金融商品取引業を行っていない中、自ら主体的に違法行為を行う者を監査役とし、違法行為に加担する者を代表取締役としていることから、金商法第２９条の４第１項第１号ニに掲げる「金融商品取引業を適確に遂行するに足りる人的構成を有しない者」に該当するものと認められ、このような当社の状況は、同法第５２条第１項第１号に該当するものと認められる。 （参考条文） ○ 金融商品取引法（昭和23年法律第25号）　(抄) （登録の拒否） 第二十九条の四　内閣総理大臣は、登録申請者が次の各号のいずれかに該当するとき、又は登録申請書若しくはこれに添付すべき書類若しくは電磁的記録のうちに虚偽の記載若しくは記録があり、若しくは重要な事実の記載若しくは記録が欠けているときは、その登録を拒否しなければならない。 一　次のいずれかに該当する者 イ～ハ　(略) ニ 金融商品取引業を適確に遂行するに足りる人的構成を有しない者 （以下、略） （金融商品取引業者に対する業務改善命令） 第五十一条　内閣総理大臣は、金融商品取引業者の業務の運営又は財産の状況に関し、公益又は投資者保護のため必要かつ適当であると認めるときは、その必要の限度において、当該金融商品取引業者に対し、業務の方法の変更その他業務の運営又は財産の状況の改善に必要な措置をとるべきことを命ずることができる。 （金融商品取引業者に対する監督上の処分） 第五十二条　内閣総理大臣は、金融商品取引業者が次の各号のいずれかに該当する場合においては、当該金融商品取引業者の第二十九条の登録を取り消し、第三十条第一項の認可を取り消し、又は六月以内の期間を定めて業務の全部若しくは一部の停止を命ずることができる。 一 第二十九条の四第一項第一号 、第二号又は第三号 に該当することとなつたとき。 （以下、略）
2014-03-11,株式会社冨澤,,公開買付者との契約締結者の役員からの情報受領者の役員によるメガネトップ株式に係る内部者取引に対する課徴金納付命令の勧告について（平成26年3月11日）,https://www.fsa.go.jp/sesc/news/c_2014/2014/20140311-2.html,"平成２６年３月１１日 証券取引等監視委員会 公開買付者との契約締結者の役員からの情報受領者の役員によるメガネトップ株式に係る内部者取引に対する課徴金納付命令の勧告について １．勧告の内容 証券取引等監視委員会は、公開買付者との契約締結者の役員からの情報受領者の役員によるメガネトップ株式に係る内部者取引について検査した結果、下記のとおり法令違反の事実が認められたので、本日、内閣総理大臣及び金融庁長官に対して、金融庁設置法第２０条第１項の規定に基づき、課徴金納付命令を発出するよう勧告を行った。 ２．法令違反の事実関係 課徴金納付命令対象者は、株式会社メガネトップ（以下「メガネトップ」という。）の取引先（以下「取引先」という。）の役員であったが、その職務に関し、メガネトップの役員が株式会社冨澤との秘密保持契約の履行に関し知り、その後、同人から取引先の他の役員が職務上伝達を受けた、株式会社冨澤の業務執行を決定する機関がメガネトップの株式の公開買付けを行うことについての決定をした旨の公開買付けの実施に関する事実を知りながら、この事実が公表された平成２５年４月１６日より前の同月１５日、自己の計算において、メガネトップの株式合計２０００株を買付価額合計２６２万円で買い付けたものである。 課徴金納付命令対象者が行った上記の行為は、金融商品取引法第１７５条第２項に規定する「第１６７条第１項又は第３項の規定に違反して、同条第１項に規定する売買等をした」行為に該当すると認められる。 ３．課徴金の額の計算 上記の違法行為に対し、金融商品取引法に基づき納付を命じられる課徴金の額は、１９万円である。 計算方法の詳細については、別紙のとおり。 （別紙） ○ 課徴金の額の計算方法について 金融商品取引法第１７５条第２項に基づき、課徴金の額は、 （公開買付け等の実施に関する事実が公表された後２週間における最も高い価格）×（買付株数） －（買付価格）×（買付株数） となる。 したがって、公開買付け等の実施に関する事実の公表後２週間におけるメガネトップの最も高い株価は、平成２５年４月２４日等の１，４０７円であることから、課徴金の額は下記の金額となる。 （１，４０７円×２，０００株） － 買付価額２，６２０，０００円（注） ＝１９４，０００円 ⇒課徴金の額は１万円未満を切り捨てるため、１９万円 （注）買付価額は、「1,310円×2,000株」である。"
2014-03-25,,,平成26年度証券検査基本方針及び証券検査基本計画について（平成26年3月25日）,https://www.fsa.go.jp/sesc/news/c_2014/2014/20140325-1.html,平成26年３月25日 証券取引等監視委員会 平成26年度証券検査基本方針及び証券検査基本計画について 証券取引等監視委員会では、「平成26年度証券検査基本方針及び証券検査基本計画」を別紙のとおり策定しましたので公表いたします。 お問い合わせ先 証券取引等監視委員会　Tel　03-3506-6000（代表） 事務局証券検査課（内線：3044、3049、3925） （別紙）平成26年度証券検査基本方針及び証券検査基本計画 (PDF/147KB)
2014-03-19,上場されていたカネヨウ株式会社,,電子掲示板を悪用した風説の流布事件の告発について（平成26年3月19日）,https://www.fsa.go.jp/sesc/news/c_2014/2014/20140319-1.html,平成２６年３月１９日 証券取引等監視委員会 電子掲示板を悪用した風説の流布事件の告発について 証券取引等監視委員会は、本日（３月１９日）、金融商品取引法違反（風説の流布）の嫌疑で、下記の嫌疑者を名古屋地方検察庁に告発した。 １．告発の対象となった犯則事実 犯則嫌疑者は、別紙一覧表1ないし3記載のとおり、大阪証券取引所市場第二部に上場されていたカネヨウ株式会社ほか2社の株券の売買のため、及び相場の変動を図る目的をもって、平成25年1月23日頃から同年2月18日頃までの間、犯則嫌疑者が代表を務める会社の所在地において、パーソナルコンピューターを操作し、インターネットを介し、サーバーコンピューターの記憶装置に文字データを記録させる方法により、「株式研究掲示板」又は「Ｙ氏と愉快な仲間の株式掲示板」と題する電子掲示板に、合理的な根拠もないのに、「明日の暴騰仕掛け銘柄　3209カネヨウが暴騰するという情報が入ってきました」、「倍増へ向けての暴騰仕掛け株　6775　TBグループに暴騰仕掛けが入るとの情報です」、「爆発二桁銘柄　今日の暴騰仕掛け入るとの情報株は6862ミナトエレクトロンです。決算黒字転換、為替レート80円換算ということから次は大幅黒字上方修正期待高まり株価大幅水準訂正へ始動開始。」などと書き込んで不特定かつ多数の者が閲覧できる状態に置き、もって、それぞれ有価証券の売買のため、及び有価証券の相場の変動を図る目的をもって、風説を流布したものである。 ２．関連条文 金融商品取引法第197条第1項第5号、第158条 法定刑：10年以下の懲役若しくは1000万円以下の罰金又は併科 （別紙） 一覧表（PDF:47KB）
2014-03-11,フィンテックグローバル株式会社,,フィンテックグローバル株式に係る相場操縦に対する課徴金納付命令の勧告について（平成26年3月11日）,https://www.fsa.go.jp/sesc/news/c_2014/2014/20140311-1.html,"平成２６年３月１１日 証券取引等監視委員会 フィンテックグローバル株式に係る相場操縦に対する課徴金納付命令の勧告について １．勧告の内容 証券取引等監視委員会は、フィンテックグローバル株式に係る相場操縦について検査した結果、下記のとおり法令違反の事実が認められたので、本日、内閣総理大臣及び金融庁長官に対して、金融庁設置法第２０条第１項の規定に基づき、課徴金納付命令を発出するよう勧告を行った。 ２．法令違反の事実関係 課徴金納付命令対象者は、フィンテックグローバル株式会社の株式につき、同株式の売買を誘引する目的をもって、平成２５年３月２６日午後０時４５分頃から同月２７日午後２時５９分頃までの間、２取引日にわたり、成行の買い注文と高値の売り注文を発注して直前約定値より高値で対当させたり、成行の買い注文を発注して株価を引き上げるなどの方法により、同株式合計２０４３株を買い付ける一方、同株式合計２３８３株を売り付け、もって、自己の計算において、同株式の売買が繁盛であると誤解させ、かつ、同株式の相場を変動させるべき一連の売買をしたものである。 課徴金納付命令対象者が行った上記の行為は、金融商品取引法第１７４条の２第１項に規定する「第１５９条第２項第１号の規定に違反する一連の有価証券売買等」に該当すると認められる。 ３．課徴金の額の計算 上記の違法行為に対し金融商品取引法に基づき納付を命じられる課徴金の額は、６１４万円である。 計算方法の詳細については、別紙のとおり。 （別紙） ○ 課徴金の額の計算方法について １．金融商品取引法第１７４条の２第１項に基づき、課徴金の額は、 (1) 売買対当数量（注１）に係るものについて、 （有価証券の売付価額）－（有価証券の買付価額） と、 (2) 当該違反行為に係る有価証券の売付数量が買付数量を超える場合の、当該超える数量に係るものについて、 （有価証券の売付価額）－（当該違反行為が終了してから１月を経過するまでの間の当該有価証券の最低価格×当該超える数量） または、 当該違反行為に係る有価証券の買付数量が売付数量を超える場合の、当該超える数量に係るものについて、 （当該違反行為が終了してから１月を経過するまでの間の当該有価証券の最高価格×当該超える数量）－（有価証券の買付価額） との合計額として計算される。 （注１）売買対当数量：当該違反行為に係る有価証券の売付数量と買付数量のうち、いずれか少ない数量をいう。 ２．課徴金納付命令対象者の違反行為について、本件における課徴金の額は、下記(1)及び(2)によりそれぞれ算定される額の合計　6,144,480円 ⇒課徴金の額は、１万円未満を切り捨てるため、６１４万円 (1) 当該違反行為に係る売買対当数量は、 (i) 当該違反行為に係る有価証券の売付数量は、2,383株であり、 (ii) 当該違反行為に係る有価証券の買付数量は、実際の買付け等の数量2,043株 に、金融商品取引法第１７４条の２第８項及び同法施行令第３３条の１３第１号により、違反行為開始時にその時の価格（3,610円）で買付け等をしたものとみなされる当該違反行為の開始時に所有している当該有価証券の数量2,124株を加えた4,167株である。 当該売買対当数量に係るものについて、 売付価額9,071,485円（注２）－ 買付価額8,623,180円（注３） ＝ 448,305円 （注２）売付価額は、 「3,680円×156株＋3,715円×305株＋3,730円×335株＋3,765円×41株 ＋3,775円×100株＋3,785円×200株＋3,790円×242株＋3,845円×495株 ＋3,940円×509株」 の合計額である。 （注３）買付価額は、 「3,610円×2,134株＋3,665円×7株＋3,670円×3株＋3,680円×162株 ＋3,685円×3株＋3,700円×15株＋3,725円×2株＋3,730円×57株」 の合計額である。 （注４）買付価額の算定においては、金融商品取引法施行令第３３条の１４第５項の規定により、当該違反行為に係る有価証券の買付けのうち最も早い時期に行われたものから順次当該売買対当数量に達するまで割り当てることとなる。 本件においては、違反行為の開始時点において所有しており、金融商品取引法第１７４条の２第８項及び同法施行令第３３条の１３第１号の規定により、違反行為の開始時点にその時における価格（3,610円）で買い付けたものとみなされるもの（みなし買付け）から割り当てられることとなる。 (2) 上記(1)のとおり、当該違反行為に係る有価証券の買付数量が、売付数量を超えることから、 当該超える数量1,784株（4,167株－2,383株）について、 当該違反行為が終了してから１月を経過するまでの間の各日における当該有価証券の最高価格のうち最も高い価格（7,000円）に当該超える数量を乗じて得た額 12,488,000円（7,000円×1,784株）－ 買付価額6,791,825円（注５） ＝5,696,175円 （注５）買付価額は、 「3,630円×1株＋3,635円×2株＋3,640円×4株＋3,645円×42株 ＋3,650円×80株＋3,690円×3株＋3,695円×2株＋3,700円×14株 ＋3,705円×5株＋3,710円×5株＋3,715円×312株＋3,720円×6株 ＋3,725円×63株＋3,730円×278株＋3,735円×3株＋3,840円×21株 ＋3,845円×485株＋3,850円×3株＋3,910円×10株＋3,915円×22株 ＋3,920円×31株＋3,940円×337株＋3,965円×40株＋3,970円×10株 ＋3,975円×5株」 の合計額である。"
2014-03-10,合同会社アセットアーク１号から同５号,,合同会社アセットアーク１号から同５号に対する検査結果について（平成26年3月10日）,https://www.fsa.go.jp/sesc/news/c_2014/2014/20140310-1.html,平成26年３月10日 証券取引等監視委員会 合同会社アセットアーク１号から同５号に対する検査結果について 関東財務局長が上記会社を検査した結果、法令違反等の事実が認められた（詳細は、関東財務局ウェブサイトを参照してください。）。 「合同会社アセットアーク１号から同５号に対する検査結果について」 （関東財務局ウェブサイト）
2014-02-27,,,「金融商品取引業者等検査マニュアル」等の一部改正（案）の公表について（平成26年2月27日）,https://www.fsa.go.jp/sesc/news/c_2014/2014/20140227-1.html,平成26年２月27日 証券取引等監視委員会 「金融商品取引業者等検査マニュアル」等の一部改正（案）の公表について 証券取引等監視委員会では、「金融商品取引業者等検査マニュアル」等の一部改正（案）を別紙のとおり取りまとめましたので、公表します。 本件は、金融庁が本年２月25日に公表した「金融商品取引業者等向けの総合的な監督指針」等の一部改正（案）を踏まえ、反社会的勢力への対応に係る検証項目を追加するものです。 具体的な内容については （別紙１及び２） を御参照ください。 この案について御意見がありましたら、平成26年３月28日（金）17時00分（必着）までに、氏名（法人その他の団体にあっては名称）、職業（法人その他の団体にあっては業種）、連絡先（住所、電話番号又は電子メールアドレス）及び理由を付記の上、郵便、ファックスにより下記送付先に、お寄せください。電話による御意見は御遠慮願います。 インターネットによる御意見は、下記e-Govウェブサイトに、お寄せください。 御意見をお寄せいただいた方の氏名（法人その他の団体にあっては名称）については、開示の請求等があった場合には、御意見の内容とともに開示させていただきますので、御承知おきください。開示の際に匿名を希望される場合は、御意見の冒頭にその旨を明確に御記載ください。なお、開示に当たっては、御意見の内容に、（１）個人に関する情報であって特定の個人が識別され得る記述がある場合、又は（２）法人等の権利、競争上の地位その他正当な利益を侵害するおそれのある記述がある場合、には当該箇所を伏せさせていただくことがあります。 御意見に付記された電話番号等の個人情報は、御意見の内容に不明な点があった際に連絡・確認をさせていただく場合や御意見がどのような立場からのものかを確認させていただく場合に利用します。 なお、御意見に対しての個別の回答はいたしませんので、あらかじめ御了承ください。 ※ご意見の募集は終了しました。ご協力ありがとうございました。 御意見の送付先 証券取引等監視委員会事務局証券検査課 郵便：〒100-8922 東京都千代田区霞が関３－２－１　中央合同庁舎第７号館 ファックス：03-5251-2137 URL： http://www.fsa.go.jp/sesc/ お問い合わせ先 証券取引等監視委員会　Tel　03-3506-6000（代表） 証券取引等監視委員会事務局証券検査課（内線： 3039、3924） （別紙１） 「金融商品取引業者等検査マニュアル」の一部改正（案）（PDF:107KB） （別紙２） 「信用格付業者検査マニュアル」の一部改正（案）（PDF:69KB）
2014-02-25,株式会社コスモスイニシア,8844,株式会社コスモスイニシアとの契約締結交渉者の社員による内部者取引に対する課徴金納付命令の勧告について　（平成26年2月25日）,https://www.fsa.go.jp/sesc/news/c_2014/2014/20140225-2.html,"平成２６年２月２５日 証券取引等監視委員会 株式会社コスモスイニシアとの契約締結交渉者の社員による内部者取引に対する課徴金納付命令の勧告について １．勧告の内容 証券取引等監視委員会は、株式会社コスモスイニシアとの契約締結交渉者の社員による内部者取引について検査した結果、下記のとおり法令違反の事実が認められたので、本日、内閣総理大臣及び金融庁長官に対して、金融庁設置法第２０条第１項の規定に基づき、課徴金納付命令を発出するよう勧告を行った。 ２．法令違反の事実関係 課徴金納付命令対象者は、大和ハウス工業株式会社（以下「大和ハウス工業」という。）の社員であったが、その職務に関し、同社の他の社員が株式会社コスモスイニシア（以下「コスモスイニシア」という。）との資本業務提携契約の締結の交渉に関し知った、コスモスイニシアの業務執行を決定する機関が、大和ハウス工業と業務上の提携を行うこと及び同社に対し第三者割当増資を実施するために株式の発行を行うことについての決定をした旨の重要事実を知りながら、これらの事実が公表された平成２５年４月１６日より前の同月１２日から同月１５日の間、自己の計算において、コスモスイニシアの株式合計１万７０００株を買付価額合計１３２２万円で買い付けたものである。 課徴金納付命令対象者が行った上記の行為は、金融商品取引法第１７５条第１項に規定する「第１６６条第１項又は第３項の規定に違反して、同条第１項に規定する売買等をした」行為に該当すると認められる。 ３．課徴金の額の計算 上記の違法行為に対し、金融商品取引法に基づき納付を命じられる課徴金の額は、１３１４万円である。 計算方法の詳細については、別紙のとおり。 （別紙） ○ 課徴金の額の計算方法について 金融商品取引法第１７５条第１項に基づき、課徴金の額は、 （重要事実が公表された後２週間における最も高い価格）×（買付株数） －（買付価格）×（買付株数） となる。 したがって、重要事実の公表後２週間におけるコスモスイニシアの最も高い株価は、平成２５年４月２３日の１，５５１円であることから、課徴金の額は下記の金額となる。 （１，５５１円×１７，０００株） － 買付価額１３，２２０，０００円 （注） ＝１３，１４７，０００円 ⇒課徴金の額は１万円未満を切り捨てるため、 １，３１４万円 （注）買付価額は、「746円×1,000株＋770円×2,000株＋771円×1,000株＋772円×1,000株＋775円×3,000株＋780円×1,000株＋781円×1,000株＋783円×1,000株＋785円×2,000株＋786円×1,000株＋788円×1,000株＋789円×2,000株」の合計額である。"
2014-03-05,Ｋ２Ｉｎｖｅｓｔｍｅｎｔ株式会社,,Ｋ２Ｉｎｖｅｓｔｍｅｎｔ株式会社に対する検査結果に基づく勧告について（平成26年3月5日）,https://www.fsa.go.jp/sesc/news/c_2014/2014/20140305-1.html,平成26年３月５日 証券取引等監視委員会 Ｋ２Ｉｎｖｅｓｔｍｅｎｔ株式会社に対する検査結果に基づく勧告について １．勧告の内容 関東財務局長がＫ２Ｉｎｖｅｓｔｍｅｎｔ株式会社（東京都港区、資本金１百万円、常勤役職員４名、投資助言・代理業）を検査した結果、下記のとおり、当該金融商品取引業者に係る法令違反の事実が認められたので、本日、証券取引等監視委員会は、内閣総理大臣及び金融庁長官に対して、金融庁設置法第20条第１項の規定に基づき、行政処分を行うよう勧告した。 ２．事実関係 ○業務停止命令違反 Ｋ２Ｉｎｖｅｓｔｍｅｎｔ株式会社（以下「当社」という。）は、平成25年10月11日付で、関東財務局から、金融商品取引法第52条第１項の規定に基づく業務停止命令（金融商品取引業の全ての業務を平成25年10月11日から平成25年11月10日まで停止すること）を受けた。 しかしながら、当社は、業務停止命令期間中にもかかわらず、以下のとおり、当該業務停止命令の対象となる業務を行っていた。 (1)当社は、業務停止命令期間中である平成25年10月16日に、当社代表取締役が投資信託受益証券等を紹介する内容のセミナー動画（以下「セミナー動画」という。）を当社のウェブサイトに掲載した。また、これに先立ち、業務停止命令期間の初日である平成25年10月11日より、当社のウェブサイトにリンクされた当社の前代表取締役のブログにおいてセミナー動画の視聴を勧誘していた。その結果、当社は業務停止命令期間中に、少なくとも２名とセミナー動画の視聴に係る新たな契約を締結し、当該契約に基づく視聴料を徴収した上で、セミナー動画のアクセス権を付与していた。 (2)当社は、業務停止命令期間中も、投資顧問契約に基づく報酬を受領していた。その一方で、当社は、セミナー動画を当社のウェブサイトに掲載し、顧客が視聴できる状態に置くことにより、顧客に対する投資助言を行っていた。 (3)当社前代表取締役は、当社と投資顧問契約を締結している顧客のうち少なくとも１名の顧客に対し、業務停止命令期間中に、電子メールにて個別有価証券の取得に関する投資助言を行っていた。 上記の行為は、関東財務局の業務停止命令に違反するものであり、金融商品取引法第52条第１項第６号に規定する「金融商品取引業に関し法令に基づいてする行政官庁の処分に違反したとき」に該当する。 （参考条文） ○ 金融商品取引法（昭和23年法律第25号）（抄） （金融商品取引業者に対する監督上の処分） 第五十二条　内閣総理大臣は、金融商品取引業者が次の各号のいずれかに該当する場合においては、当該金融商品取引業者の第二十九条の登録を取り消し、第三十条第一項の認可を取り消し、又は六月以内の期間を定めて業務の全部若しくは一部の停止を命ずることができる。 一～五　（略） 六 金融商品取引業又はこれに付随する業務に関し法令（第四十六条の六第二項を除く。）又は法令に基づいてする行政官庁の処分に違反したとき。 七～十一　（略） ２～５　（略）
2014-02-25,株式会社田中化学研究所,4080,株式会社田中化学研究所との契約締結者の社員及び同人からの情報受領者による内部者取引に対する課徴金納付命令の勧告について　（平成26年2月25日）,https://www.fsa.go.jp/sesc/news/c_2014/2014/20140225-1.html,"平成２６年２月２５日 証券取引等監視委員会 株式会社田中化学研究所との契約締結者の社員及び同人からの情報受領者による内部者取引に対する課徴金納付命令の勧告について １．勧告の内容 証券取引等監視委員会は、株式会社田中化学研究所との契約締結者の社員及び同人からの情報受領者による内部者取引について検査した結果、下記のとおり法令違反の事実が認められたので、本日、内閣総理大臣及び金融庁長官に対して、金融庁設置法第２０条第１項の規定に基づき、課徴金納付命令を発出するよう勧告を行った。 ２．法令違反の事実関係 課徴金納付命令対象者(１)は、パナソニック株式会社（以下「パナソニック」という。）の社員であるが、株式会社田中化学研究所（以下「田中化学研究所」という。）とパナソニックとの間で締結していた取引に関する契約の履行に関し、田中化学研究所の業務執行を決定する機関が、住友化学株式会社と業務上の提携を行うことについての決定をした旨の重要事実を知りながら、この事実が公表された平成２５年３月２８日午後４時頃より前の同日午前１０時２９分頃から午後２時２３分頃までの間、自己の計算において、田中化学研究所の株式合計２５００株を買付価額合計８７万５７００円で買い付けたものである。 課徴金納付命令対象者(２)は、課徴金納付命令対象者(１)から上記事実の伝達を受けながら、この事実が公表された平成２５年３月２８日午後４時頃より前の同日午後２時１０分頃から午後２時５６分頃までの間、自己の計算において、田中化学研究所の株式合計１９００株を買付価額合計６８万３４００円で買い付けたものである。 課徴金納付命令対象者(１)及び(２)が行った上記の行為は、金融商品取引法第１７５条第１項に規定する「第１６６条第１項又は第３項の規定に違反して、同条第１項に規定する売買等をした」行為に該当すると認められる。 ３．課徴金の額の計算 上記の違法行為に対し、金融商品取引法に基づき納付を命じられる課徴金の額は、下記のとおりである。 課徴金納付命令対象者(１) ６８万円 課徴金納付命令対象者(２) ５０万円 計算方法の詳細については、別紙のとおり。 （別紙） ○ 課徴金の額の計算方法について 金融商品取引法第１７５条第１項に基づき、課徴金の額は、 （重要事実が公表された後２週間における最も高い価格）×（買付株数） －（買付価格）×（買付株数） となる。 したがって、重要事実の公表後２週間における田中化学研究所の最も高い株価は、平成２５年４月２日の６２５円であることから、課徴金の額は下記の金額となる。 課徴金納付命令対象者(１) （６２５円×２，５００株） － 買付価額８７５，７００円 （注） ＝６８６，８００円 ⇒課徴金の額は１万円未満を切り捨てるため、 ６８万円 （注）買付価額は、「349円×1,700株＋353円×800株」の合計額である。 課徴金納付命令対象者(２) （６２５円×１，９００株） － 買付価額６８３，４００円 （注） ＝５０４，１００円 ⇒課徴金の額は１万円未満を切り捨てるため、 ５０万円 （注）買付価額は、「352円×100株＋357円×100株＋358円×200株＋359円×700株＋360円×400株 ＋364円×400株」の合計額である。"
2014-03-07,株式会社リソー教育,4714,株式会社リソー教育に係る有価証券報告書等の虚偽記載に係る課徴金納付命令勧告について（平成26年3月7日）,https://www.fsa.go.jp/sesc/news/c_2014/2014/20140307-1.html,"平成26年３月７日 証券取引等監視委員会 株式会社リソー教育に係る有価証券報告書等の虚偽記載に係る課徴金納付命令勧告について １．勧告の内容 証券取引等監視委員会は、株式会社リソー教育に係る有価証券報告書等の虚偽記載について検査した結果、以下のとおり法令違反の事実が認められたので、本日、内閣総理大臣及び金融庁長官に対して、金融庁設置法第20条第１項の規定に基づき、課徴金納付命令を発出するよう勧告を行った。 ２．法令違反の事実関係 (1) 継続開示書類 株式会社リソー教育（以下「当社」という。）は、学習塾の経営及び家庭訪問による学習指導業務等を行っていたところ、毎月の授業料の請求等をもって計上した売上について、本来であれば、事業年度末において未実施の授業数に対応する入金分を前受金として処理した上で、売上を取り消すべきであったにもかかわらず、授業料の返還義務が発生しない当日欠席が多数あったなどと仮装することにより、売上を過大に計上するなどした。また、当社の子会社において、無料で実施した授業や授業料単価を値引きした契約分について、正規の授業料単価に基づき算出した金額により、売上を過大に計上するなどした。 これらの結果、当社は、関東財務局長に対し、別紙１のとおり、平成20年法律第65号による改正前の金融商品取引法（以下「旧金融商品取引法」という。）第172条の２第１項並びに金融商品取引法第172条の２第１項、第172条の４第１項及び第２項に規定する「重要な事項につき虚偽の記載がある」以下の有価証券報告書等を提出したものである。 平成21年２月期有価証券報告書（平成21年５月27日提出） 平成21年８月第２四半期四半期報告書（平成21年10月14日提出） 平成21年11月第３四半期四半期報告書（平成22年１月13日提出） 平成22年２月期有価証券報告書（平成22年５月26日提出） 平成22年５月第１四半期四半期報告書（平成22年７月14日提出） 平成22年８月第２四半期四半期報告書（平成22年10月13日提出） 平成22年11月第３四半期四半期報告書（平成23年１月13日提出） 平成23年２月期有価証券報告書（平成23年５月26日提出） 平成23年５月第１四半期四半期報告書（平成23年７月13日提出） 平成23年８月第２四半期四半期報告書（平成23年10月14日提出） 平成23年11月第３四半期四半期報告書（平成24年１月13日提出） 平成24年２月期有価証券報告書（平成24年５月25日提出） 平成24年５月第１四半期四半期報告書（平成24年７月13日提出） 平成24年８月第２四半期四半期報告書（平成24年10月15日提出） 平成24年11月第３四半期四半期報告書（平成25年１月11日提出） 平成25年２月期有価証券報告書（平成25年５月17日提出） 平成25年５月第１四半期四半期報告書（平成25年７月16日提出） 平成25年８月第２四半期四半期報告書（平成25年10月15日提出） (2) 発行開示書類 当社は、関東財務局長に対し、以下のとおり、金融商品取引法第172条の２第１項第１号に規定する「重要な事項につき虚偽の記載がある」発行開示書類を提出し、当該発行開示書類に基づく募集により有価証券を取得させたものである。 ア 平成23年９月12日、重要な事項につき虚偽の記載がある平成23年２月期有価証券報告書（別紙１番号欄８参照）及び平成23年５月第１四半期四半期報告書（別紙１番号欄９参照）を参照書類とする有価証券届出書を提出し、同有価証券届出書に基づく募集により、同年９月27日、600,000個の新株予約権証券を4,203,100,000円（新株予約権の行使に際して払い込むべき金額を含む。）で取得させた。 イ 平成24年10月12日、重要な事項につき虚偽の記載がある平成24年２月期有価証券報告書（別紙１番号欄12参照）及び平成24年５月第１四半期四半期報告書（別紙１番号欄13参照）を参照書類とする有価証券届出書を提出し、同有価証券届出書に基づく募集により、同年10月29日、623,633個の新株予約権証券を4,281,011,096円（新株予約権の行使に際して払い込むべき金額を含む。）で取得させた。 ３．課徴金の額の計算 上記の違法行為について旧金融商品取引法及び金融商品取引法に基づき算定される課徴金の額は、４億1,477万円である。（計算方法については別紙２のとおり。） （別紙１）株式会社リソー教育の有価証券報告書等の虚偽記載内容 番号 開示書類 虚偽記載 提出日 書類 会計期間 財務計算に 関する書類 内容（注） 事由 １ 平成21年 ５月27日 第24期事業年度連結会計期間に係る有価証券報告書（平成21年２月期有価証券報告書） 平成20年３月１日～平成21年２月28日の連結会計期間 連結 損益計算書 連結当期純損益が307百万円であるところを661百万円と記載 ・売上の過大計上 ・前受授業料収入の過少計上 等 連結 貸借対照表 連結純資産額が1,546百万円であるところを2,104百万円と記載 ２ 平成21年 10月14日 第25期事業年度第２四半期連結会計期間に係る四半期報告書（平成21年８月第２四半期四半期報告書） 平成21年３月１日～平成21年８月31日の第２四半期連結累計期間 四半期連結 損益計算書 連結四半期純損益が197百万円であるところを422百万円と記載 ・売上の過大計上 ・前受金の過少計上 等 平成21年６月１日～平成21年８月31日の第２四半期連結会計期間 四半期連結 貸借対照表 連結純資産額が1,547百万円であるところを2,329百万円と記載 ３ 平成22年 １月13日 第25期事業年度第３四半期連結会計期間に係る四半期報告書（平成21年11月第３四半期四半期報告書） 平成21年９月１日～平成21年11月30日の第３四半期連結会計期間 四半期連結 貸借対照表 連結純資産額が1,390百万円であるところを1,798百万円と記載 ・過去の売上の過大計上による純資産額の過大計上 等 ４ 平成22年 ５月26日 第25期事業年度連結会計期間に係る有価証券報告書（平成22年２月期有価証券報告書） 平成21年３月１日～平成22年２月28日の連結会計期間 連結 損益計算書 連結当期純損益が1,144百万円であるところを1,371百万円と記載 ・売上の過大計上 ・前受金の過少計上 等 連結 貸借対照表 連結純資産額が1,879百万円であるところを2,663百万円と記載 ５ 平成22年 ７月14日 第26期事業年度第１四半期連結会計期間に係る四半期報告書（平成22年５月第１四半期四半期報告書） 平成22年３月１日～平成22年５月31日の第１四半期連結会計期間 四半期連結 貸借対照表 連結純資産額が1,436百万円であるところを2,114百万円と記載 ・前受金の過少計上 等 ６ 平成22年 10月13日 第26期事業年度第２四半期連結会計期間に係る四半期報告書（平成22年８月第２四半期四半期報告書） 平成22年３月１日～平成22年８月31日の第２四半期連結累計期間 四半期連結 損益計算書 連結四半期純損益が222百万円であるところを481百万円と記載 ・売上の過大計上 ・前受金の過少計上 等 平成22年６月１日～平成22年８月31日の第２四半期連結会計期間 四半期連結 貸借対照表 連結純資産額が1,582百万円であるところを2,625百万円と記載 ７ 平成23年 １月13日 第26期事業年度第３四半期連結会計期間に係る四半期報告書（平成22年11月第３四半期四半期報告書） 平成22年９月１日～平成22年11月30日の第３四半期連結会計期間 四半期連結 貸借対照表 連結純資産額が1,440百万円であるところを2,152百万円と記載 ・前受金の過少計上 等 ８ 平成23年 ５月26日 第26期事業年度連結会計期間に係る有価証券報告書（平成23年２月期有価証券報告書） 平成22年３月１日～平成23年２月28日の連結会計期間 連結 損益計算書 連結当期純損益が870百万円であるところを1,366百万円と記載 ・売上の過大計上 ・前受金の過少計上 等 連結 貸借対照表 連結純資産額が1,608百万円であるところを2,887百万円と記載 ９ 平成23年 ７月13日 第27期事業年度第１四半期連結会計期間に係る四半期報告書（平成23年５月第１四半期四半期報告書） 平成23年３月１日～平成23年５月31日の第１四半期連結会計期間 四半期連結 貸借対照表 連結純資産額が938百万円であるところを1,963百万円と記載 ・前受金の過少計上 等 10 平成23年 10月14日 第27期事業年度第２四半期連結会計期間に係る四半期報告書（平成23年８月第２四半期四半期報告書） 平成23年３月１日～平成23年８月31日の第２四半期連結累計期間 四半期連結 損益計算書 連結四半期純損益が105百万円であるところを364百万円と記載 ・売上の過大計上 ・前受金の過少計上 等 平成23年６月１日～平成23年８月31日の第２四半期連結会計期間 四半期連結 貸借対照表 連結純資産額が1,200百万円であるところを2,738百万円と記載 11 平成24年 １月13日 第27期事業年度第３四半期連結会計期間に係る四半期報告書（平成23年11月第３四半期四半期報告書） 平成23年９月１日～平成23年11月30日の第３四半期連結会計期間 四半期連結 貸借対照表 連結純資産額が978百万円であるところを2,396百万円と記載 ・前受金の過少計上 等 12 平成24年 ５月25日 第27期事業年度連結会計期間に係る有価証券報告書（平成24年２月期有価証券報告書） 平成23年３月１日～平成24年２月29日の連結会計期間 連結 損益計算書 連結当期純損益が834百万円であるところを1,295百万円と記載 ・売上の過大計上 ・前受金の過少計上 等 連結 貸借対照表 連結純資産額が1,582百万円であるところを3,323百万円と記載 13 平成24年 ７月13日 第28期事業年度第１四半期連結会計期間に係る四半期報告書（平成24年５月第１四半期四半期報告書） 平成24年３月１日～平成24年５月31日の第１四半期連結会計期間 四半期連結 貸借対照表 連結純資産額が675百万円であるところを2,557百万円と記載 ・前受金の過少計上 等 14 平成24年 10月15日 第28期事業年度第２四半期連結会計期間に係る四半期報告書（平成24年８月第２四半期四半期報告書） 平成24年３月１日～平成24年８月31日の第２四半期連結累計期間 四半期連結 損益計算書 連結四半期純損益が43百万円であるところを560百万円と記載 ・売上の過大計上 ・前受金の過少計上 等 平成24年６月１日～平成24年８月31日の第２四半期連結会計期間 四半期連結 貸借対照表 連結純資産額が1,176百万円であるところを3,434百万円と記載 15 平成25年 １月11日 第28期事業年度第３四半期連結会計期間に係る四半期報告書（平成24年11月第３四半期四半期報告書） 平成24年３月１日～平成24年11月30日の第３四半期連結累計期間 四半期連結 損益計算書 連結四半期純損益が41百万円であるところを665百万円と記載 ・売上の過大計上 ・前受金の過少計上 等 平成24年９月１日～平成24年11月30日の第３四半期連結会計期間 四半期連結 貸借対照表 連結純資産額が1,104百万円であるところを3,468百万円と記載 16 平成25年 ５月17日 第28期事業年度連結会計期間に係る有価証券報告書（平成25年２月期有価証券報告書） 平成24年３月１日～平成25年２月28日の連結会計期間 連結 損益計算書 連結当期純損益が150百万円であるところを1,527百万円と記載 ・売上の過大計上 ・前受金の過少計上 等 連結 貸借対照表 連結純資産額が2,533百万円であるところを5,651百万円と記載 17 平成25年 ７月16日 第29期事業年度第１四半期連結会計期間に係る四半期報告書（平成25年５月第１四半期四半期報告書） 平成25年３月１日～平成25年５月31日の第１四半期連結会計期間 四半期連結 損益計算書 連結四半期純損益が▲894百万円であるところを▲479百万円と記載 ・売上の過大計上 ・前受金の過少計上 等 四半期連結 貸借対照表 連結純資産額が2,699百万円であるところを6,232百万円と記載 18 平成25年 10月15日 第29期事業年度第２四半期連結会計期間に係る四半期報告書（平成25年８月第２四半期四半期報告書） 平成25年３月１日～平成25年８月31日の第２四半期連結累計期間 四半期連結 損益計算書 連結四半期純損益が▲708百万円であるところを184百万円と記載 ・売上の過大計上 ・前受金の過少計上 等 平成25年６月１日～平成25年８月31日の第２四半期連結会計期間 四半期連結 貸借対照表 連結純資産額が7,280百万円であるところを11,291百万円と記載 （注）金額は百万円未満切捨てである。また、▲は損失であることを示す。 （別紙２）課徴金の計算方法 (1) 旧金融商品取引法第172条の２第１項の規定により、平成21年２月期有価証券報告書に係る課徴金の額は、 ア 当該法人が発行する算定基準有価証券の市場価額の総額に10万分の３を乗じて得た額（337,599円） が イ 3,000,000円 を超えないことから、3,000,000円となる。 (2) 金融商品取引法第172条の４第１項及び第２項の規定により、平成21年８月第２四半期四半期報告書、平成21年11月第３四半期四半期報告書及び平成22年２月期有価証券報告書に係る課徴金について、個別決定ごとの算出額は、 ア 当該法人が発行する算定基準有価証券の市場価額の総額に10万分の６を乗じて得た額 （平成21年８月第２四半期四半期報告書 1,168,641円 平成21年11月第３四半期四半期報告書 1,349,791円 平成22年２月期有価証券報告書 1,146,526円 ） が イ 6,000,000円 を超えないことから、 平成21年８月第２四半期四半期報告書については、6,000,000円の２分の１に相当する額である3,000,000円 平成21年11月第３四半期四半期報告書については、6,000,000円の２分の１に相当する額である3,000,000円 平成22年２月期有価証券報告書については、6,000,000円 となる。 ここで、これらの書類が同一の事業年度に係るものであることから、金融商品取引法第185条の７第６項の規定により、下記のとおり600万円を個別決定ごとの算出額に応じて按分した金額が課徴金の額となる。 平成21年８月第２四半期四半期報告書に係る課徴金の額は 1,500,000円 平成21年11月第３四半期四半期報告書に係る課徴金の額は 1,500,000円 平成22年２月期有価証券報告書に係る課徴金の額は 3,000,000円 (3) 金融商品取引法第172条の４第１項及び第２項の規定により、平成22年５月第１四半期四半期報告書、平成22年８月第２四半期四半期報告書、平成22年11月第３四半期四半期報告書及び平成23年２月期有価証券報告書に係る課徴金について、個別決定ごとの算出額は、 ア 当該法人が発行する算定基準有価証券の市場価額の総額に10万分の６を乗じて得た額 （平成22年５月第１四半期四半期報告書 1,275,636円 平成22年８月第２四半期四半期報告書 1,169,164円 平成22年11月第３四半期四半期報告書 1,014,052円 平成23年２月期有価証券報告書 1,165,260円 ） が イ 6,000,000円 を超えないことから、 平成22年５月第１四半期四半期報告書については、6,000,000円の２分の１に相当する額である3,000,000円 平成22年８月第２四半期四半期報告書については、6,000,000円の２分の１に相当する額である3,000,000円 平成22年11月第３四半期四半期報告書については、6,000,000円の２分の１に相当する額である3,000,000円 平成23年２月期有価証券報告書については、6,000,000円 となる。 ここで、これらの書類が同一の事業年度に係るものであることから、金融商品取引法第185条の７第６項の規定により、下記のとおり600万円を個別決定ごとの算出額に応じて按分した金額が課徴金の額となる。 平成22年５月第１四半期四半期報告書に係る課徴金の額は 1,200,000円 平成22年８月第２四半期四半期報告書に係る課徴金の額は 1,200,000円 平成22年11月第３四半期四半期報告書に係る課徴金の額は 1,200,000円 平成23年２月期有価証券報告書に係る課徴金の額は 2,400,000円 (4) 金融商品取引法第172条の４第１項及び第２項の規定により、平成23年５月第１四半期四半期報告書、平成23年８月第２四半期四半期報告書、平成23年11月第３四半期四半期報告書及び平成24年２月期有価証券報告書に係る課徴金について、個別決定ごとの算出額は、 ア 当該法人が発行する算定基準有価証券の市場価額の総額に10万分の６を乗じて得た額 （平成23年５月第１四半期四半期報告書 1,045,945円 平成23年８月第２四半期四半期報告書 1,108,885円 平成23年11月第３四半期四半期報告書 1,136,664円 平成24年２月期有価証券報告書 1,138,986円 ） が イ 6,000,000円 を超えないことから、 平成23年５月第１四半期四半期報告書については、6,000,000円の２分の１に相当する額である3,000,000円 平成23年８月第２四半期四半期報告書については、6,000,000円の２分の１に相当する額である3,000,000円 平成23年11月第３四半期四半期報告書については、6,000,000円の２分の１に相当する額である3,000,000円 平成24年２月期有価証券報告書については、6,000,000円 となる。 ここで、これらの書類が同一の事業年度に係るものであることから、金融商品取引法第185条の７第６項の規定により、下記のとおり600万円を個別決定ごとの算出額に応じて按分した金額が課徴金の額となる。 平成23年５月第１四半期四半期報告書に係る課徴金の額は 1,200,000円 平成23年８月第２四半期四半期報告書に係る課徴金の額は 1,200,000円 平成23年11月第３四半期四半期報告書に係る課徴金の額は 1,200,000円 平成24年２月期有価証券報告書に係る課徴金の額は 2,400,000円 (5) 金融商品取引法第172条の４第１項及び第２項の規定により、平成24年５月第１四半期四半期報告書、平成24年８月第２四半期四半期報告書、平成24年11月第３四半期四半期報告書及び平成25年２月期有価証券報告書に係る課徴金について、個別決定ごとの算出額は、 ア 当該法人が発行する算定基準有価証券の市場価額の総額に10万分の６を乗じて得た額 （平成24年５月第１四半期四半期報告書 1,324,615円 平成24年８月第２四半期四半期報告書 1,403,105円 平成24年11月第３四半期四半期報告書 1,558,853円 平成25年２月期有価証券報告書 1,525,546円 ） が イ 6,000,000円 を超えないことから、 平成24年５月第１四半期四半期報告書については、6,000,000円の２分の１に相当する額である3,000,000円 平成24年８月第２四半期四半期報告書については、6,000,000円の２分の１に相当する額である3,000,000円 平成24年11月第３四半期四半期報告書については、6,000,000円の２分の１に相当する額である3,000,000円 平成25年２月期有価証券報告書については、6,000,000円 となる。 ここで、これらの書類が同一の事業年度に係るものであることから、金融商品取引法第185条の７第６項の規定により、下記のとおり600万円を個別決定ごとの算出額に応じて按分した金額が課徴金の額となる。 平成24年５月第１四半期四半期報告書に係る課徴金の額は 1,200,000円 平成24年８月第２四半期四半期報告書に係る課徴金の額は 1,200,000円 平成24年11月第３四半期四半期報告書に係る課徴金の額は 1,200,000円 平成25年２月期有価証券報告書に係る課徴金の額は 2,400,000円 (6) 金融商品取引法第172条の４第２項の規定により、平成25年５月第１四半期四半期報告書及び平成25年８月第２四半期四半期報告書に係る課徴金の額は、 ア 当該法人が発行する算定基準有価証券の市場価額の総額に10万分の６を乗じて得た額 （平成25年５月第１四半期四半期報告書 2,459,835円 平成25年８月第２四半期四半期報告書 3,196,150円 ） が イ 6,000,000円 を超えないことから、 平成25年５月第１四半期四半期報告書については、6,000,000円の２分の１に相当する額である3,000,000円 平成25年８月第２四半期四半期報告書については、6,000,000円の２分の１に相当する額である3,000,000円 となる。 (7) 金融商品取引法第172条の２第１項第１号の規定により、重要な事項につき虚偽の記載がある発行開示書類に基づく募集により取得させた株券等の発行価額の総額の100分の4.5に相当する額が課徴金の額となることから、 ア 平成23年９月12日提出の有価証券届出書に係る課徴金の額は、 4,203,100,000円×4.5／100＝189,139,500円 について、金融商品取引法第176条第２項の規定により１万円未満の端数を切り捨てて、189,130,000円 イ 平成24年10月12日提出の有価証券届出書に係る課徴金の額は、 4,281,011,096円×4.5／100＝192,645,499円 について、金融商品取引法第176条第２項の規定により１万円未満の端数を切り捨てて、192,640,000円 となる。"
2014-02-21,株式会社,1301,株式会社トラヴィス・コンサルティングに対する検査結果に基づく勧告について（平成26年2月21日）,https://www.fsa.go.jp/sesc/news/c_2014/2014/20140221-1.html,平成２６年２月２１日 証券取引等監視委員会 株式会社トラヴィス・コンサルティングに対する検査結果に基づく勧告について １．勧告の内容 関東財務局長が株式会社トラヴィス・コンサルティング（東京都中央区、資本金１０百万円、常勤役職員３名、投資助言・代理業）を検査した結果、下記のとおり、当該金融商品取引業者に係る法令違反の事実が認められたので、本日、証券取引等監視委員会は、内閣総理大臣及び金融庁長官に対して、金融庁設置法第２０条第１項の規定に基づき、行政処分を行うよう勧告した。 ２．事実関係 ○無登録業者に名義貸しを行っている状況 株式会社トラヴィス・コンサルティング（以下「当社」という。）は、当社の名義をもって、金融商品取引業の登録を受けていない株式会社アスクバンク（以下「アスク社」という。現商号は株式会社インデックス）及び株式会社イメージ（以下「イメージ社」という。）に投資助言業務を行わせた。 その結果、アスク社は平成２４年８月から同２５年６月までの間に少なくとも９７４名に対し、イメージ社は平成２５年３月から同年６月までの間に少なくとも１６６名に対し、それぞれ投資助言業務を行った。 当社が行った上記の行為は、自己の名義をもって、他人に金融商品取引業を行わせたものであり、金融商品取引法第３６条の３に違反するものと認められる。 （参考条文） ○ 金融商品取引法（昭和23年法律第25号）（抄） （名義貸しの禁止） 第三十六条の三 　金融商品取引業者等は、自己の名義をもつて、他人に金融商品取引業（登録金融機関にあつては、登録金融機関業務。以下この款において同じ。）を行わせてはならない。
2014-02-04,スラージュマン株式会社,,スラージュマン株式会社に対する検査結果について（平成26年2月4日）,https://www.fsa.go.jp/sesc/news/c_2014/2014/20140204-1.html,"平成26年２月４日 証券取引等監視委員会 スラージュマン株式会社に対する検査結果について １．検査結果 証券取引等監視委員会がスラージュマン株式会社（東京都中央区、資本金1,000万円、役職員１名、適格機関投資家等特例業務届出者。金融商品取引業の登録はない。以下「当社」という。）を検査した結果、以下の法令違反等の事実が認められたので、本日、証券取引等監視委員会は、金融庁長官に対して、適切な措置を講じるための情報提供を行った。 ２．事実関係 当社は、目標配当率を月２％（年24％）とする毎月配当型の２ファンド（以下「本件ファンド」という。）の取得勧誘及び出資金の運用を行っている。今回検査において、当社の業務の運営状況を検証したところ、以下の問題点が認められた。 (1)金融商品取引契約の締結又はその勧誘に関して、顧客に対し虚偽のことを告げる行為 当社は、遅くとも平成23年６月から、本件ファンドの取得勧誘を行っているところ、当社ウェブサイト及び顧客に送付した勧誘資料において、本件ファンドについて、外国為替証拠金取引による運用を行い、その運用成果は月により変動し、平成25年３月から11月までの月次損益は5.42％～15.48％、直近23ヶ月の加重平均利益は8.81％であると記載している。 しかしながら、当社は、実際には、本件ファンドの運用開始当初から外国為替証拠金取引による運用は行っておらず、出資金の全額を、専ら外国法人（以下「Ａ社」という。）が発行する月利３％の無担保社債（以下「本件社債」という。）のみに投資しているとしている。 当社の上記勧誘行為は、金融商品取引法第63条第４項に基づき適格機関投資家等特例業務届出者を金融商品取引業者とみなして適用される同法第38条第１号に規定する「金融商品取引契約の締結又はその勧誘に関して、顧客に対し虚偽のことを告げる行為」に該当すると認められる。 (2)投資者保護上問題が認められる状況 当社は、平成25年10月以降、Ａ社の運用状況の悪化により、本件社債の月利３％のうち１％の利金がＡ社から支払われなくなり、さらに同年12月以降は、利金及び償還金の全額が支払われなくなったとしている。 しかしながら、当社は、本件ファンドの運用が従来どおり順調であるなどと、当社ウェブサイト及び顧客向けメールに記載して、本件ファンドの取得勧誘を継続し、同月にも顧客に出資させている。 当社は、スマイリングパートナーズ株式会社の鈴木隆志代表取締役社長（以下「鈴木社長」という。）に紹介されて、本件ファンドの出資金全額を本件社債に投資したとしており、本件社債への投資に当たり、出資金を鈴木社長に現金で手渡しして本件社債を購入し、Ａ社からの利金及び償還金の受取りも鈴木社長から現金で受け取っていたとしている。 しかしながら、当社による出資金の手渡しについては、その事実を確認できるものは何もなく、当社によれば、当社は、受領書や本件ファンドの出資金が本件社債に投資されていることを裏付ける書類を鈴木社長から受け取っていない。 以上のように、当社の本件ファンドに対する運用管理は、著しく杜撰な状況にある。 当社は、Ａ社からの利金及び償還金の支払いが停止しているにもかかわらず、本件ファンドの取得勧誘を継続しており、また、本件ファンドに対する運用管理が著しく杜撰な状況にあり、こうした状況は、投資者保護上問題があると認められる。 （参考条文） ○金融商品取引法（昭和23年法律第25号）（抄） （禁止行為） 第三十八条　金融商品取引業者等又はその役員若しくは使用人は、次に掲げる行為をしてはならない。ただし、第四号から第六号までに掲げる行為にあつては、投資者の保護に欠け、取引の公正を害し、又は金融商品取引業の信用を失墜させるおそれのないものとして内閣府令で定めるものを除く。 一　金融商品取引契約の締結又はその勧誘に関して、顧客に対し虚偽のことを告げる行為 二～七　(略) （適格機関投資家等特例業務） 第六十三条　（略） ２・３　（略） ４　特例業務届出者が適格機関投資家等特例業務を行う場合においては、当該特例業務届出者を金融商品取引業者とみなして、第三十八条（第一号に係る部分に限る。）及び第三十九条並びにこれらの規定に係る第八章の規定を適用する。 ５～８　（略）"
2014-02-04,スマイリングパートナーズ株式会社,,スマイリングパートナーズ株式会社に対する検査結果について（平成26年2月4日）,https://www.fsa.go.jp/sesc/news/c_2014/2014/20140204-2.html,"平成26年２月４日 証券取引等監視委員会 スマイリングパートナーズ株式会社に対する検査結果について １．検査結果 証券取引等監視委員会がスマイリングパートナーズ株式会社（東京都中央区、資本金2,555万円、役職員２名、適格機関投資家等特例業務届出者。金融商品取引業の登録はない。以下「当社」という。）を検査した結果、以下の法令違反等の事実が認められたので、本日、証券取引等監視委員会は、金融庁長官に対して、適切な措置を講じるための情報提供を行った。 ２．事実関係 当社は、目標配当率をそれぞれ月1.5％、２％及び３％とする四半期分配型の３ファンド（以下「本件ファンド」という。）の取得勧誘及び出資金の運用を行っている。今回検査において、当社の業務の運営状況を検証したところ、以下の問題点が認められた。 (1)金融商品取引契約の締結又はその勧誘に関して、顧客に対し虚偽のことを告げる行為 当社は、平成22年６月から、本件ファンドの取得勧誘を順次行っているところ、当社ウェブサイトにおいて、本件ファンドについて、 ア当社専属のプロトレーダーが複数の投資手法を組み合わせて運用を行っている、 イ元本全額を償還しており、償還率が100％である 旨を、現在に至るまで記載している。 また、当社は、他社に委託して行ったメール配信等において、本件ファンドについて、 ウプロの投資家から認められた投資ファンドであり、証券会社等のプロの投資家から出資を受けている、 エ公認会計士による会計監査が行われている 旨を記載している。 しかしながら、実際には、 オ遅くとも平成24年８月以降、当社専属のプロトレーダーは存在せず、プロトレーダーによる運用は行われておらず、 カ平成25年11月以降、配当金及び償還金は顧客に支払われておらず、 キ本件ファンドに出資している証券会社は存在しておらず、 ク会計監査は行われていない 状況になっている。 また、当社は、運用報告レポートにおいて、本件ファンドへの実際の出資金額と著しく異なる過大な金額を本件ファンドの運用資産額として記載し、照会のあった顧客に当該レポートを送付し、本件ファンドの取得勧誘を行っている。 当社の上記勧誘行為は、金融商品取引法第63条第４項に基づき適格機関投資家等特例業務届出者を金融商品取引業者とみなして適用される同法第38条第１号に規定する「金融商品取引契約の締結又はその勧誘に関して、顧客に対し虚偽のことを告げる行為」に該当すると認められる。 (2)投資者保護上問題が認められる状況 当社は、平成25年11月以降、本件ファンドの出資金全額の運用を専ら委託しているとしている外国法人Ａ社（以下「Ａ社」という。）の代理人と称する者（以下「本件代理人」という。）から、マネー・ローンダリング調査のためＡ社の銀行口座が凍結されている旨の通知を受け、本件ファンドの配当金及び償還金の全額が支払われなくなったとしている。 しかしながら、当社は、同月以降も、当社ウェブサイトにおいて、本件ファンドに関する記事を掲載し、資料請求のあった顧客に対して、本件ファンドに係る勧誘資料を送付して本件ファンドの取得勧誘を継続し、当該顧客に出資させている。 なお、当社は、同通知を受けた後、Ａ社からＡ社に運用を委託した出資金が著しく毀損している旨の報告を受けたとしている。 また、当社は、本件ファンドの出資金を本件代理人に現金で手渡し、Ａ社からの配当金及び償還金の受渡しについても、本件代理人から現金で受け取っていたとしている。 しかしながら、当社による出資金の手渡しについては、その事実を確認できるものは何もなく、当社によれば、当社は、本件代理人から受領書を受け取っておらず、また、本件代理人がＡ社から代理権を付与されているか否かについて確認を行っていないばかりか、本件代理人の氏名さえも把握していない。 また、当社は、運用委託契約書などＡ社へ運用を委託したことを証するものは何も保存しておらず、本件代理人から、紙面などで原則月次で運用の報告を受けているとしているが、報告内容は当社で保存しておらず、資料は全て破棄したため、現存していないとしている。 以上のように、当社の本件ファンドに対する運用管理は、著しく杜撰な状況にある。 当社は、配当金及び償還金の支払いが停止しているにもかかわらず、本件ファンドの取得勧誘を継続しており、また、本件ファンドに対する運用管理が著しく杜撰な状況にあり、こうした状況は、投資者保護上問題があると認められる。 （参考条文） ○金融商品取引法（昭和23年法律第25号）（抄） （禁止行為） 第三十八条　金融商品取引業者等又はその役員若しくは使用人は、次に掲げる行為をしてはならない。ただし、第四号から第六号までに掲げる行為にあつては、投資者の保護に欠け、取引の公正を害し、又は金融商品取引業の信用を失墜させるおそれのないものとして内閣府令で定めるものを除く。 一　金融商品取引契約の締結又はその勧誘に関して、顧客に対し虚偽のことを告げる行為 二～七　(略) （適格機関投資家等特例業務） 第六十三条　（略） ２・３　（略） ４　特例業務届出者が適格機関投資家等特例業務を行う場合においては、当該特例業務届出者を金融商品取引業者とみなして、第三十八条（第一号に係る部分に限る。）及び第三十九条並びにこれらの規定に係る第八章の規定を適用する。 ５～８　（略）"
2014-02-18,株式会社酉島製作所及びホシザキ電機株式会社,,セレクト・バンテイジ・インクによる相場操縦に対する課徴金納付命令の勧告について（平成26年2月18日）,https://www.fsa.go.jp/sesc/news/c_2014/2014/20140218-1.html,"平成２６年２月１８日 証券取引等監視委員会 セレクト・バンテイジ・インクによる相場操縦に対する課徴金納付命令の勧告について １．勧告の内容 証券取引等監視委員会は、セレクト・バンテイジ・インク（以下「セレクト・バンテイジ」という。）による相場操縦について検査した結果、下記のとおり法令違反の事実が認められたので、本日、内閣総理大臣及び金融庁長官に対して、金融庁設置法第２０条第１項の規定に基づき、課徴金納付命令を発出するよう勧告を行った。 ２．法令違反の事実関係 セレクト・バンテイジは、英領アンギラ、ヴァレー、メイソン・コンプレクス、スイート１９＆２０に登記住所を置き、世界各国でデイ・トレーディング・ビジネスを展開するプロップ・ファームであるが、セレクト・バンテイジの自己勘定取引要員であるトレーダーらにおいて、セレクト・バンテイジの業務に関し、株式会社酉島製作所及びホシザキ電機株式会社の各株式につき、その売買を誘引する目的をもって、別表記載のとおり、平成２４年４月１２日から同月２４日までの間、７２の取引サイクルにわたり、売り最良気配値より上値の複数の価格帯に約定させる意思のない売り注文を発注したり、買い最良気配値より下値の複数の価格帯に約定させる意思のない買い注文を発注するなどの方法により、セレクト・バンテイジの計算において、酉島製作所株式合計４万７０００株を買い付ける一方、同株式合計４万７０００株を売り付けるとともに、同株式合計１５３万６４００株の買い注文及び合計８１万１９００株の売り注文を発注し、また、ホシザキ電機株式合計６万１９００株を買い付ける一方、同株式合計６万１９００株を売り付けるとともに、同株式合計２０６万２７００株の買い注文及び合計１３１万１７００株の売り注文を発注し、もって、上記各株式の売買が繁盛であると誤解させ、かつ、上記各株式の相場を変動させるべき一連の売買及び委託をしたものである。 セレクト・バンテイジが行った上記の行為は、金融商品取引法第１７４条の２第１項に規定する「第１５９条第２項第１号の規定に違反する一連の有価証券の売買等」及び「その委託等」の違反行為に該当すると認められる。 ３．課徴金の額の計算 上記の違法行為について金融商品取引法に基づき算定される課徴金の額は、６万円である。 計算方法の詳細については、別紙のとおり。 ４．その他 本件については、オンタリオ証券委員会（Ontario Securities Commission）より支援がなされている。 （別紙） ○ 課徴金の額の計算方法について １．金融商品取引法第１７４条の２第１項に基づき、課徴金の額は、 売買対当数量 （注１） に係るものについて、 （有価証券の売付価額）－（有価証券の買付価額） として計算される。 （注１）売買対当数量：当該違反行為に係る有価証券の売付数量と買付数量のうち、いずれか少ない数量をいう。 ２．本件における課徴金の額は、別表に掲げる７２の取引サイクルのうち、算定される額が１万円を超える下記（1）から（6）について、金融商品取引法第１７６条第２項の規定により、１万円未満を切り捨てた額を合計した ６万円 となる。 (1) 取引サイクル１４について、 売付価額1,879,200円 （注２） －買付価額1,867,000円 （注３） ＝12,200円 （注２）1,043円×200株＋1,044円×1,400株＋1,045円×200株 （注３）1,035円×800株＋1,036円×100株＋1,038円×300株＋1,039円×400株＋1,040円×100株＋1,044円×100株 (2) 取引サイクル１５について、 売付価額2,209,200円 （注４） －買付価額2,196,500 （注５） ＝12,700円 （注４）1,052円×2,100株 （注５）1,045円×1,100株＋1,046円×400株＋1,047円×500株＋1,051円×100株 (3) 取引サイクル６７について、 売付価額3,675,910円 （注６） －買付価額3,662,380円 （注７） ＝13,530円 （注６）1,934円×600株＋1,934.1円×200株＋1,934.2円×300株＋1,934.3円×200株＋1,934.7円×100株＋1,935円×300株＋1,938円×200株 （注７）1,924円×300株＋1,924.9円×100株＋1,925円×300株＋1,926円×400株＋1,927円×100株＋1,929円×200株＋1,931円×300株＋1,932円×100株＋1,937.9円×100株 (4) 取引サイクル６８について、 売付価額3,671,720円 （注８） －買付価額3,654,500円 （注９） ＝17,220円 （注８）1,932円×600株＋1,932.1円×100株＋1,932.2円×200株＋1,932.3円×200株＋1,932.8円×100株＋1,933円×500株＋1,933.1円×100株＋1,933.2円×100株 （注９）1,918.8円×100株＋1,919円×100株＋1,919.8円×200株＋1,919.9円×100株＋1,921円×100株＋1,922円×100株＋1,922.9円×300株＋1,923円×100株＋1,924円×100株＋1,925円×100株＋1,926円×400株＋1,927円×100株＋1,933円×100株 (5) 取引サイクル６９について、 売付価額3,296,610円 （注１０） －買付価額3,282,970円 （注１１） ＝13,640円 （注１０）1,937円×300株＋1,938円×200株＋1,939円×400株＋1,939.1円×200株＋1,940円×100株＋1,940.8円×100株＋1,941円×300株＋1,941.1円×100株 （注１１）1,928円×100株＋1,928.8円×200株＋1,929円×100株＋1,929.7円×100株＋1,929.8円×100株＋1,929.9円×300株＋1,930円×300株＋1,931円×100株＋1,932円×200株＋1,938.9円×100株＋1,942円×100株 (6) 取引サイクル７０について、 売付価額3,271,950円 （注１２） －買付価額3,259,150円 （注１３） ＝12,800円 （注１２）1,923円×500株＋1,925円×800株＋1,926円×200株＋1,926.2円×100株＋1,926.3円×100株 （注１３）1,912円×100株＋1,913円×100株＋1,914円×100株＋1,915円×200株＋1,916円×200株＋1,917.7円×100株＋1,917.9円×200株＋1,918円×600株＋1,929円×100株 （ 別表：違反行為期間一覧（PDF:77KB） ）"
2014-02-07,株式会社ネクス,3186,株式会社ネクスとの契約締結交渉者の役員及び同人からの情報受領者による内部者取引に対する課徴金納付命令の勧告について（平成26年2月7日）,https://www.fsa.go.jp/sesc/news/c_2014/2014/20140207-1.html,"平成２６年２月７日 証券取引等監視委員会 株式会社ネクスとの契約締結交渉者の役員及び同人からの情報受領者による内部者取引に対する課徴金納付命令の勧告について １．勧告の内容 証券取引等監視委員会は、株式会社ネクスとの契約締結交渉者の役員及び同人からの情報受領者による内部者取引について検査した結果、下記のとおり法令違反の事実が認められたので、本日、内閣総理大臣及び金融庁長官に対して、金融庁設置法第２０条第１項の規定に基づき、課徴金納付命令を発出するよう勧告を行った。 ２．法令違反の事実関係 課徴金納付命令対象者(１)は、株式会社ネクス（以下「ネクス」という。）との契約締結交渉者の役員であるが、ネクスとの株式引受契約の締結の交渉に関し、ネクスの業務執行を決定する機関が、ネクスの発行する株式を引き受ける者の募集を行うことについての決定をした旨の重要事実を知りながら、この事実が公表された平成２５年１月２３日より前の同月９日から同月１１日までの間、自己の計算において、ネクスの株式合計９１株を買付価額合計２０６万２８９０円で買い付けたものである。 課徴金納付命令対象者(２)、(３)及び(４)は、課徴金納付命令対象者(１)から、上記事実の伝達を受けながら、 課徴金納付命令対象者(２)においては、この事実の公表がされた平成２５年１月２３日より前の同月１８日から同月２１日までの間、自己の計算において、ネクスの株式合計８０株を買付価額合計１８５万１９００円で買い付け、 課徴金納付命令対象者(３)においては、この事実の公表がされた平成２５年１月２３日より前の同月１８日から同月２１日までの間、自己及び同族会社の計算において、ネクスの株式合計６５株を買付価額合計１５２万４８５０円で買い付け、 課徴金納付命令対象者(４)においては、この事実の公表がされた平成２５年１月２３日より前の同月２１日、自己の計算において、ネクスの株式合計１００株を買付価額合計２３４万３９００円で買い付けたものである。 課徴金納付命令対象者(１)ないし(４)が行った上記の行為は、金融商品取引法第１７５条第１項に規定する「第１６６条第１項又は第３項の規定に違反して、同条第１項に規定する売買等をした」行為に該当すると認められる。 ３．課徴金の額の計算 上記の違法行為に対し、金融商品取引法に基づき納付を命じられる課徴金の額は、下記のとおりである。 課徴金納付命令対象者(１) １５３万円 課徴金納付命令対象者(２) １３０万円 課徴金納付命令対象者(３) １０４万円 課徴金納付命令対象者(４) １６０万円 計算方法の詳細については、別紙のとおり。 （別紙） ○ 課徴金の額の計算方法について 金融商品取引法第１７５条第１項に基づき、課徴金の額は、 （重要事実が公表された後２週間における最も高い価格）×（買付株数） －（買付価格）×（買付株数） となる。 したがって、重要事実の公表後２週間におけるネクスの最も高い株価は、平成２５年１月２８日の３９，５００円であることから、課徴金の額は下記の金額となる。 課徴金納付命令対象者(１) （３９，５００円×９１株） － 買付価額２，０６２，８９０円 （注） ＝１，５３１，６１０円 ⇒課徴金の額は１万円未満を切り捨てるため、 １５３万円 （注）買付価額は、「21,300円×1株＋21,500円×2株＋21,800円×1株＋21,980円×1株＋21,990円×3株 ＋22,000円×37株＋22,100円×1株＋22,300円×3株＋22,490円×2株＋23,450円×6株＋23,500円×16株＋23,550円×10株＋23,570円×1株＋23,580円×4株＋23,590円×3株」の額である。 課徴金納付命令対象者(２) （３９，５００円×８０株） － 買付価額１，８５１，９００円 （注） ＝１，３０８，１００円 ⇒課徴金の額は１万円未満を切り捨てるため、 １３０万円 （注）買付価額は、「22,300円×8株＋23,000円×40株＋23,500円×17株＋23,600円×15株」の合計額である。 課徴金納付命令対象者(３) （３９，５００円×６５株） － 買付価額１，５２４，８５０円 （注） ＝１，０４２，６５０円 ⇒課徴金の額は１万円未満を切り捨てるため、 １０４万円 （注）買付価額は、「23,000円×2株＋23,150円×5株＋23,300円×4株＋23,400円×1株＋23,500円×43株＋23,600円×10株」の額である。 課徴金納付命令対象者(４) （３９，５００円×１００株） － 買付価額２，３４３，９００円 （注） ＝１，６０６，１００円 ⇒課徴金の額は１万円未満を切り捨てるため、 １６０万円 （注）買付価額は、「22,500円×6株＋23,000円×10株＋23,500円×44株＋23,550円×1株 ＋23,600円×29株＋23,690円×5株＋23,700円×5株」の額である。"
2014-01-31,アイエムビジョン株式会社,,アイエムビジョン株式会社及びその役員１名の金融商品取引法違反行為に係る裁判所への申立ての取下げについて（平成26年1月31日）,https://www.fsa.go.jp/sesc/news/c_2014/2014/20140131-1.html,平成２６年１月３１日 証券取引等監視委員会 アイエムビジョン株式会社及びその役員１名の金融商品取引法違反行為に係る裁判所への申立ての取下げについて 証券取引等監視委員会は、平成２６年１月１０日、名古屋地方裁判所に対し、アイエムビジョン株式会社（名古屋市中区、。以下「当社」という。）及び当社代表取締役を被申立人とする金融商品取引法違反行為の禁止及び停止を命ずるよう求める申立て（以下「本件申立て」という。）を行ったところ、当社は、同月２４日、破産手続開始の申立てを行い、同日、同裁判所から当社に対して破産手続開始決定が発令された。 証券取引等監視委員会は、本件申立て事案においては、当社財産の管理処分権が裁判所により選任された破産管財人に移行したことにより、現時点において、金融商品取引法違反行為が継続するおそれはないものと認められること、今後は、裁判所の監督の下で、破産管財人により、当社財産の適正かつ公平な清算が図られるものであることなどを考慮し、本日、本件申立ての取下げを行った。 （参考） アイエムビジョン株式会社及びその役員１名の金融商品取引法違反行為に係る裁判所への申立てについて
2014-01-28,株式会社ウィル,3241,株式会社ウィル役員からの情報受領者による内部者取引に対する課徴金納付命令の勧告について（平成26年1月28日）,https://www.fsa.go.jp/sesc/news/c_2014/2014/20140127-2.html,"平成２６年１月２８日 証券取引等監視委員会 株式会社ウィル役員からの情報受領者による内部者取引に対する課徴金納付命令の勧告について １．勧告の内容 証券取引等監視委員会は、株式会社ウィル役員からの情報受領者による内部者取引について検査した結果、下記のとおり法令違反の事実が認められたので、本日、内閣総理大臣及び金融庁長官に対して、金融庁設置法第２０条第１項の規定に基づき、課徴金納付命令を発出するよう勧告を行った。 ２．法令違反の事実関係 課徴金納付命令対象者は、株式会社ウィル（以下「ウィル」という。）の役員から、同人がその職務に関し知った、同社の業務執行を決定する機関が株式の分割を行うことについての決定をした旨の重要事実の伝達を受けながら、この事実の公表がされた平成２４年１１月２６日午後３時３０分頃より前の同日午後２時３１分頃から同日午後２時３３分頃までの間、自己の計算において、ウィル株式合計５株を買付価額合計６４万６３００円で買い付けたものである。 課徴金納付命令対象者が行った上記の行為は、金融商品取引法第１７５条第１項に規定する「第１６６条第１項又は第３項の規定に違反して、同条第１項に規定する売買等をした」行為に該当すると認められる。 ３．課徴金の額の計算 上記の違法行為に対し、金融商品取引法に基づき納付を命じられる課徴金の額は、６０万円である。 計算方法の詳細については、別紙のとおり。 （別紙） ○ 課徴金の額の計算方法について 金融商品取引法第１７５条第１項に基づき、課徴金の額は、 （重要事実が公表された後２週間における最も高い価格）×（買付株数） －（買付価格）×（買付株数） となる。 したがって、重要事実の公表後２週間におけるウィルの最も高い株価は、平成２４年１１月２９日の２５０，０００円であることから、課徴金の額は下記の金額となる。 （２５０，０００円×５株） － 買付価額６４６，３００円 （注） ＝６０３，７００円 ⇒課徴金の額は１万円未満を切り捨てるため、 ６０万円 （注）買付価額は、「126,000円×1株＋128,500円×1株＋128,800円×1株＋130,000円×1株＋133,000円×1株」の合計額である。"
第８期証券取引等監視委員会の活動方針（公正な市場の確立に向けて）（平成26年1月21日）（PDF/81KB）,,,第８期証券取引等監視委員会の活動方針（公正な市場の確立に向けて）（平成26年1月21日）,https://www.fsa.go.jp/sesc/news/c_2014/2014/20140121.pdf,"%PDF-1.5%����7 0 obj<</Linearized 1/L 82661/H [ 629 182 ]/O 9/E 75259/N 3/T 82404>>endobj                                                                      xref7 120000000015 00000 n 0000000581 00000 n 0000000811 00000 n 0000001020 00000 n 0000001141 00000 n 0000001364 00000 n 0000001590 00000 n 0000068126 00000 n 0000068529 00000 n 0000069894 00000 n 0000069972 00000 n 0000000629 00000 n trailer<</Size 19/Root 8 0 R/Info 5 0 R/Prev      82396/ID[<977F5EEE5DAA14B3DFCAAE2C457F38DB><977F5EEE5DAA14B3DFCAAE2C457F38DB>]>>startxref173%%EOF8 0 obj<</Pages 6 0 R/Type/Catalog>>endobj18 0 obj<</Filter/FlateDecode/I 107/S 62/Length 98>>streamXGc```�Rf�VA��0020>`�Um*8�� � d�D\�-)? ��b?�N��B�2XE����u@R��B@��/�E�hendstreamendobj9 0 obj<</Parent 6 0 R/TrimBox[0 0 595 842]/BleedBox[0 0 595 842]/Type/Page/Resources<>/ExtGState<>>>/Contents 17 0 R/MediaBox[0 0 595 842]>>endobj10 0 obj<</Subtype/Type0/Encoding/Identity-H/DescendantFonts[11 0 R]/Type/Font/BaseFont/CXPXEY+MS-Gothic>>endobj11 0 obj<</Subtype/CIDFontType2/CIDSystemInfo<>/BaseFont/CXPXEY+MS-Gothic/Type/Font/FontDescriptor 12 0 R/CIDToGIDMap 15 0 R/W[1 26 500 12195[500]]/DW 1000>>endobj12 0 obj<</FontFile2 13 0 R/StemV 0/XHeight 0/CapHeight 859/Type/FontDescriptor/StemH 0/Descent -140/Flags 5/FontName/CXPXEY+MS-Gothic/CIDSet 14 0 R/FontBBox[-121 -137 996 859]/Ascent 859/ItalicAngle 0>>endobj13 0 obj<</Filter/FlateDecode/Length 66462>>streamXG��	�dYU&�ϸ�<�}���9�ƽ7n�1�ys�3�2�2�*k��D,,A�d�x��k�PL��B�VZDD|�kl��dV�~��o�s""n�LJ�~/2�ĉs����k����FBHC�F*�<����_�+�������G_@�3��/����~��g/����<�W��~3]BH�""����ʽw	�� �_�_|.p�?	������/}�/��[��� $�E��s��}�!�5oCH���+/B�k�_�����O �][0	���z�\>(�iH�(����D�KUx��Π����I����GC�� ���z|N<��1���$� ���n>�]U�|Ų	Me<ӔezA�=KlӲS����� ��S��k)=e��FZ��Ld�l*S�d�q(�sz�8�el���X-���u��Y=D�""�Ea�R����ϣ�A|%����)��p��� ��|�#�����b�N3B���Z)���Pj`>#8n�`xh6m�Pua�M5U�NU4���m�q-�sY�I}�q�\�K��O����̺�����(��y�u�c�<�W���\8Y,C~_�<�i���������S����l���nD��p�`���K\�u\Rʹ��U����$k��=z���];�UU7\W����<�k3�3���1�2�Se^l��C3tR�6��_�8����I!o�8}�a��f��z_RM�:N6{�~?$����>�(�U$O} �i���2��=��>����x����w ��9�>���q���p�~��n.���-հ�zݶ���a��m�UL?�PW�q-�/""�lۢ����b���y��CU�hVOh��+ZrLb���O�z�(�*h˿�e�,bQ���I�`�(Qy`hY���SA�T2���30F�xI��q�x�.Nƀ�^���p������P��?���Ϣ1�F�w�5E�����u7��CVU�\��87����`��?j�:T&RڃX-�o�}�'��s�e��㭔@T� 6����y2/�D�}���-X:t���MK �ˡ��!=C��=W��/J�#�2\�ϺNi^N�y��DAIb�Z����סr�(wc����B9�q�W̗i��2���(I��H}P�5?c�9w�ْ\˷\�j����;�=g����{�3��u0��8�:���Z�y�^r��r2Q�9�\��jHҞ�r��Ɗh9�F&��_��)&��pퟡ��.<�����{8�U�tLȚ�u �O.l��2B�\�G�C\)�q��""�c����)ŭ�����j�f:�f7o{qoV����E��d^4�R�e��e}��B%��µ�BL}-��(j��h���l?;�ݟ=������hu�ݙ^�����~)h�q�!ɕF��#�~���<^��1-x�m��apGOT�a��2sA�뮩k��|��RE	<����%��_��&��Thغ�*�bl;�������E�>'x�!*�,�ښ�&J�ƣ��Dn�6��@�}����q�N�#,�����N���:�	�����@�@`�Հ���""��,�������^�z�>E,�~�c���j��� Ppd���h�WT$�v�O�'�@�h�V�WU����y���'��#�|��B��{�^`	�~,�,��&K�k*?�y���(�^�w�k�@�rly�<��I@ ڟ	��|!�C��8�L+�S�`�,zv? ��䞷)ł��ؑ[����ښ��t�y���Ea��b�ɷJ�h*/�3�L_oJ�/K�s�/��V� ���%��d�/\�Le�8�G`�:J��7��}�&�T���ŲW�hkK�U���Z]8j@�}p�G%TLx����""�L�A��\4U����q2#x��>A\}��W��r�Sq*���5bB��r�h�g���xy�}��t��t�զX�""��ʵ����ؖ�M�Qx��x�O�I�1��#�̾�$�2A�$�%��t�׺_�b���R�w�WC���|����}ˉ��Qm�Qt�Z.�su�����i�j�����""�s�����V�I���߀��@�0�P�)<��������`P��/q�v�}���;��B��c�Z*�Y�V�""�{E�mMy.��@BD���rYڲkՒ)��|E�������r�>M�l��$��(���炘�2�6!�'��ضm��~�Mx�*��7<���=|�c���A�5}Co4!����x��R��%���>�ꗌ)kX�ǔD�c�}������������g�����It�l��a���@�}�a�SI���8���3k��=�A��#m�c?�ʍnf�/5]�0����t��y�[$�<�%I��%���c$�y�.�b��+W�ǲ�J�v�*K�kp���l+h%��c�RW�T_��""E�	�(��av�,a�v�� �}��M;\��8�^k��L�c�?�)�e�(�[��>F�����x$hE��C�y�-����jY�3��G�=ژѻ����&���4ƏT�P6��ڷ�P�YuHm[1z�O3��|�D�EE�!4 ���6���G���{����O�_B���������j[��r���������t�~���A�t^��9��o+4 ĦK�J��s����+��#�%	�R?�A�lNl�/�cfA��q��xڅ�/����١&Z�i/���*��-�P\��g�䏀[�9B\��i�r� ���i�ڣ�o�u���l_���c�u�d�����O����v�@|�O���q�w�(<�ˀ�!T�ژ |��<��������]ĭO�tc�.`�_������2@�𳺦�)W{(R)�皦�����-Xwej;�m�IQ�����������昚)�1��R�%_憫ڸ�Wm�Ï�bQ�㾃����}�g�T��S�""	K�^0Xb�f�&Tx�_03��'�����ujy7�d���'�x�Ҙ�I@m����oC�}�U维�w�2��ޮ���i9jT(�uSٴ��߃h�#i[��Vd�Q�[(���V�u|��L��yU�M����C�{ټs���ܯ@�\�U	ٺ�׳���)U���������糆�ҍ044ňL����;�[��hXѥ�T�[�zܫ�u04�n�c)�P�H> 7��복�sP+��a��""b��I�""Z�;���N��7���������-ýP���j��-���Ϙ�X��(0Nq�Q���W����j�x��[��H4)/��[7��l^�R����bh�YΚ�����r��|So<���˲,θ4Ӆ�׏5ÃmIlY�i��:�����:���l��w�~�b7dY��p�x?�s��Q�U3�@�ꁣs�����t��F�lK�Eٴ1��CQ��T�rI(��m�,(��|��P����!�0v���sb���U-�ky���>k6Jv�6,�U̶�b݁g<��`���������1zr����j赢id|S�̌�;v���Μ��,�TZf��-�$�4 ��X��������|T��"")��Jٞ׵o�~""mio���j4�N��8����������Rͨ��Рfh٬Zʃ��M�X�90MR���""�X�����Ҳ�x������%ShD��K>6���,ǒEAWkI��'��w��D���5�C]Z�Uk���6��""���5�\��A��l�:1��q�|�g�Ɗ����Z���nn��WdT��x .��Y�d��6n�?SHU��p� +�����42u!h�ĲH��9���ټ�Oƞ7i�)�1���S��-C����M�:in�.ܮKJ�ܸ�T����͒e�$�`J5M�0��/y1�E�i���R����ʕ��AP+SO'�e��6����pL�.�6�^lG����|�R�^�S6K儗5AC�9T�V��E���ʤ3�L5���µ�`��ֹ�h�v��9�M�~���4��N5�: �����|=�\�g���ˌ���ak)�Dȹ��1/�=0=�*H�T���g`������Ꮛ��GK��������Sc_""`Y̗�&c�O���[c%:�{���r����~�b\�~��)��8,;��<��""�<�[�2ys�n�g�~�?��u�_XH��K��Mg�ft�;+���iz�ܙ�)�~�h�o���H�qT��̂��d�x�S��V����YH�_��L��`������$�W��)X�tK�񒦥���c��>3�V�8���½����P����yҽ�rz������=���vLٜ!�T�9�*��2�O7aGC��~g�G^t����}��W@��,��q��2C5""#�z[Pֱ�L|RH�6""�t7!Y�ݣ��~�O~�Wf��l��y���7%X��f��ϑ�*�.���|b��+Z�Ł��@cB`k���I@�����[����a�v�	��t�������S�𧾞�+�� ��]N��SȂ�Om�n4�����K�{�_��|��8�#Ip0_���ٯB����X	��c��!�8V�I�� ���$4KN�3n���2Q9k�V4QDӽ����+�:p��-$O���jPi`��{�a ��Il+r�Y�QȰyCc� ��+5+U,+���f�͢zZ	`Vo;sf�Y��7�S��]�SO;����5�$	�_s௿�z�ǻD7��cg�i�~:��3�����ꯛ���R. ��Ƃ�zIk&�HFg=�����z萒>dp-���.�3���""/�i�,e6� w����.\_����̙mo�2m[�٬�|o��-��x$��F��Z`h���\�6���3�'""���QYl���1*�P����'9��ӝp����&�I�g���ǻw�ػ�L2���b���4]ge2�m�@�|�u4#����k���<���)�m&�����D��6����=wS]ym��;�/X��T&p��~���Kk<(��Fc��g?�z�[�k�'�=� ��R2�""5��� �-=�3���/��i�v��������J~�;-]|��{0��NzG�~V��8���qNexG���_,$�1����y��1_��p����?R��,*�������Qb�ӓ��=5�Vi⑤*���`~Fx�eH�""+�|�1�eD�gP�5:�V�r.��e�A���I�	���ѷ�]K��h�*$��ˆlˎ���CC6e��}�I�LR��Ķ=4�7�^��s�.������H��0H��b[V�#�y�h׊+��,��_���a�ge�M̌}���S�R��]�]�co<�>(�K�W�kê<�6==���9%���m�=)�&��o�w�O�s��@	�E�ᵫ$TuR|�7h�8�(U��iE���U�iS��x�k���Ǯs���6i��%�����F���+��&�jC��v�@srs/2��Ơ�����;�w)Y�Ml*f�&�N(+�x��@����������J�=���oM�:��3G�W?)������0}W���א�ӹ���dm�Dz<�/9#9""���Xʴ��� �/��#���}�A���""f�ؾ���?�7B�7�yX�&h��c��Ddp�$JLd��abpb�h�����(i�&yG�<��M�	���+%$#PVZ���k�8B��;t(��@���ђ��w//����y䀝������/{�qH %�8�P��Y���j�dhP)-n]8�L|۾�-������8ɏ��^%I�ӽ�F�_$/}L6�����fT��\��B��+N����6:���������)$�pu~uac����������\�Z=��i��o�hy�]RIWӬ]�m6Z��Focvfnf~c�����Xn��X��jo�w��G�G�''���0k�:�K�d�-�-o�l�z/���p2�4�G�I�$���!��i�J8y���fF�O�e""��G1�U�h*^Ü@yA2Ox���N�ՑTj�y>���L�_*�35�Na޶4���V*��rY=�V��2���q�	��!I2�=1���g�-�e�7�˻����n�W?�qt���ɍ�3�f,�_i�С�F�X(no��<��n�4��^m�>�?;{v87?w�w���S�ā���iw� ��W+������ָI<�����}�����-M����P�����ᅰlk�ċ����ӦɛP�E�[�jy;����rSQX5�k�b��[�ѥz�$������pR�tEɓ��9o٭咛���s��C%3�*""��t��3.�^���?���}��{7�k �V[�;��?�8��b�""[�M۲Sv�n5���������s�p0�|�nf�Yp��hL��`�AnL[S��4��`��`�6EbP�Ә}{D�iV!/۞X�eW�?^LKz�����qe���sGw��hq/5.��B?@���Ӳ�K�A�bp]�y^�Dc�v�@���ph�s~`���d2���☌�K�=A�tm��B�����@3�Ar*�`͓b[���$3?��v;�_�O�+�S���D�,��E�R��(�I�*a���N��ңV��`���xM:���ԤFȐ+�F�Zhm�Jϓ;�����R����h%4KsT�l���л���Έ|�s!8��$�onR��,�� ���̢�C;��Ž��~���Z�e����2�M��Q�*�}L�i$HB$��5��:ɧ�6�ʥt8���O�imI�Ts��7��e���5�Cs��8~�*@���̈́�(�CyT��;,b{�~g��2/���Du�]�	(���4ff�sm�c��	��q�nJ*  w]�떤���0V?F����:��M� ԛ�2��oZ*�?�<}����c$G����4��8)�w;w����Eo��/����@���t4��K3�3[3�3q�1`��m�$�Ź������k`veyu���%�c��z�R�B��[[��{d#��;PG���_(A�ʶfm�DGV�EG�U�J�rXZ)��$����W.l��QI_:W^Ƌ5Z]�˕3�W*��[Q {$`��~H	g�,�.���K�2���[�""��J������l���x���{9�S��Z��������ssmkm�Ɓمr;�/�Y��;�O���JYe�b�����w`kg�bviq����3�I�ŉ��쳎���B�+�""�T��8���7�C��ګE��6Y�6(�+�*����V�'!Dj���ģ���7$�r�w�{��'ܟ�I�	ۚ�H�y���B�8'�b�~��""B�&n�j:Gr�	�������>��6�$�=@iְfE��n�^��E,���aT�Z���oC����*�D�?�Q	�u ����y9��u͎Z����������g���J	����#��eM-X�*I��s���z�Q���q�9ǉ�E��c`���@��1�(��/~�� @ԡ/�/CN�W�����B�>�*�b�衞�sz^/���6�j�֬�e��Q����P��t�	�b�R���f�UWW�+�u�.%̙-��̜>�u�V��k���+��*j��~%{=��'�X:Q�%�?���0Q�;=�q����Q�1BVk��m��~+�jEt0��ƶ�$��9����1�5)V�b����N���e�C�C:���M�����#�M���������%n�ط���̾�,��g��[?�M�:eN�:�*�����dAw�7�]���t,HKA@�l�u<�����v�GB;��U�9 �Z*JL&�q�Z�� d���ǘL�}j�s1O�,J6��L��;u�P�M�N��K/��Z�mv�ө��K��j\M0���*�=@��I�ź�A:L3��,����4,�wv�_ۓ�E̤8�+S�����m*%�0��X�P��p?'��m�hj�hc�S�#��/5�˼l�xA|۫�Ss�G9�yr`V4ֻ�a�_�������4r1�����|�T(j�f�U0��4Nc��r�Ҩ�[y�N�Q�)������|�����q��t�v�vK,�#�9w�V�0�|sxG��:K���s#{��Cz�Ը�i���e}����@��?�Zs��`3����x~yqe�E��pm�p9�C`uk<\�{�����պ�xQ�j�:¤;�@�w�?�Μ�u��<⍖�͞�V�ͮ ���lE�jM�X�|Ǫb�Z�&�1�Z�?-�6�����r�u9�~[�*�gf!_���QUݤ�%s�YN�B�s���/��YwG^�%��O�r��+A%���[�5;4""�h���Q3�JKi+=%F�2ℂX�F��.���Wʸ�븁ۀ�qOx�-lqٺ��4-��%�Y-b����{���tp�R}Y]���>}�03w�Z#���C8 5'�J[�u8�S�6}�'������x�V��bue��2�:�G㹶�����;���=�,_	�*�dm{�����ʁ�mW�ͺ9���:3�~0����c�k����,��; �|)�R��־��՝U���z���\��l'|qTɱ��&7ʟ�3d�����S���7����Ex��R�ˆ�k��R�\�PZ�O�z��}��.��m��&�m'��uWH�'��E�""�H��F�KJ��u�ۧ�W�g�q��;��؏��v�#r��*u�=�u�HCR��t>=��_�.̎ggW�W�c�T���Z���{��z�\6Ǫ�p ��X�$g	��O-ץ�;ׇ ����=z�p6��F��C>�tl���R�J^�ky]��WWba����;�:��""l�ER�킖�	�\������X�����8�S`�Ћ�حO�`#��qi��Fe���6]����{���4�9B��81����la<��V+����Q�=�Ț��JT�_�}�H훾g��Q�����(+r(���O1��K�uNZ""�T肰�Y���{������	�^�ńU6�A]��B;���z����i��A+O��s� Ƚ�;8�;e_�ŝ��Iĭ�ϼ(�t�Y�5�W}_t|JpD�N��~\s$!��` �Q�L�si��ǖ�v<އ�݁�F�L�í��L� ���ȣY��[�-�m�mϝ���W�m+�V8������<��ͥ�ÛG6�/0�(GgSg+�j��3���[v.�\ܹݺúӺ4f{����$��P�V�7��^�ę�����C����Yј��v۷��Xٽow�g�'M���&�Ϩ��Zޅ�R�'�;�����msB^�(�x��9iӝ�t�Y�;��+��3Z�LSJ-����xA��!��S��2�����\����~����gA0S�DHH~�˽$�Ʒc����&��4��HV'W���b%��>U�	yU��k����1k�P�8�����ٹ�`~8�������p\��KM�d[��i>P�ǂx���zZ>���#�U%��<|ySl(���O��[�'@�JF���tO�����o�%�ȑbح�8�F�D�C�I�i��Y_��?ǘ��	l��I�B�M�t%O�A�T˵r��p]�w�w�s#��`�T��阭;������Z\b���h�q�qh�8��1i��?O�y?�y3#""���S%J	�b�m_R����[B�?'�9R*e��T`�8�d�P˷E�:)󍋤Nl���}�̩�������T���5x-�3��Y�i��N4�i�2�W��y��*���N��*��8:�h�rgm �?�s���v�S��3�7��1�v}ƶ��b*}^�#cdZ��zt�6�Z9�:GU�5G3^�c��k+��Z2�S-��	x�=�Ish���U�ʴг�d�m���Ta�s �9x|�����3۱޶xO��f�5zYo�I:�s��['��;{,.ޢ Ţ>!�����$�S�^��H�;q���Ȝ��6�ܘAT�K�1!�8aL�oq~�g7uQ��@�~2:r$�E]po�ܠ\v=q��?�SU���qZ����'��yN*RG�\���Fa��!�p��5�aRe�H/p��҃��p=��t�y��P/>ՌE\'��T�a1�U[�l�,��61�n�&��M����>N\��t�Q9��`Q���&6��X#�EK��C�Y�؎���Mb]1���<ŵ��Y�X1���*5��,J�q��n���؁��c����0���ׄX�GZJKr�|&Vr��n�;�����n�m��f��|%߯��}��1�.��%����$ )N��?�[k��p� hL�/�쁭-�������_�o�Q�v��[ �Lp��$�$��h��/��6�a'�K�&�rQ���-�iG��lw�7�v<,$s2�P���r\�YEv�;�������onln���m�;�>(�D��T�����I�/$�9��=}�xQo��e��pcB_!��g��r�e���@�[a^1qfݠ�G-Q4��8fq��F��+O�l:�~�����9E��O�E+27W�ϳ-A���2	��������d���_���`Zp5��ĥn�G~���q�Y�m��q���k�Mޞ�<$r�vqÆUF���::]ҽ�8�{湷jKb��b+]�P����)	��l(u�������gK��J�͐����ߡ�ț^vivAx�~�<��?D>���tw���F�:A7X�A����ň�l�ڃ��=���¸9#�q_�X(�]Ѐ5_c>>ݤI�h��,`�����՞eOZ����P�FS�Dv�@��?%�\�[�ω���2�ʯT���V���7p��xX�Đ[�4""�z�	7�1CeHf9�Mԓ�/=�3^���M�~����#���(T�_-/.,-�.�-���ZǶ�X?��.��-�[��lu��1tӶ>��������B�K��G���v�7�]��iĲB��v�o˪�R�.W�s9O���*Q���""��E[��t��B�+��Z���P�4��˄��&3��$y�4�5}�ܗDΓL!��Úu�Bzf�u>�Y�Y��<��`""���.�Qݵ=��V�F<��k+�Vv����pB8)��{������s�c3l�o�@a�a&�42������Ń�!x�1�rj��B��G��m��j�S�6���f�^���-s�u�o��Bo���N�*x���~���}�b��]Q�@�&����Wx��]���y�ӯr�x�K{\WI�6�2���)B��wҷi��X�/�ax2���`�Gd����>��h��r����g|�N�Y0���͹�@	��Q4��L�Ҟ�j��$����SBQ'��Mp�����0:rdHO�����\����	l��65�M��̏H:�EQh��%E��A����j���x��P[;��5�s�*��it]D�ћ&�)mI�(���X3�����[�/��>i^�G�/��ڿ����It�m�n̨k��a)*UJ�R��h\�F����եs�����KK��X�,��Xߌ�&�D#�d���V���ER��Ǡ�z���H��������ۋ�[��I�*~���K�hg]E�rn�'��hX��""���Dq��ldtG¸�b�T�x����H���|����ξ�n<�*��sT�&I�""�;���N��z�!R}�J�9i�f>8�̹�$�Kֵ�@.��2ڈ�2��9t?�3YbR�[ￕ��v���g�=�������{nc4M;t����u�>""�B����S���������3��r���-NT|�GӘ6��pW8ݤdͼI�a��:7��.�PI��)��|,�Y7Wm���[����1S�+\&��GT��cöU�F�P!T���q��X�u����l�}�ky��]p�'�ZMҸ�p<��?�]�""Eqm�5�R���/n�M	0���H������Kb>���4�x�lb�dW��:]��I-E1y�u� /L�`߆��@��K�zK�#˞��jS�t���S*�HP8R<�y롭�[g���-��f�niq��v�""�!K�3��%y��Y;go�[�a�y�⹋�������`��� �f�sw�?w��p�u�]�v��;c��_g�,臻���'�8�~�w�*�}�Q�<S��Ș��b�*DgS�H���j?cn4lQ�4�(R�~+6P�d /q�v�pV	W��1��=.��xAt����Tp��U��p�9�ǜ@\�%�WFd��ۑ�3l�ZG|N�#[�-[K1�b{�_<�#�{��fn��ǟH��+bL�>+`����И7ư+ ��������U�js͹�\/3�a�D��%V*���=�:2�p^�x	���n?c�mn҉�rx£��Ƥ^��N�0W�ꇍ��=�����T�p�ʊ m���O;V�o��T����U�1/!��JǛKYv��A��;{�����E�Ɔ� �=�O��{�ɷ�⅕����Y-P����h�����XPl��y1�}a��W���+�O���_w�i����zNX�A�*�G�R����ysMV^}:�@R�'}	�+�9����Vt;�݃@��gt=�|x�ԑ�G��;�nk|��[o]��x����;����ݗ�?�p��g���1�=�8ђ,�Vַb!�z�q��ު'͙�����?r���3�Ϟ?w���]����;�w��)ߟ �`��t�%~�;)��)�UDY����������E�P���ҷ[0����/q#*O�ñ�F�BⰍ	\s��cl��y��	�a!E�TaǕu��SQ!x�6_�0���`�1�:��.Ư��z�c��^Zx��L��ʱ�V]?k��Əٕ<��X�E����v̜i�z�Y��>�� ��*�.`����9�ɼ,�h����t`����\��r�����@�eg���ޜ{���}V�ʬ�,_Y�˴�i��=�4�h4��9@��Z-�bo����,�XX �8K���ж�v�;:�\0�H0ʤ2�B�Pl����J���P�!�oG<��Ѝد��rI�ԟ���}K��	���g""_��c}3r��a�)��r���m̳�ϥĴ�ӹJeX./��_�a�C0���ש�Q��0�<�� ���ǔxZp�e���c��G��)rnkk��l�w2b�xBڭ������w�|�`��p�e����QHt���ר�9U���I5��*ְ�vC/$��Bc�X���p-���!�����.����$EV4C����RPʕv�SVFƒ�w�����@����0࿄��#�p|�D�a�G����f�Z��R�-7�X���67��l~�?��_/����zTZ�Bi�������<�G�����i�#k�q}���O}8N�ڡ�����kn�wǽ1ɝIv��)��(�r�����|��#���ǃr��N{���{�L��)������J�����v�p�zl슻�.�uv}h�{g���9u�4w�;�]�b$���hos�E�Q�'������[�f��W���&�L���n�����n�[-$���c���4/�ȶ��ӏ���B�`���M\.c���l���	�����i����%�Ap'+OЕp��_Q�%{�-;0Y����nKȐM9@9TD%TE�}T6��ag���+���F}R��jd�� r�|�d�Mb�aId��̡f�U�z�X�""T�]N���0�V*����3�����t�������m<��5�pq[�e� �e}b���Ѡ��ݪ�)���6&��%��B��7�o�xF�,i���@���-�gR�E��e��Z��+�ŪV��ȑ�2i���P�V�i��cA�\��&'�""�9!����?9&o�Z q��	�L��{����ƽ��4ƅ^⫦����+rL�㨆��Z@2M/0��������� r؅��S�""����x�!`.��t���U��	��uX�5������g�SF�G�+�2�X��*��m�y;���FkKk�k��=�@HMh�	�����uK�r�f����`a�8^�,n.�,�.�P!�|�v�C��0^:����^���D�3�;|#>�����?�*I�8��77S����(O�D���e�Юnµ�2\���S���D���s�]+�+v��|�/)����-.v������.'qF#�ƌ������<�QM�K�;��E����d�L*L��L1,�ٵ,�9L�)""��ܨ7�#Z�=�(�t!S���#��	�ǐ�K`�'�6�1�6�6jD""[;�����9oڇg�9#q^���zޙs�9c�~�k{{{yϳ�_�ϙ�%1�ϫ�v���xf:ގ��d_�����Ji���(߂��B�����2C�<	�Ș����%�~�.�;��4�j�Ã��j�s��/��q���X*=p�ɟZ���OxL�sŅZb�&, U�^&�zbl��Y6�ü��� o�É�����Hb�eE�aM�]�S9��H�CK�ʹ�x��R����ͩ>'���aI몺Uk����jeE����Û�v]�u��ɣ~1��Ȓl�ͮ&?�Sq{���Ͳ���Z�+��ςxOX�.uto��\�O�b^U��K���Jc����j�6��z-B)D6="",�-`R�㵾�����N�	��B�=��8I�jǞ��٥��DƝ�O���?=��/�xW[�dd��ia�`N4U[2kZ[y�$��	1�5�y�����f��*�(0�p�t#eY�%���-�,WA*�[sn����B�""�)�p��k+��d�\�NQ	'�_�����=I���B�B��z�>��Է'|u����W�漖��./]Y��tc�;������˯����������~������С���v��5�r$��hN��\�x�ʵ��n�|��7����k/^�6��<1�I�Ӟ�]�;�\d�e�P�ǽܱ�͜?�֟5���ٻIH8>:���{��N���&��d�r��b�諲���b��si�c��r��TdZ�� ��K+p?%G�_d�.Vkf~�� ^��=�W�U6uD7�""-�q vh�e!/���ƛS����na�nX�e�5��][g�n.,|̐���d6�#eM���f[fwq���P�7���`!���P�q���8`9[�l{����E��w�0~�o��t�JY���D��e�|d��e)�Fr���06��_�""��Z?��Տ�Ο����~=csjTտ?oJ��g��i�~���""����̲���0��a���wx�����!u6�6�%p�a�'�	1������������-�:F��2�P�V�,�+��>�s�B���ʕ�1�y�9�����4`>�@�.̤i;�W25���7���(WB�����A���J3i���+pݥC+Cso���e��|�	�i�t�ЂPcQ�ؼ\�!H����������S9���l�]E�E߾�I�C�ei/���vi��K,Z4�����e6J#ˊ�X��r�����?�t�]���$G/P/Qo��[�xp����ܿ�D��;O�y�����VM�:�Y����K� 7^�^�Y!���/�Ez��w[�nt7�����\������W���ӷ���,����_|��'��d�6^;s��9�l�""��ӧ�/����Z�-���?C�ؾ�m�'v�C�%j.av��L�@�sc�>�E`dN):�eYN_�t����7���ɍ�""j�,�""�P$E�DYW�d��M;�sV�5��k�%s��Ў~(�a[9)�>��s�{�6cW�޽�e�`�.)�,��K]�u�eڦ!K�!K0O����Y4�j������Sގd�	Vn�׺m�[��QD��h1�#�W�ov��&�����ԗ�~*He��f��$�(�h���i�͎9��ա8��ev�<0m""���vh�ڥW�WI�<`S�����.�Cy�{�&�*v�ƀ�g�W�ln�ZP׻�jj��b""}$1P�%^�m��������Ҹ�Fң9e��""!�5����ܠ�2�I��XV�ȩ�Q\�L�0���/Q�@��}�G�.��8���͌I��j�V�]Ct$�N�T�����&�R��B�@��s�t�w cS3��0�\&��0�D��0��a""���M������O)b杯�Zw���z���s�f�*/=��s����?쯢4�s��ି�͢j��;�!u�z1^������Z�'���bwo�$w�H�F�'��I��l�\hnnomk���������Ó��N�����ꓹ���UY��ة3.��24�7�X	�~�yyT�������N�=Ÿ\Qo�S-Ŕ$�PKZ�e헅l*$�4U�DG��/��E��u�����{U�F�cꦮX�G�e��0��&?�lƵwp��!j4��4`>�]��YT�ڂ�<�$����ĳ݂[tkn�m/��6&Jl�S4bY�H�D����N��������ޢG63g�f�X=�j����p�WK����#��̓}�&[�D���G�aIfu2�>��?����n���T�=	���SJv�����e�u�����虼k���WԲ�S�H{\�Gh�A�`b],��f��P'?�.�W����#�9r@��""�կ��q�դv�]�X�%��""���-�IBGvQ�T��M��]R�l��L+��2��X�yӑ[:�0)�R1��x|{�Z��?獳OU�VA��*�ֲgc��2N����_�8�����ͥ��yJp���ʦw��U�����������S�D��)!%��T�� !2���>�z��P?j�:A���d߁?e��wɾ�??��4���T�Ϛ ��D>g�%�""�A�鋤k.����i��j�h{#�3K��[����mGS#�	QFe%�D�g8a��C�	+�r�/q�#�+st��J��SE��s�/�t�ґd#��w�2������4˾�3���p0�� �K��?S��=E����z��En�H��@N�1�����	�@Ώ����@��OA��m��s��PK	?�R]sV��)�f2���R����Tk9�d��%��Gy���Mҷ��ϋ/Z��.��Q�d@i6�b��H9xA/�Ή��<���{�K���(�e�o�m��l�&#�&{����e��>�7�.^�oe�|��l]�_�C��YH8���օ�'��#���7w�{����C�9��b��x�6�.^fޘ�&$�|r���I�;�@�O|�R�q 0�ī����XsXzm�ԁk�6KV4�Isyd�:�М��}{^�8����� b��c�Uy��3R�e�%�hҏV�����O��$K9	�q�9O\��)+U�2��*p�ψ���l��J��e���`����ե�����]̗�$��jG=G�h�8�tQ�t����oԦEt0��;m0r���Zh�9�Z�t��f�Ū��\�.��aJ����4�j�%�~�,�?k�:�Y��x:m����iN/cY<�,4�e�@�R��U4SV��N�M�y�5곀n�@�9j?�@���)d��cFh���خQ�(峅,ѡ�j�J���|����V8>"";�LC�� ""!� ObF&����Hr��ks���.~�髻�z����(�T.�1.��L1_!����߆�S�yj%ᴪ��������h}ucuwrbr09�Ĝ���V��lM�''������'��I˃P����Hd��U���I'�jX�0	��M	�.�Eّ�ӁS�9P:�e+V1')��4�m�ʋ�	,��l�����w���(��p�p�H�d#��g }I6Tĥ}���P�= �a��`��͜+����b��m���#�`K��	��oR(v���X	�K��dKX�$_J�ʢ-U�t�:�/��&*!vY���'����X˚�N+�\�1r-7�8Zx�o!��+{�� 9;Ji-N�b�FM���RZN�I��'D�T�����BKX�V(�ra4rY�)&q��K��`�G�6�nu��Օ5�'�#��R����C�!a�3���ĩ����5e,�-�59~w$�H�+'nm��<�K7�hmgl����2a�z2�����R=E8����f(�m���V���P9�h8���Y!4WJ���%�w�|���9[�e7���<��3��2�1""���#��XiW�s�F{�=io�w�{����������#���8�2`�(+kg�P$��T�z�2�,GK���������hw�xpx�r�r�r��H�b��V$��=��\�K��L��Z�$��""����	�ñ�rLW�͟�����뮅��=��gϵ9�Ry�4�n����,������J���n�����v�ɻ��@֥J�0|��|����B��T4@2{��F�X1�������-��s=w�Ci�""i��Kͧ6���S)�hLB�:�nk7���5�B���8	�����f~����k��o�7w�'��Sq⊓2��Z����f,,guz|����҃�����#�4�����l�.�'�B�q8)�Ⱥ^X��t �Q�Uj���~iP�6�-�@9��Q�*vt�l&K� ��pR<)�TOj'�&jͰYnV����|w���h��������g�s�o6~�Z��;GyTi���VN��([Oǃ8eҰe���H�a�=O�n(i�M?wXTx��Hi��q��B=�"")c��uN�9Ւ9�tGa0+]Y!�T��ܼyMd�E*V��a���T��\P������g�[̾��C�}�s����>�j��<���I��!���J�ܮۃJ_p��Q$$��v�5�����t�N�	;$_X�q�t*G����M�i|""O#���6��D�M�#�˝,�wO��N9�u�q��~ER\�l�:\4�,މ۬X��[pt[�A���fE&�l;��)/`������)C�Nݦ��YJ�Z����F����rv%{�q�q�q�q�q���Uu�����\�|�S��ٚIeS�f!� �������!ݖً��e����ݺ��3l�������F�%?<����u�mSK?�IQKg8��q�|��e����fJ\'-�,U(*�_od/䛞��Ӝ�Z���$��eCrE���$.�'*����r�P]�u�~QC-�x�/����B�jA�YS2$Ks<��U	X���;�m�}�Zn.��z��b�$G�����^��XM����^����{�^�߬�*��m�Q��H�(ʒL���#~c8�!��Q7d�B��.�+�V��������>%3�`6'[���d��pk��c_���+�o��?�3�EH�O��\�|��N��f�e?}�\]|K T���.�Ö?����Ї>�o�������¸��Ψ��I��s���֍u�Z��ZD�T�����t��<""�2��5j�#]��pJ���曍l����ñ,���Ի�k���I&�Y�):�����:}�ˊ����6�X�Qն����{#������f)]v�uK���_4@�c���Ξ�~$�S	'����v�� �*�5fv�x���D�γ�n���/Y��S���E��DN�����z�j�j[i��h��|���Y�CPh~�:�������%픇#�'gj����~��#�DUc$����$�kk��.C lg{��V'@�&�m���R�#)��;b�n��%�Mx<����Y�}b/�JF�մ*͉u�cU�tKVt[�mls""��J�ᛖ�)�YKT+�I������Pp�c�VR��M���XR��""#r>��l�n������R9:*@�hVZ7@�),!$��W6m�	Yq�9��54'm��|��]�˙G5stH-Qkԛ���,tb���H��z�N��Yn��}��QfH���F���*(�K<�p�l�._k����k�a���8�� ��؍���<��cƕ+��u��0���L���6OX�r��S���Ub�?����P�}���]8-j����uE�6���t؏�L�,`CH�������OP�P/P/Qo�~(�`[���di�4ي����0�{�����?q�����~6�B�����/�ߖ��V:�¹K/_�v��՛��z��R�x�qǁ6 B���s�7�_,�\k݀��%Y�+�R:�DK�2�/'�{O����O�6��<�/��������:q��ӥ��7byP�u���@��I�㮆�ހ��1w|�_�p��a��O0*���Z!�4���&5�FOAH�&�HI$X����+'��!�X�_(�)�� �1��X��8��%Y�d��@	,�2��,�W�6r8U�a��d�V�����o�3�z�o�/Q�U��jP�n�?�30�^#�C7�#F3��B5�Ld�����t����ꖼ�u״���n��.ɷ�p��J^]��x#(�R��\A�� �����U9&�}�7��}&k�(c�咉�BM���ԯBMFT��cσ��0:Uk�LI��+�=3�T_R�� JQL�_�=�ej�ZM�L�""#Ȱ�e��>)+�������i����Y�TA.�	j�fN�1��&$N��3�O�1���E��L��r�`����ƚ�L6>xY��*���I*t�`�[�ꨒS�W|�Y1m^Qq�����c�c�$Z�5�cP����8!�_�5��� �k=��~x����t��z*�j&^�P�AT�T#��:g�Ta �'b���]��\��|�#�4����?�˟s~��]���[���v{�������/������:p��5���@0��_���C͆I��:҉�ű�O%��89B��������q�sE����j*x���0��\�=zkv���Q�WB�D��ZN���اS^�:����iY���R�ӑv��	�B>,��΅�0��Ȅ""gL�O;�j�Z�Wꍠ��������� ӌ�d������F�i�n��Jͩ/�[��7��o\���«�?k?y1�.ys�R�u�2h��K���m�Q��g�����T��S-����׀�k���v�=h,4b7������}��0��e��R�Z�UH��k�7m譇(z�A)'|J��}d2./;�a�%k�Ƴ�������g��i�p	/�X�:�˲t̏K���8<#((@7-�/�@�)��AYoP/$��Zl/.wV:띍Q�^�ٗ�g+�j��dG�qV�MFB3�/����azH""P""vZKݥ����������j{�MLF��z� eR23�]zX�>B~�T#J�x�߆j�^f,ZPm�""f2�""k����:��B:��|�G+�J��_4a�n�9��3�&���$�YN5TD.�/��<8H#���k���4µTЌ���M��-ve�:�i����S���� $�Kl�� �m�����yp���#'/�$���l��V��������8��U:G2d�ܽA��ۢ:�KG���QK<��J������k�)���,[dAlٞ��K�oj�I؍aZ�6�d��Ҝ��Ss����Vڨ�߀����H�(�Q��쥁�hU�.G��2h��@˒fBn�bC�ʖ+q�PT�20�����ٚ����&���w�\�{ߢ�R�S�Gv�����ܘ��� �2�5����Ј���5FѨU���սƣ�c{�����X���+������+Wo\��hp3��	��x��xU����v�Tn���Q~����w���$EgϜ�I��x	�I>�c�U�I����3q�w�`'�;}p̵ai���<�0��YI��ښ絆Cr4����M8��eIQlQ���1LK6z��T����ڇ��Б�d�ZڴE!�F�DE$uh�4�BiLc��@�D�-���ْ&��6`������X��gr�#��|�.u>aM�q�z��-��i흘?q���7oܺq���K0�_-m�Z�T)WNO�M8��W._�=C7o?v'�""���Sv>���iu�foф	Ϩˀ4���5���?�c�5���.�!��^�Iц>�K���i)��j\JOY�����%�eL�P�\�V�ӂ%�67z��N�6?�?X��)�[��Ŧ���a?�XDW��44������Qȅ�ilG�b� s��)��V0�6	�q&�y�Q-j2es�kWӵt#�LG�Ir�|�T(j�z��?i���2���ƌHŘ2ݻ�J5-�E]�7$��DF|�U�s�@I㷋���'7�c�.V�zm�8��ʼrO7|���5���M;��Q�ӧO]N�6�	�2P2Pn@�J�')����JQi*-��$�B� �i�u��#��x�꺸j�odn\1�9hj�pqZ�\F.g�u��[R�	��T�Mt����RAv��.��� �=��N-yi�gh���03>�(}Q�S�u'^mZ���l��ڹJ�Rʗ�|=�̷�z�_�b����Zh��5�_���{:������z��a|�	���%N;��χ""#/����U�y��{��\*>gq?t��f�\@M��2��7��E�:����}��q���ϧӝT�EU>���sF����jRg���A�QC35�X0�\���e	|�d����0��Y7c��^h/��ګ���G�h�V�U��pa���A����Ç�i1;Gڊ8}�;_��MϞ�B���9'��l�Ή�wag��=�Nㆹ��셮ꁌ�PR=ɒM#��s��0�Y}nu��y���ri�D�f`��k��D�)�U_Ș��VhI�0<�!Ǽ�d<ė�H�5{�����i����t���4,i�k$��T��H�wy�VM?�����+ϟ24#Zژ�_����F:��V��K�.0\=�%-�T;�bh��""?�����_eUIq �:<8y�KB�&�� �i�HNwcf��R|����O�����kG�G٨��Z�U�#cH���KY�8���X����6pkni�d�5I�G�X�ɏ4��^7h���""6ĵ�qW1�Y�>��*ͧ�:�gdN�V̟bY]��c�桧���?�:�C�����G� ���yI|9�m<�Ʀ!��[[��Eε�����]��oc�w�FM=�/Q�X����mꙤ'm�!��F)S�Tk���R}��V_�oַ�qO�=�gғ̤<�L���Ic����k+��ōŭ��U��m�b�D���Aaڗ��ƥ�>D��o�'y�Ma'�ё��S\����L�.�4������{W\T��S��C����k[��9���l��$���'�������\��~�CI������2^�)J�,أ�R_��V�z�L�-��������`��3�����3��c�{�^��;������GE���&UmH��*0�l&9�{���#/uڧ����hqD����ұ0cl����(+c�R�Z��9�԰&��;�ə��5�&���>�x޴u�ax5(�����U��MK*[����a�ي(4�����ı�e�,��3͗ED�y�RM�c�L�fR_���dR���}w�k:b"">""9R""=2"";�Q��,/D�h��V�(O�����`1����4^����	t��9@� 8Z#k�Z�d""���f�1ىW]��R�kqkҺ4�65""��O�^��%3�K�cv;R�� `�!)��!�Ʉ|�O�H1L�[���E�'͑���u�E^�m��P���h�2u� uE��ob��@��m�3G�JY&�D	���	�K�a���f���ɰ8�㏈-,ч��Q��ݾ�Xg՛�X5��.^%�i+����Q�(B�����`e�w��><�&���|���Ž�V֑8�K�-�QP�8���@�$)r/^�f�v��HB�,�6�w%B��6hO�""}$愙`��2�A�K��N�*���A~�Oo]��_J�T�B�S�kw���!���3��L9Jr�.�������m0�5l��`�K�l&0a���$��9��<	�H�:��;δ2���""WC8Q���y{t�b��C%��e��(J�3�""���P�G�i�#����&���""��0���O�3y.�ӧΜ:���˧���݈nE�E&�6a���ͭ��'�	kj�R%���n�o.���t���W.\]����Ǯ9�s�B��	HV��د�j�ZB�Y�03l��X���� 6�cf9����i�����N��?�e����t;�T�A9AK�h�h���ϖd�y��](fE}c���-�⭔��JJ��>�#�w�_LK�V�Pei>@�}��'(�F)����O;���?���x�yAPϢr�'�-[��U���}؎�%�.�|E��Ĵ��bg~{~g~o~�����G�c��Y1K������8Z�.�-O�7�w�w����O�N�����/���<��˃ze��W*֪D��Ap���,c�׎��Q�R��ی��q�lY4|F�ƣ�ZW]�C��&�2��ix�Ϸ%��N�TU�W*��\����~�<�����StK����n�������(�x0�>��%3҆:�*h6�j�ڧNQ�L�����mP�Ms��5O�桩��X�j�jw��������&`1N�xXȦ��o����f��#~�'���^Y��kг\6�8^��X(M7�)���f��'Դ��G��%d<����f�WJN�G�hN�+h���b#��T���r6u""pR��cTpO�@�O�Ϩ��-�I�w�""�K��?�������*���6�b�s�C(�ľ�A�*�H�f/Έ����Q�uZ�V���Z�Qk�`�23�L0,�""�(�n�W1�5UM	m?>6��g�	H[p{����;�I�l��N��޴���E��c�'���q>�,���@s�:�0�C���Q����_�s\��HԀN��}���bj�i���0%��K|A�4MXy x�����{�.r,Ǳ����n�cl��k��ʄY�5�Q&�@�O�`[oM���s�ɷ�.���!�s�!ʒ�yūzsL���y��k�w��a vg���,GL�1�r����#��W����E��D��#�p]�~�L�/.֜܎8(��_*ɺZ51'�!�~EB�Ѡ����L쫎Q^Y�;X���(F����ift~ �����V���""-іk��r|�����/��-������&���۪ʪ,o^U=���Q�nu�V��h$$Z$D��@��V!�YX���&��$�,�n�l����ۈ���|�ͪW�Z��ʪ����y�w������v9�uo���u����+n?q�D��Yҹ��˕7�]�/^w�4�W�����z)~�DF1ebI���$a�	z�).{���1�Q��S����MQ`.���{���{G߅{)�[�2�P��9{i� g+���<O�v&�v҄P�I�/����@�Ʋ��	9������aeU�09�-X�̠�$��dI�5�V���8=K�3�t�x�tۜ�Z�$�����n�R�Qː���A��$�c��%�%ٔ��""���T�6e��|<�:�P��(��[����&�C����&�m�>Ê\�)�nr1O�>�L<��o�i���m���0,Kx�wIf��!5�^��%'䤜��rQ.�U�.7�ܑ1�6�B�o̑96I�Z�6�Mj�KW5V�n������r��\+�*)e�a4��14�Y�2�L@vh7�x?��l-��	�����E��+o{���������q>���}|�b1�4mѪó�e�ǎ�Z����ޢcL��_P�K���$^�e؆�bx��L�(��*Sc��kج��ȰĖY��Id�~.��{��	~�$�+�(��p�1�uʅ�;+�]�_��s+4I��J��T�a��^Wo~Xdg|�]�*܈v���S���\""�(� �$dCK��bP*�z8�W��g39P�oZ�Ĩ�P��s\j�|�髜R��̹���@n�r��V��_$�[G�����:����%Y7��r�r!x�8��+ఘ�.Q���/м ��������]L�A[�,L�&��� A�RhEP�S�K�RP��V�k�ß�W&+���!&Zq�?���}a�Qo�<�Z�p��p&�ƻ`���z 8R�&�=�t�kS�=6p���C�Xt`��d'7��ƣ�l{���G>����c�^6%M�ۻ��T��b�Hj���g#�Ȥ��z|��8����6\""^k�[�L7CN��C��q'<�2�ڞ�;5�-d��J���%]����?������g��I1F��v.�Qv�r@��s���j�FЦ��C��?,���G��K���!B��w�,9�����j�:��S��Y[������n� K��׷���v~{3�����e���8Nz`�>�ǣ�c�h����7��Ĉ��ʂ-�нBe�M�!�+�T���_HӂX�H�ܒb+�6*�)����5)LZ�d�j'����Әˏ��ǳ�hE�fNM��HM���^V��x������""i�c�&�w��3�ǅ_q��""���D���-�(��;��� �����z��uO�q�n�M��������� BK4?@¥K�gF>��m��!���Ze��|RvY�u�୩=��y���6q��`?���Z��d+K撵��ܥ^����S[Ƒ	��ǂx�dYl��""�#��P�QM*�n�p��""v���˭�K�q~����[�lVp�j��(�S�v�^��q���޶5�X�`�j���JF��La�	(����a>y�:\4R OD�τ���s~Tlկ�����)٬=o����x����l��=�w��I%҉\�JnٝlN7g��6�'�s���c�r�~_p@�b���D��o�kWE�����J4�����������7z����6lA�v�[�~NA��4�\%����d�a��na���3:�P�5x� �a�O�{ꏨ�vՔZ�x*E�;�KWx�S�DPaw��i���D������[j�E��=茼��=mO���b0��Rh���p;7/�W�i�]�V�{��x��6�~CWݤ^� �GqC��n��-����!��O�TV�&hjQ^:��'�[=����=-�v�cܴ���%�A�%�ʑ�;N��eA�B�R�e�0��6���{�eu�m�""I���f2�A�E���4�2�u՜�X`Ђd��!��G�_��l)Kx˅��Z-����QE,d.�i��F�""3ƘP9k���2\�W��p9Xq�����-A9Tf����m��!z���?�E�ݦN�9����N�):5��C���ʤ3��b�E)VK�J����R�1'��B�G�p��xB������4��+���k��J]��De�4MQs|+Æ�Cp���k��%�WB�<�z�ĺ掅�c+\s��-�����?�=YD�ͨuj�z0�/F`�Ao؛����,?ϯ��:L���t1,��r�ܬ��xɍ���RyV^�Ccq���!�����gqOM��1�����{�Q�1�8ur�Ͽ��i�-I)k���r�|��h�j5��w�n	_A��5N2V�e%�u����KM�s%�֠m��JX�s�D��x��{�9p,D2��|s#��,�X'H�'��e�W���N�;g>���P{�O_8���ǡ��7�j�;Ps�d%�;�Ⱥ��r��F��^����:v��$e[�v�Wꗰ'�K������HYOm����JDbA��QH���#�������h��3��*�n��V������֨T��R���:L��a9���o]9BO��4�FW��������FS6UFP��`��Tˀ]y��)���I�=�q�I��W�/`�""���K�m	������O���^EAJ��ǗT��uّ��w���Ϧ�O��aı,M�d#1���l��k�=�m�ao��`6�'#��;_���(&*v�nԚ��ݶ{vߞ�����)��A���!��¶����@����|���ȓ��#����?���Ѓ������S�C~�88#�8�����Z�09�K�1�9�g�2�!o���ܯ��o�K�V:�}���M�BUQ�<,��|���""������|�	�5�S��/l]�b��zR(�ń��2ҭ����?������/����5v�{�{��w��ĝ�_����»_PH<��R@�S�ZkԆ���������֯��X�$���8eQp����x�iw�V���˗�\�z��s��~k(}F�q!!0�p�[\�{}�De�a�D�Elx��8�$��#�Q�3��%�~�u5�۲.s[��1���&r��(%�`-��RUH(�~��hTfx�W*�7���R�S�ɧ4S�K��������-%��2U�d�wt�j���M�H��X��м���dE�[C4�k�0���l�8N���Z�p�U�x���/UJ�H0�ć����)8���2�������-}Z!�՘��""����	���x0��4���hڡ�$�Al_uKͦ(2""��Od�]���]�eS4����Tm�Z��&�x����	���$Y�f��ݠ[�5b�n�%MA#����/��a�x� =j��=O|A7}�\��£x""FG�O�^� ��_֑(����,��d2Y�:ȸ���F��ӊ��3p�GGRV3۸]V9���Ĕj#� �O��6��Z��5�g4_Br'��f�������p�i��w�;�""uQ�hll-o/s0�!N���V�������ū��^߻�GX�S���+��|����n�4$<�luLd[�vgҙv����?�q��nݹ�G�/�4�I�u`<����l��4�xR!��{���i��q""t��w/��M	�ϋ�""d6m�0�B�rR�1^Qb�ˉ+�h�9*�!�P�_*9�$�����/�o����y�����	�l9,��T#Q�{�`3ǀanh�E�5x-��z�B�U�����N���G}��Eʣ*Q��@��r��:$S�D⩹�KR�'{o���w�ll���,��ÿ���B/������V����Ou��q��p��e�d��ifd���m�5>��|Xqg[��N��l�>|�T�[MZ83ᬮ���v��S��ǁ������|A.�(��V��j�(sSG�k)�����rh��Ҳ��ʳO�����껀;i�:G�E�*u��8�������L������`}�1P1����//��o%�����XL=���q�|� '+#������@�x7�]�j\�����>���X1ё�)ud�!v�<���[x����P�?��੪����-]��zH�<�������l�G�Q:�o;3weVa�3e�Ka�P*���FS`A���Fc*_c�x""L��""��z�+���7�B:��w�H&sѶXW�vȥAy�[eß*S��[`�	&�ӯ.Ӫ�s�6a�{���D�N1��{(��P����9����d;�S�v|���g��|'?�nd7�XM' �K�D��*���ldc8I�������z�kz����<��AX�r� �X�Z�3���� еW2�,1�ꫵ��x@؅��MA��""��z�P�y���R���֤P����~��ڋf\����j;��zj�����P_���q4�����t̮IXDH)���ba�-����.��K�P""��=<��ب7�Su)�7��.���E	H�T�S-3#""Yf9l���<�'�$�u�v�|�����X� `%/'TF���8;f_~D��c�����M�F@��#��S��k��ۨ;�ۋ��2���J��o����dy����r�r�8n\l\j\]��b�n7;�~s����/4.�/L.�.,�[>^>�wi��޵=ͬx����1O��YvEN88�`��������u�=�/��ƞ�8�Ǭ��������LǏׯ���S����R�~�6M��NgR瀞٩&�k|RSYe�T�A��&ͯp.WGAB��\�Lj�J��sd(��^��ȕ~�!�,�a����qE5<�tT�`�&��w)�� ��j�Q���9��j�S@�E�󱀍��������R����1���G��F�2^κ�4�wi�~�X�%�����i����Y{8�z��i e;�K2�ZS4ec�����ؘ}9�MI�Rk,˰�s��Gyg/*���+RM�]��]]8�\\���;�Ήw8*�K��u0�{�^���1��x,N�V����ǀx*'�}""Fd�,	���#]�"">t�4���b!��-H���)^z}0v�őB����Q%^�U�CƑQLV��eE�S�0>����Pw�*G�B��+��A��\.�$]����I(~��g�M�/�wcT��R�Ӫ̨WHM��r^�O�Q�҉LX\�\�k�z��u�~b��	Z.�}���q/��L/۫Ԫ��Rci@�	=�W�Ql�k�-��Q�*(�/�@��p0�g�Lo�G,���XYd��%�;��������ΉB�ߔ������ǽr���'~������\���?�.��懺��Ɔ�a����d�4�`]�2>@����M~8A���˰��OjS��.��j��JmV���k�΁s���K���ਭu���lmumwGQ�DI�S��=o��+JU��¹��_��_֯��t��`D�<'���?��v�y��0C�G�&�1g�&>&�F���I��`�}�*�J�_�!�J YD;��j�睘����m��	�v��lv����2�,ӷ�q(��M��»�馥]mJ�z�B솀vI���V�W��&�!콥� Hm��GS����}t�/O�w�w�aJ��l!WȧK�j�d�UnC���Q��8�b����˟���|���4��z�Qn�;�As�\���Gc�� M��v���4_[?wpHHA�_*��#��Pz�[��5�D�D4_v�5���@""��>vyc�2o�R�鴽n�k�[��\I�a]:���#��y�[��BT��xl����2�4/YI���0m8(�(P>&h��R��P?�h�S�H��h��tj̉;dˇt��a;�==f�<۷�n���p�VNZY(�_�?������s�k��vY̢�e��ޱ��D�p��""�Mm�&?���z�K{9/�����@�������zY,�p��7FY��u��14,�~�!4�-�W����-�(U;��_o�^�p�i���s�����s�(�K��;�B>���=��\2�We�]#�ޗ���g�u���pH%G�$R���|�[�p� o�`�ur�Y��I;���4ّ�BX+a5���ЌԕMۦm٩Z����|5�(7�X]��F�d|�DG���&jU�^a��F+qK5MW���R#ɖ���������R��4�+MԢ�J��d�?��K��c5��L��|�!�؀Z.u�z�z�z�jN�Nf������fL�ݝ���6�����C��y$`pm̷�]�v�a�e83.^	|��4�����0)#PY���D��E�q�[�lI�,+z��Yޔ�s�Os��{��vY)��+ɬl��P_f㖬��Ȧx�u��8�oʌ#ɜxN��~E1MC5��������cr����M�X�`�{���75��*�Rk���q�3�es�i{:�KUE�uG���̓1Q&�̹xF�$���VNA""��Q?N{��I�""��=����Q�������Z�[�ܸ�����]?q� ?(�եZ�i4����4���{M���%�����OveKq��$j '��������h��W4T���CEՐ��\���f����M�s[.���)�}�l����-|��':�[�w�߃��)���]��\��iXP�������62f����n����6h՘��~&̆8A�w���}�o6Z���{�L(t�d{^�t�Ŀ���H ����?|���>�.��=�Nw%ъ�.�3\�3c��ZSA���0�>�C���G�c!�#|���?�yZ��i��S>��`�[hWJ+��`���Jw5�� ��eI6uK'���^�_M��Ii��RZ+����L:���)��1����DG�t��\�'��~6TY8@�2��#3;���ɽr�1l}���b.���p�������4�K����=Y�@��_tǶ���{ �PL吽EC̉���!�6�N���i�J��x2^/5J�I4�p��������}�ܭsQ`��_�u杭���k�׏qX�j�������5�����_<��,�P���+jA��@���0L��p�f	�a؜�iŴ���ͱ�����)}����祥�s�t��?�9��Yıv`����E�,!�u��� )st,���X&C;b���A��f�m�r�x�E	��`a�󱰕��8	�m]U_�|ZJf8��H��M�kf��[�g�I�H1)!%�R�\ ��C�VY�=�r$�J%� #����i�*Δ-�{�WH|��3�oC	�7����R)7ce��%�H��>/]��>�7Qw�6�˨�Cˣ�@�r��L�io�F�����-�U������K��ި?Z�D�t>[Ȗ��j3�ʶ��.��^k�$d��p&H��vKQ������ݻ��KȲU?od;�߅��mYBV Zp�ɤ��Bn����iO'	+.��Wq\Ӷ���1a��j<�����@^3Σ��|�""����4�̌��Q�S�R�~�l◟|�I��ø�Y����j�z�}�~�~����ϼ��Z�ްo��������uƝ+�WqnW���xz����^|����Hx��+���=��,B��B��{5����~~S�����N�k$.sdZ���'����|��x�$�i�gr=�K��t�N'TZLgņL;���X�h�#���aJ�4�p�:r�������qQ\2hWt�9��Pl|�/� da<�qf+�Z]_�W���^J�*�qzRϤ�����K��^�;��`)��ZI�����~<8?���q�3�F�HX��5I��RAW'�����JuVݫ��V�W8s���ږs��5+��p�X	""��c�����G�g@���p���m8H��ݥ��q�qng�Dl�Ȱ��L""�ͺin���[���+��̾��`<�����A�ü��������lёLˇk�PE��& 6���uHv2§�[h�#xs}D��q-��n���L�R4����tZ��SO�Vi5��q��/���;��z<�\�WDKN��ږe�V*e�'�@�t謡��ch ����,��p_��G#~�'���P�f�Y�6��j�:��R�~�4��~�ҫǣ�ԖT�������T-�ZZ�Hy��~��X(^O�gKP��er�`!�G��!�mvzO����(UǕ}������z��.�Btɹ�_ÒE����|cY����e�}�h�b�����TH�*p�E��dW�eX��&�E*��!�_Vg����25���������q}ws4:���x�-#L�b6���ْ���3��T��-#���Ki�3�E� T�l�j�.���k�Y_�L@�Y�՜�X�b^1i�7x+i'1e��$f�:=0FEB��F=%�7��K1ۻ	��Η�æ�n��rh�*��e�m?�Q=$��uJ�V����Pw""w��?�+�ʴ�1ߜ�U�+ǫ�W�Q�`�rɹ��1��˕e�f��:]^Z^۝�b��X����\�z����ֽ�Q*~�R��`�'��)X�����&DX�����ˋpfk��D6/>&{,��c�q_	u���uU�y�O��iN��Ӆ}$�1[�vMk��'bJ܀��G_rd+��x��d9v�t������j[��Y�h�""��q˳.�y���Ok�S��a�����-��M�""�_�ʀ�@��d�m�^�Z����-;ra���-�-l�o��ol9d�j�j���;N�K���lu��wD�n2MbF�s�z��o�~{ogow�`�O�y6i""U��x�79K>��:�7��\�B^""�� m#���l�3݀x֛��	�@��#T�L����'�6�v~l�^e�Sp<���K�f�mz��""B;�(��/���� ו>���L���u[��H[}���@;�t�t���ad�d��F�Y봺�qf�Y>Ia3[�茰��._,���3e@,�յ�Zs��6LO���Jz6Z��6F��[��˥�}�\6�|/S[!2i�o�X�J��[��h�_������}/�^#.�;/�Vt�e��Εݢ{�.����r�L( ��s��@W�X�*O���2�;�T﷙�	~~�%�@����.�{����h�����	�Ә�k��R�޸?vG]���(�����s�f�U'�mw����>gF����?���d{x�]rb��>����]��/�J^�>:���e�X�a���{����lo<����S6ò�~]�b�m���ŕjhě/Ѽ���nֲ�_f����$��N���˦s�b����x�������X[����r�|�ܪ(H�ɭ�>��$&�c�������fl�'绻��ɭ-��ĳwܟs�ʧ79�-:��*�.��9���|q�b�k��?~�����R������Z�����AJ��lg�;#�5�W��K<�|K�R���u{K�垁����������Vo���#���I��u�ѩV&�=��N]�*��I��ћ��Z�#5��K8�^�=Q�w9@h���r�$vR�^����󚶍����%e+��9�(��P�5Y�e�mhtu�q�C��F0��ۣ��G�^g,֒,��,�½�2�����Z�����id{;�;X�^ܺ�%�:�!��	8��%""@a�٭����jq=��޾�s�\�0}�z�z���:�j./���l4�j߫N�I'��X�i;����c kdcD`�C�;2a���-�}�Pw�zf=��3�V�:\�Xv����V=�pk��0BC�o���H�,�$��gSt�g�~���܉��R	�k�o��̯Q.0�:��>��$v�k�z�Qh:�~�B��bX��*�^��P�Fj�(L�#zr/���tD���닑:ٚ?��f^�d���y:�dCn��mW����8��Jn�]o���d���E�1�W���]�R�A�9Z�Vs�=j��""��;��D�vD}$b��M��02ʺ����>�[+����.��fHZ�h��j�F�qkeu�����w|��y��zr}ߌs �Tski��W��k��R{�a|`���N]��㷴��_h� �Ye�h�����9�cd�f�D3��v�Ϸܒ�ނ��˸ˡ�͂4��/��n�I �rͿ�f��ev�%��}�'��:J|��rA�D����(�_�v�oS���\���n��V��)�ʩ��:RWHCiܞ���+m���b]��𰤞��zEo�-�+��a}T�ԧ�y&�t4k��M��j����z�$/`?��H����v�5���HWj�_r�����$-ZH�3�~<�boӜz5L~��Y��v�H?�.��U��� ��tb�x�LRX�fJ�{Ɉ��<�X�c�3���Ӝ�����~�9�m׊��X�������c/n�W�/3���Z��PH�u'-��)��y ��>J\�k�Hf#�k�l�y�wyV`B��d���ɒ�	���Q��IAt8�G����F�UQ\��j�/���^�95�q���.�5����O��'_���'��&��k""��}?6�9?�ÿ%}��!v%'�lϰ}؟���7�,��¤;�b>���:k��:&8_�fr��'�:�I'����""N��'A��&��H���G5e�bF.X�H~V*�.%Kj���MS_��lAl[�R~છ��.���UK�<�����=ih	Ӄ�$#U7\$�=�1�H��j��j+��|�o��V�uР֩��9|� h�Q�t�V��9�8ڸ�qyd�]Pw{�R�!���`��Fs����s|t��Kr�D""�ɭ� �""����ER��b��3�_8	���<ΥyQ3WL1]�`�˲'��X�U_1�w��ǂr��EI�����3+W%���I����®�w��n��.k��{&RL��E�U8ڋ�H�' ���k;A�8�c��!z�k���7�\]��@.GB��+��-�*�<`�������Qo��������r}��S׀ud�1㼋��z!>��ZQ�ۭ�n�M����o��I%Ӵ��q�m����U��~}Ͼ�'""RN�ųaO����=��t}P0Ɏ*�����\���c��6�j�Eݮ�h�x�3-�b5�vm���nN�ff�TH����icA�Z��u��M�j��l�}Ю	3x�z&�%��D��e��`{p087�9��'2MI��j���k��+��	��>_?�2��}���`sc�D���k���vz��5��7����HΙ���N۲�۴�fZv���JQM\u���N�""���T����0g���tۖ_3WLr��Q(��n�v�tqE�\�u�w��n��X~q:Og�L~�>������2]u5{�c����EػnP6ks�hK6�.�]��L�f؈IRY<Ni��N�f��_��O��.�₺�T^7��9�Gt��կs��Pci�J�	��v��P������-v�SZ*/�z�^����,�.>��:/�z��6G�iu)�Л��Ž��}�Yx���q>ɧxL�`�gL�2����������1������qʬ��K�ǉ�zA�S���a���K��N����?������sOL+ƹ܎�8���bpT�e����d�,[d�GL��E�+��FM���b��D9D��.�e�(��t;�+:m�6���B���<̇�qn��̓5�!�#��n��:#τ�S�t""����R�}����}�M�D/F.��'V\e���L����m��Qq.5�w����S�����c����w�ٳfB��J�4�/���MЉ����#1*{�Iu�=Ph/D��+c-^-7��|'��c=�˴B����pw�����{n|8V0Ů��L�T/�k�f����������`z��4[����1�B�G���q/��{ U�'�q�ag�k�����$L^NjY�cy1�g��S��u���',k?H�3�5��5���Rݴ�'hޖ��!01��4�h-���Ij���_8<�ZC�vE�gn�����O��?���)�܃��'K��������a�x��f�T�����f1�ԓ{ZG�8ԉ'�D5QK`=�x@�����cA6�p0����$lƇ�3U ����Y��bD�1�,�����8�-�B��L�u�p*�Ӑj�p{�?�V��3���j��k�'�`���)�t_k�ҧ���Ⱦ��wG�*o;�e2'�<�;V�@f��l(��d��A��ﶊ�kK�Mߡ~�5�� �6�	�ㄵ�;>�u�ͧ���RR�~Rf�I�T{��ǃ�����;��S��O=��q&���m�v�v��M��~���������O�:��4κ�J��9���s�Rp����n��""��l�?���pT�f��`pÑ''y��fКx��������r����""%�;nٟ�Hs\%���|�bYl�!0�����b�P,���""�(�v$�u��5^�\I�3�ω��_�۶-�""�)���Y8�����vA��j���f����e<��+�sh���m�N����a��Fʶ	��?�{���_s#��_�N�ᄅ�)i1��մ~Ѹh��4J��s������������4�0̜fk�k�9��O�ځ~P:(����W��7|Pv�-�vrNީ�u/�s}�_Y��c��wΥ���eN�n�{��C�������iNX�t��������ʞ=����~?Eӱl�&C�l��l��gZ""�J�K&������3,��m�8�1,c�d���|�E�=��)��ʝ""��L�o|������>5&��H�ɂ�g�?I��ql[����b|�܆fj8��Bb�a��/��K����J0��~�2i(!1����$$�Ч�����t���E2��COW��ʽƽgM��@T��슸�tKU̪�i��Q�k�])p�貇~��k��D��ȒtM��<4`�z큳��?�uJ#�V����!	���S����GKӥ���O \��W�m�e<�/��-7WtnɁ���|,���=�����˄���9��z��""��3�F��+�Yg�Y�lU�+8�53�Qm��i�q:�κ����Fs��S%̄�q��9�`��f��=�ͳ�s��M`���;��j<�h,Eƀ��=.�hN��Rl���v�tZ��]��Z�á.e�ú=�o�m)�/�@���Z�n��O�4ц��)|M�%��&��.CU�!�X�k�9h��T��l3��v���p�7ߟNH͜|�Э���V�]�5�M	`)ľ��wy�2]��g��[�����hwg����[{c}3���Jk""��h�N��Q���,>Sɓn��m�gr��[I5m	��@yȧ!�/��r_ėu���Q�a��]3�5�-��輡ˮn�:�e�=gɪ�DV^� ���G�?���;�&�f	:F���vh�""�^Pe��P�{��T�3��hƇ� ���K��@H�wO����;�3��0�k�uP{��2�l%i�����ܗ�����sLI�8J�㟡��W|*P��c��nl�J��j��F������(�.�B{⒝D���/�K��_5[Z���5����-�kx/�m$i�Fl�0���%Rn���E톨ҫ��V�O�YT|���/����-��^��E��]�\�JA9���ɦ���[�(��%��#c�l�ʲ���f]��d 6���?��Y�'ޣZVc�ެ��,��$#�X%}�$��wH�%�D��@��~�{��#���n���~� K�:��2���HH���Ƴ��������͝�n^��Z)��v�O�2�nݼM����_�O�h#U&$�^��Ѥ �4�|+��,��Dg�(N�'X[���~�O�W��JJB�1�w3�0��T�`B�]����O�y�Hd\����a �~m6ӯ_�gp���(�͸k��G��j�1t=�����%�bڗ��^Z�g��Oʾj8�B&r��/��wD��=�Y��@ĳ�:h��u���j<�jRͨY�8�""���8�|+��RJ�j9M���0��n�3�ia�E��jҨ�'J?z0�]���ڝ���{|'�-� �������{z���{gwgW�S��@�C�$�Bq��e B�DY�H�2�`�ı�8Q��1vd���<�ﯪ���v��������;�������J�?���	����̏��������~�#���`|�4`ݸ�9��!Z���i���$7�V8��iJ�2�7`+��v$bL�+�E;*�G{=0U��6�`�tD%��01��h=�qf{��=�7i�I&����&�,�\PA�΂H�tI�L5GӍ�X���M4�����ނ�m���Ts�\�1��5�j��zm4�U��k�R����ȇ8C5y���<�1*����H��%�`��]G�C,I;�]0﷎&��ۚ�)���a�p�'���5�w�n���K+��c�'��K��e4�*O��P�t�f��c�kb�t����*�^�6�k���h6Z�N��Yj,7|6��pv�8�ØC����	�@�����릻�n�[�v[�c��ٕ,V p�J&R�B��§�2֍�\��%7*����b�|�x_�)4i.����lE""�뒢������f�+�3Ӫ�X[�Ǒy��,�wǵME2�MG/���{�#��������<�ğ��y@{�A'�3��alCSF�#�2�-�M��~IĹVĭL$Zb.�OՊ�""F:M1��T��>���������5�y��$�������mǘ%$�����ٳP�Ϲ������e��""V߄�:3�͎&#���F�ߋ����F|����;5^u�%b�8��z�4Q���6J�%�Wrq?��RZ)W����щ�<[�+/�,�l�l�����g�g#��N�+S������6|v����k:�%��P���8��Ol�1�Ԭ����r2�2H6Ei|��b�E33\R�06�t��Iv}0icgR��~�.Y�	�s�IR�q�-�0i��x�h�Gu^@\��-ʶ�@����q����?�v6	5�e%Pqq�H9i���dk�z��me}��B\��m��gn$��ˇ�~���~��sf�������R��\�8�vGL���y�S��kjjl7s�e�E%�����'��~�$�?���3hme�!�Y�8ʀz�c��x|�G"",�5����)(�Y	K.:D1��,��L.���y�������ߦZ+�O?qkp�����X*_Fc)���*��T7�z�wU���=C�4/)�����J�8��k�2�'���C닂-�H�����z���n�6�<�d��qc�4����T���t��T���^_�Qw�����u����h�:�_R��In��""�r=1��tE���i(NQ4^�=e|�.X�c��Θ*�$�Ȼ�!��������Bj�����_`�4��HX�pf��_M�}��������=ݞ�{����m�`a�ċf��:s��;ٟ��N-La!���3t*�����볘k��K�$T4�|Al�$�x��d��_�(��_X��S-#&m'&�e��p��a����*�^Wt��%+�./&�X�ͨA�49�0tG��5T>ɩd$�U���=�'���?�/�};�9��yb��iG��ĕ�C�ߴ}�'n<��v��͵rc��Rwi<��r����bn%���(l�q��7^ع�s��ێ�2#΃c+���b~)��������p(8�e���8b|�IDn'��r��K����N;z���""��R�G�?w>���[}A����|�{����*�+W�o��1W�Y�Йۯv�'��.x���\�sYKR��h��$�p8T.w:F�k�r� D�������$��1tjw�TkB�jB���	S�n>����r77�p���u��W����=�}7ɧ�(�s�d���lC�*1&�馐��:�A����zK2�Qg&X��p���*�Q�n.�4ѕ���d7�u:-�=[""�#+P��*�O'��[$��Q�dJ�DTI	��.*'�U�'y�A�&���@ܯxw�˰Zu��\� S�B�p�p���l>��hnt[㭉֠5�1�1�1���Zn����*�(&�t�h%Z������(�O5�-�!�{����������P�C~	R2���s�D.h�^�Y8���|W[��wT;�H`��/h���@�(Y���dl�,��`sl����;.'�d�H�;�N٠��o�$E}�M�j7(������'�UA�[ր�,�U*͇^��O;N࿪���:� �mp��Q�q��!�B�6Z��j�*u�>v��6O�;�/N��G�����+r�:��Y��G��'N������G�q�:9t���G���w�6T��_@$Y����$�ҿ��)�&��jrL��j�s�6��8_�U��\��Ϲ�)p�*Z`��юC��@5	Y�CL�Wd�'�lo	���-H���Q��)��ɳk؂-(��I��T�(�(ɔY��ܸ��)�x�$�|]ѕ�a���o�'&�.�O�Y����A�k��T9�j��1Q 3t;��*�!7�B>T�v�$�do�""	��מ���l��ȳ]��'iA�cL��MK�](�%�EӤ!-c���7v\��%`�<�$h���t���E2U�ay$���$����;��%�xv�)8��I���4!)�0�]f�vf��}���STT!�>ɭk\���]��[�1�_>Zu���@��k�0�y>���'���u�� �u��Q|�7$C��&V�q������j�=�az��ʾ�=���ye�ҥ�_ 1�(���zKoO����(����*Hls�9A�E��L���{5^J��NTg���2]&\��ra�nR���@�4\����>f#�q�h�����a���""j�H��(��MOTl��ծ�,Wz�J�_$}�q��wh�6��LAprM���JbKS�N�C��7���4�k�yL�q�Ķ�Q����.n:D��[zu#��[�R-�����h%6�c\5e-+,WR ��!3����S�l�zyu��T�&?�""Y��&�B<s�W�G�|}�(qOȩ�\6�g�v�S�����\a��T�g؃iP\��$���_(,�""���hg�;���*N�������B[�(��%��̞S��	�R�QƵ�k���)������Eu�)��)�2�4H$��	��w����zBq:�DQ��H�(M�Q�f�#yC�e+H1S���sSrQ���F�I�d�3I�%���3�?�M@d-�b��C�9�8� *v ;�,U���&p�~g/��w�и�HG+L����ʆz�!�/�����;�mu�aWN�N%�f��)��~�=`o�!3�fԎ:Pptc=ִ����VF��ݟSd5����)Q�S�=Z��Ұ��9��y���k�L���D�|��ű1x�^o�nw,`4r)�R�m��9I��SUQ��8�-���Y�!��5 Kk^隡�E]6�s{l�""�������g/A?{���9^�����es��H�9�ڗW!�\���îȵ9��ss����>��MvR�0˃;�4��tJSh��� ӢAEL=eMDl�s�Ա�?�E��C��@��x����|�>�3����g�w���G��Q""6�oy���HW��/��J�C��/Z�g8��`&AP.'����N��������|�.��X	�T|�����j���U��JR	�+BS���m�<�n�>CkG����j��XN\��\ 炷����y�N�~�����n�_;��l`����9��~K^�Qo������������Ι�g�.\�w�� SQ��!:`��X���759����Ä�}��ƽ���>�f��	7\�]�.���}_�s�as�[�9j��E2IӋ��ق㦄����(GDs�1�7R�µNi�V�Fw( �A�΁W\��(EH)��d&Q�I�ɸ�0�d�,�ER�3K�R)f�,�-ۅ5Rf_E��J,V���5��^dq�$qR���0�|�E#l@-�3��ԭ�x��W��{�	G��mT�e�?x�2U&������C�'Z���a��s��@�|�;�ce����b=-��K��Ā��>{�6X�M�I6�fY\�D�s<,��Z�ྏ9��F���o�'�c����z���j����5Q�p��[/_�FG\w!��}J�܈{������֙���'�3���B��Z9�""���dB�01vYK���RR�#����8S��g�XM���~���7%EV�Pқ��<]�W�uac���A吂0[LLNO���B�P�Sj/m^�,�y�4ȡ��=�+e�a��=��-:�[,�s�`��^sy^�-W��f2Rɒe-�d��P�<�R����#H������舮�%[���ϡ��Xz�儦�1�^����/!k��3~�����b��;�	�v[�bP!�Vd^�ٔ�r�}�'����ka�_�7C��j��2W��~H��>{��P�dX�%Yh��CY�͔�%�P���R��,�X)��g�r-ϊZX)z.�I����#2�����EQe�\ejL�o�2��T��ʧ�^B�R�~@df""pZޗd�>��ΏY������qޘ9�XTǺN�;����������:��q^��ڈz{���7��0c�{���ȐE�þ���%J�j�z��k�ڳ�ٙ�|o���[�v7��]=�F�R1F�Z�����Ơ1��јh-�-��z3�������jg��9�5���Q�|(Dfe�r������Vu�����������������MZ���py���h�lQ�9IEHN�M������Q[� �vCN�Ȑ�AMx�@��<׊��}��]d�XZ�""1�c�{�ܠ��E����|�ԩ��H���AܾMGt|���nӎ��_������.�@l�}�S�G|���'����ՍUV��W���`.�#\J�F�#���yr�<8rh�X�x}�ȩ#���ޠ�\�@�@D�η#SԔ9���d�P)V��L¯g�ɋK+K�KK�*�+G��o� �M�Y�|�ve�y��d���8� �rFƽ��!��q�T$)!%c�XV*H�_��݈�����iE�� �����=;lH��O�ʄ�o-Xӑ��==�D��MOO[�t�z���u��\,N��0v��{}���Ǎ�A\%ƽ��܌7�-�c>Ll��HJ_������d?�/HEiTjK�g�Icʘ5�E�Ѫ�+�c�6L�	�29\�����F����RH�:ab��8��v֌��Ǎ��_mv�-��-���T�d�	]�Ȟ��Y#�s��Y�S��-9��,��uKSW�p�q��,&��L_��6�zm���s٬��2�![q���|�f�R%��9���s��%�a�싃5�3y5�={��	���m݂b�\���{9+=%���R����d�o�4�E۶k�բ6uS��5��,}w�7�3�b��o	[X�Tb��ƖƗzK��ɥ��js����喟:�l2?�0�SG�[�ׇS����Ǻ�ng�7џ��Zn�4ׄMaK8$XEu#�7c���k�0�n��N ��}����C�V���44GNi�|��Z-����7I>��M�	W��[���)4�P���c���[z�d��5�K�i�i�3�bH�79�tˮ[r�C�{�T6����C⏉$��&����$�_3""Q�+yR%3����G�Jj$pS�R�{��^�b�T�8J,�kܔ��5����9���6�;n��L�D�+�zi�i�e$��$���x��{Q�2)�!]@�j!C=1�ک���""�/BQy�]~P��5��2�D��S��@weuNuI�U%���^�+{�A��تw��:Lo�M{s��]%5�8A�%ģ�h:�I棅(&�1�]nW��v�7����k��dm�7ӓ5,����ݜ`�J��_�	�(~?�.�.o(�(����#�x���NL,~�@�W0�ba�`+�ϸ\���I.�Di��ʛ��C��z*���L|�]�W��}����4Ww�k�#n�u��v�ݞ;�NFg��Q�CQu�0jRMu��\&�)ʅj�Vhd��njͤ:eΚ�%�f�Suw-������w�f�I\�J)@)妤�%��-��F�I��:��ʊ����7V:�~�1�NE6�5H%���߀�AGQ/ڐ""+��:$��mGJ�K�7��3�ȯy�8vuU����M���yRm�:�^�ߚ����H{�y.�A�u�:�~ �~���M�c���X���04$@G.Ґ}�n��Ꙛj���!��9���hY��`���j�rK�����!Q��ESU�E�T��H�d*i���6%UabCZR��(��'JT���G߈����P����W���X�-1�Od�q��""N��uh�ڷC���J""�0%�w~�7��B��$��&��4pDa�'T�L4�iߕ�s��N��9�%9߄�x�U�~�h]b""��w�����-���*�""`o�7ݣ�8�Ց�H �����dkr�ֆ8������>�O8';Z](,X(�ɒ�@:����0��P���� z���!?��|i(<�35���T^H�F5�<ƀt�Rhn�6�k]�>ilm�43��ƻ��wj�d)��""�D[1�u`%�$�gK��|fG�����`0@����\�_��v*&FD+�3��5F����Jok��*���g����������w}yiesc+�,�/�iآ�:?.^�=28l����N����S���H_{�t}��0���Ÿn����v�=���$����8�l� � ��V�Y��eȈER��WF�2|�AM6%MB%�QL��v�2�Gد�F�F�%_#+H��=O2<�lAiaY6jUװ25�!DB�{E�""F�j��`V~q������5��#U������;�p����.��p�3����O�ڹ�}i��훷E�t9[s�l4-j%���'�?�}�����;��oؾy���)	�`@���������|��K@9�tN�V��/��""�~{�����BC�vZ�����p�0F{�m\�P߯�>��ã;pdc�E�OO�3,�h�?�4S��9I��yHN��ɗo'�HD\��g\���1[��t��i]N�O�KZI��׳/ʜ��dE5h��iR�TZ�TYO����8;UJP�K����$�+��%����|'�""/& ��,�F�0` ��xn��k�����2�[\�0����S$IT�NF""���9�akG*GO��Q��,���ğe𚡢�B���""���%��#f��Dl��lxğ��#f��^���M��'��g�s���R��9,��(��$D�[�e��N�3��+j� �`���K� M]���4s�k���6�6��d*�4OyY>[�pY[LǺ��11�9lNLLD4ي��L3푌�	.w�M3�+�%��4DK��A�8Kv. �Cu#�c���C����B�>������T4�H%S�m��풎�11�ޟ|]���}�6���Ң�\άHk���M7=�d(������Ɇ�x�N��&�ut7��ΝC���\�[@�D��tطR�ʂ�����0""�~Xv.{�3����+�z�n]~���þ���[8�v��5, =��	�F�P�ϓ\An$�4�X��H���1��""�uMԺ��H�6HvJ ��.���e���)+2ۢ���E�����o�,�}V���uU%Lb,�ڥ�G�8��4d"",�'Q�P�PM��b>�g�vk�Ϡ���S/Q��bV���`��(���ջ����1f���l���Nf���C̦�j���0�����������P�bF|����+^F+f�n���ښ���u�N��=/��;m\o(����,:�\B:@,i't䐌��+����ÊmXj��|�������y�&��V1��WPŪ�O,L�OlL�>�}d�����������֩��-\Kc:[E��7Dͺy���G�;.c�unv~qa	�;��O��jmo9B""�A���g����W�S>ݏ��""�Q���kp�cP��S�BA�x9�@!=K�������\qbr֒MJ�-��Ŝ�=���z*9�*͟c]���ârh5��e��x�h��F$��l����gX��4�<�"":��2o�h�0F�@^D�[��H�=$�����t2k��.�x�9ER%��IDZd�Ks�ﱅ|��)�Z���n5�))�G�nlbU��kw{���䄎�P��-�s��A�%l��.�ݰ~9T�s�o�^oĚ���A�Y)�$g��=82b#��2lʹs���F�h� ]Ae�d����-�r�Q�Ȁ0DaNŸ.	9k���,�p���a�3��vf<��LNLM�N�M�i*JG9��M�0j�q؟���>�Il��YYR���ڴ�>�""K|�`W�	�K���(;?O�}C�� ��~9Bi�iSm���C\�ip�y.�0��p���Y>�{~������Gtר�����P����EI�05���c�Uh��'��Q�dR8��Po�Ľ�㸝�k��qW�=}�4��9�޷�;��������%^�]�oW�q���F���/����'W�|���W��C��a�0�0�o\��������цq��i3�����ȇ�##%�0��5-uK���W����`*���}0 �)2x�d�����s'�O���qF�^W ������g�k�02�3��Ƚ9b��3/�8Ä'��Ȅ�£;�����<�d`�y2�I�ޭJ�)�G|-���H��o��a��wG�wVx��G�)��?��������g��5z�\m�uB�><*���s�{��7�k��Zx���k᳆梅���p��}���>_�S�Ϣ��%���I�~�?wɽ�����7��{������=��D^k�ܳ����������k��[?s�}��{-�����>��y����ע��������T��[y�}�g硟��yr�����ǡ��ɽym��ʾ��Yھ�m��0���жx��;��p^Jxm��v.����>��T��v>C�����5x����޼�������=[���� ��-����}�����)�¤���ω�_""�ғ�(�ˏ�/)��9�KjB}��cmG{J�����ӯ�q��b&̓�{�gͿXGw����,�ڶ�>o��]���`��i9����+��\�-���}���7<�;�=�}��NT�����E�})�����K��$�>y.���#i9��L""�ȼ?�����gr;�������.��h)UKϗ�?\�����[�f���U{���?<ʏ>�8�x��@ku�{�]�X�v'��w2���b���;���+��'L�O=5mM_���������m��濺P_��Ň_Z�\zj����ʥ�o��W��&�=�~�����ͯm=����?x����CN�����������=�7Ǘ�v;�}���O�'�������/��o��i�����{��3?�������gg���\��g�8���]�����˗�/��o���O����ԛ~����y�濸e�n}�6��3��py��gn_���;�;�S���;_�멻~�K�y���ݏ��w��|��=_}���~��������o������{�ݧ�������ʛ���7_��-�V���������=~��3��KX~��_���#;���g]~����<�+?}���q�WK<��wξ��w���һ���g�y�{^z��{���w�/����_{��#����g?�~�O?x��w<�z������O�ڇ6?��o.�旞��ɿ����o?���3��h�/��KOŞz���|������������?����6�������?��w���3�g��d����O=�i��W>�����߫���+�+\y�w�6��~W���?��짞�~�O����s�/�/�|������+/�������|���GR|x�U�#h""r���1t��ѝȫo�B�;��w��_!�vz��8�s��B�����]��l{v���5؍T`W*�.��]&�d���H��3$V�+�_$���tx^�.���D�(��Ub����D����-�]��|x,<��D�?��ax����܀��*얗`�0���MM�n��_l@L��&�@�&��9b��	��b><_���k�jx�El��!� q >streamXG�P�NA}3ݖ���BI�r�(�0�iC�J�@���@lKB�I��0(T5�/�Hf�Ph}�����{�f����;l{��b���C�\:}�xz�^�?���.��@z�C&�ƌ��F��������c��:!Cf:D�5�d��%@�e_&6F]��.�*yl�(K,ɣ�T�I�t��е�Ę8@��Nz%٪�""3�Dsq\�}��Z�]��N�Mp�5瑧�ψ���!x�nF��>�ˢH���Qd��8=�4�з�F�eܲ�Ĳ`c,�z9RɌMdB�fd��ӫ�G�>�O��a���7o{3�endstreamendobj15 0 obj<</Filter/FlateDecode/Length 1292>>streamXG�u�UEƿ�""J�4��-ҍ -�t#�*�*��H��bwwwwww�~üsf�̹���K�k���������l��$�!����O�U�?MA�\�&ET�/��wEq��eQz��9(ɰ(�(�R(�2(��=�C<p�W͌r�9*pT䨄ʨ����Q�Q�kM�Z��:\��Q��>G4D#4F4����m��������G��m��p����:�:�������уkO���}8��}9��dӟc�bBc�r=V��0#0���1���8�Wu��U��ɘ����=�U����gq�������$K����Sy>���Z]��p9��OV��X�%�O��r�R�e8ͳ9ݣ�g$bX�3�鬠[���Hb����*�o5����y��o�k�Vw�8.�ͅ�c�Ez�8Ɨ��I�D.�T���e�E��Ҡ��q|\�����]w�|%|��U�v�5���k�>�Z�u1.�zk���Qכp����Q\n���p;�;�V�NG�w{|!���f½�r�5�oM��A��C*?l(���A�W�	c�$L���i T0���Z��x�Q_]��}�%BE�.���9TL��[��7W���\C����g[��X�7�7y�tTΚʻ��A�����2�*�^5��X�_�TM���F�U��kY����cM�:��T/�mC��tm�k#jl�p4U]3���[S��0���L������ژ������M;�7�ǿuH���w�̝��(�E׮��n�����C垾]<���{;�>Q�q�����	o!{��4������y�;ϐ}���w�P��p��:�FE�JtcTK�}���Qh|�Å&pL��$�'GS�����4@�e�ϗhf��,�و@�e��u᡹�����}6� ѱ1�""8�uQ""��.N�8�b]�JZ�'Z�Yt�{S���͉ >endobj17 0 obj<</Filter/FlateDecode/Length 5214>>streamXG�YM�$Gn��������𠁬�,k� ���ً`���#أ���&�ȈȞ�Y��T232�A>>���������������O/�|>�����?����{8�������_~~��W���wܖ��5���o������ݫǀX����b��F�;��sv��/|x���ϧ'Ρ�rz���w��~��V6��H�ﶂ�IOl7�k4�v֭�f��m����x�Uw�����twA�s9�~*=�IC���_~`5���Po�_֩is��.ݥ��t�^�5�?��R�j&�t��T�;���r��.�&�e慮du]Hd^,]..��a�0ޣqrϔ[|���u�9˹��Y����ȫ�oX��.fJ���0;���'z�{Q}��$	���i��]�';d���=���ܓ�eY经����	��;v4��3ԍ��-�� �w���c��}o���P{6+.E6���p�#�ׯ�L�M7�olv/�p�-�""3��L�.@,A����]C�謷;�G�M;�c�~δN�l���|Y��vw�\g�1��xZb�i��.�4,��~�x�1�����Z�⻏�������A*�>z°U7V�Ƹ�႔��Ǎ��޹eV�yG����U����;��)|t.�ꉨ�u�ϐ�1��z��H��{l��lH�s��ê���P3^���V��S88�4l������u����xms��Wz�v1���iU5��]�7}r��dw)̆���7�Yld��]BS""{���ˤ!p.��ʶ�R���z�guD�e����}��W���9��Q�vE�;وB�����=E�	�=��*�ޟ;����{�4�݋P����ځ��rp��=y�]�p�NhN�h]01�	 !��""�������A�'񊼣������)%Ja�L��s7���6)�""29�~�~|lj*��z��;i�<栨�:fM���*�j�e�4�R~�.��v���E{�2��X���*�]���E�[��f����O���(�a6?&%�JE��]��:*ΐ{��0ߕ���{��d\-Y��ɹA�!1˺{���9�qr�o����a}�`jl��?������Xr۩|��}86��7�k���+a�\i���ڭ��4v����;�H���I�W�z��.0.H�E;��˫H�56+M���j���LT_�.'�R3/E��4vx@�]<��۪�Cv)٫:6#38�C͠�#d�G1˭��/�P	Q��Ɉ��Xќ$mɘ[aH-%P�y�uK�@�!N�6�a��t�m�?��0%��{�d2�A""�7q�8Gxv�`��o�K�*d��B�>��>�_�@K��DtM��U� H+FT�����4��2�i�	��A��Ά��(����K��(��}*�%����%��[*�Ƒi�)��e���:������Vb����ۼ�ՑFbS�E\� �zm���QI�(�������Y����� (ß�ߵ� t+�n��#�i.}�+e)%F�X������ /e0�e��*�`CL���{�T wn�O��.vhIΨ[I���؞����(V�������~8h��e�����ܳ��30>�BH*A���]��#|��]�-�ϭY�#S���[���c�e���]��wi��_�2�ؒ���H}�}&��Q�C�~ଶ߸���V~d�h���U��h'4�l�Қ��|X*]\�z��k&��v7����1	�Ny�?~��⯏߄'����ǟ��(4>�\��HB�}�C���f�O�j�E5�1�3�(w���r�S$l��.a�q�߷a>�p��9�l5c��5u����K��C���H�^�n7����>�����?�_5���@�xH9Ľc÷v�0��7���Aci��-+����x-դݛ ~�a��,���+L��i���S���e����- �&��Q��ǰ�l�ׯ���2s�����B3��k��g{ϻ�??�5�ѿ��������{'�]��y���2��2o�4#�G��0O��ߖo}$��p-�(�X�!�YNS�Y�� i���B�c�IC��:�ό�����\.�1�Z8&F�n�;��@�)ة�7a��-X��-�X����f�C�i�Q��""���Y�Z%+KQ�V��1��M��?8�M�a��t(�)�p	Yʘ�������~�N5�(�x���y�;w��a^�QJ�5�c�;ȗM��g�>7�Ip|�A䄷z@�7TS��""�V9X�r��-i^)x�>S�q��6qLG�L.���\�:�|�oi4v���d��Cw��k���#X�eG݊=>#/�}?�r��y�oV푗/�R]j�n21��JqT�����]����@�\�T�^��-Y��f����zz�0��~��cV����a9����.PKّ)�u>��ٙ�O �g�s�Y�t���7�o�̈k0�ㅿ�i�Tm=gݯ��5/�@�zc)B�-�g���/D���������;�p�N���~~��L���v�+K��Y*""�s��\X�g��$�sk$�s/D�2���y���HJP��b""^4����sS11S�2�Eߠ��V���:D�*""�km�ˢө<�s�L����P""���2Y��T������^�0�w��J�fVm�%y��%���#G�$""V�0����������Hhs�!�۴}YT�}@Yl�w9����>xװ��`�V�#��E�����V�ݱ�Ysv�A2<��A�zb@��X^�at鞚 ^�Q���`�f���Z�(����d	�j�eā�Lfg@���n�	)F���$��,{}�O\�/�y�|~Ph��Ղ��tq��I�y7��K1�P�T�]��d�	�k��ڑ �K�L!ߦ��nPަ�*)�$����d���S��o0���P��xT���U!:�CZ�@,�ATq�'���b��	Q���%���!K��#1~Jv0�P�a�����#j|W���#�(��D)�`�	X�̰�&���[���K[�`����X��,*��=��ࠢ�%A����Z@L*5L�����øl|	,S͓��OA����lx�""��s,p5�kX�(_H�YA�{�6��M1�D	��,&MeO5��0ذ�����hE�SQ�l�F6F꽊��0�4���.�ʋ'�]z��_�p�����I��  �z>�ʨ$][�GD��z��Y��""I#�(���j��2A�Z$��h��Y4���Ɛ#ҹN�E+�i5`���mQ�o�&%�Qkh�7#0n�BF�fB�0[�8;��E������ti�/d�M#(bF��|�Lk���e������heIyq���D��F�-�Ob�n(F0�{3V�����_�qo���&p�h�sH���&�7���cDӾ`�����%����!���43*s�i�[E����n@����6-Ak��HAKJ-*FJ)m��8+s)d���%(_	ܢ� 9�}�k{#,�j���^ŞĊ�*jo������ƈ��""Q�[o�D�����z����*�~LC�G�Y#_F+3f�,�i݊5�^k!@+h�e���9�oC����~�!��0jI(���v���I�f���VӪԀ[+PR:}��4�G���X��J��T,L�&�5�U�Q*	�b�B^a��Ȱ\���l��ĠلL�W�3��/&`�,P Q��j��VF""���!]?�^E�I��Ol3Q�Iq�<�x*f$d�l�	Xe�����RL�@�<2O��M�(�AD���I�h� x��$?��-�G�S�+X!�=c�r��	����R���櫨$N��0ʤL��eE�0�iB��Cj�c����C5v������f�*""*QU��P�˗�v�9�D��w��&�M����āK��~Vi�Ϡ�lyGL�&3-Ўe�]�7�*�+��'�Q�dYm�>�v��0���bF@e�Ԍp���L6m	��U��5���u�x��~��H6?��(D\�m�,e=�X�����]��2*޶J�n�n�t�ԋ	<0�~��:\Y���	������L1�y��1R���c<�Yܖ�mF�� �u�٪/�v���J��azC���*H�����*Y���K��/xp�P�2B)�iƉc?k֒\9[��`�N�[.�RA:��fq����(D-�!j!=hxhi�u�P�g{�OK��{����G�9}X��tL�����b� ��a9�A��|����E1m�#1;F�8DC��Qѯ���݆�'�y��VRձ��^S-e�)ZY{�9�$3�OC��6.��4�Ѿ�	X{��*�vN[,~	���Rƹ���پi�v+��xK�""Q�fŸ��[�s(F��@�VU��%�GWV_	��EY�);�Z�i�����O����)s�*-���b<}�/uyy���_��������R��.�x����9M��nww�����������WI*$]�<�ۈ��>�X���g��������!��	Xm�T޿(�J��闇��U��'}��V̢�������t�I���O�>��WkG��uHϸ�.\���Իb�������hendstreamendobj1 0 obj<</Parent 6 0 R/TrimBox[0 0 595 842]/BleedBox[0 0 595 842]/Type/Page/Resources<>>>/Contents 2 0 R/MediaBox[0 0 595 842]>>endobj2 0 obj<</Filter/FlateDecode/Length 4425>>streamXG�YKke���Wh���~?� 8OC��Be����`��巧��}����X��=��_U}]m&�����p�����ۇw76NƘtk�?�Ӕ�m�~J������}�xc葏?ȇﾾ��[��a\�L��kޚ�Ϧ��/%X��Gc����k'L����N1��Pq����ev�T�Hƙ�T|�&��K��?,�_�j�`V�9zG��k2��� �C�=r�ȟ�6tq;)��''Έ]2~;�I����Г�' EN��5Ȉ-��c�F�>���|�m�^�׵{�c���+���Ny�C�*;����N�8��cp���k(�.����EA�Q�p\�a�9Hu�,WD����@+�:)ϐb��?۾KP����6=�:J�� �5�u/\�:���%� �l6+ڀ���^���m_���+�v�f�ƀ�d[�L����%;Wm1�i�~%X�I�<(�wPh[��QZ/Ƕ�R�՟��""�mhb�R����""���}A����0���Ū�YZ-��@�Zv2���9�L�/�y��#��2""K��$)O��d��XX�Xv�K��M7(�T�C��@��`p��E��@�g(�DH:��cN�3DL�����=��ƚ��;����C���^����^���\f�����e��$>�(��Ɩ�a���VvN�L59-�<.""���>C��3}��$�_$L(/+b�dծU�yg�S�ߡ�����c.��Ķn�w ��>��F���������/w��E��_���.�Z����a���k*��pӦ�HsQ�4�W�cX�) T6<_KW&y�@k-AEi�Y����.m�I��(�ă���ܭ!�����(��mIƎvT���p關��-�eZ���!�{}����$.^U����F�ѕT2ݭ�д�P��q�$w(��7FY�J�Ou�O�(�J���A�����.�1B��Z���9PKO^�����G7�gXڰE��_��ꯜ�u���z��c1ٞS�)��1�wb{ڗ��5�(�+��D�C ��5I��kg�sƄ|qJٻ,K����T���Q�����gt,��HF��""ZR����������� ��TIT�h�Λ����w�x�`�$�Fx��Ǟ�EC��'""%E�U���9_?۟&g���%Os�^S�r��n!n9��T]#`s%�Hv�tz,��L���ɬ�SJfr�~�n5����.�g�֠<f��<�i�ߒ��O������g<�K|)��d3f8f�����I�7��-6:+p���8�S���P�ε*��}(����q������rG��6���psE���jC���-�ݕ�D�A��9K���b>9�~:�]��K��	1�k�G�3�դ��p��J<�z�cKx� &+�D�n��H_E47�2FKr�Mbu�""�p%N����ß�	Pu���Sn��E&d}\�N�w4}���+�k�o�a��	�������^:�~��0t=��C�g���o����$.�V��?�zv�^|������~ʭ��-�h��F�lB.���b��!���2]��=4��X�""`��)�\�a4xS��+��>��/�c�u�^�ީ}�覲v'�)ꕤ���M��\��+35ʆ��QB�s��L�@wS�4��2�����\I���&�2����gY���0n��k�e��=�t��e���̷B�aV�a�tF���嘕FR�:��'@�bފK�G$ó�O�?��h@�����i2�+4�~C2=��m,S�O���8 P1�sy �%�V:o��7�Q�ltj����޲�0�Z���5\��k�?:w?���Љ���B>l��e��,ȶ�2��u�$���=�tA��e7۲�(""���h�^������̌\����Pe_Šc^��~_gF٧Aׇ5���Q��_�bw�w���ZF,:}2-a�.6��3��F��gbo;�D9������T��N�ef)�/&�j����	]�u|4�9�/��k���ܟ4v%���6��yh8�&3��N�\x��\ժ9������^[+�T���.��������\J���m�yH�l��&2�#�q|���3���c>1��x���@�2�����W���Z��""_~o��Ӡ���8$7�)3��'���&�/��R;�����~�ϗ�؂Y�.�����������KK�E#�?���co�mN����]V犺:g{�""0��H�u�G�,p���#.}""�xa���2���jAI���̙��M�b��=T��_�f�X���aӠ��*��7F��y<�+�V{� �E/*���H�R�$0*��&<���O""��Mb���^���6���E�=�K�cD���z�`� (`c<�F����$����0z�h�D񊥐r1�c�����C�*A+�n���'=��B�y�L�(H�PK��� I({�Pr��RS��+��P��Xy�<��G�9n�I��A,uX��J��AIZF:%=n_&mo��H�@��~��ZZs��Pd��o�M���d{P�H#�]!)�$q(���W���]:Sd%z#׮��$�j	����a�2��=3t�)~L���;}�$i��h1��F��,�p�8&�4v�����""oF���y\�t�֋��dUV�/����'R�u%����bJ~�P��$��}%�ۑ��P9���D�H�`�,�J�=(�䍂��b*�P�>��D:7&@gƘ�/\*$E����w̵2�%���i""~�1�W�2@d�s?)�oa���cYV�%r_<��ڑ�R�����6��u|��������sm��E��#����=�x4c	�\ړ��v��rwܢ�m�GU�1Ŕ�ݩ!	�mj�vv+�L�������.I���5���R͋NU�=Qv���b�ciendstreamendobj3 0 obj<</Parent 6 0 R/TrimBox[0 0 595 842]/BleedBox[0 0 595 842]/Type/Page/Resources<>>>/Contents 4 0 R/MediaBox[0 0 595 842]>>endobj4 0 obj<</Filter/FlateDecode/Length 1926>>streamXG�WɎ7��W�ql@9���R9�}�}�d��m��;V��ic��K2���xd��?����韗[����ɥ�����)��-%Ú�����/��?/��W��_O?=��<�^>9x�vV���'��+B(Z�Po74�^�/��~rn�1ɶj]�RbX}�m�����_d?|�t+P��Q[.ws�����P��B��ٓ��7�v�w�U�g 2*M��v�	e���8���	F6��lӧ�<�:YJuy��*BTX�p15��H��^�e@��Դ���T�i�7{�R�J)�J#�	�f)��_�����:���[�A�Q��,$�����F)�a˄`JT�a�Hz�� �L��1	��F��c%l�q�����>V�ٔ��v���:O��_���O��Ñ����3˛�ē�,ҵ�j�j�{`��*L��� �_�X��n�O0�2ir ��wsϯ�����?��9�/��;e��:����>�%*r�wE^͉�������O%�z��u����[�p&WD���oB�G�H$�ɤ7f?Ũ���˲��������!��Dp��ȈJ���`=�}3a�g[�:��wn��M�ϭy�sssš���)	ĥ��d��y6Y>��0��d��7]���~f'����D�t�Y/Ǡ�I𤇼~�xB�s$�ZG��=AC؛�7���v�!���N�B���|2�@Y��Y�ʎ�T�""�&u ��,#��6҉�1bD��|rԓ��w����MBi�Sr��o�� �������K�� ��1J�`H�@Rc?��7�{��m&��N��q�LD��o�~CXL�����.�����O�=��endstreamendobj5 0 obj<</Creator(eDocument Library version 2.5.4)/CreationDate(D:20140117142309+09'00')/ModDate(D:20140117142309+09'00')/Producer(eDocument Library version 2.5.4 PDF Filter)/Author()/Title()>>endobj6 0 obj<</Type/Pages/Kids[9 0 R 1 0 R 3 0 R]/Count 3>>endobjxref0 70000000000 65535 f 0000075259 00000 n 0000075442 00000 n 0000079939 00000 n 0000080122 00000 n 0000082120 00000 n 0000082329 00000 n trailer<</Size 7/ID[<977F5EEE5DAA14B3DFCAAE2C457F38DB><977F5EEE5DAA14B3DFCAAE2C457F38DB>]>>startxref173%%EOF"
2014-01-28,株式会社サニーサイドアップ,2180,株式会社サニーサイドアップ社員からの情報受領者による内部者取引に対する課徴金納付命令の勧告について（平成26年1月28日）,https://www.fsa.go.jp/sesc/news/c_2014/2014/20140127-1.html,"平成２６年１月２８日 証券取引等監視委員会 株式会社サニーサイドアップ社員からの情報受領者による内部者取引に対する課徴金納付命令の勧告について １．勧告の内容 証券取引等監視委員会は、株式会社サニーサイドアップ社員からの情報受領者による内部者取引について検査した結果、下記のとおり法令違反の事実が認められたので、本日、内閣総理大臣及び金融庁長官に対して、金融庁設置法第２０条第１項の規定に基づき、課徴金納付命令を発出するよう勧告を行った。 ２．法令違反の事実関係 課徴金納付命令対象者は、株式会社サニーサイドアップ（以下「サニーサイドアップ」という。）の社員から、同人がその職務に関し知った、同社の属する企業集団の平成２５年６月期の経常利益及び当期純利益について、平成２４年１１月５日に公表がされた直近の予想値に比較して、同社が新たに算出した予想値において投資者の投資判断に及ぼす影響が重要なものとして内閣府令で定める基準に該当する差異が生じた旨の重要事実の伝達を受けながら、新たに算出した予想値が経常利益６億１３００万円、当期純利益３億５６００万円として公表がされた平成２５年１月２４日より前の同月２２日、自己の計算において、サニーサイドアップ株式合計１０００株を買付価額合計１００万４６００円で買い付けたものである。 課徴金納付命令対象者が行った上記の行為は、金融商品取引法第１７５条第１項に規定する「第１６６条第１項又は第３項の規定に違反して、同条第１項に規定する売買等をした」行為に該当すると認められる。 ３．課徴金の額の計算 上記の違法行為に対し、金融商品取引法に基づき納付を命じられる課徴金の額は、６８万円である。 計算方法の詳細については、別紙のとおり。 （別紙） ○ 課徴金の額の計算方法について 金融商品取引法第１７５条第１項に基づき、課徴金の額は、 （重要事実が公表された後２週間における最も高い価格）×（買付株数） －（買付価格）×（買付株数） となる。 したがって、重要事実の公表後２週間におけるサニーサイドアップの最も高い株価は、平成２５年１月２９日の１，６８９円であることから、課徴金の額は下記の金額となる。 （１，６８９円×１，０００株） － 買付価額１，００４，６００円 （注） ＝ ６８４，４００円 ⇒課徴金の額は１万円未満を切り捨てるため、 ６８万円 （注）買付価額は、「1,000円×400株＋1,004円×200株＋1,005円×200株＋1,014円×200株」の合計額である。"
2014-01-24,Liaison Japon証券株式会社,,Liaison Japon証券株式会社（旧商号：プロフィット証券株式会社）に対する検査結果に基づく勧告について（平成26年1月24日）,https://www.fsa.go.jp/sesc/news/c_2014/2014/20140124-1.html,平成26年１月24日 証券取引等監視委員会 Liaison Japon証券株式会社（旧商号：プロフィット証券株式会社）に対する検査結果に基づく勧告について １．勧告の内容 関東財務局長がLiaison Japon証券株式会社（東京都新宿区、常勤役職員14名、第一種金融商品取引業、第二種金融商品取引業）を検査した結果、下記のとおり、当該金融商品取引業者に係る法令違反等の事実が認められたので、平成26年１月17日、証券取引等監視委員会は、内閣総理大臣及び金融庁長官に対して、金融庁設置法第20条第１項の規定に基づき、行政処分を行うよう勧告した。 ２．事実関係 (1)純財産額が法定の最低純財産額に満たない状況 Liaison Japon証券株式会社（以下「当社」という。）は、具体的な返済計画や回収可能性について十分な議論をしないまま短期貸付を実施した結果、当該短期貸付金の回収が不能となったこと等に伴い、平成26年１月７日現在で貸倒引当金を計上した。この結果、当社の純財産額は、金融商品取引法第29条の４第１項第５号ロの規定に基づく同法施行令第15条の９第１項に定める金額（５千万円）に満たない状況となっている。 当社の純財産額が法定の基準に満たない状況は、金融商品取引法第52条第１項第３号（同法第29条の４第１項第５号ロに該当することとなったとき）に該当するものと認められる。 (2)業務の運営に関し、投資者保護上重大な問題が認められる状況 当社は、平成25年１月から４月までの間、Ａ合同会社及びＢ合同会社（以下「両合同会社」という。）が発行する社債（以下「本件社債」という。）の私募の取扱いを行い、15顧客に対し16件、計５千万円の販売を行った。 本件社債を発行する両合同会社は、質屋事業を営むＣ社の発行する社債に投資することを事業目的としており、Ｃ社の発行する社債からの利払いを収入源とし、当該収入により、本件社債を取得した顧客に対する利払いを行うとしている。 当社は、本件社債の勧誘・販売に当たり、営業を行う者がいなかったことから、Ｃ社と密接な関係を有する名古屋の事業会社の事務所の一部に当社の名古屋営業所を開設し、当該事業会社の従業員を当社の歩合外務員として採用し、本件社債の販売・勧誘を行わせていたが、 ア 本件社債は私募であるにもかかわらず、営業員が新規顧客開拓のために何名の者に勧誘を行っているのか、その人数についてさえ把握していない、 イ当社の役職員ではないＡ合同会社の代表社員に当社の営業日報を渡し顧客に係る個人情報等を閲覧させている、 ウ平成25年５月27日に、当社の営業部長が名古屋営業所に立ち寄ったところ、同営業所が当社の知らない間に閉鎖されていたが、当社経営陣はその事実を事前に把握しておらず、さらに、当社は、同営業所に保管されているべき業務に関する書類等の所在も確認できない状態にある、 等の事実が認められており、業務管理が著しく杜撰な状況の下で本件社債の販売業務を行っていた。 さらに、契約締結前交付書面の未交付や個人情報等の管理不備などの法令違反行為等も認められており、当社の業務管理は著しく杜撰な状況であった。 こうした当社の業務運営の状況は、金融商品取引業者として極めて不適切なものであり、金融商品取引法第51条に規定する、「業務の運営に関し、公益又は投資者保護のため必要かつ適当であると認めるとき」に該当するものと認められる。 （参考条文） 金融商品取引法（昭和23年法律第25号）（抄） （登録の拒否） 第二十九条の四　内閣総理大臣は、登録申請者が次の各号のいずれかに該当するとき、又は登録申請書若しくはこれに添付すべき書類若しくは電磁的記録のうちに虚偽の記載若しくは記録があり、若しくは重要な事実の記載若しくは記録が欠けているときは、その登録を拒否しなければならない。 一～四　（略） 五　第一種金融商品取引業又は投資運用業を行おうとする場合にあつては、次のいずれかに該当する者 イ　（略） ロ　純財産額（内閣府令で定めるところにより、資産の合計金額から負債の合計金額を控除して算出した額をいう。）が、公益又は投資者保護のため必要かつ適当なものとして政令で定める金額に満たない者 ハ～へ　（略） 六　（略） ２～５　（略） （金融商品取引業者に対する業務改善命令） 第五十一条 　内閣総理大臣は、金融商品取引業者の業務の運営又は財産の状況に関し、公益又は投資者保護のため必要かつ適当であると認めるときは、その必要の限度において、当該金融商品取引業者に対し、業務の方法の変更その他業務の運営又は財産の状況の改善に必要な措置をとるべきことを命ずることができる。 （金融商品取引業者に対する監督上の処分） 第五十二条　内閣総理大臣は、金融商品取引業者が次の各号のいずれかに該当する場合においては、当該金融商品取引業者の第二十九条の登録を取り消し、第三十条第一項の認可を取り消し、又は六月以内の期間を定めて業務の全部若しくは一部の停止を命ずることができる。 一・二　（略） 三　第一種金融商品取引業又は投資運用業を行う金融商品取引業者が、第二十九条の四第一項第五号イ又はロに該当することとなつたとき。 四～十一　（略） ２～５　（略） 金融商品取引法施行令（昭和40年政令第321号）（抄） （金融商品取引業者の最低資本金の額等） 第十五条の七　法第二十九条の四第一項第四号（法第三十一条第五項において準用する場合を含む。）に規定する政令で定める金額は、次の各号に掲げる場合の区分に応じ、当該各号に定める金額とする。 一・二　（略） 三　第一種金融商品取引業又は投資運用業（適格投資家向け投資運用業（法第二十九条の五第一項に規定する適格投資家向け投資運用業をいう。以下同じ。）を除く。）を行おうとする場合（前二号に掲げる場合を除く。）　五千万円 四・五　（略） ２　（略） （金融商品取引業者の最低純財産額） 第十五条の九　法第二十九条の四第一項第五号ロ（法第三十一条第五項において準用する場合を含む。）に規定する政令で定める金額は、第十五条の七第一項各号（第四号を除く。）に掲げる場合の区分に応じ、当該各号に定める金額とする。 ２　（略）
2014-01-10,アイエムビジョン株式会社,,アイエムビジョン株式会社及びその役員１名の金融商品取引法違反行為に係る裁判所への申立てについて（平成26年1月10日）,https://www.fsa.go.jp/sesc/news/c_2014/2014/20140110-1.html,平成２６年１月１０日 証券取引等監視委員会 アイエムビジョン株式会社及びその役員１名の金融商品取引法違反行為に係る裁判所への申立てについて １．申立ての内容等 東海財務局長が、アイエムビジョン株式会社（名古屋市中区、資本金１１００万円、役職員１７名、適格機関投資家等特例業務届出者。金融商品取引業の登録はない。以下「当社」という。）に対して金融商品取引法（以下「金商法」という。）第１８７条に基づく調査を行った結果、下記２．の事実が認められたことから、本日、証券取引等監視委員会は、金商法第１９２条第１項の規定に基づき、名古屋地方裁判所に対し、当社及び当社の代表取締役（以下「当社ら」という。）を被申立人として金商法違反行為（無登録で、金商法第２条第２項第５号又は第６号に掲げる権利の募集又は私募を業として行うこと及び金融商品の価値等の分析に基づく投資判断に基づいて主として有価証券等に対する投資として上記権利を有する者から出資等を受けた金銭等の運用を業として行うこと（ただし、出資金の運用に関する取引を結了する目的の範囲内の行為は除く。））の禁止及び停止を命ずるよう申立てを行った。 ２．事実関係 当社らは、平成２３年１月頃から平成２５年１０月頃までの間、合計１２本の匿名組合契約（以下、同契約の個別の名称にかかわらず「本件ファンド」という。）に基づく権利の私募を行い、延べ３８９名から約１５億円の出資を受け、その出資金の運用を行っている。当社らは、集めた出資金を主に国内上場株式へ投資することにより運用しており、本件ファンドの出資対象事業はいずれも同一である。 適格機関投資家等特例業務（以下「特例業務」という。）の私募の要件として、６か月以内に権利を取得させた適格機関投資家以外の者（以下「一般投資家」という。）は通算４９名以下でなければならないところ、当社らが遅くとも平成２３年７月頃以降、延べ３３４名の一般投資家に対して行った私募は、この要件を満たしていない。 また、特例業務の運用の要件として、一般投資家の人数は４９名以下でなければならないところ、当社らが運用中の本件ファンドの一般投資家の人数は、遅くとも平成２３年７月末以降、４９名を超え、平成２５年１０月末時点で少なくとも１３９名であり、この要件を満たしていない。 当社らの上記行為は、私募につき、金商法第２８条第２項に規定する「第二種金融商品取引業」に該当し、運用につき、同条第４項に規定する「投資運用業」に該当し、いずれも、同法第２９条に違反するものである。 また、当社らは、顧客から受け入れた出資金の大半を混同して管理・運用していたため、その資金繰り状況を正確に把握できない状態にあった。 そのような状態の中、当社らは、契約上、投資による運用益から顧客への配当を控除した金額のみを当社の経費等に充てるべき営業者報酬として収受するとされているにもかかわらず、平成２３年１月頃から平成２５年１０月頃までの期間を通じて、運用益を超えて既存顧客への配当及び当社の経費の支払を行うとともに、償還金等の支払を行うため、本件ファンドに新たに出資された出資金を充当していた。 以上の結果、当社らは、受け入れた出資金のうち約４割を投資しているにすぎず、出資金を毀損させている。 このような、当社らが出資金を配当及び経費に用いて流用する行為は、投資者保護上問題があるものと認められる。 さらに、当社らは、平成２６年１月上旬を募集開始日とする新たな匿名組合契約に基づく権利の取得勧誘を企画している。 以上からすれば、当社らは、上記違反行為を今後も行う蓋然性が高く、これを可及的速やかに禁止・停止させる必要がある。 参考資料（PDF:66KB） （クリックすると拡大されます） 参考条文 ○適格機関投資家等特例業務 金融商品取引法(抄) （登録） 第二十九条 金融商品取引業は、内閣総理大臣の登録を受けた者でなければ、行うことができない。 （適格機関投資家等特例業務） 第六十三条 次の各号に掲げる行為については、第二十九条及び第三十三条の二の規定は、適用しない。 一 適格機関投資家等（適格機関投資家以外の者で政令で定めるもの（その数が政令で定める数以下の場合に限る。）及び適格機関投資家をいう。以下この条において同じ。）で次のいずれにも該当しない者を相手方として行う第二条第二項第五号又は第六号に掲げる権利に係る私募（適格機関投資家等（次のいずれにも該当しないものに限る。）以外の者が当該権利を取得するおそれが少ないものとして政令で定めるものに限る。） イ～ハ　（略） 二　第二条第二項第五号又は第六号に掲げる権利（同一の出資対象事業（同項第五号に規定する出資対象事業をいう。）に係る当該権利を有する者が適格機関投資家等（前号イからハまでのいずれにも該当しないものに限る。）のみであるものに限る。）を有する適格機関投資家等から出資され、又は拠出された金銭（これに類するものとして政令で定めるものを含む。）の運用を行う同条第八項第十五号に掲げる行為 ２～８ （略） 金融商品取引法施行令(抄) （適格機関投資家等特例業務） 第十七条の十二 法第六十三条第一項第一号 に規定する適格機関投資家以外の者で政令で定めるものは、適格機関投資家以外の者とする。 ２ 法第六十三条第一項第一号 に規定する政令で定める数は、四十九とする。 ３ 法第六十三条第一項第一号 に規定する権利を取得するおそれが少ないものとして政令で定めるものは、次の各号に掲げる場合の区分に応じ、当該各号に定める要件に該当するものとする。 一　（略） 二　当該権利の取得勧誘に応ずる取得者が適格機関投資家等（法第六十三条第一項第一号 に規定する適格機関投資家等をいう。）のうち適格機関投資家以外の者（同号イからハまでのいずれにも該当しないものに限る。ロにおいて「一般投資家」という。）である場合　次に掲げるすべての要件 イ　（略） ロ　当該権利が有価証券として発行される日以前六月以内に、当該権利と同一種類のものとして内閣府令で定める他の権利（ロにおいて「同種の新規発行権利」という。）が有価証券として発行されている場合にあつては、当該権利の取得勧誘に応じて取得する一般投資家の人数と当該六月以内に発行された同種の新規発行権利の取得勧誘に応じて取得した一般投資家の人数との合計が四十九名以下となること。 ４ （略） 金融商品取引業に関する内閣府令(抄) （同種の新規発行権利） 第二百三十四条 令第十七条の十二第三項第二号 ロに規定する当該権利と同一種類のものとして内閣府令で定める他の権利は、有価証券としての当該権利と発行者及び出資対象事業が同一である有価証券としての権利とする。 ○緊急差止命令に係る申立て 金融商品取引法(抄) （審問等に関する調査のための処分） 第百八十七条 内閣総理大臣又は内閣総理大臣及び財務大臣は、この法律の規定による審問、この法律の規定による処分に係る聴聞又は第百九十二条の規定による申立てについて、必要な調査をするため、当該職員に、次に掲げる処分をさせることができる。 一　関係人若しくは参考人に出頭を命じて意見を聴取し、又はこれらの者から意見書若しくは報告書を提出させること。 二　鑑定人に出頭を命じて鑑定させること。 三　関係人に対し帳簿書類その他の物件の提出を命じ、又は提出物件を留めて置くこと。 四　関係人の業務若しくは財産の状況又は帳簿書類その他の物件を検査すること。 （裁判所の禁止又は停止命令） 第百九十二条 裁判所は、緊急の必要があり、かつ、公益及び投資者保護のため必要かつ適当であると認めるときは、内閣総理大臣又は内閣総理大臣及び財務大臣の申立てにより、この法律又はこの法律に基づく命令に違反する行為を行い、又は行おうとする者に対し、その行為の禁止又は停止を命ずることができる。 ２ 裁判所は、前項の規定により発した命令を取り消し、又は変更することができる。 ３ 前二項の事件は、被申立人の住所地又は第一項に規定する行為が行われ、若しくは行われようとする地の地方裁判所の管轄とする。 ４ 第一項及び第二項の裁判については、非訟事件手続法 （平成二十三年法律第五十一号）の定めるところによる。 第百九十八条 次の各号のいずれかに該当する者は、三年以下の懲役若しくは三百万円以下の罰金に処し、又はこれを併科する。 一～七　（略） 八　第百九十二条第一項又は第二項の規定による裁判所の命令に違反した者 第二百七条 法人（中略）の代表者又は法人若しくは人の代理人、使用人その他の従業者が、その法人又は人の業務又は財産に関し、次の各号に掲げる規定の違反行為をしたときは、その行為者を罰するほか、その法人に対して当該各号に定める罰金刑を、その人に対して各本条の罰金刑を科する。 一・二　（略） 三　第百九十八条（中略）又は第百九十八条の三から第百九十八条の五まで　三億円以下の罰金刑 四～六 （略） ２・３ （略）
