date,stock_name,stock_code,title,link,content
2015-12-14,株式会社ファインドエッジ,,株式会社ファインドエッジに対する検査結果について（平成27年12月14日）,https://www.fsa.go.jp/sesc/news/c_2015/2015/20151214-1.html,English version 平成27年12月14日 証券取引等監視委員会 株式会社ファインドエッジに対する検査結果について 近畿財務局長が上記適格機関投資家等特例業務届出者を検査した結果、問題が認められた（詳細は、近畿財務局ウェブサイトを参照してください。）。 「株式会社ファインドエッジに対する検査結果について」（近畿財務局ウェブサイト）
2015-12-24,新日本理化株式会社,4406,新日本理化株式会社及び明和産業株式会社の各株券に係る風説の流布、偽計及び大量保有報告書不提出事件の告発について（平成27年12月24日）,https://www.fsa.go.jp/sesc/news/c_2015/2015/20151224-1.html,English version 平成２７年１２月２４日 証券取引等監視委員会 新日本理化株式会社及び明和産業株式会社の各株券に係る風説の流布、偽計及び大量保有報告書不提出事件の告発について 証券取引等監視委員会は、本日、嫌疑者Ａ、Ｂを、金融商品取引法違反（嫌疑者両名につき風説の流布及び偽計、嫌疑者Ａにつき更に大量保有報告書不提出）の嫌疑で東京地方検察庁に告発した。告発の対象となった犯則事実については下記のとおり。 Ｉ．告発の対象となった犯則事実 第１ 犯則嫌疑者Ａ、Ｂは、共謀の上、財産上の利益を得る目的で １ 真実は、新日本理化株式会社が発行した株券につき、空売り残高の増加及び浮動株の減少による出来高の減少に伴い、株券の調達が困難となった売り方が高値で買い戻すことにより株価が上昇するいわゆる「空売りの踏み上げ相場」が形成されて株価が大きく上昇する状況になく、同株券の保有を継続する意思もないにもかかわらず、過去に株価が上昇した銘柄と同様に膨大な空売り残高が存在し、空売りの踏み上げ相場により株価が大きく上昇する可能性がある旨の虚偽の情報に加え、自己らが同株券の保有を継続する旨を示唆しつつ、他の投資家に対しても、自己らと同様、同株券の保有を継続するよう推奨する旨の文章を公表して、同株券の株価を上昇させた上、自己らがあらかじめ買い付けていた同株券を売り付けて利益を得ようと企て、同株券の売買のため及び同株券の株価を上昇させる目的をもって、平成２３年１１月１日から同年１２月２９日までの間、３回にわたり、東京都港区内等に設置されたパーソナルコンピューターを使用し、犯則嫌疑者Ａが主宰する「般若の会」名義のインターネット上のウェブサイト「時々の鐘の音」に、 別表（PDF:73KB） 上段の内容などを記載した文章を掲載し、不特定かつ多数の者が閲覧可能な状態にさせて同株券の株価を上昇させた上、平成２３年１１月２日から平成２４年２月１０日までの間、４９取引日にわたり、当該上昇させた株価により、犯則嫌疑者Ｂほか２名名義の同株券合計２９３万株を代金合計１６億８３４万４６００円で売り付け ２ 真実は、前記１記載のとおり、新日本理化株式会社が発行した株券につき、空売りの踏み上げ相場が形成されて株価が大きく上昇する旨の虚偽の情報を公表するなどしたほか、平成２４年２月１５日から同年３月２日までの間、同株券の売買が繁盛であると誤解させ、同株券の相場を変動させるべき一連の株券売買及びその委託をして、その株価を上昇させたものであったにもかかわらず、これらの事実を秘して、自己らが前記「時々の鐘の音」に記載したとおり、同株券の株価が１２９７円まで上昇したかのように装い、かつ、真実は、明和産業株式会社が発行した株券につき、空売りの踏み上げ相場が形成されて株価が大きく上昇する状況になく、同株券の保有を継続する意思もないにもかかわらず、過去に株価が上昇した銘柄と同様、空売りの踏み上げ相場により株価が大きく上昇する可能性がある旨の虚偽の情報に加え、自己らが同株券の保有を継続する旨を示唆しつつ、他の投資家に対しても、自己らと同様、同株券の保有を継続するよう推奨する旨の文章を公表して、同株券の株価を上昇させた上、自己らがあらかじめ買い付けていた同株券を売り付けて利益を得ようと企て、同株券の売買のため及び同株券の株価を上昇させる目的をもって、同年４月１７日、同都豊島区内に設置されたパーソナルコンピューターを使用し、前記「時々の鐘の音」に、 別表（PDF:73KB） 下段の内容などを記載した文章を掲載し、不特定かつ多数の者が閲覧可能な状態にさせて同株券の株価を上昇させた上、平成２４年４月１８日から同年５月７日までの間、１１取引日にわたり、当該上昇させた株価により、犯則嫌疑者Ｂほか２名名義の同株券合計４６３万４４００株を代金合計３２億５３６３万４００円で売り付け もって、それぞれ、有価証券の売買のため及び有価証券の相場の変動を図る目的をもって、風説を流布するとともに偽計を用いて相場を変動させた上、当該変動させた相場により、有価証券の売買を行った 第２ 犯則嫌疑者Ａは １ 平成２３年９月２日、新日本理化株式会社が発行した株券につき、２名名義で、合計１８５万６６００株を保有するに至り、夫婦の関係にある共同保有者が保有していた２８万４６００株を加算した数で除した株券等保有割合が発行済株式総数の１００分の５を超える大量保有者となったにもかかわらず、法定の除外事由がないのに、その提出期限までに、関東財務局長に大量保有報告書を提出しなかった ２ 平成２４年２月２９日、新日本理化株式会社が発行した株券につき、２名名義で、合計１７６万５２００株を保有するに至り、前記共同保有者が保有していた２３万５７００株を加算した数で除した株券等保有割合が発行済株式総数の１００分の５を超える大量保有者となったにもかかわらず、法定の除外事由がないのに、その提出期限までに、関東財務局長に大量保有報告書を提出しなかった ３ 平成２４年３月１４日、明和産業株式会社が発行した株券につき、２名名義で、合計２２３万６９００株を保有するに至り、その株券等保有割合が発行済株式総数の１００分の５を超える大量保有者となったにもかかわらず、法定の除外事由がないのに、その提出期限までに、関東財務局長に大量保有報告書を提出しなかった ものである。 II．関連条文 第１ 風説の流布及び偽計につき 金融商品取引法第197条第2項、第1項第5号、第158条、刑法第60条 法定刑：10年以下の懲役及び3000万円以下の罰金 第２ 大量保有報告書不提出につき 金融商品取引法第197条の2第5号、第27条の23第1項、第4項、第6項 法定刑：5年以下の懲役若しくは500万円以下の罰金又は併科 別表（PDF:73KB）
2015-12-22,住友商事株式会社,8053,住友商事株式会社との契約関係者の役員からの情報受領者２名による内部者取引に対する課徴金納付命令の勧告について（平成27年12月22日）,https://www.fsa.go.jp/sesc/news/c_2015/2015/20151222-1.html,"English version 平成２７年１２月２２日 証券取引等監視委員会 住友商事株式会社との契約関係者の役員からの情報受領者２名による内部者取引に対する課徴金納付命令の勧告について １．勧告の内容 証券取引等監視委員会は、住友商事株式会社との契約関係者の役員からの情報受領者２名による内部者取引について検査した結果、下記のとおり法令違反の事実が認められたので、本日、内閣総理大臣及び金融庁長官に対して、金融庁設置法第２０条第１項の規定に基づき、課徴金納付命令を発出するよう勧告を行った。 ２．法令違反の事実関係 課徴金納付命令対象者（１）は、住友商事株式会社（以下「住友商事」という。）の契約関係者の役員から、同人が、契約交渉等に関して知った、住友商事が出資した米国タイトオイル開発プロジェクトに関し、住友商事の平成２７年３月期第２四半期決算において約１７００億円の減損損失を計上しなければならないことが確実になった旨の、住友商事の業務等に関する重要事実の伝達を受けながら、上記事実の公表がされた平成２６年９月２９日より前の同月２５日、自己の計算において、住友商事株式合計３万１３００株を売付価額合計４４０７万４００円で売り付けたものである。 課徴金納付命令対象者（２）は、住友商事の契約関係者の役員から、同人が契約交渉等に関して知った、 イ 住友商事が出資した米国タイトオイル開発プロジェクトに関し、住友商事の平成２７年３月期第２四半期決算において約１７００億円の減損損失を計上しなければならないことが確実になった旨の、住友商事の業務等に関する重要事実の伝達 ロ 住友商事の属する企業集団の平成２６年４月１日から平成２７年３月３１日までの会計期間の業績予想における当期純利益について、平成２６年５月１日に公表がされた直近の予想値（当期純利益２５００億円）に比較して、同社が新たに算出した同会計期間の予想値において投資者の投資判断に及ぼす影響が重要なものとなる差異が生じた旨の重要事実の伝達を それぞれ受けながら、上記各事実の公表がされた平成２６年９月２９日より前の同月２６日、自己の計算において、住友商事株式合計２０００株を売付価額合計２７５万３０００円で売り付けたものである。 違反行為事実の概要については、別図のとおり。 課徴金納付命令対象者（１）及び（２）が行った上記の行為は、金融商品取引法第１７５条第１項に規定する「第１６６条第１項又は第３項の規定に違反して、同条第１項に規定する売買等をした」行為に該当すると認められる。 ３．課徴金の額の計算 上記の違法行為に対し、金融商品取引法に基づき納付を命じられる課徴金の額は、下記のとおりである。 課徴金納付命令対象者（１） ８９２万円 課徴金納付命令対象者（２） ５０万円 計算方法の詳細については、別紙のとおり。 （別図） ○ 違反行為事実の概要について （クリックすると拡大されます） （別紙） ○ 課徴金の額の計算方法について 金融商品取引法第１７５条第１項に基づき、課徴金の額は、 （売付価格）×（売付株数） －（重要事実が公表された後２週間における最も低い価格）×（売付株数） となる。 したがって、重要事実１及び２の公表後２週間における住友商事の最も低い株価は、１，１２３円であることから、課徴金の額は下記の金額となる。 課徴金納付命令対象者（１） 売付価額４４，０７０，４００円 （注１） － （１，１２３円×３１，３００株） ＝８，９２０，５００円 ⇒課徴金の額は１万円未満を切り捨てるため、 ８９２万円 （注１）売付価額は、 「1,408円×31,300株」 の額である。 課徴金納付命令対象者（２） 売付価額２，７５３，０００円 （注２） － （１，１２３円×２，０００株） ＝５０７，０００円 ⇒課徴金の額は１万円未満を切り捨てるため、 ５０万円 （注２）売付価額は、 「1,376.5円×2,000株」 の額である。"
2015-12-15,琉球銀行,8399,琉球銀行株式に係る相場操縦に対する課徴金納付命令の勧告について（平成27年12月15日）,https://www.fsa.go.jp/sesc/news/c_2015/2015/20151215-2.html,"English version 平成２７年１２月１５日 証券取引等監視委員会 琉球銀行株式に係る相場操縦に対する課徴金納付命令の勧告について １．勧告の内容 証券取引等監視委員会は、琉球銀行株式に係る相場操縦について検査した結果、下記のとおり法令違反の事実が認められたので、本日、内閣総理大臣及び金融庁長官に対して、金融庁設置法第２０条第１項の規定に基づき、課徴金納付命令を発出するよう勧告を行った。 ２．法令違反の事実関係 課徴金納付命令対象者は、株式会社琉球銀行の株式につき、同株式の売買が繁盛に行われていると他人に誤解させる等その売買の状況に関し他人に誤解を生じさせる目的をもって、平成２７年１月７日午前９時６分頃から同日午後２時５４分頃までの間、同株式合計３万６３００株につき、自己及びその親族の計算において、自己による売買の注文を対当させ、もって、権利の移転を目的としない仮装の売買をしたものである。 違反行為事実の概要については、別図のとおり。 課徴金納付命令対象者が行った上記の行為は、金融商品取引法第１７４条第１項に規定する「第１５９条第１項の規定に違反する有価証券の売買」に該当すると認められる。 ３．課徴金の額の計算 上記の違法行為に対し金融商品取引法に基づき納付を命じられる課徴金の額は、２２４万円である。 計算方法の詳細については、別紙のとおり。 （別図） ○ 違反行為事実の概要について （クリックすると拡大されます） （別紙） ○ 課徴金の額の計算方法について １．金融商品取引法第１７４条第１項に基づき、課徴金の額は、 違反行為期間における有価証券の売付数量が買付数量を超える場合の、当該超える数量に係るものについて、 （有価証券の売付価額）－（当該違反行為が終了してから１月を経過するまでの間の当該有価証券の最低価格×当該超える数量） または、 違反行為期間における有価証券の買付数量が売付数量を超える場合の、当該超える数量に係るものについて、 （当該違反行為が終了してから１月を経過するまでの間の当該有価証券の最高価格×当該超える数量）－（有価証券の買付価額） の額として計算される。 ２．課徴金納付命令対象者の違反行為について、本件における課徴金の額は、下記により算定される額　2,240,500円 ⇒課徴金の額は、１万円未満を切り捨てるため、 ２２４万円 (1) 違反行為期間における有価証券の売付数量は、実際の売付数量69,900株に、金融商品取引法第１７４条第６項及び同法施行令第３３条の９の４第１号により、違反行為の開始時にその時の価格（1,638円）で売付けをしたものとみなされる当該違反行為の開始時に有価証券を有しないで売付けをしている当該有価証券の数量113,400株を加えた183,300株である。 違反行為期間における有価証券の買付数量は、実際の買付数量70,400株に、金融商品取引法第１７４条第７項及び同法施行令第３３条の９の５第１号により、違反行為の開始時にその時の価格（1,638円）で買付けをしたものとみなされる当該違反行為の開始時に所有している当該有価証券の数量85,500株を加えた155,900株である。 (2) 上記(1)のとおり、違反行為期間における有価証券の売付数量が、買付数量を超えることから、 当該超える数量27,400株（183,300株－155,900株）について、当該超える数量に係る有価証券の売付価額から、当該違反行為が終了してから１月を経過するまでの間の当該有価証券の最低価格（1,555円）に当該超える数量を乗じて得た額を控除した額 売付価額44,847,500円 （注１） - 42,607,000円（1,555円×27,400株） ＝2,240,500円 （注１）売付価額は、 「1,630円×200株＋1,632円×200株＋1,633円×2,800株＋1,634円×4,600株＋1,635円×3,000株＋1,636円×1,800株＋1,637円×4,000株＋1,638円×4,700株＋1,639円×1,500株＋1,640円×2,000株＋1,641円×1,400株＋1,645円×1,200株」 の額である。 （注２）売付価額の算定においては、金融商品取引法施行令第３３条の９の６第５項の規定により、当該違反行為に係る有価証券の売付けのうち最も遅い時期に行われたものから順次当該超える数量まで割り当てることとなる。"
2015-12-15,株式会社エスケーエレクトロニクス,6677,株式会社エスケーエレクトロニクス役員からの情報受領者による内部者取引違反行為に対する課徴金納付命令の勧告について（平成27年12月15日）,https://www.fsa.go.jp/sesc/news/c_2015/2015/20151215-1.html,"English version 平成２７年１２月１５日 証券取引等監視委員会 株式会社エスケーエレクトロニクス役員からの情報受領者による内部者取引違反行為に対する課徴金納付命令の勧告について １．勧告の内容 証券取引等監視委員会は、株式会社エスケーエレクトロニクス役員からの情報受領者による内部者取引違反行為について検査した結果、下記のとおり法令違反の事実が認められたので、本日、内閣総理大臣及び金融庁長官に対して、金融庁設置法第２０条第１項の規定に基づき、課徴金納付命令を発出するよう勧告を行った。 ２．法令違反の事実関係 課徴金納付命令対象者は、株式会社エスケーエレクトロニクス（以下「エスケーエレクトロニクス」という。）の役員から、同人がその職務に関し知った、 (1) エスケーエレクトロニクスの属する企業集団の平成２４年１０月１日から平成２５年９月３０日までの会計期間の業績予想値について、平成２４年１１月１２日に公表された前事業年度の決算値（売上高１０９億８４００万円、経常損失２４億１４００万円、当期純損失２３億７００万円）に比較して、同社が新たに算出した予想値において、投資者の投資判断に及ぼす影響が重要なものとなる差異が生じた旨の重要事実の伝達を受けながら、同社において新たに算出した平成２５年９月期の予想値（売上高１７６億円、経常利益１５億円、当期純利益１４億５０００万円）が公表された平成２５年８月８日より前の同月２日午前１０時１１分頃から同月８日午後２時３７分頃までの間、自己の計算において、エスケーエレクトロニクス株式合計１万８１００株を買付価額合計７１２万９２００円で買い付け (2) エスケーエレクトロニクスの属する企業集団の平成２５年１０月１日から平成２６年９月３０日までの会計期間の業績予想値について、平成２６年２月１０日に公表された直近の予想値（売上高１６１億円、経常利益１７億５０００万円、当期純利益１２億５０００万円）に比較して、同社が新たに算出した予想値において、投資者の投資判断に及ぼす影響が重要なものとなる差異が生じた旨の重要事実の伝達を受けながら、同社において新たに算出した平成２６年９月期の予想値（売上高１８５億円、経常利益３３億円、当期純利益２３億円）が公表された平成２６年５月１２日より前の同月２日午前９時１８分頃から同月１２日午前１０時２９分頃までの間、自己の計算において、エスケーエレクトロニクス株式合計１万４３００株を買付価額合計１１１６万８００円で買い付け たものである。 違反行為事実の概要については、別図のとおり。 課徴金納付命令対象者が行った上記の行為は、金融商品取引法第１７５条第１項に規定する「第１６６条第１項又は第３項の規定に違反して、同条第１項に規定する売買等をした」行為に該当すると認められる。 ３．課徴金の額の計算 上記の違法行為に対し、金融商品取引法に基づき納付を命じられる課徴金の額は、１５６３万円である。 計算方法の詳細については、別紙のとおり。 （別図） ○ 違反行為事実の概要について （クリックすると拡大されます） （別紙） ○ 課徴金の額の計算方法について 金融商品取引法第１７５条第１項に基づき、課徴金の額は、 （重要事実が公表された後２週間における最も高い価格）×（買付株数） －（買付価格）×（買付株数） となる。 したがって、 違反行為（１）について、重要事実の公表後２週間におけるエスケーエレクトロニクスの最も高い株価は、６９９円であることから、課徴金の額は下記の金額となる。 （６９９円×１８，１００株） － 買付価額７，１２９，２００円 （注１） ＝５，５２２，７００円 ⇒課徴金の額は１万円未満を切り捨てるため、 ５５２万円 （注１）買付価額は、 「378円×1,000株＋384円×300株＋387円×500株＋389円×300株＋390円×4,500株＋392円×2,200株＋393円×1,000株＋398円×2,300株＋400円×6,000株」 の額である。 違反行為（２）について、重要事実の公表後２週間におけるエスケーエレクトロニクスの最も高い株価は、１，４８８円であることから、課徴金の額は下記の金額となる。 （１，４８８円×１４，３００株） － 買付価額１１，１６０，８００円 （注２） ＝１０，１１７，６００円 ⇒課徴金の額は１万円未満を切り捨てるため、 １０１１万円 （注２）買付価額は、 「754円×600株＋771円×900株＋773円×600株＋774円×500株＋776円×900株＋777円×900株＋778円×800株＋779円×900株＋780円×900株＋781円×300株＋782円×1,100株＋783円×100株＋784円×500株＋785円×700株＋786円×800株＋787円×800株＋788円×100株＋789円×2,000株＋790円×900株」 の額である。"
2015-12-07,株式会社ＳＲＩブレイン及びそ,,株式会社ＳＲＩブレイン及びその役員１名に対する金融商品取引法違反行為に係る裁判所の禁止及び停止命令の発令について（平成27年12月7日）,https://www.fsa.go.jp/sesc/news/c_2015/2015/20151207-2.html,English version 平成２７年12月７日 証券取引等監視委員会 株式会社ＳＲＩブレイン及びその役員１名に対する金融商品取引法違反行為に係る裁判所の禁止及び停止命令の発令について 証券取引等監視委員会が、平成２７年８月７日に行った株式会社ＳＲＩブレイン（東京都渋谷区、資本金１０００万円、常勤役職員１６名、適格機関投資家等特例業務届出者、金融商品取引業の登録等はない。以下「当社」という。）及び当社代表取締役Aに対する金融商品取引法（以下「金商法」という。）違反行為（金商法第６３条第１項第１号に掲げる私募に係る業務を行うに当たり、金融商品取引契約の締結又はその勧誘に関して、顧客に対し虚偽のことを告げる行為を行うこと）の禁止及び停止を命ずるよう求める申立てについて、平成２７年１２月４日付けで東京地方裁判所より、下記の命令が下された。 記 被申立人株式会社ＳＲＩブレイン及び同Aは、いずれも、金融商品取引法６３条１項１号に掲げる私募に係る業務を行うに当たり、金融商品取引契約の締結又はその勧誘に関して、顧客に対し虚偽のことを告げる行為を行ってはならない。 （参考） 株式会社ＳＲＩブレイン及びその役員１名の金融商品取引法違反行為に係る裁判所への申立てについて
2015-12-04,新日本理化株式会社,4406,新日本理化株式会社株券に係る相場操縦嫌疑事件の告発について（平成27年12月4日）,https://www.fsa.go.jp/sesc/news/c_2015/2015/20151204-1.html,English version 平成２７年１２月４日 証券取引等監視委員会 新日本理化株式会社株券に係る相場操縦嫌疑事件の告発について 証券取引等監視委員会は、本日、金融商品取引法違反（相場操縦）の嫌疑で、嫌疑者３名を東京地方検察庁に告発した。告発の対象となった犯則事実については下記のとおり。 １．告発の対象となった犯則事実 犯則嫌疑者Ａ、Ｂ、Ｃは、共謀の上、財産上の利益を得る目的で、大阪市中央区北浜１丁目８番１６号所在の株式会社大阪証券取引所（当時）が開設していた有価証券市場に上場されていた新日本理化株式会社の株券について、その株価の高値形成を図り、同株券の売買を誘引する目的をもって、平成２４年２月１５日から同年３月２日までの間、１３取引日にわたり、同市場において、犯則嫌疑者Ｂ、Ｃほか２名義で、証券会社７社を介し、立会時間の開始前に大量の成行買い注文等を発注して始値を引き上げ、立会時間に高指値の買い注文を発注して株価を引き上げ、又は下値に大量の買い注文を発注して下値を支えるなどの方法により、同株券合計２９６万５６００株を買い付けるとともに、同株券合計２７９万６６００株の買付けの委託を行う一連の取引をし、その株価を８７１円から１２９７円まで上昇させた上、同年２月１７日から同年３月５日までの間、４取引日にわたり、当該上昇させた株価により、同株券合計１４７万５４００株を売り付け、もって同株券の売買が繁盛であると誤解させ、かつ、同株券の相場を変動させるべき一連の株券売買及びその委託をし、当該上昇させた株価により同株券の売買を行ったものである。 ２．関連条文 金融商品取引法第197条第2項、同条第1項第5号、第159条第2項第1号、刑法第60条 法定刑：10年以下の懲役及び3000万円以下の罰金
2015-12-08,Gateway,,石山Gateway Holdings株券に係る内部者取引事件の告発について（平成27年12月8日）,https://www.fsa.go.jp/sesc/news/c_2015/2015/20151208-1.html,English version 平成２７年１２月８日 証券取引等監視委員会 石山Gateway Holdings株券に係る内部者取引事件の告発について 証券取引等監視委員会は、本日、金融商品取引法違反（インサイダー取引）の嫌疑で、嫌疑者１名を東京地方検察庁に告発した。告発の対象となった犯則事実については下記のとおり。 １．告発の対象となった犯則事実 犯則嫌疑者は、平成２６年１０月２９日、株式会社東京証券取引所が運営するジャスダック市場に株券を上場していた石山Gateway Holdings株式会社の従業員から、同人がその職務に関し知った、同日、同社が粉飾決算をしたとする金融商品取引法違反の嫌疑事実により証券取引等監視委員会の強制調査を受けた旨の同社の運営、業務及び財産に関する重要な事実であって投資者の投資判断に著しい影響を及ぼす重要事実の伝達を受けたものであるが、同事実の公表前に同社の株券を売り付けて損失を回避しようと考え、法定の除外事由がないのに、前記重要事実の公表前である同月３０日、証券会社２社を介し、犯則嫌疑者ほか１名名義の同社株券合計４３万５４００株を代金合計４３２２万６００円で売り付けたものである。 ２．関連条文 金融商品取引法第197条の2第13号、第166条第3項、同条第1項第1号、同条第2項第4号 法定刑：5年以下の懲役若しくは500万円以下の罰金又は併科
2015-12-08,ドイツ証券株式会社,,ドイツ証券株式会社に対する検査結果に基づく勧告について（平成27年12月8日）,https://www.fsa.go.jp/sesc/news/c_2015/2015/20151208-2.html,English version 平成27年12月８日 証券取引等監視委員会 ドイツ証券株式会社に対する検査結果に基づく勧告について １．勧告の内容 証券取引等監視委員会がドイツ証券株式会社（東京都千代田区、資本金727億円、常勤役職員537名、第一種金融商品取引業、第二種金融商品取引業及び投資助言・代理業）を検査した結果、下記２．のとおり、当該金融商品取引業者に係る問題が認められたので、本日、証券取引等監視委員会は、内閣総理大臣及び金融庁長官に対して、金融庁設置法第20条第１項の規定に基づき、行政処分を行うよう勧告した。 ２．事実関係 (1)　法人関係情報の管理に不備がある状況 ドイツ証券株式会社（以下「当社」という。）においては、当社に所属するアナリスト（以下「当社アナリスト」という。）が上場会社に関する情報を顧客に提供する場合、 ア　当社所定の形式のレポート（アナリストレポート）として提供しているほか、 イ　当社アナリストから直接又は営業員を介して電子メールや電話等によっても提供している。 今回検査において、当社アナリストが上場会社から取材等で取得した情報に係る管理の状況について検証したところ、以下の問題が認められた。 ａ　当社は、上記アを行うに当たり、当該アナリスト自身の判断によって報告等が行われない場合、コンプライアンス担当者等による法人関係情報該当性の検討が必ずしも実施されないこととなっていた。 ｂ　当社は、上記イを行うに当たり、法人関係情報該当性の検討が実施されないこととなっていた。 その結果、当社アナリストが上場会社に係る非公表の情報を取得した多数の事例（下記(2)の事例を含む）において、法人関係情報該当性の検討が行われないまま、当該情報の内容が顧客に提供されていた。 当社における上記(1)のような法人関係情報の管理の状況は、法人関係情報に係る不公正な取引の防止を図るために必要かつ適切な措置を講じていないと認められ、金融商品取引法第40条第２号に基づく金融商品取引業等に関する内閣府令第123条第１項第５号に該当するものと認められる。 (2)　法人関係情報を提供した勧誘 平成26年12月頃、当社株式調査部のＡアナリストは、上場会社である甲社に対する取材において、公表前の四半期の業績に関する法人関係情報（以下「本件法人関係情報」という。）を取得した当日に、営業を担当する当社職員21名及び１顧客に対し、電子メール等によって本件法人関係情報を伝達していた。 そして、本件法人関係情報の伝達を受けた当社職員のうち２営業員が同日中に、少なくとも上記１顧客を含む３顧客に対し、本件法人関係情報を甲社から公表される前に提供して甲社株式の売買の勧誘を行っていた。 当社における上記(2)のような株式の売買を勧誘する行為は、有価証券の売買その他の取引等につき、顧客に対して法人関係情報を提供して勧誘する行為と認められ、平成26年法律第44号による改正前の金融商品取引法第38条第７号に基づく金融商品取引業等に関する内閣府令第117条第１項第14号に該当するものと認められる。 ３．その他 上記問題の根本原因としては、当社のガバナンス及びコンプライアンス態勢の弱さが認められ、当社のグローバルな課題として対応が求められる。 （参考条文） ○　金融商品取引法（昭和23年法律第25号）（抄） （禁止行為） 第三十八条　金融商品取引業者等又はその役員若しくは使用人は、次に掲げる行為をしてはならない。（略） 一～六　（略） 七　前各号に掲げるもののほか、投資者の保護に欠け、若しくは取引の公正を害し、又は金融商品取引業の信用を失墜させるものとして内閣府令で定める行為 （注１）当該条文は、平成27年５月29日に施行された平成26年法律第44号による改正前のものである（改正後は第三十八条第八号となる）。 （適合性の原則等） 第四十条　金融商品取引業者等は、業務の運営の状況が次の各号のいずれかに該当することのないように、その業務を行わなければならない。 一　（略） 二　前号に掲げるもののほか、業務に関して取得した顧客に関する情報の適正な取扱いを確保するための措置を講じていないと認められる状況、その他業務の運営の状況が公益に反し、又は投資者の保護に支障を生ずるおそれがあるものとして内閣府令で定める状況にあること。 ○　金融商品取引業等に関する内閣府令（平成19年内閣府令第52号）（抄） （定義） 第一条　（略） ４　この府令において、次の各号に掲げる用語の意義は、当該各号に定めるところによる。 一～十三　（略） 十四　法人関係情報　法第百六十三条第一項に規定する上場会社等の運営、業務又は財産に関する公表されていない重要な情報であって顧客の投資判断に影響を及ぼすと認められるもの並びに法第二十七条の二第一項に規定する公開買付け（同項本文の規定の適用を受ける場合に限る。）、これに準ずる株券等（同項に規定する株券等をいう。）の買集め及び法第二十七条の二十二の二第一項に規定する公開買付け（同項本文の規定の適用を受ける場合に限る。）の実施又は中止の決定（法第百六十七条第二項ただし書に規定する基準に該当するものを除く。）に係る公表されていない情報をいう。 （以下、略） （禁止行為） 第百十七条　法第三十八条第七号に規定する内閣府令で定める行為は、次に掲げる行為とする。 一～十三　（略） 十四　有価証券の売買その他の取引若しくは有価証券に係るデリバティブ取引又はこれらの媒介、取次ぎ若しくは代理につき、顧客に対して当該有価証券の発行者の法人関係情報を提供して勧誘する行為 （以下、略） （注２）当該条文は、平成27年５月29日に施行された平成27年内閣府令第38号による改正前のものである（改正後は法第三十八条第八号に規定する内閣府令に定める行為となる）。 （業務の運営の状況が公益に反し又は投資者の保護に支障を生ずるおそれがあるもの） 第百二十三条　法第四十条第二号に規定する内閣府令で定める状況は、次に掲げる状況とする。 一～四　（略） 五　その取り扱う法人関係情報に関する管理又は顧客の有価証券の売買その他の取引等に関する管理について法人関係情報に係る不公正な取引の防止を図るために必要かつ適切な措置を講じていないと認められる状況 （以下、略）
2015-12-07,株式会社東芝,6588,株式会社東芝に係る有価証券報告書等の虚偽記載に係る課徴金納付命令勧告について（平成27年12月7日）,https://www.fsa.go.jp/sesc/news/c_2015/2015/20151207-1.html,"English version 平成27年12月７日 証券取引等監視委員会 株式会社東芝に係る有価証券報告書等の虚偽記載に係る課徴金納付命令勧告について １．勧告の内容 証券取引等監視委員会は、株式会社東芝に係る有価証券報告書等の虚偽記載について検査した結果、以下のとおり法令違反の事実が認められたので、本日、内閣総理大臣及び金融庁長官に対して、金融庁設置法第20条第１項の規定に基づき、課徴金納付命令を発出するよう勧告を行った。 ２．法令違反の事実関係 (1) 継続開示書類 株式会社東芝（以下「当社」という。）は、一部の工事進行基準適用案件において、工事損失引当金の過少計上及び売上の過大計上を行ったほか、映像事業、パソコン事業及び半導体事業等の一部において、売上原価の過少計上、費用の過少計上などを行った。 これらの結果、当社は、関東財務局長に対し、 別紙１ のとおり、金融商品取引法第172条の４第１項に規定する「重要な事項につき虚偽の記載がある」以下の有価証券報告書を提出したものである。 平成24年３月期有価証券報告書（平成24年６月22日提出） 平成25年３月期有価証券報告書（平成25年６月25日提出） (2) 発行開示書類 当社は、関東財務局長に対し、以下のとおり、金融商品取引法第172条の２第１項第１号に規定する「重要な事項につき虚偽の記載がある」発行開示書類を提出し、当該発行開示書類に基づく募集により有価証券を取得させたものである。 ア 平成22年12月９日、平成21年４月１日から平成22年３月31日までの連結会計期間につき、売上原価の過少計上等により、同期間における連結当期純損益が53,943百万円（百万円未満切捨て。以下同じ。）の損失であるところを19,743百万円の損失と記載するなどした連結損益計算書を掲載した有価証券報告書を参照書類とする発行登録追補書類を提出し、同発行登録追補書類に基づく募集により、同年12月15日、社債券を120,000,000,000円で取得させた。 イ 平成25年１月17日、重要な事項につき虚偽の記載がある平成24年３月期有価証券報告書（ 別紙１ 参照）を参照書類とする発行登録追補書類を提出し、同発行登録追補書類に基づく募集により、同年１月28日、社債券を30,000,000,000円で取得させた。 ウ 平成25年５月24日、重要な事項につき虚偽の記載がある平成24年３月期有価証券報告書（ 別紙１ 参照）を参照書類とする発行登録追補書類を提出し、同発行登録追補書類に基づく募集により、同年５月30日、社債券を90,000,000,000円で取得させた。 エ 平成25年７月12日、重要な事項につき虚偽の記載がある平成25年３月期有価証券報告書（ 別紙１ 参照）を参照書類とする発行登録追補書類を提出し、同発行登録追補書類に基づく募集により、同年７月26日、社債券を30,000,000,000円で取得させた。 オ 平成25年12月５日、重要な事項につき虚偽の記載がある平成25年３月期有価証券報告書（ 別紙１ 参照）を参照書類とする発行登録追補書類を提出し、同発行登録追補書類に基づく募集により、同年12月11日、社債券を50,000,000,000円で取得させた。 ３．課徴金の額の計算 上記の違法行為について金融商品取引法に基づき算定される課徴金の額は、73億7,350万円である。（計算方法については 別紙２ のとおり。） （別紙１）株式会社東芝の有価証券報告書の虚偽記載内容 （別紙１）株式会社東芝の有価証券報告書の虚偽記載内容 番 号 開示書類 虚偽記載 提出日 書類 会計期間 財務計算に 関する書類 内容（注１） 事由 １ 平成24年 ６月22日 第173期事業年度連結会計期間に係る有価証券報告書（平成24年３月期有価証券報告書） 平成23年４月１日～平成24年３月31日の連結会計期間 連結 損益計算書 連結当期純損益が3,194百万円であるところを70,054百万円（注２）と記載 ・工事損失引当金の過少計上及び売上の過大計上 ・売上原価の過少計上 ・費用の過少計上 等 ２ 平成25年 ６月25日 第174期事業年度連結会計期間に係る有価証券報告書（平成25年３月期有価証券報告書） 平成24年４月１日～平成25年３月31日の連結会計期間 連結 損益計算書 連結当期純損益が13,425百万円であるところを77,366百万円（注３）と記載 ・工事損失引当金の過少計上及び売上の過大計上 ・売上原価の過少計上 ・費用の過少計上 等 （注１）金額は百万円未満切捨てである。 （注２）平成25年３月期有価証券報告書に掲載された連結損益計算書記載の遡及修正後の計数である。 （注３）平成26年３月期有価証券報告書に掲載された連結損益計算書記載の遡及修正後の計数である。 （別紙２）課徴金の計算方法 (1) 金融商品取引法第172条の４第１項の規定により、平成24年３月期有価証券報告書に係る課徴金の額は、 ア 当該法人が発行する算定基準有価証券の市場価額の総額に10万分の６を乗じて得た額（92,277,727円） が イ 6,000,000円 を超えることから、92,277,727円について、金融商品取引法第176条第２項の規定により１万円未満の端数を切り捨てて92,270,000円となる。 (2) 金融商品取引法第172条の４第１項の規定により、平成25年３月期有価証券報告書に係る課徴金の額は、 ア 当該法人が発行する算定基準有価証券の市場価額の総額に10万分の６を乗じて得た額（81,236,859円） が イ 6,000,000円 を超えることから、81,236,859円について、金融商品取引法第176条第２項の規定により１万円未満の端数を切り捨てて81,230,000円となる。 (3) 金融商品取引法第172条の２第１項第１号の規定により、重要な事項につき虚偽の記載がある発行開示書類に基づく募集により取得させた有価証券の発行価額の総額の100分の2.25に相当する額が課徴金の額となることから、 ア 平成22年12月９日提出の発行登録追補書類に係る課徴金の額は、 120,000,000,000円×2.25／100＝2,700,000,000円 イ 平成25年１月17日提出の発行登録追補書類に係る課徴金の額は、 30,000,000,000円×2.25／100＝675,000,000円 ウ 平成25年５月24日提出の発行登録追補書類に係る課徴金の額は、 90,000,000,000円×2.25／100＝2,025,000,000円 エ 平成25年７月12日提出の発行登録追補書類に係る課徴金の額は、 30,000,000,000円×2.25／100＝675,000,000円 オ 平成25年12月５日提出の発行登録追補書類に係る課徴金の額は、 50,000,000,000円×2.25／100＝1,125,000,000円 となる。"
2015-11-10,株式会社丸庄,,株式会社丸庄に対する検査結果について（平成27年11月10日）,https://www.fsa.go.jp/sesc/news/c_2015/2015/20151110-1.html,English version 平成27年11月10日 証券取引等監視委員会 株式会社丸庄に対する検査結果について 関東財務局長が上記適格機関投資家等特例業務届出者を検査した結果、問題が認められた（詳細は、関東財務局ウェブサイトを参照してください。）。 「株式会社丸庄に対する検査結果について」（関東財務局ウェブサイト）
2015-10-23,,,海外に居住する個人投資家によるゲームオン株式に係る内部者取引に対する課徴金納付命令の勧告について（平成27年10月23日）,https://www.fsa.go.jp/sesc/news/c_2015/2015/20151023-4.html,"English version 平成２７年１０月２３日 証券取引等監視委員会 海外に居住する個人投資家によるゲームオン株式に係る内部者取引に対する課徴金納付命令の勧告について １．勧告の内容 証券取引等監視委員会は、公開買付者との契約締結交渉者の従業員である海外居住の個人投資家によるゲームオン株式に係る内部者取引について検査した結果、下記のとおり法令違反の事実が認められたので、本日、内閣総理大臣及び金融庁長官に対して、金融庁設置法第２０条第１項の規定に基づき、課徴金納付命令を発出するよう勧告を行った。 ２．法令違反の事実関係 課徴金納付命令対象者（大韓民国に居住）は、ネオウィズ・ゲームズ・コーポレーションとの契約の締結の交渉に関し，同社の業務執行を決定する機関が株式会社ゲームオン（以下「ゲームオン」という。）株式の公開買付けを行うことについての決定をした旨の公開買付けの実施に関する事実を知りながら、当該事実の公表前の平成２３年９月１４日から同年１０月２７日までの間、自己の計算において、ゲームオン株式合計１３７株を買付価額合計８１８万９６００円で買い付けたものである。 課徴金納付命令対象者が行った上記の行為は、金融商品取引法第１７５条第２項に規定する「第１６７条第１項又は第３項の規定に違反して、同条第１項に規定する株券等に係る買付け等をした」行為に該当すると認められる。 ３．課徴金の額の計算 上記の違法行為について金融商品取引法に基づき算定される課徴金の額は、３８６万円である。 計算方法の詳細については、別紙のとおり。 ４．その他 本件については、大韓民国の金融委員会（Financial Services Commission）及び金融監督院（Financial Supervisory Service）より支援がなされている。 （別紙） ○ 課徴金の額の計算方法について 金融商品取引法第１７５条第２項の規定により、当該違反行為に係る課徴金の額は、 （公開買付け等の実施に関する事実の公表後２週間における最も高い価格）×（買付け等の数量）－（買付け等をした価格）×（買付け等の数量） となる。 公開買付け等の実施に関する事実の公表後２週間におけるゲームオン株式の最も高い価格は８８，０００円であることから、 （８８，０００円×１３７株）－買付価額８，１８９，６００円 （注） ＝３，８６６，４００円 ⇒金融商品取引法第１７６条第２項の規定により、課徴金の額は、１万円未満の端数を切り捨てた ３８６万円 となる。 （注）買付価額の内訳は、 「57,200円×1株＋57,500円×5株＋57,600円×1株＋57,700円×1株＋57,800円×6株＋57,900円×8株＋58,000円×10株＋58,100円×2株＋58,300円×1株＋58,400円×5株＋58,500円×7株＋58,600円×3株＋58,900円×3株＋59,000円×7株＋59,600円×1株＋59,700円×1株＋59,800円×1株＋59,900円×4株＋60,000円×2株＋60,300円×7株＋60,500円×12株＋60,600円×1株＋60,700円×1株＋60,800円×5株＋60,900円×3株＋61,000円×11株＋61,200円×1株＋61,300円×3株＋61,500円×6株＋61,700円×3株＋61,800円×2株＋62,000円×5株＋62,100円×2株＋62,300円×1株＋62,400円×1株＋62,500円×1株＋62,700円×3株」 である。"
2015-11-25,株式会社アールテック・ウエノ,,株式会社アールテック・ウエノとの契約締結者の職員による内部者取引に対する課徴金納付命令の勧告について（平成27年11月25日）,https://www.fsa.go.jp/sesc/news/c_2015/2015/20151125-1.html,"English version 平成２７年１１月２５日 証券取引等監視委員会 株式会社アールテック・ウエノとの契約締結者の職員による内部者取引に対する課徴金納付命令の勧告について １．勧告の内容 証券取引等監視委員会は、株式会社アールテック・ウエノとの契約締結者の職員による内部者取引について検査した結果、下記のとおり法令違反の事実が認められたので、本日、内閣総理大臣及び金融庁長官に対して、金融庁設置法第２０条第１項の規定に基づき、課徴金納付命令を発出するよう勧告を行った。 ２．法令違反の事実関係 課徴金納付命令対象者は、株式会社アールテック・ウエノ（以下「アールテック」という。） との間で網膜色素変性に対するウノプロストン（開発コードＵＦ－０２１）点眼液の第３相臨床試験（以下「本試験」という。）にかかる治験契約を締結していた法人に勤務し、同治験に従事していた者であるが、平成２７年３月９日、同契約の履行に関し、アールテックが本試験を中止することについて決定した旨の、アールテックの運営、業務又は財産に関する重要な事実であって投資者の投資判断に著しい影響を及ぼす事実を知りながら、上記事実の公表がされた同日午後３時３０分頃より前の午後２時１１分頃、自己の計算において、アールテック株式合計８００株を売付価額合計１６５万５７００円で売り付けたものである。 課徴金納付命令対象者が行った上記の行為は、金融商品取引法第１７５条第１項に規定する「第１６６条第１項又は第３項の規定に違反して、同条第１項に規定する売買等をした」行為に該当すると認められる。 ３．課徴金の額の計算 上記の違法行為に対し、金融商品取引法に基づき納付を命じられる課徴金の額は、６０万円である。 計算方法の詳細については、別紙のとおり。 （別紙） ○ 課徴金の額の計算方法について 金融商品取引法第１７５条第１項に基づき、課徴金の額は、 （売付価格）×（売付株数） －（重要事実が公表された後２週間における最も低い価格）×（売付株数） となる。 したがって、重要事実公表後２週間におけるアールテックの最も低い株価は、 １，３１４円であることから、課徴金の額は下記の金額となる。 売付価額１，６５５，７００円 （注１） －（１，３１４円×８００株） ＝６０４，５００円 ⇒課徴金の額は１万円未満を切り捨てるため、 ６０万円 （注１）売付価額は、 「2,065円×100株+2,066円×100株+2,070円×400株+2,071円×100株＋2,075円×100株」 の額である。"
2015-10-23,東邦銀行,8346,東邦銀行株式に係る相場操縦に対する課徴金納付命令の勧告について（平成27年10月23日）,https://www.fsa.go.jp/sesc/news/c_2015/2015/20151023-3.html,"English version 平成２７年１０月２３日 証券取引等監視委員会 東邦銀行株式に係る相場操縦に対する課徴金納付命令の勧告について １．勧告の内容 証券取引等監視委員会は、東邦銀行株式に係る相場操縦について検査した結果、下記のとおり法令違反の事実が認められたので、本日、内閣総理大臣及び金融庁長官に対して、金融庁設置法第２０条第１項の規定に基づき、課徴金納付命令を発出するよう勧告を行った。 ２．法令違反の事実関係 課徴金納付命令対象者は、株式会社東邦銀行の株式につき、同株式の売買を誘引する目的をもって、平成２６年６月１０日午前１０時５９分頃から同日午後２時１５分頃までの間、直前の約定値より高指値の売り注文と買い注文を対当させて株価を引き上げたり、直前の約定値より高指値の買い注文を連続して発注して株価を引き上げるなどの方法により、同株式合計１５７万６０００株を買い付ける一方、同株式合計１１９万８０００株を売り付け、もって、自己の計算において、同株式の売買が繁盛であると誤解させ、かつ、同市場における同株式の相場を変動させるべき一連の売買をしたものである。 課徴金納付命令対象者が行った上記の行為は、金融商品取引法第１７４条の２第１項に規定する「第１５９条第２項第１号の規定に違反する一連の有価証券売買等」に該当すると認められる。 ３．課徴金の額の計算 上記の違法行為に対し金融商品取引法に基づき納付を命じられる課徴金の額は、１５１７万円である。 計算方法の詳細については、別紙のとおり。 （別紙） ○ 課徴金の額の計算方法について １．金融商品取引法第１７４条の２第１項に基づき、課徴金の額は、 (1) 売買対当数量 （注１） に係るものについて、 （有価証券の売付価額）－（有価証券の買付価額） と、 (2) 当該違反行為に係る有価証券の売付数量が買付数量を超える場合の、当該超える数量に係るものについて、 （有価証券の売付価額）－（当該違反行為が終了してから１月を経過するまでの間の当該有価証券の最低価格×当該超える数量） または、 当該違反行為に係る有価証券の買付数量が売付数量を超える場合の、当該超える数量に係るものについて、 （当該違反行為が終了してから１月を経過するまでの間の当該有価証券の最高価格×当該超える数量）－（有価証券の買付価額） との合計額として計算される。 （注１）売買対当数量：当該違反行為に係る有価証券の売付数量と買付数量のうち、いずれか少ない数量をいう。 ２．課徴金納付命令対象者の違反行為について、本件における課徴金の額は、下記(1)及び(2)によりそれぞれ算定される額の合計　15,172,088円 ⇒課徴金の額は、１万円未満を切り捨てるため、 １５１７万円 (1) 当該違反行為に係る売買対当数量は、 (ｉ)当該違反行為に係る有価証券の売付数量は、1,198,000株であり、 (ii)当該違反行為に係る有価証券の買付数量は、実際の買付け等の数量1,576,000株に、金融商品取引法第１７４条の２第８項及び同法施行令第３３条の１３第１号により、違反行為の開始時にその時における価格（353円）で買付けをしたものとみなされる当該違反行為の開始時に所有している当該有価証券の数量453,587株を加えた2,029,587株である ことから、1,198,000株となる。 当該売買対当数量に係るものについて、 売付価額435,336,000円 （注２） － 買付価額426,999,130円 （注３） ＝8,336,870円 （注２）売付価額は、 「353円×7,000株＋354円×48,000株＋357円×5,000株＋358円×281,000株＋359円×7,000株＋360円×5,000株＋361円×201,000株＋362円×9,000株＋363円×31,000株＋364円×5,000株＋365円×269,000株＋370円×330,000株」 の額である。 （注３）買付価額は、 「352円×8,000株＋353円×517,587株＋354円×64,000株＋355円×3,000株＋357円×35,000株＋358円×247,000株＋359円×11,000株＋360円×56,000株＋361円×201,000株＋362円×18,000株＋363円×413株＋364円×18,000株＋365円×14,000株＋367円×5,000株」 の額である。 （注４）買付価額の算定においては、金融商品取引法施行令第３３条の１４第５項の規定により、当該違反行為に係る有価証券の買付けのうち最も早い時期に行われたものから順次当該売買対当数量に達するまで割り当てることとなる。 本件においては、違反行為の開始時点において所有しており、金融商品取引法第１７４条の２第８項及び同法施行令第３３条の１３第１号の規定により、違反行為の開始時点にその時における価格（353円）で買い付けたものとみなされるもの（みなし買付け）から割り当てられることとなる。 (2) 上記(1)のとおり、当該違反行為に係る有価証券の買付数量が、売付数量を超えることから、 当該超える数量831,587株（2,029,587株－1,198,000株）について、 当該違反行為が終了してから１月を経過するまでの間の当該有価証券の最高価格（377円）に当該超える数量を乗じて得た額 313,508,299円（377円×831,587株）－ 買付価額306,673,081円 （注５） ＝6,835,218円 （注５）買付価額は、 「363円×1,587株＋364円×9,000株＋365円×262,000株＋366円×24,000株＋367円×2,000株＋368円×18,000株＋369円×12,000株＋370円×401,000株＋371円×13,000株＋372円×17,000株＋373円×8,000株＋375円×8,000株＋376円×11,000株＋377円×28,000株＋378円×15,000株＋379円×2,000株」 の額である。"
2015-10-23,株式会社光通信,9435,公開買付者の親会社との契約締結者の社員からの情報受領者によるウェブクルー株式に係る内部者取引違反行為及び当該社員による公開買付けの実施の事実に係る伝達違反行為に対する課徴金納付命令の勧告について（平成27年10月23日）,https://www.fsa.go.jp/sesc/news/c_2015/2015/20151023-2.html,"English version 平成２７年１０月２３日 証券取引等監視委員会 公開買付者の親会社との契約締結者の社員からの情報受領者によるウェブクルー株式に係る内部者取引違反行為及び当該社員による公開買付けの実施の事実に係る伝達違反行為に対する課徴金納付命令の勧告について １．勧告の内容 証券取引等監視委員会は、公開買付者の親会社との契約締結者の社員からの情報受領者によるウェブクルー株式に係る内部者取引及び当該社員による公開買付けの実施の事実に係る伝達について検査した結果、下記のとおり法令違反の事実が認められたので、本日、内閣総理大臣及び金融庁長官に対して、金融庁設置法第２０条第１項の規定に基づき、課徴金納付命令を発出するよう勧告を行った。 ２．法令違反の事実関係 (1) 課徴金納付命令対象者（１）について 課徴金納付命令対象者（１）は、株式会社ニュートン・フィナンシャル・コンサルティング（以下「ニュートン」という。）の親会社である株式会社光通信との間で株式引受契約を締結していた会社の社員であった課徴金納付命令対象者（２）から、同人が同契約の履行に関して知った、ニュートンの業務執行を決定する機関が、株式会社ウェブクルー（以下「ウェブクルー」という。）の株式の公開買付けを行うことについての決定をした旨の公開買付けの実施に関する事実の伝達を受けながら、上記事実の公表がされた平成２６年１１月１２日午後３時より前の同日午後１時４２分頃から５０分頃、自己の計算において、ウェブクルー株式合計７８００株を買付価額合計４９６万８５００円で買い付けたものである。 課徴金納付命令対象者（１）が行った上記の行為は、金融商品取引法第１７５条第２項に規定する「第１６７条第１項又は第３項の規定に違反して、同条第１項に規定する売買等をした」行為に該当すると認められる。 (2) 課徴金納付命令対象者（２）について 課徴金納付命令対象者（２）は、株式会社ニュートン・フィナンシャル・コンサルティング（以下「ニュートン」という。）の親会社である株式会社光通信との間で株式引受契約を締結していた会社の社員であったが、同契約の履行に関して知った、ニュートンの業務執行を決定する機関が、ウェブクルーの株式の公開買付けを行うことについての決定をした旨の公開買付けの実施に関する事実を、課徴金納付命令対象者（１）に対し、上記事実が公表される前にウェブクルー株式の買付けをさせることにより同人に利益を得させる目的をもって、伝達したものである。 課徴金納付命令対象者（１）は、上記事実の公表がされた平成２６年１１月１２日午後３時より前の同日午後１時４２分頃から５０分頃、自己の計算において、ウェブクルー株式合計７８００株を買付価額合計４９６万８５００円で買い付けたものである。 課徴金納付命令対象者（２）が行った上記の行為は、金融商品取引法第１７５条の２第２項に規定する「第１６７条の２第２項の規定に違反して、同項の伝達をし、又は同項の買付け等若しくは売付け等をすることを勧める」行為に該当すると認められる。 ３．課徴金の額の計算 上記の違法行為に対し、金融商品取引法に基づき納付を命じられる課徴金の額は、下記のとおりである。 課徴金納付命令対象者（１） ５１万円 課徴金納付命令対象者（２） ２５万円 計算方法の詳細については、別紙のとおり。 （別紙） ○ 課徴金の額の計算方法について １．課徴金納付命令対象者(１) 金融商品取引法第１７５条第２項に基づき、課徴金の額は、 （公開買付け等の実施に関する事実が公表された後２週間における最も高い価格）×（買付株数） －（買付価格）×（買付株数） となる。 したがって、公開買付け等の実施に関する事実の公表後２週間におけるウェブクルーの最も高い株価は、７０３円であることから、課徴金の額は下記の金額となる。 （７０３円×７，８００株）－買付価額４，９６８，５００円 （注１） ＝５１４，９００円 ⇒課徴金の額は１万円未満を切り捨てるため、 ５１万円 （注１）買付価額は、 「636円×100株＋637円×7,700株」 の額である。 ２．課徴金納付命令対象者(２) 金融商品取引法第１７５条の２第２項に基づき、課徴金の額は、 （当該違反行為により当該情報受領者が行った当該買付け等によって得た利得相当額）×１/２ となる。 金融商品取引法第１７５条の２第４項に基づき、利得相当額は、 （公開買付け等の実施に関する事実が公表された後２週間における最も高い価格）×（買付株数） －（買付価格）×（買付株数） となる。 したがって、公開買付け等の実施に関する事実の公表後２週間におけるウェブクルーの最も高い株価は、７０３円であることから、課徴金の額は下記の金額となる。 ｛（７０３円×７，８００株）－買付価額４，９６８，５００円 （注２） ｝×１/２ ＝２５７，４５０円 ⇒課徴金の額は１万円未満を切り捨てるため、 ２５万円 （注２）買付価額は、 「636円×100株＋637円×7,700株」 の額である。"
2015-10-23,オリンパス株式会社,7733,オリンパス株式会社に係る虚偽有価証券報告書提出事件の告発について(4)（平成27年10月23日）,https://www.fsa.go.jp/sesc/news/c_2015/2015/20151023-1.html,English version 平成２７年１０月２３日 証券取引等監視委員会 オリンパス株式会社に係る虚偽有価証券報告書提出事件の告発について(4) 証券取引等監視委員会は、本日、証券取引法及び金融商品取引法違反幇助（虚偽有価証券報告書提出）の嫌疑で、嫌疑者１名を東京地方検察庁に告発した。告発の対象となった犯則事実については下記のとおり。 １．告発の対象となった犯則事実 犯則嫌疑者は、オリンパス株式会社(以下「オリンパス」という)の代表取締役社長らが共謀の上、同社の業務及び財産に関し １ 平成18年4月１日から平成19年3月31日までの連結会計年度につき、同年6月28日、関東財務局において、同財務局長に対し、同社の連結会計年度における連結純資産額が約2324億5900万円であったにもかかわらず、損失を抱えた金融商品を簿外処理するなどの方法により、「純資産合計」欄に3448億7100万円と記載するなどした連結貸借対照表を掲載した有価証券報告書を提出し ２ 平成19年4月１日から平成20年3月31日までの連結会計年度につき、同年6月27日、関東財務局において、同財務局長に対し、同社の連結会計年度における連結純資産額が約2500億2900万円であったにもかかわらず、損失を抱えた金融商品を簿外処理するとともに架空ののれん代を計上するなどの方法により、「純資産合計」欄に3678億7600万円と記載するなどした連結貸借対照表を掲載した有価証券報告書を提出し ３ 平成20年4月１日から平成21年3月31日までの連結会計年度につき、同年6月26日、関東財務局において、同財務局長に対し、同社の連結会計年度における連結純資産額が約1208億5200万円であったにもかかわらず、損失を抱えた金融商品を簿外処理するとともに架空ののれん代を計上するなどの方法により、「純資産合計」欄に1687億8400万円と記載するなどした連結貸借対照表を掲載した有価証券報告書を提出し ４ 平成21年4月１日から平成22年3月31日までの連結会計年度につき、同年6月29日、関東財務局において、同財務局長に対し、同社の連結会計年度における連結純資産額が約1713億7100万円であったにもかかわらず、架空ののれん代を計上するなどの方法により、「純資産合計」欄に2168億9100万円と記載するなどした連結貸借対照表を掲載した有価証券報告書を提出し もってそれぞれ重要な事項につき虚偽の記載のある有価証券報告書を提出した際、その情を知りながら、有価証券の売買等を目的とする会社の取締役であった者と共同して 第１ 前記１の事実について、平成19年6月28日までの間、オリンパスの簿外損失を管理するためのファンド等の維持管理を行うなどして損失を抱えた金融商品を簿外処理することを可能にするなどし 第２ 前記２の事実について、平成20年6月27日までの間、前記ファンド等の維持管理及びファンド間の送金を行い、オリンパスの企業買収に関する業務の報酬名目で犯則嫌疑者が経営するAxes America LLC（以下「アクシーズアメリカ」という）に対する株式オプションを発行させるなどして、損失を抱えた金融商品を簿外処理することを可能にするとともに同株式オプションの評価額を前記２の有価証券報告書にのれん代として計上することを可能にするなどし 第３ 前記３の事実について、平成21年6月26日までの間、前記ファンド等の維持管理及びファンド間の送金を行い、オリンパスの企業買収に関する業務の報酬名目でアクシーズアメリカに付与された前記株式オプション及びワラント購入権を、AXAM INVESTMENTS LTD.（以下「AXAM」という。）に買い取らせ、架空ののれん代相当額をオリンパスに還流させる名目を作出するなどする一方、オリンパスに同ワラント購入権を著しく高額で買い取らせるなどして、損失を抱えた金融商品を簿外処理することを可能にするとともに同ワラント購入権の代金額を前記３の有価証券報告書にのれん代として計上することを可能にするなどし 第４ 前記４の事実について、平成22年3月下旬頃、オリンパスの企業買収に関する業務の報酬名目でアクシーズアメリカに付与された前記株式オプションの譲渡を受けたAXAMに対し同株式オプションに代えて付与されていた配当優先株を、オリンパスに著しく高額で買い取らせるなどして、その買取額と簿価との差額を前記４の有価証券報告書にのれん代として計上することを可能にするなどし もってそれぞれ前記１ないし４の各犯行を容易にしてこれを幇助したものである。 ２．関連条文 第１ 平成18年法律第65号第3条による改正前の証券取引法第197条第1項第1号、第24条第1項第1号、第207条第1項第1号、刑法第62条第1項 法定刑：5年以下の懲役若しくは500万円以下の罰金又は併科 第２ 平成20年法律第65号第１条による改正前の金融商品取引法第197条第1項第1号、第24条第1項第1号、現行第207条第1項第1号、刑法第62条第１項 法定刑：5年以下の懲役若しくは500万円以下の罰金又は併科 第３、４ 平成23年法律第49号第１条による改正前の金融商品取引法第197条第1項第1号、現行第24条第1項第1号、第207条第1項第1号、刑法第62条第１項 法定刑：5年以下の懲役若しくは500万円以下の罰金又は併科
2015-10-09,スカイマーク株式会社,9204,スカイマーク株式会社元役員による内部者取引に対する課徴金納付命令の勧告について（平成27年10月9日）,https://www.fsa.go.jp/sesc/news/c_2015/2015/20151009-1.html,"English version 平成２７年１０月９日 証券取引等監視委員会 スカイマーク株式会社元役員による内部者取引に対する課徴金納付命令の勧告について １．勧告の内容 証券取引等監視委員会は、スカイマーク株式会社元役員による内部者取引について検査した結果、下記のとおり法令違反の事実が認められたので、本日、内閣総理大臣及び金融庁長官に対して、金融庁設置法第２０条第１項の規定に基づき、課徴金納付命令を発出するよう勧告を行った。 ２．法令違反の事実関係 課徴金納付命令対象者は、平成２３年２月１７日付けでＡＩＲＢＵＳ　Ｓ．Ａ．Ｓ（以下「エアバス社」という。）との間でエアバス社製Ａ３８０型航空機売買契約 （以下「本件契約」という。）を締結していたスカイマーク株式会社（以下「スカイマーク」という。）の元役員であるが、平成２６年５月２７日、その職務に関し、スカイマークが、本件契約等に基づくＡ３８０型航空機の代金支払債務の履行が困難な経営状況にあり、債務不履行によってエアバス社から本件契約を解除された場合には、同社に支払い済みの前払い金合計約２６０億円が同社から返還されず減損損失になる等、事業継続に重大な疑義が生じる状況において、約定された期限の前払い金約８億円を支払わず、かかる債務不履行に対して、エアバス社が発出した本件契約を解除する前提となる本件契約所定の催告書が到達したことにより、上記債務不履行状態を解消できる見込みのないスカイマークにとって、その後の本件契約解除がほぼ確実になった旨の、スカイマークの運営、業務又は財産に関する重要な事実であって投資者の投資判断に著しい影響を及ぼす事実を知り、上記事実の公表前の同年７月１６日及び同月１７日、自己の計算において、スカイマーク株式合計１万８６００株を売付価額合計５２２万６６００円で売り付けたものである。 課徴金納付命令対象者が行った上記の行為は、金融商品取引法第１７５条第１項に規定する「第１６６条第１項又は第３項の規定に違反して、同条第１項に規定する売買等をした」行為に該当すると認められる。 ３．課徴金の額の計算 上記の違法行為に対し、金融商品取引法に基づき納付を命じられる課徴金の額は、２３８万円である。 計算方法の詳細については、別紙のとおり。 （別紙） ○ 課徴金の額の計算方法について 金融商品取引法第１７５条第１項に基づき、課徴金の額は、 （売付価格）×（売付株数） －（重要事実が公表された後２週間における最も低い価格）×（売付株数） となる。 したがって、重要事実公表後２週間におけるスカイマークの最も低い株価は、１５３円であることから、課徴金の額は下記の金額となる。 売付価額５，２２６，６００円 （注１） － （１５３円×１８，６００株） ＝２，３８０，８００円 ⇒課徴金の額は１万円未満を切り捨てるため、 ２３８万円 （注１）売付価額は、「281円×18,600株」の額である。"
2015-10-16,ジャパンベストレスキューシステム株式会社,,ジャパンベストレスキューシステム株式会社に係る有価証券報告書等の虚偽記載に係る課徴金納付命令勧告について（平成27年10月16日）,https://www.fsa.go.jp/sesc/news/c_2015/2015/20151016-1.html,"English version 平成27年10月16日 証券取引等監視委員会 ジャパンベストレスキューシステム株式会社に係る有価証券報告書等の虚偽記載に係る課徴金納付命令勧告について １．勧告の内容 証券取引等監視委員会は、ジャパンベストレスキューシステム株式会社に係る有価証券報告書等の虚偽記載について検査した結果、以下のとおり法令違反の事実が認められたので、本日、内閣総理大臣及び金融庁長官に対して、金融庁設置法第20条第１項の規定に基づき、課徴金納付命令を発出するよう勧告を行った。 ２．法令違反の事実関係 (1) 継続開示書類 ジャパンベストレスキューシステム株式会社（以下「当社」という。）は、子会社において除染作業等を業としていたところ、除染作業が完了していない案件について売上を前倒し計上したり、受注していない案件について架空の売上を計上することにより売上を過大に計上等したほか、損失が見込まれる案件について適切な受注損失引当金の計上をしなかった。 また、当社は、上記子会社に係るのれん等固定資産について適切な減損会計の適用による減損損失の計上等をしなかった。 これらの結果、当社は、東海財務局長に対し、 別紙１ のとおり、金融商品取引法第172条の４第１項及び第２項に規定する「重要な事項につき虚偽の記載がある」以下の有価証券報告書等を提出したものである。 平成25年６月第３四半期四半期報告書（平成25年８月14日提出） 平成25年９月期有価証券報告書（平成25年12月24日提出） 平成25年12月第１四半期四半期報告書（平成26年２月13日提出） (2) 発行開示書類 当社は、東海財務局長に対し、以下のとおり、金融商品取引法第172条の２第１項第１号に規定する「重要な事項につき虚偽の記載がある」発行開示書類を提出し、当該発行開示書類に基づく募集により有価証券を取得させたものである。 ア 平成25年11月18日、重要な事項につき虚偽の記載がある平成25年６月第３四半期四半期報告書（ 別紙１ 参照）を参照書類とする有価証券届出書（一般募集）を提出し、同有価証券届出書に基づく募集により、同年12月３日、49,825株の株式を3,322,380,825円で取得させた。 イ 平成25年11月18日、重要な事項につき虚偽の記載がある平成25年６月第３四半期四半期報告書（ 別紙１ 参照）を参照書類とする有価証券届出書（その他の者に対する割当）を提出し、同有価証券届出書に基づく募集により、同年12月19日、5,393株の株式を359,610,633円で取得させた。 ３．課徴金の額の計算 上記の違法行為について金融商品取引法に基づき算定される課徴金の額は、１億6,509万円である。（計算方法については 別紙２ のとおり。） （別紙１）ジャパンベストレスキューシステム株式会社の有価証券報告書等の虚偽記載内容 （別紙１）ジャパンベストレスキューシステム株式会社の有価証券報告書等の虚偽記載内容 番 号 開示書類 虚偽記載 提出日 書類 会計期間 財務計算に 関する書類 内容（注） 事由 １ 平成25年 ８月14日 第17期事業年度第３四半期連結会計期間に係る四半期報告書（平成25年６月第３四半期四半期報告書） 平成24年10月１日～平成25年６月30日の第３四半期連結累計期間 四半期連結 損益計算書 連結四半期純損益が233百万円であるところを394百万円と記載 ・売上の過大計上 等 ２ 平成25年 12月24日 第17期事業年度連結会計期間に係る有価証券報告書（平成25年９月期有価証券報告書） 平成24年10月１日～平成25年９月30日の連結会計期間 連結 損益計算書 連結当期純損益が▲486百万円であるところを382百万円と記載 ・売上の過大計上 ・減損損失の不計上 ・受注損失引当金の不計上 等 連結 貸借対照表 連結純資産額が1,968百万円であるところを2,897百万円と記載 ３ 平成26年 ２月13日 第18期事業年度第１四半期連結会計期間に係る四半期報告書（平成25年12月第１四半期四半期報告書） 平成25年10月１日～平成25年12月31日の第１四半期連結累計期間 四半期連結 損益計算書 連結四半期純損益が▲232百万円であるところを6百万円と記載 ・売上の過大計上 ・減損損失の不計上 ・受注損失引当金の不計上 等 （注）金額は百万円未満切捨てである。また、▲は損失であることを示す。 （別紙２）課徴金の計算方法 (1) 金融商品取引法第172条の４第１項及び第２項の規定により、平成25年６月第３四半期四半期報告書及び平成25年９月期有価証券報告書に係る課徴金について、個別決定ごとの算出額は、 ア 当該法人が発行する算定基準有価証券の市場価額の総額に10万分の６を乗じて得た額 （ 平成25年６月第３四半期四半期報告書 472,434円 平成25年９月期有価証券報告書 582,634円 ） が イ 6,000,000円 を超えないことから、 平成25年６月第３四半期四半期報告書については、6,000,000円の２分の１に相当する額である3,000,000円 平成25年９月期有価証券報告書については、6,000,000円 となる。 ここで、これらの書類が同一の事業年度に係るものであることから、金融商品取引法第185条の７第６項の規定により、下記のとおり600万円を個別決定ごとの算出額に応じて按分した金額が課徴金の額となる。 平成25年６月第３四半期四半期報告書に係る課徴金の額は 2,000,000円 平成25年９月期有価証券報告書に係る課徴金の額は 4,000,000円 (2) 金融商品取引法第172条の４第２項の規定により、平成25年12月第１四半期四半期報告書に係る課徴金の額は、 ア 当該法人が発行する算定基準有価証券の市場価額の総額に10万分の６を乗じて得た額（1,491,338円） が イ 6,000,000円 を超えないことから、6,000,000円の２分の１に相当する額である3,000,000円となるが、平成25年12月第１四半期四半期報告書については、金融商品取引法第26条第１項の規定による検査等が行われる前に、課徴金の減額に係る報告がされていることから、金融商品取引法第185条の７第14項の規定により、3,000,000円に100分の50を乗じて得た額に相当する額である1,500,000円となる。 (3) 金融商品取引法第172条の２第１項第１号の規定により、重要な事項につき虚偽の記載がある発行開示書類に基づく募集により取得させた株券等の発行価額の総額の100分の4.5に相当する額が課徴金の額となることから、 ア 平成25年11月18日午後３時32分提出の有価証券届出書（一般募集）に係る課徴金の額は、 3,322,380,825円×4.5／100＝149,507,137円 について、金融商品取引法第176条第２項の規定により１万円未満の端数を切り捨てて、149,500,000円 イ 平成25年11月18日午後３時33分提出の有価証券届出書（その他の者に対する割当）に係る課徴金の額は、 359,610,633円×4.5／100＝16,182,478円 について、金融商品取引法第176条第２項の規定により１万円未満の端数を切り捨てて、16,180,000円 となるが、イ 平成25年11月18日午後３時33分提出の有価証券届出書（その他の者に対する割当）については、金融商品取引法第26条第１項の規定による検査等が行われる前に、課徴金の減額に係る報告がされていることから、金融商品取引法第185条の７第14項の規定により、16,180,000円に100分の50を乗じて得た額に相当する額である8,090,000円 となる。"
2015-09-18,株式会社オプトロム,,株式会社オプトロムに係る四半期報告書等の虚偽記載に係る課徴金納付命令勧告について（平成27年9月18日）,https://www.fsa.go.jp/sesc/news/c_2015/2015/20150918-2.html,"English version 平成27年９月18日 証券取引等監視委員会 株式会社オプトロムに係る四半期報告書等の虚偽記載に係る課徴金納付命令勧告について １．勧告の内容 証券取引等監視委員会は、株式会社オプトロムに係る四半期報告書等の虚偽記載について検査した結果、以下のとおり法令違反の事実が認められたので、本日、内閣総理大臣及び金融庁長官に対して、金融庁設置法第20条第１項の規定に基づき、課徴金納付命令を発出するよう勧告を行った。 ２．法令違反の事実関係 (1) 継続開示書類 株式会社オプトロム（以下「当社」という。）は、平成26年６月第１四半期から同年12月第３四半期において、衛星放送送信事業の譲受のための預託金の支払を装うなどして、新株予約権の割当先である合同会社会社コンシェルジュ（以下「コンシェルジュ」という。）のグループ会社ないしその実質的経営者等に資金を流出させていたが、同流出資金について適切な貸倒引当金繰入額の計上等をしなかったほか、インターネット広告事業にかかる提携先に対する長期貸付金について適切な貸倒引当金繰入額の計上等をしなかった。 これらの結果、当社は、東北財務局長に対し、 別紙１ のとおり、金融商品取引法第172条の４第２項に規定する「重要な事項につき虚偽の記載がある」以下の四半期報告書を提出したものである。 平成26年６月第１四半期四半期報告書（平成26年８月13日提出） 平成26年９月第２四半期四半期報告書（平成26年11月14日提出） 平成26年12月第３四半期四半期報告書（平成27年２月13日提出） (2) 発行開示書類 当社は、東北財務局長に対し、以下のとおり、金融商品取引法第172条の２第１項第１号に規定する「重要な事項につき虚偽の記載がある」発行開示書類を提出し、当該発行開示書類に基づく募集により有価証券を取得させたものである。 ア 平成26年２月27日、第一部【証券情報】第３【第三者割当の場合の特記事項】１【割当予定先の状況】「（６）割当予定先の実態」の欄において、割当予定先であるコンシェルジュについて、信用調査会社から、コンシェルジュの親会社に反社会的勢力等や違法行為との関わりに懸念がある人物との関係が指摘され、コンシェルジュが増資引受先として適格な相手方と言うことはできない旨の調査結果を得ていたにもかかわらず、その事実を記載することなく、当該欄に調査結果として「当該割当予定先の…主要株主が反社会的勢力等や違法行為に関わりを示す情報に該当はありませんでした。」と記載し、あたかもコンシェルジュの上記親会社が反社会的勢力等や違法行為と何らの関係も有していないことが確認されたかのように記載するとともに、第一部【証券情報】第１【募集要項】２【新規発行による手取金の使途】「（１）【新規発行による手取金の額】」の欄の「発行諸費用の概算額」に掲記された「（注）３．」において、割当予定先の新株予約権の行使に際して払い込まれた金額の5.5％相当額（消費税別）のファイナンシャル・アドバイザリー費用のうち、同払込金額の５％相当額（消費税別）は、ファーストメイク・リミテッド株式会社を通じて、上記反社会的勢力等や違法行為との関わりに懸念がある人物が預金口座や会社印を管理、利用することができる立場にあった株式会社ヴォロンテに支払うことを企図していたが、その事実を記載することなく、「本件新株予約権の行使に比例し、割当予定先の当該行使額の5.5％（消費税別）が株式会社ファーストメイク・リミテッドに対するアドバイザリー費用となっております。」と記載した有価証券届出書（新株予約権証券）を提出し、同有価証券届出書に基づく募集により、平成26年３月31日、29,500個の新株予約権証券を503,535,500円（新株予約権の行使に際して払い込むべき金額を含む。）で取得させた。 イ 平成27年３月９日、重要な事項につき虚偽の記載がある平成26年12月第３四半期四半期報告書（ 別紙１ 参照）を組込情報とする有価証券届出書（株式）を提出し、同有価証券届出書に基づく募集により、同年３月27日、50,360,000株の株式を815,832,000円で取得させた。 ウ 平成27年３月９日、重要な事項につき虚偽の記載がある平成26年12月第３四半期四半期報告書（ 別紙１ 参照）を組込情報とする有価証券届出書（新株予約権証券）を提出し、同有価証券届出書に基づく募集により、同年３月27日、44,532個の新株予約権証券を761,497,200円（新株予約権の行使に際して払い込むべき金額を含む。）で取得させた。 ３．課徴金の額の計算 上記の違法行為について金融商品取引法に基づき算定される課徴金の額は、9,962万円である。（計算方法については 別紙２ のとおり。） （別紙１）株式会社オプトロムの四半期報告書の虚偽記載内容 （別紙１）株式会社オプトロムの四半期報告書の虚偽記載内容 番 号 開示書類 虚偽記載 提出日 書類 会計期間 財務計算に 関する書類 内容（注） 事由 １ 平成26年 ８月13日 第29期事業年度第１四半期連結会計期間に係る四半期報告書（平成26年６月第１四半期四半期報告書） 平成26年４月１日～平成26年６月30日の第１四半期連結累計期間 四半期連結 損益計算書 連結四半期純損益が▲249百万円であるところを▲170百万円と記載 ・貸倒引当金繰入額の過少計上 等 平成26年４月１日～平成26年６月30日の第１四半期連結会計期間 四半期連結 貸借対照表 連結純資産額が▲348百万円であるところを▲269百万円と記載 ２ 平成26年 11月14日 第29期事業年度第２四半期連結会計期間に係る四半期報告書（平成26年９月第２四半期四半期報告書） 平成26年４月１日～平成26年９月30日の第２四半期連結累計期間 四半期連結 損益計算書 連結四半期純損益が▲519百万円であるところを▲424百万円と記載 ・貸倒引当金繰入額の過少計上 等 平成26年７月１日～平成26年９月30日の第２四半期連結会計期間 四半期連結 貸借対照表 連結純資産額が▲521百万円であるところを▲426百万円と記載 ３ 平成27年 ２月13日 第29期事業年度第３四半期連結会計期間に係る四半期報告書（平成26年12月第３四半期四半期報告書） 平成26年４月１日～平成26年12月31日の第３四半期連結累計期間 四半期連結 損益計算書 連結四半期純損益が▲754百万円であるところを▲646百万円と記載 ・貸倒引当金繰入額の過少計上 等 平成26年10月１日～平成26年12月31日の第３四半期連結会計期間 四半期連結 貸借対照表 連結純資産額が▲646百万円であるところを▲538百万円と記載 （注）金額は百万円未満切捨てである。また、▲は損益計算書では損失であることを、貸借対照表では債務超過であることを示す。 （別紙２）課徴金の計算方法 (1) 金融商品取引法第172条の４第２項の規定により、平成26年６月第１四半期四半期報告書、平成26年９月第２四半期四半期報告書及び平成26年12月第３四半期四半期報告書に係る課徴金について、個別決定ごとの算出額は、 ア 当該法人が発行する算定基準有価証券の市場価額の総額に10万分の６を乗じて得た額 （ 平成26年６月第１四半期四半期報告書 72,764円 平成26年９月第２四半期四半期報告書 62,649円 平成26年12月第３四半期四半期報告書 112,586円 ） が イ 6,000,000円 を超えないことから、 平成26年６月第１四半期四半期報告書については、6,000,000円の２分の１に相当する額である3,000,000円 平成26年９月第２四半期四半期報告書については、6,000,000円の２分の１に相当する額である3,000,000円 平成26年12月第３四半期四半期報告書については、6,000,000円の２分の１に相当する額である3,000,000円 となる。 ここで、これらの書類が同一の事業年度に係るものであることから、金融商品取引法第185条の７第６項の規定により、下記のとおり600万円を個別決定ごとの算出額に応じて按分した金額が課徴金の額となる。 平成26年６月第１四半期四半期報告書に係る課徴金の額は 2,000,000円 平成26年９月第２四半期四半期報告書に係る課徴金の額は 2,000,000円 平成26年12月第３四半期四半期報告書に係る課徴金の額は 2,000,000円 (2) 金融商品取引法第172条の２第１項第１号の規定により、重要な事項につき虚偽の記載がある発行開示書類に基づく募集により取得させた株券等の発行価額の総額の100分の4.5に相当する額が課徴金の額となることから、 ア 平成26年２月27日提出の有価証券届出書（新株予約権証券）に係る課徴金の額は、 503,535,500円×4.5／100＝22,659,097円 について、金融商品取引法第176条第２項の規定により１万円未満の端数を切り捨てて、22,650,000円 イ 平成27年３月９日提出の有価証券届出書（株式）に係る課徴金の額は、 815,832,000円×4.5／100＝36,712,440円 について、金融商品取引法第176条第２項の規定により１万円未満の端数を切り捨てて、36,710,000円 ウ 平成27年３月９日提出の有価証券届出書（新株予約権証券）に係る課徴金の額は、 761,497,200円×4.5／100＝34,267,374円 について、金融商品取引法第176条第２項の規定により１万円未満の端数を切り捨てて、34,260,000円 となる。"
2015-10-06,株式会社インベストメントカレッジ,,株式会社インベストメントカレッジに対する検査結果に基づく勧告について（平成27年10月6日）,https://www.fsa.go.jp/sesc/news/c_2015/2015/20151006-1.html,English version 平成27年10月６日 証券取引等監視委員会 株式会社インベストメントカレッジに対する検査結果に基づく勧告について １．勧告の内容 沖縄総合事務局長が株式会社インベストメントカレッジ（沖縄県中頭郡、資本金1000万円、常勤役職員10名、投資助言・代理業）を検査した結果、下記のとおり、当該金融商品取引業者に係る問題が認められたので、本日、証券取引等監視委員会は、内閣総理大臣及び金融庁長官に対して、金融庁設置法第20条第１項の規定に基づき、行政処分を行うよう勧告した。 ２．事実関係 ○　無登録で投資運用業（投資一任業）を行っている状況 株式会社インベストメントカレッジ（以下「当社」という。）は、日経225先物取引の自動売買システムを利用したサービスを顧客に提供している。 当該サービスにおいて、当社は、顧客のために、当社が管理する自動売買システムを介して、顧客が取引に使用する口座（以下「顧客口座」という。）のある証券会社に対し直接、日経225先物取引に係る売買の発注を行っていることから、顧客から投資判断を一任されている状況となっている。 また、当社は、顧客から当社に対し、証券会社の顧客口座のＩＤ及びパスワードを通知させており、当社は当該ＩＤ及びパスワードを用いて、顧客のために、当社が管理する自動売買システムを介して日経225先物取引に係る売買の発注を行っていることから、顧客のために当社から直接証券会社に発注するのに必要な権限を委任されている状況となっている。 そして、当社は、当社が管理する自動売買システムを介して、顧客口座のある証券会社に対して日経225先物取引に係る売買の発注を行い、顧客の金銭の運用を行っている。 当社が行った上記の行為は、金融商品取引法第28条第４項に規定する投資運用業（同法第２条第８項第12号に掲げる行為を業として行うこと）に該当するものであり、当社が、平成26年法律第44号による改正前の同法第31条第４項に基づく変更登録を受けることなく投資運用業（投資一任業）を行うことは、同法第29条に違反するものと認められる。 （参考条文） ○　金融商品取引法（昭和23年法律第25号）（抄） （定義） 第二条　（略） ２～７　（略） ８　この法律において「金融商品取引業」とは、次に掲げる行為（その内容等を勘案し、投資者の保護のため支障を生ずることがないと認められるものとして政令で定めるもの及び銀行、優先出資法第二条第一項に規定する協同組織金融機関（以下「協同組織金融機関」という。）その他政令で定める金融機関が行う第十二号、第十四号、第十五号又は第二十八条第八項各号に掲げるものを除く。）のいずれかを業として行うことをいう。 一～十一　（略） 十二　次に掲げる契約を締結し、当該契約に基づき、金融商品の価値等の分析に基づく投資判断に基づいて有価証券又はデリバティブ取引に係る権利に対する投資として、金銭その他の財産の運用（その指図を含む。以下同じ。）を行うこと。 イ　（略） ロ　イに掲げるもののほか、当事者の一方が、相手方から、金融商品の価値等の分析に基づく投資判断の全部又は一部を一任されるとともに、当該投資判断に基づき当該相手方のため投資を行うのに必要な権限を委任されることを内容とする契約（以下「投資一任契約」という。） （以下、略） 第二十八条　（略） ２・３　（略） ４　この章において「投資運用業」とは、金融商品取引業のうち、次に掲げる行為のいずれかを業として行うことをいい、銀行、協同組織金融機関その他政令で定める金融機関が、当該行為のいずれかを業で行うことを含むものとする。 一　第二条第八項第十二号に掲げる行為 （以下、略） （登録） 第二十九条　金融商品取引業は、内閣総理大臣の登録を受けた者でなければ、行うことができない。 （変更登録等） 第三十一条　（略） ２・３　（略） ４　金融商品取引業者は、第二十九条の二第一項第五号に掲げる事項について変更をしようとするときは、内閣府令で定めるところにより、内閣総理大臣の行う変更登録を受けなければならない。 （以下、略） （注）当該条文は、平成27年５月29日に施行された平成26年法律第44号による改正前のものである。
2015-09-18,株式会社ヤマザキ,6147,ヤマザキ株式に係る相場操縦に対する課徴金納付命令の勧告について（平成27年9月18日）,https://www.fsa.go.jp/sesc/news/c_2015/2015/20150918-1.html,"English version 平成２７年９月１８日 証券取引等監視委員会 ヤマザキ株式に係る相場操縦に対する課徴金納付命令の勧告について １．勧告の内容 証券取引等監視委員会は、株式会社ヤマザキの株式に係る相場操縦について検査した結果、下記のとおり法令違反の事実が認められたので、本日、内閣総理大臣及び金融庁長官に対して、金融庁設置法第２０条第１項の規定に基づき、課徴金納付命令を発出するよう勧告を行った。 ２．法令違反の事実関係 課徴金納付命令対象者は、株式会社ヤマザキの株式につき、同株式の売買を誘引する目的をもって、平成２６年１月２８日午後２時２４分頃から同年２月２５日午前１１時２８分頃までの間、２０取引日にわたり、直前の約定値より高指値の売り注文と買い注文を対当させて株価を引き上げたり、直前の約定値より高指値の買い注文を連続して発注して株価を引き上げるなどの方法により、同株式合計４万２９００株を買い付ける一方、同株式合計４万１０００株を売り付け、そのうち、自己の計算において、同株式合計３万８９００株を買い付ける一方、同株式合計３万７０００株を売り付け、もって、同株式の売買が繁盛であると誤解させ、かつ、同株式の相場を変動させるべき一連の売買をしたものである。 課徴金納付命令対象者が行った上記の行為は、金融商品取引法第１７４条の２第１項に規定する「第１５９条第２項第１号の規定に違反する一連の有価証券売買等」に該当すると認められる。 ３．課徴金の額の計算 上記の違法行為に対し金融商品取引法に基づき納付を命じられる課徴金の額は、７１万円である。 計算方法の詳細については、別紙のとおり。 （別紙） ○ 課徴金の額の計算方法について １．金融商品取引法第１７４条の２第１項に基づき、課徴金の額は、 (1) 売買対当数量 （注１） に係るものについて、 （有価証券の売付価額）－（有価証券の買付価額） と、 (2) 当該違反行為に係る有価証券の売付数量が買付数量を超える場合の、当該超える数量に係るものについて、 （有価証券の売付価額）－（当該違反行為が終了してから１月を経過するまでの間の当該有価証券の最低価格×当該超える数量） または、 当該違反行為に係る有価証券の買付数量が売付数量を超える場合の、当該超える数量に係るものについて、 （当該違反行為が終了してから１月を経過するまでの間の当該有価証券の最高価格×当該超える数量）－（有価証券の買付価額） との合計額として計算される。 （注１）売買対当数量：当該違反行為に係る有価証券の売付数量と買付数量のうち、いずれか少ない数量をいう。 ２．課徴金納付命令対象者の違反行為について、本件における課徴金の額は、下記(1)及び(2)によりそれぞれ算定される額の合計　711,600円 ⇒課徴金の額は１万円未満を切り捨てるため、 ７１万円 (1) 当該違反行為に係る売買対当数量は、 (ｉ) 当該違反行為に係る有価証券の売付数量は、37,000株 （注２） であり、 (ii) 当該違反行為に係る有価証券の買付数量は、38,900株 （注２） である ことから、37,000株となる。 当該売買対当数量に係るものについて、 売付価額22,562,300円 （注３） － 買付価額21,980,200円 （注４） ＝582,100円 （注２）自己の計算における売買の数量である。 （注３）売付価額は、 「474円×200株＋482円×100株＋485円×100株＋490円×100株＋495円×100株＋496円×100株＋498円×2,100株＋499円×200株＋500円×200株＋507円×500株＋520円×800株＋523円×200株＋525円×500株＋526円×800株＋527円×100株＋528円×100株＋530円×300株＋531円×200株＋539円×100株＋545円×900株＋549円×100株＋555円×100株＋565円×1,600株＋570円×200株＋571円×1,000株＋575円×600株＋580円×1,800株＋581円×800株＋582円×500株＋586円×600株＋590円×1,300株＋593円×100株＋595円×500株＋599円×200株＋600円×900株＋603円×800株＋610円×100株＋611円×100株＋612円×100株＋620円×1,500株＋621円×200株＋622円×200株＋623円×100株＋625円×300株＋630円×1,700株＋633円×200株＋634円×100株＋639円×400株＋640円×500株＋655円×500株＋659円×100株＋660円×1,500株＋665円×200株＋666円×100株＋667円×400株＋668円×400株＋669円×100株＋670円×1,200株＋671円×600株＋672円×300株＋673円×100株＋676円×100株＋679円×300株＋680円×3,400株＋698円×300株＋709円×1,100株＋710円×300株＋735円×1,700株」 の額である。 （注４）買付価額は、 「412円×100株＋421円×200株＋438円×200株＋440円×100株＋445円×300株＋450円×500株＋458円×100株＋461円×200株＋464円×100株＋466円×100株＋468円×100株＋469円×200株＋474円×100株＋481円×200株＋482円×100株＋489円×100株＋491円×100株＋493円×200株＋496円×100株＋500円×700株＋501円×100株＋502円×100株＋504円×100株＋509円×100株＋511円×600株＋520円×1,000株＋521円×100株＋523円×600株＋530円×100株＋531円×300株＋532円×500株＋533円×300株＋534円×300株＋540円×400株＋543円×100株＋550円×100株＋551円×100株＋553円×100株＋556円×100株＋560円×200株＋561円×100株＋563円×300株＋566円×1,300株＋570円×200株＋571円×100株＋573円×100株＋575円×100株＋576円×100株＋577円×100株＋578円×100株＋579円×400株＋580円×1,300株＋582円×500株＋583円×200株＋584円×600株＋585円×600株＋586円×600株＋589円×600株＋592円×800株＋599円×200株＋600円×2,300株＋602円×500株＋603円×500株＋605円×100株＋608円×200株＋609円×400株＋610円×700株＋612円×100株＋615円×500株＋616円×200株＋617円×100株＋620円×2,200株＋621円×100株＋622円×100株＋624円×100株＋625円×100株＋627円×200株＋629円×200株＋630円×1,000株＋631円×500株＋632円×400株＋634円×100株＋639円×500株＋640円×200株＋647円×100株＋648円×100株＋649円×100株＋650円×600株＋652円×200株＋653円×100株＋654円×200株＋655円×400株＋658円×100株＋659円×200株＋660円×200株＋662円×500株＋667円×100株＋668円×100株＋669円×100株＋670円×600株＋671円×300株＋675円×100株＋680円×1,600株＋684円×100株＋690円×600株＋694円×100株＋705円×100株＋706円×100株＋709円×1,000株＋720円×100株＋735円×500株」 の額である。 （注５）買付価額の算定においては、金融商品取引法施行令第３３条の１４第５項の規定により、当該違反行為に係る有価証券の買付けのうち最も早い時期に行われたものから順次当該売買対当数量に達するまで割り当てることとなる。 (2) 上記(1)のとおり、当該違反行為に係る有価証券の買付数量が、売付数量を超えることから、 当該超える数量1,900株（38,900株－37,000株）について、 当該違反行為が終了してから１月を経過するまでの間の当該有価証券の最高価格（724円）に当該超える数量を乗じて得た額 1,375,600円（724円×1,900株）－ 買付価額1,246,100円 （注６） ＝129,500円 （注６）買付価額は、 「620円×400株＋630円×100株＋635円×100株＋653円×200株＋663円×100株＋664円×200株＋665円×100株＋668円×100株＋670円×100株＋673円×100株＋676円×100株＋679円×100株＋690円×100株＋698円×100株」 の額である。"
2015-09-08,株式会社ドリームジャパン及びそ,,株式会社ドリームジャパン及びその役員１名に対する金融商品取引法違反行為に係る裁判所の禁止及び停止命令の発令について（平成27年9月8日）,https://www.fsa.go.jp/sesc/news/c_2015/2015/20150908-2.html,English version 平成２７年９月８日 証券取引等監視委員会 株式会社ドリームジャパン及びその役員１名に対する金融商品取引法違反行為に係る裁判所の禁止及び停止命令の発令について 証券取引等監視委員会が、平成２７年７月３日に行った株式会社ドリームジャパン（東京都中央区、資本金３００万円、金融商品取引業の登録等はない。以下「当社」という。）及び当社代表取締役Aに対する金融商品取引法違反行為（無登録で、株式の売買及び株式売買の委託の取次ぎを業として行うこと）の禁止及び停止を命ずるよう求める申立てについて、本日、東京地方裁判所より、申立ての内容どおり、下記の命令が下された。 記 被申立人らは、いずれも、金融商品取引法２９条所定の登録（ただし、業務の種別を第一種金融商品取引業とするもの）を受けずに、株券又はこれに表示されるべき権利であって株券が発行されていない場合における当該権利について、売買及び取引所金融商品市場における売買の委託の取次ぎを業として行ってはならない。 （参考） 株式会社ドリームジャパン及びその役員１名の金融商品取引法違反行為に係る裁判所への申立てについて
2015-08-28,受託する証券会社・投資銀行,,「金融商品取引法における課徴金事例集～不公正取引編～」の公表について（平成27年8月28日）,https://www.fsa.go.jp/sesc/jirei/torichou/20150828.html,"平成２７年８月２８日 証券取引等監視委員会 「金融商品取引法における課徴金事例集～不公正取引編～」の公表について 証券取引等監視委員会では、「金融商品取引法における課徴金事例集～不公正取引編～」について、 別紙 （PDF:1,230KB） のとおり取りまとめましたので、公表します。 本書は、証券取引等監視委員会が、平成26年６月から平成27年５月までの間に、金融商品取引法違反となる不公正取引に関し勧告を行った事例について、その概要を取りまとめたものです。 また、市場関係者に不公正取引の未然防止における参考としていただけるよう、昨年度版より新たに、「上場会社における内部者取引管理態勢の状況について」の項を設けていますが、近年、公開買付けに係る内部者取引が再び増加傾向にあることを踏まえ、「社外に重要事実を伝達する場合の管理態勢等」に関する詳細な記述を付け加えるなど、その内容を拡充しています。 さらに、課徴金制度に対する理解を深めていただくため、「審判手続の状況及び個別事例」を更新し、最近の審判事例を踏まえた内容としました。 証券監視委としては、不公正取引の未然防止という観点から、本書が、 （１）重要事実の発生源となる上場会社における、内部者取引管理態勢の一層の充実強化 （２）公開買付け等企業再編の当事者からフィナンシャル・アドバイザリー業務を受託する証券会社・投資銀行等における、重要事実等の情報管理に関する注意喚起 （３）証券市場のゲートキーパーとしての役割を担う証券会社における、適正な売買審査の実施 にそれぞれ役立てられることを期待しています。 また、一般投資者におかれても、不公正取引に関与した際には、課徴金納付命令等の法的な制裁が課されることを十分に理解いただければ幸いです。 本書を活用していただいた市場関係者によって、不公正取引を未然に防止するために実効性ある態勢が構築され、その結果、市場の公正性・透明性がより高められることを強く期待しています。 過去の課徴金事例集はこちら"
2015-09-08,パイオニア株式会社,,パイオニア株式会社社員による内部者取引に対する課徴金納付命令の勧告について（平成27年9月8日）,https://www.fsa.go.jp/sesc/news/c_2015/2015/20150908-1.html,"English version 平成２７年９月８日 証券取引等監視委員会 パイオニア株式会社社員による内部者取引に対する課徴金納付命令の勧告について １．勧告の内容 証券取引等監視委員会は、パイオニア株式会社社員による内部者取引について検査した結果、下記のとおり法令違反の事実が認められたので、本日、内閣総理大臣及び金融庁長官に対して、金融庁設置法第２０条第１項の規定に基づき、課徴金納付命令を発出するよう勧告を行った。 ２．法令違反の事実関係 課徴金納付命令対象者は、パイオニア株式会社（以下「パイオニア」という。）の社員であったが、その職務に関し、 (1) 平成２５年８月６日、パイオニアの属する企業集団の平成２５年４月１日から平成２６年３月３１日までの会計期間の業績予想における経常利益及び当期純利益について、平成２５年５月１３日に公表がされた直近の予想値に比較して、同社が新たに算出した同会計期間の予想値において投資者の投資判断に及ぼす影響が重要なものとなる差異が生じた旨の重要事実を知りながら、同社において新たに算出した同会計期間の予想値が、経常利益５０億円及び当期純利益５億円として公表がされた平成２５年８月６日午後３時頃より前の同日午後２時１０分頃、自己の計算において、パイオニア株式合計５０００株を売付価額合計９６万５０００円で売り付け (2) 平成２６年６月２４日、パイオニアの業務執行を決定する機関が、オンキヨー株式会社（以下「オンキヨー」という。）と業務上の提携を行うことについての決定をした旨の重要事実を知りながら、上記重要事実の公表前の同日午後０時３５分頃、自己の計算において、パイオニア株式合計１万株を買付価額合計２２１万円で買い付け (3) 平成２６年６月２４日、パイオニアの役員等が、オンキヨーとの業務提携契約の交渉に関し知った、オンキヨーの業務執行を決定する機関が、パイオニアと業務上の提携を行うことについての決定をした旨の重要事実を知りながら、上記重要事実の公表前の同日午後０時３３分頃、自己の計算において、オンキヨー株式合計１万株を買付価額合計１４９万円で買い付け たものである。 課徴金納付命令対象者が行った上記の行為は、金融商品取引法第１７５条第１項に規定する「第１６６条第１項又は第３項の規定に違反して、同条第１項に規定する売買等をした」行為に該当すると認められる。 ３．課徴金の額の計算 上記の違法行為に対し、金融商品取引法に基づき納付を命じられる課徴金の額は、９６万円である。 計算方法の詳細については、別紙のとおり。 （別紙） ○ 課徴金の額の計算方法について 金融商品取引法第１７５条第１項に基づき、課徴金の額は、 （売付価格）×（売付株数） －（重要事実が公表された後２週間における最も低い価格）×（売付株数） 及び （重要事実が公表された後２週間における最も高い価格）×（買付株数） －（買付価格）×（買付株数） となる。 したがって、違反行為(1)について、 重要事実公表後２週間におけるパイオニアの最も低い株価は、１７２円であることから、課徴金の額は下記の金額となる。 売付価額９６５，０００円 （注１） － （１７２円×５，０００株） ＝１０５，０００円 ⇒課徴金の額は１万円未満を切り捨てるため、 １０万円 （注１）売付価額は、「193円×5,000株」の額である。 違反行為(2)について、 重要事実公表後２週間におけるパイオニアの最も高い株価は、２６２円であることから、課徴金の額は下記の金額となる。 （２６２円×１０，０００株） ― 買付価格２，２１０，０００円 （注２） ＝４１０，０００円 ⇒課徴金の額は、 ４１万円 （注２）買付価額は、「221円×10,000株」の額である。 違反行為(3)について、 重要事実公表後２週間におけるオンキヨーの最も高い株価は、１９４円であることから、課徴金の額は下記の金額となる。 （１９４円×１０，０００株） ― 買付価格１，４９０，０００円 （注３） ＝４５０，０００円 ⇒課徴金の額は、 ４５万円 （注３）買付価額は、「149円×10,000株」の額である。"
2015-08-28,,,「金融商品取引法における課徴金事例集～開示規制違反編～」の公表について（平成27年8月28日）,https://www.fsa.go.jp/sesc/jirei/kaiji/20150828.html,"平成27年８月28日 証券取引等監視委員会 「金融商品取引法における課徴金事例集～開示規制違反編～」の公表について 証券取引等監視委員会では、「金融商品取引法における課徴金事例集～開示規制違反編～」について、 別紙 （PDF:1,577KB） のとおり取りまとめましたので、公表します。 本書は、適正な開示に向けた市場関係者の自主的な取組を促す観点から、開示検査の傾向や開示検査で確認された不適正な会計処理等の概要を取りまとめたものです。 証券取引等監視委員会としては、本書が、市場監視行政の透明性を高めるとともに、証券市場を巡るルールの共有の促進を通じて幅広い市場関係者の自主的な規律の向上に役立つことを期待しています。 過去の課徴金事例集はこちら"
2015-08-07,ノア・アセットマネジメント株式会社,,ノア・アセットマネジメント株式会社に対する検査結果について（平成27年8月7日）,https://www.fsa.go.jp/sesc/news/c_2015/2015/20150807-3.html,English version 平成27年８月７日 証券取引等監視委員会 ノア・アセットマネジメント株式会社に対する検査結果について １．検査結果 証券取引等監視委員会がノア・アセットマネジメント株式会社（所在地　千葉県市川市、資本金5000万円、常勤役職員１名、適格機関投資家等特例業務届出者。金融商品取引業の登録はない。以下「当社」という。）を検査した結果、下記のとおり、当該適格機関投資家等特例業務届出者に係る問題が認められたので、本日、証券取引等監視委員会は、金融庁長官に対して、適切な措置を講じるための情報提供を行った。 ２．事実関係 当社は、適格機関投資家等特例業務（以下「特例業務」という。）として、自らを営業者とする９つの匿名組合（以下「本件ファンド」という。）の出資持分の取得勧誘を行い、平成22年12月以降、延べ270名の顧客から総額８億1210万円の出資を受けている。 そのような中、本件ファンド業務の運営状況等を検証したところ、以下の問題点が認められた。 (１)　第二種金融商品取引業に係る無登録営業 特例業務は、１名以上の適格機関投資家を相手方とする取得勧誘が行われ、その出資を受けることが要件の一つとされているところ、本件ファンドのうち７ファンドについては、実際には適格機関投資家からの出資を受けていないことから、当該ファンドの出資持分の取得勧誘は、金融商品取引法（以下「金商法」という。）第63条第１項第１号に規定する特例業務の要件を充足していない。 当社が行った上記行為は、金商法第28条第２項に規定する「第二種金融商品取引業」に該当し、当社が同法第29条に基づく登録を受けないまま、上記行為を行うことは、同条に違反するものと認められる。 (２)　投資者保護上問題が認められる状況 ア　運用実態の把握が極めて杜撰な状況 当社は、本件ファンドの出資金について、投資運用業の登録のないＨ２トレーディング株式会社（東京都江東区）に運用を委託していたのみならず、委託先が行った投資に係る契約内容を何ら把握していないほか、投資先の経営監視活動を全く行っておらず、当社の本件ファンドの運用実態の把握は極めて杜撰な状況にある。 その結果、当社は、投資先の破綻について全く予見できず、本件ファンドの出資金５億7000万円を消失させた。 イ　出資金の流用 当社は、本件ファンドのうち１ファンドについて、その営業者として当該匿名組合契約に基づく出資持分の取得勧誘を行い、平成25年12月から同26年１月までの間に、８名の顧客から合計860万円の出資金を受け入れている。 当社は、当該ファンドの出資金について、運用を断念し、出資金全額を顧客に返還することを決定したものの、当該出資金を、一切顧客に返還しておらず、当社の従業員等に対する給与等の会社経費として出資金全額を流用した。 当社が行った上記(２)の行為は、投資者保護上重大な問題があるものと認められる。 （参考条文） 金融商品取引法（昭和23年法律第25号）(抄) （登録） 第二十九条　金融商品取引業は、内閣総理大臣の登録を受けた者でなければ、行うことができない。 （適格機関投資家等特例業務） 第六十三条　次の各号に掲げる行為については、第二十九条及び第三十三条の二の規定は、適用しない。 一　適格機関投資家等（適格機関投資家以外の者で政令で定めるもの（その数が政令で定める数以下の場合に限る。）及び適格機関投資家をいう。以下この条において同じ。）で次のいずれにも該当しない者を相手方として行う第二条第二項第五号又は第六号に掲げる権利に係る私募（適格機関投資家等（次のいずれにも該当しないものに限る。）以外の者が当該権利を取得するおそれが少ないものとして政令で定めるものに限る。） （以下、略）
2015-08-04,アセットクリエーション株式会社,,アセットクリエーション株式会社に対する検査結果について（平成27年8月4日）,https://www.fsa.go.jp/sesc/news/c_2015/2015/20150804-7.html,English version 平成27年８月４日 証券取引等監視委員会 アセットクリエーション株式会社に対する検査結果について 関東財務局長が上記適格機関投資家等特例業務届出者を検査した結果、問題が認められた（詳細は、関東財務局ウェブサイトを参照してください。）。 「アセットクリエーション株式会社に対する検査結果について」（関東財務局ウェブサイト）
2015-08-04,Ａ・Ｊアセットクリエーション株式会社,,Ａ・Ｊアセットクリエーション株式会社に対する検査結果について（平成27年8月4日）,https://www.fsa.go.jp/sesc/news/c_2015/2015/20150804-8.html,English version 平成27年８月４日 証券取引等監視委員会 Ａ・Ｊアセットクリエーション株式会社に対する検査結果について 関東財務局長が上記適格機関投資家等特例業務届出者を検査した結果、問題が認められた（詳細は、関東財務局ウェブサイトを参照してください。）。 「Ａ・Ｊアセットクリエーション株式会社に対する検査結果について」（関東財務局ウェブサイト）
2015-08-07,ＪＰＭ株式会社,3276,ＪＰＭ株式会社に対する検査結果について（平成27年8月7日）,https://www.fsa.go.jp/sesc/news/c_2015/2015/20150807-2.html,English version 平成27年８月７日 証券取引等監視委員会 ＪＰＭ株式会社に対する検査結果について １．検査結果 証券取引等監視委員会がＪＰＭ株式会社（所在地　東京都中央区、資本金1000万円、常勤役職員８名、適格機関投資家等特例業務届出者。金融商品取引業の登録はない。以下「当社」という。）を検査した結果、下記のとおり、当該適格機関投資家等特例業務届出者に係る問題が認められたので、本日、証券取引等監視委員会は、金融庁長官に対して、適切な措置を講じるための情報提供を行った。 ２．事実関係 当社は、適格機関投資家等特例業務（以下「特例業務」という。）として、自らを営業者とする４つの匿名組合（以下「本件ファンド」という。）の出資持分の取得勧誘を行い、平成23年９月以降、延べ169名の顧客から総額６億3440万円を受けている。 そのような中、本件ファンド業務の運営状況等を検証したところ、以下の問題点が認められた。 (１)　第二種金融商品取引業に係る無登録営業 特例業務については、適格機関投資家以外の者からの出資は49名以下でなければならないところ、当社は、本件ファンドのうち２ファンドについて、49名を超える適格機関投資家以外の者に取得勧誘を行い、出資を受けている。 当社による上記（１）の行為は、金融商品取引法（以下「金商法」という。）第28条第２項に規定する「第二種金融商品取引業」に該当し、当社が同法第29条に基づく登録を受けることなく、上記行為を行うことは、同条に違反するものと認められる。 (２)　金融商品取引契約の締結又はその勧誘に関して、顧客に対し虚偽のことを告げる行為 当社は、本件ファンドのうち１ファンドについて、実際には損失が生じているにもかかわらず、運用益が生じているとの虚偽の運用報告書を作成し、顧客に対し、これに基づいて実態と異なる運用状況を説明し、取得勧誘を行い、追加出資を受けている。 当社による上記（２）の行為は、金融商品取引契約の締結又はその勧誘に関して、顧客に対し虚偽のことを告げる行為に該当する(金商法第63条第４項、第38条第１号)。 (３)　ファンドの運用及び出資金の管理が極めて不透明、かつ、杜撰な状況 当社は、本件ファンドにおいて、いずれも会計帳簿等を作成していないことから、ファンドの財産状況等を把握できない状態となっているところ、出資金の大部分を現金で受領し、これを本件ファンドごとに分けることなく金庫に保管するなどしているほか、現金出納帳も作成していないため、現金の入出金の履歴や使途等を正確に把握できていない。また、当社は、本件ファンドのうち２ファンドについて、当該ファンドの投資対象事業への投資額を正確に把握できていないほか、当該ファンドの出資金の一部を会社経費等へ流用したとしているが、当社においてもその流用額を把握できていない。 このように当社のファンドの運用及び出資金の管理は極めて不透明、かつ、杜撰な状況にあるものと認められる。 当社が行った上記（３）の行為は、投資者保護上重大な問題があるものと認められる。 （参考条文） 金融商品取引法（昭和23年法律第25号）(抄) （登録） 第二十九条　金融商品取引業は、内閣総理大臣の登録を受けた者でなければ、行うことができない。 （禁止行為） 第三十八条　金融商品取引業者等又はその役員若しくは使用人は、次に掲げる行為をしてはならない。ただし、第四号から第六号までに掲げる行為にあつては、投資者の保護に欠け、取引の公正を害し、又は金融商品取引業の信用を失墜させるおそれのないものとして内閣府令で定めるものを除く。 一　金融商品取引契約の締結又はその勧誘に関して、顧客に対し虚偽のことを告げる行為 （以下、略） （適格機関投資家等特例業務） 第六十三条　次の各号に掲げる行為については、第二十九条及び第三十三条の二の規定は、適用しない。 一　適格機関投資家等（適格機関投資家以外の者で政令で定めるもの（その数が政令で定める数以下の場合に限る。）及び適格機関投資家をいう。以下この条において同じ。）で次のいずれにも該当しない者を相手方として行う第二条第二項第五号又は第六号に掲げる権利に係る私募（適格機関投資家等（次のいずれにも該当しないものに限る。）以外の者が当該権利を取得するおそれが少ないものとして政令で定めるものに限る。） イ～ハ　(略) 二　(略) ２・３　(略) ４　特例業務届出者が適格機関投資家等特例業務を行う場合においては、当該特例業務届出者を金融商品取引業者とみなして、第三十八条（第一号に係る部分に限る。）及び第三十九条並びにこれらの規定に係る第八章及び第八章の二の規定を適用する。 （以下、略）
2015-08-07,株式会社ＳＲＩブレイン及びそ,,株式会社ＳＲＩブレイン及びその役員１名の金融商品取引法違反行為に係る裁判所への申立てについて（平成27年8月7日）,https://www.fsa.go.jp/sesc/news/c_2015/2015/20150807-1.html,English version 平成２７年８月７日 証券取引等監視委員会 （平成２７年12月７日補足） 株式会社ＳＲＩブレイン及びその役員１名の金融商品取引法違反行為に係る裁判所への申立てについて １．申立ての内容等 証券取引等監視委員会が、株式会社ＳＲＩブレイン（東京都渋谷区、資本金１０００万円、常勤役職員１６名、適格機関投資家等特例業務届出者、金融商品取引業の登録等はない。以下「当社」という。）に対して金融商品取引法（以下「金商法」という。）第１８７条第１項に基づく調査を行った結果、下記２．の事実が認められたことから、本日、証券取引等監視委員会は、金商法第１９２条第１項の規定に基づき、東京地方裁判所に対し、当社及び当社代表取締役A（以下「A社長」といい、当社及びAを併せて「当社ら」という。）を被申立人として金商法違反行為（金商法第６３条第１項第１号に掲げる私募に係る業務を行うに当たり、金融商品取引契約の締結又はその勧誘に関して、顧客に対し虚偽のことを告げる行為を行うこと）の禁止及び停止を命ずるよう申立てを行った。 ２．事実関係 (１)　当社らは、平成２３年３月頃から同２７年６月頃までの間、当社の運営する複数のファンド（以下「本件ファンド」という。）に係る当社を無限責任組合員とする投資事業有限責任組合契約に基づく権利の取得勧誘を行い、延べ７４１名から約１４億７０００万円の出資を受けている。 当社らは、顧客の出資金のうち当社が受領する報酬を除く大部分を、関係法人である株式会社ビバーチェ（東京都渋谷区）及び日本ビジネス・ネット株式会社（東京都中央区、以下、株式会社ビバーチェと合わせて「ビバーチェ社ら」という。）に送金し、これを直ちに当社に送金・還流させることで受領し、当社の人件費、交際費等の経費に費消していた。上記方法により、本件ファンドの出資金は少なくとも約５億１０００万円が当社に送金・還流されている。このように、当社らは、本件ファンドの取得勧誘に際して顧客に交付していた重要事項説明書及び契約書に表示し、当社営業員が説明していた手数料等以外にも、顧客の出資金から多額の金員を受領していたにもかかわらず、かかる事実を顧客に説明せず、手数料等について、実際のものよりも著しく低額である旨を表示・説明していた。 また、当社らは、本件ファンドのうち複数のファンドの投資先企業について、将来有望な未上場企業、高い成長性が見込まれる国内企業の株式等に投資する旨などを重要事項説明書において表示していたほか、営業員においても同旨の説明を顧客に対して繰り返し行っていたところ、実際には、毎年多額の純損失を計上し、運転資金にも窮する状態にあり、成長性が高いとは評価できない企業に投資していたものであり、投資先企業の経営実態が上記表示及び説明と著しく相違するものであった。 当社らによる上記行為は、金融商品取引契約の締結又はその勧誘に関して、顧客に対し虚偽のことを告げる行為に該当する（金商法第６３条第４項・第３８条第１号）。 (２)　当社らは、上記出資金の送金・還流を正当化するために、ビバーチェ社らに投資先企業の株式を引き受けさせた後、ビバーチェ社らから本件ファンドに転売させており、その際、転売価格の基準となる株価算定を当社の意に沿う価格で算定し、転売価格を高額な価格とすることで、ビバーチェ社らに多額の売買差益を生じさせるとともに、ビバーチェ社らとの間で業務委託契約を締結し、上記売買差益の大部分をコンサルティング料名目で受領するという外観を作出しているものである。 また、上記と同様の手数料等にかかる虚偽告知は、当社において本件ファンドの取得勧誘を開始する以前から、当社の前代表取締役B（以下「B前社長」という。）が代表取締役を務めていた株式会社リスクマネジメントブレイン（大阪府大阪市、適格機関投資家等特例業務届出者、金融商品取引業の登録はない。以下、「リスク社」という。）におけるファンドの取得勧誘の際にも行われていたところ、当社における上記行為の関与者はリスク社の関与者と同様である。そして、当社らは、上記のとおり、当社に送金・還流させた出資金を当社の人件費等の経費に充てて費消しているほか、ビバーチェ社らに送金された出資金は、リスク社に対する送金等にも使用されるなどしてその大半が既に毀損されており、当社らが今後も業務を継続して行うためには、新たな投資事業有限責任組合を組成して取得勧誘を行い、新たな出資金を得ることが不可欠な状況にあり、その際、上記虚偽告知が行われ、顧客に多大な被害が生じるおそれが極めて高い。 以上からすれば、当社らは上記違法行為を今後も行う蓋然性が高く、これを可及的速やかに禁止・停止させる必要がある。 参考資料（PDF：332KB） 補足 東京地方裁判所の決定（平成２７年１２月４日付）においては、上記２．（１）のうち、「成長性が高いとは評価できない企業に投資していたものであり、投資先企業の経営実態が上記表示及び説明と著しく相違するものであった。」との箇所について、投資先企業が、「一定期間財務状況が良好でなくとも、貸付け等によって運転資金を賄いながら業績を改善する可能性は否定できない」、「『将来有望』ではなく、『高い成長性』もない会社であったと認めることは困難」として、「顧客に対して行った投資先企業に係る説明が、虚偽であったことを認めることができない」との判断がされたが、その余については、申立てのとおりの判断がされた。 （クリックすると拡大されます） 参考条文 ○適格機関投資家等特例業務届出者に係る行為規制 金融商品取引法(抄) （禁止行為） 第三十八条 金融商品取引業者等又はその役員若しくは使用人は、次に掲げる行為をしてはならない。 ただし、第四号から第六号までに掲げる行為にあつては、投資者の保護に欠け、取引の公正を害し、又は金融商品取引業の信用を失墜させるおそれのないものとして内閣府令で定めるものを除く。 一 金融商品取引契約の締結又はその勧誘に関して、顧客に対し虚偽のことを告げる行為 二～七　(略) （適格機関投資家等特例業務） 第六十三条 １～３ (略) ４ 特例業務届出者が適格機関投資家等特例業務を行う場合においては、当該特例業務届出者を金融商品取引業者とみなして、第三十八条（第一号に係る部分に限る。） 及び第三十九条並びにこれらの規定に係る第八章の規定 を適用する。 ５～８ (略) ○緊急差止命令に係る申立て 金融商品取引法(抄) （審問等に関する調査のための処分） 第百八十七条 内閣総理大臣又は内閣総理大臣及び財務大臣は、この法律の規定による審問、この法律の規定による処分に係る聴聞又は 第百九十二条の規定による申立てについて、必要な調査をするため、当該職員に、次に掲げる処分をさせることができる。 一　関係人若しくは参考人に出頭を命じて意見を聴取し、又はこれらの者から意見書若しくは報告書を提出させること。 二　鑑定人に出頭を命じて鑑定させること。 三　関係人に対し帳簿書類その他の物件の提出を命じ、又は提出物件を留めて置くこと。 四　関係人の業務若しくは財産の状況又は帳簿書類その他の物件を検査すること。 ２ (略) （裁判所の禁止又は停止命令） 第百九十二条 裁判所は、緊急の必要があり、かつ、公益及び投資者保護のため必要かつ適当であると認めるときは、内閣総理大臣又は内閣総理大臣及び財務大臣の申立てにより、この法律又はこの法律に基づく命令に違反する行為を行い、又は行おうとする者に対し、その行為の禁止又は停止を命ずることができる。 ２ 裁判所は、前項の規定により発した命令を取り消し、又は変更することができる。 ３ 前二項の事件は、被申立人の住所地又は第一項に規定する行為が行われ、若しくは行われようとする地の地方裁判所の管轄とする。 ４ 第一項及び第二項の裁判については、非訟事件手続法（平成二十三年法律第五十一号）の定めるところによる。 第百九十八条 次の各号のいずれかに該当する者は、三年以下の懲役若しくは三百万円以下の罰金に処し、又はこれを併科する。 一～七　(略) 八　第百九十二条第一項又は第二項の規定による裁判所の命令に違反した者 第二百七条 法人（中略）の代表者又は法人若しくは人の代理人、使用人その他の従業者が、その法人又は人の業務又は財産に関し、次の各号に掲げる規定の違反行為をしたときは、その行為者を罰するほか、その法人に対して当該各号に定める罰金刑を、その人に対して各本条の罰金刑を科する。 一・二　(略) 三　第百九十八条（中略）又は第百九十八条の三から第百九十八条の五まで　三億円以下の罰金刑 四～六　(略) ２・３ (略)
2015-08-04,イー・アセットマネジメント株式会社,,イー・アセットマネジメント株式会社に対する検査結果について（平成27年8月4日）,https://www.fsa.go.jp/sesc/news/c_2015/2015/20150804-6.html,English version 平成27年８月４日 証券取引等監視委員会 イー・アセットマネジメント株式会社に対する検査結果について 関東財務局長が上記適格機関投資家等特例業務届出者を検査した結果、問題が認められた（詳細は、関東財務局ウェブサイトを参照してください。）。 「イー・アセットマネジメント株式会社に対する検査結果について」（関東財務局ウェブサイト）
2015-08-04,フューチャーストック株式会社,,フューチャーストック株式会社に対する検査結果に基づく勧告について（平成27年8月4日）,https://www.fsa.go.jp/sesc/news/c_2015/2015/20150804-2.html,English version 平成27年８月４日 証券取引等監視委員会 フューチャーストック株式会社に対する検査結果に基づく勧告について １．勧告の内容 近畿財務局長がフューチャーストック株式会社（大阪市西区、資本金1000万円、常勤役職員１名、投資助言・代理業）を検査した結果、下記のとおり、当該金融商品取引業者に係る問題が認められたので、本日、証券取引等監視委員会は、内閣総理大臣及び金融庁長官に対して、金融庁設置法第20条第１項の規定に基づき、行政処分を行うよう勧告した。 ２．事実関係 ○　金融商品取引契約につき顧客に対し特別の利益を提供する行為 フューチャーストック株式会社（以下「当社」という。）は、適格機関投資家等特例業務として運営を行っていたファンドを清算し、同業務を廃止した後、ファンドに投資していた顧客のうち５名に対して、当社との取引を継続してもらうことを意図し、平成23年10月頃、投資顧問料の支払いについて一定の期間、免除することを提案した。 当社は、上記提案に応じた顧客４名との間で投資顧問契約を締結し、３年以上もの間にわたって、当該顧客４名の投資顧問料の支払いを免除することにより合計約147万円に相当する利益を提供した。 当社が行った上記の行為は、平成26年法律第44号による改正前の金融商品取引法第38条第７号に基づく金融商品取引業等に関する内閣府令第117条第１項第３号に掲げる「金融商品取引契約につき顧客に対し特別の利益を提供する行為」に該当するものと認められる。 （参考条文） ○金融商品取引法（昭和23年法律第25号）（抄） （禁止行為） 第三十八条　金融商品取引業者等又はその役員若しくは使用人は、次に掲げる行為をしてはならない。（略） 一～六（略） 七　前各号に掲げるもののほか、投資者の保護に欠け、若しくは取引の公正を害し、又は金融商品取引業の信用を失墜させるものとして内閣府令で定める行為 （注１）当該条文は、平成27年５月29日に施行された平成26年法律第44号による改正前のものである。 ○金融商品取引業等に関する内閣府令（平成19年内閣府令第52号）（抄） （禁止行為） 第百十七条　法第三十八条第七号に規定する内閣府令で定める行為は、次に掲げる行為とする。 一・二（略） 三　金融商品取引契約につき、顧客若しくはその指定した者に対し、特別の利益の提供を約し、又は顧客若しくは第三者に対し特別の利益を提供する行為（第三者をして特別の利益の提供を約させ、又はこれを提供させる行為を含む。） （以下、略） （注２）当該条文は、平成27年５月29日に施行された平成27年内閣府令第38号による改正前のものである。
2015-08-04,株式会社アンリミテッド,,株式会社アンリミテッドに対する検査結果について（平成27年8月4日）,https://www.fsa.go.jp/sesc/news/c_2015/2015/20150804-4.html,English version 平成27年８月４日 証券取引等監視委員会 株式会社アンリミテッドに対する検査結果について １．検査結果 証券取引等監視委員会が株式会社アンリミテッド（東京都港区、資本金1000万円、常勤役職員３名、適格機関投資家等特例業務届出者。金融商品取引業の登録はない。以下「当社」という。）を検査した結果、下記のとおり、当該適格機関投資家等特例業務届出者に係る問題が認められたので、本日、証券取引等監視委員会は、当社に対して検査結果を通知するとともに、金融庁長官に対して、適切な措置を講じるための情報提供を行った。 ２．事実関係 当社は、適格機関投資家等特例業務（以下「特例業務」という。）として、自らを営業者とする２つの匿名組合契約に係る出資持分の取得勧誘を行うとともに、自ら運用を行っている。 当社の業務運営状況を検証したところ、１つの匿名組合契約（以下「本件ファンド」という。）に係る以下の問題点が認められた。 (1)　第二種金融商品取引業に係る無登録営業 当社において、本件ファンドの取得勧誘・顧客管理等を任されていたA当社東京本社管理本部長（以下「A本部長」という。）は、α合同会社（本店：沖縄県那覇市）の代表社員であるBと相談の上、特例業務届出者であるにもかかわらず、49名を超える一般投資家から本件ファンドに出資を受けようと考え、本件ファンドに出資する顧客に対し、Bに貸付けの名目で金銭を支払わせ、複数の顧客からの出資金をまとめた上でB等の名義で本件ファンドに出資させることにより、出資者の数が49名以下であるかのように偽装していたものである。 この結果、少なくとも84名の顧客の出資金がまとめられB一名の名義で本件ファンドに出資された形となっていたが、実際には、当社は上記84名の顧客を本件ファンドの出資者として管理し、これらの顧客に本件ファンドの運用成績に応じて配当金を支払うなどしており、当社は49名を超える顧客に対して本件ファンドの取得勧誘を行い、出資を受けたものと認められる。 当社が行った上記の行為は、金融商品取引法第63条第１項第１号に規定する特例業務の要件を満たしておらず、同法第28条第２項に規定する「第二種金融商品取引業」に該当し、同法第29条に基づく登録を受けないまま、上記行為を行うことは、同条に違反するものと認められる。 (2)　出資金の管理に不備がある状況 当社においては、業務管理態勢が十分構築されていなかったため、A本部長は、顧客からBを通じて本件ファンドへの出資金として集めた資金の一部を、本件ファンドの出資金として計上せず、本件ファンドの出資金管理口座に入金することもなく、経費等に費消していた。 当社における上記の状況は、投資者保護上問題があると認められる。 （参考条文） ○金融商品取引法（昭和23年法律第25号）（抄） （登録） 第二十九条　金融商品取引業は、内閣総理大臣の登録を受けた者でなければ、行うことができない。 （適格機関投資家等特例業務） 第六十三条　次の各号に掲げる行為については、第二十九条及び第三十三条の二の規定は、適用しない。 一　適格機関投資家等（適格機関投資家以外の者で政令で定めるもの（その数が政令で定める数以下の場合に限る。）及び適格機関投資家をいう。以下この条において同じ。）で次のいずれにも該当しない者を相手方として行う第二条第二項第五号又は第六号に掲げる権利に係る私募（適格機関投資家等（次のいずれにも該当しないものに限る。）以外の者が当該権利を取得するおそれが少ないものとして政令で定めるものに限る。） （以下、略）
2015-08-04,株式会社Ｊコーレール,,株式会社Ｊコーレールに対する検査結果について（平成27年8月4日）,https://www.fsa.go.jp/sesc/news/c_2015/2015/20150804-5.html,English version 平成27年８月４日 証券取引等監視委員会 株式会社Ｊコーレールに対する検査結果について 関東財務局長が上記適格機関投資家等特例業務届出者を検査した結果、問題が認められた（詳細は、関東財務局ウェブサイトを参照してください。）。 「株式会社Ｊコーレールに対する検査結果について」（関東財務局ウェブサイト）
2015-08-04,ビリングシステム株式会社,3623,Ｃ＆Ｇシステムズ株式ほか1銘柄に係る相場操縦に対する課徴金納付命令の勧告について（平成27年8月4日）,https://www.fsa.go.jp/sesc/news/c_2015/2015/20150804-1.html,"English version 平成２７年８月４日 証券取引等監視委員会 Ｃ＆Ｇシステムズ株式ほか1銘柄に係る相場操縦に対する課徴金納付命令の勧告について １．勧告の内容 証券取引等監視委員会は、Ｃ＆Ｇシステムズ株式ほか1銘柄に係る相場操縦について検査した結果、下記のとおり法令違反の事実が認められたので、本日、内閣総理大臣及び金融庁長官に対して、金融庁設置法第２０条第１項の規定に基づき、課徴金納付命令を発出するよう勧告を行った。 ２．法令違反の事実関係 課徴金納付命令対象者は、株式の売買を誘引する目的をもって、 別表（PDF:17KB） 記載のとおり、自己の計算において、 (1) 株式会社Ｃ＆Ｇシステムズ（以下「Ｃ＆Ｇシステムズ」という。）の株式につき、平成２５年１０月１６日午前１０時３２分頃から同月２５日午後１時５７分頃までの間、８取引日において、大口の下値買い注文を入れるなどの方法により、同株式合計１０万９４００株の買付けの委託を行うとともに、同株式５万６４００株を買い付ける一方、同株式合計６万５７００株を売り付けるなどし、 (2) ビリングシステム株式会社（以下「ビリングシステム」という。）の株式につき、同年１１月６日午前９時１４分頃から同日午前９時１９分頃までの間、前記同様の方法により、同株式合計１７００株の買付けの委託を行うとともに、同株式１００株を買い付ける一方、同株式合計６００株を売り付けるなどし、 (3) Ｃ＆Ｇシステムズの株式につき、平成２６年３月３日午前９時２４分頃から同月１２日午前１１時２分頃までの間、８取引日にわたり、前記同様の方法により、同株式合計９万３８００株の買付けの委託を行うとともに、同株式合計９万５４００株を買い付ける一方、同株式合計１０万２７００株を売り付けるなどし、 もって、Ｃ＆Ｇシステムズ及びビリングシステム各株式の売買が繁盛であると誤解させ、かつ、前記各株式の相場を変動させるべき一連の売買及び委託をしたものである。 課徴金納付命令対象者が行った上記の行為は、金融商品取引法第１７４条の２第１項に規定する「第１５９条第２項第１号の規定に違反する一連の有価証券売買等」及び「その委託等」に該当すると認められる。 ３．課徴金の額の計算 上記の違法行為に対し金融商品取引法に基づき納付を命じられる課徴金の額は、合計３８２万５０００円である。 計算方法の詳細については、別紙のとおり。 （別紙） ○ 課徴金の額の計算方法について １．課徴金納付命令対象者は、本件違反行為開始時から遡り５年以内に課徴金納付命令を受けていることから、同人に対する今般の課徴金額は、金融商品取引法第１７４条の２第１項による額に代えて、当該額の１．５倍相当額となる（金融商品取引法第１８５条の７第１５項）ため、課徴金の額は、 (1) 売買対当数量 （注１） に係るものについて、 （有価証券の売付価額）－（有価証券の買付価額） と、 (2) 当該違反行為に係る有価証券の売付数量が買付数量を超える場合の、当該超える数量に係るものについて、 （有価証券の売付価額）－（当該違反行為が終了してから１月を経過するまでの間の当該有価証券の最低価格×当該超える数量） または、 当該違反行為に係る有価証券の買付数量が売付数量を超える場合の、当該超える数量に係るものについて、 （当該違反行為が終了してから１月を経過するまでの間の当該有価証券の最高価格×当該超える数量）－（有価証券の買付価額） との合計額の１．５倍として計算される。 （注１）売買対当数量：当該違反行為に係る有価証券の売付数量と買付数量のうち、いずれか少ない数量をいう。 ２．課徴金納付命令対象者の各違反行為について、本件における課徴金の額は、下記(1)から(7)によりそれぞれ算定される額の合計　3,825,000円 （注２）この場合、同法第１８５条の７第３０項により，課徴金の額に1円未満の端数があるときは，その端数は切り捨てられることになる。 (1) Ｃ＆Ｇシステムズ株式（ 別表（PDF:17KB） の１．Ａ）に係る課徴金の額は、下記ア．及びイ．によりそれぞれ算定される額の合計　122,200円 ⇒課徴金の額は、１万円未満を切り捨てるため、１２万円 ⇒１８５条の7第１５項の規定により、１．５倍となるため、 １８万円 ア．当該違反行為に係る売買対等数量は、 (ア) 当該違反行為に係る有価証券の売付数量は、33,100株であり、 (イ) 当該違反行為に係る有価証券の買付数量は、実際の買付け等の数量29,600株に、金融商品取引法第１７４条の２第８項及び同法施行令第３３条の１３第１号により、違反行為の開始時にその時における価格（1,090円）で買付けをしたものとみなされる当該違反行為の開始時に所有している当該有価証券の数量3,600株を加えた33,200株である ことから、33,100株となる。 当該売買対当数量に係るものについて、 売付価額35,964,600円 （注３） － 買付価額35,859,000円 （注４） ＝105,600円 （注３）売付価額は、 「1,060円×2,100株＋1,069円×400株＋1,070円×600株＋1,071円×1,300株＋1,072円×1,800株＋1,073円×1,500株＋1,074円×200株＋1,075円×2,200株＋1,076円×100株＋1,078円×400株＋1,079円×1,300株＋1,080円×1,300株＋1,082円×200株＋1,083円×200株＋1,084円×100株＋1,085円×2,300株＋1,086円×900株＋1,087円×300株＋1,090円×1,600株＋1,097円×700株＋1,100円×13,600株」 の額である。 （注４）買付価額は、 「1,053円×400株＋1,054円×1,600株＋1,075円×1,300株＋1,076円×200株＋1,077円×100株＋1,078円×100株＋1,079円×200株＋1,080円×11,800株＋1,082円×200株＋1,084円×900株＋1,085円×2,500株＋1,087円×900株＋1,089円×4,200株＋1,090円×3,800株＋1,091円×300株＋1,092円×200株＋1,093円×100株＋1,094円×1,000株＋1,095円×1,000株＋1,096円×2,300株」 の額である。 （注５）買付価額の算定においては、金融商品取引法施行令第３３条の１４第５項の規定により、当該違反行為に係る有価証券の買付けのうち最も早い時期に行われたものから順次当該売買対当数量に達するまで割り当てることとなる。 本件においては、違反行為の開始時点において所有しており、金融商品取引法第１７４条の２第８項及び同法施行令第３３条の１３第１号の規定により、違反行為の開始時点にその時における価格（1,090円）で買い付けたものとみなされるもの（みなし買付け）から割り当てられることとなる。 イ．上記ア．のとおり、当該違反行為に係る有価証券の買付数量が、売付数量を超えることから、 当該超える数量100株（33,200株－33,100株）について、 当該違反行為が終了してから１月を経過するまでの間の当該有価証券の最高価格（1,220円）に当該超える数量を乗じて得た額 122,000円（1,220円×100株）－ 買付価額105,400円 （注６） ＝16,600円 （注６）買付価額は、「1,054円×100株」の額である。 (2) Ｃ＆Ｇシステムズ株式（ 別表（PDF:17KB） の１．Ｂ）に係る課徴金の額は、下記ア．及びイ．によりそれぞれ算定される額の合計　136,300円 ⇒課徴金の額は、１万円未満を切り捨てるため、１３万円 ⇒１８５条の7第１５項の規定により、１．５倍となるため、 １９万５千円 ア．当該違反行為に係る売買対等数量は、 (ア) 当該違反行為に係る有価証券の売付数量は、10,300株であり、 (イ) 当該違反行為に係る有価証券の買付数量は、実際の買付け等の数量8,800株に、金融商品取引法第１７４条の２第８項及び同法施行令第３３条の１３第１号により、違反行為の開始時にその時における価格（1,070円）で買付けをしたものとみなされる当該違反行為の開始時に所有している当該有価証券の数量1,600株を加えた10,400株である ことから、10,300株となる。 当該売買対当数量に係るものについて、 売付価額11,680,400円 （注７） － 買付価額11,548,300円 （注８） ＝132,100円 （注７）売付価額は、「1,076円×800株＋1,078円×700株＋1,088円×1,000株 ＋1,089円×1,000株＋1,160円×6,800株」の額である。 （注８）買付価額は、「1,070円×1,600株＋1,080円×1,500株＋1,081円×500株 ＋1,138円×200株＋1,139円×700株＋1,140円×900株＋1,147円×300株 ＋1,148円×4,600株」の額である。 （注９）買付価額の算定においては、金融商品取引法施行令第３３条の１４第５項の規定により、当該違反行為に係る有価証券の買付けのうち最も早い時期に行われたものから順次当該売買対当数量に達するまで割り当てることとなる。 本件においては、違反行為の開始時点において所有しており、金融商品取引法第１７４条の２第８項及び同法施行令第３３条の１３第１号の規定により、違反行為の開始時点にその時における価格（1,070円）で買い付けたものとみなされるもの（みなし買付け）から割り当てられることとなる。 イ．上記ア．のとおり、当該違反行為に係る有価証券の買付数量が、売付数量を超えることから、 当該超える数量100株（10,400株－10,300株）について、 当該違反行為が終了してから１月を経過するまでの間の当該有価証券の最高価格（1,190円）に当該超える数量を乗じて得た額 119,000円（1,190円×100株）－ 買付価額114,800円 （注１０） ＝4,200円 （注１０）買付価額は、「1,148円×100株」の額である。 (3) Ｃ＆Ｇシステムズ株式（ 別表（PDF:17KB） の１．Ｃ）に係る課徴金の額は、下記ア．及びイ．によりそれぞれ算定される額の合計　74,800円 ⇒課徴金の額は、１万円未満を切り捨てるため、７万円 ⇒１８５条の7第１５項の規定により、１．５倍となるため、 １０万５千円 ア．当該違反行為に係る売買対等数量は、 (ア) 当該違反行為に係る有価証券の売付数量は、10,100株であり、 (イ) 当該違反行為に係る有価証券の買付数量は、実際の買付け等の数量9,100株に、金融商品取引法第１７４条の２第８項及び同法施行令第３３条の１３第１号により、違反行為の開始時にその時における価格（1,101円）で買付けをしたものとみなされる当該違反行為の開始時に所有している当該有価証券の数量1,100株を加えた10,200株である ことから、10,100株となる。 当該売買対当数量に係るものについて、 売付価額11,204,000円 （注１１） － 買付価額11,130,400円 （注１２） ＝73,600円 （注１１）売付価額は、「1,103円×1,000株＋1,110円×9,100株」の額である。 （注１２）買付価額は、「1,101円×3,200株＋1,102円×3,500株＋1,103円×3,400株」の額である。 （注１３）買付価額の算定においては、金融商品取引法施行令第３３条の１４第５項の規定により、 当該違反行為に係る有価証券の買付けのうち最も早い時期に行われたものから順次当該売 買対当数量に達するまで割り当てることとなる。 本件においては、違反行為の開始時点において所有しており、金融商品取引法第１７４条の２第８項及び同法施行令第３３条の１３第１号の規定により、違反行為の開始時点にその時における価格（1,101円）で買い付けたものとみなされるもの（みなし買付け）から割り当てられることとなる。 イ．上記ア．のとおり、当該違反行為に係る有価証券の買付数量が、売付数量を超えることから、 当該超える数量100株（10,200株－10,100株）について、 当該違反行為が終了してから１月を経過するまでの間の当該有価証券の最高価格（1,115円）に当該超える数量を乗じて得た額 111,500円（1,115円×100株）－ 買付価額110,300円 （注１４） ＝1,200円 （注１４）買付価額は、「1,103円×100株」の額である。 (4) Ｃ＆Ｇシステムズ株式（ 別表（PDF:17KB） の１．Ｄ）に係る課徴金の額は、下記ア．及びイ．によりそれぞれ算定される額の合計　69,900円 ⇒課徴金の額は、１万円未満を切り捨てるため、６万円 ⇒１８５条の7第１５項の規定により、１．５倍となるため、 ９万円 ア．当該違反行為に係る売買対等数量は、 (ア) 当該違反行為に係る有価証券の売付数量は、8,600株であり、 (イ) 当該違反行為に係る有価証券の買付数量は、実際の買付け等の数量6,700株に、金融商品取引法第１７４条の２第８項及び同法施行令第３３条の１３第１号により、違反行為の開始時にその時における価格（1,063円）で買付けをしたものとみなされる当該違反行為の開始時に所有している当該有価証券の数量2,000株を加えた8,700株である ことから、8,600株となる。 当該売買対当数量に係るものについて、 売付価額9,285,900円 （注１５） － 買付価額9,217,400円 （注１６） ＝68,500円 （注１５）売付価額は、「1,050円×500株＋1,069円×2,000株＋1,070円×1,000株 ＋1,088円×1,000株＋1,089円×4,100株」の額である。 （注１６）買付価額は、「1,063円×2, 500株＋1,064円×600株＋1,066円×500株 ＋1,076円×1,700株＋1,077円×500株＋1,078円×400株＋1,079円×2,400株」の額である。 （注１７）買付価額の算定においては、金融商品取引法施行令第３３条の１４第５項の規定により、当該違反行為に係る有価証券の買付けのうち最も早い時期に行われたものから順次当該売買対当数量に達するまで割り当てることとなる。 本件においては、違反行為の開始時点において所有しており、金融商品取引法第１７４条の２第８項及び同法施行令第３３条の１３第１号の規定により、違反行為の開始時点にその時における価格（1,063円）で買い付けたものとみなされるもの（みなし買付け）から割り当てられることとなる。 イ．上記ア．のとおり、当該違反行為に係る有価証券の買付数量が、売付数量を超えることから、 当該超える数量100株（8,700株－8,600株）について、 当該違反行為が終了してから１月を経過するまでの間の当該有価証券の最高価格（1,094円）に当該超える数量を乗じて得た額 109,400円（1,094円×100株）－ 買付価額108,000円 （注１８） ＝1,400円 （注１８）買付価額は、「1,080円×100株」の額である。 (5) Ｃ＆Ｇシステムズ株式（ 別表（PDF:17KB） の１．Ｅ）に係る課徴金の額は、下記ア．及びイ．によりそれぞれ算定される額の合計　36,200円 ⇒課徴金の額は、１万円未満を切り捨てるため、３万円 ⇒１８５条の7第１５項の規定により、１．５倍となるため、 ４万５千円 ア．当該違反行為に係る売買対等数量は、 (ア) 当該違反行為に係る有価証券の売付数量は、3,600株であり、 (イ) 当該違反行為に係る有価証券の買付数量は、実際の買付け等の数量2,200株に、金融商品取引法第１７４条の２第８項及び同法施行令第３３条の１３第１号により、違反行為の開始時にその時における価格（1,021円）で買付けをしたものとみなされる当該違反行為の開始時に所有している当該有価証券の数量1,500株を加えた3,700株である ことから、3,600株となる。 当該売買対当数量に係るものについて、 売付価額3,706,500円 （注１９） － 買付価額3,675,600円 （注２０） ＝30,900円 （注１９）売付価額は、「1,029円×1,500株＋1,030円×2,100株」の額である。 （注２０）買付価額は、「1,021円×3,600株」の額である。 （注２１）買付価額の算定においては、金融商品取引法施行令第３３条の１４第５項の規定により、当該違反行為に係る有価証券の買付けのうち最も早い時期に行われたものから順次当該売買対当数量に達するまで割り当てることとなる。 本件においては、違反行為の開始時点において所有しており、金融商品取引法第１７４条の２第８項及び同法施行令第３３条の１３第１号の規定により、違反行為の開始時点にその時における価格（1,021円）で買い付けたものとみなされるもの（みなし買付け）から割り当てられることとなる。 イ．上記ア．のとおり、当該違反行為に係る有価証券の買付数量が、売付数量を超えることから、 当該超える数量100株（3,700株－3,600株）について、 当該違反行為が終了してから１月を経過するまでの間の当該有価証券の最高価格（1,074円）に当該超える数量を乗じて得た額 107,400円（1,074円×100株）－ 買付価額102,100円 （注２２） ＝5,300円 （注２２）買付価額は、「1,021円×100株」の額である。 (6) ビリングシステム株式（ 別表（PDF:17KB） の２．）に係る課徴金の額は、下記ア．及びイ．によりそれぞれ算定される額の合計　216,000円 ⇒課徴金の額は、１万円未満を切り捨てるため、２１万円 ⇒１８５条の7第１５項の規定により、１．５倍となるため、 ３１万５千円 ア．当該違反行為に係る売買対等数量は、 (ア) 当該違反行為に係る有価証券の売付数量は、600株であり、 (イ) 当該違反行為に係る有価証券の買付数量は、実際の買付け等の数量100株に、金融商品取引法第１７４条の２第８項及び同法施行令第３３条の１３第１号により、違反行為の開始時にその時における価格（16,640円）で買付けをしたものとみなされる当該違反行為の開始時に所有している当該有価証券の数量500株を加えた600株である ことから、600株となる。 当該売買対当数量に係るものについて、 売付価額10,200,000円 （注２３） － 買付価額9,984,000円 （注２４） ＝216,000円 （注２３）売付価額は、「17,000円×600株」の額である。 （注２４）買付価額は、「16,640円×600株」の額である。 （注２５）買付価額の算定においては、金融商品取引法施行令第３３条の１４第５項の規定により、当該違反行為に係る有価証券の買付けのうち最も早い時期に行われたものから順次当該売買対当数量に達するまで割り当てることとなる。 本件においては、違反行為の開始時点において所有しており、金融商品取引法第１７４条の２第８項及び同法施行令第３３条の１３第１号の規定により、違反行為の開始時点にその時における価格（16,640円）で買い付けたものとみなされるもの（みなし買付け）から割り当てられることとなる。 イ．上記ア．のとおり、当該違反行為に係る有価証券の売付数量と買付数量が同じであることから、当該超える数量は0株となることから、０円 (7) Ｃ＆Ｇシステムズ株式（ 別表（PDF:17KB） の３．）に係る課徴金の額は、下記ア．及びイ．によりそれぞれ算定される額の合計　1,938,400円 ⇒課徴金の額は、１万円未満を切り捨てるため、１９３万円 ⇒１８５条の7第１５項の規定により、１．５倍となるため、 ２８９万５千円 ア．当該違反行為に係る売買対等数量は、 (ア) 当該違反行為に係る有価証券の売付数量は、102,700株であり、 (イ) 当該違反行為に係る有価証券の買付数量は、実際の買付け等の数量95,400株に、金融商品取引法第１７４条の２第８項及び同法施行令第３３条の１３第１号により、違反行為の開始時にその時における価格（887円）で買付けをしたものとみなされる当該違反行為の開始時に所有している当該有価証券の数量18,700株を加えた114,100株である ことから、102,700株となる。 当該売買対当数量に係るものについて、 売付価額96,958,600円 （注２６） － 買付価額95,020,200円 （注２７） ＝1,938,400円 （注２６）売付価額は、「830円×5,000株＋870円×1,000株＋878円×1,000株 ＋880円×2,000株＋886円×2,000株＋887円×1,600株＋889円×1,400株 ＋890円×6,600株＋899円×4,000株＋900円×13,200株＋903円×200株 ＋904円×600株＋905円×200株＋910円×1,000株＋912円×100株 ＋913円×100株＋917円×1,000株＋920円×1,800株＋926円×600株 ＋927円×900株＋928円×1,000株＋929円×1,000株＋932円×1,000株 ＋933円×1,300株＋935円×1,000株＋936円×1,500株＋937円×1,000株 ＋940円×1,500株＋941円×300株＋942円×1,200株＋950円×9,900株 ＋951円×3,900株＋952円×1,500株＋953円×2,100株＋954円×600株 ＋961円×300株＋962円×500株＋963円×200株＋980円×4,200株 ＋990円×300株＋1,000円×700株＋1,001円×300株＋1,002円×700株 ＋1,011円×100株＋1,012円×600株＋1,013円×300株＋1,015円×1,000株 ＋1,027円×1,100株＋1,030円×5,300株＋1,031円×700株＋1,039円×500株 ＋1,040円×3,900株＋1,041円×400株＋1,042円×200株＋1,043円×300株 ＋1,044円×200株＋1,045円×100株＋1,046円×700株＋1,050円×4,300株 ＋1,051円×1,100株＋1,052円×100株＋1,060円×1,500株」の額である。 （注２７）買付価額は、 「866円×1,000株＋869円×600株＋870円×1,500株＋872円×100株＋873円×600株 ＋874円×800株＋875円×1,700株＋876円×700株＋877円×600株＋878円×7,800株 ＋879円×200株＋882円×400株＋884円×2,100株＋885円×1,700株 ＋887円×21,000株＋888円×1,900株＋890円×7,000株＋907円×1,000株 ＋909円×200株＋910円×3,100株＋911円×1,800株＋919円×1,600株＋920円×400株 ＋925円×2,000株＋926円×1,100株＋927円×400株＋932円×100株＋933円×900株 ＋934円×800株＋935円×9,200株＋944円×8,500株＋946円×900株＋947円×100株 ＋969円×300株＋970円×3,900株＋971円×300株＋1,017円×500株 ＋1,018円×3,100株＋1,020円×3,000株＋1,026円×400株＋1,027円×1,100株 ＋1,028円×400株＋1,029円×1,300株＋1,030円×2,600株＋1,038円×1,300株 ＋1,040円×400株＋1,041円×800株＋1,049円×500株＋1,050円×1,000株」 の額である。 （注２８）買付価額の算定においては、金融商品取引法施行令第３３条の１４第５項の規定により、当該違反行為に係る有価証券の買付けのうち最も早い時期に行われたものから順次当該売買対当数量に達するまで割り当てることとなる。 本件においては、違反行為の開始時点において所有しており、金融商品取引法第１７４条の２第８項及び同法施行令第３３条の１３第１号の規定により、違反行為の開始時点にその時における価格（887円）で買い付けたものとみなされるもの（みなし買付け）から割り当てられることとなる。 イ．上記ア．のとおり、当該違反行為に係る有価証券の買付数量が、売付数量を超えることから、 当該超える数量11,400株（114,100株－102,700株）について、 当該違反行為が終了してから１月を経過するまでの間の当該有価証券の最高価格（850円）に当該超える数量を乗じて得た額 9,690,000円（850円×11,400株）－ 買付価額9,757,100円 （注２９） ＝－67,100円となることから、0円 （注３０） （注２９）買付価額は、「822円×500株＋823円×1,300株＋824円×3,200株＋880円×2,000株＋881円×1,400株＋882円×3,000株」の額である。 （注３０）金融商品取引法第１７４条の２第１項第２号ロの規定により、当該額が零を下回る場合には零とすることとなる。 (1) Ｃ＆Ｇシステムズ （平成２５年１０月１６日午前１０時３２分頃～同月１７日午前１０時３２分頃） (2) Ｃ＆Ｇシステムズ （平成２５年１０月１７日午前１０時５４分頃～同月２２日午前９時５２分頃） (3) Ｃ＆Ｇシステムズ （平成２５年１０月２３日午前１０時８分頃～同日午前１０時２１分頃） (4) Ｃ＆Ｇシステムズ （平成２５年１０月２３日午後１時５７分頃～同月２４日午前９時５６分頃） (5) Ｃ＆Ｇシステムズ （平成２５年１０月２５日午後１時５１分頃～同日午後１時５７分頃） (6) ビリングシステムズ （平成２５年１１月６日午前９時１４分頃～同日午前９時１９分頃） (7) Ｃ＆Ｇシステムズ （平成２６年３月３日午前９時２４分頃～同月１２日午前１１時２分頃） （ 別表（PDF:17KB） ）"
2015-07-03,石山Gateway Holdings株式会社,,石山Gateway Holdings株式会社に係る虚偽有価証券報告書提出事件の告発について（平成27年7月3日）,https://www.fsa.go.jp/sesc/news/c_2015/2015/20150703-1.html,English version 平成２７年７月３日 証券取引等監視委員会 石山Gateway Holdings株式会社に係る虚偽有価証券報告書提出事件の告発について 証券取引等監視委員会は、本日、金融商品取引法違反（虚偽有価証券報告書提出）の嫌疑で、下記の嫌疑法人及び嫌疑者を東京地方検察庁に告発した。 １．告発の対象となった犯則事実 犯則嫌疑法人石山Ｇａｔｅｗａｙ Ｈｏｌｄｉｎｇｓ株式会社（以下「犯則嫌疑法人」という。）は、東京都港区に本店を置き、精密機器等の開発等の事業を営む会社等の株式を保有することにより、当該会社の事業活動を支配管理することを目的とし、その発行する株券を株式会社東京証券取引所が運営するジャスダック市場に上場しているもの、犯則嫌疑者Aは、犯則嫌疑法人の代表取締役として同社の業務全般を統括していたもの、犯則嫌疑者Bは、犯則嫌疑法人の常務取締役並びに同社の連結子会社の代表取締役として業務全般を統括していたものであるが、犯則嫌疑者両名は、共謀の上、犯則嫌疑法人の業務に関し、平成２６年９月２９日、同社の前記本店事務所内に設置された入出力装置から、開示用電子情報処理組織を使用して、内閣府が使用する電子計算機に備えられたファイルに記録させる方法により、関東財務局において、同財務局長に対し、同社の平成２５年７月１日から平成２６年６月３０日までの連結会計年度につき、売上高が３１億２４７１万１０００円（１０００円未満切捨て。以下同じ）、経常損失が３億５２５０万５０００円、税金等調整前当期純損失が３億４９５６万３０００円であったにもかかわらず、架空売上を計上するなどの方法により、売上高を４１億２６１６万６０００円、経常利益を３８６９万４０００円、税金等調整前当期純利益を４１６３万６０００円と記載するなどした連結損益計算書を掲載した有価証券報告書を提出し、もって重要な事項につき虚偽の記載のある有価証券報告書を提出したものである。 ２．関連条文 金融商品取引法第197条第1項第1号、同法第24条第1項第1号、同法第207条第1項第1号、刑法第60条 法定刑：法人につき　7億円以下の罰金 個人につき　10年以下の懲役若しくは1000万円以下の罰金又は併科
2015-07-17,株式会社アドネット,,株式会社アドネットに対する検査結果について（平成27年7月17日）,https://www.fsa.go.jp/sesc/news/c_2015/2015/20150717-1.html,English version 平成27年７月17日 証券取引等監視委員会 株式会社アドネットに対する検査結果について 関東財務局長が上記適格機関投資家等特例業務届出者を検査した結果、問題が認められた（詳細は、関東財務局ウェブサイトを参照してください。）。 「株式会社アドネットに対する検査結果について」（関東財務局ウェブサイト）
2015-06-30,株式会社明和,7224,株式会社明和に対する検査結果について（平成27年6月30日）,https://www.fsa.go.jp/sesc/news/c_2015/2015/20150630-2.html,English version 平成27年６月30日 証券取引等監視委員会 株式会社明和に対する検査結果について 関東財務局長が上記適格機関投資家等特例業務届出者を検査した結果、問題が認められた（詳細は、関東財務局ウェブサイトを参照してください。）。 「株式会社明和に対する検査結果について」（関東財務局ウェブサイト）
2015-07-28,株式会社の業務執行,,公開買付者との契約締結交渉者の役員からの情報受領者によるトーメンエレクトロニクス株式に係る内部者取引に対する課徴金納付命令の勧告について（平成27年7月28日）,https://www.fsa.go.jp/sesc/news/c_2015/2015/20150728-1.html,"English version 平成２７年７月２８日 証券取引等監視委員会 公開買付者との契約締結交渉者の役員からの情報受領者によるトーメンエレクトロニクス株式に係る内部者取引に対する課徴金納付命令の勧告について １．勧告の内容 証券取引等監視委員会は、公開買付者との契約締結交渉者の役員からの情報受領者によるトーメンエレクトロニクス株式に係る内部者取引について検査した結果、下記のとおり法令違反の事実が認められたので、本日、内閣総理大臣及び金融庁長官に対して、金融庁設置法第２０条第１項の規定に基づき、課徴金納付命令を発出するよう勧告を行った。 ２．法令違反の事実関係 課徴金納付命令対象者（１）及び（２）は、公開買付者との契約締結交渉者の役員から、豊田通商株式会社の業務執行を決定する機関が、株式会社トーメンエレクトロニクス（以下「トーメンエレクトロニクス」という。）株式の公開買付けを行うことについての決定をした旨の公開買付けの実施に関する事実の伝達を受けながら、 課徴金納付命令対象者（１）については、この事実が公表された平成２６年１月２８日より前の平成２５年１１月２１日から同月２８日までの間、自己の計算において、トーメンエレクトロニクス株式合計９５００株を買付価額合計１１０６万４６００円で買い付けたものである。 課徴金納付命令対象者（２）については、この事実が公表された平成２６年１月２８日より前の平成２５年１２月２６日、自己の計算において、トーメンエレクトロニクス株式合計２０００株を買付価額合計２３０万円で買い付けたものである。 課徴金納付命令対象者（１）及び（２）が行った上記の行為は、金融商品取引法第１７５条第２項に規定する「第１６７条第１項又は第３項の規定に違反して、同条第１項に規定する売買等をした」行為に該当すると認められる。 ３．課徴金の額の計算 上記の違法行為に対し金融商品取引法に基づき納付を命じられる課徴金の額は、下記のとおりである。 課徴金納付命令対象者(１)　４５９万円 課徴金納付命令対象者(２)　９９万円 計算方法の詳細については、別紙のとおり。 （別紙） ○ 課徴金の額の計算方法について 金融商品取引法第１７５条第２項に基づき、課徴金の額は、 （公開買付け等の実施に関する事実が公表された後２週間における最も高い価格）×（買付株数） －（買付価格）×（買付株数） となる。 したがって、公開買付け等の実施に関する事実の公表後２週間におけるトーメンエレクトロニクスの最も高い株価は、１，６４８円であることから、課徴金の額は下記の金額となる。 課徴金納付命令対象者(１) （１，６４８円×９，５００株） － 買付価額１１，０６４，６００円 （注） ＝４，５９１，４００円 ⇒課徴金の額は１万円未満を切り捨てるため、 ４５９万円 （注）買付価額は、「1,144円×200株＋1,145円×400株＋1,146円×1,500株＋1,147円×900株＋1,160円×500株＋1,163円×500株＋1,167円×500株＋1,168円×500株＋1,170円×300株＋1,171円×700株＋1,172円×500株＋1,176円×500株＋1,179円×1,500株＋1,183円×400株＋1,185円×500株＋1,186円×100株」の合計額である。 課徴金納付命令対象者(２) （１，６４８円×２，０００株） － 買付価額２，３００，０００円 （注） ＝９９６，０００円 ⇒課徴金の額は１万円未満を切り捨てるため、 ９９万円 （注）買付価額は、「1,150円×2,000株」の額である。"
2015-07-03,株式会社ドリームジャパン及びそ,,株式会社ドリームジャパン及びその役員１名の金融商品取引法違反行為に係る裁判所への申立てについて（平成27年7月3日）,https://www.fsa.go.jp/sesc/news/c_2015/2015/20150703-2.html,English version 平成２７年７月３日 証券取引等監視委員会 株式会社ドリームジャパン及びその役員１名の金融商品取引法違反行為に係る裁判所への申立てについて １．申立ての内容等 関東財務局長が、株式会社ドリームジャパン（東京都中央区、資本金３００万円、金融商品取引業の登録等はない。以下「当社」という。）に対して金融商品取引法（以下「金商法」という。）第１８７条第１項に基づく調査を行った結果、下記２．の事実が認められたことから、本日、証券取引等監視委員会は、金商法第１９２条第１項に基づき、東京地方裁判所に対し、当社及び当社の代表取締役A（以下「A」といい、当社と併せて「当社ら」という。）を被申立人として金商法違反行為（無登録で、株式の売買及び株式売買の委託の取次ぎを業として行うこと）の禁止及び停止を命ずるよう申立てを行った。 ２．事実関係 Aは、平成２０年１０月から、自身が代表取締役を務めていた株式会社エリオストレーディング（東京都中央区、金融商品取引業の登録等はない。以下「エリオス社」という。）において、営業員に指示し、一般投資家がエリオス社に対して上場株式の売買の注文を行うと、これを証券会社に取り次いで、上場株式の売買ができるなどと説明して一般投資家を勧誘し、これに応じた一般投資家との間で上記取引を行う旨合意し、一般投資家から上場株式の売買の注文を受け付け、売買代金の入金を受けていた。 また、Aは、平成２１年６月から、エリオス社において、営業員に指示し、エリオス社が割当てを受けたとする新規公開株式について売買を行うことができるなどと説明して一般投資家を勧誘し、これに応じた一般投資家との間で上記取引を行う旨合意し、一般投資家から新規公開株式の売買の注文を受け付け、売買代金の入金を受けていた。 そして、Aは、平成２６年４月中旬頃から同年６月までの間に、エリオス社が関東財務局長から業務内容等について照会を受け、警告書の発出を受けるなどした中で、関東財務局からの追及を免れるため、エリオス社で取引を行っていた一般投資家を当社に引き継がせ、同月以降、当社において上記各行為を行っている。 以上の結果、平成２０年１０月から平成２７年５月までの間に、１７６名の一般投資家から約７億円の入金を受けた。 当社らの上記各行為は、いずれも、金商法第２８条第１項第１号に規定する「第一種金融商品取引業」に該当し、同法第２９条に違反するものである。 Aは、上記のとおり、関東財務局長から警告書の発出等を受ける中で、エリオス社で取引を行っていた一般投資家を当社に引き継がせて、現在もなお無登録第一種金融商品取引業を継続して行っている。 また、当社らは、本来株式売買の代金として用いられるべき金員を、一般投資家との間の合意に反して株式売買等に充てずに、Aの個人的債務及び遊興費並びに当社及びエリオス社の経費等で費消して毀損している。 そして、上記違法行為は約６年半もの長期間に及んでいる上、当社らは、顧客から受けた金員をすでに毀損していることから、既存の一般投資家からの売付注文等に対応し、売却益の返還等をするためには、新たな入金を受け続けなければならない状況にあり、平成２７年５月時点においても積極的に営業活動を行っている。 以上からすれば、当社らは上記違法行為を今後も行う蓋然性が高く、これを可及的速やかに禁止・停止させる必要がある。 参考資料（PDF:64KB） （クリックすると拡大されます） 参考条文 ○第一種金融商品取引業 金融商品取引法(抄) （定義） 第二条　（略） ２～７　（略） ８　この法律において 「金融商品取引業」とは、次に掲げる行為（略）のいずれかを業として行うこと をいう。 一 有価証券の売買 （デリバティブ取引に該当するものを除く。以下同じ。）、市場デリバティブ取引（金融商品（第二十四項第三号の二に掲げるものに限る。）又は金融指標（当該金融商品の価格及びこれに基づいて算出した数値に限る。）に係る市場デリバティブ取引（以下「商品関連市場デリバティブ取引」という。）を除く。）又は外国市場デリバティブ取引（有価証券の売買にあつては、第十号に掲げるものを除く。） 二（略） 三 次に掲げる取引の委託の 媒介、 取次ぎ 又は代理 イ 取引所金融商品市場における有価証券の売買 又は市場デリバティブ取引 ロ　（略） 四～十八（略） ９～39　（略） 第二十八条　　この章において 「第一種金融商品取引業」とは、金融商品取引業のうち、次に掲げる行為のいずれかを業として行うこと をいう。 一 有価証券 （第二条第二項の規定により有価証券とみなされる同項各号に掲げる権利を除く。） についての同条第八項第一号から第三号 まで、第五号、第八号又は第九号に掲げる行為 一の二～五（略） ２～８　（略） （登録） 第二十九条　金融商品取引業は、内閣総理大臣の登録を受けた者でなければ、行うことができない。 ○緊急差止命令に係る申立て 金融商品取引法(抄) （審問等に関する調査のための処分） 第百八十七条 内閣総理大臣又は内閣総理大臣及び財務大臣は、この法律の規定による審問、この法律の規定による処分に係る聴聞又は 第百九十二条の規定による申立てについて、必要な調査をするため、当該職員に、次に掲げる処分をさせることができる 。 一　関係人若しくは参考人に出頭を命じて意見を聴取し、又はこれらの者から意見書若しくは報告書を提出させること。 二　鑑定人に出頭を命じて鑑定させること。 三　関係人に対し帳簿書類その他の物件の提出を命じ、又は提出物件を留めて置くこと。 四　関係人の業務若しくは財産の状況又は帳簿書類その他の物件を検査すること。 ２ （略） （裁判所の禁止又は停止命令） 第百九十二条 裁判所は、緊急の必要があり、かつ、公益及び投資者保護のため必要かつ適当であると認めるときは、内閣総理大臣又は内閣総理大臣及び財務大臣の申立てにより、この法律又はこの法律に基づく命令に違反する行為を行い、又は行おうとする者に対し、その行為の禁止又は停止を命ずることができる。 ２ 裁判所は、前項の規定により発した命令を取り消し、又は変更することができる。 ３ 前二項の事件は、被申立人の住所地又は第一項に規定する行為が行われ、若しくは行われようとする地の地方裁判所の管轄とする。 ４ 第一項及び第二項の裁判については、非訟事件手続法 （平成二十三年法律第五十一号）の定めるところによる。 第百九十八条 次の各号のいずれかに該当する者は、三年以下の懲役若しくは三百万円以下の罰金に処し、又はこれを併科する。 一～七　（略） 八 第百九十二条第一項又は第二項の規定による裁判所の命令に違反した者 第二百七条 法人（中略）の代表者又は法人若しくは人の代理人、使用人その他の従業者が、その法人又は人の業務又は財産に関し、次の各号に掲げる規定の違反行為をしたときは、その行為者を罰するほか、その法人に対して当該各号に定める罰金刑を、その人に対して各本条の罰金刑を科する。 一・二 （略） 三 第百九十八条（中略）又は第百九十八条の三から第百九十八条の五まで　三億円以下の罰金刑 四～六 （略） ２・３ （略）
2015-06-26,滋賀銀行,8366,滋賀銀行株式ほか４銘柄に係る相場操縦に対する課徴金納付命令の勧告について（平成27年6月26日）,https://www.fsa.go.jp/sesc/news/c_2015/2015/20150626-1.html,English version 平成２７年６月２６日 証券取引等監視委員会 滋賀銀行株式ほか４銘柄に係る相場操縦に対する課徴金納付命令の勧告について １．勧告の内容 証券取引等監視委員会は、滋賀銀行株式ほか４銘柄に係る相場操縦について検査した結果、下記のとおり法令違反の事実が認められたので、本日、内閣総理大臣及び金融庁長官に対して、金融庁設置法第２０条第１項の規定に基づき、課徴金納付命令を発出するよう勧告を行った。 ２．法令違反の事実関係 課徴金納付命令対象者は、私設取引システム（Proprietary Trading System。以下「ＰＴＳ」という。）を利用した株式の売買を誘引する目的をもって、 別表１（PDF:16KB） 記載のとおり、いずれも取引所金融市場に上場されている５銘柄の株式につき、平成２６年３月７日から同月２７日までの間、合計４取引日にわたり、取引所金融市場及びＰＴＳにおいて、下値売り注文を大量に入れるなどの方法により、 別表１（PDF:16KB） 記載の各株式合計９万１６００株の売付けの委託を行うとともに、同各株式合計９４００株を買い付け、もって、自己の計算において、同各株式の売買が繁盛であると誤解させ、かつ、取引所金融市場における同各株式の相場を変動させるべき一連の売買及び委託をしたものである。 課徴金納付命令対象者が行った上記の行為は、金融商品取引法第１７４条の２第１項に規定する「第１５９条第２項第１号の規定に違反する一連の有価証券売買等」及び「その委託等」に該当すると認められる。 ３．課徴金の額の計算 上記の違法行為に対し金融商品取引法に基づき納付を命じられる課徴金の額は、合計１２８万円である。 計算方法の詳細については、別紙のとおり。 （別紙） ○ 課徴金の額の計算方法について １．金融商品取引法第１７４条の２第１項に基づき、課徴金の額は、 (1) 売買対当数量 （注１） に係るものについて、 （有価証券の売付価額）－（有価証券の買付価額） と、 (2) 当該違反行為に係る有価証券の売付数量が買付数量を超える場合の、当該超える数量に係るものについて、 （有価証券の売付価額）－（当該違反行為が終了してから１月を経過するまでの間の当該有価証券の最低価格×当該超える数量） または、 当該違反行為に係る有価証券の買付数量が売付数量を超える場合の、当該超える数量に係るものについて、 （当該違反行為が終了してから１月を経過するまでの間の当該有価証券の最高価格×当該超える数量）－（有価証券の買付価額） との合計額として計算される。 （注１）売買対当数量：当該違反行為に係る有価証券の売付数量と買付数量のうち、いずれか少ない数量をいう。 ２．課徴金納付命令対象者の各違反行為について、本件における課徴金の額は、下記(1)及び(2)によりそれぞれ算定される。 (1) 各違反行為に係る売買対当数量は、各違反行為に係る有価証券の売付数量 が0株であることから、0株である。 よって、当該売買対当数量に係るものについては、0円 (2) 各違反行為に係る有価証券の買付数量は、 別表２（PDF:25KB） のとおり、実際の買付数量に、金融商品取引法第１７４条の２第８項及び同法施行令第３３条の１３第１号により、違反行為の開始時にその時における価格で買付けをしたものとみなされる各違反行為の開始時に所有している当該有価証券の数量を加えた数量となる。 （クリックすると拡大されます）
2015-06-30,エム・ピー・ジャパン株式会社,,エム・ピー・ジャパン株式会社に対する検査結果について（平成27年6月30日）,https://www.fsa.go.jp/sesc/news/c_2015/2015/20150630-1.html,English version 平成27年６月30日 証券取引等監視委員会 エム・ピー・ジャパン株式会社に対する検査結果について 関東財務局長が上記適格機関投資家等特例業務届出者を検査した結果、問題が認められた（詳細は、関東財務局ウェブサイトを参照してください。）。 「エム・ピー・ジャパン株式会社に対する検査結果について」（関東財務局ウェブサイト）
2015-06-26,日本クラウド証券株式会社,,日本クラウド証券株式会社に対する検査結果に基づく勧告について（平成27年6月26日）,https://www.fsa.go.jp/sesc/news/c_2015/2015/20150626-3.html,English version 平成27年６月26日 証券取引等監視委員会 日本クラウド証券株式会社に対する検査結果に基づく勧告について １．勧告の内容 関東財務局長が日本クラウド証券株式会社（東京都港区、資本金117百万円、常勤役職員16名、第一種金融商品取引業、第二種金融商品取引業）を検査した結果、下記のとおり、当該金融商品取引業者に係る問題が認められたので、本日、証券取引等監視委員会は、内閣総理大臣及び金融庁長官に対して、金融庁設置法第20条第１項の規定に基づき、行政処分を行うよう勧告した。 ２．事実関係 (1)　分別管理を適切に行っていない状況 日本クラウド証券株式会社（以下「当社」という。）は、グリーンシート銘柄（日本証券業協会により創設された、非上場株式等の取引制度に基づく銘柄）の売買等及び募集の取扱いに係る業務（以下、当該行為に係る業務を「第一種業務」という。）並びに匿名組合の出資持分に係る募集の取扱いに係る業務（以下、当該行為に係る業務を「第二種業務」という。）に関し、顧客から金銭の預託を受け（以下、当該金銭を「顧客預り金」という。）、業務システムを使用して両業務に係る顧客預り金の管理を行うとしていた。 しかしながら、当社経営陣は、法令遵守の意識が不十分であったことから、顧客預り金を正確に算定するために必要となる社内規程や業務システムを整備するなどの内部管理態勢を構築しないまま、第一種業務及び第二種業務を運営していた。 このため、当社は、下記ア及びイのとおり、第一種業務及び第二種業務に係る顧客預り金残高を正確に把握できておらず、遅くとも第二種業務を開始した平成25年12月10日から検査基準日（同27年２月24日）までの間、顧客預り金について適切な分別管理ができていない状況を継続させていた。 ア　第一種業務に関し、業務システムへの入力作業において多数の遅延等を発生させているところ、それらの補正を完了させておらず、顧客預り金残高を正確に把握していない。 イ　第二種業務に関し、上記アと同様に業務システムへの入力作業の遅延等に係る補正を完了させていないほか、顧客の出資金を匿名組合の営業者名義の銀行口座に送金するまでの間、当社銀行口座に滞留させている状況にあるにもかかわらず、顧客預り金として管理すべき金額に含めていない。 当社における上記(1)の状況は、金融商品取引法第43条の２第２項に違反するものと認められる。 (2)　顧客に対し必要な情報を適切に通知していないと認められる状況 当社は、第一種業務又は第二種業務において成立した取引について、金銭の受渡年月日等を記載した取引残高報告書を業務システムにより作成し、四半期ごとに顧客に交付している。 しかしながら、当社は、取引量の増加等に伴い業務システムへの取引内容の入力遅延が発生したことにより、平成26年１月から同年９月までの３四半期において、第一種業務及び第二種業務について、金銭の受渡しに係る事項を正確に記載していない取引残高報告書を交付しており、受渡状況等につき不適切な情報を顧客に通知している。 当社における上記(2)の状況は、金融商品取引法第40条第２号に基づく金融商品取引業等に関する内閣府令第123条第１項第８号に掲げる「顧客の有価証券の売買その他の取引等に関し、受渡状況その他の顧客に必要な情報を適切に通知していないと認められる状況」に該当するものと認められる。 （参考条文） ○金融商品取引法（昭和23年法律第25号）（抄） （適合性の原則等） 第四十条　金融商品取引業者等は、業務の運営の状況が次の各号のいずれかに該当することのないように、その業務を行わなければならない。 一　（略） 二　前号に掲げるもののほか、業務に関して取得した顧客に関する情報の適正な取扱いを確保するための措置を講じていないと認められる状況、その他業務の運営の状況が公益に反し、又は投資者の保護に支障を生ずるおそれがあるものとして内閣府令で定める状況にあること。 （分別管理） 第四十三条の二（略） ２　金融商品取引業者等は、次に掲げる金銭又は有価証券について、当該金融商品取引業者等が金融商品取引業（登録金融機関業務を含む。以下この項において同じ。）を廃止した場合その他金融商品取引業を行わないこととなつた場合に顧客に返還すべき額として内閣府令で定めるところにより算定したものに相当する金銭を、自己の固有財産と分別して管理し、内閣府令で定めるところにより、当該金融商品取引業者等が金融商品取引業を廃止した場合その他金融商品取引業を行わないこととなつた場合に顧客に返還すべき額に相当する金銭を管理することを目的として、国内において、信託会社等に信託をしなければならない。 一　（略） 二　対象有価証券関連取引に関し、顧客の計算に属する金銭又は金融商品取引業者等が顧客から預託を受けた金銭（前号に掲げる金銭を除く。） 三　（略） ３　（略） ○　金融商品取引業等に関する内閣府令（平成19年内閣府令第52号）（抄） （業務の運営の状況が公益に反し又は投資者の保護に支障を生ずるおそれがあるもの） 第百二十三条　法第四十条第二号に規定する内閣府令で定める状況は、次に掲げる状況とする。 一～七　（略） 八　顧客の有価証券の売買その他の取引等に関し、受渡状況その他の顧客に必要な情報を適切に通知していないと認められる状況 （以下、略）
2015-06-26,株式会社ベクター,2656,栄電子株式ほか1銘柄に係る相場操縦に対する課徴金納付命令の勧告について（平成27年6月26日）,https://www.fsa.go.jp/sesc/news/c_2015/2015/20150626-2.html,"English version 平成２７年６月２６日 証券取引等監視委員会 栄電子株式ほか1銘柄に係る相場操縦に対する課徴金納付命令の勧告について １．勧告の内容 証券取引等監視委員会は、栄電子株式ほか１銘柄に係る相場操縦について検査した結果、下記のとおり法令違反の事実が認められたので、本日、内閣総理大臣及び金融庁長官に対して、金融庁設置法第２０条第１項の規定に基づき、課徴金納付命令を発出するよう勧告を行った。 ２．法令違反の事実関係 課徴金納付命令対象者は、 (1) 株式会社栄電子の株式につき、同株式の売買を誘引する目的をもって、平成２６年１月９日午前１０時３５分頃から同日午前１０時５５分頃までの間、連続して直前の約定値より高指値の買い注文を発注して株価を引き上げるなどの方法により、自己の計算において、同株式合計１０万２０００株を買い付け、 (2) 株式会社ベクターの株式につき、同株式の売買を誘引する目的をもって、平成２６年１２月１２日午前９時３０分頃から同月１７日午後２時１４分頃までの間、４取引日にわたり、連続して直前の約定値より高指値の買い注文を発注して株価を引き上げるなどの方法により、自己、同族会社及び親族の計算において、同株式合計８万１６００株を買い付ける一方、同株式合計１万３９００株を売り付け、 もって、前記各株式の売買が繁盛であると誤解させ、かつ、前記各株式の相場を変動させるべき一連の売買をしたものである。 課徴金納付命令対象者が行った上記の行為は、金融商品取引法第１７４条の２第１項に規定する「第１５９条第２項第１号の規定に違反する一連の有価証券売買等」に該当すると認められる。 ３．課徴金の額の計算 上記の違法行為に対し金融商品取引法に基づき納付を命じられる課徴金の額は、４６８８万円である。 計算方法の詳細については、別紙のとおり。 （別紙） ○ 課徴金の額の計算方法について １．金融商品取引法第１７４条の２第１項に基づき、課徴金の額は、 (1) 売買対当数量 （注１） に係るものについて、 （有価証券の売付価額）－（有価証券の買付価額） と、 (2) 当該違反行為に係る有価証券の売付数量が買付数量を超える場合の、当該超える数量に係るものについて、 （有価証券の売付価額）－（当該違反行為が終了してから１月を経過するまでの間の当該有価証券の最低価格×当該超える数量） または、 当該違反行為に係る有価証券の買付数量が売付数量を超える場合の、当該超える数量に係るものについて、 （当該違反行為が終了してから１月を経過するまでの間の当該有価証券の最高価格×当該超える数量）－（有価証券の買付価額） との合計額として計算される。 （注１）売買対当数量：当該違反行為に係る有価証券の売付数量と買付数量のうち、いずれか少ない数量をいう。 ２．課徴金納付命令対象者の栄電子株式に係る違反行為について、本件における課徴金の額は、下記(1)及び(2)によりそれぞれ算定される額の合計　41,401,000円 ⇒課徴金の額は、１万円未満を切り捨てるため、 ４１４０万円 (1) 当該違反行為に係る売買対当数量は、当該違反行為に係る有価証券の売付数量が0株であることから、0株である。 よって、当該売買対当数量に係るものについては、0円 (2) 当該違反行為に係る有価証券の買付数量は、実際の買付数量102,000株に、金融商品取引法第１７４条の２第８項及び同法施行令第３３条の１３第１号により、違反行為の開始時にその時における価格（178円）で買付けをしたものとみなされる当該違反行為の開始時に所有している当該有価証券の数量50,000株を加えた152,000株である。 当該超える数量152,000株（152,000株－0株）について、 当該違反行為が終了してから１月を経過するまでの間の当該有価証券の最高価格（462円）に当該超える数量を乗じて得た額 売付価額70,224,000円（462円×152,000株）－ 買付価額28,823,000円（注２） ＝41,401,000円 （注２）買付価額は、 「178円×51,000株＋180円×1,000株＋182円×6,000株＋185円×1,000株 ＋186円×1,000株＋190円×1,000株＋192円×25,000株＋195円×1,000株 ＋197円×5,000株＋198円×8,000株＋199円×52,000株」 の合計額である。 ３．課徴金納付命令対象者のベクター株式に係る違反行為について、本件における課徴金の額は、下記(1)及び(2)によりそれぞれ算定される額の合計　5,480,700円 ⇒課徴金の額は、１万円未満を切り捨てるため、 ５４８万円 (1) 当該違反行為に係る売買対当数量は、 (i) 当該違反行為に係る有価証券の売付数量は、13,900株であり、 (ii) 当該違反行為に係る有価証券の買付数量は、実際の買付け等の数量81,600株に、金融商品取引法第１７４条の２第８項及び同法施行令第３３条の１３第１号により、違反行為の開始時にその時における価格（571円）で買付けをしたものとみなされる当該違反行為の開始時に所有している当該有価証券の数量2,300株を加えた83,900株である ことから、13,900株となる。 当該売買対当数量に係るものについて、 売付価額9,443,400円（注３）－ 買付価額8,231,700円（注４） ＝1,211,700円 （注３）売付価額は、 「625円×200株＋626円×600株＋627円×100株＋647円×1,500株 ＋648円×100株＋650円×400株＋652円×300株＋653円×100株 ＋654円×100株＋657円×200株＋658円×200株＋659円×500株 ＋660円×400株＋662円×700株＋663円×100株＋664円×100株 ＋665円×100株＋666円×800株＋677円×700株＋678円×1,000株 ＋683円×500株＋688円×400株＋715円×3,300株＋719円×1,500株」 の合計額である。 （注４）買付価額は、 「571円×3,000株＋573円×100株＋574円×200株＋575円×600株 ＋581円×100株＋586円×100株＋588円×100株＋589円×200株 ＋592円×200株＋593円×400株＋594円×200株＋595円×200株 ＋596円×300株＋597円×300株＋598円×200株＋599円×200株 ＋600円×4,200株＋603円×600株＋604円×500株＋605円×300株 ＋606円×1,000株＋607円×900株」 の合計額である。 （注５）買付価額の算定においては、金融商品取引法施行令第３３条の１４第５項の規定により、当該違反行為に係る有価証券の買付けのうち最も早い時期に行われたものから順次当該売買対当数量に達するまで割り当てることとなる。 本件においては、違反行為の開始時点において所有しており、金融商品取引法第１７４条の２第８項及び同法施行令第３３条の１３第１号の規定により、違反行為の開始時点にその時における価格（571円）で買い付けたものとみなされるもの（みなし買付け）から割り当てられることとなる。 (2) 上記(1)のとおり、当該違反行為に係る有価証券の買付数量が、売付数量を超えることから、 当該超える数量70,000株（83,900株－13,900株）について、 当該違反行為が終了してから１月を経過するまでの間の当該有価証券の最高価格（710円）に当該超える数量を乗じて得た額 49,700,000円（710円×70,000株）－ 買付価額45,431,000円（注６） ＝4,269,000円 （注６）買付価額は、 「600円×200株＋603円×100株＋604円×200株＋605円×600株 ＋606円×500株＋607円×1,900株＋608円×4,700株＋609円×800株 ＋623円×200株＋625円×100株＋631円×200株＋632円×300株 ＋634円×100株＋637円×200株＋638円×200株＋639円×1,300株 ＋640円×5,700株＋641円×100株＋642円×300株＋643円×700株 ＋644円×3,200株＋645円×5,200株＋646円×1,200株 ＋647円×1,100株＋648円×1,900株＋649円×2,600株 ＋650円×5,800株＋651円×2,500株＋654円×1,800株 ＋655円×3,200株＋656円×500株＋659円×700株＋660円×1,300株 ＋661円×100株＋662円×200株＋663円×500株＋664円×100株 ＋665円×4,100株＋668円×6,200株＋669円×400株＋670円×1,500株 ＋671円×2,700株＋672円×100株＋674円×500株＋675円×100株 ＋676円×100株＋678円×200株＋679円×300株＋680円×1,200株 ＋681円×300株＋682円×300株＋683円×100株＋685円×300株 ＋686円×200株＋688円×500株＋689円×600株」 の合計額である。"
2015-06-30,,,証券取引等監視委員会の活動状況の公表について（平成27年6月30日）,https://www.fsa.go.jp/sesc/reports/n_26/n_26.html,"平成２７年６月３０日 証券取引等監視委員会 証券取引等監視委員会の活動状況の公表について 証券取引等監視委員会（以下｢証券監視委｣という。）は、金融庁設置法第22条の規定に基づき、毎年、活動状況等を公表しています。今回は、その23回目として、平成26年度（平成26年４月１日～同27年３月31日）の「証券取引等監視委員会の活動状況」を公表します。 公表内容の主なポイント 第１章組織 第２章市場分析審査 １．一般投資家等からの情報の受付 ○ 一般投資家からの情報提供を呼びかけるポスター・リーフレットを新たに作成し、全国の自治体や警察等に配布。有用性の高い情報の収集に努めた。 ○ 受付件数5,688件 （内訳） ・個別銘柄に関するもの3,904件 ・発行体に関するもの410件 ・金融商品取引業者の営業姿勢等に関するもの652件 ・その他（無登録業者等）722件 ２．市場動向分析 ○ 発行市場・流通市場全体に目を向けた市場監視を実施 ○ 新たな金融商品等の実態把握 ３．取引審査 ○ 1,084件の取引審査を実施　＊平成25年度は1,043件 （内訳） ・価格形成に関するもの94件 ・内部者取引に関するもの978件 ・その他（偽計等）12件 第３章証券検査 １．検査の実施状況 ○ 全体で266業者〔着手ベース〕の検査を実施 第一種金商業者(77業者)、登録金融機関(1業者)、投資運用業者(15業者)、 第二種金商業者(72業者)、投資助言・代理業者(42業者)、 適格機関投資家等特例業務届出者(31業者)等、多様な業態をカバー （注１）検査対象先が複数の業種の登録を受けている場合は、主たる業種に分類して計上 （注２）検査対象先は、金融商品取引法の施行を含む数次にわたる制度改正により多様化するとともに、対象業者数が大幅に増加し、 全体で延べ約8,000業者 (平成26年度末時点） ○ 検査等の結果、重大な法令違反等が認められた16件について、行政処分を求める勧告を行い、これら事案を含め、法令違反や内部管理態勢等の問題点が認められた105業者に対して、問題点を通知 ２．主な勧告事例 ○ 第一種金融商品取引業者 ・株券に係る市場デリバティブ取引の自己売買に係る売買審査態勢に不備が認められる状況（むさし証券(株)） ○ 第二種金融商品取引業者 ・顧客に対する虚偽告知、無登録業者に対する名義貸し（ジースリー(株)） ○ 投資助言・代理業者 ・無登録で店頭デリバティブ取引の媒介を行っている状況（(株)チャートマスター） ○ 投資運用業者 ・年金基金との投資一任契約における忠実義務違反（ばんせい投信投資顧問(株)） ３．適格機関投資家等特例業務届出者に対する検査結果等の公表 ○ 出資金の流用、顧客に対する虚偽告知等重大な法令違反等が認められた17件の検査等の結果を公表 （注）適格機関投資家等特例業務届出者については、行政処分を行うことができないことを踏まえ、平成24年度から、証券検査の結果、金商法違反行為や投資者保護上問題のある行為が認められた場合に、検査対象先の名称・代表者名・法令違反行為等の公表を行っている。 ４．無登録業者等に対する裁判所への禁止命令等の申立て ○ ６件の申立てを実施 ・無登録金商業（投資一任契約の締結の媒介及びファンド等の私募等の取扱い）の禁止((株)グランター他２名） ・無登録金商業（投資一任契約に基づく運用）の禁止(MASTERS DPB　LIMITED他１名）　等 第４章取引調査 取引調査の結果に基づく勧告状況 ○ 23事案について38件＊の勧告を実施（国際取引等調査に基づく勧告を除く） ＊課徴金勧告対象者ベース （内訳） 相場操縦：７事案７件、内部者取引：16事案31 ○ 平成26年度の内部者取引31件（16事案）のうち公開買付けに係るものが22件（7事案）を占めており、過去2年間の実績（各5件・4事案）と比べ、事案数・件数とも大幅に増加 ○ 主な勧告事例 ・公開買付者との契約締結交渉者の役員からの情報受領者によるトーメンエレクトロニクス株式に係る内部者取引（平成27年３月24日勧告） → 公開買付者の子会社役員が、公開買付けの実施に関する情報をゴルフ仲間に伝達し、その情報をもとに4名が対象銘柄の売買を行った事例 ・大陽日酸株式会社の役員等からの情報受領者による内部者取引（平成27年３月27日勧告） → 公開買付対象者の役職員等が、公開買付けに関する情報を取引先に伝達し、その情報をもとに複数の取引先関係者（個人7名、法人2社）が対象銘柄の売買を行った事例 第５章国際取引等調査 国際取引等調査の結果に基づく勧告状況 ○ クロスボーダー取引を利用した相場操縦等、４件の勧告を実施 ・証券規制当局の多国間情報交換枠組み（ＭＭＯＵ）を積極的に活用し、海外当局を訪問して協議を行うなどの手法を用いながら法執行を実施 ・クロスボーダー取引を利用した高頻度取引（ＨＦＴ）による違反行為について、自主規制機関の協力を得るなどして効果的に摘発 ○ 勧告事例 ・長期国債先物に係る相場操縦（平成26年９月５日勧告） → 発注の一部にアルゴリズム取引による自動発注を利用した相場操縦に対する勧告 ・Areion Asset Management Company Limitedによる相場操縦（平成26年12月５日勧告） → 大引け前30秒間に大量の買い注文を発注した相場操縦に対する勧告 ・むさし証券株式会社による相場操縦（平成26年６月13日勧告） → 市場デリバティブ取引の相場操縦に対する初めての勧告 ・Ｓｅｌｅｃｔ Ｖａｎｔａｇｅ Ｉｎｃ．による相場操縦（平成27年３月６日勧告） → 取引所の昼休み（場間）に取引所とPTSをまたいで行われた相場操縦に対する初めての勧告 第６章開示検査 開示検査の結果に基づく勧告状況 ○ ８件の勧告を実施 ○ 勧告事例 ・売上の過大計上、貸倒引当金繰入額の過少計上、架空資産の計上、仕掛品の過大計上 ・大量保有者の所有株式数や株券等保有割合を適切に記載していなかった事案 → 多岐にわたる虚偽記載の内容について勧告 (注）勧告に至らない場合でも、必要に応じ、自発的な訂正を促している。 第７章犯則事件の調査・告発 告発の状況 ○ ６件の告発を実施　＊平成25年度は３件 （内訳） 内部者取引１件、相場操縦２件、偽計１件、虚偽有価証券報告書提出２件 → 事案の内容に応じて、捜査当局等の関係機関と連携して調査を実施 （株式会社ｆｏｎｆｕｎ株券に係る相場操縦事件、株式会社太陽商会に係る虚偽有価証券報告書提出事件等） 第８章建議 証券監視委の建議に基づいて執られた措置 ○ 適格機関投資家等特例業務に関する特例についての建議（平成26年４月18日建議） ・適格機関投資家等特例業務届出者に対するこれまでの検査を踏まえ、適格機関投資家等特例業務に関する特例について、出資者に係る要件を厳格化する等、一般投資家の被害の発生等を防止するための必要な措置を講ずるよう、建議を実施 → 金融庁は、「金融商品取引法の一部を改正する法律」案を国会に提出し、 同法は平成27年６月３日に公布された。 第９章市場のグローバル化への対応に向けての取り組み １．情報交換枠組みの活用 クロスボーダー取引による違反行為に対し、証券規制当局間の情報交換枠組み等を通じた海外証券規制当局からの情報提供などにより、課徴金納付命令勧告等を実施し、適切に対応 ２．意見交換等 アジアの市場監視当局が実務レベルの諸問題について意見交換を行うアジア太平洋市場監視当局者対話の東京での主催や、海外当局が主催する研修への職員派遣・海外当局職員の証券監視委への受入れ、意見交換の実施等により、海外規制当局との一層の連携強化を図った。 第10章監視活動の機能強化への取組み等 １．市場監視体制の充実・強化 ○ デジタルフォレンジック体制の強化・整備や投資型クラウドファンディングを取扱う業者及び適格機関投資家等特例業者届出者等に対する検査体制の整備について増員要求 → ４人の増員（証券監視委の平成27年度末の定員は410人） ○ 民間専門家の採用：弁護士、公認会計士等（平成26年度末現在、121名在籍） ２．システム・インフラの強化 ○ デジタルフォレンジックの環境整備（機材の整備、研修の充実等） ３．市場参加者との対話、情報発信 ○ 市場参加者に対する講演や意見交換の実施 ○ 各種専門誌への寄稿や証券監視委メールマガジン等を通じた情報発信 ４．関係当局等との連携 ○ 金融庁の関係部局や自主規制機関との緊密な連携のもと、問題意識の共有を図り、総体としての市場監視活動の強化に努めた。 ●「証券取引等監視委員会の活動状況」の本文へ ◎ 本文 （PDF/1,235KB） ◎ 附属資料 （PDF/2,561KB） ◎ 全文一括印刷用 （PDF/3,250KB） ◎ 概要の英語版 （PDF/40KB）"
2015-06-16,株式会社プログレスマインド,,株式会社プログレスマインドに対する検査結果に基づく勧告について（平成27年6月16日）,https://www.fsa.go.jp/sesc/news/c_2015/2015/20150616-1.html,English version 平成27年６月16日 証券取引等監視委員会 株式会社プログレスマインドに対する検査結果に基づく勧告について １．勧告の内容 関東財務局長が株式会社プログレスマインド（東京都千代田区、資本金50万円、常勤役職員11名、投資助言・代理業、適格機関投資家等特例業務）を検査した結果、下記のとおり、当該金融商品取引業者に係る問題が認められたので、本日、証券取引等監視委員会は、内閣総理大臣及び金融庁長官に対して、金融庁設置法第20条第１項の規定に基づき、行政処分を行うよう勧告した。 ２．事実関係 ○当社の業務運営に関し、投資者保護上問題が認められる状況 株式会社プログレスマインド（以下「当社」という。）は、適格機関投資家等特例業務（以下「特例業務」という。）の届出を行い、自らを営業者とする匿名組合（以下「ファンド」という。）の出資持分の自己私募及び自己運用を行っている。 当社が行う業務の運営状況を検証したところ、特例業務について、以下のとおり、投資者保護上問題が認められた。 (1)当社は、ファンド出資金の一部を一時的に会社経費等に流用している。 (2)当社社員が、自らの個人の資金をファンドに入金し、ファンドの収益として経理処理することにより、事実と異なる財務諸表を作成し、顧客に対して運用報告を行った。 (3)当社は、ファンド出資金を、外国会社の優先株式等に投資したとしているが、当該外国会社が行う事業等について事前調査した際、わずかな資料を入手したのみで投資しており、また、投資後についても当該外国会社が行う事業の収益状況等を確認したことを推認させる関連書類等も存在していない。 また、当社は、ファンド出資金を他社名義の複数の証券口座を借り受け、外国為替証拠金取引により運用を行っていたとしているが、これを確認できる資料は保存していない。 このほか、当社は、社内規程の整備やコンプライアンス全般に係る業務を代表取締役社長が行うこととしているが、コンプライアンスに関するマニュアル等の整備が不十分なほか、社員等に対する研修等を実施した記録も確認できないなど、当社の内部管理態勢は、ほとんど構築されていない状況であった。 以上のとおり、当社の業務運営は杜撰であり、投資者保護上問題があると認められる。このような当社の状況は、金融商品取引法第51条に規定する「業務の運営に関し、公益又は投資者保護のため必要かつ適当であると認めるとき」に該当するものと認められる。 （参考条文） ○金融商品取引法（昭和23年法律第25号）（抄） （金融商品取引業者に対する業務改善命令） 第五十一条　内閣総理大臣は、金融商品取引業者の業務の運営又は財産の状況に関し、公益又は投資者保護のため必要かつ適当であると認めるときは、その必要の限度において、当該金融商品取引業者に対し、業務の方法の変更その他業務の運営又は財産の状況の改善に必要な措置をとるべきことを命ずることができる。
2015-06-19,株式会社極楽湯,2340,株式会社極楽湯との契約締結交渉者の役員による内部者取引に対する課徴金納付命令の勧告について（平成27年6月19日）,https://www.fsa.go.jp/sesc/news/c_2015/2015/20150619-1.html,"English version 平成２７年６月１９日 証券取引等監視委員会 株式会社極楽湯との契約締結交渉者の役員による内部者取引に対する課徴金納付命令の勧告について １．勧告の内容 証券取引等監視委員会は、株式会社極楽湯との契約締結交渉者の役員による内部者取引について検査した結果、下記のとおり法令違反の事実が認められたので、本日、内閣総理大臣及び金融庁長官に対して、金融庁設置法第２０条第１項の規定に基づき、課徴金納付命令を発出するよう勧告を行った。 ２．法令違反の事実関係 課徴金納付命令対象者は、株式会社極楽湯（以下「極楽湯」という。）との契約の締結の交渉に関し、極楽湯の業務執行を決定する機関が業務上の提携を行うことについての決定をした旨の重要事実を知りながら、当該重要事実が公表された平成２６年５月２７日午後３時零分頃より前の同年４月１５日から同年５月２７日午後２時７分頃までの間、自己の計算において、極楽湯株式合計１万７５００株を買付価額合計７１８万０２００円で買い付けたものである。 課徴金納付命令対象者が行った上記の行為は、金融商品取引法第１７５条第１項に規定する「第１６６条第１項又は第３項の規定に違反して、同条第１項に規定する売買等をした」行為に該当すると認められる。 ３．課徴金の額の計算 上記の違法行為について金融商品取引法に基づき算定される課徴金の額は、９２万円である。 計算方法の詳細については、別紙のとおり。 ４．その他 本件については、台湾金融監督管理委員会（Financial Supervisory Commission）より支援がなされている。 （別紙） ○ 課徴金の額の計算方法について 金融商品取引法第１７５条第１項の規定により、当該違反行為に係る課徴金の額は、 （重要事実の公表後２週間における最も高い価格）×（買付け等の数量） －（買付け等をした価格）×（買付け等の数量） となる。 重要事実の公表後２週間における株式会社極楽湯株式の最も高い価格は４６３円であることから、 （４６３円×１７，５００株）－買付価額７，１８０，２００円 （注） ＝９２２，３００円 ⇒金融商品取引法第１７６条第２項の規定により、課徴金の額は、１万円未満の端数を切り捨てた ９２万円 となる。 （注）買付価額の内訳は、 「406円×1,200株＋407円×1,100株＋408円×2,300株＋409円×700株＋410円×5,800株＋411円×500株＋412円×3,200株＋413円×700株＋414円×400株＋415円×1,600株」 である。"
2015-06-15,石山Gateway Holdings株式会社,,石山Gateway Holdings株式会社に係る偽計事件の告発について（平成27年6月15日）,https://www.fsa.go.jp/sesc/news/c_2015/2015/20150615-1.html,English version 平成２７年６月１５日 証券取引等監視委員会 石山Gateway Holdings株式会社に係る偽計事件の告発について 証券取引等監視委員会は、本日、金融商品取引法違反（偽計）の嫌疑で、下記の嫌疑法人及び嫌疑者を東京地方検察庁検察官に告発した。 １．告発の対象となった犯則事実 犯則嫌疑法人石山Ｇａｔｅｗａｙ Ｈｏｌｄｉｎｇｓ株式会社（以下「犯則嫌疑法人」という。）は、その発行する株券を株式会社東京証券取引所が運営するジャスダック市場に上場しているもの、犯則嫌疑者Aは、犯則嫌疑法人の代表取締役社長として同社の業務全般を統括していたもの、犯則嫌疑者Bは、同社の常務取締役及び同社の連結子会社の代表取締役社長として犯則嫌疑法人及び前記連結子会社の業務全般を統括していたものであるが、犯則嫌疑者両名は、虚偽の内容を含む公表を行って、犯則嫌疑法人の株価の上昇維持を図った上で、自己らが保有する同社の株券を売却して利益を得ようと考え、共謀の上、同社の業務及び財産に関し、同社の株券の売買のため及びその株価を上昇維持させる目的をもって、真実は、同社及び同社の連結子会社が国内事業会社にバイオディーゼル発電機の販売設置をした事実はなく、これによる売上及び利益の増加見込みがないにもかかわらず、平成２５年１１月１日、株式会社東京証券取引所が提供する適時開示情報伝達システムであるＴＤｎｅｔを介し、当初予想では見込んでいなかったバイオディーゼル発電機の販売設置等により、平成２６年６月期第２四半期におよそ９億円、通期合計１５億５０００万円程度の売上が計上される見込みであることなどから、売上高、営業利益、経常利益及び当期純利益の拡大が見込めるため、平成２６年６月期第２四半期累計期間の連結業績予想につき、売上高を２２億８５００万円、営業利益を３億３７００万円、経常利益を３億２１００万円、四半期純利益を３億４００万円に、同期通期の連結業績予想につき、売上高を４５億８８００万円、営業利益を４億８２００万円、経常利益を４億４９００万円、当期純利益を４億２０００万円に、それぞれ上方修正する旨の虚偽の内容を含む「業績予想の修正に関するお知らせ」を公表し、もって有価証券の取引のため及び有価証券の相場の変動を図る目的をもって偽計を用いたものである。 ２．関連条文 金融商品取引法第197条第1項第5号、第158条、第207条第1項第1号、刑法第60条 法定刑：法人につき　7億円以下の罰金 個人につき　10年以下の懲役若しくは1000万円以下の罰金又は併科
2015-06-09,株式会社タップジャパン,,株式会社タップジャパンに対する検査結果に基づく勧告について（平成27年6月9日）,https://www.fsa.go.jp/sesc/news/c_2015/2015/20150609-1.html,"English version 平成27年６月９日 証券取引等監視委員会 株式会社タップジャパンに対する検査結果に基づく勧告について １．勧告の内容 関東財務局長が株式会社タップジャパン（東京都足立区、資本金3,360万円、常勤役職員２名、投資助言・代理業、適格機関投資家等特例業務）を検査した結果、下記のとおり、当該金融商品取引業者に係る問題が認められたので、本日、証券取引等監視委員会は、内閣総理大臣及び金融庁長官に対して、金融庁設置法第20条第１項の規定に基づき、行政処分を行うよう勧告した。 ２．事実関係 ○業務運営に関し、投資者保護上問題が認められる状況 株式会社タップジャパン（以下「当社」という。）は、適格機関投資家等特例業務として、自らを営業者とする匿名組合（以下「本件ファンド」という。）の出資持分の取得勧誘及び自己運用を行い、平成23年11月から同27年１月までの間に、23名の顧客から総額約1,800万円の出資を受けている。 (1)出資金の流用等 当社の代表取締役は、当社の業務に影響を持っている実父に要請されるまま、平成24年６月から同26年５月までの間、多数回にわたって、本件ファンドの出資金から総額約1,000万円を、利息や返済期限すら定めないまま実父への貸付金に流用した。 また、当社は、平成24年６月以降は、上記のとおり出資金を流用しながら、本件ファンドの出資持分の取得勧誘を継続していた。 さらに、当社は、検査基準日（平成27年１月14日）現在においても、上記流用資金のうち約500万円を本件ファンドに返還しておらず、その目処も立っていない状況である。 (2)不適切な配当金の支払い 本件ファンドの配当については、匿名組合契約上、顧客の出資口数に応じてなされるとされている。 しかしながら、当社は、平成24年３月以降に行った本件ファンドの配当において、一部の顧客に対しては過大に支払い、一部の顧客に対しては支払わないなど、契約条件を無視した不公平な配当を行っていた。 (3)運用状況等の未報告 当社は、匿名組合契約上、本件ファンドの運用及び財務状況に関する書類を作成し顧客に交付するとしていたにもかかわらず、本件ファンドの運用開始（平成23年12月）以降、これらの書類の作成及び交付を一度も行っていない。 以上のとおり、当社の業務運営は杜撰であり、投資者保護上問題が認められる。このような当社の状況は、金融商品取引法第51条に規定する「業務の運営に関し、公益又は投資者保護のため必要かつ適当であると認めるとき」に該当するものと認められる。 （参考条文） ○金融商品取引法（昭和23年法律第25号）（抄） （金融商品取引業者に対する業務改善命令） 第五十一条　内閣総理大臣は、金融商品取引業者の業務の運営又は財産の状況に関し、公益又は投資者保護のため必要かつ適当であると認めるときは、その必要の限度において、当該金融商品取引業者に対し、業務の方法の変更その他業務の運営又は財産の状況の改善に必要な措置をとるべきことを命ずることができる。"
2015-06-19,株式会社アゴーラ・ホスピタリティー・グループ,,株式会社アゴーラ・ホスピタリティー・グループに係る有価証券報告書等の虚偽記載に係る課徴金納付命令勧告について（平成27年6月19日）,https://www.fsa.go.jp/sesc/news/c_2015/2015/20150619-2.html,"English version 平成27年６月19日 証券取引等監視委員会 株式会社アゴーラ・ホスピタリティー・グループに係る有価証券報告書等の虚偽記載に係る課徴金納付命令勧告について １．勧告の内容 証券取引等監視委員会は、株式会社アゴーラ・ホスピタリティー・グループに係る有価証券報告書等の虚偽記載について検査した結果、以下のとおり法令違反の事実が認められたので、本日、内閣総理大臣及び金融庁長官に対して、金融庁設置法第20条第１項の規定に基づき、課徴金納付命令を発出するよう勧告を行った。 ２．法令違反の事実関係 (1) 継続開示書類 株式会社アゴーラ・ホスピタリティー・グループ（以下「当社」という。）は、海外の霊園事業を取得するに当たり、当該霊園事業に係る資産を適切に時価評価せず、たな卸資産（開発事業等支出金）を過大に計上するなどした。 この結果、当社は、関東財務局長に対し、 別紙１ のとおり、金融商品取引法第172条の４第１項及び第２項に規定する「重要な事項につき虚偽の記載がある」以下の有価証券報告書等を提出したものである。 平成22年６月第２四半期四半期報告書（平成22年８月13日提出） 平成22年９月第３四半期四半期報告書（平成22年11月15日提出） 平成22年12月期有価証券報告書（平成23年３月30日提出） 平成23年３月第１四半期四半期報告書（平成23年５月16日提出） 平成23年６月第２四半期四半期報告書（平成23年８月15日提出） 平成23年９月第３四半期四半期報告書（平成23年11月14日提出） 平成23年12月期有価証券報告書（平成24年３月30日提出） 平成24年３月第１四半期四半期報告書（平成24年５月14日提出） 平成24年６月第２四半期四半期報告書（平成24年８月14日提出） 平成24年９月第３四半期四半期報告書（平成24年11月14日提出） 平成24年12月期有価証券報告書（平成25年３月29日提出） 平成25年３月第１四半期四半期報告書（平成25年５月15日提出） 平成25年６月第２四半期四半期報告書（平成25年８月14日提出） 平成25年９月第３四半期四半期報告書（平成25年11月14日提出） 平成25年12月期有価証券報告書（平成26年３月28日提出） 平成26年３月第１四半期四半期報告書（平成26年５月15日提出） 平成26年６月第２四半期四半期報告書（平成26年８月14日提出） 平成26年９月第３四半期四半期報告書（平成26年11月14日提出） (2) 発行開示書類 当社は、関東財務局長に対し、以下のとおり、金融商品取引法第172条の２第１項第１号に規定する「重要な事項につき虚偽の記載がある」発行開示書類を提出し、当該発行開示書類に基づく募集により有価証券を取得させたものである。 ア 平成22年12月13日、重要な事項につき虚偽の記載がある平成22年９月第３四半期四半期報告書（ 別紙１参照 ）を組込情報とする有価証券届出書（株式）を提出し、同有価証券届出書に基づく募集により、同年12月29日、30,000,000株の株式を780,000,000円で取得させた。 イ 平成23年７月20日、重要な事項につき虚偽の記載がある平成22年12月期有価証券報告書及び平成23年３月第１四半期四半期報告書（ 別紙１参照 ）を組込情報とする有価証券届出書（株式）を提出し、同有価証券届出書に基づく募集により、同年８月５日、54,691,248株の株式を1,421,972,448円で取得させた。 ウ 平成24年５月14日、重要な事項につき虚偽の記載がある平成23年12月期有価証券報告書及び平成24年３月第１四半期四半期報告書（ 別紙１参照 ）を組込情報とする有価証券届出書（新株予約権証券）を提出し、同有価証券届出書に基づく募集により、同年５月30日、7,855個の新株予約権証券を196,375,000円（新株予約権の行使に際して払い込むべき金額を含む。）で取得させた。 ３．課徴金の額の計算 上記の違法行為について金融商品取引法に基づき算定される課徴金の額は、１億3,791万円である。（計算方法については 別紙２ のとおり。） （別紙１）株式会社アゴーラ・ホスピタリティー・グループの有価証券報告書等の虚偽記載内容 番号 開示書類 虚偽記載 提出日 書類 会計期間 財務計算に 関する書類 内容（注） 事由 １ 平成22年 ８月13日 第73期事業年度第２四半期連結会計期間に係る四半期報告書（平成22年６月第２四半期四半期報告書） 平成22年４月１日～平成22年６月30日の第２四半期連結会計期間 四半期連結 貸借対照表 連結純資産額が7,111百万円であるところを12,910百万円と記載 ・開発事業等支出金の過大計上 等 ２ 平成22年 11月15日 第73期事業年度第３四半期連結会計期間に係る四半期報告書（平成22年９月第３四半期四半期報告書） 平成22年７月１日～平成22年９月30日の第３四半期連結会計期間 四半期連結 貸借対照表 連結純資産額が6,776百万円であるところを12,440百万円と記載 ・開発事業等支出金の過大計上 等 ３ 平成23年 ３月30日 第73期事業年度連結会計期間に係る有価証券報告書（平成22年12月期有価証券報告書） 平成22年１月１日～平成22年12月31日の連結会計期間 連結 貸借対照表 連結純資産額が7,454百万円であるところを12,912百万円と記載 ・開発事業等支出金の過大計上 等 ４ 平成23年 ５月16日 第74期事業年度第１四半期連結会計期間に係る四半期報告書（平成23年３月第１四半期四半期報告書） 平成23年１月１日～平成23年３月31日の第１四半期連結会計期間 四半期連結 貸借対照表 連結純資産額が7,409百万円であるところを13,164百万円と記載 ・開発事業等支出金の過大計上 等 ５ 平成23年 ８月15日 第74期事業年度第２四半期連結会計期間に係る四半期報告書（平成23年６月第２四半期四半期報告書） 平成23年４月１日～平成23年６月30日の第２四半期連結会計期間 四半期連結 貸借対照表 連結純資産額が7,375百万円であるところを12,921百万円と記載 ・開発事業等支出金の過大計上 等 ６ 平成23年 11月14日 第74期事業年度第３四半期連結会計期間に係る四半期報告書（平成23年９月第３四半期四半期報告書） 平成23年７月１日～平成23年９月30日の第３四半期連結会計期間 四半期連結 貸借対照表 連結純資産額が8,574百万円であるところを13,359百万円と記載 ・開発事業等支出金の過大計上 等 ７ 平成24年 ３月30日 第74期事業年度連結会計期間に係る有価証券報告書（平成23年12月期有価証券報告書） 平成23年１月１日～平成23年12月31日の連結会計期間 連結 貸借対照表 連結純資産額が8,557百万円であるところを13,486百万円と記載 ・開発事業等支出金の過大計上 等 ８ 平成24年 ５月14日 第75期事業年度第１四半期連結会計期間に係る四半期報告書（平成24年３月第１四半期四半期報告書） 平成24年１月１日～平成24年３月31日の第１四半期連結会計期間 四半期連結 貸借対照表 連結純資産額が8,554百万円であるところを14,144百万円と記載 ・開発事業等支出金の過大計上 等 ９ 平成24年 ８月14日 第75期事業年度第２四半期連結会計期間に係る四半期報告書（平成24年６月第２四半期四半期報告書） 平成24年４月１日～平成24年６月30日の第２四半期連結会計期間 四半期連結 貸借対照表 連結純資産額が8,374百万円であるところを13,448百万円と記載 ・開発事業等支出金の過大計上 等 10 平成24年 11月14日 第75期事業年度第３四半期連結会計期間に係る四半期報告書（平成24年９月第３四半期四半期報告書） 平成24年７月１日～平成24年９月30日の第３四半期連結会計期間 四半期連結 貸借対照表 連結純資産額が8,272百万円であるところを13,478百万円と記載 ・開発事業等支出金の過大計上 等 11 平成25年 ３月29日 第75期事業年度連結会計期間に係る有価証券報告書（平成24年12月期有価証券報告書） 平成24年１月１日～平成24年12月31日の連結会計期間 連結 貸借対照表 連結純資産額が8,080百万円であるところを11,849百万円と記載 ・開発事業等支出金の過大計上 等 12 平成25年 ５月15日 第76期事業年度第１四半期連結会計期間に係る四半期報告書（平成25年３月第１四半期四半期報告書） 平成25年１月１日～平成25年３月31日の第１四半期連結会計期間 四半期連結 貸借対照表 連結純資産額が8,084百万円であるところを12,263百万円と記載 ・開発事業等支出金の過大計上 等 13 平成25年 ８月14日 第76期事業年度第２四半期連結会計期間に係る四半期報告書（平成25年６月第２四半期四半期報告書） 平成25年４月１日～平成25年６月30日の第２四半期連結会計期間 四半期連結 貸借対照表 連結純資産額が7,988百万円であるところを12,270百万円と記載 ・開発事業等支出金の過大計上 等 14 平成25年 11月14日 第76期事業年度第３四半期連結会計期間に係る四半期報告書（平成25年９月第３四半期四半期報告書） 平成25年７月１日～平成25年９月30日の第３四半期連結会計期間 四半期連結 貸借対照表 連結純資産額が7,882百万円であるところを11,987百万円と記載 ・開発事業等支出金の過大計上 等 15 平成26年 ３月28日 第76期事業年度連結会計期間に係る有価証券報告書（平成25年12月期有価証券報告書） 平成25年１月１日～平成25年12月31日の連結会計期間 連結 貸借対照表 連結純資産額が7,795百万円であるところを12,288百万円と記載 ・開発事業等支出金の過大計上 等 16 平成26年 ５月15日 第77期事業年度第１四半期連結会計期間に係る四半期報告書（平成26年３月第１四半期四半期報告書） 平成26年１月１日～平成26年３月31日の第１四半期連結会計期間 四半期連結 貸借対照表 連結純資産額が7,640百万円であるところを12,055百万円と記載 ・開発事業等支出金の過大計上 等 17 平成26年 ８月14日 第77期事業年度第２四半期連結会計期間に係る四半期報告書（平成26年６月第２四半期四半期報告書） 平成26年４月１日～平成26年６月30日の第２四半期連結会計期間 四半期連結 貸借対照表 連結純資産額が7,583百万円であるところを12,003百万円と記載 ・開発事業等支出金の過大計上 等 18 平成26年 11月14日 第77期事業年度第３四半期連結会計期間に係る四半期報告書（平成26年９月第３四半期四半期報告書） 平成26年７月１日～平成26年９月30日の第３四半期連結会計期間 四半期連結 貸借対照表 連結純資産額が7,960百万円であるところを12,703百万円と記載 ・開発事業等支出金の過大計上 等 （注）金額は百万円未満切捨てである。 （別紙２）課徴金の計算方法 (1) 金融商品取引法第172条の４第１項及び第２項の規定により、平成22年６月第２四半期四半期報告書、平成22年９月第３四半期四半期報告書、及び平成22年12月期有価証券報告書に係る課徴金について、個別決定ごとの算出額は、 ア 当該法人が発行する算定基準有価証券の市場価額の総額に10万分の６を乗じて得た額 （平成22年６月第２四半期四半期報告書 352,409円 平成22年９月第３四半期四半期報告書 297,374円 平成22年12月期有価証券報告書 302,492円） が イ 6,000,000円 を超えないことから、 平成22年６月第２四半期四半期報告書については、6,000,000円の２分の１に相当する額である3,000,000円 平成22年９月第３四半期四半期報告書については、6,000,000円の２分の１に相当する額である3,000,000円 平成22年12月期有価証券報告書については、6,000,000円 となる。 ここで、これらの書類が同一の事業年度に係るものであることから、金融商品取引法第185条の７第６項の規定により、下記のとおり600万円を個別決定ごとの算出額に応じて按分した金額が課徴金の額となる。 平成22年６月第２四半期四半期報告書に係る課徴金の額は 1,500,000円 平成22年９月第３四半期四半期報告書に係る課徴金の額は 1,500,000円 平成22年12月期有価証券報告書に係る課徴金の額は 3,000,000円 (2) 金融商品取引法第172条の４第１項及び第２項の規定により、平成23年３月第１四半期四半期報告書、平成23年６月第２四半期四半期報告書、平成23年９月第３四半期四半期報告書及び平成23年12月期有価証券報告書に係る課徴金について、個別決定ごとの算出額は、 ア 当該法人が発行する算定基準有価証券の市場価額の総額に10万分の６を乗じて得た額 （平成23年３月第１四半期四半期報告書 308,304円 平成23年６月第２四半期四半期報告書 284,257円 平成23年９月第３四半期四半期報告書 347,898円 平成23年12月期有価証券報告書 316,856円） が イ 6,000,000円 を超えないことから、 平成23年３月第１四半期四半期報告書については、6,000,000円の２分の１に相当する額である3,000,000円 平成23年６月第２四半期四半期報告書については、6,000,000円の２分の１に相当する額である3,000,000円 平成23年９月第３四半期四半期報告書については、6,000,000円の２分の１に相当する額である3,000,000円 平成23年12月期有価証券報告書については、6,000,000円 となる。 ここで、これらの書類が同一の事業年度に係るものであることから、金融商品取引法第185条の７第６項の規定により、下記のとおり600万円を個別決定ごとの算出額に応じて按分した金額が課徴金の額となる。 平成23年３月第１四半期四半期報告書に係る課徴金の額は 1,200,000円 平成23年６月第２四半期四半期報告書に係る課徴金の額は 1,200,000円 平成23年９月第３四半期四半期報告書に係る課徴金の額は 1,200,000円 平成23年12月期有価証券報告書に係る課徴金の額は 2,400,000円 (3) 金融商品取引法第172条の４第１項及び第２項の規定により、平成24年３月第１四半期四半期報告書、平成24年６月第２四半期四半期報告書、平成24年９月第３四半期四半期報告書及び平成24年12月期有価証券報告書に係る課徴金について、個別決定ごとの算出額は、 ア 当該法人が発行する算定基準有価証券の市場価額の総額に10万分の６を乗じて得た額 （平成24年３月第１四半期四半期報告書 355,530円 平成24年６月第２四半期四半期報告書 354,726円 平成24年９月第３四半期四半期報告書 318,285円 平成24年12月期有価証券報告書 331,378円） が イ 6,000,000円 を超えないことから、 平成24年３月第１四半期四半期報告書については、6,000,000円の２分の１に相当する額である3,000,000円 平成24年６月第２四半期四半期報告書については、6,000,000円の２分の１に相当する額である3,000,000円 平成24年９月第３四半期四半期報告書については、6,000,000円の２分の１に相当する額である3,000,000円 平成24年12月期有価証券報告書については、6,000,000円 となる。 ここで、これらの書類が同一の事業年度に係るものであることから、金融商品取引法第185条の７第６項の規定により、下記のとおり600万円を個別決定ごとの算出額に応じて按分した金額が課徴金の額となる。 平成24年３月第１四半期四半期報告書に係る課徴金の額は 1,200,000円 平成24年６月第２四半期四半期報告書に係る課徴金の額は 1,200,000円 平成24年９月第３四半期四半期報告書に係る課徴金の額は 1,200,000円 平成24年12月期有価証券報告書に係る課徴金の額は 2,400,000円 (4) 金融商品取引法第172条の４第１項及び第２項の規定により、平成25年３月第１四半期四半期報告書、平成25年６月第２四半期四半期報告書、平成25年９月第３四半期四半期報告書及び平成25年12月期有価証券報告書に係る課徴金について、個別決定ごとの算出額は、 ア 当該法人が発行する算定基準有価証券の市場価額の総額に10万分の６を乗じて得た額 （平成25年３月第１四半期四半期報告書 518,038円 平成25年６月第２四半期四半期報告書 790,214円 平成25年９月第３四半期四半期報告書 725,398円 平成25年12月期有価証券報告書 733,850円） が イ 6,000,000円 を超えないことから、 平成25年３月第１四半期四半期報告書については、6,000,000円の２分の１に相当する額である3,000,000円 平成25年６月第２四半期四半期報告書については、6,000,000円の２分の１に相当する額である3,000,000円 平成25年９月第３四半期四半期報告書については、6,000,000円の２分の１に相当する額である3,000,000円 平成25年12月期有価証券報告書については、6,000,000円 となる。 ここで、これらの書類が同一の事業年度に係るものであることから、金融商品取引法第185条の７第６項の規定により、下記のとおり600万円を個別決定ごとの算出額に応じて按分した金額が課徴金の額となる。 平成25年３月第１四半期四半期報告書に係る課徴金の額は 1,200,000円 平成25年６月第２四半期四半期報告書に係る課徴金の額は 1,200,000円 平成25年９月第３四半期四半期報告書に係る課徴金の額は 1,200,000円 平成25年12月期有価証券報告書に係る課徴金の額は 2,400,000円 (5) 金融商品取引法第172条の４第２項の規定により、平成26年３月第１四半期四半期報告書、平成26年６月第２四半期四半期報告書及び平成26年９月第３四半期四半期報告書に係る課徴金について、個別決定ごとの算出額は、 ア 当該法人が発行する算定基準有価証券の市場価額の総額に10万分の６を乗じて得た額 （平成26年３月第１四半期四半期報告書 796,120円 平成26年６月第２四半期四半期報告書 732,694円 平成26年９月第３四半期四半期報告書 775,281円） が イ 6,000,000円 を超えないことから、 平成26年３月第１四半期四半期報告書については、6,000,000円の２分の１に相当する額である3,000,000円 平成26年６月第２四半期四半期報告書については、6,000,000円の２分の１に相当する額である3,000,000円 平成26年９月第３四半期四半期報告書については、6,000,000円の２分の１に相当する額である3,000,000円 となる。 ここで、これらの書類が同一の事業年度に係るものであることから、金融商品取引法第185条の７第６項の規定により、下記のとおり600万円を個別決定ごとの算出額に応じて按分した金額が課徴金の額となる。 平成26年３月第１四半期四半期報告書に係る課徴金の額は 2,000,000円 平成26年６月第２四半期四半期報告書に係る課徴金の額は 2,000,000円 平成26年９月第３四半期四半期報告書に係る課徴金の額は 2,000,000円 (6) 金融商品取引法第172条の２第１項第１号の規定により、重要な事項につき虚偽の記載がある発行開示書類に基づく募集により取得させた株券等の発行価額の総額の100分の4.5に相当する額が課徴金の額となることから、 ア 平成22年12月13日提出の有価証券届出書（株式）に係る課徴金の額は、 780,000,000円×4.5／100＝35,100,000円 イ 平成23年７月20日提出の有価証券届出書（株式）に係る課徴金の額は、 1,421,972,448円×4.5／100＝63,988,760円 について、金融商品取引法第176条第２項の規定により１万円未満の端数を切り捨てて、63,980,000円 ウ 平成24年５月14日提出の有価証券届出書（新株予約権証券）に係る課徴金の額は、 196,375,000円×4.5／100＝8,836,875円 について、金融商品取引法第176条第２項の規定により１万円未満の端数を切り捨てて、8,830,000円 となる。"
2015-06-05,株式会社アライドインベストメント,,株式会社アライドインベストメントに対する検査結果について（平成27年6月5日）,https://www.fsa.go.jp/sesc/news/c_2015/2015/20150605-1.html,English version 平成27年６月５日 証券取引等監視委員会 株式会社アライドインベストメントに対する検査結果について 関東財務局長が上記適格機関投資家等特例業務届出者を検査した結果、問題が認められた（詳細は、関東財務局ウェブサイトを参照してください。）。 「株式会社アライドインベストメントに対する検査結果について」（関東財務局ウェブサイト）
2015-05-29,株式会社フィスコ,3807,株式会社フィスコ役員からの情報受領者による同社株式ほか１銘柄に係る内部者取引に対する課徴金納付命令の勧告について（平成27年5月29日）,https://www.fsa.go.jp/sesc/news/c_2015/2015/20150529-1.html,"English version 平成２７年５月２９日 証券取引等監視委員会 株式会社フィスコ役員からの情報受領者による同社株式ほか１銘柄に係る内部者取引に対する課徴金納付命令の勧告について １．勧告の内容 証券取引等監視委員会は、株式会社フィスコ役員からの情報受領者による同社株式ほか１銘柄に係る内部者取引について検査した結果、下記のとおり法令違反の事実が認められたので、本日、内閣総理大臣及び金融庁長官に対して、金融庁設置法第２０条第１項の規定に基づき、課徴金納付命令を発出するよう勧告を行った。 ２．法令違反の事実関係 課徴金納付命令対象者は、株式会社ネクス（現株式会社ネクスグループ。以下、「ネクス」という。）の親会社である株式会社フィスコ（以下「フィスコ」という。）の役員から、同人がその職務に関し知った、(ア)ネクスの属する企業集団の平成２６年１１月期の業績予想における売上高について、平成２６年２月１４日に公表がされた直近の予想値に比較して、同社が新たに算出した同会計期間の予想値において投資者の投資判断に重要な影響を及ぼす差異が生じた旨の重要事実、(イ)フィスコの属する企業集団の平成２６年１２月期の業績予想における売上高について、平成２６年２月１４日に公表がされた直近の予想値に比較して、同社が新たに算出した同会計期間の予想値において投資者の投資判断に重要な影響を及ぼす差異が生じた旨の重要事実のいずれも伝達を受けながら、 (1) ネクスにおいて新たに算出した平成２６年１１月期の予想値が売上高６４億７３００万円として公表がされた平成２６年１０月１０日より前の同年９月２５日、自己の計算において、ネクス株式合計４０００株を売付価額合計２８１万７３００円で売り付け (2) フィスコにおいて新たに算出した平成２６年１２月期の予想値が売上高８５億３９００万円として公表がされた平成２６年１０月１０日より前の同年９月２５日、自己の計算において、フィスコ株式合計７０００株を売付価額合計２８７万７９００円で売り付け たものである。 課徴金納付命令対象者が行った上記の行為は、金融商品取引法第１７５条第１項に規定する「第１６６条第１項又は第３項の規定に違反して、同条第１項に規定する売買等をした」行為に該当すると認められる。 ３．課徴金の額の計算 上記の違法行為に対し、金融商品取引法に基づき納付を命じられる課徴金の額は、２２５万円である。 計算方法の詳細については、別紙のとおり。 （別紙） ○ 課徴金の額の計算方法について 金融商品取引法第１７５条第１項に基づき、課徴金の額は、 （売付価格）×（売付株数） －（重要事実が公表された後２週間における最も低い価格）×（売付株数） となる。 したがって、重要事実の公表後２週間におけるネクスの最も低い株価は、３８３円であり、フィスコの最も低い株価は、２７２円であることから、課徴金の額は下記の金額となる。 ネクス株式の売付けに係る課徴金の額 売付価額２，８１７，３００円 （注１） － （３８３円×４，０００株） ＝１，２８５，３００円 ⇒課徴金の額は１万円未満を切り捨てるため、 １２８万円 （注１）売付価額は、「701円×200株＋702円×1,300株＋703円×700株＋705円×400株＋706円×400株 ＋708円×1,000株」の合計額である。 フィスコ株式の売付けに係る課徴金の額 売付価額２，８７７，９００円 （注２） － （２７２円×７，０００株） ＝９７３，９００円 ⇒課徴金の額は１万円未満を切り捨てるため、 ９７万円 （注２）売付価額は、「411円×6,100株＋412円×900株」の合計額である。"
2015-06-02,株式会社ジアース株券,,株式会社ジアース株券に係る内部者取引事件の告発について（平成27年6月2日）,https://www.fsa.go.jp/sesc/news/c_2015/2015/20150602-1.html,English version 平成２７年６月２日 証券取引等監視委員会 株式会社ジアース株券に係る内部者取引事件の告発について 証券取引等監視委員会は、本日、金融商品取引法違反（インサイダー取引）の嫌疑で、嫌疑者１名を千葉地方検察庁に告発した。告発の対象となった犯則事実については下記のとおり。 １．告発の対象となった犯則事実 犯則嫌疑者は、株式会社東京証券取引所（以下「東京証券取引所」という。）が開設するマザーズ市場に株券を上場していた株式会社ジアース（以下「ジアース」という。）との間で、同社が発行していた新株予約権の行使方法などを定める総数引受契約を締結していた会社関係者から、同人が同契約の履行に関して知った、ジアースの業務執行を決定する機関が、株式会社ドン・キホーテないしその子会社を割当先とする第三者割当増資を行うことについての決定をした旨のジアースの業務等に関する重要事実の伝達を受け、法定の除外事由がないのに、同事実の公表前である平成２５年１月２８日から同年３月１日までの間、複数の証券会社を介し、東京証券取引所において、犯則嫌疑者らの名義で、ジアースの株券合計３万１１１０株を代金合計７４１８万１４８２円で買い付けたものである。 ２．関連条文 金融商品取引法第197条の2第13号、第166条第3項、同条第1項第4号、同条第2項1号イ 法定刑：5年以下の懲役若しくは500万円以下の罰金又は併科
2015-05-29,株式会社エナリス,,株式会社エナリス役員からの情報受領者による内部者取引に対する課徴金納付命令の勧告について（平成27年5月29日）,https://www.fsa.go.jp/sesc/news/c_2015/2015/20150529-2.html,"English version 平成２７年５月２９日 証券取引等監視委員会 株式会社エナリス役員からの情報受領者による内部者取引に対する課徴金納付命令の勧告について １．勧告の内容 証券取引等監視委員会は、株式会社エナリス役員からの情報受領者による内部者取引について検査した結果、下記のとおり法令違反の事実が認められたので、本日、内閣総理大臣及び金融庁長官に対して、金融庁設置法第２０条第１項の規定に基づき、課徴金納付命令を発出するよう勧告を行った。 ２．法令違反の事実関係 課徴金納付命令対象者は、株式会社エナリス（以下「エナリス」という。）の役員から、同人がその職務に関し知った、同社の属する企業集団の平成２６年１２月期の売上高及び経常利益について、平成２６年２月１０日に公表された直近の予想値に比較して、同社が新たに算出した予想値において投資者の投資判断に及ぼす影響が重要なものとなる差異が生じた旨の重要事実の伝達を受けながら、新たに算出した予想値が売上高４３４億３３００万円及び経常利益２２億４００万円として公表がされた平成２６年２月２４日午後３時頃より前の同日午前１０時５３分頃から同日午後２時５７分頃までの間、自己の計算において、エナリス株式合計４６００株を買付価額合計６９５万８１００円で買い付けたものである。 課徴金納付命令対象者が行った上記の行為は、金融商品取引法第１７５条第１項に規定する「第１６６条第１項又は第３項の規定に違反して、同条第１項に規定する売買等をした」行為に該当すると認められる。 ３．課徴金の額の計算 上記の違法行為に対し、金融商品取引法に基づき納付を命じられる課徴金の額は、２５７万円である。 計算方法の詳細については、別紙のとおり。 （別紙） ○ 課徴金の額の計算方法について 金融商品取引法第１７５条第１項に基づき、課徴金の額は、 （重要事実が公表された後２週間における最も高い価格）×（買付株数） －（買付価格）×（買付株数） となる。 したがって、重要事実の公表後２週間におけるエナリスの最も高い株価は、２，０７３円であることから、課徴金の額は下記の金額となる。 （２，０７３円×４，６００株） － 買付価額６，９５８，１００円 （注） ＝２，５７７，７００円 ⇒課徴金の額は１万円未満を切り捨てるため、 ２５７万円 （注）買付価額は、 「1,500円×1,000株＋1,511円×100株＋1,512円×900株＋1,516円×600株＋1,517円×500株＋1,518円×800株＋1,519円×300株＋1,520円×400株」 の合計額である。"
2015-05-22,ェリータ及び株式会社,,株式会社日本ヴェリータ及び株式会社ギフタージャパン並びにその役員１名の金融商品取引法違反行為に係る裁判所の禁止及び停止命令の発令について（平成27年5月22日）,https://www.fsa.go.jp/sesc/news/c_2015/2015/20150522-2.html,English version 平成２７年５月２２日 証券取引等監視委員会 株式会社日本ヴェリータ及び株式会社ギフタージャパン並びにその役員１名の金融商品取引法違反行為に係る裁判所の禁止及び停止命令の発令について 証券取引等監視委員会が、平成２７年３月２０日に行った、株式会社日本ヴェリータ（東京都中央区、資本金１０００万円、役職員９名、適格機関投資家等特例業務届出者、金融商品取引業の登録等はない。以下「ヴェリータ社」という。）及び株式会社ギフタージャパン（東京都中央区、資本金１０００万円、役職員７名、適格機関投資家等特例業務届出者。以下「ギフター社」という。）並びにヴェリータ社代表取締役かつギフター社関係者A（以下「A社長」という。）に対する金融商品取引法違反行為（ヴェリータ社及びA社長につき、無登録で、金商法第２条第２項第５号又は第６号に掲げる権利の募集又は私募を業として行うこと、ギフター社及びA社長につき、金商法第６３条第１項第１号に掲げる私募に係る業務を行うに当たり、金融商品取引契約の締結又はその勧誘に関して、顧客に対し虚偽のことを告げる行為を行うこと）の禁止及び停止を命ずるよう求める申立てについて、本日、東京地方裁判所より、申立ての内容どおり、下記の命令が下された。 記 １　被申立人株式会社日本ヴェリータ及び被申立人Aは、いずれも、金融商品取引法２９条所定の登録（ただし、業務の種別を第二種金融商品取引業とするもの）その他同法所定の適式の登録を受けずに、同法２条２項５号又は６号に掲げる権利について、募集又は私募（ただし、同法６３条１項１号に掲げる行為を除く。）を業として行ってはならない。 ２　被申立人株式会社ギフタージャパン及び被申立人Aは、いずれも、金融商品取引法６３条１項１号に掲げる私募に係る業務を行うに当たり、金融商品取引契約の締結又はその勧誘に関して、顧客に対し虚偽のことを告げる行為を行ってはならない。 （参考） 株式会社日本ヴェリータ及び株式会社ギフタージャパン並びにその役員１名の金融商品取引法違反行為に係る裁判所への申立てについて
2015-05-15,株式会社ファミリー,,株式会社ファミリーに対する検査結果について（平成27年5月15日）,https://www.fsa.go.jp/sesc/news/c_2015/2015/20150515-2.html,English version 平成27年５月15日 証券取引等監視委員会 株式会社ファミリーに対する検査結果について 関東財務局長が上記適格機関投資家等特例業務届出者を検査した結果、問題が認められた（詳細は、関東財務局ウェブサイトを参照してください。）。 「株式会社ファミリーに対する検査結果について」（関東財務局ウェブサイト）
2015-04-24,株式会社瀬戸内ファンド,,株式会社瀬戸内ファンドに対する検査結果について（平成27年4月24日）,https://www.fsa.go.jp/sesc/news/c_2015/2015/20150424-1.html,English version 平成27年４月24日 証券取引等監視委員会 株式会社瀬戸内ファンドに対する検査結果について 四国財務局長が上記適格機関投資家等特例業務届出者を検査した結果、問題が認められた（詳細は、四国財務局ウェブサイトを参照してください。）。 「株式会社瀬戸内ファンドに対する検査結果について」（四国財務局ウェブサイト）
2015-04-21,,,「金融商品取引業者等検査マニュアル」等の一部改正（案）に対するパブリックコメントの結果等について（平成27年4月21日）,https://www.fsa.go.jp/sesc/news/c_2015/2015/20150421-1.html,平成２７年４月２１日 証券取引等監視委員会 「金融商品取引業者等検査マニュアル」等の一部改正（案）に対するパブリックコメントの結果等について 証券取引等監視委員会では、「金融商品取引業者等検査マニュアル」等の一部改正（案）につきまして、平成27年２月13日（金）から同年３月16日（月）までの間、広く意見募集を行いました。 その結果、３の団体及び個人から４件のコメントをいただきました。意見募集に御協力いただきありがとうございました。 お寄せいただいたコメントの概要及びコメントに対する考え方は、 別紙１ のとおりです。 平成27年４月22日付で、改正後の「金融商品取引業者等検査マニュアル」等（ 別紙２及び３ ）を発出し、同日以降、検査に活用することとします。 お問い合わせ先 Tel　03-3506-6000（代表） 証券取引等監視委員会事務局証券検査課（内線： 3039、3924） （別紙１） コメントの概要及びコメントに対する考え方（PDF:60KB） （別紙２） 「金融商品取引業者等検査マニュアル」の一部改正（新旧対照表）（PDF:282KB） （別紙３） 「信用格付業者検査マニュアル」の一部改正（新旧対照表）（PDF:26KB）
2015-05-22,株式会社即一丸ホールディングス,,株式会社即一丸ホールディングスに対する検査結果について（平成27年5月22日）,https://www.fsa.go.jp/sesc/news/c_2015/2015/20150522-1.html,English version 平成27年５月22日 証券取引等監視委員会 株式会社即一丸ホールディングスに対する検査結果について 関東財務局長が上記適格機関投資家等特例業務届出者を検査した結果、問題が認められた（詳細は、関東財務局ウェブサイトを参照してください。）。 「株式会社即一丸ホールディングスに対する検査結果について」（関東財務局ウェブサイト）
2015-05-15,カブドットコム証券株式会社,,カブドットコム証券株式会社に対する検査結果に基づく勧告について（平成27年5月15日）,https://www.fsa.go.jp/sesc/news/c_2015/2015/20150515-1.html,English version 平成27年５月15日 証券取引等監視委員会 カブドットコム証券株式会社に対する検査結果に基づく勧告について １．勧告の内容 証券取引等監視委員会がカブドットコム証券株式会社（東京都千代田区、資本金71.96億円、常勤役職員107名、第一種金融商品取引業、第二種金融商品取引業）を検査した結果、下記のとおり、当該金融商品取引業者に係る問題が認められたので、本日、証券取引等監視委員会は、内閣総理大臣及び金融庁長官に対して、金融庁設置法第20条第１項の規定に基づき、行政処分を行うよう勧告した。 ２．事実関係 ○　システム管理が十分でない状況 (1)　システム障害の管理が極めて不適切な状況 カブドットコム証券株式会社（以下「当社」という。）のシステム障害の管理の状況を検証したところ、 ア　発生日時や事象の異なる複数のシステム障害が１件にまとめられ、実際に発生したシステム障害件数よりも大幅に少ない件数が執行役等に報告されており、執行役等もこれを容認していること イ　顧客影響数について必要な確認が行われていないこと ウ　システム障害の状況等の確認、原因究明、再発防止策等の検討及び執行役等への報告が、社内規程で定められた期限よりも大幅に遅れて行われていること など、システム障害の件数、顧客影響数及び原因分析や、改善・再発防止などの実施状況を正確に把握できない状況となっている。 さらに、 エ　金融庁長官に報告されるべき多くのシステム障害が報告されていないこと オ　システム障害が発生し顧客に影響を及ぼしているにもかかわらず、適時に顧客に告知していない事例が認められること から、当社のシステム障害の管理は極めて不適切な状況にあるものと認められた。 (2)　システム開発の管理の不備 当社は、 ア　システム開発における品質管理を定めたガイドラインにおいて、基本的なテスト項目に漏れがあることから、開発工程におけるプログラム不具合等をテストで検出できておらず、品質管理が不十分なものとなっており、開発後に顧客に影響を及ぼす多数のシステム障害が発生していること イ　システム開発の進捗管理が社内規程で定められたとおりに実施されておらず、また、執行役等には、システム開発の作業内容の報告しか行われず、進捗や遅延の状況を正しく管理、把握できるものとなっていないこと から、当社のシステム開発の管理には不備が認められた。 (3)　内部監査が機能していない状況 システムの実務運営上の問題を検出するだけの知識を有する監査要員が不足しており、また、実際にはシステム開発における品質管理や進捗管理に係る検証を実施していないにもかかわらず、これらについて概ね問題ないことを確認した旨を取締役会等に報告していた。 当社における上記の業務運営の状況は、金融商品取引法第40条第２号に基づく金融商品取引業等に関する内閣府令第123条第１項第14号に掲げる「金融商品取引業等に係る電子情報処理組織の管理が十分でないと認められる状況」に該当するものと認められる。 （参考条文） ○金融商品取引法（昭和23年法律第25号）（抄） （適合性の原則等） 第四十条　金融商品取引業者等は、業務の運営の状況が次の各号のいずれかに該当することのないように、その業務を行わなければならない。 一　（略） 二　前号に掲げるもののほか、業務に関して取得した顧客に関する情報の適正な取扱いを確保するための措置を講じていないと認められる状況、その他業務の運営の状況が公益に反し、又は投資者の保護に支障を生ずるおそれがあるものとして内閣府令で定める状況にあること。 ○金融商品取引業等に関する内閣府令（平成19年内閣府令第52号）（抄） （業務の運営の状況が公益に反し又は投資者の保護に支障を生ずるおそれがあるもの） 第百二十三条　法第四十条第二号に規定する内閣府令で定める状況は、次に掲げる状況とする。 一～十三の二　（略） 十四　金融商品取引業等に係る電子情報処理組織の管理が十分でないと認められる状況 （以下、略）
2015-04-03,,,「証券検査に関する基本指針」の一部改正について（平成27年4月3日）,https://www.fsa.go.jp/sesc/news/c_2015/2015/20150403-1.html,平成２７年４月３日 証券取引等監視委員会 「証券検査に関する基本指針」の一部改正について １． 証券取引等監視委員会では、透明性の高い効率的かつ効果的な検査を実施するとの観点から、検査の手続等を記載した「証券検査に関する基本指針」（以下「基本指針」という。）を策定し、公表しているところです。 ２． 今般、平成27年度証券検査基本方針の策定に伴い、別紙のとおり、所要の改正を行いました。 ３． 改正後の基本指針は、本日から適用します。 お問い合わせ先 Tel　03-3506-6000（代表） 証券取引等監視委員会事務局証券検査課（内線：3039、3924） （別紙）証券検査に関する基本指針（新旧対照表） (PDF/44KB)
2015-04-03,,,平成27年度証券検査基本方針及び証券検査基本計画について（平成27年4月3日）,https://www.fsa.go.jp/sesc/news/c_2015/2015/20150403-2.html,平成27年４月３日 証券取引等監視委員会 平成27年度証券検査基本方針及び証券検査基本計画について 証券取引等監視委員会では、「平成27年度証券検査基本方針及び証券検査基本計画」を別紙のとおり策定しましたので公表いたします。 お問い合わせ先 証券取引等監視委員会　Tel　03-3506-6000（代表） 事務局証券検査課（内線：3044、3049、3925） （別紙）平成27年度証券検査基本方針及び証券検査基本計画 (PDF/141KB)
2015-03-27,株式会社三菱ケミカルホールディングス,,株式会社三菱ケミカルホールディングスとの契約締結交渉者の役員からの情報受領者による内部者取引に対する課徴金納付命令の勧告について（平成27年3月27日）,https://www.fsa.go.jp/sesc/news/c_2015/2015/20150327-2.html,"平成２７年３月２７日 証券取引等監視委員会 株式会社三菱ケミカルホールディングスとの契約締結交渉者の役員からの情報受領者による内部者取引に対する課徴金納付命令の勧告について １．勧告の内容 証券取引等監視委員会は、株式会社三菱ケミカルホールディングスとの契約締結交渉者の役員からの情報受領者による内部者取引について検査した結果、下記のとおり法令違反の事実が認められたので、本日、内閣総理大臣及び金融庁長官に対して、金融庁設置法第２０条第１項の規定に基づき、課徴金納付命令を発出するよう勧告を行った。 ２．法令違反の事実関係 課徴金納付命令対象者（法人）は、同社役員において、大陽日酸株式会社（以下「大陽日酸」という。）の役員から、株式会社三菱ケミカルホールディングス（以下「三菱ケミカルホールディングス」という。）の業務執行を決定する機関が、大陽日酸の発行済株式を取得して子会社化することについての決定をした旨の重要事実の伝達を受けながら、この事実が公表された平成２６年５月１３日午後３時より前の同日午後２時２６分頃、自己の計算において、三菱ケミカルホールディングス株式合計２万株を買付価額合計８３０万円で買い付けたものである。 上記重要事実は、三菱ケミカルホールディングスと公開買付けの基本的内容に関する契約の締結交渉をしていた大陽日酸の役員が同契約の交渉に関し知り、その後、上記の大陽日酸の役員がその職務に関し知ったものである。 課徴金納付命令対象者が行った上記の行為は、金融商品取引法第１７５条第１項に規定する「第１６６条第１項又は第３項の規定に違反して、同条第１項に規定する売買等をした」行為に該当すると認められる。 ３．課徴金の額の計算 上記の違法行為に対し、金融商品取引法に基づき納付を命じられる課徴金の額は、２４万円である。 計算方法の詳細については、別紙のとおり。 （別紙） ○ 課徴金の額の計算方法について 金融商品取引法第１７５条第１項に基づき、課徴金の額は、 （重要事実が公表された後２週間における最も高い価格）×（買付株数） －（買付価格）×（買付株数） となる。 したがって、重要事実の公表後２週間における三菱ケミカルホールディングスの最も高い株価は、４２７円であることから、課徴金の額は下記の金額となる。 （４２７円×２０，０００株） － 買付価額８，３００，０００円 （注） ＝２４０，０００円 ⇒課徴金の額は、 ２４万円 （注）買付価額は、「415円×20,000株」の額である。"
2015-04-17,株式会社トラスト,1326,トラスト株式に係る相場操縦に対する課徴金納付命令の勧告について（平成27年4月17日）,https://www.fsa.go.jp/sesc/news/c_2015/2015/20150417-1.html,"English version 平成２７年４月１７日 証券取引等監視委員会 トラスト株式に係る相場操縦に対する課徴金納付命令の勧告について １．勧告の内容 証券取引等監視委員会は、トラスト株式に係る相場操縦について検査した結果、下記のとおり法令違反の事実が認められたので、本日、内閣総理大臣及び金融庁長官に対して、金融庁設置法第２０条第１項の規定に基づき、課徴金納付命令を発出するよう勧告を行った。 ２．法令違反の事実関係 課徴金納付命令対象者は、株式会社トラストの株式につき、同株式の売買を誘引する目的をもって、平成２５年１２月１２日午後０時５２分頃から平成２６年１月２４日午後１時１９分頃までの間、２６取引日にわたり、直前の約定値より高指値の売り注文と買い注文を対当させて株価を引き上げるなどの方法により、同株式合計２７万４６００株を買い付ける一方、同株式合計２４万３２００株を売り付け、もって、自己の計算において、同株式の売買が繁盛であると誤解させ、かつ、同株式の相場を変動させるべき一連の売買をしたものである。 課徴金納付命令対象者が行った上記の行為は、金融商品取引法第１７４条の２第１項に規定する「第１５９条第２項第１号の規定に違反する一連の有価証券売買等」に該当すると認められる。 ３．課徴金の額の計算 上記の違法行為に対し金融商品取引法に基づき納付を命じられる課徴金の額は、１７０万円である。 計算方法の詳細については、別紙のとおり。 （別紙） ○ 課徴金の額の計算方法について １．金融商品取引法第１７４条の２第１項に基づき、課徴金の額は、 (1) 売買対当数量 （注１） に係るものについて、 （有価証券の売付価額）－（有価証券の買付価額） と、 (2) 当該違反行為に係る有価証券の売付数量が買付数量を超える場合の、当該超える数量に係るものについて、 （有価証券の売付価額）－（当該違反行為が終了してから１月を経過するまでの間の当該有価証券の最低価格×当該超える数量） または、 当該違反行為に係る有価証券の買付数量が売付数量を超える場合の、当該超える数量に係るものについて、 （当該違反行為が終了してから１月を経過するまでの間の当該有価証券の最高価格×当該超える数量）－（有価証券の買付価額） との合計額として計算される。 （注１）売買対当数量：当該違反行為に係る有価証券の売付数量と買付数量のうち、いずれか少ない数量をいう。 ２．課徴金納付命令対象者の違反行為について、本件における課徴金の額は、下記(1)及び(2)によりそれぞれ算定される額の合計　1,709,500円 ⇒課徴金の額は、１万円未満を切り捨てるため、 １７０万円 (1) 当該違反行為に係る売買対当数量は、 (ｉ) 当該違反行為に係る有価証券の売付数量は、243,200株であり、 (ii) 当該違反行為に係る有価証券の買付数量は、実際の買付け等の数量274,600株に、金融商品取引法第１７４条の２第８項及び同法施行令第３３条の１３第１号により、違反行為の開始時にその時における価格（284円）で買付けをしたものとみなされる当該違反行為の開始時に所有している当該有価証券の数量7,500株を加えた282,100株である ことから、243,200株となる。 当該売買対当数量に係るものについて、 売付価額78,024,300円 （注２） － 買付価額76,488,400円 （注３） ＝1,535,900円 （注２）売付価額は、 「284円×300株＋286円×500株＋287円×900株 ＋288円×1,000株＋289円×1,700株＋290円×2,100株＋291円×1,500株 ＋292円×2,400株＋293円×3,300株＋294円×5,100株＋295円×2,800株 ＋296円×1,100株＋297円×800株＋299円×2,500株＋300円×1,800株 ＋301円×1,900株＋302円×4,600株＋303円×2,300株＋304円×400株 ＋305円×2,400株＋306円×2,300株＋307円×900株＋308円×3,800株 ＋309円×5,600株＋310円×5,100株＋311円×2,000株＋312円×7,500株 ＋313円×4,100株＋314円×11,400株＋315円×5,200株＋316円×8,400株 ＋317円×3,200株＋318円×11,400株＋319円×13,300株＋320円×6,100株 ＋321円×3,800株＋322円×6,100株＋323円×2,100株＋324円×7,800株 ＋325円×6,000株＋326円×900株＋327円×5,300株＋331円×2,100株 ＋332円×7,100株＋333円×10,600株＋334円×11,500株＋335円×2,400株 ＋336円×5,600株＋337円×3,000株＋338円×1,000株＋339円×2,300株 ＋340円×5,600株＋341円×1,200株＋342円×9,700株＋343円×500株 ＋344円×5,600株＋345円×600株＋346円×6,700株＋347円×4,000株 ＋349円×1,000株＋350円×1,000株」 の合計額である。 （注３）買付価額は、 「281円×300株＋284円×8,100株＋285円×700株＋286円×2,000株 ＋287円×1,600株＋288円×2,000株＋289円×2,400株＋290円×1,200株 ＋291円×2,100株＋292円×3,000株＋293円×500株＋294円×5,300株 ＋295円×2,200株＋296円×500株＋297円×600株＋299円×3,400株 ＋300円×1,800株＋301円×1,500株＋302円×3,100株＋303円×2,000株 ＋304円×2,000株＋305円×3,900株＋306円×4,100株＋307円×2,200株 ＋308円×7,000株＋309円×6,300株＋310円×8,600株＋311円×3,800株 ＋312円×10,100株＋313円×8,800株＋314円×11,900株＋315円×9,900株 ＋316円×9,300株＋317円×6,600株＋318円×12,300株＋319円×8,700株 ＋320円×2,600株＋321円×4,900株＋322円×7,500株＋323円×3,000株 ＋324円×8,600株＋325円×8,300株＋326円×1,600株＋327円×4,500株 ＋328円×100株＋329円×3,000株＋330円×1,500株＋331円×3,400株 ＋332円×7,200株＋333円×10,500株＋334円×10,100株＋335円×2,300株 ＋336円×4,300株」 の合計額である。 （注４）買付価額の算定においては、金融商品取引法施行令第３３条の１４第５項の規定により、当該違反行為に係る有価証券の買付けのうち最も早い時期に行われたものから順次当該売買対当数量に達するまで割り当てることとなる。 本件においては、違反行為の開始時点において所有しており、金融商品取引法第１７４条の２第８項及び同法施行令第３３条の１３第１号の規定により、違反行為の開始時点にその時における価格（284円）で買い付けたものとみなされるもの（みなし買付け）から割り当てられることとなる。 (2) 上記(1)のとおり、当該違反行為に係る有価証券の買付数量が、売付数量を超えることから、 当該超える数量38,900株（282,100株－243,200株）について、 当該違反行為が終了してから１月を経過するまでの間の当該有価証券の最高価格（348円）に当該超える数量を乗じて得た額 13,537,200円（348円×38,900株）－ 買付価額13,363,600円 （注５） ＝173,600円 （注５）買付価額は、 「335円×500株＋336円×200株＋337円×3,000株＋338円×1,300株 ＋339円×2,000株＋340円×1,200株＋341円×200株＋342円×6,900株 ＋343円×1,500株＋344円×6,100株＋345円×500株＋346円×8,100株 ＋347円×4,800株＋348円×100株＋349円×1,100株＋351円×600株 ＋352円×800株」 の合計額である。"
2015-03-27,大陽日酸株式会社,,大陽日酸株式会社の役員等からの情報受領者らによる内部者取引に対する課徴金納付命令の勧告について（平成27年3月27日）,https://www.fsa.go.jp/sesc/news/c_2015/2015/20150327-3.html,"平成２７年３月２７日 証券取引等監視委員会 大陽日酸株式会社の役員等からの情報受領者らによる内部者取引に対する課徴金納付命令の勧告について １．勧告の内容 証券取引等監視委員会は、大陽日酸株式会社の役員等からの情報受領者らによる内部者取引について検査した結果、下記のとおり法令違反の事実が認められたので、本日、内閣総理大臣及び金融庁長官に対して、金融庁設置法第２０条第１項の規定に基づき、課徴金納付命令を発出するよう勧告を行った。 ２．法令違反の事実関係 課徴金納付命令対象者（１）ないし（８）は、大陽日酸株式会社（以下「大陽日酸」という。）の役員または社員から、株式会社三菱ケミカルホールディングス（以下「三菱ケミカルホールディングス」という。）の業務執行を決定する機関が大陽日酸株式の公開買付けを行うことについての決定をした旨の公開買付けの実施に関する事実の伝達を受けながら、この事実が公表された平成２６年５月１３日午後３時より前に、下記のとおり、大陽日酸株式を買い付けたものである。 課徴金納付命令対象者（９）は、大陽日酸の取引先の社員であるが、同社の役員が大陽日酸の社員から職務上伝達を受けた、三菱ケミカルホールディングスの業務執行を決定する機関が大陽日酸株式の公開買付けを行うことについての決定をした旨の公開買付けの実施に関する事実を、その職務に関し知りながら、この事実が公表された平成２６年５月１３日午後３時より前に、下記のとおり、大陽日酸株式を買い付けたものである。 上記公開買付けの実施に関する事実は、三菱ケミカルホールディングスの役員から、大陽日酸の役員がその職務に関し伝達を受け、その後、上記の大陽日酸の役員及び社員がその職務に関し知ったものである。 ○ 課徴金納付命令対象者（１） 課徴金納付命令対象者（１）は、平成２６年５月９日、自己の計算において、大陽日酸株式合計４万株を買付価額合計３１６４万４０００円で買い付けたものである。 ○ 課徴金納付命令対象者（２） 課徴金納付命令対象者（２）は、平成２６年５月９日、自己の計算において、大陽日酸株式合計３０００株を買付価額合計２３６万円で買い付けたものである。 ○ 課徴金納付命令対象者（３） 課徴金納付命令対象者（３）は、平成２６年５月８日、自己の計算において、大陽日酸株式合計２万５０００株を買付価額合計１９７９万１０００円で買い付けたものである。 ○ 課徴金納付命令対象者（４） 課徴金納付命令対象者（４）（法人）は、平成２６年５月１３日午後２時７分頃及び同日２時８分頃、自己の計算において、大陽日酸株式合計２万株を買付価額合計１７８０万円で買い付けたものである。 ○ 課徴金納付命令対象者（５） 課徴金納付命令対象者（５）は、平成２６年５月１３日午前１０時１３分頃、自己の計算において、大陽日酸株式合計１万株を買付価額合計８９７万円で買い付けたものである。 ○ 課徴金納付命令対象者（６） 課徴金納付命令対象者（６）は、平成２６年５月８日、自己の計算において、大陽日酸株式合計１万３０００株を買付価額合計１０２９万６０００円で買い付けたものである。 ○ 課徴金納付命令対象者（７） 課徴金納付命令対象者（７）（法人）は、平成２６年５月８日、自己の計算において、大陽日酸株式合計５万株を買付価額合計３９６０万円で買い付けたものである。 ○ 課徴金納付命令対象者（８） 課徴金納付命令対象者（８）は、平成２６年５月８日及び同年５月９日、自己の計算において、大陽日酸株式合計１万４０００株を買付価額合計１１０５万４０００円で買い付けたものである。 ○ 課徴金納付命令対象者（９） 課徴金納付命令対象者（９）は、平成２６年５月９日、自己の計算において、大陽日酸株式合計４０００株を買付価額合計３１２万４０００円で買い付けたものである。 課徴金納付命令対象者（１）ないし（９）が行った上記の行為は、金融商品取引法第１７５条第２項に規定する「第１６７条第１項又は第３項の規定に違反して、同条第１項に規定する売買等をした」行為に該当すると認められる。 ３．課徴金の額の計算 上記の違法行為に対し、金融商品取引法に基づき納付を命じられる課徴金の額は、以下のとおりである。 課徴金納付命令対象者（１） ５０３万円 課徴金納付命令対象者（２） ３９万円 課徴金納付命令対象者（３） ３１３万円 課徴金納付命令対象者（４） ５４万円 課徴金納付命令対象者（５） ２０万円 課徴金納付命令対象者（６） １６２万円 課徴金納付命令対象者（７） ６２５万円 課徴金納付命令対象者（８） １７８万円 課徴金納付命令対象者（９） ５４万円 計算方法の詳細については、別紙のとおり。 （別紙） ○ 課徴金の額の計算方法について 金融商品取引法第１７５条第２項に基づき、課徴金の額は、 （公開買付け等の実施に関する事実が公表された後２週間における最も高い価格）×（買付株数） －（買付価格）×（買付株数） となる。 したがって、公開買付け等の実施に関する事実の公表後２週間における大陽日酸の最も高い株価は、９１７円であることから、課徴金の額は下記の金額となる。 課徴金納付命令対象者（１） （９１７円×４０，０００株） － 買付価額３１，６４４，０００円 （注） ＝５，０３６，０００円 ⇒課徴金の額は１万円未満を切り捨てるため、 ５０３万円 （注）買付価額は、「790円×12,000株＋791円×12,000株＋792円×16,000株」の合計額である。 課徴金納付命令対象者（２） （９１７円×３，０００株） － 買付価額２，３６０，０００円 （注） ＝３９１，０００円 ⇒課徴金の額は１万円未満を切り捨てるため、 ３９万円 （注）買付価額は、「786円×1,000株＋787円×2,000株」の合計額である。 課徴金納付命令対象者（３） （９１７円×２５，０００株） － 買付価額１９，７９１，０００円 （注） ＝３，１３４，０００円 ⇒課徴金の額は１万円未満を切り捨てるため、 ３１３万円 （注）買付価額は、「791円×9,000株＋792円×16,000株」の合計額である。 課徴金納付命令対象者（４） （９１７円×２０，０００株） － 買付価額１７，８００，０００円 （注） ＝５４０，０００円 ⇒課徴金の額は、 ５４万円 （注）買付価額は、「890円×20,000株」の額である。 課徴金納付命令対象者（５） （９１７円×１０，０００株） － 買付価額８，９７０，０００円 （注） ＝２００，０００円 ⇒課徴金の額は、 ２０万円 （注）買付価額は、「897円×10,000株」の額である。 課徴金納付命令対象者（６） （９１７円×１３，０００株） － 買付価額１０，２９６，０００円 （注） ＝１，６２５，０００円 ⇒課徴金の額は１万円未満を切り捨てるため、 １６２万円 （注）買付価額は、「792円×13,000株」の額である。 課徴金納付命令対象者（７） （９１７円×５０，０００株） － 買付価額３９，６００，０００円 （注） ＝６，２５０，０００円 ⇒課徴金の額は、 ６２５万円 （注）買付価額は、「792円×50,000株」の額である。 課徴金納付命令対象者（８） （９１７円×１４，０００株） － 買付価額１１，０５４，０００円 （注） ＝１，７８４，０００円 ⇒課徴金の額は１万円未満を切り捨てるため、 １７８万円 （注）買付価額は、「789円×10,000株＋791円×4,000株」の額である。 課徴金納付命令対象者（９） （９１７円×４，０００株） － 買付価額３，１２４，０００円 （注） ＝５４４，０００円 ⇒課徴金の額は１万円未満を切り捨てるため、 ５４万円 （注）買付価額は、「781円×4,000株」の額である。"
2015-03-24,株式会社トーメンエレクトロニクス株券,,株式会社トーメンエレクトロニクス株券に係る内部者取引事件の告発について（平成27年3月24日）,https://www.fsa.go.jp/sesc/news/c_2015/2015/20150324-2.html,平成２７年３月２４日 証券取引等監視委員会 株式会社トーメンエレクトロニクス株券に係る内部者取引事件の告発について 証券取引等監視委員会は、本日、金融商品取引法違反（インサイダー取引）の嫌疑で、嫌疑者２名を東京地方検察庁に告発した。告発の対象となった犯則事実については下記のとおり。 １．告発の対象となった犯則事実 犯則嫌疑者Aは、平成２５年１１月１２日頃、豊田通商株式会社（以下「豊田通商」という。）との間で、株式会社東京証券取引所が開設する有価証券市場に株券を上場していた株式会社トーメンエレクトロニクス（以下「トーメンエレクトロニクス」という。）の株式譲渡契約締結の交渉を行っていた会社の役員から、当該株式譲渡契約締結の交渉に関して知った、豊田通商の業務執行を決定する機関がトーメンエレクトロニクスの株券の公開買付けを行うことについての決定をした旨の公開買付けの実施に関する事実の伝達を受けたもの、犯則嫌疑者Bは、その知人であるが、犯則嫌疑者両名は、共謀の上、法定の除外事由がないのに、前記事実の公表前である同月１９日、犯則嫌疑者B名義でトーメンエレクトロニクス株券合計３万株を代金合計３５３４万円で買い付けたものである。 ２．関連条文 金融商品取引法第197条の2第13号、第167条第3項、同条第1項第4号、刑法第60条 法定刑：5年以下の懲役若しくは500万円以下の罰金又は併科
2015-03-26,,,「金融商品取引業者等検査マニュアル」の一部改正（案）に対するパブリックコメントの結果等について（平成27年3月26日）,https://www.fsa.go.jp/sesc/news/c_2015/2015/20150326-1.html,平成２７年３月２６日 証券取引等監視委員会 「金融商品取引業者等検査マニュアル」の一部改正（案）に対するパブリックコメントの結果等について 証券取引等監視委員会では、「金融商品取引業者等検査マニュアル」の一部改正（案）につきまして、平成27年２月６日（金）から同年３月９日（月）までの間、広く意見募集を行いました。 その結果、特段の意見はございませんでした。 本日付で、改正後の「金融商品取引業者等検査マニュアル」（ 別紙 ）を発出し、平成27年３月31日以降、検査に活用することとします。 お問い合わせ先 Tel　03-3506-6000（代表） 証券取引等監視委員会事務局証券検査課（内線： 3039、3924） （別紙） 「金融商品取引業者等検査マニュアル」の一部改正（新旧対照表）（PDF:76KB）
2015-03-20,株式会社,1301,株式会社日本ヴェリタスに対する検査結果について（平成27年3月20日）,https://www.fsa.go.jp/sesc/news/c_2015/2015/20150320-2.html,平成２７年３月20日 証券取引等監視委員会 株式会社日本ヴェリタスに対する検査結果について １．検査結果 証券取引等監視委員会が、株式会社日本ヴェリタス（東京都中央区、資本金３０００万円、役職員１名、適格機関投資家等特例業務届出者。以下「当社」という。）を検査した結果、下記のとおり、当該適格機関投資家等特例業務届出者等に係る問題が認められたので、本日、証券取引等監視委員会は、金融庁長官に対して、適切な措置を講じるための情報提供を行った。 ２．事実関係 当社及び当社の業務の実質的管理者であるA（以下「A社長」という。）は、平成２３年１月頃から同２６年７月頃までの間、適格機関投資家等特例業務として、自らを営業者とする３つの名称の匿名組合契約（以下、同契約の個別の名称にかかわらず「ファンド」という。）に基づく権利の取得勧誘を行い、延べ２３３名から約５億円の出資を受けている。 なお、当社の各ファンドに出資した顧客の多くは、関連会社である株式会社ギフタージャパン（東京都中央区、適格機関投資家等特例業務届出者）が組成したファンドに移管されている。 今回検査において、当社のファンド業務の運営状況等を検証したところ、以下の問題点が認められた。 ○出資金の杜撰な管理等 A社長は、当社で一般投資家から集めた出資金を、株式会社ＪＢＳホールディングス（東京都中央区）に集約した上で、各ファンドでは顧客の配当を賄えるだけの運用益が出ていないにもかかわらず、出資金を原資として、分配上限額相当額（出資金額の１％相当額）を長期間顧客に支払い、また、残りの大部分を当社及び関連会社の役職員の給与等の経費の支払いやA社長への貸付けに充てるなど、出資金を極めて杜撰に管理している。 また、当社は、顧客に対し、実際の運用率を上回る虚偽の運用率を記載した分配金支払通知書を交付している。 当社における上記状況は、投資者保護上重大な問題があると認められる。
2015-03-24,豊田通商株式会社,8015,公開買付者との契約締結交渉者の役員からの情報受領者によるトーメンエレクトロニクス株式に係る内部者取引に対する課徴金納付命令の勧告について（平成27年3月24日）,https://www.fsa.go.jp/sesc/news/c_2015/2015/20150324-1.html,"平成２７年３月２４日 証券取引等監視委員会 公開買付者との契約締結交渉者の役員からの情報受領者によるトーメンエレクトロニクス株式に係る内部者取引に対する課徴金納付命令の勧告について １．勧告の内容 証券取引等監視委員会は、公開買付者との契約締結交渉者の役員からの情報受領者によるトーメンエレクトロニクス株式に係る内部者取引について検査した結果、下記のとおり法令違反の事実が認められたので、本日、内閣総理大臣及び金融庁長官に対して、金融庁設置法第２０条第１項の規定に基づき、課徴金納付命令を発出するよう勧告を行った。 ２．法令違反の事実関係 課徴金納付命令対象者（１）、（２）、（３）及び（４）は、公開買付者との契約締結交渉者の役員から、豊田通商株式会社（以下「豊田通商」という。）の業務執行を決定する機関が、株式会社トーメンエレクトロニクス（以下「トーメンエレクトロニクス」という。）株式の公開買付けを行うことについての決定をした旨の公開買付けの実施に関する事実の伝達を受けながら、 課徴金納付命令対象者（１）については、この事実が公表された平成２６年１月２８日より前の同年１月１４日、自己の計算において、トーメンエレクトロニクス株式合計２０００株を買付価額合計２５３万１１００円で買い付けたものである。 課徴金納付命令対象者（２）については、この事実が公表された平成２６年１月２８日より前の同年１月９日、自己の計算において、トーメンエレクトロニクス株式合計２０００株を買付価額合計２５３万４０００円で買い付けたものである。 課徴金納付命令対象者（３）については、この事実が公表された平成２６年１月２８日より前の同年１月１４日、自己の計算において、トーメンエレクトロニクス株式合計１０００株を買付価額合計１２６万６９００円で買い付けたものである。 課徴金納付命令対象者（４）については、この事実が公表された平成２６年１月２８日より前の同年１月８日、自己の計算において、トーメンエレクトロニクス株式合計２００株を買付価額合計２３万９２００円で買い付けたものである。 課徴金納付命令対象者（１）ないし（４）が行った上記の行為は、金融商品取引法第１７５条第２項に規定する「第１６７条第１項又は第３項の規定に違反して、同条第１項に規定する売買等をした」行為に該当すると認められる。 ３．課徴金の額の計算 上記の違法行為に対し、金融商品取引法に基づき納付を命じられる課徴金の額は、下記のとおりである。 課徴金納付命令対象者(１) ７６万円 課徴金納付命令対象者(２) ７６万円 課徴金納付命令対象者(３) ３８万円 課徴金納付命令対象者(４) ９万円 計算方法の詳細については、別紙のとおり。 （別紙） ○ 課徴金の額の計算方法について 金融商品取引法第１７５条第２項に基づき、課徴金の額は、 （公開買付け等の実施に関する事実が公表された後２週間における最も高い価格）×（買付株数） －（買付価格）×（買付株数） となる。 したがって、公開買付け等の実施に関する事実の公表後２週間におけるトーメンエレクトロニクスの最も高い株価は、１，６４８円であることから、課徴金の額は下記の金額となる。 課徴金納付命令対象者(１) （１，６４８円×２，０００株） － 買付価額２，５３１，１００円 （注） ＝７６４，９００円 ⇒課徴金の額は１万円未満を切り捨てるため、 ７６万円 （注）買付価額は、「1,264円×200株＋1,265円×500株＋1,266円×1,300株」の合計額である。 課徴金納付命令対象者(２) （１，６４８円×２，０００株） － 買付価額２，５３４，０００円 （注） ＝７６２，０００円 ⇒課徴金の額は１万円未満を切り捨てるため、 ７６万円 （注）買付価額は、「1,267円×2,000株」の額である。 課徴金納付命令対象者(３) （１，６４８円×１，０００株） － 買付価額１，２６６，９００円 （注） ＝３８１，１００円 ⇒課徴金の額は１万円未満を切り捨てるため、 ３８万円 （注）買付価額は、「1,266円×100株＋1,267円×900株」の合計額である。 課徴金納付命令対象者(４) （１，６４８円×２００株） － 買付価額２３９，２００円 （注） ＝９０，４００円 ⇒課徴金の額は１万円未満を切り捨てるため、 ９万円 （注）買付価額は、「1,196円×200株」の額である。"
2015-03-27,株式会社ＳＪＩ,,株式会社ＳＪＩに係る有価証券報告書等の虚偽記載に係る課徴金納付命令勧告について（平成27年3月27日）,https://www.fsa.go.jp/sesc/news/c_2015/2015/20150327-1.html,"平成27年３月27日 証券取引等監視委員会 株式会社ＳＪＩに係る有価証券報告書等の虚偽記載に係る課徴金納付命令勧告について １．勧告の内容 証券取引等監視委員会は、株式会社ＳＪＩに係る有価証券報告書等の虚偽記載について検査した結果、以下のとおり法令違反の事実が認められたので、本日、内閣総理大臣及び金融庁長官に対して、金融庁設置法第20条第１項の規定に基づき、課徴金納付命令を発出するよう勧告を行った。 ２．法令違反の事実関係 (1) 継続開示書類 株式会社ＳＪＩ（以下「当社」という。）は、売買取引を装うなどして、実質破綻状態にあった当社役員に資金を流出させていたにもかかわらず、同流出資金について貸倒引当金繰入額を計上しなかった上、同役員の知人が代表取締役を務める会社等に対する貸付金について適切な貸倒引当金繰入額の計上等をしなかった。 これらの結果、当社は、関東財務局長に対し、 別紙１ のとおり、金融商品取引法第172条の４第１項及び第２項に規定する「重要な事項につき虚偽の記載がある」以下の有価証券報告書等を提出したものである。 平成22年12月第３四半期四半期報告書（平成23年２月14日提出） 平成23年３月期有価証券報告書（平成23年６月29日提出） 平成23年６月第１四半期四半期報告書（平成23年８月15日提出） 平成23年９月第２四半期四半期報告書（平成23年11月14日提出） 平成23年12月第３四半期四半期報告書（平成24年２月22日提出） 平成24年３月期有価証券報告書（平成24年６月28日提出） 平成25年12月第３四半期四半期報告書（平成26年２月14日提出） 平成26年３月期有価証券報告書（平成26年６月27日提出） (2) 発行開示書類 当社は、関東財務局長に対し、以下のとおり、金融商品取引法第172条の２第１項第１号に規定する「重要な事項につき虚偽の記載がある」発行開示書類を提出し、当該発行開示書類に基づく募集により有価証券を取得させたものである。 ア 平成23年９月22日、重要な事項につき虚偽の記載がある平成23年３月期有価証券報告書及び平成23年６月第１四半期四半期報告書（ 別紙１ 参照）を組込情報とする有価証券届出書（株式）を提出し、同有価証券届出書に基づく募集により、同年10月17日、109,000株の株式を1,417,000,000円で取得させた。 イ 平成24年11月27日、平成23年４月１日から平成24年３月31日までの連結会計期間につき、貸倒引当金繰入額の過少計上等により、同期間における連結当期純損益が582百万円の損失であるところを795百万円の利益と記載するなどした同期間における連結損益計算書を掲載した有価証券届出書（新株予約権付社債）を提出し、同有価証券届出書に基づく募集により、同年12月14日、新株予約権付社債を2,500,000,000円で取得させた。 ３．課徴金の額の計算 上記の違法行為について金融商品取引法に基づき算定される課徴金の額は、１億9,426万円である。（計算方法については 別紙２ のとおり。） （別紙１）株式会社ＳＪＩの有価証券報告書等の虚偽記載内容 番号 開示書類 虚偽記載 提出日 書類 会計期間 財務計算に 関する書類 内容（注） 事由 １ 平成23年 ２月14日 第22期事業年度第３四半期連結会計期間に係る四半期報告書（平成22年12月第３四半期四半期報告書） 平成22年４月１日～平成22年12月31日の第３四半期連結累計期間 四半期連結 損益計算書 連結四半期純損益が▲865百万円であるところを▲363百万円と記載 ・貸倒引当金繰入額の過少計上 等 ２ 平成23年 ６月29日 第22期事業年度連結会計期間に係る有価証券報告書（平成23年３月期有価証券報告書） 平成22年４月１日～平成23年３月31日の連結会計期間 連結 損益計算書 連結当期純損益が▲950百万円であるところを8百万円と記載 ・貸倒引当金繰入額の過少計上 等 ３ 平成23年 ８月15日 第23期事業年度第１四半期連結会計期間に係る四半期報告書（平成23年６月第１四半期四半期報告書） 平成23年４月１日～平成23年６月30日の第１四半期連結累計期間 四半期連結 損益計算書 連結四半期純損益が▲1,785百万円であるところを▲266百万円と記載 ・貸倒引当金繰入額の過少計上 等 平成23年４月１日～平成23年６月30日の第１四半期連結会計期間 四半期連結 貸借対照表 連結純資産額が9,318百万円であるところを11,796百万円と記載 ４ 平成23年 11月14日 第23期事業年度第２四半期連結会計期間に係る四半期報告書（平成23年９月第２四半期四半期報告書） 平成23年４月１日～平成23年９月30日の第２四半期連結累計期間 四半期連結 損益計算書 連結四半期純損益が▲788百万円であるところを930百万円と記載 ・貸倒引当金繰入額の過少計上 等 ５ 平成24年 ２月22日 第23期事業年度第３四半期連結会計期間に係る四半期報告書（平成23年12月第３四半期四半期報告書） 平成23年４月１日～平成23年12月31日の第３四半期連結累計期間 四半期連結 損益計算書 連結四半期純損益が▲998百万円であるところを697百万円と記載 ・貸倒引当金繰入額の過少計上 等 ６ 平成24年 ６月28日 第23期事業年度連結会計期間に係る有価証券報告書（平成24年３月期有価証券報告書） 平成23年４月１日～平成24年３月31日の連結会計期間 連結 損益計算書 連結当期純損益が▲582百万円であるところを795百万円と記載 ・貸倒引当金繰入額の過少計上 等 ７ 平成26年 ２月14日 第25期事業年度第３四半期連結会計期間に係る四半期報告書（平成25年12月第３四半期四半期報告書） 平成25年４月１日～平成25年12月31日の第３四半期連結累計期間 四半期連結 損益計算書 連結四半期純損益が▲1,351百万円であるところを▲526百万円と記載 ・貸倒引当金繰入額の過少計上 等 ８ 平成26年 ６月27日 第25期事業年度連結会計期間に係る有価証券報告書（平成26年３月期有価証券報告書） 平成25年４月１日～平成26年３月31日の連結会計期間 連結 損益計算書 連結当期純損益が▲6,714百万円であるところを▲6,149百万円と記載 ・貸倒引当金繰入額の過少計上 等 （注）金額は百万円未満切捨てである。また、▲は損失であることを示す。 （別紙２）課徴金の計算方法 (1) 金融商品取引法第172条の４第１項及び第２項の規定により、平成22年12月第３四半期四半期報告書及び平成23年３月期有価証券報告書に係る課徴金について、個別決定ごとの算出額は、 ア 当該法人が発行する算定基準有価証券の市場価額の総額に10万分の６を乗じて得た額 （平成22年12月第３四半期四半期報告書 672,555円 平成23年３月期有価証券報告書 761,980円） が イ 6,000,000円 を超えないことから、 平成22年12月第３四半期四半期報告書については、6,000,000円の２分の１に相当する額である3,000,000円 平成23年３月期有価証券報告書については、6,000,000円 となる。 ここで、これらの書類が同一の事業年度に係るものであることから、金融商品取引法第185条の７第６項の規定により、下記のとおり600万円を個別決定ごとの算出額に応じて按分した金額が課徴金の額となる。 平成22年12月第３四半期四半期報告書に係る課徴金の額は 2,000,000円 平成23年３月期有価証券報告書に係る課徴金の額は 4,000,000円 (2) 金融商品取引法第172条の４第１項及び第２項の規定により、平成23年６月第１四半期四半期報告書、平成23年９月第２四半期四半期報告書、平成23年12月第３四半期四半期報告書及び平成24年３月期有価証券報告書に係る課徴金について、個別決定ごとの算出額は、 ア 当該法人が発行する算定基準有価証券の市場価額の総額に10万分の６を乗じて得た額 （平成23年６月第１四半期四半期報告書 598,686円 平成23年９月第２四半期四半期報告書 542,303円 平成23年12月第３四半期四半期報告書 533,111円 平成24年３月期有価証券報告書 566,724円） が イ 6,000,000円 を超えないことから、 平成23年６月第１四半期四半期報告書については、6,000,000円の２分の１に相当する額である3,000,000円 平成23年９月第２四半期四半期報告書については、6,000,000円の２分の１に相当する額である3,000,000円 平成23年12月第３四半期四半期報告書については、6,000,000円の２分の１に相当する額である3,000,000円 平成24年３月期有価証券報告書については、6,000,000円 となる。 ここで、これらの書類が同一の事業年度に係るものであることから、金融商品取引法第185条の７第６項の規定により、下記のとおり600万円を個別決定ごとの算出額に応じて按分した金額が課徴金の額となる。 平成23年６月第１四半期四半期報告書に係る課徴金の額は 1,200,000円 平成23年９月第２四半期四半期報告書に係る課徴金の額は 1,200,000円 平成23年12月第３四半期四半期報告書に係る課徴金の額は 1,200,000円 平成24年３月期有価証券報告書に係る課徴金の額は 2,400,000円 (3) 金融商品取引法第172条の４第１項及び第２項の規定により、平成25年12月第３四半期四半期報告書及び平成26年３月期有価証券報告書に係る課徴金について、個別決定ごとの算出額は、 ア 当該法人が発行する算定基準有価証券の市場価額の総額に10万分の６を乗じて得た額 （平成25年12月第３四半期四半期報告書 445,489円 平成26年３月期有価証券報告書 418,193円） が イ 6,000,000円 を超えないことから、 平成25年12月第３四半期四半期報告書については、6,000,000円の２分の１に相当する額である3,000,000円 平成26年３月期有価証券報告書については、6,000,000円 となる。 ここで、これらの書類が同一の事業年度に係るものであることから、金融商品取引法第185条の７第６項の規定により、下記のとおり600万円を個別決定ごとの算出額に応じて按分した金額が課徴金の額となる。 平成25年12月第３四半期四半期報告書に係る課徴金の額は 2,000,000円 平成26年３月期有価証券報告書に係る課徴金の額は 4,000,000円 (4) 金融商品取引法第172条の２第１項第１号の規定により、重要な事項につき虚偽の記載がある発行開示書類に基づく募集により取得させた株券等の発行価額の総額の100分の4.5に相当する額が課徴金の額となることから、 ア 平成23年９月22日提出の有価証券届出書（株式）に係る課徴金の額は、 1,417,000,000円×4.5／100＝63,765,000円 について、金融商品取引法第176条第２項の規定により１万円未満の端数を切り捨てて、63,760,000円 イ 平成24年11月27日提出の有価証券届出書（新株予約権付社債）に係る課徴金の額は、 2,500,000,000円×4.5／100＝112,500,000円 となる。"
2015-03-03,クエストキャピタルマネージメント有限会社,,クエストキャピタルマネージメント有限会社に対する検査結果について（平成27年3月3日）,https://www.fsa.go.jp/sesc/news/c_2015/2015/20150303-1.html,平成２７年３月３日 証券取引等監視委員会 クエストキャピタルマネージメント有限会社に対する検査結果について １．検査結果 証券取引等監視委員会がクエストキャピタルマネージメント有限会社（所在地　東京都港区、資本金５百万円、常勤役職員１名、適格機関投資家等特例業務届出者。以下「当社」という。）を検査した結果、下記のとおり、当該適格機関投資家等特例業務届出者等に係る問題が認められたので、本日、証券取引等監視委員会は、金融庁長官に対して、適切な措置を講じるための情報提供を行った。 ２．事実関係 当社は、ＡＲ１有限責任事業組合(以下「ＡＲ１」という。)、ＡＲ２有限責任事業組合(以下「ＡＲ２」という。)及びＫＬＥＭ任意組合(以下「ＫＬＥＭ」といい、ＡＲ１及びＡＲ２と併せて「本件ファンド」という。）の業務執行組合員として、組合財産の運用、管理等を行っている。 しかしながら、当社は、平成２５年１０月に適格機関投資家等特例業務（以下「特例業務」という。）の届出を行った際、既に組合財産の運用、管理等を行っていた本件ファンドについて、その旨を全く記載しなかった。また、当社は、同２６年７月の関東財務局長からの報告命令に対しても、本件ファンドにおいて多額の出資金を集めていたにもかかわらず、記載しない又は偽った金額を記載することにより虚偽の報告を行っている。 そのような中、本件ファンド業務の運営状況等を検証したところ、以下の問題点が認められた。 (1)　第二種金融商品取引業に係る無登録営業 当社は、自身を営業者とするＡＲ１及びＫＬＥＭの各出資持分の取得勧誘を行っているところ、ＡＲ１及びＫＬＥＭはいずれも適格機関投資家からの出資を受けておらず、当該取得勧誘は金融商品取引法第６３条第１項第１号に規定する特例業務の要件を充足していない。 当社が行った上記行為は、同法第２８条第２項に規定する「第二種金融商品取引業」に該当し、同法第２９条に基づく登録を受けないまま、上記行為を行うことは、同条に違反するものと認められる。 (2)　投資者保護上問題が認められる状況 ア　無登録の者にファンドの取得勧誘を行わせている状況 当社は、金融商品取引業の登録を受けていないＡＲ２の一部の組合員等及びグローバルエコシス株式会社（東京都新宿区）と、「準業務執行組合員契約」と称する合意を締結した上（以下、ＡＲ２との間で、同合意を締結した組合員等を「準業務執行組合員等」という。）、準業務執行組合員等にＡＲ２の取得勧誘を行わせ、金銭を支払っている。 準業務執行組合員等が行った行為は、同法第２８条第２項に規定する「第二種金融商品取引業」に該当し、同法第２９条に基づく登録を受けないまま、上記行為を行うことは、同条に違反するものと認められる。 イ　出資金の流用等 当社は、ＡＲ２の出資金について、契約上定められた投資対象事業による運用をほとんど行っておらず、したがって、運用収益が発生していないため、契約上は分配を行わないものとされているにもかかわらず、ＡＲ２の組合員に対し、出資金を原資として、配当金を定期的に支払っているほか、準業務執行組合員等に対する金銭支払並びに他のファンドの組合員に対する配当金及び償還金に出資金を流用している。 ウ　組合員に対する虚偽の運用報告書の交付等 当社は、ＡＲ２の一部の組合員に対し、運用収益が発生しているという虚偽の内容を記載した運用報告書を交付しているほか、契約上定められた投資対象事業により出資金を運用している旨の虚偽の説明を行っている。 当社は、無登録の者にＡＲ２の取得勧誘を行わせているとともに、ＡＲ２の出資金を流用し、さらに組合員に虚偽の運用報告書を交付するなどしており、こうした状況は、投資者保護上重大な問題があると認められる。 （参考条文） 金融商品取引法（昭和23年法律第25号）(抄) （登録） 第二十九条　金融商品取引業は、内閣総理大臣の登録を受けた者でなければ、行うことができない。 （適格機関投資家等特例業務） 第六十三条　次の各号に掲げる行為については、第二十九条及び第三十三条の二の規定は、適用しない。 一　適格機関投資家等（適格機関投資家以外の者で政令で定めるもの（その数が政令で定める数以下の場合に限る。）及び適格機関投資家をいう。以下この条において同じ。）で次のいずれにも該当しない者を相手方として行う第二条第二項第五号又は第六号に掲げる権利に係る私募（適格機関投資家等（次のいずれにも該当しないものに限る。）以外の者が当該権利を取得するおそれが少ないものとして政令で定めるものに限る。） （以下、略）
2015-03-06,日本産業復興基金株式会社,,日本産業復興基金株式会社に対する検査結果に基づく勧告について（平成27年3月6日）,https://www.fsa.go.jp/sesc/news/c_2015/2015/20150306-1.html,"平成２７年３月６日 証券取引等監視委員会 日本産業復興基金株式会社に対する検査結果に基づく勧告について １．勧告の内容 関東財務局長が日本産業復興基金株式会社（東京都千代田区、第二種金融商品取引業、適格機関投資家等特例業務）を検査した結果、下記のとおり、当該金融商品取引業者に係る問題が認められたので、本日、証券取引等監視委員会は、内閣総理大臣及び金融庁長官に対して、金融庁設置法第20条第１項の規定に基づき、行政処分を行うよう勧告した。 ２．事実関係 (1)　不正の手段により金融商品取引業の登録を受けた状況 日本産業復興基金株式会社（以下「当社」という。）は、A監査役（平成17年３月の設立時から同26年９月までの間、代表取締役。）の下、設立時以降、貸借対照表に資本金1,000万円を計上するとともに、一定額の架空の現金を計上し続け、同21年２月期の貸借対照表においては、「現金及び預金」の額として約921万円を計上していたが、実際に保有していたのは預金残高として計上した約216万円であり、差額の約705万円については架空の金額となっていた。 こうした中、当社は、第二種金融商品取引業の登録申請書に添付すべき最終の貸借対照表（平成21年２月期）において、「現金及び預金」の額が虚偽の金額であることを認識しながらこれを記載し、登録申請書を関東財務局長宛てに提出することによって、同21年11月16日付けで第二種金融商品取引業の登録を受けたものである。 当社が行った上記の行為は、金融商品取引法第29条の４第１項柱書きに規定する「登録申請書に添付すべき書類に虚偽の記載があるとき」に該当するものと認められる。このような当社の状況は、金融商品取引法第52条第１項第５号に規定する「不正の手段により第二十九条の登録を受けたとき」に該当するものと認められる。 (2)　金融商品取引業を適確に遂行するに足りる人的構成が確保されていない状況 当社は、第二種金融商品取引業を行うに当たり当該業務に関する十分な知識及び経験を有する役員又は使用人を確保していなければならないところ、実質的に一人で業務を行っているA監査役は、法令等遵守意識が欠如しており、法令等を熟知した役員又は使用人の配置などの必要な整備を怠っている。その結果、当社は、上記(1)のとおり、不正の手段により金融商品取引業の登録を受けたほか、上記(1)と同様に「現金及び預金」等の額に虚偽の金額を記載した貸借対照表を含む事業報告書を関東財務局長宛てに提出している。 また、当社が当社ウェブサイトで本店所在地と表示している事務所には、当社以外の複数社が入居しており、当社の役員又は使用人を常駐させておらず、当社ウェブサイト等に記載している電話番号に架電をしても応対しない状況が継続し、顧客等は当社との連絡が取れない状況となっている。 さらに、当社は、当社の使用人以外の者で、金融商品取引業の登録を受けていない者に対し、ファンドの出資持分に係る取得勧誘を行わせている。 当社の上記の状況は、金融商品取引法第29条の４第１項第１号ニに規定する「金融商品取引業を適確に遂行するに足りる人的構成を有しない者」に該当するものと認められ、このような当社の状況は、同法第52条第１項第１号に該当するものと認められる。 さらに、当社が虚偽の金額を記載した貸借対照表を含む事業報告書を関東財務局長宛てに提出する行為は、金融商品取引法第47条の２に違反するものと認められる。 （参考条文） ○　金融商品取引法（昭和23年法律第25号）（抄） （登録の拒否） 第二十九条の四　内閣総理大臣は、登録申請者が次の各号のいずれかに該当するとき、又は登録申請書若しくはこれに添付すべき書類若しくは電磁的記録のうちに虚偽の記載若しくは記録があり、若しくは重要な事実の記載若しくは記録が欠けているときは、その登録を拒否しなければならない。 一　次のいずれかに該当する者 イ～ハ（略） ニ　金融商品取引業を適確に遂行するに足りる人的構成を有しない者 （以下、略） （事業報告書の提出） 第四十七条の二　金融商品取引業者は、事業年度ごとに、内閣府令で定めるところにより、事業報告書を作成し、毎事業年度経過後三月以内に、これを内閣総理大臣に提出しなければならない。 （金融商品取引業者に対する監督上の処分） 第五十二条　内閣総理大臣は、金融商品取引業者が次の各号のいずれかに該当する場合においては、当該金融商品取引業者の第二十九条の登録を取り消し、第三十条第一項の認可を取り消し、又は六月以内の期間を定めて業務の全部若しくは一部の停止を命ずることができる。 一　第二十九条の四第一項第一号、第二号又は第三号に該当することとなつたとき。 二～四（略） 五　不正の手段により第二十九条の登録を受けたとき。 （以下、略）"
2015-03-06,Select Vantage,,Select Vantage Inc.による相場操縦に対する課徴金納付命令の勧告について（平成27年3月6日）,https://www.fsa.go.jp/sesc/news/c_2015/2015/20150306-2.html,"English version 平成２７年３月６日 証券取引等監視委員会 Select Vantage Inc.による相場操縦に対する課徴金納付命令の勧告について １．勧告の内容 証券取引等監視委員会は、Select Vantage Inc.（以下「セレクト・バンテイジ」という。）による相場操縦について検査した結果、下記のとおり法令違反の事実が認められたので、本日、内閣総理大臣及び金融庁長官に対して、金融庁設置法第２０条第１項の規定に基づき、課徴金納付命令を発出するよう勧告を行った。 ２．法令違反の事実関係 セレクト・バンテイジは、英領アンギラに登記住所を置き、自己資金により株式売買等を行って収益を得ることを業とする会社であるが、同社の株式売買業務に従事していたトレーダーらにおいて、同社の業務に関し、別表１記載のとおり、日本海洋掘削株式会社の株式等、いずれも金融商品取引所が上場する合計４５銘柄の株式につき、私設取引システム （Proprietary Trading System。以下「ＰＴＳ」という。）を利用した上記各株式の売買を誘引する目的をもって、平成２６年４月９日から同年５月２３日までの間、合計２８取引日にわたり、金融商品取引所の午前立会時間終了後から午後立会時間開始前までの注文受付時間に、取引所金融商品市場で成行又は直前の寄前気配値段よりも上値の価格帯に約定させる意思のない大量の買い注文を発注して寄前気配値段を引き上げた上で、ＰＴＳで売り注文を発注し、その売り注文の一部に自己の買い注文を対当させて株価を引き上げて残りの売り注文を自己に有利な価格で約定させるなどの方法により、上記各株式合計２５万２６００株を買い付け、及び合計２７万６８００株を売り付けるとともに、上記各株式合計１５３万８２００株の買い注文及び合計１７万１２００株の売り注文を発注し、もって、自己の計算において、上記各株式の売買が繁盛であると誤解させ、かつ、取引所金融商品市場における上記各株式の相場を変動させるべき一連の売買及び委託をしたものである。 セレクト・バンテイジが行った上記の行為は、金融商品取引法第１７４条の２第１項に規定する「第１５９条第２項第１号の規定に違反する一連の有価証券売買等」及びその「委託等」に該当すると認められる。 ３．課徴金の額の計算 上記の違法行為について金融商品取引法に基づき算定される課徴金の額は、２２１３万２９３５円である。 計算方法の詳細については、別紙のとおり。 ４．その他 本件については、英国金融行為規制機構（Financial Conduct Authority）及び日本取引所自主規制法人より支援がなされている。 （別紙） ○ 課徴金の額の計算方法について １．金融商品取引法第１７４条の２第１項の規定により、当該違反行為に係る課徴金の額は、 (1) 当該違反行為に係る有価証券の売買対当数量に係るものについて、自己の計算による当該有価証券の売付け等の価額から、自己の計算による当該有価証券の買付け等の価額を控除した額、 (2) 当該違反行為に係る自己の計算による有価証券の売付け等の数量が当該違反行為に係る自己の計算による有価証券の買付け等の数量を超える場合は、当該超える数量に係る有価証券の売付け等の価額から、当該違反行為が終了してから１月を経過するまでの間の各日における当該違反行為に係る有価証券等に係る有価証券の買付け等についての同法第６７条の１９又は第１３０条に規定する最低の価格のうち最も低い価格に当該超える数量を乗じて得た額を控除した額 及び (3) 当該違反行為に係る自己の計算による有価証券の買付け等の数量が当該違反行為に係る自己の計算による有価証券の売付け等の数量を超える場合は、当該違反行為が終了してから１月を経過するまでの間の各日における当該違反行為に係る有価証券等に係る有価証券の売付け等についての同法第６７条の１９又は第１３０条に規定する最高の価格のうち最も高い価格に当該超える数量を乗じて得た額から、当該超える数量に係る有価証券の買付け等の価額を控除した額 の合計額として算定。 ２．また、同法第１７４条の２第８項及び金融商品取引法施行令第３３条の１３第１号の規定により、違反者が違反行為の開始時に当該違反行為に係る有価証券を所有している場合には、上記１．に掲げる額の計算において、当該違反者が、当該違反行為の開始時にその時における価格で当該違反行為に係る有価証券の買付け等を自己の計算においてしたものとみなす。 ３．さらに、同法第１８５条の７第１５項の規定により、違反者が、違反行為を開始した日から遡り５年以内に同法第１８５条の７第１項の決定を受けたことがあるときは、上記１．及び２．により算定した額に代えて、当該額の１．５倍に相当する額を課徴金の額とする。 本件では、課徴金納付命令対象者は平成２６年４月９日に違反行為を開始したところ、同者は同日から遡り５年以内に同法第１８５条の７第１項の決定を受けた。 よって、本文「２．法令違反の事実関係」に掲げる事実につき、別表２に記載のとおりであるから、課徴金の額は、上記１．ないし３．により算定される2,213万2,935円となる。 （ 別表１（PDF:42KB） ） （ 別表２（PDF:161KB） ）"
2015-02-27,株式会社高田工業所,1966,高田工業所株式に係る相場操縦に対する課徴金納付命令の勧告について（平成27年2月27日）,https://www.fsa.go.jp/sesc/news/c_2015/2015/20150227-1.html,"平成２７年２月２７日 証券取引等監視委員会 高田工業所株式に係る相場操縦に対する課徴金納付命令の勧告について １．勧告の内容 証券取引等監視委員会は、高田工業所株式に係る相場操縦について検査した結果、下記のとおり法令違反の事実が認められたので、本日、内閣総理大臣及び金融庁長官に対して、金融庁設置法第２０条第１項の規定に基づき、課徴金納付命令を発出するよう勧告を行った。 ２．法令違反の事実関係 課徴金納付命令対象者は、株式会社高田工業所の株式につき、同株式の売買を誘引する目的をもって、平成２５年１２月１８日午前９時３５分頃から平成２６年１月１５日午後０時５５分頃までの間、１５取引日にわたり、直前の約定値より高指値の売り注文と買い注文を対当させて株価を引き上げたり、直前の約定値より高指値の買い注文を連続して発注して株価を引き上げるなどの方法により、同株式合計１０万株を買い付ける一方、同株式合計８万３５００株を売り付け、もって、自己の計算において、同株式の売買が繁盛であると誤解させ、かつ、同株式の相場を変動させるべき一連の売買をしたものである。 課徴金納付命令対象者が行った上記の行為は、金融商品取引法第１７４条の２第１項に規定する「第１５９条第２項第１号の規定に違反する一連の有価証券売買等」に該当すると認められる。 ３．課徴金の額の計算 上記の違法行為に対し金融商品取引法に基づき納付を命じられる課徴金の額は、７３９万円である。 計算方法の詳細については、別紙のとおり。 （別紙） ○ 課徴金の額の計算方法について １．金融商品取引法第１７４条の２第１項に基づき、課徴金の額は、 (1) 売買対当数量（注１）に係るものについて、 （有価証券の売付価額）－（有価証券の買付価額） と、 (2) 当該違反行為に係る有価証券の売付数量が買付数量を超える場合の、当該超える数量に係るものについて、 （有価証券の売付価額）－（当該違反行為が終了してから１月を経過するまでの間の当該有価証券の最低価格×当該超える数量） または、 当該違反行為に係る有価証券の買付数量が売付数量を超える場合の、当該超える数量に係るものについて、 （当該違反行為が終了してから１月を経過するまでの間の当該有価証券の最高価格×当該超える数量）－（有価証券の買付価額） との合計額として計算される。 （注１）売買対当数量：当該違反行為に係る有価証券の売付数量と買付数量のうち、いずれか少ない数量をいう。 ２．課徴金納付命令対象者の違反行為について、本件における課徴金の額は、下記(1)及び(2)によりそれぞれ算定される額の合計　7,398,000円 ⇒課徴金の額は、１万円未満を切り捨てるため、 ７３９万円 (1) 当該違反行為に係る売買対当数量は、 (i) 当該違反行為に係る有価証券の売付数量は、83,500株であり、 (ii) 当該違反行為に係る有価証券の買付数量は、実際の買付け等の数量100,000株に、金融商品取引法第１７４条の２第８項及び同法施行令第３３条の１３第１号により、違反行為の開始時にその時における価格（312円）で買付けをしたものとみなされる当該違反行為の開始時に所有している当該有価証券の数量61,000株を加えた161,000株である ことから、83,500株となる。 当該売買対当数量に係るものについて、 売付価額27,438,000円（注２）－ 買付価額26,058,500円（注３） ＝1,379,500円 （注２）売付価額は、 「312円×20,000株＋314円×2,500株＋315円×13,000株＋316円×500株 ＋317円×2,000株＋318円×2,000株＋322円×500株＋323円×2,500株 ＋324円×500株＋325円×500株＋326円×1,500株＋329円×3,000株 ＋330円×6,000株＋333円×1,000株＋334円×1,000株＋335円×1,000株 ＋336円×1,000株＋337円×2,000株＋338円×500株＋339円×1,000株 ＋340円×1,000株＋341円×1,000株＋342円×1,000株＋343円×1,500株 ＋344円×500株＋345円×1,500株＋348円×1,000株＋350円×1,000株 ＋354円×3,500株＋355円×1,500株＋357円×2,000株＋360円×2,000株 ＋361円×500株＋365円×500株＋372円×500株＋373円×500株 ＋374円×500株＋378円×500株＋379円×1,000株」 の合計額である。 （注３）買付価額は、 「312円×80,500株＋314円×2,500株＋315円×500株」 の合計額である。 （注４）買付価額の算定においては、金融商品取引法施行令第３３条の１４第５項の規定により、当該違反行為に係る有価証券の買付けのうち最も早い時期に行われたものから順次当該売買対当数量に達するまで割り当てることとなる。 本件においては、違反行為の開始時点において所有しており、金融商品取引法第１７４条の２第８項及び同法施行令第３３条の１３第１号の規定により、違反行為の開始時点にその時における価格（312円）で買い付けたものとみなされるもの（みなし買付け）から割り当てられることとなる。 (2) 上記(1)のとおり、当該違反行為に係る有価証券の買付数量が、売付数量を超えることから、 当該超える数量77,500株（161,000株－83,500株）について、 当該違反行為が終了してから１月を経過するまでの間の当該有価証券の最高価格（418円）に当該超える数量を乗じて得た額 32,395,000円（418円×77,500株）－ 買付価額26,376,500円（注５） ＝6,018,500円 （注５）買付価額は、 「314円×6,000株＋315円×14,500株＋316円×500株＋317円×1,000株 ＋318円×2,500株＋321円×3,500株＋322円×1,000株＋325円×500株 ＋329円×500株＋333円×500株＋336円×500株＋338円×500株 ＋339円×3,000株＋342円×500株＋343円×1,000株＋345円×500株 ＋347円×3,000株＋350円×11,000株＋352円×1,500株＋353円×500株 ＋354円×1,000株＋355円×6,000株＋357円×2,500株＋361円×500株 ＋362円×1,000株＋363円×1,000株＋364円×3,000株＋365円×2,500株 ＋367円×1,000株＋368円×1,000株＋369円×500株＋370円×2,000株 ＋372円×500株＋373円×500株＋374円×500株＋382円×500株 ＋383円×500株＋384円×500株」 の合計額である。"
2015-03-20,ェリータ及び株式会社,,株式会社日本ヴェリータ及び株式会社ギフタージャパン並びにその役員１名の金融商品取引法違反行為に係る裁判所への申立てについて（平成27年3月20日）,https://www.fsa.go.jp/sesc/news/c_2015/2015/20150320-1.html,平成２７年３月20日 証券取引等監視委員会 株式会社日本ヴェリータ及び株式会社ギフタージャパン並びにその役員１名の金融商品取引法違反行為に係る裁判所への申立てについて １．申立ての内容等 証券取引等監視委員会が、株式会社日本ヴェリータ（東京都中央区、資本金１０００万円、役職員９名、適格機関投資家等特例業務届出者、金融商品取引業の登録等はない。以下「ヴェリータ社」という。）及び株式会社ギフタージャパン（東京都中央区、資本金１０００万円、役職員７名、適格機関投資家等特例業務届出者。以下「ギフター社」という。）に対して金融商品取引法（以下「金商法」という。）第１８７条第１項に基づく調査を行った結果、下記２．の事実が認められたことから、本日、証券取引等監視委員会は、金商法第１９２条第１項の規定に基づき、東京地方裁判所に対し、ヴェリータ社及びギフター社並びにヴェリータ社代表取締役かつギフター社関係者A（以下「A社長」という。）を被申立人として金商法違反行為（ヴェリータ社及びA社長につき、無登録で、金商法第２条第２項第５号又は第６号に掲げる権利の募集又は私募を業として行うこと、ギフター社及びA社長につき、金商法第６３条第１項第１号に掲げる私募に係る業務を行うに当たり、金融商品取引契約の締結又はその勧誘に関して、顧客に対し虚偽のことを告げる行為を行うこと）の禁止及び停止を命ずるよう申立てを行った。 なお、本申立ては、今後契約の解約等を希望する既存投資家に対し、ヴェリータ社及びギフター社において契約の解約等に必要な手続き（返金手続きを含む。）を行うことの禁止及び停止を求めるものではない。 ２．事実関係 (1)　ヴェリータ社及びA社長（以下「ヴェリータ社ら」という。）は、平成２３年１２月頃から同２７年２月頃までの間、いずれもヴェリータ社を営業者とする３つの名称の匿名組合契約（以下、同契約の個別の名称にかかわらず「ファンド」ということがある。）に基づく権利の私募を行い、延べ３９２名から約１２億円の出資を受けた。ヴェリータ社の各ファンドでは、いずれも外国為替証拠金取引への投資により同社において集められた出資金の一部が運用されており、各ファンドの出資対象事業は同一である。 適格機関投資家等特例業務（以下「特例業務」という。）の私募の要件として、６か月以内に権利を取得させた適格機関投資家以外の者（以下「一般投資家」という。）は通算４９名以下でなければならないところ、ヴェリータ社らが遅くとも平成２６年６月頃以降、延べ１０７名の一般投資家に対して行った私募は、この要件を満たしていない。 ヴェリータ社らが業として行った上記行為は、金商法第２８条第２項に規定する「第二種金融商品取引業」に該当し、ヴェリータ社らが同法第２９条に基づく登録を受けることなく、上記行為を行うことは、同条に違反するものと認められる。 (2)　ギフター社及び同社の業務の実質的管理者であるA社長（以下「ギフター社ら」という。）は、平成２６年１月頃から同２７年２月頃までの間、２つの名称の匿名組合契約に基づく権利の私募を行い、延べ８４名から約２億５０００万円の出資を受けた。 ギフター社らは、運用益の有無にかかわらず顧客の出資金を原資として、毎月分配上限額相当額（出資金額の１％相当額）を分配する意図を有し、実際に出資金を原資とした上記配当を継続して行っていた。しかしながら、ギフター社らは上記意図や取扱いを顧客には秘匿して、運用益が生じない限り分配金の支払いを行わない旨を表示した契約書を顧客に示して勧誘を行っていた。 ギフター社らによる上記説明は、金融商品取引契約の締結又はその勧誘に関して、顧客に対し虚偽のことを告げる行為に該当する（金商法第６３条第４項・第３８条第１号）。 (3)　そして、ヴェリータ社、ギフター社及びA社長は、こうした勧誘行為を現在まで継続しているとともに、今後も継続して勧誘を行っていくことを企図している。 また、A社長は、ヴェリータ社及びギフター社で一般投資家から集めた出資金を、株式会社ＪＢＳホールディングス（東京都中央区）に集約した上で、出資金を原資として、上記分配金を毎月顧客に支払い、また、残りの大部分を各社の役職員の給与等の経費の支払いやA社長への個人的な貸付けに充てているところ、このような経費の支出や既存顧客への分配金支払いを今後も継続して行うためには、ヴェリータ社及びギフター社におけるファンドの取得勧誘を行って新たな出資金を得ることが不可欠な状況にある。 以上からすれば、ヴェリータ社、ギフター社及びA社長は上記違法行為を今後も行う蓋然性が高く、これを可及的速やかに禁止・停止させる必要がある。 参考資料（PDF:66KB） （クリックすると拡大されます） （参考条文） ○第二種金融商品取引業・適格機関投資家等特例業務 金融商品取引法(抄) 第二条 この法律において「有価証券」とは、次に掲げるものをいう。 （略） ２ （前略）、次に掲げる権利は、証券又は証書に表示されるべき権利以外の権利であつても有価証券とみなして、この法律の規定を適用する。 一～四　(略) 五 民法 （明治二十九年法律第八十九号）第六百六十七条第一項 に規定する組合契約、 商法 （明治三十二年法律第四十八号）第五百三十五条に規定する匿名組合契約 、投資事業有限責任組合契約に関する法律（平成十年法律第九十号）第三条第一項 に規定する投資事業有限責任組合契約又は有限責任事業組合契約に関する法律（平成十七年法律第四十号）第三条第一項に規定する有限責任事業組合契約 に基づく権利 、社団法人の社員権その他の権利（外国の法令に基づくものを除く。） のうち、当該権利を有する者（以下この号において「出資者」という。）が出資又は拠出をした金銭（これに類するものとして政令で定めるものを含む。）を充てて行う事業（以下この号において「出資対象事業」という。）から生ずる収益の配当又は当該出資対象事業に係る財産の分配を受けることができる権利であつて、次のいずれにも該当しないもの （前項各号に掲げる有価証券に表示される権利及びこの項（この号を除く。）の規定により有価証券とみなされる権利を除く。） イ～ニ　（略） 六 ・ 七 （略） ３　～　７ （略） ８ この法律において「金融商品取引業」とは、次に掲げる行為 （その内容等を勘案し、投資者の保護のため支障を生ずることがないと認められるものとして政令で定めるもの及び銀行、優先出資法第二条第一項 に規定する協同組織金融機関（以下「協同組織金融機関」という。）その他政令で定める金融機関が行う第十二号 、第十四号、第十五号又は第二十八条第八項各号に掲げるものを除く。） のいずれかを業として行うことをいう。 一　～　六 （略） 七 有価証券（次に掲げるものに限る。）の募集又は私募 イ ～ ホ　(略) ヘ 第二項の規定により有価証券とみなされる同項第五号又は第六号に掲げる権利 ト　(略) ９ ～ 39　（略） 第二十八条 （略） ２ この章において「第二種金融商品取引業」とは、金融商品取引業のうち、次に掲げる行為のいずれかを業として行うことをいう。 一 第二条第八項第七号に掲げる行為 二 ～ 四　(略) ３ ～ ８　（略） （登録） 第二十九条 金融商品取引業は、内閣総理大臣の登録を受けた者でなければ、行うことができない。 （禁止行為） 第三十八条 金融商品取引業者等又はその役員若しくは使用人は、次に掲げる行為をしてはならない。 ただし、第四号から第六号までに掲げる行為にあつては、投資者の保護に欠け、取引の公正を害し、又は金融商品取引業の信用を失墜させるおそれのないものとして内閣府令で定めるものを除く。 一 金融商品取引契約の締結又はその勧誘に関して、顧客に対し虚偽のことを告げる行為 二 ～　七　(略) （適格機関投資家等特例業務） 第六十三条 次の各号に掲げる行為については、第二十九条及び第三十三条の二の規定は、適用しない。 一 適格機関投資家等 （適格機関投資家以外の者で政令で定めるもの（その数が政令で定める数以下の場合に限る。）及び適格機関投資家をいう。以下この条において同じ。） で次のいずれにも該当しない者を相手方として行う第二条第二項第五号又は第六号に掲げる権利に係る私募 （ 適格機関投資家等（次のいずれにも該当しないものに限る。）以外の者が当該権利を取得するおそれが少ないものとして政令で定めるものに限る。 ） イ～ハ　（略） 二 (略) ２～８ （略） 金融商品取引法施行令(抄) （適格機関投資家等特例業務） 第十七条の十二 法第六十三条第一項第一号に規定する適格機関投資家以外の者で政令で定めるものは、 適格機関投資家以外の者とする。 ２ 法第六十三条第一項第一号に規定する政令で定める数は、 四十九とする 。 ３ 法第六十三条第一項第一号 に規定する権利を取得するおそれが少ないものとして政令で定めるものは、次の各号に掲げる場合の区分に応じ、当該各号に定める要件に該当するものとする。 一 (略) 二 　当該権利の取得勧誘に応ずる取得者が適格機関投資家等（法第六十三条第一項第一号 に規定する適格機関投資家等をいう。）のうち適格機関投資家以外の者（同号 イからハまでのいずれにも該当しないものに限る。ロにおいて「一般投資家」という。）である場合　次に掲げるすべての要件 イ (略) ロ 当該権利が有価証券として発行される日以前六月以内に、当該権利と同一種類のものとして内閣府令で定める他の権利（ロにおいて「同種の新規発行権利」という。）が有価証券として発行されている場合にあつては、当該権利の取得勧誘に応じて取得する一般投資家の人数と当該六月以内に発行された同種の新規発行権利の取得勧誘に応じて取得した一般投資家の人数との合計が四十九名以下となること 。 ４ (略) 金融商品取引業に関する内閣府令(抄) （同種の新規発行権利） 第二百三十四条 令第十七条の十二第三項第二号 ロに規定する当該権利と同一種類のものとして内閣府令で定める他の権利は、有価証券としての当該権利と 発行者及び出資対象事業が同一 である有価証券としての権利とする。 ○緊急差止命令に係る申立て 金融商品取引法(抄) （審問等に関する調査のための処分） 第百八十七条 内閣総理大臣又は内閣総理大臣及び財務大臣は、この法律の規定による審問、この法律の規定による処分に係る聴聞又は 第百九十二条の規定による申立てについて、必要な調査をするため、当該職員に、次に掲げる処分をさせることができる 。 一　関係人若しくは参考人に出頭を命じて意見を聴取し、又はこれらの者から意見書若しくは報告書を提出させること。 二　鑑定人に出頭を命じて鑑定させること。 三　関係人に対し帳簿書類その他の物件の提出を命じ、又は提出物件を留めて置くこと。 四　関係人の業務若しくは財産の状況又は帳簿書類その他の物件を検査すること。 ２ （略） （裁判所の禁止又は停止命令） 第百九十二条 裁判所は、緊急の必要があり、かつ、公益及び投資者保護のため必要かつ適当であると認めるときは、内閣総理大臣又は内閣総理大臣及び財務大臣の申立てにより、この法律又はこの法律に基づく命令に違反する行為を行い、又は行おうとする者に対し、その行為の禁止又は停止を命ずることができる。 ２ 裁判所は、前項の規定により発した命令を取り消し、又は変更することができる。 ３ 前二項の事件は、被申立人の住所地又は第一項に規定する行為が行われ、若しくは行われようとする地の地方裁判所の管轄とする。 ４ 第一項及び第二項の裁判については、非訟事件手続法 （平成二十三年法律第五十一号）の定めるところによる。 第百九十八条 次の各号のいずれかに該当する者は、三年以下の懲役若しくは三百万円以下の罰金に処し、又はこれを併科する。 一～七　（略） 八 第百九十二条第一項又は第二項の規定による裁判所の命令に違反した者 第二百七条 法人（中略）の代表者又は法人若しくは人の代理人、使用人その他の従業者が、その法人又は人の業務又は財産に関し、次の各号に掲げる規定の違反行為をしたときは、その行為者を罰するほか、その法人に対して当該各号に定める罰金刑を、その人に対して各本条の罰金刑を科する。 一・二 （略） 三 第百九十八条（中略）又は第百九十八条の三から第百九十八条の五まで　三億円以下の罰金刑 四～六 （略） ２・３ （略）
2015-02-23,,,ＭＡＳＴＥＲＳ　ＤＰＢ　ＬＩＭＩＴＥＤ及びその役員１名に対する金融商品取引法違反行為に係る裁判所の禁止及び停止命令の発令について（平成27年2月23日）,https://www.fsa.go.jp/sesc/news/c_2015/2015/20150223-1.html,平成２７年２月２３日 証券取引等監視委員会 ＭＡＳＴＥＲＳ　ＤＰＢ　ＬＩＭＩＴＥＤ及びその役員１名に対する金融商品取引法違反行為に係る裁判所の禁止及び停止命令の発令について 証券取引等監視委員会が、平成２７年１月１４日に行った、ＭＡＳＴＥＲＳ　ＤＰＢ　ＬＩＭＩＴＥＤ（本店　ニュージーランド・オークランド市、日本支店　東京都港区、資本金１００ニュージーランドドル、役職員１名、金融商品取引業の登録等はない。）及び同社代表取締役兼日本における代表者Aに対する金融商品取引法違反行為（無登録で、投資一任契約を締結し、当該契約に基づき、金融商品の価値等の分析に基づく投資判断に基づいて有価証券等に対する投資として、金銭等の運用を業として行うこと）の禁止及び停止を命ずるよう求める申立てについて、本日、東京地方裁判所より、申立ての内容どおり、下記の命令が下された。 記 被申立人らは、いずれも、金融商品取引法２９条所定の登録（ただし、業務の種別を投資運用業とするもの）その他同法所定の適式の登録を受けずに、当事者の一方が、相手方から、金融商品の価値等の分析に基づく投資判断の全部又は一部を一任されるとともに、当該投資判断に基づき当該相手方のため投資を行うのに必要な権限を委任されることを内容とする契約を締結し、当該契約に基づき、金融商品の価値等の分析に基づく投資判断に基づいて有価証券又はデリバティブ取引に係る権利に対する投資として、金銭その他の財産の運用（その指図を含む。）を行うこと（ただし、同法２条８項柱書きにより金融商品取引業から除かれる行為及び被申立人らが行った金銭その他の財産の運用に関する取引を結了する目的の範囲内の行為は除く。）を業として行ってはならない。 （参考） ＭＡＳＴＥＲＳ　ＤＰＢ　ＬＩＭＩＴＥＤ及びその役員１名の金融商品取引法違反行為に係る裁判所への申立てについて
2015-02-06,,,「金融商品取引業者等検査マニュアル」の一部改正（案）の公表について（平成27年2月6日）,https://www.fsa.go.jp/sesc/news/c_2015/2015/20150206-1.html,平成２７年２月６日 証券取引等監視委員会 「金融商品取引業者等検査マニュアル」の一部改正（案）の公表について 証券取引等監視委員会では、「金融商品取引業者等検査マニュアル」の一部改正（案）を別紙のとおり取りまとめましたので、公表します。 本件は、流動性カバレッジ比率規制に係る検証項目の追加等を行うものです。 ※　流動性カバレッジ比率とは、ストレス下において30日間に流出すると見込まれる資金（分母）を賄うために、短期間に資金化可能な資産（分子）を十分に保有しているかを表す指標。 具体的な内容については （別紙） を御参照ください。 この案について御意見がありましたら、平成27年３月９日（月）17時00分（必着）までに、氏名（法人その他の団体にあっては名称）、職業（法人その他の団体にあっては業種）、連絡先（住所、電話番号又は電子メールアドレス）及び理由を付記の上、郵便、ファックスにより下記送付先に、お寄せください。電話による御意見は御遠慮願います。 インターネットによる御意見は、下記e-Govウェブサイトに、お寄せください。 御意見をお寄せいただいた方の氏名（法人その他の団体にあっては名称）については、開示の請求等があった場合には、御意見の内容とともに開示させていただきますので、御承知おきください。開示の際に匿名を希望される場合は、御意見の冒頭にその旨を明確に御記載ください。なお、開示に当たっては、御意見の内容に、（１）個人に関する情報であって特定の個人が識別され得る記述がある場合、又は（２）法人等の権利、競争上の地位その他正当な利益を侵害するおそれのある記述がある場合、には当該箇所を伏せさせていただくことがあります。 御意見に付記された電話番号等の個人情報は、御意見の内容に不明な点があった際に連絡・確認をさせていただく場合や御意見がどのような立場からのものかを確認させていただく場合に利用します。 なお、御意見に対しての個別の回答はいたしませんので、あらかじめ御了承ください。 ※ご意見の募集は終了しました。ご協力ありがとうございました。 御意見の送付先 証券取引等監視委員会事務局証券検査課 郵便：〒100-8922 東京都千代田区霞が関３－２－１　中央合同庁舎第７号館 ファックス：03-5251-2137 URL： http://www.fsa.go.jp/sesc/ お問い合わせ先 Tel　03-3506-6000（代表） 証券取引等監視委員会事務局証券検査課（内線： 3039、3924） （別紙） 「金融商品取引業者等検査マニュアル」の一部改正（案）（PDF:76KB）
2015-02-24,株式会社ドアウェイブ,,株式会社ドアウェイブに対する検査結果について（平成27年2月24日）,https://www.fsa.go.jp/sesc/news/c_2015/2015/20150224-1.html,平成２７年２月２４日 証券取引等監視委員会 株式会社ドアウェイブに対する検査結果について 関東財務局長が上記適格機関投資家等特例業務届出者を検査した結果、問題が認められた（詳細は、関東財務局ウェブサイトを参照してください。）。 「株式会社ドアウェイブに対する検査結果について」（関東財務局ウェブサイト）
2015-02-13,,,「金融商品取引業者等検査マニュアル」等の一部改正（案）の公表について（平成27年2月13日）,https://www.fsa.go.jp/sesc/news/c_2015/2015/20150213-1.html,平成２７年２月１３日 証券取引等監視委員会 「金融商品取引業者等検査マニュアル」等の一部改正（案）の公表について 証券取引等監視委員会では、「金融商品取引業者等検査マニュアル」等の一部改正（案）を別紙のとおり取りまとめましたので、公表します。 本件は、金融庁が本日公表した情報セキュリティ管理等に係る「金融商品取引業者等向けの総合的な監督指針」等の一部改正（案）を踏まえ、システムリスク管理態勢に係る検証項目の追加等を行うものです。 具体的な内容については（ 別紙１及び２ ）を御参照ください。 この案について御意見がありましたら、平成27年３月16日（月）17時00分（必着）までに、氏名（法人その他の団体にあっては名称）、職業（法人その他の団体にあっては業種）、連絡先（住所、電話番号又は電子メールアドレス）及び理由を付記の上、郵便、ファックスにより下記送付先に、お寄せください。電話による御意見は御遠慮願います。 インターネットによる御意見は、下記e-Govウェブサイトに、お寄せください。 御意見をお寄せいただいた方の氏名（法人その他の団体にあっては名称）については、開示の請求等があった場合には、御意見の内容とともに開示させていただきますので、御承知おきください。開示の際に匿名を希望される場合は、御意見の冒頭にその旨を明確に御記載ください。なお、開示に当たっては、御意見の内容に、（１）個人に関する情報であって特定の個人が識別され得る記述がある場合、又は（２）法人等の権利、競争上の地位その他正当な利益を侵害するおそれのある記述がある場合、には当該箇所を伏せさせていただくことがあります。 御意見に付記された電話番号等の個人情報は、御意見の内容に不明な点があった際に連絡・確認をさせていただく場合や御意見がどのような立場からのものかを確認させていただく場合に利用します。 なお、御意見に対しての個別の回答はいたしませんので、あらかじめ御了承ください。 ※ご意見の募集は終了しました。ご協力ありがとうございました。 御意見の送付先 証券取引等監視委員会事務局証券検査課 郵便：〒100-8922 東京都千代田区霞が関３－２－１　中央合同庁舎第７号館 ファックス：03-5251-2137 URL： http://www.fsa.go.jp/sesc/ お問い合わせ先 Tel　03-3506-6000（代表） 証券取引等監視委員会事務局証券検査課（内線： 3039、3924） （別紙１） 「金融商品取引業者等検査マニュアル」の一部改正（案）（PDF:283KB） （別紙２） 「信用格付業者検査マニュアル」の一部改正（案）（PDF:26KB）
2015-02-20,株式会社加地テック社員による内部者取引,,株式会社加地テック社員による内部者取引に対する課徴金納付命令の勧告について（平成27年2月20日）,https://www.fsa.go.jp/sesc/news/c_2015/2015/20150220-1.html,"平成２７年２月２０日 証券取引等監視委員会 株式会社加地テック社員による内部者取引に対する課徴金納付命令の勧告について １．勧告の内容 証券取引等監視委員会は、株式会社加地テック社員による内部者取引について検査した結果、下記のとおり法令違反の事実が認められたので、本日、内閣総理大臣及び金融庁長官に対して、金融庁設置法第２０条第１項の規定に基づき、課徴金納付命令を発出するよう勧告を行った。 ２．法令違反の事実関係 課徴金納付命令対象者は、株式会社加地テック（以下「加地テック」という。）の社員であるが、その職務に関し、加地テックの平成２６年３月期の業績予想における売上高について、平成２５年４月３０日に公表がされた直近の予想値に比較して、同社が新たに算出した予想値において投資者の投資判断に及ぼす影響が重要なものとなる差異が生じた旨の重要事実を知りながら、新たに算出した予想値が、売上高５０億円として公表がされた平成２５年１０月２４日午後４時３０分頃より前の同日午後０時３０分頃、自己の計算において、加地テック株式合計１万株を売付価額合計３８２万円で売り付けたものである。 課徴金納付命令対象者が行った上記の行為は、金融商品取引法第１７５条第１項に規定する「第１６６条第１項又は第３項の規定に違反して、同条第１項に規定する売買等をした」行為に該当すると認められる。 ３．課徴金の額の計算 上記の違法行為に対し、金融商品取引法に基づき納付を命じられる課徴金の額は、７１万円である。 計算方法の詳細については、別紙のとおり。 （別紙） ○ 課徴金の額の計算方法について 金融商品取引法第１７５条第１項に基づき、課徴金の額は、 （売付価格）×（売付株数） －（重要事実が公表された後２週間における最も低い価格）×（売付株数） となる。 したがって、重要事実の公表後２週間における加地テックの最も低い株価は、３１１円であることから、課徴金の額は下記の金額となる。 売付価額３，８２０，０００円（注）－（３１１円×１０，０００株） ＝７１０，０００円 ⇒課徴金の額は、 ７１万円 （注）売付価額は、「382円×10,000株」の額である。"
2015-01-16,ＫＳＧ　ＲＥＳＯＵＲＣＥ株式会社,,ＫＳＧ　ＲＥＳＯＵＲＣＥ株式会社に対する検査結果について（平成27年1月16日）,https://www.fsa.go.jp/sesc/news/c_2015/2015/20150116-1.html,平成27年1月16日 証券取引等監視委員会 ＫＳＧ　ＲＥＳＯＵＲＣＥ株式会社に対する検査結果について 関東財務局長が上記適格機関投資家等特例業務届出者を検査した結果、問題が認められた（詳細は、関東財務局ウェブサイトを参照してください。）。 「ＫＳＧ　ＲＥＳＯＵＲＣＥ株式会社に対する検査結果について」（関東財務局ウェブサイト）
2015-01-23,株式会社エークシト,,株式会社エークシトに対する検査結果について（平成27年1月23日）,https://www.fsa.go.jp/sesc/news/c_2015/2015/20150123-1.html,平成27年1月23日 証券取引等監視委員会 株式会社エークシトに対する検査結果について 関東財務局長が上記適格機関投資家等特例業務届出者を検査した結果、問題が認められた（詳細は、関東財務局ウェブサイトを参照してください。）。 「株式会社エークシトに対する検査結果について」（関東財務局ウェブサイト）
2015-02-02,株式会社太陽商会,,株式会社太陽商会に係る虚偽有価証券報告書提出事件の告発について（平成27年2月2日）,https://www.fsa.go.jp/sesc/news/c_2015/2015/20150202-1.html,平成２７年２月２日 証券取引等監視委員会 株式会社太陽商会に係る虚偽有価証券報告書提出事件の告発について 証券取引等監視委員会は、本日、金融商品取引法違反（虚偽有価証券報告書提出）の嫌疑で、嫌疑法人及び２名の嫌疑者を東京地方検察庁に告発した。告発の対象となった犯則事実については下記のとおり。 １．告発の対象となった犯則事実 犯則嫌疑法人株式会社太陽商会（平成２６年４月１日、株式会社ＮｏｗＬｏａｄｉｎｇから商号を変更）は、その発行する株券を株式会社名古屋証券取引所が開設するセントレックス市場に上場していたものであるが、犯則嫌疑法人の代表取締役Aは、同社の取締役である犯則嫌疑者Bと共謀の上、犯則嫌疑法人の業務に関し、平成２５年６月２８日、同社の本店事務所内に設置された入出力装置から、開示用電子情報処理組織を使用して、内閣府が使用する電子計算機に備えられたファイルに記録させる方法により、関東財務局において、同財務局長に対し、同社の平成２４年４月１日から平成２５年３月３１日までの連結会計年度につき、売上高が７７４４万８０００円（１０００円未満切捨て。以下同じ。）、税金等調整前当期純損失が５０５６万１０００円、純資産が９３５２万６０００円の債務超過であったにもかかわらず、架空売上を計上するなどの方法により、売上高を２億２１２５万８０００円、税金等調整前当期純利益を５０７９万８０００円と記載するなどした虚偽の連結損益計算書及び純資産を７８３万３０００円と記載するなどした虚偽の連結貸借対照表を各掲載した有価証券報告書を提出し、もって重要な事項につき虚偽の記載のある有価証券報告書を提出したものである。 ２．関連条文 金融商品取引法第197条第1項第1号、同法第24条第1項第1号、同法第207条第1項第1号、刑法第60条 法定刑：法人につき　7億円以下の罰金 個人につき　10年以下の懲役若しくは1000万円以下の罰金又は併科
2015-01-30,株式会社Ｍｏｎｅｙ　Ｍａｎａｇｅｍｅｎｔ　Ｓｔｒｅｎｇｔｈ,,株式会社Ｍｏｎｅｙ　Ｍａｎａｇｅｍｅｎｔ　Ｓｔｒｅｎｇｔｈに対する調査結果について（平成27年1月30日）,https://www.fsa.go.jp/sesc/news/c_2015/2015/20150130-1.html,平成２７年１月３０日 証券取引等監視委員会 株式会社Ｍｏｎｅｙ　Ｍａｎａｇｅｍｅｎｔ　Ｓｔｒｅｎｇｔｈに対する調査結果について １．調査結果 東海財務局長が株式会社Ｍｏｎｅｙ　Ｍａｎａｇｅｍｅｎｔ　Ｓｔｒｅｎｇｔｈ（名古屋市中区、資本金１８００万円。適格機関投資家等特例業務届出者。以下「当社」という。）を調査した結果、下記のとおり、当該適格機関投資家等特例業務届出者に係る問題が認められたので、本日、証券取引等監視委員会は、金融庁長官に対して、適切な措置を講じるための情報提供を行った。 ２．事実関係 当社は、平成２４年１１月から同２６年７月までの間、適格機関投資家等特例業務（以下「特例業務」という。）として、匿名組合型ファンドⅠ（以下「ファンドⅠ」という。）及び同II（以下「ファンドII」といい、ファンドⅠと合せて「本件ファンド」という。）の取得勧誘を行っていた（当社の業務執行については、代表取締役A及び専務取締役のBが、指示、決定、統括している。）。 当社の主張等によれば、本件ファンドの投資対象は、米国事業会社Ｍｏｎｅｙ　Ｍａｎａｇｅｍｅｎｔ　Ｓｔｒａｔｅｇｉｅｓ，ＬＬＣ（以下「米ＭＭＳ社」という。）に対する「信用供与のサポート事業」であり、米ＭＭＳ社によって米国の銀行に開設されたファンド名義の口座（以下「ファンド口座」という。）へ出資金を送金するだけで、米ＭＭＳ社から高額の手数料報酬を受領できるとのことである。その具体的内容は、以下のとおりとされている。 イ．当社は米ＭＭＳ社との間で資産運用に関する「ＥＸＣＬＵＳＩＶＥ　ＰＲＩＶＡＴＥ　ＰＲＯＧＲＡＭ」という名称の契約（以下「ＥＰＰ契約」という。）を締結し、同契約に基づき、米ＭＭＳ社は米国の銀行にファンド口座を開設する。 ロ．当社は、募集した出資金をファンド口座に送金する。 ハ．米国の銀行と米ＭＭＳ社間の合意に基づき、ファンド口座の残高相当額のクレジットラインが米ＭＭＳ社口座（トレーディングアカウント）に対して設定され、口座残高相当額が米ＭＭＳ社口座に信用供与される。 ニ．クレジットラインの設定に伴い、ファンド口座は米国の銀行によって封鎖（ブロック）され、かつ、担保にも供されない状態に置かれる。 ホ．米ＭＭＳ社は、米国の銀行から信用供与を受け、資産運用の極秘プログラムである「ＥＸＣＬＵＳＩＶＥ　ＰＲＩＶＡＴＥ　ＰＲＯＧＲＡＭ」によりデリバティブ等による運用を行うが、当社に対しては、当該運用の成績に関係なく、ＥＰＰ契約に基づき、ファンド口座残高の４０％をクレジットライン開設のための手数料報酬として支払う（２月、５月、８月及び１１月に１年分の報酬が分割して支払われる。）。 ヘ．当社は、米ＭＭＳ社から受領した手数料報酬の５０％（すなわちファンド口座残高の２０％）を上限に出資者へ配当し、残りを営業報酬として取得する。 そして、当社は、平成２４年１１月頃から同２６年７月頃までの間に、延べ６５名の顧客に対し、総額約５億３０００万円のファンド持分を取得させている（ファンドⅠ：延べ３３名、約３億５０００万円。ファンドII：延べ３２名、約１億８０００万円。）。 そのような中、本件ファンド業務の運営状況等を検証したところ、以下の問題点が認められた。 (1)　金融商品取引契約の締結又はその勧誘に関して、顧客に対し虚偽のことを告げる行為 ア　出資金の使途等に関する虚偽告知 当社は、本件ファンドに係る匿名組合契約の締結又はその勧誘に際し、出資金の使途等に関して、「本件ファンドの出資対象事業はクレジットライン開設への信用供与サポート事業である。出資金はその他の目的には使われない。」などと説明しているほか、本件ファンドの契約書にも「出資金は信用供与のサポート事業のためにのみ使う。」と明記している。 また、当社は、「出資金の送金先である米国の銀行に開設されたファンド口座は、同行によって１年間封鎖（ブロック）される。」などと説明しているほか、その旨を明記した契約締結前交付書面等を顧客に交付している。 しかしながら、ファンド口座に送金した出資金は、本件ファンドの手数料報酬の支払、同報酬とは別のA及びBの各個人に対する金銭支払、米ＭＭＳ社の関係先会社への振込出金、米ＭＭＳ社関係者によるクレジットカード決済への支払等に充当されるなど、全く封鎖（ブロック）されておらず、信用供与サポート事業には充てられていなかった。 イ　配当金の支払に関する虚偽告知 当社は、配当金の支払に関して、「配当金は信用供与サポート事業の成果の分配として、米ＭＭＳ社から当社へ支払われる手数料報酬から、当社によって支払われる。」などと説明しているほか、本件ファンドの契約書においても、「本件ファンドの収益は米ＭＭＳ社から支払われる手数料報酬である。」と明記している。 しかしながら、ファンド口座の内容は、上記ア記載のとおりであり、配当金の支払原資には、ファンド口座に送金された出資金が充てられていた。 当社によるファンドⅠの出資持分に係る上記説明は、金融商品取引契約の締結又はその勧誘に関して、顧客に対し虚偽のことを告げる行為に該当する（金融商品取引法（以下「金商法」という。）第６３条第４項・第３８条第１号。なお、下記（２）の無登録営業に該当するファンドIIの出資持分に係る説明は、投資者保護上問題のある行為に該当する。）。 なお、当社は、ファンド口座は封鎖（ブロック）されておらず、出資金が信用供与サポート事業以外に使われていることなどの可能性が高いことを認識していたにもかかわらず、出資金が引き出されないようにするための適切な措置等を講じることなく漫然と出資者に対する取得勧誘を継続していたものである。 (2)　第二種金融商品取引業に係る無登録営業 特例業務については、１名以上の適格機関投資家を相手方とする取得勧誘が行われることが要件の一つとされている。 当社は、ファンドIIに唯一の適格機関投資家として出資しているのは、Ｘ投資事業有限責任組合としていた。 しかしながら、当社は、実際には、ファンドIIに係る特例業務の開始当初から、Ｘ投資事業有限責任組合を含む適格機関投資家からの出資を全く受けていないことから、ファンドIIの出資持分の取得勧誘は、金商法第６３条第１項第１号に規定する特例業務の要件を充足していない。 したがって、当社が業として行った上記行為は、金商法第２８条第２項に規定する「第二種金融商品取引業」に該当し、当社が同法第２９条に基づく登録を受けることなく、上記行為を行うことは、同条に違反するものと認められる。 参考資料（PDF:57KB） （参考条文） 金融商品取引法（昭和23年法律第25号）(抄) （登録） 第二十九条　金融商品取引業は、内閣総理大臣の登録を受けた者でなければ、行うことができない。 （禁止行為） 第三十八条　金融商品取引業者等又はその役員若しくは使用人は、次に掲げる行為をしてはならない。ただし、第四号から第六号までに掲げる行為にあつては、投資者の保護に欠け、取引の公正を害し、又は金融商品取引業の信用を失墜させるおそれのないものとして内閣府令で定めるものを除く。 一　金融商品取引契約の締結又はその勧誘に関して、顧客に対し虚偽のことを告げる行為 二～七　（略） （適格機関投資家等特例業務） 第六十三条　次の各号に掲げる行為については、第二十九条及び第三十三条の二の規定は、適用しない。 一　適格機関投資家等（適格機関投資家以外の者で政令で定めるもの（その数が政令で定める数以下の場合に限る。）及び適格機関投資家をいう。以下この条において同じ。）で次のいずれにも該当しない者を相手方として行う第二条第二項第五号又は第六号に掲げる権利に係る私募（適格機関投資家等（次のいずれにも該当しないものに限る。）以外の者が当該権利を取得するおそれが少ないものとして政令で定めるものに限る。） イ～ハ（略） 二（略） ２・３（略） ４　特例業務届出者が適格機関投資家等特例業務を行う場合においては、当該特例業務届出者を金融商品取引業者とみなして、第三十八条（第一号に係る部分に限る。）及び第三十九条並びにこれらの規定に係る第八章の規定を適用する。 ５～８　（略）
2015-01-14,,,ＭＡＳＴＥＲＳ　ＤＰＢ　ＬＩＭＩＴＥＤ及びその役員１名の金融商品取引法違反行為に係る裁判所への申立てについて（平成27年1月14日）,https://www.fsa.go.jp/sesc/news/c_2015/2015/20150114-1.html,平成２７年１月１４日 証券取引等監視委員会 ＭＡＳＴＥＲＳ　ＤＰＢ　ＬＩＭＩＴＥＤ及びその役員１名の金融商品取引法違反行為に係る裁判所への申立てについて １．申立ての内容等 証券取引等監視委員会が、ＭＡＳＴＥＲＳ　ＤＰＢ　ＬＩＭＩＴＥＤ（本店　ニュージーランド・オークランド市、日本支店　東京都港区、資本金１００ニュージーランドドル、役職員１名、金融商品取引業の登録等はない。以下「当社」という。）に対して金融商品取引法（以下「金商法」という。）第１８７条第１項に基づく調査を行った結果、下記２．の事実が認められたことから、本日、証券取引等監視委員会は、金商法第１９２条第１項の規定に基づき、東京地方裁判所に対し、当社及び当社の代表取締役兼日本における代表者A（以下、当社及びAを併せて「当社ら」という。）を被申立人として金商法違反行為（無登録で、投資一任契約を締結し、当該契約に基づき、金融商品の価値等の分析に基づく投資判断に基づいて有価証券等に対する投資として、金銭等の運用を業として行うこと）の禁止及び停止を命ずるよう申立てを行った。 なお、本申立ては、今後契約の解約等を希望する既存投資家に対し、当社らにおいて契約の解約等に必要な手続き（返金手続きを含む。）を行うことの禁止及び停止を求めるものではない。 ２．事実関係 当社らは、平成２５年３月以降、多数の日本の一般投資家に対し、「ビジネスパック」という名称の商品（以下「ビジネスパック」という。）を販売しており、その内容は、（１）資産形成に関するメールマガジンの配信等、（２）アフィリエイト・プログラム（顧客紹介と報酬支払）への参加権、（３）資産運用を行うための口座の提供などである。 さらに、当社らは、ビジネスパックを購入した顧客のうち資産運用を希望する者がいた場合、ウェブサイト上に表示される投資一任契約基本約款に同意させる方法により、投資判断の委任及び当該顧客から預託を受けた口座内の資金の操作等に必要な権限の委任を受けた上で、当社が運用を行う「セパレートリーマネージドアカウント」という名称の口座（以下「ＳＭＡ口座」という。）において顧客から預託を受けた運用資金を受け入れており、これにより当該顧客との間で投資一任契約を締結している。 また、当社らは、平成２６年１０月以降、「ＭＡＳＴＥＲＳ　ＤＰＢ　ＬＩＭＩＴＥＤ　ＡＤＶＡＮＣＥ」という新たな名称のサービス（以下「アドバンス」という。）の取扱いを開始し、顧客からＳＭＡ口座における運用を委任する旨の申し出を受けた上で同口座に運用資金を受け入れている。 そして、当社らは、投資一任契約に基づき、少なくともＳＭＡ口座の資金の一部を国内株式等に投資して運用を行っている。 以上の結果、当社らは、平成２５年３月頃から平成２６年１２月頃までの間、少なくとも延べ９４０名の一般投資家から約７億円の資金の預託を受けている。 当社らの上記行為は、金商法第２８条第４項第１号に規定する「投資運用業」に該当し、無登録でこれを行うことは同法第２９条に違反するものである。 そして、当社らは、上記のとおり、平成２６年１０月に新たなサービスとしてアドバンスの取扱いを開始したばかりであり、また、平成２５年３月以降長期にわたり無登録投資運用業を継続して行ってきたものである。 また、当社らは、本来運用のみに用いられるべきＳＭＡ口座内に入金された資金を、上記アフィリエイト・プログラムにおける顧客紹介に対する報酬等の会社事業のための支払いにも充当しているほか、運用益が全く生じていないにもかかわらず運用資金等を原資に配当を行うなど、運用資金について極めて杜撰な管理を行っている。 以上に加え、Aは、平成２４年９月頃から当社が設立されるまでの間、国内法人である株式会社マスターズを用いて同様の無登録投資運用業を行っていた。 以上からすれば、当社らは上記違法行為を今後も行う蓋然性が高く、これを可及的速やかに禁止・停止させる必要がある。 参考資料（PDF:46KB） （クリックすると拡大されます） 参考条文 ○投資運用業 金融商品取引法(抄) （定義） 第二条 （略） ２～７ （略） ８ この法律において 「金融商品取引業」とは、次に掲げる行為（略）のいずれかを業として行うこと をいう。 一～十一（略） 十二 次に掲げる契約を締結し、当該契約に基づき、金融商品の価値等の分析に基づく投資判断に基づいて有価証券又はデリバティブ取引に係る権利に対する投資として、金銭その他の財産の運用（その指図を含む。以下同じ。）を行うこと 。 イ　（略） ロ　イに掲げるもののほか、 当事者の一方が、相手方から、金融商品の価値等の分析に基づく投資判断の全部又は一部を一任されるとともに、当該投資判断に基づき当該相手方のため投資を行うのに必要な権限を委任されることを内容とする契約（以下「投資一任契約」という。） 十三～十八（略） ９～39 （略） 第二十八条 （略） ２～３ （略） ４ この章において 「投資運用業」とは、金融商品取引業のうち、次に掲げる行為のいずれかを業として行うこと をいい、（略）。 一 第二条第八項第十二号に掲げる行為 二　（略） 三　（略） ５～８ （略） （登録） 第二十九条 金融商品取引業は、内閣総理大臣の登録を受けた者でなければ、行うことができない。 ○緊急差止命令に係る申立て 金融商品取引法(抄) （審問等に関する調査のための処分） 第百八十七条 内閣総理大臣又は内閣総理大臣及び財務大臣は、この法律の規定による審問、この法律の規定による処分に係る聴聞又は 第百九十二条の規定による申立てについて、必要な調査をするため、当該職員に、次に掲げる処分をさせることができる 。 一　関係人若しくは参考人に出頭を命じて意見を聴取し、又はこれらの者から意見書若しくは報告書を提出させること。 二　鑑定人に出頭を命じて鑑定させること。 三　関係人に対し帳簿書類その他の物件の提出を命じ、又は提出物件を留めて置くこと。 四　関係人の業務若しくは財産の状況又は帳簿書類その他の物件を検査すること。 ２ （略） （裁判所の禁止又は停止命令） 第百九十二条 裁判所は、緊急の必要があり、かつ、公益及び投資者保護のため必要かつ適当であると認めるときは、内閣総理大臣又は内閣総理大臣及び財務大臣の申立てにより、この法律又はこの法律に基づく命令に違反する行為を行い、又は行おうとする者に対し、その行為の禁止又は停止を命ずることができる。 ２ 裁判所は、前項の規定により発した命令を取り消し、又は変更することができる。 ３ 前二項の事件は、被申立人の住所地又は第一項に規定する行為が行われ、若しくは行われようとする地の地方裁判所の管轄とする。 ４ 第一項及び第二項の裁判については、非訟事件手続法 （平成二十三年法律第五十一号）の定めるところによる。 第百九十八条 次の各号のいずれかに該当する者は、三年以下の懲役若しくは三百万円以下の罰金に処し、又はこれを併科する。 一～七　（略） 八 第百九十二条第一項又は第二項の規定による裁判所の命令に違反した者 第二百七条 法人（中略）の代表者又は法人若しくは人の代理人、使用人その他の従業者が、その法人又は人の業務又は財産に関し、次の各号に掲げる規定の違反行為をしたときは、その行為者を罰するほか、その法人に対して当該各号に定める罰金刑を、その人に対して各本条の罰金刑を科する。 一・二 （略） 三 第百九十八条（中略）又は第百九十八条の三から第百九十八条の五まで　三億円以下の罰金刑 四～六 （略） ２・３ （略）
