date,stock_name,stock_code,title,link,content
証券取引等監視委員会委員長からのメッセージ（平成28年12月13日）,,,証券取引等監視委員会委員長からのメッセージ（平成28年12月13日）,https://www.fsa.go.jp/sesc/news/c_2016/2016/20161213-1.html,証券取引等監視委員会委員長からのメッセージ このたび、証券取引等監視委員会委員長に就任いたしました。改めて、その責任の重さを痛感し、身が引き締まる思いでございます。 証券取引等監視委員会は、市場の公正性・透明性の確保や投資者の保護を図り、もって経済の健全な発展に寄与することを使命としており、来年には、平成４年の発足時から数えて25周年を迎えることとなります。 少子高齢化で様々な課題を抱えた日本の経済成長にとって、投資の活発化の阻害要因となり得る市場の不公正を排除・防止し、透明性を高めることは極めて重要であり、市場監視を行う証券取引等監視委員会の役割も変革・増大しているところであると認識しております。 また、近年は証券取引や金融商品等の多様化・複雑化・グローバル化が進み、我が国市場を巡る状況は大きく変化しております。具体的には、ＩＴ技術の発展に伴いアルゴリズム取引などの新しい手法が増加し、インサイダー取引に関する重要事実も多様化しているほか、上場企業の開示規制違反に関しては、日本を代表するグローバル企業で発覚した大規模な不適正会計事案や、グローバル化に対応した企業の海外子会社の管理態勢の不備等に起因する事例などもみられます。 このような状況に対応するため、マクロ経済情報の収集・分析を踏まえたフォワードルッキングな観点からの市場監視の強化、事案の多様化・複雑化・巧妙化に対応するための検査・調査手法の一層の向上、また、従来型の問題企業の摘発に加えて大規模上場会社における開示の適正性等の検証を実施していく必要があります。 金融商品取引業者等に対する検査においては、多様な業態、顧客及び複雑化・多様化する金融商品・取引それぞれの特性を踏まえ、リスク感度を一層高め、情報の収集・分析能力を強化することが課題と考えております。 加えて、クロスボーダー取引による違反行為に対しては、海外当局と連携して対応するとともに、内外プロ投資家による不公正取引にも引き続き厳正に対処していく必要があります。 証券取引等監視委員会としては、関係当局や自主規制機関等との連携を密にしつつ、より実効性のある効率的な市場監視を行い、公正・透明で信頼される市場の構築や投資者保護の確保に向け、国民の皆様の信頼に応えてまいる所存ですので、ご理解とご協力を賜りますようお願い申し上げます。 平成28年12月　証券取引等監視委員会委員長　長谷川充弘
2016-12-07,スターホールディングス株式会社,,スターホールディングス株式会社株券に係る内部者取引事件の告発について（平成28年12月7日）,https://www.fsa.go.jp/sesc/news/c_2016/2016/20161207-1.html,English version 平成２８年１２月７日 証券取引等監視委員会 スターホールディングス株式会社株券に係る内部者取引事件の告発について 証券取引等監視委員会は、本日、金融商品取引法違反（内部者取引）の嫌疑で、嫌疑者１名を横浜地方検察庁に告発した。告発の対象となった犯則事実については下記のとおり。 １．告発の対象となった犯則事実 犯則嫌疑者は、平成２６年１０月１日頃、Ａから、緑株式会社の業務執行を決定する機関が、東京証券取引所が開設するジャスダック市場に上場されていたスターホールディングス株式会社（以下「スターホールディングス」という。）株券の公開買付けを行うことについての決定をした旨の公開買付けの実施に関する事実の伝達を受け、同事実の公表前に同社株券を買い付け、その公表後に売り付けて利益を得ようと考え、法定の除外事由がないのに、同事実の公表前である同月２日から平成２７年２月５日までの間、証券会社を介し、犯則嫌疑者名義でスターホールディングス株券合計５万９４００株を代金合計２１２４万８２００円で買い付けたものである。 ２．関連条文 金融商品取引法第１９７条の２第１３号、第１６７条第３項、同条第１項第１号 法定刑：５年以下の懲役若しくは５００万円以下の罰金又は併科
証券取引等監視委員会の第９期の体制がスタートしました。（新委員長、委員の略歴を掲載しました。）（平成28年12月13日）,,,証券取引等監視委員会の第９期の体制がスタートしました。（新委員長、委員の略歴を掲載しました。）（平成28年12月13日）,https://www.fsa.go.jp/sesc/aboutsesc/aboutsesc.html,証券監視委について 委員長からのメッセージ 証券取引等監視委員会委員長からのメッセージ　※更新中 委員長、委員の略歴 中原委員長 加藤委員 橋本委員 委員会の開催状況 令和７年11月開催 11月      7日（金） 第164回証券取引等監視委員会開催（ 議事要旨 ） 11月    11日（金） 第165回証券取引等監視委員会開催（ 議事要旨 ） 11月    14日（火） 11月    18日（金） 11月    21日（金） 11月    26日（水） 11月    28日（金） 第166回証券取引等監視委員会開催（ 議事要旨 ） 第167回証券取引等監視委員会開催（ 議事要旨 ） 第168回証券取引等監視委員会開催（ 議事要旨 ） 第169回証券取引等監視委員会開催（ 議事要旨 ） 第170回証券取引等監視委員会開催（ 議事要旨 ） ※ 過去の開催状況 （平成27年10月以降） 第11期活動方針 証券取引等監視委員会 中期活動方針（第11期：2023年～2025年）　本文 証券取引等監視委員会 中期活動方針（第11期：2023年～2025年）　概要 証券取引等監視委員会創立25周年記念国際コンファレンス 証券取引等監視委員会創立25周年記念国際コンファレンス 歴代委員長からのメッセージ 組織及び事務概要 証券監視委パンフレット 証券監視委の所在地等 組織及び事務概要 令和７年度機構・定員（PDF/90KB） 証券監視委の定員推移（PDF/35KB） 証券監視委と内閣総理大臣、金融庁長官及び財務局長等の関係の概念図（PDF/118KB） 組織・事務に係る法令の概要 証券監視委の法令等遵守に関する取組み 証券監視委の法令等遵守に関する通報・相談窓口
2016-12-06,モルガン・スタンレーＭＵＦＧ証券株式会社,,モルガン・スタンレーＭＵＦＧ証券株式会社による株式会社西武ホールディングス株式に係る相場操縦に対する課徴金納付命令の勧告について（平成28年12月6日）,https://www.fsa.go.jp/sesc/news/c_2016/2016/20161206-2.html,"English version 平成２８年１２月６日 証券取引等監視委員会 モルガン・スタンレーＭＵＦＧ証券株式会社による株式会社西武ホールディングス株式に係る相場操縦に対する課徴金納付命令の勧告について １．勧告の内容 証券取引等監視委員会は、モルガン・スタンレーＭＵＦＧ証券株式会社（法人番号2011001046046　以下「モルガン・スタンレーＭＵＦＧ証券」という。）による相場操縦について検査した結果、下記のとおり法令違反の事実が認められたので、本日、内閣総理大臣及び金融庁長官に対して、金融庁設置法第２０条第１項の規定に基づき、課徴金納付命令を発出するよう勧告を行った。 ２．法令違反の事実関係 モルガン・スタンレーＭＵＦＧ証券は、第一種金融商品取引業を行うことにつき関東財務局長の登録を受けている株式会社であるが、トレーディング業務等に従事していた者において、同社の業務に関し、東京証券取引所市場第一部に上場されている株式会社西武ホールディングスの株式につき、同株式の売買を誘引する目的をもって、別表１記載のとおり、平成２７年９月２４日から同年１０月６日まで及び同年１０月１３日から同年１０月１９日までの間、合計１４取引日にわたり、株式会社東京証券取引所において、買い付ける意思がないのに、最良買い気配値付近に多数の買い注文を発注するなどの方法により、同株式合計４１万６５００株を買い付けるとともに、同株式合計９２５万８０００株の買付けの申込みを行い、もって、自己の計算において、同株式の売買が繁盛であると誤解させ、かつ、同市場における同株式の相場を変動させるべき一連の売買及び申込みをしたものである。 モルガン・スタンレーＭＵＦＧ証券が行った上記の行為は、金融商品取引法第１７４条の２第１項に規定する「第１５９条第２項第１号の規定に違反する一連の有価証券売買等」及び「その申込み」に該当すると認められる。 違反行為事実の概要等については、 別紙１ のとおり。 ３．課徴金の額の計算 上記の違法行為について金融商品取引法に基づき算定される課徴金の額は、２億１９８８万円である。 計算方法の詳細については、 別紙２ のとおり。 ４．その他 本件については、日本取引所自主規制法人より提供された情報も参考として、実態解明を行ったものである。 （別紙１） 違反行為概要図 （クリックすると拡大されます） （別紙２） ○ 課徴金の額の計算方法について １．当該違反行為に係る課徴金の額は、金融商品取引法第１７４条の２第１項の規定により、 (1) 当該違反行為に係る有価証券の売買対当数量 （注１） に係るものについて、自己の計算による当該有価証券の売付け等の価額から、自己の計算による当該有価証券の買付け等の価額を控除した額 （注１）売買対当数量：当該違反行為に係る有価証券の売付け等数量と買付け等数量のうち、いずれか少ない数量をいう。 及び (2) 当該違反行為に係る自己の計算による有価証券の買付け等の数量が当該違反行為に係る自己の計算による有価証券の売付け等の数量を超える場合は、当該違反行為が終了してから１月を経過するまでの間の各日における当該違反行為に係る有価証券等に係る有価証券の売付け等についての同法第６７条の１９又は第１３０条に規定する最高の価格のうち最も高い価格に当該超える数量を乗じて得た額から、当該超える数量に係る有価証券の買付け等の価額を控除した額 を合計し、 (3) 金融商品取引法第１７６条第２項の規定により、前記(1)及び(2)の合計額に一万円未満の端数があるときは、その端数を切り捨てる ことで算出される。 ２．本件では、 (1) 売買対当数量 （注２） に係る課徴金の額　171,419,318円 （注３） （注２）当該違反行為に係る売買対当数量は、以下により2,396,127株となる。 ( i ) 当該違反行為に係る自己の計算による有価証券の売付け等の数量は、当該違反行為に係る自己の計算による売付け等の数量2,255,700株に、当該違反行為の開始時に特定関係者の計算において当該違反行為に係る有価証券を有しないで又は借り入れて売り付けており、金融商品取引法第１７４条の２第６項、第７項、金融商品取引法施行令第３３条の１２第１号及び金融商品取引法第六章の二の規定による課徴金に関する内閣府令第１条の１７の規定により、違反行為開始時にその時における価格（2,296円）で売付け等を自己の計算においてしたものとみなされる140,427株を加えた、2,396,127株となる。 (ii) 当該違反行為に係る自己の計算による有価証券の買付け等の数量は、当該違反行為に係る自己の計算による買付け等の数量416,500株に、当該違反行為の開始時に自己が所有しており、金融商品取引法第１７４条の２第８項及び金融商品取引法施行令第３３条の１３第１号の規定により、違反行為開始時にその時における価格（2,296円）で買付け等を自己の計算においてしたものとみなされる2,122,708株を加えた、2,539,208株となる。 （注３）算定式は別表２のとおり。 及び (2) 当該違反行為に係る自己の計算による有価証券の売付け等の数量を超える当該違反行為に係る有価証券の買付け等の数量（143,081株）に係る課徴金の額　48,461,790円 （注４） （注４）当該違反行為が終了してから、１月を経過するまでの間の各日における当該違反行為に係る有価証券の売付け等についての金融商品取引法第１３０条に規定する最高の価格のうち最も高い価格（2,664円）に当該超える数量（143,081株（2,539,208株－2,396,127株））を乗じて得た額（381,167,784円）から、当該超える数量に係る有価証券の買付け等の価額（332,705,994円）を控除することで算出される。 を合計し（219,881,108円）、 (3) 一万円未満の端数（1,108円）を切り捨てた金額である ２億１９８８万円が課徴金の額となる。 【参考】課徴金の額の計算に係る考え方の例 （ 別表１（PDF：38KB） ） （ 別表２（PDF：25KB） ）"
2016-12-09,株式会社ハナテン,,株式会社ハナテン役員からの情報受領者２名による内部者取引違反行為及び当該役員による公開買付けの実施に関する事実に係る伝達違反行為に対する課徴金納付命令の勧告について（平成28年12月9日）,https://www.fsa.go.jp/sesc/news/c_2016/2016/20161209-1.html,"English version 平成２８年１２月９日 証券取引等監視委員会 株式会社ハナテン役員からの情報受領者２名による内部者取引違反行為及び当該役員による公開買付けの実施に関する事実に係る伝達違反行為に対する課徴金納付命令の勧告について １．勧告の内容 証券取引等監視委員会は、株式会社ハナテン役員からの情報受領者２名による内部者取引及び当該役員による公開買付けの実施に関する事実に係る伝達について検査した結果、下記のとおり法令違反の事実が認められたので、本日、内閣総理大臣及び金融庁長官に対して、金融庁設置法第２０条第１項の規定に基づき、課徴金納付命令を発出するよう勧告を行った。 ２．法令違反の事実関係 （１）課徴金納付命令対象者（１）について 課徴金納付命令対象者（１）は、株式会社ハナテン（以下「ハナテン」という。平成２８年１月２１日上場廃止。）の役員である課徴金納付命令対象者（３）から、同人が、職務に関し株式会社ビッグモーター（以下「ビッグモーター」という。）の役員からの伝達により知った、同社の業務執行を決定する機関が、ハナテン株式の公開買付けを行うことについての決定をした旨の公開買付けの実施に関する事実の伝達を受けながら、上記事実の公表がされた平成２７年１０月３０日より前の同年７月１５日、自己の計算において、ハナテン株式合計２万株を買付価額合計８６０万６２００円で買い付けたものである。 違反行為事実の概要については、 別図 のとおり。 課徴金納付命令対象者（１）が行った上記の行為は、金融商品取引法第１７５条第２項に規定する「第１６７条第１項又は第３項の規定に違反して、同条第１項に規定する特定株券等若しくは関連株券等に係る買付け等」をした行為に該当すると認められる。 （２）課徴金納付命令対象者（２）について 課徴金納付命令対象者（２）は、ハナテンの役員である課徴金納付命令対象者（３）から、同人が、職務に関しビッグモーターの役員からの伝達により知った、同社の業務執行を決定する機関が、ハナテン株式の公開買付けを行うことについての決定をした旨の公開買付けの実施に関する事実の伝達を受けながら、上記事実の公表がされた平成２７年１０月３０日より前の同年１０月１９日から同月２７日にかけて、自己及び自己以外の者の計算において、ハナテン株式合計１万６２００株を買付価額合計６３１万２１００円で買い付けたものである。 違反行為事実の概要については、 別図 のとおり。 課徴金納付命令対象者（２）が行った上記の行為は、金融商品取引法第１７５条第２項に規定する「第１６７条第１項又は第３項の規定に違反して、同条第１項に規定する特定株券等若しくは関連株券等に係る買付け等」をした行為に該当すると認められる。 （３）課徴金納付命令対象者（３）について ア．違反行為事実A 課徴金納付命令対象者（３）は、ハナテンの役員であるが、同人が、職務に関しビッグモーターの役員からの伝達により知った、同社の業務執行を決定する機関が、ハナテン株式の公開買付けを行うことについての決定をした旨の公開買付けの実施に関する事実を、課徴金納付命令対象者（１）に対し、上記事実の公表がされる前にハナテン株式の買付けをさせることにより課徴金納付命令対象者（１）に利益を得させる目的をもって、伝達したものである。 課徴金納付命令対象者（１）は、上記事実の公表がされた平成２７年１０月３０日より前の同年７月１５日、自己の計算において、ハナテン株式合計２万株を買付価額合計８６０万６２００円で買い付けたものである。 イ．違反行為事実B 課徴金納付命令対象者（３）は、上記事実を、課徴金納付命令対象者（２）に対し、上記事実の公表がされる前にハナテン株式の買付けをさせることにより課徴金納付命令対象者（２）に利益を得させる目的をもって、伝達したものである。 課徴金納付命令対象者（２）は、上記事実の公表がされた平成２７年１０月３０日より前の同年１０月１９日から同月２７日にかけて、自己の計算において，ハナテン株式合計８５００株を買付価額合計３３１万２１００円で買い付けたものである。 違反行為事実の概要については、 別図 のとおり。 課徴金納付命令対象者（３）が行った上記ア．ないしイ．の行為は、金融商品取引法第１７５条の２第２項に規定する「第１６７条の２第２項の規定に違反して、同項の伝達をし、又は同項の買付け等若しくは売付け等をすることを勧める」行為に該当すると認められる。 ３．課徴金の額の計算 上記の違法行為に対し、金融商品取引法に基づき納付を命じられる課徴金の額は、下記のとおりである。 課徴金納付命令対象者（１） ２１７万円 課徴金納付命令対象者（２） １７７万円 課徴金納付命令対象者（３） １７１万円 計算方法の詳細については、 別紙 のとおり。 ４．その他 本件については、日本取引所自主規制法人より提供された情報も参考として、実態解明を行ったものである。 （別図） ○ 違反行為事実の概要について （クリックすると拡大されます） （別紙） ○ 課徴金の額の計算方法について （１）課徴金納付命令対象者（１）について ア．金融商品取引法第１７５条第２項第２号の規定により、当該有価証券の買付けについて、公開買付け等の実施に関する事実の公表がされた後２週間における最も高い価格に当該有価証券の買付けの数量を乗じて得た額から当該有価証券の買付けをした価格にその数量を乗じて得た額を控除した額。 （539円×20,000株） －（428円×2,300株＋429円×6,200株＋430円×3,000株＋432円×8,500株） ＝ 2,173,800円 イ．金融商品取引法第１７６条第２項の規定により、上記ア．で計算した額の１万円未満の端数を切捨て。 （２）課徴金納付命令対象者（２）について ア．自己の計算に係る課徴金の額 金融商品取引法第１７５条第２項第２号の規定により、当該有価証券の買付けについて、公開買付け等の実施に関する事実の公表がされた後２週間における最も高い価格に自己の計算による当該有価証券の買付けの数量 （注１） を乗じて得た額から当該有価証券の買付けをした価格にその数量を乗じて得た額のうち自己以外の者の計算による額 （注２） を控除した額。 ｛539円×（16,200株×3,312,100円／6,312,100円 （注１） ）｝ －｛（382円×200株＋384円×1,300株＋385円×900株＋386円×1,800株 ＋387円×500株＋388円×3,400株＋389円×900株＋390円×4,400株 ＋398円×800株＋399円×2,000株）－3,000,000円 （注２） ｝ ＝ 1,269,670.69円 （注３） （注１）自己の計算による買付けの数量は、自己及び自己以外の者の計算による買付けの数量16,200株に、自己の計算による買付けの額3,312,100円／自己及び自己以外の者の計算による買付けの額6,312,100円を乗じて得た数量。 （注２）自己以外の者から預かった運用資金3,000,000円。 （注３）小数点以下の端数が生じた場合は、小数第三位を切り捨てて表記しているが、計算の過程においては、端数処理は行っていない（当資料において、以下、同じ）。 イ．自己以外の者の計算に係る課徴金の額 金融商品取引法第１７５条第２項第３号ロの規定により、金融商品取引法第１６７条第１項に規定する買付け等をした者が、自己以外の者の計算において、当該買付け等をした場合において、当該者が運用対象財産の運用として当該買付け等を行った者以外の者であるとき、当該買付け等に係る手数料、報酬その他の対価の額として金融商品取引法第六章の二の規定による課徴金に関する内閣府令（以下「課徴金府令」という。）第１条の２１第６項で定める、算定対象取引 （注４） について金融商品取引行為の対価として当該者に支払われ、又は支払われるべき金銭その他の財産の価額の総額。 本件では、自己以外の者の計算による利益 （注５） から、課徴金納付命令対象者（２）が自己以外の者へ運用益として渡した額450,000円を控除した額。 （2,010,933円×3,000,000円／6,312,100円） （注５） － 450,000円 ＝ 505,751.49円 （注４）算定対象取引とは、金融商品取引法第１７５条第２項第３号の特定株券等若しくは関連株券等に係る買付け等を指す（課徴金府令第１条の２１第４項第１号）。 （注５）自己以外の者の計算による利益は、自己及び自己以外の者の計算による純利得額（手数料及び税金控除後）2,010,933円に、3,000,000円／6,312,100円（注６）を乗じて得た額。 （注６）自己及び自己以外の者の計算による買付けの額6,312,100円のうち、3,000,000円は自己以外の者の計算による買付けの額。 ウ．上記ア．ないしイ．により算定した額の合計 1,269,670.69円＋505,751.49円＝1,775,422.18円 エ．金融商品取引法第１７６条第２項の規定により、上記ウ．で計算した額の１万円未満の端数を切捨て。 （３）課徴金納付命令対象者（３）について ア．違反行為事実Aに係る課徴金の額 （ア）金融商品取引法第１７５条の２第２項第３号の規定により、当該違反行為により当該情報受領者等が行った当該買付けによって得た利得相当額に２分の１を乗じて得た額。 ｛（539円×20,000株）－（428円×2,300株＋429円×6,200株＋430円×3,000株＋432円×8,500株）｝×1／2 ＝ 1,086,900円 （イ）金融商品取引法第１７６条第２項の規定により、上記（ア）で計算した額の１万円未満の端数を切捨て。 イ．違反行為事実Bに係る課徴金の額 （ア）金融商品取引法第１７５条の２第２項第３号の規定により、当該違反行為により当該情報受領者等が行った当該買付けによって得た利得相当額に２分の１を乗じて得た額。 〔｛539円×（16,200株×3,312,100円／6,312,100円）｝ －｛（382円×200株＋384円×1,300株＋385円×900株＋386円×1,800株 ＋387円×500株＋388円×3,400株＋389円×900株＋390円×4,400株 ＋398円×800株＋399円×2,000株）－3,000,000円｝〕×1／2 ＝ 634,835.34 （イ）金融商品取引法第１７６条第２項の規定により、上記（ア）で計算した額の１万円未満の端数を切捨て。 ウ．上記ア．ないしイ．により算定した額の合計 1,080,000円＋630,000円＝1,710,000円 となる。"
2016-12-02,イー・アセットマネジメント株式会社,,イー・アセットマネジメント株式会社に対する検査結果及び勧告について（平成28年12月2日）,https://www.fsa.go.jp/sesc/news/c_2016/2016/20161202-4.html,English version 平成28年12月２日 証券取引等監視委員会 イー・アセットマネジメント株式会社に対する検査結果及び勧告について １．検査結果 関東財務局長がイー・アセットマネジメント株式会社（東京都中央区、法人番号9010001130778、資本金500万円、常勤役職員１名、適格機関投資家等特例業務届出者。金融商品取引業の登録はない。以下「当社」という。）を検査した結果、下記のとおり、当該適格機関投資家等特例業務届出者に係る問題が認められた。 ２．事実関係 当社は、適格機関投資家等特例業務（以下「特例業務」という。）として、自らを業務執行組合員とする任意組合及び自らを営業者とする匿名組合（以下、これらの組合を「ファンド」という。）計21本に係る権利の取得勧誘及び出資金の運用を行っている（出資者：延べ578名、出資総額：約16億円（途中解約を含み、適格機関投資家を除く。））。今回検査において、当社の特例業務の運営状況を検証したところ、以下の問題が認められた。 ○投資者保護上問題のある業務運営 （１）ファンドの運用財産と自己の固有財産の分別管理を行っていない状況 当社は、ファンドの運用財産と当社の固有財産を渾然一体として管理していることから、ファンドごとに出資金を分別しておらず、投資先からの収益及び損失が、どのファンドに帰属するのか判別できない。 （２）出資金を当社への貸付けに流用している状況 当社は、当社の会社経費等に充てるために、出資金を当社への貸付けに流用しているが、ファンドへの返済の目途は立っていない。 こうした中、当社は、出資者に対する出資金返還計画の説明に際し、ファンドから当社へ貸し付けた貸付金をファンドの資産に計上せず、本来支払うべき金額よりも過少に算定した出資金返還額を提示して出資者の同意を得ており、虚偽の説明により、組合契約を継続させている状況が認められた。 当社は、平成27年法律第32号による改正後の金融商品取引法の施行日（平成28年３月１日）以降においても、上記（１）及び（２）の状況の改善を図ることなく、不適切な業務運営を継続しており、このような当社の業務運営は、投資者保護上重大な問題があると認められ、金融商品取引法第63条の５第１項に規定する「業務の運営に関し、公益又は投資者保護のため必要かつ適当であると認めるとき」に該当するものと認められる。 ３．勧告の内容 上記事実関係については、平成27年法律第32号による改正後の金融商品取引法の施行日（平成28年３月１日）以降も継続していること等から、本日、証券取引等監視委員会は、内閣総理大臣及び金融庁長官に対して、金融庁設置法第20条第1項に基づき、行政処分を行うよう勧告した。 参考資料（PDF：288KB） （参考条文） ○金融商品取引法（昭和23年法律第25号）（抄） （特例業務届出者に対する監督上の処分等） 第六十三条の五内閣総理大臣は、特例業務届出者の業務の運営に関し、公益又は投資者保護のため必要かつ適当であると認めるときは、その必要の限度において、当該特例業務届出者に対し、業務の運営の改善に必要な措置をとるべきことを命ずることができる。 （以下、略）
2016-12-06,株式会社ＡＭオンライン,,株式会社ＡＭオンラインに対する検査結果に基づく勧告について（平成28年12月6日）,https://www.fsa.go.jp/sesc/news/c_2016/2016/20161206-1.html,English version 平成28年12月６日 証券取引等監視委員会 株式会社ＡＭオンラインに対する検査結果に基づく勧告について １．勧告の内容 関東財務局長が株式会社ＡＭオンライン（東京都千代田区、法人番号6010001141043、資本金1500万円、常勤役職員９名、投資助言・代理業）を検査した結果、下記のとおり、当該金融商品取引業者に係る問題が認められたので、本日、証券取引等監視委員会は、内閣総理大臣及び金融庁長官に対して、金融庁設置法第20条第１項の規定に基づき、行政処分を行うよう勧告した。 ２．事実関係 （１）金融商品取引契約の締結又はその勧誘に関して、顧客に対し虚偽のことを告げる行為及び顧客に対し、不確実な事項について断定的判断を提供し、金融商品取引契約の締結の勧誘をする行為 株式会社ＡＭオンライン（以下「当社」という。）は、投資助言業として、当社の投資助言サイト「トレーダーズ・ブレイン・マーケット」及び「常勝トレンド．ＣＯＭ」に無料会員登録した者等（以下「見込顧客」という。)に対し、頻繁（毎日複数回）に、多い時には１回延べ４万人以上に対して電子メールを配信する方法によって、投資顧問契約の締結の勧誘等を行っている。 当社は、見込顧客に対して配信した電子メールや当該メールで誘導した当社運営サイトにおいて、仕手筋に関する情報を入手した旨をうたって、投資顧問契約の締結の勧誘を行っていたが、実際には、当該情報を事前に入手した事実は認められなかった。 このように、当社は、投資顧問契約の締結の勧誘に関して、顧客に対し、当社が仕手筋に関する情報を入手している旨の虚偽の内容を告げて勧誘を行っていたものである（別紙参照）。 この他にも、当社は、投資顧問契約の契約者の人数を限定する意思がないにもかかわらず、「○名様のみ」と記載するなどの虚偽の内容を告げていた。 当社の上記勧誘行為は、金融商品取引法第38条第１号に掲げる「金融商品取引契約の締結又はその勧誘に関して、顧客に対し虚偽のことを告げる行為」に該当する。 また、当社は、見込顧客に配信した電子メールにおいて、「目標株価２倍は確定済み」などと不確実な事項について必ず利益が上がる旨を告げ、投資者の投資意欲をあおった勧誘を行っている状況が認められた。 当社の上記勧誘行為は、金融商品取引法第38条第２号に掲げる「顧客に対し、不確実な事項について断定的判断を提供し、金融商品取引契約の締結の勧誘をする行為」に該当する。 （２）著しく事実に相違する表示又は著しく人を誤認させるような表示のある広告をする行為 当社は、投資助言業者を口コミ等によるランキング形式で紹介している複数のウェブサイトに、当社の広告を掲載していた。 これらのサイトにおいて、当社は、「人気の投資顧問ベスト３」、「優良投資顧問ランキング第５位」等と紹介されていた。 しかし、当該掲載は、当社と広告会社との契約により、当社が必ず上位にランキングされる仕組みとなっており、口コミ等による評価ではないことが認められた。 上記広告は、あたかも当社が第三者の客観的な評価、分析により優良な投資助言業者であると格付けされたかのように、著しく投資者を誤認させる表示であると認められる。 当社の上記行為は、助言の実績に関する事項について著しく事実に相違する表示又は著しく投資者を誤認させるような表示のある広告をする行為であることから、金融商品取引法第37条第２項に違反する。 （別紙） 当社が行った虚偽の告知の例 ○ 仕手筋情報をうたった虚偽の告知 「株価操作」は違法行為です。当然明るみに出れば罰せられる事となりますので、意図的な動きと見えぬよう、まるで材料性から暴騰しているかの様に演出することで投資家の目、当局の目を欺いているのでしょう。 A銘柄の暴騰の陰で暗躍していた筋が存在する事などほとんどの投資家は気がつく術も無いでしょう。 だからこそ姿形を見せないその特徴から弊社では「闇の仕手筋銘柄」と銘打ってご案内しているのです。 既にA銘柄の暴騰で実証済み。あとは闇の仕手筋に乗っていただくだけ！ 弊社の威信をかけた仕手株情報が今ココに （注）上記の「Ａ銘柄」については、当社が見込顧客に配信した電子メール又は当該メールで誘引した当社運営サイトでは、具体的な銘柄名が記載されている。 （参考条文） ○金融商品取引法（昭和23年法律第25号）（抄） （禁止行為） 第三十八条金融商品取引業者等又はその役員若しくは使用人は、次に掲げる行為をしてはならない。ただし、第四号から第六号までに掲げる行為にあつては、投資者の保護に欠け、取引の公正を害し、又は金融商品取引業の信用を失墜させるおそれのないものとして内閣府令で定めるものを除く。 一金融商品取引契約の締結又はその勧誘に関して、顧客に対し虚偽のことを告げる行為 二顧客に対し、不確実な事項について断定的判断を提供し、又は確実であると誤解させるおそれのあることを告げて金融商品取引契約の締結の勧誘をする行為 （以下、略） （広告等の規制） 第三十七条（略） ２金融商品取引業者等は、その行う金融商品取引業に関して広告その他これに類似するものとして内閣府令で定める行為をするときは、金融商品取引行為を行うことによる利益の見込みその他内閣府令で定める事項について、著しく事実に相違する表示をし、又は著しく人を誤認させるような表示をしてはならない。 ○金融商品取引業等に関する内閣府令（平成19年８月６日内閣府令第52号）（抄） （誇大広告をしてはならない事項） 第七十八条法第三十七条第二項 に規定する内閣府令で定める事項は、次に掲げる事項とする。 一～五（略） 六金融商品取引業者等の金融商品取引業（登録金融機関にあっては、登録金融機関業務）の実績に関する事項 （以下、略）
2016-12-02,アセットクリエーション株式会社,,アセットクリエーション株式会社に対する検査結果及び勧告について（平成28年12月2日）,https://www.fsa.go.jp/sesc/news/c_2016/2016/20161202-2.html,English version 平成28年12月２日 証券取引等監視委員会 アセットクリエーション株式会社に対する検査結果及び勧告について １．検査結果 関東財務局長がアセットクリエーション株式会社（長野県長野市、法人番号4100001024364、資本金500万円、常勤役職員２名、適格機関投資家等特例業務届出者。金融商品取引業の登録はない。以下「当社」という。）を検査した結果、下記のとおり、当該適格機関投資家等特例業務届出者に係る問題が認められた。 ２．事実関係 当社は、適格機関投資家等特例業務（以下「特例業務」という。）として、自らを業務執行組合員とする４本の任意組合及び自らを営業者とする３本の匿名組合（以下、これらの組合を「ファンド」という。）の権利の取得勧誘及び出資金の運用を行っている（出資者：延べ309名、出資総額：約10億円（途中解約を含み、適格機関投資家を除く。））。今回検査において、当社の特例業務の運営状況を検証したところ、以下の問題が認められた。 （１）無登録で第二種金融商品取引業及び投資運用業を行っている状況 当社は、前回検査結果（検査基準日：平成27年１月19日）に基づいて同年８月４日付けで関東財務局長から警告書が発せられたことを受け、全てのファンドを清算することとしたものの、検査基準日（同28年６月７日）現在、運用財産として株式等を保有している。 このような中、当社は、運用する全てのファンドに適格機関投資家として唯一出資していた甲投資事業有限責任組合（以下「甲ＬＰＳ」という。）が平成27年３月９日に解散し、その翌日以降、平成27年法律第32号による改正前の金融商品取引法第63条第１項第１号及び第２号に規定する特例業務の要件を満たしていない。 しかし、当社は、甲ＬＰＳの解散後、適格機関投資家からの出資のない状態で、１つの組合において、出資持分の取得勧誘を行っていたほか、株式取引による運用を継続している。 当社が行った上記の行為は、金融商品取引法第28条第２項に規定する「第二種金融商品取引業」及び同条第４項に規定する「投資運用業」に該当し、当社が同法第29条に基づく登録を受けることなく、当該行為を行うことは、同条に違反するものと認められる。 （２）投資者保護上問題のある業務運営 当社のファンドに係る業務運営の状況を検証したところ、以下の問題が認められた。 アファンドの運用財産を買収資金に流用している状況 当社は、平成27年１月及び２月にファンドの投資先である乙合同会社に投資金額の返還等を請求（以下「解約金債権」という。）したが、その回収は難航した。 他方、平成27年３月、当社は、第二種金融商品取引業の登録を受けていた株式会社インフィニット（以下「インフィニット社」という。）を買収するために、当時同社の取締役であり、乙合同会社からの借入金でインフィニット社の株式を全て保有していたＡ氏との間で、株式譲渡に係る交渉を行っていた。 そこで、当社のB代表取締役は、解約金債権が運用財産であることを認識しながら、その大半を流用してＡ氏に譲渡する一方、Ａ氏の所有するインフィニット社の株式を全て取得する契約を締結し、インフィニット社の買収を成立させた（インフィニット社は、買収と同日付けで福美株式会社に商号変更。以下「福美社」という。）。 イ組合契約の解約等に伴うリスクを説明していない状況等 当社は、上記（１）に記載のとおり、全てのファンドを清算することとしたため、平成27年８月中旬までに出資者の組合契約を解約するとともに、当該解約に伴い生じた出資者に対する解約違約金（出資金相当額とその利息）の支払債務を福美社に移転する契約を締結することを決定した。 しかし、当社は、福美社の債務返済能力が乏しい状況にあること等を把握していたにもかかわらず、出資者との契約変更に際し、出資者に対して、元本償還や高利息の支払いについて説明する一方で、福美社の財務状況等を説明することなく契約を変更させている。 また、当社は、解約違約金の算出に当たり、出資者によって異なる方法により解約違約金の支払額を算出しており、出資者間で公平性に欠ける取扱いを行っていた。 ウ解約違約金の利息支払資金等を調達するための社債発行における不適切な取得勧誘 当社は、解約違約金の利息や当社の会社経費等に充当するため、社債を発行するとともに、当社が一体となって業務を運営している福美社、株式会社泉（以下「泉社」という。）、株式会社フィナンシャルパートナーズジャパン（以下「ＦＰＪ社」といい、当社とこれらの会社３社を合わせて「当社外３社」という。）にも、社債を発行させているが、社債の取得勧誘の状況について検証したところ、以下の問題が認められた。 ａ当社は、第一種金融商品取引業の登録を受けていないにもかかわらず、顧客に対し、福美社が発行する社債の取得勧誘を当社職員に行わせていた。 ｂ当社は、顧客に対し、当社外３社が発行する社債の取得勧誘を福美社の従業員に行わせていた。なお、福美社は、第一種金融商品取引業の登録を受けていない。 ｃ当社及び福美社は、当社外３社が発行する社債の信用リスクが高い状況にあるにもかかわらず、当該状況を顧客に説明していないほか、当社は、福美社による泉社及びＦＰＪ社が発行する社債の取得勧誘に際し、事実に反する資金使途を記載した社債発行趣意書等を使用させていた。 エファンドの運用財産と自己の固有財産の分別管理を行っていない状況 当社は、ファンドの運用財産と当社の固有財産を渾然一体として管理していることから、ファンドごとに出資金を分別しておらず、投資先からの収益及び損失が、どのファンドに帰属するのか判別できない。 当社は、平成27年法律第32号による改正後の金融商品取引法の施行日（平成28年３月１日）以降においても、上記アからエまでの状況等（ウ．ａを除く。）の改善を図ることなく、不適切な業務運営を継続しており、このような当社の業務運営は、投資者保護上重大な問題があると認められ、金融商品取引法第63条の５第１項に規定する「業務の運営に関し、公益又は投資者保護のため必要かつ適当であると認めるとき」に該当するものと認められる。 また、当社が行った上記ウ．ａの行為は、金融商品取引法第28条第１項に規定する「第一種金融商品取引業」に該当し、当社が同法第29条に基づく登録を受けることなく、当該行為を行うことは、同条に違反するものと認められる。 ３．勧告の内容 上記事実関係のうち、無登録で投資運用業を行っている状況及び投資者保護上問題のある業務運営（２．（２）ウ．ａを除く。）については、平成27年法律第32号による改正後の金融商品取引法の施行日（平成28年３月１日）以降も継続していることから、当該事実について、本日、証券取引等監視委員会は、内閣総理大臣及び金融庁長官に対して、金融庁設置法第20条第1項に基づき、行政処分を行うよう勧告した。 別紙１（PDF：337KB） 別紙２（PDF：253KB） （参考条文） ○金融商品取引法（昭和23年法律第25号）（抄） （登録） 第二十九条金融商品取引業は、内閣総理大臣の登録を受けた者でなければ、行うことができない。 （適格機関投資家等特例業務） 第六十三条次の各号に掲げる行為については、第二十九条及び第三十三条の二の規定は、適用しない。 一適格機関投資家等（適格機関投資家以外の者で政令で定めるもの（その数が政令で定める数以下の場合に限る。）及び適格機関投資家をいう。以下この条において同じ。）で次のいずれにも該当しない者を相手方として行う第二条第二項第五号又は第六号に掲げる権利に係る私募（適格機関投資家等（次のいずれにも該当しないものに限る。）以外の者が当該権利を取得するおそれが少ないものとして政令で定めるものに限る。） イ～ハ（略） 二第二条第二項第五号又は第六号に掲げる権利（同一の出資対象事業（同項第五号に規定する出資対象事業をいう。）に係る当該権利を有する者が適格機関投資家等（前号イからハまでのいずれにも該当しないものに限る。）のみであるものに限る。）を有する適格機関投資家等から出資され、又は拠出された金銭（これに類するものとして政令で定めるものを含む。）の運用を行う同条第八項第十五号に掲げる行為 （以下、略） （特例業務届出者に対する監督上の処分等） 第六十三条の五内閣総理大臣は、特例業務届出者の業務の運営に関し、公益又は投資者保護のため必要かつ適当であると認めるときは、その必要の限度において、当該特例業務届出者に対し、業務の運営の改善に必要な措置をとるべきことを命ずることができる。 （以下、略） （注）第六十三条の条文は、平成28年３月１日に施行された平成27年法律第32号による改正前のものである。
2016-12-02,ワタベウェディング株式会社,,ワタベウェディング株式会社との契約締結者からの情報受領者による内部者取引に対する課徴金納付命令の勧告について（平成28年12月2日）,https://www.fsa.go.jp/sesc/news/c_2016/2016/20161202-1.html,"English version 平成２８年１２月２日 証券取引等監視委員会 ワタベウェディング株式会社との契約締結者からの情報受領者による内部者取引に対する課徴金納付命令の勧告について １．勧告の内容 証券取引等監視委員会は、ワタベウェディング株式会社との契約締結者からの情報受領者による内部者取引について検査した結果、下記のとおり法令違反の事実が認められたので、本日、内閣総理大臣及び金融庁長官に対して、金融庁設置法第２０条第１項の規定に基づき、課徴金納付命令を発出するよう勧告を行った。 ２．法令違反の事実関係 課徴金納付命令対象者は、ワタベウェディング株式会社（以下「ワタベ」という。）と業務委託契約を締結していたＡ社の役員甲から、同人が同社とワタベとの業務委託契約の履行に関し知った、ワタベの業務執行を決定する機関が、株式会社千趣会及び株式会社ディアーズ・ブレインと業務上の提携を行うことについての決定をした旨の重要事実の伝達を受けながら、上記重要事実の公表がされた平成２７年７月２４日より前の同月２３日、自己の計算において、ワタベ株式合計４８００株を買付価額合計２６５万４８５０円で買い付けたものである。 違反行為事実の概要については、 別図 のとおり。 課徴金納付命令対象者が行った上記の行為は、金融商品取引法第１７５条第１項に規定する「第１６６条第１項又は第３項の規定に違反して、同条第１項に規定する売買等をした」行為に該当すると認められる。 ３．課徴金の額の計算 上記の違法行為に対し、金融商品取引法に基づき納付を命じられる課徴金の額は、６０万円である。 計算方法の詳細については、 別紙 のとおり。 ４．その他 本件については、日本取引所自主規制法人より提供された情報も参考として、実態解明を行ったものである。 （別図） ○ 違反行為事実の概要について （クリックすると拡大されます） （別紙） ○ 課徴金の額の計算方法について （１）金融商品取引法第１７５条第１項第２号の規定により、当該有価証券の買付けについて業務等に関する重要事実の公表がされた後２週間における最も高い価格に当該有価証券の買付けの数量を乗じて得た額から当該有価証券の買付けをした価格にその数量を乗じて得た額を控除した額。 （680円×4,800株） －（545円×150株＋549円×300株＋550円×1,850株＋551円×300株 ＋553円×100株＋554円×100株＋555円×500株＋556円×50株 ＋557円×50株＋558円×850株＋559円×550株） ＝ 609,150円 （２）金融商品取引法第１７６条第２項の規定により、上記（１）で計算した額の１万円未満の端数を切捨て。"
2016-12-02,Ａ・Ｊアセットクリエーション株式会社,,Ａ・Ｊアセットクリエーション株式会社に対する検査結果及び勧告について（平成28年12月2日）,https://www.fsa.go.jp/sesc/news/c_2016/2016/20161202-3.html,English version 平成28年12月２日 証券取引等監視委員会 Ａ・Ｊアセットクリエーション株式会社に対する検査結果及び勧告について １．検査結果 関東財務局長がＡ・Ｊアセットクリエーション株式会社（東京都中央区、法人番号7010001143419、資本金800万円、常勤役職員３名、適格機関投資家等特例業務届出者。金融商品取引業の登録はない。以下「当社」という。）を検査した結果、下記のとおり、当該適格機関投資家等特例業務届出者に係る問題が認められた。 ２．事実関係 当社は、適格機関投資家等特例業務（以下「特例業務」という。）として、自らを業務執行組合員とする２本の任意組合（以下、これらの組合を「ファンド」という。）の権利の取得勧誘及び出資金の運用を行っている（出資者：延べ20名、出資総額：5700万円（途中解約を含み、適格機関投資家及び当社を除く。））。今回検査において、当社の特例業務の運営状況を検証したところ、以下の問題が認められた。 （１）無登録で投資運用業を行っている状況 当社は、平成27年１月以降、ファンドの出資持分の取得勧誘を行うことを停止したものの、検査基準日（同28年６月７日）現在、運用財産として日経225先物取引の建玉を保有している。当社は、運用する２ファンドに適格機関投資家として唯一出資していた甲投資事業有限責任組合（以下「甲ＬＰＳ」という。）が平成27年３月９日に解散し、その翌日以降、平成27年法律第32号による改正前の金融商品取引法第63条第１項第２号に規定する特例業務の要件を満たしていない。 しかし、当社は、甲ＬＰＳの解散後、適格機関投資家からの出資のない状態で、日経225先物取引による運用を継続している。 当社が行った上記の行為は、金融商品取引法第28条第４項に規定する「投資運用業」に該当し、当社が同法第29条に基づく登録を受けることなく、当該行為を行うことは、同条に違反するものと認められる。 （２）投資者保護上問題のある業務運営 当社は、当社の会社経費等に充てるために、出資金を当社への貸付けに流用しているが、ファンドへの返済の目途は立っていない。 このため、当社は、ファンドへの返済を逃れ、出資金を流用している事実を隠蔽するため、２ファンドから当社へ貸し付けた貸付金をファンドの資産に過少計上し、これを基に算出した一口当たりの価額等を記載した虚偽の運用報告書を作成し、出資者に対して毎月交付している。 また、当社は、出資者からの解約の申し出に対し、ファンドから当社へ貸し付けた貸付金を過少に計上することによって、本来出資者に支払うべき金額よりも過少な解約返戻金を支払っている。 当社は、平成27年法律第32号による改正後の金融商品取引法の施行日（平成28年３月１日）以降においても、上記の状況の改善を図ることなく、不適切な業務運営を継続しており、このような当社の業務運営は、投資者保護上重大な問題があると認められ、金融商品取引法第63条の５第１項に規定する「業務の運営に関し、公益又は投資者保護のため必要かつ適当であると認めるとき」に該当するものと認められる。 ３．勧告の内容 上記事実関係については、平成27年法律第32号による改正後の金融商品取引法の施行日（平成28年３月１日）以降も継続していることから、本日、証券取引等監視委員会は、内閣総理大臣及び金融庁長官に対して、金融庁設置法第20条第1項に基づき、行政処分を行うよう勧告した。 参考資料（PDF：288KB） （参考条文） ○金融商品取引法（昭和23年法律第25号）（抄） （登録） 第二十九条金融商品取引業は、内閣総理大臣の登録を受けた者でなければ、行うことができない。 （適格機関投資家等特例業務） 第六十三条次の各号に掲げる行為については、第二十九条及び第三十三条の二の規定は、適用しない。 一（略） 二第二条第二項第五号又は第六号に掲げる権利（同一の出資対象事業（同項第五号に規定する出資対象事業をいう。）に係る当該権利を有する者が適格機関投資家等（前号イからハまでのいずれにも該当しないものに限る。）のみであるものに限る。）を有する適格機関投資家等から出資され、又は拠出された金銭（これに類するものとして政令で定めるものを含む。）の運用を行う同条第八項第十五号に掲げる行為 （以下、略） （特例業務届出者に対する監督上の処分等） 第六十三条の五内閣総理大臣は、特例業務届出者の業務の運営に関し、公益又は投資者保護のため必要かつ適当であると認めるときは、その必要の限度において、当該特例業務届出者に対し、業務の運営の改善に必要な措置をとるべきことを命ずることができる。 （以下、略） （注）第六十三条の条文は、平成28年３月１日に施行された平成27年法律第32号による改正前のものである。
2016-11-25,株式会社ＣＥＬＬ,,株式会社ＣＥＬＬに対する検査結果に基づく勧告について（平成28年11月25日）,https://www.fsa.go.jp/sesc/news/c_2016/2016/20161125-2.html,English version 平成28年11月25日 証券取引等監視委員会 株式会社ＣＥＬＬに対する検査結果に基づく勧告について １．勧告の内容 関東財務局長が株式会社ＣＥＬＬ（東京都渋谷区、法人番号7010901026929、資本金9000万円、常勤役職員７名、投資助言・代理業）を検査した結果、下記のとおり、当該金融商品取引業者に係る問題が認められたので、本日、証券取引等監視委員会は、内閣総理大臣及び金融庁長官に対して、金融庁設置法第20条第１項の規定に基づき、行政処分を行うよう勧告した。 （注）平成28年７月１日、前代表取締役が退任し、同日付けで現代表取締役が就任。 ２．事実関係 ○金融商品取引契約の締結又はその勧誘に関して、顧客に対し虚偽のことを告げる行為及び顧客に対し、不確実な事項について断定的判断を提供し、金融商品取引契約の締結の勧誘をする行為 株式会社ＣＥＬＬ（以下「当社」という。）は、投資助言業として、当社の投資助言サイト「Japan Stock Trade」及び「日本証券投資顧問」に無料会員登録した者等（以下「見込顧客」という。)に対し、頻繁（毎日複数回）に、多い時には１回延べ１万人以上に対して電子メールを配信する方法によって、投資顧問契約の締結の勧誘等を行っている。 当社は、見込顧客に対して配信した電子メールや当該メールで誘導した当社運営サイトにおいて、仕手筋に関する情報やヘッジファンド介入に関する情報等、特別な情報を第三者等から入手した旨をうたって、投資顧問契約の締結の勧誘を行っていたが、実際には、当該情報を第三者等から事前に入手した事実は認められなかった。 このように、当社は、投資顧問契約の締結の勧誘に関して、顧客に対し、当社が仕手筋に関する情報やヘッジファンド介入に関する情報等、特別な情報を第三者等から入手している旨の虚偽の内容を告げて勧誘を行っていたものである（別紙参照）。 この他にも、当社は、投資顧問契約の契約者の人数を限定する意思がないにもかかわらず、「先着○名様」と記載するなどの虚偽の内容を告げていた。 当社の上記勧誘行為は、金融商品取引法第38条第１号に掲げる「金融商品取引契約の締結又はその勧誘に関して、顧客に対し虚偽のことを告げる行為」に該当する。 また、当社は、見込顧客に配信した電子メールにおいて、「必ず○万円の利益！」などと不確実な事項について必ず利益が上がる旨を告げ、投資者の投資意欲をあおった勧誘を行っている状況が認められた。 当社の上記勧誘行為は、金融商品取引法第38条第２号に掲げる「顧客に対し、不確実な事項について断定的判断を提供し、金融商品取引契約の締結の勧誘をする行為」に該当する。 （別紙） 当社が行った虚偽の告知の例 １．仕手筋情報等をうたった虚偽の告知 ≪仕手筋『●●会』が介入している≫との情報を入手しており、急騰の可能性も大と言える情報です。 【緊急情報入手】本年度、３連勝中の仕手筋介入銘柄情報！ 今回のメインとなります仕手筋介入銘柄は、本年度、３連勝中の実力派集団が介入する銘柄となっております。 ２．ヘッジファンド介入をうたった虚偽の告知 【緊急極秘案件】某証券会社から直接入手！ファンド介入銘柄 上昇前に先回りしてひたすら仕込むべし！！！ ≪ヘッジファンド介入≫シングルスポット 某証券会社より新情報入手　第二弾はさらなる大仕掛け！ 某証券会社の●●が入手した情報であり、もちろん今回も信頼度ＳＳＳ級の情報となっております。 （参考条文） ○金融商品取引法（昭和23年法律第25号）（抄） （禁止行為） 第三十八条金融商品取引業者等又はその役員若しくは使用人は、次に掲げる行為をしてはならない。ただし、第四号から第六号までに掲げる行為にあつては、投資者の保護に欠け、取引の公正を害し、又は金融商品取引業の信用を失墜させるおそれのないものとして内閣府令で定めるものを除く。 一金融商品取引契約の締結又はその勧誘に関して、顧客に対し虚偽のことを告げる行為 二顧客に対し、不確実な事項について断定的判断を提供し、又は確実であると誤解させるおそれのあることを告げて金融商品取引契約の締結の勧誘をする行為 （以下、略）
2016-11-25,株式会社ＳＱＩジャパン,,株式会社ＳＱＩジャパンに対する検査結果に基づく勧告について（平成28年11月25日）,https://www.fsa.go.jp/sesc/news/c_2016/2016/20161125-3.html,English version 平成28年11月25日 証券取引等監視委員会 株式会社ＳＱＩジャパンに対する検査結果に基づく勧告について １．勧告の内容 関東財務局長が株式会社ＳＱＩジャパン（東京都新宿区、法人番号1010401086900、資本金1000万円、常勤役職員11名、投資助言・代理業）を検査した結果、下記のとおり、当該金融商品取引業者に係る問題が認められたので、本日、証券取引等監視委員会は、内閣総理大臣及び金融庁長官に対して、金融庁設置法第20条第１項の規定に基づき、行政処分を行うよう勧告した。 ２．事実関係 （１）金融商品取引契約の締結又はその勧誘に関して、顧客に対し虚偽のことを告げる行為 株式会社ＳＱＩジャパン（以下「当社」という。）は、投資助言業として、当社の投資助言サイト「株マイスター」に無料会員登録した者等（以下「見込顧客」という。)に対し、頻繁（毎日複数回）に、多い時には１回延べ４万人以上に対して電子メールを配信する方法によって、投資顧問契約の締結の勧誘等を行っている。 当社は、見込顧客に対して配信した電子メールや当該メールで誘導した当社運営サイトにおいて、インサイダーに関する情報、仕手筋に関する情報、相場操縦に関する情報やその他の特別な情報を有力な第三者等から入手した旨をうたって、またはこれを示唆するなどにより、投資顧問契約の締結の勧誘を行っていたが、実際には、当該情報を第三者等から事前に入手した事実は認められず、勧誘時点では推奨すべき銘柄も決定していなかった。 このように、当社は、投資顧問契約の締結の勧誘に関して、顧客に対し、当社が、上記のようなインサイダーに関する情報、仕手筋に関する情報、相場操縦に関する情報やその他の特別な情報を有力な第三者等から入手した旨の虚偽の内容を告げて勧誘を行っていたものである（別紙参照）。 この他にも、当社は、投資顧問契約の契約者の人数を限定する意思がないにもかかわらず、「○名様限定」と記載する、実際には抽選を行っていないにもかかわらず、抽選の結果、契約申込みの「権利獲得者」となった旨を記載するなどの虚偽の内容を告げていた。 当社の上記勧誘行為は、金融商品取引法第38条第１号に掲げる「金融商品取引契約の締結又はその勧誘に関して、顧客に対し虚偽のことを告げる行為」に該当する。 （２）著しく事実に相違する表示又は著しく人を誤認させるような表示のある広告をする行為 アウェブサイトによる広告 当社は、投資助言業者を口コミ等によるランキング形式で紹介している複数のウェブサイトに、当社の広告を掲載していた。 これらのサイトにおいて、当社は、「人気の投資顧問トップ５」、「人気の投資顧問ベスト３」等と紹介されていた。 しかし、当該掲載は、当社と広告会社との契約により、当社が必ず上位にランキングされる仕組みとなっており、口コミ等による評価ではないことが認められた。 上記広告は、あたかも当社が第三者の客観的な評価、分析により優良な投資助言業者であると格付けされたかのように、著しく投資者を誤認させる表示であると認められる。 イ当社投資助言サイトによる広告 当社は、当社の投資助言サイト「株マイスター」において、当社の投資分析について、「株マイスター専属のプロアナリストが厳選」、「テクニカル、及びファンダメンタルを組み合わせた独自のメンタルテクニカル理論を駆使」、「証券関係者・機関投資家から行政・財界に渉る幅広い人脈を駆使し、精度の高い独自情報を得ることを可能としている」等としているが、これらは全く実態のない事実に相違する表示である。 当社の上記ア及びイの行為は、助言の内容及び方法並びに助言の実績に関する事項について著しく事実に相違する表示又は著しく投資者を誤認させるような表示のある広告をする行為であることから、金融商品取引法第37条第２項に違反する。 （別紙） 当社が行った虚偽の告知の例 １．インサイダー情報等をうたった虚偽の告知 超有力出版社「●●●●」関連人物より「イ●サ●●ー級」の情報を入手！！ 内部情報を「エサ」に、勝利へと導く暴騰銘柄 ごく一部の有力メディアが、極秘情報を握っているという実情を、「株価３倍銘柄のご獲得」という形でご確認頂けるでしょう。何せ「内部情報」ですから、その日が来るのはそう遠い未来ではございません ２．仕手筋情報等をうたった虚偽の告知 仕手に精通する我々と情報元が掴んだ事実です 伝説の仕手集団！≪●●●●グループ(仮)≫の介入情報を入手！ Ｋ氏　最終決戦　最後の般若銘柄　今回入手した【最後の『般若銘柄』は今までのＫ氏銘柄とは“別格”の情報ですので、（略）最優先のご紹介とさせて頂きます ３．相場操縦をうたった虚偽の告知 Ａ銘柄 株価操縦 疑惑に絡む　極秘情報 我々が掴んだのは、Ａ銘柄と同様の「合法的」な株価操縦が想定される銘柄情報です ４．その他 極・思惑株「巨額の資金流入」の情報を入手 この度、株マイスターでは「巨額の資金流入」についての話を入手しました。ある思惑によって流れる資金の規模を考慮すると暴騰は約束されたようなもの。 通常では知り得る事が出来ない機密性が高い情報 我々はすでに『■■■■■』に関して、ある「重要情報」を入手しています。 利益をもたらした情報筋が●●氏 急騰前に弊社へＢ社情報を提供した情報源などから、「最新の情報」を入手しております とてつもない激裏情報であることが判明 「格別な上昇期待値を誇る有力情報」を緊急に入手致しました （注）上記の「Ａ銘柄」、「Ｂ社」については、当社が見込顧客に配信した電子メール又は当該メールで誘引した当社運営サイトでは、具体的な銘柄名、社名が記載されている。 （参考条文） ○金融商品取引法（昭和23年法律第25号）（抄） （禁止行為） 第三十八条金融商品取引業者等又はその役員若しくは使用人は、次に掲げる行為をしてはならない。ただし、第四号から第六号までに掲げる行為にあつては、投資者の保護に欠け、取引の公正を害し、又は金融商品取引業の信用を失墜させるおそれのないものとして内閣府令で定めるものを除く。 一金融商品取引契約の締結又はその勧誘に関して、顧客に対し虚偽のことを告げる行為 （以下、略） （広告等の規制） 第三十七条（略） ２金融商品取引業者等は、その行う金融商品取引業に関して広告その他これに類似するものとして内閣府令で定める行為をするときは、金融商品取引行為を行うことによる利益の見込みその他内閣府令で定める事項について、著しく事実に相違する表示をし、又は著しく人を誤認させるような表示をしてはならない。 ○金融商品取引業等に関する内閣府令（平成19年８月６日内閣府令第52号）（抄） （誇大広告をしてはならない事項） 第七十八条法第三十七条第二項 に規定する内閣府令で定める事項は、次に掲げる事項とする。 一～五（略） 六金融商品取引業者等の金融商品取引業（登録金融機関にあっては、登録金融機関業務）の実績に関する事項 七・八（略） 九投資顧問契約について広告等をする場合にあっては、助言の内容及び方法に関する事項 （以下、略）
2016-11-15,高千穂交易株式会社,2676,高千穂交易株式会社社員による内部者取引に対する課徴金納付命令の勧告について（平成28年11月15日）,https://www.fsa.go.jp/sesc/news/c_2016/2016/20161115-1.html,"English version 平成２８年１１月１５日 証券取引等監視委員会 高千穂交易株式会社社員による内部者取引に対する課徴金納付命令の勧告について １．勧告の内容 証券取引等監視委員会は、高千穂交易株式会社社員による内部者取引について検査した結果、下記のとおり法令違反の事実が認められたので、本日、内閣総理大臣及び金融庁長官に対して、金融庁設置法第２０条第１項の規定に基づき、課徴金納付命令を発出するよう勧告を行った。 ２．法令違反の事実関係 課徴金納付命令対象者は、高千穂交易株式会社（以下「高千穂交易」という。）に勤務していた者であるが、同人がその職務に関し、同社の属する企業集団の平成２７年４月１日から平成２８年３月３１日までの会計期間（平成２８年３月期）の業績予想数値における売上高について、平成２７年５月８日に公表がされた直近の予想値（売上高２３０億円）に比較して、同社が新たに算出した予想値において、投資者の投資判断に及ぼす影響が重要なものとなる差異が生じた旨の重要事実を知りながら、同社において新たに算出した平成２８年３月期の予想値（売上高２００億６０００万円）の公表がされた平成２８年２月３日午後４時頃より前の同月２日及び同月３日午前９時頃、自己の計算において、高千穂交易株式合計２６２３.６９６１５株を売付価額合計２５９万３２９６円で売り付けたものである。 違反行為事実の概要については、 別図 のとおり。 課徴金納付命令対象者が行った上記の行為は、金融商品取引法第１７５条第１項に規定する「第１６６条第１項又は第３項の規定に違反して、同条第１項に規定する売買等をした」行為に該当すると認められる。 ３．課徴金の額の計算 上記の違法行為に対し、金融商品取引法に基づき納付を命じられる課徴金の額は、３３万円である。 計算方法の詳細については、 別紙 のとおり。 ４．その他 本件については、日本取引所自主規制法人より提供された情報も参考として、実態解明を行ったものである。 （別図） ○ 違反行為事実の概要について （クリックすると拡大されます） （別紙） ○ 課徴金の額の計算方法について （１）金融商品取引法第１７５条第１項第１号の規定により、当該有価証券の売付けについて当該有価証券の売付けをした価格にその数量を乗じて得た額から業務等に関する重要事実の公表がされた後２週間における最も低い価格に当該有価証券の売付けの数量を乗じて得た額を控除した額。 （970円×100株＋971円×100株＋974円×300株＋976円×200株 ＋978円×100株＋980円×100株＋985円×200株＋987円×100株 ＋989円×100株＋990円×200株＋996円×100株＋997円×100株 ＋998円×200株＋999円×200株＋1,000円×123.69615株 ＋1,001円×100株＋1,002円×100株＋1,003円×100株 ＋1,004円×100株） －（861円×2,623.69615株） ＝ 334,293.76485円 （２）金融商品取引法第１７６条第２項の規定により、上記（１）で計算した額の１万円未満の端数を切捨て。"
2016-11-01,株式会社ＡＬＢＥＲＴ,,株式会社ＡＬＢＥＲＴ役員からの情報受領者３名による内部者取引に対する課徴金納付命令の勧告について（平成28年11月1日）,https://www.fsa.go.jp/sesc/news/c_2016/2016/20161101-1.html,"English version 平成２８年１１月１日 証券取引等監視委員会 株式会社ＡＬＢＥＲＴ役員からの情報受領者３名による内部者取引に対する課徴金納付命令の勧告について １．勧告の内容 証券取引等監視委員会は、株式会社ＡＬＢＥＲＴ役員からの情報受領者３名による内部者取引について検査した結果、下記のとおり法令違反の事実が認められたので、本日、内閣総理大臣及び金融庁長官に対して、金融庁設置法第２０条第１項の規定に基づき、課徴金納付命令を発出するよう勧告を行った。 ２．法令違反の事実関係 （１）課徴金納付命令対象者（１）について 課徴金納付命令対象者（１）は、株式会社ＡＬＢＥＲＴ（以下「アルベルト」という。）の役員であった者から、同人がその職務に関し知った、同社が新たに算出した平成２７年１月１日から同年１２月３１日までの会計期間における同社の経常利益の予想値について、同年２月１９日に公表がされた直近の予想値（経常利益１億８０００万円）に比較して、黒字から赤字に転じる見込みであり、投資者の投資判断に及ぼす影響が重要なものとなる差異が生じた旨の重要事実の伝達を受けながら、同重要事実の公表がされた平成２７年１０月２９日午後３時頃より前の同月１４日及び同月２９日午前９時３分頃、自己の計算において、アルベルト株式合計４９００株を売付価額合計９８９万円で売り付けたものである。 （２）課徴金納付命令対象者（２）について 課徴金納付命令対象者（２）は、アルベルトの役員であった者から、同人がその職務に関し知った、同社が新たに算出した平成２７年１月１日から同年１２月３１日までの会計期間における同社の経常利益の予想値について、同年２月１９日に公表がされた直近の予想値（経常利益１億８０００万円）に比較して、黒字から赤字に転じる見込みであり、投資者の投資判断に及ぼす影響が重要なものとなる差異が生じた旨の重要事実の伝達を受けながら、同重要事実の公表がされた平成２７年１０月２９日午後３時頃より前の同月７日から同月２９日午前９時４４分頃までの間、自己の計算において、アルベルト株式合計２６００株を売付価額合計５０４万９００円で売り付けたものである。 （３）課徴金納付命令対象者（３）について 課徴金納付命令対象者（３）は、アルベルトの役員であった者から、同人がその職務に関し知った、同社が新たに算出した平成２７年１月１日から同年１２月３１日までの会計期間における同社の経常利益の予想値について、同年２月１９日に公表がされた直近の予想値（経常利益１億８０００万円）に比較して，黒字から赤字に転じる見込みであり、投資者の投資判断に及ぼす影響が重要なものとなる差異が生じた旨の重要事実の伝達を受けながら、同重要事実の公表がされた平成２７年１０月２９日午後３時頃より前の同月２１日から同月２８日までの間、自己の計算において、アルベルト株式合計１５００株を売付価額合計２７９万９５００円で売り付けたものである。 違反行為事実の概要については、 別図 のとおり。 課徴金納付命令対象者（１）ないし（３）が行った上記の行為は、金融商品取引法第１７５条第１項に規定する「第１６６条第１項又は第３項の規定に違反して、同条第１項に規定する売買等をした」行為に該当すると認められる。 ３．課徴金の額の計算 上記の違法行為に対し、金融商品取引法に基づき納付を命じられる課徴金の額は、下記のとおりである。 課徴金納付命令対象者（１） ３０２万円 課徴金納付命令対象者（２） １３９万円 課徴金納付命令対象者（３） ６９万円 計算方法の詳細については、 別紙 のとおり。 ４．その他 本件については、日本取引所自主規制法人より提供された情報も参考として、実態解明を行ったものである。 （別図） ○ 違反行為事実の概要について （クリックすると拡大されます） （別紙） ○ 課徴金の額の計算方法について （１）課徴金納付命令対象者（１）について ア．金融商品取引法第１７５条第１項第１号の規定により、当該有価証券の売付けについて当該有価証券の売付けをした価格にその数量を乗じて得た額から業務等に関する重要事実の公表がされた後２週間における最も低い価格に当該有価証券の売付けの数量を乗じて得た額を控除した額。 （2,000円×2,900株＋2,045円×2,000株） －（1,401円×4,900株） ＝ 3,025,100円 イ．金融商品取引法第１７６条第２項の規定により、上記ア．で計算した額の１万円未満の端数を切捨て。 （２）課徴金納付命令対象者（２）について ア．金融商品取引法第１７５条第１項第１号の規定により、当該有価証券の売付けについて当該有価証券の売付けをした価格にその数量を乗じて得た額から業務等に関する重要事実の公表がされた後２週間における最も低い価格に当該有価証券の売付けの数量を乗じて得た額を控除した額。 （1,750円×200株＋1,800円×200株＋1,911円×400株 ＋1,925円×500株＋1,935円×400株＋2,000円×400株 ＋2,060円×500株） －（1,401円×2,600株） ＝ 1,398,300円 イ．金融商品取引法第１７６条第２項の規定により、上記ア．で計算した額の１万円未満の端数を切捨て。 （３）課徴金納付命令対象者（３）について ア．金融商品取引法第１７５条第１項第１号の規定により、当該有価証券の売付けについて当該有価証券の売付けをした価格にその数量を乗じて得た額から業務等に関する重要事実の公表がされた後２週間における最も低い価格に当該有価証券の売付けの数量を乗じて得た額を控除した額。 （1,800円×500株＋1,839円×500株＋1,960円×500株） －（1,401円×1,500株） ＝ 698,000円 イ．金融商品取引法第１７６条第２項の規定により、上記ア．で計算した額の１万円未満の端数を切捨て。"
2016-11-22,,,クロス・マーケティンググループ株式外１銘柄に係る相場操縦に対する課徴金納付命令の勧告について（平成28年11月22日）,https://www.fsa.go.jp/sesc/news/c_2016/2016/20161122-1.html,"English version 平成２８年１１月２２日 証券取引等監視委員会 クロス・マーケティンググループ株式外１銘柄に係る相場操縦に対する課徴金納付命令の勧告について １．勧告の内容 証券取引等監視委員会は、クロス・マーケティンググループ株式外１銘柄に係る相場操縦について検査した結果、下記のとおり法令違反の事実が認められたので、本日、内閣総理大臣及び金融庁長官に対して、金融庁設置法第２０条第１項の規定に基づき、課徴金納付命令を発出するよう勧告を行った。 ２．法令違反の事実関係 課徴金納付命令対象者は、株式の売買を誘引する目的をもって、 別表 記載のとおり、 （１）株式会社クロス・マーケティンググループ（以下「クロス・マーケティング」という。）の株式につき、平成２７年５月２８日午前１０時５６分頃から同年６月２日午前９時１８分頃までの間、４取引日において、直前の約定値より高指値の買い注文を発注して株価を引き上げたり、下値買い注文を大量に入れるなどの方法により、同株式合計２２万３２００株の買付けの委託を行うとともに、同株式合計９万６６００株を買い付ける一方、同株式合計９万６６００株を売り付け、 （２）株式会社スペースシャワーネットワーク（以下「スペースシャワー」という。）の株式につき、同年６月５日午前９時０分頃から同日午前９時３６分頃までの間、同月１７日午前９時０分頃から同日午前９時３０分頃までの間及び同年７月６日午前９時１３分頃から同日午前１０時４１分頃までの間、前記同様の方法により、同株式合計１２万８２００株の買付けの委託を行うとともに、同株式合計４万１０００株を買い付ける一方、同株式合計３万８５００株を売り付け、 もって、自己の計算において、クロス・マーケティング及びスペースシャワー各株式の売買が繁盛であると誤解させ、かつ、前記各株式の相場を変動させるべき一連の売買及び委託をしたものである。 違反行為事実の概要については、 別図 のとおり。 課徴金納付命令対象者が行った上記の行為は、金融商品取引法第１７４条の２第１項に規定する「第１５９条第２項第１号の規定に違反する一連の有価証券売買等」及び「その委託等」に該当すると認められる。 ３．課徴金の額の計算 上記の違法行為に対し金融商品取引法に基づき納付を命じられる課徴金の額は、４２３万円である。 計算方法の詳細については、 別紙１ 及び 別紙２ のとおり。 （別表） 違反行為状況 １．クロス・マーケティング （クリックすると拡大されます） ２．スペースシャワー （クリックすると拡大されます） （別図） ○ 違反行為事実の概要について （クリックすると拡大されます） 株価の推移 ○ 日足チャート （クリックすると拡大されます） （クリックすると拡大されます） （別紙１） ○ 課徴金の額の計算方法について 別表の各違反行為に係る課徴金の額の計算の基礎は以下のとおりである。 （１）金融商品取引法第１７４条の２第１項の規定により、当該違反行為に係る課徴金の額は、 ア．当該違反行為に係る有価証券の売買対当数量に係るものについて、自己の計算による当該有価証券の売付け等の価額から、自己の計算による当該有価証券の買付け等の価額を控除した額 及び イ．当該違反行為に係る自己の計算による有価証券の売付け等又は買付け等の数量が、当該違反行為に係る自己の計算による有価証券の買付け等又は売付け等の数量を超える場合、当該超える数量に係る有価証券の売付け等の価額から当該違反行為が終了してから１月を経過するまでの間の各日における当該違反行為に係る有価証券の買付け等についての金融商品取引法第１３０条に規定する最低の価格のうち最も低い価格に当該超える数量を乗じて得た額を控除した額、又は当該違反行為が終了してから１月を経過するまでの間の各日における当該違反行為に係る有価証券の売付け等についての金融商品取引法第１３０条に規定する最高の価格のうち最も高い価格に当該超える数量を乗じて得た額から当該超える数量に係る有価証券の買付け等の価額を控除した額 の合計額として算定。 （２）上記（１）で算定された課徴金の額につき、金融商品取引法第１７６条第２項の規定により１万円未満の端数を切り捨てて算定。 （３）上記（２）によりそれぞれ算定した額を合計し、課徴金の額とする。 以上につき、別紙２のとおり。 （別紙２） 別表に掲げる事実につき １．クロス・マーケティング株式の取引について （１）当該違反行為に係る自己の計算による有価証券の売付け等の数量は、96,600株であり、当該違反行為に係る自己の計算による有価証券の買付け等の数量は、96,600株であることから、 ア．当該違反行為に係る有価証券の売買対当数量（96,600株）に係るものについて、自己の計算による当該有価証券の売付け等の価額から、自己の計算による当該有価証券の買付け等の価額を控除した額 （524円×600株＋546円×3,900株＋547円×1,800株＋548円×1,200株 ＋550円×6,200株＋551円×1,300株＋552円×2,100株＋553円×800株 ＋554円×2,100株＋555円×2,000株＋556円×1,700株＋557円×1,200株 ＋559円×200株＋560円×9,300株＋561円×6,000株＋562円×1,300株 ＋564円×53,500株＋565円×1,400株） －（514円×900株＋515円×11,300株＋516円×900株＋517円×17,200株 ＋518円×15,400株＋519円×1,300株＋520円×8,700株＋521円×3,400株 ＋522円×5,900株＋524円×8,600株＋526円×100株＋527円×900株 ＋528円×2,000株＋529円×1,600株＋530円×2,600株＋531円×400株 ＋532円×1,300株＋533円×3,800株＋535円×2,300株＋538円×200株 ＋539円×600株＋540円×1,300株＋542円×3,900株＋543円×2,000株） ＝ 3,609,900円 及び イ．当該超える数量が0株であることから、0円 の合計額3,609,900円となる。 （２）金融商品取引法第１７６条第２項の規定により、上記（１）で計算した額の１万円未満の端数を切捨て、3,600,000円となる。 ２．スペースシャワー株式の取引（期間A）について （１）当該違反行為に係る自己の計算による有価証券の売付け等の数量は、14,600株であり、当該違反行為に係る自己の計算による有価証券の買付け等の数量は、実際の買付け等の数量11,600株に、金融商品取引法第１７４条の２第８項及び金融商品取引法施行令第３３条の１３第１号の規定により、違反行為の開始時にその時における価格（474円）で買付け等を自己の計算においてしたものとみなされる当該違反行為の開始時に所有している当該有価証券の数量3,000株を加えた14,600株であることから、 ア．当該違反行為に係る有価証券の売買対当数量（14,600株）に係るものについて、自己の計算による当該有価証券の売付け等の価額から、自己の計算による当該有価証券の買付け等の価額を控除した額 （500円×5,000株＋501円×3,400株＋502円×5,000株＋503円×1,200株） －（474円×3,800株＋475円×300株＋476円×200株＋477円×400株 ＋478円×800株＋479円×1,100株＋480円×1,400株＋481円×400株 ＋482円×100株＋484円×200株＋485円×4,700株＋490円×1,200株） ＝ 301,100円 及び イ．当該超える数量が0株であることから、0円 の合計額301,100円となる。 （２）金融商品取引法第１７６条第２項の規定により、上記（１）で計算した額の１万円未満の端数を切捨て、300,000円となる。 ３．スペースシャワー株式の取引（期間B）について （１）当該違反行為に係る自己の計算による有価証券の売付け等の数量は、15,100株であり、当該違反行為に係る自己の計算による有価証券の買付け等の数量は、実際の買付け等の数量12,100株に、金融商品取引法第１７４条の２第８項及び金融商品取引法施行令第３３条の１３第１号の規定により、違反行為の開始時にその時における価格（482円）で買付け等を自己の計算においてしたものとみなされる当該違反行為の開始時に所有している当該有価証券の数量3,000株を加えた15,100株であることから、 ア．当該違反行為に係る有価証券の売買対当数量（15,100株）に係るものについて、自己の計算による当該有価証券の売付け等の価額から、自己の計算による当該有価証券の買付け等の価額を控除した額 （489円×4,100株＋490円×100株＋491円×1,200株＋492円×200株 ＋493円×800株＋494円×100株＋500円×7,900株＋501円×700株） －（482円×3,700株＋483円×100株＋484円×1,300株＋488円×1,300株 ＋489円×500株＋490円×8,200株） ＝ 128,200円となる。 及び イ．当該超える数量が0株であることから、0円 の合計額128,200円となる。 （２）金融商品取引法第１７６条第２項の規定により、上記（１）で計算した額の１万円未満の端数を切捨て、120,000円となる。 ４．スペースシャワー株式の取引（期間C）について （１）当該違反行為に係る自己の計算による有価証券の売付け等の数量は、8,800株であり、当該違反行為に係る自己の計算による有価証券の買付け等の数量は、17,300株であることから、 ア．当該違反行為に係る有価証券の売買対当数量（8,800株）に係るものについて、自己の計算による当該有価証券の売付け等の価額から、自己の計算による当該有価証券の買付け等の価額を控除した額 （509円×2,000株＋510円×6,800株） －（486円×500株＋488円×400株＋489円×5,200株＋493円×900株 ＋494円×200株＋495円×300株＋496円×100株＋497円×1,200株） ＝ 168,000円 及び イ．当該違反行為に係る自己の計算による有価証券の買付け等の数量（17,300株）が、当該違反行為に係る自己の計算による有価証券の売付け等の数量（8,800株）を超えていることから、当該違反行為が終了してから１月を経過するまでの間の各日における当該違反行為に係る有価証券の売付け等についての金融商品取引法第１３０条に規定する最高の価格のうち最も高い価格（509円）に当該超える数量8,500株（17,300株－8,800株）を乗じて得た額から、当該超える数量に係る有価証券の買付け等の価額を控除した額 （509円×8,500株） －（497円×600株＋500円×800株＋504円×7,100株） ＝ 49,900円 の合計額217,900円となる。 （２）金融商品取引法第１７６条第２項の規定により、上記（１）で計算した額の１万円未満の端数を切捨て、210,000円となる。 ５．上記１.ないし４.により算定した額の合計 （3,600,000円＋300,000円＋120,000円＋210,000円） ＝ 4,230,000円となる。"
2016-10-25,,,平成28事務年度　証券モニタリング基本方針について（平成28年10月25日）,https://www.fsa.go.jp/sesc/news/c_2016/2016/20161025-2.html,平成28年10月25日 証券取引等監視委員会 平成28事務年度　証券モニタリング基本方針について 証券取引等監視委員会では、「平成28事務年度　証券モニタリング基本方針」を別紙のとおり策定しましたので公表いたします。 お問い合わせ先 Tel　03-3506-6000（代表） 証券取引等監視委員会事務局証券検査課（内線：3968、3926） （別紙） 平成28事務年度　証券モニタリング基本方針（PDF/144KB） ポイント（PDF/71KB）
2016-10-28,ォル・ステーション合同会社,,株式会社ウィンヴォル外３社に対する検査結果及び勧告について（平成28年10月28日）,https://www.fsa.go.jp/sesc/news/c_2016/2016/20161028-3.html,English version 平成28年10月28日 証券取引等監視委員会 株式会社ウィンヴォル外３社に対する検査結果及び勧告について １．検査結果 関東財務局長が株式会社ウィンヴォル（東京都千代田区、法人番号 9010001126586、資本金500万円、常勤役職員４名、適格機関投資家等特例業務届出者。金融商品取引業の登録はない。）、ウィンヴォル・ステーション合同会社（法人番号 3010003016436）、ウィンヴォル・ドリーム合同会社（法人番号 5010003016450）及びウィンヴォル・ファルコン合同会社（法人番号 8010003017140）（いずれも、東京都千代田区、代表社員　株式会社ウィンヴォル、資本金10万円、常勤役職員１名、適格機関投資家等特例業務届出者。金融商品取引業の登録はない。）を検査した結果、下記のとおり、当該適格機関投資家等特例業務届出者に係る問題が認められた。 ２．事実関係 株式会社ウィンヴォル（以下「当社」という。）は、適格機関投資家等特例業務（以下「特例業務」という。）として、自らを営業者とする匿名組合（以下「ファンド」という。）の出資持分の取得勧誘及び出資金の運用を行っている（出資者：延べ166名、出資総額：約5.5億円）ほか、社債を発行している。 また、ウィンヴォル・ステーション合同会社、ウィンヴォル・ドリーム合同会社（以下「ドリーム社」という。）及びウィンヴォル・ファルコン合同会社（以下、各合同会社を併せて「合同会社３社」といい、当社と合同会社３社を併せて「当社外３社」という。）においては、当社がそれぞれの代表社員となり、合同会社３社を営業者とするファンドを組成し出資持分の取得勧誘を行い、出資金の運用を行っている（出資者：延べ376名、出資総額：約8.9億円）ほか、合同会社３社のうちの１社であるドリーム社は、社債を発行している。合同会社３社を営業者とするファンドの出資金等は、当社への貸付け又は当社発行の社債を購入する形で当社に集約され、当社を営業者とするファンドの出資金等とともに一体として、外国の上場・未上場の株式等で運用するとしていたが、今回検査において、当社外３社の特例業務の運営状況を検証したところ、以下の問題が認められた。 （１）無登録で投資運用業を行っている状況 当社外３社は、前回検査結果（検査基準日：平成26年９月２日）に基づいて同年12月17日付けで関東財務局長から警告書が発せられたことを受け、同27年１月以降、新たなファンドの出資持分の取得勧誘を行うことを取りやめたものの、検査基準日（同28年６月６日）現在、運用財産として外国の上場・未上場の株式等を保有している。 このような中、当社外３社が運用する全てのファンドに適格機関投資家として唯一出資していた甲投資事業有限責任組合（以下「甲ＬＰＳ」という。）が平成26年12月31日に解散し、当該ファンドは、平成27年法律第32号による改正前の金融商品取引法第63条第１項第１号及び第２号に規定する特例業務の要件に該当しなくなったことを認識していたにもかかわらず、当社外３社は、甲ＬＰＳが解散した以降、適格機関投資家からの出資のない状態で運用を継続している。 また、当社外３社は、特例業務に該当しなくなった旨の届出を関東財務局長に行っていない。 当社外３社が行った上記の運用を行う行為は、金融商品取引法第28条第４項に規定する「投資運用業」に該当し、当社外３社が同法第29条に基づく登録を受けることなく、当該行為を行うことは、同条に違反するものと認められる。 また、当社外３社の運用を行う行為が特例業務に該当しなくなったときに関東財務局長に届け出ていない行為は、金融商品取引法第63条第13項（平成27年法律第32号による改正前までは同条第６項）に違反するものと認められる。 （２）投資者保護上問題のある業務運営 当社外３社は、社債発行により調達した資金を含めた自己の固有財産とファンドの運用財産とを分別して管理することや、ファンドごとの運用財産も特定することなく一体として運用を行っている。このような中、当社外３社は、前回検査において、ファンドの出資金を他のファンドの償還金や当社の販売管理費等に流用している状況等が判明し、関東財務局長から警告書の発出を受けて、当該行為を直ちに取りやめるとしていた。 しかし、当社外３社は当該行為を直ちに取りやめるとした以降も、流用が是正されていない状況となっている。 また、当社外３社は、警告書の発出後においても、自己の固有財産とファンドの運用財産はもとより、各ファンドに属する財産が特定できない状況のままで運用を継続しており、これら当社外３社の状況は、投資者保護上重大な問題があると認められ、金融商品取引法第63条の５第１項に規定する「業務の運営に関し、公益又は投資者保護のため必要かつ適当であると認めるとき」に該当するものと認められる。 ３．勧告の内容 上記２．事実関係については、平成27年法律第32号による改正後の金融商品取引法の施行日（平成28年３月１日）以降も継続していることから、本日、証券取引等監視委員会は、内閣総理大臣及び金融庁長官に対して、金融庁設置法第20条第1項に基づき、行政処分を行うよう勧告した。 参考資料（PDF：255.8KB） （参考条文） ○金融商品取引法（昭和23年法律第25号）（抄） （登録） 第二十九条金融商品取引業は、内閣総理大臣の登録を受けた者でなければ、行うことができない。 （適格機関投資家等特例業務） 第六十三条次の各号に掲げる行為については、第二十九条及び第三十三条の二の規定は、適用しない。 一適格機関投資家等（適格機関投資家以外の者で政令で定めるもの（その数が政令で定める数以下の場合に限る。）及び適格機関投資家をいう。以下この条において同じ。）で次のいずれにも該当しない者を相手方として行う第二条第二項第五号又は第六号に掲げる権利に係る私募（適格機関投資家等（次のいずれにも該当しないものに限る。）以外の者が当該権利を取得するおそれが少ないものとして政令で定めるものに限る。） イ～ハ（略） 二第二条第二項第五号又は第六号に掲げる権利（同一の出資対象事業（同項第五号に規定する出資対象事業をいう。）に係る当該権利を有する者が適格機関投資家等（前号イからハまでのいずれにも該当しないものに限る。）のみであるものに限る。）を有する適格機関投資家等から出資され、又は拠出された金銭（これに類するものとして政令で定めるものを含む。）の運用を行う同条第八項第十五号に掲げる行為 ２～５（略） ６特例業務届出者は、適格機関投資家等特例業務として開始した第一項第二号に掲げる行為に係る業務が適格機関投資家等特例業務に該当しなくなつたときは、遅滞なく、その旨を内閣総理大臣に届け出なければならない。 （以下、略） （特例業務届出者に対する監督上の処分等） 第六十三条の五内閣総理大臣は、特例業務届出者の業務の運営に関し、公益又は投資者保護のため必要かつ適当であると認めるときは、その必要の限度において、当該特例業務届出者に対し、業務の運営の改善に必要な措置をとるべきことを命ずることができる。 （以下、略） （注）第六十三条の条文は、平成28年３月１日に施行された平成27年法律第32号による改正前のものである。
2016-10-28,モジュレ株式会社,,モジュレ株式会社に係る有価証券報告書等の虚偽記載に係る課徴金納付命令勧告について（平成28年10月28日）,https://www.fsa.go.jp/sesc/news/c_2016/2016/20161028-2.html,"English version 平成28年10月28日 証券取引等監視委員会 モジュレ株式会社に係る有価証券報告書等の虚偽記載に係る課徴金納付命令勧告について １．勧告の内容 証券取引等監視委員会は、モジュレ株式会社(法人番号7010001127462）に係る有価証券報告書等の虚偽記載について検査した結果、以下のとおり法令違反の事実が認められたことから、本日、内閣総理大臣及び金融庁長官に対して、金融庁設置法第20条第１項の規定に基づき、課徴金納付命令を発出するよう勧告を行った。 ２．法令違反の事実関係 （１）継続開示書類 モジュレ株式会社（以下「当社」という。）は、当社が公表した平成27年３月期の業績予想を達成するため、サーバー等の販売について循環取引などを行うことによって架空売上を計上し、別紙１のとおり、金融商品取引法第172条の４第１項に規定する「重要な事項につき虚偽の記載」がある平成27年3月期に係る有価証券報告書（以下「平成27年３月期有価証券報告書」という。）を平成27年６月18日に関東財務局長に提出したものである。 （２）発行開示書類 当社は、関東財務局長に対し、以下のとおり、金融商品取引法第172条の２第１項第１号に規定する「重要な事項につき虚偽の記載」がある発行開示書類（有価証券届出書）を提出し、当該発行開示書類（有価証券届出書）に基づく募集により有価証券を取得させたものである。 ア平成28年１月６日、上記（１）の重要な事項につき虚偽の記載がある平成27年３月期有価証券報告書（ 別紙１ 参照）を組込情報とする有価証券届出書（株券の募集）を提出し、当該有価証券届出書に基づく募集により、同年１月22日、100,000株の株券を100,000,000円で取得させた。 イ平成28年１月６日、上記（１）の重要な事項につき虚偽の記載がある平成27年３月期有価証券報告書（ 別紙１ 参照）を組込情報とする有価証券届出書（新株予約権証券の募集）を提出し、当該有価証券届出書に基づく募集により、同年１月22日、2,000個の新株予約権証券を201,340,000円（新株予約権の行使に際して払い込むべき金額を含む。）で取得させた。 ３．課徴金の額の計算 上記の違法行為について金融商品取引法に基づき算定される課徴金の額は、1,956万円である。（計算方法については 別紙２ のとおり。） （別紙１）モジュレ株式会社の有価証券報告書の虚偽記載内容 （別紙１）モジュレ株式会社の有価証券報告書の虚偽記載内容 開示書類 虚偽記載 提出日 書類 事業年度 財務計算に 関する書類 内容（注） 事由 平成27年 ６月18日 有価証券報告書 第16期（平成26年４月１日～平成27年３月31日） 損益計算書 当期純損益が28百万円であるところを103百万円と記載 ・架空売上の計上 （注）金額は百万円未満切捨てである。 （別紙２）課徴金の計算方法 （１）金融商品取引法第172条の４第１項の規定により、平成27年３月期有価証券報告書に係る課徴金の額は、 ア当該法人が発行する算定基準有価証券の市場価額の総額に10万分の６を乗じて得た額 1,130,110,772（市場価額の総額）×6／100,000＝67,806円 が イ6,000,000円 を超えないことから、6,000,000円となる。 （２）金融商品取引法第172条の２第１項第１号の規定により、重要な事項につき虚偽の記載がある発行開示書類に基づく募集により取得させた株券等の発行価額の総額の100分の4.5に相当する額が課徴金の額となることから、 ア平成28年１月６日提出の有価証券届出書（株券の募集）に係る課徴金の額は、 100,000,000円×4.5／100＝4,500,000円 イ平成28年１月６日提出の有価証券届出書（新株予約権証券の募集）に係る課徴金の額は、 201,340,000円×4.5／100＝9,060,300円 について、金融商品取引法第176条第２項の規定により１万円未満の端数を切り捨てて、9,060,000円 となる。"
2016-10-25,大阪製鐵株式会社,5449,公開買付者との契約締結交渉者の役員からの情報受領者による東京鋼鐵株式に係る内部者取引に対する課徴金納付命令の勧告について（平成28年10月25日）,https://www.fsa.go.jp/sesc/news/c_2016/2016/20161025-1.html,"English version 平成28年10月25日 証券取引等監視委員会 公開買付者との契約締結交渉者の役員からの情報受領者による東京鋼鐵株式に係る内部者取引に対する課徴金納付命令の勧告について １．勧告の内容 証券取引等監視委員会は、公開買付者との契約締結交渉者の役員からの情報受領者による東京鋼鐵株式に係る内部者取引について検査した結果、下記のとおり法令違反の事実が認められたので、本日、内閣総理大臣及び金融庁長官に対して、金融庁設置法第２０条第１項の規定に基づき、課徴金納付命令を発出するよう勧告を行った。 ２．法令違反の事実関係 課徴金納付命令対象者（A社）は、同社役員において、大阪製鐵株式会社（以下「大阪製鐵」という。）と公開買付けに関する契約の締結交渉をしていた、B社の役員から、同人がその契約の締結交渉に関し知った、大阪製鐵の業務執行を決定する機関が、東京鋼鐵株式会社（以下「東京鋼鐵」という。平成２８年７月１４日上場廃止。）の株式の公開買付けを行うことについての決定をした旨の公開買付けの実施に関する事実の伝達を受けながら、同社の業務として、上記事実の公表がされた平成２７年９月１８日より前の同年８月３日から同月２４日までの間、自己の計算において、東京鋼鐵株式合計２万５６００株を買付価額合計１００９万７２００円で買い付けたものである。 違反行為事実の概要については、 別図 のとおり。 課徴金納付命令対象者が行った上記の行為は、金融商品取引法第１７５条第２項に規定する「第１６７条第１項又は第３項の規定に違反して、同条第１項に規定する売買等をした」行為に該当すると認められる。 ３．課徴金の額の計算 上記の違法行為に対し、金融商品取引法に基づき納付を命じられる課徴金の額は、５７７万円である（計算方法の詳細については、 別紙 のとおり。）。 ４．その他 本件については、日本取引所自主規制法人より提供された情報も参考として、実態解明を行ったものである。 （別図） ○ 違反行為事実の概要について （クリックすると拡大されます） （別紙） ○ 課徴金の額の計算方法について (1) 金融商品取引法第１７５条第２項第２号の規定により、当該有価証券の買付けについて、公開買付け等の実施に関する事実の公表がされた後２週間における最も高い価格に当該有価証券の買付けの数量を乗じて得た額から当該有価証券の買付けをした価格にその数量を乗じて得た額を控除した額。 （620円×25,600株） －（390円×5,000株＋395円×10,400株＋396円×10,200株） ＝ 5,774,800円 (2) 金融商品取引法第１７６条第２項の規定により、上記(1)で計算した額の１万円未満の端数を切捨て。"
2016-10-28,日本精密株式会社,7771,日本精密株式会社との契約締結交渉者及び同人からの情報受領者２名による内部者取引違反並びに当該契約締結交渉者による重要事実に係る伝達推奨違反に対する課徴金納付命令の勧告について（平成28年10月28日）,https://www.fsa.go.jp/sesc/news/c_2016/2016/20161028-1.html,"English version 平成28年10月28日 証券取引等監視委員会 日本精密株式会社との契約締結交渉者及び同人からの情報受領者２名による内部者取引違反並びに当該契約締結交渉者による重要事実に係る伝達推奨違反に対する課徴金納付命令の勧告について １．勧告の内容 証券取引等監視委員会は、日本精密株式会社との契約締結交渉者及び同人からの情報受領者２名による内部者取引違反並びに当該契約締結交渉者による重要事実に係る伝達推奨違反について検査した結果、下記のとおり法令違反の事実が認められたので、本日、内閣総理大臣及び金融庁長官に対して、金融庁設置法第２０条第１項の規定に基づき、課徴金納付命令を発出するよう勧告を行った。 ２．法令違反の事実関係 （１）課徴金納付命令対象者（１）について ア．違反行為事実A 課徴金納付命令対象者（１）は、日本精密株式会社（以下「日本精密」という。）との間で行っていた、契約締結の交渉に関し、同社の業務執行を決定する機関が、同社の発行する株式を引き受ける者の募集及び募集新株予約権を引き受ける者の募集を行うことについての決定をした旨の重要事実を知りながら、上記重要事実の公表がされた平成２７年７月１７日より前の同年６月１８日から同年７月９日にかけて、自己の計算において、日本精密株式合計１万株を買付価額合計２８７万２０００円で買い付けたものである。 イ．違反行為事実B 課徴金納付命令対象者（１）は、上記重要事実を、課徴金納付命令対象者（２）に対し、上記重要事実の公表がされる前に日本精密株式の買付けをさせることにより同人に利益を得させる目的をもって、伝達したものである。 課徴金納付命令対象者（２）は、上記重要事実が公表された平成２７年７月１７日より前の同年５月２２日及び同月２９日、自己の計算において、日本精密株式合計２０００株を買付価額合計５５万７０００円で買い付けたものである。 ウ．違反行為事実C 課徴金納付命令対象者（１）は、上記重要事実を、課徴金納付命令対象者（３）に対し、上記重要事実の公表がされる前に日本精密株式の買付けをさせることにより同人に利益を得させる目的をもって、伝達したものである。 課徴金納付命令対象者（３）は、上記重要事実が公表された平成２７年７月１７日より前の同年５月２８日から同年６月１９日にかけて、自己の計算において、日本精密株式合計１万４０００株を買付価額合計４０５万４０００円で買い付けたものである。 エ．違反行為事実D 課徴金納付命令対象者（１）は、被推奨者丙に対し、上記重要事実の公表がされる前に日本精密株式の買付けをさせることにより同人に利益を得させる目的をもって、日本精密株式の買付けを勧めたものである。 被推奨者丙は、上記重要事実が公表された平成２７年７月１７日より前の同年５月１９日及び同年７月９日、自己の計算において、日本精密株式合計８０００株を買付価額合計２２４万１０００円で買い付けたものである。 違反行為事実の概要については、 別図 のとおり。 課徴金納付命令対象者（１）が行った 上記ア.の行為は、金融商品取引法第１７５条第１項に規定する「第１６６条第１項又は第３項の規定に違反して、同条第１項に規定する売買等をした」行為に、 上記イ.ないしエ.の行為は、金融商品取引法第１７５条の２第１項に規定する「第１６７条の２第１項の規定に違反して、同項の伝達をし、又は同項の売買等をすることを勧める」行為に、 該当すると認められる。 （２）課徴金納付命令対象者（２）について 課徴金納付命令対象者（２）は、日本精密との間で、契約締結の交渉を行っていた課徴金納付命令対象者（１）から、同人がその契約締結の交渉に関し知った、日本精密の業務執行を決定する機関が、同社の発行する株式を引き受ける者の募集及び募集新株予約権を引き受ける者の募集を行うことについての決定をした旨の重要事実の伝達を受けながら、上記重要事実の公表がされた平成２７年７月１７日より前の同年５月２２日及び同月２９日、自己の計算において、日本精密株式合計２０００株を買付価額合計５５万７０００円で買い付けたものである。 違反行為事実の概要については、 別図 のとおり。 課徴金納付命令対象者（２）が行った上記の行為は、金融商品取引法第１７５条第１項に規定する「第１６６条第１項又は第３項の規定に違反して、同条第１項に規定する売買等をした」行為に該当すると認められる。 （３）課徴金納付命令対象者（３）について 課徴金納付命令対象者（３）は、日本精密との間で、契約締結の交渉を行っていた課徴金納付命令対象者（１）から、同人がその契約締結の交渉に関し知った、日本精密の業務執行を決定する機関が、同社の発行する株式を引き受ける者の募集及び募集新株予約権を引き受ける者の募集を行うことについての決定をした旨の重要事実の伝達を受けながら、上記重要事実の公表がされた平成２７年７月１７日より前の同年５月２８日から同年６月１９日にかけて、自己の計算において、日本精密株式合計１万４０００株を買付価額合計４０５万４０００円で買い付けたものである。 違反行為事実の概要については、 別図 のとおり。 課徴金納付命令対象者（３）が行った上記の行為は、金融商品取引法第１７５条第１項に規定する「第１６６条第１項又は第３項の規定に違反して、同条第１項に規定する売買等をした」行為に該当すると認められる。 ３．課徴金の額の計算 上記の違法行為に対し、金融商品取引法に基づき納付を命じられる課徴金の額は、下記のとおりである。 課徴金納付命令対象者（１） １３８万円 課徴金納付命令対象者（２） １４万円 課徴金納付命令対象者（３） ８４万円 計算方法の詳細については、 別紙 のとおり。 ４．その他 本件については、日本取引所自主規制法人より提供された情報を参考として、実態解明を行ったものである。 （別図） ○ 違反行為事実の概要について （クリックすると拡大されます） （別紙） ○ 課徴金の額の計算方法について １．課徴金納付命令対象者(１) （１）違反行為事実Aに係る課徴金の額 ア．金融商品取引法第１７５条第１項第２号の規定により、当該有価証券の買付けについて業務等に関する重要事実の公表がされた後２週間における最も高い価格に当該有価証券の買付けの数量を乗じて得た額から当該有価証券の買付けをした価格にその数量を乗じて得た額を控除した額。 （350円×10,000株）－（251円×3,000株＋277円×2,000株＋313円×5,000株） ＝628,000円 イ．金融商品取引法第１７６条第２項の規定により、上記ア.で計算した額の１万円未満の端数を切捨て。 （２）違反行為事実Bに係る課徴金の額 ア．金融商品取引法第１７５条の２第１項第３号の規定により、当該違反行為により当該情報受領者等が行った当該買付けによって得た利得相当額に２分の１を乗じて得た額。 利得相当額とは、同条第３項第２号の規定により、情報受領者等が特定有価証券等の買付けをした場合、当該特定有価証券等の買付けについて業務等に関する重要事実の公表がされた後２週間における最も高い価格に当該特定有価証券等の買付けの数量を乗じて得た額から当該特定有価証券等の買付けをした価格にその数量を乗じて得た額を控除した額。 ｛（350円×2,000株）－（276円×1,000株＋281円×1,000株）｝×1／2 ＝71,500円 イ．金融商品取引法第１７６条第２項の規定により、上記ア.で計算した額の１万円未満の端数を切捨て。 （３）違反行為事実Cに係る課徴金の額 ア．金融商品取引法第１７５条の２第１項第３号の規定により、当該違反行為により当該情報受領者等が行った当該買付けによって得た利得相当額に２分の１を乗じて得た額。 利得相当額とは、同条第３項第２号の規定により、情報受領者等が特定有価証券等の買付けをした場合、当該特定有価証券等の買付けについて業務等に関する重要事実の公表がされた後２週間における最も高い価格に当該特定有価証券等の買付けの数量を乗じて得た額から当該特定有価証券等の買付けをした価格にその数量を乗じて得た額を控除した額。 ｛（350円×14,000株）－（275円×1,000株＋276円×4,000株＋277円×4,000株 ＋311円×3,000株＋317円×2,000株）｝×1／2 ＝423,000円 イ．金融商品取引法第１７６条第２項の規定により、上記ア.で計算した額の１万円未満の端数を切捨て。 （４）違反行為事実Dに係る課徴金の額 ア．金融商品取引法第１７５条の２第１項第３号の規定により、当該違反行為により当該情報受領者等が行った当該買付けによって得た利得相当額に２分の１を乗じて得た額。 利得相当額とは、同条第３項第２号の規定により、情報受領者等が特定有価証券等の買付けをした場合、当該特定有価証券等の買付けについて業務等に関する重要事実の公表がされた後２週間における最も高い価格に当該特定有価証券等の買付けの数量を乗じて得た額から当該特定有価証券等の買付けをした価格にその数量を乗じて得た額を控除した額。 ｛（350円×8,000株）－（267円×3,000株＋288円×5,000株）｝×1／2 ＝279,500円 イ．金融商品取引法第１７６条第２項の規定により、上記ア.で計算した額の１万円未満の端数を切捨て。 （５）上記（１）ないし（４）により算定した額の合計 620,000円＋70,000円＋420,000円＋270,000円＝1,380,000円となる。 ２．課徴金納付命令対象者(２) （１）金融商品取引法第１７５条第１項第２号の規定により、当該有価証券の買付けについて業務等に関する重要事実の公表がされた後２週間における最も高い価格に当該有価証券の買付けの数量を乗じて得た額から当該有価証券の買付けをした価格にその数量を乗じて得た額を控除した額。 （350円×2,000株）－（276円×1,000株＋281円×1,000株） ＝ 143,000円 （２）金融商品取引法第１７６条第２項の規定により、上記(1)で計算した額の１万円未満の端数を切捨て。 ３．課徴金納付命令対象者(３) （１）金融商品取引法第１７５条第１項第２号の規定により、当該有価証券の買付けについて業務等に関する重要事実の公表がされた後２週間における最も高い価格に当該有価証券の買付けの数量を乗じて得た額から当該有価証券の買付けをした価格にその数量を乗じて得た額を控除した額。 （350円×14,000株） －（275円×1,000株＋276円×4,000株＋277円×4,000株＋311円×3,000株 ＋317円×2,000株） ＝ 846,000円 （２）金融商品取引法第１７６条第２項の規定により、上記(1)で計算した額の１万円未満の端数を切捨て。"
2016-10-11,オー・エイチ・ティー株式会社,,オー・エイチ・ティー株式会社株券に係る相場操縦事件の告発について(2)（平成28年10月11日）,https://www.fsa.go.jp/sesc/news/c_2016/2016/20161011-1.html,English version 平成２８年１０月１１日 証券取引等監視委員会 オー・エイチ・ティー株式会社株券に係る相場操縦事件の告発について(2) 証券取引等監視委員会は、本日、平成１８年法律第６５号第３条による改正前の証券取引法違反（相場操縦）の嫌疑で、嫌疑者１名をさいたま地方検察庁に告発した。告発の対象となった犯則事実については下記のとおり。 １．告発の対象となった犯則事実 犯則嫌疑者は、東京証券取引所が開設するマザーズ市場に上場されていたオー・エイチ・ティー株式会社の株券について、その株価の高値形成を図ろうと企て、平成１８年１１月２１日から同月３０日までの間、７取引日にわたり、同市場において、同株券の売買を誘引する目的をもって、Ａほか９名義で、証券会社１５社を介し、連続した高指値注文を行って高値を買い上がるなどの方法により、同株券合計３９２株を買い付ける一方、同株券合計４３８株を売り付け、さらに、前記Ａほか５名義で、証券会社６社を介し、複数の価格帯に下値買注文を厚く入れるなどの方法により、同株券合計５０株の買付けの委託を行い、同株券の株価を１０３万円から１１４万円まで高騰させるなどし、もって、同株券の売買が繁盛であると誤解させ、かつ、同株券の相場を変動させるべき一連の売買及びその委託をするとともに、その頃、同市場において、他人をして同株券の売買が繁盛に行われていると誤解させるなど、同株券の売買の状況に関し他人に誤解を生じさせる目的をもって、前記Ａほか９名義で、証券会社１４社を介し、同株券合計２５８株について、売り付けると同時に別途買い付け、もって、権利の移転を目的としない仮装の同株券の売買をしたものである。 ２．関連条文 証券取引法 平成１８年法律第６５号第３条による改正前の証券取引法第１９７条第１項第５号、第１５９条第１項第１号、第２項第１号 法定刑：１０年以下の懲役若しくは１０００万円以下の罰金又は併科 ３．その他 本件については、日本取引所自主規制法人より支援がなされている。
2016-09-27,クックパッド株式会社,2193,公開買付者との契約締結交渉者からの情報受領者によるみんなのウェディング株式に係る内部者取引に対する課徴金納付命令の勧告について（平成28年9月27日）,https://www.fsa.go.jp/sesc/news/c_2016/2016/20160927-1.html,"English version 平成２８年９月２７日 証券取引等監視委員会 公開買付者との契約締結交渉者からの情報受領者によるみんなのウェディング株式に係る内部者取引に対する課徴金納付命令の勧告について １．勧告の内容 証券取引等監視委員会は、公開買付者との契約締結交渉者からの情報受領者による内部者取引について検査した結果、下記のとおり法令違反の事実が認められたので、本日、内閣総理大臣及び金融庁長官に対して、金融庁設置法第２０条第１項の規定に基づき、課徴金納付命令を発出するよう勧告を行った。 ２．法令違反の事実関係 課徴金納付命令対象者は、クックパッド株式会社（以下「クックパッド」という。）が、株式会社みんなのウェディング（以下「みんなのウェディング」という。）に取締役を派遣するとのみんなのウェディングとの合意に基づき、クックパッドとの間で、みんなのウェディングに派遣する取締役への選任に係る契約の締結交渉を行っていた者である乙から、同人がその契約締結の交渉に関し知った、クックパッドの業務執行を決定する機関が、みんなのウェディングの株式の公開買付けを行うことについての決定をした旨の公開買付けの実施に関する事実の伝達を受けながら、上記事実の公表がされた平成２７年４月２１日より前の同年３月２５日から同年４月１７日までの間、自己の計算において、みんなのウェディング株式合計２万２９００株を買付価額合計１９７９万３７００円で買い付けたものである。 違反行為事実の概要については、 別図 のとおり。 課徴金納付命令対象者が行った上記の行為は、金融商品取引法第１７５条第２項に規定する「第１６７条第１項又は第３項の規定に違反して、同条第１項に規定する売買等をした」行為に該当すると認められる。 ３．課徴金の額の計算 上記の違法行為に対し、金融商品取引法に基づき納付を命じられる課徴金の額は、１０５７万円である。（計算方法の詳細については、 別紙 のとおり。） ４．その他 本件については、日本取引所自主規制法人より提供された情報を参考として、実態解明を行ったものである。 （別図） ○ 違反行為事実の概要について （クリックすると拡大されます） （別紙） ○ 課徴金の額の計算方法について (1) 金融商品取引法第１７５条第２項第２号の規定により、当該有価証券の買付けについて、公開買付け等の実施に関する事実の公表がされた後２週間における最も高い価格に当該有価証券の買付けの数量を乗じて得た額から当該有価証券の買付けをした価格にその数量を乗じて得た額を控除した額。 （1,326円×22,900株）－（815円×400株＋818円×300株＋819円×600株＋822円×600株＋823円×600株＋824円×500株＋825円×800株＋826円×100株＋827円×100株＋828円×100株＋829円×300株＋830円×100株＋831円×900株＋832円×500株＋835円×100株＋836円×500株＋838円×200株＋839円×400株＋840円×500株＋846円×100株＋847円×100株＋848円×300株＋849円×500株＋854円×100株＋855円×900株＋858円×300株＋859円×300株＋860円×400株＋863円×500株＋865円×400株＋866円×500株＋868円×800株＋869円×300株＋873円×900株＋874円×700株＋875円×800株＋884円×900株＋885円×1300株＋886円×100株＋889円×500株＋898円×100株＋899円×300株＋901円×100株＋904円×600株＋910円×500株＋913円×700株＋915円×400株＋916円×400株＋917円×200株＋918円×600株＋919円×200株＋925円×500株） ＝ 10,571,700円 (2) 金融商品取引法第１７６条第２項の規定により、上記(1)で計算した額の１万円未満の端数を切捨て。"
2016-10-07,東京アジアレプラカン株式会社,,東京アジアレプラカン株式会社に対する検査結果及び勧告について（平成28年10月7日）,https://www.fsa.go.jp/sesc/news/c_2016/2016/20161007-1.html,English version 平成28年10月７日 証券取引等監視委員会 東京アジアレプラカン株式会社に対する検査結果及び勧告について １．検査結果 関東財務局長が東京アジアレプラカン株式会社（東京都千代田区、法人番号7010001164373、資本金400万円、常勤役職員８名、適格機関投資家等特例業務届出者。金融商品取引業の登録はない。以下「当社」という。）を検査した結果、下記のとおり、当該適格機関投資家等特例業務届出者に係る問題が認められた。 ２．事実関係 当社は、適格機関投資家等特例業務（以下「特例業務」という。）として、自らを営業者とする３つの匿名組合の権利の取得勧誘及び出資金の運用を行っている（出資者：延べ75名、出資総額：約2.7億円）。今回検査において、当社の特例業務の運営状況を検証したところ、以下の問題が認められた。 （１）無登録で第二種金融商品取引業及び投資運用業を行っている状況 当社は、レプラカン匿名組合（以下「レプラカンファンド」という。）について、合同会社ＣＨＥＲＩＳＨ（特例業務届出者。同社に対する検査結果は平成28年４月22日に公表済。以下「Ｃ社」という。）が無限責任組合員を務めるGRACE投資事業有限責任組合（以下「GRACE LPS」という。）から適格機関投資家として出資（以下「適格機関投資家出資」という。）を受けたとしている。 しかしながら、当社は、GRACE LPSからの適格機関投資家出資に先立ち、Ｃ社の代表社員に対し、架空のコンサルティング報酬名目で出資額に相当する金銭を支払っており、実際には当社が出資金を負担している状況が認められた。 したがって、レプラカンファンドに対するGRACE LPSからの出資金は、適格機関投資家出資がなされているかのような外観を仮装したものに過ぎず、適格機関投資家出資とは到底評価し得ないものであり、当該ファンドは、平成27年法律第32号による改正前の金融商品取引法第63条第１項第１号及び第２号に規定する特例業務の要件を満たしていない。 当社が行った上記の行為は、金融商品取引法第28条第２項に規定する「第二種金融商品取引業」及び同条第４項に規定する「投資運用業」に該当し、当社が同法第29条に基づく登録を受けることなく、当該行為を行うことは、同条に違反するものと認められる。 （２）投資者保護上問題のある業務運営 当社のストールファンドに係る業務運営の状況を検証したところ、以下の問題が認められた。 ア不適切な分配金の支払いを行っている状況 ストールファンドの匿名組合契約約款（以下「約款」という。）においては、運用収益の中から分配金を支払うことが定められていた。また、運用収益の算定においては、実現益のみならず評価損を考慮することが前提とされていた。 しかしながら、当社は、評価損を考慮せず、実現益のみに基づき運用収益を算定し、評価損の状況を顧客に報告することなく、出資金を原資として、運用収益を上回る分配金を顧客に支払った。 イ不当に営業者報酬を受領している状況 当社は、ストールファンドの運用における日経225先物取引において、営業者報酬（成功報酬）を得ることを目的として、相場の変動にかかわらず必ず一方の取引で実現益が出せる両建て取引を複数回にわたり行うことにより、見せかけの実現益を出し、出資金を原資として、不当に営業者報酬（成功報酬）を受領した。 ウ出資金を流用して中途解約者の解約償還金を支払っている状況 当社は、運用元本の毀損による顧客からの苦情や紛争が発生することをおそれ、中途解約者に対して適正な償還金額を上回る解約償還金を支払うため、出資金を流用した。 エ純資産額を無視して顧客に誤った出資口数を取得させている状況 約款において、出資口数は、出資金額を一口あたりの純資産額で除した値とすると定められている。しかしながら、当社は、ストールファンドの純資産額が変動しているにもかかわらず、事務が煩雑になる等の理由から、全ての出資に対して一口1円として出資口数を算定し、約款に反する不公平な方法により出資口数の割り当てを行っていた。 当社が行った上記アからエの行為は、投資者保護上重大な問題があると認められる。また、当社は、検査基準日（平成28年４月18日）現在においても、何ら業務運営の改善を図っておらず、出資金が毀損している状況等について顧客への説明を一切行っていないなど、著しく不適切な業務運営を継続している。 以上のことから、当社の業務運営は、金融商品取引法第63条の５第１項に規定する「業務の運営に関し、公益又は投資者保護のため必要かつ適当であると認めるとき」に該当するものと認められる。 ３．勧告の内容 上記事実関係のうち、無登録で投資運用業を行っている状況及び投資者保護上問題のある業務運営については、平成27年法律第32号による改正後の金融商品取引法の施行日（平成28年３月１日）以降も継続していることから、当該事実について、本日、証券取引等監視委員会は、内閣総理大臣及び金融庁長官に対して、金融庁設置法第20条第1項に基づき、行政処分を行うよう勧告した。 合同会社ＣＨＥＲＩＳＨ（平成28年４月22日公表） 参考資料（PDF：249KB） （参考条文） ○金融商品取引法（昭和23年法律第25号）（抄） （登録） 第二十九条金融商品取引業は、内閣総理大臣の登録を受けた者でなければ、行うことができない。 （適格機関投資家等特例業務） 第六十三条次の各号に掲げる行為については、第二十九条及び第三十三条の二の規定は、適用しない。 一適格機関投資家等（適格機関投資家以外の者で政令で定めるもの（その数が政令で定める数以下の場合に限る。）及び適格機関投資家をいう。以下この条において同じ。）で次のいずれにも該当しない者を相手方として行う第二条第二項第五号又は第六号に掲げる権利に係る私募（適格機関投資家等（次のいずれにも該当しないものに限る。）以外の者が当該権利を取得するおそれが少ないものとして政令で定めるものに限る。） イ～ハ（略） 二第二条第二項第五号又は第六号に掲げる権利（同一の出資対象事業（同項第五号に規定する出資対象事業をいう。）に係る当該権利を有する者が適格機関投資家等（前号イからハまでのいずれにも該当しないものに限る。）のみであるものに限る。）を有する適格機関投資家等から出資され、又は拠出された金銭（これに類するものとして政令で定めるものを含む。）の運用を行う同条第八項第十五号に掲げる行為 （以下、略） （特例業務届出者に対する監督上の処分等） 第六十三条の五内閣総理大臣は、特例業務届出者の業務の運営に関し、公益又は投資者保護のため必要かつ適当であると認めるときは、その必要の限度において、当該特例業務届出者に対し、業務の運営の改善に必要な措置をとるべきことを命ずることができる。 （以下、略） （注）第六十三条の条文は、平成28年３月１日に施行された平成27年法律第32号による改正前のものである。
2016-09-30,株式会社メディビックグループ,,株式会社メディビックグループに係る有価証券報告書等の虚偽記載に係る課徴金納付命令勧告について（平成28年9月30日）,https://www.fsa.go.jp/sesc/news/c_2016/2016/20160930-1.html,"English version 平成28年９月30日 証券取引等監視委員会 株式会社メディビックグループに係る有価証券報告書等の虚偽記載に係る課徴金納付命令勧告について １．勧告の内容 証券取引等監視委員会は、株式会社メディビックグループ(法人番号8011001064868）に係る有価証券報告書等の虚偽記載について検査した結果、以下のとおり法令違反の事実が認められたので、本日、内閣総理大臣及び金融庁長官に対して、金融庁設置法第20条第１項の規定に基づき、課徴金納付命令を発出するよう勧告を行った。 ２．法令違反の事実関係 （１）継続開示書類 株式会社メディビックグループ（以下「当社」という。）は、当社の連結子会社と他社の間で開発権の譲渡契約が成立したように装い、また、販売代金の回収が困難となった商品売買取引について代金が回収できたように装うことによって売上を過大に計上するなどして、 別紙１ のとおり、金融商品取引法第172条の４第１項及び第２項に規定する「重要な事項につき虚偽の記載」がある以下の有価証券報告書等を関東財務局長に提出したものである。 平成26年12月期有価証券報告書（平成27年３月30日提出） 平成27年３月第１四半期四半期報告書（平成27年５月14日提出） 平成27年６月第２四半期四半期報告書（平成27年８月13日提出） 平成27年９月第３四半期四半期報告書（平成27年11月12日提出） 平成27年12月期有価証券報告書（平成28年３月30日提出） 平成28年３月第１四半期四半期報告書（平成28年５月16日提出） （２）発行開示書類 当社は、平成27年２月12日、上記（１）の売上の過大計上等により、平成26年１月１日から平成26年12月31日までの連結会計期間における業績の概要として、過大な連結純資産額（392百万円であるところを908百万円と記載。）及び過少な連結当期純損失（872百万円の純損失であるところを356百万円の純損失と記載。）とした連結財務諸表（未監査）を記載することにより、金融商品取引法第172条の２第１項に規定する「重要な事項につき虚偽の記載」がある有価証券届出書（株券及び新株予約権証券）を関東財務局長に提出し、当該有価証券届出書に基づく募集により、同年３月２日、348,200株の株券を84,960,800円で、85,000個の新株予約権証券を2,100,350,000円（新株予約権の行使に際して払い込むべき金額を含む。）で取得させたものである。 ３．課徴金の額の計算 上記の違法行為について金融商品取引法に基づき算定される課徴金の額は、１億1,333万円である。（計算方法については 別紙２ のとおり。） （別紙１）株式会社メディビックグループの有価証券報告書等の虚偽記載内容 （別紙１）株式会社メディビックグループの有価証券報告書等の虚偽記載内容 番 号 開示書類 虚偽記載 提出日 書類 会計期間 財務計算に 関する書類 内容（注） 事由 １ 平成27年 ３月30日 第15期事業年度連結会計期間に係る有価証券報告書（平成26年12月期有価証券報告書） 平成26年１月１日～平成26年12月31日の連結会計期間 連結 貸借対照表 連結純資産額が392百万円であるところを908百万円と記載 ・売上の過大計上 等 連結 損益計算書 連結当期純損益が▲872百万円であるところを▲356百万円と記載 ２ 平成27年 ５月14日 第16期事業年度第１四半期連結会計期間に係る四半期報告書（平成27年３月第１四半期四半期報告書） 平成27年１月１日～平成27年３月31日の第１四半期連結会計期間 四半期連結 貸借対照表 連結純資産額が381百万円であるところを874百万円と記載 ・売上の過大計上 等 ３ 平成27年 ８月13日 第16期事業年度第２四半期連結会計期間に係る四半期報告書（平成27年６月第２四半期四半期報告書） 平成27年４月１日～平成27年６月30日の第２四半期連結会計期間 四半期連結 貸借対照表 連結純資産額が275百万円であるところを753百万円と記載 ・売上の過大計上 等 ４ 平成27年 11月12日 第16期事業年度第３四半期連結会計期間に係る四半期報告書（平成27年９月第３四半期四半期報告書） 平成27年７月１日～平成27年９月30日の第３四半期連結会計期間 四半期連結 貸借対照表 連結純資産額が90百万円であるところを542百万円と記載 ・売上の過大計上 等 ５ 平成28年 ３月30日 第16期事業年度連結会計期間に係る有価証券報告書（平成27年12月期有価証券報告書） 平成27年１月１日～平成27年12月31日の連結会計期間 連結 貸借対照表 連結純資産額が▲43百万円であるところを396百万円と記載 ・売上の過大計上 等 連結 損益計算書 売上高が89百万円であるところを104百万円と記載 ６ 平成28年 ５月16日 第17期事業年度第１四半期連結会計期間に係る四半期報告書（平成28年３月第１四半期四半期報告書） 平成28年１月１日～平成28年３月31日の第１四半期連結会計期間 四半期連結 貸借対照表 連結純資産額が▲118百万円であるところを68百万円と記載 ・売上の過大計上 等 （注）金額は百万円未満切捨てである。また、▲は損益計算書では損失であることを、貸借対照表では債務超過であることを示す。 （別紙２）課徴金の計算方法 （１）金融商品取引法第172条の４第１項の規定により、平成26年12月期有価証券報告書に係る課徴金の額は、 ア 当該法人が発行する算定基準有価証券の市場価額の総額に10万分の６を乗じて得た額（547,108円） が イ 6,000,000円 を超えないことから、6,000,000円となる。 （２）金融商品取引法第172条の４第１項及び第２項の規定により、平成27年３月第１四半期四半期報告書、平成27年６月第２四半期四半期報告書、平成27年９月第３四半期四半期報告書及び平成27年12月期有価証券報告書に係る課徴金について、個別決定ごとの算出額は、 ア 当該法人が発行する算定基準有価証券の市場価額の総額に10万分の６を乗じて得た額 （ 平成27年３月第１四半期四半期報告書 470,055円 平成27年６月第２四半期四半期報告書 432,242円 平成27年９月第３四半期四半期報告書 374,698円 平成27年12月期有価証券報告書 385,340円 ） が イ 6,000,000円 を超えないことから、 平成27年３月第１四半期四半期報告書については、6,000,000円の２分の１に相当する額である3,000,000円 平成27年６月第２四半期四半期報告書については、6,000,000円の２分の１に相当する額である3,000,000円 平成27年９月第３四半期四半期報告書については、6,000,000円の２分の１に相当する額である3,000,000円 平成27年12月期有価証券報告書については、6,000,000円 となる。 ここで、これらの書類が同一の事業年度に係るものであることから、金融商品取引法第185条の７第６項の規定により、下記のとおり600万円を個別決定ごとの算出額に応じて按分した金額が課徴金の額となる。 平成27年３月第１四半期四半期報告書に係る課徴金の額は 1,200,000円 平成27年６月第２四半期四半期報告書に係る課徴金の額は 1,200,000円 平成27年９月第３四半期四半期報告書に係る課徴金の額は 1,200,000円 平成27年12月期有価証券報告書に係る課徴金の額は 2,400,000円 （３）金融商品取引法第172条の４第２項の規定により、平成28年３月第１四半期四半期報告書に係る課徴金の額は、 ア 当該法人が発行する算定基準有価証券の市場価額の総額に10万分の６を乗じて得た額（292,588円） が イ 6,000,000円 を超えないことから、6,000,000円の２分の１に相当する額である3,000,000円となる。 （４）金融商品取引法第172条の２第１項第１号の規定により、重要な事項につき虚偽の記載がある発行開示書類に基づく募集により取得させた株券等の発行価額の総額の100分の4.5に相当する額が課徴金の額となることから、 平成26年５月12日提出の有価証券届出書（株券及び新株予約権証券）に係る課徴金の額は、 2,185,310,800円 （株券84,960,800円、新株予約権証券2,100,350,000円） ×4.5／100＝98,338,986円 について、金融商品取引法第176条第２項の規定により１万円未満の端数を切り捨てて、98,330,000円 となる。"
2016-09-27,テクノホライゾン・ホールディングス株式会社,,テクノホライゾン・ホールディングス株式外２銘柄に係る相場操縦に対する課徴金納付命令の勧告について（平成28年9月27日）,https://www.fsa.go.jp/sesc/news/c_2016/2016/20160927-2.html,"English version 平成２８年９月２７日 証券取引等監視委員会 テクノホライゾン・ホールディングス株式外２銘柄に係る相場操縦に対する課徴金納付命令の勧告について １．勧告の内容 証券取引等監視委員会は、テクノホライゾン・ホールディングス株式外２銘柄に係る相場操縦について検査した結果、下記のとおり法令違反の事実が認められたので、本日、内閣総理大臣及び金融庁長官に対して、金融庁設置法第２０条第１項の規定に基づき、課徴金納付命令を発出するよう勧告を行った。 ２．法令違反の事実関係 課徴金納付命令対象者は、株式の売買を誘引する目的をもって、 別表 記載のとおり、 (1) テクノホライゾン・ホールディングス株式会社（以下「テクノホライゾン」という。）の株式につき、平成２７年２月１７日午前１０時１１分頃から同日午後２時２０分頃までの間及び同月１８日午前９時６分頃から同日午前１０時１１分頃までの間、上値売り注文を大量に入れるなどの方法により、同株式の売付けの委託を行うとともに、同株式を買い付けるなどし、また下値買い注文を大量に入れるなどの方法により、同株式の買付けの委託を行うとともに、同株式を売り付けるなどして、同株式合計５４万２１００株の売付けの委託を行う一方、同株式合計６９万７２００株を買い付けるとともに、同株式合計８４万２００株の買付けの委託を行う一方、同株式合計６９万８２００株を売り付けるなどし、 (2) シンフォニアテクノロジー株式会社（以下「シンフォニア」という。）の株式につき、同年３月３日午前９時６分頃から同日午前９時４１分頃までの間及び同月５日午前９時１分頃から同日午前９時１０分頃までの間、前記同様の方法により、同株式合計１１６万６０００株の売付けの委託を行う一方、同株式合計１０９万株を買い付けるとともに、同株式合計１１８万３０００株の買付けの委託を行う一方、同株式合計７７万７０００株を売り付けるなどし、 (3) カブドットコム証券株式会社（以下「カブドットコム証券」という。）の株式につき、同年４月２８日午前９時１分頃から同日午後１時１９分頃までの間及び同月３０日午前９時０分頃から同日午後０時３９分頃までの間、前記同様の方法により、同株式合計３８万４８００株の売付けの委託を行う一方、同株式合計５９万２３００株を買い付けるとともに、同株式合計５６万８３００株の買付けの委託を行う一方、同株式合計５９万８９００株を売り付けるなどし、 もって、自己の計算において、テクノホライゾン、シンフォニア及びカブドットコム証券各株式の売買が繁盛であると誤解させ、かつ、上記各株式の相場を変動させるべき一連の売買及び委託をしたものである。 違反行為事実の概要については、 別図 のとおり。 課徴金納付命令対象者が行った上記の行為は、金融商品取引法第１７４条の２第１項に規定する「第１５９条第２項第１号の規定に違反する一連の有価証券売買等」及び「その委託等」に該当すると認められる。 ３．課徴金の額の計算 上記の違法行為に対し金融商品取引法に基づき納付を命じられる課徴金の額は、４１４万円である。 計算方法の詳細については、 別紙１ のとおり。 ４．その他 本件については、日本取引所自主規制法人より提供された情報を参考として、実態解明を行ったものである。 （別表） ○ 違反行為状況 （クリックすると拡大されます） （クリックすると拡大されます） （クリックすると拡大されます） （別図） ○ 違反行為事実の概要について （クリックすると拡大されます） （別紙１） ○ 課徴金の額の計算方法について 別表の各違反行為に係る課徴金の額の計算の基礎は以下のとおりである。 (1) 金融商品取引法第１７４条の２第１項の規定により、当該違反行為に係る課徴金の額は、 ア．当該違反行為に係る有価証券の売買対当数量に係るものについて、自己の計算による当該有価証券の売付け等の価額から、自己の計算による当該有価証券の買付け等の価額を控除した額 及び イ．当該違反行為に係る自己の計算による有価証券の売付け等又は買付け等の数量が、当該違反行為に係る自己の計算による有価証券の買付け等又は売付け等の数量を超える場合、当該超える数量に係る有価証券の売付け等の価額から当該違反行為が終了してから１月を経過するまでの間の各日における当該違反行為に係る有価証券の買付け等についての金融商品取引法第１３０条に規定する最低の価格のうち最も低い価格に当該超える数量を乗じて得た額を控除した額、又は当該違反行為が終了してから１月を経過するまでの間の各日における当該違反行為に係る有価証券の売付け等についての金融商品取引法第１３０条に規定する最高の価格のうち最も高い価格に当該超える数量を乗じて得た額から当該超える数量に係る有価証券の買付け等の価額を控除した額 の合計額として算定。 (2) 上記(1)で算定された課徴金の額につき、金融商品取引法第１７６条第２項の規定により１万円未満の端数を切り捨てて算定。 (3) 上記(2)によりそれぞれ算定した額を合計し、課徴金の額とする。 以上につき、 別紙２ のとおり。 （別紙２） 別表に掲げる事実につき １．テクノホライゾン株式の取引（期間A）について (1) 当該違反行為に係る自己の計算による有価証券の売付け等の数量は、456,200株であり、当該違反行為に係る自己の計算による有価証券の買付け等の数量は、459,800株であることから、 ア．当該違反行為に係る有価証券の売買対当数量（456,200株）に係るものについて、自己の計算による当該有価証券の売付け等の価額から、自己の計算による当該有価証券の買付け等の価額を控除した額 （310円×2,800株＋311円×10,000株＋313円×8,000株 ＋314円×10,000株＋315円×44,700株＋316円×58,500株 ＋317円×13,000株＋318円×21,500株＋319円×34,200株 ＋320円×60,000株＋321円×34,500株＋322円×40,000株 ＋323円×22,700株＋324円×28,000株＋325円×10,000株 ＋326円×15,000株＋327円×15,000株＋332円×28,300株） －（309円×11,000株＋310円×11,000株＋312円×34,500株 ＋313円×15,000株＋314円×30,000株＋315円×21,200株 ＋316円×10,100株＋317円×28,000株＋318円×27,300株 ＋319円×66,200株＋320円×43,300株＋321円×19,700株 ＋322円×62,400株＋323円×26,400株＋324円×800株 ＋325円×20,000株＋326円×1,000株＋332円×28,300株） ＝ 542,200円 及び イ．当該違反行為に係る自己の計算による有価証券の買付け等の数量（459,800株）が、当該違反行為に係る自己の計算による有価証券の売付け等の数量（456,200株）を超えていることから、当該違反行為が終了してから１月を経過するまでの間の各日における当該違反行為に係る有価証券の売付け等についての金融商品取引法第１３０条に規定する最高の価格のうち最も高い価格（363円）に当該超える数量3,600株（459,800株－456,200株）を乗じて得た額から、当該超える数量に係る有価証券の買付け等の価額を控除した額 （363円×3,600株）－（312円×3,600株） ＝ 183,600円 の合計額725,800円となる。 (2) 金融商品取引法第１７６条第２項の規定により、上記(1)で計算した額の１万円未満の端数を切捨て、720,000円となる。 ２．テクノホライゾン株式の取引（期間B）について (1) 当該違反行為に係る自己の計算による有価証券の売付け等の数量は、242,000株であり、当該違反行為に係る自己の計算による有価証券の買付け等の数量は、237,400株であることから、 ア．当該違反行為に係る有価証券の売買対当数量（237,400株）に係るものについて、自己の計算による当該有価証券の売付け等の価額から、自己の計算による当該有価証券の買付け等の価額を控除した額 （299円×3,000株＋301円×13,500株＋302円×6,300株＋303円×16,000株 ＋304円×9,100株＋305円×15,000株＋306円×31,500株 ＋307円×23,000株＋308円×13,000株＋309円×4,000株＋311円×7,400株 ＋312円×6,500株＋313円×8,000株＋314円×18,000株＋315円×35,100株 ＋316円×8,000株＋317円×5,000株＋318円×5,000株＋319円×10,000株） －（300円×19,000株＋301円×25,000株＋302円×8,500株 ＋303円×20,000株＋304円×32,300株＋305円×17,100株＋306円×13,300株＋307円×600株＋308円×1,000株＋309円×8,200株＋310円×18,100株＋311円×16,000株＋312円×20,500株＋313円×27,500株＋314円×6,200株＋316円×4,100株） ＝ 612,000円 及び イ．当該違反行為に係る自己の計算による有価証券の売付け等の数量（242,000株）が、当該違反行為に係る自己の計算による有価証券の買付け等の数量（237,400株）を超えていることから、当該超える数量に係る有価証券の売付け等の価額から、当該違反行為が終了してから１月を経過するまでの間の各日における当該違反行為に係る有価証券の買付け等についての金融商品取引法第１３０条に規定する最低の価格のうち最も安い価格（274円）に当該超える数量4,600株（242,000株－237,400株）を乗じて得た額を控除した額 （305円×3,000株＋306円×1,600株）－（274円×4,600株） ＝ 144,200円 の合計額756,200円となる。 (2) 金融商品取引法第１７６条第２項の規定により、上記(1)で計算した額の１万円未満の端数を切捨て、750,000円となる。 ３．シンフォニア株式の取引（期間A）について (1) 当該違反行為に係る自己の計算による有価証券の売付け等の数量は、727,000株であり、当該違反行為に係る自己の計算による有価証券の買付け等の数量は、実際の買付け等の数量711,000株に、金融商品取引法第１７４条の２第８項及び金融商品取引法施行令第３３条の１３第１号の規定により、違反行為の開始時にその時における価格（250円）で買付け等を自己の計算においてしたものとみなされる当該違反行為の開始時に所有している当該有価証券の数量16,000株を加えた727,000株であることから、 当該違反行為に係る有価証券の売買対当数量（727,000株）に係るものについて、自己の計算による当該有価証券の売付け等の価額から、自己の計算による当該有価証券の買付け等の価額を控除した額 （238円×95,000株＋239円×135,000株＋243円×91,000株 ＋244円×50,000株＋246円×112,000株＋249円×88,000株 ＋250円×149,000株＋251円×7,000株） －（236円×50,000株＋238円×142,000株＋239円×30,000株 ＋242円×80,000株＋243円×50,000株＋244円×11,000株 ＋246円×60,000株＋247円×64,000株＋248円×180,000株 ＋249円×14,000株＋250円×46,000株） ＝ 505,000円となる。 (2) 金融商品取引法第１７６条第２項の規定により、上記(1)で計算した額の１万円未満の端数を切捨て、500,000円となる。 ４．シンフォニア株式の取引（期間B）について (1) 当該違反行為に係る自己の計算による有価証券の売付け等の数量は、50,000株であり、当該違反行為に係る自己の計算による有価証券の買付け等の数量は、379,000株であることから、 ア．当該違反行為に係る有価証券の売買対当数量（50,000株）に係るものについて、自己の計算による当該有価証券の売付け等の価額から、自己の計算による当該有価証券の買付け等の価額を控除した額 （226円×50,000株）－（225円×20,000株＋226円×30,000株） ＝ 20,000円 及び イ．当該違反行為に係る自己の計算による有価証券の買付け等の数量（379,000株）が、当該違反行為に係る自己の計算による有価証券の売付け等の数量（50,000株）を超えていることから、当該違反行為が終了してから１月を経過するまでの間の各日における当該違反行為に係る有価証券の売付け等についての金融商品取引法第１３０条に規定する最高の価格のうち最も高い価格（229円）に当該超える数量329,000株（379,000株－50,000株）を乗じて得た額から、当該超える数量に係る有価証券の買付け等の価額を控除した額 （229円×329,000株） －（224円×19,000株＋225円×220,000株＋226円×90,000株） ＝ 1,245,000円 の合計額1,265,000円となる。 (2) 金融商品取引法第１７６条第２項の規定により、上記(1)で計算した額の１万円未満の端数を切捨て、1,260,000円となる。 ５．カブドットコム証券株式の取引（期間A）について (1) 当該違反行為に係る自己の計算による有価証券の売付け等の数量は、193,900株であり、当該違反行為に係る自己の計算による有価証券の買付け等の数量は、193,100株であることから、 ア．当該違反行為に係る有価証券の売買対当数量（193,100株）に係るものについて、自己の計算による当該有価証券の売付け等の価額から、自己の計算による当該有価証券の買付け等の価額を控除した額 （911円×5,000株＋912円×5,300株＋913円×8,800株＋914円×15,200株 ＋916円×17,400株＋917円×7,300株＋918円×22,300株＋933円×800株 ＋934円×9,600株＋935円×10,000株＋936円×1,600株＋937円×1,500株 ＋938円×900株＋939円×10,600株＋940円×10,000株＋941円×22,800株 ＋942円×16,000株＋943円×28,000株） －（910円×12,000株＋911円×3,200株＋912円×9,000株＋913円×8,900株 ＋914円×18,000株＋915円×12,700株＋917円×200株＋918円×17,300株 ＋931円×15,000株＋933円×3,000株＋934円×2,000株＋935円×10,000株 ＋937円×13,300株＋938円×13,000株＋939円×9,700株 ＋940円×10,400株＋941円×20,600株＋942円×1,400株 ＋943円×13,400株） ＝ 345,800円 及び イ．当該違反行為に係る自己の計算による有価証券の売付け等の数量（193,900株）が、当該違反行為に係る自己の計算による有価証券の買付け等の数量（193,100株）を超えていることから、当該超える数量に係る有価証券の売付け等の価額から、当該違反行為が終了してから１月を経過するまでの間の各日における当該違反行為に係る有価証券の買付け等についての金融商品取引法第１３０条に規定する最低の価格のうち最も安い価格（848円）に当該超える数量800株（193,900株－193,100株）を乗じて得た額を控除した額 （914円×800株）－（848円×800株） ＝ 52,800円 の合計額398,600円となる。 (2) 金融商品取引法第１７６条第２項の規定により、上記(1)で計算した額の１万円未満の端数を切捨て、390,000円となる。 ６．カブドットコム証券株式の取引（期間B）について (1) 当該違反行為に係る自己の計算による有価証券の売付け等の数量は、405,000株であり、当該違反行為に係る自己の計算による有価証券の買付け等の数量は、実際の買付け等の数量399,200株に、金融商品取引法第１７４条の２第８項及び金融商品取引法施行令第３３条の１３第１号の規定により、違反行為の開始時にその時における価格（897円）で買付け等を自己の計算においてしたものとみなされる当該違反行為の開始時に所有している当該有価証券の数量5,400株を加えた404,600株であることから、 ア．当該違反行為に係る有価証券の売買対当数量（404,600株）に係るものについて、自己の計算による当該有価証券の売付け等の価額から、自己の計算による当該有価証券の買付け等の価額を控除した額 （887円×7,100株＋888円×14,100株＋889円×10,000株 ＋890円×19,100株＋891円×25,300株＋892円×38,200株 ＋893円×36,500株＋894円×24,100株＋895円×12,000株 ＋896円×41,400株＋897円×55,000株＋898円×41,500株 ＋899円×4,500株＋901円×100株＋902円×5,500株＋903円×12,100株 ＋904円×10,000株＋905円×10,000株＋906円×5,000株 ＋907円×10,000株＋909円×4,300株＋910円×6,700株＋911円×12,000株 ＋913円×100株） －（884円×7,200株＋885円×5,800株＋886円×10,000株＋887円×5,000株 ＋888円×1,600株＋889円×24,000株＋890円×32,500株＋891円×8,200株 ＋892円×36,000株＋893円×23,500株＋894円×24,500株 ＋895円×67,200株＋896円×35,300株＋897円×39,300株 ＋898円×10,000株＋899円×3,500株＋900円×10,500株＋901円×8,600株 ＋902円×19,700株＋903円×100株＋904円×500株＋905円×5,000株 ＋906円×5,000株＋908円×6,600株＋909円×5,000株＋910円×10,000株） ＝ 506,600円 及び イ．当該違反行為に係る自己の計算による有価証券の売付け等の数量（405,000株）が、当該違反行為に係る自己の計算による有価証券の買付け等の数量（404,600株）を超えていることから、当該超える数量に係る有価証券の売付け等の価額から、当該違反行為が終了してから１月を経過するまでの間の各日における当該違反行為に係る有価証券の買付け等についての金融商品取引法第１３０条に規定する最低の価格のうち最も安い価格（848円）に当該超える数量400株（405,000株－404,600株）を乗じて得た額を控除した額 （892円×400株）－（848円×400株） ＝ 17,600円 の合計額524,200円となる。 (2) 金融商品取引法第１７６条第２項の規定により、上記(1)で計算した額の１万円未満の端数を切捨て、520,000円となる。 ７．上記１ないし６により算定した額の合計 （720,000円＋750,000円＋500,000円＋1,260,000円＋390,000円＋520,000円） ＝ 4,140,000円となる。"
2016-09-21,株式会社京王ズホールディングス,,公開買付者との契約締結交渉者による京王ズホールディングス株式に係る内部者取引に対する課徴金納付命令の勧告について（平成28年9月21日）,https://www.fsa.go.jp/sesc/news/c_2016/2016/20160921-1.html,"English version 平成２８年９月２１日 証券取引等監視委員会 公開買付者との契約締結交渉者による京王ズホールディングス株式に係る内部者取引に対する課徴金納付命令の勧告について １．勧告の内容 証券取引等監視委員会は、公開買付者との契約締結交渉者による株式会社京王ズホールディングスに係る内部者取引について検査した結果、下記のとおり法令違反の事実が認められたので、本日、内閣総理大臣及び金融庁長官に対して、金融庁設置法第２０条第１項の規定に基づき、課徴金納付命令を発出するよう勧告を行った。 ２．法令違反の事実関係 課徴金納付命令対象者は、公開買付者である株式会社光通信（以下「光通信」という。）との間で行っていた公開買付けに関する契約の締結交渉に関し、光通信の業務執行を決定する機関が、株式会社京王ズホールディングス（以下「京王ズ」という。平成２７年５月２９日上場廃止）株式の公開買付けを行うことについての決定をした旨の公開買付けの実施に関する事実を知りながら、上記事実の公表がされた平成２６年３月２６日午後８時４０分頃より前の同月２０日及び同月２６日午前１０時１４分頃から同日午前１０時１９分頃までの間、自己の計算において、京王ズ株式合計２７００株を買付価額合計８９万４１００円で買い付けたものである。 違反行為事実の概要については、 別図 のとおり。 課徴金納付命令対象者が行った上記の行為は、金融商品取引法第１７５条第２項に規定する「第１６７条第１項又は第３項の規定に違反して、同条第１項に規定する売買等をした」行為に該当すると認められる。 ３．課徴金の額の計算 上記の違法行為に対し、金融商品取引法に基づき納付を命じられる課徴金の額は、６０万円である。（計算方法の詳細については、 別紙 のとおり。） ４．その他 本件については、日本取引所自主規制法人より提供された情報を参考として、実態解明を行ったものである。 （別図） ○ 違反行為事実の概要について （クリックすると拡大されます） （別紙） ○ 課徴金の額の計算方法について (1) 金融商品取引法第１７５条第２項第２号の規定により、当該有価証券の買付けについて、公開買付け等の実施に関する事実の公表がされた後２週間における最も高い価格に当該有価証券の買付けの数量を乗じて得た額から当該有価証券の買付けをした価格にその数量を乗じて得た額を控除した額。 （554円×2,700株） －（321円×100株＋323円×200株＋324円×100株＋325円×100株 ＋327円×200株＋328円×500株＋335円×1,100株＋336円×300株 ＋338円×100株） ＝ 601,700円 (2) 金融商品取引法第１７６条第２項の規定により、上記(1)で計算した額の１万円未満の端数を切捨て。"
2016-08-26,,,「金融商品取引法における課徴金事例集～開示規制違反編～」の公表について（平成28年8月26日）,https://www.fsa.go.jp/sesc/jirei/kaiji/20160826.html,"平成28年８月26日 証券取引等監視委員会 「金融商品取引法における課徴金事例集～開示規制違反編～」の公表について 証券取引等監視委員会では、「金融商品取引法における課徴金事例集～開示規制違反編～」について、 別紙 （PDF:2,319KB） のとおり取りまとめましたので、公表します。 本書は、適正な開示に向けた市場関係者の自主的な取組を促す観点から、開示検査の傾向や開示検査で確認された不適正な会計処理等の概要を取りまとめたものです。 証券取引等監視委員会としては、本書が、市場監視行政の透明性を高めるとともに、証券市場を巡るルールの共有の促進を通じて幅広い市場関係者の自主的な規律の向上に役立つことを期待しています。 過去の課徴金事例集はこちら"
2016-08-22,オー・エイチ・ティー株式会社,,オー・エイチ・ティー株式会社株券に係る相場操縦事件の告発について（平成28年8月22日）,https://www.fsa.go.jp/sesc/news/c_2016/2016/20160822-1.html,English version 平成２８年８月２２日 証券取引等監視委員会 オー・エイチ・ティー株式会社株券に係る相場操縦事件の告発について 証券取引等監視委員会は、本日、平成１８年法律第６５号による改正前の証券取引法違反（相場操縦）の嫌疑で、嫌疑者１名をさいたま地方検察庁に告発した。告発の対象となった犯則事実については下記のとおり。 １．告発の対象となった犯則事実 犯則嫌疑者は、Ａ及びＢと共謀の上、東京証券取引所が開設するマザーズ市場に上場されていたオー・エイチ・ティー株式会社の株券について、その株価の高値形成を図ろうと企て、平成１７年１０月１７日から同月２５日までの間、７取引日にわたり、同市場において、同株券の売買を誘引する目的をもって、前記Ｂほか４名義で、証券会社８社を介し、連続した成行注文又は高指値注文を行って高値を買い上がる、引け間際に高指値注文を行って終値を引き上げるなどの方法により、同株券合計２４５３株を買い付ける一方、同株券合計８２４株を売り付け、さらに、前記Ｂほか２名義で、証券会社５社を介し、大量の下値買注文を入れるなどの方法により、同株券合計４１１８株の買付けの委託を行い、同株券の株価を２７万円から３１万４０００円まで高騰させるなどし、もって、同株券の売買が繁盛であると誤解させ、かつ、同株券の相場を変動させるべき一連の売買及びその委託をするとともに、同期間中、４取引日にわたり、同市場において、他人をして株券の売買が繁盛に行われていると誤解させるなど、同株券の売買の状況に関し他人に誤解を生じさせる目的をもって、前記Ｂほか２名義で、証券会社７社を介し、同株券合計７２３株について、売り付けると同時に別途買い付け、もって、権利の移転を目的としない仮装の同株券の売買をしたものである。 ２．関連条文 証券取引法 平成１８年法律第６５号による改正前の証券取引法第１９７条第１項第７号、第１５９条第１項第１号、第２項第１号、刑法第６０条 法定刑：５年以下の懲役若しくは５００万円以下の罰金又は併科
2016-09-02,グランド・ウィン・パートナーズ株式会社,,グランド・ウィン・パートナーズ株式会社に対する検査結果に基づく勧告について（平成28年9月2日）,https://www.fsa.go.jp/sesc/news/c_2016/2016/20160902-1.html,English version 平成28年９月２日 証券取引等監視委員会 グランド・ウィン・パートナーズ株式会社に対する検査結果に基づく勧告について １．勧告の内容 近畿財務局長がグランド・ウィン・パートナーズ株式会社（大阪市西区、法人番号2120001146134、資本金7300万円、常勤役職員９名、第二種金融商品取引業）を検査した結果、下記のとおり、当該金融商品取引業者に係る問題が認められたので、本日、証券取引等監視委員会は、内閣総理大臣及び金融庁長官に対して、金融庁設置法第20条第１項に基づき、行政処分を行うよう勧告した。 ２．事実関係 グランド・ウィン・パートナーズ株式会社（以下「当社」という。）は、平成25年６月以降、合同会社バズビズを営業者として、ビジネスフォンに関する新システムの開発・製造・販売等の事業へ投資するとした４つの匿名組合契約に基づく権利（以下「ビジネスフォンファンド」という。）と、同26年６月以降、阿弗利加資源開発推進機構株式会社を営業者として、金採掘用機材等のリース事業等へ投資するとした３つの匿名組合契約に基づく権利（以下「金採掘ファンド」といい、ビジネスフォンファンドと合わせて「本件ファンド」という。）の私募の取扱いを行っている。なお、平成28年４月末現在、償還期限の到来していないビジネスフォンファンドは、21本、出資総額は約5.1億円、同金採掘ファンドは、23本、出資総額は約3.8億円である。 今回検査において、当社の業務運営の状況を検証したところ、以下の問題が認められた。 （１）出資金の流用を知りながら匿名組合契約に基づく権利の私募の取扱いを行っている状況 当社は、本件ファンドのそれぞれのファンド関係者間で、本件ファンドの組成を計画した際に、当該組成を主導していたＡ社（平成27年12月以降は、主たる人員構成がＡ社と同様のＢ社に変更）に対し、顧客から集めた出資金のうち約40％を販売協力金名目で支払うことを取り決めた（以下「本件合意」という。）。なお、Ａ社又はＢ社は、本件ファンドの出資対象事業に一切関与していない。 当社は、本件合意に基づき、本件ファンドの営業者等に対して、顧客から集めた出資金のうち約40％をＡ社又はＢ社に送金するよう指示し、Ａ社又はＢ社に送金させていた。 また、当社は、平成26年10月以降、本件ファンドのそれぞれのファンド関係者間で、Ａ社又はＢ社に送金する出資金等の一部を本件ファンドの組成費等として当社に支払うことを取り決め、正当な費用であるかのような名目で、これを受領し、当社社員の給与の支払い等に費消している。 当社は、このように本件ファンドの私募の取扱い開始以降、出資金が流用されているにもかかわらず、本件ファンドの私募の取扱いを継続していた。 当社が行った上記の行為のうち、同27年５月29日の改正金融商品取引法（平成26年５月30日法律第44号）施行以降の行為は、金融商品取引法（以下「金商法」という。）第２条第２項第５号に掲げる権利に関し出資された金銭が、当該金銭を充てて行われる事業に充てられていないことを知りながら、金商法第２条第８項第９号に掲げる行為を行うもので、金商法第40条の３の２に違反するものと認められる。 （２）金融商品取引契約の締結又はその勧誘に関して、顧客に対し虚偽のことを告げる行為 当社は、（１）に記載のとおり、出資金をＡ社又はＢ社へ送金させるとともに、当社社員の給与の支払い等に費消しているにもかかわらず、本件ファンドについて、これを秘して出資金を出資対象事業に投資するなどと顧客に説明し、本件ファンドの私募の取扱いを継続していた。 当社が行った上記の行為は、金商法第38条第１号に掲げる「金融商品取引契約の締結又はその勧誘に関して、顧客に対し虚偽のことを告げる行為」に該当するものと認められる。 （３）報告徴取命令に対する虚偽報告 当社は、近畿財務局長が平成28年３月30日付けで発出した報告徴取命令に対して、金採掘ファンドの投資先事業者の口座に、あたかも多額の預金が存在するかのように偽造した口座残高証明書の写し等を資料として添付した報告書を提出していた。 当社が行った上記の行為は、金商法第52条第１項第６号に掲げる「金融商品取引業に関し法令に基づいてする行政官庁の処分に違反したとき」に該当するものと認められる。 （４）金融商品取引業を適確に遂行するに足りる人的構成を有しない状況 当社は、第二種金融商品取引業を行うに当たり、当該業務に関する十分な知識及び経験を有する役員又は使用人を確保していなければならないところ、α代表取締役は、主体となって、上記の法令違反行為を行っていたほか、不適切な検査対応を行うなど、法令等遵守意識及び投資者保護意識は皆無である。 また、当社の業務運営態勢は、形式的な内部管理及び内部監査にとどまるなど、適切に業務を運営するための人的基盤は整っていない。 以上のことから、当社は、金融商品取引業を適確に遂行するに足りる人的構成を有していないものと認められる。 当社における上記の状況は、金商法第29条の４第１項第１号ホに掲げる「金融商品取引業を適確に遂行するに足りる人的構成を有しない者」に該当するものと認められ、このような当社の状況は、金商法第52条第１項第１号に該当するものと認められる。 参考資料（PDF：55.2KB） （参考条文） ○金融商品取引法（昭和23年法律第25号）（抄） （登録の拒否） 第二十九条の四内閣総理大臣は、登録申請者が次の各号のいずれかに該当するとき、又は登録申請書若しくはこれに添付すべき書類若しくは電磁的記録のうちに虚偽の記載若しくは記録があり、若しくは重要な事実の記載若しくは記録が欠けているときは、その登録を拒否しなければならない。 一次のいずれかに該当する者 イ～ニ（略） ホ金融商品取引業を適確に遂行するに足りる人的構成を有しない者 （以下、略） （禁止行為） 第三十八条金融商品取引業者等又はその役員若しくは使用人は、次に掲げる行為をしてはならない。（略） 一金融商品取引契約の締結又はその勧誘に関して、顧客に対し虚偽のことを告げる行為 （以下、略） （金銭の流用が行われている場合の募集等の禁止） 第四十条の三の二金融商品取引業者等は、第二条第二項第五号若しくは第六号に掲げる権利又は同項第七号に掲げる権利（同項第五号又は第六号に掲げる権利と同様の経済的性質を有するものとして政令で定める権利に限る。）については、これらの権利に関し出資され、又は拠出された金銭（これに類するものとして政令で定めるものを含む。以下この条において同じ。）が、当該金銭を充てて行われる事業に充てられていないことを知りながら、第二条第八項第七号から第九号までに掲げる行為をしてはならない。 （金融商品取引業者に対する監督上の処分） 第五十二条内閣総理大臣は、金融商品取引業者が次の各号のいずれかに該当する場合においては、当該金融商品取引業者の第二十九条の登録を取り消し、第三十条第一項の認可を取り消し、又は六月以内の期間を定めて業務の全部若しくは一部の停止を命ずることができる。 一第二十九条の四第一項第一号、第二号又は第三号に該当することとなつたとき。 二～五（略） 六金融商品取引業又はこれに付随する業務に関し法令（第四十六条の六第二項を除く。）又は法令に基づいてする行政官庁の処分に違反したとき。 （以下、略）
2016-08-23,東洋ゴム工業株式会社,,東洋ゴム工業株式会社の子会社の社員からの情報受領者による内部者取引に対する課徴金納付命令の勧告について（平成28年8月23日）,https://www.fsa.go.jp/sesc/news/c_2016/2016/20160823-1.html,"English version 平成２８年８月２３日 証券取引等監視委員会 東洋ゴム工業株式会社の子会社の社員からの情報受領者による内部者取引に対する課徴金納付命令の勧告について １．勧告の内容 証券取引等監視委員会は、東洋ゴム工業株式会社の子会社の社員からの情報受領者による内部者取引について検査した結果、下記のとおり法令違反の事実が認められたので、本日、内閣総理大臣及び金融庁長官に対して、金融庁設置法第２０条第１項の規定に基づき、課徴金納付命令を発出するよう勧告を行った。 ２．法令違反の事実関係 課徴金納付命令対象者は、東洋ゴム工業株式会社（以下「東洋ゴム」という。）の連結子会社である東洋ゴム化工品株式会社（以下「東洋ゴム化工品」という。）の取引先の役員であるが、その職務に関し、東洋ゴムが設置した免震ゴム問題対策本部の業務に従事する、東洋ゴム化工品の社員甲が職務に関し知り、その後、同人から取引先の他の役員である乙が職務上伝達を受けた、東洋ゴムが、建築基準法第３７条第２号の国土交通大臣認定（以下「大臣認定」という。）を受けた性能評価基準に基づき、東洋ゴム化工品を通じて製造、販売していた「高減衰ゴム系積層ゴム支承」の一部が、同性能評価基準に適合しておらず、また、一部の性能評価基準に対する大臣認定を技術的根拠のない申請により受けていたことが確認された旨の、東洋ゴムの運営、業務又は財産に関する重要な事実であって投資者の投資判断に著しい影響を及ぼす事実を知りながら、上記事実の公表がされた平成２７年３月１３日午後３時２０分頃より前の同日午前１０時２２分頃、自己の計算において、東洋ゴム株式合計２５００株を売付価額合計６９３万９８００円で売り付けたものである。 違反行為事実の概要については、 別図 のとおり。 課徴金納付命令対象者が行った上記の行為は、金融商品取引法第１７５条第１項に規定する「第１６６条第１項又は第３項の規定に違反して、同条第１項に規定する売買等をした」行為に該当すると認められる。 ３．課徴金の額の計算 上記の違法行為に対し、金融商品取引法に基づき納付を命じられる課徴金の額は、１６７万円である。（計算方法の詳細については、 別紙 のとおり。） ４．その他 本件については、日本取引所自主規制法人より提供された情報を参考として、実態解明を行ったものである。 （別図） ○ 違反行為事実の概要について （クリックすると拡大されます） （別紙） ○ 課徴金の額の計算方法について (1) 金融商品取引法第１７５条第１項第１号の規定により、当該有価証券の売付けについて当該有価証券の売付けをした価格にその数量を乗じて得た額から業務等に関する重要事実の公表がされた後２週間における最も低い価格に当該有価証券の売付けの数量を乗じて得た額を控除した額。 （2,775円×1,100株＋2,776円×700株＋2,777円×500株＋2,778円×200株） －（2,107円×2,500株） ＝ 1,672,300円 (2) 金融商品取引法第１７６条第２項の規定により、上記(1)で計算した額の１万円未満の端数を切捨て。"
2016-08-02,株式会社,1301,株式会社Ｇ．Ｓ．Ｔに対する検査結果について（平成28年8月2日）,https://www.fsa.go.jp/sesc/news/c_2016/2016/20160802-1.html,English version 平成28年８月２日 証券取引等監視委員会 株式会社Ｇ．Ｓ．Ｔに対する検査結果について 福岡財務支局長が上記適格機関投資家等特例業務届出者を検査した結果、問題が認められた（詳細は、福岡財務支局ウェブサイトを参照してください。）。 「株式会社Ｇ．Ｓ．Ｔに対する検査結果について」（福岡財務支局ウェブサイト）
2016-08-01,株式会社ALBERT株券,,株式会社ALBERT株券に係る内部者取引事件の告発について（平成28年8月1日）,https://www.fsa.go.jp/sesc/news/c_2016/2016/20160801-1.html,English version 平成２８年８月１日 証券取引等監視委員会 株式会社ＡＬＢＥＲＴ株券に係る内部者取引事件の告発について 証券取引等監視委員会は、本日、金融商品取引法違反（内部者取引）の嫌疑で、嫌疑者１名を東京地方検察庁に告発した。告発の対象となった犯則事実については下記のとおり。 １．告発の対象となった犯則事実 犯則嫌疑者は、東京証券取引所が開設するマザーズ市場に株券を上場している株式会社ＡＬＢＥＲＴ（以下「アルベルト」という。）の取締役会長として、同社の経営に関与していたものであるが、平成２７年９月１６日頃、その職務に関し、同社が新たに算出した同年１月１日から同年１２月３１日までの事業年度における同社の経常利益の予想値について、同社が同年２月１９日に公表していた予想値と比較して、黒字から赤字に転じる見込みであり、投資者の投資判断に及ぼす影響が重要なものとなる差異が生じた旨の重要事実を知り 第１ 法定の除外事由がないのに、同重要事実の公表前である同年１０月１５日から同月２９日までの間、証券会社１社を介し、親族Ａ名義のアルベルトの株券合計１万９１００株を代金合計３８２５万６４００円で売り付け 第２ あらかじめ同社の株券を売り付けさせて損失の発生を回避させる目的をもって １ 前記重要事実の公表前である同年１０月７日頃、親族Ｂに対し、同重要事実を伝達し、同人において、法定の除外事由がないのに、同重要事実の公表前である同月１４日から同月２９日までの間、証券会社１社を介し、同人名義のアルベルトの株券合計４９００株を代金合計９８９万円で売り付け ２ 前記重要事実の公表前である同年１０月７日頃、知人Ｃに対し、同重要事実を伝達し、同人において、法定の除外事由がないのに、同重要事実の公表前である同日から同月２９日までの間、証券会社１社を介し、同人名義のアルベルトの株券合計２６００株を代金合計５０４万９００円で売り付け たものである。 ２．関連条文 第１ 金融商品取引法第１９７条の２第１３号、第１６６条第１項第１号、 同条第２項第３号 法定刑：５年以下の懲役若しくは５００万円以下の罰金又は併科 第２ 金融商品取引法第１９７条の２第１４号、第１６７条の２第１項、 第１６６条第１項第１号、同条第２項第３号 法定刑：５年以下の懲役若しくは５００万円以下の罰金又は併科
2016-07-28,受託する証券会社・投資銀行,,「金融商品取引法における課徴金事例集～不公正取引編～」の公表について（平成28年7月28日）,https://www.fsa.go.jp/sesc/jirei/torichou/20160728.html,"平成２８年７月２８日 証券取引等監視委員会 「金融商品取引法における課徴金事例集～不公正取引編～」の公表について 証券取引等監視委員会では、「金融商品取引法における課徴金事例集～不公正取引編～」について、 別紙 （PDF:3,808KB） のとおり取りまとめましたので、公表します。 本書は、証券取引等監視委員会（以下、「証券監視委」という。）が、平成27年6月から平成28年5月までの間に、金融商品取引法違反となる不公正取引に関し勧告を行った事例について、その概要を取りまとめたものです。 本年度の事例集においては、市場関係者の皆様に、不公正取引を未然に防止するための参考としていただけるよう、（１）インサイダー取引や相場操縦等の不公正取引の規制趣旨や概要等について簡潔な説明を追加したほか、（２）課徴金勧告事案の特色・傾向や問題点等に対する理解を深めて頂くためにグラフ等を活用する、（３）個別事例については、違反行為や重要事実などの共通項に基づいて紹介する、等の工夫を行っています。 証券監視委としては、不公正取引の未然防止という観点から、本書が、 （１）重要事実の発生源となる上場会社における内部者取引管理態勢の一層の充実強化 （２）公開買付け等企業再編の当事者からフィナンシャル・アドバイザリー業務を受託する証券会社・投資銀行等における重要事実等の情報管理の徹底 （３）証券市場のゲートキーパーとしての役割を担う証券会社における適正な売買審査の実施 にそれぞれ役立てていただくことを期待しています。 また、一般投資者におかれても、不公正取引の疑いがある場合には、証券監視委による調査等の対象となり、法令違反が認められた場合には課徴金納付命令等の法的な制裁が課されることを十分にご理解いただければ幸いです。 本書を活用していただく市場関係者によって、不公正取引を未然に防止するために実効性ある内部管理態勢等が構築され、その結果、市場の公正性・透明性がより高められることを強く期待しています。 過去の課徴金事例集はこちら"
2016-07-22,株式会社ＭＡＧねっとホールディングス,,株式会社ＭＡＧねっとホールディングスに係る四半期報告書の虚偽記載に係る課徴金納付命令勧告について（平成28年7月22日）,https://www.fsa.go.jp/sesc/news/c_2016/2016/20160722-1.html,"English version 平成28年７月22日 証券取引等監視委員会 株式会社ＭＡＧねっとホールディングスに係る四半期報告書の虚偽記載に係る課徴金納付命令勧告について １．勧告の内容 証券取引等監視委員会は、株式会社ＭＡＧねっとホールディングス（法人番号9010401082710）に係る四半期報告書の虚偽記載について検査した結果、以下のとおり法令違反の事実が認められたので、本日、内閣総理大臣及び金融庁長官に対して、金融庁設置法第20条第１項の規定に基づき、課徴金納付命令を発出するよう勧告を行った。 ２．法令違反の事実関係 株式会社ＭＡＧねっとホールディングス（以下「当社」という。）は、当社社長の親族等が経営するグループ企業に対する短期貸付金及び未収利息について、当該グループ企業の財政状態の悪化を把握していたにもかかわらず、貸倒引当金の計上や未収利息の損失処理等を適正に行わなかったほか、当該短期貸付金等を当社の関連当事者に譲渡したことに伴う譲渡代金債権についても、当該関連当事者の財政状態の悪化を把握していたにもかかわらず、貸倒引当金の計上を適正に行わなかった。 この結果、当社は、関東財務局長に対し、 別紙１ のとおり、金融商品取引法第172条の４第２項に規定する「重要な事項につき虚偽の記載がある」以下の四半期報告書を提出したものである。 平成24年６月第１四半期四半期報告書（平成24年８月10日提出） 平成24年９月第２四半期四半期報告書（平成24年11月９日提出） 平成26年９月第２四半期四半期報告書（平成26年11月13日提出） 平成26年12月第３四半期四半期報告書（平成27年２月13日提出） ３．課徴金の額の計算 上記の違法行為について金融商品取引法に基づき算定される課徴金の額は、1,200万円である。（計算方法については 別紙２ のとおり。） （別紙１）株式会社ＭＡＧねっとホールディングスの四半期報告書の虚偽記載内容 （別紙１）株式会社ＭＡＧねっとホールディングスの四半期報告書の虚偽記載内容 番 号 開示書類 虚偽記載 提出日 書類 会計期間 財務計算に 関する書類 内容（注） 事由 １ 平成24年 ８月10日 第38期事業年度第１四半期連結会計期間に係る四半期報告書（平成24年６月第１四半期四半期報告書） 平成24年４月１日～平成24年６月30日の第１四半期連結会計期間 四半期連結 貸借対照表 連結純資産額が1,969百万円であるところを2,777百万円と記載 ・貸倒引当金の不計上 ・未収利息の過大計上 ２ 平成24年 11月９日 第38期事業年度第２四半期連結会計期間に係る四半期報告書（平成24年９月第２四半期四半期報告書） 平成24年７月１日～平成24年９月30日の第２四半期連結会計期間 四半期連結 貸借対照表 連結純資産額が1,945百万円であるところを2,766百万円と記載 ・貸倒引当金の不計上 ・未収利息の過大計上 ３ 平成26年 11月13日 第40期事業年度第２四半期連結会計期間に係る四半期報告書（平成26年９月第２四半期四半期報告書） 平成26年７月１日～平成26年９月30日の第２四半期連結会計期間 四半期連結 貸借対照表 連結純資産額が1,527百万円であるところを2,595百万円と記載 ・貸倒引当金の不計上 平成26年４月１日～平成26年９月30日の第２四半期連結累計期間 四半期連結 損益計算書 連結四半期純損益が▲1,106百万円であるところを▲38百万円と記載 ４ 平成27年 ２月13日 第40期事業年度第３四半期連結会計期間に係る四半期報告書（平成26年12月第３四半期四半期報告書） 平成26年10月１日～平成26年12月31日の第３四半期連結会計期間 四半期連結 貸借対照表 連結純資産額が1,500百万円であるところを2,568百万円と記載 ・貸倒引当金の不計上 平成26年４月１日～平成26年12月31日の第３四半期連結累計期間 四半期連結 損益計算書 連結四半期純損益が▲1,133百万円であるところを▲64百万円と記載 （注）金額は百万円未満切捨てである。また、▲は損失であることを示す。 （別紙２）課徴金の計算方法 （１）金融商品取引法第172条の４第２項の規定により、当該法人の平成24年６月第１四半期四半期報告書及び平成24年９月第２四半期四半期報告書に係る課徴金について、個別決定ごとの算出額は、 ア 当該法人が発行する算定基準有価証券の市場価額の総額に10万分の６を乗じて得た額 （ 平成24年６月第１四半期四半期報告書 133,789円 平成24年９月第２四半期四半期報告書 120,271円 ） が イ 6,000,000円 を超えないことから、 平成24年６月第１四半期四半期報告書については、6,000,000円の２分の１に相当する額である3,000,000円 平成24年９月第２四半期四半期報告書については、6,000,000円の２分の１に相当する額である3,000,000円 となる。 （２）金融商品取引法第172条の４第２項の規定により、当該法人の平成26年９月第２四半期四半期報告書及び平成26年12月第３四半期四半期報告書に係る課徴金について、個別決定ごとの算出額は、 ア 当該法人が発行する算定基準有価証券の市場価額の総額に10万分の６を乗じて得た額 （ 平成26年９月第２四半期四半期報告書 152,807円 平成26年12月第３四半期四半期報告書 142,604円 ） が イ 6,000,000円 を超えないことから、 平成26年９月第２四半期四半期報告書については、6,000,000円の２分の１に相当する額である3,000,000円 平成26年12月第３四半期四半期報告書については、6,000,000円の２分の１に相当する額である3,000,000円 となる。"
2016-07-12,内部者取引違反行為及び株式会社,,株式会社ピクセラ外２社との契約締結交渉者の社員による内部者取引違反行為及び株式会社ピクセラとの契約締結交渉者の役員からの情報受領者２名による内部者取引違反行為並びに当該役員による重要事実に係る伝達違反行為に対する課徴金納付命令の勧告について（平成28年7月12日）,https://www.fsa.go.jp/sesc/news/c_2016/2016/20160712-1.html,"English version 平成２８年７月１２日 証券取引等監視委員会 株式会社ピクセラ外２社との契約締結交渉者の社員による内部者取引違反行為及び株式会社ピクセラとの契約締結交渉者の役員からの情報受領者２名による内部者取引違反行為並びに当該役員による重要事実に係る伝達違反行為に対する課徴金納付命令の勧告について １．勧告の内容 証券取引等監視委員会は、株式会社ピクセラ外２社との契約締結交渉者の社員による内部者取引違反行為及び株式会社ピクセラとの契約締結交渉者の役員からの情報受領者２名による内部者取引違反行為並びに当該役員による重要事実に係る伝達違反行為について検査した結果、下記のとおり法令違反の事実が認められたので、本日、内閣総理大臣及び金融庁長官に対して、金融庁設置法第２０条第１項の規定に基づき、課徴金納付命令を発出するよう勧告を行った。 ２．法令違反の事実関係 （１）課徴金納付命令対象者(１)について 課徴金納付命令対象者（１）は、Ｏａｋキャピタル株式会社（以下「Ｏａｋ」という。）に勤務していた者である。 課徴金納付命令対象者（１）は、その職務に関し、 イ．Ｏａｋの役員等が、株式会社省電舎（以下「省電舎」という。）との新株予約権付社債及び新株予約権引受契約の締結交渉に関し知った、省電舎の業務執行を決定する機関が、省電舎の発行する新株予約権付社債及び新株予約権を引き受ける者の募集を行うことについての決定をした旨の重要事実を知りながら、上記重要事実の公表がされた平成２７年４月３日午後５時３０分頃より前の同日午前９時２分頃、自己の計算において、省電舎株式合計５００株を買付価額合計４７万円で買い付け ロ．Ｏａｋの役員等が、株式会社ガーラ（以下「ガーラ」という。）との新株及び新株予約権引受契約の締結交渉に関し知った、ガーラの業務執行を決定する機関が、ガーラの発行する新株及び新株予約権を引き受ける者の募集を行うことについての決定をした旨の重要事実を知りながら、上記重要事実の公表がされた平成２７年４月２３日午後５時頃より前の同月２２日及び翌２３日午前９時５５分頃、自己の計算において、ガーラ株式合計２００株を買付価額合計２１万２５００円で買い付け ハ．Ｏａｋの役員等が、株式会社ピクセラ（以下「ピクセラ」という。）との新株及び新株予約権引受契約の締結交渉に関し知った、ピクセラの業務執行を決定する機関が、ピクセラの発行する新株及び新株予約権を引き受ける者の募集を行うことについての決定をした旨の重要事実を知りながら、上記重要事実の公表がされた平成２７年７月１７日午後５時１５分頃より前の同日午前９時５分頃から午前９時２２分頃までの間、自己の計算において、ピクセラ株式合計４０００株を買付価額合計４０万３６００円で買い付けたものである。 （２）課徴金納付命令対象者(２)について 課徴金納付命令対象者（２）は、ピクセラとの間でフィナンシャルアドバイザリー契約の締結を交渉していた株式会社ユークリッドキャピタル(以下「ユークリッド」という。)の役員である課徴金納付命令対象者（４）から、同人が同契約の締結交渉に関し知った、ピクセラの業務執行を決定する機関が、ピクセラの発行する新株及び新株予約権を引き受ける者の募集を行うことについての決定をした旨の重要事実の伝達を受けながら、上記重要事実の公表がされた平成２７年７月１７日より前の同年５月７日及び同月１８日、自己の計算において、ピクセラ株式合計２万株を買付価額合計２０７万円で買い付けたものである。 （３）課徴金納付命令対象者(３)について 課徴金納付命令対象者（３）は、ピクセラとの間でフィナンシャルアドバイザリー契約の締結を交渉していたユークリッドの役員である課徴金納付命令対象者（４）から、同人が同契約の締結交渉に関し知った、ピクセラの業務執行を決定する機関が、ピクセラの発行する新株及び新株予約権を引き受ける者の募集を行うことについての決定をした旨の重要事実の伝達を受けながら、上記重要事実の公表がされた平成２７年７月１７日より前の同年５月１５日から同年７月１６日までの間、自己の計算において、ピクセラ株式合計７万１１００株を買付価額合計７３５万２００円で買い付けたものである。 違反行為事実の概要については、 別図 のとおり。 課徴金納付命令対象者（１）ないし（３）が行った上記の行為は、金融商品取引法第１７５条第１項に規定する「第１６６条第１項又は第３項の規定に違反して、同条第１項に規定する売買等をした」行為に該当すると認められる。 （４）課徴金納付命令対象者(４)について イ．課徴金納付命令対象者(４)は、ピクセラとの間でフィナンシャルアドバイザリー契約の締結を交渉していたユークリッドの役員であるが、同契約の締結交渉に関し知った、ピクセラの業務執行を決定する機関が、ピクセラの発行する新株及び新株予約権を引き受ける者の募集を行うことについての決定をした旨の重要事実を、課徴金納付命令対象者(２)に対し、上記重要事実の公表がされる前にピクセラ株式を買い付けさせることにより同人に利益を得させる目的をもって、伝達したものである。 課徴金納付命令対象者(２)は、上記重要事実の公表がされた平成２７年７月１７日より前の同年５月７日及び同月１８日、自己の計算において、ピクセラ株式合計２万株を買付価額合計２０７万円で買い付けたものである。 ロ．課徴金納付命令対象者(４)は、上記重要事実を、課徴金納付命令対象者(３)に対し、上記重要事実の公表がされる前にピクセラ株式を買い付けさせることにより同人に利益を得させる目的をもって、伝達したものである。 課徴金納付命令対象者(３)は、上記重要事実の公表がされた平成２７年７月１７日より前の同年５月１５日から同年７月１６日までの間、自己の計算において、ピクセラ株式合計７万１１００株を買付価額合計７３５万２００円で買い付けたものである。 違反行為事実の概要については、 別図 のとおり。 課徴金納付命令対象者（４）が行った上記の行為は、金融商品取引法第１７５条の２第１項に規定する「第１６７の２条第１項の規定に違反して、同項の伝達をし、又は同項の売買等をすることを勧める」行為に該当すると認められる。 ３．課徴金の額の計算 上記の違反行為に対し、金融商品取引法に基づき納付を命じられる課徴金の額は、下記のとおりである。 課徴金納付命令対象者（１） ７９万円 課徴金納付命令対象者（２） ２４７万円 課徴金納付命令対象者（３） ８７８万円 課徴金納付命令対象者（４） ５６２万円 計算方法の詳細については、 別紙 のとおり。 （別図） ○ 違反行為事実の概要について （クリックすると拡大されます） （別紙） ○ 課徴金の額の計算方法について １．課徴金納付命令対象者(１) 金融商品取引法第１７５条第１項に基づき、課徴金の額は、 （重要事実が公表された後２週間における最も高い価格）×（買付株数） －（買付価格）×（買付株数） となる。 したがって、 違反行為イ．について、重要事実の公表後２週間における省電舎の最も高い株価は、１，３２１円であることから、課徴金の額は下記の金額となる。 （１，３２１円×５００株） － 買付価額４７０，０００円 （注１） ＝１９０，５００円 ⇒課徴金の額は１万円未満を切り捨てるため、 １９万円 （注１）買付価額は、「940円×500株」の額である。 違反行為ロ．について、重要事実の公表後２週間におけるガーラの最も高い株価は、１，５７９円であることから、課徴金の額は下記の金額となる。 （１，５７９円×２００株） － 買付価額２１２，５００円 （注２） ＝１０３，３００円 ⇒課徴金の額は１万円未満を切り捨てるため、 １０万円 （注２）買付価額は、「1,056円×100株＋1,069円×100株」の額である。 違反行為ハ．について、重要事実の公表後２週間におけるピクセラの最も高い株価は、２２７円であることから、課徴金の額は下記の金額となる。 （２２７円×４，０００株） － 買付価額４０３，６００円 （注３） ＝５０４，４００円 ⇒課徴金の額は１万円未満を切り捨てるため、 ５０万円 （注３）買付価額は、「100円×400株＋101円×3,600株」の額である。 ２．課徴金納付命令対象者(２)について 金融商品取引法第１７５条第１項に基づき、課徴金の額は、 （重要事実が公表された後２週間における最も高い価格）×（買付株数） －（買付価格）×（買付株数） となる。 したがって、 重要事実の公表後２週間におけるピクセラの最も高い株価は、２２７円であることから、課徴金の額は下記の金額となる。 （２２７円×２０，０００株） － 買付価額２，０７０，０００円 （注４） ＝２，４７０，０００円 ⇒課徴金の額は、 ２４７万円 （注４）買付価額は、「101円×10,000株＋106円×10,000株」の額である。 ３．課徴金納付命令対象者(３)について 金融商品取引法第１７５条第１項に基づき、課徴金の額は、 （重要事実が公表された後２週間における最も高い価格）×（買付株数） －（買付価格）×（買付株数） となる。 したがって、 重要事実の公表後２週間におけるピクセラの最も高い株価は、２２７円であることから、課徴金の額は下記の金額となる。 （２２７円×７１，１００株） － 買付価額７，３５０，２００円 （注５） ＝８，７８９，５００円 ⇒課徴金の額は１万円未満を切り捨てるため、 ８７８万円 （注５）買付価額は、 「96円×1,100株＋97円×10,700株＋98円×6,300株＋99円×1,500株＋100円×3,600株＋101円×3,900株＋103円×5,000株＋104円×5,500株＋105円×12,800株＋106円×2,000株＋107円×6,700株＋110円×5,000株＋111円×7,000株」 の額である。 ４．課徴金納付命令対象者(４)について 金融商品取引法第１７５条の２第１項に基づき、課徴金の額は、 （当該違反行為により当該情報受領者が行った当該買付け等によって得た利得相当額）× １/２ となる。 金融商品取引法第１７５条の２第３項に基づき、利得相当額は、 （重要事実が公表された後２週間における最も高い価格）×（買付株数） －（買付価格）×（買付株数） となる。 したがって、重要事実の公表後２週間におけるピクセラの最も高い株価は、 ２２７円であることから、課徴金の額は下記の金額となる。 課徴金納付命令対象者（２）に対する伝達について、 ｛（２２７円×２０，０００株）－買付価額２，０７０，０００円 （注６） ｝ × １/２ ＝１，２３５，０００円 ⇒課徴金の額は１万円未満を切り捨てるため、 １２３万円 （注６）買付価額は、「101円×10,000株＋106円×10,000株」の額である。 課徴金納付命令対象者（３）に対する伝達について、 ｛（２２７円×７１，１００株）－買付価額７，３５０，２００円 （注７） ｝ × １/２ ＝４，３９４，７５０円 ⇒課徴金の額は１万円未満を切り捨てるため、 ４３９万円 （注７）買付価額は、 「96円×1,100株＋97円×10,700株＋98円×6,300株＋99円×1,500株＋100円×3,600株＋101円×3,900株＋103円×5,000株＋104円×5,500株＋105円×12,800株＋106円×2,000株＋107円×6,700株＋110円×5,000株＋111円×7,000株」 の額である。"
2016-06-14,夢の街創造委員会株式会社,,夢の街創造委員会株式会社株券に係る相場操縦事件の告発について（平成28年6月14日）,https://www.fsa.go.jp/sesc/news/c_2016/2016/20160614-1.html,English version 平成２８年６月１４日 証券取引等監視委員会 夢の街創造委員会株式会社株券に係る相場操縦事件の告発について 証券取引等監視委員会は、本日、金融商品取引法違反（相場操縦）の嫌疑で、嫌疑者３名を東京地方検察庁に告発した。告発の対象となった犯則事実については下記のとおり。 １．告発の対象となった犯則事実 犯則嫌疑者Ａは 第１ 犯則嫌疑者Ｂと共謀の上、東京証券取引所が開設するジャスダック市場に上場されていた夢の街創造委員会株式会社が発行した株券について、その株価の高値形成を図ろうと企て １ 同株券の売買を誘引する目的をもって、平成２５年７月１７日から同月２４日までの間、６取引日にわたり、同市場において、Ｂほか２名義で、証券会社５社を介し、連続した高指値注文を行って高値を買い上がるなどの方法により、同株券合計２２万１３００株を買い付け、さらに、Ｂほか１名義で、証券会社２社を介し、下値買い注文を大量に入れるなどの方法により、同株券合計１万８１００株の買付けの委託を行い、もって同株券の売買が繁盛であると誤解させ、かつ、同市場における同株券の相場を変動させるべき一連の株券売買及びその委託をするとともに、同株券の売買が繁盛に行われていると他人に誤解させるなど同株券の売買の状況に関し他人に誤解を生じさせる目的をもって、その頃、同市場において、同株券合計１６万７４００株について、証券会社６社を介し、Ｂほか２名義で売り付けると同時に別途買い付け、もって権利の移転を目的としない仮装の売買をし、同株券の株価を８５０円から１０５０円まで上昇させ ２ 同株券の売買を誘引する目的をもって、同年１２月３０日から平成２６年１月７日までの間、３取引日にわたり、同市場において、Ｂほか１名義で、証券会社２社を介し、連続した高指値注文を行って高値を買い上がるなどの方法により、同株券合計１４万７０００株を買い付け、さらに、Ｂほか１名義で、証券会社２社を介し、下値買い注文を大量に入れるなどの方法により、同株券合計９０００株の買付けの委託を行い、もって同株券の売買が繁盛であると誤解させ、かつ、同市場における同株券の相場を変動させるべき一連の株券売買及びその委託をするとともに、同株券の売買が繁盛に行われていると他人に誤解させるなど同株券の売買の状況に関し他人に誤解を生じさせる目的をもって、その頃、同市場において、同株券合計５万９３００株について、証券会社６社を介し、Ｂほか１名義で売り付けると同時に別途買い付け、もって権利の移転を目的としない仮装の売買をし、同株券の株価を１６５３円から１８００円まで上昇させ 第２ 犯則嫌疑者Ｂ及び同Ｃと共謀の上、夢の街創造委員会株式会社の株券について、その株価を同Ａによる信用取引に係る追加保証金の発生しない１１９０円程度に維持しようと企て、同株券の相場を安定させる目的をもって、金融商品取引法施行令で定めるところに違反して、同年４月２８日から同年５月２８日までの間、２０取引日にわたり、前記ジャスダック市場において、法人Ｄほか３名義で、証券会社６社を介し、連続した高指値注文を行って高値を買い上がるなどの方法により、同株券合計５８万７９００株を買い付け、さらに、法人Ｄほか３名義で、証券会社５社を介し、下値買い注文を大量に入れるなどの方法により、同株券合計１５万６２００株の買付けの委託を行い、その株価を１１８４円から１２２３円の間に安定させ、もって同市場における同株券の相場を安定させる目的をもって、一連の有価証券売買及びその委託をし たものである。 ２．関連条文 金融商品取引法第197条第1項第5号、第159条第1項第1号、同条第2項第1号、同条第3項、刑法第60条 法定刑：10年以下の懲役若しくは1000万円以下の罰金又は併科 ３．その他 本件については、日本取引所自主規制法人より支援がなされている。
2016-07-04,リペアハウス株式会社,,リペアハウス株式会社及びその役員１名に対する金融商品取引法違反行為に係る裁判所の禁止及び停止命令の発令について（平成28年7月4日）,https://www.fsa.go.jp/sesc/news/c_2016/2016/20160704-1.html,English version 平成２８年７月４日 証券取引等監視委員会 リペアハウス株式会社及びその役員１名に対する金融商品取引法違反行為に係る裁判所の禁止及び停止命令の発令について 証券取引等監視委員会が、平成２８年５月２０日に行ったリペアハウス株式会社（東京都台東区、法人番号4300001008735、資本金３００万円、金融商品取引業の登録等はない。以下「当社」という。）及び当社の代表取締役Aに対する金融商品取引法違反行為（無登録で、投資一任契約の締結の媒介及び同法２条２項５号又は６号に掲げる権利について、募集又は私募を業として行うこと）の禁止及び停止を命ずるよう求める申立てについて、本日、東京地方裁判所より、申立ての内容どおり、下記の命令が下された。 記 １被申立人らは、いずれも、金融商品取引法２９条所定の登録（ただし、業務の種別を投資助言・代理業とするもの）その他同法所定の適式の登録を受けずに、当事者の一方が、相手方から、金融商品の価値等の分析に基づく投資判断の全部又は一部を一任されるとともに、当該投資判断に基づき当該相手方のため投資を行うのに必要な権限を委任されることを内容とする契約の締結の媒介を業として行ってはならない ２被申立人らは、いずれも、金融商品取引法２９条所定の登録（ただし、業務の種別を第二種金融商品取引業とするもの）その他同法所定の適式の登録を受けずに、同法２条２項５号又は６号に掲げる権利について、募集又は私募（ただし、同法６３条１項１号に掲げる行為を除く。）を業として行ってはならない （参考） リペアハウス株式会社及びその役員１名の金融商品取引法違反行為に係る裁判所への申立てについて
2016-06-23,大手証券会社,,証券取引等監視委員会の活動状況の公表について（平成28年6月23日）,https://www.fsa.go.jp/sesc/reports/n_27/n_27.html,"平成２８年６月２３日 証券取引等監視委員会 証券取引等監視委員会の活動状況の公表について 証券取引等監視委員会（以下「証券監視委」という。）は、金融庁設置法第22条の規定に基づき、毎年、活動状況等を公表しています。今回は、その24回目として、平成27年度（平成27年４月１日～同28年３月31日）の「証券取引等監視委員会の活動状況」を公表します。 公表内容の主なポイント １．金融行政方針を踏まえた取組み （１）市場規律の強化 連携対象の拡大・深化：国税、警察、取引所等に加え、監査役協会、大手証券会社経営陣等との意見交換等の実施 証券監視委の存在の「見える化」：近畿財務局での開催（平成27年11月） 市場規律強化のための情報発信の強化：事案の意義・特徴や発生原因等のわかりやすい説明に努めた。 財務局監視官部門等との連携強化 （２）マクロ的視点、時代の先を見た（Forward looking）市場監視 内外金融・資本市場を巡る動向、資源エネルギー価格の下落に伴うリスク要因等に着目 （３）市場の構造的変化への対応 増大するクロスボーダー取引に対する海外証券当局との連携による迅速な対応 アルゴリズム取引等の実態把握 複雑化・巧妙化する不公正取引等に対する調査手法の高度化への対応（デジタル・フォレンジックの有効な活用等、ＨＦＴのシステム面での対応強化） ２．証券監視委が実施した勧告案件等の事例を掲載（以下は主なもの） 社債発行会社の財務状況の実態を意図的に秘匿・隠蔽したまま、顧客に対して自ら社債販売を継続するとともに、複数の地場証券に対しても社債販売を継続させていた事例 インサイダー取引における情報伝達者への初の課徴金適用 グローバルに活動する上場企業に係る有価証券報告書等の虚偽記載 複雑化・巧妙化した犯則事例（相場操縦や風説の流布・偽計の組み合わせ等） ３．今後の取組み方針 調査・検査で把握した問題点の共通課題の抽出、適時・的確な情報発信 ビジネスモデル等に一層着目したリスクアセスメントを強化し、オンサイト・オフサイト一体となったモニタリングを実施。地場証券のビジネスモデルの実態やその持続可能性等について検証 上場企業の経営環境の変化に伴う開示規制違反の潜在的リスクに着目した情報収集・分析 ●「証券取引等監視委員会の活動状況」の本文へ ◎ 本文 （PDF/1,553KB） ◎ 附属資料 （PDF/2,040KB） ◎ 全文一括印刷用 （PDF/2,857KB） ◎ 概要の英語版 （PDF/39KB）"
2016-06-15,,,海外に居住する公開買付者の従業員によるゲームオン株式に係る内部者取引に対する課徴金納付命令の勧告について（平成28年6月15日）,https://www.fsa.go.jp/sesc/news/c_2016/2016/20160615-1.html,English version 平成２８年６月１５日 証券取引等監視委員会 海外に居住する公開買付者の従業員によるゲームオン株式に係る内部者取引に対する課徴金納付命令の勧告について １．勧告の内容 証券取引等監視委員会は、株式会社ゲームオン（以下「ゲームオン」という。）株式の公開買付者の従業員である海外居住の個人投資家による内部者取引について検査した結果、下記のとおり法令違反の事実が認められたので、本日、内閣総理大臣及び金融庁長官に対して、金融庁設置法第２０条第１項の規定に基づき、課徴金納付命令を発出するよう勧告を行った。 ２．法令違反の事実関係 課徴金納付命令対象者（大韓民国に居住）は、大韓民国に本社を置くネオウィズ・ゲームズ・コーポレーションの従業員であったが、その職務に関し、同社の業務執行を決定する機関がゲームオン株式の公開買付けを行うことについての決定をした旨の公開買付けの実施に関する事実を知りながら、当該事実の公表前の平成２３年１０月３１日から同年１１月４日までの間、自己の計算において、ゲームオン株式合計５７株を買付価額合計３４１万２３０５円で買い付けたものである。 課徴金納付命令対象者が行った上記の行為は、金融商品取引法第１７５条第２項に規定する「第１６７条第１項又は第３項の規定に違反して、同条第１項に規定する株券等に係る買付け等をした」行為に該当すると認められる。 違反行為事実の概要については、 別紙１ 及び ２ のとおり。 ３．課徴金の額の計算 上記の違法行為について金融商品取引法に基づき算定される課徴金の額は、１６０万円である。 計算方法の詳細については、 別紙３ のとおり。 ４．その他 本件については、大韓民国の金融委員会（Financial Services Commission）及び金融監督院（Financial Supervisory Service）より支援がなされている。 （別紙１） ○ 違反行為事実の概要について（１） （クリックすると拡大されます） （別紙２） ○ 違反行為事実の概要について（２） （クリックすると拡大されます） （別紙３） ○ 課徴金の額の計算方法について 金融商品取引法第１７５条第２項の規定により、当該違反行為に係る課徴金の額は、 （公開買付け等の実施に関する事実の公表後２週間における最も高い価格）×（買付け等の数量）－（買付け等をした価格）×（買付け等の数量） となる。 公開買付け等の実施に関する事実の公表後２週間におけるゲームオン株式の最も高い価格は８８，０００円であることから、 （８８，０００円×５７株）－買付価額（５９，８６５円 （注） ×５７株） ＝１，６０３，６９５円 ⇒金融商品取引法第１７６条第２項の規定により、課徴金の額は、１万円未満の端数を切り捨てた １６０万円 となる。 （注）５９，８６５円は平均買付価格
2016-06-10,ＩＳ証券株式会社,,ＩＳ証券株式会社に対する検査結果に基づく勧告について（平成28年6月10日）,https://www.fsa.go.jp/sesc/news/c_2016/2016/20160610-1.html,English version 平成28年６月10日 証券取引等監視委員会 ＩＳ証券株式会社に対する検査結果に基づく勧告について １．勧告の内容 証券取引等監視委員会がＩＳ証券株式会社（東京都千代田区、法人番号2010001107097、資本金２億3500万円、常勤役職員21名、第一種金融商品取引業、第二種金融商品取引業）を検査した結果、下記のとおり、当該金融商品取引業者に係る問題が認められたので、本日、証券取引等監視委員会は、内閣総理大臣及び金融庁長官に対して、金融庁設置法第20条第１項に基づき、行政処分を行うよう勧告した。 ２．事実関係 ○金融商品取引契約の締結又はその勧誘に関して、虚偽の表示をし、又は重要な事項につき誤解を生ぜしめるべき表示をする行為 （１）株式会社メディケアインベストメントに関連する債券について 株式会社メディケアインベストメント（東京都千代田区、代表取締役　A、金融商品取引業の登録はない。以下「ＭＣＩ社」、「A代表」という。）は、診療報酬債権等の買取業務を行うためとして、「ナーシングケア債」との名称の社債（以下「ＭＣＩ債」という。）を発行し、資金を調達している。 ＭＣＩ債の発行残高は、平成28年３月末現在、約62億円となっており、そのうちＩＳ証券株式会社（以下「当社」という。）が約２億円、野畑証券株式会社が約59億円を販売している。 また、ＭＣＩ社は、ＴＭファンド１号株式会社及び上光メディカルファンド株式会社（以下、それぞれ「ＴＭ社」、「ＪＭ社」という。）をそれぞれ設立し、運営を行っている。 両社（代表取締役はいずれもA代表）は、診療報酬債権等を買い取り、それを「裏付資産」とするとして、ＴＭ社においては「ナースケア債」との、ＪＭ社においては「メディカルナース債」との各名称の社債（以下、それぞれ「ＴＭ債」、「ＪＭ債」という。）を発行し、資金を調達している。 ＴＭ債及びＪＭ債の発行残高は、平成28年３月末現在、それぞれ約７億円、約22億円となっており、それぞれ竹松証券株式会社、上光証券株式会社が販売している。 ＭＣＩ債、ＴＭ債及びＪＭ債の実態を検証したところ、以下の事実が認められた。 アＭＣＩ社、ＴＭ社及びＪＭ社の間で、随意に資金の貸借や診療報酬債権等の売買が行われているなど、当該３社は渾然一体となって診療報酬債権等の買取業務の運営を行っている。 こうした中、ＭＣＩ社によるＴＭ社からの回収困難な介護給付費債権の買取り（ＴＭ債の投資者の損失リスクをＭＣＩ債の投資者に転嫁）、ＴＭ債の償還資金の捻出のためのＴＭ社からＭＣＩ社やＪＭ社への診療報酬債権等の売却等が行われている。 また、診療報酬債権等の買取り資金の融通のため、ＭＣＩ社及びＪＭ社の間において、相互に資金の貸借等が行われている。 イＭＣＩ社は、A代表が代表取締役を務め、大幅な債務超過となっている高齢者施設運営会社から介護給付費債権のほか、家賃等に係る債権も買い取るなど、平成27年以降同社からの買取りを急拡大しており、同年末時点でＭＣＩ社による診療報酬債権等の買取残高全体の３割超に上っている。 当社は、ＭＣＩ債の販売に当たって、商品内容や発行会社等の審査を実質的にはほとんど行っておらず、販売を開始した後も事後的なモニタリングをほとんど行っていないことから、上記ア及びイのＭＣＩ債の実態をほとんど把握していない。この結果、当社によるＭＣＩ債の販売について、以下の問題が認められた。 上記アに関し、当社は、販売用資料等において、ＭＣＩ社、ＴＭ社及びＪＭ社が渾然一体となって診療報酬債権等の買取業務の運営を行っている実態に一切言及せず、ＭＣＩ社が単独で診療報酬債権等の買取業務の運営を行っているかのような誤解を与える表示を行った。 上記イに関し、ＭＣＩ社は、当該高齢者施設運営会社から、介護給付費債権を６ヶ月分買い取っているほか、家賃等に係る債権も買い取っているにもかかわらず、当社は、販売用資料において、事実に反し、買取対象債権として「診療報酬債権・調剤報酬債権・介護給付費債権」とのみ記載し、また、買取月数についても「１ヶ月～４ヶ月」と記載し、説明していた。 上記ア及びイに関し、ＭＣＩ社は、回収困難な介護給付費債権や大幅な債務超過となっている先の介護給付費債権等について、そうした実態を知りながらほとんど審査することなく買い取っているにもかかわらず、当社は、販売用資料において、事実に反し、買取先の「財務内容等運営の適正性のチェック」を行うと記載し、説明していた。 さらに、当社は、ＭＣＩ債の元利金の支払いについて、ＭＣＩ社が発行する債券であるにもかかわらず、契約締結前交付書面に「元利金の支払いは支払基金等からの支払を源泉としており、現行の医療保険制度に対して日本国政府の公約は大きく安全性の高い金融商品」であると記載し、顧客に対し、あたかもＭＣＩ債が社会保険診療報酬支払基金等と同等のリスクしかないかのような誤解を与える表示を行った。 当社の上記の行為は、金融商品取引法第38条第８号（平成26年５月30日法律第44号による改正前は同条第７号。）に基づく金融商品取引業等に関する内閣府令第117条第１項第２号に掲げる「金融商品取引契約の締結又はその勧誘に関して、虚偽の表示をし、又は重要な事項につき誤解を生ぜしめるべき表示をする行為」に該当するものと認められる。 （２）株式会社リードライフに関連する債券について 株式会社リードライフ（東京都千代田区、金融商品取引業の登録はない。）は、株式会社リードライフ・ファクタリング及び株式会社リードライフ・ファクタリング２(以下、それぞれ「ＬＬＦ１社」、「ＬＬＦ２社」という。)を設立・運営しており、物品販売に係る割賦債権等の買取業務を行うためとして、ＬＬＦ１社において「ショッピングクレジット・ファクタリング債」との、ＬＬＦ２社において「ショッピングサービスクレジット・ファクタリング債」との各名称の社債（以下、それぞれ「ショッピングクレジット債」、「サービスクレジット債」という。）を発行し、資金を調達している。 ショッピングクレジット債及びサービスクレジット債の発行残高は、平成28年３月末現在、それぞれ約７億円、約１億円となっており、いずれも当社が販売をしている。 ＬＬＦ１社及びＬＬＦ２社は、ショッピングクレジット債及びサービスクレジット債の発行当初より、買い取った割賦債権の残高が社債発行残高に比して僅少な状態が継続するとともに、ＬＬＦ１社については、平成26年３月以降、買い取った割賦債権について回収遅延が発生するようになった。 当社は、ショッピングクレジット債及びサービスクレジット債の発行当初から上記のＬＬＦ１社及びＬＬＦ２社の割賦債権の買取状況等の実態を認識していた。しかしながら、当社は、販売用資料等において、「裏付資産」については「本証券発行により調達した資金を基に、割賦債権の取得を行います」などと記載する一方、ＬＬＦ１社及びＬＬＦ２社の信用リスクについては、抽象的な記載しかせずに、販売を行った。 当該販売用資料等は、ＬＬＦ１社及びＬＬＦ２社において、割賦債権の買取り又はその回収に現に問題が生じているにもかかわらず、顧客に対し、当該問題が生じていないかのような誤解を与える表示をしたものである。 さらに、ＬＬＦ１社は、割賦債権の買取先との間において、買取後に当該割賦債権の回収に延滞が生じた場合、当該買取先が当該債権の買戻しを行う旨の契約を締結しているが、買戻し対象となる期間については、買い取った割賦債権の約４割が買取り後２～６ヶ月とされていた。また、実際に回収に延滞が生じた割賦債権についても、買取先による買戻しがほとんど行われていない状況となっていた。 しかしながら、当社は、販売用資料等において、事実に反し、「債権の購入後、１年以内に３ヶ月連続で未回収が発生した場合は」、「債権販売元の販売会社が買い戻す契約を締結」と記載し、説明していた。 当社の上記の行為は、金融商品取引法第38条第８号（平成26年５月30日法律第44号による改正前は同条第７号。）に基づく金融商品取引業等に関する内閣府令第117条第１項第２号に掲げる「金融商品取引契約の締結又はその勧誘に関して、虚偽の表示をし、又は重要な事項につき誤解を生ぜしめるべき表示をする行為」に該当するものと認められる。 （３）その他の債券について 当社は、（１）記載の高齢者施設運営会社の社債を販売していた（既に償還済み）。 同社は、当該社債の発行時に既に大幅な債務超過に陥っていたが、当社は、当初から同社の当該財務状況の実態を認識していた。 しかしながら、当社は、顧客に対し、同社の財務状況について、販売用資料において抽象的なリスクしか記載せず、あたかも問題が生じていないかのような誤解を与える表示をしたものである。 当社の上記の行為は、金融商品取引法第38条第８号（平成26年５月30日法律第44号による改正前は同条第７号。）に基づく金融商品取引業等に関する内閣府令第117条第１項第２号に掲げる「金融商品取引契約の締結又はその勧誘に関して、（略）重要な事項につき誤解を生ぜしめるべき表示をする行為」に該当するものと認められる。 参考資料（PDF：259KB） （参考条文） ○金融商品取引法（昭和23年法律第25号）（抄） （禁止行為） 第三十八条金融商品取引業者等又はその役員若しくは使用人は、次に掲げる行為をしてはならない。ただし、第四号から第六号までに掲げる行為にあつては、投資者の保護に欠け、取引の公正を害し、又は金融商品取引業の信用を失墜させるおそれのないものとして内閣府令で定めるものを除く。 一～七（略） 八前各号に掲げるもののほか、投資者の保護に欠け、若しくは取引の公正を害し、又は金融商品取引業の信用を失墜させるものとして内閣府令で定める行為 ○金融商品取引業等に関する内閣府令（平成19年内閣府令第52号）（抄） （禁止行為） 第百十七条法第三十八条第八号に規定する内閣府令で定める行為は、次に掲げる行為とする。 一（略） 二金融商品取引契約の締結又はその勧誘に関して、虚偽の表示をし、又は重要な事項につき誤解を生ぜしめるべき表示をする行為 （以下、略）
2016-06-10,上光証券株式会社,,上光証券株式会社に対する検査結果に基づく勧告について（平成28年6月10日）,https://www.fsa.go.jp/sesc/news/c_2016/2016/20160610-2.html,English version 平成28年６月10日 証券取引等監視委員会 上光証券株式会社に対する検査結果に基づく勧告について １．勧告の内容 北海道財務局長が上光証券株式会社（北海道札幌市、法人番号6430001007813、資本金５億円、常勤役職員68名、第一種金融商品取引業、第二種金融商品取引業）を検査した結果、下記のとおり、当該金融商品取引業者に係る問題が認められたので、本日、証券取引等監視委員会は、内閣総理大臣及び金融庁長官に対して、金融庁設置法第20条第１項に基づき、行政処分を行うよう勧告した。 ２．事実関係 ○金融商品取引契約の締結又はその勧誘に関して、虚偽の表示をし、又は重要な事項につき誤解を生ぜしめるべき表示をする行為 （１）株式会社メディケアインベストメントに関連する債券について 株式会社メディケアインベストメント（東京都千代田区、代表取締役　A、金融商品取引業の登録はない。以下「ＭＣＩ社」、「A代表」という。）は、診療報酬債権等の買取業務を行うためとして、「ナーシングケア債」との名称の社債（以下「ＭＣＩ債」という。）を発行し、資金を調達している。 ＭＣＩ債の発行残高は、平成28年３月末現在、約62億円となっており、そのうち野畑証券株式会社が約59億円、ＩＳ証券株式会社が約２億円を販売している。 また、ＭＣＩ社は、ＴＭファンド１号株式会社及び上光メディカルファンド株式会社（以下、それぞれ「ＴＭ社」、「ＪＭ社」という。）をそれぞれ設立し、運営を行っている。 両社（代表取締役はいずれもA代表）は、診療報酬債権等を買い取り、それを「裏付資産」とするとして、ＴＭ社においては「ナースケア債」との、ＪＭ社においては「メディカルナース債」との各名称の社債（以下、それぞれ「ＴＭ債」、「ＪＭ債」という。）を発行し、資金を調達している。 ＴＭ債及びＪＭ債の発行残高は、平成28年３月末現在、それぞれ約７億円、約22億円となっており、それぞれ竹松証券株式会社、上光証券株式会社（以下「当社」という。）が販売している。 ＭＣＩ債、ＴＭ債及びＪＭ債の実態を検証したところ、以下の事実が認められた。 ○ＭＣＩ社、ＴＭ社及びＪＭ社の間で、随意に資金の貸借や診療報酬債権等の売買が行われているなど、当該３社は渾然一体となって診療報酬債権等の買取業務の運営を行っている。 こうした中、ＭＣＩ社によるＴＭ社からの回収困難な介護給付費債権の買取り（ＴＭ債の投資者の損失リスクをＭＣＩ債の投資者に転嫁）、ＴＭ債の償還資金の捻出のためのＴＭ社からＭＣＩ社やＪＭ社への診療報酬債権等の売却等が行われている。 また、診療報酬債権等の買取り資金の融通のため、ＭＣＩ社及びＪＭ社の間において、相互に資金の貸借等が行われている。 当社は、ＪＭ債の販売に当たって、商品内容や発行会社等の審査を実質的にはほとんど行っておらず、販売を開始した後も事後的なモニタリングをほとんど行っていないことから、上記のＪＭ債の実態をほとんど把握していない。この結果、当社によるＪＭ債の販売について、以下の問題が認められた。 上記実態に関し、当社は、販売用資料等において、ＭＣＩ社、ＴＭ社及びＪＭ社が渾然一体となって診療報酬債権等の買取業務の運営を行っている実態に一切言及せず、ＪＭ社が単独で診療報酬債権等の買取業務の運営を行っているかのような誤解を与える表示を行った。 また、上記実態にもかかわらず、当社は、販売用資料において、事実に反し、「診療報酬債権等を取得し、それらを裏付資産として発行される債券」、資金使途について「診療報酬債権、介護給付費債権および調剤債権の取得」などと記載し、また、「比較的安全性の高い商品」と記載し、説明していた。 当社の上記の行為は、金融商品取引法第38条第８号（平成26年５月30日法律第44号による改正前は同条第７号。）に基づく金融商品取引業等に関する内閣府令第117条第１項第２号に掲げる「金融商品取引契約の締結又はその勧誘に関して、虚偽の表示をし、又は重要な事項につき誤解を生ぜしめるべき表示をする行為」に該当するものと認められる。 （２）株式会社エバートラストメディカルファンドに関連する債券について 当社は、株式会社エバートラストメディカルファンド（東京都江戸川区）が、診療報酬債権等の買取業務を行うためとして、発行している「株式会社エバートラストメディカルファンド発行私募社債」との名称の社債（以下「ＥＴ債」という。）を販売している。 ＥＴ債の販売残高は、平成28年３月末現在約４億円となっている。 ＥＴ債については、診療報酬債権等の買取先のうち、買取額の約７割を占めている法人Ａが債務超過となっていることが認められた。 こうした実態について、当社は、（１）の場合と同様、商品内容等の審査及びモニタリング等をほとんど行っていないことから、把握していなかった。 また、診療報酬債権等の買取先のうち、法人Ｂについては、平成27年９月に破産手続開始決定を受けているが、当社においてもその事実を認識していた。 上記実態にもかかわらず、当社は、販売用資料等において「買取対象先は、医療行為等が安定的に継続される見込があり、破綻懸念がない医療機関等に限定しています」と記載し、顧客に対し、あたかも、破綻懸念がない医療機関等に限定して診療報酬債権等の買い取りを行っているかのような誤解を与える表示を行った。 また、当社は販売用資料等において「比較的安全性の高い商品」「診療報酬等債権の債務者である支払担当機関は、（株）日本格付研究所のレポートでも国に準ずる信用力を有するとされています」と記載し、顧客に対し、あたかもＥＴ債が社会保険診療報酬支払基金等と同等のリスクしかないかのような誤解を与える表示を行った。 当社の上記の行為は、金融商品取引法第38条第８号（平成26年５月30日法律第44号による改正前は同条第７号。）に基づく金融商品取引業等に関する内閣府令第117条第１項第２号に掲げる「金融商品取引契約の締結又はその勧誘に関して、（略）重要な事項につき誤解を生ぜしめるべき表示をする行為」に該当するものと認められる。 （３）合同会社プライオールに関連する債券について 合同会社プライオール（東京都中央区、以下「プライオール社」という。）は、一般社団法人日本保釈支援協会（東京都中央区、金融商品取引業の登録はない。以下「ＪＢＳＡ」という。）によって設立・運営されており、「合同会社プライオール普通社債」との名称の社債（以下「プライオール債」という。）を発行し、資金を調達している。プライオール債によって調達した資金は、ＪＢＳＡが行っているとする「保釈保証金の立替」に充てるために、ＪＢＳＡに対して貸付けを行うとしている。 プライオール債の発行残高は、平成28年３月末現在、約17億円となっており、そのうち当社が約６億円、野畑証券株式会社が約11億円を販売している。 しかしながら、プライオール債によって調達された資金については、ＪＢＳＡからの請求に基づきプライオール社から資金の使途を限定することなくＪＢＳＡに貸付けが行われており、実際に、ＪＢＳＡにおいて、ＭＣＩ社の関連会社の社債引受け、プライオール社への出資等に用いられるなど、「保釈保証金の立替」以外の使途にも充てられていることが認められた。こうした実態について、当社は、（１）の場合と同様、商品内容等の審査及びモニタリングをほとんど行っていないことから、ほとんど把握していなかった。 こうした中、当社は、販売用資料等において、こうした実態に一切言及せず、プライオール債について、「保釈保証金流動化債券」であり、プライオール債によって調達した資金は、ＪＢＳＡが行っているとする「保釈保証金の立替」に充てるために、ＪＢＳＡに対して貸付けを行う旨の説明を行い、調達資金は「保釈保証金の立替」以外の使途には充てられないかのような誤解を与える表示を行った。 当社の上記の行為は、金融商品取引法第38条第８号（平成26年５月30日法律第44号による改正前は同条第７号。）に基づく金融商品取引業等に関する内閣府令第117条第１項第２号に掲げる「金融商品取引契約の締結又はその勧誘に関して、（略）重要な事項につき誤解を生ぜしめるべき表示をする行為」に該当するものと認められる。 参考資料（PDF：93KB） （参考条文） ○金融商品取引法（昭和23年法律第25号）（抄） （禁止行為） 第三十八条金融商品取引業者等又はその役員若しくは使用人は、次に掲げる行為をしてはならない。ただし、第四号から第六号までに掲げる行為にあつては、投資者の保護に欠け、取引の公正を害し、又は金融商品取引業の信用を失墜させるおそれのないものとして内閣府令で定めるものを除く。 一～七（略） 八前各号に掲げるもののほか、投資者の保護に欠け、若しくは取引の公正を害し、又は金融商品取引業の信用を失墜させるものとして内閣府令で定める行為 ○金融商品取引業等に関する内閣府令（平成19年内閣府令第52号）（抄） （禁止行為） 第百十七条法第三十八条第八号に規定する内閣府令で定める行為は、次に掲げる行為とする。 一（略） 二金融商品取引契約の締結又はその勧誘に関して、虚偽の表示をし、又は重要な事項につき誤解を生ぜしめるべき表示をする行為 （以下、略）
2016-06-10,野畑証券株式会社,,野畑証券株式会社に対する検査結果に基づく勧告について（平成28年6月10日）,https://www.fsa.go.jp/sesc/news/c_2016/2016/20160610-4.html,English version 平成28年６月10日 証券取引等監視委員会 野畑証券株式会社に対する検査結果に基づく勧告について １．勧告の内容 東海財務局長が野畑証券株式会社（愛知県岡崎市、法人番号6180301001707、資本金１億6500万円、常勤役職員32名、第一種金融商品取引業、第二種金融商品取引業）を検査した結果、下記のとおり、当該金融商品取引業者に係る問題が認められたので、本日、証券取引等監視委員会は、内閣総理大臣及び金融庁長官に対して、金融庁設置法第20条第１項に基づき、行政処分を行うよう勧告した。 ２．事実関係 ○金融商品取引契約の締結又はその勧誘に関して、虚偽の表示をし、又は重要な事項につき誤解を生ぜしめるべき表示をする行為 （１）株式会社メディケアインベストメントに関連する債券について 株式会社メディケアインベストメント（東京都千代田区、代表取締役　A、金融商品取引業の登録はない。以下「ＭＣＩ社」、「A代表」という。）は、診療報酬債権等の買取業務を行うためとして、「ナーシングケア債」との名称の社債（以下「ＭＣＩ債」という。）を発行し、資金を調達している。 ＭＣＩ債の発行残高は、平成28年３月末現在、約62億円となっており、そのうち野畑証券株式会社（以下「当社」という。）が約59億円、ＩＳ証券株式会社が約２億円を販売している。 なお、当社はＭＣＩ社の株主となっている。 また、ＭＣＩ社は、ＴＭファンド１号株式会社及び上光メディカルファンド株式会社（以下、それぞれ「ＴＭ社」、「ＪＭ社」という。）をそれぞれ設立し、運営を行っている。 両社（代表取締役はいずれもA代表）は、診療報酬債権等を買い取り、それを「裏付資産」とするとして、ＴＭ社においては「ナースケア債」との、ＪＭ社においては「メディカルナース債」との各名称の社債（以下、それぞれ「ＴＭ債」、「ＪＭ債」という。）を発行し、資金を調達している。 ＴＭ債及びＪＭ債の発行残高は、平成28年３月末現在、それぞれ約７億円、約22億円となっており、それぞれ竹松証券株式会社、上光証券株式会社が販売している。 ＭＣＩ債、ＴＭ債及びＪＭ債の実態を検証したところ、以下の事実が認められた。 アＭＣＩ社、ＴＭ社及びＪＭ社の間で、随意に資金の貸借や診療報酬債権等の売買が行われているなど、当該３社は渾然一体となって診療報酬債権等の買取業務の運営を行っている。 こうした中、ＭＣＩ社によるＴＭ社からの回収困難な介護給付費債権の買取り（ＴＭ債の投資者の損失リスクをＭＣＩ債の投資者に転嫁）、ＴＭ債の償還資金の捻出のためのＴＭ社からＭＣＩ社やＪＭ社への診療報酬債権等の売却等が行われている。 また、診療報酬債権等の買取り資金の融通のため、ＭＣＩ社及びＪＭ社の間において、相互に資金の貸借等が行われている。 イＭＣＩ社は、A代表が代表取締役を務め、大幅な債務超過となっている高齢者施設運営会社から介護給付費債権のほか、家賃等に係る債権も買い取るなど、平成27年以降同社からの買取りを急拡大しており、同年末時点でＭＣＩ社による診療報酬債権等の買取残高全体の３割超に上っている。 当社は、ＭＣＩ債の販売に当たって、商品内容や発行会社等の審査を実質的にはほとんど行っておらず、販売を開始した後も事後的なモニタリングをほとんど行っていないことから、上記ア及びイのＭＣＩ債の実態をほとんど把握していない。この結果、当社によるＭＣＩ債の販売について、以下の問題が認められた。 上記アに関し、当社は、販売用資料等において、ＭＣＩ社、ＴＭ社及びＪＭ社が渾然一体となって診療報酬債権等の買取業務の運営を行っている実態に一切言及せず、ＭＣＩ社が単独で診療報酬債権等の買取業務の運営を行っているかのような誤解を与える表示を行った。 上記イに関し、ＭＣＩ社は、当該高齢者施設運営会社から、介護給付費の将来債権を４ヶ月分買い取っているほか、家賃等に係る債権も買い取っているにもかかわらず、当社は、販売用資料において、事実に反し、買取対象債権を「介護給付費債権及び診療報酬債権」のみと記載し、また、買取月数についても「発行体は、対象の法人から最大３ヵ月の未診療報酬等の債権を買取ります」などと記載し、説明していた。 上記ア及びイに関し、ＭＣＩ社は、回収困難な介護給付費債権や大幅な債務超過となっている先の介護給付費債権等について、そうした実態を知りながらほとんど審査することなく買い取っているにもかかわらず、当社は、販売用資料において、事実に反し、買取先の「財務内容等運営の適正性のチェック」を行うと記載し、説明していた。 さらに、当社は、ＭＣＩ債の元利金の支払いについて、ＭＣＩ社が発行する債券であるにもかかわらず、契約締結前交付書面に「元利金の支払いは支払基金等からの支払を源泉としており、現行の医療保険制度に対して日本国政府の公約は大きく安全性も高い金融商品」であると記載し、顧客に対し、あたかもＭＣＩ債が社会保険診療報酬支払基金等と同等のリスクしかないかのような誤解を与える表示を行った。 当社の上記の行為は、金融商品取引法第38条第８号（平成26年５月30日法律第44号による改正前は同条第７号。）に基づく金融商品取引業等に関する内閣府令第117条第１項第２号に掲げる「金融商品取引契約の締結又はその勧誘に関して、虚偽の表示をし、又は重要な事項につき誤解を生ぜしめるべき表示をする行為」に該当するものと認められる。 （２）合同会社プライオールに関連する債券について 合同会社プライオール（東京都中央区、以下「プライオール社」という。）は、一般社団法人日本保釈支援協会（東京都中央区、金融商品取引業の登録はない。以下「ＪＢＳＡ」という。）によって設立・運営されており、「合同会社プライオール普通社債」との名称の社債（以下「プライオール債」という。）を発行し、資金を調達している。プライオール債によって調達した資金は、ＪＢＳＡが行っているとする「保釈保証金の立替」に充てるために、ＪＢＳＡに対して貸付けを行うとしている。 プライオール債の発行残高は、平成28年３月末現在、約17億円となっており、そのうち当社が約11億円、上光証券株式会社が約６億円を販売している。 しかしながら、プライオール債によって調達された資金については、ＪＢＳＡからの請求に基づきプライオール社から資金の使途を限定することなくＪＢＳＡに貸付けが行われており、実際に、ＪＢＳＡにおいて、ＭＣＩ社の関連会社の社債引受け、プライオール社への出資等に用いられるなど、「保釈保証金の立替」以外の使途にも充てられていることが認められた。こうした実態について、当社は、（１）の場合と同様、商品内容等の審査及びモニタリングをほとんど行っていないことから、ほとんど把握していなかった。 こうした中、当社は、販売用資料等において、こうした実態に一切言及せず、プライオール債について、「保釈保証金流動化債券」であり、プライオール債によって調達した資金は、ＪＢＳＡが行っているとする「保釈保証金の立替」に充てるために、ＪＢＳＡに対して貸付けを行う旨の説明を行い、調達資金は「保釈保証金の立替」以外の使途には充てられないかのような誤解を与える表示を行った。 当社の上記の行為は、金融商品取引法第38条第８号（平成26年５月30日法律第44号による改正前は同条第７号。）に基づく金融商品取引業等に関する内閣府令第117条第１項第２号に掲げる「金融商品取引契約の締結又はその勧誘に関して、（略）重要な事項につき誤解を生ぜしめるべき表示をする行為」に該当するものと認められる。 参考資料（PDF：93KB） （参考条文） ○金融商品取引法（昭和23年法律第25号）（抄） （禁止行為） 第三十八条金融商品取引業者等又はその役員若しくは使用人は、次に掲げる行為をしてはならない。ただし、第四号から第六号までに掲げる行為にあつては、投資者の保護に欠け、取引の公正を害し、又は金融商品取引業の信用を失墜させるおそれのないものとして内閣府令で定めるものを除く。 一～七（略） 八前各号に掲げるもののほか、投資者の保護に欠け、若しくは取引の公正を害し、又は金融商品取引業の信用を失墜させるものとして内閣府令で定める行為 ○金融商品取引業等に関する内閣府令（平成19年内閣府令第52号）（抄） （禁止行為） 第百十七条法第三十八条第八号に規定する内閣府令で定める行為は、次に掲げる行為とする。 一（略） 二金融商品取引契約の締結又はその勧誘に関して、虚偽の表示をし、又は重要な事項につき誤解を生ぜしめるべき表示をする行為 （以下、略）
2016-06-09,プレジアン証券株式会社,,プレジアン証券株式会社に対する検査結果に基づく勧告について（平成28年6月9日）,https://www.fsa.go.jp/sesc/news/c_2016/2016/20160609-1.html,English version 平成28年６月９日 証券取引等監視委員会 プレジアン証券株式会社に対する検査結果に基づく勧告について １．勧告の内容 近畿財務局長がプレジアン証券株式会社（大阪市中央区、法人番号5120001129838、資本金３億6000万円、常勤役職員８名、第一種金融商品取引業、第二種金融商品取引業、適格機関投資家等特例業務）を検査した結果、下記のとおり、当該金融商品取引業者に係る問題が認められたので、本日、証券取引等監視委員会は、内閣総理大臣及び金融庁長官に対して、金融庁設置法第20条第１項に基づき、行政処分を行うよう勧告した。 ２．事実関係 （１）金融商品取引契約の締結又はその勧誘に関して、重要な事項につき誤解を生ぜしめるべき表示をする行為 プレジアン証券株式会社（以下「当社」という。）は、平成27年11月末現在で３社の社債の販売を行っている。 当該３社の財務状況等を検証したところ、各社において、以下の状況が認められた。 （Ａ社：発行残高2000万円） 売掛金の大半が予定どおり回収できていない状況 （Ｂ社：発行残高9600万円） 金融機関からの借入金について返済猶予を受けている状況 回収困難となっている売掛金や費用として処理すべき前払費用が資産として計上されている状況 社債の発行により調達した資金によって行うとしている事業の売上げに係る計画が、過去の実績に比して大幅に乖離している状況 ６期連続して当期純損失を計上しているところ、純資産額の約３倍に相当する額を計上している繰延税金資産の回収可能性の評価によっては、債務超過となる状況 （Ｃ社：発行残高6000万円） 社債を販売する直前の決算期末において債務超過となっている状況 当該債務超過についてはその後の増資により解消されたとしているが、当該増資はＣ社の代表者らが有する特許権を現物出資したものであり、現金流入を伴わないものである状況 また、当社は、当該３社が上記状況にある中、社債による資金の調達コスト（利率：９％、募集取扱手数料等：実質15％又は19％）が当該３社の財務内容や社債の償還可能性に与える影響について、十分な検証を行っていなかった。 当社は、当該３社の財務状況等に上記のような問題があることを一定程度認識していたにもかかわらず、顧客に対し、これを一切説明せず、一般的な倒産リスク等の説明を行うだけで、当該３社の財務状況等に具体的な問題が生じていないかのような誤解を与える表示をし、当該３社の社債の販売を行った。 当社の上記の行為は、金融商品取引法第38条第８号（平成26年５月30日法律第44号による改正前は同条第７号。）に基づく金融商品取引業等に関する内閣府令第117条第１項第２号に掲げる「金融商品取引契約の締結又はその勧誘に関して、（略）重要な事項につき誤解を生ぜしめるべき表示をする行為」に該当するものと認められる。 （２）適格機関投資家等特例業務の運営に関し、投資者保護上問題がある状況 当社は、適格機関投資家等特例業務（以下「特例業務」という。）として、平成26年７月に「ゼタ地球防衛軍第１号投資事業有限責任組合」（以下「ゼタファンド」という。）を組成し、ゼタファンドの出資持分の取得勧誘を行うとともに、出資を受けた資金について、未公開のＤ社株式に投資することにより運用を行うこととしている（出資者数約20名、出資総額約１億円。）。 当社によるゼタファンドの運用の状況を検証したところ、以下の問題が認められた。 当社は、Ｄ社の創業者で代表取締役である甲（以下「甲社長」という。）が平成26年５月20日に増資を引き受けたＤ社株式2900株（１株１万円）のうち400株について、３ヶ月も経過しない同年８月６日、ゼタファンドにおいて、価格交渉を行うことなく、特段の根拠もないまま１株６万円で甲社長から買い付けるとともに、同日、ゼタファンドにおいて、Ｄ社から１株６万円で1000株の増資も引き受けた。 なお、上記2900株のうち900株については、同年５月20日及び30日に甲社長から当社顧問でＤ社取締役の乙に１株１万円で譲渡されている。 この結果、Ｄ社株式は、甲社長が従前の100株と合わせて1700株（１株１万円）、乙が900株（１株１万円）、ゼタファンドが1400株（１株６万円）を保有するに至った。さらに、甲社長は400万円の金銭的利益を得た。 当該一連の取引は、ゼタファンドがＤ社株式でのみ運用することを目的とするファンドとして組成されたものであるところ、当社と甲社長との間で、その組成段階から、ゼタファンドを利用することにより、甲社長が金銭的な負担を一切負うことなく、一定の議決権比率と金銭的利益を確保しつつ、Ｄ社の資金調達を可能とすることを意図して行われたものである。 当社は、もっぱらゼタファンドの出資者のためにゼタファンドの運用を行うべき立場であるにもかかわらず、上記のとおり、ゼタファンドにおいてＤ社株式を高値で買い付けるなどにより、Ｄ社及び甲社長に一定の利益を得させる一方、ゼタファンドの出資者の利益を害することとなるような上記一連の取引を行ったものである。 また、当社は、上記のような利益相反となる資金調達スキームを企図したほか、Ｄ社が当該資金調達を行わなければ債務超過であることを認識していたにもかかわらず、ゼタファンドの出資者に対し、これを一切説明しないまま取得勧誘を行っており、ゼタファンドのスキームやＤ社の財務状況等に特段の問題がないかのような誤解を与える表示をしたものである。 以上のとおり、当社の特例業務の運営状況は著しく不適切であり、投資者保護上重大な問題があるものと認められる。 （３）適格機関投資家出資と評価し得ない出資 当社は、上記１．記載の業務の他に、複数の特例業務の届出者（以下「届出業者」という。）が営業者となっている匿名組合等（以下「ファンド」という。）に適格機関投資家として出資する（以下「適格機関投資家出資」という。）ことを反復継続的に行っており、届出業者８社が運用する12本のファンドに適格機関投資家出資を行っている。 当社の届出業者に対する適格機関投資家出資の状況を検証したところ、以下の問題が認められた。 当社は、すべての届出業者又はその関係会社（以下「届出業者等」という。）との間で、ファンド組成等に関するコンサルティング業務を行うこととする契約を締結した上で、適格機関投資家出資を行っているとしている。 しかしながら、当社は、当該コンサルティング業務をほとんど行っていない上に、すべてのファンドについて、その運用者である届出業者等から、当社の出資額以上の金額を業務委託手数料として受領していた。 したがって、当社が行った当該12本のファンドに対する出資は、実質的には、当社が負担することなく、当該届出業者等の負担により行われた実態のないものと認められ、適格機関投資家出資とは到底評価し得ないものである。 上記のような当社の行為は、届出業者の特例業務について適格機関投資家出資を要件とする金融商品取引法の趣旨をないがしろにするものであり、届出業者に特例業務の要件を充足しないまま違法にファンド持分の取得勧誘や出資金の運用を行わせることとなり得るものと認められる。 以上のとおり、当社の適格機関投資家出資に係る業務運営は著しく不適切であり、投資者保護上重大な問題があるものと認められる。 以上、（２）及び（３）の当社の業務運営の状況は、金融商品取引法第51条に規定する「業務の運営に関し、公益又は投資者保護のため必要かつ適当と認めるとき」に該当するものと認められる。 参考資料（PDF：128KB） （参考条文） ○金融商品取引法（昭和23年法律第25号）（抄） （禁止行為） 第三十八条金融商品取引業者等又はその役員若しくは使用人は、次に掲げる行為をしてはならない。ただし、第四号から第六号までに掲げる行為にあつては、投資者の保護に欠け、取引の公正を害し、又は金融商品取引業の信用を失墜させるおそれのないものとして内閣府令で定めるものを除く。 一～七（略） 八前各号に掲げるもののほか、投資者の保護に欠け、若しくは取引の公正を害し、又は金融商品取引業の信用を失墜させるものとして内閣府令で定める行為 （金融商品取引業者に対する業務改善命令） 第五十一条内閣総理大臣は、金融商品取引業者の業務の運営又は財産の状況に関し、公益又は投資者保護のため必要かつ適当であると認めるときは、その必要の限度において、当該金融商品取引業者に対し、業務の方法の変更その他業務の運営又は財産の状況の改善に必要な措置をとるべきことを命ずることができる。 ○金融商品取引業等に関する内閣府令（平成19年内閣府令第52号）（抄） （禁止行為） 第百十七条法第三十八条第八号に規定する内閣府令で定める行為は、次に掲げる行為とする。 一（略） 二金融商品取引契約の締結又はその勧誘に関して、虚偽の表示をし、又は重要な事項につき誤解を生ぜしめるべき表示をする行為 （以下、略）
2016-06-10,竹松証券株式会社,,竹松証券株式会社に対する検査結果に基づく勧告について（平成28年6月10日）,https://www.fsa.go.jp/sesc/news/c_2016/2016/20160610-3.html,English version 平成28年６月10日 証券取引等監視委員会 竹松証券株式会社に対する検査結果に基づく勧告について １．勧告の内容 北陸財務局長が竹松証券株式会社（石川県金沢市、法人番号4220001004081、資本金１億円、常勤役職員38名、第一種金融商品取引業、第二種金融商品取引業）を検査した結果、下記のとおり、当該金融商品取引業者に係る問題が認められたので、本日、証券取引等監視委員会は、内閣総理大臣及び金融庁長官に対して、金融庁設置法第20条第１項に基づき、行政処分を行うよう勧告した。 ２．事実関係 ○金融商品取引契約の締結又はその勧誘に関して、重要な事項につき誤解を生ぜしめるべき表示をする行為 株式会社メディケアインベストメント（東京都千代田区、代表取締役　A、金融商品取引業の登録はない。以下「ＭＣＩ社」、「A代表」という。）は、診療報酬債権等の買取業務を行うためとして、「ナーシングケア債」との名称の社債（以下「ＭＣＩ債」という。）を発行し、資金を調達している。 ＭＣＩ債の発行残高は、平成28年３月末現在、約62億円となっており、そのうち野畑証券株式会社が約59億円、ＩＳ証券株式会社が約２億円を販売している。 また、ＭＣＩ社は、ＴＭファンド１号株式会社及び上光メディカルファンド株式会社（以下、それぞれ「ＴＭ社」、「ＪＭ社」という。）をそれぞれ設立し、運営を行っている。 両社(代表取締役はいずれもA代表)は、診療報酬債権等を買い取り、それを「裏付資産」とするとして、ＴＭ社においては「ナースケア債」との、ＪＭ社においては「メディカルナース債」との各名称の社債（以下、それぞれ「ＴＭ債」、「ＪＭ債」という。）を発行し、資金を調達している。 ＴＭ債及びＪＭ債の発行残高は、平成28年３月末現在、それぞれ約７億円、約22億円となっており、それぞれ竹松証券株式会社（以下「当社」という。）、上光証券株式会社が販売している。 ＭＣＩ債、ＴＭ債及びＪＭ債の実態を検証したところ、以下の事実が認められた。 ○ＭＣＩ社、ＴＭ社及びＪＭ社の間で、随意に資金の貸借や診療報酬債権等の売買が行われているなど、当該３社は渾然一体となって診療報酬債権等の買取業務の運営を行っている。 こうした中、ＭＣＩ社によるＴＭ社からの回収困難な介護給付費債権の買取り（ＴＭ債の投資者の損失リスクをＭＣＩ債の投資者に転嫁）、ＴＭ債の償還資金の捻出のためのＴＭ社からＭＣＩ社やＪＭ社への診療報酬債権等の売却等が行われている。 なお、平成28年３月末現在、ＴＭ社は債務超過状態となっている。 当社は、ＴＭ債の販売に当たって、商品内容や発行会社等の審査を実質的にはほとんど行っておらず、販売を開始した後も事後的なモニタリングをほとんど行っていないことから、上記のＴＭ債の実態をほとんど把握していない。この結果、当社によるＴＭ債の販売について、以下の問題が認められた。 上記実態に関し、当社は、販売用資料等において、ＭＣＩ社、ＴＭ社及びＪＭ社が渾然一体となって診療報酬債権等の買取業務の運営を行っている実態に一切言及せず、ＴＭ社が単独で診療報酬債権等の買取業務の運営を行っているかのような誤解を与える表示を行った。 また、上記実態にもかかわらず、当社は、販売用資料等において、ＴＭ社の信用リスクについて抽象的な記載しかせず、ＴＭ社の財務状況等に問題が生じていないかのような誤解を与える表示を行った。 さらに、当社は、ＴＭ債の元利金の支払いについて、ＴＭ社が発行する債券であるにもかかわらず、契約締結前交付書面に「元利金の支払いは支払基金等からの支払を源泉としており、現行の医療・介護保険制度に対して日本国政府の公約は大きく安全性の高い金融商品」であると記載し、顧客に対し、あたかもＴＭ債が社会保険診療報酬支払基金等と同等のリスクしかないかのような誤解を与える表示を行った。 当社の上記の行為は、金融商品取引法第38条第８号（平成26年５月30日法律第44号による改正前は同条第７号。）に基づく金融商品取引業等に関する内閣府令第117条第１項第２号に掲げる「金融商品取引契約の締結又はその勧誘に関して、（略）重要な事項につき誤解を生ぜしめるべき表示をする行為」に該当するものと認められる。 参考資料（PDF：259KB） （参考条文） ○金融商品取引法（昭和23年法律第25号）（抄） （禁止行為） 第三十八条金融商品取引業者等又はその役員若しくは使用人は、次に掲げる行為をしてはならない。ただし、第四号から第六号までに掲げる行為にあつては、投資者の保護に欠け、取引の公正を害し、又は金融商品取引業の信用を失墜させるおそれのないものとして内閣府令で定めるものを除く。 一～七（略） 八前各号に掲げるもののほか、投資者の保護に欠け、若しくは取引の公正を害し、又は金融商品取引業の信用を失墜させるものとして内閣府令で定める行為 ○金融商品取引業等に関する内閣府令（平成19年内閣府令第52号）（抄） （禁止行為） 第百十七条法第三十八条第八号に規定する内閣府令で定める行為は、次に掲げる行為とする。 一（略） 二金融商品取引契約の締結又はその勧誘に関して、虚偽の表示をし、又は重要な事項につき誤解を生ぜしめるべき表示をする行為 （以下、略）
2016-06-07,リーディング証券株式会社,,リーディング証券株式会社に対する検査結果に基づく勧告について（平成28年6月7日）,https://www.fsa.go.jp/sesc/news/c_2016/2016/20160607-2.html,English version 平成28年６月７日 証券取引等監視委員会 リーディング証券株式会社に対する検査結果に基づく勧告について １．勧告の内容 証券取引等監視委員会がリーディング証券株式会社（東京都中央区、法人番号6010001090224、資本金17億6812万円、常勤役職員77名、第一種金融商品取引業）を検査した結果、下記のとおり、当該金融商品取引業者に係る問題が認められたので、本日、証券取引等監視委員会は、内閣総理大臣及び金融庁長官に対して、金融庁設置法第20条第１項に基づき、行政処分を行うよう勧告した。 ２．事実関係 オークテック株式会社（東京都江東区、金融商品取引業の登録はない。以下「オークテック社」という。）は、合同会社ジェイ・マース１号、合同会社ジェイ・マース２号及び合同会社ジェイ・マース３号（以下、それぞれ「ＪＭ１社」、「ＪＭ２社」、「ＪＭ３社」といい、併せて「本件３社」という。）を設立・運営しており、本件３社において、医療機関等から診療報酬債権等の買取業務を行うためとして、それぞれ「診療報酬債権等流動化債券（愛称：J-Mars）」との名称の社債（以下、本件３社が発行するそれぞれの社債を併せて「本件３社債」という。）を発行し、資金を調達している。なお、本件３社は、劣後資金による信用補完のためとして、オークテック社及びリーディング証券株式会社（以下「当社」という。）から匿名組合出資を受け入れているとしている。 また、オークテック社は、合同会社ジェイ・メディカル・プロパティーズ１号（以下「ＪＭＰ社」という。）を設立・運営しており、ＪＭＰ社において、医療機関等から病院不動産の買取業務を行うためとして、「病院不動産流動化債券」との名称の社債（以下「ＪＭＰ債」という。）を発行し、資金を調達している。なお、ＪＭＰ社は、劣後資金等による信用補完のためとして、第三者に「劣後信託社債」を発行するほか、ＪＭＰ債の償還原資が不足する場合に「信用補完提供者」が当該不足額を補償するとしている。 平成28年３月末現在、本件３社債の発行残高は、それぞれ約19億円、約14億円、約11億円、合計で約46億円、また、ＪＭＰ債の発行残高は、約5.5億円となっており、それぞれ当社が販売している。 証券取引等監視委員会において、本件３社債及びＪＭＰ債の実態を検証したところ、以下の実態が認められた。 （１）診療報酬債権等流動化債券について ア金融商品取引契約の締結又はその勧誘に関して、虚偽の表示をし、又は重要な事項につき誤解を生ぜしめるべき表示をする行為 （ア）本件３社及びＪＭＰ社の間で、随意に資金の融通、社債の買付けや診療報酬債権等の売買が行われているなど、本件３社及びＪＭＰ社は渾然一体となって診療報酬債権等や病院不動産の買取業務の運営を行っている。 こうした中、ＪＭ２社からＪＭ１社への診療報酬債権等の売却、ＪＭ１社によるＪＭ３社が発行する社債やＪＭＰ債の取得等が行われている。 （イ）ＪＭ２社は、医療機関等から買い取った診療報酬債権等のうち、現在債権及び１か月に相当する将来債権をＪＭ１社に売却しており、よりリスクの高い２～３か月に相当する将来債権のみを保有している。また、ＪＭ１社に売却した診療報酬債権等については、引き続きＪＭ２社においても資産として計上している。 （ウ）ＪＭ１社がオークテック社に支払った業務委託報酬について、費用の意図的な繰延べによる過少計上等、不適切な会計処理を行っており、これを適切な会計処理に修正した場合、ＪＭ１社の損失額が拡大することとなり、信用補完部分とされる匿名組合出資額も既に毀損している状況である。 （エ）将来債権の買取りに関し、本件３社は「買取先選別基準」等を定めているが、ＪＭ１社及びＪＭ２社において、当該基準に合致しない医療機関等からの将来債権の買取りが行われている。また、ＪＭ１社及びＪＭ２社が診療報酬債権等を買い取った医療機関等には、将来債権について、実際に回収した診療報酬額が回収予定金額に満たない状況となっていた買取先も存在する。 当社は、本件３社債の販売に当たって、商品内容や発行会社等の審査を実質的にはほとんど行っておらず、販売を開始した後も事後的なモニタリングをほとんど行っていないため、上記（ア）から（エ）までの事実をほとんど把握していなかった。こうしたことから、当社による本件３社債の販売について、以下の問題が認められた。 ○上記（ア）に関し、当社は、販売用資料等において、本件３社及びＪＭＰ社が渾然一体となって診療報酬債権等や病院不動産の買取業務の運営を行っている実態に一切言及せず、本件３社が各々単独で診療報酬債権等に特化した買取業務の運営を行っているかのような誤解を与える表示を行った。 ○上記（イ）に関し、ＪＭ２社は２～３か月に相当する将来債権しか保有していないにもかかわらず、当社は、ＪＭ２社が発行する社債の販売用資料において、「現在債権に加えて、将来債権の買取を計画しています」、「特定の条件を満たす場合に限り、最大３か月の将来債権まで買い取る場合があります」と記載し、ＪＭ２社が現在債権を含む診療報酬債権等を買い取り、保有しているかのような誤解を与える表示を行った。 ○上記（ウ）に関し、ＪＭ１社の信用補完部分とされる匿名組合出資額が既に毀損しているにもかかわらず、当社は、販売用資料において、「優先劣後構造による信用補完」、「診療報酬債権等に損失が発生した場合、匿名組合が負担します」等と記載し、匿名組合出資によってＪＭ１社の信用力が補完されているかのような誤解を与える表示を行った。 ○上記（エ）に関し、将来債権の買取りに際して、医療機関等及び購入額等について適切な審査等が行われていないにもかかわらず、当社は、販売用資料において、「買取先選別基準」を記載するとともに、「診療報酬等の請求が安定的に継続され、かつ将来の診療行為の継続性に懸念がないと判断される医療機関等の診療報酬債権等又は回収の実効性が高いと評価される債権部分に限定」等と記載し、将来債権の買取りに際して適切な審査等が行われているかのような誤解を与える表示を行った。 ○上記（ア）から（エ）までの実態からすれば、本件３社債は、安全性を考慮して設計されていると言うことはできないにもかかわらず、当社は、販売用資料において、事実に反し、「安全性を考慮して設計された商品」と記載し、説明していた。 当社の上記の行為は、金融商品取引法第38条第８号（平成26年５月30日法律第44号による改正前は同条第７号）に基づく金融商品取引業等に関する内閣府令第117条第１項第２号に掲げる「金融商品取引契約の締結又はその勧誘に関して、虚偽の表示をし、又は重要な事項につき誤解を生ぜしめるべき表示をする行為」に該当するものと認められる。 イ虚偽の四半期運用報告書を交付する行為及び計算書類の未交付 当社は、ＪＭ１社が発行する社債及びＪＭ２社が発行する社債（以下、「両社債」という。）の投資者に対して、四半期ごとに、オークテック社が作成した資産、事業及び経理状況に関して記載した「四半期運用報告書」を交付している。 しかしながら、当該四半期運用報告書には、ＪＭ１社において、純損失が発生しているにもかかわらず、純利益が計上され、「匿名組合（劣後資金）の残高及び増減」が過大に計上されているほか、ＪＭ２社からＪＭ１社に対して売却された診療報酬債権等を引き続きＪＭ２社においても資産として計上するなど、投資者がＪＭ１社及びＪＭ２社の財務状況等を的確に把握出来ないような虚偽の記載が行われていた。 また、当社は、両社債の社債要項において、決算期ごとに計算書類を作成し、投資者に交付するとしていたが、交付していなかった。 このような当社の業務運営の状況は、金融商品取引法第51条に規定する「業務の運営に関し、公益又は投資者保護のため必要かつ適当と認めるとき」に該当するものと認められる。 （２）病院不動産流動化債券について 金融商品取引契約の締結又はその勧誘に関して、虚偽の表示をし、又は重要な事項につき誤解を生ぜしめるべき表示をする行為 当社は、ＪＭＰ債の販売に当たっても、商品内容や発行会社等の審査を実質的にはほとんど行っておらず、販売を開始した後も事後的なモニタリングをほとんど行っていなかった。こうしたことから、当社によるＪＭＰ債の販売について、以下の問題が認められた。 ○ＪＭＰ社は、病院の建物のみを取得し、その土地は取得していないにもかかわらず、当社は、販売用資料において、「本社債は（中略）病院の建物及びその土地（“対象不動産”）を裏付資産とする資産流動化債券（信託社債）です。」と記載し、ＪＭＰ社が病院の土地・建物双方を取得するかのような誤解を与える表示を行った。 ○信用補完として発行される「劣後信託社債」の取得者は適格機関投資家や特定投資家でないにもかかわらず、当社は、販売用資料において、「“プロ”投資家」が「劣後信託社債」を取得する旨を記載することにより、適格機関投資家や特定投資家が劣後信託社債を取得しているかのような誤解を与える表示を行った。 ○販売開始から３か月の間は、「信用補完提供者」は確保されていなかったにもかかわらず、当社は、販売開始当初から、販売用資料において、「信用補完提供者による信用補完」等と記載することにより、信用補完提供者が確保されているかのような誤解を与える表示を行った。 ○上記の実態があるにもかかわらず、当社は、これをほとんど把握しておらず、販売用資料において、事実に反し、「安全性を考慮して設計された不動産裏付証券」と記載し、説明していた。 ○また、当社は、ＪＭＰ債の金利水準について、同期間・同程度のリスクの金融商品と比較していないにもかかわらず、販売用資料において「同期間・同程度リスクの金融商品と比較して高金利（※当社調べ）」と記載することにより、ＪＭＰ債が同期間・同程度リスクの金融商品と比較して高金利であるかのような誤解を与える表示を行った。 当社の上記の行為は、金融商品取引法第38条第８号（平成26年５月30日法律第44号による改正前は同条第７号）に基づく金融商品取引業等に関する内閣府令第117条第１項第２号に掲げる「金融商品取引契約の締結又はその勧誘に関して、虚偽の表示をし、又は重要な事項につき誤解を生ぜしめるべき表示をする行為」に該当するものと認められる。 参考資料（PDF：177KB） （参考条文） ○金融商品取引法（昭和23年法律第25号）（抄） （禁止行為） 第三十八条金融商品取引業者等又はその役員若しくは使用人は、次に掲げる行為をしてはならない。ただし、第四号から第六号までに掲げる行為にあつては、投資者の保護に欠け、取引の公正を害し、又は金融商品取引業の信用を失墜させるおそれのないものとして内閣府令で定めるものを除く。 一～七（略） 八前各号に掲げるもののほか、投資者の保護に欠け、若しくは取引の公正を害し、又は金融商品取引業の信用を失墜させるものとして内閣府令で定める行為 （金融商品取引業者に対する業務改善命令） 第五十一条内閣総理大臣は、金融商品取引業者の業務の運営又は財産の状況に関し、公益又は投資者保護のため必要かつ適当であると認めるときは、その必要の限度において、当該金融商品取引業者に対し、業務の方法の変更その他業務の運営又は財産の状況の改善に必要な措置をとるべきことを命ずることができる。 ○金融商品取引業等に関する内閣府令（平成19年内閣府令第52号）（抄） （禁止行為） 第百十七条法第三十八条第八号に規定する内閣府令で定める行為は、次に掲げる行為とする。 一（略） 二金融商品取引契約の締結又はその勧誘に関して、虚偽の表示をし、又は重要な事項につき誤解を生ぜしめるべき表示をする行為 （以下、略）
2016-06-07,共和証券株式会社,,共和証券株式会社に対する検査結果に基づく勧告について（平成28年6月7日）,https://www.fsa.go.jp/sesc/news/c_2016/2016/20160607-3.html,English version 平成28年６月７日 証券取引等監視委員会 共和証券株式会社に対する検査結果に基づく勧告について １．勧告の内容 関東財務局長が共和証券株式会社（東京都中央区、法人番号8010001041456、資本金５億円、常勤役職員90名、第一種金融商品取引業、投資助言・代理業）を検査した結果、下記のとおり、当該金融商品取引業者に係る問題が認められたので、本日、証券取引等監視委員会は、内閣総理大臣及び金融庁長官に対して、金融庁設置法第20条第１項に基づき、行政処分を行うよう勧告した。 ２．事実関係 ○金融商品取引契約の締結又はその勧誘に関して、虚偽の表示をする行為 株式会社ページワン・ネオ・バンク（東京都中央区、金融商品取引業の登録はない。以下「ＰＮＢ社」という。）は、ＰＮＢ１号合同会社及びＰＮＢ２号合同会社（以下、それぞれ「ＰＮＢ１号社」、「ＰＮＢ２号社」といい、併せて「本件２社」という。）を設立し、本件２社との間で締結した業務委任契約に基づき、本件２社が行う一般売掛債権の買取業務全般を管理・運営している。 本件２社は、一般事業会社の一般売掛債権の買取業務を行うためとして、ＰＮＢ１号社において「ＰＮＢ１号合同会社発行私募社債」を、ＰＮＢ２号社において「ＰＮＢ２号合同会社発行私募社債」（以下、それぞれ「ＰＮＢ１号債」、「ＰＮＢ２号債」といい、併せて「本件２社債」という。）をそれぞれ発行し、資金を調達している。 本件２社債は、共和証券株式会社（以下「当社」という。）が販売しており、その発行残高は、平成28年３月末現在、それぞれ約8.9億円、約7.5億円、合計で約16.4億円となっている。 関東財務局において、本件２社債の実態を検証したところ、 以下の事実が認められた。 ア本件２社は、「裏付資産」として、一般事業会社（以下「クライアント企業」という。）から一般売掛債権を買い取っているとしているが、一般売掛債権の買取業務を開始した当初から、クライアント企業の一部について、買い取ったとする一般売掛債権が実在しておらず、事実上、クライアント企業に対する無担保での貸付けとなっている。 なお、平成28年４月５日現在、本件２社が買い取ったとする一般売掛債権のうち約６割が実在しておらず、無担保での貸付けとなっており、当該貸付額の少なくとも３分の２程度が回収不能となっている。 また、本件２社が実際に一般売掛債権を買い取ったものについても、 イ本件２社は、クライアント企業から買い取る一般売掛債権の債務者（以下「債務者」という。）について、「上場企業・上場系列、大手調査会社評点55点以上」の企業であることとの基準を設けているが、一般売掛債権の買取業務を開始した当初から、当該基準を満たさない債務者に係る一般売掛債権の買取りが行われている。 なお、平成28年４月５日現在、約４割の債務者が当該基準を満たしていない。 なお、本件２社が買い取る一般売掛債権の支払については、債務者が本件２社に直接行うものとしているが、債務者から直接支払われているかのように見せかけるため、ＰＮＢ社からの依頼により、クライアント企業の多くが債務者の名を騙って本件２社に入金している状況にある。 当社は、本件２社債の販売に当たって、商品内容や発行会社等の審査をほとんど行っておらず、販売を開始した後も事後的なモニタリングをほとんど行っていないため、上記ア及びイの事実を把握していなかった。こうしたことから、当社による本件２社債の販売について、以下の問題が認められた。 ○上記アに関し、本件２社が買い取ったとする一般売掛債権の一部が実在しておらず、無担保での貸付けとなっていたにもかかわらず、本件２社債の販売用資料において、事実に反し、本件２社債の「裏付資産」が「発行体の保有する真正譲渡された一般売掛債権」であると記載し、説明していた。 ○上記イに関し、本件２社が買い取った一般売掛債権の債務者の一部について、「上場企業・上場系列、大手調査会社評点55点以上」の基準を満たしていない企業であったにもかかわらず、本件２社債の販売用資料において、事実に反し、買い取りを行う一般売掛債権の債務者は、当該基準を満たした企業であると記載し、説明していた。 当社の上記の行為は、金融商品取引法第38条第８号（平成26年５月30日法律第44号による改正前は同条第７号）に基づく金融商品取引業等に関する内閣府令第117条第１項第２号に掲げる「金融商品取引契約の締結又はその勧誘に関して、虚偽の表示（略）をする行為」に該当するものと認められる。 （参考条文） ○金融商品取引法（昭和23年法律第25号）（抄） （禁止行為） 第三十八条金融商品取引業者等又はその役員若しくは使用人は、次に掲げる行為をしてはならない。ただし、第四号から第六号までに掲げる行為にあつては、投資者の保護に欠け、取引の公正を害し、又は金融商品取引業の信用を失墜させるおそれのないものとして内閣府令で定めるものを除く。 一～七（略） 八前各号に掲げるもののほか、投資者の保護に欠け、若しくは取引の公正を害し、又は金融商品取引業の信用を失墜させるものとして内閣府令で定める行為 ○金融商品取引業等に関する内閣府令（平成19年内閣府令第52号）（抄） （禁止行為） 第百十七条法第三十八条第八号に規定する内閣府令で定める行為は、次に掲げる行為とする。 一（略） 二金融商品取引契約の締結又はその勧誘に関して、虚偽の表示をし、又は重要な事項につき誤解を生ぜしめるべき表示をする行為 （以下、略）
2016-06-07,京セラ株式会社,6971,公開買付者の社員による日本インター株式に係る内部者取引に対する課徴金納付命令の勧告について（平成28年6月7日）,https://www.fsa.go.jp/sesc/news/c_2016/2016/20160607-1.html,English version 平成２８年６月７日 証券取引等監視委員会 公開買付者の社員による日本インター株式に係る内部者取引に対する課徴金納付命令の勧告について １．勧告の内容 証券取引等監視委員会は、公開買付者の社員による日本インター株式に係る内部者取引について検査した結果、下記のとおり法令違反の事実が認められたので、本日、内閣総理大臣及び金融庁長官に対して、金融庁設置法第２０条第１項の規定に基づき、課徴金納付命令を発出するよう勧告を行った。 ２．法令違反の事実関係 課徴金納付命令対象者は、京セラ株式会社（以下「京セラ」という。）の社員であったが、京セラの業務執行を決定する機関が、日本インター株式会社（以下「日本インター」という。）の株式の公開買付けを行うことについての決定をした旨の公開買付けの実施に関する事実を知りながら、上記事実の公表がされた平成２７年７月３０日午後４時頃より前の同年７月６日から同年７月３０日午後２時１３分頃までの間、自己の計算において、日本インター株式合計３３００株を買付価額合計６０万８３００円で買い付けたものである。 違反行為事実の概要については、 別図 のとおり。 課徴金納付命令対象者が行った上記の行為は、金融商品取引法第１７５条第２項に規定する「第１６７条第１項又は第３項の規定に違反して、同条第１項に規定する売買等をした」行為に該当すると認められる。 ３．課徴金の額の計算 上記の違法行為に対し金融商品取引法に基づき納付を命じられる課徴金の額は、１３万円である。 計算方法の詳細については、 別紙 のとおり。 （別図） ○ 違反行為事実の概要について （クリックすると拡大されます） （別紙） ○ 課徴金の額の計算方法について 金融商品取引法第１７５条第２項に基づき、課徴金の額は、 （公開買付け等の実施に関する事実が公表された後２週間における最も高い価格）×（買付株数） －（買付価格）×（買付株数） となる。 したがって、公開買付け等の実施に関する事実の公表後２週間における日本インターの最も高い株価は、２２６円であることから、課徴金の額は下記の金額となる。 （２２６円×３，３００株） － 買付価額６０８，３００円 （注） ＝１３７，５００円 ⇒課徴金の額は１万円未満を切り捨てるため、 １３万円 （注）買付価額は、 「166円×400株＋167円×200株＋179円×600株＋180円×200株＋187円×300株＋189円×400株＋193円×300株＋194円×300株＋195円×300株＋196円×300株」 の合計額である。
2016-06-07,大熊本証券株式会社,,大熊本証券株式会社に対する検査結果に基づく勧告について（平成28年6月7日）,https://www.fsa.go.jp/sesc/news/c_2016/2016/20160607-5.html,English version 平成28年６月７日 証券取引等監視委員会 大熊本証券株式会社に対する検査結果に基づく勧告について １．勧告の内容 九州財務局長が大熊本証券株式会社（熊本県熊本市、法人番号7330001002724、資本金３億4356万円、常勤役職員71名、第一種金融商品取引業）を検査した結果、下記のとおり、当該金融商品取引業者に係る問題が認められたので、本日、証券取引等監視委員会は、内閣総理大臣及び金融庁長官に対して、金融庁設置法第20条第１項に基づき、行政処分を行うよう勧告した。 ２．事実関係 （１）「中小企業資金繰支援債券」について WADATSUMI BENEFIT LIMITED（以下「ＷＢＬ社」という。）は、平成25年２月にケイマン諸島に設立され、中小企業の売掛債権を買い取り、それを「裏付資産」とするとして、「中小企業資金繰支援債券」との名称の社債（以下「ＷＢＬ債」という。）を発行し、資金を調達している。ＷＢＬ債の発行残高は、平成27年11月末現在、合計で約5.7億円（投資者数は約120者）となっている。 大熊本証券株式会社（以下「当社」という。）は、アーツ証券株式会社（東京都中央区、平成28年１月29日登録取消し。以下「アーツ証券」という。）から紹介・助言・支援等を受け、平成25年８月から、ＷＢＬ債の販売を一般投資家等の顧客に対して行っている。 当社によるＷＢＬ債の販売残高は、平成28年３月末現在、合計で約0.8億円（投資者数は約20者）となっている。 ＷＢＬ社は、ＷＢＬ債の発行当初より、買い取った売掛債権の残高が社債発行残高に比して僅少な状態が継続するとともに、平成26年９月以降、買い取った売掛債権について回収遅延が発生するようになった。その結果、同27年11月末現在、売掛債権買取残高は約2.4億円にすぎず、そのうち約1.2億円を直ちに回収することが困難になっている。 当社は、ＷＢＬ債の発行当初から上記のＷＢＬ社の財務状況の実態を認識していた。しかしながら、当社は、ＷＢＬ債の販売のために作成・使用した勧誘資料等において、「裏付資産」については「本債券発行により調達した資金を基に売掛債権の取得を行います」などと記載するほか、顧客に対し、回収遅延が発生した売掛債権について全額回収できる見込みであると説明し、ＷＢＬ債の販売を行った。 当該勧誘は、ＷＢＬ社において、売掛債権の買取り又はその回収可能性等に現に問題が生じているにもかかわらず、顧客に対し、当該問題が生じていないとの誤解を与える表示をしたものである。 （２）「ASAP ALPHA NOTE」について ASAP ALPHA（以下「ＡＳＡＰ社」という。）は、平成25年３月にケイマン諸島に設立され、米国に所在する不動産を「収益の根源」とするとして、「ASAP ALPHA NOTE」との名称の社債(以下「ＡＳＡＰ債」という。)を発行し、資金を調達している。 そして、ＡＳＡＰ社は、同社子会社の発行する社債Ａを取得し、同子会社は、米国に所在する不動産を取得し、賃料収入を得るとする会社（米国ＬＬＣ）の発行する社債Ｂを取得している。 ＡＳＡＰ債の発行残高は、平成27年11月末現在、合計で約49億円（投資者数は約560者）となっている。 当社は、アーツ証券から紹介・助言・支援等を受け、平成26年12月から、ＡＳＡＰ債の販売を一般投資家等の顧客に対して行っている。 当社によるＡＳＡＰ債の販売残高は、平成28年３月末現在、合計で約２億円（投資者数は約20者）となっている。 しかしながら、上記ＬＬＣについては、決算書類が作成されておらず、財務状況等の実態が不明である。当社も、九州財務局の検査に対し、上記ＬＬＣの実態を的確に説明できない。 当社は、上記ＬＬＣの実態を的確に把握していないにもかかわらず、ＡＳＡＰ債について、「収益の根源は本スキームを通じて保有される米国不動産に関連付けられたもの」と記載した勧誘資料等を作成・使用することにより、販売証券会社である当社が上記ＬＬＣの実態を的確に把握しているかのような誤解を与える表示をし、顧客に対し、その販売を行った。 当社の上記（１）及び（２）の行為は、それぞれ、金融商品取引法第38条第８号（平成26年５月30日法律第44号による改正前は同条第７号。）に基づく金融商品取引業等に関する内閣府令第117条第１項第２号に掲げる「金融商品取引契約の締結又はその勧誘に関して、（略）重要な事項につき誤解を生ぜしめるべき表示をする行為」に該当するものと認められる。 （参考条文） ○金融商品取引法（昭和23年法律第25号）（抄） （禁止行為） 第三十八条金融商品取引業者等又はその役員若しくは使用人は、次に掲げる行為をしてはならない。ただし、第四号から第六号までに掲げる行為にあつては、投資者の保護に欠け、取引の公正を害し、又は金融商品取引業の信用を失墜させるおそれのないものとして内閣府令で定めるものを除く。 一～七（略） 八前各号に掲げるもののほか、投資者の保護に欠け、若しくは取引の公正を害し、又は金融商品取引業の信用を失墜させるものとして内閣府令で定める行為 ○金融商品取引業等に関する内閣府令（平成19年内閣府令第52号）（抄） （禁止行為） 第百十七条法第三十八条第八号に規定する内閣府令で定める行為は、次に掲げる行為とする。 一（略） 二金融商品取引契約の締結又はその勧誘に関して、虚偽の表示をし、又は重要な事項につき誤解を生ぜしめるべき表示をする行為 （以下、略）
2016-06-03,ベルテ株式会社,5290,ベルテ株式会社に対する検査結果に基づく勧告について（平成28年6月3日）,https://www.fsa.go.jp/sesc/news/c_2016/2016/20160603-2.html,English version 平成28年６月３日 証券取引等監視委員会 ベルテ株式会社に対する検査結果に基づく勧告について １．勧告の内容 東海財務局長がベルテ株式会社（愛知県名古屋市、法人番号2180001072457、資本金555万円、常勤役職員１名、投資助言・代理業、適格機関投資家等特例業務）を検査した結果、下記のとおり、当該金融商品取引業者に係る問題が認められたので、本日、証券取引等監視委員会は、内閣総理大臣及び金融庁長官に対して、金融庁設置法第20条第１項の規定に基づき、行政処分を行うよう勧告した。 ２．事実関係 （１）不適切な適格機関投資家等特例業務の運営状況 ベルテ株式会社（以下「当社」という。）は、適格機関投資家等特例業務（以下「特例業務」という。）として、株式等を投資対象とするビーアールエヌ１号投資事業有限責任組合（当社が無限責任組合員。以下「BRN LPS」という。）を組成し、複数の特例業務の届出者（以下「届出業者」という。）が運用する匿名組合等（以下「ファンド」という。）に適格機関投資家として出資（以下「適格機関投資家出資」という。）を行っているとしている。 当社の業務運営を検証したところ、以下の問題が認められた。 ア適格機関投資家出資の外観の仮装 当社の代表取締役であるA（以下「A代表」という。）は、株式会社オリエント・パートナーズ（愛知県名古屋市、代表取締役　B。以下、それぞれ、「オリエント社」、「B氏」という。）と共同して、適格機関投資家出資を必要とする届出業者に対して、BRN LPSの名義を利用して、BRN LPSから適格機関投資家出資が行われたかのように外観を装うことを考えた。そして、当社は、希望した届出業者から、（ｱ）BRN LPSの名義の使用に係る対価（当社及びオリエント社の報酬分）に、（ｲ）出資相当額を加えた金銭を受領し、このうち、（ｲ）の出資相当額分をBRN LPSからの出資と称して届出業者16者が組成した17本のファンドに出資していた。 このように、当該17本のファンドに対するBRN LPSからの出資は、実際には、BRN LPSが負担することなく、当該届出業者の負担により行っていたものであり、BRN LPSからの適格機関投資家出資がなされているかのような外観を仮装したものに過ぎない。したがって、当該出資については、適格機関投資家出資とは到底評価し得ないものである。 上記の当社の行為は、特例業務について適格機関投資家出資を要件とする金融商品取引法（以下「金商法」という。）の趣旨をないがしろにするものであり、届出業者に特例業務の要件を充足しないまま違法にファンドの出資持分の取得勧誘や出資金の運用を行わせることとなり得るものと認められる。 このような当社の適格機関投資家出資に係る状況は、金商法第51条に規定する「業務の運営に関し、公益又は投資者保護のため必要かつ適当であると認めるとき」に該当するものと認められる。 イ無登録で投資運用業を行っている状況 当社のA代表は、平成26年３月、BRN LPSにおいて、同年４月以降、適格機関投資家出資がなくなることから、BRN LPS が出資しているSola１号投資事業組合の運営者である株式会社Sola（愛知県名古屋市、届出業者。以下「Sola社」という。）の代表取締役でもあるB氏に新たな出資者となる適格機関投資家について相談を行った。 そして、当社は、B氏が知人から借りた甲投資事業有限責任組合（以下「甲 LPS」という。）の名義を利用し、実際には、BRN LPSが出資相当額を負担する旨のB氏の提案を受け、平成26年４月、甲 LPS による出資と称してBRN LPSの組合財産から出資相当額を負担した。 このように、BRN LPS に対する甲 LPSからの出資は、実際には、甲 LPSが負担することなく、 BRN LPSの組合財産の負担により行っていたものであり、甲 LPSからの適格機関投資家出資がなされているかのような外観を仮装したものに過ぎない。 したがって、当該出資については、適格機関投資家出資とは到底評価し得ないものである。 このように、当該出資は、適格機関投資家出資とは認められないものであるから、当社が行った平成26年４月以降のBRN LPSの出資金の運用は、特例業務の要件を充足せず、金商法第28条第４項に規定する「投資運用業」に該当し、当社が同法第31条第４項に基づく変更登録を受けることなく、当該業務を行うことは、同法第29条に違反するものと認められる。 （２）無登録で第二種金融商品取引業を行っている状況 当社は、平成23年６月から同25年５月にかけて、B氏の依頼を受け、Sola社が運営するSola１号投資事業組合の出資持分の取得勧誘を行い、少なくとも10名に対し約1900万円の出資持分を取得させた。 当社が業として行った（２）の行為は、金商法第28条第２項に規定する「第二種金融商品取引業」に該当し、当社が同法第31条第４項に基づく変更登録を受けることなく、上記行為を行うことは、同法第29条に違反するものと認められる。 （３）投資助言・代理業を適確に遂行するに足りる人的構成が確保されていない状況 当社は、当社の唯一の常勤役職員である代表取締役が金商法の理解を欠き、かつ投資者保護等の意識が欠如していることから、（１）及び（２）の問題を生じていることに加え、投資助言・代理業において、契約締結前交付書面等の不保存等、多くの法令違反が認められた。 当社の（３）の状況は、金商法第29条の４第１項第１号ホに規定する「金融商品取引業を適確に遂行するに足りる人的構成を有しない者」に該当するものと認められ、このような当社の状況は、金商法第52条第１項第１号に該当するものと認められる。 株式会社Solaに対する検査結果について（平成28年６月３日公表） 参考資料（PDF：149.9KB） （参考条文） ○金融商品取引法（昭和23年法律第25号）（抄） 第二十八条（略） ２この章において「第二種金融商品取引業」とは、金融商品取引業のうち、次に掲げる行為のいずれかを業として行うことをいう。 一（略） 二第二条第二項の規定により有価証券とみなされる同項各号に掲げる権利についての同条第八項第一号から第三号まで、第五号、第八号又は第九号に掲げる行為 三・四（略） ３（略） ４この章において「投資運用業」とは、金融商品取引業のうち、次に掲げる行為のいずれかを業として行うことをいい、銀行、協同組織金融機関その他政令で定める金融機関が、当該行為のいずれかを業として行うことを含むものとする。 一・二（略） 三第二条第八項第十五号に掲げる行為 （以下、略） （登録） 第二十九条金融商品取引業は、内閣総理大臣の登録を受けた者でなければ、行うことができない。 （登録の拒否） 第二十九条の四内閣総理大臣は、登録申請者が次の各号のいずれかに該当するとき、又は登録申請書若しくはこれに添付すべき書類若しくは電磁的記録のうちに虚偽の記載若しくは記録があり、若しくは重要な事実の記載若しくは記録が欠けているときは、その登録を拒否しなければならない。 一次のいずれかに該当する者 イ～ニ（略） ホ金融商品取引業を適確に遂行するに足りる人的構成を有しない者 （以下、略） （変更登録等） 第三十一条（略） ２・３（略） ４金融商品取引業者は、第二十九条の二第一項第五号又は第六号に掲げる事項について変更をしようとするときは、内閣府令で定めるところにより、内閣総理大臣の行う変更登録を受けなければならない。 （以下、略） （金融商品取引業者に対する業務改善命令） 第五十一条内閣総理大臣は、金融商品取引業者の業務の運営又は財産の状況に関し、公益又は投資者保護のため必要かつ適当であると認めるときは、その必要の限度において、当該金融商品取引業者に対し、業務の方法の変更その他業務の運営又は財産の状況の改善に必要な措置をとるべきことを命ずることができる。 （金融商品取引業者に対する監督上の処分） 第五十二条内閣総理大臣は、金融商品取引業者が次の各号のいずれかに該当する場合においては、当該金融商品取引業者の第二十九条の登録を取り消し、第三十条第一項の認可を取り消し、又は六月以内の期間を定めて業務の全部若しくは一部の停止を命ずることができる。 一第二十九条の四第一項第一号、第二号又は第三号に該当することとなつたとき。 （以下、略）
2016-06-07,山形證券株式会社,,山形證券株式会社に対する検査結果に基づく勧告について（平成28年6月7日）,https://www.fsa.go.jp/sesc/news/c_2016/2016/20160607-4.html,English version 平成28年６月７日 証券取引等監視委員会 山形證券株式会社に対する検査結果に基づく勧告について １．勧告の内容 東北財務局長が山形證券株式会社（山形県山形市、法人番号3390001002029、資本金１億円、常勤役職員40名、第一種金融商品取引業）を検査した結果、下記のとおり、当該金融商品取引業者に係る問題が認められたので、本日、証券取引等監視委員会は、内閣総理大臣及び金融庁長官に対して、金融庁設置法第20条第１項に基づき、行政処分を行うよう勧告した。 ２．事実関係 ○「ASAP ALPHA NOTE」について ASAP ALPHA（以下「ＡＳＡＰ社」という。）は、平成25年３月にケイマン諸島に設立され、米国に所在する不動産を「収益の根源」とするとして、「ASAP ALPHA NOTE」との名称の社債（以下「ＡＳＡＰ債」という。）を発行し、資金を調達している。 そして、ＡＳＡＰ社は、同社子会社の発行する社債Ａを取得し、同子会社は、米国に所在する不動産を取得し、賃料収入を得るとする会社（米国ＬＬＣ）の発行する社債Ｂを取得している。 ＡＳＡＰ債の発行残高は、平成27年11月末現在、合計で約49億円（投資者数は約560者）となっている。 山形證券株式会社（以下「当社」という。）は、アーツ証券株式会社（東京都中央区、平成28年１月29日登録取消し。）から紹介・助言・支援等を受け、平成26年５月から、ＡＳＡＰ債の販売を一般投資家等の顧客に対して行っている。 当社によるＡＳＡＰ債の販売残高は、平成28年３月末現在、合計で約６億円（投資者数は約80者）となっている。 しかしながら、上記ＬＬＣについては、決算書類が作成されておらず、財務状況等の実態が不明である。当社も、東北財務局の検査に対し、上記ＬＬＣの実態を的確に説明できない。 当社は、上記ＬＬＣの実態を的確に把握していないにもかかわらず、ＡＳＡＰ債について、「収益の根源は本スキームを通じて保有される米国不動産に関連付けられたもの」と記載した勧誘資料等を作成・使用することにより、販売証券会社である当社が上記ＬＬＣの実態を的確に把握しているかのような誤解を与える表示をし、顧客に対し、その販売を行った。 当社の行為は、金融商品取引法第38条第８号（平成26年５月30日法律第44号による改正前は同条第７号。）に基づく金融商品取引業等に関する内閣府令第117条第１項第２号に掲げる「金融商品取引契約の締結又はその勧誘に関して、（略）重要な事項につき誤解を生ぜしめるべき表示をする行為」に該当するものと認められる。 （参考条文） ○金融商品取引法（昭和23年法律第25号）（抄） （禁止行為） 第三十八条金融商品取引業者等又はその役員若しくは使用人は、次に掲げる行為をしてはならない。ただし、第四号から第六号までに掲げる行為にあつては、投資者の保護に欠け、取引の公正を害し、又は金融商品取引業の信用を失墜させるおそれのないものとして内閣府令で定めるものを除く。 一～七（略） 八前各号に掲げるもののほか、投資者の保護に欠け、若しくは取引の公正を害し、又は金融商品取引業の信用を失墜させるものとして内閣府令で定める行為 ○金融商品取引業等に関する内閣府令（平成19年内閣府令第52号）（抄） （禁止行為） 第百十七条法第三十八条第八号に規定する内閣府令で定める行為は、次に掲げる行為とする。 一（略） 二金融商品取引契約の締結又はその勧誘に関して、虚偽の表示をし、又は重要な事項につき誤解を生ぜしめるべき表示をする行為 （以下、略）
2016-06-03,株式会社Sola,,株式会社Solaに対する検査結果について（平成28年6月3日）,https://www.fsa.go.jp/sesc/news/c_2016/2016/20160603-3.html,English version 平成28年６月３日 証券取引等監視委員会 株式会社Solaに対する検査結果について 東海財務局長が上記適格機関投資家等特例業務届出者を検査した結果、問題が認められた（詳細は、東海財務局ウェブサイトを参照してください。）。 「株式会社Solaに対する検査結果について」（東海財務局ウェブサイト）
2016-05-31,株式会社Rot Adler Asset Management,,株式会社Rot Adler Asset Managementに対する検査結果について（平成28年5月31日）,https://www.fsa.go.jp/sesc/news/c_2016/2016/20160531-3.html,English version 平成28年５月31日 証券取引等監視委員会 株式会社Rot Adler Asset Managementに対する検査結果について 関東財務局長が上記適格機関投資家等特例業務届出者を検査した結果、問題が認められた（詳細は、関東財務局ウェブサイトを参照してください。）。 「株式会社Rot Adler Asset Managementに対する検査結果について」（関東財務局ウェブサイト）
2016-05-24,サン・キャピタル・マネジメント株式会社,,サン・キャピタル・マネジメント株式会社に対する検査結果に基づく勧告について（平成28年5月24日）,https://www.fsa.go.jp/sesc/news/c_2016/2016/20160524-2.html,English version 平成28年５月24日 証券取引等監視委員会 サン・キャピタル・マネジメント株式会社に対する検査結果に基づく勧告について １．勧告の内容 近畿財務局長がサン・キャピタル・マネジメント株式会社（大阪市中央区、法人番号1120001140369、資本金１億700万円、常勤役職員９名、第二種金融商品取引業、金融商品仲介業）を検査した結果、下記のとおり、当該金融商品取引業者に係る問題が認められたので、本日、証券取引等監視委員会は、内閣総理大臣及び金融庁長官に対して、金融庁設置法第20条第１項に基づき、行政処分を行うよう勧告した。 ２．事実関係 ○事業の実態について事実と異なる内容を表示し匿名組合契約に基づく権利の私募の取扱いを行っている状況 サン・キャピタル・マネジメント株式会社（以下「当社」という。）は、営業者をＭＴキャピタル合同会社（以下「ＭＴ社」という。）とし、ＭＴ社が出資金を元に購入した回胴式遊技機（以下「パチスロ機」という。）を株式会社ＬＩＧ（以下「ＬＩＧ社」という。）にレンタルし、ＬＩＧ社が当該パチスロ機を遊技場にレンタルする事業へ投資するとする匿名組合契約に基づく権利（以下「ＤＤＡファンド」という。）の私募の取扱いを行っている。なお、平成28年１月末現在、償還期限の到来していないＤＤＡファンドは、19本、出資総額は約2.1億円である。 ＤＤＡファンドの出資金が投資される事業では、遅くとも平成27年５月以降、ＬＩＧ社から遊技場にパチスロ機がレンタルされているほか、ＬＩＧ社から遊技場にパチスロ機が販売されている場合もあるという状況が認められた。 また、平成27年10月以降に販売したＤＤＡファンドに係る出資金については、パチスロ機を購入することなく、ＭＴ社を経由して、ＬＩＧ社において、同社の経費等に充てられ、流用されている状況が認められた。 当社は、販売業者として当該事業の状況等の審査及びモニタリングを一切行っておらず、このような状況について全く認識していなかった。 こうしたことから、ＤＤＡファンドの資金が投資される事業内容について、事実に反し、ＭＴ社が出資金を元にパチスロ機を購入した上で、当該パチスロ機をＬＩＧ社にレンタルし、ＬＩＧ社が当該パチスロ機を遊技場にレンタルして得たレンタル料について、一定割合で、顧客、ＭＴ社、ＬＩＧ社及び当社に分配又は留保する事業である旨、また、遊技場からのレンタル料の支払いやこれを元にした顧客への分配金の支払いは、匿名組合事業開始月の特定の日から数年後の特定の日までが全体の計算期間となり繰り返し履行される旨など、あたかも継続的な事業収益が見込まれるかのごとく説明し、ＤＤＡファンドの私募の取扱いを行った。 当社の上記の行為は、金融商品取引法第38条第８号（平成26年５月30日法律第44号による改正前は同条第７号。）に基づく金融商品取引業等に関する内閣府令第117条第１項第２号に掲げる「金融商品取引契約の締結又はその勧誘に関して、虚偽の表示（略）をする行為」に該当するものと認められる。 （参考条文） ○金融商品取引法（昭和23年法律第25号）（抄） （禁止行為） 第三十八条金融商品取引業者等又はその役員若しくは使用人は、次に掲げる行為をしてはならない。ただし、第四号から第六号までに掲げる行為にあつては、投資者の保護に欠け、取引の公正を害し、又は金融商品取引業の信用を失墜させるおそれのないものとして内閣府令で定めるものを除く。 一～七（略） 八前各号に掲げるもののほか、投資者の保護に欠け、若しくは取引の公正を害し、又は金融商品取引業の信用を失墜させるものとして内閣府令で定める行為 ○金融商品取引業等に関する内閣府令（平成19年内閣府令第52号）（抄） （禁止行為） 第百十七条法第三十八条第八号に規定する内閣府令で定める行為は、次に掲げる行為とする。 一（略） 二金融商品取引契約の締結又はその勧誘に関して、虚偽の表示をし、又は重要な事項につき誤解を生ぜしめるべき表示をする行為 （以下、略）
2016-05-31,ドラグーンキャピタル株式会社,,ドラグーンキャピタル株式会社に対する検査結果に基づく勧告について（平成28年5月31日）,https://www.fsa.go.jp/sesc/news/c_2016/2016/20160531-2.html,English version 平成28年５月31日 証券取引等監視委員会 ドラグーンキャピタル株式会社に対する検査結果に基づく勧告について １．勧告の内容 関東財務局長がドラグーンキャピタル株式会社（東京都千代田区、法人番号2010001138381、資本金3000万円、常勤役職員５名、第二種金融商品取引業及び投資助言・代理業）を検査した結果、下記のとおり、当該金融商品取引業者に係る問題が認められたので、本日、証券取引等監視委員会は、内閣総理大臣及び金融庁長官に対して、金融庁設置法第20条第１項に基づき、行政処分を行うよう勧告した。 なお、A代表取締役（以下A代表という。）は適格機関投資家等特例業務の届出者である。 ２．事実関係 ○金融商品取引業者としての業務運営に問題がある状況 ドラグーンキャピタル株式会社（以下「当社」という。）は、第二種金融商品取引業及び投資助言・代理業の実績はなく、平成23年７月に、当社を代表社員とするドラグーンスナイパーズ合同会社（適格機関投資家等特例業務届出者。以下「スナイパーズ社」という。）を設立し、当社が業務執行社員としてスナイパーズ社の業務を行っている。 スナイパーズ社は、適格機関投資家等特例業務（以下「特例業務」という。）として、ドラグーン日本ストロングファンド（出資者７名、出資総額7580万円）、ROI社転換社債投資事業ファンド（出資者３名、出資総額2000万円）、Dragoon Gold Fund（出資者４名、出資総額3000万円。以下これらを総称して「スナイパーズファンド」という。）を組成し、これらの出資持分の取得勧誘及び出資金の運用を行っている。 また、A代表は、自らの特例業務として、平成23年８月、自らを唯一の無限責任組合員とし、ＡＩＰ証券株式会社から適格機関投資家としての出資（以下「適格機関投資家出資」という。）を受けるトリスタン１号投資事業有限責任組合（以下「トリスタンLPS」という。）を組成した。A代表は、トリスタンLPSにおいて、スナイパーズ社、同じく特例業務の届出者（以下「届出業者」という。）であるユニオン・キャピタル株式会社（東京都渋谷区、以下「ユニオン社」という。）、シュタイン・パートナーズ合同会社（東京都渋谷区、以下「シュタイン社」という。）他１者が運用する匿名組合（以下「ファンド」という。）に適格機関投資家出資を行ったとしている。 今回検査において当社の業務運営の状況を検証したところ、以下の問題が認められた。 (1)ファンド出資金を費消している状況 当社は、ユニオン社及びシュタイン社との間で、当該届出業者２者を営業者としてファンドを組成し、当該届出業者２者がファンドの取得勧誘を行うこと、当社が適格機関投資家と運用先を用意することについて、それぞれ取り決めを行った。当社は、運用先として、当社が設立した外国籍運用会社を用意し、上記届出業者２者から振り込まれたファンドの出資金（計約６億円）のうち約50％を当該届出業者２者が管理する会社にそれぞれ送金し、残りの出資金については、当社が運用するとしていたところ、実際には一切運用に回さず、当社の経費等に費消した。 (2)適格機関投資家への取得勧誘が行われていない状況 スナイパーズ社の業務執行社員である当社は、スナイパーズファンドについて、自ら適格機関投資家及び一般投資家への取得勧誘を行っており、同ファンドはトリスタンLPSから適格機関投資家出資を受けているとしている。 しかしながら、スナイパーズファンドの出資持分の取得勧誘に関する業務は、当社のA代表が一人で行っており、他方、A代表は、トリスタンLPSの唯一の無限責任組合員として、トリスタンLPSの業務を行っていることから、トリスタンLPSが行ったとする適格機関投資家出資については、取得勧誘を行った者と取得勧誘を受けた者はいずれもA代表となっている。したがって、スナイパーズファンドについては、適格機関投資家への取得勧誘が行われたとは認められず、特例業務の要件を充足しない状況である。 当社は、スナイパーズ社の業務執行社員であるところ、スナイパーズファンドについて、当該要件を欠いたままスナイパーズ社が行った一般投資家に対する取得勧誘及び出資金の運用は、金融商品取引法（以下「金商法」という。）第28条第２項に規定する「第二種金融商品取引業」及び同条第４項に規定する「投資運用業」に該当し、同社が同法第29条に基づく登録を受けることなく、上記行為を行うことは、同条に違反するものと認められる。 (3)適格機関投資家出資の外観を仮装する行為に積極的に加担した状況 A代表が自らの特例業務として組成したトリスタンLPSは、スナイパーズファンド以外に、ユニオン社、シュタイン社他１者がそれぞれ運用する５本のファンドに適格機関投資家出資したとしているところ、このうち４本のファンドについては、当社と当該届出業者３者との間でファンド組成の支援を行うことなどを内容とする契約を締結し、当該契約の報酬に出資額に相当する金銭（以下「出資相当額」という。）を上乗せして支払うことを条件に出資を行った。当社は、当該届出業者３者から支払われた報酬のうち出資相当額をトリスタンLPSに振り込み、トリスタンLPSから同額が当該４本のファンドに出資されている。 したがって、当該出資については、実際にトリスタンLPSが出資した実態がなく、トリスタンLPSからの適格機関投資家出資がなされているかのような外観を仮装したものに過ぎず、適格機関投資家出資とは到底評価し得ないものであり、当社は、適格機関投資家出資の外観を仮装することに積極的に加担していたものと認められる。 上記のような当社の行為は、届出業者の特例業務について、適格機関投資家出資を要件とする金商法の趣旨をないがしろにするものであり、届出業者に特例業務の要件を充足しないまま違法にファンド持分の取得勧誘や出資金の運用を行わせることとなり得るものと認められる。 (4)顧客に対し虚偽の運用報告書を交付する行為 スナイパーズ社の業務執行社員である当社は、同社が組成したドラグーン日本ストロングファンドについて、日経225先物取引等による運用を開始した平成26年１月４日以降、取引による損失からファンド財産が大きく毀損していたにもかかわらず、毎月利益が生じているとする虚偽の内容の運用報告書を顧客に交付している。 (5)金融商品取引業を適確に遂行するに足りる人的構成を有しない状況 上記のとおり、当社は、多岐にわたって投資者保護上重大な問題のある行為を行っており、当社において当該行為を行ったA代表に法令等遵守意識及び投資者保護意識は皆無である。また、当社においては、ほとんど全ての業務をA代表が一人で行っており、他にA代表の行為を牽制し適切に業務を運営するための人的基盤は整っていない。さらに、当社は、金融商品取引業の登録を受けて以降、当該業務を全く行わず、当該業務に必要な社内規則の制定をはじめとした業務管理態勢は、全く整備されていない。 上記(1)から(4)のとおり、当社の業務運営は、投資者保護上重大な問題があり、金商法第51条に規定する「業務の運営に関し、公益又は投資者保護のため必要かつ適当であると認めるとき」に該当するものと認められる。 また、上記(5)のとおり、当社は、金商法第29条の４第１項第１号ホに規定する「金融商品取引業を適確に遂行するに足りる人的構成を有しない者」に該当し、このような当社の状況は、金商法第52条第１項第１号に該当するものと認められる。 シュタイン・パートナーズ合同会社に対する検査結果について（平成28年５月17日公表） 参考資料（PDF：55.9KB） （参考条文） ○金融商品取引法（昭和23年法律第25号）（抄） （登録） 第二十九条金融商品取引業は、内閣総理大臣の登録を受けた者でなければ、行うことができない。 （登録の拒否） 第二十九条の四内閣総理大臣は、登録申請者が次の各号のいずれかに該当するとき、又は登録申請書若しくはこれに添付すべき書類若しくは電磁的記録のうちに虚偽の記載若しくは記録があり、若しくは重要な事実の記載若しくは記録が欠けているときは、その登録を拒否しなければならない。 一次のいずれかに該当する者 イ～ニ（略） ホ金融商品取引業を適確に遂行するに足りる人的構成を有しない者 （以下、略） （金融商品取引業者に対する業務改善命令） 第五十一条内閣総理大臣は、金融商品取引業者の業務の運営又は財産の状況に関し、公益又は投資者保護のため必要かつ適当であると認めるときは、その必要の限度において、当該金融商品取引業者に対し、業務の方法の変更その他業務の運営又は財産の状況の改善に必要な措置をとるべきことを命ずることができる。 （金融商品取引業者に対する監督上の処分） 第五十二条内閣総理大臣は、金融商品取引業者が次の各号のいずれかに該当する場合においては、当該金融商品取引業者の第二十九条の登録を取り消し、第三十条第一項の認可を取り消し、又は六月以内の期間を定めて業務の全部若しくは一部の停止を命ずることができる。 一第二十九条の四第一項第一号、第二号又は第三号に該当することとなつたとき。 （以下、略）
2016-06-03,大豊建設株式会社,1822,極東貿易株式外４銘柄に係る相場操縦に対する課徴金納付命令の勧告について（平成28年6月3日）,https://www.fsa.go.jp/sesc/news/c_2016/2016/20160603-1.html,"English version 平成２８年６月３日 証券取引等監視委員会 極東貿易株式外４銘柄に係る相場操縦に対する課徴金納付命令の勧告について １．勧告の内容 証券取引等監視委員会は、極東貿易株式外４銘柄に係る相場操縦について検査した結果、下記のとおり法令違反の事実が認められたので、本日、内閣総理大臣及び金融庁長官に対して、金融庁設置法第２０条第１項の規定に基づき、課徴金納付命令を発出するよう勧告を行った。 ２．法令違反の事実関係 課徴金納付命令対象者は、株式の売買を誘引する目的をもって、 別表 記載のとおり、 (1) 大豊建設株式会社（以下「大豊建設」という。）の株式につき、平成２７年３月１８日午後２時９分１５秒から同日午後２時９分１８秒までの間及び同月２０日午後０時３２分４９秒から同日午後０時４２分５７秒までの間、上値売り注文を大量に入れるなどの方法により、同株式合計７万２０００株の売付けの委託を行う一方、同株式合計３万８０００株を買い付けるなどし、 (2) ＪＵＫＩ株式会社（以下「ＪＵＫＩ」という。）の株式につき、同年４月３日午前１０時３１分４４秒から同日午前１０時３５分１４秒までの間、前記同様の方法により、同株式合計７万８０００株の売付けの委託を行う一方、同株式合計４万株を買い付けるなどし、 (3) 東洋エンジニアリング株式会社（以下「東洋エンジニアリング」という。）の株式につき、同年５月１８日午前９時５０分５２秒から同日午前９時５７分２９秒までの間及び同月１９日午前９時３４分１９秒から同日午前９時３６分９秒までの間、前記同様の方法により、同株式合計２４万８０００株の売付けの委託を行う一方、同株式合計１０万８０００株を買い付けるなどし、 (4) 極東貿易株式会社（以下「極東貿易」という。）の株式につき、同年６月９日午前１０時０分３３秒から同日午前１０時８分５４秒までの間、前記同様の方法により、同株式合計１３万株の売付けの委託を行うとともに、同株式合計1万２０００株を売り付ける一方、同株式合計４万２０００株を買い付けるなどし、 (5) 株式会社マツモトキヨシホールディングス（以下「マツモトキヨシホールディングス」という。）の株式につき、同年６月２２日午前１１時９分４６秒から同日午前１１時１３分４１秒までの間、前記同様の方法により、同株式合計７８００株の売付けの委託を行う一方、同株式合計６０００株を買い付けるなどし、 もって、自己の計算において、大豊建設、ＪＵＫＩ、東洋エンジニアリング、極東貿易及びマツモトキヨシホールディングス各株式の売買が繁盛であると誤解させ、かつ、上記各株式の相場を変動させるべき一連の売買及び委託をしたものである。 違反行為事実の概要については、 別図 のとおり。 課徴金納付命令対象者が行った上記の行為は、金融商品取引法第１７４条の２第１項に規定する「第１５９条第２項第１号の規定に違反する一連の有価証券売買等」及び「その委託等」に該当すると認められる。 ３．課徴金の額の計算 上記の違法行為に対し金融商品取引法に基づき納付を命じられる課徴金の額は、合計１２１万円である。 計算方法の詳細については、 別紙 のとおり。 （別表） ○ 違反行為状況 （クリックすると拡大されます） （クリックすると拡大されます） （クリックすると拡大されます） （クリックすると拡大されます） （クリックすると拡大されます） （別図） ○ 違反行為事実の概要について （クリックすると拡大されます） （別紙） ○ 課徴金の額の計算方法について １．金融商品取引法第１７４条の２第１項に基づき、課徴金の額は、 (1) 売買対当数量 （注１） に係るものについて、 （有価証券の売付価額）－（有価証券の買付価額） と、 (2) 当該違反行為に係る有価証券の売付数量が買付数量を超える場合の、当該超える数量に係るものについて、 （有価証券の売付価額）－（当該違反行為が終了してから１月を経過するまでの間の当該有価証券の最低価格×当該超える数量） または、 当該違反行為に係る有価証券の買付数量が売付数量を超える場合の、当該超える数量に係るものについて、 （当該違反行為が終了してから１月を経過するまでの間の当該有価証券の最高価格×当該超える数量）－（有価証券の買付価額） との合計額として計算される。 （注１）売買対当数量：当該違反行為に係る有価証券の売付数量と買付数量のうち、いずれか少ない数量をいう。 ２．課徴金納付命令対象者の各違反行為について、本件における課徴金の額は、下記(1)ないし(7)によりそれぞれ算定される額の合計　1,210,000円 (1) 大豊建設株式（ 別表の１.ア. ）に係る課徴金の額は、下記ア.及びイ.によりそれぞれ算定される額の合計840,000円 ⇒課徴金の額は、 ８４万円 ア．当該違反行為に係る売買対当数量は、 (ｉ)当該違反行為に係る有価証券の売付数量は、金融商品取引法第１７４条の２第７項及び同法施行令第３３条の１２第１号により、違反行為の開始時にその時における価格（637円）で売付けをしたものとみなされる当該違反行為の開始時に有価証券を有しないで売付けをしている当該有価証券の数量20,000株であり、 (ii)当該違反行為に係る有価証券の買付数量は、0株である ことから、0株となる。 よって、当該売買対当数量に係るものについては、0円 イ．上記ア．のとおり、当該違反行為に係る有価証券の売付数量が、買付数量を超えることから、当該超える数量20,000株（20,000株－0株）について、当該超える数量に係る有価証券の売付価額から、当該違反行為が終了してから１月を経過するまでの間の当該有価証券の最低価格（595円）に当該超える数量を乗じて得た額を控除した額 売付価額12,740,000円 （注２） －11,900,000円（595円×20,000株） ＝840,000円 （注２）売付価額は、「637円×20,000株」の額である。 (2) 大豊建設株式（ 別表の１.イ. ）に係る課徴金の額は、下記ア.及びイ.によりそれぞれ算定される額の合計30,000円 ⇒課徴金の額は、 ３万円 ア．当該違反行為に係る売買対当数量は、 (ｉ)当該違反行為に係る有価証券の売付数量は、金融商品取引法第１７４条の２第７項及び同法施行令第３３条の１２第１号により、違反行為の開始時にその時における価格（624円）で売付けをしたものとみなされる当該違反行為の開始時に有価証券を有しないで売付けをしている当該有価証券の数量38,000株であり、 (ii)当該違反行為に係る有価証券の買付数量は、38,000株である ことから、38,000株となる。 当該売買対当数量に係るものについて、 売付価額23,712,000円 （注３） － 買付価額23,682,000円 （注４） ＝30,000円 （注３）売付価額は、「624円×38,000株」の額である。 （注４）買付価額は、「623円×30,000株＋624円×8,000株」の額である。 イ．上記ア.のとおり、当該違反行為に係る有価証券の売付数量と買付数量が同じであり、当該超える数量は0株となることから0円 (3) ＪＵＫＩ株式（ 別表の２. ）に係る課徴金の額は、下記ア.及びイ.によりそれぞれ算定される額の合計30,000円 ⇒課徴金の額は、 ３万円 ア．当該違反行為に係る売買対当数量は、 (ｉ)当該違反行為に係る有価証券の売付数量は、金融商品取引法第１７４条の２第７項及び同法施行令第３３条の１２第１号により、違反行為の開始時にその時における価格（379円）で売付けをしたものとみなされる当該違反行為の開始時に有価証券を有しないで売付けをしている当該有価証券の数量40,000株であり、 (ii)当該違反行為に係る有価証券の買付数量は、40,000株である ことから、40,000株となる。 当該売買対当数量に係るものについて、 売付価額15,160,000円 （注５） － 買付価額15,130,000円 （注６） ＝30,000円 （注５）売付価額は、「379円×40,000株」の額である。 （注６）買付価額は、「378円×30,000株＋379円×10,000株」の額である。 イ．上記ア.のとおり、当該違反行為に係る有価証券の売付数量と買付数量が同じであり、当該超える数量は0株となることから0円 (4) 東洋エンジニアリング株式（ 別表の３.ア. ）に係る課徴金の額は、下記ア.及びイ.によりそれぞれ算定される額の合計80,000円 ⇒課徴金の額は、 ８万円 ア．当該違反行為に係る売買対当数量は、 (ｉ)当該違反行為に係る有価証券の売付数量は、金融商品取引法第１７４条の２第７項及び同法施行令第３３条の１２第１号により、違反行為の開始時にその時における価格（336円）で売付けをしたものとみなされる当該違反行為の開始時に有価証券を有しないで売付けをしている当該有価証券の数量40,000株であり、 (ii)当該違反行為に係る有価証券の買付数量は、40,000株である ことから、40,000株となる。 当該売買対当数量に係るものについて、 売付価額13,440,000円 （注７） － 買付価額13,360,000円 （注８） ＝80,000円 （注７）売付価額は、「336円×40,000株」の額である。 （注８）買付価額は、「334円×40,000株」の額である。 イ．上記ア.のとおり、当該違反行為に係る有価証券の売付数量と買付数量が同じであり、当該超える数量は0株となることから0円 (5) 東洋エンジニアリング株式（ 別表の３.イ. ）に係る課徴金の額は、下記ア.及びイ.によりそれぞれ算定される額の合計68,000円 ⇒課徴金の額は、 ６万円 ア．当該違反行為に係る売買対当数量は、 (ｉ)当該違反行為に係る有価証券の売付数量は、金融商品取引法第１７４条の２第７項及び同法施行令第３３条の１２第１号により、違反行為の開始時にその時における価格（320円）で売付けをしたものとみなされる当該違反行為の開始時に有価証券を有しないで売付けをしている当該有価証券の数量68,000株であり、 (ii)当該違反行為に係る有価証券の買付数量は、68,000株である ことから、68,000株となる。 当該売買対当数量に係るものについて、 売付価額21,760,000円 （注９） － 買付価額21,692,000円 （注10） ＝68,000円 （注９）売付価額は、「320円×68,000株」の額である。 （注10）買付価額は、「319円×68,000株」の額である。 イ．上記ア.のとおり、当該違反行為に係る有価証券の売付数量と買付数量が同じであり、当該超える数量は0株となることから0円 (6) 極東貿易株式（ 別表の４. ）に係る課徴金の額は、下記ア.及びイ.によりそれぞれ算定される額の合計110,000円 ⇒課徴金の額は、 １１万円 ア．当該違反行為に係る売買対当数量は、 (ｉ)当該違反行為に係る有価証券の売付数量は、実際の売付け等の数量12,000株に金融商品取引法第１７４条の２第７項及び同法施行令第３３条の１２第１号により、違反行為の開始時にその時における価格（350円）で売付けをしたものとみなされる当該違反行為の開始時に有価証券を有しないで売付けをしている当該有価証券の数量30,000株を加えた42,000株であり、 (ii)当該違反行為に係る有価証券の買付数量は、42,000株である ことから、42,000株となる。 当該売買対当数量に係るものについて、 売付価額14,664,000円 （注11） － 買付価額14,554,000円 （注12） ＝110,000円 （注11）売付価額は、「347円×12,000株＋350円×30,000株」の額である。 （注12）買付価額は、「346円×20,000株＋347円×22,000株」の額である。 イ．上記ア.のとおり、当該違反行為に係る有価証券の売付数量と買付数量が同じであり、当該超える数量は0株となることから0円 (7) マツモトキヨシホールディングス株式（ 別表の５. ）に係る課徴金の額は、下記ア.及びイ.によりそれぞれ算定される額の合計60,000円 ⇒課徴金の額は、 ６万円 ア．当該違反行為に係る売買対当数量は、 (ｉ)当該違反行為に係る有価証券の売付数量は、金融商品取引法第１７４条の２第７項及び同法施行令第３３条の１２第１号により、違反行為の開始時にその時における価格（5,260円）で売付けをしたものとみなされる当該違反行為の開始時に有価証券を有しないで売付けをしている当該有価証券の数量6,000株であり、 (ii)当該違反行為に係る有価証券の買付数量は、6,000株である ことから、6,000株となる。 当該売買対当数量に係るものについて、 売付価額31,560,000円 （注13） － 買付価額31,500,000円 （注14） ＝60,000円 （注13）売付価額は、「5,260円×6,000株」の額である。 （注14）買付価額は、「5,250円×6,000株」の額である。 イ．上記ア.のとおり、当該違反行為に係る有価証券の売付数量と買付数量が同じであり、当該超える数量は0株となることから0円"
2016-05-24,合同会社ＩＳＣ,,合同会社ＩＳＣに対する検査結果について（平成28年5月24日）,https://www.fsa.go.jp/sesc/news/c_2016/2016/20160524-3.html,English version 平成28年５月24日 証券取引等監視委員会 合同会社ＩＳＣに対する検査結果について 近畿財務局長が上記適格機関投資家等特例業務届出者を検査した結果、問題が認められた（詳細は、近畿財務局ウェブサイトを参照してください。）。 「合同会社ＩＳＣに対する検査結果について」（近畿財務局ウェブサイト）
2016-05-24,ペトログラードインベストメント合同会社,,ペトログラードインベストメント合同会社に対する検査結果について（平成28年5月24日）,https://www.fsa.go.jp/sesc/news/c_2016/2016/20160524-4.html,English version 平成28年５月24日 証券取引等監視委員会 ペトログラードインベストメント合同会社に対する検査結果について 近畿財務局長が上記適格機関投資家等特例業務届出者を検査した結果、問題が認められた（詳細は、近畿財務局ウェブサイトを参照してください。）。 「ペトログラードインベストメント合同会社に対する検査結果について」（近畿財務局ウェブサイト）
2016-05-17,トップゲイン株式会社,,トップゲイン株式会社に対する検査結果に基づく勧告について（平成28年5月17日）,https://www.fsa.go.jp/sesc/news/c_2016/2016/20160517-1.html,English version 平成28年５月17日 証券取引等監視委員会 トップゲイン株式会社に対する検査結果に基づく勧告について １．勧告の内容 関東財務局長がトップゲイン株式会社（東京都中央区、法人番号1010001124688、資本金1000万円、常勤役職員１名、第二種金融商品取引業、適格機関投資家等特例業務）を検査した結果、下記のとおり、当該金融商品取引業者に係る問題が認められたので、本日、証券取引等監視委員会は、内閣総理大臣及び金融庁長官に対して、金融庁設置法第20条第１項に基づき、行政処分を行うよう勧告した。 ２．事実関係 トップゲイン株式会社（以下「当社」という。）は、適格機関投資家等特例業務（以下「特例業務」という。）として、自らを無限責任組合員とするトップマスター投資事業有限責任組合（以下「トップLPS」という。）を組成し、他の特例業務の届出者（以下「届出業者」という。）が運用する匿名組合又は投資事業有限責任組合（以下「ファンド」という。）に適格機関投資家として出資（以下「適格機関投資家出資」という。）して運用を行っているとしている。なお、第二種金融商品取引業は行っていない。 今回検査において、当社の業務運営の状況を検証したところ、以下の問題が認められた。 （１）適格機関投資家出資の外観を仮装し、違法行為に積極的に加担した状況 当社は、トップLPSについて、届出業者14者が運用する15本のファンドに適格機関投資家出資したとしているところ、このうち少なくとも届出業者である株式会社ファインドエッジ（大阪市北区）及び株式会社ファーストレード（東京都渋谷区）がそれぞれ運用する２本のファンドについて、出資金相当額を当該届出業者２者が負担するとともに、トップLPSの名義の使用に係る対価として当該届出業者２者が一定の金銭を支払うことを条件として出資を行ったものであり、実際に当社が出資した実態がなく、トップLPSからの適格機関投資家出資がなされているかのような外観を仮装したものに過ぎない。したがって、当該出資については、適格機関投資家出資とは到底評価し得ないものである。 このような中、株式会社ファインドエッジによるファンドに係る取得勧誘は、特例業務の要件を満たさず、金融商品取引法（以下「金商法」という。）第28条第２項に規定する「第二種金融商品取引業」に該当するものであり、金商法第29条の登録を受けることなく、当該行為を行うことは、同条に違反しているものと認められている。 そして、当社は、上記のとおり適格機関投資家出資の外観を仮装することにより、上記法令違反行為に積極的に加担していたものである。 また、上記届出業者２者においては、違法又は不当な行為による投資者被害等の問題が認められており（別紙参照）、当社の行為は、当該届出業者２者による違法又は不当な行為を助長し、投資者被害をもたらす事態等を招いたものと認められる。 当社が特例業務において適格機関投資家出資を上記のように行っている状況は、金商法第51条に規定する「業務の運営に関し、公益又は投資者保護のため必要かつ適当と認めるとき」に該当するものと認められる。 （２）金融商品取引業を適確に遂行するに足りる人的構成が確保されていない状況 当社は、第二種金融商品取引業を行うに当たり当該業務に関する十分な知識及び経験を有する役員又は使用人を確保していなければならないところ、一人で業務を行っているA代表取締役は、法令等遵守意識や投資者保護意識が著しく欠如しており、上記（１）の状況や、関東財務局からの連絡に一切応じない状況等が認められている。 当社は、金商法第29条の４第１項第１号ホに規定する「金融商品取引業を適確に遂行するに足りる人的構成を有しない者」に該当し、このような当社の状況は、同法第52条第１項第１号に該当するものと認められる。 （別紙） 当社が適格機関投資家出資を行ったファンドの届出業者のうち問題が認められたもの １．金融庁の「問題があると認められた届出業者リスト」に掲載されている業者 届出業者名 管轄財務局等 届出日 備考 株式会社ファインドエッジ 近畿財務局 H23.2.3 ※警告書（無登録）を発出しました。 ※警告書（投資者保護上問題あり）を発出しました。 株式会社ファーストレード 関東財務局 H23.9.13 ※報告命令に応じません。 ※連絡がとれません。 （金融庁「問題があると認められた届出業者リスト」（平成28年３月末現在）より抜粋） ２．財務局の検査により、違法又は不当な行為が認められた業者 株式会社ファインドエッジ（平成27年12月14日公表） ※上記届出業者のファンドで当社が出資を行っていたものに出資を行っていた適格機関投資家は、当社組成のトップLPSのみである。 （参考条文） ○金融商品取引法（昭和23年法律第25号）（抄） （登録） 第二十九条金融商品取引業は、内閣総理大臣の登録を受けた者でなければ、行うことができない。 （登録の拒否） 第二十九条の四内閣総理大臣は、登録申請者が次の各号のいずれかに該当するとき、又は登録申請書若しくはこれに添付すべき書類若しくは電磁的記録のうちに虚偽の記載若しくは記録があり、若しくは重要な事実の記載若しくは記録が欠けているときは、その登録を拒否しなければならない。 一次のいずれかに該当する者 イ～ニ（略） ホ金融商品取引業を適確に遂行するに足りる人的構成を有しない者 （以下、略） （金融商品取引業者に対する業務改善命令） 第五十一条内閣総理大臣は、金融商品取引業者の業務の運営又は財産の状況に関し、公益又は投資者保護のため必要かつ適当であると認めるときは、その必要の限度において、当該金融商品取引業者に対し、業務の方法の変更その他業務の運営又は財産の状況の改善に必要な措置をとるべきことを命ずることができる。 （金融商品取引業者に対する監督上の処分） 第五十二条内閣総理大臣は、金融商品取引業者が次の各号のいずれかに該当する場合においては、当該金融商品取引業者の第二十九条の登録を取り消し、第三十条第一項の認可を取り消し、又は六月以内の期間を定めて業務の全部若しくは一部の停止を命ずることができる。 一第二十九条の四第一項第一号、第二号又は第三号に該当することとなつたとき。 （以下、略）
2016-05-24,フリービット株式会社,3843,フリービット株式会社との契約締結交渉者及び同人からの情報受領者による内部者取引に対する課徴金納付命令の勧告について（平成28年5月24日）,https://www.fsa.go.jp/sesc/news/c_2016/2016/20160524-1.html,"English version 平成２８年５月２４日 証券取引等監視委員会 フリービット株式会社との契約締結交渉者及び同人からの情報受領者による内部者取引に対する課徴金納付命令の勧告について １．勧告の内容 証券取引等監視委員会は、フリービット株式会社との契約締結交渉者及び同人からの情報受領者による内部者取引について検査した結果、下記のとおり法令違反の事実が認められたので、本日、内閣総理大臣及び金融庁長官に対して、金融庁設置法第２０条第１項の規定に基づき、課徴金納付命令を発出するよう勧告を行った。 ２．法令違反の事実関係 課徴金納付命令対象者（１）は、フリービット株式会社（以下「ＦＢ」という。）と課徴金納付命令対象者（１）との間で行っていた、同社のモバイル事業への課徴金納付命令対象者（１）等の参画を内容とするマーケティングコンサルティング業務委託契約、雇用契約及び新株予約権割当契約締結の交渉に関し、ＦＢの業務執行を決定する機関がカルチュア・コンビニエンス・クラブ株式会社及びＣＣＣモバイル株式会社（平成２７年１２月１１日商号変更によりＣＣＣモバイルホールディングス株式会社。）と業務上の提携を行うことについての決定をした旨の重要事実を知りながら、上記重要事実の公表がされた平成２７年２月１８日より前の同年１月２８日、自己の計算において、ＦＢ株式合計５０００株を買付価額合計４９０万円で買い付けたものである。 課徴金納付命令対象者（２）は、課徴金納付命令対象者（１）から、ＦＢと課徴金納付命令対象者（１）との間で行っていた、ＦＢのモバイル事業への課徴金納付命令対象者（１）等の参画を内容とするマーケティングコンサルティング業務委託契約、雇用契約及び新株予約権割当契約締結の交渉に関し、課徴金納付命令対象者（１）が知ったＦＢの業務執行を決定する機関がカルチュア・コンビニエンス・クラブ株式会社及びＣＣＣモバイル株式会社と業務上の提携を行うことについての決定をした旨の重要事実の伝達を受けながら、上記重要事実の公表がされた平成２７年２月１８日より前の同年１月２９日及び同月３０日、自己の計算において、ＦＢ株式合計１万株を買付価額合計１０００万円で買い付けたものである。 違反行為事実の概要については、 別図 のとおり。 課徴金納付命令対象者（１）及び（２）が行った上記の行為は、金融商品取引法第１７５条第１項に規定する「第１６６条第１項又は第３項の規定に違反して、同条第１項に規定する売買等をした」行為に該当すると認められる。 ３．課徴金の額の計算 上記の違法行為に対し、金融商品取引法に基づき納付を命じられる課徴金の額は、下記のとおりである。 課徴金納付命令対象者（１）１９８万円 課徴金納付命令対象者（２）３７７万円 計算方法の詳細については、 別紙 のとおり。 （別図） ○ 違反行為事実の概要について （クリックすると拡大されます） （別紙） ○ 課徴金の額の計算方法について １．課徴金納付命令対象者(１) 金融商品取引法第１７５条第１項に基づき、課徴金の額は、 （重要事実が公表された後２週間における最も高い価格）×（買付株数） －（買付価格）×（買付株数） となる。 したがって、重要事実の公表後２週間におけるフリービットの最も高い株価は、１，３７７円であることから、課徴金の額は下記の金額となる。 （１，３７７円×５，０００株） － 買付価額４，９００，０００円 （注１） ＝１，９８５，０００円 ⇒課徴金の額は１万円未満を切り捨てるため、 １９８万円 （注１）買付価額は、「980円×5,000株」の額である。 ２．課徴金納付命令対象者(２) 金融商品取引法第１７５条第１項に基づき、課徴金の額は、 （重要事実が公表された後２週間における最も高い価格）×（買付株数） －（買付価格）×（買付株数） となる。 したがって、重要事実の公表後２週間におけるフリービットの最も高い株価は、１，３７７円であることから、課徴金の額は下記の金額となる。 （１，３７７円×１０，０００株） － 買付価額１０，０００，０００円 （注２） ＝３，７７０，０００円 ⇒課徴金の額は、 ３７７万円 （注２）買付価額は、「1,000円×10,000株」の額である。"
2016-05-20,リペアハウス株式会社,,リペアハウス株式会社及びその役員１名の金融商品取引法違反行為に係る裁判所への申立てについて（平成28年5月20日）,https://www.fsa.go.jp/sesc/news/c_2016/2016/20160520-1.html,English version 平成２８年５月２０日 証券取引等監視委員会 リペアハウス株式会社及びその役員１名の金融商品取引法違反行為に係る裁判所への申立てについて １．申立ての内容等 証券取引等監視委員会が、リペアハウス株式会社（東京都台東区、法人番号4300001008735、資本金３００万円、金融商品取引業の登録等はない。以下「当社」という。）に対して金融商品取引法（以下「金商法」という。）第１８７条第１項に基づく調査を行った結果、下記２．の事実が認められたことから、本日、証券取引等監視委員会は、金商法第１９２条第１項に基づき、東京地方裁判所に対し、当社及び当社の代表取締役A（以下、当社と併せて「当社ら」という。）を被申立人として、金商法違反行為（無登録で、投資一任契約の締結の媒介及び同法２条２項５号又は６号に掲げる権利について、募集又は私募を業として行うこと）の禁止及び停止を命ずるよう申立てを行った。 なお、本申立ては、今後契約の解約等を希望する既存投資家に対し、当社において契約の解約等に必要な手続き（返金手続きを含む。）を行うことの禁止及び停止を求めるものではない。 ２．事実関係 当社らは、平成２６年１０月頃から、一般投資家に対して、以下の投資商品の勧誘活動を行っている。 ア一般投資家が、「WINOFEX REPAIR LIMITED」との名称の香港法人に口座を開設するとともに、当該口座における外国為替証拠金取引の運用について、同法人との間で投資一任契約を締結するとするもの イ一般投資家が、上記香港法人に「ラップ口座」を開設するとともに、当該口座における株式等での運用について、同法人との間で投資一任契約を締結するとするもの ウ当社が、一般投資家からの出資金を原資として、「フィリピンロトくじ」の購入及びその販売事業者への投資を行い、その当せん金及び当該販売事業者の売上げに応じた還元金を獲得し、これらを収益として、「ロトボーナス」等と称して一般投資家の出資口数に応じて利益を分配するとするもの 当社らは、上記各商品について、既に商品の申込みをした一般投資家（「会員」）が他の一般投資家を当社に紹介することにより勧誘活動を行っており、「会員」が他の一般投資家を当社に紹介し、当該他の一般投資家から当社に商品の申込みがされた場合、紹介した当該「会員」に「紹介ボーナス」等と称する金銭が当社から支払われる仕組みとしている。 また、当社らは、全国各地において、「会員」による紹介を通じて、一般投資家に対して、上記各商品内容の説明会を開催し、上記各商品内容の説明等を行い、勧誘活動を行っている。 なお、一般投資家からの入金の収納代行業務、「紹介ボーナス」等の支払業務等については、株式会社オンラインワークス（熊本県熊本市）に業務委託している。 その結果、当社らは、上記各商品について、合計約１万７００名の一般投資家から、合計約１１４億４６００万円の入金を受けている。 当社らの上記各行為のうち、上記ア及びイの商品に関するものは金商法第２８条第３項第２号に規定する「投資助言・代理業」に、上記ウの商品に関するものは同条第２項第２号に規定する「第二種金融商品取引業」にそれぞれ該当し、無登録でこれを行うことはいずれも同法第２９条に違反するものである。 当社らは、リペアホールディングス株式会社（東京都台東区、代表取締役A、金融商品取引業の登録等はない。）、一般財団法人フロンティアリノベーション機構（東京都台東区、代表理事A、金融商品取引業の登録等はない。）といった新たな法人を設立し、これら法人に当社の事業を移して事業を継続させることを計画しているが、当社は、遅くとも平成２７年５月頃には、一般投資家から集めた資金を「ロトボーナス」、「紹介ボーナス」等の支払いに充てなければ業務遂行が困難な状況にあったことに加え、一般投資家から集めた資金は、当社の経費、「会員」への「ロトボーナス」、「紹介ボーナス」等の支払いのため、既にそのほとんどが費消されている状況にある。そのため、当社らが、「会員」に対する支払い等を行いつつ、今後も事業継続をするためには、新たな一般投資家から出資金を募ることが不可欠な状況にある。 以上によれば、当社らは上記違法行為を今後も行う蓋然性が高く、これを可及的速やかに禁止・停止させる必要がある。 参考資料（PDF：505.9KB） （クリックすると拡大されます） 参考条文 ○投資助言・代理業及び第二種金融商品取引業 金融商品取引法(抄) （定義） 第二条 この法律において「有価証券」とは、次に掲げるものをいう。 一～二十一（略） ２ （前略）、 次に掲げる権利は、 証券又は証書に表示されるべき権利以外の権利であつても 有価証券とみなして、この法律の規定を適用する。 一～四（略） 五民法（中略）第六百六十七条第一項に規定する組合契約、商法（中略）第五百三十五条に規定する匿名組合契約、投資事業有限責任組合契約に関する法律（中略）第三条第一項に規定する投資事業有限責任組合契約又は有限責任事業組合契約に関する法律（中略）第三条第一項に規定する有限責任事業組合契約に基づく権利、社団法人の社員権その他の権利（外国の法令に基づくものを除く。）のうち、 当該権利を有する者（中略）が出資又は拠出をした金銭（中略）を充てて行う事業（以下この号において「出資対象事業」という。）から生ずる収益の配当又は当該出資対象事業に係る財産の分配を受けることができる権利であつて、次のいずれにも該当しないもの（略） イ～ニ（略） 六 外国の法令に基づく権利であつて、前号に掲げる権利に類するもの 七（略） ３～７ （略） ８ この法律において 「金融商品取引業」とは、次に掲げる行為（略）のいずれかを業として行うことをいう 。 一～六（略） 七有価証券（次に掲げるものに限る。）の募集又は私募 イ～ホ（略） へ第二項の規定により有価証券とみなされる 同項第五号又は第六号に掲げる権利 ト（略） 八～十二（略） 十三投資顧問契約又は 投資一任契約の締結の 代理又は 媒介 十四～十八（略） ９～39 （略） 第二十八条 （略） ２ この章において 「第二種金融商品取引業」とは、金融商品取引業のうち、次に掲げる行為のいずれかを業として行うことをいう 。 一 第二条第八項第七号に掲げる行為 二～四（略） ３ この章において 「投資助言・代理業」とは、金融商品取引業のうち、次に掲げる行為のいずれかを業として行うことをいう 。 一（略） 二 第二条第八項第十三号に掲げる行為 ４～８ （略） （登録） 第二十九条 金融商品取引業は、内閣総理大臣の登録を受けた者でなければ、行うことができない。 ○緊急差止命令に係る申立て 金融商品取引法(抄) （審問等に関する調査のための処分） 第百八十七条 内閣総理大臣又は内閣総理大臣及び財務大臣は、この法律の規定による審問、この法律の規定による処分に係る聴聞又は 第百九十二条の規定による申立てについて、必要な調査をするため、当該職員に、次に掲げる処分をさせることができる 。 一関係人若しくは参考人に出頭を命じて意見を聴取し、又はこれらの者から意見書若しくは報告書を提出させること。 二鑑定人に出頭を命じて鑑定させること。 三関係人に対し帳簿書類その他の物件の提出を命じ、又は提出物件を留めて置くこと。 四関係人の業務若しくは財産の状況又は帳簿書類その他の物件を検査すること。 ２ （略） （裁判所の禁止又は停止命令） 第百九十二条 裁判所は、次の各号のいずれかに該当すると認めるときは、内閣総理大臣又は内閣総理大臣及び財務大臣の申立てにより、当該各号に定める行為を行い、又は行おうとする者に対し、その行為の禁止又は停止を命ずることができる。 一緊急の必要があり、かつ、公益及び投資者保護のため必要かつ適当であるとき　この法律又はこの法律に基づく命令に違反する行為 二第二条第二項第五号若しくは第六号に掲げる権利又は同項第七号に掲げる権利（同項第五号又は第六号に掲げる権利と同様の経済的性質を有するものとして政令で定める権利に限る。）に関し出資され、又は拠出された金銭（これに類するものとして政令で定めるものを含む。）を充てて行われる事業に係る業務執行が著しく適正を欠き、かつ、現に投資者の利益が著しく害されており、又は害されることが明白である場合において、投資者の損害の拡大を防止する緊急の必要があるとき　これらの権利に係る同条第八項第七号から第九号までに掲げる行為 ２～４ （略） 第百九十八条 次の各号のいずれかに該当する者は、三年以下の懲役若しくは三百万円以下の罰金に処し、又はこれを併科する。 一～七（略） 八第百九十二条第一項又は第二項の規定による裁判所の命令に違反した者 第二百七条 法人（中略）の代表者又は法人若しくは人の代理人、使用人その他の従業者が、その法人又は人の業務又は財産に関し、次の各号に掲げる規定の違反行為をしたときは、その行為者を罰するほか、その法人に対して当該各号に定める罰金刑を、その人に対して各本条の罰金刑を科する。 一二（略） 三第百九十八条（中略）又は第百九十八条の三から第百九十八条の五まで　三億円以下の罰金刑 四～六（略） ２・３ （略）
2016-05-17,志夢合同会社,,志夢合同会社に対する検査結果について（平成28年5月17日）,https://www.fsa.go.jp/sesc/news/c_2016/2016/20160517-3.html,English version 平成28年５月17日 証券取引等監視委員会 志夢合同会社に対する検査結果について 関東財務局長が上記適格機関投資家等特例業務届出者を検査した結果、問題が認められた（詳細は、関東財務局ウェブサイトを参照してください。）。 「志夢合同会社に対する検査結果について」（関東財務局ウェブサイト）
2016-04-22,オーシャン・ブルー合同会社,,オーシャン・ブルー合同会社に対する検査結果について（平成28年4月22日）,https://www.fsa.go.jp/sesc/news/c_2016/2016/20160422-2.html,English version 平成28年４月22日 証券取引等監視委員会 オーシャン・ブルー合同会社に対する検査結果について １．検査結果 証券取引等監視委員会がオーシャン・ブルー合同会社（所在地　東京都中央区、法人番号4021003002770、資本金10万円、役職員１名、適格機関投資家等特例業務届出者。金融商品取引業の登録はない。以下「当社」という。） （注） を検査した結果、下記のとおり、当該適格機関投資家等特例業務届出者に係る問題が認められたので、本日、証券取引等監視委員会は、金融庁長官に対して、適切な措置を講じるための情報提供を行った。 （注）当社の業務については、実態として、事務受託者としてAが業務全てを行っている。 ２．事実関係 当社は、平成23年８月に適格機関投資家等特例業務（以下「特例業務」という。）の届出を行い、特例業務として、その運用する青龍投資事業有限責任組合（以下「青龍ＬＰＳ」という。）について、他の特例業務届出者（以下「届出業者」という。）が運用している匿名組合又は投資事業有限責任組合（以下「ファンド」という。）に適格機関投資家として出資（以下「適格機関投資家出資」という。）を行っており、これまで届出業者11者が運用する13本のファンド（以下「本件出資先ファンド」という。）に出資を行っている。 そのような中、当社の業務運営状況等を検証したところ、以下の問題点が認められた。 なお、届出業者の特例業務については、適格機関投資家が出資を行って、自己のためにファンドに関与することで、ファンドの適正性がある程度確保されることも期待されたものと考えられている。 （１）適格機関投資家出資と評価し得ない出資 当社は、本件出資先ファンドのうち、届出業者10者が運用する12本のファンドについて、ファンド組成の支援を行うことなどを内容とする契約を締結することを求めているが、その際、当該届出業者に対し、当該届出業者が青龍ＬＰＳの出資額に相当する金銭（以下「出資相当額」という。）を負担するものとして、当該報酬に出資相当額を上乗せした金銭を受領し、又は出資相当額を含めた報酬を要求してこれを受領し、これを青龍ＬＰＳからの適格機関投資家出資として、当該ファンドに出資を行っていた。 したがって、当社が青龍ＬＰＳにより当該ファンドに行った上記出資は、実質的には、当社が負担することなく、当該届出業者の負担により行われた実態のないものと認められ、適格機関投資家出資であるとは到底評価し得ないものである。 上記のような当社の行為は、届出業者の特例業務について、適格機関投資家出資を要件とする金融商品取引法の趣旨をないがしろにし、届出業者に特例業務の要件を充足しないまま違法にファンド持分の取得勧誘や出資金の運用を行わせることとなり得るものと認められる。 そして、本件出資先ファンドを運用する他の届出業者の中には、投資者保護上重大な問題がある業務運営がなされ、投資者被害をもたらす事態等を招いたなどの問題が認められている（別紙参照）。 以上のとおり、当社の業務運営は、他の届出業者の違法又は不当な行為等を助長するものであり、投資者保護上、重大な問題がある。 （２）投資運用業に係る無登録営業 当社は特例業務として青龍ＬＰＳを運用しているが、青龍ＬＰＳに適格機関投資家として出資しているとされている投資事業有限責任組合は、当社とAのみが出資し、当社が運用しており、青龍ＬＰＳの運営者である当社との関係において、実質的に同一視できる関係であることから、金融商品取引法（以下「金商法」という。）第63条の「適格機関投資家」とは評価することができない。したがって、当社による青龍ＬＰＳに係る自己運用業務は、金商法第63条第１項第２号に規定する特例業務の上記要件を充足していない。 当社による上記の行為は、金商法第28条第４項に規定する「投資運用業」に該当し、当社が同法第29条に基づく登録を受けることなく、上記行為を行うことは、同条に違反するものと認められる。 （別紙） 当社が適格機関投資家として出資を行ったファンドの届出業者のうち問題が認められたもの １．金融庁の「問題があると認められた届出業者リスト」に掲載されている業者 届出業者名 管轄財務局等 届出日 備考 株式会社ワンプラスワン 関東財務局 H22.8.26 ※警告書（無登録）を発出しました。 ※警告書（投資者保護上問題あり）を発出しました。 ※実態のない会社への投資を持ちかけ現金を騙し取ることに深く関与したとして、前代表者に詐欺幇助の罪で有罪判決(実刑)が言い渡されています(平成26年4月11日）。 （金融庁「問題があると認められた届出業者リスト」（平成28年３月末日現在）より抜粋） ２．証券取引等監視委員会の検査により、違法又は不当な行為が認められた業者 株式会社ワンプラスワン（平成28年３月18日公表） 合同会社ＣＨＥＲＩＳＨ（平成28年４月22日公表） 参考資料（PDF：207.3KB） （参考条文） ○金融商品取引法（昭和23年法律第25号）(抄) （登録） 第二十九条金融商品取引業は、内閣総理大臣の登録を受けた者でなければ、行うことができない。 （適格機関投資家等特例業務）（平成27年法律第32号による改正前のもの） 第六十三条次の各号に掲げる行為については、第二十九条及び第三十三条の二の規定は、適用しない。 一（略） 二第二条第二項第五号又は第六号に掲げる権利（同一の出資対象事業（同項第五号に規定する出資対象事業をいう。）に係る当該権利を有する者が適格機関投資家等（前号イからハまでのいずれにも該当しないものに限る。）のみであるものに限る。）を有する適格機関投資家等から出資され、又は拠出された金銭（これに類するものとして政令で定めるものを含む。）の運用を行う同条第八項第十五号に掲げる行為 （以下、略）
2016-05-17,シュタイン・パートナーズ合同会社,,シュタイン・パートナーズ合同会社に対する検査結果について（平成28年5月17日）,https://www.fsa.go.jp/sesc/news/c_2016/2016/20160517-2.html,English version 平成28年５月17日 証券取引等監視委員会 シュタイン・パートナーズ合同会社に対する検査結果について 関東財務局長が上記適格機関投資家等特例業務届出者を検査した結果、問題が認められた（詳細は、関東財務局ウェブサイトを参照してください。）。 「シュタイン・パートナーズ合同会社に対する検査結果について」（関東財務局ウェブサイト）
2016-04-26,,,メドレックス株式外２銘柄に係る相場操縦に対する課徴金納付命令の勧告について（平成28年4月26日）,https://www.fsa.go.jp/sesc/news/c_2016/2016/20160426-1.html,"English version 平成２８年４月２６日 証券取引等監視委員会 メドレックス株式外２銘柄に係る相場操縦に対する課徴金納付命令の勧告について １．勧告の内容 証券取引等監視委員会は、メドレックス株式外２銘柄に係る相場操縦について検査した結果、下記のとおり法令違反の事実が認められたので、本日、内閣総理大臣及び金融庁長官に対して、金融庁設置法第２０条第１項の規定に基づき、課徴金納付命令を発出するよう勧告を行った。 ２．法令違反の事実関係 課徴金納付命令対象者は、株式の売買を誘引する目的をもって、 (1) 株式会社メドレックス（以下「メドレックス」という。）の株式につき、平成２７年１月２３日午後０時３２分頃から同月２７日午後１時２分頃までの間、３取引日において、直前の約定値より高指値の売り注文と買い注文を対当させて株価を引き上げたり、直前の約定値より高指値の買い注文を連続して発注して株価を引き上げるなどの方法により、同株式合計１８万５０００株を買い付ける一方、同株式合計１５万６１００株を売り付け、 (2) 株式会社フィックスターズ（以下「フィックスターズ」という。）の株式につき、平成２７年１月２３日午前９時１分頃から同月２７日午後０時４０分頃までの間、３取引日において、前記同様の方法により、同株式合計７万２０００株を買い付ける一方、同株式合計８万２００株を売り付け、 (3) アキュセラ・インク（以下「アキュセラ」という。）の株式につき、平成２７年１月２３日午後１時９分頃から同月２６日午前１０時３分頃までの間、２取引日において、前記同様の方法により、同株式合計２万４６００株を買い付ける一方、同株式合計１万８２００株を売り付け、 もって、自己の計算において、メドレックス、フィックスターズ及びアキュセラの各株式の売買が繁盛であると誤解させ、かつ、上記各株式の相場を変動させるべき一連の売買をしたものである。 違反行為事実の概要については、 別図 のとおり。 課徴金納付命令対象者が行った上記の行為は、金融商品取引法第１７４条の２第１項に規定する「第１５９条第２項第１号の規定に違反する一連の有価証券売買等」に該当すると認められる。 ３．課徴金の額の計算 上記の違法行為に対し金融商品取引法に基づき納付を命じられる課徴金の額は、１９６５万円である。 計算方法の詳細については、 別紙 のとおり。 （別図） ○ 違反行為事実の概要について （クリックすると拡大されます） （別紙） ○ 課徴金の額の計算方法について １．金融商品取引法第１７４条の２第１項に基づき、課徴金の額は、 (1) 売買対当数量 （注１） に係るものについて、 （有価証券の売付価額）－（有価証券の買付価額） と、 (2) 当該違反行為に係る有価証券の売付数量が買付数量を超える場合の、当該超える数量に係るものについて、 （有価証券の売付価額）－（当該違反行為が終了してから１月を経過するまでの間の当該有価証券の最低価格×当該超える数量） または、 当該違反行為に係る有価証券の買付数量が売付数量を超える場合の、当該超える数量に係るものについて、 （当該違反行為が終了してから１月を経過するまでの間の当該有価証券の最高価格×当該超える数量）－（有価証券の買付価額） との合計額として計算される。 （注１）売買対当数量：当該違反行為に係る有価証券の売付数量と買付数量のうち、いずれか少ない数量をいう。 ２．課徴金納付命令対象者の各違反行為について、本件における課徴金の額は、下記(1)ないし(3)によりそれぞれ算定される額の合計　19,650,000円 (1) メドレックスに係る課徴金の額は、下記ア.及びイ.によりそれぞれ算定される額の合計7,988,000円 ⇒課徴金の額は１万円未満を切り捨てるため、 ７９８万円 ア．当該違反行為に係る売買対当数量は、 (ｉ)当該違反行為に係る有価証券の売付数量は、156,100株であり、 (ii)当該違反行為に係る有価証券の買付数量は、実際の買付け等の数量185,000株に、金融商品取引法第１７４条の２第８項及び同法施行令第３３条の１３第１号により、違反行為の開始時にその時の価格（854円）で買付けをしたものとみなされる当該違反行為の開始時に所有している当該有価証券の数量50,800株を加えた235,800株である ことから、156,100株となる。 当該売買対当数量に係るものについて、 売付価額147,955,600円 （注２） － 買付価額139,967,600円 （注３） ＝7,988,000円 （注２）売付価額は、 「853円×100株＋859円×300株＋860円×100株＋861円×300株＋862円×100株＋863円×700株＋864円×600株＋866円×1,800株＋867円×600株＋868円×800株＋869円×200株＋873円×100株＋874円×1,100株＋876円×1,000株＋879円×400株＋889円×100株＋899円×800株＋901円×100株＋903円×1,500株＋908円×2,800株＋909円×3,000株＋912円×1,800株＋915円×3,200株＋917円×1,800株＋918円×2,000株＋919円×5,000株＋923円×800株＋924円×300株＋925円×1,500株＋926円×5,100株＋927円×2,000株＋928円×6,900株＋929円×3,100株＋930円×200株＋931円×1,000株＋932円×1,900株＋933円×300株＋934円×3,600株＋937円×500株＋938円×2,300株＋939円×200株＋940円×900株＋941円×3,500株＋942円×300株＋943円×2,100株＋944円×1,700株＋945円×1,000株＋946円×2,500株＋947円×1,200株＋948円×2,700株＋949円×4,600株＋950円×5,400株＋951円×1,100株＋952円×2,000株＋953円×3,600株＋954円×500株＋955円×2,300株＋956円×2,200株＋957円×300株＋958円×300株＋959円×3,000株＋960円×700株＋961円×100株＋962円×5,200株＋963円×1,300株＋964円×500株＋965円×3,200株＋966円×200株＋967円×700株＋969円×6,200株＋975円×6,000株＋976円×1,200株＋979円×400株＋980円×500株＋982円×400株＋983円×100株＋984円×1,100株＋987円×1,700株＋988円×1,300株＋989円×2,300株＋990円×2,200株＋991円×800株＋992円×200株＋993円×200株＋996円×2,900株＋997円×3,600株＋998円×200株＋999円×5,500株＋1,000円×3,600株＋1,001円×100株＋1,004円×1,000株＋1,007円×700株＋1,008円×800株」 の額である。 （注３）買付価額は、 「854円×50,900株＋855円×400株＋859円×700株＋860円×300株＋861円×400株＋862円×600株＋863円×1,000株＋864円×1,300株＋865円×1,700株＋866円×1,800株＋867円×1,900株＋868円×100株＋869円×200株＋874円×1,000株＋875円×400株＋876円×300株＋877円×200株＋878円×200株＋879円×800株＋880円×3,500株＋881円×100株＋884円×100株＋885円×400株＋886円×600株＋889円×200株＋890円×1,800株＋893円×100株＋894円×600株＋895円×1,000株＋896円×100株＋897円×600株＋898円×200株＋899円×1,200株＋900円×400株＋901円×300株＋902円×400株＋903円×1,300株＋904円×200株＋905円×800株＋906円×400株＋907円×600株＋908円×3,600株＋909円×3,200株＋910円×200株＋911円×100株＋912円×1,700株＋913円×400株＋915円×3,100株＋916円×300株＋917円×1,700株＋918円×2,800株＋919円×4,900株＋923円×800株＋924円×300株＋925円×2,400株＋926円×4,800株＋927円×2,700株＋928円×6,500株＋929円×2,900株＋931円×100株＋932円×1,900株＋933円×800株＋934円×3,700株＋935円×300株＋936円×100株＋937円×800株＋938円×2,800株＋939円×500株＋940円×900株＋941円×1,700株＋942円×700株＋943円×1,300株＋944円×2,600株＋945円×2,600株＋946円×2,600株＋947円×1,100株＋948円×2,400株＋949円×1,300株＋950円×700株＋952円×500株＋954円×300株＋955円×2,800株＋956円×2,100株」 の額である。 （注４）買付価額の算定においては、金融商品取引法施行令第３３条の１４第５項の規定により、当該違反行為に係る有価証券の買付けのうち最も早い時期に行われたものから順次当該売買対当数量に達するまで割り当てることとなる。 本件においては、違反行為の開始時点において所有しており、金融商品取引法第１７４条の２第８項及び同法施行令第３３条の１３第１号の規定により、違反行為の開始時点にその時における価格（854円）で買い付けたものとみなされるもの（みなし買付け）から割り当てられることとなる。 イ．上記ア.のとおり、当該違反行為に係る有価証券の買付数量が、売付数量を超えることから、 当該超える数量79,700株（235,800株－156,100株）について、 当該違反行為が終了してから１月を経過するまでの間の当該有価証券の最高価格（974円）に当該超える数量を乗じて得た額 77,627,800円（974円×79,700株）－ 買付価額77,711,900円 （注５） ＝▲84,100円となることから、0円 （注６） （注５）買付価額は、 「947円×100株＋948円×200株＋949円×3,700株＋950円×8,200株＋951円×600株＋952円×800株＋953円×3,100株＋954円×400株＋958円×500株＋959円×3,100株＋960円×1,500株＋961円×1,000株＋962円×4,600株＋963円×1,100株＋964円×600株＋965円×500株＋966円×200株＋967円×900株＋968円×400株＋969円×6,200株＋970円×300株＋973円×100株＋974円×500株＋975円×6,000株＋976円×1,100株＋977円×500株＋979円×500株＋980円×200株＋982円×100株＋983円×600株＋984円×1,300株＋985円×100株＋986円×300株＋987円×2,100株＋988円×2,800株＋989円×500株＋990円×3,100株＋991円×900株＋992円×900株＋993円×1,000株＋994円×800株＋995円×500株＋996円×2,300株＋997円×3,000株＋998円×300株＋999円×5,400株＋1,000円×3,300株＋1,001円×500株＋1,002円×200株＋1,004円×1,100株＋1,007円×700株＋1,008円×1,000株」 の額である。 （注６）金融商品取引法第174条の２第１項第２号ロに基づき、当該額が０を下回る場合には、０とする。 (2) フィックスターズに係る課徴金の額は、下記ア.及びイ.によりそれぞれ算定される額の合計8,779,900円 ⇒課徴金の額は１万円未満を切り捨てるため、 ８７７万円 ア．当該違反行為に係る売買対当数量は、 (ｉ)当該違反行為に係る有価証券の売付数量は、80,200株であり、 (ii)当該違反行為に係る有価証券の買付数量は、実際の買付け等の数量72,000株に、金融商品取引法第１７４条の２第８項及び同法施行令第３３条の１３第１号により、違反行為の開始時にその時の価格（2,636円）で買付けをしたものとみなされる当該違反行為の開始時に所有している当該有価証券の数量31,500株を加えた103,500株である ことから、80,200株となる。 当該売買対当数量に係るものについて、 売付価額228,397,800円 （注７） － 買付価額220,858,700円 （注８） ＝7,539,100円 （注７）売付価額は、 「2,565円×200株＋2,570円×900株＋2,571円×400株＋2,577円×200株＋2,578円×300株＋2,579円×400株＋2,580円×1,100株＋2,581円×400株＋2,582円×200株＋2,583円×100株＋2,585円×700株＋2,586円×100株＋2,589円×300株＋2,590円×100株＋2,591円×100株＋2,592円×100株＋2,593円×100株＋2,598円×100株＋2,599円×100株＋2,600円×100株＋2,602円×100株＋2,603円×200株＋2,604円×100株＋2,611円×100株＋2,613円×100株＋2,614円×200株＋2,615円×100株＋2,616円×200株＋2,617円×200株＋2,618円×200株＋2,619円×300株＋2,620円×300株＋2,621円×100株＋2,622円×100株＋2,624円×200株＋2,625円×100株＋2,627円×300株＋2,629円×100株＋2,630円×400株＋2,631円×400株＋2,632円×200株＋2,633円×100株＋2,635円×100株＋2,636円×200株＋2,637円×200株＋2,638円×100株＋2,639円×100株＋2,642円×200株＋2,644円×100株＋2,645円×200株＋2,648円×300株＋2,649円×100株＋2,654円×300株＋2,659円×100株＋2,679円×100株＋2,680円×200株＋2,681円×200株＋2,682円×100株＋2,683円×300株＋2,684円×200株＋2,685円×400株＋2,687円×100株＋2,689円×100株＋2,701円×100株＋2,708円×100株＋2,710円×100株＋2,719円×100株＋2,722円×200株＋2,723円×500株＋2,724円×400株＋2,725円×200株＋2,726円×300株＋2,727円×100株＋2,728円×400株＋2,729円×300株＋2,730円×200株＋2,731円×200株＋2,733円×300株＋2,734円×400株＋2,735円×300株＋2,737円×200株＋2,738円×300株＋2,739円×100株＋2,741円×200株＋2,742円×300株＋2,743円×200株＋2,744円×400株＋2,745円×200株＋2,749円×100株＋2,750円×400株＋2,756円×700株＋2,760円×100株＋2,765円×100株＋2,767円×200株＋2,768円×900株＋2,769円×800株＋2,770円×600株＋2,771円×600株＋2,775円×200株＋2,776円×500株＋2,786円×400株＋2,788円×100株＋2,793円×300株＋2,794円×800株＋2,795円×800株＋2,796円×100株＋2,797円×1,400株＋2,798円×500株＋2,799円×400株＋2,801円×100株＋2,803円×400株＋2,804円×100株＋2,805円×1,200株＋2,806円×400株＋2,807円×200株＋2,808円×600株＋2,809円×700株＋2,810円×800株＋2,811円×500株＋2,813円×400株＋2,815円×500株＋2,816円×700株＋2,818円×300株＋2,819円×100株＋2,824円×2,200株＋2,826円×600株＋2,827円×200株＋2,828円×100株＋2,831円×100株＋2,837円×200株＋2,839円×500株＋2,842円×700株＋2,851円×700株＋2,852円×100株＋2,853円×100株＋2,856円×100株＋2,858円×700株＋2,869円×600株＋2,870円×100株＋2,874円×100株＋2,876円×100株＋2,880円×200株＋2,885円×100株＋2,888円×200株＋2,892円×100株＋2,900円×1,000株＋2,901円×200株＋2,908円×100株＋2,909円×100株＋2,917円×100株＋2,924円×200株＋2,925円×200株＋2,927円×100株＋2,930円×100株＋2,931円×100株＋2,933円×700株＋2,934円×100株＋2,935円×100株＋2,936円×100株＋2,937円×200株＋2,938円×700株＋2,947円×100株＋2,948円×100株＋2,955円×200株＋2,956円×300株＋2,959円×100株＋2,960円×1,500株＋2,961円×100株＋2,964円×700株＋2,966円×100株＋2,971円×100株＋2,972円×100株＋2,975円×1,100株＋2,978円×100株＋2,979円×4,000株＋2,981円×100株＋2,982円×200株＋2,983円×100株＋2,984円×300株＋2,986円×100株＋2,993円×200株＋2,998円×4,100株＋2,999円×7,200株＋3,000円×1,200株＋3,005円×3,000株＋3,010円×2,200株＋3,015円×2,100株＋3,020円×2,000株」 の額である。 （注８）買付価額は、 「2,583円×100株＋2,590円×100株＋2,591円×100株＋2,601円×200株＋2,602円×100株＋2,605円×100株＋2,611円×200株＋2,612円×100株＋2,613円×100株＋2,614円×200株＋2,615円×100株＋2,616円×100株＋2,617円×100株＋2,618円×200株＋2,619円×100株＋2,620円×300株＋2,624円×200株＋2,626円×100株＋2,627円×200株＋2,628円×100株＋2,629円×100株＋2,630円×200株＋2,631円×200株＋2,632円×200株＋2,633円×100株＋2,636円×31,700株＋2,637円×200株＋2,638円×100株＋2,641円×100株＋2,642円×200株＋2,643円×100株＋2,644円×100株＋2,645円×200株＋2,648円×300株＋2,656円×100株＋2,678円×100株＋2,679円×300株＋2,680円×100株＋2,681円×100株＋2,682円×100株＋2,683円×300株＋2,684円×200株＋2,685円×100株＋2,687円×100株＋2,692円×100株＋2,701円×100株＋2,708円×100株＋2,710円×100株＋2,718円×100株＋2,719円×100株＋2,720円×200株＋2,721円×100株＋2,722円×300株＋2,723円×300株＋2,724円×300株＋2,725円×200株＋2,726円×400株＋2,727円×100株＋2,728円×100株＋2,729円×300株＋2,730円×200株＋2,731円×200株＋2,732円×100株＋2,733円×200株＋2,734円×200株＋2,735円×200株＋2,737円×200株＋2,738円×100株＋2,739円×200株＋2,740円×100株＋2,741円×200株＋2,742円×500株＋2,743円×300株＋2,744円×400株＋2,749円×100株＋2,756円×1,000株＋2,757円×100株＋2,766円×100株＋2,767円×100株＋2,768円×1,000株＋2,769円×500株＋2,770円×200株＋2,771円×200株＋2,775円×200株＋2,776円×600株＋2,788円×100株＋2,791円×100株＋2,793円×200株＋2,794円×800株＋2,795円×800株＋2,796円×400株＋2,798円×100株＋2,799円×400株＋2,801円×200株＋2,803円×500株＋2,805円×500株＋2,806円×600株＋2,807円×200株＋2,808円×900株＋2,809円×700株＋2,810円×100株＋2,811円×500株＋2,812円×100株＋2,813円×400株＋2,815円×200株＋2,816円×1,000株＋2,817円×100株＋2,818円×100株＋2,819円×100株＋2,820円×1,000株＋2,821円×100株＋2,824円×1,000株＋2,826円×100株＋2,831円×100株＋2,837円×100株＋2,839円×500株＋2,850円×600株＋2,851円×700株＋2,854円×100株＋2,856円×100株＋2,858円×600株＋2,865円×100株＋2,869円×600株＋2,888円×100株＋2,899円×100株＋2,900円×200株＋2,908円×100株＋2,919円×100株＋2,923円×200株＋2,924円×100株＋2,925円×100株＋2,926円×100株＋2,927円×100株＋2,931円×100株＋2,932円×200株＋2,933円×1,000株＋2,935円×400株＋2,936円×100株＋2,937円×200株＋2,938円×200株＋2,940円×100株＋2,949円×500株＋2,950円×1,500株＋2,955円×100株＋2,956円×200株＋2,958円×200株＋2,959円×100株＋2,960円×700株＋2,965円×200株＋2,966円×200株＋2,967円×200株＋2,970円×600株＋2,973円×100株＋2,975円×1,200株＋2,976円×400株＋2,977円×100株＋2,978円×100株＋2,979円×4,100株＋2,980円×1,500株＋2,985円×100株＋2,987円×100株＋2,990円×600株＋2,998円×900株」 の額である。 （注９）買付価額の算定においては、金融商品取引法施行令第３３条の１４第５項の規定により、当該違反行為に係る有価証券の買付けのうち最も早い時期に行われたものから順次当該売買対当数量に達するまで割り当てることとなる。 本件においては、違反行為の開始時点において所有しており、金融商品取引法第１７４条の２第８項及び同法施行令第３３条の１３第１号の規定により、違反行為の開始時点にその時における価格（2,636円）で買い付けたものとみなされるもの（みなし買付け）から割り当てられることとなる。 イ．上記ア.のとおり、当該違反行為に係る有価証券の買付数量が、売付数量を超えることから、 当該超える数量23,300株（103,500株－80,200株）について、 当該違反行為が終了してから１月を経過するまでの間の当該有価証券の最高価格（3,040円）に当該超える数量を乗じて得た額 70,832,000円（3,040円×23,300株）－ 買付価額69,591,200円 （注１０） ＝1,240,800円 （注１０）買付価額は、 「2,822円×100株＋2,837円×100株＋2,846円×200株＋2,850円×100株＋2,866円×100株＋2,867円×100株＋2,868円×100株＋2,870円×100株＋2,878円×100株＋2,880円×400株＋2,882円×100株＋2,886円×100株＋2,892円×100株＋2,902円×100株＋2,916円×100株＋2,921円×100株＋2,923円×100株＋2,924円×200株＋2,926円×100株＋2,929円×200株＋2,930円×100株＋2,934円×100株＋2,935円×100株＋2,936円×200株＋2,937円×100株＋2,942円×100株＋2,947円×100株＋2,949円×100株＋2,959円×100株＋2,960円×100株＋2,961円×100株＋2,968円×100株＋2,969円×100株＋2,972円×100株＋2,978円×100株＋2,980円×100株＋2,981円×100株＋2,982円×200株＋2,983円×100株＋2,984円×300株＋2,985円×100株＋2,986円×100株＋2,995円×400株＋2,997円×400株＋2,998円×3,900株＋2,999円×5,100株＋3,005円×2,400株＋3,010円×1,900株＋3,015円×2,100株＋3,020円×1,900株」 の額である。 (3) アキュセラに係る課徴金の額は、下記ア.及びイ.によりそれぞれ算定される額の合計2,903,100円 ⇒課徴金の額は１万円未満を切り捨てるため、 ２９０万円 ア．当該違反行為に係る売買対当数量は、 (ｉ)当該違反行為に係る有価証券の売付数量は、18,200株であり、 (ii)当該違反行為に係る有価証券の買付数量は、実際の買付け等の数量24,600株に、金融商品取引法第１７４条の２第８項及び同法施行令第３３条の１３第１号により、違反行為の開始時にその時の価格（651円）で買付けをしたものとみなされる当該違反行為の開始時に所有している当該有価証券の数量31,500株を加えた56,100株である ことから、18,200株となる。 当該売買対当数量に係るものについて、 売付価額12,428,800円 （注１１） － 買付価額11,848,200円 （注１２） ＝580,600円 （注１１）売付価額は、 「655円×200株＋658円×100株＋659円×400株＋661円×300株＋664円×400株＋665円×100株＋666円×500株＋667円×100株＋668円×1,100株＋669円×400株＋671円×100株＋676円×100株＋677円×1,100株＋678円×100株＋679円×1,100株＋681円×500株＋682円×2,400株＋683円×500株＋684円×100株＋687円×900株＋688円×100株＋689円×1,200株＋690円×200株＋692円×2,400株＋693円×100株＋694円×1,500株＋696円×2,000株＋698円×200株」 の額である。 （注１２）買付価額は、 「651円×18,200株」 の額である。 （注１３）買付価額の算定においては、金融商品取引法施行令第３３条の１４第５項の規定により、当該違反行為に係る有価証券の買付けのうち最も早い時期に行われたものから順次当該売買対当数量に達するまで割り当てることとなる。 本件においては、違反行為の開始時点において所有しており、金融商品取引法第１７４条の２第８項及び同法施行令第３３条の１３第１号の規定により、違反行為の開始時点にその時における価格（651円）で買い付けたものとみなされるもの（みなし買付け）から割り当てられることとなる。 イ．上記ア.のとおり、当該違反行為に係る有価証券の買付数量が、売付数量を超えることから、 当該超える数量37,900株（56,100株－18,200株）について、 当該違反行為が終了してから１月を経過するまでの間の当該有価証券の最高価格（730円）に当該超える数量を乗じて得た額 27,667,000円（730円×37,900株）－ 買付価額25,344,500円 （注１４） ＝2,322,500円 （注１４）買付価額は、 「651円×13,400株＋653円×100株＋654円×700株＋655円×400株＋657円×100株＋658円×700株＋659円×1,200株＋660円×900株＋661円×300株＋664円×400株＋665円×500株＋666円×500株＋667円×100株＋668円×1,100株＋669円×1,800株＋670円×100株＋671円×100株＋676円×100株＋677円×1,100株＋678円×100株＋679円×1,100株＋680円×100株＋681円×400株＋682円×2,600株＋683円×500株＋684円×200株＋685円×300株＋687円×1,100株＋688円×100株＋689円×1,200株＋690円×100株＋692円×2,400株＋693円×100株＋694円×1,700株＋695円×100株＋696円×2,000株＋698円×200株」 の額である。"
2016-04-22,合同会社ＣＨＥＲＩＳＨ,,合同会社ＣＨＥＲＩＳＨに対する検査結果について（平成28年4月22日）,https://www.fsa.go.jp/sesc/news/c_2016/2016/20160422-1.html,English version 平成28年４月22日 証券取引等監視委員会 合同会社ＣＨＥＲＩＳＨに対する検査結果について １．検査結果 証券取引等監視委員会が合同会社ＣＨＥＲＩＳＨ（所在地　東京都中央区、法人番号2010003016494、資本金１万円、常勤役職員１名、適格機関投資家等特例業務届出者。金融商品取引業の登録はない。以下「当社」という。）を検査した結果、下記のとおり、当該適格機関投資家等特例業務届出者に係る問題が認められたので、本日、証券取引等監視委員会は、金融庁長官に対して、適切な措置を講じるための情報提供を行った。 ２．事実関係 ○適格機関投資家等特例業務の届出者の運用するファンドへの出資等に係る問題 当社は、平成24年３月に適格機関投資家等特例業務（以下「特例業務」という。）の届出を行い、特例業務として、その運用するGRACE投資事業有限責任組合（以下「GRACE LPS」という。）について、他の特例業務届出者（以下「届出業者」という。）が運用している匿名組合又は投資事業有限責任組合（以下「ファンド」という。）に適格機関投資家として出資（以下「適格機関投資家出資」という。）を行っており、これまで届出業者59者が運用する73本のファンド（以下「本件出資先ファンド」という。）に出資を行っている。 また、当社の代表社員であり、行政書士であるA（以下「A代表」という。）は、ファンド組成等の支援を行うほか、特例業務を行おうとする者に対して適格機関投資家を紹介する旨等宣伝を行っているが、実際には、基本的にGRACE LPSによる出資を持ちかけている。 そのような中、当社の業務運営状況等を検証したところ、以下の問題点が認められた。 なお、届出業者の特例業務については、適格機関投資家が出資を行って、自己のためにファンドに関与することで、ファンドの適正性がある程度確保されることも期待されたものと考えられている。 （１）適格機関投資家出資の外観の仮装 当社は、本件出資先ファンドのうち、届出業者40者が運用する50本のファンド（以下「本件ファンド」という。）について、適格機関投資家出資を行っているとしているが、 ア届出業者32者のファンド42本については、GRACE LPSが適格機関投資家出資をすることの条件として、A代表等との間でファンド組成の支援を行うことなどを内容とする契約を締結することを求めているが、その際、当該届出業者に対し、当該契約の報酬によって出資額に相当する金銭（以下「出資相当額」という。）を負担するように求め、当該報酬に出資相当額を上乗せした金銭を受領し、又は出資相当額を含めた報酬を要求してこれを受領し、これをGRACE LPSからの適格機関投資家出資として、当該ファンドに出資を行い、 イ届出業者８者のファンド８本については、当該届出業者から適格機関投資家出資を求められた際、出資相当額を代表社員であるA代表が「借入金」名目で受領し、これをGRACE LPSからの適格機関投資家出資として、当該ファンドに出資を行っていた。 当社は、ウェブ上で適格機関投資家の紹介を希望する届出業者を募り、GRACE LPSによる適格機関投資家出資を持ちかける一方で、実際には上記のとおり、GRACE LPSによる出資について、実質的には、当社が負担することなく、当該届出業者の負担により行っていたものであり、当該出資は、実態がなく、GRACE LPSからの適格機関投資家出資がなされているかのような外観を仮装したものに過ぎない。したがって、当該出資については、適格機関投資家出資とは到底評価し得ないものである。 上記のような当社の行為は、届出業者の特例業務について、適格機関投資家出資を要件とする金融商品取引法の趣旨をないがしろにするものであり、届出業者に特例業務の要件を充足しないまま違法にファンド持分の取得勧誘や出資金の運用を行わせることとなり得るものと認められる。 （２）出資先ファンドにおける投資者被害等 当社は、本件出資先ファンドの大半について、出資に際して運用方針等の確認をほとんど行っていないほか、出資後も運用状況等の確認をほとんど行っていない。 こうした中、本件出資先ファンドを運用する他の届出業者の約４割において、違法又は不当な行為による投資者被害等の問題が認められている（別紙参照）。 上記のような当社の行為は、（１）の記載の行為と併せ、他の多数の届出業者の違法又は不当な行為を助長し、投資者被害をもたらす事態等を招いたものと認められる。 以上のとおり、当社の業務運営は、投資者保護上、重大な問題がある。 （別紙） 当社が適格機関投資家として出資を行ったファンドの届出業者のうち問題が認められたもの １．金融庁の「問題があると認められた届出業者リスト」に掲載されている業者 届出業者名 管轄財務局等 届出日 備考 株式会社アーバンスタージャパン 関東財務局 H23.7.13 ※報告命令に応じません。 株式会社アール・オー・イー 関東財務局 H24.8.20 ※警告書（虚偽告知）を発出しました。 ※警告書（投資者保護上問題あり）を発出しました。 ※報告命令に応じません。 ※連絡がとれません。 合同会社アジアパートナーズ 関東財務局 H24.3.1 ※報告命令に応じません。 ※連絡がとれません。 合同会社アジアンプロパティーズ 関東財務局 H24.7.6 ※報告命令に応じません。 ※連絡がとれません。 株式会社アドネット 関東財務局 H25.3.8 ※警告書（投資者保護上問題あり）を発出しました。 アルファ・メディア株式会社 関東財務局 H23.3.25 ※警告書（投資者保護上問題あり）を発出しました。 ※報告命令に応じません。 株式会社アンリミテッド 関東財務局 H25.11.22 ※警告書（無登録）を発出しました。 ※警告書（投資者保護上問題あり）を発出しました。 株式会社インテレスＣＸ 関東財務局 H21.11.24 ※警告書（投資者保護上問題あり）を発出しました。 ※報告命令に応じません。 株式会社ＯＺＣＯＮ 関東財務局 H25.12.6 ※報告命令に応じません。 合同会社グレインハーベスト 関東財務局 H24.11.1 ※報告命令に応じません。 ※連絡がとれません。 株式会社ＧＯＥＮ 関東財務局 H26.5.29 ※報告命令に応じません。 株式会社ＣＦＪ 関東財務局 H25.11.28 ※報告命令に応じません。 ※連絡がとれません。 株式会社ジー・クエスト 関東財務局 H21.9.8 ※警告書（投資者保護上問題あり）を発出しました。 ※報告命令に応じません。 ＧＥＮＥＲＡＬ　ＲＥＳＯＵＲＣＥＳ　ＲＥＣＹＣＬＥ合同会社 沖縄総合事務局 H25.7.4 ※警告書（投資者保護上問題あり）を発出しました。 合同会社シニー 関東財務局 H23.12.21 ※報告命令に応じません。 ※連絡がとれません。 合同会社ＳＷＩＭ 関東財務局 H25.5.10 ※報告命令に応じません。 タカラフィールド合同会社 関東財務局 H23.8.1 ※報告命令に応じません。 株式会社Ｄｏｎｅ 関東財務局 H24.5.28 ※報告命令に応じません。 ※連絡がとれません。 合同会社日商インベスターズ 関東財務局 H23.9.9 ※報告命令に応じません。 ※連絡がとれません。 株式会社ファインドエッジ 近畿財務局 H23.2.3 ※警告書（無登録）を発出しました。 ※警告書（投資者保護上問題あり）を発出しました。 合同会社ミャンマー・キャピタル・パートナーズ 関東財務局 H24.7.4 ※報告命令に応じません。 ※連絡がとれません。 合同会社Ｌｉｋｅ　Ｆａｉｒ 関東財務局 H24.12.3 ※報告命令に応じません。 （金融庁「問題があると認められた届出業者リスト」（平成28年３月末日現在）より抜粋） ２．証券取引等監視委員会又は財務局の検査により、違法又は不当な行為が認められた業者 株式会社アール・オー・イー（平成26年４月11日公表） アルファ・メディア株式会社（平成26年４月15日公表） 株式会社インテレスＣＸ（平成26年４月15日公表） 株式会社ジー・クエスト（平成26年４月15日公表） 株式会社Ｍｏｎｅｙ　Ｍａｎａｇｅｍｅｎｔ　Ｓｔｒｅｎｇｔｈ（平成27年1月30日公表） 株式会社アドネット（平成27年７月17日公表） 株式会社アンリミテッド（平成27年８月４日公表） 株式会社ファインドエッジ（平成27年12月14 日公表） ※上記届出業者８社のファンドで当社が出資を行っていたものに出資を行っていた適格機関投資家は、当社組成のGRACE LPSのみである。 参考資料（PDF：418.2KB）
2016-04-14,株式会社エフ・サポートほか１名,,株式会社エフ・サポートほか１名に対する金融商品取引法違反行為に係る裁判所の禁止及び停止命令の発令について（平成28年4月14日）,https://www.fsa.go.jp/sesc/news/c_2016/2016/20160414-1.html,English version 平成２８年４月１４日 証券取引等監視委員会 株式会社エフ・サポートほか１名に対する金融商品取引法違反行為に係る裁判所の禁止及び停止命令の発令について 証券取引等監視委員会が、平成２８年３月１１日に行った株式会社エフ・サポート（東京都千代田区、法人番号4010001140575、資本金１０００万円、金融商品取引業の登録等はない。以下「当社」という。）及び当社の実質的経営者Aに対する金融商品取引法違反行為（無登録で、株式の売買及び株式売買の委託の取次ぎを業として行うこと）の禁止及び停止を命ずるよう求める申立てについて、本日、東京地方裁判所より、申立ての内容どおり、下記の命令が下された。 記 被申立人らは、いずれも、金融商品取引法２９条所定の登録（ただし、業務の種別を第一種金融商品取引業とするもの）を受けずに、株券又はこれに表示されるべき権利であって株券が発行されていない場合における当該権利について、売買及び取引所金融商品市場における売買の委託の取次ぎを業として行ってはならない。 （参考） 株式会社エフ・サポートほか１名の金融商品取引法違反行為に係る裁判所への申立てについて
2016-04-01,スプレマシーアセットパートナーズ株式会社,,スプレマシーアセットパートナーズ株式会社に対する検査結果に基づく勧告について（平成28年4月1日）,https://www.fsa.go.jp/sesc/news/c_2016/2016/20160401-1.html,English version 平成28年４月１日 証券取引等監視委員会 スプレマシーアセットパートナーズ株式会社に対する検査結果に基づく勧告について １．勧告の内容 証券取引等監視委員会がスプレマシーアセットパートナーズ株式会社（東京都中央区、法人番号3010001132094、資本金1000万円、第二種金融商品取引業）を検査した結果、下記のとおり、当該金融商品取引業者に係る問題が認められたので、本日、証券取引等監視委員会は、内閣総理大臣及び金融庁長官に対して、金融庁設置法第20条第１項に基づき、行政処分を行うよう勧告した。 ２．事実関係 (1)出資金の流用を知りながら匿名組合契約に基づく権利の私募の取扱いを行っている状況 スプレマシーアセットパートナーズ株式会社（以下「当社」という。）は、営業者をＭＴキャピタル合同会社（以下「ＭＴ社」という。）とし、ＭＴ社が出資金を基に購入した回胴式遊技機（以下「パチスロ機」という。）を株式会社ＬＩＧ（以下「ＬＩＧ社」という。）にレンタルし、ＬＩＧ社が当該パチスロ機を遊技場にレンタルする事業や、営業者をＬＩＧ社とし、ＬＩＧ社が出資金を基に購入したパチスロ機を遊技場にレンタルする事業へ投資するとする匿名組合契約に基づく権利（以下「ＳＡＰファンド」という。）の私募の取扱いを行っている。なお、平成28年１月末現在、償還期限の到来していないＳＡＰファンドは、27本、出資総額は約5.6億円である。 しかしながら、遅くとも平成27年９月以降、当社のA代表取締役（以下「A代表」という。）の指示により、ＭＴ社又はＬＩＧ社の管理するＳＡＰファンドの資金管理口座から出金された金銭が、ＬＩＧ社の経費、A代表が代表取締役を務める株式会社ＷＡＲＩＫＡＮへの送金等に充てられ、流用されている状況が認められた。 当社は、このようにA代表の指示によりＳＡＰファンドの資金が流用されているにもかかわらず、ＳＡＰファンドの私募の取扱いを継続していた。 当社の上記の行為は、金融商品取引法第２条第２項第５号に掲げる権利に関し出資された金銭が、当該金銭を充てて行われる事業に充てられていないことを知りながら、同法第２条第８項第９号に掲げる行為を行うもので、同法第40条の３の２に違反するものと認められる。 (2)事業の実態について事実と異なる内容を告げて匿名組合契約に基づく権利の私募の取扱いを行っている状況 ＳＡＰファンドの出資金が投資される事業では、ＬＩＧ社から遊技場にパチスロ機がレンタルされているほか、ＬＩＧ社から遊技場にパチスロ機が販売されている場合もあるという状況が認められた。 当社は、こうした状況について、遅くとも平成26年６月には認識していたが、その後も、ＳＡＰファンドの資金が投資される事業内容について、事実に反し、ＭＴ社が出資金を基に購入したパチスロ機をＬＩＧ社にレンタルし、ＬＩＧ社が当該パチスロ機を遊技場にレンタルして得たレンタル料について、一定割合で、顧客、ＭＴ社、ＬＩＧ社及び当社に分配又は留保する事業である旨、また、遊技場からのレンタル料の支払いやこれを基にした顧客への分配金の支払いは、匿名組合事業開始月の特定の日から１年後又は数年後の特定の日までが全体の計算期間となり繰り返し履行される旨など、あたかも継続的な事業収益が見込まれるかのごとく説明し、ＳＡＰファンドの私募の取扱いを行った。 当社の上記の行為は、金融商品取引法第38条第１号に掲げる「金融商品取引契約の締結又はその勧誘に関して、顧客に対し虚偽のことを告げる行為」に該当するものと認められる。 (3)無登録で社債の募集の取扱いを行っている状況 当社は、平成28年２月に、少なくとも53名の顧客に対し、ＬＩＧ社が発行する社債について、期間や利率など具体的な商品内容を、「私募債発行並びに募集要項」と称する資料を用いて説明したり、電子メールで伝えることによって勧誘を行い、少なくとも４名の顧客に当該社債を取得させている状況が認められた。 また、当社は、ＬＩＧ社との間で、上記のような行為に対して紹介料名目で金銭を受領することを約する契約を締結しており、これに基づいて販売代金の10％を受け取ることとしていた。 上記一連の行為によって、当社は、第一種金融商品取引業の登録を受けていないにもかかわらず、ＬＩＧ社のために社債の募集の取扱いを行っていたものと認められる。 当社が行った行為は、金融商品取引法第28条第１項に規定する第一種金融商品取引業（同法第２条第８項第９号に掲げる「有価証券の募集の取扱い」を業として行うこと。）に該当するものであり、当社が同法第31条第４項に基づく変更登録を受けることなく第一種金融商品取引業を行うことは、同法第29条に違反するものと認められる。 （参考条文） ○金融商品取引法（昭和23年法律第25号）（抄） （定義） 第二条（略） ２～７（略） ８この法律において「金融商品取引業」とは、次に掲げる行為（その内容等を勘案し、投資者の保護のため支障を生ずることがないと認められるものとして政令で定めるもの及び銀行、優先出資法第二条第一項に規定する協同組織金融機関（以下「協同組織金融機関」という。）その他政令で定める金融機関が行う第十二号 、第十四号、第十五号又は第二十八条第八項各号に掲げるものを除く。）のいずれかを業として行うことをいう。 一～八（略） 九有価証券の募集若しくは売出しの取扱い又は私募若しくは特定投資家向け売付け勧誘等の取扱い （以下、略） 第二十八条この章において「第一種金融商品取引業」とは、金融商品取引業のうち、次に掲げる行為のいずれかを業として行うことをいう。 一有価証券（第二条第二項の規定により有価証券とみなされる同項各号に掲げる権利を除く。）についての同条第八項第一号から第三号まで、第五号、第八号又は第九号に掲げる行為 （以下、略） （登録） 第二十九条金融商品取引業は、内閣総理大臣の登録を受けた者でなければ、行うことができない。 （変更登録等） 第三十一条（略） ２・３（略） ４金融商品取引業者は、第二十九条の二第一項第五号又は第六号に掲げる事項について変更をしようとするときは、内閣府令で定めるところにより、内閣総理大臣の行う変更登録を受けなければならない。 （以下、略） （禁止行為） 第三十八条金融商品取引業者等又はその役員若しくは使用人は、次に掲げる行為をしてはならない。ただし、第四号から第六号までに掲げる行為にあつては、投資者の保護に欠け、取引の公正を害し、又は金融商品取引業の信用を失墜させるおそれのないものとして内閣府令で定めるものを除く。 一金融商品取引契約の締結又はその勧誘に関して、顧客に対し虚偽のことを告げる行為 （以下、略） （金銭の流用が行われている場合の募集等の禁止） 第四十条の三の二金融商品取引業者等は、第二条第二項第五号若しくは第六号に掲げる権利又は同項第七号に掲げる権利（同項第五号又は第六号に掲げる権利と同様の経済的性質を有するものとして政令で定める権利に限る。）については、これらの権利に関し出資され、又は拠出された金銭（これに類するものとして政令で定めるものを含む。以下この条において同じ。）が、当該金銭を充てて行われる事業に充てられていないことを知りながら、第二条第八項第七号から第九号までに掲げる行為をしてはならない。
2016-03-29,株式会社フード・プラネット,,株式会社フード・プラネットに係る有価証券報告書の虚偽記載に係る課徴金納付命令勧告について（平成28年3月29日）,https://www.fsa.go.jp/sesc/news/c_2016/2016/20160329-2.html,"English version 平成28年３月29日 証券取引等監視委員会 株式会社フード・プラネットに係る有価証券報告書の虚偽記載に係る課徴金納付命令勧告について １．勧告の内容 証券取引等監視委員会は、株式会社フード・プラネット（法人番号3120001108182）に係る有価証券報告書の虚偽記載について検査した結果、以下のとおり法令違反の事実が認められたので、本日、内閣総理大臣及び金融庁長官に対して、金融庁設置法第20条第１項の規定に基づき、課徴金納付命令を発出するよう勧告を行った。 ２．法令違反の事実関係 株式会社フード・プラネット（以下「当社」という。）は、当社代表取締役が代表を兼務していた他社による太陽光発電事業に係る販売取引の一部を、当社子会社による販売取引のように装うことにより、売上を過大に計上した。 この結果、当社は、関東財務局長に対し、 別紙１ のとおり、金融商品取引法第172条の４第１項に規定する「重要な事項につき虚偽の記載がある」以下の有価証券報告書を提出したものである。 平成26年９月期有価証券報告書（平成26年12月25日提出） ３．課徴金の額の計算 上記の違法行為について金融商品取引法に基づき算定される課徴金の額は、600万円である。（計算方法については 別紙２ のとおり。） （別紙１）株式会社フード・プラネットの有価証券報告書の虚偽記載内容 （別紙１）株式会社フード・プラネットの有価証券報告書の虚偽記載内容 提出日 書類 虚偽記載 会計期間 財務計算に 関する書類 内容（注） 事由 平成26年 12月25日 第30期事業年度連結会計期間に係る有価証券報告書（平成26年９月期有価証券報告書） 平成25年10月１日～平成26年９月30日の連結会計期間 連結 損益計算書 売上高が81百万円であるところを113百万円と記載 ・売上の過大計上 （注）金額は百万円未満切捨てである。 （別紙２）課徴金の計算方法 金融商品取引法第172条の４第１項の規定により、平成26年９月期有価証券報告書に係る課徴金の額は、 ア 当該法人が発行する算定基準有価証券の市場価額の総額に10万分の６を乗じて得た額（128,185円） が イ 6,000,000円 を超えないことから、6,000,000円となる。"
2016-04-15,クレディ・スイス証券株式会社,,クレディ・スイス証券株式会社に対する検査結果に基づく勧告について（平成28年4月15日）,https://www.fsa.go.jp/sesc/news/c_2016/2016/20160415-1.html,English version 平成28年４月15日 証券取引等監視委員会 クレディ・スイス証券株式会社に対する検査結果に基づく勧告について １．勧告の内容 証券取引等監視委員会がクレディ・スイス証券株式会社（東京都港区、法人番号2010401059260、資本金781億円、常勤役職員462名、第一種金融商品取引業、第二種金融商品取引業、投資運用業及び投資助言・代理業）を検査した結果、下記２．のとおり、当該金融商品取引業者に係る問題が認められたので、本日、証券取引等監視委員会は、内閣総理大臣及び金融庁長官に対して、金融庁設置法第20条第１項の規定に基づき、行政処分を行うよう勧告した。 ２．事実関係 （１）法人関係情報の管理に不備がある状況 クレディ・スイス証券株式会社（以下「当社」という。）においては、株式調査部は、同部に所属するアナリストが上場会社に個別取材を行うなど、上場会社をリサーチし、顧客に対し、アナリストレポート等を提供するほか、ヘッジファンドや運用会社等の顧客に対する株式営業部のリサーチ営業をサポートしている。 株式調査本部長は、アナリストに対し、有意義な情報を顧客に対して直接提供することを指導し、平成27年１月以降は、アナリスト一人当たり１か月に100件という具体的な数値目標を掲げている。実際に、アナリストは、アナリストレポートのほか、電話や電子メール等によって、上場会社から取材等で取得した情報を顧客や営業員に提供したり、上場会社への個別取材における顧客との同行訪問によって顧客と情報を取得・共有したりしている。 また、当社においては、平成27年６月以降、アナリストは自己売買の担当者に対しても顧客と同様に情報の提供を行っている。 アナリストが上場会社から取材等で取得した情報のうち非公表のものには法人関係情報が含まれている可能性があるところ、顧客等に提供する情報の法人関係情報該当性については、アナリスト自身の判断に委ねたまま、株式調査部内においても、コンプライアンス担当者においても、審査がほとんど実施されていなかった。 こうしたことから、平成27年９月から10月までの間においては、少なくとも５件の法人関係情報（うち３件はアナリストレポートに掲載）について、法人関係情報該当性の審査がほとんどなされないまま複数の顧客に提供されていた。 当社における上記（１）のような法人関係情報の管理の状況は、法人関係情報に係る不公正な取引の防止を図るために必要かつ適切な措置を講じていないと認められ、金融商品取引法第40条第２号に基づく金融商品取引業等に関する内閣府令第123条第１項第５号に該当するものと認められる。 （２）法人関係情報を提供した勧誘 平成27年９月、Ａアナリストは、上場会社である甲社に対する個別取材において、公表前の半期の連結業績予想（営業利益）に関する法人関係情報（以下「甲社情報」という。）を取得した翌日に、当社営業員１名及び少なくとも１顧客に対し、電話によって甲社情報を伝達している。 そして、甲社情報の伝達を受けた当該営業員が同日中に、少なくとも33顧客に対し、甲社情報を甲社から公表される前に提供して甲社株式の買付けの勧誘を行っていた。 当社における上記（２）のような株式の買付けを勧誘する行為は、有価証券の売買その他の取引等につき、顧客に対して法人関係情報を提供して勧誘する行為と認められ、金融商品取引法第38条第８号に基づく金融商品取引業等に関する内閣府令第117条第１項第14号に該当するものと認められる。 ３．その他 上記問題の根本原因としては、当社において内部管理部門等の人員を削減している過程において、内部統制の確保が十分に図られていないことにあると認められる。 （参考条文） ○金融商品取引法（昭和23年法律第25号）（抄） （禁止行為） 第三十八条金融商品取引業者等又はその役員若しくは使用人は、次に掲げる行為をしてはならない。（略） 一～七（略） 八前各号に掲げるもののほか、投資者の保護に欠け、若しくは取引の公正を害し、又は金融商品取引業の信用を失墜させるものとして内閣府令で定める行為 （適合性の原則等） 第四十条金融商品取引業者等は、業務の運営の状況が次の各号のいずれかに該当することのないように、その業務を行わなければならない。 一（略） 二前号に掲げるもののほか、業務に関して取得した顧客に関する情報の適正な取扱いを確保するための措置を講じていないと認められる状況、その他業務の運営の状況が公益に反し、又は投資者の保護に支障を生ずるおそれがあるものとして内閣府令で定める状況にあること。 ○金融商品取引業等に関する内閣府令（平成19年内閣府令第52号）（抄） （定義） 第一条（略） ４この府令において、次の各号に掲げる用語の意義は、当該各号に定めるところによる。 一～十三（略） 十四法人関係情報　法第百六十三条第一項に規定する上場会社等の運営、業務又は財産に関する公表されていない重要な情報であって顧客の投資判断に影響を及ぼすと認められるもの並びに法第二十七条の二第一項に規定する公開買付け（同項本文の規定の適用を受ける場合に限る。）、これに準ずる株券等（同項に規定する株券等をいう。）の買集め及び法第二十七条の二十二の二第一項に規定する公開買付け（同項本文の規定の適用を受ける場合に限る。）の実施又は中止の決定（法第百六十七条第二項ただし書に規定する基準に該当するものを除く。）に係る公表されていない情報をいう。 （以下、略） （禁止行為） 第百十七条法第三十八条第八号に規定する内閣府令で定める行為は、次に掲げる行為とする。 一～十三（略） 十四有価証券の売買その他の取引若しくは有価証券に係るデリバティブ取引又はこれらの媒介、取次ぎ若しくは代理につき、顧客に対して当該有価証券の発行者の法人関係情報を提供して勧誘する行為 （以下、略） （業務の運営の状況が公益に反し又は投資者の保護に支障を生ずるおそれがあるもの） 第百二十三条法第四十条第二号に規定する内閣府令で定める状況は、次に掲げる状況とする。 一～四（略） 五その取り扱う法人関係情報に関する管理又は顧客の有価証券の売買その他の取引等に関する管理について法人関係情報に係る不公正な取引の防止を図るために必要かつ適切な措置を講じていないと認められる状況 （以下、略）
2016-04-15,株式会社エナリス,,株式会社エナリスに係る有価証券報告書等の虚偽記載に係る課徴金納付命令勧告について（平成28年4月15日）,https://www.fsa.go.jp/sesc/news/c_2016/2016/20160415-2.html,"English version 平成28年４月15日 証券取引等監視委員会 株式会社エナリスに係る有価証券報告書等の虚偽記載に係る課徴金納付命令勧告について １．勧告の内容 証券取引等監視委員会は、株式会社エナリス（法人番号9011801020788）に係る有価証券報告書等の虚偽記載について検査した結果、以下のとおり法令違反の事実が認められたので、本日、内閣総理大臣及び金融庁長官に対して、金融庁設置法第20条第１項の規定に基づき、課徴金納付命令を発出するよう勧告を行った。 ２．法令違反の事実関係 （１）継続開示書類 株式会社エナリス（以下「当社」という。）は、第三者への太陽光発電施設等の販売を装うなどして、売上を過大に計上するなどした。 この結果、当社は、関東財務局長に対し、 別紙１ のとおり、金融商品取引法第172条の４第１項及び第２項に規定する「重要な事項につき虚偽の記載がある」以下の有価証券報告書等を提出したものである。 平成25年９月第３四半期四半期報告書（平成25年11月12日提出） 平成25年12月期有価証券報告書（平成26年３月24日提出） 平成26年６月第２四半期四半期報告書（平成26年８月８日提出） （２）発行開示書類 当社は、関東財務局長に対し、以下のとおり、金融商品取引法第172条の２第１項第１号に規定する「重要な事項につき虚偽の記載がある」発行開示書類を提出し、当該発行開示書類に基づく募集により有価証券を取得させたものである。 ア 平成26年５月12日、平成25年１月１日から平成25年12月31日までの連結会計期間につき、売上の過大計上等により、同期間における連結当期純損益が104百万円（百万円未満切捨て。連結当期純損益の金額については以下同じ。）の利益であるところを422百万円の利益と記載するなどした同期間における連結損益計算書を掲載した有価証券届出書（一般募集）を提出し、同有価証券届出書に基づく募集により、平成26年６月４日、4,000,000株の株式を4,821,000,000円で取得させた。 イ 平成26年５月12日、平成25年１月１日から平成25年12月31日までの連結会計期間につき、売上の過大計上等により、同期間における連結当期純損益が104百万円の利益であるところを422百万円の利益と記載するなどした同期間における連結損益計算書を掲載した有価証券届出書（その他の者に対する割当）を提出し、同有価証券届出書に基づく募集により、平成26年６月25日、600,000株の株式を723,150,000円で取得させた。 ３．課徴金の額の計算 上記の違法行為について金融商品取引法に基づき算定される課徴金の額は、２億5,848万円である。（計算方法については 別紙２ のとおり。） （別紙１）株式会社エナリスの有価証券報告書等の虚偽記載内容 （別紙１）株式会社エナリスの有価証券報告書等の虚偽記載内容 番 号 開示書類 虚偽記載 提出日 書類 会計期間 財務計算に 関する書類 内容（注） 事由 １ 平成25年 11月12日 第10期事業年度第３四半期連結会計期間に係る四半期報告書（平成25年９月第３四半期四半期報告書） 平成25年１月１日～平成25年９月30日の第３四半期連結累計期間 四半期連結 損益計算書 連結四半期純損益が55百万円であるところを247百万円と記載 ・売上の過大計上 等 ２ 平成26年 ３月24日 第10期事業年度連結会計期間に係る有価証券報告書（平成25年12月期有価証券報告書） 平成25年１月１日～平成25年12月31日の連結会計期間 連結 損益計算書 連結当期純損益が104百万円であるところを422百万円と記載 ・売上の過大計上 等 ３ 平成26年 ８月８日 第11期事業年度第２四半期連結会計期間に係る四半期報告書（平成26年６月第２四半期四半期報告書） 平成26年１月１日～平成26年６月30日の第２四半期連結累計期間 四半期連結 損益計算書 連結四半期純損益が▲22百万円であるところを206百万円と記載 ・売上の過大計上 （注）金額は百万円未満切捨てである。また、▲は損失であることを示す。 （別紙２）課徴金の計算方法 （１）金融商品取引法第172条の４第１項及び第２項の規定により、平成25年９月第３四半期四半期報告書及び平成25年12月期有価証券報告書に係る課徴金について、個別決定ごとの算出額は、 ア 当該法人が発行する算定基準有価証券の市場価額の総額に10万分の６を乗じて得た額 （ 平成25年９月第３四半期四半期報告書 － 円 平成25年12月期有価証券報告書 4,273,842円 ） が イ 6,000,000円 を超えないことから、 平成25年９月第３四半期四半期報告書については、6,000,000円の２分の１に相当する額である3,000,000円 平成25年12月期有価証券報告書については、6,000,000円 となる。 ここで、これらの書類が同一の事業年度に係るものであることから、金融商品取引法第185条の７第６項の規定により、下記のとおり600万円を個別決定ごとの算出額に応じて按分した金額が課徴金の額となる。 平成25年９月第３四半期四半期報告書に係る課徴金の額は 2,000,000円 平成25年12月期有価証券報告書に係る課徴金の額は 4,000,000円 （２）金融商品取引法第172条の４第２項の規定により、平成26年６月第２四半期四半期報告書に係る課徴金の額は、 ア 当該法人が発行する算定基準有価証券の市場価額の総額に10万分の６を乗じて得た額（4,289,098円） が イ 6,000,000円 を超えないことから、6,000,000円の２分の１に相当する額である3,000,000円となる。 （３）金融商品取引法第172条の２第１項第１号の規定により、重要な事項につき虚偽の記載がある発行開示書類に基づく募集により取得させた株券等の発行価額の総額の100分の4.5に相当する額が課徴金の額となることから、 ア 平成26年５月12日提出の有価証券届出書（一般募集）に係る課徴金の額は、 4,821,000,000円×4.5／100＝216,945,000円 について、金融商品取引法第176条第２項の規定により１万円未満の端数を切り捨てて、216,940,000円 イ 平成26年５月12日提出の有価証券届出書（その他の者に対する割当）に係る課徴金の額は、 723,150,000円×4.5／100＝32,541,750円 について、金融商品取引法第176条第２項の規定により１万円未満の端数を切り捨てて、32,540,000円 となる。"
2016-03-28,グローバルアジアホールディングス株式会社,,グローバルアジアホールディングス株式会社に係る虚偽有価証券報告書提出事件の告発について（平成28年3月28日）,https://www.fsa.go.jp/sesc/news/c_2016/2016/20160328-1.html,English version 平成２８年３月２８日 証券取引等監視委員会 グローバルアジアホールディングス株式会社に係る虚偽有価証券報告書提出事件の告発について 証券取引等監視委員会は、本日、金融商品取引法違反（虚偽有価証券報告書提出）の嫌疑で、嫌疑法人及び嫌疑者１名を東京地方検察庁に告発した。告発の対象となった犯則事実については下記のとおり。 １．告発の対象となった犯則事実 犯則嫌疑法人グローバルアジアホールディングス株式会社（法人番号9010401095844、平成２６年９月１２日に株式会社プリンシバル・コーポレーションから商号変更）は、東京都港区に本店を置き、飲食店の運営及び管理等を目的とし、その発行する株券を株式会社東京証券取引所が開設するＪＡＳＤＡＱ市場に上場していたもの、犯則嫌疑者は犯則嫌疑法人の代表取締役としてその業務全般を統括していたものであるが、犯則嫌疑者は、犯則嫌疑法人の業務に関し、平成２６年７月１日、東京都千代田区内に設置された入出力装置から、開示用電子情報処理組織を使用して、内閣府が使用する電子計算機に備えられたファイルに記録させる方法により、関東財務局において、同財務局長に対し、犯則嫌疑法人の平成２５年４月１日から平成２６年３月３１日までの連結会計年度につき、営業保証金等合計４億４５００万円の架空資産を計上する方法により、純資産が５７８２万７０００円（１０００円未満切捨て。以下同じ。）であったにもかかわらず、純資産を５億２１６万４０００円と記載するなどした虚偽の連結貸借対照表を掲載した有価証券報告書を提出し、もって重要な事項につき虚偽の記載のある有価証券報告書を提出したものである。 ２．関連条文 金融商品取引法第197条第1項第1号、第24条第1項第1号、第207条第1項第1号 法定刑：法人につき　7億円以下の罰金 個人につき　10年以下の懲役若しくは1000万円以下の罰金又は併科
2016-03-25,日本マニュファクチャリングサービス株式会社,,日本マニュファクチャリングサービス株式会社との契約締結交渉者の社員による内部者取引に対する課徴金納付命令の勧告について（平成28年3月25日）,https://www.fsa.go.jp/sesc/news/c_2016/2016/20160325-2.html,"English version 平成２８年３月２５日 証券取引等監視委員会 日本マニュファクチャリングサービス株式会社との契約締結交渉者の社員による内部者取引に対する課徴金納付命令の勧告について １．勧告の内容 証券取引等監視委員会は、日本マニュファクチャリングサービス株式会社との契約締結交渉者の社員による内部者取引違反行為について検査した結果、下記のとおり法令違反の事実が認められたので、本日、内閣総理大臣及び金融庁長官に対して、金融庁設置法第２０条第１項の規定に基づき、課徴金納付命令を発出するよう勧告を行った。 ２．法令違反の事実関係 課徴金納付命令対象者は、兼松株式会社（以下「兼松」という。）の社員であったが、日本マニュファクチャリングサービス株式会社（以下「日本マニュファクチャリングサービス」という。）と兼松との資本業務提携に関する契約締結の交渉に関し、日本マニュファクチャリングサービスの業務執行を決定する機関が、兼松と業務上の提携を行うこと及び同社に対する第三者割当により自己株式の処分を行うことについての決定をした旨の重要事実を知りながら、上記重要事実が公表された平成２７年３月３０日より前の同年３月２７日、自己の計算において、日本マニュファクチャリングサービス株式合計２０００株を買付価額合計８０万４６００円で買い付けたものである。 違反行為事実の概要については、別図のとおり。 課徴金納付命令対象者が行った上記の行為は、金融商品取引法第１７５条第１項に規定する「第１６６条第１項又は第３項の規定に違反して、同条第１項に規定する売買等をした」行為に該当すると認められる。 ３．課徴金の額の計算 上記の違法行為に対し、金融商品取引法に基づき納付を命じられる課徴金の額は、７７万円である。 計算方法の詳細については、別紙のとおり。 （別図） ○ 違反行為事実の概要について （クリックすると拡大されます） （別紙） ○ 課徴金の額の計算方法について 金融商品取引法第１７５条第１項に基づき、課徴金の額は、 （重要事実が公表された後２週間における最も高い価格）×（買付株数） －（買付価格）×（買付株数） となる。 したがって、重要事実の公表後２週間における日本マニュファクチャリングサービスの最も高い株価は、７８９円であることから、課徴金の額は下記の金額となる。 （７８９円×２，０００株） － 買付価額８０４，６００円 （注１） ＝７７３，４００円 ⇒課徴金の額は１万円未満を切り捨てるため、 ７７万円 （注１）買付価額は、 「400円×1,100株＋404円×300株＋405円×200株＋406円×400株」 の額である。"
2016-03-25,株式会社ＳＨＩＦＴ,3697,株式会社ＳＨＩＦＴ役員からの情報受領者による内部者取引違反行為及び当該役員による重要事実に係る伝達違反行為に対する課徴金納付命令の勧告について（平成28年3月25日）,https://www.fsa.go.jp/sesc/news/c_2016/2016/20160325-1.html,"English version 平成２８年３月２５日 証券取引等監視委員会 株式会社ＳＨＩＦＴ役員からの情報受領者による内部者取引違反行為及び当該役員による重要事実に係る伝達違反行為に対する課徴金納付命令の勧告について ※　本件のうち、課徴金納付命令対象者（２）については、金融庁において平成２９年４月１１日に課徴金納付命令決定を行いましたが、令和４年１０月２８日に 同決定は取り消されました 。 １．勧告の内容 証券取引等監視委員会は、株式会社ＳＨＩＦＴ役員からの情報受領者による内部者取引違反行為及び当該役員による重要事実に係る伝達違反行為について検査した結果、下記のとおり法令違反の事実が認められたので、本日、内閣総理大臣及び金融庁長官に対して、金融庁設置法第２０条第１項の規定に基づき、課徴金納付命令を発出するよう勧告を行った。 ２．法令違反の事実関係 課徴金納付命令対象者（１）は、株式会社ＳＨＩＦＴ（以下「ＳＨＩＦＴ」という。）の役員として勤務している課徴金納付命令対象者（２）から、同人がその職務に関し知った、 (1)同社の業務執行を決定する機関が、株式の分割を行うことについての決定をした旨の、ＳＨＩＦＴの業務等に関する重要事実の伝達を受けながら、上記重要事実の公表がされた平成２７年１月９日午後３時頃より前の同日午後２時１７分頃、自己の計算において、ＳＨＩＦＴ株式合計２０００株を買付価額合計１０３５万円で買い付け (2)同社の属する企業集団の平成２７年９月１日から平成２８年８月３１日までの会計期間の売上高及び親会社株主に帰属する当期純利益について、平成２７年１０月８日に公表された直近の予想値（親会社株主に帰属する当期純利益２億８８００万円）に比較して、同社が新たに算出した予想値において、投資者の投資判断に及ぼす影響が重要なものとなる差異が生じた旨の重要事実の伝達を受けながら、同社において新たに算出した平成２８年８月期の予想値（親会社株主に帰属する当期純利益１億７８００万円）の公表がされた平成２８年１月１２日午後３時頃より前の同月８日から同月１２日午後２時５８分頃までの間、自己の計算において、ＳＨＩＦＴ株式合計２万株を売付価額合計２０６１万２００円で売り付け たものである。 違反行為事実の概要については、別図のとおり。 課徴金納付命令対象者（１）が行った上記の行為は、金融商品取引法第１７５条第１項に規定する「第１６６条第１項又は第３項の規定に違反して、同条第１項に規定する売買等をした」行為に該当すると認められる。 課徴金納付命令対象者（２）は、株式会社ＳＨＩＦＴ（以下「ＳＨＩＦＴ」という。）の役員として勤務している者であるが、その職務に関し知った、同社の属する企業集団の平成２７年９月１日から平成２８年８月３１日までの会計期間の親会社株主に帰属する当期純利益について、平成２７年１０月８日に公表された直近の予想値（親会社株主に帰属する当期純利益２億８８００万円）に比較して、同社が新たに算出した予想値において、投資者の投資判断に及ぼす影響が重要なものとなる差異が生じた旨の重要事実を、課徴金納付命令対象者（１）に対し、同社において新たに算出した平成２８年８月期の予想値（親会社株主に帰属する当期純利益１億７８００万円）の公表がされる前にＳＨＩＦＴ株式の売付けをさせることにより同人の損失の発生を回避させる目的をもって、伝達したものである。 課徴金納付命令対象者（１）は、上記事実が公表された平成２８年１月１２日午後３時頃より前の同月８日から同月１２日午後２時５８分頃までの間、自己の計算において、ＳＨＩＦＴ株式合計２万株を売付価額合計２０６１万２００円で売り付けたものである。 違反行為事実の概要については、別図のとおり。 課徴金納付命令対象者（２）が行った上記の行為は、金融商品取引法第１７５条の２第１項に規定する「第１６７の２条第１項の規定に違反して、同項の伝達をし、又は同項の売買等をすることを勧める」行為に該当すると認められる。 ３．課徴金の額の計算 上記の違法行為に対し、金融商品取引法に基づき納付を命じられる課徴金の額は、下記のとおりである。 課徴金納付命令対象者（１）１３８０万円 課徴金納付命令対象者（２）３５１万円 計算方法の詳細については、別紙のとおり。 （別図） ○違反行為事実の概要について （クリックすると拡大されます） （別紙） ○課徴金の額の計算方法について １．課徴金納付命令対象者(１) 違反行為（１）について、 金融商品取引法第１７５条第１項に基づき、課徴金の額は、 （重要事実が公表された後２週間における最も高い価格）×（買付株数） －（買付価格）×（買付株数） となる。 したがって、重要事実の公表後２週間におけるＳＨＩＦＴの最も高い株価は、 ８，５６０円であることから、課徴金の額は下記の金額となる。 （８，５６０円×２，０００株） － 買付価額１０，３５０，０００円 （注１） ＝６，７７０，０００円 ⇒課徴金の額は、 ６７７万円 （注１）買付価額は、 「5,160円×600株＋5,170円×300株＋5,180円×600株＋5,190円×500株」 の額である。 違反行為（２）について、 金融商品取引法第１７５条第１項に基づき、課徴金の額は、 （売付価格）×（売付株数） －（重要事実の公表された後２週間における最も低い価格）×（売付株数） となる。 したがって、重要事実の公表後２週間におけるＳＨＩＦＴの最も低い株価は、 ６７９円であることから、課徴金の額は下記の金額となる。 売付価額２０，６１０，２００円 （注２） － （６７９円×２０，０００株） ＝７，０３０，２００円 ⇒課徴金の額は１万円未満を切り捨てるため、 ７０３万円 （注２）売付価額は、 「1,000円×1,100株＋1,001円×400株＋1,002円×200株＋1,003円×100株＋1,005円×1,200株＋1,015円×800株＋1,016円×300株＋1,018円×100株＋1,019円×400株＋1,020円×100株＋1,021円×300株＋1,026円×1,800株＋1,027円×1,600株＋1,029円×100株＋1,030円×100株＋1,031円×400株＋1,035円×1,000株＋1,038円×2,000株＋1,040円×2,000株＋1,041円×300株＋1,042円×1,100株＋1,043円×300株＋1,045円×1,200株＋1,046円×1,800株＋1,047円×1,300株」 の額である。 ２．課徴金納付命令対象者(２) 金融商品取引法第１７５条の２第１項に基づき、課徴金の額は、 （当該違反行為により当該情報受領者が行った当該売付け等によって得た利得相当額）× １/２ となる。 金融商品取引法第１７５条の２第３項に基づき、利得相当額は、 （売付価格）×（売付株数） －（重要事実が公表された後２週間における最も低い価格）×（売付株数） となる。 したがって、重要事実の公表後２週間におけるＳＨＩＦＴの最も低い株価は、 ６７９円であることから、課徴金の額は下記の金額となる。 ｛売付価額２０，６１０，２００円 （注３） － （６７９円×２０，０００株）｝ × １/２ ＝３，５１５，１００円 ⇒課徴金の額は１万円未満を切り捨てるため、 ３５１万円 （注３）売付価額は、 「1,000円×1,100株＋1,001円×400株＋1,002円×200株＋1,003円×100株＋1,005円×1,200株＋1,015円×800株＋1,016円×300株＋1,018円×100株＋1,019円×400株＋1,020円×100株＋1,021円×300株＋1,026円×1,800株＋1,027円×1,600株＋1,029円×100株＋1,030円×100株＋1,031円×400株＋1,035円×1,000株＋1,038円×2,000株＋1,040円×2,000株＋1,041円×300株＋1,042円×1,100株＋1,043円×300株＋1,045円×1,200株＋1,046円×1,800株＋1,047円×1,300株」 の額である。"
2016-03-18,プレミア証券株式会社,,プレミア証券株式会社に対する検査結果に基づく勧告について（平成28年3月18日）,https://www.fsa.go.jp/sesc/news/c_2016/2016/20160318-1.html,English version 平成28年３月18日 証券取引等監視委員会 プレミア証券株式会社に対する検査結果に基づく勧告について １．勧告の内容 証券取引等監視委員会がプレミア証券株式会社（東京都中央区、法人番号9010001091517、資本金3.43億円、常勤役職員21名、第一種金融商品取引業、第二種金融商品取引業）を検査した結果、下記のとおり、当該金融商品取引業者に係る問題が認められたので、本日、証券取引等監視委員会は、内閣総理大臣及び金融庁長官に対して、金融庁設置法第20条第１項の規定に基づき、行政処分を行うよう勧告した。 ２．事実関係 プレミア証券株式会社（以下「当社」という。）は、上記１．記載の業務の他に、複数の適格機関投資家等特例業務（以下「特例業務」という。）の届出者（以下「届出業者」という。）が営業者となっている匿名組合等（以下「ファンド」という。）に適格機関投資家として出資する（以下「適格機関投資家出資」という。）ことを反復継続的に行っており、これまで届出業者19者が運用する27本のファンドに適格機関投資家出資を行っている。 当社の届出業者に対する適格機関投資家出資の状況を検証したところ、以下の問題が認められた。 なお、届出業者の特例業務については、適格機関投資家が出資を行って、自己のためにファンドに関与することで、ファンドの適正性がある程度確保されることも期待されたものと考えられている。 ○　適格機関投資家出資と評価し得ない出資等 当社は、届出業者７者との間で、ファンドの運営・管理に係るモニタリング等を当社が行うこととする契約（以下「本件契約」という。）を締結した上で、適格機関投資家出資を行っている。 しかしながら、本件契約では、当該届出業者から報酬を受領することを条件として、当該届出業者が運用するファンドに出資を行う旨が定められており、実際には、当社は、本件契約に定めるモニタリング等をほとんど行っていない上に、８本のファンドについて、その運用者である届出業者６者から当社の出資額以上の金額を報酬として受領していた。 したがって、当社が行った当該８本のファンドに対する出資は、実質的には、当社が負担することなく、当該届出業者の負担により行われた実態のないものと認められ、適格機関投資家出資とは到底評価し得ないものである。 上記のような当社の行為は、届出業者の特例業務について適格機関投資家出資を要件とする金融商品取引法の趣旨をないがしろにするものであり、届出業者に特例業務の要件を充足しないまま違法にファンド持分の取得勧誘や出資金の運用を行わせることとなり得るものと認められる。実際に、上記届出業者６者のうち現在も特例業務を行っている１者が運用するファンドについては、当社以外に適格機関投資家は出資していない状況が認められた。 また、当社が適格機関投資家出資を行ったファンドの届出業者において、違法又は不当な行為による投資者被害等の問題が多数認められている（別紙参照）。当社は、適格機関投資家出資の実施について、届出業者から報酬や発注を得られるか否か等で判断しており、出資に当たり、ファンドの運用態勢や運用方針等の評価をほとんど行っていないほか、出資後においても、ファンドの運用や管理の状況、今後の運用方針等についてモニタリングをほとんど行っていない状況が認められた。 上記のような当社の業務運営は、多数の届出業者の違法又は不当な行為等を助長し、投資者被害をもたらす事態等を招いたものと認められる。 当社は、金融商品取引業者として、経営管理及び内部管理上、法令等遵守及び投資者保護に十全を期すべきところ、株式営業から他の取引に事業を拡大していったのに比して、これを怠ったことから、以上のとおり、投資者被害をもたらす事態等を招くなど、当社の適格機関投資家出資に係る業務運営は著しく不適切であり、投資者保護上重大な問題があるものと認められる。 このような当社の適格機関投資家出資に係る状況は、金融商品取引法第51条に規定する「業務の運営に関し、公益又は投資者保護のため必要かつ適当と認めるとき」に該当するものと認められる。 （別紙） 当社が適格機関投資家出資を行ったファンドの届出業者のうち問題が認められたもの １．金融庁の「問題があると認められた届出業者リスト」に掲載されている業者 届出業者名 管轄財務局等 届出日 備考 株式会社ＡＬＴ 関東財務局 H20.10.7 ※報告命令に応じません。 ※届出書（第８面）提出義務違反 株式会社ＳＨ 関東財務局 H24.12.26 ※報告命令に応じません。 株式会社ギフタージャパン 関東財務局 H26.1.7 ※警告書（虚偽告知）を発出しました。 ※警告書（投資者保護上問題あり）を発出しました。 ※報告命令に応じません。 ※虚偽の説明で出資金を騙し取ったなどとして、当社の実質的管理者が詐欺及び金融商品取引法違反容疑で逮捕（平成28年１月18日）されています。 株式会社瀬戸内ファンド 四国財務局 H25.12．11 ※警告書（投資者保護上問題あり）を発出しました。 株式会社日本ヴェリータ 関東財務局 H23.1.13 ※警告書（無登録）を発出しました。 ※警告書（投資者保護上問題あり）を発出しました。 ※報告命令に応じません。 ※虚偽の説明で出資金を騙し取ったなどとして、代表者が詐欺及び金融商品取引法違反容疑で逮捕（平成28年１月18日）されています。 株式会社日本ヴェリタス 関東財務局 H22.11.1 ※警告書（投資者保護上問題あり）を発出しました。 ※報告命令に応じません。 ※虚偽の説明で出資金を騙し取ったなどとして、当社の実質的管理者が詐欺及び金融商品取引法違反容疑で逮捕（平成28年１月18日）されています。 株式会社明和 関東財務局 H25.3.26 ※報告命令に応じません。 ※検査に応じません。 合同会社リアルトレーディング 九州財務局 H24.5.30 ※報告命令に応じません。 （金融庁「問題があると認められた届出業者リスト」（平成28年２月末現在）より抜粋） ２．証券取引等監視委員会又は財務局の検査により、違法又は不当な行為が認められた届出業者 株式会社日本ヴェリタス（平成27年３月20日公表） 株式会社日本ヴェリータ（平成27年３月20日公表） 株式会社ギフタージャパン（平成27年３月20日公表） 株式会社瀬戸内ファンド（平成27年４月24日公表） ※上記届出業者４者のファンドで当社が出資を行っていたものに出資を行っていた適格機関投資家は、当社１社のみである。 参考資料（PDF：250KB） （参考条文） ○　金融商品取引法（昭和23年法律第25号）（抄） （金融商品取引業者に対する業務改善命令） 第五十一条　内閣総理大臣は、金融商品取引業者の業務の運営又は財産の状況に関し、公益又は投資者保護のため必要かつ適当であると認めるときは、その必要の限度において、当該金融商品取引業者に対し、業務の方法の変更その他業務の運営又は財産の状況の改善に必要な措置をとるべきことを命ずることができる。
2016-03-29,新日本建設株式会社,1879,新日本建設株式会社に係る有価証券報告書等の虚偽記載に係る課徴金納付命令勧告について（平成28年3月29日）,https://www.fsa.go.jp/sesc/news/c_2016/2016/20160329-1.html,"English version 平成28年３月29日 証券取引等監視委員会 新日本建設株式会社に係る有価証券報告書等の虚偽記載に係る課徴金納付命令勧告について １．勧告の内容 証券取引等監視委員会は、新日本建設株式会社（法人番号2040001003186）に係る有価証券報告書等の虚偽記載について検査した結果、以下のとおり法令違反の事実が認められたので、本日、内閣総理大臣及び金融庁長官に対して、金融庁設置法第20条第１項の規定に基づき、課徴金納付命令を発出するよう勧告を行った。 ２．法令違反の事実関係 新日本建設株式会社（以下「当社」という。）は、所有不動産の鑑定評価を依頼していた不動産鑑定業者が行った過大な鑑定評価結果に基づき、たな卸資産（販売用不動産）を過大に計上するなどした。 この結果、当社は、関東財務局長に対し、 別紙１ のとおり、金融商品取引法第172条の４第１項及び第２項に規定する「重要な事項につき虚偽の記載がある」以下の有価証券報告書等を提出したものである。 平成23年３月期有価証券報告書（平成23年６月29日提出） 平成23年６月第１四半期四半期報告書（平成23年８月９日提出） 平成23年９月第２四半期四半期報告書（平成23年11月11日提出） 平成23年12月第３四半期四半期報告書（平成24年２月10日提出） 平成24年３月期有価証券報告書（平成24年６月28日提出） 平成24年６月第１四半期四半期報告書（平成24年８月10日提出） 平成24年９月第２四半期四半期報告書（平成24年11月14日提出） 平成24年12月第３四半期四半期報告書（平成25年２月12日提出） ３．課徴金の額の計算 上記の違法行為について金融商品取引法に基づき算定される課徴金の額は、1,800万円である。（計算方法については 別紙２ のとおり。） （別紙１）新日本建設株式会社の有価証券報告書等の虚偽記載内容 （別紙１）新日本建設株式会社の有価証券報告書等の虚偽記載内容 番 号 開示書類 虚偽記載 提出日 書類 会計期間 財務計算に 関する書類 内容（注） 事由 １ 平成23年 ６月29日 第47期事業年度連結会計期間に係る有価証券報告書（平成23年３月期有価証券報告書） 平成22年４月１日～平成23年３月31日の連結会計期間 連結 貸借対照表 連結純資産額が22,590百万円であるところを28,884百万円と記載 ・販売用不動産の過大計上 等 ２ 平成23年 ８月９日 第48期事業年度第１四半期連結会計期間に係る四半期報告書（平成23年６月第１四半期四半期報告書） 平成23年４月１日～平成23年６月30日の第１四半期連結会計期間 四半期連結 貸借対照表 連結純資産額が22,563百万円であるところを28,857百万円と記載 ・販売用不動産の過大計上 等 ３ 平成23年 11月11日 第48期事業年度第２四半期連結会計期間に係る四半期報告書（平成23年９月第２四半期四半期報告書） 平成23年７月１日～平成23年９月30日の第２四半期連結会計期間 四半期連結 貸借対照表 連結純資産額が23,246百万円であるところを29,540百万円と記載 ・販売用不動産の過大計上 等 ４ 平成24年 ２月10日 第48期事業年度第３四半期連結会計期間に係る四半期報告書（平成23年12月第３四半期四半期報告書） 平成23年10月１日～平成23年12月31日の第３四半期連結会計期間 四半期連結 貸借対照表 連結純資産額が23,449百万円であるところを29,743百万円と記載 ・販売用不動産の過大計上 等 ５ 平成24年 ６月28日 第48期事業年度連結会計期間に係る有価証券報告書（平成24年３月期有価証券報告書） 平成23年４月１日～平成24年３月31日の連結会計期間 連結 貸借対照表 連結純資産額が23,770百万円であるところを29,959百万円と記載 ・販売用不動産の過大計上 等 ６ 平成24年 ８月10日 第49期事業年度第１四半期連結会計期間に係る四半期報告書（平成24年６月第１四半期四半期報告書） 平成24年４月１日～平成24年６月30日の第１四半期連結会計期間 四半期連結 貸借対照表 連結純資産額が23,566百万円であるところを29,755百万円と記載 ・販売用不動産の過大計上 等 ７ 平成24年 11月14日 第49期事業年度第２四半期連結会計期間に係る四半期報告書（平成24年９月第２四半期四半期報告書） 平成24年７月１日～平成24年９月30日の第２四半期連結会計期間 四半期連結 貸借対照表 連結純資産額が23,774百万円であるところを29,962百万円と記載 ・販売用不動産の過大計上 等 ８ 平成25年 ２月12日 第49期事業年度第３四半期連結会計期間に係る四半期報告書（平成24年12月第３四半期四半期報告書） 平成24年10月１日～平成24年12月31日の第３四半期連結会計期間 四半期連結 貸借対照表 連結純資産額が23,651百万円であるところを29,839百万円と記載 ・販売用不動産の過大計上 等 （注）金額は百万円未満切捨てである。 （別紙２）課徴金の計算方法 (1) 金融商品取引法第172条の４第１項の規定により、平成23年３月期有価証券報告書に係る課徴金の額は、 ア 当該法人が発行する算定基準有価証券の市場価額の総額に10万分の６を乗じて得た額（814,916円） が イ 6,000,000円 を超えないことから、6,000,000円となる。 (2) 金融商品取引法第172条の４第１項及び第２項の規定により、平成23年６月第１四半期四半期報告書、平成23年９月第２四半期四半期報告書、平成23年12月第３四半期四半期報告書及び平成24年３月期有価証券報告書に係る課徴金について、個別決定ごとの算出額は、 ア 当該法人が発行する算定基準有価証券の市場価額の総額に10万分の６を乗じて得た額 （ 平成23年６月第１四半期四半期報告書 921,442円 平成23年９月第２四半期四半期報告書 820,281円 平成23年12月第３四半期四半期報告書 731,077円 平成24年３月期有価証券報告書 841,040円 ） が イ 6,000,000円 を超えないことから、 平成23年６月第１四半期四半期報告書については、6,000,000円の２分の１に相当する額である3,000,000円 平成23年９月第２四半期四半期報告書については、6,000,000円の２分の１に相当する額である3,000,000円 平成23年12月第３四半期四半期報告書については、6,000,000円の２分の１に相当する額である3,000,000円 平成24年３月期有価証券報告書については、6,000,000円 となる。 ここで、これらの書類が同一の事業年度に係るものであることから、金融商品取引法第185条の７第６項の規定により、下記のとおり600万円を個別決定ごとの算出額に応じて按分した金額が課徴金の額となる。 平成23年６月第１四半期四半期報告書に係る課徴金の額は 1,200,000円 平成23年９月第２四半期四半期報告書に係る課徴金の額は 1,200,000円 平成23年12月第３四半期四半期報告書に係る課徴金の額は 1,200,000円 平成24年３月期有価証券報告書に係る課徴金の額は 2,400,000円 (3) 金融商品取引法第172条の４第２項の規定により、平成24年６月第１四半期四半期報告書、平成24年９月第２四半期四半期報告書及び平成24年12月第３四半期四半期報告書に係る課徴金について、個別決定ごとの算出額は、 ア 当該法人が発行する算定基準有価証券の市場価額の総額に10万分の６を乗じて得た額 （ 平成24年６月第１四半期四半期報告書 719,470円 平成24年９月第２四半期四半期報告書 676,136円 平成24年12月第３四半期四半期報告書 704,476円 ） が イ 6,000,000円 を超えないことから、 平成24年６月第１四半期四半期報告書については、6,000,000円の２分の１に相当する額である3,000,000円 平成24年９月第２四半期四半期報告書については、6,000,000円の２分の１に相当する額である3,000,000円 平成24年12月第３四半期四半期報告書については、6,000,000円の２分の１に相当する額である3,000,000円 となる。 ここで、これらの書類が同一の事業年度に係るものであることから、金融商品取引法第185条の７第６項の規定により、下記のとおり600万円を個別決定ごとの算出額に応じて按分した金額が課徴金の額となる。 平成24年６月第１四半期四半期報告書に係る課徴金の額は 2,000,000円 平成24年９月第２四半期四半期報告書に係る課徴金の額は 2,000,000円 平成24年12月第３四半期四半期報告書に係る課徴金の額は 2,000,000円"
2016-03-18,東岳証券株式会社,,東岳証券株式会社に対する検査結果に基づく勧告について（平成28年3月18日）,https://www.fsa.go.jp/sesc/news/c_2016/2016/20160318-2.html,English version 平成28年３月18日 証券取引等監視委員会 東岳証券株式会社に対する検査結果に基づく勧告について １．勧告の内容 証券取引等監視委員会が東岳証券株式会社（東京都千代田区、法人番号1010001088396、（注）、資本金4.98億円、常勤役職員16名、第一種金融商品取引業、第二種金融商品取引業及び投資助言・代理業）を検査した結果、下記のとおり、当該金融商品取引業者に係る問題が認められたので、本日、証券取引等監視委員会は、内閣総理大臣及び金融庁長官に対して、金融庁設置法第20条第１項の規定に基づき、行政処分を行うよう勧告した。 （注）平成28年２月19日、前代表取締役社長Aが退任し、同日付けで現代表取締役社長が就任。 ２．事実関係 東岳証券株式会社（以下「当社」という。）は、上記１．記載の業務の他に、複数の適格機関投資家等特例業務（以下「特例業務」という。）の届出者（以下「届出業者」という。）が営業者となっている匿名組合等（以下「ファンド」という。）に適格機関投資家として出資する（以下「適格機関投資家出資」という。）ことを反復継続的に行っており、これまで届出業者７者が運用する31本のファンドに適格機関投資家出資を行っている。 当社の届出業者に対する適格機関投資家出資の状況を検証したところ、以下の問題が認められた。 なお、届出業者の特例業務については、適格機関投資家が出資を行って、自己のためにファンドに関与することで、ファンドの適正性がある程度確保されることも期待されたものと考えられている。 ○適格機関投資家出資と評価し得ない出資等 当社が適格機関投資家出資を行っているファンドのうち３本については、届出業者２者との間で、当社のウェブサイトに掲載しているレポートを提供することなどを内容とする契約（以下「本件契約」という。）を締結し、手数料を受領の上、当該手数料と同額をファンドに出資している。 本件契約により、提供されているレポートは、当社ウェブサイトにおいて一般に無償で公開している内容であり、有償で提供する価値があるものとは認められない。なお、本件契約に基づいて当社が提供したものは上記レポートのみである。 したがって、当社が行った当該３本のファンドに対する出資は、実質的には、当社が負担することなく、当該届出業者の負担により行われた実態のないものと認められ、適格機関投資家出資とは到底評価し得ないものである。 上記のような当社の行為は、届出業者の特例業務について適格機関投資家出資を要件とする金融商品取引法の趣旨をないがしろにするものであり、届出業者に特例業務の要件を充足しないまま違法にファンド持分の取得勧誘や出資金の運用を行わせることとなり得るものと認められる。 また、当社が適格機関投資家出資を行ったファンドの届出業者において、違法又は不当な行為による投資者被害等の問題が認められている（別紙参照）。当社は、適格機関投資家出資を行うに際し、届出業者から外国為替証拠金取引の発注を得ることを目的として出資を決定しており、ファンドの運用態勢や運用方針等の評価をほとんど行っていないほか、出資後においても、ファンドの運用や管理の状況、今後の運用方針等についてモニタリングをほとんど行っていない状況が認められた。 上記のような当社の業務運営は、届出業者の違法又は不当な行為等を助長し、投資者被害をもたらす事態等を招いたものと認められる。 当社においては、代表取締役社長が経営管理及び内部管理にほとんど関与せず、当社の支配的株主である代表取締役専務に重要な権限が集中するなど、ガバナンス及び内部管理態勢の弱さが認められ、金融商品取引業者として、経営管理及び内部管理上、法令等遵守及び投資者保護に十全を期すべきところ、主たる業務の受注増加を目的として他の取引に事業を拡大していったのに比して、これを怠ったことから、上記のとおり、投資者被害をもたらす事態を招くなど、当社の適格機関投資家出資に係る業務運営は著しく不適切であり、投資者保護上重大な問題があるものと認められる。 このような当社の適格機関投資家出資に係る業務運営状況は、金融商品取引法第51条に規定する「業務の運営に関し、公益又は投資者保護のため必要かつ適当と認めるとき」に該当するものと認められる。 （別紙） 当社が適格機関投資家出資を行ったファンドの届出業者のうち問題が認められたもの １．金融庁の「問題があると認められた届出業者リスト」に掲載されている業者 届出業者名 管轄財務局等 届出日 備考 株式会社日本ヴェリータ 関東財務局 H23.1.13 ※警告書（無登録）を発出しました。 ※警告書（投資者保護上問題あり）を発出しました。 ※報告命令に応じません。 ※虚偽の説明で出資金を騙し取ったなどとして、代表者が詐欺及び金融商品取引法違反容疑で逮捕(平成28年1月18日）されています。 株式会社日本ヴェリタス 関東財務局 H22.11.1 ※警告書（投資者保護上問題あり）を発出しました。 ※報告命令に応じません。 ※虚偽の説明で出資金を騙し取ったなどとして、当社の実質的管理者が詐欺及び金融商品取引法違反容疑で逮捕(平成28年1月18日)されています。 （金融庁「問題があると認められた届出業者リスト」（平成28年２月末現在）より抜粋） ２．証券取引等監視委員会の検査等により、違法又は不当な行為が認められた業者 株式会社日本ヴェリタス（平成27年３月20日公表） 株式会社日本ヴェリータ（平成27年３月20日公表） ※上記届出業者２者のファンドで当社が出資を行っていたものに出資を行っていた適格機関投資家は、当社１社のみである。 参考資料（PDF：226KB） （参考条文） ○金融商品取引法（昭和23年法律第25号）（抄） （金融商品取引業者に対する業務改善命令） 第五十一条内閣総理大臣は、金融商品取引業者の業務の運営又は財産の状況に関し、公益又は投資者保護のため必要かつ適当であると認めるときは、その必要の限度において、当該金融商品取引業者に対し、業務の方法の変更その他業務の運営又は財産の状況の改善に必要な措置をとるべきことを命ずることができる。
2016-03-15,ファーストメイク・リミテッド株式会社,,ファーストメイク・リミテッド株式会社に対する検査結果に基づく勧告について（平成28年3月15日）,https://www.fsa.go.jp/sesc/news/c_2016/2016/20160315-1.html,English version 平成28年３月15日 証券取引等監視委員会 ファーストメイク・リミテッド株式会社に対する検査結果に基づく勧告について １．勧告の内容 関東財務局長がファーストメイク・リミテッド株式会社（東京都千代田区、法人番号1010001090303、資本金1000万円、常勤役職員４名、投資助言・代理業、金融商品仲介業、適格機関投資家等特例業務）を検査した結果、下記のとおり、当該金融商品取引業者等に係る問題が認められたので、本日、証券取引等監視委員会は、内閣総理大臣及び金融庁長官に対して、金融庁設置法第20条第１項の規定に基づき、行政処分を行うよう勧告した。 ２．事実関係 (1)　法人関係情報を利用した勧誘行為及び法人関係情報の管理不備 ア　金融商品仲介業において、他の業務で取得した法人関係情報を利用した勧誘行為 ファーストメイク・リミテッド株式会社（以下「当社」という。）は、上記１．記載の業務の他に、上場会社の資金調達に関する相談に応じ、資金調達方法として増資の引受先を紹介するなどの業務（以下「アドバイザリー業務」という。）を行っている。 当社のA代表取締役（以下「A代表」という。）は、平成25年４月、アドバイザリー業務において、上場会社であるα社に対し、当社組成のファンド（以下「本件ファンド」という。）を割当先とする新株式及び新株予約権の発行を行うことを提案し、同年９月、α社社長の内諾として、α社が増資を行う予定である旨の法人関係情報を取得した。 その後、A代表は、適格機関投資家等特例業務として、本件ファンドの出資持分の取得勧誘を開始したが、その過程で本件ファンドへの出資に関心を示さなかった顧客に対しては、金融商品仲介業務として、α社の既発行株式の買付けを勧誘することとした。 そして、A代表は、本件増資が公表される前に、２名の顧客に対して、アドバイザリー業務によって取得した当該法人関係情報を利用して、α社の既発行株式の買付けを勧誘した。 上記アの当社が金融商品仲介業として行ったα社の既発行株式に係る勧誘行為は、金融商品仲介業以外の業務で取得した法人関係情報（有価証券の発行者に関する情報）を利用して行ったものであり、金融商品取引法（平成26年法律第44号による改正前のもの。）第66条の14第１号ニに該当するものと認められる。 イ　法人関係情報の管理の不備 A代表は、アドバイザリー業務の担当であり、法人関係情報を取得する立場にあるところ、当社では、法人関係情報について、その管理に関する社内規程がなく、取扱いがA代表の判断に委ねられている状況で、法人関係情報を管理するためのチェック機能やけん制機能が全く働いていないなど、アドバイザリー業務を通じて取得された法人関係情報がいつでも顧客に提供可能な状態に置かれている。 上記イの当社における法人関係情報の管理の状況は、法人関係情報に係る不公正な取引の防止を図るために必要かつ適切な措置を講じていないと認められ、(a) 金融商品取引業者としては、金融商品取引法第40条第２号に基づく金融商品取引業等に関する内閣府令第123条第１項第５号に該当するものと認められ、（b) 金融商品仲介業者としては、同法第66条の15において準用する同法第40条第２号に基づく同府令第281条第３号に該当するものと認められる。 (2)　上場会社による有価証券届出書の虚偽記載への加担等 A代表は、平成25年12月に、株式会社オプトロム（同27年10月名古屋証券取引所セントレックス上場廃止。以下「オプトロム社」という。）による第４回新株予約権の発行（以下「本件増資」という。）に関し、旧知の仲であったオプトロム社のB役員（当時。以下同じ。）から、本件増資の引受先を紹介した者として当社の名義を貸して欲しい旨の要請を受けた。 当該要請は、具体的には、 (a)　オプトロム社が、当社に対し、本件増資に伴う新規資金調達額の5.5％相当額を手数料として一旦交付する (b)　このうち5.0％相当額は、当社がオプトロム社の指定する者に支払う (c)　残った0.5％相当額は、当社が名義を貸してくれたことへの報酬とする との内容であった。 A代表は、当該要請を承諾し、その後、オプトロム社のB役員より上記5.0%相当額の支払先が株式会社ヴォロンテ（以下「ヴォロンテ社」という。）であると知らされた。 そして、A代表は、オプトロム社のB役員より、平成26年１月21日及び同年２月７日、本件増資に係る有価証券届出書の案を示され、その内容の確認を求められた。同代表は、当該届出書案において、「本新株予約権の行使に比例し、割当予定先の当該行使額の5.5％が株式会社ファーストメイク（略）に対するアドバイザリー費用となっております」など事実と異なる記載があることを確認したにもかかわらず、オプトロム社が名古屋証券取引所から本件増資の承認を得られやすい表現であればよいとの考えから、オプトロム社に訂正を求めず、これを容認した。 この結果、平成26年２月27日、オプトロム社から、上記虚偽の内容が記載された有価証券届出書が当局に提出された。 その後、A代表は、オプトロム社のC役員（当時）の指示に従い、平成27年４月までの間、複数回にわたり、オプトロム社から本件増資に係るアドバイザリー費用の名目で受領した金銭2822万円のうち2389万円を、ヴォロンテ社に振込み又は現金で支払っており、当社に対するアドバイザリー費用となっているとする当該有価証券届出書の記載に反する行為を継続した。 当社は、上記アドバイザリー業務に関し、名義貸しを行い、有価証券届出書の虚偽記載を容認した上、当該届出書に記載された内容に反する行為を継続した。当社の当該行為は、オプトロム社が行った有価証券届出書の虚偽記載に加担したものと認められる。 さらに、当社は、ヴォロンテ社に対する上記支払いに際し、ヴォロンテ社及びその代表者等の本人確認や反社会的勢力との関連性等の確認を行っていない状況が認められた。 このような当社の業務運営の状況は、金融商品取引法第51条に規定する「業務の運営に関し、公益又は投資者保護のため必要かつ適当であると認めるとき」に該当するものと認められる。 （参考条文） ○　金融商品取引法（昭和23年法律第25号）（抄） （適合性の原則等） 第四十条　金融商品取引業者等は、業務の運営の状況が次の各号のいずれかに該当することのないように、その業務を行わなければならない。 一　（略） 二　前号に掲げるもののほか、業務に関して取得した顧客に関する情報の適正な取扱いを確保するための措置を講じていないと認められる状況、その他業務の運営の状況が公益に反し、又は投資者の保護に支障を生ずるおそれがあるものとして内閣府令で定める状況にあること。 （金融商品取引業者に対する業務改善命令） 第五十一条　内閣総理大臣は、金融商品取引業者の業務の運営又は財産の状況に関し、公益又は投資者保護のため必要かつ適当であると認めるときは、その必要の限度において、当該金融商品取引業者に対し、業務の方法の変更その他業務の運営又は財産の状況の改善に必要な措置をとるべきことを命ずることができる。 （禁止行為） 第六十六条の十四　金融商品仲介業者又はその役員若しくは使用人は、次に掲げる行為をしてはならない。 一　金融商品仲介業に関連し、次に掲げるいずれかの行為を行うこと。 イ～ハ　（略） ニ　金融商品仲介業以外の業務を行う場合には当該業務により知り得た有価証券の発行者に関する情報（有価証券の発行者の運営、業務又は財産に関する公表されていない情報であつて金融商品仲介業に係る顧客の投資判断に影響を及ぼすものに限る。）を利用して勧誘する行為 （以下、略） （注）当該条文は、平成27年５月29日に施行された平成26年法律第44号による改正前のものである（改正後は第六十六条の十四第一号ホとなる）。 （損失補てん等の禁止等に関する金融商品取引業者等に係る規定の準用） 第六十六条の十五　第三十八条の二、第三十九条第一項、第三項及び第五項並びに第四十条の規定は金融商品仲介業者について、第三十九条第二項及び第四項の規定は金融商品仲介業者の顧客について、それぞれ準用する。この場合において、同条第三項中「当該金融商品取引業者等が」とあるのは、「当該金融商品仲介業者の所属金融商品取引業者等が」と読み替えるものとするほか、必要な技術的読替えは、政令で定める。 ○　金融商品取引業等に関する内閣府令（平成19年内閣府令第52号）（抄） （定義） 第一条　（略） ４　この府令において、次の各号に掲げる用語の意義は、当該各号に定めるところによる。 一～十三　（略） 十四　法人関係情報　法第百六十三条第一項に規定する上場会社等の運営、業務又は財産に関する公表されていない重要な情報であって顧客の投資判断に影響を及ぼすと認められるもの並びに法第二十七条の二第一項に規定する公開買付け（同項本文の規定の適用を受ける場合に限る。）、これに準ずる株券等（同項に規定する株券等をいう。）の買集め及び法第二十七条の二十二の二第一項に規定する公開買付け（同項本文の規定の適用を受ける場合に限る。）の実施又は中止の決定（法第百六十七条第二項ただし書に規定する基準に該当するものを除く。）に係る公表されていない情報をいう。 （以下、略） （業務の運営の状況が公益に反し又は投資者の保護に支障を生ずるおそれがあるもの） 第百二十三条　法第四十条第二号に規定する内閣府令で定める状況は、次に掲げる状況とする。 一～四　（略） 五　その取り扱う法人関係情報に関する管理又は顧客の有価証券の売買その他の取引等に関する管理について法人関係情報に係る不公正な取引の防止を図るために必要かつ適切な措置を講じていないと認められる状況 （以下、略） （業務の運営の状況が公益に反し又は投資者の保護に支障を生ずるおそれがあるもの） 第二百八十一条　法第六十六条の十五において準用する法第四十条第二号に規定する内閣府令で定める状況は、次に掲げる状況とする。 一・二　（略） 三　その取り扱う法人関係情報に関する管理又は顧客の有価証券の売買その他の取引、市場デリバティブ取引又は外国市場デリバティブ取引に関する管理について法人関係情報に係る不公正な取引の防止を図るために必要かつ適切な措置を講じていないと認められる状況 （以下、略）
2016-03-11,株式会社エフ・サポートほか１名,,株式会社エフ・サポートほか１名の金融商品取引法違反行為に係る裁判所への申立てについて（平成28年3月11日）,https://www.fsa.go.jp/sesc/news/c_2016/2016/20160311-2.html,English version 平成２８年３月１１日 証券取引等監視委員会 株式会社エフ・サポートほか１名の金融商品取引法違反行為に係る裁判所への申立てについて １．申立ての内容等 関東財務局長が、株式会社エフ・サポート（東京都千代田区、法人番号4010001140575、資本金１０００万円、金融商品取引業の登録等はない。以下「当社」という。）（注）に対して金融商品取引法（以下「金商法」という。）第１８７条第１項に基づく調査を行った結果、下記２．の事実が認められたことから、本日、証券取引等監視委員会は、金商法第１９２条第１項に基づき、東京地方裁判所に対し、当社及び当社の実質的経営者A（以下、当社及びAを併せて「当社ら」という。）を被申立人として、金商法違反行為（無登録で、株式の売買及び株式売買の委託の取次ぎを業として行うこと）の禁止及び停止を命ずるよう申立てを行った。 （注）当社の登記上の代表取締役Bは、名目上の代表取締役であり、Aが当社を実質的に支配し、経営している。 ２．事実関係 Aは、当社の下記違法行為と同様の行為を行っていた株式会社データ・ファイブ（東京都中央区、金融商品取引業の登録等はない。以下「データ社」という。）の資金繰りに行き詰まったことから、データ社を清算することとし、清算資金獲得のための会社として、当時、休眠会社であった当社を譲り受けた。 そして、Aは、平成２２年５月頃から、当社において、データ社の顧客の取引を当社に引き継がせて、これら顧客との間で上場株式及び新規公開株式の取引を継続するとともに、新規顧客の勧誘を開始した。 A及び当社の営業員（以下「Aら」という。）は、当社に上場株式の売買の注文を行うと、これを当社が顧客に代わって証券会社に取り次いで、上場株式の売買ができるなどと説明して一般投資家を勧誘し、これに応じた一般投資家との間で上記取引を行う旨合意し、一般投資家から上場株式の売買の注文を受け付け、売買代金の入金を受けていた。 また、Aらは、当社が割当てを受けたとする新規公開株式について売買を行うことができるなどと説明して一般投資家を勧誘し、これに応じた一般投資家との間で上記取引を行う旨合意し、一般投資家から新規公開株式の売買の注文を受け付け、売買代金の入金を受けていた。 以上の結果、当社は、データ社から当社に引き継がれた顧客の取引を含め、遅くとも平成２０年４月から平成２８年１月までの間に、９３名の一般投資家から約３億２０００万円の入金を受けた。 当社らの上記各行為は、いずれも金商法第２８条第１項に規定する「第一種金融商品取引業」に該当するものであり、金商法第２９条に基づく登録を受けずに上記各行為を行うことは、同条に違反するものである。 そして、当社らは、本来株式売買の代金として用いられるべき金員を、一般投資家との間の合意に反して株式売買等に充てずに、Aの個人的債務の弁済及び当社経費の支払等で費消して毀損しており、当社らの違法行為を禁止・停止させなければ、一般投資家の利益が更に害されるおそれが高い。 また、上記違法行為は長期間に及んでいる上、当社らは、顧客から受けた金員をすでに毀損していることから、既存の一般投資家からの売付注文等に対応し、返金等をするためには、新たな入金を受け続けなければならない状況にあり、平成２８年１月時点においても違法行為を継続し、顧客から入金を受けている状況にある。 以上からすれば、当社らは上記違法行為を今後も行う蓋然性が高く、これを可及的速やかに禁止・停止させる必要がある。 参考資料（PDF：498KB） （クリックすると拡大されます） 参考条文 ○　第一種金融商品取引業 金融商品取引法(抄) （定義） 第二条　（略） ２～７　（略） ８　この法律において 「金融商品取引業」とは、次に掲げる行為（略）のいずれかを業として行うこと をいう。 一 有価証券の売買 （デリバティブ取引に該当するものを除く。以下同じ。）、市場デリバティブ取引（金融商品（第二十四項第三号の二に掲げるものに限る。）又は金融指標（当該金融商品の価格及びこれに基づいて算出した数値に限る。）に係る市場デリバティブ取引（以下「商品関連市場デリバティブ取引」という。）を除く。）又は外国市場デリバティブ取引（有価証券の売買にあつては、第十号に掲げるものを除く。） 二　（略） 三 次に掲げる取引の委託の 媒介、 取次ぎ 又は代理 イ 取引所金融商品市場における有価証券の売買 又は市場デリバティブ取引 ロ　（略） 四～十八　（略） ９～39　（略） 第二十八条　この章において 「第一種金融商品取引業」とは、金融商品取引業のうち、次に掲げる行為のいずれかを業として行うこと をいう。 一 有価証券 （第二条第二項の規定により有価証券とみなされる同項各号に掲げる権利を除く。） についての同条第八項第一号から第三号 まで、第五号、第八号又は第九号に掲げる行為 一の二～五　（略） ２～８　（略） （登録） 第二十九条　金融商品取引業は、内閣総理大臣の登録を受けた者でなければ、行うことができない。 ○　緊急差止命令に係る申立て 金融商品取引法(抄) （審問等に関する調査のための処分） 第百八十七条 内閣総理大臣又は内閣総理大臣及び財務大臣は、この法律の規定による審問、この法律の規定による処分に係る聴聞又は 第百九十二条の規定による申立てについて、必要な調査をするため、当該職員に、次に掲げる処分をさせることができる 。 一　関係人若しくは参考人に出頭を命じて意見を聴取し、又はこれらの者から意見書若しくは報告書を提出させること。 二　鑑定人に出頭を命じて鑑定させること。 三　関係人に対し帳簿書類その他の物件の提出を命じ、又は提出物件を留めて置くこと。 四　関係人の業務若しくは財産の状況又は帳簿書類その他の物件を検査すること。 ２ （略） （裁判所の禁止又は停止命令） 第百九十二条 裁判所は、次の各号のいずれかに該当すると認めるときは、内閣総理大臣又は内閣総理大臣及び財務大臣の申立てにより、当該各号に定める行為を行い、又は行おうとする者に対し、その行為の禁止又は停止を命ずることができる。 一　緊急の必要があり、かつ、公益及び投資者保護のため必要かつ適当であるとき　この法律又はこの法律に基づく命令に違反する行為 二　第二条第二項第五号若しくは第六号に掲げる権利又は同項第七号に掲げる権利（同項第五号又は第六号に掲げる権利と同様の経済的性質を有するものとして政令で定める権利に限る。）に関し出資され、又は拠出された金銭（これに類するものとして政令で定めるものを含む。）を充てて行われる事業に係る業務執行が著しく適正を欠き、かつ、現に投資者の利益が著しく害されており、又は害されることが明白である場合において、投資者の損害の拡大を防止する緊急の必要があるとき　これらの権利に係る同条第八項第七号から第九号までに掲げる行為 ２～４ （略） 第百九十八条 次の各号のいずれかに該当する者は、三年以下の懲役若しくは三百万円以下の罰金に処し、又はこれを併科する。 一～七　（略） 八　第百九十二条第一項又は第二項の規定による裁判所の命令に違反した者 第二百七条 法人（中略）の代表者又は法人若しくは人の代理人、使用人その他の従業者が、その法人又は人の業務又は財産に関し、次の各号に掲げる規定の違反行為をしたときは、その行為者を罰するほか、その法人に対して当該各号に定める罰金刑を、その人に対して各本条の罰金刑を科する。 一二　（略） 三　第百九十八条（中略）又は第百九十八条の三から第百九十八条の五まで　三億円以下の罰金刑 四～六　（略） ２・３ （略）
2016-03-15,株式会社ウィズ,1672,ウィズ株式に係る相場操縦に対する課徴金納付命令の勧告について（平成28年3月15日）,https://www.fsa.go.jp/sesc/news/c_2016/2016/20160315-2.html,"English version 平成２８年３月１５日 証券取引等監視委員会 ウィズ株式に係る相場操縦に対する課徴金納付命令の勧告について １．勧告の内容 証券取引等監視委員会は、ウィズ株式に係る相場操縦について検査した結果、下記のとおり法令違反の事実が認められたので、本日、内閣総理大臣及び金融庁長官に対して、金融庁設置法第２０条第１項の規定に基づき、課徴金納付命令を発出するよう勧告を行った。 ２．法令違反の事実関係 (1) 株式会社トレード・ラボ（法人番号5010401079339、課徴金納付命令対象者(1)、以下「トレード・ラボ」という。）は、投資事業有限責任組合契約に基づき、トレード・ラボ投資事業有限責任組合（以下「組合」という。）の財産の運用、管理等を行う無限責任組合員として、組合に出資された財産の運用権限を有していたものである。 トレード・ラボの役員として組合財産を運用していた課徴金納付命令対象者(2)は、トレード・ラボの業務に関し、株式会社ウィズの株式につき、同株式の売買を誘引する目的をもって、平成２６年８月１４日午前９時３分頃から同月１８日午後２時５９分頃までの間、３取引日にわたり、直前の約定値より高指値の売り注文及び買い注文を、課徴金納付命令対象者(2)の買い注文及び売り注文と対当させて株価を引き上げたり、直前の約定値より高指値の買い注文を発注して株価を引き上げるなどの方法により、同株式合計３８００株を買い付ける一方、同株式合計３３００株を売り付け、そのうち、トレード・ラボらの同年８月度における組合への出資割合である約０．７８パーセントについては自己の計算において、それ以外においては自己以外の者である組合への出資者の計算において、もって、同株式の売買が繁盛であると誤解させ、かつ、同株式の相場を変動させるべき一連の売買をしたものである。 (2) 課徴金納付命令対象者(2)は、株式会社ウィズの株式につき、同株式の売買を誘引する目的をもって、平成２６年８月１４日午前９時３分頃から同月１８日午後２時４５分頃までの間、３取引日にわたり、直前の約定値より高指値の買い注文を、課徴金納付命令対象者(1)の売り注文と対当させて株価を引き上げたり、直前の約定値より高指値の買い注文を発注して株価を引き上げるなどの方法により、同株式合計３１００株を買い付ける一方、同株式合計４５００株を売り付け、そのうち、自己の計算で、同株式合計５００株を買い付ける一方、同株式合計２８００株を売り付け、もって、同株式の売買が繁盛であると誤解させ、かつ、同株式の相場を変動させるべき一連の売買をしたものである。 違反行為事実の概要については、別図のとおり。 課徴金納付命令対象者が行った上記の行為は、金融商品取引法第１７４条の２第１項に規定する「第１５９条第２項第１号の規定に違反する一連の有価証券売買等」に該当すると認められる。 ３．課徴金の額の計算 上記の違法行為に対し金融商品取引法に基づき納付を命じられる課徴金の額は、下記のとおりである。 課徴金納付命令対象者（1） ３８２万円 課徴金納付命令対象者（2） １１２５万円 計算方法の詳細については、別紙のとおり。 （別図） ○ 違反行為事実の概要について （クリックすると拡大されます） ※小数点以下の端数が生じた場合、小数第三位を切り捨てて表記している。なお、計算の過程においては端数処理を行わず計算している。 （別紙） ○ 課徴金の額の計算方法について １．課徴金納付命令対象者(1) (1) 金融商品取引法第１７４条の２第１項に基づき、課徴金の額は、下記ア.ないしウ.の合計額として計算される。 ア．売買対当数量 （注１） に係るものについて、 （自己の計算による有価証券の売付価額）－（自己の計算による有価証券の買付価額） イ．当該違反行為に係る自己の計算による有価証券の売付数量が自己の計算による買付数量を超える場合の、当該超える数量に係るものについて、 （有価証券の売付価額）－（当該違反行為が終了してから１月を経過するまでの間の当該有価証券の最低価格×当該超える数量） または、 当該違反行為に係る自己の計算による有価証券の買付数量が自己の計算による売付数量を超える場合の、当該超える数量に係るものについて、 （当該違反行為が終了してから１月を経過するまでの間の当該有価証券の最高価格×当該超える数量）－（有価証券の買付価額） ウ．課徴金納付命令対象者（1）が、自己以外の者の計算において、当該違反行為の開始時から当該違反行為の終了後１月を経過するまでの間に違反行為又は有価証券の売付け等若しくは有価証券の買付け等をした場合、当該違反者は、運用対象財産の運用として当該違反行為又は有価証券の売付け等若しくは有価証券の買付け等を行った者であるので、当該違反行為又は有価証券の売付け等若しくは有価証券の買付け等をした日の属する月における当該運用対象財産のうち金融商品取引法第六章の二の規定による課徴金に関する内閣府令第１条の１６第１項で定めるものの運用の対価の額に相当する額として同条第２項で定める額に三を乗じて得た額 （注１）売買対当数量：当該違反行為に係る有価証券の売付数量と買付数量のうち、いずれか少ない数量をいう。 (2) 課徴金納付命令対象者(1)の違反行為について、本件における課徴金の額は、下記ア.ないしウ.によりそれぞれ算定される額の合計　3,820,482円 ⇒課徴金の額は、１万円未満を切り捨てるため、 ３８２万円 ア．当該違反行為に係る売買対当数量は、 （ア）当該違反行為に係る自己の計算による有価証券の売付数量は、25.98株 （注２） （3,300株×出資割合500/63,500 （注３） ）であり、 （イ）当該違反行為に係る自己の計算による有価証券の買付数量は、実際の買付け等の数量29.92株（3,800株×出資割合500/63,500 （注３） ）に、金融商品取引法第１７４条の２第８項及び同法施行令第３３条の１３第１号により、違反行為の開始時にその時における価格（899円）で買付けを自己の計算においてしたものとみなされる当該違反行為の開始時に所有している当該有価証券の数量372.44株（47,300株×出資割合500/63,500 （注３） ）を加えた402.36株である ことから、25.98株となる。 当該売買対当数量に係るものについて、 売付価額24,712.59円 （注４） － 買付価額23,359.84円 （注５） ＝1,352.75円 （注２）小数点以下の端数が生じた場合は、小数第三位を切り捨てて表記している。当資料において、以下、同じ。なお、計算の過程においては端数処理を行わず計算している。 （注３）平成26年8月時点において、組合への出資63,500口のうち、500口が課徴金納付命令対象者(1）及び課徴金納付命令対象者(1）と密接な関係を有する者等による出資であることから、同出資割合である「500/63,500（約0.78％）」について、自己の計算において行ったものと認められる。 （注４）売付価額は、 「(920円×100株＋925円×100株＋948円×1,500株＋949円×100株＋950円×300株＋954円×600株＋956円×300株＋976円×200株＋977円×100株)×500/63,500（注３）」 の額である。 （注５）買付価額は、 「(899円×3,300株)×500/63,500（注３）」 の額である。 （注６）買付価額の算定においては、金融商品取引法施行令第３３条の１４第５項の規定により、当該違反行為に係る有価証券の買付けのうち最も早い時期に行われたものから順次当該売買対当数量に達するまで割り当てることとなる。 本件においては、違反行為の開始時点において所有しており、金融商品取引法第１７４条の２第８項及び同法施行令第３３条の１３第１号の規定により、違反行為の開始時点にその時における価格（899円）で買い付けたものとみなされるもの（みなし買付け）から割り当てられることとなる。 イ．上記ア.のとおり、当該違反行為に係る有価証券の買付数量が、売付数量を超えることから、 当該超える数量376.37株（402.36株－25.98株）について、 当該違反行為が終了してから１月を経過するまでの間の当該有価証券の最高価格（1,675円）に当該超える数量を乗じて得た額 630,433.07円（1,675円×376.37株）－ 買付価額339,548.81円 （注７） ＝290,884.25円 （注７）買付価額は、 「（899円×44,100株＋914円×200株＋918円×300株＋922円×100株＋924円×100株＋925円×100株＋926円×100株＋927円×100株＋928円×300株＋930円×300株＋931円×100株＋934円×100株＋935円×400株＋940円×100株＋945円×100株＋946円×100株＋950円×200株＋955円×100株＋959円×200株＋960円×300株＋968円×100株＋971円×100株＋980円×200株）×500/63,500（注３）」 の額である。 ウ．当該違反行為をした日の属する月における当該運用財産の運用の対価の額は1,176,081.86円であることから、 これに三を乗じて得た額3,528,245.60円 （注８） （1,176,081.86円×３） （注８）課徴金納付命令対象者(1）に対する自己以外の者の計算分の課徴金は、運用を行う金銭その他の財産のうち算定対象取引（注９）に係る利益又は損失が帰属するものについて、算定対象取引が行われた日の属する月に課徴金納付命令対象者(1）に運用の対価として支払われ、又は支払われるべき金銭その他の財産（以下「運用報酬」という。）の価額（運用報酬算定期間が1月を超える場合にあっては、当該運用報酬算定期間の月数で除す方法その他の合理的な方法により算出した額）の総額に三を乗じて得た額になる。 課徴金納付命令対象者(1）の受領した運用報酬算定期間が１月を超えるので、当該運用報酬算定期間の月数で除す方法により算出すると、違反行為期間が含まれる平成26年８月における課徴金納付命令対象者(1）の管理報酬及び成功報酬の月額のうち、課徴金納付命令対象者(1）及び課徴金納付命令対象者(1）と密接な関係を有する者等の出資割合である約0.78％（注３）分を除いた金額は1,176,081.86円となる。したがって、課徴金納付命令対象者(1）に対する自己以外の者の計算分の課徴金額は、この1,176,081.86円に３を乗じて得た金額である3,528,245.60円となる。 （注９）算定対象取引：算定対象取引とは、金融商品取引法第１７４条の２第１項第２号ニの違反行為又は有価証券の売付け等若しくは有価証券の買付け等のうち違反行為に係る有価証券等に係るものを指す（金融商品取引法第六章の二の規定による課徴金に関する内閣府令第１条の１６第１項第１号）。 ２．課徴金納付命令対象者(2) (1) 金融商品取引法第１７４条の２第１項に基づき、課徴金の額は、下記ア.及びイ.の合計額として計算される。 ア．売買対当数量 （注１） に係るものについて、 （自己の計算による有価証券の売付価額）－（自己の計算による有価証券の買付価額） イ．当該違反行為に係る自己の計算による有価証券の売付数量が自己の計算による買付数量を超える場合の、当該超える数量に係るものについて、 （有価証券の売付価額）－（当該違反行為が終了してから１月を経過するまでの間の当該有価証券の最低価格×当該超える数量） または、 当該違反行為に係る自己の計算による有価証券の買付数量が自己の計算による売付数量を超える場合の、当該超える数量に係るものについて、 （当該違反行為が終了してから１月を経過するまでの間の当該有価証券の最高価格×当該超える数量）－（有価証券の買付価額） (2) 課徴金納付命令対象者(2)の違反行為について、本件における課徴金の額は、下記ア.及びイ.によりそれぞれ算定される額の合計　11,254,600円 ⇒課徴金の額は、１万円未満を切り捨てるため、 １１２５万円 ア．当該違反行為に係る売買対当数量は、 （ア）当該違反行為に係る自己の計算による有価証券の売付数量は、2,800株であり、 （イ）当該違反行為に係る自己の計算による有価証券の買付数量は、実際の買付け等の数量500株に、金融商品取引法第１７４条の２第８項及び同法施行令第３３条の１３第１号により、違反行為の開始時にその時における価格（914円）で買付けを自己の計算においてしたものとみなされる当該違反行為の開始時に所有している当該有価証券の数量17,000株を加えた17,500株である ことから、2,800株となる。 当該売買対当数量に係るものについて、 売付価額2,647,900円 （注10） － 買付価額2,559,200円 （注11） ＝88,700円 （注10）売付価額は、 「940円×400株＋941円×300株＋942円×200株＋944円×300株＋948円×1000株＋950円×600株」 の額である。 （注11）買付価額は、 「914円×2,800株」 の額である。 （注12）買付価額の算定においては、金融商品取引法施行令第３３条の１４第５項の規定により、当該違反行為に係る有価証券の買付けのうち最も早い時期に行われたものから順次当該売買対当数量に達するまで割り当てることとなる。 本件においては、違反行為の開始時点において所有しており、金融商品取引法第１７４条の２第８項及び同法施行令第３３条の１３第１号の規定により、違反行為の開始時点にその時における価格（914円）で買い付けたものとみなされるもの（みなし買付け）から割り当てられることとなる。 イ．上記ア.のとおり、当該違反行為に係る自己の計算による有価証券の買付数量が、自己の計算による売付数量を超えることから、 当該超える数量14,700株（17,500株－2,800株）について、 当該違反行為が終了してから１月を経過するまでの間の当該有価証券の最高価格（1,675円）に当該超える数量を乗じて得た額 24,622,500円（1,675円×14,700株）－ 買付価額13,456,600円 （注13） ＝11,165,900円 （注13）買付価額は、 「914円×14,200株＋950円×100株＋951円×100株＋958円×100株＋959円×100株＋960円×100株」 の額である。"
2016-03-18,株式会社ワンプラスワン,,株式会社ワンプラスワンに対する検査結果について（平成28年3月18日）,https://www.fsa.go.jp/sesc/news/c_2016/2016/20160318-4.html,English version 平成28年３月18日 証券取引等監視委員会 株式会社ワンプラスワンに対する検査結果について １．検査結果 証券取引等監視委員会が株式会社ワンプラスワン(所在地　東京都豊島区、法人番号1010001133706、資本金1000万円、常勤役職員１名、適格機関投資家等特例業務届出者。金融商品取引業の登録はない。以下「当社」という。）(注)を検査した結果、下記のとおり、当該適格機関投資家等特例業務届出者に係る問題が認められたので、本日、証券取引等監視委員会は、金融庁長官に対して、適切な措置を講じるための情報提供を行った。 （注）平成26年８月にA代表取締役が辞任し、B代表取締役が就任している。また、当社は、同年10月に「株式会社アセットファクター」から現在の商号に変更している。 ２．事実関係 当社は、平成22年８月に適格機関投資家等特例業務（以下「特例業務」という。）の届出を行い、特例業務として、グランツプライマリー投資事業有限責任組合(以下「GP LPS」という。）、アセットファクター投資事業有限責任組合(以下「AF LPS」という。）、ＲＪＴ第１号投資事業有限責任組合(以下「RJT LPS）という。）の運用を行うこととしている。 当社は、GP LPS及びAF LPSについては、他の特例業務届出者（以下「届出業者」という。）が運用する匿名組合又は投資事業有限責任組合（以下「ファンド」という。）に適格機関投資家として出資（以下「適格機関投資家出資」という。）を行っており、RJT LPSについては、当社が運用業務を行い、共同運営者であるＲＪＴ合同会社（所在地　東京都中央区、資本金100万円、常勤役職員１名、適格機関投資家等特例業務届出者。金融商品取引業の登録はない。以下「ＲＪＴ社」という。）が取得勧誘を行うとして、平成22年11月以降、一般投資家38名から8720万円の出資を受けている。 そのような中、当社の業務運営状況等を検証したところ、以下の問題点が認められた。 なお、届出業者の特例業務については、適格機関投資家が出資を行って、自己のためにファンドに関与することで、ファンドの適正性がある程度確保されることも期待されたものと考えられている。 (1)　届出業者の運用するファンドに対する出資等に係る問題 ア　組合解散後に出資を行っていた状況 当社は、GP LPSについて、唯一の有限責任組合員の脱退により、遅くとも平成24年４月18日には解散したと認められるにもかかわらず、同日以降も他の届出業者が運用するファンドへの出資を継続し、同年11月11日までに、少なくとも届出業者８者が運用する15本のファンドに適格機関投資家出資している。 しかしながら、GP LPSは、解散した同年４月18日以降は適格機関投資家であるとは認められず、上記ファンドに係る出資は、同日以降、適格機関投資家出資であるとは認められない。 このような当社の行為は、届出業者の特例業務について、適格機関投資家出資を要件とする金融商品取引法の趣旨をないがしろにし、届出業者に特例業務の要件を充足しないまま違法にファンド持分の取得勧誘や出資金の運用を行わせることとなり得るものと認められる。 イ　無登録投資運用業 当社は、GP LPSについて、平成24年11月12日にC者から新たに出資を受けたとし、その後、GP LPS名義で、少なくとも届出業者13者が運用する24本のファンドに対して出資を行っている。 しかしながら、GP LPSはすでに解散しているため、C者から出資を受けた時点において、新たな投資事業有限責任組合（以下「新GP LPS」という。）が組成されたものと認められるところ、新GP LPSは、適格機関投資家からの出資を受けておらず、金融商品取引法（以下「金商法」という。）第63条第１項第２号の特例業務の要件を満たしていない。 また、当社は、AF LPSについて、届出業者18者が運用する24本のファンドに出資を行っているところ、AF LPSは、遅くとも平成25年１月23日以降については、適格機関投資家からの出資を受けていたものとは認められず、金商法第63条第１項第２号に規定する特例業務の要件を満たしていない。 当社の上記行為は、金商法第28条第４項に規定する「投資運用業」に該当するものであり、金商法第29条に基づく登録を受けることなく、当該行為を行うことは、同条に違反する。 ウ　出資金の管理が杜撰な状況 当社は、GP LPS名義及びAF LPS名義で届出業者40者が運用する66本のファンドに適格機関投資家出資したとしているが、これらファンドの一部について、実際に出資が行われたのかどうかの確認ができない状況にある。また、当社は、当該出資先ファンドに係る届出業者に対し、適格機関投資家を辞退する旨の通知をしているものの、当該出資先ファンドの約半数のファンドについて、脱退又は契約の解約が行われたのかどうかの確認ができない状況にある。 以上のとおり、当社の出資金の管理は極めて杜撰な状況にある。 エ　出資先ファンドにおける投資者被害等 このような中、当社が、GP LPS名義及びAF LPS名義で適格機関投資家出資を行ったファンドを運用する他の届出業者において、違法又は不当な行為による投資者被害等の問題が多数認められている（別紙参照）。 上記アないしウの当社の行為は、他の多数の届出業者による違法又は不当な行為を助長し、投資者被害をもたらす事態等を招いたものと認められる。 (2)　その他の当社が運用するファンドに係る問題 ア　適格機関投資家出資の外観を仮装し、違法行為に積極的に加担した状況 当社は、RJT LPSについて、GP LPSが唯一の適格機関投資家として出資しているとするが、当該出資は、ＲＪＴ社が拠出した金銭を原資とし、関係者の銀行口座を循環させてなされたものであり、実態がなく、GP LPSからの適格機関投資家出資がなされているかのような外観を仮装したものに過ぎない。したがって、当該出資については、適格機関投資家出資とは到底評価し得ないものである。 このため、ＲＪＴ社によるRJT LPSに係る取得勧誘は、金商法第28条第２項に規定する「第二種金融商品取引業」に該当するものであり、金商法第29条の登録を受けることなく、当該行為を行うことは、同条に違反する。 そして、当社は、上記のとおり適格機関投資家出資の外観を仮装することにより、上記法令違反行為に積極的に加担していたものである。 イ　出資金の管理が杜撰な状況 当社は、RJT LPSについて、ＲＪＴ社が出資金の大半を当社に無断でＲＪＴ社の関連会社に貸し付け、流出・毀損させたとしているものの、ＲＪＴ社が当社に無断で貸し付けていることを当社が承知していた状況が認められている。 このように、当社の出資金の管理は極めて杜撰な状況にある。 以上のとおり、当社の業務運営は、投資者保護上、重大な問題がある。 （別紙） 当社が適格機関投資家出資を行っていたファンドの届出業者のうち問題が認められたもの １．金融庁の「問題があると認められた届出業者リスト」に掲載されている業者 届出業者名 管轄財務局等 届出日 備考 あずさパートナーズ株式会社 関東財務局 H20.8.18 ※報告命令に応じません。 ※連絡がとれません。 ※届出書（第８面）提出義務違反 株式会社アーバンスタージャパン 関東財務局 H23.7.13 ※報告命令に応じません。 ＲＪＴ合同会社 関東財務局 H22.11.2 ※報告命令に応じません。 ※連絡がとれません。 ＡＦＴＴ合同会社 関東財務局 H23.5.25 ※報告命令に応じません。 ※連絡がとれません。 株式会社ＡＢＨ　ＪＡＰＡＮ 関東財務局 H22.12.3 ※報告命令に応じません。 ※連絡がとれません。 ※届出書（第８面）提出義務違反 コレココーポレーション株式会社 関東財務局 H24.10.29 ※報告命令に応じません。 ※連絡がとれません。 株式会社創明リテイリング 関東財務局 H22.8.30 ※警告書（無登録）を発出しました。 ※報告命令に応じません。 ※連絡がとれません。 株式会社タップジャパン 関東財務局 H23.5.31 ※金融商品取引法の規定に基づき、当社に対して、業務改善命令が発出されています。 株式会社日本ヴェリータ 関東財務局 H23.1.13 ※警告書（無登録）を発出しました。 ※警告書（投資者保護上問題あり）を発出しました。 ※報告命令に応じません。 ※虚偽の説明で出資金を騙し取ったなどとして、代表者が詐欺及び金融商品取引法違反容疑で逮捕（平成28年1月18日）されています。 株式会社日本ヴェリタス 関東財務局 H22.11.1 ※警告書（投資者保護上問題あり）を発出しました。 ※報告命令に応じません。 ※虚偽の説明で出資金を騙し取ったなどとして、代表者が詐欺及び金融商品取引法違反容疑で逮捕（平成28年1月18日）されています。 株式会社福禄 関東財務局 H24.8.20 ※報告命令に応じません。 ※連絡がとれません。 富士商株式会社 関東財務局 H25.2.20 ※警告書（無登録）を発出しました。 ※報告命令に応じません。 ※連絡がとれません。 株式会社明和 関東財務局 H25.3.26 ※報告命令に応じません。 ※検査に応じません。 株式会社リスクマネジメントブレイン 関東財務局 H19.11.26 ※警告書（虚偽告知）を発出しました。 レインボーインベストメントベンチャー合同会社 関東財務局 H23.11.10 ※報告命令に応じません。 ※連絡がとれません。 ※届出書（第８面）提出義務違反 （金融庁「問題があると認められた届出業者リスト」（平成28年２月末現在）より抜粋） ２．証券取引等監視委員会又は財務局の検査等により、違法又は不当な行為が認められた業者 アイエムビジョン株式会社（平成26年１月10日公表） 株式会社タップジャパン（平成27年６月９日行政処分勧告） （注）関東財務局が行政処分を実施（平成27年６月16日） 株式会社リスクマネジメントブレイン（平成27年８月７日公表） （注）株式会社ＳＲＩブレイン及びその役員１名の金融商品取引法違反行為に係る裁判所への申立てについて（平成27年８月７日公表）参照 ※１上記届出業者３社のファンドで当社が出資を行っていたものに出資を行っていた適格機関投資家は、当社組成のGP LPS又はAF LPSのみである。 ※２上記のほか、過去に当社が適格機関投資家出資を行っていた届出業者に以下がある。 株式会社日本ヴェリータ（平成27年３月20日公表） 株式会社日本ヴェリタス（平成27年３月20日公表） 参考資料（PDF：305KB） （参考条文） ○　金融商品取引法（昭和23年法律第25号）(抄) （登録） 第二十九条　金融商品取引業は、内閣総理大臣の登録を受けた者でなければ、行うことができない。 （適格機関投資家等特例業務）（平成27年法律第32号による改正前のもの） 第六十三条　次の各号に掲げる行為については、第二十九条及び第三十三条の二の規定は、適用しない。 一　（略） 二　第二条第二項第五号又は第六号に掲げる権利（同一の出資対象事業（同項第五号に規定する出資対象事業をいう。）に係る当該権利を有する者が適格機関投資家等（前号イからハまでのいずれにも該当しないものに限る。）のみであるものに限る。）を有する適格機関投資家等から出資され、又は拠出された金銭（これに類するものとして政令で定めるものを含む。）の運用を行う同条第八項第十五号に掲げる行為 （以下、略）
2016-02-19,上光証券株式会社,,上光証券株式会社に対する検査結果に基づく勧告について（平成28年2月19日）,https://www.fsa.go.jp/sesc/news/c_2016/2016/20160219-6.html,English version 平成28年２月19日 証券取引等監視委員会 上光証券株式会社に対する検査結果に基づく勧告について １．勧告の内容 北海道財務局長が上光証券株式会社（北海道札幌市、法人番号6430001007813、資本金５億円、第一種金融商品取引業、第二種金融商品取引業）を検査した結果、下記のとおり、当該金融商品取引業者に係る問題が認められたので、本日、証券取引等監視委員会は、内閣総理大臣及び金融庁長官に対して、金融庁設置法第20条第１項に基づき、行政処分を行うよう勧告した。 ２．事実関係 株式会社オプティファクター（以下「オプティ社」という。）は、債券発行を目的とするとして、平成16年３月にオプティ・メディックス・リミテッド（以下「ＯＰＭ社」という。）を英領ヴァージン諸島に、同17年７月に株式会社メディカル・リレーションズ・リミテッド（以下「ＭＲＬ社」という。）を東京に、同22年12月にメディカル・トレンド・リミテッド（以下「ＭＴＬ社」といい、この３社を「発行会社３社」という。）を英領ヴァージン諸島に、それぞれ設立し、発行会社３社の運営を行っている。 発行会社３社は、診療報酬債権等を買い取り、それを「裏付資産」とするとして、ＯＰＭ社においては平成16年６月から「OPTI-MEDEX Note」との、ＭＲＬ社においては同19年11月から「メディカル・リレーションズ発行私募社債」との、ＭＴＬ社においては同23年２月から「Medical Trend Note」との各名称の社債（以下、発行会社３社が発行する社債をそれぞれ「ＯＰＭ債」、「ＭＲＬ債」及び「ＭＴＬ債」といい、これらを総称して「本件３社債」という。）を発行し、資金を調達している。 本件３社債の発行残高は、平成27年10月末現在、合計で約227億円（投資者数は約2470者）となっている。 上光証券株式会社（以下「当社」という。）は、アーツ証券株式会社（東京都中央区、平成28年１月29日登録取消し。以下「アーツ証券」という。）から紹介・助言・支援等を受け、本件３社債のうち、平成22年１月からＭＲＬ債の販売を一般投資家等の顧客に対して行っている。 当社によるＭＲＬ債の販売残高は、平成27年10月末現在、約13億円（投資者数は約310者）となっている。 こうした中、オプティ社及び発行会社３社は、平成25年３月以降、その財務状況を確認したところ、「決算書に実態が不明又は実在性の確認できない資産や売上が多額に計上」され、「実在性のあることが確認できた資産の合計額」は「債券の発行残高に比べて明らかに僅少であることが判明」した等として、同27年11月６日、東京地方裁判所に破産手続開始の申立てを行い、ＭＲＬ社については同日、オプティ社、ＯＰＭ社及びＭＴＬ社については同月13日に、破産手続開始決定を受けた。 証券取引等監視委員会において、本件３社債の実態を検証したところ、(a) 発行会社３社のいずれにおいても、社債発行の初期より、買い取った診療報酬債権等の残高は社債発行残高に比して著しく僅少であったこと、(b) ＯＰＭ社については平成17年12月期から、ＭＲＬ社については同23年４月期から、ＭＴＬ社については同24年３月期から、社債発行によって調達した資金が、診療報酬債権等の買取り以外に、オプティ社及びその関連会社の資金等に流用され（オプティ社及び関連会社を経由したものも含め、発行会社３社間の資金の移動も行われた。）、毀損されていったこと、(c) その結果、本件３社債の新規発行を行わなければ、既発行の本件３社債の償還及び利払いを継続的に行うことが困難な状況に至ったことが認められた。 当社は、平成20年夏頃にアーツ証券からＭＲＬ債の販売について提案を受け、アーツ証券及びオプティ社からの商品説明等を踏まえ、同21年11月に販売することを決定したとしている。 しかしながら、当社は、その決定に当たって、当社A代表取締役の知人からアーツ証券は信頼できる旨の説明を受け、アーツ証券を信頼できるとの判断をしたことを背景に、発行会社の財務に関する書類を十分に入手せず、商品内容や発行会社等の審査を実質的にはほとんど行っていないなど、アーツ証券及びオプティ社をただ信頼して、販売を決定したものである。 また、当社は、上記のとおり、商品内容等の審査をほとんど行わないまま、ＭＲＬ債の販売を開始した後も、アーツ証券等からの報告等をただ信頼するだけで、アーツ証券等による説明どおりの商品内容となっているか、発行会社が適切に運営されているかといった事後的なモニタリングをほとんど行っていなかった。 このように、当社は、ＭＲＬ債の販売において、アーツ証券等をただ信頼し、販売証券会社として自ら適切に商品内容等の審査及びモニタリングを行うことを怠り、発行会社の運営状況等の実態を把握することができなかった。 こうしたことから、当社は、ＭＲＬ債について、顧客に対し、事実に反し、「本債券発行を目的として設立された特別目的会社（ＳＰＣ）」が「診療報酬債権等を取得し、それらを裏付資産として発行される債券」であり、「安全性の高い商品」であると記載した勧誘資料及び契約締結前交付書面を使用して、事実に反し、診療報酬債権等が「裏付資産」であり、「安全性の高い商品」である旨を説明し、販売を行った。 当社の上記の行為は、金融商品取引法第38条第８号（平成26年５月30日法律第44号による改正前は同条第７号。）に基づく金融商品取引業等に関する内閣府令第117条第１項第２号に掲げる「金融商品取引契約の締結又はその勧誘に関して、虚偽の表示（略）をする行為」に該当するものと認められる。 また、ＭＲＬ社の財務書類については公認会計士による監査が行われていないにもかかわらず、当社がＭＲＬ債の販売の際に使用した上記勧誘資料等には、「会計監査」が行われている旨の記載もされている。 当社は、顧客に対し、ＭＲＬ社の財務書類について公認会計士による監査が行われているかのような誤解を与える表示をし、ＭＲＬ債の販売を行ったものである。 当社の上記の行為は、金融商品取引法第38条第８号（平成26年５月30日法律第44号による改正前は同条第７号。）に基づく金融商品取引業等に関する内閣府令第117条第１項第２号に掲げる「金融商品取引契約の締結又はその勧誘に関して、（略）重要な事項につき誤解を生ぜしめるべき表示をする行為」に該当するものと認められる。 （参考条文） ○　金融商品取引法（昭和23年法律第25号）（抄） （禁止行為） 第三十八条　金融商品取引業者等又はその役員若しくは使用人は、次に掲げる行為をしてはならない。ただし、第四号から第六号までに掲げる行為にあつては、投資者の保護に欠け、取引の公正を害し、又は金融商品取引業の信用を失墜させるおそれのないものとして内閣府令で定めるものを除く。 一～七　（略） 八　前各号に掲げるもののほか、投資者の保護に欠け、若しくは取引の公正を害し、又は金融商品取引業の信用を失墜させるものとして内閣府令で定める行為 ○　金融商品取引業等に関する内閣府令（平成19年内閣府令第52号）（抄） （禁止行為） 第百十七条　法第三十八条第八号に規定する内閣府令で定める行為は、次に掲げる行為とする。 一　（略） 二　金融商品取引契約の締結又はその勧誘に関して、虚偽の表示をし、又は重要な事項につき誤解を生ぜしめるべき表示をする行為 （以下、略）
2016-03-11,株式会社グローバルレポート,,株式会社グローバルレポートに対する検査結果に基づく勧告について（平成28年3月11日）,https://www.fsa.go.jp/sesc/news/c_2016/2016/20160311-1.html,English version 平成28年３月11日 証券取引等監視委員会 株式会社グローバルレポートに対する検査結果に基づく勧告について １．勧告の内容 関東財務局長が株式会社グローバルレポート（東京都渋谷区、法人番号9011001047343、資本金１０００万円、投資助言・代理業）を検査した結果、下記のとおり、当該金融商品取引業者に係る問題が認められたので、本日、証券取引等監視委員会は、内閣総理大臣及び金融庁長官に対して、金融庁設置法第20条第１項に基づき、行政処分を行うよう勧告した。 （注）株式会社グローバルレポートは、平成18年７月に有価証券に係る投資顧問業の規制等に関する法律に基づく投資顧問業の登録を受け、同19年９月には金融商品取引法の施行に伴い、同法第29条のみなし登録（投資助言・代理業）を受けている。 ２．事実関係 株式会社グローバルレポート（以下「当社」という。）は、有料会員専用ウェブサイト（以下「有料会員サイト」という。）上において、当社顧問と称するAが推奨する外国投資証券等海外金融商品（以下「海外金融商品」という。）の名称、概要及び申込窓口を紹介するとともに、メールマガジンにより各海外金融商品の売却のタイミング等の助言を行っている。 当社の代表取締役社長BはAから依頼を受け名目上の代表に就任しただけで、当社の経営及び投資助言業務には一切関与しておらず、Aが当社設立当初から、当社を実質的に支配し、投資助言業に係るほとんど全ての業務を一人で執行している。 今回検査において当社の業務運営の状況を検証したところ、以下の問題が認められた。 (1)　十分な根拠を有しない投資助言を行っている状況 当社は、有料会員サイトに海外金融商品に関する助言を掲載しているが、これらの海外金融商品のうちの一部について、その法的性質、運用方法、運用状況等を把握していないほか、販売会社の実態を確認しないまま、助言を行っている。 また、「元本保護型」のファンドである旨記載し、顧客に購入を推奨している商品については、当該商品がどのような仕組みで元本が保護されるのかを確認せずに助言を行っている。 (2)　その他法令違反行為等 当社では、投資顧問業の登録申請前から、Aが当社を支配し投資助言業務を行うことを予定していたにもかかわらず、Aの当時の勤務先が兼業禁止であったことから、有価証券に係る投資顧問業の規制等に関する法律第５条第１項に基づき関東財務局長へ提出した登録申請書及び金融商品取引法施行に伴うみなし登録に際する登録申請書において、Bを代表取締役として記載し登録を受けている。 また、助言対象についても、登録申請前から海外金融商品の助言を行うことを予定していたにもかかわらず、登録申請が受理されやすいように、「助言対象有価証券」を「証券取引法第２条に規定されている国内で流通している有価証券」と、予定する助言対象とは異なる記載をし、登録した助言対象の範囲を超えて業務を行った。 さらに、これらに関連し、当社は、契約締結前交付書面及び契約締結時交付書面（契約締結前交付書面と併せて以下「両書面」という。）における投資判断を行う者や助言の内容に関する記載について虚偽の記載を行うとともに、関東財務局長からの報告徴取命令に対し、投資助言業務の対象としていた又はしている有価証券に関して一部のみを記載し、その他については意図的に記載していないなどの虚偽の報告を行った。 その他、当社では、両書面について法定記載事項の未記載や誤記、交付方法の要件を充たしていないといった不備が、締結した投資顧問契約の内容を記載した書面や投資顧問契約に基づく助言の内容を記載した書面について未作成や未保存が、それぞれ認められるほか、事業報告書についても、Bの兼職状況、貸借対照表及び損益計算書の費目の誤り等の記載不備が認められ、不備のある事業報告書を公衆縦覧している。 当社は、AとB両名の法令等遵守意識及び投資者保護意識が著しく欠如していることから、実態と異なる内容を記載した登録申請書を関東財務局長宛に提出し、投資顧問業の登録及び投資助言・代理業のみなし登録を受け、登録した業務の範囲を超えて業務を行うとともに、十分な根拠を有しない助言を行ったほか、多くの法令違反行為等を行っている。 上記の状況から、当社は、金融商品取引法第29条の４第１項第１号ホに規定する「金融商品取引業を適確に遂行するに足りる人的構成を有しない者」に該当し、このような当社の状況は、同法第52条第１項第１号に該当するものと認められる。 （参考条文） ○　金融商品取引法（昭和23年法律第25号）（抄） （登録の拒否） 第二十九条の四　内閣総理大臣は、登録申請者が次の各号のいずれかに該当するとき、又は登録申請書若しくはこれに添付すべき書類若しくは電磁的記録のうちに虚偽の記載若しくは記録があり、若しくは重要な事実の記載若しくは記録が欠けているときは、その登録を拒否しなければならない。 一　次のいずれかに該当する者 イ～ニ　（略） ホ　金融商品取引業を適確に遂行するに足りる人的構成を有しない者 （以下、略） （金融商品取引業者に対する監督上の処分） 第五十二条　内閣総理大臣は、金融商品取引業者が次の各号のいずれかに該当する場合においては、当該金融商品取引業者の第二十九条の登録を取り消し、第三十条第一項の認可を取り消し、又は六月以内の期間を定めて業務の全部若しくは一部の停止を命ずることができる。 一　第二十九条の四第一項第一号、第二号又は第三号に該当することとなつたとき。 （以下、略）
2016-02-19,共和証券株式会社,,共和証券株式会社に対する検査結果に基づく勧告について（平成28年2月19日）,https://www.fsa.go.jp/sesc/news/c_2016/2016/20160219-5.html,English version 平成28年２月19日 証券取引等監視委員会 共和証券株式会社に対する検査結果に基づく勧告について １．勧告の内容 関東財務局長が共和証券株式会社（東京都中央区、法人番号8010001041456、資本金５億円、第一種金融商品取引業、投資助言・代理業）を検査した結果、下記のとおり、当該金融商品取引業者に係る問題が認められたので、本日、証券取引等監視委員会は、内閣総理大臣及び金融庁長官に対して、金融庁設置法第20条第１項に基づき、行政処分を行うよう勧告した。 ２．事実関係 株式会社オプティファクター（以下「オプティ社」という。）は、債券発行を目的とするとして、平成16年３月にオプティ・メディックス・リミテッド（以下「ＯＰＭ社」という。）を英領ヴァージン諸島に、同17年７月に株式会社メディカル・リレーションズ・リミテッド（以下「ＭＲＬ社」という。）を東京に、同22年12月にメディカル・トレンド・リミテッド（以下「ＭＴＬ社」といい、この３社を「発行会社３社」という。）を英領ヴァージン諸島に、それぞれ設立し、発行会社３社の運営を行っている。 発行会社３社は、診療報酬債権等を買い取り、それを「裏付資産」とするとして、ＯＰＭ社においては平成16年６月から「OPTI-MEDEX Note」との、ＭＲＬ社においては同19年11月から「メディカル・リレーションズ発行私募社債」との、ＭＴＬ社においては同23年２月から「Medical Trend Note」との各名称の社債（以下、発行会社３社が発行する社債をそれぞれ「ＯＰＭ債」、「ＭＲＬ債」及び「ＭＴＬ債」といい、これらを総称して「本件３社債」という。）を発行し、資金を調達している。 本件３社債の発行残高は、平成27年10月末現在、合計で約227億円（投資者数は約2470者）となっている。 共和証券株式会社（以下「当社」という。）は、アーツ証券株式会社（東京都中央区、平成28年１月29日登録取消し。以下「アーツ証券」という。）から紹介・助言・支援等を受け、本件３社債のうち、平成25年４月からＭＲＬ債の販売を一般投資家等の顧客に対して行っている。 当社によるＭＲＬ債の販売残高は、平成27年10月末現在、約４億円（投資者数は約60者）となっている。 こうした中、オプティ社及び発行会社３社は、平成25年３月以降、その財務状況を確認したところ、「決算書に実態が不明又は実在性の確認できない資産や売上が多額に計上」され、「実在性のあることが確認できた資産の合計額」は「債券の発行残高に比べて明らかに僅少であることが判明」した等として、同27年11月６日、東京地方裁判所に破産手続開始の申立てを行い、ＭＲＬ社については同日、オプティ社、ＯＰＭ社及びＭＴＬ社については同月13日に、破産手続開始決定を受けた。 証券取引等監視委員会において、本件３社債の実態を検証したところ、(a) 発行会社３社のいずれにおいても、社債発行の初期より、買い取った診療報酬債権等の残高は社債発行残高に比して著しく僅少であったこと、(b) ＯＰＭ社については平成17年12月期から、ＭＲＬ社については同23年４月期から、ＭＴＬ社については同24年３月期から、社債発行によって調達した資金が、診療報酬債権等の買取り以外に、オプティ社及びその関連会社の資金等に流用され（オプティ社及び関連会社を経由したものも含め、発行会社３社間の資金の移動も行われた。）、毀損されていったこと、(c) その結果、本件３社債の新規発行を行わなければ、既発行の本件３社債の償還及び利払いを継続的に行うことが困難な状況に至ったことが認められた。 当社は、平成24年12月にアーツ証券からＭＲＬ債の販売について提案を受け、アーツ証券からの商品説明等を踏まえ、同25年３月に販売することを決定したとしている。 しかしながら、当社は、その決定に当たって、商品内容や発行会社等の審査を実質的にはほとんど行っていないなど、アーツ証券の説明内容をただ信頼して、販売を決定したものである。 また、当社は、上記のとおり、商品内容等の審査をほとんど行わないまま、ＭＲＬ債の販売を開始した後も、アーツ証券からの報告等をただ信頼するだけで、アーツ証券による説明どおりの商品内容となっているか、発行会社が適切に運営されているかといった事後的なモニタリングをほとんど行っていなかった。 このように、当社は、ＭＲＬ債の販売において、アーツ証券の説明等をただ信頼し、販売証券会社として自ら適切に商品内容等の審査及びモニタリングを行うことを怠り、発行会社の運営状況等の実態を把握することができなかった。 こうしたことから、当社は、ＭＲＬ債について、顧客に対し、事実に反し、「本債券発行を目的として設立された特別目的会社（ＳＰＣ）」が「診療報酬債権等を取得し、それらを裏付資産として発行される債券」であり、「安全性の高い商品」であると記載した勧誘資料及び契約締結前交付書面を使用して、事実に反し、診療報酬債権等が「裏付資産」であり、「安全性の高い商品」である旨を説明し、販売を行った。 当社の上記の行為は、金融商品取引法第38条第８号（平成26年５月30日法律第44号による改正前は同条第７号。）に基づく金融商品取引業等に関する内閣府令第117条第１項第２号に掲げる「金融商品取引契約の締結又はその勧誘に関して、虚偽の表示（略）をする行為」に該当するものと認められる。 また、ＭＲＬ社の財務書類については公認会計士による監査が行われていないにもかかわらず、当社がＭＲＬ債の販売の際に使用した上記勧誘資料等には、「会計監査」が行われている旨の記載もされている。 当社は、顧客に対し、ＭＲＬ社の財務書類について公認会計士による監査が行われているかのような誤解を与える表示をし、ＭＲＬ債の販売を行ったものである。 当社の上記の行為は、金融商品取引法第38条第８号（平成26年５月30日法律第44号による改正前は同条第７号。）に基づく金融商品取引業等に関する内閣府令第117条第１項第２号に掲げる「金融商品取引契約の締結又はその勧誘に関して、（略）重要な事項につき誤解を生ぜしめるべき表示をする行為」に該当するものと認められる。 （参考条文） ○　金融商品取引法（昭和23年法律第25号）（抄） （禁止行為） 第三十八条　金融商品取引業者等又はその役員若しくは使用人は、次に掲げる行為をしてはならない。ただし、第四号から第六号までに掲げる行為にあつては、投資者の保護に欠け、取引の公正を害し、又は金融商品取引業の信用を失墜させるおそれのないものとして内閣府令で定めるものを除く。 一～七　（略） 八　前各号に掲げるもののほか、投資者の保護に欠け、若しくは取引の公正を害し、又は金融商品取引業の信用を失墜させるものとして内閣府令で定める行為 ○　金融商品取引業等に関する内閣府令（平成19年内閣府令第52号）（抄） （禁止行為） 第百十七条　法第三十八条第八号に規定する内閣府令で定める行為は、次に掲げる行為とする。 一　（略） 二　金融商品取引契約の締結又はその勧誘に関して、虚偽の表示をし、又は重要な事項につき誤解を生ぜしめるべき表示をする行為 （以下、略）
2016-03-04,株式会社東京証券取引所において,,Blue Sky Capital Management Pty Ltdによる相場操縦に対する課徴金納付命令の勧告について（平成28年3月4日）,https://www.fsa.go.jp/sesc/news/c_2016/2016/20160304-1.html,English version 平成２８年３月４日 証券取引等監視委員会 Blue Sky Capital Management Pty Ltdによる相場操縦に対する課徴金納付命令の勧告について １．勧告の内容 証券取引等監視委員会は、Blue Sky Capital Management Pty Ltd（以下「ブルースカイ」という。）による相場操縦について検査した結果、下記のとおり法令違反の事実が認められたので、本日、内閣総理大臣及び金融庁長官に対して、金融庁設置法第２０条第１項の規定に基づき、課徴金納付命令を発出するよう勧告を行った。 ２．法令違反の事実関係 ブルースカイは、オーストラリア連邦ニューサウスウェールズ州に本店を置く会社であり、英国領ケイマン諸島（以下「ケイマン」という。）籍リミテッドパートナーシップ形態のファンドであるブルー・スカイ・ワールド・エルピー及びブルー・スカイ・ジャパン・エルピーの各ジェネラルパートナーとの間で締結したインベストメント・マネジメント契約並びにオーストラリア連邦籍の会社形態のファンドであるエムエイエイチ・キャピタル・プロプライエタリー・リミテッドとの間で締結したインベストメント・マネジメント契約に基づき、上記３つのファンドに出資された資産の運用権限を有していたものであるが、ブルースカイの役職員において、同社の業務に関し、東京証券取引所マザーズ市場に上場されている株式会社ミクシィの株式につき、同株式の売買を誘引する目的をもって、別表記載のとおり、平成２６年６月１７日午後１時１７分０３秒から同日午後２時５４分１６秒までの間、株式会社東京証券取引所において、大量の成行売り注文を連続して発注して株価を引き下げたり、上値に約定させる意思のない大量の売り注文を発注するなどの方法により、同株式合計１６万６３００株を売り付ける一方、同株式合計９万８３００株を買い付けるとともに、同株式合計７７万３３００株の売付けの委託及び同株式合計１万８８００株の買付けの委託を行い、もって、自己以外の者の計算において、同株式の売買が繁盛であると誤解させ、かつ、同市場における同株式の相場を変動させるべき一連の売買及び委託をしたものである。 ブルースカイが行った上記の行為は、金融商品取引法第１７４条の２第１項に規定する「第１５９条第２項第１号の規定に違反する一連の有価証券売買等」及びその「委託等」に該当すると認められる。 違反行為事実の概要については、 別紙１ 及び ２ のとおり。 ３．課徴金の額の計算 上記の違法行為について金融商品取引法に基づき算定される課徴金の額は、７４４万円である。 計算方法の詳細については、 別紙３ のとおり。 ４．その他 本件については、オーストラリア証券投資委員会（Australian Securities and Investments Commission）より支援がなされている。 （別紙１） ○ 違反行為事実の概要について(1) （クリックすると拡大されます） （別紙２） ○ 違反行為事実の概要について(2) （クリックすると拡大されます） （別紙３） ○ 課徴金の額の計算方法について １．当該違反行為に係る課徴金の額は、金融商品取引法第１７４条の２第１項第２号ニ(1)及び金融商品取引法第六章の二の規定による課徴金に関する内閣府令第１条の１６第２項の規定により、 (1) 算定対象取引 （注１） が行われた日の属する月について、違反者に財産の運用の対価として支払われ、又は支払われるべき金銭その他の財産（以下「運用報酬」という。）の価額 （注２） の総額に３を乗じて得た額を算出し、 （注１）算定対象取引とは、金融商品取引法第１７４条の２第１項第２号ニの違反行為又は有価証券の売付け等若しくは有価証券の買付け等のうち違反行為に係る有価証券等に係るものを指す（金融商品取引法第六章の二の規定による課徴金に関する内閣府令第１条の１６第１項第１号）。 （注２）運用報酬の算定の基礎となる期間（以下「運用報酬算定期間」という。）が一月を超える場合にあっては、当該運用報酬算定期間の月数で除す方法、運用報酬算定期間に係る運用実績に基づいて運用報酬が算定されるときに当該算定対象取引が行われた日の属する月の運用実績に基づいて算出する方法その他の合理的な方法により算出することとなる（同条第２項括弧書き）。 (2) 金融商品取引法第１７６条第２項の規定により、前記（1）の金額に一万円未満の端数があるときは、その端数を切り捨てる ことで算出される。 ２．本件では、 (1) 違反者に対し、平成２６年６月分の運用の対価として支払われるべき金銭を　７，４４８，１８７円と算出し （注３） 、 （注３）違反者が、平成２６年６月分として受領すべき運用報酬である２４，４８８．１３米ドルに３を乗じた後、平成２６年６月３０日の米ドル・円為替レートである１０１．３８５円／米ドルを乗じることで算出される。 (2) 一万円未満の端数（８，１８７円）を切り捨てた金額である ７４４万円が課徴金の額となる。 （ 別表（PDF：86KB） ）
2016-03-08,法令違反の事実関係 インスペック株式会社,,インスペック株式に係る偽計に対する課徴金納付命令の勧告について（平成28年3月8日）,https://www.fsa.go.jp/sesc/news/c_2016/2016/20160308-1.html,"English version 平成２８年３月８日 証券取引等監視委員会 インスペック株式に係る偽計に対する課徴金納付命令の勧告について １．勧告の内容 証券取引等監視委員会は、インスペック株式に係る偽計について検査した結果、下記のとおり法令違反の事実が認められたので、本日、内閣総理大臣及び金融庁長官に対して、金融庁設置法第２０条第１項の規定に基づき、課徴金納付命令を発出するよう勧告を行った。 ２．法令違反の事実関係 インスペック株式会社（法人番号7410001008548、以下「インスペック」という。）は、秋田県仙北市角館町雲然荒屋敷７９番地の１に本店を置き、電子部品の製造、販売等を目的とし、その発行する株式が東京証券取引所マザーズ市場に上場されている上場会社である。 同社役員甲は、同社株式の月間平均時価総額及び月末時価総額（以下、両者併せて「時価総額」という。）が平成２４年６月に３億円未満となり、東京証券取引所有価証券上場規程（当時）によって、平成２４年７月１日から平成２５年３月２９日までの９か月の間に同社株式の時価総額が３億円以上にならなければ同社株式の上場が廃止される状況にあったところ、同社株式の株価を高値形成させることで上場廃止を免れようと企て、平成２５年３月２８日午後１時１１分頃から同月２９日午後１時９分頃にかけて、同社の業務として、同社社員をして、同社株式につき、合計３１株の買い注文を発注させて約定させ、同社株式の株価を２万４０００円から時価総額が３億円を超える株価である２万５６００円に引き上げるなどした上、同年４月１日午後４時頃、東京証券取引所が提供する適時開示情報伝達システムであるＴＤｎｅｔにより、上記事情を秘して、あたかも自然の需給によって同社株式の時価総額が３億円以上になったかのように装う内容の「当社株式の時価総額が３億円以上になったことについて」と題する文章を公表し、もって同社株式の相場の変動を図る目的をもって偽計を用い、当該偽計により有価証券の価格に影響を与えたものである。 違反行為事実の概要については、別図のとおり。 課徴金納付命令対象者が行った上記の行為は、金融商品取引法第１７３条第１項に規定する「第１５８条の規定に違反して、偽計を用い、」これにより「有価証券等の価格に影響を与えた」ものと認められる。 ３．課徴金の額の計算 上記の違法行為に対し金融商品取引法に基づき納付を命じられる課徴金の額は、１２２４万円である。 計算方法の詳細については、別紙のとおり。 （別図） ○ 違反行為事実の概要について （クリックすると拡大されます） （別紙） ○ 課徴金の額の計算方法について １．金融商品取引法第１７３条第１項に基づき、課徴金の額は、 当該違反行為に係る有価証券の売付数量が買付数量を超える場合の、当該超える数量に係るものについて、 （有価証券の売付価額）－（当該違反行為が終了してから１月を経過するまでの間の当該有価証券の最低価格×当該超える数量） または、 当該違反行為に係る有価証券の買付数量が売付数量を超える場合の、当該超える数量に係るものについて、 （当該違反行為が終了してから１月を経過するまでの間の当該有価証券の最高価格×当該超える数量）－（有価証券の買付価額） として計算される。 ２．課徴金納付命令対象者の違反行為について、本件における課徴金の額は、下記により算定される額　12,241,930円 ⇒課徴金の額は、１万円未満を切り捨てるため、 １２２４万円 当該違反行為に係る有価証券の売付数量は、0株であり、 当該違反行為に係る有価証券の買付数量は、実際の買付け等の数量31株に、金融商品取引法第１７３条第７項及び同法施行令第３３条の８の３第１号により、違反行為の開始時に違反行為の開始前の価格（24,000円）で買付けをしたものとみなされる当該違反行為の開始時に所有している当該有価証券の数量2,893株を加えた2,924株である。 当該違反行為に係る有価証券の買付数量が、売付数量を超えることから、 当該超える数量2,924株（2,924株－0株）について、 当該違反行為が終了してから１月を経過するまでの間の当該有価証券の最高価格（28,200円）に当該超える数量を乗じて得た額 82,456,800円（28,200円×2,924株）－ 買付価額70,214,870円 （注） ＝12,241,930円 （注）買付価額は、 「24,000円×2,893株＋24,200円×1株＋24,220円×1株＋24,300円×2株＋24,340円×1株＋24,460円×2株＋24,800円×1株＋24,990円×1株＋25,400円×2株＋25,600円×20株」 の額である。"
2016-02-19,おきなわ証券株式会社,,おきなわ証券株式会社に対する検査結果に基づく勧告について（平成28年2月19日）,https://www.fsa.go.jp/sesc/news/c_2016/2016/20160219-1.html,English version 平成28年２月19日 証券取引等監視委員会 おきなわ証券株式会社に対する検査結果に基づく勧告について １．勧告の内容 沖縄総合事務局長がおきなわ証券株式会社（沖縄県那覇市、法人番号4360001000348、資本金６億２８百万円、第一種金融商品取引業）を検査した結果、下記のとおり、当該金融商品取引業者に係る問題が認められたので、本日、証券取引等監視委員会は、内閣総理大臣及び金融庁長官に対して、金融庁設置法第20条第１項に基づき、行政処分を行うよう勧告した。 ２．事実関係 (1)　株式会社オプティファクターに関連する債券について 株式会社オプティファクター（以下「オプティ社」という。）は、債券発行を目的とするとして、平成16年３月にオプティ・メディックス・リミテッド（以下「ＯＰＭ社」という。）を英領ヴァージン諸島に、同17年７月に株式会社メディカル・リレーションズ・リミテッド（以下「ＭＲＬ社」という。）を東京に、同22年12月にメディカル・トレンド・リミテッド（以下「ＭＴＬ社」といい、この３社を「発行会社３社」という。）を英領ヴァージン諸島に、それぞれ設立し、発行会社３社の運営を行っている。 発行会社３社は、診療報酬債権等を買い取り、それを「裏付資産」とするとして、ＯＰＭ社においては平成16年６月から「OPTI-MEDEX Note」との、ＭＲＬ社においては同19年11月から「メディカル・リレーションズ発行私募社債」との、ＭＴＬ社においては同23年２月から「Medical Trend Note」との各名称の社債（以下、発行会社３社が発行する社債をそれぞれ「ＯＰＭ債」、「ＭＲＬ債」及び「ＭＴＬ債」といい、これらを総称して「本件３社債」という。）を発行し、資金を調達している。 本件３社債の発行残高は、平成27年10月末現在、合計で約227億円（投資者数は約2470者）となっている。 おきなわ証券株式会社（以下「当社」という。）は、アーツ証券株式会社（東京都中央区、平成28年１月29日登録取消し。以下「アーツ証券」という。）から紹介・助言・支援等を受け、本件３社債のうち、平成21年12月からＭＲＬ債の販売を一般投資家等の顧客に対して行っている。 当社によるＭＲＬ債の販売残高は、平成27年10月末現在、約24億円（投資者数は約170者）となっている。 こうした中、オプティ社及び発行会社３社は、平成25年３月以降、その財務状況を確認したところ、「決算書に実態が不明又は実在性の確認できない資産や売上が多額に計上」され、「実在性のあることが確認できた資産の合計額」は「債券の発行残高に比べて明らかに僅少であることが判明」した等として、同27年11月６日、東京地方裁判所に破産手続開始の申立てを行い、ＭＲＬ社については同日、オプティ社、ＯＰＭ社及びＭＴＬ社については同月13日に、破産手続開始決定を受けた。 証券取引等監視委員会において、本件３社債の実態を検証したところ、(a) 発行会社３社のいずれにおいても、社債発行の初期より、買い取った診療報酬債権等の残高は社債発行残高に比して著しく僅少であったこと、(b) ＯＰＭ社については平成17年12月期から、ＭＲＬ社については同23年４月期から、ＭＴＬ社については同24年３月期から、社債発行によって調達した資金が、診療報酬債権等の買取り以外に、オプティ社及びその関連会社の資金等に流用され（オプティ社及び関連会社を経由したものも含め、発行会社３社間の資金の移動も行われた。）、毀損されていったこと、(c) その結果、本件３社債の新規発行を行わなければ、既発行の本件３社債の償還及び利払いを継続的に行うことが困難な状況に至ったことが認められた。 当社は、平成21年11月にアーツ証券からＭＲＬ債の販売について提案を受け、アーツ証券からの商品説明等を踏まえ、同年同月に販売することを決定したとしている。 しかしながら、当社は、その決定に当たって、商品内容や発行会社等の審査を実質的にはほとんど行っていないなど、アーツ証券とは過去に良好な関係であったことも背景に、アーツ証券をただ信頼して、販売を決定したものである。 また、当社は、上記のとおり、商品内容等の審査をほとんど行わないまま、ＭＲＬ債の販売を開始した後も、アーツ証券からの報告等をただ信頼するだけで、アーツ証券による説明どおりの商品内容となっているか、発行会社が適切に運営されているかといった事後的なモニタリングはほとんど行っていなかった。 このように、当社は、ＭＲＬ債の販売において、アーツ証券をただ信頼し、販売証券会社として自ら適切に商品内容等の審査及びモニタリングを行うことを怠り、発行会社の運営状況等の実態を把握することができなかった。 こうしたことから、当社は、ＭＲＬ債について、顧客に対し、事実に反し、「本債券発行を目的として設立された特別目的会社（ＳＰＣ）」が「診療報酬債権等を取得し、それらを裏付資産として発行される債券」であり、「安全性の高い商品」であると記載した勧誘資料及び契約締結前交付書面を使用して、事実に反し、診療報酬債権等が「裏付資産」であり、「安全性の高い商品」である旨を説明し、販売を行った。 当社の上記の行為は、金融商品取引法第38条第８号（平成26年５月30日法律第44号による改正前は同条第７号。）に基づく金融商品取引業等に関する内閣府令第117条第１項第２号に掲げる「金融商品取引契約の締結又はその勧誘に関して、虚偽の表示（略）をする行為」に該当するものと認められる。 また、ＭＲＬ社の財務書類については公認会計士による監査が行われていないにもかかわらず、当社がＭＲＬ債の販売の際に使用した上記勧誘資料等には、「会計監査」が行われている旨の記載もされている。 当社は、顧客に対し、ＭＲＬ社の財務書類について公認会計士による監査が行われているかのような誤解を与える表示をし、ＭＲＬ債の販売を行ったものである。 当社の上記の行為は、金融商品取引法第38条第８号（平成26年５月30日法律第44号による改正前は同条第７号。）に基づく金融商品取引業等に関する内閣府令第117条第１項第２号に掲げる「金融商品取引契約の締結又はその勧誘に関して、（略）重要な事項につき誤解を生ぜしめるべき表示をする行為」に該当するものと認められる。 (2)　「ASAP ALPHA NOTE」について ASAP ALPHA（以下「ＡＳＡＰ社」という。）は、平成25年３月にケイマン諸島に設立され、米国に所在する不動産を「収益の根源」とするとして、「ASAP ALPHA NOTE」との名称の社債（以下「ＡＳＡＰ債」という。）を発行し、資金を調達している。 そして、ＡＳＡＰ社は、同社子会社の発行する社債aを取得し、同子会社は、米国に所在する不動産を取得し、賃料収入を得るとする会社（米国ＬＬＣ）の発行する社債bを取得している。 ＡＳＡＰ債の発行残高は、平成27年11月末現在、合計で約49億円（投資者数は約560者）となっている。 当社は、アーツ証券から紹介・助言・支援等を受け、平成26年９月に、ＡＳＡＰ債の販売を一般投資家等の顧客に対して行っている。 当社によるＡＳＡＰ債の販売残高は、平成27年11月末現在、合計で約１億円（投資者数は約10者）となっている。 しかしながら、上記ＬＬＣについては、決算書類が作成されておらず、財務状況等の実態が不明である。当社も、沖縄総合事務局の検査に対し、上記ＬＬＣの実態を的確に説明できない。 当社は、上記ＬＬＣの実態を的確に把握していないにもかかわらず、ＡＳＡＰ債について、「収益の根源は本スキームを通じて保有される米国不動産に関連付けられたもの」と記載した勧誘資料等を作成・使用することにより、販売証券会社である当社が上記ＬＬＣの実態を的確に把握しているかのような誤解を与える表示をし、顧客に対し、その販売を行った。 当社の上記の行為は、金融商品取引法第38条第８号に基づく金融商品取引業等に関する内閣府令第117条第１項第２号に掲げる「金融商品取引契約の締結又はその勧誘に関して、（略）重要な事項につき誤解を生ぜしめるべき表示をする行為」に該当するものと認められる。 （参考条文） ○　金融商品取引法（昭和23年法律第25号）（抄） （禁止行為） 第三十八条　金融商品取引業者等又はその役員若しくは使用人は、次に掲げる行為をしてはならない。ただし、第四号から第六号までに掲げる行為にあつては、投資者の保護に欠け、取引の公正を害し、又は金融商品取引業の信用を失墜させるおそれのないものとして内閣府令で定めるものを除く。 一～七　（略） 八　前各号に掲げるもののほか、投資者の保護に欠け、若しくは取引の公正を害し、又は金融商品取引業の信用を失墜させるものとして内閣府令で定める行為 ○　金融商品取引業等に関する内閣府令（平成19年内閣府令第52号）（抄） （禁止行為） 第百十七条　法第三十八条第八号に規定する内閣府令で定める行為は、次に掲げる行為とする。 一　（略） 二　金融商品取引契約の締結又はその勧誘に関して、虚偽の表示をし、又は重要な事項につき誤解を生ぜしめるべき表示をする行為 （以下、略）
2016-02-16,江守グループホールディングス株式会社,,江守グループホールディングス株式会社役員からの情報受領者による内部者取引に対する課徴金納付命令の勧告について（平成28年2月16日）,https://www.fsa.go.jp/sesc/news/c_2016/2016/20160216-1.html,"English version 平成２８年２月１６日 証券取引等監視委員会 江守グループホールディングス株式会社役員からの情報受領者による内部者取引に対する課徴金納付命令の勧告について １．勧告の内容 証券取引等監視委員会は、江守グループホールディングス株式会社役員からの情報受領者による内部者取引について検査した結果、下記のとおり法令違反の事実が認められたので、本日、内閣総理大臣及び金融庁長官に対して、金融庁設置法第２０条第１項の規定に基づき、課徴金納付命令を発出するよう勧告を行った。 ２．法令違反の事実関係 課徴金納付命令対象者（１）は、江守グループホールディングス株式会社（以下「江守ＧＨＤ」という。）の連結子会社の社員であるが、江守ＧＨＤの役員から、同人が職務に関し知った、中華人民共和国に設立された江守ＧＨＤの連結子会社の主要得意先のほとんどについて売掛債権の回収可能性に疑義が生じたことなどに伴い、江守ＧＨＤの平成２７年３月期第３四半期連結累計期間において貸倒引当金繰入額約４６２億円を特別損失に計上することが確実になった旨の、江守ＧＨＤの業務等に関する重要事実の伝達を受けながら、上記事実の公表がされた平成２７年３月１６日より前の同月６日、自己の計算において、江守ＧＨＤ株式合計１７００株を売付価額合計１６２万６０００円で売り付けたものである。 課徴金納付命令対象者（２）は、江守グループホールディングス株式会社の連結子会社の社員であるが、課徴金納付命令対象者（１）から、江守ＧＨＤの役員が職務に関し知り、その後、課徴金納付命令対象者（１）がその職務上同役員から伝達を受けた、中華人民共和国に設立された江守ＧＨＤの連結子会社の主要得意先のほとんどについて売掛債権の回収可能性に疑義が生じたことなどに伴い、江守ＧＨＤの平成２７年３月期第３四半期連結累計期間において貸倒引当金繰入額約４６２億円を特別損失に計上することが確実になった旨の、江守ＧＨＤの業務等に関する重要事実をその職務に関し知りながら、上記事実の公表がされた平成２７年３月１６日より前の同月１０日、自己の計算において、江守ＧＨＤ株式合計１万２４００株を売付価額合計１１５４万４４００円で売り付けたものである。 違反行為事実の概要については、別図のとおり。 課徴金納付命令対象者（１）及び（２）が行った上記の行為は、金融商品取引法第１７５条第１項に規定する「第１６６条第１項又は第３項の規定に違反して、同条第１項に規定する売買等をした」行為に該当すると認められる。 ３．課徴金の額の計算 上記の違法行為に対し、金融商品取引法に基づき納付を命じられる課徴金の額は、下記のとおりである。 課徴金納付命令対象者（１） １０７万円 課徴金納付命令対象者（２） ７５３万円 計算方法の詳細については、別紙のとおり。 （別図） ○ 違反行為事実の概要について （クリックすると拡大されます） （別紙） ○ 課徴金の額の計算方法について 金融商品取引法第１７５条第１項に基づき、課徴金の額は、 （売付価格）×（売付株数） －（重要事実が公表された後２週間における最も低い価格）×（売付株数） となる。 したがって、重要事実の公表後２週間における江守ＧＨＤの最も低い株価は、３２３円であることから、課徴金の額は下記の金額となる。 課徴金納付命令対象者（１） 売付価額１，６２６，０００円 （注１） － （３２３円×１，７００株） ＝１，０７６，９００円 ⇒課徴金の額は１万円未満を切り捨てるため、 １０７万円 （注１）売付価額は、 「955円×400株＋956円×500株＋957円×400株＋958円×400株」 の額である。 課徴金納付命令対象者（２） 売付価額１１，５４４，４００円 （注２） － （３２３円×１２，４００株） ＝７，５３９，２００円 ⇒課徴金の額は１万円未満を切り捨てるため、 ７５３万円 （注２）売付価額は、 「931円×12,400株」 の額である。"
2016-02-19,六和証券株式会社,,六和証券株式会社に対する検査結果に基づく勧告について（平成28年2月19日）,https://www.fsa.go.jp/sesc/news/c_2016/2016/20160219-2.html,English version 平成28年２月19日 証券取引等監視委員会 六和証券株式会社に対する検査結果に基づく勧告について １．勧告の内容 近畿財務局長が六和証券株式会社（京都市中京区、法人番号9130001023185、資本金２億４百万円、第一種金融商品取引業）を検査した結果、下記のとおり、当該金融商品取引業者に係る問題が認められたので、本日、証券取引等監視委員会は、内閣総理大臣及び金融庁長官に対して、金融庁設置法第20条第１項に基づき、行政処分を行うよう勧告した。 ２．事実関係 株式会社オプティファクター（以下「オプティ社」という。）は、債券発行を目的とするとして、平成16年３月にオプティ・メディックス・リミテッド（以下「ＯＰＭ社」という。）を英領ヴァージン諸島に、同17年７月に株式会社メディカル・リレーションズ・リミテッド（以下「ＭＲＬ社」という。）を東京に、同22年12月にメディカル・トレンド・リミテッド（以下「ＭＴＬ社」といい、この３社を「発行会社３社」という。）を英領ヴァージン諸島に、それぞれ設立し、発行会社３社の運営を行っている。 発行会社３社は、診療報酬債権等を買い取り、それを「裏付資産」とするとして、ＯＰＭ社においては平成16年６月から「OPTI-MEDEX Note」との、ＭＲＬ社においては同19年11月から「メディカル・リレーションズ発行私募社債」との、ＭＴＬ社においては同23年２月から「Medical Trend Note」との各名称の社債（以下、発行会社３社が発行する社債をそれぞれ「ＯＰＭ債」、「ＭＲＬ債」及び「ＭＴＬ債」といい、これらを総称して「本件３社債」という。）を発行し、資金を調達している。 本件３社債の発行残高は、平成27年10月末現在、合計で約227億円（投資者数は約2470者）となっている。 六和証券株式会社（以下「当社」という。）は、アーツ証券株式会社（東京都中央区、平成28年１月29日登録取消し。以下「アーツ証券」という。）から紹介・助言・支援等を受け、本件３社債のうち、平成21年10月からＯＰＭ債、同23年３月からＭＴＬ債の販売を一般投資家等の顧客に対して行っている。 当社によるＯＰＭ債及びＭＴＬ債の販売残高は、平成27年10月末現在、ＯＰＭ債が約25億円、ＭＴＬ債が約８億円、合計で約33億円（投資者数は約420者）となっている。 こうした中、オプティ社及び発行会社３社は、平成25年３月以降、その財務状況を確認したところ、「決算書に実態が不明又は実在性の確認できない資産や売上が多額に計上」され、「実在性のあることが確認できた資産の合計額」は「債券の発行残高に比べて明らかに僅少であることが判明」した等として、同27年11月６日、東京地方裁判所に破産手続開始の申立てを行い、ＭＲＬ社については同日、オプティ社、ＯＰＭ社及びＭＴＬ社については同月13日に、破産手続開始決定を受けた。 証券取引等監視委員会において、本件３社債の実態を検証したところ、(a) 発行会社３社のいずれにおいても、社債発行の初期より、買い取った診療報酬債権等の残高は社債発行残高に比して著しく僅少であったこと、(b) ＯＰＭ社については平成17年12月期から、ＭＲＬ社については同23年４月期から、ＭＴＬ社については同24年３月期から、社債発行によって調達した資金が、診療報酬債権等の買取り以外に、オプティ社及びその関連会社の資金等に流用され（オプティ社及び関連会社を経由したものも含め、発行会社３社間の資金の移動も行われた。）、毀損されていったこと、(c) その結果、本件３社債の新規発行を行わなければ、既発行の本件３社債の償還及び利払いを継続的に行うことが困難な状況に至ったことが認められた。 当社は、平成21年５月にアーツ証券からＯＰＭ債の販売について提案を受け、アーツ証券からの商品説明等を踏まえ、同年10月に販売することを決定したとしている。 しかしながら、当社は、その決定に当たって、アーツ証券の提案者が当社A代表取締役の知人であり、信頼できる人物であると判断したことを背景に、発行会社の財務に関する書類を全く入手せず、商品内容や発行会社等の審査を実質的にはほとんど行っていないなど、アーツ証券をただ信頼して、販売を決定したものである。 こうした状況は、平成23年３月にＭＴＬ債の販売を決定する際も同様であった。 また、当社は、上記のとおり、商品内容等の審査をほとんど行わないまま、ＯＰＭ債及びＭＴＬ債の販売を開始した後も、アーツ証券からの報告等をただ信頼するだけで、アーツ証券による説明どおりの商品内容となっているか、発行会社が適切に運営されているかといった事後的なモニタリングはほとんど行っていなかった。 このように、当社は、ＯＰＭ債及びＭＴＬ債の販売において、アーツ証券をただ信頼し、販売証券会社として自ら適切に商品内容等の審査及びモニタリングを行うことを怠り、発行会社の運営状況等の実態を把握することができなかった。 こうしたことから、当社は、ＯＰＭ債及びＭＴＬ債について、顧客に対し、事実に反し、「本債券発行を目的として設立された特別目的会社（ＳＰＣ）」が「診療報酬債権等を取得し、それらを裏付資産として発行される債券」であり、「安全性の高い商品」であると記載した勧誘資料及び契約締結前交付書面を使用して、事実に反し、診療報酬債権等が「裏付資産」であり、「安全性の高い商品」である旨を説明し、販売を行った。 当社の上記の行為は、金融商品取引法第38条第８号（平成26年５月30日法律第44号による改正前は同条第７号。）に基づく金融商品取引業等に関する内閣府令第117条第１項第２号に掲げる「金融商品取引契約の締結又はその勧誘に関して、虚偽の表示（略）をする行為」に該当するものと認められる。 （参考条文） ○　金融商品取引法（昭和23年法律第25号）（抄） （禁止行為） 第三十八条　金融商品取引業者等又はその役員若しくは使用人は、次に掲げる行為をしてはならない。ただし、第四号から第六号までに掲げる行為にあつては、投資者の保護に欠け、取引の公正を害し、又は金融商品取引業の信用を失墜させるおそれのないものとして内閣府令で定めるものを除く。 一～七　（略） 八　前各号に掲げるもののほか、投資者の保護に欠け、若しくは取引の公正を害し、又は金融商品取引業の信用を失墜させるものとして内閣府令で定める行為 ○　金融商品取引業等に関する内閣府令（平成19年内閣府令第52号）（抄） （禁止行為） 第百十七条　法第三十八条第八号に規定する内閣府令で定める行為は、次に掲げる行為とする。 一　（略） 二　金融商品取引契約の締結又はその勧誘に関して、虚偽の表示をし、又は重要な事項につき誤解を生ぜしめるべき表示をする行為 （以下、略）
2016-02-19,田原証券株式会社,,田原証券株式会社に対する検査結果に基づく勧告について（平成28年2月19日）,https://www.fsa.go.jp/sesc/news/c_2016/2016/20160219-3.html,English version 平成28年２月19日 証券取引等監視委員会 田原証券株式会社に対する検査結果に基づく勧告について １．勧告の内容 東海財務局長が田原証券株式会社（愛知県田原市、法人番号9180301007726、資本金１億円、第一種金融商品取引業、第二種金融商品取引業）を検査した結果、下記のとおり、当該金融商品取引業者に係る問題が認められたので、本日、証券取引等監視委員会は、内閣総理大臣及び金融庁長官に対して、金融庁設置法第20条第１項に基づき、行政処分を行うよう勧告した。 ２．事実関係 (1)　株式会社オプティファクターに関連する債券について 株式会社オプティファクター（以下「オプティ社」という。）は、債券発行を目的とするとして、平成16年３月にオプティ・メディックス・リミテッド（以下「ＯＰＭ社」という。）を英領ヴァージン諸島に、同17年７月に株式会社メディカル・リレーションズ・リミテッド（以下「ＭＲＬ社」という。）を東京に、同22年12月にメディカル・トレンド・リミテッド（以下「ＭＴＬ社」といい、この３社を「発行会社３社」という。）を英領ヴァージン諸島に、それぞれ設立し、発行会社３社の運営を行っている。 発行会社３社は、診療報酬債権等を買い取り、それを「裏付資産」とするとして、ＯＰＭ社においては平成16年６月から「OPTI-MEDEX Note」との、ＭＲＬ社においては同19年11月から「メディカル・リレーションズ発行私募社債」との、ＭＴＬ社においては同23年２月から「Medical Trend Note」との各名称の社債（以下、発行会社３社が発行する社債をそれぞれ「ＯＰＭ債」、「ＭＲＬ債」及び「ＭＴＬ債」といい、これらを総称して「本件３社債」という。）を発行し、資金を調達している。 本件３社債の発行残高は、平成27年10月末現在、合計で約227億円（投資者数は約2470者）となっている。 田原証券株式会社（以下「当社」という。）は、アーツ証券株式会社（東京都中央区、平成28年１月29日登録取消し。以下「アーツ証券」という。）から紹介・助言・支援等を受け、本件３社債のうち、平成20年５月からＯＰＭ債、同23年３月からＭＴＬ債の販売を一般投資家等の顧客に対して行っている。 当社によるＯＰＭ債及びＭＴＬ債の販売残高は、平成27年10月末現在、ＯＰＭ債が約46億円、ＭＴＬ債が約10億円、合計で約56億円（投資者数は約710者）となっている。 こうした中、オプティ社及び発行会社３社は、平成25年３月以降、その財務状況を確認したところ、「決算書に実態が不明又は実在性の確認できない資産や売上が多額に計上」され、「実在性のあることが確認できた資産の合計額」は「債券の発行残高に比べて明らかに僅少であることが判明」した等として、同27年11月６日、東京地方裁判所に破産手続開始の申立てを行い、ＭＲＬ社については同日、オプティ社、ＯＰＭ社及びＭＴＬ社については同月13日に、破産手続開始決定を受けた。 証券取引等監視委員会において、本件３社債の実態を検証したところ、(a) 発行会社３社のいずれにおいても、社債発行の初期より、買い取った診療報酬債権等の残高は社債発行残高に比して著しく僅少であったこと、(b) ＯＰＭ社については平成17年12月期から、ＭＲＬ社については同23年４月期から、ＭＴＬ社については同24年３月期から、社債発行によって調達した資金が、診療報酬債権等の買取り以外に、オプティ社及びその関連会社の資金等に流用され（オプティ社及び関連会社を経由したものも含め、発行会社３社間の資金の移動も行われた。）、毀損されていったこと、(c) その結果、本件３社債の新規発行を行わなければ、既発行の本件３社債の償還及び利払いを継続的に行うことが困難な状況に至ったことが認められた。 当社は、平成20年１月頃にアーツ証券からＯＰＭ債の販売について提案を受け、アーツ証券及びオプティ社からの商品説明等を踏まえ、同年４月に販売することを決定したとしている。 しかしながら、当社は、その決定に当たって、当社A代表取締役の知人からアーツ証券を紹介され、アーツ証券を信頼できると判断したことを背景に、発行会社の財務に関する書類を全く入手せず、商品内容や発行会社等の審査を実質的にはほとんど行っていないなど、アーツ証券及びオプティ社をただ信頼して、販売を決定したものである。 こうした状況は、平成23年３月にＭＴＬ債の販売を決定する際も同様であった。 また、当社は、上記のとおり、商品内容等の審査をほとんど行わないまま、ＯＰＭ債及びＭＴＬ債の販売を開始した後も、アーツ証券等からの報告等をただ信頼するだけで、アーツ証券等による説明どおりの商品内容となっているか、発行会社が適切に運営されているかといった事後的なモニタリングはほとんど行っていなかった。 このように、当社は、ＯＰＭ債及びＭＴＬ債の販売において、アーツ証券等をただ信頼し、販売証券会社として自ら適切に商品内容等の審査及びモニタリングを行うことを怠り、発行会社の運営状況等の実態を把握することができなかった。 こうしたことから、当社は、ＯＰＭ債及びＭＴＬ債について、顧客に対し、事実に反し、「本債券発行を目的として設立された特別目的会社（ＳＰＣ）」が「診療報酬債権等を取得し、それらを裏付資産として発行される債券」であり、「安全性の高い商品」であると記載した勧誘資料及び契約締結前交付書面を使用して、事実に反し、診療報酬債権等が「裏付資産」であり、「安全性の高い商品」である旨を説明し、販売を行った。 当社の上記の行為は、金融商品取引法第38条第８号（平成26年５月30日法律第44号による改正前は同条第７号。）に基づく金融商品取引業等に関する内閣府令第117条第１項第２号に掲げる「金融商品取引契約の締結又はその勧誘に関して、虚偽の表示（略）をする行為」に該当するものと認められる。 (2)　その他の債券について ア　「中小企業資金繰支援債券」について WADATSUMI BENEFIT LIMITED（以下「ＷＢＬ社」という。）は、平成25年２月にケイマン諸島に設立され、中小企業の売掛債権を買い取り、それを「裏付資産」とするとして、「中小企業資金繰支援債券」との名称の社債（以下「ＷＢＬ債」という。）を発行し、資金を調達している。ＷＢＬ債の発行残高は、平成27年11月末現在、合計で約5.7億円（投資者数は約120者）となっている。 当社は、アーツ証券から紹介・助言・支援等を受け、平成25年７月から、ＷＢＬ債の販売を一般投資家等の顧客に対して行っている。 当社によるＷＢＬ債の販売残高は、平成27年11月末現在、合計で約２億円（投資者数は約60者）となっている。 ＷＢＬ社は、ＷＢＬ債の発行当初より、買い取った売掛債権の残高が社債発行残高に比して僅少な状態が継続するとともに、平成26年９月以降、買い取った売掛債権について回収遅延が発生するようになった。その結果、同27年11月末現在、売掛債権買取残高は約2.4億円にすぎず、そのうち約1.2億円を直ちに回収することが困難になっている。 当社は、ＷＢＬ債の発行当初から上記のＷＢＬ社の財務状況の実態を認識していた。しかしながら、当社は、ＷＢＬ債の販売のために作成・使用した勧誘資料等において、「裏付資産」については「本債券発行により調達した資金を基に売掛債権の取得を行います」などと記載する一方、「発行会社の信用リスク」については抽象的な記載しかせずに、顧客に対し、ＷＢＬ債の販売を行った。 当該勧誘資料等は、ＷＢＬ社において、売掛債権の買取り又はその回収可能性等に現に問題が生じているにもかかわらず、顧客に対し、当該問題が生じていないとの誤解を与える表示をしたものである。 イ　「ASAP ALPHA NOTE」について ASAP ALPHA（以下「ＡＳＡＰ社」という。）は、平成25年３月にケイマン諸島に設立され、米国に所在する不動産を「収益の根源」とするとして、「ASAP ALPHA NOTE」との名称の社債（以下「ＡＳＡＰ債」という。）を発行し、資金を調達している。 そして、ＡＳＡＰ社は、同社子会社の発行する社債aを取得し、同子会社は、米国に所在する不動産を取得し、賃料収入を得るとする会社（米国ＬＬＣ）の発行する社債bを取得している。 ＡＳＡＰ債の発行残高は、平成27年11月末現在、合計で約49億円（投資者数は約560者）となっている。 当社は、アーツ証券から紹介・助言・支援等を受け、平成25年10月から、ＡＳＡＰ債の販売を一般投資家等の顧客に対して行っている。 当社によるＡＳＡＰ債の販売残高は、平成27年11月末現在、合計で約16億円（投資者数は約190者）となっている。 しかしながら、上記ＬＬＣについては、決算書類が作成されておらず、財務状況等の実態が不明である。当社も、東海財務局の検査に対し、上記ＬＬＣの実態を的確に説明できない。 当社は、上記ＬＬＣの実態を的確に把握していないにもかかわらず、ＡＳＡＰ債について、「収益の根源は本スキームを通じて保有される米国不動産に関連付けられたもの」と記載した勧誘資料等を作成・使用することにより、販売証券会社である当社が上記ＬＬＣの実態を的確に把握しているかのような誤解を与える表示をし、顧客に対し、その販売を行った。 当社の上記ア及びイの行為は、それぞれ、金融商品取引法第38条第８号（平成26年５月30日法律第44号による改正前は同条第７号。）に基づく金融商品取引業等に関する内閣府令第117条第１項第２号に掲げる「金融商品取引契約の締結又はその勧誘に関して、（略）重要な事項につき誤解を生ぜしめるべき表示をする行為」に該当するものと認められる。 （参考条文） ○　金融商品取引法（昭和23年法律第25号）（抄） （禁止行為） 第三十八条　金融商品取引業者等又はその役員若しくは使用人は、次に掲げる行為をしてはならない。ただし、第四号から第六号までに掲げる行為にあつては、投資者の保護に欠け、取引の公正を害し、又は金融商品取引業の信用を失墜させるおそれのないものとして内閣府令で定めるものを除く。 一～七　（略） 八　前各号に掲げるもののほか、投資者の保護に欠け、若しくは取引の公正を害し、又は金融商品取引業の信用を失墜させるものとして内閣府令で定める行為 ○　金融商品取引業等に関する内閣府令（平成19年内閣府令第52号）（抄） （禁止行為） 第百十七条　法第三十八条第八号に規定する内閣府令で定める行為は、次に掲げる行為とする。 一　（略） 二　金融商品取引契約の締結又はその勧誘に関して、虚偽の表示をし、又は重要な事項につき誤解を生ぜしめるべき表示をする行為 （以下、略）
2016-02-19,竹松証券株式会社,,竹松証券株式会社に対する検査結果に基づく勧告について（平成28年2月19日）,https://www.fsa.go.jp/sesc/news/c_2016/2016/20160219-4.html,English version 平成28年２月19日 証券取引等監視委員会 竹松証券株式会社に対する検査結果に基づく勧告について １．勧告の内容 北陸財務局長が竹松証券株式会社（石川県金沢市、法人番号4220001004081、資本金１億円、第一種金融商品取引業、第二種金融商品取引業）を検査した結果、下記のとおり、当該金融商品取引業者に係る問題が認められたので、本日、証券取引等監視委員会は、内閣総理大臣及び金融庁長官に対して、金融庁設置法第20条第１項に基づき、行政処分を行うよう勧告した。 ２．事実関係 (1)　株式会社オプティファクターに関連する債券について 株式会社オプティファクター（以下「オプティ社」という。）は、債券発行を目的とするとして、平成16年３月にオプティ・メディックス・リミテッド（以下「ＯＰＭ社」という。）を英領ヴァージン諸島に、同17年７月に株式会社メディカル・リレーションズ・リミテッド（以下「ＭＲＬ社」という。）を東京に、同22年12月にメディカル・トレンド・リミテッド（以下「ＭＴＬ社」といい、この３社を「発行会社３社」という。）を英領ヴァージン諸島に、それぞれ設立し、発行会社３社の運営を行っている。 発行会社３社は、診療報酬債権等を買い取り、それを「裏付資産」とするとして、ＯＰＭ社においては平成16年６月から「OPTI-MEDEX Note」との、ＭＲＬ社においては同19年11月から「メディカル・リレーションズ発行私募社債」との、ＭＴＬ社においては同23年２月から「Medical Trend Note」との各名称の社債（以下、発行会社３社が発行する社債をそれぞれ「ＯＰＭ債」、「ＭＲＬ債」及び「ＭＴＬ債」といい、これらを総称して「本件３社債」という。）を発行し、資金を調達している。 本件３社債の発行残高は、平成27年10月末現在、合計で約227億円（投資者数は約2470者）となっている。 竹松証券株式会社（以下「当社」という。）は、アーツ証券株式会社（東京都中央区、平成28年１月29日登録取消し。以下「アーツ証券」という。）から紹介・助言・支援等を受け、本件３社債のうち、平成22年２月からＯＰＭ債、同23年３月からＭＴＬ債の販売を一般投資家等の顧客に対して行っている。 当社によるＯＰＭ債及びＭＴＬ債の販売残高は、平成27年10月末現在、ＯＰＭ債が約20億円、ＭＴＬ債が約９億円、合計で約30億円（投資者数は約280者）となっている。 こうした中、オプティ社及び発行会社３社は、平成25年３月以降、その財務状況を確認したところ、「決算書に実態が不明又は実在性の確認できない資産や売上が多額に計上」され、「実在性のあることが確認できた資産の合計額」は「債券の発行残高に比べて明らかに僅少であることが判明」した等として、同27年11月６日、東京地方裁判所に破産手続開始の申立てを行い、ＭＲＬ社については同日、オプティ社、ＯＰＭ社及びＭＴＬ社については同月13日に、破産手続開始決定を受けた。 証券取引等監視委員会において、本件３社債の実態を検証したところ、(a) 発行会社３社のいずれにおいても、社債発行の初期より、買い取った診療報酬債権等の残高は社債発行残高に比して著しく僅少であったこと、(b) ＯＰＭ社については平成17年12月期から、ＭＲＬ社については同23年４月期から、ＭＴＬ社については同24年３月期から、社債発行によって調達した資金が、診療報酬債権等の買取り以外に、オプティ社及びその関連会社の資金等に流用され（オプティ社及び関連会社を経由したものも含め、発行会社３社間の資金の移動も行われた。）、毀損されていったこと、(c) その結果、本件３社債の新規発行を行わなければ、既発行の本件３社債の償還及び利払いを継続的に行うことが困難な状況に至ったことが認められた。 当社は、平成21年５月にアーツ証券からＯＰＭ債の販売について提案を受け、アーツ証券及びオプティ社からの商品説明等を踏まえ、同年11月に販売することを決定したとしている。 しかしながら、当社は、その決定に当たって、発行会社の財務に関する書類を全く入手せず、商品内容や発行会社等の審査を実質的にはほとんど行っていないなど、アーツ証券及びオプティ社を信頼できるとの当社A代表取締役の判断の下、アーツ証券及びオプティ社をただ信頼して、販売を決定したものである。 こうした状況は、平成23年３月にＭＴＬ債の販売を決定する際も同様であった。 また、当社は、上記のとおり、商品内容等の審査をほとんど行わないまま、ＯＰＭ債及びＭＴＬ債の販売を開始した後も、アーツ証券等からの報告等をただ信頼するだけで、ブログ等で積極的に紹介する一方、アーツ証券等による説明どおりの商品内容となっているか、発行会社が適切に運営されているかといった事後的なモニタリングはほとんど行っていなかった。 このように、当社は、ＯＰＭ債及びＭＴＬ債の販売において、アーツ証券等をただ信頼し、販売証券会社として自ら適切に商品内容等の審査及びモニタリングを行うことを怠り、発行会社の運営状況等の実態を把握することができなかった。 こうしたことから、当社は、ＯＰＭ債及びＭＴＬ債について、顧客に対し、事実に反し、「本債券発行を目的として設立された特別目的会社（ＳＰＣ）」が「診療報酬債権等を取得し、それらを裏付資産として発行される債券」であり、「安全性の高い商品」であると記載した勧誘資料及び契約締結前交付書面を使用して、事実に反し、診療報酬債権等が「裏付資産」であり、「安全性の高い商品」である旨を説明し、販売を行った。 当社の上記の行為は、金融商品取引法第38条第８号（平成26年５月30日法律第44号による改正前は同条第７号。）に基づく金融商品取引業等に関する内閣府令第117条第１項第２号に掲げる「金融商品取引契約の締結又はその勧誘に関して、虚偽の表示（略）をする行為」に該当するものと認められる。 (2)　その他の債券について ア　「中小企業資金繰支援債券」について WADATSUMI BENEFIT LIMITED（以下「ＷＢＬ社」という。）は、平成25年２月にケイマン諸島に設立され、中小企業の売掛債権を買い取り、それを「裏付資産」とするとして、「中小企業資金繰支援債券」との名称の社債（以下「ＷＢＬ債」という。）を発行し、資金を調達している。ＷＢＬ債の発行残高は、平成27年11月末現在、合計で約5.7億円（投資者数は約120者）となっている。 当社は、アーツ証券から紹介・助言・支援等を受け、平成25年８月から、ＷＢＬ債の販売を一般投資家等の顧客に対して行っている。 当社によるＷＢＬ債の販売残高は、平成27年11月末現在、合計で約0.8億円（投資者数は約20者）となっている。 ＷＢＬ社は、ＷＢＬ債の発行当初より、買い取った売掛債権の残高が社債発行残高に比して僅少な状態が継続するとともに、平成26年９月以降、買い取った売掛債権について回収遅延が発生するようになった。その結果、同27年11月末現在、売掛債権買取残高は約2.4億円にすぎず、そのうち約1.2億円を直ちに回収することが困難になっている。 当社は、ＷＢＬ債の発行当初から上記のＷＢＬ社の財務状況の実態を認識していた。しかしながら、当社は、ＷＢＬ債の販売のために作成・使用した勧誘資料等において、「裏付資産」については「本債券発行により調達した資金を基に売掛債権の取得を行います」などと記載する一方、「発行会社の信用リスク」については抽象的な記載しかせずに、顧客に対し、ＷＢＬ債の販売を行った。 当該勧誘資料等は、ＷＢＬ社において、売掛債権の買取り又はその回収可能性等に現に問題が生じているにもかかわらず、顧客に対し、当該問題が生じていないとの誤解を与える表示をしたものである。 イ　「ASAP ALPHA NOTE」について ASAP ALPHA（以下「ＡＳＡＰ社」という。）は、平成25年３月にケイマン諸島に設立され、米国に所在する不動産を「収益の根源」とするとして、「ASAP ALPHA NOTE」との名称の社債（以下「ＡＳＡＰ債」という。）を発行し、資金を調達している。 そして、ＡＳＡＰ社は、同社子会社の発行する社債aを取得し、同子会社は、米国に所在する不動産を取得し、賃料収入を得るとする会社（米国ＬＬＣ）の発行する社債bを取得している。 ＡＳＡＰ債の発行残高は、平成27年11月末現在、合計で約49億円（投資者数は約560者）となっている。 当社は、アーツ証券から紹介・助言・支援等を受け、平成26年４月から、ＡＳＡＰ債の販売を一般投資家等の顧客に対して行っている。 当社によるＡＳＡＰ債の販売残高は、平成27年11月末現在、合計で約13億円（投資者数は約150者）となっている。 しかしながら、上記ＬＬＣについては、決算書類が作成されておらず、財務状況等の実態が不明である。当社も、北陸財務局の検査に対し、上記ＬＬＣの実態を的確に説明できない。 当社は、上記ＬＬＣの実態を的確に把握していないにもかかわらず、ＡＳＡＰ債について、「収益の根源は本スキームを通じて保有される米国不動産に関連付けられたもの」と記載した勧誘資料等を作成・使用することにより、販売証券会社である当社が上記ＬＬＣの実態を的確に把握しているかのような誤解を与える表示をし、顧客に対し、その販売を行った。 当社の上記ア及びイの行為は、それぞれ、金融商品取引法第38条第８号（平成26年５月30日法律第44号による改正前は同条第７号。）に基づく金融商品取引業等に関する内閣府令第117条第１項第２号に掲げる「金融商品取引契約の締結又はその勧誘に関して、（略）重要な事項につき誤解を生ぜしめるべき表示をする行為」に該当するものと認められる。 （参考条文） ○　金融商品取引法（昭和23年法律第25号）（抄） （禁止行為） 第三十八条　金融商品取引業者等又はその役員若しくは使用人は、次に掲げる行為をしてはならない。ただし、第四号から第六号までに掲げる行為にあつては、投資者の保護に欠け、取引の公正を害し、又は金融商品取引業の信用を失墜させるおそれのないものとして内閣府令で定めるものを除く。 一～七　（略） 八　前各号に掲げるもののほか、投資者の保護に欠け、若しくは取引の公正を害し、又は金融商品取引業の信用を失墜させるものとして内閣府令で定める行為 ○　金融商品取引業等に関する内閣府令（平成19年内閣府令第52号）（抄） （禁止行為） 第百十七条　法第三十八条第八号に規定する内閣府令で定める行為は、次に掲げる行為とする。 一　（略） 二　金融商品取引契約の締結又はその勧誘に関して、虚偽の表示をし、又は重要な事項につき誤解を生ぜしめるべき表示をする行為 （以下、略）
2016-02-02,石山Ｇａｔｅｗａｙ Ｈｏｌｄｉｎｇｓ株式会社,,石山Ｇａｔｅｗａｙ Ｈｏｌｄｉｎｇｓ株式会社の社員からの情報受領者による内部者取引に対する課徴金納付命令の勧告について（平成28年2月2日）,https://www.fsa.go.jp/sesc/news/c_2016/2016/20160202-3.html,"English version 平成２８年２月２日 証券取引等監視委員会 石山Ｇａｔｅｗａｙ Ｈｏｌｄｉｎｇｓ株式会社の社員からの情報受領者による内部者取引に対する課徴金納付命令の勧告について １．勧告の内容 証券取引等監視委員会は、石山Ｇａｔｅｗａｙ Ｈｏｌｄｉｎｇｓ株式会社の社員からの情報受領者による内部者取引について検査した結果、下記のとおり法令違反の事実が認められたので、本日、内閣総理大臣及び金融庁長官に対して、金融庁設置法第２０条第１項の規定に基づき、課徴金納付命令を発出するよう勧告を行った。 ２．法令違反の事実関係 課徴金納付命令対象者は、石山Ｇａｔｅｗａｙ Ｈｏｌｄｉｎｇｓ株式会社（以下「ゲートウェイ」という。）の社員である者から、同人がその職務に関し知った、同社が有価証券報告書の虚偽記載をしたとする金融商品取引法違反の嫌疑事実により証券取引等監視委員会の強制調査を受けた旨の、同社の運営、業務又は財産に関する重要な事実であって投資者の投資判断に著しい影響を及ぼす事実の伝達を受けながら、上記事実の公表がされた平成２６年１０月３０日午後４時４５分頃より前の同日午前９時頃、自己の計算において、ゲートウェイ株式合計３万８７００株を売付価額合計３６７万６５００円で売り付けたものである。 違反行為事実の概要については、別図のとおり。 課徴金納付命令対象者が行った上記の行為は、金融商品取引法第１７５条第１項に規定する「第１６６条第１項又は第３項の規定に違反して、同条第１項に規定する売買等をした」行為に該当すると認められる。 ３．課徴金の額の計算 上記の違法行為に対し、金融商品取引法に基づき納付を命じられる課徴金の額は、２３６万円である。 計算方法の詳細については、別紙のとおり。 （別図） ○ 違反行為事実の概要について （クリックすると拡大されます） （別紙） ○ 課徴金の額の計算方法について 金融商品取引法第１７５条第１項に基づき、課徴金の額は、 （売付価格）×（売付株数） －（重要事実が公表された後２週間における最も低い価格）×（売付株数） となる。 したがって、重要事実公表後２週間におけるゲートウェイの最も低い株価は、 ３４円であることから、課徴金の額は下記の金額となる。 売付価額３，６７６，５００円 （注） － （３４円×３８，７００株） ＝２，３６０，７００円 ⇒課徴金の額は１万円未満を切り捨てるため、 ２３６万円 （注）売付価額は、 「95円×38,700株」 の額である。"
2016-02-02,株式会社の株式につき,,Ｍｉｐｏｘ株式に係る相場操縦に対する課徴金納付命令の勧告について（平成28年2月2日）,https://www.fsa.go.jp/sesc/news/c_2016/2016/20160202-2.html,"English version 平成２８年２月２日 証券取引等監視委員会 Ｍｉｐｏｘ株式に係る相場操縦に対する課徴金納付命令の勧告について １．勧告の内容 証券取引等監視委員会は、Ｍｉｐｏｘ株式に係る相場操縦について検査した結果、下記のとおり法令違反の事実が認められたので、本日、内閣総理大臣及び金融庁長官に対して、金融庁設置法第２０条第１項の規定に基づき、課徴金納付命令を発出するよう勧告を行った。 ２．法令違反の事実関係 課徴金納付命令対象者は、Ｍｉｐｏｘ株式会社の株式につき、同株式の売買を誘引する目的をもって、平成２６年９月２２日午前９時８分頃から同月２５日午前１０時５６分頃までの間、３取引日にわたり、下値買い注文を大量に入れたり、直前の約定値より高指値の売り注文と買い注文を対当させて株価を引き上げたり、直前の約定値より高指値の買い注文を連続して発注して株価を引き上げるなどの方法により、同株式合計２３万９６００株を買い付ける一方、同株式合計２５万５４００株を売り付けるとともに、同株式合計９万４０００株の買付けの委託を行うなどし、もって、自己の計算において、同株式の売買が繁盛であると誤解させ、かつ、同株式の相場を変動させるべき一連の売買及び委託をしたものである。 違反行為事実の概要については、別図のとおり。 課徴金納付命令対象者が行った上記の行為は、金融商品取引法第１７４条の２第１項に規定する「第１５９条第２項第１号の規定に違反する一連の有価証券売買等」及び「その委託等」に該当すると認められる。 ３．課徴金の額の計算 上記の違法行為に対し金融商品取引法に基づき納付を命じられる課徴金の額は、５８万円である。 計算方法の詳細については、別紙のとおり。 （別図） ○ 違反行為事実の概要について （クリックすると拡大されます） （別紙） ○ 課徴金の額の計算方法について １．金融商品取引法第１７４条の２第１項に基づき、課徴金の額は、 (1) 売買対当数量 （注１） に係るものについて、 （有価証券の売付価額）－（有価証券の買付価額） と、 (2) 当該違反行為に係る有価証券の売付数量が買付数量を超える場合の、当該超える数量に係るものについて、 （有価証券の売付価額）－（当該違反行為が終了してから１月を経過するまでの間の当該有価証券の最低価格×当該超える数量） または、 当該違反行為に係る有価証券の買付数量が売付数量を超える場合の、当該超える数量に係るものについて、 （当該違反行為が終了してから１月を経過するまでの間の当該有価証券の最高価格×当該超える数量）－（有価証券の買付価額） との合計額として計算される。 （注１）売買対当数量：当該違反行為に係る有価証券の売付数量と買付数量のうち、いずれか少ない数量をいう。 ２．課徴金納付命令対象者の違反行為について、本件における課徴金の額は、下記(1)及び(2)によりそれぞれ算定される額の合計　589,900円 ⇒課徴金の額は、１万円未満を切り捨てるため、 ５８万円 (1) 当該違反行為に係る売買対当数量は、 (i) 当該違反行為に係る有価証券の売付数量は、255,400株であり、 (ii)当該違反行為に係る有価証券の買付数量は、実際の買付け等の数量239,600株に、金融商品取引法第１７４条の２第８項及び同法施行令第３３条の１３第１号により、違反行為の開始時にその時における価格（278円）で買付けをしたものとみなされる当該違反行為の開始時に所有している当該有価証券の数量18,000株を加えた257,600株である ことから、255,400株となる。 当該売買対当数量に係るものについて、 売付価額74,824,100円 （注２） － 買付価額74,291,400円 （注３） ＝532,700円 （注２）売付価額は、 「285円×6,300株＋286円×33,400株＋287円×6,500株＋288円×60,100株＋289円×23,700株＋290円×49,300株＋291円×5,200株＋292円×1,200株＋293円×5,800株＋294円×14,500株＋295円×2,000株＋296円×6,000株＋297円×6,600株＋298円×1,200株＋300円×1,800株＋302円×1,500株＋303円×1,200株＋309円×3,000株＋310円×4,900株＋313円×2,000株＋314円×800株＋315円×400株＋322円×4,000株＋325円×12,000株＋326円×2,000株」 の額である。 （注３）買付価額は、 「278円×18,200株＋283円×3,000株＋285円×15,600株＋286円×30,700株＋287円×4,800株＋288円×69,400株＋289円×35,400株＋290円×19,200株＋291円×3,100株＋292円×1,600株＋293円×400株＋294円×14,700株＋295円×3,500株＋296円×3,000株＋301円×200株＋302円×2,000株＋303円×4,500株＋305円×4,100株＋306円×2,700株＋307円×400株＋308円×900株＋320円×18,000株」 の額である。 （注４）買付価額の算定においては、金融商品取引法施行令第３３条の１４第５項の規定により、当該違反行為に係る有価証券の買付けのうち最も早い時期に行われたものから順次当該売買対当数量に達するまで割り当てることとなる。 本件においては、違反行為の開始時点において所有しており、金融商品取引法第１７４条の２第８項及び同法施行令第３３条の１３第１号の規定により、違反行為の開始時点にその時における価格（278円）で買い付けたものとみなされるもの（みなし買付け）から割り当てられることとなる。 (2) 上記(1)のとおり、当該違反行為に係る有価証券の買付数量が、売付数量を超えることから、 当該超える数量2,200株（257,600株－255,400株）について、 当該違反行為が終了してから１月を経過するまでの間の当該有価証券の最高価格（316円）に当該超える数量を乗じて得た額 695,200円（316円×2,200株）－ 買付価額638,000円 （注５） ＝57,200円 （注５）買付価額は、 「290円×2,200株」 の額である。"
2016-01-29,アーツ証券株式会社,,アーツ証券株式会社に対する検査結果に基づく勧告について（平成28年1月29日）,https://www.fsa.go.jp/sesc/news/c_2016/2016/20160129-1.html,English version 平成28年１月29日 証券取引等監視委員会 アーツ証券株式会社に対する検査結果に基づく勧告について １．勧告の内容 証券取引等監視委員会がアーツ証券株式会社（東京都中央区、法人番号3010001084162、資本金５億円、第一種金融商品取引業、第二種金融商品取引業、投資助言・代理業）を検査した結果、下記のとおり、当該金融商品取引業者に係る問題が認められたので、本日、証券取引等監視委員会は、内閣総理大臣及び金融庁長官に対して、金融庁設置法第20条第１項に基づき、行政処分を行うよう勧告した。 ２．事実関係 (1)　株式会社オプティファクターに関連する債券について 株式会社オプティファクター（以下「オプティ社」という。）は、債券発行を目的とするとして、平成16年３月にオプティ・メディックス・リミテッド（以下「ＯＰＭ社」という。）を英領ヴァージン諸島に、同17年７月に株式会社メディカル・リレーションズ・リミテッド（以下「ＭＲＬ社」という。）を東京に、同22年12月にメディカル・トレンド・リミテッド（以下「ＭＴＬ社」といい、この３社を「発行会社３社」という。）を英領ヴァージン諸島に、それぞれ設立し、発行会社３社の運営を行っている。 発行会社３社は、診療報酬債権等を買い取り、それを「裏付資産」とするとして、ＯＰＭ社においては平成16年６月から「OPTI-MEDEX Note」との、ＭＲＬ社においては同19年11月から「メディカル・リレーションズ発行私募社債」との、ＭＴＬ社においては同23年２月から「Medical Trend Note」との各名称の社債（以下、発行会社３社が発行する社債をそれぞれ「ＯＰＭ債」、「ＭＲＬ債」及び「ＭＴＬ債」といい、これらを総称して「本件３社債」という。）を発行し、資金を調達している。 本件３社債の発行残高は、平成27年10月末現在、合計で約227億円（投資者数は約2470者）となっている。 アーツ証券株式会社（以下「当社」という。）は、平成16年６月からＯＰＭ債、同23年２月からＭＴＬ債の販売を一般投資家等の顧客に対して行うとともに、発行会社３社からの委託により、竹松証券株式会社、田原証券株式会社及び六和証券株式会社に対し、ＯＰＭ債及びＭＴＬ債の販売について、上光証券株式会社、共和証券株式会社及びおきなわ証券株式会社に対し、ＭＲＬ債の販売について、それぞれ紹介・助言・支援等を行っている（以下、当社が上記支援等を行っている上記６社を「関連販売証券会社」という。）。 これにより、当社は、発行会社３社から、当社による販売額に応じた販売手数料等を受領するとともに、関連販売証券会社による販売額に応じ、上記支援等に係る業務委託手数料を受領している。 当社による販売残高は、平成27年10月末現在、ＯＰＭ債が約38億円、ＭＴＬ債が約29億円、合計で約67億円（投資者数は約490者）となっている。 こうした中、オプティ社及び発行会社３社は、平成25年３月以降、その財務状況を確認したところ、「決算書に実態が不明又は実在性の確認できない資産や売上が多額に計上」され、「実在性のあることが確認できた資産の合計額」は「債券の発行残高に比べて明らかに僅少であることが判明」した等として、同27年11月６日、東京地方裁判所に破産手続開始の申立てを行い、ＭＲＬ社については同日、オプティ社、ＯＰＭ社及びＭＴＬ社については同月13日に、破産手続開始決定を受けた。 証券取引等監視委員会において、本件３社債の実態を検証したところ、(a)発行会社３社のいずれにおいても、社債発行の初期より、買い取った診療報酬債権等の残高は社債発行残高に比して著しく僅少であったこと、(b)ＯＰＭ社については平成17年12月期から、ＭＲＬ社については同23年４月期から、ＭＴＬ社については同24年３月期から、社債発行によって調達した資金が、診療報酬債権等の買取り以外に、オプティ社及びその関連会社（以下「関連会社」という。）の資金等に流用され（オプティ社及び関連会社を経由したものも含め、発行会社３社間の資金の移動も行われた。）、毀損されていったこと、(c)その結果、本件３社債の新規発行を行わなければ、既発行の本件３社債の償還及び利払いを継続的に行うことが困難な状況に至ったことが認められた。 当社のA代表取締役（以下「A社長」という。）は、遅くとも平成25年10月頃までに、オプティ社のB代表取締役（以下「B社長」という。）から発行会社３社の財務状況に関する相談を受けるなどし、発行会社３社のいずれにおいても、買い取った診療報酬債権等の残高は社債発行残高に比して著しく僅少であること、社債発行によって調達した資金が、診療報酬債権等の買取り以外に、オプティ社及び関連会社の資金等に流用され、毀損されていること、「決算書に実態が不明又は実在性の確認できない資産」が「多額に計上」され、「実在性のあることが確認できた資産の合計額」は「債券の発行残高に比べて明らかに僅少」となっていること等を認識した。 ア　金融商品取引契約の締結又はその勧誘に関して、顧客に対して虚偽のことを告げる行為 A社長は、その業務に関し、B社長とともに、上記のように発行会社３社の財務状況の実態を認識したにもかかわらず、これを意図的に秘匿・隠蔽したまま、当社営業員及び金融商品仲介業者をして、顧客に対し、ＯＰＭ債及びＭＴＬ債の販売を継続した。 また、当社は、ＯＰＭ債及びＭＴＬ債について、事実に反し、「本債券発行を目的として設立された特別目的会社（ＳＰＣ）」が「診療報酬債権等を取得し、それらを裏付資産として発行される債券」であり、「安全性の高い商品」であると記載した勧誘資料及び契約締結前交付書面の作成・使用を継続することとし、当社営業員及び金融商品仲介業者をして、顧客に対し、当該勧誘資料等を使用し、事実に反し、診療報酬債権等が「裏付資産」であり、「安全性の高い商品」である旨を説明し、ＯＰＭ債及びＭＴＬ債の販売を継続した。 当社の上記の行為は、金融商品取引法（以下「金商法」という。）第38条第１号に掲げる「金融商品取引契約の締結又はその勧誘に関して、顧客に対し虚偽のことを告げる行為」に該当するものと認められる。 イ　関連販売証券会社に虚偽の決算報告書等を送付する行為 A社長は、その業務に関し、B社長とともに、関連販売証券会社に対しても、上記アと同様、発行会社３社の財務状況の実態を意図的に秘匿・隠蔽したまま、当社又はオプティ社において、関連販売証券会社に対し、虚偽の診療報酬債権等の残高等を記載した決算報告書及び運用実績報告書を送付し続けるとともに、上記アと同様の当社作成の勧誘資料等のひな型を送付し、これに基づき、本件３社債の販売を継続させた。 当社の上記の行為は、金商法第52条第１項第９号に規定する「金融商品取引業に関し、不正又は著しく不当な行為をした場合において、その情状が特に重いとき」に該当するものと認められる。 (2)　その他の債券について ア　「中小企業資金繰支援債券」について 当社は、ワダツミ株式会社と提携し（役員派遣を含む。）、平成25年２月、WADATSUMI BENEFIT LIMITED（以下「ＷＢＬ社」という。）をケイマン諸島に設立した。 ＷＢＬ社は、中小企業の売掛債権を買い取り、それを「裏付資産」とするとして、「中小企業資金繰支援債券」との名称の社債（以下「ＷＢＬ債」という。）を発行し、資金を調達している。ＷＢＬ債の発行残高は、平成27年11月末現在、合計で約5.7億円となっている（投資者数は約120者）。 当社は、ＷＢＬ社に対し、債券発行額・時期や売掛債権の買取り等について助言等を行うとともに、平成25年７月から、当社営業員及び金融商品仲介業者をして、ＷＢＬ債の販売を一般投資家等の顧客に対して行い、また、ＷＢＬ社からの委託により、竹松証券株式会社、田原証券株式会社及び大熊本証券株式会社に対し、ＷＢＬ債の販売について、紹介・助言・支援等を行っている。 当社によるＷＢＬ債の販売残高は、平成27年11月末現在、約2.2億円（投資者数は約10者）となっている。 ＷＢＬ社は、ＷＢＬ債の発行当初より、買い取った売掛債権の残高が社債発行残高に比して僅少な状態が継続するとともに、平成26年９月以降、買い取った売掛債権について回収遅延が発生するようになった。その結果、同27年11月末現在、売掛債権買取残高は約2.4億円にすぎず、そのうち約1.2億円を直ちに回収することが困難になっている。 A社長は、ＷＢＬ債の発行当初から上記のＷＢＬ社の財務状況の実態を認識していた。しかしながら、当社は、ＷＢＬ債の販売のために作成・使用した勧誘資料等において、「裏付資産」については「本債券発行により調達した資金を基に売掛債権の取得を行います」などと記載する一方、「発行体の信用リスク」については抽象的な記載しかせずに、顧客に対し、ＷＢＬ債の販売を行った。 当該勧誘資料等は、ＷＢＬ社において、売掛債権の買取り又はその回収可能性等に現に問題が生じているにもかかわらず、顧客に対し、当該問題が生じていないとの誤解を与える表示をしたものである。 イ　「ASAP ALPHA NOTE」について ASAP ALPHA（以下「ＡＳＡＰ社」という。）は、平成25年３月にケイマン諸島に設立され、米国に所在する不動産を「収益の根源」とするとして、「ASAP ALPHA NOTE」との名称の社債（以下「ＡＳＡＰ債」という。）を発行し、資金を調達している。 そして、ＡＳＡＰ社は、同社子会社の発行する社債aを取得し、同子会社は、米国に所在する不動産を取得し、賃料収入を得るとする会社（米国ＬＬＣ）の発行する社債bを取得している。 ＡＳＡＰ債の発行残高は、平成27年11月末現在、合計で約49億円となっている（投資者数は約560者）。 当社は、平成25年６月から、ＡＳＡＰ社の管理・運営を行っている米国会社からの委託により、山形證券株式会社、竹松証券株式会社、田原証券株式会社、大熊本証券株式会社及びおきなわ証券株式会社に対し、ＡＳＡＰ債の販売について、紹介・助言・支援等を行うとともに、同26年５月から、当社営業員及び金融商品仲介業者をして、ＡＳＡＰ債の販売を一般投資家等の顧客に対して行っている。 当社によるＡＳＡＰ債の販売残高は、平成27年11月末現在、約12億円（投資者数は約90者）となっている。 しかしながら、上記ＬＬＣについては、決算書類が作成されておらず、財務状況等の実態が不明である。当社も、証券取引等監視委員会の検査に対し、上記ＬＬＣの実態を的確に説明できない。 当社は、上記ＬＬＣの実態を的確に把握していないにもかかわらず、ＡＳＡＰ債について、「収益の根源は本スキームを通じて保有される米国不動産に関連付けられたもの」と記載した勧誘資料等を作成・使用することにより、販売証券会社である当社が上記ＬＬＣの実態を的確に把握しているかのような誤解を与える表示をし、顧客に対し、その販売を行った。 当社の上記ア及びイの行為は、それぞれ、金商法第38条第８号（平成26年５月30日法律第44号による改正前は同条第７号。）に基づく金融商品取引業等に関する内閣府令第117条第１項第２号に掲げる「金融商品取引契約の締結又はその勧誘に関して（略）重要な事項につき誤解を生ぜしめるべき表示をする行為」に該当するものと認められる。 参考資料（PDF：317KB） （参考条文） ○　金融商品取引法（昭和23年法律第25号）（抄） （禁止行為） 第三十八条　金融商品取引業者等又はその役員若しくは使用人は、次に掲げる行為をしてはならない。ただし、第四号から第六号までに掲げる行為にあつては、投資者の保護に欠け、取引の公正を害し、又は金融商品取引業の信用を失墜させるおそれのないものとして内閣府令で定めるものを除く。 一　金融商品取引契約の締結又はその勧誘に関して、顧客に対し虚偽のことを告げる行為 二～七　（略） 八　前各号に掲げるもののほか、投資者の保護に欠け、若しくは取引の公正を害し、又は金融商品取引業の信用を失墜させるものとして内閣府令で定める行為 （金融商品取引業者に対する監督上の処分） 第五十二条　内閣総理大臣は、金融商品取引業者が次の各号のいずれかに該当する場合においては、当該金融商品取引業者の第二十九条の登録を取り消し、第三十条第一項の認可を取り消し、又は六月以内の期間を定めて業務の全部若しくは一部の停止を命ずることができる。 一～八　（略） 九　金融商品取引業に関し、不正又は著しく不当な行為をした場合において、その情状が特に重いとき。 （以下、略） ○　金融商品取引業等に関する内閣府令（平成19年内閣府令第52号）（抄） （禁止行為） 第百十七条　法第三十八条第八号に規定する内閣府令で定める行為は、次に掲げる行為とする。 一　（略） 二　金融商品取引契約の締結又はその勧誘に関して、虚偽の表示をし、又は重要な事項につき誤解を生ぜしめるべき表示をする行為 （以下、略）
2016-02-09,株式会社アイロムホールディングス,,株式会社アイロムホールディングス社員からの情報受領者による内部者取引違反行為及び当該社員による重要事実に係る伝達違反行為に対する課徴金納付命令の勧告について（平成28年2月9日）,https://www.fsa.go.jp/sesc/news/c_2016/2016/20160209-1.html,"English version 平成２８年２月９日 証券取引等監視委員会 株式会社アイロムホールディングス社員からの情報受領者による内部者取引違反行為及び当該社員による重要事実に係る伝達違反行為に対する課徴金納付命令の勧告について １．勧告の内容 証券取引等監視委員会は、株式会社アイロムホールディングス社員からの情報受領者による内部者取引違反行為及び当該社員による重要事実に係る伝達違反行為について検査した結果、下記のとおり法令違反の事実が認められたので、本日、内閣総理大臣及び金融庁長官に対して、金融庁設置法第２０条第１項の規定に基づき、課徴金納付命令を発出するよう勧告を行った。 ２．法令違反の事実関係 (1) 課徴金納付命令対象者（１）について 課徴金納付命令対象者（１）は、株式会社アイロムホールディングス（平成２７年７月１日商号変更で株式会社アイロムグループ。以下「アイロム」という。）の社員であった課徴金納付命令対象者（２）から、同人がその職務に関し知った、同社の子会社であるディナベック株式会社（平成２７年４月１日商号変更で株式会社ＩＤファーマ。）の業務執行を決定する機関が、大日本住友製薬株式会社と業務上の提携を行うことについての決定をした旨の重要事実の伝達を受けながら、当該事実の公表がされた平成２６年９月３０日より前の同月２４日、自己の計算において、アイロム株式合計２０００株を買付価額合計１５８万円で買い付けたものである。 違反行為事実の概要については、別図のとおり。 課徴金納付命令対象者（１）が行った上記の行為は、金融商品取引法第１７５条第１項に規定する「第１６６条第１項又は第３項の規定に違反して、同条第１項に規定する売買等をした」行為に該当すると認められる。 (2) 課徴金納付命令対象者（２）について 課徴金納付命令対象者（２）は、株式会社アイロムホールディングス（平成２７年７月１日商号変更で株式会社アイロムグループ。以下「アイロム」という。）の社員であったが、その職務に関し知った、同社の子会社であるディナベック株式会社（平成２７年４月１日商号変更で株式会社ＩＤファーマ。）の業務執行を決定する機関が、大日本住友製薬株式会社と業務上の提携を行うことについての決定をした旨の重要事実を、課徴金納付命令対象者（１）に対し、上記事実が公表される前にアイロム株式の買付けをさせることにより同人に利益を得させる目的をもって、伝達したものである。 課徴金納付命令対象者（１）は、上記事実の公表がされた平成２６年９月３０日より前の同月２４日、自己の計算において、アイロム株式合計２０００株を買付価額合計１５８万円で買い付けたものである。 違反行為事実の概要については、別図のとおり。 課徴金納付命令対象者（２）が行った上記の行為は、金融商品取引法第１７５条の２第１項に規定する「第１６７条の２第１項の規定に違反して、同項の伝達をし、又は同項の売買等をすることを勧める」行為に該当すると認められる。 ３．課徴金の額の計算 上記の違法行為に対し、金融商品取引法に基づき納付を命じられる課徴金の額は、下記のとおりである。 課徴金納付命令対象者（１） １０２万円 課徴金納付命令対象者（２） ５１万円 計算方法の詳細については、別紙のとおり。 （別図） ○ 違反行為事実の概要について （クリックすると拡大されます） （別紙） ○ 課徴金の額の計算方法について １．課徴金納付命令対象者(１) 金融商品取引法第１７５条第１項に基づき、課徴金の額は、 （重要事実が公表された後２週間における最も高い価格）×（買付株数） －（買付価格）×（買付株数） となる。 したがって、重要事実の公表後２週間におけるアイロムの最も高い株価は、１，３００円であることから、課徴金の額は下記の金額となる。 （１，３００円×２，０００株） － 買付価額１，５８０，０００円 （注１） ＝１，０２０，０００円 ⇒課徴金の額は、 １０２万円 （注１）買付価額は、「790円×2,000株」の額である。 ２．課徴金納付命令対象者(２) 金融商品取引法第１７５条の２第１項に基づき、課徴金の額は、 （当該違反行為により当該情報受領者が行った当該買付け等によって得た利得相当額）× １/２ となる。 金融商品取引法第１７５条の２第３項に基づき、利得相当額は、 （重要事実が公表された後２週間における最も高い価格）×（買付株数） －（買付価格）×（買付株数） となる。 したがって、重要事実の公表後２週間におけるアイロムの最も高い株価は、１，３００円であることから、課徴金の額は下記の金額となる。 ｛（１，３００円×２，０００株） － 買付価額１，５８０，０００円 （注２） ｝ × １/２ ＝５１０，０００円 ⇒課徴金の額は、 ５１万円 （注２）買付価額は、「790円×2,000株」の額である。"
2016-02-02,Evo Investment Advisors,,Evo Investment Advisors Ltd.による相場操縦に対する課徴金納付命令の勧告について（平成28年2月2日）,https://www.fsa.go.jp/sesc/news/c_2016/2016/20160202-1.html,"English version 平成２８年２月２日 証券取引等監視委員会 Evo Investment Advisors Ltd.による相場操縦に対する課徴金納付命令の勧告について １．勧告の内容 証券取引等監視委員会は、Evo Investment Advisors Ltd.（以下「エボ・インベストメント」という。）による相場操縦について検査した結果、下記のとおり法令違反の事実が認められたので、平成２８年１月２９日、内閣総理大臣及び金融庁長官に対して、金融庁設置法第２０条第１項の規定に基づき、課徴金納付命令を発出するよう勧告を行った。 ２．法令違反の事実関係 エボ・インベストメントは、英国領ケイマン諸島（以下「ケイマン」という。）の法令に基づいて設立され、ケイマンに登記住所を置く会社であり、同社の子会社でありケイマン法に基づく会社型のファンド（以下「フィーダー・ファンド」という。）及びフィーダー・ファンドの子会社でありケイマン法に基づく会社型のファンド（以下「マスター・ファンド」という。）との間で締結したインベストメント・マネジメント契約に基づいて、マスター・ファンドに出資された資産の運用権限を有していたものであるが、エボ・インベストメントのトレーダーとして株式売買業務に従事していた者において、同社のマスター・ファンドの運用に係る業務として、東京証券取引所マザーズ市場に上場している株式会社ディー・ディー・エスの株式につき、私設取引システム （Proprietary Trading System。以下「ＰＴＳ」という。）を利用した同株式の売買を誘引する目的をもって、別表記載のとおり、平成２６年５月１５日午前８時２０分頃から同日午前８時５５分頃までの間、金融商品取引所の午前立会時間開始前の注文受付時間に、株式会社東京証券取引所において、約定させる意思のない大量の成行条件の買い注文を発注して寄前気配値段を引き上げた上で、ＰＴＳで売り注文を発注し、その売り注文を自己に有利な価格で約定させるなどの方法により、同株式合計２８万６７００株の買い注文を発注するとともに、同株式合計２万７５００株を売り付け、もって、自己の計算において、同株式の売買が繁盛であると誤解させ、かつ、取引所金融商品市場における同株式の相場を変動させるべき一連の買付けの委託及び売付けをしたものである。 違反行為事実の概要については、 別図１ 及び ２ のとおり。 エボ・インベストメントが行った上記の行為は、金融商品取引法第１７４条の２第１項に規定する「第１５９条第２項第１号の規定に違反する一連の有価証券売買等」及びその「委託等」に該当すると認められる。 ３．課徴金の額の計算 上記の違法行為について金融商品取引法に基づき算定される課徴金の額は、９２０万円である。 計算方法の詳細については、 別紙 のとおり。 ４．その他 本件については、米国証券取引委員会（U.S. Securities and Exchange Commission）及び日本取引所自主規制法人より支援がなされている。 （別図１） ○ 違反行為事実の概要について(1) （クリックすると拡大されます） （別図２） ○ 違反行為事実の概要について(2) （クリックすると拡大されます） （別紙） ○ 課徴金の額の計算方法について １．当該違反行為に係る課徴金の額は、金融商品取引法第１７４条の２第１項の規定により、 (1) 当該違反行為に係る有価証券の売買対当数量 （注１） に係るものについて、自己の計算による当該有価証券の売付け等の価額から、自己の計算による当該有価証券の買付け等の価額を控除した額 （注１）売買対当数量：当該違反行為に係る有価証券の売付け等数量と買付け等数量のうち、いずれか少ない数量をいう。 及び (2) 当該違反行為に係る自己の計算による有価証券の買付け等の数量 （注２） が当該違反行為に係る自己の計算による有価証券の売付け等の数量を超える場合は、当該違反行為が終了してから１月を経過するまでの間の各日における当該違反行為に係る有価証券等に係る有価証券の売付け等についての同法第６７条の１９又は第１３０条に規定する最高の価格のうち最も高い価格に当該超える数量を乗じて得た額から、当該超える数量に係る有価証券の買付け等の価額を控除した額 （注２）金融商品取引法第１７４条の２第８項及び同法施行令第３３条の１３第１号の規定により、違反者が違反行為の開始時に当該違反行為に係る有価証券を所有している場合には、上記（1）及び（2）に掲げる課徴金の額の計算において、当該違反者が、当該違反行為の開始時にその時における価格で当該違反行為に係る有価証券の買付け等を自己の計算においてしたものとみなす。 を合計し、 (3) 同法第１７６条第２項の規定により、前記（1）及び（2）の合計額に一万円未満の端数があるときは、その端数を切り捨てる ことで算出される。 ２．本件では、 (1) 売買対当数量 （注３） に係る課徴金の額　8,990,940円 （注４） （注３）当該違反行為に係る売買対当数量は、当該違反行為に係る自己の計算による有価証券の売付け等の数量が27,500株であり、当該違反行為に係る自己の計算による有価証券の買付け等の数量は、当該違反行為の開始時に所有しており、金融商品取引法第１７４条の２第８項及び同法施行令第３３条の１３第１号の規定により、違反行為開始時にその時における価格（1,182円）で買付け等を自己の計算においてしたものとみなされる27,800株であることから、27,500株となる。 （注４）算定式は次のとおり。 （1,399円×100株＋1,400円×1,900株＋1,420円×100株＋1,440円×2,500株＋1,450円×5,400株＋1,460円×1,000株＋1,480円×3,600株＋1,480.1円×100株＋1,480.2円×100株＋1,480.3円×100株＋1,490円×100株＋1,500円×1,400株＋1,530円×900株＋1,540円×100株＋1,542円×100株＋1,549.8円×100株＋1,549.9円×200株＋1,560円×1,300株＋1,563円×200株＋1,565円×100株＋1,566円×100株＋1,567円×100株＋1,589.9円×800株＋1,595円×100株＋1,600円×5,500株＋1,610円×600株＋1,650円×900株）－（1,182円×27,500株） ＝8,990,940円 及び (2) 当該違反行為に係る自己の計算による有価証券の売付け等の数量を超える当該違反行為に係る有価証券の買付け等の数量（300株）に係る課徴金の額　215,100円 （注５） （注５）当該違反行為が終了してから、１月を経過するまでの間の各日における当該違反行為に係る有価証券の売付け等についての金融商品取引法第１３０条に規定する最高の価格のうち最も高い価格（1,899円）に当該超える数量（300株（27,800株－27,500株））を乗じて得た額（569,700円）から、当該超える数量に係る有価証券の買付け等の価額（1,182円×300株＝354,600円）を控除することで算出される。 を合計し（9,206,040円）、 (3) 一万円未満の端数（6,040円）を切り捨てた金額である ９２０万円が課徴金の額となる。 【参考】課徴金の額の計算に係る考え方の例 （ 別表（PDF:62KB） ）"
