date,stock_name,stock_code,title,link,content
2017-12-20,,,ＦＧＸ　ＬＩＭＩＴＥＤの役員１名に対する金融商品取引法違反行為に係る裁判所の禁止及び停止命令の発令について,https://www.fsa.go.jp/sesc/news/c_2017/2017/20171220-1.html,English version 平成29年12月20日 証券取引等監視委員会 ＦＧＸ ＬＩＭＩＴＥＤの役員１名に対する金融商品取引法違反行為に係る裁判所の禁止及び停止命令の発令について 証券取引等監視委員会が、平成２９年１０月２４日に行ったＦＧＸ ＬＩＭＩＴＥＤの役員１名に対する金融商品取引法違反行為（無登録で店頭デリバティブ取引（同法２条２２項１号及び４号に掲げる取引に係るもの）を行うこと）の禁止及び停止を命ずるよう求める申立てについて、本日、東京地方裁判所より、申立ての内容どおり、下記の命令が下された。 記 被申立人は、金融商品取引法２９条所定の登録（ただし、業務の種別を第一種金融商品取引業とするもの）その他同法所定の適式の登録を受けずに、店頭デリバティブ取引（ただし、同法２条２２項１号及び４号に掲げる取引に限る。）を業として行ってはならない （参考） ＦＧＸ　ＬＩＭＩＴＥＤの役員１名の金融商品取引法違反行為に係る裁判所への申立てについて
2017-12-12,岩井コスモ証券株式会社,,岩井コスモ証券株式会社に対する検査結果に基づく勧告について,https://www.fsa.go.jp/sesc/news/c_2017/2017/20171212-1.html,English version 平成29年12月12日 証券取引等監視委員会 岩井コスモ証券株式会社に対する検査結果に基づく勧告について １．勧告の内容 近畿財務局長が岩井コスモ証券株式会社（大阪市中央区、法人番号5120001077418、資本金135億円、常勤役職員884名、第一種金融商品取引業、第二種金融商品取引業、以下「当社」という。）を検査した結果、下記のとおり、当該金融商品取引業者に係る問題が認められたので、本日、証券取引等監視委員会は、内閣総理大臣及び金融庁長官に対して、金融庁設置法第20条第１項の規定に基づき、行政処分を行うよう勧告した。 ２．事実関係 ○　公表前のアナリスト・レポートに記載される情報を用いて勧誘する行為及び当該情報の不適切な取扱い 当社において、当社のアナリストが作成したアナリスト・レポートについて、下記（１）から（４）までの問題が認められた。 （１）一部の顧客に対して公表前のアナリスト・レポートに記載される情報を用いて勧誘する行為 平成29年２月から同年３月までの間に当社が公表したアナリスト・レポートのうち、レーティング情報として新たに最高位のＡランクを付与し、当社単独でカバレッジを開始した６銘柄について、勧誘等の状況を検証したところ、複数の営業員（少なくとも６部店、８営業員）が、一部顧客（延べ26名）に対して、アナリスト・レポート公表後には株価が上昇する可能性が高いと強調するなどして、公表前の同レポートに記載される銘柄のレーティングや目標株価等の情報を用いて株式の買付けを勧誘していた。 （２）アナリスト・レポートに記載される情報の取扱いが不適切な状況 上記（１）の背景として、当社では、遅くとも平成18年10月から今回検査基準日（同29年４月３日）に至るまで長期間にわたり、アナリスト・レポートの公表前に、同レポートに記載される銘柄のレーティングや目標株価等の情報を社内放送や社内イントラネット等を通じて全営業員に伝達・周知し、営業員が顧客に当該情報を用いた勧誘を行うことを容認するなど、アナリスト・レポートに記載される情報の取扱いが極めて不適切なものとなっていた。 （３）内部管理態勢が不十分な状況 アナリスト・レポートの管理の適切性等をチェックすべき関連部署は、上記（１）のような不適切な勧誘が容易に行われる状態であったにもかかわらず、上記（２）の状況について問題認識を有することなく長期間にわたって容認しており、内部管理態勢は著しく杜撰なものとなっていた。 （４）経営陣による不十分な態勢整備 経営陣は、営業態勢については積極的に整備する一方、法令等遵守態勢や内部管理態勢については規制環境の変化や規制の趣旨を十分に踏まえた実効性のある態勢を整備してこなかった。 当社における上記のような業務運営状況は、金融商品取引法第51条に規定する「業務の運営に関し、公益又は投資者保護のため必要かつ適当であると認めるとき」に該当するものと認められる。 （参考条文） ○　金融商品取引法（昭和23年法律第25号）（抄） （金融商品取引業者に対する業務改善命令） 第五十一条  内閣総理大臣は、金融商品取引業者の業務の運営又は財産の状況に関し、公益又は投資者保護のため必要かつ適当であると認めるときは、その必要の限度において、当該金融商品取引業者に対し、業務の方法の変更その他業務の運営又は財産の状況の改善に必要な措置をとるべきことを命ずることができる。
2017-12-19,ピクセルカンパニーズ株式会社,2743,ピクセルカンパニーズ株式会社に係る四半期報告書の虚偽記載に係る課徴金納付命令勧告について,https://www.fsa.go.jp/sesc/news/c_2017/2017/20171219-2.html,"English version 平成29年12月19日 証券取引等監視委員会 ピクセルカンパニーズ株式会社に係る四半期報告書の虚偽記載に係る課徴金納付命令勧告について １．勧告の内容 証券取引等監視委員会は、ピクセルカンパニーズ株式会社（法人番号4010001026485）（以下「当社」という。）に係る四半期報告書の虚偽記載について検査した結果、以下のとおり法令違反の事実が認められたので、本日、内閣総理大臣及び金融庁長官に対して、金融庁設置法第20条第１項の規定に基づき、課徴金納付命令を発出するよう勧告を行った。 ２．法令違反の事実関係 当社は、連結子会社における設備の販売取引において、設備を引き渡していないにもかかわらず、売上を計上したことによって、連結売上高を過大に計上した。この結果、当社は、関東財務局長に対し、参考１のとおり、金融商品取引法第172条の４第２項に規定する「重要な事項につき虚偽の記載がある」以下の四半期報告書を提出したものである。 ・平成28年６月第２四半期四半期報告書（平成28年８月15日提出） ・平成28年９月第３四半期四半期報告書（平成28年11月11日提出） ３．課徴金の額の計算 上記の違法行為について金融商品取引法に基づき算定される課徴金の額は、600万円である。（計算方法については参考２のとおり。） （参考１）ピクセルカンパニーズ株式会社の四半期報告書の虚偽記載内容 番号 開示書類 虚偽記載 提出日 書類 会計期間 財務計算に 関する書類 内容（注） 事由 １ 平成28年 ８月15日 第31期第２四半期（自　平成28年４月１日　至　平成28年６月30日）に係る四半期報告書 平成28年１月１日～平成28年６月30日の第２四半期連結累計期間 四半期連結 損益計算書 連結四半期純利益が154百万円であるところを245百万円と記載 ・売上の過大計上 ２ 平成28年 11月11日 第31期第３四半期（自　平成28年７月１日　至　平成28年９月30日）に係る四半期報告書 平成28年１月１日～平成28年９月30日の第３四半期連結累計期間 四半期連結 損益計算書 連結四半期純利益が106百万円であるところを208百万円と記載 ・売上の過大計上 （注）金額は百万円未満切捨て。 （参考２）課徴金の計算方法 金融商品取引法第172条の４第２項の規定により、当社の平成28年６月第２四半期四半期報告書及び平成28年９月第３四半期四半期報告書に係るそれぞれの課徴金の算出額は、 ア 当社が発行する算定基準有価証券の市場価額の総額に10万分の６を乗じて得た額 ・平成28年６月第２四半期四半期報告書については、153,743円 ・平成28年９月第３四半期四半期報告書については、126,678円 が、いずれも イ 6,000,000円 を超えないことから、 平成28年６月第２四半期四半期報告書については、6,000,000円の２分の１に相当する額である3,000,000円 平成28年９月第３四半期四半期報告書については、6,000,000円の２分の１に相当する額である3,000,000円 となる。"
2017-12-15,,,公開買付者の社員及び同人から情報を受領した者によるエヌジェーケー株式に係る内部者取引違反行為並びに当該社員による公開買付けの実施に関する事実に係る伝達違反行為に対する課徴金納付命令の勧告について,https://www.fsa.go.jp/sesc/news/c_2017/2017/20171215-2.html,"English version 平成29年12月15日 証券取引等監視委員会 公開買付者の社員及び同人から情報を受領した者によるエヌジェーケー株式に係る内部者取引違反行為並びに当該社員による公開買付けの実施に関する事実に係る伝達違反行為に対する課徴金納付命令の勧告について １．勧告の内容 証券取引等監視委員会は、公開買付者の社員及び同人から情報を受領した者によるエヌジェーケー株式に係る内部者取引違反行為並びに当該社員による公開買付けの実施に関する事実に係る伝達違反行為について検査した結果、下記のとおり法令違反の事実が認められたので、本日、内閣総理大臣及び金融庁長官に対して、金融庁設置法第２０条第１項の規定に基づき、課徴金納付命令を発出するよう勧告を行った。 ２．法令違反の事実関係 （１）課徴金納付命令対象者（１）について ア．違反行為事実A 課徴金納付命令対象者（１）は、株式会社エヌ・ティ・ティ・データ（以下「ＮＴＴデータ」という。）に勤務していた者であるが、同人がその職務に関し、同社の業務執行を決定する機関が、株式会社エヌジェーケー（以下「ＮＪＫ」という。平成２８年８月２２日上場廃止。）の株式の公開買付けを行うことについての決定をした旨の公開買付けの実施に関する事実を知りながら、上記事実の公表がされた平成２８年５月１０日より前の同年４月２１日及び同月２５日、自己の計算において、ＮＪＫ株式合計４００株を買付価額合計１９万２１００円で買い付けたものである。 イ．違反行為事実B 課徴金納付命令対象者（１）は、同人がその職務に関し知った、ＮＴＴデータの業務執行を決定する機関が、ＮＪＫの株式の公開買付けを行うことについての決定をした旨の公開買付けの実施に関する事実を、課徴金納付命令対象者（２）に対し、上記事実の公表がされる前にＮＪＫ株式の買付けをさせることにより同人に利益を得させる目的をもって、伝達したものである。 課徴金納付命令対象者（２）は、上記事実の公表がされた平成２８年５月１０日より前の同年４月２１日から同年５月９日までの間、自己の計算において、ＮＪＫ株式合計１２００株を買付価額合計５６万７７００円で買い付けたものである。 違反行為事実の概要については、 別図 のとおり。 課徴金納付命令対象者（１）が行った 上記ア．の行為は、金融商品取引法第１７５条第２項に規定する「第１６７条第１項又は第３項の規定に違反して、同条第１項に規定する特定株券等若しくは関連株券等に係る買付け等」をした行為に、 上記イ．の行為は、金融商品取引法第１７５条の２第２項に規定する「第１６７条の２第２項の規定に違反して、同項の伝達をし、又は同項の買付け等若しくは売付け等をすることを勧める」行為に、 該当すると認められる。 （２）課徴金納付命令対象者(２)について 課徴金納付命令対象者（２）は、ＮＴＴデータに勤務していた課徴金納付命令対象者（１）から、同人がその職務に関し知った、同社の業務執行を決定する機関が、ＮＪＫの株式の公開買付けを行うことについての決定をした旨の公開買付けの実施に関する事実の伝達を受けながら、上記事実の公表がされた平成２８年５月１０日より前の同年４月２１日から同年５月９日までの間、自己の計算において、ＮＪＫ株式合計１２００株を買付価額合計５６万７７００円で買い付けたものである。 違反行為事実の概要については、 別図 のとおり。 課徴金納付命令対象者（２）が行った上記の行為は、金融商品取引法第１７５条第２項に規定する「第１６７条第１項又は第３項の規定に違反して、同条第１項に規定する特定株券等若しくは関連株券等に係る買付け等」をした行為に該当すると認められる。 ３．課徴金の額の計算 上記の違法行為に対し、金融商品取引法に基づき納付を命じられる課徴金の額は、下記のとおりである。 課徴金納付命令対象者（１）１９万円 課徴金納付命令対象者（２）２４万円 計算方法の詳細については、 別紙 のとおり。 （別図） ○違反行為事実の概要について （クリックすると拡大されます） （別紙） ○課徴金の額の計算方法について １． 課徴金納付命令対象者（１）について （１）違反行為事実Aに係る課徴金の額 ア．金融商品取引法第１７５条第２項第２号の規定により、当該有価証券の買付けについて、公開買付け等の実施に関する事実の公表がされた後２週間における最も高い価格（677円）に当該有価証券の買付けの数量を乗じて得た額から当該有価証券の買付けをした価格にその数量を乗じて得た額を控除した額。 （677円×400株） －（472円×200株＋488円×100株＋489円×100株） ＝78,700円 イ．金融商品取引法第１７６条第２項の規定により、上記ア．で計算した額の１万円未満の端数を切捨て。 （２）違反行為事実Bに係る課徴金の額 ア．金融商品取引法第１７５条の２第２項第３号の規定により、当該違反行為により当該情報受領者等が行った当該買付けによって得た利得相当額に２分の１を乗じて得た額。 利得相当額とは、同条第４項第２号の規定により、情報受領者等が株券等の買付けをした場合、当該株券等の買付けについて公開買付け等の実施に関する事実の公表がされた後２週間における最も高い価格（677円）に当該株券等の買付けの数量を乗じて得た額から当該株券等の買付けをした価格にその数量を乗じて得た額を控除した額。 ｛（677円×1,200株）－（460円×200株＋470円×400株＋471円×100株 ＋478円×100株＋481円×200株＋483円×200株）｝×1/2 ＝122,350円 イ．金融商品取引法第１７６条第２項の規定により、上記ア．で計算した額の１万円未満の端数を切捨て。 （３）上記（１）及び（２）により算定した額の合計 70,000円＋120,000円＝190,000円となる。 ２． 課徴金納付命令対象者（２）について （１）金融商品取引法第１７５条第２項第２号の規定により、当該有価証券の買付けについて、公開買付け等の実施に関する事実の公表がされた後２週間における最も高い価格（677円）に当該有価証券の買付けの数量を乗じて得た額から当該有価証券の買付けをした価格にその数量を乗じて得た額を控除した額。 （677円×1,200株） －（460円×200株＋470円×400株＋471円×100株＋478円×100株＋481円×200株＋483円×200株） ＝244,700円 （２）金融商品取引法第１７６条第２項の規定により、上記（１）で計算した額の１万円未満の端数を切捨て。"
2017-12-15,株式会社ジャパンインベストメントアドバイザー社員による内部者取引,,株式会社ジャパンインベストメントアドバイザー社員による内部者取引に対する課徴金納付命令の勧告について,https://www.fsa.go.jp/sesc/news/c_2017/2017/20171215-3.html,"English version 平成29年12月15日 証券取引等監視委員会 株式会社ジャパンインベストメントアドバイザー社員による内部者取引に対する課徴金納付命令の勧告について １．勧告の内容 証券取引等監視委員会は、株式会社ジャパンインベストメントアドバイザー社員による内部者取引について検査した結果、下記のとおり法令違反の事実が認められたので、本日、内閣総理大臣及び金融庁長官に対して、金融庁設置法第２０条第１項の規定に基づき、課徴金納付命令を発出するよう勧告を行った。 ２．法令違反の事実関係 課徴金納付命令対象者は、株式会社ジャパンインベストメントアドバイザー（以下「ＪＩＡ」という。）に勤務していた者であるが、 （１）違反行為事実Ａ 同人がその職務に関し、同社の業務執行を決定する機関が、自己の株式の取得を行うことについての決定をした旨の重要事実を知りながら、上記事実の公表がされた平成２７年７月２９日より前の同年６月２９日から同年７月１７日までの間、自己及び親族の計算において、ＪＩＡ株式合計７４００株を買付価額合計１１１９万５１９０円で買い付け （２）違反行為事実Ｂ 同人がその職務に関し、同社の業務執行を決定する機関が、Ｍ＆Ａアドバイザリー事業に特化した専門子会社を設立することについての決定をした旨の重要事実を知りながら、上記事実の公表がされた平成２７年１１月１６日午後３時頃より前の同日午前９時３２分頃から午後３時までの間、自己及び親族の計算において、ＪＩＡ株式合計１５００株を買付価額合計２６４万５１８０円で買い付け （３）違反行為事実Ｃ 同人がその職務に関し、同社の業務執行を決定する機関が、ＰＣＩホールディングス株式会社との業務上の提携を行うことについての決定をした旨の重要事実を知りながら、上記事実の公表がされた平成２８年８月１０日午前１１時３０分頃より前の同年７月２９日から同年８月１０日午前１１時３０分までの間、自己及び親族の計算において、ＪＩＡ株式合計７４００株を買付価額合計２０６６万９２００円で買い付け たものである。 違反行為事実の概要については、 別図 のとおり。 課徴金納付命令対象者が行った上記の行為は、金融商品取引法第１７５条第１項に規定する「第１６６条第１項又は第３項の規定に違反して、同条第１項に規定する売買等をした」行為に該当すると認められる。 ３．課徴金の額の計算 上記の違法行為に対し、金融商品取引法に基づき納付を命じられる課徴金の額は、４３４万円である。 計算方法の詳細については、 別紙 のとおり。 ４．その他 本件については、日本取引所自主規制法人より提供された情報を参考として、実態解明を行ったものである。 （別図） ○違反行為事実の概要について （クリックすると拡大されます） （別紙） ○課徴金の額の計算方法について １．違反行為事実Aに係る課徴金の額 （１）金融商品取引法第１７５条第１項第２号の規定により、当該有価証券の買付けについて業務等に関する重要事実の公表がされた後２週間における最も高い価格（1,780円）に当該有価証券の買付けの数量を乗じて得た額から当該有価証券の買付けをした価格にその数量を乗じて得た額を控除した額。 （1,780円×7,400株） －（1,406円×100株＋1,415円×200株＋1,421円×100株＋1,426円×100株 ＋1,429円×100株＋1,466円×100株＋1,486円×100株＋1,491円×200株 ＋1,493円×100株＋1,494円×100株＋1,495円×100株＋1,496円×400株 ＋1,497円×100株＋1,498円×200株＋1,499円×100株＋1,500円×100株 ＋1,501円×200株＋1,502円×200株＋1,503円×300株＋1,504円×200株 ＋1,505円×300株＋1,506円×400株＋1,507円×300株＋1,508円×300株 ＋1,509円×100株＋1,510円×200株＋1,511円×100株＋1,514円×100株 ＋1,516円×100株＋1,517円×100株＋1,518円×100株＋1,521円×200株 ＋1,522円×100株＋1,532円×100株＋1,536円×100株＋1,539円×200株 ＋1,541円×100株＋1,561円×100株＋1,561.9円×100株＋1,569円×200株 ＋1,571円×100株＋1,574円×100株＋1,579円×100株＋1,581円×100株 ＋1,582円×200株＋1,585円×100株＋1,587円×100株＋1,588円×100株 ＋1,595円×100株） ＝1,976,810円 （２）金融商品取引法第１７６条第２項の規定により、上記（１）で計算した額の１万円未満の端数を切捨て。 ２．違反行為事実Bに係る課徴金の額 （１）金融商品取引法第１７５条第１項第２号の規定により、当該有価証券の買付けについて業務等に関する重要事実の公表がされた後２週間における最も高い価格（2,036円）に当該有価証券の買付けの数量を乗じて得た額から当該有価証券の買付けをした価格にその数量を乗じて得た額を控除した額。 （2,036円×1,500株） －（1,731円×100株＋1,736円×200株＋1,741円×100株＋1,769.9円×200株 ＋1,770円×100株＋1,771円×400株＋1,774円×100株＋1,777円×100株 ＋1,778円×100株＋1,785円×100株） ＝408,820円 （２）金融商品取引法第１７６条第２項の規定により、上記（１）で計算した額の１万円未満の端数を切捨て。 ３．違反行為事実Cに係る課徴金の額 （１）金融商品取引法第１７５条第１項第２号の規定により、当該有価証券の買付けについて業務等に関する重要事実の公表がされた後２週間における最も高い価格（3,060円）に当該有価証券の買付けの数量を乗じて得た額から当該有価証券の買付けをした価格にその数量を乗じて得た額を控除した額。 （3,060円×7,400株） －（2,631円×100株＋2,642円×100株＋2,652円×100株＋2,653円×100株 ＋2,654円×100株＋2,655円×100株＋2,657円×100株＋2,658円×100株 ＋2,664円×100株＋2,665円×100株＋2,666円×100株＋2,668円×100株 ＋2,673円×100株＋2,682円×100株＋2,686円×100株＋2,689円×100株 ＋2,691円×100株＋2,693円×100株＋2,694円×100株＋2,695円×100株 ＋2,696円×100株＋2,697円×100株＋2,698円×200株＋2,699円×200株 ＋2,703円×100株＋2,707円×100株＋2,744円×100株＋2,751円×200株 ＋2,763円×100株＋2,766円×100株＋2,770円×200株＋2,775円×100株 ＋2,781円×100株＋2,785円×100株＋2,791円×100株＋2,797円×100株 ＋2,816円×100株＋2,822円×100株＋2,825円×100株＋2,828円×100株 ＋2,830円×100株＋2,835円×100株＋2,840円×100株＋2,845円×100株 ＋2,847円×100株＋2,860円×100株＋2,870円×100株＋2,880円×100株 ＋2,886円×100株＋2,890円×200株＋2,902円×100株＋2,910円×100株 ＋2,911円×100株＋2,913円×100株＋2,914円×100株＋2,916円×100株 ＋2,918円×100株＋2,921円×300株＋2,927円×100株＋2,929円×100株 ＋2,931円×100株＋2,942円×100株＋2,951円×100株＋2,955円×200株 ＋2,982円×100株＋3,000円×100株） ＝1,974,800円 （２）金融商品取引法第１７６条第２項の規定により、上記（１）で計算した額の１万円未満の端数を切捨て ４．上記１．ないし3．により算定した額の合計 1,970,000円＋400,000円＋1,970,000円＝4,340,000円となる。"
2017-12-08,株式会社シーズ・ホールディングス,,株式会社シーズ・ホールディングス役員からの情報受領者による内部者取引に対する課徴金納付命令の勧告について,https://www.fsa.go.jp/sesc/news/c_2017/2017/20171208-1.html,"English version 平成２９年１２月８日 証券取引等監視委員会 株式会社シーズ・ホールディングス役員からの情報受領者による内部者取引に対する課徴金納付命令の勧告について １．勧告の内容 証券取引等監視委員会は、株式会社シーズ・ホールディングス役員からの情報受領者による内部者取引について検査した結果、下記のとおり法令違反の事実が認められたので、本日、内閣総理大臣及び金融庁長官に対して、金融庁設置法第２０条第１項の規定に基づき、課徴金納付命令を発出するよう勧告を行った。 ２．法令違反の事実関係 課徴金納付命令対象者は、株式会社シーズ・ホールディングス（以下「シーズＨＤ」という。）の役員から、同人がその職務に関し知った、シーズＨＤの業務執行を決定する機関が、ジョンソン・エンド・ジョンソンのグループ企業との業務上の提携を行うことについての決定をした旨の重要事実の伝達を受けながら、上記事実の公表がされた平成２８年７月１１日より前の同年６月３０日から同年７月８日までの間、自己の計算において、シーズＨＤ株式合計６５００株を買付価額合計１４７８万３２００円で買い付けたものである。 違反行為事実の概要については、 別図 のとおり。 課徴金納付命令対象者が行った上記の行為は、金融商品取引法第１７５条第１項に規定する「第１６６条第１項又は第３項の規定に違反して、同条第１項に規定する売買等をした」行為に該当すると認められる。 ３．課徴金の額の計算 上記の違法行為に対し、金融商品取引法に基づき納付を命じられる課徴金の額は、２２３万円である。 計算方法の詳細については、 別紙 のとおり。 ４．その他 本件については、日本取引所自主規制法人より提供された情報も参考として、実態解明を行ったものである。 （別図） ○　違反行為事実の概要について （クリックすると拡大されます） （別紙） ○　課徴金の額の計算方法について （１）金融商品取引法第１７５条第１項第２号の規定により、当該有価証券の買付けについて業務等に関する重要事実の公表がされた後２週間における最も高い価格に当該有価証券の買付けの数量を乗じて得た額から当該有価証券の買付けをした価格にその数量を乗じて得た額を控除した額。 （2,618円×6,500株） －（2,248円×100株＋2,249円×400株＋2,258円×200株＋2,259円×1,100株 ＋2,260円×400株＋2,261円×800株＋2,262円×800株＋2,264円×200株 ＋2,265円×200株＋2,292円×400株＋2,293円×200株＋2,294円×200株 ＋2,295円×1,000株＋2,305円×300株＋2,367円×200株） ＝ 2,233,000円 （２）金融商品取引法第１７６条第２項の規定により、上記（１）で計算した額の１万円未満の端数を切捨て、2,230,000円となる。"
2017-11-14,,,平成29事務年度　証券モニタリング基本方針について,https://www.fsa.go.jp/sesc/news/c_2017/2017/20171114-1.html,お探しのページがみつかりません（404 Not Found） 誠に申し訳ございません。お探しのページは以下の理由により表示することができません。 お探しのページが削除されている。 お探しのページのURL（アドレス）が変更されている。 入力したURL（アドレス）に誤りがある。 お手数ですが、アドレス（URL）をご確認の上、再度お探しいただくか、証券取引等監視委員会の トップページ やページ上部のサイト内検索をご利用ください。 また、お探しのページが国立図書館の「インターネット資料収集保存事業（Web Archiving Project）」に保存されている場合があります。以下のURLからお探しください。 「インターネット資料収集保存事業（Web Archiving Project）」 We are very sorry. The page you requested was not found. This might be due to the following reasons: The page you requested has been deleted. The page's URL (address) has been changed. An invalid URL (address) has been entered. Please check the address (URL) and try to access again from the top page or the site search. Archived version of the page may be found in Web Archiving Project (WARP) of the National Diet Library. Please search from the following URL (address). Web Archiving Project (External link)
2017-11-27,株式会社ストリーム株券,,株式会社ストリーム株券に係る相場操縦事件（２）の告発について,https://www.fsa.go.jp/sesc/news/c_2017/2017/20171127-1.html,English version 平成２９年１１月２７日 証券取引等監視委員会 株式会社ストリーム株券に係る相場操縦事件（２）の告発について 証券取引等監視委員会は、本日、金融商品取引法違反（相場操縦）の嫌疑で、嫌疑者４名を東京地方検察庁に告発した。告発の対象となった犯則事実については下記のとおり。 １．告発の対象となった犯則事実 第１　犯則嫌疑者Ａ及び同Ｂは、東京証券取引所が開設するマザーズ市場に上場されている株式会社ストリームが発行した株券（以下「ストリーム株券」という。）について、その株価の高値形成を図ろうと企て １　Ｅ、Ｆ及びＧほかと共謀の上、同株券の売買を誘引する目的をもって、平成２６年２月１３日から同月２０日までの間、６取引日にわたり、同市場において、９名義で、証券会社５社を介し、連続した高指値注文を行って高値を買い上がるなどの方法により、同株券合計１８万６００株を買い付け、さらに、７名義で、証券会社５社を介し、複数の価格帯に下値買い注文を厚く入れるなどの方法により、同株券合計１０万３７００株の買付けの委託を行い、もって同株券の売買が繁盛であると誤解させ、かつ、同市場における同株券の相場を変動させるべき一連の株券売買及びその委託をするとともに、同株券の売買が繁盛に行われていると他人に誤解させるなど同株券の売買の状況に関し他人に誤解を生じさせる目的をもって、同期間中、２取引日にわたり、同市場において、同株券合計１万株について、証券会社１社を介し、１名義で売り付けると同時に別途買い付け、もって権利の移転を目的としない仮装の売買をし、さらに、同期間中、３取引日にわたり、同市場において、同株券について、証券会社３社を介し、３名義で売り付けると同時期に、これと同価格において、証券会社５社を介し、８名義で買い付けることをあらかじめ通謀の上、同株券合計９万１５００株の売付け及び買付けをし、同株券の株価を４１０円から５７６円まで上昇させ ２　Ｅ、Ｆ及びＧほかと共謀の上、同株券の売買を誘引する目的をもって、同年５月２２日から同月２８日までの間、５取引日にわたり、同市場において、６名義で、証券会社５社を介し、連続した高指値注文を行って高値を買い上がるなどの方法により、同株券合計１６万４６００株を買い付け、さらに、４名義で、証券会社４社を介し、複数の価格帯に下値買い注文を厚く入れるなどの方法により、同株券合計１万５０００株の買付けの委託を行い、もって同株券の売買が繁盛であると誤解させ、かつ、同市場における同株券の相場を変動させるべき一連の株券売買及びその委託をするとともに、同株券の売買が繁盛に行われていると他人に誤解させるなど同株券の売買の状況に関し他人に誤解を生じさせる目的をもって、同月２８日、同市場において、同株券合計９００株について、証券会社３社を介し、２名義で売り付けると同時に別途買い付け、もって権利の移転を目的としない仮装の売買をし、さらに、同月２６日、同市場において、同株券について、証券会社１社を介し、１名義で売り付けると同時期に、これと同価格において、証券会社２社を介し、２名義で買い付けることをあらかじめ通謀の上、同株券合計４万９９００株の売付け及び買付けをし、同株券の株価を５７４円から８００円まで上昇させ 第２　犯則嫌疑者Ａ、同Ｂ、同Ｃ及び同Ｄは、東京証券取引所が開設するマザーズ市場に上場されている上記ストリーム株券について、その株価の高値形成を図ろうと企て １　Ｅ、Ｆ及びＧほかと共謀の上、同株券の売買を誘引する目的をもって、同年６月２５日から同月２７日までの間、３取引日にわたり、同市場において、９名義で、証券会社６社を介し、連続した高指値注文を行って高値を買い上がるなどの方法により、同株券合計１０万１６００株を買い付け、さらに、６名義で、証券会社５社を介し、複数の価格帯に下値買い注文を厚く入れるなどの方法により、同株券合計２万３５００株の買付けの委託を行い、もって同株券の売買が繁盛であると誤解させ、かつ、同市場における同株券の相場を変動させるべき一連の株券売買及びその委託をするとともに、同株券の売買が繁盛に行われていると他人に誤解させるなど同株券の売買の状況に関し他人に誤解を生じさせる目的をもって、同期間中、２取引日にわたり、同市場において、同株券合計５０００株について、証券会社４社を介し、５名義で売り付けると同時に別途買い付け、もって権利の移転を目的としない仮装の売買をし、さらに、同月２７日、同市場において、同株券について、証券会社１社を介し、１名義で売り付けると同時期に、これと同価格において、証券会社２社を介し、２名義で買い付けることをあらかじめ通謀の上、同株券合計９０００株の売付け及び買付けをし、同株券の株価を８０８円から１０５９円まで上昇させ ２　Ｅ、Ｆ及びＧほかと共謀の上、同株券の売買を誘引する目的をもって、同年７月１７日から同月２４日までの間、５取引日にわたり、同市場において、１３名義で、証券会社６社を介し、連続した高指値注文を行って高値を買い上がるなどの方法により、同株券合計１４万２１００株を買い付け、さらに、９名義で、証券会社５社を介し、複数の価格帯に下値買い注文を厚く入れるなどの方法により、同株券合計１３万７３００株の買付けの委託を行い、もって同株券の売買が繁盛であると誤解させ、かつ、同市場における同株券の相場を変動させるべき一連の株券売買及びその委託をするとともに、同株券の売買が繁盛に行われていると他人に誤解させるなど同株券の売買の状況に関し他人に誤解を生じさせる目的をもって、同月１８日、同市場において、同株券合計２３００株について、証券会社２社を介し、１名義で売り付けると同時に別途買い付け、もって権利の移転を目的としない仮装の売買をし、さらに、同期間中、３取引日にわたり、同市場において、同株券について、証券会社１社を介し、１名義で売り付けると同時期に、これと同価格において、証券会社５社を介し、１０名義で買い付けることをあらかじめ通謀の上、同株券合計５万９０００株の売付け及び買付けをし、同株券の株価を１４００円から１５１０円まで上昇させ たものである。 ２．関連条文 金融商品取引法１９７条１項５号、１５９条２項１号、１項１号、４号、５号、刑法第６０条 法定刑：１０年以下の懲役若しくは１０００万円以下の罰金又は併科 ３．その他 本件については、日本取引所自主規制法人及びシンガポール通貨監督庁（Monetary Authority of Singapore）より支援がなされている。
2017-11-21,株式会社ストリーム株券,,株式会社ストリーム株券に係る相場操縦事件の告発について,https://www.fsa.go.jp/sesc/news/c_2017/2017/20171121-1.html,English version 平成２９年１１月２１日 証券取引等監視委員会 株式会社ストリーム株券に係る相場操縦事件の告発について 証券取引等監視委員会は、本日、金融商品取引法違反（相場操縦）の嫌疑で、嫌疑者３名を東京地方検察庁に告発した。告発の対象となった犯則事実については下記のとおり。 １．告発の対象となった犯則事実 犯則嫌疑者３名は、東京証券取引所が開設するマザーズ市場に上場されている株式会社ストリームが発行した株券について、その株価の高値形成を図ろうと企て 第１　Ａほかと共謀の上、同株券の売買を誘引する目的をもって、平成２６年２月１３日から同月２０日までの間、６取引日にわたり、同市場において、９名義で、証券会社５社を介し、連続した高指値注文を行って高値を買い上がるなどの方法により、同株券合計１８万６００株を買い付け、さらに、７名義で、証券会社５社を介し、複数の価格帯に下値買い注文を厚く入れるなどの方法により、同株券合計１０万３７００株の買付けの委託を行い、もって同株券の売買が繁盛であると誤解させ、かつ、同市場における同株券の相場を変動させるべき一連の株券売買及びその委託をするとともに、同株券の売買が繁盛に行われていると他人に誤解させるなど同株券の売買の状況に関し他人に誤解を生じさせる目的をもって、同期間中、２取引日にわたり、同市場において、同株券合計１万株について、証券会社１社を介し、１名義で売り付けると同時に別途買い付け、もって権利の移転を目的としない仮装の売買をし、さらに、同期間中、３取引日にわたり、同市場において、同株券について、証券会社３社を介し、３名義で売り付けると同時期に、これと同価格において、証券会社５社を介し、８名義で買い付けることをあらかじめ通謀の上、同株券合計９万１５００株の売付け及び買付けをし、同株券の株価を４１０円から５７６円まで上昇させ 第２　Ａほかと共謀の上、同株券の売買を誘引する目的をもって、同年５月２２日から同月２８日までの間、５取引日にわたり、同市場において、６名義で、証券会社５社を介し、連続した高指値注文を行って高値を買い上がるなどの方法により、同株券合計１６万４６００株を買い付け、さらに、４名義で、証券会社４社を介し、複数の価格帯に下値買い注文を厚く入れるなどの方法により、同株券合計１万５０００株の買付けの委託を行い、もって同株券の売買が繁盛であると誤解させ、かつ、同市場における同株券の相場を変動させるべき一連の株券売買及びその委託をするとともに、同株券の売買が繁盛に行われていると他人に誤解させるなど同株券の売買の状況に関し他人に誤解を生じさせる目的をもって、同月２８日、同市場において、同株券合計９００株について、証券会社３社を介し、２名義で売り付けると同時に別途買い付け、もって権利の移転を目的としない仮装の売買をし、さらに、同月２６日、同市場において、同株券について、証券会社１社を介し、１名義で売り付けると同時期に、これと同価格において、証券会社２社を介し、２名義で買い付けることをあらかじめ通謀の上、同株券合計４万９９００株の売付け及び買付けをし、同株券の株価を５７４円から８００円まで上昇させ 第３　Ａほかと共謀の上、同株券の売買を誘引する目的をもって、同年６月２５日から同月２７日までの間、３取引日にわたり、同市場において、９名義で、証券会社６社を介し、連続した高指値注文を行って高値を買い上がるなどの方法により、同株券合計１０万１６００株を買い付け、さらに、６名義で、証券会社５社を介し、複数の価格帯に下値買い注文を厚く入れるなどの方法により、同株券合計２万３５００株の買付けの委託を行い、もって同株券の売買が繁盛であると誤解させ、かつ、同市場における同株券の相場を変動させるべき一連の株券売買及びその委託をするとともに、同株券の売買が繁盛に行われていると他人に誤解させるなど同株券の売買の状況に関し他人に誤解を生じさせる目的をもって、同期間中、２取引日にわたり、同市場において、同株券合計５０００株について、証券会社４社を介し、５名義で売り付けると同時に別途買い付け、もって権利の移転を目的としない仮装の売買をし、さらに、同月２７日、同市場において、同株券について、証券会社１社を介し、１名義で売り付けると同時期に、これと同価格において、証券会社２社を介し、２名義で買い付けることをあらかじめ通謀の上、同株券合計９０００株の売付け及び買付けをし、同株券の株価を８０８円から１０５９円まで上昇させ 第４　Ａほかと共謀の上、同株券の売買を誘引する目的をもって、同年７月１７日から同月２４日までの間、５取引日にわたり、同市場において、１３名義で、証券会社６社を介し、連続した高指値注文を行って高値を買い上がるなどの方法により、同株券合計１４万２１００株を買い付け、さらに、９名義で、証券会社５社を介し、複数の価格帯に下値買い注文を厚く入れるなどの方法により、同株券合計１３万７３００株の買付けの委託を行い、もって同株券の売買が繁盛であると誤解させ、かつ、同市場における同株券の相場を変動させるべき一連の株券売買及びその委託をするとともに、同株券の売買が繁盛に行われていると他人に誤解させるなど同株券の売買の状況に関し他人に誤解を生じさせる目的をもって、同月１８日、同市場において、同株券合計２３００株について、証券会社２社を介し、１名義で売り付けると同時に別途買い付け、もって権利の移転を目的としない仮装の売買をし、さらに、同期間中、３取引日にわたり、同市場において、同株券について、証券会社１社を介し、１名義で売り付けると同時期に、これと同価格において、証券会社５社を介し、１０名義で買い付けることをあらかじめ通謀の上、同株券合計５万９０００株の売付け及び買付けをし、同株券の株価を１４００円から１５１０円まで上昇させ たものである。 ２．関連条文 金融商品取引法１９７条１項５号、１５９条２項１号、１項１号、４号、５号、刑法第６０条 法定刑：１０年以下の懲役若しくは１０００万円以下の罰金又は併科 ３．その他 本件については、日本取引所自主規制法人及びシンガポール通貨監督庁（Monetary Authority of Singapore）より支援がなされている。
2017-11-21,セントラル硝子株式会社,4044,引け条件付きの成行注文を利用したセントラル硝子株式外４銘柄に係る相場操縦に対する課徴金納付命令の勧告について,https://www.fsa.go.jp/sesc/news/c_2017/2017/20171121-2.html,"English version 平成２９年１１月２１日 証券取引等監視委員会 引け条件付きの成行注文を利用したセントラル硝子株式外４銘柄に係る相場操縦に対する課徴金納付命令の勧告について １．勧告の内容 証券取引等監視委員会は、セントラル硝子株式外４銘柄に係る相場操縦について検査した結果、下記のとおり法令違反の事実が認められたので、本日、内閣総理大臣及び金融庁長官に対して、金融庁設置法第２０条第１項の規定に基づき、課徴金納付命令を発出するよう勧告を行った。 ２．法令違反の事実関係 課徴金納付命令対象者は、 (1)  株式会社今仙電機製作所（以下「今仙電機」という。）の株式につき、同株式の売買を誘引する目的をもって、 別表 記載のとおり、平成２８年４月１３日午後１時１６分頃から同日午後２時５７分頃までの間、引け条件付きの成行（以下「引成」という。）買い注文を大量に入れる方法により、同株式合計７万８２００株の買付けの委託を行うとともに，同株式合計６４００株を売り付け、 (2)  株式会社不二越（以下「不二越」という。）の株式につき、同株式の売買を誘引する目的をもって、 別表 記載のとおり、平成２８年４月１４日午前１１時９分頃から同日午前１１時２８分頃までの間、前記同様の方法により、同株式合計４８万４０００株の買付けの委託を行うとともに、同株式合計８万１０００株を売り付け、 (3)  セントラル硝子株式会社（以下「セントラル硝子」という。）の株式につき、同株式の売買を誘引する目的をもって、 別表 記載のとおり、平成２８年４月１５日午前１１時７分頃から同日午前１１時２９分頃までの間、前記同様の方法により、同株式合計２６万３０００株の買付けの委託を行うとともに、同株式合計９万６０００株を売り付け、 (4)  リョービ株式会社（以下「リョービ」という。）の株式につき、同株式の売買を誘引する目的をもって、 別表 記載のとおり、平成２８年４月２０日午後２時１９分頃から同日午後２時５８分頃までの間、前記同様の方法により、同株式３５万４０００株の買付けの委託を行うとともに、同株式合計６万５０００株を売り付け、 (5)  東洋ゴム工業株式会社（以下「東洋ゴム」という。）の株式につき、同株式の売買を誘引する目的をもって、 別表 記載のとおり、平成２８年４月１９日午後２時３５分頃から同年４月２０日午前１０時１９分頃まで間、前記同様の方法により、同株式合計１７万６９００株の買付けの委託を行うとともに、同株式合計２万５１００株を売り付けたほか、引成売り注文を大量に発注する方法により、同株式合計２万５０００株の売付けの委託を行うとともに、同株式合計５０００株を買い付け、 もって、自己の計算において、今仙電機、不二越、セントラル硝子、リョービ及び東洋ゴム各株式の売買が繁盛であると誤解させ、かつ、前記各株式の相場を変動させるべき一連の売買及び委託をしたものである。 違反行為事実の概要については、 別図 のとおり。 課徴金納付命令対象者が行った上記の行為は、金融商品取引法第１７４条の２第１項に規定する「第１５９条第２項第１号の規定に違反する一連の有価証券売買等」及び「その委託等」に該当すると認められる。 ３．課徴金の額の計算 上記の違法行為に対し金融商品取引法に基づき納付を命じられる課徴金の額は、１５０万円である。 計算方法の詳細については、 別紙１ 及び 別紙２ のとおり。 （別表） ○違反行為状況 （クリックすると拡大されます） （別図） ○違反行為事実の概要について （クリックすると拡大されます） （クリックすると拡大されます） （クリックすると拡大されます） （クリックすると拡大されます） （クリックすると拡大されます） （クリックすると拡大されます） （別紙１） ○課徴金の額の計算方法について 別表 の各違反行為に係る課徴金の額の計算の基礎は以下のとおりである。 １．金融商品取引法第１７４条の２第１項の規定により、当該違反行為に係る課徴金の額は、 (1) 当該違反行為に係る有価証券の売買対当数量に係るものについて、自己の計算による当該有価証券の売付け等の価額から、自己の計算による当該有価証券の買付け等の価額を控除した額 及び (2) 当該違反行為に係る自己の計算による有価証券の売付け等又は買付け等の数量が、当該違反行為に係る自己の計算による有価証券の買付け等又は売付け等の数量を超える場合、当該超える数量に係る有価証券の売付け等の価額から当該違反行為が終了してから１月を経過するまでの間の各日における当該違反行為に係る有価証券の買付け等についての金融商品取引法第６７条の１９又は第１３０条に規定する最低の価格のうち最も低い価格に当該超える数量を乗じて得た額を控除した額、又は当該違反行為が終了してから１月を経過するまでの間の各日における当該違反行為に係る有価証券の売付け等についての金融商品取引法第６７条の１９又は第１３０条に規定する最高の価格のうち最も高い価格に当該超える数量を乗じて得た額から当該超える数量に係る有価証券の買付け等の価額を控除した額 の合計額として算定。 ２．上記１．で算定された課徴金の額につき、金融商品取引法第１７６条第２項の規定により１万円未満の端数を切り捨てて算定。 ３．上記２．によりそれぞれ算定した額を合計し、課徴金の額とする。 以上につき、 別紙２ のとおり。 （別紙２） 別表 に掲げる事実につき １．今仙電機株式の取引について (1) 当該違反行為に係る自己の計算による有価証券の売付け等の数量は、6,400株であり、当該違反行為に係る自己の計算による有価証券の買付け等の数量は、金融商品取引法第１７４条の２第８項及び金融商品取引法施行令第３３条の１３第１号の規定により、違反行為の開始時にその時における価格（949円）で買付け等を自己の計算においてしたものとみなされる当該違反行為の開始時に所有している有価証券の数量6,400株であることから、 ア．当該違反行為に係る有価証券の売買対当数量（6,400株）に係るものについて、自己の計算による当該有価証券の売付け等の価額から、自己の計算による当該有価証券の買付け等の価額を控除した額 （961円×3,000株＋962円×3,200株＋963円×200株） －949円×6,400株 ＝80,400円 及び イ．当該超える数量が0株であることから、0円 の合計額80,400円となる。 (2) 金融商品取引法第１７６条第２項の規定により、上記(1)で計算した額の１万円未満の端数を切捨て、80,000円となる。 ２．不二越株式の取引について (1) 当該違反行為に係る自己の計算による有価証券の売付け等の数量は、81,000株であり、当該違反行為に係る自己の計算による有価証券の買付け等の数量は、金融商品取引法第１７４条の２第８項及び金融商品取引法施行令第３３条の１３第１号の規定により、違反行為の開始時にその時における価格（377円）で買付け等を自己の計算においてしたものとみなされる当該違反行為の開始時に所有している有価証券の数量81,000株であることから、 ア．当該違反行為に係る有価証券の売買対当数量（81,000株）に係るものについて、自己の計算による当該有価証券の売付け等の価額から、自己の計算による当該有価証券の買付け等の価額を控除した額 （381円×4,000株＋382円×17,000株＋383円×15,000株＋384円×10,000株＋385円×14,000株＋386円×21,000株） －377円×81,000株 ＝562,000円 及び イ．当該超える数量が0株であることから、0円 の合計額562,000円となる。 (2) 金融商品取引法第１７６条第２項の規定により、上記(1)で計算した額の１万円未満の端数を切捨て、560,000円となる。 ３．セントラル硝子株式の取引について (1) 当該違反行為に係る自己の計算による有価証券の売付け等の数量は、96,000株であり、当該違反行為に係る自己の計算による有価証券の買付け等の数量は、金融商品取引法第１７４条の２第８項及び金融商品取引法施行令第３３条の１３第１号の規定により、違反行為の開始時にその時における価格（618円）で買付け等を自己の計算においてしたものとみなされる当該違反行為の開始時に所有している有価証券の数量96,000株であることから、 ア．当該違反行為に係る有価証券の売買対当数量（96,000株）に係るものについて、自己の計算による当該有価証券の売付け等の価額から、自己の計算による当該有価証券の買付け等の価額を控除した額 （618円×24,000株＋619円×11,000株＋620円×40,000株 ＋621円×15,000株＋622円×3,000株＋623円×3,000株） －618円×96,000株 ＝163,000円 及び イ．当該超える数量が0株であることから、0円 の合計額163,000円となる。 (2) 金融商品取引法第１７６条第２項の規定により、上記(1)で計算した額の１万円未満の端数を切捨て、160,000円となる。 ４．リョービ株式の取引について (1) 当該違反行為に係る自己の計算による有価証券の売付け等の数量は、65,000株であり、当該違反行為に係る自己の計算による有価証券の買付け等の数量は、金融商品取引法第１７４条の２第８項及び金融商品取引法施行令第３３条の１３第１号の規定により、違反行為の開始時にその時における価格（435円）で買付け等を自己の計算においてしたものとみなされる当該違反行為の開始時に所有している有価証券の数量60,000株であることから、 ア．当該違反行為に係る有価証券の売買対当数量（60,000株）に係るものについて、自己の計算による当該有価証券の売付け等の価額から、自己の計算による当該有価証券の買付け等の価額を控除した額 （438円×29,000株＋439円×31,000株） －435円×60,000株 ＝211,000円 及び イ．当該違反行為に係る自己の計算による有価証券の売付け等の数量（65,000株）が、当該違反行為に係る自己の計算による有価証券の買付け等の数量（60,000株）を超えていることから、当該超える数量5,000株（65,000株－60,000株）に係る有価証券の売付け等の価額から、当該違反行為が終了してから１月を経過するまでの間の各日における当該違反行為に係る有価証券の買付け等についての金融商品取引法第６７条の１９又は第１３０条に規定する最低の価格のうち最も安い価格（383円）に当該超える数量を乗じて得た額を控除した額 438円×5,000株 －383円×5,000株 ＝275,000円 の合計額486,000円となる。 (2) 金融商品取引法第１７６条第２項の規定により、上記(1)で計算した額の１万円未満の端数を切捨て、480,000円となる。 ５．東洋ゴム株式の取引について (1) 当該違反行為に係る自己の計算による有価証券の売付け等の数量は、25,100株であり、当該違反行為に係る自己の計算による有価証券の買付け等の数量は、実際の買付け等の数量5,000株に、金融商品取引法第１７４条の２第８項及び金融商品取引法施行令第３３条の１３第１号の規定により、違反行為の開始時にその時における価格（1,588円）で買付け等を自己の計算においてしたものとみなされる当該違反行為の開始時に所有している有価証券の数量20,100株を加えた25,100株であることから、 ア．当該違反行為に係る有価証券の売買対当数量（25,100株）に係るものについて、自己の計算による当該有価証券の売付け等の価額から、自己の計算による当該有価証券の買付け等の価額を控除した額 （1,598円×1,500株＋1,599円×21,000株＋1,600円×2,600株） －（1,588円×20,100株＋1,598円×5,000株） ＝227,200円 及び イ．当該超える数量が0株であることから、0円 の合計額227,200円となる。 (2) 金融商品取引法第１７６条第２項の規定により、上記(1)で計算した額の１万円未満の端数を切捨て、220,000円となる。 ６．上記、１．ないし５．により算定した額の合計 80,000円＋560,000円＋160,000円＋480,000円＋220,000円 ＝1,500,000円となる。"
2017-11-10,株式会社文教堂グループホールディングス社員による内部者取引,,株式会社文教堂グループホールディングス社員による内部者取引に対する課徴金納付命令の勧告について,https://www.fsa.go.jp/sesc/news/c_2017/2017/20171110-1.html,"English version 平成２９年１１月１０日 証券取引等監視委員会 株式会社文教堂グループホールディングス社員による内部者取引に対する課徴金納付命令の勧告について １．勧告の内容 証券取引等監視委員会は、株式会社文教堂グループホールディングス社員による内部者取引について検査した結果、下記のとおり法令違反の事実が認められたので、本日、内閣総理大臣及び金融庁長官に対して、金融庁設置法第２０条第１項の規定に基づき、課徴金納付命令を発出するよう勧告を行った。 ２．法令違反の事実関係 （１）課徴金納付命令対象者（１）について 課徴金納付命令対象者は、株式会社文教堂グループホールディングス（以下「文教堂ＧＨＤ」という。）に勤務していた者であるが、同人がその職務に関し、同社の属する企業集団の平成２７年９月１日から平成２８年８月３１日までの事業年度（以下「平成２８年８月期」という。）の経常利益の予想値について、平成２７年１０月１５日に公表がされた直近の予想値（経常利益１億５０００万円）に比較して、同社が新たに算出した予想値において、投資者の投資判断に及ぼす影響が重要なものとなる差異が生じた旨の重要事実を知りながら、同社において新たに算出した平成２８年８月期の予想値（経常利益マイナス７２００万円）の公表がされた平成２８年１０月１３日より前の同月４日、自己の計算において、文教堂ＧＨＤ株式合計１万株を売付価額合計６１０万５８００円で売り付けたものである。 違反行為事実の概要については、 別図 のとおり。 課徴金納付命令対象者が行った上記の行為は、金融商品取引法第１７５条第１項に規定する「第１６６条第１項又は第３項の規定に違反して、同条第１項に規定する売買等をした」行為に該当すると認められる。 ３．課徴金の額の計算 上記の違法行為に対し、金融商品取引法に基づき納付を命じられる課徴金の額は、２７０万円である。 計算方法の詳細については、 別紙 のとおり。 ４．その他 本件については、日本取引所自主規制法人より提供された情報も参考として、実態解明を行ったものである。 （別図） ○　違反行為事実の概要について （クリックすると拡大されます） （別紙） ○　課徴金の額の計算方法について （１）金融商品取引法第１７５条第１項第１号の規定により、当該有価証券の売付けについて当該有価証券の売付けをした価格にその数量を乗じて得た額から業務等に関する重要事実の公表がされた後２週間における最も低い価格（340円）に当該有価証券の売付けの数量を乗じて得た額を控除した額。 （609円×1,000株＋610円×5,400株＋611円×1,500株 ＋612円×1,000株＋613円×1,100株） －340円×10,000株 ＝ 2,705,800円 （２）金融商品取引法第１７６条第２項の規定により、上記（１）で計算した額の１万円未満の端数を切捨て、2,700,000円となる。"
2017-10-13,豊証券株式会社,,豊証券株式会社に対する検査結果に基づく勧告について,https://www.fsa.go.jp/sesc/news/c_2017/2017/20171013-2.html,"English version 平成29年10月13日 証券取引等監視委員会 豊証券株式会社に対する検査結果に基づく勧告について １．勧告の内容 東海財務局長が豊証券株式会社（愛知県名古屋市、法人番号6180001041714、資本金25.4億円、常勤役職員226名、第一種金融商品取引業、第二種金融商品取引業、以下「当社」という。）を検査した結果、下記のとおり、当該金融商品取引業者に係る問題が認められたので、本日、証券取引等監視委員会は、内閣総理大臣及び金融庁長官に対して、金融庁設置法第20条第１項の規定に基づき、行政処分を行うよう勧告した。 ２．事実関係 ○　損失補塡行為及び専ら投機的利益の追求を目的とした有価証券の売買 （１）損失補塡行為 当社Ｘ支店において平成25年９月から同28年３月までの間は次長、同28年４月から同29年４月までの間は支店長の職にあった者Ａ（以下「Ａ支店長」という。）は、顧客１名に対して、損失の補塡を事前に約束した上で株式の売買取引を行わせたほか、当該顧客を含む３名の顧客に対して、株式の売買取引において実際に発生した損失を補塡するため、自己資金合計約465万円を顧客の取引口座に入金した。 ①　事例１ Ａ支店長は、平成26年11月頃、顧客Ｂに東京証券取引所マザーズ上場株式の買付けを推奨したところ難色を示されたため、自己の営業成績向上を図る目的で、「損が出たら私が持ちます。」などと発言し、顧客もこの発言により買付けに同意したことから、同年同月、当該株式を買い付けさせた。その後、平成27年５月、顧客Ｂが当該株式の売付けを行い、この結果損失が発生したことから、Ａ支店長は、上記の約束に基づき、自己資金105,659円を顧客Ｂの取引口座に入金した。 ②　事例２ Ａ支店長は、平成26年２月、顧客Ｃが、信用取引の追加保証金の差入れが必要となったため、取引を継続することに難色を示したことから、自己の営業成績向上を図る目的で、「私が資金を出すので取引を続けて欲しい。」などと発言した。顧客Ｃは、Ａ支店長の発言により取引を継続することに同意したことから、Ａ支店長は、追加保証金及び今後損失が発生した場合の決済損金に充当してもらう目的で、自己資金1,000,000円を顧客Ｃの取引口座に入金した。その後、顧客Ｃが順次、信用取引建玉の決済を行い、この結果生じた損失の一部に、先にＡ支店長が入金していた1,000,000円を充当した。 Ａ支店長は、その後も、顧客Ｃに取引を継続してもらう目的で同様の行為を繰り返し、上記を含め、平成26年４月２日から同28年７月８日までの間に、信用取引により生じた損失の一部に充当するため、自己資金合計3,119,676円を顧客Ｃの取引口座に入金した。 ③　事例３ Ａ支店長は、顧客Ｄに対して、事例２と同様に、平成28年１月21日から同年８月５日までの間に、信用取引により生じた損失の一部に充当するため、自己資金合計1,430,518円を顧客Ｄの取引口座に入金した。 （２）専ら投機的利益の追求を目的とした有価証券の売買 Ａ支店長は、専ら自己の有価証券売買益を獲得する目的で、顧客Ｅからの借入金（約１億５千万円）を原資として、親族を含む２顧客の取引口座を使用して、自己の計算により、平成25年12月から同29年１月までの間、国内上場株式の売買取引を頻繁に行った（延べ売買合計623回、延べ約定代金合計約５億３千万円）。 上記（１）及び（２）の背景として、以下のとおり、当社の法令等違反行為に係る防止態勢が不十分な状況が認められた。 当社は、支店長等の営業管理職が行う営業状況の適切性を確保するための管理態勢が不十分であった。 平成28年３月及び同29年２月に、２店舗で無断売買、名義借り及び顧客との金銭貸借といった法令等違反行為が発生しているが、当社経営陣は、その発生原因は行為者の属人的な問題との意識が強く、発生原因を十分に分析した上で、実効性ある再発防止策を策定・実行してこなかった。 上記（１）①の行為は、金融商品取引法第39条第１項第１号及び第３号に、同②及び③の行為は、同項第３号に該当するものと認められる。 また、上記（２）の行為は、同法第38条第８号（平成26年５月30日法律第44号による改正前は同条第７号）に基づく金融商品取引業等に関する内閣府令第117条第１項第12号に該当するものと認められる。 （参考条文） ○　金融商品取引法（昭和23年法律第25号）（抄） （禁止行為） 第三十八条  金融商品取引業者等又はその役員若しくは使用人は、次に掲げる行為をしてはならない。ただし、第四号から第六号までに掲げる行為にあつては、投資者の保護に欠け、取引の公正を害し、又は金融商品取引業の信用を失墜させるおそれのないものとして内閣府令で定めるものを除く。 一 ～ 七  （略） 八　前各号に掲げるもののほか、投資者の保護に欠け、若しくは取引の公正を害し、又は金融商品取引業の信用を失墜させるものとして内閣府令で定める行為 （損失補てん等の禁止） 第三十九条 金融商品取引業者等は、次に掲げる行為をしてはならない。 一　有価証券の売買その他の取引（買戻価格があらかじめ定められている買戻条件付売買その他の政令で定める取引を除く。）又はデリバティブ取引（以下この条において「有価証券売買取引等」という。）につき、当該有価証券又はデリバティブ取引（以下この条において「有価証券等」という。）について顧客（信託会社等（信託会社又は金融機関の信託業務の兼営等に関する法律第一条第一項の認可を受けた金融機関をいう。以下同じ。）が、信託契約に基づいて信託をする者の計算において、有価証券の売買又はデリバティブ取引を行う場合にあつては、当該信託をする者を含む。以下この条において同じ。）に損失が生ずることとなり、又はあらかじめ定めた額の利益が生じないこととなつた場合には自己又は第三者がその全部又は一部を補てんし、又は補足するため当該顧客又は第三者に財産上の利益を提供する旨を、当該顧客又はその指定した者に対し、申し込み、若しくは約束し、又は第三者に申し込ませ、若しくは約束させる行為 二 （略） 三　有価証券売買取引等につき、当該有価証券等について生じた顧客の損失の全部若しくは一部を補てんし、又はこれらについて生じた顧客の利益に追加するため、当該顧客又は第三者に対し、財産上の利益を提供し、又は第三者に提供させる行為 （以下、略） ○　金融商品取引業等に関する内閣府令（平成19年内閣府令第52号）（抄） （禁止行為） 第百十七条　法第三十八条第八号に規定する内閣府令で定める行為は、次に掲げる行為とする。 一 ～ 十一 （略） 十二　個人である金融商品取引業者又は金融商品取引業者等の役員（役員が法人であるときは、その職務を行うべき社員を含む。）若しくは使用人が、自己の職務上の地位を利用して、顧客の有価証券の売買その他の取引等に係る注文の動向その他職務上知り得た特別の情報に基づいて、又は専ら投機的利益の追求を目的として有価証券の売買その他の取引等をする行為 （以下、略）"
2017-11-07,合同会社ＦＣキャピタル及び株式会社,,合同会社ＮＧＩキャピタル、合同会社ＦＣキャピタル及び株式会社Ｅ－ＲＡキャピタルに対する検査結果及び勧告について,https://www.fsa.go.jp/sesc/news/c_2017/2017/20171107-1.html,English version 平成29年11月７日 証券取引等監視委員会 合同会社ＮＧＩキャピタル、合同会社ＦＣキャピタル及び株式会社Ｅ－ＲＡキャピタルに対する検査結果及び勧告について １．検査結果 証券取引等監視委員会が合同会社ＮＧＩキャピタル（東京都港区、法人番号8010403011437、代表社員 A、資本金10万円、常勤役職員３名）、合同会社ＦＣキャピタル（東京都港区、法人番号4010403011218、代表社員 株式会社ＦＣパートナーズ、資本金200万円、常勤役職員５名）及び株式会社Ｅ－ＲＡキャピタル（東京都港区、法人番号6010401103329、代表取締役 B、資本金500万円、常勤役職員３名）（上記３社はいずれも適格機関投資家等特例業務届出者であり、金融商品取引業の登録はない。以下、上記３社を併せて「ＮＧＩキャピタル外２社」という。）を検査した結果、下記のとおり、当該適格機関投資家等特例業務届出者に係る問題が認められた。 （注）ＮＧＩキャピタル外２社の業務は、Aにより統括されている。 ２．事実関係 ＮＧＩキャピタル外２社は、それぞれ、適格機関投資家等特例業務（以下「特例業務」という。）として、自らを営業者とする合計８つの匿名組合（以下「本件ファンド」という。）の出資持分の取得勧誘を行っている（出資者数：31名、出資総額：約10億円）。 本件ファンドの出資金は、ＮＧＩキャピタル外２社の各親会社に貸し付けられ、各親会社により、外国為替証拠金取引やクエストキャピタルマネージメント有限会社（※）が運用するＡＲ２有限責任事業組合及びＫＬＥＭ任意組合等への投資に充てられるとされている。 （１）無登録で第二種金融商品取引業を行っている状況 特例業務については、適格機関投資家からの出資を受けることが要件の一つとされているところ、本件ファンドのうち、５つのファンドについて、実際には適格機関投資家からの出資を受けないまま、出資持分の取得勧誘を行っている。 ＮＧＩキャピタル外２社が行った上記行為は、金融商品取引法第28条第２項に規定する「第二種金融商品取引業」に該当し、ＮＧＩキャピタル外２社が同法第29条に基づく登録を受けることなく、当該行為を行うことは、同条に違反するものと認められる。 （２）投資者保護上問題のある業務運営 合同会社ＦＣキャピタルは、自らを営業者とし、出資持分の取得勧誘を行ったＦＣ匿名組合５号（出資総額：約1.3億円）について、会計帳簿等を適切に作成・管理しておらず、出資金の一部（7.3百万円）の使途が把握できない状況となっている。 上記(２)の状況は、投資者保護上問題があるものと認められ、金融商品取引法第63条の５第１項に規定する「業務の運営に関し、公益又は投資者保護のため必要かつ適当であると認めるとき」に該当するものと認められる。 ３．勧告の内容 上記事実関係のうち、（２）の投資者保護上問題のある業務運営については、平成27年法律第32号による改正後の金融商品取引法の施行日（平成28年３月１日）以降も継続していることから、当該事実について、本日、証券取引等監視委員会は、内閣総理大臣及び金融庁長官に対して、金融庁設置法第20条第1項に基づき、行政処分を行うよう勧告した。 ※参考 クエストキャピタルマネージメント有限会社（平成27年３月３日公表） 参考資料（PDF:219KB） （参考条文） ○　金融商品取引法（昭和23年法律第25号）（抄） （登録） 第二十九条　金融商品取引業は、内閣総理大臣の登録を受けた者でなければ、行うことができない。 （適格機関投資家等特例業務） 第六十三条　次の各号に掲げる行為については、第二十九条及び第三十三条の二の規定は、適用しない。 一　適格機関投資家等（適格機関投資家以外の者で政令で定めるもの（その数が政令で定める数以下の場合に限る。）及び適格機関投資家をいう。以下この条において同じ。）で次のいずれにも該当しない者を相手方として行う第二条第二項第五号又は第六号に掲げる権利に係る私募（適格機関投資家等（次のいずれにも該当しないものに限る。）以外の者が当該権利を取得するおそれが少ないものとして政令で定めるものに限る。） イ～ハ（略） （以下、略） （特例業務届出者に対する監督上の処分等） 第六十三条の五　内閣総理大臣は、特例業務届出者の業務の運営に関し、公益又は投資者保護のため必要かつ適当であると認めるときは、その必要の限度において、当該特例業務届出者に対し、業務の運営の改善に必要な措置をとるべきことを命ずることができる。 （以下、略） （注）　第六十三条の条文は、平成28年３月１日に施行された平成27年法律第32号による改正前のものである。
2017-10-24,,,ＦＧＸ　ＬＩＭＩＴＥＤの役員１名の金融商品取引法違反行為に係る裁判所への申立てについて,https://www.fsa.go.jp/sesc/news/c_2017/2017/20171024-1.html,English version 平成29年10月24日 証券取引等監視委員会 ＦＧＸ ＬＩＭＩＴＥＤの役員１名の金融商品取引法違反行為に係る裁判所への申立てについて １．申立ての内容等 証券取引等監視委員会が、ＦＧＸ ＬＩＭＩＴＥＤ（ニュージーランド・オークランド市、金融商品取引業の登録等はない。以下「ＦＧＸ社」という。）に対して金融商品取引法（以下「金商法」という。）第187条第１項に基づく調査を行った結果、下記２．の事実が認められたことから、本日、証券取引等監視委員会は、金商法第192条第１項に基づき、東京地方裁判所に対し、ＦＧＸ社の取締役 A（以下「A」という。）を被申立人として、金商法違反行為（無登録で金融商品取引業（金商法第２条第22項１号及び４号に掲げる取引に係るもの）を行うこと）の禁止及び停止を命ずるよう申立てを行った。 （注）　ＦＧＸ社は、平成27年12月18日までに、ニュージーランドの会社登記局によって会社登録を抹消されており、ニュージーランド・オークランド市において勤務する役職員は存在しない。金商法違反行為は東京都内に所在する事務所において行われている。 ２．事実関係 Aは、平成25年12月17日、ニュージーランドにおいて、有限責任会社であるＦＧＸ社を設立し、その株式全部の所有者となるとともに、唯一の取締役となった。 ＦＧＸ社は、平成26年９月１日、インターネット上に「ＴＩＰ ＯＰＴＩＯＮ」という名称の日本語のウェブサイト（以下「本件サイト」という。）を開設し、本件サイト上で、主に日本国内に居住する一般投資家に対して、下記の４種類の権利（以下、併せて「本件バイナリーオプション」という。）の販売を開始した。 ①　ハイ･ロー取引に係る権利 通貨ペア等の特定の銘柄を選択し、権利購入時の当該銘柄の価格等を、将来のある時点（以下「満期時間」という。）の当該銘柄の価格等が上回るか否かを選択するもの。満期時間において顧客の選択が正しかった場合、顧客は、一定額の金銭（以下「ペイアウト」という。）の支払を受けることができる。 ②　ワンタッチ取引に係る権利 通貨ペア等の特定の銘柄を選択し、当該銘柄の価格等が権利購入時から満期時間までの間に、あらかじめ設定された目標値に一度でも到達するか否かを選択するもの。顧客の選択が正しかった場合、顧客は、ペイアウトの支払を受けることができる。 ③　レンジ取引に係る権利 通貨ペア等の特定の銘柄を選択し、当該銘柄の価格等が、満期時間において、あらかじめ設定された目標値の範囲内に収まっているか否かを選択するもの。顧客の選択が正しかった場合、顧客は、ペイアウトの支払を受けることができる。 ④　短期取引に係る権利 上記①のハイ･ロー取引に係る権利のうち、満期時間が、権利購入時から１分後、２分後又は５分後という極めて近い将来に設定されているもの。 ＦＧＸ社及びAは、これまでに、合計で約400名の一般投資家に対して約３億円分の本件バイナリーオプションを販売している。 なお、ＦＧＸ社及びAは、本件サイト上で、原資産を金等とする本件バイナリーオプションと同様の権利の販売も行っており、当該権利の販売を含めると、合計で約600名の一般投資家に約72億円分の権利を販売している。また、これらの取引用資金として累計で約５億2800万円の入金を受けている。 ＦＧＸ社及びAの本件バイナリーオプションの販売行為は、いずれも金商法第２条第22項第４号に規定する店頭デリバティブ取引に該当し、同法第28条第１項第２号に規定する「第一種金融商品取引業」に該当するものであるから、同法第29条に基づく登録を受けずに上記各行為を行うことは、同条に違反するものである。 そして、Aは、一般投資家から入金を受けた取引用資金を従業員の給料の支払等に充てており、現在、取引用資金を全額返還することができるだけの資力を有しておらず、Aの違法行為を直ちに禁止・停止させなければ、一般投資家の利益が害されるおそれが高い。 また、Aは、平成27年11月に、ＦＧＸ社が金融商品取引業に該当する行為を行っているとして、関東財務局から警告書の発出を受けているが、これを無視し、現在もなお違法行為を継続している。 さらに、Aは、本件バイナリーオプションの販売行為のほか、本件サイト等において外国為替証拠金取引を提供することも検討等していたところ、当該取引の提供が開始された場合、当該行為は、金商法第２条第22項第１号に規定する店頭デリバティブ取引に該当し、上記と同様、同法29条に違反することとなる。 以上によれば、Aは金商法違反行為を今後も行う蓋然性が高く、これを可及的速やかに禁止・停止させる必要がある。 （クリックすると拡大されます） 参考条文 ○第一種金融商品取引業 金融商品取引法(抄) （定義） 第二条 （略） ２～７ （略） ８ この法律において「金融商品取引業」とは、次に掲げる行為（略）のいずれかを業として行うことをいう。 一～三　（略） 四　店頭デリバティブ取引又はその媒介、取次ぎ（有価証券等清算取次ぎを除く。）若しくは代理（以下「店頭デリバティブ取引等」という。） 五～十八　（略） ９～21 （略） 22 この法律において「店頭デリバティブ取引」とは、金融商品市場及び外国金融商品市場によらないで行う次に掲げる取引（略）をいう。 一　売買の当事者が将来の一定の時期において金融商品（略）及びその対価の授受を約する売買であつて、当該売買の目的となつている金融商品の売戻し又は買戻しその他政令で定める行為をしたときは差金の授受によつて決済することができる取引 二・三　（略） 四　当事者の一方の意思表示により当事者間において当該意思表示を行う場合の金融指標（略）としてあらかじめ約定する数値と現に当該意思表示を行つた時期における現実の当該金融指標の数値の差に基づいて算出される金銭を授受することとなる取引を成立させることができる権利を相手方が当事者の一方に付与し、当事者の一方がこれに対して対価を支払うことを約する取引又はこれに類似する取引 五～七　（略） 23～40 （略） 第二十八条 この章において「第一種金融商品取引業」とは、金融商品取引業のうち、次に掲げる行為のいずれかを業として行うことをいう。 一 ・一の二　（略） 二　第二条第八項第四号に掲げる行為又は店頭デリバティブ取引についての同項第五号に掲げる行為 三～五　（略） ２～８　（略） （登録） 第二十九条 金融商品取引業は、内閣総理大臣の登録を受けた者でなければ、行うことができない。 ○緊急差止命令に係る申立て 金融商品取引法(抄) （審問等に関する調査のための処分） 第百八十七条 内閣総理大臣又は内閣総理大臣及び財務大臣は、この法律の規定による審問、この法律の規定による処分に係る聴聞又は第百九十二条の規定による申立てについて、必要な調査をするため、当該職員に、次に掲げる処分をさせることができる。 一　関係人若しくは参考人に出頭を命じて意見を聴取し、又はこれらの者から意見書若しくは報告書を提出させること。 二　鑑定人に出頭を命じて鑑定させること。 三　関係人に対し帳簿書類その他の物件の提出を命じ、又は提出物件を留めて置くこと。 四　関係人の業務若しくは財産の状況又は帳簿書類その他の物件を検査すること。 ２ (略) （裁判所の禁止又は停止命令） 第百九十二条 裁判所は、次の各号のいずれかに該当すると認めるときは、内閣総理大臣又は内閣総理大臣及び財務大臣の申立てにより、当該各号に定める行為を行い、又は行おうとする者に対し、その行為の禁止又は停止を命ずることができる。 一　緊急の必要があり、かつ、公益及び投資者保護のため必要かつ適当であるとき この法律又はこの法律に基づく命令に違反する行為 二　第二条第二項第五号若しくは第六号に掲げる権利又は同項第七号に掲げる権利（同項第五号又は第六号に掲げる権利と同様の経済的性質を有するものとして政令で定める権利に限る。）に関し出資され、又は拠出された金銭（これに類するものとして政令で定めるものを含む。）を充てて行われる事業に係る業務執行が著しく適正を欠き、かつ、現に投資者の利益が著しく害されており、又は害されることが明白である場合において、投資者の損害の拡大を防止する緊急の必要があるとき　これらの権利に係る同条第八項第七号から第九号までに掲げる行為 ２～４ （略） 第百九十八条 次の各号のいずれかに該当する者は、三年以下の懲役若しくは三百万円以下の罰金に処し、又はこれを併科する。 一～七　(略) 八　第百九十二条第一項又は第二項の規定による裁判所の命令に違反した者 第二百七条 法人（中略）の代表者又は法人若しくは人の代理人、使用人その他の従業者が、その法人又は人の業務又は財産に関し、次の各号に掲げる規定の違反行為をしたときは、その行為者を罰するほか、その法人に対して当該各号に定める罰金刑を、その人に対して各本条の罰金刑を科する。 一・二　(略) 三　第百九十八条（中略）又は第百九十八条の三から第百九十八条の五まで三億円以下の罰金刑 四～六　(略) ２・３ (略)
2017-10-03,,,「開示検査事例集」の公表について,https://www.fsa.go.jp/sesc/jirei/kaiji/20171003.html,"平成29年10月3日 証券取引等監視委員会 「開示検査事例集」の公表について 証券取引等監視委員会は、「開示検査事例集」について、 別紙 （PDF:1,667KB） のとおり取りまとめましたので、公表します。 本書は、適正な情報開示に向けた市場関係者の自主的な取組みを促す観点から、最近の開示検査の取組みや開示検査で確認された不適正な会計処理やその根本原因等の概要を取りまとめたものです。 平成20年以降、「金融商品取引法における課徴金事例集～開示規制違反編～」として公表してきましたが、今年度から、「開示検査事例集」と名称を変更しました。これは、本書において、課徴金納付命令勧告を行った事例だけでなく、勧告は行わないものの、開示規制違反の根本原因を追究した上でその再発防止策を会社と共有した事例、会社に対して訂正報告書等の自発的な提出を促した事例等、さまざまな事例を積極的にご紹介することとしたためです。 この事例集を通じて、上場会社とその会計監査人である公認会計士・監査法人とのコミュニケーションが、そして、投資家の皆さんと投資先である上場会社との対話が活発に行われることを期待しています。 過去の課徴金事例集はこちら"
2017-09-08,シーシーエス株式会社,,シーシーエス株式会社社員からの情報受領者による内部者取引違反行為及び当該社員による公開買付けの実施に関する事実に係る伝達違反行為に対する課徴金納付命令の勧告について,https://www.fsa.go.jp/sesc/news/c_2017/2017/20170908-1.html,"English version 平成２９年９月８日 証券取引等監視委員会 シーシーエス株式会社社員からの情報受領者による内部者取引違反行為及び当該社員による公開買付けの実施に関する事実に係る伝達違反行為に対する課徴金納付命令の勧告について １．勧告の内容 証券取引等監視委員会は、シーシーエス株式会社社員からの情報受領者による内部者取引違反行為及び当該社員による公開買付けの実施に関する事実に係る伝達について検査した結果、下記のとおり法令違反の事実が認められたので、本日、内閣総理大臣及び金融庁長官に対して、金融庁設置法第２０条第１項の規定に基づき、課徴金納付命令を発出するよう勧告を行った。 ２．法令違反の事実関係 （１）課徴金納付命令対象者（１）について 課徴金納付命令対象者（１）は、シーシーエス株式会社（以下「シーシーエス」という。）の社員である課徴金納付命令対象者（２）から、同人がその職務に関し知った、オプテックス株式会社（平成２９年１月１日商号変更でオプテックスグループ株式会社。以下「オプテックス」という。）の業務執行を決定する機関が、シーシーエスの株式の公開買付けを行うことについての決定をした旨の公開買付けの実施に関する事実の伝達を受けながら、上記事実の公表がされた平成２８年４月７日より前の同年３月１４日から同年４月１日までの間、自己の計算において、シーシーエス株式合計９２００株を買付価額合計１１２６万２８００円で買い付けたものである。 上記公開買付けの実施に関する事実は、オプテックスから、シーシーエスの役員が、その職務に関し伝達を受け、その後、シーシーエスの社員である課徴金納付命令対象者（２）がその職務に関し知ったものである。 違反行為事実の概要については、 別図 のとおり。 課徴金納付命令対象者（１）が行った上記の行為は、金融商品取引法第１７５条第２項に規定する「第１６７条第１項又は第３項の規定に違反して、同条第１項に規定する特定株券等若しくは関連株券等に係る買付け等」をした行為に該当すると認められる。 （２）課徴金納付命令対象者（２）について 課徴金納付命令対象者（２）は、シーシーエスの社員であるが、同人がその職務に関し知った、オプテックスの業務執行を決定する機関が、シーシーエスの株式の公開買付けを行うことについての決定をした旨の公開買付けの実施に関する事実を、課徴金納付命令対象者（１）に対し 、上記事実の公表がされる前にシーシーエス株式の買付けをさせることにより、課徴金納付命令対象者（１）に利益を得させる目的をもって、伝達したものである。 上記公開買付けの実施に関する事実は、オプテックスから、シーシーエスの役員が、その職務に関し伝達を受け、その後、課徴金納付命令対象者（２）がその職務に関し知ったものである。 課徴金納付命令対象者（１）は、上記事実の公表がされた平成２８年４月７日より前の同年３月１４日から同年４月１日までの間、自己の計算において、シーシーエス株式合計９２００株を買付価額合計１１２６万２８００円で買い付けたものである。 違反行為事実の概要については、 別図 のとおり。 課徴金納付命令対象者（２）が行った上記の行為は、金融商品取引法第１７５条の２第２項に規定する「第１６７条の２第２項の規定に違反して、同項の伝達をし、又は同項の買付け等若しくは売付け等をすることを勧める」行為に該当すると認められる。 ３．課徴金の額の計算 上記の違法行為に対し、金融商品取引法に基づき納付を命じられる課徴金の額は、下記のとおりである。 課徴金納付命令対象者（１）１３３万円 課徴金納付命令対象者（２）６６万円 計算方法の詳細については、 別紙 のとおり。 ４．その他 本件については、日本取引所自主規制法人より提供された情報も参考として、実態解明を行ったものである。 （別図） ○　違反行為事実の概要について （クリックすると拡大されます） （別紙） ○　課徴金の額の計算方法について １．課徴金納付命令対象者（１）について （１）金融商品取引法第１７５条第２項第２号の規定により、当該有価証券の買付けについて、公開買付け等の実施に関する事実の公表がされた後２週間における最も高い価格に当該有価証券の買付けの数量を乗じて得た額から当該有価証券の買付けをした価格にその数量を乗じて得た額を控除した額。 （1,369円×9,200株） －（1,100円×500株＋1,170円×200株＋1,186円×100株＋1,197円×900株 ＋1,199円×400株＋1,200円×1,000株＋1,217円×200株＋1,218円×300株 ＋1,219円×600株＋1,220円×400株＋1,226円×300株＋1,229円×200株 ＋1,230円×200株＋1,255円×1,700株＋1,260円×1,200株 ＋1,270円×1,000株） ＝ 1,332,000円 （２）金融商品取引法第１７６条第２項の規定により、上記（１）で計算した額の１万円未満の端数を切捨て、1,330,000円となる。 ２．課徴金納付命令対象者（２）について （１）金融商品取引法第１７５条の２第２項第３号の規定により、当該違反行為により当該情報受領者等が行った当該買付けによって得た利得相当額に２分の１を乗じて得た額。 利得相当額とは、同条第４項第２号の規定により、情報受領者等が株券等の買付けをした場合、当該株券等の買付けについて公開買付け等の実施に関する事実の公表がされた後２週間における最も高い価格に当該株券等の買付けの数量を乗じて得た額から当該株券等の買付けについて当該株券等の買付けをした価格にその数量を乗じて得た額を控除した額。 ｛（1,369円×9,200株） －（1,100円×500株＋1,170円×200株＋1,186円×100株＋1,197円×900株 ＋1,199円×400株＋1,200円×1,000株＋1,217円×200株＋1,218円×300株 ＋1,219円×600株＋1,220円×400株＋1,226円×300株＋1,229円×200株 ＋1,230円×200株＋1,255円×1,700株＋1,260円×1,200株 ＋1,270円×1,000株）｝×1/2 ＝ 666,000円 （２）金融商品取引法第１７６条第２項の規定により、上記（１）で計算した額の１万円未満の端数を切捨て、660,000円となる。"
2017-08-28,複数の証券会社,,証券取引等監視委員会の活動状況の公表について,https://www.fsa.go.jp/sesc/reports/n_28/n_28.html,"平成２９年８月２８日 証券取引等監視委員会 証券取引等監視委員会の活動状況の公表について 証券取引等監視委員会（以下「証券監視委」という。）は、金融庁設置法第22条の規定に基づき、毎年、活動状況等を公表しています。今回は、その25回目として、平成28年度（平成28年４月１日～同29年３月31日）の「証券取引等監視委員会の活動状況」を公表します。 なお、平成28年度の活動状況については、幅広い市場利用者に読んでもらえるよう本文編の記載はポイントを絞ったものとし、多くの図表を用いる等体裁や内容等の大幅なリニューアルを行っております。 「証券取引等監視委員会の活動状況」の主な改訂点 （クリックすると拡大されます） 公表内容の主な記載内容 １．平成28年度の活動概要  マクロ的アプローチとして、収益や為替、中国経済の動向等の影響を考慮して14セクターを選定し、企業のモニタリングを行うなど、フォワードルッキングな市場監視を行った  検査・調査においては法令違反の指摘にとどまらず、根本原因の追究に努めた ２．不公正取引の勧告・告発件数は増加  インサイダー取引の調査では、上場企業において重要事実等に関する認識・検討が不十分であるなど、内部管理体制上の問題点が見られた  相場操縦の手法は複雑化・巧妙化している ・他の投資者のアルゴリズム取引注文を誘引する事案 ・発覚を避けるために複数の証券会社の口座を利用して発注を行う事案 ３．開示規制違反ではコーポレート・ガバナンスに関するリスクが浮き彫りに  業績不振企業による開示規制違反の事案が依然として発生している  企業におけるガバナンスの機能不全、コンプライアンス意識の欠如、社内コミュニケーションの不足等が根本原因として見られた ４．証券検査から証券モニタリングへ （金融商品取引業者等に対してオン・オフ一体のモニタリングを実施）  規模・業態に応じたリスク・アセスメントとともに、経営管理や内部監査等について業態横断的なモニタリングを行った  オフサイトモニタリングの結果、リスク評価に応じてオンサイト検査を行った  問題点として通知した事項の根本原因は、全体の約６割が法令遵守・投資者保護意識の欠如、次いで約２割が内部管理態勢の構築が不十分であった ５．証券監視委の新たな課題（RegTechへの取組み）  IT技術の進展に伴う市場の構造的変化を把握し、市場監視における先進的IT技術の活用（RegTech）について、検討を行っている ６．関係機関との連携、情報発信の充実  自主規制機関との間では、売買審査など日頃の連携に加え、定期的な意見交換においてマクロ経済の動向を踏まえたリスクの所在など、相互の問題意識をタイムリーに共有した  個別の勧告事案等の公表のほか、課徴金事例集などについて積極的に寄稿や講演を行い、事案の意義や問題点などをわかりやすく情報発信した ７．市場を構成する各ステークホルダーへのメッセージ（コラム）  会社関係者、上場企業、仲介業者等に向け、法令遵守の観点からそれぞれ特に留意してもらいたい点について、具体例を用いてメッセージを記載した ●「証券取引等監視委員会の活動状況」の本文へ ◎ 本文 （PDF/12,371KB） ◎ 附属資料 （PDF/75,739KB） ◎ 全文一括印刷用 （PDF/6,586KB） ◎ サマリーの英語版 （PDF/299KB）（仮訳）"
2017-08-29,受託する証券会社・投資銀行,,「金融商品取引法における課徴金事例集～不公正取引編～」の公表について,https://www.fsa.go.jp/sesc/jirei/torichou/20170829.html,"平成２９年８月２９日 証券取引等監視委員会 「金融商品取引法における課徴金事例集～不公正取引編～」の公表について 証券取引等監視委員会では、「金融商品取引法における課徴金事例集～不公正取引編～」について、 別紙 （PDF:3,052KB） のとおり取りまとめましたので、公表します。 本書は、証券取引等監視委員会（以下、「証券監視委」という。）が、平成28年6月から平成29年3月までの間に、金融商品取引法違反となる不公正取引に関し勧告を行った事例について、その概要を取りまとめたものです。 ※従来、個別事例は6月から翌年5月までに課徴金納付命令の勧告を行った事例を掲載しておりましたが、今後は年度ベースである4月から翌年3月までの個別事例を掲載することにいたしました。本年度は移行期間として、平成28年6月から平成29年3月に勧告を行った個別事例を掲載しております。 本年度の事例集においては、市場関係者の皆様に、不公正取引を未然に防止するための参考としていただけるよう、（１）勧告事案を分析し、新たに「情報伝達・推奨規制違反に係る勧告の状況」や「重要事実等の決定・発生から公表までの日数」等を追加するとともに、バスケット条項該当性を判断するうえでの参考となる資料を添付したほか、（２）見やすくするために、１事案を見開きページで掲載するようにしたり、相場操縦事案については株価チャートを追加する、等の工夫を行っています。 証券監視委としては、不公正取引の未然防止という観点から、本書が、 （１）重要事実の発生源となる上場会社等におけるインサイダー取引管理態勢の一層の充実 （２）公開買付け等企業再編の当事者からフィナンシャル・アドバイザリー業務等を受託する証券会社・投資銀行等における重要事実等の情報管理の徹底 （３）証券市場のゲートキーパーとしての役割を担う証券会社における適正な売買審査の実施 のためにそれぞれ役立てていただくことを期待しています。 また、一般投資者におかれても、不公正取引の疑いがある場合には、証券監視委による調査等の対象となり、法令違反が認められた場合には課徴金が課されることを十分にご理解いただければ幸いです。 本書が活用されることにより、全ての市場利用者による自己規律、市場の公正性・透明性の確保及び投資者保護につながることを強く期待しています。 過去の課徴金事例集はこちら"
2017-09-01,株式会社アサカ理研,5724,アサカ理研株式に係る相場操縦に対する課徴金納付命令の勧告について,https://www.fsa.go.jp/sesc/news/c_2017/2017/20170901-1.html,"English version 平成２９年９月１日 証券取引等監視委員会 アサカ理研株式に係る相場操縦に対する課徴金納付命令の勧告について １．勧告の内容 証券取引等監視委員会は、アサカ理研株式に係る相場操縦について検査した結果、下記のとおり法令違反の事実が認められたので、本日、内閣総理大臣及び金融庁長官に対して、金融庁設置法第２０条第１項の規定に基づき、課徴金納付命令を発出するよう勧告を行った。 ２．法令違反の事実関係 課徴金納付命令対象者は、株式会社アサカ理研の株式につき、同株式の売買を誘引する目的をもって、平成２８年３月３１日午前９時４８分頃から同年５月１３日午後２時５９分頃までの間、２８取引日において、自身が発注した売り注文に成行又は高指値の買い注文を対当させて買い付けることにより直前の約定値より株価を引き上げたり、成行又は高指値の買い注文を連続して発注して他の投資者が発注した売り注文を買い付けることにより直前の約定値より株価を引き上げたりするなどの方法により、同株式合計１０万６２００株を買い付ける一方、同株式合計９万３０００株を売り付け、もって、自己の計算において、同株式の売買が繁盛であると誤解させ、かつ、同株式の相場を変動させるべき一連の売買をしたものである。 違反行為事実の概要については、 別図 のとおり。 課徴金納付命令対象者が行った上記の行為は、金融商品取引法第１７４条の２第１項に規定する「第１５９条第２項第１号の規定に違反する一連の有価証券売買等」に該当すると認められる。 ３．課徴金の額の計算 上記の違法行為に対し金融商品取引法に基づき納付を命じられる課徴金の額は、２０８万円である。 計算方法の詳細については、 別紙１ 及び 別紙２ のとおり。 （別図） ○　違反行為事実の概要について （クリックすると拡大されます） （別紙１） ○　課徴金の額の計算方法について １．金融商品取引法第１７４条の２第１項の規定により、当該違反行為に係る課徴金の額は、 (1) 当該違反行為に係る有価証券の売買対当数量に係るものについて、自己の計算による当該有価証券の売付け等の価額から、自己の計算による当該有価証券の買付け等の価額を控除した額 及び (2) 当該違反行為に係る自己の計算による有価証券の売付け等又は買付け等の数量が、当該違反行為に係る自己の計算による有価証券の買付け等又は売付け等の数量を超える場合、当該超える数量に係る有価証券の売付け等の価額から当該違反行為が終了してから１月を経過するまでの間の各日における当該違反行為に係る有価証券の買付け等についての金融商品取引法第１３０条に規定する最低の価格のうち最も低い価格に当該超える数量を乗じて得た額を控除した額、又は当該違反行為が終了してから１月を経過するまでの間の各日における当該違反行為に係る有価証券の売付け等についての金融商品取引法第１３０条に規定する最高の価格のうち最も高い価格に当該超える数量を乗じて得た額から当該超える数量に係る有価証券の買付け等の価額を控除した額 の合計額として算定。 ２．上記１．で算定された課徴金の額につき、金融商品取引法第１７６条第２項の規定により１万円未満の端数を切り捨てて算定。 以上につき、別紙２のとおり。 （別紙２） 本件違反行為事実につき １．当該違反行為に係る自己の計算による有価証券の売付け等の数量は、93,000株であり、当該違反行為に係る自己の計算による有価証券の買付け等の数量は、実際の買付け等の数量106,200株に、金融商品取引法第１７４条の２第８項及び金融商品取引法施行令第３３条の１３第１号の規定により、違反行為の開始時にその時における価格（1,123円）で買付け等を自己の計算においてしたものとみなされる当該違反行為の開始時に所有している当該有価証券の数量13,900株を加えた120,100株であることから、 (1) 当該違反行為に係る有価証券の売買対当数量（93,000株）に係るものについて、自己の計算による当該有価証券の売付け等の価額から、自己の計算による当該有価証券の買付け等の価額を控除した額 （1,023円×500株＋1,067円×100株＋1,084円×1,300株＋1,090円×700株 ＋1,092円×1,000株＋1,093円×1,200株＋1,096円×300株 ＋1,099円×600株＋1,100円×1,100株＋1,101円×300株＋1,104円×100株 ＋1,105円×100株＋1,107円×300株＋1,108円×300株＋1,112円×200株 ＋1,113円×1,500株＋1,114円×100株＋1,115円×500株＋1,116円×700株 ＋1,118円×2,000株＋1,119円×1,900株＋1,120円×2,300株 ＋1,121円×1,900株＋1,122円×1,200株＋1,123円×500株 ＋1,124円×1,500株＋1,125円×1,800株＋1,126円×1,100株 ＋1,127円×1,500株＋1,128円×3,300株＋1,129円×3,500株 ＋1,130円×3,500株＋1,131円×1,200株＋1,132円×400株 ＋1,133円×2,900株＋1,135円×2,600株＋1,137円×200株 ＋1,138円×11,800株＋1,139円×1,000株＋1,140円×3,900株 ＋1,143円×600株＋1,144円×1,600株＋1,145円×1,600株 ＋1,146円×800株＋1,147円×200株＋1,152円×900株 ＋1,153円×500株＋1,154円×200株＋1,157円×600株 ＋1,158円×1,100株＋1,160円×600株＋1,161円×1,800株 ＋1,162円×2,200株＋1,163円×500株＋1,164円×600株 ＋1,165円×1,300株＋1,166円×400株＋1,170円×100株 ＋1,175円×100株＋1,176円×100株＋1,177円×200株 ＋1,178円×1,000株＋1,179円×7,100株＋1,180円×400株 ＋1,181円×700株＋1,185円×600株＋1,186円×300株＋1,187円×1,800株 ＋1,190円×1,100株＋1,193円×500株＋1,194円×400株＋1,195円×500株 ＋1,197円×800株＋1,202円×900株） －（990円×100株＋994円×100株＋996円×100株＋998円×100株 ＋999円×100株＋1,008円×100株＋1,009円×100株＋1,010円×100株 ＋1,011円×200株＋1,018円×100株＋1,020円×100株＋1,022円×200株 ＋1,023円×600株＋1,024円×300株＋1,036円×200株＋1,038円×500株 ＋1,044円×400株＋1,045円×100株＋1,046円×100株＋1,049円×200株 ＋1,060円×200株＋1,066円×600株＋1,067円×100株＋1,068円×100株 ＋1,069円×100株＋1,070円×200株＋1,077円×100株＋1,078円×200株 ＋1,079円×400株＋1,080円×200株＋1,082円×200株＋1,084円×100株 ＋1,086円×300株＋1,087円×200株＋1,088円×300株＋1,089円×700株 ＋1,090円×1,300株＋1,091円×800株＋1,092円×500株＋1,093円×200株 ＋1,094円×300株＋1,095円×1,800株＋1,096円×800株＋1,097円×700株 ＋1,098円×300株＋1,099円×900株＋1,100円×2,100株＋1,101円×400株 ＋1,106円×100株＋1,107円×600株＋1,108円×400株＋1,109円×100株 ＋1,110円×500株＋1,111円×300株＋1,113円×500株＋1,115円×600株 ＋1,116円×400株＋1,117円×300株＋1,118円×2,200株 ＋1,119円×1,000株＋1,120円×2,700株＋1,121円×1,100株 ＋1,122円×2,000株＋1,123円×15,900株＋1,124円×3,300株 ＋1,125円×3,100株＋1,126円×1,600株＋1,127円×1,500株 ＋1,128円×3,900株＋1,129円×5,300株＋1,130円×4,100株 ＋1,131円×400株＋1,132円×600株＋1,133円×2,900株＋1,134円×300株 ＋1,135円×2,200株＋1,137円×500株＋1,138円×9,900株 ＋1,139円×1,200株＋1,140円×3,900株＋1,144円×1,300株 ＋1,145円×400株） ＝　2,063,500円 及び (2) 当該違反行為に係る自己の計算による有価証券の買付け等の数量（120,100株）が、当該違反行為に係る自己の計算による有価証券の売付け等の数量（93,000株）を超えていることから、当該違反行為が終了してから１月を経過するまでの間の各日における当該違反行為に係る有価証券の売付け等についての金融商品取引法第１３０条に規定する最高の価格のうち最も高い価格（1,175円）に当該超える数量27,100株（120,100株－93,000株）を乗じて得た額から、当該超える数量に係る有価証券の買付け等の価額を控除した額 （1,175円×27,100株） －（1,120円×100株＋1,122円×400株＋1,123円×100株＋1,124円×200株 ＋1,127円×100株＋1,128円×600株＋1,129円×100株＋1,130円×200株 ＋1,134円×100株＋1,135円×100株＋1,142円×200株＋1,143円×400株 ＋1,144円×100株＋1,145円×100株＋1,146円×700株＋1,151円×100株 ＋1,152円×400株＋1,154円×100株＋1,157円×900株＋1,164円×500株 ＋1,165円×100株＋1,168円×200株＋1,169円×1,100株 ＋1,170円×1,000株＋1,171円×100株＋1,172円×100株 ＋1,174円×100株＋1,175円×300株＋1,176円×500株 ＋1,177円×800株＋1,178円×1,700株＋1,179円×7,100株 ＋1,180円×300株＋1,182円×200株＋1,184円×100株＋1,185円×300株 ＋1,186円×100株＋1,187円×1,900株＋1,188円×300株＋1,189円×100株 ＋1,190円×400株＋1,191円×200株＋1,192円×500株＋1,193円×1,600株 ＋1,194円×800株＋1,195円×800株＋1,196円×200株＋1,197円×700株） ＝　23,900円 の合計額2,087,400円となる。 ２．金融商品取引法第１７６条第２項の規定により、上記１．で計算した額の１万円未満の端数を切捨て、2,080,000円となる。"
2017-08-04,ヤマゲン証券株式会社,,ヤマゲン証券株式会社に対する検査結果に基づく勧告について,https://www.fsa.go.jp/sesc/news/c_2017/2017/20170804-1.html,English version 平成29年８月４日 証券取引等監視委員会 ヤマゲン証券株式会社に対する検査結果に基づく勧告について １．勧告の内容 関東財務局がヤマゲン証券株式会社（東京都中央区、法人番号6010001121276、資本金21.5億円、常勤役職員36名、第一種金融商品取引業、第二種金融商品取引業）を検査した結果、下記のとおり、当該金融商品取引業者に係る問題が認められたので、本日、証券取引等監視委員会は、内閣総理大臣及び金融庁長官に対して、金融庁設置法第20条第１項の規定に基づき、行政処分を行うよう勧告した。 ２．事実関係 （１） 実勢を反映しない作為的相場が形成されることになることを知りながら有価証券の売買取引の受託等をする行為 ヤマゲン証券株式会社（以下「当社」という。）の歩合外務員Ａは、平成27年１月15日から同月29日にかけて、その業務に関し、特定の上場銘柄の株式について、複数の顧客がグループを構成し、買い上がり買付けや終値関与によって、当該銘柄の株価を引き上げることを意図していることを知りながら、当該一連の買付注文を受託・執行した。 （２）作為的相場形成となる有価証券の売買取引の受託等を防止するための売買管理が十分でないと認められる状況 作為的相場形成となる有価証券の売買取引の受託等を防止する上では、関連が疑われる複数の顧客の売買については一体で売買審査を行う必要があるところ、当社は、こうした売買審査について具体的な取扱方法を定めておらず、関連が疑われる複数の顧客を一体として捉えた売買審査を実施していない。 また、自ら抽出した売買審査を行うべき取引について、売買審査が未実施となっている事例が認められたほか、売買審査の結果に応じた適切な措置を講じていない事例が複数認められた。 上記（１）の行為は、金融商品取引法第38条第８号の規定に基づく金融商品取引業等に関する内閣府令第117条第１項第20号に該当するものと認められる。 また、上記（２）については、金融商品取引法第40条第２号の規定に基づく金融商品取引業等に関する内閣府令第123条第１項第12号に該当するものと認められる。 （参考条文） ○　金融商品取引法（昭和23年法律第25号）（抄） （禁止行為） 第三十八条  金融商品取引業者等又はその役員若しくは使用人は、次に掲げる行為をしてはならない。ただし、第四号から第六号までに掲げる行為にあつては、投資者の保護に欠け、取引の公正を害し、又は金融商品取引業の信用を失墜させるおそれのないものとして内閣府令で定めるものを除く。 一 ～ 七  （略） 八　前各号に掲げるもののほか、投資者の保護に欠け、若しくは取引の公正を害し、又は金融商品取引業の信用を失墜させるものとして内閣府令で定める行為 （適合性の原則等） 第四十条　金融商品取引業者等は、業務の運営の状況が次の各号のいずれかに該当することのないように、その業務を行わなければならない。 一　（略） 二　前号に掲げるもののほか、業務に関して取得した顧客に関する情報の適正な取扱いを確保するための措置を講じていないと認められる状況、その他業務の運営の状況が公益に反し、又は投資者の保護に支障を生ずるおそれがあるものとして内閣府令で定める状況にあること。 ○　金融商品取引業等に関する内閣府令（平成19年内閣府令第52号）（抄） （禁止行為） 第百十七条　法第三十八条第八号に規定する内閣府令で定める行為は、次に掲げる行為とする。 一 ～ 十九　（略） 二十　取引所金融商品市場における上場金融商品等又は店頭売買有価証券市場における店頭売買有価証券の相場若しくは相場若しくは取引高に基づいて算出した数値を変動させ、若しくはくぎ付けし、固定し、若しくは安定させ、又は取引高を増加させることにより実勢を反映しない作為的なものとなることを知りながら、当該上場金融商品等又は当該店頭売買有価証券に係る買付け若しくは売付け又はデリバティブ取引（有価証券等清算取次ぎを除く。）の受託等をする行為 （以下、略） （業務の運営の状況が公益に反し又は投資者の保護に支障を生ずるおそれがあるもの） 第百二十三条　法第四十条第二号に規定する内閣府令で定める状況は、次に掲げる状況とする。 一 ～ 十一　（略） 十二　取引所金融商品市場における上場金融商品等又は店頭売買有価証券市場における店頭売買有価証券の相場若しくは相場若しくは取引高に基づいて算出した数値を変動させ、若しくはくぎ付けし、固定し、若しくは安定させ、又は取引高を増加させることにより実勢を反映しない作為的なものを形成させるべき当該上場金融商品等若しくは当該店頭売買有価証券に係る買付け若しくは売付け若しくはデリバティブ取引又はこれらの申込み若しくは委託等若しくは受託等をする行為を防止するための売買管理が十分でないと認められる状況 （以下、略）
2017-06-30,居住するサン電子株式会社,,海外に居住するサン電子株式会社との契約締結者による内部者取引に対する課徴金納付命令の勧告について,https://www.fsa.go.jp/sesc/news/c_2017/2017/20170630-2.html,"English version 平成２９年６月３０日 証券取引等監視委員会 海外に居住するサン電子株式会社との契約締結者による内部者取引に対する課徴金納付命令の勧告について １．勧告の内容 証券取引等監視委員会は、サン電子株式会社（以下「サン電子」という。）との契約締結者である海外居住の個人投資家による内部者取引について検査した結果、下記のとおり法令違反の事実が認められたので、本日、内閣総理大臣及び金融庁長官に対して、金融庁設置法第２０条第１項の規定に基づき、課徴金納付命令を発出するよう勧告を行った。 ２．法令違反の事実関係 課徴金納付命令対象者（イスラエル国に居住）は、サン電子との間で契約を締結していた者であるが、同契約の履行に関し、同社の属する企業集団の平成２７年４月１日から平成２８年３月３１日までの事業年度（平成２８年３月期）の経常利益及び親会社株主に帰属する当期純利益の予想値について、平成２７年５月１５日に公表された直近の予想値（経常利益２７億円、親会社株主に帰属する当期純利益２０億円）に比較して、同社が新たに算出した予想値において、投資者の投資判断に及ぼす影響が重要なものとなる差異が生じた旨の重要事実を知りながら、同社において新たに算出した平成２８年３月期の予想値（経常利益４億円、親会社株主に帰属する当期純利益４億円）の公表がされた平成２７年１０月７日午後６時３０分頃より前の同年９月３０日及び同年１０月１日、自己の計算において、サン電子株式合計３万４千株を売付価額合計４，１９０万円で売り付けたものである。 違反行為事実の概要については、 別図 のとおり。 課徴金納付命令対象者が行った上記の行為は、金融商品取引法第１７５条第１項に規定する「第１６６条第１項又は第３項の規定に違反して、同条第１項に規定する売買等をした」行為に該当すると認められる。 ３．課徴金の額の計算 上記の違法行為について金融商品取引法に基づき算定される課徴金の額は、１，８５７万円である。 計算方法の詳細については、 別紙 のとおり。 ４．その他 本件については、イスラエル証券庁（Israel Securities Authority）及び英国金融行為規制機構（Financial Conduct Authority）から支援がなされている。 （別図） ○　違反行為事実の概要について （クリックすると拡大されます） （別紙） ○　課徴金の額の計算方法について （１）金融商品取引法第１７５条第１項第１号の規定により、当該有価証券の売付け等をした価格にその数量を乗じて得た額から、当該有価証券の売付け等について業務等に関する重要事実の公表がされた後２週間における最も低い価格に当該有価証券の売付け等の数量を乗じて得た額を控除して得た額。 （1,220円×8,000株＋1,230円×10,000株＋1,240円×16,000株）－（686円×34,000株） ＝ 18,576,000円 （２）金融商品取引法第１７６条第２項の規定により、課徴金の額は、上記（１）で算定した額の１万円未満の端数を切り捨てた1,857万円となる。"
2017-06-27,株式会社卑弥呼株券,,株式会社卑弥呼株券に係る内部者取引事件の告発について,https://www.fsa.go.jp/sesc/news/c_2017/2017/20170627-1.html,English version 平成２９年６月２７日 証券取引等監視委員会 株式会社卑弥呼株券に係る内部者取引事件の告発について 証券取引等監視委員会は、本日、金融商品取引法違反（内部者取引）の嫌疑で、嫌疑者２名を大阪地方検察庁に告発した。告発の対象となった犯則事実については下記のとおり。 １．告発の対象となった犯則事実 第１  犯則嫌疑者Ａは、平成２８年３月３日頃、東京証券取引所が開設するジャスダック市場に上場していた株式会社卑弥呼（以下「卑弥呼」という。）の取締役であったＢから、同人が、同年２月１８日頃、その職務に関し合同会社ＨＳＨ（以下「ＨＳＨ」という。）の代表社員である株式会社リサ・パートナーズ（以下「リサ・パートナーズ」という。）からの伝達により知った、ＨＳＨの業務執行を決定する機関が卑弥呼の株券の公開買付けを行うことについての決定をした旨の公開買付けの実施に関する事実の伝達を受け、法定の除外事由がないのに、同事実の公表前である同年３月７日から同月１７日までの間、証券会社１社を介し、Ａ名義で、卑弥呼の株券合計２万２０００株を代金合計１９８８万９０００円で買い付けた 第２  犯則嫌疑者Ｂは、第１記載のとおり、卑弥呼の取締役として、その職務に関し前記公開買付けの実施に関する事実をリサ・パートナーズからの伝達により知ったものであるが、あらかじめ卑弥呼の株券を買い付けさせることによりＡに利益を得させる目的をもって、前記事実の公表前である同年３月３日頃、同事実を伝達し、Ａにおいて、法定の除外事由がないのに、同事実の公表前である同月７日から同月１７日までの間、証券会社１社を介し、Ａ名義で、卑弥呼の株券合計２万２０００株を代金合計１９８８万９０００円で買い付けた ものである。 ２．関連条文 第１ 金融商品取引法第１９７条の２第１３号、第１６７条第３項、同条第１ 項第５号 第２ 金融商品取引法第１９７条の２第１５号、第１６７条の２第２項、第１６７条第１項第５号、同条第３項 法定刑：５年以下の懲役若しくは５００万円以下の罰金又は併科
2017-06-16,株式会社ＲＩＳＥ,8836,株式会社ＲＩＳＥに対する検査結果及び勧告について,https://www.fsa.go.jp/sesc/news/c_2017/2017/20170616-1.html,English version 平成29年６月16日 証券取引等監視委員会 株式会社ＲＩＳＥに対する検査結果及び勧告について １．検査結果 東海財務局長が株式会社ＲＩＳＥ（岐阜県岐阜市、法人番号8200001012891、資本金1000万円、常勤役職員１名、適格機関投資家等特例業務届出者、金融商品取引業の登録はない。以下「当社」という。）を検査した結果、下記のとおり、当該適格機関投資家等特例業務届出者に係る問題が認められた。 ２．事実関係 当社は、適格機関投資家等特例業務（以下「特例業務」という。）として、自らを営業者とする４つの匿名組合（以下「本件ファンド」という。）の出資持分の取得勧誘を行っている（出資者：少なくとも198名、出資総額：約24億7900万円）。 今回検査において、当社の特例業務の運営状況等を検証したところ、以下の問題が認められた。 （１）無登録で第二種金融商品取引業を行っている状況 特例業務については、適格機関投資家からの出資を受けることが要件の一つとされているところ、本件ファンドについて、実際には適格機関投資家からの出資を受けないまま、本件ファンドの出資持分の取得勧誘を行っている。 当社が行った上記行為は、金融商品取引法第28条第２項に規定する「第二種金融商品取引業」に該当し、当社が同法第29条に基づく登録を受けることなく、当該行為を行うことは、同条に違反するものと認められる。 （２）無登録の者に対する取得勧誘の委託 当社は、本件ファンドについて、自ら取得勧誘を行ったほか、第二種金融商品取引業の登録を受けていない10名の者（以下「募集人10名」という。）に本件ファンドの出資持分の取得勧誘を委託した。募集人10名は、当社からの委託を受け、平成22年４月頃から同26年11月頃にかけて、当社の社名、投資目的や分配金などのファンドの概要等を説明する方法により取得勧誘を行い、少なくとも顧客46名から総額約３億7600万円の出資金を集めた。 募集人10名が行った上記行為は、金融商品取引法第28条第２項に規定する「第二種金融商品取引業」に該当し、同法29条に基づく登録を受けることなく、当該行為を行うことは、同条に違反しており、当社は、無登録である募集人10名に取得勧誘を委託しているものと認められる。 （３）投資者保護上重大な問題のある業務運営 ア　虚偽の説明によって取得勧誘を行っている状況 当社は、本件ファンドの匿名組合契約書において、投資目的を当社の事業への投資などとし、分配金を運用から生じた利益から支払うと規定しているところ、実際には一部の出資金を外国為替証拠金取引等で運用しているもののほとんど運用を行っていないほか、大部分の出資金を顧客への分配金や解約金等へ支出している状況であるにもかかわらず、取得勧誘において、事実に反し、契約書の規定どおりの説明を行っている。 イ　投資判断に重大な影響を与える事実を顧客に説明していない状況 当社は、本件ファンドの出資金から、上記（２）の募集人10名等に対し、業務委託報酬として出資総額の約２割という高額な報酬を支払っており、当該事実は、出資者の投資判断に重大な影響を与える事実であるにもかかわらず、当該事実を顧客に説明していない。 ウ　出資金を投資目的以外に費消している状況 当社は、本件ファンドの匿名組合契約書において、出資金を当社の事業に投資するほか、必要な費用の支払いのために使用すると規定しているところ、本件ファンドの出資金の一部を、A代表取締役の個人的な支払い等に充当しており、投資目的以外に費消している。 エ　出資金の管理が著しく杜撰な状況 当社は、本件ファンドの出資金を当社固有財産及びA代表取締役の個人財産と渾然一体として管理するなど、分別管理を行っていない。 また、当社は、本件ファンドに係る会計帳簿等を適切に作成しておらず、平成27年４月以降は、決算処理もしていないため、出資金の入出金、分配金の支払い状況、財務状況等を把握していない。 上記ア及びイの状況は、平成27年法律第32号による改正後の金融商品取引法の施行前に行われた投資勧誘時のものであり、投資者保護上重大な問題があるものと認められる。また、上記ウ及びエの状況は、平成27年法律第32号による改正後の金融商品取引法の施行日（平成28年３月１日）以降においても継続しており、投資者保護上重大な問題があるものと認められ、金融商品取引法第63条の５第１項に規定する「業務の運営に関し、公益又は投資者保護のため必要かつ適当であると認めるとき」に該当するものと認められる。 ３．勧告の内容 上記事実関係のうち、（３）ウの出資金を投資目的以外に費消している状況及び（３）エの出資金の管理が著しく杜撰な状況については、平成27年法律第32号による改正後の金融商品取引法の施行日（平成28年３月１日）以降も継続していることから、当該事実について、本日、証券取引等監視委員会は、内閣総理大臣及び金融庁長官に対して、金融庁設置法第20条第1項に基づき、行政処分を行うよう勧告した。 参考資料（PDF:284KB） （参考条文） ○　金融商品取引法（昭和23年法律第25号）（抄） （登録） 第二十九条 金融商品取引業は、内閣総理大臣の登録を受けた者でなければ、行うことができない。 （適格機関投資家等特例業務） 第六十三条　次の各号に掲げる行為については、第二十九条及び第三十三条の二の規定は、適用しない。 一　適格機関投資家等（適格機関投資家以外の者で政令で定めるもの（その数が政令で定める数以下の場合に限る。）及び適格機関投資家をいう。以下この条において同じ。）で次のいずれにも該当しない者を相手方として行う第二条第二項第五号又は第六号に掲げる権利に係る私募（適格機関投資家等（次のいずれにも該当しないものに限る。）以外の者が当該権利を取得するおそれが少ないものとして政令で定めるものに限る。） イ～ハ（略） （以下、略） （特例業務届出者に対する監督上の処分等） 第六十三条の五  内閣総理大臣は、特例業務届出者の業務の運営に関し、公益又は投資者保護のため必要かつ適当であると認めるときは、その必要の限度において、当該特例業務届出者に対し、業務の運営の改善に必要な措置をとるべきことを命ずることができる。 （以下、略） （注）　第六十三条の条文は、平成28年３月１日に施行された平成27年法律第32号による改正前のものである。
2017-06-06,株式会社ＦＩＰパートナーズ,,株式会社ＦＩＰパートナーズに対する検査結果に基づく勧告について,https://www.fsa.go.jp/sesc/news/c_2017/2017/20170606-1.html,English version 平成29年６月６日 証券取引等監視委員会 株式会社ＦＩＰパートナーズに対する検査結果に基づく勧告について １．勧告の内容 関東財務局長が株式会社ＦＩＰパートナーズ（東京都中央区、法人番号3010001144949、資本金5000万円、常勤役職員27名、第二種金融商品取引業）を検査した結果、下記のとおり、当該金融商品取引業者に係る問題が認められたので、本日、証券取引等監視委員会は、内閣総理大臣及び金融庁長官に対して、金融庁設置法第20条第1項に基づき、行政処分を行うよう勧告した。 ２．事実関係 株式会社ＦＩＰパートナーズ（以下「当社」という。）は、平成25年４月以降、自らを営業者とする匿名組合(以下「ファンド」という。）の出資持分の取得勧誘を行い、出資金全額を大韓民国（以下「韓国」という。）に所在する金融業者（当社が議決権の40％を出資する会社。当該出資金のみを原資として貸付事業を行う。以下「甲社」という。）に対して貸し付けている。なお、検査基準日（平成28年11月18日）現在、償還期限が到来していないファンドは、９本、出資総額は約10億2000万円である。 今回検査において、当社の業務運営の状況を検証したところ、下記（１）及び（２）のとおり、出資金の回収可能性等を的確に把握する態勢を構築しないまま、ファンドの出資持分の取得勧誘を継続している状況が認められた。 （１）出資金の回収可能性について把握・対応していない状況 ア　甲社の貸付事業について 当社は、毎営業日、甲社から銀行預金の入出金データの提出を受けて、甲社の貸付事業の実態を把握することとしているが、甲社の利息受領額及び貸付額を確認するにとどまり、貸付金の使途や利息の原資等について精査をしていない。そのため、甲社が韓国に所在する貸付先（以下「韓国貸付先」という。）に対して、追加で貸付けを行った日と同日に、複数の韓国貸付先から追加貸付金額とおおむね同額の利息（総額）を受領している状況が繰り返し生じており、追加貸付資金が利息の原資に充てられている可能性があることを見過ごしている。 イ　甲社が韓国貸付先から徴求した担保の実態について 当社は、甲社が韓国貸付先から徴求している担保につき、定期的に保全状況を検証することとしているが、甲社から提出される報告資料において、３年以上にわたり、担保評価額が記載されていない状況が継続しているにもかかわらず、その理由を甲社に確認していない。 また、今回検査において、主な担保物である動産担保の評価額等を検証したところ、当社は、甲社に対して、動産担保の鑑定評価に係る算出方法等の調査・確認を行っていないほか、甲社から当社に鑑定業者名を偽った鑑定書が提出されるなど、鑑定評価の内容に疑義が認められる状況を見過ごしている。 ウ　韓国貸付先の財務状況について 甲社による貸付金の回収可能性を的確に把握するため、韓国貸付先の財務状況を把握しておくことが重要であるところ、当社は、遅くとも平成26年６月には、甲社が韓国貸付先の財務状況等について確認していないことを把握していたにもかかわらず、甲社が韓国貸付先から財務諸表等を入手していない状況を改善させていない。 （２）甲社に対する監査が不十分な状況 当社は、甲社との契約において、甲社の全ての業務に係る財務内容等の監査を行うことができるとしているものの、当該監査においては、甲社の貸付事業の実態等に対する検証を行っていないため、甲社と韓国貸付先との間で締結した貸付契約書や、甲社と韓国貸付先との資金授受の状況等に係る当社の確認は不十分なものとなっており、当社は、上記（１）で認められた甲社のずさんな業務運営の状況を見過ごしている。 当社における上記の業務運営状況は、金融商品取引法第51条に規定する「業務の運営に関し、公益又は投資者保護のため必要かつ適当であると認めるとき」に該当するものと認められる。 参考資料（PDF:52KB） （参考条文） ○　金融商品取引法（昭和23年法律第25号）（抄） （金融商品取引業者に対する業務改善命令） 第五十一条  内閣総理大臣は、金融商品取引業者の業務の運営又は財産の状況に関し、公益又は投資者保護のため必要かつ適当であると認めるときは、その必要の限度において、当該金融商品取引業者に対し、業務の方法の変更その他業務の運営又は財産の状況の改善に必要な措置をとるべきことを命ずることができる。
2017-06-02,日本クラウド証券株式会社,,日本クラウド証券株式会社に対する検査結果に基づく勧告について,https://www.fsa.go.jp/sesc/news/c_2017/2017/20170602-1.html,English version 平成29年６月２日 証券取引等監視委員会 日本クラウド証券株式会社に対する検査結果に基づく勧告について １．勧告の内容 証券取引等監視委員会が日本クラウド証券株式会社（東京都港区、法人番号2010001077101、資本金１億4240万円、常勤役職員14名、第一種金融商品取引業、第二種金融商品取引業）を検査した結果、下記のとおり、当該金融商品取引業者に係る問題が認められたので、本日、証券取引等監視委員会は、内閣総理大臣及び金融庁長官に対して、金融庁設置法第20条第１項の規定に基づき、行政処分を行うよう勧告した。 ２．事実関係 日本クラウド証券株式会社（以下「当社」という。）は、当社ウェブサイトを通じて、当社関係会社を営業者とするクラウドバンク匿名組合(以下「ＣＢ匿名組合」という。）の出資持分の募集取扱業務を行っている。ＣＢ匿名組合においては、当社関係会社等が設立したＳＰＣや一般事業会社に対する融資を行っている。 今回検査において、当社の募集取扱業務の状況を検証したところ、以下の問題が認められた。 ○　著しく事実に相違する表示又は著しく人を誤認させるような表示のある広告をする行為 ア　不動産開発事業に対して融資を行う広告 当社は、平成28年１月から同年７月までの間、募集の取扱いを行った一部において、当社関係会社が関与する不動産開発事業に対する融資に関して、ウェブサイトに広告を掲載している。 上記不動産開発事業は、当社と業務委託契約を締結している者が既に保有している不動産に隣接する不動産を新たに取得し、２つの不動産を同時に売却することを企図する事業であり、新たに取得する不動産の購入等に充当する資金の融資をＣＢ匿名組合から行うものである。 当社は、ウェブサイトにおいて行った広告の中で「ＳＰＣ（特別目的会社）のメザニンとして６億円の融資を実行します」と表示し、ＣＢ匿名組合の融資先は不動産を実際に取得するＳＰＣ（以下「不動産取得ＳＰＣ」という。）であること、また、融資の形態は、劣後特約付金銭消費貸借契約（以下「メザニンローン」という。）であることを説明している。 しかし、実際には、ＣＢ匿名組合の融資先は、不動産取得ＳＰＣではなく、不動産開発事業に投資を行う「甲事業会社」となっており、甲事業会社は、ＣＢ匿名組合から融資を受けた金銭の中から、不動産取得ＳＰＣにメザニンローンとして４億6000万円を融資するとともに、不動産取得ＳＰＣを営業者とする匿名組合に対して、１億7950万円を出資(以下「本匿名組合出資」という。)していた。 加えて、当社は、上記不動産開発事業のリスク説明として、「プロジェクトの継続が困難になった場合」と題した図( 別添参照 )を掲載し、ＣＢ匿名組合の融資したメザニンローンは、あたかもＣＢ匿名組合とは別の出資者（事業者）の「エクイティ」によって毀損しない旨の表示をしている。 しかし、実際には、本匿名組合出資を除くと、不動産取得ＳＰＣの「エクイティ」に相当するものは55万円しかない状況であった。 以上のように、当社の上記のウェブサイトの広告は、実際には、本匿名組合出資を除く「エクイティ」が55万円しかないにもかかわらず、「エクイティ」の余力があることにより投資者がメザニンローンとして出資した金銭が毀損するおそれが低いかのような表示となっていることから、投資者の利益の見込みについて著しく事実に相違し、著しく人を誤認させるような表示であると認められる。 イ　営業者報酬等の還元をうたった広告 当社は、平成26年５月から同27年５月までの間、募集の取扱いを行った一部において、「手数料還元お客様キャンペーン」、「営業者報酬の一部を皆さまに還元することで、特別目標利回り6.5％でご提供いたします。」などとうたって、ウェブサイトに広告を掲載している。 しかし、当時ＣＢ匿名組合の運用担当者であった前代表取締役は当初から営業者報酬を還元する意思はなく、顧客に対して、手数料等の還元を一切行っていない中、当社は上記の表示を行っていた。したがって、上記のウェブサイトの広告は、顧客が支払うべき手数料等の額に関する事項について、著しく事実に相違する表示であると認められる。 当社の上記アの行為は、「金融商品取引行為を行うことによる利益の見込み」について、著しく事実に相違する表示又は著しく人を誤認させるような表示のある広告をする行為であり、上記イの行為は、「金融商品取引契約に関して顧客が支払うべき手数料等の額に関する事項」について、著しく事実に相違する表示のある広告をする行為であることから、金融商品取引法第37条第２項に違反する。 参考資料（PDF:267KB） （参考条文） ○　金融商品取引法（昭和23年法律第25号）（抄） （広告等の規制） 第三十七条（略） ２　金融商品取引業者等は、その行う金融商品取引業に関して広告その他これに類似するものとして内閣府令で定める行為をするときは、金融商品取引行為を行うことによる利益の見込みその他内閣府令で定める事項について、著しく事実に相違する表示をし、又は著しく人を誤認させるような表示をしてはならない。 ○　金融商品取引業等に関する内閣府令（平成19年８月６日内閣府令第52号）（抄） （誇大広告をしてはならない事項） 第七十八条  法第三十七条第二項に規定する内閣府令で定める事項は、次に掲げる事項とする。 一～六　（略） 七  金融商品取引契約に関して顧客が支払うべき手数料等の額又はその計算方法、支払の方法及び時期並びに支払先に関する事項 （以下、略）
2017-05-26,イーター電機工業株式会社,,イーター電機工業株式会社の役員からの情報受領者による内部者取引に対する課徴金納付命令の勧告について,https://www.fsa.go.jp/sesc/news/c_2017/2017/20170526.html,"English version 平成29年5月26日 証券取引等監視委員会 イーター電機工業株式会社の役員からの情報受領者による内部者取引に対する課徴金納付命令の勧告について １．勧告の内容 証券取引等監視委員会は、イーター電機工業株式会社の役員からの情報受領者による内部者取引について検査した結果、下記のとおり法令違反の事実が認められたので、本日、内閣総理大臣及び金融庁長官に対して、金融庁設置法第２０条第１項の規定に基づき、課徴金納付命令を発出するよう勧告を行った。 ２．法令違反の事実関係 課徴金納付命令対象者は、イーター電機工業株式会社（以下「イーター電機」という。平成２８年７月２５日上場廃止）の製品を取り扱うＡ社の社員であるが、その職務に関し、イーター電機の役員甲が職務に関し知り、その後、同人からＡ社の役員乙が職務上伝達を受けた、平成２７年３月期（平成２６年４月１日から平成２７年３月３１日）決算において債務超過の状態であったイーター電機が、平成２８年３月期（平成２７年４月１日から平成２８年３月３１日）決算においても債務超過の状態となるという、特定有価証券の上場の廃止の原因となる事実が発生した旨の重要事実を知りながら、上記重要事実の公表がされた平成２８年５月１８日より前の同月１７日、自己の計算において、イーター電機株式合計７万５０００株を売付価額合計４１３万５０００円で売り付けたものである。 違反行為事実の概要については、 別図 のとおり。 課徴金納付命令対象者が行った上記の行為は、金融商品取引法第１７５条第１項に規定する「第１６６条第１項又は第３項の規定に違反して、同条第１項に規定する売買等をした」行為に該当すると認められる。 ３．課徴金の額の計算 上記の違法行為に対し、金融商品取引法に基づき納付を命じられる課徴金の額は、２７８万円である。 計算方法の詳細については、 別紙 のとおり。 ４．その他 本件については、日本取引所自主規制法人より提供された情報も参考として、実態解明を行ったものである。 （別図） ○違反行為事実の概要について （クリックすると拡大されます） （別紙） ○課徴金の額の計算方法について （１）金融商品取引法第１７５条第１項第１号の規定により、当該有価証券の売付けについて当該有価証券の売付けをした価格にその数量を乗じて得た額から業務等に関する重要事実の公表がされた後２週間における最も低い価格に当該有価証券の売付けの数量を乗じて得た額を控除した額。 （55円×65,000株＋56円×10,000株） －（18円×75,000株） ＝ 2,785,000円 （２）金融商品取引法第１７６条第２項の規定により、上記（１）で計算した額の１万円未満の端数を切捨て。"
2017-05-12,アセットプランニング株式会社,,アセットプランニング株式会社に対する検査結果に基づく勧告について,https://www.fsa.go.jp/sesc/news/c_2017/2017/20170512-1.html,English version 平成29年５月12日 証券取引等監視委員会 アセットプランニング株式会社に対する検査結果に基づく勧告について １．勧告の内容 関東財務局長がアセットプランニング株式会社（東京都台東区、法人番号7010501032583、資本金1000万円、常勤役職員６名（注）、第二種金融商品取引業、投資助言・代理業）を検査した結果、下記のとおり、当該金融商品取引業者に係る問題が認められたので、本日、証券取引等監視委員会は、内閣総理大臣及び金融庁長官に対して、金融庁設置法第20条第１項の規定に基づき、行政処分を行うよう勧告した。 （注）常勤役職員数は、当社が関東財務局に届出を行っている人数。 ２．事実関係 アセットプランニング株式会社（以下「当社」という。）は、不動産信託受益権の売買を出資対象事業とする匿名組合（以下「本件ファンド」という。）の出資持分の取得勧誘を行っている。 （１）報告徴取命令に対する虚偽報告 当社は、今回検査が行われる前の平成28年２月に関東財務局長（以下「当局」という。）から本件ファンドの取得勧誘の状況についての報告徴取命令を受けて、同年３月に報告書を提出している。当社は、当該報告書において、本件ファンドに係る顧客数が12名で合計出資金額が約１億円である旨回答している。 しかし、今回検査において確認できた資料によれば、平成24年６月から当該報告書を提出した同28年３月までの間に、当社の取得勧誘によって、本件ファンドに係る顧客数が少なくとも延べ108名で合計出資金額が約10億円であることが認められた。 （２）検査忌避 上記（１）のとおり、当社が平成28年３月に当局に提出した上記報告書と、今回検査においてA代表取締役（以下「A代表」という。）から提出された資料により判明した顧客数や出資金額との間に大幅な乖離が生じており、実態の解明を行わなければならないところ、A代表は、検査当初の資料提出後、自ら指定した検査官との面会日を幾度も延期するなど、検査に応じておらず、検査官から延期理由の説明を求められるも合理的な理由を示さないまま、一方的に検査を拒んでいる状況を継続している。 （３）報告徴取命令に対する報告書の不提出 上記（２）のとおり、当社の業務実態を検証・把握することができないことから、当局は、当社の業務実態等の検証・把握を目的として、当社に対し、平成29年３月と同年４月の２回にわたり業務に関する報告書等を提出するよう報告徴取命令を発出したものの、報告期限を過ぎても当社から報告書等は一切提出されていない。 上記（１）の出資金額等について著しく事実と異なる報告を当局に行っている行為及び上記（３）の報告書等を提出しない行為は、金融商品取引法第52条第１項第６号に規定する「金融商品取引業に関し法令に基づいてする行政官庁の処分に違反したとき」に該当するものと認められる。 また、当社が行った上記（２）の行為は、金融商品取引法第56条の２第１項の規定による検査を拒み、妨げ、忌避するものであり、同法第198条の６第11号及び同法第207条第１項第４号に該当するものと認められる。 （４）金融商品取引業を適確に遂行するに足りる人的構成を有しない状況 当社は、金融商品取引業を行うに当たり、当該業務に関する十分な知識及び経験を有する役員又は使用人を確保していなければならないところ、今回検査において、A代表以外の役員及び使用人は確認されておらず、また、A代表は、上記のとおり、虚偽の報告を行うほか、当社の業務運営状況の把握や本件ファンドの実態の解明を困難にする行為を繰り返すなどして、自ら法令違反行為を行っており、法令等遵守意識及び投資者保護意識は著しく欠如している。 以上のことから、当社は、金融商品取引業を適確に遂行するに足りる人的構成を有していないものと認められる。 当社における上記の状況は、金融商品取引法第29条の４第１項第１号ホに掲げる「金融商品取引業を適確に遂行するに足りる人的構成を有しない者」に該当するものと認められ、このような当社の状況は、同法第52条第１項第１号に該当するものと認められる。 （参考条文） ○　金融商品取引法（昭和23年法律第25号）（抄） （登録の拒否） 第二十九条の四　内閣総理大臣は、登録申請者が次の各号のいずれかに該当するとき、又は登録申請書若しくはこれに添付すべき書類若しくは電磁的記録のうちに虚偽の記載若しくは記録があり、若しくは重要な事実の記載若しくは記録が欠けているときは、その登録を拒否しなければならない。 一　次のいずれかに該当する者 イ～ニ（略） ホ　金融商品取引業を適確に遂行するに足りる人的構成を有しない者 （以下、略） （金融商品取引業者に対する監督上の処分） 第五十二条　内閣総理大臣は、金融商品取引業者が次の各号のいずれかに該当する場合においては、当該金融商品取引業者の第二十九条の登録を取り消し、第三十条第一項の認可を取り消し、又は六月以内の期間を定めて業務の全部若しくは一部の停止を命ずることができる。 一　第二十九条の四第一項第一号、第二号又は第三号に該当することとなつたとき。 二～五（略） 六　金融商品取引業又はこれに付随する業務に関し法令（第四十六条の六第二項を除く。）又は法令に基づいてする行政官庁の処分に違反したとき。 （以下、略） （報告の徴取及び検査） 第五十六条の二　内閣総理大臣は、公益又は投資者保護のため必要かつ適当であると認めるときは、金融商品取引業者等、これと取引をする者、当該金融商品取引業者等（登録金融機関を除く。）がその総株主等の議決権の過半数を保有する銀行等（以下この項において「子特定法人」という。）、当該金融商品取引業者等を子会社（第二十九条の四第三項に規定する子会社をいう。以下この条において同じ。）とする持株会社（私的独占の禁止及び公正取引の確保に関する法律第九条第四項第一号に規定する持株会社をいう。以下この条において同じ。）若しくは当該金融商品取引業者等から業務の委託を受けた者（その者から委託（二以上の段階にわたる委託を含む。）を受けた者を含む。以下この項において同じ。）に対し当該金融商品取引業者等の業務若しくは財産に関し参考となるべき報告若しくは資料（当該子特定法人にあつては、当該金融商品取引業者等（登録金融機関を除く。）の財産に関し参考となるべき報告又は資料に限る。）の提出を命じ、又は当該職員に当該金融商品取引業者等、当該子特定法人、当該金融商品取引業者等を子会社とする持株会社若しくは当該金融商品取引業者等から業務の委託を受けた者の業務若しくは財産の状況若しくは帳簿書類その他の物件の検査（当該子特定法人にあつては当該金融商品取引業者等（登録金融機関を除く。）の財産に関し必要な検査に、当該金融商品取引業者等を子会社とする持株会社又は当該金融商品取引業者等から業務の委託を受けた者にあつては当該金融商品取引業者等の業務又は財産に関し必要な検査に限る。）をさせることができる。 （以下、略） 第百九十八条の六　次の各号のいずれかに該当する者は、一年以下の懲役若しくは三百万円以下の罰金に処し、又はこれを併科する。 一～十（略） 十一　第五十六条の二、第五十七条の十第一項、第五十七条の二十三、第五十七条の二十六第二項、第六十条の十一（第六十条の十四第二項において準用する場合を含む。）、第六十三条の六（第六十三条の三第二項において準用する場合を含む。）、第六十六条の二十二、第六十六条の四十五第一項、第七十五条、第七十九条の四、第百三条の四、第百六条の六第一項（同条第二項において準用する場合を含む。）、第百六条の十六、第百六条の二十第一項（同条第二項において準用する場合を含む。）、第百六条の二十七（第百九条において準用する場合を含む。）、第百五十一条（第百五十三条の四において準用する場合を含む。）、第百五十五条の九、第百五十六条の五の四、第百五十六条の五の八、第百五十六条の十五、第百五十六条の二十の十二、第百五十六条の三十四、第百五十六条の八十、第百五十六条の八十九、第百八十五条の五又は第百八十七条第一項第四号の規定による検査を拒み、妨げ、又は忌避した者 （以下、略） 第二百七条　法人（法人でない団体で代表者又は管理人の定めのあるものを含む。以下この項及び次項において同じ。）の代表者又は法人若しくは人の代理人、使用人その他の従業者が、その法人又は人の業務又は財産に関し、次の各号に掲げる規定の違反行為をしたときは、その行為者を罰するほか、その法人に対して当該各号に定める罰金刑を、その人に対して各本条の罰金刑を科する。 一～三（略） 四　第百九十八条の六（第八号、第九号、第十二号、第十三号及び第十五号を除く。）又は第百九十九条　二億円以下の罰金刑 （以下、略）
2017-04-11,,,フォーバル・リアルストレート株式外６銘柄に係る相場操縦に対する課徴金納付命令の勧告について,http://www.fsa.go.jp/sesc/news/c_2017/2017/20170411.html,"English version 平成２９年４月１１日 証券取引等監視委員会 フォーバル・リアルストレート株式外６銘柄に係る相場操縦に対する課徴金納付命令の勧告について １．勧告の内容 証券取引等監視委員会は、フォーバル・リアルストレート株式外６銘柄に係る相場操縦について検査した結果、下記のとおり法令違反の事実が認められたので、本日、内閣総理大臣及び金融庁長官に対して、金融庁設置法第２０条第１項の規定に基づき、課徴金納付命令を発出するよう勧告を行った。 ２．法令違反の事実関係 課徴金納付命令対象者は、 (1)  株式会社ウェッジホールディングス（以下「ウェッジホールディングス」という。）の株式につき、同株式の売買を誘引する目的をもって、 別表 記載のとおり、平成２７年５月２８日午前９時４２分頃から同日午前１１時１５分頃までの間及び同年６月８日午前９時５１分頃から同日午前１１時６分頃までの間、直前の約定値より高指値の買い注文を発注して株価を引き上げたり、下値買い注文を大量に入れるなどの方法により、自己の計算において、同株式合計４万８００株の買付けの委託を行うとともに、同株式合計３万２０００株を買い付ける一方、同株式合計３万２０００株を売り付け、 (2)  昭和ホールディングス株式会社（以下「昭和ホールディングス」という。）の株式につき、同株式の売買を誘引する目的をもって、 別表 記載のとおり、平成２７年５月２８日午前９時４４分頃から同日午前１０時１９分頃までの間、前記同様の方法により、自己の計算において、同株式合計１７万４２００株の買付けの委託を行うとともに、同株式合計１２万５３００株を買い付ける一方、同株式合計１２万５３００株を売り付け、 (3)  株式会社ヤマノホールディングス（以下「ヤマノホールディングス」という。）の株式につき、同株式の売買を誘引する目的をもって、 別表 記載のとおり、平成２７年５月２８日午前１０時４２分頃から同日午前１０時４７分頃までの間、前記同様の方法により、自己の計算において、同株式合計９０００株の買付けの委託を行うとともに、同株式合計３万１７００株を買い付ける一方、同株式合計３万１７００株を売り付け、 (4)  株式会社ブロードバンドタワー（以下「ブロードバンドタワー」という。）の株式につき、同株式の売買を誘引する目的をもって、 別表 記載のとおり、平成２７年６月１日午前１０時４３分頃から同日午前１１時２１分頃までの間、前記同様の方法により、自己の計算において、同株式合計１万９８００株の買付けの委託を行うとともに、同株式合計１万６３００株を買い付ける一方、同株式合計１万６３００株を売り付け、 (5)  株式会社オートウェーブ（以下「オートウェーブ」という。）の株式につき、同株式の売買を誘引する目的をもって、 別表 記載のとおり、平成２７年６月１０日午前９時３２分頃から同日午前９時４９分頃までの間、前記同様の方法により、自己の計算において、同株式合計５万５７００株の買付けの委託を行うとともに、同株式合計２万３９００株を買い付ける一方、同株式合計２万３９００株を売り付け、 (6)  株式会社さいか屋（以下「さいか屋」という。）の株式につき、同株式の売買を誘引する目的をもって、 別表 記載のとおり、平成２７年７月１６日午前９時７分頃から同日午前９時９分頃までの間、前記同様の方法により、自己の計算において、同株式合計５万８０００株の買付けの委託を行うとともに、同株式合計１万５０００株を買い付ける一方、同株式合計１万５０００株を売り付け、 (7)  株式会社フォーバル・リアルストレート（以下「ＦＲＳ」という。）の株式につき、同株式の売買を誘引する目的をもって、 別表 記載のとおり、平成２７年７月１６日午後０時４０分頃から同日午後１時２３分頃までの間、前記同様の方法により、自己の計算において、同株式合計６万１６００株の買付けの委託を行うとともに、同株式合計４万４７００株を買い付ける一方、同株式合計４万４７００株を売り付け、 もって、ウェッジホールディングス、昭和ホールディングス、ヤマノホールディングス、ブロードバンドタワー、オートウェーブ、さいか屋及びＦＲＳの各株式の売買が繁盛であると誤解させ、かつ、前記各株式の相場を変動させるべき一連の売買及び委託をしたものである。 違反行為事実の概要については、 別図 のとおり。 課徴金納付命令対象者が行った上記の行為は、金融商品取引法第１７４条の２第１項に規定する「第１５９条第２項第１号の規定に違反する一連の有価証券売買等」及び「その委託等」に該当すると認められる。 ３．課徴金の額の計算 上記の違法行為に対し金融商品取引法に基づき納付を命じられる課徴金の額は、６７万円である。 計算方法の詳細については、 別紙１ 及び 別紙２ のとおり。 ４．その他 本件については、日本取引所自主規制法人より提供された情報も参考として、実態解明を行ったものである。 （別表） ○違反行為状況 （クリックすると拡大されます） （別図） ○違反行為事実の概要について （クリックすると拡大されます） （クリックすると拡大されます） （クリックすると拡大されます） （クリックすると拡大されます） （クリックすると拡大されます） （クリックすると拡大されます） （クリックすると拡大されます） （クリックすると拡大されます） （別紙１） ○課徴金の額の計算方法について 別表 の各違反行為に係る課徴金の額の計算の基礎は以下のとおりである。 (1) 金融商品取引法第１７４条の２第１項の規定により、当該違反行為に係る課徴金の額は、 ア．当該違反行為に係る有価証券の売買対当数量に係るものについて、自己の計算による当該有価証券の売付け等の価額から、自己の計算による当該有価証券の買付け等の価額を控除した額 及び イ．当該違反行為に係る自己の計算による有価証券の売付け等又は買付け等の数量が、当該違反行為に係る自己の計算による有価証券の買付け等又は売付け等の数量を超える場合、当該超える数量に係る有価証券の売付け等の価額から当該違反行為が終了してから１月を経過するまでの間の各日における当該違反行為に係る有価証券の買付け等についての金融商品取引法第１３０条に規定する最低の価格のうち最も低い価格に当該超える数量を乗じて得た額を控除した額、又は当該違反行為が終了してから１月を経過するまでの間の各日における当該違反行為に係る有価証券の売付け等についての金融商品取引法第１３０条に規定する最高の価格のうち最も高い価格に当該超える数量を乗じて得た額から当該超える数量に係る有価証券の買付け等の価額を控除した額 の合計額として算定。 (2) 上記(1)で算定された課徴金の額につき、金融商品取引法第１７６条第２項の規定により１万円未満の端数を切り捨てて算定。 (3) 上記(2)によりそれぞれ算定した額を合計し、課徴金の額とする。 以上につき、 別紙２ のとおり。 （別紙２） 別表 に掲げる事実につき １．ウェッジホールディングス株式（期間A）の取引について (1) 当該違反行為に係る自己の計算による有価証券の売付け等の数量は、6,000株であり、当該違反行為に係る自己の計算による有価証券の買付け等の数量は、6,000株であることから、 ア．当該違反行為に係る有価証券の売買対当数量（6,000株）に係るものについて、自己の計算による当該有価証券の売付け等の価額から、自己の計算による当該有価証券の買付け等の価額を控除した額 （515円×5,700株＋516円×300株） －（509円×800株＋510円×1,000株＋511円×200株＋512円×2,600株 ＋513円×200株＋514円×900株＋515円×100株＋516円×100株 ＋517円×100株） ＝ 19,700円 及び イ．当該超える数量が0株であることから、0円 の合計額19,700円となる。 (2) 金融商品取引法第１７６条第２項の規定により、上記(1)で計算した額の１万円未満の端数を切捨て、10,000円となる。 ２．ウェッジホールディングス株式（期間B）の取引について (1) 当該違反行為に係る自己の計算による有価証券の売付け等の数量は、26,000株であり、当該違反行為に係る自己の計算による有価証券の買付け等の数量は、26,000株であることから、 ア．当該違反行為に係る有価証券の売買対当数量（26,000株）に係るものについて、自己の計算による当該有価証券の売付け等の価額から、自己の計算による当該有価証券の買付け等の価額を控除した額 （513円×3,100株＋515円×4,200株＋516円×5,200株＋517円×2,900株 ＋518円×2,000株＋519円×2,000株＋520円×1,400株＋524円×5,200株） －（510円×15,900株＋514円×900株＋515円×3,700株＋516円×1,100株 ＋517円×1,100株＋518円×1,200株＋519円×1,200株＋520円×600株 ＋521円×300株） ＝ 136,500円 及び イ．当該超える数量が0株であることから、0円 の合計額136,500円となる。 (2) 金融商品取引法第１７６条第２項の規定により、上記(1)で計算した額の１万円未満の端数を切捨て、130,000円となる。 ３．昭和ホールディングス株式の取引について (1) 当該違反行為に係る自己の計算による有価証券の売付け等の数量は、125,300株であり、当該違反行為に係る自己の計算による有価証券の買付け等の数量は、125,300株であることから、 ア．当該違反行為に係る有価証券の売買対当数量（125,300株）に係るものについて、自己の計算による当該有価証券の売付け等の価額から、自己の計算による当該有価証券の買付け等の価額を控除した額 （133円×13,000株＋134円×4,100株＋135円×59,900株＋136円×48,300株） －（133円×67,000株＋134円×21,400株＋135円×21,300株 ＋136円×11,800株＋137円×3,800株） ＝ 154,200円 及び イ．当該超える数量が0株であることから、0円 の合計額154,200円となる。 (2) 金融商品取引法第１７６条第２項の規定により、上記(1)で計算した額の１万円未満の端数を切捨て、150,000円となる。 ４．ヤマノホールディングス株式の取引について (1) 当該違反行為に係る自己の計算による有価証券の売付け等の数量は、31,700株であり、当該違反行為に係る自己の計算による有価証券の買付け等の数量は、31,700株であることから、 ア．当該違反行為に係る有価証券の売買対当数量（31,700株）に係るものについて、自己の計算による当該有価証券の売付け等の価額から、自己の計算による当該有価証券の買付け等の価額を控除した額 （92円×9,000株＋93円×13,700株＋94円×9,000株） －（91円×29,300株＋92円×1,200株＋93円×900株＋94円×300株） ＝59,500円 及び イ．当該超える数量が0株であることから、0円 の合計額59,500円となる。 (2) 金融商品取引法第１７６条第２項の規定により、上記(1)で計算した額の１万円未満の端数を切捨て、50,000円となる。 ５．ブロードバンドタワー株式の取引について (1) 当該違反行為に係る自己の計算による有価証券の売付け等の数量は、16,300株であり、当該違反行為に係る自己の計算による有価証券の買付け等の数量は、16,300株であることから、 ア．当該違反行為に係る有価証券の売買対当数量（16,300株）に係るものについて、自己の計算による当該有価証券の売付け等の価額から、自己の計算による当該有価証券の買付け等の価額を控除した額 （386円×6,300株＋388円×4,000株＋389円×6,000株） －（383円×16,000株＋384円×100株＋385円×100株＋386円×100株） ＝74,300円 及び イ．当該超える数量が0株であることから、0円 の合計額74,300円となる。 (2) 金融商品取引法第１７６条第２項の規定により、上記(1)で計算した額の１万円未満の端数を切捨て、70,000円となる。 ６．オートウェーブ株式の取引について (1) 当該違反行為に係る自己の計算による有価証券の売付け等の数量は、23,900株であり、当該違反行為に係る自己の計算による有価証券の買付け等の数量は、23,900株であることから、 ア．当該違反行為に係る有価証券の売買対当数量（23,900株）に係るものについて、自己の計算による当該有価証券の売付け等の価額から、自己の計算による当該有価証券の買付け等の価額を控除した額 （180円×4,100株＋184円×18,400株＋185円×1,400株） －（179円×900株＋180円×16,300株＋181円×3,200株＋182円×600株 ＋183円×800株＋184円×1,200株＋186円×600株＋187円×300株） ＝64,200円 及び イ．当該超える数量が0株であることから、0円 の合計額64,200円となる。 (2) 金融商品取引法第１７６条第２項の規定により、上記(1)で計算した額の１万円未満の端数を切捨て、60,000円となる。 ７．さいか屋株式の取引について (1) 当該違反行為に係る自己の計算による有価証券の売付け等の数量は、15,000株であり、当該違反行為に係る自己の計算による有価証券の買付け等の数量は、15,000株であることから、 ア．当該違反行為に係る有価証券の売買対当数量（15,000株）に係るものについて、自己の計算による当該有価証券の売付け等の価額から、自己の計算による当該有価証券の買付け等の価額を控除した額 （135円×15,000株） －（133円×12,000株＋134円×2,000株＋135円×1,000株） ＝26,000円 及び イ．当該超える数量が0株であることから、0円 の合計額26,000円となる。 (2) 金融商品取引法第１７６条第２項の規定により、上記(1)で計算した額の１万円未満の端数を切捨て、20,000円となる。 ８．ＦＲＳ株式の取引について (1) 当該違反行為に係る自己の計算による有価証券の売付け等の数量は、44,700株であり、当該違反行為に係る自己の計算による有価証券の買付け等の数量は、44,700株であることから、 ア．当該違反行為に係る有価証券の売買対当数量（44,700株）に係るものについて、自己の計算による当該有価証券の売付け等の価額から、自己の計算による当該有価証券の買付け等の価額を控除した額 （147円×6,800株＋148円×10,900株＋149円×18,800株＋150円×8,200株） －（144円×36,500株＋145円×800株＋146円×600株＋147円×5,400株 ＋148円×600株＋149円×800株） ＝182,600円 及び イ．当該超える数量が0株であることから、0円 の合計額182,600円となる。 (2) 金融商品取引法第１７６条第２項の規定により、上記(1)で計算した額の１万円未満の端数を切捨て、180,000円となる。 ９．上記、１.ないし８.により算定した額の合計 10,000円＋130,000円＋150,000円＋50,000円＋70,000円＋60,000円 ＋20,000円＋180,000円） ＝670,000円となる。"
2017-04-03,,,「証券検査に関する基本指針」の一部改正について,http://www.fsa.go.jp/sesc/news/c_2017/2017/20170403-1.html,平成29年4月3日 証券取引等監視委員会 「証券検査に関する基本指針」の一部改正について 1．証券取引等監視委員会では、透明性の高い効率的かつ効果的な検査を実施するとの観点から、検査の手続等を記載した「証券検査に関する基本指針」（以下「基本指針」という。）を策定し、公表しているところです。 2．今般、昨年10月に「証券モニタリング基本方針」を公表し、全ての金融商品取引業者等に対して、オンサイト・オフサイトの一体的なモニタリングを進めるなど、証券モニタリングを巡る環境の変化等を踏まえ、名称を「証券モニタリングに関する基本指針」に変更するとともに、別紙のとおり、所要の改正を行いました。 3．改正後の基本指針は、本日から適用します。 (別紙) 証券モニタリングに関する基本指針（改正のポイント）（PDF/53KB） 証券モニタリングに関する基本指針（新旧対照表）（PDF/295KB） お問い合わせ先 証券取引等監視委員会事務局証券検査課 Tel　03-3506-6000（代表）（内線：2024、3926）
2017-03-31,株式会社フュートレック,,株式会社フュートレック役員からの情報受領者３名による内部者取引違反行為及び同社役員２名による重要事実に係る伝達違反行為に対する課徴金納付命令の勧告について,http://www.fsa.go.jp/sesc/news/c_2017/2017/20170331.html,"English version 平成29年3月31日 証券取引等監視委員会 株式会社フュートレック役員からの情報受領者３名による内部者取引違反行為及び同社役員２名による重要事実に係る伝達違反行為に対する課徴金納付命令の勧告について １．勧告の内容 証券取引等監視委員会は、株式会社フュートレック役員からの情報受領者３名による内部者取引及び同社役員２名による重要事実に係る伝達について検査した結果、下記のとおり法令違反の事実が認められたので、本日、内閣総理大臣及び金融庁長官に対して、金融庁設置法第２０条第１項の規定に基づき、課徴金納付命令を発出するよう勧告を行った。 ２．法令違反の事実関係 （１）課徴金納付命令対象者（１）について ア．違反行為事実A 課徴金納付命令対象者（１）は、株式会社フュートレック（以下「フュートレック」という。）の役員である課徴金納付命令対象者（２）から、同人がその職務に関し知った、フュートレックの業務執行を決定する機関が、同社と株式会社ＮＴＴドコモ及びＳＹＳＴＲＡＮ ＩＮＴＥＲＮＡＴＩＯＮＡＬ ＣＯ．， ＬＴＤと業務上の提携を行うことについての決定をした旨の重要事実の伝達を受けながら、上記重要事実の公表がされた平成２６年９月２９日午後３時頃より前の同年７月１４日から同年９月２９日午後２時２９分頃までの間、自己の計算において、フュートレック株式合計１万６７００株を買付価額合計９３９万２３００円で買い付けたものである。 イ．違反行為事実B 課徴金納付命令対象者（１）は、フュートレックの役員に就任後、同人がその職務に関し知った、同社の属する企業集団の平成２７年４月１日から平成２８年３月３１日までの事業年度（平成２８年３月期）の売上高、経常利益及び親会社株主に帰属する当期純利益（以下「当期純利益」という。）の予想値について、平成２７年５月８日に公表された直近の予想値（売上高３４億３０００万円、経常利益マイナス１億４０００万円、当期純利益マイナス１億６０００万円）に比較して、同社が新たに算出した予想値において、投資者の投資判断に及ぼす影響が重要なものとなる差異が生じた旨の重要事実を、課徴金納付命令対象者（３）に対し、同社において新たに算出した平成２８年３月期の予想値（売上高３８億４０００万円、経常利益４億１０００万円、当期純利益３億円）の公表がされる前にフュートレック株式の買付けをさせることにより課徴金納付命令対象者（３）に利益を得させる目的をもって、伝達したものである。 課徴金納付命令対象者（３）は、上記重要事実の公表がされた平成２８年２月１日午後３時３０分頃より前の同日午前９時８分頃から午後２時３１分頃までの間、自己の計算において、フュートレック株式合計１５００株を買付価額合計７４万８６００円で買い付けたものである。 ウ．違反行為事実C 課徴金納付命令対象者（１）は、上記イ．の重要事実を、課徴金納付命令対象者（４）対し、上記重要事実の公表がされる前にフュートレック株式の買付けをさせることにより課徴金納付命令対象者（４）に利益を得させる目的をもって、伝達したものである。 課徴金納付命令対象者（４）は、上記重要事実の公表がされた平成２８年２月１日午後３時３０分頃より前の同日午後０時３０分頃、自己の計算において、フュートレック株式合計２０００株を買付価額合計１００万６０００円で買い付けたものである。 違反行為事実の概要については、 別図 のとおり。 課徴金納付命令対象者（１）が行った 上記ア．の行為は、金融商品取引法第１７５条第１項に規定する「第１６６条第１項又は第３項の規定に違反して、同条第１項に規定する売買等をした」行為に、 上記イ．及びウ．の行為は、金融商品取引法第１７５条の２第１項に規定する「第１６７条の２第１項の規定に違反して、同項の伝達をし、又は同項の売買等をすることを勧める」行為に該当すると認められる。 （２）課徴金納付命令対象者(２)について 課徴金納付命令対象者（２）は、フュートレックの役員であるが、同人がその職務に関し知った、フュートレックの業務執行を決定する機関が、同社と株式会社ＮＴＴドコモ及びＳＹＳＴＲＡＮ ＩＮＴＥＲＮＡＴＩＯＮＡＬ ＣＯ．， ＬＴＤと業務上の提携を行うことについての決定をした旨の重要事実を、課徴金納付命令対象者（１）に対し、上記重要事実の公表がされる前にフュートレック株式の買付けをさせることにより課徴金納付命令対象者（１）に利益を得させる目的をもって、伝達したものである。 課徴金納付命令対象者（１）は、上記重要事実の公表がされた平成２６年９月２９日午後３時頃より前の同年７月１４日から同年９月２９日午後２時２９分頃までの間、自己の計算において、フュートレック株式合計１万６７００株を買付価額合計９３９万２３００円で買い付けたものである。 違反行為事実の概要については、 別図 のとおり。 課徴金納付命令対象者（２）が行った上記の行為は、金融商品取引法第１７５条の２第１項に規定する「第１６７条の２第１項の規定に違反して、同項の伝達をし、又は同項の売買等をすることを勧める」行為に該当すると認められる。 （３）課徴金納付命令対象者(３)について 課徴金納付命令対象者（３）は、フュートレックの役員である課徴金納付命令対象者（１）から、同人がその職務に関し知った、同社の属する企業集団の平成２７年４月１日から平成２８年３月３１日までの事業年度（平成２８年３月期）の売上高、経常利益及び当期純利益の予想値について、平成２７年５月８日に公表された直近の予想値（売上高３４億３０００万円、経常利益マイナス１億４０００万円、当期純利益マイナス１億６０００万円）に比較して、同社が新たに算出した予想値において、投資者の投資判断に及ぼす影響が重要なものとなる差異が生じた旨の重要事実の伝達を受けながら、同社において新たに算出した平成２８年３月期の予想値（売上高３８億４０００万円、経常利益４億１０００万円、当期純利益３億円）の公表がされた平成２８年２月１日午後３時３０分頃より前の同日午前９時８分頃から午後２時３１分頃までの間、自己の計算において、フュートレック株式合計１５００株を買付価額合計７４万８６００円で買い付けたものである。 違反行為事実の概要については、 別図 のとおり。 課徴金納付命令対象者（３）が行った上記の行為は、金融商品取引法第１７５条第１項に規定する「第１６６条第１項又は第３項の規定に違反して、同条第１項に規定する売買等をした」行為に該当すると認められる。 （４）課徴金納付命令対象者(４)について 課徴金納付命令対象者（４）は、フュートレックの役員である課徴金納付命令対象者（１）から、同人がその職務に関し知った、同社の属する企業集団の平成２７年４月１日から平成２８年３月３１日までの事業年度（平成２８年３月期）の売上高、経常利益及び当期純利益の予想値について、平成２７年５月８日に公表がされた直近の予想値（売上高３４億３０００万円、経常利益マイナス１億４０００万円、当期純利益マイナス１億６０００万円）に比較して、同社が新たに算出した予想値において、投資者の投資判断に及ぼす影響が重要なものとなる差異が生じた旨の重要事実の伝達を受けながら、同社において新たに算出した平成２８年３月期の予想値（売上高３８億４０００万円、経常利益４億１０００万円、当期純利益３億円）の公表がされた平成２８年２月１日午後３時３０分頃より前の同日午後０時３０分頃、自己の計算において、フュートレック株式合計２０００株を買付価額合計１００万６０００円で買い付けたものである。 違反行為事実の概要については、 別図 のとおり。 課徴金納付命令対象者（４）が行った上記の行為は、金融商品取引法第１７５条第１項に規定する「第１６６条第１項又は第３項の規定に違反して、同条第１項に規定する売買等をした」行為に該当すると認められる。 ３．課徴金の額の計算 上記の違法行為に対し、金融商品取引法に基づき納付を命じられる課徴金の額は、下記のとおりである。 課徴金納付命令対象者（１）５４７万円 課徴金納付命令対象者（２）２４７万円 課徴金納付命令対象者（３） ４５万円 課徴金納付命令対象者（４） ６０万円 計算方法の詳細については、 別紙 のとおり。 （別図） ○違反行為事実の概要について （クリックすると拡大されます） （別紙） ○課徴金の額の計算方法について 1．課徴金納付命令対象者（１）について （１）違反行為事実Aに係る課徴金の額 ア．金融商品取引法第１７５条第１項第２号の規定により、当該有価証券の買付けについて業務等に関する重要事実の公表がされた後２週間における最も高い価格に当該有価証券の買付けの数量を乗じて得た額から当該有価証券の買付けをした価格にその数量を乗じて得た額を控除した額。 （859円×16,700株） －（480円×500株＋500円×800株＋505円×300株＋513円×300株 ＋518円×300株＋525円×300株＋528円×300株＋530円×900株 ＋535円×100株＋540円×300株＋550円×300株＋551円×200株 ＋555円×600株＋556円×500株＋560円×300株＋562円×500株 ＋563円×400株＋564円×300株＋565円×300株＋566円×1,000株 ＋567円×800株＋570円×100株＋572円×400株＋575円×600株 ＋580円×300株＋581円×1,000株＋583円×500株＋590円×1,500株 ＋595円×1,000株＋600円×1,000株＋605円×300株＋608円×700株） ＝ 4,953,000円 イ．金融商品取引法第１７６条第２項の規定により、上記ア．で計算した額の１万円未満の端数を切捨て。 （２）違反行為事実Bに係る課徴金の額 ア．金融商品取引法第１７５条の２第１項第３号の規定により、当該違反行為により当該情報受領者等が行った当該買付けによって得た利得相当額に２分の１を乗じて得た額。 利得相当額とは、同条第３項第２号の規定により、情報受領者等が特定有価証券等の買付けをした場合、当該特定有価証券等の買付けについて業務等に関する重要事実の公表がされた後２週間における最も高い価格に当該特定有価証券等の買付けの数量を乗じて得た額から当該特定有価証券等の買付けをした価格にその数量を乗じて得た額を控除した額。 ｛（804円×1,500株）－（495円×500株＋497円×100株＋499円×500株 ＋504円×100株＋505円×300株）｝×1／2 ＝228,700円 イ．金融商品取引法第１７６条第２項の規定により、上記ア.で計算した額の１万円未満の端数を切捨て。 （３）違反行為事実Cに係る課徴金の額 ア．金融商品取引法第１７５条の２第１項第３号の規定により、当該違反行為により当該情報受領者等が行った当該買付けによって得た利得相当額に２分の１を乗じて得た額。 利得相当額とは、同条第３項第２号の規定により、情報受領者等が特定有価証券等の買付けをした場合、当該特定有価証券等の買付けについて業務等に関する重要事実の公表がされた後２週間における最も高い価格に当該特定有価証券等の買付けの数量を乗じて得た額から当該特定有価証券等の買付けをした価格にその数量を乗じて得た額を控除した額。 ｛（804円×2,000株）－（503円×2,000株）｝×1／2 ＝301,000円 イ．金融商品取引法第１７６条第２項の規定により、上記ア.で計算した額の１万円未満の端数を切捨て。 （４）上記（１）ないし（３）により算定した額の合計 4,950,000円＋220,000円＋300,000円＝5,470,000円となる。 ２．課徴金納付命令対象者（２）について （１）金融商品取引法第１７５条の２第１項第３号の規定により、当該違反行為により当該情報受領者等が行った当該買付けによって得た利得相当額に２分の１を乗じて得た額。 利得相当額とは、同条第３項第２号の規定により、情報受領者等が特定有価証券等の買付けをした場合、当該特定有価証券等の買付けについて業務等に関する重要事実の公表がされた後２週間における最も高い価格に当該特定有価証券等の買付けの数量を乗じて得た額から当該特定有価証券等の買付けをした価格にその数量を乗じて得た額を控除した額。 ｛（859円×16,700株） －（480円×500株＋500円×800株＋505円×300株＋513円×300株 ＋518円×300株＋525円×300株＋528円×300株＋530円×900株 ＋535円×100株＋540円×300株＋550円×300株＋551円×200株 ＋555円×600株＋556円×500株＋560円×300株＋562円×500株 ＋563円×400株＋564円×300株＋565円×300株＋566円×1,000株 ＋567円×800株＋570円×100株＋572円×400株＋575円×600株 ＋580円×300株＋581円×1,000株＋583円×500株＋590円×1,500株 ＋595円×1,000株＋600円×1,000株＋605円×300株＋608円×700株）｝×1／2 ＝2,476,500円 （２）金融商品取引法第１７６条第２項の規定により、上記（１）で計算した額の１万円未満の端数を切捨て。 ３．課徴金納付命令対象者（３）について （１）金融商品取引法第１７５条第１項第２号の規定により、当該有価証券の買付けについて業務等に関する重要事実の公表がされた後２週間における最も高い価格に当該有価証券の買付けの数量を乗じて得た額から当該有価証券の買付けをした価格にその数量を乗じて得た額を控除した額。 （804円×1,500株） －（495円×500株＋497円×100株＋499円×500株＋504円×100株＋505円×300株） ＝457,400円 （２）金融商品取引法第１７６条第２項の規定により、上記（１）で計算した額の１万円未満の端数を切捨て。 ４．課徴金納付命令対象者（４）について （１）金融商品取引法第１７５条第１項第２号の規定により、当該有価証券の買付けについて業務等に関する重要事実の公表がされた後２週間における最も高い価格に当該有価証券の買付けの数量を乗じて得た額から当該有価証券の買付けをした価格にその数量を乗じて得た額を控除した額。 （804円×2,000株）－（503円×2,000株） ＝602,000円 （２）金融商品取引法第１７６条第２項の規定により、上記（１）で計算した額の１万円未満の端数を切捨て。"
2017-03-31,,,公開買付者との契約締結交渉者からの情報受領者３名によるアイセイ薬局株式に係る内部者取引に対する課徴金納付命令の勧告について,http://www.fsa.go.jp/sesc/news/c_2017/2017/20170331_2.html,"English version 平成29年3月31日 証券取引等監視委員会 公開買付者との契約締結交渉者からの情報受領者３名によるアイセイ薬局株式に係る内部者取引に対する課徴金納付命令の勧告について １．勧告の内容 証券取引等監視委員会は、公開買付者との契約締結交渉者からの情報受領者３名によるアイセイ薬局株式に係る内部者取引について検査した結果、下記のとおり法令違反の事実が認められたので、本日、内閣総理大臣及び金融庁長官に対して、金融庁設置法第２０条第１項の規定に基づき、課徴金納付命令を発出するよう勧告を行った。 ２．法令違反の事実関係 （１）課徴金納付命令対象者（１）について 課徴金納付命令対象者（１）は、株式会社アイセイホールディングス（以下「アイセイＨＤ」という。平成２８年１０月１日株式会社アイセイ薬局を吸収合併。同日株式会社アイセイ薬局に商号変更。）と、公開買付けに関する契約の締結交渉をしていた者である甲から、同人がその契約の締結交渉に関し知った、アイセイＨＤの業務執行を決定する機関が、株式会社アイセイ薬局（以下「アイセイ」という。平成２８年５月２日上場廃止。平成２８年１０月１日株式会社アイセイ薬局に吸収合併され解散。）の株式の公開買付けを行うことについての決定をした旨の公開買付けの実施に関する事実の伝達を受けながら、上記事実の公表がされた平成２８年２月５日より前の同年１月２７日、自己の計算において、アイセイ株式合計２０００株を買付価額合計９６６万８５００円で買い付けたものである。 違反行為事実の概要については、 別図 のとおり。 課徴金納付命令対象者（１）が行った上記の行為は、金融商品取引法第１７５条第２項に規定する「第１６７条第１項又は第３項の規定に違反して、同条第１項に規定する特定株券等若しくは関連株券等に係る買付け等」をした行為に該当すると認められる。 （２）課徴金納付命令対象者(２)について 課徴金納付命令対象者（２）は、Ａ法人の職員であるが、その職務に関し、アイセイＨＤと、公開買付けに関する契約の締結交渉をしていた者である甲から、同人がその契約の締結交渉に関し知り、その後、同人からＡ法人の役員乙が職務上伝達を受けた、アイセイＨＤの業務執行を決定する機関が、アイセイの株式の公開買付けを行うことについての決定をした旨の公開買付けの実施に関する事実を知りながら、上記事実の公表がされた平成２８年２月５日午後３時３０分頃より前の同日午後２時２５分から午後２時３４分頃までの間、自己の計算において、アイセイ株式合計８００株を買付価額合計３５０万９０００円で買い付けたものである。 違反行為事実の概要については、 別図 のとおり。 課徴金納付命令対象者（２）が行った上記の行為は、金融商品取引法第１７５条第２項に規定する「第１６７条第１項又は第３項の規定に違反して、同条第１項に規定する特定株券等若しくは関連株券等に係る買付け等」をした行為に該当すると認められる。 （３）課徴金納付命令対象者(３)について 課徴金納付命令対象者（３）は、Ａ法人の職員であるが、その職務に関し、アイセイＨＤと、公開買付けに関する契約の締結交渉をしていた者である甲から、同人がその契約の締結交渉に関し知り、その後、同人からＡ法人の役員乙が職務上伝達を受けた、アイセイＨＤの業務執行を決定する機関が、アイセイの株式の公開買付けを行うことについての決定をした旨の公開買付けの実施に関する事実を知りながら、上記事実の公表がされた平成２８年２月５日午後３時３０分頃より前の同日午後２時３７分頃、自己の計算において、アイセイ株式合計１０００株を買付価額合計４４８万２０００円で買い付けたものである。 違反行為事実の概要については、 別図 のとおり。 課徴金納付命令対象者（３）が行った上記の行為は、金融商品取引法第１７５条第２項に規定する「第１６７条第１項又は第３項の規定に違反して、同条第１項に規定する特定株券等若しくは関連株券等に係る買付け等」をした行為に該当すると認められる。 ３．課徴金の額の計算 上記の違法行為に対し、金融商品取引法に基づき納付を命じられる課徴金の額は、下記のとおりである。 課徴金納付命令対象者（１） ９１万円 課徴金納付命令対象者（２） ７２万円 課徴金納付命令対象者（３） ８０万円 計算方法の詳細については、 別紙 のとおり。 ４．その他 本件については、日本取引所自主規制法人より提供された情報も参考として、実態解明を行ったものである。 （別図） ○違反行為事実の概要について （クリックすると拡大されます） （別紙） ○課徴金の額の計算方法について （１）課徴金納付命令対象者（１）について ア．金融商品取引法第１７５条第２項第２号の規定により、当該有価証券の買付けについて、公開買付け等の実施に関する事実の公表がされた後２週間における最も高い価格に当該有価証券の買付けの数量を乗じて得た額から当該有価証券の買付けをした価格にその数量を乗じて得た額を控除した額。 （5,290円×2,000株） －（4,800円×300株＋4,810円×400株＋4,845円×100株＋4,850円×1,200株） ＝ 911,500円 イ．金融商品取引法第１７６条第２項の規定により、上記ア．で計算した額の１万円未満の端数を切捨て。 （２）課徴金納付命令対象者（２）について ア．金融商品取引法第１７５条第２項第２号の規定により、当該有価証券の買付けについて、公開買付け等の実施に関する事実の公表がされた後２週間における最も高い価格に当該有価証券の買付けの数量を乗じて得た額から当該有価証券の買付けをした価格にその数量を乗じて得た額を控除した額。 （5,290円×800株） －（4,335円×200株＋4,340円×100株＋4,360円×100株＋4,400円×100株 ＋4,440円×300株） ＝ 723,000円 イ．金融商品取引法第１７６条第２項の規定により、上記ア.で計算した額の１万円未満の端数を切捨て。 （３）課徴金納付命令対象者（３）について ア．金融商品取引法第１７５条第２項第２号の規定により、当該有価証券の買付けについて、公開買付け等の実施に関する事実の公表がされた後２週間における最も高い価格に当該有価証券の買付けの数量を乗じて得た額から当該有価証券の買付けをした価格にその数量を乗じて得た額を控除した額。 （5,290円×1,000株） －（4,440円×300株＋4,500円×700株） ＝ 808,000円 イ．金融商品取引法第１７６条第２項の規定により、上記ア.で計算した額の１万円未満の端数を切捨て。"
2017-03-29,ファンドクリエーション・アール・エム株式会社,,ファンドクリエーション・アール・エム株式会社に対する検査結果に基づく勧告について,http://www.fsa.go.jp/sesc/news/c_2017/2017/20170329-1.html,English version 平成29年３月29日 証券取引等監視委員会 ファンドクリエーション・アール・エム株式会社に対する検査結果に基づく勧告について １．勧告の内容 証券取引等監視委員会がファンドクリエーション・アール・エム株式会社（東京都千代田区、法人番号6010001140193、資本金２億円、投資運用業）を検査した結果、下記のとおり、当該金融商品取引業者に係る問題が認められたので、本日、証券取引等監視委員会は、内閣総理大臣及び金融庁長官に対して、金融庁設置法第20条第１項に基づき、行政処分を行うよう勧告した。 ２．事実関係 ファンドクリエーション・アール・エム株式会社（以下「当社」という。）は、株式会社ファンドクリエーショングループを持株会社とする会社グループ（以下「ＦＣグループ」という。）に属している。 ＦＣグループは、外国投資信託であるＡ不動産証券投資信託（以下「Ａ投信」という。）を管理・運用している。Ａ投信は、社債購入を通して実質的に不動産信託受益権等で運用が行われており（当該社債発行会社を以下、単に「社債発行会社」という。）、当社は、当該不動産信託受益権等に投資する特別目的会社等（以下「物件保有ＳＰＣ」という。）との間で投資一任契約等を締結し、その資産運用を行っている。 今回検査において、Ａ投信の運用等に関して、以下のとおり、投資者保護上問題がある業務運営が行われている状況が認められた。 ○ 利害関係者間取引において、不適切な業務運営が行われている状況 （１）物件売却に係る問題 当社は、平成27年２月から同年７月までの間に、物件保有ＳＰＣが保有する不動産α、不動産信託受益権β（以下「信託受益権β」という。）及び不動産信託受益権γ（以下「信託受益権γ」といい、不動産α、信託受益権β及び信託受益権γを総称して「本件３物件」という。）を、いずれもＦＣグループに属するＢ社に売却する旨の指図を行っている。本件３物件の売却状況等を検証したところ、以下の問題が認められた。 ア　利益相反管理態勢がずさんな状況 当社では、利益相反取引の弊害防止を目的として、社内規程において、利害関係者と取引を行う場合の行為基準のほか、「投資政策委員会」や「コンプライアンス委員会」での審議・承認に関する手続を定めている。 しかし、当社は、当該規程に従った利害関係者の範囲の管理を行っていない。また、「投資政策委員会」等においても、鑑定評価額以上での売却かどうかのみが確認され、利益相反管理の観点からの審議がなされていない。 また、当社の社内規程には、グループ会社間取引における情報遮断の措置等の定めがないため、本件３物件の売却過程において、当社及びＢ社（及びその実質的意思決定を行っているＣ社。以下同じ。）の業務が同一の担当者により行われていたほか、両社の業務に関する情報が共有されているなど、業務が渾然一体となって行われている。 イ　本件３物件の売却に係る不適切な業務運営状況 (ｱ) 信託受益権γについて、当社は、かねてから売却打診をしていた不動産販売業者Ｄ社から、平成27年1月末頃、当社が売却額の基準としていた鑑定評価額を超える金額の買付証明書の提出を受けている。 当社は、本来権利者の利益を優先し、当該好条件での売却について検討・準備を進めるべきところ、かかる検討等を行わないまま、Ｂ社が企図していた新規不動産分譲事業の実現を優先し、信託受益権γを鑑定評価額でＢ社に売却する旨を決定している。 なお、その後、Ｂ社は、Ｄ社と上記買付証明書の金額で買取り保証を行う旨の特約が付された販売委託契約の締結をしている。 (ｲ) また、当社は、不動産α及び信託受益権βの売却においても、自ら主体的に売却先を探索していない中、ＦＣグループが企図していた新規不動産ファンド事業のため、Ｂ社がこれら物件の鑑定評価額での買受意思を認めたと同時に売却先の探索を取りやめている。 ウ　上記ア及びイの状況は、ずさんな利益相反管理態勢の中、Ａ投信の権利者の利益よりもＦＣグループの新規事業を優先させる業務運営が行われていたものであると認められ、投資者保護上重大な問題がある。 （２）連帯保証債務関連損失に係る問題 物件保有ＳＰＣのうちの２者（以下「本件２ＳＰＣ」という。）は、実質的にＡ投信の運用財産から出資を受け、Ｅ社からの借入金と併せて不動産信託受益権を取得しているが、当該Ｅ社からの借入れに当たり、Ｃ社（当時は当社の完全親会社）が連帯保証を引き受けていた。このような中、平成20年９月のリーマン・ショック後、本件２ＳＰＣの保有する不動産信託受益権の価格が下落し、運用する不動産信託受益権の売却により当該借入金全額の返済ができないことが判明し、Ｃ社の連帯保証債務の履行が現実化した。 かかる状況において、当社は、本件２ＳＰＣの借入金残債務について、Ｃ社の実質的負担部分はないとの関係者間の合意があるとするＣ社の説明を受け、他の２つのＳＰＣが債務引受人又は連帯保証人となる契約を締結することを了承している。その結果、債務を引き受けたＳＰＣは、保有する不動産信託受益権を売却し、上記引受債務を履行したことから、Ｅ社からの借入金の残債務分につき損失を被ることとなり、結果として、Ａ投信の投資者も上記残債務と同額の損失を被る事態となっている。 当社は、上記債務引受契約の了承に際し、利益相反管理上の重大な問題を含むものであるにもかかわらず、慎重な検討等を行わないまま漫然と当該債務引受契約を了承している。 当社のこのような業務運営状況は、利益相反管理上問題があるものであり、投資者保護上重大な問題がある。 （３）上記（１）及び（２）の業務運営状況は、金融商品取引法第51条に規定する「金融商品取引業者の業務の運営に関し、公益又は投資者保護のため必要かつ適当であると認めるとき」に該当するものと認められる。 参考資料（PDF：268KB） （参考条文） ○　金融商品取引法（昭和23年法律第25号）（抄） （金融商品取引業者に対する業務改善命令） 第五十一条  内閣総理大臣は、金融商品取引業者の「業務の運営又は財産の状況に関し、公益又は投資者保護のため必要かつ適当であると認めるとき」は、その必要の限度において、当該金融商品取引業者に対し、業務の方法の変更その他業務の運営又は財産の状況の改善に必要な措置をとるべきことを命ずることができる。
2017-03-27,アーツ証券株式会社,,アーツ証券株式会社ほかによる診療報酬債権等流動化債券（レセプト債）に係る偽計事件の告発について（２）,http://www.fsa.go.jp/sesc/news/c_2017/2017/20170327-1.html,English version 平成２９年３月２７日 証券取引等監視委員会 アーツ証券株式会社ほかによる診療報酬債権等流動化債券（レセプト債）に係る偽計事件の告発について（２） 証券取引等監視委員会は、本日、金融商品取引法違反（偽計）の嫌疑で、嫌疑法人２社及び嫌疑者３名を千葉地方検察庁に告発した。告発の対象となった犯則事実は下記のとおり。 １．告発の対象となった犯則事実 犯則嫌疑者Ｂは、診療報酬債権等流動化債券（レセプト債）の発行を業とする特定目的会社オプティ・メディックス・リミテッド（以下「ＯＰＭ」という。）、株式会社メディカル・リレーションズ・リミテッド（以下「ＭＲＬ」という。）及びメディカル・トレンド・リミテッド（以下「ＭＴＬ」という。）を実質的に運営・管理していた犯則嫌疑法人株式会社オプティファクター（法人番号7011001035267、以下「犯則嫌疑法人ＯＰＴ」という。）の代表取締役として同社の業務全般を統括していたもの、犯則嫌疑者Ａは、同債券の販売及び他の証券会社が同債券の販売を行うにあたっての助言・指導等の業務を行っていた犯則嫌疑法人アーツ証券株式会社（法人番号3010001084162）代表取締役として同社の業務全般を統括していたもの、犯則嫌疑者Ｃは、同社の取締役として犯則嫌疑者Ａの業務を補佐していたものであるが、 犯則嫌疑者３名は、共謀の上、犯則嫌疑法人両社の業務に関し、ＯＰＭが「ＯＰＴＩ－ＭＥＤＥＸ　Ｎｏｔｅ」、ＭＲＬが「メディカル・リレーションズ発行私募社債」、ＭＴＬが「Ｍｅｄｉｃａｌ　Ｔｒｅｎｄ　Ｎｏｔｅ」と称する各診療報酬債権等流動化債券を、それぞれ販売するに当たり、 実際には、前記各債券の裏付資産である診療報酬債権等の買取残高が前記各債券の発行済残高と比して過少で、かつ、投資家から得る販売代金の大半を既発行債券の元本償還及び利払いに充てざるを得ず、診療報酬債権等の買取りに充てられない状態であったのに、 第１　平成２６年１２月上旬頃から平成２７年９月上旬頃までの間、３０回にわたり、犯則嫌疑法人ＯＰＴ従業員らに、証券会社３社に対し、前記「ＯＰＴＩ－ＭＥＤＥＸ　Ｎｏｔｅ」と称する診療報酬債権等流動化債券の裏付資産である診療報酬債権等買取残高を実際よりも過大に計上した内容虚偽の運用実績報告書を交付させるなどしてその旨虚偽の説明をさせた上、平成２６年１２月１６日から平成２７年１０月頃までの間、４０回にわたり、情を知らない証券会社４社の従業員らに、その顧客２７９名に対し、同債券が公的機関を債務者とする診療報酬債権等を裏付資産とする安全性の高い金融商品である旨内容とする「診療報酬債権等流動化債券の提案書兼契約締結前交付書面兼転売制限等告知書」を交付させるなどして同債券（販売金額合計２６億４８００万円）の購入を勧誘させ、 第２　平成２６年１２月上旬頃から平成２７年９月上旬頃までの間、２７回にわたり、犯則嫌疑法人ＯＰＴ従業員らに、証券会社３社に対し、前記「メディカル・リレーションズ発行私募社債」と称する診療報酬債権等流動化債券の裏付資産である診療報酬債権等買取残高を実際よりも過大に計上した内容虚偽の運用実績報告書を交付させるなどしてその旨虚偽の説明をさせた上、平成２７年１月５日から同年１０月２７日までの間、２７回にわたり、情を知らない証券会社３社の従業員らに、その顧客９０名に対し、同債券が公的機関を債務者とする診療報酬債権等を裏付資産とする安全性の高い金融商品である旨内容とする「診療報酬債権等流動化債券の提案書兼契約締結前交付書面兼転売制限等告知書」を交付させるなどして同債券（販売金額合計９億４８００万円）の購入を勧誘させ、 第３　平成２６年１２月上旬頃から平成２７年９月上旬頃までの間、３０回にわたり、犯則嫌疑法人ＯＰＴ従業員らに、証券会社３社に対し、前記「Ｍｅｄｉｃａｌ　Ｔｒｅｎｄ　Ｎｏｔｅ」と称する診療報酬債権等流動化債券の裏付資産である診療報酬債権等買取残高を実際よりも過大に計上した内容虚偽の運用実績報告書を交付させるなどしてその旨虚偽の説明をさせた上、平成２６年１２月８日から平成２７年１０月頃までの間、４０回にわたり、情を知らない証券会社４社の従業員らに、その顧客１４８名に対し、同債券が公的機関を債務者とする診療報酬債権等を裏付資産とする安全性の高い金融商品である旨内容とする「診療報酬債権等流動化債券の提案書兼契約締結前交付書面兼転売制限等告知書」を交付させるなどして同債券（販売金額合計１０億９４００万円）の購入を勧誘させ、 もって有価証券の取引のため、偽計を用いたものである。 ２．関連条文 金融商品取引法第１９７条第１項第５号、第１５８条、第２０７条第１項第１号、刑法第６０条 法定刑：自然人につき、１０年以下の懲役若しくは１０００万円以下の罰金又は併科、法人につき、７億円以下の罰金 ３．その他 本件については、シンガポール通貨監督庁（Monetary Authority of Singapore）及び米国証券取引委員会（U.S. Securities and Exchange Commission）より支援がなされている。
2017-03-24,株式会社,1301,株式会社Ｔ＆Ｃメディカルサイエンスによる新株予約権証券の無届募集に対する課徴金納付命令勧告について,http://www.fsa.go.jp/sesc/news/c_2017/2017/20170324-2.html,"English version 平成29年3月24日 証券取引等監視委員会 株式会社T&Cメディカルサイエンスによる新株予約権証券の無届募集に対する課徴金納付命令勧告について 1．勧告の内容 証券取引等監視委員会は、株式会社T&Cメディカルサイエンス(法人番号7010401045289）に係る新株予約権証券の募集について検査した結果、以下のとおり法令違反の事実が認められたことから、本日、内閣総理大臣及び金融庁長官に対して、金融庁設置法第20条第1項の規定に基づき、課徴金納付命令を発出するよう勧告を行った。 2．法令違反の事実関係 株式会社T&Cメディカルサイエンス（以下「当社」という。）は、法定の除外事由がないのに、内閣総理大臣への届出を行わずに、以下のとおり新株予約権証券の募集を行い、新株予約権証券を取得させたものである。 （1）当社役職員（企業内容等の開示に関する内閣府令第2条第2項各号に掲げる会社の役職員を含む。以下「当社使用人等」という。）ではない者を含む4名に対して新株予約権証券の募集を行い、平成25年12月19日、これらの者に10,000個の新株予約権証券を332,000,000円（新株予約権の行使に際して払い込むべき金額を含む。）で取得させた。 （2）当社使用人等ではない者を含む9名に対して新株予約権証券の募集を行い、平成27年9月28日、これらの者に4,975個の新株予約権証券を166,165,000円（新株予約権の行使に際して払い込むべき金額を含む。）で取得させた。 これらの行為について、当社は、届出を要しない使用人を相手方とする新株予約権証券の募集としていたものの、それぞれの新株予約権証券の募集について、少なくとも1名について当社の雇用の実態が認められず、当該行為は、当社使用人等以外の者に対して新株予約権証券の募集を行ったものと認められ、当社は、届出が必要であったにもかかわらず、届出を行っていなかったものである。 3．課徴金の額の計算 上記の違法行為について金融商品取引法に基づき算定される課徴金の額は、2,241万円である。（計算方法については 別紙1 のとおり。） （別紙1）課徴金の計算方法 金融商品取引法第172条第1項第1号の規定により、取得させた有価証券の発行価額の総額（新株予約権の行使に際して払い込むべき金額を含む。）の100分の4.5に相当する額が課徴金の額となることから、課徴金額は下表のとおりとなる。 割当日 発行価額の総額 課徴金額（注） 平成25年12月19日 332,000,000円 14,940,000円 平成27年9月28日 166,165,000円 7,470,000円 合計 498,165,000円 22,410,000円 （注）発行価額の総額に100分の4.5を乗じた金額。 また、金融商品取引法第176条第2項の規定により1万円未満の端数を切捨て。"
2017-03-24,株式会社みんな,,株式会社みんなのクレジットに対する検査結果に基づく勧告について,http://www.fsa.go.jp/sesc/news/c_2017/2017/20170324-1.html,English version 平成29年３月24日 証券取引等監視委員会 株式会社みんなのクレジットに対する検査結果に基づく勧告について １．勧告の内容 証券取引等監視委員会が株式会社みんなのクレジット（東京都渋谷区、法人番号1010001168066、資本金２億円、常勤役職員12名、第二種金融商品取引業）を検査した結果、下記のとおり、当該金融商品取引業者に係る問題が認められたので、本日、証券取引等監視委員会は、内閣総理大臣及び金融庁長官に対して、金融庁設置法第20条第１項の規定に基づき、行政処分を行うよう勧告した。 ２．事実関係 株式会社みんなのクレジット（以下「当社」という。）は、当社ウェブサイトを通じて、匿名組合(以下「ファンド」という。）の出資持分の取得勧誘を行い、その出資金により貸付事業を行っている。なお、平成28年11月末現在、償還期限が到来していないファンドは、56本、出資金約17億6000万円である。 今回検査において、当社の業務運営の状況を検証したところ、以下の問題が認められた。 （１）金融商品取引契約の締結又は勧誘において重要な事項につき誤解を生ぜしめるべき表示をする行為 ア　貸付先について誤解を生ぜしめるべき表示をする行為 当社は、平成28年４月から、法人向けローンを出資対象事業とする「不動産ローンファンド」や「中小企業支援ローンファンド」等と称するファンドの出資持分の取得勧誘を行っている。 当社の貸付先は、そのほとんどが当社の親会社である株式会社甲（以下「甲」という。）及びその関係会社（当社、甲及びその関係会社を合わせて以下「甲グループ」という。）となっており、貸付先が甲グループに集中している状況となっている。 当社は、貸付先の審査の段階から、甲グループへの貸付けを予定していたにもかかわらず、ウェブサイトにおいて、ファンドが複数の不動産事業会社等に対し貸付けを予定しているかのような表示をし、貸倒れリスクが分散されているかのような誤解を与える表示を行った上で、顧客に対し、出資持分の取得勧誘を行っていた。 また、甲は、ファンドから借り入れた資金の返済について、不動産事業等による収益から返済する旨をウェブサイトに記載しているが、実際には、下記（２）アのとおり、他の償還期限が到来していないファンドの資金を充当しているものも認められた。 イ　担保について誤解を生ぜしめるべき表示をする行為 当社は、取得勧誘を行ったファンドについて、契約締結前交付書面において、原則として貸付先から不動産若しくは有価証券の担保を受け入れ、返済が滞った場合には、担保権の実行により貸付金の回収を図る旨を表示している。 しかし、実際は、上記アのとおり、貸付先のほとんどが甲グループであり、設定された担保の大半が甲の発行する未公開株式となっており、中には担保が設定されていない貸付けも存在する状況となっている。 このように、当社は、甲グループの信用リスクが顕在化した場合には価値が大きく毀損する甲の発行する有価証券を担保としているほか、貸付けの中には担保設定していないものが存在しているにもかかわらず、ファンドの貸付債権が保全されているかのような誤解を与える表示を行った上で、顧客に対し、ファンドの出資持分の取得勧誘を行っている。 当社の上記の行為は、金融商品取引法第38条第８号に基づく金融商品取引業等に関する内閣府令第117条第１項第２号に掲げる「金融商品取引契約の締結又はその勧誘に関して、（略）重要な事項につき誤解を生ぜしめるべき表示をする行為」に該当するものと認められる。 （２）当社の業務運営について投資者保護上問題が認められる状況 当社は、ファンド出資金が下記アからオの状況にあることを認識しながら募集を継続している。 ア　ファンドの償還資金に他のファンド出資金が充当されている状況 当社が取得勧誘を行ったファンドのうち、既に償還された17本のファンドの償還金の原資を検証したところ、10本について、他の償還期限が到来していないファンドの資金が償還金に充当されている状況が認められた。 イ　当社のキャンペーンにファンド出資金が充当されている状況 当社は、ファンドの募集を開始して以降、キャッシュバックキャンペーンと称して、顧客に現金を還元しているが、当該現金還元の原資を検証したところ、甲へ貸し付けたファンド出資金が当社に還流して充当されている状況が認められた。 ウ　A代表がファンド出資金を自身の借入れ返済等に使用している状況 A代表は、当社が甲に貸し付けたファンド出資金について、甲の社員に指示を出し、自身の預金口座及び自身の債権者に送金させている状況が認められた。 エ　甲グループの増資にファンド出資金が充当されている状況 甲グループの一部の会社は、甲グループの他の一部の会社を引受人とする増資を行っている。当該増資については、ファンド出資金が甲グループ内で貸付け、借入れが繰り返された後に充当されている状況が認められた。 オ　ファンドからの借入れを返済することが困難な財務の状況 当社は、ファンド出資金の最大の貸付先である甲が、平成28年５月末から同年11月末の間、毎月多額の損失を出し続け、累積赤字を増加させており、同年８月末から同年10月末においては債務超過の状態にあったことを認識していた。甲は、同年11月末、上記エの増資により債務超過状態を解消しているが、一方で、同年５月以降、ファンドから毎月多額の資金を借り入れていたことから、同年11月末時点における短期借入金が流動資産を大きく上回る状況となっている。 また、平成28年11月末時点における甲グループ全体の財務状況についても、短期借入金の総額が流動資産を大きく上回っている状況となっていることから、ファンドからの甲グループへの貸付けは返済が滞る可能性が高い状況と認められる。 上記の状況は、金融商品取引法第51条に規定する「業務の運営に関し、公益又は投資者保護のため必要かつ適当であると認めるとき」に該当するものと認められる。 参考資料（PDF：237.7KB） （参考条文） ○　金融商品取引法（昭和23年法律第25号）（抄） （禁止行為） 第三十八条 金融商品取引業者等又はその役員若しくは使用人は、次に掲げる行為をしてはならない。（略） 一～七（略） 八 前各号に掲げるもののほか、投資者の保護に欠け、若しくは取引の公正を害し、又は金融商品取引業の信用を失墜させるものとして内閣府令で定める行為 （金融商品取引業者に対する業務改善命令） 第五十一条 内閣総理大臣は、金融商品取引業者の業務の運営又は財産の状況に関し、公益又は投資者保護のため必要かつ適当であると認めるときは、その必要の限度において、当該金融商品取引業者に対し、業務の方法の変更その他業務の運営又は財産の状況の改善に必要な措置をとるべきことを命ずることができる。 ○　金融商品取引業等に関する内閣府令 （平成19年内閣府令第52号）（抄） （禁止行為） 第百十七条 法第三十八条第八号に規定する内閣府令で定める行為は、次に掲げる行為とする。 一（略） 二 金融商品取引契約の締結又はその勧誘に関して、虚偽の表示をし、又は重要な事項につき誤解を生ぜしめるべき表示をする行為 （以下、略）
2017-03-24,株式会社デジタルデザイン,,デジタルデザイン株式に係る相場操縦に対する課徴金納付命令の勧告について,http://www.fsa.go.jp/sesc/news/c_2017/2017/20170324.html,"English version 平成29年3月24日 証券取引等監視委員会 デジタルデザイン株式に係る相場操縦に対する課徴金納付命令の勧告について １．勧告の内容 証券取引等監視委員会は、デジタルデザイン株式に係る相場操縦について検査した結果、下記のとおり法令違反の事実が認められたので、本日、内閣総理大臣及び金融庁長官に対して、金融庁設置法第２０条第１項の規定に基づき、課徴金納付命令を発出するよう勧告を行った。 ２．法令違反の事実関係 課徴金納付命令対象者は、株式会社デジタルデザインの株式につき、同株式の売買を誘引する目的をもって、平成２８年１月２１日午後２時２７分頃から同年２月２日午後２時５５分頃までの間、９取引日にわたり、直前の約定値より高指値の売り注文と買い注文を対当させて株価を引き上げたり、直前の約定値より高指値の買い注文を連続して発注して株価を引き上げるなどの方法により、同株式合計１万５４００株を買い付ける一方、同株式合計８２００株を売り付け、もって、自己の計算において、同株式の売買が繁盛であると誤解させ、かつ、同株式の相場を変動させるべき一連の売買をしたものである。 違反行為事実の概要については、 別図 のとおり。 課徴金納付命令対象者が行った上記の行為は、金融商品取引法第１７４条の２第１項に規定する「第１５９条第２項第１号の規定に違反する一連の有価証券売買等」に該当すると認められる。 ３．課徴金の額の計算 上記の違法行為に対し金融商品取引法に基づき納付を命じられる課徴金の額は、１２２８万円である。 計算方法の詳細については、 別紙１ 及び 別紙２ のとおり。 （別図） ○違反行為事実の概要について （クリックすると拡大されます） （クリックすると拡大されます） （別紙1） ○課徴金の額の計算方法について 違反行為に係る課徴金の額の計算の基礎は以下のとおりである。 １．金融商品取引法第１７４条の２第１項の規定により、当該違反行為に係る課徴金の額は、 (1) 当該違反行為に係る有価証券の売買対当数量に係るものについて、自己の計算による当該有価証券の売付け等の価額から、自己の計算による当該有価証券の買付け等の価額を控除した額 及び (2) 当該違反行為に係る自己の計算による有価証券の売付け等又は買付け等の数量が、当該違反行為に係る自己の計算による有価証券の買付け等又は売付け等の数量を超える場合、当該超える数量に係る有価証券の売付け等の価額から当該違反行為が終了してから１月を経過するまでの間の各日における当該違反行為に係る有価証券の買付け等についての金融商品取引法第１３０条に規定する最低の価格のうち最も低い価格に当該超える数量を乗じて得た額を控除した額、又は当該違反行為が終了してから１月を経過するまでの間の各日における当該違反行為に係る有価証券の売付け等についての金融商品取引法第１３０条に規定する最高の価格のうち最も高い価格に当該超える数量を乗じて得た額から当該超える数量に係る有価証券の買付け等の価額を控除した額 の合計額として算定。 ２．上記１．で算定された課徴金の額につき、金融商品取引法第１７６条第２項の規定により１万円未満の端数を切り捨てて算定。 以上につき、別紙２のとおり。 （別紙2） 本件違反行為事実につき １．当該違反行為に係る自己の計算による有価証券の売付け等の数量は、8,200株であり、当該違反行為に係る自己の計算による有価証券の買付け等の数量は、実際の買付け等の数量15,400株に、金融商品取引法第１７４条の２第８項及び金融商品取引法施行令第３３条の１３第１号の規定により、違反行為の開始時にその時における価格（805円）で買付け等を自己の計算においてしたものとみなされる当該違反行為の開始時に所有している当該有価証券の数量37,400株を加えた52,800株であることから、 (1) 当該違反行為に係る有価証券の売買対当数量（8,200株）に係るものについて、自己の計算による当該有価証券の売付け等の価額から、自己の計算による当該有価証券の買付け等の価額を控除した額 （806円×200株＋807円×400株＋825円×500株＋835円×400株 ＋840円×100株＋865円×200株＋875円×700株＋880円×100株 ＋882円×600株＋883円×100株＋884円×200株＋885円×200株 ＋890円×400株＋898円×1,000株＋899円×400株＋915円×300株 ＋936円×100株＋1,055円×200株＋1,075円×100株＋1,080円×300株 ＋1,086円×400株＋1,091円×100株＋1,100円×1,200株） －（805円×8,200株） ＝ 1,046,000円 及び (2) 当該違反行為に係る自己の計算による有価証券の買付け等の数量（52,800株）が、当該違反行為に係る自己の計算による有価証券の売付け等の数量（8,200株）を超えていることから、当該違反行為が終了してから１月を経過するまでの間の各日における当該違反行為に係る有価証券の売付け等についての金融商品取引法第１３０条に規定する最高の価格のうち最も高い価格（1,120円）に当該超える数量44,600株（52,800株－8,200株）を乗じて得た額から、当該超える数量に係る有価証券の買付け等の価額を控除した額 （1,120円×44,600株） －（790円×100株＋805円×29,400株＋809円×400株＋810円×200株 ＋812円×100株＋817円×100株＋823円×200株＋825円×100株 ＋833円×100株＋840円×100株＋869円×100株＋870円×500株 ＋872円×300株＋873円×400株＋874円×100株＋875円×800株 ＋877円×200株＋878円×100株＋880円×200株＋885円×400株 ＋888円×300株＋890円×500株＋894円×300株＋895円×100株 ＋896円×100株＋900円×600株＋915円×100株＋933円×100株 ＋951円×100株＋968円×100株＋1,050円×900株＋1,055円×400株 ＋1,057円×100株＋1,065円×100株＋1,069円×300株＋1,070円×100株 ＋1,075円×100株＋1,080円×1,700株＋1,085円×300株＋1,086円×400株 ＋1,090円×200株＋1,091円×100株＋1,092円×100株＋1,093円×100株 ＋1,094円×100株＋1,095円×400株＋1,097円×200株＋1,099円×100株 ＋1,100円×1,300株＋1,103円×200株＋1,105円×300株＋1,106円×200株 ＋1,109円×200株＋1,110円×100株＋1,115円×200株＋1,117円×100株 ＋1,120円×100株） ＝11,239,000円 の合計額12,285,000円となる。 ２．金融商品取引法第１７６条第２項の規定により、上記１.で計算した額の１万円未満の端数を切捨て、12,280,000円となる。"
2017-03-22,ＩＮコンサルティング株式会社,,ＩＮコンサルティング株式会社に対する検査結果及び勧告について,http://www.fsa.go.jp/sesc/news/c_2017/2017/20170322-2.html,English version 平成29年３月22日 証券取引等監視委員会 ＩＮコンサルティング株式会社に対する検査結果及び勧告について １．検査結果 関東財務局長がＩＮコンサルティング株式会社（東京都中央区、法人番号 7010001121341、資本金1000万円、常勤役職員３名、適格機関投資家等特例業務届出者。金融商品取引業の登録はない。以下「当社」という。）を検査した結果、下記のとおり、当該適格機関投資家等特例業務届出者に係る問題が認められた。 ２．事実関係 当社は、適格機関投資家等特例業務（以下「特例業務」という。）として、自らを業務執行組合員とする計22本の任意組合（以下「ファンド」という。）の出資金の運用を行っている（出資者：延べ969名、出資総額：約29億9000万円）。 今回検査において、当社の特例業務の運営状況を検証したところ、以下の問題が認められた。 （１）ファンドの運用財産と自己の固有財産の分別管理を行っていない状況 当社は、ファンドの運用財産の一部を代表取締役の自宅で現金保管し、当社の固有財産と分別して管理していない。 また、当社は、上記ファンドの運用財産の一部を渾然一体として管理し、ファンドごとの運用財産の額を正確に把握していない。 当社が行った上記の行為は、金融商品取引法（以下「金商法」という。）第63条第11項により当社を金融商品取引業者とみなして適用される金商法第42条の４に規定する顧客財産の分別管理義務に違反するものと認められる。 （２）ファンドの運用財産を流用している状況 当社は、ファンドの運用財産の一部を、当社の事務所家賃や従業員給与等の経費に流用した。 当社が行った上記の行為は、金商法第63条第11項により当社を金融商品取引業者とみなして適用される金商法第42条第１項に規定する忠実義務に違反するものと認められる。 （３）投資者保護上問題のある業務運営 当社は、マーベリック株式会社（以下「マーベリック社」という。）により設立され、当社が運営するファンドの出資金を、マーベリック社から譲渡を受けた未公開株式により運用している。 マーベリック社は、金商法の施行前より、自らを業務執行組合員とするファンドの運営を行っており、自社が取得した未公開株式を当該ファンドに譲渡する方法により、当該ファンドの出資金から利益を得ていた。 マーベリック社は、金商法施行後も上記のようなファンド運営の手法を継続する目的で、未公開株式を取得させるファンドを組成するために当社を設立し、当社が組成したファンドの出資持分の取得勧誘を行うなど、当社のファンド運営に関与している。(※) 今回検査において当社のファンドの運営状況を検証したところ、当社は、マーベリック社から未公開株式を取得する際、同社より提示された価格の算定根拠等を何ら確認・検討することなく、結果として、マーベリック社の取得価格の約２から３倍の価格で未公開株式を譲り受けており、ファンドの出資金から、マーベリック社が多額の利益を得ている状況が認められた。 なお、投資先の破綻等によりファンドの出資金の大部分は毀損した状況となっている。 当社の上記の行為は、投資者保護上問題があるものと認められる。 ３．勧告の内容 上記事実関係のうち、（１）ファンドの運用財産と自己の固有財産の分別管理を行っていない状況及び（２）ファンドの運用財産を流用している状況については、平成27年法律第32号による改正後の金商法の施行日（平成28年３月１日）以降の行為であることから、当該事実について、本日、証券取引等監視委員会は、内閣総理大臣及び金融庁長官に対して、金融庁設置法第20条第1項に基づき、行政処分を行うよう勧告した。 ※参考 マーベリック株式会社(平成29年３月22日公表） 参考資料（PDF：227.5KB） （参考条文） ○　金融商品取引法（昭和23年法律第25号）（抄） （権利者に対する義務） 第四十二条  金融商品取引業者等は、権利者（次の各号に掲げる業務の区分に応じ当該各号に定める者をいう。以下この款において同じ。）のため忠実に投資運用業を行わなければならない。 一・二  （略） 三  第二条第八項第十五号に掲げる行為を行う業務　同号イからハまでに掲げる権利その他同号に規定する政令で定める権利を有する者 ２  （略） （分別管理） 第四十二条の四  金融商品取引業者等は、その行う投資運用業（第二条第八項第十五号に掲げる行為を行う業務に限る。）に関して、内閣府令で定めるところにより、運用財産と自己の固有財産及び他の運用財産とを分別して管理しなければならない。 （適格機関投資家等特例業務） 第六十三条　次の各号に掲げる行為については、第二十九条及び第三十三条の二の規定は、適用しない。 一　（略） 二　第二条第二項第五号又は第六号に掲げる権利（同一の出資対象事業（同項第五号に規定する出資対象事業をいう。）に係る当該権利を有する者が適格機関投資家等（前号イからハまでのいずれにも該当しないものに限る。）のみであるものに限る。）を有する適格機関投資家等から出資され、又は拠出された金銭（これに類するものとして政令で定めるものを含む。）の運用を行う同条第八項第十五号に掲げる行為（投資者の保護に支障を生ずるおそれがあるものとして内閣府令で定めるものを除く。） ２～10　（略） 11　特例業務届出者が適格機関投資家等特例業務を行う場合においては、当該特例業務届出者を金融商品取引業者とみなして、第一節第五款、第三十六条第一項、第三十六条の三、第三十七条、第三十七条の三、第三十七条の四、第三十八条（第一号、第二号及び第八号に係る部分に限る。）、第三十九条、第四十条、第四十条の三、第四十条の三の二、第四十二条、第四十二条の二、第四十二条の四、第四十二条の七及び第四十五条並びにこれらの規定に係る第八章及び第八章の二の規定を適用する。 （以下略） ○　金融商品取引業等に関する内閣府令 （平成19年内閣府令第52号）（抄） （分別管理が確保されているもの） 第百二十五条　（略） 二  　当該金銭が、次に掲げる方法により、適切に管理されていること。 イ　他の金融商品取引業者等への預託（当該他の金融商品取引業者等が有価証券等管理業務として受けるものに限る。）又は外国の法令に準拠し、外国において有価証券等管理業務を行う者への預託 ロ　銀行、協同組織金融機関、株式会社商工組合中央金庫又は外国の法令に準拠し、外国において銀行法第十条第一項第一号 に掲げる業務を行う者への預金又は貯金（当該金銭であることがその名義により明らかなものに限る。） ハ　信託業務を営む金融機関又は外国の法令に準拠し、外国において信託業務を行う者への金銭信託で元本補てんの契約のあるもの（当該金銭であることがその名義により明らかなものに限る。） （分別管理） 第百三十二条 　金融商品取引業者等は、法第四十二条の四の規定に基づき運用財産を管理する場合において、当該運用財産が金銭であるときは、第百二十五条第二号イからハまでに掲げる方法により、当該金銭を管理しなければならない。 （以下略）
2017-03-22,マーベリック株式会社,,マーベリック株式会社に対する検査結果ついて,http://www.fsa.go.jp/sesc/news/c_2017/2017/20170322-3.html,English version 平成29年３月22日 証券取引等監視委員会 マーベリック株式会社に対する検査結果について 関東財務局長が上記特例投資運用業者を検査した結果、問題が認められた（詳細は、関東財務局ウェブサイトを参照してください。）。 「マーベリック株式会社に対する検査結果について」（関東財務局ウェブサイト）
2017-03-07,旭化成株式会社,3407,旭化成株式会社の子会社の社員による内部者取引に対する課徴金納付命令の勧告について,https://www.fsa.go.jp/sesc/news/c_2017/2017/20170307-1.html,"English version 平成２９年３月７日 証券取引等監視委員会 旭化成株式会社の子会社の社員による内部者取引に対する課徴金納付命令の勧告について １．勧告の内容 証券取引等監視委員会は、旭化成株式会社の子会社の社員による内部者取引について検査した結果、下記のとおり法令違反の事実が認められたので、本日、内閣総理大臣及び金融庁長官に対して、金融庁設置法第２０条第１項の規定に基づき、課徴金納付命令を発出するよう勧告を行った。 ２．法令違反の事実関係 課徴金納付命令対象者は、旭化成株式会社（以下「旭化成」という。）の子会社である旭化成建材株式会社（以下「旭化成建材」という。）の社員であるが、その職務に関し、旭化成建材が施工した杭工事の一部について施工報告書の施工データの転用及び加筆があったことが判明した旨の旭化成建材の運営、業務又は財産に関する重要な事実であって投資者の投資判断に著しい影響を及ぼす事実を知りながら、上記事実の公表がされた平成２７年１０月１４日より前の同月７日及び同月９日、自己の計算において、旭化成株式合計３０００株を売付価額合計２７１万５０００円で売り付けたものである。 違反行為事実の概要については、 別図 のとおり。 課徴金納付命令対象者が行った上記の行為は、金融商品取引法第１７５条第１項に規定する「第１６６条第１項又は第３項の規定に違反して、同条第１項に規定する売買等をした」行為に該当すると認められる。 ３．課徴金の額の計算 上記の違法行為に対し、金融商品取引法に基づき納付を命じられる課徴金の額は、６３万円である。 計算方法の詳細については、 別紙 のとおり。 ４．その他 本件については、日本取引所自主規制法人より提供された情報も参考として、実態解明を行ったものである。 （別図） ○　違反行為事実の概要について （クリックすると拡大されます） （別紙） ○　課徴金の額の計算方法について （１）金融商品取引法第１７５条第１項第１号の規定により、当該有価証券の売付けについて当該有価証券の売付けをした価格にその数量を乗じて得た額から業務等に関する重要事実の公表がされた後２週間における最も低い価格に当該有価証券の売付けの数量を乗じて得た額を控除した額。 （900円×1,000株＋905円×1,000株＋910円×1,000株） －（693.6円×3,000株） ＝634,200円 （２）金融商品取引法第１７６条第２項の規定により、上記（１）で計算した額の１万円未満の端数を切捨て。"
2017-03-06,アーツ証券株式会社,,アーツ証券株式会社ほかによる診療報酬債権等流動化債券（レセプト債）に係る偽計事件の告発について,https://www.fsa.go.jp/sesc/news/c_2017/2017/20170306-1.html,English version 平成２９年３月６日 証券取引等監視委員会 アーツ証券株式会社ほかによる診療報酬債権等流動化債券（レセプト債）に係る偽計事件の告発について 証券取引等監視委員会は、本日、金融商品取引法違反（偽計）の嫌疑で、嫌疑法人２社及び嫌疑者３名を千葉地方検察庁に告発した。告発の対象となった犯則事実は下記のとおり。 １．告発の対象となった犯則事実 犯則嫌疑者Ｂは、診療報酬債権等流動化債券（レセプト債）の発行を業とする特定目的会社オプティ・メディックス・リミテッド（以下「ＯＰＭ」という。）を実質的に運営・管理していた犯則嫌疑法人株式会社オプティファクター（法人番号7011001035267、以下「犯則嫌疑法人ＯＰＴ」という。）の代表取締役として同社の業務全般を統括していたもの、犯則嫌疑者Ａは、同債券の販売及び他の証券会社が同債券の販売を行うにあたっての助言・指導等の業務を行っていた犯則嫌疑法人アーツ証券株式会社（法人番号3010001084162）代表取締役として同社の業務全般を統括していたもの、犯則嫌疑者Ｃは、同社の取締役として犯則嫌疑者Ａの業務を補佐していたものであるが、 犯則嫌疑者３名は、共謀の上、犯則嫌疑法人両社の業務に関し、ＯＰＭが「ＯＰＴＩ－ＭＥＤＥＸ　Ｎｏｔｅ」と称する診療報酬債権等流動化債券を販売するに当たり、 実際には、同債券の裏付資産である診療報酬債権等の買取残高が同債券の発行済残高と比して過少で、かつ、投資家から得る販売代金の大半を既発行債券の元本償還及び利払いに充てざるを得ず、診療報酬債権等の買取りに充てられない状態であったのに、 平成２６年１２月上旬頃から平成２７年９月上旬頃までの間、１９回にわたり、犯則嫌疑法人ＯＰＴ従業員らに、証券会社３社に対し、同債券の裏付資産である診療報酬債権等買取残高を実際よりも過大に計上した内容虚偽の運用実績報告書を交付させるなどしてその旨虚偽の説明をさせた上、 同年１月１４日から同年１０月頃までの間、２８回にわたり、情を知らない証券会社４社の従業員らに、その顧客１３名に対し、同債券が公的機関を債務者とする診療報酬債権等を裏付資産とする安全性の高い金融商品である旨内容とする「診療報酬債権等流動化債券の提案書兼契約締結前交付書面兼転売制限等告知書」を交付させるなどして同債券（販売金額合計１０億１６００万円）の購入を勧誘させ、 もって有価証券の取引のため、偽計を用いたものである。 ２．関連条文 金融商品取引法第１９７条第１項第５号、第１５８条、第２０７条第１項第１号、刑法第６０条 法定刑：自然人につき、１０年以下の懲役若しくは１０００万円以下の罰金又は併科、法人につき、７億円以下の罰金 ３．その他 本件については、シンガポール通貨監督庁（Monetary Authority of Singapore）及び米国証券取引委員会（U.S. Securities and Exchange Commission）より支援がなされている。
2017-03-17,江崎グリコ株式会社,2206,Caspian Trading Ltd.（旧Celera Global Ltd.）による江崎グリコ株式会社株式外３銘柄に係る相場操縦に対する課徴金納付命令の勧告について,http://www.fsa.go.jp/sesc/news/c_2017/2017/20170317-2.html,"English version 平成２９年３月１７日 証券取引等監視委員会 Caspian Trading Ltd.（旧Celera Global Ltd.）による江崎グリコ株式会社株式外３銘柄に係る相場操縦に対する課徴金納付命令の勧告について １．勧告の内容 証券取引等監視委員会は、Caspian Trading Ltd.（旧Celera Global Ltd.）（以下「セレラ」という。）による相場操縦について検査した結果、下記のとおり法令違反の事実が認められたので、本日、内閣総理大臣及び金融庁長官に対して、金融庁設置法第２０条第１項の規定に基づき、課徴金納付命令を発出するよう勧告を行った。 ２．法令違反の事実関係 セレラは、英国領ヴァージン諸島、トルトラに登記事務所を置き、自己資金により株式売買等を行って収益を得ることを業とする会社であるが、同社の株式売買業務に従事していた者らにおいて、同社の業務に関し、株式の売買を誘引する目的をもって、株式会社東京証券取引所等において、 別表１ 記載のとおり、いずれも東京証券取引所市場第一部に上場されている (1) 江崎グリコ株式会社（以下「江崎グリコ」という。）の株式につき、平成２６年１２月８日午後零時３２分頃から午後２時２８分頃までの間、最良売り気配値から上値の複数の価格帯に多数の売り付ける意思のない売り注文を発注したり、最良買い気配値から下値の複数の価格帯に多数の買い付ける意思のない買い注文を発注するなどの方法により、同株式合計２３万４９００株を売り付ける一方、同株式合計２３万４９００株を買い付けるとともに、同株式合計２０８万８９００株の売付けの委託及び合計１６７万５１００株の買付けの委託を行い、 (2) 株式会社カナモト（以下「カナモト」という。）の株式につき、平成２６年１２月８日午後零時３１分頃から午後１時４０分頃までの間、前記同様の方法により、同株式合計１５万８４００株を売り付ける一方、同株式合計１５万８４００株を買い付けるとともに、同株式合計６５万７６００株の売付けの委託及び合計６３万１５００株の買付けの委託を行い、 (3) 株式会社デンソー（以下「デンソー」という。）の株式につき、平成２６年１２月９日午前９時５６分頃から午後２時１２分頃までの間、前記同様の方法により、同株式合計６１万５６００株を売り付ける一方、同株式合計６１万６３００株を買い付けるとともに、同株式合計１５８万３３００株の売付けの委託及び合計１９０万４０００株の買付けの委託を行い、 (4) 大東建託株式会社（以下「大東建託」という。）の株式につき、平成２６年１２月１１日午前９時４６分頃から午後２時４７分頃までの間、前記同様の方法により、同株式合計２３万３５００株を売り付ける一方、同株式合計２３万３９００株を買い付けるとともに、同株式合計２３３万６４００株の売付けの委託及び合計２０９万８００株の買付けの委託を行い、 もって、自己の計算において、上記各株式の売買が繁盛であると誤解させ、かつ、同市場における上記各株式の相場を変動させるべき一連の売買及び委託をしたものである。 セレラが行った上記の行為は、金融商品取引法第１７４条の２第１項に規定する「第１５９条第２項第１号の規定に違反する一連の有価証券売買等」及び「委託等」に該当すると認められる。 違反行為事実の概要については、 別紙１ のとおり。 ３．課徴金の額の計算 上記の違法行為について金融商品取引法に基づき算定される課徴金の額は、１３３２万円である。 計算方法の詳細については、 別紙２ のとおり。 ４．その他 本件については、日本取引所自主規制法人より提供された情報も参考として、実態解明を行ったものである。 （別紙１） ○違反行為事実の概要について （クリックすると拡大されます） （別紙２） ○課徴金の額の計算方法について １．金融商品取引法第１７４条の２第１項に基づき、課徴金の額は、 (1) 売買対当数量 （注１） に係るものについて、 （自己の計算による当該有価証券の売付け等価額）－（自己の計算による当該有価証券の買付け等価額） と、 (2) 当該違反行為に係る自己の計算による有価証券の売付け等数量が、当該違反行為に係る自己の計算による有価証券の買付け等数量を超える場合の、当該超える数量に係るものについて、 （有価証券の売付け等価額）－（当該違反行為が終了してから１月を経過するまでの間の金融商品取引法第６７条の１９又は第１３０条に規定する有価証券の最低価格×当該超える数量） または、 当該違反行為に係る自己の計算による有価証券の買付け等数量が、当該違反行為に係る自己の計算による有価証券の売付け等数量を超える場合の、当該超える数量に係るものについて、 （当該違反行為が終了してから１月を経過するまでの間の金融商品取引法第６７条の１９又は第１３０条に規定する有価証券の最高価格×当該超える数量）－（有価証券の買付け等価額） を合計し、 (3) 金融商品取引法第１７６条第２項の規定により、前記（1）及び（2）の合計額に一万円未満の端数があるときは、その端数を切り捨てる ことで算出される。 （注１）売買対当数量：当該違反行為に係る有価証券の売付数量と買付数量のうち、いずれか少ない数量をいう。 ２．課徴金納付命令対象者の各違反行為について、本件における課徴金の額は、下記(1)ないし(4)によりそれぞれ算定される額の合計　13,320,000円 （注２） （注２）課徴金の計算の詳細については下記(1)ないし(4)のほか、別表２ないし５を参照。 (1) 江崎グリコに係る課徴金の額は、下記により算定される額の3,077,810円 ⇒課徴金の額は１万円未満を切り捨てるため、 3,070,000円 ア．当該違反行為に係る売買対当数量は、 (i) 当該違反行為に係る有価証券の売付け等数量は、234,900株であり、 (ii)当該違反行為に係る有価証券の買付け等数量は、234,900株である ことから、234,900株となる。 当該売買対当数量に係るものについて、売付け等価額から買付け等価額を控除すると、 売付け等価額1,045,164,990円－買付け等価額1,042,087,180円 ＝3,077,810円 (2) カナモトに係る課徴金の額は、下記ア．及びイ．により算定される額の合計2,879,050円 ⇒課徴金の額は１万円未満を切り捨てるため、 2,870,000円 ア．当該違反行為に係る売買対当数量は、 (i) 当該違反行為に係る有価証券の売付け等数量は、実際の売付け等の数量158,400株に、当該違反行為の開始時に有価証券を有しないで又は借り入れて売付けをしている当該有価証券の数量100株を加えた158,500株であり、 (ii)当該違反行為に係る有価証券の買付け等数量は、158,400株である ことから、158,400株となる。 当該売買対当数量に係るものについて、売付け等価額から買付け等価額を控除すると、 売付け等価額595,204,710円 （注３） －買付け等価額592,400,960円 ＝2,803,750円 （注３）売付け等価額の算定においては、金融商品取引法施行令第３３の１４第５項の規定により、当該違反行為に係る有価証券の買付けのうち最も早い時期に行われたものから順次当該売買対当数量に達するまで割り当てることとなる。 本件においては、金融商品取引法第１７４条の２第７項及び同法施行令第３３条の１２第１号の規定により、違反行為の開始時点にその時における価格（3,710円）で売り付けたものとみなされるもの（みなし売付け）から割り当てられることとなる。 イ．上記ア．のとおり、当該違反行為に係る有価証券の売付け等数量が、買付け等数量を超えることから、 当該超える数量100株（158,500株－158,400株）について、 売付け等価額から、当該違反行為が終了してから１月を経過するまでの間の当該有価証券の最低価格（3,000円）に当該超える数量を乗じて得た額を控除すると、 売付け等価額375,300円－300,000円（3,000円×100株） ＝75,300円 (3) デンソーに係る課徴金の額は、下記ア．及びイ．により算定される額の合計3,213,300円 ⇒課徴金の額は１万円未満を切り捨てるため、 3,210,000円 ア．当該違反行為に係る売買対当数量は、 (i) 当該違反行為に係る有価証券の売付け等数量は、615,600株であり、 (ii)当該違反行為に係る有価証券の買付け等数量は、616,300株である ことから、615,600株となる。 当該売買対当数量に係るものについて、売付け等価額から買付け等価額を控除すると、 売付け等価額3,650,908,800円－買付け等価額3,647,695,500円 ＝3,213,300円 イ．上記ア．のとおり、当該違反行為に係る有価証券の買付け等数量が、売付け等数量を超えることから、 当該超える数量700株（616,300株－615,600株）について、 当該違反行為が終了してから１月を経過するまでの間の当該有価証券の最高価格（5,810円）に当該超える数量を乗じて得た額から、買付け等価額を控除すると、 4,067,000円（5,810円×700株）－買付け等価額4,136,300円 ＝－69,300円となることから、0円 （注４） （注４）金融商品取引法第１７４条の２第１項第２号ロの規定により、当該額が零を下回る場合には零とすることとなる。 (4) 大東建託に係る課徴金の額は、下記ア．及びイ．により算定される額の合計4,174,300円 ⇒課徴金の額は１万円未満を切り捨てるため、 4,170,000円 ア．当該違反行為に係る売買対当数量は、 (i)当該違反行為に係る有価証券の売付け等数量は、233,500株であり、 (ii)当該違反行為に係る有価証券の買付け等数量は、233,900株である ことから、233,500株となる。 当該売買対当数量に係るものについて、売付け等価額から買付け等価額を控除すると、 売付け等価額3,060,005,700円－買付け等価額3,056,163,900円 ＝3,841,800円 イ．上記ア．のとおり、当該違反行為に係る有価証券の買付け等数量が、売付け等数量を超えることから、 当該超える数量400株（233,900株－233,500株）について、 当該違反行為が終了してから１月を経過するまでの間の当該有価証券の最高価格（13,935円）に当該超える数量を乗じて得た額から、買付け等価額を控除すると、 5,574,000円（13,935円×400株）－買付け等価額5,241,500円 ＝332,500円 【参考】課徴金の額の計算に係る考え方の例 （ 別表１（PDF） ） （ 別表２（PDF） ） （ 別表３（PDF） ） （ 別表４（PDF） ） （ 別表５（PDF） ）"
2017-03-22,,,"Prospect Asset Management, Inc.によるトライステージ株式に係る内部者取引に対する課徴金納付命令の勧告について",http://www.fsa.go.jp/sesc/news/c_2017/2017/20170322-1.html,"English version 平成２９年３月２２日 証券取引等監視委員会 Prospect Asset Management, Inc.によるトライステージ株式に係る内部者取引に対する課徴金納付命令の勧告について １．勧告の内容 証券取引等監視委員会は、Prospect Asset Management, Inc.（以下「PAMI」という。）による株式会社トライステージ（以下「トライステージ」という。）株式に係る内部者取引について検査した結果、下記のとおり法令違反の事実が認められたので、本日、内閣総理大臣及び金融庁長官に対して、金融庁設置法第２０条第１項の規定に基づき、課徴金納付命令を発出するよう勧告を行った。 ２．法令違反の事実関係 PAMIは、米国ハワイ州に本店を置くハワイの会社であり、英国領ケイマン諸島籍のリミテッド・パートナーシップ形態のファンドであるShareholders’ Consensus Fund L.P.（以下「SCF」という。）に出資された資産の運用権限を実質的に有していたものである。 PAMIは、その運用担当者において、トライステージとの契約の締結交渉に関し、同社の業務執行を決定する機関が、自己の株式の取得を行うことについての決定をした旨の重要事実を知りながら、SCFに出資された資産の運用として、同重要事実の公表がされた平成２７年１０月２０日より前の平成２７年９月２５日から同年１０月１９日までの間、トライステージ株式合計３万６５００株を買付価額合計７４７６万７６００円で買い付け、もって、PAMIの親会社等の同年１０月度におけるSCFへの出資割合である６６．６７４６パーセント相当については自己の計算において、それ以外については自己以外の者であるSCFへの出資者の計算において、同株式を買い付けたものである。 違反行為事実の概要については、 別図 のとおり。 PAMIが行った上記の行為は、金融商品取引法第１７５条第１項に規定する「第１６６条第１項又は第３項の規定に違反して、同条第１項に規定する売買等をした」行為に該当すると認められる。 ３．課徴金の額の計算 上記の違法行為について金融商品取引法に基づき算定される課徴金の額は、３２９万円である。 計算方法の詳細については、 別紙 のとおり。 ４．その他 本件については、米国証券取引委員会（U.S.Securities and Exchange Commission）より支援がなされている。 （別図） ○　違反行為事実の概要について （クリックすると拡大されます） （別紙） ○　課徴金の額の計算方法について （１）自己の計算に係る課徴金の額 金融商品取引法第１７５条第１項第２号の規定により、当該有価証券の買付けについて業務等に関する重要事実の公表がされた後２週間における最も高い価格に当該有価証券の買付けの数量を乗じて得た額から当該有価証券の買付けをした価格にその数量を乗じて得た額を控除した額のうち、本件では、自己の計算に係る割合。 ｛（2,177円×36,500株）－ （1,851円×300株＋1,854円×100株＋1,855円×100株＋1,856円×100株＋1,860円×100株 ＋1,864円×100株＋1,865円×100株＋1,866円×300株＋1,870円×200株＋1,877円×100株 ＋1,878円×100株＋1,880円×600株＋1,884円×100株＋1,890円×300株＋1,893円×200株 ＋1,894円×400株＋1,895円×600株＋1,896円×100株＋1,898円×100株＋1,902円×300株 ＋1,932円×100株＋1,933円×100株＋1,935円×100株＋1,937円×100株＋1,938円×100株 ＋1,957円×100株＋1,961円×100株＋1,969円×100株＋1,978円×100株＋1,980円×100株 ＋1,982円×100株＋1,984円×100株＋1,985円×300株＋2,005円×1,500株 ＋2,020円×1,300株＋2,028円×100株＋2,029円×100株＋2,030円×100株＋2,035円×100株 ＋2,036円×600株＋2,037円×100株＋2,038円×200株＋2,039円×400株＋2,040円×400株 ＋2,047円×100株＋2,048円×1,100株＋2,049円×1,500株＋2,050円×2,000株 ＋2,051円×400株＋2,052円×300株＋2,053円×1,200株＋2,055円×100株＋2,058円×600株 ＋2,059円×300株＋2,060円×900株＋2,065円×100株＋2,068円×400株＋2,069円×300株 ＋2,070円×600株＋2,071円×200株＋2,072円×200株＋2,073円×100株＋2,074円×2,200株 ＋2,075円×1,900株＋2,077円×200株＋2,078円×100株＋2,079円×400株 ＋2,080円×1,900株＋2,082円×100株＋2,084円×100株＋2,086円×200株＋2,087円×200株 ＋2,088円×200株＋2,089円×100株＋2,090円×100株＋2,097円×1,400株 ＋2,100円×1,000株＋2,120円×400株＋2,137円×200株＋2,138円×200株＋2,139円×100株 ＋2,140円×800株＋2,143円×500株＋2,150円×500株＋2,160円×500株＋2,162円×200株 ＋2,165円×700株＋2,169円×400株＋2,170円×100株＋2,179円×100株＋2,180円×200株 ＋2,185円×100株＋2,187円×100株＋2,191円×200株）｝×66.6746％ ＝ 3,128,972.30円 （２）自己以外の者の計算に係る課徴金の額 金融商品取引法第１７５条第１項第３号イの規定により、金融商品取引法第１６６条第１項に規定する買付けをした者が、自己以外の者の計算において、運用対象財産の運用として当該買付けを行った者であるとき、運用の対価の額として金融商品取引法第六章の二の規定による課徴金に関する内閣府令第１条の２１第２項で定める、算定対象取引が行われた日の属する月（算定対象取引が２以上の月にわたって行われたものである場合には、これらの月のうち最後の月）における運用報酬の価額の総額に３を乗じて得た額のうち、本件では、自己以外の者の計算による割合。 165,678.942円×3×33.3254% ＝ 165,639.51円 （３）上記（１）ないし（２）により算定した額の合計 3,128,972.30円＋165,639.51円＝3,294,611.81円 （４）金融商品取引法第１７６条第２項の規定により、課徴金の額は、上記（３）で算定した額の１万円未満の端数を切り捨てた３２９万円となる。"
2017-02-28,日本アジア・アセット・マネジメント株式会社,,日本アジア・アセット・マネジメント株式会社に対する検査結果に基づく勧告について,https://www.fsa.go.jp/sesc/news/c_2017/2017/20170228-1.html,English version 平成29年２月28日 証券取引等監視委員会 日本アジア・アセット・マネジメント株式会社に対する検査結果に基づく勧告について １．勧告の内容 証券取引等監視委員会が日本アジア・アセット・マネジメント株式会社（東京都中央区、法人番号9010001065933、資本金１億6000万円、常勤役職員21名、投資運用業、投資助言・代理業、第二種金融商品取引業）を検査した結果、下記のとおり、当該金融商品取引業者に係る問題が認められたので、本日、証券取引等監視委員会は、内閣総理大臣及び金融庁長官に対して、金融庁設置法第20条第1項に基づき、行政処分を行うよう勧告した。 ２．事実関係 ○投資一任業務に係る投資者保護上問題のある業務運営 日本アジア・アセット・マネジメント株式会社（以下「当社」という。）が年金基金との間で締結した投資一任契約に係る投資一任業務の運営状況を検証したところ、以下の状況が認められた。 （１）年金基金との投資一任契約に基づく投資運用の状況 当社は、平成21年９月、甲年金基金との投資一任契約に基づき、当社が設定した投資信託を通じて、海外に所在するＸ社が運用する外国投資法人Ａの発行する投資証券（以下「外国投資証券Ａ」という。）に投資している。なお、外国投資法人Ａは、米国の生命保険証券を主要投資対象としている。 また、当社は、平成22年11月、乙年金基金との投資一任契約に基づき、外国投資証券Ａに直接投資している。 その後、平成23年11月に英国金融サービス機構（当時の金融監督当局）が生命保険証券に投資を行うファンドに関し、英国内で個人投資家向けに販売すべきではない旨の声明を公表したこともあって、甲年金基金及び乙年金基金（以下「両基金」という。）は、外国投資証券Ａの解約手続を行っていたが、外国投資証券Ａの解約が相次いだことから、同25年４月、Ｘ社は解約受付停止の措置を講じた。一方、Ｘ社は、外国投資証券Ａの保有者に対し、外国投資法人Ａの主要投資対象である米国の生命保険証券をＸ社が運用する外国投資法人Ｂに移管した上で、外国投資法人Ｂが発行する投資法人債券（以下「外国投資法人債券」という。）又は投資証券へ乗り換えることを提案した。当社は、両基金に対し、外国投資証券Ａを解約し、弁済順位の高い外国投資法人債券に乗り換えることを助言し、平成26年11月、両基金の同意を得た上で外国投資法人債券への投資を執行している。 （２）業務改善命令に対する再発防止策の実施等が不十分な状況 当社は、前回検査において、投資一任契約に係る善管注意義務違反が認められ、平成24年10月16日付けで金融庁長官から金融商品取引法（以下「金商法」という。）第51条の規定に基づく業務改善命令が発出されたことを受け、投資一任契約において運用する金融商品等のモニタリング体制を構築すること等を内容とした再発防止策を金融庁長官に提出している。 しかし、当社は、外国投資証券Ａへの投資に関し、当該再発防止策において年次で継続的に実施するとしていた、投資一任契約において運用している金融商品の運用状況及び運用委託先の運用体制に関するモニタリングを行っていない状況を継続していた。 特に、外国投資法人Ａの決算書における純資産価額（以下「NAV」という。）とＸ社が算出したNAVが相違しているにもかかわらず、当社は、当該NAVの妥当性に対する検証を行っていなかった。 また、当社は、外国投資法人債券への乗換時における外国投資法人Ｂの信用リスクや生命保険証券の移管リスト等の調査・確認を行わないまま両基金に乗換えの助言を行い、外国投資法人Ｂの決算書におけるNAVについても、外国投資法人Ａと同様の状況にあったにもかかわらず、NAVの妥当性を検証していなかった。 さらに、Ｘ社と連絡が取れない状況が長期間継続していたにもかかわらず、何ら対応を行っていなかった。 なお、外国投資法人Ｂは、2015年11月期の決算書において監査法人から不適正意見が付されるなど、不透明な運用実態となっている。 当社における上記（２）のような投資一任業務の運営状況は、金商法第51条に規定する「業務の運営に関し、公益又は投資者保護のため必要かつ適当であると認めるとき」に該当するものと認められる。 参考資料（PDF：342KB） （参考条文） ○金融商品取引法（昭和23年法律第25号）（抄） （金融商品取引業者に対する業務改善命令） 第五十一条内閣総理大臣は、金融商品取引業者の「業務の運営又は財産の状況に関し、公益又は投資者保護のため必要かつ適当であると認めるとき」は、その必要の限度において、当該金融商品取引業者に対し、業務の方法の変更その他業務の運営又は財産の状況の改善に必要な措置をとるべきことを命ずることができる。
2017-02-24,株式会社,1301,株式会社モルフォ役員及び社員９名（うち同社従業員持株会会員７名）による内部者取引に対する課徴金納付命令の勧告について,https://www.fsa.go.jp/sesc/news/c_2017/2017/20170224-1.html,"English version 平成29年２月24日 証券取引等監視委員会 株式会社モルフォ役員及び社員９名（うち同社従業員持株会会員７名）による内部者取引に対する課徴金納付命令の勧告について ※本件のうち、２．（１）の課徴金納付命令対象者（１）については、金融庁において平成３０年１２月２０日に課徴金納付命令決定を行いましたが、令和３年１２月９日に 同決定は取り消されました 。 ※本件のうち、２．（３）の課徴金納付命令対象者（３）については、金融庁において平成２９年３月３０日に課徴金納付命令決定を行いましたが、令和３年１１月１３日に 同決定は取り消されました 。 ※本件のうち、２．（４）の課徴金納付命令対象者（５）については、金融庁において平成３０年１２月２０日に課徴金納付命令決定を行いましたが、令和４年２月５日に 同決定は取り消されました 。 ※本件のうち、２．（４）の課徴金納付命令対象者（６）については、金融庁において平成３０年１２月２０日に課徴金納付命令決定を行いましたが、令和４年２月５日に 同決定は取り消されました 。 ※本件のうち、２．（４）の課徴金納付命令対象者（８）については、金融庁において平成３０年１２月２０日に課徴金納付命令決定を行いましたが、令和４年２月５日に 同決定は取り消されました 。 ※本件のうち、２．（４）の課徴金納付命令対象者（９）については、金融庁において平成３０年１２月２０日に課徴金納付命令決定を行いましたが、令和４年２月５日に 同決定は取り消されました 。 ※本件のうち、２．（４）の課徴金納付命令対象者（１０）については、金融庁において平成３０年１２月２０日に課徴金納付命令決定を行いましたが、令和４年２月５日に 同決定は取り消されました 。 １．勧告の内容 証券取引等監視委員会は、株式会社モルフォ役員及び社員９名（うち同社従業員持株会会員７名）による内部者取引について検査した結果、下記のとおり法令違反の事実が認められたので、本日、内閣総理大臣及び金融庁長官に対して、金融庁設置法第２０条第１項の規定に基づき、課徴金納付命令を発出するよう勧告を行った。 ２．法令違反の事実関係 （１）課徴金納付命令対象者（１）について 課徴金納付命令対象者（１）は、株式会社モルフォ（以下「モルフォ」という。）の役員であるが、同人がその職務に関し、同社の業務執行を決定する機関が、株式会社デンソー（以下「デンソー」という。）との業務上の提携を行うことについての決定をした旨の重要事実を知りながら、上記事実の公表がされた平成２７年１２月１１日より前の同年８月２４日及び同月２６日、自己の計算において、モルフォ株式合計４００株を買付価額合計１５９万５０００円で買い付けたものである。 違反行為事実の概要については、 別図 のとおり。 課徴金納付命令対象者（１）が行った上記の行為は、金融商品取引法第１７５条第１項に規定する「第１６６条第１項又は第３項の規定に違反して、同条第１項に規定する売買等をした」行為に該当すると認められる。 （２）課徴金納付命令対象者（２）について 課徴金納付命令対象者（２）は、モルフォの社員であるが、同人がその職務に関し、同社の業務執行を決定する機関が、デンソーとの業務上の提携を行うことについての決定をした旨の重要事実を知りながら、上記事実の公表がされた平成２７年１２月１１日より前の同年９月２９日、自己の計算において、モルフォ株式合計４００株を買付価額合計１２０万円で買い付けたものである。 違反行為事実の概要については、 別図 のとおり。 課徴金納付命令対象者（２）が行った上記の行為は、金融商品取引法第１７５条第１項に規定する「第１６６条第１項又は第３項の規定に違反して、同条第１項に規定する売買等をした」行為に該当すると認められる。 （３）課徴金納付命令対象者（３）について 課徴金納付命令対象者（３）は、モルフォの社員であったが、同人がその職務に関し、同社の業務執行を決定する機関が、デンソーとの業務上の提携を行うことについての決定をした旨の重要事実を知りながら、上記事実の公表がされた平成２７年１２月１１日より前の同年９月１７日から同年１０月３０日までの間、自己の計算において、モルフォ株式合計３２０６株を買付価額合計１１１８万６８５０円で買い付けたものである。 違反行為事実の概要については、 別図 のとおり。 課徴金納付命令対象者（３）が行った上記の行為は、金融商品取引法第１７５条第１項に規定する「第１６６条第１項又は第３項の規定に違反して、同条第１項に規定する売買等をした」行為に該当すると認められる。 （４）課徴金納付命令対象者（４）ないし（１０）について 課徴金納付命令対象者（４）ないし（１０）は、モルフォの社員又は社員であった者であるが、同人らがその職務に関し、同社の業務執行を決定する機関が、デンソーとの業務上の提携を行うことについての決定をした旨の重要事実を知りながら、下記のとおり、モルフォ従業員持株会への自らの拠出金を増額又はモルフォ従業員持株会へ入会し （注） 、上記事実の公表がされた平成２７年１２月１１日より前の同年１０月２６日及び同年１１月２６日、モルフォの他の従業員持株会会員と共同してモルフォ株式合計４００株を買い付け、自己の計算において、上記増額行為又は入会行為に係る拠出金等合計で各持分合計を得たものである。 （注）上場会社の従業員が、当該上場会社の他の従業員と共同して、当該上場会社の株券の買付けを行う場合であって、当該買付けが一定の計画に従い、個別の投資判断に基づかず、継続的に行われる場合（各従業員の一回当たりの拠出金額が１００万円に満たない場合に限る）には、内部者取引規制の適用が除外される（金融商品取引法第１６６条第６項第１２号、有価証券の取引等の規制に関する内閣府令第５９条第１項第４号）。いわゆる、証券会社方式の従業員持株会による買付けは内部者取引規制の適用除外である。 しかし、重要事実を知りながら持株会に新規入会したり、持株会への拠出金を増加したりすることは、「個別の投資判断に基づかず」との要件を欠き、適用除外の対象とならない。 ○課徴金納付命令対象者（４） 課徴金納付命令対象者（４）は、平成２７年１０月５日、モルフォ従業員持株会への自らの拠出金を増額し、同行為に係る拠出金等合計７万１７８６円で持分合計１６．０８７株を得たものである。 ○課徴金納付命令対象者（５） 課徴金納付命令対象者（５）は、平成２７年１０月８日、モルフォ従業員持株会への自らの拠出金を増額し、同行為に係る拠出金等合計９万２０３６円で持分合計２０．６２５株を得たものである。 ○課徴金納付命令対象者（６） 課徴金納付命令対象者（６）は、平成２７年１０月８日、モルフォ従業員持株会への自らの拠出金を増額し、同行為に係る拠出金等合計１４万５４２０円で持分合計３２．５８８株を得たものである。 ○課徴金納付命令対象者（７） 課徴金納付命令対象者（７）は、平成２７年１０月６日、モルフォ従業員持株会への自らの拠出金を増額し、同行為に係る拠出金等合計１８万２２３５円で持分合計４０．８３８株を得たものである。 ○課徴金納付命令対象者（８） 課徴金納付命令対象者（８）は、平成２７年１０月１日、モルフォ従業員持株会への自らの拠出金を増額し、同行為に係る拠出金等合計７万３６２９円で持分合計１６．５００株を得たものである。 ○課徴金納付命令対象者（９） 課徴金納付命令対象者（９）は、平成２７年１０月６日、モルフォ従業員持株会への自らの拠出金を増額し、同行為に係る拠出金等合計３万６８１４円で持分合計８．２５０株を得たものである。 ○課徴金納付命令対象者（１０） 課徴金納付命令対象者（１０）は、平成２７年１０月７日、モルフォ従業員持株会へ入会し、同行為に係る拠出金等合計４万４９１円で持分合計９．０７４株を得たものである。 違反行為事実の概要については、 別図 のとおり。 課徴金納付命令対象者（４）ないし（１０）が行った上記の行為は、金融商品取引法第１７５条第１項に規定する「第１６６条第１項又は第３項の規定に違反して、同条第１項に規定する売買等をした」行為に該当すると認められる。 ３．課徴金の額の計算 上記の違法行為に対し、金融商品取引法に基づき納付を命じられる課徴金の額は、下記のとおりである。 課徴金納付命令対象者（１）１３３万円 課徴金納付命令対象者（２）１７２万円 課徴金納付命令対象者（３）１２２８万円 課徴金納付命令対象者（４）４万円 課徴金納付命令対象者（５）５万円 課徴金納付命令対象者（６）９万円 課徴金納付命令対象者（７）１１万円 課徴金納付命令対象者（８）４万円 課徴金納付命令対象者（９）２万円 課徴金納付命令対象者（１０）２万円 計算方法の詳細については、 別紙 のとおり。 ４．その他 本件については、日本取引所自主規制法人より提供された情報も参考として、実態解明を行ったものである。 （別図） ○違反行為事実の概要について （クリックすると拡大されます） 株式の買付日及び持株会への申請日 （クリックすると拡大されます） モルフォ従業員持株会への拠出金の増額・入会状況 （クリックすると拡大されます） 従業員持株会による買付けへのインサイダー取引規制の適用関係 （クリックすると拡大されます） （別紙） ○課徴金の額の計算方法について １．課徴金納付命令対象者（１） （１）金融商品取引法第１７５条第１項第２号の規定により、当該有価証券の買付けについて業務等に関する重要事実の公表がされた後２週間における最も高い価格に当該有価証券の買付けの数量を乗じて得た額から当該有価証券の買付けをした価格にその数量を乗じて得た額を控除した額。 7,320円×400株 －（3,850円×100株＋3,855円×100株＋4,120円×100株＋4,125円×100株） ＝ 1,333,000円 （２）金融商品取引法第１７６条第２項の規定により、上記（１）で計算した額の１万円未満の端数を切捨て。 ２．課徴金納付命令対象者（２） （１）金融商品取引法第１７５条第１項第２号の規定により、当該有価証券の買付けについて業務等に関する重要事実の公表がされた後２週間における最も高い価格に当該有価証券の買付けの数量を乗じて得た額から当該有価証券の買付けをした価格にその数量を乗じて得た額を控除した額。 7,320円×400株 －3,000円×400株 ＝ 1,728,000円 （２）金融商品取引法第１７６条第２項の規定により、上記（１）で計算した額の１万円未満の端数を切捨て。 ３．課徴金納付命令対象者（３） （１）金融商品取引法第１７５条第１項第２号の規定により、当該有価証券の買付けについて業務等に関する重要事実の公表がされた後２週間における最も高い価格に当該有価証券の買付けの数量を乗じて得た額から当該有価証券の買付けをした価格にその数量を乗じて得た額を控除した額。 7,320円×3,206株 －（3,140円×900株＋3,150円×3株＋3,260円×900株＋3,300円×3株 ＋3,440円×600株＋4,170円×300株＋4,185円×500株） ＝ 12,281,070円 （２）金融商品取引法第１７６条第２項の規定により、上記（１）で計算した額の１万円未満の端数を切捨て。 ４．課徴金納付命令対象者（４）ないし（１０） 金融商品取引法第１７５条第１項第２号の規定により、当該有価証券の買付けについて業務等に関する重要事実の公表がされた後２週間における最も高い価格に当該有価証券の買付けの数量を乗じて得た額から当該有価証券の買付けをした価格にその数量 （注１、注２） を乗じて得た額を控除した額。 （注１）モルフォ従業員持株会の規約、運営細則等を踏まえ、各課徴金納付命令対象者における平成２７年１０月２６日の当該有価証券の買付数量は、同日の持株会の買付株数２００株に、（各課徴金納付命令対象者の拠出金増額分及び拠出金に応じてモルフォから支給される奨励金増額分）/（同日の買付けにかかる持株会会員の拠出金、奨励金及び前回繰越金の合計）を乗じて算出。なお、課徴金納付命令対象者（１０）における拠出金増額分及び奨励金増額分とは、新規入会による拠出金分及び奨励金分を指す。 （注２）注１同様に、モルフォ従業員持株会の規約、運営細則等を踏まえ、各課徴金納付命令対象者における平成２７年１１月２６日の当該有価証券の買付数量は、同日の持株会の買付株数２００株に、同年１０月２６日の買付株数２００株のうち持株会会員に配分されなかった繰越株数０．０２３株を加算した２００．０２３株に、{各課徴金納付命令対象者の拠出金増額分、奨励金増額分及び前回繰越金（各課徴金納付命令対象者の拠出金増額分及び奨励金増額分に対応する部分）}/（平成２７年１１月２６日の買付けにかかる持株会会員の拠出金、奨励金及び前回繰越金の合計）を乗じて算出。なお、課徴金納付命令対象者（１０）における拠出金増額分及び奨励金増額分とは、新規入会による拠出金分及び奨励金分を指す。 （１）課徴金納付命令対象者（４） 7,320円×16.087株 －（4,305円×8.174株 （注３） ＋4,625円×7.913株 （注４） ） ＝ 45,970円 （注３）（注２）により、200.023株×48,747円 /1,192,762円＝8.174株となる。 （注４）（注１）により、200株×42,900円 /1,084,254円＝7.913株となる。 金融商品取引法第１７６条第２項の規定により、上記で計算した額の１万円未満の端数を切捨て。 （２）課徴金納付命令対象者（５） 7,320円×20.625株 －（4,305円×10.480 （注５） ＋株4,625円×10.145株 （注６） ） ＝ 58,939円 （注５）（注２）により、200.023株×62,496円 /1,192,762円＝10.480株となる。 （注６）（注１）により、200株×55,000円 /1,084,254円＝10.145株となる。 金融商品取引法第１７６条第２項の規定により、上記で計算した額の１万円未満の端数を切捨て。 （３）課徴金納付命令対象者（６） 7,320円×32.588株 －（4,305円×16.559株 （注７） ＋4,625円×16.029株 （注８） ） ＝ 93,124円 （注７）（注２）により、200.023株×98,744円 /1,192,762円＝16.559株となる。 （注８）（注１）により、200株×86,900円 /1,084,254円＝16.029株となる。 金融商品取引法第１７６条第２項の規定により、上記で計算した額の１万円未満の端数を切捨て。 （４）課徴金納付命令対象者（７） 7,320円×40.838株 －（4,305円×20.751株 （注９） ＋4,625円×20.087株 （注１０） ） ＝ 116,699円 （注９）（注２）により、200.023株×123,742円 /1,192,762円＝20.751株となる。 （注１０）（注１）により、200株×108,900円 /1,084,254円＝20.087株となる。 金融商品取引法第１７６条第２項の規定により、上記で計算した額の１万円未満の端数を切捨て。 （５）課徴金納付命令対象者（８） 7,320円×16.500株 －（4,305円×8.384株 （注１１） ＋4,625円×8.116株 （注１２） ） ＝ 47,151円 （注１１）（注２）により、200.023株×49,997円 /1,192,762円＝8.384株となる。 （注１２）（注１）により、200株×44,000円 /1,084,254円＝8.116株となる。 金融商品取引法第１７６条第２項の規定により、上記で計算した額の１万円未満の端数を切捨て。 （６）課徴金納付命令対象者（９） 7,320円×8.250株 －（4,305円×4.192株 （注１３） ＋4,625円×4.058株 （注１４） ） ＝ 23,576円 （注１３）（注２）により、200.023株×24,998円 /1,192,762円＝4.192株となる。 （注１４）（注１）により、200株×22,000円 /1,084,254円＝4.058株となる。 金融商品取引法第１７６条第２項の規定により、上記で計算した額の１万円未満の端数を切捨て。 （７）課徴金納付命令対象者（１０） 7,320円×9.074株 －（4,305円×4.611株 （注１５） ＋4,625円×4.463株 （注１６） ） ＝ 25,930円 （注１５）（注２）により、200.023株×27,498円 /1,192,762円＝4.611株となる。 （注１６）（注１）により、200株×24,200円 /1,084,254円＝4.463株となる。 金融商品取引法第１７６条第２項の規定により、上記で計算した額の１万円未満の端数を切捨て。"
2017-02-10,Wolk Huren Japan株式会社,,Wolk Huren Japan株式会社及びシルバーステイ合同会社に対する検査結果及び勧告について,https://www.fsa.go.jp/sesc/news/c_2017/2017/20170210-2.html,English version 平成29年２月10日 証券取引等監視委員会 Wolk Huren Japan株式会社及びシルバーステイ合同会社に対する検査結果及び勧告について １．検査結果 証券取引等監視委員会がWolk Huren Japan株式会社（東京都台東区、法人番号8010501026428、資本金2000万円、常勤役職員１名、適格機関投資家等特例業務届出者。金融商品取引業の登録はない。以下「ウォルク社」という。）及びシルバーステイ合同会社（東京都台東区、法人番号6010503003690、資本金100万円、常勤役職員１名、適格機関投資家等特例業務届出者。金融商品取引業の登録はない。以下「ステイ社」といい、ウォルク社と併せて「ウォルク社ら」という。）を検査した結果、下記のとおり、問題が認められた。 ２．事実関係 ウォルク社らは、ウォルク社の元代表取締役であるA氏（以下「A元社長」という。）の指示の下で、両社一体となって業務運営を行っている。今回検査において、ウォルク社らの業務の運営状況を検証したところ、以下の問題が認められた。 （１）適格機関投資家出資の外観の仮装行為 ウォルク社は、適格機関投資家等特例業務（以下「特例業務」という。）として、ファンドオブファンズCCオプション投資事業有限責任組合（以下「FFCCLPS」という。）の運用を行っており、FFCCLPSは、他の特例業務届出者（以下「届出業者」という。）が運用している投資事業組合等（以下「ファンド」という。）に適格機関投資家として出資（以下「適格機関投資家出資」という。）を行っている。 また、ステイ社は、特例業務として、インフォビークル投資事業有限責任組合（以下「インフォビークルLPS」という。）の運用を行っており、インフォビークルLPSは、他の届出業者が運用しているファンドに適格機関投資家出資を行っている。 ウォルク社らは、平成22年頃から平成28年２月頃までの間、これまで少なくとも117本のファンドに適格機関投資家出資を行っているとしているが、このうち少なくとも78本のファンドについては、当該出資に先立ち、ウォルク社が届出業者等からコンサルティング報酬名目で出資額に相当する金銭を受領し、これを原資としてFFCCLPS又はインフォビークルLPSが出資を行うなど、適格機関投資家出資がなされているかのような外観を仮装したものに過ぎないことが認められた。 上記のようなウォルク社らの行為は、届出業者の特例業務について、適格機関投資家出資を要件とする金融商品取引法（以下「金商法」という。）の趣旨をないがしろにするものであり、届出業者に特例業務の要件を充足しないまま違法にファンドの出資持分の取得勧誘や出資金の運用を行わせることとなり得るものと認められる。 そして、インフォビークルLPSが出資をするファンドを運用する届出業者の中には、投資者保護上問題のある業務運営がなされ、投資者被害をもたらす事態等を招いたなどの問題が認められている（※）。 （２）他の届出業者の投資者保護上問題のある業務運営を助長する行為 ウォルク社は、平成23年頃から平成26年頃までの間、インフォビークルLPSが出資をするファンドを運用する複数の届出業者により構成される「合同会社FCスキーム」と称する投資グループ（以下「合同会社FCスキーム」という。）に対し、ファンドの運営等に関するコンサルティング業務を行っており、A元社長を中心として、各届出業者からファンドの運営等に関する様々な相談を受け、その回答や助言を行い、各届出業者は、それに従ってファンドの運営等を行っている。 しかし、上記の回答や助言が違法又は不当な行為等を惹起する内容であったことから、合同会社FCスキームに所属する届出業者が運営するファンドの中には、（ｱ）出資者に支払うべき配当金の中から組合契約等に規定のない報酬を、A元社長を含む一部の関係者等に支払うことで合意し、当該金額相当を控除している状況や、（ｲ）他の届出業者が組成したファンドの出資持分の取得勧誘を行っている状況（無登録で第二種金融商品取引業を行っている状況）が認められている（※）。 ウォルク社による上記（１）及び（２）の行為は、他の届出業者の違法又は不当な行為等を助長するものであり、投資者保護上問題がある。 （３）無登録で投資助言・代理業を行っている状況 ウォルク社らは、平成27年７月頃から、B氏が開発した外国為替証拠金取引（以下「FX取引」という。）を自動で行うソフトウェア（以下「自動売買ソフト」という。）の販売を行っている（顧客123名、総額約93百万円）。 自動売買ソフトは、B氏等の取引口座で行われるFX取引を継続的に参照し、同様の注文を発注する仕組みとなっており、自動売買ソフトを利用した顧客に対し、継続的にFX取引に係る金融商品の価値等の分析に基づく投資判断を提供するものである。 また、ウォルク社らは、自動売買ソフトの販売業務を行うとともに、顧客のサーバの稼働管理等のサポート業務を継続的に行うなど、B氏と一体となって顧客に対する自動売買ソフトの提供を行っている。 ウォルク社らによる上記の行為は、金商法第28条第３項に規定する「投資助言・代理業」に該当するものであり、ウォルク社らが同法第29条に基づく登録を受けることなく、上記行為を行うことは、同条に違反するものと認められる。 よって、ウォルク社らの業務運営は、金融商品取引法第63条の５第１項に規定する「業務の運営に関し、公益又は投資者保護のため必要かつ適当であると認めるとき」に該当するものと認められる。 ３．勧告の内容 上記事実関係のうち、（３）の無登録で投資助言・代理業を行っている状況は、平成27年法律第32号による改正後の金融商品取引法の施行日（平成28年３月１日）以降も継続していることから、当該事実について、本日、証券取引等監視委員会は、内閣総理大臣及び金融庁長官に対して、金融庁設置法第20条第１項に基づき、行政処分を行うよう勧告した。 ※財務局の検査により、投資者保護上問題がある業務運営等が認められた業者 合同会社インフォシップ（平成29年２月10日公表） 合同会社ワールドステージ（平成29年２月10日公表） 参考資料（PDF：313.5KB） （参考条文） ○金融商品取引法（昭和23年法律第25号）（抄） （定義） 第二条　（略） ８　この法律において「金融商品取引業」とは、次に掲げる行為（その内容等を勘案し、投資者の保護のため支障を生ずることがないと認められるものとして政令で定めるもの及び銀行、優先出資法第二条第一項 に規定する協同組織金融機関（以下「協同組織金融機関」という。）その他政令で定める金融機関が行う第十二号、第十四号、第十五号又は第二十八条第八項各号に掲げるものを除く。）のいずれかを業として行うことをいう。 一～十　（略） 十一　当事者の一方が相手方に対して次に掲げるものに関し、口頭、文書（新聞、雑誌、書籍その他不特定多数の者に販売することを目的として発行されるもので、不特定多数の者により随時に購入可能なものを除く。）その他の方法により助言を行うことを約し、相手方がそれに対し報酬を支払うことを約する契約（以下「投資顧問契約」という。）を締結し、当該投資顧問契約に基づき、助言を行うこと。 イ　有価証券の価値等（有価証券の価値、有価証券関連オプション（金融商品市場において金融商品市場を開設する者の定める基準及び方法に従い行う第二十八条第八項第三号ハに掲げる取引に係る権利、外国金融商品市場において行う取引であつて同号ハに掲げる取引と類似の取引に係る権利又は金融商品市場及び外国金融商品市場によらないで行う同項第四号ハ若しくはニに掲げる取引に係る権利をいう。）の対価の額又は有価証券指標（有価証券の価格若しくは利率その他これに準ずるものとして内閣府令で定めるもの又はこれらに基づいて算出した数値をいう。）の動向をいう。） ロ　金融商品の価値等（金融商品（第二十四項第三号の二に掲げるものにあつては、金融商品取引所に上場されているものに限る。）の価値、オプションの対価の額又は金融指標（同号に掲げる金融商品に係るものにあつては、金融商品取引所に上場されているものに限る。）の動向をいう。以下同じ。）の分析に基づく投資判断（投資の対象となる有価証券の種類、銘柄、数及び価格並びに売買の別、方法及び時期についての判断又は行うべきデリバティブ取引の内容及び時期についての判断をいう。以下同じ。） （以下、略） 第二十八条　（略） ３　この章において「投資助言・代理業」とは、金融商品取引業のうち、次に掲げる行為のいずれかを業として行うことをいう。 一　第二条第八項第十一号に掲げる行為 二　第二条第八項第十三号に掲げる行為 （以下、略） （登録） 第二十九条　金融商品取引業は、内閣総理大臣の登録を受けた者でなければ、行うことができない。 （適格機関投資家等特例業務） 第六十三条　次の各号に掲げる行為については、第二十九条及び第三十三条の二の規定は、適用しない。 一　適格機関投資家等（適格機関投資家以外の者で政令で定めるもの（その数が政令で定める数以下の場合に限る。）及び適格機関投資家をいう。以下この条において同じ。）で次のいずれにも該当しない者を相手方として行う第二条第二項第五号又は第六号に掲げる権利に係る私募（適格機関投資家等（次のいずれにも該当しないものに限る。）以外の者が当該権利を取得するおそれが少ないものとして政令で定めるものに限り、投資者の保護に支障を生ずるおそれがあるものとして内閣府令で定めるものを除く。） イ～ハ　（略） 二　第二条第二項第五号又は第六号に掲げる権利（同一の出資対象事業（同項第五号に規定する出資対象事業をいう。）に係る当該権利を有する者が適格機関投資家等（前号イからハまでのいずれにも該当しないものに限る。）のみであるものに限る。）を有する適格機関投資家等から出資され、又は拠出された金銭（これに類するものとして政令で定めるものを含む。）の運用を行う同条第八項第十五号に掲げる行為（投資者の保護に支障を生ずるおそれがあるものとして内閣府令で定めるものを除く。） （以下、略）
2017-02-10,合同会社ワールドステージ,,合同会社ワールドステージに対する検査結果及び勧告について,https://www.fsa.go.jp/sesc/news/c_2017/2017/20170210-4.html,English version 平成29年２月10日 証券取引等監視委員会 合同会社ワールドステージに対する検査結果及び勧告について １．検査結果 関東財務局長が合同会社ワールドステージ（東京都豊島区、法人番号 8010003016927、資本金10万円、常勤役職員１名、適格機関投資家等特例業務届出者。金融商品取引業の登録はない。以下「当社」という。）を検査した結果、下記のとおり、当該適格機関投資家等特例業務届出者に係る問題が認められた。 ２．事実関係 当社は、複数の適格機関投資家等特例業務届出者（以下「届出業者」という。）により構成される「合同会社FCスキーム」と称する投資グループ（以下「合同会社FCスキーム」という。）に所属し、平成23年から平成26年までの間、適格機関投資家等特例業務（以下「特例業務」という。）として、自らを業務執行組合員とするSBAワールドステージ投資事業組合（以下「SBAファンド」という。）、WOI投資事業組合（以下「WOIファンド」という。）、１・２セントラルシルバーワールドステージ投資事業組合（以下「１・２セントラルファンド」という。）及びSMM投資事業組合（以下「SMMファンド」といい、SBAファンド、WOIファンド及び１・２セントラルファンドと併せて「本件４ファンド」という。）を組成し、出資持分の取得勧誘を行っている（出資者：延べ110名、出資総額：約２億円）。 合同会社FCスキームにおいては、各届出業者が、出資対象事業や契約内容等が共通する投資事業組合等をそれぞれ組成し、出資持分の取得勧誘を行っている。 今回検査において、当社の特例業務の運営状況を検証したところ、以下の問題が認められた。 （１）無登録で第二種金融商品取引業を行っている状況 当社は、本件４ファンドについて、シルバーステイ合同会社（以下「ステイ社」という。）が無限責任組合員を務めるインフォビークル投資事業有限責任組合（以下「インフォビークルLPS」という。）から、適格機関投資家として出資（以下「適格機関投資家出資」という。）を受けたとしている。 今回検査において当該出資の状況等を検証したところ、SBAファンド、１・２セントラルファンド及びWOIファンドについては、インフォビークルLPSから出資額に相当する金銭（以下「出資相当額」という。）を受領していないことが認められた。 また、SMMファンドについては、当社が、当該出資に先立ち、ステイ社と一体となって業務運営を行っているWolk Huren Japan株式会社に出資相当額を支払い、これを原資としてインフォビークルLPSによる出資が行われるなど、適格機関投資家出資がなされているかのような外観を仮装したものに過ぎないことが認められた（※）。 したがって、本件４ファンドは適格機関投資家出資を受けたとは評価できず、平成27年法律第32号による改正前の金融商品取引法（以下「金商法」という。）第63条第１項第１号に規定する特例業務の要件を満たしていない。 当社が行った上記の行為は、金商法第28条第２項に規定する「第二種金融商品取引業」に該当するものであり、当社が同法第29条に基づく登録を受けることなく当該行為を行うことは、同条に違反するものと認められる。 （２）無登録の者に対する取得勧誘の委託 当社は、SMMファンドについて、合同会社FCスキームに所属する届出業者15社（以下「本件15社」という。）が金融商品取引業の登録を受けていないことを知りながら、本件15社に対し、出資持分の取得勧誘を委託した。本件15社は、当社からの委託を受け、平成26年７月から同年８月頃にかけて取得勧誘を行い、顧客43名から総額8570万円の出資金を集めた。 本件15社が行った上記の行為は、金融商品取引法第28条第２項に規定する「第二種金融商品取引業」に該当し、同法第29条に基づく登録を受けることなく、上記行為を行うことは、同条に違反しており、当社は無登録である本件15社に取得勧誘を委託しているものと認められる。 （３）投資者保護上問題のある業務運営 当社が組成した本件４ファンドの出資金は、当社が出資金の管理・運用を委託する複数の海外法人（以下「運用委託先」という。）を経由して、各ファンドの募集目的に応じた事業に投資されるとしている。 当社は、本件４ファンドについて、運用委託先における出資金の管理・運用状況等をほとんど把握していなかった。 このような中、（ｱ）１・２セントラルファンドについて、運用委託先において出資金が出資対象事業に充てられず、目的外の事業に投資されている状況や、（ｲ）WOIファンドについて、運用委託先において、出資者に支払うべき配当金の中から組合契約に規定のない報酬が控除されている状況が認められた。 また、当社は、運用委託先からの報告を受けて上記の状況を認識した後も、これを是正するための特段の措置を講じることなく黙認したほか、当該状況について、出資者への報告を行わなかった。 当社が行った上記の行為は、投資者保護上問題がある。 また、当社は、平成27年法律第32号による改正後の金融商品取引法の施行日（平成28年３月１日）以降においても、出資金が目的外の事業に投資されている状況等について出資者への報告を一切行っていないなど、著しく不適切な業務運営を継続している。 以上のことから、当社の業務運営は、金融商品取引法第63条の５第１項に規定する「業務の運営に関し、公益又は投資者保護のため必要かつ適当であると認めるとき」に該当するものと認められる。 （４）報告徴取命令に対する虚偽報告 当社は、関東財務局長が平成28年５月30日付けで発出した報告徴取命令に対して、当社と関係会社との間の入出金記録の一部を削除した預金通帳の写しを提出した。 当社が行った上記の行為は、金商法第63条の５第２項に規定する「適格機関投資家等特例業務に関し法令又は法令に基づいてする行政官庁の処分に違反した場合」に該当するものと認められる。 ３．勧告の内容 上記事実関係のうち、（３）の投資者保護上問題のある業務運営及び（４）の報告徴取命令に対する虚偽報告については、平成27年法律第32号による改正後の金融商品取引法の施行日（平成28年３月１日）以降の行為であることから、当該事実について、本日、証券取引等監視委員会は、内閣総理大臣及び金融庁長官に対して、金融庁設置法第20条第1項に基づき、行政処分を行うよう勧告した。 （※）参考 Wolk Huren Japan株式会社及びシルバーステイ合同会社(平成29年２月10日公表） 合同会社インフォシップ（平成29年２月10日公表） 参考資料（PDF：313.5KB） （参考条文） ○金融商品取引法（昭和23年法律第25号）（抄） （登録） 第二十九条金融商品取引業は、内閣総理大臣の登録を受けた者でなければ、行うことができない。 （適格機関投資家等特例業務） 第六十三条次の各号に掲げる行為については、第二十九条及び第三十三条の二の規定は、適用しない。 一適格機関投資家等（適格機関投資家以外の者で政令で定めるもの（その数が政令で定める数以下の場合に限る。）及び適格機関投資家をいう。以下この条において同じ。）で次のいずれにも該当しない者を相手方として行う第二条第二項第五号又は第六号に掲げる権利に係る私募（適格機関投資家等（次のいずれにも該当しないものに限る。）以外の者が当該権利を取得するおそれが少ないものとして政令で定めるものに限る。） イ～ハ（略） （以下、略） （特例業務届出者に対する監督上の処分等） 第六十三条の五内閣総理大臣は、特例業務届出者の業務の運営に関し、公益又は投資者保護のため必要かつ適当であると認めるときは、その必要の限度において、当該特例業務届出者に対し、業務の運営の改善に必要な措置をとるべきことを命ずることができる。 ２内閣総理大臣は、特例業務届出者が適格機関投資家等特例業務に関し法令又は法令に基づいてする行政官庁の処分に違反した場合には、当該特例業務届出者に対し、六月以内の期間を定めて業務の全部又は一部の停止を命ずることができる。 （以下、略） （注）第六十三条の条文は、平成28年３月１日に施行された平成27年法律第32号による改正前のものである。
2017-02-10,合同会社インフォシップ,,合同会社インフォシップに対する検査結果及び勧告について,https://www.fsa.go.jp/sesc/news/c_2017/2017/20170210-3.html,English version 平成29年２月10日 証券取引等監視委員会 合同会社インフォシップに対する検査結果及び勧告について １．検査結果 関東財務局長が合同会社インフォシップ（東京都中央区、法人番号 4010003016542、資本金29万５千円、常勤役職員１名、適格機関投資家等特例業務届出者。金融商品取引業の登録はない。以下「当社」という。）を検査した結果、下記のとおり、当該適格機関投資家等特例業務届出者に係る問題が認められた。 ２．事実関係 当社は、複数の適格機関投資家等特例業務届出者（以下「届出業者」という。）により構成される「合同会社FCスキーム」と称する投資グループ（以下「合同会社FCスキーム」という。）に所属し、平成23年４月から平成24年６月までの間、適格機関投資家等特例業務（以下「特例業務」という。）として、自らを業務執行組合員とするSBAインフォシップ投資事業組合（以下「SBAファンド」という。）、１・２セントラルシルバーインフォシップ投資事業組合（以下「１・２セントラルファンド」という。）、IOD投資事業組合（以下「IODファンド」という。）及びSCインフォシップMOON投資事業組合（以下「SCファンド」といい、SBAファンド、１・２セントラルファンド及びIODファンドと併せて「本件４ファンド」という。）の出資持分の取得勧誘を行っている（出資者：延べ120名、出資総額：約3.5億円）。 合同会社FCスキームにおいては、各届出業者が、出資対象事業や契約内容等が共通する投資事業組合等（以下「ファンド」という。）をそれぞれ組成し、出資持分の取得勧誘を行っている。当社は、各届出業者が組成するファンドの出資対象事業や契約内容等を決定するなど、合同会社FCスキームにおいて中心的な役割を果たしている。 今回検査において、当社の特例業務の運営状況を検証したところ、以下の問題が認められた。 （１）無登録で第二種金融商品取引業を行っている状況 ア適格機関投資家からの出資が認められないファンドの私募 当社は、本件４ファンドについて、シルバーステイ合同会社（以下「ステイ社」という。）が無限責任組合員を務めるインフォビークル投資事業有限責任組合（以下「インフォビークルLPS」という。）から、適格機関投資家として出資（以下「適格機関投資家出資」という。）を受けたとしている。 今回検査において当該出資の状況等を検証したところ、１・２セントラルファンド、IODファンド及びSCファンドについては、インフォビークルLPSから出資額に相当する金銭（以下「出資相当額」という。）を受領していないことが認められた。 また、SBAファンドについては、当社が、当該出資に先立ち、ステイ社と一体となって業務運営を行っているWolk Huren Japan株式会社に出資相当額を支払い、これを原資としてインフォビークルLPSによる出資が行われるなど、適格機関投資家出資がなされているかのような外観を仮装したものに過ぎないことが認められた（※）。 したがって、本件４ファンドは適格機関投資家出資を受けたとは評価できず、平成27年法律第32号による改正前の金融商品取引法（以下「金商法」という。）第63条第１項第１号に規定する特例業務の要件を満たしていない。 イ他の届出業者が組成したファンドの私募の取扱い 当社は、平成25年２月から平成26年12月までの間、合同会社FCスキームに所属する他の届出業者が組成した７ファンドの出資持分の取得勧誘を行った。 上記ア及びイの当社の行為は、金商法第28条第２項に規定する「第二種金融商品取引業」に該当するものであり、当社が同法第29条に基づく登録を受けることなく当該行為を行うことは、同条に違反するものと認められる。 （２）投資者保護上問題のある業務運営 当社が組成した本件４ファンドの出資金は、当社が出資金の管理・運用を委託する複数の海外法人（以下「運用委託先」という。）を経由して、各ファンドの募集目的に応じた事業に投資されるとしている。当社の本件４ファンドに係る業務運営の状況を検証したところ、以下の問題が認められた。 ア配当金から不当に報酬を控除している状況等 当社は、IODファンドについて、運用委託先と協議し、出資者に支払うべき配当金の中から、組合契約に規定のない報酬を、当社代表を含む一部の関係者に支払うことで合意し、当該金額相当を控除した。 イ出資金が目的外の事業に投資されていることを報告していない状況等 当社は、１・２セントラルファンド及びSCファンドについて、運用委託先における出資金の管理・運用状況をほとんど把握していなかった。このような中、上記の２ファンドについて、運用委託先において出資金が出資対象事業に充てられず、目的外の事業に投資されている状況が認められた。 当社は、運用委託先からの報告を受けて上記の状況を認識した後も、これを是正するための特段の措置を講じることなく黙認したほか、当該状況について、出資者への報告を行わなかった。 ウ虚偽の説明による勧誘行為 当社は、IODファンドの出資持分の取得勧誘を行う際、上記アの状況を説明することなく、組合契約に規定された報酬等のみが配当原資から控除される旨の虚偽の説明を行った。 当社は、上記イの状況を認識した後も、１・２セントラルファンド及びSCファンドの出資持分の取得勧誘を行う際、出資金は出資対象事業に充てられる旨の虚偽の説明を行った。 当社が行った上記アからウの行為は、投資者保護上問題がある。 また、当社は、平成27年法律第32号による改正後の金融商品取引法の施行日（平成28年３月１日）以降においても、出資金が目的外の事業に投資されている状況等について出資者への報告を一切行っていないなど、著しく不適切な業務運営を継続している。 以上のことから、当社の業務運営は、金融商品取引法第63条の５第１項に規定する「業務の運営に関し、公益又は投資者保護のため必要かつ適当であると認めるとき」に該当するものと認められる。 ３．勧告の内容 上記事実関係のうち、(２)の投資者保護上問題のある業務運営については、平成27年法律第32号による改正後の金融商品取引法の施行日（平成28年３月１日）以降も継続していることから、当該事実について、本日、証券取引等監視委員会は、内閣総理大臣及び金融庁長官に対して、金融庁設置法第20条第1項に基づき、行政処分を行うよう勧告した。 ※参考 Wolk Huren Japan株式会社及びシルバーステイ合同会社(平成29年２月10日公表） 合同会社ワールドステージ（平成29年２月10日公表） 参考資料（PDF：313.5KB） （参考条文） ○金融商品取引法（昭和23年法律第25号）（抄） （登録） 第二十九条金融商品取引業は、内閣総理大臣の登録を受けた者でなければ、行うことができない。 （適格機関投資家等特例業務） 第六十三条次の各号に掲げる行為については、第二十九条及び第三十三条の二の規定は、適用しない。 一適格機関投資家等（適格機関投資家以外の者で政令で定めるもの（その数が政令で定める数以下の場合に限る。）及び適格機関投資家をいう。以下この条において同じ。）で次のいずれにも該当しない者を相手方として行う第二条第二項第五号又は第六号に掲げる権利に係る私募（適格機関投資家等（次のいずれにも該当しないものに限る。）以外の者が当該権利を取得するおそれが少ないものとして政令で定めるものに限る。） イ～ハ（略） （以下、略） （特例業務届出者に対する監督上の処分等） 第六十三条の五内閣総理大臣は、特例業務届出者の業務の運営に関し、公益又は投資者保護のため必要かつ適当であると認めるときは、その必要の限度において、当該特例業務届出者に対し、業務の運営の改善に必要な措置をとるべきことを命ずることができる。 （以下、略） （注）第六十三条の条文は、平成28年３月１日に施行された平成27年法律第32号による改正前のものである。
2017-02-10,ロングライフホールディング株式会社,,ロングライフホールディング株式会社及び株式会社サンワカンパニー社員による内部者取引に対する課徴金納付命令の勧告について,https://www.fsa.go.jp/sesc/news/c_2017/2017/20170210-1.html,"English version 平成２９年２月１０日 証券取引等監視委員会 ロングライフホールディング株式会社及び株式会社サンワカンパニー社員による内部者取引に対する課徴金納付命令の勧告について １．勧告の内容 証券取引等監視委員会は、ロングライフホールディング株式会社及び株式会社サンワカンパニー社員による内部者取引について検査した結果、下記のとおり法令違反の事実が認められたので、本日、内閣総理大臣及び金融庁長官に対して、金融庁設置法第２０条第１項の規定に基づき、課徴金納付命令を発出するよう勧告を行った。 ２．法令違反の事実関係 課徴金納付命令対象者は、 （１）ロングライフホールディング株式会社（以下「ロングライフホールディング」という。）に勤務していた者であるが、 ア．違反行為事実A 同人がその職務に関し、同社の属する企業集団の平成２３年１１月１日から平成２４年１０月３１日までの事業年度（以下「平成２４年１０月期」という。）の当期純利益について、平成２３年１２月９日に公表がされた直近の予想値（当期純利益１億４０００万円）に比較して、同社が新たに算出した予想値において、投資者の投資判断に及ぼす影響が重要なものとなる差異が生じた旨の重要事実を知りながら、同社において新たに算出した平成２４年１０月期の予想値（当期純利益２億１９００万円）の公表がされた平成２４年１２月１３日午後３時３０分頃より前の同月６日から同月１３日午後１時５６分頃までの間、自己の計算において、ロングライフホールディング株式合計３４００株を買付価額合計８３万３４００円で買い付け イ．違反行為事実B 同人がその職務に関し、同社の業務執行を決定する機関が、自己の株式の取得を行うことについての決定をした旨の重要事実を知りながら、上記事実の公表がされた平成２５年１２月３０日午後３時３０分頃より前の同月２７日から同月３０日午後０時５９分頃までの間、自己の計算において、ロングライフホールディング株式合計２０００株を買付価額合計５６万３５００円で買い付け ウ．違反行為事実C 同人がその職務に関し、同社の業務執行を決定する機関が、株式会社カナミックネットワークと業務上の提携を行うことについての決定をした旨の重要事実を知りながら、上記事実の公表がされた平成２６年３月１３日より前の同月５日及び同月７日、自己の計算において、ロングライフホールディング株式合計３４００株を買付価額合計１０５万４２００円で買い付け （２）違反行為事実D 株式会社サンワカンパニー（以下「サンワカンパニー」という。）に勤務していた者であるが、同人がその職務に関し、同社の平成２６年１０月１日から平成２７年９月３０日までの事業年度（以下「平成２７年９月期」という。）の剰余金の配当について、平成２６年１１月１４日に公表がされた直近の予想値（配当２円）に比較して、平成２７年９月期の決算において、投資者の投資判断に及ぼす影響が重要なものとなる差異が生じた旨の重要事実を知りながら、平成２７年９月期の決算において配当金を４円とする決議の公表がされた平成２７年１１月１３日より前の同年１１月１１日、自己及び親族の計算において、サンワカンパニー株式合計２６００株を買付価額合計８９万６９００円で買い付け たものである。 違反行為事実の概要については、 別図 のとおり。 課徴金納付命令対象者が行った上記の行為は、金融商品取引法第１７５条第１項に規定する「第１６６条第１項又は第３項の規定に違反して、同条第１項に規定する売買等をした」行為に該当すると認められる。 ３．課徴金の額の計算 上記の違法行為に対し、金融商品取引法に基づき納付を命じられる課徴金の額は、９６万円である。 計算方法の詳細については、 別紙 のとおり。 （別図） ○ 違反行為事実の概要について （クリックすると拡大されます） （別紙） ○ 課徴金の額の計算方法について １．違反行為事実Aに係る課徴金の額 （１）金融商品取引法第１７５条第１項第２号の規定により、当該有価証券の買付けについて業務等に関する重要事実の公表がされた後２週間における最も高い価格に当該有価証券の買付けの数量を乗じて得た額から当該有価証券の買付けをした価格にその数量を乗じて得た額を控除した額。 （269円×3,400株） －（234円×200株＋235円×200株＋238円×300株＋239円×500株 ＋243円×1,000株＋245円×500株＋251円×100株＋262円×300株 ＋265円×300株） ＝ 81,200円 （２）金融商品取引法第１７６条第２項の規定により、上記（１）で計算した額の１万円未満の端数を切捨て。 ２．違反行為事実Bに係る課徴金の額 （１）金融商品取引法第１７５条第１項第２号の規定により、当該有価証券の買付けについて業務等に関する重要事実の公表がされた後２週間における最も高い価格に当該有価証券の買付けの数量を乗じて得た額から当該有価証券の買付けをした価格にその数量を乗じて得た額を控除した額。 （342円×2,000株） －（278円×500株＋279円×500株＋285円×1,000株） ＝ 120,500円 （２）金融商品取引法第１７６条第２項の規定により、上記（１）で計算した額の１万円未満の端数を切捨て。 ３．違反行為事実Cに係る課徴金の額 （１）金融商品取引法第１７５条第１項第２号の規定により、当該有価証券の買付けについて業務等に関する重要事実の公表がされた後２週間における最も高い価格に当該有価証券の買付けの数量を乗じて得た額から当該有価証券の買付けをした価格にその数量を乗じて得た額を控除した額。 （358円×3,400株） －（308円×400株＋309円×800株＋310円×800株＋311円×1,000株 ＋312円×400株） ＝ 163,000円 （２）金融商品取引法第１７６条第２項の規定により、上記（１）で計算した額の１万円未満の端数を切捨て。 ４．違反行為事実Dに係る課徴金の額 （１）金融商品取引法第１７５条第１項第２号の規定により、当該有価証券の買付けについて業務等に関する重要事実の公表がされた後２週間における最も高い価格に当該有価証券の買付けの数量を乗じて得た額から当該有価証券の買付けをした価格にその数量を乗じて得た額を控除した額。 （578円×2,600株） －（344円×100株＋345円×2,500株） ＝ 605,900円 （２）金融商品取引法第１７６条第２項の規定により、上記（１）で計算した額の１万円未満の端数を切捨て。 ５．上記１．ないし４．により算定した額の合計 80,000円＋120,000円＋160,000円＋600,000円 ＝ 960,000円 となる。"
2017-01-31,株式会社ＩＧポート,3791,ＩＧポート株式に係る相場操縦に対する課徴金納付命令の勧告について（平成29年1月31日）,https://www.fsa.go.jp/sesc/news/c_2017/2017/20170131-1.html,"English version 平成２９年１月３１日 証券取引等監視委員会 ＩＧポート株式に係る相場操縦に対する課徴金納付命令の勧告について １．勧告の内容 証券取引等監視委員会は、ＩＧポート株式に係る相場操縦について検査した結果、下記のとおり法令違反の事実が認められたので、本日、内閣総理大臣及び金融庁長官に対して、金融庁設置法第２０条第１項の規定に基づき、課徴金納付命令を発出するよう勧告を行った。 ２．法令違反の事実関係 課徴金納付命令対象者は、株式の売買を誘引する目的をもって、株式会社ＩＧポートの株式につき、平成２７年９月１０日午前９時２分頃から同月１４日午後２時５３分頃までの間、３取引日において、直前の約定値より高指値の売り注文と買い注文を対当させて株価を引き上げたり、直前の約定値より高指値の買い注文を連続して発注して株価を引き上げるなどの方法により、同株式合計８６００株を買い付ける一方、同株式合計１万５６００株を売り付け、もって、自己の計算において、同株式の売買が繁盛であると誤解させ、かつ、同市場における同株式の相場を変動させるべき一連の売買をしたものである。 違反行為事実の概要については、 別図 のとおり。 課徴金納付命令対象者が行った上記の行為は、金融商品取引法第１７４条の２第１項に規定する「第１５９条第２項第１号の規定に違反する一連の有価証券売買等」に該当すると認められる。 ３．課徴金の額の計算 上記の違法行為に対し金融商品取引法に基づき納付を命じられる課徴金の額は、６９０万円である。 計算方法の詳細については、 別紙１ 及び 別紙２ のとおり。 （別図） ○ 違反行為事実の概要について （クリックすると拡大されます） （クリックすると拡大されます） （別紙１） ○ 課徴金の額の計算方法について 違反行為に係る課徴金の額の計算の基礎は以下のとおりである。 １．金融商品取引法第１７４条の２第１項の規定により、当該違反行為に係る課徴金の額は、 (1) 当該違反行為に係る有価証券の売買対当数量に係るものについて、自己の計算による当該有価証券の売付け等の価額から、自己の計算による当該有価証券の買付け等の価額を控除した額 及び (2) 当該違反行為に係る自己の計算による有価証券の売付け等又は買付け等の数量が、当該違反行為に係る自己の計算による有価証券の買付け等又は売付け等の数量を超える場合、当該超える数量に係る有価証券の売付け等の価額から当該違反行為が終了してから１月を経過するまでの間の各日における当該違反行為に係る有価証券の買付け等についての金融商品取引法第１３０条に規定する最低の価格のうち最も低い価格に当該超える数量を乗じて得た額を控除した額、又は当該違反行為が終了してから１月を経過するまでの間の各日における当該違反行為に係る有価証券の売付け等についての金融商品取引法第１３０条に規定する最高の価格のうち最も高い価格に当該超える数量を乗じて得た額から当該超える数量に係る有価証券の買付け等の価額を控除した額 の合計額として算定。 ２．上記１．で算定された課徴金の額につき、金融商品取引法第１７６条第２項の規定により１万円未満の端数を切り捨てて算定。 以上につき、別紙２のとおり。 （別紙２） 別表に掲げる事実につき １．当該違反行為に係る自己の計算による有価証券の売付け等の数量は、15,600株であり、当該違反行為に係る自己の計算による有価証券の買付け等の数量は、実際の買付け等の数量8,600株に、金融商品取引法第１７４条の２第８項及び金融商品取引法施行令第３３条の１３第１号の規定により、違反行為の開始時にその時における価格（800円）で買付け等を自己の計算においてしたものとみなされる当該違反行為の開始時に所有している当該有価証券の数量65,800株を加えた74,400株であることから、 (1) 当該違反行為に係る有価証券の売買対当数量（15,600株）に係るものについて、自己の計算による当該有価証券の売付け等の価額から、自己の計算による当該有価証券の買付け等の価額を控除した額 （800円×200株＋801円×500株＋803円×200株＋805円×200株 ＋808円×100株＋809円×400株＋810円×200株＋812円×300株 ＋813円×300株＋814円×200株＋815円×200株＋818円×100株 ＋820円×200株＋822円×200株＋823円×100株＋824円×400株 ＋825円×300株＋827円×500株＋828円×100株＋829円×400株 ＋832円×300株＋833円×100株＋834円×300株＋835円×200株 ＋836円×500株＋837円×400株＋838円×400株＋839円×400株 ＋844円×1,000株＋846円×400株＋847円×1,000株＋850円×400株 ＋855円×400株＋863円×400株＋864円×300株＋865円×300株 ＋866円×100株＋867円×400株＋868円×400株＋869円×400株 ＋870円×400株＋875円×400株＋877円×400株＋878円×400株 ＋879円×400株＋888円×200株＋890円×200株） －（800円×15,600株） ＝ 663,700円 及び (2) 当該違反行為に係る自己の計算による有価証券の買付け等の数量（74,400株）が、当該違反行為に係る自己の計算による有価証券の売付け等の数量（15,600株）を超えていることから、当該違反行為が終了してから１月を経過するまでの間の各日における当該違反行為に係る有価証券の売付け等についての金融商品取引法第１３０条に規定する最高の価格のうち最も高い価格（912円）に当該超える数量58,800株（74,400株－15,600株）を乗じて得た額から、当該超える数量に係る有価証券の買付け等の価額を控除した額 （912円×58,800株） －（794円×100株＋799円×200株＋800円×50,700株＋803円×200株 ＋805円×200株＋808円×100株＋809円×100株＋810円×100株 ＋812円×100株＋813円×300株＋814円×200株＋815円×200株 ＋820円×200株＋822円×200株＋825円×300株＋827円×300株 ＋829円×400株＋830円×200株＋831円×100株＋834円×100株 ＋835円×200株＋837円×200株＋844円×200株＋847円×700株 ＋848円×100株＋861円×300株＋862円×200株＋863円×400株 ＋864円×400株＋865円×200株＋869円×100株＋872円×200株 ＋873円×100株＋875円×400株＋877円×500株＋884円×100株 ＋888円×200株） ＝ 6,244,600円 の合計額6,908,300円となる。 ２．金融商品取引法第１７６条第２項の規定により、上記１.で計算した額の１万円未満の端数を切捨て、6,900,000円となる。"
2017-01-20,,,証券取引等監視委員会 中期活動方針（第９期）の公表について,https://www.fsa.go.jp/sesc/news/c_2017/2017/20170120-1.html,PDF版（日本語） 本文 概要 ポイント PDF版（English） 本文 概要 証券取引等監視委員会 中期活動方針（第９期） ～四半世紀の活動を踏まえた新たなステージへ～ 平成29年１月20日 証券取引等監視委員会 証券監視委の使命 １．市場の公正性・透明性の確保及び投資者保護 ２．資本市場の健全な発展への貢献 ３．国民経済の持続的な成長への貢献 証券監視委が目指す公正・透明な市場の姿 ～全ての市場利用者がルールを守り、誰からも信頼される市場～ ＜主な構成要素＞ １．上場企業等による適正なディスクロージャー ２．市場仲介者による投資家のための公正・中立な行動 ３．全ての市場利用者による自己規律 ４．プロフェッショナルな監視メカニズム 証券監視委における価値観 １．公正性（公正・中立な視点） ２．説明責任（全体像・根本原因の把握及びその対外的発信） ３．将来を見据えたフォワード・ルッキングな視点（不正行為の予兆を早期に発見） ４．実効性及び効率性（資源の効果的な活用） ５．協働（自主規制機関、海外・国内当局等との緊密な連携） ６．最高水準の追求（監視のプロとして最高水準を目指す） 証券監視委を取り巻く現在の環境 証券監視委は、取引の公正を図り、市場に対する投資者の信頼を保持することを目的として平成４年に設置され、今年（平成29年）で25年目を迎えます。この間、重大・悪質な事案に対する告発等で着実に成果を上げただけでなく、課徴金制度の導入を踏まえた検査・調査手法の開発、証券市場・取引の複雑化に対する人材及びITの高度化、内外関係機関等との連携による市場規律の強化などの施策を地道に積み重ね、市場の信頼性確保に努めてきました。 このような中、証券監視委を取り巻く環境は以下のとおり大きく変化してきています。 まず、世界的な市場を取り巻く環境について見ると、昨年の英国の欧州連合離脱（Brexit）の動きをはじめ、グローバル経済の先行きを巡る不確実性は増大しています。 また、日本企業の海外展開の積極化、国内機関投資家等による海外投資の増加、市場における海外投資家比率の高まりなどクロスボーダー取引の拡大や市場の更なるグローバル化の進展に伴い、我が国市場は海外のマクロ経済動向や特定のイベントに強く影響を受ける状況となっており、市場のボラティリティは増大しています。 さらに、IT技術の進展に伴い市場構造は大きく変化しており、アルゴリズムを用いた高速取引の急速な拡大や、近年は、FinTechに代表される金融・IT融合の世界規模での進展が、市場を更に大きく変革させる可能性が指摘されており、同時に、サイバー攻撃による金融システム全体に対する脅威も高まっています。 このような市場環境の中、我が国においては、金融庁を中心に「国民の安定的な資産形成を実現する資金の流れへの転換」を推進するための取組みを行っており、証券監視委としても、投資家が安心して投資できる市場の構築等を通じ、国民の安定的な資産形成や投資の裾野拡大に貢献していく必要があります。 第９期を迎えた証券監視委は、このような内外環境の大きな変化の中で、その使命を果たしていくために、目指すべき目標を以下のとおり掲げ、これまで蓄積した市場監視のノウハウ・人材を効果的・効率的に活用しながら、市場からの信頼に応えるべく、尚一層の努力を行ってまいります。 ３つの戦略目標 １． 網羅的な市場監視（広く） (1) 新たな商品・取引等への対応 新しい商品・取引等に係るリスクを的確に把握・分析 (2) あらゆる取引・市場を網羅的に監視 取引所現物市場に限らず、PTS（私設取引システム）、ダークプール、デリバティブ、株式・社債の発行市場等あらゆる取引・市場を網羅的に監視 (3) 全体像の把握（部分から全体へ） 事案の全体像を把握した上での、実態解明及び根本原因の追究 ２． 機動的な市場監視（早く） (1) 問題の早期発見・着手 市場における問題の端緒の速やかな把握及びタイムリーな検査・調査等の実施 (2) 早期の対応による未然予防の実現 市場における問題に対する早期の対応を通じた未然予防の実現及び問題の拡大の防止 (3) 迅速な実態解明・処理による問題の早期是正 検査・調査実施時における事案の迅速な実態解明及び処理 ３． 深度ある市場監視（深く） (1) 問題の根本原因の追究 法令違反等の問題が認められた場合、事案の実質面に着眼してその根本的な原因を究明・指摘し、業者・企業等自身による改善及び再発防止に向けた取組みを促進 (2) 横断的な視点による深度ある分析を通じた構造的な問題の把握 個別の問題事象の分析にとどまらず、他の同様の事案まで含めた横断的な広がりのある視点と、それによる深度ある分析を行うことを通じた、市場の構造的な問題の把握及び制度整備等への貢献 目標達成のための５つの施策 １． 内外環境を踏まえた情報力の強化 (1) 市場環境のマクロ的な視点での分析等によるフォワード・ルッキングな市場監視 市場構造が急速に変化する中で、市場における問題の未然防止・早期発見につなげるため、従来の事後チェック型の市場監視にとどまらず、市場環境のマクロ的な視点に基づく分析を行うなど、フォワード・ルッキングな市場監視を行っていきます。 具体的には、マクロ経済環境の変化に伴う上場企業等の業績や株価への影響が不公正取引等のリスクとなり得ることから、国内外の経済情勢等の影響を受けやすい業種・企業に係る情報収集・分析を行い、その結果について証券監視委内で情報を共有し、検査・調査に活用していきます。 (2) 海外当局との信頼関係醸成による情報収集の強化及び市場監視への活用 海外当局との円滑な連携を継続的に実施していくため、当局間の信頼関係の醸成に努め、当該信頼関係に基づき、情報交換、検査・調査及び法執行面での連携を更に強化するとともに、そこから得られた海外法執行状況や法制度等の有益な情報について、市場監視に活用していきます。 (3) 市場監視の空白を作らないための取組み 市場で起こっていることを常に注意深く把握し、新しい商品・取引や、監視の目の行き届きにくい商品・取引へ的確に対応し、市場監視の空白を作らない取組みを行っていきます。 ２． 迅速かつ効率的な検査・調査の実施 (1) 不公正取引等に対する課徴金制度の積極的活用 国内外の不公正取引等の個別事案がより大型化・複雑化している中で、課徴金制度を積極的に活用し、不公正取引等に対する検査・調査を迅速かつ効率的に行っていきます。 (2) クロスボーダー事案への積極的な取組み クロスボーダー取引による違反行為に対しては、当局間の情報交換枠組み等を活用しながら、実態解明を行い、適切な法執行を行っていきます。 (3) 重大・悪質事案への告発等による厳正な対応 インサイダー取引、相場操縦、風説の流布・偽計や虚偽記載等の違反行為のうち重大で悪質なものについては、犯則調査の権限を行使し、厳正に対応していきます。その際、事案の内容に応じ、捜査・訴追当局や海外当局等の関係機関と連携し、実態の解明や責任追及を効果的に行っていきます。 (4) リスクアセスメントを通じた効果的なモニタリング手法の確立 全ての金融商品取引業者等に対してオンサイト・オフサイトの一体的なモニタリングを行い、金融商品取引業者等の業態、規模その他の特性等を踏まえつつ、ビジネスモデルの分析、それを支えるガバナンスの有効性やリスク管理の適切性等に着目したリスクアセスメントを実施していきます。 オフサイト・モニタリングの結果を踏まえて、リスクベースでオンサイト・モニタリング先を選定し、オンサイト・モニタリングにおいては、金融商品取引業者等が取り扱う商品の内容や取引スキームについて深度ある分析を行った上で業務運営の適切性等について検証を進め、問題が認められた場合には、その問題の根本的な原因を究明していきます。 ３． 深度ある分析の実施と市場規律強化に向けた取組み (1) 根本原因の追究 検査・調査において、法令違反等が認められた場合、行政処分勧告等を行うだけでなく、問題の全体像を把握した上で、根本的な原因を究明・指摘し、再発防止につなげていきます。 (2) 検査・調査で得られた情報の多面的・複線的な活用 個別事案の検査・調査では、行政処分や刑事告発等の一定の「出口」に限定されずに、そこで得られたインテリジェンス情報を適切に集約・分析し、市場監視業務全般に多面的・複線的に活用していきます。 (3) 情報発信の充実 個別勧告事案等の公表のほか、課徴金事例集や証券検査における主な指摘事項の公表等において、市場規律強化の観点から、事案の意義、内容及び問題点を明確にした、具体的で分かりやすい情報の発信を行っていきます。 (4) 市場環境整備への積極的な貢献 横断的な広がりのある視点に基づく検査・調査を通じて、市場の構造的な問題を把握し、より良い市場環境の整備に向け、積極的な貢献を行っていきます。 (5) 国際連携上の課題の問題提起を通じたグローバルな市場監視への貢献 監視活動を通じて認識された国際的な連携に関連する課題について、二国間及び証券監督者国際機構（IOSCO）等の多国間の枠組みでの問題提起及び共有を強化し、グローバルな市場監視に貢献していきます。 ４． ITの活用及び人材の育成 (1) 市場監視におけるIT技術の更なる活用（RegTech） 証券市場におけるITやAI（人工知能）技術の進展を含めた市場の構造的変化に対応するため、国内外の金融技術の動向や国内外の規制当局・法執行機関におけるIT技術の導入状況等を踏まえ、取引監視システム等、現行の市場監視システムにおけるIT技術の更なる活用（RegTech）について検討していきます。 (2) FinTech等のIT技術の進展を踏まえた市場監視の変化への対応 FinTech等のIT技術の進展等に伴って生じる新たな取引形態・商品等に対して、網羅的に監視が行えるよう機動的に検討・対応していきます。 近年のITの高度化及びデータの大容量化に対応するため、検査・調査におけるデジタルフォレンジック技術の一層の向上及びシステム環境の高度化を推進していきます。 (3) 高度な専門性及び幅広い視点を持った人材の計画的な育成 IT技術の進展等を背景に、金融取引がますますグローバル化、複雑化、高度化する中で、証券監視委の使命を適切に果たしていくため、市場監視に係る高度な専門性及び幅広い視点を持った人材の育成に取り組んでいきます。 ５． 国内外の自主規制機関等との連携 (1) 自主規制機関との更なる連携強化による効率的・効果的な市場監視 市場を取り巻く内外環境の大きな変化の中で、その役割がますます重要となる自主規制機関が、その機動性及び柔軟性を活かしながら主体的な役割を果たすことに資するよう、これまで以上に証券監視委の持つ情報や問題意識をタイムリーに共有するなどして、監視態勢の更なる強化や市場規律の働いた市場環境の整備を行っていきます。 海外からのアルゴリズムを用いた高速取引注文の増加等に対応するため、自主規制機関とも連携し、取引審査の充実・強化を図るとともに、市場のゲートキーパーである証券会社の売買審査態勢について実態把握を行った上で、売買審査態勢の一層の高度化に向けた検討を行っていきます。 金融商品取引業者等に対するオン・オフ一体モニタリングへの移行に伴い、効果的・効率的な検査実施の観点から、自主規制機関による監査・検査との連携のあり方についても検討を行っていきます。 (2) 多様な市場関係者（ステークホルダー）と連携した市場規律の強化 これまでの自主規制機関、海外当局、関係機関・団体等との間での連携を強化していくことに加え、市場の公正性・透明性確保に関連する関係機関・団体等の市場関係者（ステークホルダー）との連携の拡大を図っていくことを通じて、全体としての市場監視機能を強化していきます。 最後に 証券監視委は、本年で25年目の節目を迎え、本活動方針に掲げる「網羅的な市場監視（広く）」・「機動的な市場監視（早く）」・「深度ある市場監視（深く）」の実施を通じて、全ての市場利用者がルールを守り、誰からも信頼される市場の構築を目指していきます。 なお、本活動方針は、現下の経済金融情勢等を踏まえて作成したものですが、市場を取り巻く環境が急激に変化する状況のなか、証券監視委自身のPDCAサイクルによって、的確に自らの課題を洗い出し、適切な対応を行うことが重要です。そのために、外部の有識者の意見などを活用し、市場監視業務について、不断の見直しを行いながら、その使命を果たしていきます。
