date,stock_name,stock_code,title,link,content
2018-12-21,ワイエスフード株式会社,3358,ワイエスフード株式会社との契約締結交渉者の役員から伝達を受けた者による内部者取引に対する課徴金納付命令の勧告について,https://www.fsa.go.jp/sesc/news/c_2018/2018/20181221-2.html,"English version 平成30年12月21日 証券取引等監視委員会 ワイエスフード株式会社との契約締結交渉者の役員から伝達を受けた者による内部者取引に対する課徴金納付命令の勧告について １．勧告の内容 証券取引等監視委員会は、ワイエスフード株式会社との契約締結交渉者の役員から伝達を受けた者による内部者取引について検査した結果、下記のとおり法令違反の事実が認められたので、本日、内閣総理大臣及び金融庁長官に対して、金融庁設置法第２０条第１項の規定に基づき、課徴金納付命令を発出するよう勧告を行った。 ２．法令違反の事実関係 課徴金納付命令対象者Ａ社は、同社から株取引の委任を受けていた同社社員において、ワイエスフード株式会社（以下「ワイエスフード」という。）との業務提携契約の締結交渉をしていた株式会社餃子計画（以下「餃子計画」という。）の役員から、ワイエスフードの業務執行を決定する機関が、餃子計画と業務上の提携を行うことについての決定をした旨の重要事実の伝達を受けながら、Ａ社の業務として、上記事実の公表がされた平成３０年１月２２日より前の同月１８日及び同月１９日、Ａ社名義の証券口座を用いて、自己の計算において、ワイエスフード株式合計３４００株を買付価額合計９５万１３００円で買い付けたものである。 違反行為事実の概要については、 別図 のとおり。 課徴金納付命令対象者Ａ社が行った上記の行為は、金融商品取引法第１７５条第１項に規定する「第１６６条第１項又は第３項の規定に違反して、同条第１項に規定する売買等をした」行為に該当すると認められる。 ３．課徴金の額の計算 上記の違法行為に対し金融商品取引法に基づき納付を命じられる課徴金の額は、１９３万円である。 計算方法の詳細については、 別紙 のとおり。 ４．その他 本件については、日本取引所自主規制法人より提供された情報も参考として、実態解明を行ったものである。 （別図） ○違反行為事実の概要について （クリックすると拡大されます） （別紙） 〇課徴金の額の計算について (1) 金融商品取引法第１７５条第１項第２号の規定により、当該有価証券の買付けについて、業務等に関する重要事実の公表がされた後２週間における最も高い価格（848円）に当該有価証券の買付けの数量を乗じて得た額から当該有価証券の買付けをした価格にその数量を乗じて得た額を控除した額。 （848円×3,400株） －（279円×700株＋280円×2,700株） ＝1,931,900円 (2) 金融商品取引法第１７６条第２項の規定により、上記(1)で計算した額の１万円未満の端数を切捨て。"
2018-12-21,オイシックスドット大地株式会社,,オイシックスドット大地株式会社社員による重要事実に係る推奨行為に対する課徴金納付命令の勧告について,https://www.fsa.go.jp/sesc/news/c_2018/2018/20181221-1.html,"English version 平成30年12月21日 証券取引等監視委員会 オイシックスドット大地株式会社社員による重要事実に係る推奨行為に対する課徴金納付命令の勧告について １．勧告の内容 証券取引等監視委員会は、オイシックスドット大地株式会社社員による重要事実に係る推奨行為について検査した結果、下記のとおり法令違反の事実が認められたので、本日、内閣総理大臣及び金融庁長官に対して、金融庁設置法第２０条第１項の規定に基づき、課徴金納付命令を発出するよう勧告を行った。 ２．法令違反の事実関係 課徴金納付命令対象者は、オイシックスドット大地株式会社（平成３０年７月１日、オイシックス・ラ・大地株式会社に商号変更。以下「オイシックス」という。）の社員であったが、同人がその職務に関し、同社の業務執行を決定する機関が、株式会社ＮＴＴドコモとの業務上の提携を行うこと及び第三者割当による新株式の発行を行うこと並びにらでぃっしゅぼーや株式会社の株式を取得して子会社化することについての決定をした旨の重要事実を知りながら、被推奨者に対し、上記各事実の公表がされる前にオイシックス株式の買付けをさせることにより被推奨者に利益を得させる目的をもって、オイシックス株式の買付けをすることを勧めたものである。 被推奨者は、上記各事実の公表がされた平成３０年１月３０日より前の同月２９日に、自己の計算において、オイシックス株式合計２００株を買付価額合計５６万３０００円で買い付けたものである。 違反行為事実の概要については、 別図 のとおり。 課徴金納付命令対象者が行った上記の行為は、金融商品取引法第１７５条の２第１項に規定する「第１６７条の２第１項の規定に違反して、同項の伝達をし、又は同項の売買等をすることを勧める」行為に該当すると認められる。 ３．課徴金の額の計算 上記の違法行為に対し金融商品取引法に基づき納付を命じられる課徴金の額は、１２万円である。 計算方法の詳細については、 別紙 のとおり。 ４．その他 本件については、日本取引所自主規制法人より提供された情報を参考として、実態解明を行ったものである。 （別図） ○違反行為事実の概要について （クリックすると拡大されます） （別紙） 〇課徴金の額の計算について (1) 金融商品取引法第１７５条の２第１項第３号の規定により、当該違反行為により当該情報受領者等が行った当該買付けによって得た利得相当額に２分の１を乗じて得た額。 利得相当額とは、同条第３項第２号の規定により、情報受領者等が特定有価証券等の買付けをした場合、当該特定有価証券等の買付けについて、業務等に関する重要事実の公表がされた後２週間における最も高い価格（4,070円）に当該特定有価証券等の買付けの数量を乗じて得た額から当該特定有価証券等の買付けをした価格にその数量を乗じて得た額を控除した額。 {（4,070円×200株）－（2,815円×200株）｝×1／2 ＝125,500円 (2) 金融商品取引法第１７６条第２項の規定により、上記(1)で計算した額の１万円未満の端数を切捨て。"
2018-12-18,株式会社ストリーム,3071,株式会社ストリームにおける開示規制違反（訂正届出書を提出しないで行った募集により新株予約権証券を取得させたこと）に係る課徴金納付命令勧告について,https://www.fsa.go.jp/sesc/news/c_2018/2018/20181218-2.html,"English version 平成30年12月18日 証券取引等監視委員会 株式会社ストリームにおける開示規制違反（訂正届出書を提出しないで行った募集により新株予約権証券を取得させたこと）に係る課徴金納付命令勧告について １．勧告の内容 証券取引等監視委員会は、株式会社ストリーム（法人番号5010001065326）（以下「当社」という。）における有価証券届出書の訂正届出書の提出義務違反について検査した結果、以下のとおり法令違反の事実が認められたので、本日、内閣総理大臣及び金融庁長官に対して、金融庁設置法第20条第１項の規定に基づき、課徴金納付命令を発出するよう勧告を行った。 ２．法令違反の事実関係 当社は、平成26年１月14日、関東財務局長に対し、有価証券届出書（新株予約権証券の募集（第三者割当））を提出した。その後、当該届出の効力が生ずることとなる平成26年１月30日前において、金融商品取引法第７条第１項に規定する「届出書類に記載すべき重要な事項の変更」（別紙１）があったにもかかわらず、当社は訂正届出書を提出しないで、当該募集により、平成26年１月30日に、715個の新株予約権証券を309,309,000円（新株予約権の行使に際して払い込むべき金額を含む。）で取得させたものである。 この結果、当社は、金融商品取引法第172条の２第６項第１号に規定する「発行開示訂正書類を提出しないで行った募集」により有価証券を取得させたものである。 ３．課徴金の額の計算 上記の違法行為について金融商品取引法に基づき算定される課徴金の額は、1,391万円である（計算方法については別紙２のとおり。）。 【別紙１】株式会社ストリームに係る届出書類に記載すべき重要な事項の変更内容 番号 届出書類に記載すべき重要な事項の変更 １ ・第一部【証券情報】第３【第三者割当の場合の特記事項】１【割当予定先の状況】等において、本件新株予約権証券の割当予定先として「Licheng (H.K.) Technology Holdings Limited」と記載されていたが、Ａに変更されたこと ２ ・第一部【証券情報】第３【第三者割当の場合の特記事項】１【割当予定先の状況】e「株券等の保有方針」において、「割当予定先の保有方針につきましては、少なくとも２年以上の中長期にわたる期間、当社株式を保有する」旨の説明を口頭にて伺っていると記載されていたが、Licheng (H.K.) Technology Holdings LimitedからＡに割当予定先が変更され、その保有方針も新株予約権を行使したことにより取得する株式を短期で売り抜ける意図に変更されたこと ３ ・第一部【証券情報】第３【第三者割当の場合の特記事項】５【第三者割当後の大株主の状況】において、「劉　海涛」の「割当後の総議決権数に対する所有議決権数の割合（％）」が「29.58％」と記載されていたが、42.79％に変更されたこと 【別紙２】課徴金の計算方法 金融商品取引法第172条の２第６項第１号の規定により、当該法人が、平成26年１月14日に提出した有価証券届出書について、その訂正届出書を提出すべきであったにもかかわらず、当該訂正届出書を提出しないで募集を行い、新株予約権証券を取得させたことに係る課徴金の額は、 当該募集により取得させた新株予約権証券の発行価額の総額（当該新株予約権の行使に際して払い込むべき金額を含む。）309,309,000 円の100分の4.5に相当する額である13,918,905円 に、金融商品取引法第176条第２項の規定により１万円未満の端数を切り捨てて、 13,910,000円 となる。"
2018-12-18,株式会社ダルトン株券,,株式会社ダルトン株券に係る内部者取引事件の告発について,https://www.fsa.go.jp/sesc/news/c_2018/2018/20181218-3.html,English version 平成30年12月18日 証券取引等監視委員会 株式会社ダルトン株券に係る内部者取引事件の告発について 証券取引等監視委員会は、本日、金融商品取引法違反（内部者取引、情報伝達）の嫌疑で、嫌疑者２名を大阪地方検察庁に告発した。告発の対象となった犯則事実については下記のとおり。 １．告発の対象となった犯則事実 犯則嫌疑者Ａは、ＳＭＢＣ日興証券株式会社（以下「ＳＭＢＣ日興」という。）の従業員であったものであるが、ＳＭＢＣ日興の従業員が、株式会社イトーキ（以下「イトーキ」という。）とのファイナンシャルアドバイザリー契約の締結に関し知った、イトーキの業務執行を決定する機関において東京証券取引所が開設する有価証券市場に株券を上場している株式会社ダルトン（以下「ダルトン」という。）株券の公開買付けを行うことについての決定をした旨の公開買付けの実施等に関する事実を、平成２８年７月下旬頃、その職務に関し知り 第１　犯則嫌疑者Ｂは、Ａから、前記公開買付けの実施等に関する事実の伝達を受け、法定の除外事由がないのに、同事実の公表前である平成２８年７月下旬頃から同年８月上旬頃までの間、証券会社を介し、東京証券取引所において、自己名義でダルトン株券合計２９万６０００株を代金合計約５3００万円で買い付け 第２　Ａは、あらかじめダルトン株券を買付けさせて利益を得させる目的で、前記公開買付けの実施等に関する事実の公表前である平成２８年７月下旬頃、Ｂに対し、同事実を伝達したものであり、これにより同人が、法定の除外事由がないのに、前記１記載のとおり、同人名義でダルトン株券合計２９万６０００株を代金合計約５3００万円で買い付け たものである。 ２．関連条文 金融商品取引法 第１　同法第１９７条の２第１３号、第１６７条第３項、第１６７条第１項第６号、第４号 第２　同法第１９７条の２第１５号、第１６７条の２第２項 法定刑：５年以下の懲役若しくは５００万円以下の罰金又はこれを併科
2018-12-18,トレイダーズホールディングス株式会社,8704,トレイダーズホールディングス株式会社における有価証券報告書等の虚偽記載に係る課徴金納付命令勧告について,https://www.fsa.go.jp/sesc/news/c_2018/2018/20181218-1.html,"English version 平成30年12月18日 証券取引等監視委員会 トレイダーズホールディングス株式会社における有価証券報告書等の虚偽記載に係る課徴金納付命令勧告について １．勧告の内容 証券取引等監視委員会は、トレイダーズホールディングス株式会社（法人番号5010401039284）（以下「当社」という。）に係る有価証券報告書等の虚偽記載について検査した結果、以下のとおり法令違反の事実が認められたので、本日、内閣総理大臣及び金融庁長官に対して、金融庁設置法第20条第１項の規定に基づき、課徴金納付命令を発出するよう勧告を行った。 ２．法令違反の事実関係 （１）継続開示書類 当社は、関連会社を連結子会社とした際に発生したのれんの減損損失の計上並びに当該連結子会社が行う再生可能エネルギー関連事業に係る売上及び棚卸資産の計上を適正に行わなかった。 この結果、当社は、関東財務局長に対し、金融商品取引法第172条の４第１項及び第２項に規定する「重要な事項につき虚偽の記載がある」以下の有価証券報告書等を提出したものである（「重要な事項につき虚偽の記載」の内容は別紙１のとおり。）。 ・平成29年３月期有価証券報告書（平成29年６月27日提出） ・平成29年６月第１四半期四半期報告書（平成29年８月10日提出） ・平成29年９月第２四半期四半期報告書（平成29年11月14日提出） ・平成29年12月第３四半期四半期報告書（平成30年２月14日提出） （２）発行開示書類 当社は、関東財務局長に対し、平成29年12月25日、上記（１）の重要な事項につき虚偽の記載がある平成29年３月期有価証券報告書及び平成29年９月第２四半期四半期報告書を組込情報とする有価証券届出書（新株予約権証券の募集）を提出し、当該有価証券届出書に基づく募集により、平成30年１月10日、17,300個の新株予約権証券を2,660,013,400円（新株予約権の行使に際して払い込むべき金額を含む。）で取得させた。 これにより、当社は、関東財務局長に対し、金融商品取引法第172条の２第１項第１号に規定する「重要な事項につき虚偽の記載がある」発行開示書類を提出し、当該発行開示書類に基づく募集により新株予約権証券を取得させたものである。 ３．課徴金の額の計算 上記の違法行為について金融商品取引法に基づき算定される課徴金の額は、 1億3,170万円である（計算方法については別紙２のとおり。）。 【別紙１】トレイダーズホールディングス株式会社に係る有価証券報告書等の虚偽記載内容 番号 開示書類 虚偽記載 提出日 書類 会計期間 財務計算に 関する書類 主な内容（注） 事由 １ 平成29年 ６月27日 第18期（平成28年４月１日～平成29年３月31日）に係る有価証券報告書 平成28年４月１日～平成29年３月31日の連結会計期間 連結 損益計算書 親会社株主に帰属する当期純利益が▲1,496百万円であるところを▲1,433百万円と記載 ・売上の過大計上 ２ 平成29年 ８月10日 第19期第１四半期（平成29年４月１日～平成29年６月30日）に係る四半期報告書 平成29年４月１日～平成29年６月30日の第１四半期連結会計期間 四半期連結貸借対照表 連結純資産額が318百万円であるところを2,029百万円と記載 ・のれんの減損損失の不計上 ・棚卸資産の過大計上 平成29年４月１日～平成29年６月30日の第１四半期連結累計期間 四半期連結 損益計算書 親会社株主に帰属する四半期純利益が▲2,662百万円であるところを▲1,014百万円と記載 ３ 平成29年 11月14日 第19期第２四半期（平成29年７月１日～平成29年９月30日）に係る四半期報告書 平成29年７月１日～平成29年９月30日の第２四半期連結会計期間 四半期連結貸借対照表 連結純資産額が▲７百万円であるところを1,679百万円と記載 ・のれんの減損損失の不計上 ・棚卸資産の過大計上 平成29年４月１日～平成29年９月30日の第２四半期連結累計期間 四半期連結 損益計算書 親会社株主に帰属する四半期純利益が▲3,067百万円であるところを▲1,443百万円と記載 ４ 平成30年 ２月14日 第19期第３四半期（平成29年10月１日～平成29年12月31日）に係る四半期報告書 平成29年10月１日～平成29年12月31日の第３四半期連結会計期間 四半期連結貸借対照表 連結純資産額が▲533百万円であるところを1,129百万円と記載 ・のれんの減損損失の不計上 ・棚卸資産の過大計上 平成29年４月１日～平成29年12月31日の第３四半期連結累計期間 四半期連結 損益計算書 親会社株主に帰属する四半期純利益が▲3,591百万円であるところを▲1,990百万円と記載 （注）金額は百万円未満切捨てである。 【別紙２】課徴金の計算方法 （１）　金融商品取引法第172条の４第１項の規定により、平成29年３月期有価証券報告書に係る課徴金の額は、 ア　当社が発行する算定基準有価証券の市場価額の総額に10万分の６を乗じて得た額（804,304円） が イ　6,000,000円 を超えないことから、課徴金額は6,000,000円となる。 （２）　金融商品取引法第172条の４第２項の規定により、平成29年６月第１四半期四半期報告書、平成29年９月第２四半期四半期報告書及び平成29年12月第３四半期四半期報告書の各開示書類について算出した額（以下「個別決定ごとの算出額」という。）は、 ア　当社が発行する算定基準有価証券の市場価額の総額に10万分の６を乗じて得た額 平成29年６月第１四半期四半期報告書　　 789,290円 平成29年９月第２四半期四半期報告書　 1,022,137円 平成29年12月第３四半期四半期報告書　　838,856円 が、いずれも イ　6,000,000円 を超えないことから、 ・平成29年６月第１四半期四半期報告書については、6,000,000円の２分の１に相当する額である3,000,000円 ・平成29年９月第２四半期四半期報告書については、6,000,000円の２分の１に相当する額である3,000,000円 ・平成29年12月第３四半期四半期報告書については、6,000,000円の２分の１に相当する額である3,000,000円 となる。 ここで、これらの開示書類が同一の事業年度に係るものであることから、金融商品取引法第185条の７第６項の規定により、6,000,000円を個別決定ごとの算出額に応じて按分した下記の金額が、これらの開示書類に係る課徴金の額となる。 ・平成29年６月第１四半期四半期報告書に係る課徴金の額は、2,000,000円 ・平成29年９月第２四半期四半期報告書に係る課徴金の額は、2,000,000円 ・平成29年12月第３四半期四半期報告書に係る課徴金の額は、2,000,000円 （３）　金融商品取引法第172条の２第１項第１号の規定により、当社の平成29年12月25日提出の有価証券届出書（新株予約権証券の募集）に係る課徴金の額は、 重要な事項につき虚偽の記載がある発行開示書類に基づく募集により取得させた新株予約権証券の発行価額の総額（当該新株予約権の行使に際して払い込むべき金額を含む）2,660,013,400 円の100分の4.5に相当する額である119,700,603円 に、金融商品取引法第176条第２項の規定により１万円未満の端数を切り捨てて、 119,700,000円 となる。"
2018-12-07,,,貸付型ファンドの投資家への情報提供についての建議,https://www.fsa.go.jp/sesc/news/c_2018/2018/20181207-3.html,English version 平成30年12月7日 証券取引等監視委員会 金融庁設置法第21条の規定に基づく建議について 証券取引等監視委員会は、金融庁設置法第21条の規定に基づき、本日、内閣総理大臣及び金融庁長官に対して、下記のとおり建議を行った。 記 貸付型ファンドの投資家への情報提供について 金銭の貸付けを出資対象事業とする集団投資スキーム持分（以下「貸付型ファンド」という。）を販売する業者に対する検査において、 ・　資金使途等についての虚偽表示 ・　貸付先、担保等についての誤解表示 ・　貸付先がファンドからの借入れを返済することが困難な財務の状況にあることを認識しながら募集を継続 など、多数の金融商品取引法違反事例や投資者被害が生じている悪質な事例が認められた。 これらの事例が生じた背景には、貸付型ファンドを販売する業者の法令等遵守態勢が不十分であったことに加え、貸付型ファンドの投資家（資金の出し手）に対し、貸付先（資金の借り手）に関する情報が十分に提供されていないこともある。当該情報は、投資家が出資金の回収可能性を判断する上で重要な情報であるものの、貸金業登録に係る制度の運用上との関係から、現状では貸付先の特定につながる情報の明示を控えた運用となっている。 （注）投資家の貸金業登録の要否を判断する上で、借り手を特定することができる情報が明示されないこと（匿名化）と、複数の借り手に対して資金を供給するスキームであること（複数化）が考慮の一要素とされている。 したがって、こうした投資家への情報提供の状況に鑑みれば、貸付型ファンドに係る投資者保護の一層の徹底を図る観点から、投資家がより適切な投資判断を行うための情報提供や説明内容の拡充などの適切な措置を講ずる必要がある。 （参考）「規制改革実施計画」（平成30年６月15日閣議決定）においても、「匿名化・複数化」と併存する運用上の新たな方策の検討等が掲げられている。
2018-12-10,日産自動車株式会社,7201,日産自動車株式会社に係る虚偽有価証券報告書提出事件の告発について,https://www.fsa.go.jp/sesc/news/c_2018/2018/20181210-1.html,English version 平成３０年１２月１０日 証券取引等監視委員会 日産自動車株式会社に係る虚偽有価証券報告書提出事件の告発について 証券取引等監視委員会は、本日、金融商品取引法違反（虚偽有価証券報告書提出）の嫌疑で、嫌疑法人１社及び嫌疑者２名を東京地方検察庁に告発した。告発の対象となった犯則事実については下記のとおり。 １．告発の対象となった犯則事実 犯則嫌疑法人日産自動車株式会社は、横浜市に本店を置き、自動車の製造及び販売等を目的とする会社であって、その発行する株券を株式会社東京証券取引所市場第一部に上場しているもの、犯則嫌疑者Ａは犯則嫌疑法人の代表取締役会長等であったもの、犯則嫌疑者Ｂは犯則嫌疑法人の代表取締役等であったものであるが、犯則嫌疑者両名は、共謀の上、 第１　日産自動車株式会社の業務に関し、平成２３年６月末、平成２３年３月期の連結会計年度につき、犯則嫌疑者Ａの報酬、賞与その他その職務執行の対価として日産自動車株式会社及びその主要な連結子会社から役員として受ける財産上の利益であって、当該連結会計年度に係るものが約１７億７７００万円であったにもかかわらず、その一部を隠ぺいして、「コーポレート・ガバナンスの状況」欄内の「役員ごとの連結報酬等の総額等」欄に犯則嫌疑者Ａの総報酬及び金銭報酬をいずれも９億８２００万円と記載した有価証券報告書を提出し 第２　犯則嫌疑法人日産自動車（以下「犯則嫌疑法人」という。）の業務に関し、平成２４年６月末、平成２４年３月期の連結会計年度につき、犯則嫌疑者Ａの報酬、賞与その他その職務執行の対価として日産自動車株式会社及びその主要な連結子会社から役員として受ける財産上の利益であって、当該連結会計年度に係るものが約１８億９４００万円であったにもかかわらず、その一部を隠ぺいして、「コーポレート・ガバナンスの状況」欄内の「役員ごとの連結報酬等の総額等」欄に犯則嫌疑者Ａの総報酬及び金銭報酬をいずれも９億８７００万円と記載した有価証券報告書を提出し 第３　犯則嫌疑法人の業務に関し、平成２５年６月末、平成２５年３月期の連結会計年度につき、犯則嫌疑者Ａの報酬、賞与その他その職務執行の対価として日産自動車株式会社及びその主要な連結子会社から役員として受ける財産上の利益であって、当該連結会計年度に係るものが約２０億２５００万円であったにもかかわらず、その一部を隠ぺいして、「コーポレート・ガバナンスの状況」欄内の「役員ごとの連結報酬等の総額等」欄に犯則嫌疑者Ａの総報酬及び金銭報酬をいずれも９億８８００万円と記載した有価証券報告書を提出し 第４　犯則嫌疑法人の業務に関し、平成２６年６月末、平成２６年３月期の連結会計年度につき、犯則嫌疑者Ａの報酬、賞与その他その職務執行の対価として日産自動車株式会社及びその主要な連結子会社から役員として受ける財産上の利益であって、当該連結会計年度に係るものが約１９億４６００万円であったにもかかわらず、その一部を隠ぺいして、「コーポレート・ガバナンスの状況」欄内の「役員ごとの連結報酬等の総額等」欄に犯則嫌疑者Ａの総報酬及び金銭報酬をいずれも９億９５００万円と記載した有価証券報告書を提出し 第５　犯則嫌疑法人の業務に関し、平成２７年６月末、平成２７年３月期の連結会計年度につき、犯則嫌疑者Ａの報酬、賞与その他その職務執行の対価として日産自動車株式会社及びその主要な連結子会社から役員として受ける財産上の利益であって、当該連結会計年度に係るものが約２２億１３００万円であったにもかかわらず、その一部を隠ぺいして、「コーポレート・ガバナンスの状況」欄内の「役員ごとの連結報酬等の総額等」欄に犯則嫌疑者Ａの総報酬及び金銭報酬をいずれも１０億３５００万円と記載した有価証券報告書を提出し もって、それぞれ、重要な事項につき虚偽の記載のある有価証券報告書を提出した。 （犯則嫌疑法人につき、第２ないし第５事実。犯則嫌疑者両名につき、第１ないし第５事実。） ２．関連条文 金融商品取引法 第１９７条第１項第１号、第２４条第１項第１号、第２０７条第１項第１号 刑法第６０条 法定刑：１０年以下の懲役若しくは１０００万円以下の罰金又はこれを併科、法人につき７億円以下の罰金
2018-12-07,エーアイトラスト株式会社,,エーアイトラスト株式会社に対する検査結果に基づく勧告について,https://www.fsa.go.jp/sesc/news/c_2018/2018/20181207-2.html,English version 平成30年12月7日 証券取引等監視委員会 エーアイトラスト株式会社に対する検査結果に基づく勧告について １．勧告の内容 証券取引等監視委員会がエーアイトラスト株式会社（東京都港区、法人番号1010701020889、資本金１億円、常勤役職員22名、第二種金融商品取引業）を検査した結果、下記のとおり、当該金融商品取引業者に係る問題が認められたので、本日、証券取引等監視委員会は、内閣総理大臣及び金融庁長官に対して、金融庁設置法第20条第１項の規定に基づき、行政処分を行うよう勧告した。 ２．事実関係 エーアイトラスト株式会社（以下「当社」という。）は、当社ウェブサイトにおいて、自らを営業者とする匿名組合の出資持分（以下「ファンド」という。）の自己募集を行い、その出資金を法人に対する貸付けによって運用している。 当社が取扱うファンドの取得勧誘の適切性等について検証したところ、以下の問題が認められた。 ○　ファンドの取得勧誘に関し、虚偽の表示をする行為 （１）債権担保付ローンファンドについて 当社は、平成30年５月から６月にかけて、「債権担保付ローンファンド（139号～146号、155号～158号）」（以下「本債権ファンド」という。）の募集を行い、投資家から総額約６億円の出資を受けている。 当社は、本債権ファンドの取得勧誘に際し、当社ウェブサイト上の本債権ファンドに係る募集ページにおいて、当該出資金の貸付先（以下「本債権ファンド借入人」という。）が関与するプロジェクト（以下「本プロジェクト」という。）や資金使途等に関し、 ・　本プロジェクトは、原発事故被災地の水資源の安全向上を目的として実施される除染事業であり、非常に公益性の高い内容である ・　本プロジェクトは、原発事故被災地域に堆積した放射性物質を封じ込め、居住区域等への飛散、流入を防止する対策を実施するものである ・　本プロジェクトにおける放射性物質を取除く方法は、政府の基本方針に沿った内容である ・　本債権ファンド借入人は、本プロジェクトを請け負う事業統括会社との間に業務請負契約を締結し、プロジェクト準備資金の調達・施工の計画立案等の支援業務を行う ・　本債権ファンド借入人における資金使途は、上記支援業務に係る労務費・外注費等や、各協力会社へ支払う外注費・資材調達費等（プロジェクト準備資金）等である 旨等を記載するとともに、スキーム図において、復興庁や環境省等の名称を用いて、あたかも官公庁等が関与して行う除染事業の支援業務を行う目的で、本債権ファンドで集められた資金が貸付けられるかのような表示をしている。 しかしながら、該当する官公庁等が関与して行う除染事業は存在せず、このため、本債権ファンド借入人に対しては、上記の取得勧誘時の表示のような、官公庁等が関与して行う除染事業の存在及び実行を前提とした資金使途のための貸付けは当初から行われていない。 このように、当社は、本債権ファンドの取得勧誘に関して、虚偽の表示を行っていたものと認められる。 （２）動産担保付ローンファンドについて 当社は、平成30年７月から８月にかけて、「動産担保付ローンファンド（163号、165号～168号、170号～174号）」（以下「本動産ファンド」という。）の募集を行い、投資家から総額約３億円の出資を受けている。 当社は、本動産ファンドの取得勧誘に際し、当社ウェブサイト上の本動産ファンドに係る募集ページにおいて、当該出資金の貸付先（以下「本動産ファンド借入人」という。）が関与する事業や返済原資等に関し、 ・　本動産ファンド借入人は、長距離無線通信に係る商用サービス開始に先立つ実証実験の準備を進めている ・　本動産ファンド借入人は、当該実証実験の終了後に、全国に多数の拠点を持つ大手企業との業務・資本提携を予定しており、それにより安定的な収益源を確保する計画である ・　提携先の相手方企業は、2020年東京オリンピックのJOCゴールドパートナーとなっている大手企業である 旨等を記載するとともに、スキーム図において、当該大手企業との業務提携等が予定されている旨を記載するなど、あたかも本動産ファンド借入人において、実証実験終了後に、当該大手企業との業務提携等が予定され、これにより得られた収益を原資として返済が行われるかのような表示をしている。 しかしながら、実際には当該大手企業との業務提携等の予定は存在せず、このため、本動産ファンド借入人に対しては、当初から、上記の取得勧誘時の表示のような、当該大手企業との業務提携や、当該業務提携に係る事業による収益が返済原資となることなどを前提とした貸付けは行われていない。 このように、当社は、本動産ファンドの取得勧誘に関して、虚偽の表示を行っていたものと認められる。 当社が行った上記の行為は、金融商品取引法第38条第９号に基づく金融商品取引業等に関する内閣府令第117条第１項第２号に掲げる「金融商品取引契約の締結の勧誘に関して、虚偽の表示をする行為」に該当するものと認められる。 （参考条文） ○　金融商品取引法（昭和23年法律第25号）（抄） （禁止行為） 第三十八条　金融商品取引業者等又はその役員若しくは使用人は、次に掲げる行為をしてはならない。ただし、第四号から第六号までに掲げる行為にあつては、投資者の保護に欠け、取引の公正を害し、又は金融商品取引業の信用を失墜させるおそれのないものとして内閣府令で定めるものを除く。 一　～　八（略） 九　前各号に掲げるもののほか、投資者の保護に欠け、若しくは取引の公正を害し、又は金融商品取引業の信用を失墜させるものとして内閣府令で定める行為 ○　金融商品取引業等に関する内閣府令（平成19年内閣府令第52号） （禁止行為） 第百十七条　法第三十八条第九号に規定する内閣府令で定める行為は、次に掲げる行為とする。 一 （略） 二　金融商品取引契約の締結又はその勧誘に関して、虚偽の表示をし、又は重要な事項につき誤解を生ぜしめるべき表示をする行為 （以下、略）
2018-12-11,,,ソフトフロント株式外１銘柄に係る相場操縦に対する課徴金納付命令の勧告について,https://www.fsa.go.jp/sesc/news/c_2018/2018/20181211-1.html,"English version 平成30年12月11日 証券取引等監視委員会 ソフトフロント株式外１銘柄に係る相場操縦に対する課徴金納付命令の勧告について １．勧告の内容 証券取引等監視委員会は、ソフトフロント株式外１銘柄に係る相場操縦について検査した結果、下記のとおり法令違反の事実が認められたので、本日、内閣総理大臣及び金融庁長官に対して、金融庁設置法第２０条第１項の規定に基づき、課徴金納付命令を発出するよう勧告を行った。 ２．法令違反の事実関係 課徴金納付命令対象者は、 (1)  株式会社ソフトフロント（平成２８年８月１日株式会社ソフトフロントホールディングスに商号変更。以下「ソフトフロント」という。）の株式につき、同株式の売買を誘引する目的をもって、 別表 記載のとおり、平成２８年６月１３日午前９時３４分頃から同日午前９時４８分頃までの間及び同日午前１０時２分頃から同日午前１０時５分頃までの間、自己の同族会社名義の証券口座を用いて、最良買い気配又はその下値に買い注文を大量に発注した後、直前の約定値より高指値の買い注文を発注して株価を引き上げるなどの方法により、同株式合計４万３０００株の買付けの委託を行うとともに、同株式合計１万２０００株を買い付ける一方、同株式合計５万４０００株を売り付け、 (2)  株式会社アジアゲートホールディングス（以下「アジアゲート」という。）の株式につき、同株式の売買を誘引する目的をもって、 別表 記載のとおり、平成２８年７月１５日午前９時９分頃から同日午前９時４６分頃までの間、自己の同族会社名義の証券口座を用いて、前記同様の方法により、同株式合計２万株の買付けの委託を行うとともに、同株式合計４万株を買い付ける一方、同株式合計６万５０００株を売り付け、 もって、自己の計算において、ソフトフロント及びアジアゲート各株式の売買が繁盛であると誤解させ、かつ、前記各株式の相場を変動させるべき一連の売買及び委託を行ったものである。 違反行為事実の概要については、 別図 のとおり。 課徴金納付命令対象者が行った上記の行為は、金融商品取引法第１７４条の２第１項に規定する「第１５９条第２項第１号の規定に違反する一連の有価証券売買等」に該当すると認められる。 ３．課徴金の額の計算 上記の違法行為に対し金融商品取引法に基づき納付を命じられる課徴金の額は、７９万５０００円である。 計算方法の詳細については、 別紙１ 及び 別紙２ のとおり。 ４．その他 課徴金納付命令対象者は、Ｍｉｐｏｘ株式会社の株式につき、下値買い注文を大量に入れたり、売り注文と買い注文を対当させて株価を引き上げるなどの方法を用いた変動操作取引を行って、保有株を売り抜けたことから、当委員会が、平成２８年２月２日、内閣総理大臣及び金融庁長官に対し、同人に対する課徴金納付命令の勧告を行い、同年３月４日、同人は、課徴金納付命令を受けていた。 （別表） ○違反行為状況 （クリックすると拡大されます） （別図） ○違反行為事実の概要について （クリックすると拡大されます） （別紙１） ○課徴金の額の計算方法について 別表 の各違反行為に係る課徴金の額の計算の基礎は以下のとおりである。 １．金融商品取引法第１７４条の２第１項の規定により、当該違反行為に係る課徴金の額は、 (1) 当該違反行為に係る有価証券の売買対当数量に係るものについて、自己の計算による当該有価証券の売付け等の価額から、自己の計算による当該有価証券の買付け等の価額を控除した額 及び (2) 当該違反行為に係る自己の計算による有価証券の売付け等又は買付け等の数量が、当該違反行為に係る自己の計算による有価証券の買付け等又は売付け等の数量を超える場合、当該超える数量に係る有価証券の売付け等の価額から当該違反行為が終了してから１月を経過するまでの間の各日における当該違反行為に係る有価証券の買付け等についての金融商品取引法第６７条の１９又は第１３０条に規定する最低の価格のうち最も低い価格に当該超える数量を乗じて得た額を控除した額、又は当該違反行為が終了してから１月を経過するまでの間の各日における当該違反行為に係る有価証券の売付け等についての金融商品取引法第６７条の１９又は第１３０条に規定する最高の価格のうち最も高い価格に当該超える数量を乗じて得た額から当該超える数量に係る有価証券の買付け等の価額を控除した額 の合計額として算定。 ２．上記１．で算定された課徴金の額につき、金融商品取引法第１７６条第２項の規定により１万円未満の端数を切り捨てて算定。 ３．上記２．で算定された課徴金の額につき、金融商品取引法第１８５条の７第１５項の規定により当該額の１．５倍として算定。 ４．上記３．によりそれぞれ算定した額を合計し、課徴金の額とする。 以上につき、 別紙２ のとおり。 （別紙２） 別表 に掲げる事実につき １．ソフトフロント株式に係る違反行為期間Ａの取引について (1) 当該違反行為に係る自己の計算による有価証券の売付け等の数量は、25,000株であり、当該違反行為に係る自己の計算による有価証券の買付け等の数量は、実際の買付け等の数量5,000株に、金融商品取引法第１７４条の２第８項及び金融商品取引法施行令第３３条の１３第１号の規定により、違反行為の開始時にその時における価格（250円）で買付け等を自己の計算においてしたものとみなされる当該違反行為の開始時に所有している有価証券の数量20,000株を加えた25,000株であることから、 ア．当該違反行為に係る有価証券の売買対当数量（25,000株）に係るものについて、自己の計算による当該有価証券の売付け等の価額から、自己の計算による当該有価証券の買付け等の価額を控除した額 （251円×5,000株＋252円×20,000株） －（250円×20,000株＋251円×4,200株＋252円×800株） ＝ 39,200円 及び イ．当該超える数量が0株であることから、0円 の合計額39,200円となる。 (2) 金融商品取引法第１７６条第２項の規定により、上記(1)で計算した額の１万円未満の端数を切捨て、30,000円となる。 (3) 金融商品取引法第１８５条の７第１５項の規定により、上記(2)で計算した額を１．５倍し、45,000円となる。 ２．ソフトフロント株式に係る違反行為期間Ｂの取引について (1) 当該違反行為に係る自己の計算による有価証券の売付け等の数量は、29,000株であり、当該違反行為に係る自己の計算による有価証券の買付け等の数量は、実際の買付け等の数量7,000株に、金融商品取引法第１７４条の２第８項及び金融商品取引法施行令第３３条の１３第１号の規定により、違反行為の開始時にその時における価格（264円）で買付け等を自己の計算においてしたものとみなされる当該違反行為の開始時に所有している有価証券の数量22,400株を加えた29,400株であることから、 ア．当該違反行為に係る有価証券の売買対当数量（29,000株）に係るものについて、自己の計算による当該有価証券の売付け等の価額から、自己の計算による当該有価証券の買付け等の価額を控除した額 （265円×14,400株＋267円×4,600株＋270円×5,000株＋271円×5,000株） －（264円×29,000株） ＝ 93,200円 及び イ．当該違反行為に係る自己の計算による有価証券の買付け等の数量（29,400株）が、当該違反行為に係る自己の計算による有価証券の売付け等の数量（29,000株）を超えていることから、当該違反行為が終了してから１月を経過するまでの間の各日における当該違反行為に係る有価証券の売付け等についての金融商品取引法第６７条の１９又は第１３０条に規定する最高の価格のうち最も高い価格（718円）に当該超える数量400株（29,400株－29,000株）を乗じて得た額から、当該超える数量に係る有価証券の買付け等の価額を控除した額 （718円×400株） －（271円×400株） ＝ 178,800円 の合計額272,000円となる。 (2) 金融商品取引法第１７６条第２項の規定により、上記(1)で計算した額の１万円未満の端数を切捨て、270,000円となる。 (3) 金融商品取引法第１８５条の７第１５項の規定により、上記(2)で計算した額を１．５倍し、405,000円となる。 ３．アジアゲート株式に係る取引について (1) 当該違反行為に係る自己の計算による有価証券の売付け等の数量は、65,000株であり、当該違反行為に係る自己の計算による有価証券の買付け等の数量は、実際の買付け等の数量40,000株に、金融商品取引法第１７４条の２第８項及び金融商品取引法施行令第３３条の１３第１号の規定により、違反行為の開始時にその時における価格（107円）で買付け等を自己の計算においてしたものとみなされる当該違反行為の開始時に所有している有価証券の数量43,500株を加えた83,500株であることから、 ア．当該違反行為に係る有価証券の売買対当数量（65,000株）に係るものについて、自己の計算による当該有価証券の売付け等の価額から、自己の計算による当該有価証券の買付け等の価額を控除した額 （107円×1,000株＋108円×21,500株＋109円×34,500株＋110円×8,000株） －（107円×61,000株＋109円×3,400株＋110円×600株） ＝ 105,900円 及び イ．当該違反行為に係る自己の計算による有価証券の買付け等の数量（83,500株）が、当該違反行為に係る自己の計算による有価証券の売付け等の数量（65,000株）を超えていることから、当該違反行為が終了してから１月を経過するまでの間の各日における当該違反行為に係る有価証券の売付け等についての金融商品取引法第６７条の１９又は第１３０条に規定する最高の価格のうち最も高い価格（114円）に当該超える数量18,500株（83,500株－65,000株）を乗じて得た額から、当該超える数量に係る有価証券の買付け等の価額を控除した額 （114円×18,500株） －（107円×18,500株） ＝ 129,500円 の合計額235,400円となる。 (2) 金融商品取引法第１７６条第２項の規定により、上記(1)で計算した額の１万円未満の端数を切捨て、230,000円となる。 (3) 金融商品取引法第１８５条の７第１５項の規定により、上記(2)で計算した額を１．５倍し、345,000円となる。 ４．上記、１．ないし３．により算定した額の合計 45,000円＋405,000円＋345,000円＝795,000円となる。"
2018-12-14,昭光通商株式会社,,昭光通商株式会社に係る有価証券報告書等の虚偽記載に係る課徴金納付命令勧告について,https://www.fsa.go.jp/sesc/news/c_2018/2018/20181214-1.html,"English version 平成30年12月14日 証券取引等監視委員会 昭光通商株式会社に係る有価証券報告書等の虚偽記載に係る課徴金納付命令勧告について １．勧告の内容 証券取引等監視委員会は、昭光通商株式会社（法人番号4010401013769）（以下「当社」という。）に係る有価証券報告書等の虚偽記載について検査した結果、以下のとおり法令違反の事実が認められたので、本日、内閣総理大臣及び金融庁長官に対して、金融庁設置法第20条第１項の規定に基づき、課徴金納付命令を発出するよう勧告を行った。 ２．法令違反の事実関係 当社は、連結子会社における炭化ケイ素等の架空取引により、売上の過大計上を行うとともに、貸倒引当金及びのれんの減損損失の計上等を適正に行わなかった。 この結果、当社は、関東財務局長に対し、金融商品取引法第172条の４第１項及び第２項に規定する「重要な事項につき虚偽の記載がある」以下の有価証券報告書等を提出したものである（「重要な事項につき虚偽の記載」の内容は別紙１のとおり。）。 ・平成26年３月第１四半期四半期報告書（平成26年５月15日提出） ・平成26年６月第２四半期四半期報告書（平成26年８月12日提出） ・平成26年９月第３四半期四半期報告書（平成26年11月14日提出） ・平成26年６月第２四半期四半期報告書の訂正報告書（平成27年３月26日提出） ・平成26年９月第３四半期四半期報告書の訂正報告書（平成27年３月26日提出） ・平成26年12月期有価証券報告書（平成27年３月27日提出） ・平成27年３月第１四半期四半期報告書（平成27年５月15日提出） ・平成27年６月第２四半期四半期報告書（平成27年８月17日提出） ・平成27年９月第３四半期四半期報告書（平成27年11月13日提出） ・平成27年12月期有価証券報告書（平成28年３月30日提出） ・平成28年３月第１四半期四半期報告書（平成28年５月16日提出） ・平成28年６月第２四半期四半期報告書（平成28年８月10日提出） ・平成28年９月第３四半期四半期報告書（平成28年11月14日提出） ３．課徴金の額の計算 上記の違法行為について金融商品取引法に基づき算定される課徴金の額は、2,400万円である。（計算方法については別紙２のとおり。） 【別紙１】昭光通商株式会社に係る有価証券報告書等の虚偽記載内容 番号 開示書類 虚偽記載 提出日 書類 会計期間 財務計算に 関する書類 内容（注） 事由 １ 平成26年 ５月15日 第95期第１四半期（平成26年１月１日～平成26年３月31日）に係る四半期報告書 平成26年１月１日～平成26年３月31日の第１四半期連結累計期間 四半期連結 損益計算書 連結四半期純利益が▲693百万円であるところを466百万円と記載 ・売上の過大計上 ・貸倒引当金の不計上 ・のれんの減損損失の不計上 等 ２ 平成26年 ８月12日 第95期第２四半期（平成26年４月１日～平成26年６月30日）に係る四半期報告書 平成26年１月１日～平成26年６月30日の第２四半期連結累計期間 四半期連結損益計算書 連結四半期純利益が▲750百万円であるところを540百万円と記載 ・売上の過大計上 ・貸倒引当金の不計上 ・のれんの減損損失の不計上 等 ３ 平成26年11月14日 第95期第３四半期（平成26年７月１日～平成26年９月30日）に係る四半期報告書 平成26年１月１日～平成26年９月30日の第３四半期連結累計期間 四半期連結損益計算書 連結四半期純利益が▲510百万円であるところを814百万円と記載 ・売上の過大計上 ・貸倒引当金の不計上 ・のれんの減損損失の不計上 等 ４ 平成27年 ３月26日 第95期第２四半期（平成26年４月１日～平成26年６月30日）に係る四半期報告書の訂正報告書 平成26年１月１日～平成26年６月30日の第２四半期連結累計期間 四半期連結損益計算書 連結四半期純利益が▲750百万円であるところを533百万円と記載 ・売上の過大計上 ・貸倒引当金の不計上 ・のれんの減損損失の不計上 等 ５ 平成27年 ３月26日 第95期第３四半期（平成26年７月１日～平成26年９月30日）に係る四半期報告書の訂正報告書 平成26年１月１日～平成26年９月30日の第３四半期連結累計期間 四半期連結損益計算書 連結四半期純利益が▲510百万円であるところを796百万円と記載 ・売上の過大計上 ・貸倒引当金の不計上 ・のれんの減損損失の不計上 等 ６ 平成27年 ３月27日 第95期（平成26年１月１日～平成26年12月31日）に係る有価証券報告書 平成26年１月１日～平成26年12月31日の連結会計期間 連結 損益計算書 連結当期純利益が▲1,192百万円であるところを224百万円と記載 ・売上の過大計上 ・貸倒引当金の不計上 ・のれんの減損損失の不計上 等 ７ 平成27年 ５月15日 第96期第１四半期（平成27年１月１日～平成27年３月31日）に係る四半期報告書 平成27年１月１日～平成27年３月31日の第１四半期連結会計期間 四半期連結貸借対照表 連結純資産額が3,871百万円であるところを5,375百万円と記載 ・売上の過大計上 ・貸倒引当金の不計上 等 ８ 平成27年 ８月11日 第96期第２四半期（平成27年４月１日～平成27年６月30日）に係る四半期報告書 平成27年４月１日～平成27年６月30日の第２四半期連結会計期間 四半期連結貸借対照表 連結純資産額が3,642百万円であるところを5,234百万円と記載 ・売上の過大計上 ・貸倒引当金の不計上 等 ９ 平成27年 11月13日 第96期第３四半期（平成27年７月１日～平成27年９月30日）に係る四半期報告書 平成27年７月１日～平成27年９月30日の第３四半期連結会計期間 四半期連結 貸借対照表 連結純資産額が2,604百万円であるところを4,215百万円と記載 ・売上の過大計上 ・貸倒引当金の不計上 等 10 平成28年 ３月30日 第96期（平成27年１月１日～平成27年12月31日）に係る有価証券報告書 平成27年１月１日～平成27年12月31日の連結会計期間 連結 貸借対照表 連結純資産額が2,851百万円であるところを4,483百万円と記載 ・売上の過大計上 ・貸倒引当金の不計上 等 連結 損益計算書 連結当期純利益が▲12,785百万円であるところを▲12,570百万円と記載 11 平成28年 ５月16日 第97期第１四半期（平成28年１月１日～平成28年３月31日）に係る四半期報告書 平成28年１月１日～平成28年３月31日の第１四半期連結会計期間 四半期連結貸借対照表 連結純資産額が3,012百万円であるところを4,638百万円と記載 ・売上の過大計上 等 12 平成28年 ８月10日 第97期第２四半期（平成28年４月１日～平成28年６月30日）に係る四半期報告書 平成28年４月１日～平成28年６月30日の第２四半期連結会計期間 四半期連結貸借対照表 連結純資産額が3,393百万円であるところを4,997百万円と記載 ・売上の過大計上 等 13 平成28年11月14日 第97期第３四半期（平成28年７月１日～平成28年９月30日）に係る四半期報告書 平成28年７月１日～平成28年９月30日の第３四半期連結会計期間 四半期連結貸借対照表 連結純資産額が3,699百万円であるところを5,276百万円と記載 ・売上の過大計上 等 （注）金額は百万円未満切捨て。 【別紙２】課徴金の計算方法 （１）　金融商品取引法第172条の４第１項及び第２項の規定により、平成26年３月第１四半期四半期報告書、平成26年６月第２四半期四半期報告書、平成26年９月第３四半期四半期報告書及び平成26年12月期有価証券報告書の各開示書類について算出した額（以下「個別決定ごとの算出額」という。）は、 ア　当社が発行する算定基準有価証券の市場価額の総額に10万分の６を乗じて得た下記の額 平成26年３月第１四半期四半期報告書　　970,436円 平成26年６月第２四半期四半期報告書　　949,399円 平成26年９月第３四半期四半期報告書　1,063,098円 平成26年12月期有価証券報告書　　　  1,032,182円 が、いずれも イ　6,000,000円 を超えないことから、 ・平成26年３月第１四半期四半期報告書については、6,000,000円の２分の１に相当する額である3,000,000円、 ・平成26年６月第２四半期四半期報告書については、6,000,000円の２分の１に相当する額である3,000,000円、 ・平成26年９月第３四半期四半期報告書については、6,000,000円の２分の１に相当する額である3,000,000円、 ・平成26年12月期有価証券報告書については、6,000,000円、 となる。 ここで、これらの開示書類が同一の事業年度に係るものであることから、金融商品取引法第185条の７第６項の規定により、6,000,000円を個別決定ごとの算出額に応じて按分した下記の金額が、これらの開示書類に係る課徴金の額となる。 ・平成26年３月第１四半期四半期報告書に係る課徴金の額は、1,200,000円 ・平成26年６月第２四半期四半期報告書に係る課徴金の額は、1,200,000円 ・平成26年９月第３四半期四半期報告書に係る課徴金の額は、1,200,000円 ・平成26年12月期有価証券報告書に係る課徴金の額は、2,400,000円 （２）　金融商品取引法第172条の４第２項の規定により、平成26年６月第２四半期四半期報告書の訂正報告書及び平成26年９月第３四半期四半期報告書の訂正報告書の個別決定ごとの算出額は、 ア　当社が発行する算定基準有価証券の市場価額の総額に10万分の６を乗じて得た額 平成26年６月第２四半期四半期報告書の訂正報告書　 　949,399円 平成26年９月第３四半期四半期報告書の訂正報告書　 1,063,098円 が、いずれも イ　6,000,000円 を超えないことから、 ・平成26年６月第２四半期四半期報告書の訂正報告書については、6,000,000円の２分の１に相当する額である3,000,000円 ・平成26年９月第３四半期四半期報告書の訂正報告書については、6,000,000円の２分の１に相当する額である3,000,000円 となる。 （３）　金融商品取引法第172条の４第１項及び第２項の規定により、平成27年３月第１四半期四半期報告書、平成27年６月第２四半期四半期報告書、平成27年９月第３四半期四半期報告書及び平成27年12月期有価証券報告書の個別決定ごとの算出額は、 ア　当社が発行する算定基準有価証券の市場価額の総額に10万分の６を乗じて得た下記の額 平成27年３月第１四半期四半期報告書　1,219,912円 平成27年６月第２四半期四半期報告書　　909,721円 平成27年９月第３四半期四半期報告書　　710,283円 平成27年12月期有価証券報告書　　　 　 816,049円 が、いずれも イ　6,000,000円 を超えないことから、 ・平成27年３月第１四半期四半期報告書については、6,000,000円の２分の１に相当する額である3,000,000円、 ・平成27年６月第２四半期四半期報告書については、6,000,000円の２分の１に相当する額である3,000,000円、 ・平成27年９月第３四半期四半期報告書については、6,000,000円の２分の１に相当する額である3,000,000円、 ・平成27年12月期有価証券報告書については、6,000,000円、 となる。 ここで、これらの開示書類が同一の事業年度に係るものであることから、金融商品取引法第185条の７第６項の規定により、6,000,000円を個別決定ごとの算出額に応じて按分した下記の金額が、これらの開示書類に係る課徴金の額となる。 ・平成27年３月第１四半期四半期報告書に係る課徴金の額は、1,200,000円 ・平成27年６月第２四半期四半期報告書に係る課徴金の額は、1,200,000円 ・平成27年９月第３四半期四半期報告書に係る課徴金の額は、1,200,000円 ・平成27年12月期有価証券報告書に係る課徴金の額は、2,400,000円 （４）　金融商品取引法第172条の４第２項の規定により、平成28年３月第１四半期四半期報告書、平成28年６月第２四半期四半期報告書及び平成28年９月第３四半期四半期報告書の個別決定ごとの算出額は、 ア　当社が発行する算定基準有価証券の市場価額の総額に10万分の６を乗じて得た額 平成28年３月第１四半期四半期報告書　　 520,742円 平成28年６月第２四半期四半期報告書　 　499,388円 平成28年９月第３四半期四半期報告書　 　499,823円 が、いずれも イ　6,000,000円 を超えないことから、 ・平成28年３月第１四半期四半期報告書については、6,000,000円の２分の１に相当する額である3,000,000円 ・平成28年６月第２四半期四半期報告書については、6,000,000円の２分の１に相当する額である3,000,000円 ・平成28年９月第３四半期四半期報告書については、6,000,000円の２分の１に相当する額である3,000,000円 となる。 ここで、これらの開示書類が同一の事業年度に係るものであることから、金融商品取引法第185条の７第６項の規定により、6,000,000円を個別決定ごとの算出額に応じて按分した下記の金額が、これらの開示書類に係る課徴金の額となる。 ・平成28年３月第１四半期四半期報告書に係る課徴金の額は、2,000,000円 ・平成28年６月第２四半期四半期報告書に係る課徴金の額は、2,000,000円 ・平成28年９月第３四半期四半期報告書に係る課徴金の額は、2,000,000円"
2018-11-27,株式会社ノエビアホールディングス,4928,株式会社ノエビアホールディングスとの契約締結者の役員による重要事実に係る推奨行為に対する課徴金納付命令の勧告について,https://www.fsa.go.jp/sesc/news/c_2018/2018/20181127-1.html,"English version 平成30年11月27日 証券取引等監視委員会 株式会社ノエビアホールディングスとの契約締結者の役員による重要事実に係る推奨行為に対する課徴金納付命令の勧告について １．勧告の内容 証券取引等監視委員会は、株式会社ノエビアホールディングスとの契約締結者の役員による重要事実に係る推奨行為について検査した結果、下記のとおり法令違反の事実が認められたので、本日、内閣総理大臣及び金融庁長官に対して、金融庁設置法第２０条第１項の規定に基づき、課徴金納付命令を発出するよう勧告を行った。 ２．法令違反の事実関係 課徴金納付命令対象者は、株式会社ノエビア（以下「ノエビア」という。）の役員であったが、同社の完全親会社である株式会社ノエビアホールディングス（以下「ノエビアホールディングス」という。）とノエビアとの経営管理契約の履行に関し、ノエビアホールディングスの業務執行を決定する機関が、①自己の株式の取得を行うことについての決定をした旨の重要事実、②ノエビアホールディングスの平成２９年９月期の剰余金の配当について、平成２８年１１月８日に公表がされた直近の予想値（期末配当金１２０円）に比較して、平成２９年９月期の決算（期末配当金１５０円）において、投資者の投資判断に及ぼす影響が重要なものとなる差異が生じた旨の重要事実をいずれも知りながら、被推奨者に対し、前記各事実の公表がされる前にノエビアホールディングス株式の買付けをさせることにより被推奨者に利益を得させる目的をもって、ノエビアホールディングス株式の買付けをすることを勧めたものである。 被推奨者は、前記各事実の公表がされた平成２９年１１月７日午後３時頃より前の同日午後０時５９分頃から午後１時１分頃の間に、自己の計算において、ノエビアホールディングス株式合計５００株を買付価額合計３５３万円で買い付けたものである。 違反行為事実の概要については、 別図 のとおり。 課徴金納付命令対象者が行った上記の行為は、金融商品取引法第１７５条の２第１項に規定する「第１６７条の２第１項の規定に違反して、同項の伝達をし、又は同項の売買等をすることを勧める」行為に該当すると認められる。 ３．課徴金の額の計算 上記の違法行為に対し金融商品取引法に基づき納付を命じられる課徴金の額は、２８万円である。 計算方法の詳細については、 別紙 のとおり。 （別図） ○違反行為事実の概要について （クリックすると拡大されます） （別紙） 〇課徴金の額の計算について (1) 金融商品取引法第１７５条の２第１項第３号の規定により、当該違反行為により当該情報受領者等が行った当該買付けによって得た利得相当額に２分の１を乗じて得た額。 利得相当額とは、同条第３項第２号の規定により、情報受領者等が特定有価証券等の買付けをした場合、当該特定有価証券等の買付けについて、業務等に関する重要事実の公表がされた後２週間における最も高い価格（8,200円）に当該特定有価証券等の買付けの数量を乗じて得た額から当該特定有価証券等の買付けをした価格にその数量を乗じて得た額を控除した額。 ｛（8,200円×500株）－（7,060円×500株）｝×1／2 ＝285,000円 (2) 金融商品取引法第１７６条第２項の規定により、上記(1)で計算した額の１万円未満の端数を切捨て。"
2018-11-27,株式会社スリーエフ,7544,株式会社スリーエフとの契約締結交渉者の社員から情報を受領した者による内部者取引に対する課徴金納付命令の勧告について,https://www.fsa.go.jp/sesc/news/c_2018/2018/20181127-2.html,"English version 平成30年11月27日 証券取引等監視委員会 株式会社スリーエフとの契約締結交渉者の社員から情報を受領した者による内部者取引に対する課徴金納付命令の勧告について １．勧告の内容 証券取引等監視委員会は、株式会社スリーエフとの契約締結交渉者の社員から情報を受領した者による内部者取引について検査した結果、下記のとおり法令違反の事実が認められたので、本日、内閣総理大臣及び金融庁長官に対して、金融庁設置法第２０条第１項の規定に基づき、課徴金納付命令を発出するよう勧告を行った。 ２．法令違反の事実関係 課徴金納付命令対象者は、株式会社ローソン（以下「ローソン」という。）に勤務していた者であるが、同社の社員甲から、株式会社スリーエフ（以下「スリーエフ」という。）の業務を執行する機関が会社の分割を行うことについての決定をした旨の重要事実の伝達を受けながら、前記重要事実の公表がされた平成２９年４月１２日より前の同年１月２６日から同年４月４日までの間、自己の計算において、スリーエフ株式合計６７００株を買付価額合計２０２万５０００円で買い付けたものである。 前記重要事実は、スリーエフと事業統合契約の締結の交渉をしていたローソンの他の社員乙が同契約の締結の交渉に関し知り、その後、同社の社員甲がその職務に関し知ったものである。 違反行為事実の概要については、 別図 のとおり。 課徴金納付命令対象者が行った上記の行為は、金融商品取引法第１７５条第１項に規定する「第１６６条第１項又は第３項の規定に違反して、同条第１項に規定する売買等をした」行為に該当すると認められる。 ３．課徴金の額の計算 上記の違法行為に対し金融商品取引法に基づき納付を命じられる課徴金の額は、１１３万円である。 計算方法の詳細については、 別紙 のとおり。 ４．その他 本件については、日本取引所自主規制法人より提供された情報も参考として、実態解明を行ったものである。 （別図） ○違反行為事実の概要について （クリックすると拡大されます） （別紙） 〇課徴金の額の計算について (1) 金融商品取引法第１７５条第１項第２号の規定により、当該有価証券の買付けについて、業務等に関する重要事実の公表がされた後２週間における最も高い価格（472円）に当該有価証券の買付けの数量を乗じて得た額から当該有価証券の買付けをした価格にその数量を乗じて得た額を控除した額。 （472円×6,700株） －（301円×2,900株＋302円×2,300株＋304円×600株＋305円×700株＋308円×200株） ＝1,137,400円 (2) 金融商品取引法第１７６条第２項の規定により、上記(1)で計算した額の１万円未満の端数を切捨て。"
2018-12-07,,,トラスト株式に係る相場操縦に対する課徴金納付命令の勧告について,https://www.fsa.go.jp/sesc/news/c_2018/2018/20181207-1.html,"English version 平成30年12月7日 証券取引等監視委員会 トラスト株式に係る相場操縦に対する課徴金納付命令の勧告について １．勧告の内容 証券取引等監視委員会は、トラスト株式に係る相場操縦について検査した結果、下記のとおり法令違反の事実が認められたので、本日、内閣総理大臣及び金融庁長官に対して、金融庁設置法第２０条第１項の規定に基づき、課徴金納付命令を発出するよう勧告を行った。 ２．法令違反の事実関係 課徴金納付命令対象者は、株式会社トラスト（以下「トラスト」という。）の株式につき、同株式の売買を誘引する目的をもって、 別表 記載のとおり、平成２９年５月２９日午前９時５分頃から同年６月１４日午後２時５９分頃までの間、１３取引日にわたり、成行又は直前の約定値より高指値の買い注文を発注して株価を繰り返し引き上げるなどの方法により、同株式合計３万８３００株を買い付ける一方、同株式合計３万６１００株を売り付け、もって、自己の計算において、トラスト株式の売買が繁盛であると誤解させ、かつ、同株式の相場を変動させるべき一連の売買を行ったものである。 違反行為事実の概要については、 別図 のとおり。 課徴金納付命令対象者が行った上記の行為は、金融商品取引法第１７４条の２第１項に規定する「第１５９条第２項第１号の規定に違反する一連の有価証券売買等」に該当すると認められる。 ３．課徴金の額の計算 上記の違法行為に対し金融商品取引法に基づき納付を命じられる課徴金の額は、１３００万円である。 計算方法の詳細については、 別紙１ 及び 別紙２ のとおり。 （別表） ○違反行為状況 （クリックすると拡大されます） （別図） ○違反行為事実の概要について （クリックすると拡大されます） （別紙１） ○課徴金の額の計算方法について 別表 の違反行為に係る課徴金の額の計算の基礎は以下のとおりである。 １．金融商品取引法第１７４条の２第１項の規定により、当該違反行為に係る課徴金の額は、 (1) 当該違反行為に係る有価証券の売買対当数量に係るものについて、自己の計算による当該有価証券の売付け等の価額から、自己の計算による当該有価証券の買付け等の価額を控除した額 及び (2) 当該違反行為に係る自己の計算による有価証券の売付け等又は買付け等の数量が、当該違反行為に係る自己の計算による有価証券の買付け等又は売付け等の数量を超える場合、当該超える数量に係る有価証券の売付け等の価額から当該違反行為が終了してから１月を経過するまでの間の各日における当該違反行為に係る有価証券の買付け等についての金融商品取引法第６７条の１９又は第１３０条に規定する最低の価格のうち最も低い価格に当該超える数量を乗じて得た額を控除した額、又は当該違反行為が終了してから１月を経過するまでの間の各日における当該違反行為に係る有価証券の売付け等についての金融商品取引法第６７条の１９又は第１３０条に規定する最高の価格のうち最も高い価格に当該超える数量を乗じて得た額から当該超える数量に係る有価証券の買付け等の価額を控除した額 の合計額として算定。 ２．上記１．で算定された課徴金の額につき、金融商品取引法第１７６条第２項の規定により１万円未満の端数を切り捨てて算定。 以上につき、 別紙２ のとおり。 （別紙２） 別表 に掲げる事実につき １．当該違反行為に係る自己の計算による有価証券の売付け等の数量は、36,100株であり、当該違反行為に係る自己の計算による有価証券の買付け等の数量は、実際の買付け等の数量38,300株に、金融商品取引法第１７４条の２第８項及び金融商品取引法施行令第３３条の１３第１号の規定により、違反行為の開始時にその時における価格（293円）で買付け等を自己の計算においてしたものとみなされる当該違反行為の開始時に所有している有価証券の数量367,500株を加えた405,800株であることから、 (1) 当該違反行為に係る有価証券の売買対当数量（36,100株）に係るものについて、自己の計算による当該有価証券の売付け等の価額から、自己の計算による当該有価証券の買付け等の価額を控除した額 （300円×1,100株＋301円×400株＋304円×2,000株＋305円×600株 ＋306円×1,400株＋307円×200株＋308円×100株＋309円×2,100株 ＋310円×900株＋311円×200株＋313円×1,200株＋315円×200株 ＋316円×600株＋317円×1,600株＋318円×900株＋321円×1,500株 ＋322円×3,100株＋323円×2,000株＋324円×9,700株＋325円×1,900株 ＋326円×2,400株＋327円×1,200株＋328円×800株） －（293円×36,100株） ＝ 919,600円 及び (2)当該違反行為に係る自己の計算による有価証券の買付け等の数量（405,800株）が、当該違反行為に係る自己の計算による有価証券の売付け等の数量（36,100株）を超えていることから、当該違反行為が終了してから１月を経過するまでの間の各日における当該違反行為に係る有価証券の売付け等についての金融商品取引法第６７条の１９又は第１３０条に規定する最高の価格のうち最も高い価格（328円）に当該超える数量369,700株（405,800株－36,100株）を乗じて得た額から、当該超える数量に係る有価証券の買付け等の価額を控除した額 （328円×369,700株） －（291円×100株＋293円×331,600株＋294円×300株＋295円×1,200株 ＋296円×300株＋297円×300株＋298円×200株＋299円×800株 ＋300円×1,300株＋301円×1,300株＋302円×800株＋303円×100株 ＋304円×400株＋305円×100株＋306円×1,800株＋307円×1,400株 ＋308円×1,000株＋309円×200株＋310円×1,400株＋311円×1,300株 ＋312円×800株＋313円×500株＋314円×2,200株＋315円×400株 ＋316円×700株＋317円×200株＋318円×300株＋319円×1,100株 ＋320円×800株＋321円×200株＋322円×200株＋323円×600株 ＋324円×2,300株＋325円×4,200株＋326円×6,300株＋327円×2,100株 ＋328円×700株＋329円×200株） ＝ 12,082,500円 の合計額13,002,100円となる。 ２．金融商品取引法第１７６条第２項の規定により、上記１．で計算した額の１万円未満の端数を切捨て、13,000,000円となる。"
2018-11-16,クローバーアセットマネジメント株式会社,,クローバーアセットマネジメント株式会社及びジェイ・トラスト株式会社並びにその役員等２名による金融商品取引法違反行為に係る裁判所への禁止及び停止命令発出の申立てについて,https://www.fsa.go.jp/sesc/news/c_2018/2018/20181116-1.html,English version 平成30年11月16日 証券取引等監視委員会 クローバーアセットマネジメント株式会社及びジェイ・トラスト株式会社並びにその役員等２名による金融商品取引法違反行為に係る裁判所への禁止及び停止命令発出の申立てについて １．申立ての内容等 証券取引等監視委員会が、クローバーアセットマネジメント株式会社（東京都千代田区、法人番号6010001108587、代表取締役Ａ、資本金700万円、以下「クローバー社」という（注１）。）及びジェイ・トラスト株式会社（東京都中央区、法人番号8010001128385、代表取締役Ｂ、資本金1000万円、以下「ジェイ社」という。）（上記２社は、いずれも金融商品取引業の登録等はない（注２）。以下、上記２社を併せて「両社」という。）に対して金融商品取引法（以下「金商法」という。）第187条第１項に基づく調査を行った結果、下記２．の事実が認められたことから、本日、証券取引等監視委員会は、金商法第192条第１項に基づき、東京地方裁判所に対し、両社並びにジェイ社の代表取締役であるＢ及び両社の資金管理等を行っており実質的な経営者であるＣ（以下、両社並びにＢ及びＣを併せて「クローバー社ら」という。）を被申立人として、金商法違反行為（無登録で、金商法第２条第２項第５号又は第６号に掲げる権利について、募集又は私募を業として行うこと）の禁止及び停止を命ずるよう申立てを行った。 （注１）クローバー社の登記上の代表取締役であるＡは、Ｂ及びＣからの依頼に応じ、月額５万円ないし10万円の報酬と引き換えに、形式上、代表取締役に就任したものである。 （注２）両社は、平成21年から適格機関投資家等特例業務（以下「特例業務」という。）を行うとして、関東財務局に対し届出を行っていたが、何れも、平成28年９月に特例業務を廃止した旨の届出を行っている。クローバー社らは、廃止届出にあたって、ファンド資金の返金が完了したとの虚偽の報告を行っていた。 ２．事実関係 クローバー社らは、平成27年６月１日以降、一般投資家に対し、電話等により、「クローバー社員権」、「ジェイ・トラスト社員権」、「よつばＭＲＦ口座」、「ジェイ・トラストＭＲＦ口座」という名称の商品の取得勧誘を行っている。 ここで、「社員権」と称する各商品については、クローバー社らが、集めた出資金を株式又はファクタリング事業により運用し、配当を行うとしているものであり、各合同会社の実体はないことなどから、金商法第２条第２項第３号の「合同会社の社員権」には当たらず、同項第５号に掲げる権利（いわゆる集団投資スキーム持分）であると認められる。 また、「ＭＲＦ口座」と称する各商品についても、クローバー社らが、集めた出資金を株式で運用し、配当を行うとしているものであり、いわゆるＭＲＦ（追加型公社債投資信託の受益証券）ではなく、金商法第２条第２項第５号に掲げる権利（いわゆる集団投資スキーム持分）であると認められる。 クローバー社らは、上記の４商品の取得勧誘によって、少なくとも、クローバー社は延べ220名の一般投資家から延べ約18億円を出資させ、ジェイ社は延べ181名の一般投資家から延べ約14億円を出資させている（注３）。 （注３）両社は、顧客からの出資金を、他の顧客に対する償還原資や、Ｂ及びＣの報酬並びに両社従業員の給与等に充てることを繰り返しており、顧客からの出資金はほぼ費消されている状況にある。 クローバー社らの上記の取得勧誘行為は、金商法第28条第２項第２号に規定する「第二種金融商品取引業」に該当し、無登録でこれを行うことは、同法第29条に違反するものである。 クローバー社らは上記違法行為を今後も行う蓋然性が高いことから、これを可及的速やかに禁止・停止させる必要がある。 (クリックすると拡大されます。) 参考条文 ○第二種金融商品取引業 金融商品取引法(抄) （定義） 第二条 この法律において「有価証券」とは、次に掲げるものをいう。 一～二十一　（略） ２ （前略）、次に掲げる権利は、証券又は証書に表示されるべき権利以外の権利であっても有価証券とみなして、この法律の規定を適用する。 一～四 （略） 五　民法（中略）第六百六十七条第一項に規定する組合契約、商法（中略）第五百三十五条に規定する匿名組合契約、投資事業有限責任組合契約に関する法律（中略）第三条第一項に規定する投資事業有限責任組合契約又は有限責任事業組合契約に関する法律（中略）第三条第一項に規定する有限責任事業組合契約に基づく権利、社団法人の社員権その他の権利（外国の法令に基づくものを除く。）のうち、当該権利を有する者（以下この号において「出資者」という。）が出資又は拠出をした金銭（これに類するものとして政令で定めるものを含む。）を充てて行う事業（以下この号において「出資対象事業」という。）から生ずる収益の配当又は当該出資対象事業に係る財産の分配を受けることができる権利であって、次のいずれにも該当しないもの（略） イ～二 （略） 六　外国の法令に基づく権利であって、前号に掲げる権利に類するもの 七 （略） ３～７ （略） ８ この法律において「金融商品取引業」とは、次に掲げる行為（略）のいずれかを業として行うことをいう。 一～六 （略） 七　有価証券（次に掲げるものに限る。）の募集又は私募 イ～ホ （略） ヘ　第二項の規定により有価証券とみなされる同項第五号又は第六号に掲げる権利 ト　(略) 八～十八 （略） ９～40 （略） 第二十八条 （略） ２ この章において「第二種金融商品取引業」とは、金融商品取引業のうち、次に掲げる行為のいずれかを業として行うことをいう。 一 第二条第八項第七号に掲げる行為 二～四　（略） ３～８ （略） （登録） 第二十九条 金融商品取引業は、内閣総理大臣の登録を受けた者でなければ、行うことができない。 ○緊急差止命令に係る申立て 金融商品取引法(抄) （審問等に関する調査のための処分） 第百八十七条 内閣総理大臣又は内閣総理大臣及び財務大臣は、この法律の規定による審問、この法律の規定による処分に係る聴聞又は第百九十二条の規定による申立てについて、必要な調査をするため、当該職員に、次に掲げる処分をさせることができる。 一　関係人若しくは参考人に出頭を命じて意見を聴取し、又はこれらの者から意見書若しくは報告書を提出させること。 二　鑑定人に出頭を命じて鑑定させること。 三　関係人に対し帳簿書類その他の物件の提出を命じ、又は提出物件を留めて置くこと。 四　関係人の業務若しくは財産の状況又は帳簿書類その他の物件を検査すること。 ２ (略) （裁判所の禁止又は停止命令） 第百九十二条 裁判所は、次の各号のいずれかに該当すると認めるときは、内閣総理大臣又は内閣総理大臣及び財務大臣の申立てにより、当該各号に定める行為を行い、又は行おうとする者に対し、その行為の禁止又は停止を命ずることができる。 一　緊急の必要があり、かつ、公益及び投資者保護のため必要かつ適当であるとき この法律又はこの法律に基づく命令に違反する行為 二　第二条第二項第五号若しくは第六号に掲げる権利又は同項第七号に掲げる権利（同項第五号又は第六号に掲げる権利と同様の経済的性質を有するものとして政令で定める権利に限る。）に関し出資され、又は拠出された金銭（これに類するものとして政令で定めるものを含む。）を充てて行われる事業に係る業務執行が著しく適正を欠き、かつ、現に投資者の利益が著しく害されており、又は害されることが明白である場合において、投資者の損害の拡大を防止する緊急の必要があるとき　これらの権利に係る同条第八項第七号から第九号までに掲げる行為 ２～４ （略） 第百九十八条 次の各号のいずれかに該当する者は、三年以下の懲役若しくは三百万円以下の罰金に処し、又はこれを併科する。 一～七　(略) 八　第百九十二条第一項又は第二項の規定による裁判所の命令に違反した者 第二百七条 法人（中略）の代表者又は法人若しくは人の代理人、使用人その他の従業者が、その法人又は人の業務又は財産に関し、次の各号に掲げる規定の違反行為をしたときは、その行為者を罰するほか、その法人に対して当該各号に定める罰金刑を、その人に対して各本条の罰金刑を科する。 一・二　(略) 三　第百九十八条（略）又は第百九十八条の三から第百九十八条の五まで三億円以下の罰金刑 四～六　(略) ２・３ (略)
2018-11-20,株式会社省電舎ホールディングス,,株式会社省電舎ホールディングスに係る有価証券報告書等の虚偽記載に係る課徴金納付命令勧告について,https://www.fsa.go.jp/sesc/news/c_2018/2018/20181120-1.html,"English version 平成30年11月20日 証券取引等監視委員会 株式会社省電舎ホールディングスに係る有価証券報告書等の虚偽記載に係る課徴金納付命令勧告について １．勧告の内容 証券取引等監視委員会は、株式会社省電舎ホールディングス（法人番号2010401082989）（以下「当社」という。）に係る有価証券報告書等の虚偽記載について検査した結果、以下のとおり法令違反の事実が認められたので、本日、内閣総理大臣及び金融庁長官に対して、金融庁設置法第20条第１項の規定に基づき、課徴金納付命令を発出するよう勧告を行った。 ２．法令違反の事実関係 （１）継続開示書類 当社は、連結子会社が行った発電施設に係る建設工事や販売取引等に関して売上の過大計上及び建設工事費用の未計上等を行ったほか、当社の海外事業における損失の計上時期の先送りによる費用の過少計上等を行った。 この結果、当社は、関東財務局長に対し、別紙１のとおり、金融商品取引法第172条の４第１項及び第２項に規定する「重要な事項につき虚偽の記載がある」以下の有価証券報告書等を提出したものである。 ・平成26年３月期有価証券報告書（平成26年６月30日提出） ・平成26年12月第３四半期四半期報告書（平成27年２月13日提出） ・平成27年６月第１四半期四半期報告書（平成27年８月14日提出） ・平成28年３月期有価証券報告書（平成28年６月29日提出） ・平成28年６月第１四半期四半期報告書（平成28年８月15日提出） ・平成28年９月第２四半期四半期報告書（平成28年11月14日提出） ・平成28年12月第３四半期四半期報告書（平成29年２月14日提出） （２）発行開示書類 当社は、関東財務局長に対し、平成28年10月６日、上記（１）の重要な事項につき虚偽の記載がある平成28年３月期有価証券報告書及び平成28年６月第１四半期四半期報告書を組込情報とする有価証券届出書（新株予約権証券の募集）を提出し、当該有価証券届出書に基づく募集により、平成28年10月24日、6,000個の新株予約権証券を298,440千円（新株予約権の行使に際して払い込むべき金額を含む。）で取得させた。 これにより、当社は、関東財務局長に対し、金融商品取引法第172条の２第１項第１号に規定する「重要な事項につき虚偽の記載がある」発行開示書類を提出し、当該発行開示書類に基づく募集により有価証券を取得させたものである。 ３．課徴金の額の計算 上記の違法行為について金融商品取引法に基づき算定される課徴金の額は、 3,442万円である。（計算方法については別紙２のとおり。） 【別紙１】株式会社省電舎ホールディングスに係る有価証券報告書等の虚偽記載内容 番号 開示書類 虚偽記載 提出日 書類 会計期間 財務計算に 関する書類 内容（注） 事由 １ 平成26年 ６月30日 第29期（平成25年４月１日～平成26年３月31日）に係る有価証券報告書 平成25年４月１日～平成26年３月31日の連結会計期間 連結 貸借対照表 連結純資産額が209百万円であるところを294百万円と記載 ・売上の過大計上 等 連結 損益計算書 連結当期純利益が▲101百万円であるところを▲16百万円と記載 ２ 平成27年 ２月13日 第30期第３四半期（平成26年10月１日～平成26年12月31日）に係る四半期報告書 平成26年10月１日～平成26年12月31日の第３四半期連結会計期間 四半期連結貸借対照表 連結純資産額が237百万円であるところを310百万円と記載 ・売上の過大計上 等 ３ 平成27年 ８月14日 第31期第１四半期（平成27年４月１日～平成27年６月30日）に係る四半期報告書 平成27年４月１日～平成27年６月30日の第１四半期連結会計期間 四半期連結貸借対照表 連結純資産額が139百万円であるところを218百万円と記載 ・売上の過大計上 等 平成27年４月１日～平成27年６月30日の第１四半期連結累計期間 四半期連結 損益計算書 親会社株主に帰属する四半期純利益が▲76百万円であるところを▲21百万円と記載 ４ 平成28年 ６月29日 第31期（平成27年４月１日～平成28年３月31日）に係る有価証券報告書 平成27年４月１日～平成28年３月31日の連結会計期間 連結 貸借対照表 連結純資産額が15百万円であるところを291百万円と記載 ・売上の過大計上 ・引当金の不計上 ・損失の未計上 等 連結 損益計算書 親会社株主に帰属する当期純利益が▲195百万円であるところを57百万円と記載 ５ 平成28年 ８月15日 第32期第１四半期（平成28年４月１日～平成28年６月30日）に係る四半期報告書 平成28年４月１日～平成28年６月30日の第１四半期連結会計期間 四半期連結貸借対照表 連結純資産額が▲40百万円であるところを295百万円と記載 ・売上の過大計上 ・費用の未計上 等 平成28年４月１日～平成28年６月30日の第１四半期連結累計期間 四半期連結 損益計算書 親会社株主に帰属する四半期純利益が▲56百万円であるところを３百万円と記載 ６ 平成28年 11月14日 第32期第２四半期（平成28年７月１日～平成28年９月30日）に係る四半期報告書 平成28年７月１日～平成28年９月30日の第２四半期連結会計期間 四半期連結貸借対照表 連結純資産額が107百万円であるところを299百万円と記載 ・売上の過大計上 ・費用の未計上 等 ７ 平成29年 ２月14日 第32期第３四半期（平成28年10月１日～平成28年12月31日）に係る四半期報告書 平成28年10月１日～平成28年12月31日の第３四半期連結会計期間 四半期連結貸借対照表 連結純資産額が638百万円であるところを844百万円と記載 ・売上の過大計上 ・費用の未計上 等 （注）金額は百万円未満切捨てである。 【別紙２】課徴金の計算方法 （１）　金融商品取引法第172条の４第１項の規定により、平成26年３月期有価証券報告書に係る課徴金の額は、 ア　当社が発行する算定基準有価証券の市場価額の総額に10万分の６を乗じて得た額（2,469,898円） が イ　6,000,000円 を超えないことから、課徴金額は6,000,000円となる。 （２）　金融商品取引法第172条の４第２項の規定により、平成26年12月第３四半期四半期報告書に係る課徴金の額は、 ア　当社が発行する算定基準有価証券の市場価額の総額に10万分の６を乗じて得た額（121,026円） が、 イ　6,000,000円 を超えないことから、課徴金額は6,000,000円の２分の１に相当する額である3,000,000円となる。 （３）　金融商品取引法第172条の４第１項及び第２項の規定により、平成27年６月第１四半期四半期報告書及び平成28年３月期有価証券報告書の各開示書類について算出した額（以下「個別決定ごとの算出額」という。）は、 ア　当社が発行する算定基準有価証券の市場価額の総額に10万分の６を乗じて得た下記の額 平成27年６月第１四半期四半期報告書　　107,735円 平成28年３月期有価証券報告書　　　　   80,807円 が、 イ　いずれも6,000,000円 を超えないことから、 ・平成27年６月第１四半期四半期報告書については、6,000,000円の２分の１に相当する額である3,000,000円、 ・平成28年３月期有価証券報告書については、6,000,000円、 となる。 ここで、これらの開示書類が同一の事業年度に係るものであることから、金融商品取引法第185条の７第６項の規定により、6,000,000円を個別決定ごとの算出額に応じて按分した下記の金額が、これらの開示書類に係る課徴金の額となる。 ・平成27年６月第１四半期四半期報告書に係る課徴金の額は、2,000,000円 ・平成28年３月期有価証券報告書に係る課徴金の額は、4,000,000円 （４）　金融商品取引法第172条の４第２項の規定により、平成28年６月第１四半期四半期報告書、平成28年９月第２四半期四半期報告書及び平成28年12月第３四半期四半期報告書について、これら四半期報告書ごとに算出した額（以下「個別決定ごとの算出額」という。）は、 ア　当社が発行する算定基準有価証券の市場価額の総額に10万分の６を乗じて得た額 平成28年６月第１四半期四半期報告書　　  57,793円 平成28年９月第２四半期四半期報告書　 　 56,220円 平成28年12月第３四半期四半期報告書　　103,155円 が、いずれも イ　6,000,000円 を超えないことから、 ・平成28年６月第１四半期四半期報告書については、6,000,000円の２分の１に相当する額である3,000,000円 ・平成28年９月第２四半期四半期報告書については、6,000,000円の２分の１に相当する額である3,000,000円 ・平成28年12月第３四半期四半期報告書については、6,000,000円の２分の１に相当する額である3,000,000円 となる。 ここで、これらの開示書類が同一の事業年度に係るものであることから、金融商品取引法第185条の７第６項の規定により、6,000,000円を個別決定ごとの算出額に応じて按分した下記の金額が、これらの開示書類に係る課徴金の額となる。 ・平成28年６月第１四半期四半期報告書に係る課徴金の額は、2,000,000円 ・平成28年９月第２四半期四半期報告書に係る課徴金の額は、2,000,000円 ・平成28年12月第３四半期四半期報告書に係る課徴金の額は、2,000,000円 （５）　金融商品取引法第172条の２第１項第１号の規定により、当社の平成28年10月６日提出の有価証券届出書（新株予約権証券の募集）に係る課徴金の額は、 重要な事項につき虚偽の記載がある発行開示書類に基づく募集により取得させた新株予約権証券の発行価額の総額（当該新株予約権の行使に際して払い込むべき金額を含む）298,440,000円の100分の4.5に相当する額（13,429,800円） に、金融商品取引法第176条第２項の規定により１万円未満の端数を切り捨てて、 13,420,000円 となる。"
2018-11-13,ＬＣホールディングス株式会社,,ＬＣホールディングス株式会社株券に係る内部者取引事件の告発について（２）,https://www.fsa.go.jp/sesc/news/c_2018/2018/20181113-2.html,English version 平成３０年１１月１３日 証券取引等監視委員会 ＬＣホールディングス株式会社株券に係る内部者取引事件の告発について（２） 証券取引等監視委員会は、本日、金融商品取引法違反（内部者取引、情報伝達）の嫌疑で、嫌疑者２名を東京地方検察庁に告発した。告発の対象となった犯則事実については下記のとおり。 １．告発の対象となった犯則事実 第１　Ａは、東京証券取引所が開設する有価証券市場に株券を上場していた株式会社ロジコム（以下「ロジコム」という。）の社外取締役を務めていたものであるが、平成２８年１月中旬頃、その職務に関し、同社が第三者割当増資を行うことについての決定をした旨及び同社が株式会社ダヴィンチ・ホールディングスとの業務上の提携を行うことについての決定をした旨のロジコムの業務等に関する重要事実を知り、あらかじめ同社の株券を買い付けさせて利益を得させる目的をもって、同重要事実の公表前である同年２月上旬頃、Ｂに対し、同重要事実を伝達したものであり、これにより同人が、法定の除外事由がないのに、同重要事実の公表前である同月中旬頃、証券会社を介し、東京証券取引所において、同人名義でロジコムの株券１万株を代金１２００万円で買い付け 第２　Ｂは、平成２８年２月上旬頃、前記第１記載のとおり、Ａから、同人が同年１月中旬頃、その職務に関し知った、ロジコムが第三者割当増資を行うことについての決定をした旨及び同社が株式会社ダヴィンチ・ホールディングスとの業務上の提携を行うことについての決定をした旨のロジコムの業務に関する重要事実の伝達を受け、法定の除外事由がないのに、同重要事実の公表前である同年２月中旬頃、証券会社を介し、前記東京証券取引所において、同人名義でロジコム株券１万株を代金１２００万円で買い付け たものである。 ２．関連条文 金融商品取引法 第１　第１９７条の２第１４号、第１６７条の２第１項 第２　同法第１９７条の２第１３号、第１６６条第３項、同条第１項、同条第２項第１号イ及びヨ 法定刑：５年以下の懲役若しくは５００万円以下の罰金又はこれを併科
2018-11-13,ＬＣホールディングス株式会社,,ＬＣホールディングス株式会社株券に係る内部者取引事件の告発について（１）,https://www.fsa.go.jp/sesc/news/c_2018/2018/20181113-1.html,English version 平成３０年１１月１３日 証券取引等監視委員会 ＬＣホールディングス株式会社株券に係る内部者取引事件の告発について（１） 証券取引等監視委員会は、本日、金融商品取引法違反（内部者取引）の嫌疑で、嫌疑者１名を東京地方検察庁に告発した。告発の対象となった犯則事実については下記のとおり。 １．告発の対象となった犯則事実 犯則嫌疑者は、東京証券取引所が開設する有価証券市場に株券を上場している株式会社ロジコム（以下「ロジコム」という。）の代表取締役を務めていたものであるが、平成２８年１月中旬頃、その職務に関し、同社が第三者割当増資を行うことについての決定をした旨及び同社が株式会社ダヴィンチ・ホールディングスとの業務上の提携を行うことについての決定をした旨のロジコムの業務等に関する重要事実を知り、法定の除外事由がないのに、同重要事実の公表前である同年１月下旬頃から２月中旬頃、証券会社を介し、東京証券取引所において、他人名義で同社の株券約１万９０００株を代金合計約２４００万円で買い付けたものである。 ２．関連条文 金融商品取引法 第１９７条の２第１３号、第１６６条第１項第１号、同条第２項第１号イ及びヨ 法定刑：５年以下の懲役若しくは５００万円以下の罰金又はこれを併科
2018-10-30,株式会社アサツーディ・ケイ株券,,株式会社アサツーディ・ケイ株券に係る内部者取引事件の告発について,https://www.fsa.go.jp/sesc/news/c_2018/2018/20181030-3.html,English version 平成30年10月30日 証券取引等監視委員会 株式会社アサツーディ・ケイ株券に係る内部者取引事件の告発について 証券取引等監視委員会は、本日、金融商品取引法違反（内部者取引、情報伝達・取引推奨）の嫌疑で、嫌疑者１名を東京地方検察庁に告発した。告発の対象となった犯則事実については下記のとおり。 １．告発の対象となった犯則事実 犯則嫌疑者は、東京証券取引所市場第一部に株券を上場している株式会社アサツーディ・ケイ（以下「アサツー」という。）の執行役員を務めていたものであるが、平成２９年９月下旬頃、その職務に関し、アサツーの代表取締役らがその職務に関しＢＣＰＥ　Ｍａｄｉｓｏｎ　Ｃａｙｍａｎ，Ｌ．Ｐ．からの伝達により知った、アサツーの株券の公開買付けを行うことについての決定をした旨の公開買付けの実施に関する事実を知り 第１　法定の除外事由がないのに、前記事実の公表前である同月下旬頃、証券会社を介し、東京証券取引所において、他人名義でアサツーの株券合計約２万６０００株を代金合計約８２００万円で買い付けた 第２　あらかじめアサツーの株券を買い付けさせて利益を得させる目的をもって、前記事実の公表前である同月下旬頃、知人に対し、アサツーの株券の買付けを勧め、さらに、その頃、同人に対し、同事実を伝達したものであり、これらにより同人が、法定の除外事由がないのに、同事実の公表前である同月下旬頃、証券会社を介し、東京証券取引所において、アサツーの株券合計３００株を代金合計約９０万円で買い付けた ものである。 ２．関連条文 金融商品取引法 第１　同法第１９７条の２第１３号、第１６７条第１項第６号 第２　同法第１９７条の２第１５号、第１６７条の２第２項 法定刑：５年以下の懲役若しくは５００万円以下の罰金又はこれを併科
2018-10-30,東洋証券株式会社,8614,東洋証券株式会社に対する検査結果に基づく勧告について,https://www.fsa.go.jp/sesc/news/c_2018/2018/20181030-2.html,"English version 平成30年10月30日 証券取引等監視委員会 東洋証券株式会社に対する検査結果に基づく勧告について １．勧告の内容 関東財務局長が東洋証券株式会社（東京都中央区、法人番号7010001051893、資本金134億円、常勤役職員741名、第一種金融商品取引業、第二種金融商品取引業）を検査した結果、下記のとおり、当該金融商品取引業者に係る問題が認められたので、本日、証券取引等監視委員会は、内閣総理大臣及び金融庁長官に対して、金融庁設置法第20条第１項の規定に基づき、行政処分を行うよう勧告した。 ２．事実関係 ○ 米国株式取引の勧誘に関し、虚偽表示又は重要な事項につき誤解を生ぜしめるべき表示をする行為 東洋証券株式会社（以下「当社」という。）においては、近年、米国株式市場が堅調に推移していることなどから、米国株式営業に注力してきている。今回検査において、平成25年９月から同30年２月までの間の米国株式営業の勧誘状況等を検証したところ、高齢顧客に対し、多数の営業員が、米国株式の乗換取引の勧誘に応じてもらうために、売却する米国株式の損益について、損失の額を実際の額よりも過少に伝える、又は、損失が発生しているにもかかわらず利益が発生している旨を伝えるなどといった虚偽表示や、誤解を生ぜしめるべき表示（※）を行っていた。 （※）誤解表示の具体例 １株＝1,000ドルの銘柄を１ドル＝120円の時に買い付け（1,000×120＝12万円で買付け）、その後、１株＝1,300ドル、１ドル＝100円の時に売却（1,300×100＝13万円で売却）した場合、為替差損益を考慮した円ベースの損益は売却時の円換算額（13万円）から買付時の円換算額（12万円）を差し引いた額（１万円）となるところ、かかる利益額ではなく、ドルベースの利益（1,300－1,000＝300ドル）を売却時のレート（１ドル＝100円）で円換算した利益額（300×100＝３万円）を伝えることにより、円ベースの利益額を過大に誤解させた。 当社が行った上記の行為は、平成29年法律第37号による改正前の金融商品取引法第38条第８号（平成26年法律第44号による改正前は同条第７号）に基づく金融商品取引業等に関する内閣府令第117条第１項第２号に掲げる「金融商品取引契約の締結又はその勧誘に関して、虚偽の表示をし、又は重要な事項につき誤解を生ぜしめるべき表示をする行為」に該当するものと認められる。 なお、上記行為の背景として、当社においては、 （１）営業部門の責任者が、社内検査において、米国株式の取引に関し不適切な勧誘行為が行われている旨が何度も指摘されていたにもかかわらず、営業員に手数料目標の達成を強く求め、顧客の利益よりも収益獲得を優先する営業を是正してこなかった （２）経営陣が、上記社内検査の結果を把握していながら、再発防止のための実効的な改善措置について、何ら指示しておらず、結果的に営業優先の企業風土を醸成していた などの状況が認められた。 （参考条文） ○ 金融商品取引法（昭和23年法律第25号）（抄） （禁止行為） 第三十八条 金融商品取引業者等又はその役員若しくは使用人は、次に掲げる行為をしてはならない。ただし、第四号から第六号までに掲げる行為にあつては、投資者の保護に欠け、取引の公正を害し、又は金融商品取引業の信用を失墜させるおそれのないものとして内閣府令で定めるものを除く。 一 ～ 七（略） 八 前各号に掲げるもののほか、投資者の保護に欠け、若しくは取引の公正を害し、又は金融商品取引業の信用を失墜させるものとして内閣府令で定める行為 ※ 上記条文は、平成29年法律第37号による改正前の金融商品取引法に基づくもの。 ○ 金融商品取引業等に関する内閣府令（平成19年内閣府令第52号） （禁止行為） 第百十七条 法第三十八条第八号に規定する内閣府令で定める行為は、次に掲げる行為とする。 一 （略） 二 金融商品取引契約の締結又はその勧誘に関して、虚偽の表示をし、又は重要な事項につき誤解を生ぜしめるべき表示をする行為"
2018-10-30,デルタインベストメント株式会社,,デルタインベストメント株式会社に対する検査結果に基づく勧告について,https://www.fsa.go.jp/sesc/news/c_2018/2018/20181030-1.html,English version 平成30年10月30日 証券取引等監視委員会 デルタインベストメント株式会社に対する検査結果に基づく勧告について １．勧告の内容 福岡財務支局長がデルタインベストメント株式会社（福岡県筑紫野市、法人番号3290001055689、資本金1000万円、常勤役職員１名、投資助言・代理業）を検査した結果、下記のとおり、当該金融商品取引業者に係る問題が認められたので、本日、証券取引等監視委員会は、内閣総理大臣及び金融庁長官に対して、金融庁設置法第20条第１項の規定に基づき、行政処分を行うよう勧告した。 ２．事実関係 （１）無登録業者に対する名義貸し デルタインベストメント株式会社（以下「当社」という。）は、平成28年２月以降、当社の名義をもって、Ａが実質的な代表を務める株式会社サン（法人番号9120001165540。金融商品取引業の登録はない。以下「サン社」という。）に投資助言・代理業を行わせた。 サン社は、平成28年２月から同30年５月までの間に、少なくとも延べ98名に対し、オプション取引及び外国為替証拠金取引に係る売買のタイミングや価格等を電子メールで配信する方法により投資助言行為を行った。 当社が行った上記行為は、自己の名義をもって、他人に金融商品取引業を行わせたものであり、金融商品取引法（以下「金商法」という。）第36条の３に違反するものと認められる。 （２）投資助言・代理業を適確に遂行するに足りる人的構成が確保されていない状況及び投資助言・代理業を適確に遂行するための必要な体制が整備されていない状況 当社は、サン社に名義を貸すだけで、自らが投資助言・代理業を行っている実態がないなど、投資助言・代理業を適確に遂行するに足りる人的構成が確保されておらず、また、投資助言・代理業を適確に遂行するための必要な体制が整備されていない。 当社における上記の状況は、金商法第29条の４第１項第１号ホに定める「金融商品取引業を適確に遂行するに足りる人的構成を有しない者」に該当し、また、同号ヘに定める「金融商品取引業を適確に遂行するための必要な体制が整備されていると認められない者」に該当することから、このような当社の状況は、同法第52条第１項第１号に該当するものと認められる。 （参考条文） ○ 金融商品取引法（昭和23年法律第25号）（抄） （登録の拒否） 第二十九条の四 内閣総理大臣は、登録申請者が次の各号のいずれかに該当するとき、又は登録申請書若しくはこれに添付すべき書類若しくは電磁的記録のうちに虚偽の記載若しくは記録があり、若しくは重要な事実の記載若しくは記録が欠けているときは、その登録を拒否しなければならない。 一 次のいずれかに該当する者 イ～ニ （略） ホ 金融商品取引業を適確に遂行するに足りる人的構成を有しない者 ヘ 金融商品取引業を適確に遂行するための必要な体制が整備されていると認められない者 （以下、略） （名義貸しの禁止） 第三十六条の三 金融商品取引業者等は、自己の名義をもつて、他人に金融商品取引業（登録金融機関にあつては、登録金融機関業務。以下この款において同じ。）を行わせてはならない。 （金融商品取引業者に対する監督上の処分） 第五十二条  内閣総理大臣は、金融商品取引業者が次の各号のいずれかに該当する場合においては、当該金融商品取引業者の第二十九条の登録を取り消し、第三十条第一項の認可を取り消し、又は六月以内の期間を定めて業務の全部若しくは一部の停止を命ずることができる。 一 第二十九条の四第一項第一号 、第二号又は第三号 に該当することとなつたとき （以下、略）
2018-10-23,株式会社ＵＫＣホールディングス,,株式会社ＵＫＣホールディングスに係る有価証券報告書等の虚偽記載に係る課徴金納付命令勧告について,https://www.fsa.go.jp/sesc/news/c_2018/2018/20181023.html,"English version 平成30年10月23日 証券取引等監視委員会 株式会社ＵＫＣホールディングスに係る有価証券報告書等の虚偽記載に係る課徴金納付命令勧告について １．勧告の内容 証券取引等監視委員会は、株式会社ＵＫＣホールディングス（法人番号7010701022780）（以下「当社」という。）に係る有価証券報告書等の虚偽記載について検査した結果、以下のとおり法令違反の事実が認められたので、本日、内閣総理大臣及び金融庁長官に対して、金融庁設置法第20条第１項の規定に基づき、課徴金納付命令を発出するよう勧告を行った。 ２．法令違反の事実関係 当社は、連結子会社における液晶テレビ用パネルの販売取引において、貸倒引当金の過少計上を行ったほか、架空取引による売上の過大計上を行った。 この結果、当社は、関東財務局長に対し、別紙１のとおり、金融商品取引法第172条の４第１項及び第２項に規定する「重要な事項につき虚偽の記載がある」以下の有価証券報告書等を提出したものである。 ・平成27年３月期有価証券報告書（平成27年６月26日提出） ・平成27年６月第１四半期報告書（平成27年８月10日提出） ・平成27年９月第２四半期報告書（平成27年11月９日提出） ・平成27年12月第３四半期報告書（平成28年２月８日提出） ・平成28年３月期有価証券報告書（平成28年６月29日提出） ・平成28年９月第２四半期報告書（平成28年11月７日提出） ・平成28年12月第３四半期報告書（平成29年２月６日提出） ３．課徴金の額の計算 上記の違法行為について金融商品取引法に基づき算定される課徴金の額は、1,800万円である。（計算方法については別紙２のとおり。） 【別紙１】株式会社ＵＫＣホールディングスに係る有価証券報告書等の虚偽記載内容 番号 開示書類 虚偽記載 提出日 書類 会計期間 財務計算に 関する書類 内容（注） 事由 １ 平成27年 ６月26日 第６期（平成26年４月１日～平成27年３月31日）に係る有価証券報告書 平成26年４月１日～平成27年３月31日の連結会計期間 連結 損益計算書 連結当期純利益が2,276百万円であるところを4,037百万円と記載 ・貸倒引当金の過少計上 ２ 平成27年 ８月10日 第７期第１四半期（平成27年４月１日～平成27年６月30日）に係る四半期報告書 平成27年４月１日～平成27年６月30日の第１四半期連結累計期間 四半期連結 損益計算書 連結四半期純利益が▲2,826百万円であるところを1,147百万円と記載 ・貸倒引当金の過少計上 ３ 平成27年 11月９日 第７期第２四半期（平成27年７月１日～平成27年９月30日）に係る四半期報告書 平成27年４月１日～平成27年９月30日の第２四半期連結累計期間 四半期連結 損益計算書 連結四半期純利益が▲1,087百万円であるところを2,297百万円と記載 ・貸倒引当金の過少計上 ４ 平成28年 ２月８日 第７期第３四半期（平成27年10月１日～平成27年12月31日）に係る四半期報告書 平成27年４月１日～平成27年12月31日の第３四半期連結累計期間 四半期連結 損益計算書 連結四半期純利益が▲3,264百万円であるところを3,133百万円と記載 ・貸倒引当金の過少計上 ５ 平成28年 ６月29日 第７期（平成27年４月１日～平成28年３月31日）に係る有価証券報告書 平成27年４月１日～平成28年３月31日の連結会計期間 連結 損益計算書 連結当期純利益が▲6,185百万円であるところを3,200百万円と記載 ・貸倒引当金の過少計上 ６ 平成28年 11月７日 第８期第２四半期（平成28年７月１日～平成28年９月30日）に係る四半期報告書 平成28年４月１日～平成28年９月30日の第２四半期連結累計期間 四半期連結 損益計算書 連結四半期純利益が▲1,117百万円であるところを1,015百万円と記載 ・貸倒引当金の過少計上 ７ 平成29年 ２月６日 第８期第３四半期（平成28年10月１日～平成28年12月31日）に係る四半期報告書 平成28年４月１日～平成28年12月31日の第３四半期連結累計期間 四半期連結 損益計算書 連結四半期純利益が▲3,263百万円であるところを1,575百万円と記載 ・貸倒引当金の過少計上 ・売上の過大計上 （注）金額は百万円未満切捨て。 【別紙２】課徴金の計算方法 （１）　金融商品取引法第172条の４第１項の規定により、平成27年３月期有価証券報告書に係る課徴金の額は、 ア　当社が発行する算定基準有価証券の市場価額の総額に10万分の６を乗じて得た額（1,653,340円） が イ　6,000,000円 を超えないことから、6,000,000円となる。 （２）　金融商品取引法第172条の４第１項及び第２項の規定により、平成27年６月第１四半期四半期報告書、平成27年９月第２四半期四半期報告書、平成27年12月第３四半期四半期報告書及び平成28年３月期有価証券報告書の各開示書類について算出した額（以下「個別決定ごとの算出額」という。）は、 ア　当社が発行する算定基準有価証券の市場価額の総額に10万分の６を乗じて得た下記の額 平成27年６月第１四半期四半期報告書　　2,169,991円 平成27年９月第２四半期四半期報告書　　2,294,245円 平成27年12月第３四半期四半期報告書　  2,480,012円 平成28年３月期有価証券報告書　　　　   2,273,455円 が、 イ　いずれも6,000,000円 を超えないことから、 ・平成27年６月第１四半期四半期報告書については、6,000,000円の２分の１に相当する額である3,000,000円、 ・平成27年９月第２四半期四半期報告書については、6,000,000円の２分の１に相当する額である3,000,000円、 ・平成27年12月第３四半期四半期報告書については、6,000,000円の２分の１に相当する額である3,000,000円、 ・平成28年３月期有価証券報告書については、6,000,000円、 となる。 ここで、これらの開示書類が同一の事業年度に係るものであることから、金融商品取引法第185条の７第６項の規定により、6,000,000円を個別決定ごとの算出額に応じて按分した下記の金額が、これらの開示書類に係る課徴金の額となる。 ・平成27年６月第１四半期四半期報告書に係る課徴金の額は、1,200,000円 ・平成27年９月第２四半期四半期報告書に係る課徴金の額は、1,200,000円 ・平成27年12月第３四半期四半期報告書に係る課徴金の額は、1,200,000円 ・平成28年３月期有価証券報告書に係る課徴金の額は、2,400,000円 （３）　金融商品取引法第172条の４第２項の規定により、平成28年９月第２四半期四半期報告書及び平成28年12月第３四半期四半期報告書に係る課徴金の額は、 ア　当社が発行する算定基準有価証券の市場価額の総額に10万分の６を乗じて得た下記の額 平成28年９月第２四半期四半期報告書　　1,499,951円 平成28年12月第３四半期四半期報告書　  1,819,126円 が、 イ　いずれも6,000,000円 を超えないことから、 ・平成28年９月第２四半期四半期報告書については、6,000,000円の２分の１に相当する額である3,000,000円 ・平成28年12月第３四半期四半期報告書については、6,000,000円の２分の１に相当する額である3,000,000円 となる。"
2018-09-14,,,平成30事務年度　証券モニタリング基本方針について,https://www.fsa.go.jp/sesc/news/c_2018/2018/20180914-1.html,平成30年9月14日 証券取引等監視委員会 平成30事務年度　証券モニタリング基本方針について 証券取引等監視委員会では、「平成30事務年度　証券モニタリング基本方針」を別紙のとおり策定しましたので公表いたします。 （別紙） 平成30事務年度　証券モニタリング基本方針（PDF/244KB） （ 英語版（PDF/529KB） ） ポイント（PDF/402KB） （ 英語版（PDF/322KB） ） お問い合わせ先 証券取引等監視委員会事務局証券検査課 Tel　03-3506-6000（代表）（内線：2029、3801）
2018-09-21,おひさまエネルギーファンド株式会社,,おひさまエネルギーファンド株式会社に対する検査結果に基づく勧告について,https://www.fsa.go.jp/sesc/news/c_2018/2018/20180921-1.html,English version 平成30年9月21日 証券取引等監視委員会 おひさまエネルギーファンド株式会社に対する検査結果に基づく勧告について １．勧告の内容 関東財務局長がおひさまエネルギーファンド株式会社（長野県飯田市、法人番号5100001023398、代表取締役Ａ（注）、資本金1000万円、常勤役職員７名、第二種金融商品取引業）を検査した結果、下記のとおり、当該金融商品取引業者に係る問題が認められたので、本日、証券取引等監視委員会は、内閣総理大臣及び金融庁長官に対して、金融庁設置法第20条第１項の規定に基づき、行政処分を行うよう勧告した。 （注）平成30年８月17日、前代表取締役Ｂ氏（以下「Ｂ前社長」という。）が退任し、同日付で現代表取締役が就任。 ２．事実関係 おひさまエネルギーファンド株式会社（以下「当社」という。）は、自然エネルギー事業を投資対象とした匿名組合（以下「ファンド」という。）の出資持分の取得勧誘を行っている。当社が取り扱うほとんどのファンドは、当社又は当社の関係会社が営業者となっているなど、当社がファンド運営に主体的に関与している状況にある。 当社は、前回検査（検査基準日：平成25年11月29日）において、Ｂ前社長が一人で資金管理業務を行っていたこと等に起因して、分別管理が確保されていないにもかかわらずファンドの出資持分の取得勧誘を行っていた等の法令違反行為が認められ、平成26年５月、関東財務局長（以下「当局」という。）から、金商法第51条の規定に基づき、適切な再発防止策及び改善計画の策定・実施、経営管理態勢・業務運営態勢及び法令等遵守態勢の整備等を内容とする業務改善命令が発出されている。 当社は、同命令を受け、平成26年６月、再発防止のための改善策を記載した報告書（以下「報告書」という。）を当局に提出しているが、今回検査において、当社の改善策の実施状況を検証したところ、以下の問題が認められた。 ○ 業務改善命令に違反している状況 （１）Ｂ前社長単独で資金管理業務が行われている状況 当社は、前回検査で認められた問題を受け、Ｂ前社長を資金管理業務に一切関与させない旨を改善策として報告書に記載している。 しかしながら、実際にはＢ前社長単独で資金管理業務が行われている状況が継続しており、当社において、報告書に記載した改善策が履行されていない状況が認められた。 また、他の取締役や内部管理統括責任者においても、引き続きＢ前社長単独で資金管理業務を行っている状況を認識していたが、これを放置し、他の役職員によりＢ前社長の資金管理状況を事後的にチェックする仕組み等も構築しなかった。 （２）区分経理が行われていない状況 当社は、前回検査で認められた問題を受け、ファンド毎に預貯金口座を開設するとともに、平成26年７月に新たに「分別管理規程」を策定し、分別管理の適切な実施のための態勢を整備する旨を改善策として報告書に記載している。 しかし、「分別管理規程」において、出資金と営業者固有の財産を分別して管理することや、ファンドの会計帳簿において、出資金の経理状況が直ちに判別できる状態とすること等を規定したものの、実際には、会計帳簿において、出資金と営業者固有の財産を区分した経理（以下「区分経理」という。）が行われていない状況となっていた。 また、当社コンプライアンス部においてファンドの会計帳簿等を確認するとともに、内部監査においてその適切性について検証する旨を改善策として報告書に記載していたにもかかわらず、いずれについても実施されておらず、上記の区分経理が行われていない状況を看過していた。 Ｂ前社長は、こうした状況を改善することなく、これを利用し、平成24年５月から今回検査基準日（平成30年５月７日）までの間、出資金の一部が入金されている営業者口座から、合計で830万円を自らの住宅地の購入費用や生活費等に費消していた。また、私的費消を隠蔽するため、決算期の異なる他のファンドの営業者口座から私的費消したファンドの営業者口座に対し、延べ2350万円の資金移動を行っていた。 当社の上記の状況は、金商法第52条第１項第７号に規定する「金融商品取引業又はこれに付随する業務に関し法令又は法令に基づいてする行政官庁の処分に違反したとき。」に該当するものと認められる。 （参考条文） ○ 金融商品取引法（昭和23年法律第25号）（抄） （金融商品取引業者に対する監督上の処分） 第五十二条  内閣総理大臣は、金融商品取引業者が次の各号のいずれかに該当する場合においては、当該金融商品取引業者の第二十九条の登録を取り消し、第三十条第一項の認可を取り消し、又は六月以内の期間を定めて業務の全部若しくは一部の停止を命ずることができる。 一 ～ 六  （略） 七 金融商品取引業又はこれに付随する業務に関し法令（第四十六条の六第二項を除く。）又は法令に基づいてする行政官庁の処分に違反したとき。 （以下、略）
2018-09-19,,,「開示検査事例集」の公表について,https://www.fsa.go.jp/sesc/jirei/kaiji/20180919.html,"平成30年9月19日 証券取引等監視委員会 「開示検査事例集」の公表について 証券取引等監視委員会は、「開示検査事例集」を、 別紙 （PDF:2,360KB） のとおり取りまとめましたので、公表します。 「開示検査事例集」は、適正な情報開示に向けた市場関係者の自主的な取組みを促す観点から、証券取引等監視委員会による開示検査の最近の取組みや開示検査によって判明した開示規制違反の内容、その背景・原因及び是正策等の概要を取りまとめたものです。 「開示検査事例集」は、平成20年以降、毎年公表してきました「金融商品取引法における課徴金事例集～開示規制違反編～」をより利用していただきやすいものとするため、昨年、内容を刷新するとともに名称を変更しました。今般公表しました今年度版の「開示検査事例集」は、昨年度版に最近の開示検査事例を追加し、課徴金納付命令勧告を行った事例だけでなく、勧告は行わないものの、開示規制違反の背景・原因を追究した上でその再発防止策を会社と共有した事例、会社に対して訂正報告書等の自発的な提出を促した事例等、さまざまな事例を積極的にご紹介するともに、市場関係者への皆様へのメッセージでも掲載しております。 この事例集を通じて、上場会社、会計監査人、投資家の皆さんの、開示規制違反の手法、背景・原因等についての理解を深めていただくことで、上場会社とその会計監査人である公認会計士・監査法人とのコミュニケーションや投資家の皆さんと投資先である上場会社との対話がますます活発に行われることを期待しています。 過去の課徴金事例集はこちら"
2018-10-05,第一稀元素化学工業株式会社,4082,第一稀元素化学工業株式外６銘柄に係る特殊見せ玉を用いた偽計に対する課徴金納付命令の勧告について,https://www.fsa.go.jp/sesc/news/c_2018/2018/20181005-1.html,"English version 平成30年10月5日 証券取引等監視委員会 第一稀元素化学工業株式外６銘柄に係る特殊見せ玉を用いた偽計に対する課徴金納付命令の勧告について １．勧告の内容 証券取引等監視委員会は、第一稀元素化学工業株式外６銘柄に係る特殊見せ玉を用いた偽計について検査した結果、下記のとおり法令違反の事実が認められたので、本日、内閣総理大臣及び金融庁長官に対して、金融庁設置法第２０条第１項の規定に基づき、課徴金納付命令を発出するよう勧告を行った。 ２．法令違反の事実関係 課徴金納付命令対象者は、第一稀元素化学工業株式会社外６銘柄の各株式につき、 別表 記載の各株式に係る通番２の注文を発注する以前、各株式の立会市場において、同通番１のとおり、他の投資家が発注した引け条件付き成行注文（以下「引成注文」という。）のうち、買い側の引成注文（以下「引成買い注文」という。）の発注株数が売り側の引成注文（以下「引成売り注文」という。）の発注株数を上回る状況、又は、引成売り注文の発注株数が引成買い注文の発注株数を上回る状況であり、当該発注状況を見た第三者が発注株数の少ない側に引成注文を発注するなどして、新たな売買を行うことが想定される状態であったところ、真実は、約定意思がなく、引け直前に指値注文に変更して約定を回避するつもりであるにもかかわらず、発注株数の少ない側に引成注文（以下「本件各引成注文」という。）を発注することによって、あたかも約定意思があるかのように装い、引成買い注文と引成売り注文の発注株数が同程度である状況を作出し、第三者をして、引けまで当該発注状況が維持されるであろうとの錯誤を生じさせ、第三者の新たな売買を阻害した上、本件各引成注文を引け直前に、引け条件付き指値注文に変更して約定を回避することによって、引けにおいて、引成買い注文の発注株数と引成売り注文の発注株数のいずれかが他方を上回る状況にすることで、自らに有利な売買を行うことを企て、 (1)  各株式につき、同通番２の各発注日時に、引成買い注文の発注株数と引成売り注文の発注株数が同程度になる数量だけ、発注株数の少ない側に約定意思のない本件各引成注文を発注し、引成買い注文と引成売り注文の発注株数が同程度である状況を作出した上、同通番４の各発注日時に、本件各引成注文を引け条件付き指値注文に変更して約定を回避することにより、引けにおいて、引成買い注文の発注株数と引成売り注文の発注株数のいずれかが他方を上回る状況にすることで、同通番２の各発注日時から同通番４の各発注日時までの間、引成買い注文の発注株数と引成売り注文の発注株数とが同程度である虚偽の発注状況を作出し、第三者に、引けまで、当該発注状況が維持されるであろうとの錯誤を生じさせ、もって、有価証券の売買のため、偽計を用い (2)  当該偽計により、各株式につき、同通番２の各発注日時から同通番４の各発注日時までの間、第三者による新たな売買を阻害しつつ、同通番４の各発注日時に、本件各引成注文を引け条件付き指値注文に変更して約定を回避することによって、引けにおいて、引成買い注文の発注株数と引成売り注文の発注株数のいずれかが他方を上回る状況にし、もって、各有価証券の価格に影響を与え、 別表 記載のとおり、同通番２の各発注日時から同通番４の各発注日時までの間、自己の計算において、同通番３のとおり、買い付け、又は、売り付け たものである。 違反行為事実の概要については、 別図 のとおり。 課徴金納付命令対象者が行った上記の行為は、金融商品取引法第１７３条第１項に規定する「第１５８条の規定に違反して、偽計を用い、」これにより「有価証券等の価格に影響を与えた」ものと認められる。 ３．課徴金の額の計算 上記の違法行為に対し金融商品取引法に基づき納付を命じられる課徴金の額は、７３万円である。 計算方法の詳細については、 別紙１ 及び 別紙２ のとおり。 ４．その他 本件については、日本取引所自主規制法人より提供された情報も参考として、実態解明を行ったものである。 なお、一般的な見せ玉は、例えば、最良買い気配付近に大口の買い注文を発注し、売り注文に比べて買い注文が多く発注されているようにするなどして、買い優勢の発注状況を作出することで他の投資家の買付けを誘引しようとするものである。それに対し、本件の見せ玉は、例えば、既に発注されている第三者の引成売り注文に対して、約定させる意思のない引成買い注文を発注することで、買い側と売り側の引成注文の発注株数が同程度である引けの発注状況を作出するものであり、他の投資家を誘引しようとするものではないことから、「特殊見せ玉」と表記している。 （別表） ○違反行為状況 （クリックすると拡大されます） （別図） ○違反行為事実の概要について （クリックすると拡大されます） （別紙１） ○課徴金の額の計算方法について 別表 の各違反行為に係る課徴金の額の計算の基礎は以下のとおりである。 １．金融商品取引法第１７３条第１項の規定により、当該違反行為に係る課徴金の額は、当該違反行為の開始時から終了時までの間（以下「違反行為期間」という。）において、 (1) 当該違反者が当該違反行為に係る自己の計算において行った有価証券の売付け等の数量が、当該違反者が当該違反行為に係る自己の計算において行った有価証券の買付け等の数量を超える場合、当該超える数量に係る有価証券の売付け等の価額から当該違反行為が終了してから１月を経過するまでの間の各日における有価証券の買付け等についての金融商品取引法第６７条の１９又は第１３０条に規定する最低の価格のうち最も低い価格に当該超える数量を乗じて得た額を控除した額 (2) 当該違反者が当該違反行為に係る自己の計算において行った有価証券の買付け等の数量が、当該違反者が当該違反行為に係る自己の計算において行った有価証券の売付け等の数量を超える場合、当該違反行為が終了してから１月を経過するまでの間の各日における有価証券の売付け等についての金融商品取引法第６７条の１９又は第１３０条に規定する最高の価格のうち最も高い価格に当該超える数量を乗じて得た額から当該超える数量に係る有価証券の買付け等の価額を控除した額 として算定。 ２．上記１．で算定された課徴金の額につき、金融商品取引法第１７６条第２項の規定により１万円未満の端数を切り捨てて算定。 ３．上記２．によりそれぞれ算定した額を合計し、課徴金の額とする。 以上につき、 別紙２ のとおり。 （別紙２） 別表 に掲げる事実につき １．亀田製菓株式会社に係る株式の取引について (1) 違反行為期間において、当該違反行為に係る自己の計算において行った有価証券の買付け等の数量（400株）が、当該違反行為に係る自己の計算において行った有価証券の売付け等の数量（0株）を超えていることから、当該違反行為が終了してから１月を経過するまでの間の当該有価証券の最高価格（5,650円）に当該超える数量400株（400株－0株）を乗じて得た額から、当該超える数量に係る有価証券の買付け等の価額を控除した額。 （5,650円×400株） －（5,420円×400株） ＝ 92,000円 (2) 金融商品取引法第１７６条第２項の規定により、上記(1)で計算した額の１万円未満の端数を切り捨て、90,000円となる。 ２．アニコムホールディングス株式会社に係る株式の取引について（違反行為期間①） (1) 違反行為期間において、当該違反行為に係る自己の計算において行った有価証券の売付け等の数量（600株）が、当該違反行為に係る自己の計算において行った有価証券の買付け等の数量（0株）を超えていることから、当該超える数量600株（600株－0株）に係る有価証券の売付け等の価額から、当該違反行為が終了してから１月を経過するまでの間の当該有価証券の最低価格（2,550円）に当該超える数量を乗じて得た額を控除した額。 （2,580円×300株＋2,581円×100株＋2,582円×100株＋2,584円×100株） －（2,550円×600株） ＝ 18,700円 (2) 金融商品取引法第１７６条第２項の規定により、上記(1)で計算した額の１万円未満の端数を切り捨て、10,000円となる。 ３．アニコムホールディングス株式会社に係る株式の取引について（違反行為期間②） (1) 違反行為期間において、当該違反行為に係る自己の計算において行った有価証券の売付け等の数量（600株）が、当該違反行為に係る自己の計算において行った有価証券の買付け等の数量（0株）を超えていることから、当該超える数量600株（600株－0株）に係る有価証券の売付け等の価額から、当該違反行為が終了してから１月を経過するまでの間の当該有価証券の最低価格（2,550円）に当該超える数量を乗じて得た額を控除した額。 （2,592円×100株＋2,593円×200株＋2,596円×100株＋2,597円×200株） －（2,550円×600株） ＝ 26,800円 (2) 金融商品取引法第１７６条第２項の規定により、上記(1)で計算した額の１万円未満の端数を切り捨て、20,000円となる。 ４．マニー株式会社に係る株式の取引について (1) 違反行為期間において、当該違反行為に係る自己の計算において行った有価証券の買付け等の数量（500株）が、当該違反行為に係る自己の計算において行った有価証券の売付け等の数量（0株）を超えていることから、当該違反行為が終了してから１月を経過するまでの間の当該有価証券の最高価格（2,974円）に当該超える数量500株（500株－0株）を乗じて得た額から、当該超える数量に係る有価証券の買付け等の価額を控除した額。 （2,974円×500株） －（2,888円×300株＋2,891円×100株＋2,895円×100株） ＝ 42,000円 (2) 金融商品取引法第１７６条第２項の規定により、上記(1)で計算した額の１万円未満の端数を切り捨て、40,000円となる。 ５．ＫＯＡ株式会社に係る株式の取引について (1) 違反行為期間において、当該違反行為に係る自己の計算において行った有価証券の売付け等の数量（900株）が、当該違反行為に係る自己の計算において行った有価証券の買付け等の数量（0株）を超えていることから、当該超える数量900株（900株－0株）に係る有価証券の売付け等の価額から、当該違反行為が終了してから１月を経過するまでの間の当該有価証券の最低価格（1,866円）に当該超える数量を乗じて得た額を控除した額。 （2,196円×100株＋2,197円×100株＋2,198円×100株＋2,200円×600株） －（1,866円×900株） ＝ 299,700円 (2) 金融商品取引法第１７６条第２項の規定により、上記(1)で計算した額の１万円未満の端数を切り捨て、290,000円となる。 ６．イーレックス株式会社に係る株式の取引について (1) 違反行為期間において、当該違反行為に係る自己の計算において行った有価証券の売付け等の数量（1,300株）が、当該違反行為に係る自己の計算において行った有価証券の買付け等の数量（0株）を超えていることから、当該超える数量1,300株（1,300株－0株）に係る有価証券の売付け等の価額から、当該違反行為が終了してから１月を経過するまでの間の当該有価証券の最低価格（942円）に当該超える数量を乗じて得た額を控除した額。 （1,012円×400株＋1,013円×900株） －（942円×1,300株） ＝ 91,900円 (2) 金融商品取引法第１７６条第２項の規定により、上記(1)で計算した額の１万円未満の端数を切り捨て、90,000円となる。 ７．第一稀元素化学工業株式会社に係る株式の取引について (1) 違反行為期間において、当該違反行為に係る自己の計算において行った有価証券の買付け等の数量（600株）が、当該違反行為に係る自己の計算において行った有価証券の売付け等の数量（0株）を超えていることから、当該違反行為が終了してから１月を経過するまでの間の当該有価証券の最高価格（1,412円）に当該超える数量600株（600株－0株）を乗じて得た額から、当該超える数量に係る有価証券の買付け等の価額を控除した額。 （1,412円×600株） －（1,317円×300株＋1,318円×100株＋1,319円×100株＋1,320円×100株） ＝ 56,400円 (2) 金融商品取引法第１７６条第２項の規定により、上記(1)で計算した額の１万円未満の端数を切り捨て、50,000円となる。 ８．スターゼン株式会社に係る株式の取引について (1) 違反行為期間において、当該違反行為に係る自己の計算において行った有価証券の買付け等の数量（300株）が、当該違反行為に係る自己の計算において行った有価証券の売付け等の数量（0株）を超えていることから、当該違反行為が終了してから１月を経過するまでの間の当該有価証券の最高価格（5,170円）に当該超える数量300株（300株－0株）を乗じて得た額から、当該超える数量に係る有価証券の買付け等の価額を控除した額。 （5,170円×300株） －（4,675円×300株） ＝ 148,500円 (2) 金融商品取引法第１７６条第２項の規定により、上記(1)で計算した額の１万円未満の端数を切り捨て、140,000円となる。 ９．上記、１．ないし８．により算定した額の合計 90,000円＋10,000円＋20,000円＋40,000円＋290,000円＋90,000円＋50,000円＋140,000円＝730,000円となる。"
2018-07-06,maneoマーケット株式会社,,maneoマーケット株式会社に対する検査結果に基づく勧告について,https://www.fsa.go.jp/sesc/news/c_2018/2018/20180706-1.html,"English version 平成30年7月6日 証券取引等監視委員会 maneoマーケット株式会社に対する検査結果に基づく勧告について １．勧告の内容 証券取引等監視委員会がmaneoマーケット株式会社（東京都千代田区、法人番号5010401091384、資本金３億851万8,500円、常勤役職員26名、第二種金融商品取引業）を検査した結果、下記のとおり、当該金融商品取引業者に係る問題が認められたので、本日、証券取引等監視委員会は、内閣総理大臣及び金融庁長官に対して、金融庁設置法第20条第１項の規定に基づき、行政処分を行うよう勧告した。 ２．事実関係 maneoマーケット株式会社（以下「当社」という。）は、当社ウェブサイトにおいて、多数の事業会社を営業者とするファンドの取得勧誘（以下「プラットフォーム事業」という。）を行っている。 当社は、平成28年10月５日以降、プラットフォーム事業において株式会社グリーンインフラレンディング（以下「GIL社」という。）を営業者とするファンドの取得勧誘を行っており、同29年12月末における当該ファンドの出資者数は3,084名、貸付残高は約103億円となっている。 今回検査において、当社の業務運営の状況を検証したところ、GIL社を営業者とするファンドにおいて、以下の問題が認められた。 （１）ファンドの取得勧誘に関し、虚偽の表示をした行為 当社は、GIL 社を営業者とするファンドの取得勧誘において、ファンド毎に特定された太陽光発電所やバイオマス発電所等の再生可能エネルギー事業の開発資金等にファンド資金を支出する旨を表示しており、GIL社は調達した資金を主にGIL社の親会社である甲社の関係会社を経由して甲社に貸し付け、甲社が各種事業等に投融資を行っている。 しかし、甲社においては、ファンドから貸し付けられた資金及び自己の固有の事業に係る資金について、区分管理することなく、ほぼ全ての資金を１つの口座で入出金している状態となっている。 今回検査において、甲社が、入金されたファンド資金をウェブサイト上で表示した出資対象事業に支出しているか検証したところ、出資対象事業と異なる事業等へ支出している事例が多数認められた。 当社は、この間において取得勧誘を行ったファンドのウェブサイト上の資金使途の表示と実際の資金使途が同一となっているかについて確認せず、事実と異なる表示のまま取得勧誘を継続している。この結果、当社は、ファンドの取得勧誘に関して、虚偽の表示を行っているものと認められる。 （２）当社の管理上の問題点 上記（１）の状況が看過されてきた原因は、当社においては、法令上、虚偽表示等の禁止行為が規定されているにもかかわらず、ファンド資金の使途等の確認を甲社の関係会社に一任し、甲社における資金管理の実態や資金の使途を把握できる管理態勢を構築していないことによるものと認められる。 当社の上記（１）の行為は、平成29年法律第37号による改正前の金融商品取引法第38条第８号に基づく金融商品取引業等に関する内閣府令第117条第１項第２号に掲げる「金融商品取引契約の締結又はその勧誘に関して、虚偽の表示を（略）する行為」に該当するものと認められる。 また、当社の上記（２）の状況は、金融商品取引法第51条に規定する「業務の運営に関し、公益又は投資者保護のため必要かつ適当であると認めるとき」に該当するものと認められる。 参考資料（PDF：469KB） （参考条文） ○　金融商品取引法（昭和23年法律第25号）（抄） （禁止行為） 第三十八条  金融商品取引業者等又はその役員若しくは使用人は、次に掲げる行為をしてはならない。ただし、第四号から第六号までに掲げる行為にあつては、投資者の保護に欠け、取引の公正を害し、又は金融商品取引業の信用を失墜させるおそれのないものとして内閣府令で定めるものを除く。 一 ～ 七 （略） 八  前各号に掲げるもののほか、投資者の保護に欠け、若しくは取引の公正を害し、又は金融商品取引業の信用を失墜させるものとして内閣府令で定める行為 ※  上記条文は、平成29年法律第37号による改正前の金融商品取引法に基づくもの。 （金融商品取引業者に対する業務改善命令） 第五十一条  内閣総理大臣は、金融商品取引業者の業務の運営又は財産の状況に関し、公益又は投資者保護のため必要かつ適当であると認めるときは、その必要の限度において、当該金融商品取引業者に対し、業務の方法の変更その他業務の運営又は財産の状況の改善に必要な措置をとるべきことを命ずることができる。 ○　金融商品取引業等に関する内閣府令（平成19年内閣府令第52号） （禁止行為） 第百十七条  法第三十八条第八号に規定する内閣府令で定める行為は、次に掲げる行為とする。 一 （略） 二  金融商品取引契約の締結又はその勧誘に関して、虚偽の表示をし、又は重要な事項につき誤解を生ぜしめるべき表示をする行為 ※  上記条文は、改正前の金融商品取引業等に関する内閣府令に基づくもの。"
2018-07-27,株式会社オレンジプラン及び株式会社,,株式会社オレンジプラン及び株式会社ゴールドマイン並びにその役員２名に対する金融商品取引法違反行為に係る裁判所の禁止及び停止命令の発令について,https://www.fsa.go.jp/sesc/news/c_2018/2018/20180727-1.html,English version 平成30年7月27日 証券取引等監視委員会 株式会社オレンジプラン及び株式会社ゴールドマイン並びにその役員２名に対する金融商品取引法違反行為に係る裁判所の禁止及び停止命令の発令について 証券取引等監視委員会が、平成３０年５月２９日に行った株式会社オレンジプラン（東京都港区、法人番号8011101058217、代表取締役Ａ、資本金1000万円）及び株式会社ゴールドマイン（福岡県福岡市博多区、法人番号9290001058380、代表取締役Ｂ、資本金500万円）（上記２社はいずれも金融商品取引業の登録等はない。）並びにそれぞれの代表取締役であるＡ及びＢに対する金融商品取引法違反行為（無登録で、金商法２条２項５号又は６号に掲げる権利について、募集又は私募の取扱いを業として行うこと）の禁止及び停止を命ずるよう求める申立てについて、本日、東京地方裁判所より、申立ての内容どおり、下記の命令が下された。 記 被申立人らは、いずれも、金融商品取引法２９条所定の登録（ただし、業務の種別を第二種金融商品取引業とするもの）その他同法所定の適式の登録を受けずに、同法２条２項５号又は６号に掲げる権利について、募集又は私募の取扱いを業として行ってはならない。 （参考） 株式会社オレンジプラン及び株式会社ゴールドマイン並びにその役員２名による金融商品取引法違反行為に係る裁判所への禁止及び停止命令発出の申立てについて
2018-08-31,日本金属株式会社,5491,日本金属株式会社の役員から情報を受領した者による内部者取引に対する課徴金納付命令の勧告について,https://www.fsa.go.jp/sesc/news/c_2018/2018/20180831-1.html,"English version 平成30年8月31日 証券取引等監視委員会 日本金属株式会社の役員から情報を受領した者による内部者取引に対する課徴金納付命令の勧告について １．勧告の内容 証券取引等監視委員会は、日本金属株式会社の役員から情報を受領した者による内部者取引について検査した結果、下記のとおり法令違反の事実が認められたので、本日、内閣総理大臣及び金融庁長官に対して、金融庁設置法第２０条第１項の規定に基づき、課徴金納付命令を発出するよう勧告を行った。 ２．法令違反の事実関係 課徴金納付命令対象者は、日本金属株式会社（以下「日本金属」という。）の役員から、同人がその職務に関し知った、同社の平成２９年４月１日から平成３０年３月３１日までの事業年度（以下「平成３０年３月期」という。）の個別当期純利益について、平成２９年５月１２日に公表された直近の予想値（個別当期純利益１０億円）に比較して、同社が新たに算出した予想値において、投資者の投資判断に及ぼす影響が重要なものとなる差異が生じた旨の重要事実の伝達を受けながら、同社において新たに算出した平成３０年３月期の予想値（個別当期純利益１５億円）の公表がされた平成２９年７月３１日より前の同月２６日から同月２８日、自己の計算において、日本金属株式合計３６００株を買付価額合計６４６万７２００円で買い付けたものである。 違反行為事実の概要については、 別図 のとおり。 課徴金納付命令対象者が行った上記の行為は、金融商品取引法第１７５条第１項に規定する「第１６６条第１項又は第３項の規定に違反して、同条第１項に規定する売買等」をした行為に該当すると認められる。 ３．課徴金の額の計算 上記の違法行為に対し金融商品取引法に基づき納付を命じられる課徴金の額は、２５２万円である。 計算方法の詳細については、 別紙 のとおり。 ４．その他 本件については、日本取引所自主規制法人より提供された情報も参考として、実態解明を行ったものである。 （別図） ○違反行為事実の概要について （クリックすると拡大されます） （別紙） 〇課徴金の額の計算について (1) 金融商品取引法第１７５条第１項第２号の規定により、当該有価証券の買付けについて、業務等に関する重要事実の公表がされた後２週間における最も高い価格（2,499円）に当該有価証券の買付けの数量を乗じて得た額から当該有価証券の買付けをした価格にその数量を乗じて得た額を控除した額。 （2,499円×3,600株） －（1,766円×400株＋1,780円×1,200株＋1,805円×500株＋1,806円×100株 ＋1,807円×100株＋1,808円×100株＋1,809円×100株＋1,810円×100株 ＋1,812円×500株＋1,824円×200株＋1,825円×300株） ＝2,529,200円 (2) 金融商品取引法第１７６条第２項の規定により、上記(1)で計算した額の１万円未満の端数を切捨て。"
2018-07-25,,,証券取引等監視委員会の活動状況の公表について,https://www.fsa.go.jp/sesc/reports/n_29/n_29.html,"平成30年7月25日 証券取引等監視委員会 証券取引等監視委員会の活動状況の公表について 証券取引等監視委員会（以下「証券監視委」という。）は、金融庁設置法第22条の規定に基づき、毎年、活動状況等を公表しています。今回は、その26回目として、平成29年度（平成29年4月1日～同30年3月31日）の「証券取引等監視委員会の活動状況」を公表します。 公表内容の主な記載内容 １．平成29年度の活動概要  マクロ的アプローチによる分析を通じ、フォワード・ルッキングに内外のリスクや環境変化に着目する市場監視を実施  法令違反の再発防止のため、問題の根本原因を把握  課徴金納付命令勧告を行い、迅速な実態解明・処理により問題を早期是正 ２．不公正取引の勧告・告発件数  不公正取引の勧告件数は計26件（インサイダー取引21件、相場操縦5件）  不公正取引の告発件数は計4件（インサイダー取引2件、相場操縦2件）  取引審査の実施件数は、5年連続で1,000件超  公開買付けや業務提携を重要事実とする事案が昨年同様多数  過去に適用例のなかった重要事実による事案を初めて勧告  相場操縦の手法は複雑化・巧妙化 ・引け条件付きの成行注文を見せ玉として利用 ・売りポジションと引け後のブロックトレードを背景とした上値抑え（大引け） ３．開示規制違反  開示規制違反の再発防止の観点から、課徴金納付命令勧告等を行うとともに、会社の経営陣とその背景・原因について議論  開示規制違反の未然防止の観点から以下の取組み等を実施 ・フォワード・ルッキングなマクロ的視点に立った大規模上場会社に対する継続的な監視 ・開示情報についての特定のテーマに着目した深度ある分析 ・内部統制状況等（海外子会社を含む）の実態把握 ４．金融商品取引業者等に対するモニタリング  規模・業態に応じたリスクアセスメントを実施 （規模業態別の業務運営上の問題及びリスクを取りまとめ）  リスク評価業者等にに応じてオンサイト・モニタリングを25件実施 （うち10件には行政処分勧告を実施）  実効性ある内部管理体制の構築等を促す取組みを実施 （「留意すべき事項（顕在化していないものの改善が必要な問題）」を検査終了通知書に記載し問題意識をモニタリング先と共有） ５．証券監視委の新たな課題（RegTechへの取組み）  国内外の金融技術の動向や国内外の規制当局等におけるITの活用状況等について情報を収集  市場監視における技術的課題の分析及びAI導入の事前検証を行い、新たな市場監視システムの導入に向け検討を進めていく ６．関係機関との連携、情報発信等の充実  自主規制機関との間では ・売買審査などで日頃から連携 ・定期的な意見交換により、相互の問題意識をタイムリーに共有 （マクロ経済の動向を踏まえたリスクの所在など）  事案の意義や問題点等をウェブサイト等を通して情報発信 ・個別の勧告事案等の公表（イメージ図を利用） ・課徴金事例集等について積極的に寄稿や講演を実施 ７．グローバルな市場監視への貢献  世界217機関が加盟する証券監督者国際機構（IOSCO）において、証券規制の国際的調和や規制当局間の相互協力を目指す議論に積極的に参加  海外当局との連携（情報交換等）により、クロスボーダー取引による違反行為に対して適切な法執行を実施  海外当局への職員派遣、短期研修への参加、セミナーの実施等により、当局間ネットワークの強化や知見・問題意識を共有 ８．市場を構成するステークホルダーへのメッセージ  「監視委コラム」にて、各ステークホルダーに向け、法令遵守の観点からそれぞれ特に留意して貰いたい点について、具体例を用いてメッセージを記載 ●「証券取引等監視委員会の活動状況」の本文へ ◎ 全体版 （PDF/13,403KB） ◎ 主なポイント （PDF/2,686KB） ◎ 本編 （PDF/4,035KB） ◎ 附属資料編 （PDF/7,917KB） ◎ サマリーの英語版 （PDF/276KB）（仮訳）"
2018-08-31,ポケットカード株式会社,,ポケットカード株式会社社員による公開買付けの実施に関する事実に係る推奨行為に対する課徴金納付命令の勧告について,https://www.fsa.go.jp/sesc/news/c_2018/2018/20180831-2.html,"English version 平成30年8月31日 証券取引等監視委員会 ポケットカード株式会社社員による公開買付けの実施に関する事実に係る推奨行為に対する課徴金納付命令の勧告について １．勧告の内容 証券取引等監視委員会は、ポケットカード株式会社社員による公開買付けの実施に関する事実に係る推奨行為について検査した結果、下記のとおり法令違反の事実が認められたので、本日、内閣総理大臣及び金融庁長官に対して、金融庁設置法第２０条第１項の規定に基づき、課徴金納付命令を発出するよう勧告を行った。 ２．法令違反の事実関係 課徴金納付命令対象者は、ポケットカード株式会社（以下「ポケットカード」という。平成３０年２月１日付上場廃止。）の社員であるが、その職務に関し、伊藤忠商事株式会社（以下「伊藤忠商事」という。）の完全子会社である株式会社ＧＩＴの業務執行を決定する機関が、ポケットカード株式の公開買付けを行うことについての決定をした旨の公開買付けの実施に関する事実を知りながら、上記事実の公表がされた平成２９年８月３日より前の同年７月２８日から同年７月２９日までの間に、被推奨者に対し、ポケットカード株式の買付けをさせることにより、利益を得させる目的をもって、ポケットカード株式の買付けをすることを勧めたものである。 課徴金納付命令対象者は、ポケットカードの他の社員が、ポケットカード、公開買付者の親会社である伊藤忠商事及びその他２社との間の秘密保持契約の履行に関し知った、上記公開買付けの実施に関する事実を、その職務に関し知ったものである。 被推奨者は、上記事実の公表がされた平成２９年８月３日より前の同年７月３１日及び同年８月１日、自己の計算において、ポケットカード株式合計１万３００株を買付価額合計７４３万９８００円で買い付けたものである。 違反行為事実の概要については、 別図 のとおり。 課徴金納付命令対象者が行った上記の行為は、金融商品取引法第１７５条の２第２項に規定する「第１６７条の２第２項の規定に違反して、同項の伝達をし、又は同項の買付け等若しくは売付け等をすることを勧める」行為に該当すると認められる。 ３．課徴金の額の計算 上記の違法行為に対し金融商品取引法に基づき納付を命じられる課徴金の額は、１９４万円である。 計算方法の詳細については、 別紙 のとおり。 ４．その他 本件については、日本取引所自主規制法人より提供された情報も参考として、実態解明を行ったものである。 （別図） ○違反行為事実の概要について （クリックすると拡大されます） （別紙） 〇課徴金の額の計算について (1) 金融商品取引法第１７５条の２第２項第３号の規定により、当該違反行為により当該情報受領者等が行った当該買付けによって得た利得相当額に２分の１を乗じて得た額。 利得相当額とは、同条第４項第２号の規定により、情報受領者等が株券等の買付けをした場合、当該株券等の買付けについて、公開買付け等の実施に関する事実の公表がされた後２週間における最も高い価格（1,100円）に当該株券等の買付けの数量を乗じて得た額から当該株券等の買付けをした価格にその数量を乗じて得た額を控除した額。 {（1,100円×10,300株） －（714円×1,000株＋721円×400株＋722円×900株＋723円×4,600株 ＋724円×3,200株＋725円×200株）}×1／2 ＝1,945,100円 (2) 金融商品取引法第１７６条第２項の規定により、上記(1)で計算した額の１万円未満の端数を切捨て。"
2018-06-28,受託する証券会社・投資銀行,,「金融商品取引法における課徴金事例集～不公正取引編～」の公表について,https://www.fsa.go.jp/sesc/jirei/torichou/20180628.html,"平成３０年６月２８日 証券取引等監視委員会 「金融商品取引法における課徴金事例集～不公正取引編～」の公表について 証券取引等監視委員会では、「金融商品取引法における課徴金事例集～不公正取引編～」について、 別紙 （PDF:2,957KB） のとおり取りまとめましたので、公表します。 ※平成30年7月3日、コラムの一部表示について修正。 本書は、証券取引等監視委員会（以下、「証券監視委」という。）が、平成29年4月から平成30年3月までの間に、金融商品取引法違反となる不公正取引に関し課徴金納付命令の勧告を行った事例について、その概要を取りまとめたものです。 本年度の事例集においては、全ての市場利用者がルールを守るための参考としていただけるよう、勧告事案を分析した上で、事案の概要に留まらず、事案の意義・特徴等を出来るだけ記載するとともに、市場利用者の関心が高いと思われるテーマについては、昨年度の事例集で新設した監視委コラムを一層充実させ、「第一次情報受領者について」や「インサイダー取引後の状況」等を採り上げるなどの工夫を行いました。また、見やすさ、分かりやすさのため、１事案を見開きページで掲載したほか、相場操縦事案についてはグラフ、表、株価チャートを活用し複雑化する取引手法の可視化に努めるなど内容のさらなる充実を図りました。 証券監視委としては、不公正取引の未然防止という観点から、本書が、 （１）重要事実の発生源となる上場会社等におけるインサイダー取引管理態勢の一層の充実 （２）公開買付け等企業再編の当事者からフィナンシャル・アドバイザリー業務等を受託する証券会社・投資銀行等における重要事実等の情報管理の徹底 （３）証券市場のゲートキーパーとしての役割を担う証券会社における適正な売買審査の実施 のためにそれぞれ役立てていただくことを期待しています。 また、一般投資者におかれても、不公正取引の疑いがある場合には、証券監視委による調査等の対象となり、法令違反が認められた場合には課徴金が課されることを十分にご理解いただければ幸いです。 本書が活用されることにより、全ての市場利用者による自己規律、市場の公正性・透明性の確保及び投資者保護につながることを強く期待しています。 過去の課徴金事例集はこちら"
2018-06-29,五洋インテックス株式会社,,五洋インテックス株式会社に係る有価証券報告書の虚偽記載に係る課徴金納付命令勧告について,https://www.fsa.go.jp/sesc/news/c_2018/2018/20180629-2.html,"English version 平成30年6月29日 証券取引等監視委員会 五洋インテックス株式会社に係る有価証券報告書の虚偽記載に係る課徴金納付命令勧告について １．勧告の内容 証券取引等監視委員会は、五洋インテックス株式会社（法人番号3180001075780）（以下「当社」という。）に係る有価証券報告書等の虚偽記載について検査した結果、以下のとおり法令違反の事実が認められたので、本日、内閣総理大臣及び金融庁長官に対して、金融庁設置法第20条第１項の規定に基づき、課徴金納付命令を発出するよう勧告を行った。 ２．法令違反の事実関係 当社は、太陽光発電事業に係る商材及びタブレット端末の架空取引により売上を過大に計上した。 この結果、当社は、東海財務局長に対し、参考１のとおり、金融商品取引法第172条の４第１項に規定する「重要な事項につき虚偽の記載がある」以下の有価証券報告書を提出したものである。 ・平成27年３月有価証券報告書（平成27年６月29日提出） ３．課徴金の額の計算 上記の違法行為について金融商品取引法に基づき算定される課徴金の額は、600万円である。（計算方法については参考２のとおり。） （参考１）五洋インテックス株式会社の有価証券報告書の虚偽記載内容 有価証券報告書 虚偽記載 提出日 事業年度 会計期間 財務計算に 関する書類 内容（注） 事由 平成27年 ６月29日 第38期（自　平成26年４月１日　至　平成27年３月31日） 平成26年４月１日～平成27年３月31日の連結会計期間 連結 損益計算書 連結当期純損失が110百万円であるところを90百万円と記載 ・売上の過大計上 （注）金額は百万円未満切捨て。 （参考２）課徴金の計算方法 金融商品取引法第172条の４第１項の規定により、平成27年３月期有価証券報告書に係る課徴金の額は、 ア　当該法人が発行する算定基準有価証券の市場価額の総額に10万分の６を乗じて得た額（91,206円） が イ　6,000,000円 を超えないことから、6,000,000円となる。"
2018-06-26,株式会社ココカラファイン株式,,海外居住の個人投資家による株式会社ココカラファイン株式に係る相場操縦に対する課徴金納付命令の勧告について,https://www.fsa.go.jp/sesc/news/c_2018/2018/20180626.html,"English version 平成３０年６月２６日 証券取引等監視委員会 海外居住の個人投資家による株式会社ココカラファイン株式に係る相場操縦に対する課徴金納付命令の勧告について １．勧告の内容 証券取引等監視委員会は、海外居住の個人投資家による株式会社ココカラファイン株式に係る相場操縦について検査した結果、下記のとおり法令違反の事実が認められたので、本日、内閣総理大臣及び金融庁長官に対して、金融庁設置法第２０条第１項の規定に基づき、課徴金納付命令を発出するよう勧告を行った。 ２．法令違反の事実関係 課徴金納付命令対象者（中華人民共和国に居住）は、東京証券取引所市場第一部に上場されている株式会社ココカラファインの株式につき、同株式の売買を誘引する目的をもって、別表記載のとおり、平成２７年７月８日午前９時６分頃から同月１４日午前９時１０分頃までの間、合計５取引日において、約定させる意思がないのに、最良買い気配値と同値又はその下値に多数の買い注文を発注するなどの方法により、同株式合計７９万７００株の買付けの委託を行うとともに、同株式合計１１万６２００株を売り付ける一方、最良売り気配値と同値又はその上値に多数の売り注文を発注するなどの方法により、同株式合計１０５万４１００株の売付けの委託を行うとともに、同株式合計１１万６４００株を買い付けるなどし、もって、自己の計算において、同株式の売買が繁盛であると誤解させ、かつ、東京証券取引所市場第一部における同株式の相場を変動させるべき一連の売買及び委託をしたものである。 違反行為事実の概要等については、 別紙１ のとおり。 課徴金納付命令対象者が行った上記の行為は、金融商品取引法（以下「金商法」という。）第１７４条の２第１項に規定する「第１５９条第２項第１号の規定に違反する一連の有価証券売買等」及び「委託等」に該当すると認められる。 ３．課徴金の額の計算 上記の違法行為について金商法に基づき算定される課徴金の額は、４９３万円である。 計算方法の詳細については、 別紙２ のとおり。 ４．特記事項 本件については、中国証券監督管理委員会（China Securities Regulatory Commission）から支援がなされている。 （別表） （クリックすると拡大されます） （別紙１） ○違反行為事実の概要について （クリックすると拡大されます） （別紙２） ○　課徴金の額の計算方法について １．金商法第１７４条の２第１項に基づき、課徴金の額は、 (1) 当該違反行為に係る有価証券の売買対当数量（注１）に係るものについて、自己の計算による当該有価証券の売付け等の価額から、自己の計算による当該有価証券の買付け等の価額を控除した額 （注１）売買対当数量：当該違反行為に係る有価証券の売付け等数量と買付け等数量のうち、いずれか少ない数量をいう。 及び、 当該違反行為に係る自己の計算による有価証券の買付け等の数量が、当該違反行為に係る自己の計算による有価証券の売付け等の数量を超える場合、当該違反行為が終了してから１月を経過するまでの間の各日における当該違反行為に係る有価証券の売付け等についての金商法第６７条の１９又は第１３０条に規定する最高の価格のうち最も高い価格に当該超える数量を乗じて得た額から、当該超える数量に係る有価証券の買付け等の価額を控除した額 の合計額として算定。 (2) 上記(1)で算出された各違反行為期間における課徴金の額につき、金商法第１７６条第２項の規定により１万円未満の端数を切り捨てる。 (3) 上記(2)によりそれぞれ算定した額を合計し、別表の各違反行為に係る課徴金の額（合計額）とする。 ２．本件における課徴金の額は、 (1) 平成２７年７月８日の違反行為期間について 当該違反行為に係る自己の計算による有価証券の売付け等の数量は、27,500株であり、当該違反行為に係る自己の計算による有価証券の買付け等の数量も27,500株であることから、 ①　当該違反行為に係る有価証券の売買対当数量（27,500株）に係るものについて、自己の計算による当該有価証券の売付け等の価額から、自己の計算による当該有価証券の買付け等の価額を控除した額 （有価証券の売付け等の価額：114,531,200円）－（有価証券の買付け等の価額：113,224,950円）＝1,306,250円 ②　金商法第１７６条第２項の規定により、上記①で計算した額の１万円未満の端数を切捨て、1,300,000円となる。 (2) 平成２７年７月９日の違反行為期間について 当該違反行為に係る自己の計算による有価証券の売付け等の数量は、37,400株であり、当該違反行為に係る自己の計算による有価証券の買付け等の数量は、37,600株であることから、 ①　当該違反行為に係る有価証券の売買対当数量（37,400株）に係るものについて、自己の計算による当該有価証券の売付け等の価額から、自己の計算による当該有価証券の買付け等の価額を控除した額 （有価証券の売付け等の価額：149,440,550円）－（有価証券の買付け等の価額：147,684,900円）＝1,755,650円 及び ②　当該違反行為に係る自己の計算による有価証券の買付け等の数量（37,600株）が、当該違反行為に係る自己の計算による有価証券の売付け等の数量（37,400株）を超えていることから、当該違反行為が終了してから１月を経過するまでの間の、各日における当該違反行為に係る売付け等についての金商法第６７条の１９又は第１３０条に規定する最高の価格のうち、最も高い価格（6,220円）に当該超える数量200株（37,600株－37,400株）を乗じて得た額から、当該超える数量に係る有価証券の買付け等の価額を控除した額 （6,220円×200株）－（3,985円×200株）＝447,000円 の合計額2,202,650円となる。 ③　金商法第１７６条第２項の規定により、上記①及び②で計算した額の合計額の１万円未満の端数を切捨て、2,200,000円となる。 (3) 平成２７年７月１０日の違反行為期間について 当該違反行為に係る自己の計算による有価証券の売付け等の数量は、28,700株であり、当該違反行為に係る自己の計算による有価証券の買付け等の数量も28,700株であることから、 ①　当該違反行為に係る有価証券の売買対当数量（28,700株）に係るものについて、自己の計算による当該有価証券の売付け等の価額から、自己の計算による当該有価証券の買付け等の価額を控除した額 （有価証券の売付け等の価額：116,725,010円）－（有価証券の買付け等の価額：115,719,650円）＝1,005,360円 ②　金商法第１７６条第２項の規定により，上記①で計算した額の１万円未満の端数を切捨て、1,000,000円となる。 (4) 平成２７年７月１３日の違反行為期間について 当該違反行為に係る自己の計算による有価証券の売付け等の数量は、6,000株であり、当該違反行為に係る自己の計算による有価証券の買付け等の数量も6,000株であることから、 ①　当該違反行為に係る有価証券の売買対当数量（6,000株）に係るものについて、自己の計算による当該有価証券の売付け等の価額から、自己の計算による当該有価証券の買付け等の価額を控除した額 （有価証券の売付け等の価額： 24,352,000円）－（有価証券の買付け等の価額： 24,246,500円）＝105,500円 ②　金商法第１７６条第２項の規定により、上記①で計算した額の１万円未満の端数を切捨て、100,000円となる。 (5) 平成２７年７月１４日の違反行為期間について 当該違反行為に係る自己の計算による有価証券の売付け等の数量は、16,600株であり、当該違反行為に係る自己の計算による有価証券の買付け等の数量も16,600株であることから、 ①　当該違反行為に係る有価証券の売買対当数量（16,600株）に係るものについて、自己の計算による当該有価証券の売付け等の価額から、自己の計算による当該有価証券の買付け等の価額を控除した額 （有価証券の売付け等の価額： 69,439,000円）－（有価証券の買付け等の価額： 69,106,200円）＝332,800円 ②　金商法第１７６条第２項の規定により、上記①で計算した額の１万円未満の端数を切捨て、330,000円となる。 ※　各違反行為期間における売付け等の価額及び買付け等の価額の詳細については、別紙３を参照。 ３．課徴金の額（合計額） 上記２．(1)ないし(5)により算定した額の合計 1,300,000円＋2,200,000円＋1,000,000円＋100,000円＋330,000円＝4,930,000円となる。 （例） （ 別紙3-1（PDF） ） （ 別紙3-2（PDF） ） （ 別紙3-3（PDF） ） （ 別紙3-4（PDF） ） （ 別紙3-5（PDF） ）"
2018-06-29,三菱ＵＦＪモルガン・スタンレー証券株式会社,,三菱ＵＦＪモルガン・スタンレー証券株式会社による長期国債先物に係る相場操縦に対する課徴金納付命令の勧告について,https://www.fsa.go.jp/sesc/news/c_2018/2018/20180629.html,"English version 平成３０年６月２９日 証券取引等監視委員会 三菱ＵＦＪモルガン・スタンレー証券株式会社による長期国債先物に係る相場操縦に対する課徴金納付命令の勧告について １．勧告の内容 証券取引等監視委員会は、三菱ＵＦＪモルガン・スタンレー証券株式会社（法人番号4010001129098、以下「三菱ＵＦＪモルガン・スタンレー」という。）による相場操縦について検査した結果、下記のとおり法令違反の事実が認められたので、本日、内閣総理大臣及び金融庁長官に対して、金融庁設置法第２０条第１項の規定に基づき、課徴金納付命令を発出するよう勧告を行った。 ２．法令違反の事実関係 三菱ＵＦＪモルガン・スタンレーは、第一種金融商品取引業を行うことにつき関東財務局長の登録を受けている株式会社であるが、同社のディーリング業務に従事していた者において、同社の業務に関し、株式会社大阪取引所（以下「大阪取引所」という。）に上場されていた長期国債先物２０１７年９月限月（以下「本件国債先物」という。）について、市場デリバティブ取引を誘引する目的をもって、別表記載のとおり、平成２９年８月２５日午後６時３４分頃から同日午後７時９分頃までの間、大阪取引所において、約定させる意思がないのに、最良買い気配値以下の価格に多数の買い注文を発注する方法により、合計６２５３単位の買付けの申込みを行うとともに、合計１７７単位を売り付ける一方、最良売り気配値以上の価格に多数の売り注文を発注する方法により、合計１８４４単位の売付けの申込みを行うとともに、合計１５８単位を買い付けるなどし、もって、自己の計算において、市場デリバティブ取引が繁盛であると誤解させ、かつ、大阪取引所における本件国債先物の相場を変動させるべき一連の市場デリバティブ取引及び申込みをしたものである。 違反行為事実の概要等については、 別紙１ のとおり。 三菱ＵＦＪモルガン・スタンレーが行った上記の行為は、金融商品取引法（以下「金商法」という。）第１７４条の２第１項に規定する「第１５９条第２項第１号の規定に違反する一連の有価証券売買等」及び「申込み」に該当すると認められる。 ３．課徴金の額の計算 上記の違法行為について金商法に基づき算定される課徴金の額は、２億１８３７万円である。 計算方法の詳細については、 別紙２ のとおり。 ４．その他 本件については、日本取引所自主規制法人より提供された情報を参考として、実態解明を行ったものである。 （別紙１） ○違反行為事実の概要について(1) （クリックすると拡大されます） （別紙２） ○課徴金の額の計算方法について １．金商法第１７４条の２第１項に基づき、当該違反行為に係る課徴金の額は、 (1) 当該違反行為に係る有価証券の売買対当数量（注１）に係るものについて、自己の計算による当該有価証券の売付け等の価額から、自己の計算による当該有価証券の買付け等の価額を控除した額 （注１）売買対当数量：当該違反行為に係る有価証券の売付け等の数量と買付け等の数量のうち、いずれか少ない数量をいう。 及び (2) 当該違反行為に係る自己の計算による有価証券の売付け等の数量が当該違反行為に係る自己の計算による有価証券の買付け等の数量を超える場合、当該超える数量に係る有価証券の売付け等の価額から、当該違反行為が終了してから１月を経過するまでの間の各日における当該違反行為に係る有価証券等に係る有価証券の買付け等についての金商法第６７条の１９又は第１３０条に規定する最低の価格のうち最も低い価格に当該超える数量を乗じて得た額を控除した額 を合計することで算出される。 ２．本件では、 (1) 売買対当数量（注２）に係る課徴金の額　0円（注３） （注2）当該違反行為に係る売買対当数量は、以下により６３７単位となる。 ① 当該違反行為に係る自己の計算による有価証券の売付け等の数量は、当該違反行為に係る自己の計算による有価証券の売付け等の数量である１７７単位に、当該違反行為の開始時に自己の計算において当該違反行為に係る有価証券を有しないで又は借り入れて売り付けており、金商法第１７４条の２第７項及び金商法施行令第３３条の１２第１号の規定により、当該違反行為開始時にその時における価格（呼値１５１．１２円）で当該違反行為に係る有価証券の売付け等を自己の計算においてしたものとみなされる２２６５単位を加えた、２４４２単位となる。 ② 当該違反行為に係る自己の計算による有価証券の買付け等の数量は、当該違反行為に係る自己の計算による有価証券の買付け等の数量である１５８単位に、当該違反行為の開始時に自己が所有しており、金商法第１７４条の２第８項及び金商法施行令第３３条の１３第１号の規定により、当該違反行為開始時にその時における価格（呼値１５１．１２円）で当該違反行為に係る有価証券の買付け等を自己の計算においてしたものとみなされる４７９単位を加えた、６３７単位となる。 （注３）算定式は次のとおり。 （637単位×151.12円×1,000,000）－（637単位×151.12円×1,000,000） ＝0円 （注４）長期国債先物は、長期国債標準物を対象原資産とする先物取引であり、長期国債先物の最低取引単位（1単位）は、同先物の価格を1,000,000倍した金額となる。 及び (2) 当該違反行為に係る自己の計算による有価証券の売付け等の数量が当該違反行為に係る自己の計算による有価証券の買付け等の数量を超える場合の、当該超える数量に係る課徴金の額２億１８３７万円（注５）（注６） （注５）当該超える数量（１８０５単位）に係る有価証券の売付け等の価額から、当該違反行為が終了してから１月を経過するまでの間の各日における当該違反行為に係る有価証券に係る有価証券の買付け等についての金商法第６７条の１９又は第１３０条に規定する最低の価格のうち最も低い価格（呼値１５１．００円）に、当該超える数量（１８０５単位）を乗じて得た額を控除することで算出される。 （注６）算定式は次のとおり。 ｛（1,628単位×151.12円×1,000,000）＋（177単位×151.13円×1,000,000）｝－（1,805単位×151.00円×1,000,000） ＝218,370,000 を合計し、 ２億１８３７万円が課徴金の額となる。 【参考】 （ 別表（PDF） ）"
2018-06-19,あった株式会社,,公開買付者の親会社役員から情報を受領した者によるＵＳＥＮ株式に係る内部者取引に対する課徴金納付命令の勧告について,https://www.fsa.go.jp/sesc/news/c_2018/2018/20180619-2.html,"English version 平成３０年６月１９日 証券取引等監視委員会 公開買付者の親会社役員から情報を受領した者によるＵＳＥＮ株式に係る内部者取引に対する課徴金納付命令の勧告について １．勧告の内容 証券取引等監視委員会は、公開買付者の親会社役員から情報を受領した者によるＵＳＥＮ株式に係る内部者取引について検査した結果、下記のとおり法令違反の事実が認められたので、本日、内閣総理大臣及び金融庁長官に対して、金融庁設置法第２０条第１項の規定に基づき、課徴金納付命令を発出するよう勧告を行った。 ２．法令違反の事実関係 課徴金納付命令対象者は、株式会社Ｕ－ＮＥＸＴ（以下「Ｕ－ＮＥＸＴ」という。平成２９年１２月１日、「株式会社ＵＳＥＮ－ＮＥＸＴ　ＨＯＬＤＩＮＧＳ」に商号変更）の役員から、同人がその職務に関し知った、Ｕ－ＮＥＸＴの子会社であった株式会社Ｕ－ＮＥＸＴ　ＳＰＣ１の業務執行を決定する機関が、株式会社ＵＳＥＮ（以下「ＵＳＥＮ」という。平成２９年８月１０日上場廃止）の株式の公開買付けを行うことについての決定をした旨の公開買付けの実施に関する事実の伝達を受けながら、上記事実の公表がされた平成２９年２月１３日より前の同年１月１３日及び同年２月６日、自己の計算において、ＵＳＥＮ株式合計２万５０００株を買付価額合計９９６万２５００円で買い付けたものである。 違反行為事実の概要については、 別図 のとおり。 課徴金納付命令対象者が行った上記の行為は、金融商品取引法第１７５条第２項に規定する「第１６７条第１項又は第３項の規定に違反して、同条第１項に規定する特定株券等若しくは関連株券等に係る買付け等」をした行為に該当すると認められる。 ３．課徴金の額の計算 上記の違法行為に対し金融商品取引法に基づき納付を命じられる課徴金の額は、２８１万円である。 計算方法の詳細については、 別紙 のとおり。 ４．その他 本件については、日本取引所自主規制法人より提供された情報も参考として、実態解明を行ったものである。 （別図） ○違反行為事実の概要について （クリックすると拡大されます） （別紙） 〇課徴金の額の計算について (1) 金融商品取引法第１７５条第２項第２号の規定により、当該有価証券の買付けについて、公開買付け等の実施に関する事実の公表がされた後２週間における最も高い価格（511円）に当該有価証券の買付けの数量を乗じて得た額から当該有価証券の買付けをした価格にその数量を乗じて得た額を控除した額。 （511円×25,000株） －（381円×5,500株＋382円×7,500株＋415円×2,700株＋416円×2,200株 ＋417円×3,200株＋418円×2,200株＋419円×1,700株） ＝2,812,500円 (2) 金融商品取引法第１７６条第２項の規定により、上記(1)で計算した額の１万円未満の端数を切捨て。"
2018-06-18,スミダコーポレーション株式会社,6817,スミダコーポレーション株式会社株券に係る内部者取引事件の告発について,https://www.fsa.go.jp/sesc/news/c_2018/2018/20180618-1.html,English version 平成３０年６月１８日 証券取引等監視委員会 スミダコーポレーション株式会社株券に係る内部者取引事件の告発について 証券取引等監視委員会は、本日、金融商品取引法違反（内部者取引・取引推奨）の嫌疑で、嫌疑者１名を東京地方検察庁に告発した。告発の対象となった犯則事実については下記のとおり。 １．告発の対象となった犯則事実 犯則嫌疑者は、東京証券取引所市場第一部に株券を上場しているスミダコーポレーション株式会社の社外取締役として、同社の業務の執行に関与していたものであるが、平成２９年１月下旬頃、その職務に関し、同社が新たに算出した平成２８年１２月期の年間配当及び期末配当の各予想値について、同年１０月下旬頃に公表していた予想値に比較し、内閣府令で定める基準に該当する差異が生じた旨の同社の業務等に関する重要事実を知り 第１　法定の除外事由がないのに、前記重要事実の公表前である平成２９年１月下旬頃から同年２月上旬頃までの間、証券会社１社を介し、東京証券取引所において、Ａ名義で前記スミダコーポレーション株式会社の株券合計約８万株を代金合計約８８００万円で買い付けた 第２　あらかじめ同社の株券を買い付けさせて利益を得させる目的をもって １　前記重要事実の公表前である同年１月下旬頃から同年２月上旬頃までの間、Ｂに対し、複数回にわたり、同社の株券の買付けを勧めたものであり、これにより買付けを勧められた同人が、法定の除外事由がないのに、同重要事実の公表前である同年１月下旬頃から同年２月上旬頃までの間、前記スミダコーポレーション株式会社の株券合計４０００株を代金合計約４００万円で買い付けた ２　前記重要事実の公表前である同年１月下旬頃から同年２月上旬頃までの間、Ｃに対し、複数回にわたり、同社の株券の買付けを勧めたものであり、これにより買付けを勧められた同人が、法定の除外事由がないのに、同重要事実の公表前である同年１月下旬頃から同年２月上旬頃までの間、前記スミダコーポレーション株式会社の株券合計約２万７０００株を代金合計約３０００万円で買い付けた ３　前記重要事実の公表前である同年１月下旬頃から同年２月上旬頃までの間、Ｄに対し、複数回にわたり、同社の株券の買付けを勧めたものであり、これにより買付けを勧められた同人が、法定の除外事由がないのに、同重要事実の公表前である同年１月下旬頃から同年２月上旬頃までの間、前記スミダコーポレーション株式会社の株券合計３０００株を代金合計約３００万円で買い付けた ４　前記重要事実の公表前である同年１月下旬頃、Ｅに対し、同社の株券の買付けを勧めたものであり、これにより買付けを勧められた同人が、法定の除外事由がないのに、同重要事実の公表前である同月下旬頃、前記スミダコーポレーション株式会社の株券合計１０００株を代金合計約１００万円で買い付けた ものである。 ２．関連条文 金融商品取引法 第１　同法第１９７条の２第１３号、第１６６条第１項第１号、同条第２項第３号 第２　同法第１９７条の２第１４号、第１６７条の２第１項 法定刑：５年以下の懲役若しくは５００万円以下の罰金又はこれを併科
2018-06-19,株式会社ユアテック,1934,株式会社ユアテックの役員から情報を受領した者による内部者取引に対する課徴金納付命令の勧告について,https://www.fsa.go.jp/sesc/news/c_2018/2018/20180619-1.html,"English version 平成３０年６月１９日 証券取引等監視委員会 株式会社ユアテックの役員から情報を受領した者による内部者取引に対する課徴金納付命令の勧告について １．勧告の内容 証券取引等監視委員会は、株式会社ユアテックの役員から情報を受領した者による内部者取引について検査した結果、下記のとおり法令違反の事実が認められたので、本日、内閣総理大臣及び金融庁長官に対して、金融庁設置法第２０条第１項の規定に基づき、課徴金納付命令を発出するよう勧告を行った。 ２．法令違反の事実関係 課徴金納付命令対象者は、株式会社ユアテック（以下「ユアテック」という。）の役員から、同人がその職務に関し知った、同社の平成２８年４月１日から平成２９年３月３１日までの事業年度の剰余金の配当について、平成２８年７月２７日に公表された直近の予想値（中間配当金６円と期末配当金６円を合わせた年間配当金１２円）に比較して、同社が新たに算出した予想値（中間配当金１０円と期末配当金１０円を合わせた年間配当金２０円）において、投資者の投資判断に及ぼす影響が重要なものとなる差異が生じた旨の重要事実の伝達を受けながら、同社において新たに算出した予想値の公表がされた平成２８年１０月２６日午後３時頃より前の同日午前９時２３分頃に、自己の計算において、ユアテック株式合計４０００株を買付価額合計２５０万円で買い付けたものである。 違反行為事実の概要については、 別図 のとおり。 課徴金納付命令対象者が行った上記の行為は、金融商品取引法第１７５条第１項に規定する「第１６６条第１項又は第３項の規定に違反して、同条第１項に規定する売買等」をした行為に該当すると認められる。 ３．課徴金の額の計算 上記の違法行為に対し金融商品取引法に基づき納付を命じられる課徴金の額は、６０万円である。 計算方法の詳細については、 別紙 のとおり。 ４．その他 本件については、日本取引所自主規制法人より提供された情報も参考として、実態解明を行ったものである。 （別図） ○違反行為事実の概要について （クリックすると拡大されます） （別紙） 〇課徴金の額の計算について 金融商品取引法第１７５条第１項第２号の規定により、当該有価証券の買付けについて、業務等に関する重要事実の公表がされた後２週間における最も高い価格（775円）に当該有価証券の買付けの数量を乗じて得た額から当該有価証券の買付けをした価格にその数量を乗じて得た額を控除した額。 （775円×4,000株） －（624円×1,000株＋625円×2,000株＋626円×1,000株） ＝600,000円"
2018-05-29,株式会社オレンジプラン及び株式会社,,株式会社オレンジプラン及び株式会社ゴールドマイン並びにその役員２名による金融商品取引法違反行為に係る裁判所への禁止及び停止命令発出の申立てについて,https://www.fsa.go.jp/sesc/news/c_2018/2018/20180529-1.html,"English version 平成30年5月29日 証券取引等監視委員会 株式会社オレンジプラン及び株式会社ゴールドマイン並びにその役員２名による金融商品取引法違反行為に係る裁判所への禁止及び停止命令発出の申立てについて １．申立ての内容等 証券取引等監視委員会が、株式会社オレンジプラン（東京都港区、法人番号8011101058217、代表取締役Ａ、資本金1000万円、以下「オレンジ社」という。）及び株式会社ゴールドマイン（福岡県福岡市博多区、法人番号9290001058380、代表取締役Ｂ、資本金500万円、以下「ゴールド社」という。）（上記２社はいずれも金融商品取引業の登録等はない。）に対して金融商品取引法（以下「金商法」という。）第187条第１項に基づく調査を行った結果、下記２．の事実が認められたことから、本日、証券取引等監視委員会は、金商法第192条第１項に基づき、東京地方裁判所に対し、オレンジ社及びゴールド社並びにそれぞれの代表取締役であるＡ及びＢ（以下「オレンジ社ら」という。）を被申立人として、金商法違反行為（無登録で、金商法第２条第２項第５号又は第６号に掲げる権利について、募集又は私募の取扱いを業として行うこと）の禁止及び停止を命ずるよう申立てを行った。 ２．事実関係 オレンジ社は、平成28年11月下旬頃から、「ポートフォリオコイン」という名称の金融商品を販売している。 なお、「ポートフォリオコイン」を購入するためには、オレンジ社へ登録料及び登録事務手数料（以下「登録料等」という。）を支払い、会員登録を行う必要がある。会員は、自分の紹介により、一般投資家が新規にオレンジ社の会員となったり、「ポートフォリオコイン」を購入したりした場合には、オレンジ社から「ボーナス」として金銭が支払われる仕組みとなっている。 ① 「ポートフォリオコイン」について オレンジ社らは、「ポートフォリオコイン」は、その発行主体とする海外法人が、仮想通貨の売買によって「ポートフォリオコイン」の売上金を運用し、その運用益を「ポートフォリオコイン」の所有者に対して、所有口数に応じて分配するという金融商品であるとしている。 「ポートフォリオコイン」は２種類あり、その概要は、以下のとおり。 ア 「ポートフォリオコイン20」 購入日の翌週から20週目までは、毎週、販売価格（５万円）の５％に相当する額（2,500円）の支払を受けることができるとしている（20週間支払を受け続けることができれば、販売価格に相当する額の支払を受けることができることになる。）。 その後は、満期である104週目に、運用による最終的な利益（過去の実績は、301万2,112円とされる。）の支払を受けることができるとしている。 イ 「ポートフォリオコイン40」 購入日の翌週から40週目までは、毎週、販売価格（５万円）の５％に相当する額（2,500円）の支払を受けることができるとしている（40週間支払を受け続けることができれば、販売価格の倍に相当する額の支払を受けることができることになる。）。 その後は、満期である104週目に、運用による最終的な利益（過去の実績は、113万5,233円とされる。）の支払を受けることができるとしている。 ② 「ポートフォリオコイン」の取得勧誘について ア 個別の面談やセミナーによる取得勧誘 オレンジ社は、一般投資家との個別の面談やセミナーにおいて「ポートフォリオコイン」の説明を行う業務を、ゴールド社に委託している。 そして、ゴールド社の代表取締役であるＢ及び同社の外交員らは、同委託に基づき、平成28年11月下旬頃から、オレンジ社の公認アドバイザーとして、個別の面談やセミナーにおいて、一般投資家に対して「ポートフォリオコイン」の説明を行い、その取得勧誘を行っている。 また、オレンジ社の代表取締役であるＡは、ゴールド社の外交員からの要請により、セミナーに出席して一般投資家に対して挨拶を行うほか、個別の面談において、一般投資家からの質問に回答するなどしている。 イ キャンペーンの告知による取得勧誘 オレンジ社は、平成29年10月頃から１か月に１、２回程度の頻度で、「ポートフォリオコイン」の追加購入を促すキャンペーンを行っており、そのようなキャンペーンを行う旨を会員向けのウェブサイトで告知するとともに、会員全員に対してメールを送信して告知し、「ポートフォリオコイン」の取得勧誘を行っている。 オレンジ社らの上記行為は、金商法第28条第２項第２号に規定する「第二種金融商品取引業」に該当し、無登録でこれを行うことは、同法第29条に違反するものである。 オレンジ社らは、平成28年11月から平成30年２月20日までの間に、少なくとも延べ約8,100名の一般投資家に対して延べ約31億円分の「ポートフォリオコイン」を販売している。 また、オレンジ社は、会員からの登録料等として、約10億円の入金を受けている。 オレンジ社らは、「ポートフォリオコイン」の発行主体とされる海外法人が仮想通貨の売買によってその売上金を運用するとしているが、オレンジ社が「ポートフォリオコイン」の売上金を海外法人に送金している形跡や海外法人からその運用益を受け取っている形跡は認められていない。 そして、一般投資家に対して支払う分配金等は、専ら「ポートフォリオコイン」の売上金及び会員の登録料等から支払われており、オレンジ社は、「ポートフォリオコイン」を販売しなければ分配金等を支払うことができない状態となっている。 そのため、オレンジ社が今後も分配金等を支払うためには、一般投資家に対して「ポートフォリオコイン」の新規の取得勧誘を継続するほかない状況にある。 このような事情等によれば、オレンジ社らは上記違法行為を今後も行う蓋然性が高く、これを可及的速やかに禁止・停止させる必要がある。 参考資料（PDF：178KB） （クリックすると拡大されます） 参考条文 ○第二種金融商品取引業 金融商品取引法(抄) （定義） 第二条 この法律において「有価証券」とは、次に掲げるものをいう。 一～二十一　（略） ２ （前略）、次に掲げる権利は、証券又は証書に表示されるべき権利以外の権利であっても有価証券とみなして、この法律の規定を適用する。 一～四 （略） 五　民法（中略）第六百六十七条第一項に規定する組合契約、商法（中略）第五百三十五条に規定する匿名組合契約、投資事業有限責任組合契約に関する法律（中略）第三条第一項に規定する投資事業有限責任組合契約又は有限責任事業組合契約に関する法律（中略）第三条第一項に規定する有限責任事業組合契約に基づく権利、社団法人の社員権その他の権利（外国の法令に基づくものを除く。）のうち、当該権利を有する者（以下この号において「出資者」という。）が出資又は拠出をした金銭（これに類するものとして政令で定めるものを含む。）を充てて行う事業（以下この号において「出資対象事業」という。）から生ずる収益の配当又は当該出資対象事業に係る財産の分配を受けることができる権利であって、次のいずれにも該当しないもの（略） イ～二 （略） 六　外国の法令に基づく権利であって、前号に掲げる権利に類するもの 七 （略） ３～７ （略） ８ この法律において「金融商品取引業」とは、次に掲げる行為（略）のいずれかを業として行うことをいう。 一～八 （略） 九　有価証券の募集若しくは売出しの取扱い又は私募若しくは特定投資家向け売付け勧誘等の取扱い 十～十八 （略） ９～40 （略） 第二十八条 （略） ２ この章において「第二種金融商品取引業」とは、金融商品取引業のうち、次に掲げる行為のいずれかを業として行うことをいう。 一 （略） 二　第二条第二項の規定により有価証券とみなされる同項各号に掲げる権利についての同条第八項第一号から第三号まで、第五号、第八号又は第九号に掲げる行為 三・四 （略） ３～８ （略） （登録） 第二十九条 金融商品取引業は、内閣総理大臣の登録を受けた者でなければ、行うことができない。 ○緊急差止命令に係る申立て 金融商品取引法(抄) （審問等に関する調査のための処分） 第百八十七条 内閣総理大臣又は内閣総理大臣及び財務大臣は、この法律の規定による審問、この法律の規定による処分に係る聴聞又は第百九十二条の規定による申立てについて、必要な調査をするため、当該職員に、次に掲げる処分をさせることができる。 一　関係人若しくは参考人に出頭を命じて意見を聴取し、又はこれらの者から意見書若しくは報告書を提出させること。 二　鑑定人に出頭を命じて鑑定させること。 三　関係人に対し帳簿書類その他の物件の提出を命じ、又は提出物件を留めて置くこと。 四　関係人の業務若しくは財産の状況又は帳簿書類その他の物件を検査すること。 ２ (略) （裁判所の禁止又は停止命令） 第百九十二条 裁判所は、次の各号のいずれかに該当すると認めるときは、内閣総理大臣又は内閣総理大臣及び財務大臣の申立てにより、当該各号に定める行為を行い、又は行おうとする者に対し、その行為の禁止又は停止を命ずることができる。 一　緊急の必要があり、かつ、公益及び投資者保護のため必要かつ適当であるとき この法律又はこの法律に基づく命令に違反する行為 二　第二条第二項第五号若しくは第六号に掲げる権利又は同項第七号に掲げる権利（同項第五号又は第六号に掲げる権利と同様の経済的性質を有するものとして政令で定める権利に限る。）に関し出資され、又は拠出された金銭（これに類するものとして政令で定めるものを含む。）を充てて行われる事業に係る業務執行が著しく適正を欠き、かつ、現に投資者の利益が著しく害されており、又は害されることが明白である場合において、投資者の損害の拡大を防止する緊急の必要があるとき　これらの権利に係る同条第八項第七号から第九号までに掲げる行為 ２～４ （略） 第百九十八条 次の各号のいずれかに該当する者は、三年以下の懲役若しくは三百万円以下の罰金に処し、又はこれを併科する。 一～七　(略) 八　第百九十二条第一項又は第二項の規定による裁判所の命令に違反した者 第二百七条 法人（中略）の代表者又は法人若しくは人の代理人、使用人その他の従業者が、その法人又は人の業務又は財産に関し、次の各号に掲げる規定の違反行為をしたときは、その行為者を罰するほか、その法人に対して当該各号に定める罰金刑を、その人に対して各本条の罰金刑を科する。 一・二　(略) 三　第百九十八条（略）又は第百九十八条の三から第百九十八条の五まで三億円以下の罰金刑 四～六　(略) ２・３ (略)"
2018-05-22,ヘッジファンドバンキング株式会社,,ヘッジファンドバンキング株式会社に対する検査結果に基づく勧告について,https://www.fsa.go.jp/sesc/news/c_2018/2018/20180522-2.html,English version 平成30年５月22日 証券取引等監視委員会 ヘッジファンドバンキング株式会社に対する検査結果に基づく勧告について １．勧告の内容 関東財務局長がヘッジファンドバンキング株式会社（東京都品川区、法人番号5010701027583、資本金1000万円、常勤役職員10名、投資助言・代理業、以下「当社」という。）を検査した結果、下記のとおり、当該金融商品取引業者に係る問題が認められたので、本日、証券取引等監視委員会は、内閣総理大臣及び金融庁長官に対して、金融庁設置法第20条第１項の規定に基づき、行政処分を行うよう勧告した。 ２．事実関係 （１）有価証券の売買について、作為的に値付けをすることとなる取引を行うことを内容とした助言をする行為 当社は、新宿支店の運営に関し、株式会社ＪＧ－ｃｏｍｐａｎｙ（東京都新宿区、以下「ＪＧ社」という。）と業務提携し、ＪＧ社及びそのグループ会社（株式会社Ｍａｓｔｅｒ及び株式会社Ｓ＆Ｆ）から従業員を受け入れるなどして、同支店を運営している。 ＪＧ社は、そのグループ会社と一体となって、金融商品取引法第29条に基づく登録を受けることなく投資助言業務を行っているところ（以下、ＪＧ社及びそのグループ会社を併せて「無登録業者」という。※）、当社の新宿支店は、無登録業者及び投資助言・代理業者である株式会社ＡＫアドバイザーズ（以下、無登録業者と併せて「無登録業者等」という。）と共同して、買い推奨を行った銘柄の株価を急騰させて当社の新宿支店や無登録業者等の銘柄分析能力が優れていると思わせ、顧客獲得等に繋げる目的で、以下の手法により、複数の顧客に対し、同時に同一銘柄の株式の買い推奨を行っていた事実が認められた。 ア　当社の新宿支店及び無登録業者等の従業員は、協議の上、同時に買い推奨を行う銘柄（以下「推奨銘柄」という。）の候補及び買い推奨を行う日時を決定する。 イ　当社の新宿支店及び無登録業者等の従業員は、それぞれの顧客の中から買い推奨の対象となる顧客（以下「対象顧客」という。）を選定し、推奨予定日になると、対象顧客に対して、あらかじめ電話により、買い推奨を行う予定時刻を伝え、その時刻にすぐに買付けができるように備えておいてほしい旨伝える。 ウ　当社の新宿支店及び無登録業者等の従業員は、買い推奨を行う予定時刻の直前に最終的な推奨銘柄を決定した上、予定時刻頃に対象顧客に一斉に銘柄推奨のメールを配信するとともに、電話による買い推奨を行う。 上記の買い推奨は、作為的に株価を急騰させることを目的とした助言であり、金融商品取引法第41条の２第６号に基づく金融商品取引業等に関する内閣府令第126条第２号に規定する「有価証券の売買について、作為的に値付けをすることとなる取引を行うことを内容とした助言」をする行為に該当すると認められる。 （２）投資者保護上問題のある業務運営 当社は、新宿支店における営業活動、営業員管理、苦情処理等を無登録業者から受け入れた同支店の従業員任せにし、法令等を遵守するために必要な内部管理態勢を構築していない。 その結果、当社は、当社の新宿支店が無登録業者等と共同して、上記（１）の「有価証券の売買について、作為的に値付けをすることとなる取引を行うことを内容とした助言をする行為」を見過ごしていた。 以上のような当社の業務運営態勢は、投資者保護上問題があると認められ、金融商品取引法第51条に規定する「業務の運営に関し、公益又は投資者保護のため必要かつ適当であると認めるとき」に該当するものと認められる。 （※） 株式会社ＪＧ－ｃｏｍｐａｎｙ、株式会社Ｍａｓｔｅｒ及び株式会社Ｓ＆Ｆ並びにその役員３名に対しては、平成30年３月２日付けで、金融商品取引法第192条に基づき、金融商品取引法違反行為の禁止及び停止命令発出の申立てを行い、同年３月29日付けで、東京地方裁判所から、禁止及び停止命令が発出されている。 参考資料（PDF:265KB） （参考条文） ○　金融商品取引法（昭和23年法律第25号）（抄） （禁止行為） 第四十一条の二  金融商品取引業者等は、その行う投資助言業務に関して、次に掲げる行為をしてはならない。 一 ～ 五 （略） 六  前各号に掲げるもののほか、投資者の保護に欠け、若しくは取引の公正を害し、又は金融商品取引業の信用を失墜させるものとして内閣府令で定める行為 （金融商品取引業者に対する業務改善命令） 第五十一条  内閣総理大臣は、金融商品取引業者の業務の運営又は財産の状況に関し、公益又は投資者保護のため必要かつ適当であると認めるときは、その必要の限度において、当該金融商品取引業者に対し、業務の方法の変更その他業務の運営又は財産の状況の改善に必要な措置をとるべきことを命ずることができる。 ○　金融商品取引業等に関する内閣府令（平成19年内閣府令第52号）（抄） （投資助言業務に関する禁止行為） 第百二十六条  法第四十一条の二第六号に規定する内閣府令で定める行為は、次に掲げる行為とする。 一 （略） 二  有価証券の売買その他の取引等について、不当に取引高を増加させ、又は作為的に値付けをすることとなる取引を行うことを内容とした助言を行うこと。 三 （略）
2018-05-22,株式会社ＡＫアドバイザーズ,,株式会社ＡＫアドバイザーズに対する検査結果に基づく勧告について,https://www.fsa.go.jp/sesc/news/c_2018/2018/20180522-1.html,English version 平成30年５月22日 証券取引等監視委員会 株式会社ＡＫアドバイザーズに対する検査結果に基づく勧告について １．勧告の内容 関東財務局長が株式会社ＡＫアドバイザーズ（東京都新宿区、法人番号7011101074173、資本金800万円、常勤役職員７名、投資助言・代理業、以下「当社」という。）を検査した結果、下記のとおり、当該金融商品取引業者に係る問題が認められたので、本日、証券取引等監視委員会は、内閣総理大臣及び金融庁長官に対して、金融庁設置法第20条第１項の規定に基づき、行政処分を行うよう勧告した。 ２．事実関係 （１）有価証券の売買について、作為的に値付けをすることとなる取引を行うことを内容とした助言をする行為 当社は、金融商品取引法第29条に基づく登録を受けることなく投資助言業務を行っている業者である株式会社ＪＧ－ｃｏｍｐａｎｙ、株式会社Ｍａｓｔｅｒ及び株式会社Ｓ＆Ｆ（以下、併せて「無登録業者」という。※）の営業拠点並びに投資助言・代理業者であるヘッジファンドバンキング株式会社の支店（以下、無登録業者と同支店を併せて「無登録業者等」という。）と共同して、買い推奨を行った銘柄の株価を急騰させて当社や無登録業者等の銘柄分析能力が優れていると思わせ、顧客獲得等に繋げる目的で、以下の手法により、複数の顧客に対し、同時に同一銘柄の株式の買い推奨を行っていた事実が認められた。 ア　当社及び無登録業者等の従業員は、協議の上、同時に買い推奨を行う銘柄（以下「推奨銘柄」という。）の候補及び買い推奨を行う日時を決定する。 イ　当社及び無登録業者等の従業員は、それぞれの顧客の中から買い推奨の対象となる顧客（以下「対象顧客」という。）を選定し、推奨予定日になると、対象顧客に対して、あらかじめ電話により、買い推奨を行う予定時刻を伝え、その時刻にすぐに買付けができるように備えておいてほしい旨伝える。 ウ　当社及び無登録業者等の従業員は、買い推奨を行う予定時刻の直前に最終的な推奨銘柄を決定した上、予定時刻頃に対象顧客に一斉に銘柄推奨のメールを配信するとともに、電話による買い推奨を行う。 当社は、上記の買い推奨を行う一方で、新規の投資顧問契約締結の勧誘をしている顧客等に対しては、推奨銘柄の株価の推移に注目しておくようにあらかじめ伝えており、上記の買い推奨の結果、顧客が一斉に買付け注文を発注することにより、株価が一時的に急騰した場合には、自社の銘柄分析能力が優秀であるかのように振る舞い、新規の契約の締結等の勧誘を行っていた。 上記の買い推奨は、作為的に株価を急騰させることを目的とした助言であり、金融商品取引法第41条の２第６号に基づく金融商品取引業等に関する内閣府令第126条第２号に規定する「有価証券の売買について、作為的に値付けをすることとなる取引を行うことを内容とした助言」をする行為に該当すると認められる。 （２）投資者保護上重大な問題のある業務運営 当社代表は、無登録業者において「社長」と称される地位にあり、無登録での投資助言業務を主導していた。 無登録業者は、複数の実体のない会社の名義で開設したウェブサイトを用いて無登録で投資助言業務を行っており、その一部の会社に対しては、関東財務局等から無登録での投資助言業務を止めるように警告書が発出されているが、無登録業者は、その都度、警告を受けたウェブサイトを閉鎖するなどし、投資助言業務を止めたと装う一方、新たな会社を設立したり、新たなウェブサイトを開設したりするなどして、無登録での投資助言業務を継続していた。 また、当社代表は、以下のとおり、当社の従業員を無登録業者の投資助言業務に従事させていた。 ア　当社代表は、当社の従業員に指示して、無登録業者の投資助言業務の一環として行われる、顧客と直接面会して投資顧問契約の締結を勧誘する営業に従事させていた。 なお、当該従業員は、上記営業を行う際に、「実績のある投資家」を装って顧客に面会し、虚偽ないし誇張した自らの投資経験等を顧客に説明して顧客の信用を得ており、無登録業者の従業員は、その「実績のある投資家」が所属する会社から投資助言を受けることができるなどとして、投資顧問契約の締結を勧誘していた。 イ　当社代表は、当社の営業責任者を無登録業者の営業拠点に異動させ、電話による投資顧問契約締結の勧誘業務に従事させていた。 このような当社の業務運営は、金融商品取引法第52条第１項第10号に規定する「金融商品取引業に関し、不正又は著しく不当な行為をした場合において、その情状が特に重いとき」に該当するものと認められる。 （※） 株式会社ＪＧ－ｃｏｍｐａｎｙ、株式会社Ｍａｓｔｅｒ及び株式会社Ｓ＆Ｆ並びにその役員３名に対しては、平成30年３月２日付けで、金融商品取引法第192条に基づき、金融商品取引法違反行為の禁止及び停止命令発出の申立てを行い、同年３月29日付けで、東京地方裁判所から、禁止及び停止命令が発出されている。 参考資料（PDF:271KB） （参考条文） ○　金融商品取引法（昭和23年法律第25号）（抄） （禁止行為） 第四十一条の二  金融商品取引業者等は、その行う投資助言業務に関して、次に掲げる行為をしてはならない。 一 ～ 五 （略） 六  前各号に掲げるもののほか、投資者の保護に欠け、若しくは取引の公正を害し、又は金融商品取引業の信用を失墜させるものとして内閣府令で定める行為 （金融商品取引業者に対する監督上の処分） 第五十二条  内閣総理大臣は、金融商品取引業者が次の各号のいずれかに該当する場合においては、当該金融商品取引業者の第二十九条の登録を取り消し、第三十条第一項の認可を取り消し、又は六月以内の期間を定めて業務の全部若しくは一部の停止を命ずることができる。 一 ～ 九 （略） 十  金融商品取引業に関し、不正又は著しく不当な行為をした場合において、その情状が特に重いとき。 十一 ・ 十二 （略） ２ ～ ５ （略） ○　金融商品取引業等に関する内閣府令（平成19年内閣府令第52号）（抄） （投資助言業務に関する禁止行為） 第百二十六条  法第四十一条の二第六号に規定する内閣府令で定める行為は、次に掲げる行為とする。 一 （略） 二  有価証券の売買その他の取引等について、不当に取引高を増加させ、又は作為的に値付けをすることとなる取引を行うことを内容とした助言を行うこと。 三 （略）
2018-04-24,イーレックス株式会社,9517,イーレックス株式会社の役員から情報を受領した者による内部者取引に対する課徴金納付命令の勧告について,https://www.fsa.go.jp/sesc/news/c_2018/2018/20180424-1.html,"English version 平成３０年４月２４日 証券取引等監視委員会 イーレックス株式会社の役員から情報を受領した者による内部者取引に対する課徴金納付命令の勧告について １．勧告の内容 証券取引等監視委員会は、イーレックス株式会社の役員から情報を受領した者による内部者取引について検査した結果、下記のとおり法令違反の事実が認められたので、本日、内閣総理大臣及び金融庁長官に対して、金融庁設置法第２０条第１項の規定に基づき、課徴金納付命令を発出するよう勧告を行った。 ２．法令違反の事実関係 課徴金納付命令対象者は、イーレックス株式会社（以下「イーレックス」という。）の役員から、同人がその職務に関し知った、 (1) イーレックスの属する企業集団の平成２８年４月１日から平成２９年３月３１日までの事業年度の経常利益及び親会社株主に帰属する当期純利益（以下「当期純利益」という。）について、平成２８年１１月１４日に公表された直近の予想値（経常利益２４億５１００万円、当期純利益１４億２６００万円）に比較して、同社が新たに算出した予想値（経常利益３３億２３００万円、当期純利益２０億１４５８万７０００円）において投資者の投資判断に及ぼす影響が重要なものとなる差異が生じた旨の重要事実 (2) 同社の業務執行を決定する機関が株式の分割を行うことについての決定をした旨の重要事実 の伝達を受けながら、上記各重要事実の公表がされた平成２９年２月１４日より前の同年２月９日及び同月１０日、自己の計算において、イーレックス株式合計１万３４００株を買付価額合計４６８８万１０００円で買い付けたものである。 違反行為事実の概要については、 別図 のとおり。 課徴金納付命令対象者が行った上記の行為は、金融商品取引法第１７５条第１項に規定する「第１６６条第１項又は第３項の規定に違反して、同条第１項に規定する売買等」をした行為に該当すると認められる。 ３．課徴金の額の計算 上記の違法行為に対し金融商品取引法に基づき納付を命じられる課徴金の額は、１１６７万円である。 計算方法の詳細については、 別紙 のとおり。 ４．その他 本件については、日本取引所自主規制法人より提供された情報も参考として、実態解明を行ったものである。 （別図） ○違反行為事実の概要について （クリックすると拡大されます） （別紙） 〇課徴金の額の計算について (1) 金融商品取引法第１７５条第１項第２号の規定により、当該有価証券の買付けについて、業務等に関する重要事実の公表がされた後２週間における最も高い価格（4,370円）に当該有価証券の買付けの数量を乗じて得た額から当該有価証券の買付けをした価格にその数量を乗じて得た額を控除した額。 （4,370円×13,400株） －（3,430円×700株＋3,435円×1,300株＋3,440円×3,000株＋3,450円×100株 ＋3,455円×300株＋3,480円×3,000株＋3,540円×1,000株＋3,575円×2,000株 ＋3,580円×100株＋3,590円×1,100株＋3,595円×800株） ＝11,677,000円 (2) 金融商品取引法第１７６条第２項の規定により、上記(1)で計算した額の１万円未満の端数を切捨て。"
2018-03-30,プレシジョン・システム・サイエンス株式会社,7707,プレシジョン・システム・サイエンス株式会社顧問２名による内部者取引に対する課徴金納付命令の勧告について,https://www.fsa.go.jp/sesc/news/c_2018/2018/20180330-1.html,"English version 平成30年3月30日 証券取引等監視委員会 プレシジョン・システム・サイエンス株式会社顧問２名による内部者取引に対する課徴金納付命令の勧告について １．勧告の内容 証券取引等監視委員会は、プレシジョン・システム・サイエンス株式会社顧問２名による内部者取引について検査した結果、下記のとおり法令違反の事実が認められたので、本日、内閣総理大臣及び金融庁長官に対して、金融庁設置法第２０条第１項の規定に基づき、課徴金納付命令を発出するよう勧告を行った。 ２．法令違反の事実関係 （１）課徴金納付命令対象者（１）について 課徴金納付命令対象者（１）は、プレシジョン・システム・サイエンス株式会社（以下「プレシジョン」という。）の顧問として勤務している者であるが、同人がその職務に関し、同社の業務執行を決定する機関が、株式会社日立ハイテクノロジーズと業務上の提携を行うことについての決定をした旨の重要事実を知りながら、上記事実の公表がされた平成２９年５月１５日より前の同年３月２２日及び同年４月７日、自己の計算において、プレシジョン株式合計２０００株を買付価額合計７４万３０００円で買い付けたものである。 違反行為事実の概要については、 別図 のとおり。 課徴金納付命令対象者（１）が行った上記の行為は、金融商品取引法第１７５条第１項に規定する「第１６６条第１項又は第３項の規定に違反して、同条第１項に規定する売買等をした」行為に該当すると認められる。 （２）課徴金納付命令対象者（２）について 課徴金納付命令対象者（２）は、プレシジョンの顧問として勤務している者であるが、同人がその職務に関し、同社の業務執行を決定する機関が、株式会社日立ハイテクノロジーズと業務上の提携を行うことについての決定をした旨の重要事実を知りながら、上記事実の公表がされた平成２９年５月１５日より前の同年１月２３日及び同月２７日、自己の計算において、プレシジョン株式合計２０００株を買付価額合計８０万９０００円で買い付けたものである。 違反行為事実の概要については、 別図 のとおり。 課徴金納付命令対象者（２）が行った上記の行為は、金融商品取引法第１７５条第１項に規定する「第１６６条第１項又は第３項の規定に違反して、同条第１項に規定する売買等をした」行為に該当すると認められる。 ３．課徴金の額の計算 上記の違法行為に対し、金融商品取引法に基づき納付を命じられる課徴金の額は、下記のとおりである。 課徴金納付命令対象者（１）３７万円 課徴金納付命令対象者（２）３０万円 計算方法の詳細については、 別紙 のとおり。 ４．その他 本件については、日本取引所自主規制法人より提供された情報を参考として、実態解明を行ったものである。 （別図） ○違反行為事実の概要について （クリックすると拡大されます） （別紙） ○課徴金の額の計算方法について １． 課徴金納付命令対象者（１）について （１）金融商品取引法第１７５条第１項第２号の規定により、当該有価証券の買付けについて業務等に関する重要事実の公表がされた後２週間における最も高い価格（558円）に当該有価証券の買付けの数量を乗じて得た額から当該有価証券の買付けをした価格にその数量を乗じて得た額を控除した額。 （558円×2,０00株）－（361円×1,000株＋382円×1,000株） ＝373,000円 （２）金融商品取引法第１７６条第２項の規定により、上記（１）で計算した額の１万円未満の端数を切捨て。 ２． 課徴金納付命令対象者（２）について （１）金融商品取引法第１７５条第１項第２号の規定により、当該有価証券の買付けについて業務等に関する重要事実の公表がされた後２週間における最も高い価格（558円）に当該有価証券の買付けの数量を乗じて得た額から当該有価証券の買付けをした価格にその数量を乗じて得た額を控除した額。 （558円×2,000株）－（396円×1,000株＋413円×1,000株） ＝307,000円 （２）金融商品取引法第１７６条第２項の規定により、上記（１）で計算した額の１万円未満の端数を切捨て。"
2018-05-11,,,桧家ホールディングス株式に係る相場操縦に対する課徴金納付命令の勧告について,https://www.fsa.go.jp/sesc/news/c_2018/2018/20180511-1.html,"English version 平成３０年５月１１日 証券取引等監視委員会 桧家ホールディングス株式に係る相場操縦に対する課徴金納付命令の勧告について １．勧告の内容 証券取引等監視委員会は、桧家ホールディングス株式に係る相場操縦について検査した結果、下記のとおり法令違反の事実が認められたので、本日、内閣総理大臣及び金融庁長官に対して、金融庁設置法第２０条第１項の規定に基づき、課徴金納付命令を発出するよう勧告を行った。 ２．法令違反の事実関係 課徴金納付命令対象者は、株式会社桧家ホールディングス（平成３０年４月１日株式会社ヒノキヤグループに商号変更。）の株式につき、同株式の売買を誘引する目的をもって、 別表 記載のとおり、平成２９年２月２２日午前９時３４分頃から同月２３日午前９時１２分頃までの間及び平成２９年２月２７日午後１時４２分頃から同年３月８日午後０時５１分頃までの間、合計１０取引日において、直前の約定値より高指値の売り注文と買い注文を対当させて株価を引き上げるなどの方法により、同株式合計４９００株を買い付ける一方、同株式合計５１００株を売り付け、もって、自己及び親族の計算において、同株式の売買が繁盛であると誤解させ、かつ、同株式の相場を変動させるべき一連の売買を行ったものである。 違反行為事実の概要については、 別図 のとおり。 課徴金納付命令対象者が行った上記の行為は、金融商品取引法第１７４条の２第１項に規定する「第１５９条第２項第１号の規定に違反する一連の有価証券売買等」に該当すると認められる。 ３．課徴金の額の計算 上記の違法行為に対し金融商品取引法に基づき納付を命じられる課徴金の額は、２１万円である。 計算方法の詳細については、 別紙１ 及び 別紙２ のとおり。 （別表） （クリックすると拡大されます） （別図） ○違反行為事実の概要について （クリックすると拡大されます） （別紙１） ○課徴金の額の計算方法について 別表の各違反行為に係る課徴金の額の計算の基礎は以下のとおりである。 １．金融商品取引法第１７４条の２第１項の規定により、当該違反行為に係る課徴金の額は、 (1) 当該違反行為に係る有価証券の売買対当数量に係るものについて、自己の計算による当該有価証券の売付け等の価額から、自己の計算による当該有価証券の買付け等の価額を控除した額 及び (2) 当該違反行為に係る自己の計算による有価証券の売付け等又は買付け等の数量が、当該違反行為に係る自己の計算による有価証券の買付け等又は売付け等の数量を超える場合、当該超える数量に係る有価証券の売付け等の価額から当該違反行為が終了してから１月を経過するまでの間の各日における当該違反行為に係る有価証券の買付け等についての金融商品取引法第６７条の１９又は第１３０条に規定する最低の価格のうち最も低い価格に当該超える数量を乗じて得た額を控除した額、又は当該違反行為が終了してから１月を経過するまでの間の各日における当該違反行為に係る有価証券の売付け等についての金融商品取引法第６７条の１９又は第１３０条に規定する最高の価格のうち最も高い価格に当該超える数量を乗じて得た額から当該超える数量に係る有価証券の買付け等の価額を控除した額 の合計額として算定。 なお、金融商品取引法第１７４条の２第６項第２号の規定により、当該違反者の親族の計算における売付け等又は買付け等は、当該違反者の自己の計算においてしたものとみなす。 ２．上記１．で算定された課徴金の額につき、金融商品取引法第１７６条第２項の規定により１万円未満の端数を切り捨てて算定。 ３．上記２．によりそれぞれ算定した額を合計し、課徴金の額とする。 以上につき、 別紙２ のとおり。 （別紙２） １．違反行為期間Ａの取引について (1) 当該違反行為に係る自己の計算による有価証券の売付け等の数量は、1,000株であり、当該違反行為に係る自己の計算による有価証券の買付け等の数量は、実際の買付け等の数量1,000株に、金融商品取引法第１７４条の２第８項及び金融商品取引法施行令第３３条の１３第１号の規定により、違反行為の開始時にその時における価格（1,955円）で買付け等を自己の計算においてしたものとみなされる当該違反行為の開始時に所有している有価証券の数量200株を加えた1,200株であることから、 ア．当該違反行為に係る有価証券の売買対当数量（1,000株）に係るものについて、自己の計算による当該有価証券の売付け等の価額から、自己の計算による当該有価証券の買付け等の価額を控除した額 （1,955円×200株＋1,960円×100株＋1,964円×200株＋2,010円×200株 ＋2,014円×100株＋2,018円×200株） －（1,948円×100株＋1,951円×100株＋1,955円×400株＋2,001円×100株 ＋2,002円×100株＋2,010円×200株） ＝ 12,600円 及び イ．当該違反行為に係る自己の計算による有価証券の買付け等の数量（1,200株） が、当該違反行為に係る自己の計算による有価証券の売付け等の数量（1,000株）を超えていることから、当該違反行為が終了してから１月を経過するまでの間の各日における当該違反行為に係る有価証券の売付け等についての金融商品取引法第６７条の１９又は第１３０条に規定する最高の価格のうち最も高い価格（2,397円）に当該超える数量200株（1,200株－1,000株）を乗じて得た額から、当該超える数量に係る有価証券の買付け等の価額を控除した額 （2,397円×200株） －（2,004円×100株＋2,014円×100株） ＝ 77,600円 の合計額90,200円となる。 (2) 金融商品取引法第１７６条第２項の規定により、上記(1)で計算した額の１万円未満の端数を切捨て、90,000円となる。 ２．違反行為期間Ｂの取引について (1) 当該違反行為に係る自己の計算による有価証券の売付け等の数量は、4,100株であり、当該違反行為に係る自己の計算による有価証券の買付け等の数量は、実際の買付け等の数量3,900株に、金融商品取引法第１７４条の２第８項及び金融商品取引法施行令第３３条の１３第１号の規定により、違反行為の開始時にその時における価格（1,945円）で買付け等を自己の計算においてしたものとみなされる当該違反行為の開始時に所有している有価証券の数量400株を加えた4,300株であることから、 ア．当該違反行為に係る有価証券の売買対当数量（4,100株）に係るものについて、自己の計算による当該有価証券の売付け等の価額から、自己の計算による当該有価証券の買付け等の価額を控除した額 （1,912円×100株＋1,930円×100株＋1,936円×100株＋1,942円×100株＋ 1,945円×100株＋1,948円×100株＋1,966円×100株＋1,969円×100株＋ 1,979円×100株＋1,987円×100株＋1,989円×100株＋1,995円×300株＋ 1,997円×100株＋1,999円×700株＋2,000円×100株＋2,029円×200株＋ 2,079円×100株＋2,086円×100株＋2,088円×200株＋2,089円×200株＋ 2,094円×100株＋2,096円×100株＋2,097円×100株＋2,099円×200株＋ 2,100円×100株＋2,118円×100株＋2,141円×100株＋2,158円×100株＋ 2,183円×100株） －（1,911円×100株＋1,912円×100株＋1,930円×100株＋1,931円×100株＋ 1,935円×100株＋1,936円×100株＋1,942円×100株＋1,945円×600株＋ 1,948円×100株＋1,981円×200株＋1,989円×100株＋1,991円×300株＋ 1,995円×100株＋1,997円×100株＋1,999円×200株＋2,025円×100株＋ 2,027円×100株＋2,071円×200株＋2,073円×100株＋2,076円×100株＋ 2,079円×100株＋2,081円×100株＋2,082円×100株＋2,086円×100株＋ 2,089円×200株＋2,094円×100株＋2,096円×100株＋2,118円×100株＋ 2,124円×100株＋2,143円×100株） ＝ 78,700円 及び イ．当該違反行為に係る自己の計算による有価証券の買付け等の数量（4,300株） が、当該違反行為に係る自己の計算による有価証券の売付け等の数量（4,100株）を超えていることから、当該違反行為が終了してから１月を経過するまでの間の各日における当該違反行為に係る有価証券の売付け等についての金融商品取引法第６７条の１９又は第１３０条に規定する最高の価格のうち最も高い価格（2,397円）に当該超える数量200株（4,300株－4,100株）を乗じて得た額から、当該超える数量に係る有価証券の買付け等の価額を控除した額 （2,397円×200株） －（2,164円×100株＋2,183円×100株） ＝ 44,700円 の合計額123,400円となる。 (2) 金融商品取引法第１７６条第２項の規定により、上記(1)で計算した額の１万円未満の端数を切捨て、120,000円となる。 ３．上記、１．ないし２．により算定した額の合計 90,000円＋120,000円 ＝210,000円となる。"
2018-03-29,株式会社Ｍａｓｔｅｒ及び株式会社,,株式会社ＪＧ－ｃｏｍｐａｎｙ、株式会社Ｍａｓｔｅｒ及び株式会社Ｓ＆Ｆ並びにその役員３名に対する金融商品取引法違反行為に係る裁判所の禁止及び停止命令の発令について,https://www.fsa.go.jp/sesc/news/c_2018/2018/20180329-1.html,English version 平成30年3月29日 証券取引等監視委員会 株式会社ＪＧ－ｃｏｍｐａｎｙ、株式会社Ｍａｓｔｅｒ及び株式会社Ｓ＆Ｆ並びにその役員３名に対する金融商品取引法違反行為に係る裁判所の禁止及び停止命令の発令について 証券取引等監視委員会が、平成３０年３月２日に行った株式会社ＪＧ－ｃｏｍｐａｎｙ（東京都新宿区、法人番号5011101059597、資本金900万円）、株式会社Ｍａｓｔｅｒ（東京都文京区、法人番号2010901028483、資本金300万円）及び株式会社Ｓ＆Ｆ（東京都新宿区、法人番号3011101072651、資本金500万円）（上記３社はいずれも金融商品取引業の登録等はない。）並びにそれぞれの代表取締役であるA、B及びCに対する金融商品取引法違反行為（無登録で、投資助言業務及び第一種金融商品取引業（同法第２条第２２項第１号に掲げる取引の媒介）を行うこと）の禁止及び停止を命ずるよう求める申立てについて、本日、東京地方裁判所より、申立ての内容どおり、下記の命令が下された。 記 １　被申立人らは、いずれも、金融商品取引法２９条所定の登録（ただし、業務の種別を投資助言・代理業とするもの）その他同法所定の適式の登録を受けずに、当事者の一方が相手方に対して有価証券の価値等に関し、口頭、文書（新聞、雑誌、書籍その他不特定多数の者に販売することを目的として発行されるもので、不特定多数の者により随時に購入可能なものを除く。）その他の方法により助言を行うことを約し、相手方がそれに対し報酬を支払うことを約する契約を締結し、当該契約に基づき、助言を行うことを業として行ってはならない ２　被申立人らは、いずれも、金融商品取引法２９条所定の登録（ただし、業務の種別を第一種金融商品取引業とするもの）その他同法所定の適式の登録を受けずに、店頭デリバティブ取引（ただし、同法２条２２項１号に掲げる取引に限る。）の媒介を業として行ってはならない （参考） 株式会社ＪＧ－ｃｏｍｐａｎｙ、株式会社Ｍａｓｔｅｒ及び株式会社Ｓ＆Ｆ並びにその役員３名による金融商品取引法違反行為に係る裁判所への禁止及び停止命令発出の申立てについて
2018-03-16,ミサワホーム株式会社,,ミサワホーム株式会社役員から情報を受領した者が所属する同社子会社の役員によるミサワホーム株式に係る内部者取引に対する課徴金納付命令の勧告について,https://www.fsa.go.jp/sesc/news/c_2018/2018/20180316-2.html,"English version 平成30年3月16日 証券取引等監視委員会 ミサワホーム株式会社役員から情報を受領した者が所属する同社子会社の役員によるミサワホーム株式に係る内部者取引に対する課徴金納付命令の勧告について １．勧告の内容 証券取引等監視委員会は、ミサワホーム株式会社役員から情報を受領した者が所属する同社子会社の役員によるミサワホーム株式に係る内部者取引について検査した結果、下記のとおり法令違反の事実が認められたので、本日、内閣総理大臣及び金融庁長官に対して、金融庁設置法第２０条第１項の規定に基づき、課徴金納付命令を発出するよう勧告を行った。 ２．法令違反の事実関係 課徴金納付命令対象者は、ミサワホーム株式会社（以下「ミサワホーム」という。）の子会社であるＡ社の役員であった者であるが、その職務に関し、Ａ社の役員丙がミサワホームの役員乙から職務上伝達を受けた、トヨタホーム株式会社（以下「トヨタホーム」という。）の業務執行を決定する機関がミサワホーム株式の公開買付けを行うことの決定をした旨の公開買付けの実施に関する事実を知りながら、上記事実の公表がされた平成２８年１１月２２日より前の同月２１日、自己の計算において、ミサワホーム株式合計１１００株を買付価額合計９６万５３００円で買い付けたものである。 上記公開買付けの実施に関する事実は、トヨタホームの役員甲から、ミサワホームの役員乙がその職務に関し伝達を受けたものである。 違反行為事実の概要については、 別図 のとおり。 課徴金納付命令対象者が行った上記の行為は、金融商品取引法第１７５条第２項に規定する「第１６７条第１項又は第３項の規定に違反して、同条第１項に規定する特定株券等若しくは関連株券等に係る買付け等」をした行為に該当すると認められる。 ３．課徴金の額の計算 上記の違法行為に対し、金融商品取引法に基づき納付を命じられる課徴金の額は、２０万円である。 計算方法の詳細については、 別紙 のとおり。 ４．その他 本件については、日本取引所自主規制法人より提供された情報も参考として、実態解明を行ったものである。 （別図） ○違反行為事実の概要について （クリックすると拡大されます） （別紙） ○課徴金の額の計算方法について （１）金融商品取引法第１７５条第２項第２号の規定により、当該有価証券の買付けについて、公開買付け等の実施に関する事実の公表がされた後２週間における最も高い価格（1,068円）に当該有価証券の買付けの数量を乗じて得た額から当該有価証券の買付けをした価格にその数量を乗じて得た額を控除した額。 （1,068円×1,100株） －（877円×500株＋878円×600株） ＝209,500円 （２）金融商品取引法第１７６条第２項の規定により、上記（１）で計算した額の１万円未満の端数を切捨て。"
2018-03-16,株式会社エスクロー・エージェント・ジャパン役員から情報,,株式会社エスクロー・エージェント・ジャパン役員から情報を受領した者による内部者取引及び当該役員による重要事実に係る伝達違反に対する課徴金納付命令の勧告について,https://www.fsa.go.jp/sesc/news/c_2018/2018/20180316-1.html,"English version 平成30年3月16日 証券取引等監視委員会 株式会社エスクロー・エージェント・ジャパン役員から情報を受領した者による内部者取引及び当該役員による重要事実に係る伝達違反行為に対する課徴金納付命令の勧告について １．勧告の内容 証券取引等監視委員会は、株式会社エスクロー・エージェント・ジャパン役員から情報を受領した者による内部者取引及び当該役員による重要事実に係る伝達違反行為について検査した結果、下記のとおり法令違反の事実が認められたので、本日、内閣総理大臣及び金融庁長官に対して、金融庁設置法第２０条第１項の規定に基づき、課徴金納付命令を発出するよう勧告を行った。 ２．法令違反の事実関係 （１）課徴金納付命令対象者（１）について 課徴金納付命令対象者（１）は、株式会社エスクロー・エージェント・ジャパン（以下「エスクローＡＪ」という。）の役員であった課徴金納付命令対象者（２）から、同人がその職務に関し知った、 ア．違反行為事実Ａ 同社の業務執行を決定する機関が株式の分割を行うことについての決定をした旨の重要事実の伝達を受けながら、上記事実の公表がされた平成２７年７月１４日午後３時頃より前の同日午後２時２７分頃、自己の計算において、エスクローＡＪ株式１００株を買付価額８１万２０００円で買い付け イ．違反行為事実Ｂ ①同社の属する企業集団の平成２８年３月１日から平成２９年２月２８日までの事業年度（以下「平成２９年２月期」という。）の売上高について、平成２８年６月１７日に公表がされた、直近の予想値（売上高２３億４２００万円）に比較して、同社が新たに算出した予想値において、投資者の投資判断に及ぼす影響が重要なものとなる差異が生じた旨の重要事実、②同社の平成２９年２月期の剰余金の配当について、平成２８年４月８日に公表がされた前事業年度の実績値（剰余金の配当１０円）に比較して、同社が新たに算出した平成２９年２月期の予想値において、投資者の投資判断に及ぼす影響が重要なものとなる差異が生じた旨の重要事実の伝達を受けながら、同社において新たに算出した平成２９年２月期の予想値（売上高２５億７７００万円、剰余金の配当１５円）の公表がされた平成２８年１２月１４日午後０時３０分頃より前の同日午前９時１９分頃から午前１１時１０分頃までの間、自己の計算において、エスクローＡＪ株式合計２２００株を買付価額合計２９９万４００円で買い付け たものである。 違反行為事実の概要については、 別図 のとおり。 課徴金納付命令対象者（１）が行った上記の各行為は、金融商品取引法第１７５条第１項に規定する「第１６６条第１項又は第３項の規定に違反して、同条第１項に規定する売買等をした」行為に該当すると認められる。 （２）課徴金命令対象者（２）について 課徴金納付命令対象者（２）は、エスクローＡＪの役員であったが、同人がその職務に関し知った、 ア．違反行為事実Ｃ 同社の業務執行を決定する機関が株式の分割を行うことについての決定をした旨の重要事実を、課徴金納付命令対象者（１）に対し、上記事実の公表がされる前にエスクローＡＪ株式の買付けをさせることにより同人に利益を得させる目的をもって、伝達したものである。 課徴金納付命令対象者（１）は、上記重要事実が公表された平成２７年７月１４日午後３時頃より前の同日午後２時２７分頃、自己の計算において、エスクローＡＪ株式１００株を買付価額８１万２０００円で買い付けたものである。 イ．違反行為事実Ｄ ①同社の属する企業集団の平成２９年２月期の売上高について、平成２８年６月１７日に公表がされた直近の予想値（売上高２３億４２００万円）に比較して、同社が新たに算出した予想値において、投資者の投資判断に及ぼす影響が重要なものとなる差異が生じた旨の重要事実、②同社の平成２９年２月期の剰余金の配当について、平成２８年４月８日に公表がされた前事業年度の実績値（剰余金の配当１０円）に比較して、同社が新たに算出した平成２９年２月期の予想値において、投資者の投資判断に及ぼす影響が重要なものとなる差異が生じた旨の重要事実を、課徴金納付命令対象者（１）に対し、同社において新たに算出した平成２９年２月期の予想値（売上高２５億７７００万円、剰余金の配当１５円）の公表がされる前にエスクローＡＪ株式の買付けをさせることにより同人に利益を得させる目的をもって、伝達したものである。 課徴金納付命令対象者（１）は、上記重要事実の公表がされた平成２８年１２月１４日午後０時３０分頃より前の同日午前９時１９分頃から午前１１時１０分頃までの間、自己の計算において、エスクローＡＪ株式合計２２００株を買付価額合計２９９万４００円で買い付けたものである。 違反行為事実の概要については、 別図 のとおり。 課徴金納付命令対象者（２）が行った上記の各行為は、金融商品取引法第１７５条の２第１項に規定する「第１６７条の２第１項の規定に違反して、同項の伝達をし、又は同項の売買等をすることを勧める」行為に該当すると認められる。 ３．課徴金の額の計算 上記の違法行為に対し、金融商品取引法に基づき納付を命じられる課徴金の額は、下記のとおりである。 課徴金納付命令対象者（１）１１９万円 課徴金納付命令対象者（２）５９万円 計算方法の詳細については、 別紙 のとおり。 ４．その他 本件については、日本取引所自主規制法人より提供された情報も参考として、実態解明を行ったものである。 （別図） ○違反行為事実の概要について （クリックすると拡大されます） （別紙） ○課徴金の額の計算方法について １． 課徴金納付命令対象者（１）について （１）違反行為事実Ａに係る課徴金の額 ア．金融商品取引法第１７５条第１項第２号の規定により、当該有価証券の買付けについて業務等に関する重要事実の公表がされた後２週間における最も高い価格（15,200円）に当該有価証券の買付けの数量を乗じて得た額から当該有価証券の買付けをした価格にその数量を乗じて得た額を控除した額。 （15,200円×100株）－（8,120円×100株） ＝708,000円 イ．金融商品取引法第１７６条第２項の規定により、上記ア．で計算した額の１万円未満の端数を切捨て。 （２）違反行為事実Ｂに係る課徴金の額 ア．金融商品取引法第１７５条第１項第２号の規定により、当該有価証券の買付けについて業務等に関する重要事実の公表がされた後２週間における最も高い価格（1,585円）に当該有価証券の買付けの数量を乗じて得た額から当該有価証券の買付けをした価格にその数量を乗じて得た額を控除した額。 （1,585円×2,200株） －（1,345円×100株＋1,348円×200株＋1,353円×300株＋1,355円×200株 ＋ 1,363円×200株＋1,364円×1,200株） ＝496,600円 イ．金融商品取引法第１７６条第２項の規定により、上記ア．で計算した額の１万円未満の端数を切捨て。 （３）上記（１）ないし（２）により算定した額の合計 700,000円＋490,000円＝1,190,000円となる。 ２． 課徴金納付命令対象者（２）について （１）違反行為事実Ｃに係る課徴金の額 ア．金融商品取引法第１７５条の２第１項第３号の規定により、当該違反行為により当該情報受領者等が行った当該買付けによって得た利得相当額に２分の１を乗じて得た額。 利得相当額とは、同条第３項第２号の規定により、情報受領者等が特定有価証券等の買付けをした場合、当該特定有価証券等の買付けについて業務等に関する重要事実の公表がされた後２週間における最も高い価格（15,200円）に当該特定有価証券等の買付けの数量を乗じて得た額から当該特定有価証券等の買付けをした価格にその数量を乗じて得た額を控除した額。 ｛（15,200円×100株）－（8,120円×100株）｝×1／2 ＝354,000円 イ．金融商品取引法第１７６条第２項の規定により、上記ア．で計算した額の１万円未満の端数を切捨て。 （２）違反行為事実Ｄに係る課徴金の額 ア．金融商品取引法第１７５条の２第１項第３号の規定により、当該違反行為により当該情報受領者等が行った当該買付けによって得た利得相当額に２分の１を乗じて得た額。 利得相当額とは、同条第３項第２号の規定により、情報受領者等が特定有価証券等の買付けをした場合、当該特定有価証券等の買付けについて業務等に関する重要事実の公表がされた後２週間における最も高い価格（1,585円）に当該特定有価証券等の買付けの数量を乗じて得た額から当該特定有価証券等の買付けをした価格にその数量を乗じて得た額を控除した額。 ｛（1,585円×2,200株） －（1,345円×100株＋1,348円×200株＋1,353円×300株＋1,355円×200株 ＋ 1,363円×200株＋1,364円×1,200株）｝×1／2 ＝248,300円 イ．金融商品取引法第１７６条第２項の規定により、上記ア．で計算した額の１万円未満の端数を切捨て。 （３）上記（１）ないし（２）により算定した額の合計 350,000円＋240,000円＝590,000円となる。"
2018-03-23,田道路株式会社,,ユアテック株式外１銘柄に係る相場操縦に対する課徴金納付命令の勧告について,https://www.fsa.go.jp/sesc/news/c_2018/2018/20180323-1.html,"English version 平成３０年３月２３日 証券取引等監視委員会 ユアテック株式外１銘柄に係る相場操縦に対する課徴金納付命令の勧告について １．勧告の内容 証券取引等監視委員会は、ユアテック株式外１銘柄に係る相場操縦について検査した結果、下記のとおり法令違反の事実が認められたので、本日、内閣総理大臣及び金融庁長官に対して、金融庁設置法第２０条第１項の規定に基づき、課徴金納付命令を発出するよう勧告を行った。 ２．法令違反の事実関係 課徴金納付命令対象者は、 (1)  株式会社ユアテック（以下「ユアテック」という。）の株式につき、同株式の売買を誘引する目的をもって、平成２８年９月２３日午後０時５２分頃から同年１０月１３日午後０時５５分頃までの間、１４取引日にわたり、上値売り注文を大量に入れた上で、自身の売り注文と買い注文を下値で対当させるなどの方法により、同株式を下値で買い付けた後、上値に大量に入れた売り注文を取り消すとともに下値買い注文を入れた上で、自身の売り注文と買い注文を上値で対当させるなどの方法により、同株式を上値で売り付けるなどして、同株式合計６４万４０００株の売付けの委託を行う一方、同株式合計６７万３０００株を買い付けるとともに、同株式合計３５万株の買付けの委託を行う一方、同株式合計６７万３０００株を売り付け、 (2)  前田道路株式会社（以下「前田道路」という。）の株式につき、同株式の売買を誘引する目的をもって、平成２８年１０月６日午後０時５２分頃から同年１１月８日午後２時３１分頃までの間、２２取引日にわたり、上値売り注文を大量に入れた上で、自身の売り注文と買い注文を下値で対当させるなどの方法により、同株式を下値で買い付けた後、上値に大量に入れた売り注文を取り消すとともに下値買い注文を入れた上で、自身の売り注文と買い注文を上値で対当させるなどの方法により、同株式を上値で売り付けるなどして、同株式合計１１５万１０００株の売付けの委託を行うとともに、同株式合計１４４万９０００株を買い付ける一方、同株式合計２５万７０００株の買付けの委託を行うとともに、同株式合計１４４万９０００株を売り付け、 もって、自己の計算において、ユアテック及び前田道路各株式の売買が繁盛であると誤解させ、かつ、前記各株式の相場を変動させるべき一連の売買及び委託をしたものである。 違反行為事実の概要については、 別図 のとおり。 課徴金納付命令対象者が行った上記の行為は、金融商品取引法第１７４条の２第１項に規定する「第１５９条第２項第１号の規定に違反する一連の有価証券売買等」及び「その委託等」に該当すると認められる。 ３．課徴金の額の計算 上記の違法行為に対し金融商品取引法に基づき納付を命じられる課徴金の額は、４７万円である。 計算方法の詳細については、 別紙１ 及び 別紙２ のとおり。 ４．その他 本件については、日本取引所自主規制法人より提供された情報も参考として、実態解明を行ったものである。 （別図） ○違反行為事実の概要について （クリックすると拡大されます） （別紙１） ○課徴金の額の計算方法について 各違反行為に係る課徴金の額の計算の基礎は以下のとおりである。 １．金融商品取引法第１７４条の２第１項の規定により、当該違反行為に係る課徴金の額は、 (1) 当該違反行為に係る有価証券の売買対当数量に係るものについて、自己の計算による当該有価証券の売付け等の価額から、自己の計算による当該有価証券の買付け等の価額を控除した額 及び (2) 当該違反行為に係る自己の計算による有価証券の売付け等又は買付け等の数量が、当該違反行為に係る自己の計算による有価証券の買付け等又は売付け等の数量を超える場合、当該超える数量に係る有価証券の売付け等の価額から当該違反行為が終了してから１月を経過するまでの間の各日における当該違反行為に係る有価証券の買付け等についての金融商品取引法第６７条の１９又は第１３０条に規定する最低の価格のうち最も低い価格に当該超える数量を乗じて得た額を控除した額、又は当該違反行為が終了してから１月を経過するまでの間の各日における当該違反行為に係る有価証券の売付け等についての金融商品取引法第６７条の１９又は第１３０条に規定する最高の価格のうち最も高い価格に当該超える数量を乗じて得た額から当該超える数量に係る有価証券の買付け等の価額を控除した額 の合計額として算定。 ２．上記１．で算定された課徴金の額につき、金融商品取引法第１７６条第２項の規定により１万円未満の端数を切り捨てて算定。 ３．上記２．によりそれぞれ算定した額を合計し、課徴金の額とする。 以上につき、 別紙２ のとおり。 （別紙２） １．ユアテック株式の取引について (1) 当該違反行為に係る自己の計算による有価証券の売付け等の数量は、673,000株であり、当該違反行為に係る自己の計算による有価証券の買付け等の数量は、673,000株であることから、 ア．当該違反行為に係る有価証券の売買対当数量（673,000株）に係るものについて、自己の計算による当該有価証券の売付け等の価額から、自己の計算による当該有価証券の買付け等の価額を控除した額　173,000円 【自己の計算による当該有価証券の売付け等の価額の詳細】 （クリックすると拡大されます） 【自己の計算による当該有価証券の買付け等の価額の詳細】 （クリックすると拡大されます） 及び イ．当該超える数量が0株であることから、0円 の合計額173,000円となる。 (2) 金融商品取引法第１７６条第２項の規定により、上記(1)で計算した額の１万円未満の端数を切捨て、170,000円となる。 ２．前田道路株式の取引について (1) 当該違反行為に係る自己の計算による有価証券の売付け等の数量は、1,449,000株であり、当該違反行為に係る自己の計算による有価証券の買付け等の数量は、1,449,000株であることから、 ア．当該違反行為に係る有価証券の売買対当数量（1,449,000株）に係るものについて、自己の計算による当該有価証券の売付け等の価額から、自己の計算による当該有価証券の買付け等の価額を控除した額　304,000円 【自己の計算による当該有価証券の売付け等の価額の詳細】 （クリックすると拡大されます） 【自己の計算による当該有価証券の買付け等の価額の詳細】 （クリックすると拡大されます） 及び イ．当該超える数量が0株であることから、0円 の合計額304,000円となる。 (2) 金融商品取引法第１７６条第２項の規定により、上記(1)で計算した額の１万円未満の端数を切捨て、300,000円となる。 ３．上記、１．ないし２．により算定した額の合計 170,000円＋300,000円 ＝470,000円となる。"
2018-03-02,株式会社Ｍａｓｔｅｒ及び株式会社,,株式会社ＪＧ－ｃｏｍｐａｎｙ、株式会社Ｍａｓｔｅｒ及び株式会社Ｓ＆Ｆ並びにその役員３名による金融商品取引法違反行為に係る裁判所への禁止及び停止命令発出の申立てについて,https://www.fsa.go.jp/sesc/news/c_2018/2018/20180302-1.html,"English version 平成30年3月2日 証券取引等監視委員会 株式会社ＪＧ－ｃｏｍｐａｎｙ、株式会社Ｍａｓｔｅｒ及び株式会社Ｓ＆Ｆ並びにその役員３名による金融商品取引法違反行為に係る裁判所への禁止及び停止命令発出の申立てについて １．申立ての内容等 関東財務局が、株式会社ＪＧ－ｃｏｍｐａｎｙ（東京都新宿区、法人番号5011101059597、資本金900万円）、株式会社Ｍａｓｔｅｒ（東京都文京区、法人番号2010901028483、資本金300万円）及び株式会社Ｓ＆Ｆ（東京都新宿区、法人番号3011101072651、資本金500万円）（上記３社はいずれも金融商品取引業の登録等はない。以下、上記３社を併せて「ＪＧ社外２社」という。）に対して金融商品取引法（以下「金商法」という。）第187条第１項に基づく調査を行った結果、下記２．の事実が認められたことから、本日、証券取引等監視委員会は、金商法第192条第１項に基づき、東京地方裁判所に対し、ＪＧ社外２社並びにそれぞれの代表取締役であるA、B及びC（以下「ＪＧ社外２社ら」という。）を被申立人として、金商法違反行為（無登録で、投資助言業務及び第一種金融商品取引業（金商法第２条第22項第１号に掲げる取引の媒介）を行うこと）の禁止及び停止を命ずるよう申立てを行った。 ２．事実関係 （１）無登録での投資助言業務について ①　ＪＧ社外２社らは、その従業員を代表者として設立した複数の実体のない会社の名義で、投資助言に関するウェブサイトを多数開設(注１)し、ウェブサイト上で無料の会員登録を行った一般投資家に対して、電話や電子メールで、投資顧問契約（一契約あたり数万円～数百万円の投資顧問料を支払うことによって、数か月～数年程度、株価の上昇が見込まれる国内株式の銘柄の情報の提供を受けることができる契約）の締結を勧誘している。 そして、ＪＧ社外２社らは、投資顧問契約を締結した一般投資家に対して、同契約に基づき、今後株価の上昇が見込まれる国内株式の銘柄の情報を提供して買い推奨を行っている。 (注１)　会社名及びウェブサイト名については、別添資料「 ＪＧ社外２社らが、投資助言業務のために開設したウェブサイト等一覧 」参照。 ②　ＪＧ社外２社らは、平成25年５月頃から上記投資助言業務を続けており、これまでに、少なくとも延べ約3,700人の顧客から、約37億5,000万円の投資顧問料を得ている。 ③　ＪＧ社外２社らは、投資顧問契約の勧誘にあたり、以下のような手法を用いている。 ア　ＪＧ社外２社の従業員が、「実績のある投資家」を装って顧客に面会し、虚偽ないし誇張した自らの投資経験等を顧客に説明した上、その「実績のある投資家」が所属する会社から投資助言を受けることができるなどとして、投資顧問契約の締結を勧誘する手法 イ　多数の顧客に対して同時に同一銘柄の株式の買い推奨を行うことで、その株価を急騰させ、それをあたかも自らが特別な投資情報を有していることの証拠であるかのように振る舞って、投資顧問契約の締結を勧誘する手法 ＪＧ社外２社らが行った上記の行為は、金商法第28条第３項に規定する「投資助言・代理業」に該当するから、ＪＧ社外２社らが同法第29条に基づく登録を受けることなく上記の行為を行うことは、同条に違反するものと認められる。 (注２)　ＪＧ社外２社らは、上記のとおり、複数の実体のない会社の名義を用いて無登録で投資助言業務を行っており、その一部の会社に対しては、関東財務局や福岡財務支局から無登録での投資助言業務を止めるように警告書が発出されているが、その都度、警告を受けたウェブサイトを閉鎖するなどし、投資助言業務を止めたと装う一方、新たな会社を設立したり、新たなウェブサイトを開設したりするなどして、無登録での投資助言業務を継続している。 （２）無登録での第一種金融商品取引業（金商法第２条第22項第１号に掲げる取引の媒介）について ①　ＪＧ社外２社らは、その従業員を代表者として設立した実体のない会社（株式会社Ｉｎｓｔａｌｌａｔｉｏｎ又は株式会社トランジット）の名義により、外国為替証拠金取引（以下「ＦＸ取引」という。）の自動売買ソフトを販売しているところ、その購入者に対して、海外のＦＸ取引業者として「ＦＸＮｏａｈ証券」を紹介し、同社との取引資金を預かるとして上記実体のない会社名義の口座に送金させている。 しかし、実際には、「ＦＸＮｏａｈ証券」は実在する法人ではなく、全く名称の異なる海外のＦＸ取引業者に顧客から預かった金銭を送金してＦＸ取引を行わせており、ＪＧ社外２社らは、顧客が行うＦＸ取引の量に応じて、当該業者から手数料を得ている。 ②　 ＪＧ社外２社らは、平成28年３月頃から上記ＦＸ取引の媒介業務を続けており、平成30年２月時点で、少なくとも延べ約1,100人の顧客について海外のＦＸ取引業者とのＦＸ取引を媒介し、当該業者から約3,200万円の手数料を得ている。 ＪＧ社外２社らが行った上記の行為は、金商法第２条第22項第１号に規定する店頭デリバティブ取引の媒介に該当し、同法第28条第１項第２号に規定する「第一種金融商品取引業」に該当するから、ＪＧ社外２社らが同法第29条に基づく登録を受けることなく上記の行為を行うことは、同条に違反するものと認められる。 (注３)　ＪＧ社外２社らは、上記のとおり、無登録で第一種金融商品取引業（金商法第２条第22項第１号に掲げる取引の媒介）を行っており、「ＦＸＮｏａｈ」のウェブサイトの運営主体とされている海外法人に対しては、関東財務局から警告メールが発出されているが、「ＦＸＮｏａｈ」のウェブサイトを一旦閉鎖した後、再び開設するなどして、無登録での第一種金融商品取引業を継続している。 以上によれば、ＪＧ社外２社らは金商法違反行為を今後も行う蓋然性が高く、ＪＧ社外２社らが行っている行為を可及的速やかに禁止・停止させる必要がある。 参考資料（PDF：269KB） （クリックすると拡大されます） 参考条文 ○第一種金融商品取引業及び投資助言業 金融商品取引法(抄) （定義） 第二条 （略） ２～７ （略） ８ この法律において「金融商品取引業」とは、次に掲げる行為（略）のいずれかを業として行うことをいう。 一～三　（略） 四　店頭デリバティブ取引又はその媒介、取次ぎ（有価証券等清算取次ぎを除く。）若しくは代理（以下「店頭デリバティブ取引等」という。） 五～十　（略） 十一　当事者の一方が相手方に対して次に掲げるものに関し、口頭、文書（新聞、雑誌、書籍その他不特定多数の者に販売することを目的として発行されるもので、不特定多数の者により随時に購入可能なものを除く。）その他の方法により助言を行うことを約し、相手方がそれに対し報酬を支払うことを約する契約（以下「投資顧問契約」という。）を締結し、当該投資顧問契約に基づき、助言を行うこと。 イ　有価証券の価値等（有価証券の価値、有価証券関連オプション（金融商品市場において金融商品市場を開設する者の定める基準及び方法に従い行う第二十八条第八項第三号ハに掲げる取引に係る権利、外国金融商品市場において行う取引であって同号ハに掲げる取引と類似の取引に係る権利又は金融商品市場及び外国金融商品市場によらないで行う同項第四号ハ若しくはニに掲げる取引に係る権利をいう。）の対価の額又は有価証券指標（有価証券の価格若しくは利率その他これに準ずるものとして内閣府令で定めるもの又はこれらに基づいて算出した数値をいう。）の動向をいう。） ロ　（略） 十二～十八　（略） ９～21 （略） 22 この法律において「店頭デリバティブ取引」とは、金融商品市場及び外国金融商品市場によらないで行う次に掲げる取引（略）をいう。 一　売買の当事者が将来の一定の時期において金融商品（略）及びその対価の授受を約する売買であつて、当該売買の目的となつている金融商品の売戻し又は買戻しその他政令で定める行為をしたときは差金の授受によつて決済することができる取引 二～七　（略） 23～40 （略） 第二十八条 この章において「第一種金融商品取引業」とは、金融商品取引業のうち、次に掲げる行為のいずれかを業として行うことをいう。 一 ・一の二　（略） 二　第二条第八項第四号に掲げる行為又は店頭デリバティブ取引についての同項第五号に掲げる行為 三～五　（略） ２　（略） ３　この章において「投資助言・代理業」とは、金融商品取引業のうち、次に掲げる行為のいずれかを業として行うことをいう。 一　第二条第八項第十一号に掲げる行為 二　第二条第八項第十三号に掲げる行為 ４・５　（略） ６　この章において「投資助言業務」とは、投資助言・代理業に係る業務のうち、第三項第一号に掲げる行為に係る業務をいう。 ７・８　（略） （登録） 第二十九条 金融商品取引業は、内閣総理大臣の登録を受けた者でなければ、行うことができない。 ○緊急差止命令に係る申立て 金融商品取引法(抄) （審問等に関する調査のための処分） 第百八十七条 内閣総理大臣又は内閣総理大臣及び財務大臣は、この法律の規定による審問、この法律の規定による処分に係る聴聞又は第百九十二条の規定による申立てについて、必要な調査をするため、当該職員に、次に掲げる処分をさせることができる。 一　関係人若しくは参考人に出頭を命じて意見を聴取し、又はこれらの者から意見書若しくは報告書を提出させること。 二　鑑定人に出頭を命じて鑑定させること。 三　関係人に対し帳簿書類その他の物件の提出を命じ、又は提出物件を留めて置くこと。 四　関係人の業務若しくは財産の状況又は帳簿書類その他の物件を検査すること。 ２ (略) （裁判所の禁止又は停止命令） 第百九十二条 裁判所は、次の各号のいずれかに該当すると認めるときは、内閣総理大臣又は内閣総理大臣及び財務大臣の申立てにより、当該各号に定める行為を行い、又は行おうとする者に対し、その行為の禁止又は停止を命ずることができる。 一　緊急の必要があり、かつ、公益及び投資者保護のため必要かつ適当であるとき この法律又はこの法律に基づく命令に違反する行為 二　第二条第二項第五号若しくは第六号に掲げる権利又は同項第七号に掲げる権利（同項第五号又は第六号に掲げる権利と同様の経済的性質を有するものとして政令で定める権利に限る。）に関し出資され、又は拠出された金銭（これに類するものとして政令で定めるものを含む。）を充てて行われる事業に係る業務執行が著しく適正を欠き、かつ、現に投資者の利益が著しく害されており、又は害されることが明白である場合において、投資者の損害の拡大を防止する緊急の必要があるとき　これらの権利に係る同条第八項第七号から第九号までに掲げる行為 ２～４ （略） 第百九十八条 次の各号のいずれかに該当する者は、三年以下の懲役若しくは三百万円以下の罰金に処し、又はこれを併科する。 一～七　(略) 八　第百九十二条第一項又は第二項の規定による裁判所の命令に違反した者 第二百七条 法人（中略）の代表者又は法人若しくは人の代理人、使用人その他の従業者が、その法人又は人の業務又は財産に関し、次の各号に掲げる規定の違反行為をしたときは、その行為者を罰するほか、その法人に対して当該各号に定める罰金刑を、その人に対して各本条の罰金刑を科する。 一・二　(略) 三　第百九十八条（略）又は第百九十八条の三から第百九十八条の五まで三億円以下の罰金刑 四～六　(略) ２・３ (略)"
2018-02-27,株式会社プロルート丸光,,株式会社プロルート丸光との契約締結者から情報を受領した者による内部者取引に対する課徴金納付命令の勧告について,https://www.fsa.go.jp/sesc/news/c_2018/2018/20180227-2.html,"English version 平成30年2月27日 証券取引等監視委員会 株式会社プロルート丸光との契約締結者から情報を受領した者による内部者取引に対する課徴金納付命令の勧告について １．勧告の内容 証券取引等監視委員会は、株式会社プロルート丸光との契約締結者から情報を受領した者による内部者取引について検査した結果、下記のとおり法令違反の事実が認められたので、本日、内閣総理大臣及び金融庁長官に対して、金融庁設置法第２０条第１項の規定に基づき、課徴金納付命令を発出するよう勧告を行った。 ２．法令違反の事実関係 （１）課徴金納付命令対象者（１）について 課徴金納付命令対象者（１）は、分譲マンションの施工・販売等を営むＡ社の社員であるが、株式会社プロルート丸光（以下「プロルート丸光」という。）と不動産アドバイザリー契約を締結しているＢ社の社員から、同人が当該契約の履行に関し知った、プロルート丸光の業務執行を決定する機関が、同社の本店土地等を入札方式により売却することについての決定をした旨の重要事実の伝達を受けながら、上記事実の公表がされた平成２９年２月３日より前の同年１月３０日及び同月３１日、自己の計算において、プロルート丸光株式合計２万３８００株を買付価額合計２９８万５４００円で買い付けたものである。 違反行為事実の概要については、 別図 のとおり。 課徴金納付命令対象者（１）が行った上記の行為は、金融商品取引法第１７５条第１項に規定する「第１６６条第１項又は第３項の規定に違反して、同条第１項に規定する売買等をした」行為に該当すると認められる。 （２）課徴金納付命令対象者（２）について 課徴金納付命令対象者（２）は、分譲マンションの施工・販売等を営むＡ社の社員であるが、その職務に関し、プロルート丸光と不動産アドバイザリー契約を締結しているＢ社の社員が当該契約の履行に関し知り、その後、Ａ社の社員である課徴金納付命令対象者（１）が職務上伝達を受けた、プロルート丸光の業務執行を決定する機関が、同社の本店土地等を入札方式により売却することについての決定をした旨の重要事実を知りながら、上記事実の公表がされた平成２９年２月３日より前の同年１月５日から同月１７日までの間、自己及び親族の計算において、プロルート丸光株式合計９６００株を買付価額合計１１３万４２００円で買い付けたものである。 違反行為事実の概要については、 別図 のとおり。 課徴金納付命令対象者（２）が行った上記の行為は、金融商品取引法第１７５条第１項に規定する「第１６６条第１項又は第３項の規定に違反して、同条第１項に規定する売買等をした」行為に該当すると認められる。 ３．課徴金の額の計算 上記の違法行為に対し、金融商品取引法に基づき納付を命じられる課徴金の額は、下記のとおりである。 課徴金納付命令対象者（１）１３４万円 課徴金納付命令対象者（２）６１万円 計算方法の詳細については、 別紙 のとおり。 （別図） ○違反行為事実の概要について （クリックすると拡大されます） （別紙） ○課徴金の額の計算方法について １． 課徴金納付命令対象者（１）について （１）金融商品取引法第１７５条第１項第２号の規定により、当該有価証券の買付けについて業務等に関する重要事実の公表がされた後２週間における最も高い価格（182円）に当該有価証券の買付けの数量を乗じて得た額から当該有価証券の買付けをした価格にその数量を乗じて得た額を控除した額。 （182円×23,800株） －（124円×6,700株＋126円×17,100株） ＝1,346,200円 （２）金融商品取引法第１７６条第２項の規定により、上記（１）で計算した額の１万円未満の端数を切捨て。 ２． 課徴金納付命令対象者（２）について （１）金融商品取引法第１７５条第１項第２号の規定により、当該有価証券の買付けについて業務等に関する重要事実の公表がされた後２週間における最も高い価格（182円）に当該有価証券の買付けの数量を乗じて得た額から当該有価証券の買付けをした価格にその数量を乗じて得た額を控除した額。 なお、同条第１０項第２号の規定により、課徴金納付命令対象者（２）の親族の計算における買付けは、課徴金納付命令対象者（２）の計算において買い付けたものとみなす。 （182円×9,600株） －（118円×8,300株＋119円×1,200株＋120円×100株） ＝613,000円 （２）金融商品取引法第１７６条第２項の規定により、上記（１）で計算した額の１万円未満の端数を切捨て。"
2018-02-20,ラッキーバンク・インベストメント株式会社,,ラッキーバンク・インベストメント株式会社に対する検査結果に基づく勧告について,https://www.fsa.go.jp/sesc/news/c_2018/2018/20180220-1.html,English version 平成30年2月20日 証券取引等監視委員会 ラッキーバンク・インベストメント株式会社に対する検査結果に基づく勧告について １．勧告の内容 関東財務局長がラッキーバンク・インベストメント株式会社（東京都中央区、法人番号3010001160426、資本金２億円、常勤役職員６名、第二種金融商品取引業、以下「当社」という。）を検査した結果、下記のとおり、当該金融商品取引業者に係る問題が認められたので、本日、証券取引等監視委員会は、内閣総理大臣及び金融庁長官に対して、金融庁設置法第20条第１項の規定に基づき、行政処分を行うよう勧告した。 ２．事実関係 当社は、当社ウェブサイト及びウェブサイト内の会員ページにおいて、法人向けローンを出資対象事業とする匿名組合（以下「ファンド」という。）の出資持分の取得勧誘を行い、その出資金により貸付事業を行っている。貸付先のほとんどは、A代表取締役（以下「A社長」という。）の親族が経営する不動産事業を営むＸ株式会社（以下「Ｘ社」という。）となっており、A社長を含む取締役全員がＸ社における不動産事業の会議に参加し各事業の進捗状況等の報告を受けているほか、平成28年４月から同29年２月までの間においては、内部管理責任者である取締役をＸ社の不動産事業部に兼務させるなど、当社とＸ社は密接な関係の中業務を行っている（平成29年８月末現在、償還期限が到来していないファンドは、185本、出資金約62億円）。 当社を検査した結果、ファンド出資持分の取得勧誘に関して下記の問題が認められた。 ○　金融商品取引契約の締結又はその勧誘に関して、重要な事項につき誤解を生ぜしめるべき表示をする行為 （１）貸付先の審査につき誤解を生ぜしめるべき表示をする行為 当社は、ウェブサイト上で公表している取引約款等において、貸付事業に係る貸付先の選定に関し、「借入人から借入れの申し込みがなされた場合には、あらかじめ当社が定める内規に従い審査を行い、当社が適当と判断する申込みについて、ファンドの募集手続に付す。」旨を、また、広告サイトにおいて、「当社は、借入申込者の信用力を厳密に評価します。提出書類（決算書・事業計画書・収支計画書など）に基づき融資の可否を判断します。」旨を表示しているが、当社の貸付審査の状況を検証したところ、Ｘ社より提出された財務諸表において、売却契約の締結に至っていない物件を売上に計上するなどして、純利益や純資産が水増しされているにもかかわらず、これを看過していたほか、Ｘ社が手掛ける複数の不動産事業について事業期間が延長となる事態が発生し、この間、Ｘ社は売却資金を得られず、平成29年３月以降に償還期日を迎えるファンドに係る借入金の返済が困難な状況となっていることを認識したにもかかわらず、その後もＸ社を貸付対象先とするファンドの募集を継続している。 以上のとおり、当社のウェブサイト上等の表示は、一般の出資者が読んだ場合、当社において、貸付先の信用力を評価するための具体的かつ客観的な内部基準に従った審査が行われるなど、慎重な手続によって貸付先の審査が行われているとの認識を与えやすいと考えられるところ、当社においては、上記のとおり、慎重な手続によって貸付先の審査が行われているとは認められない状況にあり、出資者の投資判断に重大な影響を及ぼすと認められる貸付先の審査について、あたかも、慎重な手続きによって行われているかのような誤解を生ぜしめるべき表示を行ったと認められる。 （２）担保物件の評価につき誤解を生ぜしめるべき表示をする行為 当社は、Ｘ社が保有する不動産に担保を設定して、Ｘ社への貸付けを行っているファンド318本のうち252本について、「不動産価格調査報告書」を当社ウェブサイト上の募集要領に掲載しているが、当該報告書は、正式な不動産鑑定評価を行った上で作成されたものではなく、対外的に公表できない不動産価格をウェブサイト上に掲載し、ファンド出資持分の募集を行っている。 以上のとおり、当社は、出資者の投資判断に重大な影響を及ぼすと認められる担保評価について、誤解を生ぜしめるべき表示を行ったと認められる。 当社の上記２．⑴及び⑵の行為は、金融商品取引法第38条第８号（平成26年５月30日法律第44号による改正前は同条第７号）に基づく金融商品取引業等に関する内閣府令第117条第１項第２号に規定する「金融商品取引契約の締結又はその勧誘に関して、虚偽の表示をし、又は重要な事項につき誤解を生ぜしめるべき表示をする行為」に該当するものと認められる。 （参考条文） ○　金融商品取引法（昭和23年法律第25号）（抄） （禁止行為） 第三十八条  金融商品取引業者等又はその役員若しくは使用人は、次に掲げる行為をしてはならない。ただし、第四号から第六号までに掲げる行為にあつては、投資者の保護に欠け、取引の公正を害し、又は金融商品取引業の信用を失墜させるおそれのないものとして内閣府令で定めるものを除く。 一 ～ 七  （略） 八　前各号に掲げるもののほか、投資者の保護に欠け、若しくは取引の公正を害し、又は金融商品取引業の信用を失墜させるものとして内閣府令で定める行為 ○　金融商品取引業等に関する内閣府令（平成19年内閣府令第52号）（抄） （禁止行為） 第百十七条  法第三十八条第八号に規定する内閣府令で定める行為は、次に掲げる行為とする。。 一  （略） 二　金融商品取引契約の締結又はその勧誘に関して、虚偽の表示をし、又は重要な事項につき誤解を生ぜしめるべき表示をする行為 （以下、略）
2018-02-23,株式会社グロースアドバイザーズ,,株式会社グロースアドバイザーズに対する検査結果に基づく勧告について,https://www.fsa.go.jp/sesc/news/c_2018/2018/20180223-1.html,English version 平成30年2月23日 証券取引等監視委員会 株式会社グロースアドバイザーズに対する検査結果に基づく勧告について １．勧告の内容 関東財務局長が株式会社グロースアドバイザーズ（東京都中央区、法人番号6010001144277、資本金1000万円、常勤役職員７名、投資助言・代理業、以下「当社」という。）を検査した結果、下記のとおり、当該金融商品取引業者に係る問題が認められたので、本日、証券取引等監視委員会は、内閣総理大臣及び金融庁長官に対して、金融庁設置法第20条第１項の規定に基づき、行政処分を行うよう勧告した。 ２．事実関係 ○ 役職員が顧客取引を利用して自己の利益を図る目的をもって行う投資助言行為及び自己取引を防止する態勢が構築されていない状況 （１）役職員が顧客取引を利用して自己の利益を図る目的をもって行った投資助言行為 当社における投資判断者の一人であり、営業部門を統括する立場にある甲部長は、遅くとも平成27年12月から同29年３月までの間、以下の流れで不適切な行為を行っている事実が認められた。 ⅰ．自らの担当顧客等の買付けにより短期的な株価上昇を期待できる出来高の少ない銘柄を選定する。 ⅱ．上記ⅰで選定した、少なくとも10銘柄（以下「上記10銘柄」という。）を自己名義の証券口座で買い付ける。 ⅲ．上記10銘柄について、顧客の買付けに基づく価格変動を利用して自己の利益を図る目的をもって、自らの指示通りに売買を行ってくれる複数の顧客に対して、自らの意図するタイミングで買付けを発注するよう投資助言を行うことにより株価を引き上げさせる。 ⅳ．自らの発注を意図的に顧客の発注と対当させるなどして売り抜けることにより、利益を得ている。 （２）役職員の株式取引及び投資助言に係る管理態勢が構築されていない状況 当社は、役職員が顧客取引を利用して自己の利益を図るなどの不適切な株式取引を防止するための社内規程等を明文化していないなど当社設立以降、代表取締役らは、役職員の株式取引を把握・管理するための管理態勢を何ら構築していないほか、投資顧問契約に基づく助言の内容を記載した書面を作成・保存するよう指導を徹底していなかった。 このため、当社は、上記（１）のとおり、甲部長が１年４か月にわたり、社内において業務用パソコン等を利用して頻繁に不適切な行為を行っていたにもかかわらず、当該行為を把握できていない。 このように、当社においては、職員によって顧客取引に基づく価格の変動を利用して自己の利益を図る目的を有する投資助言行為という投資者の投資助言業者に対する信頼を損ねる当該行為が長期間にわたり行われている状況を把握できておらず、投資助言業務を適切に遂行するための内部管理態勢が構築されていないほか、役職員による不適切な自己取引の未然防止や早期発見するための業務運営態勢が構築されていない。 当社における上記のような業務運営状況は、金融商品取引法第51条に規定する「業務の運営に関し、公益又は投資者保護のため必要かつ適当であると認めるとき」に該当するものと認められる。 （参考条文） ○　金融商品取引法（昭和23年法律第25号）（抄） （金融商品取引業者に対する業務改善命令） 第五十一条  内閣総理大臣は、金融商品取引業者の業務の運営又は財産の状況に関し、公益又は投資者保護のため必要かつ適当であると認めるときは、その必要の限度において、当該金融商品取引業者に対し、業務の方法の変更その他業務の運営又は財産の状況の改善に必要な措置をとるべきことを命ずることができる。
2018-02-23,株式会社ソフィアホールディングス,6942,株式会社ソフィアホールディングスに係る有価証券報告書の虚偽記載に係る課徴金納付命令勧告について,https://www.fsa.go.jp/sesc/news/c_2018/2018/20180223-2.html,"English version 平成30年２月23日 証券取引等監視委員会 株式会社ソフィアホールディングスに係る有価証券報告書の 虚偽記載に係る課徴金納付命令勧告について １．勧告の内容 証券取引等監視委員会は、株式会社ソフィアホールディングス（法人番号9011101054751）（以下「当社」という。）に係る有価証券報告書等の虚偽記載について検査した結果、以下のとおり法令違反の事実が認められたので、本日、内閣総理大臣及び金融庁長官に対して、金融庁設置法第20条第１項の規定に基づき、課徴金納付命令を発出するよう勧告を行った。 ２．法令違反の事実関係 当社は、連結子会社において、未達であるテレビ受信機器の販売計画を達成したと偽ったことによって、棚卸資産評価損の計上を適正に行わなかった。 この結果、当社は、関東財務局長に対し、参考１のとおり、金融商品取引法第172条の４第１項に規定する「重要な事項につき虚偽の記載がある」以下の有価証券報告書を提出したものである。 ・平成26年３月有価証券報告書（平成26年６月27日提出） ３．課徴金の額の計算 上記の違法行為について金融商品取引法に基づき算定される課徴金の額は、600万円である。（計算方法については参考２のとおり。） （参考１）株式会社ソフィアホールディングスの有価証券報告書の虚偽記載内容 開示書類 虚偽記載 提出日 書類 会計期間 財務計算に 関する書類 内容（注） 事由 平成26年 ６月27日 第39期（自　平成25年４月１日　至　平成26年３月31日）に係る有価証券報告書 平成25年４月１日～平成26年３月31日の連結会計期間 連結 損益計算書 連結当期純損失が136百万円であるところを56百万円と記載 ・棚卸資産評価損の不計上 等 （注）金額は百万円未満切捨て。 （参考２）課徴金の計算方法 金融商品取引法第172条の４第１項の規定により、平成26年３月期有価証券報告書に係る課徴金の額は、 ア　当該法人が発行する算定基準有価証券の市場価額の総額に10万分の６を乗じて得た額（1,092,818円） が イ　6,000,000円 を超えないことから、6,000,000円となる。"
2018-02-27,日本サード・パーティ株式会社,,日本サード・パーティ株式会社役員による内部者取引に対する課徴金納付命令の勧告について,https://www.fsa.go.jp/sesc/news/c_2018/2018/20180227-1.html,"English version 平成30年2月27日 証券取引等監視委員会 日本サード・パーティ株式会社役員による内部者取引に対する課徴金納付命令の勧告について １．勧告の内容 証券取引等監視委員会は、日本サード・パーティ株式会社役員による内部者取引について検査した結果、下記のとおり法令違反の事実が認められたので、本日、内閣総理大臣及び金融庁長官に対して、金融庁設置法第２０条第１項の規定に基づき、課徴金納付命令を発出するよう勧告を行った。 ２．法令違反の事実関係 課徴金納付命令対象者は、日本サード・パーティ株式会社（以下「日本サード・パーティ」という。）の役員であるが、同人がその職務に関し、同社の業務執行を決定する機関が、株式会社夢真ホールディングス、株式会社夢エデュケーション及び株式会社夢テクノロジーとの業務上の提携を行うことについての決定をした旨の重要事実を知りながら、上記事実の公表がされた平成２８年９月２８日より前の同年８月１６日、自己の計算において、日本サード・パーティ株式合計６５００株を買付価額合計３１７万３６００円で買い付けたものである。 違反行為事実の概要については、 別図 のとおり。 課徴金納付命令対象者が行った上記の行為は、金融商品取引法第１７５条第１項に規定する「第１６６条第１項又は第３項の規定に違反して、同条第１項に規定する売買等をした」行為に該当すると認められる。 ３．課徴金の額の計算 上記の違法行為に対し、金融商品取引法に基づき納付を命じられる課徴金の額は、１２０万円である。 計算方法の詳細については、 別紙 のとおり。 ４．その他 本件については、日本取引所自主規制法人より提供された情報も参考として、実態解明を行ったものである。 （別図） ○違反行為事実の概要について （クリックすると拡大されます） （別紙） ○課徴金の額の計算方法について １． 課徴金納付命令対象者（１）について （１）金融商品取引法第１７５条第１項第２号の規定により、当該有価証券の買付けについて業務等に関する重要事実の公表がされた後２週間における最も高い価格（674円）に当該有価証券の買付けの数量を乗じて得た額から当該有価証券の買付けをした価格にその数量を乗じて得た額を控除した額。 （674円×6,500株） －（479円×100株＋480円×900株＋485円×200株＋487円×100株 ＋490円×5,200株） ＝1,207,400円 （２）金融商品取引法第１７６条第２項の規定により、上記（１）で計算した額の１万円未満の端数を切捨て。"
2018-02-16,,,公開買付者の社員からの情報受領者によるニッコウトラベル株式に係る内部者取引に対する課徴金納付命令の勧告について,https://www.fsa.go.jp/sesc/news/c_2018/2018/20180216-1.html,"English version 平成30年2月16日 証券取引等監視委員会 公開買付者の社員からの情報受領者によるニッコウトラベル株式に係る内部者取引に対する課徴金納付命令の勧告について １．勧告の内容 証券取引等監視委員会は、公開買付者の社員からの情報受領者によるニッコウトラベル株式に係る内部者取引について検査した結果、下記のとおり法令違反の事実が認められたので、本日、内閣総理大臣及び金融庁長官に対して、金融庁設置法第２０条第１項の規定に基づき、課徴金納付命令を発出するよう勧告を行った。 ２．法令違反の事実関係 課徴金納付命令対象者は、株式会社三越伊勢丹ホールディングス（以下「三越伊勢丹ＨＤ」という。）の社員から、同人がその職務に関し知った、三越伊勢丹ＨＤの業務執行を決定する機関が、株式会社ニッコウトラベル（以下「ニッコウトラベル」という。平成２９年５月２日上場廃止）の株式の公開買付けを行うことの決定をした旨の公開買付けの実施に関する事実の伝達を受けながら、上記事実の公表がされた平成２９年２月１０日より前の同月１日に、自己の計算において、ニッコウトラベル株式合計１万株を買付価額合計３０６万円で買い付けたものである。 違反行為事実の概要については、 別図 のとおり。 課徴金納付命令対象者が行った上記の行為は、金融商品取引法第１７５条第２項に規定する「第１６７条第１項又は第３項の規定に違反して、同条第１項に規定する特定株券等若しくは関連株券等に係る買付け等」をした行為に該当すると認められる。 ３．課徴金の額の計算 上記の違法行為に対し、金融商品取引法に基づき納付を命じられる課徴金の額は、１３５万円である。 計算方法の詳細については、 別紙 のとおり。 ４．その他 本件については、日本取引所自主規制法人より提供された情報も参考として、実態解明を行ったものである。 （別図） ○違反行為事実の概要について （クリックすると拡大されます） （別紙） ○課徴金の額の計算方法について １．金融商品取引法第１７５条第２項第２号の規定により、当該有価証券の買付けについて、公開買付け等の実施に関する事実の公表がされた後２週間における最も高い価格（441円）に当該有価証券の買付けの数量を乗じて得た額から当該有価証券の買付けをした価格にその数量を乗じて得た額を控除した額。 （441円×10,000株）－（306円×10,000株）＝1,350,000円"
2018-01-25,東芝テック株式会社,6588,東芝テック株式会社株券に係る内部者取引事件の告発について,https://www.fsa.go.jp/sesc/news/c_2018/2018/20180125-1.html,English version 平成３０年１月２５日 証券取引等監視委員会 東芝テック株式会社株券に係る内部者取引事件の告発について 証券取引等監視委員会は、本日、金融商品取引法違反（内部者取引）の嫌疑で、嫌疑者２名を東京地方検察庁に告発した。告発の対象となった犯則事実については下記のとおり。 １．告発の対象となった犯則事実 犯則嫌疑者Ａは、東京証券取引所市場第一部に株券を上場している東芝テック株式会社（以下「東芝テック」という。）の財務部に所属する従業員として、平成２７年１０月１６日頃、その職務に関し、東芝テックが、特別損失を計上することにより業務遂行の過程で生じた損害が発生した旨の同社の業務等に関する重要事実を知ったもの、同Ｂは、その知人であるが、犯則嫌疑者両名は、前記事実の公表前に同社株券を売り付け、その公表後に買い戻して利益を得ようと考え、共謀の上、法定の除外事由がないのに、前記事実の公表前である同月１９日から同年１１月５日までの間、証券会社１社を介し、東京証券取引所において、Ｂ名義で、東芝テックの株券合計１６万株を代金合計７１７８万円で売り付けたものである。 ２．関連条文 金融商品取引法第１９７条の２第１３号、第１６６条第１項第１号、同条第２項第２号イ、刑法第６０条 法定刑：５年以下の懲役若しくは５００万円以下の罰金又は併科
2018-01-26,あんしん保証株式会社,7183,あんしん保証株式会社との契約締結交渉者の役員及びあんしん保証株式会社の役員からの情報受領者による内部者取引並びに同社役員による重要事実に係る伝達違反行為に対する課徴金納付命令の勧告について,https://www.fsa.go.jp/sesc/news/c_2018/2018/20180126-1.html,"English version 平成30年1月26日 証券取引等監視委員会 あんしん保証株式会社との契約締結交渉者の役員及びあんしん保証株式会社の役員からの情報受領者による内部者取引並びに同社役員による重要事実に係る伝達違反行為に対する課徴金納付命令の勧告について １．勧告の内容 証券取引等監視委員会は、あんしん保証株式会社との契約締結交渉者の役員及びあんしん保証株式会社の役員からの情報受領者による内部者取引並びに同社役員による重要事実に係る伝達違反行為について検査した結果、下記のとおり法令違反の事実が認められたので、本日、内閣総理大臣及び金融庁長官に対して、金融庁設置法第２０条第１項の規定に基づき、課徴金納付命令を発出するよう勧告を行った。 ２．法令違反の事実関係 （１）課徴金納付命令対象者（１）について 課徴金納付命令対象者（１）は、不動産賃貸管理等の事業を営むＡ社の役員であるが、あんしん保証株式会社（以下「あんしん保証」という。）とＡ社との家賃決済サービスに係る契約の締結交渉に関し、あんしん保証の業務執行を決定する機関が、イオンクレジットサービス株式会社等との業務上の提携を行うことについての決定をした旨の重要事実を知りながら、上記事実の公表がされた平成２８年７月２９日午後３時より前の同年６月２４日から同年７月２９日午前１１時１０分頃までの間、自己の計算において、あんしん保証株式合計９３００株を買付価額合計９８０万３９００円で買い付けたものである。 違反行為事実の概要については、 別図 のとおり。 課徴金納付命令対象者（１）が行った上記の行為は、金融商品取引法第１７５条第１項に規定する「第１６６条第１項又は第３項の規定に違反して、同条第１項に規定する売買等をした」行為に該当すると認められる。 （２）課徴金納付命令対象者（２）について 課徴金納付命令対象者（２）は、あんしん保証の役員である課徴金納付命令対象者（３）から、同人がその職務に関し知った、あんしん保証の業務執行を決定する機関が、イオンクレジットサービス株式会社等との業務上の提携を行うことについての決定をした旨の重要事実の伝達を受けながら、上記事実の公表がされた平成２８年７月２９日午後３時より前の同年７月１２日から同月２９日午前９時３１分頃までの間、自己の計算において、あんしん保証株式合計２万４０００株を買付価額合計２９５２万５５００円で買い付けたものである。 違反行為事実の概要については、 別図 のとおり。 課徴金納付命令対象者（２）が行った上記の行為は、金融商品取引法第１７５条第１項に規定する「第１６６条第１項又は第３項の規定に違反して、同条第１項に規定する売買等をした」行為に該当すると認められる。 （３）課徴金納付命令対象者（３）について 課徴金納付命令対象者（３）は、あんしん保証の役員であるが、同人がその職務に関し知った、あんしん保証の業務執行を決定する機関が、イオンクレジットサービス株式会社等との業務上の提携を行うことについての決定をした旨の重要事実を、上記事実の公表がされる前にあんしん保証株式の買付けをさせることにより課徴金納付命令対象者（２）に利益を得させる目的をもって、伝達したものである。 課徴金納付命令対象者（２）は、上記事実の公表がされた平成２８年７月２９日午後３時より前の同年７月１２日から同月２９日午前９時３１分頃までの間、自己の計算において、あんしん保証株式合計２万４０００株を買付価額合計２９５２万５５００円で買い付けたものである。 違反行為事実の概要については、 別図 のとおり。 課徴金納付命令対象者（３）が行った上記の行為は、金融商品取引法第１７５条の２第１項に規定する「第１６７条の２第１項の規定に違反して、同項の伝達をし、又は同項の売買等をすることを勧める」行為に該当すると認められる。 ３．課徴金の額の計算 上記の違法行為に対し、金融商品取引法に基づき納付を命じられる課徴金の額は、下記のとおりである。 課徴金納付命令対象者（１）５５４万円 課徴金納付命令対象者（２）１００７万円 課徴金納付命令対象者（３）５０３万円 計算方法の詳細については、 別紙 のとおり。 ４．その他 本件については、日本取引所自主規制法人より提供された情報も参考として、実態解明を行ったものである。 （別図） ○違反行為事実の概要について （クリックすると拡大されます） （別紙） ○課徴金の額の計算方法について １． 課徴金納付命令対象者（１）について （１）金融商品取引法第１７５条第１項第２号の規定により、当該有価証券の買付けについて業務等に関する重要事実の公表がされた後２週間における最も高い価格（1,650円）に当該有価証券の買付けの数量を乗じて得た額から当該有価証券の買付けをした価格にその数量を乗じて得た額を控除した額。 （1,650円×9,300株） －（900円×2,000株＋950円×4,000株＋1,266円×400株＋1,268円×1,400株 ＋1,278円×300株＋1,279円×200株＋1,280円×200株＋1,282円×500株 ＋1,287円×300株） ＝5,541,100円 （２）金融商品取引法第１７６条第２項の規定により、上記ア．で計算した額の１万円未満の端数を切捨て。 ２． 課徴金納付命令対象者（２）について （１）金融商品取引法第１７５条第１項第２号の規定により、当該有価証券の買付けについて業務等に関する重要事実の公表がされた後２週間における最も高い価格（1,650円）に当該有価証券の買付けの数量を乗じて得た額から当該有価証券の買付けをした価格にその数量を乗じて得た額を控除した額。 （1,650円×24,000株） －（1,150円×3,300株＋1,151円×600株＋1,170円×100株＋1,177円×500株 ＋1,178円×700株＋1,179円×100株＋1,180円×5,400株＋1,250円×900株 ＋1,251円×200株＋1,252円×900株＋1,260円×100株＋1,269円×600株 ＋1,270円×1,000株＋1,271円×1,500株＋1,275円×1,000株＋1,281円×200株 ＋1,282円×100株＋1,284円×100株＋1,286円×100株＋1,287円×100株 ＋1,288円×200株＋1,289円×100株＋1,290円×2,100株＋1,294円×600株 ＋1,295円×2,000株＋1,296円×400株＋1,297円×100株＋1,298円×100株 ＋1,299円×900株） ＝ 10,074,500円 （２）金融商品取引法第１７６条第２項の規定により、上記（１）で計算した額の１万円未満の端数を切捨て。 ３． 課徴金納付命令対象者（３）について （１）金融商品取引法第１７５条の２第１項第３号の規定により、当該違反行為により当該情報受領者等が行った当該売買等によって得た利得相当額に２分の１を乗じて得た額。 利得相当額とは、同条第３項の規定により、情報受領者等が特定有価証券等の買付けをした場合、当該特定有価証券等の買付けについて重要事実の公表がされた後２週間における最も高い価格（1,650円）に当該特定有価証券等の買付けの数量を乗じて得た額から当該特定有価証券等の買付けをした価格にその数量を乗じて得た額を控除した額。 ｛（1,650円×24,000株） －（1,150円×3,300株＋1,151円×600株＋1,170円×100株＋1,177円×500株 ＋1,178円×700株＋1,179円×100株＋1,180円×5,400株＋1,250円×900株 ＋1,251円×200株＋1,252円×900株＋1,260円×100株＋1,269円×600株 ＋1,270円×1,000株＋1,271円×1,500株＋1,275円×1,000株＋1,281円×200株 ＋1,282円×100株＋1,284円×100株＋1,286円×100株＋1,287円×100株 ＋1,288円×200株＋1,289円×100株＋1,290円×2,100株＋1,294円×600株 ＋1,295円×2,000株＋1,296円×400株＋1,297円×100株＋1,298円×100株 ＋1,299円×900株）｝×1／2 ＝ 5,037,250円 （２）金融商品取引法第１７６条第２項の規定により、上記（１）で計算した額の１万円未満の端数を切捨て。"
2018-01-16,アセットデザイン株式会社,,アセットデザイン株式会社による株式会社エボラブルアジア株式に係る相場操縦に対する課徴金納付命令の勧告について,https://www.fsa.go.jp/sesc/news/c_2018/2018/20180116.html,"English version 平成３０年１月１６日 証券取引等監視委員会 アセットデザイン株式会社による株式会社エボラブルアジア株式に係る相場操縦に対する課徴金納付命令の勧告について １．勧告の内容 証券取引等監視委員会は、アセットデザイン株式会社（法人番号5010001078625、以下「アセットデザイン」という。）による相場操縦について検査した結果、下記のとおり法令違反の事実が認められたので、本日、内閣総理大臣及び金融庁長官に対して、金融庁設置法第２０条第１項の規定に基づき、課徴金納付命令を発出するよう勧告を行った。 ２．法令違反の事実関係 アセットデザインは、投資運用業及び第二種金融商品取引業を行うことにつき、関東財務局長の登録を受けている株式会社であり、英国領ケイマン諸島籍ユニットトラスト型ファンドであるアセットデザイン・コプロス・ファンド（以下「コプロスファンド」という。）の受託会社であるエリアン・トラスティ（ケイマン）・リミテッドとの間で締結したインベストメント・マネジメント契約に基づき、上記ファンドに出資された資産の運用権限を有していたものであるが、アセットデザインの運用担当者において、同社の業務に関し、当時、東京証券取引所マザーズ市場に上場されていた株式会社エボラブルアジアの株式につき、同株式の売買を誘引する目的をもって、別表記載のとおり、平成２９年２月１６日午後２時５３分頃から同日午後３時までの間、最良売り気配と同値又はその上値に売り注文を大量に発注する方法により、同株式合計１万２５００株を売り付けるとともに、同株式合計５万９５００株の売付けの委託を行い、もって、アセットデザイン及びアセットデザインと特殊の関係にある者におけるコプロスファンドへの出資割合である約４．２４パーセント相当については自己の計算において、それ以外については自己以外の者であるコプロスファンドへの出資者の計算において、同株式の売買が繁盛であると誤解させ、かつ、同市場における同株式の相場を変動させるべき一連の売買及び委託をしたものである。 違反行為事実の概要等については、 別紙１ 及び 別紙２ のとおり。 アセットデザインが行った上記の行為は、金融商品取引法第１７４条の２第１項に規定する「第１５９条第２項第１号の規定に違反する一連の有価証券売買等」及び「委託等」に該当すると認められる。 ３．課徴金の額の計算 上記の違法行為について金融商品取引法に基づき算定される課徴金の額は、１億３４１万円である。 計算方法の詳細については、 別紙３ のとおり。 （別紙１） ○違反行為事実の概要について(1) （クリックすると拡大されます） （別紙２） ○違反行為事実の概要について(2) （クリックすると拡大されます） （別紙３） ○課徴金の額の計算方法について １．金融商品取引法第１７４条の２第１項に基づき、課徴金の額は、 (1) 当該違反行為に係る有価証券の売買対当数量 （注１） に係るものについて、自己の計算による当該有価証券の売付け等の価額から、自己の計算による当該有価証券の買付け等の価額を控除した額 （注１）売買対当数量：当該違反行為に係る有価証券の売付け等数量と買付け等数量のうち、いずれか少ない数量をいう。 (2) 当該違反行為に係る自己の計算による有価証券の売付け等の数量が、当該違反行為に係る自己の計算による有価証券の買付け等の数量を超える場合、当該超える数量に係る有価証券の売付け等の価額から、当該違反行為が終了してから１月を経過するまでの間の各日における当該違反行為に係る有価証券等に係る有価証券の買付け等についての金融商品取引法第６７条の１９又は第１３０条に規定する最低の価格のうち最も低い価格に当該超える数量を乗じて得た額を控除した額 及び (3) 違反者が、自己以外の者の計算において、当該違反行為の開始時から当該違反行為の終了後１月を経過するまでの間に違反行為又は有価証券の売付け等若しくは有価証券の買付け等をした場合、算定対象取引 （注２） が行われた日の属する月（算定対象取引が２以上の月にわたって行われたものである場合には、これらの月のうち最後の月）について違反者に財産の運用の対価として支払われ、又は支払われるべき金銭その他の財産（以下「運用報酬」という。）の価額 （注３） に３を乗じて得た額 （注２）算定対象取引とは、金融商品取引法第１７４条の２第１項第２号二の違反行為又は有価証券の売付け等若しくは有価証券の買付け等のうち違反行為に係る有価証券等に係るもののことを指す（同法第六章の二の規定による課徴金に関する内閣府令第１条の１６第１項第１号）。 （注３）運用報酬の算定の基礎となる期間（以下「運用報酬算定期間」という。）が１月を超える場合にあっては、当該運用報酬を当該運用報酬算定期間の月数で除す方法、運用報酬算定期間に係る運用実績に基づいて運用報酬が算定されるときには当該算定対象取引が行われた日の属する月の運用実績に基づいて算出する方法その他の合理的な方法により算出することとなる（同条第２項かっこ書き）。 を合計し、 (4)　金融商品取引法第１７６条第２項の規定により、前記（1）から（3）の合計額に１万円未満の端数があるときは、その端数を切り捨てる ことで算出される。 ２．本件では、 (1) 売買対当数量 （注４） に係る課徴金の額　0円 （注４）当該違反行為に係る売買対当数量は、 ① 自己の計算による有価証券の売付け等の数量が、5,210.173株（注５）（注６）であり、 ② 自己の計算による有価証券の買付け等の数量が0株である ことから、0株となる。 （注５）小数点以下の端数が生じた場合は、少数第四位を四捨五入して表記しているが、実際の計算過程においては、端数処理は行わず計算している（以下同じ）。 （注６）実際の売付け等の数量12,500株に違反者の役員等のコプロスファンドに対する出資割合4.243％を乗じて得られる530.351株に、上記の同法１７４条の２第７項及び同法施行令第３３条の１２第１号の規定により、違反行為開始時にその時における価格（3,395円）で当該違反行為に係る有価証券の売付け等を自己の計算においてしたものとみなされる当該違反行為の開始時に売付け等をしている当該有価証券の数量110,300株に同4.243％を乗じて得られる4,679.821株を加えた数量。 (2) 当該違反行為に係る自己の計算による有価証券の売付け等の数量が当該違反行為に係る自己の計算による有価証券の買付け等の数量を超える場合の、当該超える数量に係る課徴金額　4,184，829.455円（注７） （注７）当該超える数量に係る有価証券の売付け等の価額から、当該違反行為が終了してから１月を経過するまでの間の各日における当該違反行為に係る有価証券の買付け等についての同法第６７条の１９又は第１３０条に規定する最低の価格（2,592円）に当該超える数量5,210.173株を乗じて得た額を控除した額。 ｛違反行為期間中における有価証券の売付け等の価額のうち上記ファンドに対する違反者の役員等の出資割合相当額（42,462,500円（注８）×4.243％）＋違反行為の開始時にその時における価格で当該違反行為に係る有価証券の売付け等を自己の計算においてしたものとみなされる当該違反行為の開始時に所有している当該有価証券の価額（3,395円×110,300株×4.243％）｝ －（2,592円×5,210.173株） （注８）算定式は次のとおり。 （3,395円×7,500株+3,400円×5,000株） 及び (3) 違反者に対し、運用報酬として、支払われるべき金銭に基づく課徴金額　99,225,349.209円（注９） （注９）違反者が、受領すべき運用報酬33,075,116.403円に３を乗じることで算出される。 (4) １万円未満の端数（178.665円）を切り捨てた金額である 103,410,000円が課徴金の額となる。 【参考】課徴金の額の計算に係る考え方の例 （ 別表（PDF） ）"
