date,stock_name,stock_code,title,link,content
2018-10-30,行ったデルタインベストメント株式会社,,堀田勝己（トレードマスターラボ）に対する検査結果に基づく勧告について,https://www.fsa.go.jp/sesc/news/c_2019/2019/20191206-3.html,English version 令和元年12月6日 証券取引等監視委員会 堀田勝己（トレードマスターラボ）に対する検査結果に基づく勧告について １．勧告の内容 近畿財務局長が堀田勝己（トレードマスターラボ）（大阪市淀川区、投資助言・代理業）を検査した結果、下記のとおり、当該金融商品取引業者に係る問題が認められたので、本日、証券取引等監視委員会は、内閣総理大臣及び金融庁長官に対して、金融庁設置法第20条第１項の規定に基づき、行政処分を行うよう勧告した。 ２．事実関係 ○ 無登録業者に対する名義貸し 堀田勝己（トレードマスターラボ）（以下「当者」という。）は、以下のとおり、当者の名義をもって、金融商品取引業の登録のない者に投資助言・代理業を行わせた。 ①　当者は、平成28年４月以降、Ａが実質的な代表を務める株式会社サン（大阪市北区、法人番号9120001165540、金融商品取引業の登録はない。以下「サン社」という。（注））との間で投資助言の提供に係る契約を締結し、サン社から電子メールにより提供された投資助言の内容をそのまま貼り付けて、当者名義にて顧客に電子メールで配信するなど、当者の名義をもって、サン社に投資助言・代理業を行わせた。 サン社は、平成28年４月から同30年12月までの間に、少なくとも69名の顧客に対し、日経225オプション取引に係る売買のタイミングや価格等について投資助言行為を行った。 （注）サン社は、平成30年10月30日付けで行ったデルタインベストメント株式会社に対する行政処分勧告において、同社の名義を使用して投資助言行為を行ったと認定されている者である。 （ https://www.fsa.go.jp/sesc/news/c_2018/2018/20181030-1.htm ） ②　当者は、平成27年10月頃以降、少なくとも７者（以下「プログラム提供者」という。いずれも金融商品取引業の登録はない。）との間で投資判断に係るプログラム等の提供を受けるための契約を締結し、プログラム提供者が当者を介さずに当者名義にて顧客に電子メールで投資助言を配信するなど、当者の名義をもって、プログラム提供者に投資助言・代理業を行わせた。 プログラム提供者は、平成27年10月から同31年１月までの間に、少なくとも169名の顧客に対し、日経225先物取引に係る売買のタイミングや価格等について投資助言行為を行った。 当者が行った上記行為は、自己の名義をもって、他人に金融商品取引業を行わせたものであり、金融商品取引法第36条の３に違反するものと認められる。 （参考条文） ○　金融商品取引法（昭和23年法律第25号）（抄） （名義貸しの禁止） 第三十六条の三 金融商品取引業者等は、自己の名義をもつて、他人に金融商品取引業（登録金融機関にあつては、登録金融機関業務。以下この款において同じ。）を行わせてはならない。
令和元年12月13日　証券取引等監視委員会の第10期の体制がスタートしました。（委員長・委員の略歴を更新しました。）,,,証券取引等監視委員会の第10期の体制がスタートしました。（委員長・委員の略歴を更新しました。）,https://www.fsa.go.jp/sesc/aboutsesc/aboutsesc.html,証券監視委について 委員長からのメッセージ 証券取引等監視委員会委員長からのメッセージ　※更新中 委員長、委員の略歴 中原委員長 加藤委員 橋本委員 委員会の開催状況 令和７年11月開催 11月      7日（金） 第164回証券取引等監視委員会開催（ 議事要旨 ） 11月    11日（金） 第165回証券取引等監視委員会開催（ 議事要旨 ） 11月    14日（火） 11月    18日（金） 11月    21日（金） 11月    26日（水） 11月    28日（金） 第166回証券取引等監視委員会開催（ 議事要旨 ） 第167回証券取引等監視委員会開催（ 議事要旨 ） 第168回証券取引等監視委員会開催（ 議事要旨 ） 第169回証券取引等監視委員会開催（ 議事要旨 ） 第170回証券取引等監視委員会開催（ 議事要旨 ） ※ 過去の開催状況 （平成27年10月以降） 第11期活動方針 証券取引等監視委員会 中期活動方針（第11期：2023年～2025年）　本文 証券取引等監視委員会 中期活動方針（第11期：2023年～2025年）　概要 証券取引等監視委員会創立25周年記念国際コンファレンス 証券取引等監視委員会創立25周年記念国際コンファレンス 歴代委員長からのメッセージ 組織及び事務概要 証券監視委パンフレット 証券監視委の所在地等 組織及び事務概要 令和７年度機構・定員（PDF/90KB） 証券監視委の定員推移（PDF/35KB） 証券監視委と内閣総理大臣、金融庁長官及び財務局長等の関係の概念図（PDF/118KB） 組織・事務に係る法令の概要 証券監視委の法令等遵守に関する取組み 証券監視委の法令等遵守に関する通報・相談窓口
2018-08-06,朝日工業株式会社,1975,公開買付者の役員からの情報受領者が所属する会社の他の役員による朝日工業株式会社株式に係る内部者取引に対する課徴金納付命令の勧告について,https://www.fsa.go.jp/sesc/news/c_2019/2019/20191210-1.html,"English version 令和元年12月10日 証券取引等監視委員会 公開買付者の役員からの情報受領者が所属する会社の他の役員による朝日工業株式会社株式に係る内部者取引に対する課徴金納付命令の勧告について １．勧告の内容 証券取引等監視委員会は、公開買付者の役員からの情報受領者が所属する会社の他の役員による朝日工業株式会社株式に係る内部者取引について検査した結果、下記のとおり法令違反の事実が認められたので、本日、内閣総理大臣及び金融庁長官に対して、金融庁設置法第２０条第１項の規定に基づき、課徴金納付命令を発出するよう勧告を行った。 ２．法令違反の事実関係 課徴金納付命令対象者は、Ａ社の役員であるが、その職務に関し、同社の役員乙が、合同製鐵株式会社（以下「合同製鐵」という。）の役員であった甲から職務上伝達を受けた、合同製鐵の業務執行を決定する機関が、朝日工業株式会社（以下「朝日工業」という。）株式の公開買付けを行うことを決定した旨の公開買付けの実施に関する事実を知りながら、前記事実の公表がされた平成３０年８月６日より前の同年７月１２日から同月２３日までの間、自己の計算において、朝日工業株式合計１４００株を買付価額合計１７６万４３００円で買い付けたものである。 違反行為事実の概要については、 別図 のとおり。 課徴金納付命令対象者が行った上記の行為は、金融商品取引法第１７５条第２項に規定する「第１６７条第１項又は第３項の規定に違反して、同条第１項に規定する特定株券等若しくは関連株券等に係る買付け等」をした行為に該当すると認められる。 ３．課徴金の額の計算 上記の違反行為に対し、金融商品取引法に基づき納付を命じられる課徴金の額は、７２万円である。 計算方法の詳細については、 別紙 のとおり。 ４．その他 本件については、日本取引所自主規制法人より提供された情報も参考として、実態解明を行ったものである。 （別図） ○違反行為事実の概要について （クリックすると拡大されます） （別紙） 〇課徴金の額の計算について (1) 金融商品取引法第１７５条第２項第２号の規定により、当該有価証券の買付けについて、公開買付け等の実施に関する事実の公表がされた後２週間における最も高い価格（1,780円）に当該有価証券の買付けの数量を乗じて得た額から当該有価証券の買付けをした価格にその数量を乗じて得た額を控除した額。 （1,780円×1,400株） －（1,255円×100株＋1,260円×500株＋1,261円×800株） ＝727,700円 (2) 金融商品取引法第１７６条第２項の規定により、上記(1)で計算した額の１万円未満の端数を切捨て。"
2015-06-25,日産自動車株式会社,7201,日産自動車株式会社における有価証券報告書等の虚偽記載に係る課徴金納付命令勧告について,https://www.fsa.go.jp/sesc/news/c_2019/2019/20191210-2.html,"English version 令和元年12月10日 証券取引等監視委員会 日産自動車株式会社における有価証券報告書等の虚偽記載に係る課徴金納付命令勧告について １．勧告の内容 証券取引等監視委員会は、日産自動車株式会社（法人番号9020001031109）（以下「当社」という。）における有価証券報告書等の虚偽記載について検査した結果、以下のとおり法令違反の事実が認められたので、本日、内閣総理大臣及び金融庁長官に対して、金融庁設置法第20条第１項の規定に基づき、課徴金納付命令を発出するよう勧告を行った。 ２．法令違反の事実関係 （１）継続開示書類 当社は、有価証券報告書中の「第一部 企業情報」・「第４ 提出会社の状況」・「６ コーポレート・ガバナンスの状況等」・「（１）コーポレート・ガバナンスの状況」の役員報酬に関する情報において、実態とは異なる記載を行った。 この結果、当社は、関東財務局長に対し、以下のとおり、金融商品取引法第172条の４第１項に規定する「重要な事項につき虚偽の記載」がある以下の有価証券報告書を提出した（「重要な事項につき虚偽の記載」の内容は別紙１－１のとおり）。 ・平成27年３月期有価証券報告書（平成27年６月25日提出） ・平成28年３月期有価証券報告書（平成28年６月24日提出） ・平成29年３月期有価証券報告書（平成29年６月29日提出） ・平成30年３月期有価証券報告書（平成30年６月28日提出） （２）発行開示書類 当社は、関東財務局に対し、平成28年４月８日、上記（１）の重要な事項につき虚偽の記載がある平成27年３月期有価証券報告書を参照情報とする発行登録追補書類を提出し、当該発行登録追補書類に基づく募集により、平成28年４月15日、社債券を125,000,000,000円で取得させた。 これにより、当社は、関東財務局に対し、金融商品取引法第172条の２第１項第１号に規定する「重要な事項につき虚偽の記載」がある発行開示書類を提出し、当該発行開示書類に基づく募集により社債券を取得させたものである。 ３．課徴金の額の計算 上記の違法行為について金融商品取引法に基づき算定される課徴金の額は、24億2,489万5,000円である（計算方法については別紙２のとおり。）。 【別紙１－１】有価証券報告書の虚偽記載内容 番号 開示書類 虚偽記載 提出日 書類 主な内容 主な事由 １ 平成27年６月25日 第116期（平成26年４月１日～平成27年３月31日）に係る有価証券報告書 取締役報酬が【別紙１－２】（１）の左欄のとおりであるところを右欄のとおり記載 ・取締役報酬の過少記載 ２ 平成28年６月24日 第117期（平成27年４月１日～平成28年３月31日）に係る有価証券報告書 取締役報酬が【別紙１－２】（２）の左欄のとおりであるところを右欄のとおり記載 ・取締役報酬の過少記載 ３ 平成29年６月29日 第118期（平成28年４月１日～平成29年３月31日）に係る有価証券報告書 取締役報酬が【別紙１－２】（３）の左欄のとおりであるところを右欄のとおり記載 ・取締役報酬の過少記載 ４ 平成30年６月28日 第119期（平成29年４月１日～平成30年３月31日）に係る有価証券報告書 取締役報酬が【別紙１－２】（４）の左欄のとおりであるところを右欄のとおり記載 ・取締役報酬の過少記載 【別紙１－２】 （PDF:156KB） 【別紙２】課徴金の計算方法 （１）　金融商品取引法第172条の４第１項の規定により、平成27年３月期有価証券報告書について算出した額は、当社が発行する算定基準有価証券の市場価額の総額に10万分の６を乗じて得た額279,799,739円が6,000,000円を超えることから、279,799,739円について、金融商品取引法第176条第２項の規定により１万円未満の端数を切り捨てて279,790,000円となる。 （２）　金融商品取引法第172条の４第１項の規定により、平成28年３月期有価証券報告書について算出した額は、当社が発行する算定基準有価証券の市場価額の総額に10万分の６を乗じて得た額323,373,877円が6,000,000円を超えることから、323,373,877円について、金融商品取引法第176条第２項の規定により１万円未満の端数を切り捨てて323,370,000円となる。 （３）　金融商品取引法第172条の４第１項の規定により、平成29年３月期有価証券報告書について算出した額は、当社が発行する算定基準有価証券の市場価額の総額に10万分の６を乗じて得た額275,534,764円が6,000,000円を超えることから、275,534,764円について、金融商品取引法第176条第２項の規定により１万円未満の端数を切り捨てて275,530,000円となる。 （４）　金融商品取引法第172条の４第１項の規定により、平成30年３月期有価証券報告書について算出した額は、当社が発行する算定基準有価証券の市場価額の総額に10万分の６を乗じて得た額279,918,085円が6,000,000円を超えることから、279,918,085円について、金融商品取引法第176条第２項の規定により１万円未満の端数を切り捨てて279,910,000円となるが、平成30年３月期有価証券報告書については、金融商品取引法第26条第１項の規定による検査等が行われる前に、課徴金の減額に係る報告がされていることから、金融商品取引法第185条の７第14項の規定により、279,910,000円に100分の50を乗じて得た額に相当する額である139,955,000円となる。 （５）　金融商品取引法第172条の２第１項第１号の規定により、当該法人の平成28年４月８日提出の発行登録追補書類に係る課徴金の額は、当該発行登録追補書類に基づく募集により取得させた有価証券の発行価額の総額125,000,000,000円の100分の2.25に相当する額である2,812,500,000円となるが、平成28年４月８日提出の発行登録追補書類については、金融商品取引法第26条第１項の規定による検査等が行われる前に、課徴金の減額に係る報告がされていることから、金融商品取引法第185条の７第14項の規定により、2,812,500,000円に100分の50を乗じて得た額に相当する額である1,406,250,000円となる。"
2015-08-14,日本フォームサービス株式会社,,日本フォームサービス株式会社における有価証券報告書等の虚偽記載に係る課徴金納付命令勧告について,https://www.fsa.go.jp/sesc/news/c_2019/2019/20191206-4.html,"English version 令和元年12月６日 証券取引等監視委員会 日本フォームサービス株式会社における有価証券報告書等の虚偽記載に係る課徴金納付命令勧告について １．勧告の内容 証券取引等監視委員会は、日本フォームサービス株式会社（法人番号1011701006077）（以下「当社」という。）における有価証券報告書等の虚偽記載について検査した結果、以下のとおり法令違反の事実が認められたので、本日、内閣総理大臣及び金融庁長官に対して、金融庁設置法第20条第１項の規定に基づき、課徴金納付命令を発出するよう勧告を行った。 ２．法令違反の事実関係 当社は、当社及び子会社における売上の前倒し計上、仕入除外による売上原価の過少計上及び固定資産の減損損失の先送り等、不適正な会計処理を行った。また、有価証券報告書中の「第一部 企業情報」・「第４ 提出会社の状況」・「６ コーポレート・ガバナンスの状況等」・「（１）コーポレート・ガバナンスの状況」において、実態とは異なる記載を行った。 この結果、当社は、関東財務局長に対し、金融商品取引法第172条の４第１項及び第２項に規定する「重要な事項につき虚偽の記載」がある以下の有価証券報告書及び四半期報告書を提出したものである（「重要な事項につき虚偽の記載」の内容は別紙１‐１のとおり。）。 ・平成27年６月第３四半期四半期報告書（平成27年８月14日提出） ・平成27年９月期有価証券報告書（平成27年12月24日提出） ・平成28年９月期有価証券報告書（平成28年12月22日提出） ・平成28年12月第１四半期四半期報告書（平成29年２月14日提出） ・平成29年３月第２四半期四半期報告書（平成29年５月15日提出） ・平成29年６月第３四半期四半期報告書（平成29年８月14日提出） ・平成29年９月期有価証券報告書（平成29年12月21日提出） ・平成29年12月第１四半期四半期報告書（平成30年２月14日提出） ・平成30年３月第２四半期四半期報告書（平成30年５月15日提出） ・平成30年６月第３四半期四半期報告書（平成30年８月14日提出） ・平成30年９月期有価証券報告書（平成30年12月20日提出） ３．課徴金の額の計算 上記の違法行為について金融商品取引法に基づき算定される課徴金の額は、2,400万円である（計算方法については別紙２のとおり。）。 （参考）公認会計士・監査審査会は、 「監査法人大手門会計事務所に対する検査結果に基づく勧告について」 を公表しております（監査法人大手門会計事務所は、当社の前監査法人）。 【別紙１‐１】日本フォームサービス株式会社に係る有価証券報告書等の虚偽記載内容 番号 開示書類 虚偽記載 提出日 書類 会計期間 記載項目 内容（注） 主な事由 １ 平成27年８月14日 第59期第３四半期（平成27年４月１日～平成27年６月30日）に係る四半期報告書 平成26年10月１日～平成27年６月30日の第３四半期連結累計期間 四半期連結損益計算書 四半期純利益が▲６百万円であるところを20百万円と記載 ・売上原価の過少計上 ２ 平成27年12月24日 第59期（平成26年10月１日～平成27年９月30日）に係る有価証券報告書 平成26年10月１日～平成27年９月30日の連結会計期間 連結 損益計算書 当期純利益が▲17百万円であるところを44百万円と記載 ・売上の前倒し計上 ・売上原価の過少計上 ３ 平成28年12月22日 第60期（平成27年10月１日～平成28年９月30日）に係る有価証券報告書 平成27年10月１日～平成28年９月30日の連結会計期間 連結 貸借対照表 連結純資産額が2,129百万円であるところを3,071百万円と記載 ・売上の前倒し計上 ・売上原価の過少計上 ・固定資産の減損損失の不計上 連結 損益計算書 親会社株主に帰属する当期純利益が▲797百万円であるところを６百万円と記載 【別紙１－２】のとおり、「第一部 企業情報」・「第４ 提出会社の状況」・「６ コーポレート・ガバナンスの状況等」・「（１）コーポレート・ガバナンスの状況」に、実態と異なる記載 ４ 平成29年２月14日 第61期第１四半期（平成28年10月１日～平成28年12月31日）に係る四半期報告書 平成28年10月１日～平成28年12月31日の第１四半期連結会計期間 四半期連結 貸借対照表 連結純資産額が2,083百万円であるところを2,989百万円と記載 ・過去の固定資産の減損損失の不計上による純資産の過大計上 ５ 平成29年５月15日 第61期第２四半期（平成29年１月１日～平成29年３月31日）に係る四半期報告書 平成29年１月１日～平成29年３月31日の第２四半期連結会計期間 四半期連結 貸借対照表 連結純資産額が2,210百万円であるところを3,038百万円と記載 ・過去の固定資産の減損損失の不計上による純資産の過大計上 ６ 平成29年８月14日 第61期第３四半期（平成29年４月１日～平成29年６月30日）に係る四半期報告書 平成29年４月１日～平成29年６月30日の第３四半期連結会計期間 四半期連結 貸借対照表 連結純資産額が2,079百万円であるところを3,041百万円と記載 ・過去の固定資産の減損損失の不計上による純資産の過大計上 ７ 平成29年12月21日 第61期（平成28年10月１日～平成29年９月30日）に係る有価証券報告書 平成28年10月１日～平成29年９月30日の連結会計期間 連結 貸借対照表 連結純資産額が1,982百万円であるところを3,035百万円と記載 ・売上の前倒し計上 ・売上原価の過少計上 ・過去の固定資産の減損損失の不計上による純資産の過大計上 連結 損益計算書 親会社株主に帰属する当期純利益が▲136百万円であるところを▲23百万円と記載 【別紙１－２】のとおり、「第一部 企業情報」・「第４ 提出会社の状況」・「６ コーポレート・ガバナンスの状況等」・「（１）コーポレート・ガバナンスの状況」に、実態と異なる記載 ８ 平成30年２月14日 第62期第１四半期（平成29年10月１日～平成29年12月31日）に係る四半期報告書 平成29年10月１日～平成29年12月31日の第１四半期連結会計期間 四半期連結 貸借対照表 連結純資産額が1,957百万円であるところを2,976百万円と記載 ・過去の固定資産の減損損失の不計上による純資産の過大計上 ９ 平成30年５月15日 第62期第２四半期（平成30年１月１日～平成30年３月31日）に係る四半期報告書 平成30年１月１日～平成30年３月31日の第２四半期連結会計期間 四半期連結 貸借対照表 連結純資産額が2,058百万円であるところを3,021百万円と記載 ・過去の固定資産の減損損失の不計上による純資産の過大計上 10 平成30年８月14日 第62期第３四半期（平成30年４月１日～平成30年６月30日）に係る四半期報告書 平成30年４月１日～平成30年６月30日の第３四半期連結会計期間 四半期連結 貸借対照表 連結純資産額が2,007百万円であるところを2,955百万円と記載 ・過去の固定資産の減損損失の不計上による純資産の過大計上 11 平成30年12月20日 第62期（平成29年10月１日～平成30年９月30日）に係る有価証券報告書 平成29年10月１日～平成30年９月30日の連結会計期間 連結 貸借対照表 連結純資産額が1,936百万円であるところを2,382百万円と記載 ・過去の固定資産の減損損失の不計上による純資産の過大計上 【別紙１－２】のとおり、「第一部 企業情報」・「第４ 提出会社の状況」・「６ コーポレート・ガバナンスの状況等」・「（１）コーポレート・ガバナンスの状況」に、実態と異なる記載 （注）金額は百万円未満切捨てである。 【別紙１‐２】「第一部 企業情報」・「第４ 提出会社の状況」・「６ コーポレート・ガバナンスの状況等」・「（１）コーポレート・ガバナンスの状況」の虚偽記載内容 番号 記載事項 虚偽記載の内容 １ 「②企業統治の体制」の記載 ・「取締役会は有価証券報告書提出日現在、３名の取締役で構成され、原則月１回開催の定例の取締役会を開催し、重要事項はすべて付議され、業績の進捗についても議論し、対策を検討しております。」と記載していたが、当社は、取締役会を年３回しか開催しておらず、また、取締役会において重要事項の大部分が付議されていなかった ２ 「②企業統治の体制」の記載 ・当社の監査役は、「取締役会をはじめ、経営会議、開発会議等の重要な会議に出席し、取締役の業務執行について厳正な監査を行っております」と記載していたが、常勤監査役は、これらの会議に出席してはいるものの、取締役の業務執行に関して何ら監査していないなど、当社の監査役は厳正な監査を行っていなかった ３ 「③コーポレート・ガバナンスに関する施策の実施状況」・「ii内部統制システムの整備状況」・「Ⅳ 使用人の職務の執行が法令・定款に適合することを確保するための体制/取締役の職務の執行が法令・定款に適合することを確保するための体制」の記載 ・当社が実施している内部統制システムの内容について「コンプライアンス担当取締役を任命し、監査室を設け全社のコンプライアンスの取組みを横断的に統括することとし、同部を中心に役職員教育を行う。監査室は、コンプライアンスの状況を監査する。これらの活動は定期的に取締役会及び監査役に報告されるものとする。」と記載していたが、当社は、コンプライアンス担当取締役を任命したことはなく、また、監査室も業務分掌規程で規定したのみで実体がなかった ４ 「③コーポレート・ガバナンスに関する施策の実施状況」・「ii内部統制システムの整備状況」・「Ⅷ その他監査役の監査が実効的に行われることを確保するための体制」の記載 ・当社が実施している内部統制システムの内容について「監査役は、代表取締役社長、監査法人とそれぞれ定期的に意見交換会を開催するものとする。」と記載していたが、当社監査役は、会計監査人との間で意見交換を行ったことがなかった ５ 「③コーポレート・ガバナンスに関する施策の実施状況」・「ii内部統制システムの整備状況」・「Ⅸ　株式会社並びにその親会社及び子会社からなる集団における業務の適正を確保するための体制」の記載 ・当社が実施している内部統制システムの内容について「当社は、子会社の内部統制を担当する部署を総務部とし、他の事業部と連携し子会社における内部統制の実効性を高める施策を実施するとともに、必要な子会社への指導・支援を実施する。」と記載していたが、当社は、これらの施策や指導・支援を行っておらず、また、「総務部は子会社の内部統制の状況について、年２回及び必要と判断する都度、当社取締役会に報告する。」と記載していたが、当社は、内部統制の状況について取締役会に報告していなかった ６ 「④内部監査及び監査役監査、会計監査の状況」・「ｉ内部監査及び監査役監査の状況」の記載 ・当社監査役は、「監査人との連携を図るために、決算期並びに必要な都度ミーティングを行い、現状の監査状況及び業務執行に対して意見交換を行っております。」と記載していたが、当社監査役は、会計監査人との間で意見交換を行ったことがなかった 【別紙２】課徴金の計算方法 （１）　金融商品取引法第172条の４第１項及び第２項の規定により、平成27年６月第３四半期四半期報告書及び平成27年９月期有価証券報告書ごとに算出した額（以下(１)において「個別決定ごとの算出額」という。）は、 ア　当社が発行する算定基準有価証券の市場価額の総額に10万分の６を乗じて得た下記の額 平成27年６月第３四半期四半期報告書　　　 69,022円 平成27年９月期有価証券報告書　　　　　　 67,323円 が、いずれも イ　6,000,000円 を超えないことから、 ・平成27年６月第３四半期四半期報告書については、6,000,000円の２分の１に相当する額である3,000,000円、 ・平成27年９月期有価証券報告書については、6,000,000円、 となる。 ここで、これらの開示書類が同一の事業年度に係るものであることから、金融商品取引法第185条の７第６項の規定により、6,000,000円を個別決定ごとの算出額に応じて按分した金額が、これらの開示書類に係る課徴金の額となる。 ・平成27年６月第３四半期四半期報告書に係る課徴金の額は、2,000,000円 ・平成27年９月期有価証券報告書に係る課徴金の額は、4,000,000円 （２）　金融商品取引法第172条の４第１項の規定により、平成28年９月期有価証券報告書について算出した額は、当社が発行する算定基準有価証券の市場価額の総額に10万分の６を乗じて得た額59,374円が6,000,000円を超えないことから、6,000,000円となる。 （３）　金融商品取引法第172条の４第１項及び第２項の規定により、平成28年12月第１四半期四半期報告書、平成29年３月第２四半期四半期報告書、平成29年６月第３四半期四半期報告書及び平成29年９月期有価証券報告書ごとに算出した額（以下(３)において「個別決定ごとの算出額」という。）は、 ア　当社が発行する算定基準有価証券の市場価額の総額に10万分の６を乗じて得た下記の額 平成28年12月第１四半期四半期報告書　　　54,989円 平成29年３月第２四半期四半期報告書　　　 65,333円 平成29年６月第３四半期四半期報告書　　　 62,525円 平成29年９月期有価証券報告書　　　　　　 63,438円 が、いずれも イ　6,000,000円 を超えないことから、 ・平成28年12月第１四半期四半期報告書については、6,000,000円の２分の１に相当する額である3,000,000円、 ・平成29年３月第２四半期四半期報告書については、6,000,000円の２分の１に相当する額である3,000,000円、 ・平成29年６月第３四半期四半期報告書については、6,000,000円の２分の１に相当する額である3,000,000円、 ・平成29年９月期有価証券報告書については、6,000,000円、 となる。 ここで、これらの開示書類が同一の事業年度に係るものであることから、金融商品取引法第185条の７第６項の規定により、6,000,000円を個別決定ごとの算出額に応じて按分した金額が、これらの開示書類に係る課徴金の額となる。 ・平成28年12月第１四半期四半期報告書に係る課徴金の額は、1,200,000円 ・平成29年３月第２四半期四半期報告書に係る課徴金の額は、1,200,000円 ・平成29年６月第３四半期四半期報告書に係る課徴金の額は、1,200,000円 ・平成29年９月期有価証券報告書に係る課徴金の額は、2,400,000円 （４）　金融商品取引法第172条の４第１項及び第２項の規定により、平成29年12月第１四半期四半期報告書、平成30年３月第２四半期四半期報告書、平成30年６月第３四半期四半期報告書及び平成30年９月期有価証券報告書ごとに算出した額（以下(４)において「個別決定ごとの算出額」という。）は、 ア　当社が発行する算定基準有価証券の市場価額の総額に10万分の６を乗じて得た下記の額 平成29年12月第１四半期四半期報告書　　　66,232円 平成30年３月第２四半期四半期報告書　　   83,890円 平成30年６月第３四半期四半期報告書　　　 89,331円 平成30年９月期有価証券報告書　　　　　　 79,916円 が、いずれも イ　6,000,000円 を超えないことから、 ・平成29年12月第１四半期四半期報告書については、6,000,000円の２分の１に相当する額である3,000,000円、 ・平成30年３月第２四半期四半期報告書については、6,000,000円の２分の１に相当する額である3,000,000円、 ・平成30年６月第３四半期四半期報告書については、6,000,000円の２分の１に相当する額である3,000,000円、 ・平成30年９月期有価証券報告書については、6,000,000円、 となる。 ここで、これらの開示書類が同一の事業年度に係るものであることから、金融商品取引法第185条の７第６項の規定により、6,000,000円を個別決定ごとの算出額に応じて按分した金額が、これらの開示書類に係る課徴金の額となる。 ・平成29年12月第１四半期四半期報告書に係る課徴金の額は、1,200,000円 ・平成30年３月第２四半期四半期報告書に係る課徴金の額は、1,200,000円 ・平成30年６月第３四半期四半期報告書に係る課徴金の額は、1,200,000円 ・平成30年９月期有価証券報告書に係る課徴金の額は、2,400,000円"
2017-08-29,居住するイノテック株式会社,,海外に居住するイノテック株式会社との契約締結交渉者の役職員による内部者取引に対する課徴金納付命令の勧告について,https://www.fsa.go.jp/sesc/news/c_2019/2019/20191206-2.html,"English version 令和元年１２月６日 証券取引等監視委員会 海外に居住するイノテック株式会社との契約締結交渉者の役職員による内部者取引に対する課徴金納付命令の勧告について １．勧告の内容 証券取引等監視委員会は、イノテック株式会社（以下「イノテック」という。）との契約締結交渉者の役職員による内部者取引について検査した結果、下記のとおり法令違反の事実が認められたので、本日、内閣総理大臣及び金融庁長官に対して、金融庁設置法第２０条第１項の規定に基づき、課徴金納付命令を発出するよう勧告を行った。 ２．法令違反の事実関係 課徴金納付命令対象者（香港に居住）は、香港に所在し、投資事業等を目的とするCVP Holdings Limited（以下「ＣＶＰ」という。）の役職員であるが、イノテックとＣＶＰの株式の取得を伴う業務上の提携の交渉に関し、イノテックの業務執行を決定する機関がＣＶＰと業務上の提携を行うことについての決定をした旨の重要事実を知りながら、当該重要事実の公表がされた平成２９年８月２９日午後３時より前の同月３日から同月９日までの間、自己及び同族会社の計算において、イノテック株式合計９９万１６００株を買付価額合計７億７５５１万５７００円で買い付けたものである。 違反行為事実の概要については、 別図 のとおり。 課徴金納付命令対象者が行った上記の行為は、金融商品取引法第１７５条第１項に規定する「第１６６条第１項又は第３項の規定に違反して、同条第１項に規定する売買等をした」行為に該当すると認められる。 ３．課徴金の額の計算 上記の違法行為について金融商品取引法に基づき算定される課徴金の額は、１億９６２５万円である。 計算方法の詳細については、 別紙 のとおり。 ４．その他 本件については、日本取引所自主規制法人より提供された情報も参考として、実態解明を行ったものである。 （別図） ○　違反行為事実の概要について （クリックすると拡大されます） （別紙） ○　課徴金の額の計算方法について （１）金融商品取引法第１７５条第１項第２号の規定により、当該有価証券の買付けについて業務等に関する重要事実の公表がされた後２週間における最も高い価格（980円）に当該有価証券の買付けの数量を乗じて得た額から当該有価証券の買付けをした価格にその数量を乗じて得た額を控除した額。 なお、同条第１０項第１号及び金融商品取引法第六章の二の規定による課徴金に関する内閣府令第１条の２３第１項第４号の規定により、課徴金納付命令対象者の同族会社の計算における買付けは、自己の計算において買付けたものとみなす。 （９８０円×９９１，６００株）－買付価額７７５，５１５，７００円（注） ＝１９６，２５２，３００円 （２）金融商品取引法第１７６条第２項の規定により、課徴金の額は、上記（１）で計算した額の１万円未満の端数を切り捨てた１億９６２５万円となる。 （注）買付価額の内訳は、「730円×1,000株＋731円×700株＋732円×1,600株＋733円×7,400株＋734円×9,200株＋735円×5,700株＋736円×14,100株＋737円×4,200株＋738円×4,000株＋739円×3,400株＋740円×14,400株＋741円×8,000株＋742円×4,100株＋743円×5,700株＋744円×5,300株＋745円×22,500株＋746円×2,100株＋747円×1,000株＋748円×2,000株＋749円×2,200株＋750円×11,100＋751円×5,400株＋752円×4,300株＋753円×1,500株＋754円×2,100株＋755円×800株＋756円×3,600株＋757円×4,800株＋758円×3,800株＋759円×5,800株＋760円×10,000株＋761円×8,000株＋762円×3,000株＋763円×2,400株＋764円×4,300株＋765円×11,200株＋766円×5,900株＋767円×5,900株＋768円×12,700株＋769円×18,200株＋770円×23,000株＋771円×12,400株＋772円×14,800株＋773円×10,300株＋774円×20,900株＋775円×39,400株＋776円×2,100株＋777円×5,700株＋778円×7,200株＋779円×8,700株＋780円×9,800株＋781円×4,500株＋782円×9,300株＋783円×42,500株＋784円×11,300株＋785円×50,200株＋786円×12,300株＋787円×32,700株＋788円×20,300株＋789円×13,000株＋790円×46,100株＋791円×25,200株＋792円×8,400株＋793円×21,100株＋794円×12,400株＋795円×35,200株＋796円×9,600株＋797円×42,400株＋798円×5,600株＋799円×13,400株＋800円×9,400株＋801円×1,500株＋802円×7,600株＋803円×700株＋804円×1,300株＋805円×8,800株＋806円×4,500株＋807円×1,000株＋808円×800株＋809円×3,900株＋810円×55,700株＋811円×3,200株＋813円×900株＋814円×5,200株＋815円×3,000株＋816円×2,400株＋817円×1,300株＋818円×19,200株＋819円×2,200株＋820円×8,300株＋821円×1,000株＋822円×1,000株＋823円×8,500株＋824円×3,300株＋825円×11,800株＋826円×3,100株＋827円×200株＋828円×8,600株」である。"
令和元年11月26日　ニュース証券株式会社に対する検査結果に基づく勧告について,ニュース証券株式会社,,ニュース証券株式会社に対する検査結果に基づく勧告について,https://www.fsa.go.jp/sesc/news/c_2019/2019/20191126-1.html,English version 令和元年11月26日 証券取引等監視委員会 ニュース証券株式会社に対する検査結果に基づく勧告について １．勧告の内容 関東財務局長がニュース証券株式会社（東京都渋谷区、法人番号1011001036691、資本金10億円、常勤役職員41名、第一種金融商品取引業、投資運用業、以下「当社」という。）を検査した結果、下記のとおり、当該金融商品取引業者に係る問題が認められたので、本日、証券取引等監視委員会は、内閣総理大臣及び金融庁長官に対して、金融庁設置法第20条第１項の規定に基づき、行政処分を行うよう勧告した。 ２．事実関係 (１) 金融商品取引業等の登録を受けていない者に有価証券の取得勧誘を行わせている状況 当社営業本部傘下のＡ営業員及びＢ部長（以下「当社営業員ら」という。）は、社外の複数の知人ら（金融商品取引業等の登録はない。）に、Ａ営業員が企画した有価証券の取得勧誘を依頼し、この結果、依頼を受けた知人が取得勧誘を行い、当社は、平成28年７月、顧客に有価証券を購入させた。 (２) 検査忌避 当社営業員らは、今回検査において、上記（１）の状況を隠蔽するため、かねて有価証券の取得勧誘を依頼していた知人に対し、当局の質問には顧客に詳しい商品説明はしていない旨答えるよう依頼するなど、正常な検査の進行を妨げる行為を行った。これらの行為は、事実確認を大幅に遅延させており、悪質な行為と認められる。当社経営陣は、検査官から、検査を妨害する行為を行わないよう重ねて要請されていたにもかかわらず、上記の行為を防止していない。 (３) 経営管理態勢及び内部管理態勢が不十分な状況 当社経営陣及び有価証券の取得勧誘の適切性をチェックすべき関連部署は、当社営業員らによる営業活動を漫然と同人ら任せにし、営業結果報告において知人らから顧客紹介を受ける方法に言及された際にも具体的な内容の把握を怠り、顧客説明用資料の広告審査を行った際にも配付方法、配付先等を確認しないなどにより、上記（１）の状況を見過ごしている。また、当社営業員らが開拓した金融商品仲介業者との業務委託契約に際しての審査やそれらの業者による勧誘実態の把握を怠っているほか、当社営業員らが勧誘資料の配分先における具体的な勧誘人数、勧誘資料廃棄実態等を把握しない、私募の人数管理が不十分な状況も生じさせており、経営管理態勢及び内部管理態勢は杜撰なものとなっていた。 当社における上記のような業務運営状況は、金融商品取引法第51条に規定する「業務の運営に関し、公益又は投資者保護のため必要かつ適当であると認めるとき」に該当するものと認められる。 また、当社が行った上記（２）の行為は、金融商品取引法第56条の２第１項の規定による検査を拒み、妨げ、忌避するものであり、同法第198条の６第11号及び同法第207条第１項第４号に該当するものと認められる。 （参考条文） ○　金融商品取引法（昭和23年法律第25号）（抄） （金融商品取引業者に対する業務改善命令） 第五十一条　内閣総理大臣は、金融商品取引業者の業務の運営又は財産の状況に関し、公益又は投資者保護のため必要かつ適当であると認めるときは、その必要の限度において、当該金融商品取引業者に対し、業務の方法の変更その他業務の運営又は財産の状況の改善に必要な措置をとるべきことを命ずることができる。 （報告の徴取及び検査） 第五十六条の二　内閣総理大臣は、公益又は投資者保護のため必要かつ適当であると認めるときは、金融商品取引業者等、これと取引をする者、当該金融商品取引業者等（登録金融機関を除く。）がその総株主等の議決権の過半数を保有する銀行等（以下この項において「子特定法人」という。）、当該金融商品取引業者等を子会社（第二十九条の四第四項に規定する子会社をいう。以下この条において同じ。）とする持株会社若しくは当該金融商品取引業者等から業務の委託を受けた者（その者から委託（二以上の段階にわたる委託を含む。）を受けた者を含む。以下この項において同じ。）に対し当該金融商品取引業者等の業務若しくは財産に関し参考となるべき報告若しくは資料（当該子特定法人にあつては、当該金融商品取引業者等（登録金融機関を除く。）の財産に関し参考となるべき報告又は資料に限る。）の提出を命じ、又は当該職員に当該金融商品取引業者等、当該子特定法人、当該金融商品取引業者等を子会社とする持株会社若しくは当該金融商品取引業者等から業務の委託を受けた者の業務若しくは財産の状況若しくは帳簿書類その他の物件の検査（当該子特定法人にあつては当該金融商品取引業者等（登録金融機関を除く。）の財産に関し必要な検査に、当該金融商品取引業者等を子会社とする持株会社又は当該金融商品取引業者等から業務の委託を受けた者にあつては当該金融商品取引業者等の業務又は財産に関し必要な検査に限る。）をさせることができる。 （以下、略） 第百九十八条の六　次の各号のいずれかに該当する者は、一年以下の懲役若しくは三百万円以下の罰金に処し、又はこれを併科する。 一～十　（略） 十一　第五十六条の二、第五十七条の十第一項、第五十七条の二十三、第五十七条の二十六第二項、第六十条の十一（第六十条の十四第二項において準用する場合を含む。）、第六十三条の六（第六十三条の三第二項において準用する場合を含む。）、第六十六条の二十二、第六十六条の四十五第一項、第六十六条の六十七、第七十五条、第七十九条の四、第百三条の四、第百六条の六第一項（同条第二項において準用する場合を含む。）、第百六条の十六、第百六条の二十第一項（同条第二項において準用する場合を含む。）、第百六条の二十七（第百九条において準用する場合を含む。）、第百五十一条（第百五十三条の四において準用する場合を含む。）、第百五十五条の九、第百五十六条の五の四、第百五十六条の五の八、第百五十六条の十五、第百五十六条の二十の十二、第百五十六条の三十四、第百五十六条の八十、第百五十六条の八十九、第百八十五条の五又は第百八十七条第一項第四号の規定による検査を拒み、妨げ、又は忌避した者 （以下、略） 第二百七条　法人（法人でない団体で代表者又は管理人の定めのあるものを含む。以下この項及び次項において同じ。）の代表者又は法人若しくは人の代理人、使用人その他の従業者が、その法人又は人の業務又は財産に関し、次の各号に掲げる規定の違反行為をしたときは、その行為者を罰するほか、その法人に対して当該各号に定める罰金刑を、その人に対して各本条の罰金刑を科する。 一～三　（略） 四　第百九十八条の六（第八号、第九号、第十二号、第十三号及び第十五号を除く。）又は第百九十九条　二億円以下の罰金刑 （以下、略）
2018-08-15,株式会社シーズメン,,株式会社シーズメンとの契約締結交渉者２名からそれぞれ伝達を受けた者２名による内部者取引及び当該契約締結交渉者２名による重要事実に係る伝達行為に対する課徴金納付命令の勧告について,https://www.fsa.go.jp/sesc/news/c_2019/2019/20191119-1.html,"English version 令和元年11月19日 証券取引等監視委員会 株式会社シーズメンとの契約締結交渉者２名からそれぞれ伝達を受けた者２名による内部者取引及び当該契約締結交渉者２名による重要事実に係る伝達行為に対する課徴金納付命令の勧告について １．勧告の内容 証券取引等監視委員会は、株式会社シーズメンとの契約締結交渉者２名からそれぞれ伝達を受けた者２名による内部者取引及び当該契約締結交渉者２名による重要事実に係る伝達行為について検査した結果、下記のとおり法令違反の事実が認められたので、本日、内閣総理大臣及び金融庁長官に対して、金融庁設置法第２０条第１項の規定に基づき、課徴金納付命令を発出するよう勧告を行った。 ２．法令違反の事実関係 （１）課徴金納付命令対象者（１）について 課徴金納付命令対象者（１）は、株式会社シーズメン（以下「シーズメン」という。）と、同社が新たに発行する株式の総数引受契約の締結交渉をしていた課徴金納付命令対象者（２）から、同人が契約締結交渉に関し知った、シーズメンの業務執行を決定する機関が同社の発行する株式を引き受ける者の募集を行うことについての決定をした旨の重要事実の伝達を受けながら、前記重要事実の公表がされた平成３０年８月１５日より前の、同月３日から９日までの間に、自己の計算において、シーズメン株式合計７４００株を買付価額合計４９８万７６００円で買い付けたものである。 違反行為事実の概要については、 別図 のとおり。 課徴金納付命令対象者（１）が行った上記の行為は、金融商品取引法第１７５条第１項に規定する「第１６６条第１項又は第３項の規定に違反して、同条第１項に規定する売買等をした」行為に該当すると認められる。 （２）課徴金納付命令対象者（２）について 課徴金納付命令対象者（２）は、同人が、シーズメンとの、同社が新たに発行する株式の総数引受契約の締結交渉に関し知った、シーズメンの業務執行を決定する機関が同社の発行する株式を引き受ける者の募集を行うことについての決定をした旨の重要事実を、課徴金納付命令対象者（１）に対し、前記重要事実の公表がされる前に、シーズメン株式の買付けをさせることにより、同人に利益を得させる目的をもって、伝達したものである。 課徴金納付命令対象者（１）は、前記重要事実が公表された平成３０年８月１５日より前の、同月３日から９日までの間に、シーズメン株式合計７４００株を買付価額合計４９８万７６００円で買い付けたものである。 違反行為事実の概要については、 別図 のとおり。 課徴金納付命令対象者（２）が行った上記の行為は、金融商品取引法第１７５条の２第１項に規定する「第１６７条の２第１項の規定に違反して、同項の伝達をし、又は同項の売買等をすることを勧める」行為に該当すると認められる。 （３）課徴金納付命令対象者（３）について 課徴金納付命令対象者（３）は、シーズメンと、同社が新たに発行する株式の総数引受契約の締結交渉をしていた課徴金納付命令対象者（４）から、同人が契約締結交渉に関し知った、シーズメンの業務執行を決定する機関が、同社の発行する株式を引き受ける者の募集を行うことについての決定をした旨の重要事実の伝達を受けながら、前記重要事実の公表がされた平成３０年８月１５日より前の、同年７月３０日、自己の計算において、シーズメン株式合計１万２０００株を買付価額合計８５３万８１００円で買い付けたものである。 違反行為事実の概要については、 別図 のとおり。 課徴金納付命令対象者（３）が行った上記の行為は、金融商品取引法第１７５条第１項に規定する「第１６６条第１項又は第３項の規定に違反して、同条第１項に規定する売買等をした」行為に該当すると認められる。 （４）課徴金納付命令対象者（４）について 課徴金納付命令対象者（４）は、同人が、シーズメンとの、同社が新たに発行する株式の総数引受契約の締結交渉に関し知った、シーズメンの業務執行を決定する機関が、同社の発行する株式を引き受ける者の募集を行うことについての決定をした旨の重要事実の伝達を、課徴金納付命令対象者（３）に対し、前記重要事実の公表がされる前にシーズメン株式の買付けをさせることにより、同人に利益を得させる目的をもって、伝達したものである。 課徴金納付命令対象者（３）は、前記重要事実の公表がされた平成３０年８月１５日より前の、同年７月３０日、シーズメン株式合計１万２０００株を買付価額合計８５３万８１００円で買い付けたものである。 違反行為事実の概要については、 別図 のとおり。 課徴金納付命令対象者（４）が行った上記の行為は、金融商品取引法第１７５条の２第１項に規定する「第１６７条の２第１項の規定に違反して、同項の伝達をし、又は同項の売買等をすることを勧める」行為に該当すると認められる。 ３．課徴金の額の計算 上記の違反行為に対し、金融商品取引法に基づき納付を命じられる課徴金の額は、下記のとおりである。 課徴金納付命令対象者（１）１８５万円 課徴金納付命令対象者（２）　９２万円 課徴金納付命令対象者（３）２５４万円 課徴金納付命令対象者（４）１２７万円 計算方法の詳細については、 別紙 のとおり。 ４．その他 本件については、日本取引所自主規制法人より提供された情報も参考として、実態解明を行ったものである。 （別図） ○違反行為事実の概要について （クリックすると拡大されます） （別紙） 〇課徴金の額の計算について １．課徴金納付命令対象者（１）について 金融商品取引法第１７５条第１項第２号の規定により、当該有価証券の買付けについて、業務等に関する重要事実の公表がされた後２週間における最も高い価格（924円）に当該有価証券の買付けの数量を乗じて得た額から当該有価証券の買付けをした価格にその数量を乗じて得た額を控除した額。 （924円×7,400株） －（665円×500株＋668円×700株＋669円×1,000株＋670円×1,000株 ＋671円×100株＋672円×100株＋673円×500株＋674円×600株 ＋675円×500株＋677円×500株＋679円×300株＋680円×300株 ＋683円×300株＋684円×300株＋685円×700株） ＝1,850,000円 ２．課徴金納付命令対象者（２）について （１）金融商品取引法第１７５条の２第１項第３号の規定により、当該違反行為により当該情報受領者等が行った当該買付けによって得た利得相当額に２分の１を乗じて得た額。 利得相当額とは、同条第３項第２号の規定により、情報受領者等が特定有価証券等の買付けをした場合、当該特定有価証券等の買付けについて、業務等に関する重要事実の公表がされた後２週間における最も高い価格（924円）に当該特定有価証券等の買付けの数量を乗じて得た額から当該特定有価証券等の買付けをした価格にその数量を乗じて得た額を控除した額。 ｛（924円×7,400株） －（665円×500株＋668円×700株＋669円×1,000株＋670円×1,000株 ＋671円×100株＋672円×100株＋673円×500株＋674円×600株 ＋675円×500株＋677円×500株＋679円×300株＋680円×300株 ＋683円×300株＋684円×300株＋685円×700株）｝×1／2 ＝925,000円 （２） 金融商品取引法第１７６条第２項の規定により、上記（１）で計算した額の１万円未満の端数を切捨て。 3．課徴金納付命令対象者（3）について （１）金融商品取引法第１７５条第１項第２号の規定により、当該有価証券の買付けについて、業務等に関する重要事実の公表がされた後２週間における最も高い価格（924円）に当該有価証券の買付けの数量を乗じて得た額から当該有価証券の買付けをした価格にその数量を乗じて得た額を控除した額。 （924円×12,000株） －（681円×300株＋683円×200株＋689円×100株＋690円×100株＋691円×100株＋709円×100株＋710円×100株＋711円×1,900株＋714円×9,100株） ＝2,549,900円 （２） 金融商品取引法第１７６条第２項の規定により、上記（１）で計算した額の１万円未満の端数を切捨て。 4．課徴金納付命令対象者（4）について （１） 金融商品取引法第１７５条の２第１項第３号の規定により、当該違反行為により当該情報受領者等が行った当該買付けによって得た利得相当額に２分の１を乗じて得た額。 利得相当額とは、同条第３項第２号の規定により、情報受領者等が特定有価証券等の買付けをした場合、当該特定有価証券等の買付けについて、業務等に関する重要事実の公表がされた後２週間における最も高い価格（924円）に当該特定有価証券等の買付けの数量を乗じて得た額から当該特定有価証券等の買付けをした価格にその数量を乗じて得た額を控除した額。 ｛（924円×12,000株） －（681円×300株＋683円×200株＋689円×100株＋690円×100株＋691円×100株＋709円×100株＋710円×100株＋711円×1,900株＋714円×9,100株）｝×1／2 ＝1,274,950円 （２） 金融商品取引法第１７６条第２項の規定により、上記（１）で計算した額の１万円未満の端数を切捨て。"
2018-10-26,株式会社日本ハウスホールディングス社員による内部者取引,,株式会社日本ハウスホールディングス社員による内部者取引に対する課徴金納付命令の勧告について,https://www.fsa.go.jp/sesc/news/c_2019/2019/20191206-1.html,"English version 令和元年12月6日 証券取引等監視委員会 株式会社日本ハウスホールディングス社員による内部者取引に対する課徴金納付命令の勧告について １．勧告の内容 証券取引等監視委員会は、株式会社日本ハウスホールディングス社員による内部者取引について検査した結果、下記のとおり法令違反の事実が認められたので、本日、内閣総理大臣及び金融庁長官に対して、金融庁設置法第２０条第１項の規定に基づき、課徴金納付命令を発出するよう勧告を行った。 ２．法令違反の事実関係 （１）課徴金納付命令対象者（１）について 課徴金納付命令対象者（１）は、株式会社日本ハウスホールディングス（以下「日本ハウス」という。）の社員であったが、その職務に関し、日本ハウスのマンション事業部が値引き販売を隠蔽し、売上高を過大に計上していたことが判明した旨の同社の運営、業務又は財産に関する重要な事実であって投資者の投資判断に著しい影響を及ぼす事実を知りながら、上記重要事実の公表がされた平成３０年１０月２６日より前の同月１８日に、自己の計算において、日本ハウス株式合計２万２０００株を売付価額合計１３７９万４３００円で売り付けたものである。 （２）課徴金納付命令対象者（２）について 課徴金納付命令対象者（２）は、日本ハウスの社員であるが、その職務に関し、日本ハウスのマンション事業部が値引き販売を隠蔽し、売上高を過大に計上していたことが判明した旨の同社の運営、業務又は財産に関する重要な事実であって投資者の投資判断に著しい影響を及ぼす事実を知りながら、上記重要事実の公表がされた平成３０年１０月２６日より前の同月２３日に、自己の計算において、日本ハウス株式合計３０００株を売付価額合計１８６万３０００円で売り付けたものである。 各違反行為事実の概要については、 別図 のとおり。 課徴金納付命令対象者（１）及び（２）が行った上記の各行為は、金融商品取引法第１７５条第１項に規定する「第１６６条第１項又は第３項の規定に違反して、同条第１項に規定する売買等をした」行為に該当すると認められる。 ３．課徴金の額の計算 上記の各違反行為に対し、金融商品取引法に基づき納付を命じられる課徴金の額は、下記のとおりである。 課徴金納付命令対象者（１）２８３万円 課徴金納付命令対象者（２） ３６万円 計算方法の詳細については、 別紙 のとおり。 ４．その他 本件については、日本取引所自主規制法人より提供された情報も参考として、実態解明を行ったものである。 （別図） ○違反行為事実の概要について （クリックすると拡大されます） （別紙） 〇課徴金の額の計算について １．課徴金納付命令対象者（１）について （１）金融商品取引法第１７５条第１項第１号の規定により、当該有価証券の売付けについて、当該有価証券の売付けをした価格にその数量を乗じて得た額から業務等に関する重要事実の公表がされた後２週間における最も低い価格（498円）に当該有価証券の売付けの数量を乗じて得た額を控除した額。 （627円×21,700株＋628円×300株）－（498円×22,000株） ＝2,838,300円 （２） 金融商品取引法第１７６条第２項の規定により、上記（１）で計算した額の１万円未満の端数を切捨て。 ２．課徴金納付命令対象者（２）について （１）金融商品取引法第１７５条第１項第１号の規定により、当該有価証券の売付けについて、当該有価証券の売付けをした価格にその数量を乗じて得た額から業務等に関する重要事実の公表がされた後２週間における最も低い価格（498円）に当該有価証券の売付けの数量を乗じて得た額を控除した額。 （621円×3,000株）－（498円×3,000株） ＝369,000円 （２） 金融商品取引法第１７６条第２項の規定により、上記（１）で計算した額の１万円未満の端数を切捨て。"
2017-08-30,石垣食品株式会社,,石垣食品株式外１銘柄に係る相場操縦に対する課徴金納付命令の勧告について,https://www.fsa.go.jp/sesc/news/c_2019/2019/20191108-1.html,"English version 令和元年１１月８日 証券取引等監視委員会 石垣食品株式外１銘柄に係る相場操縦に対する課徴金納付命令の勧告について １．勧告の内容 証券取引等監視委員会は、石垣食品株式外１銘柄に係る相場操縦について検査した結果、下記のとおり法令違反の事実が認められたので、本日、内閣総理大臣及び金融庁長官に対して、金融庁設置法第２０条第１項の規定に基づき、課徴金納付命令を発出するよう勧告を行った。 ２．法令違反の事実関係 課徴金納付命令対象者は、 (1) 石垣食品株式会社（以下「石垣食品」という。）の株式につき、同株式の売買を誘引する目的をもって、別表記載のとおり、平成２９年８月３０日午前８時４分頃から同月３１日午前１０時３分頃までの間、２取引日にわたり、下値買い注文を大量に発注した上で、直前の約定値より高指値の買い注文を発注して買い付けることにより株価を繰り返し引き上げるなどの方法により、同株式合計１０万５１００株の買付けの委託を行うとともに、同株式合計９万３３００株を買い付ける一方、同株式合計１０万１７００株を売り付け、 (2) 株式会社グローバルダイニング（以下「グローバルダイニング」という。）の株式につき、同株式の売買を誘引する目的をもって、別表記載のとおり、平成２９年１０月２３日午後１時４９分頃から同日午後２時５８分頃までの間、前記同様の方法により、同株式合計３万７９００株の買付けの委託を行うとともに、同株式合計９万４６００株を買い付ける一方、同株式合計７万２００株を売り付け、 もって、自己の計算において、石垣食品及びグローバルダイニングの各株式の売買が繁盛であると誤解させ、かつ、前記各株式の相場を変動させるべき一連の売買及び委託をしたものである。 違反行為事実の概要については、 別図 のとおり。 課徴金納付命令対象者が行った上記の各行為は、金融商品取引法第１７４条の２第１項に規定する「第１５９条第２項第１号の規定に違反する一連の有価証券売買等」に該当すると認められる。 ３．課徴金の額の計算 上記の違反行為に対し金融商品取引法に基づき納付を命じられる課徴金の額は、４７０万円である。 計算方法の詳細については、 別紙１ 及び 別紙２ のとおり。 ４．その他 本件については、日本取引所自主規制法人より提供された情報も参考として、実態解明を行ったものである。 （別表） ○違反行為状況 （クリックすると拡大されます） （別図） ○違反行為事実の概要について （クリックすると拡大されます） （別紙１） ○課徴金の額の計算方法について 別表 の各違反行為に係る課徴金の額の計算の基礎は以下のとおりである。 １．金融商品取引法第１７４条の２第１項の規定により、当該違反行為に係る課徴金の額は、 (1) 当該違反行為に係る有価証券の売買対当数量に係るものについて、自己の計算による当該有価証券の売付け等の価額から、自己の計算による当該有価証券の買付け等の価額を控除した額 及び (2) 当該違反行為に係る自己の計算による有価証券の売付け等又は買付け等の数量が、当該違反行為に係る自己の計算による有価証券の買付け等又は売付け等の数量を超える場合、当該超える数量に係る有価証券の売付け等の価額から当該違反行為が終了してから１月を経過するまでの間の各日における当該違反行為に係る有価証券の買付け等についての金融商品取引法第６７条の１９又は第１３０条に規定する最低の価格のうち最も低い価格に当該超える数量を乗じて得た額を控除した額、又は当該違反行為が終了してから１月を経過するまでの間の各日における当該違反行為に係る有価証券の売付け等についての金融商品取引法第６７条の１９又は第１３０条に規定する最高の価格のうち最も高い価格に当該超える数量を乗じて得た額から当該超える数量に係る有価証券の買付け等の価額を控除した額 の合計額として算定。 ２．上記１．で算定された課徴金の額につき、金融商品取引法第１７６条第２項の規定により１万円未満の端数を切り捨てて算定。 ３．上記２．によりそれぞれ算定した額を合計し、課徴金の額とする。 以上につき、 別紙２ のとおり。 （別紙２） 別表 に掲げる事実につき １．石垣食品株式に係る取引について (1) 当該違反行為に係る自己の計算による有価証券の売付け等の数量は、101,700株であり、当該違反行為に係る自己の計算による有価証券の買付け等の数量は、実際の買付け等の数量93,300株に、金融商品取引法第１７４条の２第８項及び金融商品取引法施行令第３３条の１３第１号の規定により、違反行為の開始時にその時における価格（173円）で買付け等を自己の計算においてしたものとみなされる当該違反行為の開始時に所有している有価証券の数量8,400株を加えた101,700株であることから、 ア．当該違反行為に係る有価証券の売買対当数量（101,700株）に係るものについて、自己の計算による当該有価証券の売付け等の価額から、自己の計算による当該有価証券の買付け等の価額を控除した額 （177円×100株＋178円×5,300株＋181円×6,500株＋182円×1,500株 ＋183円×7,500株＋184円×12,700株＋185円×3,300株＋186円×600株 ＋200円×44,200株＋201円×3,000株＋202円×1,000株＋204円×6,000株 ＋205円×3,900株＋206円×600株＋207円×4,500株＋211円×1,000株） －（173円×9,700株＋174円×1,100株＋175円×2,900株＋176円×6,500株 ＋177円×3,400株＋178円×6,800株＋179円×16,100株＋180円×11,100株 ＋181円×12,000株＋182円×20,100株＋183円×800株＋184円×3,100株 ＋185円×4,800株＋186円×3,200株＋187円×100株） ＝ 1,514,600円 及び イ．当該超える数量が0株であることから、0円 の合計額1,514,600円となる。 (2) 金融商品取引法第１７６条第２項の規定により、上記(1)で計算した額の１万円未満の端数を切捨て、1,510,000円となる。 ２．グローバルダイニング株式に係る取引について (1) 当該違反行為に係る自己の計算による有価証券の売付け等の数量は、70,200株であり、当該違反行為に係る自己の計算による有価証券の買付け等の数量は、実際の買付け等の数量94,600株に、金融商品取引法第１７４条の２第８項及び金融商品取引法施行令第３３条の１３第１号の規定により、違反行為の開始時にその時における価格（278円）で買付け等を自己の計算においてしたものとみなされる当該違反行為の開始時に所有している有価証券の数量28,900株を加えた123,500株であることから、 ア．当該違反行為に係る有価証券の売買対当数量（70,200株）に係るものについて、自己の計算による当該有価証券の売付け等の価額から、自己の計算による当該有価証券の買付け等の価額を控除した額 （286円×1,000株＋287円×8,200株＋288円×1,600株＋289円×3,100株 ＋291円×1,400株＋292円×1,600株＋294円×1,100株＋295円×3,900株 ＋296円×2,000株＋297円×600株＋298円×2,400株＋300円×4,500株 ＋301円×500株＋302円×3,000株＋304円×1,000株＋307円×1,100株 ＋308円×4,900株＋309円×2,600株＋310円×8,200株＋311円×800株 ＋312円×2,000株＋314円×600株＋315円×5,400株＋316円×3,100株 ＋318円×2,400株＋319円×600株＋320円×2,600株） －（278円×28,900株＋289円×400株＋290円×2,200株＋291円×1,600株 ＋292円×1,200株＋293円×1,100株＋294円×1,800株＋295円×3,100株 ＋296円×1,800株＋297円×2,100株＋298円×2,900株＋299円×1,900株 ＋300円×3,100株＋301円×900株＋302円×3,400株＋303円×1,500株 ＋304円×100株＋305円×4,000株＋306円×2,600株＋307円×2,200株 ＋308円×3,200株＋309円×200株） ＝ 851,600円 及び イ．当該違反行為に係る自己の計算による有価証券の買付け等の数量（123,500株）が、当該違反行為に係る自己の計算による有価証券の売付け等の数量（70,200株）を超えていることから、当該違反行為が終了してから１月を経過するまでの間の各日における当該違反行為に係る有価証券の売付け等についての金融商品取引法第６７条の１９又は第１３０条に規定する最高の価格のうち最も高い価格（350円）に当該超える数量53,300株（買付け等の数量123,500株－売付け等の数量70,200株）を乗じて得た額から、当該超える数量に係る有価証券の買付け等の価額を控除した額 （350円×53,300株） －（300円×10,000株＋301円×5,800株＋302円×100株＋303円×8,000株 ＋304円×7,400株＋305円×500株＋306円×900株＋307円×700株 ＋308円×2,300株＋309円×400株＋310円×1,900株＋311円×400株 ＋312円×4,300株＋313円×700株＋314円×7,300株＋315円×1,700株 ＋316円×600株＋317円×300株） ＝ 2,344,100円 の合計額3,195,700円となる。 (2) 金融商品取引法第１７６条第２項の規定により、上記(1)で計算した額の１万円未満の端数を切捨て、3,190,000円となる。 ３．上記、１．ないし２．により算定した額の合計 1,510,000円＋3,190,000円 ＝4,700,000円となる。"
令和元年10月23日　「開示検査事例集」の公表について,,,「開示検査事例集」の公表について,https://www.fsa.go.jp/sesc/jirei/kaiji/20191023-2.html,"令和元年10月23日 証券取引等監視委員会 「開示検査事例集」の公表について 証券取引等監視委員会は、「開示検査事例集」を、 別紙 （PDF:5,042KB） のとおり取りまとめましたので、公表します。 「開示検査事例集」は、適正な情報開示に向けた市場関係者の自主的な取組みを促す観点から、証券取引等監視委員会による開示検査の最近の取組みや開示検査によって判明した開示規制違反の内容、その背景・原因及び是正策等の概要を取りまとめたものです。 今般公表しました今年度版の「開示検査事例集」は、昨年度版に最近の開示検査事例を追加し、課徴金納付命令勧告を行った事例だけでなく、勧告は行わないものの、開示規制違反の背景・原因を追究した上でその再発防止策を会社と共有した事例、会社に対して訂正報告書等の自発的な提出を促した事例等、さまざまな事例を積極的にご紹介するとともに、市場関係者への皆様へのメッセージでも掲載しております。また、今年度版より監視委コラムを増設し、最近の検査事例を通じてクローズアップされた不正会計の実態等について解説しております。 この事例集を通じて、上場会社、会計監査人、投資家の皆さんの、開示規制違反の手法、背景・原因等についての理解を深めていただくことで、上場会社とその会計監査人である公認会計士・監査法人とのコミュニケーションや投資家の皆さんと投資先である上場会社との対話がますます活発に行われることを期待しています。 過去の課徴金事例集はこちら"
令和元年10月17日　IFP,IFP Tokyo株式会社,,IFP Tokyo株式会社及びその役員１名による金融商品取引法違反行為に係る裁判所の禁止及び停止命令の発令について,https://www.fsa.go.jp/sesc/news/c_2019/2019/20191017-1.html,English version 令和元年10月17日 証券取引等監視委員会 IFP Tokyo株式会社及びその役員１名による金融商品取引法違反行為に係る裁判所の禁止及び停止命令の発令について 証券取引等監視委員会が、令和元年７月30日に行ったIFP Tokyo株式会社（東京都港区、法人番号8010001174066、資本金300万円、金融商品取引業の登録等はない。以下「当社」という。）及び当社代表に対する金融商品取引法違反行為（無登録で、金融商品取引法第２条第２項第５号又は第６号に掲げる権利について、募集又は私募の取扱いを業として行うこと）の禁止及び停止を命ずるよう求める申立てについて、本日、東京地方裁判所より、申立ての内容どおり、下記の命令が下された。 記 被申立人らは、いずれも、金融商品取引法（昭和23年法律第25号）第29条に規定する登録（業務の種別を第二種金融商品取引業とするものに限る。）その他同法所定の適式の登録を受けずに、同法第２条第２項第５号又は第６号に掲げる権利について、募集又は私募の取扱いを業として行ってはならない。 （参考） IFP Tokyo株式会社及びその役員１名による金融商品取引法違反行為に係る裁判所への禁止及び停止命令発出の申立てについて
令和元年11月1日,株式会社パルマ株券,,株式会社パルマ株券に係る内部者取引事件の告発について,https://www.fsa.go.jp/sesc/news/c_2019/2019/20191101-1.html,English version 令和元年１１月１日 証券取引等監視委員会 株式会社パルマ株券に係る内部者取引事件の告発について 証券取引等監視委員会は、本日、金融商品取引法違反（内部者取引、情報伝達）の嫌疑で、嫌疑者２名を東京地方検察庁に告発した。告発の対象となった犯則事実については下記のとおり。 １．告発の対象となった犯則事実 犯則嫌疑者Ａは、東京証券取引所マザーズ市場に株券を上場していた株式会社パルマ（以下「パルマ」という。）の管理部次長を務めていたもの、犯則嫌疑者Ｂは、Ａの知人であるが、 第１　Ａは、平成２９年１２月中旬頃、その職務に関し、パルマにおいてその発行する株式を引き受ける者の募集を行うことについての決定をした旨の重要事実を知り、あらかじめパルマの株券を買い付けさせて利益を得させる目的をもって、同重要事実の公表前である同月下旬頃、Ｂに対し、同重要事実を伝達したものであり、これにより同人が、法定の除外事由がないのに、同重要事実の公表前である平成３０年１月上旬から同年４月中旬までの間、証券会社を介し、東京証券取引所において、自己名義及び他人名義で、パルマの株券合計３０００株を代金合計約１１００万円で買い付け 第２　Ｂは、平成２９年１２月下旬頃、Ａから、前記重要事実の伝達を受け、法定の除外事由がないのに、同重要事実の公表前である平成３０年１月上旬から同年４月中旬までの間、証券会社を介し、前記東京証券取引所において、自己名義及び他人名義で、パルマの株券合計３０００株を代金合計約１１００万円で買い付け たものである。 ２．関連条文 金融商品取引法 第１　同法１９７条の２第１４号、１６７条の２第１項 第２　同法１９７条の２第１３号、１６６条３項、１項１号、２項１号イ 法定刑：５年以下の懲役若しくは５００万円以下の罰金又はこれを併科
2018-01-01,株式会社小僧寿し,,株式会社小僧寿しの従業者による内部者取引に対する課徴金納付命令の勧告について,https://www.fsa.go.jp/sesc/news/c_2019/2019/20191011-1.html,"English version 令和元年10月11日 証券取引等監視委員会 株式会社小僧寿しの従業者による内部者取引に対する課徴金納付命令の勧告について １．勧告の内容 証券取引等監視委員会は、株式会社小僧寿しの従業者による内部者取引について検査した結果、下記のとおり法令違反の事実が認められたので、本日、内閣総理大臣及び金融庁長官に対して、金融庁設置法第２０条第１項の規定に基づき、課徴金納付命令を発出するよう勧告を行った。 ２．法令違反の事実関係 課徴金納付命令対象者は、株式会社小僧寿し（以下「小僧寿し」という。）の業務に従事していた者であるが、その職務に関し、同社の属する企業集団の平成３０年１月１日から同年１２月３１日までの事業年度の経常利益及び親会社株主に帰属する当期純利益（以下「当期純利益」という。）について、同年１１月１４日に公表がされた直近の予想値（経常利益１５００万円、当期純利益１５００万円）に比較して、同社が新たに算出した予想値において、投資者の投資判断に及ぼす影響が重要なものとなる差異が生じた旨の重要事実を知りながら、同社において新たに算出した同事業年度の予想値（経常損失５億１０００万円、親会社株主に帰属する当期純損失１５億２２００万円）の公表がされた平成３１年１月１１日より前の平成３０年１２月１７日から平成３１年１月１０日までの間、自己の計算において、小僧寿し株式合計２１２万４９００株を売付価額合計１億５８６万３８００円で売り付けたものである。 違反行為事実の概要については、 別図 のとおり。 課徴金納付命令対象者が行った上記の行為は、金融商品取引法第１７５条第１項に規定する「第１６６条第１項又は第３項の規定に違反して、同条第１項に規定する売買等をした」行為に該当すると認められる。 ３．課徴金の額の計算 上記の違反行為に対し、金融商品取引法に基づき納付を命じられる課徴金の額は、１４４９万円である。 計算方法の詳細については、 別紙 のとおり。 （別図） ○違反行為事実の概要について （クリックすると拡大されます） （別紙） 〇課徴金の額の計算について (1) 金融商品取引法第１７５条第１項第１号の規定により、当該有価証券の売付けについて、当該有価証券の売付けをした価格にその数量を乗じて得た額から業務等に関する重要事実の公表がされた後２週間における最も低い価格（43円）に当該有価証券の売付けの数量を乗じて得た額を控除した額。 (44円×80,300株＋45円×469,500株＋46円×159,500株＋47円×247,500株 ＋48円×128,100株＋49円×207,300株＋50円×183,700株＋51円×79,000株 ＋52円×86,900株＋53円×71,900株＋54円×95,800株＋55円×65,400株 ＋62円×136,600株＋63円×113,400株） －（43円×2,124,900株） ＝14,493,100円 (2) 金融商品取引法第１７６条第２項の規定により、上記(1)で計算した額の１万円未満の端数を切捨て。"
2014-10-31,株式会社明豊エンタープライズ,8927,株式会社明豊エンタープライズにおける有価証券報告書等の虚偽記載に係る課徴金納付命令勧告について,https://www.fsa.go.jp/sesc/news/c_2019/2019/20191023-1.html,"English version 令和元年10月23日 証券取引等監視委員会 株式会社明豊エンタープライズにおける有価証券報告書等の虚偽記載に係る課徴金納付命令勧告について １．勧告の内容 証券取引等監視委員会は、株式会社明豊エンタープライズ（法人番号1013201016399）（以下「当社」という。）における有価証券報告書等の虚偽記載について検査した結果、以下のとおり法令違反の事実が認められたので、本日、内閣総理大臣及び金融庁長官に対して、金融庁設置法第20条第１項の規定に基づき、課徴金納付命令を発出するよう勧告を行った。 ２．法令違反の事実関係 当社は、中国における住宅開発事業から発生した長期未収入金及び長期貸付金に係る貸倒引当金の過少計上といった不適正な会計処理を行った。 この結果、当社は、関東財務局長に対し、金融商品取引法第172条の４第１項及び第２項に規定する「重要な事項につき虚偽の記載」がある以下の有価証券報告書等を提出したものである（「重要な事項につき虚偽の記載」の内容は別紙１のとおり。）。 ・平成26年７月期有価証券報告書（平成26年10月31日提出） ・平成26年10月第１四半期四半期報告書（平成26年12月15日提出） ・平成27年１月第２四半期四半期報告書（平成27年３月16日提出） ・平成27年４月第３四半期四半期報告書（平成27年６月12日提出） ・平成27年７月期有価証券報告書（平成27年10月30日提出） ・平成27年10月第１四半期四半期報告書（平成27年12月15日提出） ・平成28年１月第２四半期四半期報告書（平成28年３月15日提出） ・平成28年４月第３四半期四半期報告書（平成28年６月14日提出） ・平成28年７月期有価証券報告書（平成28年10月28日提出） ・平成28年10月第１四半期四半期報告書（平成28年12月15日提出） ・平成29年１月第２四半期四半期報告書（平成29年３月16日提出） ・平成29年４月第３四半期四半期報告書（平成29年６月14日提出） ・平成29年７月期有価証券報告書（平成29年10月30日提出） ３．課徴金の額の計算 上記の違法行為について金融商品取引法に基づき算定される課徴金の額は、2,400万円である（計算方法については別紙２のとおり。）。 【別紙１】株式会社明豊エンタープライズに係る有価証券報告書等の虚偽記載内容 番号 開示書類 虚偽記載 提出日 書類 会計期間 財務計算に関する書類 内容（注） 主な事由 １ 平成26年10月31日 第46期（平成25年８月１日～平成26年７月31日）に係る有価証券報告書 平成25年８月１日～平成26年７月31日の連結会計期間 連結 貸借対照表 連結純資産額が1,053百万円であるところを1,735百万円と記載 ・貸倒引当金の過少計上 ２ 平成26年12月15日 第47期第１四半期（平成26年８月１日～平成26年10月31日）に係る四半期報告書 平成26年８月１日～平成26年10月31日の第１四半期連結会計期間 四半期連結貸借対照表 連結純資産額が988百万円であるところを1,670百万円と記載 ・貸倒引当金の過少計上 ３ 平成27年３月16日 第47期第２四半期（平成26年11月１日～平成27年１月31日）に係る四半期報告書 平成26年11月１日～平成27年１月31日の第２四半期連結会計期間 四半期連結貸借対照表 連結純資産額が1,119百万円であるところを1,801百万円と記載 ・貸倒引当金の過少計上 ４ 平成27年６月12日 第47期第３四半期（平成27年２月１日～平成27年４月30日）に係る四半期報告書 平成27年２月１日～平成27年４月30日の第３四半期連結会計期間 四半期連結貸借対照表 連結純資産額が1,118百万円であるところを1,799百万円と記載 ・貸倒引当金の過少計上 ５ 平成27年10月30日 第47期（平成26年８月１日～平成27年７月31日）に係る有価証券報告書 平成26年８月１日～平成27年７月31日の連結会計期間 連結 貸借対照表 連結純資産額が1,310百万円であるところを1,982百万円と記載 ・貸倒引当金の過少計上 ６ 平成27年12月15日 第48期第１四半期（平成27年８月１日～平成27年10月31日）に係る四半期報告書 平成27年８月１日～平成27年10月31日の第１四半期連結会計期間 四半期連結貸借対照表 連結純資産額が1,183百万円であるところを1,855百万円と記載 ・貸倒引当金の過少計上 ７ 平成28年３月15日 第48期第２四半期（平成27年11月１日～平成28年１月31日）に係る四半期報告書 平成27年11月１日～平成28年１月31日の第２四半期連結会計期間 四半期連結貸借対照表 連結純資産額が1,103百万円であるところを1,775百万円と記載 ・貸倒引当金の過少計上 ８ 平成28年６月14日 第48期第３四半期（平成28年２月１日～平成28年４月30日）に係る四半期報告書 平成28年２月１日～平成28年４月30日の第３四半期連結会計期間 四半期連結貸借対照表 連結純資産額が1,563百万円であるところを2,196百万円と記載 ・貸倒引当金の過少計上 ９ 平成28年10月28日 第48期（平成27年８月１日～平成28年７月31日）に係る有価証券報告書 平成27年８月１日～平成28年７月31日の連結会計期間 連結 貸借対照表 連結純資産額が1,704百万円であるところを2,292百万円と記載 ・貸倒引当金の過少計上 10 平成28年12月15日 第49期第１四半期（平成28年８月１日～平成28年10月31日）に係る四半期報告書 平成28年８月１日～平成28年10月31日の第１四半期連結会計期間 四半期連結貸借対照表 連結純資産額が1,750百万円であるところを2,330百万円と記載 ・貸倒引当金の過少計上 11 平成29年３月16日 第49期第２四半期（平成28年11月１日～平成29年１月31日）に係る四半期報告書 平成28年11月１日～平成29年１月31日の第２四半期連結会計期間 四半期連結貸借対照表 連結純資産額が1,903百万円であるところを2,482百万円と記載 ・貸倒引当金の過少計上 12 平成29年６月14日 第49期第３四半期（平成29年２月１日～平成29年４月30日）に係る四半期報告書 平成29年２月１日～平成29年４月30日の第３四半期連結会計期間 四半期連結貸借対照表 連結純資産額が2,029百万円であるところを2,609百万円と記載 ・貸倒引当金の過少計上 13 平成29年10月30日 第49期（平成28年８月１日～平成29年７月31日）に係る有価証券報告書 平成28年８月１日～平成29年７月31日の連結会計期間 連結 貸借対照表 連結純資産額が2,464百万円であるところを3,043百万円と記載 ・貸倒引当金の過少計上 （注）金額は百万円未満切捨てである。 【別紙２】課徴金の計算方法 （１）　金融商品取引法第172条の４第１項の規定により、平成26年７月期有価証券報告書について算出した額は、当社が発行する算定基準有価証券の市場価額の総額に10万分の６を乗じて得た額191,774円が6,000,000円を超えないことから、6,000,000円となる。 （２）　金融商品取引法第172条の４第１項及び第２項の規定により、平成26年10月第１四半期四半期報告書、平成27年１月第２四半期四半期報告書、平成27年４月第３四半期四半期報告書及び平成27年７月期有価証券報告書ごとに算出した額（以下(２)において「個別決定ごとの算出額」という。）は、 ア　当社が発行する算定基準有価証券の市場価額の総額に10万分の６を乗じて得た下記の額 平成26年10月第１四半期四半期報告書　　　167,741円 平成27年１月第２四半期四半期報告書　　　 175,826円 平成27年４月第３四半期四半期報告書　　　 197,276円 平成27年７月期有価証券報告書　　　　　　 184,097円 が、いずれも イ　6,000,000円 を超えないことから、 ・平成26年10月第１四半期四半期報告書については、6,000,000円の２分の１に相当する額である3,000,000円、 ・平成27年１月第２四半期四半期報告書については、6,000,000円の２分の１に相当する額である3,000,000円、 ・平成27年４月第３四半期四半期報告書については、6,000,000円の２分の１に相当する額である3,000,000円、 ・平成27年７月期有価証券報告書については、6,000,000円、 となる。 ここで、これらの開示書類が同一の事業年度に係るものであることから、金融商品取引法第185条の７第６項の規定により、6,000,000円を個別決定ごとの算出額に応じて按分した金額が、これらの開示書類に係る課徴金の額となる。 ・平成26年10月第１四半期四半期報告書に係る課徴金の額は、1,200,000円 ・平成27年１月第２四半期四半期報告書に係る課徴金の額は、1,200,000円 ・平成27年４月第３四半期四半期報告書に係る課徴金の額は、1,200,000円 ・平成27年７月期有価証券報告書に係る課徴金の額は、2,400,000円 （３）　金融商品取引法第172条の４第１項及び第２項の規定により、平成27年10月第１四半期四半期報告書、平成28年１月第２四半期四半期報告書、平成28年４月第３四半期四半期報告書及び平成28年７月期有価証券報告書ごとに算出した額（以下(３)において「個別決定ごとの算出額」という。）は、 ア　当社が発行する算定基準有価証券の市場価額の総額に10万分の６を乗じて得た下記の額 平成27年10月第１四半期四半期報告書　　　164,751円 平成28年１月第２四半期四半期報告書　　　 158,148円 平成28年４月第３四半期四半期報告書　　　 154,529円 平成28年７月期有価証券報告書　　　　　　 159,602円 が、いずれも イ　6,000,000円 を超えないことから、 ・平成27年10月第１四半期四半期報告書については、6,000,000円の２分の１に相当する額である3,000,000円、 ・平成28年１月第２四半期四半期報告書については、6,000,000円の２分の１に相当する額である3,000,000円、 ・平成28年４月第３四半期四半期報告書については、6,000,000円の２分の１に相当する額である3,000,000円、 ・平成28年７月期有価証券報告書については、6,000,000円、 となる。 ここで、これらの開示書類が同一の事業年度に係るものであることから、金融商品取引法第185条の７第６項の規定により、6,000,000円を個別決定ごとの算出額に応じて按分した金額が、これらの開示書類に係る課徴金の額となる。 ・平成27年10月第１四半期四半期報告書に係る課徴金の額は、1,200,000円 ・平成28年１月第２四半期四半期報告書に係る課徴金の額は、1,200,000円 ・平成28年４月第３四半期四半期報告書に係る課徴金の額は、1,200,000円 ・平成28年７月期有価証券報告書に係る課徴金の額は、2,400,000円 （４）　金融商品取引法第172条の４第１項及び第２項の規定により、平成28年10月第１四半期四半期報告書、平成29年１月第２四半期四半期報告書、平成29年４月第３四半期四半期報告書及び平成29年７月期有価証券報告書ごとに算出した額（以下(４)において「個別決定ごとの算出額」という。）は、 ア　当社が発行する算定基準有価証券の市場価額の総額に10万分の６を乗じて得た下記の額 平成28年10月第１四半期四半期報告書　　　161,903円 平成29年１月第２四半期四半期報告書　　　 182,123円 平成29年４月第３四半期四半期報告書　　　 224,602円 平成29年７月期有価証券報告書　　　　　　 206,034円 が、いずれも イ　6,000,000円 を超えないことから、 ・平成28年10月第１四半期四半期報告書については、6,000,000円の２分の１に相当する額である3,000,000円、 ・平成29年１月第２四半期四半期報告書については、6,000,000円の２分の１に相当する額である3,000,000円、 ・平成29年４月第３四半期四半期報告書については、6,000,000円の２分の１に相当する額である3,000,000円、 ・平成29年７月期有価証券報告書については、6,000,000円、 となる。 ここで、これらの開示書類が同一の事業年度に係るものであることから、金融商品取引法第185条の７第６項の規定により、6,000,000円を個別決定ごとの算出額に応じて按分した金額が、これらの開示書類に係る課徴金の額となる。 ・平成28年10月第１四半期四半期報告書に係る課徴金の額は、1,200,000円 ・平成29年１月第２四半期四半期報告書に係る課徴金の額は、1,200,000円 ・平成29年４月第３四半期四半期報告書に係る課徴金の額は、1,200,000円 ・平成29年７月期有価証券報告書に係る課徴金の額は、2,400,000円"
2018-07-31,日本調剤株式会社,3341,日本調剤株式会社役員による重要事実に係る取引推奨行為に対する課徴金納付命令の勧告について,https://www.fsa.go.jp/sesc/news/c_2019/2019/20190913-1.html,"English version 令和元年9月13日 証券取引等監視委員会 日本調剤株式会社役員による重要事実に係る取引推奨行為に対する課徴金納付命令の勧告について １．勧告の内容 証券取引等監視委員会は、日本調剤株式会社役員による重要事実に係る取引推奨行為について検査した結果、下記のとおり法令違反の事実が認められたので、本日、内閣総理大臣及び金融庁長官に対して、金融庁設置法第２０条第１項の規定に基づき、課徴金納付命令を発出するよう勧告を行った。 ２．法令違反の事実関係 課徴金納付命令対象者は、日本調剤株式会社（以下「日本調剤」という。）の役員であったが、その職務に関し、同社の業務執行を決定する機関が、自己の株式の取得を行うことについての決定をした旨の重要事実を知りながら、被推奨者に対し、上記事実の公表がされる前に日本調剤株式の買付けをさせることにより利益を得させる目的をもって、日本調剤株式の買付けをすることを勧めたものである。 被推奨者は、上記事実の公表がされた平成３０年７月３１日より前の同年６月２５日から同年７月３１日までの間、日本調剤株式合計８５００株を買付価額合計２４４４万３０５０円で買い付けたものである。 違反行為事実の概要については、 別図 のとおり。 課徴金納付命令対象者が行った上記の行為は、金融商品取引法第１７５条の２第１項に規定する「第１６７条の２第１項の規定に違反して、同項の伝達をし、又は同項の売買等をすることを勧める」行為に該当すると認められる。 ３．課徴金の額の計算 上記の違反行為に対し、金融商品取引法に基づき納付を命じられる課徴金の額は、２１８万円である。 計算方法の詳細については、 別紙 のとおり。 （別図） ○違反行為事実の概要について （クリックすると拡大されます） （別紙） 〇課徴金の額の計算について （１）金融商品取引法第１７５条の２第１項第３号の規定により、当該違反行為により当該情報受領者等が行った当該買付けによって得た利得相当額に２分の１を乗じて得た額。 利得相当額とは、同条第３項第２号の規定により、情報受領者等が特定有価証券等の買付けをした場合、当該特定有価証券等の買付けについて、業務等に関する重要事実の公表がされた後２週間における最も高い価格（3,390円）に当該特定有価証券等の買付けの数量を乗じて得た額から当該特定有価証券等の買付けをした価格にその数量を乗じて得た額を控除した額。 ｛（3,390円×8,500株）－（2,760.9円×100株＋2,764.0円×100株＋2,766.0円×100株＋2,777.0円×200株＋2,783.5円×100株＋2,784.0円×100株＋2,790.0円×200株＋2,792.0円×100株＋2,796.0円×300株＋2,804.0円×200株＋2,805.6円×200株＋2,806.0円×300株＋2,811.0円×100株＋2,815.9円×100株＋2,818.0円×300株＋2,831.0円×200株＋2,847.9円×200株＋2,848.0円×200株＋2,851.9円×100株＋2,852.0円×300株＋2,853.0円×100株＋2,853.8円×100株＋2,855.0円×600株＋2,857.8円×100株＋2,859.9円×100株＋2,860.0円×100株＋2,860.9円×100株＋2,861.9円×300株＋2,873.0円×100株＋2,873.1円×100株＋2,880.0円×600株＋2,884.9円×100株＋2,893.0円×100株＋2,916.9円×100株＋2,934.9円×100株＋2,937.9円×100株＋2,938.0円×100株＋2,943.8円×100株＋2,948.8円×100株＋2,952.0円×100株＋2,952.5円×100株＋2,953.9円×100株＋2,954.0円×100株＋2,961.7円×100株＋2,964.9円×100株＋2,971.0円×100株＋2,971.9円×100株＋2,983.0円×100株＋2,994.0円×100株＋3,005.0円×200株＋3,009.9円×100株＋3,014.4円×100株＋3,014.9円×100株＋3,019.8円×100株＋3,020.0円×200株＋3,025.0円×100株）｝×1／2 ＝2,185,975円 (2) 金融商品取引法第１７６条第２項の規定により、上記(1)で計算した額の１万円未満の端数を切捨て。"
2017-04-01,株式会社ヨータイ,5357,株式会社ヨータイの役員から伝達を受けた者による内部者取引及び当該役員による重要事実に係る伝達行為に対する課徴金納付命令の勧告について,https://www.fsa.go.jp/sesc/news/c_2019/2019/20190913-2.html,"English version 令和元年9月13日 証券取引等監視委員会 株式会社ヨータイの役員から伝達を受けた者による内部者取引及び当該役員による重要事実に係る伝達行為に対する課徴金納付命令の勧告について １．勧告の内容 証券取引等監視委員会は、株式会社ヨータイの役員から伝達を受けた者による内部者取引及び当該役員による重要事実に係る伝達行為について検査した結果、下記のとおり法令違反の事実が認められたので、本日、内閣総理大臣及び金融庁長官に対して、金融庁設置法第２０条第１項の規定に基づき、課徴金納付命令を発出するよう勧告を行った。 ２．法令違反の事実関係 （１）課徴金納付命令対象者（１）について 課徴金納付命令対象者（１）は、株式会社ヨータイ（以下「ヨータイ」という。）の役員であった課徴金納付命令対象者（２）から、同人がその職務に関し知った、同社の属する企業集団の平成２９年４月１日から平成３０年３月３１日までの事業年度の売上高、経常利益及び親会社株主に帰属する当期純利益（以下「当期純利益」という。）について、平成２９年５月１２日に公表がされた直近の予想値（売上高２１２億円、経常利益１４億円、当期純利益９億５０００万円）に比較して、同社が新たに算出した予想値において、投資者の投資判断に及ぼす影響が重要なものとなる差異が生じた旨の重要事実の伝達を受けながら、同社において新たに算出した同事業年度の予想値（売上高２４０億円、経常利益３３億円、当期純利益２４億円）の公表がされた平成３０年２月８日より前の同月１日、自己の計算において、ヨータイ株式合計１万株を買付価額合計６６９万円で買い付けたものである。 違反行為事実の概要については、 別図 のとおり。 課徴金納付命令対象者（１）が行った上記の行為は、金融商品取引法第１７５条第１項に規定する「第１６６条第１項又は第３項の規定に違反して、同条第１項に規定する売買等をした」行為に該当すると認められる。 （２）課徴金納付命令対象者（２）について 課徴金納付命令対象者（２）は、ヨータイの役員であったが、同人がその職務に関し知った、同社の属する企業集団の平成２９年４月１日から平成３０年３月３１日までの事業年度の売上高、経常利益及び親会社株主に帰属する当期純利益（以下「当期純利益」という。）について、平成２９年５月１２日に公表がされた直近の予想値（売上高２１２億円、経常利益１４億円、当期純利益９億５０００万円）に比較して、同社が新たに算出した予想値において、投資者の投資判断に及ぼす影響が重要なものとなる差異が生じた旨の重要事実を、課徴金納付命令対象者（１）に対し、同社において新たに算出した同事業年度の予想値（売上高２４０億円、経常利益３３億円、当期純利益２４億円）の公表がされる前にヨータイ株式の買付けをさせることにより、同人に利益を得させる目的をもって、伝達したものである。 課徴金納付命令対象者（１）は、上記重要事実の公表がされた平成３０年２月８日より前の同月１日、ヨータイ株式合計１万株を買付価額合計６６９万円で買い付けたものである。 違反行為事実の概要については、 別図 のとおり。 課徴金納付命令対象者（２）が行った上記の行為は、金融商品取引法第１７５条の２第１項に規定する「第１６７条の２第１項の規定に違反して、同項の伝達をし、又は同項の売買等をすることを勧める」行為に該当すると認められる。 ３．課徴金の額の計算 上記の違反行為に対し、金融商品取引法に基づき納付を命じられる課徴金の額は、下記のとおりである。 課徴金納付命令対象者（１）２９９万円 課徴金納付命令対象者（２）１４９万円 計算方法の詳細については、 別紙 のとおり。 （別図） ○違反行為事実の概要について （クリックすると拡大されます） （別紙） 〇課徴金の額の計算について １．課徴金納付命令対象者（１）について 金融商品取引法第１７５条第１項第２号の規定により、当該有価証券の買付けについて、業務等に関する重要事実の公表がされた後２週間における最も高い価格（968円）に当該有価証券の買付けの数量を乗じて得た額から当該有価証券の買付けをした価格にその数量を乗じて得た額を控除した額。 （968円×10,000株） －（669円×10,000株） ＝2,990,000円 ２．課徴金納付命令対象者（２）について （１） 金融商品取引法第１７５条の２第１項第３号の規定により、当該違反行為により当該情報受領者等が行った当該買付けによって得た利得相当額に２分の１を乗じて得た額。 利得相当額とは、同条第３項第２号の規定により、情報受領者等が特定有価証券等の買付けをした場合、当該特定有価証券等の買付けについて、業務等に関する重要事実の公表がされた後２週間における最も高い価格（968円）に当該特定有価証券等の買付けの数量を乗じて得た額から当該特定有価証券等の買付けをした価格にその数量を乗じて得た額を控除した額。 ｛（968円×10,000株） －（669円×10,000株）｝×1／2 ＝1,495,000円 （２） 金融商品取引法第１７６条第２項の規定により、上記（１）で計算した額の１万円未満の端数を切捨て。"
令和元年9月10日,株式会社スマートアセットマネジメント,,株式会社スマートアセットマネジメントに対する検査結果に基づく勧告について,https://www.fsa.go.jp/sesc/news/c_2019/2019/20190910-1.html,English version 令和元年9月10日 証券取引等監視委員会 株式会社スマートアセットマネジメントに対する検査結果に基づく勧告について １．勧告の内容 関東財務局長が株式会社スマートアセットマネジメント（東京都中央区、法人番号1011001027121、代表取締役Ａ（以下「Ａ代表」という。）資本金1000万円、常勤役職員13名、投資助言・代理業、以下「当社」という。）を検査した結果、下記のとおり、当該金融商品取引業者に係る問題が認められたので、本日、証券取引等監視委員会は、内閣総理大臣及び金融庁長官に対して、金融庁設置法第20条第１項の規定に基づき、行政処分を行うよう勧告した。 ２．事実関係 (1) 金融商品取引契約の締結の勧誘に関して、顧客に対し虚偽のことを告げる行為 当社は、見込顧客に対して、メールを配信する方法により、投資顧問契約の締結の勧誘を行っている。 今回検査において、当社における平成28年５月から令和元年５月までの間の投資顧問契約の締結の勧誘状況を検証したところ、以下の法令違反行為が認められた。 ア．銘柄分析・選定者に関する虚偽告知 当社は、少なくとも延べ33万3000人以上の見込顧客に対して送信したメールにおいて、実際にはＡ代表が銘柄分析・選定に何ら関与していないにもかかわらず、事実に反して、「私、Ａが完全監修を務める」等の文言を記載し、虚偽の内容を告げて投資顧問契約の締結の勧誘を行った。 イ．助言実績に関する虚偽告知 当社は、少なくとも延べ1500人以上の見込顧客に対して送信したメールにおいて、買い推奨を行った複数の銘柄について、実際には売り推奨を行っていないにもかかわらず、事実に反して、買い推奨日からメール配信時までの間に最高値となった日を「売却推奨日」と記載するなどして、虚偽の内容を告げて投資顧問契約の締結の勧誘を行った。 当社の上記行為は、金融商品取引法第38条第１号に掲げる「金融商品取引契約の締結又はその勧誘に関して、顧客に対し虚偽のことを告げる行為」に該当するものと認められる。 (２) 著しく事実に相違する表示又は著しく人を誤認させるような表示のある広告をする行為 当社は、投資助言業者等を評価・比較している複数のウェブサイトにおいて、当社の広告を行っているが、平成31年４月から令和元年５月までの間の当該ウェブサイトにおける広告（以下「ウェブ広告」という。）の内容を検証したところ、以下の法令違反行為が認められた。 ア．銘柄分析・選定者に関して著しく事実に相違する表示 当社は、実際には高見代表が銘柄の分析・選定に何ら関与していないにもかかわらず、ウェブ広告中に、「Aを筆頭に銘柄選定及び投資助言が行われている」等の記事を掲載した。 イ．助言実績に関して著しく事実に相違する表示 当社は、多数の銘柄について、実際には投資助言の実績がないにもかかわらず、ウェブ広告中に、助言を行った銘柄である旨の記事を掲載した。 ウ．助言実績に関して著しく人を誤認させる表示 当社は、当該ウェブサイトにおいて、実際には当社が記載した内容であるにもかかわらず、あたかも第三者によって投稿されたかのような外観を装った、当社の助言実績等に関する記事を多数掲載させた。 当社の上記行為は、投資助言・代理業に関する広告において、助言の方法及び助言実績に関する事項について、著しく事実に相違する表示をし、又は著しく人を誤認させるような表示であり、金融商品取引法第37条第２項に違反する。 (３) 投資助言・代理業を適確に遂行するに足りる人的構成を有していない状況及び投資助言・代理業を適確に遂行するための必要な体制が整備されていない状況 当社の営業責任者は、自ら主導して上記(1)の法令違反行為を行っているほか、上記(2)についても法令違反行為であることを認識しながら、何ら対策を講じることなく漫然と放置している。 また、当社コンプライアンス部長は、金融商品取引法令に関する知識が乏しく、また、法令等遵守意識も希薄であることから、上記(1)の法令違反行為が行われていることを認識しながら、当該違反行為に関し、何ら対策を講じることなく、漫然と放置している。 さらに、当社の唯一の役員であるＡ代表は、当社の営業責任者及びコンプライアンス部長が、Ａ代表による当社業務への関与を阻害すべき状況を作出する中、当局による臨店検査が始まるまで、当社の業務内容を把握・管理するための措置を講じていないなど、内部管理態勢の構築を行っていないばかりか、顧客獲得や収益の拡大、当社の知名度を上げることを優先させるあまり、上記法令違反行為の一部については、当該行為が行われていることを認識しながら、何ら対策を講じることなく、これを漫然と放置している。 このように、当社要職は、いずれも法令等遵守意識及び投資者保護意識が著しく欠如している。 当社における上記の状況は、金融商品取引法第29条の４第1項第１号ホに掲げる「金融商品取引業を適確に遂行するに足りる人的構成を有しない者」に該当し、また、同号ヘに掲げる「金融商品取引業を適確に遂行するための必要な体制が整備されていると認められない者」に該当するものと認められ、このような当社の状況は、同法第52条第１項第１号に該当するものと認められる。 （参考条文） ○　金融商品取引法（昭和23年法律第25号）（抄） （登録の拒否） 第二十九条の四　内閣総理大臣は、登録申請者が次の各号のいずれかに該当するとき、又は登録申請書若しくはこれに添付すべき書類若しくは電磁的記録のうちに虚偽の記載若しくは記録があり、若しくは重要な事実の記載若しくは記録が欠けているときは、その登録を拒否しなければならない。 一　次のいずれかに該当する者 イ～ニ（略） ホ　金融商品取引業を適確に遂行するに足りる人的構成を有しない者 へ　金融商品取引業を適確に遂行するための必要な体制が整備されていると認められない者 （広告等の規制） 第三十七条（略） ２　金融商品取引業者等は、その行う金融商品取引業に関して広告その他これに類似するものとして内閣府令で定める行為をするときは、金融商品取引行為を行うことによる利益の見込みその他内閣府令で定める事項について、著しく事実に相違する表示をし、又は著しく人を誤認させるような表示をしてはならない。 （禁止行為） 第三十八条　金融商品取引業者等又はその役員若しくは使用人は、次に掲げる行為をしてはならない。ただし、第四号から第六号までに掲げる行為にあつては、投資者の保護に欠け、取引の公正を害し、又は金融商品取引業の信用を失墜させるおそれのないものとして内閣府令で定めるものを除く。 一　金融商品取引契約の締結又はその勧誘に関して、顧客に対し虚偽のことを告げる行為 （以下、略） （金融商品取引業者に対する監督上の処分） 第五十二条　内閣総理大臣は、金融商品取引業者が次の各号のいずれかに該当する場合においては、当該金融商品取引業者の第二十九条の登録を取り消し、第三十条第一項の認可を取り消し、又は六月以内の期間を定めて業務の全部若しくは一部の停止を命ずることができる。 一　第二十九条の四第一項第一号、第二号又は第三号に該当することとなつたとき （以下、略）
令和元年9月6日,,,令和元事務年度　証券モニタリング基本方針について,https://www.fsa.go.jp/sesc/news/c_2019/2019/20190906-2.html,お探しのページがみつかりません（404 Not Found） 誠に申し訳ございません。お探しのページは以下の理由により表示することができません。 お探しのページが削除されている。 お探しのページのURL（アドレス）が変更されている。 入力したURL（アドレス）に誤りがある。 お手数ですが、アドレス（URL）をご確認の上、再度お探しいただくか、証券取引等監視委員会の トップページ やページ上部のサイト内検索をご利用ください。 また、お探しのページが国立図書館の「インターネット資料収集保存事業（Web Archiving Project）」に保存されている場合があります。以下のURLからお探しください。 「インターネット資料収集保存事業（Web Archiving Project）」 We are very sorry. The page you requested was not found. This might be due to the following reasons: The page you requested has been deleted. The page's URL (address) has been changed. An invalid URL (address) has been entered. Please check the address (URL) and try to access again from the top page or the site search. Archived version of the page may be found in Web Archiving Project (WARP) of the National Diet Library. Please search from the following URL (address). Web Archiving Project (External link)
2017-10-02,新都ホールディングス株式会社,2776,桂川電機株式外３銘柄に係る相場操縦に対する課徴金納付命令の勧告について,https://www.fsa.go.jp/sesc/news/c_2019/2019/20190920-1.html,"English version 令和元年9月20日 証券取引等監視委員会 桂川電機株式外３銘柄に係る相場操縦に対する課徴金納付命令の勧告について １．勧告の内容 証券取引等監視委員会は、桂川電機株式外３銘柄に係る相場操縦について検査した結果、下記のとおり法令違反の事実が認められたので、本日、内閣総理大臣及び金融庁長官に対して、金融庁設置法第２０条第１項の規定に基づき、課徴金納付命令を発出するよう勧告を行った。 ２．法令違反の事実関係 課徴金納付命令対象者は、 (1) 新都ホールディングス株式会社（以下「新都ホールディングス」という。）の株式につき、同株式の売買を誘引する目的をもって、別表記載のとおり、平成２９年１０月２日午前９時５分頃から同日午前９時１９分頃までの間、下値買い注文を大量に発注したうえで、高指値の買い注文を発注して株価を引き上げるなどの方法により、同株式合計３０万８７００株の買付けの委託を行うとともに、同株式合計１０万１３００株を買い付ける一方、同株式合計１２万１３００株を売り付け、 (2) ダントーホールディングス株式会社（以下「ダントーホールディングス」という。）の株式につき、同株式の売買を誘引する目的をもって、別表記載のとおり、平成２９年１０月１７日午前９時０分頃から同日午後１時４２分頃までの間、前記同様の方法により、同株式合計１０万株の買付けの委託を行うとともに、同株式合計７万株を買い付ける一方、同株式合計７万８０００株を売り付け、 (3) 桂川電機株式会社（以下「桂川電機」という。）の株式につき、同株式の売買を誘引する目的をもって、別表記載のとおり、平成２９年１０月２５日午前９時０分頃から同日午後２時５４分頃までの間、前記同様の方法により、同株式合計４万４０００株の買付けの委託を行うとともに、同株式合計４万株を買い付ける一方、同株式合計４万５０００株を売り付け、 (4) 児玉化学工業株式会社（以下「児玉化学工業」という。）の株式につき、同株式の売買を誘引する目的をもって、別表記載のとおり、平成２９年９月１２日午前１０時１３分頃から同日午後１時７分頃までの間、下値買い注文を大量に発注するなどの方法により、同株式合計１３万８０００株の買付けの委託を行うとともに、同株式合計４万２０００株を買い付ける一方、同株式合計６万２０００株を売り付けたほか、上値売り注文を大量に発注するなどの方法により、同株式合計１２万株の売付けの委託を行うとともに、同株式合計３万株を売り付ける一方、同株式合計３万株を買い付け、 もって、自己の計算において、新都ホールディングス、ダントーホールディングス、桂川電機及び児玉化学工業の各株式の売買が繁盛であると誤解させ、かつ、前記各株式の相場を変動させるべき一連の売買及び委託をしたものである。 違反行為事実の概要については、 別図 のとおり。 課徴金納付命令対象者が行った上記の各行為は、金融商品取引法第１７４条の２第１項に規定する「第１５９条第２項第１号の規定に違反する一連の有価証券売買等」に該当すると認められる。 ３．課徴金の額の計算 上記の違反行為に対し金融商品取引法に基づき納付を命じられる課徴金の額は、１１９万円である。 計算方法の詳細については、 別紙１ 及び 別紙２ のとおり。 ４．その他 本件については、日本取引所自主規制法人より提供された情報も参考として、実態解明を行ったものである。 （別表） ○違反行為状況 （クリックすると拡大されます） （別図） ○違反行為事実の概要について （クリックすると拡大されます） （別紙１） ○課徴金の額の計算方法について 別表 の各違反行為に係る課徴金の額の計算の基礎は以下のとおりである。 １．金融商品取引法第１７４条の２第１項の規定により、当該違反行為に係る課徴金の額は、 (1) 当該違反行為に係る有価証券の売買対当数量に係るものについて、自己の計算による当該有価証券の売付け等の価額から、自己の計算による当該有価証券の買付け等の価額を控除した額 及び (2) 当該違反行為に係る自己の計算による有価証券の売付け等又は買付け等の数量が、当該違反行為に係る自己の計算による有価証券の買付け等又は売付け等の数量を超える場合、当該超える数量に係る有価証券の売付け等の価額から当該違反行為が終了してから１月を経過するまでの間の各日における当該違反行為に係る有価証券の買付け等についての金融商品取引法第６７条の１９又は第１３０条に規定する最低の価格のうち最も低い価格に当該超える数量を乗じて得た額を控除した額、又は当該違反行為が終了してから１月を経過するまでの間の各日における当該違反行為に係る有価証券の売付け等についての金融商品取引法第６７条の１９又は第１３０条に規定する最高の価格のうち最も高い価格に当該超える数量を乗じて得た額から当該超える数量に係る有価証券の買付け等の価額を控除した額 の合計額として算定。 ２．上記１．で算定された課徴金の額につき、金融商品取引法第１７６条第２項の規定により１万円未満の端数を切り捨てて算定。 ３．上記２．によりそれぞれ算定した額を合計し、課徴金の額とする。 以上につき、 別紙２ のとおり。 （別紙２） 別表 に掲げる事実につき １．新都ホールディングス株式に係る取引について (1) 当該違反行為に係る自己の計算による有価証券の売付け等の数量は、121,300株であり、当該違反行為に係る自己の計算による有価証券の買付け等の数量は、実際の買付け等の数量101,300株に、金融商品取引法第１７４条の２第８項及び金融商品取引法施行令第３３条の１３第１号の規定により、違反行為の開始時にその時における価格（148円）で買付け等を自己の計算においてしたものとみなされる当該違反行為の開始時に所有している有価証券の数量20,000株を加えた121,300株であることから、 ア．当該違反行為に係る有価証券の売買対当数量（121,300株）に係るものについて、自己の計算による当該有価証券の売付け等の価額から、自己の計算による当該有価証券の買付け等の価額を控除した額 （157円×20,000株＋158円×54,200株＋159円×39,700株＋160円×7,400株） －（148円×20,000株＋153円×13,900株＋154円×26,100株＋156円×40,000株＋157円×20,400株＋158円×900株） ＝ 508,800円 及び イ．当該超える数量が0株であることから、0円 の合計額508,800円となる。 (2) 金融商品取引法第１７６条第２項の規定により、上記(1)で計算した額の１万円未満の端数を切捨て、500,000円となる。 ２．ダントーホールディングス株式に係る取引について (1) 当該違反行為に係る自己の計算による有価証券の売付け等の数量は、78,000株であり、当該違反行為に係る自己の計算による有価証券の買付け等の数量は、実際の買付け等の数量70,000株に、金融商品取引法第１７４条の２第８項及び金融商品取引法施行令第３３条の１３第１号の規定により、違反行為の開始時にその時における価格（185円）で買付け等を自己の計算においてしたものとみなされる当該違反行為の開始時に所有している有価証券の数量10,000株を加えた80,000株であることから、 ア．当該違反行為に係る有価証券の売買対当数量（78,000株）に係るものについて、自己の計算による当該有価証券の売付け等の価額から、自己の計算による当該有価証券の買付け等の価額を控除した額 （184円×3,000株＋186円×41,000株＋187円×14,000株＋188円×9,000株 ＋189円×11,000株） －（183円×1,000株＋184円×32,000株＋185円×15,000株＋186円×7,000株 ＋187円×23,000株） ＝ 118,000円 及び イ．当該違反行為に係る自己の計算による有価証券の買付け等の数量（80,000株）が、当該違反行為に係る自己の計算による有価証券の売付け等の数量（78,000株）を超えていることから、当該違反行為が終了してから１月を経過するまでの間の各日における当該違反行為に係る有価証券の売付け等についての金融商品取引法第６７条の１９又は第１３０条に規定する最高の価格のうち最も高い価格（171円）に当該超える数量2,000株（買付け等の数量80,000株－売付け等の数量78,000株）を乗じて得た額から、当該超える数量に係る有価証券の買付け等の価額を控除した額 （171円×2,000株） －（166円×2,000株） ＝ 10,000円 の合計額128,000円となる。 (2) 金融商品取引法第１７６条第２項の規定により、上記(1)で計算した額の１万円未満の端数を切捨て、120,000円となる。 ３．桂川電機株式に係る取引について 当該違反行為に係る自己の計算による有価証券の売付け等の数量は、45,000株であり、当該違反行為に係る自己の計算による有価証券の買付け等の数量は、実際の買付け等の数量40,000株に、金融商品取引法第１７４条の２第８項及び金融商品取引法施行令第３３条の１３第１号の規定により、違反行為の開始時にその時における価格（190円）で買付け等を自己の計算においてしたものとみなされる当該違反行為の開始時に所有している有価証券の数量5,000株を加えた45,000株であることから、 ア．当該違反行為に係る有価証券の売買対当数量（45,000株）に係るものについて、自己の計算による当該有価証券の売付け等の価額から、自己の計算による当該有価証券の買付け等の価額を控除した額 （191円×1,000株＋192円×5,000株＋193円×4,000株＋197円×7,000株 ＋198円×1,000株＋199円×7,000株＋202円×8,000株＋203円×1,000株 ＋204円×9,000株＋205円×2,000株） －（190円×10,000株＋191円×5,000株＋193円×3,000株＋194円×7,000株 ＋195円×9,000株＋196円×1,000株＋197円×5,000株＋198円×5,000株） ＝ 240,000円 及び イ．当該超える数量が0株であることから、0円 の合計額240,000円となる。 ４．児玉化学工業株式に係る取引について (1) 当該違反行為に係る自己の計算による有価証券の売付け等の数量は、92,000株であり、当該違反行為に係る自己の計算による有価証券の買付け等の数量は、実際の買付け等の数量72,000株に、金融商品取引法第１７４条の２第８項及び金融商品取引法施行令第３３条の１３第１号の規定により、違反行為の開始時にその時における価格（100円）で買付け等を自己の計算においてしたものとみなされる当該違反行為の開始時に所有している有価証券の数量20,000株を加えた92,000株であることから、 ア．当該違反行為に係る有価証券の売買対当数量（92,000株）に係るものについて、自己の計算による当該有価証券の売付け等の価額から、自己の計算による当該有価証券の買付け等の価額を控除した額 （101円×30,000株＋103円×22,000株＋105円×40,000株） －（96円×15,000株＋98円×15,000株＋100円×42,000株＋102円×13,000株 ＋103円×7,000株） ＝ 339,000円 及び イ．当該超える数量が0株であることから、0円 の合計額339,000円となる。 (2) 金融商品取引法第１７６条第２項の規定により、上記(1)で計算した額の１万円未満の端数を切捨て、330,000円となる。 ５．上記、１．ないし４．により算定した額の合計 500,000円＋120,000円＋240,000円＋330,000円 ＝1,190,000円となる。"
2018-04-27,セーラー万年筆株式会社,7992,セーラー万年筆株式会社社員による内部者取引に対する課徴金納付命令の勧告について,https://www.fsa.go.jp/sesc/news/c_2019/2019/20190906-1.html,"English version 令和元年9月6日 証券取引等監視委員会 セーラー万年筆株式会社社員による内部者取引に対する課徴金納付命令の勧告について １．勧告の内容 証券取引等監視委員会は、セーラー万年筆株式会社社員による内部者取引について検査した結果、下記のとおり法令違反の事実が認められたので、本日、内閣総理大臣及び金融庁長官に対して、金融庁設置法第２０条第１項の規定に基づき、課徴金納付命令を発出するよう勧告を行った。 ２．法令違反の事実関係 課徴金納付命令対象者は、セーラー万年筆株式会社（以下「セーラー」という。）の社員であったが、その職務に関し、同社の業務執行を決定する機関が、プラス株式会社との業務上の提携を行うこと及びセーラーの発行する株式を引き受ける者の募集を行うことについての決定をした旨の各重要事実を知りながら、上記各重要事実の公表がされた平成３０年４月２７日より前の同月１３日から同月１６日までの間、自己の計算において、セーラー株式合計３２００株を買付価額合計９７万７０００円で買い付けたものである。 違反行為事実の概要については、 別図 のとおり。 課徴金納付命令対象者が行った上記の行為は、金融商品取引法第１７５条第１項に規定する「第１６６条第１項又は第３項の規定に違反して、同条第１項に規定する売買等をした」行為に該当すると認められる。 ３．課徴金の額の計算 上記の違反行為に対し、金融商品取引法に基づき納付を命じられる課徴金の額は、２２万円である。 計算方法の詳細については、 別紙 のとおり。 ４．その他 本件ついては、日本取引所自主規制法人より提供された情報を参考として、実態解明を行ったものである。 （別図） ○違反行為事実の概要について （クリックすると拡大されます） （別紙） 〇課徴金の額の計算について (1) 金融商品取引法第１７５条第１項第２号の規定により、当該有価証券の買付けについて業務等に関する重要事実の公表がされた後２週間における最も高い価格（376円）に当該有価証券の買付けの数量を乗じて得た額から当該有価証券の買付けをした価格にその数量を乗じて得た額を控除した額。 （376円×3,200株） －(300円×1,200株＋307円×1,000株＋310円×1,000株） ＝226,200円 (2) 金融商品取引法第１７６条第２項の規定により、上記(1)で計算した額の１万円未満の端数を切捨て。"
2018-04-01,,,平成30年度「証券取引等監視委員会の活動状況」の公表について,https://www.fsa.go.jp/sesc/reports/n_30/n_30.html,"令和元年8月30日 証券取引等監視委員会 証券取引等監視委員会の活動状況の公表について 証券取引等監視委員会（以下「証券監視委」という。）は、金融庁設置法第22条の規定に基づき、毎年、活動状況等を公表しています。今回は、その27回目として、平成30年度（平成30年4月1日～同31年3月31日）の「証券取引等監視委員会の活動状況」を公表します。 公表内容の主な記載内容 １．平成30年度の活動概要  マクロ的な視点に基づき潜在的なリスクに着目した情報収集・分析を行う等、タイムリーな市場監視  金商業者に対するリスクアセスメントを踏まえたオンサイト・モニタリング  課徴金制度の活用による迅速・効率的な検査・調査と、重大・悪質事案に対する厳正な対処 根本原因の把握と、再発防止のための対話・情報発信や建議の実施 ２．不公正取引の勧告・告発件数  不公正取引の勧告件数は計33件（インサイダー取引23件、相場操縦7件、偽計3件）  不公正取引の告発件数は計5件（インサイダー取引5件）  取引審査の実施件数は、6年連続で1,000件超  公開買付けや業績修正等を重要事実とする事案が昨年同様多数  過去に適用例のなかった重要事実による事案を初めて勧告  情報伝達・取引推奨規制導入後、取引推奨規制違反のみの事案を初めて勧告 海外の金融機関による市場デリバティブ取引に係る相場操縦を初めて勧告 他の投資家の売買を排除する目的で行う、誘引目的が認められない特殊見せ玉を用いる取引手法について、偽計を適用し初めて勧告 ３．開示規制違反 開示規制違反の勧告件数は10件、告発件数は３件 開示規制違反の再発防止の観点から、会社の経営陣とその背景・原因について議論し、問題意識を共有 開示規制違反の未然防止の観点から以下の取組み等を実施 ・マクロ的視点に基づく大規模上場会社等に対する継続的な監視 ・経営環境の変化を考慮した深度ある調査・分析 ４．金融商品取引業者等に対するモニタリング  規模・業態を踏まえたリスクアセスメントを実施 （規模業態別の業務運営上の課題及びリスクを取りまとめ） リスクアセスメントに応じたオンサイト・モニタリングを実施 （68件着手、11件の行政処分勧告） 実効性ある内部管理態勢の構築等を促す取組みを実施 （「留意すべき事項（顕在化していないものの改善が必要な問題）」を検査終了通知書に記載し、問題意識をモニタリング先と共有） ５．証券監視委の新たな課題（SupTechへの取組み）  国内外の金融技術の動向や、ＩＴやＡＩ（人工知能）技術の進展を含めた市場の構造的変化の状況について把握 国内外の規制当局等におけるＩＴの活用状況等に関する情報収集 市場監視における技術的課題の検証等を行い、ＡＩの活用を含む新たな市場監視システムの導入に向け検討を進めていく ６．関係機関との連携・情報発信・建議 自主規制機関との連携 ・売買審査などで日常的に連携 ・定期的な意見交換により相互の問題意識をタイムリーに共有 事案の意義や問題点等をウェブサイト等を通して情報発信 ・個別の勧告事案等の公表（イメージ図を利用） ・課徴金事例集等について積極的に寄稿や講演を実施 取引の公正性確保や投資者保護その他の公益確保の観点から建議を実施（２件） ７．グローバルな市場監視への貢献  世界219機関が加盟する証券監督者国際機構（ＩＯＳＣＯ）において、証券規制の国際的調和や規制当局間の相互協力を目指す議論に積極的に参加 海外当局との連携（情報交換等）により、クロスボーダー取引による違反行為に対して適切な法執行を実施 海外当局への職員派遣、短期研修への参加、セミナーの実施等により、当局間ネットワークの強化や知見・問題意識の共有 ８．一般投資家・市場関係者へのメッセージ  「主なトピックス」として、平成30年度の取組みのうち、特色のあるものについて記載 「監視委コラム」として、各ステークホルダーに向け、法令遵守の観点から特に留意していただきたい点等について、具体例を用いてメッセージを記載 ●「証券取引等監視委員会の活動状況」の本文へ ◎ 全体版 （PDF/7,547KB） ◎ 主なポイント （PDF/474KB） ◎ 本編 （PDF/2,142KB） ◎ 附属資料編 （PDF/5,026KB） ◎ サマリーの英語版 （PDF/143KB）（仮訳） ◎ ポイントの英語版 （PDF/415KB）（仮訳）"
2015-06-26,すてきナイスグループ株式会社,,すてきナイスグループ株式会社に係る虚偽有価証券報告書提出事件の告発について,https://www.fsa.go.jp/sesc/news/c_2019/2019/20190813-1.html,English version 令和元年８月13日 証券取引等監視委員会 すてきナイスグループ株式会社に係る虚偽有価証券報告書提出事件の告発について 証券取引等監視委員会は、本日、金融商品取引法違反（虚偽有価証券報告書提出）の嫌疑で、嫌疑法人１社及び嫌疑者２名を横浜地方検察庁に告発した。告発の対象となった犯則事実については下記のとおり。 １．告発の対象となった犯則事実 犯則嫌疑法人すてきナイスグループ株式会社は、横浜市に本店を置き、建築用資材等の加工・売買等、不動産の管理・売買・賃貸借等の業務を営む会社の事業活動を支配・管理すること等を目的とする会社であって、その発行する株券を株式会社東京証券取引所市場第一部に上場していたもの、犯則嫌疑者Ａは、平成２７年６月２６日までは犯則嫌疑法人の実質的経営者であり、同日以降は犯則嫌疑法人の代表取締役会長であったもの、犯則嫌疑者Ｂは、平成２２年６月から犯則嫌疑法人の代表取締役社長であったものであるが、犯則嫌疑者両名は、犯則嫌疑法人の取締役であったＣと共謀の上、犯則嫌疑法人の業務に関し、平成２７年６月２６日、関東財務局長に対し、犯則嫌疑法人の平成２６年４月１日から平成２７年３月３１日までの連結会計年度につき、営業利益が約４億９８００万円、経常損失が約１８００万円、当期純利益が約１億３５００万円であったにもかかわらず、架空売上を計上する方法により、営業利益を１０億１２００万円、経常利益を４億９６００万円、当期純利益を４億８８００万円と記載した虚偽の連結損益計算書を掲載した有価証券報告書を提出し、もって重要な事項につき虚偽の記載のある有価証券報告書を提出したものである。 ２．関連条文 金融商品取引法 第１９７条第１項第１号、第２４条第１項第１号、第２０７条第１項第１号 刑法第６０条 法定刑：１０年以下の懲役若しくは１０００万円以下の罰金又はこれを併科、法人につき７億円以下の罰金
2018-08-22,東郷証券株式会社,,東郷証券株式会社に対する検査結果に基づく勧告について,https://www.fsa.go.jp/sesc/news/c_2019/2019/20190802-2.html,"English version 令和元年８月２日 証券取引等監視委員会 東郷証券株式会社に対する検査結果に基づく勧告について １．勧告の内容 関東財務局長が東郷証券株式会社（東京都港区、法人番号3011101037679、代表取締役社長Ａ、資本金４億1,000万円、常勤役職員294名、第一種金融商品取引業、第二種金融商品取引業、投資助言・代理業、以下「当社」という。）を検査した結果、下記のとおり、当該金融商品取引業者に係る問題が認められたので、本日、証券取引等監視委員会は、内閣総理大臣及び金融庁長官に対して、金融庁設置法第20条第１項の規定に基づき、行政処分を行うよう勧告した。 ２．事実関係 ○　顧客に対し損失を補塡する行為 当社の取締役であって、その実質的経営者として業務全般を統括するとともに、商品デリバティブ取引等を目的とする株式会社さくらインベスト（大阪府大阪市、法人番号4130001048955）の実質的経営者としてその業務全般を統括していたＢ、当社の代表取締役管理本部長として顧客からの苦情の処理等の業務を統括していたＣ　、当社の顧問として当社の経理業務を担当していたＤらは、平成28年７月下旬から平成31年１月下旬までの間、顧客８名に対して、取引所為替証拠金取引について生じた損失の一部を補塡するため、合計約6,970万円相当の利益を自ら又は第三者をして提供した。 （事例１） 平成28年７月下旬から平成30年12月中旬までの間、当社で取引所為替証拠金取引を行っていた顧客４名に対し、株式会社さくらインベストをして、同顧客らの注文に係る商品差金決済取引を行ったかのように仮装するなどの方法により、合計約760万円相当の利益を自ら又は同社をして提供した。 （事例２） 平成29年10月中旬頃から平成31年１月下旬までの間、当社で取引所為替証拠金取引を行っていた顧客４名との間で、現金による損失補塡の契約をした上、その契約に基づき、各顧客らに合計約6,210万円の現金を提供した。 上記の行為は、経営の中枢を担う当社取締役、代表取締役管理本部長らが共謀して、組織的な指示・判断のもと、長期間にわたって、多数の顧客に対し、損失補塡を実行したもので極めて悪質であり、その背景として、法令遵守を徹底すべき経営陣自らにその意識が欠如している状況のほか、代表取締役社長を含む上記以外の経営陣も、その責務を果たさず、上記の行為を漫然と見過ごすなど、当社において、重大かつ明白な法令違反行為を防止したり、発見し、是正を図る内部管理態勢や、会社の業務を適正に執行するための経営管理態勢が欠如している状況が認められた。 上記事例１の行為は、金融商品取引法第39条第１項第３号に、上記事例２の行為は同項第２号及び第３号に該当するものと認められる。 （上記代表取締役社長等については、検査基準日（平成30年８月22日）時点のものを記載。令和元年６月28日、Ａは退任し、現代表取締役Ｅが就任。） （参考条文） ○　金融商品取引法（昭和23年法律第25号）（抄） （損失補塡等の禁止） 第三十九条　金融商品取引業者等は、次に掲げる行為をしてはならない。 一（略） ニ　有価証券売買取引等につき、自己又は第三者が当該有価証券等について生じた顧客の損失の全部若しくは一部を補塡し、又はこれらについて生じた顧客の利益に追加するため当該顧客又は第三者に財産上の利益を提供する旨を、当該顧客又はその指定した者に対し、申し込み、若しくは約束し、又は第三者に申し込ませ、若しくは約束させる行為 三　有価証券売買取引等につき、当該有価証券等について生じた顧客の損失の全部若しくは一部を補塡し、又はこれらについて生じた顧客の利益に追加するため、当該顧客又は第三者に対し、財産上の利益を提供し、又は第三者に提供させる行為 （以下、略）"
2018-10-01,JPアセット証券株式会社,,JPアセット証券株式会社に対する検査結果に基づく勧告について,https://www.fsa.go.jp/sesc/news/c_2019/2019/20190830-2.html,English version 令和元年8月30日 証券取引等監視委員会 ＪＰアセット証券株式会社に対する検査結果に基づく勧告について １．勧告の内容 証券取引等監視委員会がＪＰアセット証券株式会社（東京都中央区、法人番号 6010001131671、資本金2.83億円、常勤役職員45名、第一種金融商品取引業）を検査した結果、下記のとおり、当該金融商品取引業者に係る問題が認められたので、本日、証券取引等監視委員会は、内閣総理大臣及び金融庁長官に対して、金融庁設置法第20条第１項の規定に基づき、行政処分を行うよう勧告した。 ２．事実関係 ＪＰアセット証券株式会社（以下「当社」という。）を検査した結果、以下の問題が認められた。 ○　顧客に対し特別の利益を提供する行為 平成30年10月１日から令和元年５月７日までの間（以下「当該期間」という。）における当社の業務運営状況について検証したところ、以下のとおり、市場デリバティブ取引を行う顧客１名に対し、当該顧客が預託すべき証拠金について多額の証拠金不足が長期間にわたり発生している状況のもと、下記の取引を受託している状況が認められた。 当社は、当該期間のうちの４営業日において、いずれも前日時点で当該顧客が預託すべき証拠金が不足している状況のもと、当該顧客から、新規の市場デリバティブ取引の取次ぎを受託している。 また、当社は、当該期間のうちの53営業日において、いずれも前日時点で当該顧客が預託すべき証拠金が不足している状況のもと、当該顧客から、実質的に新規の市場デリバティブ取引と同等の効果となる取引（買建玉数が売建玉数以上となっている両建ての状況の中で、買建玉を維持したまま売建玉を減らすもの）の取次ぎを受託している。 以上のとおり、当社は、当該顧客について、多額の証拠金不足が長期間にわたり発生している状況にあるにもかかわらず、上記のような取引を受託している。 このような行為は、特定の顧客に対し、当社が不足証拠金を負担したうえで新たな市場デリバティブ取引を行う機会を与えているものであり、こうした利益の提供は、社会通念上、妥当性・相当性を著しく欠くものと認められる。 当社の上記行為は、金融商品取引法第38条第９号に基づく金融商品取引業等に関する内閣府令第117条第１項第３号に掲げる「金融商品取引契約につき、顧客に対し特別の利益を提供する行為」に該当するものと認められる。 本件が発生した背景には、経営陣の法令遵守意識が欠如しており、当社のガバナンスが機能していないことがあると認められる。 （参考条文） ○　金融商品取引法（昭和23年法律第25号）（抄） （禁止行為） 第三十八条　金融商品取引業者等又はその役員若しくは使用人は、次に掲げる行為をしてはならない。（略） 一～八（略） 九　前各号に掲げるもののほか、投資者の保護に欠け、若しくは取引の公正を害し、又は金融商品取引業の信用を失墜させるものとして内閣府令で定める行為 ○　金融商品取引業等に関する内閣府令（平成19年内閣府令第52号）（抄） （禁止行為） 第百十七条　法第三十八条第九号に規定する内閣府令で定める行為は、次に掲げる行為とする。 一・二（略） 三　金融商品取引契約につき、顧客若しくはその指定した者に対し、特別の利益の提供を約し、又は顧客若しくは第三者に対し特別の利益を提供する行為（第三者をして特別の利益の提供を約させ、又はこれを提供させる行為を含む。） （以下、略）
2008-10-31,,,村山一憲に対する検査結果に基づく勧告について,https://www.fsa.go.jp/sesc/news/c_2019/2019/20190830-1.html,English version 令和元年8月30日 証券取引等監視委員会 村山一憲に対する検査結果に基づく勧告について １．勧告の内容 関東財務局長が村山一憲（東京都港区、旧法特例業務届出者、金融商品取引業の登録はない。）を検査した結果、下記のとおり、当該旧法特例業務届出者に係る問題が認められたので、本日、証券取引等監視委員会は、内閣総理大臣及び金融庁長官に対して、金融庁設置法第20条第１項の規定に基づき、行政処分を行うよう勧告した。 ２．事実関係 (1)  関東財務局長に対し虚偽の報告等をしている状況 村山一憲（以下「当該者」という。）は、平成20年10月31日、適格機関投資家等特例業務（以下「特例業務」という。）の届出を行っているが、特例業務においては適格機関投資家から出資を受けることが要件の一つとされているところ、組成した匿名組合（以下「本件ファンド」という。）が、適格機関投資家からの出資を受けていないにもかかわらず、（ア）関東財務局長に対する届出書面及びその添付書類（平成28年８月29日付け）、（イ）関東財務局長から受けた適格機関投資家との契約等に係る報告徴取命令に対する報告書（平成29年６月27日付け）及び（ウ）関東財務局長に提出した事業報告書（平成30年３月30日付け）において、適格機関投資家から出資されている旨の虚偽の報告を行った。 当該者の上記行為は、（ア）については、金融商品取引法の一部を改正する法律（平成27年法律第32号。以下「平成27年改正法」という。）附則第３条第１項及び第２項に、（イ）については、平成27年改正法附則第２条第２項によって適用される金融商品取引法第63条の６の規定に基づく報告徴取命令に、（ウ）については、平成27年改正法附則第２条第２項によって適用される金融商品取引法第63条の４第２項にそれぞれ違反するものと認められる。 (2)  無登録で投資運用業を行っている状況等 (ア)　無登録で投資運用業を行っている状況 当該者は、平成20年10月31日以降、投資運用業の登録を受けることなく、本件ファンド以外の２つの匿名組合（以下「本件２ファンド」という。出資者：少なくとも78名、出資総額：約４億8400万円）の運用を行っている。 (イ)　出資金の杜撰な運用及び管理 本件２ファンドの出資金の運用状況については、金融商品取引業の登録を受けていない者に対し、外国為替証拠金取引等による運用を委託しているほか、金融商品取引業の登録を受けていない者が運営するファンドに出資するなどして運用している。 また、本件２ファンドに係る出資金の管理状況については、当該者の固有財産と渾然一体となっており、会計帳簿等も作成しておらず、収支状況を判別できない状況となっている。さらに、匿名組合契約上の正当な根拠なく、出資金の一部を他者への貸付金に充当している状況となっている。 当該者の上記(ア)の行為は、金融商品取引法第28条第４項に規定する「投資運用業」に該当し、当該者が同法第29条に基づく登録を受けることなく、当該行為を行うことは、同条に違反するものであり、上記(ア)及び(イ)の状況は、旧法特例業務届出者として、投資者保護上重大な問題があるものと認められ、平成27年改正法附則第２条第２項によって適用される金融商品取引法第63条の５第１項に規定する「業務の運営に関し、公益又は投資者保護のため必要かつ適当であると認めるとき」に該当するものと認められる。 （参考条文） ○　金融商品取引法（昭和23年法律第25号）（抄） （登録） 第二十九条　金融商品取引業は、内閣総理大臣の登録を受けた者でなければ、行うことができない。 （業務に関する帳簿書類等） 第六十三条の四　特例業務届出者は、内閣府令で定めるところにより、その業務に関する帳簿書類を作成し、これを保存しなければならない。 ２　特例業務届出者は、事業年度ごとに、内閣府令で定めるところにより、事業報告書を作成し、毎事業年度経過後三月以内（当該特例業務届出者が外国法人又は外国に住所を有する個人である場合にあつては、政令で定める期間内）に、これを内閣総理大臣に提出しなければならない。 （以下、略） （特例業務届出者に対する監督上の処分等） 第六十三条の五　内閣総理大臣は、特例業務届出者の業務の運営に関し、公益又は投資者保護のため必要かつ適当であると認めるときは、その必要の限度において、当該特例業務届出者に対し、業務の運営の改善に必要な措置をとるべきことを命ずることができる。 （以下、略） （報告の徴取及び検査） 第六十三条の六　内閣総理大臣は、公益又は投資者保護のため必要かつ適当であると認めるときは、特例業務届出者、これと取引をする者若しくは当該特例業務届出者から業務の委託を受けた者（その者から委託（二以上の段階にわたる委託を含む。）を受けた者を含む。以下この条において同じ。）に対し当該特例業務届出者の業務に関し参考となるべき報告若しくは資料の提出を命じ、又は当該職員に当該特例業務届出者若しくは当該特例業務届出者から業務の委託を受けた者の営業所、事務所その他の施設に立ち入らせ、これらの者の業務の状況に関し質問（当該特例業務届出者から業務の委託を受けた者にあつては、当該特例業務届出者の業務に関し必要なものに限る。）をさせ、若しくは帳簿書類その他の物件の検査（当該特例業務届出者から業務の委託を受けた者にあつては、当該特例業務届出者の業務に関し必要なものに限る。）をさせることができる。 ○　金融商品取引法の一部を改正する法律（平成27年法律第32号）附則（抄） （経過措置） 第二条　この法律の施行の際現にこの法律による改正前の金融商品取引法（以下この項において「旧法」という。）第六十三条第一項第二号に掲げる行為に係る同条第二項に規定する適格機関投資家等特例業務（この法律による改正後の金融商品取引法（以下「新法」という。）第六十三条第一項第二号に掲げる行為に係るものを除く。以下この項において「旧法第二号適格機関投資家等特例業務」という。）を行っている旧法特例業務届出者（旧法第六十三条第三項に規定する特例業務届出者をいう。次項及び次条第一項において同じ。）及び旧法届出金融商品取引業者等（旧法第六十三条の三第一項の規定による届出をした金融商品取引業者等（旧法第三十四条に規定する金融商品取引業者等をいう。）をいう。第三項及び次条第一項において同じ。）は、当該旧法第二号適格機関投資家等特例業務（この法律の施行の日（以下「施行日」という。）前に取得の申込みの勧誘を開始した権利に係るものに限る。以下この条において「旧法適格機関投資家等特例投資運用業務」という。）が終了するまでの間は、新法第二十九条の規定にかかわらず、引き続き旧法適格機関投資家等特例投資運用業務を行うことができる。 ２　前項の規定により旧法特例業務届出者が引き続き旧法適格機関投資家等特例投資運用業務を行う場合においては、当該旧法特例業務届出者を新法第六十三条第五項に規定する特例業務届出者とみなして、同項から同条第八項まで及び同条第十一項から第十三項まで並びに新法第六十三条の二、第六十三条の四から第六十三条の七まで、第六十五条の二、第六十五条の四、第百八十八条並びに第百九十四条の七第二項及び第三項の規定並びにこれらの規定に係る新法第八章及び第八章の二の規定を適用する。 （以下、略） 第三条　旧法特例業務届出者等（旧法特例業務届出者及び特例投資運用業務届出者（附則第十条の規定による改正前の証券取引法等の一部を改正する法律（平成十八年法律第六十五号。以下この項において「旧平成十八年証券取引法改正法」という。）附則第四十八条第一項の規定の適用を受けて同項に規定する特例投資運用業務を行う者（同条第四項に規定する金融商品取引業者等を除く。）をいう。）をいう。次項及び附則第五条において同じ。）並びに旧法届出金融商品取引業者等及び旧平成十八年証券取引法改正法附則第四十八条第四項に規定する金融商品取引業者等は、施行日から起算して六月以内に、新法第六十三条第二項第七号に掲げる事項その他内閣府令で定める事項を記載した書面を内閣総理大臣に提出しなければならない。 ２　前項の規定により旧法特例業務届出者等が提出する書面には、新法第六十三条第三項各号に掲げる書類を添付するものとする。この場合において、同項第一号及び第二号中「書面」とあるのは、「書面又は同号イからニまでのいずれに該当するかを記載した書面」とする。 （以下、略）
令和元年7月31日,株式会社,1301,株式会社D.U.corporation及びその役員１名による金融商品取引法違反行為に係る裁判所の禁止及び停止命令の発令について,https://www.fsa.go.jp/sesc/news/c_2019/2019/20190731-01.html,English version 令和元年7月31日 証券取引等監視委員会 株式会社D.U.corporation及びその役員１名による金融商品取引法違反行為に係る裁判所の禁止及び停止命令の発令について 証券取引等監視委員会が、令和元年６月26日に行った株式会社D.U.corporation（名古屋市千種区、法人番号2260001023897、資本金５万円、金融商品取引業の登録等はない。以下「当社」という。）及び当社の代表取締役に対する金融商品取引法違反行為（無登録で、投資一任契約の締結の媒介を業として行うこと）の禁止及び停止を命ずるよう求める申立てについて、本日、名古屋地方裁判所より、申立ての内容どおり、下記の命令が下された。 記 被申立人らは、いずれも、金融商品取引法29条所定の登録（ただし、業務の種別を投資助言・代理業とするもの）その他同法所定の適式の登録を受けずに、当事者の一方が、相手方から、金融商品の価値等の分析に基づく投資判断の全部又は一部を一任されるとともに、当該投資判断に基づき当該相手方のため投資を行うのに必要な権限を委任されることを内容とする契約の締結の媒介を業として行ってはならない。 （参考） 株式会社D.U.corporation及びその役員１名による金融商品取引法違反行為に係る裁判所への禁止及び停止命令発出の申立てについて
令和元年7月30日,IFP Tokyo株式会社,,IFP Tokyo株式会社及びその役員１名による金融商品取引法違反行為に係る裁判所への禁止及び停止命令発出の申立てについて,https://www.fsa.go.jp/sesc/news/c_2019/2019/20190730-1.html,English version 令和元年7月30日 証券取引等監視委員会 IFP Tokyo株式会社及びその役員１名による金融商品取引法違反行為に係る裁判所への禁止及び停止命令発出の申立てについて １．申立ての内容等 証券取引等監視委員会が、IFP Tokyo株式会社（東京都港区、法人番号8010001174066、資本金300万円、金融商品取引業の登録等はない。以下「当社」という。）に対して金融商品取引法（以下「金商法」という。）第187条第１項に基づく調査を行った結果、下記２．の事実が認められたことから、本日、証券取引等監視委員会は、金商法第192条第１項に基づき、東京地方裁判所に対し、当社及び当社の代表取締役（以下、当社と併せて「当社ら」という。）を被申立人として、金商法違反行為（無登録で、金商法第２条第２項第５号又は第６号に掲げる権利について、募集又は私募の取扱いを業として行うこと）の禁止及び停止を命ずるよう申立てを行った。 ２．事実関係 当社らは、遅くとも平成２８年３月以降、一般投資家に対し、海外集団投資スキーム持分に該当する複数の金融商品（以下「本件ファンド」という。）に係る取得勧誘を行っている。 当社代表は、ファイナンシャルプランニングに関するセミナー運営等を事業目的としている、一般社団法人日本IFP協会（大阪府大阪市中央区、法人番号3120005015763、以下「IFP協会」という。）の協会員となっており、平成28年３月、IFP協会の当時の代表理事とともに当社を設立した。 協会員は、IFP協会が主催するセミナー等への参加のほか、IFP協会から有益な業界情報等の提供を受けることができるとされているところ、本件ファンドについては、何れもIFP協会からの情報提供を受け、当社において取扱いを開始しているものである。 当社らは、本件ファンドの取得勧誘によって、平成28年３月から平成31年２月までの間に、少なくとも、延べ203名の一般投資家から約６億8000万円を出資させている。 当社らの上記行為は、金商法第28条第２項第２号に規定する「第二種金融商品取引業」に該当し、無登録でこれを行うことは、同法第29条に違反するものである。 当社らは上記違法行為を今後も行う蓋然性が高いことから、これを可及的速やかに禁止・停止させる必要がある。 (クリックすると拡大されます。) 参考条文 金融商品取引法(抄) ○第二種金融商品取引業 （定義） 第二条 この法律において「有価証券」とは、次に掲げるものをいう。 一～二十一（略） ２（前略）、次に掲げる権利は、証券又は証書に表示されるべき権利以外の権利であっても有価証券とみなして、この法律の規定を適用する。 一～四（略） 五　民法（中略）第六百六十七条第一項に規定する組合契約、商法（中略）第五百三十五条に規定する匿名組合契約、投資事業有限責任組合契約に関する法律（中略）第三条第一項に規定する投資事業有限責任組合契約又は有限責任事業組合契約に関する法律（中略）第三条第一項に規定する有限責任事業組合契約に基づく権利、社団法人の社員権その他の権利（外国の法令に基づくものを除く。）のうち、当該権利を有する者（以下この号において「出資者」という。）が出資又は拠出をした金銭（これに類するものとして政令で定めるものを含む。）を充てて行う事業（以下この号において「出資対象事業」という。）から生ずる収益の配当又は当該出資対象事業に係る財産の分配を受けることができる権利であって、次のいずれにも該当しないもの（略） イ～ニ（略） 六　外国の法令に基づく権利であって、前号に掲げる権利に類するもの 七（略） ３～７（略） ８　この法律において「金融商品取引業」とは、次に掲げる行為（略）のいずれかを業として行うことをいう。 一～八（略） 九　有価証券の募集若しくは売出しの取扱い又は私募若しくは特定投資家向け売付け勧誘等の取扱い 十～十八（略） ９～40（略） 第二十八条 （略） ２　この章において「第二種金融商品取引業」とは、金融商品取引業のうち、次に掲げる行為のいずれかを業として行うことをいう。 一（略） 二　第二条第二項の規定により有価証券とみなされる同項各号に掲げる権利についての同条第八項第一号から第三号まで、第五号、第八号又は第九号に掲げる行為 三・四（略） ３～８（略） （登録） 第二十九条 金融商品取引業は、内閣総理大臣の登録を受けた者でなければ、行うことができない。 ○緊急差止命令に係る申立て （審問等に関する調査のための処分） 第百八十七条 内閣総理大臣又は内閣総理大臣及び財務大臣は、この法律の規定による審問、この法律の規定による処分に係る聴聞又は第百九十二条の規定による申立てについて、必要な調査をするため、当該職員に、次に掲げる処分をさせることができる。 一　関係人若しくは参考人に出頭を命じて意見を聴取し、又はこれらの者から意見書若しくは報告書を提出させること。 二　鑑定人に出頭を命じて鑑定させること。 三　関係人に対し帳簿書類その他の物件の提出を命じ、又は提出物件を留めて置くこと。 四　関係人の業務若しくは財産の状況又は帳簿書類その他の物件を検査すること。 ２（略） （裁判所の禁止又は停止命令） 第百九十二条 裁判所は、次の各号のいずれかに該当すると認めるときは、内閣総理大臣又は内閣総理大臣及び財務大臣の申立てにより、当該各号に定める行為を行い、又は行おうとする者に対し、その行為の禁止又は停止を命ずることができる。 一　緊急の必要があり、かつ、公益及び投資者保護のため必要かつ適当であるとき　この法律又はこの法律に基づく命令に違反する行為 二　第二条第二項第五号若しくは第六号に掲げる権利又は同項第七号に掲げる権利（同項第五号又は第六号に掲げる権利と同様の経済的性質を有するものとして政令で定める権利に限る。）に関し出資され、又は拠出された金銭（これに類するものとして政令で定めるものを含む。）を充てて行われる事業に係る業務執行が著しく適正を欠き、かつ、現に投資者の利益が著しく害されており、又は害されることが明白である場合において、投資者の損害の拡大を防止する緊急の必要があるとき　これらの権利に係る同条第八項第七号から第九号までに掲げる行為 ２～４（略） 第百九十八条 次の各号のいずれかに該当する者は、三年以下の懲役若しくは三百万円以下の罰金に処し、又はこれを併科する。 一～七（略） 八　第百九十二条第一項又は第二項の規定による裁判所の命令に違反した者 第二百七条 法人（略）の代表者又は法人若しくは人の代理人、使用人その他の従業者が、その法人又は人の業務又は財産に関し、次の各号に掲げる規定の違反行為をしたときは、その行為者を罰するほか、その法人に対して当該各号に定める罰金刑を、その人に対して各本条の罰金刑を科する。 一・二（略） 三　第百九十八条（略）又は第百九十八条の三から第百九十八条の五まで　三億円以下の罰金刑 四～六（略） ２・３（略）
2014-10-18,告発の対象となった犯則事実 犯則嫌疑法人東郷証券株式会社,,東郷証券式会社に係る損失補填事件の告発について,https://www.fsa.go.jp/sesc/news/c_2019/2019/20190709-1.html,English version 令和元年７月９日 証券取引等監視委員会 東郷証券株式会社に係る損失補塡事件の告発について 証券取引等監視委員会は、本日、金融商品取引法違反（損失補塡）の嫌疑で、嫌疑法人１社及び嫌疑者３名を東京地方検察庁に告発した。告発の対象となった犯則事実については下記のとおり。 １．告発の対象となった犯則事実 犯則嫌疑法人東郷証券株式会社（平成２６年１０月１８日から平成２９年４月８日までの間の商号は株式会社ｅｆｘ．ｃｏｍ証券）は、東京都港区に本店を置き、金融商品取引業等を目的とする会社、犯則嫌疑者Ａは、同法人の取締役であって、その実質的経営者として業務全般を統括するとともに、商品デリバティブ取引等を目的とする株式会社さくらインベスト（以下「さくらインベスト」という。）の実質的経営者としてその業務全般を統括していたもの、犯則嫌疑者Ｂは、犯則嫌疑法人の代表取締役管理本部長として顧客からの苦情の処理等の業務を統括していたもの、犯則嫌疑者Ｃは、犯則嫌疑法人の顧問として同法人の経理業務を担当していたものであるが 第１　犯則嫌疑者Ａ及び同Ｂは、ほか数名と共謀の上、法定の除外事由がないのに、犯則嫌疑法人の業務及び財産に関し、いずれも同法人において、本人名義の取引所為替証拠金取引口座を開設し、取引所為替証拠金取引を行っていた顧客のＤほか３名に対し、そのデリバティブ取引につき、当該デリバティブ取引について生じた損失の一部を補塡するため １　平成２７年８月上旬頃、犯則嫌疑法人の顧客Ｄをして、さくらインベストに同人名義の店頭デリバティブ取引口座を開設させた上、同社従業員をして、同口座において前記Ｄの注文に係る商品差金決済取引を行ったかのように仮装して、同取引により同人に利益が生じた旨の取引内容を、同社に設置されたパーソナルコンピューターを用いてシステムに入力させる方法により、平成２８年８月中旬から平成３０年６月下旬までの間、複数回にわたり、同人が売買等を同口座で行ったかのように装い、利益を同口座に帰属させ、よって、同社をして、同人に対し、合計約６５万円相当の財産上の利益を提供させ ２　平成２８年７月中旬頃、犯則嫌疑法人の顧客Ｅをして、さくらインベストに同人名義の店頭デリバティブ取引口座を開設させた上、前記１同様の方法により、同月下旬から平成３０年１２月下旬までの間、複数回にわたり、同人が売買等を同口座で行ったかのように装い、利益を同口座に帰属させ、よって、同社をして、同人に対し、合計約２１０万円相当の財産上の利益を提供させ ３(1)　平成２８年１０月中旬頃、犯則嫌疑法人の顧客Ｆに対し、現金２０万円を提供し (2)　同月中旬頃、前記Ｆをして、さくらインベストに同人名義の店頭デリバティブ取引口座を開設させた上、前記１同様の方法により、同月下旬から平成３０年９月下旬までの間、複数回にわたり、同人が売買等を同口座で行ったかのように装い、利益を同口座に帰属させ、よって、同社をして、同人に対し、合計約２５８万円相当の財産上の利益を提供させ ４(1)　平成２８年１０月中旬頃、犯則嫌疑法人の顧客Ｇに対し、現金２０万円を提供し (2)　同月中旬頃、前記Ｇをして、さくらインベストに同人名義の店頭デリバティブ取引口座を開設させた上、前記１同様の方法により、同月下旬から平成３０年１２月中旬までの間、複数回にわたり、同人が売買等を同口座で行ったかのように装い、利益を同口座に帰属させ、よって、同社をして、同人に対し、合計約１９１万円相当の財産上の利益を提供させ 第２　犯則嫌疑者Ａ、同Ｂ及び同Ｃは、共謀の上、法定の除外事由がないのに、犯則嫌疑法人の業務及び財産に関し、いずれも同法人において、本人名義の取引所為替証拠金取引口座を開設し、取引所為替証拠金取引を行っていた顧客のＨのほか３名に対し、そのデリバティブ取引につき、当該デリバティブ取引について生じた損失の一部を補塡するため １　平成２９年１０月中旬頃、犯則嫌疑法人の顧客Ｈとの間で、犯則嫌疑法人が同人に現金１４５８万円を支払う旨の和解契約を締結した上、同契約に基づき、同月下旬から平成３０年１２月下旬までの間、複数回にわたり、同人に対し、現金合計１４５８万円を提供し ２　平成２９年１１月下旬頃、犯則嫌疑法人の顧客Ｉとの間で、犯則嫌疑法人が同人に現金１４５０万円を支払う旨の和解契約を締結した上、同契約に基づき、同月下旬から平成３０年９月下旬までの間、複数回にわたり、同人に対し、現金合計１４５０万円を提供し ３　平成２９年１１月下旬頃、犯則嫌疑法人の顧客Ｊとの間で、犯則嫌疑法人が同人に現金２０００万円を支払う旨の和解契約を締結した上、同契約に基づき、同月下旬から平成３１年１月下旬までの間、複数回にわたり、同人に対し、現金合計１６５０万円を提供し ４　平成２９年１１月下旬頃、犯則嫌疑法人の顧客Ｋとの間で、犯則嫌疑法人が同人に現金１８５０万円を支払う旨の和解契約を締結した上、同契約に基づき、同月下旬から平成３１年１月下旬までの間、複数回にわたり、同人に対し、現金合計１６５０万円を提供し たものである。 ２．関連条文 金融商品取引法 第３９条第１項第２号、第３号、第１９８条の３、第２０７条第１項第３号 刑法第６０条 法定刑：法人につき　３億円以下の罰金 個人につき　３年以下の懲役若しくは３００万円以下の罰金又はこれを併科
2018-03-30,三精テクノロジーズ株式会社,6357,三精テクノロジーズ株式会社との契約締結者の役員から伝達を受けた者による内部者取引に対する課徴金納付命令の勧告について,https://www.fsa.go.jp/sesc/news/c_2019/2019/20190705-1.html,"English version 令和元年7月5日 証券取引等監視委員会 三精テクノロジーズ株式会社との契約締結者の役員から伝達を受けた者による内部者取引に対する課徴金納付命令の勧告について １．勧告の内容 証券取引等監視委員会は、三精テクノロジーズ株式会社との契約締結者の役員から伝達を受けた者による内部者取引について検査した結果、下記のとおり法令違反の事実が認められたので、本日、内閣総理大臣及び金融庁長官に対して、金融庁設置法第２０条第１項の規定に基づき、課徴金納付命令を発出するよう勧告を行った。 ２．法令違反の事実関係 課徴金納付命令対象者は、三精テクノロジーズ株式会社（以下「三精」という。）と業務委託契約を締結していたＡ社の役員であった甲から、同人が上記契約の履行に関し知った、三精の業務執行を決定する機関がＶｅｋｏｍａ　Ｒｉｄｅｓ　Ｂ．Ｖ．の発行済株式を取得して子会社化することについての決定をした旨の重要事実の伝達を受けながら、上記重要事実の公表がされた平成３０年３月３０日より前の平成２９年１２月１日から平成３０年３月２６日までの間、自己の計算において、三精株式合計６５００株を買付価額合計７５５万６６００円で買い付けたものである。 違反行為事実の概要については、 別図 のとおり。 課徴金納付命令対象者が行った上記の行為は、金融商品取引法第１７５条第１項に規定する「第１６６条第１項又は第３項の規定に違反して、同条第１項に規定する売買等をした」行為に該当すると認められる。 ３．課徴金の額の計算 上記の違反行為に対し、金融商品取引法に基づき納付を命じられる課徴金の額は、２５７万円である。 計算方法の詳細については、 別紙 のとおり。 ４．その他 本件ついては、日本取引所自主規制法人より提供された情報も参考として、実態解明を行ったものである。 （別図） ○違反行為事実の概要について （クリックすると拡大されます） （別紙） 〇課徴金の額の計算について (1) 金融商品取引法第１７５条第１項第２号の規定により、当該有価証券の買付けについて、業務等に関する重要事実の公表がされた後２週間における最も高い価格（1,559円）に当該有価証券の買付けの数量を乗じて得た額から当該有価証券の買付けをした価格にその数量を乗じて得た額を控除した額。 （1,559円×6,500株） －（1,056円×1,100株＋1,167円×500株＋1,168円×300株＋1,169円×100株 ＋1,171円×200株＋1,172円×200株＋1,173円×500株＋1,174円×300株 ＋1,193円×3,300株） ＝2,576,900円 (2) 金融商品取引法第１７６条第２項の規定により、上記(1)で計算した額の１万円未満の端数を切捨て。"
2016-03-30,テラ株式会社,1433,テラ株式会社における有価証券報告書等の重要な事項の不記載に係る課徴金納付命令勧告について,https://www.fsa.go.jp/sesc/news/c_2019/2019/20190719-1.html,"English version 令和元年７月19日 証券取引等監視委員会 テラ株式会社における有価証券報告書等の重要な事項の不記載に係る課徴金納付命令勧告について １．勧告の内容 証券取引等監視委員会は、テラ株式会社（法人番号4010001132341）（以下「当社」という。）における有価証券報告書等の虚偽記載等について検査した結果、以下のとおり法令違反の事実が認められたので、本日、内閣総理大臣及び金融庁長官に対して、金融庁設置法第20条第１項の規定に基づき、課徴金納付命令を発出するよう勧告を行った。 ２．法令違反の事実関係 （１）継続開示書類 当社は、当時、当社の代表取締役であった者が、医療法人の財務上及び業務上の意思決定に対して重要な影響力を有していたにもかかわらず、当社と当該医療法人との取引を、「関連当事者との取引」（連結財務諸表の用語、様式及び作成方法に関する規則第15条の４の２第１項）として、連結財務諸表への注記を行わなかった。 当社は、これにより、記載すべき重要な事項の記載が欠けている有価証券報告書等を提出した。 この結果、当社は、関東財務局長に対し、金融商品取引法第172条の４第１項に規定する「記載すべき重要な事項の記載が欠けている」以下の有価証券報告書を提出したものである（「記載すべき重要な事項」の内容は別紙１のとおり。）。 ・平成27年12月期有価証券報告書（平成28年３月30日提出） ・平成28年12月期有価証券報告書（平成29年３月30日提出） ・平成29年12月期有価証券報告書（平成30年３月29日提出） （２）発行開示書類 当社は、 ア　関東財務局長に対し、平成28年12月13日、上記（１）の記載すべき重要な事項の記載が欠けている平成27年12月期有価証券報告書を組込情報とする有価証券届出書（新株予約権証券の募集）を提出し、当該有価証券届出書に基づく募集により、平成28年12月29日、30,000個の新株予約権証券を1,793,490,000円（新株予約権の行使に際して払い込むべき金額を含む。）で取得させ、 イ　関東財務局長に対し、平成29年６月30日、上記（１）の記載すべき重要な事項の記載が欠けている平成28年12月期有価証券報告書を組込情報とする有価証券届出書（株券の募集）を提出し、当該有価証券届出書に基づく募集により、平成29年７月18日、2,000,000株の株券を982,000,000円で取得させ、 ウ　関東財務局長に対し、平成30年６月13日、上記（１）の記載すべき重要な事項の記載が欠けている平成29年12月期有価証券報告書を組込情報とする有価証券届出書（株券及び新株予約権証券の募集）を提出し、当該有価証券届出書に基づく募集により、平成30年６月29日、409,900株の株券及び30,000個の新株予約権証券を1,799,331,200円で取得させた。 これらにより、当社は、関東財務局長に対し、金融商品取引法第172条の２第１項第１号に規定する「記載すべき重要な事項の記載が欠けている」発行開示書類を提出し、当該発行開示書類に基づく募集により株券等を取得させたものである。 ３．課徴金の額の計算 上記の違法行為について金融商品取引法に基づき算定される課徴金の額は、2億2,385万円である（計算方法については別紙２のとおり。）。 【別紙１】テラ株式会社に係る有価証券報告書に記載すべき重要な事項の内容 番号 有価証券報告書 記載すべき重要な事項 提出日 書類 内容 １ 平成28年 ３月30日 第12期（平成27年１月１日～平成27年12月31日）に係る有価証券報告書 ・第５【経理の状況】１【連結財務諸表等】(1)【連結財務諸表】【注記事項】【関連当事者情報】において、当社と関連当事者に該当する医療法人との重要な取引を「関連当事者との取引」として記載しなかった。 ２ 平成29年 ３月30日 第13期（平成28年１月１日～平成28年12月31日）に係る有価証券報告書 ・第５【経理の状況】１【連結財務諸表等】(1)【連結財務諸表】【注記事項】【関連当事者情報】において、当社と関連当事者に該当する医療法人との重要な取引を「関連当事者との取引」として記載しなかった。 ３ 平成30年 ３月29日 第14期（平成29年１月１日～平成29年12月31日）に係る有価証券報告書 ・第５【経理の状況】１【連結財務諸表等】(1)【連結財務諸表】【注記事項】【関連当事者情報】において、当社と関連当事者に該当する医療法人との重要な取引を「関連当事者との取引」として記載しなかった。 【別紙２】課徴金の計算方法 （１）　金融商品取引法第172条の４第１項の規定により、平成27年12月期有価証券報告書について算出した額は、当該法人が発行する算定基準有価証券の市場価額の総額に10万分の６を乗じて得た額1,042,944円が6,000,000円を超えないことから、6,000,000円となる。 （２）　金融商品取引法第172条の４第１項の規定により、平成28年12月期有価証券報告書について算出した額は、当該法人が発行する算定基準有価証券の市場価額の総額に10万分の６を乗じて得た額605,558円が6,000,000円を超えないことから、6,000,000円となる。 （３）　金融商品取引法第172条の４第１項の規定により、平成29年12月期有価証券報告書について算出した額は、当該法人が発行する算定基準有価証券の市場価額の総額に10万分の６を乗じて得た額490,024円が6,000,000円を超えないことから、6,000,000円となる。 （４）　金融商品取引法第172条の２第１項第１号の規定により、当社の平成28年12月13日提出の有価証券届出書（新株予約権証券の募集）に係る課徴金の額は、 重要な事項につき虚偽の記載がある発行開示書類に基づく募集により取得させた新株予約権証券の発行価額の総額（当該新株予約権の行使に際して払い込むべき金額を含む）1,793,490,000円の100分の4.5に相当する額である80,707,050円 に、金融商品取引法第176条第２項の規定により１万円未満の端数を切り捨てて、 80,700,000円 となる。 （５）　金融商品取引法第172条の２第１項第１号の規定により、当社の平成29年６月30日提出の有価証券届出書（株券の募集）に係る課徴金の額は、 重要な事項につき虚偽の記載がある発行開示書類に基づく募集により取得させた株券の発行価額の総額982,000,000円の100分の4.5に相当する額である44,190,000円 となる。 （６）　金融商品取引法第172条の２第１項第１号の規定により、当社の平成30年６月13日提出の有価証券届出書（株券及び新株予約権証券の募集）に係る課徴金の額は、 重要な事項につき虚偽の記載がある発行開示書類に基づく募集により取得させた株券及び新株予約権証券の発行価額の総額（当該新株予約権の行使に際して払い込むべき金額を含む）1,799,331,200円の100分の4.5に相当する額である80,969,904円 に、金融商品取引法第176条第２項の規定により１万円未満の端数を切り捨てて、 80,960,000円 となる。"
令和元年6月26日,株式会社,1301,株式会社D.U.corporation及びその役員１名による金融商品取引法違反行為に係る裁判所への禁止及び停止命令発出の申立てについて,https://www.fsa.go.jp/sesc/news/c_2019/2019/20190626-1.html,English version 令和元年6月26日 証券取引等監視委員会 株式会社D.U.corporation及びその役員１名による金融商品取引法違反行為に係る裁判所への禁止及び停止命令発出の申立てについて １．申立ての内容等 証券取引等監視委員会が、株式会社D.U.corporation（名古屋市千種区、法人番号2260001023897、資本金５万円、金融商品取引業の登録等はない。以下「当社」という。）に対して金融商品取引法（以下「金商法」という。）第187条第１項に基づく調査を行った結果、下記２．の事実が認められたことから、本日、証券取引等監視委員会は、金商法第192条第１項に基づき、名古屋地方裁判所に対し、当社及び当社の代表取締役（以下、当社と併せて「当社ら」という。）を被申立人として、金商法違反行為（無登録で、投資一任契約の締結の媒介を業として行うこと）の禁止及び停止を命ずるよう申立てを行った。 ２．事実関係 当社らは、シンガポール共和国籍の法人であるRoyal Tree Capital Singapore Pte. Ltd.（以下「ロイヤル社」という。）と業務委託契約を締結し、遅くとも平成29年10月以降、一般投資家に対し、同社の提供する為替自動売買システム（注）を含む商品（「Security」との名称であり、「S」と通称されている。）の取得勧誘を行っている。 （注）専用のアプリケーションを通じて、サーバ上に設置されたプログラムにアクセスして利用するもの。顧客が運用口座に入金のうえ稼動申請を行うと、顧客自身が取引の時期・内容について指示・選択する余地はなく、プログラムが決定したとおりに取引が行われる。 当該為替自動売買システムについて、顧客が運用口座に入金した資金は、ロイヤル社の関連会社であり、サモア独立国籍の法人であるBright Friends Limited.（以下「ブライト社」という。）がFX取引等により運用を行うとしており、その利用にあたっては、入金した資金について、最終的な投資判断及び投資を行うに必要な権限をブライト社に委任すること等を内容とする規約に同意することとされている。 これは、金商法２条８項12号ロに規定する投資一任契約に該当する。 そして、一般投資家を相手方として反復継続して、為替自動売買システムを含む商品（「S」）を販売し、同システムの使用に必要な上記規約に同意させることで、同システムを利用した投資一任契約の成立に尽力している当社らの行為は、同項13号に規定する投資一任契約の締結の媒介を業として行っていたものに該当する。 当社らの上記行為は、金商法第28条第３項第２号に規定する「投資助言・代理業」に該当し、無登録でこれを行うことは、同法第29条に違反するものである。 当社らは、平成29年10月から平成31年３月までの間に、少なくとも613名の一般投資家に対し同商品を取得させ、その対価として約５億3000万円を支払わせている。 当社らは上記違法行為を今後も行う蓋然性が高いことから、これを可及的速やかに禁止・停止させる必要がある。 (クリックすると拡大されます。) 参考条文 金融商品取引法(抄) ○投資助言・代理業 （定義） 第二条 （略） ２～７（略） ８　この法律において「金融商品取引業」とは、次に掲げる行為（略）のいずれかを業として行うことをいう。 一～十一（略） 十二（略） イ（略） ロ　イに掲げるもののほか、当事者の一方が、相手方から、金融商品の価値等の分析に基づく投資判断の全部又は一部を一任されるとともに、当該投資判断に基づき当該相手方のため投資を行うのに必要な権限を委任されることを内容とする契約（以下「投資一任契約」という。） 十三　投資顧問契約又は投資一任契約の締結の代理又は媒介 十四～十八（略） ９～39　（略） 第二十八条 （略） ２（略） ３　この章において「投資助言・代理業」とは、金融商品取引業のうち、次に掲げる行為のいずれかを業として行うことをいう。 一（略） 二　第二条第八項第十三号に掲げる行為 ４～８　（略） （登録） 第二十九条 金融商品取引業は、内閣総理大臣の登録を受けた者でなければ、行うことができない。 ○緊急差止命令に係る申立て （審問等に関する調査のための処分） 第百八十七条 内閣総理大臣又は内閣総理大臣及び財務大臣は、この法律の規定による審問、この法律の規定による処分に係る聴聞又は第百九十二条の規定による申立てについて、必要な調査をするため、当該職員に、次に掲げる処分をさせることができる。 一　関係人若しくは参考人に出頭を命じて意見を聴取し、又はこれらの者から意見書若しくは報告書を提出させること。 二　鑑定人に出頭を命じて鑑定させること。 三　関係人に対し帳簿書類その他の物件の提出を命じ、又は提出物件を留めて置くこと。 四　関係人の業務若しくは財産の状況又は帳簿書類その他の物件を検査すること。 ２（略） （裁判所の禁止又は停止命令） 第百九十二条 裁判所は、次の各号のいずれかに該当すると認めるときは、内閣総理大臣又は内閣総理大臣及び財務大臣の申立てにより、当該各号に定める行為を行い、又は行おうとする者に対し、その行為の禁止又は停止を命ずることができる。 一　緊急の必要があり、かつ、公益及び投資者保護のため必要かつ適当であるとき　この法律又はこの法律に基づく命令に違反する行為 二　第二条第二項第五号若しくは第六号に掲げる権利又は同項第七号に掲げる権利（同項第五号又は第六号に掲げる権利と同様の経済的性質を有するものとして政令で定める権利に限る。）に関し出資され、又は拠出された金銭（これに類するものとして政令で定めるものを含む。）を充てて行われる事業に係る業務執行が著しく適正を欠き、かつ、現に投資者の利益が著しく害されており、又は害されることが明白である場合において、投資者の損害の拡大を防止する緊急の必要があるとき　これらの権利に係る同条第八項第七号から第九号までに掲げる行為 ２～４（略） 第百九十八条 次の各号のいずれかに該当する者は、三年以下の懲役若しくは三百万円以下の罰金に処し、又はこれを併科する。 一～七（略） 八　第百九十二条第一項又は第二項の規定による裁判所の命令に違反した者 第二百七条 法人（略）の代表者又は法人若しくは人の代理人、使用人その他の従業者が、その法人又は人の業務又は財産に関し、次の各号に掲げる規定の違反行為をしたときは、その行為者を罰するほか、その法人に対して当該各号に定める罰金刑を、その人に対して各本条の罰金刑を科する。 一・二（略） 三　第百九十八条（略）又は第百九十八条の三から第百九十八条の五まで　三億円以下の罰金刑 四～六（略） ２・３（略）
2017-04-01,株式会社アドバンスト・メディア社員から伝達,,株式会社アドバンスト・メディア社員から伝達を受けた者による内部者取引及び当該社員による重要事実に係る伝達行為に対する課徴金納付命令の勧告について,https://www.fsa.go.jp/sesc/news/c_2019/2019/20190625-1.html,"English version 令和元年6月25日 証券取引等監視委員会 株式会社アドバンスト・メディア社員から伝達を受けた者による内部者取引及び当該社員による重要事実に係る伝達行為に対する課徴金納付命令の勧告について １．勧告の内容 証券取引等監視委員会は、株式会社アドバンスト・メディア社員から伝達を受けた者による内部者取引及び当該社員による重要事実に係る伝達行為について検査した結果、下記のとおり法令違反の事実が認められたので、本日、内閣総理大臣及び金融庁長官に対して、金融庁設置法第２０条第１項の規定に基づき、課徴金納付命令を発出するよう勧告を行った。 ２．法令違反の事実関係 （１）課徴金納付命令対象者（１）について 課徴金納付命令対象者（１）は、株式会社アドバンスト・メディア（以下「アドバンスト」という。）の社員である課徴金納付命令対象者（２）から、同人がその職務に関し知った、同社の属する企業集団の平成２９年４月１日から平成３０年３月３１日までの事業年度の経常利益及び親会社株主に帰属する当期純利益（以下「当期純利益」という。）について、平成３０年２月９日に公表がされた直近の予想値（経常利益２億７０００万円、当期純利益２億４０００万円）に比較して、同社が新たに算出した予想値において、投資者の投資判断に及ぼす影響が重要なものとなる差異が生じた旨の重要事実の伝達を受けながら、同社において新たに算出した同事業年度の予想値（経常利益６億円、当期純利益５億円）の公表がされた平成３０年４月１８日午後０時頃より前の同日午前９時頃、自己の計算において、アドバンスト株式合計２５００株を買付価額合計４５２万７５００円で買い付けたものである。 違反行為事実の概要については、 別図 のとおり。 課徴金納付命令対象者（１）が行った上記の行為は、金融商品取引法第１７５条第１項に規定する「第１６６条第１項又は第３項の規定に違反して、同条第１項に規定する売買等をした」行為に該当すると認められる。 （２）課徴金納付命令対象者（２）について 課徴金納付命令対象者（２）は、アドバンストの社員であるが、同人がその職務に関し知った、同社の属する企業集団の平成２９年４月１日から平成３０年３月３１日までの事業年度の経常利益及び当期純利益について、平成３０年２月９日に公表がされた直近の予想値（経常利益２億７０００万円、当期純利益２億４０００万円）に比較して、同社が新たに算出した予想値において、投資者の投資判断に及ぼす影響が重要なものとなる差異が生じた旨の重要事実を、課徴金納付命令対象者（１）に対し、同社において新たに算出した同事業年度の予想値（経常利益６億円、当期純利益５億円）の公表がされる前にアドバンスト株式の買付けをさせることにより、同人に利益を得させる目的をもって、伝達したものである。 課徴金納付命令対象者（１）は、上記重要事実の公表がされた平成３０年４月１８日午後０時頃より前の同日午前９時頃、アドバンスト株式合計２５００株を買付価額合計４５２万７５００円で買い付けたものである。 違反行為事実の概要については、 別図 のとおり。 課徴金納付命令対象者（２）が行った上記の行為は、金融商品取引法第１７５条の２第１項に規定する「第１６７条の２第１項の規定に違反して、同項の伝達をし、又は同項の売買等をすることを勧める」行為に該当すると認められる。 ３．課徴金の額の計算 上記の違反行為に対し、金融商品取引法に基づき納付を命じられる課徴金の額は、下記のとおりである。 課徴金納付命令対象者（１）６９万円 課徴金納付命令対象者（２）３４万円 計算方法の詳細については、 別紙 のとおり。 ４．その他 本件については、日本取引所自主規制法人より提供された情報を参考として、実態解明を行ったものである。 （別図） ○違反行為事実の概要について （クリックすると拡大されます） （別紙） ○課徴金の額の計算方法について １． 課徴金納付命令対象者（１）について （１）金融商品取引法第１７５条第１項第２号の規定により、当該有価証券の買付けについて、業務等に関する重要事実の公表がされた後２週間における最も高い価格（2,088円）に当該有価証券の買付けの数量を乗じて得た額から当該有価証券の買付けをした価格にその数量を乗じて得た額を控除した額。 （2,088円×2,500株） －（1,811円×2,500株） ＝692,500円 （２）金融商品取引法第１７６条第２項の規定により、上記（１）で計算した額の１万円未満の端数を切捨て。 ２． 課徴金納付命令対象者（２）について （１）金融商品取引法第１７５条の２第１項第３号の規定により、当該違反行為により当該情報受領者等が行った当該買付けによって得た利得相当額に２分の１を乗じて得た額。 利得相当額とは、同条第３項第２号の規定により、情報受領者等が特定有価証券等の買付けをした場合、当該特定有価証券等の買付けについて、業務等に関する重要事実の公表がされた後２週間における最も高い価格（2,088円）に当該特定有価証券等の買付けの数量を乗じて得た額から当該特定有価証券等の買付けをした価格にその数量を乗じて得た額を控除した額。 ｛（2,088円×2,500株） －（1,811円×2,500株）｝×1／2 ＝346,250円 （２）金融商品取引法第１７６条第２項の規定により、上記（１）で計算した額の１万円未満の端数を切捨て。"
令和元年6月21日,東海投資助言サービス合同会社,,東海投資助言サービス合同会社に対する検査結果に基づく勧告について,https://www.fsa.go.jp/sesc/news/c_2019/2019/20190621-3.html,English version 令和元年6月21日 証券取引等監視委員会 東海投資助言サービス合同会社に対する検査結果に基づく勧告について １．勧告の内容 東海財務局長が東海投資助言サービス合同会社（名古屋市港区、法人番号9180003009260、代表社員Ａ（以下「Ａ代表」という。）、資本金300万円、常勤役職員１名、投資助言・代理業）を検査した結果、下記のとおり、当該金融商品取引業者に係る問題が認められたので、本日、証券取引等監視委員会は、内閣総理大臣及び金融庁長官に対して、金融庁設置法第20条第１項の規定に基づき、行政処分を行うよう勧告した。 ２．事実関係 （１）無登録業者に対する名義貸し 東海投資助言サービス合同会社（以下「当社」という。）は、平成25年１月頃から、株式会社オープニングベル（名古屋市中村区、法人番号8180001090081、代表取締役Ｂ（以下「Ｂ社長」という。）、金融商品取引業の登録はない。以下「オープニングベル社」という。）の関係者４名を当社の助言分析を行う等の重要な使用人として東海財務局長に届け出た上で、投資助言・代理業を行わせていた。 しかしながら、当社は、オープニングベル社の関係者４名が行う投資助言行為に全く関与しておらず、当該４名は、オープニングベル社のＢ社長の指揮監督の下、投資助言行為を行っていたなど、当社の重要な使用人であるとの外観を装ったに過ぎず、オープニングベル社に対し、当社の名義をもって投資助言・代理業を行わせていたものと認められる。 オープニングベル社は、平成26年10月以降、少なくとも363名に対し、国内株式に係る売買のタイミングや価格等を電子メールで配信する方法により投資助言行為を行っていた。 当社が行った上記行為は、自己の名義をもって、他人に金融商品取引業を行わせたものであり、金融商品取引法（以下「金商法」という。）第36条の３に違反するものと認められる。 （２）投資助言・代理業を適確に遂行するに足りる人的構成が確保されていない状況 当社は、業務のほとんどをオープニングベル社に名義を貸して行わせている状況にあり、当社のＡ代表は、こうした状況が名義貸しに該当することを認識しながら、収益の確保を優先し、当該状況を継続していた。 当社は、唯一の常勤役職員であるＡ代表の法令等遵守意識が欠如しており、投資助言・代理業を適確に遂行するに足りる人的構成が確保されていないものと認められる。 当社における上記の状況は、金商法第29条の４第１項第１号ホに定める「金融商品取引業を適確に遂行するに足りる人的構成を有しない者」に該当し、このような当社の状況は、同法第52条第１項第１号に該当するものと認められる。 （参考条文） ○　金融商品取引法（昭和23年法律第25号）（抄） （登録の拒否） 第二十九条の四　内閣総理大臣は、登録申請者が次の各号のいずれかに該当するとき、又は登録申請書若しくはこれに添付すべき書類若しくは電磁的記録のうちに虚偽の記載若しくは記録があり、若しくは重要な事実の記載若しくは記録が欠けているときは、その登録を拒否しなければならない。 一　次のいずれかに該当する者 イ～ニ　（略） ホ　金融商品取引業を適確に遂行するに足りる人的構成を有しない者 （以下、略） （名義貸しの禁止） 第三十六条の三　金融商品取引業者等は、自己の名義をもつて、他人に金融商品取引業（登録金融機関にあつては、登録金融機関業務。以下この款において同じ。）を行わせてはならない。 （金融商品取引業者に対する監督上の処分） 第五十二条　内閣総理大臣は、金融商品取引業者が次の各号のいずれかに該当する場合においては、当該金融商品取引業者の第二十九条の登録を取り消し、第三十条第一項の認可を取り消し、又は六月以内の期間を定めて業務の全部若しくは一部の停止を命ずることができる。 一　第二十九条の四第一項第一号、第二号又は第三号に該当することとなつたとき （以下、略）
2017-10-09,株式会社神戸製鋼所社員２名による内部者取引,,株式会社神戸製鋼所社員２名による内部者取引に対する課徴金納付命令の勧告について,https://www.fsa.go.jp/sesc/news/c_2019/2019/20190621-2.html,"English version 令和元年6月21日 証券取引等監視委員会 株式会社神戸製鋼所社員２名による内部者取引に対する課徴金納付命令の勧告について １．勧告の内容 証券取引等監視委員会は、株式会社神戸製鋼所社員２名による内部者取引について検査した結果、下記のとおり法令違反の事実が認められたので、本日、内閣総理大臣及び金融庁長官に対して、金融庁設置法第２０条第１項の規定に基づき、課徴金納付命令を発出するよう勧告を行った。 ２．法令違反の事実関係 （１）課徴金納付命令対象者（１）について 課徴金納付命令対象者（１）は、株式会社神戸製鋼所（以下「神戸製鋼」という。）の社員であるが、その職務に関し、神戸製鋼のアルミ・銅事業部門において、顧客と取り交わした製品仕様を満たさない不適合製品を、検査結果の改ざん等を行うことにより、当該仕様に適合する製品として、出荷していたことが判明した旨の神戸製鋼の運営、業務又は財産に関する重要な事実であって投資者の投資判断に著しい影響を及ぼす事実を知りながら、上記事実の公表がされた平成２９年１０月９日より前の同月４日及び同月５日、自己の計算において、神戸製鋼株式合計６０００株を売付価額合計８０５万２０００円で売り付けたものである。 （２）課徴金納付命令対象者（２）について 課徴金納付命令対象者（２）は、神戸製鋼の社員であるが、その職務に関し、神戸製鋼のアルミ・銅事業部門において、顧客と取り交わした製品仕様を満たさない不適合製品を、検査結果の改ざん等を行うことにより、当該仕様に適合する製品として、出荷していたことが判明した旨の神戸製鋼の運営、業務又は財産に関する重要な事実であって投資者の投資判断に著しい影響を及ぼす事実を知りながら、上記事実の公表がされた平成２９年１０月９日より前の同月６日、自己の計算において、神戸製鋼株式合計２００株を売付価額合計２７万２６００円で売り付けたものである。 違反行為事実の概要については、 別図 のとおり。 課徴金納付命令対象者（１）及び（２）が行った上記の各行為は、金融商品取引法第１７５条第１項に規定する「第１６６条第１項又は第３項の規定に違反して、同条第１項に規定する売買等をした」行為に該当すると認められる。 ３．課徴金の額の計算 上記の各違反行為に対し、金融商品取引法に基づき納付を命じられる課徴金の額は、下記のとおりである。 課徴金納付命令対象者（１）３４０万円 課徴金納付命令対象者（２）　１１万円 計算方法の詳細については、 別紙 のとおり。 ４．その他 本件については、日本取引所自主規制法人より提供された情報も参考として、実態解明を行ったものである。 （別図） ○違反行為事実の概要について （クリックすると拡大されます） （別紙） ○課徴金の額の計算方法について １． 課徴金納付命令対象者（１）について （１）金融商品取引法第１７５条第１項第１号の規定により、当該有価証券の売付けについて、当該有価証券の売付けをした価格にその数量を乗じて得た額から業務等に関する重要事実の公表がされた後２週間における最も低い価格（774円）に当該有価証券の売付けの数量を乗じて得た額を控除した額。 （1,341円×3,000株＋1,343円×3,000株）－（774円×6,000株） ＝3,408,000円 （２）金融商品取引法第１７６条第２項の規定により、上記（１）で計算した額の１万円未満の端数を切捨て。 ２． 課徴金納付命令対象者（２）について （１）金融商品取引法第１７５条第１項第１号の規定により、当該有価証券の売付けについて、当該有価証券の売付けをした価格にその数量を乗じて得た額から業務等に関する重要事実の公表がされた後２週間における最も低い価格（774円）に当該有価証券の売付けの数量を乗じて得た額を控除した額。 （1,363円×200株）－（774円×200株） ＝117,800円 （２）金融商品取引法第１７６条第２項の規定により、上記（１）で計算した額の１万円未満の端数を切捨て。"
2014-06-27,イメージ情報開発株式会社,3803,イメージ情報開発株式会社における有価証券報告書の虚偽記載に係る課徴金納付命令勧告について,https://www.fsa.go.jp/sesc/news/c_2019/2019/20190621-1.html,"English version 令和元年６月21日 証券取引等監視委員会 イメージ情報開発株式会社における有価証券報告書の虚偽記載に係る課徴金納付命令勧告について １．勧告の内容 証券取引等監視委員会は、イメージ情報開発株式会社（法人番号7010001141249）（以下「当社」という。）における有価証券報告書の虚偽記載について検査した結果、以下のとおり法令違反の事実が認められたので、本日、内閣総理大臣及び金融庁長官に対して、金融庁設置法第20条第１項の規定に基づき、課徴金納付命令を発出するよう勧告を行った。 ２．法令違反の事実関係 当社は、他の会社に対して行っていた当社従業員の派遣に係る売上の一部について、前倒し計上を行った。 この結果、当社は、関東財務局長に対し、金融商品取引法第172条の４第１項に規定する「重要な事項につき虚偽の記載」がある以下の有価証券報告書を提出したものである（「重要な事項につき虚偽の記載」の内容は別紙１のとおり。）。 ・平成26年３月期有価証券報告書（平成26年６月27日提出） ３．課徴金の額の計算 上記の違法行為について金融商品取引法に基づき算定される課徴金の額は、600万円である。（計算方法については別紙２のとおり。） 【別紙１】イメージ情報開発株式会社に係る有価証券報告書の虚偽記載内容 番号 開示書類 虚偽記載 提出日 書類 会計期間 財務計算に 関する書類 主な内容（注） 主な事由 １ 平成26年 ６月27日 第39期（平成25年４月１日～平成26年３月31日）に係る有価証券報告書 平成25年４月１日～平成26年３ 月31日の連結会計期間 連結 損益計算書 連結当期純利益が▲8百万円であるところを12百万円と記載 ・売上の前倒し計上 （注）金額は百万円未満切捨てである。 【別紙２】課徴金の計算方法 金融商品取引法第172条の４第１項の規定により、平成26年３月期有価証券報告書について算出した額は、当該法人が発行する算定基準有価証券の市場価額の総額に10万分の６を乗じて得た額64,600円が6,000,000円を超えないことから、6,000,000円となる。"
令和元年6月20日,受託する証券会社・投資銀行,,「金融商品取引法における課徴金事例集～不公正取引編～」の公表について,https://www.fsa.go.jp/sesc/jirei/torichou/20190620.html,"令和元年６月２０日 証券取引等監視委員会 「金融商品取引法における課徴金事例集～不公正取引編～」の公表について 証券取引等監視委員会では、「金融商品取引法における課徴金事例集～不公正取引編～」について、 別紙 （PDF:3,289KB） のとおり取りまとめましたので、公表します。 本書は、証券取引等監視委員会（以下、「証券監視委」という。）が、平成30年4月から平成31年3月までの間に、金融商品取引法違反となる不公正取引に関し課徴金納付命令の勧告を行った事案の概要を取りまとめ、事例として紹介するものです。 本年度の事例集においては、全ての市場利用者がルールを守るための参考としていただけるよう、①勧告事案を分析した上で、事案の概要に留まらず、事案の意義・特徴を出来るだけ記載するとともに、②市場利用者の関心が高いと思われるテーマについては、インサイダー取引関連として「インサイダー取引規制における『公表』とは」「社内規程による自社株売買許可」、相場操縦関連として「大型株やデリバティブ取引による相場操縦」、さらに偽計関連として「フル板情報とは」等を監視委コラムとして新設しました。また、③見やすさ、分かりやすさを重視し、１事案を見開きページで掲載したほか、相場操縦についてはグラフ、表及び株価チャート等を活用し、偽計については「偽計事例に関する用語の説明」を設けるなど、複雑化する取引手法の可視化に努め、内容の充実を図りました。 証券監視委としては、不公正取引の未然防止という観点から、本書を、 （１）重要事実の発生源となる上場会社等におけるインサイダー取引管理態勢の一層の充実 （２）公開買付け等企業再編の当事者からフィナンシャル・アドバイザリー業務等を受託する証券会社・投資銀行等における重要事実等の情報管理の徹底 （３）証券市場のゲートキーパーとしての役割を担う証券会社における適正な売買審査の実施 のためにそれぞれ役立てていただくことを期待しています。 また、一般投資者におかれましても、不公正取引の疑いがある場合には、証券監視委による調査等の対象となり、法令違反が認められた場合には課徴金が課されることを十分にご理解いただければ幸いです。 本書が活用されることにより、全ての市場利用者による自己規律の強化、市場の公正性・透明性の確保及び投資者保護につながることを強く期待しています。 過去の課徴金事例集はこちら"
2018-12-03,株式会社ファインドエッジ,,株式会社ファインドエッジに対する検査結果に基づく勧告について,https://www.fsa.go.jp/sesc/news/c_2019/2019/20190618-1.html,English version 令和元年6月18日 証券取引等監視委員会 株式会社ファインドエッジに対する検査結果に基づく勧告について １．勧告の内容 近畿財務局長が株式会社ファインドエッジ（大阪市北区、法人番号1120901018128、資本金200万円、常勤役職員１名、旧法特例業務届出者、金融商品取引業の登録はない。）を検査した結果、下記のとおり、当該旧法特例業務届出者に係る問題が認められたので、本日、証券取引等監視委員会は、内閣総理大臣及び金融庁長官に対して、金融庁設置法第20条第１項の規定に基づき、行政処分を行うよう勧告した。 ２．事実関係 ○　ファンドに係る杜撰な業務運営 株式会社ファインドエッジ（以下「当社」という。）は、検査基準日（平成30年12月３日）において、５本のファンドの運用を行っているが、平成27年10月頃から、ファンドの運用業務を縮小し、現在は清算に向けた業務を行っている。こうした中、今回検査において、ファンドの清算状況を検証したところ、以下の問題が認められた。 ア　ファンド出資金を他のファンドの償還等へ流用している状況 当社は、平成27年頃から、当社が運用する甲ファンドの出資金の一部について、カンボジア国内で外国為替証拠金取引業務を行うとする法人を設立する資金に投資していたが、同事業が失敗したことから、同29年５月12日に、同事業に投資された出資金約4500万円のうち約508万円相当が暗号資産により当社に返還された。 しかしながら、当社は、返還された出資金を甲ファンドの出資者への償還に充てることなく、他のファンドの出資者のうち当社代表と親しい関係にある者等に対する償還金や、当社代表の私的費用等の一部として流用していた。 上記の行為は、金融商品取引法の一部を改正する法律（平成27年法律第32号。以下「平成27年改正法」という。）附則第２条第２項及び金融商品取引法第63条第11項によって適用される金融商品取引法第42条第１項に規定する忠実義務に違反するものと認められる。 イ　報告徴取命令に対する虚偽報告 当社は、ファンドの清算を行う中、近畿財務局長より、平成28年２月22日付けで出資者への返済原資に係る報告徴取命令を受け、これに対する報告書において、３本のファンドの返済資金は、経営コンサルティング業を営むとされる法人に対する貸付金を原資とする旨の報告を行っている。 しかしながら、実際には、当該法人は平成28年２月17日に清算結了しており、当社代表は当該事実を知っていたにもかかわらず、当社は、当該法人が未だに存続しているものとして、近畿財務局長に対し、虚偽の報告を行っていた。 上記の行為は、平成27年法律第32号による改正前の金融商品取引法第63条第７項に規定する報告徴取命令に違反し、平成27年改正法附則第２条第２項によって適用される金融商品取引法第63条の５第１項に規定する「業務の運営に関し、公益又は投資者保護のため必要かつ適当であると認めるとき」に該当するものと認められる。 （参考条文） ○　金融商品取引法（昭和23年法律第25号）（抄） （権利者に対する義務） 第四十二条　金融商品取引業者等は、権利者（次の各号に掲げる業務の区分に応じ当該各号に定める者をいう。以下この款において同じ。）のため忠実に投資運用業を行わなければならない。 一・二　（略） 三　第二条第八項第十五号に掲げる行為を行う業務　同号イからハまでに掲げる権利その他同号に規定する政令で定める権利を有する者 ２　（略） （適格機関投資家等特例業務） 第六十三条　次の各号に掲げる行為については、第二十九条及び第三十三条の二の規定は、適用しない。 一　（略） 二　第二条第二項第五号又は第六号に掲げる権利（同一の出資対象事業（同項第五号に規定する出資対象事業をいう。）に係る当該権利を有する者が適格機関投資家等（前号イからハまでのいずれにも該当しないものに限る。）のみであるものに限る。）を有する適格機関投資家等から出資され、又は拠出された金銭（これに類するものとして政令で定めるものを含む。）の運用を行う同条第八項第十五号に掲げる行為（投資者の保護に支障を生ずるおそれがあるものとして内閣府令で定めるものを除く。） ２～10　（略） 11　特例業務届出者が適格機関投資家等特例業務を行う場合においては、当該特例業務届出者を金融商品取引業者とみなして、第一節第五款、第三十六条第一項、第三十六条の三、第三十七条、第三十七条の三、第三十七条の四、第三十八条（第一号、第二号及び第九号に係る部分に限る。）、第三十九条（第四項及び第六項を除く。）、第四十条、第四十条の三、第四十条の三の二、第四十二条、第四十二条の二、第四十二条の四、第四十二条の七及び第四十五条並びにこれらの規定に係る第八章及び第八章の二の規定を適用する。 （以下、略） （特例業務届出者に対する監督上の処分等） 第六十三条の五　内閣総理大臣は、特例業務届出者の業務の運営に関し、公益又は投資者保護のため必要かつ適当であると認めるときは、その必要の限度において、当該特例業務届出者に対し、業務の運営の改善に必要な措置をとるべきことを命ずることができる。 （以下、略） ○　附　則　（平成二七年六月三日法律第三二号）　抄 （経過措置） 第二条　この法律の施行の際現にこの法律による改正前の金融商品取引法（以下この項において「旧法」という。）第六十三条第一項第二号に掲げる行為に係る同条第二項に規定する適格機関投資家等特例業務（この法律による改正後の金融商品取引法（以下「新法」という。）第六十三条第一項第二号に掲げる行為に係るものを除く。以下この項において「旧法第二号適格機関投資家等特例業務」という。）を行っている旧法特例業務届出者（旧法第六十三条第三項に規定する特例業務届出者をいう。次項及び次条第一項において同じ。）及び旧法届出金融商品取引業者等（旧法第六十三条の三第一項の規定による届出をした金融商品取引業者等（旧法第三十四条に規定する金融商品取引業者等をいう。）をいう。第三項及び次条第一項において同じ。）は、当該旧法第二号適格機関投資家等特例業務（この法律の施行の日（以下「施行日」という。）前に取得の申込みの勧誘を開始した権利に係るものに限る。以下この条において「旧法適格機関投資家等特例投資運用業務」という。）が終了するまでの間は、新法第二十九条の規定にかかわらず、引き続き旧法適格機関投資家等特例投資運用業務を行うことができる。 ２　前項の規定により旧法特例業務届出者が引き続き旧法適格機関投資家等特例投資運用業務を行う場合においては、当該旧法特例業務届出者を新法第六十三条第五項に規定する特例業務届出者とみなして、同項から同条第八項まで及び同条第十一項から第十三項まで並びに新法第六十三条の二、第六十三条の四から第六十三条の七まで、第六十五条の二、第六十五条の四、第百八十八条並びに第百九十四条の七第二項及び第三項の規定並びにこれらの規定に係る新法第八章及び第八章の二の規定を適用する。 （以下、略） ３　（略） ○　金融商品取引法（昭和23年法律第25号） （平成27年法律第32号による改正前）（抄） （適格機関投資家等特例業務） 第六十三条　（略） ２～６（略） ７　内閣総理大臣は、特例業務届出者の業務に係る状況を確認するため特に必要があると認めるときは、その必要の限度において、当該特例業務届出者、これと取引をする者又は当該特例業務届出者から業務の委託を受けた者（その者から委託（二以上の段階にわたる委託を含む。）を受けた者を含む。次項において同じ。）に対し第二項の届出に関し参考となるべき報告又は資料の提出を命ずることができる。 （以下、略）
2017-10-31,株式会社ＵＭＮファーマ,,株式会社ＵＭＮファーマとの契約締結交渉者の役員から伝達を受けた者による内部者取引及び当該役員による重要事実に係る伝達行為に対する課徴金納付命令の勧告について,https://www.fsa.go.jp/sesc/news/c_2019/2019/20190531-1.html,"English version 令和元年5月31日 証券取引等監視委員会 株式会社ＵＭＮファーマとの契約締結交渉者の役員から伝達を受けた者による内部者取引及び当該役員による重要事実に係る伝達行為に対する課徴金納付命令の勧告について １．勧告の内容 証券取引等監視委員会は、株式会社ＵＭＮファーマとの契約締結交渉者の役員から伝達を受けた者による内部者取引及び当該役員による重要事実に係る伝達行為について検査した結果、下記のとおり法令違反の事実が認められたので、本日、内閣総理大臣及び金融庁長官に対して、金融庁設置法第２０条第１項の規定に基づき、課徴金納付命令を発出するよう勧告を行った。 ２．法令違反の事実関係 （１）課徴金納付命令対象者（１）について 課徴金納付命令対象者（１）は、株式会社ＵＭＮファーマ（以下「ＵＭＮファーマ」という。）と、ＵＭＮファーマの資産等に関する契約の締結交渉をしていたＡ社の役員である課徴金納付命令対象者（２）から、同人がそれらの契約締結交渉に関し知った、ＵＭＮファーマの業務執行を決定する機関が、塩野義製薬株式会社との業務上の提携を行うことについての決定をした旨の重要事実の伝達を受けながら、上記重要事実の公表がされた平成２９年１０月３１日より前の同月３０日、自己の計算において、ＵＭＮファーマ株式合計４５００株を買付価額合計１３２万５５００円で買い付けたものである。 違反行為事実の概要については、 別図 のとおり。 課徴金納付命令対象者（１）が行った上記の行為は、金融商品取引法第１７５条第１項に規定する「第１６６条第１項又は第３項の規定に違反して、同条第１項に規定する売買等をした」行為に該当すると認められる。 （２）課徴金納付命令対象者（２）について 課徴金納付命令対象者（２）は、Ａ社の役員であるが、同人が、ＵＭＮファーマとの、ＵＭＮファーマの資産等に関する契約の締結交渉に関し知った、ＵＭＮファーマの業務執行を決定する機関が、塩野義製薬株式会社との業務上の提携を行うことについての決定をした旨の重要事実を、課徴金納付命令対象者（１）に対し、上記重要事実の公表がされる前にＵＭＮファーマ株式の買付けをさせることにより、同人に利益を得させる目的をもって、伝達したものである。 課徴金納付命令対象者（１）は、上記重要事実の公表がされた平成２９年１０月３１日より前の同月３０日、ＵＭＮファーマ株式合計４５００株を買付価額合計１３２万５５００円で買い付けたものである。 違反行為事実の概要については、 別図 のとおり。 課徴金納付命令対象者（２）が行った上記の行為は、金融商品取引法第１７５条の２第１項に規定する「第１６７条の２第１項の規定に違反して、同項の伝達をし、又は同項の売買等をすることを勧める」行為に該当すると認められる。 ３．課徴金の額の計算 上記の違反行為に対し、金融商品取引法に基づき納付を命じられる課徴金の額は、下記のとおりである。 課徴金納付命令対象者（１）２６７万円 課徴金納付命令対象者（２）１３３万円 計算方法の詳細については、 別紙 のとおり。 ４．その他 本件については、日本取引所自主規制法人より提供された情報も参考として、実態解明を行ったものである。 （別図） ○違反行為事実の概要について （クリックすると拡大されます） （別紙） ○課徴金の額の計算方法について １． 課徴金納付命令対象者（１）について （１）金融商品取引法第１７５条第１項第２号の規定により、当該有価証券の買付けについて、業務等に関する重要事実の公表がされた後２週間における最も高い価格（888円）に当該有価証券の買付けの数量を乗じて得た額から当該有価証券の買付けをした価格にその数量を乗じて得た額を控除した額。 （888円×4,500株） －（294円×2,000株＋295円×2,500株） ＝2,670,500円 （２）金融商品取引法第１７６条第２項の規定により、上記（１）で計算した額の１万円未満の端数を切捨て。 ２． 課徴金納付命令対象者（２）について （１）金融商品取引法第１７５条の２第１項第３号の規定により、当該違反行為により当該情報受領者等が行った当該買付けによって得た利得相当額に２分の１を乗じて得た額。 利得相当額とは、同条第３項第２号の規定により、情報受領者等が特定有価証券等の買付けをした場合、当該特定有価証券等の買付けについて、業務等に関する重要事実の公表がされた後２週間における最も高い価格（888円）に当該特定有価証券等の買付けの数量を乗じて得た額から当該特定有価証券等の買付けをした価格にその数量を乗じて得た額を控除した額。 ｛（888円×4,500株） －（294円×2,000株＋295円×2,500株）｝×1／2 ＝1,335,250円 （２）金融商品取引法第１７６条第２項の規定により、上記（１）で計算した額の１万円未満の端数を切捨て。"
2019-04-19,シティグループ証券株式会社,,シティグループ証券株式会社に対する検査結果に基づく勧告について,https://www.fsa.go.jp/sesc/news/c_2019/2019/20190419-1.html,English version 平成31年4月19日 証券取引等監視委員会 シティグループ証券株式会社に対する検査結果に基づく勧告について １．勧告の内容 証券取引等監視委員会がシティグループ証券株式会社（東京都千代田区、法人番号 7010001113388、資本金963億円、常勤役職員797名、第一種金融商品取引業、第二種金融商品取引業、投資助言・代理業）を検査した結果、下記のとおり、当該金融商品取引業者に係る問題が認められたので、本日、証券取引等監視委員会は、内閣総理大臣及び金融庁長官に対して、金融庁設置法第20条第１項の規定に基づき、行政処分を行うよう勧告した。 ２．事実関係 シティグループ証券株式会社（以下「当社」という。）における売買管理態勢等について検証した結果、以下の問題が認められた。 ○ 市場デリバティブ取引に係る売買管理態勢に不備がある状況 （１）取引システムに係る不備 当社は、市場デリバティブ取引について、米国本社シティグループ・インクと外部ベンダーが共同開発した取引システムを使用しているところ、プログラム上の不備により、当該システムを利用した取引の一部（手動での一括取消注文、アルゴリズム取引における分割注文）について、取引データが売買審査システムへ送信されておらず、売買審査の対象となっていない状況が認められた。 （２）売買審査システムに係る不備 当社の使用する売買審査システムにおいて、見せ玉形態の取引に係る抽出閾値について、取引規模等を踏まえた合理的な閾値等について何ら検討が行われないまま、担当者が発注から注文取消しまでの時間を短い時間に設定変更しており、不適切に売買審査の対象を絞り込んでいる状況が認められた。 また、売買審査システムに係る設定上の不備により、休日前日の夜間取引が売買審査の対象となっていない状況が認められた。 （３）売買管理態勢等に係る不備 当社の売買審査において、不公正取引の疑いがあるとしてアラートが集中して発生しているトレーダーがいるにもかかわらず、当該トレーダーに対する取引意図の確認や取引内容の分析など、深度ある対応が行われていない状況が認められた。 上記のような売買管理態勢の下、当社においては、平成31年３月26日に課徴金納付命令勧告を行ったシティグループ・グローバル・マーケッツ・リミテッドによる長期国債先物に係る相場操縦取引を受託・執行し、当該不公正取引を看過している状況が認められている。 当社の上記の状況は、金融商品取引法第40条第２号の規定に基づく金融商品取引業等に関する内閣府令第123条第１項第12号に該当するものと認められる。 （参考条文） ○　金融商品取引法（昭和23年法律第25号）（抄） （適合性の原則等） 第四十条 金融商品取引業者等は、業務の運営の状況が次の各号のいずれかに該当することのないように、その業務を行わなければならない。 一　（略） 二　前号に掲げるもののほか、業務に関して取得した顧客に関する情報の適正な取扱いを確保するための措置を講じていないと認められる状況、その他業務の運営の状況が公益に反し、又は投資者の保護に支障を生ずるおそれがあるものとして内閣府令で定める状況にあること。 ○　金融商品取引業等に関する内閣府令（平成19年内閣府令第52号） （業務の運営の状況が公益に反し又は投資者の保護に支障を生ずるおそれがあるもの） 第百二十三条 法第四十条第二号に規定する内閣府令で定める状況は、次に掲げる状況とする。 一 ～ 十一　（略） 十二　取引所金融商品市場における上場金融商品等又は店頭売買有価証券市場における店頭売買有価証券の相場若しくは相場若しくは取引高に基づいて算出した数値を変動させ、若しくはくぎ付けし、固定し、若しくは安定させ、又は取引高を増加させることにより実勢を反映しない作為的なものを形成させるべき当該上場金融商品等若しくは当該店頭売買有価証券に係る買付け若しくは売付け若しくはデリバティブ取引又はこれらの申込み若しくは委託等若しくは受託等をする行為を防止するための売買管理が十分でないと認められる状況 （以下、略）
2018-01-10,ルーデン・ホールディングス株式会社,,ルーデン・ホールディングス株式会社役員による重要事実に係る推奨行為に対する課徴金納付命令の勧告について,https://www.fsa.go.jp/sesc/news/c_2019/2019/20190510-1.html,"English version 令和元年5月10日 証券取引等監視委員会 ルーデン・ホールディングス株式会社役員による重要事実に係る推奨行為に対する課徴金納付命令の勧告について １．勧告の内容 証券取引等監視委員会は、ルーデン・ホールディングス株式会社役員による重要事実に係る推奨行為について検査した結果、下記のとおり法令違反の事実が認められたので、本日、内閣総理大臣及び金融庁長官に対して、金融庁設置法第２０条第１項の規定に基づき、課徴金納付命令を発出するよう勧告を行った。 ２．法令違反の事実関係 課徴金納付命令対象者は、ルーデン・ホールディングス株式会社（以下「ルーデンＨＤ」という。）の役員であったが、その職務に関し、同社の業務執行を決定する機関が、同社の発行する株式を引き受ける者の募集を行うことについての決定をした旨の重要事実を知りながら、被推奨者に対し、上記事実の公表がされる前にルーデンＨＤ株式の買付けをさせることにより利益を得させる目的をもって、ルーデンＨＤ株式の買付けをすることを勧めたものである。 被推奨者は、上記事実の公表がされた平成３０年１月１０日より前の平成２９年１２月２７日、ルーデンＨＤ株式合計１６００株を買付価額合計５２万２４００円で買い付けたものである。 違反行為事実の概要については、 別図 のとおり。 課徴金納付命令対象者が行った上記の行為は、金融商品取引法第１７５条の２第１項に規定する「第１６７条の２第１項の規定に違反して、同項の伝達をし、又は同項の売買等をすることを勧める」行為に該当すると認められる。 ３．課徴金の額の計算 上記の違反行為に対し、金融商品取引法に基づき納付を命じられる課徴金の額は、４１万円である。 計算方法の詳細については、 別紙 のとおり。 ４．その他 本件ついては、日本取引所自主規制法人より提供された情報も参考として、実態解明を行ったものである。 （別図） ○違反行為事実の概要について （クリックすると拡大されます） （別紙） 〇課徴金の額の計算について (1) 金融商品取引法第１７５条の２第１項第３号の規定により、当該違反行為により当該情報受領者等が行った当該買付けによって得た利得相当額に２分の１を乗じて得た額。 利得相当額とは、同条第３項第２号の規定により、情報受領者等が特定有価証券等の買付けをした場合、当該特定有価証券等の買付けについて、業務等に関する重要事実の公表がされた後２週間における最も高い価格（840円）に当該特定有価証券等の買付けの数量を乗じて得た額から当該特定有価証券等の買付けをした価格にその数量を乗じて得た額を控除した額。 ｛（840円×1,600株）－（326円×1,200株＋328円×400株）｝×1／2 ＝410,800円 (2) 金融商品取引法第１７６条第２項の規定により、上記(1)で計算した額の１万円未満の端数を切捨て。"
2019-04-05,エルナー株式会社,,エルナー株式外２銘柄に係る相場操縦に対する課徴金納付命令の勧告について,https://www.fsa.go.jp/sesc/news/c_2019/2019/20190405-1.html,"English version 平成31年4月5日 証券取引等監視委員会 エルナー株式外２銘柄に係る相場操縦に対する課徴金納付命令の勧告について １．勧告の内容 証券取引等監視委員会は、エルナー株式外２銘柄に係る相場操縦について検査した結果、下記のとおり法令違反の事実が認められたので、本日、内閣総理大臣及び金融庁長官に対して、金融庁設置法第２０条第１項の規定に基づき、課徴金納付命令を発出するよう勧告を行った。 ２．法令違反の事実関係 課徴金納付命令対象者は、 (1)  エルナー株式会社（以下「エルナー」という。）の株式につき、同株式の売買を誘引する目的をもって、 別表 記載のとおり、平成２９年１０月２７日午前９時４９分頃から同日午前１０時３５分頃までの間、成行の買い注文を発注して株価を引き上げたり、下値に大口の買い注文を入れるなどの方法により、同株式合計２万６０００株の買付けの委託を行うとともに、同株式合計４万１０００株を買い付ける一方、同株式合計１４万６０００株を売り付け、 (2)  アサヒ衛陶株式会社（以下「アサヒ衛陶」という。）の株式につき、同株式の売買を誘引する目的をもって、 別表 記載のとおり、平成２９年１１月１５日午前９時４０分頃から同日午前９時４７分頃までの間、前記同様の方法により、同株式合計１万９０００株の買付けの委託を行うとともに、同株式合計１万９０００株を買い付ける一方、同株式合計５万２０００株を売り付け、 (3)  株式会社Ｎｕｔｓ（以下「Ｎｕｔｓ」という。）の株式につき、同株式の売買を誘引する目的をもって、 別表 記載のとおり、平成２９年１０月１８日午前９時３分頃から同日午前１０時２４分頃までの間、前記同様の方法により、同株式合計２万８０００株の買付けの委託を行うとともに、同株式合計７０００株を買い付ける一方、同株式合計５万５０００株を売り付け、 もって、自己の計算において、エルナー、アサヒ衛陶及びＮｕｔｓの各株式の売買が繁盛であると誤解させ、かつ、前記各株式の相場を変動させるべき一連の売買及び委託を行ったものである。 違反行為事実の概要については、 別図 のとおり。 課徴金納付命令対象者が行った上記の行為は、金融商品取引法第１７４条の２第１項に規定する「第１５９条第２項第１号の規定に違反する一連の有価証券売買等」に該当すると認められる。 ３．課徴金の額の計算 上記の違反行為に対し金融商品取引法に基づき納付を命じられる課徴金の額は、１８４万５０００円である。 計算方法の詳細については、 別紙１ 及び 別紙２ のとおり。 ４．その他 平成２９年４月１１日、当委員会は、課徴金納付命令対象者が行った変動操作取引について、内閣総理大臣及び金融庁長官に対し、同人に対する課徴金納付命令発出の勧告を行い、同年５月１１日、同人は、課徴金納付命令を受けていた。 （別表） ○違反行為状況 （クリックすると拡大されます） （別図） ○違反行為事実の概要について （クリックすると拡大されます） （別紙１） ○課徴金の額の計算方法について 別表 の各違反行為に係る課徴金の額の計算の基礎は以下のとおりである。 １．金融商品取引法第１７４条の２第１項の規定により、当該違反行為に係る課徴金の額は、 (1) 当該違反行為に係る有価証券の売買対当数量に係るものについて、自己の計算による当該有価証券の売付け等の価額から、自己の計算による当該有価証券の買付け等の価額を控除した額 及び (2) 当該違反行為に係る自己の計算による有価証券の売付け等又は買付け等の数量が、当該違反行為に係る自己の計算による有価証券の買付け等又は売付け等の数量を超える場合、当該超える数量に係る有価証券の売付け等の価額から当該違反行為が終了してから１月を経過するまでの間の各日における当該違反行為に係る有価証券の買付け等についての金融商品取引法第６７条の１９又は第１３０条に規定する最低の価格のうち最も低い価格に当該超える数量を乗じて得た額を控除した額、又は当該違反行為が終了してから１月を経過するまでの間の各日における当該違反行為に係る有価証券の売付け等についての金融商品取引法第６７条の１９又は第１３０条に規定する最高の価格のうち最も高い価格に当該超える数量を乗じて得た額から当該超える数量に係る有価証券の買付け等の価額を控除した額 の合計額として算定。 ２．上記１．で算定された課徴金の額につき、金融商品取引法第１７６条第２項の規定により１万円未満の端数を切り捨てて算定。 ３．上記２．で算定された課徴金の額につき、金融商品取引法第１８５条の７第１５項の規定により当該額の１．５倍として算定。 ４．上記３．によりそれぞれ算定した額を合計し、課徴金の額とする。 以上につき、 別紙２ のとおり。 （別紙２） 別表 に掲げる事実につき １．エルナー株式に係る取引について (1) 当該違反行為に係る自己の計算による有価証券の売付け等の数量は、146,000株であり、当該違反行為に係る自己の計算による有価証券の買付け等の数量は、実際の買付け等の数量41,000株に、金融商品取引法第１７４条の２第８項及び金融商品取引法施行令第３３条の１３第１号の規定により、違反行為の開始時にその時における価格（133円）で買付け等を自己の計算においてしたものとみなされる当該違反行為の開始時に所有している有価証券の数量118,000株を加えた159,000株であることから、 ア．当該違反行為に係る有価証券の売買対当数量（146,000株）に係るものについて、自己の計算による当該有価証券の売付け等の価額から、自己の計算による当該有価証券の買付け等の価額を控除した額 （133円×111,000株＋134円×35,000株） －（133円×127,000株＋134円×13,000株＋135円×6,000株） ＝ 10,000円 及び イ．当該違反行為に係る自己の計算による有価証券の買付け等の数量（159,000株）が、当該違反行為に係る自己の計算による有価証券の売付け等の数量（146,000株）を超えていることから、当該違反行為が終了してから１月を経過するまでの間の各日における当該違反行為に係る有価証券の売付け等についての金融商品取引法第６７条の１９又は第１３０条に規定する最高の価格のうち最も高い価格（135円）に当該超える数量13,000株（買付け等の数量159,000株－売付け等の数量146,000株）を乗じて得た額から、当該超える数量に係る有価証券の買付け等の価額を控除した額 （135円×13,000株） －（132円×13,000株） ＝ 39,000円 の合計額49,000円となる。 (2) 金融商品取引法第１７６条第２項の規定により、上記(1)で計算した額の１万円未満の端数を切捨て、40,000円となる。 (3) 金融商品取引法第１８５条の７第１５項の規定により、上記(2)で計算した額を１．５倍し、60,000円となる。 ２．アサヒ衛陶株式に係る取引について (1) 当該違反行為に係る自己の計算による有価証券の売付け等の数量は、52,000株であり、当該違反行為に係る自己の計算による有価証券の買付け等の数量は、実際の買付け等の数量19,000株に、金融商品取引法第１７４条の２第８項及び金融商品取引法施行令第３３条の１３第１号の規定により、違反行為の開始時にその時における価格（167円）で買付け等を自己の計算においてしたものとみなされる当該違反行為の開始時に所有している有価証券の数量41,000株を加えた60,000株であることから、 ア．当該違反行為に係る有価証券の売買対当数量（52,000株）に係るものについて、自己の計算による当該有価証券の売付け等の価額から、自己の計算による当該有価証券の買付け等の価額を控除した額 （166円×9,000株＋168円×32,000株＋169円×11,000株） －（166円×9,000株＋167円×42,000株＋168円×1,000株） ＝ 53,000円 及び イ．当該違反行為に係る自己の計算による有価証券の買付け等の数量（60,000株）が、当該違反行為に係る自己の計算による有価証券の売付け等の数量（52,000株）を超えていることから、当該違反行為が終了してから１月を経過するまでの間の各日における当該違反行為に係る有価証券の売付け等についての金融商品取引法第６７条の１９又は第１３０条に規定する最高の価格のうち最も高い価格（304円）に当該超える数量8,000株（買付け等の数量60,000株－売付け等の数量52,000株）を乗じて得た額から、当該超える数量に係る有価証券の買付け等の価額を控除した額 （304円×8,000株） －（165円×8,000株） ＝ 1,112,000円 の合計額1,165,000円となる。 (2) 金融商品取引法第１７６条第２項の規定により、上記(1)で計算した額の１万円未満の端数を切捨て、1,160,000円となる。 (3) 金融商品取引法第１８５条の７第１５項の規定により、上記(2)で計算した額を１．５倍し、1,740,000円となる。 ３．Ｎｕｔｓ株式に係る取引について (1) 当該違反行為に係る自己の計算による有価証券の売付け等の数量は、55,000株であり、当該違反行為に係る自己の計算による有価証券の買付け等の数量は、実際の買付け等の数量7,000株に、金融商品取引法第１７４条の２第８項及び金融商品取引法施行令第３３条の１３第１号の規定により、違反行為の開始時にその時における価格（181円）で買付け等を自己の計算においてしたものとみなされる当該違反行為の開始時に所有している有価証券の数量48,000株を加えた55,000株であることから、 ア．当該違反行為に係る有価証券の売買対当数量（55,000株）に係るものについて、自己の計算による当該有価証券の売付け等の価額から、自己の計算による当該有価証券の買付け等の価額を控除した額 （181円×22,000株＋182円×33,000株） －（181円×52,000株＋182円×3,000株） ＝ 30,000円 及び イ．当該超える数量が0株であることから、0円 の合計額30,000円となる。 (2) 金融商品取引法第１８５条の７第１５項の規定により、上記(1)で計算した額を１．５倍し、45,000円となる。 ４．上記、１．ないし３．により算定した額の合計 60,000円＋1,740,000円＋45,000円＝1,845,000円となる。"
2019-03-29,株式会社ウィルグループ外４銘柄,,ウィルグループ株式外４銘柄に係る特殊見せ玉を用いた偽計に対する課徴金納付命令の勧告について,https://www.fsa.go.jp/sesc/news/c_2019/2019/20190329-3.html,"English version 平成31年3月29日 証券取引等監視委員会 ウィルグループ株式外４銘柄に係る特殊見せ玉を用いた偽計に対する課徴金納付命令の勧告について １．勧告の内容 証券取引等監視委員会は、ウィルグループ株式外４銘柄に係る特殊見せ玉を用いた偽計について検査した結果、下記のとおり法令違反の事実が認められたので、本日、内閣総理大臣及び金融庁長官に対して、金融庁設置法第２０条第１項の規定に基づき、課徴金納付命令を発出するよう勧告を行った。 ２．法令違反の事実関係 課徴金納付命令対象者は、株式会社ウィルグループ外４銘柄の各株式につき、別表記載の各株式の立会市場において、各株式の通番１等（枝番を含む。以下同様。）記載のとおり、他の投資家が発注した引け条件付き成行注文（以下「引成注文」という。）及び指値出来ずば引け成行注文などの引けで約定する注文（以下「引けの注文」という。）のうち、買い側又は売り側のいずれかの引けの注文の発注株数が他方の引けの注文の発注株数を大幅に上回っている状況を見つけると、真実は、約定意思がなく、引け直前までには取消しを行うつもりであるにもかかわらず、引けの注文の発注株数の少ない側に、同通番２等記載のとおり、他の投資家が発注した引けの注文の株数と、概ね均衡する株数分だけ信用新規の引成注文を複数回に分けて発注することによって、あたかも約定意思があるかのように装い、虚偽の発注状況を作出し、第三者をして、引けまで当該発注状況が維持されるであろうとの錯誤を生じさせ、第三者に当該虚偽の発注状況を前提にした投資判断をさせた上で、自らは、引けにおいて、同通番１等記載の他の投資家が発注した買い側等の引けの注文と対当させて約定させるべく、同通番３等記載のとおり、信用新規の買付け等を行うとともに、当該買付け等に係る株式につき、同通番４等記載のとおり、売り側等に信用返済の引成注文を発注し、その後、同通番５等記載のとおり、売り側等に発注していた約定意思のない信用新規の引成注文の一部を取り消した上、更に引け直前に、最後まで残していた約定意思のない引成注文を取り消すことによって、引けにおいて、自らに有利となる引けの注文の発注状況にすることで、売り側等に発注した信用返済の引成注文を自らに有利な価格で約定させることを企て、 (1)  各株式につき、同通番２等記載のとおり、売り側等に、約定意思のない信用新規の引成注文を複数回に分けて発注した上で、同通番５等記載のとおり、同注文を全て取り消すまでの間、同注文を維持することによって、虚偽の発注状況を作出し、第三者に同注文が引けまで維持されるであろうとの錯誤を生じさせて、第三者に当該虚偽の発注状況を前提にした投資判断をさせ、もって、有価証券の売買のため、偽計を用い (2)  上記(1)記載の偽計により、各株式につき、約定意思のない信用新規の引成注文の発注開始から、その全てを取り消すまでの間、第三者に対し、当該虚偽の発注状況を前提にした投資判断をさせるとともに、同注文を全て取り消すことによって、引けにおいて、自らに有利となる引けの注文の発注状況にし、もって、各有価証券の価格に影響を与え、別表記載のとおり、その間、自己の計算において、同通番３等記載のとおり、信用新規の買付け等をするなどし たものである。 違反行為事実の概要については、 別図 のとおり。 課徴金納付命令対象者が行った上記の行為は、金融商品取引法第１７３条第１項に規定する「第１５８条の規定に違反して、偽計を用い、当該偽計により有価証券等の価格に影響を与えた」ものと認められる。 ３．課徴金の額の計算 上記の違反行為に対し金融商品取引法に基づき納付を命じられる課徴金の額は、９６万円である。 計算方法の詳細については、 別紙１ 及び 別紙２ のとおり。 ４．その他 本件については、日本取引所自主規制法人より提供された情報も参考として、実態解明を行ったものである。 本件は、平成３０年１０月５日に勧告を行った、「第一稀元素化学工業株式外６銘柄に係る特殊見せ玉を用いた偽計に対する課徴金納付命令の勧告について」と同様に、特殊見せ玉を用いた事案である。一般的な見せ玉は、例えば、最良買い気配付近に大口の買い注文を発注し、売り注文に比べて買い注文が多く発注されているようにするなどして、買い優勢の発注状況を作出することで他の投資家の買付けを誘引しようとするものである。それに対し、本件及び上記事案の見せ玉は、例えば、既に発注されている第三者の引成買い注文に対して、約定させる意思のない引成売り注文を発注することで、買い側と売り側の引成注文の発注株数が同程度である引けの発注状況を作出するものであり、他の投資家を誘引しようとするものではないことから、「特殊見せ玉」と表記している。 （別表） ○違反行為状況 （クリックすると拡大されます） （クリックすると拡大されます） （クリックすると拡大されます） （クリックすると拡大されます） （クリックすると拡大されます） （クリックすると拡大されます） （別図） ○違反行為事実の概要について （クリックすると拡大されます） （別紙１） ○課徴金の額の計算方法について 別表 の各違反行為に係る課徴金の額の計算の基礎は以下のとおりである。 １．金融商品取引法第１７３条第１項の規定により、当該違反行為に係る課徴金の額は、当該違反行為の開始時から終了時までの間（以下「違反行為期間」という。）において、 (1) 当該違反者が当該違反行為に係る有価証券等について自己の計算において行った有価証券の売付け等の数量が、当該違反者が当該違反行為に係る有価証券等について自己の計算において行った有価証券の買付け等の数量を超える場合、当該超える数量に係る有価証券の売付け等の価額から当該違反行為が終了してから１月を経過するまでの間の各日における当該有価証券等に係る有価証券の買付け等についての金融商品取引法第６７条の１９又は第１３０条に規定する最低の価格のうち最も低い価格に当該超える数量を乗じて得た額を控除した額 (2) 当該違反者が当該違反行為に係る有価証券等について自己の計算において行った有価証券の買付け等の数量が、当該違反者が当該違反行為に係る有価証券等について自己の計算において行った有価証券の売付け等の数量を超える場合、当該違反行為が終了してから１月を経過するまでの間の各日における当該有価証券等に係る有価証券の売付け等についての金融商品取引法第６７条の１９又は第１３０条に規定する最高の価格のうち最も高い価格に当該超える数量を乗じて得た額から当該超える数量に係る有価証券の買付け等の価額を控除した額 として算定。 ２．上記１．で算定された課徴金の額につき、金融商品取引法第１７６条第２項の規定により１万円未満の端数を切り捨てて算定。 ３．上記２．によりそれぞれ算定した額を合計し、課徴金の額とする。 以上につき、 別紙２ のとおり。 （別紙２） 別表 に掲げる事実につき １．株式会社ウィルグループに係る株式の取引について (1) 違反行為期間において、当該違反行為に係る有価証券等について自己の計算において行った有価証券の買付け等の数量（1,000株）が、当該違反行為に係る有価証券等について自己の計算において行った有価証券の売付け等の数量（0株）を超えていることから、当該違反行為が終了してから１月を経過するまでの間の当該有価証券等に係る有価証券の最高価格（1,380円）に当該超える数量1,000株（1,000株－0株）を乗じて得た額から、当該超える数量に係る有価証券の買付け等の価額を控除した額。 （1,380円×1,000株） －（1,133円×500株＋1,137円×200株＋1,139円×300株） ＝ 244,400円 (2) 金融商品取引法第１７６条第２項の規定により、上記(1)で計算した額の１万円未満の端数を切捨て、240,000円となる。 ２．株式会社ミスミグループ本社に係る株式の取引について (1) 違反行為期間において、当該違反行為に係る有価証券等について自己の計算において行った有価証券の売付け等の数量（1,100株）が、当該違反行為に係る有価証券等について自己の計算において行った有価証券の買付け等の数量（0株）を超えていることから、当該超える数量1,100株（1,100株－0株）に係る有価証券の売付け等の価額から、当該違反行為が終了してから１月を経過するまでの間の当該有価証券等に係る有価証券の最低価格（2,697円）に当該超える数量を乗じて得た額を控除した額。 （2,799円×1,000株＋2,800円×100株）－（2,697円×1,100株） ＝ 112,300円 (2) 金融商品取引法第１７６条第２項の規定により、上記(1)で計算した額の１万円未満の端数を切捨て、110,000円となる。 ３．株式会社モブキャストホールディングスに係る株式の取引について（違反行為期間①） (1) 違反行為期間において、当該違反行為に係る有価証券等について自己の計算において行った有価証券の買付け等の数量（2,800株）が、当該違反行為に係る有価証券等について自己の計算において行った有価証券の売付け等の数量（0株）を超えていることから、当該違反行為が終了してから１月を経過するまでの間の当該有価証券等に係る有価証券の最高価格（952円）に当該超える数量2,800株（2,800株－0株）を乗じて得た額から、当該超える数量に係る有価証券の買付け等の価額を控除した額。 （952円×2,800株） －（893円×400株＋894円×900株＋897円×500株＋900円×500株 ＋901円×500株） ＝ 154,800円 (2) 金融商品取引法第１７６条第２項の規定により、上記(1)で計算した額の１万円未満の端数を切捨て、150,000円となる。 ４．株式会社モブキャストホールディングスに係る株式の取引について（違反行為期間②） (1) 違反行為期間において、当該違反行為に係る有価証券等について自己の計算において行った有価証券の買付け等の数量（5,800株）が、当該違反行為に係る有価証券等について自己の計算において行った有価証券の売付け等の数量（0株）を超えていることから、当該違反行為が終了してから１月を経過するまでの間の当該有価証券等に係る有価証券の最高価格（940円）に当該超える数量5,800株（5,800株－0株）を乗じて得た額から、当該超える数量に係る有価証券の買付け等の価額を控除した額。 （940円×5,800株） －（918円×500株＋919円×2,500株＋920円×800株＋921円×1,500株 ＋922円×500株） ＝ 117,000円 (2) 金融商品取引法第１７６条第２項の規定により、上記(1)で計算した額の１万円未満の端数を切捨て、110,000円となる。 ５．株式会社アズジェントに係る株式の取引について (1) 違反行為期間において、当該違反行為に係る有価証券等について自己の計算において行った有価証券の買付け等の数量（1,300株）が、当該違反行為に係る有価証券等について自己の計算において行った有価証券の売付け等の数量（700株）を超えていることから、当該違反行為が終了してから１月を経過するまでの間の当該有価証券等に係る有価証券の最高価格（3,690円）に当該超える数量600株（1,300株－700株）を乗じて得た額から、当該超える数量に係る有価証券の買付け等の価額を控除した額。 （3,690円×600株）－（3,465円×600株） ＝ 135,000円 (2) 金融商品取引法第１７６条第２項の規定により、上記(1)で計算した額の１万円未満の端数を切捨て、130,000円となる。 ６．株式会社フィスコに係る株式の取引について (1) 違反行為期間において、当該違反行為に係る有価証券等について自己の計算において行った有価証券の買付け等の数量（7,900株）が、当該違反行為に係る有価証券等について自己の計算において行った有価証券の売付け等の数量（0株）を超えていることから、当該違反行為が終了してから１月を経過するまでの間の当該有価証券等に係る有価証券の最高価格（381円）に当該超える数量7,900株（7,900株－0株）を乗じて得た額から、当該超える数量に係る有価証券の買付け等の価額を控除した額。 （381円×7,900株） －（352円×4,000株＋353円×3,900株） ＝ 225,200円 (2) 金融商品取引法第１７６条第２項の規定により、上記(1)で計算した額の１万円未満の端数を切捨て、220,000円となる。 ７．１．ないし６．により算定した額の合計 240,000円＋110,000円＋150,000円＋110,000円＋130,000円＋220,000円＝960,000円となる。"
2019-03-29,株式会社リブセンス外２銘柄,,リブセンス株式外２銘柄に係る特殊見せ玉を用いた偽計に対する課徴金納付命令の勧告について,https://www.fsa.go.jp/sesc/news/c_2019/2019/20190329-2.html,"English version 平成31年3月29日 証券取引等監視委員会 リブセンス株式外２銘柄に係る特殊見せ玉を用いた偽計に対する課徴金納付命令の勧告について １．勧告の内容 証券取引等監視委員会は、リブセンス株式外２銘柄に係る特殊見せ玉を用いた偽計について検査した結果、下記のとおり法令違反の事実が認められたので、本日、内閣総理大臣及び金融庁長官に対して、金融庁設置法第２０条第１項の規定に基づき、課徴金納付命令を発出するよう勧告を行った。 ２．法令違反の事実関係 課徴金納付命令対象者は、株式会社リブセンス外２銘柄の各株式につき、別表記載の各株式の立会市場において、各株式の通番１等（枝番を含む。以下同様。）記載のとおり、他の投資家が発注した引け条件付き成行注文及び指値出来ずば引け成行注文などの引けで約定する注文（以下「引けの注文」という。）のうち、買い側又は売り側のいずれかの引けの注文の発注株数が他方の引けの注文の発注株数を大幅に上回っている状況を見つけると、真実は、約定意思がなく、引け直前に取消しを行うつもりであるにもかかわらず、引けの注文の発注株数の少ない側に、同通番２等記載のとおり、他の投資家が発注した引けの注文の株数と、概ね均衡する株数分だけ信用新規の引けの注文を発注することによって、あたかも約定意思があるかのように装い、虚偽の発注状況を作出し、第三者をして、引けまで当該発注状況が維持されるであろうとの錯誤を生じさせ、第三者に当該虚偽の発注状況を前提にした投資判断をさせた上で、自らは、引けにおいて、同通番１等記載の他の投資家が発注した買い側等の引けの注文と対当させて約定させるべく、同通番３等記載のとおり、信用新規の買付け等を行うとともに、当該買付け等に係る株式につき、同通番４等記載のとおり、売り側等に信用返済の引けの注文を発注し、その後、引けまでの間に、同通番５等記載のとおり、売り側等に発注していた約定意思のない信用新規の引けの注文を全て取り消すことによって、引けにおいて、自らに有利となる引けの注文の発注状況にすることで、売り側等に発注した信用返済の引けの注文を自らに有利な価格で約定させることを企て、 (1)  各株式につき、同通番２等記載のとおり、売り側等に、約定意思のない信用新規の引けの注文を発注した上で、同通番５等記載のとおり、同注文を全て取り消すまでの間、同注文を維持することによって、虚偽の発注状況を作出し、第三者に同注文が引けまで維持されるであろうとの錯誤を生じさせて、第三者に当該虚偽の発注状況を前提にした投資判断をさせ、もって、有価証券の売買のため、偽計を用い (2)  上記(1)記載の偽計により、各株式につき、約定意思のない信用新規の引けの注文の発注開始から、その全てを取り消すまでの間、第三者に対し、当該虚偽の発注状況を前提にした投資判断をさせるとともに、同注文を全て取り消すことによって、引けにおいて、自らに有利となる引けの注文の発注状況にし、もって、各有価証券の価格に影響を与え、別表記載のとおり、その間、自己の計算において、同通番３等記載のとおり、信用新規の買付け等をし たものである。 違反行為事実の概要については、 別図 のとおり。 課徴金納付命令対象者が行った上記の行為は、金融商品取引法第１７３条第１項に規定する「第１５８条の規定に違反して、偽計を用い、当該偽計により有価証券等の価格に影響を与えた」ものと認められる。 ３．課徴金の額の計算 上記の違反行為に対し金融商品取引法に基づき納付を命じられる課徴金の額は、３６万円である。 計算方法の詳細については、 別紙１ 及び 別紙２ のとおり。 ４．その他 本件については、日本取引所自主規制法人より提供された情報を参考として、実態解明を行ったものである。 本件は、平成３０年１０月５日に勧告を行った、「第一稀元素化学工業株式外６銘柄に係る特殊見せ玉を用いた偽計に対する課徴金納付命令の勧告について」と同様に、特殊見せ玉を用いた事案である。一般的な見せ玉は、例えば、最良買い気配付近に大口の買い注文を発注し、売り注文に比べて買い注文が多く発注されているようにするなどして、買い優勢の発注状況を作出することで他の投資家の買付けを誘引しようとするものである。それに対し、本件及び上記事案の見せ玉は、例えば、既に発注されている第三者の引成買い注文に対して、約定させる意思のない引成売り注文を発注することで、買い側と売り側の引成注文の発注株数が同程度である引けの発注状況を作出するものであり、他の投資家を誘引しようとするものではないことから、「特殊見せ玉」と表記している。 （別表） ○違反行為状況 （クリックすると拡大されます） （クリックすると拡大されます） （クリックすると拡大されます） （クリックすると拡大されます） （クリックすると拡大されます） （クリックすると拡大されます） （クリックすると拡大されます） （クリックすると拡大されます） （クリックすると拡大されます） （クリックすると拡大されます） （別図） ○違反行為事実の概要について （クリックすると拡大されます） （別紙１） ○課徴金の額の計算方法について 別表 の各違反行為に係る課徴金の額の計算の基礎は以下のとおりである。 １．金融商品取引法第１７３条第１項の規定により、当該違反行為に係る課徴金の額は、当該違反行為の開始時から終了時までの間（以下「違反行為期間」という。）において、 (1) 当該違反者が当該違反行為に係る有価証券等について自己の計算において行った有価証券の売付け等の数量が、当該違反者が当該違反行為に係る有価証券等について自己の計算において行った有価証券の買付け等の数量を超える場合、当該超える数量に係る有価証券の売付け等の価額から当該違反行為が終了してから１月を経過するまでの間の各日における当該有価証券等に係る有価証券の買付け等についての金融商品取引法第６７条の１９又は第１３０条に規定する最低の価格のうち最も低い価格に当該超える数量を乗じて得た額を控除した額 (2) 当該違反者が当該違反行為に係る有価証券等について自己の計算において行った有価証券の買付け等の数量が、当該違反者が当該違反行為に係る有価証券等について自己の計算において行った有価証券の売付け等の数量を超える場合、当該違反行為が終了してから１月を経過するまでの間の各日における当該有価証券等に係る有価証券の売付け等についての金融商品取引法第６７条の１９又は第１３０条に規定する最高の価格のうち最も高い価格に当該超える数量を乗じて得た額から当該超える数量に係る有価証券の買付け等の価額を控除した額 として算定。 ２．上記１．で算定された課徴金の額につき、金融商品取引法第１７６条第２項の規定により１万円未満の端数を切り捨てて算定。 ３．上記２．によりそれぞれ算定した額を合計し、課徴金の額とする。 以上につき、 別紙２ のとおり。 （別紙２） 別表 に掲げる事実につき １．株式会社リブセンスに係る株式の取引について（違反行為期間①） (1) 違反行為期間において、当該違反行為に係る有価証券等について自己の計算において行った有価証券の買付け等の数量（600株）が、当該違反行為に係る有価証券等について自己の計算において行った有価証券の売付け等の数量（0株）を超えていることから、当該違反行為が終了してから１月を経過するまでの間の当該有価証券等に係る有価証券の最高価格（601円）に当該超える数量600株（600株－0株）を乗じて得た額から、当該超える数量に係る有価証券の買付け等の価額を控除した額。 （601円×600株）－（566円×600株） ＝ 21,000円 (2) 金融商品取引法第１７６条第２項の規定により、上記(1)で計算した額の１万円未満の端数を切捨て、20,000円となる。 ２．株式会社リブセンスに係る株式の取引について（違反行為期間②） (1) 違反行為期間において、当該違反行為に係る有価証券等について自己の計算において行った有価証券の買付け等の数量（600株）が、当該違反行為に係る有価証券等について自己の計算において行った有価証券の売付け等の数量（0株）を超えていることから、当該違反行為が終了してから１月を経過するまでの間の当該有価証券等に係る有価証券の最高価格（601円）に当該超える数量600株（600株－0株）を乗じて得た額から、当該超える数量に係る有価証券の買付け等の価額を控除した額。 （601円×600株）－（555円×600株） ＝ 27,600円 (2) 金融商品取引法第１７６条第２項の規定により、上記(1)で計算した額の１万円未満の端数を切捨て、20,000円となる。 ３．株式会社リブセンスに係る株式の取引について（違反行為期間③） (1) 違反行為期間において、当該違反行為に係る有価証券等について自己の計算において行った有価証券の買付け等の数量（500株）が、当該違反行為に係る有価証券等について自己の計算において行った有価証券の売付け等の数量（0株）を超えていることから、当該違反行為が終了してから１月を経過するまでの間の当該有価証券等に係る有価証券の最高価格（601円）に当該超える数量500株（500株－0株）を乗じて得た額から、当該超える数量に係る有価証券の買付け等の価額を控除した額。 （601円×500株）－（551円×300株＋552円×200株） ＝ 24,800円 (2) 金融商品取引法第１７６条第２項の規定により、上記(1)で計算した額の１万円未満の端数を切捨て、20,000円となる。 ４．株式会社リブセンスに係る株式の取引について（違反行為期間④） (1) 違反行為期間において、当該違反行為に係る有価証券等について自己の計算において行った有価証券の買付け等の数量（200株）が、当該違反行為に係る有価証券等について自己の計算において行った有価証券の売付け等の数量（0株）を超えていることから、当該違反行為が終了してから１月を経過するまでの間の当該有価証券等に係る有価証券の最高価格（601円）に当該超える数量200株（200株－0株）を乗じて得た額から、当該超える数量に係る有価証券の買付け等の価額を控除した額。 （601円×200株）－（546円×200株） ＝ 11,000円 (2) 金融商品取引法第１７６条第２項の規定により、上記(1)で計算した額の１万円未満の端数を切捨て、10,000円となる。 ５．株式会社リブセンスに係る株式の取引について（違反行為期間⑤） (1) 違反行為期間において、当該違反行為に係る有価証券等について自己の計算において行った有価証券の売付け等の数量（500株）が、当該違反行為に係る有価証券等について自己の計算において行った有価証券の買付け等の数量（0株）を超えていることから、当該超える数量500株（500株－0株）に係る有価証券の売付け等の価額から、当該違反行為が終了してから１月を経過するまでの間の当該有価証券等に係る有価証券の最低価格（450円）に当該超える数量を乗じて得た額を控除した額。 （570円×400株＋571円×100株）－（450円×500株） ＝ 60,100円 (2) 金融商品取引法第１７６条第２項の規定により、上記(1)で計算した額の１万円未満の端数を切捨て、60,000円となる。 ６．株式会社リブセンスに係る株式の取引について（違反行為期間⑥） (1) 違反行為期間において、当該違反行為に係る有価証券等について自己の計算において行った有価証券の売付け等の数量（300株）が、当該違反行為に係る有価証券等について自己の計算において行った有価証券の買付け等の数量（0株）を超えていることから、当該超える数量300株（300株－0株）に係る有価証券の売付け等の価額から、当該違反行為が終了してから１月を経過するまでの間の当該有価証券等に係る有価証券の最低価格（450円）に当該超える数量を乗じて得た額を控除した額。 （495円×300株）－（450円×300株） ＝ 13,500円 (2) 金融商品取引法第１７６条第２項の規定により、上記(1)で計算した額の１万円未満の端数を切捨て、10,000円となる。 ７．株式会社リブセンスに係る株式の取引について（違反行為期間⑦） (1) 違反行為期間において、当該違反行為に係る有価証券等について自己の計算において行った有価証券の買付け等の数量（1,200株）が、当該違反行為に係る有価証券等について自己の計算において行った有価証券の売付け等の数量（0株）を超えていることから、当該違反行為が終了してから１月を経過するまでの間の当該有価証券等に係る有価証券の最高価格（512円）に当該超える数量1,200株（1,200株－0株）を乗じて得た額から、当該超える数量に係る有価証券の買付け等の価額を控除した額。 （512円×1,200株）－（471円×200株＋472円×1,000株） ＝ 48,200円 (2) 金融商品取引法第１７６条第２項の規定により、上記(1)で計算した額の１万円未満の端数を切捨て、40,000円となる。 ８．日邦産業株式会社に係る株式の取引について（違反行為期間①） (1) 違反行為期間において、当該違反行為に係る有価証券等について自己の計算において行った有価証券の売付け等の数量（200株）が、当該違反行為に係る有価証券等について自己の計算において行った有価証券の買付け等の数量（0株）を超えていることから、当該超える数量200株（200株－0株）に係る有価証券の売付け等の価額から、当該違反行為が終了してから１月を経過するまでの間の当該有価証券等に係る有価証券の最低価格（415円）に当該超える数量を乗じて得た額を控除した額。 （541円×200株）－（415円×200株） ＝ 25,200円 (2) 金融商品取引法第１７６条第２項の規定により、上記(1)で計算した額の１万円未満の端数を切捨て、20,000円となる。 ９．日邦産業株式会社に係る株式の取引について（違反行為期間②） (1) 違反行為期間において、当該違反行為に係る有価証券等について自己の計算において行った有価証券の売付け等の数量（300株）が、当該違反行為に係る有価証券等について自己の計算において行った有価証券の買付け等の数量（0株）を超えていることから、当該超える数量300株（300株－0株）に係る有価証券の売付け等の価額から、当該違反行為が終了してから１月を経過するまでの間の当該有価証券等に係る有価証券の最低価格（398円）に当該超える数量を乗じて得た額を控除した額。 （441円×300株）－（398円×300株） ＝ 12,900円 (2) 金融商品取引法第１７６条第２項の規定により、上記(1)で計算した額の１万円未満の端数を切捨て、10,000円となる。 １０．株式会社セプテーニ・ホールディングスに係る株式の取引について (1) 違反行為期間において、当該違反行為に係る有価証券等について自己の計算において行った有価証券の売付け等の数量（3,500株）が、当該違反行為に係る有価証券等について自己の計算において行った有価証券の買付け等の数量（0株）を超えていることから、当該超える数量3,500株（3,500株－0株）に係る有価証券の売付け等の価額から、当該違反行為が終了してから１月を経過するまでの間の当該有価証券等に係る有価証券の最低価格（174.1円）に当該超える数量を乗じて得た額を控除した額。 （218円×3,500株）－（174.1円×3,500株） ＝ 153,650円 (2) 金融商品取引法第１７６条第２項の規定により、上記(1)で計算した額の１万円未満の端数を切捨て、150,000円となる。 １１．１．ないし１０．により算定した額の合計 20,000円＋20,000円＋20,000円＋10,000円＋60,000円＋10,000円＋40,000円＋20,000円＋10,000円＋150,000円＝360,000円となる。"
2019-03-20,株式会社ソルガム・ジャパン・ホールディングス,,株式会社ソルガム・ジャパン・ホールディングスに係る虚偽有価証券報告書提出事件の告発について,https://www.fsa.go.jp/sesc/news/c_2019/2019/20190320-1.html,English version 平成31年3月20日 証券取引等監視委員会 株式会社ソルガム・ジャパン・ホールディングスに係る虚偽有価証券報告書提出事件の告発について 証券取引等監視委員会は、本日、金融商品取引法違反（虚偽有価証券報告書提出）の嫌疑で、嫌疑法人１社及び嫌疑者３名を東京地方検察庁に告発した。告発の対象となった犯則事実については下記のとおり。 １．告発の対象となった犯則事実 犯則嫌疑法人株式会社ソルガム・ジャパン・ホールディングス（以下「犯則嫌疑法人」という。平成２８年１０月１日、株式会社ＳＯＬ　Ｈｏｌｄｉｎｇｓから商号を変更）は、東京都品川区に本店を置き、植物種子、植物加工品に関する製品化及びサービスの企画、開発、販売、輸出入等の事業を営む会社等の株式又は持分を取得・保有することにより、当該会社等の事業活動を支配・管理することを目的とする会社であって、その発行する株券を株式会社東京証券取引所が開設するＪＡＳＤＡＱ市場に上場していたもの（平成３０年９月３日付けで上場廃止）、犯則嫌疑者Ａは、犯則嫌疑法人の実質的経営者であったもの、犯則嫌疑者Ｂは、犯則嫌疑法人の代表取締役であったもの、犯則嫌疑者Ｃは、犯則嫌疑法人の取締役管理部長であったものであるが、犯則嫌疑者らは、共謀の上、犯則嫌疑法人の業務及び財産に関し、平成２９年６月３０日、東京都品川区内に設置された入出力装置から、開示用電子情報処理組織を使用して、内閣府の使用に係る電子計算機に備えられたファイルに記録させる方法により、関東財務局において、同財務局長に対し、同法人の平成２８年４月１日から平成２９年３月３１日までの連結会計年度につき、営業活動によるキャッシュ・フローの額が負の９億６６２５万８０００円（１０００円未満切捨て）であったにもかかわらず、１１億円の借入金をスーパーソルガム種子の売上代金と偽装する方法により、営業活動によるキャッシュ・フローの額を正の１億３３７４万１０００円と記載するなどした連結キャッシュ・フロー計算書を掲載した有価証券報告書を提出し、もって重要な事項につき虚偽の記載のある有価証券報告書を提出した。 ２．関連条文 金融商品取引法 第１９７条第１項第１号、第２４条第１項第１号、第２０７条第１項第１号 刑法第６０条 法定刑：１０年以下の懲役若しくは１０００万円以下の罰金又はこれを併科、法人につき７億円以下の罰金
2019-03-15,株式会社アサツーディ・ケイ社員から伝達,,株式会社アサツーディ・ケイ社員から伝達を受けた者による内部者取引に対する課徴金納付命令の勧告について,https://www.fsa.go.jp/sesc/news/c_2019/2019/20190315-1.html,"English version 平成31年3月15日 証券取引等監視委員会 株式会社アサツーディ・ケイ社員から伝達を受けた者による内部者取引に対する課徴金納付命令の勧告について １．勧告の内容 証券取引等監視委員会は、株式会社アサツーディ・ケイ社員から伝達を受けた者による内部者取引について検査した結果、下記のとおり法令違反の事実が認められたので、本日、内閣総理大臣及び金融庁長官に対して、金融庁設置法第２０条第１項の規定に基づき、課徴金納付命令を発出するよう勧告を行った。 ２．法令違反の事実関係 課徴金納付命令対象者は、株式会社アサツーディ・ケイ（以下「アサツー」という。平成３０年３月１６日付上場廃止、平成３１年１月１日「株式会社ＡＤＫマーケティング・ソリューションズ」に商号変更。）に勤務していた社員甲から、同人がその職務に関し知った、英領ケイマン諸島籍の有限責任組合ＢＣＰＥ Ｍａｄｉｓｏｎ Ｃａｙｍａｎ，Ｌ．Ｐ．（以下「ＢＣＭ」という。）の業務執行を決定する機関が、アサツー株式の公開買付けを行うことについての決定をした旨の公開買付けの実施に関する事実の伝達を受けながら、上記事実の公表がされた平成２９年１０月２日より前の同年９月２７日、自己の計算において、アサツー株式合計３００株を買付価額合計９４万８０００円で買い付けたものである。 なお、上記公開買付けの実施に関する事実は、ＢＣＭからアサツーの役員らがその職務に関し伝達を受け、社員甲がその職務に関し知ったものである。 違反行為事実の概要については、 別図 のとおり。 課徴金納付命令対象者が行った上記の行為は、金融商品取引法第１７５条第２項に規定する「第１６７条第１項又は第３項の規定に違反して、同条第１項に規定する特定株券等若しくは関連株券等に係る買付け等」をした行為に該当すると認められる。 ３．課徴金の額の計算 上記の違反行為に対し、金融商品取引法に基づき納付を命じられる課徴金の額は、２４万円である。 計算方法の詳細については、 別紙 のとおり。 ４．その他 社員甲については、平成３０年１０月３０日、アサツー株式に係る内部者取引及び課徴金納付命令対象者に対する情報伝達行為等の嫌疑で、東京地方検察庁に告発済みである。 （別図） ○違反行為事実の概要について （クリックすると拡大されます） （別紙） 〇課徴金の額の計算について (1) 金融商品取引法第１７５条第２項第２号の規定により、当該有価証券の買付けについて、公開買付け等の実施に関する事実の公表がされた後２週間における最も高い価格（3,980円）に当該有価証券の買付けの数量を乗じて得た額から当該有価証券の買付けをした価格にその数量を乗じて得た額を控除した額。 （3,980円×300株）－（3,160円×300株） ＝246,000円 (2) 金融商品取引法第１７６条第２項の規定により、上記(1)で計算した額の１万円未満の端数を切捨て。"
2019-03-15,株式会社エストラスト役員から伝達,,株式会社エストラスト役員から伝達を受けた者２名による内部者取引及び当該役員による公開買付けの実施に係る伝達行為に対する課徴金納付命令の勧告について,https://www.fsa.go.jp/sesc/news/c_2019/2019/20190315-2.html,"English version 平成31年3月15日 証券取引等監視委員会 株式会社エストラスト役員から伝達を受けた者２名による内部者取引及び当該役員による公開買付けの実施に関する事実に係る伝達行為に対する課徴金納付命令の勧告について １．勧告の内容 証券取引等監視委員会は、株式会社エストラスト役員から伝達を受けた者２名による内部者取引及び当該役員による公開買付けの実施に関する事実に係る伝達行為について検査した結果、下記のとおり法令違反の事実が認められたので、本日、内閣総理大臣及び金融庁長官に対して、金融庁設置法第２０条第１項の規定に基づき、課徴金納付命令を発出するよう勧告を行った。 ２．法令違反の事実関係 （１）課徴金納付命令対象者（１）について 課徴金納付命令対象者（１）は、株式会社エストラスト（以下「エストラスト」という。）の役員である課徴金納付命令対象者（３）から、同人がその職務に関し、西部瓦斯株式会社（以下「西部ガス」という。）からの伝達により知った、西部ガスの業務執行を決定する機関が、エストラスト株式の公開買付けを行うことについての決定をした旨の公開買付けの実施に関する事実の伝達を受けながら、上記事実の公表がされた平成２９年１月２３日より前の平成２８年１１月２４日、自己の計算において、エストラスト株式合計１万６７００株を買付価額合計９９８万３２００円で買い付けたものである。 違反行為事実の概要については、 別図 のとおり。 課徴金納付命令対象者が行った上記の行為は、金融商品取引法第１７５条第２項に規定する「第１６７条第１項又は第３項の規定に違反して、同条第１項に規定する特定株券等若しくは関連株券等に係る買付け等」をした行為に該当すると認められる。 （２）課徴金納付命令対象者（２）について 課徴金納付命令対象者（２）は、エストラストの役員である課徴金納付命令対象者（３）から、同人がその職務に関し、西部ガスからの伝達により知った、西部ガスの業務執行を決定する機関が、エストラスト株式の公開買付けを行うことについての決定をした旨の公開買付けの実施に関する事実の伝達を受けながら、上記事実の公表がされた平成２９年１月２３日より前の同年１月２０日、自己の計算において、エストラスト株式合計１０００株を買付価額合計６７万４１００円で買い付けたものである。 違反行為事実の概要については、 別図 のとおり。 課徴金納付命令対象者が行った上記の行為は、金融商品取引法第１７５条第２項に規定する「第１６７条第１項又は第３項の規定に違反して、同条第１項に規定する特定株券等若しくは関連株券等に係る買付け等」をした行為に該当すると認められる。 （３）課徴金納付命令対象者（３）について 課徴金納付命令対象者（３）は、エストラストの役員であるが、同人がその職務に関し、西部ガスからの伝達により知った、西部ガスの業務執行を決定する機関が、エストラスト株式の公開買付けを行うことについての決定をした旨の公開買付けの実施に関する事実を、課徴金納付命令対象者（１）に対し、上記公開買付けの実施に関する事実の公表がされる前にエストラスト株式の買付けをさせることにより、同人に利益を得させる目的をもって、伝達したものである。 課徴金納付命令対象者（１）は、上記事実が公表された平成２９年１月２３日より前の平成２８年１１月２４日、自己の計算において、エストラスト株式合計１万６７００株を買付価額合計９９８万３２００円で買い付けたものである。 違反行為事実の概要については、 別図 のとおり。 課徴金納付命令対象者が行った上記の行為は、金融商品取引法第１７５条の２第２項に規定する「第１６７条の２第２項の規定に違反して、同項の伝達をし、又は同項の買付け等若しくは売付け等をすることを勧める」行為に該当すると認められる。 ３．課徴金の額の計算 上記の違反行為に対し、金融商品取引法に基づき納付を命じられる課徴金の額は、下記のとおりである。 課徴金納付命令対象者（１）３０９万円 課徴金納付命令対象者（２）　１０万円 課徴金納付命令対象者（３）１５４万円 計算方法の詳細については、 別紙 のとおり。 ４．その他 本件については、日本取引所自主規制法人より提供された情報も参考として、実態解明を行ったものである。 （別図） ○違反行為事実の概要について （クリックすると拡大されます） （別紙） ○課徴金の額の計算方法について １． 課徴金納付命令対象者（１）について （１）金融商品取引法第１７５条第２項第２号の規定により、当該有価証券の買付けについて、公開買付け等の実施に関する事実の公表がされた後２週間における最も高い価格（783円）に当該有価証券の買付けの数量を乗じて得た額から当該有価証券の買付けをした価格にその数量を乗じて得た額を控除した額。 （783円×16,700株） －（590円×100株＋591円×3,700株＋592円×500株＋593円×700株 ＋594円×400株＋595円×2,600株＋596円×400株＋597円×300株 ＋598円×200株＋599円×500株＋600円×1,600株＋602円×800株 ＋603円×900株＋604円×800株＋605円×2,200株＋606円×400株 ＋607円×500株＋608円×100株） ＝3,092,900円 （２）金融商品取引法第１７６条第２項の規定により、上記（１）で計算した額の１万円未満の端数を切捨て。 ２． 課徴金納付命令対象者（２）について （１）金融商品取引法第１７５条第２項第２号の規定により、当該有価証券の買付けについて、公開買付け等の実施に関する事実の公表がされた後２週間における最も高い価格（783円）に当該有価証券の買付けの数量を乗じて得た額から当該有価証券の買付けをした価格にその数量を乗じて得た額を控除した額。 （783円×1,000株） －（674円×900株＋675円×100株） ＝108,900円 （２）金融商品取引法第１７６条第２項の規定により、上記（１）で計算した額の１万円未満の端数を切捨て。 ３． 課徴金納付命令対象者（３）について （１）金融商品取引法第１７５条の２第２項第３号の規定により、当該違反行為により当該情報受領者等が行った当該買付けによって得た利得相当額に２分の１を乗じて得た額。 利得相当額とは、同条第４項第２号の規定により、情報受領者等が株券等の買付けをした場合、当該株券等の買付けについて、公開買付け等の実施に関する事実の公表がされた後２週間における最も高い価格（783円）に当該株券等の買付けの数量を乗じて得た額から当該株券等の買付けをした価格にその数量を乗じて得た額を控除した額。 ｛（783円×16,700株） －（590円×100株＋591円×3,700株＋592円×500株＋593円×700株 ＋594円×400株＋595円×2,600株＋596円×400株＋597円×300株 ＋598円×200株＋599円×500株＋600円×1,600株＋602円×800株 ＋603円×900株＋604円×800株＋605円×2,200株＋606円×400株 ＋607円×500株＋608円×100株）｝×1／2 ＝1,546,450円 （２）金融商品取引法第１７６条第２項の規定により、上記（１）で計算した額の１万円未満の端数を切捨て。"
2019-03-29,株式会社RS Technologies,3445,株式会社RS Technologiesにおける有価証券報告書等の虚偽記載に係る課徴金納付命令勧告について,https://www.fsa.go.jp/sesc/news/c_2019/2019/20190329-1.html,"English version 平成31年3月29日 証券取引等監視委員会 株式会社RS Technologiesにおける有価証券報告書等の虚偽記載に係る課徴金納付命令勧告について １．勧告の内容 証券取引等監視委員会は、株式会社RS Technologies（法人番号3010701024500）（以下「当社」という。）における有価証券報告書等の虚偽記載について検査した結果、以下のとおり法令違反の事実が認められたので、本日、内閣総理大臣及び金融庁長官に対して、金融庁設置法第20条第１項の規定に基づき、課徴金納付命令を発出するよう勧告を行った。 ２．法令違反の事実関係 当社は、多結晶ダイヤモンドパウダーの架空取引により、売上の過大計上や貸倒引当金の不計上といった不適正な会計処理を行った。 この結果、当社は、関東財務局長に対し、金融商品取引法第172条の４第１項及び第２項に規定する「重要な事項につき虚偽の記載」がある以下の有価証券報告書等を提出したものである（「重要な事項につき虚偽の記載」の内容は別紙１のとおり。）。 ・平成27年９月第３四半期四半期報告書（平成27年11月13日提出） ・平成27年12月期有価証券報告書（平成28年３月29日提出） ３．課徴金の額の計算 上記の違法行為について金融商品取引法に基づき算定される課徴金の額は、600万円である。（計算方法については別紙２のとおり。） 【別紙１】株式会社RS Technologiesに係る有価証券報告書等の虚偽記載内容 番号 開示書類 虚偽記載 提出日 書類 会計期間 財務計算に 関する書類 主な内容（注） 主な事由 １ 平成27年 11月13日 第６期第３四半期（平成27年７月１日～平成27年９月30日）に係る四半期報告書 平成27年１月１日～平成27年９月30日の第３四半期連結累計期間 四半期連結損益計算書 連結四半期純利益が110百万円であるところを212百万円と記載 ・売上の過大計上 ・貸倒引当金の不計上 ２ 平成28年 ３月29日 第６期（平成27年１月１日～平成27 年12月31日）に係る有価証券報告書 平成27年１月１日～平成27年12 月31日の連結会計期間 連結 損益計算書 連結当期純利益が152百万円であるところを304百万円と記載 ・売上の過大計上 ・貸倒引当金の不計上 （注）金額は百万円未満切捨てである。 【別紙２】課徴金の計算方法 金融商品取引法第172条の４第１項の規定により、平成27年12月期有価証券報告書について算出した額は、当該法人が発行する算定基準有価証券の市場価額の総額に10万分の６を乗じて得た額779,506円が6,000,000円を超えないことから、6,000,000円となる。 また、金融商品取引法第172条の４第２項の規定により、平成27年９月第３四半期四半期報告書について算出した額は、当該法人が発行する算定基準有価証券の市場価額の総額に10万分の６を乗じて得た額833,487円が6,000,000円を超えないことから、6,000,000円の２分の１に相当する額である3,000,000円となる。 なお、これらの開示書類は同一の事業年度に係るものであることから、金融商品取引法第185条の７第６項の規定により、6,000,000円をそれぞれ個別決定ごとの算出額に応じて按分することとなり、 平成27年12月期有価証券報告書に係る課徴金の額は 6,000,000×6,000,000/（3,000,000＋6,000,000）＝4,000,000円 平成27年９月第３四半期四半期報告書に係る課徴金の額は 6,000,000×3,000,000/（3,000,000＋6,000,000）＝2,000,000円 となる。 したがって、納付すべき課徴金の額は、 4,000,000＋2,000,000＝6,000,000円 となる。"
2019-03-26,,,シティグループ・グローバル・マーケッツ・リミテッドによる長期国債先物に係る 相場操縦に対する課徴金納付命令の勧告について,https://www.fsa.go.jp/sesc/news/c_2019/2019/20190326-1.html,"English version 平成３１年３月２６日 証券取引等監視委員会 シティグループ・グローバル・マーケッツ・リミテッドによる長期国債先物に係る相場操縦に対する課徴金納付命令の勧告について １．勧告の内容 証券取引等監視委員会は、シティグループ・グローバル・マーケッツ・リミテッド（以下「ＣＧＭＬ」という。）による相場操縦について検査した結果、下記のとおり法令違反の事実が認められたので、本日、内閣総理大臣及び金融庁長官に対して、金融庁設置法第２０条第１項の規定に基づき、課徴金納付命令を発出するよう勧告を行った。 ２．法令違反の事実関係 ＣＧＭＬは、英国に本店を置き、英国金融行為規制機構及び英国健全性規制機構に登録された金融業者であり、ＣＧＭＬと密接な関係を有する者から、その日本国債先物取引口座における資産の運用を委託されたものであるが、ＣＧＭＬのディーリング業務に従事していた者において、同社の業務に関し、株式会社大阪取引所（以下「大阪取引所」という。）に上場されていた長期国債先物２０１８年１２月限月（以下「本件国債先物」という。）について、市場デリバティブ取引を誘引する目的をもって、別表記載のとおり、平成３０年１０月２６日午後７時４５分頃から同月２７日午前１時１１分頃までの間及び同月２９日午後７時１６分頃から同月３０日午前１時２分頃までの間、大阪取引所において、証券会社を介し、約定させる意思がないのに、最良買い気配値以下の価格に多数の買い注文を発注する方法により、合計７６０３単位の買付けの委託を行うとともに、合計２７７単位を売り付ける一方、約定させる意思がないのに、最良売り気配値以上の価格に多数の売り注文を発注する方法により、合計４３４１単位の売付けの委託を行うとともに、合計３１１単位を買い付けるなどし、もって、ＣＧＭＬと密接な関係を有する者の計算において、市場デリバティブ取引が繁盛であると誤解させ、かつ、大阪取引所における本件国債先物の相場を変動させるべき一連の市場デリバティブ取引及びその委託をしたものである。 違反行為事実の概要等については、 別紙１ のとおり。 ＣＧＭＬが行った上記の行為は、金融商品取引法（以下「金商法」という。）第１７４条の２第１項に規定する「第１５９条第２項第１号の規定に違反する一連の有価証券売買等」及び「委託等」に該当すると認められる。 ３．課徴金の額の計算 上記の違法行為について金商法に基づき算定される課徴金の額は、１億３３３７万円である。 計算方法の詳細については、 別紙２ のとおり。 ４．その他 本件については、日本取引所自主規制法人より提供された情報を参考として、実態解明を行ったものである。 （別紙１） ○違反行為事実の概要について （クリックすると拡大されます） （別紙２） ○課徴金の額の計算方法について １．金商法第１７４条の２第１項に基づき、当該違反行為に係る課徴金の額は、 (1) 当該違反行為に係る有価証券の売買対当数量（注１）に係るものについて、自己の計算による当該有価証券の売付け等の価額から、自己の計算による当該有価証券の買付け等の価額を控除した額 （注１）売買対当数量：当該違反行為に係る有価証券の売付け等の数量と買付け等の数量のうち、いずれか少ない数量をいう。 及び (2) 当該違反行為に係る自己の計算による有価証券の売付け等の数量が当該違反行為に係る自己の計算による有価証券の買付け等の数量を超える場合、当該超える数量に係る有価証券の売付け等の価額から、当該違反行為が終了してから１月を経過するまでの間の各日における当該違反行為に係る有価証券の買付け等についての金商法第６７条の１９又は第１３０条に規定する最低の価格のうち最も低い価格に当該超える数量を乗じて得た額を控除した額 を合計することで算出される。 ２．本件では、別表に掲げる事実につき、 (1) 違反行為期間１の取引について (ア) 　売買対当数量（注２）に係る課徴金の額　７０万円（注３） （注２）当該違反行為に係る売買対当数量は、以下により２０２単位となる。 a． 当該違反行為に係る自己の計算による有価証券の売付け等の数量は、金商法第１７４条の２第６項、金商法第六章の二の規定による課徴金に関する内閣府令第１条の１７第１項第３号により、自己の計算によるものとみなされる当該違反行為に係るＣＧＭＬと密接な関係を有する者の計算による有価証券の売付け等の数量である６１単位に、当該違反行為の開始時にＣＧＭＬと密接な関係を有する者の計算において当該違反行為に係る有価証券を有しないで又は借り入れて売り付けており、金商法第１７４条の２第７項及び金商法施行令第３３条の１２第１号の規定により、当該違反行為開始時にその時における価格（１５０．７７円）で当該違反行為に係る有価証券の売付け等を自己の計算においてしたものとみなされる３３９単位を加えた、４００単位となる。 b． 当該違反行為に係る自己の計算による有価証券の買付け等の数量は、金商法第１７４条の２第６項、金商法第六章の二の規定による課徴金に関する内閣府令第１条の１７第１項第３号により、自己の計算によるものとみなされる当該違反行為に係るＣＧＭＬと密接な関係を有する者の計算による有価証券の買付け等の数量である６０単位に、当該違反行為の開始時にＣＧＭＬと密接な関係を有する者が所有しており、金商法第１７４条の２第８項及び金商法施行令第３３条の１３第１号の規定により、当該違反行為開始時にその時における価格（１５０．７７円）で当該違反行為に係る有価証券の買付け等を自己の計算においてしたものとみなされる１４２単位を加えた、２０２単位となる。 （注３）算定式は次のとおり。 （202単位×150.77円×1,000,000）－｛（142単位×150.77円×1,000,000）＋（20単位×150.73円×1,000,000）＋（10単位×150.75円×1,000,000）＋（30単位×150.78円×1,000,000）} ＝700,000円 （注４）長期国債先物は、長期国債標準物を対象原資産とする先物取引であり、長期国債先物の最低取引単位（1単位）は、同先物の価格を1,000,000倍した金額となる。 及び (イ) 　当該違反行為に係る自己の計算によるものとみなされる有価証券の売付け等の数量が当該違反行為に係る自己の計算によるものとみなされる有価証券の買付け等の数量を超える場合の、当該超える数量に係る課徴金の額６０２０万円（注５） （注５）当該超える数量は、上記（ア）（注２）a．記載の数値（４００単位）から同b．記載の数値（２０２単位）を差し引いた１９８単位であるところ、当該超える数量に係る有価証券の売付け等の価額から、当該違反行為が終了してから１月を経過するまでの間の各日における当該違反行為に係る有価証券の買付け等についての金商法第６７条の１９又は第１３０条に規定する最低の価格のうち最も低い価格（１５０．４７円）に、当該超える数量（１９８単位）を乗じて得た額を控除することで算出される。 ｛（158単位×150.77円×1,000,000）＋（10単位×150.78円×1,000,000）＋（20単位×150.79円×1,000,000）＋（10単位×150.80円×1,000,000）｝－（198単位×150.47円×1,000,000） ＝60,200,000 を合計し、 ６０９０万円となる。 (2) 違反行為期間２の取引について (ア) 売買対当数量（注６）に係る課徴金の額　３３０万円（注７） （注６）当該違反行為に係る売買対当数量は、以下により３４７単位となる。 a． 当該違反行為に係る自己の計算による有価証券の売付け等の数量は、金商法第１７４条の２第６項、金商法第六章の二の規定による課徴金に関する内閣府令第１条の１７第１項第３号により、自己の計算によるものとみなされる当該違反行為に係るＣＧＭＬと密接な関係を有する者の計算による有価証券の売付け等の数量である２１６単位に、当該違反行為の開始時にＣＧＭＬと密接な関係を有する者の計算において当該違反行為に係る有価証券を有しないで又は借り入れて売り付けており、金商法第１７４条の２第７項及び金商法施行令第３３条の１２第１号の規定により、当該違反行為開始時にその時における価格（１５０．７２円）で当該違反行為に係る有価証券の売付け等を自己の計算においてしたものとみなされる４１４単位を加えた、６３０単位となる。 b． 当該違反行為に係る自己の計算による有価証券の買付け等の数量は、金商法第１７４条の２第６項、金商法第六章の二の規定による課徴金に関する内閣府令第１条の１７第１項第３号により、自己の計算によるものとみなされる当該違反行為に係るＣＧＭＬと密接な関係を有する者の計算による有価証券の買付け等の数量である２５１単位に、当該違反行為の開始時にＣＧＭＬと密接な関係を有する者が所有しており、金商法第１７４条の２第８項及び金商法施行令第３３条の１３第１号の規定により、当該違反行為開始時にその時における価格（１５０．７２円）で当該違反行為に係る有価証券の買付け等を自己の計算においてしたものとみなされる９６単位を加えた、３４７単位となる。 （注７）算定式は次のとおり。 （347単位×150.72円×1,000,000）－｛（96単位×150.72円×1,000,000）＋（25単位×150.69円×1,000,000）＋（29単位×150.70円×1,000,000）＋（197単位×150.71円×1,000,000）} ＝3,300,000円 及び (イ) 当該違反行為に係る自己の計算によるものとみなされる有価証券の売付け等の数量が当該違反行為に係る自己の計算によるものとみなされる有価証券の買付け等の数量を超える場合の、当該超える数量に係る課徴金の額６９１７万円（注８） （注８）当該超える数量は、上記（ア）（注６）a．記載の数値（６３０単位）から同b．記載の数値（３４７単位）を差し引いた２８３単位であるところ、当該超える数量に係る有価証券の売付け等の価額から、当該違反行為が終了してから１月を経過するまでの間の各日における当該違反行為に係る有価証券の買付け等についての金商法第６７条の１９又は第１３０条に規定する最低の価格のうち最も低い価格（１５０．４７円）に、当該超える数量（２８３単位）を乗じて得た額を控除することで算出される。 ｛（154単位×150.72円×1,000,000）＋（29単位×150.70円×1,000,000）＋（100単位×150.71円×1,000,000）｝－（283単位×150.47円×1,000,000） ＝69,170,000 を合計し、 ７２４７万円となる。 上記(1)ないし(2)により算定した額を合計し、 １億３３３７万円が課徴金の額となる。 【参考】 違反行為期間１ 違反行為期間２ （ 別表（PDF） ）"
2019-03-12,ＦＩＰ投資顧問株式会社,,ＦＩＰ投資顧問株式会社に対する検査結果に基づく勧告について,https://www.fsa.go.jp/sesc/news/c_2019/2019/20190312-2.html,English version 平成31年3月12日 証券取引等監視委員会 FIP投資顧問株式会社に対する検査結果に基づく勧告について １．勧告の内容 関東財務局長がFIP投資顧問株式会社（東京都中央区、法人番号3010001127433、代表取締役Ａ、資本金2000万円、常勤役職員５名、投資助言・代理業）を検査した結果、下記のとおり、当該金融商品取引業者に係る問題が認められたので、本日、証券取引等監視委員会は、内閣総理大臣及び金融庁長官に対して、金融庁設置法第20条第１項の規定に基づき、行政処分を行うよう勧告した。 ２．事実関係 (1)　金融商品取引契約の締結の勧誘に関して、重要な事項につき誤解を生ぜしめるべき表示をする行為 FIP投資顧問株式会社（以下「当社」という。）は、無料のメールマガジンの配信を申し込んだ者約２万名に対し、平成30年９月から同年11月までの間、買い推奨の実績のある銘柄に関し、投資助言後の一部期間における株価上昇率を取り出し、これをあたかも助言後、短期間で急騰したかのような表示等を行って、投資顧問契約の締結の勧誘を行った。 このように、当社は、投資顧問契約の締結の勧誘に関して、投資助言の実績という重要な事項に関し、誤解を生ぜしめるべき表示により勧誘を行っていたものと認められる。 当社の上記行為は、金融商品取引法第38条第９号に基づく金融商品取引業等に関する内閣府令第117条第１項第２号に掲げる「金融商品取引契約の締結又はその勧誘に関して、重要な事項につき誤解を生ぜしめるべき表示をする行為」に該当するものと認められる。 このような法令違反行為が行われた背景として、Ａ代表取締役やＢ管理本部責任者（平成28年９月１日から同30年７月１日まで当社代表取締役、同日から同31年２月22日まで当社取締役を兼務。以下「Ｂ前代表」という。）の営業推進を最優先し、法令等遵守意識が欠如していることにあるものと認められる。 (2)　前代表による会社資産の私的費消等について 当社のＢ前代表は、平成28年９月の代表取締役就任時から、経理業務全般も兼任し、当社の預金管理、支払業務全般、決算書類の作成等の業務を一人で行っていた。 このような状況下、Ｂ前代表は、代表取締役に就任以降、当社の預金口座から毎月多額の出金をし、これを私的な遊興費等に費消しており、その額は少なくとも3400万円にのぼっている。 また、当社は、Ｂ前代表が私的に費消した現金について、その事実を隠蔽した虚偽の決算書類を作成し、当該決算書類を含む事業報告書を関東財務局長に提出した。 上記のとおり、当社では、役職員による不正行為を未然に防止するための業務運営態勢が構築されていないため、代表取締役等の地位にある者が、今回検査において発覚するまでの２年３ケ月間にわたって会社資産を費消していた。その結果、当社の財務に多大な影響を及ぼす状況となっており、ひいては、安定的な業務運営を困難ならしめ、投資顧問契約を締結した顧客に影響を及ぼしかねない状況となっている。 このような当社の業務運営の状況は、金融商品取引法第51条に規定する「業務の運営に関し、公益又は投資者保護のため必要かつ適当であると認めるとき」に該当すると認められる。 また、虚偽の事業報告書を関東財務局長に提出した行為は、同法第47条の２に違反するものと認められる。 （参考条文） ○　金融商品取引法（昭和23年法律第25号）（抄） （禁止行為） 第三十八条　金融商品取引業者等又はその役員若しくは使用人は、次に掲げる行為をしてはならない。ただし、第四号から第六号までに掲げる行為にあつては、投資者の保護に欠け、取引の公正を害し、又は金融商品取引業の信用を失墜させるおそれのないものとして内閣府令で定めるものを除く。 一　～　八（略） 九　前各号に掲げるもののほか、投資者の保護に欠け、若しくは取引の公正を害し、又は金融商品取引業の信用を失墜させるものとして内閣府令で定める行為 （事業報告書の提出） 第四十七条の二　金融商品取引業者は、事業年度ごとに、内閣府令で定めるところにより、事業報告書を作成し、毎事業年度経過後三月以内に、これを内閣総理大臣に提出しなければならない。 （金融商品取引業者に対する業務改善命令） 第五十一条　内閣総理大臣は、金融商品取引業者の業務の運営又は財産の状況に関し、公益又は投資者保護のため必要かつ適当であると認めるときは、その必要の限度において、当該金融商品取引業者に対し、業務の方法の変更その他業務の運営又は財産の状況の改善に必要な措置をとるべきことを命ずることができる。 ○　金融商品取引業等に関する内閣府令（平成19年内閣府令第52号） （禁止行為） 第百十七条　法第三十八条第九号に規定する内閣府令で定める行為は、次に掲げる行為とする。 一　（略） 二　金融商品取引契約の締結又はその勧誘に関して、虚偽の表示をし、又は重要な事項につき誤解を生ぜしめるべき表示をする行為 （以下、略）
2019-02-26,,,犯則調査における証拠収集・分析手続の整備についての建議,https://www.fsa.go.jp/sesc/news/c_2019/2019/20190226-1.html,平成31年2月26日 証券取引等監視委員会 金融庁設置法第21条の規定に基づく建議について 証券取引等監視委員会は、金融庁設置法第21条の規定に基づき、本日、内閣総理大臣及び金融庁長官に対して、下記のとおり建議を行った。 記 犯則調査における証拠収集・分析手続の整備について 高度情報化の進展に伴い、近年コンピュータを利用した犯罪行為が増加を続けており、こうした事態に適切に対処するため、犯則調査においても、電磁的記録等の証拠収集・分析を行う必要性が高まっている。 しかし、金融商品取引法には、刑事訴訟法、国税通則法等と同様の電磁的記録に係る差押えの規定が導入されていない。 こうした状況に鑑みれば、適時・的確な証拠収集・分析手続を可能とする観点から、金融商品取引法に必要な規定を整備する等、適切な措置を講ずる必要がある。
2019-03-01,タカタ株式会社,,タカタ株式会社社員による内部者取引に対する課徴金納付命令の勧告について,https://www.fsa.go.jp/sesc/news/c_2019/2019/20190301-1.html,"English version 平成31年3月1日 証券取引等監視委員会 タカタ株式会社社員による内部者取引に対する課徴金納付命令の勧告について １．勧告の内容 証券取引等監視委員会は、タカタ株式会社社員による内部者取引について検査した結果、下記のとおり法令違反の事実が認められたので、本日、内閣総理大臣及び金融庁長官に対して、金融庁設置法第２０条第１項の規定に基づき、課徴金納付命令を発出するよう勧告を行った。 ２．法令違反の事実関係 （１）課徴金納付命令対象者（１）について 課徴金納付命令対象者（１）は、タカタ株式会社（以下「タカタ」という。平成２９年７月２７日上場廃止、平成３０年６月２１日ＴＫＪＰに商号変更。）の社員であったが、同人がその職務に関し、タカタの業務執行を決定する機関が、キー・セイフティー・システムズ社（以下「ＫＳＳ」という。）に対し事業譲渡を行うことについての決定をした旨の重要事実を知りながら、上記事実の公表がされた平成２９年６月２６日より前の同月１２日、自己の計算において、タカタ株式合計４１００株を売付価額合計１９７万６２００円で売り付けたものである。 （２）課徴金納付命令対象者（２）について 課徴金納付命令対象者（２）は、タカタの社員であったが、同人がその職務に関し、タカタの業務執行を決定する機関が、ＫＳＳに対し事業譲渡を行うことについての決定をした旨の重要事実を知りながら、上記事実の公表がされた平成２９年６月２６日より前の同年５月１９日及び同年６月２日、自己の計算において、タカタ株式合計４００株を売付価額合計１９万１５００円で売り付けたものである。 （３）課徴金納付命令対象者（３）について 課徴金納付命令対象者（３）は、タカタの社員であったが、同人がその職務に関し、タカタの業務執行を決定する機関が、ＫＳＳに対し事業譲渡を行うことについての決定をした旨の重要事実を知りながら、上記事実の公表がされた平成２９年６月２６日より前の同月６日、自己の計算において、タカタ株式合計４００株を売付価額合計１９万４０００円で売り付けたものである。 （４）課徴金納付命令対象者（４）について 課徴金納付命令対象者（４）は、タカタの社員であったが、同人がその職務に関し、タカタの業務執行を決定する機関が、ＫＳＳに対し事業譲渡を行うことについての決定をした旨の重要事実を知りながら、上記事実の公表がされた平成２９年６月２６日より前の同年５月１１日、自己の計算において、タカタ株式合計２８００株を売付価額合計１１４万８０００円で売り付けたものである。 （５）課徴金納付命令対象者（５）について 課徴金納付命令対象者（５）は、タカタの社員であったが、同人がその職務に関し、タカタの業務執行を決定する機関が、ＫＳＳに対し事業譲渡を行うことについての決定をした旨の重要事実を知りながら、上記事実の公表がされた平成２９年６月２６日より前の同年５月１１日、自己の計算において、タカタ株式合計３６００株を売付価額合計１４８万３２００円で売り付けたものである。 （６）課徴金納付命令対象者（６）について 課徴金納付命令対象者（６）は、タカタの社員であったが、同人がその職務に関し、タカタの業務執行を決定する機関が、ＫＳＳに対し事業譲渡を行うことについての決定をした旨の重要事実を知りながら、上記事実の公表がされた平成２９年６月２６日より前の同年５月１７日、自己の計算において、タカタ株式合計４００株を売付価額合計１６万１６００円で売り付けたものである。 （７）課徴金納付命令対象者（７）について 課徴金納付命令対象者（７）は、タカタの社員であったが、同人がその職務に関し、タカタの業務執行を決定する機関が、民事再生手続開始の申立てを行うことについての決定をした旨の重要事実を知りながら、上記事実の公表がされた平成２９年６月２６日より前の同年５月１９日及び同年６月１日、自己の計算において、タカタ株式合計３６００株を売付価額合計１６２万２５００円で売り付けたものである。 （８）課徴金納付命令対象者（８）について 課徴金納付命令対象者（８）は、タカタの社員であったが、同人がその職務に関し、タカタの業務執行を決定する機関が、民事再生手続開始の申立てを行うことについての決定をした旨の重要事実を知りながら、上記事実の公表がされた平成２９年６月２６日より前の同月１３日、自己の計算において、タカタ株式合計１０００株を売付価額合計４８万７０００円で売り付けたものである。 （９）課徴金納付命令対象者（９）について 課徴金納付命令対象者（９）は、タカタの社員であったが、同人がその職務に関し、タカタの業務執行を決定する機関が、民事再生手続開始の申立てを行うことについての決定をした旨の重要事実を知りながら、上記事実の公表がされた平成２９年６月２６日より前の同月１２日、自己の計算において、タカタ株式合計１６００株を売付価額合計７９万２０００円で売り付けたものである。 各違反行為事実の概要については、 別図 のとおり。 課徴金納付命令対象者（１）ないし（９）が行った上記の各行為は、金融商品取引法第１７５条第１項に規定する「第１６６条第１項又は第３項の規定に違反して、同条第１項に規定する売買等をした」行為に該当すると認められる。 ３．課徴金の額の計算 上記の各違反行為に対し、金融商品取引法に基づき納付を命じられる課徴金の額は、下記のとおりである。 課徴金納付命令対象者（１）１９１万円 課徴金納付命令対象者（２）　１８万円 課徴金納付命令対象者（３）　１８万円 課徴金納付命令対象者（４）１１０万円 課徴金納付命令対象者（５）１４２万円 課徴金納付命令対象者（６）　１５万円 課徴金納付命令対象者（７）１５６万円 課徴金納付命令対象者（８）　４７万円 課徴金納付命令対象者（９）　７６万円 計算方法の詳細については、 別紙 のとおり。 ４．その他 本件については、日本取引所自主規制法人より提供された情報も参考として、実態解明を行ったものである。 （別図） ○違反行為事実の概要について （クリックすると拡大されます） （別紙） ○課徴金の額の計算方法について １． 課徴金納付命令対象者（１）について （１）金融商品取引法第１７５条第１項第１号の規定により、当該有価証券の売付けについて、当該有価証券の売付けをした価格にその数量を乗じて得た額から業務等に関する重要事実の公表がされた後２週間における最も低い価格（15円）に当該有価証券の売付けの数量を乗じて得た額を控除した額。 （482円×4,100株）－（15円×4,100株） ＝1,914,700円 （２）金融商品取引法第１７６条第２項の規定により、上記（１）で計算した額の１万円未満の端数を切捨て。 ２． 課徴金納付命令対象者（２）について （１）金融商品取引法第１７５条第１項第１号の規定により、当該有価証券の売付けについて、当該有価証券の売付けをした価格にその数量を乗じて得た額から業務等に関する重要事実の公表がされた後２週間における最も低い価格（15円）に当該有価証券の売付けの数量を乗じて得た額を控除した額。 （475円×300株＋490円×100株）－（15円×400株） ＝185,500円 （２）金融商品取引法第１７６条第２項の規定により、上記（１）で計算した額の１万円未満の端数を切捨て。 ３． 課徴金納付命令対象者（３）について （１）金融商品取引法第１７５条第１項第１号の規定により、当該有価証券の売付けについて、当該有価証券の売付けをした価格にその数量を乗じて得た額から業務等に関する重要事実の公表がされた後２週間における最も低い価格（15円）に当該有価証券の売付けの数量を乗じて得た額を控除した額。 （485円×400株）－（15円×400株） ＝188,000円 （２）金融商品取引法第１７６条第２項の規定により、上記（１）で計算した額の１万円未満の端数を切捨て。 ４． 課徴金納付命令対象者（４）について （１）金融商品取引法第１７５条第１項第１号の規定により、当該有価証券の売付けについて、当該有価証券の売付けをした価格にその数量を乗じて得た額から業務等に関する重要事実の公表がされた後２週間における最も低い価格（15円）に当該有価証券の売付けの数量を乗じて得た額を控除した額。 （410円×2,800株）－（15円×2,800株） ＝1,106,000円 （２）金融商品取引法第１７６条第２項の規定により、上記（１）で計算した額の１万円未満の端数を切捨て。 ５． 課徴金納付命令対象者（５）について （１）金融商品取引法第１７５条第１項第１号の規定により、当該有価証券の売付けについて、当該有価証券の売付けをした価格にその数量を乗じて得た額から業務等に関する重要事実の公表がされた後２週間における最も低い価格（15円）に当該有価証券の売付けの数量を乗じて得た額を控除した額。 （412円×3,600株）－（15円×3,600株） ＝1,429,200円 （２）金融商品取引法第１７６条第２項の規定により、上記（１）で計算した額の１万円未満の端数を切捨て。 ６． 課徴金納付命令対象者（６）について （１）金融商品取引法第１７５条第１項第１号の規定により、当該有価証券の売付けについて、当該有価証券の売付けをした価格にその数量を乗じて得た額から業務等に関する重要事実の公表がされた後２週間における最も低い価格（15円）に当該有価証券の売付けの数量を乗じて得た額を控除した額。 （404円×400株）－（15円×400株） ＝155,600円 （２）金融商品取引法第１７６条第２項の規定により、上記（１）で計算した額の１万円未満の端数を切捨て。 ７． 課徴金納付命令対象者（７）について （１）金融商品取引法第１７５条第１項第１号の規定により、当該有価証券の売付けについて、当該有価証券の売付けをした価格にその数量を乗じて得た額から業務等に関する重要事実の公表がされた後２週間における最も低い価格（15円）に当該有価証券の売付けの数量を乗じて得た額を控除した額。 （409円×1,700株＋488円×1,900株）－（15円×3,600株） ＝1,568,500円 （２）金融商品取引法第１７６条第２項の規定により、上記（１）で計算した額の１万円未満の端数を切捨て。 ８． 課徴金納付命令対象者（８）について （１）金融商品取引法第１７５条第１項第１号の規定により、当該有価証券の売付けについて、当該有価証券の売付けをした価格にその数量を乗じて得た額から業務等に関する重要事実の公表がされた後２週間における最も低い価格（15円）に当該有価証券の売付けの数量を乗じて得た額を控除した額。 （487円×1,000株）－（15円×1,000株） ＝472,000円 （２）金融商品取引法第１７６条第２項の規定により、上記（１）で計算した額の１万円未満の端数を切捨て。 ９． 課徴金納付命令対象者（９）について （１）金融商品取引法第１７５条第１項第１号の規定により、当該有価証券の売付けについて、当該有価証券の売付けをした価格にその数量を乗じて得た額から業務等に関する重要事実の公表がされた後２週間における最も低い価格（15円）に当該有価証券の売付けの数量を乗じて得た額を控除した額。 （495円×1,600株）－（15円×1,600株） ＝768,000円 （２）金融商品取引法第１７６条第２項の規定により、上記（１）で計算した額の１万円未満の端数を切捨て。"
2019-02-22,エーアイトラスト株式会社,,エーアイトラスト株式会社に対する検査結果に基づく勧告について,https://www.fsa.go.jp/sesc/news/c_2019/2019/20190222-1.html,English version 平成31年2月22日 証券取引等監視委員会 エーアイトラスト株式会社に対する検査結果に基づく勧告について １．勧告の内容 証券取引等監視委員会がエーアイトラスト株式会社（東京都港区、法人番号1010701020889、資本金１億円、常勤役職員22名、第二種金融商品取引業）を検査した結果、下記のとおり、当該金融商品取引業者に係る問題が認められたので、本日、証券取引等監視委員会は、内閣総理大臣及び金融庁長官に対して、金融庁設置法第20条第１項の規定に基づき、行政処分を行うよう勧告した。 ２．事実関係 エーアイトラスト株式会社（以下「当社」という。）は、当社ウェブサイトにおいて、自らを営業者とする匿名組合の出資持分（以下「ファンド」という。）の自己募集を行い、その出資金を法人に対する貸付けによって運用している。 今回検査において、当社の業務運営の状況を検証したところ、平成30年12月７日付で行政処分勧告を行った問題点に加え、以下の問題が認められた。 （１）ファンドの取得勧誘に関し、虚偽の表示をする行為 ○　高速道路事業を貸付対象事業とするファンドについて 当社は、平成30年２月から５月にかけて、「債権担保付ローンファンド」及び「Trust　Lendingセレクトファンド」（105号～111号、113号～138号）（以下「本ファンドＡ」という。）の募集を行い、投資家から総額約15億７千万円の出資を受けている。 当社は、本ファンドＡの取得勧誘に際し、当社ウェブサイト上の募集ページにおいて、当該出資金の貸付先（以下「本借入人Ａ」という。）が関与する事業、資金使途及び返済原資等に関し、 ・　本借入人Ａは元請負会社を経由して、国土交通省等を発注者とする高速道路関係の工事を受注している ・　本借入人Ａが受注した工事は、「新東名高速道路高取山トンネル西工事」（105号～109号）、「新東名高速道路川西工事」（105～109号、120号、121号、125号、126号、129号～138号）、「新東名高速道路高松工事」（110号、111号、113号～116号）、「東京外かく環状道路本線トンネル大泉南工事」（117号～119号、122号～124号、127号、128号）である ・　資金使途は、本借入人Ａの材料費・労務費・外注費等、協力企業へ支払う材料費・労務費・外注費等、当該ファンドからの借入金にかかる経過利息、上記に付随する費用である ・　返済原資は、元請負会社からの支払いが予定されている工事請負代金である 旨等を記載するとともに、スキーム図において、大手ゼネコンJVの名称を用いるなどして、あたかも国土交通省等から発注を受けた各JVが元請負会社に発注し、本借入人Ａは当該元請負会社から「新東名高速道路高取山トンネル西工事」、「新東名高速道路川西工事」、「新東名高速道路高松工事」、「東京外かく環状道路本線トンネル大泉南工事」の発注を受けているかのような表示をしている。 しかしながら、上記の各工事について、各JVから元請負会社を経由して本借入人Ａが発注を受けた事実はなく、このため、本借入人Ａに対しては、上記の取得勧誘時の表示のような、高速道路関係の工事受注を前提とした資金使途のための貸付けは当初から行われていない。 ○　公共事業に係るコンサルティング業務を貸付対象事業とするファンドについて 当社は、平成30年５月から６月にかけて、「Trust Lendingセレクトファンド（147号～154号）」（以下「本ファンドＢ」という。）の募集を行い、投資家から総額約２億４千万円の出資を受けている。 当社は、本ファンドＢの取得勧誘に際し、当社ウェブサイト上の募集ページにおいて、当該出資金の貸付先（以下「本借入人Ｂ」という。）が関与する事業、資金使途及び返済原資等に関し、 ・　本借入人Ｂは、依頼元事業者が進める複数の公共事業プロジェクトを対象として、リソースやスケジュール面での課題を解決すること等により事業全体の最適化を支援する ・　対象となる公共事業プロジェクトには、土木建築事業や環境の再生・保全といった大規模な案件も含まれる ・　返済原資は、依頼元事業者から支払われるコンサルティングサービスの業務委託料である 旨等を記載するとともに、スキーム図において、各府省や地方自治体の名称を用いて、「様々な分野の公共事業をコンサルティング」等と記載するなどして、あたかも本借入人Ｂにおいて公共事業プロジェクトに対するコンサルティング業務が行われるかのような表示をしている。 今回検査において、募集ページに記載された「対象とする公共事業プロジェクト」の具体的内容を当社に確認したところ、「土木建築事業」案件は高速道路事業（上記記載の「本ファンドＡ」の貸付対象事業）、「環境の再生・保全」案件は除染事業（平成30年12月７日付行政処分勧告記載の「本債権ファンド」の貸付対象事業）であり、その他に具体的に予定されている公共事業プロジェクトはないとの回答であった。また、上記「依頼元事業者」は本借入人Ａであり、除染事業における事業統括会社と同一事業者である。 しかしながら、高速道路事業については本借入人Ａにおいて工事受注がされていないこと、除染事業については事業自体が存在しないことが検査において認められている。 このため、本借入人Ｂに対しては、上記の取得勧誘時の表示のような、公共事業プロジェクトに対するコンサルティング業務等の実施を前提とした資金使途のための貸付けは当初から行われていない。 このように、当社は、本ファンドＡ及びＢの取得勧誘に関して、虚偽の表示を行っていたものと認められる。 （２）ファンドの取得勧誘に関し、重要な事項につき誤解を生ぜしめるべき表示をする行為 当社は、平成30年９月から11月にかけて、「燃料卸売事業者ローンファンド（193号～200号、203号、207号～210号）」（以下「本ファンドＣ」という。）の募集を行い、投資家から総額約６億２千万円の出資を受けている。 当社は、本ファンドＣの取得勧誘に際し、当社ウェブサイト上の募集ページにおいて、当該出資金の貸付先（以下「本借入人Ｃ」という。）が関与する事業、資金使途及び返済原資等に関し、 ・　公共事業における重機や資材運搬等で必要となる燃料について、本借入人Ｃにおいて調達と配給の集約を行うものである ・　初年度売上30億円をボトムラインとして継続成長が計画されている売上規模となる ・　返済原資は、本燃料卸売事業による収益である 旨等を記載している。 しかしながら、本事業に係る初年度売上について、上記のとおり「30億円をボトムラインとして」と記載しているところ、これについては何ら根拠の無いものであり、工事の実施状況等にかかわらず、最低でも30億円の売上が予定されているかのような誤解を生ぜしめるべき表示となっている。 このように、当社は、本件ファンドＣの取得勧誘に関して、「ファンドの返済原資の調達源となる燃料卸売事業の売上高」という重要な事項について、誤解を生ぜしめるべき表示を行っていたものと認められる。 （３）当社の管理上の問題点及びファンド資金が流出している状況 当社は、ファンド資金の資金使途とされる事業の実態を十分確認することなく、ウェブサイト上に資金使途や返済原資等を具体的に表示し、取得勧誘を行っていた。 また、当社は、各ファンドについて貸付実行後のモニタリング等を行っておらず、貸付金がウェブサイトに表示した資金使途どおりに使用されているかについて十分な確認を行っていなかった。その結果、平成29年２月から同30年11月までの募集総額約52億円（既に運用が終了しているものを除く。）のうち、少なくとも約15億８千万円が、各ファンドの案件紹介等に中心的な役割を果たしていたＸ取締役（平成30年10月当社取締役就任）が実質的に支配する法人に流出していた。 上記の状況が看過されてきた原因は、当社においては、法令上、虚偽表示等の禁止行為が規定されているにもかかわらず、事業実態や貸付先におけるファンド資金の使途等を把握するための管理態勢を構築していないことによるものと認められる。 当社の上記（１）の行為は、金融商品取引法第38条第９号（平成29年法律第37号による改正前は同条第８号）に基づく金融商品取引業等に関する内閣府令第117条第１項第２号に掲げる「金融商品取引契約の締結の勧誘に関して、虚偽の表示をする行為」に該当するものと認められる。 また、当社の上記（２）の行為は、金融商品取引法第38条第９号に基づく金融商品取引業等に関する内閣府令第117条第１項第２号に掲げる「金融商品取引契約の締結の勧誘に関して、重要な事項につき誤解を生ぜしめるべき表示をする行為」に該当するものと認められる。 さらに、当社の上記（３）の状況は、金融商品取引法第51条に規定する「業務の運営に関し、公益又は投資者保護のため必要かつ適当であると認めるとき」に該当するものと認められる。 （参考） エーアイトラスト株式会社に対する検査結果に基づく勧告について（平成30年12月７日） （参考条文） ○　金融商品取引法（昭和23年法律第25号）（抄） （禁止行為） 第三十八条　金融商品取引業者等又はその役員若しくは使用人は、次に掲げる行為をしてはならない。ただし、第四号から第六号までに掲げる行為にあつては、投資者の保護に欠け、取引の公正を害し、又は金融商品取引業の信用を失墜させるおそれのないものとして内閣府令で定めるものを除く。 一　～　八（略） 九　前各号に掲げるもののほか、投資者の保護に欠け、若しくは取引の公正を害し、又は金融商品取引業の信用を失墜させるものとして内閣府令で定める行為 （金融商品取引業者に対する業務改善命令） 第五十一条　内閣総理大臣は、金融商品取引業者の業務の運営又は財産の状況に関し、公益又は投資者保護のため必要かつ適当であると認めるときは、その必要の限度において、当該金融商品取引業者に対し、業務の方法の変更その他業務の運営又は財産の状況の改善に必要な措置をとるべきことを命ずることができる。 ○　金融商品取引業等に関する内閣府令（平成19年内閣府令第52号） （禁止行為） 第百十七条　法第三十八条第九号に規定する内閣府令で定める行為は、次に掲げる行為とする。 一　（略） 二　金融商品取引契約の締結又はその勧誘に関して、虚偽の表示をし、又は重要な事項につき誤解を生ぜしめるべき表示をする行為 （以下、略）
2019-03-12,ＡＡＡ投資顧問株式会社,,ＡＡＡ投資顧問株式会社に対する検査結果に基づく勧告について,https://www.fsa.go.jp/sesc/news/c_2019/2019/20190312-1.html,"English version 平成31年3月12日 証券取引等監視委員会 AAA投資顧問株式会社に対する検査結果に基づく勧告について １．勧告の内容 関東財務局長がAAA投資顧問株式会社（東京都中央区、法人番号8011001056072、資本金101万円、常勤役職員８名、投資助言・代理業）を検査した結果、下記のとおり、当該金融商品取引業者に係る問題が認められたので、本日、証券取引等監視委員会は、内閣総理大臣及び金融庁長官に対して、金融庁設置法第20条第１項の規定に基づき、行政処分を行うよう勧告した。 ２．事実関係 AAA投資顧問株式会社（以下「当社」という。）は、当社ウェブサイトに無料会員登録をした者（以下「見込顧客」という。）に対して、電話やメールマガジンの配信等により、投資顧問契約の締結の勧誘を行っているが、平成30年４月から同年11月までの間の勧誘状況を確認したところ、以下の法令違反行為が認められた。 (1)　金融商品取引契約の締結の勧誘に関して、顧客に対し虚偽のことを告げる行為 ア．電話勧誘における虚偽告知 当社の代表取締役社長（以下「当社代表」という。）は、見込顧客に対する電話勧誘において、投資助言の実績がない銘柄について、事実に反して「4.5倍の利益をお届けしました」等の虚偽の内容を告げて投資顧問契約の締結の勧誘を行った（少なくとも66名に勧誘し、18名が当社と投資顧問契約を締結）。 イ．メールマガジン等における虚偽告知 当社は、見込顧客に対して送信したメールマガジン等において、実際には特別な情報を入手していないにもかかわらず、事実に反して「外部に漏らしてはいけない重要な秘密情報になります、禁断の裏話、裏情報、私どもも目を疑うような、“とびきりの情報”」等の虚偽の内容を告げて投資顧問契約の締結の勧誘を行った（延べ約8,000名に勧誘）。 当社の上記行為は、金融商品取引法第38条第１号に掲げる「金融商品取引契約の締結又はその勧誘に関して、顧客に対し虚偽のことを告げる行為」に該当するものと認められる。 (2)　金融商品取引契約の締結の勧誘に関して、重要な事項につき誤解を生ぜしめるべき表示をする行為 当社は、見込顧客に対して送信したメールマガジンにおいて、投資助言後の一部期間における株価上昇率を取り出し、これをあたかも投資助言後の全ての期間を通じた実績であるかのような誤解を生ぜしめるべき表示を行い、投資顧問契約の締結の勧誘を行った（延べ約39,000名に勧誘）。 このように、当社は、投資顧問契約の締結の勧誘に関して、顧客に対し、投資助言の実績という重要な事項に関し、誤解を生ぜしめるべき表示により勧誘を行っていたものと認められる。 当社の上記行為は、金融商品取引法第38条第９号に基づく金融商品取引業等に関する内閣府令第117条第１項第２号に掲げる「金融商品取引契約の締結又はその勧誘に関して、重要な事項につき誤解を生ぜしめるべき表示をする行為」に該当するものと認められる。 このような法令違反行為が行われた背景として、当社代表が、低迷する売上げを回復させることを優先し、代表自らが法令違反行為を行うなど投資者保護を一顧だにしない営業を推進し、また全役職員の法令等遵守意識が著しく欠如していたことがあったものと認められる。 （参考条文） ○　金融商品取引法（昭和23年法律第25号）（抄） （禁止行為） 第三十八条　金融商品取引業者等又はその役員若しくは使用人は、次に掲げる行為をしてはならない。ただし、第四号から第六号までに掲げる行為にあつては、投資者の保護に欠け、取引の公正を害し、又は金融商品取引業の信用を失墜させるおそれのないものとして内閣府令で定めるものを除く。 一　金融商品取引契約の締結又はその勧誘に関して、顧客に対し虚偽のことを告げる行為 二　～　八（略） 九　前各号に掲げるもののほか、投資者の保護に欠け、若しくは取引の公正を害し、又は金融商品取引業の信用を失墜させるものとして内閣府令で定める行為 ○　金融商品取引業等に関する内閣府令（平成19年内閣府令第52号） （禁止行為） 第百十七条　法第三十八条第九号に規定する内閣府令で定める行為は、次に掲げる行為とする。 一　（略） 二　金融商品取引契約の締結又はその勧誘に関して、虚偽の表示をし、又は重要な事項につき誤解を生ぜしめるべき表示をする行為 （以下、略）"
2019-01-11,クローバーアセットマネジメント株式会社,,クローバーアセットマネジメント株式会社及びジェイ・トラスト株式会社並びにその役員等２名に対する金融商品取引法違反行為に係る裁判所の禁止及び停止命令の発令について,https://www.fsa.go.jp/sesc/news/c_2019/2019/20190111-3.html,English version 平成31年1月11日 証券取引等監視委員会 クローバーアセットマネジメント株式会社及びジェイ・トラスト株式会社並びにその役員等２名に対する金融商品取引法違反行為に係る裁判所の禁止及び停止命令の発令について 証券取引等監視委員会が、平成30年11月16日に行ったクローバーアセットマネジメント株式会社（東京都千代田区、法人番号6010001108587、代表取締役Ａ、資本金700万円）及びジェイ・トラスト株式会社（東京都中央区、法人番号8010001128385、代表取締役Ｂ、資本金1000万円、以下「ジェイ社」という。）（上記２社は、いずれも金融商品取引業の登録等はない。）並びにジェイ社の代表取締役であるＢ及び両社の資金管理等を行っており実質的な経営者であるＣに対する金融商品取引法違反行為（無登録で、金商法第２条第２項第５号又は第６号に掲げる権利について、募集又は私募を業として行うこと）の禁止及び停止を命ずるよう求める申立てについて、本日、東京地方裁判所より、申立ての内容どおり、下記の命令が下された。 記 被申立人らは、いずれも、金融商品取引法29条所定の登録（ただし、業務の種別を第二種金融商品取引業とするもの）その他同法所定の適式の登録を受けずに、同法２条２項５号又は６号に掲げる権利について、募集又は私募を業として行ってはならない。 （参考） クローバーアセットマネジメント株式会社及びジェイ・トラスト株式会社並びにその役員等２名による金融商品取引法違反行為に係る裁判所への禁止及び停止命令発出の申立てについて
2019-01-25,ＣＬＳＡ証券株式会社,,ＣＬＳＡ証券株式会社に対する検査結果に基づく勧告について,https://www.fsa.go.jp/sesc/news/c_2019/2019/20190125-1.html,"English version 平成31年1月25日 証券取引等監視委員会 ＣＬＳＡ証券株式会社に対する検査結果に基づく勧告について １．勧告の内容 証券取引等監視委員会がＣＬＳＡ証券株式会社（東京都港区、法人番号5010401098017、資本金19億6,400万円、常勤役職員79名、第一種金融商品取引業）を検査した結果、下記のとおり、当該金融商品取引業者に係る問題が認められたので、本日、証券取引等監視委員会は、内閣総理大臣及び金融庁長官に対して、金融庁設置法第20条第１項の規定に基づき、行政処分を行うよう勧告した。 ２．事実関係 （１）空売り規制違反等 ＣＬＳＡ証券株式会社（以下「当社」という。）においては、外国に居住する法人顧客から受託した取引所金融商品市場における空売り注文について、当該空売りに係る有価証券について借入契約の締結その他の当該有価証券の受渡しを確実にする措置（以下「決済措置」という。）が講じられていることを確認しないまま、長期間にわたり多数の空売り注文を執行していた。また、当該注文の執行に際して、これらの決済措置に係る有価証券の調達先についても確認していなかった。 こうした杜撰な空売り注文の受注・執行態勢により、当社が行った空売りについて、当社と顧客との間で多数の決済遅延が発生している。 当社が行った上記行為のうち、決済措置が講じられていることを確認しないまま行った空売りは、金融商品取引法施行令第26条の２の２第１項に違反し、金融商品取引法第162条第１項に該当する。また、決済措置に係る有価証券の調達先を確認しなかった行為は金融商品取引法第38条第９号（平成29年法律第37号による改正前は同条第８号、平成26年法律第44号による改正前は同条第７号）に基づく金融商品取引業等に関する内閣府令第117条第１項第24号の２に該当するものと認められる。 （２）売買管理態勢の不備 当社は、実勢を反映しない作為的な相場を形成させるべき行為を防止するための売買審査について、売買審査を行うべき取引を著しく狭く限定するとともに、抽出された取引についても、実質的な売買審査を行っていなかった。 また、当社において売買審査を行うべき取引を抽出するためのシステムには、当社が受託した取引の一部が取り込まれておらず、売買審査を行う上で必要となるデータそのものが不足している状況が認められている。なお、当社は、これを改善するためのシステム修正を行っているが、当該システム修正の結果、必要なデータが全て取り込まれているかどうかについて、未だ検証できていない。 当社における上記の状況は、金融商品取引法第40条第２号に基づく金融商品取引業等に関する内閣府令第123条第１項第12号に該当するものと認められる。 （３）問題の背景 当社においては、収益拡大に積極的に取り組む一方、第一種金融商品取引業者に課せられている市場のゲートキーパーとしての役割をほとんど意識しない業務運営が行われている。また、コンプライアンス部門においても、営業部門に過度に配慮し、法令等遵守態勢に問題意識を持ちながらも必要な措置を講じておらず、さらに、経営陣においても、決済遅延の発生状況や、不適切な売買管理態勢の状況を認識しながら長期間にわたって黙認し、特段の措置を講じていない状況が認められた。 （参考条文） ○　金融商品取引法（昭和23年法律第25号）（抄） （禁止行為） 第三十八条　金融商品取引業者等又はその役員若しくは使用人は、次に掲げる行為をしてはならない。ただし、第四号から第六号までに掲げる行為にあつては、投資者の保護に欠け、取引の公正を害し、又は金融商品取引業の信用を失墜させるおそれのないものとして内閣府令で定めるものを除く。 一　～　八（略） 九　前各号に掲げるもののほか、投資者の保護に欠け、若しくは取引の公正を害し、又は金融商品取引業の信用を失墜させるものとして内閣府令で定める行為 （適合性の原則等） 第四十条　金融商品取引業者等は、業務の運営の状況が次の各号のいずれかに該当することのないように、その業務を行わなければならない。 一（略） 二　前号に掲げるもののほか、業務に関して取得した顧客に関する情報の適正な取扱いを確保するための措置を講じていないと認められる状況、その他業務の運営の状況が公益に反し、又は投資者の保護に支障を生ずるおそれがあるものとして内閣府令で定める状況にあること。 （空売り及び逆指値注文の禁止） 第百六十二条　何人も、政令で定めるところに違反して、次に掲げる行為をしてはならない。 一　有価証券を有しないで若しくは有価証券を借り入れて（これらに準ずる場合として政令で定める場合を含む。）その売付けをすること又は当該売付けの委託等若しくは受託等をすること。 二（略） ２（略） ○　金融商品取引法施行令 （昭和40年政令第321号）（抄） （借入れ有価証券の裏付けの確認等） 第二十六条の二の二　金融商品取引所の会員等は、当該金融商品取引所の開設する取引所金融商品市場における空売り（次の各号のいずれかに該当する売付け又は有価証券等清算取次ぎの委託（売付けの委託に限る。以下この項及び次条第一項において「清算取次ぎ委託」という。）をいう。以下同じ。）を受託した場合において、当該空売りに係る有価証券（大量の空売りが行われることにより当該空売りに係る有価証券の受渡しに支障を生じさせるおそれがあるものとして金融庁長官が指定する有価証券に限る。以下この項（各号を除く。）から第四項までにおいて同じ。）について借入契約の締結その他の当該有価証券の受渡しを確実にする措置として内閣府令で定める措置（以下この条において「決済措置」という。）が講じられていることを確認できないときは、当該空売りを行つてはならない。 一　有価証券を有しないで又は有価証券を借り入れてする有価証券の売付け（有価証券等清算取次ぎを除く。） 二　前条に規定する場合における有価証券の売付け（有価証券等清算取次ぎを除く。） 三　有価証券を有しないで又は有価証券を借り入れてする清算取次ぎ委託 四　清算取次ぎ委託後遅滞なく有価証券を提供できることが明らかでなく行う清算取次ぎ委託 ２　～　７（略） ○　金融商品取引業等に関する内閣府令（平成19年内閣府令第52号）（抄） （禁止行為） 第百十七条　法第三十八条第九号に規定する内閣府令で定める行為は、次に掲げる行為とする。 一　～　二十四（略） 二十四の二　令第二十六条の二の二第一項に規定する決済措置（次号、第百五十七条第一項及び第百五十八条の二において単に「決済措置」という。）に係る有価証券の調達先の確認をせずに、空売り又は当該空売りの委託の取次ぎを行う行為 二十四の三　～　四十（略） ２　～　３２（略） （業務の運営の状況が公益に反し又は投資者の保護に支障を生ずるおそれがあるもの） 第百二十三条　法第四十条第二号に規定する内閣府令で定める状況は、次に掲げる状況とする。 一　～　十一（略） 十二　取引所金融商品市場における上場金融商品等又は店頭売買有価証券市場における店頭売買有価証券の相場若しくは相場若しくは取引高に基づいて算出した数値を変動させ、若しくはくぎ付けし、固定し、若しくは安定させ、又は取引高を増加させることにより実勢を反映しない作為的なものを形成させるべき当該上場金融商品等若しくは当該店頭売買有価証券に係る買付け若しくは売付け若しくはデリバティブ取引又はこれらの申込み若しくは委託等若しくは受託等をする行為を防止するための売買管理が十分でないと認められる状況 十三　～　三十（略） ２　～　１１（略） ○　有価証券の取引等の規制に関する内閣府令（平成19年内閣府令第59号）（抄） （有価証券の受渡しを確実にする措置） 第九条の二　令第二十六条の二の二第一項（同条第六項及び第七項において準用する場合を含む。）に規定する内閣府令で定める措置は、空売りに係る有価証券について借入契約の締結その他の当該有価証券の受渡しを確実にする措置とする。"
2019-01-22,神栄株式会社,3004,神栄株式会社における有価証券報告書等の虚偽記載に係る課徴金納付命令勧告について,https://www.fsa.go.jp/sesc/news/c_2019/2019/20190122-1.html,"English version 平成31年1月22日 証券取引等監視委員会 神栄株式会社における有価証券報告書等の虚偽記載に係る課徴金納付命令勧告について １．勧告の内容 証券取引等監視委員会は、神栄株式会社（法人番号4140001008108）（以下「当社」という。）における有価証券報告書等の虚偽記載について検査した結果、以下のとおり法令違反の事実が認められたので、本日、内閣総理大臣及び金融庁長官に対して、金融庁設置法第20条第１項の規定に基づき、課徴金納付命令を発出するよう勧告を行った。 ２．法令違反の事実関係 当社は、連結子会社における服飾雑貨製品等の架空取引により、売上の過大計上を行うとともに、貸倒引当金の不計上を行った。 この結果、当社は、近畿財務局長に対し、金融商品取引法第172条の４第１項及び第２項に規定する「重要な事項につき虚偽の記載がある」以下の有価証券報告書等を提出したものである（「重要な事項につき虚偽の記載」の内容は別紙１のとおり。）。 ・平成28年３月期有価証券報告書（平成28年６月28日提出） ・平成28年６月第１四半期四半期報告書（平成28年８月５日提出） ・平成28年９月第２四半期四半期報告書（平成28年11月７日提出） ・平成28年12月第３四半期四半期報告書（平成29年２月３日提出） ・平成29年３月期有価証券報告書（平成29年６月28日提出） ３．課徴金の額の計算 上記の違法行為について金融商品取引法に基づき算定される課徴金の額は、1,200万円である。（計算方法については別紙２のとおり。） 【別紙１】神栄株式会社に係る有価証券報告書等の虚偽記載内容 番 号 開示書類 虚偽記載 提出日 書類 会計期間 財務計算に 関する書類 内容（注） 事由 １ 平成28年 ６月28日 第148期（平成27年４月１日～平成28年３月31日）に係る有価証券報告書 平成27年４月１日～平成28年３月31日の連結会計期間 連結 損益計算書 親会社株主に帰属する当期純利益が▲418百万円であるところを▲299百万円と記載 ・売上の過大計上 ・貸倒引当金の不計上 ２ 平成28年 ８月５日 第149期第１四半期（平成28年４月１日～平成28年６月30日）に係る四半期報告書 平成28年４月１日～平成28年６月30日の第１四半期連結累計期間 四半期連結損益計算書 親会社株主に帰属する四半期純利益が▲146百万円であるところを▲53百万円と記載 ・売上の過大計上 ・貸倒引当金の不計上 ３ 平成28年 11月７日 第149期第２四半期（平成28年７月１日～平成28年９月30日）に係る四半期報告書 平成28年４月１日～平成28年９月30日の第２四半期連結累計期間 四半期連結損益計算書 親会社株主に帰属する四半期純利益が27百万円であるところを138百万円と記載 ・売上の過大計上 ・貸倒引当金の不計上 ４ 平成29年 ２月３日 第149期第３四半期（平成28年10月１日～平成28年12月31日）に係る四半期報告書 平成28年４月１日～平成28年12月31日の第３四半期連結累計期間 四半期連結損益計算書 親会社株主に帰属する四半期純利益が339百万円であるところを473百万円と記載 ・売上の過大計上 ・貸倒引当金の不計上 ５ 平成29年 ６月28日 第149期（平成28年４月１日～平成29年３月31日）に係る有価証券報告書 平成28年４月１日～平成29年３月31日の連結会計期間 連結 損益計算書 親会社株主に帰属する当期純利益が96百万円であるところを350百万円と記載 ・売上の過大計上 ・貸倒引当金の不計上 （注）金額は百万円未満切捨てである。 【別紙２】課徴金の計算方法 （１）　金融商品取引法第172条の４第１項の規定により、平成28年３月期有価証券報告書について、課徴金の額は、 ア　当社が発行する算定基準有価証券の市場価額の総額に10万分の６を乗じて得た額（373,317円） が、 イ　6,000,000円 を超えないことから、6,000,000円となる。 （２）　金融商品取引法第172条の４第１項及び第２項の規定により、平成28年６月第１四半期四半期報告書、平成28年９月第２四半期四半期報告書、平成28年12月第３四半期四半期報告書及び平成29年３月期有価証券報告書ごとに算出した額（以下「個別決定ごとの算出額」という。）は、 ア　当社が発行する算定基準有価証券の市場価額の総額に10万分の６を乗じて得た下記の額 平成28年６月第１四半期四半期報告書　 　261,214円 平成28年９月第２四半期四半期報告書　　 269,013円 平成28年12月第３四半期四半期報告書　　348,415円 平成29年３月期有価証券報告書　　　 　   328,488円 が、いずれも イ　6,000,000円 を超えないことから、 ・平成28年６月第１四半期四半期報告書については、6,000,000円の２分の１に相当する額である3,000,000円、 ・平成28年９月第２四半期四半期報告書については、6,000,000円の２分の１に相当する額である3,000,000円、 ・平成28年12月第３四半期四半期報告書については、6,000,000円の２分の１に相当する額である3,000,000円、 ・平成29年３月期有価証券報告書については、6,000,000円、 となる。 ここで、これらの開示書類が同一の事業年度に係るものであることから、金融商品取引法第185条の７第６項の規定により、6,000,000円を個別決定ごとの算出額に応じて按分した下記の金額が、これらの開示書類に係る課徴金の額となる。 ・平成28年６月第１四半期四半期報告書に係る課徴金の額は、1,200,000円 ・平成28年９月第２四半期四半期報告書に係る課徴金の額は、1,200,000円 ・平成28年12月第３四半期四半期報告書に係る課徴金の額は、1,200,000円 ・平成29年３月期有価証券報告書に係る課徴金の額は、2,400,000円"
2019-01-18,東邦金属株式会社,,東邦金属株式会社における有価証券報告書等の虚偽記載に係る課徴金納付命令勧告について,https://www.fsa.go.jp/sesc/news/c_2019/2019/20190118-1.html,"English version 平成31年1月18日 証券取引等監視委員会 東邦金属株式会社における有価証券報告書等の虚偽記載に係る課徴金納付命令勧告について １．勧告の内容 証券取引等監視委員会は、東邦金属株式会社（法人番号5120001077491）（以下「当社」という。）における有価証券報告書等の虚偽記載について検査した結果、以下のとおり法令違反の事実が認められたので、本日、内閣総理大臣及び金融庁長官に対して、金融庁設置法第20条第１項の規定に基づき、課徴金納付命令を発出するよう勧告を行った。 ２．法令違反の事実関係 当社は、炭化ケイ素等の架空取引により、売上の過大計上を行うとともに、貸倒引当金の計上を適正に行わなかった。 この結果、当社は、近畿財務局長に対し、金融商品取引法第172条の４第１項及び第２項に規定する「重要な事項につき虚偽の記載がある」以下の有価証券報告書等を提出したものである（「重要な事項につき虚偽の記載」の内容は別紙１のとおり。）。 ・平成25年12月第３四半期四半期報告書（平成26年２月13日提出） ・平成26年３月期有価証券報告書（平成26年６月27日提出） ・平成26年６月第１四半期四半期報告書（平成26年８月11日提出） ・平成26年９月第２四半期四半期報告書（平成26年11月14日提出） ・平成26年12月第３四半期四半期報告書（平成27年２月12日提出） ・平成27年３月期有価証券報告書（平成27年６月26日提出） ３．課徴金の額の計算 上記の違法行為について金融商品取引法に基づき算定される課徴金の額は、1,200万円である。（計算方法については別紙２のとおり。） 【別紙１】東邦金属株式会社に係る有価証券報告書等の虚偽記載内容 番 号 開示書類 虚偽記載 提出日 書類 会計期間 財務計算に 関する書類 内容（注） 事由 １ 平成26年 ２月13日 第64期第３四半期（平成25年10月１日～平成25年12月31日）に係る四半期報告書 平成25年４月１日～平成25年12月31日の第３四半期累計期間 四半期損益計算書 四半期純利益が17百万円であるところを97百万円と記載 ・売上の過大計上 ・貸倒引当金の不計上 ２ 平成26年 ６月27日 第64期（平成25年４月１日～平成26年３月31日）に係る有価証券報告書 平成25年４月１日～平成26年３月31日の会計期間 損益計算書 当期純利益が▲33百万円であるところを91百万円と記載 ・売上の過大計上 ・貸倒引当金の不計上 ３ 平成26年８月11日 第65期第１四半期（平成26年４月１日～平成26年６月30日）に係る四半期報告書 平成26年４月１日～平成26年６月30日の第１四半期累計期間 四半期損益計算書 四半期純利益が▲82百万円であるところを25百万円と記載 ・売上の過大計上 ・貸倒引当金の不計上 ４ 平成26年 11月14日 第65期第２四半期（平成26年７月１日～平成26年９月30日）に係る四半期報告書 平成26年４月１日～平成26年９月30日の第２四半期累計期間 四半期損益計算書 四半期純利益が▲143百万円であるところを40百万円と記載 ・売上の過大計上 ・貸倒引当金の不計上 ５ 平成27年 ２月12日 第65期第３四半期（平成26年10月１日～平成26年12月31日）に係る四半期報告書 平成26年４月１日～平成26年12月31日の第３四半期累計期間 四半期損益計算書 四半期純利益が▲91百万円であるところを76百万円と記載 ・売上の過大計上 ・貸倒引当金の不計上 ６ 平成27年 ６月26日 第65期（平成26年４月１日～平成27年３月31日）に係る有価証券報告書 平成26年４月１日～平成27年３月31日の会計期間 損益計算書 当期純利益が▲４百万円であるところを72百万円と記載 ・売上の過大計上 ・貸倒引当金の不計上 （注）金額は百万円未満切捨てである。 【別紙２】課徴金の計算方法 （１）　金融商品取引法第172条の４第１項及び第２項の規定により、平成25年12月第３四半期四半期報告書及び平成26年３月期有価証券報告書の各開示書類について算出した額（以下（１）において「個別決定ごとの算出額」という。）は、 ア　当社が発行する算定基準有価証券の市場価額の総額に10万分の６を乗じて得た下記の額 平成25年12月第３四半期四半期報告書　　131,523円 平成26年３月期有価証券報告書　　　　 　126,532円 が、いずれも イ　6,000,000円 を超えないことから、 ・平成25年12月第３四半期四半期報告書については、6,000,000円の２分の１に相当する額である3,000,000円、 ・平成26年３月期有価証券報告書については、6,000,000円、 となる。 ここで、これらの開示書類が同一の事業年度に係るものであることから、金融商品取引法第185条の７第６項の規定により、6,000,000円を個別決定ごとの算出額に応じて按分した下記の金額が、これらの開示書類に係る課徴金の額となる。 ・平成25年12月第３四半期四半期報告書に係る課徴金の額は、2,000,000円 ・平成26年３月期有価証券報告書に係る課徴金の額は、4,000,000円 （２）　金融商品取引法第172条の４第１項及び第２項の規定により、平成26年６月第１四半期四半期報告書、平成26年９月第２四半期四半期報告書、平成26年12月第３四半期四半期報告書及び平成27年３月期有価証券報告書の各開示書類について算出した額（以下（２）において「個別決定ごとの算出額」という。）は、 ア　当社が発行する算定基準有価証券の市場価額の総額に10万分の６を乗じて得た下記の額 平成26年６月第１四半期四半期報告書　　 150,122円 平成26年９月第２四半期四半期報告書　　 186,728円 平成26年12月第３四半期四半期報告書　   178,845円 平成27年３月期有価証券報告書　　　  　  175,709円 が、いずれも イ　6,000,000円 を超えないことから、 ・平成26年６月第１四半期四半期報告書については、6,000,000円の２分の１に相当する額である3,000,000円、 ・平成26年９月第２四半期四半期報告書については、6,000,000円の２分の１に相当する額である3,000,000円、 ・平成26年12月第３四半期四半期報告書については、6,000,000円の２分の１に相当する額である3,000,000円、 ・平成27年３月期有価証券報告書については、6,000,000円、 となる。 ここで、これらの開示書類が同一の事業年度に係るものであることから、金融商品取引法第185条の７第６項の規定により、6,000,000円を個別決定ごとの算出額に応じて按分した下記の金額が、これらの開示書類に係る課徴金の額となる。 ・平成26年６月第１四半期四半期報告書に係る課徴金の額は、 1,200,000円 ・平成26年９月第２四半期四半期報告書に係る課徴金の額は、 1,200,000円 ・平成26年12月第３四半期四半期報告書に係る課徴金の額は、1,200,000円 ・平成27年３月期有価証券報告書に係る課徴金の額は、2,400,000円"
2019-02-13,株式会社ディー・エル・イー,3686,株式会社ディー・エル・イーにおける有価証券報告書等の虚偽記載に係る課徴金納付命令勧告について,https://www.fsa.go.jp/sesc/news/c_2019/2019/20190213-1.html,"English version 平成31年2月13日 証券取引等監視委員会 株式会社ディー・エル・イーにおける有価証券報告書等の虚偽記載に係る課徴金納付命令勧告について １．勧告の内容 証券取引等監視委員会は、株式会社ディー・エル・イー（法人番号6010001084845）（以下「当社」という。）における有価証券報告書等の虚偽記載について検査した結果、以下のとおり法令違反の事実が認められたので、本日、内閣総理大臣及び金融庁長官に対して、金融庁設置法第20条第１項の規定に基づき、課徴金納付命令を発出するよう勧告を行った。 ２．法令違反の事実関係 （１）継続開示書類 当社は、映像（ＴＶアニメ等）の企画・制作事業において、売上の過大計上等や、映像の製作委員会に対する当社からの出資金に係る減損損失の不計上など、不適正な会計処理を行った。 この結果、当社は、関東財務局長に対し、金融商品取引法第172条の４第１項及び第２項に規定する「重要な事項につき虚偽の記載」がある以下の有価証券報告書等を提出したものである（「重要な事項につき虚偽の記載」の内容は別紙１のとおり。）。 ・平成26年３月第３四半期四半期報告書（平成26年５月15日提出） ・平成26年６月期有価証券報告書（平成26年９月26日提出） ・平成26年９月第１四半期四半期報告書（平成26年11月14日提出） ・平成26年12月第２四半期四半期報告書（平成27年２月13日提出） ・平成27年３月第３四半期四半期報告書（平成27年５月15日提出） ・平成27年６月期有価証券報告書（平成27年９月15日提出） ・平成27年９月第１四半期四半期報告書（平成27年11月13日提出） ・平成27年12月第２四半期四半期報告書（平成28年２月５日提出） ・平成28年３月第３四半期四半期報告書（平成28年５月13日提出） ・平成28年６月期有価証券報告書（平成28年９月12日提出） ・平成28年９月第１四半期四半期報告書（平成28年11月14日提出） ・平成28年12月第２四半期四半期報告書（平成29年２月14日提出） ・平成29年３月第３四半期四半期報告書（平成29年５月15日提出） ・平成29年６月期有価証券報告書（平成29年９月25日提出） ・平成29年９月第１四半期四半期報告書（平成29年11月14日提出） ・平成29年12月第２四半期四半期報告書（平成30年２月13日提出） ・平成30年３月第３四半期四半期報告書（平成30年５月15日提出） （２）発行開示書類 当社は、 ア　関東財務局長に対し、平成26年２月20日、重要な事項につき虚偽の記載がある財務諸表を記載した有価証券届出書（株券の募集）を提出し、当該有価証券届出書に基づく募集により、平成26年３月25日、800,000株の株券を714,000,000円で取得させ、 イ　関東財務局長に対し、平成28年11月11日、上記（１）の重要な事項につき虚偽の記載がある平成28年６月期有価証券報告書を参照情報とする有価証券届出書（新株予約権証券の募集）を提出し、当該有価証券届出書に基づく募集により、平成28年11月29日、25,340個の新株予約権証券を1,628,348,400円（新株予約権の行使に際して払い込むべき金額を含む。）で取得させた。 これらにより、当社は、関東財務局長に対し、金融商品取引法第172条の２第１項第１号に規定する「重要な事項につき虚偽の記載」がある発行開示書類を提出し、当該発行開示書類に基づく募集により株券等を取得させたものである。 ３．課徴金の額の計算 上記の違法行為について金融商品取引法に基づき算定される課徴金の額は、 1億3,540万円である（計算方法については別紙２のとおり。）。 【別紙１】株式会社ディー・エル・イーに係る有価証券報告書等の虚偽記載内容 番号 開示書類 虚偽記載 提出日 書類 会計期間 財務計算に 関する書類 内容（注） 主な事由 １ 平成26年５月15日 第13期第３四半期（平成26年１月１日～平成26年３月31日）に係る四半期報告書 平成25年７月１日～平成26年３月31日の第３四半期累計期間 四半期 損益計算書 四半期純利益が203百万円であるところを270百万円と記載 ・売上の過大計上 ２ 平成26年９月26日 第13期（平成25年７月１日～平成26年６月30日）に係る有価証券報告書 平成25年７月１日～平成26年６月30日の会計期間 損益計算書 当期純利益が165百万円であるところを308百万円と記載 ・売上の過大計上 ３ 平成26年11月14日 第14期第１四半期（平成26年７月１日～平成26年９月30日）に係る四半期報告書 平成26年７月１日～平成26年９月30日の第１四半期会計期間 四半期 貸借対照表 純資産額が1,101百万円であるところを1,399百万円と記載 ・売上の過大計上 平成26年７月１日～平成26年９月30日の第１四半期累計期間 四半期 損益計算書 四半期純利益が▲114百万円であるところを▲11百万円と記載 ４ 平成27年２月13日 第14期第２四半期（平成26年10月１日～平成26年12月31日）に係る四半期報告書 平成26年10月１日～平成26年12月31日の第２四半期会計期間 四半期 貸借対照表 純資産額が1,142百万円であるところを1,481百万円と記載 ・売上の過大計上 平成26年７月１日～平成26年12月31日の第２四半期累計期間 四半期 損益計算書 四半期純利益が▲73百万円であるところを69百万円と記載 ５ 平成27年５月15日 第14期第３四半期（平成27年１月１日～平成27年３月31日）に係る四半期報告書 平成27年１月１日～平成27年３月31日の第３四半期会計期間 四半期 貸借対照表 純資産額が1,111百万円であるところを1,580百万円と記載 ・売上の過大計上 平成26年７月１日～平成27年３月31日の第３四半期累計期間 四半期 損益計算書 四半期純利益が▲108百万円であるところを164百万円と記載 ６ 平成27年９月15日 第14期（平成26年７月１日～平成27年６月30日）に係る有価証券報告書 平成26年７月１日～平成27年６月30日の会計期間 貸借対照表 純資産額が962百万円であるところを1,637百万円と記載 ・売上の過大計上 ・出資金に係る減損損失の不計上 損益計算書 当期純利益が▲259百万円であるところを220百万円と記載 ７ 平成27年11月13日 第15期第１四半期（平成27年７月１日～平成27年９月30日）に係る四半期報告書 平成27年７月１日～平成27年９月30日の第１四半期連結会計期間 四半期連結 貸借対照表 連結純資産額が843百万円であるところを1,666百万円と記載 ・売上の過大計上 ・出資金に係る減損損失の不計上 平成27年７月１日～平成27年９月30日の第１四半期連結累計期間 四半期連結 損益計算書 親会社株主に帰属する四半期純利益が▲132百万円であるところを15百万円と記載 ８ 平成28年２月５日 第15期第２四半期（平成27年10月１日～平成27年12月31日）に係る四半期報告書 平成27年10月１日～平成27年12月31日の第２四半期連結会計期間 四半期連結貸借対照表 連結純資産額が587百万円であるところを1,732百万円と記載 ・売上の過大計上 ・出資金に係る減損損失の不計上 平成27年７月１日～平成27年12月31日の第２四半期連結累計期間 四半期連結 損益計算書 親会社株主に帰属する四半期純利益が▲389百万円であるところを80百万円と記載 ９ 平成28年５月13日 第15期第３四半期（平成28年１月１日～平成28年３月31日）に係る四半期報告書 平成28年１月１日～平成28年３月31日の第３四半期連結会計期間 四半期連結貸借対照表 連結純資産額が504百万円であるところを1,769百万円と記載 ・売上の過大計上 ・出資金に係る減損損失の不計上 平成27年７月１日～平成28年３月31日の第３四半期連結累計期間 四半期連結 損益計算書 親会社株主に帰属する四半期純利益が▲473百万円であるところを116百万円と記載 10 平成28年９月12日 第15期（平成27年７月１日～平成28年６月30日）に係る有価証券報告書 平成27年７月１日～平成28年６月30日の連結会計期間 連結 貸借対照表 連結純資産額が372百万円であるところを1,806百万円と記載 ・売上の過大計上 ・出資金に係る減損損失の不計上 連結 損益計算書 親会社株主に帰属する当期純利益が▲615百万円であるところを142百万円と記載 11 平成28年11月14日 第16期第１四半期（平成28年７月１日～平成28年９月30日）に係る四半期報告書 平成28年７月１日～平成28年９月30日の第１四半期連結会計期間 四半期連結貸借対照表 連結純資産額が492百万円であるところを2,001百万円と記載 ・売上の過大計上 ・出資金に係る減損損失の不計上 平成28年７月１日～平成28年９月30日の第１四半期連結累計期間 四半期連結 損益計算書 親会社株主に帰属する四半期純利益が▲100百万円であるところを58百万円と記載 12 平成29年２月14日 第16期第２四半期（平成28年10月１日～平成28年12月31日）に係る四半期報告書 平成28年10月１日～平成28年12月31日の第２四半期連結会計期間 四半期連結貸借対照表 連結純資産額が1,723百万円であるところを3,264百万円と記載 ・売上の過大計上 ・出資金に係る減損損失の不計上 平成28年７月１日～平成28年12月31日の第２四半期連結累計期間 四半期連結 損益計算書 親会社株主に帰属する四半期純利益が▲324百万円であるところを▲132百万円と記載 13 平成29年５月15日 第16期第３四半期（平成29年１月１日～平成29年３月31日）に係る四半期報告書 平成29年１月１日～平成29年３月31日の第３四半期連結会計期間 四半期連結貸借対照表 連結純資産額が1,427百万円であるところを2,169百万円と記載 ・売上の過大計上 ・出資金に係る減損損失の過小計上 14 平成29年９月25日 第16期（平成28年７月１日～平成29年６月30日）に係る有価証券報告書 平成28年７月１日～平成29年６月30日の連結会計期間 連結 貸借対照表 連結純資産額が1,430百万円であるところを1,889百万円と記載 ・売上の過大計上 15 平成29年11月14日 第17期第１四半期（平成29年７月１日～平成29年９月30日）に係る四半期報告書 平成29年７月１日～平成29年９月30日の第１四半期連結会計期間 四半期連結貸借対照表 連結純資産額が1,517百万円であるところを2,011百万円と記載 ・売上の過大計上 ・出資金に係る減損損失の不計上 16 平成30年２月13日 第17期第２四半期（平成29年10月１日～平成29年12月31日）に係る四半期報告書 平成29年10月１日～平成29年12月31日の第２四半期連結会計期間 四半期連結貸借対照表 連結純資産額が1,521百万円であるところを2,018百万円と記載 ・売上の過大計上 ・出資金に係る減損損失の不計上 17 平成30年５月15日 第17期第３四半期（平成30年１月１日～平成30年３月31日）に係る四半期報告書 平成30年１月１日～平成30年３月31日の第３四半期連結会計期間 四半期連結貸借対照表 連結純資産額が1,634百万円であるところを2,254百万円と記載 ・売上の過大計上 ・出資金に係る減損損失の不計上 平成29年７月１日～平成30年３月31日の第３四半期連結累計期間 四半期連結 損益計算書 親会社株主に帰属する四半期純利益が▲117百万円であるところを39百万円と記載 （注）金額は百万円未満切捨てである。 【別紙２】課徴金額の計算方法 （１）　金融商品取引法第172条の４第１項及び第２項の規定により、平成26年３月第３四半期四半期報告書及び平成26年６月期有価証券報告書ごとに算出した額（以下（１）において「個別決定ごとの算出額」という。）は、 ア　当社が発行する算定基準有価証券の市場価額の総額に10万分の６を乗じて得た下記の額 平成26年３月第３四半期四半期報告書　 　654,027円 平成26年６月期有価証券報告書　　　 　1,313,616円 が、いずれも イ　6,000,000円 を超えないことから、 ・平成26年３月第３四半期四半期報告書については、6,000,000円の２分の１に相当する額である3,000,000円、 ・平成26年６月期有価証券報告書については、6,000,000円、 となる。 ここで、これらの開示書類が同一の事業年度に係るものであることから、金融商品取引法第185条の７第６項の規定により、6,000,000円を個別決定ごとの算出額に応じて按分した下記の金額が、これらの開示書類に係る課徴金の額となる。 ・平成26年３月第３四半期四半期報告書に係る課徴金の額は、2,000,000円 ・平成26年６月期有価証券報告書に係る課徴金の額は、4,000,000円 （２）　金融商品取引法第172条の４第１項及び第２項の規定により、平成26年９月第１四半期四半期報告書、平成26年12月第２四半期四半期報告書、平成27年３月第３四半期四半期報告書及び平成27年６月期有価証券報告書ごとに算出した額（以下（２）において「個別決定ごとの算出額」という。）は、 ア　当社が発行する算定基準有価証券の市場価額の総額に10万分の６を乗じて得た下記の額 平成26年９月第１四半期四半期報告書　 1,052,448円 平成26年12月第２四半期四半期報告書　　800,189円 平成27年３月第３四半期四半期報告書　　 721,343円 平成27年６月期有価証券報告書　　　 　   873,511円 が、いずれも イ　6,000,000円 を超えないことから、 ・平成26年９月第１四半期四半期報告書については、6,000,000円の２分の１に相当する額である3,000,000円、 ・平成26年12月第２四半期四半期報告書については、6,000,000円の２分の１に相当する額である3,000,000円、 ・平成27年３月第３四半期四半期報告書については、6,000,000円の２分の１に相当する額である3,000,000円、 ・平成27年６月期有価証券報告書については、6,000,000円、 となる。 ここで、これらの開示書類が同一の事業年度に係るものであることから、金融商品取引法第185条の７第６項の規定により、6,000,000円を個別決定ごとの算出額に応じて按分した下記の金額が、これらの開示書類に係る課徴金の額となる。 ・平成26年９月第１四半期四半期報告書に係る課徴金の額は、1,200,000円 ・平成26年12月第２四半期四半期報告書に係る課徴金の額は、1,200,000円 ・平成27年３月第３四半期四半期報告書に係る課徴金の額は、1,200,000円 ・平成27年６月期有価証券報告書に係る課徴金の額は、2,400,000円 （３）　金融商品取引法第172条の４第１項及び第２項の規定により、平成27年９月第１四半期四半期報告書、平成27年12月第２四半期四半期報告書、平成28年３月第３四半期四半期報告書及び平成28年６月期有価証券報告書ごとに算出した額（以下（３）において「個別決定ごとの算出額」という。）は、 ア　当社が発行する算定基準有価証券の市場価額の総額に10万分の６を乗じて得た下記の額 平成27年９月第１四半期四半期報告書　 　817,834円 平成27年12月第２四半期四半期報告書　　640,428円 平成28年３月第３四半期四半期報告書　　 848,130円 平成28年６月期有価証券報告書　　　 　   853,831円 が、いずれも イ　6,000,000円 を超えないことから、 ・平成27年９月第１四半期四半期報告書については、6,000,000円の２分の１に相当する額である3,000,000円、 ・平成27年12月第２四半期四半期報告書については、6,000,000円の２分の１に相当する額である3,000,000円、 ・平成28年３月第３四半期四半期報告書については、6,000,000円の２分の１に相当する額である3,000,000円、 ・平成28年６月期有価証券報告書については、6,000,000円、 となる。 ここで、これらの開示書類が同一の事業年度に係るものであることから、金融商品取引法第185条の７第６項の規定により、6,000,000円を個別決定ごとの算出額に応じて按分した下記の金額が、これらの開示書類に係る課徴金の額となる。 ・平成27年９月第１四半期四半期報告書に係る課徴金の額は、1,200,000円 ・平成27年12月第２四半期四半期報告書に係る課徴金の額は、1,200,000円 ・平成28年３月第３四半期四半期報告書に係る課徴金の額は、1,200,000円 ・平成28年６月期有価証券報告書に係る課徴金の額は、2,400,000円 （４）　金融商品取引法第172条の４第１項及び第２項の規定により、平成28年９月第１四半期四半期報告書、平成28年12月第２四半期四半期報告書、平成29年３月第３四半期四半期報告書及び平成29年６月期有価証券報告書ごとに算出した額（以下（４）において「個別決定ごとの算出額」という。）は、 ア　当社が発行する算定基準有価証券の市場価額の総額に10万分の６を乗じて得た下記の額 平成28年９月第１四半期四半期報告書　 　777,926円 平成28年12月第２四半期四半期報告書　　691,860円 平成29年３月第３四半期四半期報告書　　 794,120円 平成29年６月期有価証券報告書　　　 　   723,678円 が、いずれも イ　6,000,000円 を超えないことから、 ・平成28年９月第１四半期四半期報告書については、6,000,000円の２分の１に相当する額である3,000,000円、 ・平成28年12月第２四半期四半期報告書については、6,000,000円の２分の１に相当する額である3,000,000円、 ・平成29年３月第３四半期四半期報告書については、6,000,000円の２分の１に相当する額である3,000,000円、 ・平成29年６月期有価証券報告書については、6,000,000円、 となる。 ここで、これらの開示書類が同一の事業年度に係るものであることから、金融商品取引法第185条の７第６項の規定により、6,000,000円を個別決定ごとの算出額に応じて按分した下記の金額が、これらの開示書類に係る課徴金の額となる。 ・平成28年９月第１四半期四半期報告書に係る課徴金の額は、1,200,000円 ・平成28年12月第２四半期四半期報告書に係る課徴金の額は、1,200,000円 ・平成29年３月第３四半期四半期報告書に係る課徴金の額は、1,200,000円 ・平成29年６月期有価証券報告書に係る課徴金の額は、2,400,000円 （５）　金融商品取引法第172条の４第２項の規定により、平成29年９月第１四半期四半期報告書、平成29年12月第２四半期四半期報告書及び平成30年３月第３四半期四半期報告書ごとに算出した額（以下（５）において「個別決定ごとの算出額」という。）は、 ア　当社が発行する算定基準有価証券の市場価額の総額に10万分の６を乗じて得た下記の額 平成29年９月第１四半期四半期報告書　 　607,146円 平成29年12月第２四半期四半期報告書　　564,774円 平成30年３月第３四半期四半期報告書　　 544,641円 が、いずれも イ　6,000,000円 を超えないことから、 ・平成29年９月第１四半期四半期報告書については、6,000,000円の２分の１に相当する額である3,000,000円、 ・平成29年12月第２四半期四半期報告書については、6,000,000円の２分の１に相当する額である3,000,000円、 ・平成30年３月第３四半期四半期報告書については、6,000,000円の２分の１に相当する額である3,000,000円、 となる。 ここで、これらの開示書類が同一の事業年度に係るものであることから、金融商品取引法第185条の７第６項の規定により、6,000,000円を個別決定ごとの算出額に応じて按分した下記の金額が、これらの開示書類に係る課徴金の額となる。 ・平成29年９月第１四半期四半期報告書に係る課徴金の額は、2,000,000円 ・平成29年12月第２四半期四半期報告書に係る課徴金の額は、2,000,000円 ・平成30年３月第３四半期四半期報告書に係る課徴金の額は、2,000,000円 （６）　金融商品取引法第172条の２第１項第１号の規定により、当社の平成26年２月20日提出の有価証券届出書（株券の募集）に係る課徴金の額は、 重要な事項につき虚偽の記載がある発行開示書類に基づく募集により取得させた株券の発行価額の総額714,000,000円の100分の4.5に相当する額である32,130,000円 となる。 （７）　金融商品取引法第172条の２第１項第１号の規定により、当社の平成28年11月11日提出の有価証券届出書（新株予約権証券の募集）に係る課徴金の額は、 重要な事項につき虚偽の記載がある発行開示書類に基づく募集により取得させた新株予約権証券の発行価額の総額（当該新株予約権の行使に際して払い込むべき金額を含む）1,628,348,400 円の100分の4.5に相当する額である73,275,678円 に、金融商品取引法第176条第２項の規定により１万円未満の端数を切り捨てて、 73,270,000円 となる。"
2019-01-11,夢展望株式会社,3185,夢展望株式会社との契約締結者の社員から伝達を受けた者による内部者取引に対する課徴金納付命令の勧告について,https://www.fsa.go.jp/sesc/news/c_2019/2019/20190111-2.html,"English version 平成31年1月11日 証券取引等監視委員会 夢展望株式会社との契約締結者の社員から伝達を受けた者による内部者取引に対する課徴金納付命令の勧告について １．勧告の内容 証券取引等監視委員会は、夢展望株式会社との契約締結者の社員から伝達を受けた者による内部者取引について検査した結果、下記のとおり法令違反の事実が認められたので、本日、内閣総理大臣及び金融庁長官に対して、金融庁設置法第２０条第１項の規定に基づき、課徴金納付命令を発出するよう勧告を行った。 ２．法令違反の事実関係 課徴金納付命令対象者は、夢展望株式会社（以下「夢展望」という。）と業務委託契約を締結しているＡ社に勤務していた社員甲から、同人が、Ａ社と夢展望との同契約の履行に関し知った、夢展望の平成２８年４月１日から平成２９年３月３１日までの事業年度（以下「平成２９年３月期」という。）の個別経常利益及び個別当期純利益について、平成２８年５月１３日に公表がされた前事業年度の実績値（個別経常損失３億７８００万円、個別当期純損失５億７０００万円）に比較して、平成２９年３月期の決算において、投資者の投資判断に及ぼす影響が重要なものとなる差異が生じた旨の重要事実の伝達を受けながら、平成２９年３月期の決算値（個別経常損失１億８３００万円、個別当期純損失１億８４００万円）の公表がされた平成２９年５月１６日より前の同月８日から同月１５日の間に、自己の計算において、夢展望株式合計５００株を買付価額合計３５万１２００円で買い付けたものである。 違反行為事実の概要については、 別図 のとおり。 課徴金納付命令対象者が行った上記の行為は、金融商品取引法第１７５条第１項に規定する「第１６６条第１項又は第３項の規定に違反して、同条第１項に規定する売買等をした」行為に該当すると認められる。 ３．課徴金の額の計算 上記の違反行為に対し金融商品取引法に基づき納付を命じられる課徴金の額は、９５万円である。 計算方法の詳細については、 別紙 のとおり。 ４．その他 本件については、日本取引所自主規制法人より提供された情報も参考として、実態解明を行ったものである。 （別図） ○違反行為事実の概要について （クリックすると拡大されます） （別紙） 〇課徴金の額の計算について (1) 金融商品取引法第１７５条第１項第２号の規定により、当該有価証券の買付けについて、業務等に関する重要事実の公表がされた後２週間における最も高い価格（2,610円）に当該有価証券の買付けの数量を乗じて得た額から当該有価証券の買付けをした価格にその数量を乗じて得た額を控除した額。 （2,610円×500株） －（682円×100株＋703円×200株＋709円×100株＋715円×100株） ＝953,800円 (2) 金融商品取引法第１７６条第２項の規定により、上記(1)で計算した額の１万円未満の端数を切捨て。"
2019-01-11,ダイベア株式会社,,ダイベア株式に係る相場操縦に対する課徴金納付命令の勧告について,https://www.fsa.go.jp/sesc/news/c_2019/2019/20190111-1.html,"English version 平成31年1月11日 証券取引等監視委員会 ダイベア株式に係る相場操縦に対する課徴金納付命令の勧告について １．勧告の内容 証券取引等監視委員会は、ダイベア株式に係る相場操縦について検査した結果、下記のとおり法令違反の事実が認められたので、本日、内閣総理大臣及び金融庁長官に対して、金融庁設置法第２０条第１項の規定に基づき、課徴金納付命令を発出するよう勧告を行った。 ２．法令違反の事実関係 課徴金納付命令対象者は、ダイベア株式会社（以下「ダイベア」という。）の株式につき、同株式の売買を誘引する目的をもって、別表記載のとおり、平成２９年９月２２日午後２時５０分頃から同年１０月１９日午後３時頃までの間、１９取引日にわたり、直前の約定値より高指値の売り注文と買い注文を対当させて株価を引き上げるなどの方法により、同株式の株式併合前（平成２９年１０月１日付けで２株を１株に併合、実務上の効力発生日は同年９月２７日）である平成２９年９月２２日午後２時５０分頃から同月２６日までの間、同株式合計２万株（株式併合後１万株）を買い付ける一方、同株式合計２万７０００株（株式併合後１万３５００株）を売り付け、同株式の株式併合後である平成２９年９月２７日から同年１０月１９日午後３時頃までの間、同株式合計３万２９００株を買い付ける一方、同株式合計３万４００株を売り付け、もって、自己の計算において、ダイベア株式の売買が繁盛であると誤解させ、かつ、同株式の相場を変動させるべき一連の売買を行ったものである。 違反行為事実の概要については、 別図 のとおり。 課徴金納付命令対象者が行った上記の行為は、金融商品取引法第１７４条の２第１項に規定する「第１５９条第２項第１号の規定に違反する一連の有価証券売買等」に該当すると認められる。 ３．課徴金の額の計算 上記の違反行為に対し金融商品取引法に基づき納付を命じられる課徴金の額は、２７３万円である。 計算方法の詳細については、 別紙１ 及び 別紙２ のとおり。 ４．その他 本件については、日本取引所自主規制法人より提供された情報も参考として、実態解明を行ったものである。 （別表） ○違反行為状況 （クリックすると拡大されます） （別図） ○違反行為事実の概要について （クリックすると拡大されます） （別紙１） ○課徴金の額の計算方法について 別表 の違反行為に係る課徴金の額の計算の基礎は以下のとおりである。 １．金融商品取引法第１７４条の２第１項の規定により、当該違反行為に係る課徴金の額は、 (1) 当該違反行為に係る有価証券の売買対当数量に係るものについて、自己の計算による当該有価証券の売付け等の価額から、自己の計算による当該有価証券の買付け等の価額を控除した額 及び (2) 当該違反行為に係る自己の計算による有価証券の売付け等又は買付け等の数量が、当該違反行為に係る自己の計算による有価証券の買付け等又は売付け等の数量を超える場合、当該超える数量に係る有価証券の売付け等の価額から当該違反行為が終了してから１月を経過するまでの間の各日における当該違反行為に係る有価証券の買付け等についての金融商品取引法第６７条の１９又は第１３０条に規定する最低の価格のうち最も低い価格に当該超える数量を乗じて得た額を控除した額、又は当該違反行為が終了してから１月を経過するまでの間の各日における当該違反行為に係る有価証券の売付け等についての金融商品取引法第６７条の１９又は第１３０条に規定する最高の価格のうち最も高い価格に当該超える数量を乗じて得た額から当該超える数量に係る有価証券の買付け等の価額を控除した額 の合計額として算定。 ２．上記１．で算定された課徴金の額につき、金融商品取引法第１７６条第２項の規定により１万円未満の端数を切り捨てて算定。 以上につき、 別紙２ のとおり。 （別紙２） 別表 に掲げる事実につき (1) 当該違反行為に係る自己の計算による有価証券の売付け等の数量は、株式併合前に売り付けた27,000株（株式併合後13,500株）と株式併合後に売り付けた30,400株を合計した57,400株（株式併合後43,900株）であり、当該違反行為に係る自己の計算による有価証券の買付け等の数量は、実際の買付け等の数量である株式併合前に買い付けた20,000株（株式併合後10,000株）と株式併合後に買い付けた32,900株を合計した52,900株（株式併合後42,900株）に、金融商品取引法第１７４条の２第８項及び金融商品取引法施行令第３３条の１３第１号の規定により、違反行為の開始時にその時における価格（405円）で買付け等を自己の計算においてしたものとみなされる当該違反行為の開始時に所有している有価証券の数量42,000株（株式併合後21,000株）を加えた94,900株（株式併合後63,900株）であることから、 ア．当該違反行為に係る有価証券の売買対当数量（株式併合前に売り付けた27,000株（株式併合後13,500株）と株式併合後に売り付けた30,400株を合計した売付け等の数量57,400株（株式併合後43,900株）、違反行為の開始時に所有していた42,000株（株式併合後21,000株）と株式併合前に買い付けた20,000株（株式併合後10,000株）と株式併合後に買い付けた32,900株のうち12,900株を合計した買付け等の数量74,900株（株式併合後43,900株））に係るものについて、自己の計算による当該有価証券の売付け等の価額から、自己の計算による当該有価証券の買付け等の価額を控除した額 （405円×1,000株＋407円×1,000株＋420円×1,000株＋422円×8,000株 ＋423円×3,000株＋425円×1,000株＋426円×5,000株＋431円×7,000株 ＋805円×100株＋814円×100株＋820円×400株＋822円×600株 ＋823円×200株＋824円×200株＋825円×500株＋826円×1,100株 ＋827円×500株＋828円×300株＋830円×1,400株＋832円×600株 ＋833円×300株＋834円×300株＋835円×800株＋836円×1,500株 ＋837円×700株＋838円×700株＋839円×100株＋840円×1,700株 ＋841円×300株＋842円×300株＋843円×1,600株＋844円×700株 ＋845円×600株＋846円×7,500株＋847円×1,600株＋848円×1,200株 ＋849円×1,100株＋850円×800株＋851円×200株＋852円×200株 ＋853円×600株＋854円×500株＋856円×200株＋857円×300株 ＋858円×600株） －（404円×1,000株＋405円×43,000株＋410円×1,000株＋418円×1,000株 ＋420円×1,000株＋421円×2,000株＋422円×7,000株＋423円×4,000株 ＋425円×2,000株＋800円×100株＋810円×200株＋814円×100株 ＋815円×300株＋816円×300株＋817円×100株＋818円×700株 ＋819円×300株＋820円×800株＋821円×300株＋822円×900株 ＋823円×700株＋824円×800株＋825円×800株＋826円×300株 ＋827円×400株＋828円×500株＋829円×100株＋830円×400株 ＋831円×300株＋832円×400株＋833円×400株＋834円×300株 ＋835円×600株＋836円×500株＋837円×400株＋838円×600株 ＋839円×300株＋840円×600株＋841円×100株＋842円×200株 ＋844円×100株） ＝ 940,600円 及び イ．当該違反行為に係る自己の計算による有価証券の買付け等の数量（94,900株（株式併合後63,900株））が、当該違反行為に係る自己の計算による有価証券の売付け等の数量（57,400株（株式併合後43,900株））を超えていることから、当該違反行為が終了してから１月を経過するまでの間の各日における当該違反行為に係る有価証券の売付け等についての金融商品取引法第６７条の１９又は第１３０条に規定する最高の価格のうち最も高い価格（931円）に当該超える数量20,000株（買付け等の数量63,900株－売付け等の数量43,900株（いずれも株式併合後））を乗じて得た額から、当該超える数量に係る有価証券の買付け等の価額を控除した額 （931円×20,000株） －（822円×100株＋823円×200株＋824円×200株＋825円×600株 ＋826円×600株＋827円×600株＋828円×600株＋829円×100株 ＋830円×400株＋831円×200株＋832円×700株＋833円×500株 ＋834円×1,200株＋835円×1,300株＋836円×1,000株＋837円×300株 ＋838円×500株＋839円×100株＋840円×100株＋841円×100株 ＋842円×300株＋843円×300株＋844円×300株＋845円×500株 ＋846円×300株＋847円×1,200株＋848円×1,700株＋849円×1,100株 ＋850円×600株＋851円×500株＋852円×500株＋853円×1,300株 ＋854円×900株＋855円×700株＋856円×300株＋857円×100株） ＝ 1,793,500円 の合計額2,734,100円となる。 (2) 金融商品取引法第１７６条第２項の規定により、上記(1)で計算した額の１万円未満の端数を切捨て、2,730,000円となる。"
2019-01-10,日産自動車株式会社,7201,日産自動車株式会社に係る虚偽有価証券報告書提出事件の告発について（２）,https://www.fsa.go.jp/sesc/news/c_2019/2019/20190110-1.html,English version 平成３１年１月１０日 証券取引等監視委員会 日産自動車株式会社に係る虚偽有価証券報告書提出事件の告発について（２） 証券取引等監視委員会は、本日、金融商品取引法違反（虚偽有価証券報告書提出）の嫌疑で、嫌疑法人１社及び嫌疑者２名を東京地方検察庁に告発した。告発の対象となった犯則事実については下記のとおり。 １．告発の対象となった犯則事実 犯則嫌疑法人日産自動車株式会社（以下「犯則嫌疑法人」という。）は、横浜市に本店を置き、自動車の製造及び販売等を目的とする会社であって、その発行する株券を株式会社東京証券取引所市場第一部に上場しているもの、犯則嫌疑者Ａは犯則嫌疑法人の代表取締役会長等であったもの、犯則嫌疑者Ｂは犯則嫌疑法人の代表取締役等であったものであるが、犯則嫌疑者両名は、共謀の上、犯則嫌疑法人の業務に関し 第１　平成２８年６月下旬、平成２８年３月期の連結会計年度につき、犯則嫌疑者Ａの報酬、賞与その他その職務執行の対価として犯則嫌疑法人及びその主要な連結子会社から役員として受ける財産上の利益であって、当該連結会計年度に係るものが約２２億８２００万円であったにもかかわらず、その一部を隠ぺいして、「コーポレート・ガバナンスの状況」欄内の「役員ごとの連結報酬等の総額等」欄に犯則嫌疑者Ａの総報酬及び金銭報酬をいずれも１０億７１００万円と記載した有価証券報告書を提出し 第２　平成２９年６月下旬、平成２９年３月期の連結会計年度につき、犯則嫌疑者Ａの報酬、賞与その他その職務執行の対価として犯則嫌疑法人及びその主要な連結子会社から役員として受ける財産上の利益であって、当該連結会計年度に係るものが約２４億２００万円であったにもかかわらず、その一部を隠ぺいして、「コーポレート・ガバナンスの状況」欄内の「役員ごとの連結報酬等の総額等」欄に犯則嫌疑者Ａの総報酬及び金銭報酬をいずれも１０億９８００万円と記載した有価証券報告書を提出し 第３　平成３０年６月下旬、平成３０年３月期の連結会計年度につき、犯則嫌疑者Ａの報酬、賞与その他その職務執行の対価として犯則嫌疑法人及びその主要な連結子会社から役員として受ける財産上の利益であって、当該連結会計年度に係るものが約２４億９１００万円であったにもかかわらず、その一部を隠ぺいして、「コーポレート・ガバナンスの状況」欄内の「役員ごとの連結報酬等の総額等」欄に犯則嫌疑者Ａの総報酬及び金銭報酬をいずれも７億３５００万円と記載した有価証券報告書を提出し もって、それぞれ、重要な事項につき虚偽の記載のある有価証券報告書を提出した。 ２．関連条文 金融商品取引法 第１９７条第１項第１号、第２４条第１項第１号、第２０７条第１項第１号 刑法第６０条 法定刑：１０年以下の懲役若しくは１０００万円以下の罰金又はこれを併科、法人につき７億円以下の罰金
