date,stock_name,stock_code,title,link,content
2020-12-22,株式会社ドンキホーテホールディングス株券,,株式会社ドンキホーテホールディングス株券に係る取引推奨事件の告発について,https://www.fsa.go.jp/sesc/news/c_2020/2020/20201222-3.html,English version 令和２年１２月２２日 証券取引等監視委員会 株式会社ドンキホーテホールディングス株券に係る取引推奨事件の告発について 証券取引等監視委員会は、本日、金融商品取引法違反（取引推奨）の嫌疑で、嫌疑者１名を東京地方検察庁に告発した。告発の対象となった犯則事実については下記のとおり。 １．告発の対象となった犯則事実 犯則嫌疑者Ａは、東京証券取引所市場第一部に株券を上場していた株式会社ドンキホーテホールディングス（以下「ドンキホーテ」という。）の代表取締役社長兼最高経営責任者を務めていたものであるが、平成３０年８月上旬頃、その職務に関し、ユニー・ファミリーマートホールディングス株式会社からの伝達により、同社がドンキホーテの株券の公開買付けを行うことについての決定をした旨の公開買付けの実施に関する事実を知るとともに、ドンキホーテが子会社の異動を伴うユニー株式会社の株券を取得することについての決定をした旨の重要事実を知り、あらかじめドンキホーテの株券を買い付けさせて利益を得させる目的をもって、各事実の公表前である同年９月上旬頃から同月下旬頃までの間、知人に対し、複数回にわたり、ドンキホーテの株券の買付けを勧め、これにより同人が、法定の除外事由がないのに、各事実の公表前である同月上旬から同年１０月上旬までの間、証券会社を介し、東京証券取引所において、ドンキホーテの株券合計７万６５００株を代金合計約４億３０００万円で買い付けたものである。 ２．関連条文 金融商品取引法 第１９７条の２第１４号、第１６７条の２第１項 第１９７条の２第１５号、第１６７条の２第２項 法定刑：５年以下の懲役若しくは５００万円以下の罰金又はこれを併科
2020-12-24,株式会社ウェルスデザイン及びそ,,株式会社ウェルスデザイン及びその役員１名による金融商品取引法違反行為に係る裁判所の禁止及び停止命令の発令について,https://www.fsa.go.jp/sesc/news/c_2020/2020/20201224-1.html,"English version 令和2年12月24日 証券取引等監視委員会 株式会社ウェルスデザイン及びその役員１名による金融商品取引法違反行為に係る裁判所の禁止及び停止命令の発令について 証券取引等監視委員会が、令和２年11月10日に行った株式会社ウェルスデザイン（大阪府大阪市、法人番号5120001165643、代表取締役 東畑政徳（ひがしばたまさのり、ビジネスネームとして「赤井正則」及び「赤井政徳」を使用、以下「東畑」という。）、資本金1,000万円、金融商品取引業の登録等はない。以下「当社」という。）及び当社の代表取締役である東畑（当社及び東畑を併せて「当社ら」という。）に対する金融商品取引法違反行為（無登録で、金融商品取引法第２条第２項第５号又は第６号に掲げる権利について、募集又は私募の取扱いを業として行うこと）の禁止及び停止を命ずるよう求める申立てについて、本日、東京地方裁判所より、申立ての内容どおり、下記の命令が下された。 記 被申立人らは、いずれも、金融商品取引法29条所定の登録（ただし、業務の種別を第二種金融商品取引業とするもの）その他同法所定の適式の登録を受けずに、同法２条２項５号又は６号に掲げる権利について、募集又は私募の取扱いを業として行ってはならない。 以上 （参考） 株式会社ウェルスデザイン及びその役員１名による金融商品取引法違反行為に係る裁判所への禁止及び停止命令発出の申立てについて 【一般投資家の皆様へ】 〇　当社は損害保険代理業・生命保険の募集に関する業務等を行う保険代理店であり、来店型保険ショップを複 数開設していますが、本事案の海外投資商品は、いずれも金融庁の認可を受けた保険商品ではありませんので、 ご注意ください。 〇　当社らは、上記保険ショップ内に当社主催の資産運用セミナーの開催スケジュールが記載されたチラシを配 置して、保険ショップにおいて資産運用セミナーを開催するなど、保険代理店・保険ショップとしての立場を 利用して、法令上必要な登録等を受けずに海外投資商品（オフショア投資・海外ＮＩＳＡ等と呼称）の勧誘を 行っていました。 〇　当社らは、海外投資商品の契約の申込書（application form）を英文のまま交付して勧誘しており、申込書の 和訳もしていなかったことが認められています。契約締結済みの方は、当該海外投資商品の詳細な契約条件 （具体的な手数料率、手数料額等）を理解しないまま契約をされた可能性がありますので、改めて契約内容をご確 認ください。 〇　日本で登録を受けずに金融商品取引業を行うことは違法です。取引を行う前に取引の相手が登録を受けてい るか こちら で確認して、無登録の業者（海外所在業者を含む）との取引は行わないよう、ご注意ください。 〇　無登録で金融商品取引を行っているとして、金融庁（財務局）が警告を行った者の名称等は、 こちら をご覧 ください。 〇　金融庁（財務局）が警告を行っていない者であっても、無登録の業者の勧誘する金融商品（海外投資商品） は契約しないよう、ご注意ください。"
2020-12-22,イオンディライト株式会社,,イオンディライト株式会社における有価証券報告書等の虚偽記載に係る課徴金納付命令勧告について,https://www.fsa.go.jp/sesc/news/c_2020/2020/20201222-1.html,"English version 令和２年12月22日 証券取引等監視委員会 イオンディライト株式会社における有価証券報告書等の虚偽記載に係る課徴金納付命令勧告について １．勧告の内容 証券取引等監視委員会は、イオンディライト株式会社（法人番号1120001081381）（以下「当社」という。）における金融商品取引法に基づく開示規制の違反について検査した結果、以下のとおり法令違反の事実が認められたので、本日、内閣総理大臣及び金融庁長官に対して、金融庁設置法第20条第１項の規定に基づき、課徴金納付命令を発出するよう勧告を行った。 ２．法令違反の事実関係 当社は、子会社において、架空売上の計上による売上の過大計上、仕入の未計上による売上原価の過少計上等、不適正な会計処理を行った。 この結果、当社は、近畿財務局長に対し、以下のとおり、金融商品取引法第172条の４第１項及び第２項に規定する「重要な事項につき虚偽の記載」がある以下の有価証券報告書及び四半期報告書を提出した（「重要な事項につき虚偽の記載」の内容は別紙１の表の１～４のとおり）。 ・平成29年２月期有価証券報告書（平成29年５月24日提出） ・平成30年２月期有価証券報告書（平成30年５月21日提出） ・平成30年８月第２四半期四半期報告書（平成30年10月12日提出） ・平成30年11月第３四半期四半期報告書（平成31年１月15日提出） ３．課徴金の額の計算 上記の違法行為について金融商品取引法に基づき算定される課徴金の額は、 3,565万円である（計算方法については別紙２のとおり。）。 【別紙１】有価証券報告書の虚偽記載内容 番号 対象書類 虚偽記載 提出日 書類 会計期間 記載項目 主な内容（注） 主な事由 １ 平成29年５月24日 第44期（平成28年３月１日～平成29年２月28日）に係る有価証券報告書 平成28年３月１日～平成29年２月28日の連結会計期間 連結 損益計算書 親会社株主に帰属する当期純利益が 7,093百万円であるところを 10,238百万円と記載 ・売上の過大計上 ・仕入の未計上による売上原価の過少計上 ２ 平成30年５月21日 第45期（平成29年３月１日～平成30年２月28日）に係る有価証券報告書 平成29年３月１日～平成30年２月28日の連結会計期間 連結 損益計算書 親会社株主に帰属する当期純利益が 6,397百万円であるところを 10,316百万円と記載 ・売上の過大計上 ・仕入の未計上による売上原価の過少計上 ３ 平成30年10月12日 第46期第２四半期（平成30年６月１日～同年８月31日）に係る四半期報告書 平成30年３月１日～同年８月31日の第２四半期連結累計期間 四半期連結 損益計算書 営業利益が 6,275百万円であるところを 9,060百万円と記載 親会社株主に帰属する四半期純利益が 2,838百万円であるところを 5,628百万円と記載 ・売上の過大計上 ・仕入の未計上による売上原価の過少計上 4 平成31年１月15日 第46期第３四半期（平成30年９月１日～同年11月30日）に係る四半期報告書 平成30年３月１日～同年11月30日の第３四半期連結累計期間 四半期連結 損益計算書 親会社株主に帰属する四半期純利益が 3,893百万円であるところを 8,287百万円と記載 ・売上の過大計上 ・仕入の未計上による売上原価の過少計上 （注）金額は百万円未満切捨てである。 【別紙２】課徴金の計算方法 （１） 金融商品取引法第172条の４第１項の規定により、平成29年２月期有価証券報告書について算出した額は、当社が発行する算定基準有価証券の市場価額の総額に10万分の６を乗じて得た額10,321,707円が6,000,000円を超えることから、10,321,707円について、金融商品取引法第176条第２項の規定により１万円未満の端数を切り捨てて10,320,000円となる。 （２） 金融商品取引法第172条の４第１項の規定により、平成30年２月期有価証券報告書について算出した額は、当社が発行する算定基準有価証券の市場価額の総額に10万分の６を乗じて得た額12,506,498円が6,000,000円を超えることから、12,506,498円について、金融商品取引法第176条第２項の規定により１万円未満の端数を切り捨てて12,500,000円となる。 （３） 金融商品取引法第172条の４第２項の規定により、平成30年８月第２四半期四半期報告書及び平成30年11月第３四半期四半期報告書ごとに算出した額は、 ア 当社が発行する算定基準有価証券の市場価額の総額に10万分の６を乗じて得た下記の額 平成30年８月第２四半期四半期報告書 12,843,361円 平成30年11月第３四半期四半期報告書 12,830,037円 が、いずれも イ 6,000,000円 を超えることから、 ・平成30年８月第２四半期四半期報告書に係る課徴金の額は、12,843,361円の２分の１に相当する額である6,420,000円（金融商品取引法第176条第２項の規定により１万円未満の端数を切り捨て。以下（３）において同じ。）、 ・平成30年11月第３四半期四半期報告書に係る課徴金の額は、12,830,037円の２分の１に相当する額である6,410,000円 となる。"
2020-12-15,株式会社キムラタン,8107,キムラタン株式に係る相場操縦に対する課徴金納付命令の勧告について,https://www.fsa.go.jp/sesc/news/c_2020/2020/20201215-1.html,"English version 令和２年12月15日 証券取引等監視委員会 キムラタン株式に係る相場操縦に対する課徴金納付命令の勧告について １．勧告の内容 証券取引等監視委員会は、キムラタン株式に係る相場操縦について検査した結果、下記のとおり法令違反の事実が認められたので、本日、内閣総理大臣及び金融庁長官に対して、金融庁設置法第２０条第１項の規定に基づき、課徴金納付命令を発出するよう勧告を行った。 ２．法令違反の事実関係 課徴金納付命令対象者は、株式会社キムラタンの株式につき、同株式の売買を誘引する目的をもって、別表記載のとおり、平成３１年４月１１日午前９時４分頃から同月１５日午前９時２７分頃までの間、３取引日にわたり、成行または指値の買い注文を発注して、他の投資者が発注した売り注文を買い付けることにより直前の約定値より株価を引き上げたり、自身が発注した売り注文に成行または指値の買い注文を対当させて買い付けることにより直前の約定値より株価を引き上げたりするなどの方法により、同株式合計９１万１２００株を買い付ける一方、同株式合計８２万４１００株を売り付け、もって、自己の計算において、同株式の売買が繁盛であると誤解させ、かつ、同株式の相場を変動させるべき一連の売買をしたものである。 違反行為事実の概要については、 別図 のとおり。 課徴金納付命令対象者が行った上記の行為は、金融商品取引法第１７４条の２第１項に規定する「第１５９条第２項第１号の規定に違反する一連の有価証券売買等」に該当すると認められる。 ３．課徴金の額の計算 上記の違反行為に対し金融商品取引法に基づき納付を命じられる課徴金の額は、４２５万円である。 計算方法の詳細については、 別紙 のとおり。 （別表） ○違反行為状況 （クリックすると拡大されます） （別図） ○違反行為事実の概要について （クリックすると拡大されます） （別紙） ○課徴金の額の計算方法について 1． 別表 の違反行為に係る課徴金の額の計算の基礎は以下のとおりである。 (1) 金融商品取引法第１７４条の２第１項の規定により、当該違反行為に係る課徴金の額は、 ア．当該違反行為に係る有価証券の売買対当数量に係るものについて、自己の計算による当該有価証券の売付け等の価額から、自己の計算による当該有価証券の買付け等の価額を控除した額 及び イ．当該違反行為に係る自己の計算による有価証券の買付け等の数量が、当該違反行為に係る自己の計算による有価証券の売付け等の数量を超える場合、当該違反行為が終了してから１月を経過するまでの間の各日における当該違反行為に係る有価証券の売付け等についての金融商品取引法第６７条の１９又は第１３０条に規定する最高の価格のうち最も高い価格に当該超える数量を乗じて得た額から当該超える数量に係る有価証券の買付け等の価額を控除した額 の合計額として算定。 (2) 上記(1)で算定された課徴金の額につき、金融商品取引法第１７６条第２項の規定により１万円未満の端数を切り捨てて算定。 ２． 別表 に掲げる事実につき (1) 当該違反行為に係る自己の計算による有価証券の売付け等の数量は、824,100株であり、当該違反行為に係る自己の計算による有価証券の買付け等の数量は、実際の買付け等の数量911,200株に、金融商品取引法第１７４条の２第８項及び金融商品取引法施行令第３３条の１３第１号の規定により、違反行為の開始時にその時における価格（35円）で買付け等を自己の計算においてしたものとみなされる当該違反行為の開始時に所有している有価証券の数量188,800株を加えた1,100,000株であることから、 ア．当該違反行為に係る有価証券の売買対当数量（824,100株）に係るものについて、自己の計算による当該有価証券の売付け等の価額から、自己の計算による当該有価証券の買付け等の価額を控除した額 （35円×30,000株＋35.1円×9,500株＋35.8円×6,000株 ＋35.9円×6,100株＋36円×394,800株＋36.1円×13,400株 ＋36.2円×6,700株＋36.3円×1,000株＋36.4円×2,300株 ＋36.5円×8,700株＋36.6円×4,800株＋36.7円×18,600株 ＋36.8円×17,100株＋36.9円×8,400株＋37円×72,800株 ＋37.8円×7,400株＋38円×108,000株＋38.9円×2,500株 ＋39円×106,000株） －（34円×24,300株＋35円×360,200株＋35.1円×3,200株 ＋35.3円×8,100株＋35.4円×7,500株＋35.5円×2,600株 ＋35.7円×3,800株＋35.8円×9,900株＋35.9円×13,400株 ＋36円×205,100株＋36.1円×21,900株＋36.3円×5,600株 ＋36.4円×400株＋36.5円×13,900株＋36.6円×21,800株 ＋36.7円×14,600株＋36.8円×20,700株＋36.9円×2,100株 ＋37円×85,000株） ＝ 922,280円 及び イ．当該違反行為に係る自己の計算による有価証券の買付け等の数量（1,100,000株）が、当該違反行為に係る自己の計算による有価証券の売付け等の数量（824,100株）を超えていることから、当該違反行為が終了してから１月を経過するまでの間の各日における当該違反行為に係る有価証券の売付け等についての金融商品取引法第６７条の１９又は第１３０条に規定する最高の価格のうち最も高い価格（49円）に当該超える数量275,900株（買付け等の数量1,100,000株－売付け等の数量824,100株）を乗じて得た額から、当該超える数量に係る有価証券の買付け等の価額を控除した額 （49円×275,900株） －（36円×80,700株＋36.1円×4,000株＋36.2円×12,500株 ＋36.3円×1,600株＋36.4円×11,800株＋36.5円×7,000株 ＋36.6円×7,500株＋36.7円×19,800株＋36.8円×5,500株 ＋36.9円×7,600株＋37円×73,700株＋38円×4,400株 ＋39円×27,300株＋40円×12,500株） ＝ 3,331,100円 の合計額4,253,380円となる。 (2) 金融商品取引法第１７６条第２項の規定により、上記(1)で計算した額の１万円未満の端数を切捨て、4,250,000円となる。"
2020-12-22,株式会社ジャパンディスプレイ,6740,株式会社ジャパンディスプレイにおける有価証券報告書等の虚偽記載に係る課徴金納付命令勧告について,https://www.fsa.go.jp/sesc/news/c_2020/2020/20201222-2.html,"English version 令和２年12月22日 証券取引等監視委員会 株式会社ジャパンディスプレイにおける有価証券報告書等の虚偽記載に係る課徴金納付命令勧告について １．勧告の内容 証券取引等監視委員会は、株式会社ジャパンディスプレイ（法人番号6040001059563）（以下「当社」という。）における金融商品取引法に基づく開示規制の違反について検査した結果、以下のとおり法令違反の事実が認められたので、本日、内閣総理大臣及び金融庁長官に対して、金融庁設置法第20条第１項の規定に基づき、課徴金納付命令を発出するよう勧告を行った。 ２．法令違反の事実関係 （１）継続開示書類 当社は、架空の期末在庫の計上による売上原価の過少計上、販売見込みのない在庫の評価損未計上による売上原価の過少計上、収益の認識基準を満たしていない売上の計上、固定資産の過大計上等、不適正な会計処理を行った。 この結果、当社は、関東財務局長に対し、以下のとおり、金融商品取引法第172条の４第１項及び第２項に規定する「重要な事項につき虚偽の記載」がある以下の有価証券報告書及び四半期報告書を提出した（「重要な事項につき虚偽の記載」の内容は別紙１の表の１～７のとおり）。 ・平成27年12月第３四半期四半期報告書（平成28年２月９日提出） ・平成28年３月期有価証券報告書（平成28年６月21日提出） ・平成28年６月第１四半期四半期報告書（平成28年８月９日提出） ・平成28年９月第２四半期四半期報告書（平成28年11月９日提出） ・平成28年12月第３四半期四半期報告書（平成29年２月８日提出） ・平成29年３月期有価証券報告書（平成29年６月21日提出） ・平成31年３月期有価証券報告書（令和元年６月19日提出） （２）発行開示書類 当社は、 ア 関東財務局長に対し、平成28年12月21日、上記（１）の重要な事項につき虚偽の記載がある平成28年３月期有価証券報告書並びに平成28年６月第１四半期四半期報告書及び平成28年９月第２四半期四半期報告書を参照情報とする有価証券届出書（新株予約権付社債の募集）を提出し、当該有価証券届出書に基づく募集により、平成29年１月11日、新株予約権付社債を45,000,000,000円で取得させ、 イ 関東財務局長に対し、平成30年３月30日、上記（１）の重要な事項につき虚偽の記載がある平成29年３月期有価証券報告書を参照情報とする有価証券届出書（株券の募集）を提出し、当該有価証券届出書に基づく募集により、平成30年４月25日、34,965,000株の株券を4,999,995,000円で取得させた。 これらにより、当社は、関東財務局長に対し、金融商品取引法第172条の２第１項に規定する「重要な事項につき虚偽の記載」がある発行開示書類を提出し、当該発行開示書類に基づく募集により株券等を取得させたものである。 ３．課徴金の額の計算 上記の違法行為について金融商品取引法に基づき算定される課徴金の額は、21億6,333万4,996円である（計算方法については別紙２のとおり。）。 【別紙１】有価証券報告書の虚偽記載内容 番号 対象書類 虚偽記載 提出日 書類 会計期間 記載項目 主な内容（注） 主な事由 １ 平成28年２月９日 第14期第３四半期（平成27年10月１日～同年12月31日）に係る四半期報告書 平成27年４月１日～同年12月31日の第３四半期連結累計期間 四半期連結 損益計算書 親会社株主に帰属する四半期純利益が ▲2,192百万円であるところを 4,411百万円と記載 ・売上原価の過少計上 ２ 平成28年６月21日 第14期（平成27年４月１日～平成28年３月31日）に係る有価証券報告書 平成27年４月１日～平成28年３月31日の連結会計期間 連結 損益計算書 営業利益が 10,921百万円であるところを 16,710百万円と記載 親会社株主に帰属する当期純利益が ▲42,078百万円であるところを ▲31,840百万円と記載 ・売上原価の過少計上 ３ 平成28年８月９日 第15期第１四半期（平成28年４月１日～同年６月30日）に係る四半期報告書 平成28年４月１日～同年６月30日の第１四半期連結累計期間 四半期連結 損益計算書 営業利益が ▲8,174百万円であるところを ▲3,411百万円と記載 ・売上原価の過少計上 4 平成28年11月９日 第15期第２四半期（平成28年７月１日～同年９月30日）に係る四半期報告書 平成28年４月１日～同年９月30日の第２四半期連結累計期間 四半期連結 損益計算書 営業利益が ▲6,258百万円であるところを ▲2,176百万円と記載 ・売上原価の過少計上 5 平成29年２月８日 第15期第３四半期（平成28年10月１日～同年12月31日）に係る四半期報告書 平成28年４月１日～同年12月31日の第３四半期連結累計期間 四半期連結 損益計算書 営業利益が 5,847百万円であるところを 10,475百万円と記載 ・売上原価の過少計上 6 平成29年６月21日 第15期（平成28年４月１日～平成29年３月31日）に係る有価証券報告書 平成28年４月１日～平成29年３月31日の連結会計期間 連結 損益計算書 営業利益が 10,677百万円であるところを 18,502百万円と記載 ・売上の過大計上 ・ 売上原価の過少計上 ・販管費の過少計上 7 令和元年６月19日 第17期（平成30年４月１日～平成31年３月31日）に係る有価証券報告書 平成30年４月１日～平成31年３月31日の連結会計期間 連結 貸借対照表 連結純資産額が 862百万円であるところを 7,023百万円と記載 ・固定資産の過大計上による純資産の過大計上 8 平成28年12月21日 有価証券届出書（新株予約権付社債の募集） 「第三部参照情報」 番号２～４に掲げる第14期に係る有価証券報告書並びに第15期第１四半期及び第15期第２四半期に係る四半期報告書を参照 ・売上原価の過少計上 9 平成30年３月30日 有価証券届出書（株券の募集） 「第三部参照情報」 番号６に掲げる第15期に係る有価証券報告書を参照 ・売上の過大計上 ・ 売上原価の過少計上 ・販管費の過少計上 （注）金額は百万円未満切捨てである。 【別紙２】課徴金の計算方法 （１） 金融商品取引法第172条の４第１項及び第２項の規定により、平成27年12月第３四半期四半期報告書及び平成28年３月期有価証券報告書ごとに算出した額（以下（１）において「個別決定ごとの算出額」という。）は、 ア 当社が発行する算定基準有価証券の市場価額の総額に10万分の６を乗じて得た下記の額 平成27年12月第３四半期四半期報告書 13,640,630円 平成28年３月期有価証券報告書   13,785,226円 が、いずれも イ 6,000,000円 を超えることから、 ・平成27年12月第３四半期四半期報告書については、13,640,630円の２分の１に相当する額である6,820,000円（金融商品取引法第176条第２項の規定により１万円未満の端数を切り捨て。以下、この項において同じ。）、 ・平成28年３月期有価証券報告書については、13,780,000円、 となる。 ここで、これらの開示書類が同一の事業年度に係るものであることから、金融商品取引法第185条の７第６項の規定により、13,780,000円を個別決定ごとの算出額に応じて按分（同第30項の規定により１円未満の端数を切り捨て）した下記の金額が、これらの開示書類に係る課徴金の額となる。 ・平成27年12月第３四半期四半期報告書に係る課徴金の額は、4,562,116円 ・平成28年３月期有価証券報告書に係る課徴金の額は、9,217,883円 （２） 金融商品取引法第172条の４第１項及び第２項の規定により、平成28年６月第１四半期四半期報告書、平成28年９月第２四半期四半期報告書、平成28年12月第３四半期四半期報告書及び平成29年３月期有価証券報告書ごとに算出した額（以下（２）において「個別決定ごとの算出額」という。）は、 ア 当社が発行する算定基準有価証券の市場価額の総額に10万分の６を乗じて得た下記の額 平成28年６月第１四半期四半期報告書   7,295,015円 平成28年９月第２四半期四半期報告書   5,988,419円 平成28年12月第３四半期四半期報告書 9,064,965円 平成29年３月期有価証券報告書   8,231,356円 が、 平成28年６月第１四半期四半期報告書、平成28年12月第３四半期四半期報告書及び平成29年３月期有価証券報告書については、 イ 6,000,000円 を超えることから、 ・平成28年６月第１四半期四半期報告書については、7,295,015円の２分の１に相当する額である3,640,000円（金融商品取引法第176条第２項の規定により１万円未満の端数を切り捨て。以下、この項において同じ。）、 ・平成28年12月第３四半期四半期報告書については、9,064,965円の２分の１に相当する額である4,530,000円、 ・平成29年３月期有価証券報告書については、8,230,000円、 平成28年９月第２四半期四半期報告書については、 イ 6,000,000円 を超えないことから、 ・平成28年９月第２四半期四半期報告書については、6,000,000円の２分の１に相当する額である3,000,000円、 となる。 ここで、これらの開示書類が同一の事業年度に係るものであることから、金融商品取引法第185条の７第６項の規定により、9,060,000円を個別決定ごとの算出額に応じて按分（同第30項の規定により１円未満の端数を切り捨て）した下記の金額が、これらの開示書類に係る課徴金の額となる。 ・平成28年６月第１四半期四半期報告書に係る課徴金の額は、1,699,917円 ・平成28年９月第２四半期四半期報告書に係る課徴金の額は、1,401,030円 ・平成28年12月第３四半期四半期報告書に係る課徴金の額は、2,115,556円 ・平成29年３月期有価証券報告書に係る課徴金の額は、3,843,494円 （３） 金融商品取引法第172条の４第１項の規定により、平成31年３月期有価証券報告書について算出した課徴金の額は、 当社が発行する算定基準有価証券の市場価額の総額に10万分の６を乗じて得た額5,710,102円が6,000,000円を超えないことから、6,000,000円 となるが、平成31年３月期有価証券報告書については、金融商品取引法第26条第１項の規定による検査等が行われる前に、課徴金の減額に係る報告書が提出されていることから、金融商品取引法第185条の７第14項の規定により、 6,000,000円に100分の50を乗じて得た額に相当する額である3,000,000円 となる。 （４） 金融商品取引法第172条の２第１項第１号の規定により、当社の平成28年12月21日提出の有価証券届出書（新株予約権付社債の募集）に係る課徴金の額は、 重要な事項につき虚偽の記載がある発行開示書類に基づく募集により取得させた新株予約権付社債の発行価額の総額45,000,000,000円の100分の4.5に相当する額である2,025,000,000円 となる。 （５） 金融商品取引法第172条の２第１項第１号の規定により、当社の平成30年３月30日提出の有価証券届出書（株券の募集）に係る課徴金の額は、 重要な事項につき虚偽の記載がある発行開示書類に基づく募集により取得させた株券の発行価額の総額4,999,995,000円の100分の4.5に相当する額である224,999,775円 に、金融商品取引法第176条第２項の規定により１万円未満の端数を切り捨てて、224,990,000円となるが、平成30年３月30日提出の有価証券届出書（株券の募集）については、金融商品取引法第26条第１項の規定による検査等が行われる前に、課徴金の減額に係る報告書が提出されていることから、金融商品取引法第185条の７第14項の規定により、 224,990,000円に100分の50を乗じて得た額に相当する額である112,495,000円 となる。"
2020-11-06,,,「証券モニタリングに関する基本指針」の一部改正（案）の公表について,https://www.fsa.go.jp/sesc/news/c_2020/2020/20201106-1.html,English Version 令和２年11月6日 証券取引等監視委員会 「証券モニタリングに関する基本指針」の一部改正（案）の公表について 証券取引等監視委員会（以下「証券監視委」という。）では、証券監視委及び財務局等が実施するオンサイト・モニタリング（法令に基づくオンサイトによる検査を指す。）に係る基本的な手続きを定めた「証券モニタリングに関する基本指針」（以下「基本指針」という。）を策定し、公表しているところですが、今般、基本指針について、 別紙 のとおり改正（案）を取りまとめましたので、公表いたします。 １．改正の概要 新規に日本に参入する海外の資産運用会社等が提出する書類について、英語で作成し、提出できることとするもの。 具体的な内容については （別紙） を御参照ください。 ２．適用期日 本パブリックコメント終了後、所要の手続きを経て、公布の日から適用予定です。 この案について御意見がありましたら、 令和２年12月7日（月）18時00分（必着） までに、氏名（法人その他の団体にあっては名称）、職業（法人その他の団体にあっては業種）、連絡先（住所、電話番号又は電子メールアドレス）及び理由を付記の上、郵便、ファックスにより下記送付先に、お寄せください。電話による御意見は御遠慮願います。 インターネットによる御意見は、下記e-Govウェブサイトに、お寄せください。 御意見をお寄せいただいた方の氏名（法人その他の団体にあっては名称）については、開示の請求等があった場合には、御意見の内容とともに開示させていただきますので、御承知おきください。開示の際に匿名を希望される場合は、御意見の冒頭にその旨を明確に御記載ください。なお、開示に当たっては、御意見の内容に、（１）個人に関する情報であって特定の個人が識別され得る記述がある場合、又は（２）法人等の権利、競争上の地位その他正当な利益を侵害するおそれのある記述がある場合、には当該箇所を伏せさせていただくことがあります。 御意見に付記された電話番号等の個人情報は、御意見の内容に不明な点があった際に連絡・確認をさせていただく場合や御意見がどのような立場からのものかを確認させていただく場合に利用します。 なお、御意見に対しての個別の回答はいたしませんので、あらかじめ御了承ください。 御意見の募集は終了しました。ご協力ありがとうございました。 御意見の送付先 証券取引等監視委員会事務局証券検査課 郵便：〒100-8922 東京都千代田区霞が関３－２－１　中央合同庁舎第７号館 ファックス：03-5251-2137 URL： http://www.fsa.go.jp/sesc/ お問い合わせ先 Tel　03-3506-6000（代表） 証券取引等監視委員会事務局証券検査課（内線： 3032、3051） （別紙） 「証券モニタリングに関する基本指針」（新旧対照表）
2020-10-27,,,「証券モニタリングに関する基本指針」の一部改正（案）の公表について,https://www.fsa.go.jp/sesc/news/c_2020/2020/20201027-1.html,令和２年10月27日 証券取引等監視委員会 「証券モニタリングに関する基本指針」の一部改正（案）の公表について 証券取引等監視委員会（以下「証券監視委」という。）では、証券監視委及び財務局等が実施するオンサイト・モニタリング（法令に基づくオンサイトによる検査を指す。）に係る基本的な手続きを定めた「証券モニタリングに関する基本指針」（以下「基本指針」という。）を策定し、公表しているところですが、今般、基本指針について、 別紙 のとおり改正（案）を取りまとめましたので、公表いたします。 １．改正の概要 ① 検査対象先が提出する書類について、押印を求めないこととし、基本指針で定める様式について、押印欄を削除するもの｡ ② 検査対象先が提出する書類について、役員等の氏名に旧氏（住民基本台帳法施行令（昭和42年政令第 292号）第30条の13に規定する旧氏を指す。）及び名の記載又は併記ができることを、明確化するもの｡ 具体的な内容については （別紙） を御参照ください。 ２．適用期日 本パブリックコメント終了後、所要の手続きを経て、公布、適用予定です。 この案について御意見がありましたら、 令和２年11月26日（木）17時00分（必着） までに、氏名（法人その他の団体にあっては名称）、職業（法人その他の団体にあっては業種）、連絡先（住所、電話番号又は電子メールアドレス）及び理由を付記の上、郵便、ファックスにより下記送付先に、お寄せください。電話による御意見は御遠慮願います。 インターネットによる御意見は、下記e-Govウェブサイトに、お寄せください。 御意見をお寄せいただいた方の氏名（法人その他の団体にあっては名称）については、開示の請求等があった場合には、御意見の内容とともに開示させていただきますので、御承知おきください。開示の際に匿名を希望される場合は、御意見の冒頭にその旨を明確に御記載ください。なお、開示に当たっては、御意見の内容に、（１）個人に関する情報であって特定の個人が識別され得る記述がある場合、又は（２）法人等の権利、競争上の地位その他正当な利益を侵害するおそれのある記述がある場合、には当該箇所を伏せさせていただくことがあります。 御意見に付記された電話番号等の個人情報は、御意見の内容に不明な点があった際に連絡・確認をさせていただく場合や御意見がどのような立場からのものかを確認させていただく場合に利用します。 なお、御意見に対しての個別の回答はいたしませんので、あらかじめ御了承ください。 御意見の募集は終了しました。ご協力ありがとうございました。 御意見の送付先 証券取引等監視委員会事務局証券検査課 郵便：〒100-8922 東京都千代田区霞が関３－２－１　中央合同庁舎第７号館 ファックス：03-5251-2137 URL： http://www.fsa.go.jp/sesc/ お問い合わせ先 Tel　03-3506-6000（代表） 証券取引等監視委員会事務局証券検査課（内線： 3032、3051） （別紙） 「証券モニタリングに関する基本指針」（新旧対照表）
2020-11-13,クリエイトジャパン株式会社,,クリエイトジャパン株式会社に対する検査結果に基づく勧告について,https://www.fsa.go.jp/sesc/news/c_2020/2020/20201113-1.html,English version 令和2年11月13日 証券取引等監視委員会 クリエイトジャパン株式会社に対する検査結果に基づく勧告について １．勧告の内容 関東財務局長がクリエイトジャパン株式会社（東京都中央区、法人番号5010001141300、代表取締役社長　井尾 義夫（いお よしお）、資本金3.03億円、常勤役職員53名、第一種金融商品取引業、第二種金融商品取業、以下「当社」という。）を検査した結果、下記のとおり、当該金融商品取引業者に係る問題が認められたので、本日、証券取引等監視委員会は、内閣総理大臣及び金融庁長官に対して、金融庁設置法第20条第１項の規定に基づき、行政処分を行うよう勧告した。 ２．事実関係 ○　経営管理態勢等が極めて杜撰であることにより、長期間にわたり、継続的かつ恒常的に多数の営業員により法令違反行為が行われている状況 （１）法令違反行為が行われている状況 当社は、取引所為替証拠金取引を取り扱っているところ、平成31年１月から令和２年１月までの期間において、当社営業員32名が行った見込顧客74名に対する新規口座開設に向けた当該取引に係る電話勧誘の状況について検証した結果、以下の事実が認められた。 ア　勧誘受諾意思確認義務違反 営業員10名は、見込顧客から新規口座開設に向けた勧誘を拒絶され、勧誘を行うことができなくなることを避けるため、18名の見込顧客に対し、当該勧誘に先立って、勧誘受諾意思の有無を確認することなく勧誘行為を行っていた。 イ　再勧誘の禁止違反 営業員30名は、40名の見込顧客から勧誘継続の拒絶の意思表示を受けたにもかかわらず、営業員自身の営業成績の向上を優先し、後日、電話を架けて再び勧誘行為を行っていた。 当社における上記アの行為は、金融商品取引法第38条第５号に該当するものと認められる。また、当社における上記イの行為は、同法第38条第６号に該当するものと認められる。 （２）経営管理態勢等が極めて杜撰な状況 上記（１）のような状況は、遅くとも平成28年４月以降、継続的かつ恒常的に認められており、これらが是正されなかった原因として、以下の業務運営上の問題点があると認められた。 ア　代表取締役社長は、顧客からの苦情等がなければ法令等遵守に問題はないと安易に認識しているほか、営業面の推進や管理を担当役員に任せきりにし、電話営業を主体とする当社のビジネスモデルに応じたリスクを管理すべきとの認識はなく、社内でこれらに関する検討・議論を行わせていなかった。 イ　営業責任者であった担当役員は、当社業容の維持・拡大のため、上記（１）の法令違反行為が行われることをむしろ容認し、多数の営業員に法令違反を顧みない営業を行わせていた。 ウ　内部管理担当役員は、日々の営業員の営業活動をモニタリングする必要性を認識していないため、当該モニタリングによって法令等遵守を実践するための管理態勢の整備を怠っていた。 以上のとおり、当社経営陣は、当社の収益獲得を優先するあまり、法令等遵守を蔑ろにし、社内で広く法令違反行為が行われることによって業務を持続させており、当社の経営管理態勢等は極めて杜撰であると認められる。 （注）上記（２）における代表取締役社長等については、検査基準日（令和２年１月24日）時点の役職名にて記載。 （参考条文） ○　金融商品取引法（昭和23年法律第25号）（抄） （禁止行為） 第三十八条　金融商品取引業者等又はその役員若しくは使用人は、次に掲げる行為をしてはならない。（略） 一～四　（略） 五　金融商品取引契約（当該金融商品取引契約の内容その他の事情を勘案し、投資者の保護を図ることが必要なものとして政令で定めるものに限る。）の締結につき、その勧誘に先立つて、顧客に対し、その勧誘を受ける意思の有無を確認することをしないで勧誘をする行為 六　金融商品取引契約（当該金融商品取引契約の内容その他の事情を勘案し、投資者の保護を図ることが必要なものとして政令で定めるものに限る。）の締結の勧誘を受けた顧客が当該金融商品取引契約を締結しない旨の意思（当該勧誘を引き続き受けることを希望しない旨の意思を含む。）を表示したにもかかわらず、当該勧誘を継続する行為 （以下、略） ○　金融商品取引法施行令（昭和40年政令第321号）（抄） （不招請勧誘等が禁止される契約） 第十六条の四　（略） ２　法第三十八条第五号及び第六号に規定する政令で定めるものは、前項各号に掲げる契約又は次に掲げる契約とする。 一　顧客のために市場デリバティブ取引のうち次に掲げる取引の媒介、取次ぎ（有価証券等清算取次ぎを除く。）若しくは代理を行うこと又はこれらの取引の委託の媒介、取次ぎ若しくは代理を行うことを内容とする契約 イ　売買の当事者が将来の一定の時期において金融商品（法第二条第二十四項第二号若しくは第三号に掲げるもの又は同項第五号に掲げるもの（同項第二号に掲げるものに係るものに限る。）に限る。以下この号において同じ。）及びその対価の授受を約する売買であつて、当該売買の目的となつている金融商品の転売又は買戻しをしたときは差金の授受によつて決済することができる取引 （以下、略）
2020-11-10,株式会社ウェルスデザイン及びそ,,株式会社ウェルスデザイン及びその役員１名による金融商品取引法違反行為に係る裁判所への禁止及び停止命令発出の申立てについて,https://www.fsa.go.jp/sesc/news/c_2020/2020/20201110-1.html,"English version 令和２年11月10日 証券取引等監視委員会 株式会社ウェルスデザイン及びその役員１名による金融商品取引法違反行為に係る裁判所への禁止及び停止命令発出の申立てについて １．申立ての内容等 証券取引等監視委員会が、株式会社ウェルスデザイン（大阪府大阪市、法人番号5120001165643、代表取締役 東畑政徳（ひがしばたまさのり、ビジネスネームとして「赤井正則」及び「赤井政徳」を使用、以下「東畑」という。）、資本金1,000万円、金融商品取引業の登録等はない。以下「当社」という。）に対して金融商品取引法（以下「金商法」という。）第187条第１項に基づく調査を行った結果、下記２．の事実が認められたことから、本日、証券取引等監視委員会は、金商法第192条第１項に基づき、東京地方裁判所に対し、当社及び当社の代表取締役である東畑（当社及び東畑を併せて「当社ら」という。）を被申立人として、金商法違反行為（無登録で、金商法第２条第２項第５号若しくは第６号に掲げる権利について、募集又は私募の取扱いを業として行うこと）の禁止及び停止を命ずるよう申立てを行った。 ２．事実関係 当社は、平成23年８月11日に設立された、フィナンシャルコンサルティング業務、損害保険代理業・自動車損害賠償保障法に基づく保険代理業・生命保険の募集に関する業務等を登記上の目的とする株式会社である。 当社らは、下記（１）及び（２）記載のとおり遅くとも平成23年８月以降、「転ばぬ先の資産づくり」、「誰も教えてくれない貯蓄のお話」等と称する資産運用セミナー等を通じて、一般投資家に対し、海外集団投資スキーム持分に該当する複数の金融商品（以下「本件ファンド」という。）に係る取得勧誘を行っている。 （１）当社らは、金商法29条所定の登録を受けずに、日本国内の投資家に対して、英国王室属領マン島に所在するRL360 Insurance Company Limited（前商号Royal London360、金融商品取引業の登録等はない。以下「RL360社」という。）が組成した「Quantum」、「REGULAR SAVINGS PLAN」（以下「RSP」という。）、「ORACLE」及び「PERSONAL INVESTMENT MANAGEMENT SERVICE」（以下「PIMS」という。）という集団投資スキーム持分（金商法２条２項６号）に該当する海外投資商品について、英国に所在するAsia Wealth Group Holdings Ltd、英国領バージン諸島に所在するMeyer Asset Management Ltd及びタイ王国に所在するMeyer International Ltd（シニアコンサルタント栗栖豊和（ビジネスネームとして「柴田豊和」を使用））（いずれも、代表者リチャード・ケイン（Richard Cayne）、金融商品取引業の登録等はない。以下、３社を総称して「メイヤー・グループ」という。）の関与の下に、取得勧誘を行っている。 なお、「Quantum」及び「RSP」は、出資者が定期的に一定額を拠出し、RL360社が、当該拠出金を、手数料を除いた上で、外部の海外ファンドなどに投資して運用し、満期が到来した際に当該時点における運用財産額が出資者に支払われるものとされている。 また、「ORACLE」及び「PIMS」は、出資者が金銭を一括で拠出し、RL360社が当該拠出金を、手数料を除いた上で、外部の海外ファンドなどに投資して運用し、満期が到来した際に当該時点における運用財産額が出資者に支払われるものとされている。 （２）当社らは金商法29条所定の登録を受けずに、日本人の投資家に対してモーリシャス共和国に所在するProvidence Life Limited, PCC（金融商品取引業の登録等はない。以下「プロビデンス社」という。）が組成した「Compass」及び「Polaris」という集団投資スキーム持分（金商法２条２項６号）に該当する海外投資商品について、メイヤー・グループの関与の下に、取得勧誘を行っているものである。 なお、「Compass」は、出資者が定期的に一定額を拠出し、プロビデンス社が、当該拠出金を、手数料を除いた上で、外部の海外ファンドなどに投資して運用し、満期が到来した際に当該時点における運用財産額が出資者に支払われるものとされている。 また、「Polaris」は、出資者が金銭を一括で拠出し、プロビデンス社が、当該拠出金を、手数料を除いた上で、外部の海外ファンドなどに投資して運用し、満期が到来した際に当該時点における運用財産額が出資者に支払われるものとされている。 当社らは、本件ファンドについて、平成23年８月から令和２年７月までの間に、少なくとも延べ1,125名の一般投資家に対し、少なくとも30億円を出資させている。 当社らの上記行為は、いずれも金商法第28条第２項第２号に規定する「第二種金融商品取引業」に該当し、無登録でこれを行うことは、同法第29条に違反するものである。 当社らは上記違法行為を今後も行う蓋然性が高いことから、これを可及的速やかに禁止・停止させる必要がある。 (クリックすると拡大されます。) (クリックすると拡大されます。) 参考条文 ○第二種金融商品取引業 金融商品取引法(抄) （定義） 第二条 この法律において「有価証券」とは、次に掲げるものをいう。 一～二十一（略） ２（前略）、次に掲げる権利は、証券又は証書に表示されるべき権利以外の権利であっても有価証券とみなして、この法律の規定を適用する。 一～四（略） 五　民法（中略）第六百六十七条第一項に規定する組合契約、商法（中略）第五百三十五条に規定する匿名組合契約、投資事業有限責任組合契約に関する法律（中略）第三条第一項に規定する投資事業有限責任組合契約又は有限責任事業組合契約に関する法律（中略）第三条第一項に規定する有限責任事業組合契約に基づく権利、社団法人の社員権その他の権利（外国の法令に基づくものを除く。）のうち、当該権利を有する者（以下この号において「出資者」という。）が出資又は拠出をした金銭（これに類するものとして政令で定めるものを含む。）を充てて行う事業（以下この号において「出資対象事業」という。）から生ずる収益の配当又は当該出資対象事業に係る財産の分配を受けることができる権利であって、次のいずれにも該当しないもの（略） イ～ニ（略） 六　外国の法令に基づく権利であって、前号に掲げる権利に類するもの 七（略） ３～７（略） ８　この法律において「金融商品取引業」とは、次に掲げる行為（略）のいずれかを業として行うことをいう。 一～八（略） 九　有価証券の募集若しくは売出しの取扱い又は私募若しくは特定投資家向け売付け勧誘等の取扱い 十～十八（略） ９～40（略） 第二十八条 （略） ２　この章において「第二種金融商品取引業」とは、金融商品取引業のうち、次に掲げる行為のいずれかを業として行うことをいう。 一（略） 二　第二条第二項の規定により有価証券とみなされる同項各号に掲げる権利についての同条第八項第一号から第三号まで、第五号、第八号又は第九号に掲げる行為 三・四（略） ３～８（略） （登録） 第二十九条 金融商品取引業は、内閣総理大臣の登録を受けた者でなければ、行うことができない。 ○緊急差止命令に係る申立て 金融商品取引法(抄) （審問等に関する調査のための処分） 第百八十七条 内閣総理大臣又は内閣総理大臣及び財務大臣は、この法律の規定による審問、この法律の規定による処分に係る聴聞又は第百九十二条の規定による申立てについて、必要な調査をするため、当該職員に、次に掲げる処分をさせることができる。 一　関係人若しくは参考人に出頭を命じて意見を聴取し、又はこれらの者から意見書若しくは報告書を提出させること。 二　鑑定人に出頭を命じて鑑定させること。 三　関係人に対し帳簿書類その他の物件の提出を命じ、又は提出物件を留めて置くこと。 四　関係人の業務若しくは財産の状況又は帳簿書類その他の物件を検査すること。 ２（略） （裁判所の禁止又は停止命令） 第百九十二条 裁判所は、次の各号のいずれかに該当すると認めるときは、内閣総理大臣又は内閣総理大臣及び財務大臣の申立てにより、当該各号に定める行為を行い、又は行おうとする者に対し、その行為の禁止又は停止を命ずることができる。 一　緊急の必要があり、かつ、公益及び投資者保護のため必要かつ適当であるとき　この法律又はこの法律に基づく命令に違反する行為 二　第二条第二項第五号若しくは第六号に掲げる権利又は同項第七号に掲げる権利（同項第五号又は第六号に掲げる権利と同様の経済的性質を有するものとして政令で定める権利に限る。）に関し出資され、又は拠出された金銭（これに類するものとして政令で定めるものを含む。）を充てて行われる事業に係る業務執行が著しく適正を欠き、かつ、現に投資者の利益が著しく害されており、又は害されることが明白である場合において、投資者の損害の拡大を防止する緊急の必要があるとき　これらの権利に係る同条第八項第七号から第九号までに掲げる行為 ２～４（略） 第百九十八条 次の各号のいずれかに該当する者は、三年以下の懲役若しくは三百万円以下の罰金に処し、又はこれを併科する。 一～七（略） 八　第百九十二条第一項又は第二項の規定による裁判所の命令に違反した者 第二百七条 法人（略）の代表者又は法人若しくは人の代理人、使用人その他の従業者が、その法人又は人の業務又は財産に関し、次の各号に掲げる規定の違反行為をしたときは、その行為者を罰するほか、その法人に対して当該各号に定める罰金刑を、その人に対して各本条の罰金刑を科する。 一・二（略） 三　第百九十八条（略）又は第百九十八条の三から第百九十八条の五まで　三億円以下の罰金刑 四～六（略） ２・３（略）"
2020-11-04,大和重工株式会社,,大和重工株式に係る相場操縦に対する課徴金納付命令の勧告について,https://www.fsa.go.jp/sesc/news/c_2020/2020/20201104-1.html,"English version 令和２年11月4日 証券取引等監視委員会 大和重工株式に係る相場操縦に対する課徴金納付命令の勧告について １．勧告の内容 証券取引等監視委員会は、大和重工株式に係る相場操縦について検査した結果、下記のとおり法令違反の事実が認められたので、本日、内閣総理大臣及び金融庁長官に対して、金融庁設置法第２０条第１項の規定に基づき、課徴金納付命令を発出するよう勧告を行った。 ２．法令違反の事実関係 課徴金納付命令対象者は、大和重工株式会社（以下「大和重工」という。）の株式につき、同株式の売買を誘引する目的をもって、別表記載のとおり、平成３１年３月１８日午前９時頃から同年４月２日午後１時５９分頃までの間、１１取引日にわたり、成行または高指値の買い注文を発注して、他の投資者が発注した売り注文を買い付けることにより直前の約定値より株価を引き上げたり、下値に複数の買い注文を重層的に発注したりするなどの方法により、同株式合計２万４５００株の買付けの委託を行うとともに、同株式合計３万４９００株を買い付ける一方、同株式合計３万１６００株を売り付け、もって、自己の計算において、同株式の売買が繁盛であると誤解させ、かつ、同株式の相場を変動させるべき一連の売買をしたものである。 違反行為事実の概要については、 別図 のとおり。 課徴金納付命令対象者が行った上記の行為は、金融商品取引法第１７４条の２第１項に規定する「第１５９条第２項第１号の規定に違反する一連の有価証券売買等」に該当すると認められる。 ３．課徴金の額の計算 上記の違反行為に対し金融商品取引法に基づき納付を命じられる課徴金の額は、９０６万円である。 計算方法の詳細については、 別紙１ 及び 別紙２ のとおり。 ４．その他 本件については、日本取引所自主規制法人より提供された情報も参考として、実態解明を行ったものである。 （別表） ○違反行為状況 （クリックすると拡大されます） （別図） ○違反行為事実の概要について （クリックすると拡大されます） （別紙１） ○課徴金の額の計算方法について 別表 の違反行為に係る課徴金の額の計算の基礎は以下のとおりである。 １．金融商品取引法第１７４条の２第１項の規定により、当該違反行為に係る課徴金の額は、 (1) 当該違反行為に係る有価証券の売買対当数量に係るものについて、自己の計算による当該有価証券の売付け等の価額から、自己の計算による当該有価証券の買付け等の価額を控除した額 及び (2) 当該違反行為に係る自己の計算による有価証券の買付け等の数量が、当該違反行為に係る自己の計算による有価証券の売付け等の数量を超える場合、当該違反行為が終了してから１月を経過するまでの間の各日における当該違反行為に係る有価証券の売付け等についての金融商品取引法第６７条の１９又は第１３０条に規定する最高の価格のうち最も高い価格に当該超える数量を乗じて得た額から当該超える数量に係る有価証券の買付け等の価額を控除した額 の合計額として算定。 ２．上記１．で算定された課徴金の額につき、金融商品取引法第１７６条第２項の規定により１万円未満の端数を切り捨てて算定。 以上につき、 別紙２ のとおり。 （別紙２） 別表 に掲げる事実につき (1) 当該違反行為に係る自己の計算による有価証券の売付け等の数量は、31,600株であり、当該違反行為に係る自己の計算による有価証券の買付け等の数量は、実際の買付け等の数量34,900株に、金融商品取引法第１７４条の２第８項及び金融商品取引法施行令第３３条の１３第１号の規定により、違反行為の開始時にその時における価格（950円）で買付け等を自己の計算においてしたものとみなされる当該違反行為の開始時に所有している有価証券の数量13,700株を加えた48,600株であることから、 ア．当該違反行為に係る有価証券の売買対当数量（31,600株）に係るものについて、自己の計算による当該有価証券の売付け等の価額から、自己の計算による当該有価証券の買付け等の価額を控除した額 （1,285円×3,100株＋1,286円×800株＋1,287円×200株＋1,291円×300株 ＋1,296円×100株＋1,300円×5,500株＋1,301円×400株＋1,305円×100株 ＋1,306円×500株＋1,307円×100株＋1,309円×100株＋1,310円×400株 ＋1,311円×200株＋1,312円×100株＋1,313円×200株＋1,315円×200株 ＋1,318円×100株＋1,320円×200株＋1,325円×500株＋1,327円×500株 ＋1,328円×200株＋1,331円×200株＋1,333円×300株＋1,350円×400株 ＋1,352円×100株＋1,353円×100株＋1,355円×1,300株＋1,356円×200株 ＋1,357円×500株＋1,365円×100株＋1,368円×300株＋1,370円×300株 ＋1,375円×1,300株＋1,376円×200株＋1,400円×200株＋1,401円×300株 ＋1,410円×300株＋1,423円×300株＋1,428円×300株＋1,435円×1,000株 ＋1,451円×200株＋1,480円×1,100株＋1,482円×600株＋1,484円×100株 ＋1,485円×100株＋1,486円×100株＋1,490円×200株＋1,500円×300株 ＋1,501円×100株＋1,509円×300株＋1,515円×400株＋1,516円×100株 ＋1,518円×100株＋1,520円×200株＋1,525円×200株＋1,532円×800株 ＋1,550円×200株＋1,557円×600株＋1,558円×200株＋1,560円×100株 ＋1,561円×200株＋1,575円×500株＋1,576円×100株＋1,579円×100株 ＋1,580円×100株＋1,597円×2,100株＋1,625円×1,000株） －（950円×13,700株＋963円×100株＋964円×100株＋965円×100株 ＋971円×100株＋972円×300株＋982円×100株＋983円×100株 ＋1,007円×100株＋1,008円×100株＋1,009円×100株 ＋1,010円×100株＋1,014円×600株＋1,016円×200株 ＋1,018円×1,100株＋1,019円×300株＋1,020円×1,100株 ＋1,023円×1,100株＋1,073円×100株＋1,263円×100株 ＋1,264円×100株＋1,278円×300株＋1,279円×100株 ＋1,283円×100株＋1,284円×300株＋1,285円×100株 ＋1,289円×100株＋1,290円×100株＋1,292円×100株 ＋1,294円×100株＋1,295円×100株＋1,296円×200株 ＋1,297円×300株＋1,299円×100株＋1,300円×400株 ＋1,301円×700株＋1,302円×100株＋1,303円×100株 ＋1,304円×300株＋1,305円×100株＋1,306円×300株 ＋1,307円×100株＋1,308円×1,000株＋1,309円×300株 ＋1,310円×300株＋1,312円×100株＋1,313円×200株 ＋1,314円×300株＋1,315円×100株＋1,319円×300株 ＋1,320円×300株＋1,322円×100株＋1,324円×100株 ＋1,325円×300株＋1,329円×200株＋1,330円×300株 ＋1,331円×100株＋1,334円×300株＋1,335円×300株 ＋1,336円×100株＋1,340円×200株＋1,343円×100株 ＋1,344円×100株＋1,345円×100株＋1,348円×100株 ＋1,349円×200株＋1,351円×200株＋1,353円×100株 ＋1,373円×100株＋1,375円×100株＋1,382円×100株 ＋1,384円×100株＋1,386円×200株＋1,390円×100株 ＋1,391円×100株＋1,398円×100株＋1,510円×100株 ＋1,529円×100株＋1,530円×100株＋1,540円×200株 ＋1,580円×100株＋1,589.9円×100株＋1,590円×100株 ＋1,600円×200株＋1,609.9円×100株） ＝ 9,066,920円 及び イ．当該違反行為に係る自己の計算による有価証券の買付け等の数量（48,600株）が、当該違反行為に係る自己の計算による有価証券の売付け等の数量（31,600株）を超えていることから、当該違反行為が終了してから１月を経過するまでの間の各日における当該違反行為に係る有価証券の売付け等についての金融商品取引法第６７条の１９又は第１３０条に規定する最高の価格のうち最も高い価格（1,294円）に当該超える数量17,000株（買付け等の数量48,600株－売付け等の数量31,600株）を乗じて得た額から、当該超える数量に係る有価証券の買付け等の価額を控除した額 （1,294円×17,000株） －（1,279円×100株＋1,303円×100株＋1,308円×400株＋1,309円×100株 ＋1,310円×100株＋1,314円×100株＋1,315円×200株＋1,316円×100株 ＋1,319円×100株＋1,320円×200株＋1,323円×100株＋1,325円×100株 ＋1,327円×100株＋1,328円×100株＋1,334円×100株＋1,335円×100株 ＋1,345円×100株＋1,348円×100株＋1,350円×100株＋1,365円×100株 ＋1,367円×100株＋1,375円×100株＋1,377円×100株＋1,398円×200株 ＋1,399円×100株＋1,401円×100株＋1,404円×100株＋1,405円×100株 ＋1,412円×200株＋1,413円×200株＋1,415円×100株＋1,418円×300株 ＋1,419円×100株＋1,420円×100株＋1,424円×100株＋1,425円×100株 ＋1,428円×100株＋1,437円×100株＋1,438円×100株＋1,440円×100株 ＋1,444円×100株＋1,445円×100株＋1,449円×100株＋1,450円×300株 ＋1,453円×100株＋1,454円×100株＋1,455円×100株＋1,459円×200株 ＋1,460円×200株＋1,462円×200株＋1,463円×100株＋1,465円×100株 ＋1,466円×100株＋1,467円×100株＋1,468円×100株＋1,469円×100株 ＋1,471円×100株＋1,474円×100株＋1,475円×100株＋1,480円×200株 ＋1,482円×100株＋1,483円×200株＋1,484円×100株＋1,487円×100株 ＋1,488円×100株＋1,489円×200株＋1,490円×100株＋1,491円×200株 ＋1,493円×100株＋1,494円×100株＋1,495円×400株＋1,499円×200株 ＋1,500円×700株＋1,502円×100株＋1,503円×100株＋1,507円×100株 ＋1,511円×100株＋1,513円×100株＋1,516円×100株＋1,517円×100株 ＋1,519円×500株＋1,520円×200株＋1,522円×100株＋1,524円×100株 ＋1,525円×100株＋1,527円×100株＋1,529円×100株＋1,536円×600株 ＋1,540円×100株＋1,541円×100株＋1,542円×100株＋1,544円×400株 ＋1,545円×200株＋1,547円×300株＋1,548円×100株＋1,549円×200株 ＋1,550円×300株＋1,555円×300株＋1,557円×300株＋1,559円×100株 ＋1,560円×600株＋1,568円×100株＋1,569円×100株＋1,570円×400株 ＋1,575円×100株＋1,576円×100株＋1,579円×100株＋1,587円×100株 ＋1,590円×100株＋1,597円×100株） ＝ ▲3,018,700円 注 （注）上記イの課徴金額が零を下回る場合には、零とする（金融商品取引法第１７４条の２第１項第２号ロ）。 の合計額9,066,920円となる。 (2) 金融商品取引法第１７６条第２項の規定により、上記(1)で計算した額の１万円未満の端数を切捨て、9,060,000円となる。"
2020-10-20,石垣食品株式会社,,石垣食品株式会社における有価証券報告書等の虚偽記載に係る課徴金納付命令勧告について,https://www.fsa.go.jp/sesc/news/c_2020/2020/20201020-2.html,"English version 令和２年10月20日 証券取引等監視委員会 石垣食品株式会社における有価証券報告書等の虚偽記載に係る課徴金納付命令勧告について １．勧告の内容 証券取引等監視委員会は、石垣食品株式会社（法人番号6010001010603）（以下「当社」という。）における金融商品取引法に基づく開示規制の違反について検査した結果、以下のとおり法令違反の事実が認められたので、本日、内閣総理大臣及び金融庁長官に対して、金融庁設置法第20条第１項の規定に基づき、課徴金納付命令を発出するよう勧告を行った。 ２．法令違反の事実関係 当社は、子会社において、適切な期間に費用を認識しないこと等による不適正な会計処理を行った。 この結果、当社は、関東財務局長に対し、以下のとおり、金融商品取引法第172条の４第１項及び第２項に規定する「重要な事項につき虚偽の記載」がある以下の有価証券報告書及び四半期報告書を提出した（「重要な事項につき虚偽の記載」の内容は別紙１の表の１及び２のとおり）。 ・平成29年12月第３四半期四半期報告書（平成30年２月14日提出） ・平成30年３月期有価証券報告書（平成30年６月28日提出） ３．課徴金の額の計算 上記の違法行為について金融商品取引法に基づき算定される課徴金の額は、600万円である（計算方法については別紙２のとおり。）。 【別紙１】有価証券報告書の虚偽記載内容 番号 対象書類 虚偽記載 提出日 書類 会計期間 記載項目 主な内容（注） 主な事由 １ 平成30年２月14日 第61期第３四半期（平成29年10月１日～同年12月31日）に係る四半期報告書 平成29年４月１日～同年12月31日の第３四半期連結累計期間 四半期 連結損益 計算書 営業利益が ▲11,675千円であるところを 7,103千円と記載 経常利益が ▲12,956千円であるところを 5,823千円と記載 ・費用の過少計上 ２ 平成30年６月28日 第61期（平成29年４月１日～平成30年３月31日）に係る有価証券報告書 平成29年４月１日～平成30年３月31日の連結会計期間 連結損益 計算書 営業利益が ▲34,106千円であるところを 16,221千円と記載 経常利益が ▲39,430千円であるところを 10,896千円と記載 ・費用の過少計上 （注）金額は千円未満切捨てである。 【別紙２】課徴金の計算方法 金融商品取引法第172条の４第１項及び第２項の規定により、平成29年12月第３四半期四半期報告書及び平成30年３月期有価証券報告書ごとに算出した額（以下「個別決定ごとの算出額」という。）は、 ア　当社が発行する算定基準有価証券の市場価額の総額に10万分の６を乗じて得た下記の額 平成29年12月第３四半期四半期報告書　　　 40,337円 平成30年３月期有価証券報告書　　　　　　  39,206円 が、いずれも イ　6,000,000円 を超えないことから、 ・平成29年12月第３四半期四半期報告書については、6,000,000円の２分の１に相当する額である3,000,000円、 ・平成30年３月期有価証券報告書については、6,000,000円、 となる。 ここで、これらの開示書類が同一の事業年度に係るものであることから、金融商品取引法第185条の７第６項の規定により、6,000,000円を個別決定ごとの算出額に応じて按分した下記の金額が、これらの開示書類に係る課徴金の額となる。 ・平成29年12月第３四半期四半期報告書に係る課徴金の額は、2,000,000円 ・平成30年３月期有価証券報告書に係る課徴金の額は、4,000,000円"
2020-10-20,ソフトマックス株式会社,3671,ソフトマックス株式会社の役員から伝達を受けた者による内部者取引に対する課徴金納付命令の勧告について,https://www.fsa.go.jp/sesc/news/c_2020/2020/20201020-1.html,"English version 令和2年10月20日 証券取引等監視委員会 ソフトマックス株式会社の役員から伝達を受けた者による内部者取引に対する課徴金納付命令の勧告について １．勧告の内容 証券取引等監視委員会は、ソフトマックス株式会社の役員から伝達を受けた者による内部者取引について検査した結果、下記のとおり法令違反の事実が認められたので、本日、内閣総理大臣及び金融庁長官に対して、金融庁設置法第２０条第１項の規定に基づき、課徴金納付命令を発出するよう勧告を行った。 ２．法令違反の事実関係 課徴金納付命令対象者は、ソフトマックス株式会社（以下「ソフトマックス」という。）の役員から、同人がその職務に関し知った、ソフトマックスの業務執行を決定する機関が、株式の分割を行うことについての決定をした旨の重要事実の伝達を受けながら、前記重要事実が公表された令和元年６月７日午後３時頃より前の同日午前１１時８分頃、自己の計算において、ソフトマックス株式合計１７５株を買付価額合計４７万６６７５円で買い付けたものである。 違反行為事実の概要については、 別図 のとおり。 課徴金納付命令対象者が行った上記の行為は、金融商品取引法第１７５条第１項に規定する「第１６６条第１項又は第３項の規定に違反して、同条第１項に規定する売買等をした」行為に該当すると認められる。 ３．課徴金の額の計算 上記の違反行為に対し、金融商品取引法に基づき納付を命じられる課徴金の額は、２７万円である。 計算方法の詳細については、 別紙 のとおり。 ４．その他 本件については、日本取引所自主規制法人より提供された情報も参考として、実態解明を行ったものである。 （別図） ○違反行為事実の概要について （クリックすると拡大されます） （別紙） 〇課徴金の額の計算について (1) 金融商品取引法第１７５条第１項第２号の規定により、当該有価証券の買付けについて、業務等に関する重要事実の公表がされた後２週間における最も高い価格（4,280円）に自己の計算による当該有価証券の買付けの数量 注１ を乗じて得た額から、当該有価証券の買付けをした価格にその数量を乗じて得た額を控除した額。 （4,280円×175株 注１ ） －｛（2,710円×100株＋2,715円×100株＋2,718円×100株＋2,727円×100株＋2,728円×100株＋2,729円×100株＋2,740円×100株）×（175株／700株）｝ ＝272,325円 （注１）自己の計算による買付けの数量は、自己及び自己以外の者の計算による買付けの数量700株に、自己の計算による買付けの額476,675円／自己及び自己以外の者の計算による買付けの額1,906,700円を乗じて得た数量（175株）。 (2) 金融商品取引法第１７６条第２項の規定により、上記(1)で計算した額の１万円未満の端数を切捨て。"
2020-09-17,,,「証券モニタリングに関する基本指針」の一部改正（案）に対するパブリックコメントの結果等について,https://www.fsa.go.jp/sesc/news/c_2020/2020/20200917-1.html,令和２年９月17日 証券取引等監視委員会 「証券モニタリングに関する基本指針」の一部改正（案）に対するパブリックコメントの結果等について 証券取引等監視委員会では、 「証券モニタリングに関する基本指針」の一部改正（案） につきまして、令和２年８月４日（火）から令和２年９月３日（木）にかけて公表し、広く意見の募集を行いました。 その結果、意見はございませんでした。本件について御検討いただいた皆様には、御協力いただきありがとうございました｡ 本日付で、「証券モニタリングに関する基本指針」を 別紙 のとおり改正、発出し、本日から適用いたします。 お問い合わせ先 Tel　03-3506-6000（代表） 証券取引等監視委員会事務局証券検査課（内線： 3032、3051） （別紙） 「証券モニタリングに関する基本指針」（新旧対照表）
2020-09-11,株式会社東京証券取引所,,さいか屋株式に係る相場操縦に対する課徴金納付命令の勧告について,https://www.fsa.go.jp/sesc/news/c_2020/2020/20200911-2.html,"English version 令和２年９月１１日 証券取引等監視委員会 さいか屋株式に係る相場操縦に対する課徴金納付命令の勧告について １．勧告の内容 証券取引等監視委員会は、さいか屋株式に係る相場操縦について検査した結果、下記のとおり法令違反の事実が認められたので、本日、内閣総理大臣及び金融庁長官に対して、金融庁設置法第２０条第１項の規定に基づき、課徴金納付命令を発出するよう勧告を行った。 ２．法令違反の事実関係 課徴金納付命令対象者は、株式会社さいか屋株式の相場を、株式会社東京証券取引所が定める上場廃止基準を超える水準に安定させる目的をもって、別表記載のとおり、平成３１年１月９日午前９時４８分頃から同月３１日午前１０時５１分頃までの間、１６取引日にわたり、大口の高指値買い注文を発注することにより、他の投資者が発注していた売り注文を買い付けることで直前の約定値より株価を引き上げるとともに、その後に他の投資者が発注した売り注文と同買い注文とが順次約定することで同指値未満に株価が下落することを阻止するなどし、同株式合計６万９５００株の買付けの委託を行うとともに、同株式合計２万２７００株を買い付け、そのうち、自己の計算において、同株式合計６万９２００株の買付けの委託を行うとともに、同株式合計２万８００株を買い付け、もって、同株式の相場を安定させる目的をもって、一連の売買及び委託をしたものである。 違反行為事実の概要については、 別図 のとおり。 課徴金納付命令対象者が行った上記の行為は、金融商品取引法第１７４条の３第１項に規定する「第１５９条第３項の規定に違反する一連の有価証券売買等」に該当すると認められる。 ３．課徴金の額の計算 上記の違反行為に対し金融商品取引法に基づき納付を命じられる課徴金の額は、１３３４万円である。 計算方法の詳細については、 別紙１ 及び 別紙２ のとおり。 ４．その他 本件については、日本取引所自主規制法人より提供された情報も参考として、実態解明を行ったものである。 （別表） ○違反行為状況 （クリックすると拡大されます） （別図） ○違反行為事実の概要について （クリックすると拡大されます） （別紙１） ○課徴金の額の計算方法について 別表 の違反行為に係る課徴金の額の計算の基礎は以下のとおりである。 １．金融商品取引法第１７４条の３第１項の規定により、当該違反行為に係る課徴金の額は、 (1) 当該違反行為に係る自己の計算による有価証券の売付け等の価額から、当該違反行為に係る自己の計算による有価証券の買付け等の価額を控除した額 及び (2) 当該違反行為の開始時における当該違反行為に係る上場金融商品等又は店頭売買有価証券についての当該違反者の買付等数量が売付等数量を超える場合、当該上場金融商品等又は店頭売買有価証券に係る有価証券の売付け等の当該違反行為中の価格から当該上場金融商品等又は店頭売買有価証券に係る有価証券の売付け等の当該違反行為後の価格を控除した額に当該超える数量を乗じて得た額。 の合計額として算定。 ２．上記１．で算定された課徴金の額につき、金融商品取引法第１７６条第２項の規定により１万円未満の端数を切り捨てて算定。 以上につき、 別紙２ のとおり。 （別紙２） 別表 に掲げる事実につき (1) 当該違反行為に係る自己の計算による有価証券の売付け等の数量は、当該違反行為期間中に係る自己の計算による有価証券の売付け等の数量0株に、金融商品取引法施行令第３３条の１４の８第５項の規定により、当該違反行為に係るものとみなされる、違反行為が終了した日から１月以内に違反者が自己の計算において行った有価証券の売付け等の数量0株を加えた0株であり、 当該違反行為に係る自己の計算による有価証券の買付け等の数量は、当該違反行為期間中に係る自己の計算による有価証券の買付け等の数量20,800株に、同項の規定により、当該違反行為に係るものとみなされる、違反行為が終了した日から１月以内に違反者が自己の計算において行った有価証券の買付け等の数量0株を加えた20,800株であり、 当該違反行為に係る自己の計算による有価証券の売付け等の数量0株と自己の計算による買付け等の数量20,800株のうち、いずれか少ない数量（0株）を超える数量（20,800株）に係るものは、金融商品取引法施行令第３３条の１４の８第６項の規定により、違反行為に係るものに該当しないものとみなすことから、 ア．当該違反行為に係る有価証券の売買数量が0株となり、0円。 及び イ．当該違反行為の開始時における買付等数量（630,000株）が売付等数量（0株）を超えていることから、当該有価証券の売付け等の当該違反行為中の価格（341.39円 注１ ）から当該有価証券の売付け等の当該違反行為後の価格（320.21円 注２ ）を控除した額に当該超える数量630,000株（買付等数量630,000株－売付等数量0株）を乗じて得た額。 （341.39円－320.21円）×630,000株 ＝ 13,348,484.21円 注３ の合計額13,348,484.21円となる。 （注１） 違反行為の開始時から終了時までの間の各日において、金融商品取引所又は認可金融商品取引業協会が公表した最終の価格のうち、最も高いものの合計額を当該最終の価格が公表された日の数で除して得た額（金融商品取引法第六章の二の規定による課徴金に関する内閣府令第1条の18第2項） （注２） 違反行為が終了してから一月を経過するまでの間の各日において、金融商品取引所又は認可金融商品取引業協会が公表した最終の価格のうち、最も高いものの合計額を当該最終の価格が公表された日の数で除して得た額（同令第1項） （注３） （注１）、（注２）及び（注３）における実際の計算は小数点を切り捨てることなく行っているが、表示上は小数点第3位以下を四捨五入し、小数点第2位としているため、表示上の数字を用いて計算した結果と差異が生じる。 (2) 金融商品取引法第１７６条第２項の規定により、上記(1)で計算した額の１万円未満の端数を切捨て、13,340,000円となる。"
2020-09-11,合同会社ＧＰＪベンチャーキャピタル及びそ,,合同会社ＧＰＪベンチャーキャピタル及びその代表社員等２名による金融商品取引法違反行為に係る裁判所の禁止及び停止命令の発令について,https://www.fsa.go.jp/sesc/news/c_2020/2020/20200911-3.html,English version 令和2年9月11日 証券取引等監視委員会 合同会社ＧＰＪベンチャーキャピタル及びその代表社員等２名による金融商品取引法違反行為に係る裁判所の禁止及び停止命令の発令について 証券取引等監視委員会が、令和２年３月13日に行った合同会社ＧＰＪベンチャーキャピタル（東京都中央区、法人番号7010003019930、代表社員 松橋知朗（まつはしともあき、以下「松橋」という。）、資本金8000万円、金融商品取引業の登録等はない。以下「当社」という。）並びに当社の代表社員である松橋及び当社の専務執行役員である渡邉貴文に対する金融商品取引法違反行為（無登録で、金融商品取引法第２条第２項第５号又は第６号に掲げる権利について、募集又は私募の取扱いを業として行うこと）の禁止及び停止を命ずるよう求める申立てについて、本日、東京地方裁判所より、申立ての内容どおり、下記の命令が下された。 記 被申立人らは、いずれも、金融商品取引法29条所定の登録（ただし、業務の種別を第二種金融商品取引業とするもの）その他同法所定の適式の登録を受けずに、同法２条２項５号又は６号に掲げる権利について、募集又は私募の取扱いを業として行ってはならない。 （参考１） 合同会社ＧＰＪベンチャーキャピタル及びその代表社員等２名による金融商品取引法違反行為に係る裁判所への禁止及び停止命令発出の申立てについて （参考２） 合同会社ＧＰＪベンチャーキャピタル及びその代表社員等２名による金融商品取引法違反行為に係る裁判所の禁止及び停止命令申立ての一部取下げについて なお、上記「（参考２）」のとおり、本申立ては、将来の行為の差止めを目的とするものであるため、証券取引等監視委員会は申立ての一部を取り下げたところであるが、当委員会は、令和２年４月３０日までに当社が従業員に行わせていた社員権の取得勧誘は、金融商品取引法違反行為（無登録金融商品取引業）に該当するとの見解を変えておらず、また、当初の申立て内容に誤りはない。 また、証券取引等監視委員会は、当社の行う当該合同会社の社員権の取得勧誘が金融商品取引法違反に当たらないことを保証するものではなく、又、当該合同会社の社員権について何らの保証も与えるものではない。
2020-08-07,,,「開示検査事例集」の公表について,https://www.fsa.go.jp/sesc/jirei/kaiji/20200807-1.html,"令和２年８月７日 証券取引等監視委員会 「開示検査事例集」の公表について 証券取引等監視委員会は、令和２年度版の「 開示検査事例集 （PDF:2,968KB） 」を取りまとめましたので、公表します。 「開示検査事例集」は、適正な情報開示に向けた市場関係者の自主的な取組みを促す観点から、証券取引等監視委員会による開示検査の最近の取組みや開示検査によって判明した開示規制違反の内容、その背景・原因及び是正策等の概要を取りまとめたもので、毎年公表しています。 今般公表しました令和２年度版の「開示検査事例集」では、新たに、令和元年７月から本年６月までの間に開示検査を終了し、開示規制違反について課徴金納付命令勧告を行った事例、課徴金納付命令勧告は行わなかったものの、開示規制違反の背景・原因について会社と共有した上で、適正な情報開示に向けた体制の整備等を促した事例等について、その概要をご紹介しています。また、大幅に増設した「監視委コラム」では、開示実務において参考にしていただけるよう、最近の開示検査を通じてクローズアップされた開示制度や会計基準のほか、不正会計の実態等について解説しています。 この「開示検査事例集」を通じて、上場会社、会計監査人や投資家の皆さんに、開示規制違反の手法、背景・原因等や証券取引等監視委員会の取組みについてご理解いただいた上で、上場会社とその会計監査人である公認会計士・監査法人とのコミュニケーションや上場会社とその投資家の皆さんとの対話を活発に行っていただくことによって、適正な情報開示が積極的に行われることを期待しています。 過去の課徴金事例集はこちら"
2020-09-11,北川工業株式会社,,公開買付者の役員から伝達を受けた者及び公開買付者との契約締結者から伝達を受けた者による北川工業株式会社株式に係る内部者取引に対する課徴金納付命令の勧告について,https://www.fsa.go.jp/sesc/news/c_2020/2020/20200911-1.html,"English version 令和２年９月１１日 証券取引等監視委員会 公開買付者の役員から伝達を受けた者及び公開買付者との契約締結者から伝達を受けた者による北川工業株式会社株式に係る内部者取引に対する課徴金納付命令の勧告について １．勧告の内容 証券取引等監視委員会は、公開買付者の役員から伝達を受けた者及び公開買付者との契約締結者から伝達を受けた者による北川工業株式会社株式に係る内部者取引について検査した結果、下記のとおり法令違反の事実が認められたので、本日、内閣総理大臣及び金融庁長官に対して、金融庁設置法第２０条第１項の規定に基づき、課徴金納付命令を発出するよう勧告を行った。 ２．法令違反の事実関係 （１）課徴金納付命令対象者（１）について 課徴金納付命令対象者（１）は、日東工業株式会社（以下「日東工業」という。）の役員である甲から、同人がその職務に関し知った、日東工業の業務執行を決定する機関が、北川工業株式会社（以下「北川工業」という。平成３１年３月２２日上場廃止）株式の公開買付けを行うことについての決定をした旨の公開買付けの実施に関する事実の伝達を受けながら、前記事実が公表された平成３０年１１月５日より前の同月１日、自己の計算において、北川工業株式合計１０００株を買付価額合計１５６万３６００円で買い付けたものである。 違反行為事実の概要については、 別図 のとおり。 課徴金納付命令対象者（１）が行った上記の行為は、金融商品取引法第１７５条第２項に規定する「第１６７条第１項又は第３項の規定に違反して、同条第１項に規定する特定株券等若しくは関連株券等に係る買付け等」をした行為に該当すると認められる。 （２）課徴金納付命令対象者（２）について 課徴金納付命令対象者（２）は、日東工業と、文書開示に係る契約を締結していたＡ社に社員として勤務していた乙から、同人がその契約の締結に関し知った、日東工業の業務執行を決定する機関が、北川工業株式の公開買付けを行うことについての決定をした旨の公開買付けの実施に関する事実の伝達を受けながら、前記事実が公表された平成３０年１１月５日より前の同年１０月３１日及び同年１１月１日に、自己の計算において、北川工業株式合計１０００株を買付価額合計１５３万５０００円で買い付けたものである。 違反行為事実の概要については、 別図 のとおり。 課徴金納付命令対象者（２）が行った上記の行為は、金融商品取引法第１７５条第２項に規定する「第１６７条第１項又は第３項の規定に違反して、同条第１項に規定する特定株券等若しくは関連株券等に係る買付け等」をした行為に該当すると認められる。 ３．課徴金の額の計算 上記の違反行為に対し、金融商品取引法に基づき納付を命じられる課徴金の額は、下記のとおりである。 課徴金納付命令対象者（１）２３５万円 課徴金納付命令対象者（２）２３８万円 計算方法の詳細については、 別紙 のとおり。 ４．その他 本件については、名古屋証券取引所より提供された情報も参考として、実態解明を行ったものである。 （別図） ○違反行為事実の概要について （クリックすると拡大されます） （別紙） ○課徴金の額の計算方法について １． 課徴金納付命令対象者（１）について （１）金融商品取引法第１７５条第２項第２号の規定により、当該有価証券の買付けについて、公開買付け等の実施に関する事実の公表がされた後２週間における最も高い価格（3,920円）に当該有価証券の買付けの数量を乗じて得た額から当該有価証券の買付けをした価格にその数量を乗じて得た額を控除した額。 （3,920円×1,000株） －（1,558円×600株＋1,560円×100株＋1,575円×200株＋1,578円×100株） ＝2,356,400円 （２）金融商品取引法第１７６条第２項の規定により、上記（１）で計算した額の１万円未満の端数を切捨て。 ２． 課徴金納付命令対象者（２）について （１）金融商品取引法第１７５条第２項第２号の規定により、当該有価証券の買付けについて、公開買付け等の実施に関する事実の公表がされた後２週間における最も高い価格（3,920円）に当該有価証券の買付けの数量を乗じて得た額から当該有価証券の買付けをした価格にその数量を乗じて得た額を控除した額。 （3,920円×1,000株） －（1,515円×500株＋1,555円×500株） ＝2,385,000円 （２）金融商品取引法第１７６条第２項の規定により、上記（１）で計算した額の１万円未満の端数を切捨て。"
2020-08-04,,,「令和２事務年度　証券モニタリングに関する基本方針」の公表について,https://www.fsa.go.jp/sesc/news/c_2020/2020/20200804-1.html,令和２年８月４日 証券取引等監視委員会 「令和２事務年度　証券モニタリング基本方針」について 証券取引等監視委員会では、「令和２事務年度　証券モニタリング基本方針」を別紙のとおり策定しましたので公表いたします。 （別紙） 令和２事務年度　証券モニタリング基本方針（PDF/303KB） （ 英語版(PDF/177KB) ） ポイント（PDF/741KB） （ 英語版(PDF/97KB) ） お問い合わせ先 証券取引等監視委員会事務局証券検査課 Tel　03-3506-6000（代表）（内線：3032、3051）
2020-08-07,合同会社ＧＰＪベンチャーキャピタル及びそ,,合同会社ＧＰＪベンチャーキャピタル及びその代表社員等２名による金融商品取引法違反行為に係る裁判所の禁止及び停止命令申立ての一部取下げについて,https://www.fsa.go.jp/sesc/news/c_2020/2020/20200807-1.html,令和２年８月７日 証券取引等監視委員会 合同会社ＧＰＪベンチャーキャピタル及びその代表社員等２名による金融商品取引法違反行為に係る裁判所の禁止及び停止命令申立ての一部取下げについて 証券取引等監視委員会が令和２年３月13日に行った、合同会社ＧＰＪベンチャーキャピタル（東京都中央区、以下「当社」という。）並びに当社代表社員及び当社専務執行役員に対する金融商品取引法（以下「金商法」という。）違反行為（無登録で、金商法第２条第２項第３号又は第５号若しくは第６号に掲げる権利について、募集又は私募の取扱いを業として行うこと）の禁止及び停止を命ずるよう求める申立て（以下「本申立て」という。）につき、令和２年内閣府令第35号（令和２年５月１日施行。以下「本改正府令」という。）により、金商法第二条に規定する定義に関する内閣府令第14条第３項第２号が改正されたことにより、合同会社の社員権が特定有価証券に該当しない場合、当社が行う当該合同会社の社員権の取得勧誘については金融商品取引業登録が不要となったことを踏まえ、証券取引等監視委員会は、本改正府令施行後においても本申立ての一部（被申立人らが、無登録で、金商法第２条第２項第３号に掲げる権利について、募集又は私募の取扱いを業として行うことの禁止又は停止を裁判所が命ずることを求める申立て）をなお維持すべきかどうかを検討し、本日、当該本申立ての一部を取り下げた。 なお、本申立ての残部（被申立人らが、無登録で、金商法第２条第２項第５号又は第６号に掲げる権利について、募集又は私募の取扱いを業として行うことの禁止又は停止を裁判所が命ずることを求める申立て）についての審理は係属中である。 （参考） 合同会社ＧＰＪベンチャーキャピタル及びその代表社員等２名による金融商品取引法違反行為に係る裁判所への禁止及び停止命令発出の申立てについて
2020-08-04,,,「証券モニタリングに関する基本指針」の一部改正（案）の公表について,https://www.fsa.go.jp/sesc/news/c_2020/2020/20200804-2.html,令和２年８月４日 証券取引等監視委員会 「証券モニタリングに関する基本指針」の一部改正（案）の公表について 証券取引等監視委員会（以下「証券監視委」という。）では、証券監視委及び財務局等が実施するオンサイト・モニタリング（法令に基づくオンサイトによる検査を指す。）に係る基本的な手続きを定めた「証券モニタリングに関する基本指針」（以下「基本指針」という。）を策定し、公表しているところですが、今般、基本指針について、 別紙 のとおり改正（案）を取りまとめましたので、公表いたします。 １．主な改正の概要 （１）検査関係情報に「検査着手の事実」が含まれることの明確化。 （２）検査に係る提出書類について、役員等の氏名に旧姓の記載ができることの明確化。 （３）意見申出制度について、法令解釈等は意見申出制度の対象外であること等の明確化。 （４）検査モニター制度について、意見受付期間等の変更。 （５）検査の流れに沿った章立てに組み換えその他所要の見直しを実施。 具体的な内容については （別紙） を御参照ください。 ２．適用期日 改正の日から適用する。 この案について御意見がありましたら、 令和２年９月３日（木）17時00分（必着） までに、氏名（法人その他の団体にあっては名称）、職業（法人その他の団体にあっては業種）、連絡先（住所、電話番号又は電子メールアドレス）及び理由を付記の上、郵便、ファックスにより下記送付先に、お寄せください。電話による御意見は御遠慮願います。 インターネットによる御意見は、下記e-Govウェブサイトに、お寄せください。 御意見をお寄せいただいた方の氏名（法人その他の団体にあっては名称）については、開示の請求等があった場合には、御意見の内容とともに開示させていただきますので、御承知おきください。開示の際に匿名を希望される場合は、御意見の冒頭にその旨を明確に御記載ください。なお、開示に当たっては、御意見の内容に、（１）個人に関する情報であって特定の個人が識別され得る記述がある場合、又は（２）法人等の権利、競争上の地位その他正当な利益を侵害するおそれのある記述がある場合、には当該箇所を伏せさせていただくことがあります。 御意見に付記された電話番号等の個人情報は、御意見の内容に不明な点があった際に連絡・確認をさせていただく場合や御意見がどのような立場からのものかを確認させていただく場合に利用します。 なお、御意見に対しての個別の回答はいたしませんので、あらかじめ御了承ください。 御意見の募集は終了しました。ご協力ありがとうございました。 御意見の送付先 証券取引等監視委員会事務局証券検査課 郵便：〒100-8922 東京都千代田区霞が関３－２－１　中央合同庁舎第７号館 ファックス：03-5251-2137 URL： http://www.fsa.go.jp/sesc/ お問い合わせ先 Tel　03-3506-6000（代表） 証券取引等監視委員会事務局証券検査課（内線： 3032、3051） （別紙） 「証券モニタリングに関する基本指針」（新旧対照表）
2020-08-04,株式会社ＦＸプライムbyＧＭＯ,,株式会社ＦＸプライムbyＧＭＯに対する検査結果に基づく勧告について,https://www.fsa.go.jp/sesc/news/c_2020/2020/20200804-3.html,令和２年８月４日 証券取引等監視委員会 株式会社ＦＸプライムbyＧＭＯに対する検査結果に基づく勧告について １．勧告の内容 関東財務局長が株式会社ＦＸプライムbyＧＭＯ（東京都渋谷区、法人番号3011001049147、代表取締役社長　安田　和敏（やすだ　かずとし）、資本金１億円、常勤役職員38名、第一種金融商品取引業、投資助言・代理業、以下「当社」という。）を検査した結果、下記のとおり、当該金融商品取引業者に係る問題が認められたので、本日、証券取引等監視委員会は、内閣総理大臣及び金融庁長官に対して、金融庁設置法第20条第１項の規定に基づき、行政処分を行うよう勧告した。 ２．事実関係 当社は、ウェブサイトにおける広告及び雑誌広告（以下、これらの広告を総称して「ウェブ広告等」という。）を行っているところ、平成29年９月６日から令和元年11月18日までの間のウェブ広告等に関して、以下の問題が認められた。 ○　著しく事実に相違する表示のある広告をする行為 当社が提供する店頭外国為替保証金取引の取引ツールに係る当社システムは、成行注文の場合、顧客が発注した時点から約定処理がなされる時点までの間に為替相場の変動が生じた場合、発注時点の価格と実際の約定価格との価格差（以下「スリッページ」という。）の発生を排除できない仕様となっている。そして、当社は、当該システム仕様について、平成26年にスリッページに関して行った社内検討においてシステム部門責任者から報告を受け、取締役、法務コンプライアンス部長等で認識を共有していたほか、その後も顧客からスリッページが発生しているとの情報が寄せられており、少なくとも平成30年に寄せられた情報は代表取締役社長、取締役、部長、グループ長等で共有していた。 そうした中、平成29年から平成31年にかけて当社が調査を依頼した外部の調査会社であるＡ社によるスリッページの発生率等に関する調査結果において、実際には当社システムにおいてスリッページが複数回発生していたことが確認されていたところ、当社は、上記のとおり自社のシステム仕様を認識しており、かつ、少なくとも平成30年の調査において、Ａ社から、スリッページが発生していることをうかがわせる報告を口頭で受けていたにもかかわらず、その詳細な状況の確認を含め、自社システムでスリッページが発生する可能性を実質的に検証するための措置を何ら実施することなく、Ａ社の調査報告書（スリッページが複数回発生していたとの調査結果が記載されていないもの）を引用する形式であれば問題ないものと考え、ウェブ広告等の中に、「スリッページなし（０％）、Ａ社調べ」との著しく事実に相違する記事を掲載した。 なお、当社のコンプライアンス部門による広告審査及び監査部門による内部監査は、自社のシステム仕様においてスリッページが発生する可能性を認識していたにもかかわらず、形式的な表現上の審査及び監査に終始し、スリッページの発生状況に関して著しく事実と相違する表示を見過ごしていた。 当社の上記行為は、金融商品取引業の実績に関する事項について、著しく事実に相違する表示であり、金融商品取引法第37条第２項に違反する。 （参考条文） ○　金融商品取引法（昭和23年法律第25号）（抄） （広告等の規制） 第三十七条　（略） ２　金融商品取引業者等は、その行う金融商品取引業に関して広告その他これに類似するものとして内閣府令で定める行為をするときは、金融商品取引行為を行うことによる利益の見込みその他内閣府令で定める事項について、著しく事実に相違する表示をし、又は著しく人を誤認させるような表示をしてはならない。 〇　金融商品取引業等に関する内閣府令（平成19年内閣府令第52号）（抄） （誇大広告をしてはならない事項） 第七十八条　法第三十七条第二項に規定する内閣府令で定める事項は、次に掲げる事項とする。 一～五　（略） 六　金融商品取引業者等の金融商品取引業（登録金融機関にあっては、登録金融機関業務）の実績に関する事項 （以下、略）
2020-07-10,ジェイリース株式会社,7187,ジェイリース株式会社に係る課徴金納付命令勧告（令和２年２月４日付）における勧告内容の過誤について,https://www.fsa.go.jp/sesc/news/c_2020/2020/20200710-1.html,"令和２年７月10日 証券取引等監視委員会 ジェイリース株式会社に係る課徴金納付命令勧告（令和２年２月４日付）における勧告内容の過誤について 証券取引等監視委員会が令和２年２月４日に金融庁設置法第20条第１項の規定に基づき、課徴金を国庫に納付することを命ずる旨の決定をするよう 勧告した件 （金融庁が令和２年３月30日にジェイリース株式会社（法人番号3320001003867）に対し 課徴金納付命令の決定を行った件 ）について、下記のとおり、勧告内容に過誤が認められましたので、金融庁に対し通知しました。 １ 過誤の内容 納付すべき課徴金額について、「金44,210,000円」であるところ「金44,780,000円」と勧告した。 ２ 過誤の理由 本件課徴金納付命令勧告の対象としたジェイリース株式会社が提出した開示書類のうち、平成28年５月18日に提出した有価証券届出書（株券の募集）に係る課徴金の額は、本来、 「当該有価証券届出書に基づく募集により取得させた株券の発行価額の総額」（382,500,000円）の「100分の4.5に相当する額」（17,210,000円（金融商品取引法第176条第２項の規定により１万円未満の端数を切り捨て））であるところ、誤って、 当該有価証券届出書に記載された株券の発行価額の総額（見込み額）（395,250,000円）の「100分の4.5に相当する額」（17,780,000円（金融商品取引法第176条第２項の規定により１万円未満の端数を切り捨て））としたものである。"
2020-06-26,,,「今後の証券モニタリングの基本的な考え方」（案）に対するパブリックコメントの結果等について,https://www.fsa.go.jp/sesc/news/c_2020/2020/20200626-2.html,令和２年６月２６日 証券取引等監視委員会 「今後の証券モニタリングの基本的な考え方」（案） に対するパブリックコメントの結果等について 証券取引等監視委員会では、 「今後の証券モニタリングの基本的な考え方」（案） につきまして、令和２年５月８日（金）から同年６月８日（月）までの間、広く意見募集を行いました。 その結果、２団体より２件のコメントをいただきました。意見募集に御協力いただきありがとうございました。 お寄せいただいたコメントの概要及びコメントに対する考え方は、 別紙１ のとおりです。 なお、本件と直接関係しないコメントもお寄せいただきましたが、これにつきましては、今後の金融行政の参考とさせていただきます。 「今後の証券モニタリングの基本的な考え方」を 別紙２ のとおり策定いたしました。概要は 別紙３ を御覧ください。 「今後の証券モニタリングの基本的な考え方」は本日から適用いたします。 また、金融商品取引業者等検査マニュアル及び信用格付業者検査マニュアルは、本日をもって廃止いたします。 なお、本件に併せて、金融庁において行われた「金融商品取引業者等向けの総合的な監督指針」の一部改正（案）に対するパブリックコメントの結果等は、 金融庁のウェブサイト を御参照ください。 お問い合わせ先 Tel　03-3506-6000（代表） 証券取引等監視委員会事務局証券検査課（内線：3801、3044） （別紙１） コメントの概要及びコメントに対する考え方（PDF/77KB） （別紙２） 「今後の証券モニタリングの基本的な考え方」（PDF/349KB） （別紙３） 「今後の証券モニタリングの基本的な考え方」の概要（PDF/281KB）
2020-06-26,株式会社アルファクス・フード・システム,,株式会社アルファクス・フード・システムにおける有価証券報告書等の虚偽記載に係る課徴金納付命令勧告について,https://www.fsa.go.jp/sesc/news/c_2020/2020/20200626-1.html,"English version 令和２年６月26日 証券取引等監視委員会 株式会社アルファクス・フード・システムにおける有価証券報告書等の虚偽記載に係る課徴金納付命令勧告について １．勧告の内容 証券取引等監視委員会は、株式会社アルファクス・フード・システム（法人番号1250001002936）（以下「当社」という。）における有価証券報告書等の虚偽記載について検査した結果、以下のとおり法令違反の事実が認められたので、本日、内閣総理大臣及び金融庁長官に対して、金融庁設置法第20条第１項の規定に基づき、課徴金納付命令を発出するよう勧告を行った。 ２．法令違反の事実関係 （１）継続開示書類 当社は、コンサルティング業務名目での売上の前倒し計上、ソフトウェアに係る売上の前倒し計上、未収入金に係る貸倒引当金の過少計上、シンジケートローンに係るアレンジメントフィー等の過少計上及びホテル関連事業の固定資産に係る減損損失の不計上等、不適正な会計処理を行った。 この結果、当社は、中国財務局長に対し、以下のとおり、金融商品取引法第172条の４第１項及び第２項に規定する「重要な事項につき虚偽の記載」がある以下の有価証券報告書及び四半期報告書を提出した（「重要な事項につき虚偽の記載」の内容は別紙１の表の１～11のとおり）。 ・平成28年12月第１四半期四半期報告書（平成29年２月10日） ・平成29年３月第２四半期四半期報告書（平成29年５月12日） ・平成29年６月第３四半期四半期報告書（平成29年８月10日） ・平成29年９月期有価証券報告書（平成29年12月26日） ・平成30年３月第２四半期四半期報告書（平成30年５月14日） ・平成30年６月第３四半期四半期報告書（平成30年８月10日） ・平成30年９月期有価証券報告書（平成30年12月27日） ・平成30年12月第１四半期四半期報告書（平成31年２月13日） ・平成31年３月第２四半期四半期報告書（令和元年５月14日） ・令和元年６月第３四半期四半期報告書（令和元年８月９日） ・令和元年９月期有価証券報告書（令和元年12月26日） （２）発行開示書類 当社は、中国財務局長に対し、平成29年８月31日、金融商品取引法第172条の２第１項に規定する「重要な事項につき虚偽の記載」がある有価証券届出書を提出し、当該有価証券届出書に基づく募集により、平成29年９月21日、281,539株の有価証券を394,999,217円で取得させたものである（「重要な事項につき虚偽の記載」の内容は別紙１の表の12のとおり）。 ３．課徴金の額の計算 上記の違法行為について金融商品取引法に基づき算定される課徴金の額は、3,577万円である（計算方法については別紙２のとおり。）。 【別紙１】有価証券報告書の虚偽記載内容 番号 対象書類 虚偽記載 提出日 書類 会計期間 記載項目 主な内容（注） 主な事由 １ 平成29年２月10日 第24期第１四半期（平成28年10月１日～同年12月31日）に係る四半期報告書 平成28年10月１日～同年12月31日の第１四半期累計期間 四半期 損益計算書 四半期純利益が ▲8,513千円であるところを 26,813千円と記載 ・営業外費用の過少計上 ２ 平成29年５月12日 第24期第２四半期（平成29年１月１日～同年３月31日）に係る四半期報告書 平成28年10月１日～平成29年３月31日の第２四半期累計期間 四半期 損益計算書 四半期純利益が 13,492千円であるところを 47,483千円と記載 ・営業外費用の過少計上 ３ 平成29年８月10日 第24期第３四半期（平成29年４月１日～同年６月30日）に係る四半期報告書 平成28年10月１日～平成29年６月30日の第３四半期累計期間 四半期 損益計算書 四半期純利益が 28,579千円であるところを 61,797千円と記載 ・営業外費用の過少計上 ４ 平成29年12月26日 第24期（平成28年10月１日～平成29年９月30日）に係る有価証券報告書 平成28年10月１日～平成29年９月30日の会計期間 損益計算書 当期純利益が 89,242千円であるところを 133,277千円と記載 ・営業外費用の過少計上 ５ 平成30年５月14日 第25期第２四半期（平成30年１月１日～同年３月31日）に係る四半期報告書 平成29年10月１日～平成30年３月31日の第２四半期累計期間 四半期 損益計算書 営業利益が 23,148千円であるところを 45,847千円と記載 ・売上の前倒し計上 ６ 平成30年８月10日 第25期第３四半期（平成30年４月１日～同年６月30日）に係る四半期報告書 平成29年10月１日～平成30年６月30日の第３四半期累計期間 四半期 損益計算書 営業利益が 53,979千円であるところを 78,094千円と記載 ・売上の前倒し計上 ７ 平成30年12月27日 第25期（平成29年10月１日～平成30年９月30日）に係る有価証券報告書 平成29年10月１日～平成30年９月30日の会計期間 貸借対照表 純資産額が 674,480千円であるところを 1,133,380千円と記載 ・売上の前倒し計上 ・固定資産の減損損失の不計上 損益計算書 当期純利益が ▲328,973千円であるところを 85,890千円と記載 ８ 平成31年２月13日 第26期第１四半期（平成30年10月１日～同年12月31日）に係る四半期報告書 平成30年10月１日～同年12月31日の第１四半期会計期間 四半期 貸借対照表 純資産額が 606,061千円であるところを 1,059,560千円と記載 ・過去の固定資産の減損損失の不計上による純資産の過大計上 ９ 令和元年５月14日 第26期第２四半期（平成31年１月１日～同年３月31日）に係る四半期報告書 平成31年１月１日～同年３月31日の第２四半期会計期間 四半期 貸借対照表 純資産額が 645,298千円であるところを 1,118,153千円と記載 ・過去の固定資産の減損損失の不計上による純資産の過大計上 10 令和元年８月９日 第26期第３四半期（平成31年４月１日～令和元年６月30日）に係る四半期報告書 平成31年４月１日～令和元年６月30日の第３四半期会計期間 四半期 貸借対照表 純資産額が 721,592千円であるところを 1,202,406千円と記載 ・過去の固定資産の減損損失の不計上による純資産の過大計上 11 令和元年12月26日 第26期（平成30年10月１日～令和元年９月30日）に係る有価証券報告書 平成30年10月１日～令和元年９月30日の会計期間 貸借対照表 純資産額が 782,555千円であるところを 1,370,496千円と記載 ・過去の固定資産の減損損失の不計上による純資産の過大計上 ・貸倒引当金繰入額の過少計上 損益計算書 当期純利益が 132,912千円であるところを 261,953千円と記載 12 平成29年８月31日 有価証券届出書（株券の募集） 「第四部 組込情報」 番号３に掲げる第24期第３四半期に係る四半期報告書を組み込み ・営業外費用の過少計上 （注）金額は千円未満切捨てである。 【別紙２】課徴金の計算方法 （１）　金融商品取引法第172条の４第１項及び第２項の規定により、平成28年12月第１四半期四半期報告書、平成29年３月第２四半期四半期報告書、平成29年６月第３四半期四半期報告書及び平成29年９月期有価証券報告書ごとに算出した額（以下(２)において「個別決定ごとの算出額」という。）は、 ア　当社が発行する算定基準有価証券の市場価額の総額に10万分の６を乗じて得た下記の額 平成28年12月第１四半期四半期報告書　　　128,179円 平成29年３月第２四半期四半期報告書　　　 157,434円 平成29年６月第３四半期四半期報告書　　　 179,755円 平成29年９月期有価証券報告書　　　 　　　169,880円 が、いずれも イ　6,000,000円 を超えないことから、 ・平成28年12月第１四半期四半期報告書については、6,000,000円の２分の１に相当する額である3,000,000円、 ・平成29年３月第２四半期四半期報告書については、6,000,000円の２分の１に相当する額である3,000,000円、 ・平成29年６月第３四半期四半期報告書については、6,000,000円の２分の１に相当する額である3,000,000円、 ・平成29年９月期有価証券報告書については、6,000,000円、 となる。 ここで、これらの開示書類が同一の事業年度に係るものであることから、金融商品取引法第185条の７第６項の規定により、6,000,000円を個別決定ごとの算出額に応じて按分した下記の金額が、これらの開示書類に係る課徴金の額となる。 ・平成28年12月第１四半期四半期報告書に係る課徴金の額は、1,200,000円 ・平成29年３月第２四半期四半期報告書に係る課徴金の額は、1,200,000円 ・平成29年６月第３四半期四半期報告書に係る課徴金の額は、1,200,000円 ・平成29年９月期有価証券報告書に係る課徴金の額は、2,400,000円 （２）　金融商品取引法第172条の４第１項及び第２項の規定により、平成30年３月第２四半期四半期報告書、平成30年６月第３四半期四半期報告書及び平成30年９月期有価証券報告書ごとに算出した額（以下(２)において「個別決定ごとの算出額」という。）は、 ア　当社が発行する算定基準有価証券の市場価額の総額に10万分の６を乗じて得た下記の額 平成30年３月第２四半期四半期報告書　　　 263,764円 平成30年６月第３四半期四半期報告書　　　 267,538円 平成30年９月期有価証券報告書　　　 　　　240,223円 が、いずれも イ　6,000,000円 を超えないことから、 ・平成30年３月第２四半期四半期報告書については、6,000,000円の２分の１に相当する額である3,000,000円、 ・平成30年６月第３四半期四半期報告書については、6,000,000円の２分の１に相当する額である3,000,000円、 ・平成30年９月期有価証券報告書については、6,000,000円、 となる。 ここで、これらの開示書類が同一の事業年度に係るものであることから、金融商品取引法第185条の７第６項の規定により、6,000,000円を個別決定ごとの算出額に応じて按分した下記の金額が、これらの開示書類に係る課徴金の額となる。 ・平成30年３月第２四半期四半期報告書に係る課徴金の額は、1,500,000円 ・平成30年６月第３四半期四半期報告書に係る課徴金の額は、1,500,000円 ・平成30年９月期有価証券報告書に係る課徴金の額は、3,000,000円 （３）　金融商品取引法第172条の４第１項及び第２項の規定により、平成30年12月第１四半期四半期報告書、平成31年３月第２四半期四半期報告書、令和元年６月第３四半期四半期報告書及び令和元年９月期有価証券報告書ごとに算出した額（以下(２)において「個別決定ごとの算出額」という。）は、 ア　当社が発行する算定基準有価証券の市場価額の総額に10万分の６を乗じて得た下記の額 平成30年12月第１四半期四半期報告書　　　 253,821円 平成31年３月第２四半期四半期報告書　　　  249,600円 令和元年６月第３四半期四半期報告書　　　   205,090円 令和元年９月期有価証券報告書　　　　 　　  233,280円 が、いずれも イ　6,000,000円 を超えないことから、 ・平成30年12月第１四半期四半期報告書については、6,000,000円の２分の１に相当する額である3,000,000円、 ・平成31年３月第２四半期四半期報告書については、6,000,000円の２分の１に相当する額である3,000,000円、 ・令和元年６月第３四半期四半期報告書については、6,000,000円の２分の１に相当する額である3,000,000円、 ・令和元年９月期有価証券報告書については、6,000,000円、 となる。 ここで、これらの開示書類が同一の事業年度に係るものであることから、金融商品取引法第185条の７第６項の規定により、6,000,000円を個別決定ごとの算出額に応じて按分した下記の金額が、これらの開示書類に係る課徴金の額となる。 ・平成30年12月第１四半期四半期報告書に係る課徴金の額は、1,200,000円 ・平成31年３月第２四半期四半期報告書に係る課徴金の額は、1,200,000円 ・令和元年６月第３四半期四半期報告書に係る課徴金の額は、1,200,000円 ・令和元年９月期有価証券報告書に係る課徴金の額は、2,400,000円 （４）　金融商品取引法第172条の２第１項第１号の規定により、当社の平成29年８月31日提出の有価証券届出書（株券の募集）に係る課徴金の額は、 重要な事項につき虚偽の記載がある発行開示書類に基づく募集により取得させた株券の発行価額の総額394,999,217円の100分の4.5に相当する額である17,774,964円 に、金融商品取引法第176条第２項の規定により１万円未満の端数を切り捨てて、 17,770,000円 となる。"
2020-07-07,フリージア・マクロス株式会社,6343,フリージア・マクロス株式会社における有価証券報告書の重要な事項の不記載に係る課徴金納付命令勧告について,https://www.fsa.go.jp/sesc/news/c_2020/2020/20200707-1.html,"English version 令和２年７月７日 証券取引等監視委員会 フリージア・マクロス株式会社における有価証券報告書の重要な事項の不記載に係る課徴金納付命令勧告について １．勧告の内容 証券取引等監視委員会は、フリージア・マクロス株式会社（法人番号3010001000012）（以下「当社」という。）における 金融商品取引法に基づく開示規制の違反について検査した結果、 以下のとおり法令違反の事実が認められたので、本日、内閣総理大臣及び金融庁長官に対して、金融庁設置法第20条第１項の規定に基づき、課徴金納付命令を発出するよう勧告を行った。 ２．法令違反の事実関係 当社は、当社と当社の役員との取引を、「関連当事者との取引」（連結財務諸表の用語、様式及び作成方法に関する規則第15条の４の２第１項）として、連結財務諸表への注記を行わなかった。 当社は、これにより、記載すべき重要な事項の記載が欠けている有価証券報告書を提出した。 この結果、当社は、関東財務局長に対し、金融商品取引法第172条の４第１項に規定する「記載すべき重要な事項の記載が欠けている」以下の有価証券報告書を提出したものである（「記載すべき重要な事項」の内容は別紙１のとおり。）。 ・平成29年３月期有価証券報告書（平成29年６月28日提出） ・平成30年３月期有価証券報告書（平成30年６月28日提出） ３．課徴金の額の計算 上記の違法行為について金融商品取引法に基づき算定される課徴金の額は、1,200万円である（計算方法については別紙２のとおり。）。 【別紙１】フリージア・マクロス株式会社に係る有価証券報告書に記載すべき重要な事項の内容 番号 有価証券報告書 記載すべき重要な事項 提出日 書類 内容 １ 平成29年 ６月28日 第74期（平成28年４月１日～平成29年３月31日）に係る有価証券報告書 ・「第５【経理の状況】」・「１【連結財務諸表等】」・「(1)【連結財務諸表】」・「【注記事項】」の「【関連当事者情報】」において、当社と当社の役員との重要な取引を「関連当事者との取引」として記載しなかった。 ２ 平成30年 ６月28日 第75期（平成29年４月１日～平成30年３月31日）に係る有価証券報告書 ・「第５【経理の状況】」・「１【連結財務諸表等】」・「(1)【連結財務諸表】」・「【注記事項】」の「【関連当事者情報】」において、当社と当社の役員との重要な取引を「関連当事者との取引」として記載しなかった。 【別紙２】課徴金の計算方法 （１）　金融商品取引法第172条の４第１項の規定により、平成29年３月期有価証券報告書について算出した額は、当該法人が発行する算定基準有価証券の市場価額の総額に10万分の６を乗じて得た額555,616円が6,000,000円を超えないことから、6,000,000円となる。 （２）　金融商品取引法第172条の４第１項の規定により、平成30年３月期有価証券報告書について算出した額は、当該法人が発行する算定基準有価証券の市場価額の総額に10万分の６を乗じて得た額651,672円が6,000,000円を超えないことから、6,000,000円となる。"
2020-06-24,受託する証券会社・投資銀行,,「金融商品取引法における課徴金事例集～不公正取引編～」の公表について,https://www.fsa.go.jp/sesc/jirei/torichou/20200624.html,"令和２年６月２4日 証券取引等監視委員会 「金融商品取引法における課徴金事例集～不公正取引編～」の公表について 証券取引等監視委員会では、「金融商品取引法における課徴金事例集～不公正取引編～」について、 別紙 （PDF:4,595KB） のとおり取りまとめましたので、公表します。 本書は、証券取引等監視委員会（以下、「証券監視委」という。）が、平成31年4月から令和2年3月までの間に、金融商品取引法違反となる不公正取引に関し課徴金納付命令の勧告を行った事案の概要を取りまとめ、事例として紹介するものです。 本年度の事例集においては、引き続き、すべての市場利用者がルールを守るための参考となるよう、勧告事案を分析した上で、事案の意義・特徴を出来るだけ記載するとともに、見やすさ、分かりやすさを重視し、1事案を見開きページで掲載したほか、相場操縦についてはグラフ、表及び株価チャート等を活用し複雑化する取引手法の可視化に努めたことに加えて、①近年勧告件数が多い、情報伝達・取引推奨規制を説明するイメージ図の新設や、②市場利用者の関心が高いと思われるテーマとして掲載している監視委コラムのうち、インサイダー取引関連について「インサイダー取引規制における『業務執行を決定する機関』や『決定』の意義とは」「社内における業績修正情報の管理は、特に注意！」「組織としての情報管理の問題か、属人的な問題か？」等を掲載するなど内容の充実を図りました。 証券監視委としては、不公正取引の未然防止という観点から、本書を、 （１）重要事実等の発生源となる上場会社等におけるインサイダー取引管理態勢の一層の充実 （２）公開買付け等企業再編の当事者からフィナンシャル・アドバイザリー業務等を受託する証券会社・投資銀行等における重要事実等の情報管理の徹底 （３）証券市場のゲートキーパーとしての役割を担う証券会社における適正な売買審査の実施 のためにそれぞれ役立てていただくことを期待しています。 また、一般投資者におかれても、不公正取引の疑いがある場合には、証券監視委による調査等の対象となり、法令違反が認められた場合には課徴金が課されることを十分にご理解いただければ幸いです。 本書が活用されることにより、すべての市場利用者による自己規律の強化、市場の公正性・透明性の確保及び投資者保護につながることを強く期待しています。 過去の課徴金事例集はこちら"
2020-06-18,,,令和元年度「証券取引等監視委員会の活動状況」の公表について,https://www.fsa.go.jp/sesc/reports/n_2019/n_2019.html,"令和２年６月18日 (令和２年７月10日更新) 証券取引等監視委員会 証券取引等監視委員会の活動状況の公表について 証券取引等監視委員会（以下「証券監視委」という。）は、金融庁設置法第22条の規定に基づき、毎年、活動状況等を公表しています。今回は、その28回目として、令和元年度（平成31年4月1日～令和２年3月31日）の「証券取引等監視委員会の活動状況」を公表します。 公表内容の主な記載内容 １．令和元年度の活動概要  マクロ的な視点に基づき潜在的なリスクに着目した情報収集・分析を行う等、タイムリーな市場監視 ・新型コロナウイルスの感染拡大を踏まえ、相場操縦等の不正行為に係る監視を徹底  金商業者に対するリスクアセスメントを踏まえたオンサイト・モニタリング  課徴金制度の活用による迅速・効率的な調査・検査と、重大・悪質事案に対する厳正な対処 根本原因の把握と、再発防止・未然防止のための対話・情報発信 ２．不公正取引の勧告・告発件数  不公正取引の勧告件数は計29件（インサイダー取引24件、相場操縦5件）  不公正取引の告発件数は計1件（インサイダー取引1件）  取引審査の実施件数は、7年連続で1,000件超  インサイダー取引 ・業務提携や新株発行等を重要事実とする事案が昨年同様多数 ・初勧告事案として、損失回避目的の取引推奨規制違反行為 相場操縦の手法は複雑化・巧妙化 ・10本気配値の幅広い価格帯に複数の見せ玉を発注する手法 ・最小売買単位の買付けを繰り返すことにより株価を引き上げる手法 ３．開示規制違反 開示規制違反の勧告件数は6件、告発件数は1件 以下の取組みを実施 ・有価証券報告書の非財務情報についての虚偽記載事案の勧告 ・公認会計士・監査審査会と連携し、上場会社の不正会計による有価証券報告書虚偽記載事案について勧告。 同日、同社会計監査人に対し、公認会計士・監査審査会が行政処分勧告 開示規制違反の再発防止・未然防止の観点から、上場会社の経営陣とその背景・原因等について議論し、問題意識を共有 ４．金融商品取引業者等に対するモニタリング  規模・業態を踏まえたリスクアセスメントを実施 ・規模業態別の業務運営上の課題及びリスクを取りまとめ リスクアセスメントに応じたオンサイト・モニタリングを実施 ・73件着手、14件の行政処分勧告 実効性ある内部管理態勢の構築等を促す取組みを実施 ・「留意すべき事項（顕在化していないものの改善が必要な問題）」を検査終了通知書に記載し、問題意識をモニタリング先と共有 ５．市場監視インフラの整備（デジタライゼーション・人材） 市場監視をより効果的・効率的に実施するための取引監視システムの機能を強化 デジタライゼーションの活用に向けた検討 ・膨大な発注・取引のデータから、不公正取引の疑いのある発注・取引を的確に抽出・分析する機能 ・SNSなどのインターネット上の様々なデータから市場における不正の兆候を発見する機能 ・市場関係者等との情報連携の推進 デジタルフォレンジック技術の一層の向上及びシステム環境の高度化 職員の専門性の向上や高い専門的知識を有する人材の登用 ６．グローバルな市場監視への貢献  世界227機関が加盟する証券監督者国際機構（ＩＯＳＣＯ）において、証券規制の国際的調和や規制当局間の相互協力を目指す議論に積極的に参加 海外当局との連携（情報交換等）により、クロスボーダー取引による違反行為に対して適切な法執行を実施 海外当局への職員派遣、短期研修への参加等により、当局間ネットワークの強化や問題意識の共有 ７．関係機関との連携・情報発信 自主規制機関との連携 ・売買審査などで日常的に連携 ・定期的な意見交換により相互の問題意識をタイムリーに共有 事案の意義や問題点等を情報発信 ・個別の勧告事案の公表、課徴金事例集等について積極的に寄稿や講演を実施 ・令和元年度の特色のある活動を「主なトピックス」として紹介（令和元年度年次公表） ・各ステークホルダーに向けたメッセージを「監視委コラム」に記載（令和元年度年次公表） ●「証券取引等監視委員会の活動状況」の本文へ ◎ 全体版 （PDF/7,401KB）※ ◎ 主なポイント （PDF/864KB） ◎ 本編 （PDF/3,814KB） ◎ 附属資料編 （PDF/4,208KB）※ ◎ サマリーの英語版 （PDF/136KB）（仮訳） ◎ ポイントの英語版 （PDF/341KB）（仮訳） ※令和２年７月10日公表「 ジェイリース株式会社に係る課徴金納付命令勧告（令和２年２月４日付）における勧告内容の過誤について 」を受けて、附属資料182頁、183頁、224頁及び227頁を修正。"
2020-06-16,ナイス株式会社,8089,ナイス株式会社における有価証券報告書等の虚偽記載に係る課徴金納付命令勧告について,https://www.fsa.go.jp/sesc/news/c_2020/2020/20200616-1.html,"English version 令和２年６月16日 証券取引等監視委員会 ナイス株式会社における有価証券報告書等の虚偽記載に係る課徴金納付命令勧告について １．勧告の内容 証券取引等監視委員会は、ナイス株式会社（法人番号2020001037946）（以下「当社」という。）における有価証券報告書等の虚偽記載について検査した結果、以下のとおり法令違反の事実が認められたので、本日、内閣総理大臣及び金融庁長官に対して、金融庁設置法第20条第１項の規定に基づき、課徴金納付命令を発出するよう勧告を行った。 ２．法令違反の事実関係 当社は、不適正な不動産販売による売上の過大計上、不採算子会社等の連結範囲からの除外等、不適正な会計処理を行った。 この結果、当社は、関東財務局長に対し、以下のとおり、金融商品取引法第172条の４第１項に規定する「重要な事項につき虚偽の記載」がある以下の有価証券報告書及び有価証券報告書の訂正報告書を提出した（「重要な事項につき虚偽の記載」の内容は別紙１のとおり）。 ・平成27年３月期有価証券報告書（平成27年６月26日提出） ・平成29年３月期有価証券報告書（平成29年６月29日提出） ・平成30年３月期有価証券報告書（平成30年６月28日提出） ・平成29年３月期有価証券報告書の訂正報告書（令和元年８月１日提出） ３．課徴金の額の計算 上記の違法行為について金融商品取引法に基づき算定される課徴金の額は、2,400万円である（計算方法については別紙２のとおり）。 【別紙１】有価証券報告書の虚偽記載内容 番号 対象書類 虚偽記載 提出日 書類 会計期間 記載項目 主な内容（注） 主な事由 １ 平成27年６月26日 第66期（平成26年４月１日～平成27年３月31日）に係る有価証券報告書 平成26年４月１日～平成27年３月31日の連結会計期間 連結 損益計算書 当期純利益が ▲1,030百万円であるところを 488百万円と記載 ・売上の過大計上 ・子会社の連結除外 ２ 平成29年６月29日 第68期（平成28年４月１日～平成29年３月31日）に係る有価証券報告書 平成28年４月１日～平成29年３月31日の連結会計期間 連結 損益計算書 親会社株主に帰属する当期純利益が ▲63百万円であるところを573百万円と記載 ・子会社の連結除外 ３ 平成30年６月28日 第69期（平成29年４月１日～平成30年３月31日）に係る有価証券報告書 平成29年４月１日～平成30年３月31日の連結会計期間 連結 損益計算書 親会社株主に帰属する当期純利益が ▲152百万円であるところを301百万円と記載 ・売上の過大計上 ・子会社の連結除外 ４ 令和元年８月１日 第68期（平成28年４月１日～平成29年３月31日）に係る有価証券報告書の訂正報告書 平成28年４月１日～平成29年３月31日の連結会計期間 連結 損益計算書 親会社株主に帰属する当期純利益が ▲63百万円であるところを99百万円と記載 ・子会社の連結除外 （注）金額は百万円未満切捨てである。 【別紙２】課徴金の計算方法 （１）　金融商品取引法第172条の４第１項の規定により、平成27年３月期有価証券報告書について算出した課徴金の額は、当社が発行する算定基準有価証券の市場価額の総額に10万分の６を乗じて得た額1,178,468円が、6,000,000円を超えないことから、6,000,000円となる。 （２）　金融商品取引法第172条の４第１項の規定により、平成29年３月期有価証券報告書について算出した課徴金の額は、当社が発行する算定基準有価証券の市場価額の総額に10万分の６を乗じて得た額843,209円が、6,000,000円を超えないことから、6,000,000円となる。 （３）　金融商品取引法第172条の４第１項の規定により、平成30年３月期有価証券報告書について算出した課徴金の額は、当社が発行する算定基準有価証券の市場価額の総額に10万分の６を乗じて得た額987,704円が、6,000,000円を超えないことから、6,000,000円となる。 （４）　金融商品取引法第172条の４第１項の規定により、平成29年３月期有価証券報告書の訂正報告書について算出した課徴金の額は、当社が発行する算定基準有価証券の市場価額の総額に10万分の６を乗じて得た額843,209円が、6,000,000円を超えないことから、6,000,000円となる。"
2020-06-16,グローム・ホールディングス株式会社,8938,グローム・ホールディングス株式会社における有価証券報告書等の虚偽記載に係る課徴金納付命令勧告について,https://www.fsa.go.jp/sesc/news/c_2020/2020/20200616-2.html,"English version 令和２年６月16日 証券取引等監視委員会 グローム・ホールディングス株式会社における有価証券報告書等の虚偽記載に係る課徴金納付命令勧告について １．勧告の内容 証券取引等監視委員会は、グローム・ホールディングス株式会社（法人番号7012801003743）（以下「当社」という。）における有価証券報告書等の虚偽記載について検査した結果、以下のとおり法令違反の事実が認められたので、本日、内閣総理大臣及び金融庁長官に対して、金融庁設置法第20条第１項の規定に基づき、課徴金納付命令を発出するよう勧告を行った。 ２．法令違反の事実関係 （１）継続開示書類 当社は、子会社において、実態のないコンサルティング業務や商品販売等に係る売上の過大計上、商業施設収用に関して受領する補償金に係る利益の前倒し計上等、不適正な会計処理を行った。 この結果、当社は、関東財務局長に対し、以下のとおり、金融商品取引法第172条の４第１項及び第２項に規定する「重要な事項につき虚偽の記載」がある以下の有価証券報告書及び四半期報告書を提出した（「重要な事項につき虚偽の記載」の内容は別紙１の表の１～５のとおり）。 ・平成27年３月期有価証券報告書（平成27年６月26日提出） ・平成27年６月第１四半期四半期報告書（平成27年８月14日提出） ・平成27年９月第２四半期四半期報告書（平成27年11月13日提出） ・平成27年12月第３四半期四半期報告書（平成28年２月12日提出） ・平成28年３月期有価証券報告書（平成28年６月28日提出） （２）発行開示書類 当社は、関東財務局長に対し、平成28年２月22日、金融商品取引法第172条の２第１項に規定する「重要な事項につき虚偽の記載」がある発行開示書類を提出し、当該有価証券届出書に基づく募集により、平成28年３月11日、412,200株の有価証券を710,220,600円で取得させたものである（「重要な事項につき虚偽の記載」の内容は別紙１の表の６のとおり）。 ３．課徴金の額の計算 上記の違法行為について金融商品取引法に基づき算定される課徴金の額は、4,395万円である（計算方法については別紙２のとおり。）。 【別紙１】有価証券報告書の虚偽記載内容 番号 対象書類 虚偽記載 提出日 書類 会計期間 記載項目 主な内容（注） 主な事由 １ 平成27年６月26日 第23期（平成26年４月１日～平成27年３月31日）に係る有価証券報告書 平成26年４月１日～平成27年３月31日の連結会計期間 連結 損益計算書 当期純利益が 82,270千円であるところを 323,873千円と記載 ・売上の過大計上 ・利益の前倒し計上 ２ 平成27年８月14日 第24期第１四半期（平成27年４月１日～同年６月30日）に係る四半期報告書 平成27年4月１日～同年６月30日の第１四半期連結累計期間 四半期連結損益計算書 営業利益が 108,516千円であるところを 179,467千円と記載 親会社株主に帰属する四半期純利益が ▲56,250千円であるところを 30,432千円と記載 ・利益の前倒し計上 ３ 平成27年11月13日 第24期第２四半期（平成27年７月１日～同年９月30日）に係る四半期報告書 平成27年4月１日～同年９月30日の第２四半期連結累計期間 四半期連結損益計算書 営業利益が 78,610千円であるところを 151,119千円と記載 ・利益の前倒し計上 ４ 平成28年２月12日 第24期第３四半期（平成27年10月１日～同年12月31日）に係る四半期報告書 平成27年4月１日～同年12月31日の第３四半期連結累計期間 四半期連結損益計算書 営業利益が ▲5,063千円であるところを 69,005千円と記載 ・利益の前倒し計上 ５ 平成28年６月28日 第24期（平成27年４月１日～平成28年３月31日）に係る有価証券報告書 平成27年４月１日～平成28年３月31日の連結会計期間 連結 損益計算書 営業利益が ▲73,457千円であるところを 216,872千円と記載 経常利益が ▲706,198千円であるところを ▲360,116千円と記載 ・売上の過大計上 ６ 平成28年２月22日 有価証券届出書（株券の募集） 「第四部　組込情報」 番号１に掲げる第23期に係る有価証券報告書及び番号４に掲げる第24期第３四半期に係る四半期報告書を組み込み ・売上の過大計上 ・利益の前倒し計上 （注）金額は千円未満切捨てである。 【別紙２】課徴金の計算方法 （１）　金融商品取引法第172条の４第１項の規定により、平成27年３月期有価証券報告書について算出した課徴金の額は、当社が発行する算定基準有価証券の市場価額の総額に相当する額に10万分の６を乗じて得た額101,156円が6,000,000円を超えないことから、6,000,000円となる。 （２）　金融商品取引法第172条の４第１項及び第２項の規定により、平成27年６月第１四半期四半期報告書、平成27年９月第２四半期四半期報告書、平成27年12月第３四半期四半期報告書及び平成28年３月期有価証券報告書ごとに算出した額（以下(２)において「個別決定ごとの算出額」という。）は、 ア　当社が発行する算定基準有価証券の市場価額の総額に10万分の６を乗じて得た下記の額 平成27年６月第１四半期四半期報告書　　　 162,430円 平成27年９月第２四半期四半期報告書　　　 294,616円 平成27年12月第３四半期四半期報告書　　　227,202円 平成28年３月期有価証券報告書　　　　　　 237,185円 が、いずれも イ　6,000,000円 を超えないことから、 ・平成27年６月第１四半期四半期報告書については、6,000,000円の２分の１に相当する額である3,000,000円、 ・平成27年９月第２四半期四半期報告書については、6,000,000円の２分の１に相当する額である3,000,000円、 ・平成27年12月第３四半期四半期報告書については、6,000,000円の２分の１に相当する額である3,000,000円、 ・平成28年３月期有価証券報告書については、6,000,000円、 となる。 ここで、これらの開示書類が同一の事業年度に係るものであることから、金融商品取引法第185条の７第６項の規定により、6,000,000円を個別決定ごとの算出額に応じて按分した下記の金額が、これらの開示書類に係る課徴金の額となる。 ・平成27年６月第１四半期四半期報告書に係る課徴金の額は、1,200,000円 ・平成27年９月第２四半期四半期報告書に係る課徴金の額は、1,200,000円 ・平成27年12月第３四半期四半期報告書に係る課徴金の額は、1,200,000円 ・平成28年３月期有価証券報告書に係る課徴金の額は、2,400,000円 （３）　金融商品取引法第172条の２第１項第１号の規定により、当社の平成28年２月22日提出の有価証券届出書（株券の募集）に係る課徴金の額は、 重要な事項につき虚偽の記載がある発行開示書類に基づく募集により取得させた株券の発行価額の総額710,220,600円の100分の4.5に相当する額である31,959,927円 に、金融商品取引法第176条第２項の規定により１万円未満の端数を切り捨てて、 31,950,000円 となる。"
2020-06-12,株式会社プログレスマインド,,株式会社プログレスマインドに対する検査結果に基づく勧告について,https://www.fsa.go.jp/sesc/news/c_2020/2020/20200612-1.html,English version 令和２年６月12日 証券取引等監視委員会 株式会社プログレスマインドに対する検査結果に基づく勧告について １．勧告の内容 関東財務局長が株式会社プログレスマインド（東京都八王子市、法人番号5010001130088、代表取締役　山本一也（やまもと　かずや）、資本金300万円、常勤役職員３名、投資助言・代理業）（以下「当社」という。）を検査した結果、以下の問題が認められたことから、本日、証券取引等監視委員会は、内閣総理大臣及び金融庁長官に対して、金融庁設置法第20条第１項の規定に基づき、行政処分を行うよう勧告した。 ２．事実関係 (１) 無登録業者に対する名義貸し 当社は、平成27年２月以降、金融商品取引業の登録がない者３名に対し、当社の名義をもって投資助言・代理業を行わせた。 （具体的な事例は別表のとおり。） 当社が行った上記行為は、自己の名義をもって、他人に金融商品取引業を行わせたものであり、金融商品取引法第36条の３に違反するものと認められる。 (２) 不適切な業務運営 当社は、投資助言コースである「ファーストクラスアカデミー」に係る投資顧問契約の締結に際し、顧客に対し、山本一也代表取締役社長（以下「山本社長」という。）が当該投資助言コースにおける助言・分析者である旨を記載した契約締結前交付書面等を作成・交付しながら、山本社長は、金融商品の価値等の分析や、顧客に対する助言等の行為を一切行うことなく、山本社長が個人的に雇用したとする者等をして、当該投資助言コースに係る投資助言行為を行わせている。 また、当社は、渡部純一元代表取締役会長（令和元年９月22日付けで当社を退職。以下「渡部元会長」という。）から紹介を受けた株式会社Staredge（東京都港区、法人番号4010401144300、金融商品取引業の登録はない。）をして、当該投資助言コースに係る投資顧問契約の締結の代理を行わせている。 当社における上記の業務運営状況は、金融商品取引法第51条に規定する「業務の運営に関し、公益又は投資者保護のため必要かつ適当であると認めるとき」に該当するものと認められる。 (３) 投資助言・代理業を適確に遂行するに足りる人的構成が確保されていない状況 当社においては、業務のほとんどを上記（１）の名義貸しによる違法な業務に依存している状況が認められる中、山本社長及び渡部元会長は、当該名義貸しに積極的に関与していたほか、当社は、当社の職員である山根晋爾が、他の投資助言・代理業者からの違法な名義借りにより投資助言・代理業を行っていた株式会社サン（大阪市北区、法人番号9120001165540、金融商品取引業の登録はない。なお、同社による名義借りの状況は（注）のとおり。）の実質的代表者であることを認識しながら、同人の適格性について何ら審査することなく、同人をして、当社の助言・分析業務に携わらせているなど、当社経営陣（山本社長及び渡部元会長）においては、法令等遵守意識が欠如している。 さらに、当社は、コンプライアンス担当者を退職させた後、後任者の採用に向けた活動を行うことなく、上記の山本社長をして、コンプライアンス担当と営業担当とを兼務させている。 このように、当社においては、投資助言・代理業を適確に遂行するに足りる人的構成が確保されていない。 （注）株式会社サンについては、福岡財務支局が当委員会からの勧告に基づき、平成30年11月13日付けで登録取消処分等を行ったデルタインベストメント株式会社及び近畿財務局が当委員会からの勧告に基づき、令和元年12月13日付けで業務停止命令等を行った堀田勝己（トレードマスターラボ）から名義を借り、無登録で投資助言・代理業を行っていた者であることが認定されている。 当社における上記の状況は、金融商品取引法第29条の４第１項第１号ホに定める「金融商品取引業を適確に遂行するに足りる人的構成を有しない者」に該当するものと認められ、このような当社の状況は、同法第52条第１項第１号に該当するものと認められる。 （別紙） ・無登録業者に対する名義貸し（概要表） 投資助言コースの名称 名義を借りて投資助言・代理業を行う者 投資助言行為の開始時期 顧客数 （延べ人数） 投資助言行為 の方法 1 「225機関投資家の目」 「FX機関投資家の目」 「ダブル配信 機関投資家の目」 和知秀樹 （東京都港区在住） 平成27年２月 4152名 電子メールによる配信 2 「Extreme225」 「Swing225」 「日経225DoubleStar」 「EO225」 「ID225」 吉田裕章 （神奈川県横浜市在住） 平成29年７月 60名 電子メールによる配信 3 「桐生式IPOセカンダリー配信」 川口京祐 （東京都中野区在住） 平成30年８月 21名 SNSアプリケーションによる、助言内容を記載したウェブサイトのURLの配信等 （参考条文） ○　金融商品取引法（昭和23年法律第25号）（抄） （登録の拒否） 第二十九条の四　内閣総理大臣は、登録申請者が次の各号のいずれかに該当するとき、又は登録申請書若しくはこれに添付すべき書類若しくは電磁的記録のうちに虚偽の記載若しくは記録があり、若しくは重要な事実の記載若しくは記録が欠けているときは、その登録を拒否しなければならない。 一　次のいずれかに該当する者 イ～ニ（略） ホ　金融商品取引業を適確に遂行するに足りる人的構成を有しない者 （以下、略） （名義貸しの禁止） 第三十六条の三　金融商品取引業者等は、自己の名義をもつて、他人に金融商品取引業（登録金融機関にあつては、登録金融機関業務。以下この款において同じ。）を行わせてはならない。 （金融商品取引業者に対する業務改善命令） 第五十一条　内閣総理大臣は、金融商品取引業者の業務の運営又は財産の状況に関し、公益又は投資者保護のため必要かつ適当であると認めるときは、その必要の限度において、当該金融商品取引業者に対し、業務の方法の変更その他業務の運営又は財産の状況の改善に必要な措置をとるべきことを命ずることができる。 （金融商品取引業者に対する監督上の処分） 第五十二条　内閣総理大臣は、金融商品取引業者が次の各号のいずれかに該当する場合においては、当該金融商品取引業者の第二十九条の登録を取り消し、第三十条第一項の認可を取り消し、又は六月以内の期間を定めて業務の全部若しくは一部の停止を命ずることができる。 一　第二十九条の四第一項第一号、第二号又は第三号に該当することとなつたとき。 （以下、略）
2020-04-17,三信建設工業株式会社,,公開買付者との契約締結交渉者による三信建設工業株式会社株式に係る内部者取引に対する課徴金納付命令の勧告について,https://www.fsa.go.jp/sesc/news/c_2020/2020/20200417-2.html,"English version 令和2年4月17日 証券取引等監視委員会 公開買付者との契約締結交渉者による三信建設工業株式会社株式に係る内部者取引に対する課徴金納付命令の勧告について １．勧告の内容 証券取引等監視委員会は、公開買付者との契約締結交渉者による三信建設工業株式会社株式に係る内部者取引について検査した結果、下記のとおり法令違反の事実が認められたので、本日、内閣総理大臣及び金融庁長官に対して、金融庁設置法第２０条第１項の規定に基づき、課徴金納付命令を発出するよう勧告を行った。 ２．法令違反の事実関係 課徴金納付命令対象者は、公開買付者である株式会社アクティオホールディングス（以下「アクティオＨＤ」という。）との間で行っていた公開買付けに関する契約の締結の交渉に関し、アクティオＨＤの業務執行を決定する機関が、三信建設工業株式会社（以下「三信建設工業」という。平成３０年９月１８日上場廃止）株式の公開買付けを行うことについての決定をした旨の公開買付けの実施に関する事実を知りながら、前記事実の公表がされた平成３０年６月２５日より前の同月５日から同月１４日までの間、自己の計算において、三信建設工業株式合計５０００株を買付価額合計２６６万円で買い付けたものである。 違反行為事実の概要については、 別図 のとおり。 課徴金納付命令対象者が行った上記の行為は、金融商品取引法第１７５条第２項に規定する「第１６７条第１項又は第３項の規定に違反して、同条第１項に規定する特定株券等若しくは関連株券等に係る買付け等」をした行為に該当すると認められる。 ３．課徴金の額の計算 上記の違反行為に対し、金融商品取引法に基づき納付を命じられる課徴金の額は、７０万円である。 計算方法の詳細については、 別紙 のとおり。 ４．その他 本件については、日本取引所自主規制法人より提供された情報を参考として、実態解明を行ったものである。 （別図） ○違反行為事実の概要について （クリックすると拡大されます） （別紙） 〇課徴金の額の計算について 金融商品取引法第１７５条第２項第２号の規定により、当該有価証券の買付けについて、公開買付け等の実施に関する事実の公表がされた後２週間における最も高い価格（672円）に当該有価証券の買付けの数量を乗じて得た額から当該有価証券の買付けをした価格にその数量を乗じて得た額を控除した額。 （672円×5,000株） －（515円×1,000株＋532円×1,000株＋533円×1,000株＋540円×2,000株） ＝700,000円"
2020-04-17,三信建設工業株式会社,,三信建設工業株式に係る仮装売買に対する課徴金納付命令の勧告について,https://www.fsa.go.jp/sesc/news/c_2020/2020/20200417-1.html,"English version 令和２年４月１７日 証券取引等監視委員会 三信建設工業株式に係る仮装売買に対する課徴金納付命令の勧告について １．勧告の内容 証券取引等監視委員会は、三信建設工業株式に係る仮装売買について検査した結果、下記のとおり法令違反の事実が認められたので、本日、内閣総理大臣及び金融庁長官に対して、金融庁設置法第２０条第１項の規定に基づき、課徴金納付命令を発出するよう勧告を行った。 ２．法令違反の事実関係 課徴金納付命令対象者は、三信建設工業株式会社（平成３０年９月１８日上場廃止）の株式の売買が繁盛に行われていると他人に誤解させる等その売買の状況に関し他人に誤解を生じさせる目的をもって、別表記載のとおり、平成３０年５月１６日午後１時１１分頃から同年６月５日午前９時６分頃までの間、自己及び親族の計算において、同株式合計７万１０００株につき、２７回にわたって自己による売買の注文を対当させ、もって、権利の移転を目的としない仮装の売買をしたものである。 違反行為事実の概要については、 別図 のとおり。 課徴金納付命令対象者が行った上記の行為は、金融商品取引法第１７４条第１項に規定する「第１５９条第１項の規定に違反する有価証券の売買」に該当すると認められる。 ３．課徴金の額の計算 上記の違反行為に対し金融商品取引法に基づき納付を命じられる課徴金の額は、３億３４７５万円である。 計算方法の詳細については、 別紙１ 及び 別紙２ のとおり。 （別表） ○違反行為状況 （クリックすると拡大されます） （別図） ○違反行為事実の概要について （クリックすると拡大されます） （別紙１） ○課徴金の額の計算方法について 別表 の違反行為に係る課徴金の額の計算の基礎は以下のとおりである。 １．金融商品取引法第１７４条第１項の規定により、当該違反行為に係る課徴金の額は、当該違反行為に係る自己の計算による有価証券の売付け等又は買付け等の数量が、当該違反行為に係る自己の計算による有価証券の買付け等又は売付け等の数量を超える場合、当該超える数量に係る有価証券の売付け等の価額から当該違反行為が終了してから１月を経過するまでの間の各日における当該違反行為に係る有価証券の買付け等についての金融商品取引法第６７条の１９又は第１３０条に規定する最低の価格のうち最も低い価格に当該超える数量を乗じて得た額を控除した額、又は当該違反行為が終了してから１月を経過するまでの間の各日における当該違反行為に係る有価証券の売付け等についての金融商品取引法第６７条の１９又は第１３０条に規定する最高の価格のうち最も高い価格に当該超える数量を乗じて得た額から当該超える数量に係る有価証券の買付け等の価額を控除した額。 なお、金融商品取引法第１７４条第５項第２号及び金融商品取引法第六章の二の規定による課徴金に関する内閣府令第１条の１４第２項第１号の規定により、当該違反者の親族の計算における売付け等又は買付け等は、当該違反者の自己の計算においてしたものとみなす。 ２．上記１．で算定された課徴金の額につき、金融商品取引法第１７６条第２項の規定により１万円未満の端数を切り捨てて算定。 以上につき、 別紙２ のとおり。 （別紙２） 別表 に掲げる事実につき (1) 当該違反行為に係る自己の計算による有価証券の売付け等の数量は、130,000株であり、当該違反行為に係る自己の計算による有価証券の買付け等の数量は、実際の買付け等の数量99,000株に、金融商品取引法第１７４条第７項及び金融商品取引法施行令第３３条の９の５第１号の規定により、違反行為の開始時にその時における価格（554円）で買付け等を自己の計算においてしたものとみなされる当該違反行為の開始時に所有している有価証券の数量2,857,000株を加えた2,956,000株であることから、当該違反行為に係る自己の計算による有価証券の買付け等の数量（2,956,000株）が、当該違反行為に係る自己の計算による有価証券の売付け等の数量（130,000株）を超えていることから、当該違反行為が終了してから１月を経過するまでの間の各日における当該違反行為に係る有価証券の売付け等についての金融商品取引法第６７条の１９又は第１３０条に規定する最高の価格のうち最も高い価格（672円）に当該超える数量2,826,000株（買付け等の数量2,956,000株－売付け等の数量130,000株）を乗じて得た額から、当該超える数量に係る有価証券の買付け等の価額を控除した額 （672円×2,826,000株） －（485円×2,000株＋487円×6,000株＋488円×4,000株＋489円×3,000株 ＋495円×1,000株＋527円×3,000株＋546円×12,000株＋548円×4,000株 ＋549円×4,000株＋550円×3,000株＋551円×3,000株＋552円×4,000株 ＋553円×15,000株＋554円×2,743,000株＋555円×9,000株 ＋556円×8,000株＋558円×2,000株） ＝ 334,758,000円 (2) 金融商品取引法第１７６条第２項の規定により、上記(1)で計算した額の１万円未満の端数を切捨て、334,750,000円となる。"
2020-04-14,株式会社IGMフィナンシャルグループ,,株式会社IGMフィナンシャルグループに対する検査結果に基づく勧告について,https://www.fsa.go.jp/sesc/news/c_2020/2020/20200414-1.html,English version 令和２年４月14日 証券取引等監視委員会 株式会社IGMフィナンシャルグループに対する検査結果に基づく勧告について １．勧告の内容 関東財務局長が株式会社IGMフィナンシャルグループ（東京都渋谷区、法人番号7011101043839、代表取締役　梶川　雄一（かじかわ　ゆういち）、資本金2000万円、常勤役職員３名、投資助言・代理業）を検査した結果、下記のとおり、当該金融商品取引業者に係る問題が認められたので、本日、証券取引等監視委員会は、内閣総理大臣及び金融庁長官に対して、金融庁設置法第20条第１項の規定に基づき、行政処分を行うよう勧告した。 ２．事実関係 (１) 　金融商品取引契約の締結の勧誘に関して、顧客に対し虚偽のことを告げる行為及び重要な事項につき誤解を生ぜしめるべき表示をする行為 株式会社IGMフィナンシャルグループ（以下「当社」という。）は、メールアドレスを把握している見込顧客に対して、過去の助言実績等の情報を記載したメールマガジンを配信するほか、当該メールマガジンに当社ウェブサイト内の専用ページのＵＲＬを記載することにより、それらのページに掲載した過去の助言実績等を閲覧するように誘導し、投資顧問契約の締結の勧誘を行っているが、平成28年11月から令和元年10月までの間の勧誘状況を確認したところ、以下の法令違反行為が認められた。 ア．金融商品取引契約の締結の勧誘に関して、顧客に対し虚偽のことを告げる行為 当社は、専用ページにおいて、日経225先物取引等に係る助言実績に関して、損失が発生していたにもかかわらず利益と記載したり、実際には助言を行っていない銘柄を、助言を行った銘柄であると記載したりするなど、虚偽の内容を告げて投資顧問契約の締結の勧誘を行った（別紙参照）。 イ．金融商品取引契約の締結の勧誘に関して、重要な事項につき誤解を生ぜしめるべき表示をする行為 当社は、専用ページにおいて、日経225先物取引の助言を行う「225プロフェッショナルライン」に関し、外部の者が提供するＡＩ分析ソフトによる過去の収支等のシミュレーション結果であって、当社の助言実績とは無関係なものをあたかも当社の助言実績であるかのように表示し、投資顧問契約の締結の勧誘を行った。 当社の上記アの行為は、金融商品取引法（以下「金商法」という。）第38条第１号に掲げる「金融商品取引契約の締結又はその勧誘に関して、顧客に対し虚偽のことを告げる行為」に、上記イの行為は、金商法第38条第９号（平成29年法律第37号による改正前は同条第８号）に基づく金融商品取引業等に関する内閣府令第117条第１項第２号に掲げる「金融商品取引契約の締結又はその勧誘に関して、重要な事項につき誤解を生ぜしめるべき表示をする行為」に該当するものと認められる。 (２) 　投資助言・代理業を適確に遂行するに足りる人的構成が確保されていない状況及び投資助言・代理業を適確に遂行するための必要な体制が整備されていない状況 当社の役職員は計３名のところ、梶川雄一代表取締役は、社内規程上、同人の担当業務とされている顧客管理を含め、当社の業務に一切関与せず、また、上川原圭輔取締役（令和元年５月12日まで当社代表取締役。）は、他の法人（金融商品取引業者等ではない。）の常勤職員として勤務し、当社の業務への関与は当該業務に従事した後のわずかな時間にとどまり、さらに、Ａコンプライアンス室長は、自らが担当する投資顧問契約を締結した顧客への対応を行うだけで、コンプライアンス業務を全く行っていない。 このように、当社の人的構成は極めて脆弱であるところ、契約締結時交付書面や事業報告書の記載不備等の基本的な業務運営に係る動作不備が多数認められているほか、今回検査において日計表や総勘定元帳等の会計帳簿すら提出できておらず、投資助言・代理業を適確に遂行する状況とはなっていない。 さらに、当社においては、業務運営に係る社内規程に沿った業務運営態勢が整備されていないほか、当該規程を遵守するための役職員に対する研修その他の措置も講じられておらず、投資助言・代理業を適確に遂行するための必要な体制が整備されていない。 当社における上記の状況は、金商法第29条の４第１項第１号ホに定める「金融商品取引業を適確に遂行するに足りる人的構成を有しない者」に該当し、また、同号ヘに定める「金融商品取引業を適確に遂行するための必要な体制が整備されていると認められない者」に該当することから、このような当社の状況は、同法第52条第１項第１号に該当するものと認められる。 （別紙） 上川原圭輔取締役が行った投資助言における虚偽の告知 ○　日経225先物取引の助言を行う「寄り引けマスター」及び「オーバーナイトJET」の助言実績に関して、実際には平成29年の月別収支及び年累計は損失（１月▲122万円、同２月▲137万円、年累計▲280万円）となっていたにもかかわらず、事実に反して、月別収支及び年累計を利益（１月+138万円、２月+178.5万円、年累計+295.5万円）となったと記載。 ○　日本株の助言を行う「KABU PREMIUM」において、株式の助言実績のない銘柄であるにもかかわらず、事実に反して「当サイト公開銘柄も急騰」と記載。 Ａコンプライアンス室長が行った投資助言における虚偽の告知 ○　日経225先物取引の助言を行う「225戦略マガジンGOLD」の令和元年７月から９月までの各月の助言実績に関して、実際の助言実績（７月13万円、８月17万円、９月33万円）ではなく、事実に反する過大な助言実績（７月68万円、８月66万円、９月59万円）を記載。 （参考条文） ○　金融商品取引法（昭和23年法律第25号）（抄） （登録の拒否） 第二十九条の四　内閣総理大臣は、登録申請者が次の各号のいずれかに該当するとき、又は登録申請書若しくはこれに添付すべき書類若しくは電磁的記録のうちに虚偽の記載若しくは記録があり、若しくは重要な事実の記載若しくは記録が欠けているときは、その登録を拒否しなければならない。 一　次のいずれかに該当する者 イ～ニ　（略） ホ　金融商品取引業を適確に遂行するに足りる人的構成を有しない者 ヘ　金融商品取引業を適確に遂行するための必要な体制が整備されていると認められない者 （以下、略） （禁止行為） 第三十八条　金融商品取引業者等又はその役員若しくは使用人は、次に掲げる行為をしてはならない。ただし、第四号から第六号までに掲げる行為にあつては、投資者の保護に欠け、取引の公正を害し、又は金融商品取引業の信用を失墜させるおそれのないものとして内閣府令で定めるものを除く。 一　金融商品取引契約の締結又はその勧誘に関して、顧客に対し虚偽のことを告げる行為 二～八　（略） 九　前各号に掲げるもののほか、投資者の保護に欠け、若しくは取引の公正を害し、又は金融商品取引業の信用を失墜させるものとして内閣府令で定める行為 （金融商品取引業者に対する監督上の処分） 第五十二条　内閣総理大臣は、金融商品取引業者が次の各号のいずれかに該当する場合においては、当該金融商品取引業者の第二十九条の登録を取り消し、第三十条第一項の認可を取り消し、又は六月以内の期間を定めて業務の全部若しくは一部の停止を命ずることができる。 一　第二十九条の四第一項第一号、第二号又は第三号に該当することとなつたとき。 （以下、略） ○　金融商品取引業等に関する内閣府令（平成19年内閣府令第52号）（抄） （誇大広告をしてはならない事項） 第七十八条　法第三十七条第二項に規定する内閣府令で定める事項は、次に掲げる事項とする。 一～五　（略） 六　金融商品取引業者等の金融商品取引業（登録金融機関にあっては、登録金融機関業務）の実績に関する事項 （以下、略） （禁止行為） 第百十七条　法第三十八条第八号に規定する内閣府令で定める行為は、次に掲げる行為とする。 一　（略） 二　金融商品取引契約の締結又はその勧誘に関して、虚偽の表示をし、又は重要な事項につき誤解を生ぜしめるべき表示をする行為 （以下、略）
2020-05-08,,,「今後の証券モニタリングの基本的な考え方」（案）の公表について,https://www.fsa.go.jp/sesc/news/c_2020/2020/20200508-1.html,令和２年５月８日 証券取引等監視委員会 「今後の証券モニタリングの基本的な考え方」（案）の公表について 証券取引等監視委員会（以下「証券監視委」という。）では、監督部局と連携して金融商品取引業者等に対するオン・オフ一体の証券モニタリングに取り組む中、今後の証券モニタリングの基本的な考え方について整理し、別紙のとおり「今後の証券モニタリングの基本的な考え方」（案）を取りまとめましたので、公表します。 具体的な内容については （別紙） を御参照ください。 この案について御意見がありましたら、 令和２年６月８日（月）17時00分（必着） までに、氏名（法人その他の団体にあっては名称）、職業（法人その他の団体にあっては業種）、連絡先（住所、電話番号又は電子メールアドレス）及び理由を付記の上、郵便、ファックスにより下記送付先に、お寄せください。電話による御意見は御遠慮願います。 インターネットによる御意見は、下記e-Govウェブサイトに、お寄せください。 御意見をお寄せいただいた方の氏名（法人その他の団体にあっては名称）については、開示の請求等があった場合には、御意見の内容とともに開示させていただきますので、御承知おきください。開示の際に匿名を希望される場合は、御意見の冒頭にその旨を明確に御記載ください。なお、開示に当たっては、御意見の内容に、（１）個人に関する情報であって特定の個人が識別され得る記述がある場合、又は（２）法人等の権利、競争上の地位その他正当な利益を侵害するおそれのある記述がある場合、には当該箇所を伏せさせていただくことがあります。 御意見に付記された電話番号等の個人情報は、御意見の内容に不明な点があった際に連絡・確認をさせていただく場合や御意見がどのような立場からのものかを確認させていただく場合に利用します。 なお、御意見に対しての個別の回答はいたしませんので、あらかじめ御了承ください。 御意見の募集は終了しました。ご協力ありがとうございました。 本件に併せて、金融庁において「金融商品取引業者等向けの総合的な監督指針」の一部改正を予定しています。「金融商品取引業者等向けの総合的な監督指針」の一部改正（案）については、 金融庁のウェブサイト を御参照ください。 御意見の送付先 証券取引等監視委員会事務局証券検査課 郵便：〒100-8922 東京都千代田区霞が関３－２－１　中央合同庁舎第７号館 ファックス：03-5251-2137 URL： http://www.fsa.go.jp/sesc/ お問い合わせ先 Tel　03-3506-6000（代表） 証券取引等監視委員会事務局証券検査課（内線： 2036、3044） （別紙） 「今後の証券モニタリングの基本的な考え方」（案）（PDF:76KB）
2020-03-27,イーストスプリング・インベストメンツ株式会社,,イーストスプリング・インベストメンツ株式会社に対する検査結果に基づく勧告について,https://www.fsa.go.jp/sesc/news/c_2020/2020/20200327-1.html,English version 令和２年３月27日 証券取引等監視委員会 イーストスプリング・インベストメンツ株式会社に対する検査結果に基づく勧告について １．勧告の内容 証券取引等監視委員会がイーストスプリング・インベストメンツ株式会社（東京都千代田区、法人番号 2010001066780、資本金6.49億円、常勤役職員46名、投資運用業、投資助言・代理業、第二種金融商品取引業）を検査した結果、下記のとおり、当該金融商品取引業者に係る問題が認められたので、本日、証券取引等監視委員会は、内閣総理大臣及び金融庁長官に対して、金融庁設置法第20条第１項の規定に基づき、行政処分を行うよう勧告した。 ２．事実関係 イーストスプリング・インベストメンツ株式会社（以下「当社」という。）を検査した結果、以下の問題が認められた。 ○ 投資信託の受益者のために忠実に投資運用業を行っていない状況 当社は、当社が運用する投資信託の基準価額の計算や会計処理等の投信計理業務をＡ社に業務委託するとともに（平成23年から同27年にかけて行われていたもの。以下「当該業務委託契約」という。）、自らが運用する投資信託のグローバル・カストディアンとしての業務をＡ社のグループ会社であるＢ社に集約している。 平成26年８月から９月にかけて、Ａ社において複数の事務過誤（誤った投資信託の基準価額の情報媒体への配信等）が発生したことを踏まえ、当社は、当該業務委託契約を解約することとしたが、当社の都合により解約する場合、Ａ社に対して解約金を支払う契約となっていた。当社は、平成27年の初めごろから、Ａ社との間で、解約金を生じさせない解約合意に向け、交渉（以下「本件交渉」という。）を行っている。 本件交渉において、当社は、Ａ社から、Ｂ社がグローバル・カストディアンとなっている投資信託において、従前のカストディフィーにベースフィー（受託財産の規模や取引件数に関わらず固定額を賦課するもの。）を追加することによる値上げ（以下「当該値上げ」という。）を行うことを条件として提示された。 これを受け、当社は、特定の投資信託（他の投資信託に取得させることを目的とする投資信託。以下「当該マザーファンド」という。）において当該値上げを行うこととし、平成27年２月、Ａ社に対し、当該値上げを受け入れる旨及び当該マザーファンドの再信託受託会社である信託銀行（以下「受託銀行」という。）から当該値上げについて確認を求められた場合には同意する旨（注）を伝達している。 （注）当該マザーファンドにおけるグローバル・カストディアンとしての業務に係る契約当事者は、Ｂ社及び受託銀行であり、契約内容を変更する場合には、受託銀行は当社に確認を行うこととなっていた。 その後、当社は、受託銀行から、当該値上げの可否について確認を受け、これを了承しており、その結果、平成27年３月１日から、当該マザーファンドにおいて、当該値上げが行われることとなった。 なお、同時期に当社とＡ社との間で締結された、当該業務委託契約の解約に係る合意書において、今回の解約に伴う解約金は生じないこと等が定められており、解約金の発生は回避されている。 上記のとおり、当社は、Ａ社との本件交渉における条件に当該値上げを含めており、また、当該値上げの合理性について何ら確認することなく当該値上げを受け入れている。これにより、当該マザーファンドの費用が増加する結果となる中で、当社は、自らが運用する投資信託に当該マザーファンドを組み入れて運用を行っている。 当社の上記行為は、投資信託の受益者のために忠実に投資運用業を行っていないものであり、金融商品取引法第42条第１項に違反するものと認められる。 参考資料（PDF：482KB） （参考条文） ○　金融商品取引法（昭和23年法律第25号）（抄） （定義） 第二条　この法律において「有価証券」とは、次に掲げるものをいう。 一～九　（略） 十　投資信託及び投資法人に関する法律（昭和二十六年法律第百九十八号）に規定する投資信託又は外国投資信託の受益証券 十一～二十一　（略） ２～７ （略） ８　この法律において「金融商品取引業」とは、次に掲げる行為（略）のいずれかを業として行うことをいう。 一～十三 （略） 十四　金融商品の価値等の分析に基づく投資判断に基づいて有価証券又はデリバティブ取引に係る権利に対する投資として、第一項第十号に掲げる有価証券に表示される権利その他の政令で定める権利を有する者から拠出を受けた金銭その他の財産の運用を行うこと（第十二号に掲げる行為に該当するものを除く。）。 十五～十八　（略） ９～42　（略） （権利者に対する義務） 第四十二条　金融商品取引業者等は、権利者（次の各号に掲げる業務の区分に応じ当該各号に定める者をいう。以下この款において同じ。）のため忠実に投資運用業を行わなければならない。 一　（略） 二　第二条第八項第十四号に掲げる行為を行う業務　同号に規定する有価証券に表示される権利その他の政令で定める権利を有する者 三　（略） ２　（略）
2020-03-11,株式会社ディーティーシー,,株式会社ディーティーシーに対する検査結果に基づく勧告について,https://www.fsa.go.jp/sesc/news/c_2020/2020/20200311-1.html,English version 令和２年３月11日 証券取引等監視委員会 株式会社ディーティーシーに対する検査結果に基づく勧告について １．勧告の内容 福岡財務支局長が株式会社ディーティーシー（福岡県福岡市、法人番号1290001037788、代表取締役Ｂ、資本金300万円、常勤役職員４名、投資助言・代理業）を検査した結果、下記のとおり、当該金融商品取引業者に係る問題が認められたので、本日、証券取引等監視委員会は、内閣総理大臣及び金融庁長官に対して、金融庁設置法第20条第１項の規定に基づき、行政処分を行うよう勧告した。 ２．事実関係 株式会社ディーティーシー（以下「当社」という。）は、当社ウェブサイトや無料のメールマガジン等に広告を掲載することにより、投資顧問契約の締結の勧誘を行い、会員向けメール配信等により、助言を行っている。 そのような中、今回検査において当社の業務運営の状況を検証したところ、以下の問題が認められた。 (１) 投資助言・代理業を適確に遂行するに足りる人的構成が確保されていない状況及び投資助言・代理業を適確に遂行するための必要な体制が整備されていない状況 当社は、設立当初から、実質的な業務運営はＣ（株式会社アイエフリバース（福岡県福岡市、法人番号7290001048103）の代表取締役。当社の株主や役職員ではなく、金融商品取引業の登録はない。）によって行われ、同人が当社を実質的に支配している状況が認められた。 このような状況の下、当社経営陣（Ｂ代表及びＥ専務）は、Ｃの指示どおりに従い、法令等遵守意識及び投資者保護意識が著しく欠如したまま、漫然と業務を行っている。 また、当社は、管理部長（非常勤）を「法令等を遵守させるための指導に関する業務を統括させる使用人」として当局に届け出ているものの、遅くとも平成24年５月以降は当人及び他の役職員が当該業務に従事している事実はなく、当社に当該業務を統括する者がいない状況を放置している。 そのほか、当社は、投資助言・代理業を適確に遂行するために、業務の内容及び方法に関する社内規程を定めているものの、規程に沿った業務の遂行がほとんど行われておらず、投資助言・代理業を適確に遂行するための必要な体制が整備されていない。 当社における上記の状況は、金融商品取引法(以下「金商法」という。)第29条の４第１項第１号ホに定める「金融商品取引業を適確に遂行するに足りる人的構成を有しない者」に該当し、また、同号ヘに定める「金融商品取引業を適確に遂行するための必要な体制が整備されていると認められない者」に該当することから、このような当社の状況は、同法第52条第１項第１号に該当するものと認められる。 そして、このような状況の中で、当社経営陣は法令違反行為であることを認識しながら以下の行為を行っていた。 (２) 顧客取引を利用して実質的支配者らの利益を図る目的をもって行った正当な根拠を有しない助言行為 当社は、Ｃからの指示に基づき、株式会社トラフィックトレード（福岡県福岡市、法人番号1290001025859、代表取締役Ｆ、資本金1000万円、常勤役職員４名、投資助言・代理業）と共同するなどして、Ｃらが買い付けた銘柄の株価を上昇させて、Ｃらの利益獲得を目的として、以下の手口により、複数の顧客に対し、正当な根拠を有しない助言を行っていた。 ア　Ｃは、自己名義の口座等を利用して、特定の株式を買い付ける。Ｅ専務は、Ｃからの当該株式に係る買付指示に基づき、Ｃらが運用する口座等を利用して、当該指示のあった銘柄を買い付ける。 イ　当社は、顧客の買付けに基づく価格変動を利用してＣらの利益を図る目的をもって、Ｃからの指示に基づき、チャートや周辺情報を確認・分析することなく、正当な根拠を有さずにＣの買付銘柄を買い推奨とする助言を行う。 ウ　上記イに前後して、Ｂ代表らは、Ｃからの指示に基づき、当社と無関係を装ったSNSアカウントを利用し、見込顧客に対して、Ｃの買付銘柄を推奨する投稿を行う。 エ　Ｃの買付銘柄の株価が上昇したところで、Ｃは、当該銘柄を売り抜けることにより、Ｃの利益を確定させる。また、Ｅ専務は、Ｃからの売付指示又はＥ専務の判断等に基づき、当該銘柄を売り抜けることにより、取引していた口座の利益を確定させる。 （具体的な事例は別紙１のとおり。） 当社の上記行為は、金商法第41条の２第２号に掲げる「特定の金融商品に関し、顧客の取引に基づく価格の変動を利用して当該顧客以外の第三者の利益を図る目的をもつて、正当な根拠を有しない助言を行うこと」に該当するものと認められる。 (３) 金融商品取引業者等の役員が、自己の職務上の地位を利用して、顧客の有価証券の売買その他の取引等に係る注文の動向その他職務上知り得た特別の情報に基づいて、有価証券の売買その他の取引等をする行為 Ｅ専務は、顧客に対する助言の内容を事前に知り得る立場にあることを利用して、助言を受けた顧客の取引に基づく価格の変動を利用して自己の利益獲得を目的として、第三者名義の口座を用い、顧客に助言を行う前に当該助言の内容に係る有価証券と同一の銘柄の有価証券の売買等を行った。 なお、Ｅ専務は、知人であるＡ（当社の顧客ではない。）の利益獲得を目的として、Ａに対し、顧客に助言を行う前に当該助言の内容の情報提供も行った。 （具体的な事例は別紙２のとおり。） 当社の役員が第三者名義の口座を用いて有価証券の売買を行った行為は、平成29年法律第37号による改正前の金商法第38条第８号に基づく金融商品取引業等に関する内閣府令第117条第１項第12号に掲げる「金融商品取引業者等の役員が、自己の職務上の地位を利用して、顧客の有価証券の売買その他の取引等に係る注文の動向その他職務上知り得た特別の情報に基づいて、有価証券の売買その他の取引等をする行為」に該当するものと認められる。 (４) 著しく人を誤認させる表示のある広告をする行為 当社は、無料のメールマガジンを配信する等の方法により、遅くとも平成31年１月以降、助言実績として掲載した株価上昇率について、実際には数％の上昇にとどまるにもかかわらず、実際の助言を行った期間とは異なる期間の株価上昇率を取り出し、あたかも助言を行った期間で株価が数倍に急騰したかのような記事を掲載していた。 当社の上記行為は、投資助言・代理業に関する広告において、助言実績に関する事項について、著しく人を誤認させるような表示を行うものであり、金商法第37条第２項に違反するものと認められる。 参考資料（PDF：232KB） （別紙１） 顧客取引を利用して実質的支配者の利益を図る目的をもって 行った正当な根拠を有しない助言行為の例 平成30年 当社助言日：Ｘ 行為 Ｘ-６営業日 Ｅ専務は、Ｃから（Ｃが買い付けた）a銘柄の買付指示を受け、Ｃらが運用する口座１を利用して、a銘柄を買付ける（Ｘ-１営業日、助言日にも追加で買付け）。 Ｘ-３営業日 Ｅ専務は、Ｃらが運用する口座２を利用して、a銘柄を買付ける（Ｘ-１営業日、助言日にも追加で買付け）。 その後、当社と共同してa銘柄の株価を上昇させるようＣから指示を受けた株式会社トラフィックトレードが、a銘柄を買い推奨（新規）とする助言を実施（Ｘ-１営業日、助言日にも買い推奨（フォロー）とする助言を実施）。 Ｘ-２営業日 当社は、Ｃからa銘柄を買い推奨とする助言を行うよう指示を受ける。 助言日 当社は、a銘柄を買い推奨とする助言を実施。 Ｘ+１営業日 a銘柄の株価が上昇したところで、Ｃ及びＥ専務は、それぞれの口座で買い付けたa銘柄を売り抜け、Ｃらの利益を確定。 （別紙２） 金融商品取引業者等の役員が、自己の職務上の地位を利用して、顧客の有価 証券の売買その他の取引等に係る注文の動向その他職務上知り得た特別の 情報に基づいて、有価証券の売買その他の取引等をする行為の例 平成29年 当社助言日：Ｙ 行為 遅くともＹ-６ 営業日までの間 顧客に配信する予定のb銘柄に係る助言内容をＥ専務らに共有。 Ｙ-６営業日 Ｅ専務は、第三者名義の口座を利用して、b銘柄を買い付ける（Ｙ-５営業日～助言日（Ｙ-３営業日を除く）にも追加で買付け）。 Ｅ専務は、知人であるＡに、b銘柄の買付けを勧める。 Ｙ-３営業日 Ｅ専務は、知人であるＡに、b銘柄の買い推奨時期とＳＮＳでの推奨時期を伝達。 Ｙ-１営業日 Ｅ専務は、知人であるＡに、再度b銘柄の買い推奨時期とＳＮＳでの推奨時期を伝達。 助言日 Ｅ専務は、知人であるＡに、本日b銘柄の買い推奨を行うことを伝達。 当社は、b銘柄を買い推奨（新規）とする助言を実施（同日、Ｙ+１営業日にも買い推奨（フォロー）とする助言を実施）。 Ｅ専務は、b銘柄を一部売却。 Ｙ+１営業日 Ｂ代表らは、当社と無関係を装ったSNSアカウントを利用し、b銘柄を推奨する投稿を実施（Ｙ+８営業日まで連日投稿）。 Ｅ専務は、Ｙ＋６営業日までの間に、保有していたb銘柄を売り抜け、利益を確定。 （参考条文） ○　金融商品取引法（昭和23年法律第25号）（抄） （登録の拒否） 第二十九条の四　内閣総理大臣は、登録申請者が次の各号のいずれかに該当するとき、又は登録申請書若しくはこれに添付すべき書類若しくは電磁的記録のうちに虚偽の記載若しくは記録があり、若しくは重要な事実の記載若しくは記録が欠けているときは、その登録を拒否しなければならない。 一　次のいずれかに該当する者 イ～ニ　（略） ホ　金融商品取引業を適確に遂行するに足りる人的構成を有しない者 ヘ　金融商品取引業を適確に遂行するための必要な体制が整備されていると認められない者 （以下、略） （広告等の規制） 第三十七条　（略） ２　金融商品取引業者等は、その行う金融商品取引業に関して広告その他これに類似するものとして内閣府令で定める行為をするときは、金融商品取引行為を行うことによる利益の見込みその他内閣府令で定める事項について、著しく事実に相違する表示をし、又は著しく人を誤認させるような表示をしてはならない。 （禁止行為） 第三十八条　金融商品取引業者等又はその役員若しくは使用人は、次に掲げる行為をしてはならない。ただし、第四号から第六号までに掲げる行為にあつては、投資者の保護に欠け、取引の公正を害し、又は金融商品取引業の信用を失墜させるおそれのないものとして内閣府令で定めるものを除く。 一～七　（略） 八　前各号に掲げるもののほか、投資者の保護に欠け、若しくは取引の公正を害し、又は金融商品取引業の信用を失墜させるものとして内閣府令で定める行為 ※　上記条文は、平成29年法律第37号による改正前の金融商品取引法に基づくもの。 （禁止行為） 第四十一条の二　金融商品取引業者等は、その行う投資助言業務に関して、次に掲げる行為をしてはならない。 一　（略） 二　特定の金融商品、金融指標又はオプションに関し、顧客の取引に基づく価格、指標、数値又は対価の額の変動を利用して自己又は当該顧客以外の第三者の利益を図る目的をもつて、正当な根拠を有しない助言を行うこと。 （以下、略） （金融商品取引業者に対する監督上の処分） 第五十二条　内閣総理大臣は、金融商品取引業者が次の各号のいずれかに該当する場合においては、当該金融商品取引業者の第二十九条の登録を取り消し、第三十条第一項の認可を取り消し、又は六月以内の期間を定めて業務の全部若しくは一部の停止を命ずることができる。 一　第二十九条の四第一項第一号、第二号又は第三号に該当することとなつたとき。 （以下、略） ○　金融商品取引業等に関する内閣府令（平成19年内閣府令第52号）（抄） （誇大広告をしてはならない事項） 第七十八条　法第三十七条第二項に規定する内閣府令で定める事項は、次に掲げる事項とする。 一～五　（略） 六　金融商品取引業者等の金融商品取引業（登録金融機関にあっては、登録金融機関業務）の実績に関する事項 （以下、略） （禁止行為） 第百十七条　法第三十八条第八号に規定する内閣府令で定める行為は、次に掲げる行為とする。 一～十一　（略） 十二　個人である金融商品取引業者又は金融商品取引業者等の役員（役員が法人であるときは、その職務を行うべき社員を含む。）若しくは使用人が、自己の職務上の地位を利用して、顧客の有価証券の売買その他の取引等に係る注文の動向その他職務上知り得た特別の情報に基づいて、又は専ら投機的利益の追求を目的として有価証券の売買その他の取引等をする行為 （以下、略） ※　上記条文は、改正前の金融商品取引業等に関する内閣府令に基づくもの。
2020-03-11,株式会社トラフィックトレード,,株式会社トラフィックトレードに対する検査結果に基づく勧告について,https://www.fsa.go.jp/sesc/news/c_2020/2020/20200311-2.html,English version 令和２年３月11日 証券取引等監視委員会 株式会社トラフィックトレードに対する検査結果に基づく勧告について １．勧告の内容 福岡財務支局長が株式会社トラフィックトレード（福岡県福岡市、法人番号1290001025859、代表取締役Ｆ、資本金1000万円、常勤役職員４名、投資助言・代理業）を検査した結果、下記のとおり、当該金融商品取引業者に係る問題が認められたので、本日、証券取引等監視委員会は、内閣総理大臣及び金融庁長官に対して、金融庁設置法第20条第１項の規定に基づき、行政処分を行うよう勧告した。 （注）令和２年１月31日、前取締役のＨ（以下「Ｈ元取締役」という。）とＧ（以下「Ｇ元取締役」という。）が退任。 ２．事実関係 株式会社トラフィックトレード（以下「当社」という。）は、当社ウェブサイトや無料のメールマガジン等に広告を掲載することにより、投資顧問契約の締結の勧誘を行い、会員向けメール配信等により、助言を行っている。 そのような中、今回検査において当社の業務運営の状況を検証したところ、以下の問題が認められた。 (１) 投資助言・代理業を適確に遂行するに足りる人的構成が確保されていない状況及び投資助言・代理業を適確に遂行するための必要な体制が整備されていない状況 当社は、設立当初から、実質的な業務運営はＣ（株式会社アイエフリバース（福岡県福岡市、法人番号7290001048103）の代表取締役。当社の株主や役職員ではなく、金融商品取引業の登録はない。）によって行われ、同人が当社を実質的に支配している状況が認められた。 このような状況の下、当社経営陣（Ｆ代表取締役及びＧ元取締役並びにＨ元取締役）は、Ｃの指示どおりに従い、法令等遵守意識及び投資者保護意識が著しく欠如したまま、漫然と業務を行っている。 また、当社は、Ｃからの指示に基づき、令和元年８月１日より、Ｇ元取締役及びＨ元取締役が東京都港区に拠点を設置し、投資助言・代理業の一部を開始しているが、定款変更や東京拠点設置に関し、当局に必要な届出を行っていない。 そのほか、当社は、投資助言・代理業を適確に遂行するために、業務の内容及び方法に関する社内規程を定めているものの、規程に沿った業務の遂行がほとんど行われておらず、投資助言・代理業を適確に遂行するための必要な体制が整備されていない。 当社における上記の状況は、金融商品取引法(以下「金商法」という。)第29条の４第１項第１号ホに定める「金融商品取引業を適確に遂行するに足りる人的構成を有しない者」に該当し、また、同号ヘに定める「金融商品取引業を適確に遂行するための必要な体制が整備されていると認められない者」に該当することから、このような当社の状況は、同法第52条第１項第１号に該当するものと認められる。 そして、このような状況の中で、当社経営陣は法令違反行為であることを認識しながら以下の行為を行っていた。 (２) 顧客取引を利用して実質的支配者の利益を図る目的をもって行った正当な根拠を有しない助言行為 当社は、Ｃからの指示に基づき、株式会社ディーティーシー(福岡県福岡市、法人番号1290001037788、代表取締役Ｂ、資本金300万円、常勤役職員４名、投資助言・代理業)のＥ専務取締役（以下「Ｅ専務」という。）と共同するなどして、Ｃが買い付けた銘柄の株価を上昇させて、Ｃの利益獲得を目的として、以下の手口により、複数の顧客に対し、正当な根拠を有しない助言を行っていた。 ア　Ｃは、自己名義の口座等を利用して、特定の株式を買い付ける。Ｅ専務は、Ｃからの当該株式に係る買付指示に基づき、Ｃらが運用する口座等を利用して、当該指示のあった銘柄を買い付ける。 イ　当社は、顧客の買付けに基づく価格変動を利用してＣの利益を図る目的をもって、Ｃからの指示に基づき、チャートや周辺情報を確認・分析することなく、正当な根拠を有さずにＣの買付銘柄を買い推奨とする助言を行う。 ウ　上記イに前後して、Ｇ元取締役は、Ｃからの指示に基づき、SNSの当社公式アカウントを利用し、見込顧客に対して、Ｃの買付銘柄を推奨する投稿を行う。 エ　Ｃの買付銘柄の株価が上昇したところで、Ｃは、当該銘柄を売り抜けることにより、Ｃの利益を確定させる。また、Ｅ専務は、Ｃからの売付指示又は深谷専務の判断等に基づき、当該銘柄を売り抜けることにより、取引していた口座の利益を確定させる。 （具体的な事例は別紙１のとおり。） 当社の上記行為は、金商法第41条の２第２号に掲げる「特定の金融商品に関し、顧客の取引に基づく価格の変動を利用して当該顧客以外の第三者の利益を図る目的をもつて、正当な根拠を有しない助言を行うこと」に該当するものと認められる。 (３) 金融商品取引業者等の役員が、自己の職務上の地位を利用して、顧客の有価証券の売買その他の取引等に係る注文の動向その他職務上知り得た特別の情報に基づいて、有価証券の売買その他の取引等をする行為 Ｇ元取締役は、顧客に対する助言・分析を行う立場にあることを利用して、助言を受けた顧客の取引に基づく価格の変動を利用して自己及び配偶者の利益獲得を目的として、配偶者名義の口座を用い、顧客に助言を行う前に当該助言の内容に係る有価証券と同一の銘柄の有価証券の売買等を行った。 （具体的な事例は別紙２のとおり。） 当社の役員が配偶者名義の口座を用いて有価証券の売買を行った行為は、平成29年法律第37号による改正前の金商法第38条第８号に基づく金融商品取引業等に関する内閣府令第117条第１項第12号に掲げる「金融商品取引業者等の役員が、自己の職務上の地位を利用して、顧客の有価証券の売買その他の取引等に係る注文の動向その他職務上知り得た特別の情報に基づいて、有価証券の売買その他の取引等をする行為」に該当するものと認められる。 参考資料（PDF：232KB） （別紙１） 顧客取引を利用して実質的支配者の利益を図る目的をもって 行った正当な根拠を有しない助言行為の例 平成30年 当社助言日：Ｘ 行為 Ｘ-１営業日 Ｇ元取締役は、Ｃから（Ｃが買い付けた）a銘柄を推奨するSNSを投稿するよう指示を受け、当社公式アカウントを利用し、a銘柄を推奨する投稿を実施。 株式会社ディーティーシー（以下「D社」という。）のＢ代表は、Ｃから（Ｃが買い付けた）a銘柄を推奨するSNSを投稿するよう指示を受け、同社と無関係を装ったSNSアカウントを利用し、a銘柄を推奨する投稿を実施（当社がa銘柄を買い推奨（新規）とする助言を実施した後にも推奨する投稿を実施）。 遅くとも助言日までの間 D社Ｅ専務は、Ｃから（Ｃが買い付けた）a銘柄の買付指示を受け、Ｃらが運用する口座を利用して、a銘柄を買い付ける。 当社（Ｇ元取締役）は、Ｃからa銘柄を買い推奨とする助言を行うよう指示を受ける。 助言日 当社（Ｇ元取締役）は、a銘柄を買い推奨（新規）とする助言を実施（同日、a銘柄を買い推奨（フォロー）とする助言も実施）。 a銘柄の株価が上昇したところで、Ｃ及びＥ専務は、それぞれの口座で買い付けたa銘柄を売り抜け、Ｃらの利益を確定。 （別紙２） 金融商品取引業者等の役員が、自己の職務上の地位を利用して、顧客の有価 証券の売買その他の取引等に係る注文の動向その他職務上知り得た特別の 情報に基づいて、有価証券の売買その他の取引等をする行為の例 平成29年 当社助言日 行為 9:50前後 Ｇ元取締役は、Ｃから（Ｃが買い付けた）b銘柄を買い推奨とする助言を行うよう指示を受ける。 9:57 Ｇ元取締役は、配偶者名義の口座を利用して、b銘柄を買い付ける。 9:58 当社（Ｇ元取締役）は、b銘柄を買い推奨（新規）とする助言を実施。 9:59～10:07 Ｇ元取締役は、保有していたb銘柄を売り抜け、利益を確定。 （参考条文） ○　金融商品取引法（昭和23年法律第25号）（抄） （登録の拒否） 第二十九条の四　内閣総理大臣は、登録申請者が次の各号のいずれかに該当するとき、又は登録申請書若しくはこれに添付すべき書類若しくは電磁的記録のうちに虚偽の記載若しくは記録があり、若しくは重要な事実の記載若しくは記録が欠けているときは、その登録を拒否しなければならない。 一　次のいずれかに該当する者 イ～ニ　（略） ホ　金融商品取引業を適確に遂行するに足りる人的構成を有しない者 ヘ　金融商品取引業を適確に遂行するための必要な体制が整備されていると認められない者 （以下、略） （禁止行為） 第三十八条　金融商品取引業者等又はその役員若しくは使用人は、次に掲げる行為をしてはならない。ただし、第四号から第六号までに掲げる行為にあつては、投資者の保護に欠け、取引の公正を害し、又は金融商品取引業の信用を失墜させるおそれのないものとして内閣府令で定めるものを除く。 一～七　（略） 八　前各号に掲げるもののほか、投資者の保護に欠け、若しくは取引の公正を害し、又は金融商品取引業の信用を失墜させるものとして内閣府令で定める行為 ※　上記条文は、平成29年法律第37号による改正前の金融商品取引法に基づくもの。 （禁止行為） 第四十一条の二　金融商品取引業者等は、その行う投資助言業務に関して、次に掲げる行為をしてはならない。 一　（略） 二　特定の金融商品、金融指標又はオプションに関し、顧客の取引に基づく価格、指標、数値又は対価の額の変動を利用して自己又は当該顧客以外の第三者の利益を図る目的をもつて、正当な根拠を有しない助言を行うこと。 （以下、略） （金融商品取引業者に対する監督上の処分） 第五十二条　内閣総理大臣は、金融商品取引業者が次の各号のいずれかに該当する場合においては、当該金融商品取引業者の第二十九条の登録を取り消し、第三十条第一項の認可を取り消し、又は六月以内の期間を定めて業務の全部若しくは一部の停止を命ずることができる。 一　第二十九条の四第一項第一号、第二号又は第三号に該当することとなつたとき。 （以下、略） ○　金融商品取引業等に関する内閣府令（平成19年内閣府令第52号）（抄） （禁止行為） 第百十七条　法第三十八条第八号に規定する内閣府令で定める行為は、次に掲げる行為とする。 一～十一　（略） 十二　個人である金融商品取引業者又は金融商品取引業者等の役員（役員が法人であるときは、その職務を行うべき社員を含む。）若しくは使用人が、自己の職務上の地位を利用して、顧客の有価証券の売買その他の取引等に係る注文の動向その他職務上知り得た特別の情報に基づいて、又は専ら投機的利益の追求を目的として有価証券の売買その他の取引等をする行為 （以下、略） ※　上記条文は、改正前の金融商品取引業等に関する内閣府令に基づくもの。
2020-03-03,株式会社ＭＬＣ investment,,株式会社ＭＬＣ investmentに対する検査結果に基づく勧告について,https://www.fsa.go.jp/sesc/news/c_2020/2020/20200303-2.html,English version 令和２年３月３日 証券取引等監視委員会 株式会社ＭＬＣ investmentに対する検査結果に基づく勧告について １．勧告の内容 関東財務局長が株式会社ＭＬＣ investment（東京都中央区、法人番号7010401119266、資本金10万円、常勤役職員６名、投資助言・代理業、以下「当社」という。）を検査した結果、下記のとおり、当該金融商品取引業者に係る問題が認められたので、本日、証券取引等監視委員会は、内閣総理大臣及び金融庁長官に対して、金融庁設置法第20条第１項の規定に基づき、行政処分を行うよう勧告した。 ２．事実関係 ○ 著しく事実に相違する表示又は著しく人を誤認させるような表示のある広告をする行為等 当社は、広告に関する業務の委託先及び当該委託先からの再委託先（以下、まとめて「本件広告業務委託先」という。）をして、当社の助言実績等に関する記事（以下「当社広告記事」という。）を作成させ、当該記事を多数の投資助言業者等を評価・比較する記事（以下「検証記事」という。）や各投資助言業者等に関して寄せられた記事（以下「投稿記事」という。）を掲載している複数のウェブサイト（以下、まとめて「本件ウェブサイト」という。）に掲載させる手法（以下「本件広告手法」という。）により、当社の広告を行っている。 今回、当社及び広告に関する業務の委託先に対して検査を実施し、令和元年５月から同年６月までの間における本件ウェブサイトにおける当社広告記事の内容等を検証したところ、以下の事実が認められた。 ①　助言実績に関して著しく事実に相違する表示 当社は、本件広告手法により、本件ウェブサイトにおいて、検証記事として、少なくとも延べ43銘柄に関し、また、投稿記事として、少なくとも延べ170銘柄に関し、実際には投資助言の実績がないにもかかわらず、助言を行った実績がある旨の当社広告記事を掲載し、さらに、検証記事として、実際にはこれまで機関投資家に対する投資助言の実績が一切ないにもかかわらず、助言を行った実績がある旨の当社広告記事を掲載した。 ②　助言実績に関して著しく人を誤認させるような表示 当社は、本件広告手法により、本件ウェブサイトにおいて、実際には本件広告業務委託先が当社の助言実績を正確に反映することなく作成した当社広告記事を、集客効果を狙って、あたかも第三者によって投稿されたかのような外観を装った記事として掲載した。 なお、当社は、本件広告業務委託先に対して、広告手段・内容等について何ら指定することなく、集客を最優先として広告に関する業務を委託し、また、当該業務委託に係る契約締結後においても、本件広告業務委託先が作成した広告により、大きな集客効果が得られていることを認識していながら、本件広告業務委託先における広告手段・内容等の確認を行っていなかった。 当社の上記行為は、投資助言・代理業に関する広告において、助言実績に関する事項について、著しく事実に相違する表示をし、又は著しく人を誤認させるような表示であり、金融商品取引法第37条第２項に違反する。 （参考条文） ○　金融商品取引法（昭和23年法律第25号）（抄） （広告等の規制） 第三十七条　（略） ２　金融商品取引業者等は、その行う金融商品取引業に関して広告その他これに類似するものとして内閣府令で定める行為をするときは、金融商品取引行為を行うことによる利益の見込みその他内閣府令で定める事項について、著しく事実に相違する表示をし、又は著しく人を誤認させるような表示をしてはならない。
2020-01-28,,,ビート・ホールディングス・リミテッド株式に係る相場操縦に対する課徴金納付命令の勧告について,https://www.fsa.go.jp/sesc/news/c_2020/2020/20200128-1.html,"English version 令和２年１月２８日 証券取引等監視委員会 ビート・ホールディングス・リミテッド株式に係る相場操縦に対する課徴金納付命令の勧告について １．勧告の内容 証券取引等監視委員会は、ビート・ホールディングス・リミテッド株式に係る相場操縦について検査した結果、下記のとおり法令違反の事実が認められたので、本日、内閣総理大臣及び金融庁長官に対して、金融庁設置法第２０条第１項の規定に基づき、課徴金納付命令を発出するよう勧告を行った。 ２．法令違反の事実関係 課徴金納付命令対象者は、ビート・ホールディングス・リミテッドの株式につき、同株式の売買を誘引する目的をもって、別表記載のとおり、平成３０年４月５日午前９時２分頃から同月２７日午後３時頃までの間、１７取引日にわたり、成行又は高指値の買い注文を連続して発注して、他の投資家が発注した売り注文を買い付けることにより直前の約定値より株価を引き上げたり、自身が発注した売り注文に成行又は高指値の買い注文を対当させて買い付けることにより直前の約定値より株価を引き上げたり、引け条件付き成行買い注文を発注して終値に関与したりするなどの方法により、同株式合計１１万８４５９株を買い付ける一方、同株式合計１１万７４８２株を売り付け、もって、自己の計算において、同株式の売買が繁盛であると誤解させ、かつ、同株式の相場を変動させるべき一連の売買を行ったものである。 違反行為事実の概要については、 別図 のとおり。 課徴金納付命令対象者が行った上記の行為は、金融商品取引法第１７４条の２第１項に規定する「第１５９条第２項第１号の規定に違反する一連の有価証券売買等」に該当すると認められる。 ３．課徴金の額の計算 上記の違反行為に対し金融商品取引法に基づき納付を命じられる課徴金の額は、２３５７万円である。 計算方法の詳細については、 別紙１ 及び 別紙２ のとおり。 （別表） ○違反行為状況 （クリックすると拡大されます） （別図） ○違反行為事実の概要について （クリックすると拡大されます） （別紙１） ○課徴金の額の計算方法について > 別表 の違反行為に係る課徴金の額の計算の基礎は以下のとおりである。 １．金融商品取引法第１７４条の２第１項の規定により、当該違反行為に係る課徴金の額は、 (1) 当該違反行為に係る有価証券の売買対当数量に係るものについて、自己の計算による当該有価証券の売付け等の価額から、自己の計算による当該有価証券の買付け等の価額を控除した額 及び (2) 当該違反行為に係る自己の計算による有価証券の売付け等又は買付け等の数量が、当該違反行為に係る自己の計算による有価証券の買付け等又は売付け等の数量を超える場合、当該超える数量に係る有価証券の売付け等の価額から当該違反行為が終了してから１月を経過するまでの間の各日における当該違反行為に係る有価証券の買付け等についての金融商品取引法第６７条の１９又は第１３０条に規定する最低の価格のうち最も低い価格に当該超える数量を乗じて得た額を控除した額、又は当該違反行為が終了してから１月を経過するまでの間の各日における当該違反行為に係る有価証券の売付け等についての金融商品取引法第６７条の１９又は第１３０条に規定する最高の価格のうち最も高い価格に当該超える数量を乗じて得た額から当該超える数量に係る有価証券の買付け等の価額を控除した額 の合計額として算定。 ２．上記１．で算定された課徴金の額につき、金融商品取引法第１７６条第２項の規定により１万円未満の端数を切り捨てて算定。 以上につき、 別紙２ のとおり。 （別紙２） 別表 に掲げる事実につき (1)  当該違反行為に係る自己の計算による有価証券の売付け等の数量は、117,482株であり、当該違反行為に係る自己の計算による有価証券の買付け等の数量は、実際の買付け等の数量118,459株に、金融商品取引法第１７４条の２第８項及び金融商品取引法施行令第３３条の１３第１号の規定により、違反行為の開始時にその時における価格（161円）で買付け等を自己の計算においてしたものとみなされる当該違反行為の開始時に所有している有価証券の数量57,959株を加えた176,418株であることから、 ア．当該違反行為に係る有価証券の売買対当数量（117,482株）に係るものについて、自己の計算による当該有価証券の売付け等の価額から、自己の計算による当該有価証券の買付け等の価額を控除した額 （161円×100株＋164円×200株＋169円×200株＋174円×200株 ＋179円×200株＋184円×200株＋186円×19,569株＋187円×5,126株 ＋188円×1,354株＋189円×2,222株＋190円×1,198株＋191円×188株 ＋192円×720株＋193円×803株＋194円×1,082株＋196円×842株 ＋197円×900株＋198円×200株＋199円×1,000株＋202円×1,800株 ＋204円×1,848株＋205円×900株＋206円×305株＋207円×3,217株 ＋208円×4,983株＋209円×1,352株＋210円×5,000株＋211円×1,300株 ＋212円×4,700株＋213円×1,000株＋214円×1,600株＋215円×100株 ＋216円×500株＋217円×300株＋218円×3,200株＋219円×3,210株 ＋220円×1,300株＋221円×200株＋222円×5,500株＋223円×300株 ＋224円×800株＋228円×1,500株＋229円×2,700株＋233円×300株 ＋234円×300株＋237円×1,100株＋238円×800株＋239円×300株 ＋241円×1,260株＋242円×1,300株＋244円×552株＋245円×2,593株 ＋246円×500株＋247円×3,238株＋249円×1,800株＋251円×500株 ＋252円×1,000株＋253円×3,000株＋254円×3,099株＋255円×1,501株 ＋256円×2,500株＋257円×1,701株＋259円×800株＋260円×500株 ＋261円×900株＋262円×400株＋263円×600株＋264円×1,200株 ＋265円×300株＋266円×719株＋267円×800株） －（159円×5株＋160円×4株＋161円×57,961株＋162円×62株 ＋163円×21株＋164円×10株＋165円×14株＋166円×6株＋167円×16株 ＋168円×2株＋169円×10株＋170円×19株＋171円×5株＋172円×6株 ＋173円×10株＋174円×17株＋175円×29株＋176円×15株＋177円×12株 ＋178円×24株＋179円×18株＋180円×24株＋181円×27株＋182円×3株 ＋183円×18株＋184円×9株＋185円×398株＋186円×3株＋187円×337株 ＋188円×327株＋189円×407株＋190円×406株＋191円×5,687株 ＋192円×8,862株＋193円×2,393株＋194円×5,507株＋195円×7,467株 ＋196円×2,830株＋197円×3,267株＋198円×2,905株＋199円×1,931株 ＋200円×2,022株＋201円×4,546株＋202円×2,509株＋203円×2,726株 ＋204円×2,624株＋205円×446株＋206円×111株＋207円×188株 ＋208円×123株＋209円×188株＋210円×150株＋211円×50株 ＋212円×76株＋213円×83株＋214円×98株＋215円×65株＋216円×27株 ＋217円×36株＋218円×27株＋219円×15株＋220円×23株＋221円×12株 ＋222円×21株＋223円×66株＋224円×23株＋225円×3株＋226円×32株 ＋227円×61株＋228円×21株＋229円×6株＋230円×15株＋231円×15株） ＝ 4,438,898円 及び イ．当該違反行為に係る自己の計算による有価証券の買付け等の数量（176,418株）が、当該違反行為に係る自己の計算による有価証券の売付け等の数量（117,482株）を超えていることから、当該違反行為が終了してから１月を経過するまでの間の各日における当該違反行為に係る有価証券の売付け等についての金融商品取引法第６７条の１９又は第１３０条に規定する最高の価格のうち最も高い価格（556円）に当該超える数量58,936株（買付け等の数量176,418株－売付け等の数量117,482株）を乗じて得た額から、当該超える数量に係る有価証券の買付け等の価額を控除した額 （556円×58,936株） －（185円×5株＋186円×149株＋187円×1,075株＋188円×1,872株 ＋189円×2,182株＋190円×943株＋191円×1,183株＋192円×1,584株 ＋193円×902株＋194円×619株＋195円×297株＋196円×320株 ＋197円×322株＋198円×338株＋199円×188株＋200円×64株 ＋201円×3株＋202円×27株＋203円×96株＋204円×30株＋205円×52株 ＋206円×34株＋207円×109株＋208円×131株＋209円×26株 ＋210円×5株＋211円×95株＋212円×397株＋213円×547株 ＋214円×430株＋215円×1,090株＋216円×627株＋217円×1,601株 ＋218円×1,217株＋219円×1,419株＋220円×656株＋221円×466株 ＋222円×303株＋223円×179株＋224円×178株＋225円×186株 ＋226円×64株＋227円×152株＋228円×125株＋229円×153株 ＋230円×121株＋231円×10株＋232円×80株＋233円×785株 ＋234円×527株＋235円×713株＋236円×556株＋237円×368株 ＋238円×1,759株＋239円×750株＋240円×1,805株＋241円×2,440株 ＋242円×1,815株＋243円×1,200株＋244円×990株＋245円×1,087株 ＋246円×1,797株＋247円×689株＋248円×788株＋249円×791株 ＋250円×930株＋251円×1,646株＋252円×1,750株＋253円×1,264株 ＋254円×1,104株＋255円×845株＋256円×949株＋257円×1,528株 ＋258円×1,551株＋259円×1,250株＋260円×1,803株＋261円×577株 ＋262円×577株＋263円×891株＋264円×355株＋265円×149株 ＋266円×67株＋267円×98株＋268円×90株） ＝ 19,137,995円 の合計額23,576,893円となる。 (2) 金融商品取引法第１７６条第２項の規定により、上記(1)で計算した額の１万円未満の端数を切捨て、23,570,000円となる。"
2020-02-28,東洋合成工業株式会社,4970,東洋合成工業株式に係る相場操縦に対する課徴金納付命令の勧告について,https://www.fsa.go.jp/sesc/news/c_2020/2020/20200228-1.html,"English version 令和２年２月２８日 証券取引等監視委員会 東洋合成工業株式に係る相場操縦に対する課徴金納付命令の勧告について １．勧告の内容 証券取引等監視委員会は、東洋合成工業株式に係る相場操縦について検査した結果、下記のとおり法令違反の事実が認められたので、本日、内閣総理大臣及び金融庁長官に対して、金融庁設置法第２０条第１項の規定に基づき、課徴金納付命令を発出するよう勧告を行った。 ２．法令違反の事実関係 課徴金納付命令対象者は、東洋合成工業株式会社の株式につき、同株式の売買を誘引する目的をもって、別表記載のとおり、平成３１年１月１６日午前１１時１６分頃から同月２５日午後１時３２分頃までの間、８取引日にわたり、高指値の買い注文を連続して発注して、他の投資者が発注した売り注文を買い付けることにより直前の約定値より株価を引き上げたり、自身が発注した売り注文に高指値の買い注文を対当させて買い付けることにより直前の約定値より株価を引き上げたりするなどの方法により、同株式合計５万７１００株を買い付ける一方、同株式合計５万１００株を売り付け、もって、自己及び親族の計算において、同株式の売買が繁盛であると誤解させ、かつ、同株式の相場を変動させるべき一連の売買を行ったものである。 違反行為事実の概要については、 別図 のとおり。 課徴金納付命令対象者が行った上記の行為は、金融商品取引法第１７４条の２第１項に規定する「第１５９条第２項第１号の規定に違反する一連の有価証券売買等」に該当すると認められる。 ３．課徴金の額の計算 上記の違反行為に対し金融商品取引法に基づき納付を命じられる課徴金の額は、８０５万円である。 計算方法の詳細については、 別紙１ 及び 別紙２ のとおり。 ４．その他 本件については、日本取引所自主規制法人より提供された情報も参考として、実態解明を行ったものである。 （別表） ○違反行為状況 （クリックすると拡大されます） （別図） ○違反行為事実の概要について （クリックすると拡大されます） （別紙１） ○課徴金の額の計算方法について 別表 の違反行為に係る課徴金の額の計算の基礎は以下のとおりである。 １．金融商品取引法第１７４条の２第１項の規定により、当該違反行為に係る課徴金の額は、 (1) 当該違反行為に係る有価証券の売買対当数量に係るものについて、自己の計算による当該有価証券の売付け等の価額から、自己の計算による当該有価証券の買付け等の価額を控除した額 及び (2) 当該違反行為に係る自己の計算による有価証券の売付け等又は買付け等の数量が、当該違反行為に係る自己の計算による有価証券の買付け等又は売付け等の数量を超える場合、当該超える数量に係る有価証券の売付け等の価額から当該違反行為が終了してから１月を経過するまでの間の各日における当該違反行為に係る有価証券の買付け等についての金融商品取引法第６７条の１９又は第１３０条に規定する最低の価格のうち最も低い価格に当該超える数量を乗じて得た額を控除した額、又は当該違反行為が終了してから１月を経過するまでの間の各日における当該違反行為に係る有価証券の売付け等についての金融商品取引法第６７条の１９又は第１３０条に規定する最高の価格のうち最も高い価格に当該超える数量を乗じて得た額から当該超える数量に係る有価証券の買付け等の価額を控除した額 の合計額として算定。 なお、金融商品取引法第１７４条の２第６項第２号及び金融商品取引法第六章の二の規定による課徴金に関する内閣府令第１条の１７第２項第１号の規定により、当該違反者の親族の計算における売付け等又は買付け等は、当該違反者の自己の計算においてしたものとみなす。 ２．上記１．で算定された課徴金の額につき、金融商品取引法第１７６条第２項の規定により１万円未満の端数を切り捨てて算定。 以上につき、 別紙２ のとおり。 （別紙２） 別表 に掲げる事実につき (1) 当該違反行為に係る自己の計算による有価証券の売付け等の数量は、50,100株であり、当該違反行為に係る自己の計算による有価証券の買付け等の数量は、実際の買付け等の数量57,100株に、金融商品取引法第１７４条の２第８項及び金融商品取引法施行令第３３条の１３第１号の規定により、違反行為の開始時にその時における価格（894円）で買付け等を自己の計算においてしたものとみなされる当該違反行為の開始時に所有している有価証券の数量17,900株を加えた75,000株であることから、 ア．当該違反行為に係る有価証券の売買対当数量（50,100株）に係るものについて、自己の計算による当該有価証券の売付け等の価額から、自己の計算による当該有価証券の買付け等の価額を控除した額 （850円×3,700株＋851円×700株＋852円×800株＋853円×400株 ＋854円×100株＋856円×1,000株＋858円×1,600株＋860円×1,200株 ＋861円×200株＋862円×200株＋863円×400株＋864円×600株 ＋865円×600株＋867円×200株＋868円×100株＋869円×500株 ＋870円×800株＋871円×100株＋872円×200株＋873円×100株 ＋876円×100株＋880円×2,100株＋881円×1,000株＋882円×3,300株 ＋883円×1,900株＋884円×300株＋885円×2,500株＋886円×1,400株 ＋887円×300株＋888円×1,100株＋889円×400株＋890円×2,200株 ＋891円×1,300株＋892円×1,200株＋893円×1,800株＋894円×1,100株 ＋895円×3,500株＋896円×1,200株＋897円×1,000株＋898円×1,400株 ＋899円×200株＋901円×500株＋903円×1,200株＋904円×100株 ＋905円×1,300株＋906円×300株＋907円×100株＋909円×600株 ＋910円×2,900株＋913円×300株 －（851円×100株＋854円×100株＋855円×600株＋856円×100株 ＋857円×100株＋859円×600株＋860円×400株＋861円×100株 ＋863円×500株＋864円×200株＋865円×200株＋867円×200株 ＋870円×200株＋872円×100株＋873円×500株＋875円×700株 ＋876円×500株＋877円×500株＋878円×300株＋879円×600株 ＋880円×1,000株＋881円×600株＋882円×800株＋885円×200株 ＋886円×400株＋887円×100株＋888円×600株＋889円×400株 ＋890円×1,300株＋891円×1,100株＋892円×1,600株＋893円×1,700株 ＋894円×19,400株＋895円×2,000株＋896円×1,100株＋897円×600株 ＋898円×1,900株＋899円×1,100株＋900円×1,100株＋901円×800株 ＋902円×1,000株＋903円×400株＋904円×400株＋905円×200株 ＋906円×1,200株＋907円×100株＋908円×400株＋909円×400株 ＋910円×1,200株＋913円×400株） ＝ ▲425,700円 及び イ．当該違反行為に係る自己の計算による有価証券の買付け等の数量（75,000株）が、当該違反行為に係る自己の計算による有価証券の売付け等の数量（50,100株）を超えていることから、当該違反行為が終了してから１月を経過するまでの間の各日における当該違反行為に係る有価証券の売付け等についての金融商品取引法第６７条の１９又は第１３０条に規定する最高の価格のうち最も高い価格（1,224円）に当該超える数量24,900株（買付け等の数量75,000株－売付け等の数量50,100株）を乗じて得た額から、当該超える数量に係る有価証券の買付け等の価額を控除した額 （1,224円×24,900株） －（853円×100株＋856円×700株＋858円×1,400株＋859円×600株 ＋860円×2,200株＋861円×100株＋863円×200株＋864円×100株 ＋865円×600株＋866円×600株＋867円×500株＋868円×500株 ＋869円×300株＋870円×200株＋871円×500株＋872円×1,800株 ＋873円×300株＋875円×100株＋876円×100株＋878円×100株 ＋879円×300株＋886円×100株＋887円×100株＋888円×700株 ＋889円×900株＋890円×200株＋891円×300株＋892円×200株 ＋893円×1,300株＋894円×100株＋895円×600株＋896円×900株 ＋897円×1,100株＋898円×1,000株＋899円×1,100株＋900円×300株 ＋901円×100株＋902円×300株＋903円×400株＋904円×200株 ＋905円×500株＋906円×1,500株＋908円×300株＋909円×600株 ＋910円×800株） ＝ 8,485,000円 の合計額8,059,300円となる。 (2) 金融商品取引法第１７６条第２項の規定により、上記(1)で計算した額の１万円未満の端数を切捨て、8,050,000円となる。"
2020-02-04,ジェイリース株式会社,7187,ジェイリース株式会社における有価証券報告書等の虚偽記載に係る課徴金納付命令勧告について,https://www.fsa.go.jp/sesc/news/c_2020/2020/20200204-1.html,"English version 令和２年２月４日 証券取引等監視委員会 ジェイリース株式会社における有価証券報告書等の虚偽記載に係る課徴金納付命令勧告について １．勧告の内容 証券取引等監視委員会は、ジェイリース株式会社（法人番号3320001003867）（以下「当社」という。）における有価証券報告書等の虚偽記載について検査した結果、以下のとおり法令違反の事実が認められたので、本日、内閣総理大臣及び金融庁長官に対して、金融庁設置法第20条第１項の規定に基づき、課徴金納付命令を発出するよう勧告を行った。 ２．法令違反の事実関係 （１）継続開示書類 当社は、家賃債務保証事業から発生した代位弁済立替金に係る貸倒引当金を過少に計上するという不適正な会計処理を行った。 この結果、当社は、九州財務局長に対し、以下のとおり、金融商品取引法第172条の４第１項及び第２項に規定する「重要な事項につき虚偽の記載」がある以下の有価証券報告書及び四半期報告書を提出した（「重要な事項につき虚偽の記載」の内容は別紙１の表の１～14のとおり）。 ・平成28年３月期有価証券報告書（平成28年６月30日提出） ・平成28年６月第１四半期四半期報告書（平成28年８月８日提出） ・平成28年９月第２四半期四半期報告書（平成28年11月８日提出） ・平成28年12月第３四半期四半期報告書（平成29年２月７日提出） ・平成29年３月期有価証券報告書（平成29年６月30日提出） ・平成29年６月第１四半期四半期報告書（平成29年８月９日提出） ・平成29年９月第２四半期四半期報告書（平成29年11月８日提出） ・平成29年12月第３四半期四半期報告書（平成30年２月７日提出） ・平成30年３月期有価証券報告書（平成30年６月28日提出） ・平成30年６月第１四半期四半期報告書（平成30年８月７日提出） ・平成30年９月第２四半期四半期報告書（平成30年12月14日提出） ・平成30年12月第３四半期四半期報告書（平成31年２月６日提出） ・平成31年３月期有価証券報告書（令和元年６月27日提出） ・令和元年６月第１四半期四半期報告書（令和元年８月14日提出） （２）発行開示書類 当社は、九州財務局長に対し、平成28年５月18日、金融商品取引法第172条の２第１項に規定する「重要な事項につき虚偽の記載」がある発行開示書類を提出し、当該有価証券届出書に基づく募集により、平成28年６月21日、150,000株の有価証券を395,250,000円で取得させたものである（「重要な事項につき虚偽の記載」の内容は別紙１の表の15のとおり）。 ３．課徴金の額の計算 上記の違法行為について金融商品取引法に基づき算定される課徴金の額は、4,478万円である（計算方法については別紙２のとおり。）。 【別紙１】有価証券報告書の虚偽記載内容 番号 対象書類 虚偽記載 提出日 書類 会計期間 記載項目 主な内容（注） 主な事由 １ 平成28年６月30日 第13期（平成27年４月１日～平成28年３月31日）に係る有価証券報告書 平成27年４月１日～平成28年３月31日の連結会計期間 連結 損益計算書 親会社株主に帰属する当期純利益が65,649千円であるところを87,467千円と記載 ・貸倒引当金繰入額の過少計上 ２ 平成28年８月８日 第14期第１四半期（平成28年４月１日～平成28年６月30日）に係る四半期報告書 平成28年４月１日～平成28年６月30日の第１四半期連結累計期間 四半期連結損益計算書 親会社株主に帰属する四半期純利益が▲4,988千円であるところを10,497千円と記載 ・貸倒引当金繰入額の過少計上 ３ 平成28年11月８日 第14期第２四半期（平成28年７月１日～平成28年９月30日）に係る四半期報告書 平成28年４月１日～平成28年９月30日の第２四半期連結累計期間 四半期連結損益計算書 親会社株主に帰属する四半期純利益が▲3,700千円であるところを38,828千円と記載 ・貸倒引当金繰入額の過少計上 ４ 平成29年２月７日 第14期第３四半期（平成28年10月１日～平成28年12月31日）に係る四半期報告書 平成28年４月１日～平成28年12月31日の第３四半期連結累計期間 四半期連結損益計算書 親会社株主に帰属する四半期純利益が10,273千円であるところを71,897千円と記載 ・貸倒引当金繰入額の過少計上 ５ 平成29年６月30日 第14期（平成28年４月１日～平成29年３月31日）に係る有価証券報告書 平成28年４月１日～平成29年３月31日の連結会計期間 連結 損益計算書 親会社株主に帰属する当期純利益が81,972千円であるところを220,459千円と記載 ・貸倒引当金繰入額の過少計上 ６ 平成29年８月９日 第15期第１四半期（平成29年４月１日～平成29年６月30日）に係る四半期報告書 平成29年４月１日～平成29年６月30日の第１四半期連結累計期間 四半期連結損益計算書 親会社株主に帰属する四半期純利益が27,003千円であるところを69,886千円と記載 ・貸倒引当金繰入額の過少計上 ７ 平成29年11月８日 第15期第２四半期（平成29年７月１日～平成29年９月30日）に係る四半期報告書 平成29年７月１日～平成29年９月30日の第２四半期連結会計期間 四半期連結貸借対照表 連結純資産額が935,341千円であるところを1,181,524千円と記載 ・貸倒引当金の過少計上 ・貸倒引当金繰入額の過少計上 平成29年４月１日～平成29年９月30日の第２四半期連結累計期間 四半期連結損益計算書 親会社株主に帰属する四半期純利益が25,169千円であるところを111,047千円と記載 ８ 平成30年２月７日 第15期第３四半期（平成29年10月１日～平成29年12月31日）に係る四半期報告書 平成29年10月１日～平成29年12月31日の第３四半期連結会計期間 四半期連結貸借対照表 連結純資産額が905,625千円であるところを1,191,049千円と記載 ・貸倒引当金の過少計上 ・貸倒引当金繰入額の過少計上 平成29年４月１日～平成29年12月31日の第３四半期連結累計期間 四半期連結損益計算書 親会社株主に帰属する四半期純利益が15,851千円であるところを140,971千円と記載 ９ 平成30年６月28日 第15期（平成29年４月１日～平成30年３月31日）に係る有価証券報告書 平成29年４月１日～平成30年３月31日の連結会計期間 連結 貸借対照表 連結純資産額が829,493千円であるところを1,304,486千円と記載 ・貸倒引当金の過少計上 ・貸倒引当金繰入額の過少計上 連結 損益計算書 親会社株主に帰属する当期純利益が▲63,544千円であるところを251,144千円と記載 10 平成30年８月７日 第16期第１四半期（平成30年４月１日～平成30年６月30日）に係る四半期報告書 平成30年４月１日～平成30年６月30日の第１四半期連結会計期間 四半期連結貸借対照表 連結純資産額が799,530千円であるところを1,331,715千円と記載 ・貸倒引当金の過少計上 ・貸倒引当金繰入額の過少計上 平成30年４月１日～平成30年６月30日の第１四半期連結累計期間 四半期連結損益計算書 親会社株主に帰属する四半期純利益が5,199千円であるところを62,391千円と記載 11 平成30年12月14日 第16期第２四半期（平成30年７月１日～平成30年９月30日）に係る四半期報告書 平成30年７月１日～平成30年９月30日の第２四半期連結会計期間 四半期連結貸借対照表 連結純資産額が578,588千円であるところを795,762千円と記載 ・貸倒引当金の過少計上 ・貸倒引当金繰入額の過少計上 平成30年４月１日～平成30年９月30日の第２四半期連結累計期間 四半期連結損益計算書 親会社株主に帰属する四半期純利益が▲196,299千円であるところを20,874千円と記載 12 平成31年２月６日 第16期第３四半期（平成30年10月１日～平成30年12月31日）に係る四半期報告書 平成30年10月１日～平成30年12月31日の第３四半期連結会計期間 四半期連結貸借対照表 連結純資産額が554,803千円であるところを814,436千円と記載 ・貸倒引当金の過少計上 ・貸倒引当金繰入額の過少計上 平成30年４月１日～平成30年12月31日の第３四半期連結累計期間 四半期連結損益計算書 親会社株主に帰属する四半期純利益が▲220,168千円であるところを39,464千円と記載 13 令和元年６月27日 第16期（平成30年４月１日～平成31年３月31日）に係る有価証券報告書 平成30年４月１日～平成31年３月31日の連結会計期間 連結 貸借対照表 連結純資産額が625,799千円であるところを893,112千円と記載 ・貸倒引当金の過少計上 ・貸倒引当金繰入額の過少計上 連結 損益計算書 親会社株主に帰属する当期純利益が▲149,938千円であるところを117,374千円と記載 14 令和元年８月14日 第17期第１四半期（平成31年４月１日～令和元年６月30日）に係る四半期報告書 平成31年４月１日～令和元年６月30日の第１四半期連結会計期間 四半期連結貸借対照表 連結純資産額が646,014千円であるところを916,482千円と記載 ・貸倒引当金の過少計上 15 平成28年５月18日 有価証券届出書（株券の募集） 「第二部　企業情報」・「第５　経理の状況」・「１　連結財務諸表等」・「（２）その他」 平成27年４月１日～平成28年３月31日の連結会計期間に係る経営成績の概要として記載すべき親会社株主に帰属する当期純利益が65,649千円であるところを87,467千円と記載 ・貸倒引当金繰入額の過少計上 （注）金額は千円未満切捨てである。 【別紙２】課徴金の計算方法 （１）　金融商品取引法第172条の４第１項の規定により、平成28年３月期有価証券報告書について算出した額は、当社が発行する算定基準有価証券の市場価額の総額に相当する額に10万分の６を乗じて得た額17,013円が6,000,000円を超えないことから、6,000,000円となる。 （２）　金融商品取引法第172条の４第１項及び第２項の規定により、平成28年６月第１四半期四半期報告書、平成28年９月第２四半期四半期報告書、平成28年12月第３四半期四半期報告書及び平成29年３月期有価証券報告書ごとに算出した額（以下(２)において「個別決定ごとの算出額」という。）は、 ア　当社が発行する算定基準有価証券の市場価額の総額に10万分の６を乗じて得た下記の額 平成28年６月第１四半期四半期報告書　　　 211,237円 平成28年９月第２四半期四半期報告書　　　 206,604円 平成28年12月第３四半期四半期報告書　　　236,988円 平成29年３月期有価証券報告書　　　　　　 226,981円 が、いずれも イ　6,000,000円 を超えないことから、 ・平成28年６月第１四半期四半期報告書については、6,000,000円の２分の１に相当する額である3,000,000円、 ・平成28年９月第２四半期四半期報告書については、6,000,000円の２分の１に相当する額である3,000,000円、 ・平成28年12月第３四半期四半期報告書については、6,000,000円の２分の１に相当する額である3,000,000円、 ・平成29年３月期有価証券報告書については、6,000,000円、 となる。 ここで、これらの開示書類が同一の事業年度に係るものであることから、金融商品取引法第185条の７第６項の規定により、6,000,000円を個別決定ごとの算出額に応じて按分した下記の金額が、これらの開示書類に係る課徴金の額となる。 ・平成28年６月第１四半期四半期報告書に係る課徴金の額は、1,200,000円 ・平成28年９月第２四半期四半期報告書に係る課徴金の額は、1,200,000円 ・平成28年12月第３四半期四半期報告書に係る課徴金の額は、1,200,000円 ・平成29年３月期有価証券報告書に係る課徴金の額は、2,400,000円 （３）　金融商品取引法第172条の４第１項及び第２項の規定により、平成29年６月第１四半期四半期報告書、平成29年９月第２四半期四半期報告書、平成29年12月第３四半期四半期報告書及び平成30年３月期有価証券報告書ごとに算出した額（以下(３)において「個別決定ごとの算出額」という。）は、 ア　当社が発行する算定基準有価証券の市場価額の総額に10万分の６を乗じて得た下記の額 平成29年６月第１四半期四半期報告書　　　 241,001円 平成29年９月第２四半期四半期報告書　　　 342,561円 平成29年12月第３四半期四半期報告書　　　450,629円 平成30年３月期有価証券報告書　　　　　　 375,953円 が、いずれも イ　6,000,000円 を超えないことから、 ・平成29年６月第１四半期四半期報告書については、6,000,000円の２分の１に相当する額である3,000,000円、 ・平成29年９月第２四半期四半期報告書については、6,000,000円の２分の１に相当する額である3,000,000円、 ・平成29年12月第３四半期四半期報告書については、6,000,000円の２分の１に相当する額である3,000,000円、 ・平成30年３月期有価証券報告書については、6,000,000円、 となる。 ここで、これらの開示書類が同一の事業年度に係るものであることから、金融商品取引法第185条の７第６項の規定により、6,000,000円を個別決定ごとの算出額に応じて按分した下記の金額が、これらの開示書類に係る課徴金の額となる。 ・平成29年６月第１四半期四半期報告書に係る課徴金の額は、1,200,000円 ・平成29年９月第２四半期四半期報告書に係る課徴金の額は、1,200,000円 ・平成29年12月第３四半期四半期報告書に係る課徴金の額は、1,200,000円 ・平成30年３月期有価証券報告書に係る課徴金の額は、2,400,000円 （４）　金融商品取引法第172条の４第１項及び第２項の規定により、平成30年６月第１四半期四半期報告書、平成30年９月第２四半期四半期報告書、平成30年12月第３四半期四半期報告書及び平成31年３月期有価証券報告書ごとに算出した額（以下(４)において「個別決定ごとの算出額」という。）は、 ア　当社が発行する算定基準有価証券の市場価額の総額に10万分の６を乗じて得た下記の額 平成30年６月第１四半期四半期報告書　　　 403,357円 平成30年９月第２四半期四半期報告書　　　 381,173円 平成30年12月第３四半期四半期報告書　　　287,909円 平成31年３月期有価証券報告書　　　　　　 320,110円 が、いずれも イ　6,000,000円 を超えないことから、 ・平成30年６月第１四半期四半期報告書については、6,000,000円の２分の１に相当する額である3,000,000円、 ・平成30年９月第２四半期四半期報告書については、6,000,000円の２分の１に相当する額である3,000,000円、 ・平成30年12月第３四半期四半期報告書については、6,000,000円の２分の１に相当する額である3,000,000円、 ・平成31年３月期有価証券報告書については、6,000,000円、 となる。 ここで、これらの開示書類が同一の事業年度に係るものであることから、金融商品取引法第185条の７第６項の規定により、6,000,000円を個別決定ごとの算出額に応じて按分した下記の金額が、これらの開示書類に係る課徴金の額となる。 ・平成30年６月第１四半期四半期報告書に係る課徴金の額は、1,200,000円 ・平成30年９月第２四半期四半期報告書に係る課徴金の額は、1,200,000円 ・平成30年12月第３四半期四半期報告書に係る課徴金の額は、1,200,000円 ・平成31年３月期有価証券報告書に係る課徴金の額は、2,400,000円 （５）　金融商品取引法第172条の４第２項の規定により、令和元年６月第１四半期四半期報告書について算出した額は、当該法人が発行する算定基準有価証券の市場価額の総額に10万分の６を乗じて得た額177,610円が　6,000,000円を超えないことから、6,000,000円の２分の１に相当する額である3,000,000円となる。 （６）　金融商品取引法第172条の２第１項第１号の規定により、当社の平成28年５月18日提出の有価証券届出書（株券の募集）に係る課徴金の額は、 重要な事項につき虚偽の記載がある発行開示書類に基づく募集により取得させた株券の発行価額の総額395,250,000円の100分の4.5に相当する額である17,786,250円 に、金融商品取引法第176条第２項の規定により１万円未満の端数を切り捨てて、 17,780,000円 となる。"
2020-01-28,日本海洋掘削株式会社,,日本海洋掘削株式会社社員２名による内部者取引及び同社員による重要事実に係る取引推奨行為に対する課徴金納付命令の勧告について,https://www.fsa.go.jp/sesc/news/c_2020/2020/20200128-2.html,"English version 令和２年１月２８日 証券取引等監視委員会 日本海洋掘削株式会社社員２名による内部者取引及び同社員による重要事実に係る取引推奨行為に対する課徴金納付命令の勧告について ※　本件のうち、２．（３）の課徴金納付命令対象者（３）については、金融庁において令和３年３月19日に 違反事実がないと認める旨の決定 がありました。 １．勧告の内容 証券取引等監視委員会は、日本海洋掘削株式会社社員２名による内部者取引及び同社員による重要事実に係る取引推奨行為について検査した結果、下記のとおり法令違反の事実が認められたので、本日、内閣総理大臣及び金融庁長官に対して、金融庁設置法第２０条第１項の規定に基づき、課徴金納付命令を発出するよう勧告を行った。 ２．法令違反の事実関係 （１）課徴金納付命令対象者（１）について 課徴金納付命令対象者（１）は、日本海洋掘削株式会社（以下「日本海洋掘削」という。平成３０年７月２３日上場廃止）の社員であるが、その職務に関し、日本海洋掘削の業務執行を決定する機関が、更生手続開始の申立てを行うことについての決定をした旨の重要事実を知りながら、前記重要事実の公表がされた平成３０年６月２２日より前の同月１４日、自己の計算において、日本海洋掘削株式合計２００株を売付価額合計２８万４７００円で売り付けたものである。 違反行為事実の概要については、 別図 のとおり。 課徴金納付命令対象者（１）が行った上記の行為は、金融商品取引法第１７５条第１項に規定する「第１６６条第１項又は第３項の規定に違反して、同条第１項に規定する売買等をした」行為に該当すると認められる。 （２）課徴金納付命令対象者（２）について 課徴金納付命令対象者（２）は、日本海洋掘削の社員であった甲から、同人がその職務に関し知った、日本海洋掘削の業務執行を決定する機関が、更生手続開始の申立てを行うことについての決定をした旨の重要事実の伝達を受けながら、前記重要事実の公表がされた平成３０年６月２２日より前の同月４日、自己の計算において、日本海洋掘削株式合計１００株を売付価額合計１７万６３００円で売り付けたものである。 違反行為事実の概要については、 別図 のとおり。 課徴金納付命令対象者（２）が行った上記の行為は、金融商品取引法第１７５条第１項に規定する「第１６６条第１項又は第３項の規定に違反して、同条第１項に規定する売買等をした」行為に該当すると認められる。 （３）課徴金納付命令対象者（３）について 課徴金納付命令対象者（３）は、日本海洋掘削の社員であるが、その職務に関し、日本海洋掘削の業務執行を決定する機関が、更生手続開始の申立てを行うことについての決定をした旨の重要事実を知りながら、被推奨者に対し、前記重要事実の公表がされる前に日本海洋掘削株式の売付けをさせることにより同人の損失の発生を回避させる目的をもって、同株式の売付けをすることを勧めたものである。 被推奨者は、前記重要事実の公表がされた平成３０年６月２２日より前の同月１３日、日本海洋掘削株式合計１０００株を売付価額合計１３７万８２００円で売り付けたものである。 違反行為事実の概要については、 別図 のとおり。 課徴金納付命令対象者（３）が行った上記の行為は、金融商品取引法第１７５条の２第１項に規定する「第１６７条の２第１項の規定に違反して、同項の伝達をし、又は同項の売買等をすることを勧める」行為に該当すると認められる。 ３．課徴金の額の計算 上記の違反行為に対し、金融商品取引法に基づき納付を命じられる課徴金の額は、下記のとおりである。 課徴金納付命令対象者（１）２７万円 課徴金納付命令対象者（２）１７万円 課徴金納付命令対象者（３）６６万円 計算方法の詳細については、 別紙 のとおり。 ４．その他 本件については、日本取引所自主規制法人より提供された情報も参考として、実態解明を行ったものである。 （別図） ○違反行為事実の概要について （クリックすると拡大されます） （別紙） ○課徴金の額の計算方法について １． 課徴金納付命令対象者（１）について （１）金融商品取引法第１７５条第１項第１号の規定により、当該有価証券の売付けについて、当該有価証券の売付けをした価格にその数量を乗じて得た額から業務等に関する重要事実の公表がされた後２週間における最も低い価格（58円）に当該有価証券の売付けの数量を乗じて得た額を控除した額。 （1,423円×100株＋1,424円×100株） －（58円×200株） ＝273,100円 （２）金融商品取引法第１７６条第２項の規定により、上記（１）で計算した額の１万円未満の端数を切捨て。 ２． 課徴金納付命令対象者（２）について （１）金融商品取引法第１７５条第１項第１号の規定により、当該有価証券の売付けについて、当該有価証券の売付けをした価格にその数量を乗じて得た額から業務等に関する重要事実の公表がされた後２週間における最も低い価格（58円）に当該有価証券の売付けの数量を乗じて得た額を控除した額。 （1,763円×100株） －（58円×100株） ＝170,500円 （２）金融商品取引法第１７６条第２項の規定により、上記（１）で計算した額の１万円未満の端数を切捨て。 ３． 課徴金納付命令対象者（３）について （１） 金融商品取引法第１７５条の２第１項第３号の規定により、当該違反行為により当該情報受領者等が行った当該売付けによって得た利得相当額に２分の１を乗じて得た額。 利得相当額とは、同条第３項第１号の規定により、情報受領者等が特定有価証券等の売付けをした場合、当該特定有価証券等の売付けについて、当該有価証券の売付けをした価格にその数量を乗じて得た額から業務等に関する重要事実の公表がされた後２週間における最も低い価格（58円）に当該有価証券の売付けの数量を乗じて得た額を控除した額。 ｛（1,376円×100株＋1,377円×100株＋1,378円×400株＋1,379円×300株 ＋1,380円×100株） －（58円×1,000株）｝×1／2 ＝660,100円 （２）金融商品取引法第１７６条第２項の規定により、上記（１）で計算した額の１万円未満の端数を切捨て。"
2020-01-24,,,証券取引等監視委員会 中期活動方針（第10期）の公表について,https://www.fsa.go.jp/sesc/news/c_2020/2020/20200124-1.html,PDF版（日本語） 本文 概要等 PDF版（English） Full text Point 証券取引等監視委員会 中期活動方針（第10期） ～信頼され魅力ある資本市場のために～ 令和２年１月24日 証券取引等監視委員会 証券監視委の使命 的確・適切な市場監視による １．市場の公正性・透明性の確保及び投資者保護の実現 ２．資本市場の健全な発展への貢献 ３．国民経済の持続的な成長への貢献 証券監視委が目指す市場の姿 市場参加者が、資本市場の健全な発展及び投資者保護の確保という目標を共有し、それぞれに期待される役割の遂行や専門性の発揮によって、強固な信頼を確立した資本市場 証券監視委の活動理念 公正・中立 説明責任 フォワード・ルッキング 実効性・効率性 関係機関との協働 最高水準の追求 証券監視委を取り巻く現在の環境 証券監視委は、取引の公正を図り、市場に対する投資者の信頼を保持することを目的として平成４年に設置され、今般、第10期目を迎えました。 証券監視委は、平成４年の発足以来、重大・悪質な事案に対する告発や法令違反事案に対する課徴金納付命令勧告・行政処分勧告等の実績を積み重ねるとともに、調査・検査を通じた市場監視に取り組み、市場の公正性・透明性の確保や投資者保護の実現に努めてきました。 現在、資本市場は大きく変化しています。 構造的な変化として、海外投資の増加や企業のグローバル化（海外子会社等との分業、アウトソーシング等）などにより、資本市場のグローバル化や各種金融市場の緊密化が更に進展しています。 資金フローをみると、世界的な低金利環境の下、高リスク・低流動性ファンド等に対する資金流入が増大している中、地政学的リスクなどを背景に経済の先行きを巡る不確実性が高まっています。 また、デジタライゼーションの飛躍的な進展が資本市場及び市場参加者全体に大きな影響を及ぼしています。金融機関はAI等の技術やデータの利活用の進展等によりビジネスモデルの見直しを迫られ、市場環境もアルゴリズムを用いた高速取引の普及等により大きく変化しているほか、暗号資産等の新しい商品・取引等が出現しています。 また、金融庁の重要施策の１つに多様な利用者のニーズに応じた金融サービスの向上が掲げられる中、証券監視委としても、幅広い投資者が安心して投資できる市場の実現等を通じ、国民の安定的な資産形成や資金の好循環に一層貢献する必要があります。 これらのような大きな環境変化の中、第10期を迎えた証券監視委は、前記の活動理念のもと、「網羅的な市場監視（広く）」・「機動的な市場監視（早く）」・「深度ある市場監視（深く）」という３つの目標達成に向けて５つの施策を実施してまいります。 目標 １． 網羅的な市場監視（広く） (1)新たな商品・取引等への対応 新しい商品・取引等に係るリスクを的確に把握・分析等 (2)あらゆる取引・市場を網羅的に監視 株式市場と債券市場、現物市場とデリバティブ市場、発行市場と流通市場等、あらゆる取引・市場を網羅的に監視 (3)高齢者を含む多様な投資者の保護 高齢者を含む市場に参加する多様な投資者について、その知識、経験、能力等の様々な属性を踏まえた投資者保護を推進 (4)全体像の把握（部分から全体へ） 個別の問題事象について、事案の全体像を把握した上で、他の類似事案等も見据えた横断的な視点も持って、実態解明及び根本原因の究明 (5)国内外の関係者に向けた幅広い情報発信 違反・不適切行為の未然防止の観点を含む情報発信の強化 ２． 機動的な市場監視（早く） (1)問題の早期発見・着手 市場における問題の端緒の速やかな把握及びタイムリーな調査・検査等の実施 (2)早期の対応による未然防止 市場における問題に限らず、問題が顕在化していないものの調査・検査において改善が必要と認められた事項について、改善の促進を通じた未然防止及び問題の拡大の防止 (3)迅速な実態解明・処理による問題の早期是正 調査・検査実施時における事案の迅速な実態解明及び処理 ３． 深度ある市場監視（深く） (1)問題の根本原因の究明 法令違反等の問題が認められた場合、問題の実質面に着眼してその根本的な原因の究明を踏まえ、当事者等と深度ある議論を行い、自主的な改善及び再発防止に向けた取組みを促進 (2)深度ある分析を通じた市場の構造的な問題の把握 個別の問題事象の分析にとどまらず、前述の横断的な視点に加え、それらを踏まえた深度ある分析を行うことを通じた、市場の構造的な問題の把握及び制度整備等への貢献 目標達成のための５つの施策 １． 内外環境を踏まえた情報収集力の向上 (1)市場環境のマクロ的な視点での分析等によるフォワード・ルッキングな市場監視 問題の未然防止・早期発見につなげるため、マクロ的な視点で市場環境、業種及び企業の分析を行う等、フォワード・ルッキングな市場監視を行います。 具体的には、調査・検査の端緒として活用するため、マクロ経済動向の把握とともに、国内外のマクロ経済情勢等を踏まえて選定した業種・企業に係る情報収集・分析を行います。 また、その結果を証券監視委内で共有し、調査・検査に活用します。 (2)様々な金融市場に対する横断的な市場監視 株式市場と債券市場、現物市場とデリバティブ市場、発行市場と流通市場等の各市場に対して、多面的な視点を持ちつつ、横断的な市場監視を行います。 (3)海外当局との連携強化による情報収集力等の強化及び市場監視への活用 海外当局（法執行部門等）との信頼関係の醸成及び強化に努め、当該信頼関係に基づき、情報交換、調査・検査及び法執行面での連携を更に強化するとともに、そこから得られた海外における法執行状況や法制度等の有益な情報について、市場監視に活用します。 ２． 深度ある分析と迅速かつ効果的・効率的な調査・検査の実施 (1)事案の態様に応じた多角的・多面的な分析・検証 取引等の複雑化、企業のグローバル化の進展、金融商品取引業者等のビジネスモデルの構造的変化等を背景とした非定型・新類型の事案等についても、その態様に応じて、多角的・多面的な分析・検証を的確に実施します。 (2)不公正取引や開示規制違反への迅速な課徴金納付命令勧告等 事案が、全体としてより多様化・複雑化している中、課徴金納付命令勧告を視野に入れた調査・検査を積極的・機動的に実施することによって、不公正取引や開示規制違反の実態を解明するとともに、再発防止・未然防止につなげます。 (3)クロスボーダー事案の特質に応じた効果的・効率的な調査・検査 クロスボーダー取引による違反行為やグローバルに活動を行う企業の開示規制違反に対しては、当局間の情報交換枠組みの活用など海外当局との連携を実施しつつ実態解明を行う等、事案の特質に応じて効果的・効率的な調査・検査を行います。 (4)重大・悪質事案への告発等による厳正な対応 インサイダー取引、相場操縦、風説の流布、偽計や有価証券報告書の虚偽記載等の違反行為のうち重大で悪質なものについては、犯則調査の権限を行使し、厳正に対応します。その際、事案の内容に応じ、捜査・訴追当局や海外当局等の関係機関と連携し、実態の解明や責任追及を効果的に行います。 (5)リスクアプローチに基づく効果的・効率的な証券モニタリング 金融商品取引業者等全体について、リスクアプローチに基づくオンサイト・オフサイトの一体的なモニタリングを行います。 オフサイト・モニタリングにおいては、監督部局等と連携し、業態、規模だけではなく、グループ全体の戦略や運営方針その他特性を勘案しつつ、 ビジネスモデル等を含めた多角的な観点でリスクアセスメントを行い、リスクベースでオンサイト・モニタリング先を選定します。 オンサイト・モニタリングにおいては、取り扱う商品の内容や取引スキームなどについて深度ある分析を行った上、これらが適切に投資者に対して提供されるよう、法令遵守や顧客本位の業務運営態勢の確保といった投資者保護の観点から、業務運営の適切性を検証します。 (6)投資者被害事案に対する積極的な取組み 投資者被害につながる金融商品の不適切な販売・勧誘等や内部管理態勢に対するモニタリングの実施や、無登録で金融商品取引業を行っている者について、裁判所への違反行為の禁止命令等の申立てを行うこと等、投資者被害事案に対して積極的に取り組みます。 ３． 市場規律強化に向けた実効的な取組み (1)調査・検査から得られた知見の多面的・複線的な活用 個別事案の調査・検査では、勧告や告発等の一定の「出口」に限定されずに、そこで得られたインテリジェンス情報、調査・検査の手法及びノウハウ等を適切に集約・分析・蓄積し、市場監視業務全般に多面的・複線的に活用します。 横断的な広がりのある視点に基づき調査・検査を実施し、その結果、市場の構造的な問題を把握した場合には、より良い市場環境の整備に向け、積極的な貢献を行います。 (2)違反行為等の再発防止等に向けた根本原因の究明と対話の推進 調査・検査において、法令違反等が認められた場合、行政処分勧告等を行うだけでなく、問題の全体像を把握し、根本的な原因を究明した上で、調査・検査先と深度ある議論を行っていくことで、再発防止につなげます。 問題が顕在化していないものの、調査・検査において改善が必要な事項が認められた場合には、問題意識を調査・検査先と共有し、違反行為等の未然防止につなげます。 (3)違反・不適切行為の未然防止に向けた国内外への情報発信強化 個別勧告事案等や事例集の公表等において、市場における自己規律の強化の観点から、事案の意義、内容及び問題点を明確にした、具体的で分かりやすい情報発信を行います。 違反・不適切行為による投資者被害の未然防止に資するよう、投資者に対する注意喚起等の情報発信を充実させます。 (4)市場監視の空白を作らないための取組みの深化 市場で起こっていることを常に注意深く把握し、新しい商品・取引等や、監視の目の行き届きにくい商品・取引等へ的確に対応し、市場監視の空白を作らない取組みを行います。 ４． デジタライゼーション対応と戦略的な人材の育成 (1)デジタライゼーションを活用した市場監視業務の高度化・効率化 国内外の金融技術の動向や規制当局・法執行機関におけるデジタライゼーションの活用状況等を踏まえ、市場監視業務の高度化・効率化を図るため、取引監視システム等におけるデジタライゼーションの一層の活用を、関係機関と連携しつつ、推進します。 (2)デジタライゼーションの飛躍的進展に伴う新しい商品・取引等への機動的な対応 デジタライゼーションの飛躍的進展に伴って生じる新たな商品・取引等に対して、網羅的に監視が行えるよう機動的に検討・対応します。 デジタライゼーションの飛躍的な進展及びデータの大容量化に対応するため、調査・検査におけるデジタルフォレンジック技術の一層の向上及びシステム環境の高度化を推進します。 (3)高度な専門性及び幅広い視点を備えた人材の戦略的な育成 デジタライゼーションの進展、取引等の複雑化や企業のグローバル化の進展等の中で、証券監視委の使命を適切に果たしていくため、市場監視に係る高度な専門性及び幅広い視点を持った人材の育成に取り組みます。 ５． 国内外の各機関等との連携 (1)自主規制機関との更なる連携強化による効果的・効率的な市場監視 自主規制機関が、更に主体的な役割を果たすことに資するよう、証券監視委の持つ情報や問題意識のタイムリーな共有等を行い、監視態勢の更なる強化や市場規律の働いた市場環境の整備を行います。 効果的かつ効率的な市場監視を実現する観点から、自主規制機関との連携のあり方についても検討していきます。 様々な金融市場に対する横断的な市場監視を実施していくため、自主規制機関とも連携し、市場モニタリングの充実・強化を図ります。 (2)多様な市場関係者と連携した市場規律の強化 これまでの自主規制機関、海外当局、関係機関・団体等との間での連携を強化していくことに加え、新たに市場の公正性・透明性確保や投資者保護に関連する関係機関・団体等の市場関係者との連携の拡大を通じて、全体としての市場監視機能を強化します。 (3)グローバルな市場監視への貢献を通じた国際連携の強化 クロスボーダー取引等に対する市場監視に係る課題について、二国間及び証券監督者国際機構（IOSCO）等の多国間の枠組みでの問題提起及び共有を強化し、グローバルな市場監視に貢献することにより、国際連携の強化を図ります。 また、市場監視を担う海外当局との意見交換の機会を積極的に持つことで、これら海外当局における主な法執行事例や市場監視に係る問題意識等を把握し、証券監視委における市場監視に活用します。 最後に 証券監視委は、本中期活動方針に掲げる証券監視委の目標（「網羅的な市場監視（広く）」・「機動的な市場監視（早く）」・「深度ある市場監視（深く）」）の実現を目指し、より一層努力してまいります。 なお、本中期活動方針は、現下の経済金融情勢等を踏まえて作成したものですが、市場を取り巻く環境が急激に変化する状況のなか、証券監視委自身のPDCAサイクルによって、的確に自らの課題を洗い出し、適切な対応を行うことが重要です。そのために、外部の有識者の意見などを活用し、市場監視業務について、不断の見直しを行いながら、その使命を果たしていきます。
令和２年３月３日,株式会社フラム,,株式会社フラムに対する検査結果に基づく勧告について,https://www.fsa.go.jp/sesc/news/c_2020/2020/20200303-1.html,English version 令和２年３月３日 証券取引等監視委員会 株式会社フラムに対する検査結果に基づく勧告について １．勧告の内容 関東財務局長が株式会社フラム（東京都中央区、法人番号2010001170046、資本金1100万円、常勤役職員６名、投資助言・代理業、以下「当社」という。）を検査した結果、下記のとおり、当該金融商品取引業者に係る問題が認められたので、本日、証券取引等監視委員会は、内閣総理大臣及び金融庁長官に対して、金融庁設置法第20条第１項の規定に基づき、行政処分を行うよう勧告した。 ２．事実関係 ○ 著しく事実に相違する表示又は著しく人を誤認させるような表示のある広告をする行為等 当社は、広告に関する業務の委託先、当該委託先からの再委託先及び再々委託先（以下、まとめて「本件広告業務委託先」という。）をして、当社の助言実績等に関する記事（以下「当社広告記事」という。）を作成させ、当該記事を多数の投資助言業者等を評価・比較する記事（以下「検証記事」という。）や各投資助言業者等に関して寄せられた記事（以下「投稿記事」という。）を掲載している複数のウェブサイト（以下、まとめて「本件ウェブサイト」という。）に掲載させる手法（以下「本件広告手法」という。）により、当社の広告を行っている。 今回、当社及び広告に関する業務の委託先に対して検査を実施し、平成31年１月から令和元年８月までの間における本件ウェブサイトにおける当社広告記事の内容等を検証したところ、以下の事実が認められた。 ①　助言実績に関して著しく事実に相違する表示 当社は、本件広告手法により、本件ウェブサイトにおいて、検証記事として、少なくとも延べ52銘柄に関し、また、投稿記事として、少なくとも延べ13銘柄に関し、実際には投資助言の実績がないにもかかわらず、助言を行った実績がある旨の当社広告記事を掲載した。 ②　助言実績に関して著しく人を誤認させるような表示 当社は、本件広告手法により、本件ウェブサイトにおいて、実際には本件広告業務委託先が当社の助言実績を正確に反映することなく作成した当社広告記事を、集客効果を狙って、あたかも第三者によって投稿されたかのような外観を装った記事として掲載した。 なお、当社は、本件広告業務委託先に対して、広告手段・内容等について何ら指定することなく、集客を最優先として広告に関する業務を委託し、また、当該業務委託に係る契約締結後においても、本件広告業務委託先が作成した広告により、大きな集客効果が得られていることを認識していながら、本件広告業務委託先における広告手段・内容等の確認を行っていなかった。 当社の上記行為は、投資助言・代理業に関する広告において、助言実績に関する事項について、著しく事実に相違する表示をし、又は著しく人を誤認させるような表示であり、金融商品取引法第37条第２項に違反する。 （参考条文） ○　金融商品取引法（昭和23年法律第25号）（抄） （広告等の規制） 第三十七条　（略） ２　金融商品取引業者等は、その行う金融商品取引業に関して広告その他これに類似するものとして内閣府令で定める行為をするときは、金融商品取引行為を行うことによる利益の見込みその他内閣府令で定める事項について、著しく事実に相違する表示をし、又は著しく人を誤認させるような表示をしてはならない。
令和２年３月13日   合同会社ＧＰＪベンチャーキャピタル及びその代表社員等２名による金融商品取引法違反行為に係る裁判所への禁止及び停止命令発出の申立てについて,合同会社ＧＰＪベンチャーキャピタル及びそ,,合同会社ＧＰＪベンチャーキャピタル及びその代表社員等２名による金融商品取引法違反行為に係る裁判所への禁止及び停止命令発出の申立てについて,https://www.fsa.go.jp/sesc/news/c_2020/2020/20200313-1.html,"English version 令和２年３月13日 証券取引等監視委員会 合同会社ＧＰＪベンチャーキャピタル及びその代表社員等２名による金融商品取引法違反行為に係る裁判所への禁止及び停止命令発出の申立てについて １．申立ての内容等 証券取引等監視委員会が、合同会社ＧＰＪベンチャーキャピタル（東京都中央区、法人番号7010003019930、代表社員Ａ、資本金8000万円、金融商品取引業の登録等はない。以下「当社」という。）に対して金融商品取引法（以下「金商法」という。）第187条第１項に基づく調査を行った結果、下記２．の事実が認められたことから、本日、証券取引等監視委員会は、金商法第192条第１項に基づき、東京地方裁判所に対し、当社並びに当社の代表社員であるＡ及び当社の専務執行役員であり営業全般の総括責任者であるＢ（当社並びにＡ及びＢを併せて「当社ら」という。）を被申立人として、金商法違反行為（無登録で、金商法第２条第２項３号又は第５号若しくは第６号に掲げる権利について、募集又は私募の取扱いを業として行うこと）の禁止及び停止を命ずるよう申立てを行った。 ２．事実関係 当社らは、以下のとおり、一般投資家に対し、合同会社の社員権及び集団投資スキーム持分の募集の取扱いを行っている。 ⑴　合同会社の社員権の募集の取扱い 当社らは、平成26年５月以降、一般投資家に対し、当社の社員権（以下「本件社員権」という。金商法第２条第２項第３号）の取得勧誘を行っている。 当社は、Ｇａｎａｐａｔｉ ＰＬＣ（ゲームプラットフォームの開発等を目的とする英国籍の法人。以下「Ｇａｎａｐａｔｉ社」という。）を中心とするＧａｎａｐａｔｉグループとして活動を行っており、本件社員権に係る顧客からの出資金は、Ｇａｎａｐａｔｉ社に全額貸し付けられ、出資者は、出資額に応じた分配金を毎月受け取ることができるとされている。 当社らは、平成26年５月から令和元年10月までの間に、少なくとも1,072名の一般投資家に対し、本件社員権を取得させ、約126億5600万円を出資させている。 ⑵　集団投資スキーム持分の募集の取扱い 当社らは、平成30年９月以降、一般投資家に対し、「Ｇ８Ｃ」と称する集団投資スキーム持分（以下「Ｇ８Ｃ」という。金商法第２条第２項第６号、同項第５号）の取得勧誘を行っている。 Ｇ８Ｃの概要は以下のとおりである。 ①　Ｇａｎａｐａｔｉグループにおいて、Ｇ８Ｃに係る顧客からの出資金を充てて以下の開発事業を行っているとしている。 ・オンラインカジノのプラットフォーム ・オンラインカジノ上で直接賭け金に用いることができるトークン（以下「オリジナルＧ８Ｃトークン」という。） ・オリジナルＧ８Ｃトークンを法定通貨に変換することができる換金所 ②　Ｇ８Ｃの出資者には、出資額に応じたトークン（以下「Ｇ８Ｃトークン」という。）が配付され、上記①のオリジナルＧ８Ｃトークンの開発完了後、出資者は、保有しているＧ８ＣトークンとオリジナルＧ８Ｃトークンとを、１対１の割合で引き換えることができる。 ③　上記①の換金所の開発完了後、Ｇ８Ｃの出資者は、上記②により引き換えたオリジナルＧ８Ｃトークンを法定通貨に変換することができる（注）。 （注）当社らは、１オリジナルＧ８Ｃトークンの価値を1.5円で安定させることを計画しており、１Ｇ８Ｃトークンあたり0.1円で出資し、オリジナルＧ８Ｃトークン及び換金所の完成後に、オリジナルＧ８Ｃトークンの価値が1.5円となった場合、出資者は、Ｇ８ＣトークンとオリジナルＧ８Ｃトークンとを１対１の割合で引き換えた上で、１オリジナルＧ８Ｃトークンあたり1.5円で換金することができ、その差額がＧ８Ｃに係る出資者の利益となると説明している。 当社らは、平成30年９月から令和元年10月までの間に、少なくとも970名の一般投資家に対し、Ｇ８Ｃを取得させ、約40億900万円を出資させている。 上記⑴及び⑵記載の当社らの各行為は、いずれも金商法第28条第２項第２号に規定する「第二種金融商品取引業」に該当し、無登録でこれを行うことは、同法第29条に違反するものである。 当社らは上記違法行為を今後も行う蓋然性が高いことから、これを可及的速やかに禁止・停止させる必要がある。 (クリックすると拡大されます。) 参考条文 ○第二種金融商品取引業 金融商品取引法(抄) （定義） 第二条 この法律において「有価証券」とは、次に掲げるものをいう。 一～二十一（略） ２（前略）、次に掲げる権利は、証券又は証書に表示されるべき権利以外の権利であっても有価証券とみなして、この法律の規定を適用する。 一・二（略） 三　合名会社若しくは合資会社の社員権（政令で定めるものに限る。）又は合同会社の社員権 四　（略） 五　民法（中略）第六百六十七条第一項に規定する組合契約、商法（中略）第五百三十五条に規定する匿名組合契約、投資事業有限責任組合契約に関する法律（中略）第三条第一項に規定する投資事業有限責任組合契約又は有限責任事業組合契約に関する法律（中略）第三条第一項に規定する有限責任事業組合契約に基づく権利、社団法人の社員権その他の権利（外国の法令に基づくものを除く。）のうち、当該権利を有する者（以下この号において「出資者」という。）が出資又は拠出をした金銭（これに類するものとして政令で定めるものを含む。）を充てて行う事業（以下この号において「出資対象事業」という。）から生ずる収益の配当又は当該出資対象事業に係る財産の分配を受けることができる権利であって、次のいずれにも該当しないもの（略） イ～ニ（略） 六　外国の法令に基づく権利であって、前号に掲げる権利に類するもの 七（略） ３～７（略） ８　この法律において「金融商品取引業」とは、次に掲げる行為（略）のいずれかを業として行うことをいう。 一～八（略） 九　有価証券の募集若しくは売出しの取扱い又は私募若しくは特定投資家向け売付け勧誘等の取扱い 十～十八（略） ９～40（略） 第二十八条 （略） ２　この章において「第二種金融商品取引業」とは、金融商品取引業のうち、次に掲げる行為のいずれかを業として行うことをいう。 一（略） 二　第二条第二項の規定により有価証券とみなされる同項各号に掲げる権利についての同条第八項第一号から第三号まで、第五号、第八号又は第九号に掲げる行為 三・四（略） ３～８（略） （登録） 第二十九条 金融商品取引業は、内閣総理大臣の登録を受けた者でなければ、行うことができない。 ○緊急差止命令に係る申立て 金融商品取引法(抄) （審問等に関する調査のための処分） 第百八十七条 内閣総理大臣又は内閣総理大臣及び財務大臣は、この法律の規定による審問、この法律の規定による処分に係る聴聞又は第百九十二条の規定による申立てについて、必要な調査をするため、当該職員に、次に掲げる処分をさせることができる。 一　関係人若しくは参考人に出頭を命じて意見を聴取し、又はこれらの者から意見書若しくは報告書を提出させること。 二　鑑定人に出頭を命じて鑑定させること。 三　関係人に対し帳簿書類その他の物件の提出を命じ、又は提出物件を留めて置くこと。 四　関係人の業務若しくは財産の状況又は帳簿書類その他の物件を検査すること。 ２（略） （裁判所の禁止又は停止命令） 第百九十二条 裁判所は、次の各号のいずれかに該当すると認めるときは、内閣総理大臣又は内閣総理大臣及び財務大臣の申立てにより、当該各号に定める行為を行い、又は行おうとする者に対し、その行為の禁止又は停止を命ずることができる。 一　緊急の必要があり、かつ、公益及び投資者保護のため必要かつ適当であるとき　この法律又はこの法律に基づく命令に違反する行為 二　第二条第二項第五号若しくは第六号に掲げる権利又は同項第七号に掲げる権利（同項第五号又は第六号に掲げる権利と同様の経済的性質を有するものとして政令で定める権利に限る。）に関し出資され、又は拠出された金銭（これに類するものとして政令で定めるものを含む。）を充てて行われる事業に係る業務執行が著しく適正を欠き、かつ、現に投資者の利益が著しく害されており、又は害されることが明白である場合において、投資者の損害の拡大を防止する緊急の必要があるとき　これらの権利に係る同条第八項第七号から第九号までに掲げる行為 ２～４（略） 第百九十八条 次の各号のいずれかに該当する者は、三年以下の懲役若しくは三百万円以下の罰金に処し、又はこれを併科する。 一～七（略） 八　第百九十二条第一項又は第二項の規定による裁判所の命令に違反した者 第二百七条 法人（略）の代表者又は法人若しくは人の代理人、使用人その他の従業者が、その法人又は人の業務又は財産に関し、次の各号に掲げる規定の違反行為をしたときは、その行為者を罰するほか、その法人に対して当該各号に定める罰金刑を、その人に対して各本条の罰金刑を科する。 一・二（略） 三　第百九十八条（略）又は第百九十八条の三から第百九十八条の五まで　三億円以下の罰金刑 四～六（略） ２・３（略）"
