date,stock_name,stock_code,title,link,content
2022-12-26,株式会社エイチーム株券,,株式会社エイチーム株券に係る内部者取引事件の告発について（１）,https://www.fsa.go.jp/sesc/news/c_2022/2022/20221226-1.html,English version 令和４年１２月２６日 証券取引等監視委員会 株式会社エイチーム株券に係る内部者取引事件の告発について（１） 証券取引等監視委員会は、本日、金融商品取引法違反（内部者取引、情報伝達）の嫌疑で、嫌疑者１名を東京地方検察庁に告発した。告発の対象となった犯則事実については下記のとおり。 １．告発の対象となった犯則事実 犯則嫌疑者Ａは、株式会社スクウェア・エニックス（以下「スクエニ」という。）に勤務していた従業員であり、令和２年９月下旬頃、その職務に関し、東京証券取引所に株券を上場している株式会社エイチーム（以下「エイチーム」という。）とスクエニが共同で進めていた携帯電話機向け新作ゲームの開発が配信開始を見込める段階まで進捗したことなどのエイチームの運営、業務又は財産に関する重要な事実であって投資者の投資判断に著しい影響を及ぼす重要事実及びエイチームの業務執行を決定する機関が同ゲームの配信等を共同して運営していく旨の業務上の提携を行うことについての決定をした旨のエイチームの業務等に関する重要事実をそれぞれ知り 第１　法定の除外事由がないのに、前記各重要事実の公表前である同月下旬頃から令和３年２月下旬頃までの間、証券会社を介し、犯則嫌疑者Ａ名義で、エイチームの株券合計約９万１０００株を代金合計約１億５００万円で買い付け 第２　知人にあらかじめエイチームの株券を買い付けさせて利益を得させる目的をもって、前記各重要事実の公表前である令和２年１２月下旬頃、前記知人に対し、前記各重要事実を伝達したものであり、これにより伝達を受けた前記知人が、法定の除外事由がないのに、前記各重要事実の公表前である令和３年１月中旬頃から同年２月中旬頃までの間、証券会社を介し、前記知人名義で、エイチームの株券合計１万株を代金合計約１１８０万円で買い付け たものである。 ２．関連条文 金融商品取引法 第１　同法第１９７条の２第１３号、第１６６条１項第５号、第２項４号・第１号ヨ（令和元年法律第７１ 号による改正前のもの）、同法施行令第２８条第１号（令和３年政令第２１号による改正前のもの） 第２　同法第１９７条の２第１４号、第１６７条の２第１項 法定刑：５年以下の懲役若しくは５００万円以下の罰金又はこれを併科
令和４年12月13日,,,証券取引等監視委員会の第11期の体制がスタートしました。（新委員長・委員の略歴を掲載しました。）,https://www.fsa.go.jp/sesc/aboutsesc/aboutsesc.html,証券監視委について 委員長からのメッセージ 証券取引等監視委員会委員長からのメッセージ　※更新中 委員長、委員の略歴 中原委員長 加藤委員 橋本委員 委員会の開催状況 令和７年11月開催 11月      7日（金） 第164回証券取引等監視委員会開催（ 議事要旨 ） 11月    11日（金） 第165回証券取引等監視委員会開催（ 議事要旨 ） 11月    14日（火） 11月    18日（金） 11月    21日（金） 11月    26日（水） 11月    28日（金） 第166回証券取引等監視委員会開催（ 議事要旨 ） 第167回証券取引等監視委員会開催（ 議事要旨 ） 第168回証券取引等監視委員会開催（ 議事要旨 ） 第169回証券取引等監視委員会開催（ 議事要旨 ） 第170回証券取引等監視委員会開催（ 議事要旨 ） ※ 過去の開催状況 （平成27年10月以降） 第11期活動方針 証券取引等監視委員会 中期活動方針（第11期：2023年～2025年）　本文 証券取引等監視委員会 中期活動方針（第11期：2023年～2025年）　概要 証券取引等監視委員会創立25周年記念国際コンファレンス 証券取引等監視委員会創立25周年記念国際コンファレンス 歴代委員長からのメッセージ 組織及び事務概要 証券監視委パンフレット 証券監視委の所在地等 組織及び事務概要 令和７年度機構・定員（PDF/90KB） 証券監視委の定員推移（PDF/35KB） 証券監視委と内閣総理大臣、金融庁長官及び財務局長等の関係の概念図（PDF/118KB） 組織・事務に係る法令の概要 証券監視委の法令等遵守に関する取組み 証券監視委の法令等遵守に関する通報・相談窓口
2022-12-26,株式会社エイチーム株券,,株式会社エイチーム株券に係る内部者取引事件の告発について（２）,https://www.fsa.go.jp/sesc/news/c_2022/2022/20221226-2.html,English version 令和４年１２月２６日 証券取引等監視委員会 株式会社エイチーム株券に係る内部者取引事件の告発について（２） 証券取引等監視委員会は、本日、金融商品取引法違反（内部者取引）の嫌疑で、嫌疑者１名を東京地方検察庁に告発した。告発の対象となった犯則事実については下記のとおり。 １．告発の対象となった犯則事実 犯則嫌疑者Ａは、株式会社スクウェア・エニックス（以下「スクエニ」という。）に勤務していた従業員であり、令和２年１２月中旬頃、その職務に関し、東京証券取引所に株券を上場している株式会社エイチーム（以下「エイチーム」という。）とスクエニが共同で進めていた携帯電話機向け新作ゲームの開発が配信開始を見込める段階まで進捗したことなどのエイチームの運営、業務又は財産に関する重要な事実であって投資者の投資判断に著しい影響を及ぼす重要事実及びエイチームの業務執行を決定する機関が同ゲームの配信等を共同して運営していく旨の業務上の提携を行うことについての決定をした旨のエイチームの業務等に関する重要事実をそれぞれ知り、法定の除外事由がないのに、前記各重要事実の公表前である令和３年１月下旬頃から同年２月下旬頃までの間、証券会社を介し、犯則嫌疑者Ａ名義で、エイチームの株券合計１２万株を代金合計約１億４４７０万円で買い付けたものである。 ２．関連条文 金融商品取引法 同法第１９７条の２第１３号、第１６６条１項第５号、第２項４号・第１号ヨ（令和元年法律第７１号によ る改正前のもの）、同法施行令第２８条第１号（令和３年政令第２１号による改正前のもの） 法定刑：５年以下の懲役若しくは５００万円以下の罰金又はこれを併科
2022-12-09,OS-Laugh Marketing,,Mt.light（MTL）の代表者１名による金融商品取引法違反行為に係る裁判所への禁止及び停止命令発出の申立てについて,https://www.fsa.go.jp/sesc/news/c_2022/2022/20221209-2.html,"English version 令和４年12月９日 証券取引等監視委員会 Mt.light（MTL）の代表者１名による金融商品取引法違反行為に係る裁判所への禁止及び停止命令発出の申立てについて １．申立ての内容等 証券取引等監視委員会は、Mt.light（以下「MTL」という。）と称して日本国内の投資家に対して外国為替証拠金取引（以下「FX取引」という。）を提供しているとの嫌疑で、OS-Laugh Marketing Ltd.（マレーシア連邦直轄領ラブアン、取締役　沖光（おきひかる、タイ王国に居住。以下「沖」という。）、金融商品取引業の登録等はない。以下「OS社」という。）及びMTLのPresident（代表者）として活動している山本紘士（やまもとこうじ、日本国内に居住、金融商品取引業の登録等はない。以下「山本」という。）に対して金融商品取引法（以下「金商法」という。）第187条第１項に基づく調査を行った。 その結果、下記２．の事実が認められたことから、本日、証券取引等監視委員会は、金商法第192条第１項に基づき、東京地方裁判所に対し、山本を被申立人として、金商法違反行為（無登録で、店頭デリバティブ取引を業として行うこと）の禁止及び停止を命ずるよう申立てを行った。 ２．事実関係 山本は、令和元年の夏頃、FX事業を立ち上げることを構想し、かねてからの知り合いである沖を事業パートナーに誘い、山本が取り仕切る形でその立上げ準備を進めた。 山本は、当初は海外に証券会社を新たに設立するつもりでいたが、準備を進める過程で、沖が所有するOS社を利用することができれば事業立上げが容易になると考えるに至り、沖にその利用を打診したところ、沖がこれを承諾したことから、FX事業を実施する法的主体についてはOS社とすることとなった。もっとも、上記FX事業を行う主体として、対外的にはMTLと称することにした。 山本は、構想から約１年後の令和２年８月頃からMTLとしてのFX事業を開始し、MTLのPresident（代表者）として、OS社におけるFX事業の運営を取り仕切っている。 MTLと称してOS社が提供しているFX取引の概要は、以下のとおり。 ・　顧客が、口座開設フォームからMTL証券口座の開設を行い、証拠金の預入先として指定された合同会社イーコレペイメント（業務執行社員は山本のみ。以下「イーコレ社」という。）名義の銀行口座に証拠金を入金すると、その証拠金額がMTL証券口座に反映され、その後は、MTLFXという自動売買システムに基づき、自動的にFX取引が行われる。 ・　顧客は、この自動売買システムに基づき、売買注文の発注先（取引の相手方）であるOS社と相対で取引を行う。 ・　OS社は、為替変動リスク回避のため、顧客から受けた注文と同じ数量の注文をカバー取引先に発注する（いわゆるカバー取引を行う）。 OS社及び山本は、複数の勧誘代理店を利用して、顧客を獲得しており、MTLとしてFX事業を開始した令和２年８月から令和４年７月末日までの間に、少なくとも延べ1,950名の一般投資家に対し、85億円を超える証拠金をイーコレ社の銀行口座に入金させている。 なお、イーコレ社名義の銀行口座に入金された証拠金のうち、40億円を超える額が、山本の個人口座ないしは山本の関係会社口座に送金されている。 OS社及び山本の上記行為は、金商法第２条第22項に規定する店頭デリバティブ取引に該当し、同法第28条第１項第２号に規定する「第一種金融商品取引業」に該当するものであるから、無登録でこれを行うことは、同法第29条に違反する。 上記金商法違反行為は、今後も行われる蓋然性が高く、投資家被害防止のためには、当該金商法違反行為を差し止める必要があるところ、その一刻も早い実現のためには、MTLとしてのFX事業立上げを主導し、その運営を取り仕切っている山本の行為を可及的速やかに禁止・停止させる必要がある。 【MTLの顧客の皆様へ】 〇 証券監視委は、東京地裁に対して、Mt.light（以下「MTL」という。）のPresident（代表者）として活動する山本紘士（以下「山本」という。）の金商法違反行為（無登録で、店頭デリバティブ取引を業として行うこと）の禁止及び停止を命ずるよう申立てを行いました（令和４年12月９日）。 〇 山本のみならず、OS社（MTL）についても、金融商品取引業の登録等を受けた業者ではありません。 〇　OS社（MTL）がFX取引を行う顧客を獲得するに当たっては、複数の勧誘代理店が勧誘行為を行っていることが確認されています。 〇　OS社（MTL）や勧誘代理店は、顧客にMTLのウェブサイト上の口座開設フォームからMTL証券口座を開設させ、合同会社イーコレペイメント（以下「イーコレ社」という。）名義の銀行口座に証拠金を入金するだけで、MTLFXという自動売買システムに基づき自動的に運用が行われ、安定的な利益を上げられるなどとして勧誘を行っていました。 〇　MTLFXのことを、アポロンないしはアポロンライトと称して勧誘している代理店がありますが、いずれも、MTLFXと同じものです。 〇　顧客の証拠金の預入先であるイーコレ社の銀行口座には、FX取引の証拠金名目以外の入金はないとされていますが、同銀行口座から、40億円を超える額が、山本の個人口座又は山本の関係会社口座に送金されていることが確認されています。 〇 【一般投資家の皆様へ】も、併せてご確認ください。 【一般投資家の皆様へ】 〇　無登録業者が、実際には契約内容のとおりの取引を行っていなかったなどのトラブルが多発しています。無登録業者には、金融庁の監督権限が及ばず、投資者保護規定に基づく処分等が行えませんので、ご注意ください。 〇　仮に、海外当局の登録を受けた業者であったとしても、当該海外当局は、他国民との取引について監督指導等を行わないことや、金融庁と同等の監督権限がないことなどがあります。海外当局の登録を受けたことをもって日本と同等の投資者保護を担保するものではありません。 〇 一般に、無登録業者は、実際には契約内容のとおりの取引を行っていない商品であったとしても、返金等を希望する顧客に対し、他の顧客の投資資金を交付することで、返金等に応じることがあります。これまでに返金等を受けることができていたとしても、そのことをもって、直ちに当該商品が信頼できるとは言えませんので、ご注意ください。 〇 日本で登録を受けずに金融商品取引業を行うことは違法です。 取引の相手方が登録を受けているか、 こちら でご確認ください。 また、無登録で金融商品取引業を行っているとして、金融庁（財務局）が警告を行った者の名称等は、 こちら をご確認ください。 〇　外国為替証拠金取引（FX取引）についての注意点は、 こちら をご確認ください。 (クリックすると拡大されます。) (クリックすると拡大されます。) 参考条文 〇第一種金融商品取引業 金融商品取引法（抄） （定義） 第二条　（略） ２～７　（略） ８　この法律において「金融商品取引業」とは、次に掲げる行為（略）のいずれかを業として行うことをいう。 一～三　（略） 四　店頭デリバティブ取引又はその媒介、取次ぎ（有価証券等清算取次ぎを除く。）若しくは代理（以下「店頭デリバティブ取引等」という。） 五～十八　（略） ９～21　（略） 22　この法律において「店頭デリバティブ取引」とは、金融商品市場及び外国金融商品市場によらないで行う次に掲げる取引（その内容等を勘案し、公益又は投資者の保護のため支障を生ずることがないと認められるものとして政令で定めるものを除く。）をいう。 一　売買の当事者が将来の一定の時期において金融商品（第二十四項第三号の三及び第五号に掲げるものを除く。第三号及び第六号において同じ。）及びその対価の授受を約する売買であつて、当該売買の目的となつている金融商品の売戻し又は買戻しその他政令で定める行為をしたときは差金の授受によつて決済することができる取引 二～七　（略） 23～42　（略） 第二十八条　この章において「第一種金融商品取引業」とは、金融商品取引業のうち、次に掲げる行為のいずれかを業として行うことをいう。 一・一の二　（略） 二　第二条第八項第四号に掲げる行為又は店頭デリバティブ取引についての同項第五号に掲げる行為 三～五　（略） ２～８　（略） （登録） 第二十九条　金融商品取引業は、内閣総理大臣の登録を受けた者でなければ、行うことができない。 第百九十七条の二　次の各号のいずれかに該当する者は、五年以下の懲役若しくは五百万円以下の罰金に処し、又はこれを併科する。 一～十の三　（略） 十の四　第二十九条の規定に違反して内閣総理大臣の登録を受けないで金融商品取引業を行つた者 十の五～十五　（略） 〇緊急差止命令に係る申立て 金融商品取引法（抄） （審問等に関する調査のための処分） 第百八十七条　内閣総理大臣又は内閣総理大臣及び財務大臣は、この法律の規定による審問、この法律の規定による処分に係る聴聞又は第百九十二条の規定による申立てについて、必要な調査をするため、当該職員に、次に掲げる処分をさせることができる。 一　関係人若しくは参考人に出頭を命じて意見を聴取し、又はこれらの者から意見書若しくは報告書を提出させること。 二　鑑定人に出頭を命じて鑑定させること。 三　関係人に対し帳簿書類その他の物件の提出を命じ、又は提出物件を留めて置くこと。 四　関係人の業務若しくは財産の状況又は帳簿書類その他の物件を検査すること。 ２　（略） （裁判所の禁止又は停止命令） 第百九十二条　裁判所は、次の各号のいずれかに該当すると認めるときは、内閣総理大臣又は内閣総理大臣及び財務大臣の申立てにより、当該各号に定める行為を行い、又は行おうとする者に対し、その行為の禁止又は停止を命ずることができる。 一　緊急の必要があり、かつ、公益及び投資者保護のため必要かつ適当であるとき　この法律又はこの法律に基づく命令に違反する行為 二　（略） ２～４　（略） 第百九十八条　次の各号のいずれかに該当する者は、三年以下の懲役若しくは三百万円以下の罰金に処し、又はこれを併科する。 一～七　（略） 八　第百九十二条第一項又は第二項の規定による裁判所の命令に違反した者"
2022-12-09,株式会社ディー・ディー・エス,,株式会社ディー・ディー・エスにおける有価証券報告書等の虚偽記載に係る課徴金納付命令勧告について,https://www.fsa.go.jp/sesc/news/c_2022/2022/20221209-1.html,"English version 令和４年12月９日 証券取引等監視委員会 株式会社ディー・ディー・エスにおける有価証券報告書等の虚偽記載に係る課徴金納付命令勧告について １．勧告の内容 証券取引等監視委員会は、株式会社ディー・ディー・エス（法人番号7180001046613）（以下「当社」という。）における金融商品取引法に基づく開示規制の違反について検査した結果、以下のとおり法令違反の事実が認められたので、本日、内閣総理大臣及び金融庁長官に対して、金融庁設置法第20条第１項の規定に基づき、課徴金納付命令を発出するよう勧告を行った。 ２．法令違反の事実関係 （１）継続開示書類 当社は、売上の過大計上及び貸倒引当金繰入額の過少計上等の不適正な会計処理を行った。 また、当社は、将来にわたって事業活動を継続するとの前提に重要な疑義を生じさせるような事象又は状況等（以下「重要事象等」という。）が存在するにもかかわらず、有価証券報告書及び四半期報告書の第一部【企業情報】第２【事業の状況】の【事業等のリスク】にその旨及びその具体的な内容を記載しなかった。 さらに、当社は、上記不適正な会計処理及び重要事象等の不記載を訂正するにあたり、貸借対照表の当事業年度の繰越利益剰余金から前事業年度の繰越利益剰余金を差し引いた金額と損益計算書の当期純損失等が本来整合すべきにもかかわらず整合していなかったなど、多くの虚偽記載のある連結財務諸表等を作成した。 これらの結果、当社は、東海財務局長に対し、金融商品取引法第172 条の４第１項及び第２項に規定する「重要な事項につき虚偽の記載があり、又は記載すべき重要な事項の記載が欠けている」以下の有価証券報告書、四半期報告書、有価証券報告書に係る訂正報告書及び四半期報告書に係る訂正報告書を提出した（「重要な事項につき虚偽の記載があり、又は記載すべき重要な事項の記載が欠けている」の内容は別紙１の表の番号１から17及び20から32のとおり）。 ・平成29年12月期有価証券報告書（平成30年３月30日提出） ・平成29年12月期有価証券報告書の訂正報告書（令和４年８月12日提出） ・平成30年３月第１四半期四半期報告書（平成30年５月11日提出） ・平成30年６月第２四半期四半期報告書（平成30年８月10日提出） ・平成30年９月第３四半期四半期報告書（平成30年11月９日提出） ・平成30年12月期有価証券報告書（平成31年３月22日提出） ・平成30年12月期有価証券報告書の訂正報告書（令和４年８月12日提出） ・平成31年３月第１四半期四半期報告書（令和元年５月10日提出） ・令和元年６月第２四半期四半期報告書（令和元年８月９日提出） ・令和元年９月第３四半期四半期報告書（令和元年11月８日提出） ・令和元年９月第３四半期四半期報告書の訂正報告書（令和４年８月12日提出） ・令和元年12月期有価証券報告書（令和２年３月30日提出） ・令和元年12月期有価証券報告書の訂正報告書（令和４年８月12日提出） ・令和２年３月第１四半期四半期報告書（令和２年５月８日提出） ・令和２年３月第１四半期四半期報告書の訂正報告書（令和４年８月12日提出） ・令和２年６月第２四半期四半期報告書（令和２年８月14日提出） ・令和２年６月第２四半期四半期報告書の訂正報告書（令和４年８月12日提出） ・令和２年９月第３四半期四半期報告書（令和２年11月13日提出） ・令和２年９月第３四半期四半期報告書の訂正報告書（令和４年８月12日提出） ・令和２年12月期有価証券報告書（令和３年３月26日提出） ・令和２年12月期有価証券報告書の訂正報告書（令和４年８月12日提出） ・令和３年３月第１四半期四半期報告書（令和３年５月14日提出） ・令和３年３月第１四半期四半期報告書の訂正報告書（令和４年８月12日提出） ・令和３年６月第２四半期四半期報告書（令和３年８月13日提出） ・令和３年６月第２四半期四半期報告書の訂正報告書（令和４年８月12日提出） ・令和３年９月第３四半期四半期報告書（令和３年11月12日提出） ・令和３年９月第３四半期四半期報告書の訂正報告書（令和４年８月12日提出） ・令和３年12月期有価証券報告書（令和４年３月25日提出） ・令和３年12月期有価証券報告書の訂正報告書（令和４年８月12日提出） ・令和４年３月第１四半期四半期報告書（令和４年８月12日提出） （２）発行開示書類 ア　当社は、東海財務局長に対し、平成30年８月17日、上記（１）の記載すべき重要な事項の記載が欠けている平成29年12月期有価証券報告書及び平成30年６月第２四半期四半期報告書を組込情報とする金融商品取引法第172条の２第１項に規定する「記載すべき重要な事項の記載が欠けている」有価証券届出書（新株予約権証券の募集）を提出し、当該有価証券届出書に基づく募集により、平成30年９月３日、428個の新株予約権証券を1,658,114,800円（当該新株予約権の行使に際して払い込むべき金額を含む。）で取得させた（「記載すべき重要な事項の記載が欠けている」の内容は別紙１の表の番号18のとおり）。 イ　当社は、東海財務局長に対し、令和２年６月２日、上記（１）の重要な事項につき虚偽の記載があり、記載すべき重要な事項の記載が欠けている令和元年12月期有価証券報告書及び令和２年３月第１四半期四半期報告書を参照情報とする金融商品取引法第172条の２第１項に規定する「重要な事項につき虚偽の記載があり、又は記載すべき重要な事項の記載が欠けている」有価証券届出書（新株予約権証券の募集）を提出し、当該有価証券届出書に基づく募集により、令和２年６月18日、642個の新株予約権証券を1,513,836,000円（当該新株予約権の行使に際して払い込むべき金額を含む。）で取得させた（「重要な事項につき虚偽の記載があり、又は記載すべき重要な事項の記載が欠けている」の内容は別紙１の表の番号19のとおり）。 ３．課徴金の額の計算 上記の違法行為について金融商品取引法に基づき算定される課徴金の額は、２億573万円である（計算方法については別紙２のとおり）。 【別紙１】有価証券報告書等の虚偽記載等の内容 番号 対象書類 虚偽記載又は記載すべき事項の欠缺 提出日 書類 会計期間 記載項目 主な内容（注） 主な事由 １ 平成30年３月30日 第23期（平成29年１月１日～同年12月31日）に係る有価証券報告書 第一部【企業情報】第２【事業の状況】の【事業等のリスク】において、重要事象等が存在するにもかかわらず、その旨及びその具体的な内容を記載しなかった。 ２ 平成30年５月11日 第24期第１四半期（平成30年１月１日～同年３月31日）に係る四半期報告書 第一部【企業情報】第２【事業の状況】の【事業等のリスク】において、重要事象等が存在するにもかかわらず、その旨及びその具体的な内容を記載しなかった。 ３ 平成30年８月10日 第24期第２四半期（平成30年４月１日～同年６月30日）に係る四半期報告書 第一部【企業情報】第２【事業の状況】の【事業等のリスク】において、重要事象等が存在するにもかかわらず、その旨及びその具体的な内容を記載しなかった。 ４ 平成30年11月９日 第24期第３四半期（平成30年７月１日～同年９月30日）に係る四半期報告書 第一部【企業情報】第２【事業の状況】の【事業等のリスク】において、重要事象等が存在するにもかかわらず、その旨及びその具体的な内容を記載しなかった。 ５ 平成31年3月22日 第24期（平成30年１月１日～同年12月31日）に係る有価証券報告書 平成30年１月１日～同年12月31日の連結会計期間 連結 損益計算書 親会社株主に帰属する当期純利益が ▲1,160,020千円であるところを▲909,821千円と記載 売上の過大計上 連結 貸借対照表 連結純資産額が961,297千円であるところを1,483,006千円と記載 第一部【企業情報】第２【事業の状況】の【事業等のリスク】において、重要事象等が存在するにもかかわらず、その旨及びその具体的な内容を記載しなかった。 ６ 令和元年５月10日 第25期第１四半期（平成31年１月１日～同年３月31日）に係る四半期報告書 平成31年１月１日～同年３月31日の第１四半期連結累計期間 四半期連結 損益計算書 親会社株主に帰属する四半期純利益が ▲244,741千円であるところを▲60,242千円と記載 貸倒引当金繰入額の過少計上、売掛金の過大計上 平成31年１月１日～同年３月31日の第１四半期連結会計期間 四半期連結 貸借対照表 連結純資産額が740,462千円であるところを1,446,592千円と記載 第一部【企業情報】第２【事業の状況】の【事業等のリスク】において、重要事象等が存在するにもかかわらず、その旨及びその具体的な内容を記載しなかった。 ７ 令和元年８月９日 第25期第２四半期（平成31年４月１日～令和元年６月30日）に係る四半期報告書 平成31年１月１日～令和元年６月30日の第２四半期連結累計期間 四半期連結 損益計算書 親会社株主に帰属する四半期純利益が ▲235,374千円であるところを▲42,434千円と記載 貸倒引当金繰入額の過少計上、売掛金の過大計上 平成31年４月１日～令和元年６月30日の第２四半期連結会計期間 四半期連結 貸借対照表 連結純資産額が 715,373千円であるところを1,429,993千円と記載 第一部【企業情報】第２【事業の状況】の【事業等のリスク】において、重要事象等が存在するにもかかわらず、その旨及びその具体的な内容を記載しなかった。 ８ 令和元年11月８日 第25期第３四半期（令和元年７月１日～同年９月30日）に係る四半期報告書 平成31年１月１日～令和元年９月30日の第３四半期連結累計期間 四半期連結 損益計算書 親会社株主に帰属する四半期純利益が ▲305,715千円であるところを▲160,021千円と記載 貸倒引当金繰入額の過少計上、売掛金の過大計上 令和元年７月１日～同年９月30日の第３四半期連結会計期間 四半期連結 貸借対照表 連結純資産額が 760,141千円であるところを1,427,302 千円と記載 第一部【企業情報】第２【事業の状況】の【事業等のリスク】において、重要事象等が存在するにもかかわらず、その旨及びその具体的な内容を記載しなかった。 ９ 令和２年３月30日 第25期（平成31年１月１日～令和元年12月31日）に係る有価証券報告書 平成31年１月１日～令和元年12月31日の連結会計期間 連結 損益計算書 親会社株主に帰属する当期純利益が ▲154,928千円であるところを23,180 千円と記載 貸倒引当金繰入額の過少計上、売掛金の過大計上 連結 貸借対照表 連結純資産額が884,230千円であるところを1,583,081千円と記載 第一部【企業情報】第２【事業の状況】の【事業等のリスク】において、重要事象等が存在するにもかかわらず、その旨及びその具体的な内容を記載しなかった。 10 令和２年５月８日 第26期第１四半期（令和２年１月１日～同年３月31日）に係る四半期報告書 令和２年１月１日～同年３月31日の第１四半期連結会計期間 四半期連結 貸借対照表 連結純資産額が827,920千円であるところを1,477,223千円と記載 貸倒引当金の過少計上、売掛金の過大計上 第一部【企業情報】第２【事業の状況】の【事業等のリスク】において、重要事象等が存在するにもかかわらず、その旨及びその具体的な内容を記載しなかった。 11 令和２年８月14日 第26期第２四半期（令和２年４月１日～同年６月30日）に係る四半期報告書 令和２年４月１日～同年６月30日の第２四半期連結会計期間 四半期連結 貸借対照表 連結純資産額が1,027,892 千円であるところを1,695,712千円と記載 貸倒引当金の過少計上、売掛金の過大計上 第一部【企業情報】第２【事業の状況】の【事業等のリスク】において、重要事象等が存在するにもかかわらず、その旨及びその具体的な内容を記載しなかった。 12 令和２年11月13日 第26期第３四半期（令和２年７月１日～同年９月30日）に係る四半期報告書 令和２年７月１日～同年９月30日の第３四半期連結会計期間 四半期連結 貸借対照表 連結純資産額が2,087,838千円であるところを2,756,914千円と記載 貸倒引当金の過少計上、のれんの過大計上 第一部【企業情報】第２【事業の状況】の【事業等のリスク】において、重要事象等が存在するにもかかわらず、その旨及びその具体的な内容を記載しなかった。 13 令和３年３月26日 第26期（令和２年１月１日～同年12月31日）に係る有価証券報告書 令和２年１月１日～同年12月31日の連結会計期間 連結 貸借対照表 連結純資産額が2,258,912千円であるところを2,936,909千円と記載 貸倒引当金の過少計上、のれん等の過大計上 第一部【企業情報】第２【事業の状況】の【事業等のリスク】において、重要事象等が存在するにもかかわらず、その旨及びその具体的な内容を記載しなかった。 14 令和３年５月14日 第27期第１四半期（令和３年１月１日～同年３月31日）に係る四半期報告書 令和３年１月１日～同年３月31日の第１四半期連結会計期間 四半期連結 貸借対照表 連結純資産額が2,160,382千円であるところを2,805,842千円と記載 貸倒引当金の過少計上、のれん等の過大計上 第一部【企業情報】第２【事業の状況】の【事業等のリスク】において、重要事象等が存在するにもかかわらず、その旨及びその具体的な内容を記載しなかった。 15 令和３年 ８月13日 第27期第２四半期（令和３年４月１日～同年６月30日）に係る四半期報告書 第一部【企業情報】第２【事業の状況】の【事業等のリスク】において、重要事象等が存在するにもかかわらず、その旨及びその具体的な内容を記載しなかった。 16 令和３年 11月12日 第27期第３四半期（令和３年７月１日～同年９月30日）に係る四半期報告書 第一部【企業情報】第２【事業の状況】の【事業等のリスク】において、重要事象等が存在するにもかかわらず、その旨及びその具体的な内容を記載しなかった。 17 令和４年 ３月25日 第27期（令和３年１月１日～同年12月31日）に係る有価証券報告書 第一部【企業情報】第２【事業の状況】の【事業等のリスク】において、重要事象等が存在するにもかかわらず、その旨及びその具体的な内容を記載しなかった。 18 平成30年８月17日 有価証券届出書（新株予約権証券の募集） 「第四部 組込情報」 番号１、３に掲げる第23期に係る有価証券報告書及び第24期第２四半期に係る四半期報告書を組込み 番号１、３参照 19 令和２年６月２日 有価証券届出書（新株予約権証券の募集） 「第三部 参照情報」 番号９、10に掲げる第25期に係る有価証券報告書及び第26期第１四半期に係る四半期報告書を参照 番号９、10参照 （注）金額は千円未満切捨てである。 番号 対象書類 虚偽記載 提出日 書類 内容 20 令和４年 ８月12日 第23期（平成29年１月１日～同年12月31日）に係る有価証券報告書の訂正報告書 貸借対照表の当事業年度の繰越利益剰余金から前事業年度の繰越利益剰余金を差し引いた金額と損益計算書の当事業年度の当期純損失が整合していなかった。 21 令和４年 ８月12日 第24期（平成30年１月１日～同年12月31日）に係る有価証券報告書の訂正報告書 貸借対照表の当事業年度の繰越利益剰余金から前事業年度の繰越利益剰余金を差し引いた金額と損益計算書の当事業年度の当期純損失が整合していなかった。 22 令和４年 ８月12日 第25期第３四半期（令和元年７月１日～同年９月30日）に係る四半期報告書の訂正報告書 四半期連結貸借対照表の当第３四半期連結会計期間の利益剰余金から前連結会計年度の利益剰余金を差し引いた金額と四半期連結損益計算書の当第３四半期連結累計期間の親会社株主に帰属する四半期純損失が整合していなかった。 23 令和４年 ８月12日 第25期（平成31年１月１日～令和元年12月31日）に係る有価証券報告書の訂正報告書 貸借対照表の当事業年度の繰越利益剰余金から前事業年度の繰越利益剰余金を差し引いた金額と損益計算書の当事業年度の当期純損失が整合していなかった。 24 令和４年 ８月12日 第26期第１四半期（令和２年１月１日～同年３月31日）に係る四半期報告書の訂正報告書 四半期連結損益計算書の当第１四半期連結累計期間の営業利益が▲33,561千円であるところを37,695千円と記載。 また、四半期連結貸借対照表の当第１四半期連結会計期間の利益剰余金から前連結会計年度の利益剰余金を差し引いた金額と四半期連結損益計算書の当第１四半期連結累計期間の親会社株主に帰属する四半期純損失が整合していなかった。 25 令和４年 ８月12日 第26期第２四半期（令和２年４月１日～同年６月30日）に係る四半期報告書の訂正報告書 四半期連結貸借対照表の当第２四半期連結会計期間の利益剰余金から前連結会計年度の利益剰余金を差し引いた金額と四半期連結損益計算書の当第２四半期連結累計期間の親会社株主に帰属する四半期純損失が整合していなかった。 26 令和４年 ８月12日 第26期第３四半期（令和２年７月１日～同年９月30日）に係る四半期報告書の訂正報告書 四半期連結貸借対照表の当第３四半期連結会計期間の利益剰余金から前連結会計年度の利益剰余金を差し引いた金額と四半期連結損益計算書の当第３四半期連結累計期間の親会社株主に帰属する四半期純損失が整合していなかった。 また、四半期連結貸借対照表の当第３四半期連結会計期間のその他の包括利益累計額合計から前連結会計年度のその他の包括利益累計額合計を差し引いた金額と四半期連結包括利益計算書の当第３四半期連結累計期間のその他の包括利益合計が整合していなかった。 27 令和４年 ８月12日 第26期（令和２年１月１日～同年12月31日）に係る有価証券報告書の訂正報告書 連結貸借対照表の当連結会計年度の利益剰余金から前連結会計年度の利益剰余金を差し引いた金額と連結損益計算書の当連結会計年度の親会社株主に帰属する当期純損失が整合していなかった。 また、貸借対照表の当事業年度の繰越利益剰余金から前事業年度の繰越利益剰余金を差し引いた金額と損益計算書の当事業年度の当期純損失が整合していなかった。 28 令和４年 ８月12日 第27期第１四半期（令和３年１月１日～同年３月31日）に係る四半期報告書の訂正報告書 四半期連結貸借対照表の当第１四半期連結会計期間の利益剰余金から前連結会計年度の利益剰余金を差し引いた金額と四半期連結損益計算書の当第１四半期連結累計期間の親会社株主に帰属する四半期純損失が整合していなかった。 29 令和４年 ８月12日 第27期第２四半期（令和３年４月１日～同年６月30日）に係る四半期報告書の訂正報告書 四半期連結貸借対照表の当第２四半期連結会計期間の利益剰余金から前連結会計年度の利益剰余金を差し引いた金額と四半期連結損益計算書の当第２四半期連結累計期間の親会社株主に帰属する四半期純損失が整合していなかった。 30 令和４年 ８月12日 第27期第３四半期（令和３年７月１日～同年９月30日）に係る四半期報告書の訂正報告書 四半期連結貸借対照表の当第３四半期連結会計期間の利益剰余金から前連結会計年度の利益剰余金を差し引いた金額と四半期連結損益計算書の当第３四半期連結累計期間の親会社株主に帰属する四半期純損失が整合していなかった。 31 令和４年 ８月12日 第27期（令和３年１月１日～同年12月31日）に係る有価証券報告書の訂正報告書 連結貸借対照表の当連結会計年度のその他の包括利益累計額合計から前連結会計年度のその他の包括利益累計額合計を差し引いた金額と連結包括利益計算書の当連結会計年度のその他の包括利益合計が整合していなかった。 また、貸借対照表の当事業年度の繰越利益剰余金から前事業年度の繰越利益剰余金を差し引いた金額と損益計算書の当事業年度の当期純損失が整合していなかった。 32 令和４年 ８月12日 第28期第１四半期（令和４年１月１日～同年３月31日）に係る四半期報告書 四半期連結貸借対照表の当第１四半期連結会計期間のその他の包括利益累計額合計から前連結会計年度のその他の包括利益累計額合計を差し引いた金額と四半期連結包括利益計算書の当第１四半期連結累計期間のその他の包括利益合計が整合していなかった。 （注）金額は千円未満切捨てである。 【別紙２】課徴金の計算方法 （１）　金融商品取引法第172条の４第１項の規定により、平成29年12月期有価証券報告書について算出した課徴金の額は、当社が発行する算定基準有価証券の市場価額の総額に10万分の６を乗じて得た額1,756,283円が、6,000,000円を超えないことから、6,000,000円となる。 （２）　金融商品取引法第172条の４第１項の規定により、平成29年12月期有価証券報告書の訂正報告書について算出した課徴金の額は、当社が発行する算定基準有価証券の市場価額の総額に10万分の６を乗じて得た額1,756,283円が、6,000,000円を超えないことから、6,000,000円となる。 （３）　金融商品取引法第172条の４第１項及び第２項の規定により、平成30年３月第１四半期四半期報告書、平成30年６月第２四半期四半期報告書、平成30年９月第３四半期四半期報告書及び平成30年12月期有価証券報告書ごとに算出した額（以下（３）において「個別決定ごとの算出額」という。）は、 ア　当社が発行する算定基準有価証券の市場価額の総額に10万分の６を乗じて得た額 ・平成30年３月第１四半期四半期報告書に係る額　　1,442,005円 ・平成30年６月第２四半期四半期報告書に係る額  　 1,431,465円 ・平成30年９月第３四半期四半期報告書に係る額      1,096,415円 ・平成30年12月期有価証券報告書に係る額　　　　  1,217,191円 が、いずれも イ　6,000,000円 を超えないことから、 ・平成30年３月第１四半期四半期報告書については、6,000,000円の２分の１に相当する額である3,000,000円 ・平成30年６月第２四半期四半期報告書については、6,000,000円の２分の１に相当する額である3,000,000円 ・平成30年９月第３四半期四半期報告書については、6,000,000円の２分の１に相当する額である3,000,000円 ・平成30年12月期有価証券報告書については、6,000,000円 となる。 ここで、これらの開示書類が同一の事業年度に係るものであることから、金融商品取引法第185条の７第６項の規定により、6,000,000円を個別決定ごとの算出額に応じて按分した下記の金額が、これらの開示書類に係る課徴金の額となる。 ・平成30年３月第１四半期四半期報告書に係る課徴金の額は、1,200,000円 ・平成30年６月第２四半期四半期報告書に係る課徴金の額は、1,200,000円 ・平成30年９月第３四半期四半期報告書に係る課徴金の額は、1,200,000円 ・平成30年12月期有価証券報告書に係る課徴金の額は、2,400,000円 （４）　金融商品取引法第172条の４第１項の規定により、平成30年12月期有価証券報告書の訂正報告書について算出した課徴金の額は、当社が発行する算定基準有価証券の市場価額の総額に10万分の６を乗じて得た額1,217,191円が、6,000,000円を超えないことから、6,000,000円となる。 （５）　金融商品取引法第172条の４第１項及び第２項の規定により、平成31年３月第１四半期四半期報告書、令和元年６月第２四半期四半期報告書、令和元年９月第３四半期四半期報告書及び令和元年12月期有価証券報告書ごとに算出した額（以下（５）において「個別決定ごとの算出額」という。）は、 ア　当社が発行する算定基準有価証券の市場価額の総額に10万分の６を乗じて得た額 ・平成31年３月第１四半期四半期報告書に係る額　  920,439円 ・令和元年６月第２四半期四半期報告書に係る額  　 838,805円 ・令和元年９月第３四半期四半期報告書に係る額      922,275円 ・令和元年12月期有価証券報告書に係る額　　　　  887,080円 が、いずれも イ　6,000,000円 を超えないことから、 ・平成31年３月第１四半期四半期報告書については、6,000,000円の２分の１に相当する額である3,000,000円 ・令和元年６月第２四半期四半期報告書については、6,000,000円の２分の１に相当する額である3,000,000円 ・令和元年９月第３四半期四半期報告書については、6,000,000円の２分の１に相当する額である3,000,000円 ・令和元年12月期有価証券報告書については、6,000,000円 となる。 ここで、これらの開示書類が同一の事業年度に係るものであることから、金融商品取引法第185条の７第６項の規定により、6,000,000円を個別決定ごとの算出額に応じて按分した下記の金額が、これらの開示書類に係る課徴金の額となる。 ・平成31年３月第１四半期四半期報告書に係る課徴金の額は、1,200,000円 ・令和元年６月第２四半期四半期報告書に係る課徴金の額は、1,200,000円 ・令和元年９月第３四半期四半期報告書に係る課徴金の額は、1,200,000円 ・令和元年12月期有価証券報告書に係る課徴金の額は、2,400,000円 （６）　金融商品取引法第172条の４第１項及び２項の規定により、令和元年９月第３四半期四半期報告書の訂正報告書及び令和元年12月期有価証券報告書の訂正報告書ごとに算出した額（以下（６）において「個別決定ごとの算出額」という。）は、 ア　当社が発行する算定基準有価証券の市場価額の総額に10万分の６を乗じて得た額 ・令和元年９月第３四半期四半期報告書の訂正報告書に係る額 922,275円 ・令和元年12月期有価証券報告書の訂正報告書に係る額 887,080円 が、いずれも イ　6,000,000円 を超えないことから、 ・令和元年９月第３四半期四半期報告書の訂正報告書については、6,000,000円の２分の１に相当する額である3,000,000円 ・令和元年12月期有価証券報告書の訂正報告書については、6,000,000円 となる。 ここで、これらの開示書類が同一の事業年度に係るものであることから、金融商品取引法第185条の７第６項の規定により、6,000,000円を個別決定ごとの算出額に応じて按分した下記の金額が、これらの開示書類に係る課徴金の額となる。 ・令和元年９月第３四半期四半期報告書の訂正報告書に係る課徴金の額は、2,000,000円 ・令和元年12月期有価証券報告書の訂正報告書に係る課徴金の額は、4,000,000円 （７）　金融商品取引法第172条の４第１項及び第２項の規定により、令和２年３月第１四半期四半期報告書、令和２年６月第２四半期四半期報告書、令和２年９月第３四半期四半期報告書及び令和２年12月期有価証券報告書ごとに算出した額（以下（７）において「個別決定ごとの算出額」という。）は、 ア　当社が発行する算定基準有価証券の市場価額の総額に10万分の６を乗じて得た額 ・令和２年３月第１四半期四半期報告書に係る額　　675,723円 ・令和２年６月第２四半期四半期報告書に係る額  　 606,337円 ・令和２年９月第３四半期四半期報告書に係る額      761,857円 ・令和２年12月期有価証券報告書に係る額　　　　  703,894円 が、いずれも イ　6,000,000円 を超えないことから、 ・令和２年３月第１四半期四半期報告書については、6,000,000円の２分の１に相当する額である3,000,000円 ・令和２年６月第２四半期四半期報告書については、6,000,000円の２分の１に相当する額である3,000,000円 ・令和２年９月第３四半期四半期報告書については、6,000,000円の２分の１に相当する額である3,000,000円 ・令和２年12月期有価証券報告書については、6,000,000円 となる。 ここで、これらの開示書類が同一の事業年度に係るものであることから、金融商品取引法第185条の７第６項の規定により、6,000,000円を個別決定ごとの算出額に応じて按分した下記の金額が、これらの開示書類に係る課徴金の額となる。 ・令和２年３月第１四半期四半期報告書に係る課徴金の額は、1,200,000円 ・令和２年６月第２四半期四半期報告書に係る課徴金の額は、1,200,000円 ・令和２年９月第３四半期四半期報告書に係る課徴金の額は、1,200,000円 ・令和２年12月期有価証券報告書に係る課徴金の額は、2,400,000円 （８）　金融商品取引法第172条の４第１項及び第２項の規定により、令和２年３月第１四半期四半期報告書の訂正報告書、令和２年６月第２四半期四半期報告書の訂正報告書、令和２年９月第３四半期四半期報告書の訂正報告書及び令和２年12月期有価証券報告書の訂正報告書ごとに算出した額（以下（８）において「個別決定ごとの算出額」という。）は、 ア　当社が発行する算定基準有価証券の市場価額の総額に10万分の６を乗じて得た額 ・令和２年３月第１四半期四半期報告書の訂正報告書に係る額              675,723円 ・令和２年６月第２四半期四半期報告書の訂正報告書に係る額              606,337円 ・令和２年９月第３四半期四半期報告書の訂正報告書に係る額              761,857円 ・令和２年12月期有価証券報告書の訂正報告書に係る額                      703,894円 が、いずれも イ　6,000,000円 を超えないことから、 ・令和２年３月第１四半期四半期報告書の訂正報告書については、6,000,000円の２分の１に相当する額である3,000,000円 ・令和２年６月第２四半期四半期報告書の訂正報告書については、6,000,000円の２分の１に相当する額である3,000,000円 ・令和２年９月第３四半期四半期報告書の訂正報告書については、6,000,000円の２分の１に相当する額である3,000,000円 ・令和２年12月期有価証券報告書の訂正報告書については、6,000,000円 となる。 ここで、これらの開示書類が同一の事業年度に係るものであることから、金融商品取引法第185条の７第６項の規定により、6,000,000円を個別決定ごとの算出額に応じて按分した下記の金額が、これらの開示書類に係る課徴金の額となる。 ・令和２年３月第１四半期四半期報告書の訂正報告書に係る課徴金の額は、1,200,000円 ・令和２年６月第２四半期四半期報告書の訂正報告書に係る課徴金の額は、1,200,000円 ・令和２年９月第３四半期四半期報告書の訂正報告書に係る課徴金の額は、1,200,000円 ・令和２年12月期有価証券報告書の訂正報告書に係る課徴金の額は、2,400,000円 （９）　金融商品取引法第172条の４第１項及び第２項の規定により、令和３年３月第１四半期四半期報告書、令和３年６月第２四半期四半期報告書、令和３年９月第３四半期四半期報告書及び令和３年12月期有価証券報告書ごとに算出した額（以下（９）において「個別決定ごとの算出額」という。）は、 ア　当社が発行する算定基準有価証券の市場価額の総額に10万分の６を乗じて得た額 ・令和３年３月第１四半期四半期報告書に係る額　　632,837円 ・令和３年６月第２四半期四半期報告書に係る額  　 617,436円 ・令和３年９月第３四半期四半期報告書に係る額      560,052円 ・令和３年12月期有価証券報告書に係る額　　　　  564,516円 が、いずれも イ　6,000,000円 を超えないことから、 ・令和３年３月第１四半期四半期報告書については、6,000,000円の２分の１に相当する額である3,000,000円 ・令和３年６月第２四半期四半期報告書については、6,000,000円の２分の１に相当する額である3,000,000円 ・令和３年９月第３四半期四半期報告書については、6,000,000円の２分の１に相当する額である3,000,000円 ・令和３年12月期有価証券報告書については、6,000,000円 となる。 ここで、これらの開示書類が同一の事業年度に係るものであることから、金融商品取引法第185条の７第６項の規定により、6,000,000円を個別決定ごとの算出額に応じて按分した下記の金額が、これらの開示書類に係る課徴金の額となる。 ・令和３年３月第１四半期四半期報告書に係る課徴金の額は、1,200,000円 ・令和３年６月第２四半期四半期報告書に係る課徴金の額は、1,200,000円 ・令和３年９月第３四半期四半期報告書に係る課徴金の額は、1,200,000円 ・令和３年12月期有価証券報告書に係る課徴金の額は、2,400,000円 （10）　金融商品取引法第172条の４第１項及び第２項の規定により、令和３年３月第１四半期四半期報告書の訂正報告書、令和３年６月第２四半期四半期報告書の訂正報告書、令和３年９月第３四半期四半期報告書の訂正報告書及び令和３年12月期有価証券報告書の訂正報告書ごとに算出した額（以下（10）において「個別決定ごとの算出額」という。）は、 ア　当社が発行する算定基準有価証券の市場価額の総額に10万分の６を乗じて得た額 ・令和３年３月第１四半期四半期報告書の訂正報告書に係る額       632,837円 ・令和３年６月第２四半期四半期報告書の訂正報告書に係る額       617,436円 ・令和３年９月第３四半期四半期報告書の訂正報告書に係る額       560,052円 ・令和３年12月期有価証券報告書の訂正報告書に係る額               564,516円 が、いずれも イ　6,000,000円 を超えないことから、 ・令和３年３月第１四半期四半期報告書の訂正報告書については、6,000,000円の２分の１に相当する額である3,000,000円 ・令和３年６月第２四半期四半期報告書の訂正報告書については、6,000,000円の２分の１に相当する額である3,000,000円 ・令和３年９月第３四半期四半期報告書の訂正報告書については、6,000,000円の２分の１に相当する額である3,000,000円 ・令和３年12月期有価証券報告書の訂正報告書については、6,000,000円 となる。 ここで、これらの開示書類が同一の事業年度に係るものであることから、金融商品取引法第185条の７第６項の規定により、6,000,000円を個別決定ごとの算出額に応じて按分した下記の金額が、これらの開示書類に係る課徴金の額となる。 ・令和３年３月第１四半期四半期報告書の訂正報告書に係る課徴金の額は、1,200,000円 ・令和３年６月第２四半期四半期報告書の訂正報告書に係る課徴金の額は、1,200,000円 ・令和３年９月第３四半期四半期報告書の訂正報告書に係る課徴金の額は、1,200,000円 ・令和３年12月期有価証券報告書の訂正報告書に係る課徴金の額は、2,400,000円 （11）　金融商品取引法第172条の４第２項の規定により、令和４年３月第１四半期報告書について算出した課徴金の額は、当社が発行する算定基準有価証券の市場価額の総額に10万分の６を乗じて得た額413,642円が、6,000,000円を超えないことから、6,000,000円の２分の１に相当する額である3,000,000円となる。 （12）　金融商品取引法第172 条の２第１項第１号の規定により、平成30年８月17日提出の有価証券届出書（新株予約権証券の募集）に係る課徴金の額は、記載すべき重要な事項の記載が欠けている発行開示書類に基づく募集により取得させた新株予約権証券の発行価額の総額（当該新株予約権の行使に際して払い込むべき金額を含む）1,658,114,800円の100 分の4.5 に相当する額である74,615,166円に、金融商品取引法第176 条第２項の規定により１万円未満の端数を切り捨てて、74,610,000円となる。 （13）　金融商品取引法第172 条の２第１項第１号の規定により、令和２年６月２日提出の有価証券届出書（新株予約権証券の募集）に係る課徴金の額は、重要な事項につき虚偽の記載があり、又は記載すべき重要な事項の記載が欠けている発行開示書類に基づく募集により取得させた新株予約権証券の発行価額の総額（当該新株予約権の行使に際して払い込むべき金額を含む）1,513,836,000円の100 分の4.5 に相当する額である68,122,620円に、金融商品取引法第176 条第２項の規定により１万円未満の端数を切り捨てて、68,120,000円となる。"
2022-12-06,株式会社Ａｉｍｉｎｇ株券,,株式会社Ａｉｍｉｎｇ株券に係る内部者取引事件の告発について（２）,https://www.fsa.go.jp/sesc/news/c_2022/2022/20221206-3.html,English version 令和４年１２月６日 証券取引等監視委員会 株式会社Ａｉｍｉｎｇ株券に係る内部者取引事件の告発について（２） 証券取引等監視委員会は、本日、金融商品取引法違反（内部者取引）の嫌疑で、嫌疑者１名を東京地方検察庁に告発した。告発の対象となった犯則事実については下記のとおり。 １．告発の対象となった犯則事実 犯則嫌疑者Ａは、株式会社スクウェア・エニックス（以下「スクエニ」という。）に勤務していた従業員であり、令和２年１月下旬頃、その職務に関し、東京証券取引所に株券を上場している株式会社Ａｉｍｉｎｇ（以下「Ａｉｍｉｎｇ」という。）とスクエニが共同で進めていた携帯電話機向け新作ゲームの開発が配信開始を見込める段階まで進捗したことなどのＡｉｍｉｎｇの運営、業務又は財産に関する重要な事実であって投資者の投資判断に著しい影響を及ぼす重要事実及びＡｉｍｉｎｇの業務執行を決定する機関が同ゲームの配信等を共同して運営していく旨の業務上の提携を行うことについての決定をした旨のＡｉｍｉｎｇの業務等に関する重要事実をそれぞれ知り、法定の除外事由がないのに、前記各重要事実の公表前である同月下旬頃、証券会社を介し、犯則嫌疑者Ａ名義で、Ａｉｍｉｎｇの株券合計１万株を代金合計約２８０万円で買い付けたものである。 ２．関連条文 金融商品取引法 同法第１９７条の２第１３号、第１６６条１項第５号、第２項第４号・第１号ヨ（令和元年法律第７ １号による改正前のもの）、同法施行令第２８条第１号（令和３年政令第２１号による改正前のもの） 法定刑：５年以下の懲役若しくは５００万円以下の罰金又はこれを併科
2022-11-29,名古屋電機工業株式会社,6797,名古屋電機工業株式会社社員から伝達を受けた者による内部者取引に対する課徴金納付命令の勧告について,https://www.fsa.go.jp/sesc/news/c_2022/2022/20221129-1.html,"English version 令和4年11月29日 証券取引等監視委員会 名古屋電機工業株式会社社員から伝達を受けた者による 内部者取引に対する課徴金納付命令の勧告について １．勧告の内容 証券取引等監視委員会は、名古屋電機工業株式会社社員から伝達を受けた者による内部者取引について検査した結果、下記のとおり法令違反の事実が認められたので、本日、内閣総理大臣及び金融庁長官に対して、金融庁設置法第２０条第１項の規定に基づき、課徴金納付命令を発出するよう勧告を行った。 ２．法令違反の事実関係 課徴金納付命令対象者は、名古屋電機工業株式会社（以下「名古屋電機工業」という。）の社員から、同人がその職務に関し知った、名古屋電機工業の属する企業集団の令和２年４月１日から令和３年３月３１日までの事業年度の経常利益及び親会社株主に帰属する当期純利益（以下「当期純利益」という。）について、令和２年５月１２日に公表がされた直近の予想値（経常利益１７憶５００万円、当期純利益１３億３５００万円）に比較して、名古屋電機工業が新たに算出した予想値において、投資者の投資判断に及ぼす影響が重要なものとなる差異が生じた旨の重要事実の伝達を受けながら、名古屋電機工業において新たに算出した同事業年度の予想値（経常利益４２億円、当期純利益３０億円）の公表がされた令和３年２月２日より前の同月１日、自己の計算において、名古屋電機工業株式１０００株を買付価額合計１３７万４０００円で買い付けたものである。 違反行為事実の概要については、 別図 のとおり。 課徴金納付命令対象者が行った上記の行為は、金融商品取引法第１７５条第１項に規定する「第１６６条第３項の規定に違反して、同条第１項に規定する売買等をした」行為に該当すると認められる。 ３．課徴金の額の計算 上記の違反行為に対し、金融商品取引法に基づき納付を命じられる課徴金の額は、７３万円である。 計算方法の詳細については、 別紙 のとおり。 （別図） ○違反行為事実の概要について （クリックすると拡大されます） （別紙） ○課徴金の額の計算方法について １．金融商品取引法第１７５条第１項第２号の規定により、当該有価証券の買付けについて、業務等に関する重 要事実の公表がされた後２週間における最も高い価格（2,110円）に当該有価証券の買付けの数量を乗じて得 た額から、当該有価証券の買付けをした価格にその数量を乗じて得た額を控除した額。 （2,110円×1,000株） －(1,374円×1,000株） ＝736,000円 ２．金融商品取引法第１７６条第２項の規定により、上記１．で計算した額の１万円未満の端数を切捨て。"
2022-12-01,東都水産株式会社,,東都水産株式会社株券に係る内部者取引事件の告発について,https://www.fsa.go.jp/sesc/news/c_2022/2022/20221201-1.html,English version 令和４年１２月１日 証券取引等監視委員会 東都水産株式会社株券に係る内部者取引事件の告発について 証券取引等監視委員会は、本日、金融商品取引法違反（内部者取引、情報伝達）の嫌疑で、嫌疑法人１社及び嫌疑者１名を函館地方検察庁に告発した。告発の対象となった犯則事実については下記のとおり。 １．告発の対象となった犯則事実 犯則嫌疑法人三印三浦水産株式会社（以下「犯則嫌疑法人」という。）は、水産物の販売、貿易業等を目的とする株式会社であり、犯則嫌疑者Ａは、同社の代表取締役専務として同社の業務全般を実質的に統括するとともに、東京証券取引所に株券を上場している東都水産株式会社（以下「東都水産」という。）の社外取締役を務めていたものであるが、Ａは、令和２年９月上旬頃から同月中旬頃までの間、その職務に関し、東都水産の役員らがその職務に関し合同会社ＡＳＴＳホールディングスからの伝達により知った、同社の業務執行を決定する機関が東都水産の株券の公開買付けを行うことについての決定をした旨の公開買付けの実施に関する事実を知り 第１　法定の除外事由がないのに、前記公開買付けの実施に関する事実の公表前である令和２年９月中旬頃から同年１０月中旬頃までの間、犯則嫌疑法人の業務及び財産に関し、証券会社を介し、東京証券取引所において、犯則嫌疑法人名義で東都水産の株券合計８０００株を代金合計約２９００万円で買い付け 第２　あらかじめ東都水産の株券を買い付けさせて利益を得させる目的をもって、前記公開買付けの実施に関する事実の公表前である令和２年１１月上旬頃、東京都内において、知人に対し、前記公開買付けの実施に関する事実を伝達したものであり、これにより伝達を受けた同人が、法定の除外事由がないのに、同公開買付けの実施に関する事実の公表前である同月上旬頃、証券会社を介し、東京証券取引所において、東都水産の株券合計５００株を代金合計約２００万円で買い付け たものである。 ２．関連条文 金融商品取引法 第１　同法第１９７条の２第１３号、第１６７条１項第６号 犯則嫌疑法人につき、更に同法第２０７条第１項第２号 第２　同法第１９７条の２第１５号、第１６７条の２第２項 法定刑： 法人につき　５億円以下の罰金 個人につき　５年以下の懲役若しくは５００万円以下の罰金又はこれを併科
2022-12-06,株式会社Ａｉｍｉｎｇ株券,,株式会社Ａｉｍｉｎｇ株券に係る内部者取引事件の告発について（１）,https://www.fsa.go.jp/sesc/news/c_2022/2022/20221206-2.html,English version 令和４年１２月６日 証券取引等監視委員会 株式会社Ａｉｍｉｎｇ株券に係る内部者取引事件の告発について（１） 証券取引等監視委員会は、本日、金融商品取引法違反（内部者取引、情報伝達）の嫌疑で、嫌疑者２名を東京地方検察庁に告発した。告発の対象となった犯則事実については下記のとおり。 １．告発の対象となった犯則事実 （１）犯則嫌疑者Ａについて 犯則嫌疑者Ａは、株式会社スクウェア・エニックス（以下「スクエニ」という。）に勤務していた従業員であり、令和元年１１月下旬頃、その職務に関し、東京証券取引所に株券を上場している株式会社Ａｉｍｉｎｇ（以下「Ａｉｍｉｎｇ」という。）とスクエニが共同で進めていた携帯電話機向け新作ゲームの開発が配信開始を見込める段階まで進捗したことなどのＡｉｍｉｎｇの運営、業務又は財産に関する重要な事実であって投資者の投資判断に著しい影響を及ぼす重要事実及びＡｉｍｉｎｇの業務執行を決定する機関が同ゲームの配信等を共同して運営していく旨の業務上の提携を行うことについての決定をした旨のＡｉｍｉｎｇの業務等に関する重要事実をそれぞれ知り 第１　法定の除外事由がないのに、前記各重要事実の公表前である同年１２月上旬頃から令和２年２月上旬頃までの間、証券会社を介し、犯則嫌疑者Ａ名義で、Ａｉｍｉｎｇの株券合計約７万２０００株を代金合計約２０８０万円で買い付け 第２　知人であるＢにあらかじめＡｉｍｉｎｇの株券を買い付けさせて利益を得させる目的をもって、前記各重要事実の公表前である令和元年１２月下旬頃、Ｂに対し、前記各重要事実を伝達したものであり、これにより伝達を受けたＢが、法定の除外事由がないのに、前記各重要事実の公表前である同月下旬頃から令和２年２月上旬頃までの間、証券会社を介し、Ｂ名義で、Ａｉｍｉｎｇの株券合計約９万株を代金合計約２６４０万円で買い付け たものである。 （２）犯則嫌疑者Ｂについて 犯則嫌疑者Ｂは、スクエニに勤務していた従業員である知人のＡから、令和元年１２月下旬頃、東京証券取引所に株券を上場しているＡｉｍｉｎｇとスクエニが共同で進めていた携帯電話機向け新作ゲームの開発が配信開始を見込める段階まで進捗したことなどのＡｉｍｉｎｇの運営、業務又は財産に関する重要な事実であって投資者の投資判断に著しい影響を及ぼす重要事実及びＡｉｍｉｎｇの業務執行を決定する機関が同ゲームの配信等を共同して運営していく旨の業務上の提携を行うことについての決定をした旨のＡｉｍｉｎｇの業務等に関する重要事実の伝達を受け、法定の除外事由がないのに、前記各重要事実の公表前である同月下旬頃から令和２年２月上旬頃までの間、証券会社を介し、犯則嫌疑者Ｂ名義で、Ａｉｍｉｎｇの株券合計約９万株を代金合計約２６４０万円で買い付けたものである。 ２．関連条文 金融商品取引法 （１）について 第１　同法第１９７条の２第１３号、第１６６条１項第５号、第２項４号・第１号ヨ（令和元年法律第７ １号による改正前のもの）、同法施行令第２８条第１号（令和３年政令第２１号による改正前のも の） 第２　同法第１９７条の２第１４号、第１６７条の２第１項 （２）について 同法第１９７条の２第１３号、第１６６条第３項、第１項第５号、第２項４号・第１号ヨ（令和元年法律 第７１号による改正前のもの）、同法施行令第２８条第１号（令和３年政令第２１号による改正前のも の） 法定刑：５年以下の懲役若しくは５００万円以下の罰金又はこれを併科
2022-12-06,株式会社ＹＥ　ＤＩＧＩＴＡＬ,2354,ＹＥ　ＤＩＧＩＴＡＬ株式ほか１銘柄に係る相場操縦に対する課徴金納付命令の勧告について,https://www.fsa.go.jp/sesc/news/c_2022/2022/20221206-1.html,"English version 令和４年12月6日 証券取引等監視委員会 ＹＥ　ＤＩＧＩＴＡＬ株式ほか１銘柄に係る相場操縦に対する課徴金納付命令の勧告について １．勧告の内容 証券取引等監視委員会は、ＹＥ　ＤＩＧＩＴＡＬ株式ほか１銘柄に係る相場操縦について検査した結果、下記のとおり法令違反の事実が認められたので、本日、内閣総理大臣及び金融庁長官に対して、金融庁設置法第２０条第１項の規定に基づき、課徴金納付命令を発出するよう勧告を行った。 ２．法令違反の事実関係 課徴金納付命令対象者は、 （１）　株式会社ＹＥ　ＤＩＧＩＴＡＬの株式につき、同株式の売買を誘引する目的をもって、別表１記載のとおり、令和２年８月１１日午前９時７分頃から同年９月１日午後２時１４分頃までの間、１６取引日にわたり、直前の約定値より高い指値の買い注文を発注して、他の投資者が発注した売り注文を買い付けることにより直前の約定値より株価を引き上げたり、自身が発注した売り注文に対し買い注文を発注して対当させるなどの方法により、同株式合計２６万８００株を買い付ける一方、同株式合計２８万１０００株を売り付け、 （２）　データセクション株式会社の株式につき、同株式の売買を誘引する目的をもって、別表２記載のとおり、令和２年９月９日午前９時１３分頃から同月２３日午前１１時１４分頃までの間、９取引日にわたり、直前の約定値より高い指値の買い注文を発注して、他の投資者が発注した売り注文を買い付けることにより直前の約定値より株価を引き上げたり、自身が発注した売り注文に対し買い注文を発注して対当させるなどの方法により、同株式合計２０万５８００株を買い付ける一方、同株式合計２０万５４００株を売り付け、 もって、それぞれ、自己の計算において、上記各株式の売買が繁盛であると誤解させ、かつ、上記各株式の相場を変動させるべき一連の売買をしたものである。 違反行為事実の概要については、 別図 のとおり。 課徴金納付命令対象者が行った上記の各行為は、金融商品取引法第１７４条の２第１項に規定する「第１５９条第２項第１号の規定に違反する一連の有価証券売買等」に該当すると認められる。 ３．課徴金の額の計算 上記の各違反行為に対し金融商品取引法に基づき納付を命じられる課徴金の額の合計は、５９２万円である。 計算方法の詳細については、 別紙 のとおり。 ４．その他 本件については、日本取引所自主規制法人より提供された情報等を参考として、実態解明を行ったものである。 （別表１・２） （クリックすると拡大されます） （別図） ○違反行為事実の概要について （クリックすると拡大されます） （別紙） ○課徴金の額の計算方法について １． 別表１及び２ の各違反行為に係る課徴金の額の計算の基礎は以下のとおりである。 (1)　金融商品取引法第１７４条の２第１項の規定により、当該違反行為に係る課徴金の額は、 ア．当該違反行為に係る有価証券の売買対当数量に係るものについて、自己の計算による当該有価証券の売付け等の価額から、自己の計算による当該有価証券の買付け等の価額を控除した額 及び イ．当該違反行為に係る自己の計算による有価証券の買付け等の数量が、当該違反行為に係る自己の計算による有価証券の売付け等の数量を超える場合、当該違反行為が終了してから１月を経過するまでの間の各日における当該違反行為に係る有価証券の売付け等についての金融商品取引法第６７条の１９又は第１３０条に規定する最高の価格のうち最も高い価格に当該超える数量を乗じて得た額から当該超える数量に係る有価証券の買付け等の価額を控除した額 の合計額として算定。 (2)　上記(1)で算定された課徴金の額につき、金融商品取引法第１７６条第２項の規定により１万円未満の端数を切り捨てて算定。 ２． 別表１ に掲げるＹＥ　ＤＩＧＩＴＡＬ株式に係る取引 (1)　当該違反行為に係る自己の計算による有価証券の売付け等の数量は、281,000株であり、当該違反行為に係る自己の計算による有価証券の買付け等の数量は、実際の買付け等の数量260,800株に、金融商品取引法第１７４条の２第８項及び金融商品取引法施行令第３３条の１３第１号の規定により、違反行為の開始時にその時における価格（497円）で買付け等を自己の計算においてしたものとみなされる当該違反行為の開始時に所有している有価証券の数量43,000株を加えた303,800株であることから、 ア．当該違反行為に係る有価証券の売買対当数量（281,000株）に係るものについて、自己の計算による当該有価証券の売付け等の価額から、自己の計算による当該有価証券の買付け等の価額を控除した額 （有価証券の売付け等の価額：149,474,700円） －（有価証券の買付け等の価額：147,273,290円） ＝2,201,410円 及び イ．当該違反行為に係る自己の計算による有価証券の買付け等の数量（303,800株）が、当該違反行為に係る自己の計算による有価証券の売付け等の数量（281,000株）を超えていることから、当該違反行為が終了してから１月を経過するまでの間の各日における当該違反行為に係る有価証券の売付け等についての金融商品取引法第６７条の１９又は第１３０条に規定する最高の価格のうち最も高い価格（648円）に当該超える数量22,800株（買付け等の数量303,800株－売付け等の数量281,000株）を乗じて得た額（ａ）から、当該超える数量に係る有価証券の買付け等の価額（ｂ）を控除した額 （a：14,774,400円）－（b：12,685,030円） ＝2,089,370円 の合計額4,290,780円となる。 (2)　金融商品取引法第１７６条第２項の規定により、上記(1)で計算した額の１万円未満の端数を切捨て、4,290,000円となる。 ３． 別表２ に掲げるデータセクション株式に係る取引 (1)　当該違反行為に係る自己の計算による有価証券の売付け等の数量は、205,400株であり、当該違反行為に係る自己の計算による有価証券の買付け等の数量は、実際の買付け等の数量205,800株に、金融商品取引法第１７４条の２第８項及び金融商品取引法施行令第３３条の１３第１号の規定により、違反行為の開始時にその時における価格（596円）で買付け等を自己の計算においてしたものとみなされる当該違反行為の開始時に所有している有価証券の数量19,100株を加えた224,900株であることから、 ア．当該違反行為に係る有価証券の売買対当数量（205,400株）に係るものについて、自己の計算による当該有価証券の売付け等の価額から、自己の計算による当該有価証券の買付け等の価額を控除した額 （有価証券の売付け等の価額：127,287,550円） －（有価証券の買付け等の価額：126,343,060円） ＝944,490円 及び イ．当該違反行為に係る自己の計算による有価証券の買付け等の数量（224,900株）が、当該違反行為に係る自己の計算による有価証券の売付け等の数量（205,400株）を超えていることから、当該違反行為が終了してから１月を経過するまでの間の各日における当該違反行為に係る有価証券の売付け等についての金融商品取引法第６７条の１９又は第１３０条に規定する最高の価格のうち最も高い価格（658円）に当該超える数量19,500株（買付け等の数量224,900株－売付け等の数量205,400株）を乗じて得た額（ａ）から、当該超える数量に係る有価証券の買付け等の価額（ｂ）を控除した額 （a：12,831,000円）－（b：12,137,150円） ＝693,850円 の合計額1,638,340円となる。 (2)　金融商品取引法第１７６条第２項の規定により、上記（1）で計算した額の１万円未満の端数を切捨て、1,630,000円となる。 ４．上記２．及び３．により算定した額の合計 ２．の額4,290,000円　＋　３．の額1,630,000円 ＝5,920,000円　となる。 ※　違反行為に係る売付け等の価額及び買付け等の価額の詳細については、 別表３ を参照。 別表３（PDF）"
2022-09-09,大成株式会社,1801,大成株式会社社員による公開買付けの実施に関する事実に係る取引推奨行為に対する課徴金納付命令の勧告について,https://www.fsa.go.jp/sesc/news/c_2022/2022/20220909-1.html,"English version 令和4年9月9日 証券取引等監視委員会 大成株式会社社員による公開買付けの実施に関する事実に係る取引推奨行為に対する課徴金納付命令の勧告について １．勧告の内容 証券取引等監視委員会は、大成株式会社社員による公開買付けの実施に関する事実に係る取引推奨行為について検査した結果、下記のとおり法令違反の事実が認められたので、本日、内閣総理大臣及び金融庁長官に対して、金融庁設置法第２０条第１項の規定に基づき、課徴金納付命令を発出するよう勧告を行った。 ２．法令違反の事実関係 課徴金納付命令対象者は、大成株式会社（以下「大成」という。令和３年６月１５日上場廃止。）の社員であるが、その職務に関し、大成の社員甲がその職務に関し株式会社アイ・ケイ・ケイからの伝達により知った、同社の業務執行を決定する機関が大成株式の公開買付けを行うことについての決定をした旨の公開買付けの実施に関する事実を令和２年１２月８日頃に知りながら、上記事実の公表がされた令和３年２月８日より前の令和２年１２月２６日及び令和３年１月下旬頃、被推奨者に対し、上記事実が公表される前に大成株式の買付けをさせることにより同人に利益を得させる目的をもって、同株式の買付けをすることを勧めたものである。 被推奨者は、上記事実の公表がされた令和３年２月８日より前の同年１月５日から同年２月１日までの間、大成株式合計１２００株を買付価額合計９３万７８００円で買い付けたものである。 違反行為事実の概要については、 別図 のとおり。 課徴金納付命令対象者が行った上記の行為は、金融商品取引法第１７５条の２第２項に規定する「第１６７条の２第２項の規定に違反して、同項の伝達をし、又は同項の買付け等をすることを勧める」行為に該当すると認められる。 ３．課徴金の額の計算 上記の違反行為に対し、金融商品取引法に基づき納付を命じられる課徴金の額は、２１万円である。 計算方法の詳細については、 別紙 のとおり。 ４．その他 本件については、名古屋証券取引所より提供された情報等を参考として、実態解明を行ったものである。 （別図） ○違反行為事実の概要について （クリックすると拡大されます） （別紙） ○課徴金の額の計算方法について １．金融商品取引法第１７５条の２第２項第３号の規定により、当該違反行為により当該情報受領者等が行った当該買付けによって得た利得相当額に２分の１を乗じて得た額。 利得相当額とは、同条第４項第２号の規定により、情報受領者等が株券等の買付けをした場合、当該株券等の買付けについて、公開買付け等の実施に関する事実の公表がされた後２週間における最も高い価格（1,140円）に当該株券等の買付けの数量を乗じて得た額から、当該株券等の買付けをした価格にその数量を乗じて得た額を控除した額。 {（1,140円×1,200株） －(773円×200株＋780円×200株＋782円×200株＋784円×200株＋785円×400株)}×1/2 ＝215,100円 ２．金融商品取引法第１７６条第２項の規定により、上記１．で計算した額の１万円未満の端数を切捨て。"
2022-09-30,マーチャントブレインズ投資顧問株式会社,,マーチャントブレインズ投資顧問株式会社に対する検査結果に基づく勧告について,https://www.fsa.go.jp/sesc/news/c_2022/2022/20220930-1.html,"English version 令和４年９月30日 証券取引等監視委員会 マーチャントブレインズ投資顧問株式会社に対する検査結果に基づく勧告について １．勧告の内容 関東財務局長がマーチャントブレインズ投資顧問株式会社（東京都港区、法人番号9010001175146、代表取締役 加藤 雄太郎、資本金800万円、常勤役職員５名、投資助言・代理業）を検査した結果、下記のとおり、当該金融商品取引業者に係る問題が認められたので、本日、証券取引等監視委員会は、内閣総理大臣及び金融庁長官に対して、金融庁設置法第20条第１項の規定に基づき、行政処分を行うよう勧告した。 ２．事実関係 ○　金融商品取引契約の締結又はその勧誘に関して、虚偽のことを告げる行為等 マーチャントブレインズ投資顧問株式会社（以下「当社」という。）は、無料で会員登録をした者（以下「見込顧客」という。）に対し、メールマガジンを配信し、投資顧問契約の締結の勧誘を行っている。 また、当社は、見込顧客のみが閲覧できるウェブサイト（以下「助言サイト」という。）上の広告において、投資顧問契約の締結を行った顧客に対する助言実績を掲載するとしている。 今回検査において、令和３年１月から同４年４月までの間のメールマガジンによる勧誘状況及び助言サイトに掲載された広告に係る助言実績を確認したところ、以下の法令違反行為が認められた。 ⑴　顧客に対し虚偽のことを告げる行為 当社の加藤雄太郎代表取締役（以下「加藤代表」という。）は、見込顧客に対し配信したメールマガジン（23件）において、以下の記載を行い、虚偽の内容を告げて投資顧問契約の締結の勧誘を行った（別紙参照）。 ア．特別な情報を入手していないにもかかわらず、特別な情報を入手しているとする記載（12回にわたり延51,159名に配信） イ．人数を限定する意図がないにもかかわらず、投資顧問契約の契約人数を限定しているとする記載（７回にわたり延36,192名に配信） ウ．助言実績のない銘柄であるにもかかわらず、助言を行ったとする記載（１回、6,045名に配信） エ．選定銘柄の分析に関し、その精査項目数が事実に反して過大となる記載又は利益確定の目安となる価格（以下「目標株価」という。）の算出を行っていないにもかかわらず、行ったとする記載（３回にわたり延10,776名に配信） ⑵　著しく事実に相違する表示のある広告をする行為 加藤代表は、投資顧問契約の締結を行った顧客に対する助言実績に関し、助言サイト上の広告に以下の表示（39件）を行った。 ア．助言を行っていない銘柄であるにもかかわらず、事実に反し、株式買付の推奨日、売却による利益確定日及び騰落率を掲載している表示（４件） イ．助言を行った銘柄について、助言に従えば、目標株価又はロスカットの目安となる株価が売値となるところ、その後に目標株価を上回った株価等を売値として騰落率を計算し、掲載している表示（35件） 上記⑴及び⑵の法令違反行為が行われた発生原因としては、加藤代表が営業を優先し、代表自らが法令違反行為を行うなど投資者保護を一顧だにしない状況であり、経営陣の法令等遵守意識が欠如していたこと、また、加藤代表が広告等の審査担当者に営業部の業務を行わせていたことから、メールマガジン及び助言サイトに掲載される助言実績に対する同担当者による広告等審査がほとんど実施されておらず、相互けん制が機能していなかったことに起因して発生したものと認められる。 当社の上記⑴の行為は金融商品取引法第38条第１号に掲げる「金融商品取引契約の締結又はその勧誘に関して、顧客に対し虚偽のことを告げる行為」に該当するほか、上記⑵の行為は、投資助言・代理業に関する広告において、助言実績に関する事項について、著しく事実に相違する表示を行うものであり、同法第37条第２項に違反するものと認められる。 （別紙） ○　当社が行った虚偽の告知の例 ⑴　特別な情報を入手していないにもかかわらず、特別な情報を入手しているとする記載 ・　今年は『政府要人と●●●のある関連筋』から、2021年注目されるであろうテーマに付いて、既に情報を入手しています。 ・　「特別な友人」に数えられた人間だけが知ることが出来る特別な情報とも言えます。 ⑵　人数を限定する意図がないにもかかわらず、投資顧問契約の契約人数を限定しているとする記載 ・　極一部の会員様限定のご案内（中略）※完全早い者勝ちとなります ⑶　助言実績のない銘柄であるにもかかわらず、助言を行ったとする記載 ・　既に直近で株価2倍超に達している＜×××＞ ※　＜×××＞には個別銘柄名を記載。 ⑷　選定銘柄の分析に関し、その精査項目数が事実に反して過大となる記載又は利益確定の目安となる価格（以下「目標株価」という。）の算出を行っていないにもかかわらず、行ったとする記載 ・　実に数百項目にも上る確認事項の精査 ・　★目標株価はズバリ『２.１５倍』！これは直近実績と過去のデータに基付き、精細に算出した数値 （参考条文） ○　金融商品取引法（昭和23年法律第25号）（抄） （広告等の規制） 第三十七条（略） ２　金融商品取引業者等は、その行う金融商品取引業に関して広告その他これに類似するものとして内閣府令で定める行為をするときは、金融商品取引行為を行うことによる利益の見込みその他内閣府令で定める事項について、著しく事実に相違する表示をし、又は著しく人を誤認させるような表示をしてはならない。 （禁止行為） 第三十八条　金融商品取引業者等又はその役員若しくは使用人は、次に掲げる行為をしてはならない。ただし、第四号から第六号までに掲げる行為にあつては、投資者の保護に欠け、取引の公正を害し、又は金融商品取引業の信用を失墜させるおそれのないものとして内閣府令で定めるものを除く。 一　金融商品取引契約の締結又はその勧誘に関して、顧客に対し虚偽のことを告げる行為 二～九（略）"
2022-11-01,株式会社アマナ,,株式会社アマナにおける有価証券報告書等の虚偽記載に係る課徴金納付命令勧告について,https://www.fsa.go.jp/sesc/news/c_2022/2022/20221101-1.html,"English version 令和４年11月１日 証券取引等監視委員会 株式会社アマナにおける有価証券報告書等の虚偽記載に係る課徴金納付命令勧告について １．勧告の内容 証券取引等監視委員会は、株式会社アマナ（法人番号1010701000676）（以下「当社」という。）における金融商品取引法に基づく開示規制の違反について検査した結果、以下のとおり法令違反の事実が認められたので、本日、内閣総理大臣及び金融庁長官に対して、金融庁設置法第20条第１項の規定に基づき、課徴金納付命令を発出するよう勧告を行った。 ２．法令違反の事実関係 当社及び当社の連結子会社は、売上の過大計上、売上原価の過少計上等の不適正な会計処理を行った。 この結果、当社は、関東財務局長に対し、金融商品取引法第172 条の４第１項及び第２項に規定する「重要な事項につき虚偽の記載」がある以下の有価証券報告書及び四半期報告書を提出した（「重要な事項につき虚偽の記載」の内容は別紙１の表の番号１から番号５のとおり）。 ・平成29年９月第３四半期報告書（平成29年11月10日提出） ・平成30年12月期有価証券報告書（平成31年３月25日提出） ・令和元年６月第２四半期報告書（令和元年８月９日提出） ・令和元年９月第３四半期報告書（令和元年11月14日提出） ・令和２年６月第２四半期報告書（令和２年８月14日提出） ３．課徴金の額の計算 上記の違法行為について金融商品取引法に基づき算定される課徴金の額は、1,650万円である（計算方法については別紙２のとおり）。 【別紙１】有価証券報告書等の虚偽記載内容 番号 対象書類 虚偽記載 提出日 書類 会計期間 記載項目 主な内容（注） 主な事由 １ 平成29年11月10日 第48期第３四半期（平成29年７月１日～同年９月30日）に係る四半期報告書 平成29年１月１日～同年９月30日の第３四半期連結累計期間 四半期連結 損益計算書 親会社株主に帰属する四半期純利益が ▲17,578千円であるところを45,036千円と記載 売上原価の過少計上 ２ 平成31年３月25日 第49期（平成30年１月１日～同年12月31日）に係る有価証券報告書 平成30年１月１日～同年12月31日の連結会計期間 連結 損益計算書 親会社株主に帰属する当期純利益が ▲27,070千円であるところを21,226千円と記載 売上の過大計上 売上原価の過少計上 ３ 令和元年８月９日 第50期第２四半期（平成31年４月１日～令和元年６月30日）に係る四半期報告書 平成31年１月１日～令和元年６月30日の第２四半期連結累計期間 四半期連結 損益計算書 親会社株主に帰属する四半期純利益が ▲195,650千円であるところを▲119,685千円と記載 売上の過大計上 ４ 令和元年11月14日 第50期第３四半期（令和元年７月１日～同年９月30日）に係る四半期報告書 平成31年１月１日～令和元年９月30日の第３四半期連結累計期間 四半期連結 損益計算書 親会社株主に帰属する四半期純利益が ▲525,878千円であるところを▲434,173千円と記載 売上の過大計上 売上原価の過少計上 ５ 令和２年８月14日 第51期第２四半期（令和２年４月１日～同年６月30日）に係る四半期報告書 令和２年４月１日～同年６月30日の第２四半期連結会計期間 四半期連結 貸借対照表 連結純資産額が ▲276,299千円であるところを▲206,848千円と記載 当四半期前の 売上の過大計上 当四半期の売上原価の過少計上 （注）金額は千円未満切捨てである。 【別紙２】課徴金の計算方法 （１）　金融商品取引法第172条の４第２項の規定により、平成29年９月第３四半期報告書について算出した額は、当社が発行する算定基準有価証券の市場価額の総額に10万分の６を乗じて得た額272,334円が、6,000,000円を超えないことから、6,000,000円の２分の１に相当する額である3,000,000円となるが、金融商品取引法第26条第１項の規定による検査等が行われる前に、課徴金の減額に係る報告書が提出されていることから、金融商品取引法第185条の７第14項の規定により、3,000,000円に100分の50を乗じて得た額に相当する額である1,500,000円となる。 （２）　金融商品取引法第172条の４第１項の規定により、平成30年12月期有価証券報告書について算出した課徴金の額は、当社が発行する算定基準有価証券の市場価額の総額に10万分の６を乗じて得た額264,825円が、6,000,000円を超えないことから、6,000,000円となる。 （３）　金融商品取引法第172条の４第２項の規定により、令和元年６月第２四半期報告書及び令和元年９月第３四半期報告書について算出した額は、 ア　当社が発行する算定基準有価証券の市場価額の総額に10万分の６を乗じて得た額 ・令和元年６月第２四半期報告書に係る額　　   237,178円 ・令和元年９月第３四半期報告書に係る額　　　235,130円 が、いずれも イ　6,000,000円 を超えないことから、 ・令和元年６月第２四半期報告書については、6,000,000円の２分の１に相当する額である3,000,000円、 ・令和元年９月第３四半期報告書については、6,000,000円の２分の１に相当する額である3,000,000円、 となる。 （４）　金融商品取引法第172条の４第２項の規定により、令和２年６月第２四半期報告書について算出した課徴金の額は、当社が発行する算定基準有価証券の市場価額の総額に10万分の６を乗じて得た額194,725円が、6,000,000円を超えないことから、6,000,000円の２分の１に相当する額である3,000,000円となる。"
2022-09-28,ＳＭＢＣ日興証券株式会社,,ＳＭＢＣ日興証券株式会社に対する検査結果に基づく勧告について,https://www.fsa.go.jp/sesc/news/c_2022/2022/20220928-1.html,"English version 令和４年９月28日 証券取引等監視委員会 ＳＭＢＣ日興証券株式会社に対する検査結果に基づく勧告について １．勧告の内容 証券取引等監視委員会がＳＭＢＣ日興証券株式会社（東京都千代田区、法人番号7010001125714、代表取締役社長（ＣＥＯ）　近藤 雄一郎、資本金100 億円、常勤役職員9,440名、第一種金融商品取引業、第二種金融商品取引業、投資助言・代理業、投資運用業）を検査した結果、下記のとおり、当該金融商品取引業者に係る問題が認められたので、本日、証券取引等監視委員会は、内閣総理大臣及び金融庁長官に対して、金融庁設置法第20条第１項の規定に基づき、行政処分を行うよう勧告した。 ２．事実関係 ⑴　上場株式の相場を安定させる目的をもって、違法に買付け等を行う行為 ＳＭＢＣ日興証券株式会社（以下「当社」という。）は、その業務に関し、10銘柄の上場株式について、「ブロックオファー」取引（以下「ＢＯ」という。）における売買価格の基準となるＢＯ執行日の終値等が前日の終値に比して大幅に下落することを回避し、その株価を一定程度に維持しようと企て、金融商品取引法施行令第20条に定めるところに違反し、各株式の相場を安定させる目的をもって、一連の指値による買付け及び買付けの申込み（以下「本件行為」という。）を行った。 本件行為は、金融商品取引法第159条第３項に違反するものと認められる。 なお、本件行為は、当社において、不公正取引を牽制・防止するための売買審査態勢や、法令遵守の徹底や適切な業務運営を確保するための経営管理態勢が不十分であることに起因し、行われたものであると認められる。 ⑵　売買審査態勢の不備 当社は、当社の売買動向監視システム（以下「システム」という。）において抽出された取引については、一定の基準に従って売買審査を行い、その結果、法令等の違反につながるおそれがあると認められた場合、当該取引を行った顧客等（自己売買を含む）に対して、当該取引の内容や当該顧客等の過去の取引状況等に応じ、ヒアリングや注意喚起などの対応（以下「措置」という。）を行うこととしている。こうした中、本件行為が行われた10銘柄のうち、８銘柄については、システムにおいては、不公正取引の疑いがある取引として抽出されているが、当社が措置を行う基準は、複数日にわたって行われる取引を対象として設定されており、本件行為のように、銘柄ごとに１立会日のみで行われるような取引は、システムにより抽出されても措置の対象とならない。 また、当社においては、ブロックトレード等の特定のイベントに係る自己売買に対しては、システムによる抽出の有無にかかわらず、売買審査（以下「イベント審査」という。）を行っている。しかしながら、ＢＯについては、自己売買で終値に関与するインセンティブが働くなど、ブロックトレード等と同様のリスクがあるにもかかわらず、イベント審査の対象としていない。 こうしたことから、本件行為については、いずれの取引についても措置は行われなかった。 上記の状況から、当社の売買審査態勢には不備があるものと認められ、これは、金融商品取引法第40条第２号の規定に基づく金融商品取引業等に関する内閣府令第123条第１項第12号に該当するものと認められる。 なお、上記の状況は、当社において自己売買のリスク等に対する認識が不十分だったことに加え、当社経営陣が、売買審査の件数が増大しているにもかかわらず、それに見合ったシステムの高度化や売買審査体制の整備を行ってこなかったことに起因するものと認められる。 ⑶　ＢＯに係る業務運営態勢の不備 当社は、ＢＯの執行に際し、買い手顧客に対して、事前に購入の意思の確認等を行っているが、その際、当社営業員の相当数は、ＢＯの執行日について、買い手顧客が推知可能な内容の説明を行っている。このような状況は、ＢＯ執行日に空売りを企図する顧客に対し、その機会を与え、空売りを誘発する一因となっているものと認められる。 当社は、ＢＯ導入（平成24年）の検討段階から、買い手顧客におけるＢＯ銘柄の空売りが当該銘柄の価格形成を歪めるものとの懸念を有していたが、ＢＯ執行日に係る買い手顧客への情報提供のあり方等について、当社内で適切に議論されることがないまま、ＢＯ業務を開始していた。 また、その後、当社においては、実際にＢＯ執行日における対象銘柄の株価下落に直面し、価格形成に関する懸念など問題提起が行われているが、これに対する有効な対策が講じられてこなかった。 上記のような当社のＢＯに係る業務運営状況は、市場の公正性を損なうおそれがあり、金融商品取引法第51条に規定する「業務の運営に関し、公益又は投資者保護のため必要かつ適当であるとき」に該当するものと認められる。 なお、上記の状況は、当社において、自己のビジネスの業務推進を優先させ、当社のＢＯの問題点を改善する意識が希薄であるなど、市場のゲートキーパーとしての自覚に欠けていたことや、ビジネスのリスクや課題を適切に把握し、商品性の見直し等の実効的な対策を行うための態勢が不十分であったことに起因するものであり、当社においては、適切な業務運営を確保するための経営管理態勢において不備があるものと認められる。 ⑷　銀行と連携して行う業務の運営が不適切な状況 金融商品取引法第44条の３第１項第４号に基づく金融商品取引業等に関する内閣府令第153条第1項第7号において、有価証券関連業を行う金融商品取引業者（第一種金融商品取引業を行う者に限る）は、当該金融商品取引業者又はその親法人等若しくは子法人等による非公開情報の提供について、あらかじめ発行者等の書面又は電磁的記録による同意がある場合等を除き、当該金融商品取引業者の親法人等若しくは子法人等と当該発行者等に関する非公開情報を受領又は提供してはならないとされている。しかしながら、当社は、親法人等である株式会社三井住友銀行（東京都千代田区、法人番号5010001008813、頭取ＣＥＯ（代表取締役）髙島 誠、以下「三井住友銀行」という。）との間において、法人顧客から情報共有の停止を求められていること又は情報共有の同意を得ていないことを認識しながら、当該法人顧客に関する非公開情報の授受を複数回にわたって行い、これを当社内で共有していた。 （事例１） 三井住友銀行等の複数の法人が保有していた上場会社Ａ社の株式に関し、当該株式の売出しに関する非公開情報について、Ａ社は役員自らが、三井住友銀行に対し、当社への情報提供の停止を求めていた。しかしながら、当社役職員は、当該情報提供の停止の求めを認識していたにもかかわらず、当該売出しにおける主幹事としてのポジションを獲得するため、当該売出しの実行時期、金額、方法等に関する情報を三井住友銀行から複数回受領し、これを当社内関係者に共有した上で、営業戦略を企画していた。さらに、当社の執行役員は、当該売出しにおいて当社が当該ポジションを獲得できるようＡ社に働きかけて欲しい旨を三井住友銀行に対し要請した。 （事例２） 当社及び三井住友銀行は、それぞれ上場会社Ｂ社に対し、Ｂ社によるＣ社の買収及び当該買収に伴う資金調達（以下「当該買収等」という。）に関して、Ｂ社との取引において知り得た情報については、Ｂ社による事前承諾を得ることなく、当社と三井住友銀行との間で共有しない旨を書面により誓約していた。しかしながら、当社役職員は、三井住友銀行がＢ社から事前承諾を得ていないにもかかわらず、複数回にわたって三井住友銀行から当該買収等に関する非公開情報を受領し、これを当社内関係者に共有していた。 また、当社役職員は、当社がＢ社から入手した非公開情報を、Ｂ社の事前承諾を得ずに、三井住友銀行に対し伝達した。 （事例３） 上場会社Ｄ社は、上場会社Ｅ社の株式の過半数を保有し、両社はいわゆる親子上場の関係にあったところ、Ｄ社において、Ｅ社株式の公開買付け（以下「当該ＴＯＢ」という。）が検討されていた。このことについて、Ｄ社は役員自らが、三井住友銀行に対し、当該ＴＯＢに関して、情報管理の徹底や、三井住友銀行内部においても必要最低限のメンバーへの開示とするよう求めていた。しかしながら、当社役職員は、当該情報管理の徹底等の必要性を認識しながら、当該ＴＯＢに関する非公開情報を三井住友銀行から複数回受領したうえ、当該情報を当社内関係者に共有していた。 当社における上記行為は、金融商品取引法第44条の３第１項第４号に基づく金融商品取引業等に関する内閣府令第153条第１項第７号に規定する行為に該当するものと認められる。 なお、上記行為は、当社役職員が、銀証間で情報の授受を行ってはならないことを認識しながら、案件獲得という当社の利益を優先したものであり、当社執行役員自らが非公開情報の受領や社内関係者への情報共有に関与している状況も認められるなど、銀証連携ビジネスの推進にあたり、当社として法令等遵守意識が希薄であることに起因するものであると認められる。 （参考条文） ○　金融商品取引法（昭和23年法律第25号）（抄） （適合性の原則等） 第四十条　金融商品取引業者等は、業務の運営の状況が次の各号のいずれかに該当することのないように、その業務を行わなければならない。 一　（略） 二　前号に掲げるもののほか、業務に関して取得した顧客に関する情報の適正な取扱いを確保するための措置を講じていないと認められる状況、その他業務の運営の状況が公益に反し、又は投資者の保護に支障を生ずるおそれがあるものとして内閣府令で定める状況にあること。 （親法人等又は子法人等が関与する行為の制限） 第四十四条の三　金融商品取引業者又はその役員若しくは使用人は、次に掲げる行為をしてはならない。ただし、公益又は投資者保護のため支障を生ずることがないと認められるものとして内閣総理大臣の承認を受けたときは、この限りでない。 一～三　（略） 四　前三号に掲げるもののほか、当該金融商品取引業者の親法人等又は子法人等が関与する行為であつて投資者の保護に欠け、若しくは取引の公正を害し、又は金融商品取引業の信用を失墜させるおそれのあるものとして内閣府令で定める行為 ２　（略） （金融商品取引業者に対する業務改善命令） 第五十一条　内閣総理大臣は、金融商品取引業者の業務の運営又は財産の状況に関し、公益又は投資者保護のため必要かつ適当であると認めるときは、その必要の限度において、当該金融商品取引業者に対し、業務の方法の変更その他業務の運営又は財産の状況の改善に必要な措置をとるべきことを命ずることができる。 （相場操縦行為等の禁止） 第百五十九条　（略） ２　（略） ３　何人も、政令で定めるところに違反して、取引所金融商品市場における上場金融商品等又は店頭売買有価証券市場における店頭売買有価証券の相場をくぎ付けし、固定し、又は安定させる目的をもつて、一連の有価証券売買等又はその申込み、委託等若しくは受託等をしてはならない。 ○　金融商品取引法施行令（昭和40年政令第321号）（抄） （安定操作取引をすることができる場合） 第二十条　安定操作取引（法第百五十九条第三項に規定する目的をもつてする一連の有価証券売買等（同条第二項に規定する有価証券売買等をいう。以下この項において同じ。）をいう。以下同じ。）又はその申込み、委託等（法第四十四条第一号に規定する委託等をいう。第三項及び次条において同じ。）若しくは受託等（媒介、取次ぎ（有価証券等清算取次ぎを除く。）又は代理の申込みを受けることをいう。次条において同じ。）は、有価証券の募集（五十名以上の者を相手方として行うものに限る。以下この条から第二十二条までにおいて同じ。）若しくは特定投資家向け取得勧誘（五十名以上の者を相手方として行うものに限る。以下この条から第二十二条までにおいて同じ。）又は有価証券の売出し（五十名以上の者を相手方として行うものに限る。以下この条から第二十二条までにおいて同じ。）若しくは特定投資家向け売付け勧誘等（五十名以上の者を相手方として行うものに限る。以下この条から第二十二条までにおいて同じ。）を容易にするために取引所金融商品市場又は店頭売買有価証券市場において一連の有価証券売買等を行う場合でなければ、してはならない。 ２　前項の場合において、自己の計算において安定操作取引をすることができる金融商品取引業者は、次の各号に掲げる場合の区分に応じ当該各号に定める金融商品取引業者に限るものとする。 一　当該募集又は売出しについて法第五条第一項（法第二十七条において準用する場合を含む。）の届出書の提出がある場合　当該募集に係る有価証券の発行者又は当該売出しに係る有価証券の所有者と法第二十一条第四項（法第二十七条において準用する場合を含む。）に規定する元引受契約を締結する金融商品取引業者として当該届出書に記載された金融商品取引業者 二　その他の場合　当該募集若しくは特定投資家向け取得勧誘又は売出し若しくは特定投資家向け売付け勧誘等に係る有価証券の発行者が、その発行する有価証券を上場する各金融商品取引所（当該有価証券が店頭売買有価証券である場合にあつては、当該有価証券を登録する各認可金融商品取引業協会。次項第五号並びに第二十二条第三項及び第四項において同じ。）の規則で定めるところにより、第十七条の三第三号に規定する元引受契約を締結する金融商品取引業者としてあらかじめ当該金融商品取引所に通知した金融商品取引業者 ３　第一項の場合において、安定操作取引の委託等をすることができる者は、次に掲げる者に限るものとする。 一　当該募集若しくは特定投資家向け取得勧誘又は売出し若しくは特定投資家向け売付け勧誘等に係る有価証券の発行者の役員 二　当該売出し又は特定投資家向け売付け勧誘等に係る有価証券の所有者（その者が当該有価証券を所有している者からその売出し又は特定投資家向け売付け勧誘等をすることを内容とする契約によりこれを取得した場合には、当該契約の相手方） 三　当該募集若しくは特定投資家向け取得勧誘又は売出し若しくは特定投資家向け売付け勧誘等に係る有価証券の発行者と内閣府令で定める密接な関係にある会社の役員 四　前号の会社（内閣府令で定めるものを除く。） 五　当該募集若しくは特定投資家向け取得勧誘又は売出し若しくは特定投資家向け売付け勧誘等に係る有価証券の発行者が、その発行する有価証券を上場する各金融商品取引所の規則で定めるところにより、安定操作取引の委託等を行うことがある者としてあらかじめ当該金融商品取引所に通知した者 ○　金融商品取引業等に関する内閣府令（平成19年内閣府令第52号）（抄） （業務の運営の状況が公益に反し又は投資者の保護に支障を生ずるおそれがあるもの） 第百二十三条　法第四十条第二号に規定する内閣府令で定める状況は、次に掲げる状況とする。 一～十一　（略） 十二　取引所金融商品市場における上場金融商品等又は店頭売買有価証券市場における店頭売買有価証券の相場若しくは相場若しくは取引高に基づいて算出した数値を変動させ、若しくはくぎ付けし、固定し、若しくは安定させ、又は取引高を増加させることにより実勢を反映しない作為的なものを形成させるべき当該上場金融商品等若しくは当該店頭売買有価証券に係る買付け若しくは売付け若しくはデリバティブ取引又はこれらの申込み若しくは委託等若しくは受託等をする行為を防止するための売買管理が十分でないと認められる状況 十三～三十六　（略） ２～１６　（略） （金融商品取引業者の親法人等又は子法人等が関与する行為の制限） 第百五十三条　法第四十四条の三第一項第四号に規定する内閣府令で定める行為は、次に掲げる行為とする。 一～六　（略） 七　有価証券関連業を行う金融商品取引業者（第一種金融商品取引業を行う者に限る。）が発行者等に関する非公開情報を当該金融商品取引業者の親法人等若しくは子法人等から受領し、又は当該親法人等若しくは子法人等に提供すること（次に掲げる場合において行うものを除く。）。 イ～ヌ　（略） 八～十五　（略） ２～４　（略）"
2022-10-06,株式会社,1301,株式会社Thousand Ventures（サウザンドベンチャーズ社）及びその役員１名による金融商品取引法違反行為に係る裁判所の禁止及び停止命令の発令について,https://www.fsa.go.jp/sesc/news/c_2022/2022/20221006-1.html,"English version 令和４年10月６日 証券取引等監視委員会 株式会社Thousand Ventures（サウザンドベンチャーズ社）及びその役員１名による金融商品取引法違反行為に係る裁判所の禁止及び停止命令の発令について 証券取引等監視委員会が、令和４年６月28日に行った株式会社Thousand Ventures（サウザンドベンチャーズ社、東京都港区、法人番号6010401121487、資本金1,000万円、金融商品取引業の登録等はない。以下「当社」という。）及び当社の代表取締役である吉永智徳（よしながとものり、当社及び吉永智徳を併せて、以下「当社ら」という。）に対する金融商品取引法違反行為（無登録金商業及び無届募集）の禁止及び停止を命ずるよう求める申立てについて、本日、東京地方裁判所より、申立ての内容どおり、下記の命令が下された。 記 １　被申立人らは、いずれも、金融商品取引法29条所定の登録（ただし、業務の種別を第二種金融商品取引業とするもの）その他同法所定の適式の登録を受けずに、同法２条２項５号又は６号に掲げる権利について、募集又は私募の取扱いを業として行ってはならない ２　被申立人らは、いずれも、金融商品取引法29条所定の登録（ただし、業務の種別を第一種金融商品取引業とするもの）その他同法所定の適式の登録を受けずに、店頭デリバティブ取引（ただし、同法２条22項１号に掲げる取引に限る。）の媒介を業として行ってはならない ３　被申立人らは、いずれも、金融商品取引法29条所定の登録（ただし、業務の種別を第一種金融商品取引業とするもの）その他同法所定の適式の登録を受けずに、社債券又はこれに表示されるべき権利であって当該社債券が発行されていない場合における当該権利について、募集又は私募の取扱いを業として行ってはならない ４　被申立人らは、いずれも、金融商品取引法４条１項本文の規定の適用を受ける社債券又はこれに表示されるべき権利であって当該社債券が発行されていない場合における当該権利について、同項本文の届出をするまでは、同法２条３項に規定する有価証券の募集を行ってはならない ５　被申立人らは、いずれも、金融商品取引法４条１項本文の規定の適用を受ける社債券又はこれに表示されるべき権利であって当該社債券が発行されていない場合における当該権利について、同項本文の届出がその効力を生じるまでは、これを同法２条３項に規定する有価証券の募集により取得させてはならない 以上 上記のとおり、 裁判所は、当社らの行為が金融商品取引法違反行為（無登録金商業及び無届募集）であると認め、当該行為を行うことの禁止及び停止を命令しました 。 サウザンドベンチャーズ社の顧客及び一般投資家の皆様は、以下の 【サウザンドベンチャーズ社の顧客の皆様へ】 及び 【一般投資家の皆様へ】 も、併せてご確認ください。 （参考） 株式会社Thousand Ventures（サウザンドベンチャーズ社）及びその役員１名による金融商品取引法違反行為に係る裁判所への禁止及び停止命令発出の申立てについて 【サウザンドベンチャーズ社の顧客の皆様へ】 〇 東京地方裁判所は、証券取引等監視委員会の申立ての内容どおり、当社らが金融商品取引法違反行為（無登録金商業及び無届募集）を行っていたことを認め、当該行為の禁止及び停止を命令しました（令和４年10月６日）。登録を受けずに金融商品取引業を行うことや、届出をすることなく有価証券の募集等を行うことは違法です。 〇　証券取引等監視委員会の調査の結果によれば、当社らは、主催するマネースクールの会員に対し、資産形成に関するコンサルティングを通じて、保険商品、海外積立型投資商品、社債、FX自動売買システム、投資用不動産等の商品の提案、勧誘を行っていました。 〇　具体的には、当社らは、既存会員からの紹介等により集まった一般投資家を対象としたオンライン形式のセミナーやインターネット上の音声プラットフォームへの配信等を通じて、個別の資産形成に係る無料コンサルティングに案内し、そのコンサルティングの機会等を利用して、当該マネースクールに勧誘していました。マネースクール入会後は、会員ごとに認定コンサルタントと呼ばれるコンサルティング業務等を行う従業員等が専任の担当者となり、当該認定コンサルタントから、ライフプラン設計についてのコンサルティングを受け、その後、具体的な保険商品、金融商品、不動産投資商品等に関する説明等を受けるのが一般的な流れとなっていました。 〇　当社らは、当該商品の提案、勧誘を行うに当たり、顧客に対して、過去の運用実績における利回りの良さ等を謳った説明や、当社らとの取引関係が長いことをもって安全なビジネススキーム（ローリスク案件）である等の説明を行っていますが、いずれも当該商品の運用成果等を保証するものではありません。 〇 当社らは、金融商品取引業の登録等を受けた業者ではありません。また、当社らは、当社の社債を発行するに当たり、有価証券届出書の提出を行っていません。 〇 【一般投資家の皆様へ】 も、併せてご確認ください。 【一般投資家の皆様へ】 〇　無登録業者が、実際には契約内容のとおりの取引を行っていなかったなどのトラブルが多発しています。無登録業者には、金融庁の監督権限が及ばず、投資者保護規定に基づく処分等が行えませんので、ご注意ください。 〇　仮に、海外当局の登録を受けた業者であったとしても、当該海外当局は、他国民との取引について監督指導等を行わないことや、金融庁と同等の監督権限がないことなどがあります。海外当局の登録を受けたことをもって日本と同等の投資者保護を担保するものではありません。 〇 一般に、無登録業者は、実際には契約内容のとおりの取引を行っていない商品であったとしても、返金等を希望する顧客に対し、他の顧客の投資資金を交付することで、返金等に応じることがあります。これまでに返金等を受けることができていたとしても、そのことをもって、直ちに当該商品が信頼できるとは言えませんので、ご注意ください。 〇 日本で登録を受けずに金融商品取引業を行うことは違法です。 取引の相手方が登録を受けているか、 こちら でご確認ください。 また、無登録で金融商品取引業を行っているとして、金融庁（財務局）が警告を行った者の名称等は、 こちら をご確認ください。 〇　不特定多数の者に有価証券の取得の勧誘を行う場合には、有価証券届出書の提出が必要です。有価証券届出書を提出しているかどうかは、 ＥＤＩＮＥＴ で確認することができます。 〇　外国為替証拠金取引（FX取引）についての注意点は、 こちら をご確認ください。 (クリックすると拡大されます。)"
2022-08-31,,,「開示検査事例集（令和3事務年度）」の公表について,https://www.fsa.go.jp/sesc/jirei/kaiji/20220831-1.html,令和４年８月31日 証券取引等監視委員会 「開示検査事例集（令和３事務年度）」の公表について 証券取引等監視委員会は、「開示検査事例集（令和３事務年度） PDF 」を取りまとめましたので、公表します。 「開示検査事例集」は、適正な情報開示に向けた市場関係者の自主的な取組みを促す観点から、証券取引等監視委員会による開示検査の最近の取組みや開示検査によって判明した開示規制違反の内容、その背景・原因及び是正策等の概要を取りまとめたもので、毎年公表しています。 今般公表しました「開示検査事例集（令和３事務年度）」では、昨事務年度版に、令和３年７月から本年６月までの間に開示検査を終了し、開示規制違反について課徴金納付命令勧告を行った事例等を追加しました。追加した内容では、代表者等が関与した売上の過大計上、海外売上及びソフトウェア仮勘定の架空計上、関連当事者取引に係る注記の不記載等、近年の開示規制違反に見られるさまざまな事例を積極的にご紹介しています。また、「監視委コラム」では、開示実務において参考にしていただけるよう、最近の開示検査を通じてクローズアップされた開示制度や会計基準のほか、内部統制等について解説しています。 この「開示検査事例集」を通じて、上場会社、会計監査人や投資家の皆さんに、開示規制違反の手法、背景・原因等や証券取引等監視委員会の取組みについてご理解いただいた上で、上場会社とその会計監査人である公認会計士・監査法人とのコミュニケーションや上場会社とその投資家の皆さんとの対話を活発に行っていただくことによって、適正な情報開示が積極的に行われることを期待しています。 過去の課徴金事例集はこちら
2022-08-02,,,「令和４事務年度 証券モニタリング基本方針」の公表について,https://www.fsa.go.jp/sesc/news/c_2022/2022/20220802.html,令和４年８月２日 証券取引等監視委員会 「令和４事務年度　証券モニタリング基本方針」について 証券取引等監視委員会では、「令和４事務年度　証券モニタリング基本方針」を別紙のとおり策定しましたので公表いたします。 （別紙） 令和４事務年度　証券モニタリング基本方針（PDF/173KB） （ 英語版（PDF/241KB） ） ポイント（PDF/434KB） （ 英語版（PDF/309KB） ） お問い合わせ先 証券取引等監視委員会事務局証券検査課 Tel　03-3506-6000（代表）（内線：3032、3039）
2022-09-02,株式会社関西みらいフィナンシャルグループ社員による内部者取引及び取引推奨行為並びに当該社員から伝達,,株式会社関西みらいフィナンシャルグループ社員による内部者取引及び取引推奨行為並びに当該社員から伝達を受けた者による内部者取引に対する課徴金納付命令の勧告について,https://www.fsa.go.jp/sesc/news/c_2022/2022/20220902-1.html,"English version 令和4年9月2日 証券取引等監視委員会 株式会社関西みらいフィナンシャルグループ社員による 内部者取引及び取引推奨行為並びに当該社員から伝達を受けた者による内部者取引に対する課徴金納付命令の勧告について １．勧告の内容 証券取引等監視委員会は、株式会社関西みらいフィナンシャルグループ社員による内部者取引について検査した結果、下記のとおり法令違反の事実が認められたので、本日、内閣総理大臣及び金融庁長官に対して、金融庁設置法第２０条第１項の規定に基づき、課徴金納付命令を発出するよう勧告を行った。 ２．法令違反の事実関係 （１）課徴金納付命令対象者（１）について 課徴金納付命令対象者⑴は、株式会社関西みらいフィナンシャルグループ（以下「関西みらいＦＧ」という。令和３年３月３０日上場廃止。）の社員であるが、その職務に関し、①関西みらいＦＧの社員甲がその職務に関し株式会社りそなホールディングス（以下「りそなＨＤ」という。）からの伝達により知った、りそなＨＤの業務執行を決定する機関が関西みらいＦＧ株式の公開買付けを行うことについての決定をした旨の公開買付けの実施に関する事実及び②関西みらいＦＧの業務執行を決定する機関が、りそなＨＤを完全親会社とし、関西みらいＦＧを完全子会社とする株式交換を行うことについての決定をした旨の重要事実を知りながら、 ア．違反行為事実Ａ 上記各事実の公表がされた令和２年１１月１０日より前の同年１０月９日から同月１５日までの間、第三者名義の証券口座で自己の計算において、関西みらいＦＧ株式合計１万３１７株を買付価額合計４５２万２７０５円で買い付け イ．違反行為事実Ｂ 令和２年１０月４日、被推奨者乙に対し、上記各事実の公表がされる前に、関西みらいＦＧ株式の買付けをさせることにより同人に利益を得させる目的をもって、同株式の買付けをすることを勧めたものである。 被推奨者乙は、上記各事実の公表がされた同年１１月１０日より前の同年１０月９日から同月１６日までの間、関西みらいＦＧ株式合計５２００株を買付価額合計２２６万４７６０円で買い付けたものである。 違反行為事実の概要については、 別図 のとおり。 課徴金納付命令対象者⑴が行った上記ア．の行為は、金融商品取引法第１７５条第１項に規定する「第１６６条第１項の規定に違反して、同条第１項に規定する売買等をした」行為及び同法第１７５条第２項に規定する「第１６７条第１項の規定に違反して、同条第１項に規定する、特定株券等若しくは関連株券等に係る買付け等をした」行為に該当すると認められる。 上記イ．の行為は、金融商品取引法第１７５条の２第１項に規定する「第１６７条の２第１項の規定に違反して、同項の伝達をし、又は同項の売買等をすることを勧める」行為及び同条第２項に規定する「第１６７条の２第２項の規定に違反して、同項の伝達をし、又は同項の買付け等をすることを勧める」行為に該当すると認められる。 （２）課徴金納付命令対象者⑵について 課徴金納付命令対象者⑵は、関西みらいＦＧに勤務していた課徴金納付命令対象者⑴から、同人がその職務に関し知った、①関西みらいＦＧの社員甲がその職務に関しりそなＨＤからの伝達により知った、りそなＨＤの業務執行を決定する機関が関西みらいＦＧ株式の公開買付けを行うことについての決定をした旨の公開買付けの実施に関する事実及び②関西みらいＦＧの業務執行を決定する機関が、りそなＨＤを完全親会社とし、関西みらいＦＧを完全子会社とする株式交換を行うことについての決定をした旨の重要事実の伝達を受けながら、上記各事実の公表がされた令和２年１１月１０日より前の同月９日、第三者名義の証券口座で、自己の計算において、関西みらいＦＧ株式合計２０００株を買付価額合計８１万４０００円で買い付けたものである。 違反行為事実の概要については、 別図 のとおり。 課徴金納付命令対象者⑵が行った上記の行為は、金融商品取引法第１７５条第１項に規定する「第１６６条第３項の規定に違反して、同条第１項に規定する売買等をした」行為及び同法第１７５条第２項に規定する「第１６７条第３項の規定に違反して、同条第１項に規定する特定株券等若しくは関連株券等に係る買付け等をした」行為に該当すると認められる。 ３．課徴金の額の計算 上記の違反行為に対し、金融商品取引法に基づき納付を命じられる課徴金の額は、 下記の通りである。 課徴金納付命令対象者⑴　１６３万円 課徴金納付命令対象者⑵　　３１万円 計算方法の詳細については、 別紙 のとおり。 ４．その他 本件については、日本取引所自主規制法人より提供された情報等を参考として、実態解明を行ったものである。 （別図） ○違反行為事実の概要について （クリックすると拡大されます） （別紙） ○課徴金の額の計算方法について １． 課徴金納付命令対象者（１）について （１）違反行為事実Aに係る課徴金の額 ①金融商品取引法第１７５第１項第２号及び同条第２項第２号の規定により、当該有価証券の買付けについて、業務等に関する重要事実及び公開買付け等の実施に関する事実の公表がされた後２週間における最も高い価格（565円）に当該有価証券の買付けの数量を乗じて得た額から、当該有価証券の買付けをした価格にその数量を乗じて得た額を控除した額。 ア．自己の計算による買付け (565円×5,000株) －(443.9円×200株＋444円×700株＋445円×4,100株) ＝600,920円 及び イ．自己及び自己以外の者の計算による買付けが混和している買付け (565円×5,317株 注1 ) －{(423円×4000株＋435円×2,200株＋435.9円×700株＋436円×3,600株＋440円×2,000株 ×(2,300,000円/5,406,961円）} 注2 ＝705,480円 （注１）自己の計算による買付けの数量は、自己及び自己以外の者の計算による買付けの数量12,500株に、自己が当該有価証券の買付けのために拠出した額2,300,000円／自己及び自己以外の者の計算による委託手数料を含めた買付けの額5,406,961円を乗じて得た数量（1株未満端数切捨て） （注２）自己の計算による買付けの額は、自己及び自己以外の者の計算による買付けの額5,403,730円に、自己が当該有価証券の買付けのために拠出した額2,300,000円／自己及び自己以外の者の計算による委託手数料を含めた買付けの額5,406,961円を乗じて得た額（1円未満端数切捨て） の合計額1,306,400円となる。 ②金融商品取引法第１７６条２項の規定により、上記①で計算した額の１万円未満の端数を切捨て、1,300,000円となる。 （２）違反行為事実Bに係る課徴金の額 ①金融商品取引法第１７５条の２第１項第３号及び同条第２項第３号の規定により、当該違反行為により当該情報受領者等が行った当該買付けによって得た利得相当額に２分の１を乗じて得た額。 利得相当額とは、同条第３項第２号及び同条第４項第２号の規定により、情報受領者等が特定有価証券等の買付けをした場合、当該特定有価証券等の買付けについて、業務等に関する重要事実及び公開買付け等の実施に関する事実の公表がされた後２週間における最も高い価格（565円）に当該特定有価証券等の買付けの数量を乗じて得た額から、当該特定有価証券等の買付けをした価格にその数量を乗じて得た額を控除した額。 {（565円×5,200株） －(419.7円×100株＋419.8円×100株＋434円×3,000株＋436円×1,000株＋442.7円×200株＋442.8円×500株＋442.9円×300株)}×1/2 ＝336,620円 ②金融商品取引法第１７６条第２項の規定により、上記①で計算した額の１万円未満の端数を切捨て、330,000円となる。 （３）上記（１）ないし（２）により算定した額の合計 　　1,300,000円＋330,000円＝1,630,000円となる。 ２．課徴金納付命令対象者⑵について （１）金融商品取引法第第１７５条第１項第２号及び同条第２項第２号の規定により、当該有価証券の買付けについて、業務等に関する重要事実及び公開買付け等の実施に関する事実の公表がされた後２週間における最も高い価格（565円）に当該有価証券の買付けの数量を乗じて得た額から、当該有価証券の買付けをした価格にその数量を乗じて得た額を控除した額。 (565円×2,000株) －(407円×2,000株) ＝316,000円 （２）金融商品取引法第１７６条第２項の規定により、上記（３）で計算した額の１万円未満の端数を切捨て、310,000円となる。"
2022-06-28,株式会社,1301,株式会社Thousand Ventures（サウザンドベンチャーズ社）及びその役員１名による金融商品取引法違反行為に係る裁判所への禁止及び停止命令発出の申立てについて,https://www.fsa.go.jp/sesc/news/c_2022/2022/20220628-2.html,"English version 令和４年６月28日 証券取引等監視委員会 株式会社Thousand Ventures（サウザンドベンチャーズ社）及びその役員１名による金融商品取引法違反行為に係る裁判所への禁止及び停止命令発出の申立てについて １．申立ての内容等 証券取引等監視委員会が、株式会社Thousand Ventures（サウザンドベンチャーズ社、東京都港区、法人番号6010401121487、代表取締役　吉永智徳（よしながとものり、以下「吉永」という。）、資本金1,000万円、金融商品取引業の登録等はない。以下「当社」という。）に対して金融商品取引法（以下「金商法」という。）第187条第１項に基づく調査を行った結果、下記２．の事実が認められたことから、本日、証券取引等監視委員会は、金商法第192条第１項に基づき、東京地方裁判所に対し、当社及び当社の代表取締役である吉永（当社及び吉永を併せて、以下「当社ら」という。）を被申立人として、金商法違反行為（下記ア～エ）の禁止及び停止を命ずるよう申立てを行った。 ア　無登録で、金商法第２条第２項第５号又は第６号に掲げる権利について、募集又は私募の取扱いを業として行うこと（詳細は下記２．⑴ア） イ　無登録で、店頭デリバティブ取引（金商法第２条第22項第１号に掲げる取引に限る。）の媒介を業として行うこと（詳細は下記２．⑴イ） ウ　無登録で、社債の募集又は私募の取扱いを業として行うこと（詳細は下記２．⑴ウ） エ　有価証券届出書を提出することなく社債の募集を行い、届出の効力発生前にこれを取得させること（詳細は下記２．⑵） 上記のとおり、 証券取引等監視委員会は、東京地方裁判所に対して、サウザンドベンチャーズ社及びその役員１名が金融商品取引法違反行為（無登録金商業及び無届募集）を行うことの禁止及び停止を命ずるよう申立てを行いました 。 サウザンドベンチャーズ社の顧客及び一般投資家の皆様は、以下の 【サウザンドベンチャーズ社の顧客の皆様へ】 及び 【一般投資家の皆様へ】 も、併せてご確認ください。 ２．事実関係 当社は、損害保険代理及び生命保険募集に関する業務、各種イベントの企画、制作、運営及び管理業務、講演会、研修会、セミナー開催等の教育・研修事業等を目的として、平成27年11月９日に設立された株式会社である。 当社らは、下記⑴ア～ウのとおり、金商法第29条所定の登録を受けずに、当社が主催するマネースクールの会員に対し、金融商品の勧誘、媒介等を業として行っている。また、当社らは、下記⑵のとおり、有価証券届出書を提出することなく社債の取得勧誘（募集）を行い、届出の効力発生前にこれを取得させている。 ⑴　無登録金商業 ア　集団投資スキーム持分の募集又は私募の取扱い 当社らは、海外法人であるRL360 Insurance Company Limitedが組成する海外集団投資スキーム持分（金商法第２条第２項第６号）に該当する投資商品であるQuantumやREGULAR SAVINGS PLANに関し、その商品概要や利点等を解説する動画を会員に視聴させたり、説明資料を用いて商品の特徴や利点等を説明したりするなどの方法により、当該商品への出資の勧誘を行い、出資を希望した会員に対して契約締結やその後の事務手続に関するサポートを行っていた。 これにより、当社らは、平成28年７月から令和４年２月までの間に、少なくとも延べ707名の一般投資家に対し、合計10億円を超える出資をさせている。 当社らの上記行為は、集団投資スキーム持分の募集又は私募の取扱いを業として行うものとして、金商法第28条第２項第２号に規定する「第二種金融商品取引業」に該当し、無登録でこれを行うことは、同法第29条に違反する。 イ　店頭デリバティブ取引の媒介 当社らは、海外法人であるとされるMt.light（以下「MTL社」という。）が提供するFX取引（金商法第２条第22項第１号に規定する店頭デリバティブ取引に該当する。）の自動売買システム（以下「MTLFX」という。）に関し、その商品概要や平均月利回りの良さ等を解説する動画を会員に視聴させたり、MTLFXに関心を示した会員に対する質問への回答や投資金額についてのアドバイスを行うなどして、MTLFXに係るMTL社の口座開設等の勧誘を行い、MTLFXを用いた資産運用を希望した会員に対して、MTL社の口座開設のためのURLリンクを案内したり、その手続を円滑に行うためのマニュアルの配布及び個別相談を行ったりしている。 これにより、当社らは、令和３年７月から令和４年３月までの間に、少なくとも延べ175名の一般投資家に対し、合計約１億5,000万円の出資をさせている。 当社らの上記行為は、店頭デリバティブ取引の媒介を業として行うものとして、金商法第28条第１項第２号に規定する「第一種金融商品取引業」に該当し、無登録でこれを行うことは、同法第29条に違反する。 ウ　他社の社債の募集又は私募の取扱い 当社らは、株式会社STEPCAPITALMANAGEMENT（以下「STEP社」という。）が発行する社債（以下「STEP社債」という。）に関し、LINEの公式アカウントサービスを用いた一斉配信や個別コンサルティングにおける解説動画の視聴、個別相談等の方法により、STEP社債の商品概要のほか、リスクの少ない案件であるといった説明を行うなどして、STEP社債の取得勧誘を行っている。 これにより、当社らは、令和３年９月から同年12月までの間に、少なくとも延べ223名の一般投資家に対し、合計５億2,800万円分のSTEP社債を購入させている。 当社らの上記行為は、社債の募集又は私募の取扱いを業として行うものとして、金商法第28条第１項第１号に規定する「第一種金融商品取引業」に該当し、無登録でこれを行うことは、同法第29条に違反する。 ⑵　社債の無届募集 当社は、毎月のように当社の社債を発行していたが、令和３年４月、同年５月及び同年10月に当社の社債（償還期限や利率等をいずれも同じくするもの）を発行するに際し、申込者数が50名以上となったことから、１回分の申込者数が50名未満になるよう回号を後から振り分けるなどしているものの、取得勧誘行為自体は50名以上の会員に対して同時に行っており、実態は50名以上の者に対し、有価証券届出書の提出をせずに有価証券（当社の社債）の取得勧誘（募集）を行ったものである。 また、当社らは、当社の社債の募集の仕方に関し、社債の募集人数や募集金額の点で、弁護士から金商法に違反している可能性があるとの指摘を受けていたにもかかわらず、令和４年１月に当社の社債を発行するに際し、LINEの公式アカウントサービスを利用した会員への一斉配信の方法により、50名以上の会員に対して同時に当社の社債の取得勧誘（募集）を行っている。 当社の上記行為は、有価証券届出書を提出することなく有価証券の募集が行われたものとして金商法第４条第１項に違反するとともに、同項の規定による届出の効力発生前にこれを取得させたものとして同法第15条第１項に違反するものである。 なお、当社の説明によれば、当社は、当社の社債で集めた資金を、STEP社や他の事業者に出資等している。 当社らは、上記金商法違反行為を今後も行う蓋然性が高いことから、これを可及的速やかに禁止・停止させる必要がある。 【サウザンドベンチャーズ社の顧客の皆様へ】 〇 証券取引等監視委員会は、東京地方裁判所に対して、株式会社Thousand Ventures及びその役員１名（以下「当社ら」という。）が金融商品取引法違反行為（無登録金商業及び無届募集）を行うことの禁止及び停止を命ずるよう申立てを行いました（令和４年６月28日）。 〇　証券取引等監視委員会の調査の結果によれば、当社らは、主催するマネースクールの会員に対し、資産形成に関するコンサルティングを通じて、保険商品、海外積立型投資商品、社債、FX自動売買システム、投資用不動産等の商品の提案、勧誘を行っていました。 〇　具体的には、当社らは、既存会員からの紹介等により集まった一般投資家を対象としたオンライン形式のセミナーやインターネット上の音声プラットフォームへの配信等を通じて、個別の資産形成に係る無料コンサルティングに案内し、そのコンサルティングの機会等を利用して、当該マネースクールに勧誘していました。マネースクール入会後は、会員ごとに認定コンサルタントと呼ばれるコンサルティング業務等を行う従業員等が専任の担当者となり、当該認定コンサルタントから、ライフプラン設計についてのコンサルティングを受け、その後、具体的な保険商品、金融商品、不動産投資商品等に関する説明等を受けるのが一般的な流れとなっていました。 〇　当社らは、当該商品の提案、勧誘を行うに当たり、顧客に対して、過去の運用実績における利回りの良さ等を謳った説明や、当社らとの取引関係が長いことをもって安全なビジネススキーム（ローリスク案件）である等の説明を行っていますが、いずれも当該商品の運用成果等を保証するものではありません。 〇 当社らは、金融商品取引業の登録等を受けた業者ではありません。 〇 【一般投資家の皆様へ】 も、併せてご確認ください。 【一般投資家の皆様へ】 〇　無登録業者が、実際には契約内容のとおりの取引を行っていなかったなどのトラブルが多発しています。無登録業者には、金融庁の監督権限が及ばず、投資者保護規定に基づく処分等が行えませんので、ご注意ください。 〇　仮に、海外当局の登録を受けた業者であったとしても、当該海外当局は、他国民との取引について監督指導等を行わないことや、金融庁と同等の監督権限がないことなどがあります。海外当局の登録を受けたことをもって日本と同等の投資者保護を担保するものではありません。 〇 一般に、無登録業者は、実際には契約内容のとおりの取引を行っていない商品であったとしても、返金等を希望する顧客に対し、他の顧客の投資資金を交付することで、返金等に応じることがあります。これまでに返金等を受けることができていたとしても、そのことをもって、直ちに当該商品が信頼できるとは言えませんので、ご注意ください。 〇 日本で登録を受けずに金融商品取引業を行うことは違法です。 取引の相手方が登録を受けているか、 こちら でご確認ください。 また、無登録で金融商品取引業を行っているとして、金融庁（財務局）が警告を行った者の名称等は、 こちら をご確認ください。 〇　外国為替証拠金取引（FX取引）についての注意点は、 こちら をご確認ください。 (クリックすると拡大されます。) (クリックすると拡大されます。) 参考条文 〇第一種金融商品取引業、第二種金融商品取引業、有価証券の募集等 金融商品取引法（抄） （定義） 第二条　この法律において「有価証券」とは、次に掲げるものをいう。 一～四　（略） 五　社債券（相互会社の社債券を含む。以下同じ。） 六～二十一　（略） ２　前項第一号から第十五号までに掲げる有価証券（略）であつて内閣府令で定めるものに表示されるべき権利（以下この項及び次項において「有価証券表示権利」と総称する。）は、有価証券表示権利について当該権利を表示する当該有価証券が発行されていない場合においても、当該権利を当該有価証券とみなし（略）次に掲げる権利は、証券又は証書に表示されるべき権利以外の権利であつても有価証券とみなして、この法律の規定を適用する。 一～四　（略） 五　民法（略）第六百六十七条第一項に規定する組合契約、商法（略）第五百三十五条に規定する匿名組合契約、投資事業有限責任組合契約に関する法律（略）第三条第一項に規定する投資事業有限責任組合契約又は有限責任事業組合契約に関する法律（略）第三条第一項に規定する有限責任事業組合契約に基づく権利、社団法人の社員権その他の権利（外国の法令に基づくものを除く。）のうち、当該権利を有する者（以下この号において「出資者」という。）が出資又は拠出をした金銭（これに類するものとして政令で定めるものを含む。）を充てて行う事業（以下この号において「出資対象事業」という。）から生ずる収益の配当又は当該出資対象事業に係る財産の分配を受けることができる権利であつて、次のいずれにも該当しないもの（略） 六　外国の法令に基づく権利であつて、前号に掲げる権利に類するもの 七　（略） ３　この法律において、「有価証券の募集」とは、新たに発行される有価証券の取得の申込みの勧誘（これに類するものとして内閣府令で定めるもの（次項において「取得勧誘類似行為」という。）を含む。以下「取得勧誘」という。）のうち、当該取得勧誘が第一項各号に掲げる有価証券又は前項の規定により有価証券とみなされる有価証券表示権利（略）同項各号に掲げる権利（電子情報処理組織を用いて移転することができる財産的価値（電子機器その他の物に電子的方法により記録されるものに限る。）に表示される場合（流通性その他の事情を勘案して内閣府令で定める場合を除く。）に限る。以下「電子記録移転権利」という。）（次項及び第六項、第二条の三第四項及び第五項並びに第二十三条の十三第四項において「第一項有価証券」という。）に係るものである場合にあつては第一号及び第二号に掲げる場合（略）に該当するものをいい、「有価証券の私募」とは、取得勧誘であつて有価証券の募集に該当しないものをいう。 一　多数の者（適格機関投資家（有価証券に対する投資に係る専門的知識及び経験を有する者として内閣府令で定める者をいう。以下同じ。）が含まれる場合であつて、当該有価証券がその取得者である適格機関投資家から適格機関投資家以外の者に譲渡されるおそれが少ないものとして政令で定める場合に該当するときは、当該適格機関投資家を除く。）を相手方として行う場合として政令で定める場合（特定投資家のみを相手方とする場合を除く。） 二・三　（略） ４～７　（略） ８　この法律において「金融商品取引業」とは、次に掲げる行為（略）のいずれかを業として行うことをいう。 一～三　（略） 四　店頭デリバティブ取引又はその媒介、取次ぎ（有価証券等清算取次ぎを除く。）若しくは代理（以下「店頭デリバティブ取引等」という。） 五～八　（略） 九　有価証券の募集若しくは売出しの取扱い又は私募若しくは特定投資家向け売付け勧誘等の取扱い 十～十八　（略） ９～21　（略） 22　この法律において「店頭デリバティブ取引」とは、金融商品市場及び外国金融商品市場によらないで行う次に掲げる取引（その内容等を勘案し、公益又は投資者の保護のため支障を生ずることがないと認められるものとして政令で定めるものを除く。）をいう。 一　売買の当事者が将来の一定の時期において金融商品（第二十四項第三号の三及び第五号に掲げるものを除く。第三号及び第六号において同じ。）及びその対価の授受を約する売買であつて、当該売買の目的となつている金融商品の売戻し又は買戻しその他政令で定める行為をしたときは差金の授受によつて決済することができる取引 二～七　（略） 23～42　（略） （募集又は売出しの届出） 第四条　有価証券の募集（特定組織再編成発行手続を含む。第十三条及び第十五条第二項から第六項までを除き、以下この章及び次章において同じ。）又は有価証券の売出し（次項に規定する適格機関投資家取得有価証券一般勧誘及び第三項に規定する特定投資家等取得有価証券一般勧誘に該当するものを除き、特定組織再編成交付手続を含む。以下この項において同じ。）は、発行者が当該有価証券の募集又は売出しに関し内閣総理大臣に届出をしているものでなければ、することができない。ただし、次の各号のいずれかに該当するものについては、この限りでない。 一　有価証券の募集又は売出しの相手方が当該有価証券に係る次条第一項各号に掲げる事項に関する情報を既に取得し、又は容易に取得することができる場合として政令で定める場合における当該有価証券の募集又は売出し 二　有価証券の募集又は売出しに係る組織再編成発行手続又は組織再編成交付手続のうち、次に掲げる場合のいずれかに該当するものがある場合における当該有価証券の募集又は売出し（前号に掲げるものを除く。） イ・ロ　（略） 三　その有価証券に関して開示が行われている場合における当該有価証券の売出し（前二号に掲げるものを除く。） 四　外国で既に発行された有価証券又はこれに準ずるものとして政令で定める有価証券の売出し（金融商品取引業者等が行うものに限る。）のうち、国内における当該有価証券に係る売買価格に関する情報を容易に取得することができることその他の政令で定める要件を満たすもの（前三号に掲げるものを除く。） 五　発行価額又は売出価額の総額が一億円未満の有価証券の募集又は売出しで内閣府令で定めるもの（前各号に掲げるものを除く。） ２～７　（略） （届出の効力発生前の有価証券の取引禁止及び目論見書の交付） 第十五条　発行者、有価証券の売出しをする者、引受人（適格機関投資家取得有価証券一般勧誘（開示が行われている場合における有価証券に係るものを除く。）又は特定投資家等取得有価証券一般勧誘（開示が行われている場合における有価証券に係るものを除く。）に際し、第二条第六項各号のいずれかを行う者を含む。以下この章において同じ。）、金融商品取引業者、登録金融機関若しくは金融商品仲介業者又は金融サービス仲介業者（金融サービスの提供に関する法律（平成十二年法律第百一号）第十一条第六項に規定する金融サービス仲介業者をいい、有価証券等仲介業務（同条第四項に規定する有価証券等仲介業務をいう。以下同じ。）を行う者に限る。以下同じ。）は、その募集又は売出しにつき第四条第一項本文、第二項本文又は第三項本文の規定の適用を受ける有価証券については、これらの規定による届出がその効力を生じているのでなければ、これを募集又は売出しにより取得させ、又は売り付けてはならない。 ２～６　（略） 第二十八条　この章において「第一種金融商品取引業」とは、金融商品取引業のうち、次に掲げる行為のいずれかを業として行うことをいう。 一　有価証券（第二条第二項の規定により有価証券とみなされる同項各号に掲げる権利（電子記録移転権利を除く。次項第二号及び第六十四条第一項第一号において同じ。）を除く。）についての第二条第八項第一号から第三号まで、第五号、第八号又は第九号に掲げる行為 一の二　（略） 二　第二条第八項第四号に掲げる行為又は店頭デリバティブ取引についての同項第五号に掲げる行為 三～五　（略） ２　この章において「第二種金融商品取引業」とは、金融商品取引業のうち、次に掲げる行為のいずれかを業として行うことをいう。 一　（略） 二　第二条第二項の規定により有価証券とみなされる同項各号に掲げる権利についての同条第八項　第一号から第三号まで、第五号、第八号又は第九号に掲げる行為 三・四　（略） ３～８　（略） （登録） 第二十九条　金融商品取引業は、内閣総理大臣の登録を受けた者でなければ、行うことができない。 第百九十七条の二　次の各号のいずれかに該当する者は、五年以下の懲役若しくは五百万円以下の罰金に処し、又はこれを併科する。 一　第四条第一項の規定による届出を必要とする有価証券の募集若しくは売出し、同条第二項の規定による届出を必要とする適格機関投資家取得有価証券一般勧誘又は同条第三項の規定による届出を必要とする特定投資家等取得有価証券一般勧誘について、これらの届出が受理されていないのに当該募集、売出し、適格機関投資家取得有価証券一般勧誘若しくは特定投資家等取得有価証券一般勧誘又はこれらの取扱いをした者 二　（略） 三　第十五条第一項（第二十七条において準用する場合を含む。）、第二十三条の八第一項（第二十七条において準用する場合を含む。）、第二十七条の三第三項（第二十七条の二十二の二第二項において準用する場合を含む。）、第二十七条の八第七項（第二十七条の二十二の二第二項において準用する場合を含む。）又は第二十七条の八第九項（第二十七条の二十二の二第二項及び第二十七条の二十二の三第四項において準用する場合を含む。）の規定に違反した者 四～十の三　（略） 十の四　第二十九条の規定に違反して内閣総理大臣の登録を受けないで金融商品取引業を行つた者 十の五～十五　（略） 第二百七条　法人（法人でない団体で代表者又は管理人の定めのあるものを含む。以下この項及び次項において同じ。）の代表者又は法人若しくは人の代理人、使用人その他の従業者が、その法人又は人の業務又は財産に関し、次の各号に掲げる規定の違反行為をしたときは、その行為者を罰するほか、その法人に対して当該各号に定める罰金刑を、その人に対して各本条の罰金刑を科する。 一　（略） 二　第百九十七条の二（第十一号及び第十二号を除く。）又は第百九十七条の三　五億円以下の罰金刑 三～六　（略） ２・３　（略） 〇緊急差止命令に係る申立て 金融商品取引法（抄） （審問等に関する調査のための処分） 第百八十七条　内閣総理大臣又は内閣総理大臣及び財務大臣は、この法律の規定による審問、この法律の規定による処分に係る聴聞又は第百九十二条の規定による申立てについて、必要な調査をするため、当該職員に、次に掲げる処分をさせることができる。 一　関係人若しくは参考人に出頭を命じて意見を聴取し、又はこれらの者から意見書若しくは報告書を提出させること。 二　鑑定人に出頭を命じて鑑定させること。 三　関係人に対し帳簿書類その他の物件の提出を命じ、又は提出物件を留めて置くこと。 四　関係人の業務若しくは財産の状況又は帳簿書類その他の物件を検査すること。 ２　（略） （裁判所の禁止又は停止命令） 第百九十二条　裁判所は、次の各号のいずれかに該当すると認めるときは、内閣総理大臣又は内閣総理大臣及び財務大臣の申立てにより、当該各号に定める行為を行い、又は行おうとする者に対し、その行為の禁止又は停止を命ずることができる。 一　緊急の必要があり、かつ、公益及び投資者保護のため必要かつ適当であるとき　この法律又はこの法律に基づく命令に違反する行為 二　（略） ２～４　（略） 第百九十八条　次の各号のいずれかに該当する者は、三年以下の懲役若しくは三百万円以下の罰金に処し、又はこれを併科する。 一～七　（略） 八　第百九十二条第一項又は第二項の規定による裁判所の命令に違反した者 第二百七条　法人（略）の代表者又は法人若しくは人の代理人、使用人その他の従業者が、その法人又は人の業務又は財産に関し、次の各号に掲げる規定の違反行為をしたときは、その行為者を罰するほか、その法人に対して当該各号に定める罰金刑を、その人に対して各本条の罰金刑を科する。 一・二　（略） 三　第百九十八条（略）又は第百九十八条の三から第百九十八条の五まで　三億円以下の罰金刑 四～六　（略） ２・３　（略）"
2022-09-06,株式会社ツカダ・グローバルホールディング,2418,日本板硝子株式ほか１銘柄に係る相場操縦に対する課徴金納付命令の勧告について,https://www.fsa.go.jp/sesc/news/c_2022/2022/20220906-1.html,"English version 令和4年9月6日 証券取引等監視委員会 日本板硝子株式ほか１銘柄に係る相場操縦に対する課徴金納付命令の勧告について １．勧告の内容 証券取引等監視委員会は、日本板硝子株式ほか１銘柄に係る相場操縦について検査した結果、下記のとおり法令違反の事実が認められたので、本日、内閣総理大臣及び金融庁長官に対して、金融庁設置法第２０条第１項の規定に基づき、課徴金納付命令を発出するよう勧告を行った。 ２．法令違反の事実関係 課徴金納付命令対象者は、 （１）　日本板硝子株式会社の株式につき、同株式の売買を誘引する目的をもって、別表１記載のとおり、令和２年４月８日から同年６月１８日までの間、１８取引日において、最良買い気配近辺に複数の買い注文を発注して買い板を厚くするなどの方法により、同株式合計６１６万１８００株の買付けの委託を行うとともに、同株式合計１３８万７２００株を買い付ける一方、同株式合計１７３万２１００株を売り付け、 （２）　株式会社ツカダ・グローバルホールディングの株式につき、同株式の売買を誘引する目的をもって、別表２記載のとおり、令和２年５月２５日午後１時３９分頃から同日午後３時までの間、最良買い気配近辺に複数の買い注文を発注して買い板を厚くしたり、直前の約定値より高い指値の買い注文を発注して買い付けることにより株価を引き上げたりするなどの方法により、同株式合計１７万９２００株の買付けの委託を行うとともに、同株式合計７万５０００株を買い付ける一方、同株式合計４万６５００株を売り付け、 もって、それぞれ、自己の計算において、上記各株式の売買が繁盛であると誤解させ、かつ、上記各株式の相場を変動させるべき一連の売買及び委託をしたものである。 違反行為事実の概要については、 別図 のとおり。 課徴金納付命令対象者が行った上記の各行為は、金融商品取引法第１７４条の２第１項に規定する「第１５９条第２項第１号の規定に違反する一連の有価証券売買等」に該当すると認められる。 ３．課徴金の額の計算 上記の各違反行為に対し金融商品取引法に基づき納付を命じられる課徴金の額の合計は、２１５万円である。 計算方法の詳細については、 別紙 のとおり。 （別表１・２） （クリックすると拡大されます） （別図） ○違反行為事実の概要について （クリックすると拡大されます） （別紙） ○課徴金の額の計算方法について 1． 別表１及び２ の各違反行為に係る課徴金の額の計算の基礎は以下のとおりである。 (1)　金融商品取引法第１７４条の２第１項の規定により、当該違反行為に係る課徴金の額は、 ア．当該違反行為に係る有価証券の売買対当数量に係るものについて、自己の計算による当該有価証券の売　付け等の価額から、自己の計算による当該有価証券の買付け等の価額を控除した額 及び イ．当該違反行為に係る自己の計算による有価証券の買付け等の数量が、当該違反行為に係る自己の計算による有価証券の売付け等の数量を超える場合、当該違反行為が終了してから１月を経過するまでの間の各日における当該違反行為に係る有価証券の売付け等についての金融商品取引法第６７条の１９又は第１３０条に規定する最高の価格のうち最も高い価格に当該超える数量を乗じて得た額から当該超える数量に係る有価証券の買付け等の価額を控除した額 の合計額として算定。 （注）各違反行為において、各違反行為期間中の売買株数が同数のものは、金商法第１７４条の２第１項第２号の規定（当該違反行為に係る自己の計算による有価証券の売付け等又は買付け等の数量が当該違反行為に係る自己の計算による有価証券の買付け等又は売付け等の数量を超える場合）には該当しない。 (2)　上記(1)で算定された課徴金の額につき、金融商品取引法第１７６条第２項の規定により１万円未満の端数を切り捨てて算定。 ２． 別表１ に掲げる日本板硝子株式に係る取引 (1)　令和２年４月８日の取引について 当該違反行為に係る自己の計算による有価証券の売付け等の数量は、39,100株であり、当該違反行為に係る自己の計算による有価証券の買付け等の数量は、実際の買付け等の数量15,000株に、金融商品取引法第１７４条の２第８項及び金融商品取引法施行令第３３条の１３第１号の規定により、違反行為の開始時にその時における価格（293円）で買付け等を自己の計算においてしたものとみなされる当該違反行為の開始時に所有している有価証券の数量24,100株を加えた39,100株であることから、 ア．当該違反行為に係る有価証券の売買対当数量（39,100株）に係るものについて、自己の計算による当該有価証券の売付け等の価額から、自己の計算による当該有価証券の買付け等の価額を控除した額 （有価証券の売付け等の価額：11,470,800円） －（有価証券の買付け等の価額：11,456,300円） ＝14,500円 イ．金融商品取引法第１７６条第２項の規定により、上記ア．で計算した額の１万円未満の端数を切捨て、10,000円となる。 (2)　令和２年４月１３日の取引について 当該違反行為に係る自己の計算による有価証券の売付け等の数量は、154,700株であり、当該違反行為に係る自己の計算による有価証券の買付け等の数量は、実際の買付け等の数量141,600株に、金融商品取引法第１７４条の２第８項及び金融商品取引法施行令第３３条の１３第１号の規定により、違反行為の開始時にその時における価格（315円）で買付け等を自己の計算においてしたものとみなされる当該違反行為の開始時に所有している有価証券の数量13,100株を加えた154,700株であることから、 ア．当該違反行為に係る有価証券の売買対当数量（154,700株）に係るものについて、自己の計算による当該有価証券の売付け等の価額から、自己の計算による当該有価証券の買付け等の価額を控除した額 （有価証券の売付け等の価額：48,715,700円） －（有価証券の買付け等の価額：48,704,100円） ＝11,600円 イ．金融商品取引法第１７６条第２項の規定により、上記ア．で計算した額の１万円未満の端数を切捨て、10,000円となる。 (3)　令和２年４月１４日の取引について 当該違反行為に係る自己の計算による有価証券の売付け等の数量は、32,200株であり、当該違反行為に係る自己の計算による有価証券の買付け等の数量は、実際の買付け等の数量19,900株に、金融商品取引法第１７４条の２第８項及び金融商品取引法施行令第３３条の１３第１号の規定により、違反行為の開始時にその時における価格（303円）で買付け等を自己の計算においてしたものとみなされる当該違反行為の開始時に所有している有価証券の数量12,300株を加えた32,200株であることから、 ア．当該違反行為に係る有価証券の売買対当数量（32,200株）に係るものについて、自己の計算による当該有価証券の売付け等の価額から、自己の計算による当該有価証券の買付け等の価額を控除した額 （有価証券の売付け等の価額：9,788,800円） －（有価証券の買付け等の価額：9,756,900円） ＝31,900円 イ．金融商品取引法第１７６条第２項の規定により、上記ア．で計算した額の１万円未満の端数を切捨て、30,000円となる。 (4)　令和２年４月１５日の取引について 当該違反行為に係る自己の計算による有価証券の売付け等の数量は、13,400株であり、当該違反行為に係る自己の計算による有価証券の買付け等の数量は、実際の買付け等の数量3,000株に、金融商品取引法第１７４条の２第８項及び金融商品取引法施行令第３３条の１３第１号の規定により、違反行為の開始時にその時における価格（304円）で買付け等を自己の計算においてしたものとみなされる当該違反行為の開始時に所有している有価証券の数量10,400株を加えた13,400株であることから、 ア．当該違反行為に係る有価証券の売買対当数量（13,400株）に係るものについて、自己の計算による当該有価証券の売付け等の価額から、自己の計算による当該有価証券の買付け等の価額を控除した額 （有価証券の売付け等の価額：4,096,000円） －（有価証券の買付け等の価額：4,082,600円） ＝13,400円 イ．金融商品取引法第１７６条第２項の規定により、上記ア．で計算した額の１万円未満の端数を切捨て、10,000円となる。 (5)　令和２年４月１６日の取引について 当該違反行為に係る自己の計算による有価証券の売付け等の数量は、11,200株であり、当該違反行為に係る自己の計算による有価証券の買付け等の数量は、実際の買付け等の数量200株に、金融商品取引法第１７４条の２第８項及び金融商品取引法施行令第３３条の１３第１号の規定により、違反行為の開始時にその時における価格（301円）で買付け等を自己の計算においてしたものとみなされる当該違反行為の開始時に所有している有価証券の数量11,000株を加えた11,200株であることから、 ア．当該違反行為に係る有価証券の売買対当数量（11,200株）に係るものについて、自己の計算による当該有価証券の売付け等の価額から、自己の計算による当該有価証券の買付け等の価額を控除した額 （有価証券の売付け等の価額：3,382,400円） －（有価証券の買付け等の価額：3,371,400円） ＝11,000円 イ．金融商品取引法第１７６条第２項の規定により、上記ア．で計算した額の１万円未満の端数を切捨て、10,000円となる。 (6)　令和２年４月１７日の取引について 当該違反行為に係る自己の計算による有価証券の売付け等の数量は、20,800株であり、当該違反行為に係る自己の計算による有価証券の買付け等の数量は、実際の買付け等の数量1,100株に、金融商品取引法第１７４条の２第８項及び金融商品取引法施行令第３３条の１３第１号の規定により、違反行為の開始時にその時における価格（314円）で買付け等を自己の計算においてしたものとみなされる当該違反行為の開始時に所有している有価証券の数量19,700株を加えた20,800株であることから、 ア．当該違反行為に係る有価証券の売買対当数量（20,800株）に係るものについて、自己の計算による当該有価証券の売付け等の価額から、自己の計算による当該有価証券の買付け等の価額を控除した額 （有価証券の売付け等の価額：6,552,000円） －（有価証券の買付け等の価額：6,530,700円） ＝21,300円 イ．金融商品取引法第１７６条第２項の規定により、上記ア．で計算した額の１万円未満の端数を切捨て、20,000円となる。 (7)　令和２年４月２１日の取引について 当該違反行為に係る自己の計算による有価証券の売付け等の数量は、209,200株であり、当該違反行為に係る自己の計算による有価証券の買付け等の数量は、実際の買付け等の数量199,200株に、金融商品取引法第１７４条の２第８項及び金融商品取引法施行令第３３条の１３第１号の規定により、違反行為の開始時にその時における価格（309円）で買付け等を自己の計算においてしたものとみなされる当該違反行為の開始時に所有している有価証券の数量10,000株を加えた209,200株であることから、 ア．当該違反行為に係る有価証券の売買対当数量（209,200株）に係るものについて、自己の計算による当該有価証券の売付け等の価額から、自己の計算による当該有価証券の買付け等の価額を控除した額 （有価証券の売付け等の価額：64,440,400円） －（有価証券の買付け等の価額：64,339,100円） ＝101,300円 イ．金融商品取引法第１７６条第２項の規定により、上記ア．で計算した額の１万円未満の端数を切捨て、100,000円となる。 (8)　令和２年４月２２日の取引について 当該違反行為に係る自己の計算による有価証券の売付け等の数量は、43,000株であり、当該違反行為に係る自己の計算による有価証券の買付け等の数量は、実際の買付け等の数量16,000株に、金融商品取引法第１７４条の２第８項及び金融商品取引法施行令第３３条の１３第１号の規定により、違反行為の開始時にその時における価格（299円）で買付け等を自己の計算においてしたものとみなされる当該違反行為の開始時に所有している有価証券の数量27,000株を加えた43,000株であることから、 ア．当該違反行為に係る有価証券の売買対当数量（43,000株）に係るものについて、自己の計算による当該有価証券の売付け等の価額から、自己の計算による当該有価証券の買付け等の価額を控除した額 （有価証券の売付け等の価額：12,840,000円） －（有価証券の買付け等の価額：12,797,000円） ＝43,000円 イ．金融商品取引法第１７６条第２項の規定により、上記ア．で計算した額の１万円未満の端数を切捨て、40,000円となる。 (9)　令和２年４月２７日の取引について 当該違反行為に係る自己の計算による有価証券の売付け等の数量は、22,200株であり、当該違反行為に係る自己の計算による有価証券の買付け等の数量は、金融商品取引法第１７４条の２第８項及び金融商品取引法施行令第３３条の１３第１号の規定により、違反行為の開始時にその時における価格（309円）で買付け等を自己の計算においてしたものとみなされる当該違反行為の開始時に所有している有価証券の数量22,200株であることから、 ア．当該違反行為に係る有価証券の売買対当数量（22,200株）に係るものについて、自己の計算による当該有価証券の売付け等の価額から、自己の計算による当該有価証券の買付け等の価額を控除した額 （有価証券の売付け等の価額：6,882,000円） －（有価証券の買付け等の価額：6,859,800円） ＝22,200円 イ．金融商品取引法第１７６条第２項の規定により、上記ア．で計算した額の１万円未満の端数を切捨て、20,000円となる。 (10)　令和２年５月１日の取引について 当該違反行為に係る自己の計算による有価証券の売付け等の数量は、439,700株であり、当該違反行為に係る自己の計算による有価証券の買付け等の数量は、実際の買付け等の数量411,700株に、金融商品取引法第１７４条の２第８項及び金融商品取引法施行令第３３条の１３第１号の規定により、違反行為の開始時にその時における価格（335円）で買付け等を自己の計算においてしたものとみなされる当該違反行為の開始時に所有している有価証券の数量28,000株を加えた439,700株であることから、 ア．当該違反行為に係る有価証券の売買対当数量（439,700株）に係るものについて、自己の計算による当該有価証券の売付け等の価額から、自己の計算による当該有価証券の買付け等の価額を控除した額 （有価証券の売付け等の価額：147,075,300円） －（有価証券の買付け等の価額：147,024,500円） ＝50,800円 イ．金融商品取引法第１７６条第２項の規定により、上記ア．で計算した額の１万円未満の端数を切捨て、50,000円となる。 (11)　令和２年５月１５日の取引について 当該違反行為に係る自己の計算による有価証券の売付け等の数量は、91,200株であり、当該違反行為に係る自己の計算による有価証券の買付け等の数量は、実際の買付け等の数量59,200株に、金融商品取引法第１７４条の２第８項及び金融商品取引法施行令第３３条の１３第１号の規定により、違反行為の開始時にその時における価格（364円）で買付け等を自己の計算においてしたものとみなされる当該違反行為の開始時に所有している有価証券の数量32,000株を加えた91,200株であることから、 ア．当該違反行為に係る有価証券の売買対当数量（91,200株）に係るものについて、自己の計算による当該有価証券の売付け等の価額から、自己の計算による当該有価証券の買付け等の価額を控除した額 （有価証券の売付け等の価額：32,900,200円） －（有価証券の買付け等の価額：32,810,300円） ＝89,900円 イ．金融商品取引法第１７６条第２項の規定により、上記ア．で計算した額の１万円未満の端数を切捨て、80,000円となる。 (12)　令和２年５月２０日の取引について 当該違反行為に係る自己の計算による有価証券の売付け等の数量は、20,400株であり、当該違反行為に係る自己の計算による有価証券の買付け等の数量は、実際の買付け等の数量10,400株に、金融商品取引法第１７４条の２第８項及び金融商品取引法施行令第３３条の１３第１号の規定により、違反行為の開始時にその時における価格（377円）で買付け等を自己の計算においてしたものとみなされる当該違反行為の開始時に所有している有価証券の数量10,000株を加えた20,400株であることから、 ア．当該違反行為に係る有価証券の売買対当数量（20,400株）に係るものについて、自己の計算による当該有価証券の売付け等の価額から、自己の計算による当該有価証券の買付け等の価額を控除した額 （有価証券の売付け等の価額：7,808,700円） －（有価証券の買付け等の価額：7,773,300円） ＝35,400円 イ．金融商品取引法第１７６条第２項の規定により、上記ア．で計算した額の１万円未満の端数を切捨て、30,000円となる。 (13)　令和２年６月９日の取引について 当該違反行為に係る自己の計算による有価証券の売付け等の数量は、19,000株であり、当該違反行為に係る自己の計算による有価証券の買付け等の数量は、実際の買付け等の数量15,000株に、金融商品取引法第１７４条の２第８項及び金融商品取引法施行令第３３条の１３第１号の規定により、違反行為の開始時にその時における価格（475円）で買付け等を自己の計算においてしたものとみなされる当該違反行為の開始時に所有している有価証券の数量4,000株を加えた19,000株であることから、 ア．当該違反行為に係る有価証券の売買対当数量（19,000株）に係るものについて、自己の計算による当該有価証券の売付け等の価額から、自己の計算による当該有価証券の買付け等の価額を控除した額 （有価証券の売付け等の価額：9,059,000円） －（有価証券の買付け等の価額：9,046,000円） ＝13,000円 イ．金融商品取引法第１７６条第２項の規定により、上記ア．で計算した額の１万円未満の端数を切捨て、10,000円となる。 (14)　令和２年６月１０日の取引について 当該違反行為に係る自己の計算による有価証券の売付け等の数量は、304,200株であり、当該違反行為に係る自己の計算による有価証券の買付け等の数量は、実際の買付け等の数量280,100株に、金融商品取引法第１７４条の２第８項及び金融商品取引法施行令第３３条の１３第１号の規定により、違反行為の開始時にその時における価格（470円）で買付け等を自己の計算においてしたものとみなされる当該違反行為の開始時に所有している有価証券の数量24,100株を加えた304,200株であることから、 ア．当該違反行為に係る有価証券の売買対当数量（304,200株）に係るものについて、自己の計算による当該有価証券の売付け等の価額から、自己の計算による当該有価証券の買付け等の価額を控除した額 （有価証券の売付け等の価額：142,495,900円） －（有価証券の買付け等の価額：142,367,900円） ＝128,000円 イ．金融商品取引法第１７６条第２項の規定により、上記ア．で計算した額の１万円未満の端数を切捨て、120,000円となる。 (15)　令和２年６月１２日の取引について 当該違反行為に係る自己の計算による有価証券の売付け等の数量は、55,100株であり、当該違反行為に係る自己の計算による有価証券の買付け等の数量は、実際の買付け等の数量8,100株に、金融商品取引法第１７４条の２第８項及び金融商品取引法施行令第３３条の１３第１号の規定により、違反行為の開始時にその時における価格（409円）で買付け等を自己の計算においてしたものとみなされる当該違反行為の開始時に所有している有価証券の数量47,000株を加えた55,100株であることから、 ア．当該違反行為に係る有価証券の売買対当数量（55,100株）に係るものについて、自己の計算による当該有価証券の売付け等の価額から、自己の計算による当該有価証券の買付け等の価額を控除した額 （有価証券の売付け等の価額：22,865,400円） －（有価証券の買付け等の価額：22,628,200円） ＝237,200円 イ．金融商品取引法第１７６条第２項の規定により、上記ア．で計算した額の１万円未満の端数を切捨て、230,000円となる。 (16)　令和２年６月１５日の取引について 当該違反行為に係る自己の計算による有価証券の売付け等の数量は、11,000株であり、当該違反行為に係る自己の計算による有価証券の買付け等の数量は、金融商品取引法第１７４条の２第８項及び金融商品取引法施行令第３３条の１３第１号の規定により、違反行為の開始時にその時における価格（411円）で買付け等を自己の計算においてしたものとみなされる当該違反行為の開始時に所有している有価証券の数量11,000株であることから、 ア．当該違反行為に係る有価証券の売買対当数量（11,000株）に係るものについて、自己の計算による当該有価証券の売付け等の価額から、自己の計算による当該有価証券の買付け等の価額を控除した額 （有価証券の売付け等の価額：4,532,000円） －（有価証券の買付け等の価額：4,521,000円） ＝11,000円 イ．金融商品取引法第１７６条第２項の規定により、上記ア．で計算した額の１万円未満の端数を切捨て、10,000円となる。 (17)　令和２年６月１７日の取引について 当該違反行為に係る自己の計算による有価証券の売付け等の数量は、61,600株であり、当該違反行為に係る自己の計算による有価証券の買付け等の数量は、実際の買付け等の数量41,600株に、金融商品取引法第１７４条の２第８項及び金融商品取引法施行令第３３条の１３第１号の規定により、違反行為の開始時にその時における価格（429円）で買付け等を自己の計算においてしたものとみなされる当該違反行為の開始時に所有している有価証券の数量20,000株を加えた61,600株であることから、 ア．当該違反行為に係る有価証券の売買対当数量（61,600株）に係るものについて、自己の計算による当該有価証券の売付け等の価額から、自己の計算による当該有価証券の買付け等の価額を控除した額 （有価証券の売付け等の価額：26,345,600円） －（有価証券の買付け等の価額：26,273,500円） ＝72,100円 イ．金融商品取引法第１７６条第２項の規定により、上記ア．で計算した額の１万円未満の端数を切捨て、70,000円となる。 (18)　令和２年６月１８日の取引について 当該違反行為に係る自己の計算による有価証券の売付け等の数量は、184,100株であり、当該違反行為に係る自己の計算による有価証券の買付け等の数量は、実際の買付け等の数量165,100株に、金融商品取引法第１７４条の２第８項及び金融商品取引法施行令第３３条の１３第１号の規定により、違反行為の開始時にその時における価格（419円）で買付け等を自己の計算においてしたものとみなされる当該違反行為の開始時に所有している有価証券の数量19,000株を加えた184,100株であることから、 ア．当該違反行為に係る有価証券の売買対当数量（184,100株）に係るものについて、自己の計算による当該有価証券の売付け等の価額から、自己の計算による当該有価証券の買付け等の価額を控除した額 （有価証券の売付け等の価額：76,737,000円） －（有価証券の買付け等の価額：76,684,400円） ＝52,600円 イ．金融商品取引法第１７６条第２項の規定により、上記ア．で計算した額の１万円未満の端数を切捨て、50,000円となる。 ３． 別表２ に掲げるツカダ・グローバルホールディング株式に係る取引 (1)　当該違反行為に係る自己の計算による有価証券の売付け等の数量は、46,500株であり、当該違反行為に係る自己の計算による有価証券の買付け等の数量は、実際の買付け等の数量75,000株に、金融商品取引法第１７４条の２第８項及び金融商品取引法施行令第３３条の１３第１号の規定により、違反行為の開始時にその時における価格（404円）で買付け等を自己の計算においてしたものとみなされる当該違反行為の開始時に所有している有価証券の数量10,100株を加えた85,100株であることから、 ア．当該違反行為に係る有価証券の売買対当数量（46,500株）に係るものについて、自己の計算による当該有価証券の売付け等の価額から、自己の計算による当該有価証券の買付け等の価額を控除した額 （有価証券の売付け等の価額：18,780,200円） －（有価証券の買付け等の価額：18,812,400円） ＝－32,200円 及び イ．当該違反行為に係る自己の計算による有価証券の買付け等の数量（85,100株）が、当該違反行為に係る自己の計算による有価証券の売付け等の数量（46,500株）を超えていることから、当該違反行為が終了してから１月を経過するまでの間の各日における当該違反行為に係る有価証券の売付け等についての金融商品取引法第６７条の１９又は第１３０条に規定する最高の価格のうち最も高い価格（435円）に当該超える数量38,600株（買付け等の数量85,100株－売付け等の数量46,500株）を乗じて得た額（ａ）から、当該超える数量に係る有価証券の買付け等の価額（ｂ）を控除した額 （a：16,791,000円）－（b：15,500,000円） ＝1,291,000円 の合計額が1,258,800円となる。 (2)　 金融商品取引法第１７６条第２項の規定により、上記ア．で計算した額の１万円未満の端数を切捨て、1,250,000円となる。 ４．上記２．及び３．により算定した額の合計 ２．の合計額900,000円　＋　３．の額1,250,000円＝2,150,000円　となる。 ※　各違反行為期間における売付け等の価額及び買付け等の価額の詳細については、 別表３ を参照。 別表３（PDF）"
2022-06-28,,,令和２年度「証券取引等監視委員会の活動状況」の訂正について,https://www.fsa.go.jp/sesc/reports/n_2021/20220628-1.html,令和４年６月28日 証券取引等監視委員会 「証券取引等監視委員会の活動状況の公表について（令和３年６月30日付）」の訂正について 令和３年６月30日付公表資料（ 証券取引等監視委員会の活動状況の公表について ）について、別紙のとおり、誤りがありましたので、お詫びのうえ訂正致します。 なお、現在、ウェブサイトに掲載している資料は、訂正後のものとなっています。 （別紙） 正誤表 （PDF：133KB）
2022-06-24,受託する証券会社・投資銀行,,「金融商品取引法における課徴金事例集～不公正取引編～」の公表について,https://www.fsa.go.jp/sesc/jirei/torichou/20220624.html,"令和４年６月２4日 証券取引等監視委員会 「金融商品取引法における課徴金事例集～不公正取引編～」の公表について 証券取引等監視委員会は、令和3年度版の「 金融商品取引法における課徴金事例集～不公正取引編～ （PDF:6,509KB） 」を取りまとめましたので、公表します。 本書は、証券取引等監視委員会（以下、「証券監視委」という。）が、主に令和3年4月から令和4年3月までの間に、金融商品取引法違反となる不公正取引に関し課徴金納付命令の勧告を行った事案の概要を取りまとめ、事例として紹介するものです。各事例において、勧告することの意義や特徴等も記載しています。 証券監視委としては、不公正取引の未然防止という観点から、本書を、 （１）重要事実等の発生源となる上場会社等におけるインサイダー取引管理態勢の一層の充実 （２）公開買付け等企業再編の当事者からフィナンシャル・アドバイザリー業務等を受託する証券会社・投資銀行等における重要事実等の情報管理の徹底 （３）証券市場のゲートキーパーとしての役割を担う証券会社における適正な売買審査の実施 のためにそれぞれ役立てていただくことを期待しています。 本書が活用されることにより、すべての市場利用者による自己規律の強化、市場の公正性・透明性の確保及び投資者保護につながることを強く期待しています。 過去の課徴金事例集はこちら"
2022-06-28,株式会社京写,6837,京写株式に係る相場操縦に対する課徴金納付命令の勧告について,https://www.fsa.go.jp/sesc/news/c_2022/2022/20220628-1.html,"English version 令和４年6月28日 証券取引等監視委員会 京写株式に係る相場操縦に対する課徴金納付命令の勧告について １．勧告の内容 証券取引等監視委員会は、京写株式に係る相場操縦について検査した結果、下記のとおり法令違反の事実が認められたので、本日、内閣総理大臣及び金融庁長官に対して、金融庁設置法第２０条第１項の規定に基づき、課徴金納付命令を発出するよう勧告を行った。 ２．法令違反の事実関係 課徴金納付命令対象者は、株式会社京写の株式につき、同株式の売買を誘引する目的をもって、別表１記載のとおり、令和２年５月２１日午後０時４６分頃から同年６月１日午後２時１８分頃までの間、８取引日にわたり、自己名義及び親族名義で、直前の約定値より高い指値の買い注文を発注して、他の投資者が発注した売り注文を買い付けることにより直前の約定値より株価を引き上げたり、自身が発注した売り注文に対し買い注文を発注して対当させたり、最良買い気配近辺や下値に複数の買い注文を発注するなどの方法により、同株式合計２７万７３００株の買付けの委託を行うとともに、同株式合計４１万６９００株を買い付ける一方、同株式合計２３万４９００株を売り付け、もって、自己の計算において、同株式の売買が繁盛であると誤解させ、かつ、同株式の相場を変動させるべき一連の売買及び委託をしたものである。 違反行為事実の概要については、 別図 のとおり。 課徴金納付命令対象者が行った上記の行為は、金融商品取引法第１７４条の２第１項に規定する「第１５９条第２項第１号の規定に違反する一連の有価証券売買等」に該当すると認められる。 ３．課徴金の額の計算 上記の違反行為に対し金融商品取引法に基づき納付を命じられる課徴金の額は、４１５万円である。 計算方法の詳細については、 別紙 のとおり。 ４．その他 本件については、日本取引所自主規制法人より提供された情報等を参考として、実態解明を行ったものである。 （別表１） ○違反行為状況 （クリックすると拡大されます） （別図） ○違反行為事実の概要について （クリックすると拡大されます） （別紙） ○課徴金の額の計算方法について １． 別表１ の違反行為に係る課徴金の額の計算の基礎は以下のとおりである。 (1)　金融商品取引法第１７４条の２第１項の規定により、当該違反行為に係る課徴金の額は、 ア．当該違反行為に係る有価証券の売買対当数量に係るものについて、自己の計算による当該有価証券の売付け等の価額から、自己の計算による当該有価証券の買付け等の価額を控除した額 及び イ．当該違反行為に係る自己の計算による有価証券の買付け等の数量が、当該違反行為に係る自己の計算による有価証券の売付け等の数量を超える場合、当該違反行為が終了してから１月を経過するまでの間の各日における当該違反行為に係る有価証券の売付け等についての金融商品取引法第６７条の１９又は第１３０条に規定する最高の価格のうち最も高い価格に当該超える数量を乗じて得た額から当該超える数量に係る有価証券の買付け等の価額を控除した額 の合計額として算定。 (2)　上記(1)で算定された課徴金の額につき、金融商品取引法第１７６条第２項の規定により１万円未満の端数を切り捨てて算定。 ２． 別表１ に掲げる京写株式に係る取引 (1)　当該違反行為に係る自己の計算による有価証券の売付け等の数量は、234,900株であり、当該違反行為に係る自己の計算による有価証券の買付け等の数量は、実際の買付け等の数量416,900株に、金融商品取引法第１７４条の２第８項及び金融商品取引法施行令第３３条の１３第１号の規定により、違反行為の開始時にその時における価格（256円）で買付け等を自己の計算においてしたものとみなされる当該違反行為の開始時に所有している有価証券の数量9,700株を加えた426,600株であることから、 ア．当該違反行為に係る有価証券の売買対当数量（234,900株）に係るものについて、自己の計算による当該有価証券の売付け等の価額から、自己の計算による当該有価証券の買付け等の価額を控除した額 （有価証券の売付け等の価額：66,176,700円） －（有価証券の買付け等の価額：64,571,900円） ＝1,604,800円 及び イ．当該違反行為に係る自己の計算による有価証券の買付け等の数量（426,600株）が、当該違反行為に係る自己の計算による有価証券の売付け等の数量（234,900株）を超えていることから、当該違反行為が終了してから１月を経過するまでの間の各日における当該違反行為に係る有価証券の売付け等についての金融商品取引法第６７条の１９又は第１３０条に規定する最高の価格のうち最も高い価格（297円）に当該超える数量191,700株（買付け等の数量426,600株－売付け等の数量234,900株）を乗じて得た額（ａ）から、当該超える数量に係る有価証券の買付け等の価額（ｂ）を控除した額 （ａ：56,934,900円）－（ｂ：54,382,290円） ＝2,552,610円 の合計額4,157,410円となる。 (2)　金融商品取引法第１７６条第２項の規定により、上記（1）で計算した額の１万円未満の端数を切捨て、4,150,000円となる。 ※　違反行為に係る売付け等の価額及び買付け等の価額の詳細については、 別表２ を参照。 別表２（PDF）"
2022-06-28,,,令和３年度「証券取引等監視委員会の活動状況」の公表について,https://www.fsa.go.jp/sesc/reports/n_2021/n_2021.html,"令和４年６月28日 証券取引等監視委員会 証券取引等監視委員会の活動状況の公表について 証券取引等監視委員会（以下「証券監視委」という。）は、金融庁設置法第22条の規定に基づき、毎年、活動状況等を公表しています。今回は、その30回目として、令和３年度（令和３年4月1日～令和４年3月31日）の「証券取引等監視委員会の活動状況」を公表します。 公表内容の主な記載内容 １．令和３年度の活動概要 ・潜在的なリスクに着目した情報収集・分析を行うなど、タイムリーな市場監視 ・金融商品取引業者に対するリスクアセスメントを踏まえた検査 ・課徴金制度の活用による迅速・効率的な調査・検査と、重大・悪質事案に対する厳正な対処 ・根本原因の把握と、再発防止・未然防止のための対話・情報発信 ２．犯則事件の調査、告発 ・犯則事件の告発件数は８件（内部者取引事件５件、相場操縦事件１件、偽計事件２件） ・公正・透明な市場の実現に向け、犯則調査の権限を適切に行使し、重大で悪質な不公正取引等に厳正に対応 ３．不公正取引の情報収集・調査・課徴金勧告 ・インサイダー取引規制違反 勧告件数は６件（うち、クロスボーダー事案は１件）。 上場会社の役員が内部情報を知得できる立場にあったことを悪用し、インサイダー取引を繰り返し行った事案を勧告。 公開買付け等事実や業務提携を重要事実とする勧告件数が多い。 ・相場操縦規制違反 勧告件数は６件（うち、クロスボーダー事案は１件）。 売り見せ玉と買い見せ玉を繰り返すことにより株価を人為的に変動させたり、店頭デリバティブ取引である証券CFD取引を行うことにより、市場において見せ玉を行うなど、相場操縦の手口は複雑化・巧妙化。 過去５年以内に課徴金納付命令を受けた者が、再度違反行為を行った事案を複数勧告。 ４．開示規制違反の情報収集・検査・課徴金勧告 ・開示規制違反の勧告件数は５件（うち、１件は訂正報告書の提出命令勧告を併せて実施） ・以下のような事案について勧告を実施 架空循環取引による売上の過大計上等の不適正な会計処理が行われた事案。 売上の架空計上及び売上の前倒し計上等の不適正な会計処理が行われた事案。 ・開示規制違反の再発防止・未然防止の観点から、上場会社の経営陣とその背景・原因等について議論し、問題意識を共有 ５．金商業者等に対する証券モニタリング ・規模・業態を踏まえたリスクアセスメントを実施 規模業態別の業務運営上の課題及びリスクを取りまとめ。 ・リスクアセスメントに応じた検査を実施 46件着手、２件の行政処分勧告。 ・実効性ある内部管理態勢の構築等を促す取組みを実施 「留意すべき事項（問題は顕在化していないものの改善が必要な事項）」を検査終了通知書に記載し、問題意識をモニタリング先と共有。 ６．金商法違反行為に対する裁判所の禁止命令等発出の申立て ・裁判所への禁止・停止命令の申立て 投資者被害拡大防止のため、裁判所へ無登録業者による金融商品取引法違反行為の禁止・停止命令発出を求める申立てを実施。 ・関係機関との連携強化 金融庁関連部局、各財務局、捜査当局及び消費者庁等との連携を強化。 ７．監視を支えるインフラの整備（デジタライゼーション、人材） ・既存のシステムインフラの見直しや整備を通じた、市場監視業務の高度化・効率化の推進 （例）金融機関に対する預貯金照会サービス利用の実証実験の実施（令和４年１月～３月） ・市場監視の土台となるシステム等の機能強化 ・デジタルフォレンジック技術の一層の向上及びシステムの高度化 ・OJTを通じた職員の専門性向上や高い専門的知識を有する人材の登用 ８．市場規律強化に向けた取組み ・事案の意義や問題点等を情報発信 個別の勧告事案等の公表、課徴金事例集等について積極的に寄稿や講演を実施。 各ステークホルダーに向けたメッセージを「監視委コラム」に記載（令和３年度年次公表）。 ・自主規制機関との連携 売買審査などで日常的に連携。 定期的な意見交換により相互の問題意識をタイムリーに共有。 ・海外当局との連携 世界233機関が加盟する証券監督者国際機構（IOSCO）において、証券規制の国際的調和や規制当局間の相互協力を目指す議論に積極的に参加。 IOSCO MMoUに基づく海外当局との情報交換により、クロスボーダー取引による違反行為に対して迅速な法執行を実施。 海外当局職員への研修実施、海外当局主催オンライン研修への参加等により、当局間ネットワークの強化や問題意識を共有。 「証券取引等監視委員会の活動状況」の本文へ 全体版（PDF/36,646KB） 主なポイント（PDF/1,823KB） サマリー（PDF/920KB） 本編（PDF/11,944KB） 附属資料編（PDF/27,259KB） サマリーの英語版（PDF/315KB） （仮訳） ポイントの英語版（PDF/1,103KB） （仮訳）"
2022-06-23,アジャイルメディア・ネットワーク株式会社,6573,アジャイルメディア・ネットワーク株式会社における有価証券報告書等の虚偽記載に係る課徴金納付命令勧告について,https://www.fsa.go.jp/sesc/news/c_2022/2022/20220623-1.html,"English version 令和４年６月23日 証券取引等監視委員会 アジャイルメディア・ネットワーク株式会社における有価証券報告書等の虚偽記載に係る課徴金納付命令勧告について １．勧告の内容 証券取引等監視委員会は、アジャイルメディア・ネットワーク株式会社（法人番号6011001056801）（以下「当社」という。）における金融商品取引法に基づく開示規制の違反について検査した結果、以下のとおり法令違反の事実が認められたので、本日、内閣総理大臣及び金融庁長官に対して、金融庁設置法第20条第１項の規定に基づき、課徴金納付命令を発出するよう勧告を行った。 ２．法令違反の事実関係 （１）継続開示書類 当社は、架空取引による売上の過大計上、販売費及び一般管理費の過少計上及びソフトウェア仮勘定の過大計上等の不適正な会計処理を行った。 この結果、当社は、関東財務局長に対し、金融商品取引法第172 条の４第１項及び第２項に規定する「重要な事項につき虚偽の記載」がある以下の有価証券報告書、四半期報告書及び有価証券報告書等の訂正報告書を提出した（「重要な事項につき虚偽の記載」の内容は別紙１の表の番号１から番号22のとおり）。 ・平成30年３月第１四半期四半期報告書（平成30年５月11日提出） ・平成30年６月第２四半期四半期報告書（平成30年８月13日提出） ・平成30年６月第２四半期四半期報告書の訂正報告書（令和３年７月14日提出） ・平成30年９月第３四半期四半期報告書（平成30年11月12日提出） ・平成30年９月第３四半期四半期報告書の訂正報告書（令和３年７月14日提出） ・平成30年12月期有価証券報告書（平成31年３月29日提出） ・平成30年12月期有価証券報告書の訂正報告書（令和３年７月14日提出） ・平成31年３月第１四半期四半期報告書（令和元年５月15日提出） ・令和元年６月第２四半期四半期報告書（令和元年８月13日提出） ・令和元年９月第３四半期四半期報告書（令和元年11月13日提出） ・令和元年12月期有価証券報告書（令和２年３月30日提出） ・令和元年12月期有価証券報告書の訂正報告書（令和３年７月14日提出） ・令和２年３月第１四半期四半期報告書（令和２年６月18日提出） ・令和２年３月第１四半期四半期報告書の訂正報告書（令和３年７月14日提出） ・令和２年６月第２四半期四半期報告書（令和２年８月12日提出） ・令和２年６月第２四半期四半期報告書の訂正報告書（令和３年７月14日提出） ・令和２年９月第３四半期四半期報告書（令和２年11月13日提出） ・令和２年９月第３四半期四半期報告書の訂正報告書（令和３年７月14日提出） ・令和２年12月期有価証券報告書（令和３年３月29日提出） ・令和２年12月期有価証券報告書の訂正報告書（令和３年７月14日提出） ・令和３年６月第２四半期四半期報告書（令和３年８月16日提出） ・令和３年９月第３四半期四半期報告書（令和３年11月12日提出） （２）発行開示書類 ア　当社は、関東財務局長に対し、令和２年６月18日、上記（１）の重要な事項につき虚偽の記載がある令和元年12月期有価証券報告書及び令和２年３月第１四半期四半期報告書を組込情報とする金融商品取引法第172 条の２第１項に規定する「重要な事項につき虚偽の記載」がある有価証券届出書（株券及び新株予約権証券の募集）を提出し、当該有価証券届出書に基づく募集により、令和２年７月６ 日、132,700株の株券及び3,979個の新株予約権証券を402,380,220円（当該新株予約権の行使に際して払い込むべき金額を含む）で取得させた（「重要な事項につき虚偽の記載」の内容は別紙１の表の番号23のとおり）。 イ　当社は、関東財務局長に対し、令和３年12月14日、金融商品取引法第172条の２第１項に規定する「重要な事項につき虚偽の記載」がある有価証券届出書（株券の募集）を提出し、令和３年12月30日、500,000株の株券を 203,500,000円で取得させた（「重要な事項につき虚偽の記載」の内容は別紙１の表の番号24 のとおり）。 ３．課徴金の額の計算 上記の違法行為について金融商品取引法に基づき算定される課徴金の額は、8,425万円である（計算方法については別紙２のとおり）。 【別紙１】有価証券報告書等の虚偽記載内容 番号 対象書類 虚偽記載 提出日 書類 会計期間 記載項目 主な内容（注） 主な事由 １ 平成30年５月11日 第12期第１四半期（平成30年１月１日～同年３月31日）に係る四半期報告書 平成30年１月１日～同年３月31日の第１四半期連結累計期間 四半期連結 損益計算書 親会社株主に帰属する四半期純利益が ▲6,390千円であるところを2,934千円と記載 販売費及び一般管理費の過少計上 ２ 平成30年８月13日 第12期第２四半期（平成30年４月１日～同年６月30日）に係る四半期報告書 平成30年１月１日～同年６月30日の第２四半期連結累計期間 四半期連結 損益計算書 親会社株主に帰属する四半期純利益が ▲3,035千円であるところを12,355千円と記載 販売費及び一般管理費の過少計上 ３ 令和３年７月14日 第12期第２四半期（平成30年４月１日～同年６月30日）に係る四半期報告書の訂正報告書 平成30年１月１日～同年６月30日の第２四半期連結累計期間 四半期連結 損益計算書 親会社株主に帰属する四半期純利益が ▲3,035千円であるところを7,672千円と記載 販売費及び一般管理費の過少計上 ４ 平成30年11月12日 第12期第３四半期（平成30年７月１日～同年９月30日）に係る四半期報告書 平成30年１月１日～同年９月30日の第３四半期連結累計期間 四半期連結 損益計算書 親会社株主に帰属する四半期純利益が ▲18,655千円であるところを24,754千円と記載 販売費及び一般管理費の過少計上 ５ 令和３年７月14日 第12期第３四半期（平成30年７月１日～同年９月30日）に係る四半期報告書の訂正報告書 平成30年１月１日～同年９月30日の第３四半期連結累計期間 四半期連結 損益計算書 親会社株主に帰属する四半期純利益が ▲18,655千円であるところを▲2,738千円と記載 販売費及び一般管理費の過少計上 ６ 平成31年３月29日 第12期（平成30年１月１日～同年12月31日）に係る有価証券報告書 平成30年１月１日～同年12月31日の連結会計期間 連結 損益計算書 親会社株主に帰属する当期純利益が ▲64,345千円であるところを79,959千円と記載 売上の過大計上、販売費及び一般管理費の過少計上 ７ 令和３年７月14日 第12期（平成30年１月１日～同年12月31日）に係る有価証券報告書の訂正報告書 平成30年１月１日～同年12月31日の連結会計期間 連結 損益計算書 親会社株主に帰属する当期純利益が ▲64,345千円であるところを26,703千円と記載 売上の過大計上、販売費及び一般管理費の過少計上 ８ 令和元年５月15日 第13期第１四半期（平成31年１月１日～同年３月31日）に係る四半期報告書 平成31年１月１日～同年３月31日の第１四半期連結累計期間 四半期連結 損益計算書 親会社株主に帰属する四半期純利益が ▲64,346千円であるところを▲15,905千円と記載 貸倒引当金繰入額の不計上 平成31年１月１日～同年３月31日の第１四半期連結会計期間 四半期連結 貸借対照表 連結純資産額が499,116千円であるところを684,473千円と記載 ９ 令和元年８月13日 第13期第２四半期（平成31年４月１日～令和元年６月30日）に係る四半期報告書 平成31年１月１日～令和元年６月30日の第２四半期連結累計期間 四半期連結 損益計算書 親会社株主に帰属する四半期純利益が ▲153,035千円であるところを▲64,785千円と記載 貸倒引当金繰入額の不計上 平成31年４月１日～令和元年６月30日の第２四半期連結会計期間 四半期連結 貸借対照表 連結純資産額が425,607千円であるところを650,773千円と記載 10 令和元年11月13日 第13期第３四半期（令和元年７月１日～同年９月30日）に係る四半期報告書 平成31年１月１日～令和元年９月30日の第３四半期連結累計期間 四半期連結 損益計算書 親会社株主に帰属する四半期純利益が ▲206,520千円であるところを▲93,154千円と記載 貸倒引当金繰入額の不計上 令和元年７月１日～同年９月30日の第３四半期連結会計期間 四半期連結 貸借対照表 連結純資産額が374,563千円であるところを624,844千円と記載 11 令和２年３月30日 第13期（平成31年１月１日～令和元年12月31日）に係る有価証券報告書 平成31年１月１日～令和元年12月31日の連結会計期間 連結 損益計算書 親会社株主に帰属する当期純利益が ▲374,257千円であるところを▲192,960千円と記載 貸倒引当金繰入額の不計上、減損損失の不計上 連結 貸借対照表 連結純資産額が209,258千円であるところを527,470千円と記載 12 令和３年７月14日 第13期（平成31年１月１日～令和元年12月31日）に係る有価証券報告書の訂正報告書 平成31年１月１日～令和元年12月31日の連結会計期間 連結 損益計算書 親会社株主に帰属する当期純利益が ▲374,257千円であるところを▲355,756千円と記載 減損損失の不計上 連結 貸借対照表 連結純資産額が209,258千円であるところを311,418千円と記載 13 令和２年６月18日 第14期第１四半期（令和２年１月１日～同年３月31日）に係る四半期報告書 令和２年１月１日～同年３月31日の第１四半期連結会計期間 四半期連結 貸借対照表 連結純資産額が145,980千円であるところを479,822千円と記載 貸倒引当金繰入額の不計上、販売費及び一般管理費の過少計上 14 令和３年７月14日 第14期第１四半期（令和２年１月１日～同年３月31日）に係る四半期報告書の訂正報告書 令和２年１月１日～同年３月31日の第１四半期連結会計期間 四半期連結 貸借対照表 連結純資産額が145,980千円であるところを246,249千円と記載 減損損失の不計上 15 令和２年８月12日 第14期第２四半期（令和２年４月１日～同年６月30日）に係る四半期報告書 令和２年１月１日～同年６月30日の第２四半期累計期間 四半期連結 損益計算書 親会社株主に帰属する四半期純利益が ▲131,819千円であるところを▲109,257千円と記載 貸倒引当金繰入額の不計上 令和２年４月１日～同年６月30日の第２四半期連結会計期間 四半期連結 貸借対照表 連結純資産額が80,232千円であるところを421,004千円と記載 16 令和３年７月14日 第14期第２四半期（令和２年４月１日～同年６月30日）に係る四半期報告書の訂正報告書 令和２年４月１日～同年６月30日の第２四半期連結会計期間 四半期連結 貸借対照表 連結純資産額が80,232千円であるところを182,932千円と記載 減損損失の不計上 17 令和２年11月13日 第14期第３四半期（令和２年７月１日～同年９月30日）に係る四半期報告書 令和２年１月１日～同年９月30日の第３四半期累計期間 四半期連結 損益計算書 親会社株主に帰属する四半期純利益が ▲271,158千円であるところを▲227,990千円と記載 貸倒引当金繰入額の不計上 令和２年７月１日～同年９月30日の第３四半期連結会計期間 四半期連結 貸借対照表 連結純資産額が243,199千円であるところを604,580千円と記載 18 令和３年７月14日 第14期第３四半期（令和２年７月１日～同年９月30日）に係る四半期報告書の訂正報告書 令和２年７月１日～同年９月30日の第３四半期連結会計期間 四半期連結 貸借対照表 連結純資産額が243,199千円であるところを346,590千円と記載 減損損失の不計上 19 令和３年３月29日 第14期（令和２年１月１日～同年12月31日）に係る有価証券報告書 令和２年１月１日～同年12月31日の連結会計期間 連結 損益計算書 親会社株主に帰属する当期純利益が ▲345,405千円であるところを▲307,544千円と記載 貸倒引当金繰入額の不計上 連結 貸借対照表 連結純資産額が168,525千円であるところを525,162千円と記載 20 令和３年７月14日 第14期（令和２年１月１日～同年12月31日）に係る有価証券報告書の訂正報告書 令和２年１月１日～同年12月31日の連結会計期間 連結 貸借対照表 連結純資産額が168,525千円であるところを268,212千円と記載 減損損失の不計上 21 令和３年８月16日 第15期第２四半期（令和３年４月１日～同年６月30日）に係る四半期報告書 令和３年４月１日～同年６月30日の第２四半期連結会計期間 四半期連結 貸借対照表 連結純資産額が ▲14,166千円であるところを▲9,173千円と記載 貸倒引当金繰入額の不計上 22 令和３年11月12日 第15期第３四半期（令和３年７月１日～同年９月30日）に係る四半期報告書 令和３年７月１日～同年９月30日の第３四半期連結会計期間 四半期連結 貸借対照表 連結純資産額が ▲40,006千円であるところを▲33,115千円と記載 貸倒引当金繰入額の不計上 23 令和２年６月18日 有価証券届出書（株券及び新株予約権証券の募集） 「第四部組込情報」 番号11に掲げる第13期に係る有価証券報告書及び番号13に掲げる第14期第１四半期に係る四半期報告書を組込 番号11及び番号13参照 24 令和３年12月14日 有価証券届出書（株券の募集） 令和２年１月１日～同年12月31日の連結会計期間 連結 貸借対照表 連結純資産額が168,525千円であるところを268,212千円と記載 減損損失の不計上 令和３年７月１日～同年９月30日の第３四半期連結会計期間 四半期連結 貸借対照表 連結純資産額が ▲40,006千円であるところを▲33,115千円と記載 貸倒引当金繰入額の不計上 （注）金額は千円未満切捨てである。 【別紙２】課徴金の計算方法 （１）　金融商品取引法第172条の４第１項及び第２項の規定により、平成30年３月第１四半期四半期報告書、平成30年６月第２四半期四半期報告書、平成30年９月第３四半期四半期報告書及び平成30年12月期有価証券報告書ごとに算出した額（以下（１）において「個別決定ごとの算出額」という。）は、 ア　当社が発行する算定基準有価証券の市場価額の総額に10万分の６を乗じて得た額 ・平成30年３月第１四半期四半期報告書に係る額　　  587,030円 ・平成30年６月第２四半期四半期報告書に係る額　 　 411,062円 ・平成30年９月第３四半期四半期報告書に係る額    　 295,777円 ・平成30年12月期有価証券報告書に係る額　　　　 　320,853円 が、いずれも イ　6,000,000円 を超えないことから、 ・平成30年３月第１四半期四半期報告書については、6,000,000円の２分の１に相当する額である3,000,000円 ・平成30年６月第２四半期四半期報告書については、6,000,000円の２分の１に相当する額である3,000,000円 ・平成30年９月第３四半期四半期報告書については、6,000,000円の２分の１に相当する額である3,000,000円 ・平成30年12月期有価証券報告書については、6,000,000円 となる。 ここで、これらの開示書類が同一の事業年度に係るものであることから、金融商品取引法第185条の７第６項の規定により、6,000,000円を個別決定ごとの算出額に応じて按分した下記の金額が、これらの開示書類に係る課徴金の額となる。 ・平成30年３月第１四半期四半期報告書に係る課徴金の額は、1,200,000円 ・平成30年６月第２四半期四半期報告書に係る課徴金の額は、1,200,000円 ・平成30年９月第３四半期四半期報告書に係る課徴金の額は、1,200,000円 ・平成30年12月期有価証券報告書に係る課徴金の額は、2,400,000円 （２）　金融商品取引法第172条の４第１項及び第２項の規定により、平成30年６月第２四半期四半期報告書、平成30年９月第３四半期四半期報告書及び平成30年12月期有価証券報告書に係る令和３年７月14日提出の訂正報告書について算出した額は、 ア　当社が発行する算定基準有価証券の市場価額の総額に10万分の６を乗じて得た額 ・平成30年６月第２四半期四半期報告書の訂正報告書に係る額　 　411,062円 ・平成30年９月第３四半期四半期報告書の訂正報告書に係る額       295,777円 ・平成30年12月期有価証券報告書の訂正報告書に係る額　　　　   320,853円 が、いずれも イ　6,000,000円 を超えないことから、 ・平成30年６月第２四半期四半期報告書の訂正報告書に係る課徴金の額は、6,000,000円の２分の１に相当する額である3,000,000円 ・平成30年９月第３四半期四半期報告書の訂正報告書に係る課徴金の額は、6,000,000円の２分の１に相当する額である3,000,000円 ・平成30年12月期有価証券報告書の訂正報告書に係る課徴金の額は、6,000,000円 となる。 （３）　金融商品取引法第172条の４第１項及び第２項の規定により、平成31年３月第１四半期四半期報告書、令和元年６月第２四半期四半期報告書、令和元年９月第３四半期四半期報告書及び令和元年12月期有価証券報告書ごとに算出した額（以下（３）において「個別決定ごとの算出額」という。）は、 ア　当社が発行する算定基準有価証券の市場価額の総額に10万分の６を乗じて得た額 ・平成31年３月第１四半期四半期報告書に係る額　　  150,789円 ・令和元年６月第２四半期四半期報告書に係る額 　 　 134,968円 ・令和元年９月第３四半期四半期報告書に係る額         131,190円 ・令和元年12月期有価証券報告書に係る額　　　　     132,339円 が、いずれも イ　6,000,000円 を超えないことから、 ・平成31年３月第１四半期四半期報告書については、6,000,000円の２分の１に相当する額である3,000,000円 ・令和元年６月第２四半期四半期報告書については、6,000,000円の２分の１に相当する額である3,000,000円 ・令和元年９月第３四半期四半期報告書については、6,000,000円の２分の１に相当する額である3,000,000円 ・令和元年12月期有価証券報告書については、6,000,000円 となる。 ここで、これらの開示書類が同一の事業年度に係るものであることから、金融商品取引法第185条の７第６項の規定により、6,000,000円を個別決定ごとの算出額に応じて按分した下記の金額が、これらの開示書類に係る課徴金の額となる。 ・平成31年３月第１四半期四半期報告書に係る課徴金の額は、1,200,000円 ・令和元年６月第２四半期四半期報告書に係る課徴金の額は、1,200,000円 ・令和元年９月第３四半期四半期報告書に係る課徴金の額は、1,200,000円 ・令和元年12月期有価証券報告書に係る課徴金の額は、2,400,000円 （４）　金融商品取引法第172条の４第１項の規定により、令和元年12月期有価証券報告書に係る令和３年７月14日提出の訂正報告書について算出した課徴金の額は、当社が発行する算定基準有価証券の市場価額の総額に10万分の６を乗じて得た額132,339円が、6,000,000円を超えないことから、6,000,000円となる。 （５）　金融商品取引法第172条の４第１項及び第２項の規定により、令和２年３月第１四半期四半期報告書、令和２年６月第２四半期四半期報告書、令和２年９月第３四半期四半期報告書及び令和２年12月期有価証券報告書ごとに算出した額（以下（５）において「個別決定ごとの算出額」という。）は、 ア　当社が発行する算定基準有価証券の市場価額の総額に10万分の６を乗じて得た額 ・令和２年３月第１四半期四半期報告書に係る額　  　  91,200円 ・令和２年６月第２四半期四半期報告書に係る額 　  　 86,744円 ・令和２年９月第３四半期四半期報告書に係る額        124,365円 ・令和２年12月期有価証券報告書に係る額　　　　    100,280円 が、いずれも イ　6,000,000円 を超えないことから、 ・令和２年３月第１四半期四半期報告書については、6,000,000円の２分の１に相当する額である3,000,000円 ・令和２年６月第２四半期四半期報告書については、6,000,000円の２分の１に相当する額である3,000,000円 ・令和２年９月第３四半期四半期報告書については、6,000,000円の２分の１に相当する額である3,000,000円 ・令和２年12月期有価証券報告書については、6,000,000円 となる。 ここで、これらの開示書類が同一の事業年度に係るものであることから、金融商品取引法第185条の７第６項の規定により、6,000,000円を個別決定ごとの算出額に応じて按分した下記の金額が、これらの開示書類に係る課徴金の額となる。 ・令和２年３月第１四半期四半期報告書に係る課徴金の額は、1,200,000円 ・令和２年６月第２四半期四半期報告書に係る課徴金の額は、1,200,000円 ・令和２年９月第３四半期四半期報告書に係る課徴金の額は、1,200,000円 ・令和２年12月期有価証券報告書に係る課徴金の額は、2,400,000円 （６）　金融商品取引法第172条の４第１項及び第２項の規定により、令和２年３月第１四半期四半期報告書、令和２年６月第２四半期四半期報告書、令和２年９月第３四半期四半期報告書及び令和２年12月期有価証券報告書に係る令和３年７月14日提出の訂正報告書について算出した額は、 ア　当社が発行する算定基準有価証券の市場価額の総額に10万分の６を乗じて得た額 ・令和２年３月第１四半期四半期報告書の訂正報告書に係る額　　  　 91,200円 ・令和２年６月第２四半期四半期報告書の訂正報告書に係る額 　　  　86,744円 ・令和２年９月第３四半期四半期報告書の訂正報告書に係る額          124,365円 ・令和２年12月期有価証券報告書の訂正報告書に係る額　　　　　    100,280円 が、いずれも イ　6,000,000円 を超えないことから、 ・令和２年３月第１四半期四半期報告書の訂正報告書に係る課徴金の額は、6,000,000円の２分の１に相当する額である3,000,000円 ・令和２年６月第２四半期四半期報告書の訂正報告書に係る課徴金の額は、6,000,000円の２分の１に相当する額である3,000,000円 ・令和２年９月第３四半期四半期報告書の訂正報告書に係る課徴金の額は、6,000,000円の２分の１に相当する額である3,000,000円 ・令和２年12月期有価証券報告書の訂正報告書に係る課徴金の額は、6,000,000円 となる。 （７）　金融商品取引法第172条の４第２項の規定により、令和３年６月第２四半期四半期報告書及び令和３年９月第３四半期四半期報告書ごとに算出した額は、 ア　当社が発行する算定基準有価証券の市場価額の総額に10万分の６を乗じて得た額 ・令和３年６月第２四半期四半期報告書に係る額 　   78,759円 ・令和３年９月第３四半期四半期報告書に係る額       74,081円 が、いずれも イ　6,000,000円 を超えないことから、 ・令和３年６月第２四半期四半期報告書に係る課徴金の額は、6,000,000円の２分の１に相当する額である3,000,000円 ・令和３年９月第３四半期四半期報告書に係る課徴金の額は、6,000,000円の２分の１に相当する額である3,000,000円 となる。 （８） 金融商品取引法第172 条の２第１項第１号の規定により、当社の令和２年６月18日提出の有価証券届出書（株券及び新株予約権証券の募集）に係る課徴金の額は、 重要な事項につき虚偽の記載がある発行開示書類に基づく募集により取得させた株券及び新株予約権証券の発行価額の総額（当該新株予約権の行使に際して払い込むべき金額を含む）の発行価額の総額402,380,220円の100 分の4.5 に相当する額である18,107,109 円 に、金融商品取引法第176 条第２項の規定により１万円未満の端数を切り捨てて、 18,100,000円 となる。 （９） 金融商品取引法第172 条の２第１項第１号の規定により、当社の令和３年12月14日提出の有価証券届出書（株券の募集）に係る課徴金の額は、 重要な事項につき虚偽の記載がある発行開示書類に基づく募集により取得させた株券の発行価額の総額203,500,000円の100 分の4.5 に相当する額である9,157,500 円 に、金融商品取引法第176 条第２項の規定により１万円未満の端数を切り捨てて、 9,150,000円 となる。"
2022-06-21,合同会社の業務執行社員以外,,「合同会社」による社員権の取得勧誘についての建議,https://www.fsa.go.jp/sesc/news/c_2022/2022/20220621-3.html,令和４年６月21日 証券取引等監視委員会 金融庁設置法第21条の規定に基づく建議について 証券取引等監視委員会は、金融庁設置法第21条の規定に基づき、本日、内閣総理大臣及び金融庁長官に対して、下記のとおり建議を行った。 記 「合同会社」による社員権の取得勧誘について 合同会社制度は、本来、創業段階のベンチャー企業など少人数による事業を行うための会社に適した会社類型として創設されており、不特定多数の者に社員権を取得させることを念頭に置かれたものではない。 しかし、近年、事業実態が不透明な合同会社が、その業務を必ずしも把握していない多数の従業員（使用人）を通じて、多数の投資家に対し、当該合同会社の社員権に対する出資と称して、不適切な投資勧誘を行っているという外部からの相談や苦情が多数寄せられており、証券監視委の調査の過程においても、そのような不適切な投資勧誘が認められている。 （注）勧誘は、電話やインターネット、投資セミナー等様々な手段が用いられており、投資者の年齢層も高齢者から若年層まで幅広くなっている。高利回りを謳った勧誘に応じた結果、当該勧誘者と連絡が取れなくなる事例、勧誘時に謳われていた利回りで運用されず、投資した資金自体も回収されない事例などが認められるほか、投資対象や契約内容を理解しないまま契約した旨の相談も多数寄せられている。 証券監視委では、金融商品取引法違反の疑いがある場合、金融商品取引法第187条の規定に基づく調査を行い、同法により金融商品取引業の登録が必要な行為が認められた場合等同法違反が認められ、同法第192条所定の要件を充たす場合には、同条の規定に基づく裁判所への禁止命令等の申立てを行っている。 しかしながら、現行制度では、特定の場合を除き、合同会社の従業員（使用人）による当該合同会社の社員権の取得勧誘は金融商品取引業に該当しないこととなっており、証券監視委の調査権限が及ばず、顧客に説明したとおりの事業が実施されていない疑いがある場合や、適合性の観点で不適切な投資勧誘行為が行われている場合でも、裁判所への停止命令等の申立てを行うことができない状況となっている。 こうした投資者被害の懸念がある事案が認められている状況に鑑みれば、投資者保護を徹底する観点から、合同会社の業務執行社員以外の者（従業員や使用人）による当該合同会社の社員権の取得勧誘について、金融商品取引業の登録が必要な範囲を拡大するなどの適切な措置を講ずる必要がある。 参考資料（PDF:435KB）
2022-06-21,株式会社北弘電社,,株式会社北弘電社における有価証券報告書等の虚偽記載に係る課徴金納付命令勧告について,https://www.fsa.go.jp/sesc/news/c_2022/2022/20220621-2.html,"English version 令和４年６月21日 証券取引等監視委員会 株式会社北弘電社における有価証券報告書等の虚偽記載に係る課徴金納付命令勧告について １．勧告の内容 証券取引等監視委員会は、株式会社北弘電社（法人番号4430001015751）（以下「当社」という。）における金融商品取引法に基づく開示規制の違反について検査した結果、以下のとおり法令違反の事実が認められたので、本日、内閣総理大臣及び金融庁長官に対して、金融庁設置法第20条第１項の規定に基づき、課徴金納付命令を発出するよう勧告を行った。 ２．法令違反の事実関係 当社は、売上の過大計上及び売上原価の過少計上等の不適正な会計処理を行った。 この結果、当社は、北海道財務局長に対し、金融商品取引法第172 条の４第１項及び第２項に規定する「重要な事項につき虚偽の記載」がある以下の有価証券報告書及び四半期報告書を提出した（「重要な事項につき虚偽の記載」の内容は別紙１の表の番号１から番号３のとおり）。 ・令和２年９月第２四半期四半期報告書（令和２年11月12日提出） ・令和２年12月第３四半期四半期報告書（令和３年２月15日提出） ・令和３年３月期有価証券報告書（令和３年６月25日提出） ３．課徴金の額の計算 上記の違法行為について金融商品取引法に基づき算定される課徴金の額は、600万円である（計算方法については別紙２のとおり）。 【別紙１】有価証券報告書等の虚偽記載内容 番号 対象書類 虚偽記載 提出日 書類 会計期間 記載項目 主な内容（注） 主な事由 １ 令和２年11月12日 第71期第２四半期（令和２年７月１日～同年９月30日）に係る四半期報告書 令和２年４月１日～同年９月30日の第２四半期累計期間 四半期 損益計算書 四半期純利益が▲272,047千円であるところを▲56,608千円と記載 売上の過大計上等 ２ 令和３年２月15日 第71期第３四半期（令和２年10月１日～同年12月31日）に係る四半期報告書 令和２年４月１日～同年12月31日の第３四半期累計期間 四半期 損益計算書 四半期純利益が▲494,230千円であるところを44,210千円と記載 売上の過大計上等 ３ 令和３年６月25日 第71期（令和２年４月１日～令和３年３月31日）に係る有価証券報告書 令和２年４月１日～令和３年３月31日の会計期間 損益計算書 当期純利益が▲3,270,081千円であるところを▲2,126,270千円と記載 売上の過大計上、売上原価の過少計上等 貸借対照表 純資産額が3,109,903千円であるところを4,253,714千円と記載 （注）金額は千円未満切捨てである。 【別紙２】課徴金の計算方法 金融商品取引法第172条の４第１項及び第２項の規定により、令和２年９月第２四半期四半期報告書、令和２年12月第３四半期四半期報告書及び令和３年３月期有価証券報告書ごとに算出した額（以下「個別決定ごとの算出額」という。）は、 ア　当社が発行する算定基準有価証券の市場価額の総額に10万分の６を乗じて得た額 ・令和２年９月第２四半期四半期報告書に係る額       　 142,702円 ・令和２年12月第３四半期四半期報告書に係る額       　154,387円 ・令和３年３月期有価証券報告書に係る額             　　 148,195円 が、いずれも イ　6,000,000円 を超えないことから、 ・令和２年９月第２四半期四半期報告書については、6,000,000円の２分の１に相当する額である3,000,000円 ・令和２年12月第３四半期四半期報告書については、6,000,000円の２分の１に相当する額である3,000,000円 ・令和３年３月期有価証券報告書については、6,000,000円 となる。 ここで、これらの開示書類が同一の事業年度に係るものであることから、金融商品取引法第185条の７第６項の規定により、6,000,000円を個別決定ごとの算出額に応じて按分した下記の金額が、これらの開示書類に係る課徴金の額となる。 ・令和２年９月第２四半期四半期報告書に係る課徴金の額は、1,500,000円 ・令和２年12月第３四半期四半期報告書に係る課徴金の額は、1,500,000円 ・令和３年３月期有価証券報告書に係る課徴金の額は、3,000,000円"
2022-06-17,株式会社エスコンアセットマネジメント,,株式会社エスコンアセットマネジメントに対する検査結果に基づく勧告について,https://www.fsa.go.jp/sesc/news/c_2022/2022/20220617-4.html,English version 令和４年６月17日 証券取引等監視委員会 株式会社エスコンアセットマネジメントに対する検査結果に基づく勧告について １．勧告の内容 証券取引等監視委員会が株式会社エスコンアセットマネジメント（東京都港区、法人番号2010001162142、代表取締役社長　鍵山 武治（注１）、資本金１億円、常勤役職員27名、投資運用業、投資助言・代理業、第二種金融商品取引業）を検査した結果、下記のとおり、当該金融商品取引業者に係る問題が認められたので、本日、証券取引等監視委員会は、内閣総理大臣及び金融庁長官に対して、金融庁設置法第20条第１項の規定に基づき、行政処分を行うよう勧告した。 （注１）令和４年３月24日、前代表取締役社長　大森 利 氏が退任し、同日付で代表取締役社長に就任。 ２．事実関係 ○ 投資法人のために忠実に投資運用業を行っていない状況 株式会社エスコンアセットマネジメント（以下「当社」という。）は、エスコンジャパンリート投資法人（東京都港区、法人番号6010005025721、執行役員　笹木 集（当社のREIT運用部を兼職）（注２）、以下「本投資法人」という。）との間で締結した資産の運用に係る委託契約に基づき行っている本投資法人の資産の運用において、当社の親会社である株式会社日本エスコン（東京都港区、法人番号8010001067609、代表取締役社長　伊藤 貴俊、以下「親会社」という。）からの取得となる不動産の鑑定評価を依頼するに際し、以下のとおり、適切な利益相反管理の観点から問題となる、不動産鑑定業者の独立性を損なう不適切な働きかけを行い、また、不適切な不動産鑑定業者選定プロセスをとっていた。 （注２）令和３年10月22日、前執行役員　大森 利 氏が退任し、同日付で執行役員に就任。 ⑴　不動産鑑定業者の独立性を損なう不適切な働きかけ 当社は、親会社等の利害関係者が保有する不動産を本投資法人に取得させる際には、第三者である不動産鑑定業者に対して、取得させようとする不動産の鑑定評価を依頼し、算定された鑑定評価額を上限として当該不動産の取得価格を決定している。しかしながら、当社は、不動産鑑定業者から提示された鑑定評価額に係る中間報告又は概算額が親会社の売却希望価格に満たなかった３物件の不動産について、親会社の売却希望価格を優先し、親会社の売却希望価格を伝達するなどしたうえで、鑑定評価額が当該売却希望価格を上回るものとなるよう、算定を依頼した不動産鑑定業者に対し、鑑定評価額を引き上げるための働きかけを行っていた。こうした行為は、不動産鑑定業者の独立性を損なう不適切な働きかけであると認められる。 ⑵　不適切な不動産鑑定業者選定プロセス 当社は、親会社からの取得となる複数物件の不動産鑑定評価を依頼する際、親会社の売却希望価格を上回る鑑定評価額を得ることを企図して、複数の不動産鑑定業者から不動産鑑定評価に係る概算額を聴取し、そのうち最も高い概算額を提示した不動産鑑定業者（以下「当該不動産鑑定業者」という。）の鑑定報酬額が、概算額を聴取した他の不動産鑑定業者と比して最も廉価になるよう、当該不動産鑑定業者と交渉していた。さらに、当社は、当該不動産鑑定業者による概算額が最も高かったことを伏せたうえで、当該不動産鑑定業者の鑑定報酬額が最も廉価であることを理由に、当該不動産鑑定業者を鑑定評価の依頼先として選定していた。これは、親会社の売却希望価格で本投資法人に取得させることを最優先とした不適切な不動産鑑定業者選定プロセスであると認められる。 このように、当社の利益相反管理態勢は著しく不十分であり、当社は本投資法人のために忠実に投資運用業を行っていないことから、金融商品取引法第42条第１項に定める「忠実義務」に違反するものと認められる。 参考資料(PDF:984KB) （参考条文） ○　金融商品取引法（昭和23年法律第25号）（抄） （権利者に対する義務） 第四十二条　金融商品取引業者等は、権利者（次の各号に掲げる業務の区分に応じ当該各号に定める者をいう。以下この款において同じ。）のため忠実に投資運用業を行わなければならない。 一～三　（略） ２　（略）
2022-06-21,,,アトランティック・トレーディング・ロンドン・リミテッドによる長期国債先物に係る相場操縦に対する課徴金納付命令の勧告について,https://www.fsa.go.jp/sesc/news/c_2022/2022/20220621-1.html,"English version 令和４年６月21日 証券取引等監視委員会 アトランティック・トレーディング・ロンドン・リミテッドによる長期国債先物に係る相場操縦に対する課徴金納付命令の勧告について １．勧告の内容 証券取引等監視委員会は、Atlantic Trading London Limited（以下「アトランティック・トレーディング・ロンドン・リミテッド」という。）による長期国債先物に係る相場操縦について検査した結果、下記のとおり法令違反の事実が認められたので、本日、内閣総理大臣及び金融庁長官に対して、金融庁設置法第20条第１項の規定に基づき、課徴金納付命令を発出するよう勧告を行った。 ２．法令違反の事実関係 アトランティック・トレーディング・ロンドン・リミテッドは、高速取引行為を行うことにつき関東財務局の登録を受けた英国法人であるが、同社の自己勘定での金融商品取引等に従事していたトレーダーにおける手動取引により、同社の業務に関し、株式会社大阪取引所（以下「大阪取引所」という。）に上場されていた長期国債先物2020年３月限月について、その売買を誘引する目的をもって、別表記載のとおり、令和２年１月９日午前８時57分８秒頃から同月10日午後１時52分15秒頃までの間、大阪取引所において、最良売り気配よりも劣後する価格に約定させる意図のない多数の売り注文を発注する方法、又は、最良買い気配あるいはこれに劣後する価格に約定させる意図のない多数の買い注文を発注する方法により、合計380枚の売付けの委託を行うとともに合計12枚を買い付ける一方、合計520枚の買付けの委託を行うとともに合計23枚を売り付けるなどし、もって、自己の計算において、同先物の売買が繁盛であると誤解させ、かつ、大阪取引所における同先物の相場を変動させるべき一連の市場デリバティブ取引及びその委託をしたものである。 違反行為事実の概要については、 別図 のとおり。 アトランティック・トレーディング・ロンドン・リミテッドが行った上記の行為は、金融商品取引法（以下「金商法」という。）第174条の２第１項に規定する「第159条第２項第１号の規定に違反する一連の有価証券売買等」及び「委託等」に該当すると認められる。 ３．課徴金の額の計算 上記の違法行為について金融商品取引法に基づき算定される課徴金の額は、4,285万円である。 計算方法の詳細については、 別紙１ のとおり。 ４．その他 本件については、日本取引所自主規制法人から提供された情報も参考として、実態解明を行ったものである。 （別図） ○違反行為事実の概要について （別表） （別紙１） ○　課徴金の額の計算方法について １． 別表 の各違反行為に係る課徴金の額の計算の基礎は以下のとおりである。 金商法第174条の２第１項第１号の規定により、当該違反行為に係る課徴金の額は、 （1）当該違反行為に係る有価証券の売買対当数量に係るものについて、自己の計算による当該有価証券の売付け等の価額から、自己の計算による当該有価証券の買付け等の価額を控除した額 及び （2）当該違反行為に係る自己の計算による有価証券の売付け等の数量が、当該違反行為に係る自己の計算による有価証券の買付け等の数量を超える場合、当該超える数量に係る有価証券の売付け等の価額から当該違反行為が終了してから１月を経過するまでの間の各日における当該違反行為に係る有価証券の買付け等についての金融商品取引法第67条の19又は第130条に規定する最低の価格のうち最も低い価格に当該超える数量を乗じて得た額を控除した額 の合計額として算定。 ２．本件における課徴金の額は、 別表記載の違反行為期間について、当該違反行為に係る自己の計算による有価証券の買付け等の数量は、12枚であり、当該違反行為に係る自己の計算による有価証券の売付け等の数量は、実際の売付け等の数量23枚に、金融商品取引法第174条の２第７項及び金融商品取引法施行令第33条の12第１号の規定により、違反行為の開始時にその時における価格（151.94円）で売付け等を自己の計算においてしたものとみなされる当該違反行為の開始時に所有している有価証券の数量181枚を加えた204枚であることから、 （1）当該違反行為に係る有価証券の売買対当数量（12枚）に係るものについて、自己の計算による当該有価証券の売付け等の価額から、自己の計算による当該有価証券の買付け等の価額を控除した額 （有価証券の売付け等の価額：1,823,280,000円）－（有価証券の買付け等の価額：1,824,000,000円）＝-720,000円 及び （2）当該違反行為に係る自己の計算による有価証券の売付け等の数量（204枚）が、当該違反行為に係る自己の計算による有価証券の買付け等の数量（12枚）を超えていることから、当該超える数量に係る有価証券の売付け等の価額（a）から、当該違反行為が終了してから１月を経過するまでの間の各日における当該違反行為に係る有価証券の買付け等についての金融商品取引法第67条の19又は第130条に規定する最低の価格のうち最も低い価格（151.73円）に当該超える数量192枚（売付け等の数量204枚－買付け等の数量12枚）を乗じて得た額（b）を控除した額 （ａ：29,175,730,000円）－（ｂ：29,132,160,000円）＝43,570,000円 の合計額42,850,000円となる。 ※　各違反行為期間における売付け等の価額及び買付け等の価額の詳細については、 別紙２ を参照。"
2022-06-17,あい証券株式会社,,ARBITRAGE SYSTEM FUND COMPANY LIMITEDに対する検査結果に基づく勧告について,https://www.fsa.go.jp/sesc/news/c_2022/2022/20220617-3.html,English version 令和４年６月17日 証券取引等監視委員会 ARBITRAGE SYSTEM FUND COMPANY LIMITEDに対する検査結果に基づく勧告について １．勧告の内容 関東財務局長がARBITRAGE SYSTEM FUND COMPANY LIMITED（英国領ケイマン諸島籍の法人、Director藤代勝雄、資本金５万ドル、常勤役職員1名、旧法特例業務届出者、金融商品取引業の登録はない。）を検査した結果、下記のとおり、当該旧法特例業務届出者に係る問題が認められたので、本日、証券取引等監視委員会は、内閣総理大臣及び金融庁長官に対して、金融庁設置法第20条第１項の規定に基づき、行政処分を行うよう勧告した。 ２．事実関係 ○　名義貸し ARBITRAGE SYSTEM FUND COMPANY LIMITED（以下「当社」という。）は、あい証券株式会社（東京都港区、法人番号9010401057968、第一種及び第二種金融商品取引業者、以下「あい証券」という。）を唯一の適格機関投資家出資者とする匿名組合「裁定システムファンド（Arbitrage System Fund）」（以下「本件ファンド」という。）の営業者として、平成23年11月2日付で適格機関投資家等特例業務（以下「特例業務」という。）に関する届出書（以下「特例届出書」という。）を提出するとともに、平成28年8月31日付で金融商品取引法の一部を改正する法律（平成27年法律第32号、以下「平成27年改正法」という。）附則第3条第1項に基づく特例届出書を提出するなどして、検査基準日（令和2年8月24日）現在、特例業務として本件ファンドの自己運用業務を行っているとしている。 また、当社は、平成23年10月31日付で、あい証券と販売委託契約及び事務管理に係る覚書を締結し、あい証券に対し、本件ファンドに係る匿名組合契約の締結の媒介や出資金管理等の業務を委託しているとしている。 さらに、本件ファンドは、営業者である当社の投資判断に基づき、外国投資法人Ⅹが発行する外国投資証券Powerfundへの投資を通じたファンド・オブ・ファンズ形式により、外国為替取引及び外国為替オプション取引等を主な投資対象として運用されるとしている。 しかしながら、当社は、本件ファンドの運営に関し、当社業務の一切をあい証券が行うとの合意の下、投資先候補の発掘や投資先候補との投資に係る交渉のほか、投資判断に基づく投資先の決定・投資実行・投資後の運用管理・投資により取得した有価証券の処分等の投資運用に関する業務について行っておらず、あい証券がこれら全ての業務を行っている状況が認められた。 また、かかる状況は、平成27年改正法施行日（平成28年3月1日）以降も継続しており、本件ファンドに関し、新たな出資があった場合の投資実行・投資後の運用管理・投資により取得した有価証券の処分等の投資運用に関する業務について、あい証券が行っていた。 上記事実に鑑みれば、当社は、本件ファンド出資者との間で匿名組合契約を締結している当事者であるものの、あい証券が本件ファンドの運用を行うために、形式的に本件ファンド出資者との間で匿名組合契約を締結しているに過ぎず、実質的な匿名組合契約の主体はあい証券であると認められる。 以上のとおり、当社は、当社業務の一切をあい証券が行う旨の合意に基づき、投資運用業登録を受けていないあい証券に対し、当社の名義を使用させた上で、金融商品取引業（業として行う金融商品取引法第2条第8項第15号に掲げる行為）を行わせていたものと認められる。 上記行為は、当社が自己の名義をもって、あい証券に金融商品取引業（金融商品取引法第2条第8項第15号に掲げる行為）を行わせたものであり、平成28年3月１日以降の行為につき、平成27年改正法附則第2条第2項及び金融商品取引法第63条第11項によって適用される同法第36条の3に違反するものと認められる。 あい証券株式会社に対する検査結果に基づく勧告について（令和４年６月17日公表） 参考資料(PDF:229KB) （参考条文） ○　金融商品取引法（昭和23年法律第25号）（抄） （定義） 第二条　この法律において「有価証券」とは、次に掲げるものをいう。 一～十　（略） 十一　投資信託及び投資法人に関する法律に規定する投資証券、新投資口予約権証券若しくは投資法人債券又は外国投資証券 十二～二十一　（略） ２～７　（略） ８　この法律において「金融商品取引業」とは、次に掲げる行為（その内容等を勘案し、投資者の保護のため支障を生ずることがないと認められるものとして政令で定めるもの及び銀行、優先出資法第二条第一項に規定する協同組織金融機関（以下「協同組織金融機関」という。）その他政令で定める金融機関が行う第十二号、第十四号、第十五号又は第二十八条第八項各号に掲げるものを除く。）のいずれかを業として行うことをいう。 一～十四　（略） 十五　金融商品の価値等の分析に基づく投資判断に基づいて主として有価証券又はデリバティブ取引に係る権利に対する投資として、次に掲げる権利その他政令で定める権利を有する者から出資又は拠出を受けた金銭その他の財産の運用を行うこと（第十二号及び前号に掲げる行為に該当するものを除く。）。 イ・ロ 　（略） ハ　第二項第五号又は第六号に掲げる権利 （名義貸しの禁止） 第三十六条の三　金融商品取引業者等は、自己の名義をもつて、他人に金融商品取引業（登録金融機関にあつては、登録金融機関業務。以下この款において同じ。）を行わせてはならない。 （適格機関投資家等特例業務） 第六十三条　次の各号に掲げる行為については、第二十九条及び第三十三条の二の規定は、適用しない。 一　（略） 二　第二条第二項第五号又は第六号に掲げる権利（同一の出資対象事業（同項第五号に規定する出資対象事業をいう。）に係る当該権利を有する者が適格機関投資家等（前号イからハまでのいずれにも該当しないものに限る。）のみであるものに限る。）を有する適格機関投資家等から出資され、又は拠出された金銭（これに類するものとして政令で定めるものを含む。）の運用を行う同条第八項第十五号に掲げる行為（投資者の保護に支障を生ずるおそれがあるものとして内閣府令で定めるものを除く。） ２～10　（略） 11　特例業務届出者が適格機関投資家等特例業務を行う場合においては、当該特例業務届出者を金融商品取引業者とみなして、第一節第五款、第三十六条第一項、第三十六条の三、第三十七条、第三十七条の三、第三十七条の四、第三十八条（第一号、第二号及び第九号に係る部分に限る。）、第三十九条（第四項及び第六項を除く。）、第四十条、第四十条の三、第四十条の三の二、第四十二条、第四十二条の二、第四十二条の四、第四十二条の七、第四十三条の六及び第四十五条並びにこれらの規定に係る第八章及び第八章の二の規定を適用する。
2022-06-17,アジア開発キャピタル株式会社,,アジア開発キャピタル株式会社における有価証券報告書等の虚偽記載に係る課徴金納付命令勧告について,https://www.fsa.go.jp/sesc/news/c_2022/2022/20220617-1.html,"English version 令和４年６月17日 証券取引等監視委員会 アジア開発キャピタル株式会社における有価証券報告書等の虚偽記載に係る課徴金納付命令勧告について １．勧告の内容 証券取引等監視委員会は、アジア開発キャピタル株式会社（法人番号9010601034809）（以下「当社」という。）における金融商品取引法に基づく開示規制の違反について検査した結果、以下のとおり法令違反の事実が認められたので、本日、内閣総理大臣及び金融庁長官に対して、金融庁設置法第20条第１項の規定に基づき、課徴金納付命令を発出するよう勧告を行った。 ２．法令違反の事実関係 当社は、架空循環取引による売上の過大計上等の不適正な会計処理を行った。 この結果、当社は、関東財務局長に対し、金融商品取引法第172 条の４第１項及び第２項に規定する「重要な事項につき虚偽の記載」がある以下の有価証券報告書及び四半期報告書を提出した（「重要な事項につき虚偽の記載」の内容は別紙１の表の番号１から番号６のとおり）。 ・平成30年３月期有価証券報告書（平成30年６月28日提出） ・平成30年６月第１四半期四半期報告書（平成30年８月14日提出） ・平成30年９月第２四半期四半期報告書（平成30年11月14日提出） ・平成30年12月第３四半期四半期報告書（平成31年２月14日提出） ・平成31年３月期有価証券報告書（令和元年６月26日提出） ・令和元年６月第１四半期四半期報告書（令和元年８月14日提出） ３．課徴金の額の計算 上記の違法行為について金融商品取引法に基づき算定される課徴金の額は、1,500万円である（計算方法については別紙２のとおり）。 【別紙１】有価証券報告書等の虚偽記載内容 番号 対象書類 虚偽記載 提出日 書類 会計期間 記載項目 主な内容（注） 主な事由 １ 平成30年６月28日 第98期（平成29年４月１日～平成30年３月31日）に係る有価証券報告書 平成29年４月１日～平成30年３月31日の連結会計期間 連結 損益計算書 売上高が315百万円であるところを682百万円と記載 売上の過大計上等 ２ 平成30年８月14日 第99期第１四半期（平成30年４月１日～同年６月30日）に係る四半期報告書 平成30年４月１日～同年６月30日の第１四半期連結累計期間 四半期連結 損益計算書 売上高が140百万円であるところを415百万円と記載 売上の過大計上等 ３ 平成30年11月14日 第99期第２四半期（平成30年７月１日～同年９月30日）に係る四半期報告書 平成30年４月１日～同年９月30日の第２四半期連結累計期間 四半期連結 損益計算書 売上高が167百万円であるところを718百万円と記載 売上の過大計上等 ４ 平成31年２月14日 第99期第３四半期（平成30年10月１日～同年12月31日）に係る四半期報告書 平成30年４月１日～同年12月31日の第３四半期連結累計期間 四半期連結 損益計算書 売上高が311百万円であるところを1,137百万円と記載 売上の過大計上等 ５ 令和元年６月26日 第99期（平成30年４月１日～平成31年３月31日）に係る有価証券報告書 平成30年４月１日～平成31年３月31日の連結会計期間 連結 損益計算書 売上高が517百万円であるところを1,630百万円と記載 売上の過大計上等 ６ 令和元年８月14日 第100期第１四半期（平成31年４月１日～令和元年６月30日）に係る四半期報告書 平成31年４月１日～令和元年６月30日の第１四半期連結累計期間 四半期連結 損益計算書 売上高が132百万円であるところを322百万円と記載 売上の過大計上等 （注）金額は百万円未満切捨てである。 【別紙２】課徴金の計算方法 （１）　金融商品取引法第172条の４第１項の規定により、平成30年３月期有価証券報告書について算出した課徴金の額は、当社が発行する算定基準有価証券の市場価額の総額に10万分の６を乗じて得た額341,804円が、6,000,000円を超えないことから、6,000,000円となる。 （２）　金融商品取引法第172条の４第１項及び第２項の規定により、平成30年６月第１四半期四半期報告書、平成30年９月第２四半期四半期報告書、平成30年12月第３四半期四半期報告書及び平成31年３月期有価証券報告書ごとに算出した額（以下（２）において「個別決定ごとの算出額」という。）は、 ア　当社が発行する算定基準有価証券の市場価額の総額に10万分の６を乗じて得た額 ・平成30年６月第１四半期四半期報告書に係る額      　　326,163円 ・平成30年９月第２四半期四半期報告書に係る額       　  290,730円 ・平成30年12月第３四半期四半期報告書に係る額       　 252,874円 ・平成31年３月期有価証券報告書に係る額             　     271,681円 が、いずれも イ　6,000,000円 を超えないことから、 ・平成30年６月第１四半期四半期報告書については、6,000,000円の２分の１に相当する額である3,000,000円 ・平成30年９月第２四半期四半期報告書については、6,000,000円の２分の１に相当する額である3,000,000円 ・平成30年12月第３四半期四半期報告書については、6,000,000円の２分の１に相当する額である3,000,000円 ・平成31年３月期有価証券報告書については、6,000,000円 となる。 ここで、これらの開示書類が同一の事業年度に係るものであることから、金融商品取引法第185条の７第６項の規定により、6,000,000円を個別決定ごとの算出額に応じて按分した下記の金額が、これらの開示書類に係る課徴金の額となる。 ・平成30年６月第１四半期四半期報告書に係る課徴金の額は、1,200,000円 ・平成30年９月第２四半期四半期報告書に係る課徴金の額は、1,200,000円 ・平成30年12月第３四半期四半期報告書に係る課徴金の額は、1,200,000円 ・平成31年３月期有価証券報告書に係る課徴金の額は、2,400,000円 （３）　金融商品取引法第172条の４第２項の規定により、令和元年６月第１四半期四半期報告書について算出した課徴金の額は、当社が発行する算定基準有価証券の市場価額の総額に10万分の６を乗じて得た額216,727円が6,000,000円を超えないことから、6,000,000円の２分の１に相当する額である3,000,000円となる。"
2022-06-17,あい証券株式会社,,あい証券株式会社に対する検査結果に基づく勧告について,https://www.fsa.go.jp/sesc/news/c_2022/2022/20220617-2.html,English version 令和４年６月17日 証券取引等監視委員会 あい証券株式会社に対する検査結果に基づく勧告について １．勧告の内容 関東財務局長があい証券株式会社（東京都港区、法人番号9010401057968、代表取締役会長　黎瑞芬（ライ スイファン）、代表取締役社長　加藤丈典、資本金３億円、常勤役職員21名、第一種金融商品取引業、第二種金融商品取引業）を検査した結果、下記のとおり、当該金融商品取引業者に係る問題が認められたので、本日、証券取引等監視委員会は、内閣総理大臣及び金融庁長官に対して、金融庁設置法第20条第１項の規定に基づき、行政処分を行うよう勧告した。 ２．事実関係 ⑴　無登録で投資運用業を行っている状況 あい証券株式会社（以下「当社」という。）は、ARBITRAGE SYSTEM FUND COMPANY LIMITED（英国領ケイマン諸島籍の法人、以下「AS社」という。）を営業者とする匿名組合「裁定システムファンド（Arbitrage System Fund）」（以下「裁定ファンドⅠ」という。）に対し、唯一の適格機関投資家として出資するとともに、平成23年10月31日付で、AS社と販売委託契約及び事務管理に係る覚書（以下「本件覚書」という。）を締結し、検査基準日（令和2年8月24日）現在、裁定ファンドⅠに係る出資持分の私募の取扱いや出資金の管理等を行っているとしている。 また、AS社は、関東財務局長に対し、平成23年11月2日付で適格機関投資家等特例業務（以下「特例業務」という。）に関する届出書（以下「特例届出書」という。）を提出するとともに、平成28年8月31日付で金融商品取引法の一部を改正する法律（平成27年法律第32号）附則第3条第1項に基づく特例届出書を提出するなどして、検査基準日現在、特例業務として、裁定ファンドⅠの自己運用業務を行っているとしている。 さらに、裁定ファンドⅠは、営業者であるAS社の投資判断に基づき、外国投資法人Ⅹ（以下「本件外国投資法人」という。)が発行する外国投資証券Powerfund（以下「本件外国投資証券」という。）への投資を通じたファンド・オブ・ファンズ形式により、外国為替取引及び外国為替オプション取引等を主な投資対象として運用されるとしている。 しかしながら、AS社の唯一の役職員である藤代勝雄氏（以下「藤代氏」という。）は、裁定ファンドⅠの運営に関し、投資先候補の発掘や投資先候補との投資に係る交渉のほか、投資判断に基づく投資先の決定・投資実行・投資後の運用管理・投資により取得した有価証券の処分等の投資運用に関する業務について行っておらず、これら業務を全て当社が行っている状況が認められた。 具体的には、当社は、遅くとも平成23年8月頃までに、本件外国投資法人に係る資産の運用者STI Wealth Management (Cayman) Limited（英国領ケイマン諸島籍の法人、平成29年9月にSTI PF Limitedに商号変更、以下「STI社」という。）から、本件外国投資証券に係る説明を受けたことにより、その存在を認知し、その後、STI社から本件外国投資証券に関する資料を入手の上、本件外国投資証券の内容を調査・分析するなどして、裁定ファンドⅠに係る投資先候補の発掘や投資先候補との投資に係る交渉を行った。 また、当社は、本件外国投資証券に関する調査・分析を踏まえ、遅くとも平成23年10月頃までに、藤代氏に対する説明や同人との協議を行うことなく、当社自身の投資判断に基づき、裁定ファンドⅠに係る匿名組合契約書（以下「本件匿名組合契約書」という。）や特例届出書を作成するなどして、特例業務の制度を利用し、AS社を名目上の営業者とする裁定ファンドⅠの組成を通じた本件外国投資証券への投資を決定した。 なお、藤代氏は、平成22年8月にAS社の代表者に就任しているが、この際、当社は、藤代氏に対し、同社業務の一切を当社が行うと約し、同社の代表者となるよう依頼した。 さらに、当社は、裁定ファンドⅠに係る出資持分の私募の取扱いを開始した平成23年11月から令和2年8月までの間（以下「本件期間中」という。）、裁定ファンドⅠの運用財産を以って本件外国投資証券を取得するため、藤代氏に対して判断を仰ぐことなく、当社自身の投資判断に基づき、反復継続して、AS社名義の出資金管理口座から、本件外国投資証券の取得代金を送金するなどして、投資を実行した。 また、当社は、本件期間中、裁定ファンドⅠの出資者に対する解約金又は分配金の支払いを行うため、藤代氏に対して判断を仰ぐことなく、当社自身の投資判断に基づき、反復継続して、裁定ファンドⅠの財産にて保有する本件外国投資証券を売却するなどして、投資により取得した有価証券の処分を行った。 このほか、当社は、本件覚書において、AS社が行うとされている裁定ファンドⅠの運用管理業務に関し、本件期間中、藤代氏に対して判断を仰ぐことなく、STI社から、反復継続して、本件外国投資法人に係る資産の運用状況に関する資料を入手し、これを分析することにより、当該運用状況を管理・把握した上で、当社自身の投資判断に基づき、本件外国投資証券への投資を継続するなどして、裁定ファンドⅠに係る運用管理を行っていた。 なお、AS社は、本件匿名組合契約書において、裁定ファンドⅠの管理報酬として、各計算期間末日における純資産総額の年率2.0％相当額を受領するものとされているほか、本件覚書において、当該報酬額計算を行うとされているところ、当社は、本件覚書等に特段の定めがない中、藤代氏の了承を得ることなく、AS社に対する報酬額を年率0.2％として計算し、その上、残りの年率1.8％相当額について、事務管理受託報酬名目でこれを受領している。 このように、AS社は、裁定ファンドⅠの名目上の営業者となっているに過ぎないものであり、当社が行った上記一連の行為を実質的に評価すれば、当社が裁定ファンドⅠの営業者として、本件外国投資証券の価値等の分析に基づく投資判断に基づいて、主として本件外国投資証券に対する投資として、裁定ファンドⅠの出資者から拠出を受けた金銭の運用を行っていたものと認められる。 当社による上記行為は、金融商品取引法第28条第4項に規定する投資運用業（同法第2条第8項第15号に掲げる行為）に該当するものであり、当社が同法第31条第4項に基づく変更登録を受けることなく投資運用業を行うことは、同法第29条に違反するものと認められる。 ⑵　投資者保護上問題のある業務運営 当社は、上記⑴記載のとおり、実際には、裁定ファンドⅠの実質的な営業者となって、長期間に亘り、無登録で裁定ファンドⅠの運用を行っていたにもかかわらず、出資者に対し、AS社が裁定ファンドⅠの営業者として運用を行う旨を記載した資料を用いて説明するなどして、私募の取扱い等を行っていた。 また、当社は、検査基準日現在、裁定ファンドⅠのほか、A.S.PRODUCT Ⅱ COMPANY LIMITED（英国領ヴァージン諸島籍の法人）を営業者とし、本件外国投資証券を投資対象とする匿名組合「裁定システムファンドⅡ（Arbitrage System FundⅡ）」（以下、同ファンド及び裁定ファンドⅠを合わせて「本件特例２ファンド」という。）に係る出資持分の私募の取扱い等を行っているほか、あいグローバル・アセット・マネジメント株式会社（東京都港区、法人番号9010001065933、金融商品取引業者であった者（令和3年12月24日、金融庁長官より金融商品取引業の登録取消処分が行われた。）、発行済株式の40％を当社が保有。）が設定・運用する公募投資信託「あい・パワーファンド」（以下「本件公募投信」という。）の募集の取扱いを行っている。 しかしながら、当社は、金融商品取引業者として、新たな金融商品の販売に際して、適合性原則等を踏まえ、適正な投資勧誘の履行を確保する観点から、当該金融商品の特性やリスクの種類・大きさ等を適切に把握した上で、販売対象となる顧客を検討・評価するなどの必要性の認識が欠如していたことにより、商品審査の基準や手続き等を定めた社内規程を設けておらず、本件特例２ファンド及び本件公募投信の販売に際しても、こうした観点からの十分な商品審査を実施していない。 さらに、当社は、取り扱う金融商品の具体的なモニタリング方法について定めた社内規程を設けていない中、本件特例２ファンドに関し、STI社から本件外国投資法人に係る資産の運用状況に関する資料を入手し、これを確認・分析するなどして、モニタリングを実施していたとしている。 しかしながら、これら資料によれば、平成27年頃より、STI社によって、本件外国投資法人に係る資産の運用方法が大幅に変更されているなど、本件特例２ファンドの商品性に重大な影響を及ぼす事象が発生していたにもかかわらず、当社は、これらを看過しており、出資者に対する説明も適時に行っていない。 このほか、平成30年6月頃、当時の管理部長において、本件特例２ファンドに係る法令上必要な運用報告書がこれまで一切作成・交付されていないことについて認識するなど、問題意識を有していたにもかかわらず、当社は、特段の措置を講じることなく、これを放置している。 このように、当社は、極めて杜撰な経営管理態勢・内部管理態勢の下、顧客に対し、投資判断を行う上で重要となる情報を適時・適切に説明することなく、本件特例２ファンドについて、それぞれ48名に販売（総額約4.7億円）していたほか、本件公募投信について、145名に販売（総額約15億円）していた。 当社における上記業務運営の状況は、金融商品取引法第51条に規定する「業務の運営に関し、公益又は投資者保護のため必要かつ適当であるとき」に該当するものと認められる。 ARBITRAGE SYSTEM FUND COMPANY LIMITEDに対する検査結果に基づく勧告について（令和４年６月17日公表） 参考資料(PDF:229KB) （参考条文） ○　金融商品取引法（昭和23年法律第25号）（抄） （定義） 第二条　この法律において「有価証券」とは、次に掲げるものをいう。 一～十　（略） 十一　投資信託及び投資法人に関する法律に規定する投資証券、新投資口予約権証券若しくは投資法人債券又は外国投資証券 十二～二十一　（略） ２～７　（略） ８　この法律において「金融商品取引業」とは、次に掲げる行為（その内容等を勘案し、投資者の保護のため支障を生ずることがないと認められるものとして政令で定めるもの及び銀行、優先出資法第二条第一項に規定する協同組織金融機関（以下「協同組織金融機関」という。）その他政令で定める金融機関が行う第十二号、第十四号、第十五号又は第二十八条第八項各号に掲げるものを除く。）のいずれかを業として行うことをいう。 一～十四　（略） 十五　金融商品の価値等の分析に基づく投資判断に基づいて主として有価証券又はデリバティブ取引に係る権利に対する投資として、次に掲げる権利その他政令で定める権利を有する者から出資又は拠出を受けた金銭その他の財産の運用を行うこと（第十二号及び前号に掲げる行為に該当するものを除く。）。 イ・ロ 　（略） ハ　第二項第五号又は第六号に掲げる権利 第二十八条 １～３　（略） ４ 　この章において「投資運用業」とは、金融商品取引業のうち、次に掲げる行為のいずれかを業として行うことをいい、銀行、協同組織金融機関その他政令で定める金融機関が、当該行為のいずれかを業として行うことを含むものとする。 一・二　（略） 三　第二条第八項第十五号に掲げる行為 （登録） 第二十九条　金融商品取引業は、内閣総理大臣の登録を受けた者でなければ、行うことができない。 （変更登録等） 第三十一条 １～３　（略） ４　金融商品取引業者は、第二十九条の二第一項第五号、第六号、第七号ロ、第八号又は第九号に掲げる事項について変更をしようとするときは、内閣府令で定めるところにより、内閣総理大臣の行う変更登録を受けなければならない。 （金融商品取引業者に対する業務改善命令） 第五十一条　内閣総理大臣は、金融商品取引業者の業務の運営又は財産の状況に関し、公益又は投資者保護のため必要かつ適当であると認めるときは、その必要の限度において、当該金融商品取引業者に対し、業務の方法の変更その他業務の運営又は財産の状況の改善に必要な措置をとるべきことを命ずることができる。
2022-06-03,ソフトブレーン株式会社,,ソフトブレーン株式会社株券に係る内部者取引事件の告発について,https://www.fsa.go.jp/sesc/news/c_2022/2022/20220603-2.html,English version 令和４年６月３日 証券取引等監視委員会 ソフトブレーン株式会社株券に係る内部者取引事件の告発について 証券取引等監視委員会は、本日、金融商品取引法違反（内部者取引、情報伝達）の嫌疑で、嫌疑者４名を東京地方検察庁に告発した。告発の対象となった犯則事実については下記のとおり。 １．告発の対象となった犯則事実 （１）犯則嫌疑者Ａについて 犯則嫌疑者Ａは、東京証券取引所に株券を上場していたソフトブレーン株式会社（以下「ソフトブレーン」という。）の内部監査室長を務めていたものであり、令和２年７月中旬頃、その職務に関し、同社取締役らがその職務に関しアント・キャピタル・パートナーズ株式会社（以下「アント社」という。）からの伝達により知った、同社の業務執行を決定する機関がソフトブレーンの株券の公開買付けを行うことについての決定をした旨の公開買付けの実施に関する事実を知ったものであるが 第１　前記公開買付けの実施に関する事実の公表前である同月中旬頃、東京都内において、知人であるＢに対し、あらかじめソフトブレーンの株券を買い付けさせて利益を得させる目的をもって、同公開買付けの実施に関する事実を伝達したものであり、これにより伝達を受けた同人が、法定の除外事由がないのに、同公開買付けの実施に関する事実の公表前である同月下旬頃、証券会社を介し、東京証券取引所において、ソフトブレーンの株券合計２万株を代金合計約６７０万円で買い付け 第２　知人であるＣと共謀の上、法定の除外事由がないのに、前記公開買付けの実施に関する事実の公表前である同月下旬頃から同年８月中旬頃、証券会社を介し、東京証券取引所等において、同人名義で、ソフトブレーンの株券合計約１万株を代金合計約３９０万円で買い付け 第３　前記公開買付けの実施に関する事実の公表前である同年７月下旬頃、東京都内において、知人であるＤに対し、あらかじめソフトブレーンの株券を買い付けさせて利益を得させる目的をもって、同公開買付けの実施に関する事実を伝達したものであり、これにより伝達を受けた同人が、法定の除外事由がないのに、同公開買付けの実施に関する事実の公表前である同年８月上旬頃、証券会社を介し、東京証券取引所において、同人名義で、ソフトブレーンの株券合計２万７０００株の買い注文のうち約１０００万円相当分を同人の分として発注し、同月上旬頃、約定した合計２万７０００株のうち２万４５４５株を代金約９８０万円で買い付け 第４　前記Ｄと共謀の上、法定の除外事由がないのに、前記公開買付けの実施に関する事実の公表前である同月上旬頃、証券会社を介し、東京証券取引所において、同人名義で、ソフトブレーンの株券合計２万７０００株の買い注文のうち約１００万円相当分を犯則嫌疑者Ａの分として発注し、即日、約定した株のうち２４５５株を代金合計約９０万円で買い付け たものである。 （２）犯則嫌疑者Ｂについて 犯則嫌疑者Ｂは、東京証券取引所に株券を上場していたソフトブレーンの内部監査室長を務めていたＡから、令和２年７月中旬頃、同人がその職務に関し知った、同社取締役らがその職務に関しアント社からの伝達により知った同社の業務執行を決定する機関がソフトブレーンの株券の公開買付けを行うことについての決定をした旨の公開買付けの実施に関する事実の伝達を受け、法定の除外事由がないのに、同公開買付けの実施に関する事実の公表前である同月下旬頃、証券会社を介し、東京証券取引所において、ソフトブレーンの株券合計２万株を代金合計約６７０万円で買い付けたものである。 （３）犯則嫌疑者Ｃについて 犯則嫌疑者Ｃは、Ａの知人であるもの、前記Ａは、東京証券取引所に株券を上場していたソフトブレーンの内部監査室長を務めていたものであり、令和２年７月中旬頃、その職務に関し、同社取締役らがその職務に関しアント社からの伝達により知った、同社の業務執行を決定する機関がソフトブレーンの株券の公開買付けを行うことについての決定をした旨の公開買付けの実施に関する事実を知ったものであるが、犯則嫌疑者Ｃは、前記Ａと共謀の上、法定の除外事由がないのに、前記公開買付けの実施に関する事実の公表前である同月下旬頃から同年８月中旬頃、証券会社を介し、東京証券取引所等において、犯則嫌疑者Ｃ名義で、ソフトブレーンの株券合計約１万株を代金合計約３９０万円で買い付けたものである。 （４）犯則嫌疑者Ｄについて 犯則嫌疑者Ｄは、東京証券取引所に株券を上場していたソフトブレーンの内部監査室長を務めていたＡから、令和２年７月下旬頃、同人がその職務に関し知った、同社取締役らがその職務に関しアント社からの伝達により知った同社の業務執行を決定する機関がソフトブレーンの株券の公開買付けを行うことについての決定をした旨の公開買付けの実施に関する事実の伝達を受け、法定の除外事由がないのに、同公開買付けの実施に関する事実の公表前である同年８月上旬頃、証券会社を介し、東京証券取引所において、犯則嫌疑者Ｄ名義で、ソフトブレーンの株券２万７０００株の買い注文のうち約１００万円相当分は前記Ａと共謀の上、約１０００万円相当分は犯則嫌疑者Ｄ単独で発注し、同月上旬頃、約定した合計２万７０００株のうち前記Ａと共謀して２４５５株を代金約９０万円で、犯則嫌疑者Ｄ単独で２万４５４５株を代金約９８０万円で買い付けたものである。 ２．関連条文 金融商品取引法 （１）について 第１及び第３　同法第１９７条の２第１５号、第１６７条の２第２項 第２及び第４　同法第１９７条の２第１３号、第１６７条第１項第６号、刑法第６０条 （２）について 同法第１９７条の２第１３号、第１６７条第３項、第１項第６号 （３）について 同法第１９７条の２第１３号、第１６７条第１項第６号、刑法第６０条 （４）について 同法第１９７条の２第１３号、第１６７条第３項、第１項第６号、刑法第６０条 法定刑：５年以下の懲役若しくは５００万円以下の罰金又はこれを併科
2022-06-03,Ａ法人と伊藤忠商事株式会社,,公開買付者との契約締結交渉者の役員によるファミリーマート株式に係る内部者取引に対する課徴金納付命令の勧告について,https://www.fsa.go.jp/sesc/news/c_2022/2022/20220603-1.html,"English version 令和4年6月3日 証券取引等監視委員会 公開買付者との契約締結交渉者の役員によるファミリーマート株式に係る内部者取引に対する課徴金納付命令の勧告について １．勧告の内容 証券取引等監視委員会は、公開買付者との契約締結交渉者の役員によるファミリーマート株式に係る内部者取引について検査した結果、下記のとおり法令違反の事実が認められたので、本日、内閣総理大臣及び金融庁長官に対して、金融庁設置法第２０条第１項の規定に基づき、課徴金納付命令を発出するよう勧告を行った。 ２．法令違反の事実関係 課徴金納付命令対象者は、Ａ法人の役員であるが、Ａ法人と伊藤忠商事株式会社（以下「伊藤忠商事」という。）等との間の、株式会社ファミリーマート（以下「ファミリーマート」という。令和２年１１月１２日上場廃止。）株式に対する公開買付けに関する契約の締結の交渉に関し、伊藤忠商事の業務執行を決定する機関が、ファミリーマート株式の公開買付けを行うことについての決定をした旨の公開買付けの実施に関する事実を知りながら、上記事実の公表がされた令和２年７月８日午後５時１０分頃より前の同日午後１時４８分頃、自己の計算において、ファミリーマート株式合計２０００株を買付価額合計３４９万７８００円で買い付けたものである。 違反行為事実の概要については、 別図 のとおり。 課徴金納付命令対象者が行った上記の行為は、金融商品取引法第１７５条第２項に規定する「第１６７条第１項の規定に違反して、同条第１項に規定する特定株券等若しくは関連株券等に係る買付け等をした」行為に該当すると認められる。 ３．課徴金の額の計算 上記の違反行為に対し、金融商品取引法に基づき納付を命じられる課徴金の額は、１６７万円である。 計算方法の詳細については、 別紙 のとおり。 ４．その他 本件については、日本取引所自主規制法人より提供された情報等を参考として、実態解明を行ったものである。 （別図） ○違反行為事実の概要について （クリックすると拡大されます） （別紙） ○課徴金の額の計算方法について １．金融商品取引法第１７５条第２項第２号の規定により、当該有価証券の買付けについて、公開買付け等の実施に関する事実の公表がされた後２週間における最も高い価格（2,588円）に当該有価証券の買付けの数量を乗じて得た額から、当該有価証券の買付けをした価格にその数量を乗じて得た額を控除した額。 （2,588円×2,000株） －(1,748円×200株＋1,749円×1,800株) ＝1,678,200円 ２．金融商品取引法第１７６条第２項の規定により、上記１．で計算した額の１万円未満の端数を切捨て。"
2022-04-26,株式会社スパンクリートコーポレーション,,スパンクリートコーポレーション株式に係る相場操縦に対する課徴金納付命令の勧告について,https://www.fsa.go.jp/sesc/news/c_2022/2022/20220426-2.html,"English version 令和４年４月26日 証券取引等監視委員会 スパンクリートコーポレーション株式に係る相場操縦に対する課徴金納付命令の勧告について １．勧告の内容 証券取引等監視委員会は、スパンクリートコーポレーション株式に係る相場操縦について検査した結果、下記のとおり法令違反の事実が認められたので、本日、内閣総理大臣及び金融庁長官に対して、金融庁設置法第２０条第１項の規定に基づき、課徴金納付命令を発出するよう勧告を行った。 ２．法令違反の事実関係 課徴金納付命令対象者は、株式会社スパンクリートコーポレーションの株式につき、同株式の売買を誘引する目的をもって、別表１記載のとおり、令和２年７月２９日午後１時５４分頃から同年８月２５日午後０時３８分頃までの間、１９取引日にわたり、直前の約定値より高い指値の買い注文を発注して、他の投資者が発注した売り注文を買い付けることにより直前の約定値より株価を引き上げたり、自身が発注した売り注文に対し買い注文を発注して対当させたりするなどの方法により、同株式合計６万８３００株を買い付ける一方、同株式合計４万６０００株を売り付け、もって、自己の計算において、同株式の売買が繁盛であると誤解させ、かつ、同株式の相場を変動させるべき一連の売買をしたものである。 違反行為事実の概要については、 別図 のとおり。 課徴金納付命令対象者が行った上記の行為は、金融商品取引法第１７４条の２第１項に規定する「第１５９条第２項第１号の規定に違反する一連の有価証券売買等」に該当すると認められる。 ３．課徴金の額の計算 上記の違反行為に対し金融商品取引法に基づき納付を命じられる課徴金の額は、３０９万円である。 計算方法の詳細については、 別紙 のとおり。 ４．その他 本件については、日本取引所自主規制法人より提供された情報等を参考として、実態解明を行ったものである。 （別表１） ○違反行為状況 （クリックすると拡大されます） （別図） ○違反行為事実の概要について （クリックすると拡大されます） （別紙） ○課徴金の額の計算方法について １． 別表１ の違反行為に係る課徴金の額の計算の基礎は以下のとおりである。 (1)　金融商品取引法第１７４条の２第１項の規定により、当該違反行為に係る課徴金の額は、 ア．当該違反行為に係る有価証券の売買対当数量に係るものについて、自己の計算による当該有価証券の売付け等の価額から、自己の計算による当該有価証券の買付け等の価額を控除した額 及び イ．当該違反行為に係る自己の計算による有価証券の買付け等の数量が、当該違反行為に係る自己の計算による有価証券の売付け等の数量を超える場合、当該違反行為が終了してから１月を経過するまでの間の各日における当該違反行為に係る有価証券の売付け等についての金融商品取引法第６７条の１９又は第１３０条に規定する最高の価格のうち最も高い価格に当該超える数量を乗じて得た額から当該超える数量に係る有価証券の買付け等の価額を控除した額 の合計額として算定。 (2)　上記(1)で算定された課徴金の額につき、金融商品取引法第１７６条第２項の規定により１万円未満の端数を切り捨てて算定。 ２． 別表１ に掲げるスパンクリートコーポレーション株式に係る取引 (1)　当該違反行為に係る自己の計算による有価証券の売付け等の数量は、46,000株であり、当該違反行為に係る自己の計算による有価証券の買付け等の数量は、実際の買付け等の数量68,300株に、金融商品取引法第１７４条の２第８項及び金融商品取引法施行令第３３条の１３第１号の規定により、違反行為の開始時にその時における価格（300円）で買付け等を自己の計算においてしたものとみなされる当該違反行為の開始時に所有している有価証券の数量9,800株を加えた78,100株であることから、 ア．当該違反行為に係る有価証券の売買対当数量（46,000株）に係るものについて、自己の計算による当該有価証券の売付け等の価額から、自己の計算による当該有価証券の買付け等の価額を控除した額 （有価証券の売付け等の価額：14,348,800円） －（有価証券の買付け等の価額：14,037,700円） ＝311,100円 及び イ．当該違反行為に係る自己の計算による有価証券の買付け等の数量（78,100株）が、当該違反行為に係る自己の計算による有価証券の売付け等の数量（46,000株）を超えていることから、当該違反行為が終了してから１月を経過するまでの間の各日における当該違反行為に係る有価証券の売付け等についての金融商品取引法第６７条の１９又は第１３０条に規定する最高の価格のうち最も高い価格（400円）に当該超える数量32,100株（買付け等の数量78,100株－売付け等の数量46,000株）を乗じて得た額（ａ）から、当該超える数量に係る有価証券の買付け等の価額（ｂ）を控除した額 （ａ：12,840,000円）－（ｂ：10,059,700円） ＝2,780,300円 の合計額3,091,400円となる。 (2)　金融商品取引法第１７６条第２項の規定により、上記（1）で計算した額の１万円未満の端数を切捨て、3,090,000円となる。 ※　違反行為に係る売付け等の価額及び買付け等の価額の詳細については、 別表２ を参照。 別表２（PDF）"
2022-04-15,株式会社ＭＴＧ,7806,株式会社ＭＴＧにおける四半期報告書の虚偽記載に係る課徴金納付命令勧告について,https://www.fsa.go.jp/sesc/news/c_2022/2022/20220415-1.html,"English version 令和４年４月15日 証券取引等監視委員会 株式会社ＭＴＧにおける四半期報告書の虚偽記載に係る課徴金納付命令勧告について １．勧告の内容 証券取引等監視委員会は、株式会社ＭＴＧ（法人番号6180001051390）（以下「当社」という。）における金融商品取引法に基づく開示規制の違反について検査した結果、以下のとおり法令違反の事実が認められたので、本日、内閣総理大臣及び金融庁長官に対して、金融庁設置法第20条第１項の規定に基づき、課徴金納付命令を発出するよう勧告を行った。 ２．法令違反の事実関係 当社は、売上の過大計上という不適正な会計処理を行った。 この結果、当社は、関東財務局長に対し、金融商品取引法第172条の４第２項に規定する「重要な事項につき虚偽の記載」がある以下の四半期報告書を提出した（「重要な事項につき虚偽の記載」の内容は別紙１のとおり）。 ・平成30年12月第１四半期四半期報告書（平成31年２月13日提出） ３．課徴金の額の計算 上記の違法行為について金融商品取引法に基づき算定される課徴金の額は、366万円である（計算方法については別紙２のとおり。）。 【別紙１】四半期報告書の虚偽記載内容 番号 対象書類 虚偽記載 提出日 書類 会計期間 記載項目 主な内容（注） 主な事由 １ 平成31年 ２月13日 第24期第１四半期（平成30年10月１日～同年12月31日）に係る四半期報告書 平成30年10月１日～同年12月31日の第１四半期連結累計期間 四半期連結 損益計算書 親会社株主に帰属する四半期純利益が ▲1,760百万円であるところを719百万円と記載 売上の過大 計上 （注）金額は百万円未満切捨てである。 【別紙２】課徴金の計算方法 金融商品取引法第172条の４第２項の規定により、平成30年12月第１四半期四半期報告書について算出した課徴金の額は、 当社が発行する算定基準有価証券の市場価額の総額に10万分の６を乗じて得た額14,653,242円が6,000,000円を超えることから、 平成30年12月第１四半期四半期報告書については、14,653,242円の２分の１に相当する額である7,320,000円（金融商品取引法第176条第２項の規定により１万円未満の端数を切り捨て。） となるが、金融商品取引法第26条第１項の規定による検査等が行われる前に、課徴金の減額に係る報告書が提出されていることから、金融商品取引法第185条の７第14項の規定により、 7,320,000円に100分の50を乗じて得た額に相当する額である3,660,000円 となる。"
2022-04-12,ＳＭＢＣ日興証券株式会社,,ＳＭＢＣ日興証券株式会社による相場操縦事件の告発について（２）,https://www.fsa.go.jp/sesc/news/c_2022/2022/20220412-1.html,English version 令和４年４月１２日 証券取引等監視委員会 ＳＭＢＣ日興証券株式会社による相場操縦事件の告発について（２） 証券取引等監視委員会は、本日、金融商品取引法違反（安定操作）の嫌疑で、嫌疑法人１社及び嫌疑者４名を東京地方検察庁に告発した。告発の対象となった犯則事実については下記のとおり。 １．告発の対象となった犯則事実 犯則嫌疑法人ＳＭＢＣ日興証券株式会社（以下「犯則嫌疑法人」という。）は、有価証券の売買等を目的とする会社、犯則嫌疑者Ａは、犯則嫌疑法人の副社長執行役員グローバル・マーケッツ統括として、犯則嫌疑法人のエクイティ本部、金融市場本部等の業務全般を統括していたもの、犯則嫌疑者Ｂは、犯則嫌疑法人のエクイティ本部エクイティ部部長として、犯則嫌疑法人の自己勘定での株式取引等を担当していたもの、犯則嫌疑者Ｃは、犯則嫌疑法人のグローバル金融ソリューション部副部長兼エクイティ・ソリューション課課長として、犯則嫌疑法人の大口株式の売却需要案件に関する営業支援及びこれら売却に係る社内調整等を担当していたもの、犯則嫌疑者Ｄは、犯則嫌疑法人のエクイティ本部エクイティ部エクイティ・トレーディング課において犯則嫌疑法人の自己勘定での株式取引等に従事していたものであるが、犯則嫌疑法人の業務に関し 第１　Ｂ及びＣらは、共謀の上、東京証券取引所が開設する有価証券市場に上場されている株式会社ジンズホールディングスが発行した株券について、犯則嫌疑法人が扱う「ブロックオファー」取引において、売買価格の基準となる同取引当日の終値等が前日の終値に比して大幅に下落することを回避し、その株価を７８００円程度に維持しようと企て、金融商品取引法施行令で定めるところに違反して、同株券の相場を安定させる目的をもって、令和２年１０月２２日午前１０時３９分頃から同日午前１１時３０分頃までの間、前記市場において、指値７７９０円の買い注文を大量に入れるなどの方法により、同株券合計２万７７００株の買付けの申込みを行って、そのうち合計１万３３００株を買い付け 第２　Ｂらは、共謀の上、前記市場に上場されているトヨタ紡織株式会社が発行した株券について、犯則嫌疑法人が扱う「ブロックオファー」取引において、売買価格の基準となる同取引当日の終値等が前日の終値に比して大幅に下落することを回避し、その株価を１４２５円程度に維持しようと企て、前記施行令で定めるところに違反して、前同様の目的をもって、同年１１月１７日午後２時４５分頃から同日午後３時頃までの間、前記市場において、指値１４３０円の買い注文を大量に入れるなどの方法により、同株券合計５０万株の買付けの申込みを行って、同株券合計５０万株を買い付け 第３　Ｂらは、共謀の上、前記市場に上場されている日本ペイントホールディングス株式会社が発行した株券について、犯則嫌疑法人が扱う「ブロックオファー」取引において、売買価格の基準となる同取引当日の終値等が前日の終値に比して大幅に下落することを回避し、その株価を１万１２２０円程度に維持しようと企て、前記施行令で定めるところに違反して、前同様の目的をもって、同年１２月１５日午後零時１２分頃から同日午後３時頃までの間、前記市場において、指値１万１３００円の買い注文を大量に入れるなどの方法により、同株券合計４万２０００株の買付けの申込みを行って、そのうち合計４万株を買い付け 第４　Ｂ、Ｃ及びＤらは、共謀の上、前記市場に上場されている株式会社ゴールドウインが発行した株券について、犯則嫌疑法人が扱う「ブロックオファー」取引において、売買価格の基準となる同取引当日の終値等が前日の終値に比して大幅に下落することを回避し、その株価を６９００円程度に維持しようと企て、前記施行令で定めるところに違反して、前同様の目的をもって、同月２２日午前８時５４分頃から同日午後３時頃までの間、前記市場において、指値６９５０円の買い注文を大量に入れるなどの方法により、同株券合計９万２１００株の買付けの申込みを行って、そのうち合計７万１０００株を買い付け 第５　Ａ、Ｂ、Ｃ及びＤは、共謀の上、前記市場に上場されている大正製薬ホールディングス株式会社が発行した株券について、犯則嫌疑法人が扱う「ブロックオファー」取引において、売買価格の基準となる同取引当日の終値等が前日の終値に比して大幅に下落することを回避し、その株価を６６００円程度に維持しようと企て、前記施行令で定めるところに違反して、前同様の目的をもって、令和３年４月８日午後２時５７分頃から同日午後３時頃までの間、前記市場において、指値６６００円の買い注文を大量に入れるなどの方法により、同株券合計１０万株の買付けの申込みを行って、そのうち合計４万２００株を買い付け もって、それぞれ、前記市場における各株券の相場を安定させる目的をもって、一連の有価証券売買及びその申込みをしたものである。 ２．関連条文 金融商品取引法 同法第１９７条第１項第５号、同法第１５９条第３項、同法第２０７条第１項第１号、刑法第６０条 法定刑： 法人につき　７億円以下の罰金 個人につき　１０年以下の懲役若しくは１０００万円以下の罰金又はこれを併科 ３．その他 本件については、日本取引所自主規制法人により支援がなされている。
2022-04-26,株式会社ジー・スリーホールディングス,3647,株式会社ジー・スリーホールディングスにおける有価証券報告書等の虚偽記載に係る課徴金納付命令勧告について,https://www.fsa.go.jp/sesc/news/c_2022/2022/20220426-1.html,"English version 令和４年４月26日 証券取引等監視委員会 株式会社ジー・スリーホールディングスにおける有価証券報告書等の虚偽記載に係る課徴金納付命令勧告について １．勧告の内容 証券取引等監視委員会は、株式会社ジー・スリーホールディングス（法人番号7010401094468）（以下「当社」という。）における金融商品取引法に基づく開示規制の違反について検査した結果、以下のとおり法令違反の事実が認められたので、本日、内閣総理大臣及び金融庁長官に対して、金融庁設置法第20条第１項の規定に基づき、課徴金納付命令を発出するよう勧告を行った。 ２．法令違反の事実関係 （１）継続開示書類 ア　当社は、売上の前倒し計上及び売上の架空計上等の不適正な会計処理を行った。 この結果、当社は、関東財務局長に対し、金融商品取引法第172 条の４第１項及び第２項に規定する「重要な事項につき虚偽の記載」がある以下の有価証券報告書及び四半期報告書を提出した（「重要な事項につき虚偽の記載」の内容は別紙１の表の番号１から番号11のとおり）。 ・平成29年５月第３四半期四半期報告書（平成29年７月14日提出） ・平成29年８月期有価証券報告書（平成29年11月30日提出） ・平成29年11月第１四半期四半期報告書（平成30年１月12日提出） ・平成30年２月第２四半期四半期報告書（平成30年４月13日提出） ・平成30年５月第３四半期四半期報告書（平成30年７月13日提出） ・平成30年８月期有価証券報告書（平成30年11月30日提出） ・平成30年11月第１四半期四半期報告書（平成31年１月15日提出） ・平成31年２月第２四半期四半期報告書（平成31年４月12日提出） ・令和元年５月第３四半期四半期報告書（令和元年７月12日提出） ・令和元年８月期有価証券報告書（令和元年11月29日提出） ・令和元年11月第１四半期四半期報告書（令和２年１月14日提出） イ　当社は、当社の実質的な主要株主であり役員に準ずる者が議決権の過半数を所有している会社との取引を、「関連当事者との取引」（連結財務諸表の用語、様式及び作成方法に関する規則第15条の４の２第１項）として、連結財務諸表への注記を行わなかった。 当社は、これにより、記載すべき重要な事項の記載が欠けている有価証券報告書を提出した。 この結果、当社は、関東財務局長に対し、金融商品取引法第172条の４第１項に規定する「記載すべき重要な事項の記載が欠けている」以下の有価証券報告書を提出したものである（「記載すべき重要な事項が欠けている」の内容は別紙１の表の番号13のとおり）。 ・令和２年８月期有価証券報告書（令和２年11月30日提出） （２）発行開示書類 当社は、関東財務局長に対し、令和２年１月28日、上記（１）アの重要な事項につき虚偽の記載がある令和元年８月期有価証券報告書及び令和元年11月第１四半期四半期報告書を組込情報とする金融商品取引法第172条の２第１項に規定する「重要な事項につき虚偽の記載」がある有価証券届出書（株券の募集）を提出し、当該有価証券届出書に基づく募集により、令和２年２月13日、2,450,000株の株券を490,000,000円で取得させた（「重要な事項につき虚偽の記載」の内容は別紙１の表の番号12のとおり）。 ３．課徴金の額の計算 上記の違法行為について金融商品取引法に基づき算定される課徴金の額は、4,605万円である（計算方法については別紙２のとおり。）。 【別紙１】有価証券報告書等の虚偽記載内容 番号 対象書類 虚偽記載 提出日 書類 会計期間 記載項目 主な内容（注） 主な事由 １ 平成29年７月14日 第７期第３四半期（平成29年３月１日～同年５月31日）に係る四半期報告書 平成28年９月１日～平成29年５月31日の第３四半期連結累計期間 四半期連結 損益計算書 親会社株主に帰属する四半期純利益が ▲78,574千円であるところを166,273千円と記載 売上の前倒し計上、売上の架空計上 平成29年３月１日～同年５月31日の第３四半期連結会計期間 四半期連結 貸借対照表 連結純資産額が909,527千円であるところを1,154,952千円と記載 ２ 平成29年11月30日 第７期（平成28年９月１日～平成29年８月31日）に係る有価証券報告書 平成28年９月１日～平成29年８月31日の連結会計期間 連結 損益計算書 親会社株主に帰属する当期純利益が ▲20,435千円であるところを493,465千円と記載 売上の前倒し計上、売上の架空計上 連結 貸借対照表 連結純資産額が966,454千円であるところを1,482,143千円と記載 ３ 平成30年１月12日 第８期第１四半期（平成29年９月１日～同年11月30日）に係る四半期報告書 平成29年９月１日～同年11月30日の第１四半期連結会計期間 四半期連結 貸借対照表 連結純資産額が840,640千円であるところを1,300,677千円と記載 当四半期前の売上の過大計上 ４ 平成30年４月13日 第８期第２四半期（平成29年12月１日～平成30年２月28日）に係る四半期報告書 平成29年12月１日～平成30年２月28日の第２四半期連結会計期間 四半期連結 貸借対照表 連結純資産額が1,083,693千円であるところを1,574,592千円と記載 売上の前倒し計上、当四半期前の売上の過大計上 ５ 平成30年７月13日 第８期第３四半期（平成30年３月１日～同年５月31日）に係る四半期報告書 平成30年３月１日～同年５月31日の第３四半期連結会計期間 四半期連結 貸借対照表 連結純資産額が1,041,084千円であるところを1,533,625千円と記載 当四半期前の売上の過大計上 ６ 平成30年11月30日 第８期（平成29年９月１日～平成30年８月31日）に係る有価証券報告書 平成29年９月１日～平成30年８月31日の連結会計期間 連結 損益計算書 親会社株主に帰属する当期純利益が ▲197,162千円であるところを439,029千円と記載 売上の前倒し計上、売上の架空計上 連結 貸借対照表 連結純資産額が764,305千円であるところを1,881,095千円と記載 ７ 平成31年１月15日 第９期第１四半期（平成30年９月１日～同年11月30日）に係る四半期報告書 平成30年９月１日～同年11月30日の第１四半期連結会計期間 四半期連結 貸借対照表 連結純資産額が425,284千円であるところを1,517,468千円と記載 当四半期前の売上の過大計上 ８ 平成31年４月12日 第９期第２四半期（平成30年12月１日～平成31年２月28日）に係る四半期報告書 平成30年12月１日～平成31年２月28日の第２四半期連結会計期間 四半期連結 貸借対照表 連結純資産額が651,586千円であるところを1,545,173千円と記載 当四半期前の売上の過大計上 ９ 令和元年７月12日 第９期第３四半期（平成31年３月１日～令和元年５月31日）に係る四半期報告書 平成31年３月１日～令和元年５月31日の第３四半期連結会計期間 四半期連結 貸借対照表 連結純資産額が612,355千円であるところを1,576,765千円と記載 当四半期前の売上の過大計上 10 令和元年11月29日 第９期（平成30年９月１日～令和元年８月31日）に係る有価証券報告書 平成30年９月１日～令和元年８月31日の連結会計期間 連結 貸借対照表 連結純資産額が1,244,932千円であるところを1,960,282千円と記載 当期前の売上の過大計上 11 令和２年１月14日 第10期第１四半期（令和元年９月１日～同年11月30日）に係る四半期報告書 令和元年９月１日～同年11月30日の第１四半期連結会計期間 四半期連結 貸借対照表 連結純資産額が993,019千円であるところを1,726,454千円と記載 当四半期前の売上の過大計上 12 令和２年１月28日 有価証券届出書（株券の募集） 「第四部 組込情報」 番号10、11に掲げる第９期に係る有価証券報告書及び第10期第１四半期に係る四半期報告書を組み込み 番号10、11参照 （注）金額は千円未満切捨てである。 番号 対象書類 記載すべき重要な事項の欠缺 提出日 書類 内容 13 令和２年11月30日 第10期（令和元年９月１日～令和２年８月31日）に係る有価証券報告書 ・第５【経理の状況】１【連結財務諸表等】(1)【連結財務諸表】【注記事項】【関連当事者情報】において、当社と関連当事者に該当する法人との重要な取引を「関連当事者との取引」として記載しなかった。 【別紙２】課徴金の計算方法 （１）　金融商品取引法第172条の４第１項及び第２項の規定により、平成29年５月第３四半期四半期報告書及び平成29年８月期有価証券報告書ごとに算出した額（以下（１）において「個別決定ごとの算出額」という。）は、 ア　当社が発行する算定基準有価証券の市場価額の総額に10万分の６を乗じて得た額 ・平成29年５月第３四半期四半期報告書に係る額　　　2,780,656円 ・平成29年８月期有価証券報告書に係る額　　　　　   3,333,996円 が、いずれも イ　6,000,000円 を超えないことから、 ・平成29年５月第３四半期四半期報告書については、6,000,000円の２分の１に相当する額である3,000,000円 ・平成29年８月期有価証券報告書については、6,000,000円 となる。 ここで、これらの開示書類が同一の事業年度に係るものであることから、金融商品取引法第185条の７第６項の規定により、6,000,000円を個別決定ごとの算出額に応じて按分した下記の金額が、これらの開示書類に係る課徴金の額となる。 ・平成29年５月第３四半期四半期報告書に係る課徴金の額は、2,000,000円 ・平成29年８月期有価証券報告書に係る課徴金の額は、4,000,000円 （２）　金融商品取引法第172条の４第１項及び第２項の規定により、平成29年11月第１四半期四半期報告書、平成30年２月第２四半期四半期報告書、平成30年５月第３四半期四半期報告書及び平成30年８月期有価証券報告書ごとに算出した額（以下（２）において「個別決定ごとの算出額」という。）は、 ア　当社が発行する算定基準有価証券の市場価額の総額に10万分の６を乗じて得た額 ・平成29年11月第１四半期四半期報告書に係る額      4,180,176円 ・平成30年２月第２四半期四半期報告書に係る額       3,162,478円 ・平成30年５月第３四半期四半期報告書に係る額       3,114,132円 ・平成30年８月期有価証券報告書に係る額             　3,291,591円 が、いずれも イ　6,000,000円 を超えないことから、 ・平成29年11月第１四半期四半期報告書については、6,000,000円の２分の１に相当する額である3,000,000円 ・平成30年２月第２四半期四半期報告書については、6,000,000円の２分の１に相当する額である3,000,000円 ・平成30年５月第３四半期四半期報告書については、6,000,000円の２分の１に相当する額である3,000,000円 ・平成30年８月期有価証券報告書については、6,000,000円 となる。 ここで、これらの開示書類が同一の事業年度に係るものであることから、金融商品取引法第185条の７第６項の規定により、6,000,000円を個別決定ごとの算出額に応じて按分した下記の金額が、これらの開示書類に係る課徴金の額となる。 ・平成29年11月第１四半期四半期報告書に係る課徴金の額は、1,200,000円 ・平成30年２月第２四半期四半期報告書に係る課徴金の額は、1,200,000円 ・平成30年５月第３四半期四半期報告書に係る課徴金の額は、1,200,000円 ・平成30年８月期有価証券報告書に係る課徴金の額は、2,400,000円 （３）　金融商品取引法第172条の４第１項及び第２項の規定により、平成30年11月第１四半期四半期報告書、平成31年２月第２四半期四半期報告書、令和元年５月第３四半期四半期報告書及び令和元年８月期有価証券報告書ごとに算出した額（以下（３）において「個別決定ごとの算出額」という。）は、 ア　当社が発行する算定基準有価証券の市場価額の総額に10万分の６を乗じて得た額 ・平成30年11月第１四半期四半期報告書に係る額      2,141,060円 ・平成31年２月第２四半期四半期報告書に係る額       1,691,832円 ・令和元年５月第３四半期四半期報告書に係る額        　285,656円 ・令和元年８月期有価証券報告書に係る額             　 1,103,378円 が、いずれも イ　6,000,000円 を超えないことから、 ・平成30年11月第１四半期四半期報告書については、6,000,000円の２分の１に相当する額である3,000,000円 ・平成31年２月第２四半期四半期報告書については、6,000,000円の２分の１に相当する額である3,000,000円 ・令和元年５月第３四半期四半期報告書については、6,000,000円の２分の１に相当する額である3,000,000円 ・令和元年８月期有価証券報告書については、6,000,000円 となる。 ここで、これらの開示書類が同一の事業年度に係るものであることから、金融商品取引法第185条の７第６項の規定により、6,000,000円を個別決定ごとの算出額に応じて按分した下記の金額が、これらの開示書類に係る課徴金の額となる。 ・平成30年11月第１四半期四半期報告書に係る課徴金の額は、1,200,000円 ・平成31年２月第２四半期四半期報告書に係る課徴金の額は、1,200,000円 ・令和元年５月第３四半期四半期報告書に係る課徴金の額は、1,200,000円 ・令和元年８月期有価証券報告書に係る課徴金の額は、2,400,000円 （４）　金融商品取引法第172条の４第１項及び第２項の規定により、令和元年11月第１四半期四半期報告書及び令和２年８月期有価証券報告書ごとに算出した額（以下（４）において「個別決定ごとの算出額」という。）は、 ア　当社が発行する算定基準有価証券の市場価額の総額に10万分の６を乗じて得た額 ・令和元年11月第１四半期四半期報告書に係る額　　　　　266,872円 ・令和２年８月期有価証券報告書に係る額　　　　　  　　  226,075円 が、いずれも イ　6,000,000円 を超えないことから、 ・令和元年11月第１四半期四半期報告書については、6,000,000円の２分の１に相当する額である3,000,000円 ・令和２年８月期有価証券報告書については、6,000,000円 となる。 ここで、これらの開示書類が同一の事業年度に係るものであることから、金融商品取引法第185条の７第６項の規定により、6,000,000円を個別決定ごとの算出額に応じて按分した下記の金額が、これらの開示書類に係る課徴金の額となる。 ・令和元年11月第１四半期四半期報告書に係る課徴金の額は、2,000,000円 ・令和２年８月期有価証券報告書に係る課徴金の額は、4,000,000円 （５） 金融商品取引法第172条の２第１項第１号の規定により、当社の令和２年１月28日提出の有価証券届出書（株券の募集）に係る課徴金の額は、 重要な事項につき虚偽の記載がある発行開示書類に基づく募集により取得させた株券の発行価額の総額490,000,000円の100分の4.5に相当する額である22,050,000 円 となる。"
2022-03-31,参入する外国証券会社,,「証券モニタリングに関する基本指針」の一部改正について,https://www.fsa.go.jp/sesc/news/c_2022/2022/20220331-1.html,令和4年3月31日 証券取引等監視委員会 「証券モニタリングに関する基本指針」の一部改正について １．　証券取引等監視委員会では、透明性の高い効率的かつ効果的な検査を実施するとの観点から検査手続等を記載 した「証券モニタリングに関する基本指針」（以下「基本指針」という。）を策定し、公表しているところで す。 ２．　今般、新規に日本に参入する外国証券会社等が提出する書類について、英語で作成し、提出できることとする 改正を 別紙 のとおり、行いました。 ３．　改正後の基本指針は、本日から適用します。 （別紙） 「証券モニタリングに関する基本指針」（新旧対照表）（PDF/122KB） お問い合わせ先 証券取引等監視委員会事務局証券検査課 03-3506-6000（代表）（内線：3032、3039）
2022-03-25,川田テクノロジーズ株式会社,3443,川田テクノロジーズ株式に係る相場操縦に対する課徴金納付命令の勧告について,https://www.fsa.go.jp/sesc/news/c_2022/2022/20220325-1.html,"English version 令和４年３月25日 証券取引等監視委員会 川田テクノロジーズ株式に係る相場操縦に対する課徴金納付命令の勧告について １．勧告の内容 証券取引等監視委員会は、川田テクノロジーズ株式に係る相場操縦について検査した結果、下記のとおり法令違反の事実が認められたので、本日、内閣総理大臣及び金融庁長官に対して、金融庁設置法第２０条第１項の規定に基づき、課徴金納付命令を発出するよう勧告を行った。 ２．法令違反の事実関係 課徴金納付命令対象者は、川田テクノロジーズ株式会社の株式につき、同株式の売買を誘引する目的をもって、別表１記載のとおり、令和元年８月１４日午前８時５０分頃から同月２２日午前９時９分頃までの間、７取引日にわたり、自己及び親族名義で、最良売り気配付近に複数の売り注文を発注して売り板を厚くした上で、同株式を下値で買い付けた後、最良売り気配付近に発注していた複数の売り注文を取り消して売り板を薄くするとともに最良買い気配付近に複数の買い注文を発注して買い板を厚くしたり、最良売り気配に発注していた自身の売り注文に対し買い注文を発注して対当させたりして、同株式を上値で売り付けるなどの方法により、同株式合計２万６５００株の買付けの委託を行うとともに、同株式合計４万５７００株を買い付ける一方、同株式合計９万６６００株の売付けの委託を行うとともに、同株式合計４万５７００株を売り付け、もって、自己の計算において、同株式の売買が繁盛であると誤解させ、かつ、同株式の相場を変動させるべき一連の売買及び委託をしたものである。 違反行為事実の概要については、 別図 のとおり。 課徴金納付命令対象者が行った上記の行為は、金融商品取引法第１７４条の２第１項に規定する「第１５９条第２項第１号の規定に違反する一連の有価証券売買等」に該当すると認められる。 ３．課徴金の額の計算 上記の違反行為に対し金融商品取引法に基づき納付を命じられる課徴金の額は、５８万５０００円である（金融商品取引法第１８５条の７第１５項の規定により、金融商品取引法第１７４条の２第１項の規定による額に代えて、当該額の１．５倍に相当する額となる）。 計算方法の詳細については、 別紙 のとおり。 ４．その他 本件については、日本取引所自主規制法人より提供された情報等を参考として、実態解明を行ったものである。 なお、平成３０年３月２３日、当委員会は、課徴金納付命令対象者が相場操縦を行ったことについて、内閣総理大臣及び金融庁長官に対し、課徴金納付命令発出の勧告を行い、同年４月２３日、金融庁長官は、課徴金納付命令対象者に対し、課徴金納付命令決定を行っている（課徴金納付命令対象者は、本件違反行為開始日から遡り５年以内に課徴金納付命令を受けたことがある者となるため、同人に対する課徴金の額は、上記３．のとおり「１．５倍」に相当する額となる）。 （別表１） ○違反行為状況 （クリックすると拡大されます） （別図） ○違反行為事実の概要について （クリックすると拡大されます） （別紙） ○課徴金の額の計算方法について 1． 別表１ の違反行為に係る課徴金の額の計算の基礎は以下のとおりである。 (1)　金融商品取引法第１７４条の２第１項第１号の規定により、当該違反行為に係る課徴金の額は、当該違反行為に係る有価証券の売買対当数量に係るものについて、自己の計算による当該有価証券の売付け等の価額から、自己の計算による当該有価証券の買付け等の価額を控除した額として算定。 （注）違反行為期間中の売買株数が同数のため、金商法第１７４条の２第１項第２号の規定（当該違反行為に係る自己の計算による有価証券の売付け等又は買付け等の数量が当該違反行為に係る自己の計算による有価証券の買付け等又は売付け等の数量を超える場合）には該当しない。 (2)　上記(1)で算定された課徴金の額につき、金融商品取引法第１７６条第２項の規定により１万円未満の端数を切り捨てて算定。 (3)　上記(2)で算定された課徴金の額につき、金融商品取引法第１８５条の７第１５項の規定により当該額の１．５倍として算定。 ２． 別表１ に掲げる川田テクノロジーズ株式に係る取引 当該違反行為に係る自己の計算による有価証券の売付け等の数量は、45,700株であり、当該違反行為に係る自己の計算による有価証券の買付け等の数量は45,700株であることから、 (1)　当該違反行為に係る有価証券の売買対当数量（45,700株）に係るものについて、 自己の計算による当該有価証券の売付け等の価額から、自己の計算による当該有価証券の買付け等の価額を控除した額 （有価証券の売付け等の価額：298,135,000円） －（有価証券の買付け等の価額：297,743,000円） ＝392,000円 (2)　金融商品取引法第１７６条第２項の規定により、上記（1）で計算した額の１万円未満の端数を切捨て、390,000円となる。 (3)　金融商品取引法第１８５条の７第１５項の規定により、上記（2）で計算した額を１．５倍し、585,000円となる。 ※　違反行為期間における売付け等の価額及び買付け等の価額の詳細については、 別表２ を参照。 別表２（PDF）"
2022-03-25,株式会社エーエムアイ,,株式会社エーエムアイに対する検査結果に基づく勧告について,https://www.fsa.go.jp/sesc/news/c_2022/2022/20220325-2.html,"English version 令和４年３月25日 証券取引等監視委員会 株式会社エーエムアイに対する検査結果に基づく勧告について １．勧告の内容 関東財務局長が株式会社エーエムアイ（東京都千代田区、法人番号7010001011914、代表取締役　菅原　和彦、資本金3,200万円、常勤役職員１名、投資助言・代理業、以下「当社」という。）を検査した結果、下記のとおり、当該金融商品取引業者に係る問題が認められたので、本日、証券取引等監視委員会は、内閣総理大臣及び金融庁長官に対して、金融庁設置法第20条第１項の規定に基づき、行政処分を行うよう勧告した。 ２．事実関係 ⑴　無登録で外国投資証券の募集又は私募の取扱いを行っている状況 当社は、平成30年８月から令和２年12月までの間、外国投資証券であるＡファンドについて取得勧誘（顧客12者）を行い、同ファンドの管理会社から当該取得勧誘に係る報酬を受領していたほか、別の外国投資証券であるＢファンドについて取得勧誘（顧客14者）を行い、同ファンドの運用会社から当該取得勧誘に係る報酬を受領していた。このような当社の行為は、有価証券の募集又は私募の取扱いを行ったものと認められる。 当社による上記の行為は、金融商品取引法第28条第１項に規定する「第一種金融商品取引業」に該当し、当社が同法第31条第４項に基づく変更登録を受けることなく当該行為を行うことは、同法第29条に違反するものと認められる。 ⑵　無登録業者に対する名義貸し 当社は、令和２年１月及び同３年１月に、当社代表取締役である菅原和彦（以下「菅原代表」という。）の知人（個人事業主）計２名を当社の投資判断者として、関東財務局長に届け出ている。今回検査で検証したところ、実際には、当社は、当該２名と雇用契約を締結しておらず、指揮監督も行っていない状況であるにもかかわらず、当該２名に対し、当社の名義をもって投資助言業務を行わせていた。 当該２名は、当社の商号及び登録番号等を記載した契約締結時交付書面兼投資顧問契約書を顧客に交付するなど、当社の名義をもって顧客と投資顧問契約を締結し、助言を行っていた。 当社による上記の行為は、自己の名義をもって、他人に金融商品取引業を行わせたものであり、金融商品取引法第36条の３に違反するものと認められる。 ⑶　投資助言・代理業を適確に遂行するに足りる人的構成を有していない状況及び投資助言・代理業を適確に遂行するための必要な体制が整備されていない状況 当社は、実質的に菅原代表が１人で業務を行っており、当社の業務展開及び適正な業務運営の確保は、同人に委ねられている。 このような中、当社は、菅原代表が主体となって、上記⑴及び⑵の法令違反行為を行っていたほか、契約締結前交付書面等の未交付、事業報告書等の虚偽記載等多数の法令違反行為も行っているうえ、コンプライアンスに関する社内規程の未整備など必要な業務管理体制を整備していない状況が認められた。 こうした状況は、菅原代表の法令等遵守意識及び投資者保護意識の著しい欠如などに起因していることから、当社は、投資助言・代理業を適確に遂行するに足りる人的構成を有していないと認められる。また、当社は、菅原代表の独断をけん制・抑止する態勢ともなっていないことから、投資助言・代理業を適確に遂行するための必要な体制が整備されていない状況にあるものと認められる。 当社における上記の状況は、金融商品取引法第29条の４第１項第１号ホに定める「金融商品取引業を適確に遂行するに足りる人的構成を有しない者」に該当し、また、同号ヘに定める「金融商品取引業を適確に遂行するための必要な体制が整備されていると認められない者」に該当することから、このような当社の状況は、同法第52条第１項第１号に該当するものと認められる。 （クリックすると拡大されます） （参考条文） ○　金融商品取引法（昭和23年法律第25号）（抄） （定義） 第二条　この法律において「有価証券」とは、次に掲げるものをいう。 一～十　（略） 十一　投資信託及び投資法人に関する法律に規定する投資証券、新投資口予約権証券若しくは投資法人債券又は外国投資証券 十二～二十一　（略） ２～７　（略） ８　この法律において「金融商品取引業」とは、次に掲げる行為（その内容等を勘案し、投資者の保護のため支障を生ずることがないと認められるものとして政令で定めるもの及び銀行、優先出資法第二条第一項に規定する協同組織金融機関（以下「協同組織金融機関」という。）その他政令で定める金融機関が行う第十二号、第十四号、第十五号又は第二十八条第八項各号に掲げるものを除く。）のいずれかを業として行うことをいう。 一～八　（略） 九　有価証券の募集若しくは売出しの取扱い又は私募若しくは特定投資家向け売付け勧誘等の取扱い 十～十八　（略） ９～42　（略） 第二十八条　この章において「第一種金融商品取引業」とは、金融商品取引業のうち、次に掲げる行為のいずれかを業として行うことをいう。 一　有価証券（第二条第二項の規定により有価証券とみなされる同項各号に掲げる権利（電子記録移転権利を除く。次項第二号及び第六十四条第一項第一号において同じ。）を除く。）についての第二条第八項第一号から第三号まで、第五号、第八号又は第九号に掲げる行為 一の二～五　（略） ２～８　（略） （登録） 第二十九条　金融商品取引業は、内閣総理大臣の登録を受けた者でなければ、行うことができない。 （登録の申請） 第二十九条の二　前条の登録を受けようとする者は、次に掲げる事項を記載した登録申請書を内閣総理大臣に提出しなければならない。 一～四　（略） 五　業務の種別（第二十八条第一項第一号、第一号の二、第二号、第三号イからハまで及び第四号に掲げる行為に係る業務並びに有価証券等管理業務、第二種金融商品取引業、投資助言・代理業並びに投資運用業の種別をいう。） 六～十二　（略） ２～４　（略） （登録の拒否） 第二十九条の四　内閣総理大臣は、登録申請者が次の各号のいずれかに該当するとき、又は登録申請書若しくはこれに添付すべき書類若しくは電磁的記録のうちに虚偽の記載若しくは記録があり、若しくは重要な事実の記載若しくは記録が欠けているときは、その登録を拒否しなければならない。 一　次のいずれかに該当する者 イ～ニ　（略） ホ　金融商品取引業を適確に遂行するに足りる人的構成を有しない者 ヘ　金融商品取引業を適確に遂行するための必要な体制が整備されていると認められない者 二～七　（略） ２～６　（略） （変更登録等） 第三十一条　（略） ２・３　（略） ４　金融商品取引業者は、第二十九条の二第一項第五号、第六号、第七号ロ、第八号又は第九号に掲げる事項について変更をしようとするときは、内閣府令で定めるところにより、内閣総理大臣の行う変更登録を受けなければならない。 ５・６　（略） （名義貸しの禁止） 第三十六条の三　金融商品取引業者等は、自己の名義をもつて、他人に金融商品取引業（登録金融機関にあつては、登録金融機関業務。以下この款において同じ。）を行わせてはならない。 （金融商品取引業者に対する監督上の処分） 第五十二条　内閣総理大臣は、金融商品取引業者が次の各号のいずれかに該当する場合においては、当該金融商品取引業者の第二十九条の登録を取り消し、第三十条第一項の認可を取り消し、又は六月以内の期間を定めて業務の全部若しくは一部の停止を命ずることができる。 一　第二十九条の四第一項第一号、第二号又は第三号に該当することとなつたとき。 二～十二　（略） ２～５　（略）"
2022-03-18,株式会社メタリアル,6182,株式会社メタリアルにおける有価証券報告書等の虚偽記載に係る課徴金納付命令勧告について,https://www.fsa.go.jp/sesc/news/c_2022/2022/20220318-2.html,"English version 令和４年３月１８日 証券取引等監視委員会 株式会社メタリアルにおける有価証券報告書等の虚偽記載に係る課徴金納付命令勧告について １．勧告の内容 証券取引等監視委員会は、株式会社メタリアル（法人番号1010001088074）（以下「当社」という。）における金融商品取引法に基づく開示規制の違反について検査した結果、以下のとおり法令違反の事実が認められたので、本日、内閣総理大臣及び金融庁長官に対して、金融庁設置法第20条第１項の規定に基づき、課徴金納付命令を発出するよう勧告を行った。 ２．法令違反の事実関係 （１）継続開示書類 当社は、ソフトウェア及びソフトウェア仮勘定を過大に計上することによる販売費及び一般管理費の過少計上のほか、共同開発における売上の過大計上等の不適正な会計処理を行った。 この結果、当社は、関東財務局長に対し、金融商品取引法第172 条の４第１項及び第２項に規定する「重要な事項につき虚偽の記載」がある以下の有価証券報告書、四半期報告書及び四半期報告書の訂正報告書を提出した（「重要な事項につき虚偽の記載」の内容は別紙１の表の番号１から番号７のとおり）。 ・令和元年11月第３四半期四半期報告書（令和２年１月14日提出） ・令和２年２月期有価証券報告書（令和２年５月28日提出） ・令和２年５月第１四半期四半期報告書（令和２年７月14日提出） ・令和２年８月第２四半期四半期報告書（令和２年10月15日提出） ・令和２年11月第３四半期四半期報告書（令和３年１月14日提出） ・令和２年11月第３四半期四半期報告書の訂正報告書（令和３年５月10日提出） ・令和３年２月期有価証券報告書（令和３年５月26日提出） （２）発行開示書類 当社は、関東財務局長に対し、令和２年７月14日、上記（１）の重要な事項につき虚偽の記載がある令和２年２月期有価証券報告書及び令和２年５月第１四半期四半期報告書を参照情報とする金融商品取引法第172 条の２第１項に規定する「重要な事項につき虚偽の記載」がある有価証券届出書（株券及び新株予約権証券の募集）を提出し、当該有価証券届出書に基づく募集により、令和２年７月30 日、325,000株の株券及び12,188個の新株予約権証券を5,957,564,688円（当該新株予約権の行使に際して払い込むべき金額を含む。）で取得させた（「重要な事項につき虚偽の記載」の内容は別紙１の表の番号８のとおり）。 ３．課徴金の額の計算 上記の違法行為について金融商品取引法に基づき算定される課徴金の額は、28,309万円である（計算方法については別紙２のとおり。）。 【別紙１】有価証券報告書等の虚偽記載内容 番号 対象書類 虚偽記載 提出日 書類 会計期間 記載項目 主な内容（注） 主な事由 １ 令和２年１月14日 第16期第３四半期（令和元年９月１日～同年11月30日）に係る四半期報告書 平成31年３月１日～令和元年11月30日の第３四半期連結累計期間 四半期連結 損益計算書 親会社株主に帰属する四半期純利益が 179百万円であるところを236百万円と記載 販売費及び一般管理費の過少計上等 ２ 令和２年５月28日 第16期（平成31年３月１日～令和２年２月29日）に係る有価証券報告書 平成31年３月１日～令和２年２月29日の連結会計期間 連結 損益計算書 親会社株主に帰属する当期純利益が 195百万円であるところを308百万円と記載 販売費及び一般管理費の過少計上等 ３ 令和２年７月14日 第17期第１四半期（令和２年３月１日～同年５月31日）に係る四半期報告書 令和２年３月１日～同年５月31日の第１四半期連結累計期間 四半期連結 損益計算書 親会社株主に帰属する四半期純利益が 60百万円であるところを121百万円と記載 販売費及び一般管理費の過少計上等 ４ 令和２年10月15日 第17期第２四半期（令和２年６月１日～同年８月31日）に係る四半期報告書 令和２年３月１日～同年８月31日の第２四半期連結累計期間 四半期連結 損益計算書 親会社株主に帰属する四半期純利益が ４百万円であるところを123百万円と記載 販売費及び一般管理費の過少計上等 ５ 令和３年１月14日 第17期第３四半期（令和２年９月１日～同年11月30日）に係る四半期報告書 令和２年３月１日～同年11月30日の第３四半期連結累計期間 四半期連結 損益計算書 親会社株主に帰属する四半期純利益が ▲58百万円であるところを161百万円と記載 販売費及び一般管理費の過少計上等 ６ 令和３年５月10日 第17期第３四半期（令和２年９月１日～同年11月30日）に係る四半期報告書の訂正報告書 令和２年３月１日～同年11月30日の第３四半期連結累計期間 四半期連結 損益計算書 親会社株主に帰属する四半期純利益が ▲58百万円であるところを136百万円と記載 販売費及び一般管理費の過少計上等 ７ 令和３年５月26日 第17期（令和２年３月１日～令和３年２月28日）に係る有価証券報告書 令和２年３月１日～令和３年２月28日の連結会計期間 連結 損益計算書 親会社株主に帰属する当期純利益が ▲68百万円であるところを140百万円と記載 販売費及び一般管理費の過少計上等 ８ 令和２年７月14日 有価証券届出書（株券及び新株予約権証券の募集） 「第三部 参照情報」 番号２、３に掲げる第16期に係る有価証券報告書及び第17期第１四半期に係る四半期報告書を参照 番号２、３参照 （注）金額は百万円未満切捨てである。 【別紙２】課徴金の計算方法 （１）　金融商品取引法第172条の４第１項及び第２項の規定により、令和元年11月第３四半期四半期報告書及び令和２年２月期有価証券報告書ごとに算出した額（以下（１）において「個別決定ごとの算出額」という。）は、 ア　当社が発行する算定基準有価証券の市場価額の総額に10万分の６を乗じて得た額 ・令和元年11月第３四半期四半期報告書に係る額　　　2,312,923円 ・令和２年２月期有価証券報告書に係る額　　　　　    2,270,301円 が、いずれも イ　6,000,000円 を超えないことから、 ・令和元年11月第３四半期四半期報告書については、6,000,000円の２分の１に相当する額である3,000,000円 ・令和２年２月期有価証券報告書については、6,000,000円 となる。 ここで、これらの開示書類が同一の事業年度に係るものであることから、金融商品取引法第185条の７第６項の規定により、6,000,000円を個別決定ごとの算出額に応じて按分した下記の金額が、これらの開示書類に係る課徴金の額となる。 ・令和元年11月第３四半期四半期報告書に係る課徴金の額は、2,000,000円 ・令和２年２月期有価証券報告書に係る課徴金の額は、4,000,000円 （２）　金融商品取引法第172条の４第１項及び第２項の規定により、令和２年５月第１四半期四半期報告書、令和２年８月第２四半期四半期報告書、令和２年11月第３四半期四半期報告書及び令和３年２月期有価証券報告書ごとに算出した額（以下（２）において「個別決定ごとの算出額」という。）は、 ア　当社が発行する算定基準有価証券の市場価額の総額に10万分の６を乗じて得た額 ・令和２年５月第１四半期四半期報告書に係る額　　　1,673,432円 ・令和２年８月第２四半期四半期報告書に係る額　　　2,287,073円 ・令和２年11月第３四半期四半期報告書に係る額     　1,836,039円 ・令和３年２月期有価証券報告書に係る額　　　　　   1,789,143円 が、いずれも イ　6,000,000円 を超えないことから、 ・令和２年５月第１四半期四半期報告書については、6,000,000円の２分の１に相当する額である3,000,000円 ・令和２年８月第２四半期四半期報告書については、6,000,000円の２分の１に相当する額である3,000,000円 ・令和２年11月第３四半期四半期報告書については、6,000,000円の２分の１に相当する額である3,000,000円 ・令和３年２月期有価証券報告書については、6,000,000円 となる。 ここで、これらの開示書類が同一の事業年度に係るものであることから、金融商品取引法第185条の７第６項の規定により、6,000,000円を個別決定ごとの算出額に応じて按分した下記の金額が、これらの開示書類に係る課徴金の額となる。 ・令和２年５月第１四半期四半期報告書に係る課徴金の額は、1,200,000円 ・令和２年８月第２四半期四半期報告書に係る課徴金の額は、1,200,000円 ・令和２年11月第３四半期四半期報告書に係る課徴金の額は、1,200,000円 ・令和３年２月期有価証券報告書に係る課徴金の額は、2,400,000円 （３）　金融商品取引法第172条の４第２項の規定により、令和２年11月第３四半期四半期報告書に係る令和３年５月10日提出の訂正報告書について算出した課徴金の額は、当社が発行する算定基準有価証券の市場価額の総額に10万分の６を乗じて得た額1,836,039円が、6,000,000円を超えないことから、6,000,000円の２分の１に相当する額である3,000,000円となる。 （４）　金融商品取引法第172 条の２第１項第１号の規定により、当社の令和２年７月14日提出の有価証券届出書（株券及び新株予約権証券の募集）に係る課徴金の額は、 重要な事項につき虚偽の記載がある発行開示書類に基づく募集により取得させた株券及び新株予約権証券の発行価額の総額（当該新株予約権の行使に際して払い込むべき金額を含む）の発行価額の総額5,957,564,688 円の100 分の4.5 に相当する額である268,090,410 円 に、金融商品取引法第176 条第２項の規定により１万円未満の端数を切り捨てて、 268,090,000円 となる。"
2022-03-23,ＳＭＢＣ日興証券株式会社,,ＳＭＢＣ日興証券株式会社による相場操縦事件の告発について,https://www.fsa.go.jp/sesc/news/c_2022/2022/20220323-1.html,English version 令和４年３月２３日 証券取引等監視委員会 ＳＭＢＣ日興証券株式会社による相場操縦事件の告発について 証券取引等監視委員会は、本日、金融商品取引法違反（安定操作）の嫌疑で、嫌疑法人１社及び嫌疑者７名を東京地方検察庁に告発した。告発の対象となった犯則事実については下記のとおり。 １．告発の対象となった犯則事実 犯則嫌疑法人ＳＭＢＣ日興証券株式会社（以下「犯則嫌疑法人」という。）は、有価証券の売買等を目的とする会社、犯則嫌疑者Ａは、犯則嫌疑法人のエクイティ本部本部長として、犯則嫌疑法人の自己勘定での株式取引等の同本部の業務全般を担当していたもの、犯則嫌疑者Ｂは、同本部副本部長として、Ａの業務を補佐していたもの、犯則嫌疑者Ｃは、同本部副本部長として、Ａの業務を補佐していたもの、犯則嫌疑者Ｄは、同本部エクイティ部部長として、犯則嫌疑法人の自己勘定での株式取引等を担当していたもの、犯則嫌疑者Ｅは、同本部エクイティ・プロダクト・ソリューション部部長として、犯則嫌疑法人の金融商品に係る情報提供、取引提案及び執行に関する業務等を担当していたもの、犯則嫌疑者Ｆは、同部副部長兼ソリューション課課長として、Ｅの業務を補佐するとともに犯則嫌疑法人の大口株式の売却需要案件に関する営業支援及びこれら売却に係る社内調整等を担当していたもの、犯則嫌疑者Ｇは、同本部エクイティ部エクイティ・トレーディング課において犯則嫌疑法人の自己勘定での株式取引等に従事していたものであるが、犯則嫌疑法人の業務に関し 第１　Ｂ、Ｄ、Ｅ、Ｆ及びＧらは、共謀の上、東京証券取引所が開設する有価証券市場に上場されている株式会社小糸製作所が発行した株券について、犯則嫌疑法人が扱う「ブロックオファー」取引において、売買価格の基準となる同取引当日の終値等が前日の終値に比して大幅に下落することを回避し、その株価を５０７０円程度に維持しようと企て、金融商品取引法施行令で定めるところに違反して、同株券の相場を安定させる目的をもって、令和元年１２月２５日午後２時１３分頃から同日午後３時頃までの間、前記市場において、指値５２００円の買い注文を大量に入れるなどの方法により、同株券合計３２万株の買付けの申込みを行って、そのうち合計３１万４８００株を買い付け 第２　Ｄ、Ｅ及びＧは、共謀の上、前記市場に上場されている株式会社モスフードサービスが発行した株券について、犯則嫌疑法人が扱う「ブロックオファー」取引において、売買価格の基準となる同取引当日の終値等が前日の終値に比して大幅に下落することを回避し、その株価を２６００円程度に維持しようと企て、前記施行令で定めるところに違反して、前同様の目的をもって、令和２年２月２７日午前１１時９分頃から同日午後３時頃までの間、前記市場において、指値２６００円の買い注文を大量に入れるなどの方法により、同株券合計１５万８４００株の買付けの申込みを行って、そのうち合計６万５８００株を買い付け 第３　Ｄ、Ｅ及びＧらは、共謀の上、前記市場に上場されているアズワン株式会社が発行した株券について、犯則嫌疑法人が扱う「ブロックオファー」取引において、売買価格の基準となる同取引当日の終値等が前日の終値に比して大幅に下落することを回避し、その株価を１万１０００円程度に維持しようと企て、前記施行令で定めるところに違反して、前同様の目的をもって、同年８月６日午後２時４３分頃から同日午後３時頃までの間、前記市場において、指値１万１０００円の買い注文を大量に入れるなどの方法により、同株券合計６万８００株の買付けの申込みを行って、そのうち合計３万７７００株を買い付け 第４　Ａ、Ｃ、Ｄ、Ｅ及びＧは、共謀の上、前記市場に上場されている株式会社ファイバーゲートが発行した株券について、犯則嫌疑法人が扱う「ブロックオファー」取引において、売買価格の基準となる同取引当日の終値等が前日の終値に比して大幅に下落することを回避し、その株価を１９６０円程度に維持しようと企て、前記施行令で定めるところに違反して、前同様の目的をもって、同月１９日午後２時４７分頃から同日午後３時頃までの間、前記市場において、指値１９６０円の買い注文を大量に入れるなどの方法により、同株券合計９万８５００株の買付けの申込みを行って、そのうち合計７万１３００株を買い付け 第５　Ａ及びＤらは、共謀の上、前記市場に上場されている株式会社京葉銀行が発行した株券について、犯則嫌疑法人が扱う「ブロックオファー」取引において、売買価格の基準となる同取引当日の終値等が前日の終値に比して大幅に下落することを回避し、その株価を４７５円程度に維持しようと企て、前記施行令で定めるところに違反して、前同様の目的をもって、同年１１月１９日午後２時１分頃から同日午後３時頃までの間、前記市場において、指値４７５円の買い注文を大量に入れるなどの方法により、同株券合計２７万４０００株の買付けの申込みを行って、そのうち合計１６万８１００株を買い付け もって、それぞれ、前記市場における各株券の相場を安定させる目的をもって、一連の有価証券売買及びその申込みをしたものである。 ２．関連条文 金融商品取引法 第１及び第２ 同法第１９７条第１項第５号、同法第１５９条第３項（令和元年法律第２８号による改正前のもの）、同法第２０７条第１項第１号、刑法第６０条 第３ないし第５ 同法第１９７条第１項第５号、同法第１５９条第３項、同法第２０７条第１項第１号、刑法第６０条 法定刑： 法人につき　７億円以下の罰金 個人につき　１０年以下の懲役若しくは１０００万円以下の罰金又はこれを併科 ３．その他 本件については、日本取引所自主規制法人により支援がなされている。
2022-03-18,株式会社ジャストプランニング役員から伝達,,株式会社ジャストプランニング役員から伝達を受けた者による内部者取引に対する課徴金納付命令の勧告について,https://www.fsa.go.jp/sesc/news/c_2022/2022/20220318-1.html,"English version 令和4年3月18日 証券取引等監視委員会 株式会社ジャストプランニング役員から伝達を受けた者による内部者取引に対する課徴金納付命令の勧告について １．勧告の内容 証券取引等監視委員会は、株式会社ジャストプランニング役員から伝達を受けた者による内部者取引について検査した結果、下記のとおり法令違反の事実が認められたので、本日、内閣総理大臣及び金融庁長官に対して、金融庁設置法第２０条第１項の規定に基づき、課徴金納付命令を発出するよう勧告を行った。 ２．法令違反の事実関係 課徴金納付命令対象者は、株式会社ジャストプランニング（以下「ジャストプランニング」という。）の役員甲から、①同人がその職務に関し株式会社オージス総研（以下「オージス総研」という。）からの伝達により知った、同社の業務執行を決定する機関がジャストプランニング株式を買い集めることについて決定した旨の公開買付けに準ずる行為の実施に関する事実及び②同人がその職務に関し知った、ジャストプランニングの業務執行を決定する機関がオージス総研と業務上の提携を行うことについての決定をした旨の重要事実の伝達を受けながら、上記各事実の公表がされた令和２年６月３０日より前の同年５月２１日から同年６月２９日までの間、自己及び第三者名義の証券口座で、自己の計算において、ジャストプランニング株式合計１１万４７００株を買付価額合計５０５１万９５０円で買い付けたものである。 違反行為事実の概要については、 別図 のとおり。 課徴金納付命令対象者が行った上記の行為は、金融商品取引法第１７５条第１項に規定する「第１６６条第３項の規定に違反して、同条第１項に規定する売買等をした」行為及び同条第２項に規定する「第１６７条第３項の規定に違反して、同条第１項に規定する特定株券等若しくは関連株券等に係る買付け等をした」行為に該当すると認められる。 ３．課徴金の額の計算 上記の違反行為に対し、金融商品取引法に基づき納付を命じられる課徴金の額は、１９２２万円である。 計算方法の詳細については、 別紙 のとおり。 ４．その他 本件については、日本取引所自主規制法人より提供された情報等を参考として、実態解明を行ったものである。 （別図） ○違反行為事実の概要について （クリックすると拡大されます） （別紙） ○課徴金の額の計算方法について １．金融商品取引法第１７５条第１項第２号及び同条第２項第２号の規定により、当該有価証券の買付けについて、業務等に関する重要事実及び公開買付け等の実施に関する事実の公表がされた後２週間における最も高い価格（608円）に当該有価証券の買付けの数量を乗じて得た額から、当該有価証券の買付けをした価格にその数量を乗じて得た額を控除した額。 （608円×114,700株） －(389円×500株＋390円×300株＋391円×400株＋392円×800株＋395円×500株＋397円×2,100株 ＋398円×1,600株＋398.9円×100株＋399円×9,800株＋400円×10,000株＋401円×1,000株 ＋404円×1,700株＋405円×1,900株＋406円×1,600株＋407円×500株＋408円×500株 ＋409円×100株＋410円×200株＋411円×100株＋412円×600株＋413円×1,100株＋414円×500株 ＋415円×1,200株＋416円×3,500株＋416.9円×100株＋417円×900株＋418円×3,200株 ＋419円×1,500株＋420円×1,000株＋421円×2,300株＋423円×1,000株＋423.9円×200株 ＋424円×1,300株＋425円×500株＋426円×2,000株＋427.9円×100株＋428円×2,900株 ＋430円×500株＋433円×1,000株＋435円×1,000株＋437円×500株＋438円×500株 ＋439円×1,000株＋440円×600株＋444円×400株＋445円×500株＋447円×500株 ＋449円×1,000株＋450円×500株＋459円×5,000株＋461円×1,000株＋465円×500株 ＋466円×200株＋467円×700株＋468円×500株＋469円×2,000株＋470円×1,000株 ＋471円×1,000株＋472円×2,000株＋473円×1,000株＋474円×2,500株＋475円×1,300株 ＋477円×500株＋478円×1,000株＋479円×1,500株＋480円×2,900株＋482円×2,000株 ＋483円×2,000株＋484円×5,700株＋485円×5,500株＋486円×3,400株＋487円×500株 ＋489円×1,000株＋490円×800株＋491円×2,000株＋492円×1,600株） ＝19,226,650円 ２．金融商品取引法第１７６条第２項の規定により、上記１．で計算した額の１万円未満の端数を切捨て。"
2022-03-16,テラ株式会社,1433,テラ株式会社株式に係る偽計事件の告発について,https://www.fsa.go.jp/sesc/news/c_2022/2022/20220316-1.html,English version 令和４年３月１６日 証券取引等監視委員会 テラ株式会社株式に係る偽計事件の告発について 証券取引等監視委員会は、本日、金融商品取引法違反（偽計）の嫌疑で、嫌疑者１名を東京地方検察庁に告発した。告発の対象となった犯則事実については下記のとおり。 １．告発の対象となった犯則事実 犯則嫌疑者Ａは、東京証券取引所に上場していたテラ株式会社（以下「テラ社」という。）が実施する第三者割当増資の割当予定先であるＣＥＮＥＧＥＮＩＣＳ　ＪＡＰＡＮ株式会社（以下「セネジャパン社」という。）の取締役であったものであるが、前記第三者割当増資に関し、セネジャパン社がその払込資金を確保している旨の虚偽の事実を公表させるなどしてテラ社の株式の株価を上昇させるとともに、公表から払込期日までの間に、当該割当予定のテラ社の株式の一部譲渡、あるいは担保に供することを約束するなどして調達した資金を払込みに充ててテラ社の株式を取得しようと企て、テラ社が、同社取締役会において、令和２年１１月１３日を払込期日、セネジャパン社を割当先として、発行価額総額約３５億円の普通株式５８５万株を発行することを決議した旨公表するに際し、真実は、同年９月中旬時点における株式会社トレド（以下「トレド社」という。）名義の普通預金口座の預金残高が約５０万円であり、弁護士が前記普通預金口座の預金通帳の原本を確認した事実もなく、セネジャパン社が払込みに要する資金を調達できる具体的な見込みがないにもかかわらず、同時点での前記預金残高が約７５億円であり、そのことを弁護士が前記預金通帳の原本で確認したとして、セネジャパン社がトレド社からの借入金により払込みに要する資金を調達できる具体的な見込みがあるかのように装った上、これを信じたテラ社役職員をして、同年１０月２８日、ＴＤｎｅｔにより、セネジャパン社がトレド社からの借入金による資金調達が可能である旨の虚偽の内容を含む公表を行わせ、もって、有価証券の取引のため、及び有価証券の相場の変動を図る目的をもって、偽計を用いたものである。 ２．関連条文 金融商品取引法 第１９７条第１項第５号、第１５８条 法定刑：１０年以下の懲役若しくは１０００万円以下の罰金又はこれを併科
2022-02-25,レカム株式会社,3323,レカム株式会社社員から伝達を受けた者による内部者取引に対する課徴金納付命令の勧告について,https://www.fsa.go.jp/sesc/news/c_2022/2022/20220225-1.html,"English version 令和4年2月25日 証券取引等監視委員会 レカム株式会社社員から伝達を受けた者による内部者取引に対する課徴金納付命令の勧告について １．勧告の内容 証券取引等監視委員会は、レカム株式会社社員から伝達を受けた者による内部者取引について検査した結果、下記のとおり法令違反の事実が認められたので、本日、内閣総理大臣及び金融庁長官に対して、金融庁設置法第２０条第１項の規定に基づき、課徴金納付命令を発出するよう勧告を行った。 ２．法令違反の事実関係 課徴金納付命令対象者は、レカム株式会社（以下「レカム」という。）の社員甲から、同人がその職務に関し知った、レカムの業務執行を決定する機関が、ReSPR TECHNOLOGIES INC.と業務上の提携を行うことについての決定をした旨の重要事実の伝達を受けながら、上記重要事実の公表がされた令和２年６月１２日より前の同月１０日、知人名義の証券口座で、自己の計算において、レカム株式合計９万５０００株を買付価額合計９９７万４２１０円で買い付けたものである。 違反行為事実の概要については、 別図 のとおり。 課徴金納付命令対象者が行った上記の行為は、金融商品取引法第１７５条第１項に規定する「第１６６条第３項の規定に違反して、同条第１項に規定する売買等をした」行為に該当すると認められる。 ３．課徴金の額の計算 上記の違反行為に対し、金融商品取引法に基づき納付を命じられる課徴金の額は、１１４０万円である。 計算方法の詳細については、 別紙 のとおり。 ４．その他 本件については、日本取引所自主規制法人より提供された情報等を参考として、実態解明を行ったものである。 （別図） ○違反行為事実の概要について （クリックすると拡大されます） （別紙） ○課徴金の額の計算方法について １．金融商品取引法第１７５条第１項第２号の規定により、当該有価証券の買付けについて、業務等に関する重要事 実の公表がされた後２週間における最も高い価格（225円）に当該有価証券の買付けの数量を乗じて得た額から、 当該有価証券の買付けをした価格にその数量を乗じて得た額を控除した額。 （225円×95,000株） －(104.7円×700株＋104.8円×2,900株＋105円×91,400株） ＝11,400,790円 ２．金融商品取引法第１７６条第２項の規定により、上記１．で計算した額の１万円未満の端数を切捨て。"
2022-02-24,テラ株式会社,1433,テラ株式会社株券に係る内部者取引事件の告発について（２）,https://www.fsa.go.jp/sesc/news/c_2022/2022/20220224-2.html,English version 令和４年２月２４日 証券取引等監視委員会 テラ株式会社株券に係る内部者取引事件の告発について（２） 証券取引等監視委員会は、本日、金融商品取引法違反（内部者取引）の嫌疑で、嫌疑者１名を東京地方検察庁に告発した。告発の対象となった犯則事実については下記のとおり。 １．告発の対象となった犯則事実 犯則嫌疑者Ａは、東京証券取引所の有価証券市場に株券を上場していたテラ株式会社（以下「テラ社」という。）との間で、新型コロナウイルス感染症肺炎に対する間葉系幹細胞を用いた治療法の開発に関する共同研究に係る業務提携契約の交渉をしていたＣＥＮＥＧＥＮＩＣＳ ＪＡＰＡＮ株式会社（以下「セネジャパン社」という。）の役員から、令和２年４月下旬頃、同人が同契約の交渉に関し知った、テラ社がセネジャパン社との間で業務上の提携を行うことについての決定をした旨の重要事実の伝達を受け、法定の除外事由がないのに、同事実の公表前である同月下旬頃、証券会社を介し、東京証券取引所において、自己名義ほか１名義で、テラ社の株券合計約１５万株を代金合計約２２３０万円で買い付けたものである。 ２．関連条文 金融商品取引法 同法第１９７条の２第１３号、第１６６条第３項、同条第１項第４号、同条第２項第１号タ、同法施行令第２８条第１号 法定刑：５年以下の懲役若しくは５００万円以下の罰金又はこれを併科
2022-02-24,テラ株式会社,1433,テラ株式会社株券に係る内部者取引事件の告発について（１）,https://www.fsa.go.jp/sesc/news/c_2022/2022/20220224-1.html,English version 令和４年２月２４日 証券取引等監視委員会 テラ株式会社株券に係る内部者取引事件の告発について（１） 証券取引等監視委員会は、本日、金融商品取引法違反（内部者取引）の嫌疑で、嫌疑者１名を東京地方検察庁に告発した。告発の対象となった犯則事実については下記のとおり。 １．告発の対象となった犯則事実 犯則嫌疑者Ａは、東京証券取引所の有価証券市場に株券を上場していたテラ株式会社（以下「テラ社」という。）との間で、新型コロナウイルス感染症肺炎に対する間葉系幹細胞を用いた治療法の開発に関する共同研究に係る業務提携契約の交渉をしていたＣＥＮＥＧＥＮＩＣＳ ＪＡＰＡＮ株式会社（以下「セネジャパン社」という。）の役員から、令和２年４月中旬頃、同人が同契約の交渉に関し知った、テラ社がセネジャパン社との間で業務上の提携を行うことについての決定をした旨の重要事実の伝達を受け、法定の除外事由がないのに、同事実の公表前である同月中旬頃、証券会社を介し、東京証券取引所及び私設取引システムにおいて、自己名義で、テラ社の株券合計６５００株を代金合計約９０万円で買い付けたものである。 ２．関連条文 金融商品取引法 同法第１９７条の２第１３号、第１６６条第３項、同条第１項第４号、同条第２項第１号タ、同法施行令第２８条第１号 法定刑：５年以下の懲役若しくは５００万円以下の罰金又はこれを併科
2022-02-24,テラ株式会社,1433,テラ株式会社株券に係る内部者取引事件の告発について（３）,https://www.fsa.go.jp/sesc/news/c_2022/2022/20220224-3.html,English version 令和４年２月２４日 証券取引等監視委員会 テラ株式会社株券に係る内部者取引事件の告発について（３） 証券取引等監視委員会は、本日、金融商品取引法違反（内部者取引）の嫌疑で、嫌疑法人１社及び嫌疑者１名を東京地方検察庁に告発した。告発の対象となった犯則事実については下記のとおり。 １．告発の対象となった犯則事実 犯則嫌疑法人内田建設株式会社は、不動産の売買、仲介、管理、賃借業務等を目的とする会社、犯則嫌疑者Ａは、犯則嫌疑法人の代表取締役であるが、東京証券取引所の有価証券市場に株券を上場していたテラ株式会社（以下「テラ社」という。）との間で、新型コロナウイルス感染症肺炎に対する間葉系幹細胞を用いた治療法の開発に関する共同研究に係る業務提携契約を締結していたＣＥＮＥＧＥＮＩＣＳ　ＪＡＰＡＮ株式会社の役員から、令和２年５月下旬頃、同人が同契約の履行に関し知った、同契約に基づき行われていた臨床試験において１例目の投与患者の症状に改善が認められたなどのテラ社の運営、業務又は財産に関する重要な事実であって投資者の投資判断に著しい影響を及ぼす重要事実の伝達を受け、法定の除外事由がないのに、犯則嫌疑法人の業務及び財産に関し、同事実の公表前である同月下旬頃、証券会社を介し、東京証券取引所において、犯則嫌疑法人名義で、テラ社の株券合計２万株を代金合計約１７４０万円で買い付けたものである。 ２．関連条文 金融商品取引法 同法第１９７条の２第１３号、第１６６条第３項、同条第１項第４号、同条第２項第４号、第２０７条第１項第２号 法定刑： 法人につき　５億円以下の罰金 個人につき　５年以下の懲役若しくは５００万円以下の罰金又はこれを併科
2022-02-14,アサヒ衛陶株式会社,,アサヒ衛陶株式会社株券に係る内部者取引事件の告発について,https://www.fsa.go.jp/sesc/news/c_2022/2022/20220214-1.html,English version 令和４年２月1４日 証券取引等監視委員会 アサヒ衛陶株式会社株券に係る内部者取引事件の告発について 証券取引等監視委員会は、本日、金融商品取引法違反（内部者取引）の嫌疑で、嫌疑法人２社及び嫌疑者２名を大阪地方検察庁に告発した。告発の対象となった犯則事実については下記のとおり。 １．告発の対象となった犯則事実 犯則嫌疑者Ａは、東京証券取引所の有価証券市場に株券を上場しているアサヒ衛陶株式会社（以下「アサヒ衛陶」という。）の代表取締役社長を務めていたものであり、平成２９年７月下旬頃、その職務に関し、アサヒ衛陶が、株式会社ヤマダ電機（令和２年１０月１日、株式会社ヤマダホールディングスに商号変更）との業務上の提携を行うことについての決定をした旨の重要事実を知ったもの、犯則嫌疑法人上中商事株式会社（以下「犯則嫌疑法人上中商事」という。）は、投資事業等を目的とする会社、犯則嫌疑法人ホライズン株式会社（以下「犯則嫌疑法人ホライズン」という。）は、有価証券の保有、運用及び投資等を目的とする会社、犯則嫌疑者Ｂは、犯則嫌疑法人上中商事の代表取締役かつ犯則嫌疑法人ホライズンを実質的に経営するものであるが、 第１　Ａ及びＢは、共謀の上、法定の除外事由がないのに、前記重要事実の公表前である平成２９年８月上旬頃から同月下旬頃までの間、証券会社を介し、東京証券取引所において、株式会社サクシード名義で、アサヒ衛陶株券合計５万株を代金合計約５８０万円で買い付け 第２　Ｂは、平成２９年８月上旬頃、Ａから、同人がその職務に関し知った前記重要事実の伝達を受け、法定の除外事由がないのに １　犯則嫌疑法人ホライズンの業務及び財産に関し、前記重要事実の公表前である平成２９年８月上旬頃から同年１０月中旬頃までの間、証券会社を介し、東京証券取引所において、ホライズン株式会社名義で、アサヒ衛陶株券合計２６万株を代金合計約３３８０万円で買い付け ２　犯則嫌疑法人上中商事の業務及び財産に関し、前記重要事実の公表前である同年８月中旬頃から同年１１月上旬頃までの間、証券会社を介し、東京証券取引所において、株式会社サクシード名義で、アサヒ衛陶株券合計約１８万株を代金合計約２４３０万円で買い付け ３　前記重要事実の公表前である同年８月上旬頃から同年１０月下旬頃までの間、証券会社を介し、東京証券取引所において、自己名義ほか１名義で、アサヒ衛陶株券合計約２０万株を代金合計約２８７０万円で買い付け たものである。 ２．関連条文 金融商品取引法 第１　同法第１９７条の２第１３号、第１６６条第１項第１号、同条第２項第１号タ、同法施行令第２８条第１号、刑法第６０条 第２　同法第１９７条の２第１３号、第１６６条第３項、同条第２項第１号タ、同法施行令第２８条第１号 第２の１及び２につき、更に同法第２０７条第１項第２号 法定刑：法人につき　５億円以下の罰金 個人につき　５年以下の懲役若しくは５00万円以下の罰金又は併科
2022-02-22,グレイステクノロジー株式会社,,グレイステクノロジー株式会社における有価証券報告書等の虚偽記載に係る課徴金納付及び訂正報告書の提出命令勧告について,https://www.fsa.go.jp/sesc/news/c_2022/2022/20220222-1.html,"English version 令和４年２月22日 証券取引等監視委員会 グレイステクノロジー株式会社における有価証券報告書等の虚偽記載に係る課徴金納付及び訂正報告書の提出命令勧告について １．勧告の内容 証券取引等監視委員会は、グレイステクノロジー株式会社（法人番号6010001070226）（以下「当社」という。）における金融商品取引法に基づく開示規制の違反について検査した結果、以下のとおり法令違反の事実が認められたので、本日、内閣総理大臣及び金融庁長官に対して、金融庁設置法第20条第１項の規定に基づき、（１）課徴金納付命令、（２）訂正報告書の提出命令を発出するよう勧告を行った。 ２．法令違反の事実関係 当社は、売上の架空計上及び売上の前倒し計上等の不適正な会計処理を行った。 この結果、別紙１のとおり、当社は、関東財務局長に対し、 （１）金融商品取引法第172条の４第１項及び第２項に規定する「重要な事項につき虚偽の記載」 （２）金融商品取引法第24条の２第１項及び第24条の４の７第４項において準用する同法第10条第１項に規定する「重要な事項について虚偽の記載」 がある以下の有価証券報告書及び四半期報告書を提出した。 ・平成29年６月第１四半期四半期報告書（平成29年８月10日提出）※ ・平成29年９月第２四半期四半期報告書（平成29年11月13日提出）※ ・平成29年12月第３四半期四半期報告書（平成30年２月14日提出）※ ・平成30年３月期有価証券報告書（平成30年６月29日提出） ・平成30年９月第２四半期四半期報告書（平成30年11月13日提出）※ ・平成30年12月第３四半期四半期報告書（平成31年２月13日提出）※ ・平成31年３月期有価証券報告書（令和元年６月28日提出） ・令和元年６月第１四半期四半期報告書（令和元年８月９日提出） ・令和元年９月第２四半期四半期報告書（令和元年11月13日提出） ・令和元年12月第３四半期四半期報告書（令和２年２月13日提出） ・令和２年３月期有価証券報告書（令和２年６月26日提出） ・令和２年６月第１四半期四半期報告書（令和２年８月７日提出） ・令和２年９月第２四半期四半期報告書（令和２年11月13日提出） ・令和２年12月第３四半期四半期報告書（令和３年２月15日提出） ・令和３年３月期有価証券報告書（令和３年６月30日提出） ※　公衆縦覧期間を経過している平成29年６月第１四半期、平成29年９月第２四半期、平成29年12月第３四半期、平成30年９月第２四半期及び平成30年12月第３四半期に係る四半期報告書については、訂正報告書提出命令の勧告対象から除外。 ３．課徴金の額の計算 上記の違法行為について金融商品取引法に基づき算定される課徴金の額は、2,400万円である（計算方法については別紙２のとおり。）。 【別紙１】有価証券報告書等の虚偽記載内容 番号 対象書類 虚偽記載 提出日 書類 会計期間 記載項目 主な内容（注） 主な事由 １ 平成29年 ８月10日 第18期第１四半期（平成29年４月１日～同年６月30日）に係る四半期報告書 平成29年４月１日～同年６月30日の第１四半期累計期間 四半期 損益計算書 四半期純利益が▲13百万円であるところを３百万円と記載 売上の過大計上等 ２ 平成29年 11月13日 第18期第２四半期（平成29年７月１日～同年９月30日）に係る四半期報告書 平成29年４月１日～同年９月30日の第２四半期累計期間 四半期 損益計算書 四半期純利益が 35百万円であるところを109百万円と記載 売上の過大計上等 ３ 平成30年 ２月14日 第18期第３四半期（平成29年10月１日～同年12月31日）に係る四半期報告書 平成29年４月１日～同年12月31日の第３四半期累計期間 四半期 損益計算書 四半期純利益が 102百万円であるところを165百万円と記載 売上の過大計上等 ４ 平成30年 ６月29日 第18期（平成29年４月１日～平成30年３月31日）に係る有価証券報告書 平成29年４月１日～平成30年３月31日の会計期間 損益計算書 当期純利益が 212百万円であるところを278百万円と記載 売上の過大計上等 ５ 平成30年 11月13日 第19期第２四半期（平成30年７月１日～同年９月30日）に係る四半期報告書 平成30年４月１日～同年９月30日の第２四半期累計期間 四半期 損益計算書 四半期純利益が 59百万円であるところを132百万円と記載 売上の過大計上等 ６ 平成31年 ２月13日 第19期第３四半期（平成30年10月１日～同年12月31日）に係る四半期報告書 平成30年４月１日～同年12月31日の第３四半期累計期間 四半期 損益計算書 四半期純利益が 57百万円であるところを219百万円と記載 売上の過大計上等 ７ 令和元年 ６月28日 第19期（平成30年４月１日～平成31年３月31日）に係る有価証券報告書 平成30年４月１日～平成31年３月31日の会計期間 損益計算書 当期純利益が 203百万円であるところを375百万円と記載 売上の過大計上等 ８ 令和元年 ８月９日 第20期第１四半期（平成31年４月１日～令和元年６月30日）に係る四半期報告書 平成31年４月１日～令和元年６月30日の第１四半期累計期間 四半期 損益計算書 四半期純利益が 16百万円であるところを112百万円と記載 売上の過大計上等 平成31年４月１日～令和元年６月30日の第１四半期会計期間 四半期 貸借対照表 純資産額が 1,120百万円であるところを1,468百万円と記載 ９ 令和元年11月13日 第20期第２四半期（令和元年７月１日～同年９月30日）に係る四半期報告書 平成31年４月１日～令和元年９月30日の第２四半期累計期間 四半期 損益計算書 四半期純利益が 78百万円であるところを267百万円と記載 売上の過大計上等 令和元年７月１日～同年９月30日の第２四半期会計期間 四半期 貸借対照表 純資産額が 1,211百万円であるところを1,652百万円と記載 10 令和２年 ２月13日 第20期第３四半期（令和元年10月１日～同年12月31日）に係る四半期報告書 平成31年４月１日～令和元年12月31日の第３四半期累計期間 四半期 損益計算書 四半期純利益が 61百万円であるところを426百万円と記載 売上の過大計上等 令和元年10月１日～同年12月31日の第３四半期会計期間 四半期 貸借対照表 純資産額が 1,194百万円であるところを1,811百万円と記載 11 令和２年 ６月26日 第20期（平成31年４月１日～令和２年３月31日）に係る有価証券報告書 平成31年４月１日～令和２年３月31日の会計期間 損益計算書 当期純利益が 146百万円であるところを659百万円と記載 売上の過大計上等 貸借対照表 純資産額が 1,472百万円であるところを2,237百万円と記載 12 令和２年 ８月７日 第21期第１四半期（令和２年４月１日～同年６月30日）に係る四半期報告書 令和２年４月１日～同年６月30日の第１四半期累計期間 四半期 損益計算書 四半期純利益が▲17百万円であるところを145百万円と記載 売上の過大計上等 令和２年４月１日～同年６月30日の第１四半期会計期間 四半期 貸借対照表 純資産額が 1,333百万円であるところを2,260百万円と記載 13 令和２年11月13日 第21期第２四半期（令和２年７月１日～同年９月30日）に係る四半期報告書 令和２年４月１日～同年９月30日の第２四半期累計期間 四半期 損益計算書 四半期純利益が 93百万円であるところを343百万円と記載 売上の過大計上等 令和２年７月１日～同年９月30日の第２四半期会計期間 四半期 貸借対照表 純資産額が 1,443百万円であるところを2,457百万円と記載 14 令和３年 ２月15日 第21期第３四半期（令和２年10月１日～同年12月31日）に係る四半期報告書 令和２年４月１日～同年12月31日の第３四半期連結累計期間 四半期連結 損益計算書 親会社株主に帰属する四半期純利益が 376百万円であるところを807百万円と記載 売上の過大計上等 令和２年10月１日～同年12月31日の第３四半期連結会計期間 四半期連結 貸借対照表 連結純資産額が 1,727百万円であるところを2,922百万円と記載 15 令和３年 ６月30日 第21期（令和２年４月１日～令和３年３月31日）に係る有価証券報告書 令和２年４月１日～令和３年３月31日の連結会計期間 連結 損益計算書 親会社株主に帰属する当期純利益が 565百万円であるところを1,076百万円と記載 売上の過大計上等 連結 貸借対照表 連結純資産額が1,928百万円であるところを3,204百万円と記載 （注）金額は百万円未満切捨てである。 【別紙２】課徴金の計算方法 （１）　金融商品取引法第172条の４第１項及び第２項の規定により、平成29年６月第１四半期四半期報告書、平成29年９月第２四半期四半期報告書、平成29年12月第３四半期四半期報告書及び平成30年３月期有価証券報告書ごとに算出した額（以下（１）において「個別決定ごとの算出額」という。）は、 ア　当社が発行する算定基準有価証券の市場価額の総額に10万分の６を乗じて得た額 ・平成29年６月第１四半期四半期報告書に係る額　　　1,273,255円 ・平成29年９月第２四半期四半期報告書に係る額　　　1,477,545円 ・平成29年12月第３四半期四半期報告書に係る額   　  1,954,521円 ・平成30年３月期有価証券報告書に係る額　　　　　   1,656,311円 が、いずれも イ　6,000,000円 を超えないことから、 ・平成29年６月第１四半期四半期報告書については、6,000,000円の２分の１に相当する額である3,000,000円 ・平成29年９月第２四半期四半期報告書については、6,000,000円の２分の１に相当する額である3,000,000円 ・平成29年12月第３四半期四半期報告書については、6,000,000円の２分の１に相当する額である3,000,000円 ・平成30年３月期有価証券報告書については、6,000,000円 となる。 ここで、これらの開示書類が同一の事業年度に係るものであることから、金融商品取引法第185条の７第６項の規定により、6,000,000円を個別決定ごとの算出額に応じて按分した下記の金額が、これらの開示書類に係る課徴金の額となる。 ・平成29年６月第１四半期四半期報告書に係る課徴金の額は、1,200,000円 ・平成29年９月第２四半期四半期報告書に係る課徴金の額は、1,200,000円 ・平成29年12月第３四半期四半期報告書に係る課徴金の額は、1,200,000円 ・平成30年３月期有価証券報告書に係る課徴金の額は、2,400,000円 （２）　金融商品取引法第172条の４第１項及び第２項の規定により、平成30年９月第２四半期四半期報告書、平成30年12月第３四半期四半期報告書及び平成31年３月期有価証券報告書ごとに算出した額（以下（２）において「個別決定ごとの算出額」という。）は、 ア　当社が発行する算定基準有価証券の市場価額の総額に10万分の６を乗じて得た額 ・平成30年９月第２四半期四半期報告書に係る額　　　 2,129,814円 ・平成30年12月第３四半期四半期報告書に係る額   　   2,137,301円 ・平成31年３月期有価証券報告書に係る額　　　　　　 1,894,350円 が、いずれも イ　6,000,000円 を超えないことから、 ・平成30年９月第２四半期四半期報告書については、6,000,000円の２分の１に相当する額である3,000,000円 ・平成30年12月第３四半期四半期報告書については、6,000,000円の２分の１に相当する額である3,000,000円 ・平成31年３月期有価証券報告書については、6,000,000円 となる。 ここで、これらの開示書類が同一の事業年度に係るものであることから、金融商品取引法第185条の７第６項の規定により、6,000,000円を個別決定ごとの算出額に応じて按分した下記の金額が、これらの開示書類に係る課徴金の額となる。 ・平成30年９月第２四半期四半期報告書に係る課徴金の額は、1,500,000円 ・平成30年12月第３四半期四半期報告書に係る課徴金の額は、1,500,000円 ・平成31年３月期有価証券報告書に係る課徴金の額は、3,000,000円 （３）　金融商品取引法第172条の４第１項及び第２項の規定により、令和元年６月第１四半期四半期報告書、令和元年９月第２四半期四半期報告書、令和元年12月第３四半期四半期報告書及び令和２年３月期有価証券報告書ごとに算出した額（以下（３）において「個別決定ごとの算出額」という。）は、 ア　当社が発行する算定基準有価証券の市場価額の総額に10万分の６を乗じて得た額 ・令和元年６月第１四半期四半期報告書に係る額　　　1,978,008円 ・令和元年９月第２四半期四半期報告書に係る額　　　2,398,434円 ・令和元年12月第３四半期四半期報告書に係る額   　  2,464,663円 ・令和２年３月期有価証券報告書に係る額　　　　　   2,301,281円 が、いずれも イ　6,000,000円 を超えないことから、 ・令和元年６月第１四半期四半期報告書については、6,000,000円の２分の１に相当する額である3,000,000円 ・令和元年９月第２四半期四半期報告書については、6,000,000円の２分の１に相当する額である3,000,000円 ・令和元年12月第３四半期四半期報告書については、6,000,000円の２分の１に相当する額である3,000,000円 ・令和２年３月期有価証券報告書については、6,000,000円 となる。 ここで、これらの開示書類が同一の事業年度に係るものであることから、金融商品取引法第185条の７第６項の規定により、6,000,000円を個別決定ごとの算出額に応じて按分した下記の金額が、これらの開示書類に係る課徴金の額となる。 ・令和元年６月第１四半期四半期報告書に係る課徴金の額は、1,200,000円 ・令和元年９月第２四半期四半期報告書に係る課徴金の額は、1,200,000円 ・令和元年12月第３四半期四半期報告書に係る課徴金の額は、1,200,000円 ・令和２年３月期有価証券報告書に係る課徴金の額は、2,400,000円 （４）　金融商品取引法第172条の４第１項及び第２項の規定により、令和２年６月第１四半期四半期報告書、令和２年９月第２四半期四半期報告書、令和２年12月第３四半期四半期報告書及び令和３年３月期有価証券報告書ごとに算出した額（以下（４）において「個別決定ごとの算出額」という。）は、 ア　当社が発行する算定基準有価証券の市場価額の総額に10万分の６を乗じて得た額 ・令和２年６月第１四半期四半期報告書に係る額　　　3,336,539円 ・令和２年９月第２四半期四半期報告書に係る額　　　4,393,777円 ・令和２年12月第３四半期四半期報告書に係る額   　  5,495,428円 ・令和３年３月期有価証券報告書に係る額　　　　　   4,549,183円 が、いずれも イ　6,000,000円 を超えないことから、 ・令和２年６月第１四半期四半期報告書については、6,000,000円の２分の１に相当する額である3,000,000円 ・令和２年９月第２四半期四半期報告書については、6,000,000円の２分の１に相当する額である3,000,000円 ・令和２年12月第３四半期四半期報告書については、6,000,000円の２分の１に相当する額である3,000,000円 ・令和３年３月期有価証券報告書については、6,000,000円 となる。 ここで、これらの開示書類が同一の事業年度に係るものであることから、金融商品取引法第185条の７第６項の規定により、6,000,000円を個別決定ごとの算出額に応じて按分した下記の金額が、これらの開示書類に係る課徴金の額となる。 ・令和２年６月第１四半期四半期報告書に係る課徴金の額は、1,200,000円 ・令和２年９月第２四半期四半期報告書に係る課徴金の額は、1,200,000円 ・令和２年12月第３四半期四半期報告書に係る課徴金の額は、1,200,000円 ・令和３年３月期有価証券報告書に係る課徴金の額は、2,400,000円"
2022-01-28,株式会社レオパレス２１,8848,株式会社レオパレス２１社員からの情報受領者による内部者取引に対する課徴金納付命令の勧告について,https://www.fsa.go.jp/sesc/news/c_2022/2022/20220128-1.html,"English version 令和4年1月28日 証券取引等監視委員会 株式会社レオパレス２１社員からの情報受領者による内部者取引に対する課徴金納付命令の勧告について １．勧告の内容 証券取引等監視委員会は、株式会社レオパレス２１社員からの情報受領者による内部者取引について検査した結果、下記のとおり法令違反の事実が認められたので、本日、内閣総理大臣及び金融庁長官に対して、金融庁設置法第２０条第１項の規定に基づき、課徴金納付命令を発出するよう勧告を行った。 ２．法令違反の事実関係 課徴金納付命令対象者は、株式会社レオパレス２１（以下「レオパレス」という。）の社員甲から、同人がその職務に関し知った、レオパレスの業務執行を決定する機関が、同社の発行する株式を引き受ける者の募集を行うことについての決定をした旨の重要事実の伝達を受けながら、上記重要事実の公表がされた令和２年９月３０日午後５時頃より前の同月１８日から同月３０日午後１時１６分頃までの間、自己の計算において、レオパレス株式合計１８万株を買付価額合計３００９万７４３０円で買い付けたものである。 違反行為事実の概要については、 別図 のとおり。 課徴金納付命令対象者が行った上記の行為は、金融商品取引法第１７５条第１項に規定する「第１６６条第３項の規定に違反して、同条第１項に規定する売買等をした」行為に該当すると認められる。 ３．課徴金の額の計算 上記の違反行為に対し、金融商品取引法に基づき納付を命じられる課徴金の額は、１８５０万円である。 計算方法の詳細については、 別紙 のとおり。 （別図） ○違反行為事実の概要について （クリックすると拡大されます） （別紙） ○課徴金の額の計算方法について １．金融商品取引法第１７５条第１項第２号の規定により、当該有価証券の買付けについて、業務等に関する重要事 実の公表がされた後２週間における最も高い価格（270円）に当該有価証券の買付けの数量を乗じて得た額から、 当該有価証券の買付けをした価格にその数量を乗じて得た額を控除した額。 （270円×180,000株） －(153.8円×8,600株＋153.9円×8,500株＋154円×12,900株＋159円×30,000株＋165円×40,000株 ＋176円×50,000株＋177円×30,000株） ＝18,502,570円 ２．金融商品取引法第１７６条第２項の規定により、上記１．で計算した額の１万円未満の端数を切捨て。"
2022-01-21,新生インベストメント・マネジメント株式会社,,新生インベストメント・マネジメント株式会社に対する検査結果に基づく勧告について,https://www.fsa.go.jp/sesc/news/c_2022/2022/20220121-3.html,English version 令和４年１月21日 証券取引等監視委員会 新生インベストメント・マネジメント株式会社に対する検査結果に基づく勧告について １．勧告の内容 証券取引等監視委員会が新生インベストメント・マネジメント株式会社（東京都中央区、法人番号1010001076871、代表取締役社長　平井　治子、資本金4.95億円、常勤役職員27名、投資運用業、投資助言・代理業、第二種金融商品取引業）を検査した結果、下記のとおり、当該金融商品取引業者に係る問題が認められたので、本日、証券取引等監視委員会は、内閣総理大臣及び金融庁長官に対して、金融庁設置法第20条第１項の規定に基づき、行政処分を行うよう勧告した。 ２．事実関係 ⑴　投資一任契約を締結した顧客のために善良な管理者の注意をもって投資運用業を行っていない状況 投資一任業者には、投資一任契約を締結した顧客のために善良な管理者の注意をもって投資運用業を行う義務があり、その一環として、その運用財産について、契約締結前においても契約締結後においても、運用及び管理を適切に行うことを確保する必要がある。 また、新生インベストメント・マネジメント株式会社（以下「当社」という。）は、前回検査（勧告日：平成24年12月７日）において、投資一任契約の運用に組み入れる投資対象資産の買付価格について十分な調査を行っていないなど、「投資一任業務に係る善管注意義務違反」として指摘を受け、平成24年12月、金融庁より金融商品取引法第51条の規定に基づき、投資一任契約の締結・運用に際して十分な体制を構築すること等の再発防止策の策定を含めた業務改善命令が発出されており、当社は、同命令を受け、商品特性別の調査プロセスと価格の妥当性検証のプロセスを社内規程等に加え、投資を決定する会議体において商品特性を踏まえた議論を行うなどとした業務改善を行うこととしていた。 こうした中、前回検査以降に当社が顧客と締結した投資一任契約のうち、以下のＡからＦまでの他社運用の各ファンドを投資対象として組み入れている投資一任契約において、以下の問題が認められた。 ア　商品特性に応じた調査の状況 投資一任業者は、運用財産の適切な運用・管理を行うため、他社運用のファンドを投資対象として組み入れる場合には、投資一任契約締結前後を通じて、そのファンドの商品特性に応じた調査を行い、リスクの所在等を把握することが必要であるところ、当社は、以下のとおり、契約締結前後を通じて商品特性に応じた調査を十分に行っておらず、運用財産の運用・管理を適切に行っていない状況が認められた。 (ｱ)　多数の中小企業等に融資を行い、その元利金の返済を運用成果とする特性を有する海外運用会社のＡファンドにつき、当社の調査は、そのような商品特性であるにもかかわらず、当該海外運用会社の組織体制やファンドの概要等の形式的な確認にとどまり、当該ファンドの具体的な融資先すら把握しておらず、融資の回収可能性の検証もしていない。 (ｲ)　世界のグロース株に投資し、投資可能通貨などにより複数のシェアクラスが存在する特性を有する海外運用会社のＢファンドにつき、いずれのシェアクラスにおいても為替ヘッジが行われていないにもかかわらず、当社の調査では、為替ヘッジ付きのシェアクラスが存在すると誤認しており、その結果、為替ヘッジ付きでの運用を希望する顧客と投資一任契約を締結しており、契約締結後約1年もの間、シェアクラスにおける為替ヘッジが行われていない事実を認識しないまま運用している。 (ｳ)　プライム・ブローカーに顧客資産を担保や証拠金として差し入れてレバレッジをかけ、世界の様々な金融商品の先物、商品先物、ABSのマージン取引などに投資するという特性を有する海外運用会社のＣファンド及びＤファンドにつき、当社の調査では、そのような商品特性であるにもかかわらず、プライム・ブローカーについての調査を実施しておらず、プライム・ブローカーにおける顧客資産の分別管理の状況を確認していない。 (ｴ)　海外の未公開企業への投資という特性を有する海外運用会社のＥファンド及びＦファンドにつき、当社の調査では、そのような商品特性であるにもかかわらず、ファンドの投資対象企業の実在性を裏付ける情報を、当該海外運用会社を通じるなどして確認をしていない。 イ　時価評価体制に係る調査の状況 投資一任業者は、運用財産の適切な運用・管理を行うため、非上場株式に投資をするファンドを運用財産に組み入れる場合には、運用財産の適切な運用・管理を行うため、運用先における時価評価体制を調査する等により、運用財産の正確な評価を実施することが必要である。 しかしながら、当社は、Ｅファンド及びＦファンドについて、非上場株式に投資するという特性を有するもので、運用先における時価評価体制を調査する等により、運用財産の正確な評価を実施することが必要であるが、顧客との投資一任契約締結前の調査時点で、当該ファンドの運用会社が行っていた時価評価に対する監査報告書による保証表明が得られていないにもかかわらず、自ら当該運用会社の時価評価体制の調査をしておらず、例えば、ファンドの投資先企業の財務諸表や評価方法等について入手の可否を確認しないまま投資一任契約を締結し、その後も適正な時価で評価されているかについての調査を行うことなく運用しており、運用財産の運用・管理を適切に行っていない状況が認められた。 ウ　投資判断の状況 投資運用業は、他人の資金を運用することを業とする行為であり、一般に資金の運用を委託する顧客は、投資運用業者の専門能力等を信用して資金を投じ、投資運用業者は、その信頼を基礎に、通常広い裁量をもって顧客の利益のために運用を行う。 また、投資一任契約とは、顧客から金融商品の価値等の分析に基づく投資判断の全部又は一部を一任されるとともに、当該投資判断に基づき当該相手方のために投資を行うのに必要な権限を委任されることを内容とする契約であり、投資一任業者は、投資一任契約の相手方となる顧客のために、自らの専門能力等を活かして、また善良な管理者の注意をもって、その運用財産の適切な運用・管理を行う必要があり、その一環として、顧客のために、適切な投資判断を行う必要がある。 しかしながら、当社は、Ａファンドにつき、投資一任契約締結後に、当該ファンドの運用会社から当該ファンドの解約受付の一時停止、解約額の上限の引下げ設定等、顧客資産に重大な影響を与える可能性のある通知が断続的に行われるなど、投資一任契約に基づく当社の投資判断が求められる事象が立て続けに発生していたにもかかわらず、自らは投資判断を行っておらず、運用財産の運用・管理を適切に行っていない状況が認められた。 当社による上記アからウまでの状況は、投資運用業者として、運用財産の運用・管理を適切に行っておらず、投資一任契約を締結した顧客のために善良な管理者の注意をもって投資運用業を行っていないものと認められ、金融商品取引法第42条第２項に定める「善良な管理者の注意義務」に違反するものと認められる。 ⑵　公募投資信託の受益者のために善良な管理者の注意をもって投資運用業を行っておらず、忠実に投資運用業を行っていない状況 投資信託委託会社には、投資信託の受益者のために善良な管理者の注意をもって投資運用業を行う義務及び忠実に投資運用業を行う義務がある。 こうした中、当社が設定した投資信託において、以下の問題が認められた。 ア　公募投資信託の設定前調査等が不適切な状況 投資信託委託会社には、投資信託の受益者のために善良な管理者の注意をもって投資運用業を行う義務があり、その一環として、その運用財産について、その運用及び管理を適切に行うことを確保する必要があり、例えば、自らの専門能力等を活かして、受益者のために、適切な投資判断を行う必要がある。 また、投資信託委託会社は、ファンド・オブ・ファンズ形式の投資信託を運用するに際して、受益者に対する受託者責任を果たす観点から、善良な管理者の注意をもって、投資対象先における運用財産の運用方法や管理方法等について、十分な調査・検討を実施・継続していくことが必要である。 このような中、当社は、平成27年８月から同28年12月までにかけて、複数の公募投資信託（以下「公募投信シリーズ」という。）を設定している。当該公募投信シリーズは、ファンド・オブ・ファンズ形式で運用されており、当社は、国内運用会社が運用する国内外の複合資産に投資するラップ型の投資信託（以下「運用対象投信」という。）を組み入れている。 公募投信シリーズの運用対象投信においては、基準価額の下落率が目標数値の範囲内にある場合には、様々なリスク資産間で機動的に資産を配分する運用が行われるが、目標数値を超過して下落した場合、リスク資産間で機動的に資産を配分する運用は行われず、最長１年間、運用対象投信の全運用資産が現金及び現金同等の性質を持つ短期債券（以下「現金等」という。）に固定化される運用となっていたため、公募投信シリーズは、運用対象投信の基準価額が目標数値の範囲内にあるか否かにより、運用方針が異なってくるという特色を有するものであった。 しかしながら、当社は、公募投信シリーズの設定前における調査において、投資先ファンドの基準価額が目標数値を超過して下落した場合の運用方針を把握しないまま公募投信シリーズを平成27年８月以降順次設定し、令和２年３月に投資先ファンドを運用する国内運用会社より、公募投信シリーズのうちの一部の投資信託（以下「現金等配分公募投信」という。）の運用対象投信の全運用資産が現金等に固定化される運用となる旨の説明を受けるまで、当社は長期にわたって当該運用方針を認識せず、当該説明を受けた後も運用の見直しを検討するなど適切な投資判断を行わないまま公募投信シリーズの運用を行っていた。 このような状況は、投資信託の受益者のために善良な管理者の注意をもって投資運用業を行っていないものと認められ、金融商品取引法第42条第２項に定める「善良な管理者の注意義務」に違反するものと認められる。 イ　公募投資信託の受益者対応が不適切な状況 投資信託委託会社には、投資信託の受益者のために忠実に投資運用業を行う義務があり、専ら受益者の利益のためにのみ行動する必要がある。 しかしながら、当社は、アに掲げた公募投信シリーズにおいて現金等配分公募投信が発生したことに関し、その一部では、受益者が負担し続けることとなる信託報酬やその他運用コストと、受益者が当該投信の中途解約時に負担することとなる信託財産留保額（以下「手数料等」という。）を比較すると、中途解約の方が受益者有利になる可能性があることを認識したにもかかわらず、令和２年４月10日に現金等配分公募投信の全ての受益者向けの臨時レポートを開示した際に、そのことに言及していない。 また、当社は、受益者や販売会社の営業員から問い合わせを受けた際に、一部の営業員に対してのみ、受益者が手数料等を支払って中途解約した方が良い旨回答するなど、受益者公平性の観点から問題のある対応を行っている。 このような状況は、投資信託の受益者のために忠実に投資運用業を行っていないものと認められ、金融商品取引法第42条第１項に定める「忠実義務」に違反するものと認められる。 （参考条文） ○　金融商品取引法（昭和23年法律第25号）（抄） （権利者に対する義務） 第四十二条　金融商品取引業者等は、権利者（次の各号に掲げる業務の区分に応じ当該各号に定める者をいう。以下この款において同じ。）のため忠実に投資運用業を行わなければならない。 一～三　（略） ２　金融商品取引業者等は、権利者に対し、善良な管理者の注意をもつて投資運用業を行わなければならない。
2022-01-21,三井製糖株式会社,2109,三井製糖株式会社との契約締結交渉者の役員による内部者取引に対する課徴金納付命令の勧告について,https://www.fsa.go.jp/sesc/news/c_2022/2022/20220121-2.html,"English version 令和4年1月21日 証券取引等監視委員会 三井製糖株式会社との契約締結交渉者の役員による内部者取引に対する課徴金納付命令の勧告について １．勧告の内容 証券取引等監視委員会は、三井製糖株式会社との契約締結交渉者の役員による内部者取引について検査した結果、下記のとおり法令違反の事実が認められたので、本日、内閣総理大臣及び金融庁長官に対して、金融庁設置法第２０条第１項の規定に基づき、課徴金納付命令を発出するよう勧告を行った。 ２．法令違反の事実関係 課徴金納付命令対象者は、日本甜菜製糖株式会社（以下「日本甜菜製糖」という。）の役員であった者であるが、三井製糖株式会社（令和３年４月１日にＤＭ三井製糖ホールディングス株式会社に商号変更。以下「三井製糖」という。）と日本甜菜製糖株式の取得を伴う業務上の提携に係る契約の締結の交渉に関し、三井製糖の業務執行を決定する機関が、日本甜菜製糖と業務上の提携を行うことについての決定をした旨の重要事実を知りながら、上記重要事実の公表がされた令和２年３月２５日より前の同年１月２０日から同年２月２８日までの間、自己の計算において、三井製糖株式合計１０００株を買付価額合計１９４万９４９０円で買い付けたものである。 違反行為事実の概要については、 別図 のとおり。 課徴金納付命令対象者が行った上記の行為は、金融商品取引法第１７５条第１項に規定する「第１６６条第１項の規定に違反して、同条第１項に規定する売買等をした」行為に該当すると認められる。 ３．課徴金の額の計算 上記の違反行為に対し、金融商品取引法に基づき納付を命じられる課徴金の額は、２７万円である。 計算方法の詳細については、 別紙 のとおり。 ４．その他 本件については、日本取引所自主規制法人より提供された情報等を参考として、実態解明を行ったものである。 （別図） ○違反行為事実の概要について （クリックすると拡大されます） （別紙） ○課徴金の額の計算方法について １．金融商品取引法第１７５条第１項第２号の規定により、当該有価証券の買付けについて、業務等に関する重要事　実の公表がされた後２週間における最も高い価格（2,223円）に当該有価証券の買付けの数量を乗じて得た額から、当該有価証券の買付けをした価格にその数量を乗じて得た額を控除した額。 （2,223円×1,000株） －(1,904.9円×100株＋1,905円×400株＋1,906円×200株＋1,978円×100株 ＋1,979円×100株＋2,201円×100株） ＝273,510円 ２．金融商品取引法第１７６条第２項の規定により、上記１．で計算した額の１万円未満の端数を切捨て。"
2022-01-21,株式会社ミツバ,7280,ミツバ株式に係る相場操縦に対する課徴金納付命令の勧告について,https://www.fsa.go.jp/sesc/news/c_2022/2022/20220121-1.html,"English version 令和４年１月21日 証券取引等監視委員会 ミツバ株式に係る相場操縦に対する課徴金納付命令の勧告について １．勧告の内容 証券取引等監視委員会は、ミツバ株式に係る相場操縦について検査した結果、下記のとおり法令違反の事実が認められたので、本日、内閣総理大臣及び金融庁長官に対して、金融庁設置法第２０条第１項の規定に基づき、課徴金納付命令を発出するよう勧告を行った。 ２．法令違反の事実関係 課徴金納付命令対象者は、株式会社ミツバの株式につき、同株式の売買を誘引する目的をもって、別表１記載のとおり、令和２年３月２３日から同月２６日までの間、引け条件付き成行買い注文を発注した上で、上値に複数の売り注文を発注したり、直前約定値よりも安い指値の売り注文を発注して売り付けることにより直前の約定値より株価を引き下げたりするなどの方法により、同株式合計３万８９００株を買い付ける一方、同株式合計７万３３００株の売付けの委託を行うとともに、同株式合計３万４５００株を売り付け、もって、それぞれ、自己の計算において、同株式の売買が繁盛であると誤解させ、かつ、同株式の相場を変動させるべき一連の売買及び委託をしたものである。 違反行為事実の概要については、 別図 のとおり。 課徴金納付命令対象者が行った上記の行為は、金融商品取引法第１７４条の２第１項に規定する「第１５９条第２項第１号の規定に違反する一連の有価証券売買等」に該当すると認められる。 ３．課徴金の額の計算 上記の違反行為に対し金融商品取引法に基づき納付を命じられる課徴金の額の合計は、８２万５０００円である。 計算方法の詳細については、 別紙 のとおり。 ４．その他 本件については、日本取引所自主規制法人より提供された情報等を参考として、実態解明を行ったものである。 なお、平成３１年３月２９日、当委員会は、課徴金納付命令対象者が特殊見せ玉を用いた偽計を行ったことについて、内閣総理大臣及び金融庁長官に対し、課徴金納付命令発出の勧告を行い、令和元年５月３０日、金融庁長官は、課徴金納付命令対象者に対し、課徴金納付命令決定を行っている。 （別表１） ○違反行為状況 （クリックすると拡大されます） （別図） ○違反行為事実の概要について （クリックすると拡大されます） （別紙） ○課徴金の額の計算方法について 1． 別表１ の各違反行為期間に係る課徴金の額の計算の基礎は以下のとおりである。 (1)　金融商品取引法第１７４条の２第１項の規定により、当該違反行為に係る課徴金の額は、 ア．当該違反行為に係る有価証券の売買対当数量に係るものについて、自己の計算による当該有価証券の売付け等の価額から、自己の計算による当該有価証券の買付け等の価額を控除した額 及び イ．当該違反行為に係る自己の計算による有価証券の買付け等の数量が、当該違反行為に係る自己の計算による有価証券の売付け等の数量を超える場合、当該違反行為が終了してから１月を経過するまでの間の各日における当該違反行為に係る有価証券の売付け等についての金融商品取引法第６７条の１９又は第１３０条に規定する最高の価格のうち最も高い価格に当該超える数量を乗じて得た額から当該超える数量に係る有価証券の買付け等の価額を控除した額 の合計額として算定。 (2)　上記(1)で算定された課徴金の額につき、金融商品取引法第１７６条第２項の規定により１万円未満の端数を 切り捨てて算定。 (3)　上記(2)で算定された課徴金の額につき、金融商品取引法第１８５条の７第１５項の規定により当該額の１． ５倍として算定。 (4)　上記(3) によりそれぞれ算定した額を合計し、課徴金の額とする。 ２． 別表１ に掲げるミツバ株式に係る取引 (1)　令和２年３月２３日の取引について 当該違反行為に係る自己の計算による有価証券の売付け等の数量は、6,400株であり、当該違反行為に係る自己の計算による有価証券の買付け等の数量も6,400株であることから、 ア．当該違反行為に係る有価証券の売買対当数量（6,400株）に係るものについて、自己の計算による当該有価証券の売付け等の価額から、自己の計算による当該有価証券の買付け等の価額を控除した額 （有価証券の売付け等の価額：2,309,300円） －（有価証券の買付け等の価額：2,240,000円） ＝69,300円 イ．金融商品取引法第１７６条第２項の規定により、上記ア．で計算した額の１万円未満の端数を切捨て、60,000円となる。 ウ．金融商品取引法第１８５条の７第１５項の規定により、上記イ．で計算した額を１．５倍し、90,000円となる。 (2)　令和２年３月２４日の取引について 当該違反行為に係る自己の計算による有価証券の買付け等の数量は、10,500株であり、当該違反行為に係る自己の計算による有価証券の売付け等の数量は、実際の売付け等の数量7,100株に、金融商品取引法第１７４条の２第７項及び金融商品取引法施行令第３３条の１２第１号の規定により、違反行為の開始時にその時における価格（404円）で売付け等を自己の計算においてしたものとみなされる当該違反行為の開始時に売付けをしている有価証券の数量2,900株を加えた10,000株であることから、 ア．当該違反行為に係る有価証券の売買対当数量（10,000株）に係るものについて、 自己の計算による当該有価証券の売付け等の価額から、自己の計算による当該有価証券の買付け等の価額を控除した額 （有価証券の売付け等の価額：4,036,100円） －（有価証券の買付け等の価額：3,910,000円） ＝126,100円 及び イ．当該違反行為に係る自己の計算による有価証券の買付け等の数量（10,500株）が、当該違反行為に係る自己の計算による有価証券の売付け等の数量（10,000株）を超えていることから、当該違反行為が終了してから１月を経過するまでの間の各日における当該違反行為に係る有価証券の売付け等についての金融商品取引法第６７条の１９又は第１３０条に規定する最高の価格のうち最も高い価格（476円）に当該超える数量500株（買付け等の数量10,500株－売付け等の数量10,000株）を乗じて得た額から、当該超える数量に係る有価証券の買付け等の価額を控除した額 （476円×500株）－（391円×500株） ＝ 42,500円 の合計額168,600円となる。 ウ．金融商品取引法第１７６条第２項の規定により、上記ア．及びイ．で計算した額の合計額の１万円未満の端数を切捨て、160,000円となる。 エ．金融商品取引法第１８５条の７第１５項の規定により、上記ウ．で計算した額を１．５倍し、240,000円となる。 (3)　令和２年３月２５日の取引について 当該違反行為に係る自己の計算による有価証券の売付け等の数量は、12,000株であり、当該違反行為に係る自己の計算による有価証券の買付け等の数量も12,000株であることから、 ア．当該違反行為に係る有価証券の売買対当数量（12,000株）に係るものについて、自己の計算による当該有価証券の売付け等の価額から、自己の計算による当該有価証券の買付け等の価額を控除した額 （有価証券の売付け等の価額：5,142,300円） －（有価証券の買付け等の価額：5,040,000円） ＝102,300円 イ．金融商品取引法第１７６条第２項の規定により、上記ア．で計算した額の１万円未満の端数を切捨て、100,000円となる。 ウ．金融商品取引法第１８５条の７第１５項の規定により、上記イ．で計算した額を１．５倍し、150,000円となる。 (4)　令和２年３月２６日の取引について 当該違反行為に係る自己の計算による有価証券の売付け等の数量は、9,000株であり、当該違反行為に係る自己の計算による有価証券の買付け等の数量は、10,000株であることから、 ア．当該違反行為に係る有価証券の売買対当数量（9,000株）に係るものについて、自己の計算による当該有価証券の売付け等の価額から、自己の計算による当該有価証券の買付け等の価額を控除した額 （有価証券の売付け等の価額：4,074,610円） －（有価証券の買付け等の価額：3,888,000円） ＝186,610円 及び イ．当該違反行為に係る自己の計算による有価証券の買付け等の数量（10,000株）が、当該違反行為に係る自己の計算による有価証券の売付け等の数量（9,000株）を超えていることから、当該違反行為が終了してから１月を経過するまでの間の各日における当該違反行為に係る有価証券の売付け等についての金融商品取引法第６７条の１９又は第１３０条に規定する最高の価格のうち最も高い価格（476円）に当該超える数量1,000株（買付け等の数量10,000株－売付け等の数量9,000株）を乗じて得た額から、当該超える数量に係る有価証券の買付け等の価額を控除した額 （476円×1,000株）－（432円×1,000株） ＝ 44,000円 の合計額230,610円となる。 ウ．金融商品取引法第１７６条第２項の規定により、上記ア．及びイ．で計算した額の合計額の１万円未満の端数を切捨て、230,000円となる。 エ．金融商品取引法第１８５条の７第１５項の規定により、上記ウ．で計算した額を１．５倍し、345,000円となる。 ※　各違反行為期間における売付け等の価額及び買付け等の価額の詳細については、 別表２ を参照。 (5)　上記(1)ないし(4)により算定した額の合計 90,000円＋240,000円＋150,000円＋345,000円 ＝825,000円となる。 別表２（PDF）"
