date,period,stock_name,stock_code,title,link,lt,class
1998-08-27,1992/02/01-1997/08/31,南都銀行,8367,(株)南都銀行に対する検査結果に基づく勧告について,https://www.fsa.go.jp/sesc/news/c_1998/1998/19980827.html,(株)南都銀行に対する検査結果に基づく勧告について 平成１０年８月２７日 証券取引等監視委員会 １．勧告の内容 証券取引等監視委員会は、金融先物取引法の規定に基づき、近畿財務局長が株式会社南都銀行を検査した結果、下記のとおり法令違反の事実が認められたので、本日、内閣総理大臣及び金融監督庁長官に対して、金融監督庁設置法第１８条第１項の規定 に基づき、行政処分を行うよう勧告した。 ２．事実関係 ○ 　取引一任勘定取引の契約の締結 (株)南都銀行は、平成４年２月から同６年１１月にかけて、資金証券部の行員の関与により、６顧客の金融先物取引の受託につき、種類（日本円短期金利先物）、件数（取引枚数）等については事前に同意を得ているものの、期限（取引対象の限月）、約定数値（価格）、売買の別及び期限前に決済すること（転売・買戻し）について、顧客の同意を得ないで定めることができることを内容とする契約をそれぞれ締結した上で、平成４年２月から同９年８月までの間、取引を受託、執行した。 上記行為は、金融先物取引法第７４条第３号に規定する「取引一任勘定取引の契約を締結する行為」に該当すると認められる。 【参考１】 勧告の実施状況 １．勧告件数 件 委員会発足以降 ８１ （うち　９検査事務年度(9.7～） ４０） うち　会社勧告 ２４ （うち　９検査事務年度(9.7～) １４） ２．勧告実施件数一覧表 （単位：件） （注） 平成９検査事務年度の勧告には、検査結果及び犯則事件の調査に基づくものを一つの勧告として行っていたものがあり、これについては両方に計上したため合計数と一致しない。 【参考３】 ○ 金融監督庁設置法の施行に伴う関係法律の整備に関する法律による改正前の金融先物取引法（抜粋） （禁止行為） 第７４条 金融先物取引業者は、次に掲げる行為をしてはならない。 （中略） ３　件数、対価の額その他の大蔵省令で定める事項について、顧客の同意を得ないで定めることができることを内容とする受託契約を締結すること。 （以下略） ○　金融監督庁設置法等の施行に伴う関係大蔵省令等の整備に関する命令による改正前の金融先物取引法施行規則（抜粋） （顧客の同意が必要な事項） 第２６条　法第７４条第３号に規定する大蔵省令で定める事項は、次の各号に掲げるものとする。 １　金融先物取引等の種類、取引対象通貨等及び期限 ２　金融先物取引等の件数 ３　金融先物取引等の対価の額又は約定数値 ４　金融先物取引等の売買の別その他これに準ずる事項 ５　既に成立している金融先物取引等を期限前に決済すること。（委託者の事由により当該金融先物取引等に係る委託者の債務が履行されない又は履行されないおそれがある場合に、当該金融先物取引業者が期限前に決済することを除く。） ６　金融先物取引等の申込みが行われる金融先物市場又は海外金融先物市場を開設する者の名称 ７　受託契約に係る金融先物取引等に基づき発生する債務の履行の方法 ８　委託者が当該受託契約に係る金融先物取引等に関し預託すべき委託証拠金その他の保証金の種類及び価額並びに委託者が当該委託証拠金その他の保証金を預託し、及びその返還を受ける方法 ９　金融先物取引業者が委託者から徴収する手数料の額及び徴収の方法,0
2000-08-01,1999/07/21-2000/04/21,東洋証券株式会社,8614,東洋証券(株)に対する検査結果に基づく勧告について,https://www.fsa.go.jp/sesc/news/c_2000/2000/20000801_2.html,東洋証券(株)に対する検査結果に基づく勧告について 平成１２年８月１日 証券取引等監視委員会 １ ．勧告の内容 関東財務局長が東洋証券株式会社（東京都中央区日本橋、資本金１１３億円、役職員８３８名）を検査した結果、下記のとおり法令違反の事実が認められたので、本日、証券取引等監視委員会は、金融再生委員会及び金融庁長官に対して、金融再生委員会設置法第３１条第１項の規定に基づき、行政処分及びその他の適切な措置を講ずるよう勧告した。 ２ ．事実関係 ○　一定の配当の表示　東洋証券株式会社は、名古屋支店長の関与により、平成１１年７月下旬から同１２年４月２１日までの間、複数の銘柄の株式について、不特定かつ多数の者に買付勧誘を行うに際し、当該銘柄の株式に関し毎年一定額の配当金が供与される旨の表示を行った。 上記行為は、証券取引法第１７１条に規定する「有価証券の不特定多数者向け勧誘等に際し、不特定かつ多数の者に対して、当該有価証券に関し一定の期間につき、一定の額の金銭の供与が行われる旨の表示を行う行為」に該当すると認められる。,0
2001-06-29,2000/05/17-2000/10/25,丸八証券株式会社,8700,丸八証券株式会社に対する検査結果に基づく勧告について,https://www.fsa.go.jp/sesc/news/c_2001/2001/20010629-2.html,丸八証券株式会社に対する検査結果に基づく勧告について 平成１３年６月２９日 証券取引等監視委員会 １ ．勧告の内容 東海財務局長が丸八証券株式会社（名古屋市中区、資本金２３億円、役職員約２３０名）を検査した結果、下記のとおり法令違反等の事実が認められたので、本日、証券取引等監視委員会は、内閣総理大臣及び金融庁長官に対して、金融庁設置法第２０条第１項の規定に基づき、適切な措置を講ずるよう勧告した。 ２ ．事実関係 ○ 　損失を補てんするため財産上の利益を提供する行為、取引一任勘定取引の契約を締結する行為及び外務員の職務に関する著しく不適当な行為 東京支店歩合外務員は、 (1) 　平成１２年９月８日及び同年１０月２５日、複数の顧客の有価証券の売買につき、当該有価証券について生じた顧客の損失の一部を補てんするため、自己の資金を当該顧客の口座に入金する方法により、約２２万円の財産上の利益を提供した。 (2) 　平成１２年７月７日から同年１０月６日にかけて、複数の顧客との間で、株式の売買の受託につき、顧客の個別の取引ごとの同意を得ないで、数及び価格について定めることができることを内容とする契約を複数回にわたり締結した上で、同期間、取引を受託、執行した。 (3) 　平成１２年５月１７日から同年５月１９日の間、顧客の同意を得ずに、当該顧客の計算により株式の買付けを行った。 当該歩合外務員が行った上記1)の行為は、証券取引法第４２条の２第１項第３号及び第１９８条の３に規定する「有価証券について生じた顧客の損失の全部若しくは一部を補てんするため、当該顧客に対し、財産上の利益を提供する行為」に、2)の契約の締結行為は、証券取引法第４２条第１項第５号に規定する「取引一任勘定取引の契約を締結する行為」に、3)の行為は、日本証券業協会公正慣習規則第８号「証券従業員に関する規則」第９条に定める禁止行為（無断売買）に該当し、当該行為の内容から判断すると、証券取引法第６４条の５第１項第２号に規定する「外務員の職務に関する著しく不適当な行為」にそれぞれ該当すると認められる。,0
2002-07-11,2000/12/07-2002/04/05,岡三証券株式会社,8609,岡三証券(株)に対する検査結果に基づく勧告について,https://www.fsa.go.jp/sesc/news/c_2002/2002/20020711.html,岡三証券(株)に対する検査結果に基づく勧告について 平成１４年７月１１日 証券取引等監視委員会 １．勧告の内容 証券取引等監視委員会は、岡三証券株式会社（東京都中央区日本橋、資本金１２９億円、役職員約２，１００名）を検査した結果、下記のとおり当該証券会社の使用人に係る法令違反の事実が認められたので、本日、内閣総理大臣及び金融庁長官に対して、金融庁設置法第２０条第１項の規定に基づき、適切な措置を講ずるよう勧告した。 ２．事実関係 ○　取引一任勘定取引の契約の締結 名古屋支店営業部付証券投資相談員は、平成１２年１２月７日から同１３年１０月３日にかけて、複数の顧客との間で、株式の売買の受託につき、顧客の個別の取引ごとの同意を得ないで、売買の別、銘柄、数及び価格の全部について定めることができることを内容とする契約をそれぞれ締結した上で、平成１２年１２月８日から同１４年４月５日までの間、取引を受託、執行した。 当該使用人が行った、上記の契約の締結行為は、証券取引法第４２条第１項第５号に規定する「取引一任勘定取引の契約を締結する行為」に該当すると認められる。,0
2002-06-28,1996/12/13-2002/01/30,水戸証券株式会社,8622,水戸証券(株)に対する検査結果に基づく勧告について,https://www.fsa.go.jp/sesc/news/c_2002/2002/20020628.html,水戸証券(株)に対する検査結果に基づく勧告について 平成１４年６月２８日 証券取引等監視委員会 １．勧告の内容 関東財務局長が水戸証券株式会社（東京都中央区日本橋、東証・大証・名証会員、役職員約８５０名）を検査した結果、下記のとおり当該証券会社及び当該証券会社の使用人に係る法令違反の事実が認められたので、本日、証券取引等監視委員会は、内閣総理大臣及び金融庁長官に対して、金融庁設置法第２０条第１項の規定に基づき、行政処分及びその他の適切な措置を講ずるよう勧告した。 ２．事実関係 (1) 取引一任勘定取引の契約の締結 本店営業部営業第三課担当課長（当時）ほか２１名は、それぞれの顧客との間で、株式の売買等の受託につき、以下のとおり、顧客の個別の取引ごとの同意を得ないで、売買の別、銘柄、数及び価格の全部又はこれらの一部について定めることができることを内容とする契約を締結した上で、取引を受託、執行した。 ・本店営業部営業第三課担当課長（当時） 一任の形態　　全部又は一部（価格） 契約締結日　　平成１３年３月２８日から同年１１月８日 受託執行期間　平成１３年３月２９日から同年１１月８日 ・本店営業部営業第三課課長代理 一任の形態　　全部 契約締結日　　平成１３年９月１１日及び同年９月２８日 受託執行期間　平成１３年９月１１日から同年１０月１１日 ・水戸支店営業部営業第一課担当課長 一任の形態　　全部 契約締結日　　平成１３年５月１５日 受託執行期間　平成１３年５月１８日から同年１０月２４日 ・水戸支店営業部営業第一課担当課長 一任の形態　　全部 契約締結日　　平成１３年１月２４日から同年１０月３日 受託執行期間　平成１３年１月２５日から同年１１月２６日 ・水戸支店営業部営業第二課担当課長 一任の形態　　全部 契約締結日　　平成１３年１月１２日及び同年７月４日 受託執行期間　平成１３年１月１２日から同年１１月１３日 ・水戸支店営業部営業第二課担当課長 一任の形態　　全部 契約締結日　　平成１２年１１月２９日 受託執行期間　平成１２年１１月２９日から同１３年１１月１６日 ・水戸支店営業部営業第三課担当課長 一任の形態　　全部 契約締結日　　平成１３年４月１２日 受託執行期間　平成１３年４月１２日から同年１１月１６日 ・水戸支店営業部営業第三課担当課長 一任の形態　　全部又は一部（価格） 契約締結日　　平成１３年３月２６日から同年１１月１５日 受託執行期間　平成１３年３月２６日から同年１２月６日 ・水戸支店営業部営業第三課担当課長 一任の形態　　全部又は一部（価格） 契約締結日　　平成１２年１１月７日から同１３年１１月１２日 受託執行期間　平成１２年１１月７日から同１３年１１月１２日 ・土浦支店営業第一課担当課長 一任の形態　　一部（価格） 契約締結日　　平成１３年１０月４日から同年１２月２０日 受託執行期間　平成１３年１０月４日から同年１２月２０日 ・土浦支店営業第一課課長代理 一任の形態　　一部（価格） 契約締結日　　平成１２年１０月１８日から同１４年１月１７日 受託執行期間　平成１２年１０月１８日から同１４年１月１７日 ・つくば支店営業第一課担当課長 一任の形態　　全部又は一部（価格） 契約締結日　　平成１３年１０月１１日から同年１２月１８日 受託執行期間　平成１３年１０月１２日から同年１２月１８日 ・取手支店営業第二課担当課長 一任の形態　　全部 契約締結日　　平成１３年１０月４日から同年１１月２日 受託執行期間　平成１３年１０月４日から同年１１月９日 ・小山支店営業第一課担当課長 一任の形態　　全部又は一部（価格） 契約締結日　　平成１３年４月６日から同１４年１月７日 受託執行期間　平成１３年４月６日から同１４年１月７日 ・小山支店営業第二課営業員 一任の形態　　一部（価格） 契約締結日　　平成１３年８月３日から同１４年１月１５日 受託執行期間　平成１３年８月３日から同１４年１月１５日 ・川口支店営業第二課課長代理 一任の形態　　全部又は一部（価格） 契約締結日　　平成１３年６月１９日から同年１０月１１日 受託執行期間　平成１３年６月１９日から同年１０月１２日 ・柏支店営業第二課担当課長 一任の形態　　全部 契約締結日　　平成１３年２月１６日 受託執行期間　平成１３年２月１６日から同１４年１月７日 ・館山支店歩合外務員 一任の形態　　全部 契約締結日　　平成１３年５月１０日 受託執行期間　平成１３年５月１０日から同年１１月２７日 ・佐原支店営業課主任 一任の形態　　全部 契約締結日　　平成１３年１０月５日及び同年１０月１１日 受託執行期間　平成１３年１０月５日から同年１１月１２日 ・いわき支店営業第二課担当課長 一任の形態　　全部 契約締結日　　平成８年１２月１３日から同１３年３月２７日 受託執行期間　平成８年１２月１６日から同１３年１２月６日 ・いわき支店営業第二課課長代理 一任の形態　　全部 契約締結日　　平成１１年１０月２０日 受託執行期間　平成１１年１０月２５日から同１３年１０月２３日 ・いわき支店営業部歩合外務員 一任の形態　　全部又は一部（数及び価格） 契約締結日　　平成１１年６月１日から同１３年１０月２４日 受託執行期間　平成１１年６月２日から同１３年１０月２４日 当該使用人が行った、上記の契約の締結行為は、証券取引法第４２条第１項第５号（平成１０年１１月３０日以前の行為については、同年法律第１０７号による改正前の第５０条第１項第３号。以下同じ。）に規定する「取引一任勘定取引の契約を締結する行為」に該当すると認められる。 上記使用人２２名の行為のほか、使用人１１名による取引一任勘定取引の契約の締結行為が認められ、これら使用人３３名の行為は、当社の管理監督上の重大な過失により実行されたものと認められることから、証券取引法第４２条第１項第５号に規定する「取引一任勘定取引の契約を締結する行為」に該当する会社の行為と認められる。 (2) 投機的利益の追求を目的とした有価証券の売買 いわき支店営業部歩合外務員は、平成１１年１月２０日から同１４年１月３０日までの間、顧客の口座を使用して、自己の計算に基づく株式の売買を多数回にわたり行った。 当該外務員が行ったこれらの取引は、専ら投機的利益の追求を目的とした有価証券の売買と認められる。 当該使用人が行った上記行為は、証券取引法第４２条第１項第９号に基づく証券会社の行為規制等に関する内閣府令第４条第５号（平成１２年６月３０日以前の行為については、証券会社の行為規制等に関する命令第４条第５号）に規定する「投機的利益の追求を目的として有価証券の売買をする行為」に該当すると認められる。,0
2002-02-22,1995/06/27-2001/11/08,日産証券株式会社,8705,日産証券(株)に対する検査結果に基づく勧告について,https://www.fsa.go.jp/sesc/news/c_2002/2002/20020222.html,日産証券(株)に対する検査結果に基づく勧告について 平成１４年２月２２日 証券取引等監視委員会 １．勧告の内容 関東財務局長が日産証券株式会社（東京都中央区日本橋、東証・大証会員、役職員約２００名）を検査した結果、下記のとおり当該証券会社の使用人に係る法令違反の事実が認められたので、本日、証券取引等監視委員会は、内閣総理大臣及び金融庁長官に対して、金融庁設置法第２０条第１項の規定に基づき、適切な措置を講ずるよう勧告した。 ２．事実関係 ○　取引一任勘定取引の契約の締結 本店営業部課長は、平成７年６月２７日から同１１年７月２日にかけて、複数の顧客との間で、株式及び債券の売買の受託につき、顧客の個別の取引ごとの同意を得ないで、売買の別、銘柄、数及び価格の全部について定めることができることを内容とする契約を締結した上で、平成７年６月２７日から同１３年１１月８日までの間、取引を受託、執行した。 当該使用人が行った、上記の契約の締結行為は、証券取引法第４２条第１項第５号（平成１０年１１月３０日以前の行為については、同年法律第１０７号による改正前の第５０条第１項第３号）に規定する「取引一任勘定取引の契約を締結する行為」に該当すると認められる。,0
2003-03-11,2000/12/13-2002/11/07,丸三証券株式会社,8613,丸三証券(株)に対する検査結果に基づく勧告について（平成15年3月11日）,https://www.fsa.go.jp/sesc/news/c_2003/2003/20030311.html,"丸三証券（株）に対する検査結果に基づく勧告について 平成１５年３月11日 証券取引等監視委員会 １．勧告の内容 関東財務局長が丸三証券株式会社（東京都中央区日本橋、資本金100億円、役職員約1,270名）を検査した結果、下記のとおり当該証券会社及び当該証券会社の使用人に係る法令違反の事実が認められたので、本日、証券取引等監視委員会は、内閣総理大臣及び金融庁長官に対して、金融庁設置法第20条第１項の規定に基づき、行政処分及びその他の適切な措置を講ずるよう勧告した。 ２．事実関係 (1) 取引一任勘定取引の契約を締結する行為 丸三証券株式会社福生支店長（当時）は、その業務に関し、平成12年12月13日及び同14年４月26日、複数の顧客との間で、株式の売買の受託につき、顧客の個別の取引ごとの同意を得ないで、売買の別、銘柄、数及び価格の全部について定めることができることを内容とする契約を締結した上で、平成13年１月５日から同14年10月29日までの間、取引を受託、執行した。 丸三証券株式会社高津支店長は、その業務に関し、平成13年10月12日から同14年７月12日にかけて、顧客との間で、株式の売買の受託につき、顧客の個別の取引ごとの同意を得ないで、売買の別、銘柄、数及び価格の全部又はこれらの一部について定めることができることを内容とする契約を締結した上で、平成13年10月12日から同14年７月12日までの間、取引を受託、執行した。 丸三証券株式会社秩父支店歩合外務員は、その業務に関し、平成13年12月17日、顧客との間で、株式の売買の受託につき、顧客の個別の取引ごとの同意を得ないで、売買の別、銘柄、数及び価格の全部について定めることができることを内容とする契約を締結した上で、平成13年12月17日から同14年11月７日までの間、取引を受託、執行した。 当該使用人が行った上記の契約の締結行為は、証券取引法第42条第１項第５号に規定する「取引一任勘定取引の契約を締結する行為」に該当すると認められる。 上記使用人３名のほか使用人11名が、その業務に関し、取引一任勘定取引の契約を締結しており、当該証券会社が行ったこれらの契約の締結行為は、証券取引法第42条第１項第５号に該当すると認められる。 (2) 証券会社の使用人による投機的利益の追求を目的とした有価証券の売買 千葉支店営業課主任は、平成13年３月９日から同14年10月１日までの間、顧客の口座を使用し、専ら投機的利益の追求を目的として、自己の計算に基づく株式の売買を多数回にわたり行った。 当該使用人が行った上記行為は、証券取引法第42条第１項第９号に基づく証券会社の行為規制等に関する内閣府令第４条第５号に規定する「証券会社の使用人による投機的利益の追求を目的として有価証券の売買をする行為」に該当すると認められる。",0
2004-06-08,2002/09/10-2003/01/24,東洋証券株式会社,8614,東洋証券(株)に対する検査結果に基づく勧告について（平成16年6月8日）,https://www.fsa.go.jp/sesc/news/c_2004/2004/20040608-1.html,東洋証券(株)に対する検査結果に基づく勧告について 平成１６年６月８日 証券取引等監視委員会 １ ．勧告の内容 関東財務局長が東洋証券株式会社（東京都中央区、資本金約113億円、役職員約720名）を検査した結果、下記のとおり当該証券会社の使用人に係る法令違反の事実が認められたので、本日、証券取引等監視委員会は、内閣総理大臣及び金融庁長官に対して、金融庁設置法第20条第１項の規定に基づき、適切な措置を講ずるよう勧告した。 ２ ．事実関係 ○ 取引一任勘定取引の契約を締結する行為 清水支店営業課主任（当時）は、平成14年９月10日、顧客との間で、株式の売買の受託につき、顧客の個別の取引ごとの同意を得ないで、売買の別、銘柄、数及び価格の全部について定めることができることを内容とする契約を締結した上で、平成14年９月10日から同15年１月24日までの間、取引を受託、執行した。 当該使用人が行った上記の契約の締結行為は、証券取引法第42条第１項第５号に規定する「取引一任勘定取引の契約を締結する行為」に該当すると認められる。,0
2005-10-26,2003/07/01-2005/04/30,松井証券株式会社,8628,松井証券株式会社に対する検査結果に基づく勧告について（平成17年10月26日）,https://www.fsa.go.jp/sesc/news/c_2005/2005/20051026a.html,松井証券株式会社に対する検査結果に基づく勧告について 平成１７年１０月２６日 証券取引等監視委員会 １ ．勧告の内容 証券取引等監視委員会は、松井証券株式会社（東京都千代田区、資本金１１５億円、役職員約２２０名）を検査した結果、下記のとおり当該証券会社に係る法令違反の事実が認められたので、本日、内閣総理大臣及び金融庁長官に対して、金融庁設置法第２０条第１項の規定に基づき、行政処分を行うよう勧告した。 ２ ．事実関係 ○ 有価証券の売買その他の取引に関し、重要な事項につき誤解を生ぜしめるべき表示をする行為 松井証券株式会社は、平成１５年７月から平成１７年４月までの間、多数の顧客に対して一般信用取引の勧誘を行うに際し、一般信用取引における信用期日という重要な事項に関し、株式分割等、一定の場合に信用期日が設定されることがあるにもかかわらず、会社案内により、信用期日が設定されることは一切ないかのような誤解を生ぜしめるべき表示を行った。 当該証券会社が行った上記行為は、証券取引法第４２条第１項第１０号（平成１７年３月３１日以前の行為については、平成１６年法律第９７号による改正前の第４２条第１項第９号）に基づく証券会社の行為規制等に関する内閣府令第４条第１号に規定する「有価証券の売買その他の取引に関し、重要な事項につき誤解を生ぜしめるべき表示をする行為」に該当すると認められる。 補足説明,0
2005-06-21,2001/06/21-2005/03/07,丸八証券株式会社,8700,丸八証券(株)に対する検査結果に基づく勧告について（平成17年6月21日）,https://www.fsa.go.jp/sesc/news/c_2005/2005/20050621-2.html,丸八証券(株)に対する検査結果に基づく勧告について 平成１７年６月２１日 証券取引等監視委員会 １ ．勧告の内容 東海財務局長が丸八証券株式会社（愛知県名古屋市、資本金約３１億円、役職員約２６０名）を検査した結果、下記のとおり当該証券会社及びその使用人に係る法令違反の事実が認められたので、本日、証券取引等監視委員会は、内閣総理大臣及び金融庁長官に対して、金融庁設置法第２０条第１項の規定に基づき、行政処分及びその他の適切な措置を講ずるよう勧告した。 ２ ．事実関係 ○ 取引一任勘定取引の契約を締結する行為 (1) 丸八証券株式会社常務執行役員法人部長（当時）は、その業務に関し、平成１５年１０月２９日及び同１６年１月初旬、複数の顧客との間で、株式の売買の受託につき、顧客の個別の取引ごとの同意を得ないで、売買の別、銘柄、数及び価格の全部について定めることができることを内容とする契約を締結した上で、平成１５年１０月３１日から同１７年２月２３日までの間、取引を受託、執行した。 (2) 丸八証券株式会社本店営業部部長は、その業務に関し、平成１５年１０月初旬、顧客との間で、株式の売買の受託につき、顧客の個別の取引ごとの同意を得ないで、数及び価格について定めることができることを内容とする契約を締結した上で、平成１５年１０月３日から同１６年７月２２日までの間、取引を受託、執行した。 (3) 丸八証券株式会社本店営業部次長は、その業務に関し、平成１６年６月２９日から同年７月２９日にかけて、複数の顧客との間で、株式の売買の受託につき、顧客の個別の取引ごとの同意を得ないで、売買の別、銘柄、数及び価格の全部について定めることができることを内容とする契約を締結した上で、平成１６年６月２９日から同年７月１４日までの間、同年７月２７日及び同年７月３０日から同年８月５日までの間、取引を受託、執行した。 (4) 丸八証券株式会社本店営業部課長は、その業務に関し、平成１３年６月下旬及び同１６年７月２９日、複数の顧客との間で、株式の売買の受託につき、顧客の個別の取引ごとの同意を得ないで、売買の別、銘柄、数及び価格の全部又はこれらの一部について定めることができることを内容とする契約を締結した上で、平成１３年９月１２日から同１７年３月７日までの間、取引を受託、執行した。 (5) 丸八証券株式会社本店営業部課長は、その業務に関し、平成１６年４月頃、顧客との間で、株式の売買の受託につき、顧客の個別の取引ごとの同意を得ないで、売買の別、銘柄、数及び価格の全部について定めることができることを内容とする契約を締結した上で、平成１６年４月２６日から同年７月９日までの間、取引を受託、執行した。 (6) 丸八証券株式会社西尾支店次長は、その業務に関し、平成１６年７月頃、複数の顧客との間で、株式の売買の受託につき、顧客の個別の取引ごとの同意を得ないで、売買の別、銘柄、数及び価格の全部について定めることができることを内容とする契約を締結した上で、平成１６年７月２６日から同年７月２７日までの間及び同年８月２日、取引を受託、執行した。 (7) 丸八証券株式会社蒲郡支店次長は、その業務に関し、平成１６年１月８日から同年７月２８日にかけて、複数の顧客との間で、株式の売買の受託につき、顧客の個別の取引ごとの同意を得ないで、売買の別、銘柄、数及び価格の全部について定めることができることを内容とする契約を締結した上で、平成１６年１月８日から同年８月６日までの間、取引を受託、執行した。 (8) 丸八証券株式会社蒲郡支店次長は、その業務に関し、平成１６年７月８日から同年７月２８日にかけて、複数の顧客との間で、株式の売買の受託につき、顧客の個別の取引ごとの同意を得ないで、売買の別、銘柄、数及び価格の全部について定めることができることを内容とする契約を締結した上で、平成１６年７月８日から同年８月５日までの間、取引を受託、執行した。 当該使用人が行った上記の契約の締結行為は、証券取引法第４２条第１項第５号に規定する「取引一任勘定取引の契約を締結する行為」に該当すると認められる。 上記使用人８名のほか使用人７名が、その業務に関し、取引一任勘定取引の契約を締結しており、当該証券会社が行ったこれらの契約の締結行為は、証券取引法第４２条第１項第５号に該当すると認められる。,0
2005-06-03,2005/06/03,いちよし証券株式会社,8624,いちよし証券株式会社に対する検査結果に基づく勧告について（平成17年6月3日）,https://www.fsa.go.jp/sesc/news/c_2005/2005/20050603-1.html,いちよし証券株式会社に対する検査結果に基づく勧告について 平成１７年６月３日 証券取引等監視委員会 １ ．勧告の内容 関東財務局長がいちよし証券株式会社（東京都中央区八丁堀、資本金約１４５億円、役職員約８１０名）を検査した結果、下記のとおり当該証券会社及びその役員に係る法令違反の事実が認められたので、本日、証券取引等監視委員会は、内閣総理大臣及び金融庁長官に対して、金融庁設置法第２０条第１項の規定に基づき、行政処分及びその他の適切な措置を講ずるよう勧告した。 ２ ．事実関係 ○ 投資信託受益証券の乗換勧誘に際し、重要な事項について説明を行っていない状況 いちよし証券株式会社常務取締役は、その業務に関し、営業員に対し適切な指導を行っていないことにより、営業員が繰上償還を迎える投資信託受益証券の乗換勧誘をする場合において、当該乗換えに関する重要な事項である償還乗換優遇制度について顧客に対し説明を行わない状況を作り出し、かつ、当該説明の状況についての社内記録の作成及び保存並びにモニタリングを行う等の社内管理体制を構築していないことにより、投資信託受益証券の乗換えを勧誘するに際し、顧客に対して、当該乗換えに関する重要な事項について説明を行っていない状況のまま業務を営んでいる。 当該役員が行った上記行為は、証券取引法第４３条第２号に基づく証券会社の行為規制等に関する内閣府令第１０条第８号に規定する「投資信託受益証券の乗換えを勧誘するに際し、顧客に対して、当該乗換えに関する重要な事項について説明を行っていない状況」に該当する業務を営む行為に該当すると認められる。 上記役員１名のほか役員１名は、その業務に関し、投資信託受益証券の乗換えを勧誘するに際し、顧客に対して、当該乗換えに関する重要な事項について説明を行っていない状況のまま業務を営んでおり、当該証券会社が行ったこれらの行為は、証券取引法第４３条第２号に基づく証券会社の行為規制等に関する内閣府令第１０条第８号に規定する「投資信託受益証券の乗換えを勧誘するに際し、顧客に対して、当該乗換えに関する重要な事項について説明を行っていない状況」に該当する業務を営む行為に該当すると認められる。,0
2007-12-14,1998/06/01-2007/12/14,日本証券金融株式会社,8511,日本証券金融株式会社に対する検査結果に基づく勧告について（平成19年12月14日）,https://www.fsa.go.jp/sesc/news/c_2007/2007/20071214-3.html,日本証券金融株式会社に対する検査結果に基づく勧告について 平成１９年１２月１４日 証券取引等監視委員会 １ ．勧告の内容 証券取引等監視委員会は、日本証券金融株式会社（東京都中央区、役職員２５１名）を検査した結果、当該証券金融会社に下記の事実が認められたので、平成１９年１１月２７日、内閣総理大臣及び金融庁長官に対して、金融庁設置法第２０条第１項の規定に基づき、行政処分を行うよう勧告した。 ２ ．事実関係 ○ 品貸入札における不公正な調整について 日本証券金融株式会社は、貸借取引における貸株超過銘柄については、当該銘柄を保有する証券会社及び生命保険会社、損害保険会社等を参加者とする入札（以下「品貸入札」という。）により、貸付料率（以下「品貸料」という。）を決定し、株券を調達することとしている。 しかしながら、同社においては、一部の銘柄に係る品貸入札において特定の入札参加者に対し、料率及び株数といった入札条件の変更などを要請し、不公正な入札調整を行うことにより、品貸料を引き上げていた事実が認められた。なお、当該入札調整は、遅くとも平成１０年６月頃から行われていたものと認められる。 当該証券金融会社の上記のような業務の運営の状況は、金融商品取引法第１５６条の３３の規定により、業務の運営の状況の改善に必要な措置をとるべきことを命ずることができる場合の要件となる「業務の運営（中略）の状況に関し、公益又は投資者保護のため必要かつ適当であると認めるとき」に該当するものと認められる。 （ 参考） 同社が要請を行っていたとする特定の入札参加者のうち、当委員会が検査権限を有する証券会社に対し特別検査及び報告徴求を実施した結果、特定の証券会社が、その要請に応じ入札条件を変更し、入札調整に関与していたことが認められた。当該入札調整に関与した証券会社の行為は、実行当時の証券取引法に違反する行為とは認められない。しかしながら、当該入札調整により、本来、公正な入札により決定される品貸料が引き上げられ、結果的に投資者が負担するコストが増大することとなっており、当該証券会社の行為は、会社により関与等の程度は異なるものの、公益及び投資者保護上問題があると考えられる。,0
2005-12-16,2005/12/16-2006/12/15,日特建設株式会社,1929,日特建設株式会社に係る有価証券報告書等の虚偽記載に係る課徴金納付命令勧告について（平成19年11月20日）,https://www.fsa.go.jp/sesc/news/c_2007/2007/20071120.html,"日特建設株式会社に係る有価証券報告書等の虚偽記載に係る課徴金納付命令勧告について 平 成１９年１１月２０日 証券取引等監視委員会 １ ．勧告の内容 証券取引等監視委員会は、日特建設株式会社に係る有価証券報告書等の虚偽記載について検査した結果、下記のとおり法令違反の事実が認められたので、本日、内閣総理大臣及び金融庁長官に対して、金融庁設置法第２０条第１項の規定に基づき、課徴金納付命令を発出するよう勧告を行った。 ２ ．法令違反の事実関係 日特建設株式会社は、有形固定資産等の過大計上により、 (1) 平成１７年１２月１６日、連結純資産額が３，５００百万円（百万円未満切捨て。以下、連結純資産額について同じ。）であったにもかかわらず、連結純資産額に相当する「資本合計」欄に４，５３２百万円と記載するなどした中間連結貸借対照表を掲載した平成１７年９月中間期半期報告書を (2) 平成１８年６月２９日、連結純資産額が３，９７８百万円であったにもかかわらず、連結純資産額に相当する「資本合計」欄に５，００１百万円と記載するなどした連結貸借対照表を掲載した平成１８年３月期有価証券報告書を (3) 平成１８年１２月１５日、連結純資産額が２，５７９百万円であったにもかかわらず、連結純資産額に相当する「純資産合計」欄に３，５８８百万円と記載するなどした中間連結貸借対照表を掲載した平成１８年９月中間期半期報告書を それぞれ、関東財務局長に対して提出した。 同社が行った上記の各行為は、金融商品取引法第１７２条の２第１項及び第２項に規定する「重要な事項につき虚偽の記載がある」有価証券報告書等を提出した行為に該当すると認められる。 ３ ．課徴金の額の計算 上記の違法行為に対し金融商品取引法に基づき納付を命じられる課徴金の額は、３４９万９，９９９円である。 (1) 金融商品取引法第１７２条の２第１項、同第２項及び平成１７年法律第７６号附則第５条第２項の規定により、平成１７年９月中間期半期報告書及び平成１８年３月期有価証券報告書に係る課徴金の額について、 当該法人が発行する算定基準有価証券の市場価額の総額に１０万分の２を乗じて得た額（204,390円） が 2,000,000円 を超えないことから、 平成１７年９月中間期半期報告書については、2,000,000円の２分の１に相当する額である1,000,000円 平成１８年３月有価証券報告書については、2,000,000円 が、個別決定ごとの算出額となる。 ここで、金融商品取引法第１８５条の７第２項の規定により、同一の事業年度に係る２以上の虚偽の継続開示書類が提出されたときは、課徴金の額を調整することとなるため、下記のとおり２００万円を個別決定ごとの算出額に基づき按分した金額（同法第１８５条の７第１８項の規定により１円未満端数切捨て）が課徴金の額となる。 平成１７年９月中間期半期報告書に係る課徴金の額 2,000,000×1,000,000／（2,000,000＋1,000,000）＝666,666円 平成１８年３月期有価証券報告書に係る課徴金の額 2,000,000×2,000,000／（2,000,000＋1,000,000）＝1,333,333円 (2) 金融商品取引法第１７２条の２第２項の規定により、平成１８年９月中間期半期報告書に係る課徴金の額については、 当該法人が発行する算定基準有価証券の市場価額の総額に１０万分の３を乗じて得た額（220,128円） が 3,000,000円 を超えないことから、3,000,000円の２分の１に相当する額である1,500,000円となる。",0
2004-10-07,2004/04/01-2006/11/13,丸八証券株式会社,8700,丸八証券株式会社に対する検査結果に基づく勧告について（平成19年9月28日）,https://www.fsa.go.jp/sesc/news/c_2007/2007/20070928.html,丸八証券株式会社に対する検査結果に基づく勧告について 平 成１９年９月２８日 証券取引等監視委員会 １ ．勧告の内容 東海財務局長が丸八証券株式会社（愛知県名古屋市、資本金３２億円、役職員２９０名）を検査した結果、下記のとおり、当該証券会社並びに当該証券会社の役員及び使用人に係る法令違反の事実が認められたので、本日、証券取引等監視委員会は、内閣総理大臣及び金融庁長官に対して、金融庁設置法第２０条第１項の規定に基づき、行政処分及びその他の適切な措置を講ずるよう勧告した。 ２ ．事実関係 (1) 取引一任勘定取引の契約を締結する行為 丸八証券株式会社常務執行役員西尾支店長は、その業務に関し、平成１６年１０月７日、顧客との間で、有価証券の売買の受託につき、顧客の個別の取引ごとの同意を得ないで、売買の別、銘柄、数及び価格の全部について定めることができることを内容とする契約を締結した上で、同１６年１０月８日から同１７年７月１３日までの間、取引を執行した。 丸八証券株式会社執行役員庄内支店長は、その業務に関し、平成１６年９月頃、顧客との間で、有価証券の売買の受託につき、顧客の個別の取引ごとの同意を得ないで、売買の別、銘柄、数及び価格の全部について定めることができることを内容とする契約を締結した上で、同１６年１０月６日から同１７年６月２０日までの間、取引を執行した。 丸八証券株式会社庄内支店営業課長は、その業務に関し、平成１７年６月頃、顧客との間で、有価証券の売買の受託につき、顧客の個別の取引ごとの同意を得ないで、売買の別、銘柄、数及び価格の全部について定めることができることを内容とする契約を締結した上で、同１７年６月８日から同１８年１１月１３日までの間、取引を執行した。 丸八証券株式会社藤が丘支店営業員は、その業務に関し、平成１６年４月１日、顧客との間で、有価証券の売買の受託につき、顧客の個別の取引ごとの同意を得ないで、売買の別、銘柄、数及び価格の全部について定めることができることを内容とする契約を締結した上で、同１６年４月１４日から同１８年５月１２日までの間、取引を執行した。 当該証券会社及び当該証券会社の使用人が行った上記の契約の締結行為は、証券取引法第４２条第１項第５号に規定する「有価証券の売買の受託につき、顧客の個別の取引ごとの同意を得ないで、売買の別、銘柄、数又は価格について定めることができることを内容とする契約を締結する行為」に該当すると認められる。 (2) 取引所有価証券市場における上場有価証券の相場を固定させる目的をもって、一連の上場有価証券の買付けの受託・執行をする行為 丸八証券株式会社取締役リテール本部長及びリテール本部副本部長は、その業務に関し、当社が新規上場の際の株式公募に当たり引受主幹事会社を務めた上場会社の株式の株価について、上場日から当分の間、公募価格と同価格以上に固定させる目的をもって、本店営業部ほか６営業部店の部店長らに対し、顧客に公募価格と同価格の指値で当該株式の買付けを行うことを勧誘し、当該買付注文を受託・執行するよう指示した。 これを受け、当該部店長らは、それぞれの部店において営業員に上記指示を伝え、当該指示を受けた営業員らは、平成１８年４月１１日から同年５月２３日までの間、顧客に対し、公募価格と同価格の指値で当該株式の買付けを行うことを勧誘し、　１０３名の顧客から２０３件３３，２００株の買付注文を受託し、取引所有価証券市場で執行した。 当該証券会社並びに当該証券会社の役員及び使用人が行った上記の行為は、証券取引法第１５９条第３項に違反するものと認められる。,0
2007-06-26,2005/12/22-2006/06/30,ネクストウェア株式会社,4814,ネクストウェア株式会社に係る有価証券報告書等の虚偽記載に係る課徴金納付命令の勧告について（平成19年6月26日）,https://www.fsa.go.jp/sesc/news/c_2007/2007/20070626-1.html,"ネクストウェア株式会社に係る有価証券報告書等の虚偽記載に係る課徴金納付命令の勧告について 平成19年６月26日 証券取引等監視委員会 １ ．勧告の内容 証券取引等監視委員会は、ネクストウェア株式会社に係る有価証券報告書等の虚偽記載について検査した結果、下記のとおり法令違反の事実が認められたので、本日、内閣総理大臣及び金融庁長官に対して、金融庁設置法第２０条第１項の規定に基づき、課徴金納付命令を発出するよう勧告を行った。 ２ ．法令違反の事実関係 (1) ネクストウェア株式会社は、架空売上の計上により、 平成１７年１２月２２日、連結中間純損益が１６０百万円（百万円未満切捨て。以下、連結中間純利益額、連結当期純利益額及び連結当期純損失額について同じ。）の損失であったにもかかわらず、４百万円の利益と記載するなどした中間連結損益計算書を掲載した平成１７年９月期半期報告書 平成１８年６月３０日、連結当期純損益が４５６百万円の損失であったにもかかわらず、８８百万円の利益と記載するなどした連結損益計算書を掲載した平成１８年３月期有価証券報告書 を、近畿財務局長に対して提出した。 同社が行った上記の各行為は、証券取引法第１７２条の２第１項及び第２項に規定する「重要な事項につき虚偽の記載がある」継続開示書類を提出した行為に該当すると認められる。 (2) 同社は、平成１８年１月１０日、近畿財務局長に対し、上記平成１７年９月期半期報告書を組込情報とする有価証券届出書を提出し、平成１８年１月２６日、同有価証券届出書に基づく募集により、３４０個の新株予約権証券を１１，５６０，０００円で取得させた。 同社が行った上記の行為は、証券取引法第１７２条第１項に規定する「重要な事項につき虚偽の記載がある発行開示書類に基づく募集により有価証券を取得させた」行為に該当すると認められる。 ３ ．課徴金額の計算 上記の違法行為に対し証券取引法に基づき納付を命じられる課徴金の額は、２２２万９，９９９円である。 (1) 証券取引法第１７２条の２第１項、第２項及び平成１７年法律第７６号附則第５条第２項の規定により、平成１７年９月期半期報告書及び平成１８年３月期有価証券報告書に係る課徴金額については、 当該法人が発行する算定基準有価証券の市場価額の総額に１０万分の２を乗じて得た額（162,362円） が 2,000,000円 を超えないことから、 平成１７年９月期半期報告書については、２００万円の２分の１に相当する額である１００万円 平成１８年３月期有価証券報告書については、２００万円 が、各個別決定ごとの算出額となる。 ここで、証券取引法第１８５条の７第２項の規定により、同一の事業年度に係る２以上の虚偽の継続開示書類が提出されたときは、課徴金額を調整することとなるため、下記のとおり２００万円を個別決定ごとの算出額に基づき按分した金額（同法第１８５条の７第１８項の規定により１円未満端数切捨て）が課徴金の額となる。 平成１７年９月期半期報告書について 2,000,000 ×　　1,000,000 ／　(2,000,000＋1,000,000) (半期報告書の個別決定額) (個別決定額の合計) ＝666,666円 平成１８年３月期有価証券報告書について 2,000,000 ×　　2,000,000 ／　(2,000,000＋1,000,000) (有価証券報告書の個別決定額) (個別決定額の合計) ＝1,333,333円 (2) 証券取引法第１７２条第１項の規定により、重要な事項につき虚偽の記載がある有価証券届出書に基づく募集により取得させた有価証券の発行価額の総額の１００分の２に相当する額 11,560,000円×2／100＝231,200円 について、同法第１７６条第２項の規定により１万円未満を切捨てた２３万円が課徴金の額となる。",0
2007-01-29,2005/07/28,三菱ＵＦＪ証券株式会社,162A,三菱ＵＦＪ証券株式会社に対する検査結果に基づく勧告について（平成19年1月29日）,https://www.fsa.go.jp/sesc/news/c_2007/2007/20070129.html,三菱ＵＦＪ証券株式会社に対する検査結果に基づく勧告について 平成19年１月29日 証券取引等監視委員会 １ ．勧告の内容 証券取引等監視委員会は、三菱ＵＦＪ証券株式会社（東京都千代田区、資本金６５５億円、役職員６，２５８名）を検査した結果、下記のとおり、当該証券会社に法令違反の事実が認められたので、本日、内閣総理大臣及び金融庁長官に対して、金融庁設置法第２０条第１項の規定に基づき、行政処分を行うよう勧告した。 ２ ．事実関係 ○ 法人関係情報に基づいて、自己の計算において有価証券の売買をする行為 三菱ＵＦＪ証券株式会社常務取締役（当時）は、平成１７年７月２８日、Ａ社がＢ社の発行済株式の５％以上の買付けを検討している旨の公表されていない情報（以下「本件法人関係情報」という。）をその業務に関して知り、当該証券会社は当該役員の指示により、同日、本件法人関係情報に基づいて、自己の計算において当該株式を買い付けた。 当該証券会社が行った上記行為は、証券取引法第４２条第１項第１０号に基づく証券会社の行為規制等に関する内閣府令第４条第１０号に規定する「法人関係情報に基づいて、自己の計算において有価証券の売買をする行為」に該当するものと認められる。,0
2008-12-19,2006/01/05-2006/01/06,トリニティ工業株式会社,6382,個人投資家によるトリニティ工業株式会社株券に係る相場操縦に対する課徴金納付命令の勧告について（平成20年12月19日）,https://www.fsa.go.jp/sesc/news/c_2008/2008/20081219.html,個人投資家によるトリニティ工業株式会社株券に係る相場操縦に対する課徴金納付命令の勧告について 平成２０年１２月１９日 証券取引等監視委員会 １．勧告の内容 証券取引等監視委員会は、個人投資家によるトリニティ工業株式会社株券に係る相場操縦について検査した結果、下記のとおり法令違反の事実が認められたので、本日、内閣総理大臣及び金融庁長官に対して、金融庁設置法第２０条第１項の規定に基づき、課徴金納付命令を発出するよう勧告を行った。 ２．法令違反の事実関係 課徴金納付命令対象者は、トリニティ工業株式会社の株券につき、その株価の高値形成を図り、同株券の売買を誘引する目的をもって、平成１８年１月５日から同月６日までの間、直前約定値より高値で買い注文と売り注文を同時期に発注して対当させ株価を引き上げるなどの方法により、同株券合計１７万株を買い付ける一方、同株券合計１７万４，０００株を売り付け、同株券の株価を１，６８０円から１，７９０円まで高騰させるなどし、同株券の相場を変動させるべき一連の売買をしたものである。 同人が行った上記の行為は、証券取引法（平成１８年法律第６５号附則第１条第１号による改正前のもの。以下同じ。）第１７４条第１項に規定する「第百五十九条第二項第一号の規定に違反する取引所有価証券市場における上場有価証券等の相場を変動させるべき一連の上場有価証券売買等」に該当すると認められる。 ３．課徴金の額の計算 上記の違法行為に対し金融商品取引法に基づき納付を命じられる課徴金の額は、７４５万円である。 計算方法の詳細については、 別紙 (PDF/117KB) のとおり。,0
2008-10-15,2005/10/01-2008/04/30,丸三証券株式会社,8613,丸三証券株式会社に対する検査結果に基づく勧告について（平成20年10月15日）,https://www.fsa.go.jp/sesc/news/c_2008/2008/20081015.html,丸三証券株式会社に対する検査結果に基づく勧告について 平成２０年１０月１５日 証券取引等監視委員会 １．勧告の内容 関東財務局長が丸三証券株式会社（東京都中央区、資本金１００億円、役職員１，１６１名）を検査した結果、下記のとおり、当該金融商品取引業者に係る法令違反の事実が認められたので、本日、証券取引等監視委員会は、内閣総理大臣及び金融庁長官に対して、金融庁設置法第２０条第１項の規定に基づき、行政処分を行うよう勧告した。 ２．事実関係 ○　特定口座開設顧客に対し必要な情報を適切に通知していないと認められる状況 丸三証券株式会社（以下「当社」という。）は、平成１５年に、特定口座制度導入に伴うシステム開発を行った際、特定口座開設顧客が当該口座において保有する現物株式の銘柄に係る株主割当増資に関し、当該増資への申込みを行うか否かにかかわらず、当該銘柄を保有する顧客全員が申込みを行ったものとみなして、株式の平均取得単価を算出するシステムを構築した。 上記のシステムにおいては、当該増資への申込みを行わない顧客について、権利落ち後に、当該銘柄の平均取得単価を修正する必要があるものの、当社は、平成１７年１０月から同２０年４月までの間、株主割当増資の払込期日が到来した４銘柄について、当該増資への申込みを行わなかった顧客の平均取得単価を修正せず、その結果、当該増資に係る銘柄を売却している顧客１５２名（延べ１５３名）に対して、誤った平均取得単価を用いて算出された取得価額を通知する等、不適切な情報を通知している。 当該金融商品取引業者の上記の業務の運営の状況は、金融商品取引法第４０条第２号に基づく金融商品取引業等に関する内閣府令第１２３条第８号に規定する「顧客の有価証券の売買その他の取引等に関し、受渡状況その他の顧客に必要な情報を適切に通知していないと認められる状況」に該当するものと認められる。,0
2008-06-27,2006/07/12-2008/02/04,大和証券株式会社,8601,大和証券株式会社に対する検査結果に基づく勧告について（平成20年6月27日）,https://www.fsa.go.jp/sesc/news/c_2008/2008/20080627.html,大和証券株式会社に対する検査結果に基づく勧告について 平成２０年６月２７日 証券取引等監視委員会 １ ．勧告の内容 証券取引等監視委員会は、大和証券株式会社（東京都千代田区、役職員７，４０８名）を検査した結果、下記のとおり、当該金融商品取引業者の使用人に係る法令違反の事実が認められたので、本日、内閣総理大臣及び金融庁長官に対して、金融庁設置法第２０条第１項の規定に基づき、適切な措置を講ずるよう勧告した。 ２ ．事実関係 ○ 本人確認を行わない行為及び検査忌避行為 (1) 仮名取引の疑いがある状況において本人確認を行わないまま取引の受託を継続していた行為 大和証券株式会社名古屋支店上席コンサルタント部第２課次長（以下「第２課次長」という。）は、顧客Ａの紹介にて顧客Ａ同席のもと顧客Ｂと面談の上、顧客Ｂ名義の口座を平成１８年７月６日に開設したが、その際、顧客Ｂを顧客Ａの親族であると安易に思い込み、両者の関係についての確認を行わなかった。その後も、第２課次長は、当該口座における取引等（新規公開株式に係るブックビルディングの申込みや当該株式の取得後の売却及び売却代金の出金指示等）の受託及び約定報告を、すべて顧客Ａとの間でのみ行い、取り分けブックビルディングの申込みに関しては、社内において、口座名義人本人から受けるよう再三指示されていたにもかかわらず、顧客Ａからの申込みを受け続け、その間、顧客Ｂとは一度も面談及び電話連絡を行っておらず、また、顧客Ｂの属性や資金の性格等についての確認も行っていなかった。 このように、仮名取引の疑いがある状況において、口座名義人本人についての本人確認を行わないまま、平成１８年７月１２日から同１９年１２月１０日までの間、当該口座における取引等を受託していた事実が認められた。 (2) 検査忌避行為 第２課次長は、今回検査における名古屋支店への臨店検査期間中である平成２０年２月４日、顧客Ａに電話連絡し、顧客Ｂ名義の取引には仮名取引の疑いがあると認識した上で、それが発覚しないようにするため、口裏合わせの依頼を行った。 また、第２課次長は、顧客Ｂの口座の受注形態に関して、検査官から質問を受けた際、すべて顧客Ａからの受注であったにもかかわらず、顧客Ｂ本人から受注している旨の虚偽の回答を行っていた事実が認められた。 さらに、第２課次長は、上記の口裏合わせを確実なものにするため、顧客Ａからの依頼に基づき、社内規則で定められている個人情報の持出しの手続きをとることなく、顧客Ｂ名義の口座の取引明細等を社外に持ち出し、顧客Ａの自宅及び顧客Ａの会社の事務所へファックスで送付したという事実も認められた。 当該使用人が行った上記(1)の行為は、「取引の相手方が取引の名義人になりすましている疑いがある場合における当該取引」を行うに際し、本人確認を行わない行為に該当し、金融機関等による顧客等の本人確認等及び預金口座等の不正な利用の防止に関する法律第３条第１項に違反するものと認められる。 また、当該使用人が行った上記(2)の行為は、金融商品取引法第１９８条の６第１１号に規定する「検査を忌避した」行為に該当するものと認められる。,0
2008-06-19,2006/12/15-2007/06/27,株式会社ＩＨＩ,7013,株式会社ＩＨＩに係る有価証券報告書等の虚偽記載に係る課徴金納付命令勧告について（平成20年6月19日）,https://www.fsa.go.jp/sesc/news/c_2008/2008/20080619.html,"株式会社ＩＨＩに係る有価証券報告書等の虚偽記載に係る課徴金納付命令勧告について 平成２０年６月１９日 証券取引等監視委員会 １．勧告の内容 証券取引等監視委員会は、株式会社ＩＨＩに係る有価証券報告書等の虚偽記載について検査した結果、下記のとおり法令違反の事実が認められたので、本日、内閣総理大臣及び金融庁長官に対して、金融庁設置法第２０条第１項の規定に基づき、課徴金納付命令を発出するよう勧告を行った。 ２．法令違反の事実関係 株式会社ＩＨＩは、 (1) 有価証券報告書等について、 平成１８年１２月１５日、売上の過大計上及び売上原価の過少計上等により、連結中間純損益が１０，０９５百万円（百万円未満四捨五入。以下、連結中間純損失額及び連結当期純損益額について同じ。）の損失であったにもかかわらず、これを２，８１７百万円の損失と記載するなどした中間連結損益計算書を掲載した平成１８年９月中間期半期報告書を、 平成１９年６月２７日、売上の過大計上及び売上原価の過少計上等により、連結当期純損益が４，５９３百万円の損失であったにもかかわらず、これを１５，８２５百万円の利益と記載するなどした連結損益計算書を掲載した平成１９年３月期有価証券報告書を それぞれ、関東財務局長に対して提出した。 同社が行った上記の各行為は、金融商品取引法第１７２条の２第１項又は第２項に規定する「重要な事項につき虚偽の記載がある」有価証券報告書等を提出した行為に該当すると認められる。 (2) 発行開示書類について、 平成１９年１月９日、関東財務局長に対し、平成１８年９月中間期半期報告書を参照書類とする有価証券届出書を提出し、同有価証券届出書に基づく一般募集により、同月２６日、１４３，０００，０００株の株券を５５，９１３，０００，０００円で取得させ、 平成１９年１月９日、関東財務局長に対し、平成１８年９月中間期半期報告書を参照書類とする有価証券届出書を提出し、同有価証券届出書に基づく第三者割当による募集により、同年２月２６日、２１，４５０，０００株の株券を８，０４４，６０８，０００円で取得させ、 平成１９年６月８日、関東財務局長に対し、平成１８年９月中間期半期報告書を参照書類とする発行登録追補書類を提出し、同発行登録追補書類に基づく募集により、同月１８日、社債券を３０，０００百万円で取得させ もって、重要な事項につき虚偽の記載がある発行開示書類に基づく募集により有価証券を取得させた。 同社が行った上記の行為は、金融商品取引法第１７２条第１項第１号に規定する「重要な事項につき虚偽の記載がある」発行開示書類に基づく募集により有価証券を取得させた行為に該当すると認められる。 ３．課徴金の額の計算 上記の違法行為に対し金融商品取引法に基づき納付を命じられる課徴金の額は、１５億９，４５７万９，９９９円である。 (1)　金融商品取引法第１７２条の２第１項又は第２項の規定により、平成１８年９月中間期半期報告書及び平成１９年３月期有価証券報告書に係る課徴金の額について、 当該法人が発行する算定基準有価証券の市場価額の総額に１０万分の３を乗じて得た額（15,435,019円） が 3,000,000円 を超えることから、同半期報告書及び同有価証券報告書に係る個別決定ごとの算出額（同法第１７６条第２項の規定により１万円未満の端数切捨て）は、 同半期報告書については、15,435,019円の２分の１に相当する額である7,710,000円 同有価証券報告書については、15,430,000円 となる。 ここで、金融商品取引法第１８５条の７第２項の規定により、同一の事業年度に係る２以上の虚偽の継続開示書類が提出されたときは、課徴金の額を調整することとなるため、下記のとおり１，５４３万円を個別決定ごとの算出額に基づき按分した金額（同第１８項の規定により１円未満の端数切捨て）が課徴金の額となる。 平成１８年９月中間期半期報告書に係る課徴金の額は 15,430,000×7,710,000／（7,710,000＋15,430,000） ＝5,141,110円 平成１９年３月期有価証券報告書に係る課徴金の額は 15,430,000×15,430,000／（7,710,000＋15,430,000） ＝10,288,889円 (2)　金融商品取引法第１７２条第１項第１号の規定により、重要な事項につき虚偽の記載がある発行開示書類に基づく募集により取得させた有価証券の発行価額の総額の１００分の１（当該有価証券が株券等である場合にあっては１００分の２）に相当する額が課徴金の額となることから、 平成１９年１月９日提出の一般募集についての有価証券届出書に係る課徴金の額は、 55,913,000,000円×2／100＝1,118,260,000円 平成１９年１月９日提出の第三者割当についての有価証券届出書に係る課徴金の額は、 8,044,608,000円×2／100＝160,892,160円 について、金融商品取引法第１７６条第２項の規定により１万円未満を切り捨てて、160,890,000円 平成１９年６月８日提出の発行登録追補書類に係る課徴金の額は、 30,000,000,000円×１／100＝300,000,000円 となる。",0
2008-06-20,2005/06/01-2006/12/31,ヒロセ通商株式会社,7185,ヒロセ通商株式会社に対する検査結果に基づく勧告について（平成20年6月20日）,https://www.fsa.go.jp/sesc/news/c_2008/2008/20080620.html,ヒロセ通商株式会社に対する検査結果に基づく勧告について 平成２０年６月２０日 証券取引等監視委員会 １．勧告の内容 近畿財務局長がヒロセ通商株式会社（大阪府大阪市、資本金３００百万円、役職員２４名）を検査した結果、下記のとおり、当該金融商品取引業者並びにその役員及び使用人に係る法令違反の事実が認められたので、本日、証券取引等監視委員会は、内閣総理大臣及び金融庁長官に対して、金融庁設置法第２０条第１項の規定に基づき、行政処分及びその他の適切な措置を講ずるよう勧告した。 ２．事実関係 ○　受託契約等の締結の勧誘を受けた顧客が当該受託契約等を締結しない旨の意思を表示したにもかかわらず、当該勧誘を継続する行為 ヒロセ通商株式会社監査係取締役は、平成１７年６月頃、その業務に関し、平成１７年６月までの外国為替証拠金取引（以下「ＦＸ取引」という。）に係る勧誘活動において、当社がＦＸ取引に興味があるとした見込先については、改正金融先物取引法が施行される同年７月１日以降も継続して受託契約等の締結の勧誘を行うことを顧客係課長らに指示し、これを受けた顧客係課長らは、平成１７年７月以降、当社が雇用したパート職員及び派遣社員に当該指示を伝え、顧客係課長及び当該パート職員等は、多数の見込先に対し、電話をかけて受託契約等の締結の勧誘を行っていた。 このような状況の中、顧客係課長及びパート職員１名は、平成１７年７月から同１８年１２月までの間、少なくとも見込先延べ３４６名に対し電話をかけて受託契約等の締結の勧誘を行い、このうち、同１８年３月から同年１１月までの間、少なくとも４１名の顧客が受託契約等を締結しない旨の意思又は当該勧誘を引き続き受けることを希望しない旨の意思を表示したにもかかわらず、同年３月から同年１２月までの間、これらの顧客に対し、電話をかけて受託契約等の締結の勧誘を継続した。 当該金融商品取引業者並びにその役員及び使用人が行った上記の行為は、金融先物取引法第７６条第５号に規定する「受託契約等の締結の勧誘を受けた顧客が当該受託契約等を締結しない旨の意思（当該勧誘を引き続き受けることを希望しない旨の意思表示を含む。）を表示したにもかかわらず、当該勧誘を継続すること」に該当すると認められる。,0
2008-03-14,2005/12/13-2006/04/28,丸善株式会社,3159,丸善株式会社に係る有価証券報告書等の虚偽記載に係る課徴金納付命令勧告について（平成20年3月14日）,https://www.fsa.go.jp/sesc/news/c_2008/2008/20080314.html,"丸善株式会社に係る有価証券報告書等の虚偽記載に係る課徴金納付命令勧告について 平成２０年３月１４日 証券取引等監視委員会 １．勧告の内容 証券取引等監視委員会は、丸善株式会社に係る有価証券報告書等の虚偽記載について検査した結果、下記のとおり法令違反の事実が認められたので、本日、内閣総理大臣及び金融庁長官に対して、金融庁設置法第２０条第１項の規定に基づき、課徴金納付命令を発出するよう勧告を行った。 ２．法令違反の事実関係 丸善株式会社は、売上の前倒し計上等により、 (1)　平成１７年１２月１３日、連結経常損益が９３９百万円（百万円未満切捨て。以下、連結経常損失、連結中間純損失、連結純資産額、連結当期純損失について同じ。）の損失であったにもかかわらず、これを８０２百万円の損失と、連結中間純損益が６，９５０百万円の損失であったにもかかわらず、これを６，８１５百万円の損失と記載するなどした中間連結損益計算書、及び連結純資産額が４，０７９百万円であったにもかかわらず、連結純資産額に相当する「資本合計」欄に５，０５１百万円と記載するなどした中間連結貸借対照表を掲載した平成１７年９月中間期半期報告書を (2)　平成１８年４月２８日、連結経常損益が５２９百万円の損失であったにもかかわらず、これを３６０百万円の損失と、連結当期純損益が６，７９０百万円の損失であったにもかかわらず、これを６，６２４百万円の損失と記載するなどした連結損益計算書、及び連結純資産額が４，２５７百万円であったにもかかわらず、連結純資産額に相当する「資本合計」欄に５，２６１百万円と記載するなどした連結貸借対照表を掲載した平成１８年１月期有価証券報告書を それぞれ、関東財務局長に対して提出した。 同社が行った上記の各行為は、金融商品取引法第１７２条の２第１項及び第２項に規定する「重要な事項につき虚偽の記載がある」有価証券報告書等を提出した行為に該当すると認められる。 ３．課徴金の額の計算 上記の違法行為に対し金融商品取引法に基づき納付を命じられる課徴金の額は、１６５万９，９９９円である。 (1) 金融商品取引法第１７２条の２第１項、同第２項及び平成１７年法律第７６号附則第５条第２項の規定により、平成１７年９月中間期半期報告書及び平成１８年１月期有価証券報告書に係る課徴金の額について、 当該法人が発行する算定基準有価証券の市場価額の総額に１０万分の２を乗じて得た額（486,677円） が 2,000,000円 を超えないこと及び同事業年度の月数が１０月であることから、同半期報告書及び同有価証券報告書に係る個別決定ごとの算出額（金融商品取引第１７６条第２項の規定により１万円未満の端数切捨て）は、 同半期報告書については、2,000,000円の２分の１に相当する額に１２分の１０を乗じた額である830,000円 同有価証券報告書については、2,000,000円に１２分の１０を乗じた額である1,660,000円 となる。 (2)　ここで、金融商品取引法第１８５条の７第２項の規定により、同一の事業年度に係る２以上の虚偽の継続開示書類が提出されたときは、課徴金の額を調整することとなるため、下記のとおり１６６万円を個別決定ごとの算出額に基づき按分した金額（同第１８項の規定により１円未満の端数切捨て）が課徴金の額となる。 平成１７年９月中間期半期報告書について 1,660,000×830,000／（830,000＋1,660,000） ＝553,333円 平成１８年１月期有価証券報告書について 1,660,000×1,660,000／（830,000＋1,660,000） ＝1,106,666円",0
2009-07-08,2009/03/17,株式会社,1301,株式会社TONK（旧商号：株式会社ユニバーサル・インベストメント）に対する検査結果に基づく勧告について（平成21年7月8日）,https://www.fsa.go.jp/sesc/news/c_2009/2009/20090708_2.html,平成２１年７月８日 証券取引等監視委員会 株式会社TONK（旧商号：株式会社ユニバーサル・インベストメント）に対する検査結果に基づく勧告について １．勧告の内容 東海財務局長が株式会社ＴＯＮＫ（愛知県名古屋市、資本金３２２百万円、役職員１０名）を検査した結果、下記のとおり、当該金融商品取引業者に係る法令違反の事実が認められたので、平成２１年６月２６日、証券取引等監視委員会は、内閣総理大臣及び金融庁長官に対して、金融庁設置法第２０条第１項の規定に基づき、行政処分を行うよう勧告した。 ２．事実関係 (1)　自己資本規制比率が120％を下回る状況 当社の自己資本規制比率は、平成21年3月17日現在120％を下回っている。 当社の上記の状況は、金融商品取引法第46条の6第2項に違反すると認められる。 (2)　純財産額が最低純財産額に満たない者に該当することとなったときに該当する状況 当社の純財産額は、平成21年3月17日現在5千万円を下回っている。 当社の上記の状況は、金融商品取引業者に対する監督上の処分を命ずることができる場合の要件となる金融商品取引法第52条第1項第3号（純財産額が、5千万円に満たない者に該当することとなったとき）に該当するものと認められる。,0
2009-07-03,2008/06/27,株式会社大水,7538,株式会社大水に係る有価証券報告書の虚偽記載に係る課徴金納付命令勧告について（平成21年7月3日）,https://www.fsa.go.jp/sesc/news/c_2009/2009/20090703.html,"平成２１年７月３日 証券取引等監視委員会 株式会社大水に係る有価証券報告書の虚偽記載に係る課徴金納付命令勧告について １．勧告の内容 証券取引等監視委員会は、株式会社大水に係る有価証券報告書の虚偽記載について検査した結果、下記のとおり法令違反の事実が認められたので、本日、内閣総理大臣及び金融庁長官に対して、金融庁設置法第２０条第１項の規定に基づき、課徴金納付命令を発出するよう勧告を行った。 ２．法令違反の事実関係 株式会社大水は、平成２０年６月２７日、近畿財務局長に対し、架空売上の計上等により、連結当期純損益が１，５１４百万円（百万円未満切捨て。以下、連結当期純損失額について同じ。）の損失であったにもかかわらず、これを１，１１２百万円の損失と記載するなどした連結損益計算書を掲載した平成２０年３月期有価証券報告書を提出した。 同社が行った上記の行為は、金融商品取引法（平成２０年法律第６５号による改正前のもの。以下「旧金融商品取引法」という。）第１７２条の２第１項に規定する「重要な事項につき虚偽の記載がある」有価証券報告書を提出した行為に該当すると認められる。 ３．課徴金の額の計算 上記の違法行為に対し金融商品取引法に基づき納付を命じられる課徴金の額は、３００万円である。 旧金融商品取引法第１７２条の２第１項の規定により、平成２０年３月期有価証券報告書に係る課徴金の額について、 当該法人が発行する算定基準有価証券の市場価額の総額に１０万分の３を乗じて得た額（197,891円） が 3,000,000円 を超えないことから、3,000,000円となる。",0
2009-06-26,2007/10/26-2008/11/27,株式会社ビックカメラ,3048,株式会社ビックカメラに係る有価証券報告書等の虚偽記載及び同社役員が所有する同社株券の売出しに係る目論見書の虚偽記載に係る課徴金納付命令勧告について（平成21年6月26日）,https://www.fsa.go.jp/sesc/news/c_2009/2009/20090626.html,"平成２１年６月２６日 証券取引等監視委員会 株式会社ビックカメラに係る有価証券報告書等の虚偽記載及び同社役員が所有する同社株券の売出しに係る目論見書の虚偽記載に係る課徴金納付命令勧告について ※　本件は、金融庁において平成22年６月25日に 違反事実がないと認める旨の決定 がありました。 １．勧告の内容 証券取引等監視委員会は、株式会社ビックカメラに係る有価証券報告書等の虚偽記載及び同社役員が所有する同社株券の売出しに係る目論見書の虚偽記載について検査した結果、下記のとおり法令違反の事実が認められたので、本日、内閣総理大臣及び金融庁長官に対して、金融庁設置法第２０条第１項の規定に基づき、課徴金納付命令を発出するよう勧告を行った。 ２．法令違反の事実関係 (1) 株式会社ビックカメラ（課徴金納付命令対象者 。以下、「ビックカメラ」という。）は、 特別目的会社を活用した不動産流動化スキームを行ったところ、ビックカメラとともに、当該特別目的会社が組成した匿名組合への出資を行った株式会社豊島企画は、その出資、融資等の実態からビックカメラの子会社に該当することとなり、同スキームにおけるビックカメラのリスク負担割合は約３１％となるから、 同スキームの終了に伴い、平成１９年１０月２６日に、ビックカメラに匿名組合からの匿名組合清算配当金として４，９２０百万円（百万円未満切捨て。）が発生することはなく、これをビックカメラの特別利益として計上することはできないにもかかわらず、 株式会社豊島企画の出資者をビックカメラとは無関係の第三者に仮装していたことにより、匿名組合清算配当金が発生し、これを特別利益として計上することができる場合に該当するとして、 有価証券報告書等について、関東財務局長に対し、 ア）平成１９年１１月２０日、ビックカメラ及びビックカメラの連結会社の財政状態及び経営成績に著しい影響を与える事象が発生したとして「同スキームの終了に伴い、匿名組合清算配当金が発生し」、「平成２０年８月期の個別決算及び連結決算において、特別利益として匿名組合清算配当金４，９２０百万円を計上する予定であります」と記載した臨時報告書を提出し、 イ）平成１９年１１月２９日、平成１９年８月期連結財務諸表の「重要な後発事象」の注記において、「同スキームの終了に伴い、平成１９年１０月２６日付で匿名組合清算配当金４，９２０百万円が発生しております」と記載した平成１９年８月期有価証券報告書を提出し、 ウ）平成２０年５月２日、匿名組合清算配当金の計上等により、連結中間純損益が１，３９８百万円（百万円未満切捨て。以下、連結中間純利益額及び連結当期純損益額について同じ。）の利益であったにもかかわらず、これを７，１４５百万円の利益と記載するなどした中間連結損益計算書を掲載した平成２０年２月中間期半期報告書を提出し、 エ）平成２０年１１月２７日、匿名組合清算配当金の計上等により、連結当期純損益が１，６６２百万円の損失であったにもかかわらず、これを４，１１２百万円の利益と記載するなどした連結損益計算書を掲載した平成２０年８月期有価証券報告書を提出した。 ビックカメラが行った上記の各行為は、金融商品取引法（平成２０年法律第６５号による改正前のもの。以下「旧金融商品取引法」という。）第１７２条の２第１項又は第２項に規定する「重要な事項につき虚偽の記載がある」有価証券報告書等を提出した行為に該当すると認められる。 また、ビックカメラは、有価証券届出書について、関東財務局長に対し、 平成２０年５月１６日、平成１９年８月期有価証券報告書及び平成２０年２月中間期半期報告書を参照書類とする有価証券届出書を提出し、同有価証券届出書に基づく募集により、同年６月９日、１６３，５００株の株券を１２，３３７，７１０，０００円で取得させた。 ビックカメラが行った上記の行為は、旧金融商品取引法第１７２条第１項第１号に規定する「重要な事項につき虚偽の記載がある」発行開示書類に基づく募集により有価証券を取得させた行為に該当すると認められる。 (2) ビックカメラの役員（課徴金納付命令対象者 ）は、 ビックカメラが平成１９年８月期有価証券報告書及び平成２０年２月中間期半期報告書を参照書類とする目論見書を使用したところ、同目論見書に虚偽の記載があることを知りながら、その作成に関与し、平成２０年６月１０日、同目論見書に係る売出しにより、同人が所有する８０，０００株のビックカメラ株券を６，０３６，８００，０００円で売り付けた。 同人が行った上記の行為は、旧金融商品取引法第１７２条第５項に規定する「重要な事項につき虚偽の記載がある目論見書」を使用した発行者の役員等で、当該目論見書に虚偽の記載があることを知りながら当該目論見書の作成に関与した者が、当該目論見書に係る売出しにより当該役員等が所有する有価証券を売り付けた行為に該当すると認められる。 ３．課徴金の額の計算 上記の違法行為に対し金融商品取引法に基づき納付を命じられる課徴金の額は、課徴金納付命令対象者 については２億５，３５３万円、課徴金納付命令対象者 については１億２，０７３万円である。 課徴金納付命令対象者 (1) 旧金融商品取引法第１７２条の２第１項の規定により、平成１９年８月期有価証券報告書に係る課徴金の額について、 当該法人が発行する算定基準有価証券の市場価額の総額に１０万分の３を乗じて得た額（3,400,654円） が 3,000,000円 を超えることから、3,400,654円について、金融商品取引法第１７６条第２項の規定により１万円未満の端数を切り捨てて3,400,000円となる。 (2) 旧金融商品取引法第１７２条の２第１項又は第２項の規定により、平成１９年１１月２０日提出の臨時報告書、平成２０年２月中間期半期報告書及び平成２０年８月期有価証券報告書に係る課徴金の額について、個別決定ごとの算出額は、 当該法人が発行する算定基準有価証券の市場価額の総額に１０万分の３を乗じて得た額（3,380,271円） が 3,000,000円 を超えることから、 同臨時報告書については、3,380,271円の２分の１に相当する額である1,690,000円（金融商品取引法第１７６条第２項の規定により１万円未満を切り捨て） 同半期報告書については、3,380,271円の２分の１に相当する額である1,690,000円（金融商品取引法第１７６条第２項の規定により１万円未満を切り捨て） 同有価証券報告書については、3,380,000円（金融商品取引法第１７６条第２項の規定により１万円未満を切り捨て） となる。 ここで、金融商品取引法第１８５条の７第６項の規定により、同一の事業年度に係る２以上の虚偽の継続開示書類等が提出されたときは、課徴金の額を調整することとなるため、下記のとおり３３８万円を個別決定ごとの算出額に基づき按分した金額が課徴金の額となる。 平成１９年１１月２０日提出の臨時報告書に係る課徴金の額は 3,380,000×1,690,000／（1,690,000＋1,690,000＋3,380,000）＝845,000円 平成２０年２月中間期半期報告書に係る課徴金の額は 3,380,000×1,690,000／（1,690,000＋1,690,000＋3,380,000）＝845,000円 平成２０年８月期有価証券報告書に係る課徴金の額は 3,380,000×3,380,000／（1,690,000＋1,690,000＋3,380,000）＝1,690,000円 (3) 旧金融商品取引法第１７２条第１項第１号の規定により、重要な事項につき虚偽の記載がある発行開示書類に基づく募集により取得させた株券等の発行価額の総額の１００分の２に相当する額が課徴金の額となることから、 平成２０年５月１６日提出の有価証券届出書に係る課徴金の額は、 12,337,710,000×2／100＝246,754,200円 について、金融商品取引法第１７６条第２項の規定により１万円未満を切り捨てて、246,750,000円 となる。 課徴金納付命令対象者 旧金融商品取引法第１７２条第５項で準用する同条第２項の規定により、重要な事項につき虚偽の記載がある目論見書に係る売出しにより売り付けた課徴金納付命令対象者が所有する株券等の売出価額の総額の１００分の２に相当する額が課徴金の額となることから、 平成２０年６月１０日、同人が所有する株式会社ビックカメラの株券を、売出しにより売り付けるに当たり使用した目論見書に係る課徴金の額は、 6,036,800,000×2／100＝120,736,000円 について、金融商品取引法第１７６条第２項の規定により１万円未満を切り捨てて、120,730,000円 となる。",0
2009-06-23,2006/06/29-2008/08/13,フタバ産業株式会社,7241,フタバ産業株式会社に係る有価証券報告書等の虚偽記載に係る課徴金納付命令勧告について（平成21年6月23日）,https://www.fsa.go.jp/sesc/news/c_2009/2009/20090623.html,"平成２１年６月２３日 証券取引等監視委員会 フタバ産業株式会社に係る有価証券報告書等の虚偽記載に係る課徴金納付命令勧告について １．勧告の内容 証券取引等監視委員会は、フタバ産業株式会社に係る有価証券報告書等の虚偽記載について検査した結果、下記のとおり法令違反の事実が認められたので、本日、内閣総理大臣及び金融庁長官に対して、金融庁設置法第２０条第１項の規定に基づき、課徴金納付命令を発出するよう勧告を行った。 ２．法令違反の事実関係 フタバ産業株式会社は、関東財務局長に対し、 (1) 平成１８年６月２９日、売上原価の過少計上等により、連結経常損益が２，５７１百万円（百万円未満切捨て。以下、連結経常利益額、連結当期純損益額、連結中間純損益額、連結純資産額及び連結四半期純利益額について同じ。）の利益であったにもかかわらず、これを１９，４２９百万円の利益と、連結当期純損益が１３，０９６百万円の損失であったにもかかわらず、これを１１，４９９百万円の利益と記載するなどした連結損益計算書を掲載した平成１８年３月期有価証券報告書を提出し、 (2) 平成１８年１２月２８日、売上原価の過少計上、減損損失の不計上、棚卸資産及び有形固定資産の過大計上等により、連結経常損益が１，７２１百万円の利益であったにもかかわらず、これを９，７２１百万円の利益と、連結中間純損益が２４，９４９百万円の損失であったにもかかわらず、これを５，２５６百万円の利益と記載するなどした中間連結損益計算書、及び連結純資産額が１１４，７７０百万円であったにもかかわらず、連結純資産額に相当する「純資産合計」欄に１７７，６９６百万円と記載するなどした中間連結貸借対照表を掲載した平成１８年９月中間期半期報告書を提出し、 (3) 平成１９年６月２８日、売上原価の過少計上、減損損失の不計上、棚卸資産及び有形固定資産の過大計上等により、連結経常損益が２９１百万円の利益であったにもかかわらず、これを２３，４５７百万円の利益と、連結当期純損益が３３，８２７百万円の損失であったにもかかわらず、これを１２，７７０百万円の利益と記載するなどした連結損益計算書、及び連結純資産額が１０９，７０１百万円であったにもかかわらず、連結純資産額に相当する「純資産合計」欄に１８９，１２２百万円と記載するなどした連結貸借対照表を掲載した平成１９年３月期有価証券報告書を提出し、 (4) 平成１９年１２月２６日、売上原価の過少計上、棚卸資産及び有形固定資産の過大計上等により、連結経常損益が１，５６５百万円の利益であったにもかかわらず、これを１２，０１４百万円の利益と、連結中間純損益が５，２０５百万円の損失であったにもかかわらず、これを５，３２２百万円の利益と記載するなどした中間連結損益計算書、及び連結純資産額が１０４，９１８百万円であったにもかかわらず、連結純資産額に相当する「純資産合計」欄に１９４，４６２百万円と記載するなどした中間連結貸借対照表を掲載した平成１９年９月中間期半期報告書を提出し、 (5) 平成２０年６月３０日、売上原価の過少計上、棚卸資産及び有形固定資産の過大計上等により、連結経常損益が１，７４５百万円の利益であったにもかかわらず、これを２４，８４７百万円の利益と、連結当期純損益が１３，０６１百万円の損失であったにもかかわらず、これを１１，０４６百万円の利益と記載するなどした連結損益計算書、及び連結純資産額が９４，２１９百万円であったにもかかわらず、連結純資産額に相当する「純資産合計」欄に１９８，０３０百万円と記載するなどした連結貸借対照表を掲載した平成２０年３月期有価証券報告書を提出し、 (6) 平成２０年８月１３日、売上原価の過少計上、棚卸資産及び有形固定資産の過大計上等により、連結経常損益が１，４０３百万円の利益であったにもかかわらず、これを３，４８６百万円の利益と、連結四半期純損益が１６３百万円の利益であったにもかかわらず、これを１，４０６百万円の利益と記載するなどした四半期連結損益計算書、及び連結純資産額が９１，３３９百万円であったにもかかわらず、連結純資産額に相当する「純資産合計」欄に１９６，３７４百万円と記載するなどした四半期連結貸借対照表を掲載した平成２０年６月第１四半期四半期報告書を提出した。 同社が行った上記の各行為は、金融商品取引法（平成２０年法律第６５号による改正前のもの。以下「旧金融商品取引法」という。）第１７２条の２第１項又は第２項に規定する「重要な事項につき虚偽の記載がある」有価証券報告書等を提出した行為に該当すると認められる。 ３．課徴金の額の計算 上記の違法行為に対し金融商品取引法に基づき納付を命じられる課徴金の額は、１，８１６万９，９９８円である。 (1) 旧金融商品取引法第１７２条の２第１項の規定により、平成１８年３月期有価証券報告書に係る課徴金の額について、 当該法人が発行する算定基準有価証券の市場価額の総額に１０万分の３を乗じて得た額（4,970,814円） が 3,000,000円 を超えることから、4,970,814円について、金融商品取引法第１７６条第２項の規定により１万円未満の端数を切り捨てて4,970,000円となる。 (2) 旧金融商品取引法第１７２条の２第１項又は第２項の規定により、平成１８年９月中間期半期報告書及び平成１９年３月期有価証券報告書に係る課徴金の額について、個別決定ごとの算出額は 当該法人が発行する算定基準有価証券の市場価額の総額に１０万分の３を乗じて得た額（5,717,062円） が 3,000,000円 を超えることから、 同半期報告書については、5,717,062円の２分の１に相当する額である2,850,000円（金融商品取引法第１７６条第２項の規定により１万円未満を切り捨て） 同有価証券報告書については、5,710,000円（金融商品取引法第１７６条第２項の規定により１万円未満を切り捨て） となる。 ここで、金融商品取引法第１８５条の７第６項の規定により、同一の事業年度に係る２以上の虚偽の継続開示書類等が提出されたときは、課徴金の額を調整することとなるため、下記のとおり５７１万円を個別決定ごとの算出に基づき按分した金額（同第２８項の規定により１円未満の端数切捨て）が課徴金の額となる。 平成１８年９月中間期半期報告書に係る課徴金の額は 5,710,000×2,850,000／（2,850,000＋5,710,000）＝1,901,109円 平成１９年３月期有価証券報告書に係る課徴金の額は 5,710,000×5,710,000／（2,850,000＋5,710,000）＝3,808,890円 (3) 旧金融商品取引法第１７２条の２第１項又は第２項の規定により、平成１９年９月中間期半期報告書及び平成２０年３月期有価証券報告書に係る課徴金の額について、個別決定ごとの算出額は 当該法人が発行する算定基準有価証券の市場価額の総額に１０万分の３を乗じて得た額（5,995,689円） が 3,000,000円 を超えることから、 同半期報告書については、5,995,689円の２分の１に相当する額である2,990,000円（金融商品取引法第１７６条第２項の規定により１万円未満を切り捨て） 同有価証券報告書については、5,990,000円（金融商品取引法第１７６条第２項の規定により１万円未満を切り捨て） となる。 ここで、金融商品取引法第１８５条の７第６項の規定により、同一の事業年度に係る２以上の虚偽の継続開示書類等が提出されたときは、課徴金の額を調整することとなるため、下記のとおり５９９万円を個別決定ごとの算出に基づき按分した金額（同第２８項の規定により１円未満の端数切捨て）が課徴金の額となる。 平成１９年９月中間期半期報告書に係る課徴金の額は 5,990,000×2,990,000／（5,990,000＋2,990,000）＝1,994,443円 平成２０年３月期有価証券報告書に係る課徴金の額は 5,990,000×5,990,000／（5,990,000＋2,990,000）＝3,995,556円 (4) 旧金融商品取引法第１７２条の２第２項の規定により、平成２０年６月第１四半期四半期報告書に係る課徴金の額について、 当該法人が発行する算定基準有価証券の市場価額の総額に１０　万分の３を乗じて得た額（2,735,505円） が 3,000,000円 を超えないことから、3,000,000円の２分の１に相当する額である1,500,000円となる。",0
2009-01-21,2007/12/21-2008/06/30,株式会社プラコー,6347,株式会社プラコーに係る有価証券報告書等の虚偽記載に係る課徴金納付命令勧告について（平成21年1月21日）,https://www.fsa.go.jp/sesc/news/c_2009/2009/20090121.html,"株式会社プラコーに係る有価証券報告書等の虚偽記載に係る課徴金納付命令勧告について 平成２１年１月２１日 証券取引等監視委員会 １．勧告の内容 証券取引等監視委員会は、株式会社プラコーに係る有価証券報告書等の虚偽記載について検査した結果、下記のとおり法令違反の事実が認められたので、本日、内閣総理大臣及び金融庁長官に対して、金融庁設置法第２０条第１項の規定に基づき、課徴金納付命令を発出するよう勧告を行った。 ２．法令違反の事実関係 株式会社プラコーは、関東財務局長に対し、売上の前倒し計上、売上債権の過大計上、前受金の過少計上等により、 (1) 平成１９年１２月２１日、経常損益が６８百万円（百万円未満切捨て。以下、経常損益額、中間純損益額、純資産額及び当期純損益額について同じ。）の損失であったにもかかわらず、これを２百万円の利益と、中間純損益が９５百万円の損失であったにもかかわらず、これを７百万円の利益と記載するなどした中間損益計算書、及び純資産額が４７５百万円であったにもかかわらず、純資産額に相当する「純資産合計」欄に６３８百万円と記載するなどした中間貸借対照表を掲載した平成１９年９月中間期半期報告書を提出し、 (2) 平成２０年６月３０日、経常損益が６４百万円の損失であったにもかかわらず、これを１７百万円の利益と、当期純損益が９７百万円の損失であったにもかかわらず、これを１７百万円の利益と記載するなどした損益計算書、及び純資産額が４５１百万円であったにもかかわらず、純資産額に相当する「純資産合計」欄に６２５百万円と記載するなどした貸借対照表を掲載した平成２０年３月期有価証券報告書を提出した。 同社が行った上記の各行為は、金融商品取引法（平成２０年法律第６５号による改正前のもの。以下「旧金融商品取引法」という。）第１７２条の２第１項又は第２項に規定する「重要な事項につき虚偽の記載がある」有価証券報告書等を提出した行為に該当すると認められる。 ３．課徴金の額の計算 上記の違法行為に対し金融商品取引法に基づき納付を命じられる課徴金の額は、３００万円である。 (1) 旧金融商品取引法第１７２条の２第１項又は第２項の規定により、平成１９年９月中間期半期報告書及び平成２０年３月期有価証券報告書に係る課徴金の額について、個別決定ごとの算出額は、 当該法人が発行する算定基準有価証券の市場価額の総額に１０万分の３を乗じて得た額（46,774円） が 3,000,000円 を超えないことから、 同半期報告書については、3,000,000円の２分の１に相当する額である1,500,000円 同有価証券報告書については、3,000,000円 となる。 (2) ここで、金融商品取引法第１８５条の７第６項の規定により、同一の事業年度に係る２以上の虚偽の継続開示書類等が提出されたときは、課徴金の額を調整することとなるため、下記のとおり３００万円を個別決定ごとの算出額に基づき按分した金額が課徴金の額となる。 平成１９年９月中間期半期報告書に係る課徴金の額は 3,000,000×1,500,000／（1,500,000＋3,000,000）＝1,000,000円 平成２０年３月期有価証券報告書に係る課徴金の額は 3,000,000×3,000,000／（1,500,000＋3,000,000）＝2,000,000円",0
2010-12-21,2009/07/23-2009/07/29,インスペック株式会社,6656,インスペック株式会社株式に係る相場操縦に対する課徴金納付命令の勧告について（平成22年12月21日）,https://www.fsa.go.jp/sesc/news/c_2010/2010/20101221-1.html,"平成２２年１２月２１日 証券取引等監視委員会 インスペック株式会社株式に係る相場操縦に対する課徴金納付命令の勧告について １．勧告の内容 証券取引等監視委員会は、インスペック株式会社株式に係る相場操縦について検査した結果、下記のとおり法令違反の事実が認められたので、本日、内閣総理大臣及び金融庁長官に対して、金融庁設置法第２０条第１項の規定に基づき、課徴金納付命令を発出するよう勧告を行った。 ２．法令違反の事実関係 課徴金納付命令対象者は、インスペック株式会社の株式につき、その株価の高値形成を図ろうと企て、同株式の売買を誘引する目的をもって、平成２１年７月２３日から平成２１年７月２９日までの間、５取引日にわたり、直前約定値より高値で、あるいは、成行で大量の買い注文を発注して高値で約定させたり、直前約定値より高値で買い注文と売り注文を同時期に発注して対当させて株価を引き上げるなどの方法により、同株式合計１６１株を買い付ける一方、同株式合計１３７株を売り付け、同株式の株価を２万８０００円から３万６８００円まで引き上げるなどし、自己の計算において、同株式の相場を変動させるべき一連の売買をしたものである。 同人が行った上記の行為は、金融商品取引法第１７４条の２第１項に規定する「第１５９条第２項第１号の規定に違反する一連の有価証券売買等」の違反行為に該当すると認められる。 ３．課徴金の額の計算 上記の違法行為に対し金融商品取引法に基づき納付を命じられる課徴金の額は、１８６４万円である。 計算方法の詳細については、別紙のとおり。 （別紙） ○　課徴金の額の計算方法について １．金融商品取引法第１７４条の２第１項に基づき、課徴金の額は、 (1)　売買対当数量（注１）に係るものについて、 （有価証券の売付価額）－（有価証券の買付価額） と、 (2)　当該違反行為に係る有価証券の買付数量が売付数量を超える場合には、当該超える数量に係るものについて、 （当該違反行為が終了してから１月を経過するまでの間の各日における当該有価証券の最高価格のうち最も高い価格×当該超える数量）－（有価証券の買付価額） との合計額として計算される。 （注１）売買対当数量：当該違反行為に係る有価証券の売付数量と買付数量のうち、いずれか少ない数量をいう。 ２．本件における課徴金の額は、下記(1)及び(2)によりそれぞれ算定される額の合計１８６４万１７３０円。 ⇒課徴金の額は１万円未満を切り捨てるため、 １８６４万円 (1)　当該違反行為に係る売買対当数量は、 (i)当該違反行為に係る有価証券の売付数量は１３７株であり、 (ii)当該違反行為に係る有価証券の買付数量は、実際の買付け等の数量１６１株に、金融商品取引法第１７４条の２第８項及び同法施行令第３３条の１３第１号により、違反行為開始時にその時の価格（２８，１９０円）で買付け等をしたものとみなされる当該違反行為の開始時に所有している当該有価証券の数量１，５７３株を加えた１，７３４株である ことから、１３７株となる。 当該売買対当数量に係るものについて、 売付価額４，３３１，４００円（注２） －買付価額３，８６２，０３０円（注３、４） ＝４６９，３７０円 （注２）売付価額は、 ┌ │ │ │ │ │ │ │ │ │ │ │ │ │ │ │ │ │ │ │ │ │ │ │ │ │ │ └ 28,190円× 5株 28,200円× 3株 ┐ │ │ │ │ │ │ │ │ │ │ │ │ │ │ │ │ │ │ │ │ │ │ │ │ │ │ ┘ の合計額である。 28,400円× 3株 28,700円× 3株 29,000円× 7株 29,100円× 3株 29,300円× 5株 29,400円× 3株 29,700円× 3株 30,000円× 3株 30,300円× 3株 30,600円× 3株 30,800円× 3株 30,900円× 6株 31,100円× 3株 31,400円× 3株 31,500円× 5株 31,700円× 3株 31,800円× 5株 32,000円× 3株 32,300円× 3株 32,600円× 3株 32,800円× 3株 32,900円× 3株 32,950円× 7株 33,000円× 3株 33,100円× 5株 33,300円× 3株 33,400円× 2株 33,500円× 2株 33,600円× 2株 33,700円× 2株 33,800円× 2株 33,900円× 2株 34,000円×14株 34,700円× 6株 （注３）買付価額は、28,190円×137株の計算により算出される額である。 （注４）買付価額の算定においては、金融商品取引法施行令第３３条の１４第５項の規定により、当該違反行為に係る有価証券の買付けのうち最も早い時期に行われたものから順次当該売買対当数量に達するまで割り当てることとなる。 本件においては、違反行為の開始時点において所有しており、金融商品取引法第１７４条の２第８項・同法施行令第３３条の１３第１号の規定により、違反行為の開始時点にその時における価格（28,190円）で買い付けたものとみなされるもの（みなし買付け）が、当該売買対当数量を超えるため、すべてみなし買付け分が割り当てられることとなる。 (2)　上記(1)のとおり、当該違反行為に係る有価証券の買付数量が、売付数量を超えることから、 当該超える数量１，５９７株（１，７３４株－１３７株）について、 当該違反行為が終了してから１月を経過するまでの間の各日における当該有価証券の最高価格のうち最も高い価格（４０，０００円）に当該超える数量を乗じて得た額 ６３，８８０，０００円 －有価証券の買付価額４５，７０７，６４０円（注５） ＝１８，１７２，３６０円 （注５）買付価額は ┌ │ │ │ │ │ │ │ │ │ │ │ │ │ │ │ │ │ │ │ │ └ 28,190円×1,441株 28,200円× 5株 ┐ │ │ │ │ │ │ │ │ │ │ │ │ │ │ │ │ │ │ │ │ ┘ の合計額である。 28,400円× 5株 28,700円× 4株 29,000円× 8株 29,100円× 3株 29,300円× 3株 29,400円× 3株 29,700円× 1株 30,000円× 2株 30,200円× 2株 30,300円× 2株 30,900円× 4株 31,000円× 4株 31,200円×20株 31,500円× 5株 31,800円× 5株 32,500円× 5株 32,800円× 4株 32,850円× 1株 33,400円× 3株 33,500円× 2株 34,200円× 1株 34,600円× 2株 34,900円× 1株 35,000円×39株 36,000円×14株 36,400円× 4株 36,800円× 4株",0
2010-09-07,2008/12/18-2009/02/10,小池酸素工業株式会社,6137,小池酸素工業株式会社株式に係る相場操縦に対する課徴金納付命令の勧告について（平成22年9月7日),https://www.fsa.go.jp/sesc/news/c_2010/2010/20100907-1.html,"平成２２年９月７日 証券取引等監視委員会 小池酸素工業株式会社株式に係る相場操縦に対する課徴金納付命令の勧告について １．勧告の内容 証券取引等監視委員会は、小池酸素工業株式会社株式に係る相場操縦について検査した結果、下記のとおり法令違反の事実が認められたので、本日、内閣総理大臣及び金融庁長官に対して、金融庁設置法第２０条第１項の規定に基づき、課徴金納付命令を発出するよう勧告を行った。 ２．法令違反の事実関係 課徴金納付命令対象者は、小池酸素工業株式会社の株式につき、その株価の高値形成を図ろうと企て、同株式の売買を誘引する目的をもって、平成２０年１２月１８日から平成２１年２月１０日までの間、３３取引日にわたり、直前約定値より高値で、あるいは、成行で大量の買い注文を発注して高値で約定させたり、直前約定値より高値で買い注文と売り注文を同時期に発注して対当させて株価を引き上げるなどの方法により、同株式合計４０万３０００株を買い付ける一方、同株式合計３８万６０００株を売り付け、同株式の相場を変動させるべき一連の売買をしたものである。 同人が行った上記の行為は、金融商品取引法第１７４条の２第１項に規定する「第１５９条第２項第１号の規定に違反する一連の有価証券売買等」の違反行為に該当すると認められる。 ３．課徴金の額の計算 上記の違法行為に対し金融商品取引法に基づき納付を命じられる課徴金の額は、５４万円である。 計算方法の詳細については、別紙のとおり。 （別紙） ○　課徴金の額の計算方法について １．金融商品取引法第１７４条の２第１項に基づき、課徴金の額は、 (1)　売買対当数量（注１）に係るものについて、 （有価証券の売付価額）－（有価証券の買付価額） と、 (2)　当該違反行為に係る有価証券の買付数量が売付数量を超える場合には、当該超える数量に係るものについて、 （当該違反行為が終了してから１月を経過するまでの間の各日における当該有価証券の最高価格のうち最も高い価格×当該超える数量）－（有価証券の買付価額） との合計額として計算される。 （注１）売買対当数量：当該違反行為に係る有価証券の売付数量と買付数量のうち、いずれか少ない数量をいう。 ２．本件における課徴金の額は、下記(1)及び(2)によりそれぞれ算定される額の合計　５４５，０００円。 ⇒課徴金の額は１万円未満を切り捨てるため、 ５４万円 (1)　当該違反行為に係る売買対当数量は、 当該違反行為に係る有価証券の売付数量は３８万６０００株であり、 当該違反行為に係る有価証券の買付数量は、実際の買付け等の数量４０万３０００株に、金融商品取引法第１７４条の２第８項により、違反行為開始時にその時の価格（２１９円）で買付け等をしたものとみなされる当該違反行為の開始時に所有している当該有価証券の数量５万８０００株を加えた４６万１０００株である ことから、３８万６０００株となる。 当該売買対当数量に係るものについて、 売付価額８９，２３３，０００円（注２）－ 買付価額９０，２４１，０００円（注３、４） ＝▲１，００８，０００円 （注２）売付価額は、 ┌ │ │ │ │ │ │ │ │ │ │ │ │ │ │ │ │ │ │ │ │ │ │ │ │ │ │ │ │ │ │ │ │ │ │ │ │ │ │ │ │ │ │ │ │ │ │ │ │ │ │ │ │ │ │ │ │ │ │ │ │ │ │ └ 199円× 3,000株 200円× 6,000株 ┐ │ │ │ │ │ │ │ │ │ │ │ │ │ │ │ │ │ │ │ │ │ │ │ │ │ │ │ │ │ │ │ │ │ │ │ │ │ │ │ │ │ │ │ │ │ │ │ │ │ │ │ │ │ │ │ │ │ │ │ │ │ │ ┘ の合計額である。 201円× 2,000株 202円× 2,000株 203円× 4,000株 204円× 2,000株 205円× 3,000株 206円×13,000株 207円×12,000株 208円× 5,000株 209円× 6,000株 210円×10,000株 211円× 6,000株 212円× 2,000株 213円× 2,000株 214円× 4,000株 215円×12,000株 216円× 1,000株 217円× 1,000株 218円×14,000株 219円× 6,000株 220円× 5,000株 221円× 5,000株 222円×12,000株 223円× 6,000株 224円×10,000株 225円× 1,000株 226円× 1,000株 227円× 4,000株 228円× 2,000株 229円× 6,000株 230円× 6,000株 231円×27,000株 232円× 8,000株 233円× 8,000株 234円× 7,000株 235円× 2,000株 236円× 5,000株 237円× 2,000株 238円× 3,000株 240円×10,000株 241円× 2,000株 242円×10,000株 243円× 1,000株 244円× 7,000株 245円× 5,000株 247円× 2,000株 248円× 3,000株 249円× 3,000株 250円×11,000株 251円×29,000株 252円×22,000株 253円×38,000株 254円× 1,000株 255円× 4,000株 257円× 1,000株 258円× 1,000株 （注３）買付価額は、 ┌ │ │ │ │ │ │ │ │ │ │ │ │ │ │ │ │ │ │ │ │ │ │ │ │ │ │ │ │ │ │ │ │ │ │ │ │ │ │ │ │ │ │ │ │ │ │ │ │ │ │ │ └ 210円× 1,000株 213円× 1,000株 ┐ │ │ │ │ │ │ │ │ │ │ │ │ │ │ │ │ │ │ │ │ │ │ │ │ │ │ │ │ │ │ │ │ │ │ │ │ │ │ │ │ │ │ │ │ │ │ │ │ │ │ │ ┘ の合計額である。 214円× 6,000株 215円× 8,000株 216円× 2,000株 217円× 3,000株 218円× 7,000株 219円×65,000株 220円× 7,000株 221円× 6,000株 222円× 4,000株 223円× 2,000株 224円× 8,000株 225円×15,000株 226円× 6,000株 227円× 7,000株 228円× 9,000株 229円×13,000株 230円×17,000株 231円× 8,000株 232円× 6,000株 233円× 9,000株 234円× 6,000株 235円× 5,000株 236円× 8,000株 237円× 8,000株 238円× 4,000株 239円× 3,000株 240円×12,000株 241円× 1,000株 242円× 9,000株 243円× 8,000株 244円× 9,000株 245円×12,000株 246円× 1,000株 247円× 2,000株 248円× 1,000株 249円× 2,000株 250円×13,000株 251円×15,000株 252円×17,000株 253円×15,000株 254円× 6,000株 255円× 7,000株 256円× 7,000株 257円× 2,000株 258円× 2,000株 260円× 1,000株 （注４）買付価額の算定においては、金融商品取引法施行令第33条の14第5項の規定により、当該違反行為に係る有価証券の買付けのうち最も早い時期に行われたものから順次当該売買対当数量に達するまで割り当てることとなる。 本件においては、違反行為の開始時点において所有しており、金融商品取引法第174条の2第8項の規定により、違反行為の開始時点にその時における価格（219円）で買い付けたものとみなされるもの（みなし買付け）から、順次割り当てている。 (2)　上記(1)のとおり、当該違反行為に係る有価証券の買付数量が、売付数量を超えることから、 当該超える数量７万５０００株（４６万１０００株－３８万６０００株）について、 当該違反行為が終了してから１月を経過するまでの間の各日における当該有価証券の最高価格のうち最も高い価格（２３０円）に当該超える数量を乗じて得た額 １７，２５０，０００円 － 有価証券の買付価額１５，６９７，０００円（注５） ＝１，５５３，０００円 （注５）買付価額は、 ┌ │ │ │ │ │ │ │ │ │ │ │ │ │ │ │ │ │ │ │ │ │ │ └ 200円×11,000株 201円× 1,000株 ┐ │ │ │ │ │ │ │ │ │ │ │ │ │ │ │ │ │ │ │ │ │ │ ┘ の合計額である。 202円× 1,000株 203円× 3,000株 204円× 3,000株 205円× 5,000株 206円× 3,000株 207円× 4,000株 208円× 2,000株 209円× 4,000株 210円× 6,000株 211円× 1,000株 212円× 7,000株 213円× 2,000株 214円× 2,000株 215円× 9,000株 216円× 2,000株 218円× 3,000株 219円× 3,000株 220円× 2,000株 223円× 1,000株",0
2010-06-18,2007/12/27,株式会社リミックスポイント,3825,株式会社リミックスポイントに係る半期報告書の虚偽記載に係る課徴金納付命令勧告について（平成22年6月18日）,https://www.fsa.go.jp/sesc/news/c_2010/2010/20100618-1.html,"平成２２年６月１８日 証券取引等監視委員会 株式会社リミックスポイントに係る半期報告書の虚偽記載に係る課徴金納付命令勧告について １．勧告の内容 証券取引等監視委員会は、株式会社リミックスポイントに係る有価証券報告書等の虚偽記載について検査した結果、下記のとおり法令違反の事実が認められたので、本日、内閣総理大臣及び金融庁長官に対して、金融庁設置法第２０条第１項の規定に基づき、課徴金納付命令を発出するよう勧告を行った。 ２．法令違反の事実関係 株式会社リミックスポイントは、関東財務局長に対し、下表のとおり、金融商品取引法（平成２０年法律第６５号による改正前のもの。以下「旧金融商品取引法」という。）第１７２条の２第２項に規定する「重要な事項につき虚偽の記載がある」半期報告書を提出したものである。 提出日 書類 虚偽記載 会計期間 財務計算に 関する書類 内容（注） 事由 平成19年 12月27日 第5期事業年度中間会計期間に係る半期報告書（平成19年9月中間期半期報告書） 平成19年4月1日～平成19年9月30日の中間会計期間 中間損益計算書 中間純損益が▲237百万円であるところを▲138百万円と記載 貸倒引当金の過少計上 （注）金額は百万円未満切捨てである。また、▲は損失であることを示す。 ３．課徴金の額の計算 上記の違法行為に対し金融商品取引法に基づき納付を命じられる課徴金の額は、１５０万円である。 旧金融商品取引法第１７２条の２第２項の規定により、平成１９年９月中間期半期報告書に係る課徴金の額は、 当該法人が発行する算定基準有価証券の市場価額の総額に１０万分の３を乗じて得た額（71,137円） が 3,000,000円 を超えないことから、1,500,000円となる。",0
2010-05-18,2008/10/02-2008/10/22,バリューコマース株式会社,2491,バリューコマース株式会社株券に係る相場操縦に対する課徴金納付命令の勧告について（平成22年5月18日）,https://www.fsa.go.jp/sesc/news/c_2010/2010/20100518-1.html,"平成２２年５月１８日 証券取引等監視委員会 バリューコマース株式会社株券に係る相場操縦に対する課徴金納付命令の勧告について １．勧告の内容 証券取引等監視委員会は、バリューコマース株式会社株券に係る相場操縦について検査した結果、下記のとおり法令違反の事実が認められたので、本日、内閣総理大臣及び金融庁長官に対して、金融庁設置法第２０条第１項の規定に基づき、課徴金納付命令を発出するよう勧告を行った。 ２．法令違反の事実関係 (1)　課徴金納付命令対象者 は、バリューコマース株式会社の株券につき、 その株価の安値形成を図ろうと企て、同株券の売買を誘引する目的をもって、平成２０年１０月２日から同月６日までの間、３取引日にわたり、直前約定値より安値で買い注文と売り注文を同時期に発注して対当させたり、約定させる意思のない売り注文を発注するほか、大量の売り注文を成行で発注して安値で約定させるなどの方法により、同株券合計１，３１３株の買付け、同株券合計１，３１６株の売付け及び同株券延べ合計７２１株の売付けの委託を行い、同株券の株価を１２，０４０円から９，１２０円まで引き下げるなどし、同株券の相場を変動させるべき一連の売買及び委託をし、 その株価の高値形成を図ろうと企て、同株券の売買を誘引する目的をもって、同月７日から同月２２日までの間、１１取引日にわたり、直前約定値より高値で買い注文と売り注文を同時期に発注して対当させたり、約定させる意思のない買い注文を発注するほか、大量の買い注文を成行で発注して高値で約定させるなどの方法により、同株券合計４，０１９株の買付け、同株券合計３，８５３株の売付け及び同株券延べ合計２，５７６株の買付けの委託を行い、同株券の株価を８，３００円から１２，７００円まで引き上げるなどし、同株券の相場を変動させるべき一連の売買及び委託をし たものである。 同人が行った上記の行為は、金融商品取引法（平成２０年法律第６５号による改正前のもの。以下「旧金融商品取引法」という。）第１７４条第１項に規定する「自己の計算において第１５９条第２項第１号の規定に違反する取引所金融商品市場における上場金融商品等の相場を変動させるべき一連の有価証券売買等」及び「その委託等」の違反行為に該当すると認められる。 (2)　課徴金納付命令対象者 は、バリューコマース株式会社の株券につき、その株価の安値形成を図ろうと企て、同株券の売買を誘引する目的をもって、平成２０年１０月３日から同月７日までの間、３取引日にわたり、直前約定値より安値で買い注文と売り注文を同時期に発注して対当させたり、連続して売り注文を成行で発注して安値で約定させる方法などにより、同株券合計６６株の買付け及び同株券合計９７株の売付けを行い、同株券の株価を１１，０００円から８，２７０円まで引き下げるなどし、同株券の相場を変動させるべき一連の売買をしたものである。 同人が行った上記の行為は、旧金融商品取引法第１７４条第１項に規定する「自己の計算において第１５９条第２項第１号の規定に違反する取引所金融商品市場における上場金融商品等の相場を変動させるべき一連の有価証券売買等」の違反行為に該当すると認められる。 ３．課徴金の額の計算 上記の違法行為に対し、金融商品取引法に基づき納付を命じられる課徴金の額は下記のとおり。 課徴金納付命令対象者 ９５万円 課徴金納付命令対象者 ２６万円 計算方法の詳細については、別紙のとおり。 （別紙） ○　課徴金の額の計算方法について １．旧金融商品取引法第１７４条第１項に基づき、課徴金の額は、 (1) 売買対当数量（注１）に係るものについて、 （有価証券の売付け等の価額）－（有価証券の買付け等の価額） と、 (2) 当該違反行為に係る有価証券の売付け等の数量が買付け等の数量を超える場合には、売付け等対当数量（注２）に係るものについて、 （有価証券の売付け等の価額）－（当該違反行為が終了した日から１月以内に行われた有価証券の買付け等の価額） との合計額として計算される。 （注１）売買対当数量：当該違反行為に係る有価証券の売付け等の数量と買付け等の数量のうち、いずれか少ない数量をいう。 （注２）売付け等対当数量：当該違反行為に係る有価証券の売付け等の数量が買付け等の数量を超える場合における当該超える数量と、当該違反行為が終了した日から１月以内に行われた当該違反行為に係る買付け等の数量のうち、いずれか少ない数量をいう。 ２．課徴金納付命令対象者 について、 平成２０年１０月２日から同月６日までの間の違反行為に係る課徴金の額は、下記(1)及び(2)によりそれぞれ算定される額の合計　２２９，３３０円。 ⇒課徴金の額は１万円未満を切り捨てるため、 ２２万円 (1) 当該違反行為に係る売買対当数量は、 当該違反行為に係る有価証券の売付け等の数量は1,316株であり、 当該違反行為に係る有価証券の買付け等の数量は1,313株である ことから、1,313株となる。 当該売買対当数量に係るものについて、 売付け等の価額１３，７７２，２８０円（注３）－買付け等の価額１３，５４５，８２０円 ＝２２６，４６０円 （注３）売付け等の価額の算定においては、金融商品取引法施行令（平成20年政令第369号による改正前のもの。以下同じ。）第33条の14第5項の規定により、当該違反行為に係る有価証券の売付け等のうち最も早い時期に行われたものから順次当該売買対当数量に達するまで割り当てることとなる。 (2) 上記(1)のとおり、当該違反行為に係る有価証券の売付け等の数量が、買付け等の数量を超えることから、当該違反行為に係る売付け等対当数量は、 売付け等の数量が買付け等の数量を超える数量3株 （1,316株－1,313株） と、 当該違反行為が終了した日から１月以内に行われた買付け等の数量 4,022株 とを比較して少ない数量である、3株となる。 当該売付け等対当数量に係るものについて、 売付け等の価額２７，４７０円－違反行為終了日から１月以内の買付け等の価額２４，６００円（注４） ＝２，８７０円 （注４）買付け等の価額の算定においては、金融商品取引法施行令第33条の14第6項の規定により、違反行為が終了した日から１月以内に行われた有価証券の買付け等のうち最も早い時期に行われたものから順次当該売付け等対当数量に達するまで割り当てることとなる。 平成２０年１０月７日から同月２２日までの間の違反行為に係る課徴金の額は、下記により算定される額　７３９，７５０円。 ⇒課徴金の額は１万円未満を切り捨てるため、 ７３万円 当該違反行為に係る売買対当数量は、当該違反行為に係る有価証券の売付け等の数量、買付け等の数量ともに4,019株であることから、4,019株となる。 当該売買対当数量に係るものについて、 売付け等の価額４３，９２５，３９０円－買付け等の価額４３，１８５，６４０円 ＝７３９，７５０円 ３．課徴金納付命令対象者 について、本件における課徴金の額は、下記(1)及び(2)によりそれぞれ算定される額の合計　２６４，１７０円。 ⇒課徴金の額は１万円未満を切り捨てるため、 ２６万円 (1)　当該違反行為に係る売買対当数量は、 当該違反行為に係る有価証券の売付け等の数量は、実際の売付数量97株に、旧金融商品取引法第１７４条第８項により、違反行為開始時にその時の価格（11,000円）で売付け等をしたものとみなされる当該違反行為の開始時に当該違反行為に係る有価証券を有しないで売付けをしている数量164株を加えた261株であり、 当該違反行為に係る有価証券の買付け等の数量は87株であることから、87株となる。 当該売買対当数量に係るものについて、 売付け等の価額９５７，０００円－買付け等の価額８０６，９３０円 ＝１５０，０７０円 (2)　上記(1)のとおり、当該違反行為に係る有価証券の売付け等の数量が、買付け等の数量を超えることから、当該違反行為に係る売付け等対当数量は、 売付け等の数量が買付け等の数量を超える数量174株 （261株－87株） と、 当該違反行為が終了した日から１月以内に行われた買付け等の数量 635株 とを比較して少ない数量である、174株となる。 当該売付け等対当数量に係るものについて、 売付け等の価額１，７４４，８７０円－違反行為終了日から１月以内の買付け等の価額１，６３０，７７０円 ＝１１４，１００円 課徴金算定概念図 課徴金算定概念図",0
2011-08-25,2008/08/13-2010/11/12,株式会社ｆｏｎｆｕｎ,2323,株式会社ｆｏｎｆｕｎに係る有価証券報告書等の虚偽記載に係る課徴金納付命令勧告について（平成23年8月25日）,https://www.fsa.go.jp/sesc/news/c_2011/2011/20110825-1.html,"平成２３年８月２５日 証券取引等監視委員会 株式会社ｆｏｎｆｕｎに係る有価証券報告書等の虚偽記載に係る課徴金納付命令勧告について １．勧告の内容 証券取引等監視委員会は、株式会社ｆｏｎｆｕｎに係る有価証券報告書等の虚偽記載について検査した結果、以下のとおり法令違反の事実が認められたので、本日、内閣総理大臣及び金融庁長官に対して、金融庁設置法第２０条第１項の規定に基づき、課徴金納付命令を発出するよう勧告を行った。 ２．法令違反の事実関係 (1)　株式会社ｆｏｎｆｕｎは、関東財務局長に対し、貸倒引当金の過少計上及び債務保証損失引当金の不計上等により、別添のとおり、平成２０年法律第６５号による改正前の金融商品取引法（以下「旧金融商品取引法」という。）第１７２条の２第１項及び第２項並びに金融商品取引法第１７２条の４第１項及び第２項に規定する「重要な事項につき虚偽の記載がある」有価証券報告書等を提出したものである。 ［虚偽記載の概要］ （単位：百万円） 【平成20年6月第1四半期四半期報告書】 虚偽記載額 認定金額 連結売上高 688 688 連結経常損益 ▲120 ▲120 連結四半期純損益 ▲123 ▲264 連結純資産額 2,076 1,935 【平成20年9月第2四半期四半期報告書】 虚偽記載額 認定金額 連結売上高 1,368 1,368 連結経常損益 ▲187 ▲187 連結四半期純損益 ▲568 ▲797 連結純資産額 1,629 1,399 【平成20年12月第3四半期四半期報告書】 虚偽記載額 認定金額 連結売上高 2,036 2,036 連結経常損益 ▲266 ▲266 連結四半期純損益 ▲667 ▲1,100 連結純資産額 1,501 1,069 【平成21年3月期有価証券報告書】 虚偽記載額 認定金額 連結売上高 2,395 2,395 連結経常損益 ▲372 ▲367 連結当期純損益 ▲1,680 ▲2,129 純資産額 613 132 【平成21年6月第1四半期四半期報告書】 虚偽記載額 認定金額 売上高 267 267 経常損益 6 19 四半期純損益 12 18 純資産額 630 155 【平成21年9月第2四半期四半期報告書】 虚偽記載額 認定金額 売上高 555 555 経常損益 12 39 四半期純損益 23 37 純資産額 640 173 【平成21年12月第3四半期四半期報告書】 虚偽記載額 認定金額 連結売上高 813 813 連結経常損益 0 38 連結四半期純損益 ▲19 7 連結純資産額 727 274 【平成22年3月期有価証券報告書】 虚偽記載額 認定金額 連結売上高 1,107 1,107 連結経常損益 42 94 連結当期純損益 13 45 連結純資産額 766 316 【平成22年6月第1四半期四半期報告書】 虚偽記載額 認定金額 連結売上高 257 257 連結経常損益 10 24 連結四半期純損益 8 16 連結純資産額 775 333 【平成22年9月第2四半期四半期報告書】 虚偽記載額 認定金額 連結売上高 530 530 連結経常損益 24 53 連結四半期純損益 23 41 連結純資産額 791 359 (2)　株式会社ｆｏｎｆｕｎは、関東財務局長に対し、平成２１年１０月３０日、重要な事項につき虚偽の記載がある平成２１年３月期有価証券報告書（別添番号欄４参照）、平成２１年６月第１四半期四半期報告書（別添番号欄５参照）を組込情報とする有価証券届出書を提出し、同有価証券届出書に基づく募集により、同年１１月１６日、５１５，０００株の株式を１０３，０００，０００円で取得させた。 同社が行った上記の行為は、金融商品取引法第１７２条の２第１項第１号に規定する「重要な事項につき虚偽の記載がある」発行開示書類に基づく募集により有価証券を取得させた行為に該当すると認められる。 ３．課徴金の額の計算 上記の違法行為に対し旧金融商品取引法及び金融商品取引法に基づき納付を命じられる課徴金の額は、１，９６３万円である。 (1) 旧金融商品取引法第１７２条の２第１項及び第２項の規定により、平成２０年６月第１四半期四半期報告書、平成２０年９月２四半期四半期報告書、平成２０年１２月第３四半期四半期報告書及び平成２１年３月期有価証券報告書に係る課徴金について、個別決定ごとの算出額は、 (i)　当該法人が発行する算定基準有価証券の市場価額の総額に１０万分の３を乗じて得た額（473,326円） が (ii)　3,000,000円 を超えないことから、 平成２０年６月第１四半期四半期報告書については、1,500,000円 平成２０年９月第２四半期四半期報告書については、1,500,000円 平成２０年１２月第３四半期四半期報告書については、1,500,000円 平成２１年３月期有価証券報告書については、3,000,000円 となる。 ここで、これらの書類が同一の事業年度に係るものであることから、旧金融商品取引法第１８５条の７第２項の規定により、下記のとおり３００万円を個別決定ごとの算出額に応じて按分した金額が課徴金の額となる。 平成２０年６月第１四半期四半期報告書に係る課徴金の額は 600,000円 平成２０年９月第２四半期四半期報告書に係る課徴金の額は 600,000円 平成２０年１２月第３四半期四半期報告書に係る課徴金の額は 600,000円 平成２１年３月期有価証券報告書に係る課徴金の額は 1,200,000円 (2) 金融商品取引法第１７２条の４第１項及び第２項の規定により、平成２１年６月第１四半期四半期報告書、平成２１年９月第２四半期四半期報告書、平成２１年１２月第３四半期四半期報告書及び平成２２年３月期有価証券報告書に係る課徴金について、個別決定ごとの算出額は、 (i)　当該法人が発行する算定基準有価証券の市場価額の総額に１０万分の６を乗じて得た額 （平成２１年６月第１四半期四半期報告書 22,625円 平成２１年９月第２四半期四半期報告書 40,151円 平成２１年１２月第３四半期四半期報告書 32,582円 平成２２年３月期有価証券報告書 32,791円） が (ii)　6,000,000円 を超えないことから、 平成２１年６月第１四半期四半期報告書については、3,000,000円 平成２１年９月第２四半期四半期報告書については、3,000,000円 平成２１年１２月第３四半期四半期報告書については、3,000,000円 平成２２年３月期有価証券報告書については、6,000,000円 となる。 ここで、これらの書類が同一の事業年度に係るものであることから、金融商品取引法第１８５条の７第６項の規定により、下記のとおり６００万円を個別決定ごとの算出額に応じて按分した金額が課徴金の額となる。 平成２１年６月第１四半期四半期報告書に係る課徴金の額は 1,200,000円 平成２１年９月第２四半期四半期報告書に係る課徴金の額は 1,200,000円 平成２１年１２月第３四半期四半期報告書に係る課徴金の額は 1,200,000円 平成２２年３月期有価証券報告書に係る課徴金の額は 2,400,000円 (3) 金融商品取引法第１７２条の４第２項の規定により、平成２２年６月第１四半期四半期報告書及び平成２２年９月第２四半期四半期報告書に係る課徴金について、個別決定ごとの算出額は、 (i)　当該法人が発行する算定基準有価証券の市場価額の総額に１０万分の６を乗じて得た額 （平成２２年６月第１四半期四半期報告書 47,180円 平成２２年９月第２四半期四半期報告書 32,470円） が (ii)　6,000,000円 を超えないことから、 平成２２年６月第１四半期四半期報告書については、3,000,000円 平成２２年９月第２四半期四半期報告書については、3,000,000円 となる。 (4) 金融商品取引法第１７２条の２第１項第１号の規定により、重要な事項につき虚偽の記載がある発行開示書類に基づく募集により取得させた株券等の発行価額の総額の１００分の４．５に相当する額が課徴金の額となることから、 平成２１年１０月３０日提出の有価証券届出書に係る課徴金の額は、 103,000,000円×4.5／100＝4,635,000円 について、金融商品取引法第１７６条第２項の規定により１万円未満の端数を切り捨てて、4,630,000円 となる。 （別添）株式会社ｆｏｎｆｕｎの有価証券報告書等の虚偽記載内容 番号 開示書類 虚偽記載 提出日 書類 会計期間 財務計算に 関する書類 内容（注） 事由 １ 平成20年8月13日 第13期事業年度第1四半期連結会計期間に係る四半期報告書（平成20年6月第1四半期四半期報告書） 平成20年4月1日～平成20年6月30日の第1四半期連結累計期間 四半期連結 損益計算書 連結四半期純損益が▲264百万円であるところを▲123百万円と記載 ・貸倒引当金の過少計上 ２ 平成20年11月12日 第13期事業年度第2四半期連結会計期間に係る四半期報告書（平成20年9月第2四半期四半期報告書） 平成20年4月1日～平成20年9月30日の第2四半期連結累計期間 四半期連結 損益計算書 連結四半期純損益が▲797百万円であるところを▲568百万円と記載 ・貸倒引当金の過少計上 等 ３ 平成21年2月12日 第13期事業年度第3四半期連結会計期間に係る四半期報告書（平成20年12月第3四半期四半期報告書） 平成20年4月1日～平成20年12月31日の第3四半期連結累計期間 四半期連結 損益計算書 連結四半期純損益が▲1,100百万円であるところを▲667百万円と記載 ・貸倒引当金の過少計上 ・債務保証損失引当金の不計上 平成20年10月1日～平成20年12月31日の第3四半期連結会計期間 四半期連結 貸借対照表 連結純資産額が1,069百万円であるところを1,501百万円と記載 ４ 平成21年6月29日 第13期事業年度連結会計期間に係る有価証券報告書（平成21年3月期有価証券報告書） 平成20年4月1日～平成21年3月31日の連結会計期間 連結 損益計算書 連結当期純損益が▲2,129百万円であるところを▲1,680百万円と記載 ・貸倒引当金の過少計上 ・債務保証損失引当金の不計上 等 平成20年4月1日～平成21年3月31日の会計期間 貸借対照表 純資産額が132百万円であるところを613百万円と記載 ５ 平成21年8月13日 第14期事業年度第1四半期会計期間に係る四半期報告書（平成21年6月第1四半期四半期報告書） 平成21年4月1日～平成21年6月30日の第1四半期会計期間 四半期 貸借対照表 純資産額が155百万円であるところを630百万円と記載 ・貸倒引当金の過少計上 等 ６ 平成21年11月16日 第14期事業年度第2四半期会計期間に係る四半期報告書（平成21年9月第2四半期四半期報告書） 平成21年7月1日～平成21年9月30日の第2四半期会計期間 四半期 貸借対照表 純資産額が173百万円であるところを640百万円と記載 ・貸倒引当金の過少計上 等 ７ 平成22年2月15日 第14期事業年度第3四半期連結会計期間に係る四半期報告書（平成21年12月第3四半期四半期報告書） 平成21年10月1日～平成21年12月31日の第3四半期連結会計期間 四半期連結 貸借対照表 連結純資産額が274百万円であるところを727百万円と記載 ・貸倒引当金の過少計上 等 ８ 平成22年6月30日 第14期事業年度連結会計期間に係る有価証券報告書（平成22年3月期有価証券報告書） 平成21年4月1日～平成22年3月31日の連結会計期間 連結 貸借対照表 連結純資産額が316百万円であるところを766百万円と記載 ・貸倒引当金の過少計上 等 ９ 平成22年8月13日 第15期事業年度第1四半期連結会計期間に係る四半期報告書（平成22年6月第1四半期四半期報告書） 平成22年4月1日～平成22年6月30日の第1四半期連結会計期間 四半期連結 貸借対照表 連結純資産額が333百万円であるところを775百万円と記載 ・貸倒引当金の過少計上 等 10 平成22年11月12日 第15期事業年度第2四半期連結会計期間に係る四半期報告書（平成22年9月第2四半期四半期報告書） 平成22年7月1日～平成22年9月30日の第2四半期連結会計期間 四半期連結 貸借対照表 連結純資産額が359百万円であるところを791百万円と記載 ・貸倒引当金の過少計上 等 （注）金額は百万円未満切捨てである。また、▲は損失であることを示す。",0
2011-02-18,2010/06/28,株式会社リンコーコーポレーション,9355,株式会社リンコーコーポレーションに係る有価証券報告書の虚偽記載に係る課徴金納付命令勧告について（平成23年2月18日）,https://www.fsa.go.jp/sesc/news/c_2011/2011/20110218-2.html,"平成２３年２月１８日 証券取引等監視委員会 株式会社リンコーコーポレーションに係る有価証券報告書の虚偽記載に係る課徴金納付命令勧告について １．勧告の内容 証券取引等監視委員会は、株式会社リンコーコーポレーションに係る有価証券報告書の虚偽記載について検査した結果、以下のとおり法令違反の事実が認められたので、本日、内閣総理大臣及び金融庁長官に対して、金融庁設置法第２０条第１項の規定に基づき、課徴金納付命令を発出するよう勧告を行った。 ２．法令違反の事実関係 株式会社リンコーコーポレーションは、関東財務局長に対し、貸倒引当金の過少計上等により、別添のとおり、金融商品取引法第１７２条の４第１項に規定する「重要な事項につき虚偽の記載がある」有価証券報告書を提出したものである。 ［虚偽記載の概要］ （単位：百万円） 【平成22年3月期有価証券報告書】 虚偽記載額 認定金額 連結売上高 19,117 19,117 連結経常損益 130 109 連結当期純損益 ▲517 ▲982 連結純資産額 11,908 11,022 ３．課徴金の額の計算 上記の違法行為に対し金融商品取引法に基づき納付を命じられる課徴金の額は、３００万円である。 金融商品取引法第１７２条の４第１項の規定により、平成２２年３月期有価証券報告書に係る課徴金の額は、 (i) 当該法人が発行する算定基準有価証券の市場価額の総額に１０万分の６を乗じて得た額（210,461円） が (ii) 6,000,000円 を超えないことから、6,000,000円となるが、平成２２年３月期有価証券報告書については、金融商品取引法第２６条の規定による検査等が行われる前に、課徴金の減額に係る報告がされていることから、金融商品取引法第１８５条の７第１２項の規定により、6,000,000円に１００分の５０を乗じて得た額に相当する額である3,000,000円となる。 （別添）株式会社リンコーコーポレーションの有価証券報告書の虚偽記載内容 有価証券報告書 虚偽記載 提出日 書類 会計期間 財務計算に 関する書類 内容（注１） 事由 平成22年 6月28日 第149期事業年度連結会計期間に係る有価証券報告書（平成22年3月期有価証券報告書） 平成21年4月1日～平成22年3月31日の連結会計期間 連結 損益計算書 連結当期純損益が▲982百万円であるところを▲517百万円と記載 （注２） ・貸倒引当金の過少計上 等 （注１）金額は百万円未満切捨てである。また、▲は損失であることを示す。 （注２）株式会社リンコーコーポレーションは、平成２２年９月１３日提出の訂正報告書において、連結当期純損益を▲1,013百万円に訂正している。",0
2012-12-21,2011/05/12-2011/11/28,株式会社ファンドクリエーショングループ,3266,プラコー株式ほか２銘柄に係る相場操縦に対する課徴金納付命令の勧告について（平成24年12月21日）,https://www.fsa.go.jp/sesc/news/c_2012/2012/20121221-1.html,平成２４年１２月２１日 証券取引等監視委員会 プラコー株式ほか２銘柄に係る相場操縦に対する課徴金納付命令の勧告について １．勧告の内容 証券取引等監視委員会は、プラコー株式ほか２銘柄に係る相場操縦について検査した結果、下記のとおり法令違反の事実が認められたので、本日、内閣総理大臣及び金融庁長官に対して、金融庁設置法第２０条第１項の規定に基づき、課徴金納付命令を発出するよう勧告を行った。 ２．法令違反の事実関係 課徴金納付命令対象者は、株式の売買を誘引する目的をもって、自己及び親族の計算において、 (1) 株式会社プラコーの株式につき、 別表 記載のとおり、平成２３年５月１２日午前９時２分頃から同日午前１０時３８分頃までの間、５期間にわたり、直前約定値より高値の買い注文を連続して発注して株価を引き上げたり、買い最良気配値以下の複数の価格帯に約定させる意思のない買い注文を発注するなどの方法により、同株式合計３３万２０００株を買い付ける一方、同数の株を売り付けるとともに、同株式合計３４万３０００株の買付けの委託を行うなどし、 (2) 株式会社ジーエヌアイグループの株式につき、 別表 記載のとおり、同年１１月１０日午後１時５１分頃から同日午後２時１１分頃までの間、直前約定値より高値の買い注文を連続して発注して株価を引き上げたり、買い最良気配値以下の複数の価格帯に約定させる意思のない買い注文を発注するなどの方法により、同株式合計１１万５０００株を買い付ける一方、同数の株を売り付けるとともに、同株式合計１０万１０００株の買付けの委託を行うなどし、 (3) 株式会社ファンドクリエーショングループの株式につき、 別表 記載のとおり、同月２８日午前９時４０分頃から同日午後０時５６分頃までの間、３期間にわたり、直前約定値より高値の買い注文を連続して発注して株価を引き上げたり、買い最良気配値以下の複数の価格帯に約定させる意思のない買い注文を発注するなどの方法により、同株式合計１３万株を買い付ける一方、同数の株を売り付けるとともに、同株式合計４万９００株の買付けの委託を行うなどし、 もって、前記各株式の売買が繁盛であると誤解させ、かつ、前記各株式の相場を変動させるべき一連の売買及び委託をしたものである。 課徴金納付命令対象者が行った上記の行為は、金融商品取引法第１７４条の２第１項に規定する「第１５９条第２項第１号の規定に違反する一連の有価証券売買等」及び「その委託等」の違反行為に該当すると認められる。 ３．課徴金の額の計算 上記の違法行為に対し金融商品取引法に基づき納付を命じられる課徴金の額は、９５万円である。 計算方法は、別紙のとおりであり、各違反行為に係る課徴金の額は 別表 のとおりである。 （別紙） ○ 課徴金の額の計算方法について １．金融商品取引法第１７４条の２第１項に基づき、課徴金の額は、 (1) 売買対当数量（注）に係るものについて、 （有価証券の売付価額）－（有価証券の買付価額） と、 (2) 当該違反行為に係る有価証券の売付数量が買付数量を超える場合の、当該超える数量に係るものについて、 （有価証券の売付価額）－（当該違反行為が終了してから１月を経過するまでの間の当該有価証券の最低価格×当該超える数量） または、 当該違反行為に係る有価証券の買付数量が売付数量を超える場合の、当該超える数量に係るものについて、 （当該違反行為が終了してから１月を経過するまでの間の当該有価証券の最高価格×当該超える数量）－（有価証券の買付価額） との合計額として計算される。 （注）売買対当数量：当該違反行為に係る有価証券の売付数量と買付数量のうち、いずれか少ない数量をいう。 ２．課徴金納付命令対象者の９回の違反行為について、 (1) 各違反行為に係る有価証券の売付数量と買付数量が同じであることから、課徴金の額は、上記１．(1)により計算される。 (2) 金融商品取引法第１７６条第２項に基づき、各違反行為に係る課徴金の額は、１万円未満を切り捨てる。,0
2012-10-16,2007/10/30-2009/04/30,株式会社ストリーム,3071,株式会社ストリームに係る有価証券報告書等の虚偽記載に係る課徴金納付命令勧告について（平成24年10月16日）,https://www.fsa.go.jp/sesc/news/c_2012/2012/20121016-3.html,"平成２４年１０月１６日 証券取引等監視委員会 株式会社ストリームに係る有価証券報告書等の虚偽記載に係る課徴金納付命令勧告について １．勧告の内容 証券取引等監視委員会は、株式会社ストリームに係る有価証券報告書等の虚偽記載について検査した結果、以下のとおり法令違反の事実が認められたので、本日、内閣総理大臣及び金融庁長官に対して、金融庁設置法第20条第１項の規定に基づき、課徴金納付命令を発出するよう勧告を行った。 ２．法令違反の事実関係 株式会社ストリームは、関東財務局長に対し、仕入先との取引に係るリベートの過大計上による売上原価の過少計上等により、別紙１のとおり、平成20年法律第65号による改正前の金融商品取引法（以下「旧金融商品取引法」という。）第172条の２第１項及び第２項に規定する「重要な事項につき虚偽の記載がある」以下の有価証券報告書等を提出したものである。 平成19年７月中間期半期報告書（平成19年10月30日提出） 平成20年１月期有価証券報告書（平成20年４月30日提出） 平成20年７月中間期半期報告書（平成20年10月31日提出） 平成21年１月期有価証券報告書（平成21年４月30日提出） ３．課徴金の額の計算 上記の違法行為に対し旧金融商品取引法に基づき納付を命じられる課徴金の額は、600万円である。（計算方法については別紙２のとおり。） （別紙１）株式会社ストリームの有価証券報告書等の虚偽記載内容 番号 開示書類 虚偽記載 提出日 書類 会計期間 財務計算に 関する書類 内容（注） 事由 １ 平成19年 10月30日 第９期事業年度中間連結会計期間に係る半期報告書（平成19年７月中間期半期報告書） 平成19年２月１日～平成19年７月31日の中間連結会計期間 中間連結 損益計算書 連結経常損益が▲８百万円であるところを192百万円と記載 連結中間純損益が▲85百万円であるところを114百万円と記載 ・売上原価の過少計上 ２ 平成20年 ４月30日 第９期事業年度連結会計期間に係る有価証券報告書（平成20年１月期有価証券報告書） 平成19年２月１日～平成20年１月31日の連結会計期間 連結 損益計算書 連結経常損益が181百万円であるところを443百万円と記載 連結当期純損益が65百万円であるところを272百万円と記載 ・売上原価の過少計上 等 ３ 平成20年 10月31日 第10期事業年度中間連結会計期間に係る半期報告書（平成20年７月中間期半期報告書） 平成20年２月１日～平成20年７月31日の中間連結会計期間 中間連結 損益計算書 連結経常損益が73百万円であるところを220百万円と記載 連結中間純損益が▲１百万円であるところを129百万円と記載 ・売上原価の過少計上 等 ４ 平成21年 ４月30日 第10期事業年度連結会計期間に係る有価証券報告書（平成21年１月期有価証券報告書） 平成20年２月１日～平成21年１月31日の連結会計期間 連結 損益計算書 連結当期純損益が74百万円であるところを143百万円と記載 ・売上原価の過少計上 （注）金額は百万円未満切捨てである。また、▲は損失であることを示す。 （別紙２）課徴金の計算方法 (１) 旧金融商品取引法第172条の２第１項及び第２項の規定により、平成19年７月中間期半期報告書及び平成20年１月期有価証券報告書に係る課徴金について、個別決定ごとの算出額は、 (ｉ) 当該法人が発行する算定基準有価証券の市場価額の総額に10万分の３を乗じて得た額（252,492円） が (ii) 3,000,000円 を超えないことから、 平成19年７月中間期半期報告書については、3,000,000円の２分の１に相当する額である1,500,000円 平成20年１月期有価証券報告書については、3,000,000円 となる。 ここで、これらの書類が同一の事業年度に係るものであることから、旧金融商品取引法第185条の７第２項の規定により、下記のとおり300万円を個別決定ごとの算出額に応じて按分した金額が課徴金の額となる。 平成19年７月中間期半期報告書に係る課徴金の額は 1,000,000円 平成20年１月期有価証券報告書に係る課徴金の額は 2,000,000円 (２) 旧金融商品取引法第172条の２第１項及び第２項の規定により、平成20年７月中間期半期報告書及び平成21年１月期有価証券報告書に係る課徴金について、個別決定ごとの算出額は、 (ｉ) 当該法人が発行する算定基準有価証券の市場価額の総額に10万分の３を乗じて得た額（89,578円） が (ii) 3,000,000円 を超えないことから、 平成20年７月中間期半期報告書については、3,000,000円の２分の１に相当する額である1,500,000円 平成21年１月期有価証券報告書については、3,000,000円 となる。 ここで、これらの書類が同一の事業年度に係るものであることから、旧金融商品取引法第185条の７第２項の規定により、下記のとおり300万円を個別決定ごとの算出額に応じて按分した金額が課徴金の額となる。 平成20年７月中間期半期報告書に係る課徴金の額は 1,000,000円 平成21年１月期有価証券報告書に係る課徴金の額は 2,000,000円",0
2012-10-12,2010/02/18-2010/03/05,アイティメディア株式会社,2148,アイティメディア株式に係る相場操縦に対する課徴金納付命令の勧告について（平成24年10月12日）,https://www.fsa.go.jp/sesc/news/c_2012/2012/20121012-1.html,"平成２４年１０月１２日 証券取引等監視委員会 アイティメディア株式に係る相場操縦に対する課徴金納付命令の勧告について １．勧告の内容 証券取引等監視委員会は、アイティメディア株式に係る相場操縦について検査した結果、下記のとおり法令違反の事実が認められたので、本日、内閣総理大臣及び金融庁長官に対して、金融庁設置法第２０条第１項の規定に基づき、課徴金納付命令を発出するよう勧告を行った。 ２．法令違反の事実関係 課徴金納付命令対象者(１)、(２)及び(３)は、アイティメディア株式会社の株式につき、同株式の売買を誘引する目的をもって、 課徴金納付命令対象者(１)においては、平成２２年２月１８日午前９時１２分ころから同年３月５日午後２時４２分ころまでの間、１２取引日にわたり、あらかじめ意思を通じた上で直前約定値より高値で自己の売り注文と課徴金納付命令対象者(２)又は課徴金納付命令対象者(３)の買い注文とを対当させたり、直前約定値より高値の買い注文を発注して高値で約定させたり、買い最良気配値より下値に複数の買い注文を発注して下値を支えるなどの方法により、自己の計算において、同株式合計２６０株を買い付ける一方、同株式合計２４３株を売り付けるなどし、 課徴金納付命令対象者(２)においては、同年２月１８日午前９時１４分ころから同年３月５日午後２時３分ころまでの間、９取引日にわたり、あらかじめ意思を通じた上で直前約定値より高値で自己の売り注文と課徴金納付命令対象者(１)の買い注文とを対当させたり、直前約定値より高値の買い注文を発注して高値で約定させたり、買い最良気配値より下値に複数の買い注文を発注して下値を支えるなどの方法により、自己の計算において、同株式合計９９株を買い付ける一方、同株式合計６４株を売り付けるなどし、 課徴金納付命令対象者(３)においては、同年２月１８日午前９時１２分ころから同年３月５日午後１時３０分ころまでの間、５取引日にわたり、あらかじめ意思を通じた上で直前約定値より高値で自己の売り注文と課徴金納付命令対象者(１)の買い注文とを対当させたり、買い最良気配値より下値に複数の買い注文を発注して下値を支えるなどの方法により、自己の計算において、同株式合計２０株を買い付ける一方、同株式合計１０株を売り付けるなどし、 もって、同株式の売買が繁盛であると誤解させ、かつ、同株式の相場を変動させるべき一連の売買をしたものである。 課徴金納付命令対象者(１)、(２)及び(３)が行った上記の行為は、金融商品取引法第１７４条の２第１項に規定する「第１５９条第２項第１号の規定に違反する一連の有価証券売買等」の違反行為に該当すると認められる。 ３．課徴金の額の計算 上記の違法行為に対し、金融商品取引法に基づき納付を命じられる課徴金の額は、下記のとおりである。 課徴金納付命令対象者(１) ６９万円 課徴金納付命令対象者(２) ６５万円 課徴金納付命令対象者(３) ４２万円 計算方法の詳細については、別紙のとおり。 （別紙） ○ 課徴金の額の計算方法について １．金融商品取引法第１７４条の２第１項に基づき、課徴金の額は、 (1) 売買対当数量（注１）に係るものについて、 （有価証券の売付価額）－（有価証券の買付価額） と、 (2) 当該違反行為に係る有価証券の売付数量が買付数量を超える場合の、当該超える数量に係るものについて、 （有価証券の売付価額）－（当該違反行為が終了してから１月を経過するまでの間の各日における当該有価証券の最低価格×当該超える数量） または、 当該違反行為に係る有価証券の買付数量が売付数量を超える場合の、当該超える数量に係るものについて、 （当該違反行為が終了してから１月を経過するまでの間の各日における当該有価証券の最高価格×当該超える数量）－（有価証券の買付価額） との合計額として計算される。 （注１）売買対当数量：当該違反行為に係る有価証券の売付数量と買付数量のうち、いずれか少ない数量をいう。 ２．課徴金納付命令対象者(１)について、本件における課徴金の額は、下記(1)及び(2)によりそれぞれ算定される額の合計　696,200円 ⇒課徴金の額は、１万円未満を切り捨てるため、 ６９万円 (1) 当該違反行為に係る売買対当数量は、 (i) 当該違反行為に係る有価証券の売付数量は、243株であり、 (ii)当該違反行為に係る有価証券の買付数量は、実際の買付け等の数量260株に、金融商品取引法第１７４条の２第８項及び同法施行令第３３条の１３第１号により、違反行為開始時にその時の価格（28,000円）で買付け等をしたものとみなされる当該違反行為の開始時に所有している当該有価証券の数量10株を加えた270株である ことから、243株となる。 当該売買対当数量に係るものについて、 売付価額7,376,710円（注２）－買付価額7,200,710円（注３、４） ＝176,000円 （注２）売付価額は、 「27,900円×27株＋27,910円×1株＋27,980円×1株＋27,990円×7株＋28,000円×3株 ＋28,100円×4株＋28,200円×1株＋29,000円×3株＋29,020円×1株＋29,030円×1株 ＋29,360円×1株＋29,400円×1株＋29,490円×2株＋29,500円×20株＋29,690円×4株 ＋29,800円×6株＋29,890円×2株＋29,990円×9株＋30,000円×21株＋30,250円×5株 ＋30,300円×4株＋30,350円×1株＋30,450円×1株＋30,500円×18株＋30,550円×5株 ＋30,650円×8株＋30,700円×2株＋30,800円×3株＋30,950円×1株＋31,000円×4株 ＋31,050円×2株＋31,300円×6株＋31,350円×2株＋31,400円×1株＋31,450円×7株 ＋31,500円×9株＋31,550円×12株＋31,600円×1株＋31,650円×1株＋31,950円×2株 ＋32,000円×1株＋32,200円×1株＋32,500円×4株＋32,550円×1株＋32,700円×1株 ＋32,850円×1株＋32,950円×1株＋33,100円×4株＋33,150円×2株＋33,300円×14株 ＋34,600円×2株＋35,250円×1株」 の合計額である。 （注３）買付価額は、 「27,280円×4株＋27,300円×2株＋27,480円×6株＋27,500円×13株＋27,620円×3株 ＋27,650円×1株＋27,710円×1株＋27,730円×1株＋27,780円×1株＋27,980円×1株 ＋28,000円×11株＋28,010円×1株＋28,030円×2株＋28,150円×1株＋28,200円×2株 ＋28,250円×3株＋28,500円×26株＋28,510円×7株＋28,710円×2株＋28,720円×2株 ＋28,830円×5株＋29,000円×14株＋29,010円×10株＋29,020円×3株＋29,100円×5株 ＋29,260円×3株＋29,300円×1株＋29,400円×3株＋29,500円×4株＋29,690円×1株 ＋29,700円×4株＋29,710円×2株＋30,000円×1株＋30,050円×2株＋30,250円×1株 ＋30,300円×7株＋30,350円×9株＋30,400円×2株＋30,450円×1株＋30,500円×1株 ＋30,550円×1株＋30,600円×1株＋30,650円×1株＋30,700円×3株＋30,850円×4株 ＋30,950円×3株＋31,000円×10株＋31,050円×7株＋31,100円×4株＋31,150円×2株 ＋31,250円×1株＋31,350円×1株＋31,550円×1株＋31,600円×3株＋31,750円×2株 ＋32,000円×4株＋32,050円×2株＋32,100円×1株＋32,150円×5株＋32,200円×1株 ＋32,250円×1株＋32,300円×1株＋32,350円×2株＋32,550円×2株＋33,000円×1株 ＋33,300円×8株＋33,600円×2株」 の額である。 （注４）買付価額の算定においては、金融商品取引法施行令第３３条の１４第５項の規定により、当該違反行為に係る有価証券の買付けのうち最も早い時期に行われたものから順次当該売買対当数量に達するまで割り当てることとなる。 本件においては、違反行為の開始時点において所有しており、金融商品取引法第１７４条の２第８項及び同法施行令第３３条の１３第１号の規定により、違反行為の開始時点にその時における価格（28,000円）で買い付けたものとみなされるもの（みなし買付け）から割り当てられることとなる。 (2) 上記(1)のとおり、当該違反行為に係る有価証券の買付数量が、売付数量を超えることから、 当該超える数量27株（270株－243株）について、 当該違反行為が終了してから１月を経過するまでの間の各日における当該有価証券の最高価格のうち最も高い価格（49,700円）に当該超える数量を乗じて得た額 1,341,900円（49,700円×27株）－買付価額821,700円（注５） ＝520,200円 （注５）買付価額は、 「30,100円×5株＋30,200円×3株＋30,250円×6株＋30,450円×2株＋30,500円×4株 ＋30,550円×1株＋30,650円×1株＋31,000円×5株」 の合計額である。 ３．課徴金納付命令対象者(２)について、本件における課徴金の額は、下記(1)及び(2)によりそれぞれ算定される額の合計　653,050円 ⇒課徴金の額は、１万円未満を切り捨てるため、 ６５万円 (1) 当該違反行為に係る売買対当数量は、 (i) 当該違反行為に係る有価証券の売付数量は、64株であり、 (ii)当該違反行為に係る有価証券の買付数量は、実際の買付け等の数量99株である ことから、64株となる。 当該売買対当数量に係るものについて、 売付価額1,897,890円（注６）－買付価額1,906,090円（注７） ＝▲8,200円 （注６）売付価額は、 「28,700円×5株＋28,710円×2株＋28,720円×1株＋29,000円×11株＋29,010円×8株 ＋29,020円×3株＋29,110円×1株＋29,500円×1株＋30,000円×8株＋30,100円×1株 ＋30,250円×1株＋30,400円×5株＋30,500円×14株＋30,550円×1株＋30,650円×1株 ＋30,950円×1株」 の合計額である。 （注７）買付価額は、 「27,400円×5株＋27,800円×1株＋27,900円×9株＋27,990円×2株＋28,000円×8株 ＋28,030円×9株＋28,050円×2株＋28,100円×7株＋28,140円×1株＋31,450円×1株 ＋31,500円×3株＋31,550円×1株＋31,600円×2株＋31,650円×1株＋31,750円×2株 ＋31,800円×2株＋35,250円×1株＋35,300円×1株＋35,500円×1株＋38,300円×5株」 の額である。 (2) 上記(1)のとおり、当該違反行為に係る有価証券の買付数量が、売付数量を超えることから、 当該超える数量35株（99株－64株）について、 当該違反行為が終了してから１月を経過するまでの間の各日における当該有価証券の最高価格のうち最も高い価格（49,700円）に当該超える数量を乗じて得た額 1,739,500円（49,700円×35株）－買付価額1,078,250円（注８） ＝661,250円 （注８）買付価額は、 「30,000円×2株＋30,250円×9株＋30,650円×1株＋30,800円×1株＋30,900円×4株 ＋30,950円×1株＋31,000円×9株＋31,200円×1株＋31,300円×2株＋31,400円×1株 ＋31,450円×4株」 の合計額である。 ４．課徴金納付命令対象者(３)について、本件における課徴金の額は、下記(1)及び(2)によりそれぞれ算定される額の合計　421,830円 ⇒課徴金の額は、１万円未満を切り捨てるため、 ４２万円 (1) 当該違反行為に係る売買対当数量は、 (i) 当該違反行為に係る有価証券の売付数量は、10株であり、 (ii)当該違反行為に係る有価証券の買付数量は、実際の買付け等の数量20株に、金融商品取引法第１７４条の２第８項及び同法施行令第３３条の１３第１号により、違反行為開始時にその時の価格（28,000円）で買付け等をしたものとみなされる当該違反行為の開始時に所有している当該有価証券の数量10株を加えた30株である ことから、10株となる。 当該売買対当数量に係るものについて、 売付価額295,250円（注９）－買付価額280,000円（28,000円×10株）（注10） ＝15,250円 （注９）売付価額は、 「27,780円×1株＋27,980円×1株＋28,400円×1株＋28,500円×1株＋29,690円×1株 ＋30,000円×1株＋30,500円×2株＋30,900円×1株＋31,000円×1株」 の合計額である。 （注10）買付価額の算定においては、金融商品取引法施行令第３３条の１４第５項の規定により、当該違反行為に係る有価証券の買付けのうち最も早い時期に行われたものから順次当該売買対当数量に達するまで割り当てることとなる。 本件においては、違反行為の開始時点において所有しており、金融商品取引法第１７４条の２第８項及び同法施行令第３３条の１３第１号の規定により、違反行為の開始時点にその時における価格（28,000円）で買い付けたものとみなされるもの（みなし買付け）が、当該売買対当数量と同数であるため、すべてみなし買付け分が割り当てられることとなる。 (2) 上記(1)のとおり、当該違反行為に係る有価証券の買付数量が、売付数量を超えることから、 当該超える数量20株（30株－10株）について、 当該違反行為が終了してから１月を経過するまでの間の各日における当該有価証券の最高価格のうち最も高い価格（49,700円）に当該超える数量を乗じて得た額 994,000円（49,700円×20株）－買付価額587,420円（注11） ＝406,580円 （注11）買付価額は、 「27,980円×1株＋27,990円×1株＋28,000円×5株＋28,100円×2株＋29,500円×1株 ＋30,150円×5株＋31,000円×5株」 の合計額である。 課徴金納付命令対象者(１) 課徴金納付命令対象者(２) 課徴金納付命令対象者(３)",0
2012-04-13,2007/06/28-2011/08/11,オリンパス株式会社,7733,オリンパス株式会社に係る有価証券報告書等の虚偽記載に係る課徴金納付命令勧告について（平成24年4月13日）,https://www.fsa.go.jp/sesc/news/c_2012/2012/20120413-1.html,"平成２４年４月１３日 証券取引等監視委員会 オリンパス株式会社に係る有価証券報告書等の虚偽記載に係る課徴金納付命令勧告について １．勧告の内容 証券取引等監視委員会は、オリンパス株式会社に係る有価証券報告書等の虚偽記載について検査した結果、以下のとおり法令違反の事実が認められたので、本日、内閣総理大臣及び金融庁長官に対して、金融庁設置法第２０条第１項の規定に基づき、課徴金納付命令を発出するよう勧告を行った。 ２．法令違反の事実関係 オリンパス株式会社は、関東財務局長に対し、投資有価証券の過大計上やのれんの過大計上等により、別添のとおり、平成２０年法律第６５号による改正前の金融商品取引法（以下「旧金融商品取引法」という。）第１７２条の２第１項及び第２項並びに金融商品取引法第１７２条の４第１項及び第２項に規定する「重要な事項につき虚偽の記載がある」有価証券報告書等を提出したものである。 ［虚偽記載の概要］ （単位：百万円） 【平成19年3月期有価証券報告書】 虚偽記載額 認定金額 連結売上高 1,061,786 1,061,786 連結経常損益 76,226 78,354 連結当期純損益 47,799 48,762 連結純資産額 344,871 224,951 【平成19年9月中間期半期報告書】 虚偽記載額 認定金額 連結売上高 550,366 550,366 連結経常損益 50,098 51,862 連結中間純損益 31,888 28,503 連結純資産額 372,473 248,965 【平成20年3月期有価証券報告書】 虚偽記載額 認定金額 連結売上高 1,128,875 1,128,875 連結経常損益 93,085 97,449 連結当期純損益 57,969 53,222 連結純資産額 367,876 242,877 【平成20年6月第1四半期四半期報告書】 虚偽記載額 認定金額 連結売上高 254,331 254,331 連結経常損益 12,698 14,629 連結四半期純損益 6,521 5,164 連結純資産額 366,948 240,628 【平成20年9月第2四半期四半期報告書】 虚偽記載額 認定金額 連結売上高 535,790 535,790 連結経常損益 19,598 23,971 連結四半期純損益 3,603 ▲4,543 連結純資産額 343,910 211,897 【平成20年12月第3四半期四半期報告書】 虚偽記載額 認定金額 連結売上高 754,185 754,185 連結経常損益 19,864 26,235 連結四半期純損益 ▲27,672 ▲35,238 連結純資産額 241,281 110,428 【平成21年3月期有価証券報告書】 虚偽記載額 認定金額 連結売上高 980,803 980,803 連結経常損益 18,390 25,952 連結当期純損益 ▲114,810 ▲49,471 連結純資産額 168,784 110,594 【平成21年6月第1四半期四半期報告書】 虚偽記載額 認定金額 連結売上高 205,169 205,169 連結経常損益 6,985 7,175 連結四半期純損益 1,806 1,871 連結純資産額 185,941 127,124 【平成21年9月第2四半期四半期報告書】 虚偽記載額 認定金額 連結売上高 435,421 435,421 連結経常損益 18,494 18,441 連結四半期純損益 36,193 38,724 連結純資産額 204,298 146,821 【平成21年12月第3四半期四半期報告書】 虚偽記載額 認定金額 連結売上高 651,937 651,937 連結経常損益 33,135 33,611 連結四半期純損益 43,685 46,619 連結純資産額 214,952 158,251 【平成22年3月期有価証券報告書】 虚偽記載額 認定金額 連結売上高 883,086 883,086 連結経常損益 45,115 46,075 連結当期純損益 47,763 52,852 連結純資産額 216,891 163,142 【平成22年6月第1四半期四半期報告書】 虚偽記載額 認定金額 連結売上高 206,006 206,006 連結経常損益 9,029 10,010 連結四半期純損益 1,501 ▲49 連結純資産額 185,922 132,408 【平成22年9月第2四半期四半期報告書】 虚偽記載額 認定金額 連結売上高 417,327 417,327 連結経常損益 19,137 19,263 連結四半期純損益 7,046 3,806 連結純資産額 180,482 128,255 【平成22年12月第3四半期四半期報告書】 虚偽記載額 認定金額 連結売上高 624,013 624,013 連結経常損益 26,076 26,881 連結四半期純損益 8,677 5,844 連結純資産額 160,173 109,488 【平成23年3月期有価証券報告書】 虚偽記載額 認定金額 連結売上高 847,105 847,105 連結経常損益 22,148 23,215 連結当期純損益 7,381 3,866 連結純資産額 166,836 115,589 【平成23年6月第1四半期四半期報告書】 虚偽記載額 認定金額 連結売上高 198,572 198,572 連結経常損益 67 851 連結四半期純損益 ▲2,154 ▲1,423 連結純資産額 151,147 101,751 なお、課徴金納付命令勧告の対象としたこれらの有価証券報告書等については、いずれも訂正報告書が提出されているが、それら訂正報告書については、課徴金納付命令勧告の対象としていない。 ３．課徴金の額の計算 上記の違法行為に対し旧金融商品取引法及び金融商品取引法に基づき納付を命じられる課徴金の額は、１億９，１８１万９，９９４円である。 (1) 旧金融商品取引法第１７２条の２第１項の規定により、平成１９年３月期有価証券報告書に係る課徴金の額は、 (i) 当該法人が発行する算定基準有価証券の市場価額の総額に１０万分の３を乗じて得た額（28,731,612円） が (ii) 3,000,000円 を超えることから、28,731,612円について、金融商品取引法第１７６条第２項の規定により１万円未満の端数を切り捨てて28,730,000円となる。 (2) 旧金融商品取引法第１７２条の２第１項及び第２項の規定により、平成１９年９月中間期半期報告書及び平成２０年３月期有価証券報告書に係る課徴金について、個別決定ごとの算出額は、 (i) 当該法人が発行する算定基準有価証券の市場価額の総額に１０万分の３を乗じて得た額（35,078,652円） が (ii) 3,000,000円 を超えることから、 平成１９年９月中間期半期報告書については、35,078,652円の２分の１に相当する額である17,530,000円（金融商品取引法第１７６条第２項の規定により１万円未満の端数を切り捨て。以下、この項において同じ。） 平成２０年３月期有価証券報告書については、35,070,000円 となる。 ここで、これらの書類が同一の事業年度に係るものであることから、旧金融商品取引法第１８５条の７第２項の規定により、下記のとおり35,070,000円を個別決定ごとの算出額に応じて按分した金額が課徴金の額となる。 平成１９年９月中間期半期報告書に係る課徴金の額は 11,687,777円 平成２０年３月期有価証券報告書に係る課徴金の額は 23,382,222円 (3) 旧金融商品取引法第１７２条の２第１項及び第２項の規定により、平成２０年６月第１四半期四半期報告書、平成２０年９月第２四半期四半期報告書、平成２０年１２月第３四半期四半期報告書及び平成２１年３月期有価証券報告書に係る課徴金について、個別決定ごとの算出額は、 (i) 当該法人が発行する算定基準有価証券の市場価額の総額に１０万分の３を乗じて得た額（21,089,781円） が (ii) 3,000,000円 を超えることから、 平成２０年６月第１四半期四半期報告書については、21,089,781円の２分の１に相当する額である10,540,000円（金融商品取引法第１７６条第２項の規定により１万円未満の端数を切り捨て。以下、この項において同じ。） 平成２０年９月第２四半期四半期報告書については、21,089,781円の２分の１に相当する額である10,540,000円 平成２０年１２月第３四半期四半期報告書については、21,089,781円の２分の１に相当する額である10,540,000円 平成２１年３月期有価証券報告書については、21,080,000円 となる。 ここで、これらの書類が同一の事業年度に係るものであることから、旧金融商品取引法第１８５条の７第２項の規定により、下記のとおり21,080,000円を個別決定ごとの算出額に応じて按分した金額が課徴金の額となる。 平成２０年６月第１四半期四半期報告書に係る課徴金の額は 4,216,000円 平成２０年９月第２四半期四半期報告書に係る課徴金の額は 4,216,000円 平成２０年１２月第３四半期四半期報告書に係る課徴金の額は 4,216,000円 平成２１年３月期有価証券報告書に係る課徴金の額は 8,432,000円 (4) 金融商品取引法第１７２条の４第１項及び第２項の規定により、平成２１年６月第１四半期四半期報告書、平成２１年９月第２四半期四半期報告書、平成２１年１２月第３四半期四半期報告書及び平成２２年３月期有価証券報告書に係る課徴金について、個別決定ごとの算出額は、 (i) 当該法人が発行する算定基準有価証券の市場価額の総額に１０万分の６を乗じて得た額 （平成２１年６月第１四半期四半期報告書 31,208,060円 平成２１年９月第２四半期四半期報告書 40,180,314円 平成２１年１２月第３四半期四半期報告書 45,438,721円 平成２２年３月期有価証券報告書 40,873,928円） が (ii) 6,000,000円 を超えることから、 平成２１年６月第１四半期四半期報告書については、31,208,060円の２分の１に相当する額である15,600,000円（金融商品取引法第１７６条第２項の規定により１万円未満の端数を切り捨て。以下、この項において同じ。） 平成２１年９月第２四半期四半期報告書については、40,180,314円の２分の１に相当する額である20,090,000円 平成２１年１２月第３四半期四半期報告書については、45,438,721円の２分の１に相当する額である22,710,000円 平成２２年３月期有価証券報告書については、40,870,000円 となる。 ここで、これらの書類が同一の事業年度に係るものであることから、金融商品取引法第１８５条の７第６項の規定により、下記のとおり45,420,000円を個別決定ごとの算出額に応じて按分した金額（同第２８項の規定により１円未満の端数を切り捨て）が課徴金の額となる。 平成２１年６月第１四半期四半期報告書に係る課徴金の額は 7,137,624円 平成２１年９月第２四半期四半期報告書に係る課徴金の額は 9,191,979円 平成２１年１２月第３四半期四半期報告書に係る課徴金の額は 10,390,734円 平成２２年３月期有価証券報告書に係る課徴金の額は 18,699,661円 (5) 金融商品取引法第１７２条の４第１項及び第２項の規定により、平成２２年６月第１四半期四半期報告書、平成２２年９月第２四半期四半期報告書、平成２２年１２月第３四半期四半期報告書及び平成２３年３月期有価証券報告書に係る課徴金について、個別決定ごとの算出額は、 (i) 当該法人が発行する算定基準有価証券の市場価額の総額に１０万分の６を乗じて得た額 （平成２２年６月第１四半期四半期報告書 41,663,213円 平成２２年９月第２四半期四半期報告書 35,995,818円 平成２２年１２月第３四半期四半期報告書 37,961,515円 平成２３年３月期有価証券報告書 38,582,384円） が (ii) 6,000,000円 を超えることから、 平成２２年６月第１四半期四半期報告書については、41,663,213円の２分の１に相当する額である20,830,000円（金融商品取引法第１７６条第２項の規定により１万円未満の端数を切り捨て。以下、この項において同じ。） 平成２２年９月第２四半期四半期報告書については、35,995,818円の２分の１に相当する額である17,990,000円 平成２２年１２月第３四半期四半期報告書については、37,961,515円の２分の１に相当する額である18,980,000円 平成２３年３月期有価証券報告書については、38,580,000円 となる。 ここで、これらの書類が同一の事業年度に係るものであることから、金融商品取引法第１８５条の７第６項の規定により、下記のとおり41,660,000円を個別決定ごとの算出額に応じて按分した金額（同第２８項の規定により１円未満の端数を切り捨て）が課徴金の額となる。 平成２２年６月第１四半期四半期報告書に係る課徴金の額は 9,003,712円 平成２２年９月第２四半期四半期報告書に係る課徴金の額は 7,776,129円 平成２２年１２月第３四半期四半期報告書に係る課徴金の額は 8,204,054円 平成２３年３月期有価証券報告書に係る課徴金の額は 16,676,102円 (6) 金融商品取引法第１７２条の４第２項の規定により、平成２３年６月第１四半期四半期報告書に係る課徴金の額は、 (i) 当該法人が発行する算定基準有価証券の市場価額の総額に１０万分の６を乗じて得た額（39,728,320円） が (ii) 6,000,000円 を超えることから、39,728,320円の２分の１に相当する額について、金融商品取引法第１７６条第２項の規定により１万円未満の端数を切り捨てて19,860,000円となる。 （別添）オリンパス株式会社の有価証券報告書等の虚偽記載内容 番号 開示書類 虚偽記載 提出日 書類 会計期間 財務計算に 関する書類 内容 事由 １ 平成19年 6月28日 第139期事業年度連結会計期間に係る有価証券報告書（平成19年3月期有価証券報告書） 平成18年4月1日～平成19年3月31日の連結会計期間 連結 貸借対照表 連結純資産額が224,951百万円であるところを344,871百万円と記載 ・投資有価証券の過大計上 ・長期借入金の過少計上 等 ２ 平成19年 12月14日 第140期事業年度中間連結会計期間に係る半期報告書（平成19年9月中間期半期報告書） 平成19年4月1日～平成19年9月30日の中間連結会計期間 中間連結 貸借対照表 連結純資産額が248,965百万円であるところを372,473百万円と記載 ・投資有価証券の過大計上 ・長期借入金の過少計上 等 ３ 平成20年 6月27日 第140期事業年度連結会計期間に係る有価証券報告書（平成20年3月期有価証券報告書） 平成19年4月1日～平成20年3月31日の連結会計期間 連結 貸借対照表 連結純資産額が242,877百万円であるところを367,876百万円と記載 ・投資有価証券の過大計上 ・のれんの過大計上 等 ４ 平成20年 8月14日 第141期事業年度第1四半期連結会計期間に係る四半期報告書（平成20年6月第1四半期四半期報告書） 平成20年4月1日～平成20年6月30日の第1四半期連結会計期間 四半期連結 貸借対照表 連結純資産額が240,628百万円であるところを366,948百万円と記載 ・投資有価証券の過大計上 ・のれんの過大計上 等 ５ 平成20年 11月14日 第141期事業年度第2四半期連結会計期間に係る四半期報告書（平成20年9月第2四半期四半期報告書） 平成20年7月1日～平成20年9月30日の第2四半期連結会計期間 四半期連結 貸借対照表 連結純資産額が211,897百万円であるところを343,910百万円と記載 ・投資有価証券の過大計上 ・のれんの過大計上 等 ６ 平成21年 2月13日 第141期事業年度第3四半期連結会計期間に係る四半期報告書（平成20年12月第3四半期四半期報告書） 平成20年10月1日～平成20年12月31日の第3四半期連結会計期間 四半期連結 貸借対照表 連結純資産額が110,428百万円であるところを241,281百万円と記載 ・投資有価証券の過大計上 ・のれんの過大計上 等 ７ 平成21年 6月26日 第141期事業年度連結会計期間に係る有価証券報告書（平成21年3月期有価証券報告書） 平成20年4月1日～平成21年3月31日の連結会計期間 連結 貸借対照表 連結純資産額が110,594百万円であるところを168,784百万円と記載 ・投資有価証券の過大計上 ・のれんの過大計上 等 ８ 平成21年 8月14日 第142期事業年度第1四半期連結会計期間に係る四半期報告書（平成21年6月第1四半期四半期報告書） 平成21年4月1日～平成21年6月30日の第1四半期連結会計期間 四半期連結 貸借対照表 連結純資産額が127,124百万円であるところを185,941百万円と記載 ・投資有価証券の過大計上 ・のれんの過大計上 等 ９ 平成21年 11月13日 第142期事業年度第2四半期連結会計期間に係る四半期報告書（平成21年9月第2四半期四半期報告書） 平成21年7月1日～平成21年9月30日の第2四半期連結会計期間 四半期連結 貸借対照表 連結純資産額が146,821百万円であるところを204,298百万円と記載 ・投資有価証券の過大計上 ・のれんの過大計上 等 10 平成22年 2月15日 第142期事業年度第3四半期連結会計期間に係る四半期報告書（平成21年12月第3四半期四半期報告書） 平成21年10月1日～平成21年12月31日の第3四半期連結会計期間 四半期連結 貸借対照表 連結純資産額が158,251百万円であるところを214,952百万円と記載 ・投資有価証券の過大計上 ・のれんの過大計上 等 11 平成22年 6月29日 第142期事業年度連結会計期間に係る有価証券報告書（平成22年3月期有価証券報告書） 平成21年4月1日～平成22年3月31日の連結会計期間 連結 貸借対照表 連結純資産額が163,142百万円であるところを216,891百万円と記載 ・投資有価証券の過大計上 ・のれんの過大計上 等 12 平成22年 8月13日 第143期事業年度第1四半期連結会計期間に係る四半期報告書（平成22年6月第1四半期四半期報告書） 平成22年4月1日～平成22年6月30日の第1四半期連結会計期間 四半期連結 貸借対照表 連結純資産額が132,408百万円であるところを185,922百万円と記載 ・投資有価証券の過大計上 ・のれんの過大計上 等 13 平成22年 11月12日 第143期事業年度第2四半期連結会計期間に係る四半期報告書（平成22年9月第2四半期四半期報告書） 平成22年7月1日～平成22年9月30日の第2四半期連結会計期間 四半期連結 貸借対照表 連結純資産額が128,255百万円であるところを180,482百万円と記載 ・投資有価証券の過大計上 ・のれんの過大計上 等 14 平成23年 2月14日 第143期事業年度第3四半期連結会計期間に係る四半期報告書（平成22年12月第3四半期四半期報告書） 平成22年10月1日～平成22年12月31日の第3四半期連結会計期間 四半期連結 貸借対照表 連結純資産額が109,488百万円であるところを160,173百万円と記載 ・投資有価証券の過大計上 ・のれんの過大計上 等 15 平成23年 6月29日 第143期事業年度連結会計期間に係る有価証券報告書（平成23年3月期有価証券報告書） 平成22年4月1日～平成23年3月31日の連結会計期間 連結 貸借対照表 連結純資産額が115,589百万円であるところを166,836百万円と記載 ・のれんの過大計上 等 16 平成23年 8月11日 第144期事業年度第1四半期連結会計期間に係る四半期報告書（平成23年6月第1四半期四半期報告書） 平成23年4月1日～平成23年6月30日の第1四半期連結会計期間 四半期連結 貸借対照表 連結純資産額が101,751百万円であるところを151,147百万円と記載 ・のれんの過大計上 等 （注）金額は百万円未満四捨五入である。 参考資料（PDF:176KB）",0
2012-03-28,2009/06/26-2011/06/29,オリンパス株式会社,7733,オリンパス株式会社に係る虚偽有価証券報告書提出事件の告発について(2)（平成24年3月28日）,https://www.fsa.go.jp/sesc/news/c_2012/2012/20120328-1.html,平成２４年３月２８日 証券取引等監視委員会 オリンパス株式会社に係る虚偽有価証券報告書提出事件の告発について(2) 証券取引等監視委員会は、平成２４年３月２８日、金融商品取引法違反（虚偽有価証券報告書提出）の嫌疑で、下記の嫌疑法人及び嫌疑者を東京地方検察庁検察官に告発した。 １．告発の対象となった犯則事実 第１ 犯則嫌疑者４名は、共謀の上、犯則嫌疑法人オリンパス株式会社の業務及び財産に関し、犯則嫌疑法人の平成２０年４月１日から平成２１年３月３１日までの連結会計年度につき、平成２１年６月２６日、関東財務局において、同財務局長に対し、犯則嫌疑法人の連結会計年度における連結純資産額が約１２１３億２３００万円であったにもかかわらず、損失を抱えた金融商品を簿外処理するとともに架空ののれん代を計上するなどの方法により、「純資産合計」欄に１６８７億８４００万円と記載するなどした連結貸借対照表を掲載した有価証券報告書を提出し 第２ 犯則嫌疑者４名は、共謀の上、犯則嫌疑法人の業務及び財産に関し、犯則嫌疑法人の平成２１年４月１日から平成２２年３月３１日までの連結会計年度につき、平成２２年６月２９日、前記関東財務局において、同財務局長に対し、犯則嫌疑法人の連結会計年度における連結純資産額が約１７１８億２３００万円であったにもかかわらず、架空ののれん代を計上するなどの方法により、「純資産合計」欄に２１６８億９１００万円と記載するなどした連結貸借対照表を掲載した有価証券報告書を提出し 第３ 犯則嫌疑者Ａ、同Ｂ及び同Ｃは、共謀の上、犯則嫌疑法人の業務及び財産に関し、犯則嫌疑法人の平成２２年４月１日から平成２３年３月３１日までの連結会計年度につき、平成２３年６月２９日、前記関東財務局において、同財務局長に対し、犯則嫌疑法人の連結会計年度における連結純資産額が約１２５２億３９００万円であったにもかかわらず、架空ののれん代を計上するなどの方法により、「純資産合計」欄に１６６８億３６００万円と記載するなどした連結貸借対照表を掲載した有価証券報告書を提出し もって、それぞれ、重要な事項につき虚偽の記載のある有価証券報告書を提出したものである。 〔関連条文〕 金融商品取引法第197条第1項第1号、同法第24条第1項第1号、同法第207条第1項第1号、刑法第60条 法定刑：法人につき　7億円以下の罰金 個人につき　10年以下の懲役若しくは1000万円以下の罰金又は併科,0
2012-03-28,2007/06/28-2008/06/27,オリンパス株式会社,7733,オリンパス株式会社に係る虚偽有価証券報告書提出事件の告発について(3)（平成24年3月28日）,https://www.fsa.go.jp/sesc/news/c_2012/2012/20120328-2.html,平成２４年３月２８日 証券取引等監視委員会 オリンパス株式会社に係る虚偽有価証券報告書提出事件の告発について(3) 証券取引等監視委員会は、平成２４年３月２８日、金融商品取引法違反（虚偽有価証券報告書提出）の嫌疑で、下記の嫌疑者を東京地方検察庁検察官に告発した。 １．告発の対象となった犯則事実 犯則嫌疑者は、オリンパス株式会社の代表取締役であったＡ、常勤監査役であったＢ、取締役であったＣ、会社役員であるＤ、Ｅ及びＦと共謀の上、オリンパスの業務及び財産に関し 第１ オリンパスの平成１８年４月１日から平成１９年３月３１日までの連結会計年度につき、平成１９年６月２８日、関東財務局において、同財務局長に対し、オリンパスの連結会計年度における連結純資産額が２３２２億４９００万円であったにもかかわらず、損失を抱えた金融商品を簿外処理するなどの方法により、「純資産合計」欄に３４４８億７１００万円と記載するなどした連結貸借対照表を掲載した有価証券報告書を提出し 第２ オリンパスの平成１９年４月１日から平成２０年３月３１日までの連結会計年度につき、平成２０年６月２７日、前記関東財務局において、同財務局長に対し、オリンパスの連結会計年度における連結純資産額が２５１４億５０００万円であったにもかかわらず、損失を抱えた金融商品を簿外処理するとともに架空ののれん代を計上するなどの方法により、「純資産合計」欄に３６７８億７６００万円と記載するなどした連結貸借対照表を掲載した有価証券報告書を提出し もって、それぞれ、重要な事項につき虚偽の記載のある有価証券報告書を提出したものである。 〔関連条文〕 第１ 平成18年法律第65号第3条による改正前の証券取引法第197条第1項第1号、同法第24条第1項第1号、刑法第60条 法定刑：10年以下の懲役若しくは1000万円以下の罰金又は併科 第２ 平成20年法律第65号第1条による改正前の金融商品取引法第197条第1項第1号、同法第24条第1項第1号、刑法第60条 法定刑：10年以下の懲役若しくは1000万円以下の罰金又は併科,0
2012-03-06,2007/06/28-2008/06/27,オリンパス株式会社,7733,オリンパス株式会社に係る虚偽有価証券報告書提出事件の告発について（平成24年3月6日）,https://www.fsa.go.jp/sesc/news/c_2012/2012/20120306-1.html,平成２４年３月６日 証券取引等監視委員会 オリンパス株式会社に係る虚偽有価証券報告書提出事件の告発について 証券取引等監視委員会は、平成24年3月6日、証券取引法及び金融商品取引法違反（虚偽有価証券報告書提出）の嫌疑で、下記の嫌疑法人及び嫌疑者を東京地方検察庁検察官に告発した。 １．告発の対象となった犯則事実 犯則嫌疑者６名は、共謀の上、犯則嫌疑法人オリンパス株式会社の業務及び財産に関し 第１ 犯則嫌疑法人の平成１８年４月１日から平成１９年３月３１日までの連結会計年度につき、平成１９年６月２８日、関東財務局において、同財務局長に対し、犯則嫌疑法人の連結会計年度における連結純資産額が２３２２億４９００万円であったにもかかわらず、損失を抱えた金融商品を簿外処理するなどの方法により、「純資産合計」欄に３４４８億７１００万円と記載するなどした連結貸借対照表を掲載した有価証券報告書を提出し 第２ 犯則嫌疑法人の平成１９年４月１日から平成２０年３月３１日までの連結会計年度につき、平成２０年６月２７日、前記関東財務局において、同財務局長に対し、犯則嫌疑法人の連結会計年度における連結純資産額が２５１４億５０００万円であったにもかかわらず、損失を抱えた金融商品を簿外処理するとともに架空ののれん代を計上するなどの方法により、「純資産合計」欄に３６７８億７６００万円と記載するなどした連結貸借対照表を掲載した有価証券報告書を提出し もって、それぞれ、重要な事項につき虚偽の記載のある有価証券報告書を提出したものである。 〔関連条文〕 第１ 平成18年法律第65号第3条による改正前の証券取引法第197条第1項第1号、同法第24条第1項第1号、同法第207条第1項第1号、刑法第60条 法定刑：法人につき　7億円以下の罰金 個人につき　10年以下の懲役若しくは1000万円以下の罰金又は併科 第２ 平成20年法律第65号第1条による改正前の金融商品取引法第197条第1項第1号、同法第24条第1項第1号、同法第207条第1項第1号、刑法第60条 法定刑：法人につき　7億円以下の罰金 個人につき　10年以下の懲役若しくは1000万円以下の罰金又は併科,0
2013-12-04,2009/04/28-2013/10/04,株式会社,1301,株式会社エル･シー･エーホールディングスに係る有価証券報告書等の虚偽記載に係る訂正報告書等の提出命令の勧告について（平成25年12月4日）,https://www.fsa.go.jp/sesc/news/c_2013/2013/20131204-2.html,"平成25年12月4日 証券取引等監視委員会 株式会社エル･シー･エーホールディングスに係る有価証券報告書等の虚偽記載に係る訂正報告書等の提出命令の勧告について １．勧告の内容 証券取引等監視委員会は、株式会社エル・シー・エーホールディングスに係る有価証券報告書等の虚偽記載について検査した結果、以下のとおり法令違反の事実が認められたので、本日、内閣総理大臣及び金融庁長官に対して、金融庁設置法第20条第１項の規定に基づき、訂正報告書及び訂正届出書の提出命令を発出するよう勧告を行った。 ２．法令違反の事実関係 (1) 継続開示書類 株式会社エル・シー・エーホールディングス（以下「当社」という。）は、平成21年５月期に、土地及び建物等を現物出資財産とする第三者割当増資を行うに当たり、当該現物出資財産を構成する土地及び建物の一部につき評価額を過大にし、投資不動産及び純資産額を過大に計上するなどしていた。 これらの結果、別紙のとおり、当社が関東財務局長に対して提出した有価証券報告書等のうちに金融商品取引法第24条の２第１項及び第24条の４の７第４項において準用する同法第10条第１項に規定する「重要な事項について虚偽の記載」があると認められたものである。 平成21年５月期有価証券報告書（平成21年８月20日提出） 平成22年５月期有価証券報告書（平成22年８月18日提出） 平成22年11月第２四半期四半期報告書（平成23年１月４日提出） 平成23年２月第３四半期四半期報告書（平成23年４月５日提出） 平成23年５月期有価証券報告書（平成23年８月19日提出） 平成23年８月第１四半期四半期報告書（平成23年10月４日提出） 平成23年11月第２四半期四半期報告書（平成23年12月28日提出） 平成24年２月第３四半期四半期報告書（平成24年４月４日提出） 平成24年５月期有価証券報告書（平成24年８月10日提出） 平成24年８月第１四半期四半期報告書（平成24年10月４日提出） 平成24年11月第２四半期四半期報告書（平成24年12月28日提出） 平成25年２月第３四半期四半期報告書（平成25年４月５日提出） 平成25年５月期有価証券報告書（平成25年８月20日提出） 平成25年８月第１四半期四半期報告書（平成25年10月４日提出） (2) 発行開示書類 当社が関東財務局長に対して提出した有価証券届出書のうちに、以下のとおり、金融商品取引法第10条第１項に規定する「重要な事項について虚偽の記載」があると認められたものである。 (i) 平成21年４月28日に提出した有価証券届出書（株式）には、第一部【証券情報】第１【募集要項】２【株式募集の方法及び条件】（１）【募集の方法】欄の株式会社オナーズヒル軽井沢（以下「オナーズヒル」という。）を割当予定先とする「出資の目的たる財産の種類、その価額」に掲記された「(注)４.」及び同欄の「(注)８.不動産の価額について」において、真実は、出資の目的たるオナーズヒル所有に係る土地及び建物（以下「本件建物等」という。）の価額の合計額として決定された「土地の価額合計1,693,049千円　建物の価額合計211,565千円」が、本件建物等の真実の価額を大幅に上回るものであり、かつ、本件建物等の価額を決定する際に取得した不動産鑑定士の鑑定評価書及び弁護士の証明書は、本件建物等の一部につき大幅に過大な賃料収入を算定の基礎資料として鑑定評価及び相当性の証明がなされたのであるから、それらの事実を記載しなければならなかったのに記載することなく、本件建物等の価額について「土地の価額合計1,693,049千円　建物の価額合計211,565千円」と記載するとともに、当該価額の算定根拠について「当社は，会社法第207条９項４号に基づき、本件不動産の価額が相当である旨の不動産鑑定士の鑑定評価書及び弁護士の証明書を取得しております。当社では、発行価額の公平性を担保するため、会社法の定めに基づき、不動産鑑定士の不動産鑑定評価書及び弁護士の証明書を入手の上、本件不動産の価額を決定いたしました。」と記載し、あたかも本件建物等の価額の合計額として記載された価額が、公平性の担保された過程を経て決定された、本件建物等の真実の価額の合計額として相当な価額であるかのように記載されている。 (ii) 平成21年７月15日に提出した有価証券届出書（株式）には、平成20年５月21日から平成21年５月20日までの連結会計期間につき、投資不動産及び純資産額の過大計上等により、同期間における連結純資産額が18百万円の債務超過であったにもかかわらず、これを325百万円の資産超過と記載するなどした同期間における連結貸借対照表が掲載されている。 (iii) 平成21年７月15日に提出した有価証券届出書（新株予約権証券）には、平成20年５月21日から平成21年５月20日までの連結会計期間につき、投資不動産及び純資産額の過大計上等により、同期間における連結純資産額が18百万円の債務超過であったにもかかわらず、これを325百万円の資産超過と記載するなどした同期間における連結貸借対照表が掲載されている。 (iv) 平成22年３月19日に提出した有価証券届出書（株式）には、重要な事項につき虚偽の記載がある平成21年５月期有価証券報告書（別紙番号欄１参照）及び平成21年11月第２四半期四半期報告書が組込情報とされている。 (v) 平成23年11月７日に提出した有価証券届出書（株式）には、重要な事項につき虚偽の記載がある平成23年５月期有価証券報告書（別紙番号欄５参照）及び平成23年８月第１四半期四半期報告書（別紙番号欄６参照）が組込情報とされている。 (vi) 平成23年11月７日に提出した有価証券届出書（新株予約権証券）には、重要な事項につき虚偽の記載がある平成23年５月期有価証券報告書（別紙番号欄５参照）及び平成23年８月第１四半期四半期報告書（別紙番号欄６参照）が組込情報とされている。 (vii) 平成23年11月７日に提出した有価証券届出書（ストックオプション）には、重要な事項につき虚偽の記載がある平成23年５月期有価証券報告書（別紙番号欄５参照）及び平成23年８月第１四半期四半期報告書（別紙番号欄６参照）が組込情報とされている。 (viii) 平成24年６月18日に提出した有価証券届出書（株式）には、重要な事項につき虚偽の記載がある平成23年５月期有価証券報告書（別紙番号欄５参照）及び平成24年２月第３四半期四半期報告書（別紙番号欄８参照）が組込情報とされている。 (ix) 平成24年６月18日に提出した有価証券届出書（新株予約権証券）には、重要な事項につき虚偽の記載がある平成23年５月期有価証券報告書（別紙番号欄５参照）及び平成24年２月第３四半期四半期報告書（別紙番号欄８参照）が組込情報とされている。 （別紙）株式会社エル・シー・エーホールディングスの有価証券報告書等の虚偽記載内容 番号 開示書類 虚偽記載 提出日 書類 会計期間 財務計算に 関する書類 内容（注） 事由 １ 平成21年 ８月20日 第45期事業年度連結会計期間に係る有価証券報告書（平成21年５月期有価証券報告書） 平成20年５月21日～平成21年５月20日の連結会計期間 連結 貸借対照表 連結純資産額が▲18百万円であるところを325百万円と記載 ・投資不動産及び純資産額の過大計上 等 ２ 平成22年 ８月18日 第46期事業年度連結会計期間に係る有価証券報告書（平成22年５月期有価証券報告書） 平成21年５月21日～平成22年５月20日の連結会計期間 連結 損益計算書 連結当期純損益が▲963百万円であるところを▲928百万円と記載 ・投資不動産賃貸料の過大計上 ・投資不動産及び純資産額の過大計上 等 連結 貸借対照表 連結純資産額が▲608百万円であるところを▲229百万円と記載 ３ 平成23年 １月４日 第47期事業年度第２四半期連結会計期間に係る四半期報告書（平成22年11月第２四半期四半期報告書） 平成22年８月21日～平成22年11月20日の第２四半期連結会計期間 四半期連結 貸借対照表 連結純資産額が▲669百万円であるところを▲273百万円と記載 ・投資不動産及び純資産額の過大計上 等 ４ 平成23年 ４月５日 第47期事業年度第３四半期連結会計期間に係る四半期報告書（平成23年２月第３四半期四半期報告書） 平成22年５月21日～平成23年２月20日の第３四半期連結累計期間 四半期連結 損益計算書 連結四半期経常損益が▲77百万円であるところを▲51百万円と記載 連結四半期純損益が▲245百万円であるところを▲219百万円と記載 ・投資不動産賃貸料の過大計上 ・投資不動産及び純資産額の過大計上 等 平成22年11月21日～平成23年２月20日の第３四半期連結会計期間 四半期連結 貸借対照表 連結純資産額が▲675百万円であるところを▲271百万円と記載 ５ 平成23年 ８月19日 第47期事業年度連結会計期間に係る有価証券報告書（平成23年５月期有価証券報告書） 平成22年５月21日～平成23年５月20日の連結会計期間 連結 貸借対照表 連結純資産額が▲82百万円であるところを330百万円と記載 ・投資不動産及び純資産額の過大計上 等 ６ 平成23年 10月４日 第48期事業年度第１四半期連結会計期間に係る四半期報告書（平成23年８月第１四半期四半期報告書） 平成23年５月21日～平成23年８月20日の第１四半期連結会計期間 四半期連結 貸借対照表 連結純資産額が▲277百万円であるところを144百万円と記載 ７ 平成23年 12月28日 第48期事業年度第２四半期連結会計期間に係る四半期報告書（平成23年11月第２四半期四半期報告書） 平成23年８月21日～平成23年11月20日の第２四半期連結会計期間 四半期連結 貸借対照表 連結純資産額が▲369百万円であるところを60百万円と記載 ８ 平成24年 ４月４日 第48期事業年度第３四半期連結会計期間に係る四半期報告書（平成24年２月第３四半期四半期報告書） 平成23年11月21日～平成24年２月20日の第３四半期連結会計期間 四半期連結 貸借対照表 連結純資産額が91百万円であるところを530百万円と記載 ９ 平成24年 ８月10日 第48期事業年度連結会計期間に係る有価証券報告書（平成24年５月期有価証券報告書） 平成23年５月21日～平成24年５月20日の連結会計期間 連結 貸借対照表 連結純資産額が235百万円であるところを683百万円と記載 10 平成24年 10月４日 第49期事業年度第１四半期連結会計期間に係る四半期報告書（平成24年８月第１四半期四半期報告書） 平成24年５月21日～平成24年８月20日の第１四半期連結会計期間 四半期連結 貸借対照表 連結純資産額が527百万円であるところを984百万円と記載 11 平成24年 12月28日 第49期事業年度第２四半期連結会計期間に係る四半期報告書（平成24年11月第２四半期四半期報告書） 平成24年８月21日～平成24年11月20日の第２四半期連結会計期間 四半期連結 貸借対照表 連結純資産額が498百万円であるところを963百万円と記載 12 平成25年 ４月５日 第49期事業年度第３四半期連結会計期間に係る四半期報告書（平成25年２月第３四半期四半期報告書） 平成24年11月21日～平成25年２月20日の第３四半期連結会計期間 四半期連結 貸借対照表 連結純資産額が402百万円であるところを876百万円と記載 13 平成25年 ８月20日 第49期事業年度連結会計期間に係る有価証券報告書（平成25年５月期有価証券報告書） 平成24年５月21日～平成25年５月20日の連結会計期間 連結 貸借対照表 連結純資産額が242百万円であるところを664百万円と記載 14 平成25年 10月４日 第50期事業年度第１四半期連結会計期間に係る四半期報告書（平成25年８月第１四半期四半期報告書） 平成25年５月21日～平成25年８月20日の第１四半期連結会計期間 四半期連結 貸借対照表 連結純資産額が146百万円であるところを568百万円と記載 （注）金額は百万円未満切捨てである。また、▲は損益計算書では損失であることを、貸借対照表では債務超過であることを示す。",0
2013-10-11,2012/10/09,株式会社ＦＰＧ,7148,ＦＰＧ株式に係る相場操縦に対する課徴金納付命令の勧告について（平成25年10月11日）,https://www.fsa.go.jp/sesc/news/c_2013/2013/20131011-1.html,"平成２５年１０月１１日 証券取引等監視委員会 ＦＰＧ株式に係る相場操縦に対する課徴金納付命令の勧告について １．勧告の内容 証券取引等監視委員会は、ＦＰＧ株式に係る相場操縦について検査した結果、下記のとおり法令違反の事実が認められたので、本日、内閣総理大臣及び金融庁長官に対して、金融庁設置法第２０条第１項の規定に基づき、課徴金納付命令を発出するよう勧告を行った。 ２．法令違反の事実関係 課徴金納付命令対象者は、株式会社ＦＰＧの株式につき、同株式の売買を誘引する目的をもって、平成２４年１０月９日午前１１時１７分頃から同日午後３時頃までの間、連続して直前の約定値より高指値で買い注文を発注して株価を引き上げるなどの方法により、同株式合計５万３１００株を買い付けるとともに、同株式合計３５００株の買付けの委託を行い、もって、自己の計算において、同株式の売買等が繁盛であると誤解させ、かつ、同株式の相場を変動させるべき一連の売買及び委託をしたものである。 課徴金納付命令対象者が行った上記の行為は、金融商品取引法第１７４条の２第１項に規定する「第１５９条第２項第１号の規定に違反する一連の有価証券売買等」及び「その委託等」に該当すると認められる。 ３．課徴金の額の計算 上記の違法行為に対し金融商品取引法に基づき納付を命じられる課徴金の額は、７００万円である。 計算方法の詳細については、別紙のとおり。 （別紙） ○ 課徴金の額の計算方法について １．金融商品取引法第１７４条の２第１項に基づき、課徴金の額は、 (1) 売買対当数量（注１）に係るものについて、 （有価証券の売付価額）－（有価証券の買付価額） と、 (2) 当該違反行為に係る有価証券の売付数量が買付数量を超える場合の、当該超える数量に係るものについて、 （有価証券の売付価額）－（当該違反行為が終了してから１月を経過するまでの間の当該有価証券の最低価格×当該超える数量） または、 当該違反行為に係る有価証券の買付数量が売付数量を超える場合の、当該超える数量に係るものについて、 （当該違反行為が終了してから１月を経過するまでの間の当該有価証券の最高価格×当該超える数量）－（有価証券の買付価額） との合計額として計算される。 （注１）売買対当数量：当該違反行為に係る有価証券の売付数量と買付数量のうち、いずれか少ない数量をいう。 ２．課徴金納付命令対象者の違反行為について、本件における課徴金の額は、下記(1)及び(2)によりそれぞれ算定される額の合計　7,002,200円 ⇒課徴金の額は、１万円未満を切り捨てるため、 ７００万円 (1) 当該違反行為に係る売買対当数量は、当該違反行為に係る有価証券の売付数量 が0株であることから、0株である。 よって、当該売買対当数量に係るものについては、0円 (2) 当該違反行為に係る有価証券の買付数量は、実際の買付け等の数量53,100株に、金融商品取引法第１７４条の２第８項及び同法施行令第３３条の１３第１号により、違反行為開始時にその時の価格（1,020円）で買付け等をしたものとみなされる当該違反行為の開始時に所有している当該有価証券の数量140,200株を加えた193,300株である。 当該違反行為に係る有価証券の買付数量が、売付数量を超えることから、当該超える数量193,300株（193,300株－0株）について、 当該違反行為が終了してから１月を経過するまでの間の各日における当該有価証券の最高価格のうち最も高い価格（1,072円）に当該超える数量を乗じて得た額 207,217,600円（1,072円×193,300株）－ 買付価額200,215,400円（注２） ＝ 7,002,200円 （注２）本件においては、違反行為の開始時点において所有している有価証券について、金融商品取引法第１７４条の２第８項及び同法施行令第３３条の１３第１号の規定により、違反行為の開始時点にその時における価格（1,020円）で買い付けたものとみなされる（みなし買付け）。 よって、買付価額は、 「1,020円×140,400株＋1,025円×100株＋1,027円×100株＋1,028円×300株 ＋1,029円×1,000株＋1,030円×400株＋1,031円×400株＋1,032円×100株 ＋1,033円×300株＋1,034円×300株＋1,035円×400株＋1,038円×1,200株 ＋1,039円×300株＋1,040円×900株＋1,041円×100株＋1,043円×200株 ＋1,045円×200株＋1,046円×1,000株＋1,049円×600株＋1,050円×2,700株 ＋1,052円×100株＋1,053円×500株＋1,054円×200株＋1,055円×400株 ＋1,056円×500株＋1,057円×100株＋1,058円×300株＋1,059円×800株 ＋1,060円×2,500株＋1,061円×100株＋1,062円×500株＋1,065円×2,500株 ＋1,066円×600株＋1,067円×100株＋1,069円×200株＋1,070円×300株 ＋1,072円×200株＋1,073円×3,000株＋1,074円×500株＋1,075円×300株 ＋1,076円×100株＋1,077円×100株＋1,078円×200株＋1,079円×700株 ＋1,080円×1,300株＋1,081円×100株＋1,082円×300株＋1,083円×1,200株 ＋1,084円×700株＋1,085円×700株＋1,086円×400株＋1,087円×300株 ＋1,088円×600株＋1,089円×2,300株＋1,090円×1,900株＋1,094円×700株 ＋1,095円×1,600株＋1,096円×1,600株＋1,097円×2,000株＋1,098円×700株 ＋1,099円×1,200株＋1,100円×3,700株＋1,101円×500株＋1,109円×100株 ＋1,110円×1,000株＋1,111円×500株＋1,120円×100株＋1,123円×100株 ＋1,125円×3,900株」 の合計額である。",0
2013-10-11,2012/10/12-2012/10/15,株式会社ステップ,9795,ステップ株式に係る相場操縦に対する課徴金納付命令の勧告について（平成25年10月11日）,https://www.fsa.go.jp/sesc/news/c_2013/2013/20131011-2.html,"平成２５年１０月１１日 証券取引等監視委員会 ステップ株式に係る相場操縦に対する課徴金納付命令の勧告について １．勧告の内容 証券取引等監視委員会は、ステップ株式に係る相場操縦について検査した結果、下記のとおり法令違反の事実が認められたので、本日、内閣総理大臣及び金融庁長官に対して、金融庁設置法第２０条第１項の規定に基づき、課徴金納付命令を発出するよう勧告を行った。 ２．法令違反の事実関係 課徴金納付命令対象者は、株式会社ステップの株式につき、同株式の売買を誘引する目的をもって、平成２４年１０月１２日午後２時４分頃から同月１５日午後３時頃までの間、２取引日にわたり、連続して直前の約定値より高指値で買い注文を発注して株価を引き上げたり、下値に買い注文を大量に発注したりするなどの方法により、同株式合計１７万７９００株を買い付けるとともに、同株式合計２万３８００株の買付けの委託を行い、もって、自己の計算において、同株式の売買等が繁盛であると誤解させ、かつ、同株式の相場を変動させるべき一連の売買及び委託をしたものである。 課徴金納付命令対象者が行った上記の行為は、金融商品取引法第１７４条の２第１項に規定する「第１５９条第２項第１号の規定に違反する一連の有価証券売買等」及び「その委託等」に該当すると認められる。 ３．課徴金の額の計算 上記の違法行為に対し金融商品取引法に基づき納付を命じられる課徴金の額は、５９１万円である。 計算方法の詳細については、別紙のとおり。 （別紙） ○ 課徴金の額の計算方法について １．金融商品取引法第１７４条の２第１項に基づき、課徴金の額は、 (1) 売買対当数量（注１）に係るものについて、 （有価証券の売付価額）－（有価証券の買付価額） と、 (2) 当該違反行為に係る有価証券の売付数量が買付数量を超える場合の、当該超える数量に係るものについて、 （有価証券の売付価額）－（当該違反行為が終了してから１月を経過するまでの間の当該有価証券の最低価格×当該超える数量） または、 当該違反行為に係る有価証券の買付数量が売付数量を超える場合の、当該超える数量に係るものについて、 （当該違反行為が終了してから１月を経過するまでの間の当該有価証券の最高価格×当該超える数量）－（有価証券の買付価額） との合計額として計算される。 （注１）売買対当数量：当該違反行為に係る有価証券の売付数量と買付数量のうち、いずれか少ない数量をいう。 ２．課徴金納付命令対象者の違反行為について、本件における課徴金の額は、下記(1)及び(2)によりそれぞれ算定される額の合計　5,912,600円 ⇒課徴金の額は、１万円未満を切り捨てるため、 ５９１万円 (1) 当該違反行為に係る売買対当数量は、当該違反行為に係る有価証券の売付数量 が0株であることから、0株である。 よって、当該売買対当数量に係るものについては、0円 (2) 当該違反行為に係る有価証券の買付数量は、実際の買付け等の数量177,900株に、金融商品取引法第１７４条の２第８項及び同法施行令第３３条の１３第１号により、違反行為開始時にその時の価格（664円）で買付け等をしたものとみなされる当該違反行為の開始時に所有している当該有価証券の数量72,200株を加えた250,100株である。 当該違反行為に係る有価証券の買付数量が、売付数量を超えることから、当該超える数量250,100株（250,100株－0株）について、 当該違反行為が終了してから１月を経過するまでの間の各日における当該有価証券の最高価格のうち最も高い価格（730円）に当該超える数量を乗じて得た額 182,573,000円（730円×250,100株）－ 買付価額176,660,400円（注２） ＝ 5,912,600円 （注２）本件においては、違反行為の開始時点において所有している有価証券について、金融商品取引法第１７４条の２第８項及び同法施行令第３３条の１３第１号の規定により、違反行為の開始時点にその時における価格（664円）で買い付けたものとみなされる（みなし買付け）。 よって、買付価額は、 「664円×72,400株＋665円×500株＋666円×200株＋667円×300株＋668円×1,300株 ＋669円×1,600株＋670円×1,200株＋671円×600株＋672円×6,300株 ＋673円×5,500株＋675円×3,400株＋677円×500株＋678円×300株＋679円×700株 ＋680円×2,700株＋681円×200株＋683円×1,500株＋685円×2,100株 ＋686円×500株＋687円×1,100株＋688円×1,100株＋689円×600株 ＋690円×2,400株＋693円×200株＋694円×500株＋695円×1,100株 ＋696円×3,200株＋699円×100株＋700円×7,700株＋704円×700株＋705円×800株 ＋707円×100株＋709円×1,200株＋710円×1,500株＋711円×400株＋713円×100株 ＋715円×6,500株＋718円×2,500株＋719円×800株＋720円×34,600株 ＋721円×300株＋723円×1,000株＋724円×400株＋725円×3,000株＋728円×500株 ＋729円×1,600株＋730円×7,300株＋735円×1,600株＋738円×300株 ＋739円×1,200株＋740円×4,900株＋743円×400株＋745円×5,100株 ＋748円×900株＋749円×2,100株＋750円×17,400株＋752円×2,100株 ＋753円×500株＋754円×3,200株＋755円×11,200株＋758円×1,000株 ＋759円×1,600株＋760円×2,700株＋770円×1,100株＋774円×100株 ＋777円×100株＋785円×4,000株＋790円×5,500株」 の合計額である。",0
2013-10-25,2009/06/26-2012/11/13,ＫＹＣＯＭホールディングス株式会社,9685,ＫＹＣＯＭホールディングス株式会社に係る有価証券報告書等の虚偽記載に係る課徴金納付命令勧告について（平成25年10月25日）,https://www.fsa.go.jp/sesc/news/c_2013/2013/20131025-1.html,"平成25年10月25日 証券取引等監視委員会 ＫＹＣＯＭホールディングス株式会社に係る有価証券報告書等の虚偽記載に係る課徴金納付命令勧告について １．勧告の内容 証券取引等監視委員会は、ＫＹＣＯＭホールディングス株式会社に係る有価証券報告書等の虚偽記載について検査した結果、以下のとおり法令違反の事実が認められたので、本日、内閣総理大臣及び金融庁長官に対して、金融庁設置法第20条第１項の規定に基づき、課徴金納付命令を発出するよう勧告を行った。 ２．法令違反の事実関係 ＫＹＣＯＭホールディングス株式会社（以下「当社」という。）は、当社の子会社において、平成10年にソフトウェア開発のための工場及び研修施設建設用地として取得した土地が、業績の低迷や技術進歩による事業所面積の縮小等により取得以降何ら利用されないままとなっていたにもかかわらず、これを遊休資産として適切な減損会計の適用による特別損失を計上せず、土地を過大に計上するなどしていた。また、当社の子会社において、製品として市場で販売することを前提とした各種ソフトウェアに係る仕様変更や改良作業が相次ぎ中断されたところ、販売が見込まれる客観的事象がないにもかかわらず、費用処理することなく、仕掛品を過大に計上するなどしていた。 これらの結果、当社は、北陸財務局長に対し、別紙１のとおり、平成20年法律第65号による改正前の金融商品取引法（以下「旧金融商品取引法」という。）第172条の２第１項並びに金融商品取引法第172条の４第１項及び第２項に規定する「重要な事項につき虚偽の記載がある」以下の有価証券報告書等を提出したものである。 平成21年３月期有価証券報告書（平成21年６月26日提出） 平成22年３月期有価証券報告書（平成22年６月25日提出） 平成22年６月第１四半期四半期報告書（平成22年８月13日提出） 平成22年９月第２四半期四半期報告書（平成22年11月12日提出） 平成22年12月第３四半期四半期報告書（平成23年２月10日提出） 平成23年３月期有価証券報告書（平成23年６月28日提出） 平成23年６月第１四半期四半期報告書（平成23年８月12日提出） 平成23年９月第２四半期四半期報告書（平成23年11月11日提出） 平成23年12月第３四半期四半期報告書（平成24年２月10日提出） 平成24年３月期有価証券報告書（平成24年６月28日提出） 平成24年６月第１四半期四半期報告書（平成24年８月10日提出） 平成24年９月第２四半期四半期報告書（平成24年11月13日提出） ３．課徴金の額の計算 上記の違法行為に対し旧金融商品取引法及び金融商品取引法に基づき算定される課徴金の額は、2,700万円である。（計算方法については別紙２のとおり。） （別紙１）ＫＹＣＯＭホールディングス株式会社の有価証券報告書等の虚偽記載内容 番号 開示書類 虚偽記載 提出日 書類 会計期間 財務計算に 関する書類 内容（注） 事由 １ 平成21年 ６月26日 第42期事業年度連結会計期間に係る有価証券報告書（平成21年３月期有価証券報告書） 平成20年４月１日～平成21年３月31日の連結会計期間 連結 貸借対照表 連結純資産額が1,542百万円であるところを2,003百万円と記載 ・土地の過大計上 ・仕掛品の過大計上 等 ２ 平成22年 ６月25日 第43期事業年度連結会計期間に係る有価証券報告書（平成22年３月期有価証券報告書） 平成21年４月１日～平成22年３月31日の連結会計期間 連結 損益計算書 連結当期純損益が▲41百万円であるところを30百万円と記載 ・土地の過大計上及び減損会計の適用による特別損失の不計上 ・仕掛品の過大計上及び売上原価の不計上 等 連結 貸借対照表 連結純資産額が1,509百万円であるところを2,042百万円と記載 ３ 平成22年 ８月13日 第44期事業年度第１四半期連結会計期間に係る四半期報告書（平成22年６月第１四半期四半期報告書） 平成22年４月１日～平成22年６月30日の第１四半期連結会計期間 四半期連結 貸借対照表 連結純資産額が1,463百万円であるところを2,013百万円と記載 ・土地の過大計上 ・仕掛品の過大計上 等 ４ 平成22年 11月12日 第44期事業年度第２四半期連結会計期間に係る四半期報告書（平成22年９月第２四半期四半期報告書） 平成22年４月１日～平成22年９月30日の第２四半期連結累計期間 四半期連結 損益計算書 連結四半期純損益が▲127百万円であるところを▲48百万円と記載 ・土地の過大計上及び減損会計の適用による特別損失の不計上 ・仕掛品の過大計上及び売上原価の不計上 等 平成22年７月１日～平成22年９月30日の第２四半期連結会計期間 四半期連結 貸借対照表 連結純資産額が1,435百万円であるところを1,980百万円と記載 ５ 平成23年 ２月10日 第44期事業年度第３四半期連結会計期間に係る四半期報告書（平成22年12月第３四半期四半期報告書） 平成22年４月１日～平成22年12月31日の第３四半期連結累計期間 四半期連結 損益計算書 連結四半期純損益が▲102百万円であるところを▲28百万円と記載 平成22年10月１日～平成22年12月31日の第３四半期連結会計期間 四半期連結 貸借対照表 連結純資産額が1,465百万円であるところを2,005百万円と記載 ６ 平成23年 ６月28日 第44期事業年度連結会計期間に係る有価証券報告書（平成23年３月期有価証券報告書） 平成22年４月１日～平成23年３月31日の連結会計期間 連結 貸借対照表 連結純資産額が1,322百万円であるところを1,748百万円と記載 ・土地の過大計上 ・仕掛品の過大計上 等 ７ 平成23年 ８月12日 第45期事業年度第１四半期連結会計期間に係る四半期報告書（平成23年６月第１四半期四半期報告書） 平成23年４月１日～平成23年６月30日の第１四半期連結会計期間 四半期連結 貸借対照表 連結純資産額が1,303百万円であるところを1,724百万円と記載 ８ 平成23年 11月11日 第45期事業年度第２四半期連結会計期間に係る四半期報告書（平成23年９月第２四半期四半期報告書） 平成23年７月１日～平成23年９月30日の第２四半期連結会計期間 四半期連結 貸借対照表 連結純資産額が1,318百万円であるところを1,735百万円と記載 ９ 平成24年 ２月10日 第45期事業年度第３四半期連結会計期間に係る四半期報告書（平成23年12月第３四半期四半期報告書） 平成23年10月１日～平成23年12月31日の第３四半期連結会計期間 四半期連結 貸借対照表 連結純資産額が1,278百万円であるところを1,689百万円と記載 10 平成24年 ６月28日 第45期事業年度連結会計期間に係る有価証券報告書（平成24年３月期有価証券報告書） 平成23年４月１日～平成24年３月31日の連結会計期間 連結 貸借対照表 連結純資産額が1,431百万円であるところを1,842百万円と記載 11 平成24年 ８月10日 第46期事業年度第１四半期連結会計期間に係る四半期報告書（平成24年６月第１四半期四半期報告書） 平成24年４月１日～平成24年６月30日の第１四半期連結会計期間 四半期連結 貸借対照表 連結純資産額が1,418百万円であるところを1,825百万円と記載 12 平成24年 11月13日 第46期事業年度第２四半期連結会計期間に係る四半期報告書（平成24年９月第２四半期四半期報告書） 平成24年７月１日～平成24年９月30日の第２四半期連結会計期間 四半期連結 貸借対照表 連結純資産額が1,459百万円であるところを1,858百万円と記載 （注）金額は百万円未満切捨てである。また、▲は損失であることを示す。 （別紙２）課徴金の計算方法 (1) 旧金融商品取引法第172条の２第１項の規定により、平成21年３月期有価証券報告書に係る課徴金の額は、 (i) 当該法人が発行する算定基準有価証券の市場価額の総額に10万分の３を乗じて得た額（45,742円） が (ii) 3,000,000円 を超えないことから、3,000,000円となる。 (2) 金融商品取引法第172条の４第１項の規定により、平成22年３月期有価証券報告書に係る課徴金の額は、 (i) 当該法人が発行する算定基準有価証券の市場価額の総額に10万分の６を乗じて得た額（81,518円） が (ii) 6,000,000円 を超えないことから、6,000,000円となる。 (3) 金融商品取引法第172条の４第１項及び第２項の規定により、平成22年６月第１四半期四半期報告書、平成22年９月第２四半期四半期報告書、平成22年12月第３四半期四半期報告書及び平成23年３月期有価証券報告書に係る課徴金について、個別決定ごとの算出額は、 (i) 当該法人が発行する算定基準有価証券の市場価額の総額に10万分の６を乗じて得た額 （平成22年６月第１四半期四半期報告書 80,884円 平成22年９月第２四半期四半期報告書 79,533円 平成22年12月第３四半期四半期報告書 73,663円 平成23年３月期有価証券報告書 76,021円 ） が (ii) 6,000,000円 を超えないことから、 平成22年６月第１四半期四半期報告書については、6,000,000円の２分の１に相当する額である3,000,000円 平成22年９月第２四半期四半期報告書については、6,000,000円の２分の１に相当する額である3,000,000円 平成22年12月第３四半期四半期報告書については、6,000,000円の２分の１に相当する額である3,000,000円 平成23年３月期有価証券報告書については、6,000,000円 となる。 ここで、これらの書類が同一の事業年度に係るものであることから、金融商品取引法第185条の７第６項の規定により、下記のとおり600万円を個別決定ごとの算出額に応じて按分した金額が課徴金の額となる。 平成22年６月第１四半期四半期報告書に係る課徴金の額は 1,200,000円 平成22年９月第２四半期四半期報告書に係る課徴金の額は 1,200,000円 平成22年12月第３四半期四半期報告書に係る課徴金の額は 1,200,000円 平成23年３月期有価証券報告書に係る課徴金の額は 2,400,000円 (4) 金融商品取引法第172条の４第１項及び第２項の規定により、平成23年６月第１四半期四半期報告書、平成23年９月第２四半期四半期報告書、平成23年12月第３四半期四半期報告書及び平成24年３月期有価証券報告書に係る課徴金について、個別決定ごとの算出額は、 (i) 当該法人が発行する算定基準有価証券の市場価額の総額に10万分の６を乗じて得た額 （平成23年６月第１四半期四半期報告書 72,051円 平成23年９月第２四半期四半期報告書 69,765円 平成23年12月第３四半期四半期報告書 70,642円 平成24年３月期有価証券報告書 70,560円 ） が (ii) 6,000,000円 を超えないことから、 平成23年６月第１四半期四半期報告書については、6,000,000円の２分の１に相当する額である3,000,000円 平成23年９月第２四半期四半期報告書については、6,000,000円の２分の１に相当する額である3,000,000円 平成23年12月第３四半期四半期報告書については、6,000,000円の２分の１に相当する額である3,000,000円 平成24年３月期有価証券報告書については、6,000,000円 となる。 ここで、これらの書類が同一の事業年度に係るものであることから、金融商品取引法第185条の７第６項の規定により、下記のとおり600万円を個別決定ごとの算出額に応じて按分した金額が課徴金の額となる。 平成23年６月第１四半期四半期報告書に係る課徴金の額は 1,200,000円 平成23年９月第２四半期四半期報告書に係る課徴金の額は 1,200,000円 平成23年12月第３四半期四半期報告書に係る課徴金の額は 1,200,000円 平成24年３月期有価証券報告書に係る課徴金の額は 2,400,000円 (5) 金融商品取引法第172条の４第２項の規定により、平成24年６月第１四半期四半期報告書及び平成24年９月第２四半期四半期報告書に係る課徴金について、個別決定ごとの算出額は、 (i) 当該法人が発行する算定基準有価証券の市場価額の総額に10万分の６を乗じて得た額 （平成24年６月第１四半期四半期報告書 75,440円 平成24年９月第２四半期四半期報告書 72,800円 ） が (ii) 6,000,000円 を超えないことから、 平成24年６月第１四半期四半期報告書については、6,000,000円の２分の１に相当する額である3,000,000円 平成24年９月第２四半期四半期報告書については、6,000,000円の２分の１に相当する額である3,000,000円 となる。",0
2013-09-25,2012/04/05-2012/04/18,株式会社ＣＫサンエツ,5757,ＣＫサンエツ株式に係る相場操縦に対する課徴金納付命令の勧告について（平成25年9月25日）,https://www.fsa.go.jp/sesc/news/c_2013/2013/20130925-1.html,"平成２５年９月２５日 証券取引等監視委員会 ＣＫサンエツ株式に係る相場操縦に対する課徴金納付命令の勧告について １．勧告の内容 証券取引等監視委員会は、ＣＫサンエツ株式に係る相場操縦について検査した結果、下記のとおり法令違反の事実が認められたので、本日、内閣総理大臣及び金融庁長官に対して、金融庁設置法第２０条第１項の規定に基づき、課徴金納付命令を発出するよう勧告を行った。 ２．法令違反の事実関係 課徴金納付命令対象者は、株式会社ＣＫサンエツの株式につき、同株式の売買を誘引する目的をもって、平成２４年４月５日午前９時４８分頃から同月１８日午後１時１７分頃までの間、１０取引日にわたり、直前約定値より高値で買い注文と売り注文を対当させて株価を引き上げたり、立会時間終了間際に直前約定値より高値の買い注文を発注して約定させ、終値を引き上げたりするなどの方法により、同株式合計１万１２００株を買い付ける一方、同株式合計１万９００株を売り付け、もって、自己及び同族会社の計算において、同株式の売買が繁盛であると誤解させ、かつ、同株式の相場を変動させるべき一連の売買をしたものである。 課徴金納付命令対象者が行った上記の行為は、金融商品取引法第１７４条の２第１項に規定する「第１５９条第２項第１号の規定に違反する一連の有価証券売買等」の違反行為に該当すると認められる。 ３．課徴金の額の計算 上記の違法行為に対し金融商品取引法に基づき納付を命じられる課徴金の額は、５９６万円である。 計算方法の詳細については、別紙のとおり。 （別紙） ○ 課徴金の額の計算方法について １．金融商品取引法第１７４条の２第１項に基づき、課徴金の額は、 (1) 売買対当数量（注１）に係るものについて、 （有価証券の売付価額）－（有価証券の買付価額） と、 (2) 当該違反行為に係る有価証券の売付数量が買付数量を超える場合の、当該超える数量に係るものについて、 （有価証券の売付価額）－（当該違反行為が終了してから１月を経過するまでの間の当該有価証券の最低価格×当該超える数量） または、 当該違反行為に係る有価証券の買付数量が売付数量を超える場合の、当該超える数量に係るものについて、 （当該違反行為が終了してから１月を経過するまでの間の当該有価証券の最高価格×当該超える数量）－（有価証券の買付価額） との合計額として計算される。 （注１）売買対当数量：当該違反行為に係る有価証券の売付数量と買付数量のうち、いずれか少ない数量をいう。 ２．課徴金納付命令対象者の違反行為について、本件における課徴金の額は、下記(1)及び(2)によりそれぞれ算定される額の合計　5,969,100円 ⇒課徴金の額は、１万円未満を切り捨てるため、 ５９６万円 (1) 当該違反行為に係る売買対当数量は、 (i) 当該違反行為に係る有価証券の売付数量は、10,900株であり、 (ii) 当該違反行為に係る有価証券の買付数量は、実際の買付け等の数量11,200株に、金融商品取引法第１７４条の２第８項及び同法施行令第３３条の１３第１号により、違反行為開始時にその時の価格（965円）で買付け等をしたものとみなされる当該違反行為の開始時に所有している当該有価証券の数量45,900株を加えた57,100株である。 当該売買対当数量に係るものについて、 売付価額10,673,800円（注２）－ 買付価額10,518,500円（注３） ＝ 155,300円 （注２）売付価額は、 「925円×200株＋935円×100株＋949円×100株＋965円×700株＋966円×1,100株 ＋967円×1,500株＋968円×300株＋969円×400株＋970円×200株＋971円×200株 ＋975円×1,700株＋977円×100株＋980円×200株＋985円×400株＋989円×100株 ＋990円×400株＋991円×200株＋995円×1,100株＋997円×400株＋998円×200株 ＋999円×300株＋1,010円×300株＋1,015円×300株＋1,018円×400株」 の合計額である。 （注３）買付価額は、「965円×10,900株」の額である。 （注４）買付価額の算定においては、金融商品取引法施行令第３３条の１４第５項の規定により、当該違反行為に係る有価証券の買付けのうち最も早い時期に行われたものから順次当該売買対当数量に達するまで割り当てることとなる。 本件においては、違反行為の開始時点において所有しており、金融商品取引法第１７４条の２第８項及び同法施行令第３３条の１３第１号の規定により、違反行為の開始時点にその時における価格（965円）で買い付けたものとみなされるもの（みなし買付け）から割り当てられることとなる。 (2) 上記(1)のとおり、当該違反行為に係る有価証券の買付数量が、売付数量を超えることから、 当該超える数量46,200株（57,100株－10,900株）について、 当該違反行為が終了してから１月を経過するまでの間の各日における当該有価証券の最高価格のうち最も高い価格（1,096円）に当該超える数量を乗じて得た額 50,635,200円（1,096円×46,200株）－ 買付価額44,821,400円（注５） ＝ 5,813,800円 （注５）買付価額は、 「930円×100株＋935円×100株＋949円×100株＋955円×200株＋960円×200株 ＋965円×35,300株＋966円×200株＋968円×100株＋969円×100株＋970円×400株 ＋971円×200株＋975円×1,500株＋977円×100株＋980円×700株＋984円×100株 ＋985円×1,600株＋989円×100株＋990円×300株＋991円×300株＋992円×200株 ＋993円×200株＋995円×900株＋996円×100株＋997円×300株＋998円×100株 ＋999円×300株＋1,000円×800株＋1,005円×100株＋1,006円×100株 ＋1,008円×100株＋1,009円×100株＋1,010円×400株＋1,012円×200株 ＋1,013円×100株＋1,015円×200株＋1,018円×300株」 の合計額である。",0
2013-07-31,2012/03/21-2012/04/25,株式会社RISE,8836,RISE株式に係る相場操縦に対する課徴金納付命令の勧告について（平成25年7月31日）,https://www.fsa.go.jp/sesc/news/c_2013/2013/20130730-1.html,"平成２５年７月３１日 証券取引等監視委員会 RISE株式に係る相場操縦に対する課徴金納付命令の勧告について １．勧告の内容 証券取引等監視委員会は、RISE株式に係る相場操縦について検査した結果、下記のとおり法令違反の事実が認められたので、本日、内閣総理大臣及び金融庁長官に対して、金融庁設置法第２０条第１項の規定に基づき、課徴金納付命令を発出するよう勧告を行った。 ２．法令違反の事実関係 ジャガーノート・キャピタル・マネジメント・ピーティーイー・リミテッド（以下「ジャガーノート」という。）は、シンガポール共和国会社法に基づいて設立されたリミテッド・プライベート・カンパニーであり、ケイマン諸島法に基づく信託形態のヘッジファンド（以下「マスター・ファンド」という。）の受託者及びケイマン諸島法に基づく株式会社形態のヘッジファンド（以下「フィーダー・ファンド」という。）との間で締結した投資一任契約に基づいて、フィーダー・ファンドに出資された資産の運用権限を有し、かつ、フィーダー・ファンドの議決権のすべてを所有していたものである。ジャガーノートは、その代表者らにおいて、同社の業務に関し、株式会社RISEの株式につき、株価の高値形成を図り、平成２４年３月２１日午前８時３３分頃から同年４月２５日午後３時８分頃までの間、２６取引日にわたり、同株式の売買を誘引する目的をもって、マスター・ファンドの名義を用いて、最良買い気配値以下の価格帯に大口の買い注文を発注するとともに、直前約定値より高値に最低売買単位の買い注文を発注して株価を引き上げたり、大引け前に、大口の引成買い注文を発注し、終値形成に関与するなどの方法により、フィーダー・ファンドの計算において、同株式合計１３４９万２０００株を買い付ける一方、同株式合計１０１８万８４００株を売り付けるとともに、同株式合計２億４６１３万４３００株の買付けの委託を行うなどし、もって、同株式の売買が繁盛であると誤解させ、かつ、同株式の相場を変動させるべき一連の売買及び委託をしたものである。 ジャガーノートが行った上記の行為は、金融商品取引法第１７４条の２第１項に規定する「第１５９条第２項第１号の規定に違反する一連の有価証券の売買等」及び「その委託等」の違反行為に該当すると認められる。 ３．課徴金の額の計算 上記の違法行為について金融商品取引法に基づき算定される課徴金の額は、４億３１１８万円である。 計算方法の詳細については、別紙のとおり。 ４．その他 本件については、シンガポール通貨監督庁（Monetary Authority of Singapore）より支援がなされている。 （別紙） ○ 課徴金の額の計算方法について １．金融商品取引法第１７４条の２第１項に基づき、課徴金の額は、 (1) 売買対当数量（注１）に係るものについて、 （有価証券の売付価額）－（有価証券の買付価額） と、 (2) 当該違反行為に係る有価証券の買付数量が売付数量を超える場合には、当該超える数量に係るものについて、 （当該違反行為が終了してから１月を経過するまでの間の各日における当該有価証券の最高価格のうち最も高い価格×当該超える数量）－（有価証券の買付価額） との合計額として計算される。 （注１）売買対当数量：当該違反行為に係る有価証券の売付数量と買付数量のうち、いずれか少ない数量をいう。 ２．本件における課徴金の額は、下記(1)及び(2)によりそれぞれ算定される額の合計431,183,900円から金融商品取引法第１７６条第２項の規定により、１万円未満を切り捨てた ４億３１１８万円 (1)当該違反行為に係る売買対当数量は、 (i)当該違反行為に係る有価証券の売付数量は10,188,400株であり、 (ii)当該違反行為に係る有価証券の買付数量は、実際の買付け等の数量13,492,000株に、金融商品取引法第１７４条の２第８項及び同法施行令第３３条の１３第１号により、違反行為開始時にその時の価格（31円）で買付け等をしたものとみなされる当該違反行為の開始時に所有している当該有価証券の数量6,852,500株を加えた20,344,500株である ことから、10,188,400株となる。 当該売買対当数量に係るものについて、 売付価額486,076,500円（注２）－買付価額333,431,700円（注３、４） ＝152,644,800円 （注２）売付価額は、 「33円×375,000株＋34円×54,000株＋35円×280,000株＋36円×100,000株＋38円×470,000株＋39円×1,495,000株＋40円×557,000株＋41円×625,000株＋43円×150,000株＋45円×355,000株＋46円×250,000株＋47円×782,700株＋48円×521,400株＋49円×613,400株＋50円×1,024,400株＋51円×143,100株＋52円×50,000株＋54円×159,400株＋55円×235,600株＋56円×85,000株＋57円×210,000株＋58円×119,000株＋59円×51,000株＋62円×170,000株＋63円×175,500株＋64円×404,500株＋65円×140,000株＋70円×10,000株＋71円×107,200株＋72円×390,200株＋73円×5,000株＋74円×80,000株」 の合計額である。 （注３）買付価額は、 「31円×6,852,500株＋32円×250,000株＋33円×100株＋34円×160,300株＋35円×1,188,700株＋36円×42,500株＋37円×672,700株＋38円×528,300株＋39円×281,100株＋40円×212,200株」 の合計額である。 （注４）買付価額の算定においては、金融商品取引法施行令第３３条の１４第５項の規定により、当該違反行為に係る有価証券の買付けのうち最も早い時期に行われたものから順次当該売買対当数量に達するまで割り当てることとなる。 本件においては、違反行為の開始時点において所有しており、金融商品取引法第１７４条の２第８項及び同法施行令第３３条の１３第１号の規定により、違反行為の開始時点にその時における価格（31円）で買い付けたものとみなされるもの（みなし買付け）から割り当てられることとなる。 (2)上記(1)のとおり、当該違反行為に係る有価証券の買付数量が、売付数量を超えることから、 当該超える数量株（20,344,500株－10,188,400株）について、 当該違反行為が終了してから１月を経過するまでの間の各日における当該有価証券の最高価格のうち最も高い価格（77円）に当該超える数量を乗じて得た額 782,019,700円（77円×10,156,100株） －有価証券の買付価額503,480,600円（注５） ＝278,539,100円 （注５）買付価額は、 「39円×694,000株＋40円×941,600株＋41円×608,500株＋42円×331,900株＋43円×618,400株＋44円×8,700株＋45円×57,300株＋46円×202,500株＋47円×881,600株＋48円×793,600株＋49円×51,200株＋50円×1,081,000株＋51円×1,295,200株＋52円×1,400株＋53円×300株＋54円×75,300株＋55円×93,000株＋56円×109,900株＋57円×38,900株＋58円×83,600株＋59円×200株＋60円×125,600株＋61円×504,000株＋62円×713,600株＋63円×480,200株＋64円×226,100株＋65円×117,700株＋66円×4,100株＋67円×4,000株＋69円×200株＋70円×800株＋71円×1,100株＋72円×7,700株＋73円×2,100株＋74円×300株＋75円×500株」 の合計額である。",0
2013-07-12,2011/01/31-2011/02/10,セントラル総合開発株式会社,3238,セントラル総合開発株式会社株券に係る相場操縦事件の告発について（平成25年7月12日）,https://www.fsa.go.jp/sesc/news/c_2013/2013/20130712-1.html,平成２５年７月１２日 証券取引等監視委員会 セントラル総合開発株式会社株券に係る相場操縦事件の告発について 証券取引等監視委員会は、本日（７月１２日）、金融商品取引法違反（相場操縦）の嫌疑で、下記の嫌疑者を東京地方検察庁に告発した。 １．告発の対象となった犯則事実 犯則嫌疑者は、東京証券取引所市場第二部に上場されているセントラル総合開発株式会社の株券について、財産上の利益を得る目的で、平成２３年１月３１日から同年２月１０日までの間、９取引日にわたり、以下（１）、（２）の方法により、同市場において株価を４２５円から６７０円まで上昇させた上、その上昇させた株価により、自己及び他人名義で、同株券合計１３万８８００株を売り付けた。 （１）自己及び他人名義で、同株券の売買を誘引する目的をもって、 ア 連続した高指値注文を行って高値で買い上がるなど、同株券合計６万７６００株の買付け イ 下値買い注文を大量に入れるなど、同株券合計３万５００株の買付けの証券会社への委託 等、同株券の売買が繁盛であると誤解させ、かつ、同株券の相場を変動させるべき一連の株券売買及びその委託をすること。 （２）前記（１）と同一の名義で、同株券の売買が繁盛に行われているなど、取引の状況に関し他人に誤解を生じさせる目的をもって、同株券合計５万１００株について、売り付けると同時に別途買付けをし、権利の移転を目的としない仮装の売買をすること。 ２．関連条文 金融商品取引法第197条第2項、同条第1項第5号、第159条第１項第1号、同条第2項第1号 法定刑：10年以下の懲役及び3000万円以下の罰金,0
2013-06-21,2012/02/14-2012/06/29,株式会社オービック,4684,株式会社オービックに係る有価証券報告書等の虚偽記載に係る課徴金納付命令勧告について（平成25年6月21日）,https://www.fsa.go.jp/sesc/news/c_2013/2013/20130621-1.html,"平成25年６月21日 証券取引等監視委員会 株式会社オービックに係る有価証券報告書等の虚偽記載に係る課徴金納付命令勧告について １．勧告の内容 証券取引等監視委員会は、株式会社オービックに係る有価証券報告書等の虚偽記載について検査した結果、以下のとおり法令違反の事実が認められたので、本日、内閣総理大臣及び金融庁長官に対して、金融庁設置法第20条第１項の規定に基づき、課徴金納付命令を発出するよう勧告を行った。 ２．法令違反の事実関係 株式会社オービックは、海外の不動産プロジェクトを資金使途とする社債（私募債）に対する投資を行っていたが、社債発行者が破綻したことから、連帯保証人の資力に依拠して当該社債の償還可能性を評価していた。その後、当社は、当該連帯保証人の財政状態が大幅に毀損した可能性をうかがわせる事象を把握したが、社債の評価体制の不備等により、当該事象の影響を十分確認せずに当該社債の評価を誤った結果、当該社債に係る投資有価証券評価損等を計上しなかった。 この結果、関東財務局長に対し、別紙１のとおり、金融商品取引法第172条の４第１項及び第２項に規定する「重要な事項につき虚偽の記載がある」以下の有価証券報告書等を提出したものである。 平成23年12月第３四半期四半期報告書（平成24年２月14日提出） 平成24年３月期有価証券報告書（平成24年６月29日提出） ３．課徴金の額の計算 上記の違法行為に対し金融商品取引法に基づき納付を命じられる課徴金の額は、884万9,999円である。（計算方法については別紙２のとおり。） （別紙１）株式会社オービックの有価証券報告書等の虚偽記載内容 番号 開示書類 虚偽記載 提出日 書類 会計期間 財務計算に 関する書類 内容（注） 事由 １ 平成24年 ２月14日 第45期事業年度第３四半期連結会計期間に係る四半期報告書（平成23年12月第３四半期四半期報告書） 平成23年４月１日～平成23年12月31日の第３四半期連結累計期間 四半期連結 損益計算書 連結四半期純損益が▲6,025百万円であるところを7,242百万円と記載 ・投資有価証券評価損の不計上 等 ２ 平成24年 ６月29日 第45期事業年度連結会計期間に係る有価証券報告書（平成24年３月期有価証券報告書） 平成23年４月１日～平成24年３月31日の連結会計期間 連結 損益計算書 連結当期純損益が▲2,910百万円であるところを10,357百万円と記載 ・投資有価証券評価損の不計上 等 （注）金額は百万円未満切捨てである。また、▲は損失であることを示す。 （別紙２）課徴金の計算方法 金融商品取引法第172条の４第１項及び第２項の規定により、平成23年12月第３四半期四半期報告書及び平成24年３月期有価証券報告書に係る課徴金について、個別決定ごとの算出額は、 (i) 当該法人が発行する算定基準有価証券の市場価額の総額に10万分の６を乗じて得た額 （平成23年12月第３四半期四半期報告書 8,698,214円 平成24年３月期有価証券報告書 8,853,298円 ） が (ii)　6,000,000円 を超えることから、 平成23年12月第３四半期四半期報告書については、8,698,214円の２分の１に相当する額である4,340,000円（金融商品取引法第176条第２項の規定により１万円未満の端数を切り捨て。以下、この項において同じ。）平成24年３月期有価証券報告書については、8,850,000円 となる。 ここで、これらの書類が同一の事業年度に係るものであることから、金融商品取引法第185条の７第６項の規定により、下記のとおり8,850,000円を個別決定ごとの算出額に応じて按分した金額（同第28項の規定により１円未満の端数を切り捨て）が課徴金の額となる。 平成23年12月第３四半期四半期報告書に係る課徴金の額は2,911,978円 平成24年３月期有価証券報告書に係る課徴金の額は5,938,021円",0
2013-05-28,2012/02/10-2012/04/10,株式会社マミーマート,9823,マミーマート株式ほか１銘柄に係る相場操縦に対する課徴金納付命令の勧告について（平成25年5月28日）,https://www.fsa.go.jp/sesc/news/c_2013/2013/20130528-2.html,"平成２５年５月２８日 証券取引等監視委員会 マミーマート株式ほか１銘柄に係る相場操縦に対する課徴金納付命令の勧告について １．勧告の内容 証券取引等監視委員会は、マミーマート株式ほか１銘柄に係る相場操縦について検査した結果、下記のとおり法令違反の事実が認められたので、本日、内閣総理大臣及び金融庁長官に対して、金融庁設置法第２０条第１項の規定に基づき、課徴金納付命令を発出するよう勧告を行った。 ２．法令違反の事実関係 課徴金納付命令対象者は、株式の売買を誘引する目的をもって、 (ア) 株式会社マミーマートの株式につき、平成２４年２月１０日午前９時１２分頃から同月２３日午後３時９分頃までの間、９取引日にわたり、直前約定値より高値で買い注文と売り注文を対当させて株価を引き上げたり、買い最良気配値以下の価格帯に複数の買い注文を発注して下値を支えたりするなどの方法により、同株式合計４１００株を買い付ける一方、同株式合計６２００株を売り付け、そのうち、自己の計算において、同株式合計２５００株を買い付ける一方、同株式合計４３００株を売り付けるなどし、 (イ) 株式会社くろがね工作所の株式につき、同年３月３０日午後２時１９分頃から同年４月１０日午後１時２３分頃までの間、８取引日にわたり、直前約定値より高値の買い注文と売り注文を対当させて株価を引き上げたり、買い最良気配値以下の価格帯に複数の買い注文を発注して下値を支えたりするなどの方法により、同株式合計１０万６０００株を買い付ける一方、同株式合計１０万７０００株を売り付け、そのうち、自己の計算において、同株式合計５万７０００株を買い付ける一方、同株式合計５万８０００株を売り付けるなどし、 もって、前記各株式の売買が繁盛であると誤解させ、かつ、前記各株式の相場を変動させるべき一連の売買をしたものである。 課徴金納付命令対象者が行った上記の行為は、金融商品取引法第１７４条の２第１項に規定する「第１５９条第２項第１号の規定に違反する一連の有価証券売買等」の違反行為に該当すると認められる。 ３．課徴金の額の計算 上記の違法行為に対し金融商品取引法に基づき納付を命じられる課徴金の額は、１２万円である。 計算方法の詳細については、別紙のとおり。 （別紙） ○ 課徴金の額の計算方法について １．金融商品取引法第１７４条の２第１項に基づき、課徴金の額は、 (1) 売買対当数量（注１）に係るものについて、 （有価証券の売付価額）－（有価証券の買付価額） と、 (2) 当該違反行為に係る有価証券の売付数量が買付数量を超える場合の、当該超える数量に係るものについて、 （有価証券の売付価額）－（当該違反行為が終了してから１月を経過するまでの間の当該有価証券の最低価格×当該超える数量） または、 当該違反行為に係る有価証券の買付数量が売付数量を超える場合の、当該超える数量に係るものについて、 （当該違反行為が終了してから１月を経過するまでの間の当該有価証券の最高価格×当該超える数量）－（有価証券の買付価額） との合計額として計算される。 （注１）売買対当数量：当該違反行為に係る有価証券の売付数量と買付数量のうち、いずれか少ない数量をいう。 ２．課徴金納付命令対象者の違反行為について、 (ア) 平成２４年２月１０日午前９時１２分頃から同月２３日午後３時９分頃までの一連の違反行為に係る課徴金の額は、下記(1)及び(2)によりそれぞれ算定される額の合計　50,300円 ⇒課徴金の額は、１万円未満を切り捨てるため、 ５万円 (1) 当該違反行為に係る売買対当数量は、 (i) 当該違反行為に係る有価証券の売付数量は、4,300株であり、 (ii) 当該違反行為に係る有価証券の買付数量は、実際の買付け等の数量2,500株に、金融商品取引法第１７４条の２第８項及び同法施行令第３３条の１３第１号により、違反行為開始時にその時の価格（1,414円）で買付け等をしたものとみなされる当該違反行為の開始時に所有している当該有価証券の数量2,000株を加えた4,500株である ことから、4,300株となる。 当該売買対当数量に係るものについて、 売付価額6,122,900 円（注２）－ 買付価額6,094,500 円（注３）＝28,400円 （注２）売付価額は、 「1,414円×100株＋1,418円×100株＋1,419円×300株＋1,420円×700株 ＋1,421円×100株＋1,422円×200株＋1,424円×200株＋1,425円×900株 ＋1,426円×400株＋1,427円×1,100株＋1,429円×100株＋1,432円×100株」 の合計額である。 （注３）買付価額は、 「1,410円×100株＋1,411円×200株＋1,412円×100株＋1,414円×2,200株 ＋1,415円×200株＋1,418円×100株＋1,419円×200株＋1,422円×200株 ＋1,424円×400株＋1,425円×100株＋1,427円×100株＋1,428円×300株 ＋1,431円×100株」 の合計額である。 （注４）買付価額の算定においては、金融商品取引法施行令第３３条の１４第５項の規定により、当該違反行為に係る有価証券の買付けのうち最も早い時期に行われたものから順次当該売買対当数量に達するまで割り当てることとなる。 本件においては、違反行為の開始時点において所有しており、金融商品取引法第１７４条の２第８項及び同法施行令第３３条の１３第１号の規定により、違反行為の開始時点にその時における価格（1,414円）で買い付けたものとみなされるもの（みなし買付け）から割り当てられることとなる。 (2) 上記(1)のとおり、当該違反行為に係る有価証券の買付数量が、売付数量を超えることから、 当該超える数量200株（4,500株－4,300株）について、 当該違反行為が終了してから１月を経過するまでの間の各日における当該有価証券の最高価格のうち最も高い価格（1,527円）に当該超える数量を乗じて得た額 305,400円（1,527円×200株）－ 買付価額283,500円（注５） ＝21,900円 （注５）買付価額は、「1,413円×100株＋1,422円×100株」の合計額である。 (イ) 平成２４年３月３０日午後２時１９分頃から同年４月１０日午後１時２３分頃までの一連の違反行為に係る課徴金の額は、下記(1)及び(2)によりそれぞれ算定される額の合計　76,000円 ⇒課徴金の額は、１万円未満を切り捨てるため、 ７万 (1) 当該違反行為に係る売買対当数量は、 (i) 当該違反行為に係る有価証券の売付数量は、58,000株であり、 (ii) 当該違反行為に係る有価証券の買付数量は、実際の買付け等の数量57,000株に、金融商品取引法第１７４条の２第８項及び同法施行令第３３条の１３第１号により、違反行為開始時にその時の価格（76円）で買付け等をしたものとみなされる当該違反行為の開始時に所有している当該有価証券の数量5,000株を加えた62,000株である ことから、58,000株となる。 当該売買対当数量に係るものについて、 売付価額4,356,000 円（注６）－ 買付価額4,327,000 円（注７）＝29,000円 （注６）売付価額は、 「73円×2,000株＋74円×15,000株＋75円×17,000株＋76円×23,000株 ＋77円×1,000株」 の合計額である。 （注７）買付価額は、 「72円×4,000株＋73円×8,000株＋74円×8,000株＋75円×27,000株 ＋76円×9,000株＋77円×2,000株」 の合計額である。 （注８）買付価額の算定においては、金融商品取引法施行令第３３条の１４第５項の規定により、当該違反行為に係る有価証券の買付けのうち最も早い時期に行われたものから順次当該売買対当数量に達するまで割り当てることとなる。 本件においては、違反行為の開始時点において所有しており、金融商品取引法第１７４条の２第８項及び同法施行令第３３条の１３第１号の規定により、違反行為の開始時点にその時における価格（76円）で買い付けたものとみなされるもの（みなし買付け）から割り当てられることとなる。 (2) 上記(1)のとおり、当該違反行為に係る有価証券の買付数量が、売付数量を超えることから、 当該超える数量4,000株（62,000株－58,000株）について、 当該違反行為が終了してから１月を経過するまでの間の各日における当該有価証券の最高価格のうち最も高い価格（88円）に当該超える数量を乗じて得た額 352,000円（88円×4,000株）－ 買付価額305,000円（注９） ＝47,000円 （注９）買付価額は、「75円×1,000株＋76円×1,000株＋77円×2,000株」の合計額である。 (ア) 平成２４年２月１０日午前９時１２分頃から同月２３日午後３時９分頃までの一連の違反行為分 (イ) 平成２４年３月３０日午後２時１９分頃から同年４月１０日午後１時２３分頃までの一連の違反行為分",0
2013-06-19,2008/06/27-2012/02/13,明治機械株式会社,6334,明治機械株式会社に係る有価証券報告書等の虚偽記載に係る課徴金納付命令勧告について（平成25年6月19日）,https://www.fsa.go.jp/sesc/news/c_2013/2013/20130619-1.html,"平成25年６月19日 証券取引等監視委員会 明治機械株式会社に係る有価証券報告書等の虚偽記載に係る課徴金納付命令勧告について １．勧告の内容 証券取引等監視委員会は、明治機械株式会社に係る有価証券報告書等の虚偽記載について検査した結果、以下のとおり法令違反の事実が認められたので、本日、内閣総理大臣及び金融庁長官に対して、金融庁設置法第20条第１項の規定に基づき、課徴金納付命令を発出するよう勧告を行った。 ２．法令違反の事実関係 (1) 継続開示書類 明治機械株式会社（以下「当社」という。）は、当社の子会社管理態勢の不備等により、当社の子会社における架空伝票の作成や原価管理システム上での不正な原価の付替えにより、仕掛品を過大に計上していた。また、当該子会社では、取引先の代理店や物流を委託していた運送会社に対して、架空の受領書や注文書の作成を依頼し、その結果、当社は架空の売上を計上するなどしていた。 これらの結果、当社は、関東財務局長に対し、別紙１のとおり、平成20年法律第65号による改正前の金融商品取引法（以下「旧金融商品取引法」という。）第172条の２第１項及び第２項並びに金融商品取引法第172条の４第１項及び第２項に規定する「重要な事項につき虚偽の記載がある」以下の有価証券報告書等を提出したものである。 平成20年３月期有価証券報告書（平成20年６月27日提出） 平成20年６月第１四半期四半期報告書（平成20年８月14日提出） 平成20年９月第２四半期四半期報告書（平成20年11月14日提出） 平成20年12月第３四半期四半期報告書（平成21年２月13日提出） 平成21年３月期有価証券報告書（平成21年６月26日提出） 平成21年６月第１四半期四半期報告書（平成21年８月14日提出） 平成21年９月第２四半期四半期報告書（平成21年11月13日提出） 平成21年12月第３四半期四半期報告書（平成22年２月15日提出） 平成23年12月第３四半期四半期報告書（平成24年２月13日提出） (2) 発行開示書類 当社は、関東財務局長に対し、平成21年９月18日、平成21年３月期有価証券報告書（別紙１の番号欄５参照）及び平成21年６月第１四半期四半期報告書（別紙１の番号欄６参照）を組込情報とする有価証券届出書を提出し、同有価証券届出書に基づく募集により、同年10月６日、300個の新株予約権を1,504,741,200円（新株予約権の行使に際して払い込むべき金額を含む。）で取得させ、もって重要な事項につき虚偽の記載がある発行開示書類に基づく募集により有価証券を取得させたものである。 ３．課徴金の額の計算 上記の違法行為に対し旧金融商品取引法及び金融商品取引法に基づき納付を命じられる課徴金の額は、8,271万円である。（計算方法については別紙２のとおり。） （別紙１）明治機械株式会社の有価証券報告書等の虚偽記載内容 番号 開示書類 虚偽記載 提出日 書類 会計期間 財務計算に 関する書類 内容（注） 事由 １ 平成20年 ６月27日 第133期事業年度連結会計期間に係る有価証券報告書（平成20年３月期有価証券報告書） 平成19年４月１日～平成20年３月31日の連結会計期間 連結 損益計算書 連結経常損益が▲563百万円であるところを172百万円と記載 連結当期純損益が▲929百万円であるところを▲487百万円と記載 ・仕掛品の過大計上 ・のれんの過大計上 ・架空売上の計上 等 連結 貸借対照表 連結純資産額が5,965百万円であるところを8,114百万円と記載 ２ 平成20年 ８月14日 第134期事業年度第１四半期連結会計期間に係る四半期報告書（平成20年６月第１四半期四半期報告書） 平成20年４月１日～平成20年６月30日の第１四半期連結会計期間 四半期連結 貸借対照表 連結純資産額が5,947百万円であるところを8,094百万円と記載 ・仕掛品の過大計上 ・のれんの過大計上 等 ３ 平成20年 11月14日 第134期事業年度第２四半期連結会計期間に係る四半期報告書（平成20年９月第２四半期四半期報告書） 平成20年７月１日～平成20年９月30日の第２四半期連結会計期間 四半期連結 貸借対照表 連結純資産額が5,860百万円であるところを7,966百万円と記載 ・仕掛品の過大計上 ・のれんの過大計上 等 ４ 平成21年 ２月13日 第134期事業年度第３四半期連結会計期間に係る四半期報告書（平成20年12月第３四半期四半期報告書） 平成20年10月１日～平成20年12月31日の第３四半期連結会計期間 四半期連結 貸借対照表 連結純資産額が5,439百万円であるところを7,605百万円と記載 ・仕掛品の過大計上 ・のれんの過大計上 等 ５ 平成21年 ６月26日 第134期事業年度連結会計期間に係る有価証券報告書（平成21年３月期有価証券報告書） 平成20年４月１日～平成21年３月31日の連結会計期間 連結 損益計算書 連結経常損益が▲573百万円であるところを▲163百万円と記載 連結当期純損益が▲1,098百万円であるところを▲688百万円と記載 ・仕掛品の過大計上 ・のれんの過大計上 ・架空売上の計上 等 連結 貸借対照表 連結純資産額が4,558百万円であるところを7,118百万円と記載 ６ 平成21年 ８月14日 第135期事業年度第１四半期連結会計期間に係る四半期報告書（平成21年６月第１四半期四半期報告書） 平成21年４月１日～平成21年６月30日の第１四半期連結会計期間 四半期連結 貸借対照表 連結純資産額が4,690百万円であるところを7,212百万円と記載 ・仕掛品の過大計上 ・のれんの過大計上 等 ７ 平成21年 11月13日 第135期事業年度第２四半期連結会計期間に係る四半期報告書（平成21年９月第２四半期四半期報告書） 平成21年７月１日～平成21年９月30日の第２四半期連結会計期間 四半期連結 貸借対照表 連結純資産額が4,345百万円であるところを6,564百万円と記載 ・仕掛品の過大計上 ・のれんの過大計上 等 ８ 平成22年 ２月15日 第135期事業年度第３四半期連結会計期間に係る四半期報告書（平成21年12月第３四半期四半期報告書） 平成21年10月１日～平成21年12月31日の第３四半期連結会計期間 四半期連結 貸借対照表 連結純資産額が4,572百万円であるところを6,622百万円と記載 ・仕掛品の過大計上 ・のれんの過大計上 等 ９ 平成24年 ２月13日 第137期事業年度第３四半期連結会計期間に係る四半期報告書（平成23年12月第３四半期四半期報告書） 平成23年４月１日～平成23年12月31日の第３四半期連結累計期間 四半期連結 損益計算書 連結四半期純損益が369百万円であるところを550百万円と記載 ・売上原価の不計上 等 （注）金額は百万円未満切捨てである。また、▲は損失であることを示す。 （別紙２）課徴金の計算方法 (１) 旧金融商品取引法第172条の２第１項の規定により、平成20年３月期有価証券報告書に係る課徴金の額は、 (i) 当該法人が発行する算定基準有価証券の市場価額の総額に10万分の３を乗じて得た額（145,804円） が (ii)　3,000,000円 を超えないことから、3,000,000円となる。 (２) 旧金融商品取引法第172条の２第１項及び第２項の規定により、平成20年６月第１四半期四半期報告書、平成20年９月第２四半期四半期報告書、平成20年12月第３四半期四半期報告書及び平成21年３月期有価証券報告書に係る課徴金について、個別決定ごとの算出額は、 (i) 当該法人が発行する算定基準有価証券の市場価額の総額に10万分の３を乗じて得た額（539,350円） が (ii) 3,000,000円 を超えないことから、 平成20年６月第１四半期四半期報告書については、3,000,000円の２分の１に相当する額である1,500,000円 平成20年９月第２四半期四半期報告書については、3,000,000円の２分の１に相当する額である1,500,000円 平成20年12月第３四半期四半期報告書については、3,000,000円の２分の１に相当する額である1,500,000円 平成21年３月期有価証券報告書については、3,000,000円 となる。 ここで、これらの書類が同一の事業年度に係るものであることから、旧金融商品取引法第185条の７第２項の規定により、下記のとおり300万円を個別決定ごとの算出額に応じて按分した金額が課徴金の額となる。 平成20年６月第１四半期四半期報告書に係る課徴金の額は600,000円 平成20年９月第２四半期四半期報告書に係る課徴金の額は600,000円 平成20年12月第３四半期四半期報告書に係る課徴金の額は600,000円 平成21年３月期有価証券報告書に係る課徴金の額は1,200,000円 (３) 金融商品取引法第172条の４第２項の規定により、平成21年６月第１四半期四半期報告書、平成21年９月第２四半期四半期報告書及び平成21年12月第３四半期四半期報告書に係る課徴金について、個別決定ごとの算出額は、 (i) 当該法人が発行する算定基準有価証券の市場価額の総額に10万分の６を乗じて得た額 （平成21年６月第１四半期四半期報告書 230,026円 平成21年９月第２四半期四半期報告書 254,710円 平成21年12月第３四半期四半期報告書 175,355円 ） が (ii) 6,000,000円 を超えないことから、 平成21年６月第１四半期四半期報告書については、6,000,000円の２分の１に相当する額である3,000,000円 平成21年９月第２四半期四半期報告書については、6,000,000円の２分の１に相当する額である3,000,000円 平成21年12月第３四半期四半期報告書については、6,000,000円の２分の１に相当する額である3,000,000円 となる。 ここで、これらの書類が同一の事業年度に係るものであることから、金融商品取引法第185条の７第６項の規定により、下記のとおり600万円を個別決定ごとの算出額に応じて按分した金額が課徴金の額となる。 平成21年６月第１四半期四半期報告書に係る課徴金の額は2,000,000円 平成21年９月第２四半期四半期報告書に係る課徴金の額は2,000,000円 平成21年12月第３四半期四半期報告書に係る課徴金の額は2,000,000円 (４) 金融商品取引法第172条の４第２項の規定により、平成23年12月第３四半期四半期報告書に係る課徴金の額は、 (i) 当該法人が発行する算定基準有価証券の市場価額の総額に10万分の６を乗じて得た額（90,402円） が (ii) 6,000,000円 を超えないことから、6,000,000円の２分の１に相当する額である3,000,000円となる。 (５) 金融商品取引法第172条の２第１項第１号の規定により、重要な事項につき虚偽の記載がある発行開示書類に基づく募集により取得させた株券等の発行価額の総額の100分の4.5に相当する額が課徴金の額となることから、 平成21年９月18日提出の有価証券届出書に係る課徴金の額は、 1,504,741,200円×4.5／100＝67,713,354円 について、金融商品取引法第176条第２項の規定により１万円未満の端数を切り捨てて、67,710,000円 となる。",0
2013-04-26,2009/08/12-2012/06/28,沖電気工業株式会社,6703,沖電気工業株式会社に係る有価証券報告書等の虚偽記載に係る課徴金納付命令勧告について（平成25年4月26日）,https://www.fsa.go.jp/sesc/news/c_2013/2013/20130426-2.html,"平成25年４月26日 証券取引等監視委員会 沖電気工業株式会社に係る有価証券報告書等の虚偽記載に係る課徴金納付命令勧告について １．勧告の内容 証券取引等監視委員会は、沖電気工業株式会社に係る有価証券報告書等の虚偽記載について検査した結果、以下のとおり法令違反の事実が認められたので、本日、内閣総理大臣及び金融庁長官に対して、金融庁設置法第20条第１項の規定に基づき、課徴金納付命令を発出するよう勧告を行った。 ２．法令違反の事実関係 沖電気工業株式会社は、プリンタ事業等を営む海外連結子会社において、架空売上による売掛金を過大計上し、売上債権に係る貸倒引当金を過少計上するなどした結果、関東財務局長に対し、 別紙１ のとおり、金融商品取引法第172条の４第１項及び第２項に規定する「重要な事項につき虚偽の記載がある」以下の有価証券報告書等を提出したものである。 平成21年６月第１四半期四半期報告書（平成21年８月12日提出） 平成21年９月第２四半期四半期報告書（平成21年11月12日提出） 平成21年12月第３四半期四半期報告書（平成22年２月９日提出） 平成22年３月期有価証券報告書（平成22年６月29日提出） 平成22年６月第１四半期四半期報告書（平成22年８月12日提出） 平成22年９月第２四半期四半期報告書（平成22年11月12日提出） 平成22年12月第３四半期四半期報告書（平成23年２月10日提出） 平成23年３月期有価証券報告書（平成23年６月29日提出） 平成23年６月第１四半期四半期報告書（平成23年８月11日提出） 平成23年９月第２四半期四半期報告書（平成23年11月11日提出） 平成23年12月第３四半期四半期報告書（平成24年２月10日提出） 平成24年３月期有価証券報告書（平成24年６月28日提出） ３．課徴金の額の計算 上記の違法行為に対し金融商品取引法に基づき納付を命じられる課徴金の額は、1,680万円である。（計算方法については 別紙２ のとおり。） （別紙１）沖電気工業株式会社の有価証券報告書等の虚偽記載内容 番号 開示書類 虚偽記載 提出日 書類 会計期間 財務計算に 関する書類 内容（注） 事由 １ 平成21年 ８月12日 第86期事業年度第１四半期連結会計期間に係る四半期報告書（平成21年６月第１四半期四半期報告書） 平成21年４月１日～平成21年６月30日の第１四半期連結会計期間 四半期連結 貸借対照表 連結純資産額が42,692百万円であるところを55,260百万円と記載 ・架空売上による売掛金の過大計上 ・貸倒引当金の過少計上 等 ２ 平成21年 11月12日 第86期事業年度第２四半期連結会計期間に係る四半期報告書（平成21年９月第２四半期四半期報告書） 平成21年７月１日～平成21年９月30日の第２四半期連結会計期間 四半期連結 貸借対照表 連結純資産額が42,374百万円であるところを54,708百万円と記載 ・架空売上による売掛金の過大計上 ・貸倒引当金の過少計上 等 ３ 平成22年 ２月９日 第86期事業年度第３四半期連結会計期間に係る四半期報告書（平成21年12月第３四半期四半期報告書） 平成21年10月１日～平成21年12月31日の第３四半期連結会計期間 四半期連結 貸借対照表 連結純資産額が40,244百万円であるところを52,630百万円と記載 ・架空売上による売掛金の過大計上 ・貸倒引当金の過少計上 等 ４ 平成22年 ６月29日 第86期事業年度連結会計期間に係る有価証券報告書（平成22年３月期有価証券報告書） 平成21年４月１日～平成22年３月31日の連結会計期間 連結 損益計算書 連結経常損益が1,875百万円であるところを8,768百万円と記載 連結当期純損益が▲3,280百万円であるところを3,619百万円と記載 ・架空売上による売掛金の過大計上 ・貸倒引当金の過少計上 等 連結 貸借対照表 連結純資産額が47,578百万円であるところを64,810百万円と記載 ５ 平成22年 ８月12日 第87期事業年度第１四半期連結会計期間に係る四半期報告書（平成22年６月第１四半期四半期報告書） 平成22年４月１日～平成22年６月30日の第１四半期連結会計期間 四半期連結 貸借対照表 連結純資産額が37,464百万円であるところを51,336百万円と記載 ・架空売上による売掛金の過大計上 ・貸倒引当金の過少計上 等 ６ 平成22年 11月12日 第87期事業年度第２四半期連結会計期間に係る四半期報告書（平成22年９月第２四半期四半期報告書） 平成22年７月１日～平成22年９月30日の第２四半期連結会計期間 四半期連結 貸借対照表 連結純資産額が33,279百万円であるところを48,380百万円と記載 ・架空売上による売掛金の過大計上 ・貸倒引当金の過少計上 等 ７ 平成23年 ２月10日 第87期事業年度第３四半期連結会計期間に係る四半期報告書（平成22年12月第３四半期四半期報告書） 平成22年10月１日～平成22年12月31日の第３四半期連結会計期間 四半期連結 貸借対照表 連結純資産額が57,973百万円であるところを73,193百万円と記載 ・架空売上による売掛金の過大計上 ・貸倒引当金の過少計上 ・リベートの未処理による売掛金の過大計上 等 ８ 平成23年 ６月29日 第87期事業年度連結会計期間に係る有価証券報告書（平成23年３月期有価証券報告書） 平成22年４月１日～平成23年３月31日の連結会計期間 連結 損益計算書 連結経常損益が1,192百万円であるところを5,906百万円と記載 連結当期純損益が▲31,783百万円であるところを▲27,001百万円と記載 ・架空売上による売掛金の過大計上 ・貸倒引当金の過少計上 ・リベートの未処理による売掛金の過大計上 等 連結 貸借対照表 連結純資産額が38,859百万円であるところを59,903百万円と記載 ９ 平成23年 ８月11日 第88期事業年度第１四半期連結会計期間に係る四半期報告書（平成23年６月第１四半期四半期報告書） 平成23年４月１日～平成23年６月30日の第１四半期連結会計期間 四半期連結 貸借対照表 連結純資産額が34,747百万円であるところを55,525百万円と記載 ・架空売上による売掛金の過大計上 ・貸倒引当金の過少計上 ・リベートの未処理による売掛金の過大計上 等 10 平成23年 11月11日 第88期事業年度第２四半期連結会計期間に係る四半期報告書（平成23年９月第２四半期四半期報告書） 平成23年４月１日～平成23年９月30日の第２四半期連結累計期間 四半期連結 損益計算書 連結経常損益が▲5,222百万円であるところを▲856百万円と記載 連結四半期純損益が▲9,660百万円であるところを▲5,000百万円と記載 ・架空売上による売掛金の過大計上 ・貸倒引当金の過少計上 ・リベートの未処理による売掛金の過大計上 等 平成23年７月１日～平成23年９月30日の第２四半期連結会計期間 四半期連結 貸借対照表 連結純資産額が30,473百万円であるところを53,609百万円と記載 11 平成24年 ２月10日 第88期事業年度第３四半期連結会計期間に係る四半期報告書（平成23年12月第３四半期四半期報告書） 平成23年４月１日～平成23年12月31日の第３四半期連結累計期間 四半期連結 損益計算書 連結経常損益が355百万円であるところを3,925百万円と記載 連結四半期純損益が▲10,599百万円であるところを▲6,295百万円と記載 ・架空売上による売掛金の過大計上 ・貸倒引当金の過少計上 ・リベートの未処理による売掛金の過大計上 等 平成23年10月１日～平成23年12月31日の第３四半期連結会計期間 四半期連結 貸借対照表 連結純資産額が30,018百万円であるところを52,053百万円と記載 12 平成24年 ６月28日 第88期事業年度連結会計期間に係る有価証券報告書（平成24年３月期有価証券報告書） 平成23年４月１日～平成24年３月31日の連結会計期間 連結 損益計算書 連結経常損益が9,075百万円であるところを14,550百万円と記載 連結当期純損益が1,555百万円であるところを8,000百万円と記載 ・架空売上による売掛金の過大計上 ・貸倒引当金の過少計上 ・リベートの未処理による売掛金の過大計上 等 連結 貸借対照表 連結純資産額が41,251百万円であるところを67,524百万円と記載 （注）金額は百万円未満切捨てである。また、▲は損失であることを示す。 （別紙２）課徴金の計算方法 (１) 金融商品取引法第172条の４第１項及び第２項の規定により、平成21年６月第１四半期四半期報告書、平成21年９月第２四半期四半期報告書、平成21年12月第３四半期四半期報告書及び平成22年３月期有価証券報告書に係る課徴金について、個別決定ごとの算出額は、 (i) 当該法人が発行する算定基準有価証券の市場価額の総額に10万分の６を乗じて得た額 （平成21年６月第１四半期四半期報告書 4,006,065円 平成21年９月第２四半期四半期報告書 3,961,891円 平成21年12月第３四半期四半期報告書 3,186,759円 平成22年３月期有価証券報告書 3,566,083円 ） が (ii)　6,000,000円 を超えないことから、 平成21年６月第1四半期四半期報告書については、6,000,000円の２分の1に相当する額である3,000,000円 平成21年９月第２四半期四半期報告書については、6,000,000円の２分の１に相当する額である3,000,000円 平成21年12月第３四半期四半期報告書については､6,000,000円の２分の１に相当する額である3,000,000円 平成22年３月期有価証券報告書については、6,000,000円 となる。 ここで、これらの書類が同一の事業年度に係るものであることから、金融商品取引法第185条の７第６項の規定により、下記のとおり600万円を個別決定ごとの算出額に応じて按分した金額が課徴金の額となる。 平成21年６月第１四半期四半期報告書に係る課徴金の額は 1,200,000円 平成21年９月第２四半期四半期報告書に係る課徴金の額は 1,200,000円 平成21年12月第３四半期四半期報告書に係る課徴金の額は 1,200,000円 平成22年３月期有価証券報告書に係る課徴金の額は 2,400,000円 (２) 金融商品取引法第172条の４第１項及び第２項の規定により、平成22年６月第１四半期四半期報告書、平成22年９月第２四半期四半期報告書、平成22年12月第３四半期四半期報告書及び平成23年３月期有価証券報告書に係る課徴金について、個別決定ごとの算出額は、 (i) 当該法人が発行する算定基準有価証券の市場価額の総額に10万分の６を乗じて得た額 （平成22年６月第１四半期四半期報告書 3,611,818円 平成22年９月第２四半期四半期報告書 3,074,132円 平成22年12月第３四半期四半期報告書 3,060,568円 平成23年３月期有価証券報告書 3,199,531円 ） が (ii) 6,000,000円 を超えないことから、 平成22年６月第1四半期四半期報告書については、6,000,000円の２分の1に相当する額である3,000,000円 平成22年９月第２四半期四半期報告書については、6,000,000円の２分の１に相当する額である3,000,000円 平成22年12月第３四半期四半期報告書については､6,000,000円の２分の１に相当する額である3,000,000円 平成23年３月期有価証券報告書については、6,000,000円 となる。 ここで、これらの書類が同一の事業年度に係るものであることから、金融商品取引法第185条の７第６項の規定により、下記のとおり600万円を個別決定ごとの算出額に応じて按分した金額が課徴金の額となる。 平成22年６月第１四半期四半期報告書に係る課徴金の額は 1,200,000円 平成22年９月第２四半期四半期報告書に係る課徴金の額は 1,200,000円 平成22年12月第３四半期四半期報告書に係る課徴金の額は 1,200,000円 平成23年３月期有価証券報告書に係る課徴金の額は 2,400,000円 (３) 金融商品取引法第172条の４第１項及び第２項の規定により、平成23年６月第１四半期四半期報告書、平成23年９月第２四半期四半期報告書、平成23年12月第３四半期四半期報告書及び平成24年３月期有価証券報告書に係る課徴金について、個別決定ごとの算出額は、 (i) 当該法人が発行する算定基準有価証券の市場価額の総額に10万分の６を乗じて得た額 （平成23年６月第１四半期四半期報告書 2,969,664円 平成23年９月第２四半期四半期報告書 3,298,201円 平成23年12月第３四半期四半期報告書 2,948,567円 平成24年３月期有価証券報告書 3,251,011円 ） が (ii) 6,000,000円 を超えないことから、 平成23年６月第1四半期四半期報告書については、6,000,000円の２分の1に相当する額である3,000,000円 平成23年９月第２四半期四半期報告書については、6,000,000円の２分の１に相当する額である3,000,000円 平成23年12月第３四半期四半期報告書については、6,000,000円の２分の１に相当する額である3,000,000円 平成24年３月期有価証券報告書については、6,000,000円 となる。 ここで、これらの書類が同一の事業年度に係るものであることから、金融商品取引法第185条の７第６項の規定により、下記のとおり600万円を個別決定ごとの算出額に応じて按分し、さらに、平成24年３月期有価証券報告書については、金融商品取引法第26条の規定による検査が行われる前に、課徴金の減額に係る報告がされていることから、金融商品取引法第185条の７第12項の規定により、按分後の金額に100分の50を乗じて得た額が課徴金の額となる。 平成23年６月第１四半期四半期報告書に係る課徴金の額は 1,200,000円 平成23年９月第２四半期四半期報告書に係る課徴金の額は 1,200,000円 平成23年12月第３四半期四半期報告書に係る課徴金の額は 1,200,000円 平成24年３月期有価証券報告書に係る課徴金の額は 1,200,000円",0
2013-04-11,2013/04/11,ＳＥＥＤ株式会社,219A,Ｆ－ＳＥＥＤ株式会社及びその使用人１名に対する金融商品取引法違反行為に係る裁判所の禁止及び停止命令の発令について（平成25年4月11日）,https://www.fsa.go.jp/sesc/news/c_2013/2013/20130411-1.html,平成２５年４月11日 証券取引等監視委員会 Ｆ－ＳＥＥＤ株式会社及びその使用人１名に対する金融商品取引法違反行為に係る裁判所の禁止及び停止命令の発令について 証券取引等監視委員会が、平成２５年３月２２日に行ったＦ－ＳＥＥＤ株式会社（名古屋市中区、資本金５００万円、役職員１４名、適格機関投資家等特例業務届出者。）及びＦ－ＳＥＥＤ株式会社使用人であるＡに対する金融商品取引法違反行為（金融商品取引法第６３条第１項第１号に掲げる私募に係る業務を行うに当たり、金融商品取引契約の締結又はその勧誘に関して、顧客に対し虚偽のことを告げる行為を行うこと）の禁止及び停止を命ずるよう求める申立てについて、本日、名古屋地方裁判所より、申立ての内容どおり、下記の命令が下された。 記 被申立人らは、いずれも、金融商品取引法６３条１項１号に掲げる私募に係る業務を行うに当たり、金融商品取引契約の締結又はその勧誘に関して、顧客に対し虚偽のことを告げる行為を行ってはならない。 （参考） Ｆ－ＳＥＥＤ株式会社及びその使用人１名の金融商品取引法違反行為に係る裁判所への申立てについて,0
2013-03-22,2010/11/11-2013/03/31,ＳＥＥＤ株式会社,219A,Ｆ－ＳＥＥＤ株式会社及びその使用人１名の金融商品取引法違反行為に係る裁判所への申立てについて（平成25年3月22日）,https://www.fsa.go.jp/sesc/news/c_2013/2013/20130322-1.html,平成２５年３月２２日 証券取引等監視委員会 Ｆ－ＳＥＥＤ株式会社及びその使用人１名の金融商品取引法違反行為に係る裁判所への申立てについて １．申立ての内容等 東海財務局長が、Ｆ－ＳＥＥＤ株式会社（名古屋市中区、資本金５００万円、役職員１４名、適格機関投資家等特例業務届出者。以下「当社」という。）に対して金融商品取引法（以下「金商法」という。）第１８７条に基づく調査を行った結果、下記２．の事実が認められたことから、本日、証券取引等監視委員会は、金商法第１９２条第１項の規定に基づき、名古屋地方裁判所に対し、当社及び当社使用人であるA（当社の１００％株主であり、前代表取締役でもある。以下Aといい、当社と併せて「当社ら」という。）を被申立人として金商法違反行為（金商法第６３条第１項第１号に掲げる私募に係る業務を行うに当たり、金融商品取引契約の締結又はその勧誘に関して、顧客に対し虚偽のことを告げる行為を行うこと）の禁止及び停止を命ずるよう申立てを行った。 ２．事実関係 当社は、当社が組成する匿名組合の運営業務を統括管理するAの指示の下、平成２２年１１月ころから平成２５年３月ころまでの間、多数の投資家に対し、当社が組成する匿名組合の契約締結を勧誘しているが、当該勧誘の際に顧客に交付したパンフレット、契約書等（以下「パンフレット等」という。）により顧客に告知した営業者報酬及び分配金の支払いに関する表示は、以下のとおり、事実と著しく相違するものであった。 (１)当社らは、平成２３年３月ころ以降、出資金を充てて行う投資による収入の有無に関係なく、架空の収入を計上し、当該架空の収入の８割を営業者報酬として出資金から収受して自己の経費等に費消する意図を有し、実際にこれに沿った取扱いを行っていた。しかしながら、当社は上記意図や取扱いを顧客には秘匿して、収入が生じない限り営業者報酬を収受することは無い旨を表示したパンフレット等により勧誘を行っていた。 (２)当社らは、平成２３年５月ころ以降、営業者報酬を収受するために計上していた架空の収入の２割に相当する金額を分配金とし、出資金を原資として顧客に分配する意図を有し、実際にこれに沿った取扱いを行っていた。しかしながら、当社は上記意図や取扱いを顧客には秘匿して、収入が生じない限り分配金の支払いを行わないこと及び出資金を原資とした分配を行わない旨を表示したパンフレット等により勧誘を行っていた。 上記行為は、金商法第６３条第４項の規定に基づき適格機関投資家等特例業務届出者を金融商品取引業者とみなして適用される同法第３８条第１号に規定する「金融商品取引契約の締結又はその勧誘に関して、顧客に対し虚偽のことを告げる行為」に該当すると認められる。 当社らは、上記虚偽告知ばかりでなく、運用方法に関しても虚偽告知を伴う勧誘を行っていたなど、法令遵守意識が欠如している。また、上記（１）（２）のとおり、架空の営業収入に基づく営業者報酬の収受や分配金の支払いによって出資金を毀損させている。更に、当社は、出資金を受け入れる以外に新たな資金調達の方法がないため、匿名組合の運営業務を継続するには今後も新たな出資金を受け入れ続けなければならない状況にあり、現に、従業員の募集を行ったり、直近においても勧誘を行ったりしている。 以上からすれば、当社らは、上記違反行為を今後も行う蓋然性が高く、これを可及的速やかに禁止・停止させる必要がある。 （参考条文） ○ 適格機関投資家等特例業務届出者に係る行為規制 金融商品取引法(抄) （禁止行為） 第三十八条 金融商品取引業者等又はその役員若しくは使用人は、次に掲げる行為をしてはならない。 ただし、第四号から第六号までに掲げる行為にあつては、投資者の保護に欠け、取引の公正を害し、又は金融商品取引業の信用を失墜させるおそれのないものとして内閣府令で定めるものを除く。 一 金融商品取引契約の締結又はその勧誘に関して、顧客に対し虚偽のことを告げる行為 二～七　(略) （適格機関投資家等特例業務） 第六十三条 （略） ２・３ （略） ４ 特例業務届出者が適格機関投資家等特例業務を行う場合においては、当該特例業務届出者を金融商品取引業者とみなして、第三十八条（第一号に係る部分に限る。） 及び第三十九条並びにこれらの規定に係る第八章の規定 を適用する。 ５～８ （略） ○ 緊急差止命令に係る申立て 金融商品取引法(抄) （審問等に関する調査のための処分） 第百八十七条 内閣総理大臣又は内閣総理大臣及び財務大臣は、この法律の規定による審問、この法律の規定による処分に係る聴聞又は第百九十二条の規定による申立てについて、必要な調査をするため、当該職員に、次に掲げる処分をさせることができる。 一関係人若しくは参考人に出頭を命じて意見を聴取し、又はこれらの者から意見書若しくは報告書を提出させること。 二鑑定人に出頭を命じて鑑定させること。 三関係人に対し帳簿書類その他の物件の提出を命じ、又は提出物件を留めて置くこと。 四関係人の業務若しくは財産の状況又は帳簿書類その他の物件を検査すること。 （裁判所の禁止又は停止命令） 第百九十二条 裁判所は、緊急の必要があり、かつ、公益及び投資者保護のため必要かつ適当であると認めるときは、内閣総理大臣又は内閣総理大臣及び財務大臣の申立てにより、この法律又はこの法律に基づく命令に違反する行為を行い、又は行おうとする者に対し、その行為の禁止又は停止を命ずることができる。 ２ 裁判所は、前項の規定により発した命令を取り消し、又は変更することができる。 ３ 前二項の事件は、被申立人の住所地又は第一項に規定する行為が行われ、若しくは行われようとする地の地方裁判所の管轄とする。 ４ 第一項及び第二項の裁判については、非訟事件手続法 （平成二十三年法律第五十一号）の定めるところによる。 第百九十八条 次の各号のいずれかに該当する者は、三年以下の懲役若しくは三百万円以下の罰金に処し、又はこれを併科する。 一～七　（略） 八第百九十二条第一項又は第二項の規定による裁判所の命令に違反した者 第二百七条 法人（中略）の代表者又は法人若しくは人の代理人、使用人その他の従業者が、その法人又は人の業務又は財産に関し、次の各号に掲げる規定の違反行為をしたときは、その行為者を罰するほか、その法人に対して当該各号に定める罰金刑を、その人に対して各本条の罰金刑を科する。 一・二　（略） 三 第百九十八条（中略）又は第百九十八条の三から第百九十八条の五まで　三億円以下の罰金刑 四～六 （略） ２・３ （略）,0
2013-02-05,2010/03/25-2010/04/12,株式会社ミマキエンジニアリング,6638,ミマキエンジニアリング株式に係る相場操縦に対する課徴金納付命令の勧告について（平成25年2月5日）,https://www.fsa.go.jp/sesc/news/c_2013/2013/20130205-1.html,"平成２５年２月５日 証券取引等監視委員会 ミマキエンジニアリング株式に係る相場操縦に対する課徴金納付命令の勧告について １．勧告の内容 証券取引等監視委員会は、ミマキエンジニアリング株式に係る相場操縦について検査した結果、下記のとおり法令違反の事実が認められたので、本日、内閣総理大臣及び金融庁長官に対して、金融庁設置法第２０条第１項の規定に基づき、課徴金納付命令を発出するよう勧告を行った。 ２．法令違反の事実関係 課徴金納付命令対象者は、株式会社ミマキエンジニアリングの株式につき、その株価の高値形成を図り、同株式の売買を誘引する目的をもって、平成２２年３月２５日午前９時１０分頃から同年４月１２日午後３時９分頃までの間、１３取引日にわたり、直前約定値より高値で売り注文と買い注文とを対当させたり、連続した成行注文又は高指値注文を行って高値を買い上がるなどの方法により、同株式合計１０５２株を買い付ける一方、同株式合計４７６株を売り付け、そのうち、自己の計算において、同株式合計３６０株を買い付ける一方、同株式合計１９０株を売り付けるなどし、もって、同株式の売買が繁盛であると誤解させ、かつ、同株式の相場を変動させるべき一連の売買をしたものである。 課徴金納付命令対象者が行った上記の行為は、金融商品取引法第１７４条の２第１項に規定する「第１５９条第２項第１号の規定に違反する一連の有価証券売買等」の違反行為に該当すると認められる。 ３．課徴金の額の計算 上記の違法行為に対し金融商品取引法に基づき納付を命じられる課徴金の額は、１０２８万円である。 計算方法の詳細については、別紙のとおり。 （別紙） ○ 課徴金の額の計算方法について １．金融商品取引法第１７４条の２第１項に基づき、課徴金の額は、 (1) 売買対当数量（注１）に係るものについて、 （有価証券の売付価額）－（有価証券の買付価額） と、 (2) 当該違反行為に係る有価証券の売付数量が買付数量を超える場合の、当該超える数量に係るものについて、 （有価証券の売付価額）－（当該違反行為が終了してから１月を経過するまでの間の当該有価証券の最低価格×当該超える数量） または、 当該違反行為に係る有価証券の買付数量が売付数量を超える場合の、当該超える数量に係るものについて、 （当該違反行為が終了してから１月を経過するまでの間の当該有価証券の最高価格×当該超える数量）－（有価証券の買付価額） との合計額として計算される。 （注１）売買対当数量：当該違反行為に係る有価証券の売付数量と買付数量のうち、いずれか少ない数量をいう。 ２．課徴金納付命令対象者の違反行為について、本件における課徴金の額は、下記(1)及び(2)によりそれぞれ算定される額の合計　10,282,100円 ⇒課徴金の額は、１万円未満を切り捨てるため、 １０２８万円 (1) 当該違反行為に係る売買対当数量は、 (i) 当該違反行為に係る有価証券の売付数量は、190株であり、 (ii) 当該違反行為に係る有価証券の買付数量は、実際の買付け等の数量360株に、金融商品取引法第１７４条の２第８項及び同法施行令第３３条の１３第１号により、違反行為開始時にその時の価格（61,400円）で買付け等をしたものとみなされる当該違反行為の開始時に所有している当該有価証券の数量50株を加えた410株である ことから、190株となる。 当該売買対当数量に係るものについて、 売付価額15,257,300円（注２）－ 買付価額12,934,900円（注３） ＝ 2,322,400円 （注２）売付価額は、 「66,000円×9株＋66,100円×2株＋66,800円×2株＋67,000円×4株＋68,000円×7株 ＋68,100円×1株＋69,000円×2株＋70,000円×5株＋75,000円×2株＋75,500円×10株 ＋75,600円×5株＋75,700円×5株＋76,200円×1株＋77,000円×2株＋77,100円×5株 ＋77,200円×6株＋78,000円×1株＋78,100円×7株＋78,400円×4株＋78,500円×3株 ＋78,700円×2株＋78,800円×2株＋79,000円×3株＋79,500円×5株＋81,000円×18株 ＋81,200円×10株＋81,300円×2株＋82,100円×2株＋84,500円×3株＋88,000円×5株 ＋88,200円×4株＋88,300円×1株＋88,500円×10株＋89,000円×10株＋90,000円×15株 ＋91,600円×3株＋91,700円×3株＋91,800円×2株＋91,900円×2株＋92,000円×5株」 の合計額である。 （注３）買付価額は、 「61,400円×50株＋61,900円×2株＋62,000円×5株＋62,100円×6株＋62,300円×3株 ＋62,500円×10株＋62,700円×2株＋62,800円×2株＋63,000円×10株＋68,000円×11株 ＋68,400円×1株＋68,500円×2株＋69,000円×1株＋69,400円×5株＋69,500円×1株 ＋70,100円×1株＋71,400円×1株＋71,500円×7株＋71,600円×2株＋71,800円×5株 ＋71,900円×5株＋76,000円×25株＋76,300円×5株＋76,400円×5株＋76,500円×23株」 の合計額である。 （注４）買付価額の算定においては、金融商品取引法施行令第３３条の１４第５項の規定により、当該違反行為に係る有価証券の買付けのうち最も早い時期に行われたものから順次当該売買対当数量に達するまで割り当てることとなる。 本件においては、違反行為の開始時点において所有しており、金融商品取引法第１７４条の２第８項及び同法施行令第３３条の１３第１号の規定により、違反行為の開始時点にその時における価格（61,400円）で買い付けたものとみなされるもの（みなし買付け）から割り当てられることとなる。 (2) 上記(1)のとおり、当該違反行為に係る有価証券の買付数量が、売付数量を超えることから、 当該超える数量220株（410株－190株）について、 当該違反行為が終了してから１月を経過するまでの間の各日における当該有価証券の最高価格のうち最も高い価格（116,000円）に当該超える数量を乗じて得た額 25,520,000円（116,000円×220株）－ 買付価額17,560,300円（注５） ＝ 7,959,700円 （注５）買付価額は、 「72,000円×5株＋72,500円×1株＋72,600円×1株＋72,800円×1株＋72,900円×1株 ＋73,000円×1株＋73,300円×1株＋73,500円×1株＋73,700円×1株＋73,800円×1株 ＋74,000円×1株＋74,800円×1株＋75,000円×10株＋75,500円×7株＋75,900円×5株 ＋76,000円×35株＋76,500円×12株＋79,000円×20株＋79,500円×1株＋79,800円×1株 ＋79,900円×1株＋80,000円×15株＋80,500円×16株＋80,800円×3株＋81,400円×1株 ＋81,500円×5株＋81,800円×3株＋82,000円×12株＋82,500円×1株＋82,800円×2株 ＋83,000円×4株＋84,900円×6株＋85,000円×14株＋87,000円×30株」 の合計額である。",0
2014-11-11,2012/10/25-2012/10/26,伊勢化学工業株式会社,4107,伊勢化学工業株式に係る相場操縦に対する課徴金納付命令の勧告について（平成26年11月11日）,https://www.fsa.go.jp/sesc/news/c_2014/2014/20141111-1.html,"平成２６年１１月１１日 証券取引等監視委員会 伊勢化学工業株式に係る相場操縦に対する課徴金納付命令の勧告について １．勧告の内容 証券取引等監視委員会は、伊勢化学工業株式に係る相場操縦について検査した結果、下記のとおり法令違反の事実が認められたので、本日、内閣総理大臣及び金融庁長官に対して、金融庁設置法第２０条第１項の規定に基づき、課徴金納付命令を発出するよう勧告を行った。 ２．法令違反の事実関係 課徴金納付命令対象者は、伊勢化学工業株式会社の株式につき、同株式の売買を誘引する目的をもって、平成２４年１０月２５日午後１時２８分頃から同月２６日午後２時５４分頃までの間、２取引日にわたり、直前の約定値より高指値の売り注文と買い注文を対当させて株価を引き上げるなどの方法により、同株式合計９万１０００株を買い付ける一方、同株式合計４万６０００株を売り付け、もって、自己の計算において、同株式の売買が繁盛であると誤解させ、かつ、同株式の相場を変動させるべき一連の売買をしたものである。 課徴金納付命令対象者が行った上記の行為は、金融商品取引法第１７４条の２第１項に規定する「第１５９条第２項第１号の規定に違反する一連の有価証券売買等」に該当すると認められる。 ３．課徴金の額の計算 上記の違法行為に対し金融商品取引法に基づき納付を命じられる課徴金の額は、１０５万円である。 計算方法の詳細については、別紙のとおり。 （別紙） ○ 課徴金の額の計算方法について １．金融商品取引法第１７４条の２第１項に基づき、課徴金の額は、 (1) 売買対当数量（注１）に係るものについて、 （有価証券の売付価額）－（有価証券の買付価額） と、 (2) 当該違反行為に係る有価証券の売付数量が買付数量を超える場合の、当該超える数量に係るものについて、 （有価証券の売付価額）－（当該違反行為が終了してから１月を経過するまでの間の当該有価証券の最低価格×当該超える数量） または、 当該違反行為に係る有価証券の買付数量が売付数量を超える場合の、当該超える数量に係るものについて、 （当該違反行為が終了してから１月を経過するまでの間の当該有価証券の最高価格×当該超える数量）－（有価証券の買付価額） との合計額として計算される。 （注１）売買対当数量：当該違反行為に係る有価証券の売付数量と買付数量のうち、いずれか少ない数量をいう。 ２．課徴金納付命令対象者の違反行為について、本件における課徴金の額は、下記(1)及び(2)によりそれぞれ算定される額の合計　1,050,000円 ⇒課徴金の額は、 １０５万円 (1) 当該違反行為に係る売買対当数量は、 (ｉ)当該違反行為に係る有価証券の売付数量は、46,000株であり、 (ii)当該違反行為に係る有価証券の買付数量は、実際の買付け等の数量91,000株に、金融商品取引法第１７４条の２第８項及び同法施行令第３３条の１３第１号により、違反行為の開始時にその時における価格（484円）で買付けをしたものとみなされる当該違反行為の開始時に所有している当該有価証券の数量18,000株を加えた109,000株である ことから、46,000株となる。 当該売買対当数量に係るものについて、 売付価額23,387,000円（注２）－ 買付価額22,510,000円（注３） ＝877,000円 （注２）売付価額は、 「489円×10,000株＋494円×8,000株＋510円×7,000株＋515円×4,000株 ＋520円×7,000株＋525円×5,000株＋530円×5,000株」 の額である。 （注３）買付価額は、 「484円×19,000株＋488円×1,000株＋489円×12,000株＋490円×2,000株 ＋491円×1,000株＋494円×7,000株＋500円×1,000株＋509円×1,000株 ＋510円×2,000株」 の額である。 （注４）買付価額の算定においては、金融商品取引法施行令第３３条の１４第５項の規定により、当該違反行為に係る有価証券の買付けのうち最も早い時期に行われたものから順次当該売買対当数量に達するまで割り当てることとなる。 本件においては、違反行為の開始時点において所有しており、金融商品取引法第１７４条の２第８項及び同法施行令第３３条の１３第１号の規定により、違反行為の開始時点にその時における価格（484円）で買い付けたものとみなされるもの（みなし買付け）から割り当てられることとなる。 (2) 上記(1)のとおり、当該違反行為に係る有価証券の買付数量が、売付数量を超えることから、 当該超える数量63,000株（109,000株－46,000株）について、 当該違反行為が終了してから１月を経過するまでの間の当該有価証券の最高価格（518円）に当該超える数量を乗じて得た額 32,634,000円（518円×63,000株）－ 買付価額32,461,000円（注５） ＝173,000円 （注５）買付価額は、 「495円×4,000株＋500円×3,000株＋510円×17,000株＋512円×2,000株 ＋513円×6,000株＋514円×1,000株＋515円×4,000株＋520円×9,000株 ＋522円×3,000株＋525円×6,000株＋529円×1,000株＋530円×7,000株」 の額である。",0
2014-11-21,2012/08/13-2014/02/05,ＪＡＬＣＯホールディングス株式会社,6625,ＪＡＬＣＯホールディングス株式会社に係る有価証券報告書等の虚偽記載に係る課徴金納付命令勧告について（平成26年11月21日）,https://www.fsa.go.jp/sesc/news/c_2014/2014/20141121-1.html,"平成26年11月21日 証券取引等監視委員会 ＪＡＬＣＯホールディングス株式会社に係る有価証券報告書等の虚偽記載に係る課徴金納付命令勧告について １．勧告の内容 証券取引等監視委員会は、ＪＡＬＣＯホールディングス株式会社に係る有価証券報告書等の虚偽記載について検査した結果、以下のとおり法令違反の事実が認められたので、本日、内閣総理大臣及び金融庁長官に対して、金融庁設置法第20条第１項の規定に基づき、課徴金納付命令を発出するよう勧告を行った。 ２．法令違反の事実関係 (1) 継続開示書類 ＪＡＬＣＯホールディングス株式会社（以下「当社」という。）は、連結子会社において、売買取引の実体を伴っていない割賦販売契約を締結すること等により、売上等を過大に計上した。 この結果、当社は、関東財務局長に対し、別紙１のとおり、金融商品取引法第172条の４第１項及び第２項に規定する「重要な事項につき虚偽の記載がある」以下の有価証券報告書等を提出したものである。 平成24年６月第１四半期四半期報告書（平成24年８月13日提出） 平成24年９月第２四半期四半期報告書（平成24年11月14日提出） 平成24年12月第３四半期四半期報告書（平成25年２月12日提出） 平成25年３月期有価証券報告書（平成25年６月26日提出） 平成25年６月第１四半期四半期報告書（平成25年８月７日提出） 平成25年９月第２四半期四半期報告書（平成25年11月６日提出） 平成25年12月第３四半期四半期報告書（平成26年２月５日提出） (2) 発行開示書類 当社は、関東財務局長に対し、以下のとおり、金融商品取引法第172条の２第１項第１号に規定する「重要な事項につき虚偽の記載がある」発行開示書類を提出し、当該発行開示書類に基づく募集により有価証券を取得させたものである。 ア 平成24年12月26日、重要な事項につき虚偽の記載がある平成24年９月第２四半期四半期報告書（別紙１参照）を組込情報とする有価証券届出書（株式）を提出し、同有価証券届出書に基づく募集により、平成25年２月21日、26,000,000株の株式を1,300,000,000円で取得させた。 イ 平成25年11月１日、重要な事項につき虚偽の記載がある平成25年３月期有価証券報告書及び平成25年６月第１四半期四半期報告書（別紙１参照）を組込情報とする有価証券届出書（株式）を提出し、同有価証券届出書に基づく募集により、同年11月18日、8,411,217株の株式を1,800,000,438円で取得させた。 ３．課徴金の額の計算 上記の違法行為について金融商品取引法に基づき算定される課徴金の額は、１億5,150万円である。（計算方法については別紙２のとおり。） （別紙１）ＪＡＬＣＯホールディングス株式会社の有価証券報告書等の虚偽記載内容 番号 開示書類 虚偽記載 提出日 書類 会計期間 財務計算に 関する書類 内容（注） 事由 １ 平成24年 ８月13日 第２期事業年度第１四半期連結会計期間に係る四半期報告書（平成24年６月第１四半期四半期報告書） 平成24年４月１日～平成24年６月30日の第１四半期連結会計期間 四半期連結 損益計算書 連結四半期純損益が▲138百万円であるところを▲108百万円と記載 ・売上の過大計上 等 ２ 平成24年 11月14日 第２期事業年度第２四半期連結会計期間に係る四半期報告書（平成24年９月第２四半期四半期報告書） 平成24年４月１日～平成24年９月30日の第２四半期連結累計期間 四半期連結 損益計算書 売上高が537百万円であるところを914百万円と記載 ・売上の過大計上 等 連結四半期純損益が▲259百万円であるところを▲178百万円と記載 平成24年７月１日～平成24年９月30日の第２四半期連結会計期間 四半期連結 貸借対照表 連結純資産額が▲５百万円であるところを81百万円と記載 ３ 平成25年 ２月12日 第２期事業年度第３四半期連結会計期間に係る四半期報告書（平成24年12月第３四半期四半期報告書） 平成24年４月１日～平成24年12月31日の第３四半期連結累計期間 四半期連結 損益計算書 売上高が718百万円であるところを1,860百万円と記載 ・売上の過大計上 等 連結四半期純損益が▲342百万円であるところを▲219百万円と記載 平成24年10月１日～平成24年12月31日の第３四半期連結会計期間 四半期連結 貸借対照表 連結純資産額が▲96百万円であるところを33百万円と記載 ４ 平成25年 ６月26日 第２期事業年度連結会計期間に係る有価証券報告書（平成25年３月期有価証券報告書） 平成24年４月１日～平成25年３月31日の連結会計期間 連結 損益計算書 売上高が904百万円であるところを3,351百万円と記載 ・売上の過大計上 等 連結当期純損益が▲421百万円であるところを▲219百万円と記載 ５ 平成25年 ８月７日 第３期事業年度第１四半期連結会計期間に係る四半期報告書（平成25年６月第１四半期四半期報告書） 平成25年４月１日～平成25年６月30日の第１四半期連結会計期間 四半期連結 損益計算書 売上高が266百万円であるところを1,421百万円と記載 ・売上の過大計上 等 連結四半期純損益が168百万円であるところを229百万円と記載 ６ 平成25年 11月６日 第３期事業年度第２四半期連結会計期間に係る四半期報告書（平成25年９月第２四半期四半期報告書） 平成25年４月１日～平成25年９月30日の第２四半期連結累計期間 四半期連結 損益計算書 売上高が646百万円であるところを3,111百万円と記載 ・売上の過大計上 等 連結四半期純損益が131百万円であるところを267百万円と記載 ７ 平成26年 ２月５日 第３期事業年度第３四半期連結会計期間に係る四半期報告書（平成25年12月第３四半期四半期報告書） 平成25年４月１日～平成25年12月31日の第３四半期連結累計期間 四半期連結 損益計算書 売上高が980百万円であるところを4,801百万円と記載 ・売上の過大計上 等 連結四半期純損益が150百万円であるところを363百万円と記載 （注）金額は百万円未満切捨てである。▲は損益計算書では損失であることを、貸借対照表では債務超過であることを示す。 （別紙２）課徴金の計算方法 (1) 金融商品取引法第172条の４第１項及び第２項の規定により、平成24年６月第１四半期四半期報告書、平成24年９月第２四半期四半期報告書、平成24年12月第３四半期四半期報告書及び平成25年３月期有価証券報告書に係る課徴金について、個別決定ごとの算出額は、 ア 当該法人が発行する算定基準有価証券の市場価額の総額に10万分の６を乗じて得た額 （平成24年６月第１四半期四半期報告書 39,922円 平成24年９月第２四半期四半期報告書 32,514円 平成24年12月第３四半期四半期報告書 33,974円 平成25年３月期有価証券報告書 46,810円） が イ 6,000,000円 を超えないことから、 平成24年６月第１四半期四半期報告書については、6,000,000円の２分の１に相当する額である3,000,000円 平成24年９月第２四半期四半期報告書については、6,000,000円の２分の１に相当する額である3,000,000円 平成24年12月第３四半期四半期報告書については、6,000,000円の２分の１に相当する額である3,000,000円 平成25年３月期有価証券報告書については、6,000,000円 となる。 ここで、これらの書類が同一の事業年度に係るものであることから、金融商品取引法第185条の７第６項の規定により、下記のとおり600万円を個別決定ごとの算出額に応じて按分した金額が課徴金の額となる。 平成24年６月第１四半期四半期報告書に係る課徴金の額は 1,200,000円 平成24年９月第２四半期四半期報告書に係る課徴金の額は 1,200,000円 平成24年12月第３四半期四半期報告書に係る課徴金の額は 1,200,000円 平成25年３月期有価証券報告書に係る課徴金の額は 2,400,000円 (2) 金融商品取引法第172条の４第１項及び第２項の規定により、平成25年６月第１四半期四半期報告書、平成25年９月第２四半期四半期報告書及び平成25年12月第３四半期四半期報告書に係る課徴金について、個別決定ごとの算出額は、 ア 当該法人が発行する算定基準有価証券の市場価額の総額に10万分の６を乗じて得た額 （平成25年６月第１四半期四半期報告書 238,289円 平成25年９月第２四半期四半期報告書 406,673円 平成25年12月第３四半期四半期報告書 642,868円） が イ 6,000,000円 を超えないことから、 平成25年６月第１四半期四半期報告書については、6,000,000円の２分の１に相当する額である3,000,000円 平成25年９月第２四半期四半期報告書については、6,000,000円の２分の１に相当する額である3,000,000円 平成25年12月第３四半期四半期報告書については、6,000,000円の２分の１に相当する額である3,000,000円 となる。 ここで、これらの書類が同一の事業年度に係るものであることから、金融商品取引法第185条の７第６項の規定により、下記のとおり600万円を個別決定ごとの算出額に応じて按分した金額が課徴金の額となる。 平成25年６月第１四半期四半期報告書に係る課徴金の額は 2,000,000円 平成25年９月第２四半期四半期報告書に係る課徴金の額は 2,000,000円 平成25年12月第３四半期四半期報告書に係る課徴金の額は 2,000,000円 (3) 金融商品取引法第172条の２第１項第１号の規定により、重要な事項につき虚偽の記載がある発行開示書類に基づく募集により取得させた株券等の発行価額の総額の100分の4.5に相当する額が課徴金の額となることから、 ア 平成24年12月26日提出の有価証券届出書（株式）に係る課徴金の額は、 1,300,000,000円×4.5／100＝58,500,000円 イ 平成25年11月１日提出の有価証券届出書（株式）に係る課徴金の額は、 1,800,000,438円×4.5／100＝81,000,019円 について、金融商品取引法第176条第２項の規定により１万円未満の端数を切り捨てて、81,000,000円 となる。",0
2014-10-10,2013/07/11-2013/07/12,川口化学工業株式会社,4361,川口化学工業株式に係る相場操縦に対する課徴金納付命令の勧告について（平成26年10月10日）,https://www.fsa.go.jp/sesc/news/c_2014/2014/20141010-2.html,"平成２６年１０月１０日 証券取引等監視委員会 川口化学工業株式に係る相場操縦に対する課徴金納付命令の勧告について １．勧告の内容 証券取引等監視委員会は、川口化学工業株式に係る相場操縦について検査した結果、下記のとおり法令違反の事実が認められたので、本日、内閣総理大臣及び金融庁長官に対して、金融庁設置法第２０条第１項の規定に基づき、課徴金納付命令を発出するよう勧告を行った。 ２．法令違反の事実関係 課徴金納付命令対象者は、川口化学工業株式会社の株式につき、同株式の売買を誘引する目的をもって、平成２５年７月１１日午後１時４２分頃から同月１２日午前９時１７分頃までの間、２取引日にわたり、下値買い注文を大量に入れたり、直前の約定値より高指値の買い注文を連続して発注して株価を引き上げるなどの方法により、同株式合計２万２０００株を買い付ける一方、同株式合計４万６０００株を売り付けるとともに、同株式合計９万４０００株の買付けの委託を行うなどし、もって、同株式の売買が繁盛であると誤解させ、かつ、同株式の相場を変動させるべき一連の売買及び委託をしたものである。 課徴金納付命令対象者が行った上記の行為は、金融商品取引法第１７４条の２第１項に規定する「第１５９条第２項第１号の規定に違反する一連の有価証券売買等」に該当すると認められる。 ３．課徴金の額の計算 上記の違法行為に対し金融商品取引法に基づき納付を命じられる課徴金の額は、９３万円である。 計算方法の詳細については、別紙のとおり。 （別紙） ○ 課徴金の額の計算方法について １．金融商品取引法第１７４条の２第１項に基づき、課徴金の額は、 (1) 売買対当数量（注１）に係るものについて、 （有価証券の売付価額）－（有価証券の買付価額） と、 (2) 当該違反行為に係る有価証券の売付数量が買付数量を超える場合の、当該超える数量に係るものについて、 （有価証券の売付価額）－（当該違反行為が終了してから１月を経過するまでの間の当該有価証券の最低価格×当該超える数量） または、 当該違反行為に係る有価証券の買付数量が売付数量を超える場合の、当該超える数量に係るものについて、 （当該違反行為が終了してから１月を経過するまでの間の当該有価証券の最高価格×当該超える数量）－（有価証券の買付価額） との合計額として計算される。 （注１）売買対当数量：当該違反行為に係る有価証券の売付数量と買付数量のうち、いずれか少ない数量をいう。 ２．課徴金納付命令対象者の違反行為について、本件における課徴金の額は、下記(1)及び(2)によりそれぞれ算定される額の合計　932,000円 ⇒課徴金の額は、１万円未満を切り捨てるため、 ９３万円 (1) 当該違反行為に係る売買対当数量は、 (i)当該違反行為に係る有価証券の売付数量は、46,000株であり、 (ii)当該違反行為に係る有価証券の買付数量は、実際の買付け等の数量22,000株に、金融商品取引法第１７４条の２第８項及び同法施行令第３３条の１３第１号により、違反行為の開始時にその時における価格（109円）で買付けをしたものとみなされる当該違反行為の開始時に所有している当該有価証券の数量26,000株を加えた48,000株である ことから、46,000株となる。 当該売買対当数量に係るものについて、 売付価額6,003,000円（注２）－ 買付価額5,090,000円（注３） ＝913,000円 （注２）売付価額は、 「110円×2,000株＋124円×4,000株＋125円×4,000株＋130円×19,000株＋131円×1,000株＋133円×1,000株＋134円×2,000株＋135円×3,000株＋138円×10,000株」 の額である。 （注３）買付価額は、 「109円×28,000株＋110円×3,000株＋111円×7,000株＋112円×5,000株＋123円×1,000株＋124円×2,000株」 の額である。 （注４）買付価額の算定においては、金融商品取引法施行令第３３条の１４第５項の規定により、当該違反行為に係る有価証券の買付けのうち最も早い時期に行われたものから順次当該売買対当数量に達するまで割り当てることとなる。 本件においては、違反行為の開始時点において所有しており、金融商品取引法第１７４条の２第８項及び同法施行令第３３条の１３第１号の規定により、違反行為の開始時点にその時における価格（109円）で買い付けたものとみなされるもの（みなし買付け）から割り当てられることとなる。 (2) 上記(1)のとおり、当該違反行為に係る有価証券の買付数量が、売付数量を超えることから、 当該超える数量2,000株（48,000株－46,000株）について、 当該違反行為が終了してから１月を経過するまでの間の当該有価証券の最高価格（134円）に当該超える数量を乗じて得た額 268,000円（134円×2,000株）－ 買付価額249,000円（注５） ＝19,000円 （注５）買付価額は、 「124円×1,000株＋125円×1,000株」 の額である。",0
2014-10-07,2013/02/15-2013/08/22,株式会社オリエントコーポレーション,8585,デイトレーダーによる見せ玉手法等を用いた４銘柄の株券に係る相場操縦事件の告発について（平成26年10月7日）,https://www.fsa.go.jp/sesc/news/c_2014/2014/20141007-1.html,平成２６年１０月７日 証券取引等監視委員会 デイトレーダーによる見せ玉手法等を用いた４銘柄の株券に係る相場操縦事件の告発について 証券取引等監視委員会は、本日（１０月７日）、金融商品取引法違反（相場操縦）の嫌疑で、２名の嫌疑者を東京地方検察庁に告発した。告発の対象となった犯則事実については下記のとおり。 １．告発の対象となった犯則事実 犯則嫌疑者２名は、東京証券取引所が開設する有価証券市場に上場されている株式会社の株券につき、売り需要が高い状況を作出することで顧客の売り注文を誘引するなどして同株券を買い付ける一方で、買い需要が高い状況を作出することで顧客の買い注文を誘引するなどして同株券の株価を上昇させ、同株券を高値で売り付けようと考え、財産上の利益を得る目的で、共謀の上 第１ 株式会社オリエントコーポレーションの株券について、同株券の売買を誘引する目的をもって、平成２５年２月１５日、同市場において、大量の上値売り注文等を連続して入れるなどしてその指値より安値で同株券を買い付けた上、下値買い注文を大量に入れるなどの方法により、犯則嫌疑者らの名義で、証券会社を介し、同株券合計約５８万株を買い付けるとともに、同株券合計約９５万株の売買の委託を行い、もって同株券の売買が繁盛であると誤解させ、かつ、相場を変動させるべき一連の売買及びその委託をし、同株券の株価を上昇させ、その頃、上昇させた株価により、同株券合計約５８万株を売り付け 第２ 株式会社トクヤマの株券について、前同様の目的をもって、同年３月１１日、同市場において、前同様の方法により、犯則嫌疑者らの名義で、証券会社を介し、同株券合計５８万株を買い付けるとともに、同株券合計約１２３万株の売買の委託を行い、もって同株券の売買が繁盛であると誤解させ、かつ、相場を変動させるべき一連の売買及びその委託をし、同株券の株価を上昇させ、その頃、上昇させた株価により、同株券合計５８万株を売り付け 第３ 日本橋梁株式会社の株券について、前同様の目的をもって、同年８月５日、同市場において、前同様の方法により、犯則嫌疑者らの名義で、証券会社を介し、同株券合計約３８万株を買い付けるとともに、同株券合計約９６万株の売買の委託を行い、もって同株券の売買が繁盛であると誤解させ、かつ、相場を変動させるべき一連の売買及びその委託をし、同株券の株価を上昇させ、その頃、上昇させた株価により、同株券合計約３８万株を売り付け 第４ 株式会社神戸製鋼所の株券について、前同様の目的をもって、同年８月２２日、同市場において、前同様の方法により、犯則嫌疑者らの名義で、証券会社を介し、同株券合計２５０万株を買い付けるとともに、同株券合計約８３３万株の売買の委託を行い、もって同株券の売買が繁盛であると誤解させ、かつ、相場を変動させるべき一連の売買及びその委託をし、同株券の株価を上昇させ、その頃、上昇させた株価により、同株券合計２５０万株を売り付け もって当該変動させた相場により有価証券の売買を行ったものである。 ２．関連条文 金融商品取引法第197条第2項、同条第1項第5号、第159条第2項第1号、刑法第60条 法定刑：10年以下の懲役及び3000万円以下の罰金,0
2014-06-16,2012/11/27,株式会社インデックス,301A,株式会社インデックスに係る虚偽有価証券報告書提出事件の告発について（平成26年6月16日）,https://www.fsa.go.jp/sesc/news/c_2014/2014/20140616-1.html,平成２６年６月１６日 証券取引等監視委員会 株式会社インデックスに係る虚偽有価証券報告書提出事件の告発について 証券取引等監視委員会は、平成26年6月16日、金融商品取引法違反（虚偽有価証券報告書提出）の嫌疑で、下記の嫌疑法人及び嫌疑者を東京地方検察庁検察官に告発した。 １．告発の対象となった犯則事実 犯則嫌疑者Aは犯則嫌疑法人株式会社インデックスの取締役会長として、犯則嫌疑者Bは同社の代表取締役社長として、それぞれ同社の業務全般を統括していたものであるが、犯則嫌疑者両名は、共謀の上、犯則嫌疑法人の業務に関し、平成２４年１１月２７日、同社の本店事務所内に設置された入出力装置から、開示用電子情報処理組織を使用して、内閣府が使用する電子計算機に備えられたファイルに記録させる方法により、関東財務局において、同局長に対し、同社の平成２３年９月１日から平成２４年８月３１日までの連結会計年度につき、経常利益が８６００万円（１００万円未満は切り捨て。以下同じ。）、税金等調整前当期純損失が６億５００万円、純資産が４億１１００万円の債務超過であったにもかかわらず、架空売上の計上及び過年度において貸倒引当処理済みの債権の回収偽装による貸倒引当金繰入額の減額等の方法により、経常利益を９億１７００万円、税金等調整前当期純利益を２億４００万円と記載するなどした虚偽の連結損益計算書及び純資産を３億９８００万円と記載するなどした虚偽の連結貸借対照表を各掲載した有価証券報告書を提出し、もって重要な事項につき虚偽の記載のある有価証券報告書を提出したものである。 ２．関連条文 金融商品取引法第197条第1項第1号、同法第24条第1項第1号、同法第207条第1項第1号、刑法第60条 法定刑：法人につき　7億円以下の罰金 個人につき　10年以下の懲役若しくは1000万円以下の罰金又は併科,0
2014-04-11,2012/09/21-2013/04/30,アジア投資株式会社,8518,アジア投資株式会社に対する検査結果について（平成26年4月11日）,https://www.fsa.go.jp/sesc/news/c_2014/2014/20140411-2.html,平成26年４月11日 証券取引等監視委員会 アジア投資株式会社に対する検査結果について １．検査結果 証券取引等監視委員会がアジア投資株式会社（東京都台東区、平成26年１月末に解散し、現在は清算中。適格機関投資家等特例業務届出者。以下「当社」という。）を検査した結果、以下の事実が認められたので、本日、証券取引等監視委員会は、金融庁長官に対して、適切な措置を講じるための情報提供を行った。 ２．事実関係 当社は、自らを営業者とし、主に外国優良企業等に対する事業投資を行うとする匿名組合である４つのファンド（以下「本件ファンド」という。）を組成し、顧客に対して、本件ファンドの匿名組合契約に基づく権利の取得勧誘を行い、出資金の運用を行っていたとしている。 そのような中、当社の業務の運営状況を検証したところ、以下のとおり、投資者保護上問題と認められる状況が判明した。 (1)運用実態の把握が極めて杜撰な状況 当社は、本件ファンドの勧誘資料に複数の運用委託契約先を記載しており、これらの運用委託契約先のうち外国法人１社が破綻したことを理由に解散し、清算手続に入ったとしている。 しかしながら、当社は、運用委託契約先における資金の運用状況について一切把握しておらず、具体的にどの運用委託先が破綻したのかも明らかになっていない。 また、当社は、運用委託契約先への多額の出資金の受渡しについて、関係者に現金による手渡しで行ったとしているが、その実態は一切不明である。 更に、当社は、清算業務を行うに当たって確認すべき本件ファンドの運用の状況も把握していない。 (2)出資者の出資状況の把握が極めて杜撰な状況 当社は、本件ファンドに対する全出資者分の匿名組合契約書を保管しておらず、本件ファンドに係る出資残高を検証できる資料も保管していないなど、出資者の出資状況を把握できる客観的資料を欠いている状況にある。 (3)不適切な勧誘行為 当社は、本件ファンドのうち、２つのファンドにおける契約締結前交 付書面において、各出資者からの出資金の振込先として、当社があらかじめ指定する個人名義（池北　光男元代表取締役）の預金口座を記載していた。 しかしながら、当社は、当該預金口座が銀行によって平成24年９月に強制解約とされていたにもかかわらず、強制解約以降、同25年４月頃までの間、契約締結前交付書面において当該預金口座を出資金の振込先と記載したまま、取得勧誘を行い、匿名組合契約を締結していた。当社は、当該匿名組合契約を締結した者からの出資金を現金で受領したとしているが、その実態は一切不明である。 なお、今回臨店検査では、出資者の匿名組合契約書、運用委託契約先との契約書等の存在が確認できず、業務の詳細な検証が困難である状況が認められた。 当社の上記の業務の運営状況は、投資者保護上極めて問題があると認められる。,0
2014-03-07,2009/05/27-2013/10/15,株式会社リソー教育,4714,株式会社リソー教育に係る有価証券報告書等の虚偽記載に係る課徴金納付命令勧告について（平成26年3月7日）,https://www.fsa.go.jp/sesc/news/c_2014/2014/20140307-1.html,"平成26年３月７日 証券取引等監視委員会 株式会社リソー教育に係る有価証券報告書等の虚偽記載に係る課徴金納付命令勧告について １．勧告の内容 証券取引等監視委員会は、株式会社リソー教育に係る有価証券報告書等の虚偽記載について検査した結果、以下のとおり法令違反の事実が認められたので、本日、内閣総理大臣及び金融庁長官に対して、金融庁設置法第20条第１項の規定に基づき、課徴金納付命令を発出するよう勧告を行った。 ２．法令違反の事実関係 (1) 継続開示書類 株式会社リソー教育（以下「当社」という。）は、学習塾の経営及び家庭訪問による学習指導業務等を行っていたところ、毎月の授業料の請求等をもって計上した売上について、本来であれば、事業年度末において未実施の授業数に対応する入金分を前受金として処理した上で、売上を取り消すべきであったにもかかわらず、授業料の返還義務が発生しない当日欠席が多数あったなどと仮装することにより、売上を過大に計上するなどした。また、当社の子会社において、無料で実施した授業や授業料単価を値引きした契約分について、正規の授業料単価に基づき算出した金額により、売上を過大に計上するなどした。 これらの結果、当社は、関東財務局長に対し、別紙１のとおり、平成20年法律第65号による改正前の金融商品取引法（以下「旧金融商品取引法」という。）第172条の２第１項並びに金融商品取引法第172条の２第１項、第172条の４第１項及び第２項に規定する「重要な事項につき虚偽の記載がある」以下の有価証券報告書等を提出したものである。 平成21年２月期有価証券報告書（平成21年５月27日提出） 平成21年８月第２四半期四半期報告書（平成21年10月14日提出） 平成21年11月第３四半期四半期報告書（平成22年１月13日提出） 平成22年２月期有価証券報告書（平成22年５月26日提出） 平成22年５月第１四半期四半期報告書（平成22年７月14日提出） 平成22年８月第２四半期四半期報告書（平成22年10月13日提出） 平成22年11月第３四半期四半期報告書（平成23年１月13日提出） 平成23年２月期有価証券報告書（平成23年５月26日提出） 平成23年５月第１四半期四半期報告書（平成23年７月13日提出） 平成23年８月第２四半期四半期報告書（平成23年10月14日提出） 平成23年11月第３四半期四半期報告書（平成24年１月13日提出） 平成24年２月期有価証券報告書（平成24年５月25日提出） 平成24年５月第１四半期四半期報告書（平成24年７月13日提出） 平成24年８月第２四半期四半期報告書（平成24年10月15日提出） 平成24年11月第３四半期四半期報告書（平成25年１月11日提出） 平成25年２月期有価証券報告書（平成25年５月17日提出） 平成25年５月第１四半期四半期報告書（平成25年７月16日提出） 平成25年８月第２四半期四半期報告書（平成25年10月15日提出） (2) 発行開示書類 当社は、関東財務局長に対し、以下のとおり、金融商品取引法第172条の２第１項第１号に規定する「重要な事項につき虚偽の記載がある」発行開示書類を提出し、当該発行開示書類に基づく募集により有価証券を取得させたものである。 ア 平成23年９月12日、重要な事項につき虚偽の記載がある平成23年２月期有価証券報告書（別紙１番号欄８参照）及び平成23年５月第１四半期四半期報告書（別紙１番号欄９参照）を参照書類とする有価証券届出書を提出し、同有価証券届出書に基づく募集により、同年９月27日、600,000個の新株予約権証券を4,203,100,000円（新株予約権の行使に際して払い込むべき金額を含む。）で取得させた。 イ 平成24年10月12日、重要な事項につき虚偽の記載がある平成24年２月期有価証券報告書（別紙１番号欄12参照）及び平成24年５月第１四半期四半期報告書（別紙１番号欄13参照）を参照書類とする有価証券届出書を提出し、同有価証券届出書に基づく募集により、同年10月29日、623,633個の新株予約権証券を4,281,011,096円（新株予約権の行使に際して払い込むべき金額を含む。）で取得させた。 ３．課徴金の額の計算 上記の違法行為について旧金融商品取引法及び金融商品取引法に基づき算定される課徴金の額は、４億1,477万円である。（計算方法については別紙２のとおり。） （別紙１）株式会社リソー教育の有価証券報告書等の虚偽記載内容 番号 開示書類 虚偽記載 提出日 書類 会計期間 財務計算に 関する書類 内容（注） 事由 １ 平成21年 ５月27日 第24期事業年度連結会計期間に係る有価証券報告書（平成21年２月期有価証券報告書） 平成20年３月１日～平成21年２月28日の連結会計期間 連結 損益計算書 連結当期純損益が307百万円であるところを661百万円と記載 ・売上の過大計上 ・前受授業料収入の過少計上 等 連結 貸借対照表 連結純資産額が1,546百万円であるところを2,104百万円と記載 ２ 平成21年 10月14日 第25期事業年度第２四半期連結会計期間に係る四半期報告書（平成21年８月第２四半期四半期報告書） 平成21年３月１日～平成21年８月31日の第２四半期連結累計期間 四半期連結 損益計算書 連結四半期純損益が197百万円であるところを422百万円と記載 ・売上の過大計上 ・前受金の過少計上 等 平成21年６月１日～平成21年８月31日の第２四半期連結会計期間 四半期連結 貸借対照表 連結純資産額が1,547百万円であるところを2,329百万円と記載 ３ 平成22年 １月13日 第25期事業年度第３四半期連結会計期間に係る四半期報告書（平成21年11月第３四半期四半期報告書） 平成21年９月１日～平成21年11月30日の第３四半期連結会計期間 四半期連結 貸借対照表 連結純資産額が1,390百万円であるところを1,798百万円と記載 ・過去の売上の過大計上による純資産額の過大計上 等 ４ 平成22年 ５月26日 第25期事業年度連結会計期間に係る有価証券報告書（平成22年２月期有価証券報告書） 平成21年３月１日～平成22年２月28日の連結会計期間 連結 損益計算書 連結当期純損益が1,144百万円であるところを1,371百万円と記載 ・売上の過大計上 ・前受金の過少計上 等 連結 貸借対照表 連結純資産額が1,879百万円であるところを2,663百万円と記載 ５ 平成22年 ７月14日 第26期事業年度第１四半期連結会計期間に係る四半期報告書（平成22年５月第１四半期四半期報告書） 平成22年３月１日～平成22年５月31日の第１四半期連結会計期間 四半期連結 貸借対照表 連結純資産額が1,436百万円であるところを2,114百万円と記載 ・前受金の過少計上 等 ６ 平成22年 10月13日 第26期事業年度第２四半期連結会計期間に係る四半期報告書（平成22年８月第２四半期四半期報告書） 平成22年３月１日～平成22年８月31日の第２四半期連結累計期間 四半期連結 損益計算書 連結四半期純損益が222百万円であるところを481百万円と記載 ・売上の過大計上 ・前受金の過少計上 等 平成22年６月１日～平成22年８月31日の第２四半期連結会計期間 四半期連結 貸借対照表 連結純資産額が1,582百万円であるところを2,625百万円と記載 ７ 平成23年 １月13日 第26期事業年度第３四半期連結会計期間に係る四半期報告書（平成22年11月第３四半期四半期報告書） 平成22年９月１日～平成22年11月30日の第３四半期連結会計期間 四半期連結 貸借対照表 連結純資産額が1,440百万円であるところを2,152百万円と記載 ・前受金の過少計上 等 ８ 平成23年 ５月26日 第26期事業年度連結会計期間に係る有価証券報告書（平成23年２月期有価証券報告書） 平成22年３月１日～平成23年２月28日の連結会計期間 連結 損益計算書 連結当期純損益が870百万円であるところを1,366百万円と記載 ・売上の過大計上 ・前受金の過少計上 等 連結 貸借対照表 連結純資産額が1,608百万円であるところを2,887百万円と記載 ９ 平成23年 ７月13日 第27期事業年度第１四半期連結会計期間に係る四半期報告書（平成23年５月第１四半期四半期報告書） 平成23年３月１日～平成23年５月31日の第１四半期連結会計期間 四半期連結 貸借対照表 連結純資産額が938百万円であるところを1,963百万円と記載 ・前受金の過少計上 等 10 平成23年 10月14日 第27期事業年度第２四半期連結会計期間に係る四半期報告書（平成23年８月第２四半期四半期報告書） 平成23年３月１日～平成23年８月31日の第２四半期連結累計期間 四半期連結 損益計算書 連結四半期純損益が105百万円であるところを364百万円と記載 ・売上の過大計上 ・前受金の過少計上 等 平成23年６月１日～平成23年８月31日の第２四半期連結会計期間 四半期連結 貸借対照表 連結純資産額が1,200百万円であるところを2,738百万円と記載 11 平成24年 １月13日 第27期事業年度第３四半期連結会計期間に係る四半期報告書（平成23年11月第３四半期四半期報告書） 平成23年９月１日～平成23年11月30日の第３四半期連結会計期間 四半期連結 貸借対照表 連結純資産額が978百万円であるところを2,396百万円と記載 ・前受金の過少計上 等 12 平成24年 ５月25日 第27期事業年度連結会計期間に係る有価証券報告書（平成24年２月期有価証券報告書） 平成23年３月１日～平成24年２月29日の連結会計期間 連結 損益計算書 連結当期純損益が834百万円であるところを1,295百万円と記載 ・売上の過大計上 ・前受金の過少計上 等 連結 貸借対照表 連結純資産額が1,582百万円であるところを3,323百万円と記載 13 平成24年 ７月13日 第28期事業年度第１四半期連結会計期間に係る四半期報告書（平成24年５月第１四半期四半期報告書） 平成24年３月１日～平成24年５月31日の第１四半期連結会計期間 四半期連結 貸借対照表 連結純資産額が675百万円であるところを2,557百万円と記載 ・前受金の過少計上 等 14 平成24年 10月15日 第28期事業年度第２四半期連結会計期間に係る四半期報告書（平成24年８月第２四半期四半期報告書） 平成24年３月１日～平成24年８月31日の第２四半期連結累計期間 四半期連結 損益計算書 連結四半期純損益が43百万円であるところを560百万円と記載 ・売上の過大計上 ・前受金の過少計上 等 平成24年６月１日～平成24年８月31日の第２四半期連結会計期間 四半期連結 貸借対照表 連結純資産額が1,176百万円であるところを3,434百万円と記載 15 平成25年 １月11日 第28期事業年度第３四半期連結会計期間に係る四半期報告書（平成24年11月第３四半期四半期報告書） 平成24年３月１日～平成24年11月30日の第３四半期連結累計期間 四半期連結 損益計算書 連結四半期純損益が41百万円であるところを665百万円と記載 ・売上の過大計上 ・前受金の過少計上 等 平成24年９月１日～平成24年11月30日の第３四半期連結会計期間 四半期連結 貸借対照表 連結純資産額が1,104百万円であるところを3,468百万円と記載 16 平成25年 ５月17日 第28期事業年度連結会計期間に係る有価証券報告書（平成25年２月期有価証券報告書） 平成24年３月１日～平成25年２月28日の連結会計期間 連結 損益計算書 連結当期純損益が150百万円であるところを1,527百万円と記載 ・売上の過大計上 ・前受金の過少計上 等 連結 貸借対照表 連結純資産額が2,533百万円であるところを5,651百万円と記載 17 平成25年 ７月16日 第29期事業年度第１四半期連結会計期間に係る四半期報告書（平成25年５月第１四半期四半期報告書） 平成25年３月１日～平成25年５月31日の第１四半期連結会計期間 四半期連結 損益計算書 連結四半期純損益が▲894百万円であるところを▲479百万円と記載 ・売上の過大計上 ・前受金の過少計上 等 四半期連結 貸借対照表 連結純資産額が2,699百万円であるところを6,232百万円と記載 18 平成25年 10月15日 第29期事業年度第２四半期連結会計期間に係る四半期報告書（平成25年８月第２四半期四半期報告書） 平成25年３月１日～平成25年８月31日の第２四半期連結累計期間 四半期連結 損益計算書 連結四半期純損益が▲708百万円であるところを184百万円と記載 ・売上の過大計上 ・前受金の過少計上 等 平成25年６月１日～平成25年８月31日の第２四半期連結会計期間 四半期連結 貸借対照表 連結純資産額が7,280百万円であるところを11,291百万円と記載 （注）金額は百万円未満切捨てである。また、▲は損失であることを示す。 （別紙２）課徴金の計算方法 (1) 旧金融商品取引法第172条の２第１項の規定により、平成21年２月期有価証券報告書に係る課徴金の額は、 ア 当該法人が発行する算定基準有価証券の市場価額の総額に10万分の３を乗じて得た額（337,599円） が イ 3,000,000円 を超えないことから、3,000,000円となる。 (2) 金融商品取引法第172条の４第１項及び第２項の規定により、平成21年８月第２四半期四半期報告書、平成21年11月第３四半期四半期報告書及び平成22年２月期有価証券報告書に係る課徴金について、個別決定ごとの算出額は、 ア 当該法人が発行する算定基準有価証券の市場価額の総額に10万分の６を乗じて得た額 （平成21年８月第２四半期四半期報告書 1,168,641円 平成21年11月第３四半期四半期報告書 1,349,791円 平成22年２月期有価証券報告書 1,146,526円 ） が イ 6,000,000円 を超えないことから、 平成21年８月第２四半期四半期報告書については、6,000,000円の２分の１に相当する額である3,000,000円 平成21年11月第３四半期四半期報告書については、6,000,000円の２分の１に相当する額である3,000,000円 平成22年２月期有価証券報告書については、6,000,000円 となる。 ここで、これらの書類が同一の事業年度に係るものであることから、金融商品取引法第185条の７第６項の規定により、下記のとおり600万円を個別決定ごとの算出額に応じて按分した金額が課徴金の額となる。 平成21年８月第２四半期四半期報告書に係る課徴金の額は 1,500,000円 平成21年11月第３四半期四半期報告書に係る課徴金の額は 1,500,000円 平成22年２月期有価証券報告書に係る課徴金の額は 3,000,000円 (3) 金融商品取引法第172条の４第１項及び第２項の規定により、平成22年５月第１四半期四半期報告書、平成22年８月第２四半期四半期報告書、平成22年11月第３四半期四半期報告書及び平成23年２月期有価証券報告書に係る課徴金について、個別決定ごとの算出額は、 ア 当該法人が発行する算定基準有価証券の市場価額の総額に10万分の６を乗じて得た額 （平成22年５月第１四半期四半期報告書 1,275,636円 平成22年８月第２四半期四半期報告書 1,169,164円 平成22年11月第３四半期四半期報告書 1,014,052円 平成23年２月期有価証券報告書 1,165,260円 ） が イ 6,000,000円 を超えないことから、 平成22年５月第１四半期四半期報告書については、6,000,000円の２分の１に相当する額である3,000,000円 平成22年８月第２四半期四半期報告書については、6,000,000円の２分の１に相当する額である3,000,000円 平成22年11月第３四半期四半期報告書については、6,000,000円の２分の１に相当する額である3,000,000円 平成23年２月期有価証券報告書については、6,000,000円 となる。 ここで、これらの書類が同一の事業年度に係るものであることから、金融商品取引法第185条の７第６項の規定により、下記のとおり600万円を個別決定ごとの算出額に応じて按分した金額が課徴金の額となる。 平成22年５月第１四半期四半期報告書に係る課徴金の額は 1,200,000円 平成22年８月第２四半期四半期報告書に係る課徴金の額は 1,200,000円 平成22年11月第３四半期四半期報告書に係る課徴金の額は 1,200,000円 平成23年２月期有価証券報告書に係る課徴金の額は 2,400,000円 (4) 金融商品取引法第172条の４第１項及び第２項の規定により、平成23年５月第１四半期四半期報告書、平成23年８月第２四半期四半期報告書、平成23年11月第３四半期四半期報告書及び平成24年２月期有価証券報告書に係る課徴金について、個別決定ごとの算出額は、 ア 当該法人が発行する算定基準有価証券の市場価額の総額に10万分の６を乗じて得た額 （平成23年５月第１四半期四半期報告書 1,045,945円 平成23年８月第２四半期四半期報告書 1,108,885円 平成23年11月第３四半期四半期報告書 1,136,664円 平成24年２月期有価証券報告書 1,138,986円 ） が イ 6,000,000円 を超えないことから、 平成23年５月第１四半期四半期報告書については、6,000,000円の２分の１に相当する額である3,000,000円 平成23年８月第２四半期四半期報告書については、6,000,000円の２分の１に相当する額である3,000,000円 平成23年11月第３四半期四半期報告書については、6,000,000円の２分の１に相当する額である3,000,000円 平成24年２月期有価証券報告書については、6,000,000円 となる。 ここで、これらの書類が同一の事業年度に係るものであることから、金融商品取引法第185条の７第６項の規定により、下記のとおり600万円を個別決定ごとの算出額に応じて按分した金額が課徴金の額となる。 平成23年５月第１四半期四半期報告書に係る課徴金の額は 1,200,000円 平成23年８月第２四半期四半期報告書に係る課徴金の額は 1,200,000円 平成23年11月第３四半期四半期報告書に係る課徴金の額は 1,200,000円 平成24年２月期有価証券報告書に係る課徴金の額は 2,400,000円 (5) 金融商品取引法第172条の４第１項及び第２項の規定により、平成24年５月第１四半期四半期報告書、平成24年８月第２四半期四半期報告書、平成24年11月第３四半期四半期報告書及び平成25年２月期有価証券報告書に係る課徴金について、個別決定ごとの算出額は、 ア 当該法人が発行する算定基準有価証券の市場価額の総額に10万分の６を乗じて得た額 （平成24年５月第１四半期四半期報告書 1,324,615円 平成24年８月第２四半期四半期報告書 1,403,105円 平成24年11月第３四半期四半期報告書 1,558,853円 平成25年２月期有価証券報告書 1,525,546円 ） が イ 6,000,000円 を超えないことから、 平成24年５月第１四半期四半期報告書については、6,000,000円の２分の１に相当する額である3,000,000円 平成24年８月第２四半期四半期報告書については、6,000,000円の２分の１に相当する額である3,000,000円 平成24年11月第３四半期四半期報告書については、6,000,000円の２分の１に相当する額である3,000,000円 平成25年２月期有価証券報告書については、6,000,000円 となる。 ここで、これらの書類が同一の事業年度に係るものであることから、金融商品取引法第185条の７第６項の規定により、下記のとおり600万円を個別決定ごとの算出額に応じて按分した金額が課徴金の額となる。 平成24年５月第１四半期四半期報告書に係る課徴金の額は 1,200,000円 平成24年８月第２四半期四半期報告書に係る課徴金の額は 1,200,000円 平成24年11月第３四半期四半期報告書に係る課徴金の額は 1,200,000円 平成25年２月期有価証券報告書に係る課徴金の額は 2,400,000円 (6) 金融商品取引法第172条の４第２項の規定により、平成25年５月第１四半期四半期報告書及び平成25年８月第２四半期四半期報告書に係る課徴金の額は、 ア 当該法人が発行する算定基準有価証券の市場価額の総額に10万分の６を乗じて得た額 （平成25年５月第１四半期四半期報告書 2,459,835円 平成25年８月第２四半期四半期報告書 3,196,150円 ） が イ 6,000,000円 を超えないことから、 平成25年５月第１四半期四半期報告書については、6,000,000円の２分の１に相当する額である3,000,000円 平成25年８月第２四半期四半期報告書については、6,000,000円の２分の１に相当する額である3,000,000円 となる。 (7) 金融商品取引法第172条の２第１項第１号の規定により、重要な事項につき虚偽の記載がある発行開示書類に基づく募集により取得させた株券等の発行価額の総額の100分の4.5に相当する額が課徴金の額となることから、 ア 平成23年９月12日提出の有価証券届出書に係る課徴金の額は、 4,203,100,000円×4.5／100＝189,139,500円 について、金融商品取引法第176条第２項の規定により１万円未満の端数を切り捨てて、189,130,000円 イ 平成24年10月12日提出の有価証券届出書に係る課徴金の額は、 4,281,011,096円×4.5／100＝192,645,499円 について、金融商品取引法第176条第２項の規定により１万円未満の端数を切り捨てて、192,640,000円 となる。",0
2014-02-21,2012/08/01-2013/06/30,株式会社,1301,株式会社トラヴィス・コンサルティングに対する検査結果に基づく勧告について（平成26年2月21日）,https://www.fsa.go.jp/sesc/news/c_2014/2014/20140221-1.html,平成２６年２月２１日 証券取引等監視委員会 株式会社トラヴィス・コンサルティングに対する検査結果に基づく勧告について １．勧告の内容 関東財務局長が株式会社トラヴィス・コンサルティング（東京都中央区、資本金１０百万円、常勤役職員３名、投資助言・代理業）を検査した結果、下記のとおり、当該金融商品取引業者に係る法令違反の事実が認められたので、本日、証券取引等監視委員会は、内閣総理大臣及び金融庁長官に対して、金融庁設置法第２０条第１項の規定に基づき、行政処分を行うよう勧告した。 ２．事実関係 ○無登録業者に名義貸しを行っている状況 株式会社トラヴィス・コンサルティング（以下「当社」という。）は、当社の名義をもって、金融商品取引業の登録を受けていない株式会社アスクバンク（以下「アスク社」という。現商号は株式会社インデックス）及び株式会社イメージ（以下「イメージ社」という。）に投資助言業務を行わせた。 その結果、アスク社は平成２４年８月から同２５年６月までの間に少なくとも９７４名に対し、イメージ社は平成２５年３月から同年６月までの間に少なくとも１６６名に対し、それぞれ投資助言業務を行った。 当社が行った上記の行為は、自己の名義をもって、他人に金融商品取引業を行わせたものであり、金融商品取引法第３６条の３に違反するものと認められる。 （参考条文） ○ 金融商品取引法（昭和23年法律第25号）（抄） （名義貸しの禁止） 第三十六条の三 　金融商品取引業者等は、自己の名義をもつて、他人に金融商品取引業（登録金融機関にあつては、登録金融機関業務。以下この款において同じ。）を行わせてはならない。,0
2015-12-24,2011/09/02-2012/05/07,新日本理化株式会社,4406,新日本理化株式会社及び明和産業株式会社の各株券に係る風説の流布、偽計及び大量保有報告書不提出事件の告発について（平成27年12月24日）,https://www.fsa.go.jp/sesc/news/c_2015/2015/20151224-1.html,English version 平成２７年１２月２４日 証券取引等監視委員会 新日本理化株式会社及び明和産業株式会社の各株券に係る風説の流布、偽計及び大量保有報告書不提出事件の告発について 証券取引等監視委員会は、本日、嫌疑者Ａ、Ｂを、金融商品取引法違反（嫌疑者両名につき風説の流布及び偽計、嫌疑者Ａにつき更に大量保有報告書不提出）の嫌疑で東京地方検察庁に告発した。告発の対象となった犯則事実については下記のとおり。 Ｉ．告発の対象となった犯則事実 第１ 犯則嫌疑者Ａ、Ｂは、共謀の上、財産上の利益を得る目的で １ 真実は、新日本理化株式会社が発行した株券につき、空売り残高の増加及び浮動株の減少による出来高の減少に伴い、株券の調達が困難となった売り方が高値で買い戻すことにより株価が上昇するいわゆる「空売りの踏み上げ相場」が形成されて株価が大きく上昇する状況になく、同株券の保有を継続する意思もないにもかかわらず、過去に株価が上昇した銘柄と同様に膨大な空売り残高が存在し、空売りの踏み上げ相場により株価が大きく上昇する可能性がある旨の虚偽の情報に加え、自己らが同株券の保有を継続する旨を示唆しつつ、他の投資家に対しても、自己らと同様、同株券の保有を継続するよう推奨する旨の文章を公表して、同株券の株価を上昇させた上、自己らがあらかじめ買い付けていた同株券を売り付けて利益を得ようと企て、同株券の売買のため及び同株券の株価を上昇させる目的をもって、平成２３年１１月１日から同年１２月２９日までの間、３回にわたり、東京都港区内等に設置されたパーソナルコンピューターを使用し、犯則嫌疑者Ａが主宰する「般若の会」名義のインターネット上のウェブサイト「時々の鐘の音」に、 別表（PDF:73KB） 上段の内容などを記載した文章を掲載し、不特定かつ多数の者が閲覧可能な状態にさせて同株券の株価を上昇させた上、平成２３年１１月２日から平成２４年２月１０日までの間、４９取引日にわたり、当該上昇させた株価により、犯則嫌疑者Ｂほか２名名義の同株券合計２９３万株を代金合計１６億８３４万４６００円で売り付け ２ 真実は、前記１記載のとおり、新日本理化株式会社が発行した株券につき、空売りの踏み上げ相場が形成されて株価が大きく上昇する旨の虚偽の情報を公表するなどしたほか、平成２４年２月１５日から同年３月２日までの間、同株券の売買が繁盛であると誤解させ、同株券の相場を変動させるべき一連の株券売買及びその委託をして、その株価を上昇させたものであったにもかかわらず、これらの事実を秘して、自己らが前記「時々の鐘の音」に記載したとおり、同株券の株価が１２９７円まで上昇したかのように装い、かつ、真実は、明和産業株式会社が発行した株券につき、空売りの踏み上げ相場が形成されて株価が大きく上昇する状況になく、同株券の保有を継続する意思もないにもかかわらず、過去に株価が上昇した銘柄と同様、空売りの踏み上げ相場により株価が大きく上昇する可能性がある旨の虚偽の情報に加え、自己らが同株券の保有を継続する旨を示唆しつつ、他の投資家に対しても、自己らと同様、同株券の保有を継続するよう推奨する旨の文章を公表して、同株券の株価を上昇させた上、自己らがあらかじめ買い付けていた同株券を売り付けて利益を得ようと企て、同株券の売買のため及び同株券の株価を上昇させる目的をもって、同年４月１７日、同都豊島区内に設置されたパーソナルコンピューターを使用し、前記「時々の鐘の音」に、 別表（PDF:73KB） 下段の内容などを記載した文章を掲載し、不特定かつ多数の者が閲覧可能な状態にさせて同株券の株価を上昇させた上、平成２４年４月１８日から同年５月７日までの間、１１取引日にわたり、当該上昇させた株価により、犯則嫌疑者Ｂほか２名名義の同株券合計４６３万４４００株を代金合計３２億５３６３万４００円で売り付け もって、それぞれ、有価証券の売買のため及び有価証券の相場の変動を図る目的をもって、風説を流布するとともに偽計を用いて相場を変動させた上、当該変動させた相場により、有価証券の売買を行った 第２ 犯則嫌疑者Ａは １ 平成２３年９月２日、新日本理化株式会社が発行した株券につき、２名名義で、合計１８５万６６００株を保有するに至り、夫婦の関係にある共同保有者が保有していた２８万４６００株を加算した数で除した株券等保有割合が発行済株式総数の１００分の５を超える大量保有者となったにもかかわらず、法定の除外事由がないのに、その提出期限までに、関東財務局長に大量保有報告書を提出しなかった ２ 平成２４年２月２９日、新日本理化株式会社が発行した株券につき、２名名義で、合計１７６万５２００株を保有するに至り、前記共同保有者が保有していた２３万５７００株を加算した数で除した株券等保有割合が発行済株式総数の１００分の５を超える大量保有者となったにもかかわらず、法定の除外事由がないのに、その提出期限までに、関東財務局長に大量保有報告書を提出しなかった ３ 平成２４年３月１４日、明和産業株式会社が発行した株券につき、２名名義で、合計２２３万６９００株を保有するに至り、その株券等保有割合が発行済株式総数の１００分の５を超える大量保有者となったにもかかわらず、法定の除外事由がないのに、その提出期限までに、関東財務局長に大量保有報告書を提出しなかった ものである。 II．関連条文 第１ 風説の流布及び偽計につき 金融商品取引法第197条第2項、第1項第5号、第158条、刑法第60条 法定刑：10年以下の懲役及び3000万円以下の罰金 第２ 大量保有報告書不提出につき 金融商品取引法第197条の2第5号、第27条の23第1項、第4項、第6項 法定刑：5年以下の懲役若しくは500万円以下の罰金又は併科 別表（PDF:73KB）,0
2015-12-15,2015/01/07,琉球銀行,8399,琉球銀行株式に係る相場操縦に対する課徴金納付命令の勧告について（平成27年12月15日）,https://www.fsa.go.jp/sesc/news/c_2015/2015/20151215-2.html,"English version 平成２７年１２月１５日 証券取引等監視委員会 琉球銀行株式に係る相場操縦に対する課徴金納付命令の勧告について １．勧告の内容 証券取引等監視委員会は、琉球銀行株式に係る相場操縦について検査した結果、下記のとおり法令違反の事実が認められたので、本日、内閣総理大臣及び金融庁長官に対して、金融庁設置法第２０条第１項の規定に基づき、課徴金納付命令を発出するよう勧告を行った。 ２．法令違反の事実関係 課徴金納付命令対象者は、株式会社琉球銀行の株式につき、同株式の売買が繁盛に行われていると他人に誤解させる等その売買の状況に関し他人に誤解を生じさせる目的をもって、平成２７年１月７日午前９時６分頃から同日午後２時５４分頃までの間、同株式合計３万６３００株につき、自己及びその親族の計算において、自己による売買の注文を対当させ、もって、権利の移転を目的としない仮装の売買をしたものである。 違反行為事実の概要については、別図のとおり。 課徴金納付命令対象者が行った上記の行為は、金融商品取引法第１７４条第１項に規定する「第１５９条第１項の規定に違反する有価証券の売買」に該当すると認められる。 ３．課徴金の額の計算 上記の違法行為に対し金融商品取引法に基づき納付を命じられる課徴金の額は、２２４万円である。 計算方法の詳細については、別紙のとおり。 （別図） ○ 違反行為事実の概要について （クリックすると拡大されます） （別紙） ○ 課徴金の額の計算方法について １．金融商品取引法第１７４条第１項に基づき、課徴金の額は、 違反行為期間における有価証券の売付数量が買付数量を超える場合の、当該超える数量に係るものについて、 （有価証券の売付価額）－（当該違反行為が終了してから１月を経過するまでの間の当該有価証券の最低価格×当該超える数量） または、 違反行為期間における有価証券の買付数量が売付数量を超える場合の、当該超える数量に係るものについて、 （当該違反行為が終了してから１月を経過するまでの間の当該有価証券の最高価格×当該超える数量）－（有価証券の買付価額） の額として計算される。 ２．課徴金納付命令対象者の違反行為について、本件における課徴金の額は、下記により算定される額　2,240,500円 ⇒課徴金の額は、１万円未満を切り捨てるため、 ２２４万円 (1) 違反行為期間における有価証券の売付数量は、実際の売付数量69,900株に、金融商品取引法第１７４条第６項及び同法施行令第３３条の９の４第１号により、違反行為の開始時にその時の価格（1,638円）で売付けをしたものとみなされる当該違反行為の開始時に有価証券を有しないで売付けをしている当該有価証券の数量113,400株を加えた183,300株である。 違反行為期間における有価証券の買付数量は、実際の買付数量70,400株に、金融商品取引法第１７４条第７項及び同法施行令第３３条の９の５第１号により、違反行為の開始時にその時の価格（1,638円）で買付けをしたものとみなされる当該違反行為の開始時に所有している当該有価証券の数量85,500株を加えた155,900株である。 (2) 上記(1)のとおり、違反行為期間における有価証券の売付数量が、買付数量を超えることから、 当該超える数量27,400株（183,300株－155,900株）について、当該超える数量に係る有価証券の売付価額から、当該違反行為が終了してから１月を経過するまでの間の当該有価証券の最低価格（1,555円）に当該超える数量を乗じて得た額を控除した額 売付価額44,847,500円 （注１） - 42,607,000円（1,555円×27,400株） ＝2,240,500円 （注１）売付価額は、 「1,630円×200株＋1,632円×200株＋1,633円×2,800株＋1,634円×4,600株＋1,635円×3,000株＋1,636円×1,800株＋1,637円×4,000株＋1,638円×4,700株＋1,639円×1,500株＋1,640円×2,000株＋1,641円×1,400株＋1,645円×1,200株」 の額である。 （注２）売付価額の算定においては、金融商品取引法施行令第３３条の９の６第５項の規定により、当該違反行為に係る有価証券の売付けのうち最も遅い時期に行われたものから順次当該超える数量まで割り当てることとなる。",0
2015-12-04,2012/02/15-2012/03/05,新日本理化株式会社,4406,新日本理化株式会社株券に係る相場操縦嫌疑事件の告発について（平成27年12月4日）,https://www.fsa.go.jp/sesc/news/c_2015/2015/20151204-1.html,English version 平成２７年１２月４日 証券取引等監視委員会 新日本理化株式会社株券に係る相場操縦嫌疑事件の告発について 証券取引等監視委員会は、本日、金融商品取引法違反（相場操縦）の嫌疑で、嫌疑者３名を東京地方検察庁に告発した。告発の対象となった犯則事実については下記のとおり。 １．告発の対象となった犯則事実 犯則嫌疑者Ａ、Ｂ、Ｃは、共謀の上、財産上の利益を得る目的で、大阪市中央区北浜１丁目８番１６号所在の株式会社大阪証券取引所（当時）が開設していた有価証券市場に上場されていた新日本理化株式会社の株券について、その株価の高値形成を図り、同株券の売買を誘引する目的をもって、平成２４年２月１５日から同年３月２日までの間、１３取引日にわたり、同市場において、犯則嫌疑者Ｂ、Ｃほか２名義で、証券会社７社を介し、立会時間の開始前に大量の成行買い注文等を発注して始値を引き上げ、立会時間に高指値の買い注文を発注して株価を引き上げ、又は下値に大量の買い注文を発注して下値を支えるなどの方法により、同株券合計２９６万５６００株を買い付けるとともに、同株券合計２７９万６６００株の買付けの委託を行う一連の取引をし、その株価を８７１円から１２９７円まで上昇させた上、同年２月１７日から同年３月５日までの間、４取引日にわたり、当該上昇させた株価により、同株券合計１４７万５４００株を売り付け、もって同株券の売買が繁盛であると誤解させ、かつ、同株券の相場を変動させるべき一連の株券売買及びその委託をし、当該上昇させた株価により同株券の売買を行ったものである。 ２．関連条文 金融商品取引法第197条第2項、同条第1項第5号、第159条第2項第1号、刑法第60条 法定刑：10年以下の懲役及び3000万円以下の罰金,0
2015-12-07,2010/12/15-2013/12/11,株式会社東芝,6588,株式会社東芝に係る有価証券報告書等の虚偽記載に係る課徴金納付命令勧告について（平成27年12月7日）,https://www.fsa.go.jp/sesc/news/c_2015/2015/20151207-1.html,"English version 平成27年12月７日 証券取引等監視委員会 株式会社東芝に係る有価証券報告書等の虚偽記載に係る課徴金納付命令勧告について １．勧告の内容 証券取引等監視委員会は、株式会社東芝に係る有価証券報告書等の虚偽記載について検査した結果、以下のとおり法令違反の事実が認められたので、本日、内閣総理大臣及び金融庁長官に対して、金融庁設置法第20条第１項の規定に基づき、課徴金納付命令を発出するよう勧告を行った。 ２．法令違反の事実関係 (1) 継続開示書類 株式会社東芝（以下「当社」という。）は、一部の工事進行基準適用案件において、工事損失引当金の過少計上及び売上の過大計上を行ったほか、映像事業、パソコン事業及び半導体事業等の一部において、売上原価の過少計上、費用の過少計上などを行った。 これらの結果、当社は、関東財務局長に対し、 別紙１ のとおり、金融商品取引法第172条の４第１項に規定する「重要な事項につき虚偽の記載がある」以下の有価証券報告書を提出したものである。 平成24年３月期有価証券報告書（平成24年６月22日提出） 平成25年３月期有価証券報告書（平成25年６月25日提出） (2) 発行開示書類 当社は、関東財務局長に対し、以下のとおり、金融商品取引法第172条の２第１項第１号に規定する「重要な事項につき虚偽の記載がある」発行開示書類を提出し、当該発行開示書類に基づく募集により有価証券を取得させたものである。 ア 平成22年12月９日、平成21年４月１日から平成22年３月31日までの連結会計期間につき、売上原価の過少計上等により、同期間における連結当期純損益が53,943百万円（百万円未満切捨て。以下同じ。）の損失であるところを19,743百万円の損失と記載するなどした連結損益計算書を掲載した有価証券報告書を参照書類とする発行登録追補書類を提出し、同発行登録追補書類に基づく募集により、同年12月15日、社債券を120,000,000,000円で取得させた。 イ 平成25年１月17日、重要な事項につき虚偽の記載がある平成24年３月期有価証券報告書（ 別紙１ 参照）を参照書類とする発行登録追補書類を提出し、同発行登録追補書類に基づく募集により、同年１月28日、社債券を30,000,000,000円で取得させた。 ウ 平成25年５月24日、重要な事項につき虚偽の記載がある平成24年３月期有価証券報告書（ 別紙１ 参照）を参照書類とする発行登録追補書類を提出し、同発行登録追補書類に基づく募集により、同年５月30日、社債券を90,000,000,000円で取得させた。 エ 平成25年７月12日、重要な事項につき虚偽の記載がある平成25年３月期有価証券報告書（ 別紙１ 参照）を参照書類とする発行登録追補書類を提出し、同発行登録追補書類に基づく募集により、同年７月26日、社債券を30,000,000,000円で取得させた。 オ 平成25年12月５日、重要な事項につき虚偽の記載がある平成25年３月期有価証券報告書（ 別紙１ 参照）を参照書類とする発行登録追補書類を提出し、同発行登録追補書類に基づく募集により、同年12月11日、社債券を50,000,000,000円で取得させた。 ３．課徴金の額の計算 上記の違法行為について金融商品取引法に基づき算定される課徴金の額は、73億7,350万円である。（計算方法については 別紙２ のとおり。） （別紙１）株式会社東芝の有価証券報告書の虚偽記載内容 （別紙１）株式会社東芝の有価証券報告書の虚偽記載内容 番 号 開示書類 虚偽記載 提出日 書類 会計期間 財務計算に 関する書類 内容（注１） 事由 １ 平成24年 ６月22日 第173期事業年度連結会計期間に係る有価証券報告書（平成24年３月期有価証券報告書） 平成23年４月１日～平成24年３月31日の連結会計期間 連結 損益計算書 連結当期純損益が3,194百万円であるところを70,054百万円（注２）と記載 ・工事損失引当金の過少計上及び売上の過大計上 ・売上原価の過少計上 ・費用の過少計上 等 ２ 平成25年 ６月25日 第174期事業年度連結会計期間に係る有価証券報告書（平成25年３月期有価証券報告書） 平成24年４月１日～平成25年３月31日の連結会計期間 連結 損益計算書 連結当期純損益が13,425百万円であるところを77,366百万円（注３）と記載 ・工事損失引当金の過少計上及び売上の過大計上 ・売上原価の過少計上 ・費用の過少計上 等 （注１）金額は百万円未満切捨てである。 （注２）平成25年３月期有価証券報告書に掲載された連結損益計算書記載の遡及修正後の計数である。 （注３）平成26年３月期有価証券報告書に掲載された連結損益計算書記載の遡及修正後の計数である。 （別紙２）課徴金の計算方法 (1) 金融商品取引法第172条の４第１項の規定により、平成24年３月期有価証券報告書に係る課徴金の額は、 ア 当該法人が発行する算定基準有価証券の市場価額の総額に10万分の６を乗じて得た額（92,277,727円） が イ 6,000,000円 を超えることから、92,277,727円について、金融商品取引法第176条第２項の規定により１万円未満の端数を切り捨てて92,270,000円となる。 (2) 金融商品取引法第172条の４第１項の規定により、平成25年３月期有価証券報告書に係る課徴金の額は、 ア 当該法人が発行する算定基準有価証券の市場価額の総額に10万分の６を乗じて得た額（81,236,859円） が イ 6,000,000円 を超えることから、81,236,859円について、金融商品取引法第176条第２項の規定により１万円未満の端数を切り捨てて81,230,000円となる。 (3) 金融商品取引法第172条の２第１項第１号の規定により、重要な事項につき虚偽の記載がある発行開示書類に基づく募集により取得させた有価証券の発行価額の総額の100分の2.25に相当する額が課徴金の額となることから、 ア 平成22年12月９日提出の発行登録追補書類に係る課徴金の額は、 120,000,000,000円×2.25／100＝2,700,000,000円 イ 平成25年１月17日提出の発行登録追補書類に係る課徴金の額は、 30,000,000,000円×2.25／100＝675,000,000円 ウ 平成25年５月24日提出の発行登録追補書類に係る課徴金の額は、 90,000,000,000円×2.25／100＝2,025,000,000円 エ 平成25年７月12日提出の発行登録追補書類に係る課徴金の額は、 30,000,000,000円×2.25／100＝675,000,000円 オ 平成25年12月５日提出の発行登録追補書類に係る課徴金の額は、 50,000,000,000円×2.25／100＝1,125,000,000円 となる。",0
2015-10-23,2014/06/10,東邦銀行,8346,東邦銀行株式に係る相場操縦に対する課徴金納付命令の勧告について（平成27年10月23日）,https://www.fsa.go.jp/sesc/news/c_2015/2015/20151023-3.html,"English version 平成２７年１０月２３日 証券取引等監視委員会 東邦銀行株式に係る相場操縦に対する課徴金納付命令の勧告について １．勧告の内容 証券取引等監視委員会は、東邦銀行株式に係る相場操縦について検査した結果、下記のとおり法令違反の事実が認められたので、本日、内閣総理大臣及び金融庁長官に対して、金融庁設置法第２０条第１項の規定に基づき、課徴金納付命令を発出するよう勧告を行った。 ２．法令違反の事実関係 課徴金納付命令対象者は、株式会社東邦銀行の株式につき、同株式の売買を誘引する目的をもって、平成２６年６月１０日午前１０時５９分頃から同日午後２時１５分頃までの間、直前の約定値より高指値の売り注文と買い注文を対当させて株価を引き上げたり、直前の約定値より高指値の買い注文を連続して発注して株価を引き上げるなどの方法により、同株式合計１５７万６０００株を買い付ける一方、同株式合計１１９万８０００株を売り付け、もって、自己の計算において、同株式の売買が繁盛であると誤解させ、かつ、同市場における同株式の相場を変動させるべき一連の売買をしたものである。 課徴金納付命令対象者が行った上記の行為は、金融商品取引法第１７４条の２第１項に規定する「第１５９条第２項第１号の規定に違反する一連の有価証券売買等」に該当すると認められる。 ３．課徴金の額の計算 上記の違法行為に対し金融商品取引法に基づき納付を命じられる課徴金の額は、１５１７万円である。 計算方法の詳細については、別紙のとおり。 （別紙） ○ 課徴金の額の計算方法について １．金融商品取引法第１７４条の２第１項に基づき、課徴金の額は、 (1) 売買対当数量 （注１） に係るものについて、 （有価証券の売付価額）－（有価証券の買付価額） と、 (2) 当該違反行為に係る有価証券の売付数量が買付数量を超える場合の、当該超える数量に係るものについて、 （有価証券の売付価額）－（当該違反行為が終了してから１月を経過するまでの間の当該有価証券の最低価格×当該超える数量） または、 当該違反行為に係る有価証券の買付数量が売付数量を超える場合の、当該超える数量に係るものについて、 （当該違反行為が終了してから１月を経過するまでの間の当該有価証券の最高価格×当該超える数量）－（有価証券の買付価額） との合計額として計算される。 （注１）売買対当数量：当該違反行為に係る有価証券の売付数量と買付数量のうち、いずれか少ない数量をいう。 ２．課徴金納付命令対象者の違反行為について、本件における課徴金の額は、下記(1)及び(2)によりそれぞれ算定される額の合計　15,172,088円 ⇒課徴金の額は、１万円未満を切り捨てるため、 １５１７万円 (1) 当該違反行為に係る売買対当数量は、 (ｉ)当該違反行為に係る有価証券の売付数量は、1,198,000株であり、 (ii)当該違反行為に係る有価証券の買付数量は、実際の買付け等の数量1,576,000株に、金融商品取引法第１７４条の２第８項及び同法施行令第３３条の１３第１号により、違反行為の開始時にその時における価格（353円）で買付けをしたものとみなされる当該違反行為の開始時に所有している当該有価証券の数量453,587株を加えた2,029,587株である ことから、1,198,000株となる。 当該売買対当数量に係るものについて、 売付価額435,336,000円 （注２） － 買付価額426,999,130円 （注３） ＝8,336,870円 （注２）売付価額は、 「353円×7,000株＋354円×48,000株＋357円×5,000株＋358円×281,000株＋359円×7,000株＋360円×5,000株＋361円×201,000株＋362円×9,000株＋363円×31,000株＋364円×5,000株＋365円×269,000株＋370円×330,000株」 の額である。 （注３）買付価額は、 「352円×8,000株＋353円×517,587株＋354円×64,000株＋355円×3,000株＋357円×35,000株＋358円×247,000株＋359円×11,000株＋360円×56,000株＋361円×201,000株＋362円×18,000株＋363円×413株＋364円×18,000株＋365円×14,000株＋367円×5,000株」 の額である。 （注４）買付価額の算定においては、金融商品取引法施行令第３３条の１４第５項の規定により、当該違反行為に係る有価証券の買付けのうち最も早い時期に行われたものから順次当該売買対当数量に達するまで割り当てることとなる。 本件においては、違反行為の開始時点において所有しており、金融商品取引法第１７４条の２第８項及び同法施行令第３３条の１３第１号の規定により、違反行為の開始時点にその時における価格（353円）で買い付けたものとみなされるもの（みなし買付け）から割り当てられることとなる。 (2) 上記(1)のとおり、当該違反行為に係る有価証券の買付数量が、売付数量を超えることから、 当該超える数量831,587株（2,029,587株－1,198,000株）について、 当該違反行為が終了してから１月を経過するまでの間の当該有価証券の最高価格（377円）に当該超える数量を乗じて得た額 313,508,299円（377円×831,587株）－ 買付価額306,673,081円 （注５） ＝6,835,218円 （注５）買付価額は、 「363円×1,587株＋364円×9,000株＋365円×262,000株＋366円×24,000株＋367円×2,000株＋368円×18,000株＋369円×12,000株＋370円×401,000株＋371円×13,000株＋372円×17,000株＋373円×8,000株＋375円×8,000株＋376円×11,000株＋377円×28,000株＋378円×15,000株＋379円×2,000株」 の額である。",0
2015-10-23,2007/06/28-2010/06/29,オリンパス株式会社,7733,オリンパス株式会社に係る虚偽有価証券報告書提出事件の告発について(4)（平成27年10月23日）,https://www.fsa.go.jp/sesc/news/c_2015/2015/20151023-1.html,English version 平成２７年１０月２３日 証券取引等監視委員会 オリンパス株式会社に係る虚偽有価証券報告書提出事件の告発について(4) 証券取引等監視委員会は、本日、証券取引法及び金融商品取引法違反幇助（虚偽有価証券報告書提出）の嫌疑で、嫌疑者１名を東京地方検察庁に告発した。告発の対象となった犯則事実については下記のとおり。 １．告発の対象となった犯則事実 犯則嫌疑者は、オリンパス株式会社(以下「オリンパス」という)の代表取締役社長らが共謀の上、同社の業務及び財産に関し １ 平成18年4月１日から平成19年3月31日までの連結会計年度につき、同年6月28日、関東財務局において、同財務局長に対し、同社の連結会計年度における連結純資産額が約2324億5900万円であったにもかかわらず、損失を抱えた金融商品を簿外処理するなどの方法により、「純資産合計」欄に3448億7100万円と記載するなどした連結貸借対照表を掲載した有価証券報告書を提出し ２ 平成19年4月１日から平成20年3月31日までの連結会計年度につき、同年6月27日、関東財務局において、同財務局長に対し、同社の連結会計年度における連結純資産額が約2500億2900万円であったにもかかわらず、損失を抱えた金融商品を簿外処理するとともに架空ののれん代を計上するなどの方法により、「純資産合計」欄に3678億7600万円と記載するなどした連結貸借対照表を掲載した有価証券報告書を提出し ３ 平成20年4月１日から平成21年3月31日までの連結会計年度につき、同年6月26日、関東財務局において、同財務局長に対し、同社の連結会計年度における連結純資産額が約1208億5200万円であったにもかかわらず、損失を抱えた金融商品を簿外処理するとともに架空ののれん代を計上するなどの方法により、「純資産合計」欄に1687億8400万円と記載するなどした連結貸借対照表を掲載した有価証券報告書を提出し ４ 平成21年4月１日から平成22年3月31日までの連結会計年度につき、同年6月29日、関東財務局において、同財務局長に対し、同社の連結会計年度における連結純資産額が約1713億7100万円であったにもかかわらず、架空ののれん代を計上するなどの方法により、「純資産合計」欄に2168億9100万円と記載するなどした連結貸借対照表を掲載した有価証券報告書を提出し もってそれぞれ重要な事項につき虚偽の記載のある有価証券報告書を提出した際、その情を知りながら、有価証券の売買等を目的とする会社の取締役であった者と共同して 第１ 前記１の事実について、平成19年6月28日までの間、オリンパスの簿外損失を管理するためのファンド等の維持管理を行うなどして損失を抱えた金融商品を簿外処理することを可能にするなどし 第２ 前記２の事実について、平成20年6月27日までの間、前記ファンド等の維持管理及びファンド間の送金を行い、オリンパスの企業買収に関する業務の報酬名目で犯則嫌疑者が経営するAxes America LLC（以下「アクシーズアメリカ」という）に対する株式オプションを発行させるなどして、損失を抱えた金融商品を簿外処理することを可能にするとともに同株式オプションの評価額を前記２の有価証券報告書にのれん代として計上することを可能にするなどし 第３ 前記３の事実について、平成21年6月26日までの間、前記ファンド等の維持管理及びファンド間の送金を行い、オリンパスの企業買収に関する業務の報酬名目でアクシーズアメリカに付与された前記株式オプション及びワラント購入権を、AXAM INVESTMENTS LTD.（以下「AXAM」という。）に買い取らせ、架空ののれん代相当額をオリンパスに還流させる名目を作出するなどする一方、オリンパスに同ワラント購入権を著しく高額で買い取らせるなどして、損失を抱えた金融商品を簿外処理することを可能にするとともに同ワラント購入権の代金額を前記３の有価証券報告書にのれん代として計上することを可能にするなどし 第４ 前記４の事実について、平成22年3月下旬頃、オリンパスの企業買収に関する業務の報酬名目でアクシーズアメリカに付与された前記株式オプションの譲渡を受けたAXAMに対し同株式オプションに代えて付与されていた配当優先株を、オリンパスに著しく高額で買い取らせるなどして、その買取額と簿価との差額を前記４の有価証券報告書にのれん代として計上することを可能にするなどし もってそれぞれ前記１ないし４の各犯行を容易にしてこれを幇助したものである。 ２．関連条文 第１ 平成18年法律第65号第3条による改正前の証券取引法第197条第1項第1号、第24条第1項第1号、第207条第1項第1号、刑法第62条第1項 法定刑：5年以下の懲役若しくは500万円以下の罰金又は併科 第２ 平成20年法律第65号第１条による改正前の金融商品取引法第197条第1項第1号、第24条第1項第1号、現行第207条第1項第1号、刑法第62条第１項 法定刑：5年以下の懲役若しくは500万円以下の罰金又は併科 第３、４ 平成23年法律第49号第１条による改正前の金融商品取引法第197条第1項第1号、現行第24条第1項第1号、第207条第1項第1号、刑法第62条第１項 法定刑：5年以下の懲役若しくは500万円以下の罰金又は併科,0
2015-09-18,2014/01/28-2014/02/25,株式会社ヤマザキ,6147,ヤマザキ株式に係る相場操縦に対する課徴金納付命令の勧告について（平成27年9月18日）,https://www.fsa.go.jp/sesc/news/c_2015/2015/20150918-1.html,"English version 平成２７年９月１８日 証券取引等監視委員会 ヤマザキ株式に係る相場操縦に対する課徴金納付命令の勧告について １．勧告の内容 証券取引等監視委員会は、株式会社ヤマザキの株式に係る相場操縦について検査した結果、下記のとおり法令違反の事実が認められたので、本日、内閣総理大臣及び金融庁長官に対して、金融庁設置法第２０条第１項の規定に基づき、課徴金納付命令を発出するよう勧告を行った。 ２．法令違反の事実関係 課徴金納付命令対象者は、株式会社ヤマザキの株式につき、同株式の売買を誘引する目的をもって、平成２６年１月２８日午後２時２４分頃から同年２月２５日午前１１時２８分頃までの間、２０取引日にわたり、直前の約定値より高指値の売り注文と買い注文を対当させて株価を引き上げたり、直前の約定値より高指値の買い注文を連続して発注して株価を引き上げるなどの方法により、同株式合計４万２９００株を買い付ける一方、同株式合計４万１０００株を売り付け、そのうち、自己の計算において、同株式合計３万８９００株を買い付ける一方、同株式合計３万７０００株を売り付け、もって、同株式の売買が繁盛であると誤解させ、かつ、同株式の相場を変動させるべき一連の売買をしたものである。 課徴金納付命令対象者が行った上記の行為は、金融商品取引法第１７４条の２第１項に規定する「第１５９条第２項第１号の規定に違反する一連の有価証券売買等」に該当すると認められる。 ３．課徴金の額の計算 上記の違法行為に対し金融商品取引法に基づき納付を命じられる課徴金の額は、７１万円である。 計算方法の詳細については、別紙のとおり。 （別紙） ○ 課徴金の額の計算方法について １．金融商品取引法第１７４条の２第１項に基づき、課徴金の額は、 (1) 売買対当数量 （注１） に係るものについて、 （有価証券の売付価額）－（有価証券の買付価額） と、 (2) 当該違反行為に係る有価証券の売付数量が買付数量を超える場合の、当該超える数量に係るものについて、 （有価証券の売付価額）－（当該違反行為が終了してから１月を経過するまでの間の当該有価証券の最低価格×当該超える数量） または、 当該違反行為に係る有価証券の買付数量が売付数量を超える場合の、当該超える数量に係るものについて、 （当該違反行為が終了してから１月を経過するまでの間の当該有価証券の最高価格×当該超える数量）－（有価証券の買付価額） との合計額として計算される。 （注１）売買対当数量：当該違反行為に係る有価証券の売付数量と買付数量のうち、いずれか少ない数量をいう。 ２．課徴金納付命令対象者の違反行為について、本件における課徴金の額は、下記(1)及び(2)によりそれぞれ算定される額の合計　711,600円 ⇒課徴金の額は１万円未満を切り捨てるため、 ７１万円 (1) 当該違反行為に係る売買対当数量は、 (ｉ) 当該違反行為に係る有価証券の売付数量は、37,000株 （注２） であり、 (ii) 当該違反行為に係る有価証券の買付数量は、38,900株 （注２） である ことから、37,000株となる。 当該売買対当数量に係るものについて、 売付価額22,562,300円 （注３） － 買付価額21,980,200円 （注４） ＝582,100円 （注２）自己の計算における売買の数量である。 （注３）売付価額は、 「474円×200株＋482円×100株＋485円×100株＋490円×100株＋495円×100株＋496円×100株＋498円×2,100株＋499円×200株＋500円×200株＋507円×500株＋520円×800株＋523円×200株＋525円×500株＋526円×800株＋527円×100株＋528円×100株＋530円×300株＋531円×200株＋539円×100株＋545円×900株＋549円×100株＋555円×100株＋565円×1,600株＋570円×200株＋571円×1,000株＋575円×600株＋580円×1,800株＋581円×800株＋582円×500株＋586円×600株＋590円×1,300株＋593円×100株＋595円×500株＋599円×200株＋600円×900株＋603円×800株＋610円×100株＋611円×100株＋612円×100株＋620円×1,500株＋621円×200株＋622円×200株＋623円×100株＋625円×300株＋630円×1,700株＋633円×200株＋634円×100株＋639円×400株＋640円×500株＋655円×500株＋659円×100株＋660円×1,500株＋665円×200株＋666円×100株＋667円×400株＋668円×400株＋669円×100株＋670円×1,200株＋671円×600株＋672円×300株＋673円×100株＋676円×100株＋679円×300株＋680円×3,400株＋698円×300株＋709円×1,100株＋710円×300株＋735円×1,700株」 の額である。 （注４）買付価額は、 「412円×100株＋421円×200株＋438円×200株＋440円×100株＋445円×300株＋450円×500株＋458円×100株＋461円×200株＋464円×100株＋466円×100株＋468円×100株＋469円×200株＋474円×100株＋481円×200株＋482円×100株＋489円×100株＋491円×100株＋493円×200株＋496円×100株＋500円×700株＋501円×100株＋502円×100株＋504円×100株＋509円×100株＋511円×600株＋520円×1,000株＋521円×100株＋523円×600株＋530円×100株＋531円×300株＋532円×500株＋533円×300株＋534円×300株＋540円×400株＋543円×100株＋550円×100株＋551円×100株＋553円×100株＋556円×100株＋560円×200株＋561円×100株＋563円×300株＋566円×1,300株＋570円×200株＋571円×100株＋573円×100株＋575円×100株＋576円×100株＋577円×100株＋578円×100株＋579円×400株＋580円×1,300株＋582円×500株＋583円×200株＋584円×600株＋585円×600株＋586円×600株＋589円×600株＋592円×800株＋599円×200株＋600円×2,300株＋602円×500株＋603円×500株＋605円×100株＋608円×200株＋609円×400株＋610円×700株＋612円×100株＋615円×500株＋616円×200株＋617円×100株＋620円×2,200株＋621円×100株＋622円×100株＋624円×100株＋625円×100株＋627円×200株＋629円×200株＋630円×1,000株＋631円×500株＋632円×400株＋634円×100株＋639円×500株＋640円×200株＋647円×100株＋648円×100株＋649円×100株＋650円×600株＋652円×200株＋653円×100株＋654円×200株＋655円×400株＋658円×100株＋659円×200株＋660円×200株＋662円×500株＋667円×100株＋668円×100株＋669円×100株＋670円×600株＋671円×300株＋675円×100株＋680円×1,600株＋684円×100株＋690円×600株＋694円×100株＋705円×100株＋706円×100株＋709円×1,000株＋720円×100株＋735円×500株」 の額である。 （注５）買付価額の算定においては、金融商品取引法施行令第３３条の１４第５項の規定により、当該違反行為に係る有価証券の買付けのうち最も早い時期に行われたものから順次当該売買対当数量に達するまで割り当てることとなる。 (2) 上記(1)のとおり、当該違反行為に係る有価証券の買付数量が、売付数量を超えることから、 当該超える数量1,900株（38,900株－37,000株）について、 当該違反行為が終了してから１月を経過するまでの間の当該有価証券の最高価格（724円）に当該超える数量を乗じて得た額 1,375,600円（724円×1,900株）－ 買付価額1,246,100円 （注６） ＝129,500円 （注６）買付価額は、 「620円×400株＋630円×100株＋635円×100株＋653円×200株＋663円×100株＋664円×200株＋665円×100株＋668円×100株＋670円×100株＋673円×100株＋676円×100株＋679円×100株＋690円×100株＋698円×100株」 の額である。",0
2015-08-07,2011/09/01-2015/08/07,ＪＰＭ株式会社,3276,ＪＰＭ株式会社に対する検査結果について（平成27年8月7日）,https://www.fsa.go.jp/sesc/news/c_2015/2015/20150807-2.html,English version 平成27年８月７日 証券取引等監視委員会 ＪＰＭ株式会社に対する検査結果について １．検査結果 証券取引等監視委員会がＪＰＭ株式会社（所在地　東京都中央区、資本金1000万円、常勤役職員８名、適格機関投資家等特例業務届出者。金融商品取引業の登録はない。以下「当社」という。）を検査した結果、下記のとおり、当該適格機関投資家等特例業務届出者に係る問題が認められたので、本日、証券取引等監視委員会は、金融庁長官に対して、適切な措置を講じるための情報提供を行った。 ２．事実関係 当社は、適格機関投資家等特例業務（以下「特例業務」という。）として、自らを営業者とする４つの匿名組合（以下「本件ファンド」という。）の出資持分の取得勧誘を行い、平成23年９月以降、延べ169名の顧客から総額６億3440万円を受けている。 そのような中、本件ファンド業務の運営状況等を検証したところ、以下の問題点が認められた。 (１)　第二種金融商品取引業に係る無登録営業 特例業務については、適格機関投資家以外の者からの出資は49名以下でなければならないところ、当社は、本件ファンドのうち２ファンドについて、49名を超える適格機関投資家以外の者に取得勧誘を行い、出資を受けている。 当社による上記（１）の行為は、金融商品取引法（以下「金商法」という。）第28条第２項に規定する「第二種金融商品取引業」に該当し、当社が同法第29条に基づく登録を受けることなく、上記行為を行うことは、同条に違反するものと認められる。 (２)　金融商品取引契約の締結又はその勧誘に関して、顧客に対し虚偽のことを告げる行為 当社は、本件ファンドのうち１ファンドについて、実際には損失が生じているにもかかわらず、運用益が生じているとの虚偽の運用報告書を作成し、顧客に対し、これに基づいて実態と異なる運用状況を説明し、取得勧誘を行い、追加出資を受けている。 当社による上記（２）の行為は、金融商品取引契約の締結又はその勧誘に関して、顧客に対し虚偽のことを告げる行為に該当する(金商法第63条第４項、第38条第１号)。 (３)　ファンドの運用及び出資金の管理が極めて不透明、かつ、杜撰な状況 当社は、本件ファンドにおいて、いずれも会計帳簿等を作成していないことから、ファンドの財産状況等を把握できない状態となっているところ、出資金の大部分を現金で受領し、これを本件ファンドごとに分けることなく金庫に保管するなどしているほか、現金出納帳も作成していないため、現金の入出金の履歴や使途等を正確に把握できていない。また、当社は、本件ファンドのうち２ファンドについて、当該ファンドの投資対象事業への投資額を正確に把握できていないほか、当該ファンドの出資金の一部を会社経費等へ流用したとしているが、当社においてもその流用額を把握できていない。 このように当社のファンドの運用及び出資金の管理は極めて不透明、かつ、杜撰な状況にあるものと認められる。 当社が行った上記（３）の行為は、投資者保護上重大な問題があるものと認められる。 （参考条文） 金融商品取引法（昭和23年法律第25号）(抄) （登録） 第二十九条　金融商品取引業は、内閣総理大臣の登録を受けた者でなければ、行うことができない。 （禁止行為） 第三十八条　金融商品取引業者等又はその役員若しくは使用人は、次に掲げる行為をしてはならない。ただし、第四号から第六号までに掲げる行為にあつては、投資者の保護に欠け、取引の公正を害し、又は金融商品取引業の信用を失墜させるおそれのないものとして内閣府令で定めるものを除く。 一　金融商品取引契約の締結又はその勧誘に関して、顧客に対し虚偽のことを告げる行為 （以下、略） （適格機関投資家等特例業務） 第六十三条　次の各号に掲げる行為については、第二十九条及び第三十三条の二の規定は、適用しない。 一　適格機関投資家等（適格機関投資家以外の者で政令で定めるもの（その数が政令で定める数以下の場合に限る。）及び適格機関投資家をいう。以下この条において同じ。）で次のいずれにも該当しない者を相手方として行う第二条第二項第五号又は第六号に掲げる権利に係る私募（適格機関投資家等（次のいずれにも該当しないものに限る。）以外の者が当該権利を取得するおそれが少ないものとして政令で定めるものに限る。） イ～ハ　(略) 二　(略) ２・３　(略) ４　特例業務届出者が適格機関投資家等特例業務を行う場合においては、当該特例業務届出者を金融商品取引業者とみなして、第三十八条（第一号に係る部分に限る。）及び第三十九条並びにこれらの規定に係る第八章及び第八章の二の規定を適用する。 （以下、略）,0
2015-08-04,2013/10/16-2014/03/12,ビリングシステム株式会社,3623,Ｃ＆Ｇシステムズ株式ほか1銘柄に係る相場操縦に対する課徴金納付命令の勧告について（平成27年8月4日）,https://www.fsa.go.jp/sesc/news/c_2015/2015/20150804-1.html,"English version 平成２７年８月４日 証券取引等監視委員会 Ｃ＆Ｇシステムズ株式ほか1銘柄に係る相場操縦に対する課徴金納付命令の勧告について １．勧告の内容 証券取引等監視委員会は、Ｃ＆Ｇシステムズ株式ほか1銘柄に係る相場操縦について検査した結果、下記のとおり法令違反の事実が認められたので、本日、内閣総理大臣及び金融庁長官に対して、金融庁設置法第２０条第１項の規定に基づき、課徴金納付命令を発出するよう勧告を行った。 ２．法令違反の事実関係 課徴金納付命令対象者は、株式の売買を誘引する目的をもって、 別表（PDF:17KB） 記載のとおり、自己の計算において、 (1) 株式会社Ｃ＆Ｇシステムズ（以下「Ｃ＆Ｇシステムズ」という。）の株式につき、平成２５年１０月１６日午前１０時３２分頃から同月２５日午後１時５７分頃までの間、８取引日において、大口の下値買い注文を入れるなどの方法により、同株式合計１０万９４００株の買付けの委託を行うとともに、同株式５万６４００株を買い付ける一方、同株式合計６万５７００株を売り付けるなどし、 (2) ビリングシステム株式会社（以下「ビリングシステム」という。）の株式につき、同年１１月６日午前９時１４分頃から同日午前９時１９分頃までの間、前記同様の方法により、同株式合計１７００株の買付けの委託を行うとともに、同株式１００株を買い付ける一方、同株式合計６００株を売り付けるなどし、 (3) Ｃ＆Ｇシステムズの株式につき、平成２６年３月３日午前９時２４分頃から同月１２日午前１１時２分頃までの間、８取引日にわたり、前記同様の方法により、同株式合計９万３８００株の買付けの委託を行うとともに、同株式合計９万５４００株を買い付ける一方、同株式合計１０万２７００株を売り付けるなどし、 もって、Ｃ＆Ｇシステムズ及びビリングシステム各株式の売買が繁盛であると誤解させ、かつ、前記各株式の相場を変動させるべき一連の売買及び委託をしたものである。 課徴金納付命令対象者が行った上記の行為は、金融商品取引法第１７４条の２第１項に規定する「第１５９条第２項第１号の規定に違反する一連の有価証券売買等」及び「その委託等」に該当すると認められる。 ３．課徴金の額の計算 上記の違法行為に対し金融商品取引法に基づき納付を命じられる課徴金の額は、合計３８２万５０００円である。 計算方法の詳細については、別紙のとおり。 （別紙） ○ 課徴金の額の計算方法について １．課徴金納付命令対象者は、本件違反行為開始時から遡り５年以内に課徴金納付命令を受けていることから、同人に対する今般の課徴金額は、金融商品取引法第１７４条の２第１項による額に代えて、当該額の１．５倍相当額となる（金融商品取引法第１８５条の７第１５項）ため、課徴金の額は、 (1) 売買対当数量 （注１） に係るものについて、 （有価証券の売付価額）－（有価証券の買付価額） と、 (2) 当該違反行為に係る有価証券の売付数量が買付数量を超える場合の、当該超える数量に係るものについて、 （有価証券の売付価額）－（当該違反行為が終了してから１月を経過するまでの間の当該有価証券の最低価格×当該超える数量） または、 当該違反行為に係る有価証券の買付数量が売付数量を超える場合の、当該超える数量に係るものについて、 （当該違反行為が終了してから１月を経過するまでの間の当該有価証券の最高価格×当該超える数量）－（有価証券の買付価額） との合計額の１．５倍として計算される。 （注１）売買対当数量：当該違反行為に係る有価証券の売付数量と買付数量のうち、いずれか少ない数量をいう。 ２．課徴金納付命令対象者の各違反行為について、本件における課徴金の額は、下記(1)から(7)によりそれぞれ算定される額の合計　3,825,000円 （注２）この場合、同法第１８５条の７第３０項により，課徴金の額に1円未満の端数があるときは，その端数は切り捨てられることになる。 (1) Ｃ＆Ｇシステムズ株式（ 別表（PDF:17KB） の１．Ａ）に係る課徴金の額は、下記ア．及びイ．によりそれぞれ算定される額の合計　122,200円 ⇒課徴金の額は、１万円未満を切り捨てるため、１２万円 ⇒１８５条の7第１５項の規定により、１．５倍となるため、 １８万円 ア．当該違反行為に係る売買対等数量は、 (ア) 当該違反行為に係る有価証券の売付数量は、33,100株であり、 (イ) 当該違反行為に係る有価証券の買付数量は、実際の買付け等の数量29,600株に、金融商品取引法第１７４条の２第８項及び同法施行令第３３条の１３第１号により、違反行為の開始時にその時における価格（1,090円）で買付けをしたものとみなされる当該違反行為の開始時に所有している当該有価証券の数量3,600株を加えた33,200株である ことから、33,100株となる。 当該売買対当数量に係るものについて、 売付価額35,964,600円 （注３） － 買付価額35,859,000円 （注４） ＝105,600円 （注３）売付価額は、 「1,060円×2,100株＋1,069円×400株＋1,070円×600株＋1,071円×1,300株＋1,072円×1,800株＋1,073円×1,500株＋1,074円×200株＋1,075円×2,200株＋1,076円×100株＋1,078円×400株＋1,079円×1,300株＋1,080円×1,300株＋1,082円×200株＋1,083円×200株＋1,084円×100株＋1,085円×2,300株＋1,086円×900株＋1,087円×300株＋1,090円×1,600株＋1,097円×700株＋1,100円×13,600株」 の額である。 （注４）買付価額は、 「1,053円×400株＋1,054円×1,600株＋1,075円×1,300株＋1,076円×200株＋1,077円×100株＋1,078円×100株＋1,079円×200株＋1,080円×11,800株＋1,082円×200株＋1,084円×900株＋1,085円×2,500株＋1,087円×900株＋1,089円×4,200株＋1,090円×3,800株＋1,091円×300株＋1,092円×200株＋1,093円×100株＋1,094円×1,000株＋1,095円×1,000株＋1,096円×2,300株」 の額である。 （注５）買付価額の算定においては、金融商品取引法施行令第３３条の１４第５項の規定により、当該違反行為に係る有価証券の買付けのうち最も早い時期に行われたものから順次当該売買対当数量に達するまで割り当てることとなる。 本件においては、違反行為の開始時点において所有しており、金融商品取引法第１７４条の２第８項及び同法施行令第３３条の１３第１号の規定により、違反行為の開始時点にその時における価格（1,090円）で買い付けたものとみなされるもの（みなし買付け）から割り当てられることとなる。 イ．上記ア．のとおり、当該違反行為に係る有価証券の買付数量が、売付数量を超えることから、 当該超える数量100株（33,200株－33,100株）について、 当該違反行為が終了してから１月を経過するまでの間の当該有価証券の最高価格（1,220円）に当該超える数量を乗じて得た額 122,000円（1,220円×100株）－ 買付価額105,400円 （注６） ＝16,600円 （注６）買付価額は、「1,054円×100株」の額である。 (2) Ｃ＆Ｇシステムズ株式（ 別表（PDF:17KB） の１．Ｂ）に係る課徴金の額は、下記ア．及びイ．によりそれぞれ算定される額の合計　136,300円 ⇒課徴金の額は、１万円未満を切り捨てるため、１３万円 ⇒１８５条の7第１５項の規定により、１．５倍となるため、 １９万５千円 ア．当該違反行為に係る売買対等数量は、 (ア) 当該違反行為に係る有価証券の売付数量は、10,300株であり、 (イ) 当該違反行為に係る有価証券の買付数量は、実際の買付け等の数量8,800株に、金融商品取引法第１７４条の２第８項及び同法施行令第３３条の１３第１号により、違反行為の開始時にその時における価格（1,070円）で買付けをしたものとみなされる当該違反行為の開始時に所有している当該有価証券の数量1,600株を加えた10,400株である ことから、10,300株となる。 当該売買対当数量に係るものについて、 売付価額11,680,400円 （注７） － 買付価額11,548,300円 （注８） ＝132,100円 （注７）売付価額は、「1,076円×800株＋1,078円×700株＋1,088円×1,000株 ＋1,089円×1,000株＋1,160円×6,800株」の額である。 （注８）買付価額は、「1,070円×1,600株＋1,080円×1,500株＋1,081円×500株 ＋1,138円×200株＋1,139円×700株＋1,140円×900株＋1,147円×300株 ＋1,148円×4,600株」の額である。 （注９）買付価額の算定においては、金融商品取引法施行令第３３条の１４第５項の規定により、当該違反行為に係る有価証券の買付けのうち最も早い時期に行われたものから順次当該売買対当数量に達するまで割り当てることとなる。 本件においては、違反行為の開始時点において所有しており、金融商品取引法第１７４条の２第８項及び同法施行令第３３条の１３第１号の規定により、違反行為の開始時点にその時における価格（1,070円）で買い付けたものとみなされるもの（みなし買付け）から割り当てられることとなる。 イ．上記ア．のとおり、当該違反行為に係る有価証券の買付数量が、売付数量を超えることから、 当該超える数量100株（10,400株－10,300株）について、 当該違反行為が終了してから１月を経過するまでの間の当該有価証券の最高価格（1,190円）に当該超える数量を乗じて得た額 119,000円（1,190円×100株）－ 買付価額114,800円 （注１０） ＝4,200円 （注１０）買付価額は、「1,148円×100株」の額である。 (3) Ｃ＆Ｇシステムズ株式（ 別表（PDF:17KB） の１．Ｃ）に係る課徴金の額は、下記ア．及びイ．によりそれぞれ算定される額の合計　74,800円 ⇒課徴金の額は、１万円未満を切り捨てるため、７万円 ⇒１８５条の7第１５項の規定により、１．５倍となるため、 １０万５千円 ア．当該違反行為に係る売買対等数量は、 (ア) 当該違反行為に係る有価証券の売付数量は、10,100株であり、 (イ) 当該違反行為に係る有価証券の買付数量は、実際の買付け等の数量9,100株に、金融商品取引法第１７４条の２第８項及び同法施行令第３３条の１３第１号により、違反行為の開始時にその時における価格（1,101円）で買付けをしたものとみなされる当該違反行為の開始時に所有している当該有価証券の数量1,100株を加えた10,200株である ことから、10,100株となる。 当該売買対当数量に係るものについて、 売付価額11,204,000円 （注１１） － 買付価額11,130,400円 （注１２） ＝73,600円 （注１１）売付価額は、「1,103円×1,000株＋1,110円×9,100株」の額である。 （注１２）買付価額は、「1,101円×3,200株＋1,102円×3,500株＋1,103円×3,400株」の額である。 （注１３）買付価額の算定においては、金融商品取引法施行令第３３条の１４第５項の規定により、 当該違反行為に係る有価証券の買付けのうち最も早い時期に行われたものから順次当該売 買対当数量に達するまで割り当てることとなる。 本件においては、違反行為の開始時点において所有しており、金融商品取引法第１７４条の２第８項及び同法施行令第３３条の１３第１号の規定により、違反行為の開始時点にその時における価格（1,101円）で買い付けたものとみなされるもの（みなし買付け）から割り当てられることとなる。 イ．上記ア．のとおり、当該違反行為に係る有価証券の買付数量が、売付数量を超えることから、 当該超える数量100株（10,200株－10,100株）について、 当該違反行為が終了してから１月を経過するまでの間の当該有価証券の最高価格（1,115円）に当該超える数量を乗じて得た額 111,500円（1,115円×100株）－ 買付価額110,300円 （注１４） ＝1,200円 （注１４）買付価額は、「1,103円×100株」の額である。 (4) Ｃ＆Ｇシステムズ株式（ 別表（PDF:17KB） の１．Ｄ）に係る課徴金の額は、下記ア．及びイ．によりそれぞれ算定される額の合計　69,900円 ⇒課徴金の額は、１万円未満を切り捨てるため、６万円 ⇒１８５条の7第１５項の規定により、１．５倍となるため、 ９万円 ア．当該違反行為に係る売買対等数量は、 (ア) 当該違反行為に係る有価証券の売付数量は、8,600株であり、 (イ) 当該違反行為に係る有価証券の買付数量は、実際の買付け等の数量6,700株に、金融商品取引法第１７４条の２第８項及び同法施行令第３３条の１３第１号により、違反行為の開始時にその時における価格（1,063円）で買付けをしたものとみなされる当該違反行為の開始時に所有している当該有価証券の数量2,000株を加えた8,700株である ことから、8,600株となる。 当該売買対当数量に係るものについて、 売付価額9,285,900円 （注１５） － 買付価額9,217,400円 （注１６） ＝68,500円 （注１５）売付価額は、「1,050円×500株＋1,069円×2,000株＋1,070円×1,000株 ＋1,088円×1,000株＋1,089円×4,100株」の額である。 （注１６）買付価額は、「1,063円×2, 500株＋1,064円×600株＋1,066円×500株 ＋1,076円×1,700株＋1,077円×500株＋1,078円×400株＋1,079円×2,400株」の額である。 （注１７）買付価額の算定においては、金融商品取引法施行令第３３条の１４第５項の規定により、当該違反行為に係る有価証券の買付けのうち最も早い時期に行われたものから順次当該売買対当数量に達するまで割り当てることとなる。 本件においては、違反行為の開始時点において所有しており、金融商品取引法第１７４条の２第８項及び同法施行令第３３条の１３第１号の規定により、違反行為の開始時点にその時における価格（1,063円）で買い付けたものとみなされるもの（みなし買付け）から割り当てられることとなる。 イ．上記ア．のとおり、当該違反行為に係る有価証券の買付数量が、売付数量を超えることから、 当該超える数量100株（8,700株－8,600株）について、 当該違反行為が終了してから１月を経過するまでの間の当該有価証券の最高価格（1,094円）に当該超える数量を乗じて得た額 109,400円（1,094円×100株）－ 買付価額108,000円 （注１８） ＝1,400円 （注１８）買付価額は、「1,080円×100株」の額である。 (5) Ｃ＆Ｇシステムズ株式（ 別表（PDF:17KB） の１．Ｅ）に係る課徴金の額は、下記ア．及びイ．によりそれぞれ算定される額の合計　36,200円 ⇒課徴金の額は、１万円未満を切り捨てるため、３万円 ⇒１８５条の7第１５項の規定により、１．５倍となるため、 ４万５千円 ア．当該違反行為に係る売買対等数量は、 (ア) 当該違反行為に係る有価証券の売付数量は、3,600株であり、 (イ) 当該違反行為に係る有価証券の買付数量は、実際の買付け等の数量2,200株に、金融商品取引法第１７４条の２第８項及び同法施行令第３３条の１３第１号により、違反行為の開始時にその時における価格（1,021円）で買付けをしたものとみなされる当該違反行為の開始時に所有している当該有価証券の数量1,500株を加えた3,700株である ことから、3,600株となる。 当該売買対当数量に係るものについて、 売付価額3,706,500円 （注１９） － 買付価額3,675,600円 （注２０） ＝30,900円 （注１９）売付価額は、「1,029円×1,500株＋1,030円×2,100株」の額である。 （注２０）買付価額は、「1,021円×3,600株」の額である。 （注２１）買付価額の算定においては、金融商品取引法施行令第３３条の１４第５項の規定により、当該違反行為に係る有価証券の買付けのうち最も早い時期に行われたものから順次当該売買対当数量に達するまで割り当てることとなる。 本件においては、違反行為の開始時点において所有しており、金融商品取引法第１７４条の２第８項及び同法施行令第３３条の１３第１号の規定により、違反行為の開始時点にその時における価格（1,021円）で買い付けたものとみなされるもの（みなし買付け）から割り当てられることとなる。 イ．上記ア．のとおり、当該違反行為に係る有価証券の買付数量が、売付数量を超えることから、 当該超える数量100株（3,700株－3,600株）について、 当該違反行為が終了してから１月を経過するまでの間の当該有価証券の最高価格（1,074円）に当該超える数量を乗じて得た額 107,400円（1,074円×100株）－ 買付価額102,100円 （注２２） ＝5,300円 （注２２）買付価額は、「1,021円×100株」の額である。 (6) ビリングシステム株式（ 別表（PDF:17KB） の２．）に係る課徴金の額は、下記ア．及びイ．によりそれぞれ算定される額の合計　216,000円 ⇒課徴金の額は、１万円未満を切り捨てるため、２１万円 ⇒１８５条の7第１５項の規定により、１．５倍となるため、 ３１万５千円 ア．当該違反行為に係る売買対等数量は、 (ア) 当該違反行為に係る有価証券の売付数量は、600株であり、 (イ) 当該違反行為に係る有価証券の買付数量は、実際の買付け等の数量100株に、金融商品取引法第１７４条の２第８項及び同法施行令第３３条の１３第１号により、違反行為の開始時にその時における価格（16,640円）で買付けをしたものとみなされる当該違反行為の開始時に所有している当該有価証券の数量500株を加えた600株である ことから、600株となる。 当該売買対当数量に係るものについて、 売付価額10,200,000円 （注２３） － 買付価額9,984,000円 （注２４） ＝216,000円 （注２３）売付価額は、「17,000円×600株」の額である。 （注２４）買付価額は、「16,640円×600株」の額である。 （注２５）買付価額の算定においては、金融商品取引法施行令第３３条の１４第５項の規定により、当該違反行為に係る有価証券の買付けのうち最も早い時期に行われたものから順次当該売買対当数量に達するまで割り当てることとなる。 本件においては、違反行為の開始時点において所有しており、金融商品取引法第１７４条の２第８項及び同法施行令第３３条の１３第１号の規定により、違反行為の開始時点にその時における価格（16,640円）で買い付けたものとみなされるもの（みなし買付け）から割り当てられることとなる。 イ．上記ア．のとおり、当該違反行為に係る有価証券の売付数量と買付数量が同じであることから、当該超える数量は0株となることから、０円 (7) Ｃ＆Ｇシステムズ株式（ 別表（PDF:17KB） の３．）に係る課徴金の額は、下記ア．及びイ．によりそれぞれ算定される額の合計　1,938,400円 ⇒課徴金の額は、１万円未満を切り捨てるため、１９３万円 ⇒１８５条の7第１５項の規定により、１．５倍となるため、 ２８９万５千円 ア．当該違反行為に係る売買対等数量は、 (ア) 当該違反行為に係る有価証券の売付数量は、102,700株であり、 (イ) 当該違反行為に係る有価証券の買付数量は、実際の買付け等の数量95,400株に、金融商品取引法第１７４条の２第８項及び同法施行令第３３条の１３第１号により、違反行為の開始時にその時における価格（887円）で買付けをしたものとみなされる当該違反行為の開始時に所有している当該有価証券の数量18,700株を加えた114,100株である ことから、102,700株となる。 当該売買対当数量に係るものについて、 売付価額96,958,600円 （注２６） － 買付価額95,020,200円 （注２７） ＝1,938,400円 （注２６）売付価額は、「830円×5,000株＋870円×1,000株＋878円×1,000株 ＋880円×2,000株＋886円×2,000株＋887円×1,600株＋889円×1,400株 ＋890円×6,600株＋899円×4,000株＋900円×13,200株＋903円×200株 ＋904円×600株＋905円×200株＋910円×1,000株＋912円×100株 ＋913円×100株＋917円×1,000株＋920円×1,800株＋926円×600株 ＋927円×900株＋928円×1,000株＋929円×1,000株＋932円×1,000株 ＋933円×1,300株＋935円×1,000株＋936円×1,500株＋937円×1,000株 ＋940円×1,500株＋941円×300株＋942円×1,200株＋950円×9,900株 ＋951円×3,900株＋952円×1,500株＋953円×2,100株＋954円×600株 ＋961円×300株＋962円×500株＋963円×200株＋980円×4,200株 ＋990円×300株＋1,000円×700株＋1,001円×300株＋1,002円×700株 ＋1,011円×100株＋1,012円×600株＋1,013円×300株＋1,015円×1,000株 ＋1,027円×1,100株＋1,030円×5,300株＋1,031円×700株＋1,039円×500株 ＋1,040円×3,900株＋1,041円×400株＋1,042円×200株＋1,043円×300株 ＋1,044円×200株＋1,045円×100株＋1,046円×700株＋1,050円×4,300株 ＋1,051円×1,100株＋1,052円×100株＋1,060円×1,500株」の額である。 （注２７）買付価額は、 「866円×1,000株＋869円×600株＋870円×1,500株＋872円×100株＋873円×600株 ＋874円×800株＋875円×1,700株＋876円×700株＋877円×600株＋878円×7,800株 ＋879円×200株＋882円×400株＋884円×2,100株＋885円×1,700株 ＋887円×21,000株＋888円×1,900株＋890円×7,000株＋907円×1,000株 ＋909円×200株＋910円×3,100株＋911円×1,800株＋919円×1,600株＋920円×400株 ＋925円×2,000株＋926円×1,100株＋927円×400株＋932円×100株＋933円×900株 ＋934円×800株＋935円×9,200株＋944円×8,500株＋946円×900株＋947円×100株 ＋969円×300株＋970円×3,900株＋971円×300株＋1,017円×500株 ＋1,018円×3,100株＋1,020円×3,000株＋1,026円×400株＋1,027円×1,100株 ＋1,028円×400株＋1,029円×1,300株＋1,030円×2,600株＋1,038円×1,300株 ＋1,040円×400株＋1,041円×800株＋1,049円×500株＋1,050円×1,000株」 の額である。 （注２８）買付価額の算定においては、金融商品取引法施行令第３３条の１４第５項の規定により、当該違反行為に係る有価証券の買付けのうち最も早い時期に行われたものから順次当該売買対当数量に達するまで割り当てることとなる。 本件においては、違反行為の開始時点において所有しており、金融商品取引法第１７４条の２第８項及び同法施行令第３３条の１３第１号の規定により、違反行為の開始時点にその時における価格（887円）で買い付けたものとみなされるもの（みなし買付け）から割り当てられることとなる。 イ．上記ア．のとおり、当該違反行為に係る有価証券の買付数量が、売付数量を超えることから、 当該超える数量11,400株（114,100株－102,700株）について、 当該違反行為が終了してから１月を経過するまでの間の当該有価証券の最高価格（850円）に当該超える数量を乗じて得た額 9,690,000円（850円×11,400株）－ 買付価額9,757,100円 （注２９） ＝－67,100円となることから、0円 （注３０） （注２９）買付価額は、「822円×500株＋823円×1,300株＋824円×3,200株＋880円×2,000株＋881円×1,400株＋882円×3,000株」の額である。 （注３０）金融商品取引法第１７４条の２第１項第２号ロの規定により、当該額が零を下回る場合には零とすることとなる。 (1) Ｃ＆Ｇシステムズ （平成２５年１０月１６日午前１０時３２分頃～同月１７日午前１０時３２分頃） (2) Ｃ＆Ｇシステムズ （平成２５年１０月１７日午前１０時５４分頃～同月２２日午前９時５２分頃） (3) Ｃ＆Ｇシステムズ （平成２５年１０月２３日午前１０時８分頃～同日午前１０時２１分頃） (4) Ｃ＆Ｇシステムズ （平成２５年１０月２３日午後１時５７分頃～同月２４日午前９時５６分頃） (5) Ｃ＆Ｇシステムズ （平成２５年１０月２５日午後１時５１分頃～同日午後１時５７分頃） (6) ビリングシステムズ （平成２５年１１月６日午前９時１４分頃～同日午前９時１９分頃） (7) Ｃ＆Ｇシステムズ （平成２６年３月３日午前９時２４分頃～同月１２日午前１１時２分頃） （ 別表（PDF:17KB） ）",0
2015-06-30,2015/06/30,株式会社明和,7224,株式会社明和に対する検査結果について（平成27年6月30日）,https://www.fsa.go.jp/sesc/news/c_2015/2015/20150630-2.html,English version 平成27年６月30日 証券取引等監視委員会 株式会社明和に対する検査結果について 関東財務局長が上記適格機関投資家等特例業務届出者を検査した結果、問題が認められた（詳細は、関東財務局ウェブサイトを参照してください。）。 「株式会社明和に対する検査結果について」（関東財務局ウェブサイト）,0
2015-06-26,2014/03/07-2014/03/27,滋賀銀行,8366,滋賀銀行株式ほか４銘柄に係る相場操縦に対する課徴金納付命令の勧告について（平成27年6月26日）,https://www.fsa.go.jp/sesc/news/c_2015/2015/20150626-1.html,English version 平成２７年６月２６日 証券取引等監視委員会 滋賀銀行株式ほか４銘柄に係る相場操縦に対する課徴金納付命令の勧告について １．勧告の内容 証券取引等監視委員会は、滋賀銀行株式ほか４銘柄に係る相場操縦について検査した結果、下記のとおり法令違反の事実が認められたので、本日、内閣総理大臣及び金融庁長官に対して、金融庁設置法第２０条第１項の規定に基づき、課徴金納付命令を発出するよう勧告を行った。 ２．法令違反の事実関係 課徴金納付命令対象者は、私設取引システム（Proprietary Trading System。以下「ＰＴＳ」という。）を利用した株式の売買を誘引する目的をもって、 別表１（PDF:16KB） 記載のとおり、いずれも取引所金融市場に上場されている５銘柄の株式につき、平成２６年３月７日から同月２７日までの間、合計４取引日にわたり、取引所金融市場及びＰＴＳにおいて、下値売り注文を大量に入れるなどの方法により、 別表１（PDF:16KB） 記載の各株式合計９万１６００株の売付けの委託を行うとともに、同各株式合計９４００株を買い付け、もって、自己の計算において、同各株式の売買が繁盛であると誤解させ、かつ、取引所金融市場における同各株式の相場を変動させるべき一連の売買及び委託をしたものである。 課徴金納付命令対象者が行った上記の行為は、金融商品取引法第１７４条の２第１項に規定する「第１５９条第２項第１号の規定に違反する一連の有価証券売買等」及び「その委託等」に該当すると認められる。 ３．課徴金の額の計算 上記の違法行為に対し金融商品取引法に基づき納付を命じられる課徴金の額は、合計１２８万円である。 計算方法の詳細については、別紙のとおり。 （別紙） ○ 課徴金の額の計算方法について １．金融商品取引法第１７４条の２第１項に基づき、課徴金の額は、 (1) 売買対当数量 （注１） に係るものについて、 （有価証券の売付価額）－（有価証券の買付価額） と、 (2) 当該違反行為に係る有価証券の売付数量が買付数量を超える場合の、当該超える数量に係るものについて、 （有価証券の売付価額）－（当該違反行為が終了してから１月を経過するまでの間の当該有価証券の最低価格×当該超える数量） または、 当該違反行為に係る有価証券の買付数量が売付数量を超える場合の、当該超える数量に係るものについて、 （当該違反行為が終了してから１月を経過するまでの間の当該有価証券の最高価格×当該超える数量）－（有価証券の買付価額） との合計額として計算される。 （注１）売買対当数量：当該違反行為に係る有価証券の売付数量と買付数量のうち、いずれか少ない数量をいう。 ２．課徴金納付命令対象者の各違反行為について、本件における課徴金の額は、下記(1)及び(2)によりそれぞれ算定される。 (1) 各違反行為に係る売買対当数量は、各違反行為に係る有価証券の売付数量 が0株であることから、0株である。 よって、当該売買対当数量に係るものについては、0円 (2) 各違反行為に係る有価証券の買付数量は、 別表２（PDF:25KB） のとおり、実際の買付数量に、金融商品取引法第１７４条の２第８項及び同法施行令第３３条の１３第１号により、違反行為の開始時にその時における価格で買付けをしたものとみなされる各違反行為の開始時に所有している当該有価証券の数量を加えた数量となる。 （クリックすると拡大されます）,0
2015-06-26,2014/01/09-2014/12/17,株式会社ベクター,2656,栄電子株式ほか1銘柄に係る相場操縦に対する課徴金納付命令の勧告について（平成27年6月26日）,https://www.fsa.go.jp/sesc/news/c_2015/2015/20150626-2.html,"English version 平成２７年６月２６日 証券取引等監視委員会 栄電子株式ほか1銘柄に係る相場操縦に対する課徴金納付命令の勧告について １．勧告の内容 証券取引等監視委員会は、栄電子株式ほか１銘柄に係る相場操縦について検査した結果、下記のとおり法令違反の事実が認められたので、本日、内閣総理大臣及び金融庁長官に対して、金融庁設置法第２０条第１項の規定に基づき、課徴金納付命令を発出するよう勧告を行った。 ２．法令違反の事実関係 課徴金納付命令対象者は、 (1) 株式会社栄電子の株式につき、同株式の売買を誘引する目的をもって、平成２６年１月９日午前１０時３５分頃から同日午前１０時５５分頃までの間、連続して直前の約定値より高指値の買い注文を発注して株価を引き上げるなどの方法により、自己の計算において、同株式合計１０万２０００株を買い付け、 (2) 株式会社ベクターの株式につき、同株式の売買を誘引する目的をもって、平成２６年１２月１２日午前９時３０分頃から同月１７日午後２時１４分頃までの間、４取引日にわたり、連続して直前の約定値より高指値の買い注文を発注して株価を引き上げるなどの方法により、自己、同族会社及び親族の計算において、同株式合計８万１６００株を買い付ける一方、同株式合計１万３９００株を売り付け、 もって、前記各株式の売買が繁盛であると誤解させ、かつ、前記各株式の相場を変動させるべき一連の売買をしたものである。 課徴金納付命令対象者が行った上記の行為は、金融商品取引法第１７４条の２第１項に規定する「第１５９条第２項第１号の規定に違反する一連の有価証券売買等」に該当すると認められる。 ３．課徴金の額の計算 上記の違法行為に対し金融商品取引法に基づき納付を命じられる課徴金の額は、４６８８万円である。 計算方法の詳細については、別紙のとおり。 （別紙） ○ 課徴金の額の計算方法について １．金融商品取引法第１７４条の２第１項に基づき、課徴金の額は、 (1) 売買対当数量 （注１） に係るものについて、 （有価証券の売付価額）－（有価証券の買付価額） と、 (2) 当該違反行為に係る有価証券の売付数量が買付数量を超える場合の、当該超える数量に係るものについて、 （有価証券の売付価額）－（当該違反行為が終了してから１月を経過するまでの間の当該有価証券の最低価格×当該超える数量） または、 当該違反行為に係る有価証券の買付数量が売付数量を超える場合の、当該超える数量に係るものについて、 （当該違反行為が終了してから１月を経過するまでの間の当該有価証券の最高価格×当該超える数量）－（有価証券の買付価額） との合計額として計算される。 （注１）売買対当数量：当該違反行為に係る有価証券の売付数量と買付数量のうち、いずれか少ない数量をいう。 ２．課徴金納付命令対象者の栄電子株式に係る違反行為について、本件における課徴金の額は、下記(1)及び(2)によりそれぞれ算定される額の合計　41,401,000円 ⇒課徴金の額は、１万円未満を切り捨てるため、 ４１４０万円 (1) 当該違反行為に係る売買対当数量は、当該違反行為に係る有価証券の売付数量が0株であることから、0株である。 よって、当該売買対当数量に係るものについては、0円 (2) 当該違反行為に係る有価証券の買付数量は、実際の買付数量102,000株に、金融商品取引法第１７４条の２第８項及び同法施行令第３３条の１３第１号により、違反行為の開始時にその時における価格（178円）で買付けをしたものとみなされる当該違反行為の開始時に所有している当該有価証券の数量50,000株を加えた152,000株である。 当該超える数量152,000株（152,000株－0株）について、 当該違反行為が終了してから１月を経過するまでの間の当該有価証券の最高価格（462円）に当該超える数量を乗じて得た額 売付価額70,224,000円（462円×152,000株）－ 買付価額28,823,000円（注２） ＝41,401,000円 （注２）買付価額は、 「178円×51,000株＋180円×1,000株＋182円×6,000株＋185円×1,000株 ＋186円×1,000株＋190円×1,000株＋192円×25,000株＋195円×1,000株 ＋197円×5,000株＋198円×8,000株＋199円×52,000株」 の合計額である。 ３．課徴金納付命令対象者のベクター株式に係る違反行為について、本件における課徴金の額は、下記(1)及び(2)によりそれぞれ算定される額の合計　5,480,700円 ⇒課徴金の額は、１万円未満を切り捨てるため、 ５４８万円 (1) 当該違反行為に係る売買対当数量は、 (i) 当該違反行為に係る有価証券の売付数量は、13,900株であり、 (ii) 当該違反行為に係る有価証券の買付数量は、実際の買付け等の数量81,600株に、金融商品取引法第１７４条の２第８項及び同法施行令第３３条の１３第１号により、違反行為の開始時にその時における価格（571円）で買付けをしたものとみなされる当該違反行為の開始時に所有している当該有価証券の数量2,300株を加えた83,900株である ことから、13,900株となる。 当該売買対当数量に係るものについて、 売付価額9,443,400円（注３）－ 買付価額8,231,700円（注４） ＝1,211,700円 （注３）売付価額は、 「625円×200株＋626円×600株＋627円×100株＋647円×1,500株 ＋648円×100株＋650円×400株＋652円×300株＋653円×100株 ＋654円×100株＋657円×200株＋658円×200株＋659円×500株 ＋660円×400株＋662円×700株＋663円×100株＋664円×100株 ＋665円×100株＋666円×800株＋677円×700株＋678円×1,000株 ＋683円×500株＋688円×400株＋715円×3,300株＋719円×1,500株」 の合計額である。 （注４）買付価額は、 「571円×3,000株＋573円×100株＋574円×200株＋575円×600株 ＋581円×100株＋586円×100株＋588円×100株＋589円×200株 ＋592円×200株＋593円×400株＋594円×200株＋595円×200株 ＋596円×300株＋597円×300株＋598円×200株＋599円×200株 ＋600円×4,200株＋603円×600株＋604円×500株＋605円×300株 ＋606円×1,000株＋607円×900株」 の合計額である。 （注５）買付価額の算定においては、金融商品取引法施行令第３３条の１４第５項の規定により、当該違反行為に係る有価証券の買付けのうち最も早い時期に行われたものから順次当該売買対当数量に達するまで割り当てることとなる。 本件においては、違反行為の開始時点において所有しており、金融商品取引法第１７４条の２第８項及び同法施行令第３３条の１３第１号の規定により、違反行為の開始時点にその時における価格（571円）で買い付けたものとみなされるもの（みなし買付け）から割り当てられることとなる。 (2) 上記(1)のとおり、当該違反行為に係る有価証券の買付数量が、売付数量を超えることから、 当該超える数量70,000株（83,900株－13,900株）について、 当該違反行為が終了してから１月を経過するまでの間の当該有価証券の最高価格（710円）に当該超える数量を乗じて得た額 49,700,000円（710円×70,000株）－ 買付価額45,431,000円（注６） ＝4,269,000円 （注６）買付価額は、 「600円×200株＋603円×100株＋604円×200株＋605円×600株 ＋606円×500株＋607円×1,900株＋608円×4,700株＋609円×800株 ＋623円×200株＋625円×100株＋631円×200株＋632円×300株 ＋634円×100株＋637円×200株＋638円×200株＋639円×1,300株 ＋640円×5,700株＋641円×100株＋642円×300株＋643円×700株 ＋644円×3,200株＋645円×5,200株＋646円×1,200株 ＋647円×1,100株＋648円×1,900株＋649円×2,600株 ＋650円×5,800株＋651円×2,500株＋654円×1,800株 ＋655円×3,200株＋656円×500株＋659円×700株＋660円×1,300株 ＋661円×100株＋662円×200株＋663円×500株＋664円×100株 ＋665円×4,100株＋668円×6,200株＋669円×400株＋670円×1,500株 ＋671円×2,700株＋672円×100株＋674円×500株＋675円×100株 ＋676円×100株＋678円×200株＋679円×300株＋680円×1,200株 ＋681円×300株＋682円×300株＋683円×100株＋685円×300株 ＋686円×200株＋688円×500株＋689円×600株」 の合計額である。",0
2015-04-17,2013/12/12-2014/01/24,株式会社トラスト,1326,トラスト株式に係る相場操縦に対する課徴金納付命令の勧告について（平成27年4月17日）,https://www.fsa.go.jp/sesc/news/c_2015/2015/20150417-1.html,"English version 平成２７年４月１７日 証券取引等監視委員会 トラスト株式に係る相場操縦に対する課徴金納付命令の勧告について １．勧告の内容 証券取引等監視委員会は、トラスト株式に係る相場操縦について検査した結果、下記のとおり法令違反の事実が認められたので、本日、内閣総理大臣及び金融庁長官に対して、金融庁設置法第２０条第１項の規定に基づき、課徴金納付命令を発出するよう勧告を行った。 ２．法令違反の事実関係 課徴金納付命令対象者は、株式会社トラストの株式につき、同株式の売買を誘引する目的をもって、平成２５年１２月１２日午後０時５２分頃から平成２６年１月２４日午後１時１９分頃までの間、２６取引日にわたり、直前の約定値より高指値の売り注文と買い注文を対当させて株価を引き上げるなどの方法により、同株式合計２７万４６００株を買い付ける一方、同株式合計２４万３２００株を売り付け、もって、自己の計算において、同株式の売買が繁盛であると誤解させ、かつ、同株式の相場を変動させるべき一連の売買をしたものである。 課徴金納付命令対象者が行った上記の行為は、金融商品取引法第１７４条の２第１項に規定する「第１５９条第２項第１号の規定に違反する一連の有価証券売買等」に該当すると認められる。 ３．課徴金の額の計算 上記の違法行為に対し金融商品取引法に基づき納付を命じられる課徴金の額は、１７０万円である。 計算方法の詳細については、別紙のとおり。 （別紙） ○ 課徴金の額の計算方法について １．金融商品取引法第１７４条の２第１項に基づき、課徴金の額は、 (1) 売買対当数量 （注１） に係るものについて、 （有価証券の売付価額）－（有価証券の買付価額） と、 (2) 当該違反行為に係る有価証券の売付数量が買付数量を超える場合の、当該超える数量に係るものについて、 （有価証券の売付価額）－（当該違反行為が終了してから１月を経過するまでの間の当該有価証券の最低価格×当該超える数量） または、 当該違反行為に係る有価証券の買付数量が売付数量を超える場合の、当該超える数量に係るものについて、 （当該違反行為が終了してから１月を経過するまでの間の当該有価証券の最高価格×当該超える数量）－（有価証券の買付価額） との合計額として計算される。 （注１）売買対当数量：当該違反行為に係る有価証券の売付数量と買付数量のうち、いずれか少ない数量をいう。 ２．課徴金納付命令対象者の違反行為について、本件における課徴金の額は、下記(1)及び(2)によりそれぞれ算定される額の合計　1,709,500円 ⇒課徴金の額は、１万円未満を切り捨てるため、 １７０万円 (1) 当該違反行為に係る売買対当数量は、 (ｉ) 当該違反行為に係る有価証券の売付数量は、243,200株であり、 (ii) 当該違反行為に係る有価証券の買付数量は、実際の買付け等の数量274,600株に、金融商品取引法第１７４条の２第８項及び同法施行令第３３条の１３第１号により、違反行為の開始時にその時における価格（284円）で買付けをしたものとみなされる当該違反行為の開始時に所有している当該有価証券の数量7,500株を加えた282,100株である ことから、243,200株となる。 当該売買対当数量に係るものについて、 売付価額78,024,300円 （注２） － 買付価額76,488,400円 （注３） ＝1,535,900円 （注２）売付価額は、 「284円×300株＋286円×500株＋287円×900株 ＋288円×1,000株＋289円×1,700株＋290円×2,100株＋291円×1,500株 ＋292円×2,400株＋293円×3,300株＋294円×5,100株＋295円×2,800株 ＋296円×1,100株＋297円×800株＋299円×2,500株＋300円×1,800株 ＋301円×1,900株＋302円×4,600株＋303円×2,300株＋304円×400株 ＋305円×2,400株＋306円×2,300株＋307円×900株＋308円×3,800株 ＋309円×5,600株＋310円×5,100株＋311円×2,000株＋312円×7,500株 ＋313円×4,100株＋314円×11,400株＋315円×5,200株＋316円×8,400株 ＋317円×3,200株＋318円×11,400株＋319円×13,300株＋320円×6,100株 ＋321円×3,800株＋322円×6,100株＋323円×2,100株＋324円×7,800株 ＋325円×6,000株＋326円×900株＋327円×5,300株＋331円×2,100株 ＋332円×7,100株＋333円×10,600株＋334円×11,500株＋335円×2,400株 ＋336円×5,600株＋337円×3,000株＋338円×1,000株＋339円×2,300株 ＋340円×5,600株＋341円×1,200株＋342円×9,700株＋343円×500株 ＋344円×5,600株＋345円×600株＋346円×6,700株＋347円×4,000株 ＋349円×1,000株＋350円×1,000株」 の合計額である。 （注３）買付価額は、 「281円×300株＋284円×8,100株＋285円×700株＋286円×2,000株 ＋287円×1,600株＋288円×2,000株＋289円×2,400株＋290円×1,200株 ＋291円×2,100株＋292円×3,000株＋293円×500株＋294円×5,300株 ＋295円×2,200株＋296円×500株＋297円×600株＋299円×3,400株 ＋300円×1,800株＋301円×1,500株＋302円×3,100株＋303円×2,000株 ＋304円×2,000株＋305円×3,900株＋306円×4,100株＋307円×2,200株 ＋308円×7,000株＋309円×6,300株＋310円×8,600株＋311円×3,800株 ＋312円×10,100株＋313円×8,800株＋314円×11,900株＋315円×9,900株 ＋316円×9,300株＋317円×6,600株＋318円×12,300株＋319円×8,700株 ＋320円×2,600株＋321円×4,900株＋322円×7,500株＋323円×3,000株 ＋324円×8,600株＋325円×8,300株＋326円×1,600株＋327円×4,500株 ＋328円×100株＋329円×3,000株＋330円×1,500株＋331円×3,400株 ＋332円×7,200株＋333円×10,500株＋334円×10,100株＋335円×2,300株 ＋336円×4,300株」 の合計額である。 （注４）買付価額の算定においては、金融商品取引法施行令第３３条の１４第５項の規定により、当該違反行為に係る有価証券の買付けのうち最も早い時期に行われたものから順次当該売買対当数量に達するまで割り当てることとなる。 本件においては、違反行為の開始時点において所有しており、金融商品取引法第１７４条の２第８項及び同法施行令第３３条の１３第１号の規定により、違反行為の開始時点にその時における価格（284円）で買い付けたものとみなされるもの（みなし買付け）から割り当てられることとなる。 (2) 上記(1)のとおり、当該違反行為に係る有価証券の買付数量が、売付数量を超えることから、 当該超える数量38,900株（282,100株－243,200株）について、 当該違反行為が終了してから１月を経過するまでの間の当該有価証券の最高価格（348円）に当該超える数量を乗じて得た額 13,537,200円（348円×38,900株）－ 買付価額13,363,600円 （注５） ＝173,600円 （注５）買付価額は、 「335円×500株＋336円×200株＋337円×3,000株＋338円×1,300株 ＋339円×2,000株＋340円×1,200株＋341円×200株＋342円×6,900株 ＋343円×1,500株＋344円×6,100株＋345円×500株＋346円×8,100株 ＋347円×4,800株＋348円×100株＋349円×1,100株＋351円×600株 ＋352円×800株」 の合計額である。",0
2015-03-20,2011/01/11-2014/07/31,株式会社,1301,株式会社日本ヴェリタスに対する検査結果について（平成27年3月20日）,https://www.fsa.go.jp/sesc/news/c_2015/2015/20150320-2.html,平成２７年３月20日 証券取引等監視委員会 株式会社日本ヴェリタスに対する検査結果について １．検査結果 証券取引等監視委員会が、株式会社日本ヴェリタス（東京都中央区、資本金３０００万円、役職員１名、適格機関投資家等特例業務届出者。以下「当社」という。）を検査した結果、下記のとおり、当該適格機関投資家等特例業務届出者等に係る問題が認められたので、本日、証券取引等監視委員会は、金融庁長官に対して、適切な措置を講じるための情報提供を行った。 ２．事実関係 当社及び当社の業務の実質的管理者であるA（以下「A社長」という。）は、平成２３年１月頃から同２６年７月頃までの間、適格機関投資家等特例業務として、自らを営業者とする３つの名称の匿名組合契約（以下、同契約の個別の名称にかかわらず「ファンド」という。）に基づく権利の取得勧誘を行い、延べ２３３名から約５億円の出資を受けている。 なお、当社の各ファンドに出資した顧客の多くは、関連会社である株式会社ギフタージャパン（東京都中央区、適格機関投資家等特例業務届出者）が組成したファンドに移管されている。 今回検査において、当社のファンド業務の運営状況等を検証したところ、以下の問題点が認められた。 ○出資金の杜撰な管理等 A社長は、当社で一般投資家から集めた出資金を、株式会社ＪＢＳホールディングス（東京都中央区）に集約した上で、各ファンドでは顧客の配当を賄えるだけの運用益が出ていないにもかかわらず、出資金を原資として、分配上限額相当額（出資金額の１％相当額）を長期間顧客に支払い、また、残りの大部分を当社及び関連会社の役職員の給与等の経費の支払いやA社長への貸付けに充てるなど、出資金を極めて杜撰に管理している。 また、当社は、顧客に対し、実際の運用率を上回る虚偽の運用率を記載した分配金支払通知書を交付している。 当社における上記状況は、投資者保護上重大な問題があると認められる。,0
2015-02-27,2013/12/18-2014/01/15,株式会社高田工業所,1966,高田工業所株式に係る相場操縦に対する課徴金納付命令の勧告について（平成27年2月27日）,https://www.fsa.go.jp/sesc/news/c_2015/2015/20150227-1.html,"平成２７年２月２７日 証券取引等監視委員会 高田工業所株式に係る相場操縦に対する課徴金納付命令の勧告について １．勧告の内容 証券取引等監視委員会は、高田工業所株式に係る相場操縦について検査した結果、下記のとおり法令違反の事実が認められたので、本日、内閣総理大臣及び金融庁長官に対して、金融庁設置法第２０条第１項の規定に基づき、課徴金納付命令を発出するよう勧告を行った。 ２．法令違反の事実関係 課徴金納付命令対象者は、株式会社高田工業所の株式につき、同株式の売買を誘引する目的をもって、平成２５年１２月１８日午前９時３５分頃から平成２６年１月１５日午後０時５５分頃までの間、１５取引日にわたり、直前の約定値より高指値の売り注文と買い注文を対当させて株価を引き上げたり、直前の約定値より高指値の買い注文を連続して発注して株価を引き上げるなどの方法により、同株式合計１０万株を買い付ける一方、同株式合計８万３５００株を売り付け、もって、自己の計算において、同株式の売買が繁盛であると誤解させ、かつ、同株式の相場を変動させるべき一連の売買をしたものである。 課徴金納付命令対象者が行った上記の行為は、金融商品取引法第１７４条の２第１項に規定する「第１５９条第２項第１号の規定に違反する一連の有価証券売買等」に該当すると認められる。 ３．課徴金の額の計算 上記の違法行為に対し金融商品取引法に基づき納付を命じられる課徴金の額は、７３９万円である。 計算方法の詳細については、別紙のとおり。 （別紙） ○ 課徴金の額の計算方法について １．金融商品取引法第１７４条の２第１項に基づき、課徴金の額は、 (1) 売買対当数量（注１）に係るものについて、 （有価証券の売付価額）－（有価証券の買付価額） と、 (2) 当該違反行為に係る有価証券の売付数量が買付数量を超える場合の、当該超える数量に係るものについて、 （有価証券の売付価額）－（当該違反行為が終了してから１月を経過するまでの間の当該有価証券の最低価格×当該超える数量） または、 当該違反行為に係る有価証券の買付数量が売付数量を超える場合の、当該超える数量に係るものについて、 （当該違反行為が終了してから１月を経過するまでの間の当該有価証券の最高価格×当該超える数量）－（有価証券の買付価額） との合計額として計算される。 （注１）売買対当数量：当該違反行為に係る有価証券の売付数量と買付数量のうち、いずれか少ない数量をいう。 ２．課徴金納付命令対象者の違反行為について、本件における課徴金の額は、下記(1)及び(2)によりそれぞれ算定される額の合計　7,398,000円 ⇒課徴金の額は、１万円未満を切り捨てるため、 ７３９万円 (1) 当該違反行為に係る売買対当数量は、 (i) 当該違反行為に係る有価証券の売付数量は、83,500株であり、 (ii) 当該違反行為に係る有価証券の買付数量は、実際の買付け等の数量100,000株に、金融商品取引法第１７４条の２第８項及び同法施行令第３３条の１３第１号により、違反行為の開始時にその時における価格（312円）で買付けをしたものとみなされる当該違反行為の開始時に所有している当該有価証券の数量61,000株を加えた161,000株である ことから、83,500株となる。 当該売買対当数量に係るものについて、 売付価額27,438,000円（注２）－ 買付価額26,058,500円（注３） ＝1,379,500円 （注２）売付価額は、 「312円×20,000株＋314円×2,500株＋315円×13,000株＋316円×500株 ＋317円×2,000株＋318円×2,000株＋322円×500株＋323円×2,500株 ＋324円×500株＋325円×500株＋326円×1,500株＋329円×3,000株 ＋330円×6,000株＋333円×1,000株＋334円×1,000株＋335円×1,000株 ＋336円×1,000株＋337円×2,000株＋338円×500株＋339円×1,000株 ＋340円×1,000株＋341円×1,000株＋342円×1,000株＋343円×1,500株 ＋344円×500株＋345円×1,500株＋348円×1,000株＋350円×1,000株 ＋354円×3,500株＋355円×1,500株＋357円×2,000株＋360円×2,000株 ＋361円×500株＋365円×500株＋372円×500株＋373円×500株 ＋374円×500株＋378円×500株＋379円×1,000株」 の合計額である。 （注３）買付価額は、 「312円×80,500株＋314円×2,500株＋315円×500株」 の合計額である。 （注４）買付価額の算定においては、金融商品取引法施行令第３３条の１４第５項の規定により、当該違反行為に係る有価証券の買付けのうち最も早い時期に行われたものから順次当該売買対当数量に達するまで割り当てることとなる。 本件においては、違反行為の開始時点において所有しており、金融商品取引法第１７４条の２第８項及び同法施行令第３３条の１３第１号の規定により、違反行為の開始時点にその時における価格（312円）で買い付けたものとみなされるもの（みなし買付け）から割り当てられることとなる。 (2) 上記(1)のとおり、当該違反行為に係る有価証券の買付数量が、売付数量を超えることから、 当該超える数量77,500株（161,000株－83,500株）について、 当該違反行為が終了してから１月を経過するまでの間の当該有価証券の最高価格（418円）に当該超える数量を乗じて得た額 32,395,000円（418円×77,500株）－ 買付価額26,376,500円（注５） ＝6,018,500円 （注５）買付価額は、 「314円×6,000株＋315円×14,500株＋316円×500株＋317円×1,000株 ＋318円×2,500株＋321円×3,500株＋322円×1,000株＋325円×500株 ＋329円×500株＋333円×500株＋336円×500株＋338円×500株 ＋339円×3,000株＋342円×500株＋343円×1,000株＋345円×500株 ＋347円×3,000株＋350円×11,000株＋352円×1,500株＋353円×500株 ＋354円×1,000株＋355円×6,000株＋357円×2,500株＋361円×500株 ＋362円×1,000株＋363円×1,000株＋364円×3,000株＋365円×2,500株 ＋367円×1,000株＋368円×1,000株＋369円×500株＋370円×2,000株 ＋372円×500株＋373円×500株＋374円×500株＋382円×500株 ＋383円×500株＋384円×500株」 の合計額である。",0
2016-08-02,2016/08/02,株式会社,1301,株式会社Ｇ．Ｓ．Ｔに対する検査結果について（平成28年8月2日）,https://www.fsa.go.jp/sesc/news/c_2016/2016/20160802-1.html,English version 平成28年８月２日 証券取引等監視委員会 株式会社Ｇ．Ｓ．Ｔに対する検査結果について 福岡財務支局長が上記適格機関投資家等特例業務届出者を検査した結果、問題が認められた（詳細は、福岡財務支局ウェブサイトを参照してください。）。 「株式会社Ｇ．Ｓ．Ｔに対する検査結果について」（福岡財務支局ウェブサイト）,0
2016-06-03,2011/06/11-2014/04/30,ベルテ株式会社,5290,ベルテ株式会社に対する検査結果に基づく勧告について（平成28年6月3日）,https://www.fsa.go.jp/sesc/news/c_2016/2016/20160603-2.html,English version 平成28年６月３日 証券取引等監視委員会 ベルテ株式会社に対する検査結果に基づく勧告について １．勧告の内容 東海財務局長がベルテ株式会社（愛知県名古屋市、法人番号2180001072457、資本金555万円、常勤役職員１名、投資助言・代理業、適格機関投資家等特例業務）を検査した結果、下記のとおり、当該金融商品取引業者に係る問題が認められたので、本日、証券取引等監視委員会は、内閣総理大臣及び金融庁長官に対して、金融庁設置法第20条第１項の規定に基づき、行政処分を行うよう勧告した。 ２．事実関係 （１）不適切な適格機関投資家等特例業務の運営状況 ベルテ株式会社（以下「当社」という。）は、適格機関投資家等特例業務（以下「特例業務」という。）として、株式等を投資対象とするビーアールエヌ１号投資事業有限責任組合（当社が無限責任組合員。以下「BRN LPS」という。）を組成し、複数の特例業務の届出者（以下「届出業者」という。）が運用する匿名組合等（以下「ファンド」という。）に適格機関投資家として出資（以下「適格機関投資家出資」という。）を行っているとしている。 当社の業務運営を検証したところ、以下の問題が認められた。 ア適格機関投資家出資の外観の仮装 当社の代表取締役であるA（以下「A代表」という。）は、株式会社オリエント・パートナーズ（愛知県名古屋市、代表取締役　B。以下、それぞれ、「オリエント社」、「B氏」という。）と共同して、適格機関投資家出資を必要とする届出業者に対して、BRN LPSの名義を利用して、BRN LPSから適格機関投資家出資が行われたかのように外観を装うことを考えた。そして、当社は、希望した届出業者から、（ｱ）BRN LPSの名義の使用に係る対価（当社及びオリエント社の報酬分）に、（ｲ）出資相当額を加えた金銭を受領し、このうち、（ｲ）の出資相当額分をBRN LPSからの出資と称して届出業者16者が組成した17本のファンドに出資していた。 このように、当該17本のファンドに対するBRN LPSからの出資は、実際には、BRN LPSが負担することなく、当該届出業者の負担により行っていたものであり、BRN LPSからの適格機関投資家出資がなされているかのような外観を仮装したものに過ぎない。したがって、当該出資については、適格機関投資家出資とは到底評価し得ないものである。 上記の当社の行為は、特例業務について適格機関投資家出資を要件とする金融商品取引法（以下「金商法」という。）の趣旨をないがしろにするものであり、届出業者に特例業務の要件を充足しないまま違法にファンドの出資持分の取得勧誘や出資金の運用を行わせることとなり得るものと認められる。 このような当社の適格機関投資家出資に係る状況は、金商法第51条に規定する「業務の運営に関し、公益又は投資者保護のため必要かつ適当であると認めるとき」に該当するものと認められる。 イ無登録で投資運用業を行っている状況 当社のA代表は、平成26年３月、BRN LPSにおいて、同年４月以降、適格機関投資家出資がなくなることから、BRN LPS が出資しているSola１号投資事業組合の運営者である株式会社Sola（愛知県名古屋市、届出業者。以下「Sola社」という。）の代表取締役でもあるB氏に新たな出資者となる適格機関投資家について相談を行った。 そして、当社は、B氏が知人から借りた甲投資事業有限責任組合（以下「甲 LPS」という。）の名義を利用し、実際には、BRN LPSが出資相当額を負担する旨のB氏の提案を受け、平成26年４月、甲 LPS による出資と称してBRN LPSの組合財産から出資相当額を負担した。 このように、BRN LPS に対する甲 LPSからの出資は、実際には、甲 LPSが負担することなく、 BRN LPSの組合財産の負担により行っていたものであり、甲 LPSからの適格機関投資家出資がなされているかのような外観を仮装したものに過ぎない。 したがって、当該出資については、適格機関投資家出資とは到底評価し得ないものである。 このように、当該出資は、適格機関投資家出資とは認められないものであるから、当社が行った平成26年４月以降のBRN LPSの出資金の運用は、特例業務の要件を充足せず、金商法第28条第４項に規定する「投資運用業」に該当し、当社が同法第31条第４項に基づく変更登録を受けることなく、当該業務を行うことは、同法第29条に違反するものと認められる。 （２）無登録で第二種金融商品取引業を行っている状況 当社は、平成23年６月から同25年５月にかけて、B氏の依頼を受け、Sola社が運営するSola１号投資事業組合の出資持分の取得勧誘を行い、少なくとも10名に対し約1900万円の出資持分を取得させた。 当社が業として行った（２）の行為は、金商法第28条第２項に規定する「第二種金融商品取引業」に該当し、当社が同法第31条第４項に基づく変更登録を受けることなく、上記行為を行うことは、同法第29条に違反するものと認められる。 （３）投資助言・代理業を適確に遂行するに足りる人的構成が確保されていない状況 当社は、当社の唯一の常勤役職員である代表取締役が金商法の理解を欠き、かつ投資者保護等の意識が欠如していることから、（１）及び（２）の問題を生じていることに加え、投資助言・代理業において、契約締結前交付書面等の不保存等、多くの法令違反が認められた。 当社の（３）の状況は、金商法第29条の４第１項第１号ホに規定する「金融商品取引業を適確に遂行するに足りる人的構成を有しない者」に該当するものと認められ、このような当社の状況は、金商法第52条第１項第１号に該当するものと認められる。 株式会社Solaに対する検査結果について（平成28年６月３日公表） 参考資料（PDF：149.9KB） （参考条文） ○金融商品取引法（昭和23年法律第25号）（抄） 第二十八条（略） ２この章において「第二種金融商品取引業」とは、金融商品取引業のうち、次に掲げる行為のいずれかを業として行うことをいう。 一（略） 二第二条第二項の規定により有価証券とみなされる同項各号に掲げる権利についての同条第八項第一号から第三号まで、第五号、第八号又は第九号に掲げる行為 三・四（略） ３（略） ４この章において「投資運用業」とは、金融商品取引業のうち、次に掲げる行為のいずれかを業として行うことをいい、銀行、協同組織金融機関その他政令で定める金融機関が、当該行為のいずれかを業として行うことを含むものとする。 一・二（略） 三第二条第八項第十五号に掲げる行為 （以下、略） （登録） 第二十九条金融商品取引業は、内閣総理大臣の登録を受けた者でなければ、行うことができない。 （登録の拒否） 第二十九条の四内閣総理大臣は、登録申請者が次の各号のいずれかに該当するとき、又は登録申請書若しくはこれに添付すべき書類若しくは電磁的記録のうちに虚偽の記載若しくは記録があり、若しくは重要な事実の記載若しくは記録が欠けているときは、その登録を拒否しなければならない。 一次のいずれかに該当する者 イ～ニ（略） ホ金融商品取引業を適確に遂行するに足りる人的構成を有しない者 （以下、略） （変更登録等） 第三十一条（略） ２・３（略） ４金融商品取引業者は、第二十九条の二第一項第五号又は第六号に掲げる事項について変更をしようとするときは、内閣府令で定めるところにより、内閣総理大臣の行う変更登録を受けなければならない。 （以下、略） （金融商品取引業者に対する業務改善命令） 第五十一条内閣総理大臣は、金融商品取引業者の業務の運営又は財産の状況に関し、公益又は投資者保護のため必要かつ適当であると認めるときは、その必要の限度において、当該金融商品取引業者に対し、業務の方法の変更その他業務の運営又は財産の状況の改善に必要な措置をとるべきことを命ずることができる。 （金融商品取引業者に対する監督上の処分） 第五十二条内閣総理大臣は、金融商品取引業者が次の各号のいずれかに該当する場合においては、当該金融商品取引業者の第二十九条の登録を取り消し、第三十条第一項の認可を取り消し、又は六月以内の期間を定めて業務の全部若しくは一部の停止を命ずることができる。 一第二十九条の四第一項第一号、第二号又は第三号に該当することとなつたとき。 （以下、略）,0
2016-06-03,2015/03/18-2015/06/22,大豊建設株式会社,1822,極東貿易株式外４銘柄に係る相場操縦に対する課徴金納付命令の勧告について（平成28年6月3日）,https://www.fsa.go.jp/sesc/news/c_2016/2016/20160603-1.html,"English version 平成２８年６月３日 証券取引等監視委員会 極東貿易株式外４銘柄に係る相場操縦に対する課徴金納付命令の勧告について １．勧告の内容 証券取引等監視委員会は、極東貿易株式外４銘柄に係る相場操縦について検査した結果、下記のとおり法令違反の事実が認められたので、本日、内閣総理大臣及び金融庁長官に対して、金融庁設置法第２０条第１項の規定に基づき、課徴金納付命令を発出するよう勧告を行った。 ２．法令違反の事実関係 課徴金納付命令対象者は、株式の売買を誘引する目的をもって、 別表 記載のとおり、 (1) 大豊建設株式会社（以下「大豊建設」という。）の株式につき、平成２７年３月１８日午後２時９分１５秒から同日午後２時９分１８秒までの間及び同月２０日午後０時３２分４９秒から同日午後０時４２分５７秒までの間、上値売り注文を大量に入れるなどの方法により、同株式合計７万２０００株の売付けの委託を行う一方、同株式合計３万８０００株を買い付けるなどし、 (2) ＪＵＫＩ株式会社（以下「ＪＵＫＩ」という。）の株式につき、同年４月３日午前１０時３１分４４秒から同日午前１０時３５分１４秒までの間、前記同様の方法により、同株式合計７万８０００株の売付けの委託を行う一方、同株式合計４万株を買い付けるなどし、 (3) 東洋エンジニアリング株式会社（以下「東洋エンジニアリング」という。）の株式につき、同年５月１８日午前９時５０分５２秒から同日午前９時５７分２９秒までの間及び同月１９日午前９時３４分１９秒から同日午前９時３６分９秒までの間、前記同様の方法により、同株式合計２４万８０００株の売付けの委託を行う一方、同株式合計１０万８０００株を買い付けるなどし、 (4) 極東貿易株式会社（以下「極東貿易」という。）の株式につき、同年６月９日午前１０時０分３３秒から同日午前１０時８分５４秒までの間、前記同様の方法により、同株式合計１３万株の売付けの委託を行うとともに、同株式合計1万２０００株を売り付ける一方、同株式合計４万２０００株を買い付けるなどし、 (5) 株式会社マツモトキヨシホールディングス（以下「マツモトキヨシホールディングス」という。）の株式につき、同年６月２２日午前１１時９分４６秒から同日午前１１時１３分４１秒までの間、前記同様の方法により、同株式合計７８００株の売付けの委託を行う一方、同株式合計６０００株を買い付けるなどし、 もって、自己の計算において、大豊建設、ＪＵＫＩ、東洋エンジニアリング、極東貿易及びマツモトキヨシホールディングス各株式の売買が繁盛であると誤解させ、かつ、上記各株式の相場を変動させるべき一連の売買及び委託をしたものである。 違反行為事実の概要については、 別図 のとおり。 課徴金納付命令対象者が行った上記の行為は、金融商品取引法第１７４条の２第１項に規定する「第１５９条第２項第１号の規定に違反する一連の有価証券売買等」及び「その委託等」に該当すると認められる。 ３．課徴金の額の計算 上記の違法行為に対し金融商品取引法に基づき納付を命じられる課徴金の額は、合計１２１万円である。 計算方法の詳細については、 別紙 のとおり。 （別表） ○ 違反行為状況 （クリックすると拡大されます） （クリックすると拡大されます） （クリックすると拡大されます） （クリックすると拡大されます） （クリックすると拡大されます） （別図） ○ 違反行為事実の概要について （クリックすると拡大されます） （別紙） ○ 課徴金の額の計算方法について １．金融商品取引法第１７４条の２第１項に基づき、課徴金の額は、 (1) 売買対当数量 （注１） に係るものについて、 （有価証券の売付価額）－（有価証券の買付価額） と、 (2) 当該違反行為に係る有価証券の売付数量が買付数量を超える場合の、当該超える数量に係るものについて、 （有価証券の売付価額）－（当該違反行為が終了してから１月を経過するまでの間の当該有価証券の最低価格×当該超える数量） または、 当該違反行為に係る有価証券の買付数量が売付数量を超える場合の、当該超える数量に係るものについて、 （当該違反行為が終了してから１月を経過するまでの間の当該有価証券の最高価格×当該超える数量）－（有価証券の買付価額） との合計額として計算される。 （注１）売買対当数量：当該違反行為に係る有価証券の売付数量と買付数量のうち、いずれか少ない数量をいう。 ２．課徴金納付命令対象者の各違反行為について、本件における課徴金の額は、下記(1)ないし(7)によりそれぞれ算定される額の合計　1,210,000円 (1) 大豊建設株式（ 別表の１.ア. ）に係る課徴金の額は、下記ア.及びイ.によりそれぞれ算定される額の合計840,000円 ⇒課徴金の額は、 ８４万円 ア．当該違反行為に係る売買対当数量は、 (ｉ)当該違反行為に係る有価証券の売付数量は、金融商品取引法第１７４条の２第７項及び同法施行令第３３条の１２第１号により、違反行為の開始時にその時における価格（637円）で売付けをしたものとみなされる当該違反行為の開始時に有価証券を有しないで売付けをしている当該有価証券の数量20,000株であり、 (ii)当該違反行為に係る有価証券の買付数量は、0株である ことから、0株となる。 よって、当該売買対当数量に係るものについては、0円 イ．上記ア．のとおり、当該違反行為に係る有価証券の売付数量が、買付数量を超えることから、当該超える数量20,000株（20,000株－0株）について、当該超える数量に係る有価証券の売付価額から、当該違反行為が終了してから１月を経過するまでの間の当該有価証券の最低価格（595円）に当該超える数量を乗じて得た額を控除した額 売付価額12,740,000円 （注２） －11,900,000円（595円×20,000株） ＝840,000円 （注２）売付価額は、「637円×20,000株」の額である。 (2) 大豊建設株式（ 別表の１.イ. ）に係る課徴金の額は、下記ア.及びイ.によりそれぞれ算定される額の合計30,000円 ⇒課徴金の額は、 ３万円 ア．当該違反行為に係る売買対当数量は、 (ｉ)当該違反行為に係る有価証券の売付数量は、金融商品取引法第１７４条の２第７項及び同法施行令第３３条の１２第１号により、違反行為の開始時にその時における価格（624円）で売付けをしたものとみなされる当該違反行為の開始時に有価証券を有しないで売付けをしている当該有価証券の数量38,000株であり、 (ii)当該違反行為に係る有価証券の買付数量は、38,000株である ことから、38,000株となる。 当該売買対当数量に係るものについて、 売付価額23,712,000円 （注３） － 買付価額23,682,000円 （注４） ＝30,000円 （注３）売付価額は、「624円×38,000株」の額である。 （注４）買付価額は、「623円×30,000株＋624円×8,000株」の額である。 イ．上記ア.のとおり、当該違反行為に係る有価証券の売付数量と買付数量が同じであり、当該超える数量は0株となることから0円 (3) ＪＵＫＩ株式（ 別表の２. ）に係る課徴金の額は、下記ア.及びイ.によりそれぞれ算定される額の合計30,000円 ⇒課徴金の額は、 ３万円 ア．当該違反行為に係る売買対当数量は、 (ｉ)当該違反行為に係る有価証券の売付数量は、金融商品取引法第１７４条の２第７項及び同法施行令第３３条の１２第１号により、違反行為の開始時にその時における価格（379円）で売付けをしたものとみなされる当該違反行為の開始時に有価証券を有しないで売付けをしている当該有価証券の数量40,000株であり、 (ii)当該違反行為に係る有価証券の買付数量は、40,000株である ことから、40,000株となる。 当該売買対当数量に係るものについて、 売付価額15,160,000円 （注５） － 買付価額15,130,000円 （注６） ＝30,000円 （注５）売付価額は、「379円×40,000株」の額である。 （注６）買付価額は、「378円×30,000株＋379円×10,000株」の額である。 イ．上記ア.のとおり、当該違反行為に係る有価証券の売付数量と買付数量が同じであり、当該超える数量は0株となることから0円 (4) 東洋エンジニアリング株式（ 別表の３.ア. ）に係る課徴金の額は、下記ア.及びイ.によりそれぞれ算定される額の合計80,000円 ⇒課徴金の額は、 ８万円 ア．当該違反行為に係る売買対当数量は、 (ｉ)当該違反行為に係る有価証券の売付数量は、金融商品取引法第１７４条の２第７項及び同法施行令第３３条の１２第１号により、違反行為の開始時にその時における価格（336円）で売付けをしたものとみなされる当該違反行為の開始時に有価証券を有しないで売付けをしている当該有価証券の数量40,000株であり、 (ii)当該違反行為に係る有価証券の買付数量は、40,000株である ことから、40,000株となる。 当該売買対当数量に係るものについて、 売付価額13,440,000円 （注７） － 買付価額13,360,000円 （注８） ＝80,000円 （注７）売付価額は、「336円×40,000株」の額である。 （注８）買付価額は、「334円×40,000株」の額である。 イ．上記ア.のとおり、当該違反行為に係る有価証券の売付数量と買付数量が同じであり、当該超える数量は0株となることから0円 (5) 東洋エンジニアリング株式（ 別表の３.イ. ）に係る課徴金の額は、下記ア.及びイ.によりそれぞれ算定される額の合計68,000円 ⇒課徴金の額は、 ６万円 ア．当該違反行為に係る売買対当数量は、 (ｉ)当該違反行為に係る有価証券の売付数量は、金融商品取引法第１７４条の２第７項及び同法施行令第３３条の１２第１号により、違反行為の開始時にその時における価格（320円）で売付けをしたものとみなされる当該違反行為の開始時に有価証券を有しないで売付けをしている当該有価証券の数量68,000株であり、 (ii)当該違反行為に係る有価証券の買付数量は、68,000株である ことから、68,000株となる。 当該売買対当数量に係るものについて、 売付価額21,760,000円 （注９） － 買付価額21,692,000円 （注10） ＝68,000円 （注９）売付価額は、「320円×68,000株」の額である。 （注10）買付価額は、「319円×68,000株」の額である。 イ．上記ア.のとおり、当該違反行為に係る有価証券の売付数量と買付数量が同じであり、当該超える数量は0株となることから0円 (6) 極東貿易株式（ 別表の４. ）に係る課徴金の額は、下記ア.及びイ.によりそれぞれ算定される額の合計110,000円 ⇒課徴金の額は、 １１万円 ア．当該違反行為に係る売買対当数量は、 (ｉ)当該違反行為に係る有価証券の売付数量は、実際の売付け等の数量12,000株に金融商品取引法第１７４条の２第７項及び同法施行令第３３条の１２第１号により、違反行為の開始時にその時における価格（350円）で売付けをしたものとみなされる当該違反行為の開始時に有価証券を有しないで売付けをしている当該有価証券の数量30,000株を加えた42,000株であり、 (ii)当該違反行為に係る有価証券の買付数量は、42,000株である ことから、42,000株となる。 当該売買対当数量に係るものについて、 売付価額14,664,000円 （注11） － 買付価額14,554,000円 （注12） ＝110,000円 （注11）売付価額は、「347円×12,000株＋350円×30,000株」の額である。 （注12）買付価額は、「346円×20,000株＋347円×22,000株」の額である。 イ．上記ア.のとおり、当該違反行為に係る有価証券の売付数量と買付数量が同じであり、当該超える数量は0株となることから0円 (7) マツモトキヨシホールディングス株式（ 別表の５. ）に係る課徴金の額は、下記ア.及びイ.によりそれぞれ算定される額の合計60,000円 ⇒課徴金の額は、 ６万円 ア．当該違反行為に係る売買対当数量は、 (ｉ)当該違反行為に係る有価証券の売付数量は、金融商品取引法第１７４条の２第７項及び同法施行令第３３条の１２第１号により、違反行為の開始時にその時における価格（5,260円）で売付けをしたものとみなされる当該違反行為の開始時に有価証券を有しないで売付けをしている当該有価証券の数量6,000株であり、 (ii)当該違反行為に係る有価証券の買付数量は、6,000株である ことから、6,000株となる。 当該売買対当数量に係るものについて、 売付価額31,560,000円 （注13） － 買付価額31,500,000円 （注14） ＝60,000円 （注13）売付価額は、「5,260円×6,000株」の額である。 （注14）買付価額は、「5,250円×6,000株」の額である。 イ．上記ア.のとおり、当該違反行為に係る有価証券の売付数量と買付数量が同じであり、当該超える数量は0株となることから0円",0
2016-03-29,2011/06/29-2013/02/12,新日本建設株式会社,1879,新日本建設株式会社に係る有価証券報告書等の虚偽記載に係る課徴金納付命令勧告について（平成28年3月29日）,https://www.fsa.go.jp/sesc/news/c_2016/2016/20160329-1.html,"English version 平成28年３月29日 証券取引等監視委員会 新日本建設株式会社に係る有価証券報告書等の虚偽記載に係る課徴金納付命令勧告について １．勧告の内容 証券取引等監視委員会は、新日本建設株式会社（法人番号2040001003186）に係る有価証券報告書等の虚偽記載について検査した結果、以下のとおり法令違反の事実が認められたので、本日、内閣総理大臣及び金融庁長官に対して、金融庁設置法第20条第１項の規定に基づき、課徴金納付命令を発出するよう勧告を行った。 ２．法令違反の事実関係 新日本建設株式会社（以下「当社」という。）は、所有不動産の鑑定評価を依頼していた不動産鑑定業者が行った過大な鑑定評価結果に基づき、たな卸資産（販売用不動産）を過大に計上するなどした。 この結果、当社は、関東財務局長に対し、 別紙１ のとおり、金融商品取引法第172条の４第１項及び第２項に規定する「重要な事項につき虚偽の記載がある」以下の有価証券報告書等を提出したものである。 平成23年３月期有価証券報告書（平成23年６月29日提出） 平成23年６月第１四半期四半期報告書（平成23年８月９日提出） 平成23年９月第２四半期四半期報告書（平成23年11月11日提出） 平成23年12月第３四半期四半期報告書（平成24年２月10日提出） 平成24年３月期有価証券報告書（平成24年６月28日提出） 平成24年６月第１四半期四半期報告書（平成24年８月10日提出） 平成24年９月第２四半期四半期報告書（平成24年11月14日提出） 平成24年12月第３四半期四半期報告書（平成25年２月12日提出） ３．課徴金の額の計算 上記の違法行為について金融商品取引法に基づき算定される課徴金の額は、1,800万円である。（計算方法については 別紙２ のとおり。） （別紙１）新日本建設株式会社の有価証券報告書等の虚偽記載内容 （別紙１）新日本建設株式会社の有価証券報告書等の虚偽記載内容 番 号 開示書類 虚偽記載 提出日 書類 会計期間 財務計算に 関する書類 内容（注） 事由 １ 平成23年 ６月29日 第47期事業年度連結会計期間に係る有価証券報告書（平成23年３月期有価証券報告書） 平成22年４月１日～平成23年３月31日の連結会計期間 連結 貸借対照表 連結純資産額が22,590百万円であるところを28,884百万円と記載 ・販売用不動産の過大計上 等 ２ 平成23年 ８月９日 第48期事業年度第１四半期連結会計期間に係る四半期報告書（平成23年６月第１四半期四半期報告書） 平成23年４月１日～平成23年６月30日の第１四半期連結会計期間 四半期連結 貸借対照表 連結純資産額が22,563百万円であるところを28,857百万円と記載 ・販売用不動産の過大計上 等 ３ 平成23年 11月11日 第48期事業年度第２四半期連結会計期間に係る四半期報告書（平成23年９月第２四半期四半期報告書） 平成23年７月１日～平成23年９月30日の第２四半期連結会計期間 四半期連結 貸借対照表 連結純資産額が23,246百万円であるところを29,540百万円と記載 ・販売用不動産の過大計上 等 ４ 平成24年 ２月10日 第48期事業年度第３四半期連結会計期間に係る四半期報告書（平成23年12月第３四半期四半期報告書） 平成23年10月１日～平成23年12月31日の第３四半期連結会計期間 四半期連結 貸借対照表 連結純資産額が23,449百万円であるところを29,743百万円と記載 ・販売用不動産の過大計上 等 ５ 平成24年 ６月28日 第48期事業年度連結会計期間に係る有価証券報告書（平成24年３月期有価証券報告書） 平成23年４月１日～平成24年３月31日の連結会計期間 連結 貸借対照表 連結純資産額が23,770百万円であるところを29,959百万円と記載 ・販売用不動産の過大計上 等 ６ 平成24年 ８月10日 第49期事業年度第１四半期連結会計期間に係る四半期報告書（平成24年６月第１四半期四半期報告書） 平成24年４月１日～平成24年６月30日の第１四半期連結会計期間 四半期連結 貸借対照表 連結純資産額が23,566百万円であるところを29,755百万円と記載 ・販売用不動産の過大計上 等 ７ 平成24年 11月14日 第49期事業年度第２四半期連結会計期間に係る四半期報告書（平成24年９月第２四半期四半期報告書） 平成24年７月１日～平成24年９月30日の第２四半期連結会計期間 四半期連結 貸借対照表 連結純資産額が23,774百万円であるところを29,962百万円と記載 ・販売用不動産の過大計上 等 ８ 平成25年 ２月12日 第49期事業年度第３四半期連結会計期間に係る四半期報告書（平成24年12月第３四半期四半期報告書） 平成24年10月１日～平成24年12月31日の第３四半期連結会計期間 四半期連結 貸借対照表 連結純資産額が23,651百万円であるところを29,839百万円と記載 ・販売用不動産の過大計上 等 （注）金額は百万円未満切捨てである。 （別紙２）課徴金の計算方法 (1) 金融商品取引法第172条の４第１項の規定により、平成23年３月期有価証券報告書に係る課徴金の額は、 ア 当該法人が発行する算定基準有価証券の市場価額の総額に10万分の６を乗じて得た額（814,916円） が イ 6,000,000円 を超えないことから、6,000,000円となる。 (2) 金融商品取引法第172条の４第１項及び第２項の規定により、平成23年６月第１四半期四半期報告書、平成23年９月第２四半期四半期報告書、平成23年12月第３四半期四半期報告書及び平成24年３月期有価証券報告書に係る課徴金について、個別決定ごとの算出額は、 ア 当該法人が発行する算定基準有価証券の市場価額の総額に10万分の６を乗じて得た額 （ 平成23年６月第１四半期四半期報告書 921,442円 平成23年９月第２四半期四半期報告書 820,281円 平成23年12月第３四半期四半期報告書 731,077円 平成24年３月期有価証券報告書 841,040円 ） が イ 6,000,000円 を超えないことから、 平成23年６月第１四半期四半期報告書については、6,000,000円の２分の１に相当する額である3,000,000円 平成23年９月第２四半期四半期報告書については、6,000,000円の２分の１に相当する額である3,000,000円 平成23年12月第３四半期四半期報告書については、6,000,000円の２分の１に相当する額である3,000,000円 平成24年３月期有価証券報告書については、6,000,000円 となる。 ここで、これらの書類が同一の事業年度に係るものであることから、金融商品取引法第185条の７第６項の規定により、下記のとおり600万円を個別決定ごとの算出額に応じて按分した金額が課徴金の額となる。 平成23年６月第１四半期四半期報告書に係る課徴金の額は 1,200,000円 平成23年９月第２四半期四半期報告書に係る課徴金の額は 1,200,000円 平成23年12月第３四半期四半期報告書に係る課徴金の額は 1,200,000円 平成24年３月期有価証券報告書に係る課徴金の額は 2,400,000円 (3) 金融商品取引法第172条の４第２項の規定により、平成24年６月第１四半期四半期報告書、平成24年９月第２四半期四半期報告書及び平成24年12月第３四半期四半期報告書に係る課徴金について、個別決定ごとの算出額は、 ア 当該法人が発行する算定基準有価証券の市場価額の総額に10万分の６を乗じて得た額 （ 平成24年６月第１四半期四半期報告書 719,470円 平成24年９月第２四半期四半期報告書 676,136円 平成24年12月第３四半期四半期報告書 704,476円 ） が イ 6,000,000円 を超えないことから、 平成24年６月第１四半期四半期報告書については、6,000,000円の２分の１に相当する額である3,000,000円 平成24年９月第２四半期四半期報告書については、6,000,000円の２分の１に相当する額である3,000,000円 平成24年12月第３四半期四半期報告書については、6,000,000円の２分の１に相当する額である3,000,000円 となる。 ここで、これらの書類が同一の事業年度に係るものであることから、金融商品取引法第185条の７第６項の規定により、下記のとおり600万円を個別決定ごとの算出額に応じて按分した金額が課徴金の額となる。 平成24年６月第１四半期四半期報告書に係る課徴金の額は 2,000,000円 平成24年９月第２四半期四半期報告書に係る課徴金の額は 2,000,000円 平成24年12月第３四半期四半期報告書に係る課徴金の額は 2,000,000円",0
2016-03-15,2014/08/14-2014/08/18,株式会社ウィズ,1672,ウィズ株式に係る相場操縦に対する課徴金納付命令の勧告について（平成28年3月15日）,https://www.fsa.go.jp/sesc/news/c_2016/2016/20160315-2.html,"English version 平成２８年３月１５日 証券取引等監視委員会 ウィズ株式に係る相場操縦に対する課徴金納付命令の勧告について １．勧告の内容 証券取引等監視委員会は、ウィズ株式に係る相場操縦について検査した結果、下記のとおり法令違反の事実が認められたので、本日、内閣総理大臣及び金融庁長官に対して、金融庁設置法第２０条第１項の規定に基づき、課徴金納付命令を発出するよう勧告を行った。 ２．法令違反の事実関係 (1) 株式会社トレード・ラボ（法人番号5010401079339、課徴金納付命令対象者(1)、以下「トレード・ラボ」という。）は、投資事業有限責任組合契約に基づき、トレード・ラボ投資事業有限責任組合（以下「組合」という。）の財産の運用、管理等を行う無限責任組合員として、組合に出資された財産の運用権限を有していたものである。 トレード・ラボの役員として組合財産を運用していた課徴金納付命令対象者(2)は、トレード・ラボの業務に関し、株式会社ウィズの株式につき、同株式の売買を誘引する目的をもって、平成２６年８月１４日午前９時３分頃から同月１８日午後２時５９分頃までの間、３取引日にわたり、直前の約定値より高指値の売り注文及び買い注文を、課徴金納付命令対象者(2)の買い注文及び売り注文と対当させて株価を引き上げたり、直前の約定値より高指値の買い注文を発注して株価を引き上げるなどの方法により、同株式合計３８００株を買い付ける一方、同株式合計３３００株を売り付け、そのうち、トレード・ラボらの同年８月度における組合への出資割合である約０．７８パーセントについては自己の計算において、それ以外においては自己以外の者である組合への出資者の計算において、もって、同株式の売買が繁盛であると誤解させ、かつ、同株式の相場を変動させるべき一連の売買をしたものである。 (2) 課徴金納付命令対象者(2)は、株式会社ウィズの株式につき、同株式の売買を誘引する目的をもって、平成２６年８月１４日午前９時３分頃から同月１８日午後２時４５分頃までの間、３取引日にわたり、直前の約定値より高指値の買い注文を、課徴金納付命令対象者(1)の売り注文と対当させて株価を引き上げたり、直前の約定値より高指値の買い注文を発注して株価を引き上げるなどの方法により、同株式合計３１００株を買い付ける一方、同株式合計４５００株を売り付け、そのうち、自己の計算で、同株式合計５００株を買い付ける一方、同株式合計２８００株を売り付け、もって、同株式の売買が繁盛であると誤解させ、かつ、同株式の相場を変動させるべき一連の売買をしたものである。 違反行為事実の概要については、別図のとおり。 課徴金納付命令対象者が行った上記の行為は、金融商品取引法第１７４条の２第１項に規定する「第１５９条第２項第１号の規定に違反する一連の有価証券売買等」に該当すると認められる。 ３．課徴金の額の計算 上記の違法行為に対し金融商品取引法に基づき納付を命じられる課徴金の額は、下記のとおりである。 課徴金納付命令対象者（1） ３８２万円 課徴金納付命令対象者（2） １１２５万円 計算方法の詳細については、別紙のとおり。 （別図） ○ 違反行為事実の概要について （クリックすると拡大されます） ※小数点以下の端数が生じた場合、小数第三位を切り捨てて表記している。なお、計算の過程においては端数処理を行わず計算している。 （別紙） ○ 課徴金の額の計算方法について １．課徴金納付命令対象者(1) (1) 金融商品取引法第１７４条の２第１項に基づき、課徴金の額は、下記ア.ないしウ.の合計額として計算される。 ア．売買対当数量 （注１） に係るものについて、 （自己の計算による有価証券の売付価額）－（自己の計算による有価証券の買付価額） イ．当該違反行為に係る自己の計算による有価証券の売付数量が自己の計算による買付数量を超える場合の、当該超える数量に係るものについて、 （有価証券の売付価額）－（当該違反行為が終了してから１月を経過するまでの間の当該有価証券の最低価格×当該超える数量） または、 当該違反行為に係る自己の計算による有価証券の買付数量が自己の計算による売付数量を超える場合の、当該超える数量に係るものについて、 （当該違反行為が終了してから１月を経過するまでの間の当該有価証券の最高価格×当該超える数量）－（有価証券の買付価額） ウ．課徴金納付命令対象者（1）が、自己以外の者の計算において、当該違反行為の開始時から当該違反行為の終了後１月を経過するまでの間に違反行為又は有価証券の売付け等若しくは有価証券の買付け等をした場合、当該違反者は、運用対象財産の運用として当該違反行為又は有価証券の売付け等若しくは有価証券の買付け等を行った者であるので、当該違反行為又は有価証券の売付け等若しくは有価証券の買付け等をした日の属する月における当該運用対象財産のうち金融商品取引法第六章の二の規定による課徴金に関する内閣府令第１条の１６第１項で定めるものの運用の対価の額に相当する額として同条第２項で定める額に三を乗じて得た額 （注１）売買対当数量：当該違反行為に係る有価証券の売付数量と買付数量のうち、いずれか少ない数量をいう。 (2) 課徴金納付命令対象者(1)の違反行為について、本件における課徴金の額は、下記ア.ないしウ.によりそれぞれ算定される額の合計　3,820,482円 ⇒課徴金の額は、１万円未満を切り捨てるため、 ３８２万円 ア．当該違反行為に係る売買対当数量は、 （ア）当該違反行為に係る自己の計算による有価証券の売付数量は、25.98株 （注２） （3,300株×出資割合500/63,500 （注３） ）であり、 （イ）当該違反行為に係る自己の計算による有価証券の買付数量は、実際の買付け等の数量29.92株（3,800株×出資割合500/63,500 （注３） ）に、金融商品取引法第１７４条の２第８項及び同法施行令第３３条の１３第１号により、違反行為の開始時にその時における価格（899円）で買付けを自己の計算においてしたものとみなされる当該違反行為の開始時に所有している当該有価証券の数量372.44株（47,300株×出資割合500/63,500 （注３） ）を加えた402.36株である ことから、25.98株となる。 当該売買対当数量に係るものについて、 売付価額24,712.59円 （注４） － 買付価額23,359.84円 （注５） ＝1,352.75円 （注２）小数点以下の端数が生じた場合は、小数第三位を切り捨てて表記している。当資料において、以下、同じ。なお、計算の過程においては端数処理を行わず計算している。 （注３）平成26年8月時点において、組合への出資63,500口のうち、500口が課徴金納付命令対象者(1）及び課徴金納付命令対象者(1）と密接な関係を有する者等による出資であることから、同出資割合である「500/63,500（約0.78％）」について、自己の計算において行ったものと認められる。 （注４）売付価額は、 「(920円×100株＋925円×100株＋948円×1,500株＋949円×100株＋950円×300株＋954円×600株＋956円×300株＋976円×200株＋977円×100株)×500/63,500（注３）」 の額である。 （注５）買付価額は、 「(899円×3,300株)×500/63,500（注３）」 の額である。 （注６）買付価額の算定においては、金融商品取引法施行令第３３条の１４第５項の規定により、当該違反行為に係る有価証券の買付けのうち最も早い時期に行われたものから順次当該売買対当数量に達するまで割り当てることとなる。 本件においては、違反行為の開始時点において所有しており、金融商品取引法第１７４条の２第８項及び同法施行令第３３条の１３第１号の規定により、違反行為の開始時点にその時における価格（899円）で買い付けたものとみなされるもの（みなし買付け）から割り当てられることとなる。 イ．上記ア.のとおり、当該違反行為に係る有価証券の買付数量が、売付数量を超えることから、 当該超える数量376.37株（402.36株－25.98株）について、 当該違反行為が終了してから１月を経過するまでの間の当該有価証券の最高価格（1,675円）に当該超える数量を乗じて得た額 630,433.07円（1,675円×376.37株）－ 買付価額339,548.81円 （注７） ＝290,884.25円 （注７）買付価額は、 「（899円×44,100株＋914円×200株＋918円×300株＋922円×100株＋924円×100株＋925円×100株＋926円×100株＋927円×100株＋928円×300株＋930円×300株＋931円×100株＋934円×100株＋935円×400株＋940円×100株＋945円×100株＋946円×100株＋950円×200株＋955円×100株＋959円×200株＋960円×300株＋968円×100株＋971円×100株＋980円×200株）×500/63,500（注３）」 の額である。 ウ．当該違反行為をした日の属する月における当該運用財産の運用の対価の額は1,176,081.86円であることから、 これに三を乗じて得た額3,528,245.60円 （注８） （1,176,081.86円×３） （注８）課徴金納付命令対象者(1）に対する自己以外の者の計算分の課徴金は、運用を行う金銭その他の財産のうち算定対象取引（注９）に係る利益又は損失が帰属するものについて、算定対象取引が行われた日の属する月に課徴金納付命令対象者(1）に運用の対価として支払われ、又は支払われるべき金銭その他の財産（以下「運用報酬」という。）の価額（運用報酬算定期間が1月を超える場合にあっては、当該運用報酬算定期間の月数で除す方法その他の合理的な方法により算出した額）の総額に三を乗じて得た額になる。 課徴金納付命令対象者(1）の受領した運用報酬算定期間が１月を超えるので、当該運用報酬算定期間の月数で除す方法により算出すると、違反行為期間が含まれる平成26年８月における課徴金納付命令対象者(1）の管理報酬及び成功報酬の月額のうち、課徴金納付命令対象者(1）及び課徴金納付命令対象者(1）と密接な関係を有する者等の出資割合である約0.78％（注３）分を除いた金額は1,176,081.86円となる。したがって、課徴金納付命令対象者(1）に対する自己以外の者の計算分の課徴金額は、この1,176,081.86円に３を乗じて得た金額である3,528,245.60円となる。 （注９）算定対象取引：算定対象取引とは、金融商品取引法第１７４条の２第１項第２号ニの違反行為又は有価証券の売付け等若しくは有価証券の買付け等のうち違反行為に係る有価証券等に係るものを指す（金融商品取引法第六章の二の規定による課徴金に関する内閣府令第１条の１６第１項第１号）。 ２．課徴金納付命令対象者(2) (1) 金融商品取引法第１７４条の２第１項に基づき、課徴金の額は、下記ア.及びイ.の合計額として計算される。 ア．売買対当数量 （注１） に係るものについて、 （自己の計算による有価証券の売付価額）－（自己の計算による有価証券の買付価額） イ．当該違反行為に係る自己の計算による有価証券の売付数量が自己の計算による買付数量を超える場合の、当該超える数量に係るものについて、 （有価証券の売付価額）－（当該違反行為が終了してから１月を経過するまでの間の当該有価証券の最低価格×当該超える数量） または、 当該違反行為に係る自己の計算による有価証券の買付数量が自己の計算による売付数量を超える場合の、当該超える数量に係るものについて、 （当該違反行為が終了してから１月を経過するまでの間の当該有価証券の最高価格×当該超える数量）－（有価証券の買付価額） (2) 課徴金納付命令対象者(2)の違反行為について、本件における課徴金の額は、下記ア.及びイ.によりそれぞれ算定される額の合計　11,254,600円 ⇒課徴金の額は、１万円未満を切り捨てるため、 １１２５万円 ア．当該違反行為に係る売買対当数量は、 （ア）当該違反行為に係る自己の計算による有価証券の売付数量は、2,800株であり、 （イ）当該違反行為に係る自己の計算による有価証券の買付数量は、実際の買付け等の数量500株に、金融商品取引法第１７４条の２第８項及び同法施行令第３３条の１３第１号により、違反行為の開始時にその時における価格（914円）で買付けを自己の計算においてしたものとみなされる当該違反行為の開始時に所有している当該有価証券の数量17,000株を加えた17,500株である ことから、2,800株となる。 当該売買対当数量に係るものについて、 売付価額2,647,900円 （注10） － 買付価額2,559,200円 （注11） ＝88,700円 （注10）売付価額は、 「940円×400株＋941円×300株＋942円×200株＋944円×300株＋948円×1000株＋950円×600株」 の額である。 （注11）買付価額は、 「914円×2,800株」 の額である。 （注12）買付価額の算定においては、金融商品取引法施行令第３３条の１４第５項の規定により、当該違反行為に係る有価証券の買付けのうち最も早い時期に行われたものから順次当該売買対当数量に達するまで割り当てることとなる。 本件においては、違反行為の開始時点において所有しており、金融商品取引法第１７４条の２第８項及び同法施行令第３３条の１３第１号の規定により、違反行為の開始時点にその時における価格（914円）で買い付けたものとみなされるもの（みなし買付け）から割り当てられることとなる。 イ．上記ア.のとおり、当該違反行為に係る自己の計算による有価証券の買付数量が、自己の計算による売付数量を超えることから、 当該超える数量14,700株（17,500株－2,800株）について、 当該違反行為が終了してから１月を経過するまでの間の当該有価証券の最高価格（1,675円）に当該超える数量を乗じて得た額 24,622,500円（1,675円×14,700株）－ 買付価額13,456,600円 （注13） ＝11,165,900円 （注13）買付価額は、 「914円×14,200株＋950円×100株＋951円×100株＋958円×100株＋959円×100株＋960円×100株」 の額である。",0
2017-12-19,2016/08/15-2016/11/11,ピクセルカンパニーズ株式会社,2743,ピクセルカンパニーズ株式会社に係る四半期報告書の虚偽記載に係る課徴金納付命令勧告について,https://www.fsa.go.jp/sesc/news/c_2017/2017/20171219-2.html,"English version 平成29年12月19日 証券取引等監視委員会 ピクセルカンパニーズ株式会社に係る四半期報告書の虚偽記載に係る課徴金納付命令勧告について １．勧告の内容 証券取引等監視委員会は、ピクセルカンパニーズ株式会社（法人番号4010001026485）（以下「当社」という。）に係る四半期報告書の虚偽記載について検査した結果、以下のとおり法令違反の事実が認められたので、本日、内閣総理大臣及び金融庁長官に対して、金融庁設置法第20条第１項の規定に基づき、課徴金納付命令を発出するよう勧告を行った。 ２．法令違反の事実関係 当社は、連結子会社における設備の販売取引において、設備を引き渡していないにもかかわらず、売上を計上したことによって、連結売上高を過大に計上した。この結果、当社は、関東財務局長に対し、参考１のとおり、金融商品取引法第172条の４第２項に規定する「重要な事項につき虚偽の記載がある」以下の四半期報告書を提出したものである。 ・平成28年６月第２四半期四半期報告書（平成28年８月15日提出） ・平成28年９月第３四半期四半期報告書（平成28年11月11日提出） ３．課徴金の額の計算 上記の違法行為について金融商品取引法に基づき算定される課徴金の額は、600万円である。（計算方法については参考２のとおり。） （参考１）ピクセルカンパニーズ株式会社の四半期報告書の虚偽記載内容 番号 開示書類 虚偽記載 提出日 書類 会計期間 財務計算に 関する書類 内容（注） 事由 １ 平成28年 ８月15日 第31期第２四半期（自　平成28年４月１日　至　平成28年６月30日）に係る四半期報告書 平成28年１月１日～平成28年６月30日の第２四半期連結累計期間 四半期連結 損益計算書 連結四半期純利益が154百万円であるところを245百万円と記載 ・売上の過大計上 ２ 平成28年 11月11日 第31期第３四半期（自　平成28年７月１日　至　平成28年９月30日）に係る四半期報告書 平成28年１月１日～平成28年９月30日の第３四半期連結累計期間 四半期連結 損益計算書 連結四半期純利益が106百万円であるところを208百万円と記載 ・売上の過大計上 （注）金額は百万円未満切捨て。 （参考２）課徴金の計算方法 金融商品取引法第172条の４第２項の規定により、当社の平成28年６月第２四半期四半期報告書及び平成28年９月第３四半期四半期報告書に係るそれぞれの課徴金の算出額は、 ア 当社が発行する算定基準有価証券の市場価額の総額に10万分の６を乗じて得た額 ・平成28年６月第２四半期四半期報告書については、153,743円 ・平成28年９月第３四半期四半期報告書については、126,678円 が、いずれも イ 6,000,000円 を超えないことから、 平成28年６月第２四半期四半期報告書については、6,000,000円の２分の１に相当する額である3,000,000円 平成28年９月第３四半期四半期報告書については、6,000,000円の２分の１に相当する額である3,000,000円 となる。",0
2017-11-21,2016/04/13-2016/04/20,セントラル硝子株式会社,4044,引け条件付きの成行注文を利用したセントラル硝子株式外４銘柄に係る相場操縦に対する課徴金納付命令の勧告について,https://www.fsa.go.jp/sesc/news/c_2017/2017/20171121-2.html,"English version 平成２９年１１月２１日 証券取引等監視委員会 引け条件付きの成行注文を利用したセントラル硝子株式外４銘柄に係る相場操縦に対する課徴金納付命令の勧告について １．勧告の内容 証券取引等監視委員会は、セントラル硝子株式外４銘柄に係る相場操縦について検査した結果、下記のとおり法令違反の事実が認められたので、本日、内閣総理大臣及び金融庁長官に対して、金融庁設置法第２０条第１項の規定に基づき、課徴金納付命令を発出するよう勧告を行った。 ２．法令違反の事実関係 課徴金納付命令対象者は、 (1)  株式会社今仙電機製作所（以下「今仙電機」という。）の株式につき、同株式の売買を誘引する目的をもって、 別表 記載のとおり、平成２８年４月１３日午後１時１６分頃から同日午後２時５７分頃までの間、引け条件付きの成行（以下「引成」という。）買い注文を大量に入れる方法により、同株式合計７万８２００株の買付けの委託を行うとともに，同株式合計６４００株を売り付け、 (2)  株式会社不二越（以下「不二越」という。）の株式につき、同株式の売買を誘引する目的をもって、 別表 記載のとおり、平成２８年４月１４日午前１１時９分頃から同日午前１１時２８分頃までの間、前記同様の方法により、同株式合計４８万４０００株の買付けの委託を行うとともに、同株式合計８万１０００株を売り付け、 (3)  セントラル硝子株式会社（以下「セントラル硝子」という。）の株式につき、同株式の売買を誘引する目的をもって、 別表 記載のとおり、平成２８年４月１５日午前１１時７分頃から同日午前１１時２９分頃までの間、前記同様の方法により、同株式合計２６万３０００株の買付けの委託を行うとともに、同株式合計９万６０００株を売り付け、 (4)  リョービ株式会社（以下「リョービ」という。）の株式につき、同株式の売買を誘引する目的をもって、 別表 記載のとおり、平成２８年４月２０日午後２時１９分頃から同日午後２時５８分頃までの間、前記同様の方法により、同株式３５万４０００株の買付けの委託を行うとともに、同株式合計６万５０００株を売り付け、 (5)  東洋ゴム工業株式会社（以下「東洋ゴム」という。）の株式につき、同株式の売買を誘引する目的をもって、 別表 記載のとおり、平成２８年４月１９日午後２時３５分頃から同年４月２０日午前１０時１９分頃まで間、前記同様の方法により、同株式合計１７万６９００株の買付けの委託を行うとともに、同株式合計２万５１００株を売り付けたほか、引成売り注文を大量に発注する方法により、同株式合計２万５０００株の売付けの委託を行うとともに、同株式合計５０００株を買い付け、 もって、自己の計算において、今仙電機、不二越、セントラル硝子、リョービ及び東洋ゴム各株式の売買が繁盛であると誤解させ、かつ、前記各株式の相場を変動させるべき一連の売買及び委託をしたものである。 違反行為事実の概要については、 別図 のとおり。 課徴金納付命令対象者が行った上記の行為は、金融商品取引法第１７４条の２第１項に規定する「第１５９条第２項第１号の規定に違反する一連の有価証券売買等」及び「その委託等」に該当すると認められる。 ３．課徴金の額の計算 上記の違法行為に対し金融商品取引法に基づき納付を命じられる課徴金の額は、１５０万円である。 計算方法の詳細については、 別紙１ 及び 別紙２ のとおり。 （別表） ○違反行為状況 （クリックすると拡大されます） （別図） ○違反行為事実の概要について （クリックすると拡大されます） （クリックすると拡大されます） （クリックすると拡大されます） （クリックすると拡大されます） （クリックすると拡大されます） （クリックすると拡大されます） （別紙１） ○課徴金の額の計算方法について 別表 の各違反行為に係る課徴金の額の計算の基礎は以下のとおりである。 １．金融商品取引法第１７４条の２第１項の規定により、当該違反行為に係る課徴金の額は、 (1) 当該違反行為に係る有価証券の売買対当数量に係るものについて、自己の計算による当該有価証券の売付け等の価額から、自己の計算による当該有価証券の買付け等の価額を控除した額 及び (2) 当該違反行為に係る自己の計算による有価証券の売付け等又は買付け等の数量が、当該違反行為に係る自己の計算による有価証券の買付け等又は売付け等の数量を超える場合、当該超える数量に係る有価証券の売付け等の価額から当該違反行為が終了してから１月を経過するまでの間の各日における当該違反行為に係る有価証券の買付け等についての金融商品取引法第６７条の１９又は第１３０条に規定する最低の価格のうち最も低い価格に当該超える数量を乗じて得た額を控除した額、又は当該違反行為が終了してから１月を経過するまでの間の各日における当該違反行為に係る有価証券の売付け等についての金融商品取引法第６７条の１９又は第１３０条に規定する最高の価格のうち最も高い価格に当該超える数量を乗じて得た額から当該超える数量に係る有価証券の買付け等の価額を控除した額 の合計額として算定。 ２．上記１．で算定された課徴金の額につき、金融商品取引法第１７６条第２項の規定により１万円未満の端数を切り捨てて算定。 ３．上記２．によりそれぞれ算定した額を合計し、課徴金の額とする。 以上につき、 別紙２ のとおり。 （別紙２） 別表 に掲げる事実につき １．今仙電機株式の取引について (1) 当該違反行為に係る自己の計算による有価証券の売付け等の数量は、6,400株であり、当該違反行為に係る自己の計算による有価証券の買付け等の数量は、金融商品取引法第１７４条の２第８項及び金融商品取引法施行令第３３条の１３第１号の規定により、違反行為の開始時にその時における価格（949円）で買付け等を自己の計算においてしたものとみなされる当該違反行為の開始時に所有している有価証券の数量6,400株であることから、 ア．当該違反行為に係る有価証券の売買対当数量（6,400株）に係るものについて、自己の計算による当該有価証券の売付け等の価額から、自己の計算による当該有価証券の買付け等の価額を控除した額 （961円×3,000株＋962円×3,200株＋963円×200株） －949円×6,400株 ＝80,400円 及び イ．当該超える数量が0株であることから、0円 の合計額80,400円となる。 (2) 金融商品取引法第１７６条第２項の規定により、上記(1)で計算した額の１万円未満の端数を切捨て、80,000円となる。 ２．不二越株式の取引について (1) 当該違反行為に係る自己の計算による有価証券の売付け等の数量は、81,000株であり、当該違反行為に係る自己の計算による有価証券の買付け等の数量は、金融商品取引法第１７４条の２第８項及び金融商品取引法施行令第３３条の１３第１号の規定により、違反行為の開始時にその時における価格（377円）で買付け等を自己の計算においてしたものとみなされる当該違反行為の開始時に所有している有価証券の数量81,000株であることから、 ア．当該違反行為に係る有価証券の売買対当数量（81,000株）に係るものについて、自己の計算による当該有価証券の売付け等の価額から、自己の計算による当該有価証券の買付け等の価額を控除した額 （381円×4,000株＋382円×17,000株＋383円×15,000株＋384円×10,000株＋385円×14,000株＋386円×21,000株） －377円×81,000株 ＝562,000円 及び イ．当該超える数量が0株であることから、0円 の合計額562,000円となる。 (2) 金融商品取引法第１７６条第２項の規定により、上記(1)で計算した額の１万円未満の端数を切捨て、560,000円となる。 ３．セントラル硝子株式の取引について (1) 当該違反行為に係る自己の計算による有価証券の売付け等の数量は、96,000株であり、当該違反行為に係る自己の計算による有価証券の買付け等の数量は、金融商品取引法第１７４条の２第８項及び金融商品取引法施行令第３３条の１３第１号の規定により、違反行為の開始時にその時における価格（618円）で買付け等を自己の計算においてしたものとみなされる当該違反行為の開始時に所有している有価証券の数量96,000株であることから、 ア．当該違反行為に係る有価証券の売買対当数量（96,000株）に係るものについて、自己の計算による当該有価証券の売付け等の価額から、自己の計算による当該有価証券の買付け等の価額を控除した額 （618円×24,000株＋619円×11,000株＋620円×40,000株 ＋621円×15,000株＋622円×3,000株＋623円×3,000株） －618円×96,000株 ＝163,000円 及び イ．当該超える数量が0株であることから、0円 の合計額163,000円となる。 (2) 金融商品取引法第１７６条第２項の規定により、上記(1)で計算した額の１万円未満の端数を切捨て、160,000円となる。 ４．リョービ株式の取引について (1) 当該違反行為に係る自己の計算による有価証券の売付け等の数量は、65,000株であり、当該違反行為に係る自己の計算による有価証券の買付け等の数量は、金融商品取引法第１７４条の２第８項及び金融商品取引法施行令第３３条の１３第１号の規定により、違反行為の開始時にその時における価格（435円）で買付け等を自己の計算においてしたものとみなされる当該違反行為の開始時に所有している有価証券の数量60,000株であることから、 ア．当該違反行為に係る有価証券の売買対当数量（60,000株）に係るものについて、自己の計算による当該有価証券の売付け等の価額から、自己の計算による当該有価証券の買付け等の価額を控除した額 （438円×29,000株＋439円×31,000株） －435円×60,000株 ＝211,000円 及び イ．当該違反行為に係る自己の計算による有価証券の売付け等の数量（65,000株）が、当該違反行為に係る自己の計算による有価証券の買付け等の数量（60,000株）を超えていることから、当該超える数量5,000株（65,000株－60,000株）に係る有価証券の売付け等の価額から、当該違反行為が終了してから１月を経過するまでの間の各日における当該違反行為に係る有価証券の買付け等についての金融商品取引法第６７条の１９又は第１３０条に規定する最低の価格のうち最も安い価格（383円）に当該超える数量を乗じて得た額を控除した額 438円×5,000株 －383円×5,000株 ＝275,000円 の合計額486,000円となる。 (2) 金融商品取引法第１７６条第２項の規定により、上記(1)で計算した額の１万円未満の端数を切捨て、480,000円となる。 ５．東洋ゴム株式の取引について (1) 当該違反行為に係る自己の計算による有価証券の売付け等の数量は、25,100株であり、当該違反行為に係る自己の計算による有価証券の買付け等の数量は、実際の買付け等の数量5,000株に、金融商品取引法第１７４条の２第８項及び金融商品取引法施行令第３３条の１３第１号の規定により、違反行為の開始時にその時における価格（1,588円）で買付け等を自己の計算においてしたものとみなされる当該違反行為の開始時に所有している有価証券の数量20,100株を加えた25,100株であることから、 ア．当該違反行為に係る有価証券の売買対当数量（25,100株）に係るものについて、自己の計算による当該有価証券の売付け等の価額から、自己の計算による当該有価証券の買付け等の価額を控除した額 （1,598円×1,500株＋1,599円×21,000株＋1,600円×2,600株） －（1,588円×20,100株＋1,598円×5,000株） ＝227,200円 及び イ．当該超える数量が0株であることから、0円 の合計額227,200円となる。 (2) 金融商品取引法第１７６条第２項の規定により、上記(1)で計算した額の１万円未満の端数を切捨て、220,000円となる。 ６．上記、１．ないし５．により算定した額の合計 80,000円＋560,000円＋160,000円＋480,000円＋220,000円 ＝1,500,000円となる。",0
2017-09-01,2016/03/31-2016/05/13,株式会社アサカ理研,5724,アサカ理研株式に係る相場操縦に対する課徴金納付命令の勧告について,https://www.fsa.go.jp/sesc/news/c_2017/2017/20170901-1.html,"English version 平成２９年９月１日 証券取引等監視委員会 アサカ理研株式に係る相場操縦に対する課徴金納付命令の勧告について １．勧告の内容 証券取引等監視委員会は、アサカ理研株式に係る相場操縦について検査した結果、下記のとおり法令違反の事実が認められたので、本日、内閣総理大臣及び金融庁長官に対して、金融庁設置法第２０条第１項の規定に基づき、課徴金納付命令を発出するよう勧告を行った。 ２．法令違反の事実関係 課徴金納付命令対象者は、株式会社アサカ理研の株式につき、同株式の売買を誘引する目的をもって、平成２８年３月３１日午前９時４８分頃から同年５月１３日午後２時５９分頃までの間、２８取引日において、自身が発注した売り注文に成行又は高指値の買い注文を対当させて買い付けることにより直前の約定値より株価を引き上げたり、成行又は高指値の買い注文を連続して発注して他の投資者が発注した売り注文を買い付けることにより直前の約定値より株価を引き上げたりするなどの方法により、同株式合計１０万６２００株を買い付ける一方、同株式合計９万３０００株を売り付け、もって、自己の計算において、同株式の売買が繁盛であると誤解させ、かつ、同株式の相場を変動させるべき一連の売買をしたものである。 違反行為事実の概要については、 別図 のとおり。 課徴金納付命令対象者が行った上記の行為は、金融商品取引法第１７４条の２第１項に規定する「第１５９条第２項第１号の規定に違反する一連の有価証券売買等」に該当すると認められる。 ３．課徴金の額の計算 上記の違法行為に対し金融商品取引法に基づき納付を命じられる課徴金の額は、２０８万円である。 計算方法の詳細については、 別紙１ 及び 別紙２ のとおり。 （別図） ○　違反行為事実の概要について （クリックすると拡大されます） （別紙１） ○　課徴金の額の計算方法について １．金融商品取引法第１７４条の２第１項の規定により、当該違反行為に係る課徴金の額は、 (1) 当該違反行為に係る有価証券の売買対当数量に係るものについて、自己の計算による当該有価証券の売付け等の価額から、自己の計算による当該有価証券の買付け等の価額を控除した額 及び (2) 当該違反行為に係る自己の計算による有価証券の売付け等又は買付け等の数量が、当該違反行為に係る自己の計算による有価証券の買付け等又は売付け等の数量を超える場合、当該超える数量に係る有価証券の売付け等の価額から当該違反行為が終了してから１月を経過するまでの間の各日における当該違反行為に係る有価証券の買付け等についての金融商品取引法第１３０条に規定する最低の価格のうち最も低い価格に当該超える数量を乗じて得た額を控除した額、又は当該違反行為が終了してから１月を経過するまでの間の各日における当該違反行為に係る有価証券の売付け等についての金融商品取引法第１３０条に規定する最高の価格のうち最も高い価格に当該超える数量を乗じて得た額から当該超える数量に係る有価証券の買付け等の価額を控除した額 の合計額として算定。 ２．上記１．で算定された課徴金の額につき、金融商品取引法第１７６条第２項の規定により１万円未満の端数を切り捨てて算定。 以上につき、別紙２のとおり。 （別紙２） 本件違反行為事実につき １．当該違反行為に係る自己の計算による有価証券の売付け等の数量は、93,000株であり、当該違反行為に係る自己の計算による有価証券の買付け等の数量は、実際の買付け等の数量106,200株に、金融商品取引法第１７４条の２第８項及び金融商品取引法施行令第３３条の１３第１号の規定により、違反行為の開始時にその時における価格（1,123円）で買付け等を自己の計算においてしたものとみなされる当該違反行為の開始時に所有している当該有価証券の数量13,900株を加えた120,100株であることから、 (1) 当該違反行為に係る有価証券の売買対当数量（93,000株）に係るものについて、自己の計算による当該有価証券の売付け等の価額から、自己の計算による当該有価証券の買付け等の価額を控除した額 （1,023円×500株＋1,067円×100株＋1,084円×1,300株＋1,090円×700株 ＋1,092円×1,000株＋1,093円×1,200株＋1,096円×300株 ＋1,099円×600株＋1,100円×1,100株＋1,101円×300株＋1,104円×100株 ＋1,105円×100株＋1,107円×300株＋1,108円×300株＋1,112円×200株 ＋1,113円×1,500株＋1,114円×100株＋1,115円×500株＋1,116円×700株 ＋1,118円×2,000株＋1,119円×1,900株＋1,120円×2,300株 ＋1,121円×1,900株＋1,122円×1,200株＋1,123円×500株 ＋1,124円×1,500株＋1,125円×1,800株＋1,126円×1,100株 ＋1,127円×1,500株＋1,128円×3,300株＋1,129円×3,500株 ＋1,130円×3,500株＋1,131円×1,200株＋1,132円×400株 ＋1,133円×2,900株＋1,135円×2,600株＋1,137円×200株 ＋1,138円×11,800株＋1,139円×1,000株＋1,140円×3,900株 ＋1,143円×600株＋1,144円×1,600株＋1,145円×1,600株 ＋1,146円×800株＋1,147円×200株＋1,152円×900株 ＋1,153円×500株＋1,154円×200株＋1,157円×600株 ＋1,158円×1,100株＋1,160円×600株＋1,161円×1,800株 ＋1,162円×2,200株＋1,163円×500株＋1,164円×600株 ＋1,165円×1,300株＋1,166円×400株＋1,170円×100株 ＋1,175円×100株＋1,176円×100株＋1,177円×200株 ＋1,178円×1,000株＋1,179円×7,100株＋1,180円×400株 ＋1,181円×700株＋1,185円×600株＋1,186円×300株＋1,187円×1,800株 ＋1,190円×1,100株＋1,193円×500株＋1,194円×400株＋1,195円×500株 ＋1,197円×800株＋1,202円×900株） －（990円×100株＋994円×100株＋996円×100株＋998円×100株 ＋999円×100株＋1,008円×100株＋1,009円×100株＋1,010円×100株 ＋1,011円×200株＋1,018円×100株＋1,020円×100株＋1,022円×200株 ＋1,023円×600株＋1,024円×300株＋1,036円×200株＋1,038円×500株 ＋1,044円×400株＋1,045円×100株＋1,046円×100株＋1,049円×200株 ＋1,060円×200株＋1,066円×600株＋1,067円×100株＋1,068円×100株 ＋1,069円×100株＋1,070円×200株＋1,077円×100株＋1,078円×200株 ＋1,079円×400株＋1,080円×200株＋1,082円×200株＋1,084円×100株 ＋1,086円×300株＋1,087円×200株＋1,088円×300株＋1,089円×700株 ＋1,090円×1,300株＋1,091円×800株＋1,092円×500株＋1,093円×200株 ＋1,094円×300株＋1,095円×1,800株＋1,096円×800株＋1,097円×700株 ＋1,098円×300株＋1,099円×900株＋1,100円×2,100株＋1,101円×400株 ＋1,106円×100株＋1,107円×600株＋1,108円×400株＋1,109円×100株 ＋1,110円×500株＋1,111円×300株＋1,113円×500株＋1,115円×600株 ＋1,116円×400株＋1,117円×300株＋1,118円×2,200株 ＋1,119円×1,000株＋1,120円×2,700株＋1,121円×1,100株 ＋1,122円×2,000株＋1,123円×15,900株＋1,124円×3,300株 ＋1,125円×3,100株＋1,126円×1,600株＋1,127円×1,500株 ＋1,128円×3,900株＋1,129円×5,300株＋1,130円×4,100株 ＋1,131円×400株＋1,132円×600株＋1,133円×2,900株＋1,134円×300株 ＋1,135円×2,200株＋1,137円×500株＋1,138円×9,900株 ＋1,139円×1,200株＋1,140円×3,900株＋1,144円×1,300株 ＋1,145円×400株） ＝　2,063,500円 及び (2) 当該違反行為に係る自己の計算による有価証券の買付け等の数量（120,100株）が、当該違反行為に係る自己の計算による有価証券の売付け等の数量（93,000株）を超えていることから、当該違反行為が終了してから１月を経過するまでの間の各日における当該違反行為に係る有価証券の売付け等についての金融商品取引法第１３０条に規定する最高の価格のうち最も高い価格（1,175円）に当該超える数量27,100株（120,100株－93,000株）を乗じて得た額から、当該超える数量に係る有価証券の買付け等の価額を控除した額 （1,175円×27,100株） －（1,120円×100株＋1,122円×400株＋1,123円×100株＋1,124円×200株 ＋1,127円×100株＋1,128円×600株＋1,129円×100株＋1,130円×200株 ＋1,134円×100株＋1,135円×100株＋1,142円×200株＋1,143円×400株 ＋1,144円×100株＋1,145円×100株＋1,146円×700株＋1,151円×100株 ＋1,152円×400株＋1,154円×100株＋1,157円×900株＋1,164円×500株 ＋1,165円×100株＋1,168円×200株＋1,169円×1,100株 ＋1,170円×1,000株＋1,171円×100株＋1,172円×100株 ＋1,174円×100株＋1,175円×300株＋1,176円×500株 ＋1,177円×800株＋1,178円×1,700株＋1,179円×7,100株 ＋1,180円×300株＋1,182円×200株＋1,184円×100株＋1,185円×300株 ＋1,186円×100株＋1,187円×1,900株＋1,188円×300株＋1,189円×100株 ＋1,190円×400株＋1,191円×200株＋1,192円×500株＋1,193円×1,600株 ＋1,194円×800株＋1,195円×800株＋1,196円×200株＋1,197円×700株） ＝　23,900円 の合計額2,087,400円となる。 ２．金融商品取引法第１７６条第２項の規定により、上記１．で計算した額の１万円未満の端数を切捨て、2,080,000円となる。",0
2017-06-16,2010/04/11-2014/11/30,株式会社ＲＩＳＥ,8836,株式会社ＲＩＳＥに対する検査結果及び勧告について,https://www.fsa.go.jp/sesc/news/c_2017/2017/20170616-1.html,English version 平成29年６月16日 証券取引等監視委員会 株式会社ＲＩＳＥに対する検査結果及び勧告について １．検査結果 東海財務局長が株式会社ＲＩＳＥ（岐阜県岐阜市、法人番号8200001012891、資本金1000万円、常勤役職員１名、適格機関投資家等特例業務届出者、金融商品取引業の登録はない。以下「当社」という。）を検査した結果、下記のとおり、当該適格機関投資家等特例業務届出者に係る問題が認められた。 ２．事実関係 当社は、適格機関投資家等特例業務（以下「特例業務」という。）として、自らを営業者とする４つの匿名組合（以下「本件ファンド」という。）の出資持分の取得勧誘を行っている（出資者：少なくとも198名、出資総額：約24億7900万円）。 今回検査において、当社の特例業務の運営状況等を検証したところ、以下の問題が認められた。 （１）無登録で第二種金融商品取引業を行っている状況 特例業務については、適格機関投資家からの出資を受けることが要件の一つとされているところ、本件ファンドについて、実際には適格機関投資家からの出資を受けないまま、本件ファンドの出資持分の取得勧誘を行っている。 当社が行った上記行為は、金融商品取引法第28条第２項に規定する「第二種金融商品取引業」に該当し、当社が同法第29条に基づく登録を受けることなく、当該行為を行うことは、同条に違反するものと認められる。 （２）無登録の者に対する取得勧誘の委託 当社は、本件ファンドについて、自ら取得勧誘を行ったほか、第二種金融商品取引業の登録を受けていない10名の者（以下「募集人10名」という。）に本件ファンドの出資持分の取得勧誘を委託した。募集人10名は、当社からの委託を受け、平成22年４月頃から同26年11月頃にかけて、当社の社名、投資目的や分配金などのファンドの概要等を説明する方法により取得勧誘を行い、少なくとも顧客46名から総額約３億7600万円の出資金を集めた。 募集人10名が行った上記行為は、金融商品取引法第28条第２項に規定する「第二種金融商品取引業」に該当し、同法29条に基づく登録を受けることなく、当該行為を行うことは、同条に違反しており、当社は、無登録である募集人10名に取得勧誘を委託しているものと認められる。 （３）投資者保護上重大な問題のある業務運営 ア　虚偽の説明によって取得勧誘を行っている状況 当社は、本件ファンドの匿名組合契約書において、投資目的を当社の事業への投資などとし、分配金を運用から生じた利益から支払うと規定しているところ、実際には一部の出資金を外国為替証拠金取引等で運用しているもののほとんど運用を行っていないほか、大部分の出資金を顧客への分配金や解約金等へ支出している状況であるにもかかわらず、取得勧誘において、事実に反し、契約書の規定どおりの説明を行っている。 イ　投資判断に重大な影響を与える事実を顧客に説明していない状況 当社は、本件ファンドの出資金から、上記（２）の募集人10名等に対し、業務委託報酬として出資総額の約２割という高額な報酬を支払っており、当該事実は、出資者の投資判断に重大な影響を与える事実であるにもかかわらず、当該事実を顧客に説明していない。 ウ　出資金を投資目的以外に費消している状況 当社は、本件ファンドの匿名組合契約書において、出資金を当社の事業に投資するほか、必要な費用の支払いのために使用すると規定しているところ、本件ファンドの出資金の一部を、A代表取締役の個人的な支払い等に充当しており、投資目的以外に費消している。 エ　出資金の管理が著しく杜撰な状況 当社は、本件ファンドの出資金を当社固有財産及びA代表取締役の個人財産と渾然一体として管理するなど、分別管理を行っていない。 また、当社は、本件ファンドに係る会計帳簿等を適切に作成しておらず、平成27年４月以降は、決算処理もしていないため、出資金の入出金、分配金の支払い状況、財務状況等を把握していない。 上記ア及びイの状況は、平成27年法律第32号による改正後の金融商品取引法の施行前に行われた投資勧誘時のものであり、投資者保護上重大な問題があるものと認められる。また、上記ウ及びエの状況は、平成27年法律第32号による改正後の金融商品取引法の施行日（平成28年３月１日）以降においても継続しており、投資者保護上重大な問題があるものと認められ、金融商品取引法第63条の５第１項に規定する「業務の運営に関し、公益又は投資者保護のため必要かつ適当であると認めるとき」に該当するものと認められる。 ３．勧告の内容 上記事実関係のうち、（３）ウの出資金を投資目的以外に費消している状況及び（３）エの出資金の管理が著しく杜撰な状況については、平成27年法律第32号による改正後の金融商品取引法の施行日（平成28年３月１日）以降も継続していることから、当該事実について、本日、証券取引等監視委員会は、内閣総理大臣及び金融庁長官に対して、金融庁設置法第20条第1項に基づき、行政処分を行うよう勧告した。 参考資料（PDF:284KB） （参考条文） ○　金融商品取引法（昭和23年法律第25号）（抄） （登録） 第二十九条 金融商品取引業は、内閣総理大臣の登録を受けた者でなければ、行うことができない。 （適格機関投資家等特例業務） 第六十三条　次の各号に掲げる行為については、第二十九条及び第三十三条の二の規定は、適用しない。 一　適格機関投資家等（適格機関投資家以外の者で政令で定めるもの（その数が政令で定める数以下の場合に限る。）及び適格機関投資家をいう。以下この条において同じ。）で次のいずれにも該当しない者を相手方として行う第二条第二項第五号又は第六号に掲げる権利に係る私募（適格機関投資家等（次のいずれにも該当しないものに限る。）以外の者が当該権利を取得するおそれが少ないものとして政令で定めるものに限る。） イ～ハ（略） （以下、略） （特例業務届出者に対する監督上の処分等） 第六十三条の五  内閣総理大臣は、特例業務届出者の業務の運営に関し、公益又は投資者保護のため必要かつ適当であると認めるときは、その必要の限度において、当該特例業務届出者に対し、業務の運営の改善に必要な措置をとるべきことを命ずることができる。 （以下、略） （注）　第六十三条の条文は、平成28年３月１日に施行された平成27年法律第32号による改正前のものである。,0
2017-03-24,2013/12/19-2015/09/28,株式会社,1301,株式会社Ｔ＆Ｃメディカルサイエンスによる新株予約権証券の無届募集に対する課徴金納付命令勧告について,http://www.fsa.go.jp/sesc/news/c_2017/2017/20170324-2.html,"English version 平成29年3月24日 証券取引等監視委員会 株式会社T&Cメディカルサイエンスによる新株予約権証券の無届募集に対する課徴金納付命令勧告について 1．勧告の内容 証券取引等監視委員会は、株式会社T&Cメディカルサイエンス(法人番号7010401045289）に係る新株予約権証券の募集について検査した結果、以下のとおり法令違反の事実が認められたことから、本日、内閣総理大臣及び金融庁長官に対して、金融庁設置法第20条第1項の規定に基づき、課徴金納付命令を発出するよう勧告を行った。 2．法令違反の事実関係 株式会社T&Cメディカルサイエンス（以下「当社」という。）は、法定の除外事由がないのに、内閣総理大臣への届出を行わずに、以下のとおり新株予約権証券の募集を行い、新株予約権証券を取得させたものである。 （1）当社役職員（企業内容等の開示に関する内閣府令第2条第2項各号に掲げる会社の役職員を含む。以下「当社使用人等」という。）ではない者を含む4名に対して新株予約権証券の募集を行い、平成25年12月19日、これらの者に10,000個の新株予約権証券を332,000,000円（新株予約権の行使に際して払い込むべき金額を含む。）で取得させた。 （2）当社使用人等ではない者を含む9名に対して新株予約権証券の募集を行い、平成27年9月28日、これらの者に4,975個の新株予約権証券を166,165,000円（新株予約権の行使に際して払い込むべき金額を含む。）で取得させた。 これらの行為について、当社は、届出を要しない使用人を相手方とする新株予約権証券の募集としていたものの、それぞれの新株予約権証券の募集について、少なくとも1名について当社の雇用の実態が認められず、当該行為は、当社使用人等以外の者に対して新株予約権証券の募集を行ったものと認められ、当社は、届出が必要であったにもかかわらず、届出を行っていなかったものである。 3．課徴金の額の計算 上記の違法行為について金融商品取引法に基づき算定される課徴金の額は、2,241万円である。（計算方法については 別紙1 のとおり。） （別紙1）課徴金の計算方法 金融商品取引法第172条第1項第1号の規定により、取得させた有価証券の発行価額の総額（新株予約権の行使に際して払い込むべき金額を含む。）の100分の4.5に相当する額が課徴金の額となることから、課徴金額は下表のとおりとなる。 割当日 発行価額の総額 課徴金額（注） 平成25年12月19日 332,000,000円 14,940,000円 平成27年9月28日 166,165,000円 7,470,000円 合計 498,165,000円 22,410,000円 （注）発行価額の総額に100分の4.5を乗じた金額。 また、金融商品取引法第176条第2項の規定により1万円未満の端数を切捨て。",0
2017-03-17,2014/12/08-2014/12/11,江崎グリコ株式会社,2206,Caspian Trading Ltd.（旧Celera Global Ltd.）による江崎グリコ株式会社株式外３銘柄に係る相場操縦に対する課徴金納付命令の勧告について,http://www.fsa.go.jp/sesc/news/c_2017/2017/20170317-2.html,"English version 平成２９年３月１７日 証券取引等監視委員会 Caspian Trading Ltd.（旧Celera Global Ltd.）による江崎グリコ株式会社株式外３銘柄に係る相場操縦に対する課徴金納付命令の勧告について １．勧告の内容 証券取引等監視委員会は、Caspian Trading Ltd.（旧Celera Global Ltd.）（以下「セレラ」という。）による相場操縦について検査した結果、下記のとおり法令違反の事実が認められたので、本日、内閣総理大臣及び金融庁長官に対して、金融庁設置法第２０条第１項の規定に基づき、課徴金納付命令を発出するよう勧告を行った。 ２．法令違反の事実関係 セレラは、英国領ヴァージン諸島、トルトラに登記事務所を置き、自己資金により株式売買等を行って収益を得ることを業とする会社であるが、同社の株式売買業務に従事していた者らにおいて、同社の業務に関し、株式の売買を誘引する目的をもって、株式会社東京証券取引所等において、 別表１ 記載のとおり、いずれも東京証券取引所市場第一部に上場されている (1) 江崎グリコ株式会社（以下「江崎グリコ」という。）の株式につき、平成２６年１２月８日午後零時３２分頃から午後２時２８分頃までの間、最良売り気配値から上値の複数の価格帯に多数の売り付ける意思のない売り注文を発注したり、最良買い気配値から下値の複数の価格帯に多数の買い付ける意思のない買い注文を発注するなどの方法により、同株式合計２３万４９００株を売り付ける一方、同株式合計２３万４９００株を買い付けるとともに、同株式合計２０８万８９００株の売付けの委託及び合計１６７万５１００株の買付けの委託を行い、 (2) 株式会社カナモト（以下「カナモト」という。）の株式につき、平成２６年１２月８日午後零時３１分頃から午後１時４０分頃までの間、前記同様の方法により、同株式合計１５万８４００株を売り付ける一方、同株式合計１５万８４００株を買い付けるとともに、同株式合計６５万７６００株の売付けの委託及び合計６３万１５００株の買付けの委託を行い、 (3) 株式会社デンソー（以下「デンソー」という。）の株式につき、平成２６年１２月９日午前９時５６分頃から午後２時１２分頃までの間、前記同様の方法により、同株式合計６１万５６００株を売り付ける一方、同株式合計６１万６３００株を買い付けるとともに、同株式合計１５８万３３００株の売付けの委託及び合計１９０万４０００株の買付けの委託を行い、 (4) 大東建託株式会社（以下「大東建託」という。）の株式につき、平成２６年１２月１１日午前９時４６分頃から午後２時４７分頃までの間、前記同様の方法により、同株式合計２３万３５００株を売り付ける一方、同株式合計２３万３９００株を買い付けるとともに、同株式合計２３３万６４００株の売付けの委託及び合計２０９万８００株の買付けの委託を行い、 もって、自己の計算において、上記各株式の売買が繁盛であると誤解させ、かつ、同市場における上記各株式の相場を変動させるべき一連の売買及び委託をしたものである。 セレラが行った上記の行為は、金融商品取引法第１７４条の２第１項に規定する「第１５９条第２項第１号の規定に違反する一連の有価証券売買等」及び「委託等」に該当すると認められる。 違反行為事実の概要については、 別紙１ のとおり。 ３．課徴金の額の計算 上記の違法行為について金融商品取引法に基づき算定される課徴金の額は、１３３２万円である。 計算方法の詳細については、 別紙２ のとおり。 ４．その他 本件については、日本取引所自主規制法人より提供された情報も参考として、実態解明を行ったものである。 （別紙１） ○違反行為事実の概要について （クリックすると拡大されます） （別紙２） ○課徴金の額の計算方法について １．金融商品取引法第１７４条の２第１項に基づき、課徴金の額は、 (1) 売買対当数量 （注１） に係るものについて、 （自己の計算による当該有価証券の売付け等価額）－（自己の計算による当該有価証券の買付け等価額） と、 (2) 当該違反行為に係る自己の計算による有価証券の売付け等数量が、当該違反行為に係る自己の計算による有価証券の買付け等数量を超える場合の、当該超える数量に係るものについて、 （有価証券の売付け等価額）－（当該違反行為が終了してから１月を経過するまでの間の金融商品取引法第６７条の１９又は第１３０条に規定する有価証券の最低価格×当該超える数量） または、 当該違反行為に係る自己の計算による有価証券の買付け等数量が、当該違反行為に係る自己の計算による有価証券の売付け等数量を超える場合の、当該超える数量に係るものについて、 （当該違反行為が終了してから１月を経過するまでの間の金融商品取引法第６７条の１９又は第１３０条に規定する有価証券の最高価格×当該超える数量）－（有価証券の買付け等価額） を合計し、 (3) 金融商品取引法第１７６条第２項の規定により、前記（1）及び（2）の合計額に一万円未満の端数があるときは、その端数を切り捨てる ことで算出される。 （注１）売買対当数量：当該違反行為に係る有価証券の売付数量と買付数量のうち、いずれか少ない数量をいう。 ２．課徴金納付命令対象者の各違反行為について、本件における課徴金の額は、下記(1)ないし(4)によりそれぞれ算定される額の合計　13,320,000円 （注２） （注２）課徴金の計算の詳細については下記(1)ないし(4)のほか、別表２ないし５を参照。 (1) 江崎グリコに係る課徴金の額は、下記により算定される額の3,077,810円 ⇒課徴金の額は１万円未満を切り捨てるため、 3,070,000円 ア．当該違反行為に係る売買対当数量は、 (i) 当該違反行為に係る有価証券の売付け等数量は、234,900株であり、 (ii)当該違反行為に係る有価証券の買付け等数量は、234,900株である ことから、234,900株となる。 当該売買対当数量に係るものについて、売付け等価額から買付け等価額を控除すると、 売付け等価額1,045,164,990円－買付け等価額1,042,087,180円 ＝3,077,810円 (2) カナモトに係る課徴金の額は、下記ア．及びイ．により算定される額の合計2,879,050円 ⇒課徴金の額は１万円未満を切り捨てるため、 2,870,000円 ア．当該違反行為に係る売買対当数量は、 (i) 当該違反行為に係る有価証券の売付け等数量は、実際の売付け等の数量158,400株に、当該違反行為の開始時に有価証券を有しないで又は借り入れて売付けをしている当該有価証券の数量100株を加えた158,500株であり、 (ii)当該違反行為に係る有価証券の買付け等数量は、158,400株である ことから、158,400株となる。 当該売買対当数量に係るものについて、売付け等価額から買付け等価額を控除すると、 売付け等価額595,204,710円 （注３） －買付け等価額592,400,960円 ＝2,803,750円 （注３）売付け等価額の算定においては、金融商品取引法施行令第３３の１４第５項の規定により、当該違反行為に係る有価証券の買付けのうち最も早い時期に行われたものから順次当該売買対当数量に達するまで割り当てることとなる。 本件においては、金融商品取引法第１７４条の２第７項及び同法施行令第３３条の１２第１号の規定により、違反行為の開始時点にその時における価格（3,710円）で売り付けたものとみなされるもの（みなし売付け）から割り当てられることとなる。 イ．上記ア．のとおり、当該違反行為に係る有価証券の売付け等数量が、買付け等数量を超えることから、 当該超える数量100株（158,500株－158,400株）について、 売付け等価額から、当該違反行為が終了してから１月を経過するまでの間の当該有価証券の最低価格（3,000円）に当該超える数量を乗じて得た額を控除すると、 売付け等価額375,300円－300,000円（3,000円×100株） ＝75,300円 (3) デンソーに係る課徴金の額は、下記ア．及びイ．により算定される額の合計3,213,300円 ⇒課徴金の額は１万円未満を切り捨てるため、 3,210,000円 ア．当該違反行為に係る売買対当数量は、 (i) 当該違反行為に係る有価証券の売付け等数量は、615,600株であり、 (ii)当該違反行為に係る有価証券の買付け等数量は、616,300株である ことから、615,600株となる。 当該売買対当数量に係るものについて、売付け等価額から買付け等価額を控除すると、 売付け等価額3,650,908,800円－買付け等価額3,647,695,500円 ＝3,213,300円 イ．上記ア．のとおり、当該違反行為に係る有価証券の買付け等数量が、売付け等数量を超えることから、 当該超える数量700株（616,300株－615,600株）について、 当該違反行為が終了してから１月を経過するまでの間の当該有価証券の最高価格（5,810円）に当該超える数量を乗じて得た額から、買付け等価額を控除すると、 4,067,000円（5,810円×700株）－買付け等価額4,136,300円 ＝－69,300円となることから、0円 （注４） （注４）金融商品取引法第１７４条の２第１項第２号ロの規定により、当該額が零を下回る場合には零とすることとなる。 (4) 大東建託に係る課徴金の額は、下記ア．及びイ．により算定される額の合計4,174,300円 ⇒課徴金の額は１万円未満を切り捨てるため、 4,170,000円 ア．当該違反行為に係る売買対当数量は、 (i)当該違反行為に係る有価証券の売付け等数量は、233,500株であり、 (ii)当該違反行為に係る有価証券の買付け等数量は、233,900株である ことから、233,500株となる。 当該売買対当数量に係るものについて、売付け等価額から買付け等価額を控除すると、 売付け等価額3,060,005,700円－買付け等価額3,056,163,900円 ＝3,841,800円 イ．上記ア．のとおり、当該違反行為に係る有価証券の買付け等数量が、売付け等数量を超えることから、 当該超える数量400株（233,900株－233,500株）について、 当該違反行為が終了してから１月を経過するまでの間の当該有価証券の最高価格（13,935円）に当該超える数量を乗じて得た額から、買付け等価額を控除すると、 5,574,000円（13,935円×400株）－買付け等価額5,241,500円 ＝332,500円 【参考】課徴金の額の計算に係る考え方の例 （ 別表１（PDF） ） （ 別表２（PDF） ） （ 別表３（PDF） ） （ 別表４（PDF） ） （ 別表５（PDF） ）",0
2017-01-31,2015/09/10-2015/09/14,株式会社ＩＧポート,3791,ＩＧポート株式に係る相場操縦に対する課徴金納付命令の勧告について（平成29年1月31日）,https://www.fsa.go.jp/sesc/news/c_2017/2017/20170131-1.html,"English version 平成２９年１月３１日 証券取引等監視委員会 ＩＧポート株式に係る相場操縦に対する課徴金納付命令の勧告について １．勧告の内容 証券取引等監視委員会は、ＩＧポート株式に係る相場操縦について検査した結果、下記のとおり法令違反の事実が認められたので、本日、内閣総理大臣及び金融庁長官に対して、金融庁設置法第２０条第１項の規定に基づき、課徴金納付命令を発出するよう勧告を行った。 ２．法令違反の事実関係 課徴金納付命令対象者は、株式の売買を誘引する目的をもって、株式会社ＩＧポートの株式につき、平成２７年９月１０日午前９時２分頃から同月１４日午後２時５３分頃までの間、３取引日において、直前の約定値より高指値の売り注文と買い注文を対当させて株価を引き上げたり、直前の約定値より高指値の買い注文を連続して発注して株価を引き上げるなどの方法により、同株式合計８６００株を買い付ける一方、同株式合計１万５６００株を売り付け、もって、自己の計算において、同株式の売買が繁盛であると誤解させ、かつ、同市場における同株式の相場を変動させるべき一連の売買をしたものである。 違反行為事実の概要については、 別図 のとおり。 課徴金納付命令対象者が行った上記の行為は、金融商品取引法第１７４条の２第１項に規定する「第１５９条第２項第１号の規定に違反する一連の有価証券売買等」に該当すると認められる。 ３．課徴金の額の計算 上記の違法行為に対し金融商品取引法に基づき納付を命じられる課徴金の額は、６９０万円である。 計算方法の詳細については、 別紙１ 及び 別紙２ のとおり。 （別図） ○ 違反行為事実の概要について （クリックすると拡大されます） （クリックすると拡大されます） （別紙１） ○ 課徴金の額の計算方法について 違反行為に係る課徴金の額の計算の基礎は以下のとおりである。 １．金融商品取引法第１７４条の２第１項の規定により、当該違反行為に係る課徴金の額は、 (1) 当該違反行為に係る有価証券の売買対当数量に係るものについて、自己の計算による当該有価証券の売付け等の価額から、自己の計算による当該有価証券の買付け等の価額を控除した額 及び (2) 当該違反行為に係る自己の計算による有価証券の売付け等又は買付け等の数量が、当該違反行為に係る自己の計算による有価証券の買付け等又は売付け等の数量を超える場合、当該超える数量に係る有価証券の売付け等の価額から当該違反行為が終了してから１月を経過するまでの間の各日における当該違反行為に係る有価証券の買付け等についての金融商品取引法第１３０条に規定する最低の価格のうち最も低い価格に当該超える数量を乗じて得た額を控除した額、又は当該違反行為が終了してから１月を経過するまでの間の各日における当該違反行為に係る有価証券の売付け等についての金融商品取引法第１３０条に規定する最高の価格のうち最も高い価格に当該超える数量を乗じて得た額から当該超える数量に係る有価証券の買付け等の価額を控除した額 の合計額として算定。 ２．上記１．で算定された課徴金の額につき、金融商品取引法第１７６条第２項の規定により１万円未満の端数を切り捨てて算定。 以上につき、別紙２のとおり。 （別紙２） 別表に掲げる事実につき １．当該違反行為に係る自己の計算による有価証券の売付け等の数量は、15,600株であり、当該違反行為に係る自己の計算による有価証券の買付け等の数量は、実際の買付け等の数量8,600株に、金融商品取引法第１７４条の２第８項及び金融商品取引法施行令第３３条の１３第１号の規定により、違反行為の開始時にその時における価格（800円）で買付け等を自己の計算においてしたものとみなされる当該違反行為の開始時に所有している当該有価証券の数量65,800株を加えた74,400株であることから、 (1) 当該違反行為に係る有価証券の売買対当数量（15,600株）に係るものについて、自己の計算による当該有価証券の売付け等の価額から、自己の計算による当該有価証券の買付け等の価額を控除した額 （800円×200株＋801円×500株＋803円×200株＋805円×200株 ＋808円×100株＋809円×400株＋810円×200株＋812円×300株 ＋813円×300株＋814円×200株＋815円×200株＋818円×100株 ＋820円×200株＋822円×200株＋823円×100株＋824円×400株 ＋825円×300株＋827円×500株＋828円×100株＋829円×400株 ＋832円×300株＋833円×100株＋834円×300株＋835円×200株 ＋836円×500株＋837円×400株＋838円×400株＋839円×400株 ＋844円×1,000株＋846円×400株＋847円×1,000株＋850円×400株 ＋855円×400株＋863円×400株＋864円×300株＋865円×300株 ＋866円×100株＋867円×400株＋868円×400株＋869円×400株 ＋870円×400株＋875円×400株＋877円×400株＋878円×400株 ＋879円×400株＋888円×200株＋890円×200株） －（800円×15,600株） ＝ 663,700円 及び (2) 当該違反行為に係る自己の計算による有価証券の買付け等の数量（74,400株）が、当該違反行為に係る自己の計算による有価証券の売付け等の数量（15,600株）を超えていることから、当該違反行為が終了してから１月を経過するまでの間の各日における当該違反行為に係る有価証券の売付け等についての金融商品取引法第１３０条に規定する最高の価格のうち最も高い価格（912円）に当該超える数量58,800株（74,400株－15,600株）を乗じて得た額から、当該超える数量に係る有価証券の買付け等の価額を控除した額 （912円×58,800株） －（794円×100株＋799円×200株＋800円×50,700株＋803円×200株 ＋805円×200株＋808円×100株＋809円×100株＋810円×100株 ＋812円×100株＋813円×300株＋814円×200株＋815円×200株 ＋820円×200株＋822円×200株＋825円×300株＋827円×300株 ＋829円×400株＋830円×200株＋831円×100株＋834円×100株 ＋835円×200株＋837円×200株＋844円×200株＋847円×700株 ＋848円×100株＋861円×300株＋862円×200株＋863円×400株 ＋864円×400株＋865円×200株＋869円×100株＋872円×200株 ＋873円×100株＋875円×400株＋877円×500株＋884円×100株 ＋888円×200株） ＝ 6,244,600円 の合計額6,908,300円となる。 ２．金融商品取引法第１７６条第２項の規定により、上記１.で計算した額の１万円未満の端数を切捨て、6,900,000円となる。",0
2018-12-18,2014/01/14-2014/01/30,株式会社ストリーム,3071,株式会社ストリームにおける開示規制違反（訂正届出書を提出しないで行った募集により新株予約権証券を取得させたこと）に係る課徴金納付命令勧告について,https://www.fsa.go.jp/sesc/news/c_2018/2018/20181218-2.html,"English version 平成30年12月18日 証券取引等監視委員会 株式会社ストリームにおける開示規制違反（訂正届出書を提出しないで行った募集により新株予約権証券を取得させたこと）に係る課徴金納付命令勧告について １．勧告の内容 証券取引等監視委員会は、株式会社ストリーム（法人番号5010001065326）（以下「当社」という。）における有価証券届出書の訂正届出書の提出義務違反について検査した結果、以下のとおり法令違反の事実が認められたので、本日、内閣総理大臣及び金融庁長官に対して、金融庁設置法第20条第１項の規定に基づき、課徴金納付命令を発出するよう勧告を行った。 ２．法令違反の事実関係 当社は、平成26年１月14日、関東財務局長に対し、有価証券届出書（新株予約権証券の募集（第三者割当））を提出した。その後、当該届出の効力が生ずることとなる平成26年１月30日前において、金融商品取引法第７条第１項に規定する「届出書類に記載すべき重要な事項の変更」（別紙１）があったにもかかわらず、当社は訂正届出書を提出しないで、当該募集により、平成26年１月30日に、715個の新株予約権証券を309,309,000円（新株予約権の行使に際して払い込むべき金額を含む。）で取得させたものである。 この結果、当社は、金融商品取引法第172条の２第６項第１号に規定する「発行開示訂正書類を提出しないで行った募集」により有価証券を取得させたものである。 ３．課徴金の額の計算 上記の違法行為について金融商品取引法に基づき算定される課徴金の額は、1,391万円である（計算方法については別紙２のとおり。）。 【別紙１】株式会社ストリームに係る届出書類に記載すべき重要な事項の変更内容 番号 届出書類に記載すべき重要な事項の変更 １ ・第一部【証券情報】第３【第三者割当の場合の特記事項】１【割当予定先の状況】等において、本件新株予約権証券の割当予定先として「Licheng (H.K.) Technology Holdings Limited」と記載されていたが、Ａに変更されたこと ２ ・第一部【証券情報】第３【第三者割当の場合の特記事項】１【割当予定先の状況】e「株券等の保有方針」において、「割当予定先の保有方針につきましては、少なくとも２年以上の中長期にわたる期間、当社株式を保有する」旨の説明を口頭にて伺っていると記載されていたが、Licheng (H.K.) Technology Holdings LimitedからＡに割当予定先が変更され、その保有方針も新株予約権を行使したことにより取得する株式を短期で売り抜ける意図に変更されたこと ３ ・第一部【証券情報】第３【第三者割当の場合の特記事項】５【第三者割当後の大株主の状況】において、「劉　海涛」の「割当後の総議決権数に対する所有議決権数の割合（％）」が「29.58％」と記載されていたが、42.79％に変更されたこと 【別紙２】課徴金の計算方法 金融商品取引法第172条の２第６項第１号の規定により、当該法人が、平成26年１月14日に提出した有価証券届出書について、その訂正届出書を提出すべきであったにもかかわらず、当該訂正届出書を提出しないで募集を行い、新株予約権証券を取得させたことに係る課徴金の額は、 当該募集により取得させた新株予約権証券の発行価額の総額（当該新株予約権の行使に際して払い込むべき金額を含む。）309,309,000 円の100分の4.5に相当する額である13,918,905円 に、金融商品取引法第176条第２項の規定により１万円未満の端数を切り捨てて、 13,910,000円 となる。",0
2018-12-18,2017/06/27-2018/02/14,トレイダーズホールディングス株式会社,8704,トレイダーズホールディングス株式会社における有価証券報告書等の虚偽記載に係る課徴金納付命令勧告について,https://www.fsa.go.jp/sesc/news/c_2018/2018/20181218-1.html,"English version 平成30年12月18日 証券取引等監視委員会 トレイダーズホールディングス株式会社における有価証券報告書等の虚偽記載に係る課徴金納付命令勧告について １．勧告の内容 証券取引等監視委員会は、トレイダーズホールディングス株式会社（法人番号5010401039284）（以下「当社」という。）に係る有価証券報告書等の虚偽記載について検査した結果、以下のとおり法令違反の事実が認められたので、本日、内閣総理大臣及び金融庁長官に対して、金融庁設置法第20条第１項の規定に基づき、課徴金納付命令を発出するよう勧告を行った。 ２．法令違反の事実関係 （１）継続開示書類 当社は、関連会社を連結子会社とした際に発生したのれんの減損損失の計上並びに当該連結子会社が行う再生可能エネルギー関連事業に係る売上及び棚卸資産の計上を適正に行わなかった。 この結果、当社は、関東財務局長に対し、金融商品取引法第172条の４第１項及び第２項に規定する「重要な事項につき虚偽の記載がある」以下の有価証券報告書等を提出したものである（「重要な事項につき虚偽の記載」の内容は別紙１のとおり。）。 ・平成29年３月期有価証券報告書（平成29年６月27日提出） ・平成29年６月第１四半期四半期報告書（平成29年８月10日提出） ・平成29年９月第２四半期四半期報告書（平成29年11月14日提出） ・平成29年12月第３四半期四半期報告書（平成30年２月14日提出） （２）発行開示書類 当社は、関東財務局長に対し、平成29年12月25日、上記（１）の重要な事項につき虚偽の記載がある平成29年３月期有価証券報告書及び平成29年９月第２四半期四半期報告書を組込情報とする有価証券届出書（新株予約権証券の募集）を提出し、当該有価証券届出書に基づく募集により、平成30年１月10日、17,300個の新株予約権証券を2,660,013,400円（新株予約権の行使に際して払い込むべき金額を含む。）で取得させた。 これにより、当社は、関東財務局長に対し、金融商品取引法第172条の２第１項第１号に規定する「重要な事項につき虚偽の記載がある」発行開示書類を提出し、当該発行開示書類に基づく募集により新株予約権証券を取得させたものである。 ３．課徴金の額の計算 上記の違法行為について金融商品取引法に基づき算定される課徴金の額は、 1億3,170万円である（計算方法については別紙２のとおり。）。 【別紙１】トレイダーズホールディングス株式会社に係る有価証券報告書等の虚偽記載内容 番号 開示書類 虚偽記載 提出日 書類 会計期間 財務計算に 関する書類 主な内容（注） 事由 １ 平成29年 ６月27日 第18期（平成28年４月１日～平成29年３月31日）に係る有価証券報告書 平成28年４月１日～平成29年３月31日の連結会計期間 連結 損益計算書 親会社株主に帰属する当期純利益が▲1,496百万円であるところを▲1,433百万円と記載 ・売上の過大計上 ２ 平成29年 ８月10日 第19期第１四半期（平成29年４月１日～平成29年６月30日）に係る四半期報告書 平成29年４月１日～平成29年６月30日の第１四半期連結会計期間 四半期連結貸借対照表 連結純資産額が318百万円であるところを2,029百万円と記載 ・のれんの減損損失の不計上 ・棚卸資産の過大計上 平成29年４月１日～平成29年６月30日の第１四半期連結累計期間 四半期連結 損益計算書 親会社株主に帰属する四半期純利益が▲2,662百万円であるところを▲1,014百万円と記載 ３ 平成29年 11月14日 第19期第２四半期（平成29年７月１日～平成29年９月30日）に係る四半期報告書 平成29年７月１日～平成29年９月30日の第２四半期連結会計期間 四半期連結貸借対照表 連結純資産額が▲７百万円であるところを1,679百万円と記載 ・のれんの減損損失の不計上 ・棚卸資産の過大計上 平成29年４月１日～平成29年９月30日の第２四半期連結累計期間 四半期連結 損益計算書 親会社株主に帰属する四半期純利益が▲3,067百万円であるところを▲1,443百万円と記載 ４ 平成30年 ２月14日 第19期第３四半期（平成29年10月１日～平成29年12月31日）に係る四半期報告書 平成29年10月１日～平成29年12月31日の第３四半期連結会計期間 四半期連結貸借対照表 連結純資産額が▲533百万円であるところを1,129百万円と記載 ・のれんの減損損失の不計上 ・棚卸資産の過大計上 平成29年４月１日～平成29年12月31日の第３四半期連結累計期間 四半期連結 損益計算書 親会社株主に帰属する四半期純利益が▲3,591百万円であるところを▲1,990百万円と記載 （注）金額は百万円未満切捨てである。 【別紙２】課徴金の計算方法 （１）　金融商品取引法第172条の４第１項の規定により、平成29年３月期有価証券報告書に係る課徴金の額は、 ア　当社が発行する算定基準有価証券の市場価額の総額に10万分の６を乗じて得た額（804,304円） が イ　6,000,000円 を超えないことから、課徴金額は6,000,000円となる。 （２）　金融商品取引法第172条の４第２項の規定により、平成29年６月第１四半期四半期報告書、平成29年９月第２四半期四半期報告書及び平成29年12月第３四半期四半期報告書の各開示書類について算出した額（以下「個別決定ごとの算出額」という。）は、 ア　当社が発行する算定基準有価証券の市場価額の総額に10万分の６を乗じて得た額 平成29年６月第１四半期四半期報告書　　 789,290円 平成29年９月第２四半期四半期報告書　 1,022,137円 平成29年12月第３四半期四半期報告書　　838,856円 が、いずれも イ　6,000,000円 を超えないことから、 ・平成29年６月第１四半期四半期報告書については、6,000,000円の２分の１に相当する額である3,000,000円 ・平成29年９月第２四半期四半期報告書については、6,000,000円の２分の１に相当する額である3,000,000円 ・平成29年12月第３四半期四半期報告書については、6,000,000円の２分の１に相当する額である3,000,000円 となる。 ここで、これらの開示書類が同一の事業年度に係るものであることから、金融商品取引法第185条の７第６項の規定により、6,000,000円を個別決定ごとの算出額に応じて按分した下記の金額が、これらの開示書類に係る課徴金の額となる。 ・平成29年６月第１四半期四半期報告書に係る課徴金の額は、2,000,000円 ・平成29年９月第２四半期四半期報告書に係る課徴金の額は、2,000,000円 ・平成29年12月第３四半期四半期報告書に係る課徴金の額は、2,000,000円 （３）　金融商品取引法第172条の２第１項第１号の規定により、当社の平成29年12月25日提出の有価証券届出書（新株予約権証券の募集）に係る課徴金の額は、 重要な事項につき虚偽の記載がある発行開示書類に基づく募集により取得させた新株予約権証券の発行価額の総額（当該新株予約権の行使に際して払い込むべき金額を含む）2,660,013,400 円の100分の4.5に相当する額である119,700,603円 に、金融商品取引法第176条第２項の規定により１万円未満の端数を切り捨てて、 119,700,000円 となる。",0
2018-12-10,2011/06/30-2015/06/30,日産自動車株式会社,7201,日産自動車株式会社に係る虚偽有価証券報告書提出事件の告発について,https://www.fsa.go.jp/sesc/news/c_2018/2018/20181210-1.html,English version 平成３０年１２月１０日 証券取引等監視委員会 日産自動車株式会社に係る虚偽有価証券報告書提出事件の告発について 証券取引等監視委員会は、本日、金融商品取引法違反（虚偽有価証券報告書提出）の嫌疑で、嫌疑法人１社及び嫌疑者２名を東京地方検察庁に告発した。告発の対象となった犯則事実については下記のとおり。 １．告発の対象となった犯則事実 犯則嫌疑法人日産自動車株式会社は、横浜市に本店を置き、自動車の製造及び販売等を目的とする会社であって、その発行する株券を株式会社東京証券取引所市場第一部に上場しているもの、犯則嫌疑者Ａは犯則嫌疑法人の代表取締役会長等であったもの、犯則嫌疑者Ｂは犯則嫌疑法人の代表取締役等であったものであるが、犯則嫌疑者両名は、共謀の上、 第１　日産自動車株式会社の業務に関し、平成２３年６月末、平成２３年３月期の連結会計年度につき、犯則嫌疑者Ａの報酬、賞与その他その職務執行の対価として日産自動車株式会社及びその主要な連結子会社から役員として受ける財産上の利益であって、当該連結会計年度に係るものが約１７億７７００万円であったにもかかわらず、その一部を隠ぺいして、「コーポレート・ガバナンスの状況」欄内の「役員ごとの連結報酬等の総額等」欄に犯則嫌疑者Ａの総報酬及び金銭報酬をいずれも９億８２００万円と記載した有価証券報告書を提出し 第２　犯則嫌疑法人日産自動車（以下「犯則嫌疑法人」という。）の業務に関し、平成２４年６月末、平成２４年３月期の連結会計年度につき、犯則嫌疑者Ａの報酬、賞与その他その職務執行の対価として日産自動車株式会社及びその主要な連結子会社から役員として受ける財産上の利益であって、当該連結会計年度に係るものが約１８億９４００万円であったにもかかわらず、その一部を隠ぺいして、「コーポレート・ガバナンスの状況」欄内の「役員ごとの連結報酬等の総額等」欄に犯則嫌疑者Ａの総報酬及び金銭報酬をいずれも９億８７００万円と記載した有価証券報告書を提出し 第３　犯則嫌疑法人の業務に関し、平成２５年６月末、平成２５年３月期の連結会計年度につき、犯則嫌疑者Ａの報酬、賞与その他その職務執行の対価として日産自動車株式会社及びその主要な連結子会社から役員として受ける財産上の利益であって、当該連結会計年度に係るものが約２０億２５００万円であったにもかかわらず、その一部を隠ぺいして、「コーポレート・ガバナンスの状況」欄内の「役員ごとの連結報酬等の総額等」欄に犯則嫌疑者Ａの総報酬及び金銭報酬をいずれも９億８８００万円と記載した有価証券報告書を提出し 第４　犯則嫌疑法人の業務に関し、平成２６年６月末、平成２６年３月期の連結会計年度につき、犯則嫌疑者Ａの報酬、賞与その他その職務執行の対価として日産自動車株式会社及びその主要な連結子会社から役員として受ける財産上の利益であって、当該連結会計年度に係るものが約１９億４６００万円であったにもかかわらず、その一部を隠ぺいして、「コーポレート・ガバナンスの状況」欄内の「役員ごとの連結報酬等の総額等」欄に犯則嫌疑者Ａの総報酬及び金銭報酬をいずれも９億９５００万円と記載した有価証券報告書を提出し 第５　犯則嫌疑法人の業務に関し、平成２７年６月末、平成２７年３月期の連結会計年度につき、犯則嫌疑者Ａの報酬、賞与その他その職務執行の対価として日産自動車株式会社及びその主要な連結子会社から役員として受ける財産上の利益であって、当該連結会計年度に係るものが約２２億１３００万円であったにもかかわらず、その一部を隠ぺいして、「コーポレート・ガバナンスの状況」欄内の「役員ごとの連結報酬等の総額等」欄に犯則嫌疑者Ａの総報酬及び金銭報酬をいずれも１０億３５００万円と記載した有価証券報告書を提出し もって、それぞれ、重要な事項につき虚偽の記載のある有価証券報告書を提出した。 （犯則嫌疑法人につき、第２ないし第５事実。犯則嫌疑者両名につき、第１ないし第５事実。） ２．関連条文 金融商品取引法 第１９７条第１項第１号、第２４条第１項第１号、第２０７条第１項第１号 刑法第６０条 法定刑：１０年以下の懲役若しくは１０００万円以下の罰金又はこれを併科、法人につき７億円以下の罰金,0
2018-11-27,2017/11/07,株式会社ノエビアホールディングス,4928,株式会社ノエビアホールディングスとの契約締結者の役員による重要事実に係る推奨行為に対する課徴金納付命令の勧告について,https://www.fsa.go.jp/sesc/news/c_2018/2018/20181127-1.html,"English version 平成30年11月27日 証券取引等監視委員会 株式会社ノエビアホールディングスとの契約締結者の役員による重要事実に係る推奨行為に対する課徴金納付命令の勧告について １．勧告の内容 証券取引等監視委員会は、株式会社ノエビアホールディングスとの契約締結者の役員による重要事実に係る推奨行為について検査した結果、下記のとおり法令違反の事実が認められたので、本日、内閣総理大臣及び金融庁長官に対して、金融庁設置法第２０条第１項の規定に基づき、課徴金納付命令を発出するよう勧告を行った。 ２．法令違反の事実関係 課徴金納付命令対象者は、株式会社ノエビア（以下「ノエビア」という。）の役員であったが、同社の完全親会社である株式会社ノエビアホールディングス（以下「ノエビアホールディングス」という。）とノエビアとの経営管理契約の履行に関し、ノエビアホールディングスの業務執行を決定する機関が、①自己の株式の取得を行うことについての決定をした旨の重要事実、②ノエビアホールディングスの平成２９年９月期の剰余金の配当について、平成２８年１１月８日に公表がされた直近の予想値（期末配当金１２０円）に比較して、平成２９年９月期の決算（期末配当金１５０円）において、投資者の投資判断に及ぼす影響が重要なものとなる差異が生じた旨の重要事実をいずれも知りながら、被推奨者に対し、前記各事実の公表がされる前にノエビアホールディングス株式の買付けをさせることにより被推奨者に利益を得させる目的をもって、ノエビアホールディングス株式の買付けをすることを勧めたものである。 被推奨者は、前記各事実の公表がされた平成２９年１１月７日午後３時頃より前の同日午後０時５９分頃から午後１時１分頃の間に、自己の計算において、ノエビアホールディングス株式合計５００株を買付価額合計３５３万円で買い付けたものである。 違反行為事実の概要については、 別図 のとおり。 課徴金納付命令対象者が行った上記の行為は、金融商品取引法第１７５条の２第１項に規定する「第１６７条の２第１項の規定に違反して、同項の伝達をし、又は同項の売買等をすることを勧める」行為に該当すると認められる。 ３．課徴金の額の計算 上記の違法行為に対し金融商品取引法に基づき納付を命じられる課徴金の額は、２８万円である。 計算方法の詳細については、 別紙 のとおり。 （別図） ○違反行為事実の概要について （クリックすると拡大されます） （別紙） 〇課徴金の額の計算について (1) 金融商品取引法第１７５条の２第１項第３号の規定により、当該違反行為により当該情報受領者等が行った当該買付けによって得た利得相当額に２分の１を乗じて得た額。 利得相当額とは、同条第３項第２号の規定により、情報受領者等が特定有価証券等の買付けをした場合、当該特定有価証券等の買付けについて、業務等に関する重要事実の公表がされた後２週間における最も高い価格（8,200円）に当該特定有価証券等の買付けの数量を乗じて得た額から当該特定有価証券等の買付けをした価格にその数量を乗じて得た額を控除した額。 ｛（8,200円×500株）－（7,060円×500株）｝×1／2 ＝285,000円 (2) 金融商品取引法第１７６条第２項の規定により、上記(1)で計算した額の１万円未満の端数を切捨て。",0
2018-10-30,2013/09/11-2018/02/28,東洋証券株式会社,8614,東洋証券株式会社に対する検査結果に基づく勧告について,https://www.fsa.go.jp/sesc/news/c_2018/2018/20181030-2.html,"English version 平成30年10月30日 証券取引等監視委員会 東洋証券株式会社に対する検査結果に基づく勧告について １．勧告の内容 関東財務局長が東洋証券株式会社（東京都中央区、法人番号7010001051893、資本金134億円、常勤役職員741名、第一種金融商品取引業、第二種金融商品取引業）を検査した結果、下記のとおり、当該金融商品取引業者に係る問題が認められたので、本日、証券取引等監視委員会は、内閣総理大臣及び金融庁長官に対して、金融庁設置法第20条第１項の規定に基づき、行政処分を行うよう勧告した。 ２．事実関係 ○ 米国株式取引の勧誘に関し、虚偽表示又は重要な事項につき誤解を生ぜしめるべき表示をする行為 東洋証券株式会社（以下「当社」という。）においては、近年、米国株式市場が堅調に推移していることなどから、米国株式営業に注力してきている。今回検査において、平成25年９月から同30年２月までの間の米国株式営業の勧誘状況等を検証したところ、高齢顧客に対し、多数の営業員が、米国株式の乗換取引の勧誘に応じてもらうために、売却する米国株式の損益について、損失の額を実際の額よりも過少に伝える、又は、損失が発生しているにもかかわらず利益が発生している旨を伝えるなどといった虚偽表示や、誤解を生ぜしめるべき表示（※）を行っていた。 （※）誤解表示の具体例 １株＝1,000ドルの銘柄を１ドル＝120円の時に買い付け（1,000×120＝12万円で買付け）、その後、１株＝1,300ドル、１ドル＝100円の時に売却（1,300×100＝13万円で売却）した場合、為替差損益を考慮した円ベースの損益は売却時の円換算額（13万円）から買付時の円換算額（12万円）を差し引いた額（１万円）となるところ、かかる利益額ではなく、ドルベースの利益（1,300－1,000＝300ドル）を売却時のレート（１ドル＝100円）で円換算した利益額（300×100＝３万円）を伝えることにより、円ベースの利益額を過大に誤解させた。 当社が行った上記の行為は、平成29年法律第37号による改正前の金融商品取引法第38条第８号（平成26年法律第44号による改正前は同条第７号）に基づく金融商品取引業等に関する内閣府令第117条第１項第２号に掲げる「金融商品取引契約の締結又はその勧誘に関して、虚偽の表示をし、又は重要な事項につき誤解を生ぜしめるべき表示をする行為」に該当するものと認められる。 なお、上記行為の背景として、当社においては、 （１）営業部門の責任者が、社内検査において、米国株式の取引に関し不適切な勧誘行為が行われている旨が何度も指摘されていたにもかかわらず、営業員に手数料目標の達成を強く求め、顧客の利益よりも収益獲得を優先する営業を是正してこなかった （２）経営陣が、上記社内検査の結果を把握していながら、再発防止のための実効的な改善措置について、何ら指示しておらず、結果的に営業優先の企業風土を醸成していた などの状況が認められた。 （参考条文） ○ 金融商品取引法（昭和23年法律第25号）（抄） （禁止行為） 第三十八条 金融商品取引業者等又はその役員若しくは使用人は、次に掲げる行為をしてはならない。ただし、第四号から第六号までに掲げる行為にあつては、投資者の保護に欠け、取引の公正を害し、又は金融商品取引業の信用を失墜させるおそれのないものとして内閣府令で定めるものを除く。 一 ～ 七（略） 八 前各号に掲げるもののほか、投資者の保護に欠け、若しくは取引の公正を害し、又は金融商品取引業の信用を失墜させるものとして内閣府令で定める行為 ※ 上記条文は、平成29年法律第37号による改正前の金融商品取引法に基づくもの。 ○ 金融商品取引業等に関する内閣府令（平成19年内閣府令第52号） （禁止行為） 第百十七条 法第三十八条第八号に規定する内閣府令で定める行為は、次に掲げる行為とする。 一 （略） 二 金融商品取引契約の締結又はその勧誘に関して、虚偽の表示をし、又は重要な事項につき誤解を生ぜしめるべき表示をする行為",0
2018-10-05,2018/10/05,第一稀元素化学工業株式会社,4082,第一稀元素化学工業株式外６銘柄に係る特殊見せ玉を用いた偽計に対する課徴金納付命令の勧告について,https://www.fsa.go.jp/sesc/news/c_2018/2018/20181005-1.html,"English version 平成30年10月5日 証券取引等監視委員会 第一稀元素化学工業株式外６銘柄に係る特殊見せ玉を用いた偽計に対する課徴金納付命令の勧告について １．勧告の内容 証券取引等監視委員会は、第一稀元素化学工業株式外６銘柄に係る特殊見せ玉を用いた偽計について検査した結果、下記のとおり法令違反の事実が認められたので、本日、内閣総理大臣及び金融庁長官に対して、金融庁設置法第２０条第１項の規定に基づき、課徴金納付命令を発出するよう勧告を行った。 ２．法令違反の事実関係 課徴金納付命令対象者は、第一稀元素化学工業株式会社外６銘柄の各株式につき、 別表 記載の各株式に係る通番２の注文を発注する以前、各株式の立会市場において、同通番１のとおり、他の投資家が発注した引け条件付き成行注文（以下「引成注文」という。）のうち、買い側の引成注文（以下「引成買い注文」という。）の発注株数が売り側の引成注文（以下「引成売り注文」という。）の発注株数を上回る状況、又は、引成売り注文の発注株数が引成買い注文の発注株数を上回る状況であり、当該発注状況を見た第三者が発注株数の少ない側に引成注文を発注するなどして、新たな売買を行うことが想定される状態であったところ、真実は、約定意思がなく、引け直前に指値注文に変更して約定を回避するつもりであるにもかかわらず、発注株数の少ない側に引成注文（以下「本件各引成注文」という。）を発注することによって、あたかも約定意思があるかのように装い、引成買い注文と引成売り注文の発注株数が同程度である状況を作出し、第三者をして、引けまで当該発注状況が維持されるであろうとの錯誤を生じさせ、第三者の新たな売買を阻害した上、本件各引成注文を引け直前に、引け条件付き指値注文に変更して約定を回避することによって、引けにおいて、引成買い注文の発注株数と引成売り注文の発注株数のいずれかが他方を上回る状況にすることで、自らに有利な売買を行うことを企て、 (1)  各株式につき、同通番２の各発注日時に、引成買い注文の発注株数と引成売り注文の発注株数が同程度になる数量だけ、発注株数の少ない側に約定意思のない本件各引成注文を発注し、引成買い注文と引成売り注文の発注株数が同程度である状況を作出した上、同通番４の各発注日時に、本件各引成注文を引け条件付き指値注文に変更して約定を回避することにより、引けにおいて、引成買い注文の発注株数と引成売り注文の発注株数のいずれかが他方を上回る状況にすることで、同通番２の各発注日時から同通番４の各発注日時までの間、引成買い注文の発注株数と引成売り注文の発注株数とが同程度である虚偽の発注状況を作出し、第三者に、引けまで、当該発注状況が維持されるであろうとの錯誤を生じさせ、もって、有価証券の売買のため、偽計を用い (2)  当該偽計により、各株式につき、同通番２の各発注日時から同通番４の各発注日時までの間、第三者による新たな売買を阻害しつつ、同通番４の各発注日時に、本件各引成注文を引け条件付き指値注文に変更して約定を回避することによって、引けにおいて、引成買い注文の発注株数と引成売り注文の発注株数のいずれかが他方を上回る状況にし、もって、各有価証券の価格に影響を与え、 別表 記載のとおり、同通番２の各発注日時から同通番４の各発注日時までの間、自己の計算において、同通番３のとおり、買い付け、又は、売り付け たものである。 違反行為事実の概要については、 別図 のとおり。 課徴金納付命令対象者が行った上記の行為は、金融商品取引法第１７３条第１項に規定する「第１５８条の規定に違反して、偽計を用い、」これにより「有価証券等の価格に影響を与えた」ものと認められる。 ３．課徴金の額の計算 上記の違法行為に対し金融商品取引法に基づき納付を命じられる課徴金の額は、７３万円である。 計算方法の詳細については、 別紙１ 及び 別紙２ のとおり。 ４．その他 本件については、日本取引所自主規制法人より提供された情報も参考として、実態解明を行ったものである。 なお、一般的な見せ玉は、例えば、最良買い気配付近に大口の買い注文を発注し、売り注文に比べて買い注文が多く発注されているようにするなどして、買い優勢の発注状況を作出することで他の投資家の買付けを誘引しようとするものである。それに対し、本件の見せ玉は、例えば、既に発注されている第三者の引成売り注文に対して、約定させる意思のない引成買い注文を発注することで、買い側と売り側の引成注文の発注株数が同程度である引けの発注状況を作出するものであり、他の投資家を誘引しようとするものではないことから、「特殊見せ玉」と表記している。 （別表） ○違反行為状況 （クリックすると拡大されます） （別図） ○違反行為事実の概要について （クリックすると拡大されます） （別紙１） ○課徴金の額の計算方法について 別表 の各違反行為に係る課徴金の額の計算の基礎は以下のとおりである。 １．金融商品取引法第１７３条第１項の規定により、当該違反行為に係る課徴金の額は、当該違反行為の開始時から終了時までの間（以下「違反行為期間」という。）において、 (1) 当該違反者が当該違反行為に係る自己の計算において行った有価証券の売付け等の数量が、当該違反者が当該違反行為に係る自己の計算において行った有価証券の買付け等の数量を超える場合、当該超える数量に係る有価証券の売付け等の価額から当該違反行為が終了してから１月を経過するまでの間の各日における有価証券の買付け等についての金融商品取引法第６７条の１９又は第１３０条に規定する最低の価格のうち最も低い価格に当該超える数量を乗じて得た額を控除した額 (2) 当該違反者が当該違反行為に係る自己の計算において行った有価証券の買付け等の数量が、当該違反者が当該違反行為に係る自己の計算において行った有価証券の売付け等の数量を超える場合、当該違反行為が終了してから１月を経過するまでの間の各日における有価証券の売付け等についての金融商品取引法第６７条の１９又は第１３０条に規定する最高の価格のうち最も高い価格に当該超える数量を乗じて得た額から当該超える数量に係る有価証券の買付け等の価額を控除した額 として算定。 ２．上記１．で算定された課徴金の額につき、金融商品取引法第１７６条第２項の規定により１万円未満の端数を切り捨てて算定。 ３．上記２．によりそれぞれ算定した額を合計し、課徴金の額とする。 以上につき、 別紙２ のとおり。 （別紙２） 別表 に掲げる事実につき １．亀田製菓株式会社に係る株式の取引について (1) 違反行為期間において、当該違反行為に係る自己の計算において行った有価証券の買付け等の数量（400株）が、当該違反行為に係る自己の計算において行った有価証券の売付け等の数量（0株）を超えていることから、当該違反行為が終了してから１月を経過するまでの間の当該有価証券の最高価格（5,650円）に当該超える数量400株（400株－0株）を乗じて得た額から、当該超える数量に係る有価証券の買付け等の価額を控除した額。 （5,650円×400株） －（5,420円×400株） ＝ 92,000円 (2) 金融商品取引法第１７６条第２項の規定により、上記(1)で計算した額の１万円未満の端数を切り捨て、90,000円となる。 ２．アニコムホールディングス株式会社に係る株式の取引について（違反行為期間①） (1) 違反行為期間において、当該違反行為に係る自己の計算において行った有価証券の売付け等の数量（600株）が、当該違反行為に係る自己の計算において行った有価証券の買付け等の数量（0株）を超えていることから、当該超える数量600株（600株－0株）に係る有価証券の売付け等の価額から、当該違反行為が終了してから１月を経過するまでの間の当該有価証券の最低価格（2,550円）に当該超える数量を乗じて得た額を控除した額。 （2,580円×300株＋2,581円×100株＋2,582円×100株＋2,584円×100株） －（2,550円×600株） ＝ 18,700円 (2) 金融商品取引法第１７６条第２項の規定により、上記(1)で計算した額の１万円未満の端数を切り捨て、10,000円となる。 ３．アニコムホールディングス株式会社に係る株式の取引について（違反行為期間②） (1) 違反行為期間において、当該違反行為に係る自己の計算において行った有価証券の売付け等の数量（600株）が、当該違反行為に係る自己の計算において行った有価証券の買付け等の数量（0株）を超えていることから、当該超える数量600株（600株－0株）に係る有価証券の売付け等の価額から、当該違反行為が終了してから１月を経過するまでの間の当該有価証券の最低価格（2,550円）に当該超える数量を乗じて得た額を控除した額。 （2,592円×100株＋2,593円×200株＋2,596円×100株＋2,597円×200株） －（2,550円×600株） ＝ 26,800円 (2) 金融商品取引法第１７６条第２項の規定により、上記(1)で計算した額の１万円未満の端数を切り捨て、20,000円となる。 ４．マニー株式会社に係る株式の取引について (1) 違反行為期間において、当該違反行為に係る自己の計算において行った有価証券の買付け等の数量（500株）が、当該違反行為に係る自己の計算において行った有価証券の売付け等の数量（0株）を超えていることから、当該違反行為が終了してから１月を経過するまでの間の当該有価証券の最高価格（2,974円）に当該超える数量500株（500株－0株）を乗じて得た額から、当該超える数量に係る有価証券の買付け等の価額を控除した額。 （2,974円×500株） －（2,888円×300株＋2,891円×100株＋2,895円×100株） ＝ 42,000円 (2) 金融商品取引法第１７６条第２項の規定により、上記(1)で計算した額の１万円未満の端数を切り捨て、40,000円となる。 ５．ＫＯＡ株式会社に係る株式の取引について (1) 違反行為期間において、当該違反行為に係る自己の計算において行った有価証券の売付け等の数量（900株）が、当該違反行為に係る自己の計算において行った有価証券の買付け等の数量（0株）を超えていることから、当該超える数量900株（900株－0株）に係る有価証券の売付け等の価額から、当該違反行為が終了してから１月を経過するまでの間の当該有価証券の最低価格（1,866円）に当該超える数量を乗じて得た額を控除した額。 （2,196円×100株＋2,197円×100株＋2,198円×100株＋2,200円×600株） －（1,866円×900株） ＝ 299,700円 (2) 金融商品取引法第１７６条第２項の規定により、上記(1)で計算した額の１万円未満の端数を切り捨て、290,000円となる。 ６．イーレックス株式会社に係る株式の取引について (1) 違反行為期間において、当該違反行為に係る自己の計算において行った有価証券の売付け等の数量（1,300株）が、当該違反行為に係る自己の計算において行った有価証券の買付け等の数量（0株）を超えていることから、当該超える数量1,300株（1,300株－0株）に係る有価証券の売付け等の価額から、当該違反行為が終了してから１月を経過するまでの間の当該有価証券の最低価格（942円）に当該超える数量を乗じて得た額を控除した額。 （1,012円×400株＋1,013円×900株） －（942円×1,300株） ＝ 91,900円 (2) 金融商品取引法第１７６条第２項の規定により、上記(1)で計算した額の１万円未満の端数を切り捨て、90,000円となる。 ７．第一稀元素化学工業株式会社に係る株式の取引について (1) 違反行為期間において、当該違反行為に係る自己の計算において行った有価証券の買付け等の数量（600株）が、当該違反行為に係る自己の計算において行った有価証券の売付け等の数量（0株）を超えていることから、当該違反行為が終了してから１月を経過するまでの間の当該有価証券の最高価格（1,412円）に当該超える数量600株（600株－0株）を乗じて得た額から、当該超える数量に係る有価証券の買付け等の価額を控除した額。 （1,412円×600株） －（1,317円×300株＋1,318円×100株＋1,319円×100株＋1,320円×100株） ＝ 56,400円 (2) 金融商品取引法第１７６条第２項の規定により、上記(1)で計算した額の１万円未満の端数を切り捨て、50,000円となる。 ８．スターゼン株式会社に係る株式の取引について (1) 違反行為期間において、当該違反行為に係る自己の計算において行った有価証券の買付け等の数量（300株）が、当該違反行為に係る自己の計算において行った有価証券の売付け等の数量（0株）を超えていることから、当該違反行為が終了してから１月を経過するまでの間の当該有価証券の最高価格（5,170円）に当該超える数量300株（300株－0株）を乗じて得た額から、当該超える数量に係る有価証券の買付け等の価額を控除した額。 （5,170円×300株） －（4,675円×300株） ＝ 148,500円 (2) 金融商品取引法第１７６条第２項の規定により、上記(1)で計算した額の１万円未満の端数を切り捨て、140,000円となる。 ９．上記、１．ないし８．により算定した額の合計 90,000円＋10,000円＋20,000円＋40,000円＋290,000円＋90,000円＋50,000円＋140,000円＝730,000円となる。",0
2018-02-23,2014/06/27,株式会社ソフィアホールディングス,6942,株式会社ソフィアホールディングスに係る有価証券報告書の虚偽記載に係る課徴金納付命令勧告について,https://www.fsa.go.jp/sesc/news/c_2018/2018/20180223-2.html,"English version 平成30年２月23日 証券取引等監視委員会 株式会社ソフィアホールディングスに係る有価証券報告書の 虚偽記載に係る課徴金納付命令勧告について １．勧告の内容 証券取引等監視委員会は、株式会社ソフィアホールディングス（法人番号9011101054751）（以下「当社」という。）に係る有価証券報告書等の虚偽記載について検査した結果、以下のとおり法令違反の事実が認められたので、本日、内閣総理大臣及び金融庁長官に対して、金融庁設置法第20条第１項の規定に基づき、課徴金納付命令を発出するよう勧告を行った。 ２．法令違反の事実関係 当社は、連結子会社において、未達であるテレビ受信機器の販売計画を達成したと偽ったことによって、棚卸資産評価損の計上を適正に行わなかった。 この結果、当社は、関東財務局長に対し、参考１のとおり、金融商品取引法第172条の４第１項に規定する「重要な事項につき虚偽の記載がある」以下の有価証券報告書を提出したものである。 ・平成26年３月有価証券報告書（平成26年６月27日提出） ３．課徴金の額の計算 上記の違法行為について金融商品取引法に基づき算定される課徴金の額は、600万円である。（計算方法については参考２のとおり。） （参考１）株式会社ソフィアホールディングスの有価証券報告書の虚偽記載内容 開示書類 虚偽記載 提出日 書類 会計期間 財務計算に 関する書類 内容（注） 事由 平成26年 ６月27日 第39期（自　平成25年４月１日　至　平成26年３月31日）に係る有価証券報告書 平成25年４月１日～平成26年３月31日の連結会計期間 連結 損益計算書 連結当期純損失が136百万円であるところを56百万円と記載 ・棚卸資産評価損の不計上 等 （注）金額は百万円未満切捨て。 （参考２）課徴金の計算方法 金融商品取引法第172条の４第１項の規定により、平成26年３月期有価証券報告書に係る課徴金の額は、 ア　当該法人が発行する算定基準有価証券の市場価額の総額に10万分の６を乗じて得た額（1,092,818円） が イ　6,000,000円 を超えないことから、6,000,000円となる。",0
2015-06-25,2015/06/25-2018/06/28,日産自動車株式会社,7201,日産自動車株式会社における有価証券報告書等の虚偽記載に係る課徴金納付命令勧告について,https://www.fsa.go.jp/sesc/news/c_2019/2019/20191210-2.html,"English version 令和元年12月10日 証券取引等監視委員会 日産自動車株式会社における有価証券報告書等の虚偽記載に係る課徴金納付命令勧告について １．勧告の内容 証券取引等監視委員会は、日産自動車株式会社（法人番号9020001031109）（以下「当社」という。）における有価証券報告書等の虚偽記載について検査した結果、以下のとおり法令違反の事実が認められたので、本日、内閣総理大臣及び金融庁長官に対して、金融庁設置法第20条第１項の規定に基づき、課徴金納付命令を発出するよう勧告を行った。 ２．法令違反の事実関係 （１）継続開示書類 当社は、有価証券報告書中の「第一部 企業情報」・「第４ 提出会社の状況」・「６ コーポレート・ガバナンスの状況等」・「（１）コーポレート・ガバナンスの状況」の役員報酬に関する情報において、実態とは異なる記載を行った。 この結果、当社は、関東財務局長に対し、以下のとおり、金融商品取引法第172条の４第１項に規定する「重要な事項につき虚偽の記載」がある以下の有価証券報告書を提出した（「重要な事項につき虚偽の記載」の内容は別紙１－１のとおり）。 ・平成27年３月期有価証券報告書（平成27年６月25日提出） ・平成28年３月期有価証券報告書（平成28年６月24日提出） ・平成29年３月期有価証券報告書（平成29年６月29日提出） ・平成30年３月期有価証券報告書（平成30年６月28日提出） （２）発行開示書類 当社は、関東財務局に対し、平成28年４月８日、上記（１）の重要な事項につき虚偽の記載がある平成27年３月期有価証券報告書を参照情報とする発行登録追補書類を提出し、当該発行登録追補書類に基づく募集により、平成28年４月15日、社債券を125,000,000,000円で取得させた。 これにより、当社は、関東財務局に対し、金融商品取引法第172条の２第１項第１号に規定する「重要な事項につき虚偽の記載」がある発行開示書類を提出し、当該発行開示書類に基づく募集により社債券を取得させたものである。 ３．課徴金の額の計算 上記の違法行為について金融商品取引法に基づき算定される課徴金の額は、24億2,489万5,000円である（計算方法については別紙２のとおり。）。 【別紙１－１】有価証券報告書の虚偽記載内容 番号 開示書類 虚偽記載 提出日 書類 主な内容 主な事由 １ 平成27年６月25日 第116期（平成26年４月１日～平成27年３月31日）に係る有価証券報告書 取締役報酬が【別紙１－２】（１）の左欄のとおりであるところを右欄のとおり記載 ・取締役報酬の過少記載 ２ 平成28年６月24日 第117期（平成27年４月１日～平成28年３月31日）に係る有価証券報告書 取締役報酬が【別紙１－２】（２）の左欄のとおりであるところを右欄のとおり記載 ・取締役報酬の過少記載 ３ 平成29年６月29日 第118期（平成28年４月１日～平成29年３月31日）に係る有価証券報告書 取締役報酬が【別紙１－２】（３）の左欄のとおりであるところを右欄のとおり記載 ・取締役報酬の過少記載 ４ 平成30年６月28日 第119期（平成29年４月１日～平成30年３月31日）に係る有価証券報告書 取締役報酬が【別紙１－２】（４）の左欄のとおりであるところを右欄のとおり記載 ・取締役報酬の過少記載 【別紙１－２】 （PDF:156KB） 【別紙２】課徴金の計算方法 （１）　金融商品取引法第172条の４第１項の規定により、平成27年３月期有価証券報告書について算出した額は、当社が発行する算定基準有価証券の市場価額の総額に10万分の６を乗じて得た額279,799,739円が6,000,000円を超えることから、279,799,739円について、金融商品取引法第176条第２項の規定により１万円未満の端数を切り捨てて279,790,000円となる。 （２）　金融商品取引法第172条の４第１項の規定により、平成28年３月期有価証券報告書について算出した額は、当社が発行する算定基準有価証券の市場価額の総額に10万分の６を乗じて得た額323,373,877円が6,000,000円を超えることから、323,373,877円について、金融商品取引法第176条第２項の規定により１万円未満の端数を切り捨てて323,370,000円となる。 （３）　金融商品取引法第172条の４第１項の規定により、平成29年３月期有価証券報告書について算出した額は、当社が発行する算定基準有価証券の市場価額の総額に10万分の６を乗じて得た額275,534,764円が6,000,000円を超えることから、275,534,764円について、金融商品取引法第176条第２項の規定により１万円未満の端数を切り捨てて275,530,000円となる。 （４）　金融商品取引法第172条の４第１項の規定により、平成30年３月期有価証券報告書について算出した額は、当社が発行する算定基準有価証券の市場価額の総額に10万分の６を乗じて得た額279,918,085円が6,000,000円を超えることから、279,918,085円について、金融商品取引法第176条第２項の規定により１万円未満の端数を切り捨てて279,910,000円となるが、平成30年３月期有価証券報告書については、金融商品取引法第26条第１項の規定による検査等が行われる前に、課徴金の減額に係る報告がされていることから、金融商品取引法第185条の７第14項の規定により、279,910,000円に100分の50を乗じて得た額に相当する額である139,955,000円となる。 （５）　金融商品取引法第172条の２第１項第１号の規定により、当該法人の平成28年４月８日提出の発行登録追補書類に係る課徴金の額は、当該発行登録追補書類に基づく募集により取得させた有価証券の発行価額の総額125,000,000,000円の100分の2.25に相当する額である2,812,500,000円となるが、平成28年４月８日提出の発行登録追補書類については、金融商品取引法第26条第１項の規定による検査等が行われる前に、課徴金の減額に係る報告がされていることから、金融商品取引法第185条の７第14項の規定により、2,812,500,000円に100分の50を乗じて得た額に相当する額である1,406,250,000円となる。",0
2014-10-31,2014/10/31-2017/10/30,株式会社明豊エンタープライズ,8927,株式会社明豊エンタープライズにおける有価証券報告書等の虚偽記載に係る課徴金納付命令勧告について,https://www.fsa.go.jp/sesc/news/c_2019/2019/20191023-1.html,"English version 令和元年10月23日 証券取引等監視委員会 株式会社明豊エンタープライズにおける有価証券報告書等の虚偽記載に係る課徴金納付命令勧告について １．勧告の内容 証券取引等監視委員会は、株式会社明豊エンタープライズ（法人番号1013201016399）（以下「当社」という。）における有価証券報告書等の虚偽記載について検査した結果、以下のとおり法令違反の事実が認められたので、本日、内閣総理大臣及び金融庁長官に対して、金融庁設置法第20条第１項の規定に基づき、課徴金納付命令を発出するよう勧告を行った。 ２．法令違反の事実関係 当社は、中国における住宅開発事業から発生した長期未収入金及び長期貸付金に係る貸倒引当金の過少計上といった不適正な会計処理を行った。 この結果、当社は、関東財務局長に対し、金融商品取引法第172条の４第１項及び第２項に規定する「重要な事項につき虚偽の記載」がある以下の有価証券報告書等を提出したものである（「重要な事項につき虚偽の記載」の内容は別紙１のとおり。）。 ・平成26年７月期有価証券報告書（平成26年10月31日提出） ・平成26年10月第１四半期四半期報告書（平成26年12月15日提出） ・平成27年１月第２四半期四半期報告書（平成27年３月16日提出） ・平成27年４月第３四半期四半期報告書（平成27年６月12日提出） ・平成27年７月期有価証券報告書（平成27年10月30日提出） ・平成27年10月第１四半期四半期報告書（平成27年12月15日提出） ・平成28年１月第２四半期四半期報告書（平成28年３月15日提出） ・平成28年４月第３四半期四半期報告書（平成28年６月14日提出） ・平成28年７月期有価証券報告書（平成28年10月28日提出） ・平成28年10月第１四半期四半期報告書（平成28年12月15日提出） ・平成29年１月第２四半期四半期報告書（平成29年３月16日提出） ・平成29年４月第３四半期四半期報告書（平成29年６月14日提出） ・平成29年７月期有価証券報告書（平成29年10月30日提出） ３．課徴金の額の計算 上記の違法行為について金融商品取引法に基づき算定される課徴金の額は、2,400万円である（計算方法については別紙２のとおり。）。 【別紙１】株式会社明豊エンタープライズに係る有価証券報告書等の虚偽記載内容 番号 開示書類 虚偽記載 提出日 書類 会計期間 財務計算に関する書類 内容（注） 主な事由 １ 平成26年10月31日 第46期（平成25年８月１日～平成26年７月31日）に係る有価証券報告書 平成25年８月１日～平成26年７月31日の連結会計期間 連結 貸借対照表 連結純資産額が1,053百万円であるところを1,735百万円と記載 ・貸倒引当金の過少計上 ２ 平成26年12月15日 第47期第１四半期（平成26年８月１日～平成26年10月31日）に係る四半期報告書 平成26年８月１日～平成26年10月31日の第１四半期連結会計期間 四半期連結貸借対照表 連結純資産額が988百万円であるところを1,670百万円と記載 ・貸倒引当金の過少計上 ３ 平成27年３月16日 第47期第２四半期（平成26年11月１日～平成27年１月31日）に係る四半期報告書 平成26年11月１日～平成27年１月31日の第２四半期連結会計期間 四半期連結貸借対照表 連結純資産額が1,119百万円であるところを1,801百万円と記載 ・貸倒引当金の過少計上 ４ 平成27年６月12日 第47期第３四半期（平成27年２月１日～平成27年４月30日）に係る四半期報告書 平成27年２月１日～平成27年４月30日の第３四半期連結会計期間 四半期連結貸借対照表 連結純資産額が1,118百万円であるところを1,799百万円と記載 ・貸倒引当金の過少計上 ５ 平成27年10月30日 第47期（平成26年８月１日～平成27年７月31日）に係る有価証券報告書 平成26年８月１日～平成27年７月31日の連結会計期間 連結 貸借対照表 連結純資産額が1,310百万円であるところを1,982百万円と記載 ・貸倒引当金の過少計上 ６ 平成27年12月15日 第48期第１四半期（平成27年８月１日～平成27年10月31日）に係る四半期報告書 平成27年８月１日～平成27年10月31日の第１四半期連結会計期間 四半期連結貸借対照表 連結純資産額が1,183百万円であるところを1,855百万円と記載 ・貸倒引当金の過少計上 ７ 平成28年３月15日 第48期第２四半期（平成27年11月１日～平成28年１月31日）に係る四半期報告書 平成27年11月１日～平成28年１月31日の第２四半期連結会計期間 四半期連結貸借対照表 連結純資産額が1,103百万円であるところを1,775百万円と記載 ・貸倒引当金の過少計上 ８ 平成28年６月14日 第48期第３四半期（平成28年２月１日～平成28年４月30日）に係る四半期報告書 平成28年２月１日～平成28年４月30日の第３四半期連結会計期間 四半期連結貸借対照表 連結純資産額が1,563百万円であるところを2,196百万円と記載 ・貸倒引当金の過少計上 ９ 平成28年10月28日 第48期（平成27年８月１日～平成28年７月31日）に係る有価証券報告書 平成27年８月１日～平成28年７月31日の連結会計期間 連結 貸借対照表 連結純資産額が1,704百万円であるところを2,292百万円と記載 ・貸倒引当金の過少計上 10 平成28年12月15日 第49期第１四半期（平成28年８月１日～平成28年10月31日）に係る四半期報告書 平成28年８月１日～平成28年10月31日の第１四半期連結会計期間 四半期連結貸借対照表 連結純資産額が1,750百万円であるところを2,330百万円と記載 ・貸倒引当金の過少計上 11 平成29年３月16日 第49期第２四半期（平成28年11月１日～平成29年１月31日）に係る四半期報告書 平成28年11月１日～平成29年１月31日の第２四半期連結会計期間 四半期連結貸借対照表 連結純資産額が1,903百万円であるところを2,482百万円と記載 ・貸倒引当金の過少計上 12 平成29年６月14日 第49期第３四半期（平成29年２月１日～平成29年４月30日）に係る四半期報告書 平成29年２月１日～平成29年４月30日の第３四半期連結会計期間 四半期連結貸借対照表 連結純資産額が2,029百万円であるところを2,609百万円と記載 ・貸倒引当金の過少計上 13 平成29年10月30日 第49期（平成28年８月１日～平成29年７月31日）に係る有価証券報告書 平成28年８月１日～平成29年７月31日の連結会計期間 連結 貸借対照表 連結純資産額が2,464百万円であるところを3,043百万円と記載 ・貸倒引当金の過少計上 （注）金額は百万円未満切捨てである。 【別紙２】課徴金の計算方法 （１）　金融商品取引法第172条の４第１項の規定により、平成26年７月期有価証券報告書について算出した額は、当社が発行する算定基準有価証券の市場価額の総額に10万分の６を乗じて得た額191,774円が6,000,000円を超えないことから、6,000,000円となる。 （２）　金融商品取引法第172条の４第１項及び第２項の規定により、平成26年10月第１四半期四半期報告書、平成27年１月第２四半期四半期報告書、平成27年４月第３四半期四半期報告書及び平成27年７月期有価証券報告書ごとに算出した額（以下(２)において「個別決定ごとの算出額」という。）は、 ア　当社が発行する算定基準有価証券の市場価額の総額に10万分の６を乗じて得た下記の額 平成26年10月第１四半期四半期報告書　　　167,741円 平成27年１月第２四半期四半期報告書　　　 175,826円 平成27年４月第３四半期四半期報告書　　　 197,276円 平成27年７月期有価証券報告書　　　　　　 184,097円 が、いずれも イ　6,000,000円 を超えないことから、 ・平成26年10月第１四半期四半期報告書については、6,000,000円の２分の１に相当する額である3,000,000円、 ・平成27年１月第２四半期四半期報告書については、6,000,000円の２分の１に相当する額である3,000,000円、 ・平成27年４月第３四半期四半期報告書については、6,000,000円の２分の１に相当する額である3,000,000円、 ・平成27年７月期有価証券報告書については、6,000,000円、 となる。 ここで、これらの開示書類が同一の事業年度に係るものであることから、金融商品取引法第185条の７第６項の規定により、6,000,000円を個別決定ごとの算出額に応じて按分した金額が、これらの開示書類に係る課徴金の額となる。 ・平成26年10月第１四半期四半期報告書に係る課徴金の額は、1,200,000円 ・平成27年１月第２四半期四半期報告書に係る課徴金の額は、1,200,000円 ・平成27年４月第３四半期四半期報告書に係る課徴金の額は、1,200,000円 ・平成27年７月期有価証券報告書に係る課徴金の額は、2,400,000円 （３）　金融商品取引法第172条の４第１項及び第２項の規定により、平成27年10月第１四半期四半期報告書、平成28年１月第２四半期四半期報告書、平成28年４月第３四半期四半期報告書及び平成28年７月期有価証券報告書ごとに算出した額（以下(３)において「個別決定ごとの算出額」という。）は、 ア　当社が発行する算定基準有価証券の市場価額の総額に10万分の６を乗じて得た下記の額 平成27年10月第１四半期四半期報告書　　　164,751円 平成28年１月第２四半期四半期報告書　　　 158,148円 平成28年４月第３四半期四半期報告書　　　 154,529円 平成28年７月期有価証券報告書　　　　　　 159,602円 が、いずれも イ　6,000,000円 を超えないことから、 ・平成27年10月第１四半期四半期報告書については、6,000,000円の２分の１に相当する額である3,000,000円、 ・平成28年１月第２四半期四半期報告書については、6,000,000円の２分の１に相当する額である3,000,000円、 ・平成28年４月第３四半期四半期報告書については、6,000,000円の２分の１に相当する額である3,000,000円、 ・平成28年７月期有価証券報告書については、6,000,000円、 となる。 ここで、これらの開示書類が同一の事業年度に係るものであることから、金融商品取引法第185条の７第６項の規定により、6,000,000円を個別決定ごとの算出額に応じて按分した金額が、これらの開示書類に係る課徴金の額となる。 ・平成27年10月第１四半期四半期報告書に係る課徴金の額は、1,200,000円 ・平成28年１月第２四半期四半期報告書に係る課徴金の額は、1,200,000円 ・平成28年４月第３四半期四半期報告書に係る課徴金の額は、1,200,000円 ・平成28年７月期有価証券報告書に係る課徴金の額は、2,400,000円 （４）　金融商品取引法第172条の４第１項及び第２項の規定により、平成28年10月第１四半期四半期報告書、平成29年１月第２四半期四半期報告書、平成29年４月第３四半期四半期報告書及び平成29年７月期有価証券報告書ごとに算出した額（以下(４)において「個別決定ごとの算出額」という。）は、 ア　当社が発行する算定基準有価証券の市場価額の総額に10万分の６を乗じて得た下記の額 平成28年10月第１四半期四半期報告書　　　161,903円 平成29年１月第２四半期四半期報告書　　　 182,123円 平成29年４月第３四半期四半期報告書　　　 224,602円 平成29年７月期有価証券報告書　　　　　　 206,034円 が、いずれも イ　6,000,000円 を超えないことから、 ・平成28年10月第１四半期四半期報告書については、6,000,000円の２分の１に相当する額である3,000,000円、 ・平成29年１月第２四半期四半期報告書については、6,000,000円の２分の１に相当する額である3,000,000円、 ・平成29年４月第３四半期四半期報告書については、6,000,000円の２分の１に相当する額である3,000,000円、 ・平成29年７月期有価証券報告書については、6,000,000円、 となる。 ここで、これらの開示書類が同一の事業年度に係るものであることから、金融商品取引法第185条の７第６項の規定により、6,000,000円を個別決定ごとの算出額に応じて按分した金額が、これらの開示書類に係る課徴金の額となる。 ・平成28年10月第１四半期四半期報告書に係る課徴金の額は、1,200,000円 ・平成29年１月第２四半期四半期報告書に係る課徴金の額は、1,200,000円 ・平成29年４月第３四半期四半期報告書に係る課徴金の額は、1,200,000円 ・平成29年７月期有価証券報告書に係る課徴金の額は、2,400,000円",0
2018-07-31,2018/06/25-2018/07/31,日本調剤株式会社,3341,日本調剤株式会社役員による重要事実に係る取引推奨行為に対する課徴金納付命令の勧告について,https://www.fsa.go.jp/sesc/news/c_2019/2019/20190913-1.html,"English version 令和元年9月13日 証券取引等監視委員会 日本調剤株式会社役員による重要事実に係る取引推奨行為に対する課徴金納付命令の勧告について １．勧告の内容 証券取引等監視委員会は、日本調剤株式会社役員による重要事実に係る取引推奨行為について検査した結果、下記のとおり法令違反の事実が認められたので、本日、内閣総理大臣及び金融庁長官に対して、金融庁設置法第２０条第１項の規定に基づき、課徴金納付命令を発出するよう勧告を行った。 ２．法令違反の事実関係 課徴金納付命令対象者は、日本調剤株式会社（以下「日本調剤」という。）の役員であったが、その職務に関し、同社の業務執行を決定する機関が、自己の株式の取得を行うことについての決定をした旨の重要事実を知りながら、被推奨者に対し、上記事実の公表がされる前に日本調剤株式の買付けをさせることにより利益を得させる目的をもって、日本調剤株式の買付けをすることを勧めたものである。 被推奨者は、上記事実の公表がされた平成３０年７月３１日より前の同年６月２５日から同年７月３１日までの間、日本調剤株式合計８５００株を買付価額合計２４４４万３０５０円で買い付けたものである。 違反行為事実の概要については、 別図 のとおり。 課徴金納付命令対象者が行った上記の行為は、金融商品取引法第１７５条の２第１項に規定する「第１６７条の２第１項の規定に違反して、同項の伝達をし、又は同項の売買等をすることを勧める」行為に該当すると認められる。 ３．課徴金の額の計算 上記の違反行為に対し、金融商品取引法に基づき納付を命じられる課徴金の額は、２１８万円である。 計算方法の詳細については、 別紙 のとおり。 （別図） ○違反行為事実の概要について （クリックすると拡大されます） （別紙） 〇課徴金の額の計算について （１）金融商品取引法第１７５条の２第１項第３号の規定により、当該違反行為により当該情報受領者等が行った当該買付けによって得た利得相当額に２分の１を乗じて得た額。 利得相当額とは、同条第３項第２号の規定により、情報受領者等が特定有価証券等の買付けをした場合、当該特定有価証券等の買付けについて、業務等に関する重要事実の公表がされた後２週間における最も高い価格（3,390円）に当該特定有価証券等の買付けの数量を乗じて得た額から当該特定有価証券等の買付けをした価格にその数量を乗じて得た額を控除した額。 ｛（3,390円×8,500株）－（2,760.9円×100株＋2,764.0円×100株＋2,766.0円×100株＋2,777.0円×200株＋2,783.5円×100株＋2,784.0円×100株＋2,790.0円×200株＋2,792.0円×100株＋2,796.0円×300株＋2,804.0円×200株＋2,805.6円×200株＋2,806.0円×300株＋2,811.0円×100株＋2,815.9円×100株＋2,818.0円×300株＋2,831.0円×200株＋2,847.9円×200株＋2,848.0円×200株＋2,851.9円×100株＋2,852.0円×300株＋2,853.0円×100株＋2,853.8円×100株＋2,855.0円×600株＋2,857.8円×100株＋2,859.9円×100株＋2,860.0円×100株＋2,860.9円×100株＋2,861.9円×300株＋2,873.0円×100株＋2,873.1円×100株＋2,880.0円×600株＋2,884.9円×100株＋2,893.0円×100株＋2,916.9円×100株＋2,934.9円×100株＋2,937.9円×100株＋2,938.0円×100株＋2,943.8円×100株＋2,948.8円×100株＋2,952.0円×100株＋2,952.5円×100株＋2,953.9円×100株＋2,954.0円×100株＋2,961.7円×100株＋2,964.9円×100株＋2,971.0円×100株＋2,971.9円×100株＋2,983.0円×100株＋2,994.0円×100株＋3,005.0円×200株＋3,009.9円×100株＋3,014.4円×100株＋3,014.9円×100株＋3,019.8円×100株＋3,020.0円×200株＋3,025.0円×100株）｝×1／2 ＝2,185,975円 (2) 金融商品取引法第１７６条第２項の規定により、上記(1)で計算した額の１万円未満の端数を切捨て。",0
2017-10-02,2017/09/12-2017/10/25,新都ホールディングス株式会社,2776,桂川電機株式外３銘柄に係る相場操縦に対する課徴金納付命令の勧告について,https://www.fsa.go.jp/sesc/news/c_2019/2019/20190920-1.html,"English version 令和元年9月20日 証券取引等監視委員会 桂川電機株式外３銘柄に係る相場操縦に対する課徴金納付命令の勧告について １．勧告の内容 証券取引等監視委員会は、桂川電機株式外３銘柄に係る相場操縦について検査した結果、下記のとおり法令違反の事実が認められたので、本日、内閣総理大臣及び金融庁長官に対して、金融庁設置法第２０条第１項の規定に基づき、課徴金納付命令を発出するよう勧告を行った。 ２．法令違反の事実関係 課徴金納付命令対象者は、 (1) 新都ホールディングス株式会社（以下「新都ホールディングス」という。）の株式につき、同株式の売買を誘引する目的をもって、別表記載のとおり、平成２９年１０月２日午前９時５分頃から同日午前９時１９分頃までの間、下値買い注文を大量に発注したうえで、高指値の買い注文を発注して株価を引き上げるなどの方法により、同株式合計３０万８７００株の買付けの委託を行うとともに、同株式合計１０万１３００株を買い付ける一方、同株式合計１２万１３００株を売り付け、 (2) ダントーホールディングス株式会社（以下「ダントーホールディングス」という。）の株式につき、同株式の売買を誘引する目的をもって、別表記載のとおり、平成２９年１０月１７日午前９時０分頃から同日午後１時４２分頃までの間、前記同様の方法により、同株式合計１０万株の買付けの委託を行うとともに、同株式合計７万株を買い付ける一方、同株式合計７万８０００株を売り付け、 (3) 桂川電機株式会社（以下「桂川電機」という。）の株式につき、同株式の売買を誘引する目的をもって、別表記載のとおり、平成２９年１０月２５日午前９時０分頃から同日午後２時５４分頃までの間、前記同様の方法により、同株式合計４万４０００株の買付けの委託を行うとともに、同株式合計４万株を買い付ける一方、同株式合計４万５０００株を売り付け、 (4) 児玉化学工業株式会社（以下「児玉化学工業」という。）の株式につき、同株式の売買を誘引する目的をもって、別表記載のとおり、平成２９年９月１２日午前１０時１３分頃から同日午後１時７分頃までの間、下値買い注文を大量に発注するなどの方法により、同株式合計１３万８０００株の買付けの委託を行うとともに、同株式合計４万２０００株を買い付ける一方、同株式合計６万２０００株を売り付けたほか、上値売り注文を大量に発注するなどの方法により、同株式合計１２万株の売付けの委託を行うとともに、同株式合計３万株を売り付ける一方、同株式合計３万株を買い付け、 もって、自己の計算において、新都ホールディングス、ダントーホールディングス、桂川電機及び児玉化学工業の各株式の売買が繁盛であると誤解させ、かつ、前記各株式の相場を変動させるべき一連の売買及び委託をしたものである。 違反行為事実の概要については、 別図 のとおり。 課徴金納付命令対象者が行った上記の各行為は、金融商品取引法第１７４条の２第１項に規定する「第１５９条第２項第１号の規定に違反する一連の有価証券売買等」に該当すると認められる。 ３．課徴金の額の計算 上記の違反行為に対し金融商品取引法に基づき納付を命じられる課徴金の額は、１１９万円である。 計算方法の詳細については、 別紙１ 及び 別紙２ のとおり。 ４．その他 本件については、日本取引所自主規制法人より提供された情報も参考として、実態解明を行ったものである。 （別表） ○違反行為状況 （クリックすると拡大されます） （別図） ○違反行為事実の概要について （クリックすると拡大されます） （別紙１） ○課徴金の額の計算方法について 別表 の各違反行為に係る課徴金の額の計算の基礎は以下のとおりである。 １．金融商品取引法第１７４条の２第１項の規定により、当該違反行為に係る課徴金の額は、 (1) 当該違反行為に係る有価証券の売買対当数量に係るものについて、自己の計算による当該有価証券の売付け等の価額から、自己の計算による当該有価証券の買付け等の価額を控除した額 及び (2) 当該違反行為に係る自己の計算による有価証券の売付け等又は買付け等の数量が、当該違反行為に係る自己の計算による有価証券の買付け等又は売付け等の数量を超える場合、当該超える数量に係る有価証券の売付け等の価額から当該違反行為が終了してから１月を経過するまでの間の各日における当該違反行為に係る有価証券の買付け等についての金融商品取引法第６７条の１９又は第１３０条に規定する最低の価格のうち最も低い価格に当該超える数量を乗じて得た額を控除した額、又は当該違反行為が終了してから１月を経過するまでの間の各日における当該違反行為に係る有価証券の売付け等についての金融商品取引法第６７条の１９又は第１３０条に規定する最高の価格のうち最も高い価格に当該超える数量を乗じて得た額から当該超える数量に係る有価証券の買付け等の価額を控除した額 の合計額として算定。 ２．上記１．で算定された課徴金の額につき、金融商品取引法第１７６条第２項の規定により１万円未満の端数を切り捨てて算定。 ３．上記２．によりそれぞれ算定した額を合計し、課徴金の額とする。 以上につき、 別紙２ のとおり。 （別紙２） 別表 に掲げる事実につき １．新都ホールディングス株式に係る取引について (1) 当該違反行為に係る自己の計算による有価証券の売付け等の数量は、121,300株であり、当該違反行為に係る自己の計算による有価証券の買付け等の数量は、実際の買付け等の数量101,300株に、金融商品取引法第１７４条の２第８項及び金融商品取引法施行令第３３条の１３第１号の規定により、違反行為の開始時にその時における価格（148円）で買付け等を自己の計算においてしたものとみなされる当該違反行為の開始時に所有している有価証券の数量20,000株を加えた121,300株であることから、 ア．当該違反行為に係る有価証券の売買対当数量（121,300株）に係るものについて、自己の計算による当該有価証券の売付け等の価額から、自己の計算による当該有価証券の買付け等の価額を控除した額 （157円×20,000株＋158円×54,200株＋159円×39,700株＋160円×7,400株） －（148円×20,000株＋153円×13,900株＋154円×26,100株＋156円×40,000株＋157円×20,400株＋158円×900株） ＝ 508,800円 及び イ．当該超える数量が0株であることから、0円 の合計額508,800円となる。 (2) 金融商品取引法第１７６条第２項の規定により、上記(1)で計算した額の１万円未満の端数を切捨て、500,000円となる。 ２．ダントーホールディングス株式に係る取引について (1) 当該違反行為に係る自己の計算による有価証券の売付け等の数量は、78,000株であり、当該違反行為に係る自己の計算による有価証券の買付け等の数量は、実際の買付け等の数量70,000株に、金融商品取引法第１７４条の２第８項及び金融商品取引法施行令第３３条の１３第１号の規定により、違反行為の開始時にその時における価格（185円）で買付け等を自己の計算においてしたものとみなされる当該違反行為の開始時に所有している有価証券の数量10,000株を加えた80,000株であることから、 ア．当該違反行為に係る有価証券の売買対当数量（78,000株）に係るものについて、自己の計算による当該有価証券の売付け等の価額から、自己の計算による当該有価証券の買付け等の価額を控除した額 （184円×3,000株＋186円×41,000株＋187円×14,000株＋188円×9,000株 ＋189円×11,000株） －（183円×1,000株＋184円×32,000株＋185円×15,000株＋186円×7,000株 ＋187円×23,000株） ＝ 118,000円 及び イ．当該違反行為に係る自己の計算による有価証券の買付け等の数量（80,000株）が、当該違反行為に係る自己の計算による有価証券の売付け等の数量（78,000株）を超えていることから、当該違反行為が終了してから１月を経過するまでの間の各日における当該違反行為に係る有価証券の売付け等についての金融商品取引法第６７条の１９又は第１３０条に規定する最高の価格のうち最も高い価格（171円）に当該超える数量2,000株（買付け等の数量80,000株－売付け等の数量78,000株）を乗じて得た額から、当該超える数量に係る有価証券の買付け等の価額を控除した額 （171円×2,000株） －（166円×2,000株） ＝ 10,000円 の合計額128,000円となる。 (2) 金融商品取引法第１７６条第２項の規定により、上記(1)で計算した額の１万円未満の端数を切捨て、120,000円となる。 ３．桂川電機株式に係る取引について 当該違反行為に係る自己の計算による有価証券の売付け等の数量は、45,000株であり、当該違反行為に係る自己の計算による有価証券の買付け等の数量は、実際の買付け等の数量40,000株に、金融商品取引法第１７４条の２第８項及び金融商品取引法施行令第３３条の１３第１号の規定により、違反行為の開始時にその時における価格（190円）で買付け等を自己の計算においてしたものとみなされる当該違反行為の開始時に所有している有価証券の数量5,000株を加えた45,000株であることから、 ア．当該違反行為に係る有価証券の売買対当数量（45,000株）に係るものについて、自己の計算による当該有価証券の売付け等の価額から、自己の計算による当該有価証券の買付け等の価額を控除した額 （191円×1,000株＋192円×5,000株＋193円×4,000株＋197円×7,000株 ＋198円×1,000株＋199円×7,000株＋202円×8,000株＋203円×1,000株 ＋204円×9,000株＋205円×2,000株） －（190円×10,000株＋191円×5,000株＋193円×3,000株＋194円×7,000株 ＋195円×9,000株＋196円×1,000株＋197円×5,000株＋198円×5,000株） ＝ 240,000円 及び イ．当該超える数量が0株であることから、0円 の合計額240,000円となる。 ４．児玉化学工業株式に係る取引について (1) 当該違反行為に係る自己の計算による有価証券の売付け等の数量は、92,000株であり、当該違反行為に係る自己の計算による有価証券の買付け等の数量は、実際の買付け等の数量72,000株に、金融商品取引法第１７４条の２第８項及び金融商品取引法施行令第３３条の１３第１号の規定により、違反行為の開始時にその時における価格（100円）で買付け等を自己の計算においてしたものとみなされる当該違反行為の開始時に所有している有価証券の数量20,000株を加えた92,000株であることから、 ア．当該違反行為に係る有価証券の売買対当数量（92,000株）に係るものについて、自己の計算による当該有価証券の売付け等の価額から、自己の計算による当該有価証券の買付け等の価額を控除した額 （101円×30,000株＋103円×22,000株＋105円×40,000株） －（96円×15,000株＋98円×15,000株＋100円×42,000株＋102円×13,000株 ＋103円×7,000株） ＝ 339,000円 及び イ．当該超える数量が0株であることから、0円 の合計額339,000円となる。 (2) 金融商品取引法第１７６条第２項の規定により、上記(1)で計算した額の１万円未満の端数を切捨て、330,000円となる。 ５．上記、１．ないし４．により算定した額の合計 500,000円＋120,000円＋240,000円＋330,000円 ＝1,190,000円となる。",0
令和元年7月31日,2019/07/31,株式会社,1301,株式会社D.U.corporation及びその役員１名による金融商品取引法違反行為に係る裁判所の禁止及び停止命令の発令について,https://www.fsa.go.jp/sesc/news/c_2019/2019/20190731-01.html,English version 令和元年7月31日 証券取引等監視委員会 株式会社D.U.corporation及びその役員１名による金融商品取引法違反行為に係る裁判所の禁止及び停止命令の発令について 証券取引等監視委員会が、令和元年６月26日に行った株式会社D.U.corporation（名古屋市千種区、法人番号2260001023897、資本金５万円、金融商品取引業の登録等はない。以下「当社」という。）及び当社の代表取締役に対する金融商品取引法違反行為（無登録で、投資一任契約の締結の媒介を業として行うこと）の禁止及び停止を命ずるよう求める申立てについて、本日、名古屋地方裁判所より、申立ての内容どおり、下記の命令が下された。 記 被申立人らは、いずれも、金融商品取引法29条所定の登録（ただし、業務の種別を投資助言・代理業とするもの）その他同法所定の適式の登録を受けずに、当事者の一方が、相手方から、金融商品の価値等の分析に基づく投資判断の全部又は一部を一任されるとともに、当該投資判断に基づき当該相手方のため投資を行うのに必要な権限を委任されることを内容とする契約の締結の媒介を業として行ってはならない。 （参考） 株式会社D.U.corporation及びその役員１名による金融商品取引法違反行為に係る裁判所への禁止及び停止命令発出の申立てについて,0
2016-03-30,2016/03/30-2018/12/29,テラ株式会社,1433,テラ株式会社における有価証券報告書等の重要な事項の不記載に係る課徴金納付命令勧告について,https://www.fsa.go.jp/sesc/news/c_2019/2019/20190719-1.html,"English version 令和元年７月19日 証券取引等監視委員会 テラ株式会社における有価証券報告書等の重要な事項の不記載に係る課徴金納付命令勧告について １．勧告の内容 証券取引等監視委員会は、テラ株式会社（法人番号4010001132341）（以下「当社」という。）における有価証券報告書等の虚偽記載等について検査した結果、以下のとおり法令違反の事実が認められたので、本日、内閣総理大臣及び金融庁長官に対して、金融庁設置法第20条第１項の規定に基づき、課徴金納付命令を発出するよう勧告を行った。 ２．法令違反の事実関係 （１）継続開示書類 当社は、当時、当社の代表取締役であった者が、医療法人の財務上及び業務上の意思決定に対して重要な影響力を有していたにもかかわらず、当社と当該医療法人との取引を、「関連当事者との取引」（連結財務諸表の用語、様式及び作成方法に関する規則第15条の４の２第１項）として、連結財務諸表への注記を行わなかった。 当社は、これにより、記載すべき重要な事項の記載が欠けている有価証券報告書等を提出した。 この結果、当社は、関東財務局長に対し、金融商品取引法第172条の４第１項に規定する「記載すべき重要な事項の記載が欠けている」以下の有価証券報告書を提出したものである（「記載すべき重要な事項」の内容は別紙１のとおり。）。 ・平成27年12月期有価証券報告書（平成28年３月30日提出） ・平成28年12月期有価証券報告書（平成29年３月30日提出） ・平成29年12月期有価証券報告書（平成30年３月29日提出） （２）発行開示書類 当社は、 ア　関東財務局長に対し、平成28年12月13日、上記（１）の記載すべき重要な事項の記載が欠けている平成27年12月期有価証券報告書を組込情報とする有価証券届出書（新株予約権証券の募集）を提出し、当該有価証券届出書に基づく募集により、平成28年12月29日、30,000個の新株予約権証券を1,793,490,000円（新株予約権の行使に際して払い込むべき金額を含む。）で取得させ、 イ　関東財務局長に対し、平成29年６月30日、上記（１）の記載すべき重要な事項の記載が欠けている平成28年12月期有価証券報告書を組込情報とする有価証券届出書（株券の募集）を提出し、当該有価証券届出書に基づく募集により、平成29年７月18日、2,000,000株の株券を982,000,000円で取得させ、 ウ　関東財務局長に対し、平成30年６月13日、上記（１）の記載すべき重要な事項の記載が欠けている平成29年12月期有価証券報告書を組込情報とする有価証券届出書（株券及び新株予約権証券の募集）を提出し、当該有価証券届出書に基づく募集により、平成30年６月29日、409,900株の株券及び30,000個の新株予約権証券を1,799,331,200円で取得させた。 これらにより、当社は、関東財務局長に対し、金融商品取引法第172条の２第１項第１号に規定する「記載すべき重要な事項の記載が欠けている」発行開示書類を提出し、当該発行開示書類に基づく募集により株券等を取得させたものである。 ３．課徴金の額の計算 上記の違法行為について金融商品取引法に基づき算定される課徴金の額は、2億2,385万円である（計算方法については別紙２のとおり。）。 【別紙１】テラ株式会社に係る有価証券報告書に記載すべき重要な事項の内容 番号 有価証券報告書 記載すべき重要な事項 提出日 書類 内容 １ 平成28年 ３月30日 第12期（平成27年１月１日～平成27年12月31日）に係る有価証券報告書 ・第５【経理の状況】１【連結財務諸表等】(1)【連結財務諸表】【注記事項】【関連当事者情報】において、当社と関連当事者に該当する医療法人との重要な取引を「関連当事者との取引」として記載しなかった。 ２ 平成29年 ３月30日 第13期（平成28年１月１日～平成28年12月31日）に係る有価証券報告書 ・第５【経理の状況】１【連結財務諸表等】(1)【連結財務諸表】【注記事項】【関連当事者情報】において、当社と関連当事者に該当する医療法人との重要な取引を「関連当事者との取引」として記載しなかった。 ３ 平成30年 ３月29日 第14期（平成29年１月１日～平成29年12月31日）に係る有価証券報告書 ・第５【経理の状況】１【連結財務諸表等】(1)【連結財務諸表】【注記事項】【関連当事者情報】において、当社と関連当事者に該当する医療法人との重要な取引を「関連当事者との取引」として記載しなかった。 【別紙２】課徴金の計算方法 （１）　金融商品取引法第172条の４第１項の規定により、平成27年12月期有価証券報告書について算出した額は、当該法人が発行する算定基準有価証券の市場価額の総額に10万分の６を乗じて得た額1,042,944円が6,000,000円を超えないことから、6,000,000円となる。 （２）　金融商品取引法第172条の４第１項の規定により、平成28年12月期有価証券報告書について算出した額は、当該法人が発行する算定基準有価証券の市場価額の総額に10万分の６を乗じて得た額605,558円が6,000,000円を超えないことから、6,000,000円となる。 （３）　金融商品取引法第172条の４第１項の規定により、平成29年12月期有価証券報告書について算出した額は、当該法人が発行する算定基準有価証券の市場価額の総額に10万分の６を乗じて得た額490,024円が6,000,000円を超えないことから、6,000,000円となる。 （４）　金融商品取引法第172条の２第１項第１号の規定により、当社の平成28年12月13日提出の有価証券届出書（新株予約権証券の募集）に係る課徴金の額は、 重要な事項につき虚偽の記載がある発行開示書類に基づく募集により取得させた新株予約権証券の発行価額の総額（当該新株予約権の行使に際して払い込むべき金額を含む）1,793,490,000円の100分の4.5に相当する額である80,707,050円 に、金融商品取引法第176条第２項の規定により１万円未満の端数を切り捨てて、 80,700,000円 となる。 （５）　金融商品取引法第172条の２第１項第１号の規定により、当社の平成29年６月30日提出の有価証券届出書（株券の募集）に係る課徴金の額は、 重要な事項につき虚偽の記載がある発行開示書類に基づく募集により取得させた株券の発行価額の総額982,000,000円の100分の4.5に相当する額である44,190,000円 となる。 （６）　金融商品取引法第172条の２第１項第１号の規定により、当社の平成30年６月13日提出の有価証券届出書（株券及び新株予約権証券の募集）に係る課徴金の額は、 重要な事項につき虚偽の記載がある発行開示書類に基づく募集により取得させた株券及び新株予約権証券の発行価額の総額（当該新株予約権の行使に際して払い込むべき金額を含む）1,799,331,200円の100分の4.5に相当する額である80,969,904円 に、金融商品取引法第176条第２項の規定により１万円未満の端数を切り捨てて、 80,960,000円 となる。",0
令和元年6月26日,2017/10/11-2019/03/31,株式会社,1301,株式会社D.U.corporation及びその役員１名による金融商品取引法違反行為に係る裁判所への禁止及び停止命令発出の申立てについて,https://www.fsa.go.jp/sesc/news/c_2019/2019/20190626-1.html,English version 令和元年6月26日 証券取引等監視委員会 株式会社D.U.corporation及びその役員１名による金融商品取引法違反行為に係る裁判所への禁止及び停止命令発出の申立てについて １．申立ての内容等 証券取引等監視委員会が、株式会社D.U.corporation（名古屋市千種区、法人番号2260001023897、資本金５万円、金融商品取引業の登録等はない。以下「当社」という。）に対して金融商品取引法（以下「金商法」という。）第187条第１項に基づく調査を行った結果、下記２．の事実が認められたことから、本日、証券取引等監視委員会は、金商法第192条第１項に基づき、名古屋地方裁判所に対し、当社及び当社の代表取締役（以下、当社と併せて「当社ら」という。）を被申立人として、金商法違反行為（無登録で、投資一任契約の締結の媒介を業として行うこと）の禁止及び停止を命ずるよう申立てを行った。 ２．事実関係 当社らは、シンガポール共和国籍の法人であるRoyal Tree Capital Singapore Pte. Ltd.（以下「ロイヤル社」という。）と業務委託契約を締結し、遅くとも平成29年10月以降、一般投資家に対し、同社の提供する為替自動売買システム（注）を含む商品（「Security」との名称であり、「S」と通称されている。）の取得勧誘を行っている。 （注）専用のアプリケーションを通じて、サーバ上に設置されたプログラムにアクセスして利用するもの。顧客が運用口座に入金のうえ稼動申請を行うと、顧客自身が取引の時期・内容について指示・選択する余地はなく、プログラムが決定したとおりに取引が行われる。 当該為替自動売買システムについて、顧客が運用口座に入金した資金は、ロイヤル社の関連会社であり、サモア独立国籍の法人であるBright Friends Limited.（以下「ブライト社」という。）がFX取引等により運用を行うとしており、その利用にあたっては、入金した資金について、最終的な投資判断及び投資を行うに必要な権限をブライト社に委任すること等を内容とする規約に同意することとされている。 これは、金商法２条８項12号ロに規定する投資一任契約に該当する。 そして、一般投資家を相手方として反復継続して、為替自動売買システムを含む商品（「S」）を販売し、同システムの使用に必要な上記規約に同意させることで、同システムを利用した投資一任契約の成立に尽力している当社らの行為は、同項13号に規定する投資一任契約の締結の媒介を業として行っていたものに該当する。 当社らの上記行為は、金商法第28条第３項第２号に規定する「投資助言・代理業」に該当し、無登録でこれを行うことは、同法第29条に違反するものである。 当社らは、平成29年10月から平成31年３月までの間に、少なくとも613名の一般投資家に対し同商品を取得させ、その対価として約５億3000万円を支払わせている。 当社らは上記違法行為を今後も行う蓋然性が高いことから、これを可及的速やかに禁止・停止させる必要がある。 (クリックすると拡大されます。) 参考条文 金融商品取引法(抄) ○投資助言・代理業 （定義） 第二条 （略） ２～７（略） ８　この法律において「金融商品取引業」とは、次に掲げる行為（略）のいずれかを業として行うことをいう。 一～十一（略） 十二（略） イ（略） ロ　イに掲げるもののほか、当事者の一方が、相手方から、金融商品の価値等の分析に基づく投資判断の全部又は一部を一任されるとともに、当該投資判断に基づき当該相手方のため投資を行うのに必要な権限を委任されることを内容とする契約（以下「投資一任契約」という。） 十三　投資顧問契約又は投資一任契約の締結の代理又は媒介 十四～十八（略） ９～39　（略） 第二十八条 （略） ２（略） ３　この章において「投資助言・代理業」とは、金融商品取引業のうち、次に掲げる行為のいずれかを業として行うことをいう。 一（略） 二　第二条第八項第十三号に掲げる行為 ４～８　（略） （登録） 第二十九条 金融商品取引業は、内閣総理大臣の登録を受けた者でなければ、行うことができない。 ○緊急差止命令に係る申立て （審問等に関する調査のための処分） 第百八十七条 内閣総理大臣又は内閣総理大臣及び財務大臣は、この法律の規定による審問、この法律の規定による処分に係る聴聞又は第百九十二条の規定による申立てについて、必要な調査をするため、当該職員に、次に掲げる処分をさせることができる。 一　関係人若しくは参考人に出頭を命じて意見を聴取し、又はこれらの者から意見書若しくは報告書を提出させること。 二　鑑定人に出頭を命じて鑑定させること。 三　関係人に対し帳簿書類その他の物件の提出を命じ、又は提出物件を留めて置くこと。 四　関係人の業務若しくは財産の状況又は帳簿書類その他の物件を検査すること。 ２（略） （裁判所の禁止又は停止命令） 第百九十二条 裁判所は、次の各号のいずれかに該当すると認めるときは、内閣総理大臣又は内閣総理大臣及び財務大臣の申立てにより、当該各号に定める行為を行い、又は行おうとする者に対し、その行為の禁止又は停止を命ずることができる。 一　緊急の必要があり、かつ、公益及び投資者保護のため必要かつ適当であるとき　この法律又はこの法律に基づく命令に違反する行為 二　第二条第二項第五号若しくは第六号に掲げる権利又は同項第七号に掲げる権利（同項第五号又は第六号に掲げる権利と同様の経済的性質を有するものとして政令で定める権利に限る。）に関し出資され、又は拠出された金銭（これに類するものとして政令で定めるものを含む。）を充てて行われる事業に係る業務執行が著しく適正を欠き、かつ、現に投資者の利益が著しく害されており、又は害されることが明白である場合において、投資者の損害の拡大を防止する緊急の必要があるとき　これらの権利に係る同条第八項第七号から第九号までに掲げる行為 ２～４（略） 第百九十八条 次の各号のいずれかに該当する者は、三年以下の懲役若しくは三百万円以下の罰金に処し、又はこれを併科する。 一～七（略） 八　第百九十二条第一項又は第二項の規定による裁判所の命令に違反した者 第二百七条 法人（略）の代表者又は法人若しくは人の代理人、使用人その他の従業者が、その法人又は人の業務又は財産に関し、次の各号に掲げる規定の違反行為をしたときは、その行為者を罰するほか、その法人に対して当該各号に定める罰金刑を、その人に対して各本条の罰金刑を科する。 一・二（略） 三　第百九十八条（略）又は第百九十八条の三から第百九十八条の五まで　三億円以下の罰金刑 四～六（略） ２・３（略）,0
2014-06-27,2014/06/27,イメージ情報開発株式会社,3803,イメージ情報開発株式会社における有価証券報告書の虚偽記載に係る課徴金納付命令勧告について,https://www.fsa.go.jp/sesc/news/c_2019/2019/20190621-1.html,"English version 令和元年６月21日 証券取引等監視委員会 イメージ情報開発株式会社における有価証券報告書の虚偽記載に係る課徴金納付命令勧告について １．勧告の内容 証券取引等監視委員会は、イメージ情報開発株式会社（法人番号7010001141249）（以下「当社」という。）における有価証券報告書の虚偽記載について検査した結果、以下のとおり法令違反の事実が認められたので、本日、内閣総理大臣及び金融庁長官に対して、金融庁設置法第20条第１項の規定に基づき、課徴金納付命令を発出するよう勧告を行った。 ２．法令違反の事実関係 当社は、他の会社に対して行っていた当社従業員の派遣に係る売上の一部について、前倒し計上を行った。 この結果、当社は、関東財務局長に対し、金融商品取引法第172条の４第１項に規定する「重要な事項につき虚偽の記載」がある以下の有価証券報告書を提出したものである（「重要な事項につき虚偽の記載」の内容は別紙１のとおり。）。 ・平成26年３月期有価証券報告書（平成26年６月27日提出） ３．課徴金の額の計算 上記の違法行為について金融商品取引法に基づき算定される課徴金の額は、600万円である。（計算方法については別紙２のとおり。） 【別紙１】イメージ情報開発株式会社に係る有価証券報告書の虚偽記載内容 番号 開示書類 虚偽記載 提出日 書類 会計期間 財務計算に 関する書類 主な内容（注） 主な事由 １ 平成26年 ６月27日 第39期（平成25年４月１日～平成26年３月31日）に係る有価証券報告書 平成25年４月１日～平成26年３ 月31日の連結会計期間 連結 損益計算書 連結当期純利益が▲8百万円であるところを12百万円と記載 ・売上の前倒し計上 （注）金額は百万円未満切捨てである。 【別紙２】課徴金の計算方法 金融商品取引法第172条の４第１項の規定により、平成26年３月期有価証券報告書について算出した額は、当該法人が発行する算定基準有価証券の市場価額の総額に10万分の６を乗じて得た額64,600円が6,000,000円を超えないことから、6,000,000円となる。",0
2019-03-29,2015/11/13-2016/03/29,株式会社RS Technologies,3445,株式会社RS Technologiesにおける有価証券報告書等の虚偽記載に係る課徴金納付命令勧告について,https://www.fsa.go.jp/sesc/news/c_2019/2019/20190329-1.html,"English version 平成31年3月29日 証券取引等監視委員会 株式会社RS Technologiesにおける有価証券報告書等の虚偽記載に係る課徴金納付命令勧告について １．勧告の内容 証券取引等監視委員会は、株式会社RS Technologies（法人番号3010701024500）（以下「当社」という。）における有価証券報告書等の虚偽記載について検査した結果、以下のとおり法令違反の事実が認められたので、本日、内閣総理大臣及び金融庁長官に対して、金融庁設置法第20条第１項の規定に基づき、課徴金納付命令を発出するよう勧告を行った。 ２．法令違反の事実関係 当社は、多結晶ダイヤモンドパウダーの架空取引により、売上の過大計上や貸倒引当金の不計上といった不適正な会計処理を行った。 この結果、当社は、関東財務局長に対し、金融商品取引法第172条の４第１項及び第２項に規定する「重要な事項につき虚偽の記載」がある以下の有価証券報告書等を提出したものである（「重要な事項につき虚偽の記載」の内容は別紙１のとおり。）。 ・平成27年９月第３四半期四半期報告書（平成27年11月13日提出） ・平成27年12月期有価証券報告書（平成28年３月29日提出） ３．課徴金の額の計算 上記の違法行為について金融商品取引法に基づき算定される課徴金の額は、600万円である。（計算方法については別紙２のとおり。） 【別紙１】株式会社RS Technologiesに係る有価証券報告書等の虚偽記載内容 番号 開示書類 虚偽記載 提出日 書類 会計期間 財務計算に 関する書類 主な内容（注） 主な事由 １ 平成27年 11月13日 第６期第３四半期（平成27年７月１日～平成27年９月30日）に係る四半期報告書 平成27年１月１日～平成27年９月30日の第３四半期連結累計期間 四半期連結損益計算書 連結四半期純利益が110百万円であるところを212百万円と記載 ・売上の過大計上 ・貸倒引当金の不計上 ２ 平成28年 ３月29日 第６期（平成27年１月１日～平成27 年12月31日）に係る有価証券報告書 平成27年１月１日～平成27年12 月31日の連結会計期間 連結 損益計算書 連結当期純利益が152百万円であるところを304百万円と記載 ・売上の過大計上 ・貸倒引当金の不計上 （注）金額は百万円未満切捨てである。 【別紙２】課徴金の計算方法 金融商品取引法第172条の４第１項の規定により、平成27年12月期有価証券報告書について算出した額は、当該法人が発行する算定基準有価証券の市場価額の総額に10万分の６を乗じて得た額779,506円が6,000,000円を超えないことから、6,000,000円となる。 また、金融商品取引法第172条の４第２項の規定により、平成27年９月第３四半期四半期報告書について算出した額は、当該法人が発行する算定基準有価証券の市場価額の総額に10万分の６を乗じて得た額833,487円が6,000,000円を超えないことから、6,000,000円の２分の１に相当する額である3,000,000円となる。 なお、これらの開示書類は同一の事業年度に係るものであることから、金融商品取引法第185条の７第６項の規定により、6,000,000円をそれぞれ個別決定ごとの算出額に応じて按分することとなり、 平成27年12月期有価証券報告書に係る課徴金の額は 6,000,000×6,000,000/（3,000,000＋6,000,000）＝4,000,000円 平成27年９月第３四半期四半期報告書に係る課徴金の額は 6,000,000×3,000,000/（3,000,000＋6,000,000）＝2,000,000円 となる。 したがって、納付すべき課徴金の額は、 4,000,000＋2,000,000＝6,000,000円 となる。",0
2019-01-22,2016/06/28-2017/06/28,神栄株式会社,3004,神栄株式会社における有価証券報告書等の虚偽記載に係る課徴金納付命令勧告について,https://www.fsa.go.jp/sesc/news/c_2019/2019/20190122-1.html,"English version 平成31年1月22日 証券取引等監視委員会 神栄株式会社における有価証券報告書等の虚偽記載に係る課徴金納付命令勧告について １．勧告の内容 証券取引等監視委員会は、神栄株式会社（法人番号4140001008108）（以下「当社」という。）における有価証券報告書等の虚偽記載について検査した結果、以下のとおり法令違反の事実が認められたので、本日、内閣総理大臣及び金融庁長官に対して、金融庁設置法第20条第１項の規定に基づき、課徴金納付命令を発出するよう勧告を行った。 ２．法令違反の事実関係 当社は、連結子会社における服飾雑貨製品等の架空取引により、売上の過大計上を行うとともに、貸倒引当金の不計上を行った。 この結果、当社は、近畿財務局長に対し、金融商品取引法第172条の４第１項及び第２項に規定する「重要な事項につき虚偽の記載がある」以下の有価証券報告書等を提出したものである（「重要な事項につき虚偽の記載」の内容は別紙１のとおり。）。 ・平成28年３月期有価証券報告書（平成28年６月28日提出） ・平成28年６月第１四半期四半期報告書（平成28年８月５日提出） ・平成28年９月第２四半期四半期報告書（平成28年11月７日提出） ・平成28年12月第３四半期四半期報告書（平成29年２月３日提出） ・平成29年３月期有価証券報告書（平成29年６月28日提出） ３．課徴金の額の計算 上記の違法行為について金融商品取引法に基づき算定される課徴金の額は、1,200万円である。（計算方法については別紙２のとおり。） 【別紙１】神栄株式会社に係る有価証券報告書等の虚偽記載内容 番 号 開示書類 虚偽記載 提出日 書類 会計期間 財務計算に 関する書類 内容（注） 事由 １ 平成28年 ６月28日 第148期（平成27年４月１日～平成28年３月31日）に係る有価証券報告書 平成27年４月１日～平成28年３月31日の連結会計期間 連結 損益計算書 親会社株主に帰属する当期純利益が▲418百万円であるところを▲299百万円と記載 ・売上の過大計上 ・貸倒引当金の不計上 ２ 平成28年 ８月５日 第149期第１四半期（平成28年４月１日～平成28年６月30日）に係る四半期報告書 平成28年４月１日～平成28年６月30日の第１四半期連結累計期間 四半期連結損益計算書 親会社株主に帰属する四半期純利益が▲146百万円であるところを▲53百万円と記載 ・売上の過大計上 ・貸倒引当金の不計上 ３ 平成28年 11月７日 第149期第２四半期（平成28年７月１日～平成28年９月30日）に係る四半期報告書 平成28年４月１日～平成28年９月30日の第２四半期連結累計期間 四半期連結損益計算書 親会社株主に帰属する四半期純利益が27百万円であるところを138百万円と記載 ・売上の過大計上 ・貸倒引当金の不計上 ４ 平成29年 ２月３日 第149期第３四半期（平成28年10月１日～平成28年12月31日）に係る四半期報告書 平成28年４月１日～平成28年12月31日の第３四半期連結累計期間 四半期連結損益計算書 親会社株主に帰属する四半期純利益が339百万円であるところを473百万円と記載 ・売上の過大計上 ・貸倒引当金の不計上 ５ 平成29年 ６月28日 第149期（平成28年４月１日～平成29年３月31日）に係る有価証券報告書 平成28年４月１日～平成29年３月31日の連結会計期間 連結 損益計算書 親会社株主に帰属する当期純利益が96百万円であるところを350百万円と記載 ・売上の過大計上 ・貸倒引当金の不計上 （注）金額は百万円未満切捨てである。 【別紙２】課徴金の計算方法 （１）　金融商品取引法第172条の４第１項の規定により、平成28年３月期有価証券報告書について、課徴金の額は、 ア　当社が発行する算定基準有価証券の市場価額の総額に10万分の６を乗じて得た額（373,317円） が、 イ　6,000,000円 を超えないことから、6,000,000円となる。 （２）　金融商品取引法第172条の４第１項及び第２項の規定により、平成28年６月第１四半期四半期報告書、平成28年９月第２四半期四半期報告書、平成28年12月第３四半期四半期報告書及び平成29年３月期有価証券報告書ごとに算出した額（以下「個別決定ごとの算出額」という。）は、 ア　当社が発行する算定基準有価証券の市場価額の総額に10万分の６を乗じて得た下記の額 平成28年６月第１四半期四半期報告書　 　261,214円 平成28年９月第２四半期四半期報告書　　 269,013円 平成28年12月第３四半期四半期報告書　　348,415円 平成29年３月期有価証券報告書　　　 　   328,488円 が、いずれも イ　6,000,000円 を超えないことから、 ・平成28年６月第１四半期四半期報告書については、6,000,000円の２分の１に相当する額である3,000,000円、 ・平成28年９月第２四半期四半期報告書については、6,000,000円の２分の１に相当する額である3,000,000円、 ・平成28年12月第３四半期四半期報告書については、6,000,000円の２分の１に相当する額である3,000,000円、 ・平成29年３月期有価証券報告書については、6,000,000円、 となる。 ここで、これらの開示書類が同一の事業年度に係るものであることから、金融商品取引法第185条の７第６項の規定により、6,000,000円を個別決定ごとの算出額に応じて按分した下記の金額が、これらの開示書類に係る課徴金の額となる。 ・平成28年６月第１四半期四半期報告書に係る課徴金の額は、1,200,000円 ・平成28年９月第２四半期四半期報告書に係る課徴金の額は、1,200,000円 ・平成28年12月第３四半期四半期報告書に係る課徴金の額は、1,200,000円 ・平成29年３月期有価証券報告書に係る課徴金の額は、2,400,000円",0
2019-02-13,2014/03/25-2018/05/15,株式会社ディー・エル・イー,3686,株式会社ディー・エル・イーにおける有価証券報告書等の虚偽記載に係る課徴金納付命令勧告について,https://www.fsa.go.jp/sesc/news/c_2019/2019/20190213-1.html,"English version 平成31年2月13日 証券取引等監視委員会 株式会社ディー・エル・イーにおける有価証券報告書等の虚偽記載に係る課徴金納付命令勧告について １．勧告の内容 証券取引等監視委員会は、株式会社ディー・エル・イー（法人番号6010001084845）（以下「当社」という。）における有価証券報告書等の虚偽記載について検査した結果、以下のとおり法令違反の事実が認められたので、本日、内閣総理大臣及び金融庁長官に対して、金融庁設置法第20条第１項の規定に基づき、課徴金納付命令を発出するよう勧告を行った。 ２．法令違反の事実関係 （１）継続開示書類 当社は、映像（ＴＶアニメ等）の企画・制作事業において、売上の過大計上等や、映像の製作委員会に対する当社からの出資金に係る減損損失の不計上など、不適正な会計処理を行った。 この結果、当社は、関東財務局長に対し、金融商品取引法第172条の４第１項及び第２項に規定する「重要な事項につき虚偽の記載」がある以下の有価証券報告書等を提出したものである（「重要な事項につき虚偽の記載」の内容は別紙１のとおり。）。 ・平成26年３月第３四半期四半期報告書（平成26年５月15日提出） ・平成26年６月期有価証券報告書（平成26年９月26日提出） ・平成26年９月第１四半期四半期報告書（平成26年11月14日提出） ・平成26年12月第２四半期四半期報告書（平成27年２月13日提出） ・平成27年３月第３四半期四半期報告書（平成27年５月15日提出） ・平成27年６月期有価証券報告書（平成27年９月15日提出） ・平成27年９月第１四半期四半期報告書（平成27年11月13日提出） ・平成27年12月第２四半期四半期報告書（平成28年２月５日提出） ・平成28年３月第３四半期四半期報告書（平成28年５月13日提出） ・平成28年６月期有価証券報告書（平成28年９月12日提出） ・平成28年９月第１四半期四半期報告書（平成28年11月14日提出） ・平成28年12月第２四半期四半期報告書（平成29年２月14日提出） ・平成29年３月第３四半期四半期報告書（平成29年５月15日提出） ・平成29年６月期有価証券報告書（平成29年９月25日提出） ・平成29年９月第１四半期四半期報告書（平成29年11月14日提出） ・平成29年12月第２四半期四半期報告書（平成30年２月13日提出） ・平成30年３月第３四半期四半期報告書（平成30年５月15日提出） （２）発行開示書類 当社は、 ア　関東財務局長に対し、平成26年２月20日、重要な事項につき虚偽の記載がある財務諸表を記載した有価証券届出書（株券の募集）を提出し、当該有価証券届出書に基づく募集により、平成26年３月25日、800,000株の株券を714,000,000円で取得させ、 イ　関東財務局長に対し、平成28年11月11日、上記（１）の重要な事項につき虚偽の記載がある平成28年６月期有価証券報告書を参照情報とする有価証券届出書（新株予約権証券の募集）を提出し、当該有価証券届出書に基づく募集により、平成28年11月29日、25,340個の新株予約権証券を1,628,348,400円（新株予約権の行使に際して払い込むべき金額を含む。）で取得させた。 これらにより、当社は、関東財務局長に対し、金融商品取引法第172条の２第１項第１号に規定する「重要な事項につき虚偽の記載」がある発行開示書類を提出し、当該発行開示書類に基づく募集により株券等を取得させたものである。 ３．課徴金の額の計算 上記の違法行為について金融商品取引法に基づき算定される課徴金の額は、 1億3,540万円である（計算方法については別紙２のとおり。）。 【別紙１】株式会社ディー・エル・イーに係る有価証券報告書等の虚偽記載内容 番号 開示書類 虚偽記載 提出日 書類 会計期間 財務計算に 関する書類 内容（注） 主な事由 １ 平成26年５月15日 第13期第３四半期（平成26年１月１日～平成26年３月31日）に係る四半期報告書 平成25年７月１日～平成26年３月31日の第３四半期累計期間 四半期 損益計算書 四半期純利益が203百万円であるところを270百万円と記載 ・売上の過大計上 ２ 平成26年９月26日 第13期（平成25年７月１日～平成26年６月30日）に係る有価証券報告書 平成25年７月１日～平成26年６月30日の会計期間 損益計算書 当期純利益が165百万円であるところを308百万円と記載 ・売上の過大計上 ３ 平成26年11月14日 第14期第１四半期（平成26年７月１日～平成26年９月30日）に係る四半期報告書 平成26年７月１日～平成26年９月30日の第１四半期会計期間 四半期 貸借対照表 純資産額が1,101百万円であるところを1,399百万円と記載 ・売上の過大計上 平成26年７月１日～平成26年９月30日の第１四半期累計期間 四半期 損益計算書 四半期純利益が▲114百万円であるところを▲11百万円と記載 ４ 平成27年２月13日 第14期第２四半期（平成26年10月１日～平成26年12月31日）に係る四半期報告書 平成26年10月１日～平成26年12月31日の第２四半期会計期間 四半期 貸借対照表 純資産額が1,142百万円であるところを1,481百万円と記載 ・売上の過大計上 平成26年７月１日～平成26年12月31日の第２四半期累計期間 四半期 損益計算書 四半期純利益が▲73百万円であるところを69百万円と記載 ５ 平成27年５月15日 第14期第３四半期（平成27年１月１日～平成27年３月31日）に係る四半期報告書 平成27年１月１日～平成27年３月31日の第３四半期会計期間 四半期 貸借対照表 純資産額が1,111百万円であるところを1,580百万円と記載 ・売上の過大計上 平成26年７月１日～平成27年３月31日の第３四半期累計期間 四半期 損益計算書 四半期純利益が▲108百万円であるところを164百万円と記載 ６ 平成27年９月15日 第14期（平成26年７月１日～平成27年６月30日）に係る有価証券報告書 平成26年７月１日～平成27年６月30日の会計期間 貸借対照表 純資産額が962百万円であるところを1,637百万円と記載 ・売上の過大計上 ・出資金に係る減損損失の不計上 損益計算書 当期純利益が▲259百万円であるところを220百万円と記載 ７ 平成27年11月13日 第15期第１四半期（平成27年７月１日～平成27年９月30日）に係る四半期報告書 平成27年７月１日～平成27年９月30日の第１四半期連結会計期間 四半期連結 貸借対照表 連結純資産額が843百万円であるところを1,666百万円と記載 ・売上の過大計上 ・出資金に係る減損損失の不計上 平成27年７月１日～平成27年９月30日の第１四半期連結累計期間 四半期連結 損益計算書 親会社株主に帰属する四半期純利益が▲132百万円であるところを15百万円と記載 ８ 平成28年２月５日 第15期第２四半期（平成27年10月１日～平成27年12月31日）に係る四半期報告書 平成27年10月１日～平成27年12月31日の第２四半期連結会計期間 四半期連結貸借対照表 連結純資産額が587百万円であるところを1,732百万円と記載 ・売上の過大計上 ・出資金に係る減損損失の不計上 平成27年７月１日～平成27年12月31日の第２四半期連結累計期間 四半期連結 損益計算書 親会社株主に帰属する四半期純利益が▲389百万円であるところを80百万円と記載 ９ 平成28年５月13日 第15期第３四半期（平成28年１月１日～平成28年３月31日）に係る四半期報告書 平成28年１月１日～平成28年３月31日の第３四半期連結会計期間 四半期連結貸借対照表 連結純資産額が504百万円であるところを1,769百万円と記載 ・売上の過大計上 ・出資金に係る減損損失の不計上 平成27年７月１日～平成28年３月31日の第３四半期連結累計期間 四半期連結 損益計算書 親会社株主に帰属する四半期純利益が▲473百万円であるところを116百万円と記載 10 平成28年９月12日 第15期（平成27年７月１日～平成28年６月30日）に係る有価証券報告書 平成27年７月１日～平成28年６月30日の連結会計期間 連結 貸借対照表 連結純資産額が372百万円であるところを1,806百万円と記載 ・売上の過大計上 ・出資金に係る減損損失の不計上 連結 損益計算書 親会社株主に帰属する当期純利益が▲615百万円であるところを142百万円と記載 11 平成28年11月14日 第16期第１四半期（平成28年７月１日～平成28年９月30日）に係る四半期報告書 平成28年７月１日～平成28年９月30日の第１四半期連結会計期間 四半期連結貸借対照表 連結純資産額が492百万円であるところを2,001百万円と記載 ・売上の過大計上 ・出資金に係る減損損失の不計上 平成28年７月１日～平成28年９月30日の第１四半期連結累計期間 四半期連結 損益計算書 親会社株主に帰属する四半期純利益が▲100百万円であるところを58百万円と記載 12 平成29年２月14日 第16期第２四半期（平成28年10月１日～平成28年12月31日）に係る四半期報告書 平成28年10月１日～平成28年12月31日の第２四半期連結会計期間 四半期連結貸借対照表 連結純資産額が1,723百万円であるところを3,264百万円と記載 ・売上の過大計上 ・出資金に係る減損損失の不計上 平成28年７月１日～平成28年12月31日の第２四半期連結累計期間 四半期連結 損益計算書 親会社株主に帰属する四半期純利益が▲324百万円であるところを▲132百万円と記載 13 平成29年５月15日 第16期第３四半期（平成29年１月１日～平成29年３月31日）に係る四半期報告書 平成29年１月１日～平成29年３月31日の第３四半期連結会計期間 四半期連結貸借対照表 連結純資産額が1,427百万円であるところを2,169百万円と記載 ・売上の過大計上 ・出資金に係る減損損失の過小計上 14 平成29年９月25日 第16期（平成28年７月１日～平成29年６月30日）に係る有価証券報告書 平成28年７月１日～平成29年６月30日の連結会計期間 連結 貸借対照表 連結純資産額が1,430百万円であるところを1,889百万円と記載 ・売上の過大計上 15 平成29年11月14日 第17期第１四半期（平成29年７月１日～平成29年９月30日）に係る四半期報告書 平成29年７月１日～平成29年９月30日の第１四半期連結会計期間 四半期連結貸借対照表 連結純資産額が1,517百万円であるところを2,011百万円と記載 ・売上の過大計上 ・出資金に係る減損損失の不計上 16 平成30年２月13日 第17期第２四半期（平成29年10月１日～平成29年12月31日）に係る四半期報告書 平成29年10月１日～平成29年12月31日の第２四半期連結会計期間 四半期連結貸借対照表 連結純資産額が1,521百万円であるところを2,018百万円と記載 ・売上の過大計上 ・出資金に係る減損損失の不計上 17 平成30年５月15日 第17期第３四半期（平成30年１月１日～平成30年３月31日）に係る四半期報告書 平成30年１月１日～平成30年３月31日の第３四半期連結会計期間 四半期連結貸借対照表 連結純資産額が1,634百万円であるところを2,254百万円と記載 ・売上の過大計上 ・出資金に係る減損損失の不計上 平成29年７月１日～平成30年３月31日の第３四半期連結累計期間 四半期連結 損益計算書 親会社株主に帰属する四半期純利益が▲117百万円であるところを39百万円と記載 （注）金額は百万円未満切捨てである。 【別紙２】課徴金額の計算方法 （１）　金融商品取引法第172条の４第１項及び第２項の規定により、平成26年３月第３四半期四半期報告書及び平成26年６月期有価証券報告書ごとに算出した額（以下（１）において「個別決定ごとの算出額」という。）は、 ア　当社が発行する算定基準有価証券の市場価額の総額に10万分の６を乗じて得た下記の額 平成26年３月第３四半期四半期報告書　 　654,027円 平成26年６月期有価証券報告書　　　 　1,313,616円 が、いずれも イ　6,000,000円 を超えないことから、 ・平成26年３月第３四半期四半期報告書については、6,000,000円の２分の１に相当する額である3,000,000円、 ・平成26年６月期有価証券報告書については、6,000,000円、 となる。 ここで、これらの開示書類が同一の事業年度に係るものであることから、金融商品取引法第185条の７第６項の規定により、6,000,000円を個別決定ごとの算出額に応じて按分した下記の金額が、これらの開示書類に係る課徴金の額となる。 ・平成26年３月第３四半期四半期報告書に係る課徴金の額は、2,000,000円 ・平成26年６月期有価証券報告書に係る課徴金の額は、4,000,000円 （２）　金融商品取引法第172条の４第１項及び第２項の規定により、平成26年９月第１四半期四半期報告書、平成26年12月第２四半期四半期報告書、平成27年３月第３四半期四半期報告書及び平成27年６月期有価証券報告書ごとに算出した額（以下（２）において「個別決定ごとの算出額」という。）は、 ア　当社が発行する算定基準有価証券の市場価額の総額に10万分の６を乗じて得た下記の額 平成26年９月第１四半期四半期報告書　 1,052,448円 平成26年12月第２四半期四半期報告書　　800,189円 平成27年３月第３四半期四半期報告書　　 721,343円 平成27年６月期有価証券報告書　　　 　   873,511円 が、いずれも イ　6,000,000円 を超えないことから、 ・平成26年９月第１四半期四半期報告書については、6,000,000円の２分の１に相当する額である3,000,000円、 ・平成26年12月第２四半期四半期報告書については、6,000,000円の２分の１に相当する額である3,000,000円、 ・平成27年３月第３四半期四半期報告書については、6,000,000円の２分の１に相当する額である3,000,000円、 ・平成27年６月期有価証券報告書については、6,000,000円、 となる。 ここで、これらの開示書類が同一の事業年度に係るものであることから、金融商品取引法第185条の７第６項の規定により、6,000,000円を個別決定ごとの算出額に応じて按分した下記の金額が、これらの開示書類に係る課徴金の額となる。 ・平成26年９月第１四半期四半期報告書に係る課徴金の額は、1,200,000円 ・平成26年12月第２四半期四半期報告書に係る課徴金の額は、1,200,000円 ・平成27年３月第３四半期四半期報告書に係る課徴金の額は、1,200,000円 ・平成27年６月期有価証券報告書に係る課徴金の額は、2,400,000円 （３）　金融商品取引法第172条の４第１項及び第２項の規定により、平成27年９月第１四半期四半期報告書、平成27年12月第２四半期四半期報告書、平成28年３月第３四半期四半期報告書及び平成28年６月期有価証券報告書ごとに算出した額（以下（３）において「個別決定ごとの算出額」という。）は、 ア　当社が発行する算定基準有価証券の市場価額の総額に10万分の６を乗じて得た下記の額 平成27年９月第１四半期四半期報告書　 　817,834円 平成27年12月第２四半期四半期報告書　　640,428円 平成28年３月第３四半期四半期報告書　　 848,130円 平成28年６月期有価証券報告書　　　 　   853,831円 が、いずれも イ　6,000,000円 を超えないことから、 ・平成27年９月第１四半期四半期報告書については、6,000,000円の２分の１に相当する額である3,000,000円、 ・平成27年12月第２四半期四半期報告書については、6,000,000円の２分の１に相当する額である3,000,000円、 ・平成28年３月第３四半期四半期報告書については、6,000,000円の２分の１に相当する額である3,000,000円、 ・平成28年６月期有価証券報告書については、6,000,000円、 となる。 ここで、これらの開示書類が同一の事業年度に係るものであることから、金融商品取引法第185条の７第６項の規定により、6,000,000円を個別決定ごとの算出額に応じて按分した下記の金額が、これらの開示書類に係る課徴金の額となる。 ・平成27年９月第１四半期四半期報告書に係る課徴金の額は、1,200,000円 ・平成27年12月第２四半期四半期報告書に係る課徴金の額は、1,200,000円 ・平成28年３月第３四半期四半期報告書に係る課徴金の額は、1,200,000円 ・平成28年６月期有価証券報告書に係る課徴金の額は、2,400,000円 （４）　金融商品取引法第172条の４第１項及び第２項の規定により、平成28年９月第１四半期四半期報告書、平成28年12月第２四半期四半期報告書、平成29年３月第３四半期四半期報告書及び平成29年６月期有価証券報告書ごとに算出した額（以下（４）において「個別決定ごとの算出額」という。）は、 ア　当社が発行する算定基準有価証券の市場価額の総額に10万分の６を乗じて得た下記の額 平成28年９月第１四半期四半期報告書　 　777,926円 平成28年12月第２四半期四半期報告書　　691,860円 平成29年３月第３四半期四半期報告書　　 794,120円 平成29年６月期有価証券報告書　　　 　   723,678円 が、いずれも イ　6,000,000円 を超えないことから、 ・平成28年９月第１四半期四半期報告書については、6,000,000円の２分の１に相当する額である3,000,000円、 ・平成28年12月第２四半期四半期報告書については、6,000,000円の２分の１に相当する額である3,000,000円、 ・平成29年３月第３四半期四半期報告書については、6,000,000円の２分の１に相当する額である3,000,000円、 ・平成29年６月期有価証券報告書については、6,000,000円、 となる。 ここで、これらの開示書類が同一の事業年度に係るものであることから、金融商品取引法第185条の７第６項の規定により、6,000,000円を個別決定ごとの算出額に応じて按分した下記の金額が、これらの開示書類に係る課徴金の額となる。 ・平成28年９月第１四半期四半期報告書に係る課徴金の額は、1,200,000円 ・平成28年12月第２四半期四半期報告書に係る課徴金の額は、1,200,000円 ・平成29年３月第３四半期四半期報告書に係る課徴金の額は、1,200,000円 ・平成29年６月期有価証券報告書に係る課徴金の額は、2,400,000円 （５）　金融商品取引法第172条の４第２項の規定により、平成29年９月第１四半期四半期報告書、平成29年12月第２四半期四半期報告書及び平成30年３月第３四半期四半期報告書ごとに算出した額（以下（５）において「個別決定ごとの算出額」という。）は、 ア　当社が発行する算定基準有価証券の市場価額の総額に10万分の６を乗じて得た下記の額 平成29年９月第１四半期四半期報告書　 　607,146円 平成29年12月第２四半期四半期報告書　　564,774円 平成30年３月第３四半期四半期報告書　　 544,641円 が、いずれも イ　6,000,000円 を超えないことから、 ・平成29年９月第１四半期四半期報告書については、6,000,000円の２分の１に相当する額である3,000,000円、 ・平成29年12月第２四半期四半期報告書については、6,000,000円の２分の１に相当する額である3,000,000円、 ・平成30年３月第３四半期四半期報告書については、6,000,000円の２分の１に相当する額である3,000,000円、 となる。 ここで、これらの開示書類が同一の事業年度に係るものであることから、金融商品取引法第185条の７第６項の規定により、6,000,000円を個別決定ごとの算出額に応じて按分した下記の金額が、これらの開示書類に係る課徴金の額となる。 ・平成29年９月第１四半期四半期報告書に係る課徴金の額は、2,000,000円 ・平成29年12月第２四半期四半期報告書に係る課徴金の額は、2,000,000円 ・平成30年３月第３四半期四半期報告書に係る課徴金の額は、2,000,000円 （６）　金融商品取引法第172条の２第１項第１号の規定により、当社の平成26年２月20日提出の有価証券届出書（株券の募集）に係る課徴金の額は、 重要な事項につき虚偽の記載がある発行開示書類に基づく募集により取得させた株券の発行価額の総額714,000,000円の100分の4.5に相当する額である32,130,000円 となる。 （７）　金融商品取引法第172条の２第１項第１号の規定により、当社の平成28年11月11日提出の有価証券届出書（新株予約権証券の募集）に係る課徴金の額は、 重要な事項につき虚偽の記載がある発行開示書類に基づく募集により取得させた新株予約権証券の発行価額の総額（当該新株予約権の行使に際して払い込むべき金額を含む）1,628,348,400 円の100分の4.5に相当する額である73,275,678円 に、金融商品取引法第176条第２項の規定により１万円未満の端数を切り捨てて、 73,270,000円 となる。",0
2019-01-10,2016/06/21-2018/06/30,日産自動車株式会社,7201,日産自動車株式会社に係る虚偽有価証券報告書提出事件の告発について（２）,https://www.fsa.go.jp/sesc/news/c_2019/2019/20190110-1.html,English version 平成３１年１月１０日 証券取引等監視委員会 日産自動車株式会社に係る虚偽有価証券報告書提出事件の告発について（２） 証券取引等監視委員会は、本日、金融商品取引法違反（虚偽有価証券報告書提出）の嫌疑で、嫌疑法人１社及び嫌疑者２名を東京地方検察庁に告発した。告発の対象となった犯則事実については下記のとおり。 １．告発の対象となった犯則事実 犯則嫌疑法人日産自動車株式会社（以下「犯則嫌疑法人」という。）は、横浜市に本店を置き、自動車の製造及び販売等を目的とする会社であって、その発行する株券を株式会社東京証券取引所市場第一部に上場しているもの、犯則嫌疑者Ａは犯則嫌疑法人の代表取締役会長等であったもの、犯則嫌疑者Ｂは犯則嫌疑法人の代表取締役等であったものであるが、犯則嫌疑者両名は、共謀の上、犯則嫌疑法人の業務に関し 第１　平成２８年６月下旬、平成２８年３月期の連結会計年度につき、犯則嫌疑者Ａの報酬、賞与その他その職務執行の対価として犯則嫌疑法人及びその主要な連結子会社から役員として受ける財産上の利益であって、当該連結会計年度に係るものが約２２億８２００万円であったにもかかわらず、その一部を隠ぺいして、「コーポレート・ガバナンスの状況」欄内の「役員ごとの連結報酬等の総額等」欄に犯則嫌疑者Ａの総報酬及び金銭報酬をいずれも１０億７１００万円と記載した有価証券報告書を提出し 第２　平成２９年６月下旬、平成２９年３月期の連結会計年度につき、犯則嫌疑者Ａの報酬、賞与その他その職務執行の対価として犯則嫌疑法人及びその主要な連結子会社から役員として受ける財産上の利益であって、当該連結会計年度に係るものが約２４億２００万円であったにもかかわらず、その一部を隠ぺいして、「コーポレート・ガバナンスの状況」欄内の「役員ごとの連結報酬等の総額等」欄に犯則嫌疑者Ａの総報酬及び金銭報酬をいずれも１０億９８００万円と記載した有価証券報告書を提出し 第３　平成３０年６月下旬、平成３０年３月期の連結会計年度につき、犯則嫌疑者Ａの報酬、賞与その他その職務執行の対価として犯則嫌疑法人及びその主要な連結子会社から役員として受ける財産上の利益であって、当該連結会計年度に係るものが約２４億９１００万円であったにもかかわらず、その一部を隠ぺいして、「コーポレート・ガバナンスの状況」欄内の「役員ごとの連結報酬等の総額等」欄に犯則嫌疑者Ａの総報酬及び金銭報酬をいずれも７億３５００万円と記載した有価証券報告書を提出し もって、それぞれ、重要な事項につき虚偽の記載のある有価証券報告書を提出した。 ２．関連条文 金融商品取引法 第１９７条第１項第１号、第２４条第１項第１号、第２０７条第１項第１号 刑法第６０条 法定刑：１０年以下の懲役若しくは１０００万円以下の罰金又はこれを併科、法人につき７億円以下の罰金,0
2020-12-15,2019/04/11-2019/04/15,株式会社キムラタン,8107,キムラタン株式に係る相場操縦に対する課徴金納付命令の勧告について,https://www.fsa.go.jp/sesc/news/c_2020/2020/20201215-1.html,"English version 令和２年12月15日 証券取引等監視委員会 キムラタン株式に係る相場操縦に対する課徴金納付命令の勧告について １．勧告の内容 証券取引等監視委員会は、キムラタン株式に係る相場操縦について検査した結果、下記のとおり法令違反の事実が認められたので、本日、内閣総理大臣及び金融庁長官に対して、金融庁設置法第２０条第１項の規定に基づき、課徴金納付命令を発出するよう勧告を行った。 ２．法令違反の事実関係 課徴金納付命令対象者は、株式会社キムラタンの株式につき、同株式の売買を誘引する目的をもって、別表記載のとおり、平成３１年４月１１日午前９時４分頃から同月１５日午前９時２７分頃までの間、３取引日にわたり、成行または指値の買い注文を発注して、他の投資者が発注した売り注文を買い付けることにより直前の約定値より株価を引き上げたり、自身が発注した売り注文に成行または指値の買い注文を対当させて買い付けることにより直前の約定値より株価を引き上げたりするなどの方法により、同株式合計９１万１２００株を買い付ける一方、同株式合計８２万４１００株を売り付け、もって、自己の計算において、同株式の売買が繁盛であると誤解させ、かつ、同株式の相場を変動させるべき一連の売買をしたものである。 違反行為事実の概要については、 別図 のとおり。 課徴金納付命令対象者が行った上記の行為は、金融商品取引法第１７４条の２第１項に規定する「第１５９条第２項第１号の規定に違反する一連の有価証券売買等」に該当すると認められる。 ３．課徴金の額の計算 上記の違反行為に対し金融商品取引法に基づき納付を命じられる課徴金の額は、４２５万円である。 計算方法の詳細については、 別紙 のとおり。 （別表） ○違反行為状況 （クリックすると拡大されます） （別図） ○違反行為事実の概要について （クリックすると拡大されます） （別紙） ○課徴金の額の計算方法について 1． 別表 の違反行為に係る課徴金の額の計算の基礎は以下のとおりである。 (1) 金融商品取引法第１７４条の２第１項の規定により、当該違反行為に係る課徴金の額は、 ア．当該違反行為に係る有価証券の売買対当数量に係るものについて、自己の計算による当該有価証券の売付け等の価額から、自己の計算による当該有価証券の買付け等の価額を控除した額 及び イ．当該違反行為に係る自己の計算による有価証券の買付け等の数量が、当該違反行為に係る自己の計算による有価証券の売付け等の数量を超える場合、当該違反行為が終了してから１月を経過するまでの間の各日における当該違反行為に係る有価証券の売付け等についての金融商品取引法第６７条の１９又は第１３０条に規定する最高の価格のうち最も高い価格に当該超える数量を乗じて得た額から当該超える数量に係る有価証券の買付け等の価額を控除した額 の合計額として算定。 (2) 上記(1)で算定された課徴金の額につき、金融商品取引法第１７６条第２項の規定により１万円未満の端数を切り捨てて算定。 ２． 別表 に掲げる事実につき (1) 当該違反行為に係る自己の計算による有価証券の売付け等の数量は、824,100株であり、当該違反行為に係る自己の計算による有価証券の買付け等の数量は、実際の買付け等の数量911,200株に、金融商品取引法第１７４条の２第８項及び金融商品取引法施行令第３３条の１３第１号の規定により、違反行為の開始時にその時における価格（35円）で買付け等を自己の計算においてしたものとみなされる当該違反行為の開始時に所有している有価証券の数量188,800株を加えた1,100,000株であることから、 ア．当該違反行為に係る有価証券の売買対当数量（824,100株）に係るものについて、自己の計算による当該有価証券の売付け等の価額から、自己の計算による当該有価証券の買付け等の価額を控除した額 （35円×30,000株＋35.1円×9,500株＋35.8円×6,000株 ＋35.9円×6,100株＋36円×394,800株＋36.1円×13,400株 ＋36.2円×6,700株＋36.3円×1,000株＋36.4円×2,300株 ＋36.5円×8,700株＋36.6円×4,800株＋36.7円×18,600株 ＋36.8円×17,100株＋36.9円×8,400株＋37円×72,800株 ＋37.8円×7,400株＋38円×108,000株＋38.9円×2,500株 ＋39円×106,000株） －（34円×24,300株＋35円×360,200株＋35.1円×3,200株 ＋35.3円×8,100株＋35.4円×7,500株＋35.5円×2,600株 ＋35.7円×3,800株＋35.8円×9,900株＋35.9円×13,400株 ＋36円×205,100株＋36.1円×21,900株＋36.3円×5,600株 ＋36.4円×400株＋36.5円×13,900株＋36.6円×21,800株 ＋36.7円×14,600株＋36.8円×20,700株＋36.9円×2,100株 ＋37円×85,000株） ＝ 922,280円 及び イ．当該違反行為に係る自己の計算による有価証券の買付け等の数量（1,100,000株）が、当該違反行為に係る自己の計算による有価証券の売付け等の数量（824,100株）を超えていることから、当該違反行為が終了してから１月を経過するまでの間の各日における当該違反行為に係る有価証券の売付け等についての金融商品取引法第６７条の１９又は第１３０条に規定する最高の価格のうち最も高い価格（49円）に当該超える数量275,900株（買付け等の数量1,100,000株－売付け等の数量824,100株）を乗じて得た額から、当該超える数量に係る有価証券の買付け等の価額を控除した額 （49円×275,900株） －（36円×80,700株＋36.1円×4,000株＋36.2円×12,500株 ＋36.3円×1,600株＋36.4円×11,800株＋36.5円×7,000株 ＋36.6円×7,500株＋36.7円×19,800株＋36.8円×5,500株 ＋36.9円×7,600株＋37円×73,700株＋38円×4,400株 ＋39円×27,300株＋40円×12,500株） ＝ 3,331,100円 の合計額4,253,380円となる。 (2) 金融商品取引法第１７６条第２項の規定により、上記(1)で計算した額の１万円未満の端数を切捨て、4,250,000円となる。",0
2020-12-22,2016/02/09-2019/06/19,株式会社ジャパンディスプレイ,6740,株式会社ジャパンディスプレイにおける有価証券報告書等の虚偽記載に係る課徴金納付命令勧告について,https://www.fsa.go.jp/sesc/news/c_2020/2020/20201222-2.html,"English version 令和２年12月22日 証券取引等監視委員会 株式会社ジャパンディスプレイにおける有価証券報告書等の虚偽記載に係る課徴金納付命令勧告について １．勧告の内容 証券取引等監視委員会は、株式会社ジャパンディスプレイ（法人番号6040001059563）（以下「当社」という。）における金融商品取引法に基づく開示規制の違反について検査した結果、以下のとおり法令違反の事実が認められたので、本日、内閣総理大臣及び金融庁長官に対して、金融庁設置法第20条第１項の規定に基づき、課徴金納付命令を発出するよう勧告を行った。 ２．法令違反の事実関係 （１）継続開示書類 当社は、架空の期末在庫の計上による売上原価の過少計上、販売見込みのない在庫の評価損未計上による売上原価の過少計上、収益の認識基準を満たしていない売上の計上、固定資産の過大計上等、不適正な会計処理を行った。 この結果、当社は、関東財務局長に対し、以下のとおり、金融商品取引法第172条の４第１項及び第２項に規定する「重要な事項につき虚偽の記載」がある以下の有価証券報告書及び四半期報告書を提出した（「重要な事項につき虚偽の記載」の内容は別紙１の表の１～７のとおり）。 ・平成27年12月第３四半期四半期報告書（平成28年２月９日提出） ・平成28年３月期有価証券報告書（平成28年６月21日提出） ・平成28年６月第１四半期四半期報告書（平成28年８月９日提出） ・平成28年９月第２四半期四半期報告書（平成28年11月９日提出） ・平成28年12月第３四半期四半期報告書（平成29年２月８日提出） ・平成29年３月期有価証券報告書（平成29年６月21日提出） ・平成31年３月期有価証券報告書（令和元年６月19日提出） （２）発行開示書類 当社は、 ア 関東財務局長に対し、平成28年12月21日、上記（１）の重要な事項につき虚偽の記載がある平成28年３月期有価証券報告書並びに平成28年６月第１四半期四半期報告書及び平成28年９月第２四半期四半期報告書を参照情報とする有価証券届出書（新株予約権付社債の募集）を提出し、当該有価証券届出書に基づく募集により、平成29年１月11日、新株予約権付社債を45,000,000,000円で取得させ、 イ 関東財務局長に対し、平成30年３月30日、上記（１）の重要な事項につき虚偽の記載がある平成29年３月期有価証券報告書を参照情報とする有価証券届出書（株券の募集）を提出し、当該有価証券届出書に基づく募集により、平成30年４月25日、34,965,000株の株券を4,999,995,000円で取得させた。 これらにより、当社は、関東財務局長に対し、金融商品取引法第172条の２第１項に規定する「重要な事項につき虚偽の記載」がある発行開示書類を提出し、当該発行開示書類に基づく募集により株券等を取得させたものである。 ３．課徴金の額の計算 上記の違法行為について金融商品取引法に基づき算定される課徴金の額は、21億6,333万4,996円である（計算方法については別紙２のとおり。）。 【別紙１】有価証券報告書の虚偽記載内容 番号 対象書類 虚偽記載 提出日 書類 会計期間 記載項目 主な内容（注） 主な事由 １ 平成28年２月９日 第14期第３四半期（平成27年10月１日～同年12月31日）に係る四半期報告書 平成27年４月１日～同年12月31日の第３四半期連結累計期間 四半期連結 損益計算書 親会社株主に帰属する四半期純利益が ▲2,192百万円であるところを 4,411百万円と記載 ・売上原価の過少計上 ２ 平成28年６月21日 第14期（平成27年４月１日～平成28年３月31日）に係る有価証券報告書 平成27年４月１日～平成28年３月31日の連結会計期間 連結 損益計算書 営業利益が 10,921百万円であるところを 16,710百万円と記載 親会社株主に帰属する当期純利益が ▲42,078百万円であるところを ▲31,840百万円と記載 ・売上原価の過少計上 ３ 平成28年８月９日 第15期第１四半期（平成28年４月１日～同年６月30日）に係る四半期報告書 平成28年４月１日～同年６月30日の第１四半期連結累計期間 四半期連結 損益計算書 営業利益が ▲8,174百万円であるところを ▲3,411百万円と記載 ・売上原価の過少計上 4 平成28年11月９日 第15期第２四半期（平成28年７月１日～同年９月30日）に係る四半期報告書 平成28年４月１日～同年９月30日の第２四半期連結累計期間 四半期連結 損益計算書 営業利益が ▲6,258百万円であるところを ▲2,176百万円と記載 ・売上原価の過少計上 5 平成29年２月８日 第15期第３四半期（平成28年10月１日～同年12月31日）に係る四半期報告書 平成28年４月１日～同年12月31日の第３四半期連結累計期間 四半期連結 損益計算書 営業利益が 5,847百万円であるところを 10,475百万円と記載 ・売上原価の過少計上 6 平成29年６月21日 第15期（平成28年４月１日～平成29年３月31日）に係る有価証券報告書 平成28年４月１日～平成29年３月31日の連結会計期間 連結 損益計算書 営業利益が 10,677百万円であるところを 18,502百万円と記載 ・売上の過大計上 ・ 売上原価の過少計上 ・販管費の過少計上 7 令和元年６月19日 第17期（平成30年４月１日～平成31年３月31日）に係る有価証券報告書 平成30年４月１日～平成31年３月31日の連結会計期間 連結 貸借対照表 連結純資産額が 862百万円であるところを 7,023百万円と記載 ・固定資産の過大計上による純資産の過大計上 8 平成28年12月21日 有価証券届出書（新株予約権付社債の募集） 「第三部参照情報」 番号２～４に掲げる第14期に係る有価証券報告書並びに第15期第１四半期及び第15期第２四半期に係る四半期報告書を参照 ・売上原価の過少計上 9 平成30年３月30日 有価証券届出書（株券の募集） 「第三部参照情報」 番号６に掲げる第15期に係る有価証券報告書を参照 ・売上の過大計上 ・ 売上原価の過少計上 ・販管費の過少計上 （注）金額は百万円未満切捨てである。 【別紙２】課徴金の計算方法 （１） 金融商品取引法第172条の４第１項及び第２項の規定により、平成27年12月第３四半期四半期報告書及び平成28年３月期有価証券報告書ごとに算出した額（以下（１）において「個別決定ごとの算出額」という。）は、 ア 当社が発行する算定基準有価証券の市場価額の総額に10万分の６を乗じて得た下記の額 平成27年12月第３四半期四半期報告書 13,640,630円 平成28年３月期有価証券報告書   13,785,226円 が、いずれも イ 6,000,000円 を超えることから、 ・平成27年12月第３四半期四半期報告書については、13,640,630円の２分の１に相当する額である6,820,000円（金融商品取引法第176条第２項の規定により１万円未満の端数を切り捨て。以下、この項において同じ。）、 ・平成28年３月期有価証券報告書については、13,780,000円、 となる。 ここで、これらの開示書類が同一の事業年度に係るものであることから、金融商品取引法第185条の７第６項の規定により、13,780,000円を個別決定ごとの算出額に応じて按分（同第30項の規定により１円未満の端数を切り捨て）した下記の金額が、これらの開示書類に係る課徴金の額となる。 ・平成27年12月第３四半期四半期報告書に係る課徴金の額は、4,562,116円 ・平成28年３月期有価証券報告書に係る課徴金の額は、9,217,883円 （２） 金融商品取引法第172条の４第１項及び第２項の規定により、平成28年６月第１四半期四半期報告書、平成28年９月第２四半期四半期報告書、平成28年12月第３四半期四半期報告書及び平成29年３月期有価証券報告書ごとに算出した額（以下（２）において「個別決定ごとの算出額」という。）は、 ア 当社が発行する算定基準有価証券の市場価額の総額に10万分の６を乗じて得た下記の額 平成28年６月第１四半期四半期報告書   7,295,015円 平成28年９月第２四半期四半期報告書   5,988,419円 平成28年12月第３四半期四半期報告書 9,064,965円 平成29年３月期有価証券報告書   8,231,356円 が、 平成28年６月第１四半期四半期報告書、平成28年12月第３四半期四半期報告書及び平成29年３月期有価証券報告書については、 イ 6,000,000円 を超えることから、 ・平成28年６月第１四半期四半期報告書については、7,295,015円の２分の１に相当する額である3,640,000円（金融商品取引法第176条第２項の規定により１万円未満の端数を切り捨て。以下、この項において同じ。）、 ・平成28年12月第３四半期四半期報告書については、9,064,965円の２分の１に相当する額である4,530,000円、 ・平成29年３月期有価証券報告書については、8,230,000円、 平成28年９月第２四半期四半期報告書については、 イ 6,000,000円 を超えないことから、 ・平成28年９月第２四半期四半期報告書については、6,000,000円の２分の１に相当する額である3,000,000円、 となる。 ここで、これらの開示書類が同一の事業年度に係るものであることから、金融商品取引法第185条の７第６項の規定により、9,060,000円を個別決定ごとの算出額に応じて按分（同第30項の規定により１円未満の端数を切り捨て）した下記の金額が、これらの開示書類に係る課徴金の額となる。 ・平成28年６月第１四半期四半期報告書に係る課徴金の額は、1,699,917円 ・平成28年９月第２四半期四半期報告書に係る課徴金の額は、1,401,030円 ・平成28年12月第３四半期四半期報告書に係る課徴金の額は、2,115,556円 ・平成29年３月期有価証券報告書に係る課徴金の額は、3,843,494円 （３） 金融商品取引法第172条の４第１項の規定により、平成31年３月期有価証券報告書について算出した課徴金の額は、 当社が発行する算定基準有価証券の市場価額の総額に10万分の６を乗じて得た額5,710,102円が6,000,000円を超えないことから、6,000,000円 となるが、平成31年３月期有価証券報告書については、金融商品取引法第26条第１項の規定による検査等が行われる前に、課徴金の減額に係る報告書が提出されていることから、金融商品取引法第185条の７第14項の規定により、 6,000,000円に100分の50を乗じて得た額に相当する額である3,000,000円 となる。 （４） 金融商品取引法第172条の２第１項第１号の規定により、当社の平成28年12月21日提出の有価証券届出書（新株予約権付社債の募集）に係る課徴金の額は、 重要な事項につき虚偽の記載がある発行開示書類に基づく募集により取得させた新株予約権付社債の発行価額の総額45,000,000,000円の100分の4.5に相当する額である2,025,000,000円 となる。 （５） 金融商品取引法第172条の２第１項第１号の規定により、当社の平成30年３月30日提出の有価証券届出書（株券の募集）に係る課徴金の額は、 重要な事項につき虚偽の記載がある発行開示書類に基づく募集により取得させた株券の発行価額の総額4,999,995,000円の100分の4.5に相当する額である224,999,775円 に、金融商品取引法第176条第２項の規定により１万円未満の端数を切り捨てて、224,990,000円となるが、平成30年３月30日提出の有価証券届出書（株券の募集）については、金融商品取引法第26条第１項の規定による検査等が行われる前に、課徴金の減額に係る報告書が提出されていることから、金融商品取引法第185条の７第14項の規定により、 224,990,000円に100分の50を乗じて得た額に相当する額である112,495,000円 となる。",0
2020-07-10,2016/06/21,ジェイリース株式会社,7187,ジェイリース株式会社に係る課徴金納付命令勧告（令和２年２月４日付）における勧告内容の過誤について,https://www.fsa.go.jp/sesc/news/c_2020/2020/20200710-1.html,"令和２年７月10日 証券取引等監視委員会 ジェイリース株式会社に係る課徴金納付命令勧告（令和２年２月４日付）における勧告内容の過誤について 証券取引等監視委員会が令和２年２月４日に金融庁設置法第20条第１項の規定に基づき、課徴金を国庫に納付することを命ずる旨の決定をするよう 勧告した件 （金融庁が令和２年３月30日にジェイリース株式会社（法人番号3320001003867）に対し 課徴金納付命令の決定を行った件 ）について、下記のとおり、勧告内容に過誤が認められましたので、金融庁に対し通知しました。 １ 過誤の内容 納付すべき課徴金額について、「金44,210,000円」であるところ「金44,780,000円」と勧告した。 ２ 過誤の理由 本件課徴金納付命令勧告の対象としたジェイリース株式会社が提出した開示書類のうち、平成28年５月18日に提出した有価証券届出書（株券の募集）に係る課徴金の額は、本来、 「当該有価証券届出書に基づく募集により取得させた株券の発行価額の総額」（382,500,000円）の「100分の4.5に相当する額」（17,210,000円（金融商品取引法第176条第２項の規定により１万円未満の端数を切り捨て））であるところ、誤って、 当該有価証券届出書に記載された株券の発行価額の総額（見込み額）（395,250,000円）の「100分の4.5に相当する額」（17,780,000円（金融商品取引法第176条第２項の規定により１万円未満の端数を切り捨て））としたものである。",0
2020-07-07,2017/06/28-2018/06/28,フリージア・マクロス株式会社,6343,フリージア・マクロス株式会社における有価証券報告書の重要な事項の不記載に係る課徴金納付命令勧告について,https://www.fsa.go.jp/sesc/news/c_2020/2020/20200707-1.html,"English version 令和２年７月７日 証券取引等監視委員会 フリージア・マクロス株式会社における有価証券報告書の重要な事項の不記載に係る課徴金納付命令勧告について １．勧告の内容 証券取引等監視委員会は、フリージア・マクロス株式会社（法人番号3010001000012）（以下「当社」という。）における 金融商品取引法に基づく開示規制の違反について検査した結果、 以下のとおり法令違反の事実が認められたので、本日、内閣総理大臣及び金融庁長官に対して、金融庁設置法第20条第１項の規定に基づき、課徴金納付命令を発出するよう勧告を行った。 ２．法令違反の事実関係 当社は、当社と当社の役員との取引を、「関連当事者との取引」（連結財務諸表の用語、様式及び作成方法に関する規則第15条の４の２第１項）として、連結財務諸表への注記を行わなかった。 当社は、これにより、記載すべき重要な事項の記載が欠けている有価証券報告書を提出した。 この結果、当社は、関東財務局長に対し、金融商品取引法第172条の４第１項に規定する「記載すべき重要な事項の記載が欠けている」以下の有価証券報告書を提出したものである（「記載すべき重要な事項」の内容は別紙１のとおり。）。 ・平成29年３月期有価証券報告書（平成29年６月28日提出） ・平成30年３月期有価証券報告書（平成30年６月28日提出） ３．課徴金の額の計算 上記の違法行為について金融商品取引法に基づき算定される課徴金の額は、1,200万円である（計算方法については別紙２のとおり。）。 【別紙１】フリージア・マクロス株式会社に係る有価証券報告書に記載すべき重要な事項の内容 番号 有価証券報告書 記載すべき重要な事項 提出日 書類 内容 １ 平成29年 ６月28日 第74期（平成28年４月１日～平成29年３月31日）に係る有価証券報告書 ・「第５【経理の状況】」・「１【連結財務諸表等】」・「(1)【連結財務諸表】」・「【注記事項】」の「【関連当事者情報】」において、当社と当社の役員との重要な取引を「関連当事者との取引」として記載しなかった。 ２ 平成30年 ６月28日 第75期（平成29年４月１日～平成30年３月31日）に係る有価証券報告書 ・「第５【経理の状況】」・「１【連結財務諸表等】」・「(1)【連結財務諸表】」・「【注記事項】」の「【関連当事者情報】」において、当社と当社の役員との重要な取引を「関連当事者との取引」として記載しなかった。 【別紙２】課徴金の計算方法 （１）　金融商品取引法第172条の４第１項の規定により、平成29年３月期有価証券報告書について算出した額は、当該法人が発行する算定基準有価証券の市場価額の総額に10万分の６を乗じて得た額555,616円が6,000,000円を超えないことから、6,000,000円となる。 （２）　金融商品取引法第172条の４第１項の規定により、平成30年３月期有価証券報告書について算出した額は、当該法人が発行する算定基準有価証券の市場価額の総額に10万分の６を乗じて得た額651,672円が6,000,000円を超えないことから、6,000,000円となる。",0
2020-06-16,2015/06/26-2019/08/01,ナイス株式会社,8089,ナイス株式会社における有価証券報告書等の虚偽記載に係る課徴金納付命令勧告について,https://www.fsa.go.jp/sesc/news/c_2020/2020/20200616-1.html,"English version 令和２年６月16日 証券取引等監視委員会 ナイス株式会社における有価証券報告書等の虚偽記載に係る課徴金納付命令勧告について １．勧告の内容 証券取引等監視委員会は、ナイス株式会社（法人番号2020001037946）（以下「当社」という。）における有価証券報告書等の虚偽記載について検査した結果、以下のとおり法令違反の事実が認められたので、本日、内閣総理大臣及び金融庁長官に対して、金融庁設置法第20条第１項の規定に基づき、課徴金納付命令を発出するよう勧告を行った。 ２．法令違反の事実関係 当社は、不適正な不動産販売による売上の過大計上、不採算子会社等の連結範囲からの除外等、不適正な会計処理を行った。 この結果、当社は、関東財務局長に対し、以下のとおり、金融商品取引法第172条の４第１項に規定する「重要な事項につき虚偽の記載」がある以下の有価証券報告書及び有価証券報告書の訂正報告書を提出した（「重要な事項につき虚偽の記載」の内容は別紙１のとおり）。 ・平成27年３月期有価証券報告書（平成27年６月26日提出） ・平成29年３月期有価証券報告書（平成29年６月29日提出） ・平成30年３月期有価証券報告書（平成30年６月28日提出） ・平成29年３月期有価証券報告書の訂正報告書（令和元年８月１日提出） ３．課徴金の額の計算 上記の違法行為について金融商品取引法に基づき算定される課徴金の額は、2,400万円である（計算方法については別紙２のとおり）。 【別紙１】有価証券報告書の虚偽記載内容 番号 対象書類 虚偽記載 提出日 書類 会計期間 記載項目 主な内容（注） 主な事由 １ 平成27年６月26日 第66期（平成26年４月１日～平成27年３月31日）に係る有価証券報告書 平成26年４月１日～平成27年３月31日の連結会計期間 連結 損益計算書 当期純利益が ▲1,030百万円であるところを 488百万円と記載 ・売上の過大計上 ・子会社の連結除外 ２ 平成29年６月29日 第68期（平成28年４月１日～平成29年３月31日）に係る有価証券報告書 平成28年４月１日～平成29年３月31日の連結会計期間 連結 損益計算書 親会社株主に帰属する当期純利益が ▲63百万円であるところを573百万円と記載 ・子会社の連結除外 ３ 平成30年６月28日 第69期（平成29年４月１日～平成30年３月31日）に係る有価証券報告書 平成29年４月１日～平成30年３月31日の連結会計期間 連結 損益計算書 親会社株主に帰属する当期純利益が ▲152百万円であるところを301百万円と記載 ・売上の過大計上 ・子会社の連結除外 ４ 令和元年８月１日 第68期（平成28年４月１日～平成29年３月31日）に係る有価証券報告書の訂正報告書 平成28年４月１日～平成29年３月31日の連結会計期間 連結 損益計算書 親会社株主に帰属する当期純利益が ▲63百万円であるところを99百万円と記載 ・子会社の連結除外 （注）金額は百万円未満切捨てである。 【別紙２】課徴金の計算方法 （１）　金融商品取引法第172条の４第１項の規定により、平成27年３月期有価証券報告書について算出した課徴金の額は、当社が発行する算定基準有価証券の市場価額の総額に10万分の６を乗じて得た額1,178,468円が、6,000,000円を超えないことから、6,000,000円となる。 （２）　金融商品取引法第172条の４第１項の規定により、平成29年３月期有価証券報告書について算出した課徴金の額は、当社が発行する算定基準有価証券の市場価額の総額に10万分の６を乗じて得た額843,209円が、6,000,000円を超えないことから、6,000,000円となる。 （３）　金融商品取引法第172条の４第１項の規定により、平成30年３月期有価証券報告書について算出した課徴金の額は、当社が発行する算定基準有価証券の市場価額の総額に10万分の６を乗じて得た額987,704円が、6,000,000円を超えないことから、6,000,000円となる。 （４）　金融商品取引法第172条の４第１項の規定により、平成29年３月期有価証券報告書の訂正報告書について算出した課徴金の額は、当社が発行する算定基準有価証券の市場価額の総額に10万分の６を乗じて得た額843,209円が、6,000,000円を超えないことから、6,000,000円となる。",0
2020-06-16,2015/06/26-2016/06/28,グローム・ホールディングス株式会社,8938,グローム・ホールディングス株式会社における有価証券報告書等の虚偽記載に係る課徴金納付命令勧告について,https://www.fsa.go.jp/sesc/news/c_2020/2020/20200616-2.html,"English version 令和２年６月16日 証券取引等監視委員会 グローム・ホールディングス株式会社における有価証券報告書等の虚偽記載に係る課徴金納付命令勧告について １．勧告の内容 証券取引等監視委員会は、グローム・ホールディングス株式会社（法人番号7012801003743）（以下「当社」という。）における有価証券報告書等の虚偽記載について検査した結果、以下のとおり法令違反の事実が認められたので、本日、内閣総理大臣及び金融庁長官に対して、金融庁設置法第20条第１項の規定に基づき、課徴金納付命令を発出するよう勧告を行った。 ２．法令違反の事実関係 （１）継続開示書類 当社は、子会社において、実態のないコンサルティング業務や商品販売等に係る売上の過大計上、商業施設収用に関して受領する補償金に係る利益の前倒し計上等、不適正な会計処理を行った。 この結果、当社は、関東財務局長に対し、以下のとおり、金融商品取引法第172条の４第１項及び第２項に規定する「重要な事項につき虚偽の記載」がある以下の有価証券報告書及び四半期報告書を提出した（「重要な事項につき虚偽の記載」の内容は別紙１の表の１～５のとおり）。 ・平成27年３月期有価証券報告書（平成27年６月26日提出） ・平成27年６月第１四半期四半期報告書（平成27年８月14日提出） ・平成27年９月第２四半期四半期報告書（平成27年11月13日提出） ・平成27年12月第３四半期四半期報告書（平成28年２月12日提出） ・平成28年３月期有価証券報告書（平成28年６月28日提出） （２）発行開示書類 当社は、関東財務局長に対し、平成28年２月22日、金融商品取引法第172条の２第１項に規定する「重要な事項につき虚偽の記載」がある発行開示書類を提出し、当該有価証券届出書に基づく募集により、平成28年３月11日、412,200株の有価証券を710,220,600円で取得させたものである（「重要な事項につき虚偽の記載」の内容は別紙１の表の６のとおり）。 ３．課徴金の額の計算 上記の違法行為について金融商品取引法に基づき算定される課徴金の額は、4,395万円である（計算方法については別紙２のとおり。）。 【別紙１】有価証券報告書の虚偽記載内容 番号 対象書類 虚偽記載 提出日 書類 会計期間 記載項目 主な内容（注） 主な事由 １ 平成27年６月26日 第23期（平成26年４月１日～平成27年３月31日）に係る有価証券報告書 平成26年４月１日～平成27年３月31日の連結会計期間 連結 損益計算書 当期純利益が 82,270千円であるところを 323,873千円と記載 ・売上の過大計上 ・利益の前倒し計上 ２ 平成27年８月14日 第24期第１四半期（平成27年４月１日～同年６月30日）に係る四半期報告書 平成27年4月１日～同年６月30日の第１四半期連結累計期間 四半期連結損益計算書 営業利益が 108,516千円であるところを 179,467千円と記載 親会社株主に帰属する四半期純利益が ▲56,250千円であるところを 30,432千円と記載 ・利益の前倒し計上 ３ 平成27年11月13日 第24期第２四半期（平成27年７月１日～同年９月30日）に係る四半期報告書 平成27年4月１日～同年９月30日の第２四半期連結累計期間 四半期連結損益計算書 営業利益が 78,610千円であるところを 151,119千円と記載 ・利益の前倒し計上 ４ 平成28年２月12日 第24期第３四半期（平成27年10月１日～同年12月31日）に係る四半期報告書 平成27年4月１日～同年12月31日の第３四半期連結累計期間 四半期連結損益計算書 営業利益が ▲5,063千円であるところを 69,005千円と記載 ・利益の前倒し計上 ５ 平成28年６月28日 第24期（平成27年４月１日～平成28年３月31日）に係る有価証券報告書 平成27年４月１日～平成28年３月31日の連結会計期間 連結 損益計算書 営業利益が ▲73,457千円であるところを 216,872千円と記載 経常利益が ▲706,198千円であるところを ▲360,116千円と記載 ・売上の過大計上 ６ 平成28年２月22日 有価証券届出書（株券の募集） 「第四部　組込情報」 番号１に掲げる第23期に係る有価証券報告書及び番号４に掲げる第24期第３四半期に係る四半期報告書を組み込み ・売上の過大計上 ・利益の前倒し計上 （注）金額は千円未満切捨てである。 【別紙２】課徴金の計算方法 （１）　金融商品取引法第172条の４第１項の規定により、平成27年３月期有価証券報告書について算出した課徴金の額は、当社が発行する算定基準有価証券の市場価額の総額に相当する額に10万分の６を乗じて得た額101,156円が6,000,000円を超えないことから、6,000,000円となる。 （２）　金融商品取引法第172条の４第１項及び第２項の規定により、平成27年６月第１四半期四半期報告書、平成27年９月第２四半期四半期報告書、平成27年12月第３四半期四半期報告書及び平成28年３月期有価証券報告書ごとに算出した額（以下(２)において「個別決定ごとの算出額」という。）は、 ア　当社が発行する算定基準有価証券の市場価額の総額に10万分の６を乗じて得た下記の額 平成27年６月第１四半期四半期報告書　　　 162,430円 平成27年９月第２四半期四半期報告書　　　 294,616円 平成27年12月第３四半期四半期報告書　　　227,202円 平成28年３月期有価証券報告書　　　　　　 237,185円 が、いずれも イ　6,000,000円 を超えないことから、 ・平成27年６月第１四半期四半期報告書については、6,000,000円の２分の１に相当する額である3,000,000円、 ・平成27年９月第２四半期四半期報告書については、6,000,000円の２分の１に相当する額である3,000,000円、 ・平成27年12月第３四半期四半期報告書については、6,000,000円の２分の１に相当する額である3,000,000円、 ・平成28年３月期有価証券報告書については、6,000,000円、 となる。 ここで、これらの開示書類が同一の事業年度に係るものであることから、金融商品取引法第185条の７第６項の規定により、6,000,000円を個別決定ごとの算出額に応じて按分した下記の金額が、これらの開示書類に係る課徴金の額となる。 ・平成27年６月第１四半期四半期報告書に係る課徴金の額は、1,200,000円 ・平成27年９月第２四半期四半期報告書に係る課徴金の額は、1,200,000円 ・平成27年12月第３四半期四半期報告書に係る課徴金の額は、1,200,000円 ・平成28年３月期有価証券報告書に係る課徴金の額は、2,400,000円 （３）　金融商品取引法第172条の２第１項第１号の規定により、当社の平成28年２月22日提出の有価証券届出書（株券の募集）に係る課徴金の額は、 重要な事項につき虚偽の記載がある発行開示書類に基づく募集により取得させた株券の発行価額の総額710,220,600円の100分の4.5に相当する額である31,959,927円 に、金融商品取引法第176条第２項の規定により１万円未満の端数を切り捨てて、 31,950,000円 となる。",0
2020-02-28,2019/01/16-2019/01/25,東洋合成工業株式会社,4970,東洋合成工業株式に係る相場操縦に対する課徴金納付命令の勧告について,https://www.fsa.go.jp/sesc/news/c_2020/2020/20200228-1.html,"English version 令和２年２月２８日 証券取引等監視委員会 東洋合成工業株式に係る相場操縦に対する課徴金納付命令の勧告について １．勧告の内容 証券取引等監視委員会は、東洋合成工業株式に係る相場操縦について検査した結果、下記のとおり法令違反の事実が認められたので、本日、内閣総理大臣及び金融庁長官に対して、金融庁設置法第２０条第１項の規定に基づき、課徴金納付命令を発出するよう勧告を行った。 ２．法令違反の事実関係 課徴金納付命令対象者は、東洋合成工業株式会社の株式につき、同株式の売買を誘引する目的をもって、別表記載のとおり、平成３１年１月１６日午前１１時１６分頃から同月２５日午後１時３２分頃までの間、８取引日にわたり、高指値の買い注文を連続して発注して、他の投資者が発注した売り注文を買い付けることにより直前の約定値より株価を引き上げたり、自身が発注した売り注文に高指値の買い注文を対当させて買い付けることにより直前の約定値より株価を引き上げたりするなどの方法により、同株式合計５万７１００株を買い付ける一方、同株式合計５万１００株を売り付け、もって、自己及び親族の計算において、同株式の売買が繁盛であると誤解させ、かつ、同株式の相場を変動させるべき一連の売買を行ったものである。 違反行為事実の概要については、 別図 のとおり。 課徴金納付命令対象者が行った上記の行為は、金融商品取引法第１７４条の２第１項に規定する「第１５９条第２項第１号の規定に違反する一連の有価証券売買等」に該当すると認められる。 ３．課徴金の額の計算 上記の違反行為に対し金融商品取引法に基づき納付を命じられる課徴金の額は、８０５万円である。 計算方法の詳細については、 別紙１ 及び 別紙２ のとおり。 ４．その他 本件については、日本取引所自主規制法人より提供された情報も参考として、実態解明を行ったものである。 （別表） ○違反行為状況 （クリックすると拡大されます） （別図） ○違反行為事実の概要について （クリックすると拡大されます） （別紙１） ○課徴金の額の計算方法について 別表 の違反行為に係る課徴金の額の計算の基礎は以下のとおりである。 １．金融商品取引法第１７４条の２第１項の規定により、当該違反行為に係る課徴金の額は、 (1) 当該違反行為に係る有価証券の売買対当数量に係るものについて、自己の計算による当該有価証券の売付け等の価額から、自己の計算による当該有価証券の買付け等の価額を控除した額 及び (2) 当該違反行為に係る自己の計算による有価証券の売付け等又は買付け等の数量が、当該違反行為に係る自己の計算による有価証券の買付け等又は売付け等の数量を超える場合、当該超える数量に係る有価証券の売付け等の価額から当該違反行為が終了してから１月を経過するまでの間の各日における当該違反行為に係る有価証券の買付け等についての金融商品取引法第６７条の１９又は第１３０条に規定する最低の価格のうち最も低い価格に当該超える数量を乗じて得た額を控除した額、又は当該違反行為が終了してから１月を経過するまでの間の各日における当該違反行為に係る有価証券の売付け等についての金融商品取引法第６７条の１９又は第１３０条に規定する最高の価格のうち最も高い価格に当該超える数量を乗じて得た額から当該超える数量に係る有価証券の買付け等の価額を控除した額 の合計額として算定。 なお、金融商品取引法第１７４条の２第６項第２号及び金融商品取引法第六章の二の規定による課徴金に関する内閣府令第１条の１７第２項第１号の規定により、当該違反者の親族の計算における売付け等又は買付け等は、当該違反者の自己の計算においてしたものとみなす。 ２．上記１．で算定された課徴金の額につき、金融商品取引法第１７６条第２項の規定により１万円未満の端数を切り捨てて算定。 以上につき、 別紙２ のとおり。 （別紙２） 別表 に掲げる事実につき (1) 当該違反行為に係る自己の計算による有価証券の売付け等の数量は、50,100株であり、当該違反行為に係る自己の計算による有価証券の買付け等の数量は、実際の買付け等の数量57,100株に、金融商品取引法第１７４条の２第８項及び金融商品取引法施行令第３３条の１３第１号の規定により、違反行為の開始時にその時における価格（894円）で買付け等を自己の計算においてしたものとみなされる当該違反行為の開始時に所有している有価証券の数量17,900株を加えた75,000株であることから、 ア．当該違反行為に係る有価証券の売買対当数量（50,100株）に係るものについて、自己の計算による当該有価証券の売付け等の価額から、自己の計算による当該有価証券の買付け等の価額を控除した額 （850円×3,700株＋851円×700株＋852円×800株＋853円×400株 ＋854円×100株＋856円×1,000株＋858円×1,600株＋860円×1,200株 ＋861円×200株＋862円×200株＋863円×400株＋864円×600株 ＋865円×600株＋867円×200株＋868円×100株＋869円×500株 ＋870円×800株＋871円×100株＋872円×200株＋873円×100株 ＋876円×100株＋880円×2,100株＋881円×1,000株＋882円×3,300株 ＋883円×1,900株＋884円×300株＋885円×2,500株＋886円×1,400株 ＋887円×300株＋888円×1,100株＋889円×400株＋890円×2,200株 ＋891円×1,300株＋892円×1,200株＋893円×1,800株＋894円×1,100株 ＋895円×3,500株＋896円×1,200株＋897円×1,000株＋898円×1,400株 ＋899円×200株＋901円×500株＋903円×1,200株＋904円×100株 ＋905円×1,300株＋906円×300株＋907円×100株＋909円×600株 ＋910円×2,900株＋913円×300株 －（851円×100株＋854円×100株＋855円×600株＋856円×100株 ＋857円×100株＋859円×600株＋860円×400株＋861円×100株 ＋863円×500株＋864円×200株＋865円×200株＋867円×200株 ＋870円×200株＋872円×100株＋873円×500株＋875円×700株 ＋876円×500株＋877円×500株＋878円×300株＋879円×600株 ＋880円×1,000株＋881円×600株＋882円×800株＋885円×200株 ＋886円×400株＋887円×100株＋888円×600株＋889円×400株 ＋890円×1,300株＋891円×1,100株＋892円×1,600株＋893円×1,700株 ＋894円×19,400株＋895円×2,000株＋896円×1,100株＋897円×600株 ＋898円×1,900株＋899円×1,100株＋900円×1,100株＋901円×800株 ＋902円×1,000株＋903円×400株＋904円×400株＋905円×200株 ＋906円×1,200株＋907円×100株＋908円×400株＋909円×400株 ＋910円×1,200株＋913円×400株） ＝ ▲425,700円 及び イ．当該違反行為に係る自己の計算による有価証券の買付け等の数量（75,000株）が、当該違反行為に係る自己の計算による有価証券の売付け等の数量（50,100株）を超えていることから、当該違反行為が終了してから１月を経過するまでの間の各日における当該違反行為に係る有価証券の売付け等についての金融商品取引法第６７条の１９又は第１３０条に規定する最高の価格のうち最も高い価格（1,224円）に当該超える数量24,900株（買付け等の数量75,000株－売付け等の数量50,100株）を乗じて得た額から、当該超える数量に係る有価証券の買付け等の価額を控除した額 （1,224円×24,900株） －（853円×100株＋856円×700株＋858円×1,400株＋859円×600株 ＋860円×2,200株＋861円×100株＋863円×200株＋864円×100株 ＋865円×600株＋866円×600株＋867円×500株＋868円×500株 ＋869円×300株＋870円×200株＋871円×500株＋872円×1,800株 ＋873円×300株＋875円×100株＋876円×100株＋878円×100株 ＋879円×300株＋886円×100株＋887円×100株＋888円×700株 ＋889円×900株＋890円×200株＋891円×300株＋892円×200株 ＋893円×1,300株＋894円×100株＋895円×600株＋896円×900株 ＋897円×1,100株＋898円×1,000株＋899円×1,100株＋900円×300株 ＋901円×100株＋902円×300株＋903円×400株＋904円×200株 ＋905円×500株＋906円×1,500株＋908円×300株＋909円×600株 ＋910円×800株） ＝ 8,485,000円 の合計額8,059,300円となる。 (2) 金融商品取引法第１７６条第２項の規定により、上記(1)で計算した額の１万円未満の端数を切捨て、8,050,000円となる。",0
2020-02-04,2016/06/21-2019/08/14,ジェイリース株式会社,7187,ジェイリース株式会社における有価証券報告書等の虚偽記載に係る課徴金納付命令勧告について,https://www.fsa.go.jp/sesc/news/c_2020/2020/20200204-1.html,"English version 令和２年２月４日 証券取引等監視委員会 ジェイリース株式会社における有価証券報告書等の虚偽記載に係る課徴金納付命令勧告について １．勧告の内容 証券取引等監視委員会は、ジェイリース株式会社（法人番号3320001003867）（以下「当社」という。）における有価証券報告書等の虚偽記載について検査した結果、以下のとおり法令違反の事実が認められたので、本日、内閣総理大臣及び金融庁長官に対して、金融庁設置法第20条第１項の規定に基づき、課徴金納付命令を発出するよう勧告を行った。 ２．法令違反の事実関係 （１）継続開示書類 当社は、家賃債務保証事業から発生した代位弁済立替金に係る貸倒引当金を過少に計上するという不適正な会計処理を行った。 この結果、当社は、九州財務局長に対し、以下のとおり、金融商品取引法第172条の４第１項及び第２項に規定する「重要な事項につき虚偽の記載」がある以下の有価証券報告書及び四半期報告書を提出した（「重要な事項につき虚偽の記載」の内容は別紙１の表の１～14のとおり）。 ・平成28年３月期有価証券報告書（平成28年６月30日提出） ・平成28年６月第１四半期四半期報告書（平成28年８月８日提出） ・平成28年９月第２四半期四半期報告書（平成28年11月８日提出） ・平成28年12月第３四半期四半期報告書（平成29年２月７日提出） ・平成29年３月期有価証券報告書（平成29年６月30日提出） ・平成29年６月第１四半期四半期報告書（平成29年８月９日提出） ・平成29年９月第２四半期四半期報告書（平成29年11月８日提出） ・平成29年12月第３四半期四半期報告書（平成30年２月７日提出） ・平成30年３月期有価証券報告書（平成30年６月28日提出） ・平成30年６月第１四半期四半期報告書（平成30年８月７日提出） ・平成30年９月第２四半期四半期報告書（平成30年12月14日提出） ・平成30年12月第３四半期四半期報告書（平成31年２月６日提出） ・平成31年３月期有価証券報告書（令和元年６月27日提出） ・令和元年６月第１四半期四半期報告書（令和元年８月14日提出） （２）発行開示書類 当社は、九州財務局長に対し、平成28年５月18日、金融商品取引法第172条の２第１項に規定する「重要な事項につき虚偽の記載」がある発行開示書類を提出し、当該有価証券届出書に基づく募集により、平成28年６月21日、150,000株の有価証券を395,250,000円で取得させたものである（「重要な事項につき虚偽の記載」の内容は別紙１の表の15のとおり）。 ３．課徴金の額の計算 上記の違法行為について金融商品取引法に基づき算定される課徴金の額は、4,478万円である（計算方法については別紙２のとおり。）。 【別紙１】有価証券報告書の虚偽記載内容 番号 対象書類 虚偽記載 提出日 書類 会計期間 記載項目 主な内容（注） 主な事由 １ 平成28年６月30日 第13期（平成27年４月１日～平成28年３月31日）に係る有価証券報告書 平成27年４月１日～平成28年３月31日の連結会計期間 連結 損益計算書 親会社株主に帰属する当期純利益が65,649千円であるところを87,467千円と記載 ・貸倒引当金繰入額の過少計上 ２ 平成28年８月８日 第14期第１四半期（平成28年４月１日～平成28年６月30日）に係る四半期報告書 平成28年４月１日～平成28年６月30日の第１四半期連結累計期間 四半期連結損益計算書 親会社株主に帰属する四半期純利益が▲4,988千円であるところを10,497千円と記載 ・貸倒引当金繰入額の過少計上 ３ 平成28年11月８日 第14期第２四半期（平成28年７月１日～平成28年９月30日）に係る四半期報告書 平成28年４月１日～平成28年９月30日の第２四半期連結累計期間 四半期連結損益計算書 親会社株主に帰属する四半期純利益が▲3,700千円であるところを38,828千円と記載 ・貸倒引当金繰入額の過少計上 ４ 平成29年２月７日 第14期第３四半期（平成28年10月１日～平成28年12月31日）に係る四半期報告書 平成28年４月１日～平成28年12月31日の第３四半期連結累計期間 四半期連結損益計算書 親会社株主に帰属する四半期純利益が10,273千円であるところを71,897千円と記載 ・貸倒引当金繰入額の過少計上 ５ 平成29年６月30日 第14期（平成28年４月１日～平成29年３月31日）に係る有価証券報告書 平成28年４月１日～平成29年３月31日の連結会計期間 連結 損益計算書 親会社株主に帰属する当期純利益が81,972千円であるところを220,459千円と記載 ・貸倒引当金繰入額の過少計上 ６ 平成29年８月９日 第15期第１四半期（平成29年４月１日～平成29年６月30日）に係る四半期報告書 平成29年４月１日～平成29年６月30日の第１四半期連結累計期間 四半期連結損益計算書 親会社株主に帰属する四半期純利益が27,003千円であるところを69,886千円と記載 ・貸倒引当金繰入額の過少計上 ７ 平成29年11月８日 第15期第２四半期（平成29年７月１日～平成29年９月30日）に係る四半期報告書 平成29年７月１日～平成29年９月30日の第２四半期連結会計期間 四半期連結貸借対照表 連結純資産額が935,341千円であるところを1,181,524千円と記載 ・貸倒引当金の過少計上 ・貸倒引当金繰入額の過少計上 平成29年４月１日～平成29年９月30日の第２四半期連結累計期間 四半期連結損益計算書 親会社株主に帰属する四半期純利益が25,169千円であるところを111,047千円と記載 ８ 平成30年２月７日 第15期第３四半期（平成29年10月１日～平成29年12月31日）に係る四半期報告書 平成29年10月１日～平成29年12月31日の第３四半期連結会計期間 四半期連結貸借対照表 連結純資産額が905,625千円であるところを1,191,049千円と記載 ・貸倒引当金の過少計上 ・貸倒引当金繰入額の過少計上 平成29年４月１日～平成29年12月31日の第３四半期連結累計期間 四半期連結損益計算書 親会社株主に帰属する四半期純利益が15,851千円であるところを140,971千円と記載 ９ 平成30年６月28日 第15期（平成29年４月１日～平成30年３月31日）に係る有価証券報告書 平成29年４月１日～平成30年３月31日の連結会計期間 連結 貸借対照表 連結純資産額が829,493千円であるところを1,304,486千円と記載 ・貸倒引当金の過少計上 ・貸倒引当金繰入額の過少計上 連結 損益計算書 親会社株主に帰属する当期純利益が▲63,544千円であるところを251,144千円と記載 10 平成30年８月７日 第16期第１四半期（平成30年４月１日～平成30年６月30日）に係る四半期報告書 平成30年４月１日～平成30年６月30日の第１四半期連結会計期間 四半期連結貸借対照表 連結純資産額が799,530千円であるところを1,331,715千円と記載 ・貸倒引当金の過少計上 ・貸倒引当金繰入額の過少計上 平成30年４月１日～平成30年６月30日の第１四半期連結累計期間 四半期連結損益計算書 親会社株主に帰属する四半期純利益が5,199千円であるところを62,391千円と記載 11 平成30年12月14日 第16期第２四半期（平成30年７月１日～平成30年９月30日）に係る四半期報告書 平成30年７月１日～平成30年９月30日の第２四半期連結会計期間 四半期連結貸借対照表 連結純資産額が578,588千円であるところを795,762千円と記載 ・貸倒引当金の過少計上 ・貸倒引当金繰入額の過少計上 平成30年４月１日～平成30年９月30日の第２四半期連結累計期間 四半期連結損益計算書 親会社株主に帰属する四半期純利益が▲196,299千円であるところを20,874千円と記載 12 平成31年２月６日 第16期第３四半期（平成30年10月１日～平成30年12月31日）に係る四半期報告書 平成30年10月１日～平成30年12月31日の第３四半期連結会計期間 四半期連結貸借対照表 連結純資産額が554,803千円であるところを814,436千円と記載 ・貸倒引当金の過少計上 ・貸倒引当金繰入額の過少計上 平成30年４月１日～平成30年12月31日の第３四半期連結累計期間 四半期連結損益計算書 親会社株主に帰属する四半期純利益が▲220,168千円であるところを39,464千円と記載 13 令和元年６月27日 第16期（平成30年４月１日～平成31年３月31日）に係る有価証券報告書 平成30年４月１日～平成31年３月31日の連結会計期間 連結 貸借対照表 連結純資産額が625,799千円であるところを893,112千円と記載 ・貸倒引当金の過少計上 ・貸倒引当金繰入額の過少計上 連結 損益計算書 親会社株主に帰属する当期純利益が▲149,938千円であるところを117,374千円と記載 14 令和元年８月14日 第17期第１四半期（平成31年４月１日～令和元年６月30日）に係る四半期報告書 平成31年４月１日～令和元年６月30日の第１四半期連結会計期間 四半期連結貸借対照表 連結純資産額が646,014千円であるところを916,482千円と記載 ・貸倒引当金の過少計上 15 平成28年５月18日 有価証券届出書（株券の募集） 「第二部　企業情報」・「第５　経理の状況」・「１　連結財務諸表等」・「（２）その他」 平成27年４月１日～平成28年３月31日の連結会計期間に係る経営成績の概要として記載すべき親会社株主に帰属する当期純利益が65,649千円であるところを87,467千円と記載 ・貸倒引当金繰入額の過少計上 （注）金額は千円未満切捨てである。 【別紙２】課徴金の計算方法 （１）　金融商品取引法第172条の４第１項の規定により、平成28年３月期有価証券報告書について算出した額は、当社が発行する算定基準有価証券の市場価額の総額に相当する額に10万分の６を乗じて得た額17,013円が6,000,000円を超えないことから、6,000,000円となる。 （２）　金融商品取引法第172条の４第１項及び第２項の規定により、平成28年６月第１四半期四半期報告書、平成28年９月第２四半期四半期報告書、平成28年12月第３四半期四半期報告書及び平成29年３月期有価証券報告書ごとに算出した額（以下(２)において「個別決定ごとの算出額」という。）は、 ア　当社が発行する算定基準有価証券の市場価額の総額に10万分の６を乗じて得た下記の額 平成28年６月第１四半期四半期報告書　　　 211,237円 平成28年９月第２四半期四半期報告書　　　 206,604円 平成28年12月第３四半期四半期報告書　　　236,988円 平成29年３月期有価証券報告書　　　　　　 226,981円 が、いずれも イ　6,000,000円 を超えないことから、 ・平成28年６月第１四半期四半期報告書については、6,000,000円の２分の１に相当する額である3,000,000円、 ・平成28年９月第２四半期四半期報告書については、6,000,000円の２分の１に相当する額である3,000,000円、 ・平成28年12月第３四半期四半期報告書については、6,000,000円の２分の１に相当する額である3,000,000円、 ・平成29年３月期有価証券報告書については、6,000,000円、 となる。 ここで、これらの開示書類が同一の事業年度に係るものであることから、金融商品取引法第185条の７第６項の規定により、6,000,000円を個別決定ごとの算出額に応じて按分した下記の金額が、これらの開示書類に係る課徴金の額となる。 ・平成28年６月第１四半期四半期報告書に係る課徴金の額は、1,200,000円 ・平成28年９月第２四半期四半期報告書に係る課徴金の額は、1,200,000円 ・平成28年12月第３四半期四半期報告書に係る課徴金の額は、1,200,000円 ・平成29年３月期有価証券報告書に係る課徴金の額は、2,400,000円 （３）　金融商品取引法第172条の４第１項及び第２項の規定により、平成29年６月第１四半期四半期報告書、平成29年９月第２四半期四半期報告書、平成29年12月第３四半期四半期報告書及び平成30年３月期有価証券報告書ごとに算出した額（以下(３)において「個別決定ごとの算出額」という。）は、 ア　当社が発行する算定基準有価証券の市場価額の総額に10万分の６を乗じて得た下記の額 平成29年６月第１四半期四半期報告書　　　 241,001円 平成29年９月第２四半期四半期報告書　　　 342,561円 平成29年12月第３四半期四半期報告書　　　450,629円 平成30年３月期有価証券報告書　　　　　　 375,953円 が、いずれも イ　6,000,000円 を超えないことから、 ・平成29年６月第１四半期四半期報告書については、6,000,000円の２分の１に相当する額である3,000,000円、 ・平成29年９月第２四半期四半期報告書については、6,000,000円の２分の１に相当する額である3,000,000円、 ・平成29年12月第３四半期四半期報告書については、6,000,000円の２分の１に相当する額である3,000,000円、 ・平成30年３月期有価証券報告書については、6,000,000円、 となる。 ここで、これらの開示書類が同一の事業年度に係るものであることから、金融商品取引法第185条の７第６項の規定により、6,000,000円を個別決定ごとの算出額に応じて按分した下記の金額が、これらの開示書類に係る課徴金の額となる。 ・平成29年６月第１四半期四半期報告書に係る課徴金の額は、1,200,000円 ・平成29年９月第２四半期四半期報告書に係る課徴金の額は、1,200,000円 ・平成29年12月第３四半期四半期報告書に係る課徴金の額は、1,200,000円 ・平成30年３月期有価証券報告書に係る課徴金の額は、2,400,000円 （４）　金融商品取引法第172条の４第１項及び第２項の規定により、平成30年６月第１四半期四半期報告書、平成30年９月第２四半期四半期報告書、平成30年12月第３四半期四半期報告書及び平成31年３月期有価証券報告書ごとに算出した額（以下(４)において「個別決定ごとの算出額」という。）は、 ア　当社が発行する算定基準有価証券の市場価額の総額に10万分の６を乗じて得た下記の額 平成30年６月第１四半期四半期報告書　　　 403,357円 平成30年９月第２四半期四半期報告書　　　 381,173円 平成30年12月第３四半期四半期報告書　　　287,909円 平成31年３月期有価証券報告書　　　　　　 320,110円 が、いずれも イ　6,000,000円 を超えないことから、 ・平成30年６月第１四半期四半期報告書については、6,000,000円の２分の１に相当する額である3,000,000円、 ・平成30年９月第２四半期四半期報告書については、6,000,000円の２分の１に相当する額である3,000,000円、 ・平成30年12月第３四半期四半期報告書については、6,000,000円の２分の１に相当する額である3,000,000円、 ・平成31年３月期有価証券報告書については、6,000,000円、 となる。 ここで、これらの開示書類が同一の事業年度に係るものであることから、金融商品取引法第185条の７第６項の規定により、6,000,000円を個別決定ごとの算出額に応じて按分した下記の金額が、これらの開示書類に係る課徴金の額となる。 ・平成30年６月第１四半期四半期報告書に係る課徴金の額は、1,200,000円 ・平成30年９月第２四半期四半期報告書に係る課徴金の額は、1,200,000円 ・平成30年12月第３四半期四半期報告書に係る課徴金の額は、1,200,000円 ・平成31年３月期有価証券報告書に係る課徴金の額は、2,400,000円 （５）　金融商品取引法第172条の４第２項の規定により、令和元年６月第１四半期四半期報告書について算出した額は、当該法人が発行する算定基準有価証券の市場価額の総額に10万分の６を乗じて得た額177,610円が　6,000,000円を超えないことから、6,000,000円の２分の１に相当する額である3,000,000円となる。 （６）　金融商品取引法第172条の２第１項第１号の規定により、当社の平成28年５月18日提出の有価証券届出書（株券の募集）に係る課徴金の額は、 重要な事項につき虚偽の記載がある発行開示書類に基づく募集により取得させた株券の発行価額の総額395,250,000円の100分の4.5に相当する額である17,786,250円 に、金融商品取引法第176条第２項の規定により１万円未満の端数を切り捨てて、 17,780,000円 となる。",0
2021-11-19,2016/12/22,株式会社梅,7604,株式会社梅の花における有価証券報告書の虚偽記載に係る課徴金納付命令勧告について,https://www.fsa.go.jp/sesc/news/c_2021/2021/20211119-2.html,"English version 令和３年11月19日 証券取引等監視委員会 株式会社梅の花における有価証券報告書の虚偽記載に係る課徴金納付命令勧告について １．勧告の内容 証券取引等監視委員会は、株式会社梅の花（法人番号5290001048435）（以下「当社」という。）における金融商品取引法に基づく開示規制の違反について検査した結果、以下のとおり法令違反の事実が認められたので、本日、内閣総理大臣及び金融庁長官に対して、金融庁設置法第20条第１項の規定に基づき、課徴金納付命令を発出するよう勧告を行った。 ２．法令違反の事実関係 当社は、特定の店舗に対する本社経費の配賦を不正に操作し、当該店舗の費用を適正額より過少に計上することにより、特別損失の計上を回避するという不適正な会計処理を行った。 この結果、当社は、福岡財務支局長に対し、金融商品取引法第172条の４第１項に規定する「重要な事項につき虚偽の記載」がある以下の有価証券報告書を提出した（「重要な事項につき虚偽の記載」の内容は別紙１のとおり）。 ・平成28年９月期有価証券報告書（平成28年12月22日提出） ３．課徴金の額の計算 上記の違法行為について金融商品取引法に基づき算定される課徴金の額は、300万円である（計算方法については別紙２のとおり。）。 【別紙１】有価証券報告書の虚偽記載内容 番号 対象書類 虚偽記載 提出日 書類 会計期間 記載項目 主な内容（注） 主な事由 １ 平成28年 12月22日 第37期（平成27年10月１日～平成28年９月30日）に係る有価証券報告書 平成27年10月１日～平成28年９月30日の連結会計期間 連結損益計算書 親会社株主に帰属する当期純利益が▲75,638千円であるところを96,625千円と記載 特別損失の過少計上 （注）金額は千円未満切捨てである。 【別紙２】課徴金の計算方法 金融商品取引法第172条の４第１項の規定により、平成28年９月期有価証券報告書について算出した課徴金の額は、当社が発行する算定基準有価証券の市場価額の総額に10万分の６を乗じて得た額1,165,321円が6,000,000円を超えないことから、6,000,000円となるが、金融商品取引法第26条第１項の規定による検査等が行われる前に、課徴金の減額に係る報告書が提出されていることから、金融商品取引法第185条の７第14項の規定により、6,000,000円に100分の50を乗じて得た額に相当する額である3,000,000円となる。",0
2021-12-14,2019/07/16-2019/08/29,株式会社ジーエヌアイグループ,2160,ジーエヌアイグループ株式外１銘柄に係る相場操縦に対する課徴金納付命令の勧告について,https://www.fsa.go.jp/sesc/news/c_2021/2021/20211214-1.html,"English version 令和３年12月14日 証券取引等監視委員会 ジーエヌアイグループ株式外１銘柄に係る相場操縦に対する課徴金納付命令の勧告について １．勧告の内容 証券取引等監視委員会は、ジーエヌアイグループ株式外１銘柄に係る相場操縦について検査した結果、下記のとおり法令違反の事実が認められたので、本日、内閣総理大臣及び金融庁長官に対して、金融庁設置法第２０条第１項の規定に基づき、課徴金納付命令を発出するよう勧告を行った。 ２．法令違反の事実関係 課徴金納付命令対象者は、 （１）　株式会社ジーエヌアイグループの株式につき、同株式の売買を誘引する目的をもって、別表１記載のとおり、令和元年７月１６日から同年８月１４日までの間、上値に複数の売り注文を重層的に発注し売り板を厚くした上で、直前の約定値より安い指値の売り注文を発注して売り付けることにより株価を引き下げたり、下値に複数の買い注文を重層的に発注し買い板を厚くした上で、直前の約定値より高い指値の買い注文を発注して買い付けることにより株価を引き上げたりするなどの方法により、同株式合計２３万１４００株の買付けの委託を行うとともに、同株式合計１３万９８００株を買い付ける一方、同株式合計２０万２１００株の売付けの委託を行うとともに、同株式合計１３万９８００株を売り付け、 （２）　ファナック株式会社の株式につき、同株式の売買を誘引する目的をもって、別表２記載のとおり、令和元年８月１６日から同月２９日までの間、上記同様の方法により、同株式合計１１５万６５００株の買付けの委託を行うとともに、同株式合計１２７万７５００株を買い付ける一方、同株式合計１００万３５００株の売付けの委託を行うとともに、同株式合計１２７万７５００株を売り付け、 もって、それぞれ、自己の計算において、上記各株式の売買が繁盛であると誤解させ、かつ、上記各株式の相場を変動させるべき一連の売買及び委託をしたものである。 違反行為事実の概要については、 別図 のとおり。 課徴金納付命令対象者が行った上記の各行為は、金融商品取引法第１７４条の２第１項に規定する「第１５９条第２項第１号の規定に違反する一連の有価証券売買等」に該当すると認められる。 ３．課徴金の額の計算 上記の各違反行為に対し金融商品取引法に基づき納付を命じられる課徴金の額の合計は、１６６７万円である。 計算方法の詳細については、 別紙 のとおり。 （別表１・２） ○違反行為状況 （クリックすると拡大されます） （別図） ○違反行為事実の概要について （クリックすると拡大されます） （別紙） ○課徴金の額の計算方法について 1． 別表１及び２ の各違反行為に係る課徴金の額の計算の基礎は以下のとおりである。 (1)　金融商品取引法第１７４条の２第１項第１号の規定により、当該違反行為に係る課徴金の額は、 当該違反行為に係る有価証券の売買対当数量に係るものについて、自己の計算による当該有価証券の売付け等の価額から、自己の計算による当該有価証券の買付け等の価額を控除した額として算定。 （注）各違反行為において、各違反行為期間中の売買株数が同数のため、金商法第１７４条の２第１項第２号の規定（当該違反行為に係る自己の計算による有価証券の売付け等又は買付け等の数量が当該違反行為に係る自己の計算による有価証券の買付け等又は売付け等の数量を超える場合）には該当しない。 (2)　上記(1)で算定された課徴金の額につき、金融商品取引法第１７６条第２項の規定により１万円未満の端数を切り捨てて算定。 ２． 別表１ に掲げるジーエヌアイグループ株式に係る取引 (1)　令和元年７月１６日の取引について 当該違反行為に係る自己の計算による有価証券の売付け等の数量は、5,100株であり、当該違反行為に係る自己の計算による有価証券の買付け等の数量も5,100株であることから、 ア．当該違反行為に係る有価証券の売買対当数量（5,100株）に係るものについて、自己の計算による当該有価証券の売付け等の価額から、自己の計算による当該有価証券の買付け等の価額を控除した額 （有価証券の売付け等の価額：20,927,500円） －（有価証券の買付け等の価額：20,895,000円） ＝32,500円 イ．金融商品取引法第１７６条第２項の規定により、上記ア．で計算した額の１万 円未満の端数を切捨て、30,000円となる。 (2)　令和元年７月１７日の取引について 当該違反行為に係る自己の計算による有価証券の売付け等の数量は、5,600株であり、当該違反行為に係る自己の計算による有価証券の買付け等の数量も5,600株であることから、 ア．当該違反行為に係る有価証券の売買対当数量（5,600株）に係るものについて、自己の計算による当該有価証券の売付け等の価額から、自己の計算による当該有価証券の買付け等の価額を控除した額 （有価証券の売付け等の価額：22,880,500円） －（有価証券の買付け等の価額：22,843,500円） ＝37,000円 イ．金融商品取引法第１７６条第２項の規定により、上記ア．で計算した額の１万円未満の端数を切捨て、30,000円となる。 (3)　令和元年７月２２日の取引について 当該違反行為に係る自己の計算による有価証券の売付け等の数量は、2,700株であり、当該違反行為に係る自己の計算による有価証券の買付け等の数量も2,700株であることから、 ア．当該違反行為に係る有価証券の売買対当数量（2,700株）に係るものについて、自己の計算による当該有価証券の売付け等の価額から、自己の計算による当該有価証券の買付け等の価額を控除した額 （有価証券の売付け等の価額：11,372,000円） －（有価証券の買付け等の価額：11,305,500円） ＝66,500円 イ．金融商品取引法第１７６条第２項の規定により、上記ア．で計算した額の１万円未満の端数を切捨て、60,000円となる。 (4)　令和元年７月２５日の取引について 当該違反行為に係る自己の計算による有価証券の売付け等の数量は、6,600株であり、当該違反行為に係る自己の計算による有価証券の買付け等の数量も6,600株であることから、 ア．当該違反行為に係る有価証券の売買対当数量（6,600株）に係るものについて、自己の計算による当該有価証券の売付け等の価額から、自己の計算による当該有価証券の買付け等の価額を控除した額 （有価証券の売付け等の価額：28,696,500円） －（有価証券の買付け等の価額：28,579,000円） ＝117,500円 イ．金融商品取引法第１７６条第２項の規定により、上記ア．で計算した額の１万円未満の端数を切捨て、110,000円となる。 (5)　令和元年７月２６日の取引について 当該違反行為に係る自己の計算による有価証券の売付け等の数量は、17,200株であり、当該違反行為に係る自己の計算による有価証券の買付け等の数量も17,200株であることから、 ア．当該違反行為に係る有価証券の売買対当数量（17,200株）に係るものについて、自己の計算による当該有価証券の売付け等の価額から、自己の計算による当該有価証券の買付け等の価額を控除した額 （有価証券の売付け等の価額：76,651,000円） －（有価証券の買付け等の価額：76,509,500円） ＝141,500円 イ．金融商品取引法第１７６条第２項の規定により、上記ア．で計算した額の１万円未満の端数を切捨て、140,000円となる。 (6)　令和元年７月２９日の取引について 当該違反行為に係る自己の計算による有価証券の売付け等の数量は、11,500株であり、当該違反行為に係る自己の計算による有価証券の買付け等の数量も11,500株であることから、 ア．当該違反行為に係る有価証券の売買対当数量（11,500株）に係るものについて、自己の計算による当該有価証券の売付け等の価額から、自己の計算による当該有価証券の買付け等の価額を控除した額 （有価証券の売付け等の価額：54,013,500円） －（有価証券の買付け等の価額：53,908,500円） ＝105,000円 イ．金融商品取引法第１７６条第２項の規定により、上記ア．で計算した額の１万円未満の端数を切捨て、100,000円となる。 (7)　令和元年７月３０日の取引について 当該違反行為に係る自己の計算による有価証券の売付け等の数量は、7,100株であり、当該違反行為に係る自己の計算による有価証券の買付け等の数量も7,100株であることから、 ア．当該違反行為に係る有価証券の売買対当数量（7,100株）に係るものについて、自己の計算による当該有価証券の売付け等の価額から、自己の計算による当該有価証券の買付け等の価額を控除した額 （有価証券の売付け等の価額：34,377,000円） －（有価証券の買付け等の価額：34,282,500円） ＝94,500円 イ．金融商品取引法第１７６条第２項の規定により、上記ア．で計算した額の１万円未満の端数を切捨て、90,000円となる。 (8)　令和元年８月６日の取引について 当該違反行為に係る自己の計算による有価証券の売付け等の数量は、27,800株であり、当該違反行為に係る自己の計算による有価証券の買付け等の数量も27,800株であることから、 ア．当該違反行為に係る有価証券の売買対当数量（27,800株）に係るものについて、自己の計算による当該有価証券の売付け等の価額から、自己の計算による当該有価証券の買付け等の価額を控除した額 （有価証券の売付け等の価額：118,695,000円） －（有価証券の買付け等の価額：118,092,000円） ＝603,000円 イ．金融商品取引法第１７６条第２項の規定により、上記ア．で計算した額の１万円未満の端数を切捨て、600,000円となる。 (9)　令和元年８月７日の取引について 当該違反行為に係る自己の計算による有価証券の売付け等の数量は、17,100株であり、当該違反行為に係る自己の計算による有価証券の買付け等の数量も17,100株であることから、 ア．当該違反行為に係る有価証券の売買対当数量（17,100株）に係るものについて、自己の計算による当該有価証券の売付け等の価額から、自己の計算による当該有価証券の買付け等の価額を控除した額 （有価証券の売付け等の価額：72,370,500円） －（有価証券の買付け等の価額：72,142,000円） ＝228,500円 イ．金融商品取引法第１７６条第２項の規定により、上記ア．で計算した額の１万円未満の端数を切捨て、220,000円となる。 (10)　令和元年８月９日の取引について 当該違反行為に係る自己の計算による有価証券の売付け等の数量は、2,000株であり、当該違反行為に係る自己の計算による有価証券の買付け等の数量も2,000株であることから、 ア．当該違反行為に係る有価証券の売買対当数量（2,000株）に係るものについて、自己の計算による当該有価証券の売付け等の価額から、自己の計算による当該有価証券の買付け等の価額を控除した額 （有価証券の売付け等の価額：8,813,500円） －（有価証券の買付け等の価額：8,747,000円） ＝66,500円 イ．金融商品取引法第１７６条第２項の規定により、上記ア．で計算した額の１万円未満の端数を切捨て、60,000円となる。 (11)　令和元年８月１３日の取引について 当該違反行為に係る自己の計算による有価証券の売付け等の数量は、22,800株であり、当該違反行為に係る自己の計算による有価証券の買付け等の数量も22,800株であることから、 ア．当該違反行為に係る有価証券の売買対当数量（22,800株）に係るものについて、自己の計算による当該有価証券の売付け等の価額から、自己の計算による当該有価証券の買付け等の価額を控除した額 （有価証券の売付け等の価額：95,096,500円） －（有価証券の買付け等の価額：94,794,500円） ＝302,000円 イ．金融商品取引法第１７６条第２項の規定により、上記ア．で計算した額の１万円未満の端数を切捨て、300,000円となる。 (12)　令和元年８月１４日の取引について 当該違反行為に係る自己の計算による有価証券の売付け等の数量は、14,300株であり、当該違反行為に係る自己の計算による有価証券の買付け等の数量も14,300株であることから、 ア．当該違反行為に係る有価証券の売買対当数量（14,300株）に係るものについて、自己の計算による当該有価証券の売付け等の価額から、自己の計算による当該有価証券の買付け等の価額を控除した額 （有価証券の売付け等の価額：61,172,500円） －（有価証券の買付け等の価額：61,137,000円） ＝35,500円 イ．金融商品取引法第１７６条第２項の規定により、上記ア．で計算した額の１万円未満の端数を切捨て、30,000円となる。 ３． 別表２ に掲げるファナック株式に係る取引 (1)　令和元年８月１６日の取引について 当該違反行為に係る自己の計算による有価証券の売付け等の数量は、41,800株であり、当該違反行為に係る自己の計算による有価証券の買付け等の数量も41,800株であることから、 ア．当該違反行為に係る有価証券の売買対当数量（41,800株）に係るものについて、自己の計算による当該有価証券の売付け等の価額から、自己の計算による当該有価証券の買付け等の価額を控除した額 （有価証券の売付け等の価額：749,256,500円） －（有価証券の買付け等の価額：748,573,000円） ＝683,500円 イ．金融商品取引法第１７６条第２項の規定により、上記ア．で計算した額の１万円未満の端数を切捨て、680,000円となる。 (2)　令和元年８月１９日の取引について 当該違反行為に係る自己の計算による有価証券の売付け等の数量は、159,800株であり、当該違反行為に係る自己の計算による有価証券の買付け等の数量も159,800株であることから、 ア．当該違反行為に係る有価証券の売買対当数量（159,800株）に係るものについて、自己の計算による当該有価証券の売付け等の価額から、自己の計算による当該有価証券の買付け等の価額を控除した額 （有価証券の売付け等の価額：2,880,203,500円） －（有価証券の買付け等の価額：2,877,648,500円） ＝2,555,000円 イ．金融商品取引法第１７６条第２項の規定により、上記ア．で計算した額の１万円未満の端数を切捨て、2,550,000円となる。 (3)　令和元年８月２０日の取引について 当該違反行為に係る自己の計算による有価証券の売付け等の数量は、153,700株であり、当該違反行為に係る自己の計算による有価証券の買付け等の数量も153,700株であることから、 ア．当該違反行為に係る有価証券の売買対当数量（153,700株）に係るものについて、自己の計算による当該有価証券の売付け等の価額から、自己の計算による当該有価証券の買付け等の価額を控除した額 （有価証券の売付け等の価額：2,794,195,500円） －（有価証券の買付け等の価額：2,792,416,000円） ＝1,779,500円 イ．金融商品取引法第１７６条第２項の規定により、上記ア．で計算した額の１万円未満の端数を切捨て、1,770,000円となる。 (4)　令和元年８月２１日の取引について 当該違反行為に係る自己の計算による有価証券の売付け等の数量は、214,000株であり、当該違反行為に係る自己の計算による有価証券の買付け等の数量も214,000株であることから、 ア．当該違反行為に係る有価証券の売買対当数量（214,000株）に係るものについて、自己の計算による当該有価証券の売付け等の価額から、自己の計算による当該有価証券の買付け等の価額を控除した額 （有価証券の売付け等の価額：3,910,077,500円） －（有価証券の買付け等の価額：3,906,562,500円） ＝3,515,000円 イ．金融商品取引法第１７６条第２項の規定により、上記ア．で計算した額の１万円未満の端数を切捨て、3,510,000円となる。 (5)　令和元年８月２２日の取引について 当該違反行為に係る自己の計算による有価証券の売付け等の数量は、194,600株であり、当該違反行為に係る自己の計算による有価証券の買付け等の数量も194,600株であることから、 ア．当該違反行為に係る有価証券の売買対当数量（194,600株）に係るものについて、自己の計算による当該有価証券の売付け等の価額から、自己の計算による当該有価証券の買付け等の価額を控除した額 （有価証券の売付け等の価額：3,596,069,000円） －（有価証券の買付け等の価額：3,593,406,000円） ＝2,663,000円 イ．金融商品取引法第１７６条第２項の規定により、上記ア．で計算した額の１万円未満の端数を切捨て、2,660,000円となる。 (6)　令和元年８月２３日の取引について 当該違反行為に係る自己の計算による有価証券の売付け等の数量は、140,800株であり、当該違反行為に係る自己の計算による有価証券の買付け等の数量も140,800株であることから、 ア．当該違反行為に係る有価証券の売買対当数量（140,800株）に係るものについて、自己の計算による当該有価証券の売付け等の価額から、自己の計算による当該有価証券の買付け等の価額を控除した額 （有価証券の売付け等の価額：2,604,568,500円） －（有価証券の買付け等の価額：2,603,521,500円） ＝1,047,000円 イ．金融商品取引法第１７６条第２項の規定により、上記ア．で計算した額の１万円未満の端数を切捨て、1,040,000円となる。 (7)　令和元年８月２７日の取引について 当該違反行為に係る自己の計算による有価証券の売付け等の数量は、159,800株であり、当該違反行為に係る自己の計算による有価証券の買付け等の数量も159,800株であることから、 ア．当該違反行為に係る有価証券の売買対当数量（159,800株）に係るものについて、自己の計算による当該有価証券の売付け等の価額から、自己の計算による当該有価証券の買付け等の価額を控除した額 （有価証券の売付け等の価額：2,849,540,000円） －（有価証券の買付け等の価額：2,847,384,0000円） ＝2,156,000円 イ．金融商品取引法第１７６条第２項の規定により、上記ア．で計算した額の１万円未満の端数を切捨て、2,150,000円となる。 (8)　令和元年８月２８日の取引について 当該違反行為に係る自己の計算による有価証券の売付け等の数量は、134,000株であり、当該違反行為に係る自己の計算による有価証券の買付け等の数量も134,000株であることから、 ア．当該違反行為に係る有価証券の売買対当数量（134,000株）に係るものについて、自己の計算による当該有価証券の売付け等の価額から、自己の計算による当該有価証券の買付け等の価額を控除した額 （有価証券の売付け等の価額：2,383,271,500円） －（有価証券の買付け等の価額：2,382,804,500円） ＝467,000円 イ．金融商品取引法第１７６条第２項の規定により、上記ア．で計算した額の１万円未満の端数を切捨て、460,000円となる。 (9)　令和元年８月２９日の取引について 当該違反行為に係る自己の計算による有価証券の売付け等の数量は、79,000株であり、当該違反行為に係る自己の計算による有価証券の買付け等の数量も79,000株であることから、 ア．当該違反行為に係る有価証券の売買対当数量（79,000株）に係るものについて、自己の計算による当該有価証券の売付け等の価額から、自己の計算による当該有価証券の買付け等の価額を控除した額 （有価証券の売付け等の価額：1,413,436,500円） －（有価証券の買付け等の価額：1,413,351,500円） ＝85,000円 イ．金融商品取引法第１７６条第２項の規定により、上記ア．で計算した額の１万円未満の端数を切捨て、80,000円となる。 ※　各違反行為期間における売付け等の価額及び買付け等の価額の詳細については、 別表３ を参照。 ４．上記２．及び３．により算定した額の合計 ２．の合計額1,770,000円　＋　３．の合計額14,900,000円 ＝16,670,000円　となる。 別表３（PDF）",0
2021-11-05,2018/04/17-2018/04/20,ヤマハ株式会社,7951,Evolution Trading Ltd によるヤマハ株式会社株式に係る相場操縦に対する課徴金納付命令の勧告について,https://www.fsa.go.jp/sesc/news/c_2021/2021/20211105-1.html,"English version 令和3年11月５日 証券取引等監視委員会 Evolution Trading Ltd によるヤマハ株式会社株式に係る相場操縦に対する課徴金納付命令の勧告について １．勧告の内容 証券取引等監視委員会は、Evolution Trading Ltd（以下「エボリューション」という。）によるヤマハ株式会社株式に係る相場操縦について検査した結果、下記のとおり法令違反の事実が認められたので、本日、内閣総理大臣及び金融庁長官に対して、金融庁設置法第２０条第１項の規定に基づき、課徴金納付命令を発出するよう勧告を行った。 （注）Evolution Trading Ltdと日本の金融商品取引業者で同社と類似する商号を持つ（１）EVOLUTION JAPAN証券株式会社（東京都千代田区、法人番号2011001041856、第一種及び第二種金融商品取引業）及び（２）EVOLUTION JAPANアセットマネジメント株式会社（東京都千代田区、法人番号8011001056163、投資運用業、投資助言・代理業）との間に関係性は認められない。 ２．法令違反の事実関係 エボリューションは、英領バージン諸島法に基づき設立された法人であり、海外の証券会社甲との間で、日本株式を原資産とする店頭デリバティブ取引である証券ＣＦＤ取引を行い、同取引の注文を受けた証券会社甲において、証券会社グループ乙を介して、証券ＣＦＤ取引に係る注文と同内容の日本株式の売買の注文を即時に株式会社東京証券取引所（以下「東京証券取引所」という。）等に発注していたものであるが、エボリューションの役員において、同社の業務として、東京証券取引所市場第一部に上場されているヤマハ株式会社の株式につき、その売買を誘引する目的をもって、 別表 記載のとおり、平成３０年４月１７日午後１時２６分７秒頃から同月２０日午前９時１９分４４秒頃までの間、合計４取引日にわたり、東京証券取引所等において、証券会社甲に対して同株式を原資産とする証券ＣＦＤ取引の申込みを行い、前記発注形態を通じて、最良気配又はそれに劣後する価格に約定させる意思のない注文を出して、同株式の価格を引き上げ、又は引き下げた上で、自己に有利な価格で証券ＣＦＤ取引を約定させるなどの方法により、同株式合計３４万７３００株の買い注文に係る証券ＣＦＤ取引の申込みを行うとともに、同株式合計２２万２５００株の売り注文に係る証券ＣＦＤ取引を行う一方、同株式合計３０万５３００株の売り注文に係る証券ＣＦＤ取引の申込みを行うとともに、同株式合計２２万２７００株の買い注文に係る証券ＣＦＤ取引を行い、もって、自己の計算において、同株式の売買が繁盛であると誤解させ、かつ、東京証券取引所市場第一部における同株式の相場を変動させるべき一連の店頭デリバティブ取引及びその申込みをしたものである。 違反行為事実の概要については、 別図 のとおり。 エボリューションが行った上記の行為は、金融商品取引法（以下「金商法」という。）第１７４条の２第１項に規定する「第１５９条第２項第１号の規定に違反する一連の有価証券売買等」及び「その申込み」に該当すると認められる。 ３．課徴金の額の計算 上記の違法行為について金商法に基づき算定される課徴金の額は、２７６万円である。 計算方法の詳細については、 別紙１ のとおり。 ４．その他 本件については、英領バージン諸島、中華人民共和国、香港及びシンガポール共和国の各国金融規制当局（British Virgin Islands Financial Services Commission、China Securities Regulatory Commission、Hong Kong Securities and Futures Commission、Monetary Authority of Singapore）から支援を受けている。 また、日本取引所自主規制法人から提供された情報も参考として、実態解明を行ったものである。 （別表） ○違反行為状況 （別図） ○違反行為事実の概要について （別紙１） ○課徴金の額の計算方法について 1． 別表 の各違反行為に係る課徴金の額の計算の基礎は以下のとおりである。 (1) 金商法第１７４条の２第１項第１号の規定により、当該違反行為に係る課徴金の額は、 当該違反行為に係る有価証券の売買対当数量に係るものについて、自己の計算による当該有価証券の売付け等の価額から、自己の計算による当該有価証券の買付け等の価額を控除した額として算定。（注） （注）本件取引は、各違反行為期間の売買数量が対当しているため、金商法第１７４条の２第１項第２号には該当しない。 (2) 上記(1)で算定された各違反行為期間における課徴金の額につき、金商法第１７６条第２項の規定により１万円未満の端数を切り捨てて算定。 (3) 上記(2)によりそれぞれ算定した額を合計し、課徴金の額とする。 ２．本件における課徴金の額は、 (1)平成３０年４月１７日の違反行為期間について 当該違反行為に係る自己の計算による有価証券の売付け等の数量は、35,200株であり、当該違反行為に係る自己の計算による有価証券の買付け等の数量も35,200株であることから、 ア．当該違反行為に係る有価証券の売買対当数量（35,200株）に係るものについて、自己の計算による当該有価証券の売付け等の価額から、自己の計算による当該有価証券の買付け等の価額を控除した額 （有価証券の売付け等の価額：170,863,310円）－（有価証券の買付け等の価額：170,597,620円）＝265,690円 イ．金商法第１７６条第２項の規定により、上記ア.で計算した額の１万円未満の端数を切捨て、260,000円となる。 (2) 平成３０年４月１８日の違反行為期間について 当該違反行為に係る自己の計算による有価証券の売付け等の数量は、実際の売付け等の数量71,100株に、金商法第１７４条の２第７項の規定により、違反行為の開始時にその時における価格（4,905円）で売付け等を自己の計算においてしたものとみなされる数量100株を加えた71,200株であり、当該違反行為に係る自己の計算による有価証券の買付け等の数量も71,200株であることから、 ア．当該違反行為に係る有価証券の売買対当数量（71,200株）に係るものについて、自己の計算による当該有価証券の売付け等の価額から、自己の計算による当該有価証券の買付け等の価額を控除した額 （有価証券の売付け等の価額：349,288,770円）－（有価証券の買付け等の価額：348,666,770円）＝622,000円 イ．金商法第１７６条第２項の規定により、上記ア.で計算した額の１万円未満の端数を切捨て、620,000円となる。 (3) 平成３０年４月１９日の違反行為期間について 当該違反行為に係る自己の計算による有価証券の売付け等の数量は、73,100株であり、当該違反行為に係る自己の計算による有価証券の買付け等の数量も73,100株であることから、 ア．当該違反行為に係る有価証券の売買対当数量（73,100株）に係るものについて、自己の計算による当該有価証券の売付け等の価額から、自己の計算による当該有価証券の買付け等の価額を控除した額 （有価証券の売付け等の価額：356,956,910円）－（有価証券の買付け等の価額：356,109,440円）＝847,470円 イ．金商法第１７６条第２項の規定により、上記ア.で計算した額の１万円未満の端数を切捨て、840,000円となる。 (4) 平成３０年４月２０日の違反行為期間について 当該違反行為に係る自己の計算による有価証券の売付け等の数量は、実際の売付け等の数量43,100株に、金商法第１７４条の２第７項の規定により、違反行為の開始時にその時における価格（4,865円）で売付け等を自己の計算においてしたものとみなされる数量100株を加えた43,200株であり、当該違反行為に係る自己の計算による有価証券の買付け等の数量も43,200株であることから、 ア．当該違反行為に係る有価証券の売買対当数量（43,200株）に係るものについて、自己の計算による当該有価証券の売付け等の価額から、自己の計算による当該有価証券の買付け等の価額を控除した額 （有価証券の売付け等の価額：211,310,010円）－（有価証券の買付け等の価額：210,269,030円）＝1,040,980円 イ．金商法第１７６条第２項の規定により、上記ア．で計算した額の１万円未満の端数を切捨て、1,040,000円となる。 ※　各違反行為期間における売付け等の価額及び買付け等の価額の詳細については、 別紙２ を参照。 ３．課徴金の額（合計額） 上記２．(1)ないし(4)により算定した額の合計 260,000円＋620,000円＋840,000円＋1,040,000円＝2,760,000円となる。",0
2021-06-18,2018/12/12-2019/08/21,株式会社バンダイナムコホールディングス,7832,イズミ株式外６銘柄に係る相場操縦に対する課徴金納付命令の勧告について,https://www.fsa.go.jp/sesc/news/c_2021/2021/20210618-2.html,"English version 令和3年6月18日 証券取引等監視委員会 イズミ株式外６銘柄に係る相場操縦に対する課徴金納付命令の勧告について １．勧告の内容 証券取引等監視委員会は、イズミ株式外６銘柄に係る相場操縦について検査した結果、下記のとおり法令違反の事実が認められたので、本日、内閣総理大臣及び金融庁長官に対して、金融庁設置法第２０条第１項の規定に基づき、課徴金納付命令を発出するよう勧告を行った。 ２．法令違反の事実関係 課徴金納付命令対象者は、 (1) 　住友大阪セメント株式会社の株式につき、同株式の売買を誘引する目的をもって、別表記載のとおり、平成３０年１２月１２日午後１時３７分頃から同日午後１時４８分頃までの間、先に、最良買い気配に複数の買い注文を発注した上で、最良売り気配に複数の売り注文を発注して売り板を厚くすることで既に発注していた自らの買い注文を約定させ、次に、最良買い気配に複数の買い注文を発注して買い板を厚くすることで、売り板を厚くしていた自らの売り注文を約定させることを繰り返すなどの方法により、同株式合計８３００株の買付けの委託を行うとともに、同株式合計３万７００株を買い付ける一方、同株式合計１万２８００株の売付けの委託を行うとともに、同株式合計３万３００株を売り付け、 (2) 　九州旅客鉄道株式会社の株式につき、同株式の売買を誘引する目的をもって、別表記載のとおり、平成３０年１２月２０日午前９時１２分頃から同日午前９時２２分頃までの間、上記同様の方法により、同株式合計３万６１００株の買付けの委託を行うとともに、同株式合計４万４００株を買い付ける一方、同株式合計３万２４００株の売付けの委託を行うとともに、同株式合計４万３０００株を売り付け、 (3)　 株式会社バンダイナムコホールディングスの株式につき、同株式の売買を誘引する目的をもって、別表記載のとおり、平成３１年１月１０日午前９時１６分頃から同日午後２時３分頃までの間、上記同様の方法により、同株式合計３万１０００株の買付けの委託を行うとともに、同株式合計５万８４００株を買い付ける一方、同株式合計３万２３００株の売付けの委託を行うとともに、同株式合計６万２０００株を売り付け、 (4) 　株式会社イズミの株式につき、同株式の売買を誘引する目的をもって、別表記載のとおり、平成３１年２月５日午前１０時６分頃から同日午前１０時１７分頃までの間、上記同様の方法により、同株式合計２００株の買付けの委託を行うとともに、同株式合計３万４９００株を買い付ける一方、同株式合計１万４０００株の売付けの委託を行うとともに、同株式合計３万５１００株を売り付け、 (5) 　大成建設株式会社の株式につき、同株式の売買を誘引する目的をもって、別表記載のとおり、令和元年６月２８日午前９時９分頃から同日午前９時５３分頃までの間、上記同様の方法により、同株式合計６万４３００株の買付けの委託を行うとともに、同株式合計４万３００株を買い付ける一方、同株式合計３万７５００株の売付けの委託を行うとともに、同株式合計３万５４００株を売り付け、 (6)　 ＡＧＣ株式会社の株式につき、同株式の売買を誘引する目的をもって、別表記載のとおり、令和元年７月１日午前９時５７分頃から同日午後１時４８分頃までの間、上記同様の方法により、同株式合計５万２５００株の買付けの委託を行うとともに、同株式合計８万８１００株を買い付ける一方、同株式合計１０万７１００株の売付けの委託を行うとともに、同株式合計８万６２００株を売り付け、 (7) 　株式会社小糸製作所の株式につき、同株式の売買を誘引する目的をもって、別表記載のとおり、令和元年８月２１日午前１０時５１分頃から同日午前１１時４分頃までの間、上記同様の方法により、同株式合計１万１２００株の買付けの委託を行うとともに、同株式合計３万２６００株を買い付ける一方、同株式合計１万７９００株の売付けの委託を行うとともに、同株式合計３万５７００株を売り付け、 もって、それぞれ、自己の計算において、上記各株式の売買が繁盛であると誤解させ、かつ、上記各株式の相場を変動させるべき一連の売買及び委託をしたものである。 違反行為事実の概要については、 別図 のとおり。 課徴金納付命令対象者が行った上記の各行為は、金融商品取引法第１７４条の２第１項に規定する「第１５９条第２項第１号の規定に違反する一連の有価証券売買等」に該当すると認められる。 ３．課徴金の額の計算 上記の違反行為に対し金融商品取引法に基づき納付を命じられる課徴金の額は、６９８万円である。 計算方法の詳細については、 別紙 のとおり。 ４．その他 本件については、日本取引所自主規制法人より提供された情報も参考として、実態解明を行ったものである。 （別表） ○違反行為状況 （クリックすると拡大されます） （別図） ○違反行為事実の概要について （クリックすると拡大されます） （別紙） ○課徴金の額の計算方法について 1． 別表 の各違反行為に係る課徴金の額の計算の基礎は以下のとおりである。 (1) 金融商品取引法第１７４条の２第１項の規定により、当該違反行為に係る課徴金の額は、 ア．当該違反行為に係る有価証券の売買対当数量に係るものについて、自己の計算による当該有価証券の売付け等の価額から、自己の計算による当該有価証券の買付け等の価額を控除した額 及び イ．当該違反行為に係る自己の計算による有価証券の売付け等の数量が、当該違反行為に係る自己の計算による有価証券の買付け等の数量を超える場合、当該超える数量に係る有価証券の売付け等の価額から、当該違反行為が終了してから１月を経過するまでの間の各日における当該違反行為に係る有価証券の買付け等についての金融商品取引法第６７条の１９又は第１３０条に規定する最低の価格のうち最も低い価格に当該超える数量を乗じて得た額を控除した額 又は 当該違反行為に係る自己の計算による有価証券の買付け等の数量が、当該違反行為に係る自己の計算による有価証券の売付け等の数量を超える場合、当該違反行為が終了してから１月を経過するまでの間の各日における当該違反行為に係る有価証券の売付け等についての金融商品取引法第６７条の１９又は第１３０条に規定する最高の価格のうち最も高い価格に当該超える数量を乗じて得た額から、当該超える数量に係る有価証券の買付け等の価額を控除した額 の合計額として算定。 (2) 上記(1)で算定された課徴金の額につき、金融商品取引法第１７６条第２項の規定により１万円未満の端数を切り捨てて算定。 (3) 上記(2)によりそれぞれ算定した額を合計し、課徴金の額とする。 ２． 別表 に掲げる住友大阪セメント株式に係る取引について (1) 当該違反行為に係る自己の計算による有価証券の買付け等の数量は、30,700株であり、当該違反行為に係る自己の計算による有価証券の売付け等の数量は、実際の売付け等の数量30,300株に、金融商品取引法第１７４条の２第７項及び金融商品取引法施行令第３３条の１２第１号の規定により、違反行為の開始時にその時における価格（4,710円）で売付け等を自己の計算においてしたものとみなされる当該違反行為の開始時に売付けをしている有価証券の数量1,600株を加えた31,900株であることから、 ア．当該違反行為に係る有価証券の売買対当数量（30,700株）に係るものについて、自己の計算による当該有価証券の売付け等の価額から、自己の計算による当該有価証券の買付け等の価額を控除した額 （4,695円×4,500株＋4,700円×2,000株＋4,710円×23,400株 ＋4,715円×800株） －（4,690円×2,500株＋4,695円×1,800株＋4,700円×1,000株 ＋4,705円×25,000株＋4,710円×300株＋4,715円×100株） ＝ 128,000円 及び イ．当該違反行為に係る自己の計算による有価証券の売付け等の数量（31,900株）が、当該違反行為に係る自己の計算による有価証券の買付け等の数量（30,700株）を超えていることから、当該超える数量に係る有価証券の売付け等の価額から、当該違反行為が終了してから１月を経過するまでの間の各日における当該違反行為に係る有価証券の買付け等についての金融商品取引法第６７条の１９又は第１３０条に規定する最低の価格のうち最も低い価格（4,247円）に当該超える数量1,200株（売付け等の数量31,900株－買付け等の数量30,700株）を乗じて得た額を控除した額 （4,695円×500株＋4,705円×700株） －（4,247円×1,200株） ＝ 544,600円 の合計額672,600円となる。 (2) 金融商品取引法第１７６条第２項の規定により、上記(1)で計算した額の１万円未満の端数を切捨て、670,000円となる。 ３． 別表 に掲げる九州旅客鉄道株式に係る取引について (1) 当該違反行為に係る自己の計算による有価証券の売付け等の数量は43,000株であり、当該違反行為に係る自己の計算による有価証券の買付け等の数量は40,400株であることから、 ア．当該違反行為に係る有価証券の売買対当数量（40,400株）に係るものについて、自己の計算による当該有価証券の売付け等の価額から、自己の計算による当該有価証券の買付け等の価額を控除した額 （3,755円×1,800株＋3,765円×1,900株＋3,770円×4,200株 ＋3,780円×20,000株＋3,790円×12,500株） －（3,750円×1,500株＋3,755円×1,500株＋3,765円×600株＋3,770円×300株 ＋3,775円×13,500株＋3,785円×22,000株＋3,790円×1,000株） ＝ 51,500円 及び イ．当該違反行為に係る自己の計算による有価証券の売付け等の数量（43,000株）が、当該違反行為に係る自己の計算による有価証券の買付け等の数量（40,400株）を超えていることから、当該超える数量に係る有価証券の売付け等の価額から、当該違反行為が終了してから１月を経過するまでの間の各日における当該違反行為に係る有価証券の買付け等についての金融商品取引法第６７条の１９又は第１３０条に規定する最低の価格のうち最も低い価格（3,495円）に当該超える数量2,600株（売付け等の数量43,000株－買付け等の数量40,400株）を乗じて得た額を控除した額 （3,755円×2,600株） －（3,495円×2,600株） ＝ 676,000円 の合計額727,500円となる。 (2) 金融商品取引法第１７６条第２項の規定により、上記(1)で計算した額の１万円未満の端数を切捨て、720,000円となる。 ４． 別表 に掲げるバンダイナムコホールディングス株式に係る取引について 当該違反行為に係る自己の計算による有価証券の売付け等の数量は62,000株であり、当該違反行為に係る自己の計算による有価証券の買付け等の数量は58,400株であることから、 ア．当該違反行為に係る有価証券の売買対当数量（58,400株）に係るものについて、自己の計算による当該有価証券の売付け等の価額から、自己の計算による当該有価証券の買付け等の価額を控除した額 （4,680円×21,000株＋4,690円×3,000株＋4,695円×100株 ＋4,705円×900株＋4,735円×17,800株＋4,740円×4,200株 ＋4,745円×2,400株＋4,755円×9,000株） －（4,675円×19,000株＋4,685円×2,000株＋4,700円×1,400株 ＋4,710円×2,000株＋4,715円×600株＋4,730円×16,400株 ＋4,750円×17,000株） ＝ 82,000円 及び イ．当該違反行為に係る自己の計算による有価証券の売付け等の数量（62,000株）が、当該違反行為に係る自己の計算による有価証券の買付け等の数量（58,400株）を超えていることから、当該超える数量に係る有価証券の売付け等の価額から、当該違反行為が終了してから１月を経過するまでの間の各日における当該違反行為に係る有価証券の買付け等についての金融商品取引法第６７条の１９又は第１３０条に規定する最低の価格のうち最も低い価格（4,455円）に当該超える数量3,600株（売付け等の数量62,000株－買付け等の数量58,400株）を乗じて得た額を控除した額 （4,735円×3,600株） －（4,455円×3,600株） ＝ 1,008,000円 の合計額1,090,000円となる。 ５． 別表 に掲げるイズミ株式に係る取引について 当該違反行為に係る自己の計算による有価証券の売付け等の数量は、35,100株であり、当該違反行為に係る自己の計算による有価証券の買付け等の数量は、実際の買付け等の数量34,900株に、金融商品取引法第１７４条の２第８項及び金融商品取引法施行令第３３条の１３第１号の規定により、違反行為の開始時にその時における価格（5,530円）で買付け等を自己の計算においてしたものとみなされる当該違反行為の開始時に所有している有価証券の数量300株を加えた35,200株であることから、 ア．当該違反行為に係る有価証券の売買対当数量（35,100株）に係るものについて、自己の計算による当該有価証券の売付け等の価額から、自己の計算による当該有価証券の買付け等の価額を控除した額 （5,540円×14,000株＋5,560円×21,100株） －（5,530円×6,000株＋5,540円×3,600株＋5,550円×25,500株） ＝ 227,000円 及び イ．当該違反行為に係る自己の計算による有価証券の買付け等の数量（35,200株）が、当該違反行為に係る自己の計算による有価証券の売付け等の数量（35,100株）を超えていることから、当該違反行為が終了してから１月を経過するまでの間の各日における当該違反行為に係る有価証券の売付け等についての金融商品取引法第６７条の１９又は第１３０条に規定する最高の価格のうち最も高い価格（5,580円）に当該超える数量100株（買付け等の数量35,200株－売付け等の数量35,100株）を乗じて得た額から、当該超える数量に係る有価証券の買付け等の価額を控除した額 （5,580円×100株） －（5,550円×100株） ＝ 3,000円 の合計額230,000円となる。 ６． 別表 に掲げる大成建設株式に係る取引について (1) 当該違反行為に係る自己の計算による有価証券の買付け等の数量は40,300株であり、当該違反行為に係る自己の計算による有価証券の売付け等の数量は35,400株であることから、 ア．当該違反行為に係る有価証券の売買対当数量（35,400株）に係るものについて、自己の計算による当該有価証券の売付け等の価額から、自己の計算による当該有価証券の買付け等の価額を控除した額 （3,890円×6,600株＋3,900円×4,100株＋3,905円×1,200株 ＋3,910円×23,500株） －（3,885円×4,300株＋3,895円×3,500株＋3,905円×27,600株） ＝ 119,000円 及び イ．当該違反行為に係る自己の計算による有価証券の買付け等の数量（40,300株）が、当該違反行為に係る自己の計算による有価証券の売付け等の数量（35,400株）を超えていることから、当該違反行為が終了してから１月を経過するまでの間の各日における当該違反行為に係る有価証券の売付け等についての金融商品取引法第６７条の１９又は第１３０条に規定する最高の価格のうち最も高い価格（4,180円）に当該超える数量4,900株（買付け等の数量40,300株－売付け等の数量35,400株）を乗じて得た額から、当該超える数量に係る有価証券の買付け等の価額を控除した額 （4,180円×4,900株） －（3,885円×4,900株） ＝ 1,445,500円 の合計額1,564,500円となる。 (2) 金融商品取引法第１７６条第２項の規定により、上記(1)で計算した額の１万円未満の端数を切捨て、1,560,000円となる。 ７． 別表 に掲げるＡＧＣ株式に係る取引について (1) 当該違反行為に係る自己の計算による有価証券の買付け等の数量は、88,100株であり、当該違反行為に係る自己の計算による有価証券の売付け等の数量は、実際の売付け等の数量86,200株に、金融商品取引法第１７４条の２第７項及び金融商品取引法施行令第３３条の１２第１号の規定により、違反行為の開始時にその時における価格（3,740円）で売付け等を自己の計算においてしたものとみなされる当該違反行為の開始時に売付けをしている有価証券の数量4,700株を加えた90,900株であることから、 ア．当該違反行為に係る有価証券の売買対当数量（88,100株）に係るものについて、自己の計算による当該有価証券の売付け等の価額から、自己の計算による当該有価証券の買付け等の価額を控除した額 （3,740円×38,400株＋3,745円×2,500株＋3,770円×14,000株 ＋3,775円×11,700株＋3,780円×21,500株） －（3,735円×26,500株＋3,740円×3,800株＋3,745円×3,500株 ＋3,750円×7,100株＋3,770円×10,000株＋3,775円×37,200株） ＝ 144,000円 及び イ．当該違反行為に係る自己の計算による有価証券の売付け等の数量（90,900株）が、当該違反行為に係る自己の計算による有価証券の買付け等の数量（88,100株）を超えていることから、当該超える数量に係る有価証券の売付け等の価額から、当該違反行為が終了してから１月を経過するまでの間の各日における当該違反行為に係る有価証券の買付け等についての金融商品取引法第６７条の１９又は第１３０条に規定する最低の価格のうち最も低い価格（3,088円）に当該超える数量2,800株（売付け等の数量90,900株－買付け等の数量88,100株）を乗じて得た額を控除した額 （3,775円×2,800株） －（3,088円×2,800株） ＝ 1,923,600円 の合計額2,067,600円となる。 (2) 金融商品取引法第１７６条第２項の規定により、上記(1)で計算した額の１万円未満の端数を切捨て、2,060,000円となる。 ８． 別表 に掲げる小糸製作所株式に係る取引について (1) 当該違反行為に係る自己の計算による有価証券の売付け等の数量は、35,700株であり、当該違反行為に係る自己の計算による有価証券の買付け等の数量は、実際の買付け等の数量32,600株に、金融商品取引法第１７４条の２第８項及び金融商品取引法施行令第３３条の１３第１号の規定により、違反行為の開始時にその時における価格（4,935円）で買付け等を自己の計算においてしたものとみなされる当該違反行為の開始時に所有している有価証券の数量600株を加えた33,200株であることから、 ア．当該違反行為に係る有価証券の売買対当数量（33,200株）に係るものについて、自己の計算による当該有価証券の売付け等の価額から、自己の計算による当該有価証券の買付け等の価額を控除した額 （4,940円×1,600株＋4,945円×22,400株＋4,950円×9,200株） －（4,935円×600株＋4,940円×20,000株＋4,945円×11,400株 ＋4,950円×1,200株） ＝ 138,000円 及び イ．当該違反行為に係る自己の計算による有価証券の売付け等の数量（35,700株）が、当該違反行為に係る自己の計算による有価証券の買付け等の数量（33,200株）を超えていることから、当該超える数量に係る有価証券の売付け等の価額から、当該違反行為が終了してから１月を経過するまでの間の各日における当該違反行為に係る有価証券の買付け等についての金融商品取引法第６７条の１９又は第１３０条に規定する最低の価格のうち最も低い価格（4,740円）に当該超える数量2,500株（売付け等の数量35,700株－買付け等の数量33,200株）を乗じて得た額を控除した額 （4,945円×1,200株＋4,950円×1,300株） －（4,740円×2,500株） ＝ 519,000円 の合計額657,000円となる。 (2) 金融商品取引法第１７６条第２項の規定により、上記(1)で計算した額の１万円未満の端数を切捨て、650,000円となる。 ９．上記、２．ないし８．により算定した額の合計 670,000円＋720,000円＋1,090,000円＋230,000円＋1,560,000円 ＋2,060,000円＋650,000円 ＝6,980,000円となる。",0
2021-02-26,2017/08/14-2019/11/14,株式会社ジェイホールディングス,2721,株式会社ジェイホールディングスにおける有価証券報告書等の虚偽記載に係る課徴金納付命令勧告について,https://www.fsa.go.jp/sesc/news/c_2021/2021/20210226-1.html,"English version 令和３年２月26日 証券取引等監視委員会 株式会社ジェイホールディングスにおける有価証券報告書等の虚偽記載に係る課徴金納付命令勧告について １．勧告の内容 証券取引等監視委員会は、株式会社ジェイホールディングス（法人番号2010401083302）（以下「当社」という。）における金融商品取引法に基づく開示規制の違反について検査した結果、以下のとおり法令違反の事実が認められたので、本日、内閣総理大臣及び金融庁長官に対して、金融庁設置法第20条第１項の規定に基づき、課徴金納付命令を発出するよう勧告を行った。 ２．法令違反の事実関係 当社の連結子会社は、不動産売買の媒介等に係る架空売上の計上という不適正な会計処理を行った。 この結果、当社は、関東財務局長に対し、金融商品取引法第172条の４第１項及び第２項に規定する「重要な事項につき虚偽の記載」がある以下の有価証券報告書及び四半期報告書を提出した（「重要な事項につき虚偽の記載」の内容は別紙１のとおり）。 ・平成29年６月第２四半期四半期報告書（平成29年８月14日提出） ・平成29年９月第３四半期四半期報告書（平成29年11月14日提出） ・平成29年12月期有価証券報告書（平成30年３月30日提出） ・平成30年６月第２四半期四半期報告書（平成30年８月14日提出） ・平成30年９月第３四半期四半期報告書（平成30年11月14日提出） ・平成30年12月期有価証券報告書（平成31年３月29日提出） ・平成31年３月第１四半期四半期報告書（令和元年５月15日提出） ・令和元年６月第２四半期四半期報告書（令和元年８月14日提出） ・令和元年９月第３四半期四半期報告書（令和元年11月14日提出） ３．課徴金の額の計算 上記の違法行為について金融商品取引法に基づき算定される課徴金の額は、1,800万円である（計算方法については別紙２のとおり。）。 【別紙１】有価証券報告書等の虚偽記載内容 番号 対象書類 虚偽記載 提出日 書類 会計期間 記載項目 主な内容（注） 主な事由 １ 平成29年８月14日 第26期第２四半期（平成29年４月１日～同年６月30日）に係る四半期報告書 平成29年１月１日～同年６月30日の第２四半期連結累計期間 四半期連結 損益計算書 親会社株主に帰属する四半期純利益が22百万円であるところを73百万円と記載 売上の過大計上 平成29年４月１日～同年６月30日の第２四半期連結会計期間 四半期連結 貸借対照表 連結純資産額が122百万円であるところを172百万円と記載 当四半期の売上の過大計上 ２ 平成29年11月14日 第26期第３四半期（平成29年７月１日～同年９月30日）に係る四半期報告書 平成29年１月１日～同年９月30日の第３四半期連結累計期間 四半期連結 損益計算書 親会社株主に帰属する四半期純利益が43百万円であるところを93百万円と記載 売上の過大計上 平成29年７月１日～同年９月30日の第３四半期連結会計期間 四半期連結 貸借対照表 連結純資産額が176百万円であるところを227百万円と記載 当四半期前の売上の過大計上 ３ 平成30年３月30日 第26期（平成29年１月１日～同年12月31日）に係る有価証券報告書 平成29年１月１日～同年12月31日の連結会計期間 連結 損益計算書 親会社株主に帰属する当期純利益が60百万円であるところを110百万円と記載 売上の過大計上 連結 貸借対照表 連結純資産額が194百万円であるところを244百万円と記載 当期の売上の過大計上 ４ 平成30年８月14日 第27期第２四半期（平成30年４月１日～同年６月30日）に係る四半期報告書 平成30年１月１日～同年６月30日の第２四半期連結累計期間 四半期連結 損益計算書 親会社株主に帰属する四半期純利益が▲35百万円であるところを85百万円と記載 売上の過大計上 平成30年４月１日～同年６月30日の第２四半期連結会計期間 四半期連結 貸借対照表 連結純資産額が288百万円であるところを460百万円と記載 当四半期及び当四半期前の売上の過大計上 ５ 平成30年11月14日 第27期第３四半期（平成30年７月１日～同年９月30日）に係る四半期報告書 平成30年１月１日～同年９月30日の第３四半期連結累計期間 四半期連結 損益計算書 親会社株主に帰属する四半期純利益が▲117百万円であるところを90百万円と記載 売上の過大計上 平成30年７月１日～同年９月30日の第３四半期連結会計期間 四半期連結 貸借対照表 連結純資産額が206百万円であるところを465百万円と記載 当四半期及び当四半期前の売上の過大計上 ６ 平成31年３月29日 第27期（平成30年１月１日～同年12月31日）に係る有価証券報告書 平成30年１月１日～同年12月31日の連結会計期間 連結 損益計算書 親会社株主に帰属する当期純利益が▲207百万円であるところを0百万円と記載 売上の過大計上 連結 貸借対照表 連結純資産額が302百万円であるところを561百万円と記載 当期及び当期前の売上の過大計上 ７ 令和元年５月15日 第28期第１四半期（平成31年１月１日～同年３月31日）に係る四半期報告書 平成31年１月１日～同年３月31日の第１四半期連結会計期間 四半期連結 貸借対照表 連結純資産額が216百万円であるところを475百万円と記載 当四半期前の売上の過大計上 ８ 令和元年８月14日 第28期第２四半期（平成31年４月１日～令和元年６月30日）に係る四半期報告書 平成31年４月１日～令和元年６月30日の第２四半期連結会計期間 四半期連結 貸借対照表 連結純資産額が119百万円であるところを377百万円と記載 当四半期前の売上の過大計上 ９ 令和元年11月14日 第28期第３四半期（令和元年７月１日～同年９月30日）に係る四半期報告書 令和元年７月１日～同年９月30日の第３四半期連結会計期間 四半期連結 貸借対照表 連結純資産額が57百万円であるところを316百万円と記載 当四半期前の売上の過大計上 （注）金額は百万円未満切捨てである。 【別紙２】課徴金の計算方法 （１）　金融商品取引法第172条の４第１項及び第２項の規定により、平成29年６月第２四半期四半期報告書、平成29年９月第３四半期四半期報告書及び平成29年12月期有価証券報告書ごとに算出した額（以下（１）において「個別決定ごとの算出額」という。）は、 ア　当社が発行する算定基準有価証券の市場価額の総額に10万分の６を乗じて得た下記の額 ・平成29年６月第２四半期四半期報告書に係る額 79,552円 ・平成29年９月第３四半期四半期報告書に係る額 84,628円 ・平成29年12月期有価証券報告書に係る額         85,600円 が、いずれも イ　6,000,000円 を超えないことから、 ・平成29年６月第２四半期四半期報告書については、6,000,000円の２分の１に相当する額である3,000,000円、 ・平成29年９月第３四半期四半期報告書については、6,000,000円の２分の１に相当する額である3,000,000円、 ・平成29年12月期有価証券報告書については、6,000,000円、 となる。 ここで、これらの開示書類が同一の事業年度に係るものであることから、金融商品取引法第185条の７第６項の規定により、6,000,000円を個別決定ごとの算出額に応じて按分した下記の金額が、これらの開示書類に係る課徴金の額となる。 ・平成29年６月第２四半期四半期報告書に係る課徴金の額は、1,500,000円 ・平成29年９月第３四半期四半期報告書に係る課徴金の額は、1,500,000円 ・平成29年12月期有価証券報告書に係る課徴金の額は、3,000,000円 （２）　金融商品取引法第172条の４第１項及び第２項の規定により、平成30年６月第２四半期四半期報告書、平成30年９月第３四半期四半期報告書及び平成30年12月期有価証券報告書ごとに算出した額（以下（２）において「個別決定ごとの算出額」という。）は、 ア　当社が発行する算定基準有価証券の市場価額の総額に10万分の６を乗じて得た下記の額 ・平成30年６月第２四半期四半期報告書に係る額 106,944円 ・平成30年９月第３四半期四半期報告書に係る額 128,900円 ・平成30年12月期有価証券報告書に係る額         106,445円 が、いずれも イ　6,000,000円 を超えないことから、 ・平成30年６月第２四半期四半期報告書については、6,000,000円の２分の１に相当する額である3,000,000円、 ・平成30年９月第３四半期四半期報告書については、6,000,000円の２分の１に相当する額である3,000,000円、 ・平成30年12月期有価証券報告書については、6,000,000円、 となる。 ここで、これらの開示書類が同一の事業年度に係るものであることから、金融商品取引法第185条の７第６項の規定により、6,000,000円を個別決定ごとの算出額に応じて按分した下記の金額が、これらの開示書類に係る課徴金の額となる。 ・平成30年６月第２四半期四半期報告書に係る課徴金の額は、1,500,000円 ・平成30年９月第３四半期四半期報告書に係る課徴金の額は、1,500,000円 ・平成30年12月期有価証券報告書に係る課徴金の額は、3,000,000円 （３）　金融商品取引法第172条の４第２項の規定により、平成31年３月第１四半期四半期報告書、令和元年６月第２四半期四半期報告書及び令和元年９月第３四半期四半期報告書ごとに算出した額（以下（３）において「個別決定ごとの算出額」という。）は、 ア　当社が発行する算定基準有価証券の市場価額の総額に10万分の６を乗じて得た下記の額 ・平成31年３月第１四半期四半期報告書に係る額 81,494円 ・令和元年６月第２四半期四半期報告書に係る額  73,745円 ・令和元年９月第３四半期四半期報告書に係る額  75,457円 が、いずれも イ　6,000,000円 を超えないことから、 ・平成31年３月第１四半期四半期報告書については、6,000,000円の２分の１に相当する額である3,000,000円、 ・令和元年６月第２四半期四半期報告書については、6,000,000円の２分の１に相当する額である3,000,000円、 ・令和元年９月第３四半期四半期報告書については、6,000,000円の２分の１に相当する額である3,000,000円、 となる。 ここで、これらの開示書類が同一の事業年度に係るものであることから、金融商品取引法第185条の７第６項の規定により、6,000,000円を個別決定ごとの算出額に応じて按分した下記の金額が、これらの開示書類に係る課徴金の額となる。 ・平成31年３月第１四半期四半期報告書に係る課徴金の額は、2,000,000円 ・令和元年６月第２四半期四半期報告書に係る課徴金の額は、2,000,000円 ・令和元年９月第３四半期四半期報告書に係る課徴金の額は、2,000,000円",0
2021-01-29,2016/03/14-2019/06/28,ユー・エム・シー・エレクトロニクス株式会社,6615,ユー・エム・シー・エレクトロニクス株式会社における有価証券報告書等の虚偽記載に係る課徴金納付命令勧告について,https://www.fsa.go.jp/sesc/news/c_2021/2021/20210129-5.html,"English version 令和３年１月29日 証券取引等監視委員会 ユー・エム・シー・エレクトロニクス株式会社における有価証券報告書等の虚偽記載に係る課徴金納付命令勧告について １．勧告の内容 証券取引等監視委員会は、ユー・エム・シー・エレクトロニクス株式会社（法人番号1030001044117）（以下「当社」という。）における金融商品取引法に基づく開示規制の違反について検査した結果、以下のとおり法令違反の事実が認められたので、本日、内閣総理大臣及び金融庁長官に対して、金融庁設置法第20条第１項の規定に基づき、課徴金納付命令を発出するよう勧告を行った。 ２．法令違反の事実関係 （１）継続開示書類 当社の連結子会社は、売上の過大計上、買掛金の過少計上による売上原価の過少計上、在庫の過大計上による売上原価の過少計上等の不適正な会計処理を行った。 この結果、当社は、関東財務局長に対し、金融商品取引法第172条の４第１項及び第２項に規定する「重要な事項につき虚偽の記載」がある以下の有価証券報告書及び四半期報告書を提出した（「重要な事項につき虚偽の記載」の内容は別紙１の表の番号１から番号13のとおり）。 ・平成28年３月期有価証券報告書（平成28年６月29日提出） ・平成28年６月第１四半期四半期報告書（平成28年８月12日提出） ・平成28年９月第２四半期四半期報告書（平成28年11月14日提出） ・平成28年12月第３四半期四半期報告書（平成29年２月14日提出） ・平成29年３月期有価証券報告書（平成29年６月28日提出） ・平成29年６月第１四半期四半期報告書（平成29年８月10日提出） ・平成29年９月第２四半期四半期報告書（平成29年11月13日提出） ・平成29年12月第３四半期四半期報告書（平成30年２月13日提出） ・平成30年３月期有価証券報告書（平成30年６月27日提出） ・平成30年６月第１四半期四半期報告書（平成30年８月10日提出） ・平成30年９月第２四半期四半期報告書（平成30年11月13日提出） ・平成30年12月第３四半期四半期報告書（平成31年２月14日提出） ・平成31年３月期有価証券報告書（令和元年６月28日提出） （２）発行開示書類 ア　当社は、関東財務局長に対し、平成28年２月９日、金融商品取引法第172条の２第１項に規定する「重要な事項につき虚偽の記載」がある有価証券届出書（株券の募集）を提出し、当該有価証券届出書に基づく募集により、平成28年３月14日、1,613,000株の株券を4,113,150,000円で取得させた（「重要な事項につき虚偽の記載」の内容は別紙１の表の番号14のとおり）。 イ　当社は、関東財務局長に対し、平成30年５月24日、上記（１）の重要な事項につき虚偽の記載がある平成29年３月期有価証券報告書、平成29年６月第１四半期四半期報告書、平成29年９月第２四半期四半期報告書及び平成29年12月第３四半期四半期報告書を参照情報とする金融商品取引法第172条の２第１項に規定する「重要な事項につき虚偽の記載」がある有価証券届出書（株券の募集）を提出し、当該有価証券届出書に基づく募集により、平成30年６月11日、3,032,400株の株券を8,367,240,672円で取得させた（「重要な事項につき虚偽の記載」の内容は別紙１の表の番号15のとおり）。 ３．課徴金の額の計算 上記の違法行為について金融商品取引法に基づき算定される課徴金の額は、３億9,615万円である（計算方法については別紙２のとおり。）。 【別紙１】有価証券報告書等の虚偽記載内容 番号 対象書類 虚偽記載 提出日 書類 会計期間 記載項目 主な内容（注） 主な事由 １ 平成28年６月29日 第49期（平成27年４月１日～平成28年３月31日）に係る有価証券報告書 平成27年４月１日～平成28年３月31日の連結会計期間 連結 損益計算書 親会社株主に帰属する当期純利益が 1,195百万円であるところを1,814百万円と記載 売上の過大計上 連結 貸借対照表 連結純資産額が 11,403百万円であるところを15,963百万円と記載 当期の売上の過大計上、当期前の売上の過大計上及び売上原価の過少計上による純資産の過大計上 ２ 平成28年８月12日 第50期第１四半期（平成28年４月１日～同年６月30日）に係る四半期報告書 平成28年４月１日～同年６月30日の第１四半期連結会計期間 四半期連結 貸借対照表 連結純資産額が 9,845百万円であるところを14,261百万円と記載 当四半期の売上の過大計上、当四半期前の売上の過大計上及び売上原価の過少計上による純資産の過大計上 ３ 平成28年11月14日 第50期第２四半期（平成28年７月１日～同年９月30日）に係る四半期報告書 平成28年７月１日～同年９月30日の第２四半期連結会計期間 四半期連結 貸借対照表 連結純資産額が 10,017百万円であるところを14,494百万円と記載 当四半期の売上の過大計上、当四半期前の売上の過大計上及び売上原価の過少計上による純資産の過大計上 ４ 平成29年２月14日 第50期第３四半期（平成28年10月１日～同年12月31日）に係る四半期報告書 平成28年10月１日～同年12月31日の第３四半期連結会計期間 四半期連結 貸借対照表 連結純資産額が 11,783百万円であるところを16,435百万円と記載 当四半期の売上の過大計上、当四半期前の売上の過大計上及び売上原価の過少計上による純資産の過大計上 ５ 平成29年６月28日 第50期（平成28年４月１日～平成29年３月31日）に係る有価証券報告書 平成28年４月１日～平成29年３月31日の連結会計期間 連結 貸借対照表 連結純資産額が 11,698百万円であるところを16,636百万円と記載 当期の売上原価の過少計上、当期前の売上の過大計上及び売上原価の過少計上による純資産の過大計上 ６ 平成29年８月10日 第51期第１四半期（平成29年４月１日～同年６月30日）に係る四半期報告書 平成29年４月１日～同年６月30日の第１四半期連結会計期間 四半期連結 貸借対照表 連結純資産額が 12,278百万円であるところを16,910百万円と記載 当四半期の売上の過大計上、当四半期前の売上の過大計上及び売上原価の過少計上による純資産の過大計上 ７ 平成29年11月13日 第51期第２四半期（平成29年７月１日～同年９月30日）に係る四半期報告書 平成29年７月１日～同年９月30日の第２四半期連結会計期間 四半期連結 貸借対照表 連結純資産額が 12,977百万円であるところを17,673百万円と記載 当四半期の売上の過大計上、当四半期前の売上の過大計上及び売上原価の過少計上による純資産の過大計上 ８ 平成30年２月13日 第51期第３四半期（平成29年10月１日～同年12月31日）に係る四半期報告書 平成29年10月１日～同年12月31日の第３四半期連結会計期間 四半期連結 貸借対照表 連結純資産額が 12,929百万円であるところを18,197百万円と記載 当四半期、当四半期前の売上の過大計上及び売上原価の過少計上による純資産の過大計上 ９ 平成30年６月27日 第51期（平成29年４月１日～平成30年３月31日）に係る有価証券報告書 平成29年４月１日～平成30年３月31日の連結会計期間 連結 損益計算書 親会社株主に帰属する当期純利益が 512百万円であるところを1,518百万円と記載 売上原価の過少計上 連結 貸借対照表 連結純資産額が 12,381百万円であるところを18,208百万円と記載 当期の売上原価の過少計上、当期前の売上の過大計上及び売上原価の過少計上による純資産の過大計上 10 平成30年８月10日 第52期第１四半期（平成30年４月１日～同年６月30日）に係る四半期報告書 平成30年４月１日～同年６月30日の第１四半期連結累計期間 四半期連結 損益計算書 親会社株主に帰属する四半期純利益が ▲925百万円であるところを▲50百万円と記載 ・売上の過大計上 ・売上原価の過少計上 平成30年４月１日～同年６月30日の第１四半期連結会計期間 四半期連結 貸借対照表 連結純資産額が 18,637百万円であるところを25,746百万円と記載 当四半期、当四半期前の売上の過大計上及び売上原価の過少計上による純資産の過大計上 11 平成30年11月13日 第52期第２四半期（平成30年７月１日～同年９月30日）に係る四半期報告書 平成30年４月１日～同年９月30日の第２四半期連結累計期間 四半期連結 損益計算書 親会社株主に帰属する四半期純利益が ▲1,045百万円であるところを489百万円と記載 ・売上の過大計上 ・売上原価の過少計上 平成30年７月１日～同年９月30日の第２四半期連結会計期間 四半期連結 貸借対照表 連結純資産額が18,448百万円であるところを 26,447百万円と記載 当四半期、当四半期前の売上の過大計上及び売上原価の過少計上による純資産の過大計上 12 平成31年２月14日 第52期第３四半期（平成30年10月１日～同年12月31日）に係る四半期報告書 平成30年４月１日～同年12月31日の第３四半期連結累計期間 四半期連結 損益計算書 親会社株主に帰属する四半期純利益が ▲1,682百万円であるところを688百万円と記載 ・売上の過大計上 ・売上原価の過少計上 平成30年10月１日～同年12月31日の第３四半期連結会計期間 四半期連結 貸借対照表 連結純資産額が 17,651百万円であるところを26,185百万円と記載 当四半期、当四半期前の売上の過大計上及び売上原価の過少計上による純資産の過大計上 13 令和元年６月28日 第52期（平成30年４月１日～平成31年３月31日）に係る有価証券報告書 平成30年４月１日～平成31年３月31日の連結会計期間 連結 損益計算書 親会社株主に帰属する当期純利益が ▲2,098百万円であるところを858百万円と記載 ・売上の過大計上 ・売上原価の過少計上 連結 貸借対照表 連結純資産額が 17,444百万円であるところを26,588百万円と記載 当期、当期前の売上の過大計上及び売上原価の過少計上による純資産の過大計上 14 平成28年２月９日 有価証券届出書（株券の募集） 平成25年４月１日～平成26年３月31日の連結会計期間 連結 損益計算書 当期純利益が904百万円であるところを1,396百万円と記載 売上の過大計上 連結 貸借対照表 連結純資産額が4,479百万円であるところを7,744百万円と記載 当期の売上の過大計上、当期前の売上の過大計上及び売上原価の過少計上による純資産の過大計上 平成26年４月１日～平成27年３月31日の連結会計期間 連結 損益計算書 当期純利益が1,027百万円であるところを1,525百万円と記載 売上の過大計上 連結 貸借対照表 連結純資額が7,023百万円であるところを11,388百万円と記載 当期の売上の過大計上、当期前の売上の過大計上及び売上原価の過少計上による純資産の過大計上 平成27年４月１日～同年12月31日の第３四半期連結累計期間 四半期連結損益計算書 親会社株主に帰属する四半期純利益が672百万円であるところを1,249百万円と記載 売上の過大計上 平成27年10月１日～同年12月31日の第３四半連結会計期間 四半期連結貸借対照表 連結純資産額が7,095百万円であるところを11,897百万円と記載 当四半期の売上の過大計上、当四半期前の売上の過大計上及び売上原価の過少計上による純資産の過大計上 15 平成30年5月24日 有価証券届出書 （株券の募集） 「第三部 参照情報」 番号５～８に掲げる第50期に係る有価証券報告書並びに第51期第1四半期、第２四半期及び第３四半期に係る四半期報告書を参照 番号５～８参照 （注）金額は百万円未満切捨てである。 【別紙２】課徴金の計算方法 （１）　金融商品取引法第172条の４第１項の規定により、平成28年３月期有価証券報告書について算出した課徴金の額は、 当社が発行する算定基準有価証券の市場価額の総額に10万分の６を乗じて得た額1,078,694円が6,000,000円を超えないことから、6,000,000円 となる。 （２）　金融商品取引法第172条の４第１項及び第２項の規定により、平成28年６月第１四半期四半期報告書、平成28年９月第２四半期四半期報告書、平成28年12月第３四半期四半期報告書及び平成29年３月期有価証券報告書ごとに算出した額（以下（２）において「個別決定ごとの算出額」という。）は、 ア　当社が発行する算定基準有価証券の市場価額の総額に10万分の６を乗じて得た下記の額 ・平成28年６月第１四半期四半期報告書に係る額   　 1,056,713円 ・平成28年９月第２四半期四半期報告書に係る額       1,219,085円 ・平成28年12月第３四半期四半期報告書に係る額      1,298,198円 ・平成29年３月期有価証券報告書に係る額 　　     　 1,275,419円 が、いずれも イ　6,000,000円 を超えないことから、 ・平成28年６月第１四半期四半期報告書については、6,000,000円の２分の１に相当する額である3,000,000円、 ・平成28年９月第２四半期四半期報告書については、6,000,000円の２分の１に相当する額である3,000,000円、 ・平成28年12月第３四半期四半期報告書については、6,000,000円の２分の１に相当する額である3,000,000円、 ・平成29年３月期有価証券報告書については、6,000,000円、 となる。 ここで、これらの開示書類が同一の事業年度に係るものであることから、金融商品取引法第185条の７第６項の規定により、6,000,000円を個別決定ごとの算出額に応じて按分した下記の金額が、これらの開示書類に係る課徴金の額となる。 ・平成28年６月第１四半期四半期報告書に係る課徴金の額は、1,200,000円 ・平成28年９月第２四半期四半期報告書に係る課徴金の額は、1,200,000円 ・平成28年12月第３四半期四半期報告書に係る課徴金の額は、1,200,000円 ・平成29年３月期有価証券報告書に係る課徴金の額は、2,400,000円 （３）　金融商品取引法第172条の４第１項及び第２項の規定により、平成29年６月第１四半期四半期報告書、平成29年９月第２四半期四半期報告書、平成29年12月第３四半期四半期報告書及び平成30年３月期有価証券報告書ごとに算出した額（以下（３）において「個別決定ごとの算出額」という。）は、 ア　当社が発行する算定基準有価証券の市場価額の総額に10万分の６を乗じて得た下記の額 ・平成29年６月第１四半期四半期報告書に係る額　 1,514,436円 ・平成29年９月第２四半期四半期報告書に係る額    1,912,634円 ・平成29年12月第３四半期四半期報告書に係る額   2,535,337円 ・平成30年３月期有価証券報告書に係る額      　　 2,212,257円 が、いずれも イ　6,000,000円 を超えないことから、 ・平成29年６月第１四半期四半期報告書については、6,000,000円の２分の１に相当する額である3,000,000円、 ・平成29年９月第２四半期四半期報告書については、6,000,000円の２分の１に相当する額である3,000,000円、 ・平成29年12月第３四半期四半期報告書については、6,000,000円の２分の１に相当する額である3,000,000円、 ・平成30年３月期有価証券報告書については、6,000,000円、 となる。 ここで、これらの開示書類が同一の事業年度に係るものであることから、金融商品取引法第185条の７第６項の規定により、6,000,000円を個別決定ごとの算出額に応じて按分した下記の金額が、これらの開示書類に係る課徴金の額となる。 ・平成29年６月第１四半期四半期報告書に係る課徴金の額は、1,200,000円 ・平成29年９月第２四半期四半期報告書に係る課徴金の額は、1,200,000円 ・平成29年12月第３四半期四半期報告書に係る課徴金の額は、1,200,000円 ・平成30年３月期有価証券報告書に係る課徴金の額は、2,400,000円 （４）　金融商品取引法第172条の４第１項及び第２項の規定により、平成30年６月第１四半期四半期報告書、平成30年９月第２四半期四半期報告書、平成30年12月第３四半期四半期報告書及び平成31年３月期有価証券報告書ごとに算出した額（以下（４）において「個別決定ごとの算出額」という。）は、 ア　当社が発行する算定基準有価証券の市場価額の総額に10万分の６を乗じて得た下記の額 ・平成30年６月第１四半期四半期報告書に係る額　　 2,953,534円 ・平成30年９月第２四半期四半期報告書に係る額　　 2,653,000円 ・平成30年12月第３四半期四半期報告書に係る額  　 2,507,476円 ・平成31年３月期有価証券報告書に係る額　　　   　 2,536,512円 が、いずれも イ　6,000,000円 を超えないことから、 ・平成30年６月第１四半期四半期報告書については、6,000,000円の２分の１に相当する額である3,000,000円、 ・平成30年９月第２四半期四半期報告書については、6,000,000円の２分の１に相当する額である3,000,000円、 ・平成30年12月第３四半期四半期報告書については、6,000,000円の２分の１に相当する額である3,000,000円、 ・平成31年３月期有価証券報告書については、6,000,000円、 となる。 ここで、これらの開示書類が同一の事業年度に係るものであることから、金融商品取引法第185条の７第６項の規定により、6,000,000円を個別決定ごとの算出額に応じて按分することとなり、 ・平成30年６月第１四半期四半期報告書に係る課徴金の額は、1,200,000円 ・平成30年９月第２四半期四半期報告書に係る課徴金の額は、1,200,000円 ・平成30年12月第３四半期四半期報告書に係る課徴金の額は、1,200,000円 ・平成31年３月期有価証券報告書については、2,400,000円 となるが、平成31年３月期有価証券報告書については、金融商品取引法第26条第１項の規定による検査等が行われる前に、課徴金の減額に係る報告書が提出されていることから、金融商品取引法第185条の７第14項の規定により、 ・平成31年３月期有価証券報告書に係る課徴金の額は、2,400,000円に100分の50を乗じて得た額に相当する額である1,200,000円 となる。 （５）　金融商品取引法第172条の２第１項第１号の規定により、当社の平成28年２月９日提出の有価証券届出書（株券の募集）に係る課徴金の額は、 重要な事項につき虚偽の記載がある発行開示書類に基づく募集により取得させた株券の発行価額の総額4,113,150,000円の100分の4.5に相当する額である185,091,750円 に、金融商品取引法第176条第２項の規定により１万円未満の端数を切り捨てて、 185,090,000円 となる。 （６）　金融商品取引法第172条の２第１項第１号の規定により、当社の平成30年５月24日提出の有価証券届出書（株券の募集）に係る課徴金の額は、 重要な事項につき虚偽の記載がある発行開示書類に基づく募集により取得させた株券の発行価額の総額8,367,240,672円の100分の4.5に相当する額である376,525,830円 に、金融商品取引法第176条第２項の規定により１万円未満の端数を切り捨てて、376,520,000円となるが、平成30年５月24日提出の有価証券届出書（株券の募集）については、金融商品取引法第26条第１項の規定による検査等が行われる前に、課徴金の減額に係る報告書が提出されていることから、金融商品取引法第185条の７第14項の規定により、 376,520,000円に100分の50を乗じて得た額に相当する額である188,260,000円 となる。",0
2022-12-06,2020/08/11-2020/09/23,株式会社ＹＥ　ＤＩＧＩＴＡＬ,2354,ＹＥ　ＤＩＧＩＴＡＬ株式ほか１銘柄に係る相場操縦に対する課徴金納付命令の勧告について,https://www.fsa.go.jp/sesc/news/c_2022/2022/20221206-1.html,"English version 令和４年12月6日 証券取引等監視委員会 ＹＥ　ＤＩＧＩＴＡＬ株式ほか１銘柄に係る相場操縦に対する課徴金納付命令の勧告について １．勧告の内容 証券取引等監視委員会は、ＹＥ　ＤＩＧＩＴＡＬ株式ほか１銘柄に係る相場操縦について検査した結果、下記のとおり法令違反の事実が認められたので、本日、内閣総理大臣及び金融庁長官に対して、金融庁設置法第２０条第１項の規定に基づき、課徴金納付命令を発出するよう勧告を行った。 ２．法令違反の事実関係 課徴金納付命令対象者は、 （１）　株式会社ＹＥ　ＤＩＧＩＴＡＬの株式につき、同株式の売買を誘引する目的をもって、別表１記載のとおり、令和２年８月１１日午前９時７分頃から同年９月１日午後２時１４分頃までの間、１６取引日にわたり、直前の約定値より高い指値の買い注文を発注して、他の投資者が発注した売り注文を買い付けることにより直前の約定値より株価を引き上げたり、自身が発注した売り注文に対し買い注文を発注して対当させるなどの方法により、同株式合計２６万８００株を買い付ける一方、同株式合計２８万１０００株を売り付け、 （２）　データセクション株式会社の株式につき、同株式の売買を誘引する目的をもって、別表２記載のとおり、令和２年９月９日午前９時１３分頃から同月２３日午前１１時１４分頃までの間、９取引日にわたり、直前の約定値より高い指値の買い注文を発注して、他の投資者が発注した売り注文を買い付けることにより直前の約定値より株価を引き上げたり、自身が発注した売り注文に対し買い注文を発注して対当させるなどの方法により、同株式合計２０万５８００株を買い付ける一方、同株式合計２０万５４００株を売り付け、 もって、それぞれ、自己の計算において、上記各株式の売買が繁盛であると誤解させ、かつ、上記各株式の相場を変動させるべき一連の売買をしたものである。 違反行為事実の概要については、 別図 のとおり。 課徴金納付命令対象者が行った上記の各行為は、金融商品取引法第１７４条の２第１項に規定する「第１５９条第２項第１号の規定に違反する一連の有価証券売買等」に該当すると認められる。 ３．課徴金の額の計算 上記の各違反行為に対し金融商品取引法に基づき納付を命じられる課徴金の額の合計は、５９２万円である。 計算方法の詳細については、 別紙 のとおり。 ４．その他 本件については、日本取引所自主規制法人より提供された情報等を参考として、実態解明を行ったものである。 （別表１・２） （クリックすると拡大されます） （別図） ○違反行為事実の概要について （クリックすると拡大されます） （別紙） ○課徴金の額の計算方法について １． 別表１及び２ の各違反行為に係る課徴金の額の計算の基礎は以下のとおりである。 (1)　金融商品取引法第１７４条の２第１項の規定により、当該違反行為に係る課徴金の額は、 ア．当該違反行為に係る有価証券の売買対当数量に係るものについて、自己の計算による当該有価証券の売付け等の価額から、自己の計算による当該有価証券の買付け等の価額を控除した額 及び イ．当該違反行為に係る自己の計算による有価証券の買付け等の数量が、当該違反行為に係る自己の計算による有価証券の売付け等の数量を超える場合、当該違反行為が終了してから１月を経過するまでの間の各日における当該違反行為に係る有価証券の売付け等についての金融商品取引法第６７条の１９又は第１３０条に規定する最高の価格のうち最も高い価格に当該超える数量を乗じて得た額から当該超える数量に係る有価証券の買付け等の価額を控除した額 の合計額として算定。 (2)　上記(1)で算定された課徴金の額につき、金融商品取引法第１７６条第２項の規定により１万円未満の端数を切り捨てて算定。 ２． 別表１ に掲げるＹＥ　ＤＩＧＩＴＡＬ株式に係る取引 (1)　当該違反行為に係る自己の計算による有価証券の売付け等の数量は、281,000株であり、当該違反行為に係る自己の計算による有価証券の買付け等の数量は、実際の買付け等の数量260,800株に、金融商品取引法第１７４条の２第８項及び金融商品取引法施行令第３３条の１３第１号の規定により、違反行為の開始時にその時における価格（497円）で買付け等を自己の計算においてしたものとみなされる当該違反行為の開始時に所有している有価証券の数量43,000株を加えた303,800株であることから、 ア．当該違反行為に係る有価証券の売買対当数量（281,000株）に係るものについて、自己の計算による当該有価証券の売付け等の価額から、自己の計算による当該有価証券の買付け等の価額を控除した額 （有価証券の売付け等の価額：149,474,700円） －（有価証券の買付け等の価額：147,273,290円） ＝2,201,410円 及び イ．当該違反行為に係る自己の計算による有価証券の買付け等の数量（303,800株）が、当該違反行為に係る自己の計算による有価証券の売付け等の数量（281,000株）を超えていることから、当該違反行為が終了してから１月を経過するまでの間の各日における当該違反行為に係る有価証券の売付け等についての金融商品取引法第６７条の１９又は第１３０条に規定する最高の価格のうち最も高い価格（648円）に当該超える数量22,800株（買付け等の数量303,800株－売付け等の数量281,000株）を乗じて得た額（ａ）から、当該超える数量に係る有価証券の買付け等の価額（ｂ）を控除した額 （a：14,774,400円）－（b：12,685,030円） ＝2,089,370円 の合計額4,290,780円となる。 (2)　金融商品取引法第１７６条第２項の規定により、上記(1)で計算した額の１万円未満の端数を切捨て、4,290,000円となる。 ３． 別表２ に掲げるデータセクション株式に係る取引 (1)　当該違反行為に係る自己の計算による有価証券の売付け等の数量は、205,400株であり、当該違反行為に係る自己の計算による有価証券の買付け等の数量は、実際の買付け等の数量205,800株に、金融商品取引法第１７４条の２第８項及び金融商品取引法施行令第３３条の１３第１号の規定により、違反行為の開始時にその時における価格（596円）で買付け等を自己の計算においてしたものとみなされる当該違反行為の開始時に所有している有価証券の数量19,100株を加えた224,900株であることから、 ア．当該違反行為に係る有価証券の売買対当数量（205,400株）に係るものについて、自己の計算による当該有価証券の売付け等の価額から、自己の計算による当該有価証券の買付け等の価額を控除した額 （有価証券の売付け等の価額：127,287,550円） －（有価証券の買付け等の価額：126,343,060円） ＝944,490円 及び イ．当該違反行為に係る自己の計算による有価証券の買付け等の数量（224,900株）が、当該違反行為に係る自己の計算による有価証券の売付け等の数量（205,400株）を超えていることから、当該違反行為が終了してから１月を経過するまでの間の各日における当該違反行為に係る有価証券の売付け等についての金融商品取引法第６７条の１９又は第１３０条に規定する最高の価格のうち最も高い価格（658円）に当該超える数量19,500株（買付け等の数量224,900株－売付け等の数量205,400株）を乗じて得た額（ａ）から、当該超える数量に係る有価証券の買付け等の価額（ｂ）を控除した額 （a：12,831,000円）－（b：12,137,150円） ＝693,850円 の合計額1,638,340円となる。 (2)　金融商品取引法第１７６条第２項の規定により、上記（1）で計算した額の１万円未満の端数を切捨て、1,630,000円となる。 ４．上記２．及び３．により算定した額の合計 ２．の額4,290,000円　＋　３．の額1,630,000円 ＝5,920,000円　となる。 ※　違反行為に係る売付け等の価額及び買付け等の価額の詳細については、 別表３ を参照。 別表３（PDF）",0
2022-09-09,2020/12/26-2021/02/01,大成株式会社,1801,大成株式会社社員による公開買付けの実施に関する事実に係る取引推奨行為に対する課徴金納付命令の勧告について,https://www.fsa.go.jp/sesc/news/c_2022/2022/20220909-1.html,"English version 令和4年9月9日 証券取引等監視委員会 大成株式会社社員による公開買付けの実施に関する事実に係る取引推奨行為に対する課徴金納付命令の勧告について １．勧告の内容 証券取引等監視委員会は、大成株式会社社員による公開買付けの実施に関する事実に係る取引推奨行為について検査した結果、下記のとおり法令違反の事実が認められたので、本日、内閣総理大臣及び金融庁長官に対して、金融庁設置法第２０条第１項の規定に基づき、課徴金納付命令を発出するよう勧告を行った。 ２．法令違反の事実関係 課徴金納付命令対象者は、大成株式会社（以下「大成」という。令和３年６月１５日上場廃止。）の社員であるが、その職務に関し、大成の社員甲がその職務に関し株式会社アイ・ケイ・ケイからの伝達により知った、同社の業務執行を決定する機関が大成株式の公開買付けを行うことについての決定をした旨の公開買付けの実施に関する事実を令和２年１２月８日頃に知りながら、上記事実の公表がされた令和３年２月８日より前の令和２年１２月２６日及び令和３年１月下旬頃、被推奨者に対し、上記事実が公表される前に大成株式の買付けをさせることにより同人に利益を得させる目的をもって、同株式の買付けをすることを勧めたものである。 被推奨者は、上記事実の公表がされた令和３年２月８日より前の同年１月５日から同年２月１日までの間、大成株式合計１２００株を買付価額合計９３万７８００円で買い付けたものである。 違反行為事実の概要については、 別図 のとおり。 課徴金納付命令対象者が行った上記の行為は、金融商品取引法第１７５条の２第２項に規定する「第１６７条の２第２項の規定に違反して、同項の伝達をし、又は同項の買付け等をすることを勧める」行為に該当すると認められる。 ３．課徴金の額の計算 上記の違反行為に対し、金融商品取引法に基づき納付を命じられる課徴金の額は、２１万円である。 計算方法の詳細については、 別紙 のとおり。 ４．その他 本件については、名古屋証券取引所より提供された情報等を参考として、実態解明を行ったものである。 （別図） ○違反行為事実の概要について （クリックすると拡大されます） （別紙） ○課徴金の額の計算方法について １．金融商品取引法第１７５条の２第２項第３号の規定により、当該違反行為により当該情報受領者等が行った当該買付けによって得た利得相当額に２分の１を乗じて得た額。 利得相当額とは、同条第４項第２号の規定により、情報受領者等が株券等の買付けをした場合、当該株券等の買付けについて、公開買付け等の実施に関する事実の公表がされた後２週間における最も高い価格（1,140円）に当該株券等の買付けの数量を乗じて得た額から、当該株券等の買付けをした価格にその数量を乗じて得た額を控除した額。 {（1,140円×1,200株） －(773円×200株＋780円×200株＋782円×200株＋784円×200株＋785円×400株)}×1/2 ＝215,100円 ２．金融商品取引法第１７６条第２項の規定により、上記１．で計算した額の１万円未満の端数を切捨て。",0
2022-10-06,2022/06/28,株式会社,1301,株式会社Thousand Ventures（サウザンドベンチャーズ社）及びその役員１名による金融商品取引法違反行為に係る裁判所の禁止及び停止命令の発令について,https://www.fsa.go.jp/sesc/news/c_2022/2022/20221006-1.html,"English version 令和４年10月６日 証券取引等監視委員会 株式会社Thousand Ventures（サウザンドベンチャーズ社）及びその役員１名による金融商品取引法違反行為に係る裁判所の禁止及び停止命令の発令について 証券取引等監視委員会が、令和４年６月28日に行った株式会社Thousand Ventures（サウザンドベンチャーズ社、東京都港区、法人番号6010401121487、資本金1,000万円、金融商品取引業の登録等はない。以下「当社」という。）及び当社の代表取締役である吉永智徳（よしながとものり、当社及び吉永智徳を併せて、以下「当社ら」という。）に対する金融商品取引法違反行為（無登録金商業及び無届募集）の禁止及び停止を命ずるよう求める申立てについて、本日、東京地方裁判所より、申立ての内容どおり、下記の命令が下された。 記 １　被申立人らは、いずれも、金融商品取引法29条所定の登録（ただし、業務の種別を第二種金融商品取引業とするもの）その他同法所定の適式の登録を受けずに、同法２条２項５号又は６号に掲げる権利について、募集又は私募の取扱いを業として行ってはならない ２　被申立人らは、いずれも、金融商品取引法29条所定の登録（ただし、業務の種別を第一種金融商品取引業とするもの）その他同法所定の適式の登録を受けずに、店頭デリバティブ取引（ただし、同法２条22項１号に掲げる取引に限る。）の媒介を業として行ってはならない ３　被申立人らは、いずれも、金融商品取引法29条所定の登録（ただし、業務の種別を第一種金融商品取引業とするもの）その他同法所定の適式の登録を受けずに、社債券又はこれに表示されるべき権利であって当該社債券が発行されていない場合における当該権利について、募集又は私募の取扱いを業として行ってはならない ４　被申立人らは、いずれも、金融商品取引法４条１項本文の規定の適用を受ける社債券又はこれに表示されるべき権利であって当該社債券が発行されていない場合における当該権利について、同項本文の届出をするまでは、同法２条３項に規定する有価証券の募集を行ってはならない ５　被申立人らは、いずれも、金融商品取引法４条１項本文の規定の適用を受ける社債券又はこれに表示されるべき権利であって当該社債券が発行されていない場合における当該権利について、同項本文の届出がその効力を生じるまでは、これを同法２条３項に規定する有価証券の募集により取得させてはならない 以上 上記のとおり、 裁判所は、当社らの行為が金融商品取引法違反行為（無登録金商業及び無届募集）であると認め、当該行為を行うことの禁止及び停止を命令しました 。 サウザンドベンチャーズ社の顧客及び一般投資家の皆様は、以下の 【サウザンドベンチャーズ社の顧客の皆様へ】 及び 【一般投資家の皆様へ】 も、併せてご確認ください。 （参考） 株式会社Thousand Ventures（サウザンドベンチャーズ社）及びその役員１名による金融商品取引法違反行為に係る裁判所への禁止及び停止命令発出の申立てについて 【サウザンドベンチャーズ社の顧客の皆様へ】 〇 東京地方裁判所は、証券取引等監視委員会の申立ての内容どおり、当社らが金融商品取引法違反行為（無登録金商業及び無届募集）を行っていたことを認め、当該行為の禁止及び停止を命令しました（令和４年10月６日）。登録を受けずに金融商品取引業を行うことや、届出をすることなく有価証券の募集等を行うことは違法です。 〇　証券取引等監視委員会の調査の結果によれば、当社らは、主催するマネースクールの会員に対し、資産形成に関するコンサルティングを通じて、保険商品、海外積立型投資商品、社債、FX自動売買システム、投資用不動産等の商品の提案、勧誘を行っていました。 〇　具体的には、当社らは、既存会員からの紹介等により集まった一般投資家を対象としたオンライン形式のセミナーやインターネット上の音声プラットフォームへの配信等を通じて、個別の資産形成に係る無料コンサルティングに案内し、そのコンサルティングの機会等を利用して、当該マネースクールに勧誘していました。マネースクール入会後は、会員ごとに認定コンサルタントと呼ばれるコンサルティング業務等を行う従業員等が専任の担当者となり、当該認定コンサルタントから、ライフプラン設計についてのコンサルティングを受け、その後、具体的な保険商品、金融商品、不動産投資商品等に関する説明等を受けるのが一般的な流れとなっていました。 〇　当社らは、当該商品の提案、勧誘を行うに当たり、顧客に対して、過去の運用実績における利回りの良さ等を謳った説明や、当社らとの取引関係が長いことをもって安全なビジネススキーム（ローリスク案件）である等の説明を行っていますが、いずれも当該商品の運用成果等を保証するものではありません。 〇 当社らは、金融商品取引業の登録等を受けた業者ではありません。また、当社らは、当社の社債を発行するに当たり、有価証券届出書の提出を行っていません。 〇 【一般投資家の皆様へ】 も、併せてご確認ください。 【一般投資家の皆様へ】 〇　無登録業者が、実際には契約内容のとおりの取引を行っていなかったなどのトラブルが多発しています。無登録業者には、金融庁の監督権限が及ばず、投資者保護規定に基づく処分等が行えませんので、ご注意ください。 〇　仮に、海外当局の登録を受けた業者であったとしても、当該海外当局は、他国民との取引について監督指導等を行わないことや、金融庁と同等の監督権限がないことなどがあります。海外当局の登録を受けたことをもって日本と同等の投資者保護を担保するものではありません。 〇 一般に、無登録業者は、実際には契約内容のとおりの取引を行っていない商品であったとしても、返金等を希望する顧客に対し、他の顧客の投資資金を交付することで、返金等に応じることがあります。これまでに返金等を受けることができていたとしても、そのことをもって、直ちに当該商品が信頼できるとは言えませんので、ご注意ください。 〇 日本で登録を受けずに金融商品取引業を行うことは違法です。 取引の相手方が登録を受けているか、 こちら でご確認ください。 また、無登録で金融商品取引業を行っているとして、金融庁（財務局）が警告を行った者の名称等は、 こちら をご確認ください。 〇　不特定多数の者に有価証券の取得の勧誘を行う場合には、有価証券届出書の提出が必要です。有価証券届出書を提出しているかどうかは、 ＥＤＩＮＥＴ で確認することができます。 〇　外国為替証拠金取引（FX取引）についての注意点は、 こちら をご確認ください。 (クリックすると拡大されます。)",0
2022-06-28,2016/07/01-2022/03/31,株式会社,1301,株式会社Thousand Ventures（サウザンドベンチャーズ社）及びその役員１名による金融商品取引法違反行為に係る裁判所への禁止及び停止命令発出の申立てについて,https://www.fsa.go.jp/sesc/news/c_2022/2022/20220628-2.html,"English version 令和４年６月28日 証券取引等監視委員会 株式会社Thousand Ventures（サウザンドベンチャーズ社）及びその役員１名による金融商品取引法違反行為に係る裁判所への禁止及び停止命令発出の申立てについて １．申立ての内容等 証券取引等監視委員会が、株式会社Thousand Ventures（サウザンドベンチャーズ社、東京都港区、法人番号6010401121487、代表取締役　吉永智徳（よしながとものり、以下「吉永」という。）、資本金1,000万円、金融商品取引業の登録等はない。以下「当社」という。）に対して金融商品取引法（以下「金商法」という。）第187条第１項に基づく調査を行った結果、下記２．の事実が認められたことから、本日、証券取引等監視委員会は、金商法第192条第１項に基づき、東京地方裁判所に対し、当社及び当社の代表取締役である吉永（当社及び吉永を併せて、以下「当社ら」という。）を被申立人として、金商法違反行為（下記ア～エ）の禁止及び停止を命ずるよう申立てを行った。 ア　無登録で、金商法第２条第２項第５号又は第６号に掲げる権利について、募集又は私募の取扱いを業として行うこと（詳細は下記２．⑴ア） イ　無登録で、店頭デリバティブ取引（金商法第２条第22項第１号に掲げる取引に限る。）の媒介を業として行うこと（詳細は下記２．⑴イ） ウ　無登録で、社債の募集又は私募の取扱いを業として行うこと（詳細は下記２．⑴ウ） エ　有価証券届出書を提出することなく社債の募集を行い、届出の効力発生前にこれを取得させること（詳細は下記２．⑵） 上記のとおり、 証券取引等監視委員会は、東京地方裁判所に対して、サウザンドベンチャーズ社及びその役員１名が金融商品取引法違反行為（無登録金商業及び無届募集）を行うことの禁止及び停止を命ずるよう申立てを行いました 。 サウザンドベンチャーズ社の顧客及び一般投資家の皆様は、以下の 【サウザンドベンチャーズ社の顧客の皆様へ】 及び 【一般投資家の皆様へ】 も、併せてご確認ください。 ２．事実関係 当社は、損害保険代理及び生命保険募集に関する業務、各種イベントの企画、制作、運営及び管理業務、講演会、研修会、セミナー開催等の教育・研修事業等を目的として、平成27年11月９日に設立された株式会社である。 当社らは、下記⑴ア～ウのとおり、金商法第29条所定の登録を受けずに、当社が主催するマネースクールの会員に対し、金融商品の勧誘、媒介等を業として行っている。また、当社らは、下記⑵のとおり、有価証券届出書を提出することなく社債の取得勧誘（募集）を行い、届出の効力発生前にこれを取得させている。 ⑴　無登録金商業 ア　集団投資スキーム持分の募集又は私募の取扱い 当社らは、海外法人であるRL360 Insurance Company Limitedが組成する海外集団投資スキーム持分（金商法第２条第２項第６号）に該当する投資商品であるQuantumやREGULAR SAVINGS PLANに関し、その商品概要や利点等を解説する動画を会員に視聴させたり、説明資料を用いて商品の特徴や利点等を説明したりするなどの方法により、当該商品への出資の勧誘を行い、出資を希望した会員に対して契約締結やその後の事務手続に関するサポートを行っていた。 これにより、当社らは、平成28年７月から令和４年２月までの間に、少なくとも延べ707名の一般投資家に対し、合計10億円を超える出資をさせている。 当社らの上記行為は、集団投資スキーム持分の募集又は私募の取扱いを業として行うものとして、金商法第28条第２項第２号に規定する「第二種金融商品取引業」に該当し、無登録でこれを行うことは、同法第29条に違反する。 イ　店頭デリバティブ取引の媒介 当社らは、海外法人であるとされるMt.light（以下「MTL社」という。）が提供するFX取引（金商法第２条第22項第１号に規定する店頭デリバティブ取引に該当する。）の自動売買システム（以下「MTLFX」という。）に関し、その商品概要や平均月利回りの良さ等を解説する動画を会員に視聴させたり、MTLFXに関心を示した会員に対する質問への回答や投資金額についてのアドバイスを行うなどして、MTLFXに係るMTL社の口座開設等の勧誘を行い、MTLFXを用いた資産運用を希望した会員に対して、MTL社の口座開設のためのURLリンクを案内したり、その手続を円滑に行うためのマニュアルの配布及び個別相談を行ったりしている。 これにより、当社らは、令和３年７月から令和４年３月までの間に、少なくとも延べ175名の一般投資家に対し、合計約１億5,000万円の出資をさせている。 当社らの上記行為は、店頭デリバティブ取引の媒介を業として行うものとして、金商法第28条第１項第２号に規定する「第一種金融商品取引業」に該当し、無登録でこれを行うことは、同法第29条に違反する。 ウ　他社の社債の募集又は私募の取扱い 当社らは、株式会社STEPCAPITALMANAGEMENT（以下「STEP社」という。）が発行する社債（以下「STEP社債」という。）に関し、LINEの公式アカウントサービスを用いた一斉配信や個別コンサルティングにおける解説動画の視聴、個別相談等の方法により、STEP社債の商品概要のほか、リスクの少ない案件であるといった説明を行うなどして、STEP社債の取得勧誘を行っている。 これにより、当社らは、令和３年９月から同年12月までの間に、少なくとも延べ223名の一般投資家に対し、合計５億2,800万円分のSTEP社債を購入させている。 当社らの上記行為は、社債の募集又は私募の取扱いを業として行うものとして、金商法第28条第１項第１号に規定する「第一種金融商品取引業」に該当し、無登録でこれを行うことは、同法第29条に違反する。 ⑵　社債の無届募集 当社は、毎月のように当社の社債を発行していたが、令和３年４月、同年５月及び同年10月に当社の社債（償還期限や利率等をいずれも同じくするもの）を発行するに際し、申込者数が50名以上となったことから、１回分の申込者数が50名未満になるよう回号を後から振り分けるなどしているものの、取得勧誘行為自体は50名以上の会員に対して同時に行っており、実態は50名以上の者に対し、有価証券届出書の提出をせずに有価証券（当社の社債）の取得勧誘（募集）を行ったものである。 また、当社らは、当社の社債の募集の仕方に関し、社債の募集人数や募集金額の点で、弁護士から金商法に違反している可能性があるとの指摘を受けていたにもかかわらず、令和４年１月に当社の社債を発行するに際し、LINEの公式アカウントサービスを利用した会員への一斉配信の方法により、50名以上の会員に対して同時に当社の社債の取得勧誘（募集）を行っている。 当社の上記行為は、有価証券届出書を提出することなく有価証券の募集が行われたものとして金商法第４条第１項に違反するとともに、同項の規定による届出の効力発生前にこれを取得させたものとして同法第15条第１項に違反するものである。 なお、当社の説明によれば、当社は、当社の社債で集めた資金を、STEP社や他の事業者に出資等している。 当社らは、上記金商法違反行為を今後も行う蓋然性が高いことから、これを可及的速やかに禁止・停止させる必要がある。 【サウザンドベンチャーズ社の顧客の皆様へ】 〇 証券取引等監視委員会は、東京地方裁判所に対して、株式会社Thousand Ventures及びその役員１名（以下「当社ら」という。）が金融商品取引法違反行為（無登録金商業及び無届募集）を行うことの禁止及び停止を命ずるよう申立てを行いました（令和４年６月28日）。 〇　証券取引等監視委員会の調査の結果によれば、当社らは、主催するマネースクールの会員に対し、資産形成に関するコンサルティングを通じて、保険商品、海外積立型投資商品、社債、FX自動売買システム、投資用不動産等の商品の提案、勧誘を行っていました。 〇　具体的には、当社らは、既存会員からの紹介等により集まった一般投資家を対象としたオンライン形式のセミナーやインターネット上の音声プラットフォームへの配信等を通じて、個別の資産形成に係る無料コンサルティングに案内し、そのコンサルティングの機会等を利用して、当該マネースクールに勧誘していました。マネースクール入会後は、会員ごとに認定コンサルタントと呼ばれるコンサルティング業務等を行う従業員等が専任の担当者となり、当該認定コンサルタントから、ライフプラン設計についてのコンサルティングを受け、その後、具体的な保険商品、金融商品、不動産投資商品等に関する説明等を受けるのが一般的な流れとなっていました。 〇　当社らは、当該商品の提案、勧誘を行うに当たり、顧客に対して、過去の運用実績における利回りの良さ等を謳った説明や、当社らとの取引関係が長いことをもって安全なビジネススキーム（ローリスク案件）である等の説明を行っていますが、いずれも当該商品の運用成果等を保証するものではありません。 〇 当社らは、金融商品取引業の登録等を受けた業者ではありません。 〇 【一般投資家の皆様へ】 も、併せてご確認ください。 【一般投資家の皆様へ】 〇　無登録業者が、実際には契約内容のとおりの取引を行っていなかったなどのトラブルが多発しています。無登録業者には、金融庁の監督権限が及ばず、投資者保護規定に基づく処分等が行えませんので、ご注意ください。 〇　仮に、海外当局の登録を受けた業者であったとしても、当該海外当局は、他国民との取引について監督指導等を行わないことや、金融庁と同等の監督権限がないことなどがあります。海外当局の登録を受けたことをもって日本と同等の投資者保護を担保するものではありません。 〇 一般に、無登録業者は、実際には契約内容のとおりの取引を行っていない商品であったとしても、返金等を希望する顧客に対し、他の顧客の投資資金を交付することで、返金等に応じることがあります。これまでに返金等を受けることができていたとしても、そのことをもって、直ちに当該商品が信頼できるとは言えませんので、ご注意ください。 〇 日本で登録を受けずに金融商品取引業を行うことは違法です。 取引の相手方が登録を受けているか、 こちら でご確認ください。 また、無登録で金融商品取引業を行っているとして、金融庁（財務局）が警告を行った者の名称等は、 こちら をご確認ください。 〇　外国為替証拠金取引（FX取引）についての注意点は、 こちら をご確認ください。 (クリックすると拡大されます。) (クリックすると拡大されます。) 参考条文 〇第一種金融商品取引業、第二種金融商品取引業、有価証券の募集等 金融商品取引法（抄） （定義） 第二条　この法律において「有価証券」とは、次に掲げるものをいう。 一～四　（略） 五　社債券（相互会社の社債券を含む。以下同じ。） 六～二十一　（略） ２　前項第一号から第十五号までに掲げる有価証券（略）であつて内閣府令で定めるものに表示されるべき権利（以下この項及び次項において「有価証券表示権利」と総称する。）は、有価証券表示権利について当該権利を表示する当該有価証券が発行されていない場合においても、当該権利を当該有価証券とみなし（略）次に掲げる権利は、証券又は証書に表示されるべき権利以外の権利であつても有価証券とみなして、この法律の規定を適用する。 一～四　（略） 五　民法（略）第六百六十七条第一項に規定する組合契約、商法（略）第五百三十五条に規定する匿名組合契約、投資事業有限責任組合契約に関する法律（略）第三条第一項に規定する投資事業有限責任組合契約又は有限責任事業組合契約に関する法律（略）第三条第一項に規定する有限責任事業組合契約に基づく権利、社団法人の社員権その他の権利（外国の法令に基づくものを除く。）のうち、当該権利を有する者（以下この号において「出資者」という。）が出資又は拠出をした金銭（これに類するものとして政令で定めるものを含む。）を充てて行う事業（以下この号において「出資対象事業」という。）から生ずる収益の配当又は当該出資対象事業に係る財産の分配を受けることができる権利であつて、次のいずれにも該当しないもの（略） 六　外国の法令に基づく権利であつて、前号に掲げる権利に類するもの 七　（略） ３　この法律において、「有価証券の募集」とは、新たに発行される有価証券の取得の申込みの勧誘（これに類するものとして内閣府令で定めるもの（次項において「取得勧誘類似行為」という。）を含む。以下「取得勧誘」という。）のうち、当該取得勧誘が第一項各号に掲げる有価証券又は前項の規定により有価証券とみなされる有価証券表示権利（略）同項各号に掲げる権利（電子情報処理組織を用いて移転することができる財産的価値（電子機器その他の物に電子的方法により記録されるものに限る。）に表示される場合（流通性その他の事情を勘案して内閣府令で定める場合を除く。）に限る。以下「電子記録移転権利」という。）（次項及び第六項、第二条の三第四項及び第五項並びに第二十三条の十三第四項において「第一項有価証券」という。）に係るものである場合にあつては第一号及び第二号に掲げる場合（略）に該当するものをいい、「有価証券の私募」とは、取得勧誘であつて有価証券の募集に該当しないものをいう。 一　多数の者（適格機関投資家（有価証券に対する投資に係る専門的知識及び経験を有する者として内閣府令で定める者をいう。以下同じ。）が含まれる場合であつて、当該有価証券がその取得者である適格機関投資家から適格機関投資家以外の者に譲渡されるおそれが少ないものとして政令で定める場合に該当するときは、当該適格機関投資家を除く。）を相手方として行う場合として政令で定める場合（特定投資家のみを相手方とする場合を除く。） 二・三　（略） ４～７　（略） ８　この法律において「金融商品取引業」とは、次に掲げる行為（略）のいずれかを業として行うことをいう。 一～三　（略） 四　店頭デリバティブ取引又はその媒介、取次ぎ（有価証券等清算取次ぎを除く。）若しくは代理（以下「店頭デリバティブ取引等」という。） 五～八　（略） 九　有価証券の募集若しくは売出しの取扱い又は私募若しくは特定投資家向け売付け勧誘等の取扱い 十～十八　（略） ９～21　（略） 22　この法律において「店頭デリバティブ取引」とは、金融商品市場及び外国金融商品市場によらないで行う次に掲げる取引（その内容等を勘案し、公益又は投資者の保護のため支障を生ずることがないと認められるものとして政令で定めるものを除く。）をいう。 一　売買の当事者が将来の一定の時期において金融商品（第二十四項第三号の三及び第五号に掲げるものを除く。第三号及び第六号において同じ。）及びその対価の授受を約する売買であつて、当該売買の目的となつている金融商品の売戻し又は買戻しその他政令で定める行為をしたときは差金の授受によつて決済することができる取引 二～七　（略） 23～42　（略） （募集又は売出しの届出） 第四条　有価証券の募集（特定組織再編成発行手続を含む。第十三条及び第十五条第二項から第六項までを除き、以下この章及び次章において同じ。）又は有価証券の売出し（次項に規定する適格機関投資家取得有価証券一般勧誘及び第三項に規定する特定投資家等取得有価証券一般勧誘に該当するものを除き、特定組織再編成交付手続を含む。以下この項において同じ。）は、発行者が当該有価証券の募集又は売出しに関し内閣総理大臣に届出をしているものでなければ、することができない。ただし、次の各号のいずれかに該当するものについては、この限りでない。 一　有価証券の募集又は売出しの相手方が当該有価証券に係る次条第一項各号に掲げる事項に関する情報を既に取得し、又は容易に取得することができる場合として政令で定める場合における当該有価証券の募集又は売出し 二　有価証券の募集又は売出しに係る組織再編成発行手続又は組織再編成交付手続のうち、次に掲げる場合のいずれかに該当するものがある場合における当該有価証券の募集又は売出し（前号に掲げるものを除く。） イ・ロ　（略） 三　その有価証券に関して開示が行われている場合における当該有価証券の売出し（前二号に掲げるものを除く。） 四　外国で既に発行された有価証券又はこれに準ずるものとして政令で定める有価証券の売出し（金融商品取引業者等が行うものに限る。）のうち、国内における当該有価証券に係る売買価格に関する情報を容易に取得することができることその他の政令で定める要件を満たすもの（前三号に掲げるものを除く。） 五　発行価額又は売出価額の総額が一億円未満の有価証券の募集又は売出しで内閣府令で定めるもの（前各号に掲げるものを除く。） ２～７　（略） （届出の効力発生前の有価証券の取引禁止及び目論見書の交付） 第十五条　発行者、有価証券の売出しをする者、引受人（適格機関投資家取得有価証券一般勧誘（開示が行われている場合における有価証券に係るものを除く。）又は特定投資家等取得有価証券一般勧誘（開示が行われている場合における有価証券に係るものを除く。）に際し、第二条第六項各号のいずれかを行う者を含む。以下この章において同じ。）、金融商品取引業者、登録金融機関若しくは金融商品仲介業者又は金融サービス仲介業者（金融サービスの提供に関する法律（平成十二年法律第百一号）第十一条第六項に規定する金融サービス仲介業者をいい、有価証券等仲介業務（同条第四項に規定する有価証券等仲介業務をいう。以下同じ。）を行う者に限る。以下同じ。）は、その募集又は売出しにつき第四条第一項本文、第二項本文又は第三項本文の規定の適用を受ける有価証券については、これらの規定による届出がその効力を生じているのでなければ、これを募集又は売出しにより取得させ、又は売り付けてはならない。 ２～６　（略） 第二十八条　この章において「第一種金融商品取引業」とは、金融商品取引業のうち、次に掲げる行為のいずれかを業として行うことをいう。 一　有価証券（第二条第二項の規定により有価証券とみなされる同項各号に掲げる権利（電子記録移転権利を除く。次項第二号及び第六十四条第一項第一号において同じ。）を除く。）についての第二条第八項第一号から第三号まで、第五号、第八号又は第九号に掲げる行為 一の二　（略） 二　第二条第八項第四号に掲げる行為又は店頭デリバティブ取引についての同項第五号に掲げる行為 三～五　（略） ２　この章において「第二種金融商品取引業」とは、金融商品取引業のうち、次に掲げる行為のいずれかを業として行うことをいう。 一　（略） 二　第二条第二項の規定により有価証券とみなされる同項各号に掲げる権利についての同条第八項　第一号から第三号まで、第五号、第八号又は第九号に掲げる行為 三・四　（略） ３～８　（略） （登録） 第二十九条　金融商品取引業は、内閣総理大臣の登録を受けた者でなければ、行うことができない。 第百九十七条の二　次の各号のいずれかに該当する者は、五年以下の懲役若しくは五百万円以下の罰金に処し、又はこれを併科する。 一　第四条第一項の規定による届出を必要とする有価証券の募集若しくは売出し、同条第二項の規定による届出を必要とする適格機関投資家取得有価証券一般勧誘又は同条第三項の規定による届出を必要とする特定投資家等取得有価証券一般勧誘について、これらの届出が受理されていないのに当該募集、売出し、適格機関投資家取得有価証券一般勧誘若しくは特定投資家等取得有価証券一般勧誘又はこれらの取扱いをした者 二　（略） 三　第十五条第一項（第二十七条において準用する場合を含む。）、第二十三条の八第一項（第二十七条において準用する場合を含む。）、第二十七条の三第三項（第二十七条の二十二の二第二項において準用する場合を含む。）、第二十七条の八第七項（第二十七条の二十二の二第二項において準用する場合を含む。）又は第二十七条の八第九項（第二十七条の二十二の二第二項及び第二十七条の二十二の三第四項において準用する場合を含む。）の規定に違反した者 四～十の三　（略） 十の四　第二十九条の規定に違反して内閣総理大臣の登録を受けないで金融商品取引業を行つた者 十の五～十五　（略） 第二百七条　法人（法人でない団体で代表者又は管理人の定めのあるものを含む。以下この項及び次項において同じ。）の代表者又は法人若しくは人の代理人、使用人その他の従業者が、その法人又は人の業務又は財産に関し、次の各号に掲げる規定の違反行為をしたときは、その行為者を罰するほか、その法人に対して当該各号に定める罰金刑を、その人に対して各本条の罰金刑を科する。 一　（略） 二　第百九十七条の二（第十一号及び第十二号を除く。）又は第百九十七条の三　五億円以下の罰金刑 三～六　（略） ２・３　（略） 〇緊急差止命令に係る申立て 金融商品取引法（抄） （審問等に関する調査のための処分） 第百八十七条　内閣総理大臣又は内閣総理大臣及び財務大臣は、この法律の規定による審問、この法律の規定による処分に係る聴聞又は第百九十二条の規定による申立てについて、必要な調査をするため、当該職員に、次に掲げる処分をさせることができる。 一　関係人若しくは参考人に出頭を命じて意見を聴取し、又はこれらの者から意見書若しくは報告書を提出させること。 二　鑑定人に出頭を命じて鑑定させること。 三　関係人に対し帳簿書類その他の物件の提出を命じ、又は提出物件を留めて置くこと。 四　関係人の業務若しくは財産の状況又は帳簿書類その他の物件を検査すること。 ２　（略） （裁判所の禁止又は停止命令） 第百九十二条　裁判所は、次の各号のいずれかに該当すると認めるときは、内閣総理大臣又は内閣総理大臣及び財務大臣の申立てにより、当該各号に定める行為を行い、又は行おうとする者に対し、その行為の禁止又は停止を命ずることができる。 一　緊急の必要があり、かつ、公益及び投資者保護のため必要かつ適当であるとき　この法律又はこの法律に基づく命令に違反する行為 二　（略） ２～４　（略） 第百九十八条　次の各号のいずれかに該当する者は、三年以下の懲役若しくは三百万円以下の罰金に処し、又はこれを併科する。 一～七　（略） 八　第百九十二条第一項又は第二項の規定による裁判所の命令に違反した者 第二百七条　法人（略）の代表者又は法人若しくは人の代理人、使用人その他の従業者が、その法人又は人の業務又は財産に関し、次の各号に掲げる規定の違反行為をしたときは、その行為者を罰するほか、その法人に対して当該各号に定める罰金刑を、その人に対して各本条の罰金刑を科する。 一・二　（略） 三　第百九十八条（略）又は第百九十八条の三から第百九十八条の五まで　三億円以下の罰金刑 四～六　（略） ２・３　（略）",0
2022-09-06,2020/04/08-2020/06/18,株式会社ツカダ・グローバルホールディング,2418,日本板硝子株式ほか１銘柄に係る相場操縦に対する課徴金納付命令の勧告について,https://www.fsa.go.jp/sesc/news/c_2022/2022/20220906-1.html,"English version 令和4年9月6日 証券取引等監視委員会 日本板硝子株式ほか１銘柄に係る相場操縦に対する課徴金納付命令の勧告について １．勧告の内容 証券取引等監視委員会は、日本板硝子株式ほか１銘柄に係る相場操縦について検査した結果、下記のとおり法令違反の事実が認められたので、本日、内閣総理大臣及び金融庁長官に対して、金融庁設置法第２０条第１項の規定に基づき、課徴金納付命令を発出するよう勧告を行った。 ２．法令違反の事実関係 課徴金納付命令対象者は、 （１）　日本板硝子株式会社の株式につき、同株式の売買を誘引する目的をもって、別表１記載のとおり、令和２年４月８日から同年６月１８日までの間、１８取引日において、最良買い気配近辺に複数の買い注文を発注して買い板を厚くするなどの方法により、同株式合計６１６万１８００株の買付けの委託を行うとともに、同株式合計１３８万７２００株を買い付ける一方、同株式合計１７３万２１００株を売り付け、 （２）　株式会社ツカダ・グローバルホールディングの株式につき、同株式の売買を誘引する目的をもって、別表２記載のとおり、令和２年５月２５日午後１時３９分頃から同日午後３時までの間、最良買い気配近辺に複数の買い注文を発注して買い板を厚くしたり、直前の約定値より高い指値の買い注文を発注して買い付けることにより株価を引き上げたりするなどの方法により、同株式合計１７万９２００株の買付けの委託を行うとともに、同株式合計７万５０００株を買い付ける一方、同株式合計４万６５００株を売り付け、 もって、それぞれ、自己の計算において、上記各株式の売買が繁盛であると誤解させ、かつ、上記各株式の相場を変動させるべき一連の売買及び委託をしたものである。 違反行為事実の概要については、 別図 のとおり。 課徴金納付命令対象者が行った上記の各行為は、金融商品取引法第１７４条の２第１項に規定する「第１５９条第２項第１号の規定に違反する一連の有価証券売買等」に該当すると認められる。 ３．課徴金の額の計算 上記の各違反行為に対し金融商品取引法に基づき納付を命じられる課徴金の額の合計は、２１５万円である。 計算方法の詳細については、 別紙 のとおり。 （別表１・２） （クリックすると拡大されます） （別図） ○違反行為事実の概要について （クリックすると拡大されます） （別紙） ○課徴金の額の計算方法について 1． 別表１及び２ の各違反行為に係る課徴金の額の計算の基礎は以下のとおりである。 (1)　金融商品取引法第１７４条の２第１項の規定により、当該違反行為に係る課徴金の額は、 ア．当該違反行為に係る有価証券の売買対当数量に係るものについて、自己の計算による当該有価証券の売　付け等の価額から、自己の計算による当該有価証券の買付け等の価額を控除した額 及び イ．当該違反行為に係る自己の計算による有価証券の買付け等の数量が、当該違反行為に係る自己の計算による有価証券の売付け等の数量を超える場合、当該違反行為が終了してから１月を経過するまでの間の各日における当該違反行為に係る有価証券の売付け等についての金融商品取引法第６７条の１９又は第１３０条に規定する最高の価格のうち最も高い価格に当該超える数量を乗じて得た額から当該超える数量に係る有価証券の買付け等の価額を控除した額 の合計額として算定。 （注）各違反行為において、各違反行為期間中の売買株数が同数のものは、金商法第１７４条の２第１項第２号の規定（当該違反行為に係る自己の計算による有価証券の売付け等又は買付け等の数量が当該違反行為に係る自己の計算による有価証券の買付け等又は売付け等の数量を超える場合）には該当しない。 (2)　上記(1)で算定された課徴金の額につき、金融商品取引法第１７６条第２項の規定により１万円未満の端数を切り捨てて算定。 ２． 別表１ に掲げる日本板硝子株式に係る取引 (1)　令和２年４月８日の取引について 当該違反行為に係る自己の計算による有価証券の売付け等の数量は、39,100株であり、当該違反行為に係る自己の計算による有価証券の買付け等の数量は、実際の買付け等の数量15,000株に、金融商品取引法第１７４条の２第８項及び金融商品取引法施行令第３３条の１３第１号の規定により、違反行為の開始時にその時における価格（293円）で買付け等を自己の計算においてしたものとみなされる当該違反行為の開始時に所有している有価証券の数量24,100株を加えた39,100株であることから、 ア．当該違反行為に係る有価証券の売買対当数量（39,100株）に係るものについて、自己の計算による当該有価証券の売付け等の価額から、自己の計算による当該有価証券の買付け等の価額を控除した額 （有価証券の売付け等の価額：11,470,800円） －（有価証券の買付け等の価額：11,456,300円） ＝14,500円 イ．金融商品取引法第１７６条第２項の規定により、上記ア．で計算した額の１万円未満の端数を切捨て、10,000円となる。 (2)　令和２年４月１３日の取引について 当該違反行為に係る自己の計算による有価証券の売付け等の数量は、154,700株であり、当該違反行為に係る自己の計算による有価証券の買付け等の数量は、実際の買付け等の数量141,600株に、金融商品取引法第１７４条の２第８項及び金融商品取引法施行令第３３条の１３第１号の規定により、違反行為の開始時にその時における価格（315円）で買付け等を自己の計算においてしたものとみなされる当該違反行為の開始時に所有している有価証券の数量13,100株を加えた154,700株であることから、 ア．当該違反行為に係る有価証券の売買対当数量（154,700株）に係るものについて、自己の計算による当該有価証券の売付け等の価額から、自己の計算による当該有価証券の買付け等の価額を控除した額 （有価証券の売付け等の価額：48,715,700円） －（有価証券の買付け等の価額：48,704,100円） ＝11,600円 イ．金融商品取引法第１７６条第２項の規定により、上記ア．で計算した額の１万円未満の端数を切捨て、10,000円となる。 (3)　令和２年４月１４日の取引について 当該違反行為に係る自己の計算による有価証券の売付け等の数量は、32,200株であり、当該違反行為に係る自己の計算による有価証券の買付け等の数量は、実際の買付け等の数量19,900株に、金融商品取引法第１７４条の２第８項及び金融商品取引法施行令第３３条の１３第１号の規定により、違反行為の開始時にその時における価格（303円）で買付け等を自己の計算においてしたものとみなされる当該違反行為の開始時に所有している有価証券の数量12,300株を加えた32,200株であることから、 ア．当該違反行為に係る有価証券の売買対当数量（32,200株）に係るものについて、自己の計算による当該有価証券の売付け等の価額から、自己の計算による当該有価証券の買付け等の価額を控除した額 （有価証券の売付け等の価額：9,788,800円） －（有価証券の買付け等の価額：9,756,900円） ＝31,900円 イ．金融商品取引法第１７６条第２項の規定により、上記ア．で計算した額の１万円未満の端数を切捨て、30,000円となる。 (4)　令和２年４月１５日の取引について 当該違反行為に係る自己の計算による有価証券の売付け等の数量は、13,400株であり、当該違反行為に係る自己の計算による有価証券の買付け等の数量は、実際の買付け等の数量3,000株に、金融商品取引法第１７４条の２第８項及び金融商品取引法施行令第３３条の１３第１号の規定により、違反行為の開始時にその時における価格（304円）で買付け等を自己の計算においてしたものとみなされる当該違反行為の開始時に所有している有価証券の数量10,400株を加えた13,400株であることから、 ア．当該違反行為に係る有価証券の売買対当数量（13,400株）に係るものについて、自己の計算による当該有価証券の売付け等の価額から、自己の計算による当該有価証券の買付け等の価額を控除した額 （有価証券の売付け等の価額：4,096,000円） －（有価証券の買付け等の価額：4,082,600円） ＝13,400円 イ．金融商品取引法第１７６条第２項の規定により、上記ア．で計算した額の１万円未満の端数を切捨て、10,000円となる。 (5)　令和２年４月１６日の取引について 当該違反行為に係る自己の計算による有価証券の売付け等の数量は、11,200株であり、当該違反行為に係る自己の計算による有価証券の買付け等の数量は、実際の買付け等の数量200株に、金融商品取引法第１７４条の２第８項及び金融商品取引法施行令第３３条の１３第１号の規定により、違反行為の開始時にその時における価格（301円）で買付け等を自己の計算においてしたものとみなされる当該違反行為の開始時に所有している有価証券の数量11,000株を加えた11,200株であることから、 ア．当該違反行為に係る有価証券の売買対当数量（11,200株）に係るものについて、自己の計算による当該有価証券の売付け等の価額から、自己の計算による当該有価証券の買付け等の価額を控除した額 （有価証券の売付け等の価額：3,382,400円） －（有価証券の買付け等の価額：3,371,400円） ＝11,000円 イ．金融商品取引法第１７６条第２項の規定により、上記ア．で計算した額の１万円未満の端数を切捨て、10,000円となる。 (6)　令和２年４月１７日の取引について 当該違反行為に係る自己の計算による有価証券の売付け等の数量は、20,800株であり、当該違反行為に係る自己の計算による有価証券の買付け等の数量は、実際の買付け等の数量1,100株に、金融商品取引法第１７４条の２第８項及び金融商品取引法施行令第３３条の１３第１号の規定により、違反行為の開始時にその時における価格（314円）で買付け等を自己の計算においてしたものとみなされる当該違反行為の開始時に所有している有価証券の数量19,700株を加えた20,800株であることから、 ア．当該違反行為に係る有価証券の売買対当数量（20,800株）に係るものについて、自己の計算による当該有価証券の売付け等の価額から、自己の計算による当該有価証券の買付け等の価額を控除した額 （有価証券の売付け等の価額：6,552,000円） －（有価証券の買付け等の価額：6,530,700円） ＝21,300円 イ．金融商品取引法第１７６条第２項の規定により、上記ア．で計算した額の１万円未満の端数を切捨て、20,000円となる。 (7)　令和２年４月２１日の取引について 当該違反行為に係る自己の計算による有価証券の売付け等の数量は、209,200株であり、当該違反行為に係る自己の計算による有価証券の買付け等の数量は、実際の買付け等の数量199,200株に、金融商品取引法第１７４条の２第８項及び金融商品取引法施行令第３３条の１３第１号の規定により、違反行為の開始時にその時における価格（309円）で買付け等を自己の計算においてしたものとみなされる当該違反行為の開始時に所有している有価証券の数量10,000株を加えた209,200株であることから、 ア．当該違反行為に係る有価証券の売買対当数量（209,200株）に係るものについて、自己の計算による当該有価証券の売付け等の価額から、自己の計算による当該有価証券の買付け等の価額を控除した額 （有価証券の売付け等の価額：64,440,400円） －（有価証券の買付け等の価額：64,339,100円） ＝101,300円 イ．金融商品取引法第１７６条第２項の規定により、上記ア．で計算した額の１万円未満の端数を切捨て、100,000円となる。 (8)　令和２年４月２２日の取引について 当該違反行為に係る自己の計算による有価証券の売付け等の数量は、43,000株であり、当該違反行為に係る自己の計算による有価証券の買付け等の数量は、実際の買付け等の数量16,000株に、金融商品取引法第１７４条の２第８項及び金融商品取引法施行令第３３条の１３第１号の規定により、違反行為の開始時にその時における価格（299円）で買付け等を自己の計算においてしたものとみなされる当該違反行為の開始時に所有している有価証券の数量27,000株を加えた43,000株であることから、 ア．当該違反行為に係る有価証券の売買対当数量（43,000株）に係るものについて、自己の計算による当該有価証券の売付け等の価額から、自己の計算による当該有価証券の買付け等の価額を控除した額 （有価証券の売付け等の価額：12,840,000円） －（有価証券の買付け等の価額：12,797,000円） ＝43,000円 イ．金融商品取引法第１７６条第２項の規定により、上記ア．で計算した額の１万円未満の端数を切捨て、40,000円となる。 (9)　令和２年４月２７日の取引について 当該違反行為に係る自己の計算による有価証券の売付け等の数量は、22,200株であり、当該違反行為に係る自己の計算による有価証券の買付け等の数量は、金融商品取引法第１７４条の２第８項及び金融商品取引法施行令第３３条の１３第１号の規定により、違反行為の開始時にその時における価格（309円）で買付け等を自己の計算においてしたものとみなされる当該違反行為の開始時に所有している有価証券の数量22,200株であることから、 ア．当該違反行為に係る有価証券の売買対当数量（22,200株）に係るものについて、自己の計算による当該有価証券の売付け等の価額から、自己の計算による当該有価証券の買付け等の価額を控除した額 （有価証券の売付け等の価額：6,882,000円） －（有価証券の買付け等の価額：6,859,800円） ＝22,200円 イ．金融商品取引法第１７６条第２項の規定により、上記ア．で計算した額の１万円未満の端数を切捨て、20,000円となる。 (10)　令和２年５月１日の取引について 当該違反行為に係る自己の計算による有価証券の売付け等の数量は、439,700株であり、当該違反行為に係る自己の計算による有価証券の買付け等の数量は、実際の買付け等の数量411,700株に、金融商品取引法第１７４条の２第８項及び金融商品取引法施行令第３３条の１３第１号の規定により、違反行為の開始時にその時における価格（335円）で買付け等を自己の計算においてしたものとみなされる当該違反行為の開始時に所有している有価証券の数量28,000株を加えた439,700株であることから、 ア．当該違反行為に係る有価証券の売買対当数量（439,700株）に係るものについて、自己の計算による当該有価証券の売付け等の価額から、自己の計算による当該有価証券の買付け等の価額を控除した額 （有価証券の売付け等の価額：147,075,300円） －（有価証券の買付け等の価額：147,024,500円） ＝50,800円 イ．金融商品取引法第１７６条第２項の規定により、上記ア．で計算した額の１万円未満の端数を切捨て、50,000円となる。 (11)　令和２年５月１５日の取引について 当該違反行為に係る自己の計算による有価証券の売付け等の数量は、91,200株であり、当該違反行為に係る自己の計算による有価証券の買付け等の数量は、実際の買付け等の数量59,200株に、金融商品取引法第１７４条の２第８項及び金融商品取引法施行令第３３条の１３第１号の規定により、違反行為の開始時にその時における価格（364円）で買付け等を自己の計算においてしたものとみなされる当該違反行為の開始時に所有している有価証券の数量32,000株を加えた91,200株であることから、 ア．当該違反行為に係る有価証券の売買対当数量（91,200株）に係るものについて、自己の計算による当該有価証券の売付け等の価額から、自己の計算による当該有価証券の買付け等の価額を控除した額 （有価証券の売付け等の価額：32,900,200円） －（有価証券の買付け等の価額：32,810,300円） ＝89,900円 イ．金融商品取引法第１７６条第２項の規定により、上記ア．で計算した額の１万円未満の端数を切捨て、80,000円となる。 (12)　令和２年５月２０日の取引について 当該違反行為に係る自己の計算による有価証券の売付け等の数量は、20,400株であり、当該違反行為に係る自己の計算による有価証券の買付け等の数量は、実際の買付け等の数量10,400株に、金融商品取引法第１７４条の２第８項及び金融商品取引法施行令第３３条の１３第１号の規定により、違反行為の開始時にその時における価格（377円）で買付け等を自己の計算においてしたものとみなされる当該違反行為の開始時に所有している有価証券の数量10,000株を加えた20,400株であることから、 ア．当該違反行為に係る有価証券の売買対当数量（20,400株）に係るものについて、自己の計算による当該有価証券の売付け等の価額から、自己の計算による当該有価証券の買付け等の価額を控除した額 （有価証券の売付け等の価額：7,808,700円） －（有価証券の買付け等の価額：7,773,300円） ＝35,400円 イ．金融商品取引法第１７６条第２項の規定により、上記ア．で計算した額の１万円未満の端数を切捨て、30,000円となる。 (13)　令和２年６月９日の取引について 当該違反行為に係る自己の計算による有価証券の売付け等の数量は、19,000株であり、当該違反行為に係る自己の計算による有価証券の買付け等の数量は、実際の買付け等の数量15,000株に、金融商品取引法第１７４条の２第８項及び金融商品取引法施行令第３３条の１３第１号の規定により、違反行為の開始時にその時における価格（475円）で買付け等を自己の計算においてしたものとみなされる当該違反行為の開始時に所有している有価証券の数量4,000株を加えた19,000株であることから、 ア．当該違反行為に係る有価証券の売買対当数量（19,000株）に係るものについて、自己の計算による当該有価証券の売付け等の価額から、自己の計算による当該有価証券の買付け等の価額を控除した額 （有価証券の売付け等の価額：9,059,000円） －（有価証券の買付け等の価額：9,046,000円） ＝13,000円 イ．金融商品取引法第１７６条第２項の規定により、上記ア．で計算した額の１万円未満の端数を切捨て、10,000円となる。 (14)　令和２年６月１０日の取引について 当該違反行為に係る自己の計算による有価証券の売付け等の数量は、304,200株であり、当該違反行為に係る自己の計算による有価証券の買付け等の数量は、実際の買付け等の数量280,100株に、金融商品取引法第１７４条の２第８項及び金融商品取引法施行令第３３条の１３第１号の規定により、違反行為の開始時にその時における価格（470円）で買付け等を自己の計算においてしたものとみなされる当該違反行為の開始時に所有している有価証券の数量24,100株を加えた304,200株であることから、 ア．当該違反行為に係る有価証券の売買対当数量（304,200株）に係るものについて、自己の計算による当該有価証券の売付け等の価額から、自己の計算による当該有価証券の買付け等の価額を控除した額 （有価証券の売付け等の価額：142,495,900円） －（有価証券の買付け等の価額：142,367,900円） ＝128,000円 イ．金融商品取引法第１７６条第２項の規定により、上記ア．で計算した額の１万円未満の端数を切捨て、120,000円となる。 (15)　令和２年６月１２日の取引について 当該違反行為に係る自己の計算による有価証券の売付け等の数量は、55,100株であり、当該違反行為に係る自己の計算による有価証券の買付け等の数量は、実際の買付け等の数量8,100株に、金融商品取引法第１７４条の２第８項及び金融商品取引法施行令第３３条の１３第１号の規定により、違反行為の開始時にその時における価格（409円）で買付け等を自己の計算においてしたものとみなされる当該違反行為の開始時に所有している有価証券の数量47,000株を加えた55,100株であることから、 ア．当該違反行為に係る有価証券の売買対当数量（55,100株）に係るものについて、自己の計算による当該有価証券の売付け等の価額から、自己の計算による当該有価証券の買付け等の価額を控除した額 （有価証券の売付け等の価額：22,865,400円） －（有価証券の買付け等の価額：22,628,200円） ＝237,200円 イ．金融商品取引法第１７６条第２項の規定により、上記ア．で計算した額の１万円未満の端数を切捨て、230,000円となる。 (16)　令和２年６月１５日の取引について 当該違反行為に係る自己の計算による有価証券の売付け等の数量は、11,000株であり、当該違反行為に係る自己の計算による有価証券の買付け等の数量は、金融商品取引法第１７４条の２第８項及び金融商品取引法施行令第３３条の１３第１号の規定により、違反行為の開始時にその時における価格（411円）で買付け等を自己の計算においてしたものとみなされる当該違反行為の開始時に所有している有価証券の数量11,000株であることから、 ア．当該違反行為に係る有価証券の売買対当数量（11,000株）に係るものについて、自己の計算による当該有価証券の売付け等の価額から、自己の計算による当該有価証券の買付け等の価額を控除した額 （有価証券の売付け等の価額：4,532,000円） －（有価証券の買付け等の価額：4,521,000円） ＝11,000円 イ．金融商品取引法第１７６条第２項の規定により、上記ア．で計算した額の１万円未満の端数を切捨て、10,000円となる。 (17)　令和２年６月１７日の取引について 当該違反行為に係る自己の計算による有価証券の売付け等の数量は、61,600株であり、当該違反行為に係る自己の計算による有価証券の買付け等の数量は、実際の買付け等の数量41,600株に、金融商品取引法第１７４条の２第８項及び金融商品取引法施行令第３３条の１３第１号の規定により、違反行為の開始時にその時における価格（429円）で買付け等を自己の計算においてしたものとみなされる当該違反行為の開始時に所有している有価証券の数量20,000株を加えた61,600株であることから、 ア．当該違反行為に係る有価証券の売買対当数量（61,600株）に係るものについて、自己の計算による当該有価証券の売付け等の価額から、自己の計算による当該有価証券の買付け等の価額を控除した額 （有価証券の売付け等の価額：26,345,600円） －（有価証券の買付け等の価額：26,273,500円） ＝72,100円 イ．金融商品取引法第１７６条第２項の規定により、上記ア．で計算した額の１万円未満の端数を切捨て、70,000円となる。 (18)　令和２年６月１８日の取引について 当該違反行為に係る自己の計算による有価証券の売付け等の数量は、184,100株であり、当該違反行為に係る自己の計算による有価証券の買付け等の数量は、実際の買付け等の数量165,100株に、金融商品取引法第１７４条の２第８項及び金融商品取引法施行令第３３条の１３第１号の規定により、違反行為の開始時にその時における価格（419円）で買付け等を自己の計算においてしたものとみなされる当該違反行為の開始時に所有している有価証券の数量19,000株を加えた184,100株であることから、 ア．当該違反行為に係る有価証券の売買対当数量（184,100株）に係るものについて、自己の計算による当該有価証券の売付け等の価額から、自己の計算による当該有価証券の買付け等の価額を控除した額 （有価証券の売付け等の価額：76,737,000円） －（有価証券の買付け等の価額：76,684,400円） ＝52,600円 イ．金融商品取引法第１７６条第２項の規定により、上記ア．で計算した額の１万円未満の端数を切捨て、50,000円となる。 ３． 別表２ に掲げるツカダ・グローバルホールディング株式に係る取引 (1)　当該違反行為に係る自己の計算による有価証券の売付け等の数量は、46,500株であり、当該違反行為に係る自己の計算による有価証券の買付け等の数量は、実際の買付け等の数量75,000株に、金融商品取引法第１７４条の２第８項及び金融商品取引法施行令第３３条の１３第１号の規定により、違反行為の開始時にその時における価格（404円）で買付け等を自己の計算においてしたものとみなされる当該違反行為の開始時に所有している有価証券の数量10,100株を加えた85,100株であることから、 ア．当該違反行為に係る有価証券の売買対当数量（46,500株）に係るものについて、自己の計算による当該有価証券の売付け等の価額から、自己の計算による当該有価証券の買付け等の価額を控除した額 （有価証券の売付け等の価額：18,780,200円） －（有価証券の買付け等の価額：18,812,400円） ＝－32,200円 及び イ．当該違反行為に係る自己の計算による有価証券の買付け等の数量（85,100株）が、当該違反行為に係る自己の計算による有価証券の売付け等の数量（46,500株）を超えていることから、当該違反行為が終了してから１月を経過するまでの間の各日における当該違反行為に係る有価証券の売付け等についての金融商品取引法第６７条の１９又は第１３０条に規定する最高の価格のうち最も高い価格（435円）に当該超える数量38,600株（買付け等の数量85,100株－売付け等の数量46,500株）を乗じて得た額（ａ）から、当該超える数量に係る有価証券の買付け等の価額（ｂ）を控除した額 （a：16,791,000円）－（b：15,500,000円） ＝1,291,000円 の合計額が1,258,800円となる。 (2)　 金融商品取引法第１７６条第２項の規定により、上記ア．で計算した額の１万円未満の端数を切捨て、1,250,000円となる。 ４．上記２．及び３．により算定した額の合計 ２．の合計額900,000円　＋　３．の額1,250,000円＝2,150,000円　となる。 ※　各違反行為期間における売付け等の価額及び買付け等の価額の詳細については、 別表３ を参照。 別表３（PDF）",0
2022-06-28,2020/05/21-2020/06/01,株式会社京写,6837,京写株式に係る相場操縦に対する課徴金納付命令の勧告について,https://www.fsa.go.jp/sesc/news/c_2022/2022/20220628-1.html,"English version 令和４年6月28日 証券取引等監視委員会 京写株式に係る相場操縦に対する課徴金納付命令の勧告について １．勧告の内容 証券取引等監視委員会は、京写株式に係る相場操縦について検査した結果、下記のとおり法令違反の事実が認められたので、本日、内閣総理大臣及び金融庁長官に対して、金融庁設置法第２０条第１項の規定に基づき、課徴金納付命令を発出するよう勧告を行った。 ２．法令違反の事実関係 課徴金納付命令対象者は、株式会社京写の株式につき、同株式の売買を誘引する目的をもって、別表１記載のとおり、令和２年５月２１日午後０時４６分頃から同年６月１日午後２時１８分頃までの間、８取引日にわたり、自己名義及び親族名義で、直前の約定値より高い指値の買い注文を発注して、他の投資者が発注した売り注文を買い付けることにより直前の約定値より株価を引き上げたり、自身が発注した売り注文に対し買い注文を発注して対当させたり、最良買い気配近辺や下値に複数の買い注文を発注するなどの方法により、同株式合計２７万７３００株の買付けの委託を行うとともに、同株式合計４１万６９００株を買い付ける一方、同株式合計２３万４９００株を売り付け、もって、自己の計算において、同株式の売買が繁盛であると誤解させ、かつ、同株式の相場を変動させるべき一連の売買及び委託をしたものである。 違反行為事実の概要については、 別図 のとおり。 課徴金納付命令対象者が行った上記の行為は、金融商品取引法第１７４条の２第１項に規定する「第１５９条第２項第１号の規定に違反する一連の有価証券売買等」に該当すると認められる。 ３．課徴金の額の計算 上記の違反行為に対し金融商品取引法に基づき納付を命じられる課徴金の額は、４１５万円である。 計算方法の詳細については、 別紙 のとおり。 ４．その他 本件については、日本取引所自主規制法人より提供された情報等を参考として、実態解明を行ったものである。 （別表１） ○違反行為状況 （クリックすると拡大されます） （別図） ○違反行為事実の概要について （クリックすると拡大されます） （別紙） ○課徴金の額の計算方法について １． 別表１ の違反行為に係る課徴金の額の計算の基礎は以下のとおりである。 (1)　金融商品取引法第１７４条の２第１項の規定により、当該違反行為に係る課徴金の額は、 ア．当該違反行為に係る有価証券の売買対当数量に係るものについて、自己の計算による当該有価証券の売付け等の価額から、自己の計算による当該有価証券の買付け等の価額を控除した額 及び イ．当該違反行為に係る自己の計算による有価証券の買付け等の数量が、当該違反行為に係る自己の計算による有価証券の売付け等の数量を超える場合、当該違反行為が終了してから１月を経過するまでの間の各日における当該違反行為に係る有価証券の売付け等についての金融商品取引法第６７条の１９又は第１３０条に規定する最高の価格のうち最も高い価格に当該超える数量を乗じて得た額から当該超える数量に係る有価証券の買付け等の価額を控除した額 の合計額として算定。 (2)　上記(1)で算定された課徴金の額につき、金融商品取引法第１７６条第２項の規定により１万円未満の端数を切り捨てて算定。 ２． 別表１ に掲げる京写株式に係る取引 (1)　当該違反行為に係る自己の計算による有価証券の売付け等の数量は、234,900株であり、当該違反行為に係る自己の計算による有価証券の買付け等の数量は、実際の買付け等の数量416,900株に、金融商品取引法第１７４条の２第８項及び金融商品取引法施行令第３３条の１３第１号の規定により、違反行為の開始時にその時における価格（256円）で買付け等を自己の計算においてしたものとみなされる当該違反行為の開始時に所有している有価証券の数量9,700株を加えた426,600株であることから、 ア．当該違反行為に係る有価証券の売買対当数量（234,900株）に係るものについて、自己の計算による当該有価証券の売付け等の価額から、自己の計算による当該有価証券の買付け等の価額を控除した額 （有価証券の売付け等の価額：66,176,700円） －（有価証券の買付け等の価額：64,571,900円） ＝1,604,800円 及び イ．当該違反行為に係る自己の計算による有価証券の買付け等の数量（426,600株）が、当該違反行為に係る自己の計算による有価証券の売付け等の数量（234,900株）を超えていることから、当該違反行為が終了してから１月を経過するまでの間の各日における当該違反行為に係る有価証券の売付け等についての金融商品取引法第６７条の１９又は第１３０条に規定する最高の価格のうち最も高い価格（297円）に当該超える数量191,700株（買付け等の数量426,600株－売付け等の数量234,900株）を乗じて得た額（ａ）から、当該超える数量に係る有価証券の買付け等の価額（ｂ）を控除した額 （ａ：56,934,900円）－（ｂ：54,382,290円） ＝2,552,610円 の合計額4,157,410円となる。 (2)　金融商品取引法第１７６条第２項の規定により、上記（1）で計算した額の１万円未満の端数を切捨て、4,150,000円となる。 ※　違反行為に係る売付け等の価額及び買付け等の価額の詳細については、 別表２ を参照。 別表２（PDF）",0
2022-06-23,2018/05/11-2021/12/30,アジャイルメディア・ネットワーク株式会社,6573,アジャイルメディア・ネットワーク株式会社における有価証券報告書等の虚偽記載に係る課徴金納付命令勧告について,https://www.fsa.go.jp/sesc/news/c_2022/2022/20220623-1.html,"English version 令和４年６月23日 証券取引等監視委員会 アジャイルメディア・ネットワーク株式会社における有価証券報告書等の虚偽記載に係る課徴金納付命令勧告について １．勧告の内容 証券取引等監視委員会は、アジャイルメディア・ネットワーク株式会社（法人番号6011001056801）（以下「当社」という。）における金融商品取引法に基づく開示規制の違反について検査した結果、以下のとおり法令違反の事実が認められたので、本日、内閣総理大臣及び金融庁長官に対して、金融庁設置法第20条第１項の規定に基づき、課徴金納付命令を発出するよう勧告を行った。 ２．法令違反の事実関係 （１）継続開示書類 当社は、架空取引による売上の過大計上、販売費及び一般管理費の過少計上及びソフトウェア仮勘定の過大計上等の不適正な会計処理を行った。 この結果、当社は、関東財務局長に対し、金融商品取引法第172 条の４第１項及び第２項に規定する「重要な事項につき虚偽の記載」がある以下の有価証券報告書、四半期報告書及び有価証券報告書等の訂正報告書を提出した（「重要な事項につき虚偽の記載」の内容は別紙１の表の番号１から番号22のとおり）。 ・平成30年３月第１四半期四半期報告書（平成30年５月11日提出） ・平成30年６月第２四半期四半期報告書（平成30年８月13日提出） ・平成30年６月第２四半期四半期報告書の訂正報告書（令和３年７月14日提出） ・平成30年９月第３四半期四半期報告書（平成30年11月12日提出） ・平成30年９月第３四半期四半期報告書の訂正報告書（令和３年７月14日提出） ・平成30年12月期有価証券報告書（平成31年３月29日提出） ・平成30年12月期有価証券報告書の訂正報告書（令和３年７月14日提出） ・平成31年３月第１四半期四半期報告書（令和元年５月15日提出） ・令和元年６月第２四半期四半期報告書（令和元年８月13日提出） ・令和元年９月第３四半期四半期報告書（令和元年11月13日提出） ・令和元年12月期有価証券報告書（令和２年３月30日提出） ・令和元年12月期有価証券報告書の訂正報告書（令和３年７月14日提出） ・令和２年３月第１四半期四半期報告書（令和２年６月18日提出） ・令和２年３月第１四半期四半期報告書の訂正報告書（令和３年７月14日提出） ・令和２年６月第２四半期四半期報告書（令和２年８月12日提出） ・令和２年６月第２四半期四半期報告書の訂正報告書（令和３年７月14日提出） ・令和２年９月第３四半期四半期報告書（令和２年11月13日提出） ・令和２年９月第３四半期四半期報告書の訂正報告書（令和３年７月14日提出） ・令和２年12月期有価証券報告書（令和３年３月29日提出） ・令和２年12月期有価証券報告書の訂正報告書（令和３年７月14日提出） ・令和３年６月第２四半期四半期報告書（令和３年８月16日提出） ・令和３年９月第３四半期四半期報告書（令和３年11月12日提出） （２）発行開示書類 ア　当社は、関東財務局長に対し、令和２年６月18日、上記（１）の重要な事項につき虚偽の記載がある令和元年12月期有価証券報告書及び令和２年３月第１四半期四半期報告書を組込情報とする金融商品取引法第172 条の２第１項に規定する「重要な事項につき虚偽の記載」がある有価証券届出書（株券及び新株予約権証券の募集）を提出し、当該有価証券届出書に基づく募集により、令和２年７月６ 日、132,700株の株券及び3,979個の新株予約権証券を402,380,220円（当該新株予約権の行使に際して払い込むべき金額を含む）で取得させた（「重要な事項につき虚偽の記載」の内容は別紙１の表の番号23のとおり）。 イ　当社は、関東財務局長に対し、令和３年12月14日、金融商品取引法第172条の２第１項に規定する「重要な事項につき虚偽の記載」がある有価証券届出書（株券の募集）を提出し、令和３年12月30日、500,000株の株券を 203,500,000円で取得させた（「重要な事項につき虚偽の記載」の内容は別紙１の表の番号24 のとおり）。 ３．課徴金の額の計算 上記の違法行為について金融商品取引法に基づき算定される課徴金の額は、8,425万円である（計算方法については別紙２のとおり）。 【別紙１】有価証券報告書等の虚偽記載内容 番号 対象書類 虚偽記載 提出日 書類 会計期間 記載項目 主な内容（注） 主な事由 １ 平成30年５月11日 第12期第１四半期（平成30年１月１日～同年３月31日）に係る四半期報告書 平成30年１月１日～同年３月31日の第１四半期連結累計期間 四半期連結 損益計算書 親会社株主に帰属する四半期純利益が ▲6,390千円であるところを2,934千円と記載 販売費及び一般管理費の過少計上 ２ 平成30年８月13日 第12期第２四半期（平成30年４月１日～同年６月30日）に係る四半期報告書 平成30年１月１日～同年６月30日の第２四半期連結累計期間 四半期連結 損益計算書 親会社株主に帰属する四半期純利益が ▲3,035千円であるところを12,355千円と記載 販売費及び一般管理費の過少計上 ３ 令和３年７月14日 第12期第２四半期（平成30年４月１日～同年６月30日）に係る四半期報告書の訂正報告書 平成30年１月１日～同年６月30日の第２四半期連結累計期間 四半期連結 損益計算書 親会社株主に帰属する四半期純利益が ▲3,035千円であるところを7,672千円と記載 販売費及び一般管理費の過少計上 ４ 平成30年11月12日 第12期第３四半期（平成30年７月１日～同年９月30日）に係る四半期報告書 平成30年１月１日～同年９月30日の第３四半期連結累計期間 四半期連結 損益計算書 親会社株主に帰属する四半期純利益が ▲18,655千円であるところを24,754千円と記載 販売費及び一般管理費の過少計上 ５ 令和３年７月14日 第12期第３四半期（平成30年７月１日～同年９月30日）に係る四半期報告書の訂正報告書 平成30年１月１日～同年９月30日の第３四半期連結累計期間 四半期連結 損益計算書 親会社株主に帰属する四半期純利益が ▲18,655千円であるところを▲2,738千円と記載 販売費及び一般管理費の過少計上 ６ 平成31年３月29日 第12期（平成30年１月１日～同年12月31日）に係る有価証券報告書 平成30年１月１日～同年12月31日の連結会計期間 連結 損益計算書 親会社株主に帰属する当期純利益が ▲64,345千円であるところを79,959千円と記載 売上の過大計上、販売費及び一般管理費の過少計上 ７ 令和３年７月14日 第12期（平成30年１月１日～同年12月31日）に係る有価証券報告書の訂正報告書 平成30年１月１日～同年12月31日の連結会計期間 連結 損益計算書 親会社株主に帰属する当期純利益が ▲64,345千円であるところを26,703千円と記載 売上の過大計上、販売費及び一般管理費の過少計上 ８ 令和元年５月15日 第13期第１四半期（平成31年１月１日～同年３月31日）に係る四半期報告書 平成31年１月１日～同年３月31日の第１四半期連結累計期間 四半期連結 損益計算書 親会社株主に帰属する四半期純利益が ▲64,346千円であるところを▲15,905千円と記載 貸倒引当金繰入額の不計上 平成31年１月１日～同年３月31日の第１四半期連結会計期間 四半期連結 貸借対照表 連結純資産額が499,116千円であるところを684,473千円と記載 ９ 令和元年８月13日 第13期第２四半期（平成31年４月１日～令和元年６月30日）に係る四半期報告書 平成31年１月１日～令和元年６月30日の第２四半期連結累計期間 四半期連結 損益計算書 親会社株主に帰属する四半期純利益が ▲153,035千円であるところを▲64,785千円と記載 貸倒引当金繰入額の不計上 平成31年４月１日～令和元年６月30日の第２四半期連結会計期間 四半期連結 貸借対照表 連結純資産額が425,607千円であるところを650,773千円と記載 10 令和元年11月13日 第13期第３四半期（令和元年７月１日～同年９月30日）に係る四半期報告書 平成31年１月１日～令和元年９月30日の第３四半期連結累計期間 四半期連結 損益計算書 親会社株主に帰属する四半期純利益が ▲206,520千円であるところを▲93,154千円と記載 貸倒引当金繰入額の不計上 令和元年７月１日～同年９月30日の第３四半期連結会計期間 四半期連結 貸借対照表 連結純資産額が374,563千円であるところを624,844千円と記載 11 令和２年３月30日 第13期（平成31年１月１日～令和元年12月31日）に係る有価証券報告書 平成31年１月１日～令和元年12月31日の連結会計期間 連結 損益計算書 親会社株主に帰属する当期純利益が ▲374,257千円であるところを▲192,960千円と記載 貸倒引当金繰入額の不計上、減損損失の不計上 連結 貸借対照表 連結純資産額が209,258千円であるところを527,470千円と記載 12 令和３年７月14日 第13期（平成31年１月１日～令和元年12月31日）に係る有価証券報告書の訂正報告書 平成31年１月１日～令和元年12月31日の連結会計期間 連結 損益計算書 親会社株主に帰属する当期純利益が ▲374,257千円であるところを▲355,756千円と記載 減損損失の不計上 連結 貸借対照表 連結純資産額が209,258千円であるところを311,418千円と記載 13 令和２年６月18日 第14期第１四半期（令和２年１月１日～同年３月31日）に係る四半期報告書 令和２年１月１日～同年３月31日の第１四半期連結会計期間 四半期連結 貸借対照表 連結純資産額が145,980千円であるところを479,822千円と記載 貸倒引当金繰入額の不計上、販売費及び一般管理費の過少計上 14 令和３年７月14日 第14期第１四半期（令和２年１月１日～同年３月31日）に係る四半期報告書の訂正報告書 令和２年１月１日～同年３月31日の第１四半期連結会計期間 四半期連結 貸借対照表 連結純資産額が145,980千円であるところを246,249千円と記載 減損損失の不計上 15 令和２年８月12日 第14期第２四半期（令和２年４月１日～同年６月30日）に係る四半期報告書 令和２年１月１日～同年６月30日の第２四半期累計期間 四半期連結 損益計算書 親会社株主に帰属する四半期純利益が ▲131,819千円であるところを▲109,257千円と記載 貸倒引当金繰入額の不計上 令和２年４月１日～同年６月30日の第２四半期連結会計期間 四半期連結 貸借対照表 連結純資産額が80,232千円であるところを421,004千円と記載 16 令和３年７月14日 第14期第２四半期（令和２年４月１日～同年６月30日）に係る四半期報告書の訂正報告書 令和２年４月１日～同年６月30日の第２四半期連結会計期間 四半期連結 貸借対照表 連結純資産額が80,232千円であるところを182,932千円と記載 減損損失の不計上 17 令和２年11月13日 第14期第３四半期（令和２年７月１日～同年９月30日）に係る四半期報告書 令和２年１月１日～同年９月30日の第３四半期累計期間 四半期連結 損益計算書 親会社株主に帰属する四半期純利益が ▲271,158千円であるところを▲227,990千円と記載 貸倒引当金繰入額の不計上 令和２年７月１日～同年９月30日の第３四半期連結会計期間 四半期連結 貸借対照表 連結純資産額が243,199千円であるところを604,580千円と記載 18 令和３年７月14日 第14期第３四半期（令和２年７月１日～同年９月30日）に係る四半期報告書の訂正報告書 令和２年７月１日～同年９月30日の第３四半期連結会計期間 四半期連結 貸借対照表 連結純資産額が243,199千円であるところを346,590千円と記載 減損損失の不計上 19 令和３年３月29日 第14期（令和２年１月１日～同年12月31日）に係る有価証券報告書 令和２年１月１日～同年12月31日の連結会計期間 連結 損益計算書 親会社株主に帰属する当期純利益が ▲345,405千円であるところを▲307,544千円と記載 貸倒引当金繰入額の不計上 連結 貸借対照表 連結純資産額が168,525千円であるところを525,162千円と記載 20 令和３年７月14日 第14期（令和２年１月１日～同年12月31日）に係る有価証券報告書の訂正報告書 令和２年１月１日～同年12月31日の連結会計期間 連結 貸借対照表 連結純資産額が168,525千円であるところを268,212千円と記載 減損損失の不計上 21 令和３年８月16日 第15期第２四半期（令和３年４月１日～同年６月30日）に係る四半期報告書 令和３年４月１日～同年６月30日の第２四半期連結会計期間 四半期連結 貸借対照表 連結純資産額が ▲14,166千円であるところを▲9,173千円と記載 貸倒引当金繰入額の不計上 22 令和３年11月12日 第15期第３四半期（令和３年７月１日～同年９月30日）に係る四半期報告書 令和３年７月１日～同年９月30日の第３四半期連結会計期間 四半期連結 貸借対照表 連結純資産額が ▲40,006千円であるところを▲33,115千円と記載 貸倒引当金繰入額の不計上 23 令和２年６月18日 有価証券届出書（株券及び新株予約権証券の募集） 「第四部組込情報」 番号11に掲げる第13期に係る有価証券報告書及び番号13に掲げる第14期第１四半期に係る四半期報告書を組込 番号11及び番号13参照 24 令和３年12月14日 有価証券届出書（株券の募集） 令和２年１月１日～同年12月31日の連結会計期間 連結 貸借対照表 連結純資産額が168,525千円であるところを268,212千円と記載 減損損失の不計上 令和３年７月１日～同年９月30日の第３四半期連結会計期間 四半期連結 貸借対照表 連結純資産額が ▲40,006千円であるところを▲33,115千円と記載 貸倒引当金繰入額の不計上 （注）金額は千円未満切捨てである。 【別紙２】課徴金の計算方法 （１）　金融商品取引法第172条の４第１項及び第２項の規定により、平成30年３月第１四半期四半期報告書、平成30年６月第２四半期四半期報告書、平成30年９月第３四半期四半期報告書及び平成30年12月期有価証券報告書ごとに算出した額（以下（１）において「個別決定ごとの算出額」という。）は、 ア　当社が発行する算定基準有価証券の市場価額の総額に10万分の６を乗じて得た額 ・平成30年３月第１四半期四半期報告書に係る額　　  587,030円 ・平成30年６月第２四半期四半期報告書に係る額　 　 411,062円 ・平成30年９月第３四半期四半期報告書に係る額    　 295,777円 ・平成30年12月期有価証券報告書に係る額　　　　 　320,853円 が、いずれも イ　6,000,000円 を超えないことから、 ・平成30年３月第１四半期四半期報告書については、6,000,000円の２分の１に相当する額である3,000,000円 ・平成30年６月第２四半期四半期報告書については、6,000,000円の２分の１に相当する額である3,000,000円 ・平成30年９月第３四半期四半期報告書については、6,000,000円の２分の１に相当する額である3,000,000円 ・平成30年12月期有価証券報告書については、6,000,000円 となる。 ここで、これらの開示書類が同一の事業年度に係るものであることから、金融商品取引法第185条の７第６項の規定により、6,000,000円を個別決定ごとの算出額に応じて按分した下記の金額が、これらの開示書類に係る課徴金の額となる。 ・平成30年３月第１四半期四半期報告書に係る課徴金の額は、1,200,000円 ・平成30年６月第２四半期四半期報告書に係る課徴金の額は、1,200,000円 ・平成30年９月第３四半期四半期報告書に係る課徴金の額は、1,200,000円 ・平成30年12月期有価証券報告書に係る課徴金の額は、2,400,000円 （２）　金融商品取引法第172条の４第１項及び第２項の規定により、平成30年６月第２四半期四半期報告書、平成30年９月第３四半期四半期報告書及び平成30年12月期有価証券報告書に係る令和３年７月14日提出の訂正報告書について算出した額は、 ア　当社が発行する算定基準有価証券の市場価額の総額に10万分の６を乗じて得た額 ・平成30年６月第２四半期四半期報告書の訂正報告書に係る額　 　411,062円 ・平成30年９月第３四半期四半期報告書の訂正報告書に係る額       295,777円 ・平成30年12月期有価証券報告書の訂正報告書に係る額　　　　   320,853円 が、いずれも イ　6,000,000円 を超えないことから、 ・平成30年６月第２四半期四半期報告書の訂正報告書に係る課徴金の額は、6,000,000円の２分の１に相当する額である3,000,000円 ・平成30年９月第３四半期四半期報告書の訂正報告書に係る課徴金の額は、6,000,000円の２分の１に相当する額である3,000,000円 ・平成30年12月期有価証券報告書の訂正報告書に係る課徴金の額は、6,000,000円 となる。 （３）　金融商品取引法第172条の４第１項及び第２項の規定により、平成31年３月第１四半期四半期報告書、令和元年６月第２四半期四半期報告書、令和元年９月第３四半期四半期報告書及び令和元年12月期有価証券報告書ごとに算出した額（以下（３）において「個別決定ごとの算出額」という。）は、 ア　当社が発行する算定基準有価証券の市場価額の総額に10万分の６を乗じて得た額 ・平成31年３月第１四半期四半期報告書に係る額　　  150,789円 ・令和元年６月第２四半期四半期報告書に係る額 　 　 134,968円 ・令和元年９月第３四半期四半期報告書に係る額         131,190円 ・令和元年12月期有価証券報告書に係る額　　　　     132,339円 が、いずれも イ　6,000,000円 を超えないことから、 ・平成31年３月第１四半期四半期報告書については、6,000,000円の２分の１に相当する額である3,000,000円 ・令和元年６月第２四半期四半期報告書については、6,000,000円の２分の１に相当する額である3,000,000円 ・令和元年９月第３四半期四半期報告書については、6,000,000円の２分の１に相当する額である3,000,000円 ・令和元年12月期有価証券報告書については、6,000,000円 となる。 ここで、これらの開示書類が同一の事業年度に係るものであることから、金融商品取引法第185条の７第６項の規定により、6,000,000円を個別決定ごとの算出額に応じて按分した下記の金額が、これらの開示書類に係る課徴金の額となる。 ・平成31年３月第１四半期四半期報告書に係る課徴金の額は、1,200,000円 ・令和元年６月第２四半期四半期報告書に係る課徴金の額は、1,200,000円 ・令和元年９月第３四半期四半期報告書に係る課徴金の額は、1,200,000円 ・令和元年12月期有価証券報告書に係る課徴金の額は、2,400,000円 （４）　金融商品取引法第172条の４第１項の規定により、令和元年12月期有価証券報告書に係る令和３年７月14日提出の訂正報告書について算出した課徴金の額は、当社が発行する算定基準有価証券の市場価額の総額に10万分の６を乗じて得た額132,339円が、6,000,000円を超えないことから、6,000,000円となる。 （５）　金融商品取引法第172条の４第１項及び第２項の規定により、令和２年３月第１四半期四半期報告書、令和２年６月第２四半期四半期報告書、令和２年９月第３四半期四半期報告書及び令和２年12月期有価証券報告書ごとに算出した額（以下（５）において「個別決定ごとの算出額」という。）は、 ア　当社が発行する算定基準有価証券の市場価額の総額に10万分の６を乗じて得た額 ・令和２年３月第１四半期四半期報告書に係る額　  　  91,200円 ・令和２年６月第２四半期四半期報告書に係る額 　  　 86,744円 ・令和２年９月第３四半期四半期報告書に係る額        124,365円 ・令和２年12月期有価証券報告書に係る額　　　　    100,280円 が、いずれも イ　6,000,000円 を超えないことから、 ・令和２年３月第１四半期四半期報告書については、6,000,000円の２分の１に相当する額である3,000,000円 ・令和２年６月第２四半期四半期報告書については、6,000,000円の２分の１に相当する額である3,000,000円 ・令和２年９月第３四半期四半期報告書については、6,000,000円の２分の１に相当する額である3,000,000円 ・令和２年12月期有価証券報告書については、6,000,000円 となる。 ここで、これらの開示書類が同一の事業年度に係るものであることから、金融商品取引法第185条の７第６項の規定により、6,000,000円を個別決定ごとの算出額に応じて按分した下記の金額が、これらの開示書類に係る課徴金の額となる。 ・令和２年３月第１四半期四半期報告書に係る課徴金の額は、1,200,000円 ・令和２年６月第２四半期四半期報告書に係る課徴金の額は、1,200,000円 ・令和２年９月第３四半期四半期報告書に係る課徴金の額は、1,200,000円 ・令和２年12月期有価証券報告書に係る課徴金の額は、2,400,000円 （６）　金融商品取引法第172条の４第１項及び第２項の規定により、令和２年３月第１四半期四半期報告書、令和２年６月第２四半期四半期報告書、令和２年９月第３四半期四半期報告書及び令和２年12月期有価証券報告書に係る令和３年７月14日提出の訂正報告書について算出した額は、 ア　当社が発行する算定基準有価証券の市場価額の総額に10万分の６を乗じて得た額 ・令和２年３月第１四半期四半期報告書の訂正報告書に係る額　　  　 91,200円 ・令和２年６月第２四半期四半期報告書の訂正報告書に係る額 　　  　86,744円 ・令和２年９月第３四半期四半期報告書の訂正報告書に係る額          124,365円 ・令和２年12月期有価証券報告書の訂正報告書に係る額　　　　　    100,280円 が、いずれも イ　6,000,000円 を超えないことから、 ・令和２年３月第１四半期四半期報告書の訂正報告書に係る課徴金の額は、6,000,000円の２分の１に相当する額である3,000,000円 ・令和２年６月第２四半期四半期報告書の訂正報告書に係る課徴金の額は、6,000,000円の２分の１に相当する額である3,000,000円 ・令和２年９月第３四半期四半期報告書の訂正報告書に係る課徴金の額は、6,000,000円の２分の１に相当する額である3,000,000円 ・令和２年12月期有価証券報告書の訂正報告書に係る課徴金の額は、6,000,000円 となる。 （７）　金融商品取引法第172条の４第２項の規定により、令和３年６月第２四半期四半期報告書及び令和３年９月第３四半期四半期報告書ごとに算出した額は、 ア　当社が発行する算定基準有価証券の市場価額の総額に10万分の６を乗じて得た額 ・令和３年６月第２四半期四半期報告書に係る額 　   78,759円 ・令和３年９月第３四半期四半期報告書に係る額       74,081円 が、いずれも イ　6,000,000円 を超えないことから、 ・令和３年６月第２四半期四半期報告書に係る課徴金の額は、6,000,000円の２分の１に相当する額である3,000,000円 ・令和３年９月第３四半期四半期報告書に係る課徴金の額は、6,000,000円の２分の１に相当する額である3,000,000円 となる。 （８） 金融商品取引法第172 条の２第１項第１号の規定により、当社の令和２年６月18日提出の有価証券届出書（株券及び新株予約権証券の募集）に係る課徴金の額は、 重要な事項につき虚偽の記載がある発行開示書類に基づく募集により取得させた株券及び新株予約権証券の発行価額の総額（当該新株予約権の行使に際して払い込むべき金額を含む）の発行価額の総額402,380,220円の100 分の4.5 に相当する額である18,107,109 円 に、金融商品取引法第176 条第２項の規定により１万円未満の端数を切り捨てて、 18,100,000円 となる。 （９） 金融商品取引法第172 条の２第１項第１号の規定により、当社の令和３年12月14日提出の有価証券届出書（株券の募集）に係る課徴金の額は、 重要な事項につき虚偽の記載がある発行開示書類に基づく募集により取得させた株券の発行価額の総額203,500,000円の100 分の4.5 に相当する額である9,157,500 円 に、金融商品取引法第176 条第２項の規定により１万円未満の端数を切り捨てて、 9,150,000円 となる。",0
2022-04-15,2019/02/13,株式会社ＭＴＧ,7806,株式会社ＭＴＧにおける四半期報告書の虚偽記載に係る課徴金納付命令勧告について,https://www.fsa.go.jp/sesc/news/c_2022/2022/20220415-1.html,"English version 令和４年４月15日 証券取引等監視委員会 株式会社ＭＴＧにおける四半期報告書の虚偽記載に係る課徴金納付命令勧告について １．勧告の内容 証券取引等監視委員会は、株式会社ＭＴＧ（法人番号6180001051390）（以下「当社」という。）における金融商品取引法に基づく開示規制の違反について検査した結果、以下のとおり法令違反の事実が認められたので、本日、内閣総理大臣及び金融庁長官に対して、金融庁設置法第20条第１項の規定に基づき、課徴金納付命令を発出するよう勧告を行った。 ２．法令違反の事実関係 当社は、売上の過大計上という不適正な会計処理を行った。 この結果、当社は、関東財務局長に対し、金融商品取引法第172条の４第２項に規定する「重要な事項につき虚偽の記載」がある以下の四半期報告書を提出した（「重要な事項につき虚偽の記載」の内容は別紙１のとおり）。 ・平成30年12月第１四半期四半期報告書（平成31年２月13日提出） ３．課徴金の額の計算 上記の違法行為について金融商品取引法に基づき算定される課徴金の額は、366万円である（計算方法については別紙２のとおり。）。 【別紙１】四半期報告書の虚偽記載内容 番号 対象書類 虚偽記載 提出日 書類 会計期間 記載項目 主な内容（注） 主な事由 １ 平成31年 ２月13日 第24期第１四半期（平成30年10月１日～同年12月31日）に係る四半期報告書 平成30年10月１日～同年12月31日の第１四半期連結累計期間 四半期連結 損益計算書 親会社株主に帰属する四半期純利益が ▲1,760百万円であるところを719百万円と記載 売上の過大 計上 （注）金額は百万円未満切捨てである。 【別紙２】課徴金の計算方法 金融商品取引法第172条の４第２項の規定により、平成30年12月第１四半期四半期報告書について算出した課徴金の額は、 当社が発行する算定基準有価証券の市場価額の総額に10万分の６を乗じて得た額14,653,242円が6,000,000円を超えることから、 平成30年12月第１四半期四半期報告書については、14,653,242円の２分の１に相当する額である7,320,000円（金融商品取引法第176条第２項の規定により１万円未満の端数を切り捨て。） となるが、金融商品取引法第26条第１項の規定による検査等が行われる前に、課徴金の減額に係る報告書が提出されていることから、金融商品取引法第185条の７第14項の規定により、 7,320,000円に100分の50を乗じて得た額に相当する額である3,660,000円 となる。",0
2022-04-26,2017/07/14-2020/11/30,株式会社ジー・スリーホールディングス,3647,株式会社ジー・スリーホールディングスにおける有価証券報告書等の虚偽記載に係る課徴金納付命令勧告について,https://www.fsa.go.jp/sesc/news/c_2022/2022/20220426-1.html,"English version 令和４年４月26日 証券取引等監視委員会 株式会社ジー・スリーホールディングスにおける有価証券報告書等の虚偽記載に係る課徴金納付命令勧告について １．勧告の内容 証券取引等監視委員会は、株式会社ジー・スリーホールディングス（法人番号7010401094468）（以下「当社」という。）における金融商品取引法に基づく開示規制の違反について検査した結果、以下のとおり法令違反の事実が認められたので、本日、内閣総理大臣及び金融庁長官に対して、金融庁設置法第20条第１項の規定に基づき、課徴金納付命令を発出するよう勧告を行った。 ２．法令違反の事実関係 （１）継続開示書類 ア　当社は、売上の前倒し計上及び売上の架空計上等の不適正な会計処理を行った。 この結果、当社は、関東財務局長に対し、金融商品取引法第172 条の４第１項及び第２項に規定する「重要な事項につき虚偽の記載」がある以下の有価証券報告書及び四半期報告書を提出した（「重要な事項につき虚偽の記載」の内容は別紙１の表の番号１から番号11のとおり）。 ・平成29年５月第３四半期四半期報告書（平成29年７月14日提出） ・平成29年８月期有価証券報告書（平成29年11月30日提出） ・平成29年11月第１四半期四半期報告書（平成30年１月12日提出） ・平成30年２月第２四半期四半期報告書（平成30年４月13日提出） ・平成30年５月第３四半期四半期報告書（平成30年７月13日提出） ・平成30年８月期有価証券報告書（平成30年11月30日提出） ・平成30年11月第１四半期四半期報告書（平成31年１月15日提出） ・平成31年２月第２四半期四半期報告書（平成31年４月12日提出） ・令和元年５月第３四半期四半期報告書（令和元年７月12日提出） ・令和元年８月期有価証券報告書（令和元年11月29日提出） ・令和元年11月第１四半期四半期報告書（令和２年１月14日提出） イ　当社は、当社の実質的な主要株主であり役員に準ずる者が議決権の過半数を所有している会社との取引を、「関連当事者との取引」（連結財務諸表の用語、様式及び作成方法に関する規則第15条の４の２第１項）として、連結財務諸表への注記を行わなかった。 当社は、これにより、記載すべき重要な事項の記載が欠けている有価証券報告書を提出した。 この結果、当社は、関東財務局長に対し、金融商品取引法第172条の４第１項に規定する「記載すべき重要な事項の記載が欠けている」以下の有価証券報告書を提出したものである（「記載すべき重要な事項が欠けている」の内容は別紙１の表の番号13のとおり）。 ・令和２年８月期有価証券報告書（令和２年11月30日提出） （２）発行開示書類 当社は、関東財務局長に対し、令和２年１月28日、上記（１）アの重要な事項につき虚偽の記載がある令和元年８月期有価証券報告書及び令和元年11月第１四半期四半期報告書を組込情報とする金融商品取引法第172条の２第１項に規定する「重要な事項につき虚偽の記載」がある有価証券届出書（株券の募集）を提出し、当該有価証券届出書に基づく募集により、令和２年２月13日、2,450,000株の株券を490,000,000円で取得させた（「重要な事項につき虚偽の記載」の内容は別紙１の表の番号12のとおり）。 ３．課徴金の額の計算 上記の違法行為について金融商品取引法に基づき算定される課徴金の額は、4,605万円である（計算方法については別紙２のとおり。）。 【別紙１】有価証券報告書等の虚偽記載内容 番号 対象書類 虚偽記載 提出日 書類 会計期間 記載項目 主な内容（注） 主な事由 １ 平成29年７月14日 第７期第３四半期（平成29年３月１日～同年５月31日）に係る四半期報告書 平成28年９月１日～平成29年５月31日の第３四半期連結累計期間 四半期連結 損益計算書 親会社株主に帰属する四半期純利益が ▲78,574千円であるところを166,273千円と記載 売上の前倒し計上、売上の架空計上 平成29年３月１日～同年５月31日の第３四半期連結会計期間 四半期連結 貸借対照表 連結純資産額が909,527千円であるところを1,154,952千円と記載 ２ 平成29年11月30日 第７期（平成28年９月１日～平成29年８月31日）に係る有価証券報告書 平成28年９月１日～平成29年８月31日の連結会計期間 連結 損益計算書 親会社株主に帰属する当期純利益が ▲20,435千円であるところを493,465千円と記載 売上の前倒し計上、売上の架空計上 連結 貸借対照表 連結純資産額が966,454千円であるところを1,482,143千円と記載 ３ 平成30年１月12日 第８期第１四半期（平成29年９月１日～同年11月30日）に係る四半期報告書 平成29年９月１日～同年11月30日の第１四半期連結会計期間 四半期連結 貸借対照表 連結純資産額が840,640千円であるところを1,300,677千円と記載 当四半期前の売上の過大計上 ４ 平成30年４月13日 第８期第２四半期（平成29年12月１日～平成30年２月28日）に係る四半期報告書 平成29年12月１日～平成30年２月28日の第２四半期連結会計期間 四半期連結 貸借対照表 連結純資産額が1,083,693千円であるところを1,574,592千円と記載 売上の前倒し計上、当四半期前の売上の過大計上 ５ 平成30年７月13日 第８期第３四半期（平成30年３月１日～同年５月31日）に係る四半期報告書 平成30年３月１日～同年５月31日の第３四半期連結会計期間 四半期連結 貸借対照表 連結純資産額が1,041,084千円であるところを1,533,625千円と記載 当四半期前の売上の過大計上 ６ 平成30年11月30日 第８期（平成29年９月１日～平成30年８月31日）に係る有価証券報告書 平成29年９月１日～平成30年８月31日の連結会計期間 連結 損益計算書 親会社株主に帰属する当期純利益が ▲197,162千円であるところを439,029千円と記載 売上の前倒し計上、売上の架空計上 連結 貸借対照表 連結純資産額が764,305千円であるところを1,881,095千円と記載 ７ 平成31年１月15日 第９期第１四半期（平成30年９月１日～同年11月30日）に係る四半期報告書 平成30年９月１日～同年11月30日の第１四半期連結会計期間 四半期連結 貸借対照表 連結純資産額が425,284千円であるところを1,517,468千円と記載 当四半期前の売上の過大計上 ８ 平成31年４月12日 第９期第２四半期（平成30年12月１日～平成31年２月28日）に係る四半期報告書 平成30年12月１日～平成31年２月28日の第２四半期連結会計期間 四半期連結 貸借対照表 連結純資産額が651,586千円であるところを1,545,173千円と記載 当四半期前の売上の過大計上 ９ 令和元年７月12日 第９期第３四半期（平成31年３月１日～令和元年５月31日）に係る四半期報告書 平成31年３月１日～令和元年５月31日の第３四半期連結会計期間 四半期連結 貸借対照表 連結純資産額が612,355千円であるところを1,576,765千円と記載 当四半期前の売上の過大計上 10 令和元年11月29日 第９期（平成30年９月１日～令和元年８月31日）に係る有価証券報告書 平成30年９月１日～令和元年８月31日の連結会計期間 連結 貸借対照表 連結純資産額が1,244,932千円であるところを1,960,282千円と記載 当期前の売上の過大計上 11 令和２年１月14日 第10期第１四半期（令和元年９月１日～同年11月30日）に係る四半期報告書 令和元年９月１日～同年11月30日の第１四半期連結会計期間 四半期連結 貸借対照表 連結純資産額が993,019千円であるところを1,726,454千円と記載 当四半期前の売上の過大計上 12 令和２年１月28日 有価証券届出書（株券の募集） 「第四部 組込情報」 番号10、11に掲げる第９期に係る有価証券報告書及び第10期第１四半期に係る四半期報告書を組み込み 番号10、11参照 （注）金額は千円未満切捨てである。 番号 対象書類 記載すべき重要な事項の欠缺 提出日 書類 内容 13 令和２年11月30日 第10期（令和元年９月１日～令和２年８月31日）に係る有価証券報告書 ・第５【経理の状況】１【連結財務諸表等】(1)【連結財務諸表】【注記事項】【関連当事者情報】において、当社と関連当事者に該当する法人との重要な取引を「関連当事者との取引」として記載しなかった。 【別紙２】課徴金の計算方法 （１）　金融商品取引法第172条の４第１項及び第２項の規定により、平成29年５月第３四半期四半期報告書及び平成29年８月期有価証券報告書ごとに算出した額（以下（１）において「個別決定ごとの算出額」という。）は、 ア　当社が発行する算定基準有価証券の市場価額の総額に10万分の６を乗じて得た額 ・平成29年５月第３四半期四半期報告書に係る額　　　2,780,656円 ・平成29年８月期有価証券報告書に係る額　　　　　   3,333,996円 が、いずれも イ　6,000,000円 を超えないことから、 ・平成29年５月第３四半期四半期報告書については、6,000,000円の２分の１に相当する額である3,000,000円 ・平成29年８月期有価証券報告書については、6,000,000円 となる。 ここで、これらの開示書類が同一の事業年度に係るものであることから、金融商品取引法第185条の７第６項の規定により、6,000,000円を個別決定ごとの算出額に応じて按分した下記の金額が、これらの開示書類に係る課徴金の額となる。 ・平成29年５月第３四半期四半期報告書に係る課徴金の額は、2,000,000円 ・平成29年８月期有価証券報告書に係る課徴金の額は、4,000,000円 （２）　金融商品取引法第172条の４第１項及び第２項の規定により、平成29年11月第１四半期四半期報告書、平成30年２月第２四半期四半期報告書、平成30年５月第３四半期四半期報告書及び平成30年８月期有価証券報告書ごとに算出した額（以下（２）において「個別決定ごとの算出額」という。）は、 ア　当社が発行する算定基準有価証券の市場価額の総額に10万分の６を乗じて得た額 ・平成29年11月第１四半期四半期報告書に係る額      4,180,176円 ・平成30年２月第２四半期四半期報告書に係る額       3,162,478円 ・平成30年５月第３四半期四半期報告書に係る額       3,114,132円 ・平成30年８月期有価証券報告書に係る額             　3,291,591円 が、いずれも イ　6,000,000円 を超えないことから、 ・平成29年11月第１四半期四半期報告書については、6,000,000円の２分の１に相当する額である3,000,000円 ・平成30年２月第２四半期四半期報告書については、6,000,000円の２分の１に相当する額である3,000,000円 ・平成30年５月第３四半期四半期報告書については、6,000,000円の２分の１に相当する額である3,000,000円 ・平成30年８月期有価証券報告書については、6,000,000円 となる。 ここで、これらの開示書類が同一の事業年度に係るものであることから、金融商品取引法第185条の７第６項の規定により、6,000,000円を個別決定ごとの算出額に応じて按分した下記の金額が、これらの開示書類に係る課徴金の額となる。 ・平成29年11月第１四半期四半期報告書に係る課徴金の額は、1,200,000円 ・平成30年２月第２四半期四半期報告書に係る課徴金の額は、1,200,000円 ・平成30年５月第３四半期四半期報告書に係る課徴金の額は、1,200,000円 ・平成30年８月期有価証券報告書に係る課徴金の額は、2,400,000円 （３）　金融商品取引法第172条の４第１項及び第２項の規定により、平成30年11月第１四半期四半期報告書、平成31年２月第２四半期四半期報告書、令和元年５月第３四半期四半期報告書及び令和元年８月期有価証券報告書ごとに算出した額（以下（３）において「個別決定ごとの算出額」という。）は、 ア　当社が発行する算定基準有価証券の市場価額の総額に10万分の６を乗じて得た額 ・平成30年11月第１四半期四半期報告書に係る額      2,141,060円 ・平成31年２月第２四半期四半期報告書に係る額       1,691,832円 ・令和元年５月第３四半期四半期報告書に係る額        　285,656円 ・令和元年８月期有価証券報告書に係る額             　 1,103,378円 が、いずれも イ　6,000,000円 を超えないことから、 ・平成30年11月第１四半期四半期報告書については、6,000,000円の２分の１に相当する額である3,000,000円 ・平成31年２月第２四半期四半期報告書については、6,000,000円の２分の１に相当する額である3,000,000円 ・令和元年５月第３四半期四半期報告書については、6,000,000円の２分の１に相当する額である3,000,000円 ・令和元年８月期有価証券報告書については、6,000,000円 となる。 ここで、これらの開示書類が同一の事業年度に係るものであることから、金融商品取引法第185条の７第６項の規定により、6,000,000円を個別決定ごとの算出額に応じて按分した下記の金額が、これらの開示書類に係る課徴金の額となる。 ・平成30年11月第１四半期四半期報告書に係る課徴金の額は、1,200,000円 ・平成31年２月第２四半期四半期報告書に係る課徴金の額は、1,200,000円 ・令和元年５月第３四半期四半期報告書に係る課徴金の額は、1,200,000円 ・令和元年８月期有価証券報告書に係る課徴金の額は、2,400,000円 （４）　金融商品取引法第172条の４第１項及び第２項の規定により、令和元年11月第１四半期四半期報告書及び令和２年８月期有価証券報告書ごとに算出した額（以下（４）において「個別決定ごとの算出額」という。）は、 ア　当社が発行する算定基準有価証券の市場価額の総額に10万分の６を乗じて得た額 ・令和元年11月第１四半期四半期報告書に係る額　　　　　266,872円 ・令和２年８月期有価証券報告書に係る額　　　　　  　　  226,075円 が、いずれも イ　6,000,000円 を超えないことから、 ・令和元年11月第１四半期四半期報告書については、6,000,000円の２分の１に相当する額である3,000,000円 ・令和２年８月期有価証券報告書については、6,000,000円 となる。 ここで、これらの開示書類が同一の事業年度に係るものであることから、金融商品取引法第185条の７第６項の規定により、6,000,000円を個別決定ごとの算出額に応じて按分した下記の金額が、これらの開示書類に係る課徴金の額となる。 ・令和元年11月第１四半期四半期報告書に係る課徴金の額は、2,000,000円 ・令和２年８月期有価証券報告書に係る課徴金の額は、4,000,000円 （５） 金融商品取引法第172条の２第１項第１号の規定により、当社の令和２年１月28日提出の有価証券届出書（株券の募集）に係る課徴金の額は、 重要な事項につき虚偽の記載がある発行開示書類に基づく募集により取得させた株券の発行価額の総額490,000,000円の100分の4.5に相当する額である22,050,000 円 となる。",0
2022-03-25,2019/08/14-2019/08/22,川田テクノロジーズ株式会社,3443,川田テクノロジーズ株式に係る相場操縦に対する課徴金納付命令の勧告について,https://www.fsa.go.jp/sesc/news/c_2022/2022/20220325-1.html,"English version 令和４年３月25日 証券取引等監視委員会 川田テクノロジーズ株式に係る相場操縦に対する課徴金納付命令の勧告について １．勧告の内容 証券取引等監視委員会は、川田テクノロジーズ株式に係る相場操縦について検査した結果、下記のとおり法令違反の事実が認められたので、本日、内閣総理大臣及び金融庁長官に対して、金融庁設置法第２０条第１項の規定に基づき、課徴金納付命令を発出するよう勧告を行った。 ２．法令違反の事実関係 課徴金納付命令対象者は、川田テクノロジーズ株式会社の株式につき、同株式の売買を誘引する目的をもって、別表１記載のとおり、令和元年８月１４日午前８時５０分頃から同月２２日午前９時９分頃までの間、７取引日にわたり、自己及び親族名義で、最良売り気配付近に複数の売り注文を発注して売り板を厚くした上で、同株式を下値で買い付けた後、最良売り気配付近に発注していた複数の売り注文を取り消して売り板を薄くするとともに最良買い気配付近に複数の買い注文を発注して買い板を厚くしたり、最良売り気配に発注していた自身の売り注文に対し買い注文を発注して対当させたりして、同株式を上値で売り付けるなどの方法により、同株式合計２万６５００株の買付けの委託を行うとともに、同株式合計４万５７００株を買い付ける一方、同株式合計９万６６００株の売付けの委託を行うとともに、同株式合計４万５７００株を売り付け、もって、自己の計算において、同株式の売買が繁盛であると誤解させ、かつ、同株式の相場を変動させるべき一連の売買及び委託をしたものである。 違反行為事実の概要については、 別図 のとおり。 課徴金納付命令対象者が行った上記の行為は、金融商品取引法第１７４条の２第１項に規定する「第１５９条第２項第１号の規定に違反する一連の有価証券売買等」に該当すると認められる。 ３．課徴金の額の計算 上記の違反行為に対し金融商品取引法に基づき納付を命じられる課徴金の額は、５８万５０００円である（金融商品取引法第１８５条の７第１５項の規定により、金融商品取引法第１７４条の２第１項の規定による額に代えて、当該額の１．５倍に相当する額となる）。 計算方法の詳細については、 別紙 のとおり。 ４．その他 本件については、日本取引所自主規制法人より提供された情報等を参考として、実態解明を行ったものである。 なお、平成３０年３月２３日、当委員会は、課徴金納付命令対象者が相場操縦を行ったことについて、内閣総理大臣及び金融庁長官に対し、課徴金納付命令発出の勧告を行い、同年４月２３日、金融庁長官は、課徴金納付命令対象者に対し、課徴金納付命令決定を行っている（課徴金納付命令対象者は、本件違反行為開始日から遡り５年以内に課徴金納付命令を受けたことがある者となるため、同人に対する課徴金の額は、上記３．のとおり「１．５倍」に相当する額となる）。 （別表１） ○違反行為状況 （クリックすると拡大されます） （別図） ○違反行為事実の概要について （クリックすると拡大されます） （別紙） ○課徴金の額の計算方法について 1． 別表１ の違反行為に係る課徴金の額の計算の基礎は以下のとおりである。 (1)　金融商品取引法第１７４条の２第１項第１号の規定により、当該違反行為に係る課徴金の額は、当該違反行為に係る有価証券の売買対当数量に係るものについて、自己の計算による当該有価証券の売付け等の価額から、自己の計算による当該有価証券の買付け等の価額を控除した額として算定。 （注）違反行為期間中の売買株数が同数のため、金商法第１７４条の２第１項第２号の規定（当該違反行為に係る自己の計算による有価証券の売付け等又は買付け等の数量が当該違反行為に係る自己の計算による有価証券の買付け等又は売付け等の数量を超える場合）には該当しない。 (2)　上記(1)で算定された課徴金の額につき、金融商品取引法第１７６条第２項の規定により１万円未満の端数を切り捨てて算定。 (3)　上記(2)で算定された課徴金の額につき、金融商品取引法第１８５条の７第１５項の規定により当該額の１．５倍として算定。 ２． 別表１ に掲げる川田テクノロジーズ株式に係る取引 当該違反行為に係る自己の計算による有価証券の売付け等の数量は、45,700株であり、当該違反行為に係る自己の計算による有価証券の買付け等の数量は45,700株であることから、 (1)　当該違反行為に係る有価証券の売買対当数量（45,700株）に係るものについて、 自己の計算による当該有価証券の売付け等の価額から、自己の計算による当該有価証券の買付け等の価額を控除した額 （有価証券の売付け等の価額：298,135,000円） －（有価証券の買付け等の価額：297,743,000円） ＝392,000円 (2)　金融商品取引法第１７６条第２項の規定により、上記（1）で計算した額の１万円未満の端数を切捨て、390,000円となる。 (3)　金融商品取引法第１８５条の７第１５項の規定により、上記（2）で計算した額を１．５倍し、585,000円となる。 ※　違反行為期間における売付け等の価額及び買付け等の価額の詳細については、 別表２ を参照。 別表２（PDF）",0
2022-03-18,2020/01/14-2021/05/26,株式会社メタリアル,6182,株式会社メタリアルにおける有価証券報告書等の虚偽記載に係る課徴金納付命令勧告について,https://www.fsa.go.jp/sesc/news/c_2022/2022/20220318-2.html,"English version 令和４年３月１８日 証券取引等監視委員会 株式会社メタリアルにおける有価証券報告書等の虚偽記載に係る課徴金納付命令勧告について １．勧告の内容 証券取引等監視委員会は、株式会社メタリアル（法人番号1010001088074）（以下「当社」という。）における金融商品取引法に基づく開示規制の違反について検査した結果、以下のとおり法令違反の事実が認められたので、本日、内閣総理大臣及び金融庁長官に対して、金融庁設置法第20条第１項の規定に基づき、課徴金納付命令を発出するよう勧告を行った。 ２．法令違反の事実関係 （１）継続開示書類 当社は、ソフトウェア及びソフトウェア仮勘定を過大に計上することによる販売費及び一般管理費の過少計上のほか、共同開発における売上の過大計上等の不適正な会計処理を行った。 この結果、当社は、関東財務局長に対し、金融商品取引法第172 条の４第１項及び第２項に規定する「重要な事項につき虚偽の記載」がある以下の有価証券報告書、四半期報告書及び四半期報告書の訂正報告書を提出した（「重要な事項につき虚偽の記載」の内容は別紙１の表の番号１から番号７のとおり）。 ・令和元年11月第３四半期四半期報告書（令和２年１月14日提出） ・令和２年２月期有価証券報告書（令和２年５月28日提出） ・令和２年５月第１四半期四半期報告書（令和２年７月14日提出） ・令和２年８月第２四半期四半期報告書（令和２年10月15日提出） ・令和２年11月第３四半期四半期報告書（令和３年１月14日提出） ・令和２年11月第３四半期四半期報告書の訂正報告書（令和３年５月10日提出） ・令和３年２月期有価証券報告書（令和３年５月26日提出） （２）発行開示書類 当社は、関東財務局長に対し、令和２年７月14日、上記（１）の重要な事項につき虚偽の記載がある令和２年２月期有価証券報告書及び令和２年５月第１四半期四半期報告書を参照情報とする金融商品取引法第172 条の２第１項に規定する「重要な事項につき虚偽の記載」がある有価証券届出書（株券及び新株予約権証券の募集）を提出し、当該有価証券届出書に基づく募集により、令和２年７月30 日、325,000株の株券及び12,188個の新株予約権証券を5,957,564,688円（当該新株予約権の行使に際して払い込むべき金額を含む。）で取得させた（「重要な事項につき虚偽の記載」の内容は別紙１の表の番号８のとおり）。 ３．課徴金の額の計算 上記の違法行為について金融商品取引法に基づき算定される課徴金の額は、28,309万円である（計算方法については別紙２のとおり。）。 【別紙１】有価証券報告書等の虚偽記載内容 番号 対象書類 虚偽記載 提出日 書類 会計期間 記載項目 主な内容（注） 主な事由 １ 令和２年１月14日 第16期第３四半期（令和元年９月１日～同年11月30日）に係る四半期報告書 平成31年３月１日～令和元年11月30日の第３四半期連結累計期間 四半期連結 損益計算書 親会社株主に帰属する四半期純利益が 179百万円であるところを236百万円と記載 販売費及び一般管理費の過少計上等 ２ 令和２年５月28日 第16期（平成31年３月１日～令和２年２月29日）に係る有価証券報告書 平成31年３月１日～令和２年２月29日の連結会計期間 連結 損益計算書 親会社株主に帰属する当期純利益が 195百万円であるところを308百万円と記載 販売費及び一般管理費の過少計上等 ３ 令和２年７月14日 第17期第１四半期（令和２年３月１日～同年５月31日）に係る四半期報告書 令和２年３月１日～同年５月31日の第１四半期連結累計期間 四半期連結 損益計算書 親会社株主に帰属する四半期純利益が 60百万円であるところを121百万円と記載 販売費及び一般管理費の過少計上等 ４ 令和２年10月15日 第17期第２四半期（令和２年６月１日～同年８月31日）に係る四半期報告書 令和２年３月１日～同年８月31日の第２四半期連結累計期間 四半期連結 損益計算書 親会社株主に帰属する四半期純利益が ４百万円であるところを123百万円と記載 販売費及び一般管理費の過少計上等 ５ 令和３年１月14日 第17期第３四半期（令和２年９月１日～同年11月30日）に係る四半期報告書 令和２年３月１日～同年11月30日の第３四半期連結累計期間 四半期連結 損益計算書 親会社株主に帰属する四半期純利益が ▲58百万円であるところを161百万円と記載 販売費及び一般管理費の過少計上等 ６ 令和３年５月10日 第17期第３四半期（令和２年９月１日～同年11月30日）に係る四半期報告書の訂正報告書 令和２年３月１日～同年11月30日の第３四半期連結累計期間 四半期連結 損益計算書 親会社株主に帰属する四半期純利益が ▲58百万円であるところを136百万円と記載 販売費及び一般管理費の過少計上等 ７ 令和３年５月26日 第17期（令和２年３月１日～令和３年２月28日）に係る有価証券報告書 令和２年３月１日～令和３年２月28日の連結会計期間 連結 損益計算書 親会社株主に帰属する当期純利益が ▲68百万円であるところを140百万円と記載 販売費及び一般管理費の過少計上等 ８ 令和２年７月14日 有価証券届出書（株券及び新株予約権証券の募集） 「第三部 参照情報」 番号２、３に掲げる第16期に係る有価証券報告書及び第17期第１四半期に係る四半期報告書を参照 番号２、３参照 （注）金額は百万円未満切捨てである。 【別紙２】課徴金の計算方法 （１）　金融商品取引法第172条の４第１項及び第２項の規定により、令和元年11月第３四半期四半期報告書及び令和２年２月期有価証券報告書ごとに算出した額（以下（１）において「個別決定ごとの算出額」という。）は、 ア　当社が発行する算定基準有価証券の市場価額の総額に10万分の６を乗じて得た額 ・令和元年11月第３四半期四半期報告書に係る額　　　2,312,923円 ・令和２年２月期有価証券報告書に係る額　　　　　    2,270,301円 が、いずれも イ　6,000,000円 を超えないことから、 ・令和元年11月第３四半期四半期報告書については、6,000,000円の２分の１に相当する額である3,000,000円 ・令和２年２月期有価証券報告書については、6,000,000円 となる。 ここで、これらの開示書類が同一の事業年度に係るものであることから、金融商品取引法第185条の７第６項の規定により、6,000,000円を個別決定ごとの算出額に応じて按分した下記の金額が、これらの開示書類に係る課徴金の額となる。 ・令和元年11月第３四半期四半期報告書に係る課徴金の額は、2,000,000円 ・令和２年２月期有価証券報告書に係る課徴金の額は、4,000,000円 （２）　金融商品取引法第172条の４第１項及び第２項の規定により、令和２年５月第１四半期四半期報告書、令和２年８月第２四半期四半期報告書、令和２年11月第３四半期四半期報告書及び令和３年２月期有価証券報告書ごとに算出した額（以下（２）において「個別決定ごとの算出額」という。）は、 ア　当社が発行する算定基準有価証券の市場価額の総額に10万分の６を乗じて得た額 ・令和２年５月第１四半期四半期報告書に係る額　　　1,673,432円 ・令和２年８月第２四半期四半期報告書に係る額　　　2,287,073円 ・令和２年11月第３四半期四半期報告書に係る額     　1,836,039円 ・令和３年２月期有価証券報告書に係る額　　　　　   1,789,143円 が、いずれも イ　6,000,000円 を超えないことから、 ・令和２年５月第１四半期四半期報告書については、6,000,000円の２分の１に相当する額である3,000,000円 ・令和２年８月第２四半期四半期報告書については、6,000,000円の２分の１に相当する額である3,000,000円 ・令和２年11月第３四半期四半期報告書については、6,000,000円の２分の１に相当する額である3,000,000円 ・令和３年２月期有価証券報告書については、6,000,000円 となる。 ここで、これらの開示書類が同一の事業年度に係るものであることから、金融商品取引法第185条の７第６項の規定により、6,000,000円を個別決定ごとの算出額に応じて按分した下記の金額が、これらの開示書類に係る課徴金の額となる。 ・令和２年５月第１四半期四半期報告書に係る課徴金の額は、1,200,000円 ・令和２年８月第２四半期四半期報告書に係る課徴金の額は、1,200,000円 ・令和２年11月第３四半期四半期報告書に係る課徴金の額は、1,200,000円 ・令和３年２月期有価証券報告書に係る課徴金の額は、2,400,000円 （３）　金融商品取引法第172条の４第２項の規定により、令和２年11月第３四半期四半期報告書に係る令和３年５月10日提出の訂正報告書について算出した課徴金の額は、当社が発行する算定基準有価証券の市場価額の総額に10万分の６を乗じて得た額1,836,039円が、6,000,000円を超えないことから、6,000,000円の２分の１に相当する額である3,000,000円となる。 （４）　金融商品取引法第172 条の２第１項第１号の規定により、当社の令和２年７月14日提出の有価証券届出書（株券及び新株予約権証券の募集）に係る課徴金の額は、 重要な事項につき虚偽の記載がある発行開示書類に基づく募集により取得させた株券及び新株予約権証券の発行価額の総額（当該新株予約権の行使に際して払い込むべき金額を含む）の発行価額の総額5,957,564,688 円の100 分の4.5 に相当する額である268,090,410 円 に、金融商品取引法第176 条第２項の規定により１万円未満の端数を切り捨てて、 268,090,000円 となる。",0
2022-03-16,2020/07/05-2020/11/13,テラ株式会社,1433,テラ株式会社株式に係る偽計事件の告発について,https://www.fsa.go.jp/sesc/news/c_2022/2022/20220316-1.html,English version 令和４年３月１６日 証券取引等監視委員会 テラ株式会社株式に係る偽計事件の告発について 証券取引等監視委員会は、本日、金融商品取引法違反（偽計）の嫌疑で、嫌疑者１名を東京地方検察庁に告発した。告発の対象となった犯則事実については下記のとおり。 １．告発の対象となった犯則事実 犯則嫌疑者Ａは、東京証券取引所に上場していたテラ株式会社（以下「テラ社」という。）が実施する第三者割当増資の割当予定先であるＣＥＮＥＧＥＮＩＣＳ　ＪＡＰＡＮ株式会社（以下「セネジャパン社」という。）の取締役であったものであるが、前記第三者割当増資に関し、セネジャパン社がその払込資金を確保している旨の虚偽の事実を公表させるなどしてテラ社の株式の株価を上昇させるとともに、公表から払込期日までの間に、当該割当予定のテラ社の株式の一部譲渡、あるいは担保に供することを約束するなどして調達した資金を払込みに充ててテラ社の株式を取得しようと企て、テラ社が、同社取締役会において、令和２年１１月１３日を払込期日、セネジャパン社を割当先として、発行価額総額約３５億円の普通株式５８５万株を発行することを決議した旨公表するに際し、真実は、同年９月中旬時点における株式会社トレド（以下「トレド社」という。）名義の普通預金口座の預金残高が約５０万円であり、弁護士が前記普通預金口座の預金通帳の原本を確認した事実もなく、セネジャパン社が払込みに要する資金を調達できる具体的な見込みがないにもかかわらず、同時点での前記預金残高が約７５億円であり、そのことを弁護士が前記預金通帳の原本で確認したとして、セネジャパン社がトレド社からの借入金により払込みに要する資金を調達できる具体的な見込みがあるかのように装った上、これを信じたテラ社役職員をして、同年１０月２８日、ＴＤｎｅｔにより、セネジャパン社がトレド社からの借入金による資金調達が可能である旨の虚偽の内容を含む公表を行わせ、もって、有価証券の取引のため、及び有価証券の相場の変動を図る目的をもって、偽計を用いたものである。 ２．関連条文 金融商品取引法 第１９７条第１項第５号、第１５８条 法定刑：１０年以下の懲役若しくは１０００万円以下の罰金又はこれを併科,0
2022-01-21,2020/03/23-2020/03/26,株式会社ミツバ,7280,ミツバ株式に係る相場操縦に対する課徴金納付命令の勧告について,https://www.fsa.go.jp/sesc/news/c_2022/2022/20220121-1.html,"English version 令和４年１月21日 証券取引等監視委員会 ミツバ株式に係る相場操縦に対する課徴金納付命令の勧告について １．勧告の内容 証券取引等監視委員会は、ミツバ株式に係る相場操縦について検査した結果、下記のとおり法令違反の事実が認められたので、本日、内閣総理大臣及び金融庁長官に対して、金融庁設置法第２０条第１項の規定に基づき、課徴金納付命令を発出するよう勧告を行った。 ２．法令違反の事実関係 課徴金納付命令対象者は、株式会社ミツバの株式につき、同株式の売買を誘引する目的をもって、別表１記載のとおり、令和２年３月２３日から同月２６日までの間、引け条件付き成行買い注文を発注した上で、上値に複数の売り注文を発注したり、直前約定値よりも安い指値の売り注文を発注して売り付けることにより直前の約定値より株価を引き下げたりするなどの方法により、同株式合計３万８９００株を買い付ける一方、同株式合計７万３３００株の売付けの委託を行うとともに、同株式合計３万４５００株を売り付け、もって、それぞれ、自己の計算において、同株式の売買が繁盛であると誤解させ、かつ、同株式の相場を変動させるべき一連の売買及び委託をしたものである。 違反行為事実の概要については、 別図 のとおり。 課徴金納付命令対象者が行った上記の行為は、金融商品取引法第１７４条の２第１項に規定する「第１５９条第２項第１号の規定に違反する一連の有価証券売買等」に該当すると認められる。 ３．課徴金の額の計算 上記の違反行為に対し金融商品取引法に基づき納付を命じられる課徴金の額の合計は、８２万５０００円である。 計算方法の詳細については、 別紙 のとおり。 ４．その他 本件については、日本取引所自主規制法人より提供された情報等を参考として、実態解明を行ったものである。 なお、平成３１年３月２９日、当委員会は、課徴金納付命令対象者が特殊見せ玉を用いた偽計を行ったことについて、内閣総理大臣及び金融庁長官に対し、課徴金納付命令発出の勧告を行い、令和元年５月３０日、金融庁長官は、課徴金納付命令対象者に対し、課徴金納付命令決定を行っている。 （別表１） ○違反行為状況 （クリックすると拡大されます） （別図） ○違反行為事実の概要について （クリックすると拡大されます） （別紙） ○課徴金の額の計算方法について 1． 別表１ の各違反行為期間に係る課徴金の額の計算の基礎は以下のとおりである。 (1)　金融商品取引法第１７４条の２第１項の規定により、当該違反行為に係る課徴金の額は、 ア．当該違反行為に係る有価証券の売買対当数量に係るものについて、自己の計算による当該有価証券の売付け等の価額から、自己の計算による当該有価証券の買付け等の価額を控除した額 及び イ．当該違反行為に係る自己の計算による有価証券の買付け等の数量が、当該違反行為に係る自己の計算による有価証券の売付け等の数量を超える場合、当該違反行為が終了してから１月を経過するまでの間の各日における当該違反行為に係る有価証券の売付け等についての金融商品取引法第６７条の１９又は第１３０条に規定する最高の価格のうち最も高い価格に当該超える数量を乗じて得た額から当該超える数量に係る有価証券の買付け等の価額を控除した額 の合計額として算定。 (2)　上記(1)で算定された課徴金の額につき、金融商品取引法第１７６条第２項の規定により１万円未満の端数を 切り捨てて算定。 (3)　上記(2)で算定された課徴金の額につき、金融商品取引法第１８５条の７第１５項の規定により当該額の１． ５倍として算定。 (4)　上記(3) によりそれぞれ算定した額を合計し、課徴金の額とする。 ２． 別表１ に掲げるミツバ株式に係る取引 (1)　令和２年３月２３日の取引について 当該違反行為に係る自己の計算による有価証券の売付け等の数量は、6,400株であり、当該違反行為に係る自己の計算による有価証券の買付け等の数量も6,400株であることから、 ア．当該違反行為に係る有価証券の売買対当数量（6,400株）に係るものについて、自己の計算による当該有価証券の売付け等の価額から、自己の計算による当該有価証券の買付け等の価額を控除した額 （有価証券の売付け等の価額：2,309,300円） －（有価証券の買付け等の価額：2,240,000円） ＝69,300円 イ．金融商品取引法第１７６条第２項の規定により、上記ア．で計算した額の１万円未満の端数を切捨て、60,000円となる。 ウ．金融商品取引法第１８５条の７第１５項の規定により、上記イ．で計算した額を１．５倍し、90,000円となる。 (2)　令和２年３月２４日の取引について 当該違反行為に係る自己の計算による有価証券の買付け等の数量は、10,500株であり、当該違反行為に係る自己の計算による有価証券の売付け等の数量は、実際の売付け等の数量7,100株に、金融商品取引法第１７４条の２第７項及び金融商品取引法施行令第３３条の１２第１号の規定により、違反行為の開始時にその時における価格（404円）で売付け等を自己の計算においてしたものとみなされる当該違反行為の開始時に売付けをしている有価証券の数量2,900株を加えた10,000株であることから、 ア．当該違反行為に係る有価証券の売買対当数量（10,000株）に係るものについて、 自己の計算による当該有価証券の売付け等の価額から、自己の計算による当該有価証券の買付け等の価額を控除した額 （有価証券の売付け等の価額：4,036,100円） －（有価証券の買付け等の価額：3,910,000円） ＝126,100円 及び イ．当該違反行為に係る自己の計算による有価証券の買付け等の数量（10,500株）が、当該違反行為に係る自己の計算による有価証券の売付け等の数量（10,000株）を超えていることから、当該違反行為が終了してから１月を経過するまでの間の各日における当該違反行為に係る有価証券の売付け等についての金融商品取引法第６７条の１９又は第１３０条に規定する最高の価格のうち最も高い価格（476円）に当該超える数量500株（買付け等の数量10,500株－売付け等の数量10,000株）を乗じて得た額から、当該超える数量に係る有価証券の買付け等の価額を控除した額 （476円×500株）－（391円×500株） ＝ 42,500円 の合計額168,600円となる。 ウ．金融商品取引法第１７６条第２項の規定により、上記ア．及びイ．で計算した額の合計額の１万円未満の端数を切捨て、160,000円となる。 エ．金融商品取引法第１８５条の７第１５項の規定により、上記ウ．で計算した額を１．５倍し、240,000円となる。 (3)　令和２年３月２５日の取引について 当該違反行為に係る自己の計算による有価証券の売付け等の数量は、12,000株であり、当該違反行為に係る自己の計算による有価証券の買付け等の数量も12,000株であることから、 ア．当該違反行為に係る有価証券の売買対当数量（12,000株）に係るものについて、自己の計算による当該有価証券の売付け等の価額から、自己の計算による当該有価証券の買付け等の価額を控除した額 （有価証券の売付け等の価額：5,142,300円） －（有価証券の買付け等の価額：5,040,000円） ＝102,300円 イ．金融商品取引法第１７６条第２項の規定により、上記ア．で計算した額の１万円未満の端数を切捨て、100,000円となる。 ウ．金融商品取引法第１８５条の７第１５項の規定により、上記イ．で計算した額を１．５倍し、150,000円となる。 (4)　令和２年３月２６日の取引について 当該違反行為に係る自己の計算による有価証券の売付け等の数量は、9,000株であり、当該違反行為に係る自己の計算による有価証券の買付け等の数量は、10,000株であることから、 ア．当該違反行為に係る有価証券の売買対当数量（9,000株）に係るものについて、自己の計算による当該有価証券の売付け等の価額から、自己の計算による当該有価証券の買付け等の価額を控除した額 （有価証券の売付け等の価額：4,074,610円） －（有価証券の買付け等の価額：3,888,000円） ＝186,610円 及び イ．当該違反行為に係る自己の計算による有価証券の買付け等の数量（10,000株）が、当該違反行為に係る自己の計算による有価証券の売付け等の数量（9,000株）を超えていることから、当該違反行為が終了してから１月を経過するまでの間の各日における当該違反行為に係る有価証券の売付け等についての金融商品取引法第６７条の１９又は第１３０条に規定する最高の価格のうち最も高い価格（476円）に当該超える数量1,000株（買付け等の数量10,000株－売付け等の数量9,000株）を乗じて得た額から、当該超える数量に係る有価証券の買付け等の価額を控除した額 （476円×1,000株）－（432円×1,000株） ＝ 44,000円 の合計額230,610円となる。 ウ．金融商品取引法第１７６条第２項の規定により、上記ア．及びイ．で計算した額の合計額の１万円未満の端数を切捨て、230,000円となる。 エ．金融商品取引法第１８５条の７第１５項の規定により、上記ウ．で計算した額を１．５倍し、345,000円となる。 ※　各違反行為期間における売付け等の価額及び買付け等の価額の詳細については、 別表２ を参照。 (5)　上記(1)ないし(4)により算定した額の合計 90,000円＋240,000円＋150,000円＋345,000円 ＝825,000円となる。 別表２（PDF）",0
2023-12-08,2019/09/04-2019/09/06,大平洋金属株式会社,5541,海外に居住する個人による大平洋金属株式会社株式ほか１銘柄に係る相場操縦に対する課徴金納付命令の勧告について,https://www.fsa.go.jp/sesc/news/c_2023/2023/20231208-1.html,English version 令和５年１２月８日 証券取引等監視委員会 海外に居住する個人による大平洋金属株式会社株式ほか１銘柄に係る相場操縦に対する課徴金納付命令の勧告について １．勧告の内容 証券取引等監視委員会は、海外居住の個人による大平洋金属株式会社株式ほか１銘柄に係る相場操縦について検査した結果、下記のとおり法令違反の事実が認められたので、本日、内閣総理大臣及び金融庁長官に対して、金融庁設置法第２０条第１項の規定に基づき、課徴金納付命令を発出するよう勧告を行った。 ２．法令違反の事実関係 課徴金納付命令対象者（中国居住）は、海外銀行甲との間で、日本株式を原資産とする店頭デリバティブ取引である証券ＣＦＤ取引を行い、同取引の注文を受けた海外銀行甲において、証券会社グループ乙を介して、証券ＣＦＤ取引に係る注文と同内容の日本株式の売買の注文を即時に株式会社東京証券取引所（以下「東京証券取引所」という。）が開設する金融商品市場（市場第一部）等に発注していたものであるが、 ①　東京証券取引所市場第一部に上場されていた大平洋金属株式会社（以下「大平洋金属」という。）の株式につき、同株式の売買を誘引する目的をもって、 別表１ 記載のとおり、令和元年９月４日午前１０時１６分４０秒頃から同月５日午後１時３５分２７秒頃までの間、合計２取引日にわたり、海外銀行甲に対して大平洋金属株式を原資産とする証券ＣＦＤ取引の申込みを行い、海外銀行甲等を介して、最良売り気配付近に複数の売り注文を重層的に入れて売り板を厚くした上で、同株式を下値で買い付けた後、最良売り気配付近に発注していた複数の売り注文を取り消して売り板を薄くするとともに、最良買い気配付近に複数の買い注文を重層的に入れて買い板を厚くした上で、同株式を上値で売り付けることを交互に繰り返すなどの方法により、同株式合計４万２５００株の買い注文に係る証券ＣＦＤ取引の申込みを行うとともに、同株式合計４万４９００株の売り注文に係る証券ＣＦＤ取引を行う一方、同株式合計３万８７００株の売り注文に係る証券ＣＦＤ取引の申込みを行うとともに、同株式合計５万５１００株の買い注文に係る証券ＣＦＤ取引を行い、 ②　東京証券取引所市場第一部に上場されていたノーリツ鋼機株式会社（以下「ノーリツ鋼機」という。）の株式につき、同株式の売買を誘引する目的をもって、 別表１ 記載のとおり、令和元年９月６日午前９時５０分４５秒頃から同日午後１時５分１７秒頃までの間、海外銀行甲に対してノーリツ鋼機株式を原資産とする証券ＣＦＤ取引の申込みを行い、海外銀行甲等を介して、最良売り気配付近に複数の売り注文を重層的に入れて売り板を厚くした上で、同株式を下値で買い付けた後、最良売り気配付近に発注していた複数の売り注文を取り消して売り板を薄くするとともに、最良買い気配付近に複数の買い注文を重層的に入れて買い板を厚くした上で、同株式を上値で売り付けることを交互に繰り返すなどの方法により、同株式合計５万９６００株の買い注文に係る証券ＣＦＤ取引の申込みを行うとともに、同株式合計４万５２００株の売り注文に係る証券ＣＦＤ取引を行う一方、同株式合計９０００株の売り注文に係る証券ＣＦＤ取引の申込みを行うとともに、同株式合計４万３２００株の買い注文に係る証券ＣＦＤ取引を行い、 もって、自己の計算において、上記各株式の売買が繁盛であると誤解させ、かつ、上記各株式の相場を変動させるべき一連の店頭デリバティブ取引及びその申込みをしたものである。 違反行為事実の概要については、 下記概要図 のとおり。 課徴金納付命令対象者が行った上記の行為は、金融商品取引法（以下「金商法」という。）第１７４条の２第１項に規定する「第１５９条第２項第１号の規定に違反する一連の有価証券売買等」及び「その申込み」に該当すると認められる。 ３．課徴金の額の計算 上記の各違法行為に対し金商法に基づき納付を命じられる課徴金の額の合計は、２８１万円である。 計算方法の詳細については、 別紙 のとおり。 ※　違反行為に係る売付け等の価額及び買付け等の価額の詳細については、 別表２ を参照。 ４．その他 本件については、カナダブリティッシュコロンビア州、ケイマン諸島、中華人民共和国、デンマーク、香港、ハンガリー、カナダオンタリオ州、英国の各金融規制当局（British Columbia Securities Commission、Cayman Islands Monetary Authority、China Securities Regulatory Commission、Danish Financial Supervisory Authority、Hong Kong Securities and Futures Commission、Hungary Magyar Nemzeti Bank、 Ontario Securities Commission、the United Kingdom Financial Conduct Authority）から支援を受けている。 また、日本取引所自主規制法人から提供された情報等も参考として、実態解明を行ったものである。 （ 概要図）,0
2023-11-28,2021/11/12-2022/08/12,株式会社フジオフードグループ本社,2752,株式会社フジオフードグループ本社における有価証券報告書等の虚偽記載に係る課徴金納付命令勧告について,https://www.fsa.go.jp/sesc/news/c_2023/2023/20231128-1.html,"English version 令和５年11月28日 証券取引等監視委員会 株式会社フジオフードグループ本社における有価証券報告書等の虚偽記載に係る課徴金納付命令勧告について １．勧告の内容 証券取引等監視委員会は、株式会社フジオフードグループ本社（法人番号2120001093715）（以下「当社」という。）における金融商品取引法に基づく開示規制の違反について検査した結果、以下のとおり法令違反の事実が認められたので、本日、内閣総理大臣及び金融庁長官に対して、金融庁設置法第20条第１項の規定に基づき、課徴金納付命令を発出するよう勧告を行った。 ２．法令違反の事実関係 当社及び当社の連結子会社は、助成金収入の過大計上等の不適正な会計処理を行った。 この結果、当社は、近畿財務局長に対し、金融商品取引法第172条の４第１項及び第２項に規定する「重要な事項につき虚偽の記載」がある以下の有価証券報告書及び四半期報告書を提出した（「重要な事項につき虚偽の記載」の内容は別紙１の表の番号１から番号４のとおり）。 ・令和３年９月第３四半期四半期報告書（令和３年11月12日提出） ・令和３年12月期有価証券報告書（令和４年３月30日提出） ・令和４年３月第１四半期四半期報告書（令和４年５月13日提出） ・令和４年６月第２四半期四半期報告書（令和４年８月12日提出） ３．課徴金の額の計算 上記の違法行為について金融商品取引法に基づき算定される課徴金の額は、1,200万円である（計算方法については別紙２のとおり）。 【別紙１】有価証券報告書等の虚偽記載内容 番号 対象書類 虚偽記載 提出日 書類 会計期間 記載項目 主な内容（注） 主な事由 １ 令和３年11月12日 第23期第３四半期（令和３年７月１日～同年９月30日）に係る四半期報告書 令和３年１月１日～同年９月30日の第３四半期連結累計期間 四半期連結 損益計算書 親会社株主に帰属する四半期純利益が 472百万円であるところを 944百万円と記載 助成金収入の過大計上 ２ 令和４年３月30日 第23期（令和３年１月１日～同年12月31日）に係る有価証券報告書 令和３年１月１日～同年12月31日の連結会計期間 連結 損益計算書 親会社株主に帰属する当期純利益が ▲489百万円であるところを 709百万円と記載 助成金収入の過大計上 連結 貸借対照表 連結純資産額が 3,925百万円であるところを 5,123百万円と記載 ３ 令和４年５月13日 第24期第１四半期（令和４年１月１日～同年３月31日）に係る四半期報告書 令和４年１月１日～同年３月31日の第１四半期連結会計期間 四半期連結 貸借対照表 連結純資産額が 3,408百万円であるところを 4,598百万円と記載 当四半期前の助成金収入の過大計上 ４ 令和４年８月12日 第24期第２四半期（令和４年４月１日～同年６月30日）に係る四半期報告書 令和４年４月１日～同年６月30日の第２四半期連結会計期間 四半期連結 貸借対照表 連結純資産額が 3,574百万円であるところを 4,749百万円と記載 当四半期前の助成金収入の過大計上 （注）金額は百万円未満切捨てである。 【別紙２】課徴金の計算方法 （１）　金融商品取引法第172条の４第１項及び第２項の規定により、令和３年９月第３四半期四半期報告書及び令和３年12月期有価証券報告書ごとに算出した額（以下(１)において「個別決定ごとの算出額」という。）は、 ア　当社が発行する算定基準有価証券の市場価額の総額に10万分の６を乗じて得た額 ・令和３年９月第３四半期四半期報告書に係る額　　　　3,598,429円 ・令和３年12月期有価証券報告書に係る額　　　　　　  3,622,883円 が、いずれも イ　6,000,000円 を超えないことから、 ・令和３年９月第３四半期四半期報告書については、6,000,000円の２分の１に相当する額である3,000,000円 ・令和３年12月期有価証券報告書については、6,000,000円 となる。 ここで、これらの開示書類が同一の事業年度に係るものであることから、金融商品取引法第185条の７第６項の規定により、6,000,000円を個別決定ごとの算出額に応じて按分した下記の金額が、これらの開示書類に係る課徴金の額となる。 ・令和３年９月第３四半期四半期報告書に係る課徴金の額は、2,000,000円 ・令和３年12月期有価証券報告書に係る課徴金の額は、4,000,000円 （２）　金融商品取引法第172条の４第２項の規定により、令和４年３月第１四半期四半期報告書及び令和４年６月第２四半期四半期報告書ごとに算出した額は、 ア　当社が発行する算定基準有価証券の市場価額の総額に10万分の６を乗じて得た額 ・令和４年３月第１四半期四半期報告書に係る額   　　　3,509,185円 ・令和４年６月第２四半期四半期報告書に係る額   　　　3,631,599円 が、いずれも イ　6,000,000円 を超えないことから、 ・令和４年３月第１四半期四半期報告書に係る課徴金の額は、6,000,000円の２分の１に相当する額である3,000,000円 ・令和４年６月第２四半期四半期報告書に係る課徴金の額は、6,000,000円の２分の１に相当する額である3,000,000円 となる。",0
2023-09-22,2021/07/16-2021/09/22,株式会社ファルテック,7215,ファルテック株式ほか１銘柄に係る相場操縦に対する課徴金納付命令の勧告について,https://www.fsa.go.jp/sesc/news/c_2023/2023/20230922-1.html,English version 令和5年9月22日 証券取引等監視委員会 ファルテック株式ほか１銘柄に係る相場操縦に対する課徴金納付命令の勧告について １．勧告の内容 証券取引等監視委員会は、ファルテック株式ほか１銘柄に係る相場操縦について検査した結果、下記のとおり法令違反の事実が認められたので、本日、内閣総理大臣及び金融庁長官に対して、金融庁設置法第２０条第１項の規定に基づき、課徴金納付命令を発出するよう勧告を行った。 ２．法令違反の事実関係 課徴金納付命令対象者は、 (１)　株式会社ファルテックの株式につき、同株式の売買を誘引する目的をもって、 別表１ 記載のとおり、令和３年７月１６日から同年８月２０日までの間、自己名義及び親族名義で、上値に複数の売り注文を入れて売り板を厚くした上で、同株式を下値で買い付け、さらに、下値に複数の買い注文を入れて買い板を厚くした上で、同株式を上値で売り付けるなどの方法により、同株式合計２２万９００株の買付けの委託を行うとともに、同株式合計５万４３００株を買い付ける一方、同株式合計１４万２２００株の売付けの委託を行うとともに、同株式合計６万３８００株を売り付け、 (２)　ＧＭＢ株式会社の株式につき、同株式の売買を誘引する目的をもって、 別表２ 記載のとおり、令和３年８月１９日から同年９月２２日までの間、自己名義及び親族名義で、上値に複数の売り注文を入れて売り板を厚くした上で、同株式を下値で買い付け、さらに、下値に複数の買い注文を入れて買い板を厚くした上で、同株式を上値で売り付けるなどの方法により、同株式合計２５万６００株の買付けの委託を行うとともに、同株式合計４万８４００株を買い付ける一方、同株式合計１７万２８００株の売付けの委託を行うとともに、同株式合計５万４９００株を売り付け、 もって、それぞれ、自己及び親族の計算において、上記各株式の売買が繁盛であると誤解させ、かつ、上記各株式の相場を変動させるべき一連の売買及び委託をしたものである。 違反行為事実の概要については、 別図 のとおり。 課徴金納付命令対象者が行った上記の各行為は、金融商品取引法第１７４条の２第１項に規定する「第１５９条第２項第１号の規定に違反する一連の有価証券売買等」に該当すると認められる。 ３．課徴金の額の計算 上記の各違反行為に対し金融商品取引法に基づき納付を命じられる課徴金の額の合計は、９４万円である。 計算方法の詳細については、 別紙 のとおり。 ※　違反行為に係る売付け等の価額及び買付け等の価額の詳細については、 別表３ を参照。 ４．その他 本件については、日本取引所自主規制法人より提供された情報等を参考として、実態解明を行ったものである。 （クリックすると拡大されます） （クリックすると拡大されます） （クリックすると拡大されます）,0
2023-10-20,2018/12/20-2020/12/23,株式会社EduLab,4427,株式会社EduLabにおける有価証券報告書等の虚偽記載に係る課徴金納付命令勧告について,https://www.fsa.go.jp/sesc/news/c_2023/2023/20231020-1.html,"English version 令和５年10月20日 証券取引等監視委員会 株式会社EduLabにおける有価証券報告書等の虚偽記載に係る課徴金納付命令勧告について １．勧告の内容 証券取引等監視委員会は、株式会社EduLab（法人番号 6010401117444）（以下「当社」という。）における金融商品取引法に基づく開示規制の違反について検査した結果、以下のとおり法令違反の事実が認められたので、本日、内閣総理大臣及び金融庁長官に対して、金融庁設置法第20条第１項の規定に基づき、課徴金納付命令を発出するよう勧告を行った。 ２．法令違反の事実関係 （１）継続開示書類 当社の連結子会社は、売上の過大計上及び事業損失引当金の不計上等の不適正な会計処理を行った。 この結果、当社は、関東財務局長に対し、金融商品取引法第172条の４第１項及び第２項に規定する「重要な事項につき虚偽の記載」がある以下の有価証券報告書及び四半期報告書を提出した（「重要な事項につき虚偽の記載」の内容は別紙１の表の番号１から番号３のとおり）。 ・平成30年９月期有価証券報告書（平成30年12月28日提出） ・令和２年６月第３四半期四半期報告書（令和２年８月７日提出） ・令和２年９月期有価証券報告書（令和２年12月23日提出） （２）発行開示書類 ア　当社は、当社の連結子会社が行った売上の過大計上の不適正な会計処理により、過大な当期純利益等を計上した連結財務諸表を作成した。 この結果、当社は、関東財務局長に対し、平成30年11月16日、金融商品取引法第172条の２第１項に規定する「重要な事項につき虚偽の記載」がある有価証券届出書（株式の募集）を提出し、当該有価証券届出書に基づく募集により、平成30年12月20日、932,000株の株式を2,218,160,000円で取得させた（「重要な事項につき虚偽の記載」の内容は別紙１の表の番号４のとおり）。 イ　当社は、関東財務局長に対し、令和２年９月30日、上記（１）の重要な事項につき虚偽の記載がある令和２年６月第３四半期四半期報告書を参照情報とする金融商品取引法第172条の２第１項に規定する「重要な事項につき虚偽の記載」がある有価証券届出書（株式の募集）を提出し、当該有価証券届出書に基づく募集により、令和２年10月16 日、659,700株の株式を5,655,547,600円で取得させた（「重要な事項につき虚偽の記載」の内容は別紙１の表の番号５のとおり）。 ３．課徴金の額の計算 上記の違法行為について金融商品取引法に基づき算定される課徴金の額は、２億3,705万5,000円である（計算方法については別紙２のとおり）。 【別紙１】有価証券報告書等の虚偽記載内容 番号 対象書類 虚偽記載 提出日 書類 会計期間 記載項目 主な内容（注） 主な事由 １ 平成30年12月28日 第４期（平成29年10月１日～平成30年９月30日）に係る有価証券報告書 平成29年10月１日～平成30年９月30日の連結会計期間 連結 損益計算書 親会社株主に帰属する当期純利益が 328,138千円であるところを 549,366千円と記載 売上の過大計上 連結 貸借対照表 連結純資産額が 1,863,655千円であるところを 2,527,102千円と記載 ２ 令和２年８月７日 第６期第３四半期（令和２年４月１日～同年６月30日）に係る四半期報告書 令和元年10月１日～令和２年６月30日の第３四半期連結累計期間 四半期連結 損益計算書 営業利益が 431,302千円であるところを 705,319千円と記載 親会社株主に帰属する四半期純利益が 215,672千円であるところを 387,024千円と記載 事業損失引当金の不計上 ３ 令和２年12月23日 第６期（令和元年10月１日～令和２年９月30日）に係る有価証券報告書 令和元年10月１日～令和２年９月30日の連結会計期間 連結 損益計算書 親会社株主に帰属する当期純利益が 719,730千円であるところを 1,118,249千円と記載 事業損失引当金の不計上 ４ 平成30年11月16日 有価証券届出書 （株式の募集） 平成27年10月１日～平成28年９月30日の連結会計期間 連結 損益計算書 親会社株主に帰属する当期純利益が ▲17,304千円であるところを 72,694千円と記載 売上の過大計上 平成28年10月１日～平成29年９月30日の連結会計期間 連結 損益計算書 親会社株主に帰属する当期純利益が 12,727千円であるところを 335,947千円と記載 売上の過大計上 連結 貸借対照表 連結純資産額が 1,049,873千円であるところを 1,492,092千円と記載 平成29年10月１日～平成30年６月30日の第３四半期連結累計期間 四半期連結 損益計算書 親会社株主に帰属する四半期純利益が ▲13,800千円であるところを 197,438千円と記載 売上の過大計上 平成30年４月１日～同年６月30日の第３四半期連結会計期間 四半期連結 貸借対照表 連結純資産額が 1,523,211千円であるところを 2,176,670千円と記載 売上の過大計上 ５ 令和２年９月30日 有価証券届出書 （株式の募集） 「第三部 参照情報」 番号２に掲げる 第６期第３四半期に係る四半期報告書を参照 番号２参照 （注）金額は千円未満切捨てである。 【別紙２】課徴金の計算方法 （１）　金融商品取引法第172条の４第１項の規定により、平成30年９月期有価証券報告書について算出した課徴金の額は、当社の平成30年９月期有価証券報告書に記載されている当該事業年度に係る連結貸借対照表に計上されている資産の額の合計額7,802,013,000円から負債の額の合計額5,274,911,000円を控除して得た額2,527,102,000円に10万分の６を乗じて得た額151,626円が、6,000,000円を超えないことから、6,000,000円となる。 （２）　金融商品取引法第172条の４第１項及び第２項の規定により、令和２年６月第３四半期四半期報告書、令和２年９月期有価証券報告書ごとに算出した額（以下(２)において「個別決定ごとの算出額」という。）は、 ア　当社が発行する算定基準有価証券の市場価額の総額に10万分の６を乗じて得た額 ・令和２年６月第３四半期四半期報告書に係る額　　　　2,353,326円 ・令和２年９月期有価証券報告書に係る額　　　　　　　2,709,754円 が、いずれも イ　6,000,000円 を超えないことから、 ・令和２年６月第３四半期四半期報告書については、6,000,000円の２分の１に相当する額である3,000,000円 ・令和２年９月期有価証券報告書については、6,000,000円 となる。 ここで、令和２年６月第３四半期四半期報告書及び令和２年９月期有価証券報告書が、いずれも当社の同一の事業年度に係るものであることから、金融商品取引法第185条の７第６項の規定により、6,000,000円を個別決定ごとの算出額に応じて按分した下記の金額が、これらの開示書類に係る課徴金の額となる。 ・令和２年６月第３四半期四半期報告書に係る課徴金の額は、2,000,000円 ・令和２年９月期有価証券報告書に係る課徴金の額は、4,000,000円 なお、令和２年９月期有価証券報告書については、金融商品取引法第26条第１項の規定による検査等が行われる前に、課徴金の減額に係る報告書が提出されていることから、金融商品取引法第185条の７第14項の規定により、4,000,000円に100分の50を乗じて得た額に相当する額である 2,000,000円 となる。 （３）　金融商品取引法第172条の２第１項第１号の規定により、平成30年11月16日提出の有価証券届出書（株式の募集）に係る課徴金の額は、 重要な事項につき虚偽の記載がある発行開示書類に基づく募集により取得させた株式の発行価額の総額2,218,160,000円の100 分の4.5 に相当する額である99,817,200円 に、金融商品取引法第176条第２項の規定により１万円未満の端数を切り捨てて、 99,810,000円 となる。 （４）　金融商品取引法第172条の２第１項第１号の規定により、令和２年９月30日提出の有価証券届出書（株式の募集）に係る課徴金の額は、 重要な事項につき虚偽の記載がある発行開示書類に基づく募集により取得させた株式の発行価額の総額5,655,547,600円の100 分の4.5 に相当する額である254,499,642円 に、金融商品取引法第176条第２項の規定により１万円未満の端数を切り捨てて、 254,490,000円 となるが、金融商品取引法第26条第１項の規定による検査等が行われる前に、課徴金の減額に係る報告書が提出されていることから、金融商品取引法第185条の７第14項の規定により、254,490,000円に100分の50を乗じて得た額に相当する額である 127,245,000円 となる。",0
2023-06-09,2023/06/09,株式会社武蔵野銀行,8336,株式会社武蔵野銀行に対する検査結果に基づく勧告について,https://www.fsa.go.jp/sesc/news/c_2023/2023/20230609-3.html,"English version 令和５年６月９日 証券取引等監視委員会 株式会社武蔵野銀行に対する検査結果に基づく勧告について １．勧告の内容 関東財務局長が株式会社武蔵野銀行（さいたま市大宮区、法人番号6030001002490、取締役頭取　長堀 和正、資本金457億円、常勤役職員2,823名、登録金融機関）を検査した結果、下記のとおり、当該登録金融機関に係る問題が認められたので、本日、証券取引等監視委員会は、内閣総理大臣及び金融庁長官に対して、金融庁設置法第20条第１項の規定に基づき、行政処分を行うよう勧告した。 ２．事実関係 ○　金融商品仲介業務に関し、投資者保護上の問題が認められる状況 株式会社武蔵野銀行（以下「当行」という。）は、株式会社千葉銀行（千葉市中央区、法人番号2040001000019、取締役頭取　米本 努）の子会社であるちばぎん証券株式会社（千葉市中央区、法人番号4040001034601、代表取締役社長　稲村 幸仁、以下「ちばぎん証券」という。）との間で、金融商品仲介業務に係る提携契約を締結し、金融商品仲介業務として同証券に顧客を紹介する業務（以下「紹介型仲介」という。）を行っている。紹介型仲介では、顧客に対し、ちばぎん証券が扱う商品概要の説明のみを行うこととしている。また、同業務は顧客紹介のみを行うとしていることから、当行において、顧客属性（知識、投資経験、財産の状況、投資目的）の確認を行っていない。 紹介型仲介による収益は、紹介顧客がちばぎん証券で取引をした際に支払った手数料等のうち、一定割合が当行に配分される仕組みとなっている。また、当行の行員は、個別商品に係る説明が禁止されているため、自らが直接収益を発生させることはできないにもかかわらず、行員の収益目標には、ちばぎん証券が紹介顧客から得る個別商品に係る収益も含まれていることがあった。 今回検査において、当行が行う金融商品仲介業務の状況について検証したところ、以下のとおり問題が認められた。 ⑴　顧客属性を確認及び検討しないまま、顧客を仕組債購入へ誘引している状況 紹介型仲介では、顧客に対し、ちばぎん証券が扱う商品概要の説明のみを行うこととしているところ、これに反し、仕組債に誘引している事例が認められた。 商品概要の説明のみにとどまらず、仕組債を提案するのであれば、顧客属性を十分確認し、どのような提案が適切であるか慎重に検討した上で行うべきところ、当行においては、顧客属性を確認しないまま、高金利や短期間といった優位性を強調して仕組債に誘引しており、投資者保護上問題のある行為であると認められる。 ⑵　内部管理態勢が不十分な状況 当行は、ちばぎん証券と共同で研修等を複数開催している。研修計画の策定は当行関連部署が行っているものの、研修資料の作成及び講義の実施についてはちばぎん証券に一任していることなどから、研修等資料の内容が、投資者保護上問題がないかといった観点から確認を行っていない。このため、総じて仕組債に偏った研修が行われるなど仕組債を誘引させる内容の研修が実施されることになっており、研修態勢は不十分な状況と認められる。 また、当行は、ちばぎん証券からの提案により、定期的に苦情事例等の情報連携を行う連絡会を開催し、当行の紹介顧客に関する苦情が同証券に対して継続的に多数寄せられていること等を把握していたにもかかわらず、原因分析も一切行わないまま、その後も、何ら検討することなく紹介を継続していると認められ、苦情の背景や要因について分析や検討が行われていない状況となっており、苦情処理に関する内部管理態勢が不十分であると認められる。 さらに、当行では、顧客毎の交渉経緯記録に紹介顧客に対する説明内容が詳細に記載されていない状況にあり、このため、営業部店、内部管理部門及び監査部門による確認も形式的なものにとどまっており、顧客への説明状況に関する実効性のあるモニタリング態勢も不十分であると認められる。 加えて、経営陣が、行員が仕組債購入へ誘引している状況を把握していないこと、行員が収益目標達成のために概要説明を超えた商品説明をして顧客を誘引する事象が発生しうる仕組みとなっていることを適切に認識していないこと、紹介顧客からの苦情が多数寄せられている実態を把握していたにもかかわらず、担当部署に任せきりにし、苦情対応が不十分であることを正確に把握していないなど、紹介型仲介に関し、経営陣のガバナンスが十分に発揮されていないことも要因となり、紹介型仲介に関する業務運営態勢の構築も不十分であると認められる。 登録金融機関が金融商品仲介業務を行うに際しては、金融商品取引法上、投資者保護の観点から、適切な態勢整備や業務運営が求められているところ、上記⑴及び⑵のとおり、当行においては、金融商品仲介業務を行うための適切な態勢整備が行われない中で、顧客属性を確認しないまま、顧客を仕組債購入へ誘引している状況が認められており、投資者保護上、問題があるものと認められる。なお、これらの状況は、結果として、ちばぎん証券の適合性の原則に抵触する業務運営にも繋がっているものと認められる。 以上のことから、当行における紹介型仲介の業務運営は、投資者保護上重大な問題があり、金融商品取引法第51条の２に規定する「業務の運営に関し、公益又は投資者保護のため必要かつ適当であると認めるとき」に該当するものと認められる。 参考資料(PDF:662KB) （参考条文） ○　金融商品取引法（昭和23年法律第25号）（抄） （登録金融機関に対する業務改善命令） 第五十一条の二　内閣総理大臣は、登録金融機関の業務の運営に関し、公益又は投資者保護のため必要かつ適当であると認めるときは、その必要の限度において、当該登録金融機関に対し、業務の方法の変更その他業務の運営の改善に必要な措置をとるべきことを命ずることができる。",0
2023-06-09,2023/06/09,株式会社千葉銀行,8331,株式会社千葉銀行に対する検査結果に基づく勧告について,https://www.fsa.go.jp/sesc/news/c_2023/2023/20230609-2.html,"English version 令和５年６月９日 証券取引等監視委員会 株式会社千葉銀行に対する検査結果に基づく勧告について １．勧告の内容 関東財務局長が株式会社千葉銀行（千葉市中央区、法人番号2040001000019、取締役頭取　米本 努、資本金1,450億円、常勤役職員4,269名、登録金融機関）を検査した結果、下記のとおり、当該登録金融機関に係る問題が認められたので、本日、証券取引等監視委員会は、内閣総理大臣及び金融庁長官に対して、金融庁設置法第20条第１項の規定に基づき、行政処分を行うよう勧告した。 ２．事実関係 ○　金融商品仲介業務に関し、投資者保護上の問題が認められる状況 株式会社千葉銀行（以下「当行」という。）は、ちばぎん証券株式会社（千葉市中央区、法人番号4040001034601、代表取締役社長　稲村 幸仁、以下「ちばぎん証券」という。）との間で、金融商品仲介業務に係る提携契約を締結し、金融商品仲介業務として同証券に顧客を紹介する業務（以下「紹介型仲介」という。）を行っている。紹介型仲介では、顧客に対し、ちばぎん証券が扱う商品概要の説明のみを行うこととしている。また、同業務は顧客紹介のみを行うとしていることから、当行において、顧客属性（知識、投資経験、財産の状況、投資目的）の確認を行っていない。 紹介型仲介による収益は、紹介顧客がちばぎん証券で取引をした際に支払った手数料等のうち、一定割合が当行に配分される仕組みとなっている。また、当行の行員は、個別商品に係る説明が禁止されているため、自らが直接収益を発生させることはできないにもかかわらず、行員の収益目標には、ちばぎん証券が紹介顧客から得る個別商品に係る収益（みなし評価）も含まれていることがあった。 今回検査において、当行が行う金融商品仲介業務の状況について検証したところ、以下のとおり問題が認められた。 ⑴　顧客属性を確認及び検討しないまま、顧客を仕組債購入へ誘引している状況 紹介型仲介では、顧客に対し、ちばぎん証券が扱う商品概要の説明のみを行うこととしているところ、これに反し、仕組債に誘引している事例が認められた。 商品概要の説明のみにとどまらず、仕組債を提案するのであれば、顧客属性を十分確認し、どのような提案が適切であるか慎重に検討した上で行うべきところ、当行においては、顧客属性を確認しないまま、高金利等の優位性を強調して仕組債に誘引しており、投資者保護上問題のある行為であると認められる。 ⑵　内部管理態勢が不十分な状況 当行は、ちばぎん証券が立ち上げた銀行紹介顧客への販売に係る苦情対策を議論する会議体にオブザーバーとして参加し、当行の紹介顧客に関する苦情が同証券に対して継続的に多数寄せられていること等を把握していたにもかかわらず、苦情の発生原因分析や改善策の立案等に十分に取り組んでおらず、苦情処理に関する内部管理態勢が不十分であると認められる。 また、当行では、顧客毎の交渉結果記録に紹介顧客に対する説明内容が詳細に記載されていない状況にあり、このため、営業部店、内部管理部門及び監査部門による確認も形式的なものにとどまっているなど、顧客への説明状況に関する実効性のあるモニタリング態勢も不十分であると認められる。 さらに、経営陣が、行員が顧客を仕組債購入へ誘引している状況を把握していないこと、行員が収益目標達成のために概要説明を超えた商品説明をして顧客を誘引する事象が発生しうる仕組みとなっていることを適切に認識していないこと、紹介顧客からの苦情が多数寄せられている実態を把握していたにもかかわらず、担当部署に任せきりにし、その取組内容が不十分なものとなっていることを看過しているなど、紹介型仲介に関し、経営陣のガバナンスが十分に発揮されていないことも要因となり、紹介型仲介に関する業務運営態勢の構築も不十分であると認められる。 登録金融機関が金融商品仲介業務を行うに際しては、金融商品取引法上、投資者保護の観点から、適切な態勢整備や業務運営が求められているところ、上記⑴及び⑵のとおり、当行においては、金融商品仲介業務を行うための適切な態勢整備が行われない中で、顧客属性を確認しないまま、顧客を仕組債購入へ誘引している状況が認められており、投資者保護上、問題があるものと認められる。なお、これらの状況は、結果として、ちばぎん証券の適合性の原則に抵触する業務運営にも繋がっているものと認められる。 以上のことから、当行における紹介型仲介の業務運営は、投資者保護上重大な問題があり、金融商品取引法第51条の２に規定する「業務の運営に関し、公益又は投資者保護のため必要かつ適当であると認めるとき」に該当するものと認められる。 参考資料(PDF:662KB) （参考条文） ○　金融商品取引法（昭和23年法律第25号）（抄） （登録金融機関に対する業務改善命令） 第五十一条の二　内閣総理大臣は、登録金融機関の業務の運営に関し、公益又は投資者保護のため必要かつ適当であると認めるときは、その必要の限度において、当該登録金融機関に対し、業務の方法の変更その他業務の運営の改善に必要な措置をとるべきことを命ずることができる。",0
2023-06-06,2021/02/12-2021/11/12,株式会社旅工房,6548,株式会社旅工房における有価証券報告書等の虚偽記載に係る課徴金納付命令勧告について,https://www.fsa.go.jp/sesc/news/c_2023/2023/20230606-1.html,"English version 令和５年６月６日 証券取引等監視委員会 株式会社旅工房における有価証券報告書等の虚偽記載に係る 課徴金納付命令勧告について １．勧告の内容 証券取引等監視委員会は、株式会社旅工房（法人番号4013301007221）（以下「当社」という。）における金融商品取引法に基づく開示規制の違反について検査した結果、以下のとおり法令違反の事実が認められたので、本日、内閣総理大臣及び金融庁長官に対して、金融庁設置法第20条第１項の規定に基づき、課徴金納付命令を発出するよう勧告を行った。 ２．法令違反の事実関係 当社は、資金循環取引による売上の過大計上等の不適正な会計処理を行った。 この結果、当社は、関東財務局長に対し、金融商品取引法第172条の４第１項及び第２項に規定する「重要な事項につき虚偽の記載」がある以下の有価証券報告書及び四半期報告書を提出した（「重要な事項につき虚偽の記載」の内容は別紙１の表の番号１から番号４のとおり）。 ・令和２年12月第３四半期四半期報告書（令和３年２月12日提出） ・令和３年３月期有価証券報告書（令和３年６月24日提出） ・令和３年６月第１四半期四半期報告書（令和３年８月13日提出） ・令和３年９月第２四半期四半期報告書（令和３年11月12日提出） ３．課徴金の額の計算 上記の違法行為について金融商品取引法に基づき算定される課徴金の額は、1,200万円である（計算方法については別紙２のとおり）。 【別紙１】有価証券報告書等の虚偽記載内容 番号 対象書類 虚偽記載 提出日 書類 会計期間 記載項目 主な内容（注） 主な事由 １ 令和３年 ２月12日 第27期第３四半期（令和２年10月１日～同年12月31日）に係る四半期報告書 令和２年４月１日～同年12月31日の第３四半期連結累計期間 四半期連結 損益計算書 親会社株主に帰属する四半期純利益が ▲1,525,552千円であるところを▲1,092,072千円と記載 売上及び売上原価の過大計上 令和２年10月１日～同年12月31日の第３四半期連結会計期間 四半期連結 貸借対照表 連結純資産額が 9,144千円であるところを442,624千円と記載 ２ 令和３年 ６月24日 第27期（令和２年４月１日～令和３年３月31日）に係る有価証券報告書 令和２年４月１日～令和３年３月31日の連結会計期間 連結 損益計算書 親会社株主に帰属する当期純利益が ▲1,808,806千円であるところを ▲1,408,861千円と記載 売上及び売上原価の過大計上 連結 貸借対照表 連結純資産額が108,071千円であるところを508,016千円と記載 ３ 令和３年 ８月13日 第28期第１四半期（令和３年４月１日～同年６月30日）に係る四半期報告書 令和３年４月１日～同年６月30日の第１四半期連結会計期間 四半期連結 貸借対照表 連結純資産額が 87,808千円であるところを487,660千円と記載 当四半期前の売上及び売上原価の過大計上 ４ 令和３年 11月12日 第28期第２四半期（令和３年７月１日～同年９月30日）に係る四半期報告書 令和３年７月１日～同年９月30日の第２四半期連結会計期間 四半期連結 貸借対照表 連結純資産額が237,456千円であるところを645,290千円と記載 当四半期前の売上及び売上原価の過大計上 （注）金額は千円未満切捨てである。 【別紙２】課徴金の計算方法 （１）　金融商品取引法第172条の４第１項及び第２項の規定により、令和２年12月第３四半期四半期報告書及び令和３年３月期有価証券報告書ごとに算出した額（以下(１)において「個別決定ごとの算出額」という。）は、 ア　当社が発行する算定基準有価証券の市場価額の総額に10万分の６を乗じて得た額 ・令和２年12月第３四半期四半期報告書に係る額 　　　　　304,802円 ・令和３年３月期有価証券報告書に係る額　　　 　　　　　 329,515円 が、いずれも イ　6,000,000円 を超えないことから、 ・令和２年12月第３四半期四半期報告書については、6,000,000円の２分の１に相当する額である3,000,000円 ・令和３年３月期有価証券報告書については、6,000,000円 となる。 ここで、これらの開示書類が同一の事業年度に係るものであることから、金融商品取引法第185条の７第６項の規定により、6,000,000円を個別決定ごとの算出額に応じて按分した下記の金額が、これらの開示書類に係る課徴金の額となる。 ・令和２年12月第３四半期四半期報告書に係る課徴金の額は、2,000,000円 ・令和３年３月期有価証券報告書に係る課徴金の額は、4,000,000円 （２）　金融商品取引法第172条の４第２項の規定により、令和３年６月第１四半期四半期報告書及び令和３年９月第２四半期四半期報告書ごとに算出した額は、 ア　当社が発行する算定基準有価証券の市場価額の総額に10万分の６を乗じて得た額 ・令和３年６月第１四半期四半期報告書に係る額   　　　　345,488円 ・令和３年９月第２四半期四半期報告書に係る額   　　　　358,393円 が、いずれも イ　6,000,000円 を超えないことから、 ・令和３年６月第１四半期四半期報告書に係る課徴金の額は、6,000,000円の２分の１に相当する額である3,000,000円 ・令和３年９月第２四半期四半期報告書に係る課徴金の額は、6,000,000円の２分の１に相当する額である3,000,000円 となる。",0
2023-05-19,2020/07/15-2022/05/27,株式会社東京衡機,7719,株式会社東京衡機における有価証券報告書等の虚偽記載に係る課徴金納付命令勧告について,https://www.fsa.go.jp/sesc/news/c_2023/2023/20230519-1.html,"English version 令和５年５月19日 証券取引等監視委員会 株式会社東京衡機における有価証券報告書等の虚偽記載に係る課徴金納付命令勧告について １．勧告の内容 証券取引等監視委員会は、株式会社東京衡機（法人番号2010001008816）（以下「当社」という。）における金融商品取引法に基づく開示規制の違反について検査した結果、以下のとおり法令違反の事実が認められたので、本日、内閣総理大臣及び金融庁長官に対して、金融庁設置法第20条第１項の規定に基づき、課徴金納付命令を発出するよう勧告を行った。 ２．法令違反の事実関係 当社は、売上の過大計上の不適正な会計処理を行った。 この結果、当社は、関東財務局長に対し、金融商品取引法第172 条の４第１項及び第２項に規定する「重要な事項につき虚偽の記載」がある以下の有価証券報告書及び四半期報告書を提出した（「重要な事項につき虚偽の記載」の内容は別紙１の表の番号１から番号８のとおり）。 ・令和２年５月第１四半期四半期報告書（令和２年７月15日提出） ・令和２年８月第２四半期四半期報告書（令和２年10月15日提出） ・令和２年11月第３四半期四半期報告書（令和３年１月14日提出） ・令和３年２月期有価証券報告書（令和３年５月28日提出） ・令和３年５月第１四半期四半期報告書（令和３年７月15日提出） ・令和３年８月第２四半期四半期報告書（令和３年10月15日提出） ・令和３年11月第３四半期四半期報告書（令和４年１月14日提出） ・令和４年２月期有価証券報告書（令和４年５月27日提出） ３．課徴金の額の計算 上記の違法行為について金融商品取引法に基づき算定される課徴金の額は、1,200万円である（計算方法については別紙２のとおり）。 【別紙１】有価証券報告書等の虚偽記載内容 番号 対象書類 虚偽記載 提出日 書類 会計期間 記載項目 主な内容（注） 主な事由 １ 令和２年７月15日 第115期第１四半期（令和２年３月１日～同年５月31日）に係る四半期報告書 令和２年３月１日～同年５月31日の第１四半期連結累計期間 四半期連結 損益計算書 売上高が1,201百万円であるところを2,270百万円と記載 売上の過大計上 ２ 令和２年10月15日 第115期第２四半期（令和２年６月１日～同年８月31日）に係る四半期報告書 令和２年３月１日～同年８月31日の第２四半期連結累計期間 四半期連結 損益計算書 売上高が2,051百万円であるところを4,110百万円と記載 売上の過大計上 ３ 令和３年１月14日 第115期第３四半期（令和２年９月１日～同年11月30日）に係る四半期報告書 令和２年３月１日～同年11月30日の第３四半期連結累計期間 四半期連結 損益計算書 売上高が2,888百万円であるところを6,043百万円と記載 売上の過大計上 ４ 令和３年５月28日 第115期（令和２年３月１日～令和３年２月28日）に係る有価証券報告書 令和２年３月１日～令和３年２月28日の連結会計期間 連結 損益計算書 売上高が3,920百万円であるところを8,321百万円と記載 売上の過大計上 ５ 令和３年７月15日 第116期第１四半期（令和３年３月１日～同年５月31日）に係る四半期報告書 令和３年３月１日～同年５月31日の第１四半期連結累計期間 四半期連結 損益計算書 売上高が839百万円であるところを1,561百万円と記載 売上の過大計上 ６ 令和３年10月15日 第116期第２四半期（令和３年６月１日～同年８月31日）に係る四半期報告書 令和３年３月１日～同年８月31日の第２四半期連結累計期間 四半期連結 損益計算書 売上高が1,839百万円であるところを3,733百万円と記載 売上の過大計上 ７ 令和４年１月14日 第116期第３四半期（令和３年９月１日～同年11月30日）に係る四半期報告書 令和３年３月１日～同年11月30日の第３四半期連結累計期間 四半期連結 損益計算書 売上高が2,856百万円であるところを5,663百万円と記載 売上の過大計上 ８ 令和４年５月27日 第116期（令和３年３月１日～令和４年２月28日）に係る有価証券報告書 令和３年３月１日～令和４年２月28日の連結会計期間 連結 損益計算書 売上高が4,101百万円であるところを7,449百万円と記載 売上の過大計上 （注）金額は百万円未満切捨てである。 【別紙２】課徴金の計算方法 （１）　金融商品取引法第172条の４第１項及び第２項の規定により、令和２年５月第１四半期四半期報告書、令和２年８月第２四半期四半期報告書、令和２年11月第３四半期四半期報告書及び令和３年２月期有価証券報告書ごとに算出した額（以下(１)において「個別決定ごとの算出額」という。）は、 ア　当社が発行する算定基準有価証券の市場価額の総額に10万分の６を乗じて得た額 ・令和２年５月第１四半期四半期報告書に係る額   　　　　　85,605円 ・令和２年８月第２四半期四半期報告書に係る額　　　　　 130,626円 ・令和２年11月第３四半期四半期報告書に係る額　　　　　 128,593円 ・令和３年2月期有価証券報告書に係る額　　　 　　　　　   114,585円 が、いずれも イ　6,000,000円 を超えないことから、 ・令和２年５月第１四半期四半期報告書については、6,000,000円の２分の１に相当する額である3,000,000円 ・令和２年８月第２四半期四半期報告書については、6,000,000円の２分の１に相当する額である3,000,000円 ・令和２年11月第３四半期四半期報告書については、6,000,000円の２分の１に相当する額である3,000,000円 ・令和３年２月期有価証券報告書については、6,000,000円 となる。 ここで、これらの開示書類が同一の事業年度に係るものであることから、金融商品取引法第185条の７第６項の規定により、6,000,000円を個別決定ごとの算出額に応じて按分した下記の金額が、これらの開示書類に係る課徴金の額となる。 ・令和２年５月第１四半期四半期報告書に係る課徴金の額は、1,200,000円 ・令和２年８月第２四半期四半期報告書に係る課徴金の額は、1,200,000円 ・令和２年11月第３四半期四半期報告書に係る課徴金の額は、1,200,000円 ・令和３年２月期有価証券報告書に係る課徴金の額は、2,400,000円 （２）　金融商品取引法第172条の４第１項及び第２項の規定により、令和３年５月第１四半期四半期報告書、令和３年８月第２四半期四半期報告書、令和３年11月第３四半期四半期報告書及び令和４年２月期有価証券報告書ごとに算出した額（以下（２）において「個別決定ごとの算出額」という。）は、 ア　当社が発行する算定基準有価証券の市場価額の総額に10万分の６を乗じて得た額 ・令和３年５月第１四半期四半期報告書に係る額      　　118,277円 ・令和３年８月第２四半期四半期報告書に係る額       　  124,247円 ・令和３年11月第３四半期四半期報告書に係る額       　 132,333円 ・令和４年２月期有価証券報告書に係る額             　     123,901円 が、いずれも イ　6,000,000円 を超えないことから、 ・令和３年５月第１四半期四半期報告書については、6,000,000円の２分の１に相当する額である3,000,000円 ・令和３年８月第２四半期四半期報告書については、6,000,000円の２分の１に相当する額である3,000,000円 ・令和３年11月第３四半期四半期報告書については、6,000,000円の２分の１に相当する額である3,000,000円 ・令和４年２月期有価証券報告書については、6,000,000円 となる。 ここで、これらの開示書類が同一の事業年度に係るものであることから、金融商品取引法第185条の７第６項の規定により、6,000,000円を個別決定ごとの算出額に応じて按分した下記の金額が、これらの開示書類に係る課徴金の額となる。 ・令和３年５月第１四半期四半期報告書に係る課徴金の額は、1,200,000円 ・令和３年８月第２四半期四半期報告書に係る課徴金の額は、1,200,000円 ・令和３年11月第３四半期四半期報告書に係る課徴金の額は、1,200,000円 ・令和４年２月期有価証券報告に係る課徴金の額は、2,400,000円",0
2023-03-24,2021/03/17-2021/05/13,ＪＥＳＣＯホールディングス株式会社,1434,ＪＥＳＣＯホールディングス株式ほか１銘柄に係る相場操縦に対する課徴金納付命令の勧告について,https://www.fsa.go.jp/sesc/news/c_2023/2023/20230324-1.html,"English version 令和５年３月24日 証券取引等監視委員会 ＪＥＳＣＯホールディングス株式ほか１銘柄に係る相場操縦に対する課徴金納付命令の勧告について １．勧告の内容 証券取引等監視委員会は、ＪＥＳＣＯホールディングス株式ほか１銘柄に係る相場操縦について検査した結果、下記のとおり法令違反の事実が認められたので、本日、内閣総理大臣及び金融庁長官に対して、金融庁設置法第２０条第１項の規定に基づき、課徴金納付命令を発出するよう勧告を行った。 ２．法令違反の事実関係 課徴金納付命令対象者は、 （1）　ＪＥＳＣＯホールディングス株式会社の株式につき、同株式の売買を誘引する目的をもって、別表１記載のとおり、令和３年３月１７日午後１時４６分頃から同月３０日午後１時２８分頃までの間、１０取引日にわたり、自身が発注した売り注文に対し買い注文を発注して対当させたり、直前の約定値より高い指値の買い注文を発注して、他の投資者が発注した売り注文を買い付けることにより直前の約定値より株価を引き上げたりするなどの方法により、同株式合計１２万６６００株を買い付ける一方、同株式合計１２万４８００株を売り付け、 （2）　株式会社シンシアの株式につき、同株式の売買を誘引する目的をもって、別表２記載のとおり、令和３年５月６日午前９時１分頃から同月１３日午前９時２１分頃までの間、６取引日にわたり、自身が発注した売り注文に対し買い注文を発注して対当させたり、直前の約定値より高い指値の買い注文を発注して、他の投資者が発注した売り注文を買い付けることにより直前の約定値より株価を引き上げたりするなどの方法により、同株式合計５万８１００株を買い付ける一方、同株式合計５万８６００株を売り付け、 もって、それぞれ、自己の計算において、上記各株式の売買が繁盛であると誤解させ、かつ、上記各株式の相場を変動させるべき一連の売買をしたものである。 違反行為事実の概要については、 別図 のとおり。 課徴金納付命令対象者が行った上記の各行為は、金融商品取引法第１７４条の２第１項に規定する「第１５９条第２項第１号の規定に違反する一連の有価証券売買等」に該当すると認められる。 ３．課徴金の額の計算 上記の各違反行為に対し金融商品取引法に基づき納付を命じられる課徴金の額の合計は、266万円である。 計算方法の詳細については、 別紙 のとおり。 ４．その他 本件については、日本取引所自主規制法人より提供された情報等を参考として、実態解明を行ったものである。 （クリックすると拡大されます） （別図） ○違反行為事実の概要について （クリックすると拡大されます） （別紙） ○課徴金の額の計算方法について １． 別表１及び２ の各違反行為に係る課徴金の額の計算の基礎は以下のとおりである。 (1) 金融商品取引法第１７４条の２第１項の規定により、当該違反行為に係る課徴金の額は、 ア．当該違反行為に係る有価証券の売買対当数量に係るものについて、自己の計算による当該有価証券の売付け等の価額から、自己の計算による当該有価証券の買付け等の価額を控除した額 及び イ．当該違反行為に係る自己の計算による有価証券の買付け等の数量が、当該違反行為に係る自己の計算による有価証券の売付け等の数量を超える場合、当該違反行為が終了してから１月を経過するまでの間の各日における当該違反行為に係る有価証券の売付け等についての金融商品取引法第６７条の１９又は第１３０条に規定する最高の価格のうち最も高い価格に当該超える数量を乗じて得た額から当該超える数量に係る有価証券の買付け等の価額を控除した額 の合計額として算定。 (2) 上記(1)で算定された課徴金の額につき、金融商品取引法第１７６条第２項の規定により１万円未満の端数を切り捨てて算定。 ２． 別表１ に掲げるＪＥＳＣＯホールディングス株式に係る取引 (1) 当該違反行為に係る自己の計算による有価証券の売付け等の数量は、124,800株であり、当該違反行為に係る自己の計算による有価証券の買付け等の数量は、126,600株であることから、 ア．当該違反行為に係る有価証券の売買対当数量（124,800株）に係るものについて、自己の計算による当該有価証券の売付け等の価額から、自己の計算による当該有価証券の買付け等の価額を控除した額 （有価証券の売付け等の価額：74,998,200円） －（有価証券の買付け等の価額：73,299,100円） ＝1,699,100円 及び イ．当該違反行為に係る自己の計算による有価証券の買付け等の数量（126,600株）が、当該違反行為に係る自己の計算による有価証券の売付け等の数量（124,800株）を超えていることから、当該違反行為が終了してから１月を経過するまでの間の各日における当該違反行為に係る有価証券の売付け等についての金融商品取引法第６７条の１９又は第１３０条に規定する最高の価格のうち最も高い価格（677円）に当該超える数量1,800株（買付け等の数量126,600株－売付け等の数量124,800株）を乗じて得た額（ａ）から、当該超える数量に係る有価証券の買付け等の価額（ｂ）を控除した額 （a：1,218,600円）－（b：1,141,100円） ＝77,500円 の合計額1,776,600円となる。 (2) 金融商品取引法第１７６条第２項の規定により、上記(1)で計算した額の１万円未満の端数を切捨て、1,770,000円となる。 ３． 別表２ に掲げるシンシア株式に係る取引 (1) 当該違反行為に係る自己の計算による有価証券の売付け等の数量は、58,600株であり、当該違反行為に係る自己の計算による有価証券の買付け等の数量は、実際の買付け等の数量58,100株に、金融商品取引法第１７４条の２第８項及び金融商品取引法施行令第３３条の１３第１号の規定により、違反行為の開始時にその時における価格（834円）で買付け等を自己の計算においてしたものとみなされる当該違反行為の開始時に所有している有価証券の数量800株を加えた58,900株であることから、 ア．当該違反行為に係る有価証券の売買対当数量（58,600株）に係るものについて、自己の計算による当該有価証券の売付け等の価額から、自己の計算による当該有価証券の買付け等の価額を控除した額 （有価証券の売付け等の価額：52,722,300円） －（有価証券の買付け等の価額：51,830,900円） ＝891,400円 及び イ．当該違反行為に係る自己の計算による有価証券の買付け等の数量（58,900株）が、当該違反行為に係る自己の計算による有価証券の売付け等の数量（58,600株）を超えていることから、当該違反行為が終了してから１月を経過するまでの間の各日における当該違反行為に係る有価証券の売付け等についての金融商品取引法第６７条の１９又は第１３０条に規定する最高の価格のうち最も高い価格（925円）に当該超える数量300株（買付け等の数量58,900株－売付け等の数量58,600株）を乗じて得た額（ａ）から、当該超える数量に係る有価証券の買付け等の価額（ｂ）を控除した額 （a：277,500円）－（b：274,300円） ＝3,200円 の合計額894,600円となる。 (2) 金融商品取引法第１７６条第２項の規定により、上記（1）で計算した額の１万円未満の端数を切捨て、890,000円となる。 ４．上記２．及び３．により算定した額の合計 ２．の額1,770,000円　＋　３．の額890,000円 ＝2,660,000円となる。 ※　違反行為に係る売付け等の価額及び買付け等の価額の詳細については、 別表３ を参照。 別表３（PDF）",0
2024-12-10,2021/05/31-2023/01/13,株式会社きょくとう,2300,株式会社きょくとうにおける価証券報告書等の虚偽記載に係る課徴金納付命令勧告について,https://www.fsa.go.jp/sesc/news/c_2024/2024/20241210-1.html,"English version 令和６年12月10日 証券取引等監視委員会 株式会社きょくとうにおける有価証券報告書等の虚偽記載に係る課徴金納付命令勧告について １．勧告の内容 証券取引等監視委員会は、株式会社きょくとう（法人番号7290001012793）（以下「当社」という。）における金融商品取引法に基づく開示規制の違反について検査した結果、以下のとおり法令違反の事実が認められたので、本日、内閣総理大臣及び金融庁長官に対して、金融庁設置法第20条第１項の規定に基づき、課徴金納付命令を発出するよう勧告を行った。 ２．法令違反の事実関係 当社は、営業外収益の過大計上の不適正な会計処理を行った。 ※不適正な会計処理の概要については、 別図 のとおり。 この結果、当社は、福岡財務支局長に対し、金融商品取引法第172条の４第１項及び令和５年法律第79号による改正前の金融商品取引法（以下「旧金融商品取引法」という。）第172条の４第２項に規定する「重要な事項につき虚偽の記載」がある以下の有価証券報告書及び四半期報告書を提出した（「重要な事項につき虚偽の記載」の内容は別紙１の表の番号１から番号４のとおり）。 ・令和３年２月期有価証券報告書（令和３年５月31日提出） ・令和３年11月第３四半期四半期報告書（令和４年１月14日提出） ・令和４年２月期有価証券報告書（令和４年５月31日提出） ・令和４年11月第３四半期四半期報告書（令和５年１月13日提出） ３．課徴金の額の計算 上記の違法行為について金融商品取引法に基づき算定される課徴金の額は、1500万円である（計算方法については別紙２のとおり）。 【別紙１】有価証券報告書等の虚偽記載内容 番 号 対象書類 虚偽記載 提出日 書類 会計期間 記載項目 主な内容（注） 主な事由 １ 令和３年 ５月31日 第42期（令和２年３月１日～令和３年２月28日）に係る有価証券報告書 令和２年３月１日～令和３年２月28日の事業年度 損益計算書 当期純利益が ▲869,123千円であるところを ▲756,563千円と記載 営業外収益の過大計上 ２ 令和４年 １月14日 第43期第３四半期（令和３年９月１日～同年11月30日）に係る四半期報告書 令和３年３月１日～同年11月30日の第３四半期累計期間 四半期 損益計算書 四半期純利益が ▲136,857千円であるところを 6,316千円と記載 営業外収益の過大計上 ３ 令和４年 ５月31日 第43期（令和３年３月１日～令和４年２月28日）に係る有価証券報告書 令和３年３月１日～令和４年２月28日の事業年度 損益計算書 当期純利益が ▲784,151千円であるところを ▲614,992千円と記載 営業外収益の過大計上 ４ 令和５年 １月13日 第44期第３四半期（令和４年９月１日～同年11月30日）に係る四半期報告書 令和４年３月１日～同年11月30日の第３四半期累計期間 四半期 損益計算書 四半期純利益が 108,696千円であるところを 188,902千円と記載 営業外収益の過大計上 （注）金額は千円未満切捨てである。 【別紙２】課徴金の計算方法 （１）　金融商品取引法第172条の４第１項の規定により、令和３年２月期有価証券報告書について算出した額は、当社が発行する算定基準有価証券の市場価額の総額に10万分の６を乗じて得た額165,881円が、6,000,000円を超えないことから、6,000,000円となる。 （２）　金融商品取引法第172条の４第１項及び旧金融商品取引法第172条の４第２項の規定により、令和３年11月第３四半期四半期報告書及び令和４年２月期有価証券報告書ごとに算出した額（以下（２）において「個別決定ごとの算出額」という。）は、 ①　当社が発行する算定基準有価証券の市場価額の総額に10万分の６を乗じて得た額 ・令和３年11月第３四半期四半期報告書に係る額  　　　　165,373円 ・令和４年２月期有価証券報告書に係る額　　　　　　　　165,285円 が、いずれも ②　6,000,000円 を超えないことから、 ・令和３年11月第３四半期四半期報告書については、6,000,000円の２分の１に相当する額である3,000,000円 ・令和４年２月期有価証券報告書については、6,000,000円 となる。 ここで、これらの開示書類が同一の事業年度に係るものであることから、旧金融商品取引法第185条の７第６項の規定により、6,000,000円を個別決定ごとの算出額に応じて按分した下記の金額が、これらの開示書類に係る課徴金の額となる。 ・令和３年11月第３四半期四半期報告書に係る課徴金の額は、2,000,000円 ・令和４年２月期有価証券報告書に係る課徴金の額は、4,000,000円 となる。 （３）　旧金融商品取引法第172条の４第２項の規定により、令和４年11月第３四半期四半期報告書について算出した額は、当社が発行する算定基準有価証券の市場価額の総額に10万分の６を乗じて得た額148,592円が、6,000,000円を超えないことから、6,000,000円の２分の１に相当する額である3,000,000円となる。 【別図】不適正な会計処理の概要 (クリックすると拡大されます。)",0
2024-12-03,2020/08/07-2023/02/14,株式会社ヤマウラ,1780,株式会社ヤマウラにおける有価証券報告書等の虚偽記載に係る課徴金納付命令勧告について,https://www.fsa.go.jp/sesc/news/c_2024/2024/20241203-1.html,"English version 令和６年12月３日 証券取引等監視委員会 株式会社ヤマウラにおける有価証券報告書等の虚偽記載に係る課徴金納付命令勧告について １．勧告の内容 証券取引等監視委員会は、株式会社ヤマウラ（法人番号6100001021418）（以下「当社」という。）における金融商品取引法に基づく開示規制の違反について検査した結果、以下のとおり法令違反の事実が認められたので、本日、内閣総理大臣及び金融庁長官に対して、金融庁設置法第20条第１項の規定に基づき、課徴金納付命令を発出するよう勧告を行った。 ２．法令違反の事実関係 当社の連結子会社は、長期未収入金に係る貸倒引当金繰入額の不計上等の不適正な会計処理を行った。 ※主な不適正な会計処理の概要については、 別図 のとおり。 この結果、当社は、関東財務局長に対し、金融商品取引法第172条の４第１項及び令和５年法律第79号による改正前の金融商品取引法（以下「旧金融商品取引法」という。）第172条の４第２項に規定する「重要な事項につき虚偽の記載」がある以下の有価証券報告書及び四半期報告書を提出した（「重要な事項につき虚偽の記載」の内容は別紙１の表の番号１から番号７までのとおり）。 ・令和２年６月第１四半期四半期報告書（令和２年８月７日提出） ・令和２年12月第３四半期四半期報告書（令和３年２月12日提出） ・令和３年３月期有価証券報告書（令和３年６月28日提出） ・令和３年12月第３四半期四半期報告書（令和４年２月14日提出） ・令和４年３月期有価証券報告書（令和４年６月27日提出） ・令和４年６月第１四半期四半期報告書（令和４年８月10日提出） ・令和４年12月第３四半期四半期報告書（令和５年２月14日提出） ３．課徴金の額の計算 上記の違法行為について金融商品取引法に基づき算定される課徴金の額は、1800万円である（計算方法については別紙２のとおり）。 【別紙１】有価証券報告書等の虚偽記載内容 番 号 対象書類 虚偽記載 提出日 書類 会計期間 記載項目 主な内容（注） 主な事由 １ 令和２年 ８月７日 第62期第１四半期（令和２年４月１日～同年６月30日）に係る四半期報告書 令和２年４月１日～同年６月30日の第１四半期連結累計期間 四半期連結損益計算書 親会社株主に帰属する 四半期純利益が ▲25,282千円であるところを 63,155千円と記載 長期未収入金に係る貸倒引当金繰入額の不計上 ２ 令和３年 ２月12日 第62期第３四半期（令和２年10月１日～同年12月31日）に係る四半期報告書 令和２年４月１日～同年12月31日の第３四半期連結累計期間 四半期連結損益計算書 親会社株主に帰属する 四半期純利益が 701,482千円であるところを 1,154,893千円と記載 長期未収入金に係る貸倒引当金繰入額の不計上 ３ 令和３年 ６月28日 第62期（令和２年４月１日～令和３年３月31日）に係る有価証券報告書 令和２年４月１日～令和３年３月31日の連結会計年度 連結 損益計算書 親会社株主に帰属する 当期純利益が 579,767千円であるところを 1,142,428千円と記載 長期未収入金に係る貸倒引当金繰入額の不計上 ４ 令和４年 ２月14日 第63期第３四半期（令和３年10月１日～同年12月31日）に係る四半期報告書 令和３年４月１日～同年12月31日の第３四半期連結累計期間 四半期連結損益計算書 親会社株主に帰属する 四半期純利益が 699,162千円であるところを 1,328,799千円と記載 長期未収入金に係る貸倒引当金繰入額の不計上 ５ 令和４年 ６月27日 第63期（令和３年４月１日～令和４年３月31日）に係る有価証券報告書 令和３年４月１日～令和４年３月31日の連結会計年度 連結 損益計算書 親会社株主に帰属する 当期純利益が 775,313千円であるところを 1,495,043千円と記載 長期未収入金に係る貸倒引当金繰入額の不計上 ６ 令和４年 ８月10日 第64期第１四半期（令和４年４月１日～同年６月30日）に係る四半期報告書 令和４年４月１日～同年６月30日の第１四半期連結累計期間 四半期連結損益計算書 親会社株主に帰属する 四半期純利益が ▲23,169千円であるところを 232,799千円と記載 長期未収入金に係る貸倒引当金繰入額の不計上 ７ 令和５年 ２月14日 第64期第３四半期（令和４年10月１日～同年12月31日）に係る四半期報告書 令和４年４月１日～同年12月31日の第３四半期連結累計期間 四半期連結損益計算書 親会社株主に帰属する 四半期純利益が 876,208千円であるところを 1,602,429千円と記載 長期未収入金に係る貸倒引当金繰入額の不計上 （注）金額は千円未満切捨てである。 【別紙２】課徴金の計算方法 （１）　金融商品取引法第172条の４第１項及び旧金融商品取引法第172条の４第２項の規定により、令和２年６月第１四半期四半期報告書、令和２年12月第３四半期四半期報告書及び令和３年３月期有価証券報告書ごとに算出した額（以下（１）において「個別決定ごとの算出額」という。）は、 ア　当社が発行する算定基準有価証券の市場価額の総額に10万分の６を乗じて得た額 ・令和２年６月第１四半期四半期報告書に係る額　　　　  983,306円 ・令和２年12月第３四半期四半期報告書に係る額 　　　1,157,444円 ・令和３年３月期有価証券報告書に係る額　　　　　　  1,100,438円 が、いずれも イ　6,000,000円 を超えないことから、 ・令和２年６月第１四半期四半期報告書については、6,000,000円の２分の１に相当する額である3,000,000円 ・令和２年12月第３四半期四半期報告書については、6,000,000円の２分の１に相当する額である3,000,000円 ・令和３年３月期有価証券報告書については、6,000,000円 となる。 ここで、これらの開示書類が同一の事業年度に係るものであることから、旧金融商品取引法第185条の７第６項の規定により、6,000,000円を個別決定ごとの算出額に応じて按分した下記の金額が、これらの開示書類に係る課徴金の額となる。 ・令和２年６月第１四半期四半期報告書に係る課徴金の額は、1,500,000円 ・令和２年12月第３四半期四半期報告書に係る課徴金の額は、1,500,000円 ・令和３年３月期有価証券報告書に係る課徴金の額は、3,000,000円 となる。 （２）　金融商品取引法第172条の４第１項及び旧金融商品取引法第172条の４第２項の規定により、令和３年12月第３四半期四半期報告書及び令和４年３月期有価証券報告書ごとに算出した額（以下（２）において「個別決定ごとの算出額」という。）は、 ア　当社が発行する算定基準有価証券の市場価額の総額に10万分の６を乗じて得た額 ・令和３年12月第３四半期四半期報告書に係る額  1,186,515円 ・令和４年３月期有価証券報告書に係る額　　　　1,189,121円 が、いずれも イ　6,000,000円 を超えないことから、 ・令和３年12月第３四半期四半期報告書については、6,000,000円の２分の１に相当する額である3,000,000円 ・令和４年３月期有価証券報告書については、6,000,000円 となる。 ここで、これらの開示書類が同一の事業年度に係るものであることから、旧金融商品取引法第185条の７第６項の規定により、6,000,000円を個別決定ごとの算出額に応じて按分した下記の金額が、これらの開示書類に係る課徴金の額となる。 ・令和３年12月第３四半期四半期報告書に係る課徴金の額は、2,000,000円 ・令和４年３月期有価証券報告書に係る課徴金の額は、4,000,000円 となる。 （３）　旧金融商品取引法第172条の４第２項の規定により、令和４年６月第１四半期四半期報告書及び令和４年12月第３四半期四半期報告書ごとに算出した額は、 ア　当社が発行する算定基準有価証券の市場価額の総額に10万分の６を乗じて得た額 ・令和４年６月第１四半期四半期報告書に係る額　1,181,462円 ・令和４年12月第３四半期四半期報告書に係る額  1,250,458円 が、いずれも イ　6,000,000円 を超えないことから、 ・令和４年６月第１四半期四半期報告書については、6,000,000円の２分の１に相当する額である3,000,000円 ・令和４年12月第３四半期四半期報告書については、6,000,000円の２分の１に相当する額である3,000,000円 となる。 【別図】主な不適正な会計処理の概要 (クリックすると拡大されます。)",0
2024-06-25,2019/07/16-2020/06/15,THE WHY HOW DO COMPANY株式会社,3823,THE WHY HOW DO COMPANY株式会社における有価証券報告書等の虚偽記載に係る課徴金納付命令及び訂正報告書等の提出命令勧告について,https://www.fsa.go.jp/sesc/news/c_2024/2024/20240625-1.html,"English version 令和６年６月25日 証券取引等監視委員会 THE WHY HOW DO COMPANY株式会社における有価証券報告書等の虚偽記載に係る課徴金納付命令及び訂正報告書等の提出命令勧告について １．勧告の内容 証券取引等監視委員会は、THE WHY HOW DO COMPANY株式会社（法人番号7013201013779）（以下「当社」という。）における金融商品取引法に基づく開示規制の違反について検査した結果、以下のとおり法令違反の事実が認められたので、本日、内閣総理大臣及び金融庁長官に対して、金融庁設置法第20条第１項の規定に基づき、ア 課徴金納付命令、イ 訂正報告書等の提出命令を発出するよう勧告を行った。 ２．法令違反の事実関係 当社は、ソフトウェア仮勘定の過大計上に伴う売上原価の過少計上の不適正な会計処理を行った。 ※不適正な会計処理の概要については、 別図 のとおり。 （１） 継続開示書類 当社は、関東財務局長に対し、 ア　金融商品取引法第172条の４第１項及び令和５年法律第79号による改正前の金融商品取引法（以下「旧金融商品取引法」という。）第172条の４第２項に規定する「重要な事項につき虚偽の記載」 イ　金融商品取引法第24条の２第１項において準用する同法第10条第１項に規定する「重要な事項について虚偽の記載」 がある以下の有価証券報告書及び四半期報告書を提出した（「重要な事項につき虚偽の記載」及び「重要な事項について虚偽の記載」の内容は別紙１の表の番号１及び番号２のとおり）。 ・令和元年５月第３四半期四半期報告書※ ・令和元年８月期有価証券報告書 ※公衆縦覧期間を経過している令和元年５月第３四半期に係る四半期報告書については、訂正報告書提出命令の勧告対象から除外。 （２）発行開示書類 当社は、関東財務局長に対し、令和２年５月28日、上記（１）アの重要な事項につき虚偽の記載がある令和元年８月期有価証券報告書を組込情報とする ア　金融商品取引法第172条の２第１項に規定する「重要な事項につき虚偽の記載」 イ　金融商品取引法第10条第１項に規定する「重要な事項について虚偽の記載」 がある有価証券届出書（株式及び新株予約権証券の募集）を提出し、当該有価証券届出書に基づく募集により、令和２年６月15日、800,000株の株式及び37,000個の新株予約権証券を862,858,000円（当該新株予約権の行使に際して払い込むべき金額を含む。）で取得させた（「重要な事項につき虚偽の記載」及び「重要な事項について虚偽の記載」の内容は別紙１の表の番号３のとおり）。 ３．課徴金の額の計算 上記の違法行為について金融商品取引法に基づき算定される課徴金の額は、4482万円である（計算方法については別紙２のとおり）。 【別紙１】有価証券報告書等の虚偽記載内容 番号 対象書類 虚偽記載 提出日 書類 会計期間 記載項目 主な内容（注） 主な事由 １ 令和元年 ７月16日 第15期第３四半期（平成31年３月１日～令和元年５月31日）に係る四半期報告書 平成30年９月１日～令和元年５月31日の第３四半期連結累計期間 四半期連結 損益計算書 営業利益が ▲141,819千円であるところを ▲84,906千円と記載 親会社株主に帰属する四半期純利益が ▲144,542千円であるところを ▲87,629千円と記載 ソフトウェア仮勘定の過大計上に伴う売上原価の過少計上 ２ 令和元年 11月27日 第15期(平成30年９月１日～令和元年８月31日）に係る有価証券報告書 平成30年９月１日～令和元年８月31日の連結会計期間 連結 損益計算書 営業利益が ▲173,759千円であるところを ▲103,062千円と記載 親会社株主に帰属する当期純利益が ▲348,873千円であるところを ▲278,176千円と記載 ソフトウェア仮勘定の過大計上に伴う売上原価の過少計上 ３ 令和２年 ５月28日 有価証券届出書 （株式及び新株予約権証券の募集） 「第四部 組込情報」 番号２に掲げる第15期に係る有価証券報告書を組込み 番号２を参照 （注）金額は千円未満切捨てである。 【別紙２】課徴金の計算方法 （１）　金融商品取引法第172条の４第１項及び旧金融商品取引法第172条の４第２項の規定により、令和元年５月第３四半期四半期報告書及び令和元年８月期有価証券報告書ごとに算出した額（以下（１）において「個別決定ごとの算出額」という。）は、 ア　当社が発行する算定基準有価証券の市場価額の総額に10万分の６を乗じて得た額 ・令和元年５月第３四半期四半期報告書に係る額　　　　　395,940円 ・令和元年８月期有価証券報告書に係る額 　　　　 　　　 369,892円 が、いずれも イ　6,000,000円 を超えないことから、 ・令和元年５月第３四半期四半期報告書については、6,000,000円の２分の１に相当する額である3,000,000円 ・令和元年８月期有価証券報告書については、6,000,000円 となる。 ここで、これらの開示書類が同一の事業年度に係るものであることから、旧金融商品取引法第185条の７第６項の規定により、6,000,000円を個別決定ごとの算出額に応じて按分した下記の金額が、これらの開示書類に係る課徴金の額となる。 ・令和元年５月第３四半期四半期報告書に係る課徴金の額は、2,000,000円 ・令和元年８月期有価証券報告書に係る課徴金の額は、4,000,000円 となる。 （２）　金融商品取引法第172条の２第１項第１号の規定により、令和２年５月28日提出の有価証券届出書（株式及び新株予約権証券の募集）に係る課徴金の額は、 重要な事項につき虚偽の記載がある発行開示書類に基づく募集により取得させた株式及び新株予約権証券の発行価額の総額（当該新株予約権の行使に際して払い込むべき金額を含む。）862,858,000円の100分の4.5に相当する額である38,828,610円 に、金融商品取引法第176条第２項の規定により１万円未満の端数を切り捨てて、 38,820,000円 となる。 【別図】不適正な会計処理の概要 （クリックすると拡大されます）",0
2024-03-22,2022/04/07-2022/07/07,株式会社大盛工業,1844,大盛工業株式に係る相場操縦に対する課徴金納付命令の勧告について,https://www.fsa.go.jp/sesc/news/c_2024/2024/20240322-1.html,English version 令和６年３月２２日 証券取引等監視委員会 大盛工業株式に係る相場操縦に対する課徴金納付命令の勧告について １．勧告の内容 証券取引等監視委員会は、大盛工業株式に係る相場操縦について検査した結果、下記のとおり法令違反の事実が認められたので、本日、内閣総理大臣及び金融庁長官に対して、金融庁設置法第２０条第１項の規定に基づき、課徴金納付命令を発出するよう勧告を行った。 ２．法令違反の事実関係 課徴金納付命令対象者は、株式会社大盛工業の株式につき、同株式の相場を安定させる目的をもって、 別表１ 記載のとおり、令和４年４月７日午後１時１７分頃から同年７月７日午後３時までの間、６２取引日にわたり、最良買い気配又はその下値に大量の買い注文を発注して買い板を厚くしたり、直前約定値又はその上値に自身の売り注文と買い注文を発注して対当させたり、直前約定値より上値に買い注文を発注して約定させて下落した株価を引き戻したりするなどの方法により株価の下落を阻止するなどし、同株式合計８９６万２９００株の買付けの委託を行うとともに、同株式合計９１万５６００株を買い付ける一方、同株式合計４８万６４００株を売り付け、もって、自己の計算において、同株式の相場を安定させる目的をもって、一連の売買及び委託をしたものである。 違反行為事実の概要については、 別図 のとおり。 課徴金納付命令対象者が行った上記の行為は、金融商品取引法第１７４条の３第１項に規定する「第１５９条第３項の規定に違反する一連の有価証券売買等」に該当すると認められる。 ３．課徴金の額の計算 上記の違反行為に対し金融商品取引法に基づき納付を命じられる課徴金の額は、２２８万円である。 計算方法の詳細については、 別紙 のとおり。 ※違反行為に係る売付け等の価額及び買付け等の価額の詳細については、 別表２ を参照。 ４．その他 本件については、日本取引所自主規制法人より提供された情報等を参考として、実態解明を行ったものである。 （クリックすると拡大されます） （クリックすると拡大されます） （クリックすると拡大されます）,0
2024-03-26,2019/05/15-2022/03/31,株式会社サカイホールディングス,9446,株式会社サカイホールディングスにおける有価証券報告書等の虚偽記載に係る課徴金納付命令勧告について,https://www.fsa.go.jp/sesc/news/c_2024/2024/20240326-1.html,"English version 令和６年３月26日 証券取引等監視委員会 株式会社サカイホールディングスにおける有価証券報告書等の虚偽記載に係る課徴金納付命令勧告について １．勧告の内容 証券取引等監視委員会は、株式会社サカイホールディングス（法人番号4180001034595）（以下「当社」という。）における金融商品取引法に基づく開示規制の違反について検査した結果、以下のとおり法令違反の事実が認められたので、本日、内閣総理大臣及び金融庁長官に対して、金融庁設置法第20条第１項の規定に基づき、課徴金納付命令を発出するよう勧告を行った。 ２．法令違反の事実関係 当社の連結子会社は、売上の前倒しによる売掛金の過大計上及び売上の架空計上の不適正な会計処理を行った。 ※主な不適正な会計処理の概要については、 別図 のとおり。 この結果、当社は、東海財務局長に対し、金融商品取引法第172条の４第１項及び第２項に規定する「重要な事項につき虚偽の記載」がある以下の有価証券報告書、四半期報告書、有価証券報告書の訂正報告書及び四半期報告書の訂正報告書を提出した（「重要な事項につき虚偽の記載」の内容は別紙１の表の番号１から番号17のとおり）。 ・平成30年12月第１四半期四半期報告書の訂正報告書（令和４年３月31日提出） ・平成31年３月第２四半期四半期報告書（令和元年５月15日提出） ・平成31年３月第２四半期四半期報告書の訂正報告書（令和４年３月31日提出） ・令和元年６月第３四半期四半期報告書（令和元年８月９日提出） ・令和元年６月第３四半期四半期報告書の訂正報告書（令和４年３月31日提出） ・令和元年９月期有価証券報告書（令和元年12月25日提出） ・令和元年９月期有価証券報告書の訂正報告書（令和４年３月31日提出） ・令和元年12月第１四半期四半期報告書（令和２年２月14日提出） ・令和元年12月第１四半期四半期報告書の訂正報告書（令和４年３月31日提出） ・令和２年３月第２四半期四半期報告書（令和２年５月15日提出） ・令和２年３月第２四半期四半期報告書の訂正報告書（令和４年３月31日提出） ・令和２年６月第３四半期四半期報告書（令和２年８月14日提出） ・令和２年９月期有価証券報告書（令和２年12月28日提出） ・令和２年12月第１四半期四半期報告書（令和３年２月15日提出） ・令和３年３月第２四半期四半期報告書（令和３年５月17日提出） ・令和３年６月第３四半期四半期報告書（令和３年８月12日提出） ・令和３年９月期有価証券報告書（令和３年12月24日提出） ３．課徴金の額の計算 上記の違法行為について金融商品取引法に基づき算定される課徴金の額は、3,000万円である（計算方法については別紙２のとおり）。 【別紙１】有価証券報告書等の虚偽記載内容 番号 対象書類 虚偽記載 提出日 書類 会計期間 記載項目 主な内容（注） 主な事由 １ 令和４年 ３月31日 第29期第１四半期（平成30年10月１日～同年12月31日）に係る四半期報告書の訂正報告書 平成30年10月１日～同年12月31日の第１四半期連結会計期間 四半期連結 貸借対照表 連結純資産額が 1,914,421千円であるところを 2,508,361千円と記載 売上の前倒しによる売掛金の過大計上 ２ 令和元年５月15日 第29期第２四半期（平成31年１月１日～同年３月31日）に係る四半期報告書 平成31年１月１日～同年３月31日の第２四半期連結会計期間 四半期連結 貸借対照表 連結純資産額が 2,057,229千円であるところを 3,191,748千円と記載 売上の前倒しによる売掛金の過大計上及び当四半期前の売上の架空計上 ３ 令和４年 ３月31日 第29期第２四半期（平成31年１月１日～同年３月31日）に係る四半期報告書の訂正報告書 平成31年１月１日～同年３月31日の第２四半期連結会計期間 四半期連結 貸借対照表 連結純資産額が 2,057,229千円であるところを 2,631,156千円と記載 売上の前倒しによる売掛金の過大計上 ４ 令和元年８月９日 第29期第３四半期（平成31年４月１日～令和元年６月30日）に係る四半期報告書 平成31年４月１日～令和元年６月30日の第３四半期連結会計期間 四半期連結 貸借対照表 連結純資産額が 1,972,257千円であるところを 3,139,532千円と記載 売上の前倒しによる売掛金の過大計上及び当四半期前の売上の架空計上 ５ 令和４年 ３月31日 第29期第３四半期（平成31年４月１日～令和元年６月30日）に係る四半期報告書の訂正報告書 平成31年４月１日～令和元年６月30日の第３四半期連結会計期間 四半期連結 貸借対照表 連結純資産額が 1,972,257千円であるところを 2,532,709千円と記載 売上の前倒しによる売掛金の過大計上 ６ 令和元年12月25日 第29期（平成30年10月１日～令和元年９月30日）に係る有価証券報告書 平成30年10月１日～令和元年９月30日の連結会計期間 連結 損益計算書 親会社株主に帰属する当期純利益が 199,172千円であるところを 367,924千円と記載 売上の前倒しによる売掛金の過大計上及び売上の架空計上 連結 貸借対照表 連結純資産額が 2,018,147千円である ところを 3,282,737千円と記載 ７ 令和４年 ３月31日 第29期（平成30年10月１日～令和元年９月30日）に係る有価証券報告書の訂正報告書 平成30年10月１日～令和元年９月30日の連結会計期間 連結 貸借対照表 連結純資産額が 2,018,147千円である ところを 2,605,340千円と記載 売上の前倒しによる売掛金の過大計上 ８ 令和２年２月14日 第30期第１四半期（令和元年10月１日～同年12月31日）に係る四半期報告書 令和元年10月１日～同年12月31日の第１四半期連結会計期間 四半期連結 貸借対照表 連結純資産額が 2,014,838千円であるところを 3,220,405千円と記載 売上の前倒しによる売掛金の過大計上及び当四半期前の売上の架空計上 ９ 令和４年 ３月31日 第30期第１四半期（令和元年10月１日～同年12月31日）に係る四半期報告書の訂正報告書 令和元年10月１日～同年12月31日の第１四半期連結会計期間 四半期連結 貸借対照表 連結純資産額が 2,014,838千円であるところを 2,596,075千円と記載 売上の前倒しによる売掛金の過大計上 10 令和２年５月15日 第30期第２四半期（令和２年１月１日～同年３月31日）に係る四半期報告書 令和２年１月１日～同年３月31日の第２四半期連結会計期間 四半期連結 貸借対照表 連結純資産額が 2,020,331千円であるところを 3,201,683千円と記載 売上の前倒しによる売掛金の過大計上及び当四半期前の売上の架空計上 11 令和４年 ３月31日 第30期第２四半期（令和２年１月１日～同年３月31日）に係る四半期報告書の訂正報告書 令和２年１月１日～同年３月31日の第２四半期連結会計期間 四半期連結 貸借対照表 連結純資産額が 2,020,331千円であるところを 2,577,922千円と記載 売上の前倒しによる売掛金の過大計上 12 令和２年８月14日 第30期第３四半期（令和２年４月１日～同年６月30日）に係る四半期報告書 令和２年４月１日～同年６月30日の第３四半期連結会計期間 四半期連結 貸借対照表 連結純資産額が 2,194,958千円であるところを 3,318,763千円と記載 売上の前倒しによる売掛金の過大計上及び当四半期前の売上の架空計上 13 令和２年12月28日 第30期（令和元年10月１日～令和２年９月30日）に係る有価証券報告書 令和元年10月１日～令和２年９月30日の連結会計期間 連結 貸借対照表 連結純資産額が 2,546,476千円である ところを 3,748,893千円と記載 売上の前倒しによる売掛金の過大計上及び当期前の売上の架空計上 14 令和３年２月15日 第31期第１四半期（令和２年10月１日～同年12月31日）に係る四半期報告書 令和２年10月１日～同年12月31日の第１四半期連結会計期間 四半期連結 貸借対照表 連結純資産額が 2,536,679千円であるところを 3,774,652千円と記載 売上の前倒しによる売掛金の過大計上及び当四半期前の売上の架空計上 15 令和３年５月17日 第31期第２四半期（令和３年１月１日～同年３月31日）に係る四半期報告書 令和３年１月１日～同年３月31日の第２四半期連結会計期間 四半期連結 貸借対照表 連結純資産額が 2,905,974千円であるところを 4,100,733千円と記載 売上の前倒しによる売掛金の過大計上及び当四半期前の売上の架空計上 16 令和３年８月12日 第31期第３四半期（令和３年４月１日～同年６月30日）に係る四半期報告書 令和３年４月１日～同年６月30日の第３四半期連結会計期間 四半期連結 貸借対照表 連結純資産額が 3,034,207千円であるところを 4,236,677千円と記載 売上の前倒しによる売掛金の過大計上及び当四半期前の売上の架空計上 17 令和３年12月24日 第31期（令和２年10月１日～令和３年９月30日）に係る有価証券報告書 令和２年10月１日～令和３年９月30日の連結会計期間 連結 貸借対照表 連結純資産額が 3,228,406千円である ところを 4,390,901千円と記載 売上の前倒しによる売掛金の過大計上及び当期前の売上の架空計上 （注）金額は千円未満切捨てである。 【別紙２】課徴金の計算方法 （１）　金融商品取引法第172条の４第１項及び第２項の規定により、平成31年３月第２四半期四半期報告書、令和元年６月第３四半期四半期報告書及び令和元年９月期有価証券報告書ごとに算出した額（以下（１）において「個別決定ごとの算出額」という。）は、 ア　当社が発行する算定基準有価証券の市場価額の総額に10万分の６を乗じて得た額 ・平成31年３月第２四半期四半期報告書に係る額　　　   　 　642,843円 ・令和元年６月第３四半期四半期報告書に係る額　　　  　   　588,387円 ・令和元年９月期有価証券報告書に係る額　　　  　　　　　   626,473円 が、いずれも イ　6,000,000円 を超えないことから、 ・平成31年３月第２四半期四半期報告書については、6,000,000円の２分の１に相当する額である3,000,000円 ・令和元年６月第３四半期四半期報告書については、6,000,000円の２分の１に相当する額である3,000,000円 ・令和元年９月期有価証券報告書については、6,000,000円 となる。 ここで、これらの開示書類が同一の事業年度に係るものであることから、金融商品取引法第185条の７第６項の規定により、6,000,000円を個別決定ごとの算出額に応じて按分した下記の金額が、これらの開示書類に係る課徴金の額となる。 ・平成31年３月第２四半期四半期報告書に係る課徴金の額は、1,500,000円 ・令和元年６月第３四半期四半期報告書に係る課徴金の額は、1,500,000円 ・令和元年９月期有価証券報告書に係る課徴金の額は、3,000,000円 となる。 （２）　金融商品取引法第172条の４第１項及び第２項の規定により、平成30年12月第１四半期四半期報告書の訂正報告書、平成31年３月第２四半期四半期報告書の訂正報告書、令和元年６月第３四半期四半期報告書の訂正報告書及び令和元年９月期有価証券報告書の訂正報告書ごとに算出した額（以下（２）において「個別決定ごとの算出額」という。）は、 ア　当社が発行する算定基準有価証券の市場価額の総額に10万分の６を乗じて得た額 ・平成30年12月第１四半期四半期報告書の訂正報告書に係る額  726,497円 ・平成31年３月第２四半期四半期報告書の訂正報告書に係る額  642,843円 ・令和元年６月第３四半期四半期報告書の訂正報告書に係る額   588,387円 ・令和元年９月期有価証券報告書の訂正報告書に係る額            626,473円 が、いずれも イ　6,000,000円 を超えないことから、 ・平成30年12月第１四半期四半期報告書の訂正報告書については、6,000,000円の２分の１に相当する額である3,000,000円 ・平成31年３月第２四半期四半期報告書の訂正報告書については、6,000,000円の２分の１に相当する額である3,000,000円 ・令和元年６月第３四半期四半期報告書の訂正報告書については、6,000,000円の２分の１に相当する額である3,000,000円 ・令和元年９月期有価証券報告書の訂正報告書については、6,000,000円 となる。 ここで、これらの開示書類が同一の事業年度に係るものであることから、金融商品取引法第185条の７第６項の規定により、6,000,000円を個別決定ごとの算出額に応じて按分した下記の金額が、これらの開示書類に係る課徴金の額となる。 ・平成30年12月第１四半期四半期報告書の訂正報告書に係る課徴金の額は、 1,200,000円 ・平成31年３月第２四半期四半期報告書の訂正報告書に係る課徴金の額は、 1,200,000円 ・令和元年６月第３四半期四半期報告書の訂正報告書に係る課徴金の額は、 1,200,000円 ・令和元年９月期有価証券報告書の訂正報告書に係る課徴金の額は、 2,400,000円 となる。 （３）　金融商品取引法第172条の４第１項及び第２項の規定により、令和元年12月第１四半期四半期報告書、令和２年３月第２四半期四半期報告書、令和２年６月第３四半期四半期報告書及び令和２年９月期有価証券報告書ごとに算出した額（以下（３)において「個別決定ごとの算出額」という。）は、 ア　当社が発行する算定基準有価証券の市場価額の総額に10万分の６を乗じて得た額 ・令和元年12月第１四半期四半期報告書に係る額　          　438,709円 ・令和２年３月第２四半期四半期報告書に係る額　　           396,482円 ・令和２年６月第３四半期四半期報告書に係る額　　           321,388円 ・令和２年９月期有価証券報告書に係る額　　　 　             386,810円 が、いずれも イ　6,000,000円 を超えないことから、 ・令和元年12月第１四半期四半期報告書については、6,000,000円の２分の１に相当する額である3,000,000円 ・令和２年３月第２四半期四半期報告書については、6,000,000円の２分の１に相当する額である3,000,000円 ・令和２年６月第３四半期四半期報告書については、6,000,000円の２分の１に相当する額である3,000,000円 ・令和２年９月期有価証券報告書については、6,000,000円 となる。 ここで、これらの開示書類が同一の事業年度に係るものであることから、金融商品取引法第185条の７第６項の規定により、6,000,000円を個別決定ごとの算出額に応じて按分した下記の金額が、これらの開示書類に係る課徴金の額となる。 ・令和元年12月第１四半期四半期報告書に係る課徴金の額は、1,200,000円 ・令和２年３月第２四半期四半期報告書に係る課徴金の額は、1,200,000円 ・令和２年６月第３四半期四半期報告書に係る課徴金の額は、1,200,000円 ・令和２年９月期有価証券報告書に係る課徴金の額は、2,400,000円 となる。 （４）　金融商品取引法第172条の４第２項の規定により、令和元年12月第１四半期四半期報告書の訂正報告書及び令和２年３月第２四半期四半期報告書の訂正報告書ごとに算出した額は、 ア　当社が発行する算定基準有価証券の市場価額の総額に10万分の６を乗じて得た額 ・令和元年12月第１四半期四半期報告書の訂正報告書に係る額  438,709円 ・令和２年３月第２四半期四半期報告書の訂正報告書に係る額　 396,482円 が、いずれも イ　6,000,000円 を超えないことから、 ・令和元年12月第１四半期四半期報告書の訂正報告書については、6,000,000円の２分の１に相当する額である3,000,000円 ・令和２年３月第２四半期四半期報告書の訂正報告書については、6,000,000円の２分の１に相当する額である3,000,000円 となる。 （５）　金融商品取引法第172条の４第１項及び第２項の規定により、令和２年12月第１四半期四半期報告書、令和３年３月第２四半期四半期報告書、令和３年６月第３四半期四半期報告書及び令和３年９月期有価証券報告書ごとに算出した額（以下（５）において「個別決定ごとの算出額」という。）は、 ア　当社が発行する算定基準有価証券の市場価額の総額に10万分の６を乗じて得た額 ・令和２年12月第１四半期四半期報告書に係る額　　　        383,988円 ・令和３年３月第２四半期四半期報告書に係る額　 　　        393,338円 ・令和３年６月第３四半期四半期報告書に係る額　　　         424,864円 ・令和３年９月期有価証券報告書に係る額　       　          　 424,504円 が、いずれも イ　6,000,000円 を超えないことから、 ・令和２年12月第１四半期四半期報告書については、6,000,000円の２分の１に相当する額である3,000,000円 ・令和３年３月第２四半期四半期報告書については、6,000,000円の２分の１に相当する額である3,000,000円 ・令和３年６月第３四半期四半期報告書については、6,000,000円の２分の１に相当する額である3,000,000円 ・令和３年９月期有価証券報告書については、6,000,000円 となる。 ここで、これらの開示書類が同一の事業年度に係るものであることから、金融商品取引法第185条の７第６項の規定により、6,000,000円を個別決定ごとの算出額に応じて按分した下記の金額が、これらの開示書類に係る課徴金の額となる。 ・令和２年12月第１四半期四半期報告書に係る課徴金の額は、1,200,000円 ・令和３年３月第２四半期四半期報告書に係る課徴金の額は、1,200,000円 ・令和３年６月第３四半期四半期報告書に係る課徴金の額は、1,200,000円 ・令和３年９月期有価証券報告書に係る課徴金の額は、2,400,000円 となる。 【別図】主な不適正な会計処理の概要 （クリックすると拡大されます）",0
2025-12-05,2022/08/12-2024/05/15,株式会社フィスコ,3807,株式会社フィスコにおける有価証券報告書等の虚偽記載に係る課徴金納付命令勧告について,https://www.fsa.go.jp/sesc/news/c_2025/2025/20251205-2.html,"令和７年12月５日 証券取引等監視委員会 株式会社フィスコにおける有価証券報告書等の虚偽記載に係る課徴金納付命令勧告について １．勧告の内容 証券取引等監視委員会は、株式会社フィスコ（法人番号5120101048252）（以下「当社」という。）における金融商品取引法に基づく開示規制の違反について検査した結果、以下のとおり法令違反の事実が認められたので、本日、内閣総理大臣及び金融庁長官に対して、金融庁設置法第20条第１項の規定に基づき、課徴金納付命令を発出するよう勧告を行った。 ２．法令違反の事実関係 当社は、暗号資産評価損の過少計上の他、当社の連結子会社と共に、暗号資産評価損の不計上の不適正な会計処理を行った。 ※主な不適正な会計処理の概要については、 別図 のとおり。 この結果、当社は、近畿財務局長に対し、金融商品取引法第172条の４第１項及び令和５年法律第79号による改正前の金融商品取引法（以下「旧金融商品取引法」という。）第172条の４第２項に規定する「重要な事項につき虚偽の記載」がある以下の有価証券報告書及び四半期報告書を提出した（「重要な事項につき虚偽の記載」の内容は別紙１の表の番号１から番号５のとおり）。 ・令和４年６月第２四半期四半期報告書（令和４年８月12日提出） ・令和４年９月第３四半期四半期報告書（令和４年11月14日提出） ・令和４年12月期有価証券報告書（令和５年３月30日提出） ・令和５年12月期有価証券報告書（令和６年３月28日提出） ・令和６年３月第１四半期四半期報告書（令和６年５月15日提出） ３．課徴金の額の計算 上記の違法行為について金融商品取引法に基づき算定される課徴金の額は、1500万円である（計算方法 については別紙２のとおり）。 【別紙１】有価証券報告書等の虚偽記載の内容 （クリックすると拡大されます） 【別紙２】課徴金の計算方法 （１）　金融商品取引法第172条の４第１項及び旧金融商品取引法第172条の４第２項の規定により、 令和４年６月第２四半期四半期報告書、令和４年９月第３四半期四半期報告書及び令和４年12月期 有価証券報告書ごとに算出した額（以下（１）において「個別決定ごとの算出額」という。）は、 ア　当社が発行する算定基準有価証券の市場価額の総額に10万分の６を乗じて得た額 ・令和４年６月第２四半期四半期報告書に係る額　　　455,740円 ・令和４年９月第３四半期四半期報告書に係る額　　　438,348円 ・令和４年12月期有価証券報告書に係る額     　　　　442,630円 が、いずれも イ　6,000,000円 を超えないことから、 ・令和４年６月第２四半期報告書については、6,000,000円の２分の１に相当する額である 3,000,000円 ・令和４年９月第３四半期報告書については、6,000,000円の２分の１に相当する額である 3,000,000円 ・令和４年12月期有価証券報告書については、6,000,000円 となる。 ここで、これらの開示書類が同一の事業年度に係るものであることから、旧金融商品取引法第185 条の７第６項の規定により、6,000,000円を個別決定ごとの算出額に応じて按分した下記の金額が、 これらの開示書類に係る課徴金の額となる。 ・令和４年６月第２四半期四半期報告書に係る課徴金の額は1,500,000円 ・令和４年９月第３四半期四半期報告書に係る課徴金の額は1,500,000円 ・令和４年12月期有価証券報告書に係る課徴金の額は3,000,000円 となる。 （２）　金融商品取引法第172条の４第１項の規定により、令和５年12月期有価証券報告書について算出し た課徴金の額は、当社が発行する算定基準有価証券の市場価額の総額に10万分の６を乗じて得た額 324,202円が、6,000,000円を超えないことから、6,000,000円となる。 （３）　旧金融商品取引法第172条の４第２項の規定により、令和６年３月第１四半期四半期報告書につい て算出した課徴金の額は、当社が発行する算定基準有価証券の市場価額の総額に10万分の６を乗じて 得た額270,088円が、6,000,000円を超えないことから、6,000,000円の２分の１に相当する額であ る3,000,000円となる。 【別図】主な不適正な会計処理の概要 （クリックすると拡大されます）",0
2025-12-05,2022/09/14-2024/03/14,株式会社クシム,2345,株式会社クシムにおける有価証券報告書等の虚偽記載に係る課徴金納付命令勧告について,https://www.fsa.go.jp/sesc/news/c_2025/2025/20251205-1.html,"令和７年12月５日 証券取引等監視委員会 株式会社クシムにおける有価証券報告書等の虚偽記載に係る課徴金納付命令勧告について １．勧告の内容 証券取引等監視委員会は、株式会社クシム（法人番号9010001041967）（以下「当社」という。）における金融商品取引法に基づく開示規制の違反について検査した結果、以下のとおり法令違反の事実が認められたので、本日、内閣総理大臣及び金融庁長官に対して、金融庁設置法第20条第１項の規定に基づき、課徴金納付命令を発出するよう勧告を行った。 ２．法令違反の事実関係 当社は、関係会社株式売却益の過大計上及びのれんの減損損失の不計上の他、当社の連結子会社と共に、投資有価証券評価損の不計上及び暗号資産評価損の過少計上の不適正な会計処理を行った。 ※主な不適正な会計処理の概要については、 補足資料 のとおり。 この結果、当社は、関東財務局長に対し、金融商品取引法第172条の４第１項及び令和５年法律第79号による改正前の金融商品取引法（以下「旧金融商品取引法」という。）第172条の４第２項に規定する「重要な事項につき虚偽の記載」がある以下の有価証券報告書及び四半期報告書を提出した（「重要な事項につき虚偽の記載」の内容は別紙１の表の番号１から番号３のとおり）。 ・令和４年７月第３四半期四半期報告書（令和４年９月14日提出） ・令和５年10月期有価証券報告書（令和６年１月26日提出） ・令和６年１月第１四半期四半期報告書（令和６年３月14日提出） ３．課徴金の額の計算 上記の違法行為について金融商品取引法に基づき算定される課徴金の額は、1200万円である（計算方法 については別紙２のとおり）。 【別紙１】有価証券報告書等の虚偽記載の内容 （クリックすると拡大されます） 【別紙２】課徴金の計算方法 （１）　旧金融商品取引法第172条の４第２項の規定により、令和４年７月第３四半期四半期報告書につい て算出した課徴金の額は、当社が発行する算定基準有価証券の市場価額の総額に10万分の６を乗じ て得た額437,059円が、6,000,000円を超えないことから、6,000,000円の２分の１に相当する額 である3,000,000円となる。 （２）　金融商品取引法第172条の４第１項の規定により、令和５年10月期有価証券報告書について算出し た課徴金の額は、当社が発行する算定基準有価証券の市場価額の総額に10万分の６を乗じて得た額 346,803円が、6,000,000円を超えないことから、6,000,000円となる。 （３）　旧金融商品取引法第172条の４第２項の規定により、令和６年１月第１四半期四半期報告書につい て算出した課徴金の額は、当社が発行する算定基準有価証券の市場価額の総額に10万分の６を乗じ て得た額251,186円が、6,000,000円を超えないことから、6,000,000円の２分の１に相当する額 である3,000,000円となる。 【補足資料】主な不適正な会計処理の概要 （クリックすると拡大されます）",0
2025-10-17,2025/10/17,株式会社オカムラ食品工業,2938,オカムラ食品工業株式ほか５銘柄に係る特殊見せ玉を用いた偽計に対する課徴金納付命令の勧告について,https://www.fsa.go.jp/sesc/news/c_2025/2025/20251017-1.html,English version 令和７年10月17日 証券取引等監視委員会 オカムラ食品工業株式ほか５銘柄に係る特殊見せ玉を用いた偽計に対する課徴金納付命令の勧告について １．勧告の内容 証券取引等監視委員会は、オカムラ食品工業株式ほか５銘柄に係る特殊見せ玉を用いた偽計について検査した結果、下記のとおり法令違反の事実が認められたので、本日、内閣総理大臣及び金融庁長官に対して、金融庁設置法第２０条第１項の規定に基づき、課徴金納付命令を発出するよう勧告を行った。 ２．法令違反の事実関係 課徴金納付命令対象者は、株式会社東京証券取引所が開設する金融商品市場に上場されていた株式につき、寄付き前又は立会時間中に他の投資者による引け条件付き成行注文（以下「引成注文」という。）及び指値出来ずば引け成行注文（以下、引成注文と合わせて「引けの注文」という。）の発注株数が売り側より買い側に大きく偏っているために引け値が上昇する可能性があり、その可能性を前提に他の投資者が新たな引けの売り注文を発注することが想定される状況において、その発注を控えさせるため、約定意思があるかのように装って引成売り注文を発注してその偏りを解消しておき、引け直前にその引成売り注文を約定の見込みのない指値の引け条件付き注文に変更することで引けにおいて同注文を失効させるとともに引けの注文の発注株数が売り側より買い側に大きく偏った状態にすることにより、自らが別途発注する引成売り注文を有利な価格で約定させることを企て、他の投資者による引けの注文が売り側より買い側に偏っていた 別表 「銘柄名」欄記載の株式会社オカムラ食品工業の株式ほか５銘柄につき、真実は、いずれも約定させる意思がなかったにもかかわらず、通番１又は通番１－１ないし通番１－４のとおり引成売り注文を発注するなどして引けの注文の発注株数の偏りを解消し、通番３又は通番３－１及び通番３－２のとおり同引成売り注文を約定見込みのない指値の引け条件付き注文に変更するまでの間、第三者をして、同引成売り注文を引けまで維持してそのまま約定させることを意図したものであるとの錯誤を生じさせ、同引成売り注文を前提にした投資判断をさせ、もって、有価証券の売買のため、偽計を用い、当該偽計により有価証券の価格に影響を与え、各取引日の通番１又は通番１－１から通番３又は通番３－２までの間、各銘柄について、自己の計算において、通番２記載のとおり買い付けたものである。 違反行為事実の概要については、 別図 のとおり。 課徴金納付命令対象者が行った上記の行為は、金融商品取引法第１７３条第１項に規定する「第１５８条の規定に違反して、偽計を用い、当該偽計により有価証券等の価格に影響を与えた」ものと認められる。 ３．課徴金の額の計算 上記の違反行為に対し金融商品取引法に基づき納付を命じられる課徴金の額は、１０万円である。 計算方法の詳細については、 別紙１ 及び 別紙２ のとおり。 ４．その他 本件については、日本取引所自主規制法人より提供された情報等を参考として、実態解明を行ったものである。 （クリックすると拡大されます）,0
2025-06-17,2022/11/14-2024/02/14,東京産業株式会社,8070,東京産業株式会社における有価証券報告書等の虚偽記載に係る課徴金納付命令勧告について,https://www.fsa.go.jp/sesc/news/c_2025/2025/20250617-1.html,"English version 令和７年６月17日 証券取引等監視委員会 東京産業株式会社における有価証券報告書等の虚偽記載に 係る課徴金納付命令勧告について １．勧告の内容 証券取引等監視委員会は、東京産業株式会社（法人番号6010001008820）（以下「当社」という。）における金融商品取引法に基づく開示規制の違反について検査した結果、以下のとおり法令違反の事実が認められたので、本日、内閣総理大臣及び金融庁長官に対して、金融庁設置法第20条第１項の規定に基づき、課徴金納付命令を発出するよう勧告を行った。 ２．法令違反の事実関係 （１）継続開示書類 当社は、貸倒引当金繰入額の過少計上、売上原価の過少計上等の不適正な会計処理を行った。 ※主な不適正な会計処理の概要については、 別図 のとおり。 この結果、当社は、関東財務局長に対し、金融商品取引法第172条の４第１項及び令和５年法律第79 号による改正前の金融商品取引法（以下「旧金融商品取引法」という。）第172条の４第２項に規定する「重要な事項につき虚偽の記載」がある以下の有価証券報告書及び四半期報告書を提出した（「重要な事項につき虚偽の記載」の内容は別紙１の表の番号１から番号5のとおり）。 ・令和４年９月第２四半期四半期報告書（令和４年11月14日提出） ・令和４年12月第３四半期四半期報告書（令和５年２月14日提出） ・令和５年３月期有価証券報告書（令和５年６月28日提出） ・令和５年９月第２四半期四半期報告書（令和６年１月15日提出） ・令和５年12月第３四半期四半期報告書（令和６年２月14日提出） （２）発行開示書類 当社は、関東財務局長に対し、令和５年９月1日、重要な事項につき虚偽の記載がある令和５年３月 期有価証券報告書を組込情報とする金融商品取引法第172条の２第１項に規定する「重要な事項につき虚偽の記載」がある有価証券届出書（株式の募集）を提出した（「重要な事項につき虚偽の記載」の内容は別紙１の表の番号６のとおり）。 当該有価証券届出書に基づく募集により、 令和５年９月 2２日、145,900株の株式を122,264,200円で取得させた。 ３．課徴金の額の計算 上記の違法行為について、金融商品取引法に基づき算定される課徴金の額は、1750万円である（計算方法については別紙２のとおり）。 【別紙１】有価証券報告書等の虚偽記載の内容 （クリックすると拡大されます） 【別紙２】課徴金の計算方法 （１）　金融商品取引法第172条の４第１項及び旧金融商品取引法第172条の４第２項の規定により、 令和４年９月第２四半期四半期報告書、令和４年12月第3四半期四半期報告書及び令和５年３月期 有価報告書ごとに算出した額（以下（１）において「個別決定ごとの算出額」という。）は、 ア　当社が発行する算定基準有価証券の市場価額の総額に10万分の６を乗じて得た額 ・令和４年９月第２四半期四半期報告書に係る額　　　　　　　　    1,295,872円 ・令和４年12月第3四半期四半期報告書に係る額　　　　　　　　     1,337,203円 ・令和５年３月期有価証券報告書に係る額 　　　　 　　　　　　     1,290,864 円 が、いずれも イ　6,000,000円 を超えないことから、 ・令和４年9月第2四半期四半期報告書については、6,000,000円の２分の１に相当する額である 3,000,000円 ・令和４年12月第3四半期四半期報告書については、6,000,000円の２分の１に相当する額である 3,000,000円 ・令和５年３月期有価証券報告書については、6,000,000円 となる。 ここで、これらの開示書類が同一の事業年度に係るものであることから、旧金融商品取引法第185条の７第６項の規定により、6,000,000円を個別決定ごとの算出額に応じて按分した下記の金額が、これらの開示書類に係る課徴金の額となる。 ・令和４年9月第2四半期四半期報告書に係る課徴金の額は、1,500,000円 ・令和４年12月第3四半期四半期報告書に係る課徴金の額は、1,500,000円 ・令和５年3月期有価証券報告書に係る課徴金の額は、3,000,000円 となる。 （２）  旧金融商品取引法第172条の４第２項の規定により、令和５年9月第2四半期四半期報告書及び 令和５年12月第 3 四半期四半期報告書ごとに算出した額は、 ア　当社が発行する算定基準有価証券の市場価額の総額に10万分の６を乗じて得た額 ・令和５年９月第２四半期四半期報告書に係る額　　　　　　　　 1,468,382円 ・令和５年12月第３四半期四半期報告書に係る額　　　　　　　   1,429,912円 が、いずれも イ　6,000,000円 を超えないことから、 ・令和５年9月第2四半期四半期報告書については、6,000,000円の２分の１に相当する額である 3,000,000円 ・令和５年12月第3四半期四半期報告書については、6,000,000円の２分の１に相当する額である 3,000,000円 となる。 （３）　金融商品取引法第172条の２第１項第１号の規定により、令和５年9月1日提出の有価証券届出書 （株式の募集）に係る課徴金の額は、 重要な事項につき虚偽の記載がある発行開示書類に基づく募集により取得させた株式の発行価額の総額122,264,200円の100分の4.5に相当する額である5,501,889円 に、金融商品取引法第176条第２項の規定により１万円未満の端数を切り捨てて、 5,500,000円 となる。 【別図】主な不適正な会計処理の概要 （クリックすると拡大されます）",0
2025-06-13,2022/01/04-2022/09/13,株式会社日本創発グループ,7814,日本創発グループ株式に係る相場操縦に対する課徴金納付命令の勧告について,https://www.fsa.go.jp/sesc/news/c_2025/2025/20250613-1.html,English version 令和７年６月13日 証券取引等監視委員会 日本創発グループ株式に係る相場操縦に対する課徴金納付命令の勧告について １．勧告の内容 証券取引等監視委員会は、日本創発グループ株式に係る相場操縦について検査した結果、下記のとおり法令違反の事実が認められたので、本日、内閣総理大臣及び金融庁長官に対して、金融庁設置法第２０条第１項の規定に基づき、課徴金納付命令を発出するよう勧告を行った。 ２．法令違反の事実関係 課徴金納付命令対象者は、株式会社日本創発グループの株式につき、同株式の売買を誘引する目的をもって、 別表１ 記載のとおり、令和４年１月４日午前１１時２６分頃から令和４年９月１３日午後２時５８分頃までの間、１７１取引日にわたり、知人名義及び親族名義で、自身が発注した売り注文に対し買い注文を発注して対当させたり、直前の約定値より高い指値の買い注文を発注して、他の投資者が発注した売り注文を買い付けることにより直前の約定値より株価を引き上げたりするなどの方法により、同株式合計１４３万４６００株を買い付ける一方、同株式合計１４１万４８００株を売り付け、そのうち、自己の計算において、同株式合計３６万３７００株を買い付ける一方、同株式合計３６万３１００株を売り付け、もって、同株式の売買が繁盛であると誤解させ、かつ、同株式の相場を変動させるべき一連の売買をしたものである。 違反行為事実の概要については、 別図 のとおり。 課徴金納付命令対象者が行った上記の行為は、金融商品取引法第１７４条の２第１項に規定する「第１５９条第２項第１号の規定に違反する一連の有価証券売買等」に該当すると認められる。 ３．課徴金の額の計算 上記の違反行為に対し金融商品取引法に基づき納付を命じられる課徴金の額は、５５万円である。 計算方法の詳細については、 別紙 のとおり。 ※　違反行為に係る売付け等の価額及び買付け等の価額の詳細については、 別表２ を参照。 ４．その他 本件については、日本取引所自主規制法人より提供された情報等を参考として、実態解明を行ったものである。 （クリックすると拡大されます）,0
2025-06-10,2022/10/11-2023/01/13,クオンタムソリューションズ株式会社,2338,クオンタムソリューションズ株式会社における四半期報告書の虚偽記載に係る課徴金納付命令勧告について,https://www.fsa.go.jp/sesc/news/c_2025/2025/20250610-1.html,"English version 令和７年6月10日 証券取引等監視委員会 クオンタムソリューションズ株式会社における四半期報告書の虚偽記載に係る課徴金納付命令勧告について １．勧告の内容 証券取引等監視委員会は、クオンタムソリューションズ株式会社（法人番号2011101046458）（以下「当社」という。）における金融商品取引法に基づく開示規制の違反について検査した結果、以下のとおり法令違反の事実が認められたので、本日、内閣総理大臣及び金融庁長官に対して、金融庁設置法第20条第１項の規定に基づき、課徴金納付命令を発出するよう勧告を行った。 ２．法令違反の事実関係 当社は、貸倒引当金の不計上等の不適正な会計処理を行った。 ※主な不適正な会計処理の概要については、 別図 のとおり。 この結果、当社は、関東財務局長に対し、令和５年法律第79号による改正前の金融商品取引法（以下「旧金融商品取引法」という。）第172条の４第２項に規定する「重要な事項につき虚偽の記載」がある以下の四半期報告書を提出した（「重要な事項につき虚偽の記載」の内容は別紙１の表の番号１及び番号２のとおり）。 ・令和４年８月第２四半期四半期報告書（令和４年10月11日提出） ・令和４年11月第３四半期四半期報告書（令和５年１月13日提出） ３．課徴金の額の計算 上記の違法行為について金融商品取引法に基づき算定される課徴金の額は、600万円である（計算方法については別紙２のとおり）。 【別紙１】四半期報告書の虚偽記載の内容 （クリックすると拡大されます） 【別紙２】課徴金の計算方法 旧金融商品取引法第172条の４第２項の規定により、令和４年８月第２四半期四半期 報告書及び令和４年11月第３四半期四半期報告書ごとに算出した額は、 ア　当社が発行する算定基準有価証券の市場価額の総額に10万分の６を乗じて得た額 ・令和４年８月第２四半期四半期報告書に係る額   　　　　　 　　 600,782円 ・令和４年11月第３四半期四半期報告書に係る額     　 　　　　　 685,145円 が、いずれも イ　6,000,000円 を超えないことから、 ・　令和４年８月第２四半期四半期報告書については、6,000,000円の２分の１に相当 する額である3,000,000円 ・　令和４年11月第３四半期四半期報告書については、6,000,000円の２分の１に相当 する額である3,000,000円 となる。 【別図】主な不適正な会計処理の概要 （クリックすると拡大されます）",0
2025-04-11,2021/09/01-2024/02/29,株式会社,1301,株式会社Ｇ＆Ｄアドヴァイザーズに対する検査結果に基づく勧告について,https://www.fsa.go.jp/sesc/news/c_2025/2025/20250411-1.html,"English version 令和７年４月11日 証券取引等監視委員会 株式会社Ｇ＆Ｄアドヴァイザーズに対する検査結果に基づく勧告について １．勧告の内容 関東財務局長が株式会社Ｇ＆Ｄアドヴァイザーズ（東京都千代田区、法人番号2011001053827、代表取締役　中村 康之、資本金600万円、常勤役職員７名、投資助言・代理業）を検査した結果、下記のとおり、当該金融商品取引業者に係る問題が認められたので、本日、証券取引等監視委員会は、内閣総理大臣及び金融庁長官に対して、金融庁設置法第20条第１項の規定に基づき、行政処分を行うよう勧告した。 ２．事実関係 ⑴　顧客のため忠実に投資助言業務が行われていない状況 ア　単体スポット銘柄の投資助言前に当該銘柄を買い付け、投資助言後に売り付ける行為 株式会社Ｇ＆Ｄアドヴァイザーズ（以下「当社」という。）は、毎週１回程度の頻度で、上場株式１銘柄の買付けを推奨する投資助言を行っており、所定の日時に銘柄名や買付推奨価格等を自社ウェブサイトにおいて顧客に配信（その際配信する銘柄を以下「単体スポット銘柄」という。）している。 こうした中、当社における投資助言業務統括者である甲部長は、令和４年３月から同６年２月までの間に投資助言を行った単体スポット銘柄231銘柄のうち、少なくとも65銘柄について、当社の顧客ではない第三者名義の証券口座を使い、当該第三者の計算において、単体スポット銘柄の配信前に同銘柄を買い付け、配信後に売り付ける取引を行っていた事実が認められた。なお、当該取引により、当該証券口座において計約228万円の売却益が生じており、甲部長は当該第三者から一定の報酬を受け取っていた。 イ　上記の行為を見過ごし、かつ、これを防止する態勢を構築していない状況 当社は、社内規程において、役職員の利益相反取引を防止するための社内研修の実施や、年１回以上の監査の実施を定めているものの、同規程整備以降、いずれも利益相反取引に係る事項を対象としていないなど、利益相反取引を防止するための態勢が不十分な状況であった。また、当社代表取締役及びコンプライアンス担当取締役（以下「代表取締役等」という。）は、当社社員に係る業務管理を行っておらず、投資助言業務を社員に任せきりにしていたほか、令和５年３月以降は、週１日程度しか当社に出社していなかった。このため、当社の社員管理態勢は不十分な状況となっていたほか、社員に対するけん制機能が働かない状況となっていたなど、上記アの行為を防止するための内部管理態勢を構築していない状況であった。 こうした中、当社は、甲部長が上記アの行為を、長期間にわたり、業務時間中に行っていたにもかかわらず、これを見過ごしていた。 上記⑴アのとおり、甲部長が単体スポット銘柄の投資助言前に同銘柄を買い付け、投資助言後に売り付ける行為は、顧客の取引に関する情報を利用して第三者の利益を図るために行われた行為であり、利益相反の観点から問題がある行為と認められるほか、当社が上記⑴イのとおり甲部長の行為を見過ごし、かつ、これを防止する態勢を構築していない状況は、当社の顧客をないがしろにし、顧客の信認を裏切るものである。 このような当社の状況は、顧客のため忠実に投資助言業務を行っていない状況と認められ、金融商品取引法（以下「金商法」という。）第41条第１項に定める「忠実義務」に違反するものと認められる。 ⑵　金融商品取引契約の締結の勧誘に関して顧客に対し虚偽のことを告げる行為等 当社は、自社ウェブサイトやインターネット広告を通じて無料で会員登録をした者（以下「見込顧客」という。）に対してメールマガジンを配信し、投資顧問契約の締結の勧誘を行っている。 今回検査において、令和３年12月から同６年２月までの間のメールマガジンによる投資顧問契約の締結の勧誘状況について検証したところ、以下の法令違反行為が認められた。 ア　顧客に対し虚偽のことを告げる行為 当社は、見込顧客に対して配信したメールマガジン（19件）において、以下の記載を行い、虚偽の内容を告げて投資顧問契約の締結の勧誘を行った（別紙参照）。 ①　複数の株価高騰銘柄を的中させた実績があるとする架空の情報提供者を創作し、他社より先行して同人から銘柄情報を入手しているとする記載（10件、延べ91,266名に配信） ②　株価が上昇する銘柄情報が記載されているとする架空のレポートを創作し、同レポートに基づき投資助言を行うとする記載（４件、延べ31,293名に配信） ③　過去に買い推奨の投資助言を行った銘柄について、株価が推奨時点以降に２倍となった実績が無いにもかかわらず、２倍を達成したなど、事実に反する投資助言の実績を記載（３件、延べ25,442名に配信） ④　甲部長が知人から入手した企業の買収等の情報について、買収等が実現した実績が無いことを認識しながら、買収等が実現した実績があるとする記載（２件、延べ15,209名に配信） イ　重要な事項につき誤解を生ぜしめるべき表示をする行為 当社は、見込顧客に対して配信したメールマガジン（14件）において、以下の記載を行い、誤解を生ぜしめるべき表示をして投資顧問契約の締結の勧誘を行った（別紙参照）。 ・　確度の高い情報を入手したとして、買収等の株価に影響を与える事象が発生すると記載（14件、延べ117,903名に配信） 上記⑵ア及びイの行為は、売上のためにはメールマガジンに事実と異なる内容等を記載することはやむを得ないと当社代表取締役が認識していたほか、メールマガジンに事実と異なる内容が記載されていることを当社コンプライアンス担当取締役が認識しながら見逃したうえ、事実と異なる記載内容にあわせて偽装を行うように指示するなど、当社代表取締役等における法令等遵守意識が著しく欠如していること及び内部管理部門によるけん制機能が機能していないこと等に起因して発生したものと認められる。 当社の上記⑵アの行為は、金商法第38条第１号に定める「金融商品取引契約の締結又はその勧誘に関して、顧客に対し虚偽のことを告げる行為」に該当するものと認められる。また、当社の上記(2)イの行為は、金商法第38条第９号に基づく金融商品取引業等に関する内閣府令（以下「業府令」という。）第117条第１項第２号に定める「金融商品取引契約の締結又はその勧誘に関して、重要な事項につき誤解を生ぜしめるべき表示をする行為」に該当するものと認められる。 ⑶　金融商品取引契約につき顧客に対し特別の利益を提供する行為 当社は、所定の期間を定めて複数銘柄に関する投資助言を行う業務を行っており、令和３年９月から同６年２月までの間、当該投資助言に係る投資顧問契約を締結した顧客のうち、甲部長が担当した顧客は94名となっている。 こうした中、甲部長は、上記94名の顧客のうち、当社の投資助言に関して苦情の申出のあった少なくとも27名の顧客に対し、継続して投資顧問契約を締結してもらうことを意図して、上記投資顧問契約の終了後、契約期間を１か月以上、最大２年延長し、その間の投資顧問報酬を無償として投資助言を継続することにより、合計888万円に相当する特別の利益を当該顧客に提供した。 これは、当社代表取締役等が投資助言に係る業務を甲部長に任せきりにし、投資顧問契約の締結状況の管理態勢を構築していないなど、当社代表取締役等によるけん制機能が働かない状況にあったこと等に起因して発生したものと認められる。 当社のこの行為は、金商法第38条第９号に基づく業府令第117条第１項第３号に定める「金融商品取引契約につき、顧客に対し特別の利益を提供する行為」に該当するものと認められる。 参考資料（PDF:228KB） （別紙） ○　当社が行った虚偽の告知の例 ①　複数の株価高騰銘柄を的中させた実績があるとする架空の情報提供者を創作し、他社より先行して同人から銘柄情報を入手しているとする記載 ・　先日＜×××＞を提供してくれたＳ氏 ・　最近では＜×××＞【1.6倍】や＜×××＞【1.5倍】の情報提供をしたと聞いた。先日、弊社にも【限定枠】での提供があり、１撃にして、125%を演じてくれた！ ・　Ｓ氏の好意に甘え、【特別】に希望者全員への提供が決定 ※　＜×××＞には個別銘柄名を記載。 ②　株価が上昇する銘柄情報が記載されているとする架空のレポートを創作し、同レポートに基づき投資助言を行うとする記載 ・　天井予測が不可能？！（中略）まさしく「禁断」とも言えるレポートからの情報が！今回、禁断の黄金レポート銘柄として提供決定！！！ ③　過去に買い推奨の投資助言を行った銘柄について、株価が推奨時点以降に２倍となった実績が無いにもかかわらず、２倍を達成したなど、事実に反する投資助言の実績を記載 ・　過去にお出しした実績も当然２銘柄ともに「２倍達成」の好成績。 ④　甲部長が知人から入手した企業の買収等の情報について、買収等が実現した実績が無いことを認識しながら、買収等が実現した実績があるとする記載 ・　過去、何度も高確度な買収案件を当てた情報筋からの「急報」であり、この絶好の儲け時を逃して頂きたくないのです。 ○　当社が行った誤解表示の例 確度の高い情報を入手したとして、買収等の株価に影響を与える事象が発生すると記載 ・　とっておきの情報筋からＭ＆Ａ情報の取得に成功！！本銘柄は「一撃必殺」、「一発逆転」そんな言葉でも説明できるでしょう。（略）もし、想定通りに事が運べば・・・「即座」に「一撃」で「大幅利益」が見込まれる案件となります！（略）しかも、情報の出所に関して業界関係者からの信頼が厚い先であり、弊社分析でも「これなら納得」と結論付けた企業になります。 （参考条文） 〇　金融商品取引法（昭和23年法律第25号）（抄） （禁止行為） 第三十八条　金融商品取引業者等又はその役員若しくは使用人は、次に掲げる行為をしてはならない。ただし、第四号から第六号までに掲げる行為にあつては、投資者の保護に欠け、取引の公正を害し、又は金融商品取引業の信用を失墜させるおそれのないものとして内閣府令で定めるものを除く。 一　金融商品取引契約の締結又はその勧誘に関して、顧客に対し虚偽のことを告げる行為 二～八　（略） 九　前各号に掲げるもののほか、投資者の保護に欠け、若しくは取引の公正を害し、又は金融商品取引業の信用を失墜させるものとして内閣府令で定める行為 （顧客に対する義務） 第四十一条　金融商品取引業者等は、顧客のため忠実に投資助言業務を行わなければならない。 ２　（略） 〇　金融商品取引業等に関する内閣府令（平成19年内閣府令第52号）（抄） （禁止行為） 第百十七条　法第三十八条第九号に規定する内閣府令で定める行為は、次に掲げる行為とする。 一　（略） 二　金融商品取引契約の締結又はその勧誘に関して、虚偽の表示をし、又は重要な事項につき誤解を生ぜしめるべき表示をする行為 三　金融商品取引契約につき、顧客若しくはその指定した者に対し、特別の利益の提供を約し、又は顧客若しくは第三者に対し特別の利益を提供する行為（第三者をして特別の利益の提供を約させ、又はこれを提供させる行為を含む。） 四～五十　（略） ２～56　（略）",0
2025-03-04,2022/05/31-2024/05/31,株式会社アクアライン,6173,株式会社アクアラインにおける有価証券報告書等の虚偽記載に係る課徴金納付命令勧告について,https://www.fsa.go.jp/sesc/news/c_2025/2025/20250304-1.html,"English version 令和７年３月４日 証券取引等監視委員会 株式会社アクアラインにおける有価証券報告書等の虚偽記載に係る課徴金納付命令勧告について １．勧告の内容 証券取引等監視委員会は、株式会社アクアライン（法人番号3240001014666）（以下「当社」という。）における金融商品取引法に基づく開示規制の違反について検査した結果、以下のとおり法令違反の事実が認められたので、本日、内閣総理大臣及び金融庁長官に対して、金融庁設置法第20条第１項の規定に基づき、課徴金納付命令を発出するよう勧告を行った。 ２．法令違反の事実関係 当社は、投資有価証券評価損の不計上及び偶発損失引当金の不計上等の不適正な会計処理を行った。 ※主な不適正な会計処理の概要については、 別図 のとおり。 （１）継続開示書類 当社は、中国財務局長に対し、金融商品取引法第172 条の４第１項及び令和５年法律第79 号による改正前の金融商品取引法（以下「旧金融商品取引法」という。）第172 条の４第２項に規定する「重要な事項につき虚偽の記載」がある以下の有価証券報告書及び四半期報告書を提出した（「重要な事項につき虚偽の記載」の内容は別紙１の表の番号１から番号９までのとおり）。 ・令和４年２月期有価証券報告書（令和４年５月31日提出） ・令和４年５月第１四半期四半期報告書（令和４年７月15 日提出） ・令和４年８月第２四半期四半期報告書（令和４年10月14 日提出） ・令和４年11月第３四半期四半期報告書（令和５年１月16 日提出） ・令和５年２月期有価証券報告書（令和５年５月31 日提出） ・令和５年５月第１四半期四半期報告書（令和５年７月18 日提出） ・令和５年８月第２四半期四半期報告書（令和５年10月16 日提出） ・令和５年11月第３四半期四半期報告書（令和６年１月15 日提出） ・令和６年２月期有価証券報告書（令和６年５月31 日提出） （２）発行開示書類 ア　当社は、中国財務局長に対し、令和５年２月10日、重要な事項につき虚偽の記載がある令和４年２月 期有価証券報告書及び令和4年11月第３四半期四半期報告書を組込情報とする金融商品取引法第172条の２第１項に規定する「重要な事項につき虚偽の記載」がある有価証券届出書（株式の募集）を提出した（「重要な事項につき虚偽の記載」の内容は別紙１の表の番号10のとおり）。当該有価証券届出書に基づく募集により、 令和５年２月 28日、464,000株の株式を199,984,000円で取得させた。 イ　当社は、中国財務局長に対し、令和５年10月24日、重要な事項につき虚偽の記載がある令和５年２月 期有価証券報告書及び令和５年８月第２四半期四半期報告書を組込情報とする金融商品取引法第172条の２第１項に規定する「重要な事項につき虚偽の記載」がある有価証券届出書（株式の募集）を提出した（「重要な事項につき虚偽の記載」の内容は別紙１の表の番号11のとおり）。当該有価証券届出書に基づく募集により、令和５年11月９日、737,800株の株式を334,961,200円で取得させた。 ３．課徴金の額の計算 上記の違法行為について、金融商品取引法に基づき算定される課徴金の額は、4206万円である（計算方法については別紙２のとおり）。 【別紙１】有価証券報告書等の虚偽記載の内容 （クリックすると拡大されます） 【別紙２】課徴金の計算方法 （１）　金融商品取引法第172条の４第１項の規定により、令和４年２月有価証券報告書について算出した 課徴金の額は、当社が発行する算定基準有価証券の市場価格の総額に10万分の６を乗じて得た 81,776円が、6,000,000円を超えないことから、6,000,000円となる。 （２）　金融商品取引法第172条の４第１項及び旧金融商品取引法第172条の４第２項の規定により、令和４年 ５月第１四半期四半期報告書、令和４年８月第２四半期四半期報告書、令和４年11月第３四半期四半期報告書及び令和５年２月期有価証券報告書ごとに算出した額（以下（２）において「個別決定ごとの算出額」という。）は、 ア　当社が発行する算定基準有価証券の市場価額の総額に10万分の６を乗じて得た額 ・令和４年５月第１四半期四半期報告書に係る額　　　　　　　　    58,203円 ・令和４年８月第２四半期四半期報告書に係る額　　　　　　　　    57,792円 ・令和４年11月第３四半期四半期報告書に係る額　 　　　　　　     59,081円 ・令和５年２月期有価証券報告書に係る額 　　　　 　　　　　　     57,967円 が、いずれも イ　6,000,000円 を超えないことから、 ・令和４年５月第１四半期四半期報告書については、6,000,000円の２分の１に相当する額である 3,000,000円 ・令和４年８月第２四半期四半期報告書については、6,000,000円の２分の１に相当する額である 3,000,000円 ・令和４年11月第３四半期四半期報告書については、6,000,000円の２分の１に相当する額である 3,000,000円 ・令和５年２月期有価証券報告書については、6,000,000円 となる。 ここで、これらの開示書類が同一の事業年度に係るものであることから、旧金融商品取引法第185条の７第６項の規定により、6,000,000円を個別決定ごとの算出額に応じて按分した下記の金額が、これらの開示書類に係る課徴金の額となる。 ・令和４年５月第１四半期四半期報告書に係る課徴金の額は、1,200,000円 ・令和４年８月第２四半期四半期報告書に係る課徴金の額は、1,200,000円 ・令和４年11月第３四半期四半期報告書に係る課徴金の額は、1,200,000円 ・令和５年２月期有価証券報告書に係る課徴金の額は、2,400,000円 となる。 （3）　金融商品取引法第172条の４第１項及び旧金融商品取引法第172条の４第２項の規定により、令和5年５ 月第１四半期四半期報告書、令和5年８月第２四半期四半期報告書、令和４年11月第３四半期四半期報告書及び令和6年２月期有価証券報告書ごとに算出した額（以下（3）において「個別決定ごとの算出額」という。）は、 ア　当社が発行する算定基準有価証券の市場価額の総額に10万分の６を乗じて得た額 ・令和５年５月第１四半期四半期報告書に係る額　　　　　　　　 84,674円 ・令和５年８月第２四半期四半期報告書に係る額　　　　　　　　 94,078円 ・令和５年11月第３四半期四半期報告書に係る額　 　　　　　　124,743円 ・令和６年２月期有価証券報告書に係る額 　　　　 　　　　　　105,750円 が、いずれも イ　6,000,000円 を超えないことから、 ・令和５年５月第１四半期四半期報告書については、6,000,000円の２分の１に相当する額である 3,000,000円 ・令和５年８月第２四半期四半期報告書については、6,000,000円の２分の１に相当する額である 3,000,000円 ・令和５年11月第３四半期四半期報告書については、6,000,000円の２分の１に相当する額である 3,000,000円 ・令和６年２月期有価証券報告書については、6,000,000円 となる。 ここで、これらの開示書類が同一の事業年度に係るものであることから、旧金融商品取引法第185条の ７第６項の規定により、6,000,000円を個別決定ごとの算出額に応じて按分した下記の金額が、これらの開示書類に係る課徴金の額となる。 ・令和５年５月第１四半期四半期報告書に係る課徴金の額は、1,200,000円 ・令和５年８月第２四半期四半期報告書に係る課徴金の額は、1,200,000円 ・令和５年11月第３四半期四半期報告書に係る課徴金の額は、1,200,000円 ・令和６年２月期有価証券報告書に係る課徴金の額は、2,400,000円 となる。 （４）　金融商品取引法第172条の２第１項第１号の規定により、令和５年２月10日提出の有価証券届出書（株 式の募集）に係る課徴金の額は、重要な事項につき虚偽の記載がある発行開示書類に基づく募集により取得させた株式の発行価額の総額199,984,000円の100分の4.5に相当する額である8,999,280円に、金融商品取引法第176条第２項の規定により１万円未満の端数を切り捨てて、8,990,000円となる。 （５）   金融商品取引法第172条の２第１項第１号の規定により、令和５年10月24日提出の有価証券届出書（株 式の募集）に係る課徴金の額は、重要な事項につき虚偽の記載がある発行開示書類に基づく募集により取得させた株式の発行価額の総額334,961,200円の100分の4.5に相当する額である15,073,254円に、金融商品取引法第176条第２項の規定により１万円未満の端数を切り捨てて、15,070,000円となる。 【別図】主な不適正な会計処理の概要 (クリックすると拡大されます。)",0
2025-02-26,2020/08/31-2024/01/12,Shinwa Wise Holdings株式会社,2437,Shinwa Wise Holdings株式会社における有価証券報告書等の虚偽記載に係る課徴金納付命令勧告について,https://www.fsa.go.jp/sesc/news/c_2025/2025/20250226-1.html,"English version 令和７年2月26日 証券取引等監視委員会 Shinwa Wise Holdings株式会社における有価証券報告書等の虚偽記載に係る課徴金納付命令勧告について １．勧告の内容 証券取引等監視委員会は、Shinwa Wise Holdings株式会社（法人番号7010001047124）（以下「当社」という。）における金融商品取引法に基づく開示規制の違反について検査した結果、以下のとおり法令違反の事実が認められたので、本日、内閣総理大臣及び金融庁長官に対して、金融庁設置法第20条第１項の規定に基づき、課徴金納付命令を発出するよう勧告を行った。 ２．法令違反の事実関係 当社及び当社の連結子会社は、売上の過大計上等の不適正な会計処理を行った。 ※主な不適正な会計処理の概要については、 別図 のとおり。 この結果、当社は、関東財務局長に対し、金融商品取引法第172条の４第１項及び令和５年法律第79号による改正前の金融商品取引法（以下「旧金融商品取引法」という。）第172条の４第２項に規定する「重要な事項につき虚偽の記載」がある以下の有価証券報告書及び四半期報告書を提出した（「重要な事項につき虚偽の記載」の内容は別紙１の表の番号１から番号６までのとおり）。 ・令和２年５月期有価証券報告書（令和２年８月31日提出） ・令和２年11月第２四半期四半期報告書（令和３年１月14日提出） ・令和３年５月期有価証券報告書（令和３年８月27日提出） ・令和３年８月第１四半期四半期報告書（令和３年10月14日提出） ・令和４年８月第１四半期四半期報告書（令和４年10月17日提出） ・令和５年11月第２四半期四半期報告書（令和６年１月12日提出） ３．課徴金の額の計算 上記の違法行為について金融商品取引法に基づき算定される課徴金の額は、2100万円である（計算方法については別紙２のとおり）。 【別紙１】有価証券報告書等の虚偽記載内容 番 号 対象書類 虚偽記載 提出日 書類 会計期間 記載項目 主な内容（注） 主な事由 １ 令和２年 ８月31日 第31期（令和元年６月１日～令和２年５月31日）に係る有価証券報告書 令和元年６月１日～令和２年５月31日の連結会計年度 連結 損益計算書 親会社株主に帰属する当期純利益が ▲416,165千円 であるところを ▲305,705千円と記載 繰延税金資産の過大計上に伴う法人等調整額の過少計上 ２ 令和３年1月14日 第32期第２四半期（令和２年９月１日～同年11月30日）に係る四半期報告書 令和２年６月１日～同年11月30日の第２四半期連結累計期間 四半期連結損益計算書 営業利益が ▲24,455千円で あるところを 25,060千円と記載 経常利益が ▲39,871千円で あるところを 9,645千円と記載 売上の前倒し計上 ３ 令和３年８月27日 第32期（令和２年６月１日～令和３年５月31日）に係る有価証券報告書 令和２年６月１日～令和３年５月31日の連結会計年度 連結 損益計算書 親会社株主に帰属する当期純利益が ▲159,404千円であるところを 23,367千円と記載 売上の過大計上、売上の前倒し計上 ４ 令和３年 10月14日 第33期第１四半期（令和３年６月１日～同年８月31日）に係る四半期報告書 令和３年６月１日～同年８月31日の第１四半期連結累計期間 四半期連結 損益計算書 経常利益が ▲1,438千円で あるところを 19,707千円と記載 売上の前倒し計上 ５ 令和４年 10月17日 第34期第１四半期（令和４年６月１日～同年８月31日）に係る四半期報告書 令和４年６月１日～同年８月31日の第１四半期連結累計期間 四半期連結 損益計算書 営業利益が ▲30,230千円で あるところを 17,144千円と記載 経常利益が ▲18,253千円で あるところを 22,306千円と記載 親会社株主に帰属する四半期純利益が ▲29,193千円であるところを 5,858千円と記載 売上の過大計上、売上の前倒し計上 ６ 令和６年 １月12日 第35期第２四半期（令和５年９月１日～同年11月30日）に係る四半期報告書 令和５年６月１日～同年11月30日の第２四半期連結累計期間 四半期連結 損益計算書 営業利益が ▲10,142千円であるところを 9,900千円と記載 経常利益が ▲143千円であるところを 19,900千円と記載 売上の過大計上、売上の前倒し計上 (注）金額は千円未満切捨てである。 【別紙２】課徴金の計算方法 （１）　金融商品取引法第172条の４第１項の規定により、令和２年５月期有価証券報告書について算出した額は、当社が発行する算定基準有価証券の市場価額の総額に10万分の６を乗じて得た額176,304円が、6,000,000 円を超えないことから、6,000,000 円となる。 （２）　金融商品取引法第172条の４第１項及び旧金融商品取引法第172条の４第２項の規定により、令和２年11月第２四半期四半期報告書及び令和３年５月期有価証券報告書ごとに算出した額（以下（２）において「個別決定ごとの算出額」という。）は、 ア　当社が発行する算定基準有価証券の市場価額の総額に10万分の６を乗じて得た額 ・令和２年11月第２四半期四半期報告書に係る額　   　192,029円 ・令和３年５月期有価証券報告書に係る額　　　　　    200,406円 が、いずれも イ　6,000,000円 を超えないことから、 ・　令和２年11月第２四半期四半期報告書については、6,000,000円の２分の１に相当する額であ る3,000,000円 ・　令和３年５月期有価証券報告書については、6,000,000円 となる。 ここで、これらの開示書類が同一の事業年度に係るものであることから、旧金融商品取引法第185条の７第６項の規定により、6,000,000円を個別決定ごとの算出額に応じて按分した下記の金額が、これらの開示書類に係る課徴金の額となる。 ・令和２年11月第２四半期四半期報告書に係る課徴金の額は、2,000,000円 ・令和３年５月期有価証券報告書に係る課徴金の額は、4,000,000円 となる。 （３）　旧金融商品取引法第172条の４第２項の規定により、令和３年８月第１四半期四半期報告書について算 出した額は、当社が発行する算定基準有価証券の市場価額の総額に10万分の６を乗じて得た177,785円 が、6,000,000円を超えないことから、6,000,000円の２分の１に相当する額である3,000,000円とな る。 （４）　旧金融商品取引法第172条の４第２項の規定により、令和４年８月第１四半期四半期報告書について算 出した額は、当社が発行する算定基準有価証券の市場価額の総額に10万分の６を乗じて得た額640,081 円が、6,000,000円を超えないことから、6,000,000円の２分の１に相当する額である3,000,000円と なる。 （５）　旧金融商品取引法第172条の４第２項の規定により、令和５年11月第２四半期四半期報告書について 算出した額は、当社が発行する算定基準有価証券の市場価額の総額に10万分の６を乗じて得た365,778 円が、6,000,000円を超えないことから、6,000,000円の２分の１に相当する額である3,000,000円となる。 【別図】主な不適正な会計処理の概要 (クリックすると拡大されます。)",0
2025-02-21,2020/03/27-2024/05/13,ピクセルカンパニーズ株式会社,2743,ピクセルカンパニーズ株式会社における有価証券報告書等の虚偽記載等に係る課徴金納付命令勧告について,https://www.fsa.go.jp/sesc/news/c_2025/2025/20250221-1.html,"English version 令和７年２月21日 証券取引等監視委員会 ピクセルカンパニーズ株式会社における有価証券報告書等の虚偽記載等に係る課徴金納付命令勧告について １．勧告の内容 証券取引等監視委員会は、ピクセルカンパニーズ株式会社（法人番号4010001026485）（以下「当社」という。）における金融商品取引法に基づく開示規制の違反について検査した結果、以下のとおり法令違反の事実が認められたので、本日、内閣総理大臣及び金融庁長官に対して、金融庁設置法第20条第１項の規定に基づき、課徴金納付命令を発出するよう勧告を行った。 ２．法令違反の事実関係 ア　継続開示書類 （ア）　当社の連結子会社は、実態のない前渡金の計上による損失の不計上の不適正な会計処理を行った。 ※主な不適正な会計処理等の概要については、 別図（１） のとおり。 （イ）　当社は、当社又は当社の連結子会社と当社の役員等との取引を「関連当事者との取引」（連結財務諸表 の用語、様式及び作成方法に関する規則第15条の４の２第１項）として、連結財務諸表への注記を行わな かった。 ※主な不適正な会計処理等の概要については、 別図（２） のとおり。 （ウ）　当社は、当社の役員個人借入の連帯保証を「偶発債務（債務保証）」（連結財務諸表の用語、様式及び 作成方法に関する規則第39条の２）として、連結財務諸表への注記を行わなかった。 ※主な不適正な会計処理等の概要については、 別図（３） のとおり。 上記（ア）～（ウ）の結果、当社は、関東財務局長に対し、金融商品取引法第172条の４第１項に規定する「重 要な事項につき虚偽の記載」又は「記載すべき重要な事項の記載が欠けている」以下の有価証券報告書を提出し た（「重要な事項につき虚偽の記載」又は「記載すべき重要な事項の記載が欠けている」の内容は別紙１の表の番号１から５のとおり）。 ・令和元年12月期有価証券報告書（令和２年３月27日提出） ・令和２年12月期有価証券報告書（令和３年３月31日提出） ・令和３年12月期有価証券報告書（令和４年３月31日提出） ・令和４年12月期有価証券報告書（令和５年３月31日提出） ・令和５年12月期有価証券報告書（令和６年３月29日提出） イ　発行開示書類 （ア）　当社は、関東財務局長に対し、令和２年７月30日、上記ア（イ）及び（ウ）の記載すべき重要な事項の 記載が欠けている令和元年12月期有価証券報告書を組込情報とする金融商品取引法第172条の２第１項に 規定する「記載すべき重要な事項の記載が欠けている」有価証券届出書（株式及び新株予約権証券の募 集）を提出した（「記載すべき重要な事項の記載が欠けている」の内容は別紙１の表の番号６のとおり）。 当該有価証券届出書に基づく募集により、令和２年８月 19日、2,100,000株の株式及び139,000個の新 株予約権証券を2,750,858,000円（当該新株予約権の行使に際して払い込むべき金額を含む。）で取得さ せた。 （イ）　当社は、関東財務局長に対し、令和３年７月21日、上記ア（ア）の重要な事項につき虚偽の記載があ り、（イ）の記載すべき重要な事項の記載が欠けている令和２年12月期有価証券報告書を組込情報とする 金融商品取引法第172条の２第１項に規定する「重要な事項につき虚偽の記載」又は「記載すべき重要な事 項の記載が欠けている」有価証券届出書（新株予約権証券の募集）を提出した（「重要な事項につき虚偽 の記載」又は「記載すべき重要な事項の記載が欠けている」の内容は別紙１の表の番号７のとおり）。 当該有価証券届出書に基づく募集により、令和３年８月６日、129,680個の新株予約権証券を 1,197,983,840円（当該新株予約権の行使に際して払い込むべき金額を含む。）で取得させた。 （ウ）　当社は、関東財務局長に対し、令和５年２月８日、当社の連結子会社と当社の役員等との取引を「関連 当事者との取引」として連結財務諸表への注記を行わず、金融商品取引法第172条の２第１項に規定する「記載すべき重要な事項の記載が欠けている」有価証券届出書（株式及び新株予約権証券の募集）を提出した（「記載すべき重要な事項の記載が欠けている」の内容は別紙１の表の番号８のとおり）。 当該有価証券届出書に基づく募集により、令和５年２月27日、13,960,000株の株式及び335,400個の新 株予約権証券を2,063,294,800円（当該新株予約権の行使に際して払い込むべき金額を含む。）で取得さ せた。 （エ）　当社は、関東財務局長に対し、令和６年４月19日、当社の連結子会社と当社の役員との取引を「関連当事 者との取引」として連結財務諸表への注記を行わず、金融商品取引法第172条の２第１項に規定する「記載 すべき重要な事項の記載が欠けている」有価証券届出書（株式及び新株予約権証券の募集）を提出した （「記載すべき重要な事項の記載が欠けている」の内容は別紙１の表の番号９のとおり）。 当該有価証券届出書に基づく募集により、令和６年５月13日、5,560,000株の株式及び240,800個の新株 予約権証券を4,112,649,600円（当該新株予約権の行使に際して払い込むべき金額を含む。）で取得させ た。 ３．課徴金の額の計算 上記の違法行為について、金融商品取引法に基づき算定される課徴金の額は、６億2984万円である（計算方法については別紙２のとおり）。 ※下記の継続開示書類及び発行開示書類については、金融商品取引法第185条の７第15項の規定により、課徴金の 額が1.5倍に相当する額となっている。 【課徴金額が1.5倍に相当する額となっている開示書類】 （継続開示書類） ・令和元年12月期有価証券報告書（令和２年３月27日提出） ・令和２年12月期有価証券報告書（令和３年３月31日提出） ・令和３年12月期有価証券報告書（令和４年３月31日提出） （発行開示書類） ・令和２年７月30日提出の有価証券届出書 ・令和３年７月21日提出の有価証券届出書 ・令和５年２月８日提出の有価証券届出書 【別紙１】有価証券報告書等の虚偽記載等の内容 番 号 対象書類 虚偽記載又は記載すべき事項の欠缺 提出日 書類 会計期間 記載項目 主な内容（注） 主な事由 1 令和２年 ３月27日 第34期（平成31年１月１日～令和元年12月31日）に係る有価証券報告書 ・第５【経理の状況】１【連結財務諸表等】（１）【連結財務諸表】【注記事項】【関連当事者情報】において、当社又は当社の連結子会社と当社の役員との重要な取引を「関連当事者との取引」として記載しなかった。 ・第５【経理の状況】１【連結財務諸表等】（１）【連結財務諸表】【注記事項】（連結貸借対照表関係）において、当社との「偶発債務」があるにもかかわらず、その内容及び金額を記載しなかった。 ２ 令和３年 ３月31日 第35期（令和２年１月１日～同年12月31日）に係る有価証券報告書 令和２年１月１日～同年12月31日の連結会計年度 連結 損益計算書 親会社株主に帰属する当期純利益が ▲1,192,454千円であるところを ▲942,454千円と記載 前渡金の計上による損失の不計上 ・第５【経理の状況】１【連結財務諸表等】（１）【連結財務諸表】【注記事項】【関連当事者情報】において、当社の連結子会社と当社の役員等との重要な取引を「関連当事者との取引」として記載しなかった。 ３ 令和４年 ３月31日 第36期（令和３年１月１日～同年12月31日）に係る有価証券報告書 ・第５【経理の状況】１【連結財務諸表等】（１）【連結財務諸表】【注記事項】【関連当事者情報】において、当社の連結子会社と当社の役員等との重要な取引を「関連当事者との取引」として記載しなかった。 ４ 令和５年 ３月31日 第37期（令和４年１月１日～同年12月31日）に係る有価証券報告書 ・第５【経理の状況】１【連結財務諸表等】（１）【連結財務諸表】【注記事項】【関連当事者情報】において、当社の連結子会社と当社の役員等との重要な取引を「関連当事者との取引」として記載しなかった。 ５ 令和６年 ３月29日 第38期（令和５年１月１日～同年12月31日）に係る有価証券報告書 ・第５【経理の状況】１【連結財務諸表等】（１）【連結財務諸表】【注記事項】【関連当事者情報】において、当社の連結子会社と当社の役員との重要な取引を「関連当事者との取引」として記載しなかった。 （注）金額は千円未満切捨てである。 番 号 対象書類 虚偽記載又は記載すべき事項の欠缺 提出日 書類 会計期間 記載項目 主な内容 主な事由 ６ 令和２年 ７月30日 有価証券届出書（株式及び新株予約権証券の募集） 「第四部 組込情報」 番号１に掲げる第34期に係る有価証券報告書を組込み 番号１を参照 ７ 令和３年 ７月21日 有価証券届出書（新株予約権証券の募集） 「第四部 組込情報」 番号２に掲げる第35期に係る有価証券報告書を組込み 番号２を参照 ８ 令和５年 ２月８日 有価証券届出書（株式及び新株予約権証券の募集） ・第５【経理の状況】１【連結財務諸表等】（１）【連結財務諸表】【注記事項】【関連当事者情報】において、当社の連結子会社と当社の役員等との重要な取引を「関連当事者との取引」として記載しなかった。 ９ 令和６年 ４月19日 有価証券届出書（株式及び新株予約権証券の募集） ・第５【経理の状況】１【連結財務諸表等】（１）【連結財務諸表】【注記事項】【関連当事者情報】において、当社の連結子会社と当社の役員との重要な取引を「関連当事者との取引」として記載しなかった。 【別紙２】課徴金の計算方法 （１）　金融商品取引法第172条の４第１項の規定により、令和元年12月期有価証券報告書について算出した 課徴金の額は、当社が発行する算定基準有価証券の市場価額の総額に10万分の６を乗じて得た額293,014 円が、6,000,000円を超えないことから、6,000,000円 となるが、当社が、令和元年12月期有価証券報告書を提出した日から遡り５年以内に、令和５年法律第 79号による改正前の金融商品取引法（以下「旧金融商品取引法」という。）第172条の４第２項の規定に よる課徴金を国庫に納付することを命ずる旨の決定を受けたことがあることから、令和５年法律第79号附 則第２条第７項の規定により同決定が金融商品取引法第185条の15第１項に規定する課徴金納付命令とみ なされることにより適用される金融商品取引法第185条の７第15項の規定により、6,000,000円の1.5倍に 相当する額である9,000,000円となる。 （２）　金融商品取引法第172条の４第１項の規定により、令和２年12月期有価証券報告書について算出した課 徴金の額は、当社が発行する算定基準有価証券の市場価額の総額に10万分の６を乗じて得た額251,958円 が、6,000,000円を超えないことから、6,000,000円 となるが、当社が、令和２年12月期有価証券報告書を提出した日から遡り５年以内に、旧金融商品取引 法第172条の４第２項の規定による課徴金を国庫に納付することを命ずる旨の決定を受けたことがあること から、令和５年法律第79号附則第２条第７項の規定により同決定が金融商品取引法第185条の15第１項に 規定する課徴金納付命令とみなされることにより適用される金融商品取引法第185条の７第15項の規定に より、6,000,000円の1.5倍に相当する額である9,000,000円となる。 （３）　金融商品取引法第172条の４第１項の規定により、令和３年12月期有価証券報告書について算出した課 徴金の額は、当社が発行する算定基準有価証券の市場価額の総額に10万分の６を乗じて得た額188,430円 が、6,000,000円を超えないことから、6,000,000円 となるが、当社が、令和３年12月期有価証券報告書を提出した日から遡り５年以内に、旧金融商品取引 法第172条の４第２項の規定による課徴金を国庫に納付することを命ずる旨の決定を受けたことがあること から、令和５年法律第79号附則第２条第７項の規定により同決定が金融商品取引法第185条の15第１項に 規定する課徴金納付命令とみなされることにより適用される金融商品取引法第185条の７第15項の規定に より、6,000,000円の1.5倍に相当する額である9,000,000円となる。 （４）　金融商品取引法第172条の４第１項の規定により、令和４年12月期有価証券報告書について算出した課 徴金の額は、当社が発行する算定基準有価証券の市場価額の総額に10万分の６を乗じて得た額76,671円 が、6,000,000円を超えないことから、6,000,000円となる。 （５）　金融商品取引法第172条の４第１項の規定により、令和５年12月期有価証券報告書について算出した課 徴金の額は、当社が発行する算定基準有価証券の市場価額の総額に10万分の６を乗じて得た額61,898円 が、6,000,000円を超えないことから、6,000,000円となる。 （６）　金融商品取引法第172条の２第１項第１号の規定により、令和２年７月30日提出の有価証券届出書（株 式及び新株予約権証券の募集）に係る課徴金の額は、記載すべき重要な事項の記載が欠けている発行開示書類に基づく募集により取得させた株式及び新株予約権証券の発行価額の総額（当該新株予約権の行使に際して払い込むべき金額を含む。）2,750,858,000円の100分の4.5に相当する額である123,788,610円 に、金融商品取引法第176条第２項の規定により１万円未満の端数を切り捨てて、123,780,000円 となるが、当社が、令和２年７月30日提出の有価証券届出書を提出した日から遡り５年以内に、旧金融 商品取引法第172条の４第２項の規定による課徴金を国庫に納付することを命ずる旨の決定を受けたことがあることから、令和５年法律第79号附則第２条第７項の規定により同決定が金融商品取引法第185条の15第１項に規定する課徴金納付命令とみなされることにより適用される金融商品取引法第185条の７第15項の規定により、123,780,000円の1.5倍に相当する額である185,670,000円となる。 （７）　金融商品取引法第172条の２第１項第１号の規定により、令和３年７月21日提出の有価証券 届出書（新 株予約権証券の募集）に係る課徴金の額は、重要な事項につき虚偽の記載があり、又は予約権証券の発行価額の総額（当該新株予約権の行使に際して払い込むべき金額を含む。）1,197,983,840円の100分の4.5に相当する額である53,909,272円 に、金融商品取引法第176条第２項の規定により１万円未満の端数を切り捨てて、 53,900,000円 となるが、当社が、令和３年７月21日提出の有価証券届出書を提出した日から遡り５年以内に、旧金融 商品取引法第172条の４第２項の規定による課徴金を国庫に納付することを命ずる旨の決定を受けたことが あることから、令和５年法律第79号附則第２条第７項の規定により同決定が金融商品取引法第185条の15 第１項に規定する課徴金納付命令とみなされることにより適用される金融商品取引法第185条の７第15項 の規定により、53,900,000円の1.5倍に相当する額である80,850,000円となる。 （８）　金融商品取引法第172条の２第１項第１号の規定により、令和５年２月８日提出の有価証券 届出書（株 式及び新株予約権証券の募集）に係る課徴金の額は、記載すべき重要な事項の記載が欠けている発行開示書類に基づく募集により取得させた株式及び新株予約権証券の発行価額の総額（当該新株予約権の行使に際して払い込むべき金額を含む。）2,063,294,800円の100分の4.5に相当する額である92,848,266円 に、金融商品取引法第176条第２項の規定により１万円未満の端数を切り捨てて、92,840,000円 となるが、当社が、令和５年２月８日提出の有価証券届出書を提出した日から遡り５年以内に、旧金融 商品取引法第172条の４第２項の規定による課徴金を国庫に納付することを命ずる旨の決定を受けたことがあることから、令和５年法律第79号附則第２条第７項の規定により同決定が金融商品取引法第185条の15第１項に規定する課徴金納付命令とみなされることにより適用される金融商品取引法第185条の７第15項の規定により、92,840,000円の1.5倍に相当する額である139,260,000円となる。 （９）　金融商品取引法第172条の２第１項第１号の規定により、令和６年４月19日提出の有価証券届出書（株 式及び新株予約権証券の募集）に係る課徴金の額は、記載すべき重要な事項の記載が欠けている発行開示書類に基づく募集により取得させた株式及び新株予約権証券の発行価額の総額（当該新株予約権の行使に際して払い込むべき金額を含む。）4,112,649,600円の100分の4.5に相当する額である185,069,232円 に、金融商品取引法第176条第２項の規定により１万円未満の端数を切り捨てて、185,060,000円とな る。 【別図】主な不適正な会計処理等の概要 (１）前渡金の計上による損失の不計上 （２）「関連当事者との取引」の注記の不記載 （３）「偶発債務（債務保証）」の注記の不記載 (クリックすると拡大されます。)",0
2025-01-28,2020/06/10-2020/06/29,株式会社ガーラ,4777,株式会社ガーラにおける有価証券報告書等の虚偽記載に係る課徴金納付命令勧告について,https://www.fsa.go.jp/sesc/news/c_2025/2025/20250128-1.html,"English version 令和７年１月28日 証券取引等監視委員会 株式会社ガーラにおける有価証券報告書等の虚偽記載に係る課徴金納付命令勧告について １．勧告の内容 証券取引等監視委員会は、株式会社ガーラ（法人番号8011001026934）（以下「当社」という。）における金融商品取引法に基づく開示規制の違反について検査した結果、以下のとおり法令違反の事実が認められたので、本日、内閣総理大臣及び金融庁長官に対して、金融庁設置法第20条第１項の規定に基づき、課徴金納付命令を発出するよう勧告を行った。 ２．法令違反の事実関係 当社は、本来費用計上しなければならないソフトウェアの開発費について、ソフトウェア仮勘定及びソフトウェアとして資産を過大計上する不適正な会計処理を行った。 ※不適正な会計処理の概要については、 別図 のとおり。 （１）継続開示書類 当社は、関東財務局長に対し、令和２年６月29日、金融商品取引法第172条の４第１項に規定する「重要な事項につき虚偽の記載」がある令和２年３月期有価証券報告書を提出した（「重要な事項につき虚偽の記載」の内容は別紙１の表の番号１のとおり）。 （２）発行開示書類 当社は、関東財務局長に対し、令和２年５月25日、重要な事項につき虚偽の記載がある平成31年３月期有価証券報告書を組込情報とする等の金融商品取引法第172条の２第１項に規定する「重要な事項につき虚偽の記載」がある有価証券届出書（株式及び新株予約権証券の募集）を提出した（「重要な事項につき虚偽の記載」の内容は別紙１の表の番号２のとおり）。 当該有価証券届出書に基づく募集により、令和２年６月10日、1,401,900株の株式及び46,729個の新株予約権証券を1,310,100,664円（当該新株予約権の行使に際して払い込むべき金額を含む。）で取得させた。 ３．課徴金の額の計算 上記の違法行為について金融商品取引法に基づき算定される課徴金の額は、6495万円である（計算方法については別紙２のとおり）。 【別紙１】有価証券報告書等の虚偽記載内容 番 号 対象書類 虚偽記載 提出日 書類 会計期間 記載項目 主な内容（注） 主な事由 １ 令和２年 ６月29日 第27期（平成31年４月１日～令和２年３月31日）に係る有価証券報告書 平成31年４月１日～令和２年３月31日の連結会計期間 連結 賃借対照表 連結純資産額が ▲224,392千円であるところを 114,004千円と記載 ソフトウェア仮勘定及びソフトウェアの過大計上 ２ 令和２年 ５月25日 有価証券届出書（株式及び新株予約権証券の募集） 平成30年４月１日～平成31年３月31日の連結会計期間 連結 賃借対照表 連結純資産額が ▲161,975千円であるところを 195,327千円と記載 ソフトウェア仮勘定及びソフトウェアの過大計上 平成31年４月１日～令和２年３月31日の連結会計期間 連結 賃借対照表 連結純資産額が ▲224,392千円であるところを 114,004千円と記載 ソフトウェア仮勘定及びソフトウェアの過大計上 （注）金額は千円未満切捨てである。 【別紙２】課徴金の計算方法 （１）　金融商品取引法第172条の４第１項の規定により、令和２年３月期有価証券報告書について算出した課徴金の額は、当社が発行する算定基準有価証券の市場価額の総額に10万分の６を乗じて得た額283,323円が、6,000,000円を超えないことから、6,000,000円となる。 （２）　金融商品取引法第172条の２第１項第１号の規定により、令和２年５月25日提出の有価証券届出書（株式及び新株予約権証券の募集）に係る課徴金の額は、重要な事項につき虚偽の記載がある発行開示書類に基づく募集により取得させた株式の発行価額の総額（当該新株予約権の行使に際して払い込むべき金額を含む。）1,310,100,664円の100分の4.5に相当する額である58,954,529円に、金融商品取引法第176条第２項の規定により１万円未満の端数を切り捨てて、58,950,000円となる。 【別図】不適正な会計処理の概要 (クリックすると拡大されます。)",0
