date,period,stock_name,stock_code,title,link,lt,class
2006-11-22,2005/10/04-2005/10/06,大和証券株式会社,8601,大和証券株式会社に対する検査結果に基づく勧告について（平成18年11月22日）,https://www.fsa.go.jp/sesc/news/c_2006/2006/20061122-2.html,大和証券株式会社に対する検査結果に基づく勧告について 平成18年11月22日 証券取引等監視委員会 １ ．勧告の内容 証券取引等監視委員会は、大和証券株式会社（東京都千代田区、資本金１，０００億円、役職員６，６３８名）を検査した結果、下記のとおり、当該証券会社及び当該証券会社の使用人に法令違反の事実が認められたので、本日、内閣総理大臣及び金融庁長官に対して、金融庁設置法第２０条第１項の規定に基づき、行政処分及びその他の適切な措置を講ずるよう勧告した。 ２ ．事実関係 （１ ）内部者取引のおそれのあることを知りながら顧客の有価証券の売買の受託をする行為 大和証券株式会社姫路支店投資銀行業務担当課長代理Ａ（以下「課長代理Ａ」という。）は、その業務に関し、Ｂ社及びＢ社役員により行われたＢ社株式に係る内部者取引のうち、Ｂ社役員による平成１７年１０月４日及び６日の当該証券会社姫路支店に開設されたＣ社名義口座での計２回、１，５００株の買付注文について、以下の事情から、証券取引法第１６６条第１項の規定に違反するおそれのあることを認識していたにもかかわらず、委託注文書を徴求するなどの必要な対応をとることなく、当該買付注文を受託していた。 Ｃ社名義口座開設の経緯等から、同口座がＢ社役員の借名口座ではないかとの疑念を抱いていたこと。 当該買付注文受注時点において、Ｂ社に株式分割を行うという公表されていない重要事実が存在することを認識していたこと。 当該買付注文が、Ｂ社役員の指示によるものではないかとの疑いを持っており、かつ、同社の他の役員により発注されたものであったこと。 当該証券会社及び課長代理Ａが行った上記行為は、証券取引法第４２条第１項第１０号に基づく証券会社の行為規制等に関する内閣府令第４条第８号に該当するものと認められる。 （２ ）顧客の有価証券の売買に関する管理の状況が法人関係情報に係る不公正な取引の防止上十分でないと認められる状況 上記（１）のとおり、課長代理Ａは、その業務に関し、内部者取引のおそれのあることを知りながら顧客の有価証券の売買の受託をしていたものであるが、大和証券株式会社姫路支店長Ｄ（在籍期間：平成１３年４月から平成１６年１２月まで。以下「支店長Ｄ」という。）及びその後任の支店長Ｅ（同：平成１６年１２月から平成１８年３月まで。以下「支店長Ｅ」という。）は、以下のとおり、内部者取引を防止するための十分な対策を講じないまま業務を行っていた。 支店長Ｄは、その業務に関し、以下のとおり、内部者取引を防止するための十分な対策を講じていなかった。 イ 社内では投資銀行業務担当者が有価証券の売買取引の受託担当となることを運用上、原則として禁止する指導が行われているにもかかわらず、課長代理ＡがＣ社名義口座からの売買注文の受託を担当することを指示、容認していた。 ロ Ｃ社名義口座でのＢ社株式の売買等に関し、内部者取引等の観点から注意を要するとの懸念を持っていたことから、課長代理Ａに対しては内部者取引等には注意するよう指示していたとするものの、同支店の内部管理責任者等に対しては同様の指示はしておらず、また、自ら同口座でのＢ社株式の売買等についての確認等を行っていなかった。 支店長Ｅは、その業務に関し、Ｃ社がＢ社の紹介顧客であり、Ｂ社株式の買付けを継続して行っていること、課長代理ＡがＣ社名義口座からの売買注文の受託を担当していること、及び上記（１） の重要事実が存在することを認識していたにもかかわらず、内部者取引を防止するための十分な対策を講じていなかった。 支店長Ｄ及びＥが必要な対策を講ずることなく業務を行っていた、当該証券会社の上記の業務の状況は、証券取引法第４３条第２号に基づく証券会社の行為規制等に関する内閣府令第１０条第４号に該当するものと認められる。 （３ ）本人確認法上の本人確認を行わないまま、顧客の有価証券の売買の注文を受託する行為 課長代理Ａは、その業務に関し、上記（１） のとおり、Ｃ社名義口座がＢ社役員の借名口座ではないかとの疑念を抱いていたにもかかわらず、当該口座について形式的な本人確認を行ったのみで、金融機関等による顧客等の本人確認等及び預金口座等の不正な利用の防止に関する法律に定める本人確認を行っていなかった。 当該証券会社及び課長代理Ａが行った上記行為は、金融機関等による顧客等の本人確認等及び預金口座等の不正な利用の防止に関する法律施行令第３条第１項第２９号に規定する「取引の相手方が取引の名義人になりすましている疑いがある場合における当該取引」を行うに際し、本人確認を行わない行為に該当し、金融機関等による顧客等の本人確認等及び預金口座等の不正な利用の防止に関する法律第３条第１項に違反するものと認められる。,1
2007-12-14,2007/03/19,株式会社ＷＤＩ,3068,株式会社ＷＤＩの株券に係る内部者取引の調査結果に基づく課徴金納付命令の勧告について（平成19年12月14日）,https://www.fsa.go.jp/sesc/news/c_2007/2007/20071214-2.html,株式会社ＷＤＩの株券に係る内部者取引の調査結果に基づく課徴金納付命令の勧告について 平成１９年１２月１４日 証券取引等監視委員会 １ ．勧告の内容 証券取引等監視委員会は、株式会社ＷＤＩの株券に係る内部者取引について検査した結果、下記のとおり法令違反の事実が認められたので、本日、内閣総理大臣及び金融庁長官に対して、金融庁設置法第２０条第１項の規定に基づき、課徴金納付命令を発出するよう勧告を行った。 ２ ．法令違反の事実関係 課徴金納付命令対象者は、株式会社ＷＤＩの社員であったが、同社が平成１９年３月期の個別及び連結業績予想を下方修正する事実をその職務に関し知り、この事実が公表される平成１９年４月１０日以前の同年３月１９日に、株式会社ＷＤＩの株券合計１，５００株を総額１２９万３，５００円で売り付けたものである。 同人が行った上記の行為は、金融商品取引法第１７５条第１項に規定する「第百六十六条第一項又は第三項の規定に違反して、自己の計算において同条第一項に規定する売買等をした」行為に該当すると認められる。 ３ ．課徴金額の計算 上記の違法行為に対し金融商品取引法に基づき納付を命じられる課徴金額は、９万円である。 計算方法の詳細については、 別紙 (PDF/64KB) のとおり。,1
2006-11-09,2006/09/05-2006/11/06,泉州電業株式会社,9824,泉州電業株式会社の株券に係る内部者取引の調査結果に基づく課徴金納付命令の勧告について（平成19年10月19日）,https://www.fsa.go.jp/sesc/news/c_2007/2007/20071019-1.html,泉州電業株式会社の株券に係る内部者取引の調査結果に基づく課徴金納付命令の勧告について 平 成１９年１０月１９日 証券取引等監視委員会 １ ．勧告の内容 証券取引等監視委員会は、泉州電業株式会社の株券に係る内部者取引について検査した結果、下記のとおり法令違反の事実が認められたので、本日、内閣総理大臣及び金融庁長官に対して、金融庁設置法第２０条第１項の規定に基づき、課徴金納付命令を発出するよう勧告を行った。 ２ ．法令違反の事実関係 課徴金納付命令対象者 は、泉州電業株式会社の社員であったが、同社が転換社債型新株予約権付社債を引き受ける者の募集を行うことを決定した事実をその職務に関し知り、この事実が公表される平成１８年１１月９日以前の同月６日に、株券２００株を５４万円で売り付けたものである。 課徴金納付命令対象者 は、泉州電業株式会社の社員であったが、同社が転換社債型新株予約権付社債を引き受ける者の募集を行うことを決定した事実をその職務に関し知り、この事実が公表される平成１８年１１月９日以前の同年９月５日に、株券合計１，０００株を総額３０６万６，０００円で売り付けたものである。 上記２名が行った上記の行為は、金融商品取引法第１７５条第１項に規定する「第百六十六条第一項又は第三項の規定に違反して、自己の計算において同条第一項に規定する売買等をした」行為に該当すると認められる。 ３ ．課徴金額の計算 上記の違法行為に対し金融商品取引法に基づき納付を命じられる課徴金額は、課徴金納付命令対象者 については４万円、課徴金納付命令対象者 については５８万円である。 計算方法の詳細については、 別紙 (PDF/81KB) のとおり。,1
2007-03-08,2007/03/08,カッパ・クリエイト株式会社,7421,カッパ・クリエイト株式会社の株券に係る内部者取引の調査結果に基づく課徴金納付命令の勧告について（平成19年11月2日）,https://www.fsa.go.jp/sesc/news/c_2007/2007/20071102.html,カッパ・クリエイト株式会社の株券に係る内部者取引の調査結果に基づく課徴金納付命令の勧告について 平 成１９年１１月２日 証券取引等監視委員会 １ ．勧告の内容 証券取引等監視委員会は、カッパ・クリエイト株式会社の株券に係る内部者取引について検査した結果、下記のとおり法令違反の事実が認められたので、本日、内閣総理大臣及び金融庁長官に対して、金融庁設置法第２０条第１項の規定に基づき、課徴金納付命令を発出するよう勧告を行った。 ２ ．法令違反の事実関係 課徴金納付命令対象者は、カッパ・クリエイト株式会社の資本業務提携契約の締結交渉先の役員から、同人が同契約の締結の交渉に関し知ったカッパ・クリエイト株式会社が株式会社ゼンショーと資本提携を伴う業務上の提携を行うことを決定した事実の伝達を受け、平成１９年３月８日、この事実が公表される午後３時１５分より以前に、カッパ・クリエイト株式会社の株券４，０００株を６６５万６，０００円で買い付けたものである。 同人が行った上記の行為は、金融商品取引法第１７５条第１項に規定する「第百六十六条第一項又は第三項の規定に違反して、自己の計算において同条第一項に規定する売買等をした」行為に該当すると認められる。 ３ ．課徴金額の計算 上記の違法行為に対し金融商品取引法に基づき納付を命じられる課徴金額は、４４万円である。 計算方法の詳細については、 別紙 (PDF/7KB) のとおり。,1
2007-07-03,2005/11/16-2005/11/17,株式会社倉元製作所,5216,株式会社倉元製作所の株券に係る内部者取引の調査結果に基づく課徴金納付命令の勧告について（平成19年7月3日）,https://www.fsa.go.jp/sesc/news/c_2007/2007/20070703.html,株式会社倉元製作所の株券に係る内部者取引の調査結果に基づく課徴金納付命令の勧告について 平成19年７月３日 証券取引等監視委員会 １ ．勧告の内容 証券取引等監視委員会は、株式会社倉元製作所の株券に係る内部者取引について検査した結果、下記のとおり法令違反の事実が認められたので、本日、内閣総理大臣及び金融庁長官に対して、金融庁設置法第２０条第１項の規定に基づき、課徴金納付命令を発出するよう勧告を行った。 ２ ．法令違反の事実関係 課徴金納付命令対象者は、株式会社倉元製作所の契約締結先の社員であったが、株式会社倉元製作所がショットアーゲーと業務提携を行うことを決定した事実を同契約の締結及びその交渉に関し知り、この事実が公表される平成１７年１１月２４日以前の同月１６日及び同月１７日に、株券合計３，０００株を総額１８７万７，２００円で買い付けたものである。 同人が行った上記の行為は、証券取引法第１７５条第１項に規定する「第百六十六条第一項又は第三項の規定に違反して、自己の計算において同条第一項に規定する売買等をした」行為に該当すると認められる。 ３ ．課徴金額の計算 上記の違法行為に対し証券取引法に基づき納付を命じられる課徴金額は、１５万円である。 計算方法の詳細については、 別紙 (PDF/80KB) のとおり。,1
2007-03-09,2005/07/04-2005/07/13,株式会社小松製作所,6301,株式会社小松製作所の株券に係る内部者取引の調査結果に基づく勧告について（平成19年3月9日）,https://www.fsa.go.jp/sesc/news/c_2007/2007/20070309.html,株式会社小松製作所の株券に係る内部者取引の調査結果に基づく勧告について 平成19年３月９日 証券取引等監視委員会 １ ．勧告の内容 証券取引等監視委員会は、株式会社小松製作所の株券に係る内部者取引について検査した結果、下記のとおり法令違反の事実が認められたので、本日、内閣総理大臣及び金融庁長官に対して、金融庁設置法第２０条第１項の規定に基づき、課徴金納付命令を発出するよう勧告を行った。 ２ ．法令違反の事実関係 株式会社小松製作所の執行役員は、同社の子会社のオランダコマツファイナンス有限会社が解散を行うことについての決定した事実を、その職務に関して知り、当該事実が公表される平成１７年７月１３日以前の同月４日から同月１３日の間に、株式会社小松製作所の計算において、株券１３１万６０００株を１１億７７４６万１０００円で買い付けたものである。 同社が行った上記の行為は、証券取引法第１７５条第７項において準用する同条第１項に規定する「第百六十六条第一項又は第三項の規定に違反して、自己の計算において同条第一項に規定する売買等をした」行為に該当すると認められる。 ３ ．課徴金額の計算 上記の違法行為に対し証券取引法に基づき納付を命じられる課徴金額は、４３７８万円である。 計算方法の詳細については、 別紙 (PDF/91KB) のとおり。,1
2008-10-17,2007/11/02-2007/11/15,株式会社ＡＯＫＩホールディングス,8214,株式会社ヴァリック役員及び元社員による内部者取引に対する課徴金納付命令の勧告について（平成20年10月17日）,https://www.fsa.go.jp/sesc/news/c_2008/2008/20081017.html,"株式会社ヴァリック役員及び元社員による内部者取引に対する課徴金納付命令の勧告について 平成２０年１０月１７日 証券取引等監視委員会 １．勧告の内容 証券取引等監視委員会は、株式会社ヴァリック役員及び元社員による内部者取引について検査した結果、下記のとおり法令違反の事実が認められたので、本日、内閣総理大臣及び金融庁長官に対して、金融庁設置法第２０条第１項の規定に基づき、課徴金納付命令を発出するよう勧告を行った。 ２．法令違反の事実関係 課徴金納付命令対象者 は、 (1) 株式会社ヴァリックの役員であったが、同社の業務執行を決定する機関が株式会社ＡＯＫＩホールディングスとの間で株式交換を行うことについての決定をした旨の事実を、その職務に関し知り、この事実が公表される平成１９年１１月１５日午後３時３０分より以前の同日に、株式会社ヴァリックの株券合計８株を総額９３万４，０００円で買い付け、 (2) 株式会社ラヴィスと機密保持契約を締結していた株式会社ヴァリックの役員として、同契約を履行していたものであったが、株式会社ラヴィスの業務執行を決定する機関が株式会社ＡＯＫＩホールディングスとの間で株式交換を行うことについての決定をした旨の事実を、同契約の履行に関し知り、この事実が公表される平成１９年１１月１５日午後３時３０分より以前の同月１４日及び同月１５日に、株式会社ラヴィスの株券合計１２株を総額９７万２，０００円で買い付け たものである。 課徴金納付命令対象者 は、株式会社ヴァリックの社員であったが、同社の業務執行を決定する機関が株式会社ＡＯＫＩホールディングスとの間で株式交換を行うことについての決定をした旨の事実を、その職務に関し知り、株式会社ヴァリックを退職した後、この事実が公表される平成１９年１１月１５日より以前の同月２日及び同月７日に、株式会社ヴァリックの株券合計２株を総額２２万５，０００円で買い付けたものである。 上記２名が行った上記の各行為は、金融商品取引法第１７５条第１項に規定する「第百六十六条第一項又は第三項の規定に違反して、自己の計算において同条第一項に規定する売買等をした」行為に該当すると認められる。 ３．課徴金の額の計算 上記の違法行為に対し金融商品取引法に基づき納付を命じられる課徴金の額は、課徴金納付命令対象者 については３４万円、課徴金納付命令対象者 については５万円である。 計算方法の詳細については、別紙のとおり。 （別紙） ○　課徴金の額の計算方法について 金融商品取引法第１７５条第１項に基づき、課徴金の額は、 （重要事実が公表された翌日の終値）×（買付株数） －（買付価格）×（買付株数） となる。 したがって、重要事実の公表翌日の平成１９年１１月１６日の株式会社ヴァリックの株価の終値は、１４２，０００円、株式会社ラヴィスの株価の終値は、９２，８００円であることから、課徴金の額は下記の金額となる。 課徴金納付命令対象者 (1) 株式会社ヴァリック株式について （１４２，０００円×８株） －買付価額９３４，０００円 （注） ＝２０２，０００円 ⇒課徴金の額は１万円未満を切り捨てるため、 ２０万円 （注）買付価額は、 ┌ │ │ └ 115,000円× 1株 117,000円× 7株 ┐ │ │ ┘ の合計額である。 (2) 株式会社ラヴィス株式について （９２，８００円×１２株） －買付価額９７２，０００円 （注） ＝１４１，６００円 ⇒課徴金の額は１万円未満を切り捨てるため、 １４万円 （注）買付価額は、 ┌ │ │ │ └ 80,800円×8株 80,000円×2株 82,800円×2株 ┐ │ │ │ ┘ の合計額である。 課徴金納付命令対象者 （１４２，０００円×２株） －買付価額２２５，０００円 （注） ＝５９，０００円 ⇒課徴金額は１万円未満を切り捨てるため、 ５万円 （注）買付価額は、 ┌ │ │ └ 113,000円× 1株 112,000円× 1株 ┐ │ │ ┘ の合計額である。",1
2008-04-25,2007/08/06,日本電子材料株式会社,6855,日本電子材料株式会社社員による内部者取引に対する課徴金納付命令の勧告について（平成20年4月25日）,https://www.fsa.go.jp/sesc/news/c_2008/2008/20080425-1.html,"日本電子材料株式会社社員による内部者取引に対する課徴金納付命令の勧告について 平成２０年４月２５日 証券取引等監視委員会 １．勧告の内容 証券取引等監視委員会は、日本電子材料株式会社社員による内部者取引について検査した結果、下記のとおり法令違反の事実が認められたので、本日、内閣総理大臣及び金融庁長官に対して、金融庁設置法第２０条第１項の規定に基づき、課徴金納付命令を発出するよう勧告を行った。 ２．法令違反の事実関係 課徴金納付命令対象者は、日本電子材料株式会社の社員であったが、同社が平成２０年３月期の業績予想を下方修正する事実をその職務に関し知り、この事実が公表される平成１９年８月７日以前の同月６日に、株券合計３，４００株を総額５０１万５，０００円で売り付けたものである。 同人が行った上記の行為は、金融商品取引法第１７５条第１項に規定する「第百六十六条第一項又は第三項の規定に違反して、自己の計算において同条第一項に規定する売買等をした」行為に該当すると認められる。 ３．課徴金額の計算 上記の違法行為に対し金融商品取引法に基づき納付を命じられる課徴金額は、９４万円である。 計算方法の詳細については、別紙のとおり。 （別紙） ○　課徴金額の計算方法について 金融商品取引法第１７５条第１項に基づき、課徴金額は、 （売付価格）×（売付株数） －（重要事実が公表された翌日の終値）×（売付株数） となる。 したがって、重要事実の公表翌日の平成１９年８月８日の日本電子材料株式会社の株価の終値は、１，１９７円であることから、課徴金額は下記の金額となる。 売付価額５，０１５，０００円（注） －（１，１９７円×３，４００株）＝９４５，２００円 ⇒課徴金額は１万円未満を切り捨てるため、 ９４万円 (注)売付価額は、 ┌ │ │ │ │ │ └ 1,477円× 200株 ┐ │ │ │ │ │ ┘ の合計額である。 1,476円× 600株 1,475円×1,900株 1,474円× 400株 1,473円× 300株",1
2009-12-08,2008/10/28-2008/10/30,建設株式会社,1619,山﨑建設株式会社社員による内部者取引に対する課徴金納付命令の勧告について（平成21年12月8日）,https://www.fsa.go.jp/sesc/news/c_2009/2009/20091208_1.html,"平成２１年１２月８日 証券取引等監視委員会 山﨑建設株式会社社員による内部者取引に対する課徴金納付命令の勧告について １．勧告の内容 証券取引等監視委員会は、山﨑建設株式会社社員による内部者取引について検査した結果、下記のとおり法令違反の事実が認められたので、本日、内閣総理大臣及び金融庁長官に対して、金融庁設置法第２０条第１項の規定に基づき、課徴金納付命令を発出するよう勧告を行った。 ２．法令違反の事実関係 課徴金納付命令対象者は、山﨑建設株式会社の社員であったが、同社が更生手続開始の申立てを行うことを決定した事実をその職務に関し知り、この事実が公表された平成２０年１０月３０日より前の同月２８日から同月３０日までの間に、山﨑建設株式会社の株券合計５万１，０００株を売付価額２４６万７，０００円で売り付けたものである。 課徴金納付命令対象者が行った上記の行為は、金融商品取引法（平成２０年法律第６５号による改正前のもの。以下「旧金融商品取引法」という。）第１７５条第１項に規定する「第１６６条第１項又は第３項の規定に違反して、自己の計算において同条第１項に規定する売買等をした」行為に該当すると認められる。 ３．課徴金の額の計算 上記の違法行為に対し金融商品取引法に基づき納付を命じられる課徴金の額は、１９０万円である。 計算方法の詳細については、別紙のとおり。 （別紙） ○　課徴金の額の計算方法について 旧金融商品取引法第１７５条第１項に基づき、課徴金の額は、 （売付価格）×（売付株数）－（重要事実が公表された翌日の終値等）×（売付株数） となる。 したがって、重要事実の公表翌日は売買が成立せず、値がつかなかったため、以後の直近の山﨑建設株式会社の株価である平成２０年１１月４日の株価の始値は、１１円であることから、課徴金の額は下記の金額となる。 売付価額２，４６７，０００円（注）－（１１円×５１，０００株）＝１，９０６，０００円 ⇒課徴金の額は１万円未満を切り捨てるため、 １９０万円 （注）売付価額は、 ┌ │ │ │ │ │ │ │ │ │ │ └ 35円×8,000株 37円×2,000株 ┐ │ │ │ │ │ │ │ │ │ │ ┘ の合計額である。 40円×5,000株 45円×1,000株 48円×1,000株 49円×6,000株 50円×8,000株 51円×6,000株 52円×3,000株 53円×1,000株 54円×2,000株 61円×3,000株 64円×5,000株",1
2009-12-15,2007/03/12-2009/01/14,株式会社日立製作所,6501,株式会社日立製作所社員からの情報受領者による内部者取引に対する課徴金納付命令の勧告について（平成21年12月15日）,https://www.fsa.go.jp/sesc/news/c_2009/2009/20091215_1.html,"平成２１年１２月１５日 証券取引等監視委員会 株式会社日立製作所社員からの情報受領者による内部者取引に対する課徴金納付命令の勧告について １．勧告の内容 証券取引等監視委員会は、株式会社日立製作所社員からの情報受領者による内部者取引について検査した結果、下記のとおり法令違反の事実が認められたので、本日、内閣総理大臣及び金融庁長官に対して、金融庁設置法第２０条第１項の規定に基づき、課徴金納付命令を発出するよう勧告を行った。 ２．法令違反の事実関係 課徴金納付命令対象者は、 日本電産株式会社との公開買付けの応募に関する合意に係る契約の締結交渉先の株式会社日立製作所の社員から、同人がその契約の締結の交渉に関し知った、日本電産株式会社が日本サーボ株式会社（現日本電産サーボ株式会社）の株券の公開買付けを行うことを決定した事実の伝達を受け、この事実が公表された平成１９年３月１３日より前の同月１２日に、同株券合計２万５，０００株を、自己の計算において、買付価額４９５万円で買い付けた。 課徴金納付命令対象者が行った上記の行為は、平成２０年法律第６５号による改正前の金融商品取引法（以下「旧金融商品取引法」という。）第１７５条第２項に規定する「第１６７条第１項又は第３項の規定に違反して、自己の計算において同条第１項に規定する特定株券等若しくは関連株券等に係る買付け等又は同項に規定する株券等に係る売付け等をした」行為に該当すると認められる。 株式会社日立製作所の社員から、同人がその職務に関し知った、株式会社日立製作所が日立工機株式会社の株券の公開買付けを行うことを決定した事実の伝達を受け、この事実が公表された平成２１年１月１５日より前の同月１４日に、同株券合計５，０００株を、自己の計算において、買付価額３７２万４，０００円で買い付け、 株式会社日立製作所の社員から、同人がその職務に関し知った、株式会社日立製作所が株式会社日立国際電気の株券の公開買付けを行うことを決定した事実の伝達を受け、この事実が公表された平成２１年１月１５日より前の同月１４日に、同株券１万１，０００株を、自己の計算において、買付価額４８４万円で買い付けた。 課徴金納付命令対象者が行った上記の行為は、金融商品取引法第１７５条第２項に規定する「第１６７条第１項又は第３項の規定に違反して、同条第１項に規定する特定株券等若しくは関連株券等に係る買付け等又は同項に規定する株券等に係る売付け等をした」行為に該当すると認められる。 ３．課徴金の額の計算 上記の違法行為に対し金融商品取引法に基づき納付を命じられる課徴金の額は、７５２万円である。 計算方法の詳細については、別紙のとおり。 （別紙） ○　課徴金の額の計算方法について (1)　日本サーボ株式会社の株券の買付けに係る課徴金の額 旧金融商品取引法第１７５条第２項に基づき、課徴金の額は、 （公開買付けの実施に関する事実が公表された翌日の終値等）×（買付株数）－（買付価格）×（買付株数） となる。 したがって、公開買付けの実施に関する事実の公表翌日の平成１９年３月１４日の日本サーボ株式会社の株価の終値は、３６２円であることから、課徴金の額は下記の金額となる。 （３６２円×２５，０００株）－買付価額４，９５０，０００円（１９８円×２５，０００株）＝４，１００，０００円 (2)　日立工機株式会社及び株式会社日立国際電気の株券の買付けに係る課徴金の額 金融商品取引法第１７５条第２項に基づき、課徴金の額は、 （公開買付けの実施に関する事実が公表された後２週間における最も高い価格）×（買付株数）－（買付価格）×（買付株数） となる。 したがって、 公開買付けの実施に関する事実の公表後２週間における日立工機株式会社の最も高い株価は、平成２１年１月１９日の１，０４２円であることから、課徴金の額は下記の金額となる。 （１，０４２円×５，０００株）－買付価額３，７２４，０００円（注）＝１，４８６，０００円 ⇒課徴金の額は１万円未満を切り捨てるため、 １４８万円 （注）買付価額は、743円×500株、745円×4,500株　の合計額である。 公開買付けの実施に関する事実の公表後２週間における株式会社日立国際電気の最も高い株価は、平成２１年１月１６日の６１７円であることから、課徴金の額は下記の金額となる。 （６１７円×１１，０００株）－買付価額４，８４０，０００円（４４０円×１１，０００株）＝１，９４７，０００円 ⇒課徴金の額は１万円未満を切り捨てるため、 １９４万円",1
2009-11-20,2008/10/06,フタバ産業株式会社,7241,フタバ産業株式会社社員からの情報受領者による内部者取引に対する課徴金納付命令の勧告について（平成21年11月20日）,https://www.fsa.go.jp/sesc/news/c_2009/2009/20091120.html,平成２１年１１月２０日 証券取引等監視委員会 フタバ産業株式会社社員からの情報受領者による内部者取引に対する課徴金納付命令の勧告について １．勧告の内容 証券取引等監視委員会は、フタバ産業株式会社社員からの情報受領者による内部者取引について検査した結果、下記のとおり法令違反の事実が認められたので、本日、内閣総理大臣及び金融庁長官に対して、金融庁設置法第２０条第１項の規定に基づき、課徴金納付命令を発出するよう勧告を行った。 ２．法令違反の事実関係 課徴金納付命令対象者は、フタバ産業株式会社社員から、同人がその職務に関し知った、フタバ産業株式会社において同社の平成１８年３月期、同１９年３月期及び同２０年３月期の各過年度決算数値に過誤があることが発覚した旨の同社の運営、業務又は財産に関する重要な事実であって投資者の投資判断に著しい影響を及ぼす事実の伝達を受け、この事実が公表された平成２０年１０月１５日より前の同月６日に、フタバ産業株式会社の株券９，７００株を売付価額１，１３５万８，７００円で売り付けたものである。 課徴金納付命令対象者が行った上記の行為は、金融商品取引法（平成２０年法律第６５号による改正前のもの。以下「旧金融商品取引法」という。）第１７５条第１項に規定する「第１６６条第１項又は第３項の規定に違反して、自己の計算において同条第１項に規定する売買等をした」行為に該当すると認められる。 ３．課徴金の額の計算 上記の違法行為に対し金融商品取引法に基づき納付を命じられる課徴金の額は、２５８万円である。 計算方法の詳細については、別紙のとおり。 （別紙） ○　課徴金の額の計算方法について 旧金融商品取引法第１７５条第１項に基づき、課徴金の額は、 （売付価格）×（売付株数）－（重要事実が公表された翌日の終値等）×（売付株数） となる。 したがって、重要事実の公表翌日である平成２０年１０月１６日のフタバ産業株式会社の株価の終値は、９０５円であることから、課徴金の額は下記の金額となる。 売付価額１１，３５８，７００円（１，１７１円×９，７００株）－（９０５円×９，７００株）＝２，５８０，２００円 ⇒課徴金の額は１万円未満を切り捨てるため、 ２５８万円,1
2009-10-30,2008/11/26,オリエンタル白石株式会社,1786,オリエンタル白石株式会社社員らによる内部者取引に対する課徴金納付命令の勧告について（平成21年10月30日）,https://www.fsa.go.jp/sesc/news/c_2009/2009/20091030.html,"平成２１年１０月３０日 証券取引等監視委員会 オリエンタル白石株式会社社員らによる内部者取引に対する課徴金納付命令の勧告について １．勧告の内容 証券取引等監視委員会は、オリエンタル白石株式会社社員らによる内部者取引について検査した結果、下記のとおり法令違反の事実が認められたので、本日、内閣総理大臣及び金融庁長官に対して、金融庁設置法第２０条第１項の規定に基づき、課徴金納付命令を発出するよう勧告を行った。 ２．法令違反の事実関係 (1)　オリエンタル白石株式会社社員 課徴金納付命令対象者 は、オリエンタル白石株式会社（以下「オリエンタル白石」という。）の社員であったが、同社が更生手続開始の申立てを行うことを決定した事実（以下「本件重要事実」という。）をその職務に関し知り、この事実が公表された平成２０年１１月２６日午後５時３０分より前の同日に、オリエンタル白石の株券合計１万２，０００株を売付価額１３１万９，４００円で売り付けたものである。 課徴金納付命令対象者 は、オリエンタル白石の社員であったが、本件重要事実をその職務に関し知り、この事実が公表された平成２０年１１月２６日午後５時３０分より前の同日に、オリエンタル白石の株券合計２，０００株を売付価額２４万２，７００円で売り付けたものである。 課徴金納付命令対象者 は、オリエンタル白石の社員であったが、本件重要事実をその職務に関し知り、この事実が公表された平成２０年１１月２６日午後５時３０分より前の同日に、オリエンタル白石の株券１，２００株を売付価額１５万円で売り付けたものである。 (2)　オリエンタル白石社員からの情報受領者 課徴金納付命令対象者 は、オリエンタル白石の社員から、同人がその職務に関し知った本件重要事実の伝達を受け、この事実が公表された平成２０年１１月２６日午後５時３０分より前の同日に、オリエンタル白石の株券６，３００株を売付価額７８万７，５００円で売り付けたものである。 課徴金納付命令対象者 は、オリエンタル白石の社員から、同人がその職務に関し知った本件重要事実の伝達を受け、この事実が公表された平成２０年１１月２６日午後５時３０分より前の同日に、オリエンタル白石の株券４，４００株を売付価額５５万円で売り付けたものである。 (3)　オリエンタル白石の契約締結先社員からの情報受領者（信用調査会社社員） 課徴金納付命令対象者 は、オリエンタル白石とのリース契約の契約締結先の社員がその契約の履行に関し知り、同社の従業者（以下「契約先の従業者」という。）が職務上知り、その後、課徴金納付命令対象者 の勤務先の社員が職務上契約先の従業者から伝達を受けた本件重要事実を、その職務に関し知り、この事実が公表された平成２０年１１月２６日午後５時３０分より前の同日に、オリエンタル白石の株券合計３万株を売付価額３２６万８，８００円で売り付けたものである。 (4)　オリエンタル白石の契約締結先役員からの情報受領者 課徴金納付命令対象者 は、オリエンタル白石との工事請負契約の契約締結先の役員から、同人がその契約の履行に関して知った本件重要事実の伝達を受け、この事実が公表された平成２０年１１月２６日午後５時３０分より前の同日に、オリエンタル白石の株券合計２万５，０００株を売付価額３０７万１，２００円で売り付けたものである。 上記７名が行った上記の行為は、金融商品取引法（平成２０年法律第６５号による改正前のもの。以下「旧金融商品取引法」という。）第１７５条第１項に規定する「第１６６条第１項又は第３項の規定に違反して、自己の計算において同条第１項に規定する売買等をした」行為に該当すると認められる。 ３．課徴金の額の計算 上記の違法行為に対し、金融商品取引法に基づき納付を命じられる課徴金額は下記のとおり。 課徴金納付命令対象者 ６１万円 課徴金納付命令対象者 １２万円 課徴金納付命令対象者 ７万円 課徴金納付命令対象者 ４１万円 課徴金納付命令対象者 ２９万円 課徴金納付命令対象者 １４９万円 課徴金納付命令対象者 １５９万円 計算方法の詳細については、別紙のとおり。 （別紙） ○　課徴金の額の計算方法について 旧金融商品取引法第１７５条第１項に基づき、課徴金の額は、 （売付価格）×（売付株数）－（重要事実が公表された翌日の終値等）×（売付株数） となる。 したがって、重要事実の公表翌日の平成２０年１１月２７日のオリエンタル白石株式会社の株価の終値は、５９円であることから、課徴金の額は下記の金額となる。 課徴金納付命令対象者 売付価額１，３１９，４００円（注）－（５９円×１２，０００株）＝６１１，４００円 ⇒課徴金の額は１万円未満を切り捨てるため、 ６１万円 （注）売付価額は、 ┌ │ │ │ │ │ │ │ └ 105円×3,800株 109円×200株 ┐ │ │ │ │ │ │ │ ┘ の合計額である。 110円×3,300株 111円×1,200株 112円×700株 113円×500株 115円×300株 116円×1,000株 117円×1,000株 課徴金納付命令対象者 売付価額２４２，７００円（注）－（５９円×２，０００株）＝１２４，７００円 ⇒課徴金の額は１万円未満を切り捨てるため、 １２万円 （注）売付価額は、121円×1,300株、122円×700株 の合計額である。 課徴金納付命令対象者 売付価額１５０，０００円（１２５円×１，２００株）－（５９円×１，２００株）＝７９，２００円 ⇒課徴金の額は１万円未満を切り捨てるため、 ７万円 課徴金納付命令対象者 売付価額７８７，５００円（１２５円×６，３００株）－（５９円×６，３００株）＝４１５，８００円 ⇒課徴金の額は１万円未満を切り捨てるため、 ４１万円 課徴金納付命令対象者 売付価額５５０，０００円（１２５円×４，４００株）－（５９円×４，４００株）＝２９０，４００円 ⇒課徴金の額は１万円未満を切り捨てるため、 ２９万円 課徴金納付命令対象者 売付価額３，２６８，８００円（注）－（５９円×３０，０００株）＝１，４９８，８００円 ⇒課徴金の額は１万円未満を切り捨てるため、 １４９万円 （注）売付価額は、 ┌ │ │ │ │ └ 106円×300株 107円×9,900株 ┐ │ │ │ │ ┘ の合計額である。 108円×5,600株 109円×4,100株 110円×5,100株 113円×5,000株 課徴金納付命令対象者 売付価額３，０７１，２００円（注）－（５９円×２５，０００株）＝１，５９６，２００円 ⇒課徴金の額は１万円未満を切り捨てるため、 １５９万円 （注）売付価額は、 ┌ │ │ │ │ └ 108円×700株 109円×2,100株 ┐ │ │ │ │ ┘ の合計額である。 110円×300株 123円×1,900株 125円×20,000株",1
2009-10-23,2009/01/09-2009/01/13,株式会社,1301,株式会社ウィーヴ株券の公開買付者従事者からの情報受領者による内部者取引に対する課徴金納付命令の勧告について（平成21年10月23日）,https://www.fsa.go.jp/sesc/news/c_2009/2009/20091023_2.html,"平成２１年１０月２３日 証券取引等監視委員会 株式会社ウィーヴ株券の公開買付者従事者からの情報受領者による内部者取引に対する課徴金納付命令の勧告について １．勧告の内容 証券取引等監視委員会は、株式会社ウィーヴ株券の公開買付者従事者からの情報受領者である税理士による内部者取引について検査した結果、下記のとおり法令違反の事実が認められたので、本日、内閣総理大臣及び金融庁長官に対して、金融庁設置法第２０条第１項の規定に基づき、課徴金納付命令を発出するよう勧告を行った。 ２．法令違反の事実関係 課徴金納付命令対象者は、ＭＣＰシナジー１号投資事業有限責任組合（以下「ＭＣＰシナジー」という。）の業務に従事していた者から、同人がその職務に関し知った、ＭＣＰシナジーが株式会社ウィーヴの株券の公開買付けを行うことを決定した事実の伝達を受け、この事実が公表された平成２１年１月１４日より前の同月９日及び同月１３日に、同株券合計１００株を、自己の計算において、買付価額７７万７，０００円で買い付けたものである。 課徴金納付命令対象者が行った上記の行為は、金融商品取引法第１７５条第２項に規定する「第１６７条第１項又は第３項の規定に違反して、同条第１項に規定する特定株券等若しくは関連株券等に係る買付け等又は同項に規定する株券等に係る売付け等をした」行為に該当すると認められる。 ３．課徴金の額の計算 上記の違法行為に対し金融商品取引法に基づき納付を命じられる課徴金の額は、８２万円である。 計算方法の詳細については、別紙のとおり。 （別紙） ○　課徴金の額の計算方法について 金融商品取引法第１７５条第２項に基づき、課徴金の額は、 （公開買付けの実施に関する事実が公表された後２週間における最も高い価格）×（買付株数）－（買付価格）×（買付株数） となる。 したがって、公開買付けの実施に関する事実の公表後２週間における株式会社ウィーヴの最も高い株価は、平成２１年１月２１日の１６，０４０円であることから、課徴金の額は下記の金額となる。 （１６，０４０円×１００株）－買付価額７７７，０００円 （注） ＝８２７，０００円 ⇒課徴金の額は１万円未満を切り捨てるため、 ８２万円 (注) 買付価額は、 ┌ │ │ │ └ 7,000円×18株 ┐ │ │ │ ┘ の合計額である。 7,900円×50株 8,000円×32株",1
2009-06-25,2007/06/14,伊藤忠商事株式会社,8001,伊藤忠商事株式会社社員による内部者取引に対する課徴金納付命令の勧告について（平成21年6月25日）,https://www.fsa.go.jp/sesc/news/c_2009/2009/20090625_1.html,"平成２１年６月２５日 証券取引等監視委員会 伊藤忠商事株式会社社員による内部者取引に対する課徴金納付命令の勧告について １．勧告の内容 証券取引等監視委員会は、伊藤忠商事株式会社社員による内部者取引について検査した結果、下記のとおり法令違反の事実が認められたので、本日、内閣総理大臣及び金融庁長官に対して、金融庁設置法第２０条第１項の規定に基づき、課徴金納付命令を発出するよう勧告を行った。 ２．法令違反の事実関係 課徴金納付命令対象者は、伊藤忠商事株式会社の社員であったが、同社が株式会社アドウェイズの総株主の議決権の数の１００分の５以上の株券を買い集めることを決定した旨の公開買付けに準ずる行為の実施に関する事実をその職務に関し知り、この事実が公表された平成１９年６月１５日より前の同月１４日に、株式会社アドウェイズの株券合計５０株を総額４９４万円で買い付けたものである。 課徴金納付命令対象者が行った上記の行為は、金融商品取引法（平成２０年法律第６５号による改正前のもの。以下「旧金融商品取引法」という。）第１７５条第２項に規定する「第百六十七条第一項又は第三項の規定に違反して、自己の計算において同条第一項に規定する特定株券等若しくは関連株券等に係る買付け等又は同項に規定する株券等に係る売付け等をした」行為に該当すると認められる。 ３．課徴金の額の計算 上記の違法行為に対し金融商品取引法に基づき納付を命じられる課徴金の額は、１４１万円である。 計算方法の詳細については、別紙のとおり。 （別紙） ○　課徴金の額の計算方法について 旧金融商品取引法第１７５条第２項に基づき、課徴金の額は、 （公開買付け等の実施に関する事実が公表された翌日の終値等）×（買付株数）－（買付価格）×（買付株数） となる。 したがって、公開買付け等の実施に関する事実の公表翌日が市場休業日であるため、以後の直近の株式会社アドウェイズの株価である平成１９年６月１８日の始値は、１２７，０００円であることから、課徴金の額は下記の金額となる。 （１２７，０００円×５０株）－買付価額４，９４０，０００円 （注） ＝１，４１０，０００円 (注) 買付価額は、 ┌ │ │ └ 97,000円×10株 ┐ │ │ ┘ の合計額である。 98,500円×20株 100,000円×20株",1
2009-06-19,2007/06/08-2007/06/11,味の素株式会社,2802,味の素株式会社社員及びカルピス株式会社社員からの情報受領者による内部者取引に対する課徴金納付命令の勧告について（平成21年6月19日）,https://www.fsa.go.jp/sesc/news/c_2009/2009/20090619.html,"平成２１年６月１９日 証券取引等監視委員会 味の素株式会社社員及びカルピス株式会社社員からの情報受領者による内部者取引に対する課徴金納付命令の勧告について １．勧告の内容 証券取引等監視委員会は、味の素株式会社社員（課徴金納付命令対象者 ）及びカルピス株式会社社員からの情報受領者（課徴金納付命令対象者 ）による内部者取引について検査した結果、下記のとおり法令違反の事実が認められたので、本日、内閣総理大臣及び金融庁長官に対して、金融庁設置法第２０条第１項の規定に基づき、課徴金納付命令を発出するよう勧告を行った。 ２．法令違反の事実関係 課徴金納付命令対象者 は、カルピス株式会社と株式交換契約の締結の交渉をしていた味の素株式会社の社員であったが、同社の他の社員が、同契約の締結の交渉に関し知った、カルピス株式会社の業務執行を決定する機関が味の素株式会社との間で株式交換を行うことについての決定をした旨の事実を、その職務に関し知り、この事実が公表された平成１９年６月１１日午後３時００分より前の同日に、カルピス株式会社の株券合計２，０００株を総額２２１万３，０００円で買い付けたものである。 課徴金納付命令対象者 は、カルピス株式会社社員から、同人がその職務に関し知った、カルピス株式会社の業務執行を決定する機関が味の素株式会社との間で株式交換を行うことについての決定をした旨の事実の伝達を受け、この事実が公表された平成１９年６月１１日より前の同月８日に、カルピス株式会社の株券２，０００株を総額２２２万円で買い付けたものである。 上記２名が行った上記の各行為は、金融商品取引法（平成２０年法律第６５号による改正前のもの。以下「旧金融商品取引法」という。）第１７５条第１項に規定する「第百六十六条第一項又は第三項の規定に違反して、自己の計算において同条第一項に規定する売買等をした」行為に該当すると認められる。 ３．課徴金の額の計算 上記の違法行為に対し金融商品取引法に基づき納付を命じられる課徴金の額は、課徴金納付命令対象者 及び課徴金納付命令対象者 のそれぞれについて３９万円である。 計算方法の詳細については、別紙のとおり。 （別紙） ○　課徴金の額の計算方法について 旧金融商品取引法第１７５条第１項に基づき、課徴金の額は、 （重要事実が公表された翌日の終値等）×（買付株数）－（買付価格）×（買付株数） となる。 したがって、重要事実の公表翌日の平成１９年６月１２日のカルピス株式会社の株価の終値は、１，３０６円であることから、課徴金の額は下記の金額となる。 課徴金納付命令対象者 （１，３０６円×２，０００株）－買付価額２，２１３，０００円 （注） ＝３９９，０００円 ⇒課徴金の額は１万円未満を切り捨てるため、 ３９万円 (注) 買付価額は、 ┌ │ └ 1,106円 × 1,000株 ┐ │ ┘ の合計額である。 1,107円 × 1,000株 課徴金納付命令対象者 （１，３０６円×２，０００株）－買付価額２，２２０，０００円（１，１１０円×２，０００株）＝３９２，０００円 ⇒課徴金額は１万円未満を切り捨てるため、 ３９万円",1
2009-02-10,2008/01/09-2008/01/21,アルテック株式会社,9972,アルテック株式会社子会社社員による内部者取引に対する課徴金納付命令の勧告について（平成21年2月10日）,https://www.fsa.go.jp/sesc/news/c_2009/2009/20090210.html,"アルテック株式会社子会社社員による内部者取引に対する課徴金納付命令の勧告について 平成２１年２月１０日 証券取引等監視委員会 １．勧告の内容 証券取引等監視委員会は、アルテック株式会社子会社社員による内部者取引について検査した結果、下記のとおり法令違反の事実が認められたので、本日、内閣総理大臣及び金融庁長官に対して、金融庁設置法第２０条第１項の規定に基づき、課徴金納付命令を発出するよう勧告を行った。 ２．法令違反の事実関係 課徴金納付命令対象者は、アルテック株式会社の子会社社員であったが、アルテック株式会社が平成１９年１１月期の連結業績予想を上方修正する事実を、その職務に関し知り、この事実が公表される平成２０年１月２１日午後１１時４分より以前の同月９日から同月２１日までの間に、アルテック株式会社の株券合計１万４，９００株を総額３６８万１，４００円で買い付けたものである。 同人が行った上記の行為は、金融商品取引法（平成２０年法律第６５号による改正前のもの。以下「旧金融商品取引法」という。）第１７５条第１項に規定する「第百六十六条第一項又は第三項の規定に違反して、自己の計算において同条第一項に規定する売買等をした」行為に該当すると認められる。 ３．課徴金の額の計算 上記の違法行為に対し金融商品取引法に基づき納付を命じられる課徴金の額は、５５万円である。 計算方法の詳細については、別紙のとおり。 （別紙） ○　課徴金の額の計算方法について 旧金融商品取引法第１７５条第１項に基づき、課徴金の額は、 （重要事実が公表された翌日の終値等）×（買付株数） －（買付価格）×（買付株数） となる。 したがって、重要事実の公表翌日の平成２０年１月２２日のアルテック株式会社の株価の終値は、２８４円であることから、課徴金の額は下記の金額となる。 （２８４円×１４，９００株） －買付価額３，６８１，４００円 （注） ＝５５０，２００円 ⇒課徴金の額は１万円未満を切り捨てるため、 ５５万円 (注) 買付価額は、 ┌ │ │ │ │ │ │ │ │ │ │ │ │ │ │ │ │ │ │ │ │ └ 227円×  600株 228円×  100株 ┐ │ │ │ │ │ │ │ │ │ │ │ │ │ │ │ │ │ │ │ │ ┘ の合計額である。 230円×1,200株 231円×  500株 232円×1,000株 233円×  400株 234円×  900株 237円×1,500株 243円×  100株 247円×  500株 248円×1,000株 252円×  500株 253円×  100株 254円×  500株 255円×  500株 256円×  600株 257円×2,400株 260円×  500株 262円×  200株 264円×  800株 267円×  200株 268円×  100株 270円×  100株 272円×  200株 275円×  100株 281円×  100株 284円×  200株",1
2010-06-04,2009/07/30,山崎製パン株式会社,2212,山崎製パン株式会社の従業者からの情報受領者による内部者取引に対する課徴金納付命令の勧告について（平成22年6月4日）,https://www.fsa.go.jp/sesc/news/c_2010/2010/20100604-1.html,平成２２年６月４日 証券取引等監視委員会 山崎製パン株式会社の従業者からの情報受領者による内部者取引に対する課徴金納付命令の勧告について １．勧告の内容 証券取引等監視委員会は、山崎製パン株式会社の従業者からの情報受領者による内部者取引について検査した結果、下記のとおり法令違反の事実が認められたので、本日、内閣総理大臣及び金融庁長官に対して、金融庁設置法第２０条第１項の規定に基づき、課徴金納付命令を発出するよう勧告を行った。 ２．法令違反の事実関係 課徴金納付命令対象者は、日糧製パン株式会社（以下「日糧製パン」という。）との業務資本提携契約の締結交渉先の山崎製パン株式会社（以下「山崎製パン」という。）の従業者（以下「山崎製パンの従業者」という。）から、同社の役員がその契約の締結の交渉に関し知り、山崎製パンの従業者がその職務に関し知った、日糧製パンが山崎製パンと業務上の提携を行うことを決定した事実の伝達を受け、この事実が公表された平成２１年７月３１日より前の同月３０日に、日糧製パンの株式８，０００株を買付価額７２万円で買い付けたものである。 課徴金納付命令対象者が行った上記の行為は、金融商品取引法第１７５条第１項に規定する「第１６６条・・・第３項の規定に違反して、同条第１項に規定する売買等をした」行為に該当すると認められる。 ３．課徴金の額の計算 上記の違法行為に対し金融商品取引法に基づき納付を命じられる課徴金の額は、２５万円である。 計算方法の詳細については、別紙のとおり。 山崎製パン事案の特色（平成22年７月６日） （別紙） ○　課徴金の額の計算方法について 金融商品取引法第１７５条第１項に基づき、課徴金の額は、 （重要事実が公表された後２週間における最も高い価格）×（買付株数）－（買付価格）×（買付株数） となる。 したがって、重要事実の公表後２週間における日糧製パン株式会社の最も高い株価は、平成２１年８月３日の１２２円であることから、課徴金の額は下記の金額となる。 （１２２円×８，０００株）－ 買付価額７２０，０００円（９０円×８，０００株）＝２５６，０００円 ⇒課徴金の額は１万円未満を切り捨てるため、 ２５万円,1
2010-03-26,2009/03/09-2009/03/10,株式会社,1301,株式会社フェヴリナ監査役による内部者取引に対する課徴金納付命令の勧告について（平成22年3月26日）,https://www.fsa.go.jp/sesc/news/c_2010/2010/20100326.html,"平成２２年３月２６日 証券取引等監視委員会 株式会社フェヴリナ監査役による内部者取引に対する課徴金納付命令の勧告について １．勧告の内容 証券取引等監視委員会は、株式会社フェヴリナ監査役による内部者取引について検査した結果、下記のとおり法令違反の事実が認められたので、本日、内閣総理大臣及び金融庁長官に対して、金融庁設置法第２０条第１項の規定に基づき、課徴金納付命令を発出するよう勧告を行った。 ２．法令違反の事実関係 課徴金納付命令対象者は、株式会社フェヴリナの監査役であったが、同社が平成２１年３月期の業績予想を上方修正する事実をその職務に関し知り、この事実が公表された平成２１年３月１２日より前の同月９日及び同月１０日に、株式会社フェヴリナの株式合計１５０株を、自己の計算において買付価額４２万１，２５５円で買い付けた。 課徴金納付命令対象者が行った上記の行為は、金融商品取引法第１７５条第１項に規定する「第１６６条第１項又は第３項の規定に違反して、同条第１項に規定する売買等をした」行為に該当すると認められる。 ３．課徴金の額の計算 上記の違法行為に対し金融商品取引法に基づき納付を命じられる課徴金の額は、１５万円である。 計算方法の詳細については、別紙のとおり。 （別紙） ○　課徴金の額の計算方法について 金融商品取引法第１７５条第１項に基づき、課徴金の額は、 （重要事実が公表された後２週間における最も高い価格）×（買付株数）－（買付価格）×（買付株数） となる。 したがって、重要事実の公表後２週間における株式会社フェヴリナの最も高い株価は、平成２１年３月１７日の３，８２０円であることから、課徴金の額は下記の金額となる。 （３，８２０円×１５０株）－買付価額４２１，２５５円（注）＝１５１，７４５円 ⇒課徴金の額は１万円未満を切り捨てるため、 １５万円 （注）買付価額は、 ┌ │ │ │ │ └ 2,795円×1株 2,800円×29株 ┐ │ │ │ │ ┘ の合計額である。 2,805円×30株 2,810円×48株 2,815円×42株",1
2011-10-12,2009/02/05-2009/02/06,株式会社ジャストシステム,4686,株式会社ジャストシステムとの契約締結者による内部者取引に対する課徴金納付命令の勧告について（平成23年10月12日）,https://www.fsa.go.jp/sesc/news/c_2011/2011/20111012-1.html,"平成２３年１０月１２日 証券取引等監視委員会 株式会社ジャストシステムとの契約締結者による内部者取引に対する課徴金納付命令の勧告について １．勧告の内容 証券取引等監視委員会は、株式会社ジャストシステムとの契約締結者による内部者取引について検査した結果、下記のとおり法令違反の事実が認められたので、本日、内閣総理大臣及び金融庁長官に対して、金融庁設置法第２０条第１項の規定に基づき、課徴金納付命令を発出するよう勧告を行った。 ２．法令違反の事実関係 課徴金納付命令対象者は、株式会社ジャストシステム（以下「ジャストシステム」という。）との業務委託契約の締結先の役員であったが、平成２１年２月上旬ころ、同契約の履行に関し、ジャストシステムの業務執行を決定する機関が、株式会社キーエンス（以下「キーエンス」という。）を割当先とする第三者割当増資を行うこと及びキーエンスとの業務提携を行うことについての決定をした旨の事実を知りながら、上記事実が公表された平成２１年４月３日より前の同年２月５日及び同月６日、自己の計算において、ジャストシステムの株式合計１０００株を買付価額合計１５万円で買い付けたものである。 課徴金納付命令対象者が行った上記の行為は、金融商品取引法第１７５条第１項に規定する「第１６６条第１項の規定に違反して、同条第１項に規定する売買等をした」行為に該当すると認められる。 ３．課徴金の額の計算 上記の違法行為に対し、金融商品取引法に基づき納付を命じられる課徴金の額は、２３万円である。 計算方法の詳細については、別紙のとおり。 （別紙） ○　課徴金の額の計算方法について 金融商品取引法第１７５条第１項に基づき、課徴金の額は、 （重要事実が公表された後２週間における最も高い価格）×（買付株数）－（買付価格）×（買付株数） となる。 したがって、重要事実の公表後２週間におけるジャストシステムの最も高い株価は、平成２１年４月６日の３８０円であることから、課徴金の額は下記の金額となる。 （３８０円×１，０００株）－買付価額１５０，０００円 （注） ＝２３０，０００円 （注）買付価額は、「150円×1,000株」の合計額である。",1
2011-07-08,2010/07/13,都築電気株式会社,8157,都築電気株式会社社員からの情報受領者による内部者取引に対する課徴金納付命令の勧告について（平成23年7月8日）,https://www.fsa.go.jp/sesc/news/c_2011/2011/20110708-2.html,"平成２３年７月８日 証券取引等監視委員会 都築電気株式会社社員からの情報受領者による内部者取引に対する課徴金納付命令の勧告について １．勧告の内容 証券取引等監視委員会は、都築電気株式会社社員からの情報受領者による内部者取引について検査した結果、下記のとおり法令違反の事実が認められたので、本日、内閣総理大臣及び金融庁長官に対して、金融庁設置法第２０条第１項の規定に基づき、課徴金納付命令を発出するよう勧告を行った。 ２．法令違反の事実関係 課徴金納付命令対象者は、都築電気株式会社（以下「都築電気」という。）のグループ会社における新事業の企画、立案等の業務に従事していた都築電気の社員から、同人がその職務に関し知った、都築電気が都築電産株式会社（以下「都築電産」という。）の株式の公開買付けを行うことを決定した事実の伝達を受けながら、この事実が公表された平成２２年７月１７日より前の、同月１３日、自己及び親族の計算において、都築電産の株式合計９０００株を買付価額２２１万６７００円で買い付けたものである。 課徴金納付命令対象者が行った上記の行為は、金融商品取引法第１７５条第１１項の規定により、同条第２項に規定する「第１６７条第１項又は第３項の規定に違反して、同条第１項に規定する特定株券等若しくは関連株券等に係る買付け等又は同項に規定する株券等に係る売付け等をした」行為に該当すると認められる。 ３．課徴金の額の計算 上記の違法行為に対し、金融商品取引法に基づき納付を命じられる課徴金の額は、１４１万円である。 計算方法の詳細については、別紙のとおり。 （別紙） ○　課徴金の額の計算方法について 金融商品取引法第１７５条第２項に基づき、課徴金の額は、 （公開買付けの実施に関する事実が公表された後２週間における最も高い価格）×（買付株数） － （買付価格）×（買付株数） となる。 したがって、公開買付けの実施に関する事実の公表後２週間における都築電産の最も高い株価は、平成２２年７月３０日の４０３円であることから、課徴金の額は下記の金額となる。 （４０３円×９，０００株） － 買付価額２，２１６，７００円（注） ＝１，４１０，３００円 ⇒課徴金の額は１万円未満を切り捨てるため、 １４１万円 （注）買付価額は、「244円×1,900株、245円×300株、247円×6,800株」の合計額である。",1
2011-06-28,2006/08/10-2006/08/14,オックスホールディングス株式会社,8202,オックスホールディングスの子会社との契約締結者からの情報受領者によるオックスホールディングス株券に係る内部者取引に対する課徴金納付命令の勧告について（平成23年6月28日）,https://www.fsa.go.jp/sesc/news/c_2011/2011/20110628-2.html,"平成２３年６月２８日 証券取引等監視委員会 オックスホールディングスの子会社との契約締結者からの情報受領者によるオックスホールディングス株券に係る内部者取引に対する課徴金納付命令の勧告について １．勧告の内容 証券取引等監視委員会は、オックスホールディングスの子会社との契約締結者からの情報受領者によるオックスホールディングス株券に係る内部者取引について検査した結果、下記のとおり法令違反の事実が認められたので、本日、内閣総理大臣及び金融庁長官に対して、金融庁設置法第２０条第１項の規定に基づき、課徴金納付命令を発出するよう勧告を行った。 ２．法令違反の事実関係 課徴金納付命令対象者(1)、(2)は、オックスホールディングス株式会社（以下「オックスＨＤ」という。）の子会社であるオックスキャピタル株式会社（以下「オックスキャピタル」という。）と株式売却のあっ旋等に関する業務委託契約を締結していた者から、同人が同契約の締結の履行に関し知った、オックスキャピタルに合計５億８０００万円の有価証券評価損及び有価証券売却損が発生しており、同社の平成１８年８月期決算において同額相当の有価証券評価損又は有価証券売却損を計上しなければならないことが確実になったという、子会社のオックスキャピタルに業務遂行の過程で損害が発生した旨のオックスＨＤの業務等に関する事実の伝達を受けながら、この事実が公表された平成１８年８月３０日より前の、 ● 同月１１日及び同月１４日、オックスＨＤの株券合計２８２株を、自己の計算において、売付価額５５５万６２４０円で売り付け（課徴金納付命令対象者(1)） ● 同月１０日及び同月１１日、オックスＨＤの株券合計１００株を、自己の計算において、売付価額１９５万５９７０円で売り付け（課徴金納付命令対象者(2)） たものである。 上記２名が行った上記の行為は、金融商品取引法（平成２０年法律第６５号による改正前のもの。以下「旧金融商品取引法」という。）第１７５条第１項に規定する「第１６６条・・・第３項の規定に違反して、自己の計算において同条第１項に規定する売買等をした」行為に該当すると認められる。 ３．課徴金の額の計算 上記の違法行為に対し、金融商品取引法に基づき納付を命じられる課徴金の額は、下記のとおりである。 課徴金納付命令対象者(1)　６３万円 課徴金納付命令対象者(2)　２０万円 計算方法の詳細については、別紙のとおり。 （別紙） ○　課徴金の額の計算方法について 旧金融商品取引法第１７５条第１項に基づき、課徴金の額は、 （売付価格）×（売付株数）－（重要事実の公表翌日の終値等）×（売付株数） となる。 したがって、重要事実の公表翌日（平成１８年８月３１日）のオックスＨＤの株価の終値は、１７，４６０円であることから、課徴金の額は下記の金額となる。 課徴金納付命令対象者(1) 売付価額５，５５６，２４０円（注１）－（１７，４６０円×２８２株） ＝６３２，５２０円 ⇒課徴金の額は１万円未満を切り捨てるため、 ６３万円 （注１）売付価額は、 ┌ │ │ │ │ └ 18,900円× 46株、18,910円× 4株 19,000円×100株、19,100円×32株 21,000円×100株 ┐ │ │ │ │ ┘ の合計額である。 課徴金納付命令対象者(2) 売付価額１，９５５，９７０円（注２）－（１７，４６０円×１００株） ＝２０９，９７０円 ⇒課徴金の額は１万円未満を切り捨てるため、 ２０万円 （注２）売付価額は、 ┌ │ │ │ │ │ └ 18,800円× 7株、18,810円× 4株 18,850円×26株、18,860円×13株 20,200円×20株、20,220円× 5株 20,350円×25株 ┐ │ │ │ │ │ ┘ の合計額である。",1
2011-03-22,2006/08/10-2006/08/15,オックスホールディングス株式会社,8202,オックスホールディングス株式会社株券に係る内部者取引事件の告発について（平成23年3月22日）,https://www.fsa.go.jp/sesc/news/c_2011/2011/20110322-1.html,平成２３年３月２２日 証券取引等監視委員会 オックスホールディングス株式会社株券に係る内部者取引事件の告発について 証券取引等監視委員会は、平成23年3月22日、証券取引法違反（インサイダー取引）の嫌疑で、下記の犯則嫌疑者を東京地方検察庁立川支部検察官に告発した。 １．告発の対象となった犯則事実 犯則嫌疑者は、株式会社大阪証券取引所が開設する有価証券市場に株券を上場していたオックスホールディングス株式会社の子会社で金融業並びに有価証券の運用及び売買等を目的とするオックスキャピタル株式会社と株式売却のあっ旋等に関する業務委託契約を締結していたものであるが、平成18年7月28日ころ、同契約の履行に関し、同社に合計約5億8000万円の有価証券評価損及び有価証券売却損が発生しており同社の同年8月期決算において同額相当の有価証券評価損又は有価証券売却損を計上しなければならないことが確実になったという、同社の業務遂行の過程で損害が発生した事実を知り、同事実の公表前に信用取引によりオックスホールディングス株券を売り付け、その公表後に買い戻して利益を得ようと企て、法定の除外事由がないのに、同事実の公表前である8月10日及び同月15日、複数の証券会社を介し、大阪証券取引所において、犯則嫌疑者らの名義でオックスホールディングス株券合計1538株を代金合計3232万3670円で売り付けたものである。 ２．関連条文 平成18年法律第65号第3条による改正前の証券取引法第197条の2第13号、 第166条第1項第4号、第2項第6号イ 法定刑：5年以下の懲役若しくは500万円以下の罰金、又は併科,1
2012-06-01,2010/07/21-2010/07/30,ＮＯＫ株式会社,7240,ＮＯＫ株式会社社員及び同人からの情報受領者による内部者取引に対する課徴金納付命令の勧告について（平成24年6月1日）,https://www.fsa.go.jp/sesc/news/c_2012/2012/20120601-1.html,"平成２４年６月１日 証券取引等監視委員会 ＮＯＫ株式会社社員及び同人からの情報受領者による内部者取引に対する課徴金納付命令の勧告について １．勧告の内容 証券取引等監視委員会は、ＮＯＫ株式会社社員及び同人からの情報受領者による内部者取引について検査した結果、下記のとおり法令違反の事実が認められたので、本日、内閣総理大臣及び金融庁長官に対して、金融庁設置法第２０条第１項の規定に基づき、課徴金納付命令を発出するよう勧告を行った。 ２．法令違反の事実関係 課徴金納付命令対象者(１)は、ＮＯＫ株式会社（以下「ＮＯＫ」という。）の社員であったが、その職務に関し、同社の平成２３年３月期の連結当期純利益について、平成２２年５月１３日に公表された直近の予想値１４８億円に比較して、同社が新たに算出した予想値において投資者の投資判断に及ぼす影響が重要なものとして内閣府令で定める基準に該当する差異が生じた旨の事実（以下「本件重要事実」という。）を知りながら、新たに算出した予想値が２１７億円として公表された同年７月３０日午後３時より以前の同月２１日午前９時ころから同月３０日午後３時までの間に、自己の計算において、ＮＯＫの株式合計５万４０００株を買付価額合計７７５９万５０００円で買い付けたものである。 課徴金納付命令対象者(２)は、課徴金納付命令対象者(１)から、本件重要事実の伝達を受けながら、平成２２年７月２１日午前９時２分ころから同月２９日午後１時２３分ころまでの間に、自己の計算において、ＮＯＫの株式合計９００株を買付価額合計１３０万６９００円で買い付けたものである。 上記２名が行った上記の行為は、金融商品取引法第１７５条第１項に規定する「第１６６条第１項又は第３項の規定に違反して、同条第１項に規定する売買等をした」行為に該当すると認められる。 ３．課徴金の額の計算 上記の違法行為に対し、金融商品取引法に基づき納付を命じられる課徴金の額は、下記のとおりである。 課徴金納付命令対象者(１) ４２６万円 課徴金納付命令対象者(２) ５万円 計算方法の詳細については、別紙のとおり。 （別紙） ○ 課徴金の額の計算方法について 金融商品取引法第１７５条第１項に基づき、課徴金の額は、 （重要事実が公表された後２週間における最も高い価格）×（買付株数）－（買付価格）×（買付株数） となる。 したがって、重要事実の公表後２週間におけるＮＯＫの最も高い株価は、平成２２年８月３日の１，５１６円であることから、課徴金の額は下記の金額となる。 課徴金納付命令対象者(１) （１，５１６円×５４，０００株）－買付価額７７，５９５，０００円（注）＝４，２６９，０００円 ⇒課徴金の額は１万円未満を切り捨てるため、 ４２６万円 （注）買付価額は、 「1,365円×5,000株＋1,415円×5,000株＋1,423円×11,600株＋1,424円×1,000株＋1,425円×1,400株 ＋1,431円×5,000株＋1,441円×10,000株＋1,475円×100株＋1,476円×600株＋1,477円×900株 ＋1,478円×700株＋1,479円×3,500株＋1,480円×2,700株＋1,481円×1,900株＋1,482円×1,000株 ＋1,483円×3,600株」 の合計額である。 課徴金納付命令対象者(２) （１，５１６円×９００株）－買付価額１，３０６，９００円（注）＝５７，５００円 ⇒課徴金の額は１万円未満を切り捨てるため、 ５万円 （注）買付価額は、 「1,427円×100株＋1,431円×100株＋1,436円×100株＋1,449円×300株＋1,476円×300株」 の合計額である。",1
2012-06-08,2010/09/27-2010/09/29,東京電力株式会社,9501,東京電力株式会社の契約締結交渉先の社員からの情報受領者による内部者取引に対する課徴金納付命令の勧告について（平成24年6月8日）,https://www.fsa.go.jp/sesc/news/c_2012/2012/20120608-1.html,"平成２４年６月８日 証券取引等監視委員会 東京電力株式会社の契約締結交渉先の社員からの情報受領者による内部者取引に対する課徴金納付命令の勧告について ※　本件は、金融庁において平成25年６月27日に課徴金納付命令決定を行いましたが、平成29年７月14日に 同決定は取り消されました 。 １．勧告の内容 証券取引等監視委員会は、東京電力株式会社の契約締結交渉先の社員からの情報受領者による内部者取引について検査した結果、下記のとおり法令違反の事実が認められたので、本日、内閣総理大臣及び金融庁長官に対して、金融庁設置法第２０条第１項の規定に基づき、課徴金納付命令を発出するよう勧告を行った。 ２．法令違反の事実関係 (1)First New York Securities L.L.C.は、米国証券取引委員会に登録をしている証券会社であるが、同社の自己の資産の運用を行っていた同社所属のトレーダーが、東京電力株式会社と株式引受契約の締結に向けた交渉を行っていた証券会社の社員甲から、同証券会社の他の社員乙らが交渉に関して知り、甲がその職務に関し知った、東京電力株式会社の業務執行を決定する機関が株式の募集を行うことについての決定をした事実の伝達を受け、この事実が公表された平成２２年９月２９日午後３時５０分より以前の平成２２年９月２８日に、First New York Securities L.L.C.の計算において、東京電力株式会社株式合計３万５０００株を総額８０５１万８９００円で売り付けたものである。 First New York Securities L.L.C.が行った上記の行為は、金融商品取引法第１７５条第１項に規定する「第１６６条第１項又は第３項の規定に違反して、自己の計算において同条第１項に規定する売買等をした」行為に該当すると認められる。 (2)課徴金納付命令対象者Xは、東京電力株式会社と株式引受契約の締結に向けた交渉を行っていた証券会社の社員甲から、同証券会社の他の社員乙らが交渉に関して知り、甲がその職務に関し知った、東京電力株式会社の業務執行を決定する機関が株式の募集を行うことについての決定をした事実の伝達を受け、この事実が公表された平成２２年９月２９日午後３時５０分より以前の平成２２年９月２７日から同月２９日までの間に、自己の計算において、東京電力株式会社株式合計２００株を総額４４万３１００円で売り付けたものである。 課徴金納付命令対象者Xが行った上記の行為は、金融商品取引法第１７５条第１項に規定する「第１６６条第１項又は第３項の規定に違反して、自己の計算において同条第１項に規定する売買等をした」行為に該当すると認められる。 ３．課徴金の額の計算 上記の違法行為に対し金融商品取引法に基づき納付を命じられる課徴金の額は、以下のとおりである。 First New York Securities L.L.C.につき、１４６８万円 課徴金納付命令対象者Xにつき、６万円 計算方法の詳細については、別紙のとおり。 別紙 (1)金融商品取引法第１７５条第１項に基づき、課徴金の額は、 （売付価格）×（売付株数）－（重要事実が公表された後２週間における最も低い価格）×（売付株数） となる。 したがって、重要事実の公表後２週間における東京電力の最も低い株価は、平成２２年１０月１３日の１８８１円であることから、課徴金の額は下記の金額となる。 ①First New York Securities L.L.C.について （2,291円×5,000株＋2,301円×5,000株＋2,302円×20,000株＋2,303円×1,100株＋2,304円×3,900株） －（1,881円×35,000株） ＝14,683,900円 ⇒課徴金の額は１万円未満を切り捨てるため、 1468万円 ②課徴金納付命令対象者Xについて （2,336円×100株＋2,095円×100株）－（1,881円×200株） ＝66,900円 ⇒課徴金の額は１万円未満を切り捨てるため、 6万円 (2) 金融商品取引法第１７６条第２項の規定により、上記(１)で計算した額の１万円未満の端数を切捨て。",1
2012-05-29,2010/08/05-2010/08/23,日本板硝子株式会社,5202,日本板硝子株式会社の契約締結交渉先の社員からの情報受領者による内部者取引に対する課徴金納付命令の勧告について（平成24年5月29日）,https://www.fsa.go.jp/sesc/news/c_2012/2012/20120529-1.html,平成２４年５月２９日 証券取引等監視委員会 日本板硝子株式会社の契約締結交渉先の社員からの情報受領者による内部者取引に対する課徴金納付命令の勧告について １．勧告の内容 証券取引等監視委員会は、日本板硝子株式会社の契約締結交渉先の社員からの情報受領者による内部者取引について検査した結果、下記のとおり法令違反の事実が認められたので、本日、内閣総理大臣及び金融庁長官に対して、金融庁設置法第２０条第１項の規定に基づき、課徴金納付命令を発出するよう勧告を行った。 ２．法令違反の事実関係 あすかアセットマネジメント株式会社は、その締結した投資一任契約に基づき、当該契約の相手方がその資産を管理するファンドの資産の運用を行っていたところ、当該運用を行っていた同社社員が、日本板硝子株式会社と株式引受契約の締結に向けた交渉を行っていた証券会社の社員甲から、同証券会社の他の社員乙らが交渉に関して知り、甲がその職務に関し知った、日本板硝子株式会社の業務執行を決定する機関が株式の募集を行うことについての決定をした旨の事実の伝達を受け、この事実が公表されるより以前の平成２２年８月５日から同月２３日までの間、上記ファンドの計算において、日本板硝子株式会社株式合計２１５万株を総額４億６５３７万９９９５円で売り付けたものである。 ３．課徴金の額の計算 上記の違法行為に対し金融商品取引法に基づき納付を命じられる課徴金の額は、１３万円である。 計算方法の詳細については、別紙のとおり。 別紙 (1) 金融商品取引法第１７５条第１項第３号・金融商品取引法第六章の二の規定による課徴金に関する内閣府令第１条の２１第１項第１号の規定により、金融商品取引法第１７５条第１項第３号に規定する売買をした者（以下「違反者」という。）が運用財産の運用として当該売買を行った場合、（ア）当該売買が行われた月について違反者に当該運用財産の運用の対価として支払われ、又は支払われるべき金銭その他の財産の価額の総額に、（イ）当該売買が行われた日からその月の末日までの間の当該運用財産である当該売買の銘柄の総額のうち最も高い額を乗じ、（ウ）当該取引が行われた月の末日における当該運用財産の総額で除した額。 （ア）２３，２３６，４４１円×（イ）２６５，６５０，０００円 ÷（ウ）４４，７５６，３７０，０５４円 ＝１３７，９１９円 (2) 金融商品取引法第１７６条第２項の規定により、上記(１)で計算した額の１万円未満の端数を切捨て。,1
2012-05-29,2010/06/24,株式会社みずほフィナンシャルグループ,8411,株式会社みずほフィナンシャルグループの契約締結交渉先の社員からの情報受領者による内部者取引に対する課徴金納付命令の勧告について（平成24年5月29日）,https://www.fsa.go.jp/sesc/news/c_2012/2012/20120529-2.html,平成２４年５月２９日 証券取引等監視委員会 株式会社みずほフィナンシャルグループの契約締結交渉先の社員からの情報受領者による内部者取引に対する課徴金納付命令の勧告について １．勧告の内容 証券取引等監視委員会は、株式会社みずほフィナンシャルグループの契約締結交渉先の社員からの情報受領者による内部者取引について検査した結果、下記のとおり法令違反の事実が認められたので、本日、内閣総理大臣及び金融庁長官に対して、金融庁設置法第２０条第１項の規定に基づき、課徴金納付命令を発出するよう勧告を行った。 ２．法令違反の事実関係 三井住友信託銀行株式会社は、平成２４年４月１日に同社との吸収合併により消滅した中央三井アセット信託銀行株式会社の業務を承継したものであるが、中央三井アセット信託銀行株式会社は、その締結する３つの投資一任契約に基づき、３つの顧客財産の運用を行っていたところ、当該運用を行っていた同社社員が、株式会社みずほフィナンシャルグループとの株式引受契約の締結に向けた交渉を行っていた証券会社の社員甲及び乙から、同証券会社の他の社員丙が交渉に関して知り、甲及び乙がその職務に関し知った、株式会社みずほフィナンシャルグループの業務執行を決定する機関が株式の募集を行うことについての決定をした旨の事実の伝達を受け、この事実が公表されるより以前の平成２２年６月２４日に、投資一任契約の相手方である各顧客の計算において、株式会社みずほフィナンシャルグループ株式合計１１７万８６００株を総額１億８４１８万１８２５円で売り付けたものである。 ３．課徴金の額の計算 上記の違法行為に対し金融商品取引法に基づき納付を命じられる課徴金の額は、８万円である。 計算方法の詳細については、別紙のとおり。 別紙 (1) 金融商品取引法第１７５条第１項第３号・金融商品取引法第六章の二の規定による課徴金に関する内閣府令第１条の２１第１項第１号の規定により、金融商品取引法第１７５条第１項第３号に規定する売買をした者（以下「違反者」という。）が運用財産の運用として当該売買を行った場合、（ア）当該売買が行われた月について違反者に当該運用財産の運用の対価として支払われ、又は支払われるべき金銭その他の財産の価額の総額に、（イ）当該売買が行われた日からその月の末日までの間の当該運用財産である当該売買の銘柄の総額のうち最も高い額を乗じ、（ウ）当該取引が行われた月の末日における当該運用財産の総額で除した額。 本件では、対象となる取引は、３つの運用財産の運用として行われているため、各運用財産について課徴金額を計算し、それらを合計する金額になる。 運用財産①について （ア）２，０４６，９３６円×（イ）２２１，１８４，２００円 ÷（ウ）３０，７３９，３２９，８０３円 ＝１４，７２９円 運用財産②について （ア）１３，９８２，４０２円×（イ）１７９，６４６，０００円 ÷（ウ）１０２，２１５，４７３，８２２円 ＝２４，５７４円 運用財産③について （ア）１３，５４１，７８２円×（イ）３０８，６６８，８００円 ÷（ウ）９５，６７５，８６４，４７６円 ＝４３，６８８円 合計　１４，７２９円＋２４，５７４円＋４３，６８８円＝８２，９９１円 (2) 金融商品取引法第１７６条第２項の規定により、上記(１)で計算した額の１万円未満の端数を切捨て。,1
2012-04-17,2010/02/09,株式会社ゲオ,2681,株式会社ゲオ役員からの情報受領者による内部者取引に対する課徴金納付命令の勧告について（平成24年4月17日）,https://www.fsa.go.jp/sesc/news/c_2012/2012/20120417-1.html,"平成２４年４月１７日 証券取引等監視委員会 株式会社ゲオ役員からの情報受領者による内部者取引に対する課徴金納付命令の勧告について １．勧告の内容 証券取引等監視委員会は、株式会社ゲオ役員からの情報受領者による内部者取引について検査した結果、下記のとおり法令違反の事実が認められたので、本日、内閣総理大臣及び金融庁長官に対して、金融庁設置法第２０条第１項の規定に基づき、課徴金納付命令を発出するよう勧告を行った。 ２．法令違反の事実関係 課徴金納付命令対象者は、株式会社ゲオ（現株式会社ゲオホールディングス）の役員から、同人がその職務に関し知った、同社の業務執行を決定する機関が、株式会社セカンドストリート（以下「セカンドストリート」という。）の株式の公開買付けを行うことを決定した事実の伝達を受けながら、この事実が公表された平成２２年２月１０日より前の同月９日、自己の計算において、セカンドストリートの株式合計６０株を買付価額合計２５７万９０５０円で買い付けたものである。 課徴金納付命令対象者が行った上記の行為は、金融商品取引法第１７５条第２項に規定する「第１６７条第１項又は第３項の規定に違反して、同条第１項に規定する特定株券等若しくは関連株券等に係る買付け等又は同項に規定する株券等に係る売付け等をした」行為に該当すると認められる。 ３．課徴金の額の計算 上記の違法行為に対し、金融商品取引法に基づき納付を命じられる課徴金の額は、１００万円である。 計算方法の詳細については、別紙のとおり。 （別紙） ○ 課徴金の額の計算方法について 金融商品取引法第１７５条第２項に基づき、課徴金の額は、 （公開買付け等の実施に関する事実が公表された後２週間における最も高い価格）×（買付株数）－（買付価格）×（買付株数） となる。 したがって、公開買付け等の実施に関する事実の公表後２週間におけるセカンドストリートの最も高い株価は、５９，７００円であることから、課徴金の額は下記の金額となる。 （５９，７００円×６０株）－買付価額２，５７９，０５０円（注）＝１，００２，９５０円 ⇒課徴金の額は１万円未満を切り捨てるため、 １００万円 （注）買付価額は、「42,900円×5株＋42,950円×9株＋43,000円×46株」の合計額である。",1
2012-03-21,2010/01/20,株式会社フェイス,3489,株式会社フェイス社員からの情報受領者による内部者取引に対する課徴金納付命令の勧告について（平成24年3月21日）,https://www.fsa.go.jp/sesc/news/c_2012/2012/20120321-1.html,"平成２４年３月２１日 証券取引等監視委員会 株式会社フェイス社員からの情報受領者による内部者取引に対する課徴金納付命令の勧告について １．勧告の内容 証券取引等監視委員会は、株式会社フェイス社員からの情報受領者による内部者取引について検査した結果、下記のとおり法令違反の事実が認められたので、本日、内閣総理大臣及び金融庁長官に対して、金融庁設置法第２０条第１項の規定に基づき、課徴金納付命令を発出するよう勧告を行った。 ２．法令違反の事実関係 課徴金納付命令対象者は、株式会社フェイス（以下「フェイス」という。）の社員から、同人がその職務に関し知った、フェイスの業務執行を決定する機関が、コロムビアミュージックエンタテインメント株式会社（現日本コロムビア株式会社）の総株主等の議決権の数の１００分の５以上の株式を買い集めることについての決定をした旨の公開買付けに準ずる行為の実施に関する事実の伝達を受けながら、この事実が公表された平成２２年１月２２日より前の同月２０日、自己の計算において、コロムビアミュージックエンタテインメント株式会社の株式合計１１万株を買付価額合計３７３万円で買い付けたものである。 課徴金納付命令対象者が行った上記の行為は、金融商品取引法第１７５条第２項に規定する「第１６７条第１項又は第３項の規定に違反して、同条第１項に規定する特定株券等若しくは関連株券等に係る買付け等又は同項に規定する株券等に係る売付け等をした」行為に該当すると認められる。 ３．課徴金の額の計算 上記の違法行為に対し、金融商品取引法に基づき納付を命じられる課徴金の額は、１３３万円である。 計算方法の詳細については、別紙のとおり。 （別紙） ○ 課徴金の額の計算方法について 金融商品取引法第１７５条第２項に基づき、課徴金の額は、 （公開買付け等の実施に関する事実が公表された後２週間における最も高い価格）×（買付株数）－（買付価格）×（買付株数） となる。 したがって、公開買付け等の実施に関する事実の公表後２週間におけるコロムビアミュージックエンタテインメント株式会社の最も高い株価は、平成２２年１月２２日の４６円であることから、課徴金の額は下記の金額となる。 （４６円×１１０，０００株）－買付価額３，７３０，０００円（注）＝１，３３０，０００円 （注）買付価額は、「33円×10,000株＋34円×100,000株」の合計額である。",1
2012-03-22,2008/12/26-2010/02/10,黒崎播磨株式会社,5352,黒崎播磨株式会社株券に係る内部者取引事件の告発について(1)（平成24年3月22日）,https://www.fsa.go.jp/sesc/news/c_2012/2012/20120322-1.html,平成２４年３月２２日 証券取引等監視委員会 黒崎播磨株式会社株券に係る内部者取引事件の告発について（１） 証券取引等監視委員会は、平成２４年３月２２日、金融商品取引法違反（インサイダー取引）の嫌疑で、下記の犯則嫌疑者２名を福岡地方検察庁検察官に告発した。 １．告発の対象となった犯則事実 第１ 犯則嫌疑者両名は、犯則嫌疑者Ａが、平成２０年１２月１９日ころ、自己の職務に関し、黒崎播磨が新たに算出した平成２０年４月１日から平成２１年３月３１日までの事業年度における同社及び同社が属する企業集団の経常利益の各予想値について、同社が平成２０年５月１５日に公表していた各予想値と比較して、投資者の投資判断に及ぼす影響が重要なものとして内閣府令で定める基準に該当する差異が生じた旨の同社の業務等に関する重要事実を知ったことから、あらかじめ信用取引により同社の株券を売り付け、同事実の公表後に買い戻して利益を得ようと企て、共謀の上、いずれも法定の除外事由がないのに、その公表前である平成２０年１２月２６日から平成２１年１月５日までの間、証券会社を介し、東京証券取引所において、犯則嫌疑者Ｂ名義で黒崎播磨の株券合計４３万１０００株を代金合計１億１５７万１０００円で売り付け 第２ 犯則嫌疑者両名は、犯則嫌疑者Ａが、平成２２年１月１４日ころ、自己の職務に関し、黒崎播磨が新たに算出した平成２１年４月１日から平成２２年３月３１日までの事業年度における同社が属する企業集団の経常利益の予想値について、同社が平成２１年１１月１１日に公表していた予想値と比較して、投資者の投資判断に及ぼす影響が重要なものとして内閣府令で定める基準に該当する差異が生じた旨の同社の業務等に関する重要事実を知ったことから、あらかじめ同社の株券を買い付け、同事実の公表後に売り付けて利益を得ようと企て、共謀の上、いずれも法定の除外事由がないのに、その公表前である平成２２年１月２０日から同年２月１０日までの間、証券会社を介し、東京証券取引所において、犯則嫌疑者Ｂ名義で黒崎播磨の株券合計３０万３０００株を代金合計５１６４万４０００円で買い付け 第３ 犯則嫌疑者Ｂは、平成２２年１月中旬ころ、前記Ａから、同人が自己の職務に関し知った第２記載の重要事実の伝達を受けたことから、あらかじめ同社の株券を買い付け、同事実の公表後に売り付けて利益を得ようと企て、法定の除外事由がないのに、その公表前である平成２２年２月２日から同月１０日までの間、証券会社を介し、東京証券取引所において、知人名義で黒崎播磨の株券合計６万１０００株を代金合計１０１３万４０００円で買い付け たものである。 ２．関連条文 第１及び第２につき 金融商品取引法第197条の2第13号、同法第166条第1項第1号、同条第2項 第3号、刑法第60条 犯則嫌疑者Ｂにつき更に刑法第65条第1項 第３につき 金融商品取引法第197条の2第13号、同法第166条第3項、同条第2項第3号 法定刑：5年以下の懲役若しくは500万円以下の罰金、又は併科,1
2012-03-22,2010/11/10,黒崎播磨株式会社,5352,黒崎播磨株式会社株券に係る内部者取引事件の告発について(2)（平成24年3月22日）,https://www.fsa.go.jp/sesc/news/c_2012/2012/20120322-2.html,平成２４年３月２２日 証券取引等監視委員会 黒崎播磨株式会社株券に係る内部者取引事件の告発について（２） 証券取引等監視委員会は、平成２４年３月２２日、金融商品取引法違反（インサイダー取引）の嫌疑で、下記の犯則嫌疑者２名を福岡地方検察庁検察官に告発した。 １．告発の対象となった犯則事実 第１ 犯則嫌疑者Ａは、平成２２年１１月９日、自己の職務に関し、黒崎播磨が新たに算出した平成２２年４月１日から平成２３年３月３１日までの事業年度における同社が属する企業集団の当期純利益の予想値について、同社が平成２２年５月１３日に公表していた予想値と比較して、投資者の投資判断に及ぼす影響が重要なものとして内閣府令で定める基準に該当する差異が生じた旨の同社の業務等に関する重要事実を知ったことから、あらかじめ同社の株券を買い付け、同事実の公表後に売り付けて利益を得ようと企て、法定の除外事由がないのに、その公表前である平成２２年１１月１０日、証券会社を介し、東京証券取引所において、知人名義で黒崎播磨の株券合計１７万１０００株を代金合計５２０５万８０００円で買い付け 第２ 犯則嫌疑者Ｂは、平成２２年１１月９日ころ、前記Ａから、同人が自己の職務に関し知った第１記載の重要事実の伝達を受けたことから、あらかじめ同社の株券を買い付け、同事実の公表後に売り付けて利益を得ようと企て、法定の除外事由がないのに、その公表前である同月１０日、証券会社を介し、東京証券取引所において、犯則嫌疑者Ｂ名義で黒崎播磨の株券合計１０万６０００株を代金合計３１８９万３０００円で買い付け たものである。 ２．関連条文 第１につき 金融商品取引法第197条の2第13号、同法第166条第1項第１号、同条第2項 第3号 第２につき 金融商品取引法第197条の2第13号、同法第166条第3項、同条第2項第3号 法定刑：5年以下の懲役若しくは500万円以下の罰金、又は併科,1
2013-11-26,2012/10/24-2012/10/29,株式会社システムソフト,7527,株式会社システムソフトとの契約締結交渉者の社員及び同人からの情報受領者による内部者取引に対する課徴金納付命令の勧告について（平成25年11月26日）,https://www.fsa.go.jp/sesc/news/c_2013/2013/20131126-1.html,"平成２５年１１月２６日 証券取引等監視委員会 株式会社システムソフトとの契約締結交渉者の社員及び同人からの情報受領者による内部者取引に対する課徴金納付命令の勧告について １．勧告の内容 証券取引等監視委員会は、株式会社システムソフトとの契約締結交渉者の社員及び同人からの情報受領者による内部者取引について検査した結果、下記のとおり法令違反の事実が認められたので、本日、内閣総理大臣及び金融庁長官に対して、金融庁設置法第２０条第１項の規定に基づき、課徴金納付命令を発出するよう勧告を行った。 ２．法令違反の事実関係 課徴金納付命令対象者(１)及び(２)は、パワーテクノロジー株式会社（以下「パワーテクノロジー」という。）の社員であったが、その職務に関し、同社の役員が株式会社システムソフト（以下「システムソフト」という。）との合併契約の締結の交渉に関し知った、システムソフトの業務執行を決定する機関が、パワーテクノロジーと合併を行うことについての決定をした旨の重要事実を知りながら、 課徴金納付命令対象者(１)においては、この事実が公表された平成２４年１０月３１日より前の同月２４日、自己の計算において、システムソフトの株式４９００株を買付価額３４万３０００円で買い付け、 課徴金納付命令対象者(２)においては、この事実が公表された平成２４年１０月３１日より前の同月２９日、自己の計算において、システムソフトの株式合計１万３２００株を買付価額合計９８万３４００円で買い付けたものである。 課徴金納付命令対象者(３)は、課徴金納付命令対象者(２)から、上記事実の伝達を受けながら、この事実が公表された平成２４年１０月３１日より前の同月２６日、自己の計算において、システムソフトの株式６３００株を買付価額４６万６２００円で買い付けたものである。 課徴金納付命令対象者(１)、(２)及び(３)が行った上記の行為は、金融商品取引法第１７５条第１項に規定する「第１６６条第１項又は第３項の規定に違反して、同条第１項に規定する売買等をした」行為に該当すると認められる。 ３．課徴金の額の計算 上記の違法行為に対し、金融商品取引法に基づき納付を命じられる課徴金の額は、下記のとおりである。 課徴金納付命令対象者(１) ５５万円 課徴金納付命令対象者(２) １４３万円 課徴金納付命令対象者(３) ６８万円 計算方法の詳細については、別紙のとおり。 （別紙） ○ 課徴金の額の計算方法について 金融商品取引法第１７５条第１項に基づき、課徴金の額は、 （重要事実が公表された後２週間における最も高い価格）×（買付株数） －（買付価格）×（買付株数） となる。 したがって、重要事実の公表後２週間におけるシステムソフトの最も高い株価は、平成２４年１１月７日の１８３円であることから、課徴金の額は下記の金額となる。 課徴金納付命令対象者（１） （１８３円×４，９００株） － 買付価額３４３，０００円 （注） ＝５５３，７００円 ⇒課徴金の額は１万円未満を切り捨てるため、 ５５万円 （注）買付価額は、「70円×4,900株」の額である。 課徴金納付命令対象者（２） （１８３円×１３，２００株） － 買付価額９８３，４００円 （注） ＝１，４３２，２００円 ⇒課徴金の額は１万円未満を切り捨てるため、 １４３万円 （注）買付価額は、「74円×6,600株＋75円×6,600株」の合計額である 課徴金納付命令対象者（３） （１８３円×６，３００株） － 買付価額４６６，２００円 （注） ＝６８６，７００円 ⇒課徴金の額は１万円未満を切り捨てるため、 ６８万円 （注）買付価額は、「74円×6,300株」の額である。",1
2013-10-29,2012/12/10-2012/12/20,ノーリツ鋼機株式会社,7744,ノーリツ鋼機株式会社子会社との契約締結交渉者からの情報受領者による内部者取引に対する課徴金納付命令の勧告について（平成25年10月29日）,https://www.fsa.go.jp/sesc/news/c_2013/2013/20131029-2.html,"平成２５年１０月２９日 証券取引等監視委員会 ノーリツ鋼機株式会社子会社との契約締結交渉者からの情報受領者による内部者取引に対する課徴金納付命令の勧告について １．勧告の内容 証券取引等監視委員会は、ノーリツ鋼機株式会社子会社との契約締結交渉者からの情報受領者による内部者取引について検査した結果、下記のとおり法令違反の事実が認められたので、本日、内閣総理大臣及び金融庁長官に対して、金融庁設置法第２０条第１項の規定に基づき、課徴金納付命令を発出するよう勧告を行った。 ２．法令違反の事実関係 課徴金納付命令対象者は、ノーリツ鋼機株式会社（以下「ノーリツ鋼機」という。）の子会社であるＮＫリレーションズ株式会社（以下「ＮＫＲ」という。）と、株式会社全国通販（以下「全国通販」という。）ほか７社の株式の譲渡に関する契約の締結の交渉をしていた全国通販の役員から、同人が同契約の締結の交渉に関し知った、ＮＫＲの業務執行を決定する機関がノーリツ鋼機の孫会社の異動を伴う株式の取得を行うことについての決定をした旨の重要事実の伝達を受けながら、この事実の公表がされた平成２４年１２月２１日より前の同年１２月１０日及び同月２０日、自己及び親族の計算において、ノーリツ鋼機の株式合計８０００株を買付価額合計２５４万６０００円で買い付けたものである。 課徴金納付命令対象者が行った上記の行為は、金融商品取引法第１７５条第１項に規定する「第１６６条第１項又は第３項の規定に違反して、同条第１項に規定する売買等をした」行為に該当すると認められる。 ３．課徴金の額の計算 上記の違法行為に対し、金融商品取引法に基づき納付を命じられる課徴金の額は、４７万円である。 計算方法の詳細については、別紙のとおり。 （別紙） ○ 課徴金の額の計算方法について 金融商品取引法第１７５条第１項に基づき、課徴金の額は、 （重要事実が公表された後２週間における最も高い価格）×（買付株数） －（買付価格）×（買付株数） となる。 したがって、重要事実の公表後２週間におけるノーリツ鋼機の最も高い株価は、平成２５年１月４日の３７７円であることから、課徴金の額は下記の金額となる。 （３７７円×８，０００株） － 買付価額２，５４６，０００円 （注） ＝４７０，０００円 ⇒課徴金の額は、 ４７万円 （注）買付価額は、「316円×5,000株＋322円×3,000株」の合計額である。",1
2013-09-25,2012/10/31,戸田建設株式会社,1860,戸田建設株式会社社員による内部者取引に対する課徴金納付命令の勧告について（平成25年9月25日）,https://www.fsa.go.jp/sesc/news/c_2013/2013/20130925-2.html,"平成２５年９月２５日 証券取引等監視委員会 戸田建設株式会社社員による内部者取引に対する課徴金納付命令の勧告について １．勧告の内容 証券取引等監視委員会は、戸田建設株式会社社員による内部者取引について検査した結果、下記のとおり法令違反の事実が認められたので、本日、内閣総理大臣及び金融庁長官に対して、金融庁設置法第２０条第１項の規定に基づき、課徴金納付命令を発出するよう勧告を行った。 ２．法令違反の事実関係 課徴金納付命令対象者は、戸田建設株式会社（以下「戸田建設」という。）の社員であるが、その職務に関し、同社の平成２５年３月期の当期純利益について、平成２４年８月９日に公表がされた直近の予想値に比較して、同社が新たに算出した予想値において投資者の投資判断に及ぼす影響が重要なものとして内閣府令で定める基準に該当する差異が生じた事実を知りながら、新たに算出した予想値が当期純利益マイナス３９８億円として公表がされた平成２４年１０月３１日午後３時３０分頃より前の同日午後０時３４分頃から午後１時４９分頃までの間、自己の計算において、戸田建設株式合計９０００株を売付価額合計２１６万９０００円で売り付けたものである。 課徴金納付命令対象者が行った上記の行為は、金融商品取引法第１７５条第１項に規定する「第１６６条第１項又は第３項の規定に違反して、同条第１項に規定する売買等をした」行為に該当すると認められる。 ３．課徴金の額の計算 上記の違法行為に対し、金融商品取引法に基づき納付を命じられる課徴金の額は、５２万円である。 計算方法の詳細については、別紙のとおり。 （別紙） ○ 課徴金の額の計算方法について 金融商品取引法第１７５条第１項に基づき、課徴金の額は、 （売付価格）×（売付株数） －（重要事実が公表された後２週間における最も低い価格）×（売付株数） となる。 したがって、重要事実の公表後２週間における戸田建設の最も低い株価は、平成２４年１１月１３日の１８３円であることから、課徴金の額は下記の金額となる。 売付価額２，１６９，０００円（注） － （１８３円×９，０００株） ＝ ５２２，０００円 ⇒課徴金の額は１万円未満を切り捨てるため、 ５２万円 （注）売付価額は、「241円×9,000株」の額である。",1
2013-08-30,,ソニー株式会社,6758,公開買付者の社員からの情報受領者によるソネットエンタテインメント株式に係る内部者取引に対する課徴金納付命令の勧告について（平成25年8月30日）,https://www.fsa.go.jp/sesc/news/c_2013/2013/20130830-4.html,"平成２５年８月３０日 証券取引等監視委員会 公開買付者の社員からの情報受領者によるソネットエンタテインメント株式に係る内部者取引に対する課徴金納付命令の勧告について １．勧告の内容 証券取引等監視委員会は、公開買付者の社員からの情報受領者によるソネットエンタテインメント株式に係る内部者取引について検査した結果、下記のとおり法令違反の事実が認められたので、本日、内閣総理大臣及び金融庁長官に対して、金融庁設置法第２０条第１項の規定に基づき、課徴金納付命令を発出するよう勧告を行った。 ２．法令違反の事実関係 課徴金納付命令対象者は、ソニー株式会社（以下「ソニー」という。）の社員から、同人がその職務に関し知った、ソニーの業務執行を決定する機関がソネットエンタテインメント株式会社（以下「ソネット」という。）の株式の公開買付けを行うことについての決定をした事実の伝達を受けながら、この事実が公表された平成２４年８月１０日より前の同月３日午前１１時３４分から同日午後１時３６分までの間、自己の計算において、ソネットの株式合計１２株を買付価額合計３９０万７５００円で買い付けたものである。 課徴金納付命令対象者が行った上記の行為は、金融商品取引法第１７５条第２項に規定する「第１６７条第１項又は第３項の規定に違反して、同条第１項に規定する特定株券等若しくは関連株券等に係る買付け等又は同項に規定する株券等に係る売付け等をした」行為に該当すると認められる。 ３．課徴金の額の計算 上記の違法行為に対し、金融商品取引法に基づき納付を命じられる課徴金の額は、２８９万円である。 計算方法の詳細については、別紙のとおり。 （別紙） ○ 課徴金の額の計算方法について 金融商品取引法第１７５条第２項に基づき、課徴金の額は、 （公開買付け等の実施に関する事実が公表された後２週間における最も高い価格）×（買付株数） － （買付価格）×（買付株数） となる。 したがって、公開買付け等の実施に関する事実の公表後２週間におけるソネットの最も高い株価は、平成２４年８月２３日の５６７，０００円であることから、課徴金の額は下記の金額となる。 （５６７，０００円×１２株） － 買付価額３，９０７，５００円 （注） ＝２，８９６，５００円 ⇒課徴金の額は１万円未満を切り捨てるため、 ２８９万円 （注）買付価額は、「324,000円×5株＋326,500円×3株＋327,000円×4株」の合計額である。",1
2013-08-30,2012/10/23,株式会社,1301,株式会社オウケイウェイヴとの契約締結交渉者からの情報受領者による内部者取引に対する課徴金納付命令の勧告について（平成25年8月30日）,https://www.fsa.go.jp/sesc/news/c_2013/2013/20130830-3.html,平成２５年８月３０日 証券取引等監視委員会 株式会社オウケイウェイヴとの契約締結交渉者からの情報受領者による内部者取引に対する課徴金納付命令の勧告について １．勧告の内容 証券取引等監視委員会は、株式会社オウケイウェイヴとの契約締結交渉者からの情報受領者による内部者取引について検査した結果、下記のとおり法令違反の事実が認められたので、本日、内閣総理大臣及び金融庁長官に対して、金融庁設置法第２０条第１項の規定に基づき、課徴金納付命令を発出するよう勧告を行った。 ２．法令違反の事実関係 課徴金納付命令対象者は、株式会社オウケイウェイヴ（以下「オウケイウェイヴ」という。）と、資本業務提携契約の締結の交渉をしていた株式会社ブリックス（以下「ブリックス」という。）の役員から、同人が同契約の締結の交渉に関し知った、オウケイウェイヴの業務執行を決定する機関がブリックスと業務上の提携を行うことの決定をした事実の伝達を受けながら、この事実が公表された平成２４年１０月２３日午後４時頃より前の同日午後２時１８分頃から同日午後３時２６分頃までの間、自己の計算において、オウケイウェイヴの株式合計１３００株を買付価額合計１０１万７６００円で買い付けたものである。 課徴金納付命令対象者が行った上記の行為は、金融商品取引法第１７５条第１項に規定する「第１６６条第１項又は第３項の規定に違反して、同条第１項に規定する売買等をした」行為に該当すると認められる。 ３．課徴金の額の計算 上記の違法行為に対し、金融商品取引法に基づき納付を命じられる課徴金の額は、８６万円である。 計算方法の詳細については、別紙のとおり。 （別紙） ○ 課徴金の額の計算方法について 金融商品取引法第１７５条第１項に基づき、課徴金の額は、 （重要事実が公表された後２週間における最も高い価格）×（買付株数） －（買付価格）×（買付株数） となる。 したがって、重要事実の公表後２週間におけるオウケイウェイヴの最も高い株価は、平成２４年１０月２９日の１，４４６円であることから、課徴金の額は下記の金額となる。 （１，４４６円×１，３００株） － 買付価額１，０１７，６００円 （注） ＝８６２，２００円 ⇒課徴金の額は１万円未満を切り捨てるため、 ８６万円 （注）買付価額は、「781円×700株＋782円×100株＋783円×400株＋795円×100株」の合計額である。,1
2013-06-14,2012/06/06-2012/06/08,コーセル株式会社,6905,コーセル株式会社社員による内部者取引に対する課徴金納付命令の勧告について（平成25年6月14日）,https://www.fsa.go.jp/sesc/news/c_2013/2013/20130614-3.html,"平成２５年６月１４日 証券取引等監視委員会 コーセル株式会社社員による内部者取引に対する課徴金納付命令の勧告について １．勧告の内容 証券取引等監視委員会は、コーセル株式会社社員による内部者取引について検査した結果、下記のとおり法令違反の事実が認められたので、本日、内閣総理大臣及び金融庁長官に対して、金融庁設置法第２０条第１項の規定に基づき、課徴金納付命令を発出するよう勧告を行った。 ２．法令違反の事実関係 課徴金納付命令対象者は、コーセル株式会社（以下「コーセル」という。）の社員であったが、その職務に関し、同社の業務執行を決定する機関が、自己の株式の取得を行うことについての決定をした事実を知りながら、この事実が公表された平成２４年６月１３日より前の同月６日から同月８日までの間、自己の計算において、コーセルの株式合計１万２０００株を買付価額合計１０４８万７４００円で買い付けたものである。 課徴金納付命令対象者が行った上記の行為は、金融商品取引法第１７５条第１項に規定する「第１６６条第１項又は第３項の規定に違反して、同条第１項に規定する売買等をした」行為に該当すると認められる。 ３．課徴金の額の計算 上記の違法行為に対し、金融商品取引法に基づき納付を命じられる課徴金の額は、１９２万円である。 計算方法の詳細については、別紙のとおり。 （別紙） ○ 課徴金の額の計算方法について 金融商品取引法第１７５条第１項に基づき、課徴金の額は、 （重要事実が公表された後２週間における最も高い価格）×（買付株数） －（買付価格）×（買付株数） となる。 したがって、重要事実の公表後２週間におけるコーセルの最も高い株価は、平成２４年６月２７日の１，０３４円であることから、課徴金の額は下記の金額となる。 （１，０３４円×１２，０００株） － 買付価額１０，４８７，４００円 （注） ＝ １，９２０，６００円 ⇒課徴金の額は１万円未満を切り捨てるため、 １９２万円 （注）買付価額は、「868円×4,900株＋874円×2,300株＋880円×4,800株」の合計額である。",1
2013-05-10,2011/08/23-2011/08/24,株式会社石井表記,6336,株式会社石井表記の子会社役員による内部者取引に対する課徴金納付命令の勧告について（平成25年5月10日）,https://www.fsa.go.jp/sesc/news/c_2013/2013/20130510-1.html,"平成２５年５月１０日 証券取引等監視委員会 株式会社石井表記の子会社役員による内部者取引に対する課徴金納付命令の勧告について １．勧告の内容 証券取引等監視委員会は、株式会社石井表記の子会社役員による内部者取引について検査した結果、下記のとおり法令違反の事実が認められたので、本日、内閣総理大臣及び金融庁長官に対して、金融庁設置法第２０条第１項の規定に基づき、課徴金納付命令を発出するよう勧告を行った。 ２．法令違反の事実関係 課徴金納付命令対象者は、株式会社石井表記（以下「石井表記」という。）の子会社である石井表記ソーラー株式会社（以下「石井表記ソーラー」という。）の役員であったが、その職務に関し、石井表記ソーラーの業務執行を決定する機関が、解散を行うことについての決定をした事実を知りながら、この事実が公表された平成２３年８月３１日より前の同月２３日及び同月２４日、同族会社の計算において、石井表記の株式合計７７００株を売付価額合計５５４万４０００円で売り付けたものである。 課徴金納付命令対象者が行った上記の行為は、金融商品取引法第１７５条第１項に規定する「第１６６条第１項又は第３項の規定に違反して、同条第１項に規定する売買等をした」行為に該当すると認められる。 ３．課徴金の額の計算 上記の違法行為に対し、金融商品取引法に基づき納付を命じられる課徴金の額は、３１２万円である。 計算方法の詳細については、別紙のとおり。 （別紙） ○ 課徴金の額の計算方法について 金融商品取引法第１７５条第１項に基づき、課徴金の額は、 （売付価格）×（売付株数） －（重要事実が公表された後２週間における最も低い価格）×（売付株数） となる。 したがって、重要事実の公表後２週間における石井表記の最も低い株価は、平成２３年９月１４日の３１４円であることから、課徴金の額は下記の金額となる。 売付価額５，５４４，０００円（注）－（３１４円×７，７００株） ＝３，１２６，２００円 ⇒課徴金の額は１万円未満を切り捨てるため、 ３１２万円 （注）売付価額は、「720円×7,700株」の額である。",1
2013-04-30,2012/10/01,アクセス株式会社,7042,イー・アクセス株券に係るイー･アクセス社員による内部者取引事件の告発について（平成25年4月30日）,https://www.fsa.go.jp/sesc/news/c_2013/2013/20130340-1.html,平成２５年４月３０日 証券取引等監視委員会 イー・アクセス株券に係るイー･アクセス社員による内部者取引事件の告発について 証券取引等監視委員会は、本日（４月３０日）、金融商品取引法違反（インサイダー取引）の嫌疑で、下記の嫌疑者を東京地方検察庁に告発した。 １．告発の対象となった犯則事実 犯則嫌疑者は、移動体通信事業を営み、東京証券取引所が開設する有価証券市場に株券を上場していたイー･アクセス株式会社（以下「イー・アクセス」という。）の従業員として同社代表取締役会長付き秘書の職務に従事していたものであるが、平成２４年９月２８日頃から同月２９日頃の間、イー・アクセスの業務執行を決定する機関が、同種事業を営むソフトバンクモバイル株式会社と業務上の提携をするとともに、同社の親会社であるソフトバンク株式会社との間で株式交換を行うことについての決定をした旨のイー･アクセスの業務等に関する重要事実を自己の職務に関して知り、法定の除外事由がないのに、同事実の公表前である同年１０月１日午前９時頃、犯則嫌疑者名義で、イー・アクセスの株券合計６９８株を代金合計１０４７万円で買い付けたものである。 ２．関連条文 金融商品取引法第197条の2第13号、第166条第１項第1号、同条第2項第1号チ及びヨ 法定刑：5年以下の懲役若しくは500万円以下の罰金又は併科,1
2014-12-12,2013/07/19,株式会社ワイヤレスゲート,9419,株式会社ワイヤレスゲート役員からの情報受領者による内部者取引に対する課徴金納付命令の勧告について（平成26年12月12日）,https://www.fsa.go.jp/sesc/news/c_2014/2014/20141212-1.html,"平成２６年１２月１２日 証券取引等監視委員会 株式会社ワイヤレスゲート役員からの情報受領者による内部者取引に対する課徴金納付命令の勧告について １．勧告の内容 証券取引等監視委員会は、株式会社ワイヤレスゲート役員からの情報受領者による内部者取引について検査した結果、下記のとおり法令違反の事実が認められたので、本日、内閣総理大臣及び金融庁長官に対して、金融庁設置法第２０条第１項の規定に基づき、課徴金納付命令を発出するよう勧告を行った。 ２．法令違反の事実関係 課徴金納付命令対象者は、株式会社ワイヤレスゲート（以下「ワイヤレスゲート」という。）の役員から、同人がその職務に関し知った、ワイヤレスゲートの業務執行を決定する機関が株式の分割を行うことについての決定をした旨の重要事実の伝達を受けながら、この事実が公表された平成２５年７月１９日午後３時頃より前の同日午前１０時１２分頃、自己の計算において、ワイヤレスゲート株式合計１０００株を買付価額合計５４８万円で買い付けたものである。 課徴金納付命令対象者が行った上記の行為は、金融商品取引法第１７５条第１項に規定する「第１６６条第１項又は第３項の規定に違反して、同条第１項に規定する売買等をした」行為に該当すると認められる。 ３．課徴金の額の計算 上記の違法行為に対し、金融商品取引法に基づき納付を命じられる課徴金の額は、５２万円である。 計算方法の詳細については、別紙のとおり。 （別紙） ○ 課徴金の額の計算方法について 金融商品取引法第１７５条第１項に基づき、課徴金の額は、 （重要事実が公表された後２週間における最も高い価格）×（買付株数） －（買付価格）×（買付株数） となる。 したがって、重要事実の公表後２週間におけるワイヤレスゲートの最も高い株価は、６，０００円であることから、課徴金の額は下記の金額となる。 （６，０００円×１，０００株） － 買付価額５，４８０，０００円 （注） ＝５２０，０００円 （注）買付価額は、「5,480円×1,000株」の額である。",1
2014-11-11,2013/10/22-2013/10/24,チムニー株式会社,3178,公開買付者との契約締結交渉者からの情報受領者によるチムニー株式に係る内部者取引に対する課徴金納付命令の勧告について（平成26年11月11日）,https://www.fsa.go.jp/sesc/news/c_2014/2014/20141111-2.html,"平成２６年１１月１１日 証券取引等監視委員会 公開買付者との契約締結交渉者からの情報受領者によるチムニー株式に係る内部者取引に対する課徴金納付命令の勧告について １．勧告の内容 証券取引等監視委員会は、公開買付者との契約締結者からの情報受領者によるチムニー株式に係る内部者取引について検査した結果、下記のとおり法令違反の事実が認められたので、本日、内閣総理大臣及び金融庁長官に対して、金融庁設置法第２０条第１項の規定に基づき、課徴金納付命令を発出するよう勧告を行った。 ２．法令違反の事実関係 課徴金納付命令対象者は、株式会社やまや（以下「やまや」という。）と公開買付けの実施及び応募に関する契約の締結の交渉をしていた者から、同人が同契約の締結交渉に関し知った、やまやの業務執行を決定する機関が、チムニー株式会社（以下「チムニー」という。）株式の公開買付けを行うことについての決定をした旨の公開買付けの実施に関する事実の伝達を受けながら、この事実が公表された平成２５年１１月７日より前の同年１０月２２日から同月２４日までの間、自己の計算において、チムニー株式合計１５００株を買付価額合計１６２万１５００円で買い付けたものである。 課徴金納付命令対象者が行った上記の行為は、金融商品取引法第１７５条第２項に規定する「第１６７条第１項又は第３項の規定に違反して、同条第１項に規定する売買等をした」行為に該当すると認められる。 ３．課徴金の額の計算 上記の違法行為に対し、金融商品取引法に基づき納付を命じられる課徴金の額は、４４万円である。 計算方法の詳細については、別紙のとおり。 （別紙） ○ 課徴金の額の計算方法について 金融商品取引法第１７５条第２項に基づき、課徴金の額は、 （公開買付け等の実施に関する事実が公表された後２週間における最も高い価格）×（買付株数） －（買付価格）×（買付株数） となる。 したがって、公開買付け等の実施に関する事実の公表後２週間におけるチムニーの最も高い株価は、１，３８０円であることから、課徴金の額は下記の金額となる。 （１，３８０円×１，５００株） － 買付価額１，６２１，５００円（注） ＝４４８，５００円 ⇒課徴金の額は１万円未満を切り捨てるため、 ４４万円 （注）買付価額は、「1,088円×1,000株＋1,067円×500株」の額である。",1
2014-05-30,2013/02/14-2013/03/15,イオン株式会社,8267,公開買付者の役員及び同人からの情報受領者によるダイエー株式に係る内部者取引に対する課徴金納付命令の勧告について（平成26年5月30日）,https://www.fsa.go.jp/sesc/news/c_2014/2014/20140530-2.html,"平成２６年５月３０日 証券取引等監視委員会 公開買付者の役員及び同人からの情報受領者によるダイエー株式に係る内部者取引に対する課徴金納付命令の勧告について １．勧告の内容 証券取引等監視委員会は、公開買付者の役員及び同人からの情報受領者によるダイエー株式に係る内部者取引について検査した結果、下記のとおり法令違反の事実が認められたので、本日、内閣総理大臣及び金融庁長官に対して、金融庁設置法第２０条第１項の規定に基づき、課徴金納付命令を発出するよう勧告を行った。 ２．法令違反の事実関係 課徴金納付命令対象者(１)は、イオン株式会社（以下「イオン」という。）の役員であったが、その職務に関し、イオンの業務執行を決定する機関が株式会社ダイエー（以下「ダイエー」という。）株式の公開買付けを行うことについての決定をした旨の公開買付けの実施に関する事実を知りながら、この事実が公表された平成２５年３月２８日より前の同年２月１４日から３月５日までの間、自己の計算において、ダイエー株式合計１万４０００株を買付価額合計３１４万４１００円で買い付けたものである。 課徴金納付命令対象者(２)、(３)、(４)は、課徴金納付命令対象者(１)から、上記事実の伝達を受けながら、 課徴金納付命令対象者(２)においては、この事実が公表された平成２５年３月２８日より前の同年２月１４日から３月５日までの間、自己の計算において、ダイエー株式合計１万４０００株を買付価額合計３１５万４１００円で買い付け、 課徴金納付命令対象者(３)においては、この事実が公表された平成２５年３月２８日より前の同月１３日及び１４日、自己の計算において、ダイエー株式合計１万株を買付価額合計２２９万５０００円で買い付け、 課徴金納付命令対象者(４)においては、この事実が公表された平成２５年３月２８日より前の同月１３日及び１５日、自己の計算において、ダイエー株式合計５０００株を買付価額合計１１４万５０００円で買い付けたものである。 課徴金納付命令対象者が行った上記の行為は、金融商品取引法第１７５条第２項に規定する「第１６７条第１項又は第３項の規定に違反して、同条第１項に規定する特定株券等若しくは関連株券等に係る買付け等」をした行為に該当すると認められる。 ３．課徴金の額の計算 上記の違法行為に対し、金融商品取引法に基づき納付を命じられる課徴金の額は、 下記のとおりである。 課徴金納付命令対象者(１)　１９７万円 課徴金納付命令対象者(２)　１９６万円 課徴金納付命令対象者(３)　１３６万円 課徴金納付命令対象者(４)　　６８万円 計算方法の詳細については、別紙のとおり。 （別紙） ○ 課徴金の額の計算方法について 金融商品取引法第１７５条第２項に基づき、課徴金の額は、 （公開買付け等の実施に関する事実が公表された後２週間における最も高い価格）×（買付株数） －（買付価格）×（買付株数） となる。 したがって、公開買付け等の実施に関する事実の公表後２週間におけるダイエーの最も高い株価は、３６６円であることから、課徴金の額は下記の金額となる。 課徴金納付命令対象者(１) （３６６円×１４，０００株） － 買付価額３，１４４，１００円 （注） ＝１，９７９，９００円 ⇒課徴金の額は１万円未満を切り捨てるため、 １９７万円 （注）買付価額は、「201円×3,900株＋202円×100株＋234円×10,000株」の合計額である。 課徴金納付命令対象者(２) （３６６円×１４，０００株） － 買付価額３，１５４，１００円 （注） ＝１，９６９，９００円 ⇒課徴金の額は１万円未満を切り捨てるため、 １９６万円 （注）買付価額は、「201円×3,900株＋202円×100株＋235円×10,000株」の合計額である。 課徴金納付命令対象者(３) （３６６円×１０，０００株） － 買付価額２，２９５，０００円 （注） ＝１，３６５，０００円 ⇒課徴金の額は１万円未満を切り捨てるため、 １３６万円 （注）買付価額は、「225円×5,000株＋234円×5,000株」の合計額である。 課徴金納付命令対象者(４) （３６６円×５，０００株） － 買付価額１，１４５，０００円 （注） ＝６８５，０００円 ⇒課徴金の額は１万円未満を切り捨てるため、 ６８万円 （注）買付価額は、「225円×3,000株＋235円×2,000株」の合計額である。",1
2014-04-22,2013/11/15,株式会社ノジマ,7419,株式会社ノジマとの契約締結者による内部者取引に対する課徴金納付命令の勧告について（平成26年4月22日）,https://www.fsa.go.jp/sesc/news/c_2014/2014/20140422-1.html,平成２６年４月２２日 証券取引等監視委員会 株式会社ノジマとの契約締結者による内部者取引に対する課徴金納付命令の勧告について １．勧告の内容 証券取引等監視委員会は、株式会社ノジマとの契約締結者による内部者取引について検査した結果、下記のとおり法令違反の事実が認められたので、本日、内閣総理大臣及び金融庁長官に対して、金融庁設置法第２０条第１項の規定に基づき、課徴金納付命令を発出するよう勧告を行った。 ２．法令違反の事実関係 課徴金納付命令対象者は、株式会社ノジマ（以下「ノジマ」という。）と法律顧問契約を締結していた者であるが、その契約の履行に関し、ノジマの業務執行を決定する機関がノジマの発行する株式を引き受ける者の募集を行うことについての決定をした旨の重要事実を知りながら、この事実が公表された平成２５年１１月１９日より前の同月１５日、自己の計算において、ノジマ株式合計２０００株を売付価額合計１９４万６９００円で売り付けたものである。 課徴金納付命令対象者が行った上記の行為は、金融商品取引法第１７５条第１項に規定する「第１６６条第１項又は第３項の規定に違反して、同条第１項に規定する売買等をした」行為に該当すると認められる。 ３．課徴金の額の計算 上記の違法行為に対し、金融商品取引法に基づき納付を命じられる課徴金の額は、３９万円である。 計算方法の詳細については、別紙のとおり。 （別紙） ○ 課徴金の額の計算方法について 金融商品取引法第１７５条第１項に基づき、課徴金の額は、 （売付価格）×（売付株数） －（重要事実が公表された後２週間における最も低い価格）×（売付株数） となる。 したがって、重要事実の公表後２週間におけるノジマの最も低い株価は７７８円であることから、課徴金の額は下記の金額となる。 売付価額１，９４６，９００（注）　－ （７７８円×２，０００株） ＝３９０，９００円 ⇒課徴金の額は１万円未満を切り捨てるため、 ３９万円 （注）売付価額は、 「970円×100株＋971円×700株＋972円×300株＋973円×100株＋975円×200株＋977円×500株＋978円×100株」 の合計額である。,1
2014-03-28,2013/04/15-2013/04/18,株式会社スーパーツール,5990,株式会社スーパーツールとの契約締結交渉者及び同人からの情報受領者による内部者取引に対する課徴金納付命令の勧告について（平成26年3月28日）,https://www.fsa.go.jp/sesc/news/c_2014/2014/20140328-1.html,"平成２６年３月２８日 証券取引等監視委員会 株式会社スーパーツールとの契約締結交渉者及び同人からの情報受領者による内部者取引に対する課徴金納付命令の勧告について １．勧告の内容 証券取引等監視委員会は、株式会社スーパーツールとの契約締結交渉者及び同人からの情報受領者による内部者取引について検査した結果、下記のとおり法令違反の事実が認められたので、本日、内閣総理大臣及び金融庁長官に対して、金融庁設置法第２０条第１項の規定に基づき、課徴金納付命令を発出するよう勧告を行った。 ２．法令違反の事実関係 課徴金納付命令対象者(１)は、株式会社スーパーツール（以下「スーパーツール」という。）と契約の締結の交渉をしていた者であるが、その交渉に関し、同社の属する企業集団の平成２５年３月期の売上高について、平成２４年１０月１７日に公表がされた直近の予想値に比較して、同社が新たに算出した予想値において投資者の投資判断に及ぼす影響が重要なものとして内閣府令で定める基準に該当する差異が生じた旨の重要事実を知りながら、新たに算出した予想値が売上高６２億７４００万円として公表がされた平成２５年４月１８日午後３時１０分頃より前の同月１５日、自己の計算において、スーパーツールの株式合計６０００株を買付価額合計１９３万８０００円で買い付けたものである。 課徴金納付命令対象者(２)及び(３)は、課徴金納付命令対象者(１)から、上記事実の伝達を受けながら、 課徴金納付命令対象者(２)においては、この事実の公表がされた平成２５年４月１８日午後３時１０分頃より前の同月１５日から同月１８日午前１０時６分までの間、自己の計算において、スーパーツールの株式合計３０００株を買付価額合計９６万１０００円で買い付け、 課徴金納付命令対象者(３)においては、この事実の公表がされた平成２５年４月１８日午後３時１０分頃より前の同月１６日、自己の計算において、スーパーツールの株式合計１０００株を買付価額合計３２万円で買い付けたものである。 課徴金納付命令対象者(１)、(２)及び(３)が行った上記の行為は、金融商品取引法第１７５条第１項に規定する「第１６６条第１項又は第３項の規定に違反して、同条第１項に規定する売買等をした」行為に該当すると認められる。 ３．課徴金の額の計算 上記の違法行為に対し、金融商品取引法に基づき納付を命じられる課徴金の額は、下記のとおりである。 課徴金納付命令対象者(１)　９１万円 課徴金納付命令対象者(２)　４６万円 課徴金納付命令対象者(３)　１５万円 計算方法の詳細については、別紙のとおり。 （別紙） ○ 課徴金の額の計算方法について 金融商品取引法第１７５条第１項に基づき、課徴金の額は、 （重要事実が公表された後２週間における最も高い価格）×（買付株数） －（買付価格）×（買付株数） となる。 したがって、重要事実の公表後２週間におけるスーパーツールの最も高い株価は、平成２５年４月３０日の４７５円であることから、課徴金の額は下記の金額となる。 課徴金納付命令対象者(１) （４７５円×６，０００株） － 買付価額１，９３８，０００円 （注） ＝９１２，０００円 ⇒課徴金の額は１万円未満を切り捨てるため、 ９１万円 （注）買付価額は、「322円×1,000株＋323円×4,000株＋324円×1,000株」の合計額である。 課徴金納付命令対象者(２) （４７５円×３，０００株） － 買付価額９６１，０００円 （注） ＝４６４，０００円 ⇒課徴金の額は１万円未満を切り捨てるため、 ４６万円 （注）買付価額は、「318円×1,000株＋321円×1,000株＋322円×1,000株」の合計額である。 課徴金納付命令対象者(３) （４７５円×１，０００株） － 買付価額３２０，０００円 （注） ＝１５５，０００円 ⇒課徴金の額は１万円未満を切り捨てるため、 １５万円 （注）買付価額は、「320円×1,000株」の額である。",1
2014-02-25,2013/04/12-2013/04/15,株式会社コスモスイニシア,8844,株式会社コスモスイニシアとの契約締結交渉者の社員による内部者取引に対する課徴金納付命令の勧告について　（平成26年2月25日）,https://www.fsa.go.jp/sesc/news/c_2014/2014/20140225-2.html,"平成２６年２月２５日 証券取引等監視委員会 株式会社コスモスイニシアとの契約締結交渉者の社員による内部者取引に対する課徴金納付命令の勧告について １．勧告の内容 証券取引等監視委員会は、株式会社コスモスイニシアとの契約締結交渉者の社員による内部者取引について検査した結果、下記のとおり法令違反の事実が認められたので、本日、内閣総理大臣及び金融庁長官に対して、金融庁設置法第２０条第１項の規定に基づき、課徴金納付命令を発出するよう勧告を行った。 ２．法令違反の事実関係 課徴金納付命令対象者は、大和ハウス工業株式会社（以下「大和ハウス工業」という。）の社員であったが、その職務に関し、同社の他の社員が株式会社コスモスイニシア（以下「コスモスイニシア」という。）との資本業務提携契約の締結の交渉に関し知った、コスモスイニシアの業務執行を決定する機関が、大和ハウス工業と業務上の提携を行うこと及び同社に対し第三者割当増資を実施するために株式の発行を行うことについての決定をした旨の重要事実を知りながら、これらの事実が公表された平成２５年４月１６日より前の同月１２日から同月１５日の間、自己の計算において、コスモスイニシアの株式合計１万７０００株を買付価額合計１３２２万円で買い付けたものである。 課徴金納付命令対象者が行った上記の行為は、金融商品取引法第１７５条第１項に規定する「第１６６条第１項又は第３項の規定に違反して、同条第１項に規定する売買等をした」行為に該当すると認められる。 ３．課徴金の額の計算 上記の違法行為に対し、金融商品取引法に基づき納付を命じられる課徴金の額は、１３１４万円である。 計算方法の詳細については、別紙のとおり。 （別紙） ○ 課徴金の額の計算方法について 金融商品取引法第１７５条第１項に基づき、課徴金の額は、 （重要事実が公表された後２週間における最も高い価格）×（買付株数） －（買付価格）×（買付株数） となる。 したがって、重要事実の公表後２週間におけるコスモスイニシアの最も高い株価は、平成２５年４月２３日の１，５５１円であることから、課徴金の額は下記の金額となる。 （１，５５１円×１７，０００株） － 買付価額１３，２２０，０００円 （注） ＝１３，１４７，０００円 ⇒課徴金の額は１万円未満を切り捨てるため、 １，３１４万円 （注）買付価額は、「746円×1,000株＋770円×2,000株＋771円×1,000株＋772円×1,000株＋775円×3,000株＋780円×1,000株＋781円×1,000株＋783円×1,000株＋785円×2,000株＋786円×1,000株＋788円×1,000株＋789円×2,000株」の合計額である。",1
2014-02-25,2013/03/28,株式会社田中化学研究所,4080,株式会社田中化学研究所との契約締結者の社員及び同人からの情報受領者による内部者取引に対する課徴金納付命令の勧告について　（平成26年2月25日）,https://www.fsa.go.jp/sesc/news/c_2014/2014/20140225-1.html,"平成２６年２月２５日 証券取引等監視委員会 株式会社田中化学研究所との契約締結者の社員及び同人からの情報受領者による内部者取引に対する課徴金納付命令の勧告について １．勧告の内容 証券取引等監視委員会は、株式会社田中化学研究所との契約締結者の社員及び同人からの情報受領者による内部者取引について検査した結果、下記のとおり法令違反の事実が認められたので、本日、内閣総理大臣及び金融庁長官に対して、金融庁設置法第２０条第１項の規定に基づき、課徴金納付命令を発出するよう勧告を行った。 ２．法令違反の事実関係 課徴金納付命令対象者(１)は、パナソニック株式会社（以下「パナソニック」という。）の社員であるが、株式会社田中化学研究所（以下「田中化学研究所」という。）とパナソニックとの間で締結していた取引に関する契約の履行に関し、田中化学研究所の業務執行を決定する機関が、住友化学株式会社と業務上の提携を行うことについての決定をした旨の重要事実を知りながら、この事実が公表された平成２５年３月２８日午後４時頃より前の同日午前１０時２９分頃から午後２時２３分頃までの間、自己の計算において、田中化学研究所の株式合計２５００株を買付価額合計８７万５７００円で買い付けたものである。 課徴金納付命令対象者(２)は、課徴金納付命令対象者(１)から上記事実の伝達を受けながら、この事実が公表された平成２５年３月２８日午後４時頃より前の同日午後２時１０分頃から午後２時５６分頃までの間、自己の計算において、田中化学研究所の株式合計１９００株を買付価額合計６８万３４００円で買い付けたものである。 課徴金納付命令対象者(１)及び(２)が行った上記の行為は、金融商品取引法第１７５条第１項に規定する「第１６６条第１項又は第３項の規定に違反して、同条第１項に規定する売買等をした」行為に該当すると認められる。 ３．課徴金の額の計算 上記の違法行為に対し、金融商品取引法に基づき納付を命じられる課徴金の額は、下記のとおりである。 課徴金納付命令対象者(１) ６８万円 課徴金納付命令対象者(２) ５０万円 計算方法の詳細については、別紙のとおり。 （別紙） ○ 課徴金の額の計算方法について 金融商品取引法第１７５条第１項に基づき、課徴金の額は、 （重要事実が公表された後２週間における最も高い価格）×（買付株数） －（買付価格）×（買付株数） となる。 したがって、重要事実の公表後２週間における田中化学研究所の最も高い株価は、平成２５年４月２日の６２５円であることから、課徴金の額は下記の金額となる。 課徴金納付命令対象者(１) （６２５円×２，５００株） － 買付価額８７５，７００円 （注） ＝６８６，８００円 ⇒課徴金の額は１万円未満を切り捨てるため、 ６８万円 （注）買付価額は、「349円×1,700株＋353円×800株」の合計額である。 課徴金納付命令対象者(２) （６２５円×１，９００株） － 買付価額６８３，４００円 （注） ＝５０４，１００円 ⇒課徴金の額は１万円未満を切り捨てるため、 ５０万円 （注）買付価額は、「352円×100株＋357円×100株＋358円×200株＋359円×700株＋360円×400株 ＋364円×400株」の合計額である。",1
2014-02-07,2013/01/09-2013/01/21,株式会社ネクス,3186,株式会社ネクスとの契約締結交渉者の役員及び同人からの情報受領者による内部者取引に対する課徴金納付命令の勧告について（平成26年2月7日）,https://www.fsa.go.jp/sesc/news/c_2014/2014/20140207-1.html,"平成２６年２月７日 証券取引等監視委員会 株式会社ネクスとの契約締結交渉者の役員及び同人からの情報受領者による内部者取引に対する課徴金納付命令の勧告について １．勧告の内容 証券取引等監視委員会は、株式会社ネクスとの契約締結交渉者の役員及び同人からの情報受領者による内部者取引について検査した結果、下記のとおり法令違反の事実が認められたので、本日、内閣総理大臣及び金融庁長官に対して、金融庁設置法第２０条第１項の規定に基づき、課徴金納付命令を発出するよう勧告を行った。 ２．法令違反の事実関係 課徴金納付命令対象者(１)は、株式会社ネクス（以下「ネクス」という。）との契約締結交渉者の役員であるが、ネクスとの株式引受契約の締結の交渉に関し、ネクスの業務執行を決定する機関が、ネクスの発行する株式を引き受ける者の募集を行うことについての決定をした旨の重要事実を知りながら、この事実が公表された平成２５年１月２３日より前の同月９日から同月１１日までの間、自己の計算において、ネクスの株式合計９１株を買付価額合計２０６万２８９０円で買い付けたものである。 課徴金納付命令対象者(２)、(３)及び(４)は、課徴金納付命令対象者(１)から、上記事実の伝達を受けながら、 課徴金納付命令対象者(２)においては、この事実の公表がされた平成２５年１月２３日より前の同月１８日から同月２１日までの間、自己の計算において、ネクスの株式合計８０株を買付価額合計１８５万１９００円で買い付け、 課徴金納付命令対象者(３)においては、この事実の公表がされた平成２５年１月２３日より前の同月１８日から同月２１日までの間、自己及び同族会社の計算において、ネクスの株式合計６５株を買付価額合計１５２万４８５０円で買い付け、 課徴金納付命令対象者(４)においては、この事実の公表がされた平成２５年１月２３日より前の同月２１日、自己の計算において、ネクスの株式合計１００株を買付価額合計２３４万３９００円で買い付けたものである。 課徴金納付命令対象者(１)ないし(４)が行った上記の行為は、金融商品取引法第１７５条第１項に規定する「第１６６条第１項又は第３項の規定に違反して、同条第１項に規定する売買等をした」行為に該当すると認められる。 ３．課徴金の額の計算 上記の違法行為に対し、金融商品取引法に基づき納付を命じられる課徴金の額は、下記のとおりである。 課徴金納付命令対象者(１) １５３万円 課徴金納付命令対象者(２) １３０万円 課徴金納付命令対象者(３) １０４万円 課徴金納付命令対象者(４) １６０万円 計算方法の詳細については、別紙のとおり。 （別紙） ○ 課徴金の額の計算方法について 金融商品取引法第１７５条第１項に基づき、課徴金の額は、 （重要事実が公表された後２週間における最も高い価格）×（買付株数） －（買付価格）×（買付株数） となる。 したがって、重要事実の公表後２週間におけるネクスの最も高い株価は、平成２５年１月２８日の３９，５００円であることから、課徴金の額は下記の金額となる。 課徴金納付命令対象者(１) （３９，５００円×９１株） － 買付価額２，０６２，８９０円 （注） ＝１，５３１，６１０円 ⇒課徴金の額は１万円未満を切り捨てるため、 １５３万円 （注）買付価額は、「21,300円×1株＋21,500円×2株＋21,800円×1株＋21,980円×1株＋21,990円×3株 ＋22,000円×37株＋22,100円×1株＋22,300円×3株＋22,490円×2株＋23,450円×6株＋23,500円×16株＋23,550円×10株＋23,570円×1株＋23,580円×4株＋23,590円×3株」の額である。 課徴金納付命令対象者(２) （３９，５００円×８０株） － 買付価額１，８５１，９００円 （注） ＝１，３０８，１００円 ⇒課徴金の額は１万円未満を切り捨てるため、 １３０万円 （注）買付価額は、「22,300円×8株＋23,000円×40株＋23,500円×17株＋23,600円×15株」の合計額である。 課徴金納付命令対象者(３) （３９，５００円×６５株） － 買付価額１，５２４，８５０円 （注） ＝１，０４２，６５０円 ⇒課徴金の額は１万円未満を切り捨てるため、 １０４万円 （注）買付価額は、「23,000円×2株＋23,150円×5株＋23,300円×4株＋23,400円×1株＋23,500円×43株＋23,600円×10株」の額である。 課徴金納付命令対象者(４) （３９，５００円×１００株） － 買付価額２，３４３，９００円 （注） ＝１，６０６，１００円 ⇒課徴金の額は１万円未満を切り捨てるため、 １６０万円 （注）買付価額は、「22,500円×6株＋23,000円×10株＋23,500円×44株＋23,550円×1株 ＋23,600円×29株＋23,690円×5株＋23,700円×5株」の額である。",1
2014-01-28,2012/11/26,株式会社ウィル,3241,株式会社ウィル役員からの情報受領者による内部者取引に対する課徴金納付命令の勧告について（平成26年1月28日）,https://www.fsa.go.jp/sesc/news/c_2014/2014/20140127-2.html,"平成２６年１月２８日 証券取引等監視委員会 株式会社ウィル役員からの情報受領者による内部者取引に対する課徴金納付命令の勧告について １．勧告の内容 証券取引等監視委員会は、株式会社ウィル役員からの情報受領者による内部者取引について検査した結果、下記のとおり法令違反の事実が認められたので、本日、内閣総理大臣及び金融庁長官に対して、金融庁設置法第２０条第１項の規定に基づき、課徴金納付命令を発出するよう勧告を行った。 ２．法令違反の事実関係 課徴金納付命令対象者は、株式会社ウィル（以下「ウィル」という。）の役員から、同人がその職務に関し知った、同社の業務執行を決定する機関が株式の分割を行うことについての決定をした旨の重要事実の伝達を受けながら、この事実の公表がされた平成２４年１１月２６日午後３時３０分頃より前の同日午後２時３１分頃から同日午後２時３３分頃までの間、自己の計算において、ウィル株式合計５株を買付価額合計６４万６３００円で買い付けたものである。 課徴金納付命令対象者が行った上記の行為は、金融商品取引法第１７５条第１項に規定する「第１６６条第１項又は第３項の規定に違反して、同条第１項に規定する売買等をした」行為に該当すると認められる。 ３．課徴金の額の計算 上記の違法行為に対し、金融商品取引法に基づき納付を命じられる課徴金の額は、６０万円である。 計算方法の詳細については、別紙のとおり。 （別紙） ○ 課徴金の額の計算方法について 金融商品取引法第１７５条第１項に基づき、課徴金の額は、 （重要事実が公表された後２週間における最も高い価格）×（買付株数） －（買付価格）×（買付株数） となる。 したがって、重要事実の公表後２週間におけるウィルの最も高い株価は、平成２４年１１月２９日の２５０，０００円であることから、課徴金の額は下記の金額となる。 （２５０，０００円×５株） － 買付価額６４６，３００円 （注） ＝６０３，７００円 ⇒課徴金の額は１万円未満を切り捨てるため、 ６０万円 （注）買付価額は、「126,000円×1株＋128,500円×1株＋128,800円×1株＋130,000円×1株＋133,000円×1株」の合計額である。",1
2014-01-28,2013/01/22,株式会社サニーサイドアップ,2180,株式会社サニーサイドアップ社員からの情報受領者による内部者取引に対する課徴金納付命令の勧告について（平成26年1月28日）,https://www.fsa.go.jp/sesc/news/c_2014/2014/20140127-1.html,"平成２６年１月２８日 証券取引等監視委員会 株式会社サニーサイドアップ社員からの情報受領者による内部者取引に対する課徴金納付命令の勧告について １．勧告の内容 証券取引等監視委員会は、株式会社サニーサイドアップ社員からの情報受領者による内部者取引について検査した結果、下記のとおり法令違反の事実が認められたので、本日、内閣総理大臣及び金融庁長官に対して、金融庁設置法第２０条第１項の規定に基づき、課徴金納付命令を発出するよう勧告を行った。 ２．法令違反の事実関係 課徴金納付命令対象者は、株式会社サニーサイドアップ（以下「サニーサイドアップ」という。）の社員から、同人がその職務に関し知った、同社の属する企業集団の平成２５年６月期の経常利益及び当期純利益について、平成２４年１１月５日に公表がされた直近の予想値に比較して、同社が新たに算出した予想値において投資者の投資判断に及ぼす影響が重要なものとして内閣府令で定める基準に該当する差異が生じた旨の重要事実の伝達を受けながら、新たに算出した予想値が経常利益６億１３００万円、当期純利益３億５６００万円として公表がされた平成２５年１月２４日より前の同月２２日、自己の計算において、サニーサイドアップ株式合計１０００株を買付価額合計１００万４６００円で買い付けたものである。 課徴金納付命令対象者が行った上記の行為は、金融商品取引法第１７５条第１項に規定する「第１６６条第１項又は第３項の規定に違反して、同条第１項に規定する売買等をした」行為に該当すると認められる。 ３．課徴金の額の計算 上記の違法行為に対し、金融商品取引法に基づき納付を命じられる課徴金の額は、６８万円である。 計算方法の詳細については、別紙のとおり。 （別紙） ○ 課徴金の額の計算方法について 金融商品取引法第１７５条第１項に基づき、課徴金の額は、 （重要事実が公表された後２週間における最も高い価格）×（買付株数） －（買付価格）×（買付株数） となる。 したがって、重要事実の公表後２週間におけるサニーサイドアップの最も高い株価は、平成２５年１月２９日の１，６８９円であることから、課徴金の額は下記の金額となる。 （１，６８９円×１，０００株） － 買付価額１，００４，６００円 （注） ＝ ６８４，４００円 ⇒課徴金の額は１万円未満を切り捨てるため、 ６８万円 （注）買付価額は、「1,000円×400株＋1,004円×200株＋1,005円×200株＋1,014円×200株」の合計額である。",1
2015-12-22,2014/09/25-2014/09/26,住友商事株式会社,8053,住友商事株式会社との契約関係者の役員からの情報受領者２名による内部者取引に対する課徴金納付命令の勧告について（平成27年12月22日）,https://www.fsa.go.jp/sesc/news/c_2015/2015/20151222-1.html,"English version 平成２７年１２月２２日 証券取引等監視委員会 住友商事株式会社との契約関係者の役員からの情報受領者２名による内部者取引に対する課徴金納付命令の勧告について １．勧告の内容 証券取引等監視委員会は、住友商事株式会社との契約関係者の役員からの情報受領者２名による内部者取引について検査した結果、下記のとおり法令違反の事実が認められたので、本日、内閣総理大臣及び金融庁長官に対して、金融庁設置法第２０条第１項の規定に基づき、課徴金納付命令を発出するよう勧告を行った。 ２．法令違反の事実関係 課徴金納付命令対象者（１）は、住友商事株式会社（以下「住友商事」という。）の契約関係者の役員から、同人が、契約交渉等に関して知った、住友商事が出資した米国タイトオイル開発プロジェクトに関し、住友商事の平成２７年３月期第２四半期決算において約１７００億円の減損損失を計上しなければならないことが確実になった旨の、住友商事の業務等に関する重要事実の伝達を受けながら、上記事実の公表がされた平成２６年９月２９日より前の同月２５日、自己の計算において、住友商事株式合計３万１３００株を売付価額合計４４０７万４００円で売り付けたものである。 課徴金納付命令対象者（２）は、住友商事の契約関係者の役員から、同人が契約交渉等に関して知った、 イ 住友商事が出資した米国タイトオイル開発プロジェクトに関し、住友商事の平成２７年３月期第２四半期決算において約１７００億円の減損損失を計上しなければならないことが確実になった旨の、住友商事の業務等に関する重要事実の伝達 ロ 住友商事の属する企業集団の平成２６年４月１日から平成２７年３月３１日までの会計期間の業績予想における当期純利益について、平成２６年５月１日に公表がされた直近の予想値（当期純利益２５００億円）に比較して、同社が新たに算出した同会計期間の予想値において投資者の投資判断に及ぼす影響が重要なものとなる差異が生じた旨の重要事実の伝達を それぞれ受けながら、上記各事実の公表がされた平成２６年９月２９日より前の同月２６日、自己の計算において、住友商事株式合計２０００株を売付価額合計２７５万３０００円で売り付けたものである。 違反行為事実の概要については、別図のとおり。 課徴金納付命令対象者（１）及び（２）が行った上記の行為は、金融商品取引法第１７５条第１項に規定する「第１６６条第１項又は第３項の規定に違反して、同条第１項に規定する売買等をした」行為に該当すると認められる。 ３．課徴金の額の計算 上記の違法行為に対し、金融商品取引法に基づき納付を命じられる課徴金の額は、下記のとおりである。 課徴金納付命令対象者（１） ８９２万円 課徴金納付命令対象者（２） ５０万円 計算方法の詳細については、別紙のとおり。 （別図） ○ 違反行為事実の概要について （クリックすると拡大されます） （別紙） ○ 課徴金の額の計算方法について 金融商品取引法第１７５条第１項に基づき、課徴金の額は、 （売付価格）×（売付株数） －（重要事実が公表された後２週間における最も低い価格）×（売付株数） となる。 したがって、重要事実１及び２の公表後２週間における住友商事の最も低い株価は、１，１２３円であることから、課徴金の額は下記の金額となる。 課徴金納付命令対象者（１） 売付価額４４，０７０，４００円 （注１） － （１，１２３円×３１，３００株） ＝８，９２０，５００円 ⇒課徴金の額は１万円未満を切り捨てるため、 ８９２万円 （注１）売付価額は、 「1,408円×31,300株」 の額である。 課徴金納付命令対象者（２） 売付価額２，７５３，０００円 （注２） － （１，１２３円×２，０００株） ＝５０７，０００円 ⇒課徴金の額は１万円未満を切り捨てるため、 ５０万円 （注２）売付価額は、 「1,376.5円×2,000株」 の額である。",1
2015-12-15,2013/08/02-2014/05/12,株式会社エスケーエレクトロニクス,6677,株式会社エスケーエレクトロニクス役員からの情報受領者による内部者取引違反行為に対する課徴金納付命令の勧告について（平成27年12月15日）,https://www.fsa.go.jp/sesc/news/c_2015/2015/20151215-1.html,"English version 平成２７年１２月１５日 証券取引等監視委員会 株式会社エスケーエレクトロニクス役員からの情報受領者による内部者取引違反行為に対する課徴金納付命令の勧告について １．勧告の内容 証券取引等監視委員会は、株式会社エスケーエレクトロニクス役員からの情報受領者による内部者取引違反行為について検査した結果、下記のとおり法令違反の事実が認められたので、本日、内閣総理大臣及び金融庁長官に対して、金融庁設置法第２０条第１項の規定に基づき、課徴金納付命令を発出するよう勧告を行った。 ２．法令違反の事実関係 課徴金納付命令対象者は、株式会社エスケーエレクトロニクス（以下「エスケーエレクトロニクス」という。）の役員から、同人がその職務に関し知った、 (1) エスケーエレクトロニクスの属する企業集団の平成２４年１０月１日から平成２５年９月３０日までの会計期間の業績予想値について、平成２４年１１月１２日に公表された前事業年度の決算値（売上高１０９億８４００万円、経常損失２４億１４００万円、当期純損失２３億７００万円）に比較して、同社が新たに算出した予想値において、投資者の投資判断に及ぼす影響が重要なものとなる差異が生じた旨の重要事実の伝達を受けながら、同社において新たに算出した平成２５年９月期の予想値（売上高１７６億円、経常利益１５億円、当期純利益１４億５０００万円）が公表された平成２５年８月８日より前の同月２日午前１０時１１分頃から同月８日午後２時３７分頃までの間、自己の計算において、エスケーエレクトロニクス株式合計１万８１００株を買付価額合計７１２万９２００円で買い付け (2) エスケーエレクトロニクスの属する企業集団の平成２５年１０月１日から平成２６年９月３０日までの会計期間の業績予想値について、平成２６年２月１０日に公表された直近の予想値（売上高１６１億円、経常利益１７億５０００万円、当期純利益１２億５０００万円）に比較して、同社が新たに算出した予想値において、投資者の投資判断に及ぼす影響が重要なものとなる差異が生じた旨の重要事実の伝達を受けながら、同社において新たに算出した平成２６年９月期の予想値（売上高１８５億円、経常利益３３億円、当期純利益２３億円）が公表された平成２６年５月１２日より前の同月２日午前９時１８分頃から同月１２日午前１０時２９分頃までの間、自己の計算において、エスケーエレクトロニクス株式合計１万４３００株を買付価額合計１１１６万８００円で買い付け たものである。 違反行為事実の概要については、別図のとおり。 課徴金納付命令対象者が行った上記の行為は、金融商品取引法第１７５条第１項に規定する「第１６６条第１項又は第３項の規定に違反して、同条第１項に規定する売買等をした」行為に該当すると認められる。 ３．課徴金の額の計算 上記の違法行為に対し、金融商品取引法に基づき納付を命じられる課徴金の額は、１５６３万円である。 計算方法の詳細については、別紙のとおり。 （別図） ○ 違反行為事実の概要について （クリックすると拡大されます） （別紙） ○ 課徴金の額の計算方法について 金融商品取引法第１７５条第１項に基づき、課徴金の額は、 （重要事実が公表された後２週間における最も高い価格）×（買付株数） －（買付価格）×（買付株数） となる。 したがって、 違反行為（１）について、重要事実の公表後２週間におけるエスケーエレクトロニクスの最も高い株価は、６９９円であることから、課徴金の額は下記の金額となる。 （６９９円×１８，１００株） － 買付価額７，１２９，２００円 （注１） ＝５，５２２，７００円 ⇒課徴金の額は１万円未満を切り捨てるため、 ５５２万円 （注１）買付価額は、 「378円×1,000株＋384円×300株＋387円×500株＋389円×300株＋390円×4,500株＋392円×2,200株＋393円×1,000株＋398円×2,300株＋400円×6,000株」 の額である。 違反行為（２）について、重要事実の公表後２週間におけるエスケーエレクトロニクスの最も高い株価は、１，４８８円であることから、課徴金の額は下記の金額となる。 （１，４８８円×１４，３００株） － 買付価額１１，１６０，８００円 （注２） ＝１０，１１７，６００円 ⇒課徴金の額は１万円未満を切り捨てるため、 １０１１万円 （注２）買付価額は、 「754円×600株＋771円×900株＋773円×600株＋774円×500株＋776円×900株＋777円×900株＋778円×800株＋779円×900株＋780円×900株＋781円×300株＋782円×1,100株＋783円×100株＋784円×500株＋785円×700株＋786円×800株＋787円×800株＋788円×100株＋789円×2,000株＋790円×900株」 の額である。",1
2015-10-23,2014/11/12,株式会社光通信,9435,公開買付者の親会社との契約締結者の社員からの情報受領者によるウェブクルー株式に係る内部者取引違反行為及び当該社員による公開買付けの実施の事実に係る伝達違反行為に対する課徴金納付命令の勧告について（平成27年10月23日）,https://www.fsa.go.jp/sesc/news/c_2015/2015/20151023-2.html,"English version 平成２７年１０月２３日 証券取引等監視委員会 公開買付者の親会社との契約締結者の社員からの情報受領者によるウェブクルー株式に係る内部者取引違反行為及び当該社員による公開買付けの実施の事実に係る伝達違反行為に対する課徴金納付命令の勧告について １．勧告の内容 証券取引等監視委員会は、公開買付者の親会社との契約締結者の社員からの情報受領者によるウェブクルー株式に係る内部者取引及び当該社員による公開買付けの実施の事実に係る伝達について検査した結果、下記のとおり法令違反の事実が認められたので、本日、内閣総理大臣及び金融庁長官に対して、金融庁設置法第２０条第１項の規定に基づき、課徴金納付命令を発出するよう勧告を行った。 ２．法令違反の事実関係 (1) 課徴金納付命令対象者（１）について 課徴金納付命令対象者（１）は、株式会社ニュートン・フィナンシャル・コンサルティング（以下「ニュートン」という。）の親会社である株式会社光通信との間で株式引受契約を締結していた会社の社員であった課徴金納付命令対象者（２）から、同人が同契約の履行に関して知った、ニュートンの業務執行を決定する機関が、株式会社ウェブクルー（以下「ウェブクルー」という。）の株式の公開買付けを行うことについての決定をした旨の公開買付けの実施に関する事実の伝達を受けながら、上記事実の公表がされた平成２６年１１月１２日午後３時より前の同日午後１時４２分頃から５０分頃、自己の計算において、ウェブクルー株式合計７８００株を買付価額合計４９６万８５００円で買い付けたものである。 課徴金納付命令対象者（１）が行った上記の行為は、金融商品取引法第１７５条第２項に規定する「第１６７条第１項又は第３項の規定に違反して、同条第１項に規定する売買等をした」行為に該当すると認められる。 (2) 課徴金納付命令対象者（２）について 課徴金納付命令対象者（２）は、株式会社ニュートン・フィナンシャル・コンサルティング（以下「ニュートン」という。）の親会社である株式会社光通信との間で株式引受契約を締結していた会社の社員であったが、同契約の履行に関して知った、ニュートンの業務執行を決定する機関が、ウェブクルーの株式の公開買付けを行うことについての決定をした旨の公開買付けの実施に関する事実を、課徴金納付命令対象者（１）に対し、上記事実が公表される前にウェブクルー株式の買付けをさせることにより同人に利益を得させる目的をもって、伝達したものである。 課徴金納付命令対象者（１）は、上記事実の公表がされた平成２６年１１月１２日午後３時より前の同日午後１時４２分頃から５０分頃、自己の計算において、ウェブクルー株式合計７８００株を買付価額合計４９６万８５００円で買い付けたものである。 課徴金納付命令対象者（２）が行った上記の行為は、金融商品取引法第１７５条の２第２項に規定する「第１６７条の２第２項の規定に違反して、同項の伝達をし、又は同項の買付け等若しくは売付け等をすることを勧める」行為に該当すると認められる。 ３．課徴金の額の計算 上記の違法行為に対し、金融商品取引法に基づき納付を命じられる課徴金の額は、下記のとおりである。 課徴金納付命令対象者（１） ５１万円 課徴金納付命令対象者（２） ２５万円 計算方法の詳細については、別紙のとおり。 （別紙） ○ 課徴金の額の計算方法について １．課徴金納付命令対象者(１) 金融商品取引法第１７５条第２項に基づき、課徴金の額は、 （公開買付け等の実施に関する事実が公表された後２週間における最も高い価格）×（買付株数） －（買付価格）×（買付株数） となる。 したがって、公開買付け等の実施に関する事実の公表後２週間におけるウェブクルーの最も高い株価は、７０３円であることから、課徴金の額は下記の金額となる。 （７０３円×７，８００株）－買付価額４，９６８，５００円 （注１） ＝５１４，９００円 ⇒課徴金の額は１万円未満を切り捨てるため、 ５１万円 （注１）買付価額は、 「636円×100株＋637円×7,700株」 の額である。 ２．課徴金納付命令対象者(２) 金融商品取引法第１７５条の２第２項に基づき、課徴金の額は、 （当該違反行為により当該情報受領者が行った当該買付け等によって得た利得相当額）×１/２ となる。 金融商品取引法第１７５条の２第４項に基づき、利得相当額は、 （公開買付け等の実施に関する事実が公表された後２週間における最も高い価格）×（買付株数） －（買付価格）×（買付株数） となる。 したがって、公開買付け等の実施に関する事実の公表後２週間におけるウェブクルーの最も高い株価は、７０３円であることから、課徴金の額は下記の金額となる。 ｛（７０３円×７，８００株）－買付価額４，９６８，５００円 （注２） ｝×１/２ ＝２５７，４５０円 ⇒課徴金の額は１万円未満を切り捨てるため、 ２５万円 （注２）買付価額は、 「636円×100株＋637円×7,700株」 の額である。",1
2015-10-09,2014/07/16-2014/07/17,スカイマーク株式会社,9204,スカイマーク株式会社元役員による内部者取引に対する課徴金納付命令の勧告について（平成27年10月9日）,https://www.fsa.go.jp/sesc/news/c_2015/2015/20151009-1.html,"English version 平成２７年１０月９日 証券取引等監視委員会 スカイマーク株式会社元役員による内部者取引に対する課徴金納付命令の勧告について １．勧告の内容 証券取引等監視委員会は、スカイマーク株式会社元役員による内部者取引について検査した結果、下記のとおり法令違反の事実が認められたので、本日、内閣総理大臣及び金融庁長官に対して、金融庁設置法第２０条第１項の規定に基づき、課徴金納付命令を発出するよう勧告を行った。 ２．法令違反の事実関係 課徴金納付命令対象者は、平成２３年２月１７日付けでＡＩＲＢＵＳ　Ｓ．Ａ．Ｓ（以下「エアバス社」という。）との間でエアバス社製Ａ３８０型航空機売買契約 （以下「本件契約」という。）を締結していたスカイマーク株式会社（以下「スカイマーク」という。）の元役員であるが、平成２６年５月２７日、その職務に関し、スカイマークが、本件契約等に基づくＡ３８０型航空機の代金支払債務の履行が困難な経営状況にあり、債務不履行によってエアバス社から本件契約を解除された場合には、同社に支払い済みの前払い金合計約２６０億円が同社から返還されず減損損失になる等、事業継続に重大な疑義が生じる状況において、約定された期限の前払い金約８億円を支払わず、かかる債務不履行に対して、エアバス社が発出した本件契約を解除する前提となる本件契約所定の催告書が到達したことにより、上記債務不履行状態を解消できる見込みのないスカイマークにとって、その後の本件契約解除がほぼ確実になった旨の、スカイマークの運営、業務又は財産に関する重要な事実であって投資者の投資判断に著しい影響を及ぼす事実を知り、上記事実の公表前の同年７月１６日及び同月１７日、自己の計算において、スカイマーク株式合計１万８６００株を売付価額合計５２２万６６００円で売り付けたものである。 課徴金納付命令対象者が行った上記の行為は、金融商品取引法第１７５条第１項に規定する「第１６６条第１項又は第３項の規定に違反して、同条第１項に規定する売買等をした」行為に該当すると認められる。 ３．課徴金の額の計算 上記の違法行為に対し、金融商品取引法に基づき納付を命じられる課徴金の額は、２３８万円である。 計算方法の詳細については、別紙のとおり。 （別紙） ○ 課徴金の額の計算方法について 金融商品取引法第１７５条第１項に基づき、課徴金の額は、 （売付価格）×（売付株数） －（重要事実が公表された後２週間における最も低い価格）×（売付株数） となる。 したがって、重要事実公表後２週間におけるスカイマークの最も低い株価は、１５３円であることから、課徴金の額は下記の金額となる。 売付価額５，２２６，６００円 （注１） － （１５３円×１８，６００株） ＝２，３８０，８００円 ⇒課徴金の額は１万円未満を切り捨てるため、 ２３８万円 （注１）売付価額は、「281円×18,600株」の額である。",1
2015-06-19,2014/04/15-2014/05/27,株式会社極楽湯,2340,株式会社極楽湯との契約締結交渉者の役員による内部者取引に対する課徴金納付命令の勧告について（平成27年6月19日）,https://www.fsa.go.jp/sesc/news/c_2015/2015/20150619-1.html,"English version 平成２７年６月１９日 証券取引等監視委員会 株式会社極楽湯との契約締結交渉者の役員による内部者取引に対する課徴金納付命令の勧告について １．勧告の内容 証券取引等監視委員会は、株式会社極楽湯との契約締結交渉者の役員による内部者取引について検査した結果、下記のとおり法令違反の事実が認められたので、本日、内閣総理大臣及び金融庁長官に対して、金融庁設置法第２０条第１項の規定に基づき、課徴金納付命令を発出するよう勧告を行った。 ２．法令違反の事実関係 課徴金納付命令対象者は、株式会社極楽湯（以下「極楽湯」という。）との契約の締結の交渉に関し、極楽湯の業務執行を決定する機関が業務上の提携を行うことについての決定をした旨の重要事実を知りながら、当該重要事実が公表された平成２６年５月２７日午後３時零分頃より前の同年４月１５日から同年５月２７日午後２時７分頃までの間、自己の計算において、極楽湯株式合計１万７５００株を買付価額合計７１８万０２００円で買い付けたものである。 課徴金納付命令対象者が行った上記の行為は、金融商品取引法第１７５条第１項に規定する「第１６６条第１項又は第３項の規定に違反して、同条第１項に規定する売買等をした」行為に該当すると認められる。 ３．課徴金の額の計算 上記の違法行為について金融商品取引法に基づき算定される課徴金の額は、９２万円である。 計算方法の詳細については、別紙のとおり。 ４．その他 本件については、台湾金融監督管理委員会（Financial Supervisory Commission）より支援がなされている。 （別紙） ○ 課徴金の額の計算方法について 金融商品取引法第１７５条第１項の規定により、当該違反行為に係る課徴金の額は、 （重要事実の公表後２週間における最も高い価格）×（買付け等の数量） －（買付け等をした価格）×（買付け等の数量） となる。 重要事実の公表後２週間における株式会社極楽湯株式の最も高い価格は４６３円であることから、 （４６３円×１７，５００株）－買付価額７，１８０，２００円 （注） ＝９２２，３００円 ⇒金融商品取引法第１７６条第２項の規定により、課徴金の額は、１万円未満の端数を切り捨てた ９２万円 となる。 （注）買付価額の内訳は、 「406円×1,200株＋407円×1,100株＋408円×2,300株＋409円×700株＋410円×5,800株＋411円×500株＋412円×3,200株＋413円×700株＋414円×400株＋415円×1,600株」 である。",1
2015-05-29,2014/09/25,株式会社フィスコ,3807,株式会社フィスコ役員からの情報受領者による同社株式ほか１銘柄に係る内部者取引に対する課徴金納付命令の勧告について（平成27年5月29日）,https://www.fsa.go.jp/sesc/news/c_2015/2015/20150529-1.html,"English version 平成２７年５月２９日 証券取引等監視委員会 株式会社フィスコ役員からの情報受領者による同社株式ほか１銘柄に係る内部者取引に対する課徴金納付命令の勧告について １．勧告の内容 証券取引等監視委員会は、株式会社フィスコ役員からの情報受領者による同社株式ほか１銘柄に係る内部者取引について検査した結果、下記のとおり法令違反の事実が認められたので、本日、内閣総理大臣及び金融庁長官に対して、金融庁設置法第２０条第１項の規定に基づき、課徴金納付命令を発出するよう勧告を行った。 ２．法令違反の事実関係 課徴金納付命令対象者は、株式会社ネクス（現株式会社ネクスグループ。以下、「ネクス」という。）の親会社である株式会社フィスコ（以下「フィスコ」という。）の役員から、同人がその職務に関し知った、(ア)ネクスの属する企業集団の平成２６年１１月期の業績予想における売上高について、平成２６年２月１４日に公表がされた直近の予想値に比較して、同社が新たに算出した同会計期間の予想値において投資者の投資判断に重要な影響を及ぼす差異が生じた旨の重要事実、(イ)フィスコの属する企業集団の平成２６年１２月期の業績予想における売上高について、平成２６年２月１４日に公表がされた直近の予想値に比較して、同社が新たに算出した同会計期間の予想値において投資者の投資判断に重要な影響を及ぼす差異が生じた旨の重要事実のいずれも伝達を受けながら、 (1) ネクスにおいて新たに算出した平成２６年１１月期の予想値が売上高６４億７３００万円として公表がされた平成２６年１０月１０日より前の同年９月２５日、自己の計算において、ネクス株式合計４０００株を売付価額合計２８１万７３００円で売り付け (2) フィスコにおいて新たに算出した平成２６年１２月期の予想値が売上高８５億３９００万円として公表がされた平成２６年１０月１０日より前の同年９月２５日、自己の計算において、フィスコ株式合計７０００株を売付価額合計２８７万７９００円で売り付け たものである。 課徴金納付命令対象者が行った上記の行為は、金融商品取引法第１７５条第１項に規定する「第１６６条第１項又は第３項の規定に違反して、同条第１項に規定する売買等をした」行為に該当すると認められる。 ３．課徴金の額の計算 上記の違法行為に対し、金融商品取引法に基づき納付を命じられる課徴金の額は、２２５万円である。 計算方法の詳細については、別紙のとおり。 （別紙） ○ 課徴金の額の計算方法について 金融商品取引法第１７５条第１項に基づき、課徴金の額は、 （売付価格）×（売付株数） －（重要事実が公表された後２週間における最も低い価格）×（売付株数） となる。 したがって、重要事実の公表後２週間におけるネクスの最も低い株価は、３８３円であり、フィスコの最も低い株価は、２７２円であることから、課徴金の額は下記の金額となる。 ネクス株式の売付けに係る課徴金の額 売付価額２，８１７，３００円 （注１） － （３８３円×４，０００株） ＝１，２８５，３００円 ⇒課徴金の額は１万円未満を切り捨てるため、 １２８万円 （注１）売付価額は、「701円×200株＋702円×1,300株＋703円×700株＋705円×400株＋706円×400株 ＋708円×1,000株」の合計額である。 フィスコ株式の売付けに係る課徴金の額 売付価額２，８７７，９００円 （注２） － （２７２円×７，０００株） ＝９７３，９００円 ⇒課徴金の額は１万円未満を切り捨てるため、 ９７万円 （注２）売付価額は、「411円×6,100株＋412円×900株」の合計額である。",1
2015-03-24,2014/01/08-2014/01/14,豊田通商株式会社,8015,公開買付者との契約締結交渉者の役員からの情報受領者によるトーメンエレクトロニクス株式に係る内部者取引に対する課徴金納付命令の勧告について（平成27年3月24日）,https://www.fsa.go.jp/sesc/news/c_2015/2015/20150324-1.html,"平成２７年３月２４日 証券取引等監視委員会 公開買付者との契約締結交渉者の役員からの情報受領者によるトーメンエレクトロニクス株式に係る内部者取引に対する課徴金納付命令の勧告について １．勧告の内容 証券取引等監視委員会は、公開買付者との契約締結交渉者の役員からの情報受領者によるトーメンエレクトロニクス株式に係る内部者取引について検査した結果、下記のとおり法令違反の事実が認められたので、本日、内閣総理大臣及び金融庁長官に対して、金融庁設置法第２０条第１項の規定に基づき、課徴金納付命令を発出するよう勧告を行った。 ２．法令違反の事実関係 課徴金納付命令対象者（１）、（２）、（３）及び（４）は、公開買付者との契約締結交渉者の役員から、豊田通商株式会社（以下「豊田通商」という。）の業務執行を決定する機関が、株式会社トーメンエレクトロニクス（以下「トーメンエレクトロニクス」という。）株式の公開買付けを行うことについての決定をした旨の公開買付けの実施に関する事実の伝達を受けながら、 課徴金納付命令対象者（１）については、この事実が公表された平成２６年１月２８日より前の同年１月１４日、自己の計算において、トーメンエレクトロニクス株式合計２０００株を買付価額合計２５３万１１００円で買い付けたものである。 課徴金納付命令対象者（２）については、この事実が公表された平成２６年１月２８日より前の同年１月９日、自己の計算において、トーメンエレクトロニクス株式合計２０００株を買付価額合計２５３万４０００円で買い付けたものである。 課徴金納付命令対象者（３）については、この事実が公表された平成２６年１月２８日より前の同年１月１４日、自己の計算において、トーメンエレクトロニクス株式合計１０００株を買付価額合計１２６万６９００円で買い付けたものである。 課徴金納付命令対象者（４）については、この事実が公表された平成２６年１月２８日より前の同年１月８日、自己の計算において、トーメンエレクトロニクス株式合計２００株を買付価額合計２３万９２００円で買い付けたものである。 課徴金納付命令対象者（１）ないし（４）が行った上記の行為は、金融商品取引法第１７５条第２項に規定する「第１６７条第１項又は第３項の規定に違反して、同条第１項に規定する売買等をした」行為に該当すると認められる。 ３．課徴金の額の計算 上記の違法行為に対し、金融商品取引法に基づき納付を命じられる課徴金の額は、下記のとおりである。 課徴金納付命令対象者(１) ７６万円 課徴金納付命令対象者(２) ７６万円 課徴金納付命令対象者(３) ３８万円 課徴金納付命令対象者(４) ９万円 計算方法の詳細については、別紙のとおり。 （別紙） ○ 課徴金の額の計算方法について 金融商品取引法第１７５条第２項に基づき、課徴金の額は、 （公開買付け等の実施に関する事実が公表された後２週間における最も高い価格）×（買付株数） －（買付価格）×（買付株数） となる。 したがって、公開買付け等の実施に関する事実の公表後２週間におけるトーメンエレクトロニクスの最も高い株価は、１，６４８円であることから、課徴金の額は下記の金額となる。 課徴金納付命令対象者(１) （１，６４８円×２，０００株） － 買付価額２，５３１，１００円 （注） ＝７６４，９００円 ⇒課徴金の額は１万円未満を切り捨てるため、 ７６万円 （注）買付価額は、「1,264円×200株＋1,265円×500株＋1,266円×1,300株」の合計額である。 課徴金納付命令対象者(２) （１，６４８円×２，０００株） － 買付価額２，５３４，０００円 （注） ＝７６２，０００円 ⇒課徴金の額は１万円未満を切り捨てるため、 ７６万円 （注）買付価額は、「1,267円×2,000株」の額である。 課徴金納付命令対象者(３) （１，６４８円×１，０００株） － 買付価額１，２６６，９００円 （注） ＝３８１，１００円 ⇒課徴金の額は１万円未満を切り捨てるため、 ３８万円 （注）買付価額は、「1,266円×100株＋1,267円×900株」の合計額である。 課徴金納付命令対象者(４) （１，６４８円×２００株） － 買付価額２３９，２００円 （注） ＝９０，４００円 ⇒課徴金の額は１万円未満を切り捨てるため、 ９万円 （注）買付価額は、「1,196円×200株」の額である。",1
2016-11-15,2016/02/02-2016/02/03,高千穂交易株式会社,2676,高千穂交易株式会社社員による内部者取引に対する課徴金納付命令の勧告について（平成28年11月15日）,https://www.fsa.go.jp/sesc/news/c_2016/2016/20161115-1.html,"English version 平成２８年１１月１５日 証券取引等監視委員会 高千穂交易株式会社社員による内部者取引に対する課徴金納付命令の勧告について １．勧告の内容 証券取引等監視委員会は、高千穂交易株式会社社員による内部者取引について検査した結果、下記のとおり法令違反の事実が認められたので、本日、内閣総理大臣及び金融庁長官に対して、金融庁設置法第２０条第１項の規定に基づき、課徴金納付命令を発出するよう勧告を行った。 ２．法令違反の事実関係 課徴金納付命令対象者は、高千穂交易株式会社（以下「高千穂交易」という。）に勤務していた者であるが、同人がその職務に関し、同社の属する企業集団の平成２７年４月１日から平成２８年３月３１日までの会計期間（平成２８年３月期）の業績予想数値における売上高について、平成２７年５月８日に公表がされた直近の予想値（売上高２３０億円）に比較して、同社が新たに算出した予想値において、投資者の投資判断に及ぼす影響が重要なものとなる差異が生じた旨の重要事実を知りながら、同社において新たに算出した平成２８年３月期の予想値（売上高２００億６０００万円）の公表がされた平成２８年２月３日午後４時頃より前の同月２日及び同月３日午前９時頃、自己の計算において、高千穂交易株式合計２６２３.６９６１５株を売付価額合計２５９万３２９６円で売り付けたものである。 違反行為事実の概要については、 別図 のとおり。 課徴金納付命令対象者が行った上記の行為は、金融商品取引法第１７５条第１項に規定する「第１６６条第１項又は第３項の規定に違反して、同条第１項に規定する売買等をした」行為に該当すると認められる。 ３．課徴金の額の計算 上記の違法行為に対し、金融商品取引法に基づき納付を命じられる課徴金の額は、３３万円である。 計算方法の詳細については、 別紙 のとおり。 ４．その他 本件については、日本取引所自主規制法人より提供された情報も参考として、実態解明を行ったものである。 （別図） ○ 違反行為事実の概要について （クリックすると拡大されます） （別紙） ○ 課徴金の額の計算方法について （１）金融商品取引法第１７５条第１項第１号の規定により、当該有価証券の売付けについて当該有価証券の売付けをした価格にその数量を乗じて得た額から業務等に関する重要事実の公表がされた後２週間における最も低い価格に当該有価証券の売付けの数量を乗じて得た額を控除した額。 （970円×100株＋971円×100株＋974円×300株＋976円×200株 ＋978円×100株＋980円×100株＋985円×200株＋987円×100株 ＋989円×100株＋990円×200株＋996円×100株＋997円×100株 ＋998円×200株＋999円×200株＋1,000円×123.69615株 ＋1,001円×100株＋1,002円×100株＋1,003円×100株 ＋1,004円×100株） －（861円×2,623.69615株） ＝ 334,293.76485円 （２）金融商品取引法第１７６条第２項の規定により、上記（１）で計算した額の１万円未満の端数を切捨て。",1
2016-10-25,2015/08/03-2015/08/24,大阪製鐵株式会社,5449,公開買付者との契約締結交渉者の役員からの情報受領者による東京鋼鐵株式に係る内部者取引に対する課徴金納付命令の勧告について（平成28年10月25日）,https://www.fsa.go.jp/sesc/news/c_2016/2016/20161025-1.html,"English version 平成28年10月25日 証券取引等監視委員会 公開買付者との契約締結交渉者の役員からの情報受領者による東京鋼鐵株式に係る内部者取引に対する課徴金納付命令の勧告について １．勧告の内容 証券取引等監視委員会は、公開買付者との契約締結交渉者の役員からの情報受領者による東京鋼鐵株式に係る内部者取引について検査した結果、下記のとおり法令違反の事実が認められたので、本日、内閣総理大臣及び金融庁長官に対して、金融庁設置法第２０条第１項の規定に基づき、課徴金納付命令を発出するよう勧告を行った。 ２．法令違反の事実関係 課徴金納付命令対象者（A社）は、同社役員において、大阪製鐵株式会社（以下「大阪製鐵」という。）と公開買付けに関する契約の締結交渉をしていた、B社の役員から、同人がその契約の締結交渉に関し知った、大阪製鐵の業務執行を決定する機関が、東京鋼鐵株式会社（以下「東京鋼鐵」という。平成２８年７月１４日上場廃止。）の株式の公開買付けを行うことについての決定をした旨の公開買付けの実施に関する事実の伝達を受けながら、同社の業務として、上記事実の公表がされた平成２７年９月１８日より前の同年８月３日から同月２４日までの間、自己の計算において、東京鋼鐵株式合計２万５６００株を買付価額合計１００９万７２００円で買い付けたものである。 違反行為事実の概要については、 別図 のとおり。 課徴金納付命令対象者が行った上記の行為は、金融商品取引法第１７５条第２項に規定する「第１６７条第１項又は第３項の規定に違反して、同条第１項に規定する売買等をした」行為に該当すると認められる。 ３．課徴金の額の計算 上記の違法行為に対し、金融商品取引法に基づき納付を命じられる課徴金の額は、５７７万円である（計算方法の詳細については、 別紙 のとおり。）。 ４．その他 本件については、日本取引所自主規制法人より提供された情報も参考として、実態解明を行ったものである。 （別図） ○ 違反行為事実の概要について （クリックすると拡大されます） （別紙） ○ 課徴金の額の計算方法について (1) 金融商品取引法第１７５条第２項第２号の規定により、当該有価証券の買付けについて、公開買付け等の実施に関する事実の公表がされた後２週間における最も高い価格に当該有価証券の買付けの数量を乗じて得た額から当該有価証券の買付けをした価格にその数量を乗じて得た額を控除した額。 （620円×25,600株） －（390円×5,000株＋395円×10,400株＋396円×10,200株） ＝ 5,774,800円 (2) 金融商品取引法第１７６条第２項の規定により、上記(1)で計算した額の１万円未満の端数を切捨て。",1
2016-10-28,2015/05/19-2015/07/09,日本精密株式会社,7771,日本精密株式会社との契約締結交渉者及び同人からの情報受領者２名による内部者取引違反並びに当該契約締結交渉者による重要事実に係る伝達推奨違反に対する課徴金納付命令の勧告について（平成28年10月28日）,https://www.fsa.go.jp/sesc/news/c_2016/2016/20161028-1.html,"English version 平成28年10月28日 証券取引等監視委員会 日本精密株式会社との契約締結交渉者及び同人からの情報受領者２名による内部者取引違反並びに当該契約締結交渉者による重要事実に係る伝達推奨違反に対する課徴金納付命令の勧告について １．勧告の内容 証券取引等監視委員会は、日本精密株式会社との契約締結交渉者及び同人からの情報受領者２名による内部者取引違反並びに当該契約締結交渉者による重要事実に係る伝達推奨違反について検査した結果、下記のとおり法令違反の事実が認められたので、本日、内閣総理大臣及び金融庁長官に対して、金融庁設置法第２０条第１項の規定に基づき、課徴金納付命令を発出するよう勧告を行った。 ２．法令違反の事実関係 （１）課徴金納付命令対象者（１）について ア．違反行為事実A 課徴金納付命令対象者（１）は、日本精密株式会社（以下「日本精密」という。）との間で行っていた、契約締結の交渉に関し、同社の業務執行を決定する機関が、同社の発行する株式を引き受ける者の募集及び募集新株予約権を引き受ける者の募集を行うことについての決定をした旨の重要事実を知りながら、上記重要事実の公表がされた平成２７年７月１７日より前の同年６月１８日から同年７月９日にかけて、自己の計算において、日本精密株式合計１万株を買付価額合計２８７万２０００円で買い付けたものである。 イ．違反行為事実B 課徴金納付命令対象者（１）は、上記重要事実を、課徴金納付命令対象者（２）に対し、上記重要事実の公表がされる前に日本精密株式の買付けをさせることにより同人に利益を得させる目的をもって、伝達したものである。 課徴金納付命令対象者（２）は、上記重要事実が公表された平成２７年７月１７日より前の同年５月２２日及び同月２９日、自己の計算において、日本精密株式合計２０００株を買付価額合計５５万７０００円で買い付けたものである。 ウ．違反行為事実C 課徴金納付命令対象者（１）は、上記重要事実を、課徴金納付命令対象者（３）に対し、上記重要事実の公表がされる前に日本精密株式の買付けをさせることにより同人に利益を得させる目的をもって、伝達したものである。 課徴金納付命令対象者（３）は、上記重要事実が公表された平成２７年７月１７日より前の同年５月２８日から同年６月１９日にかけて、自己の計算において、日本精密株式合計１万４０００株を買付価額合計４０５万４０００円で買い付けたものである。 エ．違反行為事実D 課徴金納付命令対象者（１）は、被推奨者丙に対し、上記重要事実の公表がされる前に日本精密株式の買付けをさせることにより同人に利益を得させる目的をもって、日本精密株式の買付けを勧めたものである。 被推奨者丙は、上記重要事実が公表された平成２７年７月１７日より前の同年５月１９日及び同年７月９日、自己の計算において、日本精密株式合計８０００株を買付価額合計２２４万１０００円で買い付けたものである。 違反行為事実の概要については、 別図 のとおり。 課徴金納付命令対象者（１）が行った 上記ア.の行為は、金融商品取引法第１７５条第１項に規定する「第１６６条第１項又は第３項の規定に違反して、同条第１項に規定する売買等をした」行為に、 上記イ.ないしエ.の行為は、金融商品取引法第１７５条の２第１項に規定する「第１６７条の２第１項の規定に違反して、同項の伝達をし、又は同項の売買等をすることを勧める」行為に、 該当すると認められる。 （２）課徴金納付命令対象者（２）について 課徴金納付命令対象者（２）は、日本精密との間で、契約締結の交渉を行っていた課徴金納付命令対象者（１）から、同人がその契約締結の交渉に関し知った、日本精密の業務執行を決定する機関が、同社の発行する株式を引き受ける者の募集及び募集新株予約権を引き受ける者の募集を行うことについての決定をした旨の重要事実の伝達を受けながら、上記重要事実の公表がされた平成２７年７月１７日より前の同年５月２２日及び同月２９日、自己の計算において、日本精密株式合計２０００株を買付価額合計５５万７０００円で買い付けたものである。 違反行為事実の概要については、 別図 のとおり。 課徴金納付命令対象者（２）が行った上記の行為は、金融商品取引法第１７５条第１項に規定する「第１６６条第１項又は第３項の規定に違反して、同条第１項に規定する売買等をした」行為に該当すると認められる。 （３）課徴金納付命令対象者（３）について 課徴金納付命令対象者（３）は、日本精密との間で、契約締結の交渉を行っていた課徴金納付命令対象者（１）から、同人がその契約締結の交渉に関し知った、日本精密の業務執行を決定する機関が、同社の発行する株式を引き受ける者の募集及び募集新株予約権を引き受ける者の募集を行うことについての決定をした旨の重要事実の伝達を受けながら、上記重要事実の公表がされた平成２７年７月１７日より前の同年５月２８日から同年６月１９日にかけて、自己の計算において、日本精密株式合計１万４０００株を買付価額合計４０５万４０００円で買い付けたものである。 違反行為事実の概要については、 別図 のとおり。 課徴金納付命令対象者（３）が行った上記の行為は、金融商品取引法第１７５条第１項に規定する「第１６６条第１項又は第３項の規定に違反して、同条第１項に規定する売買等をした」行為に該当すると認められる。 ３．課徴金の額の計算 上記の違法行為に対し、金融商品取引法に基づき納付を命じられる課徴金の額は、下記のとおりである。 課徴金納付命令対象者（１） １３８万円 課徴金納付命令対象者（２） １４万円 課徴金納付命令対象者（３） ８４万円 計算方法の詳細については、 別紙 のとおり。 ４．その他 本件については、日本取引所自主規制法人より提供された情報を参考として、実態解明を行ったものである。 （別図） ○ 違反行為事実の概要について （クリックすると拡大されます） （別紙） ○ 課徴金の額の計算方法について １．課徴金納付命令対象者(１) （１）違反行為事実Aに係る課徴金の額 ア．金融商品取引法第１７５条第１項第２号の規定により、当該有価証券の買付けについて業務等に関する重要事実の公表がされた後２週間における最も高い価格に当該有価証券の買付けの数量を乗じて得た額から当該有価証券の買付けをした価格にその数量を乗じて得た額を控除した額。 （350円×10,000株）－（251円×3,000株＋277円×2,000株＋313円×5,000株） ＝628,000円 イ．金融商品取引法第１７６条第２項の規定により、上記ア.で計算した額の１万円未満の端数を切捨て。 （２）違反行為事実Bに係る課徴金の額 ア．金融商品取引法第１７５条の２第１項第３号の規定により、当該違反行為により当該情報受領者等が行った当該買付けによって得た利得相当額に２分の１を乗じて得た額。 利得相当額とは、同条第３項第２号の規定により、情報受領者等が特定有価証券等の買付けをした場合、当該特定有価証券等の買付けについて業務等に関する重要事実の公表がされた後２週間における最も高い価格に当該特定有価証券等の買付けの数量を乗じて得た額から当該特定有価証券等の買付けをした価格にその数量を乗じて得た額を控除した額。 ｛（350円×2,000株）－（276円×1,000株＋281円×1,000株）｝×1／2 ＝71,500円 イ．金融商品取引法第１７６条第２項の規定により、上記ア.で計算した額の１万円未満の端数を切捨て。 （３）違反行為事実Cに係る課徴金の額 ア．金融商品取引法第１７５条の２第１項第３号の規定により、当該違反行為により当該情報受領者等が行った当該買付けによって得た利得相当額に２分の１を乗じて得た額。 利得相当額とは、同条第３項第２号の規定により、情報受領者等が特定有価証券等の買付けをした場合、当該特定有価証券等の買付けについて業務等に関する重要事実の公表がされた後２週間における最も高い価格に当該特定有価証券等の買付けの数量を乗じて得た額から当該特定有価証券等の買付けをした価格にその数量を乗じて得た額を控除した額。 ｛（350円×14,000株）－（275円×1,000株＋276円×4,000株＋277円×4,000株 ＋311円×3,000株＋317円×2,000株）｝×1／2 ＝423,000円 イ．金融商品取引法第１７６条第２項の規定により、上記ア.で計算した額の１万円未満の端数を切捨て。 （４）違反行為事実Dに係る課徴金の額 ア．金融商品取引法第１７５条の２第１項第３号の規定により、当該違反行為により当該情報受領者等が行った当該買付けによって得た利得相当額に２分の１を乗じて得た額。 利得相当額とは、同条第３項第２号の規定により、情報受領者等が特定有価証券等の買付けをした場合、当該特定有価証券等の買付けについて業務等に関する重要事実の公表がされた後２週間における最も高い価格に当該特定有価証券等の買付けの数量を乗じて得た額から当該特定有価証券等の買付けをした価格にその数量を乗じて得た額を控除した額。 ｛（350円×8,000株）－（267円×3,000株＋288円×5,000株）｝×1／2 ＝279,500円 イ．金融商品取引法第１７６条第２項の規定により、上記ア.で計算した額の１万円未満の端数を切捨て。 （５）上記（１）ないし（４）により算定した額の合計 620,000円＋70,000円＋420,000円＋270,000円＝1,380,000円となる。 ２．課徴金納付命令対象者(２) （１）金融商品取引法第１７５条第１項第２号の規定により、当該有価証券の買付けについて業務等に関する重要事実の公表がされた後２週間における最も高い価格に当該有価証券の買付けの数量を乗じて得た額から当該有価証券の買付けをした価格にその数量を乗じて得た額を控除した額。 （350円×2,000株）－（276円×1,000株＋281円×1,000株） ＝ 143,000円 （２）金融商品取引法第１７６条第２項の規定により、上記(1)で計算した額の１万円未満の端数を切捨て。 ３．課徴金納付命令対象者(３) （１）金融商品取引法第１７５条第１項第２号の規定により、当該有価証券の買付けについて業務等に関する重要事実の公表がされた後２週間における最も高い価格に当該有価証券の買付けの数量を乗じて得た額から当該有価証券の買付けをした価格にその数量を乗じて得た額を控除した額。 （350円×14,000株） －（275円×1,000株＋276円×4,000株＋277円×4,000株＋311円×3,000株 ＋317円×2,000株） ＝ 846,000円 （２）金融商品取引法第１７６条第２項の規定により、上記(1)で計算した額の１万円未満の端数を切捨て。",1
2016-09-27,2015/03/25-2015/04/17,クックパッド株式会社,2193,公開買付者との契約締結交渉者からの情報受領者によるみんなのウェディング株式に係る内部者取引に対する課徴金納付命令の勧告について（平成28年9月27日）,https://www.fsa.go.jp/sesc/news/c_2016/2016/20160927-1.html,"English version 平成２８年９月２７日 証券取引等監視委員会 公開買付者との契約締結交渉者からの情報受領者によるみんなのウェディング株式に係る内部者取引に対する課徴金納付命令の勧告について １．勧告の内容 証券取引等監視委員会は、公開買付者との契約締結交渉者からの情報受領者による内部者取引について検査した結果、下記のとおり法令違反の事実が認められたので、本日、内閣総理大臣及び金融庁長官に対して、金融庁設置法第２０条第１項の規定に基づき、課徴金納付命令を発出するよう勧告を行った。 ２．法令違反の事実関係 課徴金納付命令対象者は、クックパッド株式会社（以下「クックパッド」という。）が、株式会社みんなのウェディング（以下「みんなのウェディング」という。）に取締役を派遣するとのみんなのウェディングとの合意に基づき、クックパッドとの間で、みんなのウェディングに派遣する取締役への選任に係る契約の締結交渉を行っていた者である乙から、同人がその契約締結の交渉に関し知った、クックパッドの業務執行を決定する機関が、みんなのウェディングの株式の公開買付けを行うことについての決定をした旨の公開買付けの実施に関する事実の伝達を受けながら、上記事実の公表がされた平成２７年４月２１日より前の同年３月２５日から同年４月１７日までの間、自己の計算において、みんなのウェディング株式合計２万２９００株を買付価額合計１９７９万３７００円で買い付けたものである。 違反行為事実の概要については、 別図 のとおり。 課徴金納付命令対象者が行った上記の行為は、金融商品取引法第１７５条第２項に規定する「第１６７条第１項又は第３項の規定に違反して、同条第１項に規定する売買等をした」行為に該当すると認められる。 ３．課徴金の額の計算 上記の違法行為に対し、金融商品取引法に基づき納付を命じられる課徴金の額は、１０５７万円である。（計算方法の詳細については、 別紙 のとおり。） ４．その他 本件については、日本取引所自主規制法人より提供された情報を参考として、実態解明を行ったものである。 （別図） ○ 違反行為事実の概要について （クリックすると拡大されます） （別紙） ○ 課徴金の額の計算方法について (1) 金融商品取引法第１７５条第２項第２号の規定により、当該有価証券の買付けについて、公開買付け等の実施に関する事実の公表がされた後２週間における最も高い価格に当該有価証券の買付けの数量を乗じて得た額から当該有価証券の買付けをした価格にその数量を乗じて得た額を控除した額。 （1,326円×22,900株）－（815円×400株＋818円×300株＋819円×600株＋822円×600株＋823円×600株＋824円×500株＋825円×800株＋826円×100株＋827円×100株＋828円×100株＋829円×300株＋830円×100株＋831円×900株＋832円×500株＋835円×100株＋836円×500株＋838円×200株＋839円×400株＋840円×500株＋846円×100株＋847円×100株＋848円×300株＋849円×500株＋854円×100株＋855円×900株＋858円×300株＋859円×300株＋860円×400株＋863円×500株＋865円×400株＋866円×500株＋868円×800株＋869円×300株＋873円×900株＋874円×700株＋875円×800株＋884円×900株＋885円×1300株＋886円×100株＋889円×500株＋898円×100株＋899円×300株＋901円×100株＋904円×600株＋910円×500株＋913円×700株＋915円×400株＋916円×400株＋917円×200株＋918円×600株＋919円×200株＋925円×500株） ＝ 10,571,700円 (2) 金融商品取引法第１７６条第２項の規定により、上記(1)で計算した額の１万円未満の端数を切捨て。",1
2016-06-07,2015/07/06-2015/07/30,京セラ株式会社,6971,公開買付者の社員による日本インター株式に係る内部者取引に対する課徴金納付命令の勧告について（平成28年6月7日）,https://www.fsa.go.jp/sesc/news/c_2016/2016/20160607-1.html,English version 平成２８年６月７日 証券取引等監視委員会 公開買付者の社員による日本インター株式に係る内部者取引に対する課徴金納付命令の勧告について １．勧告の内容 証券取引等監視委員会は、公開買付者の社員による日本インター株式に係る内部者取引について検査した結果、下記のとおり法令違反の事実が認められたので、本日、内閣総理大臣及び金融庁長官に対して、金融庁設置法第２０条第１項の規定に基づき、課徴金納付命令を発出するよう勧告を行った。 ２．法令違反の事実関係 課徴金納付命令対象者は、京セラ株式会社（以下「京セラ」という。）の社員であったが、京セラの業務執行を決定する機関が、日本インター株式会社（以下「日本インター」という。）の株式の公開買付けを行うことについての決定をした旨の公開買付けの実施に関する事実を知りながら、上記事実の公表がされた平成２７年７月３０日午後４時頃より前の同年７月６日から同年７月３０日午後２時１３分頃までの間、自己の計算において、日本インター株式合計３３００株を買付価額合計６０万８３００円で買い付けたものである。 違反行為事実の概要については、 別図 のとおり。 課徴金納付命令対象者が行った上記の行為は、金融商品取引法第１７５条第２項に規定する「第１６７条第１項又は第３項の規定に違反して、同条第１項に規定する売買等をした」行為に該当すると認められる。 ３．課徴金の額の計算 上記の違法行為に対し金融商品取引法に基づき納付を命じられる課徴金の額は、１３万円である。 計算方法の詳細については、 別紙 のとおり。 （別図） ○ 違反行為事実の概要について （クリックすると拡大されます） （別紙） ○ 課徴金の額の計算方法について 金融商品取引法第１７５条第２項に基づき、課徴金の額は、 （公開買付け等の実施に関する事実が公表された後２週間における最も高い価格）×（買付株数） －（買付価格）×（買付株数） となる。 したがって、公開買付け等の実施に関する事実の公表後２週間における日本インターの最も高い株価は、２２６円であることから、課徴金の額は下記の金額となる。 （２２６円×３，３００株） － 買付価額６０８，３００円 （注） ＝１３７，５００円 ⇒課徴金の額は１万円未満を切り捨てるため、 １３万円 （注）買付価額は、 「166円×400株＋167円×200株＋179円×600株＋180円×200株＋187円×300株＋189円×400株＋193円×300株＋194円×300株＋195円×300株＋196円×300株」 の合計額である。,1
2016-05-24,2015/01/28-2015/01/30,フリービット株式会社,3843,フリービット株式会社との契約締結交渉者及び同人からの情報受領者による内部者取引に対する課徴金納付命令の勧告について（平成28年5月24日）,https://www.fsa.go.jp/sesc/news/c_2016/2016/20160524-1.html,"English version 平成２８年５月２４日 証券取引等監視委員会 フリービット株式会社との契約締結交渉者及び同人からの情報受領者による内部者取引に対する課徴金納付命令の勧告について １．勧告の内容 証券取引等監視委員会は、フリービット株式会社との契約締結交渉者及び同人からの情報受領者による内部者取引について検査した結果、下記のとおり法令違反の事実が認められたので、本日、内閣総理大臣及び金融庁長官に対して、金融庁設置法第２０条第１項の規定に基づき、課徴金納付命令を発出するよう勧告を行った。 ２．法令違反の事実関係 課徴金納付命令対象者（１）は、フリービット株式会社（以下「ＦＢ」という。）と課徴金納付命令対象者（１）との間で行っていた、同社のモバイル事業への課徴金納付命令対象者（１）等の参画を内容とするマーケティングコンサルティング業務委託契約、雇用契約及び新株予約権割当契約締結の交渉に関し、ＦＢの業務執行を決定する機関がカルチュア・コンビニエンス・クラブ株式会社及びＣＣＣモバイル株式会社（平成２７年１２月１１日商号変更によりＣＣＣモバイルホールディングス株式会社。）と業務上の提携を行うことについての決定をした旨の重要事実を知りながら、上記重要事実の公表がされた平成２７年２月１８日より前の同年１月２８日、自己の計算において、ＦＢ株式合計５０００株を買付価額合計４９０万円で買い付けたものである。 課徴金納付命令対象者（２）は、課徴金納付命令対象者（１）から、ＦＢと課徴金納付命令対象者（１）との間で行っていた、ＦＢのモバイル事業への課徴金納付命令対象者（１）等の参画を内容とするマーケティングコンサルティング業務委託契約、雇用契約及び新株予約権割当契約締結の交渉に関し、課徴金納付命令対象者（１）が知ったＦＢの業務執行を決定する機関がカルチュア・コンビニエンス・クラブ株式会社及びＣＣＣモバイル株式会社と業務上の提携を行うことについての決定をした旨の重要事実の伝達を受けながら、上記重要事実の公表がされた平成２７年２月１８日より前の同年１月２９日及び同月３０日、自己の計算において、ＦＢ株式合計１万株を買付価額合計１０００万円で買い付けたものである。 違反行為事実の概要については、 別図 のとおり。 課徴金納付命令対象者（１）及び（２）が行った上記の行為は、金融商品取引法第１７５条第１項に規定する「第１６６条第１項又は第３項の規定に違反して、同条第１項に規定する売買等をした」行為に該当すると認められる。 ３．課徴金の額の計算 上記の違法行為に対し、金融商品取引法に基づき納付を命じられる課徴金の額は、下記のとおりである。 課徴金納付命令対象者（１）１９８万円 課徴金納付命令対象者（２）３７７万円 計算方法の詳細については、 別紙 のとおり。 （別図） ○ 違反行為事実の概要について （クリックすると拡大されます） （別紙） ○ 課徴金の額の計算方法について １．課徴金納付命令対象者(１) 金融商品取引法第１７５条第１項に基づき、課徴金の額は、 （重要事実が公表された後２週間における最も高い価格）×（買付株数） －（買付価格）×（買付株数） となる。 したがって、重要事実の公表後２週間におけるフリービットの最も高い株価は、１，３７７円であることから、課徴金の額は下記の金額となる。 （１，３７７円×５，０００株） － 買付価額４，９００，０００円 （注１） ＝１，９８５，０００円 ⇒課徴金の額は１万円未満を切り捨てるため、 １９８万円 （注１）買付価額は、「980円×5,000株」の額である。 ２．課徴金納付命令対象者(２) 金融商品取引法第１７５条第１項に基づき、課徴金の額は、 （重要事実が公表された後２週間における最も高い価格）×（買付株数） －（買付価格）×（買付株数） となる。 したがって、重要事実の公表後２週間におけるフリービットの最も高い株価は、１，３７７円であることから、課徴金の額は下記の金額となる。 （１，３７７円×１０，０００株） － 買付価額１０，０００，０００円 （注２） ＝３，７７０，０００円 ⇒課徴金の額は、 ３７７万円 （注２）買付価額は、「1,000円×10,000株」の額である。",1
2016-03-25,2015/01/09-2016/01/12,株式会社ＳＨＩＦＴ,3697,株式会社ＳＨＩＦＴ役員からの情報受領者による内部者取引違反行為及び当該役員による重要事実に係る伝達違反行為に対する課徴金納付命令の勧告について（平成28年3月25日）,https://www.fsa.go.jp/sesc/news/c_2016/2016/20160325-1.html,"English version 平成２８年３月２５日 証券取引等監視委員会 株式会社ＳＨＩＦＴ役員からの情報受領者による内部者取引違反行為及び当該役員による重要事実に係る伝達違反行為に対する課徴金納付命令の勧告について ※　本件のうち、課徴金納付命令対象者（２）については、金融庁において平成２９年４月１１日に課徴金納付命令決定を行いましたが、令和４年１０月２８日に 同決定は取り消されました 。 １．勧告の内容 証券取引等監視委員会は、株式会社ＳＨＩＦＴ役員からの情報受領者による内部者取引違反行為及び当該役員による重要事実に係る伝達違反行為について検査した結果、下記のとおり法令違反の事実が認められたので、本日、内閣総理大臣及び金融庁長官に対して、金融庁設置法第２０条第１項の規定に基づき、課徴金納付命令を発出するよう勧告を行った。 ２．法令違反の事実関係 課徴金納付命令対象者（１）は、株式会社ＳＨＩＦＴ（以下「ＳＨＩＦＴ」という。）の役員として勤務している課徴金納付命令対象者（２）から、同人がその職務に関し知った、 (1)同社の業務執行を決定する機関が、株式の分割を行うことについての決定をした旨の、ＳＨＩＦＴの業務等に関する重要事実の伝達を受けながら、上記重要事実の公表がされた平成２７年１月９日午後３時頃より前の同日午後２時１７分頃、自己の計算において、ＳＨＩＦＴ株式合計２０００株を買付価額合計１０３５万円で買い付け (2)同社の属する企業集団の平成２７年９月１日から平成２８年８月３１日までの会計期間の売上高及び親会社株主に帰属する当期純利益について、平成２７年１０月８日に公表された直近の予想値（親会社株主に帰属する当期純利益２億８８００万円）に比較して、同社が新たに算出した予想値において、投資者の投資判断に及ぼす影響が重要なものとなる差異が生じた旨の重要事実の伝達を受けながら、同社において新たに算出した平成２８年８月期の予想値（親会社株主に帰属する当期純利益１億７８００万円）の公表がされた平成２８年１月１２日午後３時頃より前の同月８日から同月１２日午後２時５８分頃までの間、自己の計算において、ＳＨＩＦＴ株式合計２万株を売付価額合計２０６１万２００円で売り付け たものである。 違反行為事実の概要については、別図のとおり。 課徴金納付命令対象者（１）が行った上記の行為は、金融商品取引法第１７５条第１項に規定する「第１６６条第１項又は第３項の規定に違反して、同条第１項に規定する売買等をした」行為に該当すると認められる。 課徴金納付命令対象者（２）は、株式会社ＳＨＩＦＴ（以下「ＳＨＩＦＴ」という。）の役員として勤務している者であるが、その職務に関し知った、同社の属する企業集団の平成２７年９月１日から平成２８年８月３１日までの会計期間の親会社株主に帰属する当期純利益について、平成２７年１０月８日に公表された直近の予想値（親会社株主に帰属する当期純利益２億８８００万円）に比較して、同社が新たに算出した予想値において、投資者の投資判断に及ぼす影響が重要なものとなる差異が生じた旨の重要事実を、課徴金納付命令対象者（１）に対し、同社において新たに算出した平成２８年８月期の予想値（親会社株主に帰属する当期純利益１億７８００万円）の公表がされる前にＳＨＩＦＴ株式の売付けをさせることにより同人の損失の発生を回避させる目的をもって、伝達したものである。 課徴金納付命令対象者（１）は、上記事実が公表された平成２８年１月１２日午後３時頃より前の同月８日から同月１２日午後２時５８分頃までの間、自己の計算において、ＳＨＩＦＴ株式合計２万株を売付価額合計２０６１万２００円で売り付けたものである。 違反行為事実の概要については、別図のとおり。 課徴金納付命令対象者（２）が行った上記の行為は、金融商品取引法第１７５条の２第１項に規定する「第１６７の２条第１項の規定に違反して、同項の伝達をし、又は同項の売買等をすることを勧める」行為に該当すると認められる。 ３．課徴金の額の計算 上記の違法行為に対し、金融商品取引法に基づき納付を命じられる課徴金の額は、下記のとおりである。 課徴金納付命令対象者（１）１３８０万円 課徴金納付命令対象者（２）３５１万円 計算方法の詳細については、別紙のとおり。 （別図） ○違反行為事実の概要について （クリックすると拡大されます） （別紙） ○課徴金の額の計算方法について １．課徴金納付命令対象者(１) 違反行為（１）について、 金融商品取引法第１７５条第１項に基づき、課徴金の額は、 （重要事実が公表された後２週間における最も高い価格）×（買付株数） －（買付価格）×（買付株数） となる。 したがって、重要事実の公表後２週間におけるＳＨＩＦＴの最も高い株価は、 ８，５６０円であることから、課徴金の額は下記の金額となる。 （８，５６０円×２，０００株） － 買付価額１０，３５０，０００円 （注１） ＝６，７７０，０００円 ⇒課徴金の額は、 ６７７万円 （注１）買付価額は、 「5,160円×600株＋5,170円×300株＋5,180円×600株＋5,190円×500株」 の額である。 違反行為（２）について、 金融商品取引法第１７５条第１項に基づき、課徴金の額は、 （売付価格）×（売付株数） －（重要事実の公表された後２週間における最も低い価格）×（売付株数） となる。 したがって、重要事実の公表後２週間におけるＳＨＩＦＴの最も低い株価は、 ６７９円であることから、課徴金の額は下記の金額となる。 売付価額２０，６１０，２００円 （注２） － （６７９円×２０，０００株） ＝７，０３０，２００円 ⇒課徴金の額は１万円未満を切り捨てるため、 ７０３万円 （注２）売付価額は、 「1,000円×1,100株＋1,001円×400株＋1,002円×200株＋1,003円×100株＋1,005円×1,200株＋1,015円×800株＋1,016円×300株＋1,018円×100株＋1,019円×400株＋1,020円×100株＋1,021円×300株＋1,026円×1,800株＋1,027円×1,600株＋1,029円×100株＋1,030円×100株＋1,031円×400株＋1,035円×1,000株＋1,038円×2,000株＋1,040円×2,000株＋1,041円×300株＋1,042円×1,100株＋1,043円×300株＋1,045円×1,200株＋1,046円×1,800株＋1,047円×1,300株」 の額である。 ２．課徴金納付命令対象者(２) 金融商品取引法第１７５条の２第１項に基づき、課徴金の額は、 （当該違反行為により当該情報受領者が行った当該売付け等によって得た利得相当額）× １/２ となる。 金融商品取引法第１７５条の２第３項に基づき、利得相当額は、 （売付価格）×（売付株数） －（重要事実が公表された後２週間における最も低い価格）×（売付株数） となる。 したがって、重要事実の公表後２週間におけるＳＨＩＦＴの最も低い株価は、 ６７９円であることから、課徴金の額は下記の金額となる。 ｛売付価額２０，６１０，２００円 （注３） － （６７９円×２０，０００株）｝ × １/２ ＝３，５１５，１００円 ⇒課徴金の額は１万円未満を切り捨てるため、 ３５１万円 （注３）売付価額は、 「1,000円×1,100株＋1,001円×400株＋1,002円×200株＋1,003円×100株＋1,005円×1,200株＋1,015円×800株＋1,016円×300株＋1,018円×100株＋1,019円×400株＋1,020円×100株＋1,021円×300株＋1,026円×1,800株＋1,027円×1,600株＋1,029円×100株＋1,030円×100株＋1,031円×400株＋1,035円×1,000株＋1,038円×2,000株＋1,040円×2,000株＋1,041円×300株＋1,042円×1,100株＋1,043円×300株＋1,045円×1,200株＋1,046円×1,800株＋1,047円×1,300株」 の額である。",1
2017-03-07,2015/10/07-2015/10/09,旭化成株式会社,3407,旭化成株式会社の子会社の社員による内部者取引に対する課徴金納付命令の勧告について,https://www.fsa.go.jp/sesc/news/c_2017/2017/20170307-1.html,"English version 平成２９年３月７日 証券取引等監視委員会 旭化成株式会社の子会社の社員による内部者取引に対する課徴金納付命令の勧告について １．勧告の内容 証券取引等監視委員会は、旭化成株式会社の子会社の社員による内部者取引について検査した結果、下記のとおり法令違反の事実が認められたので、本日、内閣総理大臣及び金融庁長官に対して、金融庁設置法第２０条第１項の規定に基づき、課徴金納付命令を発出するよう勧告を行った。 ２．法令違反の事実関係 課徴金納付命令対象者は、旭化成株式会社（以下「旭化成」という。）の子会社である旭化成建材株式会社（以下「旭化成建材」という。）の社員であるが、その職務に関し、旭化成建材が施工した杭工事の一部について施工報告書の施工データの転用及び加筆があったことが判明した旨の旭化成建材の運営、業務又は財産に関する重要な事実であって投資者の投資判断に著しい影響を及ぼす事実を知りながら、上記事実の公表がされた平成２７年１０月１４日より前の同月７日及び同月９日、自己の計算において、旭化成株式合計３０００株を売付価額合計２７１万５０００円で売り付けたものである。 違反行為事実の概要については、 別図 のとおり。 課徴金納付命令対象者が行った上記の行為は、金融商品取引法第１７５条第１項に規定する「第１６６条第１項又は第３項の規定に違反して、同条第１項に規定する売買等をした」行為に該当すると認められる。 ３．課徴金の額の計算 上記の違法行為に対し、金融商品取引法に基づき納付を命じられる課徴金の額は、６３万円である。 計算方法の詳細については、 別紙 のとおり。 ４．その他 本件については、日本取引所自主規制法人より提供された情報も参考として、実態解明を行ったものである。 （別図） ○　違反行為事実の概要について （クリックすると拡大されます） （別紙） ○　課徴金の額の計算方法について （１）金融商品取引法第１７５条第１項第１号の規定により、当該有価証券の売付けについて当該有価証券の売付けをした価格にその数量を乗じて得た額から業務等に関する重要事実の公表がされた後２週間における最も低い価格に当該有価証券の売付けの数量を乗じて得た額を控除した額。 （900円×1,000株＋905円×1,000株＋910円×1,000株） －（693.6円×3,000株） ＝634,200円 （２）金融商品取引法第１７６条第２項の規定により、上記（１）で計算した額の１万円未満の端数を切捨て。",1
2017-02-24,2015/08/24-2015/11/26,株式会社,1301,株式会社モルフォ役員及び社員９名（うち同社従業員持株会会員７名）による内部者取引に対する課徴金納付命令の勧告について,https://www.fsa.go.jp/sesc/news/c_2017/2017/20170224-1.html,"English version 平成29年２月24日 証券取引等監視委員会 株式会社モルフォ役員及び社員９名（うち同社従業員持株会会員７名）による内部者取引に対する課徴金納付命令の勧告について ※本件のうち、２．（１）の課徴金納付命令対象者（１）については、金融庁において平成３０年１２月２０日に課徴金納付命令決定を行いましたが、令和３年１２月９日に 同決定は取り消されました 。 ※本件のうち、２．（３）の課徴金納付命令対象者（３）については、金融庁において平成２９年３月３０日に課徴金納付命令決定を行いましたが、令和３年１１月１３日に 同決定は取り消されました 。 ※本件のうち、２．（４）の課徴金納付命令対象者（５）については、金融庁において平成３０年１２月２０日に課徴金納付命令決定を行いましたが、令和４年２月５日に 同決定は取り消されました 。 ※本件のうち、２．（４）の課徴金納付命令対象者（６）については、金融庁において平成３０年１２月２０日に課徴金納付命令決定を行いましたが、令和４年２月５日に 同決定は取り消されました 。 ※本件のうち、２．（４）の課徴金納付命令対象者（８）については、金融庁において平成３０年１２月２０日に課徴金納付命令決定を行いましたが、令和４年２月５日に 同決定は取り消されました 。 ※本件のうち、２．（４）の課徴金納付命令対象者（９）については、金融庁において平成３０年１２月２０日に課徴金納付命令決定を行いましたが、令和４年２月５日に 同決定は取り消されました 。 ※本件のうち、２．（４）の課徴金納付命令対象者（１０）については、金融庁において平成３０年１２月２０日に課徴金納付命令決定を行いましたが、令和４年２月５日に 同決定は取り消されました 。 １．勧告の内容 証券取引等監視委員会は、株式会社モルフォ役員及び社員９名（うち同社従業員持株会会員７名）による内部者取引について検査した結果、下記のとおり法令違反の事実が認められたので、本日、内閣総理大臣及び金融庁長官に対して、金融庁設置法第２０条第１項の規定に基づき、課徴金納付命令を発出するよう勧告を行った。 ２．法令違反の事実関係 （１）課徴金納付命令対象者（１）について 課徴金納付命令対象者（１）は、株式会社モルフォ（以下「モルフォ」という。）の役員であるが、同人がその職務に関し、同社の業務執行を決定する機関が、株式会社デンソー（以下「デンソー」という。）との業務上の提携を行うことについての決定をした旨の重要事実を知りながら、上記事実の公表がされた平成２７年１２月１１日より前の同年８月２４日及び同月２６日、自己の計算において、モルフォ株式合計４００株を買付価額合計１５９万５０００円で買い付けたものである。 違反行為事実の概要については、 別図 のとおり。 課徴金納付命令対象者（１）が行った上記の行為は、金融商品取引法第１７５条第１項に規定する「第１６６条第１項又は第３項の規定に違反して、同条第１項に規定する売買等をした」行為に該当すると認められる。 （２）課徴金納付命令対象者（２）について 課徴金納付命令対象者（２）は、モルフォの社員であるが、同人がその職務に関し、同社の業務執行を決定する機関が、デンソーとの業務上の提携を行うことについての決定をした旨の重要事実を知りながら、上記事実の公表がされた平成２７年１２月１１日より前の同年９月２９日、自己の計算において、モルフォ株式合計４００株を買付価額合計１２０万円で買い付けたものである。 違反行為事実の概要については、 別図 のとおり。 課徴金納付命令対象者（２）が行った上記の行為は、金融商品取引法第１７５条第１項に規定する「第１６６条第１項又は第３項の規定に違反して、同条第１項に規定する売買等をした」行為に該当すると認められる。 （３）課徴金納付命令対象者（３）について 課徴金納付命令対象者（３）は、モルフォの社員であったが、同人がその職務に関し、同社の業務執行を決定する機関が、デンソーとの業務上の提携を行うことについての決定をした旨の重要事実を知りながら、上記事実の公表がされた平成２７年１２月１１日より前の同年９月１７日から同年１０月３０日までの間、自己の計算において、モルフォ株式合計３２０６株を買付価額合計１１１８万６８５０円で買い付けたものである。 違反行為事実の概要については、 別図 のとおり。 課徴金納付命令対象者（３）が行った上記の行為は、金融商品取引法第１７５条第１項に規定する「第１６６条第１項又は第３項の規定に違反して、同条第１項に規定する売買等をした」行為に該当すると認められる。 （４）課徴金納付命令対象者（４）ないし（１０）について 課徴金納付命令対象者（４）ないし（１０）は、モルフォの社員又は社員であった者であるが、同人らがその職務に関し、同社の業務執行を決定する機関が、デンソーとの業務上の提携を行うことについての決定をした旨の重要事実を知りながら、下記のとおり、モルフォ従業員持株会への自らの拠出金を増額又はモルフォ従業員持株会へ入会し （注） 、上記事実の公表がされた平成２７年１２月１１日より前の同年１０月２６日及び同年１１月２６日、モルフォの他の従業員持株会会員と共同してモルフォ株式合計４００株を買い付け、自己の計算において、上記増額行為又は入会行為に係る拠出金等合計で各持分合計を得たものである。 （注）上場会社の従業員が、当該上場会社の他の従業員と共同して、当該上場会社の株券の買付けを行う場合であって、当該買付けが一定の計画に従い、個別の投資判断に基づかず、継続的に行われる場合（各従業員の一回当たりの拠出金額が１００万円に満たない場合に限る）には、内部者取引規制の適用が除外される（金融商品取引法第１６６条第６項第１２号、有価証券の取引等の規制に関する内閣府令第５９条第１項第４号）。いわゆる、証券会社方式の従業員持株会による買付けは内部者取引規制の適用除外である。 しかし、重要事実を知りながら持株会に新規入会したり、持株会への拠出金を増加したりすることは、「個別の投資判断に基づかず」との要件を欠き、適用除外の対象とならない。 ○課徴金納付命令対象者（４） 課徴金納付命令対象者（４）は、平成２７年１０月５日、モルフォ従業員持株会への自らの拠出金を増額し、同行為に係る拠出金等合計７万１７８６円で持分合計１６．０８７株を得たものである。 ○課徴金納付命令対象者（５） 課徴金納付命令対象者（５）は、平成２７年１０月８日、モルフォ従業員持株会への自らの拠出金を増額し、同行為に係る拠出金等合計９万２０３６円で持分合計２０．６２５株を得たものである。 ○課徴金納付命令対象者（６） 課徴金納付命令対象者（６）は、平成２７年１０月８日、モルフォ従業員持株会への自らの拠出金を増額し、同行為に係る拠出金等合計１４万５４２０円で持分合計３２．５８８株を得たものである。 ○課徴金納付命令対象者（７） 課徴金納付命令対象者（７）は、平成２７年１０月６日、モルフォ従業員持株会への自らの拠出金を増額し、同行為に係る拠出金等合計１８万２２３５円で持分合計４０．８３８株を得たものである。 ○課徴金納付命令対象者（８） 課徴金納付命令対象者（８）は、平成２７年１０月１日、モルフォ従業員持株会への自らの拠出金を増額し、同行為に係る拠出金等合計７万３６２９円で持分合計１６．５００株を得たものである。 ○課徴金納付命令対象者（９） 課徴金納付命令対象者（９）は、平成２７年１０月６日、モルフォ従業員持株会への自らの拠出金を増額し、同行為に係る拠出金等合計３万６８１４円で持分合計８．２５０株を得たものである。 ○課徴金納付命令対象者（１０） 課徴金納付命令対象者（１０）は、平成２７年１０月７日、モルフォ従業員持株会へ入会し、同行為に係る拠出金等合計４万４９１円で持分合計９．０７４株を得たものである。 違反行為事実の概要については、 別図 のとおり。 課徴金納付命令対象者（４）ないし（１０）が行った上記の行為は、金融商品取引法第１７５条第１項に規定する「第１６６条第１項又は第３項の規定に違反して、同条第１項に規定する売買等をした」行為に該当すると認められる。 ３．課徴金の額の計算 上記の違法行為に対し、金融商品取引法に基づき納付を命じられる課徴金の額は、下記のとおりである。 課徴金納付命令対象者（１）１３３万円 課徴金納付命令対象者（２）１７２万円 課徴金納付命令対象者（３）１２２８万円 課徴金納付命令対象者（４）４万円 課徴金納付命令対象者（５）５万円 課徴金納付命令対象者（６）９万円 課徴金納付命令対象者（７）１１万円 課徴金納付命令対象者（８）４万円 課徴金納付命令対象者（９）２万円 課徴金納付命令対象者（１０）２万円 計算方法の詳細については、 別紙 のとおり。 ４．その他 本件については、日本取引所自主規制法人より提供された情報も参考として、実態解明を行ったものである。 （別図） ○違反行為事実の概要について （クリックすると拡大されます） 株式の買付日及び持株会への申請日 （クリックすると拡大されます） モルフォ従業員持株会への拠出金の増額・入会状況 （クリックすると拡大されます） 従業員持株会による買付けへのインサイダー取引規制の適用関係 （クリックすると拡大されます） （別紙） ○課徴金の額の計算方法について １．課徴金納付命令対象者（１） （１）金融商品取引法第１７５条第１項第２号の規定により、当該有価証券の買付けについて業務等に関する重要事実の公表がされた後２週間における最も高い価格に当該有価証券の買付けの数量を乗じて得た額から当該有価証券の買付けをした価格にその数量を乗じて得た額を控除した額。 7,320円×400株 －（3,850円×100株＋3,855円×100株＋4,120円×100株＋4,125円×100株） ＝ 1,333,000円 （２）金融商品取引法第１７６条第２項の規定により、上記（１）で計算した額の１万円未満の端数を切捨て。 ２．課徴金納付命令対象者（２） （１）金融商品取引法第１７５条第１項第２号の規定により、当該有価証券の買付けについて業務等に関する重要事実の公表がされた後２週間における最も高い価格に当該有価証券の買付けの数量を乗じて得た額から当該有価証券の買付けをした価格にその数量を乗じて得た額を控除した額。 7,320円×400株 －3,000円×400株 ＝ 1,728,000円 （２）金融商品取引法第１７６条第２項の規定により、上記（１）で計算した額の１万円未満の端数を切捨て。 ３．課徴金納付命令対象者（３） （１）金融商品取引法第１７５条第１項第２号の規定により、当該有価証券の買付けについて業務等に関する重要事実の公表がされた後２週間における最も高い価格に当該有価証券の買付けの数量を乗じて得た額から当該有価証券の買付けをした価格にその数量を乗じて得た額を控除した額。 7,320円×3,206株 －（3,140円×900株＋3,150円×3株＋3,260円×900株＋3,300円×3株 ＋3,440円×600株＋4,170円×300株＋4,185円×500株） ＝ 12,281,070円 （２）金融商品取引法第１７６条第２項の規定により、上記（１）で計算した額の１万円未満の端数を切捨て。 ４．課徴金納付命令対象者（４）ないし（１０） 金融商品取引法第１７５条第１項第２号の規定により、当該有価証券の買付けについて業務等に関する重要事実の公表がされた後２週間における最も高い価格に当該有価証券の買付けの数量を乗じて得た額から当該有価証券の買付けをした価格にその数量 （注１、注２） を乗じて得た額を控除した額。 （注１）モルフォ従業員持株会の規約、運営細則等を踏まえ、各課徴金納付命令対象者における平成２７年１０月２６日の当該有価証券の買付数量は、同日の持株会の買付株数２００株に、（各課徴金納付命令対象者の拠出金増額分及び拠出金に応じてモルフォから支給される奨励金増額分）/（同日の買付けにかかる持株会会員の拠出金、奨励金及び前回繰越金の合計）を乗じて算出。なお、課徴金納付命令対象者（１０）における拠出金増額分及び奨励金増額分とは、新規入会による拠出金分及び奨励金分を指す。 （注２）注１同様に、モルフォ従業員持株会の規約、運営細則等を踏まえ、各課徴金納付命令対象者における平成２７年１１月２６日の当該有価証券の買付数量は、同日の持株会の買付株数２００株に、同年１０月２６日の買付株数２００株のうち持株会会員に配分されなかった繰越株数０．０２３株を加算した２００．０２３株に、{各課徴金納付命令対象者の拠出金増額分、奨励金増額分及び前回繰越金（各課徴金納付命令対象者の拠出金増額分及び奨励金増額分に対応する部分）}/（平成２７年１１月２６日の買付けにかかる持株会会員の拠出金、奨励金及び前回繰越金の合計）を乗じて算出。なお、課徴金納付命令対象者（１０）における拠出金増額分及び奨励金増額分とは、新規入会による拠出金分及び奨励金分を指す。 （１）課徴金納付命令対象者（４） 7,320円×16.087株 －（4,305円×8.174株 （注３） ＋4,625円×7.913株 （注４） ） ＝ 45,970円 （注３）（注２）により、200.023株×48,747円 /1,192,762円＝8.174株となる。 （注４）（注１）により、200株×42,900円 /1,084,254円＝7.913株となる。 金融商品取引法第１７６条第２項の規定により、上記で計算した額の１万円未満の端数を切捨て。 （２）課徴金納付命令対象者（５） 7,320円×20.625株 －（4,305円×10.480 （注５） ＋株4,625円×10.145株 （注６） ） ＝ 58,939円 （注５）（注２）により、200.023株×62,496円 /1,192,762円＝10.480株となる。 （注６）（注１）により、200株×55,000円 /1,084,254円＝10.145株となる。 金融商品取引法第１７６条第２項の規定により、上記で計算した額の１万円未満の端数を切捨て。 （３）課徴金納付命令対象者（６） 7,320円×32.588株 －（4,305円×16.559株 （注７） ＋4,625円×16.029株 （注８） ） ＝ 93,124円 （注７）（注２）により、200.023株×98,744円 /1,192,762円＝16.559株となる。 （注８）（注１）により、200株×86,900円 /1,084,254円＝16.029株となる。 金融商品取引法第１７６条第２項の規定により、上記で計算した額の１万円未満の端数を切捨て。 （４）課徴金納付命令対象者（７） 7,320円×40.838株 －（4,305円×20.751株 （注９） ＋4,625円×20.087株 （注１０） ） ＝ 116,699円 （注９）（注２）により、200.023株×123,742円 /1,192,762円＝20.751株となる。 （注１０）（注１）により、200株×108,900円 /1,084,254円＝20.087株となる。 金融商品取引法第１７６条第２項の規定により、上記で計算した額の１万円未満の端数を切捨て。 （５）課徴金納付命令対象者（８） 7,320円×16.500株 －（4,305円×8.384株 （注１１） ＋4,625円×8.116株 （注１２） ） ＝ 47,151円 （注１１）（注２）により、200.023株×49,997円 /1,192,762円＝8.384株となる。 （注１２）（注１）により、200株×44,000円 /1,084,254円＝8.116株となる。 金融商品取引法第１７６条第２項の規定により、上記で計算した額の１万円未満の端数を切捨て。 （６）課徴金納付命令対象者（９） 7,320円×8.250株 －（4,305円×4.192株 （注１３） ＋4,625円×4.058株 （注１４） ） ＝ 23,576円 （注１３）（注２）により、200.023株×24,998円 /1,192,762円＝4.192株となる。 （注１４）（注１）により、200株×22,000円 /1,084,254円＝4.058株となる。 金融商品取引法第１７６条第２項の規定により、上記で計算した額の１万円未満の端数を切捨て。 （７）課徴金納付命令対象者（１０） 7,320円×9.074株 －（4,305円×4.611株 （注１５） ＋4,625円×4.463株 （注１６） ） ＝ 25,930円 （注１５）（注２）により、200.023株×27,498円 /1,192,762円＝4.611株となる。 （注１６）（注１）により、200株×24,200円 /1,084,254円＝4.463株となる。 金融商品取引法第１７６条第２項の規定により、上記で計算した額の１万円未満の端数を切捨て。",1
2018-12-21,2018/01/18-2018/01/19,ワイエスフード株式会社,3358,ワイエスフード株式会社との契約締結交渉者の役員から伝達を受けた者による内部者取引に対する課徴金納付命令の勧告について,https://www.fsa.go.jp/sesc/news/c_2018/2018/20181221-2.html,"English version 平成30年12月21日 証券取引等監視委員会 ワイエスフード株式会社との契約締結交渉者の役員から伝達を受けた者による内部者取引に対する課徴金納付命令の勧告について １．勧告の内容 証券取引等監視委員会は、ワイエスフード株式会社との契約締結交渉者の役員から伝達を受けた者による内部者取引について検査した結果、下記のとおり法令違反の事実が認められたので、本日、内閣総理大臣及び金融庁長官に対して、金融庁設置法第２０条第１項の規定に基づき、課徴金納付命令を発出するよう勧告を行った。 ２．法令違反の事実関係 課徴金納付命令対象者Ａ社は、同社から株取引の委任を受けていた同社社員において、ワイエスフード株式会社（以下「ワイエスフード」という。）との業務提携契約の締結交渉をしていた株式会社餃子計画（以下「餃子計画」という。）の役員から、ワイエスフードの業務執行を決定する機関が、餃子計画と業務上の提携を行うことについての決定をした旨の重要事実の伝達を受けながら、Ａ社の業務として、上記事実の公表がされた平成３０年１月２２日より前の同月１８日及び同月１９日、Ａ社名義の証券口座を用いて、自己の計算において、ワイエスフード株式合計３４００株を買付価額合計９５万１３００円で買い付けたものである。 違反行為事実の概要については、 別図 のとおり。 課徴金納付命令対象者Ａ社が行った上記の行為は、金融商品取引法第１７５条第１項に規定する「第１６６条第１項又は第３項の規定に違反して、同条第１項に規定する売買等をした」行為に該当すると認められる。 ３．課徴金の額の計算 上記の違法行為に対し金融商品取引法に基づき納付を命じられる課徴金の額は、１９３万円である。 計算方法の詳細については、 別紙 のとおり。 ４．その他 本件については、日本取引所自主規制法人より提供された情報も参考として、実態解明を行ったものである。 （別図） ○違反行為事実の概要について （クリックすると拡大されます） （別紙） 〇課徴金の額の計算について (1) 金融商品取引法第１７５条第１項第２号の規定により、当該有価証券の買付けについて、業務等に関する重要事実の公表がされた後２週間における最も高い価格（848円）に当該有価証券の買付けの数量を乗じて得た額から当該有価証券の買付けをした価格にその数量を乗じて得た額を控除した額。 （848円×3,400株） －（279円×700株＋280円×2,700株） ＝1,931,900円 (2) 金融商品取引法第１７６条第２項の規定により、上記(1)で計算した額の１万円未満の端数を切捨て。",1
2018-11-27,2017/01/26-2017/04/04,株式会社スリーエフ,7544,株式会社スリーエフとの契約締結交渉者の社員から情報を受領した者による内部者取引に対する課徴金納付命令の勧告について,https://www.fsa.go.jp/sesc/news/c_2018/2018/20181127-2.html,"English version 平成30年11月27日 証券取引等監視委員会 株式会社スリーエフとの契約締結交渉者の社員から情報を受領した者による内部者取引に対する課徴金納付命令の勧告について １．勧告の内容 証券取引等監視委員会は、株式会社スリーエフとの契約締結交渉者の社員から情報を受領した者による内部者取引について検査した結果、下記のとおり法令違反の事実が認められたので、本日、内閣総理大臣及び金融庁長官に対して、金融庁設置法第２０条第１項の規定に基づき、課徴金納付命令を発出するよう勧告を行った。 ２．法令違反の事実関係 課徴金納付命令対象者は、株式会社ローソン（以下「ローソン」という。）に勤務していた者であるが、同社の社員甲から、株式会社スリーエフ（以下「スリーエフ」という。）の業務を執行する機関が会社の分割を行うことについての決定をした旨の重要事実の伝達を受けながら、前記重要事実の公表がされた平成２９年４月１２日より前の同年１月２６日から同年４月４日までの間、自己の計算において、スリーエフ株式合計６７００株を買付価額合計２０２万５０００円で買い付けたものである。 前記重要事実は、スリーエフと事業統合契約の締結の交渉をしていたローソンの他の社員乙が同契約の締結の交渉に関し知り、その後、同社の社員甲がその職務に関し知ったものである。 違反行為事実の概要については、 別図 のとおり。 課徴金納付命令対象者が行った上記の行為は、金融商品取引法第１７５条第１項に規定する「第１６６条第１項又は第３項の規定に違反して、同条第１項に規定する売買等をした」行為に該当すると認められる。 ３．課徴金の額の計算 上記の違法行為に対し金融商品取引法に基づき納付を命じられる課徴金の額は、１１３万円である。 計算方法の詳細については、 別紙 のとおり。 ４．その他 本件については、日本取引所自主規制法人より提供された情報も参考として、実態解明を行ったものである。 （別図） ○違反行為事実の概要について （クリックすると拡大されます） （別紙） 〇課徴金の額の計算について (1) 金融商品取引法第１７５条第１項第２号の規定により、当該有価証券の買付けについて、業務等に関する重要事実の公表がされた後２週間における最も高い価格（472円）に当該有価証券の買付けの数量を乗じて得た額から当該有価証券の買付けをした価格にその数量を乗じて得た額を控除した額。 （472円×6,700株） －（301円×2,900株＋302円×2,300株＋304円×600株＋305円×700株＋308円×200株） ＝1,137,400円 (2) 金融商品取引法第１７６条第２項の規定により、上記(1)で計算した額の１万円未満の端数を切捨て。",1
2018-08-31,2017/07/26-2017/07/28,日本金属株式会社,5491,日本金属株式会社の役員から情報を受領した者による内部者取引に対する課徴金納付命令の勧告について,https://www.fsa.go.jp/sesc/news/c_2018/2018/20180831-1.html,"English version 平成30年8月31日 証券取引等監視委員会 日本金属株式会社の役員から情報を受領した者による内部者取引に対する課徴金納付命令の勧告について １．勧告の内容 証券取引等監視委員会は、日本金属株式会社の役員から情報を受領した者による内部者取引について検査した結果、下記のとおり法令違反の事実が認められたので、本日、内閣総理大臣及び金融庁長官に対して、金融庁設置法第２０条第１項の規定に基づき、課徴金納付命令を発出するよう勧告を行った。 ２．法令違反の事実関係 課徴金納付命令対象者は、日本金属株式会社（以下「日本金属」という。）の役員から、同人がその職務に関し知った、同社の平成２９年４月１日から平成３０年３月３１日までの事業年度（以下「平成３０年３月期」という。）の個別当期純利益について、平成２９年５月１２日に公表された直近の予想値（個別当期純利益１０億円）に比較して、同社が新たに算出した予想値において、投資者の投資判断に及ぼす影響が重要なものとなる差異が生じた旨の重要事実の伝達を受けながら、同社において新たに算出した平成３０年３月期の予想値（個別当期純利益１５億円）の公表がされた平成２９年７月３１日より前の同月２６日から同月２８日、自己の計算において、日本金属株式合計３６００株を買付価額合計６４６万７２００円で買い付けたものである。 違反行為事実の概要については、 別図 のとおり。 課徴金納付命令対象者が行った上記の行為は、金融商品取引法第１７５条第１項に規定する「第１６６条第１項又は第３項の規定に違反して、同条第１項に規定する売買等」をした行為に該当すると認められる。 ３．課徴金の額の計算 上記の違法行為に対し金融商品取引法に基づき納付を命じられる課徴金の額は、２５２万円である。 計算方法の詳細については、 別紙 のとおり。 ４．その他 本件については、日本取引所自主規制法人より提供された情報も参考として、実態解明を行ったものである。 （別図） ○違反行為事実の概要について （クリックすると拡大されます） （別紙） 〇課徴金の額の計算について (1) 金融商品取引法第１７５条第１項第２号の規定により、当該有価証券の買付けについて、業務等に関する重要事実の公表がされた後２週間における最も高い価格（2,499円）に当該有価証券の買付けの数量を乗じて得た額から当該有価証券の買付けをした価格にその数量を乗じて得た額を控除した額。 （2,499円×3,600株） －（1,766円×400株＋1,780円×1,200株＋1,805円×500株＋1,806円×100株 ＋1,807円×100株＋1,808円×100株＋1,809円×100株＋1,810円×100株 ＋1,812円×500株＋1,824円×200株＋1,825円×300株） ＝2,529,200円 (2) 金融商品取引法第１７６条第２項の規定により、上記(1)で計算した額の１万円未満の端数を切捨て。",1
2018-06-18,2017/01/21-2017/02/10,スミダコーポレーション株式会社,6817,スミダコーポレーション株式会社株券に係る内部者取引事件の告発について,https://www.fsa.go.jp/sesc/news/c_2018/2018/20180618-1.html,English version 平成３０年６月１８日 証券取引等監視委員会 スミダコーポレーション株式会社株券に係る内部者取引事件の告発について 証券取引等監視委員会は、本日、金融商品取引法違反（内部者取引・取引推奨）の嫌疑で、嫌疑者１名を東京地方検察庁に告発した。告発の対象となった犯則事実については下記のとおり。 １．告発の対象となった犯則事実 犯則嫌疑者は、東京証券取引所市場第一部に株券を上場しているスミダコーポレーション株式会社の社外取締役として、同社の業務の執行に関与していたものであるが、平成２９年１月下旬頃、その職務に関し、同社が新たに算出した平成２８年１２月期の年間配当及び期末配当の各予想値について、同年１０月下旬頃に公表していた予想値に比較し、内閣府令で定める基準に該当する差異が生じた旨の同社の業務等に関する重要事実を知り 第１　法定の除外事由がないのに、前記重要事実の公表前である平成２９年１月下旬頃から同年２月上旬頃までの間、証券会社１社を介し、東京証券取引所において、Ａ名義で前記スミダコーポレーション株式会社の株券合計約８万株を代金合計約８８００万円で買い付けた 第２　あらかじめ同社の株券を買い付けさせて利益を得させる目的をもって １　前記重要事実の公表前である同年１月下旬頃から同年２月上旬頃までの間、Ｂに対し、複数回にわたり、同社の株券の買付けを勧めたものであり、これにより買付けを勧められた同人が、法定の除外事由がないのに、同重要事実の公表前である同年１月下旬頃から同年２月上旬頃までの間、前記スミダコーポレーション株式会社の株券合計４０００株を代金合計約４００万円で買い付けた ２　前記重要事実の公表前である同年１月下旬頃から同年２月上旬頃までの間、Ｃに対し、複数回にわたり、同社の株券の買付けを勧めたものであり、これにより買付けを勧められた同人が、法定の除外事由がないのに、同重要事実の公表前である同年１月下旬頃から同年２月上旬頃までの間、前記スミダコーポレーション株式会社の株券合計約２万７０００株を代金合計約３０００万円で買い付けた ３　前記重要事実の公表前である同年１月下旬頃から同年２月上旬頃までの間、Ｄに対し、複数回にわたり、同社の株券の買付けを勧めたものであり、これにより買付けを勧められた同人が、法定の除外事由がないのに、同重要事実の公表前である同年１月下旬頃から同年２月上旬頃までの間、前記スミダコーポレーション株式会社の株券合計３０００株を代金合計約３００万円で買い付けた ４　前記重要事実の公表前である同年１月下旬頃、Ｅに対し、同社の株券の買付けを勧めたものであり、これにより買付けを勧められた同人が、法定の除外事由がないのに、同重要事実の公表前である同月下旬頃、前記スミダコーポレーション株式会社の株券合計１０００株を代金合計約１００万円で買い付けた ものである。 ２．関連条文 金融商品取引法 第１　同法第１９７条の２第１３号、第１６６条第１項第１号、同条第２項第３号 第２　同法第１９７条の２第１４号、第１６７条の２第１項 法定刑：５年以下の懲役若しくは５００万円以下の罰金又はこれを併科,1
2018-06-19,2016/10/26,株式会社ユアテック,1934,株式会社ユアテックの役員から情報を受領した者による内部者取引に対する課徴金納付命令の勧告について,https://www.fsa.go.jp/sesc/news/c_2018/2018/20180619-1.html,"English version 平成３０年６月１９日 証券取引等監視委員会 株式会社ユアテックの役員から情報を受領した者による内部者取引に対する課徴金納付命令の勧告について １．勧告の内容 証券取引等監視委員会は、株式会社ユアテックの役員から情報を受領した者による内部者取引について検査した結果、下記のとおり法令違反の事実が認められたので、本日、内閣総理大臣及び金融庁長官に対して、金融庁設置法第２０条第１項の規定に基づき、課徴金納付命令を発出するよう勧告を行った。 ２．法令違反の事実関係 課徴金納付命令対象者は、株式会社ユアテック（以下「ユアテック」という。）の役員から、同人がその職務に関し知った、同社の平成２８年４月１日から平成２９年３月３１日までの事業年度の剰余金の配当について、平成２８年７月２７日に公表された直近の予想値（中間配当金６円と期末配当金６円を合わせた年間配当金１２円）に比較して、同社が新たに算出した予想値（中間配当金１０円と期末配当金１０円を合わせた年間配当金２０円）において、投資者の投資判断に及ぼす影響が重要なものとなる差異が生じた旨の重要事実の伝達を受けながら、同社において新たに算出した予想値の公表がされた平成２８年１０月２６日午後３時頃より前の同日午前９時２３分頃に、自己の計算において、ユアテック株式合計４０００株を買付価額合計２５０万円で買い付けたものである。 違反行為事実の概要については、 別図 のとおり。 課徴金納付命令対象者が行った上記の行為は、金融商品取引法第１７５条第１項に規定する「第１６６条第１項又は第３項の規定に違反して、同条第１項に規定する売買等」をした行為に該当すると認められる。 ３．課徴金の額の計算 上記の違法行為に対し金融商品取引法に基づき納付を命じられる課徴金の額は、６０万円である。 計算方法の詳細については、 別紙 のとおり。 ４．その他 本件については、日本取引所自主規制法人より提供された情報も参考として、実態解明を行ったものである。 （別図） ○違反行為事実の概要について （クリックすると拡大されます） （別紙） 〇課徴金の額の計算について 金融商品取引法第１７５条第１項第２号の規定により、当該有価証券の買付けについて、業務等に関する重要事実の公表がされた後２週間における最も高い価格（775円）に当該有価証券の買付けの数量を乗じて得た額から当該有価証券の買付けをした価格にその数量を乗じて得た額を控除した額。 （775円×4,000株） －（624円×1,000株＋625円×2,000株＋626円×1,000株） ＝600,000円",1
2018-04-24,2017/02/09-2017/02/10,イーレックス株式会社,9517,イーレックス株式会社の役員から情報を受領した者による内部者取引に対する課徴金納付命令の勧告について,https://www.fsa.go.jp/sesc/news/c_2018/2018/20180424-1.html,"English version 平成３０年４月２４日 証券取引等監視委員会 イーレックス株式会社の役員から情報を受領した者による内部者取引に対する課徴金納付命令の勧告について １．勧告の内容 証券取引等監視委員会は、イーレックス株式会社の役員から情報を受領した者による内部者取引について検査した結果、下記のとおり法令違反の事実が認められたので、本日、内閣総理大臣及び金融庁長官に対して、金融庁設置法第２０条第１項の規定に基づき、課徴金納付命令を発出するよう勧告を行った。 ２．法令違反の事実関係 課徴金納付命令対象者は、イーレックス株式会社（以下「イーレックス」という。）の役員から、同人がその職務に関し知った、 (1) イーレックスの属する企業集団の平成２８年４月１日から平成２９年３月３１日までの事業年度の経常利益及び親会社株主に帰属する当期純利益（以下「当期純利益」という。）について、平成２８年１１月１４日に公表された直近の予想値（経常利益２４億５１００万円、当期純利益１４億２６００万円）に比較して、同社が新たに算出した予想値（経常利益３３億２３００万円、当期純利益２０億１４５８万７０００円）において投資者の投資判断に及ぼす影響が重要なものとなる差異が生じた旨の重要事実 (2) 同社の業務執行を決定する機関が株式の分割を行うことについての決定をした旨の重要事実 の伝達を受けながら、上記各重要事実の公表がされた平成２９年２月１４日より前の同年２月９日及び同月１０日、自己の計算において、イーレックス株式合計１万３４００株を買付価額合計４６８８万１０００円で買い付けたものである。 違反行為事実の概要については、 別図 のとおり。 課徴金納付命令対象者が行った上記の行為は、金融商品取引法第１７５条第１項に規定する「第１６６条第１項又は第３項の規定に違反して、同条第１項に規定する売買等」をした行為に該当すると認められる。 ３．課徴金の額の計算 上記の違法行為に対し金融商品取引法に基づき納付を命じられる課徴金の額は、１１６７万円である。 計算方法の詳細については、 別紙 のとおり。 ４．その他 本件については、日本取引所自主規制法人より提供された情報も参考として、実態解明を行ったものである。 （別図） ○違反行為事実の概要について （クリックすると拡大されます） （別紙） 〇課徴金の額の計算について (1) 金融商品取引法第１７５条第１項第２号の規定により、当該有価証券の買付けについて、業務等に関する重要事実の公表がされた後２週間における最も高い価格（4,370円）に当該有価証券の買付けの数量を乗じて得た額から当該有価証券の買付けをした価格にその数量を乗じて得た額を控除した額。 （4,370円×13,400株） －（3,430円×700株＋3,435円×1,300株＋3,440円×3,000株＋3,450円×100株 ＋3,455円×300株＋3,480円×3,000株＋3,540円×1,000株＋3,575円×2,000株 ＋3,580円×100株＋3,590円×1,100株＋3,595円×800株） ＝11,677,000円 (2) 金融商品取引法第１７６条第２項の規定により、上記(1)で計算した額の１万円未満の端数を切捨て。",1
2018-03-30,2017/01/23-2017/04/07,プレシジョン・システム・サイエンス株式会社,7707,プレシジョン・システム・サイエンス株式会社顧問２名による内部者取引に対する課徴金納付命令の勧告について,https://www.fsa.go.jp/sesc/news/c_2018/2018/20180330-1.html,"English version 平成30年3月30日 証券取引等監視委員会 プレシジョン・システム・サイエンス株式会社顧問２名による内部者取引に対する課徴金納付命令の勧告について １．勧告の内容 証券取引等監視委員会は、プレシジョン・システム・サイエンス株式会社顧問２名による内部者取引について検査した結果、下記のとおり法令違反の事実が認められたので、本日、内閣総理大臣及び金融庁長官に対して、金融庁設置法第２０条第１項の規定に基づき、課徴金納付命令を発出するよう勧告を行った。 ２．法令違反の事実関係 （１）課徴金納付命令対象者（１）について 課徴金納付命令対象者（１）は、プレシジョン・システム・サイエンス株式会社（以下「プレシジョン」という。）の顧問として勤務している者であるが、同人がその職務に関し、同社の業務執行を決定する機関が、株式会社日立ハイテクノロジーズと業務上の提携を行うことについての決定をした旨の重要事実を知りながら、上記事実の公表がされた平成２９年５月１５日より前の同年３月２２日及び同年４月７日、自己の計算において、プレシジョン株式合計２０００株を買付価額合計７４万３０００円で買い付けたものである。 違反行為事実の概要については、 別図 のとおり。 課徴金納付命令対象者（１）が行った上記の行為は、金融商品取引法第１７５条第１項に規定する「第１６６条第１項又は第３項の規定に違反して、同条第１項に規定する売買等をした」行為に該当すると認められる。 （２）課徴金納付命令対象者（２）について 課徴金納付命令対象者（２）は、プレシジョンの顧問として勤務している者であるが、同人がその職務に関し、同社の業務執行を決定する機関が、株式会社日立ハイテクノロジーズと業務上の提携を行うことについての決定をした旨の重要事実を知りながら、上記事実の公表がされた平成２９年５月１５日より前の同年１月２３日及び同月２７日、自己の計算において、プレシジョン株式合計２０００株を買付価額合計８０万９０００円で買い付けたものである。 違反行為事実の概要については、 別図 のとおり。 課徴金納付命令対象者（２）が行った上記の行為は、金融商品取引法第１７５条第１項に規定する「第１６６条第１項又は第３項の規定に違反して、同条第１項に規定する売買等をした」行為に該当すると認められる。 ３．課徴金の額の計算 上記の違法行為に対し、金融商品取引法に基づき納付を命じられる課徴金の額は、下記のとおりである。 課徴金納付命令対象者（１）３７万円 課徴金納付命令対象者（２）３０万円 計算方法の詳細については、 別紙 のとおり。 ４．その他 本件については、日本取引所自主規制法人より提供された情報を参考として、実態解明を行ったものである。 （別図） ○違反行為事実の概要について （クリックすると拡大されます） （別紙） ○課徴金の額の計算方法について １． 課徴金納付命令対象者（１）について （１）金融商品取引法第１７５条第１項第２号の規定により、当該有価証券の買付けについて業務等に関する重要事実の公表がされた後２週間における最も高い価格（558円）に当該有価証券の買付けの数量を乗じて得た額から当該有価証券の買付けをした価格にその数量を乗じて得た額を控除した額。 （558円×2,０00株）－（361円×1,000株＋382円×1,000株） ＝373,000円 （２）金融商品取引法第１７６条第２項の規定により、上記（１）で計算した額の１万円未満の端数を切捨て。 ２． 課徴金納付命令対象者（２）について （１）金融商品取引法第１７５条第１項第２号の規定により、当該有価証券の買付けについて業務等に関する重要事実の公表がされた後２週間における最も高い価格（558円）に当該有価証券の買付けの数量を乗じて得た額から当該有価証券の買付けをした価格にその数量を乗じて得た額を控除した額。 （558円×2,000株）－（396円×1,000株＋413円×1,000株） ＝307,000円 （２）金融商品取引法第１７６条第２項の規定により、上記（１）で計算した額の１万円未満の端数を切捨て。",1
2018-01-25,2015/10/19-2015/11/05,東芝テック株式会社,6588,東芝テック株式会社株券に係る内部者取引事件の告発について,https://www.fsa.go.jp/sesc/news/c_2018/2018/20180125-1.html,English version 平成３０年１月２５日 証券取引等監視委員会 東芝テック株式会社株券に係る内部者取引事件の告発について 証券取引等監視委員会は、本日、金融商品取引法違反（内部者取引）の嫌疑で、嫌疑者２名を東京地方検察庁に告発した。告発の対象となった犯則事実については下記のとおり。 １．告発の対象となった犯則事実 犯則嫌疑者Ａは、東京証券取引所市場第一部に株券を上場している東芝テック株式会社（以下「東芝テック」という。）の財務部に所属する従業員として、平成２７年１０月１６日頃、その職務に関し、東芝テックが、特別損失を計上することにより業務遂行の過程で生じた損害が発生した旨の同社の業務等に関する重要事実を知ったもの、同Ｂは、その知人であるが、犯則嫌疑者両名は、前記事実の公表前に同社株券を売り付け、その公表後に買い戻して利益を得ようと考え、共謀の上、法定の除外事由がないのに、前記事実の公表前である同月１９日から同年１１月５日までの間、証券会社１社を介し、東京証券取引所において、Ｂ名義で、東芝テックの株券合計１６万株を代金合計７１７８万円で売り付けたものである。 ２．関連条文 金融商品取引法第１９７条の２第１３号、第１６６条第１項第１号、同条第２項第２号イ、刑法第６０条 法定刑：５年以下の懲役若しくは５００万円以下の罰金又は併科,1
2018-01-26,2016/06/24-2016/07/29,あんしん保証株式会社,7183,あんしん保証株式会社との契約締結交渉者の役員及びあんしん保証株式会社の役員からの情報受領者による内部者取引並びに同社役員による重要事実に係る伝達違反行為に対する課徴金納付命令の勧告について,https://www.fsa.go.jp/sesc/news/c_2018/2018/20180126-1.html,"English version 平成30年1月26日 証券取引等監視委員会 あんしん保証株式会社との契約締結交渉者の役員及びあんしん保証株式会社の役員からの情報受領者による内部者取引並びに同社役員による重要事実に係る伝達違反行為に対する課徴金納付命令の勧告について １．勧告の内容 証券取引等監視委員会は、あんしん保証株式会社との契約締結交渉者の役員及びあんしん保証株式会社の役員からの情報受領者による内部者取引並びに同社役員による重要事実に係る伝達違反行為について検査した結果、下記のとおり法令違反の事実が認められたので、本日、内閣総理大臣及び金融庁長官に対して、金融庁設置法第２０条第１項の規定に基づき、課徴金納付命令を発出するよう勧告を行った。 ２．法令違反の事実関係 （１）課徴金納付命令対象者（１）について 課徴金納付命令対象者（１）は、不動産賃貸管理等の事業を営むＡ社の役員であるが、あんしん保証株式会社（以下「あんしん保証」という。）とＡ社との家賃決済サービスに係る契約の締結交渉に関し、あんしん保証の業務執行を決定する機関が、イオンクレジットサービス株式会社等との業務上の提携を行うことについての決定をした旨の重要事実を知りながら、上記事実の公表がされた平成２８年７月２９日午後３時より前の同年６月２４日から同年７月２９日午前１１時１０分頃までの間、自己の計算において、あんしん保証株式合計９３００株を買付価額合計９８０万３９００円で買い付けたものである。 違反行為事実の概要については、 別図 のとおり。 課徴金納付命令対象者（１）が行った上記の行為は、金融商品取引法第１７５条第１項に規定する「第１６６条第１項又は第３項の規定に違反して、同条第１項に規定する売買等をした」行為に該当すると認められる。 （２）課徴金納付命令対象者（２）について 課徴金納付命令対象者（２）は、あんしん保証の役員である課徴金納付命令対象者（３）から、同人がその職務に関し知った、あんしん保証の業務執行を決定する機関が、イオンクレジットサービス株式会社等との業務上の提携を行うことについての決定をした旨の重要事実の伝達を受けながら、上記事実の公表がされた平成２８年７月２９日午後３時より前の同年７月１２日から同月２９日午前９時３１分頃までの間、自己の計算において、あんしん保証株式合計２万４０００株を買付価額合計２９５２万５５００円で買い付けたものである。 違反行為事実の概要については、 別図 のとおり。 課徴金納付命令対象者（２）が行った上記の行為は、金融商品取引法第１７５条第１項に規定する「第１６６条第１項又は第３項の規定に違反して、同条第１項に規定する売買等をした」行為に該当すると認められる。 （３）課徴金納付命令対象者（３）について 課徴金納付命令対象者（３）は、あんしん保証の役員であるが、同人がその職務に関し知った、あんしん保証の業務執行を決定する機関が、イオンクレジットサービス株式会社等との業務上の提携を行うことについての決定をした旨の重要事実を、上記事実の公表がされる前にあんしん保証株式の買付けをさせることにより課徴金納付命令対象者（２）に利益を得させる目的をもって、伝達したものである。 課徴金納付命令対象者（２）は、上記事実の公表がされた平成２８年７月２９日午後３時より前の同年７月１２日から同月２９日午前９時３１分頃までの間、自己の計算において、あんしん保証株式合計２万４０００株を買付価額合計２９５２万５５００円で買い付けたものである。 違反行為事実の概要については、 別図 のとおり。 課徴金納付命令対象者（３）が行った上記の行為は、金融商品取引法第１７５条の２第１項に規定する「第１６７条の２第１項の規定に違反して、同項の伝達をし、又は同項の売買等をすることを勧める」行為に該当すると認められる。 ３．課徴金の額の計算 上記の違法行為に対し、金融商品取引法に基づき納付を命じられる課徴金の額は、下記のとおりである。 課徴金納付命令対象者（１）５５４万円 課徴金納付命令対象者（２）１００７万円 課徴金納付命令対象者（３）５０３万円 計算方法の詳細については、 別紙 のとおり。 ４．その他 本件については、日本取引所自主規制法人より提供された情報も参考として、実態解明を行ったものである。 （別図） ○違反行為事実の概要について （クリックすると拡大されます） （別紙） ○課徴金の額の計算方法について １． 課徴金納付命令対象者（１）について （１）金融商品取引法第１７５条第１項第２号の規定により、当該有価証券の買付けについて業務等に関する重要事実の公表がされた後２週間における最も高い価格（1,650円）に当該有価証券の買付けの数量を乗じて得た額から当該有価証券の買付けをした価格にその数量を乗じて得た額を控除した額。 （1,650円×9,300株） －（900円×2,000株＋950円×4,000株＋1,266円×400株＋1,268円×1,400株 ＋1,278円×300株＋1,279円×200株＋1,280円×200株＋1,282円×500株 ＋1,287円×300株） ＝5,541,100円 （２）金融商品取引法第１７６条第２項の規定により、上記ア．で計算した額の１万円未満の端数を切捨て。 ２． 課徴金納付命令対象者（２）について （１）金融商品取引法第１７５条第１項第２号の規定により、当該有価証券の買付けについて業務等に関する重要事実の公表がされた後２週間における最も高い価格（1,650円）に当該有価証券の買付けの数量を乗じて得た額から当該有価証券の買付けをした価格にその数量を乗じて得た額を控除した額。 （1,650円×24,000株） －（1,150円×3,300株＋1,151円×600株＋1,170円×100株＋1,177円×500株 ＋1,178円×700株＋1,179円×100株＋1,180円×5,400株＋1,250円×900株 ＋1,251円×200株＋1,252円×900株＋1,260円×100株＋1,269円×600株 ＋1,270円×1,000株＋1,271円×1,500株＋1,275円×1,000株＋1,281円×200株 ＋1,282円×100株＋1,284円×100株＋1,286円×100株＋1,287円×100株 ＋1,288円×200株＋1,289円×100株＋1,290円×2,100株＋1,294円×600株 ＋1,295円×2,000株＋1,296円×400株＋1,297円×100株＋1,298円×100株 ＋1,299円×900株） ＝ 10,074,500円 （２）金融商品取引法第１７６条第２項の規定により、上記（１）で計算した額の１万円未満の端数を切捨て。 ３． 課徴金納付命令対象者（３）について （１）金融商品取引法第１７５条の２第１項第３号の規定により、当該違反行為により当該情報受領者等が行った当該売買等によって得た利得相当額に２分の１を乗じて得た額。 利得相当額とは、同条第３項の規定により、情報受領者等が特定有価証券等の買付けをした場合、当該特定有価証券等の買付けについて重要事実の公表がされた後２週間における最も高い価格（1,650円）に当該特定有価証券等の買付けの数量を乗じて得た額から当該特定有価証券等の買付けをした価格にその数量を乗じて得た額を控除した額。 ｛（1,650円×24,000株） －（1,150円×3,300株＋1,151円×600株＋1,170円×100株＋1,177円×500株 ＋1,178円×700株＋1,179円×100株＋1,180円×5,400株＋1,250円×900株 ＋1,251円×200株＋1,252円×900株＋1,260円×100株＋1,269円×600株 ＋1,270円×1,000株＋1,271円×1,500株＋1,275円×1,000株＋1,281円×200株 ＋1,282円×100株＋1,284円×100株＋1,286円×100株＋1,287円×100株 ＋1,288円×200株＋1,289円×100株＋1,290円×2,100株＋1,294円×600株 ＋1,295円×2,000株＋1,296円×400株＋1,297円×100株＋1,298円×100株 ＋1,299円×900株）｝×1／2 ＝ 5,037,250円 （２）金融商品取引法第１７６条第２項の規定により、上記（１）で計算した額の１万円未満の端数を切捨て。",1
2018-08-06,2018/07/12-2018/07/23,朝日工業株式会社,1975,公開買付者の役員からの情報受領者が所属する会社の他の役員による朝日工業株式会社株式に係る内部者取引に対する課徴金納付命令の勧告について,https://www.fsa.go.jp/sesc/news/c_2019/2019/20191210-1.html,"English version 令和元年12月10日 証券取引等監視委員会 公開買付者の役員からの情報受領者が所属する会社の他の役員による朝日工業株式会社株式に係る内部者取引に対する課徴金納付命令の勧告について １．勧告の内容 証券取引等監視委員会は、公開買付者の役員からの情報受領者が所属する会社の他の役員による朝日工業株式会社株式に係る内部者取引について検査した結果、下記のとおり法令違反の事実が認められたので、本日、内閣総理大臣及び金融庁長官に対して、金融庁設置法第２０条第１項の規定に基づき、課徴金納付命令を発出するよう勧告を行った。 ２．法令違反の事実関係 課徴金納付命令対象者は、Ａ社の役員であるが、その職務に関し、同社の役員乙が、合同製鐵株式会社（以下「合同製鐵」という。）の役員であった甲から職務上伝達を受けた、合同製鐵の業務執行を決定する機関が、朝日工業株式会社（以下「朝日工業」という。）株式の公開買付けを行うことを決定した旨の公開買付けの実施に関する事実を知りながら、前記事実の公表がされた平成３０年８月６日より前の同年７月１２日から同月２３日までの間、自己の計算において、朝日工業株式合計１４００株を買付価額合計１７６万４３００円で買い付けたものである。 違反行為事実の概要については、 別図 のとおり。 課徴金納付命令対象者が行った上記の行為は、金融商品取引法第１７５条第２項に規定する「第１６７条第１項又は第３項の規定に違反して、同条第１項に規定する特定株券等若しくは関連株券等に係る買付け等」をした行為に該当すると認められる。 ３．課徴金の額の計算 上記の違反行為に対し、金融商品取引法に基づき納付を命じられる課徴金の額は、７２万円である。 計算方法の詳細については、 別紙 のとおり。 ４．その他 本件については、日本取引所自主規制法人より提供された情報も参考として、実態解明を行ったものである。 （別図） ○違反行為事実の概要について （クリックすると拡大されます） （別紙） 〇課徴金の額の計算について (1) 金融商品取引法第１７５条第２項第２号の規定により、当該有価証券の買付けについて、公開買付け等の実施に関する事実の公表がされた後２週間における最も高い価格（1,780円）に当該有価証券の買付けの数量を乗じて得た額から当該有価証券の買付けをした価格にその数量を乗じて得た額を控除した額。 （1,780円×1,400株） －（1,255円×100株＋1,260円×500株＋1,261円×800株） ＝727,700円 (2) 金融商品取引法第１７６条第２項の規定により、上記(1)で計算した額の１万円未満の端数を切捨て。",1
2017-04-01,2018/02/01,株式会社ヨータイ,5357,株式会社ヨータイの役員から伝達を受けた者による内部者取引及び当該役員による重要事実に係る伝達行為に対する課徴金納付命令の勧告について,https://www.fsa.go.jp/sesc/news/c_2019/2019/20190913-2.html,"English version 令和元年9月13日 証券取引等監視委員会 株式会社ヨータイの役員から伝達を受けた者による内部者取引及び当該役員による重要事実に係る伝達行為に対する課徴金納付命令の勧告について １．勧告の内容 証券取引等監視委員会は、株式会社ヨータイの役員から伝達を受けた者による内部者取引及び当該役員による重要事実に係る伝達行為について検査した結果、下記のとおり法令違反の事実が認められたので、本日、内閣総理大臣及び金融庁長官に対して、金融庁設置法第２０条第１項の規定に基づき、課徴金納付命令を発出するよう勧告を行った。 ２．法令違反の事実関係 （１）課徴金納付命令対象者（１）について 課徴金納付命令対象者（１）は、株式会社ヨータイ（以下「ヨータイ」という。）の役員であった課徴金納付命令対象者（２）から、同人がその職務に関し知った、同社の属する企業集団の平成２９年４月１日から平成３０年３月３１日までの事業年度の売上高、経常利益及び親会社株主に帰属する当期純利益（以下「当期純利益」という。）について、平成２９年５月１２日に公表がされた直近の予想値（売上高２１２億円、経常利益１４億円、当期純利益９億５０００万円）に比較して、同社が新たに算出した予想値において、投資者の投資判断に及ぼす影響が重要なものとなる差異が生じた旨の重要事実の伝達を受けながら、同社において新たに算出した同事業年度の予想値（売上高２４０億円、経常利益３３億円、当期純利益２４億円）の公表がされた平成３０年２月８日より前の同月１日、自己の計算において、ヨータイ株式合計１万株を買付価額合計６６９万円で買い付けたものである。 違反行為事実の概要については、 別図 のとおり。 課徴金納付命令対象者（１）が行った上記の行為は、金融商品取引法第１７５条第１項に規定する「第１６６条第１項又は第３項の規定に違反して、同条第１項に規定する売買等をした」行為に該当すると認められる。 （２）課徴金納付命令対象者（２）について 課徴金納付命令対象者（２）は、ヨータイの役員であったが、同人がその職務に関し知った、同社の属する企業集団の平成２９年４月１日から平成３０年３月３１日までの事業年度の売上高、経常利益及び親会社株主に帰属する当期純利益（以下「当期純利益」という。）について、平成２９年５月１２日に公表がされた直近の予想値（売上高２１２億円、経常利益１４億円、当期純利益９億５０００万円）に比較して、同社が新たに算出した予想値において、投資者の投資判断に及ぼす影響が重要なものとなる差異が生じた旨の重要事実を、課徴金納付命令対象者（１）に対し、同社において新たに算出した同事業年度の予想値（売上高２４０億円、経常利益３３億円、当期純利益２４億円）の公表がされる前にヨータイ株式の買付けをさせることにより、同人に利益を得させる目的をもって、伝達したものである。 課徴金納付命令対象者（１）は、上記重要事実の公表がされた平成３０年２月８日より前の同月１日、ヨータイ株式合計１万株を買付価額合計６６９万円で買い付けたものである。 違反行為事実の概要については、 別図 のとおり。 課徴金納付命令対象者（２）が行った上記の行為は、金融商品取引法第１７５条の２第１項に規定する「第１６７条の２第１項の規定に違反して、同項の伝達をし、又は同項の売買等をすることを勧める」行為に該当すると認められる。 ３．課徴金の額の計算 上記の違反行為に対し、金融商品取引法に基づき納付を命じられる課徴金の額は、下記のとおりである。 課徴金納付命令対象者（１）２９９万円 課徴金納付命令対象者（２）１４９万円 計算方法の詳細については、 別紙 のとおり。 （別図） ○違反行為事実の概要について （クリックすると拡大されます） （別紙） 〇課徴金の額の計算について １．課徴金納付命令対象者（１）について 金融商品取引法第１７５条第１項第２号の規定により、当該有価証券の買付けについて、業務等に関する重要事実の公表がされた後２週間における最も高い価格（968円）に当該有価証券の買付けの数量を乗じて得た額から当該有価証券の買付けをした価格にその数量を乗じて得た額を控除した額。 （968円×10,000株） －（669円×10,000株） ＝2,990,000円 ２．課徴金納付命令対象者（２）について （１） 金融商品取引法第１７５条の２第１項第３号の規定により、当該違反行為により当該情報受領者等が行った当該買付けによって得た利得相当額に２分の１を乗じて得た額。 利得相当額とは、同条第３項第２号の規定により、情報受領者等が特定有価証券等の買付けをした場合、当該特定有価証券等の買付けについて、業務等に関する重要事実の公表がされた後２週間における最も高い価格（968円）に当該特定有価証券等の買付けの数量を乗じて得た額から当該特定有価証券等の買付けをした価格にその数量を乗じて得た額を控除した額。 ｛（968円×10,000株） －（669円×10,000株）｝×1／2 ＝1,495,000円 （２） 金融商品取引法第１７６条第２項の規定により、上記（１）で計算した額の１万円未満の端数を切捨て。",1
2018-04-27,2018/04/13-2018/04/16,セーラー万年筆株式会社,7992,セーラー万年筆株式会社社員による内部者取引に対する課徴金納付命令の勧告について,https://www.fsa.go.jp/sesc/news/c_2019/2019/20190906-1.html,"English version 令和元年9月6日 証券取引等監視委員会 セーラー万年筆株式会社社員による内部者取引に対する課徴金納付命令の勧告について １．勧告の内容 証券取引等監視委員会は、セーラー万年筆株式会社社員による内部者取引について検査した結果、下記のとおり法令違反の事実が認められたので、本日、内閣総理大臣及び金融庁長官に対して、金融庁設置法第２０条第１項の規定に基づき、課徴金納付命令を発出するよう勧告を行った。 ２．法令違反の事実関係 課徴金納付命令対象者は、セーラー万年筆株式会社（以下「セーラー」という。）の社員であったが、その職務に関し、同社の業務執行を決定する機関が、プラス株式会社との業務上の提携を行うこと及びセーラーの発行する株式を引き受ける者の募集を行うことについての決定をした旨の各重要事実を知りながら、上記各重要事実の公表がされた平成３０年４月２７日より前の同月１３日から同月１６日までの間、自己の計算において、セーラー株式合計３２００株を買付価額合計９７万７０００円で買い付けたものである。 違反行為事実の概要については、 別図 のとおり。 課徴金納付命令対象者が行った上記の行為は、金融商品取引法第１７５条第１項に規定する「第１６６条第１項又は第３項の規定に違反して、同条第１項に規定する売買等をした」行為に該当すると認められる。 ３．課徴金の額の計算 上記の違反行為に対し、金融商品取引法に基づき納付を命じられる課徴金の額は、２２万円である。 計算方法の詳細については、 別紙 のとおり。 ４．その他 本件ついては、日本取引所自主規制法人より提供された情報を参考として、実態解明を行ったものである。 （別図） ○違反行為事実の概要について （クリックすると拡大されます） （別紙） 〇課徴金の額の計算について (1) 金融商品取引法第１７５条第１項第２号の規定により、当該有価証券の買付けについて業務等に関する重要事実の公表がされた後２週間における最も高い価格（376円）に当該有価証券の買付けの数量を乗じて得た額から当該有価証券の買付けをした価格にその数量を乗じて得た額を控除した額。 （376円×3,200株） －(300円×1,200株＋307円×1,000株＋310円×1,000株） ＝226,200円 (2) 金融商品取引法第１７６条第２項の規定により、上記(1)で計算した額の１万円未満の端数を切捨て。",1
2018-03-30,2017/12/01-2018/03/26,三精テクノロジーズ株式会社,6357,三精テクノロジーズ株式会社との契約締結者の役員から伝達を受けた者による内部者取引に対する課徴金納付命令の勧告について,https://www.fsa.go.jp/sesc/news/c_2019/2019/20190705-1.html,"English version 令和元年7月5日 証券取引等監視委員会 三精テクノロジーズ株式会社との契約締結者の役員から伝達を受けた者による内部者取引に対する課徴金納付命令の勧告について １．勧告の内容 証券取引等監視委員会は、三精テクノロジーズ株式会社との契約締結者の役員から伝達を受けた者による内部者取引について検査した結果、下記のとおり法令違反の事実が認められたので、本日、内閣総理大臣及び金融庁長官に対して、金融庁設置法第２０条第１項の規定に基づき、課徴金納付命令を発出するよう勧告を行った。 ２．法令違反の事実関係 課徴金納付命令対象者は、三精テクノロジーズ株式会社（以下「三精」という。）と業務委託契約を締結していたＡ社の役員であった甲から、同人が上記契約の履行に関し知った、三精の業務執行を決定する機関がＶｅｋｏｍａ　Ｒｉｄｅｓ　Ｂ．Ｖ．の発行済株式を取得して子会社化することについての決定をした旨の重要事実の伝達を受けながら、上記重要事実の公表がされた平成３０年３月３０日より前の平成２９年１２月１日から平成３０年３月２６日までの間、自己の計算において、三精株式合計６５００株を買付価額合計７５５万６６００円で買い付けたものである。 違反行為事実の概要については、 別図 のとおり。 課徴金納付命令対象者が行った上記の行為は、金融商品取引法第１７５条第１項に規定する「第１６６条第１項又は第３項の規定に違反して、同条第１項に規定する売買等をした」行為に該当すると認められる。 ３．課徴金の額の計算 上記の違反行為に対し、金融商品取引法に基づき納付を命じられる課徴金の額は、２５７万円である。 計算方法の詳細については、 別紙 のとおり。 ４．その他 本件ついては、日本取引所自主規制法人より提供された情報も参考として、実態解明を行ったものである。 （別図） ○違反行為事実の概要について （クリックすると拡大されます） （別紙） 〇課徴金の額の計算について (1) 金融商品取引法第１７５条第１項第２号の規定により、当該有価証券の買付けについて、業務等に関する重要事実の公表がされた後２週間における最も高い価格（1,559円）に当該有価証券の買付けの数量を乗じて得た額から当該有価証券の買付けをした価格にその数量を乗じて得た額を控除した額。 （1,559円×6,500株） －（1,056円×1,100株＋1,167円×500株＋1,168円×300株＋1,169円×100株 ＋1,171円×200株＋1,172円×200株＋1,173円×500株＋1,174円×300株 ＋1,193円×3,300株） ＝2,576,900円 (2) 金融商品取引法第１７６条第２項の規定により、上記(1)で計算した額の１万円未満の端数を切捨て。",1
2019-01-11,2017/05/08-2017/05/15,夢展望株式会社,3185,夢展望株式会社との契約締結者の社員から伝達を受けた者による内部者取引に対する課徴金納付命令の勧告について,https://www.fsa.go.jp/sesc/news/c_2019/2019/20190111-2.html,"English version 平成31年1月11日 証券取引等監視委員会 夢展望株式会社との契約締結者の社員から伝達を受けた者による内部者取引に対する課徴金納付命令の勧告について １．勧告の内容 証券取引等監視委員会は、夢展望株式会社との契約締結者の社員から伝達を受けた者による内部者取引について検査した結果、下記のとおり法令違反の事実が認められたので、本日、内閣総理大臣及び金融庁長官に対して、金融庁設置法第２０条第１項の規定に基づき、課徴金納付命令を発出するよう勧告を行った。 ２．法令違反の事実関係 課徴金納付命令対象者は、夢展望株式会社（以下「夢展望」という。）と業務委託契約を締結しているＡ社に勤務していた社員甲から、同人が、Ａ社と夢展望との同契約の履行に関し知った、夢展望の平成２８年４月１日から平成２９年３月３１日までの事業年度（以下「平成２９年３月期」という。）の個別経常利益及び個別当期純利益について、平成２８年５月１３日に公表がされた前事業年度の実績値（個別経常損失３億７８００万円、個別当期純損失５億７０００万円）に比較して、平成２９年３月期の決算において、投資者の投資判断に及ぼす影響が重要なものとなる差異が生じた旨の重要事実の伝達を受けながら、平成２９年３月期の決算値（個別経常損失１億８３００万円、個別当期純損失１億８４００万円）の公表がされた平成２９年５月１６日より前の同月８日から同月１５日の間に、自己の計算において、夢展望株式合計５００株を買付価額合計３５万１２００円で買い付けたものである。 違反行為事実の概要については、 別図 のとおり。 課徴金納付命令対象者が行った上記の行為は、金融商品取引法第１７５条第１項に規定する「第１６６条第１項又は第３項の規定に違反して、同条第１項に規定する売買等をした」行為に該当すると認められる。 ３．課徴金の額の計算 上記の違反行為に対し金融商品取引法に基づき納付を命じられる課徴金の額は、９５万円である。 計算方法の詳細については、 別紙 のとおり。 ４．その他 本件については、日本取引所自主規制法人より提供された情報も参考として、実態解明を行ったものである。 （別図） ○違反行為事実の概要について （クリックすると拡大されます） （別紙） 〇課徴金の額の計算について (1) 金融商品取引法第１７５条第１項第２号の規定により、当該有価証券の買付けについて、業務等に関する重要事実の公表がされた後２週間における最も高い価格（2,610円）に当該有価証券の買付けの数量を乗じて得た額から当該有価証券の買付けをした価格にその数量を乗じて得た額を控除した額。 （2,610円×500株） －（682円×100株＋703円×200株＋709円×100株＋715円×100株） ＝953,800円 (2) 金融商品取引法第１７６条第２項の規定により、上記(1)で計算した額の１万円未満の端数を切捨て。",1
2020-10-20,2019/06/07,ソフトマックス株式会社,3671,ソフトマックス株式会社の役員から伝達を受けた者による内部者取引に対する課徴金納付命令の勧告について,https://www.fsa.go.jp/sesc/news/c_2020/2020/20201020-1.html,"English version 令和2年10月20日 証券取引等監視委員会 ソフトマックス株式会社の役員から伝達を受けた者による内部者取引に対する課徴金納付命令の勧告について １．勧告の内容 証券取引等監視委員会は、ソフトマックス株式会社の役員から伝達を受けた者による内部者取引について検査した結果、下記のとおり法令違反の事実が認められたので、本日、内閣総理大臣及び金融庁長官に対して、金融庁設置法第２０条第１項の規定に基づき、課徴金納付命令を発出するよう勧告を行った。 ２．法令違反の事実関係 課徴金納付命令対象者は、ソフトマックス株式会社（以下「ソフトマックス」という。）の役員から、同人がその職務に関し知った、ソフトマックスの業務執行を決定する機関が、株式の分割を行うことについての決定をした旨の重要事実の伝達を受けながら、前記重要事実が公表された令和元年６月７日午後３時頃より前の同日午前１１時８分頃、自己の計算において、ソフトマックス株式合計１７５株を買付価額合計４７万６６７５円で買い付けたものである。 違反行為事実の概要については、 別図 のとおり。 課徴金納付命令対象者が行った上記の行為は、金融商品取引法第１７５条第１項に規定する「第１６６条第１項又は第３項の規定に違反して、同条第１項に規定する売買等をした」行為に該当すると認められる。 ３．課徴金の額の計算 上記の違反行為に対し、金融商品取引法に基づき納付を命じられる課徴金の額は、２７万円である。 計算方法の詳細については、 別紙 のとおり。 ４．その他 本件については、日本取引所自主規制法人より提供された情報も参考として、実態解明を行ったものである。 （別図） ○違反行為事実の概要について （クリックすると拡大されます） （別紙） 〇課徴金の額の計算について (1) 金融商品取引法第１７５条第１項第２号の規定により、当該有価証券の買付けについて、業務等に関する重要事実の公表がされた後２週間における最も高い価格（4,280円）に自己の計算による当該有価証券の買付けの数量 注１ を乗じて得た額から、当該有価証券の買付けをした価格にその数量を乗じて得た額を控除した額。 （4,280円×175株 注１ ） －｛（2,710円×100株＋2,715円×100株＋2,718円×100株＋2,727円×100株＋2,728円×100株＋2,729円×100株＋2,740円×100株）×（175株／700株）｝ ＝272,325円 （注１）自己の計算による買付けの数量は、自己及び自己以外の者の計算による買付けの数量700株に、自己の計算による買付けの額476,675円／自己及び自己以外の者の計算による買付けの額1,906,700円を乗じて得た数量（175株）。 (2) 金融商品取引法第１７６条第２項の規定により、上記(1)で計算した額の１万円未満の端数を切捨て。",1
2021-06-30,2020/05/21-2020/05/31,ジェイリース株式会社,7187,ジェイリース株式会社株券に係る内部者取引事件の告発について,https://www.fsa.go.jp/sesc/news/c_2021/2021/20210630-1.html,English version 令和３年６月３０日 証券取引等監視委員会 ジェイリース株式会社株券に係る内部者取引事件の告発について 証券取引等監視委員会は、本日、金融商品取引法違反（内部者取引、情報伝達）の嫌疑で、嫌疑者２名を福岡地方検察庁に告発した。告発の対象となった犯則事実については下記のとおり。 １．告発の対象となった犯則事実 第１　Ａは、Ｊ・ＰＲＯＴＥＣＴ株式会社（以下「Ｊ・ＰＲＯＴＥＣＴ」という。）の代表取締役を務めていたものであるが、令和元年１２月中旬頃、東京証券取引所市場第一部に株券を上場していたジェイリース株式会社（以下「ジェイリース」という。）とＪ・ＰＲＯＴＥＣＴとの間でなされていた保証委託契約等の交渉に関し、ジェイリースが、株式会社ラカラジャパンとの間で業務上の提携を行うことについての決定をした旨の重要事実を知り、あらかじめジェイリース株券を買い付けさせて利益を得させる目的をもって、同重要事実の公表前である令和２年５月下旬頃、Ｂに対し、同重要事実を伝達したものであり、これにより同人が、法定の除外事由がないのに、同重要事実の公表前である同月下旬頃、証券会社を介し、東京証券取引所において、自己名義及び他人名義で、ジェイリース株券合計９万株を代金合計約２２７０万円で買い付け 第２　Ｂは、令和２年５月下旬頃、Ａから、前記重要事実の伝達を受け、法定の除外事由がないのに、同重要事実の公表前である同月下旬頃、証券会社を介し、東京証券取引所において、自己名義及び他人名義で、ジェイリース株券合計９万株を代金合計約２２７０万円で買い付け たものである。 ２．関連条文 金融商品取引法 第１　同法第１９７条の２第１４号、同法第１６７条の２第１項 第２　同法第１９７条の２第１３号、同法第１６６条第３項、同条第１項第４号、同条第２項第１号タ 法定刑：５年以下の懲役若しくは５００万円以下の罰金又はこれを併科,1
2021-02-05,2019/03/22-2019/04/08,オンコリスバイオファーマ株式会社,4588,オンコリスバイオファーマ株式会社の社員から伝達を受けた者による内部者取引に対する課徴金納付命令の勧告について,https://www.fsa.go.jp/sesc/news/c_2021/2021/20210205-1.html,"English version 令和3年2月5日 証券取引等監視委員会 オンコリスバイオファーマ株式会社の社員から伝達を受けた者による内部者取引に対する課徴金納付命令の勧告について １．勧告の内容 証券取引等監視委員会は、オンコリスバイオファーマ株式会社の社員から伝達を受けた者による内部者取引について検査した結果、下記のとおり法令違反の事実が認められたので、本日、内閣総理大臣及び金融庁長官に対して、金融庁設置法第２０条第１項の規定に基づき、課徴金納付命令を発出するよう勧告を行った。 ２．法令違反の事実関係 課徴金納付命令対象者は、オンコリスバイオファーマ株式会社（以下「オンコリス」という。）の社員甲から、同人がその職務に関し知った、オンコリスの業務執行を決定する機関が、中外製薬株式会社と業務上の提携を行うことについての決定をした旨の重要事実の伝達を受けながら、上記重要事実が公表された平成３１年４月８日午後４時３０分頃より前の同年３月２２日から同年４月８日午後０時３０分頃までの間、自己の計算において、オンコリス株式合計２万株を買付価額合計４７０９万５００円で買い付けたものである。 違反行為事実の概要については、 別図 のとおり。 課徴金納付命令対象者が行った上記の行為は、金融商品取引法第１７５条第１項に規定する「第１６６条第１項又は第３項の規定に違反して、同条第１項に規定する売買等をした」行為に該当すると認められる。 ３．課徴金の額の計算 上記の違反行為に対し、金融商品取引法に基づき納付を命じられる課徴金の額は、２８２０万円である。 計算方法の詳細については、 別紙 のとおり。 ４．その他 本件については、日本取引所自主規制法人より提供された情報も参考として、実態解明を行ったものである。 （別図） ○違反行為事実の概要について （クリックすると拡大されます） （別紙） 〇課徴金の額の計算について １．金融商品取引法第１７５条第１項第２号の規定により、当該有価証券の買付けについて、業務等に関する重要事実の公表がされた後２週間における最も高い価格（3,765円）に自己の計算による当該有価証券の買付けの数量を乗じて得た額から、当該有価証券の買付けをした価格にその数量を乗じて得た額を控除した額。 （3,765円×20,000株） －（1,776円×10,000株＋2,700円×5,000株＋3,150円×200株＋3,155円×700株 ＋3,160円×1,300株＋3,165円×200株＋3,170円×800株＋3,175円×1,800株） ＝ 28,209,500円 ２．金融商品取引法第１７６条第２項の規定により、上記１．で計算した額の１万円未満の端数を切捨て。",1
2021-01-15,2017/02/08,朝日放送株式会社,9405,朝日放送株式会社社員による重要事実に係る伝達行為及び同人から伝達を受けた者による内部者取引、並びに株式会社ディー・エル・イーとの契約締結交渉者の従業者による内部者取引及び重要事実に係る伝達行為並びに同人から伝達を受けた者による内部者取引に対する課徴金納付命令の勧告について,https://www.fsa.go.jp/sesc/news/c_2021/2021/20210115-1.html,"English version 令和３年１月15日 証券取引等監視委員会 朝日放送株式会社社員による重要事実に係る伝達行為及び同人から伝達を受けた者による内部者取引に対する課徴金納付命令の勧告について 株式会社ディー・エル・イーとの契約締結交渉者の従業者による内部者取引及び重要事実に係る伝達行為並びに同人から伝達を受けた者による内部者取引に対する課徴金納付命令の勧告について １．勧告の内容 証券取引等監視委員会は、朝日放送株式会社社員による重要事実に係る伝達行為及び同人から伝達を受けた者による内部者取引、並びに株式会社ディー・エル・イーとの契約締結交渉者の従業者による内部者取引及び重要事実に係る伝達行為並びに同人から伝達を受けた者による内部者取引について検査した結果、下記のとおり法令違反の事実が認められたので、本日、内閣総理大臣及び金融庁長官に対して、金融庁設置法第２０条第１項の規定に基づき、課徴金納付命令を発出するよう勧告を行った。 ２．法令違反の事実関係 （１）課徴金納付命令対象者（１）について ア．違反行為事実Ａ 課徴金納付命令対象者（１）は、朝日放送株式会社（以下「朝日放送」という。同社は、平成３０年４月、朝日放送グループホールディングス株式会社に商号変更した。以下、商号変更後の同社を「朝日放送ＧＨＤ」という。）の社員であったが、その職務に関し知った、朝日放送の業務執行を決定する機関が、会社の分割を行うことについての決定をした旨の重要事実を、課徴金納付命令対象者（２）に対し、上記重要事実の公表がされる前に、朝日放送株式の買付けをさせることにより同人に利益を得させる目的をもって、伝達したものである。 課徴金納付命令対象者（２）は、上記重要事実が公表された平成２９年２月８日午後３時頃より前の同日午後１時１３分頃及び午後１時１８分頃、朝日放送株式合計１９００株を買付価額合計１４２万１２００円で買い付けたものである。 イ．違反行為事実Ｂ 課徴金納付命令対象者（１）は、朝日放送ＧＨＤが、株式会社ディー・エル・イー（以下「ＤＬＥ」という。）との間で行っていた資本業務提携契約の締結の交渉業務に従事していた者であるが、上記契約の締結の交渉に関し、ＤＬＥの業務執行を決定する機関が、ＤＬＥの発行する株式を引き受ける者の募集を行うこと及び朝日放送ＧＨＤと業務上の提携を行うことについての決定をした旨の各重要事実を知りながら、上記各重要事実が公表された令和元年５月１０日より前の平成３１年４月２５日から令和元年５月９日までの間、自己の計算において、ＤＬＥ株式合計２万１５００株を買付価額合計２９０万７９５円で買い付けたものである。 ウ．違反行為事実Ｃ 課徴金納付命令対象者（１）は、同人が、朝日放送ＧＨＤとＤＬＥとの間の資本業務提携契約の締結の交渉に関し知った、ＤＬＥの業務執行を決定する機関が、ＤＬＥの発行する株式を引き受ける者の募集を行うことについての決定をした旨の重要事実を、課徴金納付命令対象者（２）に対し、上記重要事実の公表がされる前に、ＤＬＥ株式の買付けをさせることにより同人に利益を得させる目的をもって、伝達したものである。 課徴金納付命令対象者（２）は、上記重要事実が公表された令和元年５月１０日より前の平成３１年４月２５日から令和元年５月９日までの間、ＤＬＥ株式合計２万１５００株を買付価額合計２９０万７９５円で買い付けたものである。 違反行為事実の概要については、 別図 のとおり。 課徴金納付命令対象者（１）が行った 上記ア．及びウ．の行為は、金融商品取引法第１７５条の２第１項に規定する「第１６７条の２第１項の規定に違反して、同項の伝達をし」た行為に該当すると認められる。 上記イの行為は、金融商品取引法第１７５条第１項に規定する「第１６６条第１項又は第３項の規定に違反して、同条第１項に規定する売買等をした」行為に該当すると認められる。 （２）課徴金納付命令対象者（２）について ア．違反行為事実Ｄ 課徴金納付命令対象者（２）は、朝日放送の社員であった課徴金納付命令対象者（１）から、同人がその職務に関し知った、朝日放送の業務執行を決定する機関が、会社の分割を行うことについての決定をした旨の重要事実の伝達を受けながら、上記重要事実が公表された平成２９年２月８日午後３時頃より前の同日午後１時１３分頃及び午後１時１８分頃、自己の計算において、朝日放送株式合計１９００株を買付価額合計１４２万１２００円で買い付けたものである。 イ．違反行為事実Ｅ 課徴金納付命令対象者（２）は、朝日放送ＧＨＤが、ＤＬＥとの間で行っていた資本業務提携契約の締結の交渉業務に従事していた課徴金納付命令対象者（１）から、同人が上記契約の締結の交渉に関し知った、ＤＬＥの業務執行を決定する機関が、ＤＬＥの発行する株式を引き受ける者の募集を行うことついての決定をした旨の重要事実の伝達を受けながら、上記重要事実が公表された令和元年５月１０日より前の平成３１年４月２５日から令和元年５月９日までの間、自己の計算において、ＤＬＥ株式合計２万１５００株を買付価額合計２９０万７９５円で買い付けたものである。 違反行為事実の概要については、 別図 のとおり。 課徴金納付命令対象者（２）が行った上記ア．及びイ．の行為は、金融商品取引法第１７５条第１項に規定する「第１６６条第１項又は第３項の規定に違反して、同条第１項に規定する売買等をした」行為に該当すると認められる。 ３．課徴金の額の計算 上記の違反行為に対し、金融商品取引法に基づき納付を命じられる課徴金の額は、下記のとおりである。 課徴金納付命令対象者（１）４５１万円 課徴金納付命令対象者（２）３０５万円 計算方法の詳細については、 別紙 のとおり。 ４．その他 本件については、日本取引所自主規制法人より提供された情報も参考として、実態解明を行ったものである。 （別図） ○違反行為事実の概要について （クリックすると拡大されます） （別紙） ○課徴金の額の計算方法について １． 課徴金納付命令対象者（１）について （１） 違反行為事実Ａに係る課徴金の額 ア．金融商品取引法第１７５条の２第１項第３号の規定により、当該違反行為により当該情報受領者等が行った当該買付けによって得た利得相当額に２分の１を乗じて得た額。 利得相当額とは、同条第３項第２号の規定により、情報受領者等が特定有価証券等の買付けをした場合、当該特定有価証券等の買付けについて、業務等に関する重要事実の公表がされた後２週間における最も高い価格（783円）に当該特定有価証券等の買付けの数量を乗じて得た額から、当該特定有価証券等の買付けをした価格にその数量を乗じて得た額を控除した額。 ｛（783円×1,900株） －（746円×100株＋747円×400株＋748円×1,000株＋749円×200株＋750円×200株）｝×1／2 ＝33,250円 イ．金融商品取引法第１７６条第２項の規定により、上記ア．で計算した額の１万円未満の端数を切捨て。 （２） 違反行為事実Ｂに係る課徴金の額 ア．金融商品取引法第１７５条第１項第２号の規定により、当該有価証券の買付けについて、業務等に関する重要事実の公表がされた後２週間における最も高い価格（274円）に自己の計算による当該有価証券の買付けの数量 注１ を乗じて得た額から、当該有価証券の買付けをした価格にその数量を乗じて得た額を控除した額。 （274円×21,500株 注１ ） －｛（133.8円×400株＋133.9円×100株＋134円×17,500株＋135円×10,000株 ＋135.8円×1,500株＋135.9円×200株＋136円×13,300株）×（21,500株／43,000株）｝ ＝2,990,205円 （注１）自己の計算による買付けの数量は、自己及び自己以外の者の計算による買付けの数量43,000株に、自己の計算による買付けの額2,900,795円／自己及び自己以外の者の計算による買付けの額5,801,590円を乗じて得た数量（21,500株）。 イ．金融商品取引法第１７６条第２項の規定により、上記ア．で計算した額の１万円未満の端数を切捨て。 （３） 違反行為事実Ｃに係る課徴金の額 ア．金融商品取引法第１７５条の２第１項第３号の規定により、当該違反行為により当該情報受領者等が行った当該買付けによって得た利得相当額に２分の１を乗じて得た額。 利得相当額とは、同条第３項第２号の規定により、情報受領者等が特定有価証券等の買付けをした場合、当該特定有価証券等の買付けについて、業務等に関する重要事実の公表がされた後２週間における最も高い価格（274円）に自己の計算による当該特定有価証券等の買付けの数量 注２ を乗じて得た額から、当該特定有価証券等の買付けをした価格にその数量を乗じて得た額を控除した額。 ｛（274円×21,500株 注２ ） －（133.8円×400株＋133.9円×100株＋134円×17,500株＋135円×10,000株 ＋135.8円×1,500株＋135.9円×200株＋136円×13,300株）×（21,500株／43,000株）｝ ×1／2 ＝1,495,102円 （注２）自己の計算による買付けの数量は、自己及び自己以外の者の計算による買付けの数量43,000株に、自己の計算による買付けの額2,900,795円／自己及び自己以外の者の計算による買付けの額5,801,590円を乗じて得た数量（21,500株）。 イ．金融商品取引法第１７６条第２項の規定により、上記ア．で計算した額の１万円未満の端数を切捨て。 （４） 上記（１）ないし（３）により算定した額の合計30,000円＋2,990,000円＋1,490,000円＝4,510,000円となる。 ２． 課徴金納付命令対象者（２）について （１） 違反行為事実Ｄに係る課徴金の額 ア．金融商品取引法第１７５条第１項第２号の規定により、当該有価証券の買付けについて、業務等に関する重要事実の公表がされた後２週間における最も高い価格（783円）に当該有価証券の買付けの数量を乗じて得た額から、当該有価証券の買付けをした価格にその数量を乗じて得た額を控除した額。 （783円×1,900株） －（746円×100株＋747円×400株＋748円×1,000株＋749円×200株＋750円×200株） ＝66,500円 イ．金融商品取引法第１７６条第２項の規定により、上記ア．で計算した額の１万円未満の端数を切捨て。 （２） 違反行為事実Ｅに係る課徴金の額 ア．金融商品取引法第１７５条第１項第２号の規定により、当該有価証券の買付けについて、業務等に関する重要事実の公表がされた後２週間における最も高い価格（274円）に自己の計算による当該有価証券の買付けの数量 注３ を乗じて得た額から、当該有価証券の買付けをした価格にその数量を乗じて得た額を控除した額。 （274円×21,500株 注３ ） －｛（133.8円×400株＋133.9円×100株＋134円×17,500株＋135円×10,000株 ＋135.8円×1,500株＋135.9円×200株＋136円×13,300株）×（21,500株／43,000株）｝ ＝2,990,205円 （注３）自己の計算による買付けの数量は、自己及び自己以外の者の計算による買付けの数量43,000株に、自己の計算による買付けの額2,900,795円／自己及び自己以外の者の計算による買付けの額5,801,590円を乗じて得た数量（21,500株）。 イ．金融商品取引法第１７６条第２項の規定により、上記ア．で計算した額の１万円未満の端数を切捨て。 （３） 上記（１）ないし（２）により算定した額の合計60,000円＋2,990,000円＝3,050,000円となる。",1
2022-11-29,2021/02/01,名古屋電機工業株式会社,6797,名古屋電機工業株式会社社員から伝達を受けた者による内部者取引に対する課徴金納付命令の勧告について,https://www.fsa.go.jp/sesc/news/c_2022/2022/20221129-1.html,"English version 令和4年11月29日 証券取引等監視委員会 名古屋電機工業株式会社社員から伝達を受けた者による 内部者取引に対する課徴金納付命令の勧告について １．勧告の内容 証券取引等監視委員会は、名古屋電機工業株式会社社員から伝達を受けた者による内部者取引について検査した結果、下記のとおり法令違反の事実が認められたので、本日、内閣総理大臣及び金融庁長官に対して、金融庁設置法第２０条第１項の規定に基づき、課徴金納付命令を発出するよう勧告を行った。 ２．法令違反の事実関係 課徴金納付命令対象者は、名古屋電機工業株式会社（以下「名古屋電機工業」という。）の社員から、同人がその職務に関し知った、名古屋電機工業の属する企業集団の令和２年４月１日から令和３年３月３１日までの事業年度の経常利益及び親会社株主に帰属する当期純利益（以下「当期純利益」という。）について、令和２年５月１２日に公表がされた直近の予想値（経常利益１７憶５００万円、当期純利益１３億３５００万円）に比較して、名古屋電機工業が新たに算出した予想値において、投資者の投資判断に及ぼす影響が重要なものとなる差異が生じた旨の重要事実の伝達を受けながら、名古屋電機工業において新たに算出した同事業年度の予想値（経常利益４２億円、当期純利益３０億円）の公表がされた令和３年２月２日より前の同月１日、自己の計算において、名古屋電機工業株式１０００株を買付価額合計１３７万４０００円で買い付けたものである。 違反行為事実の概要については、 別図 のとおり。 課徴金納付命令対象者が行った上記の行為は、金融商品取引法第１７５条第１項に規定する「第１６６条第３項の規定に違反して、同条第１項に規定する売買等をした」行為に該当すると認められる。 ３．課徴金の額の計算 上記の違反行為に対し、金融商品取引法に基づき納付を命じられる課徴金の額は、７３万円である。 計算方法の詳細については、 別紙 のとおり。 （別図） ○違反行為事実の概要について （クリックすると拡大されます） （別紙） ○課徴金の額の計算方法について １．金融商品取引法第１７５条第１項第２号の規定により、当該有価証券の買付けについて、業務等に関する重 要事実の公表がされた後２週間における最も高い価格（2,110円）に当該有価証券の買付けの数量を乗じて得 た額から、当該有価証券の買付けをした価格にその数量を乗じて得た額を控除した額。 （2,110円×1,000株） －(1,374円×1,000株） ＝736,000円 ２．金融商品取引法第１７６条第２項の規定により、上記１．で計算した額の１万円未満の端数を切捨て。",1
2022-02-25,2020/06/10,レカム株式会社,3323,レカム株式会社社員から伝達を受けた者による内部者取引に対する課徴金納付命令の勧告について,https://www.fsa.go.jp/sesc/news/c_2022/2022/20220225-1.html,"English version 令和4年2月25日 証券取引等監視委員会 レカム株式会社社員から伝達を受けた者による内部者取引に対する課徴金納付命令の勧告について １．勧告の内容 証券取引等監視委員会は、レカム株式会社社員から伝達を受けた者による内部者取引について検査した結果、下記のとおり法令違反の事実が認められたので、本日、内閣総理大臣及び金融庁長官に対して、金融庁設置法第２０条第１項の規定に基づき、課徴金納付命令を発出するよう勧告を行った。 ２．法令違反の事実関係 課徴金納付命令対象者は、レカム株式会社（以下「レカム」という。）の社員甲から、同人がその職務に関し知った、レカムの業務執行を決定する機関が、ReSPR TECHNOLOGIES INC.と業務上の提携を行うことについての決定をした旨の重要事実の伝達を受けながら、上記重要事実の公表がされた令和２年６月１２日より前の同月１０日、知人名義の証券口座で、自己の計算において、レカム株式合計９万５０００株を買付価額合計９９７万４２１０円で買い付けたものである。 違反行為事実の概要については、 別図 のとおり。 課徴金納付命令対象者が行った上記の行為は、金融商品取引法第１７５条第１項に規定する「第１６６条第３項の規定に違反して、同条第１項に規定する売買等をした」行為に該当すると認められる。 ３．課徴金の額の計算 上記の違反行為に対し、金融商品取引法に基づき納付を命じられる課徴金の額は、１１４０万円である。 計算方法の詳細については、 別紙 のとおり。 ４．その他 本件については、日本取引所自主規制法人より提供された情報等を参考として、実態解明を行ったものである。 （別図） ○違反行為事実の概要について （クリックすると拡大されます） （別紙） ○課徴金の額の計算方法について １．金融商品取引法第１７５条第１項第２号の規定により、当該有価証券の買付けについて、業務等に関する重要事 実の公表がされた後２週間における最も高い価格（225円）に当該有価証券の買付けの数量を乗じて得た額から、 当該有価証券の買付けをした価格にその数量を乗じて得た額を控除した額。 （225円×95,000株） －(104.7円×700株＋104.8円×2,900株＋105円×91,400株） ＝11,400,790円 ２．金融商品取引法第１７６条第２項の規定により、上記１．で計算した額の１万円未満の端数を切捨て。",1
2022-02-24,2020/04/21-2020/04/30,テラ株式会社,1433,テラ株式会社株券に係る内部者取引事件の告発について（２）,https://www.fsa.go.jp/sesc/news/c_2022/2022/20220224-2.html,English version 令和４年２月２４日 証券取引等監視委員会 テラ株式会社株券に係る内部者取引事件の告発について（２） 証券取引等監視委員会は、本日、金融商品取引法違反（内部者取引）の嫌疑で、嫌疑者１名を東京地方検察庁に告発した。告発の対象となった犯則事実については下記のとおり。 １．告発の対象となった犯則事実 犯則嫌疑者Ａは、東京証券取引所の有価証券市場に株券を上場していたテラ株式会社（以下「テラ社」という。）との間で、新型コロナウイルス感染症肺炎に対する間葉系幹細胞を用いた治療法の開発に関する共同研究に係る業務提携契約の交渉をしていたＣＥＮＥＧＥＮＩＣＳ ＪＡＰＡＮ株式会社（以下「セネジャパン社」という。）の役員から、令和２年４月下旬頃、同人が同契約の交渉に関し知った、テラ社がセネジャパン社との間で業務上の提携を行うことについての決定をした旨の重要事実の伝達を受け、法定の除外事由がないのに、同事実の公表前である同月下旬頃、証券会社を介し、東京証券取引所において、自己名義ほか１名義で、テラ社の株券合計約１５万株を代金合計約２２３０万円で買い付けたものである。 ２．関連条文 金融商品取引法 同法第１９７条の２第１３号、第１６６条第３項、同条第１項第４号、同条第２項第１号タ、同法施行令第２８条第１号 法定刑：５年以下の懲役若しくは５００万円以下の罰金又はこれを併科,1
2022-02-24,2020/04/11-2020/04/20,テラ株式会社,1433,テラ株式会社株券に係る内部者取引事件の告発について（１）,https://www.fsa.go.jp/sesc/news/c_2022/2022/20220224-1.html,English version 令和４年２月２４日 証券取引等監視委員会 テラ株式会社株券に係る内部者取引事件の告発について（１） 証券取引等監視委員会は、本日、金融商品取引法違反（内部者取引）の嫌疑で、嫌疑者１名を東京地方検察庁に告発した。告発の対象となった犯則事実については下記のとおり。 １．告発の対象となった犯則事実 犯則嫌疑者Ａは、東京証券取引所の有価証券市場に株券を上場していたテラ株式会社（以下「テラ社」という。）との間で、新型コロナウイルス感染症肺炎に対する間葉系幹細胞を用いた治療法の開発に関する共同研究に係る業務提携契約の交渉をしていたＣＥＮＥＧＥＮＩＣＳ ＪＡＰＡＮ株式会社（以下「セネジャパン社」という。）の役員から、令和２年４月中旬頃、同人が同契約の交渉に関し知った、テラ社がセネジャパン社との間で業務上の提携を行うことについての決定をした旨の重要事実の伝達を受け、法定の除外事由がないのに、同事実の公表前である同月中旬頃、証券会社を介し、東京証券取引所及び私設取引システムにおいて、自己名義で、テラ社の株券合計６５００株を代金合計約９０万円で買い付けたものである。 ２．関連条文 金融商品取引法 同法第１９７条の２第１３号、第１６６条第３項、同条第１項第４号、同条第２項第１号タ、同法施行令第２８条第１号 法定刑：５年以下の懲役若しくは５００万円以下の罰金又はこれを併科,1
2022-02-24,2020/05/21-2020/05/31,テラ株式会社,1433,テラ株式会社株券に係る内部者取引事件の告発について（３）,https://www.fsa.go.jp/sesc/news/c_2022/2022/20220224-3.html,English version 令和４年２月２４日 証券取引等監視委員会 テラ株式会社株券に係る内部者取引事件の告発について（３） 証券取引等監視委員会は、本日、金融商品取引法違反（内部者取引）の嫌疑で、嫌疑法人１社及び嫌疑者１名を東京地方検察庁に告発した。告発の対象となった犯則事実については下記のとおり。 １．告発の対象となった犯則事実 犯則嫌疑法人内田建設株式会社は、不動産の売買、仲介、管理、賃借業務等を目的とする会社、犯則嫌疑者Ａは、犯則嫌疑法人の代表取締役であるが、東京証券取引所の有価証券市場に株券を上場していたテラ株式会社（以下「テラ社」という。）との間で、新型コロナウイルス感染症肺炎に対する間葉系幹細胞を用いた治療法の開発に関する共同研究に係る業務提携契約を締結していたＣＥＮＥＧＥＮＩＣＳ　ＪＡＰＡＮ株式会社の役員から、令和２年５月下旬頃、同人が同契約の履行に関し知った、同契約に基づき行われていた臨床試験において１例目の投与患者の症状に改善が認められたなどのテラ社の運営、業務又は財産に関する重要な事実であって投資者の投資判断に著しい影響を及ぼす重要事実の伝達を受け、法定の除外事由がないのに、犯則嫌疑法人の業務及び財産に関し、同事実の公表前である同月下旬頃、証券会社を介し、東京証券取引所において、犯則嫌疑法人名義で、テラ社の株券合計２万株を代金合計約１７４０万円で買い付けたものである。 ２．関連条文 金融商品取引法 同法第１９７条の２第１３号、第１６６条第３項、同条第１項第４号、同条第２項第４号、第２０７条第１項第２号 法定刑： 法人につき　５億円以下の罰金 個人につき　５年以下の懲役若しくは５００万円以下の罰金又はこれを併科,1
2022-01-28,2020/09/18-2020/09/30,株式会社レオパレス２１,8848,株式会社レオパレス２１社員からの情報受領者による内部者取引に対する課徴金納付命令の勧告について,https://www.fsa.go.jp/sesc/news/c_2022/2022/20220128-1.html,"English version 令和4年1月28日 証券取引等監視委員会 株式会社レオパレス２１社員からの情報受領者による内部者取引に対する課徴金納付命令の勧告について １．勧告の内容 証券取引等監視委員会は、株式会社レオパレス２１社員からの情報受領者による内部者取引について検査した結果、下記のとおり法令違反の事実が認められたので、本日、内閣総理大臣及び金融庁長官に対して、金融庁設置法第２０条第１項の規定に基づき、課徴金納付命令を発出するよう勧告を行った。 ２．法令違反の事実関係 課徴金納付命令対象者は、株式会社レオパレス２１（以下「レオパレス」という。）の社員甲から、同人がその職務に関し知った、レオパレスの業務執行を決定する機関が、同社の発行する株式を引き受ける者の募集を行うことについての決定をした旨の重要事実の伝達を受けながら、上記重要事実の公表がされた令和２年９月３０日午後５時頃より前の同月１８日から同月３０日午後１時１６分頃までの間、自己の計算において、レオパレス株式合計１８万株を買付価額合計３００９万７４３０円で買い付けたものである。 違反行為事実の概要については、 別図 のとおり。 課徴金納付命令対象者が行った上記の行為は、金融商品取引法第１７５条第１項に規定する「第１６６条第３項の規定に違反して、同条第１項に規定する売買等をした」行為に該当すると認められる。 ３．課徴金の額の計算 上記の違反行為に対し、金融商品取引法に基づき納付を命じられる課徴金の額は、１８５０万円である。 計算方法の詳細については、 別紙 のとおり。 （別図） ○違反行為事実の概要について （クリックすると拡大されます） （別紙） ○課徴金の額の計算方法について １．金融商品取引法第１７５条第１項第２号の規定により、当該有価証券の買付けについて、業務等に関する重要事 実の公表がされた後２週間における最も高い価格（270円）に当該有価証券の買付けの数量を乗じて得た額から、 当該有価証券の買付けをした価格にその数量を乗じて得た額を控除した額。 （270円×180,000株） －(153.8円×8,600株＋153.9円×8,500株＋154円×12,900株＋159円×30,000株＋165円×40,000株 ＋176円×50,000株＋177円×30,000株） ＝18,502,570円 ２．金融商品取引法第１７６条第２項の規定により、上記１．で計算した額の１万円未満の端数を切捨て。",1
2022-01-21,2020/01/20-2020/02/28,三井製糖株式会社,2109,三井製糖株式会社との契約締結交渉者の役員による内部者取引に対する課徴金納付命令の勧告について,https://www.fsa.go.jp/sesc/news/c_2022/2022/20220121-2.html,"English version 令和4年1月21日 証券取引等監視委員会 三井製糖株式会社との契約締結交渉者の役員による内部者取引に対する課徴金納付命令の勧告について １．勧告の内容 証券取引等監視委員会は、三井製糖株式会社との契約締結交渉者の役員による内部者取引について検査した結果、下記のとおり法令違反の事実が認められたので、本日、内閣総理大臣及び金融庁長官に対して、金融庁設置法第２０条第１項の規定に基づき、課徴金納付命令を発出するよう勧告を行った。 ２．法令違反の事実関係 課徴金納付命令対象者は、日本甜菜製糖株式会社（以下「日本甜菜製糖」という。）の役員であった者であるが、三井製糖株式会社（令和３年４月１日にＤＭ三井製糖ホールディングス株式会社に商号変更。以下「三井製糖」という。）と日本甜菜製糖株式の取得を伴う業務上の提携に係る契約の締結の交渉に関し、三井製糖の業務執行を決定する機関が、日本甜菜製糖と業務上の提携を行うことについての決定をした旨の重要事実を知りながら、上記重要事実の公表がされた令和２年３月２５日より前の同年１月２０日から同年２月２８日までの間、自己の計算において、三井製糖株式合計１０００株を買付価額合計１９４万９４９０円で買い付けたものである。 違反行為事実の概要については、 別図 のとおり。 課徴金納付命令対象者が行った上記の行為は、金融商品取引法第１７５条第１項に規定する「第１６６条第１項の規定に違反して、同条第１項に規定する売買等をした」行為に該当すると認められる。 ３．課徴金の額の計算 上記の違反行為に対し、金融商品取引法に基づき納付を命じられる課徴金の額は、２７万円である。 計算方法の詳細については、 別紙 のとおり。 ４．その他 本件については、日本取引所自主規制法人より提供された情報等を参考として、実態解明を行ったものである。 （別図） ○違反行為事実の概要について （クリックすると拡大されます） （別紙） ○課徴金の額の計算方法について １．金融商品取引法第１７５条第１項第２号の規定により、当該有価証券の買付けについて、業務等に関する重要事　実の公表がされた後２週間における最も高い価格（2,223円）に当該有価証券の買付けの数量を乗じて得た額から、当該有価証券の買付けをした価格にその数量を乗じて得た額を控除した額。 （2,223円×1,000株） －(1,904.9円×100株＋1,905円×400株＋1,906円×200株＋1,978円×100株 ＋1,979円×100株＋2,201円×100株） ＝273,510円 ２．金融商品取引法第１７６条第２項の規定により、上記１．で計算した額の１万円未満の端数を切捨て。",1
2023-11-21,2021/01/14-2021/02/19,株式会社エイチーム,3662,株式会社エイチームとの契約締結交渉者の社員から伝達を受けた者による内部者取引に対する課徴金納付命令の勧告について,https://www.fsa.go.jp/sesc/news/c_2023/2023/20231121-1.html,English version 令和5年11月21日 証券取引等監視委員会 株式会社エイチームとの契約締結交渉者の社員から伝達を受けた者による内部者取引に対する課徴金納付命令の勧告について １．勧告の内容 証券取引等監視委員会は、株式会社エイチームとの契約締結交渉者の社員から伝達を受けた者による内部者取引について検査した結果、下記のとおり法令違反の事実が認められたので、本日、内閣総理大臣及び金融庁長官に対して、金融庁設置法第２０条第１項の規定に基づき、課徴金納付命令を発出するよう勧告を行った。 ２．法令違反の事実関係 課徴金納付命令対象者は、株式会社スクウェア・エニックス（以下「スクエニ」という。）の社員らが、株式会社エイチーム（以下「エイチーム」という。）とスクエニが共同で進めていたゲームタイトル「ＦＩＮＡＬ　ＦＡＮＴＡＳＹ」の関連作品となるスマートデバイス向け新作ゲーム（以下「本件ゲーム」という。）の開発に係る業務提携契約の履行及び本件ゲームの配信開始後にその配信等を共同して運営していく旨の業務提携契約の交渉に関し知り、その後、スクエニの社員であった甲が職務に関し知った、(1)本件ゲームの共同開発が配信開始を見込める段階まで進捗したことなどのエイチームの運営、業務又は財産に関する重要な事実であって投資者の投資判断に著しい影響を及ぼす重要事実及び(2)エイチームの業務執行を決定する機関が前記交渉に係る業務上の提携を行うことについての決定をした旨のエイチームの業務等に関する重要事実の伝達を、知人であった甲から受けながら、前記各重要事実の公表がされた令和３年２月２７日より前の同年１月１４日から同年２月１９日までの間、エイチーム株式合計１万株を、自己の計算において、買付価額合計１１８６万５６０円で買い付けたものである。 違反行為事実の概要については、 別図 のとおり。 課徴金納付命令対象者が行った上記の行為は、金融商品取引法第１７５条第１項に規定する「第１６６条第３項の規定に違反して、同条第１項に規定する売買等をした」行為に該当すると認められる。 ３．課徴金の額の計算 上記の違反行為に対し、金融商品取引法に基づき納付を命じられる課徴金の額は、４９２万円である。 計算方法の詳細については、 別紙 のとおり。 ４．その他 社員甲については、令和４年１２月２６日、エイチーム株式に係る内部者取引及び課徴金納付命令対象者に対する情報伝達行為の嫌疑で、東京地方検察庁に告発済みである。 （クリックすると拡大されます）,1
2023-10-27,2022/04/15-2022/04/28,株式会社日本製鋼所,5631,株式会社日本製鋼所の子会社との契約締結者２法人の各社員２名及び同子会社との契約締結者からの情報受領者による内部者取引に対する課徴金納付命令の勧告について,https://www.fsa.go.jp/sesc/news/c_2023/2023/20231027-1.html,English version 令和５年１０月２７日 証券取引等監視委員会 株式会社日本製鋼所の子会社との契約締結者２法人の各社員２名及び同子会社との契約締結者からの情報受領者による内部者取引に対する課徴金納付命令の勧告について １．勧告の内容 証券取引等監視委員会は、株式会社日本製鋼所の子会社との契約締結者２法人の各社員２名及び同子会社との契約締結者からの情報受領者による内部者取引について検査した結果、下記のとおり法令違反の事実が認められたので、本日、内閣総理大臣及び金融庁長官に対して、金融庁設置法第２０条第１項の規定に基づき、課徴金納付命令を発出するよう勧告を行った。 ２．法令違反の事実関係 (１)　課徴金納付命令対象者（１）について 課徴金納付命令対象者（１）は、Ａ社の社員であったが、同社の社員らが、株式会社日本製鋼所（以下「日本製鋼所」という。）の子会社である日本製鋼所Ｍ＆Ｅ株式会社（以下「Ｍ＆Ｅ社」という。）とＡ社との間で締結した取引基本契約の履行に関し知った、Ｍ＆Ｅ社が製造及び販売していたタービン・発電機用ローターシャフト等の製品の一部で品質検査の数値の改ざんなどが判明した旨のＭ＆Ｅ社の運営、業務又は財産に関する重要な事実であって投資者の投資判断に著しい影響を及ぼす事実を、その職務に関し知りながら、上記重要事実の公表がされた令和４年５月９日より前の同年４月１５日から同月２８日までの間、自己の計算において、日本製鋼所株式合計１５００株を、売付価額合計５５４万６５００円で売り付けたものである。 違反行為事実の概要については、 別図 のとおり。 課徴金納付命令対象者（１）が行った上記の行為は、金融商品取引法第１７５条第１項に規定する「第１６６条第１項の規定に違反して、同条第１項に規定する売買等をした」行為に該当すると認められる。 (２)　課徴金納付命令対象者（２）について 課徴金納付命令対象者（２）は、Ｂ社の社員であったが、同社の社員らが、Ｍ＆Ｅ社とＢ社との間で締結した取引基本契約の履行に関し知った、Ｍ＆Ｅ社が製造及び販売していたタービン・発電機用ローターシャフト等の製品の一部で品質検査の数値の改ざんなどが判明した旨のＭ＆Ｅ社の運営、業務又は財産に関する重要な事実であって投資者の投資判断に著しい影響を及ぼす事実を、その職務に関し知りながら、上記重要事実の公表がされた令和４年５月９日より前の同年４月２０日から同年５月６日までの間、自己の計算において、日本製鋼所株式合計６００株を、売付価額合計２２０万６１００円で売り付けたものである。 違反行為事実の概要については、 別図 のとおり。 課徴金納付命令対象者（２）が行った上記の行為は、金融商品取引法第１７５条第１項に規定する「第１６６条第１項の規定に違反して、同条第１項に規定する売買等をした」行為に該当すると認められる。 (３)　課徴金納付命令対象者（３）について 課徴金納付命令対象者（３）は、Ｄ社の社員であったが、Ｃ社の社員及び役員らが、Ｍ＆Ｅ社とＣ社との間で締結していた取引基本契約の履行に関し知り、その後、Ｃ社の役員からＤ社役員が職務上伝達を受けた、Ｍ＆Ｅ社が製造及び販売していたタービン・発電機用ローターシャフト等の製品の一部で品質検査の数値の改ざんなどが判明した旨のＭ＆Ｅ社の運営、業務又は財産に関する重要な事実であって投資者の投資判断に著しい影響を及ぼす事実を、その職務に関し知りながら、上記重要事実の公表がされた令和４年５月９日より前の同月６日、自己の計算において、日本製鋼所株式合計２０００株を、売付価額合計７３３万５０００円で売り付けたものである。 違反行為事実の概要については、 別図 のとおり。 課徴金納付命令対象者（３）が行った上記の行為は、金融商品取引法第１７５条第１項に規定する「第１６６条第３項の規定に違反して、同条第１項に規定する売買等をした」行為に該当すると認められる。 ３．課徴金の額の計算 上記の違反行為に対し、金融商品取引法に基づき納付を命じられる課徴金の額は、下記のとおりである。 課徴金納付命令対象者（１）１８５万円 課徴金納付命令対象者（２）７２万円 課徴金納付命令対象者（３）２４１万円 計算方法の詳細については、 別紙 のとおり。 （クリックすると拡大されます）,1
2023-06-30,2021/12/06-2021/12/07,セルソース株式会社,4880,セルソース株式会社社員による内部者取引に対する課徴金納付命令の勧告について,https://www.fsa.go.jp/sesc/news/c_2023/2023/20230630-1.html,"English version 令和5年6月30日 証券取引等監視委員会 セルソース株式会社社員による内部者取引に対する課徴金納付命令の勧告について １．勧告の内容 証券取引等監視委員会は、セルソース株式会社社員による内部者取引について検査した結果、下記のとおり法令違反の事実が認められたので、本日、内閣総理大臣及び金融庁長官に対して、金融庁設置法第２０条第１項の規定に基づき、課徴金納付命令を発出するよう勧告を行った。 ２．法令違反の事実関係 課徴金納付命令対象者は、セルソース株式会社（以下「セルソース」という。）の社員であったが、その職務に関し、セルソースの令和２年１１月１日から令和３年１０月３１日までの事業年度の経常利益について、令和３年６月１４日に公表がされた直近の予想値（経常利益７億７１００万円）に比較して、同社が新たに算出した予想値（経常利益１０億６００万円）において、投資者の投資判断に及ぼす影響が重要なものとなる差異が生じた旨の重要事実を知りながら、同社において新たに算出した同事業年度の予想値の公表がされた令和３年１２月８日より前の同月６日から同月７日までの間、第三者名義の証券口座で自己の計算において、セルソース株式合計３００株を買付価額合計２０７万１０００円で買い付けたものである。 違反行為事実の概要については、 別図 のとおり。 課徴金納付命令対象者が行った上記の行為は、金融商品取引法第１７５条第１項に規定する「第１６６条第１項の規定に違反して、同条第１項に規定する売買等をした」行為に該当すると認められる。 ３．課徴金の額の計算 上記の違反行為に対し、金融商品取引法に基づき納付を命じられる課徴金の額は、４４万円である。 計算方法の詳細については、 別紙 のとおり。 （別図） ○違反行為事実の概要について （クリックすると拡大されます） （別紙） ○課徴金の額の計算方法について １．金融商品取引法第１７５条第１項第２号の規定により、当該有価証券の買付けについて、業務等に関する重要事実の公表がされた後２週間における最も高い価格（8,400円）に当該有価証券の買付けの数量を乗じて得た額から、当該有価証券の買付けをした価格にその数量を乗じて得た額を控除した額。 （8,400円×300株） －(6,850円×100株＋6,930円×200株） ＝449,000円 ２．金融商品取引法第１７６条第２項の規定により、上記１．で計算した額の１万円未満の端数を切捨て、 440,000円となる。",1
2023-03-28,2020/08/13-2020/08/28,株式会社ＢｕｙＳｅｌｌ　Ｔｅｃｈｎｏｌｏｇｉｅｓ,7685,株式会社ＢｕｙＳｅｌｌ　Ｔｅｃｈｎｏｌｏｇｉｅｓとの契約締結交渉者の代理人による内部者取引違反行為及び取引推奨違反行為に対する課徴金納付命令の勧告について,https://www.fsa.go.jp/sesc/news/c_2023/2023/20230328-1.html,"English version 令和５年３月28日 証券取引等監視委員会 株式会社ＢｕｙＳｅｌｌ　Ｔｅｃｈｎｏｌｏｇｉｅｓとの契約締結交渉者の代理人による内部者取引違反行為及び取引推奨違反行為に対する課徴金納付命令の勧告について １．勧告の内容 証券取引等監視委員会は、株式会社ＢｕｙＳｅｌｌ　Ｔｅｃｈｎｏｌｏｇｉｅｓとの契約締結交渉者の代理人による内部者取引及び取引推奨行為について検査した結果、下記のとおり法令違反の事実が認められたので、本日、内閣総理大臣及び金融庁長官に対して、金融庁設置法第２０条第１項の規定に基づき、課徴金納付命令を発出するよう勧告を行った。 ２．法令違反の事実関係 課徴金納付命令対象者は、株式会社ダイヤコーポレーション（以下「ダイヤコーポ」という。令和２年１０月３０日「株式会社タイムレス」に商号変更。）の代理人として、ダイヤコーポが、株式会社ＢｕｙＳｅｌｌ　Ｔｅｃｈｎｏｌｏｇｉｅｓ（以下「バイセル」という。）との間で行っていた株式交換契約の締結の交渉業務に従事していた者であるが、上記契約の締結の交渉に関し、バイセルの業務執行を決定する機関が、①ダイヤコーポの株式を取得して子会社化すること及び②バイセルを完全親会社とし、ダイヤコーポを完全子会社とする株式交換を行うことについての決定をした旨の重要事実を知りながら、 （１）違反行為事実Ａ 上記各事実の公表がされた令和２年８月２８日午後３時頃より前の同月１３日から同月２８日午前１０時１６分頃までの間、第三者名義の証券口座で自己の計算において、バイセル株式合計１４００株を買付価額合計３４０万４００円で買い付けたものである。 （２）違反行為事実Ｂ 遅くとも同月１１日までに、被推奨者に対し、上記各事実の公表がされる前にバイセル株式の買付けをさせることにより同人に利益を得させる目的をもって、同株式の買付けをすることを勧めたものである。 被推奨者は、上記各事実の公表がされた同月２８日より前の同月１３日、バイセル株式合計２００株を買付価額合計４４万５７００円で買い付けたものである。 違反行為事実の概要については、 別図 のとおり。 課徴金納付命令対象者が行った 上記（１）の行為は、金融商品取引法第１７５条第１項に規定する「第１６６条第１項の規定に違反して、同条第１項に規定する売買等をした」行為に該当すると認められる。 上記（２）の行為は、金融商品取引法第１７５条の２第１項に規定する「第１６７条の２第１項の規定に違反して、同項の伝達をし、又は同項の買付け等をすることを勧める」行為に該当すると認められる。 ３．課徴金の額の計算 上記の違反行為に対し、金融商品取引法に基づき納付を命じられる課徴金の額は、３０３万円である。 計算方法の詳細については、 別紙 のとおり。 （別図） ○違反行為事実の概要について （クリックすると拡大されます） （別紙） ○課徴金の額の計算方法について １．違反行為事実Ａに係る課徴金の額 （１）金融商品取引法第１７５条第１項第２号の規定により、当該有価証券の買付けについて、業務等に関する重要事実の公表がされた後２週間における最も高い価格（4,440円）に当該有価証券の買付けの数量を乗じて得た額から、当該有価証券の買付けをした価格にその数量を乗じて得た額を控除した額。 （4,440円×1,400株） －(2,153円×200株＋2,184円×200株＋2,335円×400株＋2,590円×200株＋2,700円×200株＋2,705円×200株） ＝2,815,600円 （２）金融商品取引法第１７６条第２項の規定により、上記（１）で計算した額の１万円未満の端数を切捨て、2,810,000円となる。 ２．違反行為事実Ｂに係る課徴金の額 （１）金融商品取引法第１７５条の２第１項第３号の規定により、当該違反行為により当該情報受領者等が行った当該買付けによって得た利得相当額に２分の１を乗じて得た額。 利得相当額とは、同条第３項第２号の規定により、情報受領者等が特定有価証券等の買付けをした場合、当該特定有価証券等の買付けについて、業務等に関する重要事実の公表がされた後２週間における最も高い価格（4,440円）に当該特定有価証券等の買付けの数量を乗じて得た額から、当該特定有価証券等の買付けをした価格にその数量を乗じて得た額を控除した額。 {(4,440円×200株） －(2,228円×100株＋2,229円×100株)}×1/2 ＝221,150円 （２）金融商品取引法第１７６条第２項の規定により、上記（１）で計算した額の１万円未満の端数を切捨て、220,000円となる。 ３．上記１．及び２．により算定した額の合計 2,810,000円＋220,000円＝3,030,000円となる。",1
2024-12-23,2024/01/29-2024/02/02,ＫＤＤＩ株式会社,9433,東京証券取引所社員が関与した内部者取引事件の告発について,https://www.fsa.go.jp/sesc/news/c_2024/2024/20241223-2.html,English version 令和６年１２月２３日 証券取引等監視委員会 東京証券取引所社員が関与した内部者取引事件の告発について 証券取引等監視委員会は、本日、金融商品取引法違反（内部者取引、情報伝達）の嫌疑で、嫌疑者２名を東京地方検察庁に告発した。告発の対象となった犯則事実については下記のとおり。 １．告発の対象となった犯則事実 犯則嫌疑者Ａは、株式会社東京証券取引所（以下「東京証券取引所」という。）上場部開示業務室に勤務していた同社の従業員であり、犯則嫌疑者Ｂは、Ａの実父であるが 第１　Ａは、令和６年１月２５日頃及び同月２６日頃、その職務に関し、東京証券取引所の従業員らが、ＫＤＤＩ株式会社（以下「ＫＤＤＩ」という。）が東京証券取引所と締結した株券上場契約の履行に関し知った、ＫＤＤＩの業務執行を決定する機関が、東京証券取引所が開設する有価証券市場に株券を上場していた株式会社ローソン（以下「ローソン」という。）の株券の公開買付けを行うことについての決定をした旨の公開買付けの実施に関する事実を知り、あらかじめローソンの株券を買い付けさせて利益を得させる目的をもって、同月２９日頃から同月３０日頃までの間に、Ｂに対し、同公開買付けの実施に関する事実を伝達したものであり、これにより伝達を受けた同人が、法定の除外事由がないのに、同公開買付けの実施に関する事実の公表前である同日から同年２月２日までの間、証券会社を介し、東京証券取引所等において、同人名義で、ローソンの株券合計１２００株を代金合計約１０２０万円で買い付け 第２　Ｂは、同年１月２９日頃から同月３０日頃までの間に、Ａから、同人がその職務に関し知った前記第１記載の公開買付けの実施に関する事実の伝達を受け、法定の除外事由がないのに、同公開買付けの実施に関する事実の公表前である同日から同年２月２日までの間、証券会社を介し、東京証券取引所等において、Ｂ名義で、ローソンの株券合計１２００株を代金合計約１０２０万円で買い付け 第３　Ａは、同年３月２５日頃、ヒューリック株式会社（以下「ヒューリック」という。）が東京証券取引所と締結した株券上場契約の履行に関し、ヒューリックの業務執行を決定する機関が、東京証券取引所が開設する有価証券市場に株券を上場していた株式会社リソー教育（以下「リソー教育」という。）の株券の公開買付けを行うことについての決定をした旨の公開買付けの実施に関する事実を知り、あらかじめリソー教育の株券を買い付けさせて利益を得させる目的をもって、同月２８日頃、Ｂに対し、同公開買付けの実施に関する事実を伝達したものであり、これにより伝達を受けた同人が、法定の除外事由がないのに、同公開買付けの実施に関する事実の公表前である同月２９日及び同年４月１日、証券会社を介し、東京証券取引所等において、同人名義で、リソー教育の株券合計１万１０００株を代金合計約２４４万円で買い付け 第４　Ｂは、同年３月２８日頃、Ａから、同人が同契約の履行に関し知った前記第３記載の公開買付けの実施に関する事実の伝達を受け、法定の除外事由がないのに、同公開買付けの実施に関する事実の公表前である同月２９日及び同年４月１日、証券会社を介し、東京証券取引所等において、Ｂ名義で、リソー教育の株券合計１万１０００株を代金合計約２４４万円で買い付け 第５　Ａは、同年３月２９日頃、その職務に関し、東京証券取引所の従業員らが、株式会社ＮＴＴデータ（以下「ＮＴＴデータ」という。）の親会社である株式会社ＮＴＴデータグループが東京証券取引所と締結した株券上場契約の履行に関し知った、ＮＴＴデータの業務執行を決定する機関が、東京証券取引所が開設する有価証券市場に株券を上場していた株式会社ジャステック（以下「ジャステック」という。）の株券の公開買付けを行うことについての決定をした旨の公開買付けの実施に関する事実を知り、あらかじめジャステックの株券を買い付けさせて利益を得させる目的をもって、同日頃、Ｂに対し、同公開買付けの実施に関する事実を伝達したものであり、これにより伝達を受けた同人が、法定の除外事由がないのに、同公開買付けの実施に関する事実の公表前である同日及び同年４月１日、証券会社を介し、東京証券取引所等において、同人名義で、ジャステックの株券合計３０００株を代金合計約４４２万円で買い付け 第６　Ｂは、同年３月２９日頃、Ａから、同人がその職務に関し知った前記第５記載の公開買付けの実施に関する事実の伝達を受け、法定の除外事由がないのに、同公開買付けの実施に関する事実の公表前である同日及び同年４月１日、証券会社を介し、東京証券取引所等において、Ｂ名義で、ジャステックの株券合計３０００株を代金合計約４４２万円で買い付け たものである。 ２．関連条文 金融商品取引法 第１、第３、第５　同法第１９７条の２第１５号、第１６７条の２第２項 第２、第６　　　　同法第１９７条の２第１３号、第１６７条第３項、 同条第１項第６号 第４　　　　　　　同法第１９７条の２第１３号、第１６７条第３項、 同条第１項第４号 法定刑：５年以下の懲役若しくは５００万円以下の罰金又はこれを併科,1
2024-09-13,2022/09/20-2022/09/21,株式会社ミンカブ・ジ・インフォノイド,4436,株式会社ミンカブ・ジ・インフォノイド役員からの情報受領者による内部者取引に対する課徴金納付命令の勧告について,https://www.fsa.go.jp/sesc/news/c_2024/2024/20240913-1.html,English version 令和6年9月13日 証券取引等監視委員会 株式会社ミンカブ・ジ・インフォノイド役員からの情報受領者による内部者取引に対する課徴金納付命令の勧告について １．勧告の内容 証券取引等監視委員会は、株式会社ミンカブ・ジ・インフォノイド役員からの情報受領者による内部者取引について検査した結果、下記のとおり法令違反の事実が認められたので、本日、内閣総理大臣及び金融庁長官に対して、金融庁設置法第２０条第１項の規定に基づき、課徴金納付命令を発出するよう勧告を行った。 ２．法令違反の事実関係 課徴金納付命令対象者は、株式会社ミンカブ・ジ・インフォノイド（以下「ミンカブ」という。）の役員であった者から、同人がその職務に関し知った、ミンカブの業務執行を決定する機関が、ＬＩＮＥ株式会社によって新たに設立される会社の全株式を取得し、同社をミンカブの完全子会社とすることについての決定をした旨の重要事実の伝達を受けながら、当該重要事実の公表がされた令和４年９月２８日より前の同月２０日及び同月２１日、ミンカブ株式合計１２００株を、自己の計算において、買付価額合計２３４万８１００円で買い付けたものである。 違反行為事実の概要については、 別図 のとおり。 課徴金納付命令対象者が行った上記の行為は、金融商品取引法第１７５条第１項に規定する「第１６６条第３項の規定に違反して、同条第１項に規定する売買等をした」行為に該当すると認められる。 ３．課徴金の額の計算 上記の違反行為に対し、金融商品取引法に基づき納付を命じられる課徴金の額は、３５万円である。 計算方法の詳細については、 別紙 のとおり。 （クリックすると拡大されます）,1
2024-06-04,2023/01/21-2023/01/31,Ａｂａｌａｎｃｅ株式会社,3856,Ａｂａｌａｎｃｅ株式会社株券に係る内部者取引事件の告発について,https://www.fsa.go.jp/sesc/news/c_2024/2024/20240604-1.html,English version 令和６年６月４日 証券取引等監視委員会 Ａｂａｌａｎｃｅ株式会社株券に係る内部者取引事件の告発について 証券取引等監視委員会は、本日、金融商品取引法違反（内部者取引）の嫌疑で、嫌疑者１名を東京地方検察庁に告発した。告発の対象となった犯則事実については下記のとおり。 １．告発の対象となった犯則事実 犯則嫌疑者は、東京証券取引所が開設する有価証券市場に株券を上場していたＡｂａｌａｎｃｅ株式会社（以下「Ａｂａｌａｎｃｅ」という。）の執行役員を務めていたものであるが、令和５年１月中旬頃、その職務に関し、太陽光パネルの製造販売等を営む子会社の業務執行を決定する機関が固定資産の取得を行うことについての決定をした旨の同社の業務等に関する重要事実を知り、法定の除外事由がないのに、同重要事実の公表前である同月下旬頃、証券会社を介し、東京証券取引所において、自己名義で、Ａｂａｌａｎｃｅの株券合計１万９４００株を代金合計約５３１６万円で買い付けたものである。 ２．関連条文 金融商品取引法 第１９７条の２第１３号、第１６６条第１項第１号、同条第２項第５号リ、同法施行令第２９条第３号 法定刑：５年以下の懲役若しくは５００万円以下の罰金又はこれを併科,1
2025-11-28,2023/10/30-2023/10/31,豊田合成株式会社,7282,豊田合成株式会社との契約締結者の従業員による内部者取引に対する課徴金納付命令の勧告について,https://www.fsa.go.jp/sesc/news/c_2025/2025/20251128-1.html,令和７年11月28日 証券取引等監視委員会 豊田合成株式会社との契約締結者の従業員による内部者取引に対する課徴金納付命令の勧告について １．勧告の内容 証券取引等監視委員会は、豊田合成株式会社との契約締結者の従業員による内部者取引について検査した結果、下記のとおり法令違反の事実が認められたので、本日、内閣総理大臣及び金融庁長官に対して、金融庁設置法第２０条第１項の規定に基づき、課徴金納付命令を発出するよう勧告を行った。 ２．法令違反の事実関係 課徴金納付命令対象者は、豊田合成株式会社（以下「豊田合成」という。）と業務委託契約を締結していたＡ社の従業員であった者であるが、豊田合成の業務執行を決定する機関が自己の株式の取得及び令和５年９月３０日を基準日とする剰余金の配当を行うことについての決定をした旨の重要事実並びに豊田合成の属する企業集団の令和５年４月１日から令和６年３月３１日までの事業年度の売上収益、親会社の所有者に帰属する当期利益並びに令和５年９月３０日及び令和６年３月３１日をそれぞれ基準日とする各剰余金の配当について、令和５年７月２８日に公表された直近の予想値に比較して、豊田合成が新たに算出した予想値又は当事業年度の決算において、投資者の投資判断に及ぼす影響が重要なものとして内閣府令で定める基準に該当する差異が生じた旨の重要事実を、上記業務委託契約の履行に関し知りながら、法定の除外事由がないのに、上記各重要事実の公表がされた令和５年１０月３１日午後２時２０分より前の同月３０日から翌３１日午前１１時１７分頃までの間、自己の計算において、豊田合成株式合計１４００株を買付価額合計４０８万３０００円で買い付けたものである。 違反行為事実の概要については、 別図 のとおり。 課徴金納付命令対象者が行った上記の行為は、金融商品取引法第１７５条第１項に規定する「第１６６条第１項の規定に違反して、同項に規定する売買等をした」行為に該当すると認められる。 ３．課徴金の額の計算 上記の違反行為に対し、金融商品取引法に基づき納付を命じられる課徴金の額は、5８万円である。 計算方法の詳細については、 別紙 のとおり。 ４．その他 本件については、日本取引所自主規制法人より提供された情報等を参考として、実態解明を行ったものである。 （クリックすると拡大されます）,1
2025-06-20,2024/01/30-2024/03/14,ＣＯＭ丸和ホールディングス株式会社,9090,公開買付者の従業員によるＣ＆Ｆロジホールディングス株式に係る公開買付けの実施に関する事実に係る伝達行為及び同従業員から伝達を受けた者による内部者取引に対する課徴金納付命令の勧告について,https://www.fsa.go.jp/sesc/news/c_2025/2025/20250620-2.html,English version 令和７年６月20日 証券取引等監視委員会 公開買付者の従業員によるＣ＆Ｆロジホールディングス株式に係る公開買付けの実施に関する事実に係る伝達行為及び同従業員から伝達を受けた者による内部者取引に対する課徴金納付命令の勧告について １．勧告の内容 証券取引等監視委員会は、 公開買付者の従業員によるＣ＆Ｆロジホールディングス株式に係る公開買付けの実施に関する事実に係る伝達行為及び同従業員から伝達を受けた者による 内部者取引について検査した結果、下記のとおり法令違反の事実が認められたので、本日、内閣総理大臣及び金融庁長官に対して、金融庁設置法第２０条第１項の規定に基づき、課徴金納付命令を発出するよう勧告を行った。 ２．法令違反の事実関係 （１）課徴金納付命令対象者（１）について 課徴金納付命令対象者（１）は、ＡＺ－ＣＯＭ丸和ホールディングス株式会社（以下「アズコム丸和」という。）の従業員であった者であるが、同社の業務執行を決定する機関が、株式会社Ｃ＆Ｆロジホールディングス（以下「Ｃ＆Ｆ」という。令和６年１０月９日上場廃止。 ）株式の公開買付けを行うことについての決定をした旨の公開買付けの実施に関する事実を、その職務に関し知りながら、知人の課徴金納付命令対象者（２）に対し、上記事実の公表がされる前にＣ＆Ｆ株式の買付けをさせることにより同人に利益を得させる目的をもって、伝達したものであり、これにより伝達を受けた同人が、法定の除外事由がないのに、上記事実が公表された令和６年３月２１日より前の同年１月３０日及び同年３月１４日、Ｃ＆Ｆ株式合計１０００株を買付価額合計１７９万７４００円で買い付けたものである。 違反行為事実の概要については、 別図 のとおり。 課徴金納付命令対象者（１）が行った上記の行為は、金融商品取引法第１７５条の２第２項に規定する「第１６７条の２第２項の規定に違反して、同項の伝達をし」た行為に該当すると認められる。 （２）課徴金納付命令対象者（２）について 課徴金納付命令対象者（２）は、アズコム丸和の従業員であった知人の課徴金納付命令対象者（１）から、同人がその職務に関し知った、同社の業務執行を決定する機関が、Ｃ＆Ｆ株式の公開買付けを行うことについての決定をした旨の公開買付けの実施に関する事実の伝達を受けながら、法定の除外事由がないのに、上記事実が公表された令和６年３月２１日より前の同年１月３０日及び同年３月１４日、Ｃ＆Ｆ株式合計１０００株を、自己の計算において、買付価額合計１７９万７４００円で買い付けたものである。 違反行為事実の概要については、 別図 のとおり。 課徴金納付命令対象者（２）が行った上記の行為は、金融商品取引法第１７５条第２項に規定する「第１６７条第３項の規定に違反して、同条第１項に規定する特定株券等若しくは関連株券等に係る買付け等をした」行為に該当すると認められる。 ３．課徴金の額の計算 上記の違反行為に対し、金融商品取引法に基づき納付を命じられる課徴金の額は、下記のとおりである。 課徴金納付命令対象者（１）　６８万円 課徴金納付命令対象者（２）１３６万円 計算方法の詳細については、 別紙 のとおり。 ４．その他 本件については、日本取引所自主規制法人より提供された情報等を参考として、実態解明を行ったものである。 （クリックすると拡大されます）,1
2025-06-27,2023/06/09-2023/08/21,株式会社ヨシムラ・フード・ホールディングス,2884,株式会社ヨシムラ・フード・ホールディングスとの契約締結交渉者から伝達を受けた者４名による内部者取引に対する課徴金納付命令の勧告について,https://www.fsa.go.jp/sesc/news/c_2025/2025/20250627-1.html,English version 令和７年６月27日 証券取引等監視委員会 株式会社ヨシムラ・フード・ホールディングスとの契約締結交渉者から伝達を受けた者４名による内部者取引に対する課徴金納付命令の勧告について １．勧告の内容 証券取引等監視委員会は、 株式会社ヨシムラ・フード・ホールディングスとの契約締結交渉者から伝達を受けた者４名による内部者取引 について検査した結果、下記のとおり法令違反の事実が認められたので、本日、内閣総理大臣及び金融庁長官に対して、金融庁設置法第２０条第１項の規定に基づき、課徴金納付命令を発出するよう勧告を行った。 ２．法令違反の事実関係 （１）課徴金納付命令対象者（１）について 課徴金納付命令対象者（１）は、株式会社ヨシムラ・フード・ホールディングス（以下「ヨシムラＦＨＤ」という。）との間で株式譲渡契約の締結の交渉をしていた契約締結交渉者甲から、同人が同契約の締結又は交渉に関し知った、ヨシムラＦＨＤの業務執行を決定する機関が、子会社の異動を伴う株式会社ワイエスフーズ（以下「ワイエスフーズ」という。）の株式の取得をすることについての決定をした旨の重要事実の伝達を受けながら、法定の除外事由がないのに、同重要事実の公表がされた令和５年８月２９日より前の同年６月１２日、ヨシムラＦＨＤ株式合計１万株を、自己の計算において、買付価額合計８８４万９８００円で買い付けたものである。 違反行為事実の概要については、 別図 のとおり。 課徴金納付命令対象者（１）が行った上記の行為は、金融商品取引法第１７５条第１項に規定する「第１６６条第３項の規定に違反して、同条第１項に規定する売買等をした」行為に該当すると認められる。 （２）課徴金納付命令対象者（２）について 課徴金納付命令対象者（２）は、ヨシムラＦＨＤとの間で株式譲渡契約の締結の交渉をしていた契約締結交渉者甲から、同人が同契約の締結又は交渉に関し知った、ヨシムラＦＨＤの業務執行を決定する機関が、子会社の異動を伴うワイエスフーズの株式の取得をすることについての決定をした旨の重要事実の伝達を受けながら、法定の除外事由がないのに、同重要事実の公表がされた令和５年８月２９日より前の同年７月２０日、知人である課徴金納付命令対象者（１）名義で、ヨシムラＦＨＤ株式合計４３００株を、自己の計算において、買付価額合計４９４万１９００円で買い付けたものである。 違反行為事実の概要については、 別図 のとおり。 課徴金納付命令対象者（２）が行った上記の行為は、金融商品取引法第１７５条第１項に規定する「第１６６条第３項の規定に違反して、同条第１項に規定する売買等をした」行為に該当すると認められる。 （３）課徴金納付命令対象者（３）について 課徴金納付命令対象者（３）は、ヨシムラＦＨＤとの間で株式譲渡契約の締結の交渉をしていた契約締結交渉者甲から、同人が同契約の締結又は交渉に関し知った、ヨシムラＦＨＤの業務執行を決定する機関が、子会社の異動を伴うワイエスフーズの株式の取得をすることについての決定をした旨の重要事実の伝達を受けながら、法定の除外事由がないのに、同重要事実の公表がされた令和５年８月２９日より前の同年６月９日から 同年７月２１日までの間、ヨシムラＦＨＤ株式合計１万５０００株を、自己の計算において、買付価額合計１３７０万５９００円で買い付けたものである。 違反行為事実の概要については、 別図 のとおり。 課徴金納付命令対象者（３）が行った上記の行為は、金融商品取引法第１７５条第１項に規定する「第１６６条第３項の規定に違反して、同条第１項に規定する売買等をした」行為に該当すると認められる。 （４）課徴金納付命令対象者（４）について 課徴金納付命令対象者（４）は、ヨシムラＦＨＤとの間で株式譲渡契約の締結の交渉をしていた契約締結交渉者甲から、同人が同契約の締結又は交渉に関し知った、ヨシムラＦＨＤの業務執行を決定する機関が、子会社の異動を伴うワイエスフーズの株式の取得をすることについての決定をした旨の重要事実の伝達を受けながら、法定の除外事由がないのに、同重要事実の公表がされた令和５年８月２９日より前の同月１８日から同月２１日までの間、ヨシムラＦＨＤ株式合計３４００株を、自己の計算において、買付価額合計３８６万３７１０円で買い付けたものである。 違反行為事実の概要については、 別図 のとおり。 課徴金納付命令対象者（４）が行った上記の行為は、金融商品取引法第１７５条第１項に規定する「第１６６条第３項の規定に違反して、同条第１項に規定する売買等をした」行為に該当すると認められる。 ３．課徴金の額の計算 上記の違反行為に対し、金融商品取引法に基づき納付を命じられる課徴金の額は、下記のとおりである。 課徴金納付命令対象者（１）　５７９万円 課徴金納付命令対象者（２）　１３５万円 課徴金納付命令対象者（３）　８２５万円 課徴金納付命令対象者（４）　１１１万円 計算方法の詳細については、 別紙 のとおり。 ４．その他 契約締結交渉者甲については、令和７年１月２９日、ヨシムラＦＨＤ株式に係る内部者取引及び課徴金納付命令対象者（１）、（２）及び（４）に対する情報伝達につき、金融商品取引法違反の嫌疑で、札幌地方検察庁に告発済みである。 （クリックすると拡大されます）,1
2025-05-30,2023/03/02-2023/03/16,大成建設株式会社,1801,大成建設株式会社従業員４名及び同社との契約締結者からの情報受領者による内部者取引に対する課徴金納付命令の勧告について,https://www.fsa.go.jp/sesc/news/c_2025/2025/20250530-1.html,English version 令和７年５月30日 証券取引等監視委員会 大成建設株式会社従業員４名及び同社との契約締結者からの情報受領者による内部者取引に対する課徴金納付命令の勧告について １．勧告の内容 証券取引等監視委員会は、大成建設株式会社従業員４名及び同社との契約締結者からの情報受領者による内部者取引について検査した結果、下記のとおり法令違反の事実が認められたので、本日、内閣総理大臣及び金融庁長官に対して、金融庁設置法第２０条第１項の規定に基づき、課徴金納付命令を発出するよう勧告を行った。 ２．法令違反の事実関係 （１）課徴金納付命令対象者（１）について 課徴金納付命令対象者（１）は、大成建設株式会社（以下「大成建設」という。）の従業員であったが、北海道札幌市内で大成建設が施工中の高層ビル（以下「本件ビル」という。）建築工事に関し、大成建設において、①発注者との間で定めた品質基準を満たさない鉄骨建方等の精度不良を生じさせた旨、②工事監理者に対して同精度不良に係る鉄骨精度計測値の虚偽報告を行っていた旨及び③上記①及び②の事実を受けて同精度不良の是正措置として建築途中の本件ビルの地上部分の全部を解体して再建築する計画を定めた旨の大成建設の運営、業務又は財産に関する重要な事実であって投資者の投資判断に著しい影響を及ぼす事実を、その職務に関し知りながら、法定の除外事由がないのに、上記重要事実の公表がされた令和５年３月１６日より前の同月２日、大成建設株式合計９００株を、自己の計算において、売付価額合計４０１万６０００円で売り付けたものである。 違反行為事実の概要については、 別図 のとおり。 課徴金納付命令対象者（１）が行った上記の行為は、金融商品取引法第１７５条第１項に規定する「第１６６条第１項の規定に違反して、同項に規定する売買等をした」行為に該当すると認められる。 （２）課徴金納付命令対象者（２）について 課徴金納付命令対象者（２）は、大成建設の従業員であったが、北海道札幌市内で大成建設が施工中の高層ビル建築工事に関し、大成建設において、①発注者との間で定めた品質基準を満たさない鉄骨建方等の精度不良を生じさせた旨、②工事監理者に対して同精度不良に係る鉄骨精度計測値の虚偽報告を行っていた旨及び③上記①及び②の事実を受けて同精度不良の是正措置として建築途中の本件ビルの地上部分の全部を解体して再建築する計画を定めた旨の大成建設の運営、業務又は財産に関する重要な事実であって投資者の投資判断に著しい影響を及ぼす事実を、その職務に関し知りながら、法定の除外事由がないのに、上記重要事実の公表がされた令和５年３月１６日より前の同月７日、大成建設株式合計１００株を、自己の計算において、売付価額合計４５万８０００円で売り付けたものである。 違反行為事実の概要については、 別図 のとおり。 課徴金納付命令対象者（２）が行った上記の行為は、金融商品取引法第１７５条第１項に規定する「第１６６条第１項の規定に違反して、同項に規定する売買等をした」行為に該当すると認められる。 （３）課徴金納付命令対象者（３）について 課徴金納付命令対象者（３）は、大成建設の従業員であったが、北海道札幌市内で大成建設が施工中の高層ビル建築工事に関し、大成建設において、①発注者との間で定めた品質基準を満たさない鉄骨建方等の精度不良を生じさせた旨、②工事監理者に対して同精度不良に係る鉄骨精度計測値の虚偽報告を行っていた旨及び③上記①及び②の事実を受けて同精度不良の是正措置として建築途中の本件ビルの地上部分の全部を解体して再建築する計画を定めた旨の大成建設の運営、業務又は財産に関する重要な事実であって投資者の投資判断に著しい影響を及ぼす事実を、その職務に関し知りながら、法定の除外事由がないのに、上記重要事実の公表がされた令和５年３月１６日より前の同月６日から同月７日にかけて、大成建設株式合計２００株を、自己の計算において、売付価額合計９１万３５００円で売り付けたものである。 違反行為事実の概要については、 別図 のとおり。 課徴金納付命令対象者（３）が行った上記の行為は、金融商品取引法第１７５条第１項に規定する「第１６６条第１項の規定に違反して、同項に規定する売買等をした」行為に該当すると認められる。 （４）課徴金納付命令対象者（４）について 課徴金納付命令対象者（４）は、大成建設の従業員であったが、北海道札幌市内で大成建設が施工中の高層ビル建築工事に関し、大成建設において、①発注者との間で定めた品質基準を満たさない鉄骨建方等の精度不良を生じさせた旨、②工事監理者に対して同精度不良に係る鉄骨精度計測値の虚偽報告を行っていた旨及び③上記①及び②の事実を受けて同精度不良の是正措置として建築途中の本件ビルの地上部分の全部を解体して再建築する計画を定めた旨の大成建設の運営、業務又は財産に関する重要な事実であって投資者の投資判断に著しい影響を及ぼす事実を、その職務に関し知りながら、法定の除外事由がないのに、上記重要事実の公表がされた令和５年３月１６日午後３時頃より前の同日午後１時１１分頃、大成建設株式合計９００株を、自己の計算において、売付価額合計３９８万７０００円で売り付けたものである。 違反行為事実の概要については、 別図 のとおり。 課徴金納付命令対象者（４）が行った上記の行為は、金融商品取引法第１７５条第１項に規定する「第１６６条第１項の規定に違反して、同項に規定する売買等をした」行為に該当すると認められる。 （５）課徴金納付命令対象者（５）について 課徴金納付命令対象者（５）は、Ａ社の従業員であったが、大成建設と本件ビルの建築工事請負契約を締結していたエヌ・ティ・ティ都市開発株式会社（以下「ＮＴＴ都市開発」という。）の従業員であった甲が、同契約の履行に関して知り、その後、ＮＴＴ都市開発の従業員であった乙らが、その職務に関して知り、ＮＴＴ都市開発と本件ビルの一室に係る賃貸借予約契約を締結していたＡ社の従業員であった丙が職務上伝達を受けた、北海道札幌市内で大成建設が施工中の高層ビル建築工事に関し、大成建設において、①発注者との間で定めた品質基準を満たさない鉄骨建方等の精度不良を生じさせた旨、②工事監理者に対して同精度不良に係る鉄骨精度計測値の虚偽報告を行っていた旨及び③上記①及び②の事実を受けて同精度不良の是正措置として建築途中の本件ビルの地上部分の全部を解体して再建築する計画を定めた旨の大成建設の運営、業務又は財産に関する重要な事実であって投資者の投資判断に著しい影響を及ぼす事実を、その職務に関し知りながら、法定の除外事由がないのに、上記重要事実の公表がされた令和５年３月１６日より前の同月８日から同月１４日にかけて、大成建設株式合計２２００株を、自己の計算において、売付価額合計１００８万３０００円で売り付けたものである。 違反行為事実の概要については、 別図 のとおり。 課徴金納付命令対象者（５）が行った上記の行為は、金融商品取引法第１７５条第１項に規定する「第１６６条第３項の規定に違反して、同条第１項に規定する売買等をした」行為に該当すると認められる。 ３．課徴金の額の計算 上記の違反行為に対し、金融商品取引法に基づき納付を命じられる課徴金の額は、下記のとおりである。 課徴金納付命令対象者（１）　６０万円 課徴金納付命令対象者（２）　　７万円 課徴金納付命令対象者（３）　１５万円 課徴金納付命令対象者（４）　５７万円 課徴金納付命令対象者（５）１７３万円 計算方法の詳細については、 別紙 のとおり。 ４．その他 本件については、日本取引所自主規制法人より提供された情報等を参考として、実態解明を行ったものである。 （クリックすると拡大されます）,1
2025-03-24,2022/12/21-2024/08/10,信託銀行,1540,信託銀行社員による内部者取引事件の告発について,https://www.fsa.go.jp/sesc/news/c_2025/2025/20250324-1.html,English version 令和７年３月２４日 証券取引等監視委員会 信託銀行社員による内部者取引事件の告発について 証券取引等監視委員会は、本日、金融商品取引法違反（内部者取引）の嫌疑で、嫌疑者１名を東京地方検察庁に告発した。告発の対象となった犯則事実については下記のとおり。 １．告発の対象となった犯則事実 犯則嫌疑者は、三井住友信託銀行株式会社（以下「三井住友信託銀行」という。）に勤務し、証券代行部門の管理職として、顧客等の上場会社等に係るインサイダー情報の管理業務等に従事していたものであるが 第１　令和４年１２月下旬頃、その職務に関し、株式会社東京証券取引所（以下「東京証券取引所」という。）が開設する有価証券市場に株券を上場していた株式会社カッシーナ・イクスシー（以下「カッシーナ」という。）の役職員がその職務に関し株式会社ユニマットライフ（以下「ユニマットライフ」という。）からの伝達により知り、三井住友信託銀行証券代行部門の社員が職務上同役職員から伝達を受けた、ユニマットライフの業務執行を決定する機関がカッシーナの株券の公開買付けを行うことについての決定をした旨の公開買付けの実施に関する事実を知り、法定の除外事由がないのに、同公開買付けの実施に関する事実の公表前である同月下旬から令和５年２月上旬までの間、証券会社を介し、東京証券取引所等において、自己名義で、カッシーナの株券合計９５００株を代金合計約８８０万円で買い付け 第２　同年１０月下旬頃、その職務に関し、東京証券取引所が開設する有価証券市場に株券を上場していた株式会社サンウッド（以下「サンウッド」という。）の役職員がその職務に関し京王電鉄株式会社（以下「京王電鉄」という。）からの伝達により知り、三井住友信託銀行証券代行部門の社員が職務上同役職員から伝達を受けた、京王電鉄の業務執行を決定する機関がサンウッドの株券の公開買付けを行うことについての決定をした旨の公開買付けの実施に関する事実を知り、法定の除外事由がないのに、同公開買付けの実施に関する事実の公表前である同月下旬から同年１１月上旬までの間、証券会社を介し、東京証券取引所において、自己名義で、サンウッドの株券合計３９００株を代金合計約３１０万円で買い付け 第３　令和６年７月下旬頃、その職務に関し、東京証券取引所が開設する有価証券市場に株券を上場していた株式会社ＪＴＯＷＥＲ（以下「ＪＴＯＷＥＲ」という。）の役職員がその職務に関しディービーピラミッドホールディングスエルエルシー（以下「ディービー」という。）からの伝達により知り、三井住友信託銀行証券代行部門の社員が職務上同役職員から伝達を受けた、ディービーの業務執行を決定する機関がＪＴＯＷＥＲの株券の公開買付けを行うことについての決定をした旨の公開買付けの実施に関する事実を知り、法定の除外事由がないのに、同公開買付けの実施に関する事実の公表前である同月下旬から同年８月上旬までの間、証券会社を介し、東京証券取引所等において、自己名義で、ＪＴＯＷＥＲの株券合計１万２５００株を代金合計約２０００万円で買い付け たものである。 ２．関連条文 金融商品取引法 第１９７条の２第１３号、第１６７条第３項、同条第１項第５号 法定刑：５年以下の懲役若しくは５００万円以下の罰金又はこれを併科,1
2025-03-11,,株式会社,1301,株式会社オウケイウェイヴ株券に係る内部者取引事件の告発について,https://www.fsa.go.jp/sesc/news/c_2025/2025/20250311-1.html,English version 令和７年３月１１日 証券取引等監視委員会 株式会社オウケイウェイヴ株券に係る内部者取引事件の告発について 証券取引等監視委員会は、本日、金融商品取引法違反（内部者取引）の嫌疑で、嫌疑者１名を東京地方検察庁に告発した。告発の対象となった犯則事実については下記のとおり。 １．告発の対象となった犯則事実 犯則嫌疑者は、株式会社エムズ・コンサルティング（以下「エムズ」という。）の代表取締役を務めていたものであるが、令和４年４月中旬頃、名古屋証券取引所が開設する有価証券市場に株券を上場していた株式会社オウケイウェイヴ（以下「オウケイウェイヴ」という。）がエムズと締結していた財務アドバイザリー契約の履行に関し、オウケイウェイヴの資金運用委託先に対する預託金及びその運用益に係る合計約４９億円の払戻請求権について債務の不履行のおそれが生じた旨のオウケイウェイヴに係る業務等に関する重要事実を知り、あらかじめオウケイウェイヴの株券を売り付けて損失を回避しようと考え、法定の除外事由がないのに、同事実の公表前である同月中旬頃、証券会社を介し、名古屋証券取引所において、海外法人２社名義のオウケイウェイヴ株券合計１１万株を代金合計約３４００万円で売り付けたものである。 ２．関連条文 金融商品取引法 同法第１９７条の２第１３号、第１６６条第１項第４号、同条第２項第２号二、同法施行令第２８条の２第８号 法定刑：５年以下の懲役若しくは５００万円以下の罰金又はこれを併科,1
2025-02-28,,清水建設株式会社,1803,公開買付者との契約締結交渉者の職員から伝達を受けた者による日本道路株式に係る内部者取引に対する課徴金納付命令の勧告について,https://www.fsa.go.jp/sesc/news/c_2025/2025/20250228-1.html,English version 令和７年２月28日 証券取引等監視委員会 公開買付者との契約締結交渉者の職員から伝達を受けた者による日本道路株式に係る内部者取引に対する課徴金納付命令の勧告について １．勧告の内容 証券取引等監視委員会は、公開買付者との契約締結交渉者の職員から伝達を受けた者による日本道路株式に係る内部者取引について検査した結果、下記のとおり法令違反の事実が認められたので、本日、内閣総理大臣及び金融庁長官に対して、金融庁設置法第２０条第１項の規定に基づき、課徴金納付命令を発出するよう勧告を行った。 ２．法令違反の事実関係 課徴金納付命令対象者は、清水建設株式会社（以下「清水建設」という。）による業務委託契約の締結の交渉先の職員であった親族甲から、同人が同交渉に関し知った、清水建設の業務執行を決定する機関が、日本道路株式会社（以下「日本道路」という。）株式の公開買付けを行うことについての決定をした旨の公開買付けの実施に関する事実の伝達を受けながら、法定の除外事由がないのに、当該公開買付けの公表がされた令和４年２月９日より前の令和３年１１月８日から令和４年１月１１日までの間、自己名義及び親族名義で、自己の計算において、日本道路株式合計４７００株を買付価額合計３８２６万９０００円で買い付けたものである。 違反行為事実の概要については、 別図 のとおり。 課徴金納付命令対象者が行った上記の行為は、金融商品取引法第１７５条第２項に規定する「第１６７条第３項の規定に違反して、同条第１項に規定する特定株券等若しくは関連株券等に係る買付け等をした」行為に該当すると認められる。 ３．課徴金の額の計算 上記の違反行為に対し、金融商品取引法に基づき納付を命じられる課徴金の額は、８４０万円である。 計算方法の詳細については、 別紙 のとおり。 ４．その他 本件については、日本取引所自主規制法人より提供された情報等を参考として、実態解明を行ったものである。 （クリックすると拡大されます）,1
2025-01-17,2020/03/11-2020/03/26,株式会社出前館,2484,株式会社出前館との契約締結交渉者の従業員から伝達を受けた海外居住者による内部者取引に対する課徴金納付命令の勧告について,https://www.fsa.go.jp/sesc/news/c_2025/2025/20250117-1.html,English version 令和７年１月17日 証券取引等監視委員会 株式会社出前館との契約締結交渉者の従業員から伝達を受けた海外居住者による内部者取引に対する課徴金納付命令の勧告について １．勧告の内容 証券取引等監視委員会は、 株式会社 出前館 との契約締結交渉者の 従業員 から伝達を受けた 海外居住 者 による内部者取引 について検査した結果、下記のとおり 法令違反の事実が認められたので、本日、内閣総理大臣及び金融庁長官に対して、金融庁設置法第２０条第１項の規定に基づき、課徴金納付命令を発出するよう勧告を行った。 ２．法令違反の事実関係 課徴金納付命令対象者（大韓民国居住）は、株式会社出前館（以下「出前館」という。）と株式引受契約等の締結の交渉をしていたＬＩＮＥ株式会社（現ＬＩＮＥヤフー株式会社）の従業員であった者から、同人が同契約等の締結の交渉に関し知った、出前館の業務執行を決定する機関が、同社の発行する株式を引き受ける者の募集を行うことについての決定をした旨の重要事実の伝達を受けながら、法定の除外事由がないのに、当該重要事実の公表がされた令和２年３月２６日午後４時５３分頃より前の同月１１日から同月２６日午前９時５０分頃までの間、親族名義で、自己及び親族の計算において、出前館株式合計1万６６００株を買付価額合計１１０８万６３００円で買い付けたものである。 違反行為事実の概要については、 下記概要図 のとおり。 課徴金納付命令対象者が行った上記の行為は、金融商品取引法第１７５条第１項及び第１０項の規定により、「第１６６条第３項の規定に違反して、同条第１項に規定する売買等をした」行為に該当すると認められる。 ３．課徴金の額の計算 上記の違法行為について金融商品取引法に基づき算定される課徴金の額は、１４６４万円である。 計算方法の詳細については、 別紙 のとおり。 ４．その他 本件については、香港、大韓民国、シンガポール、タイ、アメリカの各金融規制当局（Hong Kong Securities and Futures Commission、Korea Financial Services Commission/Financial Supervisory Service、Monetary Authority of Singapore、Securities and Exchange Commission of Thailand、United States Securities and Exchange Commission）から支援を受けている。 また、日本取引所自主規制法人から提供された情報等も参考として、実態解明を行ったものである。 （ 概要図）,1
