date,stock_name,stock_code,title,link,content,class
1998-10-01,大手証券会社,,証券取引等監視委員会の事務処理状況の公表について,https://www.fsa.go.jp/sesc/reports/n_09/n_09.html,平成９年度版年次公表 証券取引等監視委員会の事務処理状況の公表について 平成１０年１０月１日 証券取引等監視委員会 １．事務処理状況の公表 証券取引等監視委員会の活動状況については、金融監督庁設置法第21条の規定に基づき、公表することとされており、本年は、平成９年７月１日から10年６月30日までの期間における事務の処理状況を10月１日に「証券取引等監視委員会の活動状況」として公表した。 本公表は、平成４年７月に委員会が発足後、６回目となる。 なお、本年６月22日に金融監督庁が発足したが、証券取引等監視委員会は、従来の体制のまま同庁に移管された。 ２．全般的な評価 一般的には、ルール遵守の重要性の認識が深まりつつあると思われるものの、一方で、証券会社及びその役職員による損失補てん行為が、依然として繰り返されているなど、証券会社等及びその役職員の法令遵守意識が十分とは言いがたい。今後、金融システム改革の本格化に伴い、市場監視機能は一層重要になるものと予想され、委員会の果たす役割もますます重要となることから、与えられた権限を最大限に活用し、その責務を果たしていきたい。 ３．概要 (1) 犯則事件の調査・告発 犯則事件の調査については、大手証券会社による損失補てんの事実につき５件、山一証券の有価証券報告書の虚偽記載の事実につき１件、トーソク株式にかかる内部者取引の事実につき１件、計７件を証取法違反に該当するとして告発を行った（年間７件は過去最高）。その概要は次のとおりである。 ○ 大手証券会社による損失補てん事件 いわゆる総会屋等との間で取引一任勘定取引の契約を締結した上で、数年にわたり取引の受託、執行を行い、これらの中で生じた損失を補てん、或いは利益を追加するため、多額の財産上の利益を提供していることが判明した。 ○ 山一証券に係るいわゆる「とばし」事件 山一証券は、国内顧客に対する損失補てん等により発生した損失について、含み損のある公社債を自社の海外現地法人に疎開させる方法により、当期未処理損失を過少又は当期未処分利益を過大に記載した有価証券報告書を提出した。 ○ その他 トーソク(株)株式に係るインサイダー取引 (2) 大蔵大臣に対する勧告 委員会は、上記の結果に基づき、大手証券会社のいわゆる総会屋等に対する損失補てん及び山一証券の有価証券報告書の虚偽記載に対して、行政処分及びその他の適切な措置を講ずるよう大蔵大臣に勧告した。 (3) 犯則事件調査等の結果に基づく建議 大手証券会社による損失補てん事件について、犯則事件の調査等を行った結果、法令遵守のための内部管理に関して問題点が認められたので、平成９年12月24日、次の点について必要かつ適切な措置を講ずるよう大蔵大臣に対して建議を行った。 ○ 委託注文と自己の計算による取引の区分の制度化等 ○ 法令遵守のための内部管理体制の充実・強化 (4) 検査 検査については、本事務年度中に国内証券会社72社、外国証券会社７社、金融先物取引業者１機関、自主規制機関１機関に対して検査に着手した。 本事務年度において検査が終了したものは、前期繰越分を含め、国内証券会社87社、外国証券会社９社10支店、証券業務の認可を受けた金融機関１機関となっている（合計97社）。このうち74社に問題点が認められ（問題点の割合76.3％）、うち73社は取引ルール違反の問題が認められた。 (5) 大蔵大臣に対する勧告及び措置報告 大蔵大臣に対して、犯則事件の調査及び検査結果に基づいて重大な法令違反として40件の勧告を行った（年間40件は過去最高）。うち１件は検査及び犯則事件の調査の結果に基づくもので、残り39件のうち検査結果に基づくものが35件、犯則事件の調査結果に基づくものが４件である。事案の内容別内訳は次のとおり。 会社 個人 ○ 損失補てん ６社 37人 ○ 取引一任勘定取引の契約を締結する行為 ６社 27人 ○ 投機的利益の追求を目的とした有価証券の売買取引 － 11人 ○ 向い呑み及び呑行為 ５社 ３人 ○ 取引報告書の不交付又は虚偽の取引報告書の交付 １社 ３人 ○ 作為的相場を形成させるべき売買又はそれを知りながら受託 １社 ２人 ○ 有価証券報告書の虚偽記載 １社 ３人 ○ 損失の負担を約した勧誘 ２社 ５人 ○ 特別の利益を提供することを約した勧誘 １社 ４人 ○ その他 ２社 ２人 (6) 取引審査 本事務年度中に行った審査件数は、価格形成に関するもの 124件、内部者取引に関するもの59件、その他風説の流布等の観点からのもの20件、計 203件となっている。 ○ 価格形成に関する審査 株価が急騰・急落するなど不自然な動きをしたもの、株価が一定水準に固定されていると認められた銘柄を中心に審査。 ○ 内部者取引に関する審査 会社更生手続き開始の申立て、業績予想の下方修正、上場等の廃止、手形の不渡りなど投資者の投資判断に著しい影響を及ぼすと思われる情報を公開することにより、株価が大きく変動したものを中心に審査。 ○ その他風説の流布等の審査 各種情報により株価が大きく変動したと思われる銘柄を中心に審査。 「証券取引等監視委員会の活動状況」の閲覧等 ・閲覧場所 監視委員会事務局、大蔵省各財務（支）局、財務事務所等 ・官報掲載 平成10年10月８日（号外）掲載 「委員会の活動状況」（一覧表） へ　 (PDF/6.2KB） 「証券取引等監視委員会の活動状況」の本文 へ,1
1999-11-12,コスモ証券株式会社,,コスモ証券株式会社に対する検査結果に基づく勧告について,https://www.fsa.go.jp/sesc/news/c_1999/1999/19991112-2.html,コスモ証券株式会社に対する検査結果に基づく勧告について 平成１１年１１月１２日 証券取引等監視委員会 １．勧告の内容 証券取引等監視委員会は、コスモ証券株式会社（大阪市中央区今橋、資本金３２４億円、役職員約１千名）を検査した結果、下記のとおり法令違反の事実が認められたので、本日、金融再生委員会及び金融監督庁長官に対して、金融再生委員会設置法第２９条第１項の規定に基づき、行政処分及びその他の適切な措置を講ずるよう勧告した。 ２．事実関係 ○　法人関係情報に係る不公正取引の防止上不十分な有価証券の売買に関する管理の状況 コスモ証券(株)は、当社役員の当社の株式等の売買について、当社に係る法人関係情報の有無及び当該役員の法人関係情報保有の有無を確認せず、役員の自己取引に承認を与えており、役員の有価証券の売買に関する管理の状況が、当社の法人関係情報に係る不公正な取引の防止上十分ではない。 上記の管理の状況は、証券取引法第４３条第２号に基づく証券会社の行為規制等に関する命令第１０条第４号に規定する「顧客の有価証券の売買に関する管理の状況が法人関係情報に係る不公正な取引の防止上十分でないと認められる状況」に該当すると認められる。 なお、上記のほか、当該会社の役員が、インサイダー取引を行っていたので、適切な措置を講ずるよう併せて勧告した。,1
1999-10-08,,,証券取引等監視委員会の事務処理状況の公表について,https://www.fsa.go.jp/sesc/reports/n_10/n_10.html,平成10年度版年次公表 証券取引等監視委員会の事務処理状況の公表について 平成11年10月８日 証券取引等監視委員会 １．事務処理状況の公表 証券取引等監視委員会の活動状況については、金融再生委員会設置法第32条の規定に基づき、公表することとされており、本年は、平成10年７月１日から11年６月30日までの期間における事務の処理状況を10月８日に「証券取引等監視委員会の活動状況」として公表した。 本公表は、平成４年７月に委員会が発足後、７回目となる。 なお、昨年12月15日に金融再生委員会が発足したが、証券取引等監視委員会は、金融監督庁とともに、従来の体制のまま金融再生委員会に移管された。 ２．全般的な評価 一般的には、ルール遵守の重要性の認識が深まりつつあると思われるものの、未だ十分であるとは認めがたい面がある。本公表期間においても、取引一任勘定取引の契約、投機的利益の追求を目的とした役職員の有価証券売買など法令違反行為のほか、証券会社の営業姿勢や内部管理体制に関する問題点も多数認められた。証券会社の役職員は法令遵守の重要性を強く認識し、公正な業務遂行にむけて一層努力する必要がある。 現在、金融システムの抜本的な改革が進行していく状況の下で、日本の証券市場や金融先物市場が市場参加者の信頼を確保するためには、監視委員会が適切にその責務を果していくとともに、その活動が正確に関係者に理解されていくことが重要である。 ３．概要 (1) 犯則事件の調査・告発 犯則事件の調査については、内部者取引の事実につき４件、相場操縦の事実につき１件、有価証券報告書の虚偽記載の事実につき１件、計６件を証取法違反の罪に該当するとして告発を行った。その概要は次のとおりである。 ○ 大都工業、日本エム・アイ・シー、トーア・スチール事件（内部者取引） 大都工業(株)の会社更生法の手続開始、日本エム・アイ・シー(株)とインテック(株)の合併及びトーア・スチール(株)の解散に係る重要事実の公表前に、会社関係者が損失を回避又は利益を得る目的で当該株式の売買を行った。 ○ 昭和化学工業事件（相場操縦） (株)フレックスの実質的な代表者である専務取締役及び同社職員は、昭和化学工業株式を仮名口座を用いて、同社株式の売買取引を誘引する目的で、売買取引を繁盛であると誤解させ、かつ、同社株式の相場を変動させるべき一連の売買取引を行った。 ○ 日本長期信用銀行事件（有価証券報告書虚偽記載） (株)日本長期信用銀行の代表取締役頭取及び代表取締役副頭取２人は、平成10年３月期の当期未処理損失について、関連親密企業への融資の回収不能部分に対して適正な引当・償却を行わず、重要な事項につき虚偽の記載のある有価証券報告書を提出した。 (2) 検査 検査については、本事務年度中に国内証券会社68社、外国証券会社12社に対して検査に着手した。 本事務年度において検査が終了したものは、前期繰越分を含め、国内証券会社66社、外国証券会社10、自主規制機関１機関、証券業務の認可を受けた金融機関１機関となっている（合計78社・機関）。このうち70社・機関に問題点が認められた（問題点の割合89.7％）。 (3) 金融再生委員会及び金融監督庁長官に対する勧告及び措置報告 金融再生委員会及び金融監督庁長官に対して、犯則事件の調査及び検査結果に基づいて重大な法令違反として36件の勧告を行った。このうち検査結果に基づくものが34件、犯則事件の調査結果に基づくものが２件となっている。事案の内容別内訳は次のとおり。 会社 個人 ○ 向い呑み及び呑行為 １社 13人 ○ 取引報告書の不交付又は虚偽の取引報告書の交付 ２社 １人 ○ 取引一任勘定取引の契約を締結する行為 １社 28人 ○ 作為的相場を形成させるべき売買をする行為 ２社 ２人 ○ 作為的相場が形成されることを知りながら売買の受託をする行為 ３社 ４人 ○ 投機的利益の追求を目的とした有価証券の売買取引 － 19人 ○ 損失を補てんするため財産上の利益を提供する行為等 ２社 ６人 ○ 外務員の職務に関する著しく不適当な行為 － ４人 ○ 有価証券を有しないでその売付けをする行為 ３社 － ○ その他 － ５人 (4) 取引審査 本事務年度中に行った審査件数は、価格形成に関するもの104件、内部者取引に関するもの165件、その他風説の流布等の観点からのもの６件、計275件となっている。 ○ 価格形成に関する審査 株価が急騰するなど不自然な動きをしたもの、株価が一定水準に固定されていると認められた銘柄を中心に審査。 ○ 内部者取引に関する審査 新株等の発行、会社の合併、会社更生手続き開始の申立て等会社の業績に著しい影響を及ぼすと思われる情報を公開することにより、株価が大きく変動したものを中心に審査。 ○ その他風説の流布等の審査 「会社更生法の適用を申請」「資金ショートする」「業務提携を解消する」等各種情報により株価が大きく変動したと思われる銘柄を中心に審査。 なお、「証券取引等監視委員会の活動状況」は、委員会事務局のほか、各財務局・財務支局等において閲覧することができる。また、その本文は10月12日の官報及び監視委員会のホームページに掲載される予定である。 「委員会の活動状況」（一覧表） へ　(PDF/6.4KB) 「証券取引等監視委員会の活動状況」の本文 へ　(PDF/309KB),1
2000-09-28,日本債券信用銀行,,証券取引等監視委員会の事務処理状況の公表について,https://www.fsa.go.jp/sesc/reports/n_11/n_11.html,平成11年度版年次公表 証券取引等監視委員会の事務処理状況の公表について 平成１２年９月２８日 証券取引等監視委員会 １．事務処理状況の公表 証券取引等監視委員会（以下「監視委員会」という。）の活動状況については、金融再生委員会設置法第34条の規定に基づき、本年は、平成11年７月１日から12年６月30日までの期間における事務の処理状況を９月28日に「証券取引等監視委員会の活動状況」として公表した。本公表は、監視委員会が発足後、８回目となる。 なお、本年７月１日に金融庁が発足したが、監視委員会は、従来の体制のまま金融庁に移管された。 ２．全般的な評価 金融システムの抜本的な改革が進むなか、クロスボーダー取引の一層の拡大、国内外における市場間競争の活発化、さらに情報通信技術の飛躍的な発展に伴い、インターネットを利用した取引も増大してきている。このような証券市場を取り巻く環境の変化のなかで、顧客に損失を表面化させないことを約束して複雑なデリバティブを組み込んだ、いわゆる「飛ばし類似金融商品」の取引の勧誘を行ったり、有価証券の募集のため偽計を用いたりする行為など、従来とは異なる違法行為が摘発されており、監視委員会が対象とすべき取引は複雑化・広域化してきている。こうした状況のもと、監視委員会の役割は、ますます大きくなってきている。 なお、本年から、監視委員会の平成12検査事務年度の検査基本方針及び検査基本計画についても資料編に掲載し、公表することとした。 ３．概要 (1) 犯則事件の調査・告発 犯則事件の調査の結果、有価証券報告書等の虚偽記載につき３件、偽計販売につき２件、内部者取引につき１件、相場操縦につき１件、計７件を証取法違反の罪に該当するとして告発を行った。その主なものの概要は次のとおりである。 ○ 日本債券信用銀行事件（有価証券報告書虚偽記載） (株)日本債券信用銀行の代表取締役会長、代表取締役頭取、代表取締役副頭取及び役員２人は、共謀の上、平成10年３月期において、取立不能と見込まれる貸出金について適正な引当・償却を行わず、当期未処理損失を過小に圧縮するなど、重要な事項につき虚偽の記載のある有価証券報告書を提出した。 ○ ヒューネット事件（相場操縦） 行為者２名は、共謀の上、ヒューネット株式につき、借名口座を含む８名義を用いて、同株式の売買取引が繁盛であると誤解させる等の目的で、仮装売買を反復継続し、相場を変動させるべき一連の売買取引を行い、株価を高騰させるなど相場操縦を行った。 ○ クレスベール証券事件（偽計販売） クレスベール証券の代表取締役会長は、プリンストン債の月間運用成果報告書の時価資産残高が過大に粉飾され、あるいは、約定どおりに期限前償還がされないおそれが高いことを認識しながら、プリンストン債の販売に当たり、安全に運用されているかのごとく虚偽の説明をし、有価証券の売買のため偽計を用いた。 (2) 検査 検査については、本事務年度中に国内証券会社72社、外国証券会社14社に対して検査に着手した。 本事務年度において検査が終了したものは、前期繰越分を含め、国内証券会社79社、外国証券会社15社となっている（合計94社）。このうち80社に問題点が認められた（問題点の割合85.1％）。 (3) 勧告 金融再生委員会及び金融監督庁長官に対して、検査結果に基づいて重大な法令違反として37件(うち財務局分25件)の勧告を行った。事案の内容別内訳は次のとおり。 会社 個人 ○ 向い呑み及び呑行為 ２社 １人 ○ 取引報告書の不交付又は虚偽の取引報告書の交付 ３社 ３人 ○ 取引一任勘定取引の契約を締結する行為 ２社 34人 ○ 有価証券の売買に関し虚偽の表示をする行為等 １社 ４人 ○ 特別の利益を提供することを約して勧誘する行為 ４社 ４人 ○ 作為的相場を形成させるべき売買をする行為 ２社 ５人 ○ 作為的相場が形成されることを知りながら売買の受託をする行為 ３社 ４人 ○ 投機的利益の追求を目的とした有価証券の売買取引 － ５人 ○ 損失を補てんするため財産上の利益を提供する行為等 ４社 11人 ○ 通常の取引条件と著しく異なる条件での親法人等との取引 ２社 － ○ 有価証券の募集のため偽計を用いる行為 １社 １人 ○ その他 ６社 ７人 (4) 建議 有価証券報告書の虚偽記載に関する犯則事件の調査及び証券会社の検査を行った結果、問題点が認められたので、次の点について必要かつ適切な措置を講じるよう大蔵大臣及び金融監督庁長官に対して建議を行った。 ○ 銀行業等の財務諸表の注記事項に関する建議 ○ 証券会社の営業姿勢に関する建議 (5) 取引審査 本事務年度中に行った審査件数は、株価が急騰するなど不自然な動きをしたもの等の価格形成に関するもの78件、投資者の判断に著しい影響を及ぼすと思われる情報の公開により株価が大きく変動したもの等の内部者取引に関するもの236件、その他風説の流布等に関するもの12件、合計326件となっている。 (6) その他の活動状況 近年のインターネットの普及により、国際的に連携した監視活動が重要であるとの考えから、証券監督者国際機構（IOSCO)が平成12年３月28日に行った「インターネット・サーフ・デイ」に監視委員会も参加し、国際的に連携して一斉にインターネット上の証券取引に係る不正行為の実態把握を行った。 また、ホームページを利用して相場の変動を意図した悪質な情報が流される可能性が増大しているため「インターネット巡回監視システム（ＩＰＳ）」を開発し、効率的な監視に努めている。 その他、新たな市場の開設に対応した取り組みを行うなど取引の公正性の確保に努めている。 なお、「証券取引等監視委員会の活動状況」は、監視委員会事務局のほか、各財務局等において閲覧することができる。また、９月28日17時から監視委員会のホームページ、10月２日には官報に掲載する予定である。 「委員会の活動状況」（一覧表） へ　(PDF/6.5KB) 「証券取引等監視委員会の活動状況」の本文へ 本文 （PDF/390KB） 付属資料 （PDF/474KB）,1
2001-12-26,,,高橋委員長記者会見（平成13年12月26日）,https://www.fsa.go.jp/sesc/gaiyou/g20011226.html,委員長記者会見 （１２月２６日(水)１５時００分～１５時３０分　於　金融庁会見室） ご承知の通り、機構・定員、そして予算の政府案が決定されました。監視委員会では、６１名の増員が認められております。現在１２２名でありますから、合計１８２名（定員削減１名）、現在の約１.５倍になります。財務局に監視委員会の地方組織がございまして、そちらで３９名の増員が認められておりますので、合わせて１００名の増員となっております。予算面でも、我々が要求しておりました、インターネットの巡回監視システム等をはじめとする予算の、ほぼ全額が認められました。大変厳しい定員状況、財政状況の中ですが、抜本的な改革が図られたと評価しております。このような機構・定員を最大限に活用いたしまして、監視体制や機能をさらに強化していくことを考えております。具体的には、次のようなことをやっていきたいと思っております。 一つ目は、民間専門家の積極的登用でございます。これは、専門家がもっておられる高度な知識や経験、技術的なノウハウを活用していくということでございます。現在、民間からの登用は７名でございますが、今回四十数名の応募がございまして、その中から１１名の方を内定いたしております。ディーリングやデリバティブ等の専門家が含まれているということを聞いております。今後も引き続いて、民間専門家の登用を続けていきたいと思っております。 二つ目は、外国当局との連携の強化でございます。先般、私が英米の監視当局、自主規制機関等を訪問いたしまして、米SECのピット委員長、英FSAのデービス理事長らと率直な意見交換を行い、今後監視当局間で一層の連携を強化していくとの合意をみました。 三つ目に考えておりますのは、現にもう始めておりますが、自主規制機関との連携を強化するということです。やはり現場に一番近く、取引の実態や、そこから生まれる法違反の実態に一番通じ、かつ、そういった情報をいち早く手に入れることができる立場にあるのは、自主規制機関です。我々はこれらの機関との協力をさらに強め、それによって市場監視、あるいは透明性の確保といったものに、より一層の効果をあげていきたいと考えております。現在は、東京証券取引所、大阪証券取引所、日本証券業協会との一回目の協議を、それぞれ終えております。 また、少し性格は違いますが、投資家に対する正しい知識の啓蒙ということで、名古屋におきまして、投資家との意見交換会も行っております。 このような体制や機能の強化という点を図りつつ、監視委員会の活動としては当面、以下のような点に力点を置いていきたいと思っております。 まず、検査の面では、個人投資家を保護するという面から、引き続き証券会社の営業姿勢に厳しい目を向けていきたいと思っております。特に、いわゆる適合性の原則の精神を重く見ながら、その趣旨を踏まえて、徹底的に点検していきたいと考えております。 それから、監視委員会のもつ日常の市場監視機能を、自主規制機関のもつその機能との連携を図りながら、より一層適切に発揮していきたいと考えております。そのためには、情報の効果的な収集・交換、分析が必要であると考えております。特に、市場の価格形成を歪める取引については、時機を失せずに監視していきたいと思っております。また、今まさに問題になっておりますが、インターネットを利用した風説の流布に関しても、厳しく取り締まっていきたいと考えております。これに関しましては、今月（１２月）１９日に財務局と共同で約２０名の審査官を投入して、インターネット・サーフ・デイを実施いたしました。インターネット上の悪質な書き込みを、一斉かつ集中的に収集・審査しているところであります。 それから、もっとも大きな関心事でございますが、犯則事件に関しまして、インサイダー取引や株価操縦に厳しい目を向けて、積極的な摘発をやっていこうと考えております。先日、大阪にあるフットワークエクスプレスの有価証券報告書の虚偽記載に関して告発いたしましたが、有価証券報告書は投資者の判断を適正にするためにとても大切なものでありますから、ディスクロージャーに対する的確な監視とその違反に対する摘発を行っていきたいと思っております。 また、これも先般金融庁が発表いたしましたけれども、空売りへの総合的な取り組みを踏まえまして、監視委員会でも、証券会社に対する検査や報告聴取を通じて、空売りとこれに伴う法令違反に関して重点的に点検をしていきたいと考えております。 私のほうからは、組織・体制、そしてこれからの重点的な目標について説明を申しあげました。以上です。 ＜質疑応答＞ （問） 新体制になってからのSESCの活動をどう評価しているのかということと、反省点、課題などをお聞かせいただけますか。 （答） ７月に前委員長が引退されまして、幹部の相当数が変わりました。実は私は、内心では委員会の機能がいささか滞るのではないかと思い、その点に関して厳しい目で見ていましたが、杞憂でございました。きわめて円滑に進んでいっており、審査・検査・調査の各部門もそれぞれ全力を挙げて仕事をしております。今は新体制発足からまだ６ヶ月ですので、６ヶ月の間に挙げた成果はこれから明らかにしてまいります。私の見るところでは、きちんとした仕事ができております。これからは、組織力を動員して、責務を果たしていきたいと思います。 （問） 空売りの規制強化の話が出ました。空売りがマーケットを攪乱しているといわれておりますが、委員長はどう考えておられますか。 （答） 空売りというものは、机上の論議でいえば、確かにこれによってマーケットの価格を上下させることが可能ではあるだろうと思います。したがって空売りに関しては、そこに法令違反を伴うかどうかを厳しい目で見ていかなければならないと思います。現在のところ、特に、市場の価格に影響を及ぼしたかどうかということについて、確定的な認定はいたしておりませんけれども、そういう目で厳しく監視をしていきたいと考えております。 （問） １月から株式取得機構が設立して銀行の株の保有制限に向けた取り組みが始まりますが、これとSESCとの絡みで、委員長がお考えになっていることをお聞かせください。 （答） ご承知の通り、監視委員会の業務は事後の監視でございますし、そこから生じてくる違法行為、あるいは不法行為について摘発していくということですから、このスタンスは、制度あるいは法律がどう変わっていっても変わるものではございません。監視委員会は、まったく同じ形、つまり市場の透明性のために動いていくということにとどまると思います。 （問） 委員長が代わられてから、我々から見てもなかなか大物の会社を検査されて結果を出されているという印象を受けるのですが、大きな証券会社を重点的に検査しておられるというようなことがあるのでしょうか。 （答） ご評価は大変ありがたいのですけれども、大変な過大評価だと私は思っております。我々の日常の検査だとか調査というものは、きわめて固定的なものでありまして、虚心に淡々と検査・調査を行っているものであり、その結果違反行為が見つかれば、行政処分の勧告を行うなり処罰をするなりしていくわけでありまして、特にこういう事件を狙うだとかこういう会社に目をつけようとかいうことはございません。ただ、現実に、市場の取引の中で、ある特定の会社の行為によって問題が起きているということであれば、その会社に対する目を厳しくしていくということはございますけれども、それ以外はきわめて淡々とやっているのが現状でございます。 （問） 違法な取引の発見から告発までに時間がかかることがあったと思いますが、体制強化におけるスピードアップの面での取り組みについてはどうお考えでしょうか。 （答） あたりまえのことですけれども、証券市場における違法行為というのは、長い間放っておいて、後で処分をしてみても仕方がないわけですよね。やはり違法行為は、厳しく、早く処置をして、それによって乱された市場の秩序を確保していくというものなのですから、スピードというのは何より重要なことであります。確かに、これまで告発までにかなり時間がかかったものもございました。刑事事件として告発をするためには刑事訴訟法上の原則がかかってきます。Beyond reasonable doubt、つまり、合理的な疑いがまったくないまでに立証をしろというのが刑事訴訟の原則ですから、ぎりぎり、ぎりぎりと証拠を詰めていかなければならない。そういうことでどうしても時間がかかるところがあると思います。 それともう一つは、取り調べとか調査というのは、きわめて技術的な面が多くなってきます。組織が新しくなると、その技術をまた養成していかなければならないという面もあるわけでございまして、若干の隘路はあると思います。しかし、これからは、人員が約１.５倍になるわけですから、時間的な面も解決していきたいと思います。現に、今回のフットワークの件などは、相当早いペースで進んできたと私は思っております。これからはそういう面も厳しく見ながらやっていきたいと思います。 （問） 告発を受け取る検察当局の側が混雑しているというか、隘路になっているのということはないのでしょうか。 （答） 隘路になっていることはないと私は思います。私は検察の出身なので、よく理解できるところなのですが、やはり我々監視委員会のように現場でやっている人間としては、これだけ証拠があればなんとかしてくださいよ、という気持ちがある。ところが、検察のほうから見ますと、先ほど申しあげました証拠法の原則に基づきまして、こことここがおかしいじゃないか、ここを補充してもらわなければうち（検察）としてはやれない、というのは当然でございます。特別な告発権限を与えられている当委員会としては、それに沿っていくのが当たり前だと私は思っております。そのために若干交渉や協議が行われますので、そこで時間が経つこともあるのでしょうが、それは将来のきちんとした刑事裁判のためにどうしても必要なものでありまして、私は隘路とは思っておりません。むしろ、その指摘をありがたく受けて、それをカバーしてやっていくのが当たり前のやり方だと思います。 （問） 閣僚の株取引の解禁に関して塩川大臣から提案が出され、本気で検討したようですが、インサイダーを取り締まる委員長の立場から見てどういった感想をもっているのか、また、今後もこういった話が出てくるかもしれないことに対して、どのような意見をお持ちなのかをお聞かせください。 （答） それは、政策の問題ですから、我々の職務とは直接関係がないと思います。ご承知の通り、監視委員会の職員は株の取引は自粛しています。これはなぜかというと、実際にはそういうことはないのかもしれませんけれども、重要な情報に接する可能性があるからだということです。政治家が株取引をするということは、それ自体は決して間違ったことではないと思います。ですから、それを解禁しようという動きが出てくるのも当然だと思います。しかしながら、翻って考えてみますと、政治家の方々は、これは理屈の上ですけれども、重要な情報に接する可能性が皆無とはいえないだろう、と思われます。この理屈を前提として考えますと、望ましいあり方としては、閣僚による株取引はないほうがいいのではないかという感じをもつわけですね。株取引という当たり前のことと、国民の疑惑を招かないための最善の方策を天秤にかけた上でご判断になったのだと思います。私はそれがいいとか悪いとかは申しあげませんが、少しでも国民の中に疑惑が起こるとすれば、それはまずかろうという判断で選ばれたのだと思います。別段、私の口からは、いい、悪いと言える筋合いのものではないですが、これは良識に沿ったご判断であったなと感じております。 （問） 例えば今後、また同じような案が浮上してきた場合、それは良識がなく、あまり望ましいものではないとお感じになりますか。 （答） 今申し上げたことは、誰でもやれる株取引と国民の評価というのを天秤にかけての判断ですから、今の判断としては良識があるであろうということです。ですが、今後状況が変わって、もう一度天秤にかけたところ、疑惑を招く恐れがないというのであれば、判断は変わってくると思います。これは、実質的には、いいとか悪いとかいう問題ではないのだと思います。 （問） 先般の財務省の国債市場懇談会の席で指摘された意見なのですが、日本国債の格下げをめぐりまして、その格下げの情報が、公表の前に一部のマーケット参加者に対して漏れているのではないかという疑惑があげられました。要は、格下げが発表される前に、マーケットが格下げを織り込むような動きをとったということのようです。故意に情報が流されたのではないか、適切に対処してほしい、というような意見があげられておりましたが、これに対する監視委員会のご意見はいかがでしょうか。 （答） 国債の格付けが、証取法１６６条にいうところの重要事実にあたるのかということは、以前国会でも検討されたことがあったと思います。答弁は、きわめて条件的なものを設定すれば、当てはまることもあり得るというようなものでした。そのように、きわめて微妙なところがあります。もし情報が流れたのだとすると、法律的な解釈の面と、本当に情報が流れて一部の人が活用しているのかどうか、そしてそれが１６６条にいうところの重要事実に当たるのか、さらにその人が１６６条にいうところの第一次受領者に当たるのか、そういうものを全部調べてみてから、判断せざるを得ないということですね。ここで抽象的に、インサイダーになるとかならないとかいうことは非常に難しいことです。法律論も一つありましょう、それから事実認定論もおそらくありましょう。 （以上）,1
2001-08-31,,,証券取引等監視委員会の事務処理状況の公表について（平成13年8月31日）,https://www.fsa.go.jp/sesc/reports/n_12/n_12.html,平成12年度版年次公表 証券取引等監視委員会の事務処理状況の公表について 平成１３年８月３１日 証券取引等監視委員会 １．事務処理状況の公表 証券取引等監視委員会（以下「監視委員会」という。）は、金融庁設置法第22条の規定に基づき、毎年、事務処理状況を公表することとしており、本年は、平成12年７月１日から13年６月30日までの期間における事務の処理状況を８月31日に「証券取引等監視委員会の活動状況」として公表した。本公表は、監視委員会が発足後、９回目となる。 なお、監視委員会は、本年１月中央省庁再編に伴い金融再生委員会が廃止され、内閣府の外局として発足した金融庁に移管された。 ２．全般的な評価 金融システムの抜本的な改革が進むなか、クロスボーダー取引の一層の拡大、国内外における市場間競争の活発化、さらに情報通信技術の飛躍的な発展に伴い、インターネットを利用した取引も増大している。このような証券市場を取り巻く環境の変化の中で、ＥＢ（他社株券償還特約付社債券）等の新たな金融商品の取引に関して、ボーナスクーポンの支払いを免れるような株価水準にまで株価を下落させたり、商品の重要な特性について誤解をさせるような勧誘を行うなど、新たな金融商品の取引に関して従来と異なる違法行為が摘発されており、監視委員会が対象とすべき取引は複雑化・広域化してきている。 なお、本年から、広く投資者の皆さんに証券取引を行う上で留意して頂きたい事項を「おわりに（投資者の皆様へ）」として、本文編の最後に掲載した。 ３．概要 (1)　犯則事件の調査・告発 犯則事件の調査の結果、内部者取引につき２件、相場操縦につき１件、風説の流布につき１件、大量保有報告書の不提出につき１件、計５件を証券取引法違反の罪に該当するとして告発を行った。 その主なものの概要は次のとおりである。 ○　東天紅事件（風説の流布、虚偽の大量保有報告書の提出） 行為者４名は、東天紅株の相場の変動を図る目的で、公開買付けをする旨等を記載した内容虚偽の文書を発表し、風説を流布した。また、行為者２名は、同株券の大量保有者になった旨の虚偽の記載をした大量保有報告書を提出した。 ○　アイカ工業事件（相場操縦） 行為者は、アイカ工業株につき、複数名義の口座を用いて、同株の売買取引が繁盛であると誤解させる等の目的で仮装売買を反復継続するとともに、株価の高値形成を図り、同株券の売買を誘引する目的で相場を変動させるべき一連の売買取引等を行った。 ○　武藤工業事件（内部者取引） 行為者は、武藤工業が他社と資本提携を行う（重要事実）ことを決定したことを知り、これらの重要事実公表前に同社株券を買い付けた上で、その公表後にこれを売り付けて利益を得ようと企て、同社株券を買い付けた。 (2)　検査 検査については、本事務年度中に証券会社96社(うち外証14社)及び登録金融機関3機関に対して検査に着手した。 本事務年度において検査が終了したものは、前期繰越分を含め、証券会社95社（うち外証14社）及び登録金融機関2機関となっている。このうち証券会社60社及び登録金融機関２機関に問題が認められた（問題点の割合63.9%）。 (3)　内閣総理大臣及び金融庁長官に対する勧告及び措置報告 内閣総理大臣及び金融庁長官に対して、検査結果等に基づいて重大な法令違反として、34件(うち財務局分22件)について行政処分等を求める勧告を行った。 事案の内容別内訳は次のとおり。 （会・個） （会社） （個人） ○ 向い呑み及び呑行為 １件 － － ○ 取引一任勘定取引の契約を締結する行為 ２件 － １１件 ○ 委託注文に優先する自己の計算による売買をする行為 － １件 － ○ 有価証券の売買に関し虚偽の表示をする行為等 ３件 ５件 １件 ○ 特別の利益を提供することを約して勧誘する行為 ２件 ４件 － ○ 作為的相場を形成させるべき売買をする行為等 ２件 － ２件 ○ 損失を補てんするため財産上の利益を提供する行為等 １件 １件 １件 ○ 引受有価証券の親法人等への売却 － １件 － ○ 検査を忌避する行為 １件 － － ○ 取引報告書の不交付 － １件 － ○ 投機的利益の追求を目的とした有価証券の売買取引 － － ５件 ○ その他 １件 １件 ３件 (4)　取引審査 本事務年度中に行った審査件数は、株価が急騰するなど不自然な動きをしたもの等の価格形成に関するもの62件、投資者の判断に著しい影響を及ぼすと思われる情報の公開により株価が大きく変動したもの等の内部者取引に関するもの190件、その他風説の流布等に関するもの13件、合計265件となっている。 (5)　監視活動・機能強化への取組み 近年のマーケットのグローバル化等を背景として組成され販売されている新たな金融商品の株価形成や勧誘行為等の状況について、投資者保護上必要であるとの考えから、販売証券会社に対し独自の調査を実施し報告を求めるとともに、重点的な検査を行う等の取組みを行った。 また、ホームページを利用して相場の変動を意図した悪質な情報が流される可能性が増大しているため「インターネット巡回監視システム（ＩＰＳ）」の機能を拡張し、効率的な監視に努めている。 その他、証券検査マニュアルを策定・公表するなど、透明な証券行政の確立に努めている。 なお、「証券取引等監視委員会の活動状況」は、監視委員会事務局のほか各財務局等において閲覧することができる。 「委員会の活動状況」（一覧表） へ　(PDF/6KB) 「証券取引等監視委員会の活動状況」の本文へ 本文 （PDF/577KB） 付属資料 （PDF/795KB）,1
2001-07-23,１つ目は悪質な証券会社,,高橋委員長,https://www.fsa.go.jp/sesc/gaiyou/g20010723_1.html,"高橋新委員長記者会見の概要 （平成１３年７月２３日（月）１４時３０分～１５時１５分） （高橋） 先ほど委員長の辞令を頂いて参りました。いろいろとお世話になると思いますが、よろしくお願いいたします。お手元に私の 委員長談話 と新体制の活動方針をお配りしていると思います。本来は委員長談話を読み上げるべきではございますが、時間の制約もございますので、各位じっくり読んでください。しかしながら、たたき台がなければ、何もご質問ができないと思いますので、以下、新体制の活動方針のポイントをご説明させていただきます。まず、配布資料の１ページ目、私の認識でございますが、監視委員会の使命としては、取引の公正性の確保を図ることと市場に対する投資者の信頼を保持するということでございます。皆さんご承知のことではございますが、今日の日本経済の中で直接金融の発展が求められているわけでございます。このような中で監視委員会の果たす役割は、これまでにも増して重要なものになったと認識しております。 そこで、証券市場に関してどのような分析を行っているかということでございますが、２ページ目に書いてありますように３つの不信が挙げられます。１つ目が市場仲介者に対する不信であります。２つ目は市場参加者に対する不信でございます。そして３つ目は、我々に反省を迫るものでございますが、監視当局への不信でございます。 このような分析を踏まえ、新体制としては何をすべきかということについては、３ページ目にありますように、個人投資家の証券市場に対する不信感の解消を図るために、個人投資家の保護に全力を尽くすことに尽きるわけでございます。これを新体制の最大の目標としたいと考えております。それでは、この目標を達成するために、いかなる戦略を採るかということでございますが、４ページ目に書いてありますように、１つ目は悪質な証券会社などの徹底摘発でございます。個人投資家の利益を犠牲にして自ら利益をあげるような証券会社やその役員・職員等、悪質な市場仲介者の徹底摘発を図るということでございます。２つ目は相場操縦やインサイダー取引など、多数の個人投資家を欺き、証券市場の公正性を損ねる証券犯罪の一掃を図るということでございます。いわゆる仕手筋による大規模な相場操縦についても積極的に摘発を図っていきたいと思います。３つ目は監視委員会のプレゼンスの向上ということでございます。単に摘発実績を上げるだけではなく、タイムリーな摘発、迅速な摘発を通して、監視委員会が不公正取引の効果的な抑止力となるよう、監視委員会のプレゼンスの向上を図るということでございます。 そこで、以上のような目標を達成するためには、どのような態勢整備を図るかということで、５ページ目に書いてありますように、１つ目は、言い古されたことではございますが、人員の増強でございます。 これを今後の１つの大きな目標としていきたいと思います。また、不正な取引などの摘発は情報収集・分析能力が必要となります。したがいまして、２つ目は、情報収集能力・分析能力の向上を図っていくということでございます。３つ目は、以前から行ってきたことではございますが、関係当局との連携をこれまで以上に密にしていこうと考えております。さらに、４つ目は、外国当局との連携が要請されております。今日、金融取引がグローバル化しており、また、インターネットによって世界中を駆け巡る金融取引が行われております。このような中で、外国当局とも連携して適切な処置を図っていきたいと考えております。最後に、５つ目として、個人投資家との連携でございます。我々は、ホームページの改善などを通じて個人投資家からも積極的な情報提供を呼びかけるとともに、投資家の自衛努力をサポートする態勢を整備していきたいと考えております。以上が新体制の大まかな目標でございます。加えて、このようなことを知っていただくために、この度、ホームページを刷新いたしました。これは今日から見ていただけます。ロゴ・マークも作成いたしました。２つの楕円の中に、ＳＥＳＣという文字が入っております。その下に、副題として、""for investors , with investors""という言葉も入っております。この楕円２つは、我々の監視対象であります証券市場と金融先物市場を表現しております。それと同時に、監視委員会と関係当局との連携、あるいは海外当局との連携、さらには投資家との連携を表現しております。是非、このホームページをご愛用していただければと思います。私からご挨拶代わりに申し上げることは以上でございます。 （記者） 態勢整備方針でございますが、人員の増強というのはどの程度お考えなのでしょうか。 （高橋） なかなか難しい話ではございます。予算等の中で考えていかなければなりません。また、当然、社会の流れというものも考えていかなければなりません。少なくとも、例えば、違法事犯の摘発を行っている調査関係の部署、現在40名でやっておりますが、これを倍増していただければ相当程度の仕事ができるであろうと考えております。 （記者） 監視委員会と金融庁の関係部局を一本化するですとか、準司法的な機能を持たせてはどうだろうか、さらには民間から職員を採用しやすい組織にしてはどうか、という米国のＳＥＣを目指す考えがあると思いますが、このような考えについて、どのようにお考えですか。 （高橋） 紋切り型の答えをするならば、組織運営の問題は監視委員会の権限外であるといえば済むことであります。しかしながら、皆さんそれでは満足されないと思いますので、私の個人的な見解としてお聞きいただきたいと思います。いろいろと論議されているものの中心は、権限を拡大することと人員を増やすということであります。このような考えについて、監視委員会の委員長である私が「それはおかしい」というのは、それこそおかしい話で、大変ありがたい話であると思います。しかしながら、組織というものは、それぞれ一長一短があります。したがいまして、組織論を論ずるならば、それぞれの組織のメリット、デメリットはどこにあるかということを十分に考え、しかも１つの組織論がまとまった段階であっても、その組織をどこに所属させるかということも十分に考えなければなりません。結論を申し上げますと、組織論をその時々の流れの中で十分に議論していくというのは望ましいことではありますが、その中で考えていかなければならない問題は山ほどあるということでございます。証券資本市場に対する権限は主として、私どもの委員会と金融庁のいくつかの部局が行使していますが、現段階では、それぞれの権限を前提にしながら、どうすれば個人投資家の信頼を得ることのできるような市場にできるか、そのための効果的な働きをする方法とは何かということを考えていくことが先決だと思っております。 （記者） 先日の国際証券の事案では、執行役員自らが検査忌避を行っており、証券市場の一方の主人公である証券会社があまりにも旧態依然としているのではないかと思いますが、今後、このような問題に対して委員長はどのように対処していくのか、お話しいただきたい。 （高橋） 監視委員会の権限としては、１つ目は証券市場を審査、すなわち、証券市場を眺め回して問題点はないか点検するというやり方、２つ目は検査で証券会社に赴いて、その会社の取引、その他を見させていただいて、その中に公正性を害するような行為、法違反的な行為がないかどうかということを調査していくやり方、そして、３つ目は特別調査課が行う違法事犯を摘発し、それを告発して刑事裁判として処理をするというやり方でございます。皆さんご承知の通り、検査においても、調査においても、問題点が多く指摘されております。したがいまして、ご指摘のように、まだまだ証券会社をはじめとして問題点は解消されてはいないということでございます。国際証券の場合は、やや特異な事例で、これがすべての証券会社であるということではありません。しかも、証券会社の中で、役員の方もそうでございますし、一般の職員の方々も、だんだんと顧客のために適正な行為を行うことの重要性について認識を持ち始めているところでございます。それで、私は決して証券会社のあり方に絶望しているわけではございません。しかしながら、問題があることも間違いございません。この問題への対策で１番重要なことは、証券会社の皆さんに、仮に利益に結びつかなくても、あるいは多少利益に響いたとしても、投資家の利益のために働くことがひいては自社の利益になるということを理解していただくことであります。ここをきっちりと理解していただけば、このような問題は起きないであろうと思います。また、先ほど申し上げましたが、監視委員会は、法令違反があれば指摘し、あるいは調査し、けりをつけていくという姿勢を続けていくということでございます。この２つを重視したいと思います。 （記者） なぜ個人投資家の保護なのか、また、インターネットについてですが、他の国々に比べて日本の法体系でインターネット取引を規制していく上で難しい面、情報収集活動で具体的にはどのようなものが足りないか、どのように強化していくか、ということをお願い致します。 （高橋） まず、なぜ個人投資家かということでございますが、日本の経済は、これまで銀行を中心とした間接金融により発展してきたわけであります。しかし、今日、そこにいろいろな問題が出て来たということでございます。さらに、金利が下がってきたということも影響しておりますが、個人が証券市場に目を向け始めています。今、このような状況で個人投資家が火傷をしたならば、証券市場から手を引いていく可能性が強いと思います。個人投資家の保護は、日本の経済が健全に発展していくために極めて重要なことだと思います。 インターネットは通信でございますが、通信の秘密という憲法的な保障があり、インターネットに載った情報源を直ちに我々が何の制約もなく、取得するということは非常に難しいことであります。結局、最終的には令状によって求めていくということになります。これが１番の大きな問題だと思います。その他の点につきましては、他の国々と比べてインターネットによる証券犯罪の摘発が難しいことはないと思います。ただ、インターネットというのは駆け巡っておりますから、そのインターネットの中の情報をすべて把握するということは非常に難しいと思います。ご存知の通り、委員会でもインターネット巡回システムを構築し、情報の把握に努めております。これが効果を発揮してまいりますと、インターネットによる犯罪についても、適切なアクセスが可能になっていくと思います。 情報収集につきましても、なかなか難しい問題でございます。122名の本庁職員で集めて回るというわけにもいきません。そこで、先ほど申し上げましたように取引審査部門が日々、取引を十分に審査しながら、その中からおかしな動きはないかと情報を探り当てております。また、インターネットの巡回システムをもって、情報を収集しております。私は、投資家の方々からできるだけ多くの情報を寄せていただきたいと思います。現在も、投資家の方々から情報が寄せられておりますが、今後はますます多くの情報を寄せていただいて、それを活用していきたいと考えております。 （記者） アナリストの監視の強化という問題もあり、その中で、アナリストの株価のプライス・ターゲットが違法であるとの一部報道がなされているが、このことについては、どのようにお考えでしょうか。 （高橋） 監視委員会に与えられているのは、市場の公正性の確保についての権限でございます。アナリストの行動に対応する権限は私どもには与えられておりません。ですから、アナリストが何かをしているようだから、調査をするということはできません。ただ、仮に、アナリストの中に意識的に虚偽の情報を流して株価を操縦するというようなことがあれば、風説の流布ということになり、そういう形でのアクセスであれば私どもでもできます。その他のことにつきましては、権限外でございますので、コメントを控えさせていただきます。 （記者） どうもありがとうございました。 （高橋） どうもありがとうございました。",1
2001-06-14,目的証券会社,,「証券会社に係る検査マニュアル」通達の発出について,https://www.fsa.go.jp/news/newsj/syouken/f-20010614-2.html,Tweet 平成13年６月14日 金融庁検査局 証券取引等監視委員会事務局 「証券会社に係る検査マニュアル」通達の発出について 金融庁及び証券取引等監視委員会では、検査官が証券会社を検査する際の手引書（マニュアル）を整備するため、昨年８月、検査局及び事務局内に「証券検査マニュアルワーキング・グループ」を設置し、検討を重ねてきました。 本年４月、その成果を「証券会社に係る検査マニュアル（案）」として公表した後、パブリックコメントとして頂戴したご意見等をも踏まえて再度検討を行った上で、本日、「証券会社に係る検査マニュアル」通達として検査官宛に発出することとなりました。 なお、本通達は、本年10月１日以降に実施する検査について適用します。 ただし、決算処理に係る事項については、通達発出以降最初の決算期である平成 14年３月期から適用します。 本件についての照会先 金融庁検査局 （TEL 03-3506-6196）　樋口（内線6214） 証券監視委員会事務局 （TEL 03-3506-6000） 外崎 （内線3044） 「証券会社に係る検査マニュアル」通達の概要 金融庁検査局及び証券取引等監視委員会事務局では、検査官が証券会社を検査する際の手引書（マニュアル）を整備するため、先般、証券検査マニュアルワーキンググループにおけるとりまとめ案をパブリックコメントに付したところであるが、今般、寄せられたご意見を基に再度検討を行い、最終的な「証券会社に係る検査マニュアル」を策定したことから、通達として各検査官及び各財務（支）局に発出するとともに公表することとした。 I 　概要 １．  目的 証券会社に係る検査マニュアルを整備・公表することにより、金融庁の検査・監督機能の一層の向上を図るとともに、証券会社の自己責任に基づく経営を促し、もって透明な金融行政の確立に資する。 ２．  基本的な考え方 (1) 証券会社は登録制であるなど、既に検査マニュアルが策定されている預金等受入金融機関や保険会社とは規制の枠組みが異なるものの、公益及び投資家保護の観点から、 ○ 取引の公正及び財務の健全性確保の状況を把握するとともに、 ○ これにとどまらず、法令遵守態勢及びリスク管理態勢の確認検査にも重点を置くこととしている。 (2) インターネットによる取引の増加が特にめざましい分野であることから、電子証券取引に関する確認検査用チェックリストを設けることとしている。 ３．  対象範囲 本検査マニュアル案は、証券会社（海外支店を含む）、外国証券会社の本邦支店及び登録金融機関に対する検査において用いることを予定している。 ４．  適用時期 本マニュアルについては、本年10月１日以降実施する検査より適用する。なお、決算に係る項目については、通達発出以降最初の決算期である平成14年３月期から適用する。 II 　各マニュアル案のポイント １．  法令等遵守 (1) 法令等遵守態勢の確認検査用チェックリスト共通編 証券会社の法令遵守の態勢が、内部管理統括責任者及び内部管理責任者を中心に構築されているかなどを確認するためのチェック項目を設けた。 法令遵守態勢強化のため、コンプライアンス・マニュアルの策定状況、その実施状況及び問題が生じた場合の処理状況を確認するなどのチェック項目を設けた。 (2) 取引の公正確保に係る法令諸規則の遵守検査用マニュアル 法令諸規則の遵守状況を把握するため、証券会社の営業姿勢、投資勧誘姿勢が適正かなどを確認するための着眼点を示した。 (3) 顧客資産の分別保管に関する検査に係るチェックリスト及びマニュアル ○ 顧客資産の分別保管態勢確認検査用チェックリスト 証券会社は、顧客資産の分別保管が求められていることから、社内規定の整備状況、実際の管理体制、残高不一致の場合の処理状況など、分別保管の態勢整備状況を確認するためのチェック項目を設けた。 ○ 顧客資産の分別保管検査用マニュアル 実際に顧客資産が法令に則って分別保管されているかを確認するに際し、分別対象となる有価証券などの留意点を示した。 ２．  財務規制（リスク管理） (1) 自己資本規制比率の管理態勢確認検査用チェックリスト及び自己資本規制比率に関する検査用マニュアル 証券会社は、自己資本規制比率が120％を下まわることのないよう求められていることから、自己資本規制比率管理の態勢整備状況を確認するためのチェック項目を設けた。 自己資本規制比率が、法令及び事務ガイドラインに則って計算されているかを確認する際の留意点を示した。 (2) 純財産額の検査用マニュアル 証券会社は、一定金額以上の純財産額の確保が求められていることから、純財産額が、証券会社に関する内閣府令等に基づき計算されているか、資産について、会計基準、公認会計士協会の「金融商品会計に関する実務指針」等に基づき評価されているかを確認する際の留意点を示した。 (3) リスク管理態勢の確認検査用チェックリスト ○ 共通編 証券会社が、自社の抱えるリスクを理解した上で適切なリスク管理体制を整備しているかを確認するためのチェック項目を設けた。 ○ 市場関連リスク 全ての証券会社ではなく、ディーリング業務を活発に行っている証券会社を対象に、リスク管理態勢の整備状況を確認するためのチェック項目を設けた。 ○ 信用リスク 証券会社は基本的に貸出業務は行っていないことから、金融検査マニュアルとは異なり、資産査定に関する具体的な記述をせず、「信用取引」と「投資等」に区分し、それぞれの区分におけるリスク管理態勢を確認するためのチェック項目を設けた。 ○ 流動性リスク 証券会社は有価証券の売買の取次ぎ、媒介を主な業務としているところも多いことから、その証券会社の実情に応じた適切な資金繰りリスクの管理体制を整備しているかなどを確認するためのチェック項目を設けた。 ○ 事務リスク 証券会社は、証券事故等の事務リスクを多く抱えていることから、リスク軽減のための体制を整備しているか、あるいは証券事故等に適切に対処しているかなどを確認するためのチェック項目を設けた。 ○ システムリスク 自社システムの開発・運用体制の整備状況や、外部委託先に関する管理態勢が整備されているかなどを確認するためのチェック項目を設けた。 ３．  電子証券取引 (1) 電子証券取引の法令等遵守態勢の確認検査用チェックリスト 電子証券取引において、インサイダー取引を未然に防止するための対策を講じているかなど、不正取引を防止するための体制が整備されているかなどを確認するためのチェック項目を設けた。 (2) 電子証券取引のリスク管理態勢確認検査用チェックリスト 本人確認、顧客情報の管理、システム障害への対応体制など、電子証券取引のリスク管理態勢の整備状況を確認するためのチェック項目を設けた。 証券検査マニュアル 通達（13年6月14日　金融庁）（PDF：11KB） 通達（13年6月14日　証券取引等監視委員会）（PDF：７KB） 別紙（表紙、マニュアルの構成、目次）（PDF：29KB） 第１　基本的考え方等（PDF：36KB） 第２　チェックリスト等（PDF：９KB） I ．法令等遵守 (1)　法令等遵守態勢の確認検査用チェックリスト（共通編）（PDF：68KB） (2)　取引の公正確保に係る法令諸規則の遵守に関する検査用マニュアル（PDF：62KB） 取引の公正確保に係る法令及び参考事項集　　（PDF：80KB） (3)　顧客資産の分別保管に関する検査に係るチェックリスト及びマニュアル 1　顧客資産の分別保管態勢の確認検査用チェックリスト（PDF：23KB） 2　顧客資産の分別保管検査用マニュアル（PDF：22KB） II ．財務規制（リスク管理） (1)　自己資本規制比率に関する検査に係るチェックリスト及びマニュアル 1　自己資本規制比率の管理態勢確認検査用チェックリスト（PDF：23KB） 2　自己資本規制比率検査用マニュアル（PDF：22KB） (2)　純財産額検査用マニュアル（PDF：25KB） (3)　リスク管理態勢の確認検査用チェックリスト（共通編）（PDF：47KB） (4)　市場関連リスク管理態勢の確認検査用チェックリスト（PDF：49KB） (5)　信用リスク管理態勢の確認検査用チェックリスト（PDF：24KB） (6)　流動性リスク管理態勢の確認検査用チェックリスト（PDF：20KB） (7)　事務リスク管理態勢の確認検査用チェックリスト（PDF：31KB） (8)　システムリスク管理態勢の確認検査用チェックリスト（PDF：35KB） III ．電子証券取引 (1)　電子証券取引に関する法令等遵守態勢の確認検査用チェックリスト（PDF：22KB） (2)　電子証券取引に関するリスク管理態勢の確認検査用チェックリスト（PDF：27KB）,1
2001-04-25,検査局 証券取引監視委員会事務局証券会社,,証券会社に係る検査マニュアル（案）について,https://www.fsa.go.jp/news/newsj/syouken/f-20010425-7a.html,Tweet 平成13年４月25日 金融庁検査局 証券取引監視委員会事務局 証券会社に係る検査マニュアル（案）について （証券検査マニュアルワーキンググループとりまとめ） 金融庁検査局及び証券取引等監視委員会事務局では、検査官が証券会社を検査する際の手引書（マニュアル）を整備するため、昨年８月、「証券検査マニュアルワーキンググループ」を設置し、過去16回に及ぶ検討を行なってきたところですが、今般、その成果として、具体的なマニュアル案を内容とする　「証券会社に係る検査マニュアル（案）」を取りまとめました。 今後、当局において、「証券会社に係る検査マニュアル（案）」に基づき、更に具体化に向けての作業を進め、証券会社に係る検査マニュアルを検査官宛の通達として発出することとしておりますが、それに先立ち、「証券会社に係る検査マニュアル（案）」の内容を公表（概要及び詳細は別添参照）し、外部のご意見をお伺いすることといたしました。 つきましては、ご意見がありましたら、 平成13年５月25日（金） までに、氏名又は名称、住所を付記の上、郵便、ファックス又はインターネットにより下記にお寄せ下さい。電話等によるご意見はご遠慮願います。 なお、頂戴したご意見につきましては、氏名又は名称も含めて公表させて頂くことがありますので、あらかじめご了承願います。 【御意見の送付先】 郵便：〒100-8967 東京都千代田区霞が関３－１－１　中央合同庁舎第４号館 金融庁検査局総務課 ファックス：03－3506－6118 ホームページ・アドレス：http://www.fsa.go.jp/ 証券取引監視委員会事務局 ファックス：03－5251－2137 ホームページ・アドレス：http://www.fsa.go.jp/sesc/sesc-j.html 【内容についての照会先】 金融庁検査局　電話：03－3506－6063 藤本（内線6214） 証券監視委員会事務局　電話：03－3506－6000 外崎（トノサキ）（内線3044） ご意見の募集は終了しました。ご協力ありがとうございました。 証券会社に係る検査マニュアル（案）の概要 （証券検査マニュアルワーキンググループとりまとめ） 金融庁検査局及び証券取引等監視委員会事務局では、検査官が証券会社を検査する際の手引書（マニュアル）を整備するため、昨年８月、オブザーバーとして証券会社、証券業協会及び公認会計士協会等からの参加を得て「証券検査マニュアルＷＧ（ワーキンググループ）」を設置し、検討を進めてきたところであるが、今般、その成果として、具体的な証券会社に係る検査マニュアル（案）をとりまとめ、公表することとした。 I 　概要 １．  目的 証券会社に係る検査マニュアルを整備・公表することにより、金融庁の検査・監督機能の一層の向上を図るとともに、証券会社の自己責任に基づく経営を促し、もって透明な金融行政の確立に資する。 ２．  基本的な考え方 (1) 証券会社は登録制であるなど、既に検査マニュアルが策定されている預金等受入金融機関や保険会社とは規制の枠組みが異なるものの、公益及び投資家保護の観点から、 ○ 取引の公正及び財務の健全性確保の状況を把握するとともに、 ○ これにとどまらず、法令遵守態勢及びリスク管理態勢の確認検査にも重点を置くこととしている。 (2) インターネットによる取引の増加が特にめざましい分野であることから、電子証券取引に関する確認検査用チェックリストを設けることとしている。 ３．  対象範囲 本検査マニュアル案は、証券会社（海外支店を含む）、外国証券会社の本邦支店及び登録金融機関に対する検査において用いることを予定している。 （注） 本パブリックコメント終了後、頂いたご意見を踏まえ所要の作業を行い、速やかに検査官宛の通達として発出したうえ、必要な周知等を経て10月１日以降実施する検査より適用することを予定している。なお、決算に係る項目については、通達発出以降最初の決算期である平成14年３月期から適用することを予定している。 II 　各マニュアル案のポイント １．  法令等遵守 (1) 法令等遵守態勢の確認検査用チェックリスト共通編 証券会社の法令遵守の態勢が、内部管理統括責任者及び内部管理責任者を中心に構築されているかなどを確認するためのチェック項目を設けた。 法令遵守態勢強化のため、コンプライアンス・マニュアルの策定状況、その実施状況及び問題が生じた場合の処理状況を確認するなどのチェック項目を設けた。 (2) 取引の公正確保に係る法令諸規則の遵守検査用マニュアル 法令諸規則の遵守状況を把握するため、証券会社の営業姿勢、投資勧誘姿勢が適正かなどを確認するための着眼点を示した。 (3) 顧客資産の分別保管に関する検査に係るチェックリスト及びマニュアル ○ 顧客資産の分別保管態勢確認検査用チェックリスト 証券会社は、顧客資産の分別保管が求められていることから、社内規定の整備状況、実際の管理体制、残高不一致の場合の処理状況など、分別保管の態勢整備状況を確認するためのチェック項目を設けた。 ○ 顧客資産の分別保管検査用マニュアル 実際に顧客資産が法令に則って分別保管されているかを確認するに際し、分別対象となる有価証券などの留意点を示した。 ２．  財務規制（リスク管理） (1) 自己資本規制比率の管理態勢確認検査用チェックリスト及び自己資本規制比率に関する検査用マニュアル 証券会社は、自己資本規制比率が120％を下まわることのないよう求められていることから、自己資本規制比率管理の態勢整備状況を確認するためのチェック項目を設けた。 自己資本規制比率が、法令及び事務ガイドラインに則って計算されているかを確認する際の留意点を示した。 (2) 純財産額の検査用マニュアル 証券会社は、一定金額以上の純財産額の確保が求められていることから、純財産額が、証券会社に関する内閣府令等に基づき計算されているか、資産について、会計基準、公認会計士協会の「金融商品会計に関する実務指針」等に基づき評価されているかを確認する際の留意点を示した。 (3) リスク管理態勢の確認検査用チェックリスト ○ 共通編 証券会社が、自社の抱えるリスクを理解した上で適切なリスク管理体制を整備しているかを確認するためのチェック項目を設けた。 ○ 市場関連リスク 全ての証券会社ではなく、ディーリング業務を活発に行っている証券会社を対象に、リスク管理態勢の整備状況を確認するためのチェック項目を設けた。 ○ 信用リスク 証券会社は基本的に貸出業務は行っていないことから、金融検査マニュアルとは異なり、資産査定に関する具体的な記述をせず、「信用取引」と「投資等」に区分し、それぞれの区分におけるリスク管理態勢を確認するためのチェック項目を設けた。 ○ 流動性リスク 証券会社は有価証券の売買の取次ぎ、媒介を主な業務としているところも多いことから、その証券会社の実情に応じた適切な資金繰りリスクの管理体制を整備しているかなどを確認するためのチェック項目を設けた。 ○ 事務リスク 証券会社は、証券事故等の事務リスクを多く抱えていることから、リスク軽減のための体制を整備しているか、あるいは証券事故等に適切に対処しているかなどを確認するためのチェック項目を設けた。 ○ システムリスク 自社システムの開発・運用体制の整備状況や、外部委託先に関する管理態勢が整備されているかなどを確認するためのチェック項目を設けた。 ３．  電子証券取引 (1) 電子証券取引の法令等遵守態勢の確認検査用チェックリスト 電子証券取引において、インサイダー取引を未然に防止するための対策を講じているかなど、不正取引を防止するための体制が整備されているかなどを確認するためのチェック項目を設けた。 (2) 電子証券取引のリスク管理態勢確認検査用チェックリスト 本人確認、顧客情報の管理、システム障害への対応体制など、電子証券取引のリスク管理態勢の整備状況を確認するためのチェック項目を設けた。 検査マニュアル（案）○（PDF：21KB） 検査マニュアル（案）○チェックリスト,1
2002-09-30,一部の証券会社,,証券取引等監視委員会の事務処理状況の公表について（平成14年9月30日）,https://www.fsa.go.jp/sesc/reports/n_13/n_13.html,"平成13年度版年次公表 証券取引等監視委員会の事務処理状況の公表について 平成１４年９月３０日 証券取引等監視委員会 １．事務処理状況の公表 証券取引等監視委員会（以下「監視委員会」という。）は、金融庁設置法第22条の規定に基づき、毎年、事務処理状況を公表することとしており、本年は、平成13年７月１日から14年６月30日までの期間における事務の処理状況を９月30日に「証券取引等監視委員会の活動状況」として公表した。本公表は、監視委員会が発足後、10回目となる。 ２．全般的な評価 犯則事件の調査・告発においては、虚偽の有価証券報告書提出について、当該会社の監査証明に従事していた公認会計士を初めて告発するに至った（フットワークエクスプレス事件）。 証券会社に対する検査においては、従来同様、取引一任勘定取引の契約を締結する行為が多く認められたほか、ＥＢ（他社株券償還特約付社債券）の勧誘に際して重要な事項について投資者に誤解をさせるような表示をする行為などが認められた。また、平成13年９月に起きた米国同時多発テロ以降の我が国市場の不安定な状況の中、一部の証券会社において空売り規制違反等が把握されたところである。さらに、証券会社の営業姿勢や内部管理体制に関する重大な問題点も多数認められた。証券会社の役職員は、法令遵守の重要性を強く認識し、公正な業務遂行に向けて一層努力するとともに、内部管理体制の充実・強化に努める必要がある。 なお、今回は、監視委員会の発足以来10年という節目の年の公表となることから、これまでの10年間を振り返り、監視委員会の活動状況及び展望を簡潔にまとめた記述を第８章に掲載した。 ３．概要 (1)　犯則事件の調査・告発 犯則事件の調査の結果、内部者取引につき３件、相場操縦につき１件、虚偽の有価証券報告書の提出につき３件、計７件を証券取引法違反の罪に該当するとして告発を行った。 その主なものの概要は次のとおりである。 ○　フットワークエクスプレス事件（虚偽の有価証券報告書の提出） フットワークエクスプレス(株)の当時の代表取締役社長、取締役副社長、専務取締役ら役職員６人及び同社の監査証明の業務に従事していた公認会計士３名は、共謀の上、同社の業務に関し、平成９年12月期、平成10年12月期及び平成11年12月期決算において、架空収益の計上等により、粉飾経理を行い、虚偽の記載のある有価証券報告書を提出した。 ○　志村化工事件（相場操縦） 行為者３名は、志村化工(株)の株券につき、その株価の高値形成を図り、同株券の売買を誘引する目的をもって、連続した成行又は高指値注文を行って高値を買い上がるとともに大量に下値の買付注文を入れて下値を支えるなどの方法により、その株価を高騰させるなど、いわゆる株価の変動操作等を行った。 ○　三笠コカ・コーラボトリング事件（内部者取引） 行為者２人は、コカ・コーラウェストジャパン(株)が三笠コカ・コーラボトリング(株)の株券の公開買付けを行う（重要事実）ことを知り、その重要事実の公表前に三笠コカ・ コーラボトリング(株)の株券を買い付けた上、公表後にこれを売り付けて利益を得ようと企て、同社株券を買い付けた。 (2)　検　査 本事務年度中に証券会社96社(うち外証14社)、登録金融機関７機関及び証券取引所２社に対して検査に着手した。 本事務年度において検査が終了したものは、前期繰越分を含め90社となっている。このうち57社に問題点が認められ（問題点の割合63%）、57社中、39社において市場ルール等違反の問題が認められた（問題点の割合43%）。 (3)　内閣総理大臣及び金融庁長官に対する勧告及び措置報告 内閣総理大臣及び金融庁長官に対して、検査結果等に基づいて重大な法令違反として、26件(うち財務局分19件)について行政処分等を求める勧告を行った。 事案の内容別内訳は次のとおり。 （会・個 ）　（会社 ）　（個人 ） ○ 取引一任勘定取引の契約を締結する行為 ２件 ― １３件 ○ 有価証券の売買に関し虚偽の表示をする行為等 ― ３件 １件 ○ 特別の利益を提供することを約して勧誘する行為 １件 ― ― ○ 作為的相場を形成させるべき売買をする行為等 ２件 ― ― ○ 法人関係情報に係る不公正取引の防止上不十分な管理の状況 ― １件 ― ○ 政令で定めるところに違反した空売り １件 ２件 ― ○ 投機的利益の追求を目的とした有価証券の売買取引 ― ― ８件 ○ 損失を補てんするため財産上の利益を提供する行為 ― ― ２件 ○ 外務員の職務に関する著しく不適当な行為 ― ― １件 (4)　取引審査 本事務年度中に行った審査件数は、株価が急騰するなど不自然な動きをしたもの等の価格形成に関するもの112件、投資者の判断に著しい影響を及ぼすと思われる情報の公表により株価が大きく変動したもの等の内部者取引に関するもの249件、その他風説の流布等に関するもの31件、合計392件となっている。 (5)　一般からの情報の受付 本事務年度中に投資者など一般から受け付けた情報は、個別銘柄に関するものが1,208件、証券会社の営業姿勢に関するものが498件、その他の意見等が475件、合計2,181件（対前事務年度比約60%増）となっている。 (6)　監視委員会の10年及び展望 ○　監視委員会の10年 平成４年７月20日に発足した監視委員会は、平成14年７月20日をもって満10年を迎えた。この間に、証券市場を取り巻く環境は様々な面で大きな変化を遂げ、監視委員会の活動も常に市場を取り巻く環境の変化や新たな問題に的確に対応することが求められてきた。監視委員会は、証券会社等の検査や犯則調査などの業務を通じ、与えられた責務を果すべく様々な問題に対処してきており、その結果、告発や勧告、建議などの実績を重ねてきた。 ○　展望（監視活動・機能強化への取組み等） 市場監視体制の抜本的強化を図るため、平成13年度末の定員（122人）に対して61人の大幅な増員を行い、監視委員会の平成14年度末の定員は182人（定員削減１人を含む）となった。 また、インターネット取引専業やＰＴＳ（私設取引システム）運営業務など専門的な特色を活かした新たな形態の証券会社が増加してきていること等に的確に対処するため、平成14事務年度から、検査班の編成方式として業態の特色に対応した部門制を採用し、的確かつ効果的で、更に専門性の高い検査を実施することとした。また、これとは別に、問題が発生した場合に機動的に対処するため機動部門を設置した。 さらに、自主規制機関等との情報交換や市場情報の収集・分析、また、社会的に関心が高く、即時対応が必要とされる案件に対する機動的な審査等の実施、急増する一般投資家からの情報提供の効率的な処理のため、平成14事務年度から新たに総務検査課に市場分析審査室を設置した。 その他、民間企業等での勤務経験を有し、証券取引等に関する専門的な知識を有する人材の積極的な採用、情報収集体制の充実や個人投資家との意見交換会の実施など様々な施策を実施し、証券市場の公正性・透明性を確保し、監視委員会の職責を果すための努力を行っている。 なお、「証券取引等監視委員会の活動状況」は、監視委員会事務局のほか各財務局等において閲覧することができる。 「委員会の活動状況」（一覧表） へ　(PDF/58KB) 「証券取引等監視委員会の活動状況」の本文へ 本文 （PDF/648KB） 付属資料 （PDF/324KB）",1
2003-09-05,,,「14事務年度を振り返って」ほか（平成15年9月5日）,https://www.fsa.go.jp/sesc/gaiyou/g20030905.html,[９月５日公表資料] １．１４事務年度を振り返って ○証券犯罪一掃への取組み 10件22人の告発（インターネットを利用した風説の流布及び偽計、虚偽の有価証券届出書提出について初めての告発、その他インサイダー事件等） ○悪質な市場仲介者の徹底摘発への取組み 公正な相場へ影響を与える違法行為の摘発 （引け値保証取引、ＥＢ、自己売買における見せ玉） ○２件の建議 （募集等期間中の金利変動の説明等のルール整備、インターネット証券における不適切な取引の排除） ○市場分析審査室の発足──市場への感度の更なる向上へ （市場仲介者の徹底摘発への貢献、一般からの情報受付けの増加、ポスターの掲示） ２．個人投資家への積極的な情報提供 ○ 講演会、大学での講義、個人投資家との意見交換会を各財務局と協力して積極的に開催したい。 （９月17日に委員長が名古屋で中部経済連合会会員を対象に講演予定） ○ これまでもホームページを充実してきたが、今後共、随時充実に努める。,1
2003-08-29,形成させるべき一連の売買行為やインターネット証券会社,,証券取引等監視委員会の事務処理状況の公表について（平成15年8月29日）,https://www.fsa.go.jp/sesc/reports/n_14/n_14.html,"平成1４年度版年次公表 証券取引等監視委員会の事務処理状況の公表について 平成１５年８月２９日 証券取引等監視委員会 １．事務処理状況の公表 証券取引等監視委員会（以下「監視委員会」という。）は、金融庁設置法第22条の規定に基づき、毎年、事務処理状況を公表することとしており、本年は、平成14年７月１日から15年６月30日までの期間における事務の処理状況を８月29日に「証券取引等監視委員会の活動状況」として公表した。なお、本公表は、監視委員会発足後11回目となる。 ２．全般的な評価 犯則事件の調査・告発においては、監視委員会発足以来の最高の件数である10件の告発を行い、中でも、昨今インターネットが普及している中、インターネットを利用した風説の流布及び偽計について初めて告発するに至った（ドリームテクノロジーズ事件）ほか、ディスクロージャー違反への監視強化が求められる中、虚偽の有価証券届出書提出についても初めて告発するに至った。（エムティーシーアイ事件） 証券会社に対する検査においては、従来同様、取引一任勘定取引の契約を締結する行為が多く認められたほか、証券会社の自己売買部門による実勢を反映しない作為的相場を形成させるべき一連の売買行為やインターネット証券会社において法令違反となる顧客の注文に対する売買審査体制の不備な状況などが認められた。また、一部の証券会社においては前回検査で指摘した違反行為を繰り返し行っていたことも認められた。さらに、平成15年１月６日には、本人確認法が施行されたが、一部の証券会社において顧客が他の名義人になりすましている疑いがあるにもかかわらず本人確認を行っていなかった状況が認められた。 ３．概要 (1)　犯則事件の調査・告発 犯則事件の調査の結果、内部者取引につき５件・７名、風説の流布及び偽計につき１件・１名、偽計につき１件・２名、虚偽の有価証券報告書・届出書の提出につき３件・12名、計10件・22名を証券取引法違反の罪に該当するとして告発を行った。 その主なものの概要は次のとおりである。 ○　ドリームテクノロジーズ事件（風説の流布及び偽計） 行為者１名は、ドリームテクノロジーズ(株)の株券について、インターネットを利用して相場を変動させ同社株券を売買して利益を得ようと企て、あらかじめインターネット上で募集した会員に対し、売買を推奨する内容虚偽のメールを送信し、もって、風説を流布するとともに、偽計を用いた。 ○　エムティーシーアイ事件（虚偽の有価証券届出書等の提出、偽計） (株)エムティーシーアイの代表取締役会長は、同社の業務に関し、平成11年５月期において、架空の投資未決算勘定を計上するなどした虚偽の記載のある貸借対照表等を掲載した有価証券報告書を提出し、同年10月に公募による同社株券発行を実施するに際し、同貸借対照表を掲載した有価証券届出書を提出した。 また、同会長は、同公募増資に当たり、虚偽の事実を公表して多数の一般投資家から株式払込金を得ようと企て、セミナー講演などにおいて虚偽の事実を公表し、株券の募集のため偽計を用いた。 ○　ニチメンインフィニティ事件（内部者取引） 証券会社の事業法人第１部長及び企業提携部次長は、互いに全く独立して、ニチメン(株)との公開買付代理人契約に関し、ニチメン(株)がニチメンインフィニティ(株)の株券の公開買付けを行う（重要事実）ことを知り、その重要事実の公表前にニチメンインフィニティ(株)の株券を売買して利益を得ようと企て、同社株券を買い付けた。 ○　ケイビー事件（虚偽の有価証券報告書の提出） (株)ケイビーの代表取締役会長、専務取締役及び常務取締役は、共謀の上、同社の業務に関し、平成10年３月期から平成13年３月期の４期にわたり、架空の売上を計上するなどの方法による、虚偽の記載のある貸借対照表等を掲載した有価証券報告書を提出した。 また、平成14事務年度においては、大阪証券取引所に係る相場操縦の嫌疑等４件について、犯則嫌疑者等の居宅及び関係事務所等に対し強制調査を実施した。 (2)　検　査 本事務年度中に証券会社113社（うち外証18社）、登録金融機関13社に対して検査に着手した。 本事務年度において検査が終了したものは、前期繰越分を含め135社となっているが、このうち78社に問題点が認められた（問題点の割合58％）。問題点が認められた78社中、50社において市場ルール等の違反行為が認められたほか、証券会社の営業姿勢や内部管理体制に関する問題点も多数認められた。 (3)　内閣総理大臣及び金融庁長官に対する勧告 検査結果に基づき、内閣総理大臣及び金融庁長官に対し、重大な法令違反が認められたとして、行政処分等を求める勧告を30件(うち財務局等分19件)実施した。 事案の内容別内訳は次のとおり。 （会・個 ）　（会社 ）　（個人 ） ○ 取引一任勘定取引の契約を締結する行為 ２件 ― １２件 ○ 有価証券の売買に関し虚偽の表示をする行為等 ― １件 ― ○ 特別の利益を提供することを約して勧誘する行為 ― ２件 ― ○ 作為的相場を形成させるべき売買をする行為等 ４件 ２件 １件 ○ 投機的利益の追求を目的とした有価証券の売買取引 ― ― ７件 ○ 親法人等との非公開情報の授受 １件 ― ― ○ 外務員の職務に関する著しく不適当な行為 ― ― ２件 ○ 調達資金が親法人への弁済に充てられることの不告知 ― １件 ― ○ なりすましの疑義のある取引について本人確認を行わない行為 ― １件 ― (4)　建議 検査結果に基づき、金融庁長官に対し、証券会社の営業姿勢及びインターネット証券会社の内部管理に問題が認められたとして建議を行った。 建議の概要は次のとおり ○　証券会社の営業姿勢 有価証券の投資に影響を与える市場要因が短期的に変化する場合、この有価証券の募集、売り出しによって取得する個人投資家が、情報面等で不利な状況となることを防止するために、証券会社が個人投資家向けに有価証券の募集や売り出しを行う場合における説明等についてのルールを整備する必要がある。 ○　インターネット取引を取り扱う証券会社の法令遵守のための内部管理 インターネットによる、作為的相場を形成する行為や空売り規制の潜脱行為、他人になりすましている疑義のある取引などの違法又は不適切な顧客の注文を市場から排除するために、通常の対面営業の証券会社のそれとは異なる、インターネットの非対面性という営業方法の特質に配慮した内容の売買審査体制及び顧客管理体制が構築されるべきであり、その適正性を確保させるための適切な措置を講じる必要がある。 (5)　取引審査 本事務年度は、取引審査部門と情報処理部門を統合して、市場分析審査室として改組した上で、取引審査担当者を大幅に増員した結果、審査件数は合計で684件となった。その内訳は、株価が急騰するなど不自然な動きをしたもの等の価格形成に関するもの147件、投資者の投資判断に著しい影響を及ぼす重要な事実の公表により株価が大きく変動したもの等の内部者取引に関するもの495件、その他風説の流布等に関するもの42件となっている。 (6)　一般からの情報の受付 本事務年度中に投資者など一般から受け付けた情報は、インターネット、電話による情報提供が大幅に増えたことから、合計で3000件超となる3,056件（対前事務年度比約４0％増）となっている。情報の内容としては、個別銘柄に関するものが1,848件、証券会社の営業姿勢に関するものが573件、その他の意見等が635件となっている。 (7)　監視活動・機能強化への取組み等 ○　組織の充実 ディスクロージャー違反の徹底摘発に向けた犯則事件の調査体制の強化、証券会社の違反行為を見逃さない検査体制の確保、インターネットを利用した不正取引に対する日常的な市場監視体制の強化を柱として、37人の増員を行い、15年度末の定員は217人（定員削減等を２人含む）となった。また、財務局等の監視官部門においても、17人の増員が行われ、15年度末の定員は199人となった。 さらに、的確な市場監視及び職員の専門性向上を図るため、弁護士や公認会計士等を含む20人の民間専門家を採用し、平成15年６月末現在において在籍している民間専門家は46人となっている。 ○　本人確認法による新たな権限 新たな権限として、15年１月から本人確認法が施行されたことにより、証券会社等における本人確認等の実施状況の検査及び報告・資料徴取権が金融庁長官等から委任され、さらに、顧客が本人特定事項を隠蔽する目的で証券会社等に虚偽の申立てを行う違法行為については、犯則事件の調査権限が与えられた。 ○　関係当局との連携 金融庁や自主規制機関と情報交換等を行うなどさらなる連携の強化に努め、さらに海外の証券規制当局との意見・情報交換や主要な国際会議に参加するなど、金融庁とともに海外の証券規制当局との連携強化にも努めている。 ○　インターネット取引等への取組み インターネットを利用した不公正取引に対する監視活動の重要性が高まる中、インターネット審査官の増員や、「改革加速のための総合対応策」（平成14年10月）を受けて、市場分析審査室内に特別チームを編成するなど、インターネットを通じた風説の流布等への重点的な監視を実施したほか、証券会社の検査におけるインターネット取引に関する重点的な検査の実施、インターネットによる一般からの情報提供の増加を図るための監視委員会ホームページのリンク先拡大などを行った。 また、インターネット巡回監視システムを活用し、インターネット上の問題のある表示や書込みに対する効率的な監視に努めている。 ○　ディスクロージャー違反への取組み 公認会計士等を６人採用するなど、有価証券報告書等の虚偽記載などのディスクロージャー違反に対する監視体制を強化した。 その他、国内各地に委員長や委員、事務局幹部が出向いて、個人投資家との間で、「投資家との意見交換会」や「講演会」を実施し、監視委員会の活動状況に対する理解や情報提供の呼びかけを行っている。 監視委員会としては、証券市場を取り巻く環境が不断に変化する中、個人投資家の保護及び証券市場の公正性・透明性を確保するため、証券市場の公正性に重大な影響を及ぼすような問題に対して、これまで以上に厳正かつ的確に対応し、その職責を果たす努力を行っている。 なお、「証券取引等監視委員会の活動状況」は、監視委員会事務局のほか各財務局等において閲覧することができる。 「委員会の活動状況」（一覧表） へ　(PDF/61KB) 「証券取引等監視委員会の活動状況」の本文へ 本文 （PDF/627KB） 付属資料 （PDF/1,271KB） 全文一括印刷用 （PDF/10,336KB）",1
2003-06-24,証券会社・銀行,,情報提供を呼びかけるポスターの掲出について（平成15年6月25日）,https://www.fsa.go.jp/sesc/annai/20030624.html,"平成１５年６月２４日 証券取引等監視委員会 情報提供を呼びかけるポスターの掲出について １．概　要 証券取引等監視委員会に寄せられる情報は、当委員会の検査や市場監視、犯則事件の調査を行う場合の端緒として有用性が高いことから、平成４年の発足以来、情報受付体制の整備を図りつつ、積極的にこれを受付けているところである。 情報提供の件数は年々増加しており、平成14事務年度においては3000件に迫る状況である。 監視委員会としては、情報提供の重要性にかんがみ、今後も一般からの情報提供をいっそう呼びかけるために積極的に広報を続けていく必要があると考え、情報提供を呼びかけるポスターを作成した。ポスターの掲出は、より多くの方からの情報提供が期待できるとともに、監視委員会のプレゼンスの向上にも効果があると考えている。 ２．掲出方法 (1) 掲出時期 ： 平成15年７月１日以降任意の期間 (2) 掲出依頼先 ： 証券会社・銀行の各店頭、一部私鉄の駅構内、 日本百貨店協会加盟の百貨店、日本証券業協会、 証券取引所、各財務局 (3) 掲出枚数 ： 11,500枚 ３．ポスター 「インサイダー取引、相場操縦などの不公正な行為を見かけたら、情報提供をお願いします」ということをイメージしたものである。",1
2004-10-21,Government of Singapore Investment,,シンガポール通貨監督庁が行った処分について（平成16年10月21日）,https://www.fsa.go.jp/sesc/news/c_2004/2004/20041021-1.html,"シンガポール政府投資公社の従業員による我が国証券市場におけるインサイダー取引に対して同国通貨監督庁が行った処分について 平成１６年１０月２１日 証券取引等監視委員会 １ ．本日、シンガポール通貨監督庁（Monetary Authority of Singapore、以下「MAS」という。）は、シンガポール政府投資公社（Government of Singapore Investment Corporation、以下「GIC」という。）の従業員が日本の証券市場においてインサイダー取引を行ったことが判明したため、同国証券先物法違反として、当該従業員に対して民事制裁金（Civil Penalty）を課した旨、発表した。 本件は、外国に居住する者が我が国証券市場において証券取引を行うといういわゆるクロス・ボーダー取引において、インサイダー取引が行われたものであるが、当証券取引等監視委員会が端緒を把握した後、我が国とシンガポールとの間の情報交換取極（以下「MOU」という。）に基づき、MASに対して情報提供及び調査依頼を行った結果、今般のMASによる処分に至ったものである。 本件は、クロス・ボーダー取引における違法行為に対する国際的な証券当局間の協力の成果であり、当委員会としては、MASの協力に対して感謝するとともに、今後ともこうした国際的な協力を促進していきたいと考えている。 ２ ．事案の概要 (1) (株)三井住友フィナンシャルグループ（以下「SMFG」という。）は、平成15年２月17日の立会取引開始前に、同社が3,000億円以上の規模で優先株式を発行することを公表した。GICの従業員３名は当該情報を公表前に入手し、同月13日、当該情報を利用し、GICが保有するSMFG株式の売付け等を行い、当該情報が公表された後のSMFG株式の価格下落による損失（約71万シンガポール・ドル＝約4,860万円※）を回避した。当該損失回避による利得は、当該従業員ではなく、GICに帰属していた。 ※　当時のレート（１シンガポール・ドル＝68.3 円）で換算 (2) MASは証券先物法第219条のインサイダー取引条項により当該従業員３名に対して民事制裁金を課した。 当該従業員の氏名及びそれぞれがMASに支払う民事制裁金額は以下のとおり。 氏　名 民事制裁金額 Mr. Lim Kee Chong 40万シンガポール・ドル Mr. Teng Cheong Thye 24万　　〃 Mr. Choo Yong Cheen 7.5万　〃 (3) MASが調査した限り、GIC（法人自体）の証券先物法違反の事実は認められなかったが、GICは自発的に、約71万シンガポール・ドル（従業員３名の上記取引による利得相当額）をMASに提供した。 （ 参考） １ ．シンガポールとの間の情報交換取極 平成13年12月、日本・シンガポール間で締結。両国の証券規制当局が相手国当局からの要請に応じて、市場における取引等に係る情報を相互に提供する枠組み。MOU(Memorandum of Understanding)ともいう。 ２ ．SMFG株式の株価は、以下のとおり（参照別紙）。 平成15年２月14日（金） 終値403,000円 ２月17日（月） 午前８時　SMFGが優先株式の発行を公表。 同日終値374,000円 ３ ．シンガポール証券先物法第219条の概要 未公表で証券の価格に影響を与える重要な情報を入手している内部者が、当該情報が未公表で価格に影響を与える重要なものであることを認識する場合、 (1) 関係する証券の売買を行うこと 【219(2)(a)】、 (2) 他の者をして関係する証券の売買をさせること　【219(2)(b)】、 (3) 上記(1)(2)の行為を行いそうな他の者へ未公表で価格に影響を与える重要な情報を伝達すること　【219(3)】、 が禁止されている。 (MASプレスリリースの日本語仮訳)",1
2004-07-20,すなわち証券会社,,新体制発足高橋委員長記者会見（平成16年7月20日）,https://www.fsa.go.jp/sesc/gaiyou/g20040720.html,高橋委員長記者会見の概要 （平成16年７月20日(火)14時30分～14時45分） （高橋 ） 監視委員会の委員長に再任されました高橋でございます。どうぞご支援のほどよろしくお願いします。再任でございますから特別感慨というものはございません。平成13年に委員長になりました際に、私の基本方針として 委員長談話 を発表させて頂きました。これからの基本方針もほぼこれに尽きるものでございます。新たに付け加えるべきものもそう多くはございません。ご承知の通りだと思いますけれどその際に私はこの委員会の活動の方針として、一つは、証券取引の仲介者、すなわち証券会社の法違反行為に対して厳しく検査をしていくということを申し上げました。もう一つは、証券市場での犯罪行為、例えばインサイダーや相場操縦の問題、風説の流布等に対して厳しく調査をし且つ必要に応じて告発をしていくということでございます。これからもこの基本方針は堅持していきたいと思っております。ただ、その後、証券市場も色々変化がございます。例えば、発行会社の情報開示、これが適正になされているかどうかということは、証券市場の発展のために欠くことができないものでございます。これは、例のエンロン問題を出すまでもなく当然のことでございます。今後、このような情報の開示問題につきましても我々は厳しい目で検査をしていきたいと考えております。メモにしてお渡ししてあります重点事項ということでありますが、我々は今かなり大きな問題に直面しております。一つは、来年の四月から課徴金制度が導入されます。これをいかに運営していくかということが当面の問題として挙げられるわけでございまして、この適正な運営に努力をしていきたいと考えております。二つ目でございますが、来年の七月からこの委員会の職務権限が大幅に拡大されると思われます。これまで、この委員会は証券市場における行為の適法性というものを検査し調査してきたわけですが、今後は現在金融庁が行っている、例えば財務の健全性の検査等を行わなければならないことになるだろうと考えております。その他、職種につきましても多くこの委員会に託せられるだろうという問題がございます。これらの問題についても抜かりのない職務遂行をしていきたいと考えております。それから、もう一つは、新商品に対する対応であります。多くの新商品が出され、証券市場で流通して参ります。しかし、このような新商品につきましては複雑な構造やあるいは性格を持っているものが多く、その内容について十分な説明をしなければ、投資家にとって不明な点がかなり多く、不測の損害を与えることもありうるというように考えるものであります。このような新しい形態の取引について証券会社その他が、どれほど適正に説明をしているかという面についても見逃すことができないと考えております。四つ目は、クロスボーダー取引への対応であります。外国の色々な組織、あるいは外国における行為を前提とした証券の取引が日本で行われ、それが日本の証券市場の適正性を害しているというような事案も無いではないのでありまして、これらの問題についても適切な形で対応していきたいと考えております。最後は、このように新しい制度ができ、新しい権限が付加されて参りますと、組織を根本的に考えなければいけないという問題が出て参ります。当然、その中には人員の増加ということもあります。現在の公務員の置かれている立場、あるいは国全体の財政の問題等を考えますと、人員の増加は大変厳しいものがございますけれども、この委員会の適正な職務遂行のために関係各方面のご理解を得てできるだけ人員の増加を実現して頂きたいと考えているわけでございます。それでは、ご質問がございましたら、私が申し上げられる範囲でお答えしたいと考えております。 （記者 ） 再任ということですが、この３年間の証券市場の変化、SESCの活動と共に日本の証券市場の公正性についてどのような局面になってきたか、そのご認識を頂けますか。 （高橋 ） 証券仲介者すなわち証券会社の法令遵守の態度ということでございますけれど、これは必ずしも極めて良好に推移しているということではないだろうと私は思っております。ただ、この３年間行ってきた証券検査の場面では、問題点を指摘する割合が、やや減ってきております。これは、やはり証券仲介者の中で適法性の確保ということの重要性がだんだんと浸透してきているという結果であろうと私は判断しております。特にそれぞれの証券会社等の上層部の方々のコンプライアンスについてのお考え、これは、年々向上しているといいますか、重視されている傾向が顕著であります。ただ、そのお考えが、必ずしも現実の取引の中できちんと実現されているかどうかということになって参りますと、私はなお、疑問を持っているわけでございます。コンプライアンスの必要性をお考えになり、色々な制度をお作りになり、それに向かって努力していることは、よく分かるわけでございますけれど、そのような法違反行為が発生する原因についてのご理解、それからそのような発生をいかにして防止するかという問題、このような問題については、まだまだという感じを持っております。それから、証券市場における犯罪ですけれど、これは正直に申し上げまして、どれだけの犯罪が起こっているかということを確認することは非常に難しい問題でございます。しかしながら、我々は、例えば相場操縦については、不審な取引はないかという面からあらゆる取引についての審査を行っております。ですから、この審査の結果、取引についての大きな不審点というものは把握しているであろう、その中で我々は相場操縦その他を摘発していっているということでございます。それから、インサイダー取引も同様でございますけれども重要事項は、全て把握されております。その重要事項を前提に致しまして取引の審査を行いインサイダー取引の気配はないかというものを徹底的に洗ってきております。もちろん、これが、完全に十分であるということは、申し上げませんが、これからも適正に証券市場が運営されるための努力を続けて行きたいと考えています。 （記者 ） 二点目、体制なんですけれども今後、課徴金制度の導入、いわゆる財務検査の金融庁からの移管ということで、新たに外から採ってくる人も必要でしょうし、金融庁から移られる方もいると思いますが、合わせてどれくらいの規模が必要であると委員長はお考えでしょうか。 （高橋 ） 16年度末の定員は、委員会237名、出先機関である財務局が203名であります。合わせて440名になります。今後必要な規模についてですが、いくら人間がいたらいいのか、これはなかなか難しい問題です。現実に対応しながらやっていって、この部分が足りない、だから、これだけの人が必要だということで次第に増やしていくというのがベストだろうと思います。今、何百人必要だということは出しようのない数字だろうと私は思っております。 （記者 ） ３年前に高橋さんは３つの不信とおっしゃられたが、今は３つの不信はどの程度のレベルで、これからそれぞれどのように対応されるのか教えて下さい。 （高橋 ） レベルの問題をおっしゃいましたけれど、７割だとか８割だとかなかなか難しくていえることではありません。しかし、３つの不信がなお、存在しているということは事実だろうと私は思っております。ただ、解消に向かって３年間努力して参りました。それが、どれだけ進んできているかということは、マスコミの皆さんや証券会社の皆さんに評価して頂くより他に方法が無いわけでございまして、我々は３年間できるだけのことをしてきたというように自負はしております。しかし、それが完全だったとは、私は決して申しません。これからも完全な結果を求めてやっていくという以外にはないと思います。 （記者 ） クロスボーダー取引への対応ですけれど、非居住者の法令違反の疑いのある取引とはどのような取引ですか。 （高橋 ） 例えば、海外でCBの発行がなされるときに、それに先立ち、いわゆるプレマーケティングという作業が行われることがあります。つまり、どれくらいの需要があるのか調査されるわけです。このプレマーケティングの中に含まれている情報によって取引がなされる可能性、実際にそういうものが発生していると言っているわけではございませんが、そういう可能性があるとするならば、外国発のいわば、インサイダー取引が行われる可能性もあるわけで、そういうものも十分に警戒しておこうということでございます。 （記者 ） どうもありがとうございます。 （高橋 ） どうもありがとうございます。 （以上）,1
2004-08-27,受託していた証券会社,,証券取引等監視委員会の事務処理状況の公表について（平成16年8月27日）,https://www.fsa.go.jp/sesc/reports/n_15/n_15.html,"平成15年度版年次公表 証券取引等監視委員会の事務処理状況の公表について 平成１６年８月２７日 証券取引等監視委員会 １ . 事務処理状況の公表 証券取引等監視委員会（以下「監視委員会」という。）は、金融庁設置法第22条の規定に基づき、毎年、事務処理状況を公表することとしており、本年は、平成15年７月１日から平成16年６月30日までの期間における事務の処理状況を、同年８月27日に、「証券取引等監視委員会の活動状況」として公表した。なお、本公表は、監視委員会発足後12回目となる。 ２. 全般的な評価 犯則事件の調査・告発においては、監視委員会発足以来の最高の件数であった昨年度と同様の10件の告発を行った。中でも、自主規制機関である証券取引所自らが行った相場操縦について告発するに至った（大阪証券取引所事件）ほか、その他の大掛かりな相場操縦や、ディスクロージャー違反への監視強化が求められる中、虚偽の有価証券報告書等の提出についても告発するに至った。（キャッツ事件等） 証券会社に対する検査においては、いわゆる「適合性原則」 (注) に違反する業務の状況、証券会社の自己売買部門による実勢を反映しない作為的相場を形成させるべき一連の売買行為、法人関係情報に係る不公正取引の防止上不十分な管理の状況が認められた。また、アナリスト・レポートに関する利益相反行為等が認められた。また、上記のキャッツ事件に関連して、相場操縦に当たる売買取引を受託していた証券会社に対して一斉に検査を実施した結果、複数の証券会社において、実勢を反映しない作為的相場が形成されることとなることを知りながら一連の有価証券の売買取引の受託等をする行為が認められた。 (注)　「適合性の原則」　： 投資勧誘に際して、顧客の知識、経験及び財産の状況に照らして適当と認められる取引の勧誘を行わなければならないというルール ３. 概要 (1) 犯則事件の調査・告発 犯則事件の調査の結果、内部者取引につき６件・８名、相場操縦につき２件・10名、虚偽の有価証券報告書等の提出につき２件・10名、計10件・28名を証券取引法違反の罪に該当するとして告発を行った。 その主なものの概要は次のとおりである。 ○ 大阪証券取引所事件（相場操縦） 大阪証券取引所副理事長及び日本電子証券(株)代表取締役社長は、同取引所が開設する有価証券オプション市場に上場されている株券オプションにつき、投資者にその取引が繁盛に行われていると誤解させようと企て、共謀の上、仮装の株券オプション取引及びいわゆる馴合い取引を行った。 ○ キャッツ事件（相場操縦、虚偽の有価証券報告書等の提出） (株)キャッツの前代表取締役、代表取締役ら外４名は、(株)キャッツの株券につき、その株価の高値形成を図り、同株券の売買を誘引する目的をもって、株価の変動操作等を行うとともに、他人をして同株券の売買が繁盛に行われていると誤解させる等、同株券の売買の状況に関し他人に誤解を生じさせる目的をもって、同株券の仮装の売買及び馴れ合い売買を行った。 また、(株)キャッツの前代表取締役ら、同社役員２名及び同社の監査証明の業務に従事していた公認会計士１名は、共謀の上、同社の業務に関し、第29期（平成14年１月から同年12月まで）における同年１月から同年６月までの半期の決算及び第29期の決算に当たり、内容虚偽の貸借対照表等を掲載した半期報告書及び有価証券報告書を提出した。 ○ デジタル事件（内部者取引） 東証・大証一部上場会社の前代表取締役社長は、(株)デジタルとシュネデール・エレクトリック社が資本業務提携を行うことについて決定した事実を知り、その公表前に(株)デジタルの株券を買い付けて利益を得ようと企て、同社株券を買い付けた。 (2) 検査 本事務年度中に証券会社124社(うち外証17社)、登録金融機関13社、金融先物取引業者１社、自主規制機関２社に対して検査に着手した。 本事務年度において検査が終了したものは、前期繰越分を含め130社となっているが、このうち67社に問題点が認められた（問題点の割合52%）。問題点が認められた67社中、43社において市場ルールの違反行為が認められたほか、証券会社の営業姿勢や内部管理体制に関する問題点も多数認められた。 (3) 内閣総理大臣及び金融庁長官に対する勧告 検査結果又は犯則事件の調査に基づき、内閣総理大臣及び金融庁長官に対し、重大な法令違反が認められたとして、行政処分等を求める勧告を26件(うち財務局等分16件)実施した。 事案の内容別内訳は次のとおり。 （会・個 ）　（会社 ）　（個人 ） ○ 取引一任勘定取引の契約を締結する行為 １件 １件 ８件 ○ 法人関係情報に係る不公正取引の防止上不十分な有価証券の売買に関する管理の状況 １件 ２件 ― ○ 有価証券の売買に関し重要な事項について誤解を生ぜしめるべき表示をする行為 １件 ― ― ○ 特別の利益を提供することを約して勧誘する行為 ― １件 １件 ○ 作為的相場を形成させるべき売買をする行為等 ２件 ２件 ― ○ 職務上知りえた特別の情報に基づく有価証券の売買及び投機的利益の追求を目的とした有価証券の売買取引 ― ― ２件 ○ 法人関係情報を提供した勧誘 １件 ― ― ○ 損失補てん等 ― １件 ― ○ 適合性原則違反 ― １件 ― ○ 外務員の職務に関する著しく不適当な行為 ― ― ２件 ○ 仮装取引及び馴合い取引 １件 １件 ― ○ なりすましの疑義のある取引について本人確認を行わない行為 ― ３件 ― ○ 自主規制業務の不備 ― １件 ― 勧告の対象となった主な法令違反の概要 イ いわゆる「適合性原則」違反概要 日経平均株価（日経225）を対象とする日経225オプション取引の勧誘を積極的に行っている一方で、内部管理面では、営業員により顧客に適合しない不適当な勧誘が行われることを未然に防止するための管理体制が整備されていない状況の中で、 ○ 生計を主に年金収入に頼り、オプション取引を開始するまでは債券や投資信託の取引を主体とし、オプション取引の基本的な仕組みを理解していない顧客に対して、オプション取引の仕組みやリスクを十分に説明して理解させないまま、 ○ オプション取引の対象銘柄、数量、売買の別をすべて営業員が提案し、顧客が無条件にこれを受け入れるという営業員主導の態様で、顧客の財産に比して大きな数量の建玉のオプションの売り取引を短期間に繰り返して行うなどの取引を勧誘し、 その結果、顧客に多額の損失を発生させた。（泉証券） ロ （株）キャッツ株式に係る相場操縦事件に関して行われた検査の概要 当該事件に係る犯則嫌疑者が高指値注文の連続発注による買付け等の方法により、当該株式の価格の引上げを意図していることを知りながら、当該株式の売買注文を受託、執行した行為は、「実勢を反映しない作為的相場が形成されることとなることを知りながら一連の有価証券の売買取引の受託等をする行為」と認められた。(ゲット証券・丸三証券) 当該事件に係る犯則嫌疑者が複数の法人口座において、当該法人になりすまして取引を行っていることを知りながら、本人確認を行わないまま、取引を受託、執行した行為は、なりすましの疑いのある取引について本人確認を行わない行為と認められた。（ゲット証券） (4) 建議 証券会社の検査を行った結果、(1)証券会社のアナリスト・レポート及び証券アナリストに係る管理が十分なものとは認められない状況、(2)証券会社が情報提供会社に対し、銘柄を指定した上、対価を支払ってアナリスト・レポートの作成を依頼したが、同レポートがそのような事情の下で作成されたことを同レポートに表示することなく投資者に対し公表している状況が認められたので、投資者保護及び市場の公正性、透明性を高める観点から、証券会社が投資者の勧誘等に際し使用するアナリスト・レポートに関する利益相反行為等を防止するため、アナリスト・レポート及びこれを作成したアナリストに対する適切な管理体制を構築させるための措置を講じる必要があるとして、金融庁長官に対し、建議を行った。 (5) 取引審査 本事務年度の審査件数は、合計68７件であった。その内訳は、株価が急騰するなど不自然な動きをしたもの等の価格形成に関するもの154件、投資者の投資判断に著しい影響を及ぼす重要な事実の公表により株価が大きく変動したもの等の内部者取引に関するもの500件、その他風説の流布等に関するもの33件となっている。 (6) 一般からの情報の受付 本事務年度中に投資家など一般から受け付けた情報は、3,217件であり、前事務年度を上回り、平成４年の発足以来最高の受付件数となっている。情報の内容としては、個別銘柄に関するものが2,015件、証券会社の営業姿勢に関するものが655件、その他の意見等が547件となっている。 (7) 監視活動・機能強化への取組み等 ○ 組織の充実 ディスクロージャー違反等の徹底摘発に向けた犯則事件の調査体制の強化、証券会社等の違反行為を見逃さない検査体制及び日常的な市場監視体制の強化を柱として、23人の増員が認められ、平成16年度末の定員は237人となる。また、財務局等の監視官部門においても、７人の増員が認められ、平成16年度末の定員は204人となる。 さらに、的確な市場監視及び職員の専門性向上を図るなどのため、デリバティブや有価証券のディーリング業務などに精通した者、弁護士及び公認会計士18人の民間専門家を採用し、平成16年６月末現在において在籍している民間出身の専門家は59人となっている。 ○ 新たな監視機能について 金融審議会報告書（「市場機能を中核とする金融システムに向けて」）において、市場監視機能・体制の強化のための方策として、課徴金制度の導入、金融庁から監視委員会への検査委任範囲の拡大等が報告された。 これを踏まえ、証券取引における課徴金制度の導入及び証券取引等監視委員会の検査範囲の拡大による市場監視機能・体制の強化等を内容とする「証券取引法の一部を改正する法律案」が平成16年６月２日に成立し、課徴金制度の導入については平成17年４月１日から、監視委員会の検査範囲の拡大については同年７月１日から施行される。 ○ 投資家への情報提供等の取組み 講演会の開催やインターネットを通じて監視委員会の活動状況等の情報を提供することにより、個人投資家等の監視委員会に対する理解と証券市場等に対する信頼を深めてもらう工夫に取り組んでいる。また、監視委員会の活動に有用な端緒となる情報がより多く寄せられるよう、ポスター等を通じてその提供を求めている。 ○ 関係当局との連携 金融庁や自主規制機関と密接な情報交換等を行うとともに、海外の証券規制当局との情報交換や主要な国際会議への参加を通じて、金融庁とともに海外の証券規制当局との連携強化にも努めている。 なお、「証券取引等監視委員会の活動状況」は、監視委員会事務局のほか各財務局等において閲覧することができる。また、８月27日15時30分から監視委員会のホームページ、９月１日には官報に掲載する予定である。 「委員会の活動状況」（一覧表） へ　(PDF/9KB) 「証券取引等監視委員会の活動状況」の本文へ 本文 （PDF/536KB） 付属資料 （PDF/1,311KB） 全文一括印刷用 （PDF/6,361KB）",1
2004-07-01,株式会社名古屋証券取引所,,株式会社名古屋証券取引所に対する検査結果について（平成16年7月1日）,https://www.fsa.go.jp/sesc/news/c_2004/2004/20040701-1.html,株式会社名古屋証券取引所に対する検査結果について 平成１６年７月１日 証券取引等監視委員会 １ ．証券取引等監視委員会が、株式会社名古屋証券取引所（名古屋市中区栄、役職員50名）を検査した結果、下記のとおり当該取引所に係る問題点が認められた。 ２ ．指摘の概要 当取引所においては、自主規制グループが中心となり自主規制業務を行っており、同グループの参加者監理チームにおいて取引参加者に係る考査業務を、市場監理チームにおいて有価証券の売買等に係る不公正取引の売買審査業務を行っている。 (1) 考査業務の不備 ○ 考査実施上の不備 市場監理チームが行った売買審査結果等の情報には、参加者監理チームが行う考査において参考となる事項が認められており、これらの情報を参加者監理チームが入手することにより、機動的かつ効率的な考査の実施が可能となると認められる。しかしながら、参加者監理チームは、考査実施にあたり、市場監理チームから売買審査結果等の情報の提供を受けておらず、市場監理チームで注視すべきとした事項の調査を行っていないなどの状況が認められた。 (2) 売買審査業務の不備 ○ 内部者取引審査対象銘柄の選定に係る不備 市場監理チームでは、適時開示情報伝達システム（ＴＤネット）から開示情報の抽出を行い、その中から重要事実が発生した銘柄を特定し、当該銘柄の売買状況を確認した上で内部者取引に係る売買審査を行っている。しかしながら、市場監理チームにおいては、この抽出作業に対するチェック体制が十分でないことから、開示情報のうち決算短信に係る開示情報の抽出漏れが発生し、本来行われるべき内部者取引に係る売買審査を一部行っていない状況が認められた。,1
2005-08-26,,,証券取引等監視委員会の事務処理状況の公表について（平成17年8月26日）,https://www.fsa.go.jp/sesc/reports/n_16/n_16.html,"平成16年度版年次公表 証券取引等監視委員会の事務処理状況の公表について 平成１７年８月２６日 証券取引等監視委員会 １ . 事務処理状況の公表 証券取引等監視委員会（以下「監視委員会」という。）は、金融庁設置法第22条の規定に基づき、毎年、事務処理状況を公表することとしており、本年は、平成16年7月１日から平成17年6月30日までの期間（以下「平成16事務年度」という。）における事務の処理状況を、本日、「証券取引等監視委員会の活動状況」として公表した。なお、本公表は、監視委員会発足後13回目となる。 ２. 全般的な評価 犯則事件の調査・告発においては、監視委員会発足以来の年間最多となる11件の事件について告発を行った。中でも、特に社会的に大きな影響を与えたものとして、西武鉄道(株)に係る虚偽の有価証券報告書提出及び同社株券に係る内部者取引事件（西武鉄道事件）のほか、いわゆるデイトレーダーと呼ばれる個人投資家のインターネット取引による相場操縦事件（真柄建設他２銘柄事件）や、中央省庁勤務の公務員が法令に基づく権限を利用して行った初の内部者取引事件（チノン事件）があった。 証券会社等に対する検査においては、147社の検査を終了し、67社において問題点が認められた。このうち、17社に対して行政処分等を行うことを求める勧告を行った。主な問題点として、実勢を反映しない作為的相場を形成させるべき一連の有価証券の売買取引をする行為、有価証券の売買その他の取引に関し虚偽の表示をする行為又は重要な事項につき誤解を生ぜしめるべき表示をする行為、取引一任勘定取引の契約を締結する行為、投資信託受益証券の乗換勧誘に際し重要な事項について説明を行っていない状況等が認められた。 平成16事務年度は、先の西武鉄道事件や(株)ライブドアによるニッポン放送株取得を巡る一連の動向など、証券市場において社会的に強い関心を集めマスメディアにより国民にも広く報道される出来事が多くみられた。他方、監視委員会においては監視機能、体制の強化が図られてきており、新たに付与された権限も的確に行使し、監視委員会に与えられた責務を着実に果たすことを通じて、引き続き、公正で信頼される証券市場の保持に全力を尽くしていくこととしている。 ３. 概要 (1) 犯則事件の調査・告発 犯則事件の調査の結果、内部者取引につき６件・10名、風説の流布及び偽計につき1件・2名、相場操縦につき２件・2名、虚偽の有価証券報告書提出につき２件・4名、計11件・18名について、証券取引法に違反するとして告発を行った。 その主なものの概要は次のとおりである。 ○ 真柄建設他２銘柄事件（相場操縦） 犯則嫌疑者は、東京証券取引所市場第一部上場銘柄である真柄建設の株式ほか２銘柄の株式につき、各株式の売買を誘引する目的をもって、北海道釧路市の自宅において、インターネット取引の方法により、各株式の売買が繁盛であると誤解させ、かつ各株式の相場を変動させる一連の売買の委託をした。 ○ チノン事件（内部者取引） 犯則嫌疑者は、経済産業省の職員として産業活力再生法に基づく事業再構築計画の審査・認定事務に従事していたが、その審査・認定事務の過程において、コダックジャパンデジタルプロダクトディベロップメント(株)が産活法の適用を前提としてチノン(株)株について公開買付を行うことを決定した事実を知り、その公表前にチノン(株)株券を買い付けて利益を得ようと企て、自己及び妻名義で、同社の株券を買い付けた。 ○ 西武鉄道事件（虚偽の有価証券報告書提出、内部者取引） (株)コクドの取締役会長であった犯則嫌疑者は、犯則嫌疑法人(株)西武鉄道代表取締役社長らと共謀の上、同社の業務に関し、関東財務局長に対し、(株)コクドの所有に係る同西武鉄道(株)株式数につき、発行済株式総数に対する所有割合が約65％であるにもかかわらず、その所有割合を約43％などとする重要な事項についての虚偽の記載のある有価証券報告書を提出した。 また、同犯則嫌疑者は、その職務に関し、西武鉄道(株)の有価証券報告書に継続的に犯則嫌疑法人(株)コクドの所有に係る西武鉄道(株)株式等について虚偽の記載をしてきた事実を知り、その公表前に、その株式を売却してその株式数等について減少させようと企て、(株)コクドの従業員らと共謀の上、同社の業務に関し、他社に対し、同社が所有する株式を売り付けた。 (2) 検査 本事務年度中に証券会社113社(うち外証17社)、登録金融機関27社に対して検査に着手した。 本事務年度において検査が終了したものは、前期繰越分を含め147社となっているが、このうち67社に問題点が認められた（問題点の割合46%）。問題点が認められた67社中、50社において市場ルールの違反行為が認められたほか、証券会社の営業姿勢や内部管理体制に関する問題点も多数認められた。 (3) 内閣総理大臣及び金融庁長官に対する勧告 検査結果に基づき、内閣総理大臣及び金融庁長官に対し、重大な法令違反が認められたとして、行政処分等を求める勧告を17件(うち財務局等分12件)実施した。 事案の内容は次のとおり。 （会・個 ）　（会社 ）　（個人 ） ○ 向い呑み １件 ― ― ○ 取引一任勘定取引契約の締結 ４件 ― ４件 ○ 有価証券の売買等に関する虚偽又は重要な事項について誤解を生ぜしめるべき表示をする行為 ３件 ― ― ○ 作為的相場形成 ２件 ― ― ○ 職務上知りえた特別の情報に基づく有価証券の売買及び投機的利益追求 ― ― １件 ○ 投資信託受益証券の乗換勧誘に際し、重要な事項について説明を行っていない状況 ２件 ― ― ○ 信用の供与の条件として有価証券の売買等をする行為 ― １件 ― ○ 仮装取引及び馴合い取引 ― １件 ― ○ 本人確認を行わない行為 １件 ― ― （注） １件の勧告で複数の法令違反の指摘を行う場合があるため、勧告件数とは一致しない。 《勧告の対象となった主な法令違反の概要》 イ 証券会社の処分を求める勧告 ○ 有価証券の売買その他の取引に関し、虚偽の表示をする行為 ・ 検査対象先の代表取締役社長ほか１名は、割引金融債の取引に関し、多数の顧客に対し、実際には取得させる意思がないにもかかわらず、割引金融債を取得させる旨を述べ、また、取得させた事実がないにもかかわらず、虚偽の内容の取引報告書及び有価証券預り証を交付することにより虚偽の表示を行った。（新潟証券） ○ 実勢を反映しない作為的相場形成を形成させるべき一連の有価証券の売買取引をする行為 ・ 検査対象先の第二ディーリングチームシニア・ディーラーは、複数の上場銘柄の株式について、当該銘柄の株価を自己に有利に動かすことを意図して、成行又は高い指値の買付けにより当該銘柄の株価を引き上げ、更にその後最良気配又はこれを下回る価格で買付けを注文する、一連の売買取引を行った。（十字屋証券） ロ 登録金融機関の処分を求める勧告 ○ 有価証券の売買その他の取引に関し、重要な事項につき誤解を生ぜしめるべき表示をする行為 ・ 検査対象先の丸の内支店営業第２部ヴァイスプレジデント２名は、複数又は特定の顧客に対し、それぞれ、仕組債の私募の取扱いに関し、当該債券の商品性が適切に記載されていない勧誘資料を交付等することにより、重要な事項につき誤解を生ぜしめるべき表示を行った。 （シティバンク、エヌ・エイ東京支店） (4) 取引審査 本事務年度の審査件数は、合計6７4件であった。その内訳は、株価が急騰するなど不自然な動きをしたもの等の価格形成に関するもの153件、投資者の投資判断に著しい影響を及ぼす重要な事実の公表により株価が大きく変動したもの等の内部者取引に関するもの506件、その他風説の流布等に関するもの15件となっている。 本事務年度においては、新商品や新たな取引形態の出現といった動きやクロスボーダー取引への対応といった観点を踏まえ、こうした取引の中で不正な行為が行われていないか審査を行った。 (5) 一般からの情報の受付 本事務年度中に投資家など一般から受け付けた情報は、4,669件であり、前事務年度と比較すると約４割増加しており、平成４年の発足以来最高の受付件数となっている。情報の内容としては、個別銘柄に関するものが3,339件、証券会社の営業姿勢に関するものが620件、その他の意見等が710件となっている。 (6) 監視活動・機能強化への取組み等 ○ 組織の充実 平成17年度の機構・定員については、不公正取引等に係る課徴金調査及び有価証券報告書等の検査体制の整備並びに外国為替証拠金取引規制に係る検査体制の整備を大きな柱として増員要求を行った結果、44人の増員が認められ、平成17年度末の定員は307人となる。 (注) 増員の他に、検査の一元化に伴う金融庁検査局からの振替35人及び合理化減9人（事務の効率化による削減）がある。 また、財務局等の監視官部門においても、全体で16人の増員が認められ、平成17年度末の定員は245人となり、監視委員会の定員と合計すると全体で552人となる。 さらに、的確な市場監視及び職員の専門性向上を図るなどのため、デリバティブや投資信託の組成・運用などに精通した者、弁護士及び公認会計士31人の民間専門家を採用し、平成17年６月末現在において在籍している民間出身の専門家は80人となっている。 ○ 新たな監視機能について 金融審議会第一部会の報告書（平成15年12月24日「市場機能を中核とする金融システムに向けて」）において、市場監視機能・体制の強化のための方策として、課徴金制度の導入、金融庁から監視委員会への検査委任範囲の拡大等が報告された。 金融庁は、同報告書に基づき、「証券取引法の一部を改正する法律案」を第159回通常国会に提出し、同法案は平成16年６月２日に成立した。課徴金制度の導入については平成17年４月１日から、監視委員会の検査範囲の拡大については同年７月１日から施行された。 また、金融審議会第一部会の報告書（平成16年6月23日「外国為替証拠金取引に関する規制のあり方について」）において、外国為替証拠金取引について金融先物取引法を改正し、その検査を監視委員会が行うこと等が報告された。 金融庁は、同報告書に基づき、「金融先物取引法の一部を改正する法律案」を第161回臨時国会に提出し、同法案は平成16年12月1日に成立した。同法案により改正された金融先物法は、平成外国為替証拠金取引を行う金融先物取引業者に対する検査権限については17年７月１日から施行された。 ○ 投資家への情報提供等の取組み 講演会の開催やインターネットを通じて監視委員会の活動状況等の情報を提供することにより、個人投資家等の監視委員会に対する理解と証券市場等に対する信頼を深めてもらう工夫に取り組んでいる。また、監視委員会の活動に有用な端緒となる情報がより多く寄せられるよう、ポスター等を通じてその提供を求めている。 ○ 関係当局との連携 金融庁や自主規制機関と密接な情報交換等を行うとともに、海外の証券規制当局との情報交換や主要な国際会議への参加を通じて、金融庁とともに海外の証券規制当局との連携強化にも努めている。 本公表については、監視委員会のホームページ上において、本日から公表。 なお、官報においては8月30日に掲載する予定。 「委員会の活動状況」（一覧表） へ　(PDF/52KB) 「証券取引等監視委員会の活動状況」の本文へ 本文 （PDF/682KB） 付属資料 （PDF/883KB） 全文一括印刷用 （PDF/3,224KB）",1
2006-12-08,アロカ株式会社,,アロカ株式会社の株券に係る内部者取引の調査結果に基づく勧告について（平成18年12月8日）,https://www.fsa.go.jp/sesc/news/c_2006/2006/20061208.html,アロカ株式会社の株券に係る内部者取引の調査結果に基づく勧告について 平成18年12月８日 証券取引等監視委員会 １ ．勧告の内容 証券取引等監視委員会は、アロカ株式会社の株券に係る内部者取引について検査した結果、下記のとおり法令違反の事実が認められたので、本日、内閣総理大臣及び金融庁長官に対して、金融庁設置法第20条第１項の規定に基づき、課徴金納付命令を発出するよう勧告を行った。 ２ ．法令違反の事実関係 課徴金納付命令対象者 は、アロカ株式会社の社員であるが、同社の業績予想の下方修正の事実をその職務に関して知り、当該事実が公表される平成17年10月18日以前の同年10月７日に、株券3000株を250万8000円で売り付けたものである。 課徴金納付命令対象者 は、アロカ株式会社の子会社Ａの役員であるが、アロカ株式会社役員から伝達を受けて当該重要事実を知り、当該事実が公表される平成17年10月18日以前の同年10月６日に、株券4000株を327万6000円で売り付けたものである。 課徴金納付命令対象者 は、当時、アロカ株式会社の子会社Ｂの役員であったが、アロカ株式会社役員から伝達を受けて当該重要事実を知り、当該事実が公表される平成17年10月18日以前の同年10月12日及び同月13日に合計10000株を総額850万2000円で売り付けたものである。 上記３名が行った上記の行為は、証券取引法第175条第１項に規定する「第百六十六条第一項又は第三項の規定に違反して、自己の計算において同条第一項に規定する売買等をした」行為に該当すると認められる。 ３ ．課徴金額の計算 上記の違法行為に対し証券取引法に基づき納付を命じられる課徴金額は、課徴金納付命令対象者 については17万円、課徴金納付命令対象者 については16万円、課徴金納付命令対象者 については73万円である。 計算方法の詳細については、 別紙 (PDF) のとおり。,1
2006-11-22,大和証券株式会社,8601,大和証券株式会社に対する検査結果に基づく勧告について（平成18年11月22日）,https://www.fsa.go.jp/sesc/news/c_2006/2006/20061122-2.html,大和証券株式会社に対する検査結果に基づく勧告について 平成18年11月22日 証券取引等監視委員会 １ ．勧告の内容 証券取引等監視委員会は、大和証券株式会社（東京都千代田区、資本金１，０００億円、役職員６，６３８名）を検査した結果、下記のとおり、当該証券会社及び当該証券会社の使用人に法令違反の事実が認められたので、本日、内閣総理大臣及び金融庁長官に対して、金融庁設置法第２０条第１項の規定に基づき、行政処分及びその他の適切な措置を講ずるよう勧告した。 ２ ．事実関係 （１ ）内部者取引のおそれのあることを知りながら顧客の有価証券の売買の受託をする行為 大和証券株式会社姫路支店投資銀行業務担当課長代理Ａ（以下「課長代理Ａ」という。）は、その業務に関し、Ｂ社及びＢ社役員により行われたＢ社株式に係る内部者取引のうち、Ｂ社役員による平成１７年１０月４日及び６日の当該証券会社姫路支店に開設されたＣ社名義口座での計２回、１，５００株の買付注文について、以下の事情から、証券取引法第１６６条第１項の規定に違反するおそれのあることを認識していたにもかかわらず、委託注文書を徴求するなどの必要な対応をとることなく、当該買付注文を受託していた。 Ｃ社名義口座開設の経緯等から、同口座がＢ社役員の借名口座ではないかとの疑念を抱いていたこと。 当該買付注文受注時点において、Ｂ社に株式分割を行うという公表されていない重要事実が存在することを認識していたこと。 当該買付注文が、Ｂ社役員の指示によるものではないかとの疑いを持っており、かつ、同社の他の役員により発注されたものであったこと。 当該証券会社及び課長代理Ａが行った上記行為は、証券取引法第４２条第１項第１０号に基づく証券会社の行為規制等に関する内閣府令第４条第８号に該当するものと認められる。 （２ ）顧客の有価証券の売買に関する管理の状況が法人関係情報に係る不公正な取引の防止上十分でないと認められる状況 上記（１）のとおり、課長代理Ａは、その業務に関し、内部者取引のおそれのあることを知りながら顧客の有価証券の売買の受託をしていたものであるが、大和証券株式会社姫路支店長Ｄ（在籍期間：平成１３年４月から平成１６年１２月まで。以下「支店長Ｄ」という。）及びその後任の支店長Ｅ（同：平成１６年１２月から平成１８年３月まで。以下「支店長Ｅ」という。）は、以下のとおり、内部者取引を防止するための十分な対策を講じないまま業務を行っていた。 支店長Ｄは、その業務に関し、以下のとおり、内部者取引を防止するための十分な対策を講じていなかった。 イ 社内では投資銀行業務担当者が有価証券の売買取引の受託担当となることを運用上、原則として禁止する指導が行われているにもかかわらず、課長代理ＡがＣ社名義口座からの売買注文の受託を担当することを指示、容認していた。 ロ Ｃ社名義口座でのＢ社株式の売買等に関し、内部者取引等の観点から注意を要するとの懸念を持っていたことから、課長代理Ａに対しては内部者取引等には注意するよう指示していたとするものの、同支店の内部管理責任者等に対しては同様の指示はしておらず、また、自ら同口座でのＢ社株式の売買等についての確認等を行っていなかった。 支店長Ｅは、その業務に関し、Ｃ社がＢ社の紹介顧客であり、Ｂ社株式の買付けを継続して行っていること、課長代理ＡがＣ社名義口座からの売買注文の受託を担当していること、及び上記（１） の重要事実が存在することを認識していたにもかかわらず、内部者取引を防止するための十分な対策を講じていなかった。 支店長Ｄ及びＥが必要な対策を講ずることなく業務を行っていた、当該証券会社の上記の業務の状況は、証券取引法第４３条第２号に基づく証券会社の行為規制等に関する内閣府令第１０条第４号に該当するものと認められる。 （３ ）本人確認法上の本人確認を行わないまま、顧客の有価証券の売買の注文を受託する行為 課長代理Ａは、その業務に関し、上記（１） のとおり、Ｃ社名義口座がＢ社役員の借名口座ではないかとの疑念を抱いていたにもかかわらず、当該口座について形式的な本人確認を行ったのみで、金融機関等による顧客等の本人確認等及び預金口座等の不正な利用の防止に関する法律に定める本人確認を行っていなかった。 当該証券会社及び課長代理Ａが行った上記行為は、金融機関等による顧客等の本人確認等及び預金口座等の不正な利用の防止に関する法律施行令第３条第１項第２９号に規定する「取引の相手方が取引の名義人になりすましている疑いがある場合における当該取引」を行うに際し、本人確認を行わない行為に該当し、金融機関等による顧客等の本人確認等及び預金口座等の不正な利用の防止に関する法律第３条第１項に違反するものと認められる。,1
2006-09-14,,,(株)パオの株券に係る内部者取引の調査結果に基づく勧告について（平成18年9月14日）,https://www.fsa.go.jp/sesc/news/c_2006/2006/20060914.html,"(株)パオの株券に係る内部者取引の調査結果に基づく勧告について 平成18年９月14日 証券取引等監視委員会 １ ．勧告の内容 証券取引等監視委員会は、(株)パオの株券に係る内部者取引について検査した結果、下記のとおり法令違反の事実が認められたので、本日、内閣総理大臣及び金融庁長官に対して、金融庁設置法第２０条第１項の規定に基づき、課徴金納付命令を発出するよう勧告を行った。 ２ ．法令違反の事実関係（内部者取引） (株)ジー・コミュニケーションの役員は、同社と業務提携契約を締結している(株)パオが株式の発行を行うことを決定した事実を、契約の履行に関して知り、当該事実が公表される平成１８年１月６日以前の平成１７年１１月７日に、(株)ジー・コミュニケーションの計算において、株券８,０００株を３１６万円で買い付けたものである。 同社が行った上記の行為は、証券取引法第１７５条第１項に規定する「第百六十六条第一項又は第三項の規定に違反して、自己の計算において同条第一項に規定する売買等をした」行為に該当すると認められる。 ３ ．課徴金額の計算 上記の違法行為に対し証券取引法に基づき納付を命じられる課徴金額は、３９万円である。 証券取引法第１７５条第１項に基づき、課徴金額は （重要事実が公表された翌日の終値） ×（買付け株数） －（買付け価格）×（買付け株数） となる。 重要事実公表日翌日が市場休業日であるため、以後の直近の (株) パオの株価である１月１０日の始値４４４円により、課徴金額は下記の金額となる。 ４４４円 ×８，０００株 － 買付け額３１６万円(３９５円×８，０００株)＝ ３９万２０００円 ⇒ 課徴金額は１万円未満を切り捨てるため、 ３９万円",1
2006-08-02,,,我が国証券市場における不公正取引に対して英国金融サービス機構が行った処分について（平成18年8月2日）,https://www.fsa.go.jp/sesc/news/c_2006/2006/20060802.html,"平成18年８月２日 証券取引等監視委員会 我が国証券市場における不公正取引に対して 英国金融サービス機構が行った処分について １ ．昨日、英国金融サービス機構（The ＵＫ Financial Services Authority、以下「英国ＦＳＡ」という。）は、英国ヘッジファンドのＧＬＧ Partners LP（以下「ＧＬＧ」という。）及びＧＬＧの元役員（以下「当該元役員」という。）（注）が日本の証券市場において行った不公正取引に関し、当該行為が英国金融サービス市場法に規定する市場における不正行為に該当し、英国認可業者に係る業務原則等に違反することが判明したとして、ＧＬＧ及び当該元役員に対して制裁金（Financial Penalty）を課した旨、発表した。 本件は、外国に居住する者が、我が国証券市場において不公正取引を行ったものであるが、当証券取引等監視委員会（以下「当委員会」という。）が情報を把握した後、英国ＦＳＡと緊密な連携を取った結果、今般の英国ＦＳＡによる処分に至ったものである。 （注） 当該元役員は、ＧＬＧ株式の18％を保有し、同社が運用するファンドのトレーダーであった。 ２ ．事案の概要は、以下の通りである。 (株)三井住友フィナンシャルグループ（以下「SMFG」という。）は、平成15年2月17日の立会取引開始時間前に、3,000億円以上の規模で優先株式を発行することを公表したが、ＧＬＧの当該元役員は上記情報を事前に入手し、同月12日から14日にかけて、上記情報を利用して、SMFG株式の売付けを行い、利得を得た。 これに対して英国ＦＳＡは、ＧＬＧ及び当該元役員の行為が、英国法令に違反するとして、ＧＬＧ及び当該元役員に対して制裁金を課したものであり、それぞれが英国ＦＳＡに支払う制裁金額及び当該役職員の氏名については、以下のとおり。 氏　　名 制裁金額 ＧＬＧ ７５万ポンド Mr.Philippe Jabre ７５万ポンド ３ ．当委員会としては、今回の英国ＦＳＡの協力に感謝するとともに、引き続き英国ＦＳＡとの緊密な連携に努めて参りたい。 なお、本件は、平成16年にシンガポール通貨監督庁が、当委員会が把握した情報に基づき、我が国証券市場において内部者取引を行ったことを理由に、シンガポール政府投資公社の従業員3名に対して制裁金を課した事例と同様、クロスボーダー取引における違法行為に対する国際的な証券規制当局間の協力の結果であり、今後ともこうした国際的な協力を推進して参りたいと考えている。",1
2006-08-29,の犯則事件の調査や証券会社,,証券取引等監視委員会の事務処理状況の公表について（平成18年8月29日）,https://www.fsa.go.jp/sesc/reports/n_17/n_17.html,"平成17年度版年次公表 証券取引等監視委員会の事務処理状況の公表について 平成１８年８月２９日 証券取引等監視委員会 １ . 事務処理状況の公表 証券取引等監視委員会（以下「証券監視委」という。）は、金融庁設置法第22条の規定に基づき、毎年、事務処理状況を公表することとしており、本日、平成17年7月１日から平成18年6月30日までの期間（以下「平成17事務年度」という。）における事務の処理状況を「証券取引等監視委員会の活動状況」として公表した。なお、本公表は、証券監視委発足後14回目となる。 ２. 全般的な評価 取引の公正の確保を図り、市場に対する投資者の信頼を保持するため、市場監視機能の充実・強化は近年とりわけ重要になってきている。こうした中、平成17年4月に課徴金制度が導入され、その調査権限が証券監視委に委任された。また、同年7月には、虚偽の有価証券報告書等提出に係る検査権限が証券監視委に委任された。さらに、これまでの証券会社等の取引の公正確保に関する検査に加え、財務の健全性等に関する項目が検査対象となったほか、投資信託委託業者、投資法人（ＲＥＩＴ等）及び投資顧問業者（以下「投信・投資顧問業者等」という。）等に対する検査権限も委任され、また、新たに外国為替証拠金取引を行う業者が金融先物取引業者として検査の対象となるなど、証券監視委の検査範囲が大幅に拡大された。平成17事務年度においては、従前からの犯則事件の調査や証券会社等の取引の公正確保の検査はもとより、これらの大幅に拡大された権限に基づき調査・検査を実施してきたところである。 犯則事件の調査・告発については、証券監視委発足以来最多であった昨事務年度と同様、11件の告発を行ったが、これらはいずれも証券市場の信頼を揺るがす重大・悪質なものであった。中でも、特に社会的に大きな影響を与えたものとして、カネボウ(株)に係る虚偽の有価証券報告書提出嫌疑事件（ カネボウ事件 ）、(株)ライブドアマーケティング株券に係る風説の流布及び偽計嫌疑事件（ ライブドアマーケティング事件 ）、(株)ライブドアに係る虚偽の有価証券報告書提出嫌疑事件（ ライブドア事件 ）、いわゆる村上ファンドによる(株)ニッポン放送株券に係る内部者取引嫌疑事件（ ニッポン放送事件 ）があった。 課徴金調査については、平成18年1月に課徴金制度導入後初の課徴金納付命令の発出を求める勧告を行うなど、合計で9件の課徴金納付命令（いずれも内部者取引に関するもの）の発出を求める勧告を行った。 開示検査については、22件の検査を実施し、その結果、平成18年5月に(株)ペイントハウス提出の有価証券報告書に係る訂正報告書の提出命令の発出を求める勧告を行ったほか、開示検査に基づく自発的訂正が10件行われた。 証券会社等に対する検査については、新たに検査対象先となった外国為替証拠金取引を行う金融先物取引業者12社、投信・投資顧問業者等29社を含む150社の検査を終了し、問題点が認められた93社のうち、29社について行政処分等の勧告を行った。 建議については、平成４年の証券監視委設立以来、前事務年度までに7件行ってきたところであるが、最近のインターネット取引やクロスボーダー取引の増加、制度改革、相次ぐ会計不正事件といった、証券市場を取り巻く環境の変化に対応し、金融庁長官に対し、年間最多となる5件の建議を行った。 ３. 業務別の概要 (1) 犯則事件の調査・告発 犯則事件の調査の結果、虚偽の有価証券報告書提出につき 4件・16名、相場操縦につき1件・1名、風説の流布及び偽計につき1件・6名、内部者取引につき5件・9名、計11件・32名（法人を含む）について、証券取引法に違反するとして告発を行った。 そのうち主なものの概要は次のとおりである。 ○ カネボウ事件（虚偽の有価証券報告書提出） カネボウ(株)の代表取締役会長兼社長であった犯則嫌疑者らは、同社の監査証明の業務に従事していた中央青山監査法人の公認会計士ら（犯則嫌疑者）と共謀の上、同社の業務に関して、大量の不良在庫等を抱え、業績が悪化していた子会社を連結決算の対象から外すなどの方法により、虚偽の記載のある連結貸借対照表及び連結損益計算書を掲載した有価証券報告書を提出した。 ○ ライブドアマーケティング事件（風説の流布及び偽計） 犯則嫌疑法人(株)ライブドアの代表取締役であった犯則嫌疑者らは、子会社であった(株)ライブドアマーケティングの株式について、実質的に(株)ライブドアが買収済みであった企業との株式交換によりこれを取得し、(株)ライブドアマーケティングの業績を粉飾して公表するなどの方法により同社の株価を上昇させた上で、これを売却して利益を得ようと企て、虚偽の内容等を含む公表を行い、もって、有価証券の売買その他の取引のため及び有価証券の相場の変動を図る目的をもって、偽計を用いるとともに、風説を流布した。 ○ ライブドア事件（虚偽の有価証券報告書提出） 犯則嫌疑法人(株)ライブドアの代表取締役社長であった犯則嫌疑者らは、同社の監査証明の業務に従事していた港陽監査法人の公認会計士ら（犯則嫌疑者）と共謀の上、同社の業務に関して、売上計上の認められないライブドア株式売却益約38億円を売上高に含め、また架空売上約16億円を計上するなどの方法により、連結経常利益を約50億円と粉飾した虚偽の記載のある連結損益計算書を掲載した有価証券報告書を提出した。 ○ ニッポン放送事件（内部者取引） 犯則嫌疑法人(株)MACアセットマネジメントの取締役であり実質経営者であった犯則嫌疑者は、(株)ライブドアが(株)ニッポン放送の総株主の議決権数の百分の五以上の株券等を買い集める旨の公開買付に準ずる行為の決定について(株)ライブドアの幹部らから伝達を受け、その公表前に(株)ニッポン放送株券を買い付けて利益を得ようと企て、同公表前に同社株券を買い付けた。 (2) 課徴金調査 課徴金調査の結果、９件（個人８件、法人１件）について課徴金納付命令の発出を求める勧告を実施した。勧告事案は、いずれも内部者取引に関するものであったが、その内容は発行会社社員、発行会社自体、発行会社の取引先社員によるもの等多岐にわたっている。 課徴金制度導入後初の勧告案件（内部者取引） (株)ガーラにおいて営業等の業務に従事していた社員（課徴金納付命令対象者）及び経理等の業務に従事していた社員（課徴金納付命令対象者）は、同社が第三者割当増資及び業務提携を行うことについて決定した事実を、業務管理等の業務に従事していた社員（課徴金納付命令対象者）は、同社が業務提携を行うことについて決定した事実を、その職務に関して知り、その公表前に、それぞれ株券を買い付けた。 (3) 開示検査 本事務年度中に22件の開示検査に着手した。内訳は、東京証券取引所上場企業11件、大阪証券取引所上場企業5件、名古屋・福岡・札幌証券取引所上場企業2件、ジャスダック証券取引所上場企業8件及び発行会社以外の者1件である。（注） 本事務年度における検査の結果、有価証券報告書に係る訂正報告書の提出命令の発出を求める勧告を1件行い、検査の指摘に基づく自発的訂正が10件（うち1件は平成18事務年度に訂正報告書を提出）行われた。 （注） 同一会社が複数の取引所に上場している場合があるため、合計は着手件数を上回っている。 訂正報告書の提出命令勧告案件（虚偽の有価証券報告書提出） (株)ペイントハウスは、平成17年11月30日に関東財務局長に対して提出した同年8月期有価証券報告書において、連結純資産が約89億円の債務超過であったにもかかわらず、連結純資産に相当する「資本合計」欄に約27億円と記載するなどした連結貸借対照表及び連結当期純損益が約83億円の損失であったにもかかわらず、これを約33億円の利益と記載するなどした連結損益計算書を掲載した。 (4) 証券検査 本事務年度中に証券会社98社(うち外国証券会社10社)、登録金融機関28社、証券仲介業者1社、外国為替証拠金取引を行う金融先物取引業者13社、投信・投資顧問業者等41社及び自主規制機関2社の合計183社に対して検査に着手した。 本事務年度において検査が終了したものは、前期繰越分を含め150社となっているが、このうち93社に問題点が認められた（問題点が認められた会社の割合62%）。問題点が認められた93社中、50社において投資者保護に関する問題点が認められたほか、財産・経理等や業務運営に関する問題点も多数認められた。 検査の結果、重大な法令違反が認められた、外国為替証拠金取引を行う金融先物取引業者7社、投信・投資顧問業者等8社（うち不動産投資法人(REIT)2社）を含む29社については、内閣総理大臣及び金融庁長官に対し、行政処分等の勧告を行った(うち財務局等分19社)。 （検査結果の内訳） 検査終了 問題点が 認められ たもの 問題点の内訳 勧　告 不公正 取引に 関するもの 投資者 保護に 関するもの 財産・ 経理に 関するもの その他 業務運営に 関するもの 証券会社 （含外証） ８１社 ５１社 １４社 ２１社 １８社 ３５社 １２社 登録金融機関 ２７社 １０社 １社 ６社 ２社 ４社 １社 証券仲介業者 １社 １社 ― １社 ― ― １社 金融先物業者 １２社 １０社 ３社 ８社 ４社 ４社 ７社 投信・ 投資顧問 業者等 ２９社 ２１社 ― １４社 １社 １７社 ８社 合計 １５０社 ９３社 １８社 ５０社 ２５社 ６０社 ２９社 （注 ）同一会社において複数の問題点が認められる場合があるため、「問題点が認められたもの」と「問題点の内訳」の合計は一致しない場合がある。 勧告事案の主な内容は次のとおり。 ○ 証券会社の処分に係る勧告 イ 顧客の有価証券の売買等に関する管理が不公正取引の防止上不十分な状況 被検査法人のコンプライアンス部売買審査室長は、各部店の指導・監督を十分に行わず、顧客の内部者登録が適切に行われているか否かの検証を行う等の十分な社内管理体制を構築しないことにより、内部者登録に多くの漏れを生ぜしめて、内部者取引に係る売買審査に多くの漏れが生じている状況のまま業務を営んでおり、これにより、顧客の有価証券の売買等に関する管理が不公正取引の防止上不十分な状況のまま業務を営んでいた。（ ＳＭＢＣフレンド証券 ） ロ 実勢を反映しない作為的相場を形成させるべき一連の有価証券の売買取引の受託等を防止するための売買管理が十分でないと認められる状況 被検査法人の営業部長は、寄付き前に、買い板を厚くする売り株数と買い株数が不均衡な成行きによる大口クロス取引注文の受託について、担当営業員から報告を受けていたにもかかわらず、顧客の売買動機の把握や注文の規制措置の検討などの日常的な売買管理を何ら行っていない。また、内部管理統括責任者は、当該取引を売買審査システムで抽出していたにもかかわらず、取引内容の検討について部下への指示を行わず、更に、当該取引について証券取引所の調査などを受けたにもかかわらず、取引内容を十分検証しないまま取引停止等の措置を行うことなく当該取引の受託を継続した。（ エイチ・エス証券 ） ○ 金融先物取引業者の処分に係る勧告 ・ 不招請勧誘 被検査法人は、本社第二営業部及び八重洲支店において、受託契約等の締結の勧誘の要請をしていない一般顧客に対し、電話をかけて受託契約等の締結の勧誘を行った。（ 日本エフエックス株式会社 ） ○ 投信・投資顧問業者等の処分に係る勧告 ・ 投資法人資産運用業に係る善管注意義務違反 被検査法人は、投資法人との間で締結した資産の運用に係る委託契約に基づき行っている資産の運用において、当該投資法人の運用資産に組み入れる不動産の取得時等に本来行うべき審査等の業務を適切に行っていなかった。（ オリックス・アセットマネジメント株式会社 ） (5) 建議 インターネット取引が増加する中、個人投資家によるインターネット取引を利用したいわゆる「見せ玉」による相場操縦事件が見られたこと等から、平成１７年１１月２９日、いわゆる「見せ玉」について課徴金の対象とすること等を求める２件の建議を行った。 また、金融審議会金融分科会第一部会における投資サービス法（仮称）の議論の中で証券業等の業務範囲の見直しの検討が行われていたことから、同日、それに伴い、取引一任勘定取引契約の禁止の見直しが行われる場合にも顧客の利益を損なわないよう、必要かつ適切な措置を求める建議を行った。 更に、新株発行の事前需要調査の際に発行情報を入手した海外投資家が、当該情報の公表前に、対象企業の株式を売り付けている事例が見られたことから、平成１８年４月１４日、証券会社が公表前の発行情報等の外部への伝達が国内外の機関投資家による内部者取引を誘発することを防止する措置を求める建議を行った。 最後に、投資家に自己責任を問うためには、適正なディスクロージャーが確保されていることが前提であるが、カネボウ、ライブドアの虚偽有価証券報告書提出事件において、監査法人の公認会計士の犯則事件への深い関与が認められたこと等から、平成１８年４月２１日、刑事責任を含めた監査法人の責任のあり方について総合的な検討を求める建議を行った。 (6) 市場分析審査 ○ 一般からの情報の受付 本事務年度中に投資者など一般から受け付けた情報は7,526件であり、前事務年度と比較すると約6割増加しており、平成４年の発足以来最高の受付件数となっている。情報の内容としては、個別銘柄に関するものが5,390件、証券会社の営業姿勢等に関するものが1,296件、その他の意見等が840件となっている。 ○ 取引審査の状況 本事務年度の取引審査件数は、合計875件であった。その内訳は、株価が急騰するなど不自然な動きをしたもの等の価格形成に関するもの169件、投資者の投資判断に著しい影響を及ぼす重要な事実の公表により株価が大きく変動したもの等の内部者取引に関するもの693件、その他13件となっている。 本事務年度においては、新商品や新たな取引形態の出現、金融取引のグローバル化の更なる進展、個人投資家によるインターネット取引の増加など、市場における新たな動向の中で、不公正な取引が発生していないか、市場仲介者に不正な勧誘等がないか、といった観点から、幅広く審査を行った。 (7) 監視活動・機能強化への取組み等 ○ 市場監視体制の充実・強化 平成18年度の機構・定員については、有価証券報告書等の虚偽記載に係る課徴金調査体制の整備を大きな柱として増員要求を行った結果、11人の純増が認められ、平成18年度末の定員は318人となる。 また、財務局等の証券取引等監視官部門においても増員が認められ、平成18年度末の定員は246人となり、証券監視委の定員と合計すると全体で564人となる。 さらに、的確な市場監視及び職員の専門性向上を図るなどのため、証券業務等に関して専門的知識・経験のある者、弁護士及び公認会計士などの民間専門家を採用し、平成18年６月末現在において在籍している民間出身の専門家は83人となっている。 ○ 新たな監視機能について 金融審議会金融分科会第一部会において、平成17年12月22日に「投資サービス法（仮称）に向けて」と題する報告書がとりまとめられ、金融庁は、同報告書に基づき、「証券取引法等の一部を改正する法律案」等を取りまとめ、第164回通常国会に提出し、同法案は平成18年6月7日に成立した。 この法律は、金融・資本市場を取り巻く環境の変化に対応し、投資者保護のための横断的な法制として、証取法を改組して金融商品取引法（いわゆる投資サービス法）とする等の整備を行うことにより、利用者保護ルールの徹底と利用者利便の向上、貯蓄から投資に向けての市場機能の確保及び金融・資本市場の国際化への対応を図ることを目的としており、証券監視委による建議の内容も盛り込まれたものとなっている。 これにより、幅広い金融商品についての包括的・横断的な制度の整備が図られるとともに、公開買付制度及び大量保有報告制度その他の開示書類に関する制度に関する整備を行う等、所要の措置が講じられ、証券監視委においても、次のような権限の対象・範囲の拡大等が行われることとなっている。 イ 例えばいわゆるファンド販売業者など、金融商品取引業の担い手に対する検査対象や範囲が拡大。 ロ 企業内容等の開示制度について、四半期報告制度や財務報告に係る内部統制の評価制度が整備され、これにより開示検査の対象・範囲が拡大。 ハ いわゆる「見せ玉」について、新たに課徴金の対象とされ、また、取引誘引目的で行われる証券会社の自己の計算による「見せ玉」等売買の申込みについて、新たに相場操縦行為として禁止されるとともに、刑事罰及び課徴金の対象とされ、これにより、犯則事件の調査及び課徴金調査の対象が拡大。 (なお、これらの改正については、ハは平成18年7月4日から、その他については公布の日（平成18年6月14日）から一定の期間を超えない範囲内において政令で定める日から施行される。） ○ 投資家への情報提供等の取組み 講演会の開催やインターネットを通じて証券監視委の活動状況等の情報を提供することにより、個人投資家等の証券監視委に対する理解と証券市場等に対する信頼を深めてもらう工夫に取り組んでいる。また、証券監視委の活動に有用な端緒となる情報がより多く寄せられるよう、政府広報等を通じてその提供を求めている。 ○ 関係当局との連携 金融庁や自主規制機関と緊密な情報交換等を行うとともに、海外の証券規制当局との意見・情報交換や主要な国際会議への参加を通じて、金融庁とともに海外の証券規制当局との連携強化にも努めている。 本公表については、証券監視委のホームページ上において、本日から公表。 なお、官報においては8月31日に掲載する予定。 「証券監視委の活動状況」（一覧表） へ　(PDF/55KB) 「証券取引等監視委員会の活動状況」の本文へ 本文 （PDF/636KB） 付属資料 （PDF/734KB） 全文一括印刷用 （PDF/1,704KB）",1
2006-05-24,,,日本プラスト(株)の株券に係る内部者取引の調査結果に基づく課徴金納付命令勧告について（平成18年5月24日）,https://www.fsa.go.jp/sesc/news/c_2006/2006/20060524.html,"日本プラスト(株)の株券に係る内部者取引の調査結果に基づく勧告について 平成18年５月24日 証券取引等監視委員会 １ ．勧告の内容 証券取引等監視委員会は、日本プラスト(株)の株券に係る内部者取引について検査した結果、下記のとおり法令違反の事実が認められたので、本日、内閣総理大臣及び金融庁長官に対して、金融庁設置法第２０条第１項の規定に基づき、課徴金納付命令を発出するよう勧告を行った。 ２ ．法令違反の事実関係（内部者取引） 日本プラスト(株)と取引関係のあるＡ社の社員（課徴金納付命令対象者(1)）は、日本プラスト(株)が第三者割当による新株発行を行うことを決定した事実を、Ａ社と日本プラスト(株)の間の契約の履行に関連して知り、当該事実が公表される平成１７年７月７日以前の同年６月１７日に、株券７,０００株を４２０万円で買付けたものである。 また、同人から伝達を受けて当該重要事実を知った者（課徴金納付命令対象者(2)）は、当該事実が公表される平成１７年７月７日以前の同年６月２８日及び７月５日に合計５,０００株を総額３１２万１０００円で買付けたものである。 上記２名が行った上記の行為は、証券取引法第１７５条第１項に規定する「第百六十六条第一項又は第三項の規定に違反して、自己の計算において同条第一項に規定する売買等をした」行為に該当すると認められる。 ３ ．課徴金額の計算 上記の違法行為に対し証券取引法に基づき納付を命じられる課徴金額は、課徴金納付命令対象者(1)については８２万円、課徴金納付命令対象者(2)については４６万円である。 なお、計算方法については、 別紙 (PDF:96KB) のとおり。",1
2006-05-11,,,（株）アイネスの株券に係る内部者取引の調査結果に基づく課徴金納付命令勧告について（平成18年5月11日）,https://www.fsa.go.jp/sesc/news/c_2006/2006/20060511.html,（株）アイネスの株券に係る内部者取引の調査結果に基づく勧告について 平成18年５月11日 証券取引等監視委員会 １ ．勧告の内容 証券取引等監視委員会は、(株)アイネスの株券に係る内部者取引について検査した結果、下記のとおり法令違反の事実が認められたので、本日、内閣総理大臣及び金融庁長官に対して、金融庁設置法第20条第１項の規定に基づき、課徴金納付命令を発出するよう勧告を行った。 ２ ．法令違反の事実関係（内部者取引） (株)アイネスの会社法務等の業務に従事していた社員は、同社の純利益及び配当について、同社が新たに算出した予想値が、直近に公表された予想値との比較において差異が生じた事実を、その職務に関して知り、当該事実が公表される平成17年９月22日午後３時以前の、同日午後零時30分頃に、株券500株を49万4500円で売り付けたものである。 同人が行った上記の行為は、証券取引法第175条第１項に規定する「第百六十六条第一項又は第三項の規定に違反して、自己の計算において同条第一項に規定する売買等をした」行為に該当すると認められる。 ３ ．課徴金額の計算 上記の違法行為に対し証券取引法に基づき納付を命じられる課徴金額は、５万円である。 証券取引法第175条第１項に基づき、課徴金額は （売付け価格） ×（売付け株数） －（重要事実公表日翌日後の直近の価格）×（売付け株数） となる。 重要事実公表日翌日が市場休業日であるため、以後の直近の (株) アイネスの株価である９月26日の始値887円により、課徴金額は下記の金額となる。 売付け額49万4500円(989円×500株) －　887円×500株　＝５万1000円 ⇒課徴金額は１万円未満を切り捨てるため、 ５万円,1
2006-04-14,主幹事証券会社,,プレ・ヒアリング（事前需要調査）に係る情報管理体制の整備についての建議（平成18年4月14日）,https://www.fsa.go.jp/sesc/actions/kengi180414.html,金融庁設置法第21条の規定に基づく建議について 平成18年4月14日 証券取引等監視委員会 証券取引等監視委員会は、金融庁設置法第21条の規定に基づき、本日、金融庁長官に対して、下記のとおり建議を行った。 記 プレ・ヒアリング（事前需要調査）に係る情報管理体制の整備について １ .　上場会社が株式や新株予約権付社債(以下「株式等」という。) を発行しようとする際、主幹事証券会社又はその関連会社が、発行体による当該株式等の発行に係る情報（以下「発行情報」という。）の公表前に、国内外の機関投資家に対して当該株式等に係る需要動向の調査 (以下「プレ・ヒアリング」という。) を行うことがある。このようなプレ・ヒアリングの過程で発行情報を入手した海外の投資家が、発行情報の公表前に、当該株式等の発行体に係る上場普通株式を売り付けている事例が認められた。 当委員会では、このような事例が認められた場合、内部者取引を行ったものと認められる海外投資家に関して、海外当局に対する調査依頼を行っており、これを受けて、海外当局において当該投資家に対する処分が行われるに至っている。 ２ .　他方で、証券会社の検査の結果、 (1) プレ・ヒアリングの過程で発行情報を外部に伝達することに関して手続規程を整備していない (2) 発行情報を外部に伝達する際に、その対象者に対し、伝達される発行情報が公表前の重要事実に該当することを伝達するなどの適切な注意喚起を行っていないことが疑われる (3) プレ・ヒアリングをいつ、誰に対して、どのような方法で実施し、その過程でどのような発行情報を外部の者に伝達したかについて記録を残していない 会社が存することが認められた。 このような情報管理体制を放置することは内部者取引を誘発しかねない。 ３ .　ついては、証券会社がプレ・ヒアリング等において公表前の発行情報等を外部に伝達する行為により内部者取引が誘発されることを防止し、もって証券取引の公正を確保するため適切な措置を講じる必要がある。,1
2006-04-17,,,フジプレアム（株）の株券に係る内部者取引の調査結果に基づく課徴金納付命令勧告について（平成18年4月17日）,https://www.fsa.go.jp/sesc/news/c_2006/2006/20060417.html,"フジプレアム（株）の株券に係る内部者取引の調査結果に基づく勧告について 平成18年４月17日 証券取引等監視委員会 １ ．勧告の内容 証券取引等監視委員会は、フジプレアム(株)の株券に係る内部者取引について検査した結果、下記のとおり法令違反の事実が認められたので、本日、内閣総理大臣及び金融庁長官に対して、金融庁設置法第20条第１項の規定に基づき、課徴金納付命令を発出するよう勧告を行った。 ２ ．法令違反の事実関係（内部者取引） フジプレアム(株)及び同社役員は、同社が株式分割を行う事実が公表される平成17年10月６日以前に、 (1) フジプレアム(株)については、同社役員が、同社が株式分割を行うことを決定した事実をその職務に関して知り、同社の計算において、同年10月３日に1,000株を391万6,000円で (2) 同社役員については、同社が株式分割を行うことを決定した事実をその職務に関して知り、自己の計算において、同年９月８日、16日、22日、27日、29日、30日、10月４日、５日及び６日に合計6,100株を総額2,434万3,000円で 買い付けたものである。 フジプレアム(株)及び同社役員が行った上記の行為は、証券取引法第175条第１項に規定する「第百六十六条第一項又は第三項の規定に違反して、自己の計算において同条第一項に規定する売買等をした」行為に該当すると認められる（法人については、第175条第７項により第１項を準用）。 ３ ．課徴金額の計算 上記の違法行為に対し証券取引法に基づき納付を命じられる課徴金額は、フジプレアム(株)については42万円、同社役員については213万円である。 計算方法の詳細については、 別紙 (PDF/79KB)のとおり。",1
2006-04-05,ＳＭＢＣフレンド証券株式会社,,ＳＭＢＣフレンド証券株式会社に対する検査結果に基づく勧告について（平成18年4月5日）,https://www.fsa.go.jp/sesc/news/c_2006/2006/20060405.html,ＳＭＢＣフレンド証券株式会社に対する検査結果に基づく勧告について 平成18年４月５日 証券取引等監視委員会 １ ．勧告の内容 証券取引等監視委員会は、ＳＭＢＣフレンド証券株式会社（東京都中央区、資本金２７２億円、役職員約２，１５０名）を検査した結果、下記のとおり当該証券会社及び当該証券会社の使用人に係る法令違反の事実が認められたので、本日、内閣総理大臣及び金融庁長官に対して、金融庁設置法第２０条第１項の規定に基づき、行政処分及びその他の適切な措置を講ずるよう勧告した。 ２ ．事実関係 ○ 顧客の有価証券の売買等に関する管理が不公正取引の防止上不十分な状況 ＳＭＢＣフレンド証券株式会社コンプライアンス部売買審査室長は、その業務に関し、各部店における内部者登録事務の指導・監督を十分に行わず、顧客の内部者登録が適切に行われているか否かの検証を行う等の十分な社内管理体制を構築しないことにより、上場会社等の会社関係者である顧客の内部者登録に多くの漏れを生ぜしめて、内部者取引に係る売買審査に多くの漏れが生じている状況のまま業務を営んでおり、これにより、顧客の有価証券の売買等に関する管理が不公正取引の防止上不十分な状況のまま業務を営んでいる。 当該証券会社及び当該証券会社の使用人が行った上記行為は、証券取引法第４３条第２号に基づく証券会社の行為規制等に関する内閣府令第１０条第４号に規定する「顧客の有価証券の売買等に関する管理の状況が法人関係情報に係る不公正な取引の防止上十分でないと認められる状況」に該当する業務を営む行為に該当すると認められる。,1
2006-02-01,,,利根地下技術（株）の株券に係る内部者取引の調査結果に基づく課徴金納付命令勧告について（平成18年2月1日）,https://www.fsa.go.jp/sesc/news/c_2006/2006/20060201.html,"利根地下技術（株）の株券に係る内部者取引の調査結果に基づく課徴金納付命令勧告について 平成18年２月１日 証券取引等監視委員会 １ ．勧告の内容 証券取引等監視委員会は、利根地下技術(株)の株券に係る内部者取引について検査した結果、下記のとおり法令違反の事実が認められたので、本日、内閣総理大臣及び金融庁長官に対して、金融庁設置法第20条第１項の規定に基づき、課徴金納付命令を発出するよう勧告を行った。 ２ ．法令違反の事実関係（内部者取引） 利根地下技術(株)の管理職社員（当時）は、同社が民事再生法に基づく再生手続開始の申立てを行うことについて決定した事実を、その職務に関して知り、当該事実が公表される平成17年５月19日以前の同月16日に、株券9,000株を207万1,000円で売り付けたものである。 同人が行った上記の行為は、証券取引法第175条第１項に規定する「第百六十六条第一項又は第三項の規定に違反して、自己の計算において同条第一項に規定する売買等をした」行為に該当すると認められる。 ３ ．課徴金額の計算 上記の違法行為に対し証券取引法に基づき納付を命じられる課徴金額は、72万円である。 証券取引法第175条第１項に基づき、課徴金額は （売付け価格） ×（売付け株数） －（重要事実が公表された翌日の終値）×（売付け株数） となる。 従って、重要事実の公表翌日の５月20日の利根地下技術(株)の株価は150円であることから、課徴金額は下記の金額となる。 売付け額（207万1,000円(注)） －150円×9,000株＝721,000円 （注 ）売付け額207万1,000円は （231円×3,000株＋230円×4,000株＋229円×2,000株）の合計額 ⇒課徴金額は１万円未満を切り捨てるため 72万円",1
2006-01-13,,,(株)ガーラの株券に係る内部者取引の調査結果に基づく課徴金納付命令勧告について（平成18年1月13日）,https://www.fsa.go.jp/sesc/news/c_2006/2006/20060113.html,(株)ガーラの株券に係る内部者取引の調査結果に基づく課徴金納付命令勧告について 平成18年１月13日 証券取引等監視委員会 １ ．勧告の内容 証券取引等監視委員会は、(株)ガーラの株券に係る内部者取引について検査した結果、下記のとおり法令違反の事実が認められたので、本日、内閣総理大臣及び金融庁長官に対して、金融庁設置法第20条第１項の規定に基づき、課徴金納付命令を発出するよう勧告を行った。 ２ ．法令違反の事実関係（内部者取引） (株)ガーラの営業等の業務に従事していた社員（違反行為者(1)）及び経理等の業務に従事していた社員（違反行為者(2)）は、同社が第三者割当増資及び業務提携を行うことについて決定した事実を、業務管理等の業務に従事していた社員（違反行為者(3)）は、同社が業務提携を行うことについて決定した事実を、その職務に関して知り、当該事実が公表される平成17年６月21日以前に、それぞれ、同月14日、16日、16日において、株券１株を119万円、120万円、120万円で買い付けたものである。 上記３名が行った上記の行為は、証券取引法第175条第１項に規定する「第百六十六条第一項又は第三項の規定に違反して、自己の計算において同条第一項に規定する売買等をした」行為に該当すると認められる。 ３ ．課徴金額の計算 上記の違法行為に対し証券取引法に基づき納付を命じられる課徴金額は、違反行為者(1)については32万円、違反行為者(2)及び違反行為者(3)については31万円である。 証券取引法第175条第１項に基づき、課徴金額は (重要事実が公表された翌日の終値) × (買付け株数) － (買付け価格) × (買付け株数) となる。 従って、重要事実の公表翌日の６月23日の(株)ガーラの株価は151万円であることから、課徴金額は下記の金額となる。 違反嫌疑者(1)　：151万円×１株 － 119万円×１株 ＝ 32万円 違反嫌疑者(2)(3)：151万円×１株 － 120万円×１株 ＝ 31万円,1
2007-12-14,株式会社ＷＤＩ,3068,株式会社ＷＤＩの株券に係る内部者取引の調査結果に基づく課徴金納付命令の勧告について（平成19年12月14日）,https://www.fsa.go.jp/sesc/news/c_2007/2007/20071214-2.html,株式会社ＷＤＩの株券に係る内部者取引の調査結果に基づく課徴金納付命令の勧告について 平成１９年１２月１４日 証券取引等監視委員会 １ ．勧告の内容 証券取引等監視委員会は、株式会社ＷＤＩの株券に係る内部者取引について検査した結果、下記のとおり法令違反の事実が認められたので、本日、内閣総理大臣及び金融庁長官に対して、金融庁設置法第２０条第１項の規定に基づき、課徴金納付命令を発出するよう勧告を行った。 ２ ．法令違反の事実関係 課徴金納付命令対象者は、株式会社ＷＤＩの社員であったが、同社が平成１９年３月期の個別及び連結業績予想を下方修正する事実をその職務に関し知り、この事実が公表される平成１９年４月１０日以前の同年３月１９日に、株式会社ＷＤＩの株券合計１，５００株を総額１２９万３，５００円で売り付けたものである。 同人が行った上記の行為は、金融商品取引法第１７５条第１項に規定する「第百六十六条第一項又は第三項の規定に違反して、自己の計算において同条第一項に規定する売買等をした」行為に該当すると認められる。 ３ ．課徴金額の計算 上記の違法行為に対し金融商品取引法に基づき納付を命じられる課徴金額は、９万円である。 計算方法の詳細については、 別紙 (PDF/64KB) のとおり。,1
2007-12-14,株式会社ベルックス,,株式会社ベルックスの株券に係る内部者取引の調査結果に基づく課徴金納付命令の勧告について（平成19年12月14日）,https://www.fsa.go.jp/sesc/news/c_2007/2007/20071214-1.html,株式会社ベルックスの株券に係る内部者取引の調査結果に基づく課徴金納付命令の勧告について 平成１９年１２月１４日 証券取引等監視委員会 １ ．勧告の内容 証券取引等監視委員会は、株式会社ベルックスの株券に係る内部者取引について検査した結果、下記のとおり法令違反の事実が認められたので、本日、内閣総理大臣及び金融庁長官に対して、金融庁設置法第２０条第１項の規定に基づき、課徴金納付命令を発出するよう勧告を行った。 ２ ．法令違反の事実関係 課徴金納付命令対象者は、ＫＹプランニング株式会社の業務に従事していた者から、同人がその職務に関し知った同社が株式会社ベルックスの株券の公開買付けを行うことを決定した事実の伝達を受け、この事実が公表される平成１９年５月２２日以前の同月２日から同月９日までの間に、株券合計７，０００株を総額５６８万９，０００円で買い付けたものである。 同人が行った上記の行為は、金融商品取引法第１７５条第２項に規定する「第百六十七条第一項又は第三項の規定に違反して、自己の計算において同条第一項に規定する特定株券等若しくは関連株券等に係る買付け等又は同項に規定する株券等に係る売付け等をした」行為に該当すると認められる。 ３ ．課徴金額の計算 上記の違法行為に対し金融商品取引法に基づき納付を命じられる課徴金額は、２４５万円である。 計算方法の詳細については、 別紙 (PDF/65KB) のとおり。,1
2006-11-09,泉州電業株式会社,9824,泉州電業株式会社の株券に係る内部者取引の調査結果に基づく課徴金納付命令の勧告について（平成19年10月19日）,https://www.fsa.go.jp/sesc/news/c_2007/2007/20071019-1.html,泉州電業株式会社の株券に係る内部者取引の調査結果に基づく課徴金納付命令の勧告について 平 成１９年１０月１９日 証券取引等監視委員会 １ ．勧告の内容 証券取引等監視委員会は、泉州電業株式会社の株券に係る内部者取引について検査した結果、下記のとおり法令違反の事実が認められたので、本日、内閣総理大臣及び金融庁長官に対して、金融庁設置法第２０条第１項の規定に基づき、課徴金納付命令を発出するよう勧告を行った。 ２ ．法令違反の事実関係 課徴金納付命令対象者 は、泉州電業株式会社の社員であったが、同社が転換社債型新株予約権付社債を引き受ける者の募集を行うことを決定した事実をその職務に関し知り、この事実が公表される平成１８年１１月９日以前の同月６日に、株券２００株を５４万円で売り付けたものである。 課徴金納付命令対象者 は、泉州電業株式会社の社員であったが、同社が転換社債型新株予約権付社債を引き受ける者の募集を行うことを決定した事実をその職務に関し知り、この事実が公表される平成１８年１１月９日以前の同年９月５日に、株券合計１，０００株を総額３０６万６，０００円で売り付けたものである。 上記２名が行った上記の行為は、金融商品取引法第１７５条第１項に規定する「第百六十六条第一項又は第三項の規定に違反して、自己の計算において同条第一項に規定する売買等をした」行為に該当すると認められる。 ３ ．課徴金額の計算 上記の違法行為に対し金融商品取引法に基づき納付を命じられる課徴金額は、課徴金納付命令対象者 については４万円、課徴金納付命令対象者 については５８万円である。 計算方法の詳細については、 別紙 (PDF/81KB) のとおり。,1
2007-03-08,カッパ・クリエイト株式会社,7421,カッパ・クリエイト株式会社の株券に係る内部者取引の調査結果に基づく課徴金納付命令の勧告について（平成19年11月2日）,https://www.fsa.go.jp/sesc/news/c_2007/2007/20071102.html,カッパ・クリエイト株式会社の株券に係る内部者取引の調査結果に基づく課徴金納付命令の勧告について 平 成１９年１１月２日 証券取引等監視委員会 １ ．勧告の内容 証券取引等監視委員会は、カッパ・クリエイト株式会社の株券に係る内部者取引について検査した結果、下記のとおり法令違反の事実が認められたので、本日、内閣総理大臣及び金融庁長官に対して、金融庁設置法第２０条第１項の規定に基づき、課徴金納付命令を発出するよう勧告を行った。 ２ ．法令違反の事実関係 課徴金納付命令対象者は、カッパ・クリエイト株式会社の資本業務提携契約の締結交渉先の役員から、同人が同契約の締結の交渉に関し知ったカッパ・クリエイト株式会社が株式会社ゼンショーと資本提携を伴う業務上の提携を行うことを決定した事実の伝達を受け、平成１９年３月８日、この事実が公表される午後３時１５分より以前に、カッパ・クリエイト株式会社の株券４，０００株を６６５万６，０００円で買い付けたものである。 同人が行った上記の行為は、金融商品取引法第１７５条第１項に規定する「第百六十六条第一項又は第三項の規定に違反して、自己の計算において同条第一項に規定する売買等をした」行為に該当すると認められる。 ３ ．課徴金額の計算 上記の違法行為に対し金融商品取引法に基づき納付を命じられる課徴金額は、４４万円である。 計算方法の詳細については、 別紙 (PDF/7KB) のとおり。,1
2007-08-31,の犯則事件の調査や証券会社,,証券取引等監視委員会の事務処理状況の公表について（平成19年8月31日）,https://www.fsa.go.jp/sesc/reports/n_18/n_18.html,"平成18年度版年次公表 証券取引等監視委員会の事務処理状況の公表について 平成１９年８月３１日 証券取引等監視委員会 １ . 事務処理状況の公表 証券取引等監視委員会（以下「証券監視委」という。）は、金融庁設置法第22条の規定に基づき、毎年、事務処理状況を公表しており、本日、平成18年７月１日から平成19年６月30日までの期間（以下「平成18事務年度」という。）における事務の処理状況を「証券取引等監視委員会の活動状況」として公表した。なお、今回の公表は、証券監視委発足後15回目となる。 ２. 全般的な評価 「貯蓄から投資へ」といった投資活動の促進のためには、公正かつ透明性の高い健全な証券市場を確立するとともに、市場に対する投資者の信頼を保持することが不可欠の課題となっている。こうした中、市場監視機能の充実・強化も行われてきており、中でも、平成17年には、従来からの犯則事件の調査や証券会社等の取引の公正確保に係る検査に加え、新たに導入された課徴金調査のほか、開示検査、証券会社等の財務の健全性等に係る検査及び投資信託委託業者・投資顧問業者等に対する検査の権限も証券監視委に委任され、また、新たに外国為替証拠金取引を扱う業者が金融先物取引業者として検査の対象となるなど、証券監視委の検査範囲は大幅に拡大された。平成18事務年度においては、従前からの犯則事件の調査や証券会社等の取引の公正確保に係る検査はもとより、これらの大幅に拡大された権限に基づき調査・検査を実施してきたところである。 （不公正取引に対する告発・勧告） 不公正取引に対する告発については、証券監視委発足以来の年間最多の12件の告発を行った。ＩＴ技術の進展などを背景に、全国どこからでもインターネットを利用した情報伝達や発注が可能となり、いわゆるインターネット取引を通じたインサイダー取引や相場操縦などの不公正取引の可能性も増大していることから、こうした不公正取引に関しても全国に広く監視の目を向け、各地の捜査当局等と連携することにより、証券市場の信頼を揺るがす重大・悪質な犯則事件に対して告発を行った。この中には、法定公告を担当する新聞社の従業員が行ったインサイダー取引（ 西松屋チェーン他４銘柄事件 ）、重要事実に関する公表資料の作成等について業務委託契約を締結した法人の役員等によるインサイダー取引（ ホーマック他１銘柄事件 ）事件などがあった。 不公正取引に対する勧告については、９件の課徴金納付命令（いずれも内部者取引に関するもの）の発出を求める勧告を行った。これらの中には、上場会社が重要事実の公表前に自己株式を買い付けたことがインサイダー取引に該当するとして、多額の課徴金の納付を求めた事例もあった。また、これらの勧告を契機として、上場会社が内部規程や社内管理体制の見直しを行うなど、インサイダー取引の未然防止に取り組む契機となった。 （ディスクロージャーに関する告発・勧告） ディスクロージャーに関する告発については、犯則事件の調査の結果、虚偽の有価証券報告書等の提出につき１件・３名について、証券取引法に違反するとして告発を行った（ サンビシ事件 ）。 ディスクロージャーに関する勧告については、開示検査の結果、平成18年11月に初の課徴金納付命令の発出を求める勧告（ 東日本ハウス(株)に係る有価証券報告書の虚偽記載 ）を行ったのをはじめ、開示書類の虚偽記載について計５件の課徴金納付命令の発出を求める勧告を行ったほか、訂正報告書等提出命令の発出を求める勧告を１件行った。これらの中には、 (株)日興コーディアルグループに係る発行登録追補書類の虚偽記載 に対する課徴金納付命令の発出を求める勧告があり、ディスクロージャーに対する社会的関心を高める契機となった。 （証券検査） 証券検査については、発足以来最多となる209社の検査を終了し、問題点が認められた142社のうち、28社について行政処分等の勧告を行った。特に、平成18事務年度には、自主規制機関に対して、自主規制業務が実効性の高いものとなっているか、その機能が適切に発揮されているか、という観点から検査を行い、売買審査業務に係る不備等が認められた３機関に対して行政処分の勧告を行った。 （建議） 建議については、平成４年の証券監視委の設立以来、前事務年度までに12件の建議を行ってきたところだが、引受審査、市場指標を歪める取引の規制及び法定帳簿の保存期間の見直しについて、金融庁長官に対し、３件の建議を行った。 ３. 概要 (1 )　不公正取引及びディスクロージャーに関する調査等 ○ 不公正取引に対する告発・勧告 イ 不公正取引に対する告発 不公正事件に関する犯則事件の調査の結果、相場操縦につき３件・10名、内部者取引につき９件・18名、計12件・28名（法人を含む）について、証券取引法に違反するとして告発を行った。 そのうち主なものの概要は次のとおりである。 ・ 西松屋チェーン他４銘柄事件（内部者取引） (株)西松屋チェーン他４社は、それぞれ株式分割を行うことについての決定をし、平成17年12月から同18年１月にかけて、その旨を公表した。 犯則嫌疑者は、上記５社との間で、株式分割に関する法定公告の記載に係る契約を締結していた広告代理店から、当該法定公告掲載を請け負っていた新聞社の社員であったものであるが、自己の職務に関して上記重要事実を知り、その公表前である平成17年12月から同18年１月までの間、当該５社の株券合計９万4,400株を代金合計約２億4,332万円で買い付けた。 ・ ホーマック他１銘柄事件（内部者取引） ホーマック(株)及び(株)カーマは、ホーマック(株)、(株)カーマ及びダイキ(株)による共同持株会社を設立するために株式移転を行うことについての決定をし、平成17年７月、その旨を公表した。 犯則嫌疑者は、ホーマック(株)及び(株)カーマとの間で、プレス配付資料の作成に係る契約を締結した法人の代表取締役であったものであるが、同契約の締結に関し、上記の重要事実を知り、その公表前である同年５月から６月までの間、ホーマック(株)及び(株)カーマの株券合計２万1,000株を約3,241万円で買い付けた。 ロ 不公正取引に対する勧告 不公正事件に関する課徴金調査の結果、９件（個人６件、法人３件）、7,633万円の課徴金納付命令の発出を求める勧告を行った。勧告事案は、いずれも内部者取引に関するものであったが、課徴金納付命令対象者が、上場会社自体、上場会社の役職員、子会社の役員、取引先社員等であったり、重要事実が、新株発行、業績予想の下方修正、子会社の解散、合併等であったりと、その内容は多岐にわたっている。 そのうち主なものの概要は次のとおりである。 ・ (株)小松製作所の株券に係る内部者取引の調査結果に基づく課徴金納付命令勧告 (株)小松製作所の執行役員は、同社の子会社のオランダコマツファイナンス(有)が解散することについて決定した事実をその職務に関して知り、この事実が公表される平成17年７月13日以前の同月４日から13日までの間、(株)小松製作所の計算において、株券合計131万6,000株を11億7,746万1,000円で買い付けた。 ・ (株)大塚家具の株券に係る内部者取引の調査結果に基づく課徴金納付命令勧告 (株)大塚家具の役員は、同社が配当予想値の修正を行う事実をその職務に関して知り、この事実が公表される平成18年２月23日以前の同月10日から22日までの間、(株)大塚家具の計算において、株券合計７万9,000株を３億3,295万5,000円で買い付けた。 ○ ディスクロージャーに関する告発・勧告 イ ディスクロージャーに関する告発 ディスクロージャーに関する犯則事件の調査の結果、虚偽の有価証券報告書等の提出につき１件・３名について、証券取引法に違反するとして告発を行った。 ・ サンビシ事件（虚偽の有価証券報告書提出） 犯則嫌疑法人サンビシ(株)の代表取締役であった犯則嫌疑者Ａ及び取締役であった犯則嫌疑者Ｂは、共謀の上、同社の業務に関し、平成15年３月期から平成17年３月期の３期にわたり、連結子会社が存在したにも関わらず、これがないと記載するなどした虚偽の記載のある有価証券報告書を提出した。 ロ ディスクロージャーに関する勧告 開示検査の結果、開示書類の虚偽記載に関して５件、６億5,814万9,999円の課徴金納付命令の発出を求める勧告を行った。勧告事案は、虚偽記載のある開示書類が、発行開示書類（有価証券届出書、発行登録追補書類）や継続開示書類（有価証券報告書、半期報告書）であったり、虚偽記載の態様が、引当金の過少計上、売上原価の付替え、孫会社の連結除外、損失の繰延べ、架空売上の計上等であったりと、その内容は多岐にわたっている。 そのうち主なものの概要は次のとおりである。 ・ 東日本ハウス(株)に係る有価証券報告書の虚偽記載に係る課徴金納付命令勧告 東日本ハウス(株)は、退職給付引当金の過少計上により、連結純資産が約34億円であったにもかかわらず、連結純資産に相当する「資本合計」欄に約38億円と記載するなどした連結貸借対照表、及び経常利益が約15億円であったにもかかわらず、これを約22億円と記載するなどした連結損益計算書を平成17年10月期有価証券報告書に掲載し、この有価証券報告書を、平成18年１月27日、関東財務局長に対して提出した。 ・ (株)日興コーディアルグループに係る発行登録追補書類の虚偽記載に係る課徴金納付命令勧告 (株)日興コーディアルグループは、 i 子会社である日興プリンシパル・インベストメンツ(株)（以下「ＮＰＩ」という。）が、その株式のすべてを所有し、実質的に支配しているＮＰＩホールディングス(株)（以下「ＮＰＩＨ」という。）を連結の範囲に含めず、 ii ＮＰＩＨが発行しＮＰＩが保有していた他社株券償還特約付社債券の発行日を偽るなどしてＮＰＩの会計帳簿等を作成し、本来計上できない当該社債券の評価益を計上することにより、 連結経常利益が58,968百万円（百万円未満切捨て。以下、連結経常利益及び連結当期純利益について同じ。）であったにもかかわらず、77,717百万円と記載し、連結当期純利益が35,268百万円であったにもかかわらず、46,935百万円と記載するなどした連結損益計算書を平成17年３月期有価証券報告書に掲載し、平成17年11月９日、上記平成17年３月期有価証券報告書を参照書類とする発行登録追補書類を関東財務局長に対して提出し、平成17年11月22日、同発行登録追補書類に基づく一般募集により500億円の社債券を取得させた。 (2 )　証券検査 平成18事務年度中に証券会社87社(うち外国証券会社9社)、登録金融機関27社、証券仲介業者１社、外国為替証拠金取引を行う金融先物取引業者12社、投信・投資顧問業者等58社、自主規制機関６機関及びその他１社の計192社に対して検査に着手した。 本事務年度において検査が終了したものは、前期繰越分を含め209社となっているが、このうち142社に問題点が認められた（問題点が認められた会社の割合68%）。問題点が認められた142社中、74社において投資者保護に関する問題点が認められたほか、不公正取引、財産・経理等や業務運営に関する問題点も多数認められた。 検査の結果、重大な法令違反が認められた28社については、内閣総理大臣及び金融庁長官に対し、行政処分等の勧告を行った(うち財務局等分15社)。 （検査結果の内訳） 検査終了 問題点が認められたもの 問題点の内訳 勧告 不公正取引に関するもの 投資者保護に関するもの 財産・経理に関するもの その他業務運営に関するもの 証券会社(含外証) １０１社 ６９社 １７社 ３０社 １６社 ４５社 1１社 登録金融機関 ３０社 １５社 １社 １１社 １社 ６社 １社 証券仲介業者 １社 ０社 ― ― ― ― ０社 金融先物業者 １２社 １２社 １社 ８社 ７社 ９社 ５社 投信・投資顧問業者等 ５８社 ３９社 １社 ２５社 １社 ３４社 ８社 自主規制機関 ７社 ７社 ― ― ― ７社 ３社 合計 ２０９社 １４２社 １２社 ７４社 ２５社 １０１社 28社 （注 ）同一会社において複数の問題点が認められる場合があるため、「問題点が認められたもの」と「問題点の内訳」の合計は一致しない場合がある。 勧告事案の主な内容は次のとおり。 ○ 証券会社の処分に係る勧告 ・ 課徴金調査に関連し、内部者取引のおそれのあることを知りながら顧客の有価証券の売買を受託した事例 被検査法人姫路支店投資銀行業務担当課長代理Ａは、その業務に関し、Ｂ社及びＢ社役員により行われたＢ社株式に係る内部者取引のうち、Ｂ社役員による平成17年10月４日及び６日の当社姫路支店に開設されたＣ社名義口座での計２回、1,500株の買付注文について、以下の事情から、証取法第166条第１項の規定に違反するおそれのあることを認識していたにもかかわらず、委託注文書を徴求するなどの必要な対応をとることなく、買付注文を受託していた。 ○ Ｃ社名義口座開設の経緯等から、同口座がＢ社役員の借名口座ではないかとの疑念を抱いていたこと。 ○ 買付注文受注時点において、Ｂ社に株式分割を行うという公表されていない重要事実が存在することを認識していたこと。 ○ 買付注文が、Ｂ社役員の指示によるものではないかとの疑いを持っており、かつ、同社の他の役員により発注されたものであったこと。 （大和証券） ・ 著しく不適当な引受価額での引受けを行った事例 被検査法人公開引受部長（当時）は、Ａ社の新規上場の際の株式公募及び当社によるＡ社株式の主幹事会社としての引受けに関して、Ａ社との交渉を取り仕切っていたところ、同人は、Ａ社代表取締役社長の主張を勘案し、Ａ社の上場公募における主幹事会社たる地位を維持するべく、当該想定公募価格（発行価格）を、当社算定のＡ社株式の理論価格を著しく上回る金額とすることに同意した。 その後、当社は、Ａ社とともに、機関投資家に対してプレヒアリングを行い、その際、機関投資家は「望ましいと思われる公募価格」を提示してきているところ、当該価格は、上記の想定公募価格に沿う形でより高い価格に誘導され、かつ、これにより、プレヒアリングの結果を踏まえて設定されたブックビルディングの仮条件もより高い価格帯に設定されたものと認められる状況において、当社は、その取締役会において上記理論価格を著しく上回る価額でＡ社公募株式の引受けを行うことを決議し、その後、当該引受価額で引受けを行った。 （エイチ・エス証券） ○ 投信・投資顧問業者等の処分に係る勧告 ・ 新規公開株式の恣意的な配分（忠実義務違反） 被検査法人は、投資信託財産及び投資一任契約資産（以下、これら２つを総称して「運用資産」という。）の運用における新規公開株式への投資に当たって、原則として運用資産の資産規模に応じた配分をする（以下「本件配分方針」という。）こととしていたが、配分を担当している運用部門の責任者において、本件配分方針に基づく配分を行わなければならないという認識が次第に希薄化し、パフォーマンスへの寄与度が大きくなるとの理由で資産規模の小さな運用資産に集中的に配分したり、パフォーマンスが相対的に低下した運用資産の改善策として一定期間に集中的に配分を行ったりするなど、本件配分方針を無視するような公平性を欠く配分を繰り返し行った。 （ピクテ投信投資顧問株式会社） ○ 外国為替証拠金取引を取り扱う金融先物取引業者の処分に係る勧告 ・ 不招請勧誘 被検査法人大阪外国為替部部長は、その業務に関し、同人が所掌する同部第一課及び第二課の営業員に対し、外国為替証拠金取引の受託等を内容とする契約（以下「受託契約等」という。）の締結の勧誘の要請をしていない一般顧客に対し、受託契約等の締結のための勧誘を指示していた。 それを受け、同部第一課課長ほか２名及び同部第二課課長ほか２名の営業員は、その業務に関し、受託契約等の締結の勧誘の要請をしていない一般顧客109名に対し、架電により受託契約等の締結の勧誘を行った。 また、本店第一外国為替部部長においても、その業務に関し、同人が所掌する同部第一課の営業員に対し、大阪外国為替部部長と同様の指示を行っており、それを受けた同課係長ほか１名の営業員が、その業務に関し、受託契約等の締結の勧誘の要請をしていない一般顧客８名に対し、架電により受託契約等の締結の勧誘を行った。 加えて、本店第二外国為替部においても、同部第二課主任ほか３名の営業員が、その業務に関し、受託契約等の締結の勧誘の要請をしていない一般顧客８名に対し、架電により受託契約等の締結の勧誘を行った。 （エース交易株式会社） ○ 自主規制機関の処分に係る勧告 ・ 売買審査業務に係る不備 被検査法人は、その開設する取引所有価証券市場における有価証券の売買の審査について、審査対象取引の抽出基準等の具体的な監視及び審査基準を定めていないほか、立会時間内の売買監視及び立会内取引終了後の売買審査も不十分であるなど、多数の不備が認められた。 （札幌証券取引所） ・ システムリスク管理態勢の不備 被検査法人は、システムリスクに関する認識が不十分であり、全社的なリスク管理の基本方針を策定していないなど、その管理態勢が不十分な状況にあると認められた。 （札幌証券取引所、福岡証券取引所、ジャスダック証券取引所） (3 )　建議 平成18事務年度については、金融庁長官に対し、平成19年２月16日、次の３件の建議を行った。 ○ 証券会社の検査の結果、主幹事会社が発行体の業績の見通し等について適切な審査を行っていない事例等が認められたことから、証券会社が引受審査を適切かつ十分に実施することが確保されるよう、適切な措置を求める建議を行った。 ○ また、証券会社の検査の結果、証券会社のトレーダーが仮装取引により市場指標を歪めさせる事例等が認められたことから、証券会社が市場指標を実勢を反映しないものに歪めさせる取引を行うこと及び証券会社がこれらの取引を受託することが規制されるよう、適切な措置を求める建議を行った。 ○ 最後に、平成18年証券取引法改正の際の罰則の見直しにおいて虚偽有価証券報告書等の提出等に係る懲役刑が延長されたことに伴い、これらの罪に係る公訴時効が延長された一方、法定帳簿のうち注文伝票の保存期間については延長された公訴時効に対応したものとなっていないことから、法定帳簿の保存期間につき、公訴時効の延長も勘案した適切な見直しを求める建議を行った。 (4 )　市場分析審査 ○ 一般からの情報の受付 平成18事務年度中に投資者など一般から受け付けた情報は6,485件となっている。情報の内容としては、個別銘柄に関するものが5,011件、証券会社の営業姿勢等に関するものが1,077件、その他の意見等が387件となっている。 ○ 取引審査等の状況 平成18事務年度の取引審査件数は、合計1,039件であり、前事務年度と比較すると約２割増加しており、平成４年の発足以来最高の審査件数となっている。その内訳は、株価が急騰するなど不自然な動きをしたもの等の価格形成に関するもの141件、投資者の投資判断に著しい影響を及ぼす重要な事実の公表により株価が大きく変動したもの等の内部者取引に関するもの884件、その他14件となっている。 同事務年度においては、金融取引のグローバル化の更なる進展、個人投資家によるインターネット取引の普及などの中で、不公正な取引が発生していないか、市場仲介者に不正な勧誘等がないか、といった観点から、幅広く審査を行った。 また、クロスボーダー取引の増加に伴い、我が国証券市場の公正を確保するために海外規制当局と連携することが不可欠になっていることから、証券監視委は海外規制当局との間で緊密な連携を図っているところであり、証券監視委の審査において端緒を把握し、海外規制当局に緊密な連携を働きかけた結果、同事務年度には海外規制当局による処分が2件行われた。 さらに、新商品や新たな取引形態等が市場に与える影響、市場の構造的問題となり得る事象等について、幅広く市場動向分析を行った。 (5 )　監視活動・機能強化への取組み等 ○ 市場監視体制の充実・強化 平成19年度の機構・定員については、有価証券報告書等の虚偽記載に係る課徴金調査体制の整備を大きな柱として増員要求を行った結果、26人の増員が認められ、平成19年度末の定員は341人となる。 また、財務局等の証券取引等監視官部門においても、28人の増員が認められ、平成19年度末の定員は268人となり、証券監視委の定員と合計すると全体で609人となる。 さらに、的確な市場監視及び職員の専門性向上を図るなどのため、証券業務等に関して専門的知識・経験のある者、弁護士及び公認会計士などの民間専門家を採用し、平成19年６月末現在において在籍している民間出身の専門家は76人となっている。 ○ 投資家への情報提供等の取組み 講演会の開催やインターネットを通じて証券監視委の活動状況等の情報を提供することにより、個人投資家等の証券監視委に対する理解と証券市場等に対する信頼を深めてもらう工夫に取り組んでいる。また、証券監視委の活動に有用な端緒となる情報がより多く寄せられるようポスターの掲示や政府広報等を通じてその提供を求めている。 ○ 関係当局との連携 金融庁や自主規制機関と緊密な情報交換等を行うとともに、海外の証券規制当局との意見・情報交換や主要な国際会議への参加を通じて、金融庁とともに海外の証券規制当局等との連携強化にも努めている。 (6 )　金融商品取引法による業務の拡大等 証券市場を取り巻く環境の変化に対応するため、平成18年の通常国会において、証取法を改組して金融商品取引法とする等の法改正が行われた。具体的には、幅広い金融商品について包括的・横断的な制度を整備するとともに、集団投資スキーム（いわゆるファンド）の販売・勧誘業者や運用業者等に対する検査権限を証券監視委に委任し、また、公開買付制度や大量保有報告制度その他の企業開示に関する制度の整備等を行ったところである。平成19年９月末の同法の本格施行により、証券検査の対象範囲の拡大や平成20年４月１日以降に開始する事業年度から四半期報告書の提出が義務づけられることに伴う検査対象の拡大など、証券監視委の業務はさらに拡大することとなる。 証券監視委では、同法施行に向けて機構定員要求などを通じた市場監視体制の強化や、現行の「証券検査マニュアル」等を抜本的に見直した「金融商品取引業者等検査マニュアル」（仮称）の策定等にも取り組んでいるところである。 「証券監視委の活動状況」（一覧表） へ　(PDF/57KB) 「証券取引等監視委員会の活動状況」の本文へ 本文 （PDF/345KB） 付属資料 （PDF/13,037KB） 全文一括印刷用 （PDF/13,365KB）",1
2007-07-03,株式会社倉元製作所,5216,株式会社倉元製作所の株券に係る内部者取引の調査結果に基づく課徴金納付命令の勧告について（平成19年7月3日）,https://www.fsa.go.jp/sesc/news/c_2007/2007/20070703.html,株式会社倉元製作所の株券に係る内部者取引の調査結果に基づく課徴金納付命令の勧告について 平成19年７月３日 証券取引等監視委員会 １ ．勧告の内容 証券取引等監視委員会は、株式会社倉元製作所の株券に係る内部者取引について検査した結果、下記のとおり法令違反の事実が認められたので、本日、内閣総理大臣及び金融庁長官に対して、金融庁設置法第２０条第１項の規定に基づき、課徴金納付命令を発出するよう勧告を行った。 ２ ．法令違反の事実関係 課徴金納付命令対象者は、株式会社倉元製作所の契約締結先の社員であったが、株式会社倉元製作所がショットアーゲーと業務提携を行うことを決定した事実を同契約の締結及びその交渉に関し知り、この事実が公表される平成１７年１１月２４日以前の同月１６日及び同月１７日に、株券合計３，０００株を総額１８７万７，２００円で買い付けたものである。 同人が行った上記の行為は、証券取引法第１７５条第１項に規定する「第百六十六条第一項又は第三項の規定に違反して、自己の計算において同条第一項に規定する売買等をした」行為に該当すると認められる。 ３ ．課徴金額の計算 上記の違法行為に対し証券取引法に基づき納付を命じられる課徴金額は、１５万円である。 計算方法の詳細については、 別紙 (PDF/80KB) のとおり。,1
2007-06-15,ダイヤモンドリース株式会社,,ダイヤモンドリース株式会社の株券に係る内部者取引の調査結果に基づく課徴金納付命令の勧告について（平成19年6月15日）,https://www.fsa.go.jp/sesc/news/c_2007/2007/20070615-2.html,ダイヤモンドリース株式会社の株券に係る内部者取引の調査結果に基づく課徴金納付命令の勧告について 平成19年６月15日 証券取引等監視委員会 １ ．勧告の内容 証券取引等監視委員会は、ダイヤモンドリース株式会社（ユーエフジェイセントラルリース株式会社との合併により、平成１９年４月１日以降の商号は、三菱ＵＦＪリース株式会社。）の株券に係る内部者取引について検査した結果、下記のとおり法令違反の事実が認められたので、本日、内閣総理大臣及び金融庁長官に対して、金融庁設置法第２０条第１項の規定に基づき、課徴金納付命令を発出するよう勧告を行った。 ２ ．法令違反の事実関係 課徴金納付命令対象者は、ダイヤモンドリース株式会社の契約締結先の社員であったが、ダイヤモンドリース株式会社がユーエフジェイセントラルリース株式会社と合併することを決定した事実を同契約の締結及びその交渉に関し知り、この事実が公表される平成１８年１０月１９日以前の同年７月２４日に、株券２００株を９８万２，０００円で買い付けたものである。 同人が行った上記の行為は、証券取引法第１７５条第１項に規定する「第百六十六条第一項又は第三項の規定に違反して、自己の計算において同条第一項に規定する売買等をした」行為に該当すると認められる。 ２ ．課徴金額の計算 上記の違法行為に対し証券取引法に基づき納付を命じられる課徴金額は、２０万円である。 計算方法の詳細については、 別紙 (PDF/81KB) のとおり。,1
2007-06-15,ユーエフジェイセントラルリース株式会社,,ユーエフジェイセントラルリース株式会社の株券に係る内部者取引の調査結果に基づく課徴金納付命令の勧告について（平成19年6月15日）,https://www.fsa.go.jp/sesc/news/c_2007/2007/20070615-1.html,ユーエフジェイセントラルリース株式会社の株券に係る内部者取引の調査結果に基づく課徴金納付命令の勧告について 平成19年６月15日 証券取引等監視委員会 １ ．勧告の内容 証券取引等監視委員会は、ユーエフジェイセントラルリース株式会社（ダイヤモンドリース株式会社との合併により、平成１９年４月１日消滅。存続会社であるダイヤモンドリース株式会社の平成１９年４月１日以降の商号は、三菱ＵＦＪリース株式会社。）の株券に係る内部者取引について検査した結果、下記のとおり法令違反の事実が認められたので、本日、内閣総理大臣及び金融庁長官に対して、金融庁設置法第２０条第１項の規定に基づき、課徴金納付命令を発出するよう勧告を行った。 ２ ．法令違反の事実関係 課徴金納付命令対象者は、ユーエフジェイセントラルリース株式会社の契約締結先の社員であったが、ユーエフジェイセントラルリース株式会社がダイヤモンドリース株式会社と合併することを決定した事実を同契約の締結及びその交渉に関し知り、この事実が公表される平成１８年１０月１９日以前の同年９月２１日及び同月２５日に、株券合計５００株を総額２４９万４，０００円で買い付けたものである。 同人が行った上記の行為は、証券取引法第１７５条第１項に規定する「第百六十六条第一項又は第三項の規定に違反して、自己の計算において同条第一項に規定する売買等をした」行為に該当すると認められる。 ２ ．課徴金額の計算 上記の違法行為に対し証券取引法に基づき納付を命じられる課徴金額は、４２万円である。 計算方法の詳細については、 別紙 (PDF/81KB) のとおり。,1
2007-05-08,株式会社大塚家具,,株式会社大塚家具の株券に係る内部者取引の調査結果に基づく勧告について（平成19年5月8日）,https://www.fsa.go.jp/sesc/news/c_2007/2007/20070508.html,株式会社大塚家具の株券に係る内部者取引の調査結果に基づく勧告について 平成19年５月８日 証券取引等監視委員会 １ ．勧告の内容 証券取引等監視委員会は、株式会社大塚家具の株券に係る内部者取引について検査した結果、下記のとおり法令違反の事実が認められたので、本日、内閣総理大臣及び金融庁長官に対して、金融庁設置法第２０条第１項の規定に基づき、課徴金納付命令を発出するよう勧告を行った。 ２ ．法令違反の事実関係 株式会社大塚家具の役員は、同社が配当予想値の修正を行う事実をその職務に関し知り、当該事実が公表される平成１８年２月２３日以前の同月１０日から同月２２日の間に、株式会社大塚家具の計算において、株券７万９０００株を３億３２９５万５０００円で買い付けたものである。 同社が行った上記の行為は、証券取引法第１７５条第７項において準用する同条第１項に規定する「第百六十六条第一項又は第三項の規定に違反して、自己の計算において同条第一項に規定する売買等をした」行為に該当すると認められる。 ３ ．課徴金額の計算 上記の違法行為に対し証券取引法に基づき納付を命じられる課徴金額は、３０４４万円である。 計算方法の詳細については、 別紙 (PDF/81KB) のとおり。,1
2007-03-09,株式会社小松製作所,6301,株式会社小松製作所の株券に係る内部者取引の調査結果に基づく勧告について（平成19年3月9日）,https://www.fsa.go.jp/sesc/news/c_2007/2007/20070309.html,株式会社小松製作所の株券に係る内部者取引の調査結果に基づく勧告について 平成19年３月９日 証券取引等監視委員会 １ ．勧告の内容 証券取引等監視委員会は、株式会社小松製作所の株券に係る内部者取引について検査した結果、下記のとおり法令違反の事実が認められたので、本日、内閣総理大臣及び金融庁長官に対して、金融庁設置法第２０条第１項の規定に基づき、課徴金納付命令を発出するよう勧告を行った。 ２ ．法令違反の事実関係 株式会社小松製作所の執行役員は、同社の子会社のオランダコマツファイナンス有限会社が解散を行うことについての決定した事実を、その職務に関して知り、当該事実が公表される平成１７年７月１３日以前の同月４日から同月１３日の間に、株式会社小松製作所の計算において、株券１３１万６０００株を１１億７７４６万１０００円で買い付けたものである。 同社が行った上記の行為は、証券取引法第１７５条第７項において準用する同条第１項に規定する「第百六十六条第一項又は第三項の規定に違反して、自己の計算において同条第一項に規定する売買等をした」行為に該当すると認められる。 ３ ．課徴金額の計算 上記の違法行為に対し証券取引法に基づき納付を命じられる課徴金額は、４３７８万円である。 計算方法の詳細については、 別紙 (PDF/91KB) のとおり。,1
2007-02-06,ジャパン建材株式会社,,ジャパン建材株式会社の株券に係る内部者取引の調査結果に基づく勧告について（平成19年2月6日）,https://www.fsa.go.jp/sesc/news/c_2007/2007/20070206.html,ジャパン建材株式会社の株券に係る内部者取引の調査結果に基づく勧告について 平成19年２月６日 証券取引等監視委員会 １ ．勧告の内容 証券取引等監視委員会は、ジャパン建材株式会社（平成１８年１０月１日以降の商号は、ＪＫホールディングス株式会社）の株券に係る内部者取引について検査した結果、下記のとおり法令違反の事実が認められたので、本日、内閣総理大臣及び金融庁長官に対して、金融庁設置法第２０条第１項の規定に基づき、課徴金納付命令を発出するよう勧告を行った。 ２ ．法令違反の事実関係 課徴金納付命令対象者は、商号変更前のジャパン建材株式会社において、経理等の業務に従事していたが、同社の連結業績予想の下方修正の事実をその職務に関して知り、平成１８年５月８日、当該事実が公表される午後４時４０分より以前に、株券１１００株を９８万６００円で売り付けたものである。 同人が行った上記の行為は、証券取引法第１７５条第１項に規定する「第百六十六条第一項又は第三項の規定に違反して、自己の計算において同条第一項に規定する売買等をした」行為に該当すると認められる。 ３ ．課徴金額の計算 上記の違法行為に対し証券取引法に基づき納付を命じられる課徴金額は、４万円である。 計算方法の詳細については、 別紙 (PDF/91KB) のとおり。,1
2008-12-12,ゴールドマン・サックス証券株式会社,,ゴールドマン・サックス証券株式会社社員による内部者取引に対する課徴金納付命令の勧告について（平成20年12月12日）,https://www.fsa.go.jp/sesc/news/c_2008/2008/20081212.html,ゴールドマン・サックス証券株式会社社員による内部者取引に対する課徴金納付命令の勧告について 平成２０年１２月１２日 証券取引等監視委員会 １．勧告の内容 証券取引等監視委員会は、ゴールドマン・サックス証券株式会社社員による内部者取引について検査した結果、下記のとおり法令違反の事実が認められたので、本日、内閣総理大臣及び金融庁長官に対して、金融庁設置法第２０条第１項の規定に基づき、課徴金納付命令を発出するよう勧告を行った。 ２．法令違反の事実関係 課徴金納付命令対象者は、株式会社ＡＰ８（現株式会社レックス・ホールディングス）と公開買付け応募契約の締結の交渉をしていた者から、同人がその契約の締結の交渉に関し知った、同社が株式会社レックス・ホールディングス(平成１９年９月１日合併により解散)の株券の公開買付けを行うことについての決定をした事実の伝達を受け、この事実が公表される平成１８年１１月１１日より以前の同月８日に、株券１７株を総額３６３万８，０００円で買い付けたものである。 課徴金納付命令対象者が行った上記の行為は、金融商品取引法（平成２０年法律第６５号による改正前のもの。以下「旧金融商品取引法」という。）第１７５条第２項に規定する「第百六十七条第一項又は第三項の規定に違反して、自己の計算において同条第一項に規定する特定株券等若しくは関連株券等に係る買付け等又は同項に規定する株券等に係る売付け等をした」行為に該当すると認められる。 ３．課徴金の額の計算 上記の違法行為に対し金融商品取引法に基づき納付を命じられる課徴金の額は、２３万円である。 計算方法の詳細については、別紙のとおり。 （別紙） ○　課徴金の額の計算方法について 旧金融商品取引法第１７５条第２項に基づき、課徴金の額は、 (公開買付けの実施に関する事実が公表された翌日の終値等)×(買付株数) －(買付価格)×(買付株数) となる。 したがって、公開買付けの実施に関する事実の公表翌日が市場休業日であるため、以後の直近の株式会社レックス・ホールディングスの株価である平成１８年１１月１３日の始値は、２２８，０００円であることから、課徴金の額は下記の金額となる。 (２２８，０００円×１７株) －買付価額３，６３８，０００円（２１４，０００円×１７株） ＝２３８，０００円 ⇒課徴金の額は１万円未満を切り捨てるため、 ２３万円,1
2008-11-04,株式会社いい生活,,株式会社いい生活社員による内部者取引に対する課徴金納付命令の勧告について（平成20年11月4日）,https://www.fsa.go.jp/sesc/news/c_2008/2008/20081104-1.html,"株式会社いい生活社員による内部者取引に対する課徴金納付命令の勧告について 平成２０年１１月４日 証券取引等監視委員会 １．勧告の内容 証券取引等監視委員会は、株式会社いい生活社員による内部者取引について検査した結果、下記のとおり法令違反の事実が認められたので、本日、内閣総理大臣及び金融庁長官に対して、金融庁設置法第２０条第１項の規定に基づき、課徴金納付命令を発出するよう勧告を行った。 ２．法令違反の事実関係 課徴金納付命令対象者は、株式会社いい生活の社員であったが、 同社が平成１９年３月期の業績予想を下方修正する事実をその職務に関し知り、この事実が公表される平成１９年１月３１日より以前の同月１１日から同月３０日までの間に、株式会社いい生活の株券合計３１７株を総額６，４５７万６，０００円で売り付け、 同社が平成２０年３月期の業績予想を下方修正する事実をその職務に関し知り、この事実が公表される平成１９年１０月２９日午後５時５０分より以前の同月１２日から同月２９日までの間に、株式会社いい生活の株券合計４０３株を総額３，７６０万６，５００円で売り付け たものである。 同人が行った上記の各行為は、金融商品取引法第１７５条第１項に規定する「第百六十六条第一項又は第三項の規定に違反して、自己の計算において同条第一項に規定する売買等をした」行為に該当すると認められる。 ３．課徴金の額の計算 上記の違法行為に対し金融商品取引法に基づき納付を命じられる課徴金の額は、２，０７９万円である。 計算方法の詳細については、別紙のとおり。 （別紙） ○　課徴金の額の計算方法について 金融商品取引法第１７５条第１項に基づき、課徴金の額は、 （売付価格）×（売付株数） －（重要事実が公表された翌日の終値等）×（売付株数） となる。 したがって、課徴金の額は下記 及び の合計額の２，０７９万円となる。 平成１９年３月期の業績予想を下方修正する事実の公表翌日である平成１９年２月１日の株式会社いい生活の株価の終値は、１６９，０００円であることから、課徴金の額は下記の金額となる。 売付価額６４，５７６，０００円 （注） －（１６９，０００円×３１７株）＝１１，００３，０００円 ⇒課徴金の額は１万円未満を切り捨てるため、 １，１００万円 (注)売付価額は、 ┌ │ │ │ │ │ │ │ │ │ │ │ │ │ │ │ └ 197,000円×12株 198,000円×58株 ┐ │ │ │ │ │ │ │ │ │ │ │ │ │ │ │ ┘ の合計額である。 199,000円×19株 200,000円×25株 201,000円×21株 202,000円×55株 203,000円×22株 204,000円×12株 205,000円×10株 207,000円× 5株 208,000円× 6株 209,000円×15株 210,000円×33株 211,000円× 1株 218,000円× 5株 220,000円× 5株 222,000円× 8株 223,000円× 2株 227,000円× 3株 平成２０年３月期の業績予想を下方修正する事実の公表翌日及び翌々日は売買が成立せず、値がつかなかったため、以後の直近の株式会社いい生活の株価である平成１９年１１月１日の始値は６９，０００円であることから、課徴金の額は下記の金額となる。 売付価額３７，６０６，５００円 （注） －（６９，０００円×４０３株）＝９，７９９，５００円 ⇒課徴金の額は１万円未満を切り捨てるため、 ９７９万円 (注)売付価額は、 ┌ │ │ │ │ │ │ │ │ │ │ │ │ │ │ │ │ │ │ │ │ │ │ │ │ │ │ │ │ │ │ └ 86,000円×12株 86,100円× 2株 ┐ │ │ │ │ │ │ │ │ │ │ │ │ │ │ │ │ │ │ │ │ │ │ │ │ │ │ │ │ │ │ ┘ の合計額である。 86,300円× 2株 86,400円× 4株 87,700円× 5株 88,500円×17株 88,600円× 4株 88,700円×12株 88,800円× 6株 89,500円×10株 89,700円× 7株 90,000円× 8株 90,100円× 7株 90,500円×11株 90,600円× 3株 90,700円× 4株 90,900円× 5株 91,000円×17株 91,100円× 1株 91,500円× 3株 92,000円× 8株 92,200円× 7株 92,500円×20株 94,000円×10株 94,500円× 5株 95,000円×37株 95,200円× 3株 95,500円×10株 96,000円×67株 96,100円× 6株 96,200円×17株 96,300円× 5株 96,400円× 1株 96,500円×10株 96,600円× 2株 96,800円× 8株 97,000円×36株 97,400円× 1株 97,500円× 7株 97,600円× 3株",1
2008-10-24,株式会社メディセオ・パルタックホールディングス,,株式会社メディセオ・パルタックホールディングス元社員による内部者取引に対する課徴金納付命令の勧告について（平成20年10月24日）,https://www.fsa.go.jp/sesc/news/c_2008/2008/20081024.html,"株式会社メディセオ・パルタックホールディングス元社員による内部者取引に対する課徴金納付命令の勧告について 平成２０年１０月２４日 証券取引等監視委員会 １．勧告の内容 証券取引等監視委員会は、株式会社メディセオ・パルタックホールディングス元社員による内部者取引について検査した結果、下記のとおり法令違反の事実が認められたので、本日、内閣総理大臣及び金融庁長官に対して、金融庁設置法第２０条第１項の規定に基づき、課徴金納付命令を発出するよう勧告を行った。 ２．法令違反の事実関係 課徴金納付命令対象者は、株式会社メディセオ・パルタックホールディングスの社員であったが、同社の他の社員が、同社とクオール株式会社が締結した守秘義務契約の履行に関して知った、クオール株式会社の業務執行を決定する機関が株式会社エーベルを吸収合併することについての決定をした旨の事実を、その職務に関し知り、株式会社メディセオ・パルタックホールディングスを退職した後、この事実が公表される平成１９年５月２５日より以前の同月１４日から同月２３日までの間に、クオール株式会社の株券合計１０２株を買付価額２，０８５万１，０００円で買い付けたものである。 同人が行った上記の行為は、金融商品取引法第１７５条第１項に規定する「第百六十六条第一項又は第三項の規定に違反して、自己の計算において同条第一項に規定する売買等をした」行為に該当すると認められる。 ３．課徴金の額の計算 上記の違法行為に対し金融商品取引法に基づき納付を命じられる課徴金の額は、１１８万円である。 計算方法の詳細については、別紙のとおり。 （別紙） ○　課徴金の額の計算方法について 金融商品取引法第１７５条第１項に基づき、課徴金の額は、 （重要事実が公表された翌日の終値等）×（買付株数） －（買付価格）×（買付株数） となる。 したがって、重要事実の公表翌日が市場休業日であるため、以後の直近のクオール株式会社の株価である平成１９年５月２８日の始値は、２１６，０００円であることから、課徴金の額は下記の金額となる。 （２１６，０００円×１０２株） －買付価額２０，８５１，０００円 （注） ＝１，１８１，０００円 ⇒課徴金の額は１万円未満を切り捨てるため、 １１８万円 （注）買付価額は、 ┌ │ │ │ │ │ │ │ │ │ │ │ │ │ │ │ └ 176,000円× 4株 ┐ │ │ │ │ │ │ │ │ │ │ │ │ │ │ │ ┘ の合計額である。 177,000円× 4株 178,000円× 8株 179,000円× 1株 189,000円× 5株 195,000円× 5株 207,000円×10株 209,000円× 4株 210,000円×21株 215,000円×40株",1
2008-10-17,株式会社ＡＯＫＩホールディングス,8214,株式会社ヴァリック役員及び元社員による内部者取引に対する課徴金納付命令の勧告について（平成20年10月17日）,https://www.fsa.go.jp/sesc/news/c_2008/2008/20081017.html,"株式会社ヴァリック役員及び元社員による内部者取引に対する課徴金納付命令の勧告について 平成２０年１０月１７日 証券取引等監視委員会 １．勧告の内容 証券取引等監視委員会は、株式会社ヴァリック役員及び元社員による内部者取引について検査した結果、下記のとおり法令違反の事実が認められたので、本日、内閣総理大臣及び金融庁長官に対して、金融庁設置法第２０条第１項の規定に基づき、課徴金納付命令を発出するよう勧告を行った。 ２．法令違反の事実関係 課徴金納付命令対象者 は、 (1) 株式会社ヴァリックの役員であったが、同社の業務執行を決定する機関が株式会社ＡＯＫＩホールディングスとの間で株式交換を行うことについての決定をした旨の事実を、その職務に関し知り、この事実が公表される平成１９年１１月１５日午後３時３０分より以前の同日に、株式会社ヴァリックの株券合計８株を総額９３万４，０００円で買い付け、 (2) 株式会社ラヴィスと機密保持契約を締結していた株式会社ヴァリックの役員として、同契約を履行していたものであったが、株式会社ラヴィスの業務執行を決定する機関が株式会社ＡＯＫＩホールディングスとの間で株式交換を行うことについての決定をした旨の事実を、同契約の履行に関し知り、この事実が公表される平成１９年１１月１５日午後３時３０分より以前の同月１４日及び同月１５日に、株式会社ラヴィスの株券合計１２株を総額９７万２，０００円で買い付け たものである。 課徴金納付命令対象者 は、株式会社ヴァリックの社員であったが、同社の業務執行を決定する機関が株式会社ＡＯＫＩホールディングスとの間で株式交換を行うことについての決定をした旨の事実を、その職務に関し知り、株式会社ヴァリックを退職した後、この事実が公表される平成１９年１１月１５日より以前の同月２日及び同月７日に、株式会社ヴァリックの株券合計２株を総額２２万５，０００円で買い付けたものである。 上記２名が行った上記の各行為は、金融商品取引法第１７５条第１項に規定する「第百六十六条第一項又は第三項の規定に違反して、自己の計算において同条第一項に規定する売買等をした」行為に該当すると認められる。 ３．課徴金の額の計算 上記の違法行為に対し金融商品取引法に基づき納付を命じられる課徴金の額は、課徴金納付命令対象者 については３４万円、課徴金納付命令対象者 については５万円である。 計算方法の詳細については、別紙のとおり。 （別紙） ○　課徴金の額の計算方法について 金融商品取引法第１７５条第１項に基づき、課徴金の額は、 （重要事実が公表された翌日の終値）×（買付株数） －（買付価格）×（買付株数） となる。 したがって、重要事実の公表翌日の平成１９年１１月１６日の株式会社ヴァリックの株価の終値は、１４２，０００円、株式会社ラヴィスの株価の終値は、９２，８００円であることから、課徴金の額は下記の金額となる。 課徴金納付命令対象者 (1) 株式会社ヴァリック株式について （１４２，０００円×８株） －買付価額９３４，０００円 （注） ＝２０２，０００円 ⇒課徴金の額は１万円未満を切り捨てるため、 ２０万円 （注）買付価額は、 ┌ │ │ └ 115,000円× 1株 117,000円× 7株 ┐ │ │ ┘ の合計額である。 (2) 株式会社ラヴィス株式について （９２，８００円×１２株） －買付価額９７２，０００円 （注） ＝１４１，６００円 ⇒課徴金の額は１万円未満を切り捨てるため、 １４万円 （注）買付価額は、 ┌ │ │ │ └ 80,800円×8株 80,000円×2株 82,800円×2株 ┐ │ │ │ ┘ の合計額である。 課徴金納付命令対象者 （１４２，０００円×２株） －買付価額２２５，０００円 （注） ＝５９，０００円 ⇒課徴金額は１万円未満を切り捨てるため、 ５万円 （注）買付価額は、 ┌ │ │ └ 113,000円× 1株 112,000円× 1株 ┐ │ │ ┘ の合計額である。",1
2008-08-28,の犯則事件の調査や証券会社,,証券取引等監視委員会の事務処理状況の公表について（平成20年8月28日）,https://www.fsa.go.jp/sesc/reports/n_19/n_19.html,"証券取引等監視委員会の事務処理状況の公表について 平成２０年８月２８日 証券取引等監視委員会 １．事務処理状況の公表 証券取引等監視委員会（以下「証券監視委」という。）は、金融庁設置法第22条の規定に基づき、毎年、事務処理状況を公表しており、本日、平成19年７月１日から同20年６月30日までの期間（以下「平成19事務年度」という。）における事務の処理状況を「証券取引等監視委員会の活動状況」として公表した。なお、今回の公表は、証券監視委発足後16回目となる。 ２．全般的な評価 金融システム改革をはじめとする様々な改革の成果やＩＴ技術の進展などを受けて、インターネット取引やクロスボーダー取引の増加、投資ファンド等を使った複雑な取引の増加など、金融・資本市場を取り巻く環境は大きく変化している。 こうした中、市場監視機能の充実・強化も行われてきており、中でも、平成17年には、従来からの犯則事件の調査や証券会社等の取引の公正確保に係る検査に加え、新たに導入された課徴金調査のほか、開示検査、証券会社等の財務の健全性等に係る検査及び投資信託委託業者・投資顧問業者等に対する検査の権限も証券監視委に委任され、また、新たに外国為替証拠金取引を扱う業者が金融先物取引業者として検査の対象となるなど、証券監視委の検査範囲は大幅に拡大された。 さらに、同19年７月には、新たに委員長及び両委員が就任し、中期的な活動方針である「公正な市場の確立に向けて」を公表し、近年の金融・資本市場を取り巻く環境の変化に対して、機動性・戦略性の高い市場監視の実現と市場規律の強化に向けた働きかけの２本柱を掲げ、その使命達成に向けて取り組んでいるところである。 （証券検査） 証券検査については、発足以来最多となる219社の検査を終了し、問題点が認められた122社のうち、28社について行政処分等の勧告を行った。特に、平成19事務年度は、検査対象先等に関する様々な資料・情報等を総合的に勘案して実施する一般検査に加え、市場をめぐる問題や関心事項について横断的なテーマを選定し、共通の課題がある検査対象先に対して行う特別検査を実施した（ ＯＨＴ株式の信用リスクに係る証券会社のリスク管理態勢等の検証、外国為替証拠金取引業者の財務の健全性並びにリスク管理等に重点を置いた検証等 ）。 （不公正取引に対する勧告・告発） 不公正取引に対する勧告については、21件の課徴金納付命令（いずれも内部者取引に関するもの）の発出を求める勧告を行った。この中には、公認会計士が監査の過程で知った監査先企業の内部情報を利用して取引を行ったもの（ 新日本監査法人職員による内部者取引 ）や、報道機関の職員が情報端末に入力された放送用原稿を閲覧したことにより重要事実を知り公表前に取引を行ったもの（ ＮＨＫ職員による内部者取引 ）など、上場会社の重要情報を知り得る立場にある者の職業倫理やその所属する法人等の情報管理体制にも問題があるような事例も見受けられた。 不公正取引に対する告発については、風説の流布及び偽計の嫌疑で２件、相場操縦の嫌疑で４件、インサイダー取引の嫌疑で２件の合計８件の告発を行った。この中には、 アイ・シー・エフ株取得に係る偽計事件 において、大阪府警察本部と合同で強制調査を実施したものなど、事件の状況に応じて他の捜査機関と連携を図りつつ、効果的・効率的な調査の遂行に努めた。 （ディスクロージャーに関する勧告・告発） ディスクロージャーに関する勧告については、平成20年６月19日に、課徴金額の過去最高額である15億9,457万9,999円の課徴金納付命令勧告（ 株式会社ＩＨＩに係る有価証券報告書等の虚偽記載 ）を行うなど、開示書類の虚偽記載に関して10件の課徴金納付命令の発出を求める勧告を行った。 ディスクロージャーに関する告発については、虚偽の有価証券報告書等の提出につき２件・９名（ アクセス事件、アイ・エックス・アイ事件 ）について、証券取引法に違反するとして告発を行った。 （建議） 建議については、平成19事務年度の実績はないが、金融審議会において、課徴金制度の実施状況・運用実績を踏まえ、課徴金額の水準の引上げなどについて意見を述べた。これを踏まえ、これらの内容の盛り込まれた改正金融商品取引法が、平成20年６月６日に成立しており、建議を行うのと同様の効果を得ている。 ３．概要 (１)　市場分析審査 ○　一般からの情報の受付 平成19事務年度中に投資者など一般から受け付けた情報は5,841件となっている。情報の内容としては、個別銘柄に関するものが4,612件、金融商品取引業者の営業姿勢等に関するものが847件、その他の意見等が382件となっている。 ○　取引審査等の状況 平成19事務年度の取引審査件数は、合計1,098件であり、前事務年度と比較すると59件増加しており、平成４年の発足以来最高の審査件数となっている。その内訳は、価格形成に関するもの141件、内部者取引に関するもの951件、その他６件となっている。 同事務年度においては、自主規制機関及び海外当局との連携を一層強化しつつ、市場監視の精度の向上を図ってきた。また、発行市場・流通市場全体に目を向けた市場監視を行い、問題点を早期に探知し、迅速に対応することを心がけた。さらに、直ちに法令違反とはいえないような取引についても幅広く注意を払っているほか、個別取引や市場動向の背景にある問題を重点的に分析する等、包括的かつ機動的な市場監視に努めた。 (２)　証券検査 ○　金融商品取引業者等検査マニュアルの策定 平成19年９月30日の金融商品取引法の全面施行に伴い、証券監視委の検査対象となる業者の範囲や検査において検証すべき事項が拡大すること等を受け、従来の「証券検査マニュアル」及び「投信・投資顧問検査マニュアル」では十分に対応しきれない面が生じることから、新たに検査の基本的考え方や検査の具体的着眼点等を整理した「金融商品取引業者等検査マニュアル」（以下「検査マニュアル」という。）を策定した。 ○ テーマ別検査 市場をめぐる問題点や関心事項について横断的なテーマを選定し、共通の課題がある検査対象先に対しては、特別検査（いわゆる「テーマ別検査」）を実施した。 事案の主な内容は次のとおり。 ＯＨＴ株式の信用リスクに係る証券会社のリスク管理態勢等の検証 平成19年５月15日のＯＨＴ株式（東証マザーズ上場。以下「本件銘柄」という。）の株価急落により、本件銘柄の信用取引を受託していた多数の証券会社において顧客から決済損金が入金されず、多額の立替金が発生したこと等から、立替金が発生した証券会社31社に対して報告徴求を行うとともに、うち19社（証券監視委検査10社、財務局長等検査９社）に対して臨店検査を実施し、立替金の発生状況の把握と顧客管理態勢及び与信リスク管理態勢等についての検証を行った。 今回の検査は、顧客管理や与信リスク管理といった態勢面に重点をおいて横断的に実施した初めての検査であり、本件を踏まえ、既に各社において、また業界内においても、改善策が実施あるいは検討されている。 また、検査結果を踏まえ、信用取引における与信リスク管理に係る検証項目を追加する検査マニュアルの一部改正を行った。 外国為替取引業者の財務の健全性並びにリスク管理等に重点を置いた検証 平成19年８月の米国のサブプライムローン問題に端を発した経済情勢の急変やＦＸ取引業者の破綻を踏まえ、特に、同年11月以降、ＦＸ取引業者に対し重点的に検査を実施し、財務の健全性やリスク管理態勢について重点をおいた検証を行った。検査実施先は、73社（同20年６月末時点。委員会検査５社、財務局長等検査68社で、専業のＦＸ取引業者のみならず、証券業を兼業している社を含む。）である。 自己資本規制比率を嵩上げして登録を受ける等不正又は著しく不当な行為を行い、その情状が特に重いと認められること、 財産の状況に照らし支払不能に陥るおそれが認められたこと、 顧客から預託を受けた保証金等について自己の固有財産と区分して管理していない状況(区分管理違反)が認められたこと、 自己資本規制比率が120％を下回っている状況及び純財産額が最低純財産額である5,000万円に満たない状況が認められたこと、 区分管理違反及び自己資本規制比率について当局に虚偽の届出を行ったこと、 システムリスク管理態勢が極めて杜撰であることが認められたこと、 受託契約等の締結の勧誘を受けた顧客が当該受託契約等を締結しない旨の意思を表示したにもかかわらず、当該勧誘を継続する行為が認められたこと、 から、７社に対して行政処分を求める勧告を行ったほか、相当数のＦＸ取引業者において法令違反等の事実が認められた。 ○　検査結果の概要 平成１９事務年度中に金融商品取引業者187社（うち第一種金融商品取引業者138社（うち旧証券会社90社(うち外国証券会社１社)、旧金融先物取引業者48社）、第二種金融商品取引業者2社、投資運用業者26社、投資助言・代理業者21業者）、登録金融機関32機関、金融商品仲介業者１業者、投資法人10法人、自主規制機関１機関及びその他２社の計233社に対して検査に着手した。 同事務年度において検査が終了したものは、前期繰越分を含め219社となっているが、このうち122社に問題点が認められた（問題点が認められた会社の割合56%）。問題点が認められた122社中、49社において投資者保護に関する問題点が認められたほか、財産・経理等や業務運営に関する問題点も多数認められた。 検査の結果、重大な法令違反が認められた28社については、内閣総理大臣及び金融庁長官に対し、行政処分等の勧告を行った(うち財務局等分15社)。 (検査結果の内訳) 検査終了 問題点が認められたもの 問題点の内訳 勧　告 不公正取引に関するもの 投資者保護に関するもの 財産・経理に関するもの その他業務運営に関するもの 金融商品取引業者 １８０社 １０８社 １１社 ４２社 ４２社 ７３社 ２４社 第一種金融商品取引業者 １３９社 ８２社 １１社 ２６社 ３９社 ５２社 ２１社 旧証券会社（含外証） ９５社 ５１社 ８社 ２０社 １４社 ３２社 １４社 旧金融先物取引業者 ４４社 ３１社 ３社 ６社 ２５社 ２０社 ７社 投資運用業者 １８社 １２社 ― ３社 ２社 １１社 ２社 投資助言・代理業者 ２３社 １４社 ― １３社 １社 １０社 １社 登録金融機関 ３１社 １０社 ― ５社 ２社 ５社 １社 金融商品仲介業者 ０社 ０社 ― ― ― ― ０社 投資法人 ４社 １社 ― ― ― １社 １社 自主規制機関 １社 １社 ― ― ― １社 １社 その他 ３社 ２社 ― ２社 ― ― １社 合計 ２１９社 １２２社 １１社 ４９社 ４４社 ８０社 28社 (注) 同一会社において複数の問題点が認められる場合があるため、「問題点が認められたもの」と「問題点の内訳」の合計は一致しない場合がある。 勧告事案の主な内容は次のとおり。 イ　第一種金融商品取引業者等の処分に係る勧告 取引所有価証券市場における上場有価証券の相場を固定させる目的をもって、一連の上場有価証券の買付けの受託・執行をした事例 被検査法人取締役リテール本部長及びリテール本部副本部長は、その業務に関し、当社が新規上場の際の株式公募に当たり引受主幹事会社を務めた上場会社の株式の株価について、上場日から当分の間、公募価格と同価格以上に固定させる目的をもって、本店営業部ほか６営業部店の部店長らに対し、顧客に公募価格と同価格の指値で当該株式の買付けを行うことを勧誘し、当該買付注文を受託・執行するよう指示した。 これを受け、当該部店長らは、それぞれの部店において営業員に上記指示を伝え、当該指示を受けた営業員らは、平成18年４月11日から同年５月23日までの間、顧客に対し、公募価格と同価格の指値で当該株式の買付けを行うことを勧誘し、103名の顧客から203件33,200株の買付注文を受託し、取引所有価証券市場で執行した。 （丸八証券） 受託契約等の締結の勧誘の要請をしていない一般顧客に対し、電話をかけて、受託契約等の締結を勧誘した事例 被検査法人外国為替営業部部長は、その業務に関し、ＦＸ取引の口座を解約した顧客のリストを作成した上で、平成18年１月から同年12月までの間、営業員に対し、それらの顧客にＦＸ取引の受託等を内容とする契約（以下「受託契約等」という。）の締結の勧誘を行うよう指示した。 また、同部長は、その業務に関し、同年２月中旬頃、営業員に対し、当社が他社からＦＸ取引業務を譲り受けた際、当社への口座移管に同意しておらず、口座が移管されていない顧客に受託契約等の締結の勧誘を行うよう指示した。 これらの指示を受けた営業員５名は、その業務に関し、同年２月23日から同19年１月12日までの間、受託契約等の締結の勧誘の要請をしていない一般顧客47名に対し、電話をかけて、受託契約等の締結の勧誘を行った。 （フェニックス証券株式会社） ロ　投資運用業者、投資助言・代理業者等の処分に係る勧告 不適切な利益相反管理態勢 被検査法人は、Ａ投資法人（以下「当投資法人」という。）との間で締結した資産の運用に係る委託契約に基づき行っている本投資法人の資産の運用において、当社の親会社等の利害関係を有する者（以下「当社の利害関係者」という。）からの取得となる不動産の鑑定評価を依頼するに際し、以下のとおり、利益相反防止の観点から問題となる、不動産鑑定業者の独立性を損なう不適切な働きかけを行い、また、不適切な不動産鑑定業者選定プロセスをとっていた。 ○　不動産鑑定業者への不適切な働きかけ 当社は、当社の利害関係者からの取得となる３物件の不動産の鑑定評価を依頼するに際し、概算の鑑定評価額（以下「概算評価額」という。）の算定を依頼した不動産鑑定業者に対し、売主の売却希望価格と同額以上で概算評価額の算定をするよう依頼し、不動産鑑定業者の独立性を損なう不適切な働きかけを行っていた。 ○　不適切な不動産鑑定業者選定プロセス 当社は、当社の利害関係者からの取得となる５物件の不動産の鑑定評価を依頼するに際し、複数の不動産鑑定業者に対し、売主の売却希望価格を伝えたうえで概算評価額の算定を依頼し、概算評価額が売主の売却希望価格に達しない場合には、当該希望価格以上又はそれに近似する額が提示されるまで、不動産鑑定業者を追加して概算評価額の算定を依頼するとともに、いずれの物件についても、最高価格であり、売主の売却希望価格以上又はそれに近似する概算評価額を提示した不動産鑑定業者に鑑定評価を依頼する、売主の売却希望価格を最優先とした不適切な不動産鑑定業者選定プロセスをとっていた。 （プロスペクト・レジデンシャル・アドバイザーズ株式会社） ハ 自主規制機関等の処分に係る勧告 上場審査業務に係る不備 被検査法人は、その開設する取引所金融商品市場における有価証券の上場審査において、複数の銘柄に関し、その成長可能性を判断するに際し、利益計画の策定根拠及びその合理性、妥当性の一部について、実現可能性等の観点から十分な審査を行っていない不備が認められた。 （名古屋証券取引所） (３) 不公正取引及びディスクロージャーに関する調査等 ○　不公正取引に対する勧告・告発 イ　不公正取引に対する勧告 不公正事件に関する課徴金調査の結果、21件（すべて個人）、1,206万円の課徴金納付命令の発出を求める勧告を行った。勧告事案は、いずれも内部者取引に関するものであり、課徴金納付命令対象者は、上場会社の役職員、上場会社の契約締結先の役職員、これらの会社関係者から重要事実の伝達を受けた第一次情報受領者等であったり、その重要事実の内容についても、業務提携、公開買付け、業績予想の下方修正、新株予約権付社債の募集等であったりと、多岐にわたっている。 そのうち主なものの概要は次のとおりである。 ＮＨＫ職員による内部者取引に対する課徴金納付命令勧告 ＮＨＫ職員３名は、株式会社ゼンショーの社員から同協会の記者が職務上伝達を受けたカッパ・クリエイト株式会社と株式会社ゼンショーが資本提携を伴う業務上の提携を行うことをそれぞれ決定した事実を、その職務に関し知り、平成19年３月８日、この事実が公表される午後３時15分より以前に、カッパ・クリエイト株式会社及び株式会社ゼンショーの株券を買い付けた。 買い付けた株券の詳細は下記のとおり。 Ａ職員：カッパ・クリエイト株式会社 合計3,150株（総額539万7,900円） 株式会社ゼンショー合計2,500株（総額327万6,000円） Ｂ職員：カッパ・クリエイト株式会社 合計3,000株（総額515万円） Ｃ職員：カッパ・クリエイト株式会社 合計1,000株（総額171万950円） 新日本監査法人職員による内部者取引に対する課徴金納付命令勧告 株式会社マーベラスエンターテイメントの契約締結先である新日本監査法人の職員（公認会計士）は、株式会社マーベラスエンターテイメントが平成19年３月期の個別及び連結業績予想を下方修正する事実をその契約の履行に関し知り、この事実が公表される平成19年３月20日午後３時より以前の同月12日から同月20日までの間に、株券合計261株を総額1,225万6,700円で売り付けた。 ロ　不公正取引に対する告発 犯則事件の調査の結果、風説の流布及び偽計の嫌疑で２件・６名、相場操縦の嫌疑で４件・13名、内部者取引の嫌疑で２件・５名の合計８件・24名（法人を含む）について、証券取引法の罪に該当するとして告発を行った。 そのうち主なものの概要は次のとおりである。 アイ・シー・エフ株券取得に係る偽計事件 犯則嫌疑者４名は、共謀の上、犯則嫌疑者のうち１名が実質的に支配する法人を(株)アイ・シー・エフの完全子会社とする株式交換を行うため、同法人の企業価値を過大に評価した上、同法人と(株)アイ・シー・エフとの間で締結された株式交換契約に基づく株式交換比率及び株式交換により発行する新株式数が正当なものである旨公表するなど偽計を用いようと企て、実体のない売上やこれに基づく利益を同法人に計上させ、将来的に同法人の業績が飛躍的に向上するかのように作出するとともに、同法人が債務超過状態にあったのを増資を装うなどして同法人の企業価値を過大に評価して算定した上、(株)アイ・シー・エフの取締役会決議を経て、同法人を(株)アイ・シー・エフの完全子会社化する旨の株式交換契約を締結し、虚偽の内容を含む公表を行うなどし、もって、有価証券取引のため、偽計を用いた。 野村證券(株)社員らによる内部者取引事件 犯則嫌疑者Ａ及びＢは共謀し、又は犯則嫌疑者Ｂが単独で、犯則嫌疑者Ａがその職務上知った、三光純薬(株)他３社の各業務執行決定機関が株式交換等を行うことについての決定をした旨の重要事実等の公表前に、合計４銘柄の株券を買い付け、各重要事実等の公表後に売り抜けるなどし、また、犯則嫌疑者Ｃは、犯則嫌疑者Ｂが上記犯行に使用することを知りながら、自己名義の証券取引口座を開設し、犯則嫌疑者Ｂに自由に使用させ、同犯行を幇助した。 ○　ディスクロージャーに関する勧告・告発 イ　ディスクロージャーに関する勧告 開示検査の結果、開示書類の虚偽記載に関して10件、16億4,660万9,996円の課徴金納付命令の発出を求める勧告を行った。勧告事案は、虚偽記載のある開示書類が、発行開示書類（有価証券届出書、発行登録追補書類）や継続開示書類（有価証券報告書、半期報告書、訂正報告書）であったり、虚偽記載の態様が、売上原価の過少計上、有形固定資産等の過大計上、架空売上及び架空仕入の計上、関係会社株式の過大計上、売上の前倒し計上等であったりと、その内容は多岐にわたるものとなっている。 そのうち主なものの概要は次のとおりである。 株式会社ＩＨＩに係る有価証券報告書等の虚偽記載に係る課徴金納付命令勧告 株式会社ＩＨＩは、 i 　有価証券報告書等について、 (a) 平成18年12月15日、売上の過大計上及び売上原価の過少計上等により、連結中間純損益が10,095百万円の損失であったにもかかわらず、これを2,817百万円の損失と記載するなどした中間連結損益計算書を掲載した平成18年９月中間期半期報告書を (b) 平成19年６月27日、売上の過大計上及び売上原価の過少計上等により、連結当期純損益が4,593百万円の損失であったにもかかわらず、これを15,825百万円の利益とするなどした連結損益計算書を掲載した平成19年３月期有価証券報告書を それぞれ、関東財務局長に対して提出した。 ii 　有価証券届出書等について、 (a) 平成19年１月９日、平成18年９月中間期半期報告書を参照書類とする有価証券届出書を関東財務局長に対して提出し、同有価証券届出書に基づく一般募集により、同年１月26日、１億4,300万株の株券を559億1,300万円で (b) 平成19年１月９日、平成18年９月中間期半期報告書を参照書類とする有価証券届出書を関東財務局長に対して提出し、同有価証券届出書に基づく第三者割当による募集により、同年２月26日、2,145万株の株券を80億4,460万8,000円で (c) 平成19年６月８日、平成18年９月中間期半期報告書を参照書類とする発行登録追補書類を関東財務局長に対して提出し、同発行登録追補書類に基づく募集により、同年６月18日、社債券を300億円で それぞれ、取得させた。 ロ　ディスクロージャーに関する告発 犯則事件の調査の結果、虚偽の有価証券報告書等の提出につき２件９名について、証券取引法違反の罰に該当するとして告発を行った。 そのうち主なものの概要は次のとおりである。 (株)アクセスに係る虚偽有価証券報告書提出事件 犯則嫌疑法人の代表取締役であった犯則嫌疑者Ａ及び取締役であった犯則嫌疑者Ｂは、共謀の上、嫌疑法人の平成17年３月期について、架空売上を計上するなどの方法により、虚偽の記載のある有価証券報告書を提出したものである。 (４) 建議 平成19事務年度の建議の実績はないが、証券監視委は、取引の公正及び投資者保護の確保のため必要と認められる措置等について、金融審議会で意見を述べるなど、種々の形で金融庁や自主規制機関等に対して問題意識を伝達し、必要な政策対応等を促している。 具体的には、課徴金制度の見直しについては、平成17年の改正証券取引法附則において、おおむね２年を目途として、課徴金に係る制度の在り方等について検討を加え、その結果に基づいて所要の措置を講ずるものとされており、これを受け、執行当局である証券監視委としては、金融審議会金融分科会第一部会に設置された法制ワーキング・グループに参加し、課徴金制度の実施状況・運用実績を踏まえ、意見を述べた。具体的には、例えば、課徴金額の水準の引上げ、課徴金の適用範囲の拡大及び課徴金の加減算制度の導入などについて、現状を解説しつつ、意見を述べた。これを踏まえ、これらの内容の盛り込まれた「金融商品取引法等の一部を改正する法律」が、平成20年６月６日に成立、同年６月13日に公布されており、建議を行うのと同様の効果を得ている。 (５) 監視活動・機能強化への取組み等 ○　市場監視体制の充実・強化 平成20年度の機構・定員については、課徴金・開示検査体制の整備を大きな柱として増員要求を行った結果、22人の増員が認められ、同年度末の定員は358人となる。 また、財務局等の証券取引等監視官部門においても、20人の増員が認められ、同年度末の定員は282人となり、証券監視委の定員と合計すると全体で640人となる。 さらに、的確な市場監視及び職員の専門性向上を図るなどのため、証券業務等に関して専門的知識・経験のある者、弁護士及び公認会計士などの民間専門家を採用し、同年６月末現在において在籍している民間出身の専門家は88人となっている。 ○　投資家への情報提供等の取組み 「活動方針」の第二の柱である「市場規律の強化に向けた働きかけ」の一環として、市場参加者との対話、市場への情報発信の強化を掲げ、投資者へも幅広く積極的に情報発信に取組んでいる。情報発信の手段としては、意見交換会、講演会、講義のほか証券監視委のホームページを通じて証券監視委の活動状況等の情報を提供することにより、市場参加者や個人投資家等に証券監視委の活動に対する理解と金融・資本市場に対する信頼を深めてもらうよう工夫を図っている。また、証券監視委の活動に有用な端緒となる情報がより多く寄せられるよう、上記の手段や政府広報等を通じてその提供を呼びかけている。 ○　関係当局との連携 金融庁や自主規制機関と緊密な情報交換等を行うとともに、犯則事件が地域的な広がりを見せる中で、警察及び検察との連携を一層深め、反社会的勢力による金融・資本市場への関与の排除に向けて、警察等との意見交換を実施している。また、海外の証券規制当局との意見・情報交換や主要な国際会議への参加を通じて、金融庁とともに海外の証券規制当局等との連携強化にも努めている。 (６) 金融商品取引法改正による業務の拡大等 金融商品取引法等の一部を改正する法律が平成20年６月13日に公布され、公布日から６月以内（ファイアーウォール規制の見直し等は1年以内）の政令で定める日からの施行に向けて、現在、関係政令・府令等の整備が行われているところである。 この法律は、我が国金融・資本市場の競争力の強化を図るため、金融に関する知識を有する特定の投資家に参加者を限定した市場（いわゆるプロ向け市場）を創設するとともに、投資信託商品の多様化、金融商品取引業者に係る兼職規制の撤廃等（いわゆるファイアーウォール規制の見直し）を行うほか、課徴金について金額水準の引上げ及び対象範囲の拡大を行う等の措置を講ずるため、金融商品取引法その他の関係法律の整備等を行うものである。 今般の改正により、証券監視委の行う検査・調査の対象・範囲も拡大している。具体的には、プロ向け市場の創設に関し、プロ向け市場における開示規制が緩和される中、プロ投資者への簡素な情報提供の枠組み等の実効性を確保するため、提供又は公表された情報が虚偽である場合などを念頭に、課徴金制度及び罰則が整備され、証券監視委がそれらの調査・検査を行うこととされている。 また、ファイアーウォール規制の見直しに関しては、有価証券関連業を行う金融商品取引業者の取締役等と、その親銀行等、子銀行等の役職員との兼職に係る規制が撤廃され、届出制となる（金商法第31条の４）ことに伴い、利益相反による弊害防止の実効性を確保し、金融グループとしての総合的な内部管理態勢の構築を促進する観点から、利益相反管理態勢の整備が求められ、証券監視委としては、こうした態勢の整備状況についても検証することとなる。 このほか、今般の改正により課徴金制度の見直しや金商法等に違反する行為の禁止・停止を裁判所に申し立てる権限が、新たに証券監視委に委任されたことなど、証券監視委の業務はさらに拡大することとなる。 ┌ │ │ └ 本公表については、証券監視委のホームページ上において、本日より公表。 なお、官報においては８月29日に掲載する予定。 ┐ │ │ ┘ 「 証券監視委の活動状況 」（一覧表）へ　(PDF/59KB) 「証券取引等監視委員会の活動状況」の本文へ 本文 （PDF/1,430KB） 附属資料 （PDF/10,868KB） 全文一括印刷用 （PDF/15,971KB）",1
2008-07-24,株式会社サンエー・インターナショナル,,株式会社サンエー・インターナショナル役員による内部者取引に対する課徴金納付命令の勧告について（平成20年7月24日）,https://www.fsa.go.jp/sesc/news/c_2008/2008/20080724.html,"株式会社サンエー・インターナショナル役員による内部者取引に対する課徴金納付命令の勧告について 平成２０年７月２４日 証券取引等監視委員会 １．勧告の内容 証券取引等監視委員会は、株式会社サンエー・インターナショナル役員による内部者取引について検査した結果、下記のとおり法令違反の事実が認められたので、本日、内閣総理大臣及び金融庁長官に対して、金融庁設置法第２０条第１項の規定に基づき、課徴金納付命令を発出するよう勧告を行った。 ２．法令違反の事実関係 課徴金納付命令対象者は、株式会社サンエー・インターナショナルの役員であったが、同社が株式の発行を行うことを決定した事実をその職務に関し知り、この事実が公表される平成１８年７月１４日より以前の同年４月２０日に、株券合計４，８００株を総額２，９０７万１，０００円で売り付けたものである。 同人が行った上記の行為は、金融商品取引法第１７５条第１項に規定する「第百六十六条第一項又は第三項の規定に違反して、自己の計算において同条第一項に規定する売買等をした」行為に該当すると認められる。 ３．課徴金額の計算 上記の違法行為に対し金融商品取引法に基づき納付を命じられる課徴金額は、１，２４６万円である。 計算方法の詳細については、別紙のとおり。 （別紙） ○　課徴金額の計算方法について 金融商品取引法第１７５条第１項に基づき、課徴金額は、 （売付価格）×（売付株数） －（重要事実が公表された翌日の終値等）×（売付株数） となる。 したがって、重要事実の公表翌日が市場休業日であるため、以後の直近の株式会社サンエー・インターナショナルの株価である平成１８年７月１９日の始値は、３，４６０円であることから、課徴金額は下記の金額となる。 売付価額２９，０７１，０００円（注） －（３，４６０円×４，８００株）＝１２，４６３，０００円 ⇒課徴金額は１万円未満を切り捨てるため、 １，２４６万円 (注)売付価額は、 ┌ │ │ │ │ └ 6,140円×700株 6,120円×  200株 ┐ │ │ │ │ ┘ の合計額である。 6,100円×400株 6,080円×  700株 6,030円×800株 6,020円×1,300株 6,010円×300株 6,000円×  400株",1
2008-04-25,日本電子材料株式会社,6855,日本電子材料株式会社社員による内部者取引に対する課徴金納付命令の勧告について（平成20年4月25日）,https://www.fsa.go.jp/sesc/news/c_2008/2008/20080425-1.html,"日本電子材料株式会社社員による内部者取引に対する課徴金納付命令の勧告について 平成２０年４月２５日 証券取引等監視委員会 １．勧告の内容 証券取引等監視委員会は、日本電子材料株式会社社員による内部者取引について検査した結果、下記のとおり法令違反の事実が認められたので、本日、内閣総理大臣及び金融庁長官に対して、金融庁設置法第２０条第１項の規定に基づき、課徴金納付命令を発出するよう勧告を行った。 ２．法令違反の事実関係 課徴金納付命令対象者は、日本電子材料株式会社の社員であったが、同社が平成２０年３月期の業績予想を下方修正する事実をその職務に関し知り、この事実が公表される平成１９年８月７日以前の同月６日に、株券合計３，４００株を総額５０１万５，０００円で売り付けたものである。 同人が行った上記の行為は、金融商品取引法第１７５条第１項に規定する「第百六十六条第一項又は第三項の規定に違反して、自己の計算において同条第一項に規定する売買等をした」行為に該当すると認められる。 ３．課徴金額の計算 上記の違法行為に対し金融商品取引法に基づき納付を命じられる課徴金額は、９４万円である。 計算方法の詳細については、別紙のとおり。 （別紙） ○　課徴金額の計算方法について 金融商品取引法第１７５条第１項に基づき、課徴金額は、 （売付価格）×（売付株数） －（重要事実が公表された翌日の終値）×（売付株数） となる。 したがって、重要事実の公表翌日の平成１９年８月８日の日本電子材料株式会社の株価の終値は、１，１９７円であることから、課徴金額は下記の金額となる。 売付価額５，０１５，０００円（注） －（１，１９７円×３，４００株）＝９４５，２００円 ⇒課徴金額は１万円未満を切り捨てるため、 ９４万円 (注)売付価額は、 ┌ │ │ │ │ │ └ 1,477円× 200株 ┐ │ │ │ │ │ ┘ の合計額である。 1,476円× 600株 1,475円×1,900株 1,474円× 400株 1,473円× 300株",1
2008-04-22,株式会社セタ,,株式会社セタとの契約締結交渉先法人等の関係者らによる内部者取引に対する課徴金納付命令の勧告について（平成20年4月22日）,https://www.fsa.go.jp/sesc/news/c_2008/2008/20080422-2.html,"株式会社セタとの契約締結交渉先法人等の関係者らによる内部者取引に対する課徴金納付命令の勧告について 平成２０年４月２２日 証券取引等監視委員会 １．勧告の内容 証券取引等監視委員会は、株式会社セタとの契約締結交渉先法人等の関係者らによる内部者取引について検査した結果、下記のとおり法令違反の事実が認められたので、本日、内閣総理大臣及び金融庁長官に対して、金融庁設置法第２０条第１項の規定に基づき、課徴金納付命令を発出するよう勧告を行った。 ２．法令違反の事実関係 課徴金納付命令対象者 は、株式会社セタとの業務委託契約の締結先（Ａ社）の役員であったが、株式会社セタが株式会社メーシー販売と業務上の提携を行うことを決定した事実をその契約の締結の交渉に関し知り、この事実が公表される平成１９年４月２０日以前の同月４日及び同月５日に、株式会社セタの株券合計２６，０００株を総額９８８万円で買い付けたものである。 課徴金納付命令対象者 は、株式会社セタとの業務委託契約の締結交渉先（Ｂ社）の役員であったが、株式会社セタが株式会社メーシー販売と業務上の提携を行うことを決定した事実をその契約の締結の交渉に関し知り、この事実が公表される平成１９年４月２０日以前の同月１３日に、株式会社セタの株券合計１０，０００株を総額３９２万５，０００円で買い付けたものである。 課徴金納付命令対象者 は、株式会社セタとの業務委託契約の締結交渉先（Ｂ社）の役員であったが、株式会社セタが株式会社メーシー販売と業務上の提携を行うことを決定した事実をその契約の締結の交渉に関し知り、この事実が公表される平成１９年４月２０日以前の同月１３日に、株式会社セタの株券５，０００株を１８８万円で買い付けたものである。 課徴金納付命令対象者 は、株式会社セタとの業務委託契約の締結先（Ｃ社）の役員であったが、株式会社セタが株式会社メーシー販売と業務上の提携を行うことを決定した事実をその契約の締結の交渉に関し知り、この事実が公表される平成１９年４月２０日以前の同月２日及び同月６日に、株式会社セタの株券合計６，０００株を総額２２８万９，０００円で買い付けたものである。 課徴金納付命令対象者 は、株式会社セタとの業務委託契約の締結交渉先（Ｄ社）の役員であったが、株式会社セタが株式会社メーシー販売と業務上の提携を行うことを決定した事実をその契約の締結の交渉に関し知り、この事実が公表される平成１９年４月２０日以前の同月９日及び同月１１日に、株式会社セタの株券合計３，０００株を総額１０９万９，０００円で買い付けたものである。 課徴金納付命令対象者 は、株式会社セタとの業務委託契約の締結交渉先（Ｄ社）の役員であったが、株式会社セタが株式会社メーシー販売と業務上の提携を行うことを決定した事実をその契約の締結の交渉に関し知り、この事実が公表される平成１９年４月２０日以前の同月６日及び同月１２日に、株式会社セタの株券合計８，０００株を総額２９５万円で買い付けたものである。 課徴金納付命令対象者 は、Ｄ社の取引先（Ｅ社）の役員であったが、Ｄ社の役員等からＥ社のほかの役員が職務上伝達を受けた、株式会社セタが株式会社メーシー販売と業務上の提携を行うことを決定した事実をその職務に関し知り、この事実が公表される平成１９年４月２０日以前の同月１１日及び同月１２日に、株式会社セタの株券合計５，０００株を総額１８４万８，０００円で買い付けたものである。 上記７名が行った上記の行為は、金融商品取引法第１７５条第１項に規定する「第百六十六条第一項又は第三項の規定に違反して、自己の計算において同条第一項に規定する売買等をした」行為に該当すると認められる。 ３．課徴金額の計算 上記の違法行為に対し金融商品取引法に基づき納付を命じられる課徴金額は、課徴金納付命令対象者 については１０４万円、課徴金納付命令対象者 については２７万円、課徴金納付命令対象者 については２２万円、課徴金納付命令対象者 については２３万円、課徴金納付命令対象者 については１６万円、課徴金納付命令対象者 については４１万円、課徴金納付命令対象者 については２５万円である。 計算方法の詳細については、別紙のとおり。 （別紙） ○　課徴金額の計算方法について 金融商品取引法第１７５条第１項に基づき、課徴金額は、 （重要事実が公表された翌日の終値等）×（買付株数） －（買付価格）×（買付株数） となる。 したがって、重要事実の公表翌日が市場休業日であるため、以後の直近の株式会社セタの株価である平成１９年４月２３日の始値は、４２０円であることから、課徴金額は下記の金額となる。 課徴金納付命令対象者 （４２０円×２６，０００株） －買付価額９，８８０，０００円（３８０円×２６，０００株） ＝ １０４万円 課徴金納付命令対象者 （４２０円×１０，０００株） －買付価額３，９２５，０００円 （注） ＝２７５，０００円 ⇒課徴金額は１万円未満を切り捨てるため、 ２７万円 (注)買付価額は、 ┌ │ │ │ │ │ └ 379円×1,000株 ┐ │ │ │ │ │ ┘ の合計額である。 380円×1,000株 381円×1,000株 385円×1,000株 400円×6,000株 課徴金納付命令対象者 （４２０円×５，０００株） －買付価額１，８８０，０００円（３７６円×５，０００株） ＝ ２２万円 課徴金納付命令対象者 （４２０円×６，０００株） －買付価額２，２８９，０００円 （注） ＝２３１，０００円 ⇒課徴金額は１万円未満を切り捨てるため、 ２３万円 (注)買付価額は、 ┌ │ │ │ │ │ └ 365円×2,000株 ┐ │ │ │ │ │ ┘ の合計額である。 386円×1,000株 388円×1,000株 390円×1,000株 395円×1,000株 課徴金納付命令対象者 （４２０円×３，０００株） －買付価額１，０９９，０００円 （注） ＝１６１，０００円 ⇒課徴金額は１万円未満を切り捨てるため、 １６万円 (注)買付価額は、 ┌ │ │ └ 364円×1,000株 ┐ │ │ ┘ の合計額である。 365円×1,000株 370円×1,000株 課徴金納付命令対象者 （４２０円×８，０００株） －買付価額２，９５０，０００円 （注） ＝ ４１万円 (注)買付価額は、 ┌ │ └ 360円×1,000株 ┐ │ ┘ の合計額である。 370円×7,000株 課徴金納付命令対象者 （４２０円×５，０００株） －買付価額１，８４８，０００円 （注） ＝２５２，０００円 ⇒課徴金額は１万円未満を切り捨てるため、 ２５万円 (注)買付価額は、 ┌ │ └ 369円×2,000株 ┐ │ ┘ の合計額である。 370円×3,000株",1
2008-02-29,株式会社が株式会社ゼンショーと資本提携,,日本放送協会職員による内部者取引に対する課徴金納付命令の勧告について（平成20年2月29日）,https://www.fsa.go.jp/sesc/news/c_2008/2008/20080229.html,日本放送協会職員による内部者取引に対する課徴金納付命令の勧告について 平成２０年２月２９日 証券取引等監視委員会 １ ．勧告の内容 証券取引等監視委員会は、日本放送協会職員による内部者取引について検査した結果、下記のとおり法令違反の事実が認められたので、本日、内閣総理大臣及び金融庁長官に対して、金融庁設置法第２０条第１項の規定に基づき、課徴金納付命令を発出するよう勧告を行った。 ２ ．法令違反の事実関係 課徴金納付命令対象者 は、日本放送協会の職員であったが、株式会社ゼンショーの社員から同協会の記者が職務上伝達を受けたカッパ・クリエイト株式会社と株式会社ゼンショーが資本提携を伴う業務上の提携を行うことをそれぞれ決定した事実を、その職務に関し知り、平成１９年３月８日、この事実が公表される午後３時１５分より以前に、カッパ・クリエイト株式会社の株券合計３，１５０株を総額５３９万７，９００円で、株式会社ゼンショーの株券合計２，５００株を総額３２７万６，０００円でそれぞれ買い付けたものである。 課徴金納付命令対象者 は、日本放送協会の職員であったが、株式会社ゼンショーの社員から同協会の記者が職務上伝達を受けたカッパ・クリエイト株式会社が株式会社ゼンショーと資本提携を伴う業務上の提携を行うことを決定した事実を、その職務に関し知り、平成１９年３月８日、この事実が公表される午後３時１５分より以前に、カッパ・クリエイト株式会社の株券合計３，０００株を総額５１５万円で買い付けたものである。 課徴金納付命令対象者 は、日本放送協会の職員であったが、株式会社ゼンショーの社員から同協会の記者が職務上伝達を受けたカッパ・クリエイト株式会社が株式会社ゼンショーと資本提携を伴う業務上の提携を行うことを決定した事実を、その職務に関し知り、平成１９年３月８日、この事実が公表される午後３時１５分より以前に、カッパ・クリエイト株式会社の株券合計１，０００株を総額１７１万９５０円で買い付けたものである。 上記３名が行った上記の行為は、金融商品取引法第１７５条第１項に規定する「第百六十六条第一項又は第三項の規定に違反して、自己の計算において同条第一項に規定する売買等をした」行為に該当すると認められる。 ３ ．課徴金額の計算 上記の違法行為に対し金融商品取引法に基づき納付を命じられる課徴金額は、課徴金納付命令対象者 については２６万円、課徴金納付命令対象者 については１７万円、課徴金納付命令対象者 については６万円である。 計算方法の詳細については、 別紙 (PDF/83KB) のとおり。,1
2008-03-18,株式会社マーベラスエンターテイメント,,新日本監査法人職員による内部者取引に対する課徴金納付命令の勧告について（平成20年3月18日）,https://www.fsa.go.jp/sesc/news/c_2008/2008/20080318.html,"新日本監査法人職員による内部者取引に対する課徴金納付命令の勧告について 平成２０年３月１８日 証券取引等監視委員会 １．勧告の内容 証券取引等監視委員会は、新日本監査法人職員による内部者取引について検査した結果、下記のとおり法令違反の事実が認められたので、本日、内閣総理大臣及び金融庁長官に対して、金融庁設置法第２０条第１項の規定に基づき、課徴金納付命令を発出するよう勧告を行った。 ２．法令違反の事実関係 課徴金納付命令対象者は、株式会社マーベラスエンターテイメントの契約締結先である新日本監査法人の職員（公認会計士）であったが、株式会社マーベラスエンターテイメントが平成１９年３月期の個別及び連結業績予想を下方修正する事実をその契約の履行に関し知り、この事実が公表される平成１９年３月２０日午後３時より以前の同月１２日から同月２０日までの間に、株券合計２６１株を総額１，２２５万６，７００円で売り付けたものである。 同人が行った上記の行為は、金融商品取引法第１７５条第１項に規定する「第百六十六条第一項又は第三項の規定に違反して、自己の計算において同条第一項に規定する売買等をした」行為に該当すると認められる。 ３．課徴金額の計算 上記の違法行為に対し金融商品取引法に基づき納付を命じられる課徴金額は、１３４万円である。 計算方法の詳細については、別紙のとおり。 （別紙） ○　課徴金額の計算方法について 金融商品取引法第１７５条第１項に基づき、課徴金額は、 （売付価格）×（売付株数） －（重要事実が公表された翌日の終値等）×（売付株数） となる。 したがって、重要事実の公表翌日が市場休業日であるため、以後の直近の株式会社マーベラスエンターテイメントの株価である平成１９年３月２２日の始値は、４１，８００円であることから、課徴金額は下記の金額となる。 売付価額１２，２５６，７００円（注） －（４１，８００円×２６１株）＝１，３４６，９００円 ⇒課徴金額は１万円未満を切り捨てるため、 １３４万円 (注)売付価額は、 ┌ │ │ │ │ │ │ │ │ │ │ │ │ │ │ │ │ │ │ │ │ │ │ └ 48,300円×10株 48,250円× 4株 ┐ │ │ │ │ │ │ │ │ │ │ │ │ │ │ │ │ │ │ │ │ │ │ ┘ の合計額である。 48,200円× 4株 48,150円× 2株 48,100円× 2株 48,050円×12株 48,000円×11株 47,800円× 1株 47,700円× 3株 47,600円×12株 47,550円×13株 47,400円×10株 47,250円×10株 47,200円×20株 47,100円×10株 47,000円×10株 46,800円×10株 46,750円×10株 46,700円×10株 46,650円×10株 46,300円×35株 46,250円× 2株 46,200円× 8株 46,100円× 1株 46,050円× 4株 46,000円× 5株 45,950円× 1株 45,900円× 7株 45,850円×14株 45,800円×10株",1
2008-02-15,ウェル・フィールド証券株式会社,,ウェル・フィールド証券株式会社に対する検査結果に基づく勧告について（平成20年2月15日）,https://www.fsa.go.jp/sesc/news/c_2008/2008/20080215.html,"ウェル・フィールド証券株式会社に対する検査結果に基づく勧告について 平成２０年２月１５日 証券取引等監視委員会 １ ．勧告の内容 証券取引等監視委員会は、ウェル・フィールド証券株式会社（東京都中央区、資本金３億7,700万円、役職員10名）を検査した結果、下記のとおり、当該金融商品取引業者及び当該金融商品取引業者の役員に係る法令違反の事実が認められたので、本日、内閣総理大臣及び金融庁長官に対して、金融庁設置法第20条第１項の規定に基づき、行政処分及びその他の適切な措置を講ずるよう勧告した。 ２ ．事実関係 ○ 法人関係情報の管理不備 ウェル・フィールド証券株式会社（以下「当社」という。）代表取締役社長、代表取締役副社長ほか１名は、その業務に関し、平成17年10月から平成19年11月26日までの間において、上場会社から、少なくとも43件の法人関係情報を取得しており、これらの法人関係情報については、内部者取引の未然防止等の観点から、厳重に管理すべきであると認められるところ、うち10件については法人関係情報として登録しておらず、２件については法人関係情報としての登録が１週間乃至２週間程度遅延している状況にあった。 なお、平成18年11月７日及び８日に取得した上場会社に係る法人関係情報については、その登録を行っていなかったため、同月13日及び14日、当社の自己の計算において同社株式を買い付けており、内部者取引防止等の観点から、極めて不適切なものとなっている。 当該金融商品取引業者における上記の業務の状況は、金融商品取引法第40条第２号に基づく金融商品取引業等に関する内閣府令第123条第５号に規定する「法人関係情報に関する管理について法人関係情報に係る不公正な取引の防止を図るために必要かつ適切な措置を講じていないと認められる状況」に該当するものと認められる。",1
2008-01-25,宝印刷株式会社,,宝印刷株式会社関係者からの情報受領者②による内部者取引に対する課徴金納付命令の勧告について（平成20年1月25日）,https://www.fsa.go.jp/sesc/news/c_2008/2008/20080125-2.html,"宝印刷株式会社関係者からの情報受領者(2)による内部者取引に対する課徴金納付命令の勧告について 平成２０年１月２５日 証券取引等監視委員会 １ ．勧告の内容 証券取引等監視委員会は、宝印刷株式会社関係者からの情報受領者による内部者取引について検査した結果、下記のとおり法令違反の事実が認められたので、本日、内閣総理大臣及び金融庁長官に対して、金融庁設置法第20条第１項の規定に基づき、課徴金納付命令を発出するよう勧告を行った。 ２ ．法令違反の事実関係 課徴金納付命令対象者は、日本精工株式会社ほか２社の契約締結先である宝印刷株式会社社員から、同人がその契約の履行に関し知った日本精工株式会社ほか２社が、それぞれ株式会社天辻鋼球製作所ほか２社の株券の公開買付けを行うことを決定した事実の伝達を受け、これらの事実が公表される前に、平成17年12月13日から平成18年10月２日までの間、株式会社天辻鋼球製作所ほか２社の株券合計2,100株を総額404万500円で買い付けたものである。 課徴金納付命令対象者が行った上記の行為は、金融商品取引法第175条第２項に規定する「第百六十七条第一項又は第三項の規定に違反して、自己の計算において同条第一項に規定する特定株券等若しくは関連株券等に係る買付け等又は同項に規定する株券等に係る売付け等をした」行為に該当すると認められる。 同人が買い付けた株券の銘柄、買付価額等の詳細については、 別紙１ (PDF/84KB) のとおり。 ３ ．課徴金額の計算 上記の違法行為に対し金融商品取引法に基づき納付を命じられる課徴金額は、76万円である。 計算方法の詳細については、 別紙２ (PDF/88KB) のとおり。",1
2008-01-25,宝印刷株式会社,,宝印刷株式会社関係者からの情報受領者①による内部者取引に対する課徴金納付命令の勧告について（平成20年1月25日）,https://www.fsa.go.jp/sesc/news/c_2008/2008/20080125-1.html,"宝印刷株式会社関係者からの情報受領者(1)による内部者取引に対する課徴金納付命令の勧告について 平成２０年１月２５日 証券取引等監視委員会 １ ．勧告の内容 証券取引等監視委員会は、宝印刷株式会社関係者からの情報受領者による内部者取引について検査した結果、下記のとおり法令違反の事実が認められたので、本日、内閣総理大臣及び金融庁長官に対して、金融庁設置法第20条第１項の規定に基づき、課徴金納付命令を発出するよう勧告を行った。 ２ ．法令違反の事実関係 課徴金納付命令対象者は、オーツキ・ストラテジック・インベストメント株式会社ほか９社の契約締結先である宝印刷株式会社社員から、同人がその契約の履行に関し知ったオーツキ・ストラテジック・インベストメント株式会社ほか９社が、それぞれテクノエイト株式会社ほか９社の株券の公開買付けを行うことを決定した事実の伝達を受け、これらの事実が公表される前に、平成17年11月10日から平成19年８月６日までの間、テクノエイト株式会社ほか９社の株券合計１万1,700株を総額833万9,000円で買い付けたものである。 課徴金納付命令対象者が行った上記の行為は、金融商品取引法第175条第２項に規定する「第百六十七条第一項又は第三項の規定に違反して、自己の計算において同条第一項に規定する特定株券等若しくは関連株券等に係る買付け等又は同項に規定する株券等に係る売付け等をした」行為に該当すると認められる。 同人が買い付けた株券の銘柄、買付価額等の詳細については、 別紙１ (PDF/95KB) のとおり。 ３ ．課徴金額の計算 上記の違法行為に対し金融商品取引法に基づき納付を命じられる課徴金額は、167万円である。 計算方法の詳細については、 別紙２ (PDF/96KB) のとおり。",1
2008-01-22,株式会社サンシティ,,株式会社サンシティの株券に係る内部者取引に対する課徴金納付命令の勧告について（平成20年1月22日）,https://www.fsa.go.jp/sesc/news/c_2008/2008/20080122.html,株式会社サンシティの株券に係る内部者取引に対する課徴金納付命令の勧告について 平成２０年１月２２日 証券取引等監視委員会 １ ．勧告の内容 証券取引等監視委員会は、株式会社サンシティの株券に係る内部者取引について検査した結果、下記のとおり法令違反の事実が認められたので、本日、内閣総理大臣及び金融庁長官に対して、金融庁設置法第２０条第１項の規定に基づき、課徴金納付命令を発出するよう勧告を行った。 ２ ．法令違反の事実関係 課徴金納付命令対象者は、株式会社サンシティの役員であったが、同社が転換社債型新株予約権付社債を引き受ける者の募集を行うことを決定した事実をその職務に関し知り、この事実が公表される平成１８年７月２０日以前の同年５月３０日及び同年６月１日に、株券合計４８株を総額４７０万８，８００円で売り付けたものである。 同人が行った上記の行為は、金融商品取引法第１７５条第１項に規定する「第百六十六条第一項又は第三項の規定に違反して、自己の計算において同条第一項に規定する売買等をした」行為に該当すると認められる。 ３ ．課徴金額の計算 上記の違法行為に対し金融商品取引法に基づき納付を命じられる課徴金額は、５３万円である。 計算方法の詳細については、 別紙 (PDF/80KB)のとおり。,1
2009-12-08,建設株式会社,1619,山﨑建設株式会社社員による内部者取引に対する課徴金納付命令の勧告について（平成21年12月8日）,https://www.fsa.go.jp/sesc/news/c_2009/2009/20091208_1.html,"平成２１年１２月８日 証券取引等監視委員会 山﨑建設株式会社社員による内部者取引に対する課徴金納付命令の勧告について １．勧告の内容 証券取引等監視委員会は、山﨑建設株式会社社員による内部者取引について検査した結果、下記のとおり法令違反の事実が認められたので、本日、内閣総理大臣及び金融庁長官に対して、金融庁設置法第２０条第１項の規定に基づき、課徴金納付命令を発出するよう勧告を行った。 ２．法令違反の事実関係 課徴金納付命令対象者は、山﨑建設株式会社の社員であったが、同社が更生手続開始の申立てを行うことを決定した事実をその職務に関し知り、この事実が公表された平成２０年１０月３０日より前の同月２８日から同月３０日までの間に、山﨑建設株式会社の株券合計５万１，０００株を売付価額２４６万７，０００円で売り付けたものである。 課徴金納付命令対象者が行った上記の行為は、金融商品取引法（平成２０年法律第６５号による改正前のもの。以下「旧金融商品取引法」という。）第１７５条第１項に規定する「第１６６条第１項又は第３項の規定に違反して、自己の計算において同条第１項に規定する売買等をした」行為に該当すると認められる。 ３．課徴金の額の計算 上記の違法行為に対し金融商品取引法に基づき納付を命じられる課徴金の額は、１９０万円である。 計算方法の詳細については、別紙のとおり。 （別紙） ○　課徴金の額の計算方法について 旧金融商品取引法第１７５条第１項に基づき、課徴金の額は、 （売付価格）×（売付株数）－（重要事実が公表された翌日の終値等）×（売付株数） となる。 したがって、重要事実の公表翌日は売買が成立せず、値がつかなかったため、以後の直近の山﨑建設株式会社の株価である平成２０年１１月４日の株価の始値は、１１円であることから、課徴金の額は下記の金額となる。 売付価額２，４６７，０００円（注）－（１１円×５１，０００株）＝１，９０６，０００円 ⇒課徴金の額は１万円未満を切り捨てるため、 １９０万円 （注）売付価額は、 ┌ │ │ │ │ │ │ │ │ │ │ └ 35円×8,000株 37円×2,000株 ┐ │ │ │ │ │ │ │ │ │ │ ┘ の合計額である。 40円×5,000株 45円×1,000株 48円×1,000株 49円×6,000株 50円×8,000株 51円×6,000株 52円×3,000株 53円×1,000株 54円×2,000株 61円×3,000株 64円×5,000株",1
2009-12-15,株式会社アリサカ,,株式会社アリサカ社員による内部者取引に対する課徴金納付命令の勧告について（平成21年12月15日）,https://www.fsa.go.jp/sesc/news/c_2009/2009/20091215_2.html,"平成２１年１２月１５日 証券取引等監視委員会 株式会社アリサカ社員による内部者取引に対する課徴金納付命令の勧告について １．勧告の内容 証券取引等監視委員会は、株式会社アリサカ社員による内部者取引について検査した結果、下記のとおり法令違反の事実が認められたので、本日、内閣総理大臣及び金融庁長官に対して、金融庁設置法第２０条第１項の規定に基づき、課徴金納付命令を発出するよう勧告を行った。 ２．法令違反の事実関係 課徴金納付命令対象者(1)は、株式会社アリサカ（以下「アリサカ」という。）の社員であったが、アリサカにおいて複数年度に亘る不適切な会計処理が判明した旨の同社の運営、業務又は財産に関する重要な事実であって投資者の投資判断に著しい影響を及ぼす事実（以下「本件重要事実」という。）をその職務に関し知り、この事実が公表された平成２０年５月２７日より前の同月１６日に、アリサカの株券合計２，０００株を売付価額６０万４，２００円で売り付けたものである。 課徴金納付命令対象者(2)は、アリサカの社員であったが、本件重要事実をその職務に関し知り、この事実が公表された平成２０年５月２７日より前の同月１６日に、アリサカの株券合計５００株を売付価額１５万１，７００円で売り付けたものである。 上記２名が行った上記の行為は、金融商品取引法（平成２０年法律第６５号による改正前のもの。以下「旧金融商品取引法」という。）第１７５条第１項に規定する「第１６６条第１項又は第３項の規定に違反して、自己の計算において同条第１項に規定する売買等をした」行為に該当すると認められる。 ３．課徴金の額の計算 上記の違法行為に対し、金融商品取引法に基づき納付を命じられる課徴金額は下記のとおり。 課徴金納付命令対象者(1) ３１万円 課徴金納付命令対象者(2) ８万円 計算方法の詳細については、別紙のとおり。 （別紙） ○　課徴金の額の計算方法について 旧金融商品取引法第１７５条第１項に基づき、課徴金の額は、 （売付価格）×（売付株数）－（重要事実が公表された翌日の終値等）×（売付株数） となる。 したがって、重要事実の公表翌日の平成２０年５月２８日の株式会社アリサカの株価の終値は、１４３円であることから、課徴金の額は下記の金額となる。 課徴金納付命令対象者(1) 売付価額６０４，２００円 （注） －（１４３円×２，０００株）＝３１８，２００円 ⇒課徴金の額は１万円未満を切り捨てるため、 ３１万円 (注)売付価額は、302円×1,800株、303円×200株 の合計額である。 課徴金納付命令対象者(2) 売付価額１５１，７００円 （注） －（１４３円×５００株）＝８０，２００円 ⇒課徴金の額は１万円未満を切り捨てるため、 ８万円 (注)売付価額は、302円×100株、303円×100株、304円×300株 の合計額である。",1
2009-12-15,株式会社日立製作所,6501,株式会社日立製作所社員からの情報受領者による内部者取引に対する課徴金納付命令の勧告について（平成21年12月15日）,https://www.fsa.go.jp/sesc/news/c_2009/2009/20091215_1.html,"平成２１年１２月１５日 証券取引等監視委員会 株式会社日立製作所社員からの情報受領者による内部者取引に対する課徴金納付命令の勧告について １．勧告の内容 証券取引等監視委員会は、株式会社日立製作所社員からの情報受領者による内部者取引について検査した結果、下記のとおり法令違反の事実が認められたので、本日、内閣総理大臣及び金融庁長官に対して、金融庁設置法第２０条第１項の規定に基づき、課徴金納付命令を発出するよう勧告を行った。 ２．法令違反の事実関係 課徴金納付命令対象者は、 日本電産株式会社との公開買付けの応募に関する合意に係る契約の締結交渉先の株式会社日立製作所の社員から、同人がその契約の締結の交渉に関し知った、日本電産株式会社が日本サーボ株式会社（現日本電産サーボ株式会社）の株券の公開買付けを行うことを決定した事実の伝達を受け、この事実が公表された平成１９年３月１３日より前の同月１２日に、同株券合計２万５，０００株を、自己の計算において、買付価額４９５万円で買い付けた。 課徴金納付命令対象者が行った上記の行為は、平成２０年法律第６５号による改正前の金融商品取引法（以下「旧金融商品取引法」という。）第１７５条第２項に規定する「第１６７条第１項又は第３項の規定に違反して、自己の計算において同条第１項に規定する特定株券等若しくは関連株券等に係る買付け等又は同項に規定する株券等に係る売付け等をした」行為に該当すると認められる。 株式会社日立製作所の社員から、同人がその職務に関し知った、株式会社日立製作所が日立工機株式会社の株券の公開買付けを行うことを決定した事実の伝達を受け、この事実が公表された平成２１年１月１５日より前の同月１４日に、同株券合計５，０００株を、自己の計算において、買付価額３７２万４，０００円で買い付け、 株式会社日立製作所の社員から、同人がその職務に関し知った、株式会社日立製作所が株式会社日立国際電気の株券の公開買付けを行うことを決定した事実の伝達を受け、この事実が公表された平成２１年１月１５日より前の同月１４日に、同株券１万１，０００株を、自己の計算において、買付価額４８４万円で買い付けた。 課徴金納付命令対象者が行った上記の行為は、金融商品取引法第１７５条第２項に規定する「第１６７条第１項又は第３項の規定に違反して、同条第１項に規定する特定株券等若しくは関連株券等に係る買付け等又は同項に規定する株券等に係る売付け等をした」行為に該当すると認められる。 ３．課徴金の額の計算 上記の違法行為に対し金融商品取引法に基づき納付を命じられる課徴金の額は、７５２万円である。 計算方法の詳細については、別紙のとおり。 （別紙） ○　課徴金の額の計算方法について (1)　日本サーボ株式会社の株券の買付けに係る課徴金の額 旧金融商品取引法第１７５条第２項に基づき、課徴金の額は、 （公開買付けの実施に関する事実が公表された翌日の終値等）×（買付株数）－（買付価格）×（買付株数） となる。 したがって、公開買付けの実施に関する事実の公表翌日の平成１９年３月１４日の日本サーボ株式会社の株価の終値は、３６２円であることから、課徴金の額は下記の金額となる。 （３６２円×２５，０００株）－買付価額４，９５０，０００円（１９８円×２５，０００株）＝４，１００，０００円 (2)　日立工機株式会社及び株式会社日立国際電気の株券の買付けに係る課徴金の額 金融商品取引法第１７５条第２項に基づき、課徴金の額は、 （公開買付けの実施に関する事実が公表された後２週間における最も高い価格）×（買付株数）－（買付価格）×（買付株数） となる。 したがって、 公開買付けの実施に関する事実の公表後２週間における日立工機株式会社の最も高い株価は、平成２１年１月１９日の１，０４２円であることから、課徴金の額は下記の金額となる。 （１，０４２円×５，０００株）－買付価額３，７２４，０００円（注）＝１，４８６，０００円 ⇒課徴金の額は１万円未満を切り捨てるため、 １４８万円 （注）買付価額は、743円×500株、745円×4,500株　の合計額である。 公開買付けの実施に関する事実の公表後２週間における株式会社日立国際電気の最も高い株価は、平成２１年１月１６日の６１７円であることから、課徴金の額は下記の金額となる。 （６１７円×１１，０００株）－買付価額４，８４０，０００円（４４０円×１１，０００株）＝１，９４７，０００円 ⇒課徴金の額は１万円未満を切り捨てるため、 １９４万円",1
2009-12-18,株式会社ベルーナ,,株式会社ベルーナ社員らによる内部者取引に対する課徴金納付命令の勧告について（平成21年12月18日）,https://www.fsa.go.jp/sesc/news/c_2009/2009/20091218.html,"平成２１年１２月１８日 証券取引等監視委員会 株式会社ベルーナ社員らによる内部者取引に対する課徴金納付命令の勧告について １．勧告の内容 証券取引等監視委員会は、株式会社ベルーナ社員らによる内部者取引について検査した結果、下記のとおり法令違反の事実が認められたので、本日、内閣総理大臣及び金融庁長官に対して、金融庁設置法第２０条第１項の規定に基づき、課徴金納付命令を発出するよう勧告を行った。 ２．法令違反の事実関係 課徴金納付命令対象者(1)は、株式会社ベルーナ（以下「ベルーナ」という。）の社員であったが、同社が平成２０年３月期の業績予想を下方修正する事実をその職務に関し知り、この事実が公表された平成１９年１０月３１日より前の同月１２日及び同月１７日に、ベルーナの株券合計１，８００株を売付価額２０８万５，０００円で売り付けたものである。 課徴金納付命令対象者(2)は、ベルーナの社員から、同人がその職務に関し知った、ベルーナが特定商取引に関する法律に基づく業務停止命令の行政処分を受ける旨の事実（以下「本件重要事実」という。）の伝達を受け、この事実が公表された平成２０年７月９日午後２時３０分より前の同月４日に、ベルーナの株券合計１，７５０株を売付価額１２９万５，４５０円で売り付けたものである。 課徴金納付命令対象者(3)は、ベルーナとの業務委託契約の契約締結先の社員から、同人がその契約の履行に関して知った本件重要事実の伝達を受け、この事実が公表された平成２０年７月９日午後２時３０分より前の同日に、ベルーナの株券合計２，０００株を売付価額１４５万１，０００円で売り付けたものである。 上記３名が行った上記の行為は、金融商品取引法（平成２０年法律第６５号による改正前のもの。以下「旧金融商品取引法」という。）第１７５条第１項に規定する「第１６６条第１項又は第３項の規定に違反して、自己の計算において同条第１項に規定する売買等をした」行為に該当すると認められる。 ３．課徴金の額の計算 上記の違法行為に対し、金融商品取引法に基づき納付を命じられる課徴金額は下記のとおり。 課徴金納付命令対象者(1)　　２９万円 課徴金納付命令対象者(2)　　４０万円 課徴金納付命令対象者(3)　　４３万円 計算方法の詳細については、別紙のとおり。 （別紙） ○　課徴金の額の計算方法について 旧金融商品取引法第１７５条第１項に基づき、課徴金の額は、 （売付価格）×（売付株数）－（重要事実が公表された翌日の終値等）×（売付株数） となる。 したがって、 (1)　課徴金納付命令対象者(1)の違反行為に係る重要事実の公表翌日の平成１９年１１月１日の株式会社ベルーナの株価の終値は、９９６円、 (2)　課徴金納付命令対象者(2)(3)の違反行為に係る重要事実の公表翌日の平成２０年７月１０日の同社の株価の終値は、５０９円 であることから、課徴金の額は下記の金額となる。 課徴金納付命令対象者(1) 売付価額２，０８５，０００円（注）－（９９６円×１，８００株）＝２９２，２００円 ⇒課徴金の額は１万円未満を切り捨てるため、 ２９万円 （注）売付価額は、 ┌ │ └ 1,150円×1,500株　1,175円×100株 ┐ │ ┘ の合計額である。 1,209円×　100株　1,216円×100株 課徴金納付命令対象者(2) 売付価額１，２９５，４５０円（注）－（５０９円×１，７５０株）＝４０４，７００円 ⇒課徴金の額は１万円未満を切り捨てるため、 ４０万円 （注）売付価額は、 ┌ │ └ 739円×1,300株 740円×100株 ┐ │ ┘ の合計額である。 745円×　350株 課徴金納付命令対象者(3) 売付価額１，４５１，０００円（注）－（５０９円×２，０００株）＝４３３，０００円 ⇒課徴金の額は１万円未満を切り捨てるため、 ４３万円 （注）売付価額は、 722円×1,000株、729円×1,000株 の合計額である。",1
2009-11-20,フタバ産業株式会社,7241,フタバ産業株式会社社員からの情報受領者による内部者取引に対する課徴金納付命令の勧告について（平成21年11月20日）,https://www.fsa.go.jp/sesc/news/c_2009/2009/20091120.html,平成２１年１１月２０日 証券取引等監視委員会 フタバ産業株式会社社員からの情報受領者による内部者取引に対する課徴金納付命令の勧告について １．勧告の内容 証券取引等監視委員会は、フタバ産業株式会社社員からの情報受領者による内部者取引について検査した結果、下記のとおり法令違反の事実が認められたので、本日、内閣総理大臣及び金融庁長官に対して、金融庁設置法第２０条第１項の規定に基づき、課徴金納付命令を発出するよう勧告を行った。 ２．法令違反の事実関係 課徴金納付命令対象者は、フタバ産業株式会社社員から、同人がその職務に関し知った、フタバ産業株式会社において同社の平成１８年３月期、同１９年３月期及び同２０年３月期の各過年度決算数値に過誤があることが発覚した旨の同社の運営、業務又は財産に関する重要な事実であって投資者の投資判断に著しい影響を及ぼす事実の伝達を受け、この事実が公表された平成２０年１０月１５日より前の同月６日に、フタバ産業株式会社の株券９，７００株を売付価額１，１３５万８，７００円で売り付けたものである。 課徴金納付命令対象者が行った上記の行為は、金融商品取引法（平成２０年法律第６５号による改正前のもの。以下「旧金融商品取引法」という。）第１７５条第１項に規定する「第１６６条第１項又は第３項の規定に違反して、自己の計算において同条第１項に規定する売買等をした」行為に該当すると認められる。 ３．課徴金の額の計算 上記の違法行為に対し金融商品取引法に基づき納付を命じられる課徴金の額は、２５８万円である。 計算方法の詳細については、別紙のとおり。 （別紙） ○　課徴金の額の計算方法について 旧金融商品取引法第１７５条第１項に基づき、課徴金の額は、 （売付価格）×（売付株数）－（重要事実が公表された翌日の終値等）×（売付株数） となる。 したがって、重要事実の公表翌日である平成２０年１０月１６日のフタバ産業株式会社の株価の終値は、９０５円であることから、課徴金の額は下記の金額となる。 売付価額１１，３５８，７００円（１，１７１円×９，７００株）－（９０５円×９，７００株）＝２，５８０，２００円 ⇒課徴金の額は１万円未満を切り捨てるため、 ２５８万円,1
2009-10-30,オリエンタル白石株式会社,1786,オリエンタル白石株式会社社員らによる内部者取引に対する課徴金納付命令の勧告について（平成21年10月30日）,https://www.fsa.go.jp/sesc/news/c_2009/2009/20091030.html,"平成２１年１０月３０日 証券取引等監視委員会 オリエンタル白石株式会社社員らによる内部者取引に対する課徴金納付命令の勧告について １．勧告の内容 証券取引等監視委員会は、オリエンタル白石株式会社社員らによる内部者取引について検査した結果、下記のとおり法令違反の事実が認められたので、本日、内閣総理大臣及び金融庁長官に対して、金融庁設置法第２０条第１項の規定に基づき、課徴金納付命令を発出するよう勧告を行った。 ２．法令違反の事実関係 (1)　オリエンタル白石株式会社社員 課徴金納付命令対象者 は、オリエンタル白石株式会社（以下「オリエンタル白石」という。）の社員であったが、同社が更生手続開始の申立てを行うことを決定した事実（以下「本件重要事実」という。）をその職務に関し知り、この事実が公表された平成２０年１１月２６日午後５時３０分より前の同日に、オリエンタル白石の株券合計１万２，０００株を売付価額１３１万９，４００円で売り付けたものである。 課徴金納付命令対象者 は、オリエンタル白石の社員であったが、本件重要事実をその職務に関し知り、この事実が公表された平成２０年１１月２６日午後５時３０分より前の同日に、オリエンタル白石の株券合計２，０００株を売付価額２４万２，７００円で売り付けたものである。 課徴金納付命令対象者 は、オリエンタル白石の社員であったが、本件重要事実をその職務に関し知り、この事実が公表された平成２０年１１月２６日午後５時３０分より前の同日に、オリエンタル白石の株券１，２００株を売付価額１５万円で売り付けたものである。 (2)　オリエンタル白石社員からの情報受領者 課徴金納付命令対象者 は、オリエンタル白石の社員から、同人がその職務に関し知った本件重要事実の伝達を受け、この事実が公表された平成２０年１１月２６日午後５時３０分より前の同日に、オリエンタル白石の株券６，３００株を売付価額７８万７，５００円で売り付けたものである。 課徴金納付命令対象者 は、オリエンタル白石の社員から、同人がその職務に関し知った本件重要事実の伝達を受け、この事実が公表された平成２０年１１月２６日午後５時３０分より前の同日に、オリエンタル白石の株券４，４００株を売付価額５５万円で売り付けたものである。 (3)　オリエンタル白石の契約締結先社員からの情報受領者（信用調査会社社員） 課徴金納付命令対象者 は、オリエンタル白石とのリース契約の契約締結先の社員がその契約の履行に関し知り、同社の従業者（以下「契約先の従業者」という。）が職務上知り、その後、課徴金納付命令対象者 の勤務先の社員が職務上契約先の従業者から伝達を受けた本件重要事実を、その職務に関し知り、この事実が公表された平成２０年１１月２６日午後５時３０分より前の同日に、オリエンタル白石の株券合計３万株を売付価額３２６万８，８００円で売り付けたものである。 (4)　オリエンタル白石の契約締結先役員からの情報受領者 課徴金納付命令対象者 は、オリエンタル白石との工事請負契約の契約締結先の役員から、同人がその契約の履行に関して知った本件重要事実の伝達を受け、この事実が公表された平成２０年１１月２６日午後５時３０分より前の同日に、オリエンタル白石の株券合計２万５，０００株を売付価額３０７万１，２００円で売り付けたものである。 上記７名が行った上記の行為は、金融商品取引法（平成２０年法律第６５号による改正前のもの。以下「旧金融商品取引法」という。）第１７５条第１項に規定する「第１６６条第１項又は第３項の規定に違反して、自己の計算において同条第１項に規定する売買等をした」行為に該当すると認められる。 ３．課徴金の額の計算 上記の違法行為に対し、金融商品取引法に基づき納付を命じられる課徴金額は下記のとおり。 課徴金納付命令対象者 ６１万円 課徴金納付命令対象者 １２万円 課徴金納付命令対象者 ７万円 課徴金納付命令対象者 ４１万円 課徴金納付命令対象者 ２９万円 課徴金納付命令対象者 １４９万円 課徴金納付命令対象者 １５９万円 計算方法の詳細については、別紙のとおり。 （別紙） ○　課徴金の額の計算方法について 旧金融商品取引法第１７５条第１項に基づき、課徴金の額は、 （売付価格）×（売付株数）－（重要事実が公表された翌日の終値等）×（売付株数） となる。 したがって、重要事実の公表翌日の平成２０年１１月２７日のオリエンタル白石株式会社の株価の終値は、５９円であることから、課徴金の額は下記の金額となる。 課徴金納付命令対象者 売付価額１，３１９，４００円（注）－（５９円×１２，０００株）＝６１１，４００円 ⇒課徴金の額は１万円未満を切り捨てるため、 ６１万円 （注）売付価額は、 ┌ │ │ │ │ │ │ │ └ 105円×3,800株 109円×200株 ┐ │ │ │ │ │ │ │ ┘ の合計額である。 110円×3,300株 111円×1,200株 112円×700株 113円×500株 115円×300株 116円×1,000株 117円×1,000株 課徴金納付命令対象者 売付価額２４２，７００円（注）－（５９円×２，０００株）＝１２４，７００円 ⇒課徴金の額は１万円未満を切り捨てるため、 １２万円 （注）売付価額は、121円×1,300株、122円×700株 の合計額である。 課徴金納付命令対象者 売付価額１５０，０００円（１２５円×１，２００株）－（５９円×１，２００株）＝７９，２００円 ⇒課徴金の額は１万円未満を切り捨てるため、 ７万円 課徴金納付命令対象者 売付価額７８７，５００円（１２５円×６，３００株）－（５９円×６，３００株）＝４１５，８００円 ⇒課徴金の額は１万円未満を切り捨てるため、 ４１万円 課徴金納付命令対象者 売付価額５５０，０００円（１２５円×４，４００株）－（５９円×４，４００株）＝２９０，４００円 ⇒課徴金の額は１万円未満を切り捨てるため、 ２９万円 課徴金納付命令対象者 売付価額３，２６８，８００円（注）－（５９円×３０，０００株）＝１，４９８，８００円 ⇒課徴金の額は１万円未満を切り捨てるため、 １４９万円 （注）売付価額は、 ┌ │ │ │ │ └ 106円×300株 107円×9,900株 ┐ │ │ │ │ ┘ の合計額である。 108円×5,600株 109円×4,100株 110円×5,100株 113円×5,000株 課徴金納付命令対象者 売付価額３，０７１，２００円（注）－（５９円×２５，０００株）＝１，５９６，２００円 ⇒課徴金の額は１万円未満を切り捨てるため、 １５９万円 （注）売付価額は、 ┌ │ │ │ │ └ 108円×700株 109円×2,100株 ┐ │ │ │ │ ┘ の合計額である。 110円×300株 123円×1,900株 125円×20,000株",1
2009-10-23,ＰｗＣアドバイザリー株式会社,,ＰｗＣアドバイザリー株式会社社員による内部者取引に対する課徴金納付命令の勧告について（平成21年10月23日）,https://www.fsa.go.jp/sesc/news/c_2009/2009/20091023_1.html,"平成２１年１０月２３日 証券取引等監視委員会 ＰｗＣアドバイザリー株式会社社員による内部者取引に対する課徴金納付命令の勧告について １．勧告の内容 証券取引等監視委員会は、ＰｗＣアドバイザリー株式会社社員による内部者取引について検査した結果、下記のとおり法令違反の事実が認められたので、本日、内閣総理大臣及び金融庁長官に対して、金融庁設置法第２０条第１項の規定に基づき、課徴金納付命令を発出するよう勧告を行った。 ２．法令違反の事実関係 課徴金納付命令対象者は、株式会社ファーストリテイリングとのアドバイザリーサービス業務の提供に関する業務委託契約の契約締結先であるＰｗＣアドバイザリー株式会社の社員であったが、株式会社ファーストリテイリングが株式会社リンク・セオリー・ホールディングスの株券の公開買付けを行うことを決定した事実を、同契約の履行に関し知り、この事実が公表された平成２１年１月２９日より前の同月２８日に、同株券合計２０株を、自己の計算において、買付価額２０９万９，０００円で買い付けたものである。 課徴金納付命令対象者が行った上記の行為は、金融商品取引法第１７５条第２項に規定する「第１６７条第１項又は第３項の規定に違反して、同条第１項に規定する特定株券等若しくは関連株券等に係る買付け等又は同項に規定する株券等に係る売付け等をした」行為に該当すると認められる。 ３．課徴金の額の計算 上記の違法行為に対し金融商品取引法に基づき納付を命じられる課徴金の額は、１２９万円である。 計算方法の詳細については、別紙のとおり。 （別紙） ○　課徴金の額の計算方法について 金融商品取引法第１７５条第２項に基づき、課徴金の額は、 （公開買付けの実施に関する事実が公表された後２週間における最も高い価格）×（買付株数）－（買付価格）×（買付株数） となる。 したがって、公開買付けの実施に関する事実の公表後２週間における株式会社リンク・セオリー・ホールディングスの最も高い株価は、平成２１年２月３日の１６９，５００円であることから、課徴金の額は下記の金額となる。 （１６９，５００円×２０株）－買付価額２，０９９，０００円 （注） ＝１，２９１，０００円 ⇒課徴金の額は１万円未満を切り捨てるため、 １２９万円 (注)買付価額は、104,000円×1株、105,000円×19株　の合計額である。",1
2009-10-23,株式会社,1301,株式会社ウィーヴ株券の公開買付者従事者からの情報受領者による内部者取引に対する課徴金納付命令の勧告について（平成21年10月23日）,https://www.fsa.go.jp/sesc/news/c_2009/2009/20091023_2.html,"平成２１年１０月２３日 証券取引等監視委員会 株式会社ウィーヴ株券の公開買付者従事者からの情報受領者による内部者取引に対する課徴金納付命令の勧告について １．勧告の内容 証券取引等監視委員会は、株式会社ウィーヴ株券の公開買付者従事者からの情報受領者である税理士による内部者取引について検査した結果、下記のとおり法令違反の事実が認められたので、本日、内閣総理大臣及び金融庁長官に対して、金融庁設置法第２０条第１項の規定に基づき、課徴金納付命令を発出するよう勧告を行った。 ２．法令違反の事実関係 課徴金納付命令対象者は、ＭＣＰシナジー１号投資事業有限責任組合（以下「ＭＣＰシナジー」という。）の業務に従事していた者から、同人がその職務に関し知った、ＭＣＰシナジーが株式会社ウィーヴの株券の公開買付けを行うことを決定した事実の伝達を受け、この事実が公表された平成２１年１月１４日より前の同月９日及び同月１３日に、同株券合計１００株を、自己の計算において、買付価額７７万７，０００円で買い付けたものである。 課徴金納付命令対象者が行った上記の行為は、金融商品取引法第１７５条第２項に規定する「第１６７条第１項又は第３項の規定に違反して、同条第１項に規定する特定株券等若しくは関連株券等に係る買付け等又は同項に規定する株券等に係る売付け等をした」行為に該当すると認められる。 ３．課徴金の額の計算 上記の違法行為に対し金融商品取引法に基づき納付を命じられる課徴金の額は、８２万円である。 計算方法の詳細については、別紙のとおり。 （別紙） ○　課徴金の額の計算方法について 金融商品取引法第１７５条第２項に基づき、課徴金の額は、 （公開買付けの実施に関する事実が公表された後２週間における最も高い価格）×（買付株数）－（買付価格）×（買付株数） となる。 したがって、公開買付けの実施に関する事実の公表後２週間における株式会社ウィーヴの最も高い株価は、平成２１年１月２１日の１６，０４０円であることから、課徴金の額は下記の金額となる。 （１６，０４０円×１００株）－買付価額７７７，０００円 （注） ＝８２７，０００円 ⇒課徴金の額は１万円未満を切り捨てるため、 ８２万円 (注) 買付価額は、 ┌ │ │ │ └ 7,000円×18株 ┐ │ │ │ ┘ の合計額である。 7,900円×50株 8,000円×32株",1
2009-09-15,株式会社原弘産,,株式会社原弘産役員による内部者取引に対する課徴金納付命令の勧告について（平成21年9月15日）,https://www.fsa.go.jp/sesc/news/c_2009/2009/20090915.html,"平成２１年９月１５日 証券取引等監視委員会 株式会社原弘産役員による内部者取引に対する課徴金納付命令の勧告について １．勧告の内容 証券取引等監視委員会は、株式会社原弘産役員による内部者取引について検査した結果、下記のとおり法令違反の事実が認められたので、本日、内閣総理大臣及び金融庁長官に対して、金融庁設置法第２０条第１項の規定に基づき、課徴金納付命令を発出するよう勧告を行った。 ２．法令違反の事実関係 課徴金納付命令対象者は、株式会社原弘産の役員であったが、同社が転換社債型新株予約権付社債の発行を行うことを決定した事実をその職務に関し知り、この事実が公表された平成１９年２月１日より前の平成１８年１１月８日から平成１９年１月３０日までの間に、株式会社原弘産の株券合計４０１株を売付価額９，４２６万６，０００円で売り付け、また、同社の株券合計１７５株を買付価額３，９８９万円で買い付けたものである。 課徴金納付命令対象者が行った上記の行為は、金融商品取引法（平成２０年法律第６５号による改正前のもの。以下「旧金融商品取引法」という。）第１７５条第１項に規定する「第１６６条第１項又は第３項の規定に違反して、自己の計算において同条第１項に規定する売買等をした」行為に該当すると認められる。 ３．課徴金の額の計算 上記の違法行為に対し金融商品取引法に基づき納付を命じられる課徴金の額は、２８４万円である。 計算方法の詳細については、別紙のとおり。 （別紙） ○　課徴金の額の計算方法について 旧金融商品取引法第１７５条第１項に基づき、課徴金の額は、 （売付価格）×（売付株数）－（重要事実が公表された翌日の終値等）×（売付株数） 及び （重要事実が公表された翌日の終値等）×（買付株数）－（買付価格）×（買付株数） となる。 したがって、重要事実の公表翌日の平成１９年２月２日の株式会社原弘産の株価の終値は、２２８，０００円であることから、課徴金の額は下記の金額となる。 売付価額９４，２６６，０００円（注１）－（２２８，０００円×４０１株）＝２，８３８，０００円 ⇒課徴金の額は１万円未満を切り捨てるため、 ２８３万円 （２２８，０００円×１７５株）－買付価額３９，８９０，０００円（注２）＝ １０，０００円 (注１) 売付価額は、 ┌ │ │ │ │ │ │ │ │ │ └ 223,000円×78株 224,000円×22株 ┐ │ │ │ │ │ │ │ │ │ ┘ の合計額である。 235,000円×80株 236,000円×49株 237,000円×15株 239,000円×30株 240,000円×29株 242,000円×19株 243,000円× 1株 244,000円×60株 245,000円×14株 246,000円× 4株 (注２) 買付価額は、 ┌ │ │ │ │ │ │ │ │ │ └ 218,000円×20株 220,000円×30株 ┐ │ │ │ │ │ │ │ │ │ ┘ の合計額である。 221,000円×20株 224,000円×15株 227,000円×10株 233,000円×30株 235,000円×30株 242,000円×20株",1
2009-08-04,日産ディーゼル工業株式会社,,日産ディーゼル工業株式会社役員による内部者取引に対する課徴金納付命令の勧告について（平成21年8月4日）,https://www.fsa.go.jp/sesc/news/c_2009/2009/20090804.html,平成２１年８月４日 証券取引等監視委員会 日産ディーゼル工業株式会社役員による内部者取引に対する課徴金納付命令の勧告について １．勧告の内容 証券取引等監視委員会は、日産ディーゼル工業株式会社役員による内部者取引について検査した結果、下記のとおり法令違反の事実が認められたので、本日、内閣総理大臣及び金融庁長官に対して、金融庁設置法第２０条第１項の規定に基づき、課徴金納付命令を発出するよう勧告を行った。 ２．法令違反の事実関係 課徴金納付命令対象者は、日産ディーゼル工業株式会社（以下「日産ディーゼル工業」という。）の役員であったが、日産ディーゼル工業と秘密保持契約を締結していたエヌエー株式会社が日産ディーゼル工業の株券の公開買付けを行うことを決定した事実を、同契約の履行に関し知り、この事実が公表された平成１９年２月２０日より前の同月１４日に、日産ディーゼル工業の株券２，０００株を買付価額８７万４０００円で買い付けたものである。 課徴金納付命令対象者が行った上記の行為は、金融商品取引法（平成２０年法律第６５号による改正前のもの。以下「旧金融商品取引法」という。）第１７５条第２項に規定する「第百六十七条第一項又は第三項の規定に違反して、自己の計算において同条第一項に規定する特定株券等若しくは関連株券等に係る買付け等又は同項に規定する株券等に係る売付け等をした」行為に該当すると認められる。 ３．課徴金の額の計算 上記の違法行為に対し金融商品取引法に基づき納付を命じられる課徴金の額は、２０万円である。 計算方法の詳細については、別紙のとおり。 （別紙） ○　課徴金の額の計算方法について 旧金融商品取引法第１７５条第２項に基づき、課徴金の額は、 （公開買付けの実施に関する事実が公表された翌日の終値）×（買付株数）－（買付価格）×（買付株数） となる。 したがって、公開買付けの実施に関する事実の公表翌日の平成１９年２月２１日の日産ディーゼル工業株式会社の株価の終値は、５３８円であることから、課徴金の額は下記の金額となる。 （５３８円×２，０００株）－買付価額８７４，０００円（４３７円×２，０００株）＝２０２，０００円 ⇒課徴金の額は１万円未満を切り捨てるため、 ２０万円,1
2009-08-27,全国の証券会社,,証券取引等監視委員会の事務処理状況の公表について（平成21年8月27日）,https://www.fsa.go.jp/sesc/reports/n_20/n_20.html,"証券取引等監視委員会の事務処理状況の公表について 平成２１年８月２７日 証券取引等監視委員会 証券取引等監視委員会（以下「証券監視委」という。）は、金融庁設置法第22条の規定に基づき、毎年、事務処理状況を公表している。今回は、その17回目として、平成20年７月１日から同21年６月30日までの期間（以下「平成20事務年度」という。）における事務の処理状況を「証券取引等監視委員会の活動状況」として公表した。 １．平成20事務年度における活動の主なポイント 「証券取引等監視委員会の活動状況」においては、証券監視委の活動状況全般について、その内容や特徴を記載しているが、平成20事務年度においては、世界的な金融不安の高まりに伴う市場の動揺に対し、平成19年９月に公表した中期的な活動方針とする『公正な市場の確立に向けて』（以下「活動方針」という。）を踏まえて、金融危機への対応の観点から以下の取組みを行った。 (1)　市場の混乱に乗じた不公正取引への監視の強化 (2)　金融商品取引業者等の財務内容を重視した検査を含めた、証券検査の業務の総合的な点検 (3)　新しい商品・取引への監視のあり方にかかる検討 ２．公表内容の概要 (１)　市場分析審査 ○　一般からの情報の受付 平成20事務年度において一般から受け付けた情報は6,412件である。情報の内容としては、個別銘柄に関するものが4,789件、金融商品取引業者の営業姿勢等に関するものが1,038件、その他の意見等が585件となっている。 また、同事務年度では、証券監視委が発行市場・流通市場の全体に目を向けた市場監視を行っていることや、証券検査において、法令等遵守態勢の検証を基本としつつも、財務の健全性やリスク管理態勢に着目した検証を充実させる方向にあることなどを踏まえ、証券監視委が幅広い角度からの情報収集を行い、市場における様々な事象を多角的・多面的に分析していくために、情報提供の呼びかけに係る見直しを行った。 ○　取引審査等の状況 平成20事務年度の取引審査件数は、合計1,031件である。その内訳は、価格形成に関するもの132件、内部者取引に関するもの889件、その他10件となっている。 同事務年度の特色としては、全国の証券会社と全国の証券取引所、日本証券業協会、証券監視委・財務局等との間を専用線によるネットワークで結び、売買データの授受を電子的に処理するシステムである「コンプライアンスＷＡＮ」の利用開始（平成21年１月）が挙げられる。これは、「活動方針」の重点施策のひとつである「自主規制機関などとの連携」の取組みに沿ったものとなっている。 また、他の特色としては、発行市場・流通市場全体に目を向けた市場監視を行い、さらに、直ちに法令違反とはいえないような取引についても幅広く注意を払うなど、「活動方針」の他の重点施策である「包括的かつ機動的な市場監視」に努めていることが挙げられる。近年、不公正取引は、従来の流通市場における取引のみならず、発行市場に密接に結びついている取引が見受けられるところであり、幅広い角度からの情報収集や市場における様々な事象を多角的・多面的に分析する視点が不可欠となってきている。 ○　市場動向分析 証券監視委は、金融システムに内在するリスクをできるだけ早く認識し、重要課題への対応のために行政資源を効果的に投入していくという観点を踏まえ、新商品や新たな取引形態等、金融・資本市場全般における新たな動向についてタイムリーに分析（市場動向分析）を行い、個々の取引の背景となる事象を把握し、市場監視に役立てている。 (２)　証券検査 ○　金融商品取引業者等検査マニュアルの改正 金融商品取引業者等検査マニュアル（以下「検査マニュアル」という。）については、平成20年7月に店頭金融先物取引に係るリスク管理態勢等に関する一部改正を行ったが、平成21年5月には、金融商品取引法（以下「金商法」という。）等の一部改正（ファイアーウォール規制の見直し及び利益相反管理体制の構築）、自主規制機関の規則の一部改正及び制定（「不公正取引の防止のための売買管理体制の整備に関する規則」の改正及び「証券化商品の販売等に関する規則」の制定）等を踏まえた改正を行った。 なお、改正検査マニュアルについては、平成21年6月1日以降に着手した検査から活用している。 ○ 業務点検プロジェクト 平成20年９月、より効率的・効果的な検査を実現するため検査の手続面を中心に点検を行い、必要があれば見直しを行うことを目的として、「証券検査に係る業務点検プロジェクト」を発足した。当プロジェクトでは、各業界団体を交えた議論を経て、同年12月に今後の証券検査の一定の方向性について、「証券検査に係る業務点検プロジェクトの検討状況」を公表した。 その後、更なる議論を踏まえ、透明性の高い効率的かつ効果的な検査を実施するとの観点から、平成21年６月に検査の基本事項や検査実施の手続等を定めた「証券検査に関する基本指針」を改正した。 ○　テーマ別検査 株券電子化の円滑な制度施行に向け、証券会社のシステムの整備状況について、特に経営陣のリスク管理に対する取組み、株券電子化に係るリスク管理態勢のあり方、不測の事態への対応等に関し、一般検査の中で検証を行った。こうしたシステム開発プロジェクトに係る検証は、証券監視委としては初めて実施したものである。 ○　検査結果の概要 平成20事務年度中に金融商品取引業者191社（うち第一種金融商品取引業者117社（うち旧証券会社96社(うち外国証券会社７社)、旧金融先物取引業者21業者）、第二種金融商品取引業者1社、投資運用業者15社、投資助言・代理業者58業者）、登録金融機関25機関、投資法人７法人及び自主規制機関5機関の計228社に対して検査に着手した。 同事務年度において検査が終了したものは、前期繰越分を含め220社となっているが、このうち112社に問題点が認められた（問題点が認められた会社の割合51%）。問題点が認められた112社中、43社において投資者保護に関する問題点が認められたほか、財産・経理等や業務運営などに関する問題点も認められた。 検査の結果、重大な法令違反が認められた18社については、内閣総理大臣及び金融庁長官に対し、行政処分等の勧告を行った(うち財務局等分12社)。 主な勧告事例は次のとおりである。 イ　第一種金融商品取引業者等の処分に係る勧告 不正の手段により金融商品取引業の登録を受けた事例 ―　アセットカンパニー株式会社 顧客の損失を補てんするため、財産上の利益を提供した事例 ―　株式会社パンタ・レイ証券 ロ　投資運用業者、投資助言・代理業者等の処分に係る勧告 著しく事実に相違する表示のある広告をした事例 ―　有限会社ゴールデンピラミッド (３)　不公正取引及びディスクロージャーに関する調査等 ○　不公正取引に対する勧告・告発 イ　不公正取引に対する勧告 不公正事件に関する課徴金調査の結果、20件（内部者取引に係る事案が18件、相場操縦に係る事案が2件）、7,525万円の課徴金納付命令の発出を求める勧告を行った。 主な勧告事例は次のとおりである。 現役の証券会社社員や公認会計士、企業の監査役といった高い職業倫理を求められる職業・役職の者による内部者取引の事例 ―　ゴールドマン・サックス証券株式会社社員による内部者取引 ―　カブドットコム証券株式会社社員らによる内部者取引 ―　パイオニア株式会社監査役による内部者取引 ―　株式会社アルゴ21等の株券に係る内部者取引 重要事実に係る、いわゆるバスケット条項（金商法第166条第2項第4号）を初めて適用した勧告事例 ―　株式会社栗本鐵工所取引先社員による内部者取引 相場操縦事案に対し、平成17年4月の課徴金制度導入以来、初めてとなる課徴金納付命令勧告を行った事例 ―　トリニティ工業株式会社株券に係る相場操縦 ロ　不公正取引に対する告発 犯則事件については、金融商品・取引の複雑化・多様化・グローバル化・ローカル化といった環境変化に対応し、複雑・困難な複合事案を含む幅広い態様の事案を手掛け、内外の関係諸機関と連携しつつ調査を実施した結果、相場変動目的暴行・脅迫の嫌疑で２件・２名、内部者取引の嫌疑で７件・８名の合計９件・10名について、告発を行った。 主な告発事例は次のとおりである。 相場変動目的の暴行・脅迫について、証券取引法制定以来、初めて告発を行った事例 ―　株式会社ドン・キホーテ店舗への放火による相場変動目的暴行・脅迫事件 クロスボーダーの不公正取引について、海外証券規制当局の協力を得て、初めて告発を行った事例 ―　ジェイ・ブリッジ株式会社元取締役会長による同社株券に係る海外ダミー口座を利用したクロスボーダー内部者取引事件 ○　ディスクロージャーに関する勧告・告発 イ　ディスクロージャーに関する勧告 開示検査の結果、開示書類の虚偽記載に関して12件、約７億1,375万円の課徴金納付命令の発出を求める勧告を行った。勧告事案に係る虚偽記載の態様は、売上の過大計上、貸倒引当金繰入額の過少計上、減損損失の不計上、棚卸資産の過大計上、貸付金の過大計上、のれんの過大計上、未払金の過少計上等と、その内容は多岐にわたるものとなっている。 主な勧告事例は次のとおりである。 特別目的会社を活用した不動産流動化スキームを悪用し、本来計上できない特別利益を計上した有価証券報告書を参照書類とした有価証券届出書に基づきファイナンスを行った事例 ―　株式会社ビックカメラに係る有価証券報告書等の虚偽記載 実態のない事業譲渡に基づくのれんの計上により貸倒損失の計上を回避するなどし、その後、監査証明を行った監査法人についても処分を受けることとなった事例 ―　株式会社ゼンテック・テクノロジー・ジャパンに係る有価証券報告書等の虚偽記載 会社代表者の指示の下、売上の過大計上や貸倒損失の計上回避を行った上でファイナンスを繰り返した事例 ―　トラステックスホールディングス株式会社に係る有価証券報告書等の虚偽記載 ロ　ディスクロージャーに関する告発 証券監視委は、「活動方針」において、発行市場・流通市場全体に目を向けた市場監視を行う旨を掲げ、内部者取引等流通市場における不正だけでなく、発行市場・ファイナンスにおける不正の監視にも強力に取り組んでいる。 平成20事務年度においては、虚偽の有価証券報告書等の提出につき４件・11名について告発を行ったが、これらの粉飾事案は、新規上場時を含めファイナンスに係る有価証券届出書について、重要な事項につき虚偽の記載のあるものを提出したことを告発対象事実に含むものである。証券監視委としては、不公正ファイナンス等に係る偽計の摘発とともに、ディスクロージャーに関する不正についても監視の目を光らせ、発行市場の信頼性の確保に努めていくこととしている。 主な告発事例は次のとおりである。 新規上場時に提出された有価証券届出書の虚偽記載に係る初めての告発事例 ―　株式会社プロデュースに係る虚偽有価証券届出書等提出事件 (４)　建議 建議については、外国為替証拠金取引を取り扱う金融商品取引業者に対する重点検査の結果に基づき、金融庁長官に対し、(1)外国為替証拠金取引に係る区分管理の方法の見直しについて、(2)外国為替証拠金取引に係るロスカットルールの制定について、(3)外国為替証拠金取引に係る適切な保証金の預託について、(4)登録申請時の徴求書類等の見直しについての４件の建議を行った。 これら４件の建議のうち３件が「金融商品取引業等に関する内閣府令」、また１件は、「金融商品取引業者等向けの総合的な監督指針」に反映されるなど、証券市場の実態を踏まえた市場ルールの整備に寄与している。 (５)　監視活動・機能強化への取組み等 ○　市場監視体制の充実・強化 平成21年度の機構・定員については、課徴金・開示検査体制の整備を大きな柱として増員要求を行った結果、22人の増員が認められ、同年度末の定員は374人となる。 また、財務局等の証券取引等監視官部門においても、25人の増員が認められ、同年度末の定員は300人となり、証券監視委の定員と合計すると全体で674人となる。 さらに、的確な市場監視及び職員の専門性向上を図るため、証券業務等に関して専門的知識・経験のある者、弁護士及び公認会計士などの民間専門家を採用し、平成21年6月末現在において在籍している民間出身の専門家は104人となっている。 ○　投資家への情報提供等の取組み 「活動方針」の第二の柱である「市場規律の強化に向けた働きかけ」の一環として、市場参加者との対話、市場への情報発信の強化を掲げ、新たに上場会社の役職員や監査役を対象とした講演を実施するなど、市場参加者に対する情報発信に取り組んでいる。 ○　関係当局との連携 金融庁や自主規制機関のほか、市場の公正確保のための当事者との緊密な連携を図るという観点から、従来からの日本公認会計士協会に加え、日本弁護士連合会との意見交換を行った。さらに、犯則事件が地域的な広がりを見せる中、警察及び検察との連携を一層深め、反社会的勢力による金融・資本市場への関与の排除に向けた意見交換も実施している。また、世界的な金融不安の高まりに伴う市場の動揺に対応するとともに、我が国市場の公正性を確保するため、海外の証券規制当局との意見・情報交換や主要な国際会議への参加を進めるほか、金融庁とともに海外の証券規制当局等との連携強化にも努めている。 (６)　金商法改正による業務の拡大等 ○　信用格付業者に対する公的規制の導入 格付会社に対する規制の導入・強化に係る取組みが国際的に進められている動向を踏まえ、金融・資本市場における情報インフラとして重要な役割を担っている格付会社については、登録制の導入等を通じて規制・監督の対象とすることとされており、証券監視委には登録を受けた信用格付業者に対する報告徴取・立入検査権限が委任されている。 ○　金融分野における裁判外紛争解決制度（金融ＡＤＲ制度）の創設 金融商品・サービスの多様化・複雑化が進む中、金融商品・サービスに係るトラブルについて、裁判外の簡易・迅速な解決手段を提供し、利用者の納得感のあるトラブル解決を通じ、利用者の保護を図るとともに金融商品・サービスに関する利用者の信頼性を向上させることが重要であるとの観点から、苦情処理・紛争解決を行う民間団体（指定紛争解決機関）を主務大臣が指定するものであり、証券監視委には、その指定紛争解決機関に対する報告徴取・立入検査権限が委任されている。 ┌ │ │ └ 本公表については、証券監視委のホームページ上において、本日より公表。 なお、官報においては８月２８日に掲載する予定。 ┐ │ │ ┘ 「 証券監視委の活動状況 」（一覧表）へ　(PDF/59KB) 「証券取引等監視委員会の活動状況」の本文へ 本文 （PDF/928KB） 附属資料 （PDF/4,392KB） 全文一括印刷用 （PDF/5,235KB）",1
2009-07-08,株式会社ゼネラルホールディングス,,株式会社ゼネラルホールディングスの契約締結者からの情報受領者による内部者取引に対する課徴金納付命令の勧告について（平成21年7月8日）,https://www.fsa.go.jp/sesc/news/c_2009/2009/20090708_1.html,平成２１年７月８日 証券取引等監視委員会 株式会社ゼネラルホールディングスの契約締結者からの情報受領者による内部者取引に対する課徴金納付命令の勧告について １．勧告の内容 証券取引等監視委員会は、株式会社ゼネラルホールディングスの契約締結者からの情報受領者による内部者取引について検査した結果、下記のとおり法令違反の事実が認められたので、本日、内閣総理大臣及び金融庁長官に対して、金融庁設置法第２０条第１項の規定に基づき、課徴金納付命令を発出するよう勧告を行った。 ２．法令違反の事実関係 課徴金納付命令対象者は、株式会社ゼネラルホールディングス（平成２１年５月１日合併により解散）とのマネジメント・バイ・アウトに関する情報共有の契約の契約締結先の銀行員から、同人がその契約の履行に関し知った、株式会社ゼネラルホールディングスが、ゼネラル株式会社（現ゼネラルホールディングス株式会社）の株券の公開買付けを行うことを決定した事実の伝達を受け、この事実が公表された平成２０年９月４日より以前の同年８月２５日に、ゼネラル株式会社の株券３，０００株を買付価額９１万５，０００円で買い付けたものである。 課徴金納付命令対象者が行った上記の行為は、金融商品取引法（平成２０年法律第６５号による改正前のもの。以下「旧金融商品取引法」という。）第１７５条第２項に規定する「第百六十七条第一項又は第三項の規定に違反して、自己の計算において同条第一項に規定する特定株券等若しくは関連株券等に係る買付け等又は同項に規定する株券等に係る売付け等をした」行為に該当すると認められる。 ３．課徴金の額の計算 上記の違法行為に対し金融商品取引法に基づき納付を命じられる課徴金の額は、７１万円である。 計算方法の詳細については、別紙のとおり。 （別紙） ○　課徴金の額の計算方法について 旧金融商品取引法第１７５条第２項に基づき、課徴金の額は、 （公開買付けの実施に関する事実が公表された翌日の終値等）×（買付株数）－（買付価格）×（買付株数） となる。 したがって、公開買付けの実施に関する事実の公表翌日は売買が成立せず、値がつかなかったため、以後の直近のゼネラル株式会社の株価である平成２０年９月８日の株価の始値は、５４３円であることから、課徴金の額は下記の金額となる。 （５４３円×３，０００株）－買付価額９１５，０００円（３０５円×３，０００株）＝７１４，０００円 ⇒課徴金の額は１万円未満を切り捨てるため、 ７１万円,1
2009-06-30,,,「金融商品取引法における課徴金事例集」の公表について（平成21年6月30日）,https://www.fsa.go.jp/sesc/news/c_2009/2009/20090630_2.html,平成２１年６月３０日 証券取引等監視委員会 「金融商品取引法における課徴金事例集」の公表について 証券取引等監視委員会では、「金融商品取引法における課徴金事例集」について、別紙のとおり取りまとめましたので、公表いたします。 本事例集は、課徴金納付命令勧告を行った事案の概要に、市場参加者が違反行為を起こさないよう参考となる内容を加えて取りまとめ、公表しているものです。 昨年６月に、平成17年４月から平成20年５月までに課徴金納付命令決定された事例をとりまとめた課徴金事例集を初めて公表しましたが、今般、平成20年６月から平成21年５月までに課徴金納付命令決定された事例を新たに追加し、課徴金事例集を更新しました。 証券取引等監視委員会としては、本事例集が活用されることにより、市場監視行政の透明性の向上と市場参加者の自主的規律の促進が図られ、もって違反行為の抑止に資するものと期待しています。 （別紙） 金融商品取引法における課徴金事例集 （PDF/421KB） （参考）主な変更・改善点 ○ 内部者取引に係る事案については、重要事実等の伝達状況について、事案の特性に沿って可能な範囲で記載することとした。 ○ 開示書類の虚偽記載に係る事案についても、虚偽記載の態様について、事案の特性に沿って可能な範囲で記載することとした。また、開示書類の発行者である会社の業種及び上場取引所に係る情報の記載を追加した。 ○ 事例の追加を行った（内部者取引に係る事案11件、相場操縦に係る事案１件、開示書類の虚偽記載に係る事案10件を追加し、合計で内部者取引に係る事案50件、相場操縦に係る事案１件、開示書類の虚偽記載に係る事案23件となった。）。 ○ 課徴金額の算定方法に関する記載を追加した。 過去の課徴金事例集はこちら,1
2009-06-25,株式会社ジー・エフ,,株式会社ジー・エフ役員からの情報受領者による内部者取引に対する課徴金納付命令の勧告について（平成21年6月25日）,https://www.fsa.go.jp/sesc/news/c_2009/2009/20090625_2.html,"平成２１年６月２５日 証券取引等監視委員会 株式会社ジー・エフ役員からの情報受領者による内部者取引に対する課徴金納付命令の勧告について １．勧告の内容 証券取引等監視委員会は、株式会社ジー・エフ役員からの情報受領者による内部者取引について検査した結果、下記のとおり法令違反の事実が認められたので、本日、内閣総理大臣及び金融庁長官に対して、金融庁設置法第２０条第１項の規定に基づき、課徴金納付命令を発出するよう勧告を行った。 ２．法令違反の事実関係 課徴金納付命令対象者は、株式会社ジー・エフ（現日本アジアグループ株式会社）役員から，同人がその職務に関し知った、同社が株式の発行を行うことを決定した事実の伝達を受け、この事実が公表された平成１９年１２月２１日より前の同年１０月９日から同年１１月６日の間に、株式会社ジー・エフの株券合計３０株を総額１０４万７，６５０円で買い付けたものである。 課徴金納付命令対象者が行った上記の行為は、金融商品取引法（平成２０年法律第６５号による改正前のもの。以下「旧金融商品取引法」という。）第１７５条第１項に規定する「第百六十六条第一項又は第三項の規定に違反して、自己の計算において同条第一項に規定する売買等をした」行為に該当すると認められる。 ３．課徴金の額の計算 上記の違法行為に対し金融商品取引法に基づき納付を命じられる課徴金の額は、４０万円である。 計算方法の詳細については、別紙のとおり。 （別紙） ○　課徴金の額の計算方法について 旧金融商品取引法第１７５条第１項に基づき、課徴金の額は、 （重要事実が公表された翌日の終値等）×（買付株数）－（買付価格）×（買付株数） となる。 したがって、重要事実の公表翌日が市場休業日であるため、以後の直近の株式会社ジー・エフの株価である平成１９年１２月２５日の始値は、４８，３００円であることから、課徴金の額は下記の金額となる。 （４８，３００円×３０株）－買付価額１，０４７，６５０円 （注） ＝４０１，３５０円 ⇒課徴金の額は１万円未満を切り捨てるため、 ４０万円 (注) 買付価額は、 ┌ │ │ │ │ │ └ 31,500円×1株 31,600円×1株 ┐ │ │ │ │ │ ┘ の合計額である。 33,000円×8株 34,100円×8株 35,950円×2株 36,950円×3株 37,000円×1株 38,000円×6株",1
2009-06-25,伊藤忠商事株式会社,8001,伊藤忠商事株式会社社員による内部者取引に対する課徴金納付命令の勧告について（平成21年6月25日）,https://www.fsa.go.jp/sesc/news/c_2009/2009/20090625_1.html,"平成２１年６月２５日 証券取引等監視委員会 伊藤忠商事株式会社社員による内部者取引に対する課徴金納付命令の勧告について １．勧告の内容 証券取引等監視委員会は、伊藤忠商事株式会社社員による内部者取引について検査した結果、下記のとおり法令違反の事実が認められたので、本日、内閣総理大臣及び金融庁長官に対して、金融庁設置法第２０条第１項の規定に基づき、課徴金納付命令を発出するよう勧告を行った。 ２．法令違反の事実関係 課徴金納付命令対象者は、伊藤忠商事株式会社の社員であったが、同社が株式会社アドウェイズの総株主の議決権の数の１００分の５以上の株券を買い集めることを決定した旨の公開買付けに準ずる行為の実施に関する事実をその職務に関し知り、この事実が公表された平成１９年６月１５日より前の同月１４日に、株式会社アドウェイズの株券合計５０株を総額４９４万円で買い付けたものである。 課徴金納付命令対象者が行った上記の行為は、金融商品取引法（平成２０年法律第６５号による改正前のもの。以下「旧金融商品取引法」という。）第１７５条第２項に規定する「第百六十七条第一項又は第三項の規定に違反して、自己の計算において同条第一項に規定する特定株券等若しくは関連株券等に係る買付け等又は同項に規定する株券等に係る売付け等をした」行為に該当すると認められる。 ３．課徴金の額の計算 上記の違法行為に対し金融商品取引法に基づき納付を命じられる課徴金の額は、１４１万円である。 計算方法の詳細については、別紙のとおり。 （別紙） ○　課徴金の額の計算方法について 旧金融商品取引法第１７５条第２項に基づき、課徴金の額は、 （公開買付け等の実施に関する事実が公表された翌日の終値等）×（買付株数）－（買付価格）×（買付株数） となる。 したがって、公開買付け等の実施に関する事実の公表翌日が市場休業日であるため、以後の直近の株式会社アドウェイズの株価である平成１９年６月１８日の始値は、１２７，０００円であることから、課徴金の額は下記の金額となる。 （１２７，０００円×５０株）－買付価額４，９４０，０００円 （注） ＝１，４１０，０００円 (注) 買付価額は、 ┌ │ │ └ 97,000円×10株 ┐ │ │ ┘ の合計額である。 98,500円×20株 100,000円×20株",1
2009-06-19,味の素株式会社,2802,味の素株式会社社員及びカルピス株式会社社員からの情報受領者による内部者取引に対する課徴金納付命令の勧告について（平成21年6月19日）,https://www.fsa.go.jp/sesc/news/c_2009/2009/20090619.html,"平成２１年６月１９日 証券取引等監視委員会 味の素株式会社社員及びカルピス株式会社社員からの情報受領者による内部者取引に対する課徴金納付命令の勧告について １．勧告の内容 証券取引等監視委員会は、味の素株式会社社員（課徴金納付命令対象者 ）及びカルピス株式会社社員からの情報受領者（課徴金納付命令対象者 ）による内部者取引について検査した結果、下記のとおり法令違反の事実が認められたので、本日、内閣総理大臣及び金融庁長官に対して、金融庁設置法第２０条第１項の規定に基づき、課徴金納付命令を発出するよう勧告を行った。 ２．法令違反の事実関係 課徴金納付命令対象者 は、カルピス株式会社と株式交換契約の締結の交渉をしていた味の素株式会社の社員であったが、同社の他の社員が、同契約の締結の交渉に関し知った、カルピス株式会社の業務執行を決定する機関が味の素株式会社との間で株式交換を行うことについての決定をした旨の事実を、その職務に関し知り、この事実が公表された平成１９年６月１１日午後３時００分より前の同日に、カルピス株式会社の株券合計２，０００株を総額２２１万３，０００円で買い付けたものである。 課徴金納付命令対象者 は、カルピス株式会社社員から、同人がその職務に関し知った、カルピス株式会社の業務執行を決定する機関が味の素株式会社との間で株式交換を行うことについての決定をした旨の事実の伝達を受け、この事実が公表された平成１９年６月１１日より前の同月８日に、カルピス株式会社の株券２，０００株を総額２２２万円で買い付けたものである。 上記２名が行った上記の各行為は、金融商品取引法（平成２０年法律第６５号による改正前のもの。以下「旧金融商品取引法」という。）第１７５条第１項に規定する「第百六十六条第一項又は第三項の規定に違反して、自己の計算において同条第一項に規定する売買等をした」行為に該当すると認められる。 ３．課徴金の額の計算 上記の違法行為に対し金融商品取引法に基づき納付を命じられる課徴金の額は、課徴金納付命令対象者 及び課徴金納付命令対象者 のそれぞれについて３９万円である。 計算方法の詳細については、別紙のとおり。 （別紙） ○　課徴金の額の計算方法について 旧金融商品取引法第１７５条第１項に基づき、課徴金の額は、 （重要事実が公表された翌日の終値等）×（買付株数）－（買付価格）×（買付株数） となる。 したがって、重要事実の公表翌日の平成１９年６月１２日のカルピス株式会社の株価の終値は、１，３０６円であることから、課徴金の額は下記の金額となる。 課徴金納付命令対象者 （１，３０６円×２，０００株）－買付価額２，２１３，０００円 （注） ＝３９９，０００円 ⇒課徴金の額は１万円未満を切り捨てるため、 ３９万円 (注) 買付価額は、 ┌ │ └ 1,106円 × 1,000株 ┐ │ ┘ の合計額である。 1,107円 × 1,000株 課徴金納付命令対象者 （１，３０６円×２，０００株）－買付価額２，２２０，０００円（１，１１０円×２，０００株）＝３９２，０００円 ⇒課徴金額は１万円未満を切り捨てるため、 ３９万円",1
2009-06-05,カブドットコム証券株式会社,,カブドットコム証券株式会社社員ほか１名による内部者取引に対する課徴金納付命令の勧告について（平成21年6月5日）,https://www.fsa.go.jp/sesc/news/c_2009/2009/20090605-2.html,"平成２１年６月５日 証券取引等監視委員会 カブドットコム証券株式会社社員ほか１名による内部者取引に対する課徴金納付命令の勧告について １．勧告の内容 証券取引等監視委員会は、カブドットコム証券株式会社社員ほか１名による内部者取引について検査した結果、下記のとおり法令違反の事実が認められたので、本日、内閣総理大臣及び金融庁長官に対して、金融庁設置法第２０条第１項の規定に基づき、課徴金納付命令を発出するよう勧告を行った。 ２．法令違反の事実関係 課徴金納付命令対象者 は、株式会社三菱東京ＵＦＪ銀行と業務・資本提携に関する契約を締結していたカブドットコム証券株式会社の社員であったが、同社の役員が、同契約の履行に関し知った、 (1) 株式会社三菱東京ＵＦＪ銀行の業務執行を決定する機関がカブドットコム証券株式会社株券の公開買付けを行うことを決定した事実を、その職務に関し知り、この事実が公表された平成１９年３月６日より前の同月５日に、自己の計算において、カブドットコム証券株式会社の株券合計２６株を総額５１０万１，０００円で買い付け、 (2) 株式会社三菱東京ＵＦＪ銀行の業務執行を決定する機関がカブドットコム証券株式会社株券の公開買付けを行うことを決定した事実を、その職務に関し知り、この事実が公表された平成１９年１１月１５日より前の同月１４日に、自己の計算において、カブドットコム証券株式会社の株券７．５株を総額１１４万７，５００円で買い付け たものである。 課徴金納付命令対象者 は、課徴金納付命令対象者 から、上記(1)の事実の伝達を受け、この事実が公表された平成１９年３月６日より前の同月５日に、自己の計算において、カブドットコム証券株式会社の株券合計２６株を総額５１０万１，０００円で買い付けたものである。 上記２名が行った上記の各行為は、金融商品取引法（平成２０年法律第６５号による改正前のもの。以下「旧金融商品取引法」という。）第１７５条第２項に規定する「第百六十七条第一項又は第三項の規定に違反して、自己の計算において同条第一項に規定する特定株券等若しくは関連株券等に係る買付け等又は同項に規定する株券等に係る売付け等をした」行為に該当すると認められる。 ３．課徴金の額の計算 上記の違法行為に対し金融商品取引法に基づき納付を命じられる課徴金の額は、課徴金納付命令対象者 については４４万円、課徴金納付命令対象者 については３８万円である。 計算方法の詳細については、別紙のとおり。 （別紙） ○　課徴金の額の計算方法について 旧金融商品取引法第１７５条第２項に基づき、課徴金の額は、 （公開買付けの実施に関する事実が公表された翌日の終値等）×（買付株数）－（買付価格）×（買付株数） となる。 したがって、課徴金の額は下記の金額となる。 課徴金納付命令対象者 (1) 株式会社三菱東京ＵＦＪ銀行によるカブドットコム証券株式会社の株券の公開買付けの実施に関する事実の公表翌日の平成１９年３月７日のカブドットコム証券株式会社の株価の終値は、２１１，０００円であることから、課徴金の額は下記の金額となる。 （２１１，０００円×２６株）－買付価額５，１０１，０００円 （注） ＝３８５，０００円 ⇒課徴金の額は１万円未満を切り捨てるため、 ３８万円 (注) 買付価額は、 ┌ │ │ └ 196,000円×21株 ┐ │ │ ┘ の合計額である。 197,000円× 5株 (2) 株式会社三菱東京ＵＦＪ銀行によるカブドットコム証券株式会社の株券の公開買付けの実施に関する事実の公表翌日の平成１９年１１月１６日のカブドットコム証券株式会社の株価の終値は、１６２，０００円であることから、課徴金の額は下記の金額となる。 （１６２，０００円×７．５株）－買付価額１，１４７，５００円(１５３，０００円×７．５株)＝６７，５００円 ⇒課徴金の額は１万円未満を切り捨てるため、 ６万円 課徴金納付命令対象者 株式会社三菱東京ＵＦＪ銀行によるカブドットコム証券株式会社の株券の公開買付けの実施に関する事実の公表翌日の平成１９年３月７日のカブドットコム証券株式会社の株価の終値は、２１１，０００円であることから、課徴金の額は下記の金額となる。 （２１１，０００円×２６株）－買付価額５，１０１，０００円 （注） ＝３８５，０００円 ⇒課徴金の額は１万円未満を切り捨てるため、 ３８万円 (注) 買付価額は、 ┌ │ │ └ 196,000円×21株 ┐ │ │ ┘ の合計額である。 197,000円× 5株",1
2009-05-22,株式会社アルゴ２１,,株式会社アルゴ２１ほか４社の株券に係る内部者取引に対する課徴金納付命令の勧告について（平成21年5月22日）,https://www.fsa.go.jp/sesc/news/c_2009/2009/20090522.html,平成２１年５月２２日 証券取引等監視委員会 株式会社アルゴ２１ほか４社の株券に係る内部者取引に対する課徴金納付命令の勧告について １．勧告の内容 証券取引等監視委員会は、株式会社アルゴ２１ほか４社の株券に係る内部者取引について検査した結果、下記のとおり法令違反の事実が認められたので、本日、内閣総理大臣及び金融庁長官に対して、金融庁設置法第２０条第１項の規定に基づき、課徴金納付命令を発出するよう勧告を行った。 ２．法令違反の事実関係 課徴金納付命令対象者は、キヤノンマーケティングジャパン株式会社ほか４社との公開買付代理人契約又は公開買付けに係るアドバイザリー契約等の契約締結先の証券会社社員から、同人がその契約の履行若しくは締結の交渉又はその職務に関し知った、キヤノンマーケティングジャパン株式会社ほか４社が、それぞれ株式会社アルゴ２１ほか４社の株券の公開買付けを行うことを決定した事実の伝達を受け、これらの事実が公表されるより以前の平成１９年４月２５日から同年１１月１２日までの間に、株式会社アルゴ２１ほか４社の株券合計７，８００株を総額６８３万３，９００円で買い付けたものである。 課徴金納付命令対象者が行った上記の各行為は、金融商品取引法（平成２０年法律第６５号による改正前のもの。以下「旧金融商品取引法」という。）第１７５条第２項に規定する「第百六十七条第一項又は第三項の規定に違反して、自己の計算において同条第一項に規定する特定株券等若しくは関連株券等に係る買付け等又は同項に規定する株券等に係る売付け等をした」行為に該当すると認められる。 課徴金納付命令対象者が買い付けた株券の銘柄、買付価額等の詳細については、 別紙１ （PDF/59KB） のとおり。 ３．課徴金の額の計算 上記の違法行為に対し金融商品取引法に基づき納付を命じられる課徴金の額は、２５８万円である。 計算方法の詳細については、 別紙２ （PDF/81KB） のとおり。,1
2009-04-17,株式会社ジー・エフ役員,,株式会社ジー・エフ役員による内部者取引に対する課徴金納付命令の勧告について（平成21年4月17日）,https://www.fsa.go.jp/sesc/news/c_2009/2009/20090417.html,"平成２１年４月１７日 証券取引等監視委員会 株式会社ジー・エフ役員による内部者取引に対する課徴金納付命令の勧告について １．勧告の内容 証券取引等監視委員会は、株式会社ジー・エフ役員による内部者取引について検査した結果、下記のとおり法令違反の事実が認められたので、本日、内閣総理大臣及び金融庁長官に対して、金融庁設置法第２０条第１項の規定に基づき、課徴金納付命令を発出するよう勧告を行った。 ２．法令違反の事実関係 課徴金納付命令対象者は、株式会社ジー・エフ（現日本アジアグループ株式会社）の役員であったが、同社が株式の発行を行うことを決定した事実をその職務に関し知り、この事実が公表された平成１９年１２月２１日より前の同年９月１９日から同年１０月３日の間に、株式会社ジー・エフの株券合計１００株を総額３１２万７，１５０円で買い付けたものである。 課徴金納付命令対象者が行った上記の行為は、金融商品取引法（平成２０年法律第６５号による改正前のもの。以下「旧金融商品取引法」という。）第１７５条第１項に規定する「第百六十六条第一項又は第三項の規定に違反して、自己の計算において同条第一項に規定する売買等をした」行為に該当すると認められる。 ３．課徴金の額の計算 上記の違法行為に対し金融商品取引法に基づき納付を命じられる課徴金の額は、１７０万円である。 計算方法の詳細については、別紙のとおり。 （別紙） ○　課徴金の額の計算方法について 旧金融商品取引法第１７５条第１項に基づき、課徴金の額は、 (重要事実が公表された翌日の終値等）×（買付株数)－ (買付価格）×（買付株数) となる。 したがって、重要事実の公表翌日が市場休業日であるため、以後の直近の株式会社ジー・エフの株価である平成１９年１２月２５日の始値は、４８，３００円であることから、課徴金の額は下記の金額となる。 （４８，３００円×１００株）－買付価額３，１２７，１５０円（注）＝１，７０２，８５０円 ⇒課徴金の額は１万円未満を切り捨てるため、 １７０万円 (注) 買付価額は、 ┌ │ │ │ │ │ │ └ 29,200円×30株 30,000円× 5株 ┐ │ │ │ │ │ │ ┘ の合計額である。 30,900円× 1株 31,000円× 4株 31,550円×10株 31,600円× 7株 31,950円× 1株 32,000円×10株 32,800円×12株 33,200円×20株",1
2009-04-22,株式会社栗本鐵工所,,株式会社栗本鐵工所取引先社員による内部者取引に対する課徴金納付命令の勧告について（平成21年4月22日）,https://www.fsa.go.jp/sesc/news/c_2009/2009/20090422.html,"平成２１年４月２２日 証券取引等監視委員会 株式会社栗本鐵工所取引先社員による内部者取引に対する課徴金納付命令の勧告について １．勧告の内容 証券取引等監視委員会は、株式会社栗本鐵工所取引先社員による内部者取引について検査した結果、下記のとおり法令違反の事実が認められたので、本日、内閣総理大臣及び金融庁長官に対して、金融庁設置法第２０条第１項の規定に基づき、課徴金納付命令を発出するよう勧告を行った。 ２．法令違反の事実関係 課徴金納付命令対象者は、株式会社栗本鐵工所取引先の社員であったが、同社の他の社員が、同社と株式会社栗本鐵工所が締結した売買契約の履行に関し知った、株式会社栗本鐵工所が製造、販売する高速道路用ホロースラブパイプについて、強度試験の検査数値の改ざん及び板厚の改ざんが確認された旨の同社の運営、業務又は財産に関する重要な事実であって投資者の投資判断に著しい影響を及ぼす事実を、その職務に関し知り、この事実が公表された平成１９年１１月２１日午後１時３０分より前の同日に、株式会社栗本鐵工所の株券合計１万１，０００株を総額３４５万４，０００円で売り付けたものである。 課徴金納付命令対象者が行った上記の行為は、金融商品取引法（平成２０年法律第６５号による改正前のもの。以下「旧金融商品取引法」という。）第１７５条第１項に規定する「第百六十六条第一項又は第三項の規定に違反して、自己の計算において同条第一項に規定する売買等をした」行為に該当すると認められる。 ３．課徴金の額の計算 上記の違法行為に対し金融商品取引法に基づき納付を命じられる課徴金の額は、１２１万円である。 計算方法の詳細については、別紙のとおり。 （別紙） ○　課徴金の額の計算方法について 旧金融商品取引法第１７５条第１項に基づき、課徴金の額は、 （売付価格）×（売付株数）－（重要事実が公表された翌日の終値等）×（売付株数） となる。 したがって、重要事実の公表翌日である平成１９年１１月２２日の株式会社栗本鐵工所の株価の終値は、２０４円であることから、課徴金の額は下記の金額となる。 売付価額３，４５４，０００円 （注） －（２０４円×１１，０００株）＝１，２１０，０００円 (注) 売付価額は、 ┌ │ │ │ └ 316円×3,000株 ┐ │ │ │ ┘ の合計額である。 314円×2,000株 313円×6,000株",1
2009-03-26,株式会社キャビン,,株式会社キャビン役員からの情報受領者による内部者取引に対する課徴金納付命令の勧告について（平成21年3月26日）,https://www.fsa.go.jp/sesc/news/c_2009/2009/20090326.html,"株式会社キャビン役員からの情報受領者による内部者取引に対する課徴金納付命令の勧告について 平成２１年３月２６日 証券取引等監視委員会 １．勧告の内容 証券取引等監視委員会は、株式会社キャビン役員からの情報受領者による内部者取引について検査した結果、下記のとおり法令違反の事実が認められたので、本日、内閣総理大臣及び金融庁長官に対して、金融庁設置法第２０条第１項の規定に基づき、課徴金納付命令を発出するよう勧告を行った。 ２．法令違反の事実関係 課徴金納付命令対象者は、 (1)　株式会社キャビンの役員から、同人がその職務に関し知った、株式会社キャビンの業務執行を決定する機関が大和証券エスエムビーシープリンシパル・インベストメンツ株式会社との業務上の提携の解消を行うことについての決定をした旨の事実の伝達を受け、この事実が公表された平成１８年４月１９日午後３時１分より前の同年３月２９日から同年４月１９日までの間に、株式会社キャビンの株券合計４万株を総額１，９００万３，０００円で買い付け、 (2)　株式会社ファーストリテイリングと業務提携契約を締結していた株式会社キャビンの役員から、同人が同契約の履行に関し知った、株式会社ファーストリテイリングの業務執行を決定する機関が株式会社キャビンの株券の公開買付けを行うことについての決定をした旨の公開買付けの実施に関する事実の伝達を受け、この事実が公表された平成１９年７月２３日より前の同年６月１１日から同年７月１９日までの間に、株式会社キャビンの株券合計７万２，０００株を総額３，８２８万３，０００円で買い付け たものである。 課徴金納付命令対象者が行った上記の各行為は、金融商品取引法（平成２０年法律第６５号による改正前のもの。以下「旧金融商品取引法」という。）第１７５条第１項に規定する「第百六十六条第一項又は第三項の規定に違反して、自己の計算において同条第一項に規定する売買等をした」行為又は第１７５条第２項に規定する「第百六十七条第一項又は第三項の規定に違反して、自己の計算において同条第一項に規定する特定株券等若しくは関連株券等に係る買付け等又は同項に規定する株券等に係る売付け等をした」行為に該当すると認められる。 ３．課徴金の額の計算 上記の違法行為に対し金融商品取引法に基づき納付を命じられる課徴金の額は、１，８６０万円である。 計算方法の詳細については、別紙のとおり。 （別紙） ○　課徴金の額の計算方法について 旧金融商品取引法第１７５条第１項又は第２項に基づき、課徴金の額は、 (重要事実が公表された翌日の終値等)×(買付株数) －(買付価格)×(買付株数) 又は (公開買付けの実施に関する事実が公表された翌日の終値等)×(買付株数) －(買付価格)×(買付株数) となる。 したがって、課徴金の額は下記(1)及び(2)の合計額の１，８６０万円となる。 (1)　業務上の提携の解消に関する事実の公表翌日である平成１８年４月２０日の株式会社キャビンの株価の終値は、６２３円であることから、課徴金の額は下記の金額となる。 (６２３円×４０，０００株) －買付価額１９，００３，０００円 （注） ＝５，９１７，０００円 ⇒課徴金の額は１万円未満を切り捨てるため、 ５９１万円 (注) 買付価額は、 ┌ │ │ │ │ │ └ 443円×11,000株 445円×4,000株 ┐ │ │ │ │ │ ┘ の合計額である。 446円× 1,000株 447円×9,000株 517円× 1,000株 518円×7,000株 519円× 2,000株 540円×5,000株 (2)　公開買付けの実施に関する事実の公表翌日である平成１９年７月２４日の株式会社キャビンの株価の終値は、７０８円であることから、課徴金の額は下記の金額となる。 (７０８円×７２，０００株) －買付価額３８，２８３，０００円 （注） ＝１２，６９３，０００円 ⇒課徴金の額は１万円未満を切り捨てるため、 １，２６９万円 (注) 買付価額は、 ┌ │ │ │ │ │ │ │ │ │ │ │ └ 517円×10,000株 518円× 5,000株 ┐ │ │ │ │ │ │ │ │ │ │ │ ┘ の合計額である。 519円× 2,000株 520円× 3,000株 522円× 1,000株 525円×16,000株 526円× 1,000株 527円× 1,000株 528円×10,000株 529円× 2,000株 535円× 6,000株 552円× 5,000株 554円× 3,000株 555円× 2,000株 574円× 5,000株",1
2009-03-12,パイオニア株式会社,,パイオニア株式会社監査役による内部者取引に対する課徴金納付命令の勧告について（平成21年3月12日）,https://www.fsa.go.jp/sesc/news/c_2009/2009/20090312.html,"パイオニア株式会社監査役による内部者取引に対する課徴金納付命令の勧告について 平成２１年３月１２日 証券取引等監視委員会 １．勧告の内容 証券取引等監視委員会は、パイオニア株式会社監査役による内部者取引について検査した結果、下記のとおり法令違反の事実が認められたので、本日、内閣総理大臣及び金融庁長官に対して、金融庁設置法第２０条第１項の規定に基づき、課徴金納付命令を発出するよう勧告を行った。 ２．法令違反の事実関係 課徴金納付命令対象者は、パイオニア株式会社の監査役であったが、パイオニア株式会社が東北パイオニア株式会社の株券の公開買付けを行うことについての決定をした事実を、その職務に関して知り、この事実が公表される平成１９年５月１５日より以前の同年４月２７日から同年５月１４日までの間に、株券合計３，２００株を総額５５９万８，０００円で買い付けたものである。 課徴金納付命令対象者が行った上記の行為は、金融商品取引法（平成２０年法律第６５号による改正前のもの。以下「旧金融商品取引法」という。）第１７５条第２項に規定する「第百六十七条第一項又は第三項の規定に違反して、自己の計算において同条第一項に規定する特定株券等若しくは関連株券等に係る買付け等又は同項に規定する株券等に係る売付け等をした」行為に該当すると認められる。 ３．課徴金の額の計算 上記の違法行為に対し金融商品取引法に基づき納付を命じられる課徴金の額は、１４４万円である。 計算方法の詳細については、別紙のとおり。 （別紙） ○　課徴金の額の計算方法について 旧金融商品取引法第１７５条第２項に基づき、課徴金の額は、 (公開買付けの実施に関する事実が公表された翌日の終値等) × (買付株数) － (買付価格) × (買付株数) となる。 したがって、公開買付けの実施に関する事実の公表翌日である平成１９年５月１６日の東北パイオニア株式会社の株価の終値は、２，２００円であることから、課徴金の額は下記の金額となる。 （２，２００円×３，２００株） －買付価額５，５９８，０００円 （注） ＝１，４４２，０００円 ⇒課徴金の額は１万円未満を切り捨てるため、 １４４万円 (注) 買付価額は、 ┌ │ │ │ │ │ └ 1,700円×700株 1,732円×500株 ┐ │ │ │ │ │ ┘ の合計額である。 1,735円×300株 1,752円×100株 1,753円×200株 1,759円×500株 1,793円×400株 1,798円×500株",1
2009-02-10,アルテック株式会社,9972,アルテック株式会社子会社社員による内部者取引に対する課徴金納付命令の勧告について（平成21年2月10日）,https://www.fsa.go.jp/sesc/news/c_2009/2009/20090210.html,"アルテック株式会社子会社社員による内部者取引に対する課徴金納付命令の勧告について 平成２１年２月１０日 証券取引等監視委員会 １．勧告の内容 証券取引等監視委員会は、アルテック株式会社子会社社員による内部者取引について検査した結果、下記のとおり法令違反の事実が認められたので、本日、内閣総理大臣及び金融庁長官に対して、金融庁設置法第２０条第１項の規定に基づき、課徴金納付命令を発出するよう勧告を行った。 ２．法令違反の事実関係 課徴金納付命令対象者は、アルテック株式会社の子会社社員であったが、アルテック株式会社が平成１９年１１月期の連結業績予想を上方修正する事実を、その職務に関し知り、この事実が公表される平成２０年１月２１日午後１１時４分より以前の同月９日から同月２１日までの間に、アルテック株式会社の株券合計１万４，９００株を総額３６８万１，４００円で買い付けたものである。 同人が行った上記の行為は、金融商品取引法（平成２０年法律第６５号による改正前のもの。以下「旧金融商品取引法」という。）第１７５条第１項に規定する「第百六十六条第一項又は第三項の規定に違反して、自己の計算において同条第一項に規定する売買等をした」行為に該当すると認められる。 ３．課徴金の額の計算 上記の違法行為に対し金融商品取引法に基づき納付を命じられる課徴金の額は、５５万円である。 計算方法の詳細については、別紙のとおり。 （別紙） ○　課徴金の額の計算方法について 旧金融商品取引法第１７５条第１項に基づき、課徴金の額は、 （重要事実が公表された翌日の終値等）×（買付株数） －（買付価格）×（買付株数） となる。 したがって、重要事実の公表翌日の平成２０年１月２２日のアルテック株式会社の株価の終値は、２８４円であることから、課徴金の額は下記の金額となる。 （２８４円×１４，９００株） －買付価額３，６８１，４００円 （注） ＝５５０，２００円 ⇒課徴金の額は１万円未満を切り捨てるため、 ５５万円 (注) 買付価額は、 ┌ │ │ │ │ │ │ │ │ │ │ │ │ │ │ │ │ │ │ │ │ └ 227円×  600株 228円×  100株 ┐ │ │ │ │ │ │ │ │ │ │ │ │ │ │ │ │ │ │ │ │ ┘ の合計額である。 230円×1,200株 231円×  500株 232円×1,000株 233円×  400株 234円×  900株 237円×1,500株 243円×  100株 247円×  500株 248円×1,000株 252円×  500株 253円×  100株 254円×  500株 255円×  500株 256円×  600株 257円×2,400株 260円×  500株 262円×  200株 264円×  800株 267円×  200株 268円×  100株 270円×  100株 272円×  200株 275円×  100株 281円×  100株 284円×  200株",1
2010-12-07,株式会社西友株券,,株式会社西友株券の公開買付けに係る内部者取引事件の告発について（平成22年12月7日）,https://www.fsa.go.jp/sesc/news/c_2010/2010/20101207-1.html,平成２２年１２月７日 証券取引等監視委員会 株式会社西友株券の公開買付けに係る内部者取引事件の告発について 証券取引等監視委員会は、平成22年12月7日、証券取引法違反（インサイダー取引）の嫌疑で、下記の犯則嫌疑法人及び犯則嫌疑者を東京地方検察庁検察官に告発した。 １．告発の対象となった犯則事実 犯則嫌疑法人有限会社東京ファッション・インスティテュートは、ファッション及びその流通に関する国際情報の蒐集及び提供等を目的とし、株式会社として存続する会社、犯則嫌疑者は、犯則嫌疑法人の代表取締役であるが、犯則嫌疑者は、ワイオミング・ホールディング・ジーエムビーエイチ（以下「ワイオミング」という。）と資本提携に関する基本契約を締結していた株式会社西友の取締役から、平成19年10月1日ころ及び同月4日ころ、同人が同契約の履行に関し知った、ワイオミングの業務執行を決定する機関が西友の株券の公開買付けを行うことについての決定をした旨の公開買付けの実施に関する事実の伝達を受け、法定の除外事由がないのに、同事実の公表前である １　同月2日から同月19日までの間、犯則嫌疑法人の業務及び財産に関し、証券会社を介し、犯則嫌疑法人名義で西友の株券合計19万9000株を代金合計1734万7000円で買い付けた ２　同月16日及び同月17日、証券会社を介し、犯則嫌疑者名義で西友の株券合計6万9000株を代金合計602万4000円で買い付けた ものである。 ２．関連条文 平成18年法律第65号第3条による改正前の証券取引法第197条の2第13号、第167条第3項、事実1の犯則嫌疑法人につき更に第207条第1項第2号 法定刑： 個人　5年以下の懲役若しくは500万円以下の罰金、又は併科 法人　5億円以下の罰金,1
2010-11-26,ＳＢＩフューチャーズ株式会社,,ＳＢＩフューチャーズ株式に係る株式交換比率算定補助業務従事者からの情報受領者による内部者取引に対する課徴金納付命令の勧告について（平成22年11月26日）,https://www.fsa.go.jp/sesc/news/c_2010/2010/20101126-1.html,"平成２２年１１月２６日 証券取引等監視委員会 ＳＢＩフューチャーズ株式に係る株式交換比率算定補助業務従事者からの情報受領者による内部者取引に対する課徴金納付命令の勧告について １．勧告の内容 証券取引等監視委員会は、ＳＢＩフューチャーズ株式に係る株式交換比率算定補助業務従事者からの情報受領者による内部者取引について検査した結果、下記のとおり法令違反の事実が認められたので、本日、内閣総理大臣及び金融庁長官に対して、金融庁設置法第２０条第１項の規定に基づき、課徴金納付命令を発出するよう勧告を行った。 ２．法令違反の事実関係 課徴金納付命令対象者(1)、(2)は、ＳＢＩフューチャーズ株式会社（以下「ＳＢＩフューチャーズ」という。）と株式交換比率算定に係る業務委託契約の締結の交渉をしていた会社の社員から、同人が同契約の締結の交渉に関し知った、ＳＢＩフューチャーズがＳＢＩホールディングス株式会社と株式交換を行うことを決定した事実の伝達を受けながら、この事実が公表された平成２１年４月２７日より前の、 ●同月２０日から同月２４日までの間、ＳＢＩフューチャーズの株式合計１８株を、自己の計算において、買付価額４４万９３００円で買い付け、（課徴金納付命令対象者(1)） ●同月２１日から同月２４日までの間、ＳＢＩフューチャーズの株式合計６株を、自己の計算において、買付価額１４万８０２０円で買い付け（課徴金納付命令対象者(2)） たものである。 上記２名が行った上記の行為は、金融商品取引法第１７５条第１項に規定する「第１６６条・・・第３項の規定に違反して、同条第１項に規定する売買等をした」行為に該当すると認められる。 ３．課徴金の額の計算 上記の違法行為に対し、金融商品取引法に基づき納付を命じられる課徴金の額は、下記のとおりである。 課徴金納付命令対象者(1)　３１万円 課徴金納付命令対象者(2)　１０万円 計算方法の詳細については、別紙のとおり。 （別紙） ○　課徴金の額の計算方法について 金融商品取引法第１７５条第１項に基づき、課徴金の額は、 （重要事実が公表された後２週間における最も高い価格）×（買付株数） －（買付価格）×（買付株数） となる。 したがって、重要事実の公表後２週間におけるＳＢＩフューチャーズの最も高い株価は、平成２１年５月１１日の４２，５５０円であることから、課徴金の額は下記の金額となる。 課徴金納付命令対象者(1) （４２，５５０円×１８株）－買付価額４４９，３００円（注１） ＝３１６，６００円 ⇒課徴金の額は１万円未満を切り捨てるため、 ３１万円 （注１）買付価額は、24,500円×3株、25,000円×11株、25,200円×4株の合計額である。 課徴金納付命令対象者(2) （４２，５５０円×６株）－買付価額１４８，０２０円（注２） ＝１０７，２８０円 ⇒課徴金の額は１万円未満を切り捨てるため、 １０万円 （注１）買付価額は、24,000円×1株、24,510円×2株、25,000円×3株の合計額である。",1
2010-11-16,,,東陽監査法人に所属する公認会計士による内部者取引に対する課徴金納付命令の勧告について（平成22年11月16日）,https://www.fsa.go.jp/sesc/news/c_2010/2010/20101116-1.html,"平成２２年１１月１６日 証券取引等監視委員会 東陽監査法人に所属する公認会計士による内部者取引に対する課徴金納付命令の勧告について １．勧告の内容 証券取引等監視委員会は、東陽監査法人に所属する公認会計士による内部者取引について検査した結果、下記のとおり法令違反の事実が認められたので、本日、内閣総理大臣及び金融庁長官に対して、金融庁設置法第２０条第１項の規定に基づき、課徴金納付命令を発出するよう勧告を行った。 ２．法令違反の事実関係 課徴金納付命令対象者は、東陽監査法人に所属する公認会計士であったが、株式会社幸進（以下「幸進」という。）の設立業務に従事していた者が職務に関し知り、その後、同者から、東陽監査法人に所属する課徴金納付命令対象者とは別の公認会計士が職務上伝達を受けた、幸進が株式会社リオチェーンホールディングス（以下「リオチェーンＨＤ」という。）の株式の公開買付けを行うことを決定した事実を、その職務に関し知りながら、この事実が公表された平成２１年７月２８日より前の同月６日から同月９日までの間に、自己の計算において、リオチェーンＨＤの株式合計１万２１００株を買付価額４５８万９７００円で買い付けたものである。 課徴金納付命令対象者が行った上記の行為は、金融商品取引法第１７５条第２項に規定する「第１６７条第１項又は第３項の規定に違反して、同条第１項に規定する特定株券等若しくは関連株券等に係る買付け等又は同項に規定する株券等に係る売付け等をした」行為に該当すると認められる。 ３．課徴金の額の計算 上記の違法行為に対し、金融商品取引法に基づき納付を命じられる課徴金の額は、１１８万円である。 計算方法の詳細については、別紙のとおり。 （別紙） ○　課徴金の額の計算方法について 金融商品取引法第１７５条第２項に基づき、課徴金の額は、 （公開買付けの実施に関する事実が公表された後２週間における最も高い価格）×（買付株数） － （買付価格）×（買付株数） となる。 したがって、公開買付けの実施に関する事実の公表後２週間におけるリオチェーンＨＤの最も高い株価は、平成２１年７月２９日の４７７円であることから、課徴金の額は下記の金額となる。 （４７７円×１２，１００株） － 買付価額４，５８９，７００円（注）＝１，１８２，０００円 ⇒課徴金の額は１万円未満を切り捨てるため、 １１８万円 （注）買付価額は、 ┌ │ │ │ │ │ │ │ │ └ 372円×2,000株 373円× 100株 ┐ │ │ │ │ │ │ │ │ ┘ の合計額である。 376円×2,700株 377円× 100株 379円× 100株 380円×2,300株 383円×2,100株 384円× 200株 385円×2,500株",1
2010-10-22,株式会社アルファクス・フード・システム,,株式会社アルファクス・フード・システム役員からの情報受領者による内部者取引に対する課徴金納付命令の勧告について（平成22年10月22日）,https://www.fsa.go.jp/sesc/news/c_2010/2010/20101022-1.html,"平成２２年１０月２２日 証券取引等監視委員会 株式会社アルファクス・フード・システム役員からの情報受領者による内部者取引に対する課徴金納付命令の勧告について １．勧告の内容 証券取引等監視委員会は、株式会社アルファクス・フード・システム役員からの情報受領者による内部者取引について検査した結果、下記のとおり法令違反の事実が認められたので、本日、内閣総理大臣及び金融庁長官に対して、金融庁設置法第２０条第１項の規定に基づき、課徴金納付命令を発出するよう勧告を行った。 ２．法令違反の事実関係 課徴金納付命令対象者は、株式会社アルファクス・フード・システム（以下「アルファクスフード」という。）の役員から、同人がその職務に関し知った、アルファクスフードが自己の株式の取得を行うことを決定した事実の伝達を受けながら、この事実が公表された平成２１年８月２４日午後４時３０分ころより前の同年７月２２日午後２時３６分ころから同年８月２４日午後３時２分ころまでの間に、当該課徴金納付命令対象者の親族の計算において、アルファクスフードの株式合計８４株を買付価額５８８万７６００円で買い付けたものである。 課徴金納付命令対象者が行った上記の行為は、金融商品取引法第１７５条第１０項の規定により、同条第１項に規定する「第１６６条・・・第３項の規定に違反して、同条第１項に規定する売買等をした」行為に該当すると認められる。 ３．課徴金の額の計算 上記の違法行為に対し、金融商品取引法に基づき納付を命じられる課徴金の額は、７３万円である。 計算方法の詳細については、別紙のとおり。 アルファクスフード事案の特色（平成22年11月17日） （別紙） ○　課徴金の額の計算方法について 金融商品取引法第１７５条第１項に基づき、課徴金の額は、 （重要事実が公表された後２週間における最も高い価格）×（買付株数） －（買付価格）×（買付株数） となる。 したがって、重要事実の公表後２週間におけるアルファクスフードの最も高い株価は、平成２１年８月３１日の７８，８００円であることから、課徴金の額は下記の金額となる。 （７８，８００円×８４株） －買付価額５，８８７，６００円（注）＝７３１，６００円 ⇒課徴金の額は１万円未満を切り捨てるため、 ７３万円 （注）買付価額は、 ┌ │ │ │ │ │ │ │ │ │ │ │ │ │ │ │ │ │ │ │ │ └ 68,000円×10株 68,500円× 4株 ┐ │ │ │ │ │ │ │ │ │ │ │ │ │ │ │ │ │ │ │ │ ┘ の合計額である。 68,700円× 4株 68,800円× 1株 68,900円× 8株 69,000円× 6株 69,200円× 1株 69,300円× 1株 69,500円× 9株 69,600円× 1株 69,700円× 1株 69,900円× 8株 70,000円×10株 70,200円× 1株 70,700円× 2株 70,800円× 1株 71,000円× 1株 71,700円× 1株 71,900円× 1株 72,000円× 1株 72,800円× 1株 73,000円× 1株 73,900円× 1株 74,000円× 4株 74,900円× 1株 75,000円× 2株 76,300円× 1株 76,400円× 1株",1
2010-09-28,マルコ株式会社,,マルコ株式会社との契約締結者からの情報受領者による内部者取引に対する課徴金納付命令の勧告について（平成22年９月28日）,https://www.fsa.go.jp/sesc/news/c_2010/2010/20100928-1.html,"平成２２年９月２８日 証券取引等監視委員会 マルコ株式会社との契約締結者からの情報受領者による内部者取引に対する課徴金納付命令の勧告について １．勧告の内容 証券取引等監視委員会は、マルコ株式会社との契約締結者からの情報受領者による内部者取引について検査した結果、下記のとおり法令違反の事実が認められたので、本日、内閣総理大臣及び金融庁長官に対して、金融庁設置法第２０条第１項の規定に基づき、課徴金納付命令を発出するよう勧告を行った。 ２．法令違反の事実関係 課徴金納付命令対象者は、マルコ株式会社（以下「マルコ」という。）と業務提供サービス基本契約を締結している会社の役員から、同人が同契約の履行に関し知った、マルコが伊藤忠商事株式会社と業務上の提携を行うことを決定した事実の伝達を受け、この事実が公表された平成２１年４月２０日午後３時３０分ころより前の同日午前９時ころから午後３時ころまでの間に、自己の計算において、マルコの株式合計９万３０００株を買付価額１０５０万９００円で買い付けたものである。 課徴金納付命令対象者が行った上記の行為は、金融商品取引法第１７５条第１項に規定する「第１６６条・・・第３項の規定に違反して、同条第１項に規定する売買等をした」行為に該当すると認められる。 ３．課徴金の額の計算 上記の違法行為に対し、金融商品取引法に基づき納付を命じられる課徴金の額は、７５４万円である。 計算方法の詳細については、別紙のとおり。 （別紙） ○　課徴金の額の計算方法について 金融商品取引法第１７５条第１項に基づき、課徴金の額は、 （重要事実が公表された後２週間における最も高い価格）×（買付株数） －（買付価格）×（買付株数） となる。 したがって、重要事実の公表後２週間におけるマルコの最も高い株価は、平成２１年４月２２日の１９４円であることから、課徴金の額は下記の金額となる。 （１９４円×９３，０００株） －買付価額１０，５００，９００円（注）＝７，５４１，１００円 ⇒課徴金の額は１万円未満を切り捨てるため、 ７５４万円 （注）買付価額は、 ┌ │ │ │ │ │ │ │ │ └ 106円× 1,300株 107円× 100株 ┐ │ │ │ │ │ │ │ │ ┘ の合計額である。 108円× 1,300株 109円×4,400株 110円× 7,000株 111円×9,300株 112円× 1,600株 113円×1,100株 114円×66,900株 （参考条文） 金融商品取引法 （会社関係者に対する禁止行為等に違反した者に対する課徴金納付命令） 第百七十五条 第百六十六条 第一項又は 第三項の規定に違反して、同条第一項に規定する売買等をした者があるときは、内閣総理大臣は、 次節に定める手続に従い、 その者に対し、次の各号に掲げる場合の区分に応じ、当該各号に定める額 （次の各号のうち二以上の号に掲げる場合に該当するときは、当該二以上の号に定める額の合計額） に相当する額の課徴金を国庫に納付することを命じなければならない。 一　（略） 二 第百六十六条 第一項又は 第三項の規定に違反して、自己の計算において有価証券の買付け等 （同条第一項に規定する業務等に関する重要事実の公表がされた日以前六月以内に行われたもの（当該公表がされた日については、当該公表がされた後に行われたものを除く。）に限る。以下この号において同じ。） をした場合　次のイに掲げる額から次のロに掲げる額を控除した額 イ　当該有価証券の買付け等について 業務等に関する重要事実の公表がされた後二週間における最も高い価格に当該有価証券の買付け等の数量を乗じて得た額 ロ　当該有価証券の買付け等について 当該有価証券の買付け等をした価格にその数量を乗じて得た額 三　（略） ２～５　（略） ６ 第一項第二号イの「業務等に関する重要事実の公表がされた後二週間における最も高い価格」とは、第百六十六条第一項に規定する業務等に関する重要事実の公表がされた時から二週間を経過するまでの間の各日における第六十七条の十九又は第百三十条に規定する最高の価格 （当該価格がない場合は、これに相当するものとして内閣府令で定めるものをいい、当該重要事実の公表がされた日にあつては、内閣府令で定める額とする。） のうち最も高い価格をいう。 ７～１２　（略） （課徴金の額の端数計算等） 第百七十六条　（略） ２ 第百七十二条から前条までの規定により計算した課徴金の額に一万円未満の端数があるときは、その端数は、切り捨てる。 ３・４　（略） （会社関係者の禁止行為） 第百六十六条 次の各号に掲げる者（以下この条において「会社関係者」という。）であつて、上場会社等に係る業務等に関する重要事実（当該上場会社等の子会社に係る会社関係者（当該上場会社等に係る会社関係者に該当する者を除く。）については、当該子会社の業務等に関する重要事実であつて、次項第五号から第八号までに規定するものに限る。以下同じ。）を当該各号に定めるところにより知つたものは、当該業務等に関する重要事実の公表がされた後でなければ、当該上場会社等の特定有価証券等に係る売買その他の有償の譲渡若しくは譲受け又はデリバティブ取引（以下この条において「売買等」という。）をしてはならない。当該上場会社等に係る業務等に関する重要事実を次の各号に定めるところにより知つた会社関係者であつて、当該各号に掲げる会社関係者でなくなつた後一年以内のものについても、同様とする。 一～三　（略） 四　当該上場会社等と契約を締結している者又は締結の交渉をしている者（その者が法人であるときはその役員等を、その者が法人以外の者であるときはその代理人又は使用人を含む。）であつて、当該上場会社等の役員等以外のもの　当該契約の締結若しくはその交渉又は履行に関し知つたとき。 五　（略） ２ 前項に規定する業務等に関する重要事実とは、次に掲げる事実 （第一号、第二号、第五号及び第六号に掲げる事実にあつては、投資者の投資判断に及ぼす影響が軽微なものとして内閣府令で定める基準に該当するものを除く。） をいう。 一　当該上場会社等の業務執行を決定する機関が次に掲げる事項を行うことについての決定をしたこと又は当該機関が当該決定（公表がされたものに限る。）に係る事項を行わないことを決定したこと。 イ～カ　（略） ヨ 業務上の提携 その他のイからカまでに掲げる事項に準ずる事項として政令で定める事項 二～八　（略） ３ 会社関係者 （第一項後段に規定する者を含む。以下この項において同じ。） から当該会社関係者が第一項各号に定めるところにより知つた同項に規定する業務等に関する重要事実の伝達を受けた者 （同項各号に掲げる者であつて、当該各号に定めるところにより当該業務等に関する重要事実を知つたものを除く。）又は職務上当該伝達を受けた者が所属する法人の他の役員等であつて、その者の職務に関し当該業務等に関する重要事実を知つたもの は、当該業務等に関する重要事実の公表がされた後でなければ、当該上場会社等の特定有価証券等に係る売買等をしてはならない。 ４～６　（略） 金融商品取引法施行令 （上場会社等の業務執行を決定する機関の決定に係る重要事実） 第二十八条 法第百六十六条第二項第一号ヨに規定する政令で定める事項は、次に掲げるものとする。 一 業務上の提携 又は業務上の提携の解消 二～十一　（略）",1
2010-08-27,ジェイオーグループホールディングス株式会社,,ジェイオーグループホールディングス株式会社との契約締結者らによる内部者取引に対する課徴金納付命令の勧告について（平成22年8月27日),https://www.fsa.go.jp/sesc/news/c_2010/2010/20100827-1.html,"平成２２年８月27日 証券取引等監視委員会 ジェイオーグループホールディングス株式会社との契約締結者らによる内部者取引に対する課徴金納付命令の勧告について １．勧告の内容 証券取引等監視委員会は、ジェイオーグループホールディングス株式会社との契約締結者らによる内部者取引について検査した結果、下記のとおり法令違反の事実が認められたので、本日、内閣総理大臣及び金融庁長官に対して、金融庁設置法第２０条第１項の規定に基づき、課徴金納付命令を発出するよう勧告を行った。 ２．法令違反の事実関係 （１）課徴金納付命令対象者[１]、[２]について 課徴金納付命令対象者[１]、[２]は、ジェイオーグループホールディングス株式会社（以下「ＪＯＧ社」という。）が平成２１年１月２３日に公表した無担保転換社債型新株予約権付社債（以下「本件ＣＢ」という。）の発行による第三者割当増資（払込予定額３億円）（以下「本件増資」という。）について、その実質的出資者として、ＪＯＧ社との間で本件ＣＢに関する総額引受契約の締結の交渉をしていた者であるが、同契約の締結の交渉に関し、ＪＯＧ社の業務執行を決定する機関が、同社の第三者割当による募集新株予約権を引き受ける者の募集を行うことを決定した事実（重要事実第１）を知りながら、この事実が公表された平成２１年１月２３日午後６時ころより前の、 平成２０年１０月２１日から平成２１年１月２３日午後零時４５分ころまでの間、ＪＯＧ社の株式合計１万４０００株を、自己の計算において買付価額７９万円で買い付けたほか、平成２１年１月２２日に、ＪＯＧ社の株式合計３０００株を、自己の計算において売付価額２４万９０００円で売り付け、（課徴金納付命令対象者[１]） 平成２１年１月２０日に、ＪＯＧ社の株式合計７万株を、自己の計算において買付価額４０９万７６００円で買い付け（課徴金納付命令対象者[２]） たものである。 （２）課徴金納付命令対象者[３]、[４]について 課徴金納付命令対象者[３]、[４]は、本件増資について、その実質的出資者として、ＪＯＧ社との間で本件ＣＢに関する総額引受契約を締結した者であるが、同契約の履行に関し、本件ＣＢの払込期日に払込予定額３億円が払い込まれず、本件ＣＢが失権となる蓋然性が高まり、ＪＯＧ社として、かねてより会計監査人から指摘を受けていた継続企業の前提に関する重要な疑義を解消するための財務基盤を充実させるのに必要な資金等を確保するのが著しく困難となった旨のＪＯＧ社の運営、業務又は財産に関する重要な事実であって投資者の投資判断に著しい影響を及ぼす事実（重要事実第２）を知りながら、この事実が公表された平成２１年２月２０日午後１０時５６分ころより前の、 平成２１年２月２０日午後２時５７分ころから同日午後３時７分ころまでの間、ＪＯＧ社の株式合計２１万６５００株を、自己の計算において売付価額７５８万６６００円で売り付け、（課徴金納付命令対象者[３]） 平成２１年２月１９日に、ＪＯＧ社の株式合計３万４００株を、自己の計算において売付価額１１２万４８００円で売り付け（課徴金納付命令対象者[４]） たものである。 （３）課徴金納付命令対象者[５]について 課徴金納付命令対象者[５]は、 ア　本件増資について、ＪＯＧ社との間で本件ＣＢに関する総額引受契約の締結の交渉をしていた実質的出資者の代理人から、同人が同契約の締結の交渉に関し知った、重要事実第１の伝達を受けながら、この事実が公表された平成２１年１月２３日午後６時ころより前の同日午後１時１０分ころから午後２時５２分ころまでの間、ＪＯＧ社の株式合計１６万株を、自己の計算において買付価額９６８万４７００円で買い付け イ　本件増資について、ＪＯＧ社との間で本件ＣＢに関する総額引受契約を締結した実質的出資者の代理人から、同人が同契約の履行に関し知った、重要事実第２の伝達を受けながら、この事実が公表された平成２１年２月２０日午後１０時５６分ころより前の同日午後零時４７分ころから午後２時５６分ころまでの間、ＪＯＧ社の株式合計１６万株を、自己の計算において売付価額６５５万１９００円で売り付け たものである。 上記５名が行った上記の行為は、金融商品取引法第１７５条第１項及び金融商品取引法（平成２０年法律第６５号による改正前のもの。以下「旧金融商品取引法」という。）第１７５条第１項に規定する「第１６６条第１項又は第３項の規定に違反して、自己の計算において同条第１項に規定する売買等をした」行為に該当すると認められる。 ３．課徴金の額の計算 上記の違法行為に対し、金融商品取引法又は旧金融商品取引法に基づき納付を命じられる課徴金額は下記のとおり。 課徴金納付命令対象者[１] ４６万円 課徴金納付命令対象者[２] ２３４万円 課徴金納付命令対象者[３] ５２０万円 課徴金納付命令対象者[４] ７９万円 課徴金納付命令対象者[５] ９８２万円 計算方法の詳細については、別紙のとおり。 （別紙） ○　課徴金の額の計算方法について 金融商品取引法第１７５条第１項に基づき、課徴金の額は、 （重要事実が公表された後２週間における最も高い価格）×（買付株数）－（買付価格）×（買付株数） 及び、 （売付価額）×（売付株数）－（重要事実が公表された後２週間における最も低い価格）×（売付株数） となる。 （注）金融商品取引法の施行日である平成２０年１２月１２日よりも前に行われた売買については、旧金融商品取引法第１７５条第１項に基づき、課徴金の額は、 （重要事実が公表された翌日の終値等）×（買付株数）－（買付価額）×（買付株数） 及び （売付価額）×（売付株数）－（重要事実が公表された翌日の終値等）×（売付株数） となる。 したがって、ＪＯＧ社の株価について、重要事実第１に関して、 公表後２週間における最も高い価格は、９２円（平成２１年２月３日） 公表後２週間における最も低い価格は、５５円（平成２１年１月２６日） また、ＪＯＧ社の株価について、重要事実第２に関して、 公表後２週間における最も低い価格は、１１円（平成２１年３月２日） また、重要事実第１の公表日（平成２１年１月２３日）の翌日が市場休業日であるため、以後直近のＪＯＧ社の株価である平成２１年１月２６日の始値は、５５円であることから、課徴金の額は下記の金額となる。 課徴金納付命令対象者[１] 金融商品取引法の施行日である平成２０年１２月１２日以降に行われた売買について （９２円×１１，０００株）－ 買付価額６２７，０００円（注１）＝３８５，０００円 売付価額２４９，０００円（８３円×３，０００株）－（５５円×３，０００株）＝８４，０００円 ３８５，０００円＋８４，０００円＝４６９，０００円 ⇒課徴金の額は１万円未満を切り捨てるため、 ４６万円 金融商品取引法の施行日である平成２０年１２月１２日よりも前に行われた買付けについて （５５円×３，０００株）－ 買付価額１６３，０００円（注２）＝２，０００円 ⇒課徴金の額は１万円未満であるため、 ０円 （注１）買付価額は、 ┌ │ │ └ 45円×1,000株 56円×2,000株 ┐ │ │ ┘ の合計額である。 58円×5,000株 60円×3,000株 （注２）買付価額は、 ┌ │ │ └ 45円×1,000株 55円×1,000株 ┐ │ │ ┘ の合計額である。 63円×1,000株 課徴金納付命令対象者[２] （９２円×７０，０００株）－ 買付価額４，０９７，６００円（注３）＝２，３４２，４００円 ⇒課徴金の額は１万円未満を切り捨てるため、 ２３４万円 （注３）買付価額は、 ┌ │ │ └ 57円×30,000株 59円×20,000株 ┐ │ │ ┘ の合計額である。 60円×12,400株 61円× 7,600株 課徴金納付命令対象者[３] 売付価額７，５８６，６００円（注４）－（１１円×２１６，５００株）＝５，２０５，１００円 ⇒課徴金の額は１万円未満を切り捨てるため、 ５２０万円 （注４）売付価額は、 ┌ │ │ │ └ 33円×52,100株 34円×20,200株 ┐ │ │ │ ┘ の合計額である。 35円×53,400株 36円×49,200株 37円×40,500株 38円× 1,100株 課徴金納付命令対象者[４] 売付価額１，１２４，８００円（３７円×３０，４００株）－（１１円×３０，４００株）＝７９０，４００円 ⇒課徴金の額は１万円未満を切り捨てるため、 ７９万円 課徴金納付命令対象者[５] （９２円×１６０，０００株）－ 買付価額９，６８４，７００円（注５）＝５，０３５，３００円 ⇒課徴金の額は１万円未満を切り捨てるため、 ５０３万円 売付価額６，５５１，９００円（注６）－（１１円×１６０，０００株）＝４，７９１，９００円 ⇒課徴金の額は１万円未満を切り捨てるため、 ４７９万円 （注５）買付価額は、 ┌ │ │ └ 59円× 900株 60円×73,500株 ┐ │ │ ┘ の合計額である。 61円×85,600株 （注６）売付価額は、 ┌ │ │ └ 38円×50,000株 42円×78,100株 ┐ │ │ ┘ の合計額である。 43円×31,900株",1
2010-07-06,株式会社総和地所,,株式会社総和地所の契約締結者からの情報受領者による内部者取引に対する課徴金納付命令の勧告について(平成22年7月6日),https://www.fsa.go.jp/sesc/news/c_2010/2010/20100706-1.html,"平成２２年７月６日 証券取引等監視委員会 株式会社総和地所の契約締結者からの情報受領者による内部者取引に対する課徴金納付命令の勧告について １．勧告の内容 証券取引等監視委員会は、株式会社総和地所の契約締結者からの情報受領者による内部者取引について検査した結果、下記のとおり法令違反の事実が認められたので、本日、内閣総理大臣及び金融庁長官に対して、金融庁設置法第２０条第１項の規定に基づき、課徴金納付命令を発出するよう勧告を行った。 ２．法令違反の事実関係 課徴金納付命令対象者は、株式会社総和地所より同社への出資者を手配することを委託されていた者から、同人がその契約の履行に関し知った、同社が株式及び新株予約権の発行を行うことを決定した事実の伝達を受け、この事実が公表された平成２１年６月３０日午後９時２５分ころより前の同日に、株式会社総和地所の株式合計１５０株を、自己の計算において買付価額１５万６，１９５円で買い付けたものである。 課徴金納付命令対象者が行った上記の行為は、金融商品取引法第１７５条第１項に規定する「第１６６条・・・第３項の規定に違反して、同条第１項に規定する売買等をした」行為に該当すると認められる。 ３．課徴金の額の計算 上記の違法行為に対し、金融商品取引法に基づき納付を命じられる課徴金額は、４０万円である。 計算方法の詳細については、別紙のとおり。 （別紙） ○　課徴金の額の計算方法について 金融商品取引法第１７５条第１項に基づき、課徴金の額は、 （重要事実が公表された後２週間における最も高い価格）×（買付株数） －（買付価格）×（買付株数） となる。 したがって、重要事実の公表後２週間における株式会社総和地所の最も高い株価は、平成２１年７月８日の３，７２０円であることから、課徴金の額は下記の金額となる。 （３，７２０円×１５０株） －買付価額１５６，１９５円（注）＝４０１，８０５円 ⇒課徴金の額は１万円未満を切り捨てるため、 ４０万円 （注）買付価額は、 ┌ │ │ └ 1,035円×1株 1,039円×10株 ┐ │ │ ┘ の合計額である。 1,040円×95株 1,043円×5株 1,045円×39株",1
2010-07-02,,,「金融商品取引法における課徴金事例集」の公表について(平成22年7月2日),https://www.fsa.go.jp/sesc/news/c_2010/2010/20100702-1.html,平成２２年７月２日 証券取引等監視委員会 「金融商品取引法における課徴金事例集」の公表について 証券取引等監視委員会では、「金融商品取引法における課徴金事例集」について、 別紙 のとおり取りまとめましたので、公表いたします。 本事例集は、課徴金納付命令勧告を行った事案の概要に、市場参加者が違反行為を起こさないよう参考となる内容を加えて取りまとめ、公表しているものです。こうした事例集の公表は、平成20年６月及び平成21年６月に続き、３回目となります。 今回の事例集は、証券取引等監視委員会の勧告に基づき平成21年６月から平成22年５月までの間に課徴金納付命令が発せられ、取消しの訴えの期間が経過した、課徴金事例を取りまとめました（注）。 今回の事例集の特長は次の通りです。 ○ 合計38事例(納付命令対象ベースでは51件)を掲載しました。内訳は、 内部者取引に係るもの24事例 相場操縦に係るもの５事例 開示書類の虚偽記載に係るもの８事例 公開買付開始公告義務違反に係るもの１事例 です。 ○ 事案の内容が理解しやすくなるよう適宜概要図を挿入したほか、違反行為の背景や事案の特徴的な事象について可能な限り記載しました。 ○ 各章の冒頭に解説ページを設け、課徴金勧告案件の特色をまとめた傾向分析（内部者取引、相場操縦、開示書類の虚偽記載）や開示検査の運用方針等のトピックを記載しました。 ○ 開示検査に関して、課徴金勧告は行わなかったものの、証券取引等監視委員会の慫慂により自発的な訂正が行われた案件の概要を記載しました。 証券取引等監視委員会としては、本事例集が活用されることにより、市場監視行政の透明性の向上と市場参加者の自主的規律の促進が図られ、証券市場における取引の公正や適正開示の実現に資するものと期待しています。 （注）課徴金制度創設以来の勧告件数が平成22年５月まで128件に上ることとなったことから、前２回の事例集に掲載された事例は今回は掲載していません。 過去の課徴金事例集はこちら,1
2010-07-09,株式会社インターアクション,,株式会社インターアクション役員による内部者取引に対する課徴金納付命令の勧告について（平成22年7月9日),https://www.fsa.go.jp/sesc/news/c_2010/2010/20100709-1.html,"平成２２年７月９日 証券取引等監視委員会 株式会社インターアクション役員による内部者取引に対する課徴金納付命令の勧告について １．勧告の内容 証券取引等監視委員会は、株式会社インターアクション役員による内部者取引について検査した結果、下記のとおり法令違反の事実が認められたので、本日、内閣総理大臣及び金融庁長官に対して、金融庁設置法第２０条第１項の規定に基づき、課徴金納付命令を発出するよう勧告を行った。 ２．法令違反の事実関係 課徴金納付命令対象者は、株式会社インターアクションの役員であったが、同社が平成２１年５月期の連結業績予想を下方修正する事実をその職務に関し知り、この事実が公表された平成２１年７月１０日より前の同年５月２７日から同年７月６日までの間に、株式会社インターアクションの株式合計２４０株を、自己の計算において売付価額９１２万２，８５０円で売り付けた。 課徴金納付命令対象者が行った上記の行為は、金融商品取引法第１７５条第１項に規定する「第１６６条第１項・・・の規定に違反して、同条第１項に規定する売買等をした」行為に該当すると認められる。 ３．課徴金の額の計算 上記の違法行為に対し金融商品取引法に基づき納付を命じられる課徴金の額は、３４５万円である。 計算方法の詳細については、別紙のとおり。 （別紙） ○　課徴金の額の計算方法について 金融商品取引法第１７５条第１項に基づき、課徴金の額は、 （売付価格）×（売付株数）―（重要事実が公表された後２週間における最も低い価格）×（売り株数） となる。 したがって、重要事実の公表後２週間における株式会社インターアクションの最も低い株価は、平成２１年７月１４日の２３，６００円であることから、課徴金の額は下記の金額となる。 売付価額９，１２２，８５０円（注）－（２３，６００円×２４０株）＝３，４５８，８５０円 ⇒課徴金の額は１万円未満を切り捨てるため、 ３４５万円 （注）売付価額は、 ┌ │ │ │ │ │ │ │ │ │ │ │ │ │ │ │ │ │ │ │ │ │ └ 31,500円×10株 32,000円×20株 ┐ │ │ │ │ │ │ │ │ │ │ │ │ │ │ │ │ │ │ │ │ │ ┘ の合計額である。 32,100円×8株 32,500円×10株 32,600円×8株 32,650円×1株 32,750円×1株 33,500円×10株 34,500円×10株 36,000円×10株 36,500円×10株 37,000円×10株 37,500円×10株 38,000円×2株 38,800円×7株 38,950円×3株 39,200円×10株 41,000円×30株 43,000円×3株 43,200円×67株",1
2010-06-25,キョーエイ産業株式会社,,キョーエイ産業株式会社社員による内部者取引に対する課徴金納付命令の勧告について（平成22年6月25日),https://www.fsa.go.jp/sesc/news/c_2010/2010/20100625-2.html,"平成２２年６月２５日 証券取引等監視委員会 キョーエイ産業株式会社社員による内部者取引に対する課徴金納付命令の勧告について １．勧告の内容 証券取引等監視委員会は、キョーエイ産業株式会社社員による内部者取引について検査した結果、下記のとおり法令違反の事実が認められたので、本日、内閣総理大臣及び金融庁長官に対して、金融庁設置法第２０条第１項の規定に基づき、課徴金納付命令を発出するよう勧告を行った。 ２．法令違反の事実関係 課徴金納付命令対象者(1)は、キョーエイ産業株式会社の社員であったが、同社が民事再生法に基づく再生手続開始の申立てを行うことを決定した事実（以下「本件重要事実」という。）をその職務に関し知り、この事実が公表された平成２０年７月１８日より前の同月１６日に、キョーエイ産業株式会社の株券合計１万４，０００株を売付価額１００万８，０００円で売り付けたものである。 課徴金納付命令対象者(2)は、キョーエイ産業株式会社の社員であったが、本件重要事実をその職務に関し知り、この事実が公表された平成２０年７月１８日より前の同月１５日に、キョーエイ産業株式会社の株券合計１万株を売付価額７９万４，０００円で売り付けたものである。 上記２名が行った上記の行為は、金融商品取引法（平成２０年法律第６５号による改正前のもの。以下「旧金融商品取引法」という。）第１７５条第１項に規定する「第１６６条第１項・・・の規定に違反して、自己の計算において同条第１項に規定する売買等をした」行為に該当すると認められる。 ３．課徴金の額の計算 上記の違法行為に対し、金融商品取引法に基づき納付を命じられる課徴金額は下記のとおり。 課徴金納付命令対象者(1)　　５４万円 課徴金納付命令対象者(2)　　４６万円 計算方法の詳細については、別紙のとおり。 （別紙） ○　課徴金の額の計算方法について 旧金融商品取引法第１７５条第１項に基づき、課徴金の額は、 （売付価格）×（売付株数）－（重要事実が公表された翌日の終値等）×（売付株数） となる。 したがって、重要事実の公表翌日が市場休業日であるため、以後直近のキョーエイ産業株式会社の株価である平成２０年７月２２日の株価の始値は、３３円であることから、課徴金の額は下記の金額となる。 課徴金納付命令対象者(1) 売付価額１，００８，０００円（注） －（３３円×１４，０００株）＝５４６，０００円 ⇒課徴金の額は１万円未満を切り捨てるため、 ５４万円 （注）売付価額は、 ┌ │ │ └ 71円×6,000株 72円×4,000株 ┐ │ │ ┘ の合計額である。 73円×2,000株 74円×2,000株 課徴金納付命令対象者(2) 売付価額７９４，０００円（注） －（３３円×１０，０００株）＝４６４，０００円 ⇒課徴金の額は１万円未満を切り捨てるため、 ４６万円 （注）売付価額は、 79円×6,000株、80円×4,000株 の合計額である。",1
2010-06-04,山崎製パン株式会社,2212,山崎製パン株式会社の従業者からの情報受領者による内部者取引に対する課徴金納付命令の勧告について（平成22年6月4日）,https://www.fsa.go.jp/sesc/news/c_2010/2010/20100604-1.html,平成２２年６月４日 証券取引等監視委員会 山崎製パン株式会社の従業者からの情報受領者による内部者取引に対する課徴金納付命令の勧告について １．勧告の内容 証券取引等監視委員会は、山崎製パン株式会社の従業者からの情報受領者による内部者取引について検査した結果、下記のとおり法令違反の事実が認められたので、本日、内閣総理大臣及び金融庁長官に対して、金融庁設置法第２０条第１項の規定に基づき、課徴金納付命令を発出するよう勧告を行った。 ２．法令違反の事実関係 課徴金納付命令対象者は、日糧製パン株式会社（以下「日糧製パン」という。）との業務資本提携契約の締結交渉先の山崎製パン株式会社（以下「山崎製パン」という。）の従業者（以下「山崎製パンの従業者」という。）から、同社の役員がその契約の締結の交渉に関し知り、山崎製パンの従業者がその職務に関し知った、日糧製パンが山崎製パンと業務上の提携を行うことを決定した事実の伝達を受け、この事実が公表された平成２１年７月３１日より前の同月３０日に、日糧製パンの株式８，０００株を買付価額７２万円で買い付けたものである。 課徴金納付命令対象者が行った上記の行為は、金融商品取引法第１７５条第１項に規定する「第１６６条・・・第３項の規定に違反して、同条第１項に規定する売買等をした」行為に該当すると認められる。 ３．課徴金の額の計算 上記の違法行為に対し金融商品取引法に基づき納付を命じられる課徴金の額は、２５万円である。 計算方法の詳細については、別紙のとおり。 山崎製パン事案の特色（平成22年７月６日） （別紙） ○　課徴金の額の計算方法について 金融商品取引法第１７５条第１項に基づき、課徴金の額は、 （重要事実が公表された後２週間における最も高い価格）×（買付株数）－（買付価格）×（買付株数） となる。 したがって、重要事実の公表後２週間における日糧製パン株式会社の最も高い株価は、平成２１年８月３日の１２２円であることから、課徴金の額は下記の金額となる。 （１２２円×８，０００株）－ 買付価額７２０，０００円（９０円×８，０００株）＝２５６，０００円 ⇒課徴金の額は１万円未満を切り捨てるため、 ２５万円,1
2010-06-25,株式会社ビットアイル,,株式会社ビットアイルの契約締結交渉先の社員からの情報受領者による内部者取引に対する課徴金納付命令の勧告について（平成22年6月25日),https://www.fsa.go.jp/sesc/news/c_2010/2010/20100625-1.html,平成２２年６月25日 証券取引等監視委員会 株式会社ビットアイルの契約締結交渉先の社員からの情報受領者による内部者取引に対する課徴金納付命令の勧告について １．勧告の内容 証券取引等監視委員会は、株式会社ビットアイルの契約締結交渉先の社員からの情報受領者による内部者取引について検査した結果、下記のとおり法令違反の事実が認められたので、本日、内閣総理大臣及び金融庁長官に対して、金融庁設置法第２０条第１項の規定に基づき、課徴金納付命令を発出するよう勧告を行った。 ２．法令違反の事実関係 課徴金納付命令対象者は、株式会社ビットアイル（以下「ビットアイル」という。）との提携事業協議の合意に係る契約の締結交渉先である株式会社電通国際情報サービス（以下「電通国際情報サービス」という。）の社員から、同人がその契約の締結の交渉に関し知った、ビットアイルが電通国際情報サービスと業務上の提携を行うことを決定した事実の伝達を受け、この事実が公表された平成２１年６月３日より前の同年５月１１日に、ビットアイルの株式合計８株を買付価額４６万４，０００円で買い付けたものである。 課徴金納付命令対象者が行った上記の行為は、金融商品取引法第１７５条第１項に規定する「第１６６条・・・第３項の規定に違反して、同条第１項に規定する売買等をした」行為に該当すると認められる。 ３．課徴金の額の計算 上記の違法行為に対し金融商品取引法に基づき納付を命じられる課徴金の額は、１９万円である。 計算方法の詳細については、別紙のとおり。 （別紙） ○　課徴金の額の計算方法について 金融商品取引法第１７５条第１項に基づき、課徴金の額は、 （重要事実が公表された後２週間における最も高い価格）×（買付株数）－（買付価格）×（買付株数） となる。 したがって、重要事実の公表後２週間における株式会社ビットアイルの最も高い株価は、平成２１年６月４日の８２，７００円であることから、課徴金の額は下記の金額となる。 （８２，７００円×８株）－買付価額４６４，０００円（５８，０００円×８株）＝１９７，６００円 ⇒課徴金の額は１万円未満を切り捨てるため、 １９万円,1
2010-05-31,,,証券取引等監視委員会の事務処理状況の公表について（平成22年5月31日）,https://www.fsa.go.jp/sesc/reports/n_21/n_21.html,"平成２２年５月３１日 証券取引等監視委員会 証券取引等監視委員会の事務処理状況の公表について 証券取引等監視委員会（以下「証券監視委」という。）は、発足以来毎年、事務処理状況を公表していますが、今回は、その18回目として、平成21年４月１日から同22年３月31日までの期間における事務の処理状況を「証券取引等監視委員会の活動状況」として公表します。 公表内容の主なポイント はじめに：現委員会体制の総括 この３年弱：金融危機、規制環境の変化 １．包括的・機動的市場監視 不公正ファイナンスへの対応、偽計の積極適用による摘発 新たな商品・取引の監視：ＣＤＳ、証券ＣＦＤ、ＤＭＡ、ダークプール、アルゴリズム等 ２．課徴金制度の活用 迅速性、効率性重視、勧告件数の飛躍的増加 課徴金事例集の公表：市場規律への働きかけ ３．金融商品取引法の適切な運用 検査対象業者の拡大 機動的検査：財務の健全性の検証、ＦＸ業者、ファンド等の集中検査 ４．自主規制機関などとの連携 連携の深まり：双方向での問題意識、情報の共有 対象範囲の拡大：日本弁護士連合会、日本公認会計士協会、日本不動産鑑定協会、日本行政書士会連合会等 ５．グローバル化への対応 個別事案の摘発：初のクロスボーダーのインサイダー取引摘発（21年4月) 海外当局との連携の強化：情報交換、ＭＭＯＵの活用 第２章：金融危機等を踏まえた取り組み １．不公正ファイナンス事案の監視強化 不公正ファイナンス事案のリスクの高まり 証券監視委の総力を挙げた監視：特に偽計の適用 規制・監視の包囲網：自主規制機関、法律事務所、監査法人、証券会社等との連携 ２．財務の健全性の検証のための証券検査 検査体制の整備：リスク管理の専門家、会計士の採用等 監督部局との連携：オフサイトモニタリングとオンサイトモニタリングの連携 検査結果の通知の見直し：内部管理態勢に関する指摘 ３．新たな商品等の監視 ＣＤＳ 証券ＣＦＤ ダークプール ４．市場規律の強化 情報発信の強化：新たな対象、媒体、ツール（メルマガ、Ｗｅｂサイトの見直し等） 自主規制機関との情報共有：意見交換、講演、研修等の共催 ５．国際関係業務の強化 Ｇ２０、ＩＯＳＣＯ等の議論への貢献：特に監視を通じて得られた問題意識の提供 海外当局との連携強化：証券会社等の検査、不公正取引の監視 海外への情報発信：海外当局、外資系証券会社、在日大使館等 第３章：市場分析審査 １．一般投資家等からの情報受付 平成２１年度：７，１１８件 （内容別内訳） 個別銘柄に関するもの ３，８８９件 発行体に関するもの ８３５件 金融商品取引業者の営業姿勢等に関するもの １，３４９件 その他の意見等（注） １，０４５件 平成２０事務年度（６，４１２件）に比べ約１割増 （注）証券監視委等の職員を装った者による未公開株に関する悪質な電話勧誘等に係る情報提供：３４８件 規制・監視の包囲網：自主規制機関、法律事務所、監査法人、証券会社等との連携 ２．市場動向分析 最近の市場環境を踏まえ、以下の分析を強化 (1) 発行市場におけるファイナンス （例：著しい希薄化を伴う第三者割当増資等） (2) 新たな金融商品や取引形態 （例：ＣＤＳ、証券ＣＦＤ、ダークプール） - 東証arrowhead稼動（22.1）後の取引パターンの変化等についても注視 監督部局との連携：オフサイトモニタリングとオンサイトモニタリングの連携 検査結果の通知の見直し：内部管理態勢に関する指摘 ３．取引審査 平成２１年度：７４９件 （内訳） 価格形成に関するもの ９４件 内部者取引に関するもの ６４９件 その他 ６件 取引審査に有益と考えられる手法を積極的に取り入れ 取引の規模の大小を問わずつぶさに分析 不公正ファイナンス事案の疑いがあるものについては、偽計等の観点から取引審査を実施 自主規制機関（取引所等）とも連携（双方向での情報共有） 第４章：証券検査 ２１１社の検査を実施、うち１２３社（５８％）に対し問題点を通知、うち２１社に行政処分を求める勧告 （２０事務年度は２２０社を実施、うち１１２社（５１％）に通知、うち１８社に勧告） 大型案件の勧告 ビー・エヌ・ピー・パリバ（株価固定等） コスモ証券（投信勧誘） ＳＢＩ証券（システムリスク管理態勢） ファンド業者に対する集中検査 出資金流用等の悪質な法令違反が認められた８社を勧告 フォワードルッキングな観点からのリスク管理態勢の検証 ⇒民間専門家等を採用し、国内、外資系各社からリスク管理態勢等のヒアリングを実施 「信用格付業者検査マニュアル」の策定 ⇒本年４月から新たに検査対象となった信用格付業者に対する検査への対応 第５章：課徴金調査 不公正取引事案に係る勧告状況 内部者取引事案３８件、相場操縦事案５件、計４３件、５，５４８万円の勧告を実施 内部者取引 - 公開買付け実施事実に基づく事案の急増 ２０年度３件→２１年度１２件 - 第一次情報受領者による事案が急増 ２０年度３件→２１年度２１件 - 企業情報の管理の徹底を求められる者による事案 監査役、会社のＩＲ担当者、デューデリジェンス業務担当者、信用調査会社社員 相場操縦 取組み本格化　　２０年度１件→２１年度５件 見せ玉事案の勧告（スズケン） 第６章：開示検査 開示検査結果に基づく勧告状況 開示書類の虚偽記載に対し、９件、７億３９７万９，９９８円の勧告を実施 公開買付開始公告の実施義務違反に対しても１件勧告 ※２０年の金商法改正により新たに対象となった違反行為に対する初の摘発 EBANCO HOLDINGS LIMITEDによる新株予約権証券の買付けに係る公開買付開始公告の不実施 開示検査の出口の多様化：課徴金勧告に至らない場合にも、上場企業が当方の慫慂を受け訂正（１件） 第７章：犯則事件の調査・告発 １７件の告発（昨事務年度１３件） （内訳：インサイダー７件、相場操縦３件、偽計３件、虚偽有価証券報告書等提出４件） 主な告発事例 (1)不公正ファイナンスを偽計として告発（３件） 株式会社ペイントハウスの第三者割当増資を利用した偽計事件 ユニオンホールディングス株式会社の水増し増資偽計事件 （相場操縦事件としても告発した複合事案） トランスデジタル株式会社の架空増資偽計事件 (2)デイトレーダー・グループによる大規模な相場操縦 ネット取引による「見せ玉」等の手法を用いたデイトレーダー・グループによる相場操縦事件（調査に際しては証券監視委独自プログラムも活用） (3)東証一部上場企業による巨額粉飾決算事案 ニイウスコー株式会社に係る虚偽有価証券報告書提出事件 （循環取引等を利用した架空売上を計上） 第８章：建議 １．金融庁によるルール整備への貢献 外国為替証拠金（ＦＸ）取引に係る区分管理の見直しやロスカットルールの制定等について建議（21年4月) 第三者割当増資に関する「企業内容等の開示に関する内閣府令」へのインプット（22年2月) ２．自主規制機関によるルール整備への貢献 証券監視委としての問題意識、材料の提供 第三者割当増資に関する各証券取引所上場規則等金融庁によるルール整備への貢献 第９章：監視活動の機能強化 １．監視体制の充実・強化 組織の拡充：定員３７４→３８４人（１０人増） 民間専門家の増加：弁護士、公認会計士、ＩＴ専門家等１０６名 ２．情報収集・分析能力の向上 証券総合システムの活用：東証arrowheadへの対応等 職員研修の充実：最先端の知識、ノウハウの習得：海外当局への派遣 ３．システム・インフラの強化 ＩＴシステムの高度化：コンプライアンスＷＡＮの稼動 デジタルフォレンジック態勢の整備 ４．市場参加者との対話、情報発信 講演会、意見交換：開催回数の増加、対象の拡大 新たな手法の導入：メルマガ、寄稿、執筆等 Ｗｅｂサイトの充実：デザインの見直し(発足以来初） ５．関係当局との連携強化 金融庁・財務局 自主規制機関：双方向での情報共有 海外当局：情報交換、人材交流等 活動状況のポイント （PDF/260KB） 「 証券監視委の活動状況 」（一覧表）へ　(PDF/64KB) 「証券取引等監視委員会の活動状況」の本文へ 本文 （PDF/2,037KB） 附属資料 （PDF/2,444KB） 全文一括印刷用 （PDF/3,782KB）",1
2010-04-27,株式会社東京衡機製造所,,株式会社東京衡機製造所の実質的経営者からの情報受領者による内部者取引に対する課徴金納付命令の勧告について（平成22年4月27日）,https://www.fsa.go.jp/sesc/news/c_2010/2010/20100427-1.html,"平成２２年４月２７日 証券取引等監視委員会 株式会社東京衡機製造所の実質的経営者からの情報受領者による内部者取引に対する課徴金納付命令の勧告について １．勧告の内容 証券取引等監視委員会は、株式会社東京衡機製造所の実質的経営者からの情報受領者による内部者取引について検査した結果、下記のとおり法令違反の事実が認められたので、本日、内閣総理大臣及び金融庁長官に対して、金融庁設置法第２０条第１項の規定に基づき、課徴金納付命令を発出するよう勧告を行った。 ２．法令違反の事実関係 課徴金納付命令対象者は、株式会社東京衡機製造所（現株式会社テークスグループ）の実質的経営者として同社の職務に従事していた者から、同人がその職務に関し知った、同社が株式の発行を行うことを決定した事実の伝達を受け、この事実が公表された平成２０年９月１日より前の同年８月２０日から同月２９日までの間に、株式会社東京衡機製造所の株券合計１７万５，０００株を買付価額１，５５１万７，０００円で買い付けたものである。 課徴金納付命令対象者が行った上記の行為は、金融商品取引法（平成２０年法律第６５号による改正前のもの。以下「旧金融商品取引法」という。）第１７５条第１項に規定する「第１６６条第１項又は第３項の規定に違反して、自己の計算において同条第１項に規定する売買等をした」行為に該当すると認められる。 ３．課徴金の額の計算 上記の違法行為に対し金融商品取引法に基づき納付を命じられる課徴金の額は、３０３万円である。 計算方法の詳細については、別紙のとおり。 （別紙） ○　課徴金の額の計算方法について 旧金融商品取引法第１７５条第１項に基づき、課徴金の額は、 （重要事実が公表された翌日の終値等）×（買付株数）－（買付価格）×（買付株数） となる。 したがって、重要事実の公表翌日の平成２０年９月２日の株式会社東京衡機製造所の株価の終値は１０６円であることから、課徴金の額は下記の金額となる。 （１０６円×１７５，０００株）－買付価額１５，５１７，０００円（注） ＝３，０３３，０００円 ⇒課徴金の額は１万円未満を切り捨てるため、 ３０３万円 （注）買付価額は、 ┌ │ │ │ │ └ 84円×25,000株 86円×20,000株 ┐ │ │ │ │ ┘ の合計額である。 87円×3,000株 88円×67,000株 90円×10,000株 91円×30,000株 93円×10,000株 98円×10,000株",1
2010-03-30,南部化成株式会社,,南部化成株式会社社員らからの情報受領者による内部者取引に対する課徴金納付命令の勧告について（平成22年3月30日）,https://www.fsa.go.jp/sesc/news/c_2010/2010/20100330.html,"平成２２年３月３０日 証券取引等監視委員会 南部化成株式会社社員らからの情報受領者による内部者取引に対する課徴金納付命令の勧告について １．勧告の内容 証券取引等監視委員会は、南部化成株式会社社員らからの情報受領者による内部者取引について検査した結果、下記のとおり法令違反の事実が認められたので、本日、内閣総理大臣及び金融庁長官に対して、金融庁設置法第２０条第１項の規定に基づき、課徴金納付命令を発出するよう勧告を行った。 ２．法令違反の事実関係 (1) 株式会社アーク社員からの情報受領者 課徴金納付命令対象者 及び は、株式会社ＮＭＣファンド１４（平成２１年１１月１日合併により解散。以下「ＮＭＣファンド」という。）との公開買付けの応募に関する合意に係る契約の締結交渉先の株式会社アークの社員から、同人がその契約の締結の交渉に関し知った、ＮＭＣファンドが南部化成株式会社（以下「南部化成」という。）の株式の公開買付けを行うことを決定した事実（以下「本件公開買付け事実」という。）の伝達を受け、 課徴金納付命令対象者 においては、この事実が公表された平成２１年２月２７日より前の同年１月２６日から同年２月１２日までの間に、南部化成の株式合計１万５，９００株を、自己の計算において買付価額７１５万５，６００円で買い付けたもの、 課徴金納付命令対象者 においては、この事実が公表された平成２１年２月２７日より前の同年１月２７日及び同月２９日に、南部化成の株式合計２００株を、自己の計算において買付価額８万９，６００円で買い付けたものである。 (2) 南部化成株式会社社員からの情報受領者 課徴金納付命令対象者 及び は、ＮＭＣファンドとの秘密保持契約の契約締結先である南部化成の社員から、同人がその契約の履行に関し知った本件公開買付け事実の伝達を受け、 課徴金納付命令対象者 においては、この事実が公表された平成２１年２月２７日より前の同月２５日に、南部化成の株式合計１，２００株を、自己の計算において買付価額３７万２，０００円で買い付けたもの、 課徴金納付命令対象者 においては、この事実が公表された平成２１年２月２７日より前の同月２５日に、南部化成の株式１，０００株を、自己の計算において買付価額３０万９，０００円で買い付けたものである。 上記４名が行った上記の行為は、金融商品取引法第１７５条第２項に規定する「第１６７条第１項又は第３項の規定に違反して、同条第１項に規定する特定株券等若しくは関連株券等に係る買付け等又は同項に規定する株券等に係る売付け等をした」行為に該当すると認められる。 ３．課徴金の額の計算 上記の違法行為に対し、金融商品取引法に基づき納付を命じられる課徴金額は下記のとおり。 課徴金納付命令対象者 １，１２７万円 課徴金納付命令対象者 １４万円 課徴金納付命令対象者 １０１万円 課徴金納付命令対象者 ８５万円 計算方法の詳細については、別紙のとおり。 （別紙） ○　課徴金の額の計算方法について 金融商品取引法第１７５条第２項に基づき、課徴金の額は、 （公開買付けの実施に関する事実が公表された後２週間における最も高い価格）×（買付株数）－（買付価格）×（買付株数） となる。 したがって、公開買付けの実施に関する事実の公表後２週間における南部化成の最も高い株価は、平成２１年３月１２日の１，１５９円であることから、課徴金の額は下記の金額となる。 課徴金納付命令対象者 （１，１５９円×１５，９００株）－買付価額７，１５５，６００円（注）＝１１，２７２，５００円 ⇒課徴金の額は１万円未満を切り捨てるため、 １，１２７万円 （注）買付価額は、 ┌ │ │ │ │ │ │ │ │ │ │ │ │ │ │ │ │ │ │ │ │ │ └ 425円×200株 426円×100株 ┐ │ │ │ │ │ │ │ │ │ │ │ │ │ │ │ │ │ │ │ │ │ ┘ の合計額である。 430円×400株 431円×400株 435円×200株 436円×400株 440円×700株 442円×200株 443円×200株 444円×300株 445円×1,200株 449円×300株 450円×4,800株 451円×700株 452円×400株 453円×300株 454円×800株 455円×1,600株 456円×200株 457円×200株 458円×100株 459円×300株 460円×1,000株 470円×700株 483円×200株 課徴金納付命令対象者 （１，１５９円×２００株）－買付価額８９，６００円（注）＝１４２，２００円 ⇒課徴金の額は１万円未満を切り捨てるため、 １４万円 （注）買付価額は、 446円×100株、450円×100株 の合計額である。 課徴金納付命令対象者 （１，１５９円×１，２００株）－買付価額３７２，０００円（３１０円×１，２００株）＝１，０１８，８００円 ⇒課徴金の額は１万円未満を切り捨てるため、 １０１万円 課徴金納付命令対象者 （１，１５９円×１，０００株）－買付価額３０９，０００円（３０９円×１，０００株）＝ ８５０，０００円",1
2010-03-26,株式会社,1301,株式会社フェヴリナ監査役による内部者取引に対する課徴金納付命令の勧告について（平成22年3月26日）,https://www.fsa.go.jp/sesc/news/c_2010/2010/20100326.html,"平成２２年３月２６日 証券取引等監視委員会 株式会社フェヴリナ監査役による内部者取引に対する課徴金納付命令の勧告について １．勧告の内容 証券取引等監視委員会は、株式会社フェヴリナ監査役による内部者取引について検査した結果、下記のとおり法令違反の事実が認められたので、本日、内閣総理大臣及び金融庁長官に対して、金融庁設置法第２０条第１項の規定に基づき、課徴金納付命令を発出するよう勧告を行った。 ２．法令違反の事実関係 課徴金納付命令対象者は、株式会社フェヴリナの監査役であったが、同社が平成２１年３月期の業績予想を上方修正する事実をその職務に関し知り、この事実が公表された平成２１年３月１２日より前の同月９日及び同月１０日に、株式会社フェヴリナの株式合計１５０株を、自己の計算において買付価額４２万１，２５５円で買い付けた。 課徴金納付命令対象者が行った上記の行為は、金融商品取引法第１７５条第１項に規定する「第１６６条第１項又は第３項の規定に違反して、同条第１項に規定する売買等をした」行為に該当すると認められる。 ３．課徴金の額の計算 上記の違法行為に対し金融商品取引法に基づき納付を命じられる課徴金の額は、１５万円である。 計算方法の詳細については、別紙のとおり。 （別紙） ○　課徴金の額の計算方法について 金融商品取引法第１７５条第１項に基づき、課徴金の額は、 （重要事実が公表された後２週間における最も高い価格）×（買付株数）－（買付価格）×（買付株数） となる。 したがって、重要事実の公表後２週間における株式会社フェヴリナの最も高い株価は、平成２１年３月１７日の３，８２０円であることから、課徴金の額は下記の金額となる。 （３，８２０円×１５０株）－買付価額４２１，２５５円（注）＝１５１，７４５円 ⇒課徴金の額は１万円未満を切り捨てるため、 １５万円 （注）買付価額は、 ┌ │ │ │ │ └ 2,795円×1株 2,800円×29株 ┐ │ │ │ │ ┘ の合計額である。 2,805円×30株 2,810円×48株 2,815円×42株",1
2010-03-05,株式会社日本エル・シー・エー,,株式会社日本エル・シー・エー役員からの情報受領者による内部者取引に対する課徴金納付命令の勧告について（平成22年3月5日）,https://www.fsa.go.jp/sesc/news/c_2010/2010/20100305-1.html,"平成２２年３月５日 証券取引等監視委員会 株式会社日本エル・シー・エー役員からの情報受領者による内部者取引に対する課徴金納付命令の勧告について １．勧告の内容 証券取引等監視委員会は、株式会社日本エル・シー・エー役員からの情報受領者による内部者取引について検査した結果、下記のとおり法令違反の事実が認められたので、本日、内閣総理大臣及び金融庁長官に対して、金融庁設置法第２０条第１項の規定に基づき、課徴金納付命令を発出するよう勧告を行った。 ２．法令違反の事実関係 課徴金納付命令対象者は、株式会社日本エル・シー・エー（現株式会社エル・シー・エーホールディングス）の役員から、同人がその職務に関し知った、同社が株式及び新株予約権の発行を行うことを決定した事実の伝達を受け、この事実が公表された平成２１年４月２８日午後７時３０分より前の同月２７日に、株式会社日本エル・シー・エーの株式合計６万４，３００株を、自己の計算において買付価額２０５万３，３００円で買い付け、また、この事実が公表された平成２１年４月２８日午後７時３０分より前の同日に、同社の株式合計６万４，３００株を、自己の計算において売付価額２２７万６，３００円で売り付けたものである。 課徴金納付命令対象者が行った上記の行為は、金融商品取引法第１７５条第１項に規定する「第１６６条第１項又は第３項の規定に違反して、同条第１項に規定する売買等をした」行為に該当すると認められる。 ３．課徴金の額の計算 上記の違法行為に対し、金融商品取引法に基づき納付を命じられる課徴金額は、９８万円である。 計算方法の詳細については、別紙のとおり。 （別紙） ○　課徴金の額の計算方法について 金融商品取引法第１７５条第１項に基づき、課徴金の額は、 （重要事実が公表された後２週間における最も高い価格）×（買付株数）－（買付価格）×（買付株数） 及び （売付価格）×（売付株数）－（重要事実が公表された後２週間における最も低い価格）×（売付株数） となる。 したがって、重要事実の公表後２週間における株式会社日本エル・シー・エーの最も高い株価は、平成２１年４月３０日の４０円、重要事実の公表後２週間における同社の最も低い株価は、同年５月７日、同月８日、同月１１日及び同月１２日の２８円であることから、課徴金の額は下記の金額となる。 （４０円×６４，３００株）－買付価額２，０５３，３００円（注１）＝５１８，７００円 ⇒課徴金の額は１万円未満を切り捨てるため、 ５１万円 売付価額２，２７６，３００円（注２）－（２８円×６４，３００株）＝４７５，９００円 ⇒課徴金の額は１万円未満を切り捨てるため、 ４７万円 （注１）買付価額は、　31円×34,300株　33円×30,000株　の合計額である。 （注２）売付価額は、　35円×60,000株　41円×4,300株　の合計額である。",1
2010-02-19,株式会社ヤマノホールディングス,,株式会社ヤマノホールディングス役員及び関係法人２社による内部者取引に対する課徴金納付命令の勧告について（平成22年2月19日）,https://www.fsa.go.jp/sesc/news/c_2010/2010/20100219.html,"平成２２年２月１９日 証券取引等監視委員会 株式会社ヤマノホールディングス役員及び関係法人２社による内部者取引に対する課徴金納付命令の勧告について １．勧告の内容 証券取引等監視委員会は、株式会社ヤマノホールディングス役員及び関係法人２社による内部者取引について検査した結果、下記のとおり法令違反の事実が認められたので、本日、内閣総理大臣及び金融庁長官に対して、金融庁設置法第２０条第１項の規定に基づき、課徴金納付命令を発出するよう勧告を行った。 ２．法令違反の事実関係 (1) 課徴金納付命令対象者 は、株式会社ヤマノホールディングス（以下「ヤマノホールディングス」という。）の役員であったが、同社の子会社である堀田丸正株式会社が、ヤマノホールディングスの孫会社の異動を伴う株式の譲渡を行うことを決定した事実（以下「本件重要事実」という。）をその職務に関し知り、この事実が公表された平成２０年１０月２９日より前の同月１０日から同月１６日までの間に、自己の計算において、ヤマノホールディングスの株券合計３万２，９００株を買付価額１６２万３，５００円で買い付けたものである。 同人が行った上記の行為は、金融商品取引法（平成２０年法律第６５号による改正前のもの。以下「旧金融商品取引法」という。）第１７５条第１項に規定する「第１６６条第１項又は第３項の規定に違反して、自己の計算において同条第１項に規定する売買等をした」行為に該当すると認められる。 (2) 株式会社ヤマノネットワーク（以下「ヤマノネットワーク」という。）は、課徴金納付命令対象者 から、同人がその職務に関して知った本件重要事実の伝達を受け、この事実が公表された平成２０年１０月２９日より前の同月２３日から同月２９日までの間に、ヤマノネットワークの計算において、ヤマノホールディングスの株券合計２万１，３００株を買付価額１３４万５，５００円で買い付けたものである。 同社が行った上記の行為は、旧金融商品取引法第１７５条第１項に規定する「第１６６条第１項又は第３項の規定に違反して、自己の計算において同条第１項に規定する売買等をした」行為に該当すると認められる。 (3) 株式会社ヤマノビューティケミカル（以下「ヤマノビューティケミカル」という。）は、課徴金納付命令対象者 から、同人がその職務に関して知った本件重要事実の伝達を受け、この事実が公表された平成２０年１０月２９日より前の同月７日から同月９日までの間に、ヤマノビューティケミカルの計算において、ヤマノホールディングスの株券合計２万８，０００株を買付価額１３７万１，４００円で買い付けたものである。 同社が行った上記の行為は、旧金融商品取引法第１７５条第１項に規定する「第１６６条第１項又は第３項の規定に違反して、自己の計算において同条第１項に規定する売買等をした」行為に該当すると認められる。 ３．課徴金の額の計算 上記の違法行為に対し、金融商品取引法に基づき納付を命じられる課徴金額は下記のとおり。 課徴金納付命令対象者 ９０万円 ヤマノネットワーク　　　　　２９万円 ヤマノビューティケミカル　　７８万円 計算方法の詳細については、別紙のとおり。 （別紙） ○　課徴金の額の計算方法について 旧金融商品取引法第１７５条第１項に基づき、課徴金の額は、 （重要事実が公表された翌日の終値等）×（買付株数）－（買付価格）×（買付株数） となる。 したがって、重要事実の公表翌日の平成２０年１０月３０日の同社の株価の終値は、７７円であることから、課徴金の額は下記の金額となる。 課徴金納付命令対象者 （７７円×３２，９００株）－買付価額１，６２３，５００円（注）＝９０９，８００円 ⇒課徴金の額は１万円未満を切り捨てるため、 ９０万円 （注）買付価額は、 ┌ │ │ └ 39円×5,000株 40円×10,000株 ┐ │ │ ┘ の合計額である。 55円×9,100株 60円×8,800株 ヤマノネットワーク （７７円×２１，３００株）－買付価額１，３４５，５００円（注）＝２９４，６００円 ⇒課徴金の額は１万円未満を切り捨てるため、 ２９万円 （注）買付価額は、 60円×7,800株　65円×13,500株　の合計額である。 ヤマノビューティケミカル （７７円×２８，０００株）－買付価額１，３７１，４００円（注）＝７８４，６００円 ⇒課徴金の額は１万円未満を切り捨てるため、 ７８万円 （注）買付価額は、 ┌ │ │ │ │ │ │ └ 41円×2,100株 42円×400株 ┐ │ │ │ │ │ │ ┘ の合計額である。 43円×500株 45円×100株 47円×1,700株 48円×1,200株 50円×17,000株 51円×5,000株",1
2011-12-20,株式会社ＶＳＮ,,株式会社ＶＳＮ役員からの情報受領者による内部者取引に対する課徴金納付命令の勧告について（平成23年12月20日）,https://www.fsa.go.jp/sesc/news/c_2011/2011/20111220-1.html,"平成２３年１２月２０日 証券取引等監視委員会 株式会社ＶＳＮ役員からの情報受領者による内部者取引に対する課徴金納付命令の勧告について １．勧告の内容 証券取引等監視委員会は、株式会社ＶＳＮ役員からの情報受領者による内部者取引について検査した結果、下記のとおり法令違反の事実が認められたので、本日、内閣総理大臣及び金融庁長官に対して、金融庁設置法第２０条第１項の規定に基づき、課徴金納付命令を発出するよう勧告を行った。 ２．法令違反の事実関係 課徴金納付命令対象者は、株式会社ＶＳＮ（以下「ＶＳＮ」という。）の役員から、同人がＶＳＮとＲホールディングス株式会社（以下「Ｒホールディングス」という。）との間の秘密保持契約の履行に関し知った、Ｒホールディングスの業務執行を決定する機関が、ＶＳＮの株式の公開買付けを行うことを決定した事実の伝達を受けながら、この事実が公表された平成２２年８月１６日より前の同月２日から同月１１日までの間に、自己の計算において、ＶＳＮの株式合計３９００株を買付価額合計２３３万２１００円で買い付けたものである。 課徴金納付命令対象者が行った上記の行為は、金融商品取引法第１７５条第２項に規定する「第１６７条第１項又は第３項の規定に違反して、同条第１項に規定する特定株券等若しくは関連株券等に係る買付け等又は同項に規定する株券等に係る売付け等をした」行為に該当すると認められる。 ３．課徴金の額の計算 上記の違法行為に対し、金融商品取引法に基づき納付を命じられる課徴金の額は、９８万円である。 計算方法の詳細については、別紙のとおり。 （別紙） ○ 課徴金の額の計算方法について 金融商品取引法第１７５条第２項に基づき、課徴金の額は、 （公開買付けの実施に関する事実が公表された後２週間における最も高い価格）×（買付株数） － （買付価格）×（買付株数） となる。 したがって、公開買付けの実施に関する事実の公表後２週間におけるＶＳＮの最も高い株価は、平成２２年８月１７日の８５０円であることから、課徴金の額は下記の金額となる。 （８５０円×３，９００株）－買付価額２，３３２，１００円（注） ＝９８２，９００円 ⇒課徴金の額は１万円未満を切り捨てるため、 ９８万円 （注）買付価額は、 「591円×100株、595円×1,400株、596円×200株、599円×200株、600円×1,500株、602円×500株」 の合計額である。",1
2011-09-13,株式会社ジェイ・二十一,,公開買付者との契約締結者からの情報受領者によるジェイ・エー・エー株式に係る内部者取引に対する課徴金納付命令の勧告について（平成23年9月13日）,https://www.fsa.go.jp/sesc/news/c_2011/2011/20110913-1.html,"平成２３年９月１３日 証券取引等監視委員会 公開買付者との契約締結者からの情報受領者によるジェイ・エー・エー株式に係る内部者取引に対する課徴金納付命令の勧告について １．勧告の内容 証券取引等監視委員会は、公開買付者との契約締結者からの情報受領者によるジェイ・エー・エー株式に係る内部者取引について検査した結果、下記のとおり法令違反の事実が認められたので、本日、内閣総理大臣及び金融庁長官に対して、金融庁設置法第２０条第１項の規定に基づき、課徴金納付命令を発出するよう勧告を行った。 ２．法令違反の事実関係 課徴金納付命令対象者は、株式会社ジェイ・二十一の役員Ａから、同社の役員Ｂが同社と株式会社ギャロップ（以下「ギャロップ」という。）との間の公開買付けの応募に関する基本合意契約の締結の交渉に関し知り、その後、役員Ａがその職務に関し知った、ギャロップの業務執行を決定する機関が、株式会社ジェイ・エー・エー（以下「ジェイ・エー・エー」という。）の株式の公開買付けを行うことを決定した事実の伝達を受けながら、この事実が公表された平成２２年４月１６日より前の同年３月１７日から同年４月１５日までの間に、自己の計算において、ジェイ・エー・エーの株式合計１７６株を買付価額合計１５８６万３２００円で買い付けたものである。 課徴金納付命令対象者が行った上記の行為は、金融商品取引法第１７５条第２項に規定する「第１６７条第１項又は第３項の規定に違反して、同条第１項に規定する特定株券等若しくは関連株券等に係る買付け等又は同項に規定する株券等に係る売付け等をした」行為に該当すると認められる。 ３．課徴金の額の計算 上記の違法行為に対し、金融商品取引法に基づき納付を命じられる課徴金の額は、８７９万円である。 計算方法の詳細については、別紙のとおり。 （別紙） ○　課徴金の額の計算方法について 金融商品取引法第１７５条第２項に基づき、課徴金の額は、 （公開買付けの実施に関する事実が公表された後２週間における最も高い価格）×（買付株数） － （買付価格）×（買付株数） となる。 したがって、公開買付けの実施に関する事実の公表後２週間におけるジェイ・エー・エーの最も高い株価は、平成２２年４月２２日の１４０，１００円であることから、課徴金の額は下記の金額となる。 （１４０，１００円×１７６株） － 買付価額１５，８６３，２００円 （注） ＝８，７９４，４００円 ⇒課徴金の額は１万円未満を切り捨てるため、 ８７９万円 （注）買付価額は、 「86,500円×1株、86,900円×1株、87,000円×7株、88,000円×2株、88,800円×3株、88,900円×1株、89,000円×26株、89,500円×1株、89,700円×4株、89,800円×16株、89,900円×34株、90,000円×31株、90,600円×1株、90,900円×11株、91,000円×1株、91,500円×15株、91,600円×1株、92,500円×3株、92,800円×1株、92,900円×1株、93,000円×15株」 の合計額である。",1
2011-10-12,株式会社ジャストシステム,4686,株式会社ジャストシステムとの契約締結者による内部者取引に対する課徴金納付命令の勧告について（平成23年10月12日）,https://www.fsa.go.jp/sesc/news/c_2011/2011/20111012-1.html,"平成２３年１０月１２日 証券取引等監視委員会 株式会社ジャストシステムとの契約締結者による内部者取引に対する課徴金納付命令の勧告について １．勧告の内容 証券取引等監視委員会は、株式会社ジャストシステムとの契約締結者による内部者取引について検査した結果、下記のとおり法令違反の事実が認められたので、本日、内閣総理大臣及び金融庁長官に対して、金融庁設置法第２０条第１項の規定に基づき、課徴金納付命令を発出するよう勧告を行った。 ２．法令違反の事実関係 課徴金納付命令対象者は、株式会社ジャストシステム（以下「ジャストシステム」という。）との業務委託契約の締結先の役員であったが、平成２１年２月上旬ころ、同契約の履行に関し、ジャストシステムの業務執行を決定する機関が、株式会社キーエンス（以下「キーエンス」という。）を割当先とする第三者割当増資を行うこと及びキーエンスとの業務提携を行うことについての決定をした旨の事実を知りながら、上記事実が公表された平成２１年４月３日より前の同年２月５日及び同月６日、自己の計算において、ジャストシステムの株式合計１０００株を買付価額合計１５万円で買い付けたものである。 課徴金納付命令対象者が行った上記の行為は、金融商品取引法第１７５条第１項に規定する「第１６６条第１項の規定に違反して、同条第１項に規定する売買等をした」行為に該当すると認められる。 ３．課徴金の額の計算 上記の違法行為に対し、金融商品取引法に基づき納付を命じられる課徴金の額は、２３万円である。 計算方法の詳細については、別紙のとおり。 （別紙） ○　課徴金の額の計算方法について 金融商品取引法第１７５条第１項に基づき、課徴金の額は、 （重要事実が公表された後２週間における最も高い価格）×（買付株数）－（買付価格）×（買付株数） となる。 したがって、重要事実の公表後２週間におけるジャストシステムの最も高い株価は、平成２１年４月６日の３８０円であることから、課徴金の額は下記の金額となる。 （３８０円×１，０００株）－買付価額１５０，０００円 （注） ＝２３０，０００円 （注）買付価額は、「150円×1,000株」の合計額である。",1
2011-09-13,株式会社サイバー・コミュニケーションズ,,株式会社サイバー・コミュニケーションズ社員からの情報受領者による内部者取引に対する課徴金納付命令の勧告について（平成23年9月13日）,https://www.fsa.go.jp/sesc/news/c_2011/2011/20110913-2.html,"平成２３年９月１３日 証券取引等監視委員会 株式会社サイバー・コミュニケーションズ社員からの情報受領者による内部者取引に対する課徴金納付命令の勧告について １．勧告の内容 証券取引等監視委員会は、株式会社サイバー・コミュニケーションズ社員からの情報受領者による内部者取引について検査した結果、下記のとおり法令違反の事実が認められたので、本日、内閣総理大臣及び金融庁長官に対して、金融庁設置法第２０条第１項の規定に基づき、課徴金納付命令を発出するよう勧告を行った。 ２．法令違反の事実関係 課徴金納付命令対象者は、株式会社サイバー・コミュニケーションズ（以下「サイバー・コミュニケーションズ」という。）の社員Ａから、同社役員Ｂが同社と株式会社電通（以下「電通」という。）との間の機密保持契約の締結の交渉に関し知り、その後、社員Ａがその職務に関し知った、電通の業務執行を決定する機関が、サイバー・コミュニケーションズの株式の公開買付けを行うことを決定した事実の伝達を受けながら、この事実が公表された平成２１年２月２日より前の同年１月１５日から同月２６日までの間に、自己の計算において、サイバー・コミュニケーションズの株式合計９５株を買付価額合計１６７万５１４０円で買い付けたものである。 課徴金納付命令対象者が行った上記の行為は、金融商品取引法第１７５条第２項に規定する「第１６７条第１項又は第３項の規定に違反して、同条第１項に規定する特定株券等若しくは関連株券等に係る買付け等又は同項に規定する株券等に係る売付け等をした」行為に該当すると認められる。 ３．課徴金の額の計算 上記の違法行為に対し、金融商品取引法に基づき納付を命じられる課徴金の額は、２３３万円である。 計算方法の詳細については、別紙のとおり。 （別紙） ○　課徴金の額の計算方法について 金融商品取引法第１７５条第２項に基づき、課徴金の額は、 （公開買付けの実施に関する事実が公表された後２週間における最も高い価格）×（買付株数） － （買付価格）×（買付株数） となる。 したがって、公開買付けの実施に関する事実の公表後２週間におけるサイバー・コミュニケーションズの最も高い株価は、平成２１年２月１２日の４２，２５０円であることから、課徴金の額は下記の金額となる。 （４２，２５０円×９５株） － 買付価額１，６７５，１４０円 （注） ＝２，３３８，６１０円 ⇒課徴金の額は１万円未満を切り捨てるため、 ２３３万円 （注）買付価額は、 「17,270円×3株、17,280円×1株、17,300円×10株、17,320円×3株、17,380円×11株、17,390円×7株、17,400円×2株、17,440円×7株、17,450円×6株、17,880円×20株、17,960円×25株」 の合計額である。",1
2011-07-08,都築電気株式会社,8157,都築電気株式会社社員からの情報受領者による内部者取引に対する課徴金納付命令の勧告について（平成23年7月8日）,https://www.fsa.go.jp/sesc/news/c_2011/2011/20110708-2.html,"平成２３年７月８日 証券取引等監視委員会 都築電気株式会社社員からの情報受領者による内部者取引に対する課徴金納付命令の勧告について １．勧告の内容 証券取引等監視委員会は、都築電気株式会社社員からの情報受領者による内部者取引について検査した結果、下記のとおり法令違反の事実が認められたので、本日、内閣総理大臣及び金融庁長官に対して、金融庁設置法第２０条第１項の規定に基づき、課徴金納付命令を発出するよう勧告を行った。 ２．法令違反の事実関係 課徴金納付命令対象者は、都築電気株式会社（以下「都築電気」という。）のグループ会社における新事業の企画、立案等の業務に従事していた都築電気の社員から、同人がその職務に関し知った、都築電気が都築電産株式会社（以下「都築電産」という。）の株式の公開買付けを行うことを決定した事実の伝達を受けながら、この事実が公表された平成２２年７月１７日より前の、同月１３日、自己及び親族の計算において、都築電産の株式合計９０００株を買付価額２２１万６７００円で買い付けたものである。 課徴金納付命令対象者が行った上記の行為は、金融商品取引法第１７５条第１１項の規定により、同条第２項に規定する「第１６７条第１項又は第３項の規定に違反して、同条第１項に規定する特定株券等若しくは関連株券等に係る買付け等又は同項に規定する株券等に係る売付け等をした」行為に該当すると認められる。 ３．課徴金の額の計算 上記の違法行為に対し、金融商品取引法に基づき納付を命じられる課徴金の額は、１４１万円である。 計算方法の詳細については、別紙のとおり。 （別紙） ○　課徴金の額の計算方法について 金融商品取引法第１７５条第２項に基づき、課徴金の額は、 （公開買付けの実施に関する事実が公表された後２週間における最も高い価格）×（買付株数） － （買付価格）×（買付株数） となる。 したがって、公開買付けの実施に関する事実の公表後２週間における都築電産の最も高い株価は、平成２２年７月３０日の４０３円であることから、課徴金の額は下記の金額となる。 （４０３円×９，０００株） － 買付価額２，２１６，７００円（注） ＝１，４１０，３００円 ⇒課徴金の額は１万円未満を切り捨てるため、 １４１万円 （注）買付価額は、「244円×1,900株、245円×300株、247円×6,800株」の合計額である。",1
2011-07-08,パナソニック電工株式会社,,パナソニック電工株式会社社員及び同人からの情報受領者によるパナソニック電工株式に係る内部者取引に対する課徴金納付命令の勧告について（平成23年7月8日）,https://www.fsa.go.jp/sesc/news/c_2011/2011/20110708-1.html,"平成２３年７月８日 証券取引等監視委員会 パナソニック電工株式会社社員及び同人からの情報受領者によるパナソニック電工株式に係る内部者取引に対する課徴金納付命令の勧告について １．勧告の内容 証券取引等監視委員会は、パナソニック電工株式会社社員及び同人からの情報受領者によるパナソニック電工株式に係る内部者取引について検査した結果、下記のとおり法令違反の事実が認められたので、本日、内閣総理大臣及び金融庁長官に対して、金融庁設置法第２０条第１項の規定に基づき、課徴金納付命令を発出するよう勧告を行った。 ２．法令違反の事実関係 課徴金納付命令対象者(1)は、パナソニック電工株式会社（以下「パナソニック電工」という。）の社員であり、同社の営業企画及び宣伝等の業務に従事していたものであるが、同社とパナソニック株式会社（以下「パナソニック」という。）との間の秘密保持契約の履行に関し、パナソニックがパナソニック電工の株式の公開買付けを行うことを決定した事実を知りながら、この事実が公表された平成２２年７月３０日より前の同月２７日に、自己の計算において、パナソニック電工の株式２０００株を買付価額１９１万円で買い付けたものである。 課徴金納付命令対象者(2)は、課徴金納付命令対象者(1)から、上記事実の伝達を受けながら、平成２２年７月２７日に、自己の計算において、パナソニック電工の株式１万株を買付価額９５５万円で買い付けたものである。 上記２名が行った上記の行為は、金融商品取引法第１７５条第２項に規定する「第１６７条第１項又は第３項の規定に違反して、同条第１項に規定する特定株券等若しくは関連株券等に係る買付け等又は同項に規定する株券等に係る売付け等をした」行為に該当すると認められる。 ３．課徴金の額の計算 上記の違法行為に対し、金融商品取引法に基づき納付を命じられる課徴金の額は、下記のとおりである。 課徴金納付命令対象者(1)　　３１万円 課徴金納付命令対象者(2)　１５５万円 計算方法の詳細については、別紙のとおり。 （別紙） ○　課徴金の額の計算方法について 金融商品取引法第１７５条第２項に基づき、課徴金の額は、 （公開買付けの実施に関する事実が公表された後２週間における最も高い価格）×（買付株数） － （買付価格）×（買付株数） となる。 したがって、公開買付けの実施に関する事実の公表後２週間におけるパナソニック電工の最も高い株価は、平成２２年８月６日の１，１１０円であることから、課徴金の額は下記の金額となる。 課徴金納付命令対象者(1) （1,110円×2,000株）－ 買付価額1,910,000円（955円×2,000株） ＝310,000円 課徴金納付命令対象者(2) （1,110円×10,000株）－ 買付価額9,550,000円（955円×10,000株） ＝1,550,000円",1
2011-07-13,株式会社ジャストシステム株券,,株式会社ジャストシステム株券に係る内部者取引事件の告発について（平成23年7月13日）,https://www.fsa.go.jp/sesc/news/c_2011/2011/20110713-1.html,"平成23年7月13日 証券取引等監視委員会 株式会社ジャストシステム株券に係る内部者取引事件の告発について 証券取引等監視委員会は、平成23年7月13日、金融商品取引法違反（インサイダー取引）の嫌疑で、下記の犯則嫌疑者を東京地方検察庁検察官に告発した。 １．告発の対象となった犯則事実 犯則嫌疑者は、株式会社ジャスダック証券取引所が開設する有価証券市場に株券を上場していた株式会社ジャストシステムとの間でコンサルティング契約を締結していた者から、平成21年2月上旬ころ、同人が同契約の履行に関し知った、ジャストシステムの業務執行決定機関が、株式会社キーエンスを割当先とする第三者割当増資を行うこと及び業務提携を行うことについて決定した旨の事実の伝達を受け、法定の除外事由がないのに、平成21年2月23日から3月27日までの間、複数の証券会社を介し、ジャスダック証券取引所において、犯則嫌疑者ほか4名の名義で、ジャストシステム株券合計35万3,400株を代金合計5,329万2,300円で買い付けたものである。 ２．関連条文 金融商品取引法第166条第3項、同条第1項第4号、同条第2項第1号イ及びヨ、同法第197条の2第13号 法定刑：5年以下の懲役若しくは500万円以下の罰金、又は併科",1
2011-06-28,オックスホールディングス株式会社,8202,オックスホールディングスの子会社との契約締結者からの情報受領者によるオックスホールディングス株券に係る内部者取引に対する課徴金納付命令の勧告について（平成23年6月28日）,https://www.fsa.go.jp/sesc/news/c_2011/2011/20110628-2.html,"平成２３年６月２８日 証券取引等監視委員会 オックスホールディングスの子会社との契約締結者からの情報受領者によるオックスホールディングス株券に係る内部者取引に対する課徴金納付命令の勧告について １．勧告の内容 証券取引等監視委員会は、オックスホールディングスの子会社との契約締結者からの情報受領者によるオックスホールディングス株券に係る内部者取引について検査した結果、下記のとおり法令違反の事実が認められたので、本日、内閣総理大臣及び金融庁長官に対して、金融庁設置法第２０条第１項の規定に基づき、課徴金納付命令を発出するよう勧告を行った。 ２．法令違反の事実関係 課徴金納付命令対象者(1)、(2)は、オックスホールディングス株式会社（以下「オックスＨＤ」という。）の子会社であるオックスキャピタル株式会社（以下「オックスキャピタル」という。）と株式売却のあっ旋等に関する業務委託契約を締結していた者から、同人が同契約の締結の履行に関し知った、オックスキャピタルに合計５億８０００万円の有価証券評価損及び有価証券売却損が発生しており、同社の平成１８年８月期決算において同額相当の有価証券評価損又は有価証券売却損を計上しなければならないことが確実になったという、子会社のオックスキャピタルに業務遂行の過程で損害が発生した旨のオックスＨＤの業務等に関する事実の伝達を受けながら、この事実が公表された平成１８年８月３０日より前の、 ● 同月１１日及び同月１４日、オックスＨＤの株券合計２８２株を、自己の計算において、売付価額５５５万６２４０円で売り付け（課徴金納付命令対象者(1)） ● 同月１０日及び同月１１日、オックスＨＤの株券合計１００株を、自己の計算において、売付価額１９５万５９７０円で売り付け（課徴金納付命令対象者(2)） たものである。 上記２名が行った上記の行為は、金融商品取引法（平成２０年法律第６５号による改正前のもの。以下「旧金融商品取引法」という。）第１７５条第１項に規定する「第１６６条・・・第３項の規定に違反して、自己の計算において同条第１項に規定する売買等をした」行為に該当すると認められる。 ３．課徴金の額の計算 上記の違法行為に対し、金融商品取引法に基づき納付を命じられる課徴金の額は、下記のとおりである。 課徴金納付命令対象者(1)　６３万円 課徴金納付命令対象者(2)　２０万円 計算方法の詳細については、別紙のとおり。 （別紙） ○　課徴金の額の計算方法について 旧金融商品取引法第１７５条第１項に基づき、課徴金の額は、 （売付価格）×（売付株数）－（重要事実の公表翌日の終値等）×（売付株数） となる。 したがって、重要事実の公表翌日（平成１８年８月３１日）のオックスＨＤの株価の終値は、１７，４６０円であることから、課徴金の額は下記の金額となる。 課徴金納付命令対象者(1) 売付価額５，５５６，２４０円（注１）－（１７，４６０円×２８２株） ＝６３２，５２０円 ⇒課徴金の額は１万円未満を切り捨てるため、 ６３万円 （注１）売付価額は、 ┌ │ │ │ │ └ 18,900円× 46株、18,910円× 4株 19,000円×100株、19,100円×32株 21,000円×100株 ┐ │ │ │ │ ┘ の合計額である。 課徴金納付命令対象者(2) 売付価額１，９５５，９７０円（注２）－（１７，４６０円×１００株） ＝２０９，９７０円 ⇒課徴金の額は１万円未満を切り捨てるため、 ２０万円 （注２）売付価額は、 ┌ │ │ │ │ │ └ 18,800円× 7株、18,810円× 4株 18,850円×26株、18,860円×13株 20,200円×20株、20,220円× 5株 20,350円×25株 ┐ │ │ │ │ │ ┘ の合計額である。",1
2011-06-28,,,証券取引等監視委員会の事務処理状況の公表について（平成23年6月28日）,https://www.fsa.go.jp/sesc/reports/n_22/n_22.html,"平成２３年６月２８日 証券取引等監視委員会 証券取引等監視委員会の事務処理状況の公表について 証券取引等監視委員会（以下「証券監視委」という。）は、発足以来毎年、事務処理状況を公表していますが、今回は、その19回目として、平成22年４月１日から同23年３月31日までの期間における事務の処理状況を「証券取引等監視委員会の活動状況」として公表します。 公表内容の主なポイント 第２章：　証券監視委の活動方針 第７期体制（平成２２年１２月発足）の中期的な戦略である活動方針（平成23年１月公表）について、その策定の背景と基本的な考え方を掲載 １．証券監視委の使命 ○市場の公正性・透明性の確保 ○投資者の保護 ２．基本的な考え方 (1) 機動性・戦略性の高い市場監視の実現 (2) 市場規律の強化に向けた働きかけ (3) 市場のグローバル化への対応 ３．重点施策 (1) 包括的かつ機動的な市場監視 (2) 不公正取引や虚偽記載等への厳正な対応 (3) ディスクロージャー違反に対する迅速・効率的な検査・調査の実施 (4) 課徴金制度の一層の活用 (5) 検査対象先の特性に応じた効率的かつ実効性ある証券検査の実施 (6) 自主規制機関などとの連携 第３章：市場分析審査 １．一般投資家等からの情報受付 平成２２年度：６，９２７件 （内容別内訳） ・個別銘柄に関するもの ３，６４０件 ・発行体に関するもの ５９７件 ・金融商品取引業者の営業姿勢等に関するもの １，１４２件 ・その他の意見等 １，５４８件 ２．市場動向分析 第三者割当を中心としたファイナンスを巡る最近の動向調査 企業等不祥事における第三者調査委員会の設立及び調査報告状況の把握 新たな取引形態（高頻度取引（HFT）等）の実態把握 株式公開買付け（TOB)に係る実務及びインサイダー取引のリスクに関する実態把握と対応策の提言 ・摘発件数の増加を受け、TOB関係者に対して実態把握を実施 ・実態把握を踏まえ、各関係者の情報漏えいリスクを特定し、 インサイダー取引未然防止の観点から、その対応策を提言 ３．取引審査 平成２２年度：６９１件 （内訳：価格形成に関するもの５４件、内部者取引に関するもの６１３件、その他：２４件） ・不公正ファイナンス事案の疑いがあるものについては、偽計等の観点から取引審査を実施 ・クロスボーダー取引について、必要に応じ、海外証券規制当局等から情報収集 ・自主規制機関との緊密な連携 ・東日本大震災後の対応 第４章：証券検査 １．検査の実施状況 証券会社(８２社)、投資助言・代理業者(３５社)、二種(ファンド)　業者(１８社)、ＦＸ業者(１８社)等、多様な業態をカバーし、全体で　２１０社(昨年度２１１社)の登録業者を検査 全体の約５割に当たる１０３社に対し、問題点を通知 うち重大な法令違反等が認められた１９社(１８件)について行政処分勧告を実施 多種多様な検査対象の特性に応じ、メリハリを効かせ対応 ・グローバルに活動する大手証券会社については、リスク管理態勢等を重点的に検証。金商業者検査マニュアルを改正し(平成２３年４月１日公表)、検証項目も整備 ・ファンド販売業者、投資助言・代理業者については、集中的に法令遵守状況を検査 ・無登録業者等に対する金商法第１９２条(申立て)、第１８７条(調査)の活用に着手 ２．ファンド販売業者、投資助言・代理業者に対する集中的な検査 ファンド販売業者３５先、投資助言・代理業者７４先の検査結果を取りまとめ、公表（ファンド販売業者平成２２年１０月、投資助言・代理業者平成２３年２月） 出資金の流用、無登録営業等の重大な法令違反が多数発覚 ⇒業界に対し法令遵守への取組みを要請、投資者には、問題事例を示し、注意喚起 検査結果に基づき、「事業型ファンド」の販売規制の拡充、投資助言・代理業者の登録拒否要件の拡充につき建議。いずれも実現化 ３．無登録業者に対する裁判所への禁止命令等の申立て 平成２０年の金商法改正により、監視委に申立て権限を委任。平成２２年の同法改正で申立て違反に対する罰則を強化。 ⇒申立制度の実効性強化 これらの制度整備を受け、無登録で未公開株式等の勧誘を行っていた(株)大経及びその役員について、昭和２３年の制度導入以来初となる申立てを実施（平成２２年１１月１７日） 第５章：課徴金調査 課徴金調査の結果に基づく勧告状況 内部者取引２０件、相場操縦６件 （内部者取引の件数は平成２１年度に次ぐ。相場操縦の件数は過去最多。） ⇒計２６件の勧告を実施 勧告事案例 ・公認会計士が職務上知り得た情報を元に内部者取引を行った事案 ・アルゴリズム取引の特性を利用することを意図した相場操縦事案 内部者取引事案の傾向 ・昨年度に引き続き、第一次情報受領者による事案の件数が、会社関係者・公開買付者等関係者による事案の件数を上回った ・契約締結者等として内部情報を得た者が情報伝達を行った事案が増加 第６章：開示検査 １．開示検査の結果に基づく勧告状況 虚偽記載等の開示義務違反に対し、１９件（過去最多）の勧告を実施 勧告事案例 ・有価証券報告書等の虚偽記載及び当該開示会社役員が所有する同社株券売出しに係る目論見書の虚偽記載に係る事案（(株)シニアコミュニケーション） ・有価証券報告書等の不提出に対して課徴金納付命令勧告を初めて行った事案（(株)ゼクス） (注)勧告に至らない場合にも、自発的な訂正を促している ２．無届募集に対する裁判所への禁止命令等の申立て 平成２２年の金商法改正による申立制度の実効性強化 制度整備を受け、無届けで自社株式等の取得の勧誘を行っていた(株)生物化学研究所について、申立てを実施（平成２２年１１月２６日） 第７章：犯則事件の調査・告発 １．告発の状況 ８件を告発 （内訳：内部者取引４件、相場操縦１件、偽計１件、虚偽有価証券届出書提出１件、 無届募集１件） ２．主な告発事例 (株)エフオーアイによる新規上場時の粉飾を伴う公募増資 ・一般投資家への更なる被害の拡大を最小限にするため、同社株の取引制限（ロックアップ）が解除される前に強制調査に着手 ・新規上場時の粉飾を伴う公募増資について、「有価証券届出書の虚偽記載」に加え「株式の募集のための偽計」（金商法１５８条）を適用した初のケース (株) 丸美に係る無届社債券募集 ・無届募集を告発した初のケース 大分在住のデイトレーダーによる見せ玉手法等を用いた相場操縦 ・東証の新売買システム「arrowhead」稼動後の相場操縦行為を摘発した初のケース ・インターネット取引の進展に伴う証券犯罪のローカル化に対応 (株)西友株券の公開買付けに係る内部者取引 ・犯則嫌疑者が、(株)西友株券のＴＯＢが行われる旨を同社の社外取締役である配偶者から伝達を受け、内部者取引を行った事例 第８章：建議 建議を通じたルール整備への貢献 事業型ファンドにおける分別管理に係る販売規制についての建議 （平成２２年１０月１９日） ⇒金融庁は建議に基づく措置として、「金融商品取引業者等に関する内閣府令」を改正し、契約締結前交付書面の記載事項に次の内容を追加（平成２３年４月１日施行） ・ファンド毎の出資金の具体的な預託先、支店名、口座名等 ・分別管理の実施状況及びその確認を行った方法 投資助言・代理業者の登録拒否事由についての建議（平成２３年２月８日） ⇒金融庁は、建議に基づく措置として、投資助言・代理業の登録拒否事由に人的構成要件を追加する金商法の改正を含む「資本市場及び金融業の基盤強化のための金融商品取引法等の一部を改正する法律」案を国会に提出（平成２３年５月２５日公布） 第９章：監視活動の機能強化 １．市場監視体制の充実・強化 組織の拡充：定員３８４→３９２人（８人増） 民間専門家の増加：弁護士、公認会計士、ＩＴ専門家等１０６→１１１名（５人増） ２．情報収集・分析能力の向上 証券総合システムの改修 ・大証における新デリバティブ売買システム「J-GATE」への対応 ３．システム・インフラの強化 デジタルフォレンジック運用体制の強化 ・専門機材、ソフトフェア等の整備 ４．市場参加者との対話、情報発信 市場参加者に対する講演や意見交換等の実施 新たな情報発信ツールとして、証券監視委メールマガジンを発刊 ５．関係当局等との連携 金融庁、財務局、自主規制機関と定期的な意見交換を実施 ６．海外証券規制当局等との連携 情報交換枠組み（多国間MOU）等を活用したクロスボーダー事案への対応 海外規制当局（米SEC等）への職員派遣 活動状況のポイント （PDF/260KB） 「 証券監視委の活動状況 」（一覧表）へ　(PDF/64KB) 「証券取引等監視委員会の活動状況」の本文へ 本文 （PDF/2,037KB） 附属資料 （PDF/2,444KB） 全文一括印刷用 （PDF/3,782KB）",1
2011-06-21,,,「金融商品取引法における課徴金事例集」の公表について（平成23年6月21日）,https://www.fsa.go.jp/sesc/news/c_2011/2011/20110621-1.html,平成２３年６月２１日 証券取引等監視委員会 「金融商品取引法における課徴金事例集」の公表について 証券取引等監視委員会では、「金融商品取引法における課徴金事例集」について、 別紙(PDF/364KB) のとおり取りまとめましたので、公表します。 本事例集は、市場参加者に課徴金制度への理解を深めてもらうため、課徴金納付命令勧告を行った事案の概要に、事例ごとの特色などについて説明を加えて取りまとめ、公表しているものです。こうした事例集の公表は、４回目となります。 今回の事例集は、証券取引等監視委員会の勧告に基づき、平成22年５月から平成23年４月までの間に課徴金納付命令が発せられ、取消しの訴えの出訴期間が経過した（取消しの訴えがあり、現在係争中のものを除く。）課徴金事例（31事例）を記載しました。 内訳は、 内部者取引に係るもの14事例 相場操縦に係るもの５事例 開示書類の虚偽記載に係るもの11事例 開示書類の不提出に係るもの１事例 です。 また、課徴金納付命令勧告は行わなかったものの、開示検査の結果、是正が行われた事例（３事例）を記載しました。 証券取引等監視委員会は、本事例集が、市場監視行政の透明性を高め、市場参加者の自主的規律の促進、証券市場における取引の公正や適正開示の実現に役立つことを期待しています。 課徴金勧告事案に係る違反行為ごとの主な特色(PDF/136KB) 過去の課徴金事例集はこちら,1
2011-06-10,株式会社スルガコーポレーション株券,,株式会社スルガコーポレーション株券に係る内部者取引事件の告発について（平成23年6月10日）,https://www.fsa.go.jp/sesc/news/c_2011/2011/20110610-1.html,平成23年6月10日 証券取引等監視委員会 株式会社スルガコーポレーション株券に係る内部者取引事件の告発について 証券取引等監視委員会は、平成23年6月10日、金融商品取引法違反（インサイダー取引）の嫌疑で、下記の犯則嫌疑法人及び犯則嫌疑者を横浜地方検察庁検察官に告発した。 １．告発の対象となった犯則事実 犯則嫌疑者Aは、犯則嫌疑法人株式会社スルガコーポレーションの代表取締役であったもの、犯則嫌疑者B及びCは、犯則嫌疑法人の社員であったものであり、犯則嫌疑者3名は、いずれも自己の職務に関し、犯則嫌疑法人が従前から委託先法人に行わせていた犯則嫌疑法人所有の商業ビルの立ち退き交渉業務に関し、警察において、同委託先法人が反社会的勢力であるとし、当該交渉業務について、犯則嫌疑法人の役員らの取調べ等の捜査を進めているという、同社の運営、業務及び財産に関する重要な事実であって、投資者の投資判断に著しい影響を及ぼす事実を、平成20年2月中旬ころまでに知り、共謀の上、法定の除外事由がないのに、同事実の公表前である平成20年2月25日から同年3月3日までの間、犯則嫌疑法人の業務及び財産に関し、証券会社を介し、東京証券取引所において、同証券会社に開設された関係法人名義口座において保有されていた犯則嫌疑法人の株券合計1万4500株を、価格合計1904万3600円で売り付けたものである。 ２．関連条文 金融商品取引法第197条の2第13号、同法第207条第1項第2号、同法第166条第1項第1号、同条第2項第4号、刑法第60条 法定刑：法人につき　5億円以下の罰金 個人につき　5年以下の懲役若しくは500万円以下の罰金、又は併科,1
2011-03-22,オックスホールディングス株式会社,8202,オックスホールディングス株式会社株券に係る内部者取引事件の告発について（平成23年3月22日）,https://www.fsa.go.jp/sesc/news/c_2011/2011/20110322-1.html,平成２３年３月２２日 証券取引等監視委員会 オックスホールディングス株式会社株券に係る内部者取引事件の告発について 証券取引等監視委員会は、平成23年3月22日、証券取引法違反（インサイダー取引）の嫌疑で、下記の犯則嫌疑者を東京地方検察庁立川支部検察官に告発した。 １．告発の対象となった犯則事実 犯則嫌疑者は、株式会社大阪証券取引所が開設する有価証券市場に株券を上場していたオックスホールディングス株式会社の子会社で金融業並びに有価証券の運用及び売買等を目的とするオックスキャピタル株式会社と株式売却のあっ旋等に関する業務委託契約を締結していたものであるが、平成18年7月28日ころ、同契約の履行に関し、同社に合計約5億8000万円の有価証券評価損及び有価証券売却損が発生しており同社の同年8月期決算において同額相当の有価証券評価損又は有価証券売却損を計上しなければならないことが確実になったという、同社の業務遂行の過程で損害が発生した事実を知り、同事実の公表前に信用取引によりオックスホールディングス株券を売り付け、その公表後に買い戻して利益を得ようと企て、法定の除外事由がないのに、同事実の公表前である8月10日及び同月15日、複数の証券会社を介し、大阪証券取引所において、犯則嫌疑者らの名義でオックスホールディングス株券合計1538株を代金合計3232万3670円で売り付けたものである。 ２．関連条文 平成18年法律第65号第3条による改正前の証券取引法第197条の2第13号、 第166条第1項第4号、第2項第6号イ 法定刑：5年以下の懲役若しくは500万円以下の罰金、又は併科,1
2011-03-29,株式会社塩見ホールディングス,,株式会社塩見ホールディングスが実施した第三者割当増資の引受人による内部者取引に対する課徴金納付命令の勧告について（平成23年3月29日）,https://www.fsa.go.jp/sesc/news/c_2011/2011/20110329-1.html,"平成２３年３月２９日 証券取引等監視委員会 株式会社塩見ホールディングスが実施した第三者割当増資の引受人による内部者取引に対する課徴金納付命令の勧告について １．勧告の内容 証券取引等監視委員会は、株式会社塩見ホールディングスが実施した第三者割当増資の引受人による内部者取引について検査した結果、下記のとおり法令違反の事実が認められたので、本日、内閣総理大臣及び金融庁長官に対して、金融庁設置法第２０条第１項の規定に基づき、課徴金納付命令を発出するよう勧告を行った。 ２．法令違反の事実関係 課徴金納付命令対象者は、株式会社塩見ホールディングス（以下「塩見ＨＤ」という。）が平成２１年９月１５日に公表した新株式発行による第三者割当増資について、新株式の引受人になることを予定していた者として、塩見ＨＤとの間で、第三者割当による新株式の引受けに係る契約の締結の交渉をしていた者であるが、同契約の締結の交渉に関し、塩見ＨＤが、その発行する株式を引き受ける者の募集を行うことを決定した事実を知りながら、この事実が公表された同月１５日より前の同月２日に、塩見ＨＤの株式３万株を、自己の計算において買付価額５７万円で買い付けたほか、同月９日及び同月１０日に、塩見ＨＤの株式合計８万株を、自己の計算において売付価額２６３万円で売り付けたものである。 課徴金納付命令対象者が行った上記の行為は、金融商品取引法第１７５条第１項に規定する「第１６６条第１項・・・の規定に違反して、同条第１項に規定する売買等をした」行為に該当すると認められる。 ３．課徴金の額の計算 上記の違法行為に対し、金融商品取引法に基づき納付を命じられる課徴金の額は、１５７万円である。 計算方法の詳細については、別紙のとおり。 （別紙） ○　課徴金の額の計算方法について 金融商品取引法第１７５条第１項に基づき、課徴金の額は、 （重要事実が公表された後２週間における最も高い価格）×（買付株数） －（買付価格）×（買付株数） 及び （売付価額）×（売付株数） －（重要事実が公表された後２週間における最も低い価格）×（売付株数） となる。 したがって、塩見ＨＤの株価について、重要事実公表後２週間における最も高い価格は６１円（平成２１年９月２９日）であり、最も低い価格は２９円（平成２１年９月１８日）であることから、課徴金の額は下記の金額となる。 （６１円×３０，０００株） －買付価額５７０，０００円（１９円×３０，０００株）＝１，２６０，０００円 売付価額２，６３０，０００円（注１） －（２９円×８０，０００株）＝３１０，０００円 １，２６０，０００円 ＋ ３１０，０００円 ＝ １，５７０，０００円 （注１）売付価額は、 ┌ │ │ │ │ │ └ 29円×30,000株　34円×20,000株 35円×10,000株 36円×10,000株　37円×10,000株 ┐ │ │ │ │ │ ┘ の合計額である。",1
2011-02-18,株式会社エヌジェーケー,,株式会社エヌジェーケーの役員からの情報受領者による内部者取引に対する課徴金納付命令の勧告について（平成23年2月18日）,https://www.fsa.go.jp/sesc/news/c_2011/2011/20110218-1.html,"平成２３年２月１８日 証券取引等監視委員会 株式会社エヌジェーケーの役員からの情報受領者による内部者取引に対する課徴金納付命令の勧告について １．勧告の内容 証券取引等監視委員会は、株式会社エヌジェーケーの役員からの情報受領者による内部者取引について検査した結果、下記のとおり法令違反の事実が認められたので、本日、内閣総理大臣及び金融庁長官に対して、金融庁設置法第２０条第１項の規定に基づき、課徴金納付命令を発出するよう勧告を行った。 ２．法令違反の事実関係 課徴金納付命令対象者は、株式会社エヌジェーケー（以下「エヌジェーケー」という。）の役員Ａから、同社役員Ｂが同社と株式会社エヌ・ティ・ティ・データ（以下「ＮＴＴデータ」という。）との間の資本業務提携契約の締結の交渉に関し知り、その後、役員Ａがその職務に関し知った、ＮＴＴデータがエヌジェーケーの株式の公開買付けを行うことを決定した事実の伝達を受けながら、この事実が公表された平成２１年１２月２２日より前の同月９日から同月１５日までの間に、自己の計算において、エヌジェーケーの株式合計５０００株を買付価額１０６万３０００円で買い付けたものである。 課徴金納付命令対象者が行った上記の行為は、金融商品取引法第１７５条第２項に規定する「第１６７条第１項又は第３項の規定に違反して、同条第１項に規定する特定株券等若しくは関連株券等に係る買付け等又は同項に規定する株券等に係る売付け等をした」行為に該当すると認められる。 ３．課徴金の額の計算 上記の違法行為に対し、金融商品取引法に基づき納付を命じられる課徴金の額は、８５万円である。 計算方法の詳細については、別紙のとおり。 （別紙） ○　課徴金の額の計算方法について 金融商品取引法第１７５条第２項に基づき、課徴金の額は、 （公開買付けの実施に関する事実が公表された後２週間における最も高い価格）×（買付株数） － （買付価格）×（買付株数） となる。 したがって、公開買付けの実施に関する事実の公表後２週間におけるエヌジェーケーの最も高い株価は、平成２１年１２月２９日の３８３円であることから、課徴金の額は下記の金額となる。 （３８３円×５，０００株） － 買付価額１，０６３，０００円（注） ＝８５２，０００円 ⇒課徴金の額は１万円未満を切り捨てるため、 ８５万円 （注）買付価額は、「211円×2,000株、212円×2,000株、217円×1,000株」の合計額である。",1
2011-02-15,株式会社ファミリーマート,,株式会社ファミリーマート社員からの情報受領者による内部者取引に対する課徴金納付命令の勧告について（平成23年2月15日）,https://www.fsa.go.jp/sesc/news/c_2011/2011/20110215-1.html,"平成２３年２月１５日 証券取引等監視委員会 株式会社ファミリーマート社員からの情報受領者による内部者取引に対する課徴金納付命令の勧告について １．勧告の内容 証券取引等監視委員会は、株式会社ファミリーマート社員からの情報受領者による内部者取引について検査した結果、下記のとおり法令違反の事実が認められたので、本日、内閣総理大臣及び金融庁長官に対して、金融庁設置法第２０条第１項の規定に基づき、課徴金納付命令を発出するよう勧告を行った。 ２．法令違反の事実関係 課徴金納付命令対象者は、株式会社ファミリーマート（以下「ファミリーマート」という。）の社員から、同人がその職務に関し知った、ファミリーマートが株式会社エーエム・ピーエム・ジャパンを子会社化するため同社株式を取得することを決定した事実の伝達を受けながら、この事実が公表された平成２１年１１月１３日より前の同月１１日に、自己の計算において、ファミリーマートの株式合計１万株を買付価額２４８３万円で買い付けたものである。 課徴金納付命令対象者が行った上記の行為は、金融商品取引法第１７５条第１項に規定する「第１６６条・・・第３項の規定に違反して、同条第１項に規定する売買等をした」行為に該当すると認められる。 ３．課徴金の額の計算 上記の違法行為に対し、金融商品取引法に基づき納付を命じられる課徴金の額は、３４７万円である。 計算方法の詳細については、別紙のとおり。 （別紙） ○　課徴金の額の計算方法について 金融商品取引法第１７５条第１項に基づき、課徴金の額は、 （重要事実が公表された後２週間における最も高い価格）×（買付株数） －（買付価格）×（買付株数） となる。 したがって、重要事実の公表後２週間におけるファミリーマートの最も高い株価は、平成２１年１１月２７日の２，８３０円であることから、課徴金の額は下記の金額となる。 （２，８３０円×１０，０００株） －買付価額２４，８３０，０００円（注） ＝３，４７０，０００円 （注）買付価額は、「2,480円×4,000株、2,485円×6,000株」の合計額である。",1
2012-11-30,株式会社ニッセンホールディングス,,株式会社ニッセンホールディングスとの契約締結交渉者からの情報受領者による内部者取引に対する課徴金納付命令の勧告について（平成24年11月30日）,https://www.fsa.go.jp/sesc/news/c_2012/2012/20121130-2.html,"平成２４年１１月３０日 証券取引等監視委員会 株式会社ニッセンホールディングスとの契約締結交渉者からの情報受領者による内部者取引に対する課徴金納付命令の勧告について １．勧告の内容 証券取引等監視委員会は、株式会社ニッセンホールディングスとの契約締結交渉者からの情報受領者による内部者取引について検査した結果、下記のとおり法令違反の事実が認められたので、本日、内閣総理大臣及び金融庁長官に対して、金融庁設置法第２０条第１項の規定に基づき、課徴金納付命令を発出するよう勧告を行った。 ２．法令違反の事実関係 課徴金納付命令対象者は、株式会社ニッセンホールディングス（以下「ニッセン」という。）と、シャディ株式会社（以下「シャディ」という。）の発行済普通株式全部の譲渡を含む資本業務提携に関する基本合意書の締結の交渉をしていたユーシーシーホールディングス株式会社（以下「ＵＣＣ」という。）の役員から、同人が同合意書の締結の交渉に関し知った、ニッセンの業務執行を決定する機関が、ＵＣＣと業務上の提携を行うこと及びＵＣＣからシャディの発行済株式の全部を譲り受けて同社を子会社化することについての決定をした旨の重要事実の伝達を受けながら、この事実が公表された平成２４年２月２０日より前の平成２４年２月１０日、自己の計算において、ニッセンの株式５０００株を買付価額１８１万円で買い付けたものである。 課徴金納付命令対象者が行った上記の行為は、金融商品取引法第１７５条第１項に規定する「第１６６条第１項又は第３項の規定に違反して、同条第１項に規定する売買等をした」行為に該当すると認められる。 ３．課徴金の額の計算 上記の違法行為に対し、金融商品取引法に基づき納付を命じられる課徴金の額は、２４万円である。 計算方法の詳細については、別紙のとおり。 （別紙） ○ 課徴金の額の計算方法について 金融商品取引法第１７５条第１項に基づき、課徴金の額は、 （重要事実が公表された後２週間における最も高い価格）×（買付株数） －（買付価格）×（買付株数） となる。 したがって、重要事実の公表後２週間におけるニッセンの最も高い株価は、平成２４年２月２２日の４１１円であることから、課徴金の額は下記の金額となる。 （４１１円×５，０００株） － 買付価額１，８１０，０００円 （注） ＝ ２４５，０００円 ⇒課徴金の額は１万円未満を切り捨てるため、 ２４万円 （注）買付価額は、「362円×5,000株」の額である。",1
2012-11-16,サイレックス・テクノロジー株式会社,,公開買付者との契約締結者からの情報受領者によるサイレックス・テクノロジー株式に係る内部者取引に対する課徴金納付命令の勧告について（平成24年11月16日）,https://www.fsa.go.jp/sesc/news/c_2012/2012/20121116-2.html,"平成２４年１１月１６日 証券取引等監視委員会 公開買付者との契約締結者からの情報受領者によるサイレックス・テクノロジー株式に係る内部者取引に対する課徴金納付命令の勧告について １．勧告の内容 証券取引等監視委員会は、公開買付者との契約締結者からの情報受領者によるサイレックス・テクノロジー株式に係る内部者取引について検査した結果、下記のとおり法令違反の事実が認められたので、本日、内閣総理大臣及び金融庁長官に対して、金融庁設置法第２０条第１項の規定に基づき、課徴金納付命令を発出するよう勧告を行った。 ２．法令違反の事実関係 課徴金納付命令対象者は、サイレックス・テクノロジー株式会社（以下「サイレックス」という。）の株主であった者から、同人が、同人と村田機械株式会社（以下「村田機械」という。）との間の公開買付応募契約の締結に関し知った、村田機械の業務執行を決定する機関が、サイレックス株式の公開買付けを行うことについての決定をした旨の公開買付け等の実施に関する事実の伝達を受けながら、この事実が公表された平成２３年８月１１日より前の同月９日、自己の計算において、サイレックスの株式合計２５株を買付価額合計８２万７７００円で買い付けたものである。 課徴金納付命令対象者が行った上記の行為は、金融商品取引法第１７５条第２項に規定する「第１６７条第１項又は第３項の規定に違反して、同条第１項に規定する特定株券等若しくは関連株券等に係る買付け等又は同項に規定する株券等に係る売付け等をした」行為に該当すると認められる。 ３．課徴金の額の計算 上記の違法行為に対し、金融商品取引法に基づき納付を命じられる課徴金の額は、６１万円である。 計算方法の詳細については、別紙のとおり。 （別紙） ○ 課徴金の額の計算方法について 金融商品取引法第１７５条第２項に基づき、課徴金の額は、 （公開買付け等の実施に関する事実が公表された後２週間における最も高い価格）×（買付株数）－（買付価格）×（買付株数） となる。 したがって、公開買付け等の実施に関する事実の公表後２週間におけるサイレックスの最も高い株価は、平成２３年８月１６日の５７，８００円であることから、課徴金の額は下記の金額となる。 （５７，８００円×２５株）－買付価額８２７，７００円（注） ＝６１７，３００円 ⇒課徴金の額は１万円未満を切り捨てるため、 ６１万円 （注）買付価額は、「32,600円×12株＋32,800円×2株＋32,900円×1株＋33,000円×2株＋33,500円×3株 ＋34,300円×5株」の合計額である。",1
2012-10-30,株式会社バンテック,,株式会社バンテック社員からの情報受領者による内部者取引に対する課徴金納付命令の勧告について（平成24年10月30日）,https://www.fsa.go.jp/sesc/news/c_2012/2012/20121030-1.html,"平成２４年１０月３０日 証券取引等監視委員会 株式会社バンテック社員からの情報受領者による内部者取引に対する課徴金納付命令の勧告について １．勧告の内容 証券取引等監視委員会は、株式会社バンテック社員からの情報受領者による内部者取引について検査した結果、下記のとおり法令違反の事実が認められたので、本日、内閣総理大臣及び金融庁長官に対して、金融庁設置法第２０条第１項の規定に基づき、課徴金納付命令を発出するよう勧告を行った。 ２．法令違反の事実関係 課徴金納付命令対象者は、株式会社バンテック（以下「バンテック」という。）の社員から、同人がその職務に関し知った、バンテックの業務執行を決定する機関が、全部取得条項付種類株式を利用する方法により、バンテックを株式会社日立物流の完全子会社とする決定をした旨の、バンテックの運営、業務又は財産に関する重要な事実であって投資者の投資判断に著しい影響を及ぼす事実の伝達を受けながら、この事実が公表された平成２３年１２月１５日より前の同年１１月３０日から同年１２月１日までの間に、自己の計算において、バンテックの株式合計６５株を買付価格合計９２３万円で買い付けたものである。 課徴金納付命令対象者が行った上記の行為は、金融商品取引法第１７５条第１項に規定する「第１６６条第１項又は第３項の規定に違反して、同条第１項に規定する売買等をした」行為に該当すると認められる。 ３．課徴金の額の計算 上記の違法行為に対し、金融商品取引法に基づき納付を命じられる課徴金の額は、５８５万円である。 計算方法の詳細については、別紙のとおり。 （別紙） ○ 課徴金の額の計算方法について 金融商品取引法第１７５条第１項に基づき、課徴金の額は、 （重要事実が公表された後２週間における最も高い価格）×（買付株数） －（買付価格）×（買付株数） となる。 したがって、重要事実の公表後２週間におけるバンテックの最も高い株価は、平成２３年１２月２０日の２３２，０００円であることから、課徴金の額は下記の金額となる。 （２３２，０００円×６５株）－買付価額９，２３０，０００円（注） ＝５，８５０，０００円 （注）買付価額は、「142,000円×65株」の額である。",1
2012-11-02,ジャパン・アドバイザリー合同会社,,ジャパン・アドバイザリー合同会社による内部者取引に対する課徴金納付命令の勧告について（平成24年11月2日）,https://www.fsa.go.jp/sesc/news/c_2012/2012/20121102-1.html,平成２４年１１月２日 証券取引等監視委員会 ジャパン・アドバイザリー合同会社による内部者取引に対する課徴金納付命令の勧告について １．勧告の内容 証券取引等監視委員会は、ジャパン・アドバイザリー合同会社（以下「当社」という。）による内部者取引について検査した結果、下記のとおり法令違反の事実が認められたので、本日、内閣総理大臣及び金融庁長官に対して、金融庁設置法第２０条第１項の規定に基づき、課徴金納付命令を発出するよう勧告を行った。 ２．法令違反の事実関係 当社は、投資助言・代理業を行うことにつき、内閣総理大臣の登録を受けていた（平成２４年６月２９日登録取消し）が、投資運用業を行うことにつき登録を受けることなく実質的にその顧客の資産に関する投資運用業を営んでいた会社である。当社において、外国籍の２つのヘッジファンドの財産を実質的に運用していた同社社員が、平成２３年７月５日に、エルピーダメモリ株式会社との引受契約の締結の交渉を行っていた証券会社の社員甲から、エルピーダメモリ株式会社の業務執行を決定する機関が株式及び転換社債型新株予約権付社債の募集を行うことについての決定をした旨の事実（同証券会社の他の社員乙が交渉に関して知り、社員甲がその職務に関し知ったものである。）の伝達（社員甲が、当社に対して産業用エレクトロニクス業種に関する説明等を行うにあたり、同証券会社の社内規則に基づき社員甲の担当銘柄であるエルピーダメモリ株式会社に関する記載を削除した説明資料を作成し、当社社員らに交付したこと等から、上記当社社員が上記事実を認識したものである。）を受けながら，この事実が公表された平成２３年７月１１日より前の平成２３年７月６日に、上記外国籍ヘッジファンドの計算において、エルピーダメモリ株式会社株式合計３万２６００株を売付価額３０４１万４９８６円で売り付けたものである。 当社の行為は、金融商品取引法第１７５条第１項に規定する「第１６６条第１項又は第３項の規定に違反して、同条第１項に規定する売買等をした」行為に該当すると認められる。 ３．課徴金の額の計算 上記の違法行為に対し金融商品取引法に基づき納付を命じられる課徴金の額は、１２万円である。 計算方法の詳細については、別紙のとおり。 ４．その他 本件については、上記２．の証券会社から、同社が継続的に行っている自主的な点検・調査において、問題を把握したとして、証券取引等監視委員会に報告がなされたものである。その後も証券取引等監視委員会の検査において、同社より協力がなされている。 （別紙） ○ 課徴金の額の計算方法について (1) 金融商品取引法第１７５条第１項第３号・金融商品取引法第六章の二の規定による課徴金に関する内閣府令第１条の２１第１項第１号の規定により、金融商品取引法第１７５条第１項第３号に規定する売買をした者（以下「違反者」という。）が運用財産の運用として当該売買を行った場合、（ア）当該売買が行われた月について違反者に当該運用財産の運用の対価として支払われ、又は支払われるべき金銭その他の財産の価額の総額に、（イ）当該売買が行われた日からその月の末日までの間の当該運用財産である当該売買の銘柄の総額のうち最も高い額を乗じ、（ウ）当該取引が行われた月の末日における当該運用財産の総額で除した額。 本件では、対象となる取引は、２つの運用財産の運用として行われているため、各運用財産について課徴金額を計算し、それらを合計する額になる。 運用財産（I）について （ア）６２，０７３，７８４円×（イ）８２，１４６，９００円 ÷（ウ）５８，８６４，７９６，１６７円 ＝８６，６２５円 運用財産（II）について （ア）３３，１３２，４８１円×（イ）２３，５２７，９００円 ÷（ウ）２１，８６６，０２５，５３９円 ＝３５，６５０円 合計　８６，６２５円＋３５，６５０円＝１２２，２７５円 (2) 金融商品取引法第１７６条第２項の規定により、上記(1)で計算した額の１万円未満の端数を切捨て。,1
2012-08-03,日興コーディアル証券株式会社,,証券会社元執行役員が関与した内部者取引事件の告発について(2)（平成24年8月3日）,https://www.fsa.go.jp/sesc/news/c_2012/2012/20120803-3.html,平成２４年８月３日 証券取引等監視委員会 証券会社元執行役員が関与した内部者取引事件の告発について（２） 証券取引等監視委員会は、本日（８月３日）、金融商品取引法違反（インサイダー取引）の嫌疑で、嫌疑者４名を横浜地方検察庁検察官に告発した。 １．告発の対象となった犯則事実 犯則嫌疑者Ａは、証券会社執行役員であったもの、犯則嫌疑者Ｂ及び犯則嫌疑者Ｃは、Ａの知人であったもの、犯則嫌疑者Ｄは、Ｂ及びＣの知人であったものであるが、犯則嫌疑者４名は 第１ 犯則嫌疑者Ａにおいて、平成２３年３月２８日頃から同年７月１９日頃までの間に、日興コーディアル証券株式会社（平成２３年４月１日、SMBC日興証券株式会社に商号変更。以下「日興証券」という。）が株式会社ＴＭコーポレーションとの間で締結していたアドバイザリー業務委託契約等の締結の交渉等に関し、同社の業務執行を決定する機関が、東京証券取引所が開設する有価証券市場に株券を上場していたバルス株式会社の株券の公開買付けを行うことについての決定をした旨の公開買付けの実施に関する事実を知り、共謀の上、法定の除外事由がないのに、同事実の公表前である同年３月２９日から同年９月２日までの間、犯則嫌疑者Ｄ名義で、バルス株式会社の株券合計２４７株を代金合計１８６０万９５００円で買い付け 第２ 犯則嫌疑者Ａにおいて、平成２３年４月２７日頃から同年７月２５日頃までの間に、日興証券が株式会社はしやまとの間で締結していたアドバイザリー業務委託契約等の締結の交渉等に関し、同社の業務執行を決定する機関が、東京証券取引所等が開設する有価証券市場に株券を上場していたマスプロ電工株式会社の株券の公開買付けを行うことについての決定をした旨の公開買付けの実施に関する事実を知り、共謀の上、法定の除外事由がないのに、同事実の公表前である同年６月１日から同年７月２９日までの間、犯則嫌疑者Ｄ名義で、マスプロ電工株式会社の株券合計６万６９００株を代金合計４３２５万６９００円で買い付け たものである。 〔関連条文〕 金融商品取引法第197条の2第13号、第167条第１項第４号、刑法第60条 法定刑：5年以下の懲役若しくは500万円以下の罰金又は併科,1
2012-08-03,株式会社ジアース,,株式会社ジアース役員及び社員による内部者取引に対する課徴金納付命令の勧告について（平成24年8月3日）,https://www.fsa.go.jp/sesc/news/c_2012/2012/20120803-1.html,"平成２４年８月３日 証券取引等監視委員会 株式会社ジアース役員及び社員による内部者取引に対する課徴金納付命令の勧告について １．勧告の内容 証券取引等監視委員会は、株式会社ジアース役員及び社員による内部者取引について検査した結果、下記のとおり法令違反の事実が認められたので、本日、内閣総理大臣及び金融庁長官に対して、金融庁設置法第２０条第１項の規定に基づき、課徴金納付命令を発出するよう勧告を行った。 ２．法令違反の事実関係 課徴金納付命令対象者(１)は、株式会社ジアース（以下「ジアース」という。）の役員であったが、その職務に関し、 ア ジアースの業務執行を決定する機関が、グーグル・アイルランド・リミテッド及びその関連者（以下「グーグル」という。）と業務上の提携を行うことについての決定をした旨の事実（以下「重要事実第１」という。）を知りながら、この事実が公表された平成２２年８月１２日より前の同年７月２８日、自己の計算において、ジアースの株式合計１８３株を買付価額合計２３８万９４８０円で買い付け イ ジアースにおいて、グーグルから、両社間の業務提携に係る不動産検索サービスの提供を停止するとの一方的な通告を受けた旨の、ジアースの運営、業務又は財産に関する重要な事実であって投資者の投資判断に著しい影響を及ぼす事実（以下「重要事実第２」という。）を知りながら、この事実が公表された平成２３年１月２７日午後１０時ころより前の同日午前９時ころ、自己の計算において、ジアースの株式合計１８３株を売付価額合計１０６万５０６０円で売り付け たものである。 課徴金納付命令対象者(２)は、ジアースの社員であったが、その職務に関し、 ア ジアースの業務執行を決定する機関が、株式会社リクルートと業務上の提携を行うことについての決定をした旨の事実（以下「重要事実第３」という。）を知りながら、この事実が公表された平成２２年１１月１日より前の同年１０月２７日、自己の計算において、ジアースの株式合計５０株を買付価額合計２２万２５０円で買い付け イ 重要事実第２を知りながら、この事実が公表された平成２３年１月２７日午後１０時ころより前の同日午前９時ころ、自己の計算において、ジアースの株式合計５０株を売付価額合計２９万１０００円で売り付け たものである。 課徴金納付命令対象者(１)及び(２)が行った上記の行為は、金融商品取引法第１７５条第１項に規定する「第１６６条第１項又は第３項の規定に違反して、同条第１項に規定する売買等をした」行為に該当すると認められる。 ３．課徴金の額の計算 上記の違法行為に対し、金融商品取引法に基づき納付を命じられる課徴金の額は、下記のとおりである。 課徴金納付命令対象者(１) １３４万円 課徴金納付命令対象者(２) ２２万円 計算方法の詳細については、別紙のとおり。 （別紙） ○ 課徴金の額の計算方法について 金融商品取引法第１７５条第１項に基づき、課徴金の額は、 （重要事実が公表された後２週間における最も高い価格）×（買付株数） －（買付価格）×（買付株数） 及び （売付価格）×（売付株数） －（重要事実が公表された後２週間における最も低い価格）×（売付株数） となる。 したがって、ジアースの株価について、 重要事実第１の公表後２週間における最も高い株価は、平成２２年８月１６日の１８，１９０円であり、 重要事実第２の公表後２週間における最も低い株価は、平成２３年２月９日の３，５３０円であり、 重要事実第３の公表後２週間における最も高い株価は、平成２２年１１月１５日の６，６８０円であることから、課徴金の額は下記の金額となる。 課徴金納付命令対象者(１)について (1) 法令違反の事実関係のアに係る課徴金の額 （１８，１９０円×１８３株）－買付価額２，３８９，４８０円 （注１） ＝９３９，２９０円 ⇒課徴金の額は１万円未満を切り捨てるため、 ９３万円 （注１）買付価額は、「12,880円×4株＋13,000円×3株＋13,010円×21株＋13,050円×5株＋13,070円×150株」の合計額である。 (2) 法令違反の事実関係のイに係る課徴金の額 売付価額１，０６５，０６０円 （注２） －（３，５３０円×１８３株） ＝４１９，０７０円 ⇒課徴金の額は１万円未満を切り捨てるため、 ４１万円 （注２）売付価額は、「5,820円×183株」の額である。 課徴金納付命令対象者(２)について (1) 法令違反の事実関係のアに係る課徴金の額 （６，６８０円×５０株）－買付価額２２０，２５０円 （注３） ＝１１３，７５０円 ⇒課徴金の額は１万円未満を切り捨てるため、 １１万円 （注３）買付価額は、「4,405円×50株」の額である。 (2) 法令違反の事実関係のイに係る課徴金の額 売付価額２９１，０００円 （注４） －（３，５３０円×５０株） ＝１１４，５００円 ⇒課徴金の額は１万円未満を切り捨てるため、 １１万円 （注４）売付価額は、「5,820円×50株」の額である。",1
2012-07-13,日興コーディアル証券株式会社,,証券会社元執行役員が関与した内部者取引事件の告発について（平成24年7月13日）,https://www.fsa.go.jp/sesc/news/c_2012/2012/20120713-1.html,平成２４年７月１３日 証券取引等監視委員会 証券会社元執行役員が関与した内部者取引事件の告発について 証券取引等監視委員会は、本日（７月１３日）、金融商品取引法違反（インサイダー取引）の嫌疑で、嫌疑者４名を横浜地方検察庁検察官に告発した。 １．告発の対象となった犯則事実 犯則嫌疑者Ａは、証券会社執行役員であったもの、犯則嫌疑者Ｂ及び犯則嫌疑者Ｃは、Ａの知人であったもの、犯則嫌疑者Ｄは、Ｂ及びＣの知人であったものであるが、犯則嫌疑者４名は、犯則嫌疑者Ａにおいて、平成２２年１２月１３日ころから平成２３年２月２２日ころまでの間に、日興コーディアル証券株式会社（平成２３年４月１日、SMBC日興証券株式会社に商号変更。）が株式会社日立物流との間で締結していたアドバイザリー業務委託契約等の履行に関し、同社の業務執行を決定する機関が、東京証券取引所が開設する有価証券市場に株券を上場していた株式会社バンテックの株券の公開買付けを行うことについての決定をした旨の公開買付けの実施に関する事実を知り、共謀の上、法定の除外事由がないのに、同事実の公表前である平成２３年２月２２日及び同月２３日、犯則嫌疑者Ｄ名義で、株式会社バンテックの株券合計２０株を代金合計２４０万１０００円で買い付けたものである。 ２．関連条文 金融商品取引法第197条の2第13号、第167条第１項第４号、刑法第60条 法定刑：5年以下の懲役若しくは500万円以下の罰金又は併科,1
2012-07-06,株式会社ネクスト,,株式会社ネクスト社員による内部者取引に対する課徴金納付命令の勧告について（平成24年7月6日）,https://www.fsa.go.jp/sesc/news/c_2012/2012/20120706-2.html,"平成２４年７月６日 証券取引等監視委員会 株式会社ネクスト社員による内部者取引に対する課徴金納付命令の勧告について １．勧告の内容 証券取引等監視委員会は、株式会社ネクスト社員による内部者取引について検査した結果、下記のとおり法令違反の事実が認められたので、本日、内閣総理大臣及び金融庁長官に対して、金融庁設置法第２０条第１項の規定に基づき、課徴金納付命令を発出するよう勧告を行った。 ２．法令違反の事実関係 課徴金納付命令対象者は、株式会社ネクスト（以下「ネクスト」という。）の社員であったが、その職務に関し、(1)同社の平成２４年３月期の連結売上高、連結経常利益及び連結当期純利益について、平成２３年５月１２日に公表がされた、連結売上高１１７億３９００万円、連結経常利益１４億２１００万円、連結当期純利益７億７３００万円との直近の予想値に比較して、同社が新たに算出した予想値において投資者の投資判断に及ぼす影響が重要なものとして内閣府令で定める基準に該当する差異が生じた旨の事実、(2)同社の同期の剰余金の配当について、平成２３年８月１９日に公表がされた直近の予想値６円２０銭に比較して、同社が新たに算出した予想値において投資者の投資判断に及ぼす影響が重要なものとして内閣府令で定める基準に該当する差異が生じた旨の事実をいずれも知りながら、新たに算出した予想値が連結売上高９８億９９００万円、連結経常利益５億９１００万円、連結当期純利益２億３３００万円、剰余金の配当１円９０銭として公表がされた平成２３年１１月９日午後３時１５分ころより前の同日午前９時ころから午前９時１分ころまでの間、自己の計算において、ネクストの株式合計４３００株を売付価額合計１４８万３５００円で売り付けたものである。 課徴金納付命令対象者が行った上記の行為は、金融商品取引法第１７５条第１項に規定する「第１６６条第１項又は第３項の規定に違反して、同条第１項に規定する売買等をした」行為に該当すると認められる。 ３．課徴金の額の計算 上記の違法行為に対し、金融商品取引法に基づき納付を命じられる課徴金の額は、２４万円である。 計算方法の詳細については、別紙のとおり。 （別紙） ○ 課徴金の額の計算方法について 金融商品取引法第１７５条第１項に基づき、課徴金の額は、 （売付価格）×（売付株数） －（重要事実が公表された後２週間における最も低い価格）×（売付株数） となる。 したがって、重要事実の公表後２週間におけるネクストの最も低い株価は、平成２３年１１月２２日の２８８円であることから、課徴金の額は下記の金額となる。 売付価額１，４８３，５００円（注）－（２８８円×４，３００株） ＝２４５，１００円 ⇒課徴金の額は１万円未満を切り捨てるため、 ２４万円 （注）売付価額は、「345円×4,300株」の額である。",1
2012-07-06,,,「金融商品取引法における課徴金事例集」の公表について （平成24年7月6日）,https://www.fsa.go.jp/sesc/news/c_2012/2012/20120706-1.html,"平成２４年７月６日 証券取引等監視委員会 「金融商品取引法における課徴金事例集」の公表について 証券取引等監視委員会では、「金融商品取引法における課徴金事例集」について、 別紙（PDF:6,818KB） のとおり取りまとめましたので、公表します。 本事例集は、市場参加者に課徴金制度への理解を深めてもらうため、課徴金納付命令勧告を行った事案の概要に、事例ごとの特色などについて説明を加えて取りまとめ、公表しているものです。こうした事例集の公表は、５回目となります。 今回の事例集は、証券取引等監視委員会の勧告に基づき、平成23年５月から平成24年５月までの間に課徴金納付命令が発せられ、取消しの訴えの出訴期間が経過した（取消しの訴えがあり、現在係争中のものを除く。）課徴金事例（26事例）を記載しました。 内訳は、 内部者取引に係るもの13事例 相場操縦に係るもの４事例 開示書類の虚偽記載に係るもの７事例 開示書類の不提出に係るもの２事例 です。 証券取引等監視委員会は、本事例集が、市場監視行政の透明性を高め、市場参加者の自主的規律の促進、証券市場における取引の公正や適正開示の実現に役立つことを期待しています。 過去の課徴金事例集はこちら",1
2012-06-29,ジャパン・アドバイザリー合同会社,,ジャパン・アドバイザリー合同会社に対する検査結果に基づく勧告について（平成24年6月29日）,https://www.fsa.go.jp/sesc/news/c_2012/2012/20120629-1.html,平成２４年６月２９日 証券取引等監視委員会 ジャパン・アドバイザリー合同会社に対する検査結果に基づく勧告について １．勧告の内容 証券取引等監視委員会は、ジャパン・アドバイザリー合同会社（以下「当社」という。）による内部者取引について検査した結果、下記のとおり法令違反の事実が認められたので、本日、内閣総理大臣及び金融庁長官に対して、金融庁設置法第２０条第１項の規定に基づき、課徴金納付命令を行うことの勧告及び行政処分を行うことの勧告を行った。 ２．法令違反の事実関係 (１) 内部者取引規制に違反した行為 当社は，投資助言・代理業を行うことにつき，内閣総理大臣の登録を受けている会社であるが，当社は投資運用業を行うことにつき登録を受けることなく実質的にその顧客の資産に関する投資運用業をしており、当社の代表社員の主導により、国内の多数の証券会社に対して積極的な情報提供を求め、当社に対する情報提供の頻度・貢献度に応じて各証券会社を評価し、その評価を各証券会社に実際に提示した上で、評価に応じて取引発注分量・手数料率を決定するなどし、各証券会社を競わせることにより、各証券会社に対する影響力を強め、法人関係情報を含めた様々な情報の提供を慫慂してきたと認められる。当社は、外国籍の２つのヘッジファンドの財産を実質的に運用していたところ、当該運用を行っていた当社社員が、平成２２年８月２０日に、日本板硝子株式会社と株式引受契約の締結に向けた交渉を行っていた証券会社の社員甲から、同証券会社の他の社員乙らが交渉に関して知り、甲がその職務に関し知った、日本板硝子の業務執行を決定する機関が株式の募集を行うことについての決定をした旨の事実の伝達を受けながら，この事実が公表された平成２２年８月２４日より前の平成２２年８月２０日に、上記外国籍ヘッジファンドの計算において、日本板硝子の株式合計２６５万３０００株を売付価額５億４１７８万６５３２円で売り付けたものである。 当社の行為は、金融商品取引法第１７５条第１項に規定する「第１６６条第１項又は第３項の規定に違反して、同条第１項に規定する売買等をした」行為に該当すると認められる。 課徴金の額の計算 上記の違法行為に対し金融商品取引法に基づき納付を命じられる課徴金の額は、３７万円である。 計算方法の詳細については、 別紙 のとおり。 (２) 無登録で投資運用業を営んだ行為 当社は、投資助言・代理業を行うことにつき内閣総理大臣の登録を受けていた会社であり、当社は、海外所在の運用会社との間で、投資助言契約を締結し、当該運用会社が投資判断を一任されるとともに必要な権限を委任されていた外国籍の２つのヘッジファンドその他の顧客の財産に関し、当該運用会社に対して投資助言を行っているとしているが、実際には投資運用業を行うことにつき内閣総理大臣の登録を受けることなく、当該運用会社から当社にその投資判断を再委任されるとともに、当該投資判断に基づき上記外国籍ヘッジファンドその他の顧客のため投資を行うのに必要な権限を再委任されることを内容とする契約を締結し、当該契約に基づき、当社の代表者を含む複数の運用担当者が、遅くとも平成２２年６月以降、上記外国籍ヘッジファンドその他の顧客の財産の運用として、反復継続して上場株式の売買を行っていた状況が認められた。 当社の行為は、金融商品取引法第２８条第４項に規定する「投資運用業」に該当するものであり、当社は、その代表社員の関与の下、組織的に、同法第３１条第４項に基づく変更登録を受けることなく、投資助言という名目で、潜脱的に無登録で「投資運用業」を反復継続的に行っていたものであり、同法第２９条に違反するものと認められる。 (３) 法人関係情報に係る不公正な取引の防止を図るために必要かつ適切な措置を講じていないと認められる状況 当社は、関東財務局長から、平成２０年１２月１２日付で法人関係情報の管理に係る内部管理態勢が機能していない状況及び法人関係情報を利用した助言を行ったものとして、法人関係情報の管理に関する内部管理態勢の整備を図ること等及びこれらについて改善策を提出することを内容とする業務改善命令を受け、平成２１年１月１６日付で改善報告書を提出し、当該報告書において「助言記録を毎日検証し、法人関係情報のある銘柄の取引がないことを確認する」旨を報告している。 しかしながら、当社においては、上記報告書提出以降も、当社の社内システムを用いた助言以外の電話等を用いた助言について、法令に反して助言記録を作成・保存していないところ、助言記録が適切に作成されない状況においては法人関係情報のある銘柄の取引の有無を確認することは事実上不可能である。このとおり、当社は、自身が提出した改善報告書に記載した改善策を何ら履行しておらず、金融商品取引法令及び当局の業務改善命令を軽視する姿勢において甚だしく、法人関係情報の管理に係る内部管理態勢につき、改善が著しく不十分で、法人関係情報を利用した銘柄の取引がなされるおそれが全く排除されていない状況で取引が継続されている状況が認められた。 当社における上記の業務の運営の状況は、金融商品取引法第４０条第２号に基づく金融商品取引業等に関する内閣府令第１２３条第１項第５号に規定する「法人関係情報に係る不公正な取引の防止を図るために必要かつ適切な措置を講じていないと認められる状況」に該当するものと認められる。 上記のとおり、(I)当社が、投資助言という名目で潜脱的に投資運用業を行っていること、(II)(I)の結果形式的に内部者取引規制に抵触しない外観になっている状況において、当社が、各証券会社に対する影響力を強めて法人関係情報を含めた様々な情報を提供するよう慫慂しつつ内部者取引を行った点につき重大な悪質性が認められること、ならびに、(III)当社の金融商品取引法令及び当局の業務改善命令を軽視する姿勢において甚だしく、法人関係情報に係る不公正な取引の防止を図るために必要かつ適切な措置を講じていないと認められる状況が継続していること、を併せ考えると、このような状況は、我が国の市場の公正性・信頼性を著しく損ねており、公益及び投資者保護の観点から緊急に是正を要するものと認められる。 別紙 (１) 金融商品取引法第１７５条第１項第３号・金融商品取引法第六章の二の規定による課徴金に関する内閣府令第１条の２１第１項第１号の規定により、金融商品取引法第１７５条第１項第３号に規定する売買をした者（以下「違反者」という。）が運用財産の運用として当該売買を行った場合、（ア）当該売買が行われた月について違反者に当該運用財産の運用の対価として支払われ、又は支払われるべき金銭その他の財産の価額の総額に、（イ）当該売買が行われた日からその月の末日までの間の当該運用財産である当該売買の銘柄の総額のうち最も高い額を乗じ、（ウ）当該取引が行われた月の末日における当該運用財産の総額で除した額。 本件では、対象となる取引は、２つの運用財産の運用として行われているため、各運用財産について課徴金額を計算し、それらを合計する金額になる。 運用財産(I)について （ア）３７，０８３，３７５円×（イ）３９７，４８８，０００円 ÷（ウ）５５，３５４，３１０，７７０円 =　２６６，２８８円 運用財産(II)について （ア）１６，０３３，２２２円×（イ）１５４，３３６，０００円 ÷（ウ）２２，７２３，５８５，７２０円 =　１０８，８９５円 合計　２６６，２８８円＋１０８，８９５円＝３７５，１８３円 (２) 金融商品取引法第１７６条第２項の規定により、上記(１)で計算した額の１万円未満の端数を切捨て。,1
2012-06-01,ＮＯＫ株式会社,7240,ＮＯＫ株式会社社員及び同人からの情報受領者による内部者取引に対する課徴金納付命令の勧告について（平成24年6月1日）,https://www.fsa.go.jp/sesc/news/c_2012/2012/20120601-1.html,"平成２４年６月１日 証券取引等監視委員会 ＮＯＫ株式会社社員及び同人からの情報受領者による内部者取引に対する課徴金納付命令の勧告について １．勧告の内容 証券取引等監視委員会は、ＮＯＫ株式会社社員及び同人からの情報受領者による内部者取引について検査した結果、下記のとおり法令違反の事実が認められたので、本日、内閣総理大臣及び金融庁長官に対して、金融庁設置法第２０条第１項の規定に基づき、課徴金納付命令を発出するよう勧告を行った。 ２．法令違反の事実関係 課徴金納付命令対象者(１)は、ＮＯＫ株式会社（以下「ＮＯＫ」という。）の社員であったが、その職務に関し、同社の平成２３年３月期の連結当期純利益について、平成２２年５月１３日に公表された直近の予想値１４８億円に比較して、同社が新たに算出した予想値において投資者の投資判断に及ぼす影響が重要なものとして内閣府令で定める基準に該当する差異が生じた旨の事実（以下「本件重要事実」という。）を知りながら、新たに算出した予想値が２１７億円として公表された同年７月３０日午後３時より以前の同月２１日午前９時ころから同月３０日午後３時までの間に、自己の計算において、ＮＯＫの株式合計５万４０００株を買付価額合計７７５９万５０００円で買い付けたものである。 課徴金納付命令対象者(２)は、課徴金納付命令対象者(１)から、本件重要事実の伝達を受けながら、平成２２年７月２１日午前９時２分ころから同月２９日午後１時２３分ころまでの間に、自己の計算において、ＮＯＫの株式合計９００株を買付価額合計１３０万６９００円で買い付けたものである。 上記２名が行った上記の行為は、金融商品取引法第１７５条第１項に規定する「第１６６条第１項又は第３項の規定に違反して、同条第１項に規定する売買等をした」行為に該当すると認められる。 ３．課徴金の額の計算 上記の違法行為に対し、金融商品取引法に基づき納付を命じられる課徴金の額は、下記のとおりである。 課徴金納付命令対象者(１) ４２６万円 課徴金納付命令対象者(２) ５万円 計算方法の詳細については、別紙のとおり。 （別紙） ○ 課徴金の額の計算方法について 金融商品取引法第１７５条第１項に基づき、課徴金の額は、 （重要事実が公表された後２週間における最も高い価格）×（買付株数）－（買付価格）×（買付株数） となる。 したがって、重要事実の公表後２週間におけるＮＯＫの最も高い株価は、平成２２年８月３日の１，５１６円であることから、課徴金の額は下記の金額となる。 課徴金納付命令対象者(１) （１，５１６円×５４，０００株）－買付価額７７，５９５，０００円（注）＝４，２６９，０００円 ⇒課徴金の額は１万円未満を切り捨てるため、 ４２６万円 （注）買付価額は、 「1,365円×5,000株＋1,415円×5,000株＋1,423円×11,600株＋1,424円×1,000株＋1,425円×1,400株 ＋1,431円×5,000株＋1,441円×10,000株＋1,475円×100株＋1,476円×600株＋1,477円×900株 ＋1,478円×700株＋1,479円×3,500株＋1,480円×2,700株＋1,481円×1,900株＋1,482円×1,000株 ＋1,483円×3,600株」 の合計額である。 課徴金納付命令対象者(２) （１，５１６円×９００株）－買付価額１，３０６，９００円（注）＝５７，５００円 ⇒課徴金の額は１万円未満を切り捨てるため、 ５万円 （注）買付価額は、 「1,427円×100株＋1,431円×100株＋1,436円×100株＋1,449円×300株＋1,476円×300株」 の合計額である。",1
2012-06-15,株式会社バンテック,,株式会社バンテック社員からの情報受領者による内部者取引に対する課徴金納付命令の勧告について（平成24年6月15日）,https://www.fsa.go.jp/sesc/news/c_2012/2012/20120615-1.html,"平成２４年６月１５日 証券取引等監視委員会 株式会社バンテック社員からの情報受領者による内部者取引に対する課徴金納付命令の勧告について １．勧告の内容 証券取引等監視委員会は、株式会社バンテック社員からの情報受領者による内部者取引について検査した結果、下記のとおり法令違反の事実が認められたので、本日、内閣総理大臣及び金融庁長官に対して、金融庁設置法第２０条第１項の規定に基づき、課徴金納付命令を発出するよう勧告を行った。 ２．法令違反の事実関係 課徴金納付命令対象者(１)及び(２)は、株式会社バンテック（以下「バンテック」という。）の社員Ａから、同社の役員Ｂが、同社と株式会社日立物流（以下「日立物流」という。）との間の公開買付け実施後のバンテックの経営体制等に関する合意に係る契約の締結の交渉に関し知り、その後、社員Ａがその職務に関し知った、日立物流の業務執行を決定する機関が、バンテック株式の公開買付けを行うことについての決定をした事実の伝達を受けながら、 課徴金納付命令対象者(１)においては、この事実が公表された平成２３年３月１０日より前の同年２月１７日から同月２２日までの間に、自己の計算において、バンテックの株式１０株を買付価額合計１２０万１２００円で買い付け、 課徴金納付命令対象者(２)においては、この事実が公表された平成２３年３月１０日より前の同年２月１７日から同月２１日までの間に、自己の計算において、バンテックの株式１０株を買付価額合計１２０万４０００円で買い付けたものである。 課徴金納付命令対象者が行った上記の行為は、金融商品取引法第１７５条第２項に規定する「第１６７条第１項又は第３項の規定に違反して、同条第１項に規定する特定株券等若しくは関連株券等に係る買付け等又は同項に規定する株券等に係る売付け等をした」行為に該当すると認められる。 ３．課徴金の額の計算 上記の違法行為に対し、金融商品取引法に基づき納付を命じられる課徴金の額は、下記のとおりである。 課徴金納付命令対象者(１)　１１２万円 課徴金納付命令対象者(２)　１１２万円 計算方法の詳細については、別紙のとおり。 （別紙） ○ 課徴金の額の計算方法について 金融商品取引法第１７５条第２項に基づき、課徴金の額は、 （公開買付け等の実施に関する事実が公表された後２週間における最も高い価格）×（買付株数）－（買付価格）×（買付株数） となる。 したがって、公開買付け等の実施に関する事実の公表後２週間におけるバンテックの最も高い株価は、平成２３年３月１４日の２３３，０００円であることから、課徴金の額は下記の金額となる。 課徴金納付命令対象者(１) （２３３，０００円×１０株）－買付価額１，２０１，２００円（注） ＝１，１２８，８００円 ⇒課徴金の額は１万円未満を切り捨てるため、 １１２万円 （注）買付価額は、「119,900円×3株＋120,000円×2株＋120,200円×1株＋120,300円×3株＋120,400円×1株」の合計額である。 課徴金納付命令対象者(２) （２３３，０００円×１０株）－買付価額１，２０４，０００円（注） ＝１，１２６，０００円 ⇒課徴金の額は１万円未満を切り捨てるため、 １１２万円 （注）買付価額は、「120,200円×6株＋120,700円×4株」の合計額である。",1
2012-06-08,東京電力株式会社,9501,東京電力株式会社の契約締結交渉先の社員からの情報受領者による内部者取引に対する課徴金納付命令の勧告について（平成24年6月8日）,https://www.fsa.go.jp/sesc/news/c_2012/2012/20120608-1.html,"平成２４年６月８日 証券取引等監視委員会 東京電力株式会社の契約締結交渉先の社員からの情報受領者による内部者取引に対する課徴金納付命令の勧告について ※　本件は、金融庁において平成25年６月27日に課徴金納付命令決定を行いましたが、平成29年７月14日に 同決定は取り消されました 。 １．勧告の内容 証券取引等監視委員会は、東京電力株式会社の契約締結交渉先の社員からの情報受領者による内部者取引について検査した結果、下記のとおり法令違反の事実が認められたので、本日、内閣総理大臣及び金融庁長官に対して、金融庁設置法第２０条第１項の規定に基づき、課徴金納付命令を発出するよう勧告を行った。 ２．法令違反の事実関係 (1)First New York Securities L.L.C.は、米国証券取引委員会に登録をしている証券会社であるが、同社の自己の資産の運用を行っていた同社所属のトレーダーが、東京電力株式会社と株式引受契約の締結に向けた交渉を行っていた証券会社の社員甲から、同証券会社の他の社員乙らが交渉に関して知り、甲がその職務に関し知った、東京電力株式会社の業務執行を決定する機関が株式の募集を行うことについての決定をした事実の伝達を受け、この事実が公表された平成２２年９月２９日午後３時５０分より以前の平成２２年９月２８日に、First New York Securities L.L.C.の計算において、東京電力株式会社株式合計３万５０００株を総額８０５１万８９００円で売り付けたものである。 First New York Securities L.L.C.が行った上記の行為は、金融商品取引法第１７５条第１項に規定する「第１６６条第１項又は第３項の規定に違反して、自己の計算において同条第１項に規定する売買等をした」行為に該当すると認められる。 (2)課徴金納付命令対象者Xは、東京電力株式会社と株式引受契約の締結に向けた交渉を行っていた証券会社の社員甲から、同証券会社の他の社員乙らが交渉に関して知り、甲がその職務に関し知った、東京電力株式会社の業務執行を決定する機関が株式の募集を行うことについての決定をした事実の伝達を受け、この事実が公表された平成２２年９月２９日午後３時５０分より以前の平成２２年９月２７日から同月２９日までの間に、自己の計算において、東京電力株式会社株式合計２００株を総額４４万３１００円で売り付けたものである。 課徴金納付命令対象者Xが行った上記の行為は、金融商品取引法第１７５条第１項に規定する「第１６６条第１項又は第３項の規定に違反して、自己の計算において同条第１項に規定する売買等をした」行為に該当すると認められる。 ３．課徴金の額の計算 上記の違法行為に対し金融商品取引法に基づき納付を命じられる課徴金の額は、以下のとおりである。 First New York Securities L.L.C.につき、１４６８万円 課徴金納付命令対象者Xにつき、６万円 計算方法の詳細については、別紙のとおり。 別紙 (1)金融商品取引法第１７５条第１項に基づき、課徴金の額は、 （売付価格）×（売付株数）－（重要事実が公表された後２週間における最も低い価格）×（売付株数） となる。 したがって、重要事実の公表後２週間における東京電力の最も低い株価は、平成２２年１０月１３日の１８８１円であることから、課徴金の額は下記の金額となる。 ①First New York Securities L.L.C.について （2,291円×5,000株＋2,301円×5,000株＋2,302円×20,000株＋2,303円×1,100株＋2,304円×3,900株） －（1,881円×35,000株） ＝14,683,900円 ⇒課徴金の額は１万円未満を切り捨てるため、 1468万円 ②課徴金納付命令対象者Xについて （2,336円×100株＋2,095円×100株）－（1,881円×200株） ＝66,900円 ⇒課徴金の額は１万円未満を切り捨てるため、 6万円 (2) 金融商品取引法第１７６条第２項の規定により、上記(１)で計算した額の１万円未満の端数を切捨て。",1
2012-05-29,日本板硝子株式会社,5202,日本板硝子株式会社の契約締結交渉先の社員からの情報受領者による内部者取引に対する課徴金納付命令の勧告について（平成24年5月29日）,https://www.fsa.go.jp/sesc/news/c_2012/2012/20120529-1.html,平成２４年５月２９日 証券取引等監視委員会 日本板硝子株式会社の契約締結交渉先の社員からの情報受領者による内部者取引に対する課徴金納付命令の勧告について １．勧告の内容 証券取引等監視委員会は、日本板硝子株式会社の契約締結交渉先の社員からの情報受領者による内部者取引について検査した結果、下記のとおり法令違反の事実が認められたので、本日、内閣総理大臣及び金融庁長官に対して、金融庁設置法第２０条第１項の規定に基づき、課徴金納付命令を発出するよう勧告を行った。 ２．法令違反の事実関係 あすかアセットマネジメント株式会社は、その締結した投資一任契約に基づき、当該契約の相手方がその資産を管理するファンドの資産の運用を行っていたところ、当該運用を行っていた同社社員が、日本板硝子株式会社と株式引受契約の締結に向けた交渉を行っていた証券会社の社員甲から、同証券会社の他の社員乙らが交渉に関して知り、甲がその職務に関し知った、日本板硝子株式会社の業務執行を決定する機関が株式の募集を行うことについての決定をした旨の事実の伝達を受け、この事実が公表されるより以前の平成２２年８月５日から同月２３日までの間、上記ファンドの計算において、日本板硝子株式会社株式合計２１５万株を総額４億６５３７万９９９５円で売り付けたものである。 ３．課徴金の額の計算 上記の違法行為に対し金融商品取引法に基づき納付を命じられる課徴金の額は、１３万円である。 計算方法の詳細については、別紙のとおり。 別紙 (1) 金融商品取引法第１７５条第１項第３号・金融商品取引法第六章の二の規定による課徴金に関する内閣府令第１条の２１第１項第１号の規定により、金融商品取引法第１７５条第１項第３号に規定する売買をした者（以下「違反者」という。）が運用財産の運用として当該売買を行った場合、（ア）当該売買が行われた月について違反者に当該運用財産の運用の対価として支払われ、又は支払われるべき金銭その他の財産の価額の総額に、（イ）当該売買が行われた日からその月の末日までの間の当該運用財産である当該売買の銘柄の総額のうち最も高い額を乗じ、（ウ）当該取引が行われた月の末日における当該運用財産の総額で除した額。 （ア）２３，２３６，４４１円×（イ）２６５，６５０，０００円 ÷（ウ）４４，７５６，３７０，０５４円 ＝１３７，９１９円 (2) 金融商品取引法第１７６条第２項の規定により、上記(１)で計算した額の１万円未満の端数を切捨て。,1
2012-05-29,株式会社みずほフィナンシャルグループ,8411,株式会社みずほフィナンシャルグループの契約締結交渉先の社員からの情報受領者による内部者取引に対する課徴金納付命令の勧告について（平成24年5月29日）,https://www.fsa.go.jp/sesc/news/c_2012/2012/20120529-2.html,平成２４年５月２９日 証券取引等監視委員会 株式会社みずほフィナンシャルグループの契約締結交渉先の社員からの情報受領者による内部者取引に対する課徴金納付命令の勧告について １．勧告の内容 証券取引等監視委員会は、株式会社みずほフィナンシャルグループの契約締結交渉先の社員からの情報受領者による内部者取引について検査した結果、下記のとおり法令違反の事実が認められたので、本日、内閣総理大臣及び金融庁長官に対して、金融庁設置法第２０条第１項の規定に基づき、課徴金納付命令を発出するよう勧告を行った。 ２．法令違反の事実関係 三井住友信託銀行株式会社は、平成２４年４月１日に同社との吸収合併により消滅した中央三井アセット信託銀行株式会社の業務を承継したものであるが、中央三井アセット信託銀行株式会社は、その締結する３つの投資一任契約に基づき、３つの顧客財産の運用を行っていたところ、当該運用を行っていた同社社員が、株式会社みずほフィナンシャルグループとの株式引受契約の締結に向けた交渉を行っていた証券会社の社員甲及び乙から、同証券会社の他の社員丙が交渉に関して知り、甲及び乙がその職務に関し知った、株式会社みずほフィナンシャルグループの業務執行を決定する機関が株式の募集を行うことについての決定をした旨の事実の伝達を受け、この事実が公表されるより以前の平成２２年６月２４日に、投資一任契約の相手方である各顧客の計算において、株式会社みずほフィナンシャルグループ株式合計１１７万８６００株を総額１億８４１８万１８２５円で売り付けたものである。 ３．課徴金の額の計算 上記の違法行為に対し金融商品取引法に基づき納付を命じられる課徴金の額は、８万円である。 計算方法の詳細については、別紙のとおり。 別紙 (1) 金融商品取引法第１７５条第１項第３号・金融商品取引法第六章の二の規定による課徴金に関する内閣府令第１条の２１第１項第１号の規定により、金融商品取引法第１７５条第１項第３号に規定する売買をした者（以下「違反者」という。）が運用財産の運用として当該売買を行った場合、（ア）当該売買が行われた月について違反者に当該運用財産の運用の対価として支払われ、又は支払われるべき金銭その他の財産の価額の総額に、（イ）当該売買が行われた日からその月の末日までの間の当該運用財産である当該売買の銘柄の総額のうち最も高い額を乗じ、（ウ）当該取引が行われた月の末日における当該運用財産の総額で除した額。 本件では、対象となる取引は、３つの運用財産の運用として行われているため、各運用財産について課徴金額を計算し、それらを合計する金額になる。 運用財産①について （ア）２，０４６，９３６円×（イ）２２１，１８４，２００円 ÷（ウ）３０，７３９，３２９，８０３円 ＝１４，７２９円 運用財産②について （ア）１３，９８２，４０２円×（イ）１７９，６４６，０００円 ÷（ウ）１０２，２１５，４７３，８２２円 ＝２４，５７４円 運用財産③について （ア）１３，５４１，７８２円×（イ）３０８，６６８，８００円 ÷（ウ）９５，６７５，８６４，４７６円 ＝４３，６８８円 合計　１４，７２９円＋２４，５７４円＋４３，６８８円＝８２，９９１円 (2) 金融商品取引法第１７６条第２項の規定により、上記(１)で計算した額の１万円未満の端数を切捨て。,1
2012-04-17,株式会社ゲオ,2681,株式会社ゲオ役員からの情報受領者による内部者取引に対する課徴金納付命令の勧告について（平成24年4月17日）,https://www.fsa.go.jp/sesc/news/c_2012/2012/20120417-1.html,"平成２４年４月１７日 証券取引等監視委員会 株式会社ゲオ役員からの情報受領者による内部者取引に対する課徴金納付命令の勧告について １．勧告の内容 証券取引等監視委員会は、株式会社ゲオ役員からの情報受領者による内部者取引について検査した結果、下記のとおり法令違反の事実が認められたので、本日、内閣総理大臣及び金融庁長官に対して、金融庁設置法第２０条第１項の規定に基づき、課徴金納付命令を発出するよう勧告を行った。 ２．法令違反の事実関係 課徴金納付命令対象者は、株式会社ゲオ（現株式会社ゲオホールディングス）の役員から、同人がその職務に関し知った、同社の業務執行を決定する機関が、株式会社セカンドストリート（以下「セカンドストリート」という。）の株式の公開買付けを行うことを決定した事実の伝達を受けながら、この事実が公表された平成２２年２月１０日より前の同月９日、自己の計算において、セカンドストリートの株式合計６０株を買付価額合計２５７万９０５０円で買い付けたものである。 課徴金納付命令対象者が行った上記の行為は、金融商品取引法第１７５条第２項に規定する「第１６７条第１項又は第３項の規定に違反して、同条第１項に規定する特定株券等若しくは関連株券等に係る買付け等又は同項に規定する株券等に係る売付け等をした」行為に該当すると認められる。 ３．課徴金の額の計算 上記の違法行為に対し、金融商品取引法に基づき納付を命じられる課徴金の額は、１００万円である。 計算方法の詳細については、別紙のとおり。 （別紙） ○ 課徴金の額の計算方法について 金融商品取引法第１７５条第２項に基づき、課徴金の額は、 （公開買付け等の実施に関する事実が公表された後２週間における最も高い価格）×（買付株数）－（買付価格）×（買付株数） となる。 したがって、公開買付け等の実施に関する事実の公表後２週間におけるセカンドストリートの最も高い株価は、５９，７００円であることから、課徴金の額は下記の金額となる。 （５９，７００円×６０株）－買付価額２，５７９，０５０円（注）＝１，００２，９５０円 ⇒課徴金の額は１万円未満を切り捨てるため、 １００万円 （注）買付価額は、「42,900円×5株＋42,950円×9株＋43,000円×46株」の合計額である。",1
2012-04-27,株式会社エフティコミュニケーションズ,,株式会社エフティコミュニケーションズとの契約締結者による内部者取引に対する課徴金納付命令の勧告について（平成24年4月27日）,https://www.fsa.go.jp/sesc/news/c_2012/2012/20120427-1.html,"平成２４年４月２７日 証券取引等監視委員会 株式会社エフティコミュニケーションズとの契約締結者による内部者取引に対する課徴金納付命令の勧告について １．勧告の内容 証券取引等監視委員会は、株式会社エフティコミュニケーションズとの契約締結者による内部者取引について検査した結果、下記のとおり法令違反の事実が認められたので、本日、内閣総理大臣及び金融庁長官に対して、金融庁設置法第２０条第１項の規定に基づき、課徴金納付命令を発出するよう勧告を行った。 ２．法令違反の事実関係 課徴金納付命令対象者は、株式会社エフティコミュニケーションズとの業務委託契約の締結先の役員であったが、同契約の締結の交渉に関し、株式会社エフティコミュニケーションズの業務執行を決定する機関が、新たな事業としてＬＥＤ照明の製造及び販売を開始することについての決定をした旨の事実を知りながら、この事実が公表された平成２３年１月２４日より前の同月１１日から同月１３日までの間に、自己の計算において、株式会社エフティコミュニケーションズ株式合計４０株を買付価額合計１３０万４５０円で買い付けたものである。 課徴金納付命令対象者が行った上記の行為は、金融商品取引法第１７５条第１項に規定する「第１６６条第１項又は第３項の規定に違反して、同条第１項に規定する売買等をした」行為に該当すると認められる。 ３．課徴金の額の計算 上記の違法行為に対し、金融商品取引法に基づき納付を命じられる課徴金の額は、１０３万円である。 計算方法の詳細については、別紙のとおり。 （別紙） ○ 課徴金の額の計算方法について 金融商品取引法第１７５条第１項に基づき、課徴金の額は、 （重要事実が公表された後２週間における最も高い価格）×（買付株数）－（買付価格）×（買付株数） となる。 したがって、重要事実の公表後２週間における株式会社エフティコミュニケーションズの最も高い株価は、平成２３年２月２日の５８，４００円であることから、課徴金の額は下記の金額となる。 （５８，４００円×４０株）－買付価額１，３００，４５０円（注）＝１，０３５，５５０円 ⇒課徴金の額は１万円未満を切り捨てるため、 １０３万円 （注）買付価額は、 「31,800円×5株＋32,100円×5株＋32,400円×1株＋32,450円×1株＋32,500円×7株＋32,600円×11株＋33,000円×10株」 の合計額である。",1
2012-03-28,日本風力開発株式会社,,日本風力開発株式会社株券に係る内部者取引事件の告発について（平成24年3月28日）,https://www.fsa.go.jp/sesc/news/c_2012/2012/20120328-3.html,平成２４年３月２８日 証券取引等監視委員会 日本風力開発株式会社株券に係る内部者取引事件の告発について 証券取引等監視委員会は、平成24年3月28日、金融商品取引法違反（インサイダー取引）の嫌疑で、下記の犯則嫌疑者を神戸地方検察庁検察官に告発した。 １．告発の対象となった犯則事実 犯則嫌疑者は、平成22年6月4日ころから同月13日ころまでの間に、株式会社東京証券取引所が開設するマザーズ市場に株券を上場している日本風力開発株式会社の役員から、同人が職務に関し知った、同社の株式が東京証券取引所により監理銘柄に指定される可能性がある事態に至った旨の、日本風力開発の運営、業務又は財産に関する重要な事実であって投資者の投資判断に著しい影響を及ぼす事実の伝達を受け、法定の除外事由がないのに、上記重要事実の公表前の平成22年6月14日午前9時ころから同日午後2時37分ころまでの間、証券会社を介し、東京証券取引所において、本人名義で日本風力開発株券合計470株を8663万9900円で売り付けたものである。 〔関連条文〕 金融商品取引法第197条の2第13号、同法第166条第2項第4号、同条第3項 法定刑：5年以下の懲役若しくは500万円以下の罰金、又は併科,1
2012-03-21,株式会社フェイス,3489,株式会社フェイス社員からの情報受領者による内部者取引に対する課徴金納付命令の勧告について（平成24年3月21日）,https://www.fsa.go.jp/sesc/news/c_2012/2012/20120321-1.html,"平成２４年３月２１日 証券取引等監視委員会 株式会社フェイス社員からの情報受領者による内部者取引に対する課徴金納付命令の勧告について １．勧告の内容 証券取引等監視委員会は、株式会社フェイス社員からの情報受領者による内部者取引について検査した結果、下記のとおり法令違反の事実が認められたので、本日、内閣総理大臣及び金融庁長官に対して、金融庁設置法第２０条第１項の規定に基づき、課徴金納付命令を発出するよう勧告を行った。 ２．法令違反の事実関係 課徴金納付命令対象者は、株式会社フェイス（以下「フェイス」という。）の社員から、同人がその職務に関し知った、フェイスの業務執行を決定する機関が、コロムビアミュージックエンタテインメント株式会社（現日本コロムビア株式会社）の総株主等の議決権の数の１００分の５以上の株式を買い集めることについての決定をした旨の公開買付けに準ずる行為の実施に関する事実の伝達を受けながら、この事実が公表された平成２２年１月２２日より前の同月２０日、自己の計算において、コロムビアミュージックエンタテインメント株式会社の株式合計１１万株を買付価額合計３７３万円で買い付けたものである。 課徴金納付命令対象者が行った上記の行為は、金融商品取引法第１７５条第２項に規定する「第１６７条第１項又は第３項の規定に違反して、同条第１項に規定する特定株券等若しくは関連株券等に係る買付け等又は同項に規定する株券等に係る売付け等をした」行為に該当すると認められる。 ３．課徴金の額の計算 上記の違法行為に対し、金融商品取引法に基づき納付を命じられる課徴金の額は、１３３万円である。 計算方法の詳細については、別紙のとおり。 （別紙） ○ 課徴金の額の計算方法について 金融商品取引法第１７５条第２項に基づき、課徴金の額は、 （公開買付け等の実施に関する事実が公表された後２週間における最も高い価格）×（買付株数）－（買付価格）×（買付株数） となる。 したがって、公開買付け等の実施に関する事実の公表後２週間におけるコロムビアミュージックエンタテインメント株式会社の最も高い株価は、平成２２年１月２２日の４６円であることから、課徴金の額は下記の金額となる。 （４６円×１１０，０００株）－買付価額３，７３０，０００円（注）＝１，３３０，０００円 （注）買付価額は、「33円×10,000株＋34円×100,000株」の合計額である。",1
2012-03-22,黒崎播磨株式会社,5352,黒崎播磨株式会社株券に係る内部者取引事件の告発について(1)（平成24年3月22日）,https://www.fsa.go.jp/sesc/news/c_2012/2012/20120322-1.html,平成２４年３月２２日 証券取引等監視委員会 黒崎播磨株式会社株券に係る内部者取引事件の告発について（１） 証券取引等監視委員会は、平成２４年３月２２日、金融商品取引法違反（インサイダー取引）の嫌疑で、下記の犯則嫌疑者２名を福岡地方検察庁検察官に告発した。 １．告発の対象となった犯則事実 第１ 犯則嫌疑者両名は、犯則嫌疑者Ａが、平成２０年１２月１９日ころ、自己の職務に関し、黒崎播磨が新たに算出した平成２０年４月１日から平成２１年３月３１日までの事業年度における同社及び同社が属する企業集団の経常利益の各予想値について、同社が平成２０年５月１５日に公表していた各予想値と比較して、投資者の投資判断に及ぼす影響が重要なものとして内閣府令で定める基準に該当する差異が生じた旨の同社の業務等に関する重要事実を知ったことから、あらかじめ信用取引により同社の株券を売り付け、同事実の公表後に買い戻して利益を得ようと企て、共謀の上、いずれも法定の除外事由がないのに、その公表前である平成２０年１２月２６日から平成２１年１月５日までの間、証券会社を介し、東京証券取引所において、犯則嫌疑者Ｂ名義で黒崎播磨の株券合計４３万１０００株を代金合計１億１５７万１０００円で売り付け 第２ 犯則嫌疑者両名は、犯則嫌疑者Ａが、平成２２年１月１４日ころ、自己の職務に関し、黒崎播磨が新たに算出した平成２１年４月１日から平成２２年３月３１日までの事業年度における同社が属する企業集団の経常利益の予想値について、同社が平成２１年１１月１１日に公表していた予想値と比較して、投資者の投資判断に及ぼす影響が重要なものとして内閣府令で定める基準に該当する差異が生じた旨の同社の業務等に関する重要事実を知ったことから、あらかじめ同社の株券を買い付け、同事実の公表後に売り付けて利益を得ようと企て、共謀の上、いずれも法定の除外事由がないのに、その公表前である平成２２年１月２０日から同年２月１０日までの間、証券会社を介し、東京証券取引所において、犯則嫌疑者Ｂ名義で黒崎播磨の株券合計３０万３０００株を代金合計５１６４万４０００円で買い付け 第３ 犯則嫌疑者Ｂは、平成２２年１月中旬ころ、前記Ａから、同人が自己の職務に関し知った第２記載の重要事実の伝達を受けたことから、あらかじめ同社の株券を買い付け、同事実の公表後に売り付けて利益を得ようと企て、法定の除外事由がないのに、その公表前である平成２２年２月２日から同月１０日までの間、証券会社を介し、東京証券取引所において、知人名義で黒崎播磨の株券合計６万１０００株を代金合計１０１３万４０００円で買い付け たものである。 ２．関連条文 第１及び第２につき 金融商品取引法第197条の2第13号、同法第166条第1項第1号、同条第2項 第3号、刑法第60条 犯則嫌疑者Ｂにつき更に刑法第65条第1項 第３につき 金融商品取引法第197条の2第13号、同法第166条第3項、同条第2項第3号 法定刑：5年以下の懲役若しくは500万円以下の罰金、又は併科,1
2012-03-22,黒崎播磨株式会社,5352,黒崎播磨株式会社株券に係る内部者取引事件の告発について(2)（平成24年3月22日）,https://www.fsa.go.jp/sesc/news/c_2012/2012/20120322-2.html,平成２４年３月２２日 証券取引等監視委員会 黒崎播磨株式会社株券に係る内部者取引事件の告発について（２） 証券取引等監視委員会は、平成２４年３月２２日、金融商品取引法違反（インサイダー取引）の嫌疑で、下記の犯則嫌疑者２名を福岡地方検察庁検察官に告発した。 １．告発の対象となった犯則事実 第１ 犯則嫌疑者Ａは、平成２２年１１月９日、自己の職務に関し、黒崎播磨が新たに算出した平成２２年４月１日から平成２３年３月３１日までの事業年度における同社が属する企業集団の当期純利益の予想値について、同社が平成２２年５月１３日に公表していた予想値と比較して、投資者の投資判断に及ぼす影響が重要なものとして内閣府令で定める基準に該当する差異が生じた旨の同社の業務等に関する重要事実を知ったことから、あらかじめ同社の株券を買い付け、同事実の公表後に売り付けて利益を得ようと企て、法定の除外事由がないのに、その公表前である平成２２年１１月１０日、証券会社を介し、東京証券取引所において、知人名義で黒崎播磨の株券合計１７万１０００株を代金合計５２０５万８０００円で買い付け 第２ 犯則嫌疑者Ｂは、平成２２年１１月９日ころ、前記Ａから、同人が自己の職務に関し知った第１記載の重要事実の伝達を受けたことから、あらかじめ同社の株券を買い付け、同事実の公表後に売り付けて利益を得ようと企て、法定の除外事由がないのに、その公表前である同月１０日、証券会社を介し、東京証券取引所において、犯則嫌疑者Ｂ名義で黒崎播磨の株券合計１０万６０００株を代金合計３１８９万３０００円で買い付け たものである。 ２．関連条文 第１につき 金融商品取引法第197条の2第13号、同法第166条第1項第１号、同条第2項 第3号 第２につき 金融商品取引法第197条の2第13号、同法第166条第3項、同条第2項第3号 法定刑：5年以下の懲役若しくは500万円以下の罰金、又は併科,1
2012-03-16,株式会社ＳＪＩ,,株式会社ＳＪＩとの契約締結交渉者からの情報受領者による内部者取引に対する課徴金納付命令の勧告について（平成24年3月16日）,https://www.fsa.go.jp/sesc/news/c_2012/2012/20120316-1.html,"平成２４年３月１６日 証券取引等監視委員会 株式会社ＳＪＩとの契約締結交渉者からの情報受領者による内部者取引に対する課徴金納付命令の勧告について ※　本件は、金融庁において平成24年10月19日に 違反事実がないと認める旨の決定 がありました。 １．勧告の内容 証券取引等監視委員会は、株式会社ＳＪＩとの契約締結交渉者からの情報受領者による内部者取引について検査した結果、下記のとおり法令違反の事実が認められたので、本日、内閣総理大臣及び金融庁長官に対して、金融庁設置法第２０条第１項の規定に基づき、課徴金納付命令を発出するよう勧告を行った。 ２．法令違反の事実関係 課徴金納付命令対象者は、株式会社ＳＪＩ（以下「ＳＪＩ」という。）と業務提携基本契約の締結の交渉をしていたDigital China Holdings Ltd.（以下「デジタル・チャイナ」という。）の役員から、同人が同契約の締結の交渉に関し知った、ＳＪＩの業務執行を決定する機関が、その発行する株式を引き受ける者の募集を行うこと及びデジタル・チャイナと業務上の提携を行うことについての決定をした旨の事実の伝達を受けながら、上記事実が公表された平成２１年１１月４日より前の同年８月２８日、自己の計算において、ＳＪＩの株式合計２４株を買付価額合計４６万４０４０円で買い付けたものである。 課徴金納付命令対象者が行った上記の行為は、金融商品取引法第１７５条第１項に規定する「第１６６条第１項又は第３項の規定に違反して、同条第１項に規定する売買等をした」行為に該当すると認められる。 ３．課徴金の額の計算 上記の違法行為に対し、金融商品取引法に基づき納付を命じられる課徴金の額は、５５万円である。 計算方法の詳細については、別紙のとおり。 （別紙） ○課徴金の額の計算方法について 金融商品取引法第１７５条第１項に基づき、課徴金の額は、 （重要事実が公表された後２週間における最も高い価格）×（買付株数）－（買付価格）×（買付株数） となる。 したがって、重要事実の公表後２週間におけるＳＪＩの最も高い株価は、平成２１年１１月６日の４２，４００円であることから、課徴金の額は下記の金額となる。 （４２，４００円×２４株）－買付価額４６４，０４０円（注）＝ ５５３，５６０円 ⇒課徴金の額は１万円未満を切り捨てるため、 ５５万円 （注）買付価額は、「19,260円×4株＋19,350円×20株」の合計額である。",1
2012-03-21,国際石油開発帝石株式会社,,国際石油開発帝石株式会社の契約締結交渉先の社員からの情報受領者による内部者取引に対する課徴金納付命令の勧告について（平成24年3月21日）,https://www.fsa.go.jp/sesc/news/c_2012/2012/20120321-2.html,平成２４年３月２１日 証券取引等監視委員会 国際石油開発帝石株式会社の契約締結交渉先の社員からの情報受領者による内部者取引に対する課徴金納付命令の勧告について １．勧告の内容 証券取引等監視委員会は、国際石油開発帝石株式会社の契約締結交渉先の社員からの情報受領者による内部者取引について検査した結果、下記のとおり法令違反の事実が認められたので、本日、内閣総理大臣及び金融庁長官に対して、金融庁設置法第２０条第１項の規定に基づき、課徴金納付命令を発出するよう勧告を行った。 ２．法令違反の事実関係 中央三井アセット信託銀行株式会社は、その締結した投資一任契約に基づき、当該契約の相手方がその資産を管理するファンドの資産の運用を行っていたところ、当該運用を行っていた同社社員が、平成２２年６月３０日に、国際石油開発帝石株式会社と株式引受契約の締結に向けた交渉を行っていた証券会社の社員甲から、同証券会社の他の社員乙が交渉に関して知り、甲がその職務に関し知った、国際石油開発帝石株式会社の業務執行を決定する機関が株式の募集を行うことについての決定をした事実の伝達を受け、この事実が公表された平成２２年７月８日より以前の同月１日から同月７日までの間、上記ファンドの計算において、国際石油開発帝石株式会社の株式合計２１０株を総額1億１２４万１，４９８円で売り付けたものである。 ３．課徴金の額の計算 上記の違法行為に対し金融商品取引法に基づき納付を命じられる課徴金の額は、５万円である。 計算方法の詳細については、別紙のとおり。 （別紙） ○ 課徴金の額の計算方法について (1) 金融商品取引法第１７５条第１項第３号・金融商品取引法第六章の二の規定による課徴金に関する内閣府令第１条の２１第１項第１号の規定により、金融商品取引法第１７５条第１項第３号に規定する売買をした者（以下「違反者」という。）が運用財産の運用として当該売買を行った場合、（ア）当該売買が行われた月について違反者に当該運用財産の運用の対価として支払われ、又は支払われるべき金銭その他の財産の価額の総額に、（イ）当該売買が行われた日からその月の末日までの間の当該運用財産である当該売買の銘柄の総額のうち最も高い額を乗じ、（ウ）当該取引が行われた月の末日における当該運用財産の総額で除した額。 （ア）３，４９８，１４９円×（イ）４４，１５０，０００円÷（ウ）２，７８２，６８９，６２９円 ＝５５，５０１円 (2) 金融商品取引法第１７６条第２項の規定により、上記(１)で計算した額の１万円未満の端数を切捨て。,1
2012-02-28,アサヒ衛陶株式会社,,アサヒ衛陶株式会社役員からの情報受領者による内部者取引に対する課徴金納付命令の勧告について（平成24年2月28日）,https://www.fsa.go.jp/sesc/news/c_2012/2012/20120228-1.html,"平成２４年２月２８日 証券取引等監視委員会 アサヒ衛陶株式会社役員からの情報受領者による内部者取引に対する課徴金納付命令の勧告について １．勧告の内容 証券取引等監視委員会は、アサヒ衛陶株式会社役員からの情報受領者による内部者取引について検査した結果、下記のとおり法令違反の事実が認められたので、本日、内閣総理大臣及び金融庁長官に対して、金融庁設置法第２０条第１項の規定に基づき、課徴金納付命令を発出するよう勧告を行った。 ２．法令違反の事実関係 課徴金納付命令対象者は、アサヒ衛陶株式会社（以下「アサヒ衛陶」という。）の役員から、同人がその職務に関し知った、同社の平成２３年１１月期の当期純利益について、平成２３年１月１７日に公表がされた直近の予想値５００万円に比較して、同社が新たに算出した予想値において投資者の投資判断に及ぼす影響が重要なものとして内閣府令で定める基準に該当する差異が生じた事実の伝達を受けながら、新たに算出した予想値が７４００万円として公表がされた平成２３年４月１４日より前の同月６日及び同月１２日、自己の計算において、アサヒ衛陶の株式合計２０００株を買付価額合計１２万４０００円で買い付けたものである。 課徴金納付命令対象者が行った上記の行為は、金融商品取引法第１７５条第１項に規定する「第１６６条第１項又は第３項の規定に違反して、同条第１項に規定する売買等をした」行為に該当すると認められる。 ３．課徴金の額の計算 上記の違法行為に対し、金融商品取引法に基づき納付を命じられる課徴金の額は、１０万円である。 計算方法の詳細については、別紙のとおり。 （別紙） ○ 課徴金の額の計算方法について 金融商品取引法第１７５条第１項に基づき、課徴金の額は、 （重要事実が公表された後２週間における最も高い価格）×（買付株数）－（買付価格）×（買付株数） となる。 したがって、重要事実の公表後２週間におけるアサヒ衛陶の最も高い株価は、平成２３年４月１８日の１１６円であることから、課徴金の額は下記の金額となる。 （１１６円×２，０００株）－買付価額１２４，０００円（注）＝１０８，０００円 ⇒課徴金の額は１万円未満を切り捨てるため、 １０万円 （注）買付価額は、「60円×1,000株＋64円×1,000株」の合計額である。",1
2012-02-03,髙木証券株式会社,,髙木証券株式会社顧問による内部者取引に対する課徴金納付命令の勧告について（平成24年2月3日）,https://www.fsa.go.jp/sesc/news/c_2012/2012/20120203-3.html,"平成２４年２月３日 証券取引等監視委員会 髙木証券株式会社顧問による内部者取引に対する課徴金納付命令の勧告について １．勧告の内容 証券取引等監視委員会は、髙木証券株式会社顧問による内部者取引について検査した結果、下記のとおり法令違反の事実が認められたので、本日、内閣総理大臣及び金融庁長官に対して、金融庁設置法第２０条第１項の規定に基づき、課徴金納付命令を発出するよう勧告を行った。 ２．法令違反の事実関係 課徴金納付命令対象者は、髙木証券株式会社（以下「髙木証券」という。）の顧問であったものであるが、その職務に関し、①同社の平成２３年３月期第２四半期の決算において訴訟損失引当金繰入額として５５億９０００万円の特別損失を計上することが確実になった旨の、同社の業務遂行の過程で損害が発生した旨の重要事実、②同社の業務執行を決定する機関が平成２３年３月期の中間配当を無配とすることについての決定をした旨の重要事実、及び③同社の同期の期末配当について、平成２２年７月２８日に公表された予想値は３円であったのに対し、同社が新たに算出した予想値は０円となり、公表された直近の予想値に比較して、新たに算出した予想値において投資者の投資判断に及ぼす影響が重要なものとして内閣府令で定める基準に該当する差異が生じた旨の重要事実をいずれも知りながら、上記各事実の公表がされた平成２２年１０月２６日午後３時ころより前の同月２２日午前９時４分ころから同月２６日午後零時３２分ころまでの間、自己の計算において、髙木証券の株式合計４万２０００株を売付価額合計４５０万８０００円で売り付けたものである。 課徴金納付命令対象者が行った上記の行為は、金融商品取引法第１７５条第１項に規定する「第１６６条第１項又は第３項の規定に違反して、同条第１項に規定する売買等をした」行為に該当すると認められる。 ３．課徴金の額の計算 上記の違法行為に対し、金融商品取引法に基づき納付を命じられる課徴金の額は、１３１万円である。 計算方法の詳細については、別紙のとおり。 （別紙） ○ 課徴金の額の計算方法について 金融商品取引法第１７５条第１項に基づき、課徴金の額は、 （売付価格）×（売付株数）－（重要事実が公表された後２週間における最も低い価格）×（売付株数） となる。 したがって、重要事実の公表後２週間における髙木証券の最も低い株価は、平成２２年１０月２９日の７６円であることから、課徴金の額は下記の金額となる。 売付価額４，５０８，０００円（注）－（７６円×４２，０００株） ＝１，３１６，０００円 ⇒課徴金の額は１万円未満を切り捨てるため、 １３１万円 （注）売付価額は、 「105円×2,000株＋106円×10,000株＋107円×15,000株＋108円×5,000株＋109円×7,000株＋110円×3,000株」 の合計額である。",1
2012-02-03,日本風力開発株式会社,,日本風力開発株式会社役員からの情報受領者による内部者取引に対する課徴金納付命令の勧告について（平成24年2月3日）,https://www.fsa.go.jp/sesc/news/c_2012/2012/20120203-2.html,"平成２４年２月３日 証券取引等監視委員会 日本風力開発株式会社役員からの情報受領者による内部者取引に対する課徴金納付命令の勧告について １．勧告の内容 証券取引等監視委員会は、日本風力開発株式会社役員からの情報受領者による内部者取引について検査した結果、下記のとおり法令違反の事実が認められたので、本日、内閣総理大臣及び金融庁長官に対して、金融庁設置法第２０条第１項の規定に基づき、課徴金納付命令を発出するよう勧告を行った。 ２．法令違反の事実関係 課徴金納付命令対象者は、日本風力開発株式会社（以下「日本風力開発」という。）の役員から、同人がその職務に関し知った、同社の会計監査人の異動、それに伴い平成２２年３月期の有価証券報告書の提出が遅延し、同社株式が監理銘柄に指定される見込みとなった旨の、日本風力開発の運営、業務又は財産に関する重要な事実であって投資者の投資判断に著しい影響を及ぼす事実の伝達を受けながら、この事実が公表された平成２２年６月１４日より前の同月８日、自己の計算において、日本風力開発の株式合計５０株を売付価額合計９１８万７９００円で売り付けたものである。 課徴金納付命令対象者が行った上記の行為は、金融商品取引法第１７５条第１項に規定する「第１６６条第１項又は第３項の規定に違反して、同条第１項に規定する売買等をした」行為に該当すると認められる。 ３．課徴金の額の計算 上記の違法行為に対し、金融商品取引法に基づき納付を命じられる課徴金の額は、６５３万円である。 計算方法の詳細については、別紙のとおり。 （別紙） ○ 課徴金の額の計算方法について 金融商品取引法第１７５条第１項に基づき、課徴金の額は、 （売付価格）×（売付株数）－（重要事実が公表された後２週間における最も低い価格）×（売付株数） となる。 したがって、重要事実の公表後２週間における日本風力開発の最も低い株価は、平成２２年６月２３日の５３，０００円であることから、課徴金の額は下記の金額となる。 売付価額９，１８７，９００円（注）－（５３，０００円×５０株） ＝６，５３７，９００円 ⇒課徴金の額は１万円未満を切り捨てるため、 ６５３万円 （注）売付価額は、 「183,600円×33株、183,700円×1株、183,800円×5株、184,000円×3株、184,100円×4株、184,500円×4株」 の合計額である。",1
2012-01-31,株式会社ルネサステクノロジと合併すること,,経済産業省審議官による内部者取引事件の告発について（平成24年1月31日）,https://www.fsa.go.jp/sesc/news/c_2012/2012/20120131-1.html,平成２４年１月３１日 証券取引等監視委員会 経済産業省審議官による内部者取引事件の告発について 証券取引等監視委員会は、平成24年1月31日、金融商品取引法違反（インサイダー取引）の嫌疑で、下記の犯則嫌疑者を東京地方検察庁検察官に告発した。 １．告発の対象となった犯則事実 犯則嫌疑者は、経済産業省大臣官房審議官として、経済産業大臣の命を受けて、同省商務情報政策局情報通信機器課が所掌する半導体素子、集積回路その他情報通信機器等の部品等に関する事業の発達、改善及び調整等の事務の企画及び立案に参画し、関係事務を統括整理するなどの職務に従事していたものであるが、同職務上の権限の行使に関し 第１ 半導体素子等の電子部品の開発及び製造等を業とし、株式会社東京証券取引所が開設する有価証券市場に株券を上場しているＮＥＣエレクトロニクス株式会社の業務執行を決定する機関が、株式会社ルネサステクノロジと合併することについての決定をした旨の事実を、平成21年3月9日ころ知り、法定の除外事由がないのに、同事実の公表前である同年4月21日から同月27日までの間、証券会社を介し、東京証券取引所において、犯則嫌疑者の妻名義で、ＮＥＣエレクトロニクスの株券合計5000株を代金合計489万7900円で買い付け 第２ 半導体素子等の電子部品の開発及び製造等を業とし、東京証券取引所が開設する有価証券市場に株券を上場しているエルピーダメモリ株式会社の業務執行を決定する機関が、産業活力の再生及び産業活動の革新に関する特別措置法に基づく事業再構築計画の認定を取得し、同計画に沿って株式会社日本政策投資銀行を割当先とする第三者割当増資を行うことについての決定をした旨の事実を、遅くとも平成21年5月11日までに知り、法定の除外事由がないのに、同事実の公表前である同月15日及び同月18日、証券会社を介し、東京証券取引所において、犯則嫌疑者の妻名義で、エルピーダメモリの株券合計3000株を代金合計305万9000円で買い付け たものである。 ２．関連条文 第１ 金融商品取引法第197条の2第13号、同法第166条第1項第3号、同条第2項第1号ヌ 第２ 金融商品取引法第197条の2第13号、同法第166条第1項第3号、同条第2項第1号イ 法定刑：5年以下の懲役若しくは500万円以下の罰金、又は併科,1
2013-12-20,株式会社ワコム,,株式会社ワコム社員による内部者取引に対する課徴金納付命令の勧告について（平成25年12月20日）,https://www.fsa.go.jp/sesc/news/c_2013/2013/20131220-1.html,"平成２５年１２月２０日 証券取引等監視委員会 株式会社ワコム社員による内部者取引に対する課徴金納付命令の勧告について １．勧告の内容 証券取引等監視委員会は、株式会社ワコム社員による内部者取引について検査した結果、下記のとおり法令違反の事実が認められたので、本日、内閣総理大臣及び金融庁長官に対して、金融庁設置法第２０条第１項の規定に基づき、課徴金納付命令を発出するよう勧告を行った。 ２．法令違反の事実関係 課徴金納付命令対象者は、株式会社ワコム（以下「ワコム」という。）の社員であるが、その職務に関し、同社の属する企業集団の平成２５年３月期の売上高について、平成２４年１０月１９日に公表がされた直近の予想値に比較して、同社が新たに算出した予想値において投資者の投資判断に及ぼす影響が重要なものとして内閣府令で定める基準に該当する差異が生じた事実を知りながら、新たに算出した予想値が売上高６２５億円として公表がされた平成２５年１月２３日午後３時頃より前の同日午前９時２分頃から午前９時７分頃までの間、自己の計算において、ワコム株式合計３５株を買付価額合計９１２万９６００円で買い付けたものである。 課徴金納付命令対象者が行った上記の行為は、金融商品取引法第１７５条第１項に規定する「第１６６条第１項又は第３項の規定に違反して、同条第１項に規定する売買等をした」行為に該当すると認められる。 ３．課徴金の額の計算 上記の違法行為に対し、金融商品取引法に基づき納付を命じられる課徴金の額は、２０３万円である。 計算方法の詳細については、別紙のとおり。 （別紙） ○ 課徴金の額の計算方法について 金融商品取引法第１７５条第１項に基づき、課徴金の額は、 （重要事実が公表された後２週間における最も高い価格）×（買付株数） －（買付価格）×（買付株数） となる。 したがって、重要事実の公表後２週間におけるワコムの最も高い株価は、平成２５年１月３１日の３１９，０００円であることから、課徴金の額は下記の金額となる。 （３１９，０００円×３５株） － 買付価額９，１２９，６００円 （注） ＝ ２，０３５，４００円 ⇒課徴金の額は１万円未満を切り捨てるため、 ２０３万円 （注）買付価額は、「259,800円×11株＋261,100円×15株＋261,700円×9株」の合計額である。",1
2013-12-02,株式会社スタッツインベストメントマネジメント,,株式会社スタッツインベストメントマネジメントによる内部者取引に対する課徴金納付命令の勧告について（平成25年12月2日）,https://www.fsa.go.jp/sesc/news/c_2013/2013/20131202-3.html,"平成２５年１２月２日 証券取引等監視委員会 株式会社スタッツインベストメントマネジメントによる内部者取引に対する課徴金納付命令の勧告について ※　本件は、金融庁において平成26年10月30日に課徴金納付命令決定を行いましたが、令和２年７月10日に 同決定は取り消されました 。 １．勧告の内容 証券取引等監視委員会は、株式会社スタッツインベストメントマネジメント（以下「スタッツ」という。）による内部者取引について検査した結果、下記のとおり法令違反の事実が認められたので、本日、内閣総理大臣及び金融庁長官に対して、金融庁設置法第２０条第１項の規定に基づき、課徴金納付命令を発出するよう勧告を行った。 ２．法令違反の事実関係 スタッツは、その締結する投資一任契約に基づいて、いずれもケイマン籍ユニット・トラストであるギンガ・サービス・セクター・ファンド（Ginga Service Sector Fund）及びユビキタス・マスター・シリーズ・トラスト・クラス・ディ・ファンド（Ubiquitous Master Series Trust Class D Fund）の資産の運用権限を有していた会社であるが、ファンド・マネジャーとして上記各ファンドの運用を担当していた同社役員において、遅くとも平成２２年７月２日までに、国際石油開発帝石株式会社と株式引受契約の締結に向けた交渉を行っていた証券会社の社員甲から、同証券会社の他の社員乙が同契約の交渉に関し知り、その後、甲がその職務に関し知った国際石油開発帝石株式会社の業務執行を決定する機関が株式の募集を行うことについての決定をした旨の重要事実の伝達を受けながら、上記投資一任契約に基づく運用として、同重要事実が公表された同月８日より前の同月６日、国際石油開発帝石株式の売付けを行い、もって、上記各ファンドの計算において、同株式合計４５６株を売付価額２億１８４７万３０００円で売り付けたものである。 スタッツが行った上記の行為は、平成２４年法律第８６号による改正前の金融商品取引法（以下「金融商品取引法」という。）第１７５条第１項に規定する「第１６６条第１項又は第３項の規定に違反して、同条第１項に規定する売買等をした」行為に該当すると認められる。 ３．課徴金の額の計算 上記の違法行為に対し金融商品取引法に基づき算定される課徴金の額は、５４万円である。 計算方法の詳細については、別紙のとおり。 ４．その他 本件については、上記２．の証券会社から、同社が継続的に行っている自主的な点検・調査において問題を把握したとして、証券取引等監視委員会に報告がなされたものである。その後も証券取引等監視委員会の調査において、同社より協力がなされている。 （別紙） ○課徴金の額の計算方法について (1)金融商品取引法第１７５条第１項第３号・金融商品取引法第六章の二の規定による課徴金に関する内閣府令第１条の２１第１項第１号の規定により、金融商品取引法第１７５条第１項第３号に規定する売買等をした者（以下「違反者」という。）が、運用財産の運用として当該売買等をした場合、課徴金の額は、（ア）当該売買等が行われた月について違反者に当該運用財産の運用の対価として支払われ、又は支払われるべき金銭その他の財産の価額の総額に、（イ）当該売買等が行われた日からその月の末日までの間の当該運用財産である当該売買等の銘柄の総額のうち最も高い額を乗じた額を、（ウ）当該売買等が行われた月の末日における当該運用財産の総額で除して得た額である。 本件では、対象となる取引が、２つの運用財産の運用として行われてたものであるため、各運用財産について課徴金の額を計算し、それらを合計した金額が本件の課徴金の額となる。 運用財産１について （ア）14,591,134円×（イ）147,798,000円÷（ウ）5,123,624,544円 ＝　420,901円 運用財産２について （ア）2,221,451円×（イ）72,933,000円÷（ウ）1,270,673,889円 ＝　127,504円 合計　420,901円＋127,504円＝548,405円 (2)金融商品取引法第１７６条第２項の規定により、上記（１）で計算した額の１万円未満の端数を切捨て。",1
2013-12-02,ニッセイアセットマネジメント株式会社,,ニッセイアセットマネジメント株式会社による内部者取引に対する課徴金納付命令の勧告について（平成25年12月2日）,https://www.fsa.go.jp/sesc/news/c_2013/2013/20131202-4.html,"平成２５年１２月２日 証券取引等監視委員会 ニッセイアセットマネジメント株式会社による内部者取引に対する課徴金納付命令の勧告について １．勧告の内容 証券取引等監視委員会は、ニッセイアセットマネジメント株式会社（以下「ニッセイアセット」という。）による内部者取引について検査した結果、下記のとおり法令違反の事実が認められたので、本日、内閣総理大臣及び金融庁長官に対して、金融庁設置法第２０条第１項の規定に基づき、課徴金納付命令を発出するよう勧告を行った。 ２．法令違反の事実関係 ニッセイアセットは、その締結する年金投資一任契約又は投資信託契約に基づき、計３３件の顧客又はファンド（ニッセイ国内株式アクティブＤＢ、ニッセイ国内株式マザーファンド、ニッセイバランスアクティブ マザーファンド及びニッセイ国内株式リサーチ・バリューマザーファンドを含む。）に係る信託財産の運用権限を有していた会社であるが、同社ファンド・マネジャーとして同信託財産の運用を担当していた社員Ｘにおいて、平成２２年６月２８日、国際石油開発帝石株式会社と株式引受契約の締結に向けた交渉を行っていた証券会社の社員甲から、同証券会社の他の社員乙が同契約の交渉に関し知り、その後、甲がその職務に関し知った国際石油開発帝石株式会社の業務執行を決定する機関が株式の募集を行うことについての決定をした旨の重要事実の伝達を受け、さらに、ニッセイアセットのファンド・マネジャーとして同信託財産の運用を担当していた社員Ｙにおいて、遅くとも同月３０日までに、上記Ｘから同重要事実の情報提供を受けながら、上記年金投資一任契約又は投資信託契約に基づく運用として、同重要事実が公表された同年７月８日より前の同年６月２９日から同年７月１日までの間、国際石油開発帝石株式の売付けを行い、もって、上記顧客又はファンドの計算において、同株式合計１５７４株を売付価額合計７億８１５８万５９８５円で売り付けたものである。 ニッセイアセットが行った上記の行為は、平成２４年法律第８６号による改正前の金融商品取引法（以下「金融商品取引法」という。）第１７５条第１項に規定する「第１６６条第１項又は第３項の規定に違反して、同条第１項に規定する売買等をした」行為に該当すると認められる。 ３．課徴金の額の計算 上記の違法行為に対し金融商品取引法に基づき算定される課徴金の額は、４１万円である。 計算方法の詳細については、別紙のとおり。 ４．その他 本件については、上記２．の証券会社から、同社が継続的に行っている自主的な点検・調査において問題を把握したとして、証券取引等監視委員会に報告がなされたものである。その後も証券取引等監視委員会の調査において、同社より協力がなされている。 （別紙） ○ 課徴金の額の計算方法について (1) 金融商品取引法第１７５条第１項第３号・金融商品取引法第六章の二の規定による課徴金に関する内閣府令第１条の２１第１項第１号の規定により、金融商品取引法第１７５条第１項第３号に規定する売買等をした者（以下「違反者」という。）が、運用財産の運用として当該売買等をした場合、課徴金の額は、（ア）当該売買等が行われた月について違反者に当該運用財産の運用の対価として支払われ、又は支払われるべき金銭その他の財産の価額の総額に、（イ）当該売買等が行われた日からその月の末日までの間の当該運用財産である当該売買等の銘柄の総額のうち最も高い額を乗じた額を、（ウ）当該売買等が行われた月の末日における当該運用財産の総額で除して得た額である。 本件では、対象となる取引が、社員Ｘにおいて３１件の運用財産の運用として、社員Ｙにおいて２件の運用財産の運用として、それぞれ行われたものであるため、各運用財産について課徴金の額を計算し、それらを合計した金額が本件の課徴金の額となる。 運用財産１について （ア）577,333円×（イ）11,799,000円÷（ウ）1,942,429,765円 ＝　3,506円 運用財産２について （ア）1,796,667円×（イ）29,754,000円÷（ウ）13,438,436,453円 ＝　3,977円 運用財産３について （ア）7,179,000円×（イ）115,938,000円÷（ウ）77,101,452,311円 ＝　10,795円 運用財産４について （ア）893,167円×（イ）8,208,000円÷（ウ）3,768,797,793円 ＝　1,945円 運用財産５について （ア）248,333円×（イ）1,539,000円÷（ウ）948,426,278円 ＝　402円 運用財産６について （ア）3,108,500円×（イ）74,385,000円÷（ウ）26,421,557,311円 ＝　8,751円 運用財産７について （ア）593,500円×（イ）4,104,000円÷（ウ）2,013,369,140円 ＝　1,209円 運用財産８について （ア）387,500円×（イ）3,591,000円÷（ウ）1,767,971,117円 ＝　787円 運用財産９について （ア）1,556,500円×（イ）9,747,000円÷（ウ）8,454,120,455円 ＝　1,794円 運用財産１０について （ア）1,565,500円×（イ）13,851,000円÷（ウ）8,607,151,980円 ＝　2,519円 運用財産１１について （ア）857,167円×（イ）6,669,000円÷（ウ）3,429,301,579円 ＝　1,666円 運用財産１２について （ア）1,426,833円×（イ）11,799,000円÷（ウ）6,893,161,986円 ＝　2,442円 運用財産１３について （ア）966,000円×（イ）6,669,000円÷（ウ）4,071,491,850円 ＝　1,582円 運用財産１４について （ア）883,833円×（イ）4,104,000円÷（ウ）8,684,150,519円 ＝　417円 運用財産１５について （ア）564,000円×（イ）4,104,000円÷（ウ）1,871,273,913円 ＝　1,236円 運用財産１６について （ア）588,333円×（イ）3,078,000円÷（ウ）1,653,341,268円 ＝　1,095円 運用財産１７について （ア）1,161,833円×（イ）6,156,000円÷（ウ）5,414,500,337円 ＝　1,320円 運用財産１８について （ア）937,667円×（イ）7,182,000円÷（ウ）3,937,783,273円 ＝　1,710円 運用財産１９について （ア）941,667円×（イ）6,669,000円÷（ウ）3,899,483,013円 ＝　1,610円 運用財産２０について （ア）562,500円×（イ）3,591,000円÷（ウ）1,808,588,029円 ＝　1,116円 運用財産２１について （ア）756,000円×（イ）6,669,000円÷（ウ）2,894,031,164円 ＝　1,742円 運用財産２２について （ア）308,167円×（イ）3,078,000円÷（ウ）1,230,566,807円 ＝　770円 運用財産２３について （ア）5,061,833円×（イ）64,125,000円÷（ウ）34,192,577,503円 ＝　9,492円 運用財産２４について （ア）893,667円×（イ）7,695,000円÷（ウ）3,542,615,451円 ＝　1,941円 運用財産２５について （ア）197,833円×（イ）3,078,000円÷（ウ）1,385,959,085円 ＝　439円 運用財産２６について （ア）3,283,500円×（イ）56,430,000円÷（ウ）35,031,570,397円 ＝　5,289円 運用財産２７について （ア）599,500円×（イ）3,591,000円÷（ウ）2,061,783,142円 ＝　1,044円 運用財産２８について （ア）1,983,250円×（イ）235,980,000円÷（ウ）24,270,765,308円 ＝　19,282円 運用財産２９について （ア）284,049円×（イ）63,612,000円÷（ウ）11,922,143,800円 ＝　1,515円 運用財産３０について （ア）40,370,279円×（イ）130,815,000円÷（ウ）23,676,752,937円 ＝　223,047円 運用財産３１について （ア）1,621,605円×（イ）26,163,000円÷（ウ）20,819,804,328円 ＝　2,037円 運用財産３２－１について （ア）505,333円×（イ）19,246,500円÷（ウ）1,344,971,128円 ＝　7,231円 運用財産３２－２について （ア）505,333円×（イ）34,008,000円÷（ウ）1,359,200,210円 ＝　12,643円 運用財産３３について （ア）6,887,661円×（イ）26,155,500円÷（ウ）2,339,760,573円 ＝　76,995円 合計　3,506円＋3,977円＋10,795円＋1,945円＋402円＋8,751円＋1,209円＋787円＋1,794円＋2,519円＋1,666円＋2,442円＋1,582円＋417円＋1,236円＋1,095円＋1,320円＋1,710円＋1,610円＋1,116円＋1,742円＋770円＋9,492円＋1,941円＋439円＋5,289円＋1,044円＋19,282円＋1,515円＋223,047円＋2,037円＋7,231円＋12,643円＋76,995円＝413,346円 (2) 金融商品取引法第１７６条第２項の規定により、上記(１)で計算した額の１万円未満の端数を切捨て。",1
2013-12-02,関し知った日本板硝子株式会社,,ＭＡＭ ＰＴＥ．ＬＴＤ．による内部者取引に対する課徴金納付命令の勧告について（平成25年12月2日）,https://www.fsa.go.jp/sesc/news/c_2013/2013/20131202-1.html,"平成２５年１２月２日 証券取引等監視委員会 ＭＡＭ ＰＴＥ．ＬＴＤ．による内部者取引に対する課徴金納付命令の勧告について ※　本件は、金融庁において平成26年12月26日に課徴金納付命令決定を行いましたが、令和元年６月14日に 同決定は取り消されました 。 １．勧告の内容 証券取引等監視委員会は、ＭＡＭ　ＰＴＥ．ＬＴＤ．（以下「ＭＡＭ」という。）による内部者取引について検査した結果、下記のとおり法令違反の事実が認められたので、本日、内閣総理大臣及び金融庁長官に対して、金融庁設置法第２０条第１項の規定に基づき、課徴金納付命令を発出するよう勧告を行った。 ２．法令違反の事実関係 ＭＡＭは、シンガポール共和国会社法に基づき設立された有限責任会社であり、ケイマン籍ユニット・トラストのユビキタス・マスター・シリーズ・トラスト・クラス・ジー・ファンド（Ubiquitous Master Series Trust Class G Fund）の受託者との間で締結した投資一任契約に基づいて、同ファンドの資産の運用権限を有していたものであり、Ｘ及びＹは、ＭＡＭのファンド・マネジャーとして、上記ファンドの資産の運用を担当していた者である。 ＭＡＭは、Ｘ及びＹにおいて、平成２２年７月２７日、日本板硝子株式会社と株式引受契約の締結に向けた交渉を行っていた証券会社の社員甲から、同証券会社の他の社員乙が同契約の交渉に関し知り、その後、甲がその職務に関し知った日本板硝子株式会社の業務執行を決定する機関が株式の募集を行うことについての決定をした旨の重要事実の伝達を受けながら、それぞれ、上記投資一任契約に基づく運用として、同重要事実が公表された同年８月２４日より前の同年７月２７日から同年８月２４日までの間、日本板硝子株式の売付けを行い、もって、上記ファンドの計算において、同株式合計３４７万８０００株を売付価額７億５１５６万８２０６円で売り付け、そのうち、ＭＡＭの役員等の計算において、それぞれ同年７月度及び８月度におけるその出資割合である７．４７パーセント及び６．２２パーセント相当を取引したものである。 ＭＡＭが行った上記の行為は、金融商品取引法第１７５条第１項に規定する「第１６６条第１項又は第３項の規定に違反して、同条第１項に規定する売買等をした」行為に該当すると認められる。 ３．課徴金の額の計算 上記の違法行為に対し金融商品取引法に基づき算定される課徴金の額は、８０４万円である。 計算方法の詳細については、別紙のとおり。 ４．その他 本件については、上記２．の証券会社から、同社が継続的に行っている自主的な点検・調査において問題を把握したとして、証券取引等監視委員会に報告がなされたものである。その後も証券取引等監視委員会の調査において、同社より協力がなされている。 また、本件については、シンガポール通貨監督庁（Monetary Authority of Singapore）より支援がなされている。 （別紙） ○課徴金の額の計算方法について (1)金融商品取引法第１７５条第１項第１号の規定により、同法第１６６条第３項の規定に違反して自己の計算において有価証券の売付け等をした場合、課徴金の額は、 （売付け等をした価格）×（その数量） －（重要事実の公表後２週間における最も低い価格）×（売付け等の数量） として計算される。 本件において、重要事実の公表後２週間における日本板硝子株式の最も低い価格は、平成２２年８月２７日の１８１円である。 また、本件は、金融商品取引法第１７５条第１項第１号、第１０項第２号及び金融商品取引法第六章の二の規定による課徴金に関する内閣府令第１条の２３第２項第３号の規定により、ＭＡＭが投資一任契約に基づくユニット・トラスト形態のファンドの資産の運用として行った取引のうち、ＭＡＭの役員等の上記ファンドへの出資割合（平成２２年７月時点で7.47％、同年８月時点で6.22％）について、ＭＡＭが自己の計算で売付け等を行ったものとみなして、課徴金を算出するものである。 以上から、本件違反行為に係る課徴金の額は以下のとおり計算される。 平成２２年７月の売付け等に係る金額 （217,250,010円－181円×1,000,000株）×7.47％＝2,707,875円 平成２２年８月の売付け等に係る金額 （534,318,196円－181円×2,478,000株）×6.22％＝5,336,772円 合計　2,707,875円＋5,336,772円＝8,044,647円 (2)金融商品取引法第１７６条第２項の規定により、上記（１）で計算した額の１万円未満の端数を切捨て。",1
2014-09-11,フィノウェイブインベストメンツ株式会社,,フィノウェイブインベストメンツ株式会社による内部者取引に対する課徴金納付命令の勧告について（平成25年12月2日）,https://www.fsa.go.jp/sesc/news/c_2013/2013/20131202-2.html,"お詫びと訂正 （平成26年9月11日更新） 平成２５年１２月２日 証券取引等監視委員会 フィノウェイブインベストメンツ株式会社による内部者取引に対する課徴金納付命令の勧告について １．勧告の内容 証券取引等監視委員会は、フィノウェイブインベストメンツ株式会社（以下「フィノウェイブ」という。）による内部者取引について検査した結果、下記のとおり法令違反の事実が認められたので、本日、内閣総理大臣及び金融庁長官に対して、金融庁設置法第２０条第１項の規定に基づき、課徴金納付命令を発出するよう勧告を行った。 ２．法令違反の事実関係 フィノウェイブは、その締結する投資一任契約に基づいて、ケイマン籍会社型投資信託のハドウ・ファンド・エルティディ（HADOH Fund Ltd.）の資産の運用権限を有していた会社であるが、ファンド・マネジャーとして上記ファンドの運用を担当していた同社役員において、遅くとも平成２２年７月２日までに、国際石油開発帝石株式会社と株式引受契約の締結に向けた交渉を行っていた証券会社の社員甲から、同証券会社の他の社員乙が同契約の交渉に関し知り、その後、甲がその職務に関し知った国際石油開発帝石株式会社の業務執行を決定する機関が株式の募集を行うことについての決定をした旨の重要事実の伝達を受けながら、上記投資一任契約に基づく運用として、同重要事実が公表された同月８日より前の同月７日から同月８日までの間、国際石油開発帝石株式の売付けを行い、もって、上記ファンドの計算において、同株式合計５００株を売付価額２億３９４９万９５００円で売り付けたものである。 フィノウェイブが行った上記の行為は、平成２４年法律第８６号による改正前の金融商品取引法（以下「金融商品取引法」という。）第１７５条第１項に規定する「第１６６条第１項又は第３項の規定に違反して、同条第１項に規定する売買等をした」行為に該当すると認められる。 ３．課徴金の額の計算 上記の違法行為に対し金融商品取引法に基づき算定される課徴金の額は、１７万円である。 計算方法の詳細については、別紙のとおり。 ４．その他 本件については、上記２．の証券会社から、同社が継続的に行っている自主的な点検・調査において問題を把握したとして、証券取引等監視委員会に報告がなされたものである。その後も証券取引等監視委員会の調査において、同社より協力がなされている。 （別紙） ○ 課徴金の額の計算方法について (1) 金融商品取引法第１７５条第１項第３号・金融商品取引法第六章の二の規定による課徴金に関する内閣府令第１条の２１第１項第１号の規定により、金融商品取引法第１７５条第１項第３号に規定する売買等をした者（以下「違反者」という。）が、運用財産の運用として当該売買等をした場合、課徴金の額は、（ア）当該売買等が行われた月について違反者に当該運用財産の運用の対価として支払われ、又は支払われるべき金銭その他の財産の価額の総額に、（イ）当該売買等が行われた日からその月の末日までの間の当該運用財産である当該売買等の銘柄の総額のうち最も高い額を乗じた額を、（ウ）当該売買等が行われた月の末日における当該運用財産の総額で除して得た額である。 （ア）46,929,039円×（イ）147,600,000円÷（ウ）38,529,995,214円 ＝　179,774円 (2) 金融商品取引法第１７６条第２項の規定により、上記（１）で計算した額の１万円未満の端数を切捨て。",1
2013-11-26,株式会社システムソフト,7527,株式会社システムソフトとの契約締結交渉者の社員及び同人からの情報受領者による内部者取引に対する課徴金納付命令の勧告について（平成25年11月26日）,https://www.fsa.go.jp/sesc/news/c_2013/2013/20131126-1.html,"平成２５年１１月２６日 証券取引等監視委員会 株式会社システムソフトとの契約締結交渉者の社員及び同人からの情報受領者による内部者取引に対する課徴金納付命令の勧告について １．勧告の内容 証券取引等監視委員会は、株式会社システムソフトとの契約締結交渉者の社員及び同人からの情報受領者による内部者取引について検査した結果、下記のとおり法令違反の事実が認められたので、本日、内閣総理大臣及び金融庁長官に対して、金融庁設置法第２０条第１項の規定に基づき、課徴金納付命令を発出するよう勧告を行った。 ２．法令違反の事実関係 課徴金納付命令対象者(１)及び(２)は、パワーテクノロジー株式会社（以下「パワーテクノロジー」という。）の社員であったが、その職務に関し、同社の役員が株式会社システムソフト（以下「システムソフト」という。）との合併契約の締結の交渉に関し知った、システムソフトの業務執行を決定する機関が、パワーテクノロジーと合併を行うことについての決定をした旨の重要事実を知りながら、 課徴金納付命令対象者(１)においては、この事実が公表された平成２４年１０月３１日より前の同月２４日、自己の計算において、システムソフトの株式４９００株を買付価額３４万３０００円で買い付け、 課徴金納付命令対象者(２)においては、この事実が公表された平成２４年１０月３１日より前の同月２９日、自己の計算において、システムソフトの株式合計１万３２００株を買付価額合計９８万３４００円で買い付けたものである。 課徴金納付命令対象者(３)は、課徴金納付命令対象者(２)から、上記事実の伝達を受けながら、この事実が公表された平成２４年１０月３１日より前の同月２６日、自己の計算において、システムソフトの株式６３００株を買付価額４６万６２００円で買い付けたものである。 課徴金納付命令対象者(１)、(２)及び(３)が行った上記の行為は、金融商品取引法第１７５条第１項に規定する「第１６６条第１項又は第３項の規定に違反して、同条第１項に規定する売買等をした」行為に該当すると認められる。 ３．課徴金の額の計算 上記の違法行為に対し、金融商品取引法に基づき納付を命じられる課徴金の額は、下記のとおりである。 課徴金納付命令対象者(１) ５５万円 課徴金納付命令対象者(２) １４３万円 課徴金納付命令対象者(３) ６８万円 計算方法の詳細については、別紙のとおり。 （別紙） ○ 課徴金の額の計算方法について 金融商品取引法第１７５条第１項に基づき、課徴金の額は、 （重要事実が公表された後２週間における最も高い価格）×（買付株数） －（買付価格）×（買付株数） となる。 したがって、重要事実の公表後２週間におけるシステムソフトの最も高い株価は、平成２４年１１月７日の１８３円であることから、課徴金の額は下記の金額となる。 課徴金納付命令対象者（１） （１８３円×４，９００株） － 買付価額３４３，０００円 （注） ＝５５３，７００円 ⇒課徴金の額は１万円未満を切り捨てるため、 ５５万円 （注）買付価額は、「70円×4,900株」の額である。 課徴金納付命令対象者（２） （１８３円×１３，２００株） － 買付価額９８３，４００円 （注） ＝１，４３２，２００円 ⇒課徴金の額は１万円未満を切り捨てるため、 １４３万円 （注）買付価額は、「74円×6,600株＋75円×6,600株」の合計額である 課徴金納付命令対象者（３） （１８３円×６，３００株） － 買付価額４６６，２００円 （注） ＝６８６，７００円 ⇒課徴金の額は１万円未満を切り捨てるため、 ６８万円 （注）買付価額は、「74円×6,300株」の額である。",1
2013-10-29,ノーリツ鋼機株式会社,7744,ノーリツ鋼機株式会社子会社との契約締結交渉者からの情報受領者による内部者取引に対する課徴金納付命令の勧告について（平成25年10月29日）,https://www.fsa.go.jp/sesc/news/c_2013/2013/20131029-2.html,"平成２５年１０月２９日 証券取引等監視委員会 ノーリツ鋼機株式会社子会社との契約締結交渉者からの情報受領者による内部者取引に対する課徴金納付命令の勧告について １．勧告の内容 証券取引等監視委員会は、ノーリツ鋼機株式会社子会社との契約締結交渉者からの情報受領者による内部者取引について検査した結果、下記のとおり法令違反の事実が認められたので、本日、内閣総理大臣及び金融庁長官に対して、金融庁設置法第２０条第１項の規定に基づき、課徴金納付命令を発出するよう勧告を行った。 ２．法令違反の事実関係 課徴金納付命令対象者は、ノーリツ鋼機株式会社（以下「ノーリツ鋼機」という。）の子会社であるＮＫリレーションズ株式会社（以下「ＮＫＲ」という。）と、株式会社全国通販（以下「全国通販」という。）ほか７社の株式の譲渡に関する契約の締結の交渉をしていた全国通販の役員から、同人が同契約の締結の交渉に関し知った、ＮＫＲの業務執行を決定する機関がノーリツ鋼機の孫会社の異動を伴う株式の取得を行うことについての決定をした旨の重要事実の伝達を受けながら、この事実の公表がされた平成２４年１２月２１日より前の同年１２月１０日及び同月２０日、自己及び親族の計算において、ノーリツ鋼機の株式合計８０００株を買付価額合計２５４万６０００円で買い付けたものである。 課徴金納付命令対象者が行った上記の行為は、金融商品取引法第１７５条第１項に規定する「第１６６条第１項又は第３項の規定に違反して、同条第１項に規定する売買等をした」行為に該当すると認められる。 ３．課徴金の額の計算 上記の違法行為に対し、金融商品取引法に基づき納付を命じられる課徴金の額は、４７万円である。 計算方法の詳細については、別紙のとおり。 （別紙） ○ 課徴金の額の計算方法について 金融商品取引法第１７５条第１項に基づき、課徴金の額は、 （重要事実が公表された後２週間における最も高い価格）×（買付株数） －（買付価格）×（買付株数） となる。 したがって、重要事実の公表後２週間におけるノーリツ鋼機の最も高い株価は、平成２５年１月４日の３７７円であることから、課徴金の額は下記の金額となる。 （３７７円×８，０００株） － 買付価額２，５４６，０００円 （注） ＝４７０，０００円 ⇒課徴金の額は、 ４７万円 （注）買付価額は、「316円×5,000株＋322円×3,000株」の合計額である。",1
2013-10-29,オストジャパン,,公開買付者との契約締結交渉者からの情報受領者によるオストジャパングループ株式に係る内部者取引に対する課徴金納付命令の勧告について（平成25年10月29日）,https://www.fsa.go.jp/sesc/news/c_2013/2013/20131029-1.html,"平成２５年１０月２９日 証券取引等監視委員会 公開買付者との契約締結交渉者からの情報受領者によるオストジャパングループ株式に係る内部者取引に対する課徴金納付命令の勧告について １．勧告の内容 証券取引等監視委員会は、公開買付者との契約締結交渉者からの情報受領者によるオストジャパングループ株式に係る内部者取引について検査した結果、下記のとおり法令違反の事実が認められたので、本日、内閣総理大臣及び金融庁長官に対して、金融庁設置法第２０条第１項の規定に基づき、課徴金納付命令を発出するよう勧告を行った。 ２．法令違反の事実関係 課徴金納付命令対象者（１）及び（２）は、株式会社オストジャパングループ（以下「オストジャパングループ」という。）子会社の役員から、同人が株式会社富士薬品（以下「富士薬品」という。）との資本業務提携契約の締結の交渉に関し知った、富士薬品の業務執行を決定する機関がオストジャパングループの株式の公開買付けを行うことについての決定をした旨の公開買付けの実施に関する事実の伝達を受けながら、 課徴金納付命令対象者(１)においては、この事実が公表された平成２５年１月１０日より前の平成２４年１１月２９日から同年１２月７日までの間、自己の計算において、オストジャパングループの株式合計３０００株を買付価額合計９６万８７００円で買い付け、 課徴金納付命令対象者(２)においては、この事実が公表された平成２５年１月１０日より前の平成２４年１２月２７日から平成２５年１月８日までの間、自己の計算において、オストジャパングループの株式合計２３００株を買付価額合計８１万４００円で買い付けたものである。 課徴金納付命令対象者（１）及び（２）が行った上記の行為は、金融商品取引法第１７５条第２項に規定する「第１６７条第１項又は第３項の規定に違反して、同条第１項に規定する特定株券等若しくは関連株券等に係る買付け等」をした行為に該当すると認められる。 ３．課徴金の額の計算 上記の違法行為に対し、金融商品取引法に基づき納付を命じられる課徴金の額は、下記のとおりである。 課徴金納付命令対象者(１)　１４５万円 課徴金納付命令対象者(２)　１０５万円 計算方法の詳細については、別紙のとおり。 （別紙） ○ 課徴金の額の計算方法について 金融商品取引法第１７５条第２項に基づき、課徴金の額は、 （公開買付け等の実施に関する事実が公表された後２週間における最も高い価格）×（買付株数） － （買付価格）×（買付株数） となる。 したがって、公開買付け等の実施に関する事実の公表後２週間におけるオストジャパングループの最も高い株価は、平成２５年１月１６日の８０９円であることから、課徴金の額は下記の金額となる。 課徴金納付命令対象者（１） （８０９円×３，０００株） － 買付価額９６８，７００円 （注） ＝１，４５８，３００円 ⇒課徴金の額は１万円未満を切り捨てるため、 １４５万円 （注）買付価額は、「317円×100株＋320円×2,000株＋330円×900株」の合計額である。 課徴金納付命令対象者（２） （８０９円×２，３００株） － 買付価額８１０，４００円 （注） ＝１，０５０，３００円 ⇒課徴金の額は１万円未満を切り捨てるため、 １０５万円 （注）買付価額は、「345円×1,000株＋350円×500株＋355円×200株＋365円×500株+369円×100株」の合計額である。",1
2013-09-25,戸田建設株式会社,1860,戸田建設株式会社社員による内部者取引に対する課徴金納付命令の勧告について（平成25年9月25日）,https://www.fsa.go.jp/sesc/news/c_2013/2013/20130925-2.html,"平成２５年９月２５日 証券取引等監視委員会 戸田建設株式会社社員による内部者取引に対する課徴金納付命令の勧告について １．勧告の内容 証券取引等監視委員会は、戸田建設株式会社社員による内部者取引について検査した結果、下記のとおり法令違反の事実が認められたので、本日、内閣総理大臣及び金融庁長官に対して、金融庁設置法第２０条第１項の規定に基づき、課徴金納付命令を発出するよう勧告を行った。 ２．法令違反の事実関係 課徴金納付命令対象者は、戸田建設株式会社（以下「戸田建設」という。）の社員であるが、その職務に関し、同社の平成２５年３月期の当期純利益について、平成２４年８月９日に公表がされた直近の予想値に比較して、同社が新たに算出した予想値において投資者の投資判断に及ぼす影響が重要なものとして内閣府令で定める基準に該当する差異が生じた事実を知りながら、新たに算出した予想値が当期純利益マイナス３９８億円として公表がされた平成２４年１０月３１日午後３時３０分頃より前の同日午後０時３４分頃から午後１時４９分頃までの間、自己の計算において、戸田建設株式合計９０００株を売付価額合計２１６万９０００円で売り付けたものである。 課徴金納付命令対象者が行った上記の行為は、金融商品取引法第１７５条第１項に規定する「第１６６条第１項又は第３項の規定に違反して、同条第１項に規定する売買等をした」行為に該当すると認められる。 ３．課徴金の額の計算 上記の違法行為に対し、金融商品取引法に基づき納付を命じられる課徴金の額は、５２万円である。 計算方法の詳細については、別紙のとおり。 （別紙） ○ 課徴金の額の計算方法について 金融商品取引法第１７５条第１項に基づき、課徴金の額は、 （売付価格）×（売付株数） －（重要事実が公表された後２週間における最も低い価格）×（売付株数） となる。 したがって、重要事実の公表後２週間における戸田建設の最も低い株価は、平成２４年１１月１３日の１８３円であることから、課徴金の額は下記の金額となる。 売付価額２，１６９，０００円（注） － （１８３円×９，０００株） ＝ ５２２，０００円 ⇒課徴金の額は１万円未満を切り捨てるため、 ５２万円 （注）売付価額は、「241円×9,000株」の額である。",1
2013-08-30,ソネットエンタテインメント,6758,公開買付者の社員からの情報受領者によるソネットエンタテインメント株式に係る内部者取引に対する課徴金納付命令の勧告について（平成25年8月30日）,https://www.fsa.go.jp/sesc/news/c_2013/2013/20130830-4.html,"平成２５年８月３０日 証券取引等監視委員会 公開買付者の社員からの情報受領者によるソネットエンタテインメント株式に係る内部者取引に対する課徴金納付命令の勧告について １．勧告の内容 証券取引等監視委員会は、公開買付者の社員からの情報受領者によるソネットエンタテインメント株式に係る内部者取引について検査した結果、下記のとおり法令違反の事実が認められたので、本日、内閣総理大臣及び金融庁長官に対して、金融庁設置法第２０条第１項の規定に基づき、課徴金納付命令を発出するよう勧告を行った。 ２．法令違反の事実関係 課徴金納付命令対象者は、ソニー株式会社（以下「ソニー」という。）の社員から、同人がその職務に関し知った、ソニーの業務執行を決定する機関がソネットエンタテインメント株式会社（以下「ソネット」という。）の株式の公開買付けを行うことについての決定をした事実の伝達を受けながら、この事実が公表された平成２４年８月１０日より前の同月３日午前１１時３４分から同日午後１時３６分までの間、自己の計算において、ソネットの株式合計１２株を買付価額合計３９０万７５００円で買い付けたものである。 課徴金納付命令対象者が行った上記の行為は、金融商品取引法第１７５条第２項に規定する「第１６７条第１項又は第３項の規定に違反して、同条第１項に規定する特定株券等若しくは関連株券等に係る買付け等又は同項に規定する株券等に係る売付け等をした」行為に該当すると認められる。 ３．課徴金の額の計算 上記の違法行為に対し、金融商品取引法に基づき納付を命じられる課徴金の額は、２８９万円である。 計算方法の詳細については、別紙のとおり。 （別紙） ○ 課徴金の額の計算方法について 金融商品取引法第１７５条第２項に基づき、課徴金の額は、 （公開買付け等の実施に関する事実が公表された後２週間における最も高い価格）×（買付株数） － （買付価格）×（買付株数） となる。 したがって、公開買付け等の実施に関する事実の公表後２週間におけるソネットの最も高い株価は、平成２４年８月２３日の５６７，０００円であることから、課徴金の額は下記の金額となる。 （５６７，０００円×１２株） － 買付価額３，９０７，５００円 （注） ＝２，８９６，５００円 ⇒課徴金の額は１万円未満を切り捨てるため、 ２８９万円 （注）買付価額は、「324,000円×5株＋326,500円×3株＋327,000円×4株」の合計額である。",1
2013-08-30,株式会社,1301,株式会社オウケイウェイヴとの契約締結交渉者からの情報受領者による内部者取引に対する課徴金納付命令の勧告について（平成25年8月30日）,https://www.fsa.go.jp/sesc/news/c_2013/2013/20130830-3.html,平成２５年８月３０日 証券取引等監視委員会 株式会社オウケイウェイヴとの契約締結交渉者からの情報受領者による内部者取引に対する課徴金納付命令の勧告について １．勧告の内容 証券取引等監視委員会は、株式会社オウケイウェイヴとの契約締結交渉者からの情報受領者による内部者取引について検査した結果、下記のとおり法令違反の事実が認められたので、本日、内閣総理大臣及び金融庁長官に対して、金融庁設置法第２０条第１項の規定に基づき、課徴金納付命令を発出するよう勧告を行った。 ２．法令違反の事実関係 課徴金納付命令対象者は、株式会社オウケイウェイヴ（以下「オウケイウェイヴ」という。）と、資本業務提携契約の締結の交渉をしていた株式会社ブリックス（以下「ブリックス」という。）の役員から、同人が同契約の締結の交渉に関し知った、オウケイウェイヴの業務執行を決定する機関がブリックスと業務上の提携を行うことの決定をした事実の伝達を受けながら、この事実が公表された平成２４年１０月２３日午後４時頃より前の同日午後２時１８分頃から同日午後３時２６分頃までの間、自己の計算において、オウケイウェイヴの株式合計１３００株を買付価額合計１０１万７６００円で買い付けたものである。 課徴金納付命令対象者が行った上記の行為は、金融商品取引法第１７５条第１項に規定する「第１６６条第１項又は第３項の規定に違反して、同条第１項に規定する売買等をした」行為に該当すると認められる。 ３．課徴金の額の計算 上記の違法行為に対し、金融商品取引法に基づき納付を命じられる課徴金の額は、８６万円である。 計算方法の詳細については、別紙のとおり。 （別紙） ○ 課徴金の額の計算方法について 金融商品取引法第１７５条第１項に基づき、課徴金の額は、 （重要事実が公表された後２週間における最も高い価格）×（買付株数） －（買付価格）×（買付株数） となる。 したがって、重要事実の公表後２週間におけるオウケイウェイヴの最も高い株価は、平成２４年１０月２９日の１，４４６円であることから、課徴金の額は下記の金額となる。 （１，４４６円×１，３００株） － 買付価額１，０１７，６００円 （注） ＝８６２，２００円 ⇒課徴金の額は１万円未満を切り捨てるため、 ８６万円 （注）買付価額は、「781円×700株＋782円×100株＋783円×400株＋795円×100株」の合計額である。,1
2013-08-08,,,「金融商品取引法における課徴金事例集～不公正取引編～」の公表について（平成25年8月8日）,https://www.fsa.go.jp/sesc/news/c_2013/2013/20130808-2.html,平成２５年８月８日 証券取引等監視委員会 「金融商品取引法における課徴金事例集～不公正取引編～」の公表について 証券取引等監視委員会では、「金融商品取引法における課徴金事例集～不公正取引編～」について、 別紙 （PDF:397KB） のとおり取りまとめましたので、公表します。 本事例集は、証券取引等監視委員会の勧告に基づき、平成24年６月から平成25年６月までの間に課徴金納付命令が発せられ、取消しの訴えの出訴期間が経過した（取消しの訴えがあり、現在係争中のものを除く。）事例（26事例）について、その概要を取りまとめたものです。 なお、本事例集は、平成20年６月以降、開示規制違反に関する課徴金事例も含めて一冊にまとめてきたところですが、今回の改訂では、事例の性質に応じて、内部者取引や相場操縦等の不公正取引に関する課徴金事例集（本書）と開示規制違反に関する課徴金事例集（「金融商品取引法における課徴金事例集（開示規制違反編）」）の二冊に分けて公表することとしました。さらに、課徴金制度についての理解を深めてもらうよう、「過去にバスケット条項に該当するとされた個別事例」を掲載したほか、あわせて内部者取引の個別事例について、大型公募増資に係る事例をこれ以外の事例に分けて掲載しています。 内訳は、 内部者取引に係るもの（16事例） （大型公募増資に係るもの5事例、それ以外のもの11事例） 相場操縦に係るもの（10事例） 過去にバスケット条項に該当するとされた個別事例（5事例） です。 証券取引等監視委員会としては、本書が、市場監視行政の透明性を高めるとともに、証券市場を巡るルールの共有の促進を通じて幅広い市場関係者の自主的な規律の向上に役立つことを期待しています。 過去の課徴金事例集はこちら,1
2013-07-23,アンジェスＭＧ株式会社,,アンジェスＭＧ株式会社役員からの情報受領者による内部者取引に対する課徴金納付命令の勧告について（平成25年7月23日）,https://www.fsa.go.jp/sesc/news/c_2013/2013/20130723-1.html,"平成２５年７月２３日 証券取引等監視委員会 アンジェスＭＧ株式会社役員からの情報受領者による内部者取引に対する課徴金納付命令の勧告について １．勧告の内容 証券取引等監視委員会は、アンジェスＭＧ株式会社役員からの情報受領者による内部者取引について検査した結果、下記のとおり法令違反の事実が認められたので、本日、内閣総理大臣及び金融庁長官に対して、金融庁設置法第２０条第１項の規定に基づき、課徴金納付命令を発出するよう勧告を行った。 ２．法令違反の事実関係 課徴金納付命令対象者は、アンジェスＭＧ株式会社（以下「アンジェスＭＧ」という。）の役員から、同人がその職務に関し知った、アンジェスＭＧの業務執行を決定する機関が田辺三菱製薬株式会社と業務上の提携を行うことについての決定をした旨の重要事実の伝達を受けながら、この事実の公表がされた平成２４年７月２日午前１１時３０分頃より前の同日午前１０時５３分頃、自己の計算において、アンジェスＭＧの株式合計１６株を買付価額合計５９万４９５０円で買い付けたものである。 課徴金納付命令対象者が行った上記の行為は、金融商品取引法第１７５条第１項に規定する「第１６６条第１項又は第３項の規定に違反して、同条第１項に規定する売買等をした」行為に該当すると認められる。 ３．課徴金の額の計算 上記の違法行為に対し、金融商品取引法に基づき納付を命じられる課徴金の額は、１０２万円である。 計算方法の詳細については、別紙のとおり。 （別紙） ○ 課徴金の額の計算方法について 金融商品取引法第１７５条第１項に基づき、課徴金の額は、 （重要事実が公表された後２週間における最も高い価格）×（買付株数） －（買付価格）×（買付株数） となる。 したがって、重要事実の公表後２週間におけるアンジェスＭＧの最も高い株価は、平成２４年７月９日の１０１，３００円であることから、課徴金の額は下記の金額となる。 （１０１，３００円×１６株） － 買付価額５９４，９５０円 （注） ＝１，０２５，８５０円 ⇒課徴金の額は１万円未満を切り捨てるため、 １０２万円 （注）買付価額は、「36,800円×4株＋37,000円×1株＋37,150円×1株＋37,200円×1株＋37,250円×1株＋37,300円×3株＋37,450円×5株」の合計額である。",1
2013-06-26,,,証券取引等監視委員会の事務処理状況の公表について（平成25年6月26日）,https://www.fsa.go.jp/sesc/reports/n_24/n_24.html,"平成２５年６月２６日 証券取引等監視委員会 証券取引等監視委員会の事務処理状況の公表について 証券取引等監視委員会（以下｢証券監視委｣という。）は、発足以来毎年、事務処理状況を公表していますが、今回は、その21回目として、平成24年４月１日から同25年３月31日までの期間における事務の処理状況を「証券取引等監視委員会の活動状況」として公表します。 公表内容の主なポイント 第１章：組織 第２章：市場分析審査 １．一般投資家等からの情報の受付 受付件数　６，３６２件（平成24年度） *平成23年度は６，１７９件 （内訳） ・個別銘柄に関するもの ３，７５１件（３，２２７件） ・発行体に関するもの ４３６件 （４４０件） ・金融商品取引業者の営業姿勢等に関するもの ７９０件 （８７８件） ・その他の意見等 １，３８５件（１，６３４件） *カッコ書きは平成23年度の件数 （参考）年金運用ホットライン（平成24年４月設置） 「年金運用の分野」に関し、投資一任業者等における疑わしい運用等の端緒情報のほか、年金資産の運用環境に関する情報等、幅広く受付け →　平成24年度においては、23件の情報を受付け 有用性の高い情報を得る観点から、実名の方を対象 特に詳細な情報提供の場合、年金運用の専門家が対応 ウェブサイトにおいて提供いただきたい情報の例をより具体的に掲載（平成25年４月） ２．市場動向分析 発行市場・流通市場全体に目を向けた市場監視 ・不公正ファイナンスへの対応　等 新たな金融商品等の実態把握を含めた包括的かつ機動的な市場監視に向けた実態把握 ・市場における新たな取引等（高頻度取引（ＨＦＴ）やアルゴリズム取引等）の実態把握等 ３．取引審査 ９７３件の取引審査を実施（平成24年度） *平成23年度は９１３件 （内訳） ・価格形成に関するもの ８４件　（７３件） ・内部者取引に関するもの ８７５件（８１９件） ・その他（偽計等） １４件　（２１件） *カッコ書きは平成23年度の件数 クロスボーダー取引への対応 第３章　証券検査 １．検査の実施状況 全体で２１４社〔着手ベース〕の検査を実施（平成24年度） 第一種金商業者(57社)、登録金融機関(28社)、投資運用業者(36社)、 第二種金商業者(20社)、投資助言・代理業者(40社)、 適格機関投資家等特例業務届出者 (21社)等、多様な業態をカバー。 （注１）検査実績について、検査対象先が複数の業種の登録を受けている場合は、主たる業種に分類して計上したもの （注２）検査対象先は、金融商品取引法の施行を含む数次にわたる制度改正により多様化するとともに、対象業者数が大幅に増加し、全体で延べ約8,000社(平成24年度末時点） 検査等の結果、重大な法令違反等が認められた１８件（注３）について、行政処分等を求める勧告を行い、これら事案を含め、法令違反や内部管理態勢等の問題点が認められた102社に対して、問題点を通知。 （注３）このほか、国際取引等調査及び犯則事件の調査の結果に基き、金商業者に対して２件の勧告を行った。 重大な法令違反等が認められた適格機関投資家等特例業務届出者等13社について、社名・代表者名・法令違反行為等を公表 ２．主な勧告事例 第一種金融商品取引業者 法人関係情報に関する管理について不公正取引の防止を図るための適切な措置を講じていない業務の運営状況（SMBC日興証券(株)、野村證券(株)） 投資運用業者（投資一任業者） 投資対象となるファンドのデューデリジェンスやモニタリング等が不適切であり、投資一任契約に係る善管注意義務に違反（ユナイテッド投信投資顧問(株)、(株)スタッツインベストメントマネジメント） 信用格付業者 付与した信用格付に係る検証及び更新を適切かつ継続的に実施するための措置が不十分な状況、信用格付の誤公表等（スタンダード＆プアーズ・レーティング・ジャパン(株)） ３．投資一任業者に対する集中的な検査 AIJ問題を受け、金融庁が実施した投資一任業者に対する一斉調査の内容等を踏まえ、集中的な検査を実施。 ⇒　２件の行政処分勧告を実施 （新生インベストメント・マネジメント(株)、ビバーチェ・キャピタル・マネジメント(株)） 年金運用に係る専門の窓口として「年金運用ホットライン」を開設し、専門家による積極的かつ質の高い分析を行い、投資一任業者の検査に活用。 ４．無登録業者等に対する裁判所への禁止命令等の申立て等 １件の申立てを実施 ・Ｆ－ＳＥＥＤ(株)（適格機関投資家等特例業務届出者）及びその使用人 ファンドの契約の締結又はその勧誘に関する虚偽告知 １件の調査等の結果を公表 ・ＭＪホールディングス(株)ほか７社 無登録業者にファンド持分の取得勧誘を行わせる行為、ファンド出資金の流用等 第４章　取引調査 取引調査の結果に基づく勧告状況 ２５件の勧告を実施（平成24年度） *平成23年度は17件（国際取引等調査を除く） （内訳） 内部者取引13件（14件）、相場操縦12件（３件） *カッコ書きは平成23年度の件数 勧告事案例 ・株式会社ジアース役員及び社員による内部者取引に対する課徴金納付命令の勧告 （平成24年８月３日） →　 上場会社の役員及び社員が職務に関し知った情報を基に内部者取引を行った事案 ・アイティメディア株式に係る相場操縦に対する課徴金納付命令の勧告（平成24年10月12日） →　 課徴金納付命令対象者３名が、あらかじめ意思を通じた上で、対当売買等により相場操縦を行った事案 第５章　国際取引等調査 国際取引等調査の結果に基づく勧告状況 ７件の勧告を実施（平成24年度）〔内訳：内部者取引６件、相場操縦１件〕 勧告事案例 ・大型公募増資公表前に行われた内外プロ投資家によるインサイダー取引に対し、６件の課徴金納付命令勧告を実施。このうち、東京電力株式に係る内部者取引事案は、海外に所在する違反行為者に対する課徴金納付命令勧告として、初めての事例 ・ヤフー株式に係る相場操縦事案は、米国所在の違反行為者に対して課徴金納付命令勧告を行ったものであり、不公正取引に係る課徴金額としては過去最高金額（6,571万円） ・上記の東京電力株式及びヤフー株式に係る事案は、米国証券取引委員会（U.S. Securities and Exchange Commission）と緊密に協力・連携した結果、課徴金納付命令勧告を行ったもの 第６章　開示検査 開示検査の結果に基づく勧告状況 １０件の勧告を実施（平成24年度） （内訳） ・開示書類の虚偽記載に対する課徴金納付命令勧告９件（９件） ・訂正報告書の提出命令の発出を求める勧告１件（０件） *カッコ書きは平成23年度の件数 勧告事案例 ・架空売上の計上、売上原価の過少計上、投資有価証券の過大計上、のれんの過大計上、長期借入金の過少計上、貸倒引当金の過少計上等、多岐にわたる虚偽記載の態様について勧告 ・開示書類を自発的に訂正しなかった発行者に対し訂正報告書の提出命令を勧告 (注）勧告に至らない場合でも、自発的な訂正を促している。 第７章　犯則事件の調査・告発 １．告発の状況 ７件の告発を実施（平成24年度） *平成23年度は15件 （内訳） 偽計１件（３件）、内部者取引２件（６件）、投資一任契約の締結に係る偽計４件（０件）、 相場操縦０件（１件）、風説の流布及び偽計０件（１件）、 虚偽有価証券報告書等の提出０件（４件） *カッコ書きは平成23年度の件数 →　市場の公正性を脅かす証券犯罪に厳正に対応 ２．告発事例 ＡＩＪ投資顧問株式会社による投資一任契約の締結に係る偽計事件 【平成24年７月（２件）、９月（１件）、10月（１件）】 →　投資一任業者等が、虚偽の運用実績等を示して多数の年金基金との間で投資一任契約を締結し、多額の損失を生じさせた事件について、「契約の偽計」を初めて適用し、告発 証券会社元執行役員が関与した内部者取引事件 【平成24年７月、８月（各１件）】 →　証券会社執行役員が職務上入手した公表前の重要事実を継続的に知人の会社役員に伝達。取引金額も高額で悪質な内部者取引事件 株式会社セイクレスト関係者らによる現物出資制度を悪用した偽計事件 【平成24年12月】 →　不動産の現物出資制度を悪用した不公正ファイナンスについて、ＮＥＳＴＡＧＥ事件に次ぐ２件目の告発 →　不公正ファイナンス事案としては、ペイントハウス株式会社に係る事件（平成21年７月告発）から上記株式会社セイクレストに係る事件まで、これまでに計７件を摘発 第８章　建議 建議等を通じたルール整備への貢献 信用格付を提供し、又は閲覧に供する行為に係る正確性の確保についての建議（平成25年３月29日） ・信用格付業者に対する検査において、社内で決定・付与された信用格付を提供し又は閲覧に供する行為（以下「公表等」という。）を行う際に、誤って異なる信用格付を公表等している事例が認められた。 ・しかし、現行の制度では、信用格付業者に対して、信用格付の公表等に係る正確性の確保を直接求める制度になっていないため、建議を実施。 会社情報の公表予定時刻前のウェブサイトへの掲載等に係る対応 ・市場監視活動を行う過程で、一部の上場会社において、正式な公表予定時刻より前に、自社ウェブサイト等に重要な会社情報を十分な情報セキュリティ措置を講ずることなく保存したため、外部の者によって容易に当該情報が閲覧されてしまうケースがあることが判明。 ・東京証券取引所に情報提供。 ・平成25年４月、金融庁と各証券取引所は、上場会社等に対し、自社ウェブサイトに会社情報を掲載する際の留意事項を通知するとともに、各証券取引所は、上場規則の改正等を内容とする今後の対応方針や上場規則改正の要綱案を公表。 第９章　市場のグローバル化への対応に向けての取り組み １．情報交換枠組みの活用 クロスボーダー取引による違反行為に対し、証券規制当局間の情報交換枠組み等を通じた海外証券規制当局からの情報提供などにより、５件の課徴金納付命令勧告及び４件の刑事告発を実施 ２．意見交換 米国、香港、タイ、ケイマン諸島等の海外証券規制当局やグローバルに活動する金融機関、国際的な業界団体等との意見交換を実施 ３．体制整備及び人材育成 クロスボーダー取引等を利用した内外プロ投資家による不公正取引の実態解明を専門に担当する、国際取引等調査室を取引調査課に設置（平成23 年８月） 海外証券規制当局における監視や調査・検査の手法を取得するため、また、我が国の有する調査・検査の手法・ノウハウを海外証券規制当局の職員へ伝えるため、証券監視委の職員をIOSCO等が主催する研修に派遣 第１０章　監視活動の機能強化への取組み等 １．市場監視体制の充実・強化 クロスボーダー取引に対する監視体制の強化、投資一任業者等に対する検査体制の強化等 →　16人の増員（証券監視委の平成25年度末の定員は400人） 民間専門家の採用：弁護士、公認会計士、ＩＴ専門家等（１０９名在籍） ２．システム・インフラの強化 デジタルフォレンジックの環境整備 ・機材の整備、研修の充実等 ３．市場参加者との対話、情報発信 市場参加者に対する講演や意見交換等の実施 各種専門誌等への寄稿や証券監視委メールマガジン等を通じた情報発信 ４．関係当局等との連携 金融庁、財務局等、自主規制機関と定期的な意見交換を実施 「証券取引等監視委員会の活動状況」の本文へ 本文 （PDF/1,446KB） 附属資料 （PDF/2,788KB） 全文一括印刷用 （PDF/3,531KB）",1
2013-06-26,,,「取引調査に関する基本指針（案）」の公表について（平成25年6月26日）,https://www.fsa.go.jp/sesc/news/c_2013/2013/20130626-2.html,平成25年６月26日 証券取引等監視委員会 「取引調査に関する基本指針（案）」の公表について 証券取引等監視委員会（以下「証券監視委」という。）では、「取引調査に関する基本指針（案）」について、別紙のとおり取りまとめましたので、公表します。 （概要） 証券監視委では、平成17年４月に課徴金制度が導入されて以降、金融商品取引法上の権限に基づき、風説の流布・偽計、相場操縦、及び内部者取引といった不公正取引について取引調査を行ってきています。取引調査の結果、金融商品取引法に違反する行為が認められた場合には、内閣総理大臣及び金融庁長官に対して課徴金納付命令を行うことを勧告しており、こうした活動を通じて、市場の公正性・透明性の確保及び投資者保護の実現に努めてきています。また、証券監視委が行った勧告については、証券監視委のウェブサイトや年次報告書、課徴金事例集において公表してきているところです。 こうした中、課徴金制度が導入されてから８年が経過し、取引調査の実務が定着してきたことを踏まえ、今般、「取引調査に関する基本指針（案）」を策定し、取引調査の基本的な考え方や標準的な実施手続等を公表することにより、調査手続の透明性を高めることとしました。 この案について御意見がありましたら、平成25年７月25日（木）17時00分（必着）までに、氏名（法人その他の団体にあっては名称）、職業（法人その他の団体にあっては業種）、連絡先（住所、電話番号又は電子メールアドレス）及び理由を付記の上、郵便、ファックスにより下記送付先に、お寄せ下さい。電話による御意見は御遠慮願います。 インターネットによる御意見は、下記e-Govウェブサイトに、お寄せ下さい。 御意見をお寄せいただいた方の氏名（法人その他の団体にあっては名称）については、開示の請求等があった場合には、御意見の内容とともに開示させていただきますので、御承知おきください。開示の際に匿名を希望される場合は、御意見の冒頭にその旨を明確に御記載ください。なお、開示に当たっては、御意見の内容に、（１）個人に関する情報であって特定の個人が識別され得る記述がある場合、又は（２）法人等の権利、競争上の地位その他正当な利益を侵害するおそれのある記述がある場合、には当該箇所を伏せさせていただくことがあります。 御意見に付記された電話番号等の個人情報は、御意見の内容に不明な点があった際に連絡・確認をさせていただく場合や御意見がどのような立場からのものかを確認させていただく場合に利用します。 なお、御意見に対しての個別の回答はいたしませんので、あらかじめ御了承ください。 ※ご意見の募集は終了しました。ご協力ありがとうございました。 御意見の送付先 証券取引等監視委員会事務局取引調査課 郵便：〒100-8922 東京都千代田区霞が関３－２－１　中央合同庁舎第７号館 ファックス：03-3506-6222 ホームページ・アドレス： http://www.fsa.go.jp/sesc/ お問い合わせ先 証券取引等監視委員会　Tel　03-3506-6000（代表） 証券取引等監視委員会事務局取引調査課（内線：3043、3493） （別紙）取引調査に関する基本指針（案） （PDF/79KB）,1
2013-06-14,コーセル株式会社,6905,コーセル株式会社社員による内部者取引に対する課徴金納付命令の勧告について（平成25年6月14日）,https://www.fsa.go.jp/sesc/news/c_2013/2013/20130614-3.html,"平成２５年６月１４日 証券取引等監視委員会 コーセル株式会社社員による内部者取引に対する課徴金納付命令の勧告について １．勧告の内容 証券取引等監視委員会は、コーセル株式会社社員による内部者取引について検査した結果、下記のとおり法令違反の事実が認められたので、本日、内閣総理大臣及び金融庁長官に対して、金融庁設置法第２０条第１項の規定に基づき、課徴金納付命令を発出するよう勧告を行った。 ２．法令違反の事実関係 課徴金納付命令対象者は、コーセル株式会社（以下「コーセル」という。）の社員であったが、その職務に関し、同社の業務執行を決定する機関が、自己の株式の取得を行うことについての決定をした事実を知りながら、この事実が公表された平成２４年６月１３日より前の同月６日から同月８日までの間、自己の計算において、コーセルの株式合計１万２０００株を買付価額合計１０４８万７４００円で買い付けたものである。 課徴金納付命令対象者が行った上記の行為は、金融商品取引法第１７５条第１項に規定する「第１６６条第１項又は第３項の規定に違反して、同条第１項に規定する売買等をした」行為に該当すると認められる。 ３．課徴金の額の計算 上記の違法行為に対し、金融商品取引法に基づき納付を命じられる課徴金の額は、１９２万円である。 計算方法の詳細については、別紙のとおり。 （別紙） ○ 課徴金の額の計算方法について 金融商品取引法第１７５条第１項に基づき、課徴金の額は、 （重要事実が公表された後２週間における最も高い価格）×（買付株数） －（買付価格）×（買付株数） となる。 したがって、重要事実の公表後２週間におけるコーセルの最も高い株価は、平成２４年６月２７日の１，０３４円であることから、課徴金の額は下記の金額となる。 （１，０３４円×１２，０００株） － 買付価額１０，４８７，４００円 （注） ＝ １，９２０，６００円 ⇒課徴金の額は１万円未満を切り捨てるため、 １９２万円 （注）買付価額は、「868円×4,900株＋874円×2,300株＋880円×4,800株」の合計額である。",1
2013-05-28,ケンコーコム株式会社,,ケンコーコム株式会社役員からの情報受領者による内部者取引に対する課徴金納付命令の勧告について（平成25年5月28日）,https://www.fsa.go.jp/sesc/news/c_2013/2013/20130528-1.html,"平成２５年５月２８日 証券取引等監視委員会 ケンコーコム株式会社役員からの情報受領者による内部者取引に対する課徴金納付命令の勧告について １．勧告の内容 証券取引等監視委員会は、ケンコーコム株式会社役員からの情報受領者による内部者取引について検査した結果、下記のとおり法令違反の事実が認められたので、本日、内閣総理大臣及び金融庁長官に対して、金融庁設置法第２０条第１項の規定に基づき、課徴金納付命令を発出するよう勧告を行った。 ２．法令違反の事実関係 課徴金納付命令対象者は、ケンコーコム株式会社（以下「ケンコーコム」という。）の役員から、同人が職務に関し知った、ケンコーコムの業務執行を決定する機関が、楽天株式会社を割当先とする第三者割当増資を行うことについての決定をした事実の伝達を受けながら、この事実が公表された平成２４年５月１７日午後３時３０分頃より前の同日午前９時頃から午前９時４６分頃までの間、自己の計算において、ケンコーコムの株式合計８株を買付価額合計３２万８５００円で買い付けたものである。 課徴金納付命令対象者が行った上記の行為は、金融商品取引法第１７５条第１項に規定する「第１６６条第１項又は第３項の規定に違反して、同条第１項に規定する売買等をした」行為に該当すると認められる。 ３．課徴金の額の計算 上記の違法行為に対し、金融商品取引法に基づき納付を命じられる課徴金の額は、２４万円である。 計算方法の詳細については、別紙のとおり。 （別紙） ○ 課徴金の額の計算方法について 金融商品取引法第１７５条第１項に基づき、課徴金の額は、 （重要事実が公表された後２週間における最も高い価格）×（買付株数） －（買付価格）×（買付株数） となる。 したがって、重要事実の公表後２週間におけるケンコーコムの最も高い株価は、平成２４年５月２５日の７１，５００円であることから、課徴金の額は下記の金額となる。 （７１，５００円×８株） － 買付価額３２８，５００円 （注） ＝ ２４３，５００円 ⇒課徴金の額は１万円未満を切り捨てるため、 ２４万円 （注）買付価額は、「40,850円×3株＋40,900円×2株＋41,350円×1株＋41,400円×2株」の合計額である。",1
2013-05-10,株式会社石井表記,6336,株式会社石井表記の子会社役員による内部者取引に対する課徴金納付命令の勧告について（平成25年5月10日）,https://www.fsa.go.jp/sesc/news/c_2013/2013/20130510-1.html,"平成２５年５月１０日 証券取引等監視委員会 株式会社石井表記の子会社役員による内部者取引に対する課徴金納付命令の勧告について １．勧告の内容 証券取引等監視委員会は、株式会社石井表記の子会社役員による内部者取引について検査した結果、下記のとおり法令違反の事実が認められたので、本日、内閣総理大臣及び金融庁長官に対して、金融庁設置法第２０条第１項の規定に基づき、課徴金納付命令を発出するよう勧告を行った。 ２．法令違反の事実関係 課徴金納付命令対象者は、株式会社石井表記（以下「石井表記」という。）の子会社である石井表記ソーラー株式会社（以下「石井表記ソーラー」という。）の役員であったが、その職務に関し、石井表記ソーラーの業務執行を決定する機関が、解散を行うことについての決定をした事実を知りながら、この事実が公表された平成２３年８月３１日より前の同月２３日及び同月２４日、同族会社の計算において、石井表記の株式合計７７００株を売付価額合計５５４万４０００円で売り付けたものである。 課徴金納付命令対象者が行った上記の行為は、金融商品取引法第１７５条第１項に規定する「第１６６条第１項又は第３項の規定に違反して、同条第１項に規定する売買等をした」行為に該当すると認められる。 ３．課徴金の額の計算 上記の違法行為に対し、金融商品取引法に基づき納付を命じられる課徴金の額は、３１２万円である。 計算方法の詳細については、別紙のとおり。 （別紙） ○ 課徴金の額の計算方法について 金融商品取引法第１７５条第１項に基づき、課徴金の額は、 （売付価格）×（売付株数） －（重要事実が公表された後２週間における最も低い価格）×（売付株数） となる。 したがって、重要事実の公表後２週間における石井表記の最も低い株価は、平成２３年９月１４日の３１４円であることから、課徴金の額は下記の金額となる。 売付価額５，５４４，０００円（注）－（３１４円×７，７００株） ＝３，１２６，２００円 ⇒課徴金の額は１万円未満を切り捨てるため、 ３１２万円 （注）売付価額は、「720円×7,700株」の額である。",1
2013-04-30,アクセス株式会社,7042,イー・アクセス株券に係るイー･アクセス社員による内部者取引事件の告発について（平成25年4月30日）,https://www.fsa.go.jp/sesc/news/c_2013/2013/20130340-1.html,平成２５年４月３０日 証券取引等監視委員会 イー・アクセス株券に係るイー･アクセス社員による内部者取引事件の告発について 証券取引等監視委員会は、本日（４月３０日）、金融商品取引法違反（インサイダー取引）の嫌疑で、下記の嫌疑者を東京地方検察庁に告発した。 １．告発の対象となった犯則事実 犯則嫌疑者は、移動体通信事業を営み、東京証券取引所が開設する有価証券市場に株券を上場していたイー･アクセス株式会社（以下「イー・アクセス」という。）の従業員として同社代表取締役会長付き秘書の職務に従事していたものであるが、平成２４年９月２８日頃から同月２９日頃の間、イー・アクセスの業務執行を決定する機関が、同種事業を営むソフトバンクモバイル株式会社と業務上の提携をするとともに、同社の親会社であるソフトバンク株式会社との間で株式交換を行うことについての決定をした旨のイー･アクセスの業務等に関する重要事実を自己の職務に関して知り、法定の除外事由がないのに、同事実の公表前である同年１０月１日午前９時頃、犯則嫌疑者名義で、イー・アクセスの株券合計６９８株を代金合計１０４７万円で買い付けたものである。 ２．関連条文 金融商品取引法第197条の2第13号、第166条第１項第1号、同条第2項第1号チ及びヨ 法定刑：5年以下の懲役若しくは500万円以下の罰金又は併科,1
2013-04-19,エス・バイ・エル株式会社,,公開買付者の社員からの情報受領者によるエス・バイ・エル株式に係る内部者取引に対する課徴金納付命令の勧告について（平成25年4月19日）,https://www.fsa.go.jp/sesc/news/c_2013/2013/20130419-1.html,"平成２５年４月１９日 証券取引等監視委員会 公開買付者の社員からの情報受領者によるエス・バイ・エル株式に係る内部者取引に対する課徴金納付命令の勧告について １．勧告の内容 証券取引等監視委員会は、公開買付者の社員からの情報受領者によるエス・バイ・エル株式に係る内部者取引について検査した結果、下記のとおり法令違反の事実が認められたので、本日、内閣総理大臣及び金融庁長官に対して、金融庁設置法第２０条第１項の規定に基づき、課徴金納付命令を発出するよう勧告を行った。 ２．法令違反の事実関係 課徴金納付命令対象者は、株式会社ヤマダ電機（以下「ヤマダ電機」という。）の社員から、同人がその職務に関し知った、ヤマダ電機の業務執行を決定する機関が、エス・バイ・エル株式会社（以下「エス・バイ・エル」という。）の株式の公開買付けを行うことについての決定をした事実の伝達を受けながら、この事実が公表された平成２３年８月１３日より前の同年７月４日、自己の計算において、エス・バイ・エルの株式１万５０００株を買付価額９９万円で買い付けたものである。 課徴金納付命令対象者が行った上記の行為は、金融商品取引法第１７５条第２項に規定する「第１６７条第１項又は第３項の規定に違反して、同条第１項に規定する特定株券等若しくは関連株券等に係る買付け等又は同項に規定する株券等に係る売付け等をした」行為に該当すると認められる。 ３．課徴金の額の計算 上記の違法行為に対し、金融商品取引法に基づき納付を命じられる課徴金の額は、７９万円である。 計算方法の詳細については、別紙のとおり。 （別紙） ○ 課徴金の額の計算方法について 金融商品取引法第１７５条第２項に基づき、課徴金の額は、 （公開買付け等の実施に関する事実が公表された後２週間における最も高い価格）×（買付株数） － （買付価格）×（買付株数） となる。 したがって、公開買付け等の実施に関する事実の公表後２週間におけるエス・バイ・エルの最も高い株価は、平成２３年８月２２日の１１９円であることから、課徴金の額は下記の金額となる。 （１１９円×１５，０００株） － 買付価額９９０，０００円 （注） ＝７９５，０００円 ⇒課徴金の額は１万円未満を切り捨てるため、 ７９万円 （注）買付価額は、「66円×15,000株」の額である。",1
2013-01-25,株式会社サンケイビル,,株式会社サンケイビル関係者からの情報受領者による内部者取引に対する課徴金納付命令の勧告について（平成25年1月25日）,https://www.fsa.go.jp/sesc/news/c_2013/2013/20130125-1.html,"平成２５年１月２５日 証券取引等監視委員会 株式会社サンケイビル関係者からの情報受領者による内部者取引に対する課徴金納付命令の勧告について １．勧告の内容 証券取引等監視委員会は、株式会社サンケイビル関係者からの情報受領者による内部者取引について検査した結果、下記のとおり法令違反の事実が認められたので、本日、内閣総理大臣及び金融庁長官に対して、金融庁設置法第２０条第１項の規定に基づき、課徴金納付命令を発出するよう勧告を行った。 ２．法令違反の事実関係 課徴金納付命令対象者は、株式会社サンケイビル（以下「サンケイビル」という。）の関係者Ａから、同社の役員Ｂが、同社と株式会社フジ・メディア・サービス（以下「フジ・メディア」という。）との間の公開買付け実施後の経営体制等についての合意に関する契約の締結の交渉に関し知り、その後、関係者Ａがその職務に関し知った、フジ・メディアの業務執行を決定する機関が、サンケイビルの株式の公開買付けを行うことについての決定をした事実の伝達を受けながら、この事実の公表がされた平成２４年１月２０日より前の同月１１日及び同月１３日、自己の計算において、サンケイビルの株式合計６０００株を買付価額合計１７８万８２００円で買い付けたものである。 課徴金納付命令対象者が行った上記の行為は、金融商品取引法第１７５条第２項に規定する「第１６７条第１項又は第３項の規定に違反して、同条第１項に規定する特定株券等若しくは関連株券等に係る買付け等又は同項に規定する株券等に係る売付け等をした」行為に該当すると認められる。 ３．課徴金の額の計算 上記の違法行為に対し、金融商品取引法に基づき納付を命じられる課徴金の額は、２６３万円である。 計算方法の詳細については、別紙のとおり。 （別紙） ○ 課徴金の額の計算方法について 金融商品取引法第１７５条第２項に基づき、課徴金の額は、 （公開買付け等の実施に関する事実が公表された後２週間における最も高い価格）×（買付株数） － （買付価格）×（買付株数） となる。 したがって、公開買付け等の実施に関する事実の公表後２週間におけるサンケイビルの最も高い株価は、平成２４年１月２６日の７３８円であることから、課徴金の額は下記の金額となる。 （７３８円×６，０００株） － 買付価額１，７８８，２００円 （注） ＝２，６３９，８００円 ⇒課徴金の額は１万円未満を切り捨てるため、 ２６３万円 （注）買付価額は、「295円×3,000株＋301円×2,800株＋302円×200株」の合計額である。",1
2014-12-12,株式会社ワイヤレスゲート,9419,株式会社ワイヤレスゲート役員からの情報受領者による内部者取引に対する課徴金納付命令の勧告について（平成26年12月12日）,https://www.fsa.go.jp/sesc/news/c_2014/2014/20141212-1.html,"平成２６年１２月１２日 証券取引等監視委員会 株式会社ワイヤレスゲート役員からの情報受領者による内部者取引に対する課徴金納付命令の勧告について １．勧告の内容 証券取引等監視委員会は、株式会社ワイヤレスゲート役員からの情報受領者による内部者取引について検査した結果、下記のとおり法令違反の事実が認められたので、本日、内閣総理大臣及び金融庁長官に対して、金融庁設置法第２０条第１項の規定に基づき、課徴金納付命令を発出するよう勧告を行った。 ２．法令違反の事実関係 課徴金納付命令対象者は、株式会社ワイヤレスゲート（以下「ワイヤレスゲート」という。）の役員から、同人がその職務に関し知った、ワイヤレスゲートの業務執行を決定する機関が株式の分割を行うことについての決定をした旨の重要事実の伝達を受けながら、この事実が公表された平成２５年７月１９日午後３時頃より前の同日午前１０時１２分頃、自己の計算において、ワイヤレスゲート株式合計１０００株を買付価額合計５４８万円で買い付けたものである。 課徴金納付命令対象者が行った上記の行為は、金融商品取引法第１７５条第１項に規定する「第１６６条第１項又は第３項の規定に違反して、同条第１項に規定する売買等をした」行為に該当すると認められる。 ３．課徴金の額の計算 上記の違法行為に対し、金融商品取引法に基づき納付を命じられる課徴金の額は、５２万円である。 計算方法の詳細については、別紙のとおり。 （別紙） ○ 課徴金の額の計算方法について 金融商品取引法第１７５条第１項に基づき、課徴金の額は、 （重要事実が公表された後２週間における最も高い価格）×（買付株数） －（買付価格）×（買付株数） となる。 したがって、重要事実の公表後２週間におけるワイヤレスゲートの最も高い株価は、６，０００円であることから、課徴金の額は下記の金額となる。 （６，０００円×１，０００株） － 買付価額５，４８０，０００円 （注） ＝５２０，０００円 （注）買付価額は、「5,480円×1,000株」の額である。",1
2014-12-19,日神不動産株式会社,,日神不動産株式会社役員からの情報受領者による内部者取引に対する課徴金納付命令の勧告について（平成26年12月19日）,https://www.fsa.go.jp/sesc/news/c_2014/2014/20141219-2.html,"平成２６年１２月１９日 証券取引等監視委員会 日神不動産株式会社役員からの情報受領者による内部者取引に対する課徴金納付命令の勧告について １．勧告の内容 証券取引等監視委員会は、日神不動産株式会社役員からの情報受領者による内部者取引について検査した結果、下記のとおり法令違反の事実が認められたので、本日、内閣総理大臣及び金融庁長官に対して、金融庁設置法第２０条第１項の規定に基づき、課徴金納付命令を発出するよう勧告を行った。 ２．法令違反の事実関係 課徴金納付命令対象者は、日神不動産株式会社（以下「日神不動産」という。）の役員から、同人がその職務に関し知った、同社の平成２６年３月期の剰余金の配当について、平成２５年５月１０日に公表がされた直近の予想値（１０円）に比較して、同社が新たに算出した予想値において、投資者の投資判断に及ぼす影響が重要なものとなる差異が生じた旨の重要事実の伝達を受けながら、新たに算出した剰余金の配当予想値が実質１２円と公表された平成２５年１０月２１日午後３時頃より前の同日午前１０時３４分頃、自己の同族会社の計算において、日神不動産株式合計９７００株を買付価額合計６８６万３３００円で買い付けたものである。 課徴金納付命令対象者が行った上記の行為は、金融商品取引法第１７５条第１項に規定する「第１６６条第１項又は第３項の規定に違反して、同条第１項に規定する売買等をした」行為に該当すると認められる。 ３．課徴金の額の計算 上記の違法行為に対し、金融商品取引法に基づき納付を命じられる課徴金の額は、１０４万円である。 計算方法の詳細については、別紙のとおり。 （別紙） ○ 課徴金の額の計算方法について 金融商品取引法第１７５条第１項に基づき、課徴金の額は、 （重要事実が公表された後２週間における最も高い価格）×（買付株数） －（買付価格）×（買付株数） となる。 したがって、重要事実の公表後２週間における日神不動産の最も高い株価は、８１５円であることから、課徴金の額は下記の金額となる。 （８１５円×９，７００株） － 買付価額６，８６３，３００円 （注） ＝１，０４２，２００円 ⇒課徴金の額は１万円未満を切り捨てるため、 １０４万円 （注）買付価額は、「705円×500株＋706円×2,300株＋707円×1,000株＋708円×3,100株＋709円×2,800株」の合計額である。",1
2014-11-11,チムニー株式会社,3178,公開買付者との契約締結交渉者からの情報受領者によるチムニー株式に係る内部者取引に対する課徴金納付命令の勧告について（平成26年11月11日）,https://www.fsa.go.jp/sesc/news/c_2014/2014/20141111-2.html,"平成２６年１１月１１日 証券取引等監視委員会 公開買付者との契約締結交渉者からの情報受領者によるチムニー株式に係る内部者取引に対する課徴金納付命令の勧告について １．勧告の内容 証券取引等監視委員会は、公開買付者との契約締結者からの情報受領者によるチムニー株式に係る内部者取引について検査した結果、下記のとおり法令違反の事実が認められたので、本日、内閣総理大臣及び金融庁長官に対して、金融庁設置法第２０条第１項の規定に基づき、課徴金納付命令を発出するよう勧告を行った。 ２．法令違反の事実関係 課徴金納付命令対象者は、株式会社やまや（以下「やまや」という。）と公開買付けの実施及び応募に関する契約の締結の交渉をしていた者から、同人が同契約の締結交渉に関し知った、やまやの業務執行を決定する機関が、チムニー株式会社（以下「チムニー」という。）株式の公開買付けを行うことについての決定をした旨の公開買付けの実施に関する事実の伝達を受けながら、この事実が公表された平成２５年１１月７日より前の同年１０月２２日から同月２４日までの間、自己の計算において、チムニー株式合計１５００株を買付価額合計１６２万１５００円で買い付けたものである。 課徴金納付命令対象者が行った上記の行為は、金融商品取引法第１７５条第２項に規定する「第１６７条第１項又は第３項の規定に違反して、同条第１項に規定する売買等をした」行為に該当すると認められる。 ３．課徴金の額の計算 上記の違法行為に対し、金融商品取引法に基づき納付を命じられる課徴金の額は、４４万円である。 計算方法の詳細については、別紙のとおり。 （別紙） ○ 課徴金の額の計算方法について 金融商品取引法第１７５条第２項に基づき、課徴金の額は、 （公開買付け等の実施に関する事実が公表された後２週間における最も高い価格）×（買付株数） －（買付価格）×（買付株数） となる。 したがって、公開買付け等の実施に関する事実の公表後２週間におけるチムニーの最も高い株価は、１，３８０円であることから、課徴金の額は下記の金額となる。 （１，３８０円×１，５００株） － 買付価額１，６２１，５００円（注） ＝４４８，５００円 ⇒課徴金の額は１万円未満を切り捨てるため、 ４４万円 （注）買付価額は、「1,088円×1,000株＋1,067円×500株」の額である。",1
2014-12-05,日立メディコ,,公開買付者との契約締結交渉者の社員からの情報受領者による日立メディコ株式に係る内部者取引に対する課徴金納付命令の勧告について（平成26年12月5日）,https://www.fsa.go.jp/sesc/news/c_2014/2014/20141205-1.html,"平成２６年１２月５日 証券取引等監視委員会 公開買付者との契約締結交渉者の社員からの情報受領者による日立メディコ株式に係る内部者取引に対する課徴金納付命令の勧告について １．勧告の内容 証券取引等監視委員会は、公開買付者との契約締結交渉者の社員からの情報受領者による日立メディコ株式に係る内部者取引について検査した結果、下記のとおり法令違反の事実が認められたので、本日、内閣総理大臣及び金融庁長官に対して、金融庁設置法第２０条第１項の規定に基づき、課徴金納付命令を発出するよう勧告を行った。 ２．法令違反の事実関係 課徴金納付命令対象者は、株式会社日立メディコ（以下「日立メディコ」という。）の社員から、株式会社日立製作所（以下「日立製作所」という。）の業務執行を決定する機関が日立メディコ株式の公開買付けを行うことについての決定をした旨の公開買付けの実施に関する事実の伝達を受けながら、この事実が公表された平成２５年１１月１３日より前の同月１２日、自己の計算において、日立メディコ株式合計１０００株を買付価額合計１３５万３０００円で買い付けたものである。 上記公開買付けの実施に関する事実は、日立メディコの役員が、同社と日立製作所との公開買付けの条件に関する契約の締結交渉に関し知り、その後、日立メディコの社員が、その職務に関しこの事実を知ったものである。 課徴金納付命令対象者が行った上記の行為は、金融商品取引法第１７５条第２項に規定する「第１６７条第１項又は第３項の規定に違反して、同条第１項に規定する売買等をした」行為に該当すると認められる。 ３．課徴金の額の計算 上記の違法行為に対し、金融商品取引法に基づき納付を命じられる課徴金の額は、４４万円である。 計算方法の詳細については、別紙のとおり。 （別紙） ○ 課徴金の額の計算方法について 金融商品取引法第１７５条第２項に基づき、課徴金の額は、 （公開買付け等の実施に関する事実が公表された後２週間における最も高い価格）×（買付株数） －（買付価格）×（買付株数） となる。 したがって、公開買付け等の実施に関する事実の公表後２週間における日立メディコの最も高い株価は、１，７９９円であることから、課徴金の額は下記の金額となる。 （１，７９９円×１，０００株） － 買付価額１，３５３，０００円（注） ＝４４６，０００円 ⇒課徴金の額は１万円未満を切り捨てるため、 ４４万円 （注）買付価額は、「1,353円×1,000株」の額である。",1
2014-10-10,夢の街創造委員会株式会社,,夢の街創造委員会株式会社社員からの情報受領者による内部者取引に対する課徴金納付命令の勧告について（平成26年10月10日）,https://www.fsa.go.jp/sesc/news/c_2014/2014/20141010-1.html,"平成２６年１０月１０日 証券取引等監視委員会 夢の街創造委員会株式会社社員からの情報受領者による内部者取引に対する課徴金納付命令の勧告について １．勧告の内容 証券取引等監視委員会は、夢の街創造委員会株式会社社員からの情報受領者による内部者取引について検査した結果、下記のとおり法令違反の事実が認められたので、本日、内閣総理大臣及び金融庁長官に対して、金融庁設置法第２０条第１項の規定に基づき、課徴金納付命令を発出するよう勧告を行った。 ２．法令違反の事実関係 課徴金納付命令対象者は、夢の街創造委員会株式会社（以下「夢の街創造委員会」という。）の社員から、同人がその職務に関し知った、夢の街創造委員会の業務執行を決定する機関が、株式会社薩摩恵比寿堂の発行済株式の全部を取得して子会社化することについての決定をした旨の重要事実の伝達を受けながら、この事実が公表された平成２５年５月１７日より前の同年４月１９日から同年５月１６日までの間、自己の計算において、夢の街創造委員会株式合計８６００株を買付価額合計４７１万９５００円で買い付けたものである。 課徴金納付命令対象者が行った上記の行為は、金融商品取引法第１７５条第１項に規定する「第１６６条第１項又は第３項の規定に違反して、同条第１項に規定する売買等をした」行為に該当すると認められる。 ３．課徴金の額の計算 上記の違法行為に対し、金融商品取引法に基づき納付を命じられる課徴金の額は、２５６万円である。 計算方法の詳細については、別紙のとおり。 （別紙） ○ 課徴金の額の計算方法について 金融商品取引法第１７５条第１項に基づき、課徴金の額は、 （重要事実が公表された後２週間における最も高い価格）×（買付株数） －（買付価格）×（買付株数） となる。 したがって、重要事実の公表後２週間における夢の街創造委員会の最も高い株価は、８４７円であることから、課徴金の額は下記の金額となる。 （８４７円×８，６００株） － 買付価額４，７１９，５００円（注） ＝２，５６４，７００円 ⇒課徴金の額は１万円未満を切り捨てるため、 ２５６万円 （注）買付価額は、 「515円×700株＋516円×1,400株＋518円×1,700株＋561円×200株＋562円×600株＋563円×900株＋565円×1,900株＋572円×200株＋612円×1,000株」 の額である。",1
2014-09-09,技研興業株式会社,,技研興業株式会社役員による内部者取引に対する課徴金納付命令の勧告について（平成26年9月9日）,https://www.fsa.go.jp/sesc/news/c_2014/2014/20140909-1.html,"平成２６年９月９日 証券取引等監視委員会 技研興業株式会社役員による内部者取引に対する課徴金納付命令の勧告について １．勧告の内容 証券取引等監視委員会は、技研興業株式会社役員による内部者取引について検査した結果、下記のとおり法令違反の事実が認められたので、本日、内閣総理大臣及び金融庁長官に対して、金融庁設置法第２０条第１項の規定に基づき、課徴金納付命令を発出するよう勧告を行った。 ２．法令違反の事実関係 課徴金納付命令対象者は、技研興業株式会社（以下「技研興業」という。）の役員であったが、その職務に関し、同社の平成２６年３月期の売上高について、平成２５年５月１４日に公表がされた直近の予想値に比較して、同社が新たに算出した予想値において投資者の投資判断に及ぼす影響が重要なものとして内閣府令で定める基準に該当する差異が生じた旨の重要事実を知りながら、新たに算出した予想値が売上高１３７億円として公表がされた平成２５年８月１日より前の同年７月２９日、自己の計算において、技研興業株式合計３０００株を買付価額合計４８万６０００円で買い付けたものである。 課徴金納付命令対象者が行った上記の行為は、金融商品取引法第１７５条第１項に規定する「第１６６条第１項又は第３項の規定に違反して、同条第１項に規定する売買等をした」行為に該当すると認められる。 ３．課徴金の額の計算 上記の違法行為に対し、金融商品取引法に基づき納付を命じられる課徴金の額は、２２万円である。 計算方法の詳細については、別紙のとおり。 （別紙） ○ 課徴金の額の計算方法について 金融商品取引法第１７５条第１項に基づき、課徴金の額は、 （重要事実が公表された後２週間における最も高い価格）×（買付株数） －（買付価格）×（買付株数） となる。 したがって、重要事実の公表後２週間における技研興業の最も高い株価は、２３８円であることから、課徴金の額は下記の金額となる。 （２３８円×３，０００株） － 買付価額４８６，０００円 （注） ＝２２８，０００円 ⇒課徴金の額は１万円未満を切り捨てるため、 ２２万円 （注）買付価額は、「162円×3,000株」の額である。",1
2014-08-29,,,「金融商品取引法における課徴金事例集～不公正取引編～」の公表について（平成26年8月29日）,https://www.fsa.go.jp/sesc/jirei/torichou/20140829.html,"平成26年８月29日 証券取引等監視委員会 「金融商品取引法における課徴金事例集～不公正取引編～」の公表について 証券取引等監視委員会では、「金融商品取引法における課徴金事例集～不公正取引編～」について、 別紙 （PDF:1,487KB） のとおり取りまとめましたので、公表します。 本事例集は、証券取引等監視委員会が、平成25年６月から平成26年５月までの間に、金融商品取引法違反となる不公正取引に関し勧告を行った事例について、その概要を取りまとめたものです。 今回の改訂では、課徴金制度に対する理解をさらに深めていただくよう、「過去にバスケット条項に該当するとされた個別事例」に全てのバスケット条項該当事例を掲載することとしたほか、「審判手続の状況及び個別事例」の項を新たに掲載しました。 内訳は、 内部者取引に係るもの（24事例） （大型公募増資に係るもの4事例、それ以外のもの20事例） 相場操縦に係るもの（9事例） 偽計に係るもの（1事例） 過去にバスケット条項に該当するとされた個別事例（7事例） 審判手続の状況及び個別事例（5事例） です。 さらに、不公正取引の未然防止に役立てていただくよう、「上場会社における内部者取引管理態勢の状況について」の項を新たに掲載しました。 証券取引等監視委員会としては、本事例集が、市場監視行政の透明性を高めるとともに、証券市場を巡るルールの共有の促進を通じて幅広い市場関係者の自主的な規律の向上に役立つことを期待しています。 過去の課徴金事例集はこちら",1
2014-06-20,新日本アーンストアンドヤングの別の職員がＫＴＣ株式会社,,公開買付者との契約締結者の職員及び同人からの情報受領者によるアイ・エム・アイ株式に係る内部者取引に対する課徴金納付命令の勧告について（平成26年6月20日）,https://www.fsa.go.jp/sesc/news/c_2014/2014/20140620-2.html,"平成２６年６月２０日 証券取引等監視委員会 公開買付者との契約締結者の職員及び同人からの情報受領者によるアイ・エム・アイ株式に係る内部者取引に対する課徴金納付命令の勧告について １．勧告の内容 証券取引等監視委員会は、公開買付者との契約締結者の職員及び同人からの情報受領者によるアイ・エム・アイ株式に係る内部者取引について検査した結果、下記のとおり法令違反の事実が認められたので、本日、内閣総理大臣及び金融庁長官に対して、金融庁設置法第２０条第１項の規定に基づき、課徴金納付命令を発出するよう勧告を行った。 ２．法令違反の事実関係 課徴金納付命令対象者(１)は、新日本アーンストアンドヤング税理士法人（以下「新日本アーンストアンドヤング」という。）の職員であったが、その職務に関し、新日本アーンストアンドヤングの別の職員がＫＴＣ株式会社（以下「ＫＴＣ」という。）と新日本アーンストアンドヤングとの業務委託契約の履行に関し知った、ＫＴＣの業務執行を決定する機関がアイ・エム・アイ株式会社（以下「アイ・エム・アイ」という。）株式の公開買付けを行うことについての決定をした旨の公開買付けの実施に関する事実を知りながら、この事実が公表された平成２５年７月６日より前の同年６月１３日、自己の計算において、アイ・エム・アイ株式合計２００株を買付価額合計３１万２０００円で買い付けたものである。 課徴金納付命令対象者(２)は、課徴金納付命令対象者(１)から、上記事実の伝達を受けながら、この事実が公表された平成２５年７月６日より前の同年６月１３日、自己の計算において、アイ・エム・アイ株式合計４００株を買付価額合計６２万４０００円で買い付けたものである。 課徴金納付命令対象者(１)及び(２)が行った上記の行為は、金融商品取引法第１７５条第２項に規定する「第１６７条第１項又は第３項の規定に違反して、同条第１項に規定する特定株券等若しくは関連株券等に係る買付け等」をした行為に該当すると認められる。 ３．課徴金の額の計算 上記の違法行為に対し、金融商品取引法に基づき納付を命じられる課徴金の額は、下記のとおりである。 課徴金納付命令対象者(１)　２１万円 課徴金納付命令対象者(２)　４２万円 計算方法の詳細については、別紙のとおり。 （別紙） ○ 課徴金の額の計算方法について 金融商品取引法第１７５条第２項に基づき、課徴金の額は、 （公開買付け等の実施に関する事実が公表された後２週間における最も高い価格）×（買付株数） －（買付価格）×（買付株数） となる。 したがって、公開買付け等の実施に関する事実の公表後２週間におけるアイ・エム・アイの最も高い株価は、２，６１５円であることから、課徴金の額は下記の金額となる。 課徴金納付命令対象者(１) （２，６１５円×２００株） － 買付価額３１２，０００円 （注） ＝２１１，０００円 ⇒課徴金の額は１万円未満を切り捨てるため、 ２１万円 （注）買付価額は、「1,560円×200株」の額である。 課徴金納付命令対象者(２) （２，６１５円×４００株） － 買付価額６２４，０００円 （注） ＝４２２，０００円 ⇒課徴金の額は１万円未満を切り捨てるため、 ４２万円 （注）買付価額は、「1,560円×400株」の額である。",1
2014-06-20,みらいコンサルティング株式会社,,公開買付者との契約締結者の役員からの情報受領者によるローヤル電機株式に係る内部者取引に対する課徴金納付命令の勧告について（平成26年6月20日）,https://www.fsa.go.jp/sesc/news/c_2014/2014/20140620-1.html,"平成２６年６月２０日 証券取引等監視委員会 公開買付者との契約締結者の役員からの情報受領者によるローヤル電機株式に係る内部者取引に対する課徴金納付命令の勧告について １．勧告の内容 証券取引等監視委員会は、公開買付者との契約締結者の役員からの情報受領者によるローヤル電機株式に係る内部者取引について検査した結果、下記のとおり法令違反の事実が認められたので、本日、内閣総理大臣及び金融庁長官に対して、金融庁設置法第２０条第１項の規定に基づき、課徴金納付命令を発出するよう勧告を行った。 ２．法令違反の事実関係 課徴金納付命令対象者は、みらいコンサルティング株式会社（以下「みらいコンサルティング」という。）の役員から、みらいコンサルティングと株式会社小田原エンジニアリング（以下「小田原エンジニアリング」という。）との間で締結していたアドバイザリー契約の履行に関し知った、小田原エンジニアリングの業務執行を決定する機関が、ローヤル電機株式会社（以下「ローヤル電機」という。）の株式等の公開買付けを行うことについての決定をした旨の公開買付けの実施に関する事実の伝達を受けながら、この事実が公表された平成２５年８月１３日より前の同月１日から９日までの間、自己の計算において、ローヤル電機株式合計１万７０００株を買付価額合計６３３万７００円で買い付けたものである。 課徴金納付命令対象者が行った上記の行為は、金融商品取引法第１７５条第２項に規定する「第１６７条第１項又は第３項の規定に違反して、同条第１項に規定する特定株券等若しくは関連株券等に係る買付け等」をした行為に該当すると認められる。 ３．課徴金の額の計算 上記の違法行為に対し、金融商品取引法に基づき納付を命じられる課徴金の額は、２４２万円である。 計算方法の詳細については、別紙のとおり。 （別紙） ○ 課徴金の額の計算方法について 金融商品取引法第１７５条第２項に基づき、課徴金の額は、 （公開買付け等の実施に関する事実が公表された後２週間における最も高い価格）×（買付株数） －（買付価格）×（買付株数） となる。 したがって、公開買付け等の実施に関する事実の公表後２週間におけるローヤル電機の最も高い株価は、５１５円であることから、課徴金の額は下記の金額となる。 （５１５円×１７，０００株） － 買付価額６，３３０，７００円 （注） ＝２，４２４，３００円 ⇒課徴金の額は１万円未満を切り捨てるため、 ２４２万円 （注）買付価額は、「370円×10,100株＋373円×200株＋375円×4,500株＋378円×2,200株」の合計額である。",1
2014-06-11,,,証券取引等監視委員会の事務処理状況の公表について（平成26年6月11日）,https://www.fsa.go.jp/sesc/reports/n_25/n_25.html,"平成２６年６月１１日 証券取引等監視委員会 証券取引等監視委員会の事務処理状況の公表について 証券取引等監視委員会（以下｢証券監視委｣という。）は、金融庁設置法第22条の規定に基づき、毎年、事務処理状況等を公表しています。今回は、その22回目として、平成25年度（平成25年４月１日～同26年３月31日）の「証券取引等監視委員会の活動状況」を公表します。 公表内容の主なポイント 第１章：組織 第２章：証券監視委の活動方針 第８期体制（平成25年12月発足）の活動方針（平成26年１月公表）について、その策定の背景と基本的な考え方を掲載 １．証券監視委の使命 ○ 市場の公正性・透明性の確保 ○ 投資者の保護 ２．基本的な考え方 (1) 機動性・戦略性の高い市場監視 (2) 市場のグローバル化に対応した監視力の強化 (3) 市場規律の強化に向けた取組み ３．重点施策 (1) 情報力に支えられた機動的な市場監視 (2) 重大・悪質な不公正取引や虚偽記載等への厳正な対応 (3) ディスクロージャー違反に対する迅速・効率的な開示検査の実施 (4) 不公正取引等に対する課徴金制度の活用 (5) 検査対象先の特性に応じた効率的かつ実効性ある証券検査の実施 (6) 詐欺的な営業を行う悪質業者等への対応 (7) 情報発信の充実 (8) 自主規制機関等との連携 第３章　市場分析審査 １．一般投資家等からの情報の受付 受付件数6,401件（6,362件） （内訳） ・個別銘柄に関するもの4,040件（3,751件） ・発行体に関するもの402件（436件） ・金融商品取引業者の営業姿勢等に関するもの907件（790件） ・その他の意見等1,052件（1,385件） ＊ カッコ書きは平成24年度の件数 （参考）証券監視委ウェブサイトの情報提供窓口の改修（平成26年３月） ・情報提供者がより便利に利用できるよう入力様式を変更 ・「提供いただきたい情報の例」を掲載 ２．市場動向分析 ○ 発行市場・流通市場全体に目を向けた市場監視 ・不公正ファイナンスへの対応、ノンコミットメント型ライツ・オファリングの動向　等 ○ 新たな金融商品等の実態把握を含めた包括的かつ機動的な市場監視 ・市場における新たな取引等（高頻度取引（ＨＦＴ）やアルゴリズム取引等）の実態把握　等 ３．取引審査 1,043件の取引審査を実施（973件） （内訳） ・価格形成に関するもの86件（84件） ・内部者取引に関するもの943件（875件） ・その他（偽計等）14件（14件） ＊ カッコ書きは平成24年度の件数 第４章　証券検査 １．検査の実施状況 第一種金商業者(69社)、登録金融機関(９社)、投資運用業者(16社)、第二種金商業者(108件)、投資助言・代理業者(29社)、適格機関投資家等特例業務届出者(23社)等、多様な業態をカバー ○ 全体で271社〔着手ベース〕の検査を実施 （注）検査対象先は、全体で延べ約8,000社(平成25年度末時点） ○ 大手証券会社グループについて、監督部局と連携したオン・オフ一体の検査・モニタリングを開始 ○ ＭＲＩ問題等を踏まえ、第二種金商業者に対して重点的に検査を実施。登録事項検査も実施した結果、前年度比88件増の108件の検査を実施 ○ 検査等の結果、重大な法令違反等が認められた18件について、行政処分を求める勧告を行い、これら事案を含め、法令違反や内部管理態勢等の問題点が認められた118社に対して、問題点を通知 ２．主な勧告事例 ○ 第一種金融商品取引業者 ・円LIBORに係る不適切な行為、親法人等からの顧客に関する非公開情報を受領する行為（アール･ビー･エス･セキュリティーズ・ジャパン・リミテッド） ・厚生年金基金の役職員に対し特別の利益を提供している状況（ドイツ証券(株)） ○ 第二種金融商品取引業者 ・出資金の流用、顧客に対する虚偽告知（MRIインターナショナル） ○ 投資助言・代理業者 ・無登録で海外ファンドの募集又は私募の取扱いを行っている状況（アブラハム・プライベートバンク(株)） ○ 投資運用業者 ・誤解表示（プラザアセットマネジメント(株)） ・年金基金関係者に対し特別の利益を提供している状況（(株)ケートス・キャピタル・パートナーズ） ３．適格機関投資家等特例業務届出者に対する検査結果等の公表 ○ 出資金の流用、顧客に対する虚偽告知等重大な法令違反等が認められた11件の検査結果を公表 ４．無登録業者等に対する裁判所への禁止命令等の申立て ○ ２件の申立てを実施 ・無登録金商業（ファンドの私募等の取扱い）の禁止（(株)ライフステージ他２名） ・無登録金商業（ファンドの私募等、運用）の禁止（アイエムビジョン(株)他１名） 第５章　取引調査 取引調査の結果に基づく勧告状況 35件の勧告を実施（25件）（国際取引等調査に基づくものを除く） （内訳） 内部者取引28件（13件）、相場操縦７件（12件） ＊ カッコ書きは平成24年度の件数 ○ 勧告事例 ・株式会社ネクスとの契約締結交渉者の役員及び同人からの情報受領者による内部者取引（平成26年２月７日勧告） → 他人名義の口座を利用して内部者取引を行うとともに、他者にも重要事実を伝達し、伝達を受けた情報受領者３名が内部者取引を行った事案 ・マミーマート株式ほか１銘柄に係る相場操縦（平成25年５月28日勧告） → 地方の居住者が、自己名義の口座のほか知人名義の口座も用いたインターネット取引により相場操縦を行った事案 第６章　国際取引等調査 国際取引等調査の結果に基づく勧告状況 ７件の勧告を実施（７件） （内訳） 内部者取引４件（６件）、相場操縦２件（１件）、偽計１件（０件） ＊ カッコ書きは平成24年度の件数 ○ 勧告事例 ・大型公募増資公表前に行われた内外プロ投資家によるインサイダー取引に対し、４件の課徴金納付命令勧告を実施 ・ウェッジホールディングス株式に係る偽計事案は、偽計事案に係る初めての課徴金勧告であり、不公正取引に係る課徴金額としては過去最高金額（40億9,605万円） ○ 海外証券規制当局との連携 ・シンガポール通貨監督庁 ‐ ジャガーノート・キャピタル・マネジメント・ピーティーイー・リミテッドによる相場操縦事案 ‐ MAM PTE． LTD． による内部者取引事案 ・タイ証券取引委員会 ‐ ウェッジホールディングス株式に係る偽計事案 ・オンタリオ証券委員会 ‐ セレクト・バンテイジ・インクによる相場操縦事案 第７章　開示検査 開示検査の結果に基づく勧告状況 10件の勧告を実施（10件） （内訳） ・開示書類の虚偽記載に対する課徴金納付命令勧告９件（９件） ・訂正報告書等の提出命令の発出を求める勧告１件（１件） ＊ カッコ書きは平成24年度の件数 ○ 勧告事例 ・架空売上の計上、売上原価の不計上、投資有価証券の過大計上、のれんの過大計上、前受金の過少計上、貸倒引当金の過少計上等、多岐にわたる虚偽記載の態様について勧告 ・「重要な事項について虚偽の記載がある」開示書類を提出した発行者に対し訂正報告書等の提出命令を勧告 (注）勧告に至らない場合でも、自発的な訂正を促している（平成25年度３件） 第８章　犯則事件の調査・告発 １．告発の状況 ３件の告発を実施（７件） （内訳） 内部者取引１件（２件）、相場操縦１件（０件）、風説の流布１件（０件） ＊ カッコ書きは平成24年度の件数 ２．告発事例 ○ イー･アクセス株券に係るイー･アクセス社員による内部者取引事件 【平成25月４月】 → 発行会社の代表取締役付き秘書であった犯則嫌疑者が、同社が他社と業務提携し、その親会社との株式交換を行うという重要事実が公表される前に多数の同社株を買い付けたという会社関係者による内部者取引事件 ○ セントラル総合開発株式会社株券に係る相場操縦事件 【平成25年７月】 → 犯則嫌疑者が自分の証券口座と借名口座を使い、仮装売買（対当売買）に加え、買い上がり買付けや下値に大量の見せ玉を発注するといった手法による相場操縦事件 ○ 電子掲示板を悪用した風説の流布事件 【平成26年３月】 → 犯則嫌疑者が、自らが買い付けた株を高値で売却することを目的として、株に関するインターネット掲示板にそれらの株が暴騰するといった根拠のない書き込みを繰り返し実行。ネット掲示板の書き込みによる風説の流布としては２件目の告発 第９章　建議 証券監視委の建議に基づいて執られた措置 ○ 信用格付を提供し、又は閲覧に供する行為に係る正確性の確保についての建議（平成25年３月29日建議） ・信用格付業者に対する検査において、社内で決定・付与された信用格付を提供し又は閲覧に供する行為（以下「公表等」という。）を行う際に、誤って異なる信用格付を公表等している事例が認められた ・しかし、現行の制度では、信用格付業者に対して、信用格付の公表等に係る正確性の確保を直接求める制度になっていないため、建議を実施 → これを踏まえ、金融庁は、「金融商品取引業等に関する内閣府令」を改正し、信用格付業者が整備を求められる業務管理体制の一環として、信用格付の公表等に係る正確性を確保するための体制を規定し、平成25年９月２日に施行 第10章　市場のグローバル化への対応に向けての取り組み １．情報交換枠組みの活用 クロスボーダー取引による違反行為に対し、証券規制当局間の情報交換枠組み等を通じた海外証券規制当局からの情報提供などにより、１件の行政処分勧告、４件の課徴金納付命令勧告を実施 ２．意見交換 米国、英国、豪州、香港、タイ等の海外証券規制当局やグローバルに活動する金融機関、国際的な業界団体等との意見交換を実施 ３．体制整備及び人材育成 ○ クロスボーダー取引等を利用した内外プロ投資家による不公正取引の実態解明を専門に担当する国際取引等調査室を取引調査課に設置（平成23年８月） ○ 海外証券規制当局における調査・検査手法の情報収集等のため、証券監視委の職員をIOSCO等が主催する海外研修に派遣 第11章　監視活動の機能強化への取組み等 １．市場監視体制の充実・強化 ○ 平成26年度の予算要求において、第二種金商業者等に係る情報収集・分析体制及び検査体制の強化を大きな柱として増員要求した結果、13人の増員 （証券監視委の平成26年度末の定員は409人） ○ 民間専門家の採用：弁護士、公認会計士、ＩＴ専門家等 （平成25年度末現在、122名在籍） ２．システム・インフラの強化 ○ デジタルフォレンジックの環境整備 ・機材の整備、研修の充実等 ３．市場参加者との対話、情報発信 ○ 市場参加者に対する講演や意見交換の実施 ○ 各種専門誌への寄稿や証券監視委メールマガジン等を通じた情報発信 ４．関係当局等との連携 ○ 金融庁、財務局、自主規制機関と定期的な意見交換を実施 ●「証券取引等監視委員会の活動状況」の本文へ ◎ 本文 （PDF/2,014KB） ◎ 附属資料 （PDF/2,869KB） ◎ 全文一括印刷用 （PDF/3,926KB）",1
2014-05-30,イオン株式会社,8267,公開買付者の役員及び同人からの情報受領者によるダイエー株式に係る内部者取引に対する課徴金納付命令の勧告について（平成26年5月30日）,https://www.fsa.go.jp/sesc/news/c_2014/2014/20140530-2.html,"平成２６年５月３０日 証券取引等監視委員会 公開買付者の役員及び同人からの情報受領者によるダイエー株式に係る内部者取引に対する課徴金納付命令の勧告について １．勧告の内容 証券取引等監視委員会は、公開買付者の役員及び同人からの情報受領者によるダイエー株式に係る内部者取引について検査した結果、下記のとおり法令違反の事実が認められたので、本日、内閣総理大臣及び金融庁長官に対して、金融庁設置法第２０条第１項の規定に基づき、課徴金納付命令を発出するよう勧告を行った。 ２．法令違反の事実関係 課徴金納付命令対象者(１)は、イオン株式会社（以下「イオン」という。）の役員であったが、その職務に関し、イオンの業務執行を決定する機関が株式会社ダイエー（以下「ダイエー」という。）株式の公開買付けを行うことについての決定をした旨の公開買付けの実施に関する事実を知りながら、この事実が公表された平成２５年３月２８日より前の同年２月１４日から３月５日までの間、自己の計算において、ダイエー株式合計１万４０００株を買付価額合計３１４万４１００円で買い付けたものである。 課徴金納付命令対象者(２)、(３)、(４)は、課徴金納付命令対象者(１)から、上記事実の伝達を受けながら、 課徴金納付命令対象者(２)においては、この事実が公表された平成２５年３月２８日より前の同年２月１４日から３月５日までの間、自己の計算において、ダイエー株式合計１万４０００株を買付価額合計３１５万４１００円で買い付け、 課徴金納付命令対象者(３)においては、この事実が公表された平成２５年３月２８日より前の同月１３日及び１４日、自己の計算において、ダイエー株式合計１万株を買付価額合計２２９万５０００円で買い付け、 課徴金納付命令対象者(４)においては、この事実が公表された平成２５年３月２８日より前の同月１３日及び１５日、自己の計算において、ダイエー株式合計５０００株を買付価額合計１１４万５０００円で買い付けたものである。 課徴金納付命令対象者が行った上記の行為は、金融商品取引法第１７５条第２項に規定する「第１６７条第１項又は第３項の規定に違反して、同条第１項に規定する特定株券等若しくは関連株券等に係る買付け等」をした行為に該当すると認められる。 ３．課徴金の額の計算 上記の違法行為に対し、金融商品取引法に基づき納付を命じられる課徴金の額は、 下記のとおりである。 課徴金納付命令対象者(１)　１９７万円 課徴金納付命令対象者(２)　１９６万円 課徴金納付命令対象者(３)　１３６万円 課徴金納付命令対象者(４)　　６８万円 計算方法の詳細については、別紙のとおり。 （別紙） ○ 課徴金の額の計算方法について 金融商品取引法第１７５条第２項に基づき、課徴金の額は、 （公開買付け等の実施に関する事実が公表された後２週間における最も高い価格）×（買付株数） －（買付価格）×（買付株数） となる。 したがって、公開買付け等の実施に関する事実の公表後２週間におけるダイエーの最も高い株価は、３６６円であることから、課徴金の額は下記の金額となる。 課徴金納付命令対象者(１) （３６６円×１４，０００株） － 買付価額３，１４４，１００円 （注） ＝１，９７９，９００円 ⇒課徴金の額は１万円未満を切り捨てるため、 １９７万円 （注）買付価額は、「201円×3,900株＋202円×100株＋234円×10,000株」の合計額である。 課徴金納付命令対象者(２) （３６６円×１４，０００株） － 買付価額３，１５４，１００円 （注） ＝１，９６９，９００円 ⇒課徴金の額は１万円未満を切り捨てるため、 １９６万円 （注）買付価額は、「201円×3,900株＋202円×100株＋235円×10,000株」の合計額である。 課徴金納付命令対象者(３) （３６６円×１０，０００株） － 買付価額２，２９５，０００円 （注） ＝１，３６５，０００円 ⇒課徴金の額は１万円未満を切り捨てるため、 １３６万円 （注）買付価額は、「225円×5,000株＋234円×5,000株」の合計額である。 課徴金納付命令対象者(４) （３６６円×５，０００株） － 買付価額１，１４５，０００円 （注） ＝６８５，０００円 ⇒課徴金の額は１万円未満を切り捨てるため、 ６８万円 （注）買付価額は、「225円×3,000株＋235円×2,000株」の合計額である。",1
2014-05-20,株式会社ジャムコ,,株式会社ジャムコ社員による内部者取引に対する課徴金納付命令の勧告について（平成26年5月20日）,https://www.fsa.go.jp/sesc/news/c_2014/2014/20140520-3.html,"平成２６年５月２０日 証券取引等監視委員会 株式会社ジャムコ社員による内部者取引に対する課徴金納付命令の勧告について １．勧告の内容 証券取引等監視委員会は、株式会社ジャムコ社員による内部者取引について検査した結果、下記のとおり法令違反の事実が認められたので、本日、内閣総理大臣及び金融庁長官に対して、金融庁設置法第２０条第１項の規定に基づき、課徴金納付命令を発出するよう勧告を行った。 ２．法令違反の事実関係 課徴金納付命令対象者は、株式会社ジャムコ（以下「ジャムコ」という。）の社員であったが、その職務に関し、同社の属する企業集団の平成２５年３月期の経常利益について、平成２４年５月１１日に公表がされた直近の予想値に比較して、同社が新たに算出した予想値において投資者の投資判断に及ぼす影響が重要なものとして内閣府令で定める基準に該当する差異が生じた旨の重要事実を知りながら、新たに算出した予想値が経常利益２２億円として公表がされた平成２５年２月８日より前の同月７日、自己の計算において、ジャムコ株式合計４２００株を買付価額合計１９６万８９００円で買い付けたものである。 課徴金納付命令対象者が行った上記の行為は、金融商品取引法第１７５条第１項に規定する「第１６６条第１項又は第３項の規定に違反して、同条第１項に規定する売買等をした」行為に該当すると認められる。 ３．課徴金の額の計算 上記の違法行為に対し、金融商品取引法に基づき納付を命じられる課徴金の額は、４０万円である。 計算方法の詳細については、別紙のとおり。 （別紙） ○ 課徴金の額の計算方法について 金融商品取引法第１７５条第１項に基づき、課徴金の額は、 （重要事実が公表された後２週間における最も高い価格）×（買付株数） －（買付価格）×（買付株数） となる。 したがって、重要事実の公表後２週間におけるジャムコの最も高い株価は、５６６円であることから、課徴金の額は下記の金額となる。 （５６６円×４，２００株） － 買付価額１，９６８，９００円 （注） ＝４０８，３００円 ⇒課徴金の額は１万円未満を切り捨てるため、 ４０万円 （注）買付価額は、「462円×600株＋463円×400株＋465円×1,100株＋470円×1,100株＋478円×1,000株」の合計額である。",1
2014-05-20,株式会社フライトシステムコンサルティング,,株式会社フライトシステムコンサルティングとの契約締結交渉者の社員による内部者取引に対する課徴金納付命令の勧告について（平成26年5月20日）,https://www.fsa.go.jp/sesc/news/c_2014/2014/20140520-2.html,"平成２６年５月２０日 証券取引等監視委員会 株式会社フライトシステムコンサルティングとの契約締結交渉者の社員による内部者取引に対する課徴金納付命令の勧告について １．勧告の内容 証券取引等監視委員会は、株式会社フライトシステムコンサルティングとの契約締結交渉者の社員による内部者取引について検査した結果、下記のとおり法令違反の事実が認められたので、本日、内閣総理大臣及び金融庁長官に対して、金融庁設置法第２０条第１項の規定に基づき、課徴金納付命令を発出するよう勧告を行った。 ２．法令違反の事実関係 課徴金納付命令対象者は、ソフトバンクモバイル株式会社（以下「ソフトバンクモバイル」という。）の社員であるが、株式会社フライトシステムコンサルティング（以下「フライトシステムコンサルティング」という。）とソフトバンクモバイルとの売買契約の締結の交渉に関し、フライトシステムコンサルティングの業務執行を決定する機関が、新たに決済装置を発売することについての決定をした旨の重要事実を知りながら、この事実が公表された平成２５年４月１１日より前の同月１０日、フライトシステムコンサルティング株式合計１００株を買付価額合計１７９万９０００円で買い付けたものである。 課徴金納付命令対象者が行った上記の行為は、金融商品取引法第１７５条第１項に規定する「第１６６条第１項又は第３項の規定に違反して、同条第１項に規定する売買等をした」行為に該当すると認められる。 ３．課徴金の額の計算 上記の違法行為に対し、金融商品取引法に基づき納付を命じられる課徴金の額は、１３７万円である。 計算方法の詳細については、別紙のとおり。 （別紙） ○ 課徴金の額の計算方法について 金融商品取引法第１７５条第１項に基づき、課徴金の額は、 （重要事実が公表された後２週間における最も高い価格）×（買付株数） －（買付価格）×（買付株数） となる。 したがって、重要事実の公表後２週間におけるフライトシステムコンサルティングの最も高い株価は、３１，７００円であることから、課徴金の額は下記の金額となる。 （３１，７００円×１００株） － 買付価額１，７９９，０００円 （注） ＝１，３７１，０００円 ⇒課徴金の額は１万円未満を切り捨てるため、 １３７万円 （注）買付価額は、「17,990円×100株」の合計額である。",1
2014-04-22,株式会社ノジマ,7419,株式会社ノジマとの契約締結者による内部者取引に対する課徴金納付命令の勧告について（平成26年4月22日）,https://www.fsa.go.jp/sesc/news/c_2014/2014/20140422-1.html,平成２６年４月２２日 証券取引等監視委員会 株式会社ノジマとの契約締結者による内部者取引に対する課徴金納付命令の勧告について １．勧告の内容 証券取引等監視委員会は、株式会社ノジマとの契約締結者による内部者取引について検査した結果、下記のとおり法令違反の事実が認められたので、本日、内閣総理大臣及び金融庁長官に対して、金融庁設置法第２０条第１項の規定に基づき、課徴金納付命令を発出するよう勧告を行った。 ２．法令違反の事実関係 課徴金納付命令対象者は、株式会社ノジマ（以下「ノジマ」という。）と法律顧問契約を締結していた者であるが、その契約の履行に関し、ノジマの業務執行を決定する機関がノジマの発行する株式を引き受ける者の募集を行うことについての決定をした旨の重要事実を知りながら、この事実が公表された平成２５年１１月１９日より前の同月１５日、自己の計算において、ノジマ株式合計２０００株を売付価額合計１９４万６９００円で売り付けたものである。 課徴金納付命令対象者が行った上記の行為は、金融商品取引法第１７５条第１項に規定する「第１６６条第１項又は第３項の規定に違反して、同条第１項に規定する売買等をした」行為に該当すると認められる。 ３．課徴金の額の計算 上記の違法行為に対し、金融商品取引法に基づき納付を命じられる課徴金の額は、３９万円である。 計算方法の詳細については、別紙のとおり。 （別紙） ○ 課徴金の額の計算方法について 金融商品取引法第１７５条第１項に基づき、課徴金の額は、 （売付価格）×（売付株数） －（重要事実が公表された後２週間における最も低い価格）×（売付株数） となる。 したがって、重要事実の公表後２週間におけるノジマの最も低い株価は７７８円であることから、課徴金の額は下記の金額となる。 売付価額１，９４６，９００（注）　－ （７７８円×２，０００株） ＝３９０，９００円 ⇒課徴金の額は１万円未満を切り捨てるため、 ３９万円 （注）売付価額は、 「970円×100株＋971円×700株＋972円×300株＋973円×100株＋975円×200株＋977円×500株＋978円×100株」 の合計額である。,1
2014-03-28,株式会社スーパーツール,5990,株式会社スーパーツールとの契約締結交渉者及び同人からの情報受領者による内部者取引に対する課徴金納付命令の勧告について（平成26年3月28日）,https://www.fsa.go.jp/sesc/news/c_2014/2014/20140328-1.html,"平成２６年３月２８日 証券取引等監視委員会 株式会社スーパーツールとの契約締結交渉者及び同人からの情報受領者による内部者取引に対する課徴金納付命令の勧告について １．勧告の内容 証券取引等監視委員会は、株式会社スーパーツールとの契約締結交渉者及び同人からの情報受領者による内部者取引について検査した結果、下記のとおり法令違反の事実が認められたので、本日、内閣総理大臣及び金融庁長官に対して、金融庁設置法第２０条第１項の規定に基づき、課徴金納付命令を発出するよう勧告を行った。 ２．法令違反の事実関係 課徴金納付命令対象者(１)は、株式会社スーパーツール（以下「スーパーツール」という。）と契約の締結の交渉をしていた者であるが、その交渉に関し、同社の属する企業集団の平成２５年３月期の売上高について、平成２４年１０月１７日に公表がされた直近の予想値に比較して、同社が新たに算出した予想値において投資者の投資判断に及ぼす影響が重要なものとして内閣府令で定める基準に該当する差異が生じた旨の重要事実を知りながら、新たに算出した予想値が売上高６２億７４００万円として公表がされた平成２５年４月１８日午後３時１０分頃より前の同月１５日、自己の計算において、スーパーツールの株式合計６０００株を買付価額合計１９３万８０００円で買い付けたものである。 課徴金納付命令対象者(２)及び(３)は、課徴金納付命令対象者(１)から、上記事実の伝達を受けながら、 課徴金納付命令対象者(２)においては、この事実の公表がされた平成２５年４月１８日午後３時１０分頃より前の同月１５日から同月１８日午前１０時６分までの間、自己の計算において、スーパーツールの株式合計３０００株を買付価額合計９６万１０００円で買い付け、 課徴金納付命令対象者(３)においては、この事実の公表がされた平成２５年４月１８日午後３時１０分頃より前の同月１６日、自己の計算において、スーパーツールの株式合計１０００株を買付価額合計３２万円で買い付けたものである。 課徴金納付命令対象者(１)、(２)及び(３)が行った上記の行為は、金融商品取引法第１７５条第１項に規定する「第１６６条第１項又は第３項の規定に違反して、同条第１項に規定する売買等をした」行為に該当すると認められる。 ３．課徴金の額の計算 上記の違法行為に対し、金融商品取引法に基づき納付を命じられる課徴金の額は、下記のとおりである。 課徴金納付命令対象者(１)　９１万円 課徴金納付命令対象者(２)　４６万円 課徴金納付命令対象者(３)　１５万円 計算方法の詳細については、別紙のとおり。 （別紙） ○ 課徴金の額の計算方法について 金融商品取引法第１７５条第１項に基づき、課徴金の額は、 （重要事実が公表された後２週間における最も高い価格）×（買付株数） －（買付価格）×（買付株数） となる。 したがって、重要事実の公表後２週間におけるスーパーツールの最も高い株価は、平成２５年４月３０日の４７５円であることから、課徴金の額は下記の金額となる。 課徴金納付命令対象者(１) （４７５円×６，０００株） － 買付価額１，９３８，０００円 （注） ＝９１２，０００円 ⇒課徴金の額は１万円未満を切り捨てるため、 ９１万円 （注）買付価額は、「322円×1,000株＋323円×4,000株＋324円×1,000株」の合計額である。 課徴金納付命令対象者(２) （４７５円×３，０００株） － 買付価額９６１，０００円 （注） ＝４６４，０００円 ⇒課徴金の額は１万円未満を切り捨てるため、 ４６万円 （注）買付価額は、「318円×1,000株＋321円×1,000株＋322円×1,000株」の合計額である。 課徴金納付命令対象者(３) （４７５円×１，０００株） － 買付価額３２０，０００円 （注） ＝１５５，０００円 ⇒課徴金の額は１万円未満を切り捨てるため、 １５万円 （注）買付価額は、「320円×1,000株」の額である。",1
2014-03-11,株式会社冨澤,,公開買付者との契約締結者の役員からの情報受領者の役員によるメガネトップ株式に係る内部者取引に対する課徴金納付命令の勧告について（平成26年3月11日）,https://www.fsa.go.jp/sesc/news/c_2014/2014/20140311-2.html,"平成２６年３月１１日 証券取引等監視委員会 公開買付者との契約締結者の役員からの情報受領者の役員によるメガネトップ株式に係る内部者取引に対する課徴金納付命令の勧告について １．勧告の内容 証券取引等監視委員会は、公開買付者との契約締結者の役員からの情報受領者の役員によるメガネトップ株式に係る内部者取引について検査した結果、下記のとおり法令違反の事実が認められたので、本日、内閣総理大臣及び金融庁長官に対して、金融庁設置法第２０条第１項の規定に基づき、課徴金納付命令を発出するよう勧告を行った。 ２．法令違反の事実関係 課徴金納付命令対象者は、株式会社メガネトップ（以下「メガネトップ」という。）の取引先（以下「取引先」という。）の役員であったが、その職務に関し、メガネトップの役員が株式会社冨澤との秘密保持契約の履行に関し知り、その後、同人から取引先の他の役員が職務上伝達を受けた、株式会社冨澤の業務執行を決定する機関がメガネトップの株式の公開買付けを行うことについての決定をした旨の公開買付けの実施に関する事実を知りながら、この事実が公表された平成２５年４月１６日より前の同月１５日、自己の計算において、メガネトップの株式合計２０００株を買付価額合計２６２万円で買い付けたものである。 課徴金納付命令対象者が行った上記の行為は、金融商品取引法第１７５条第２項に規定する「第１６７条第１項又は第３項の規定に違反して、同条第１項に規定する売買等をした」行為に該当すると認められる。 ３．課徴金の額の計算 上記の違法行為に対し、金融商品取引法に基づき納付を命じられる課徴金の額は、１９万円である。 計算方法の詳細については、別紙のとおり。 （別紙） ○ 課徴金の額の計算方法について 金融商品取引法第１７５条第２項に基づき、課徴金の額は、 （公開買付け等の実施に関する事実が公表された後２週間における最も高い価格）×（買付株数） －（買付価格）×（買付株数） となる。 したがって、公開買付け等の実施に関する事実の公表後２週間におけるメガネトップの最も高い株価は、平成２５年４月２４日等の１，４０７円であることから、課徴金の額は下記の金額となる。 （１，４０７円×２，０００株） － 買付価額２，６２０，０００円（注） ＝１９４，０００円 ⇒課徴金の額は１万円未満を切り捨てるため、１９万円 （注）買付価額は、「1,310円×2,000株」である。",1
2014-02-25,株式会社コスモスイニシア,8844,株式会社コスモスイニシアとの契約締結交渉者の社員による内部者取引に対する課徴金納付命令の勧告について　（平成26年2月25日）,https://www.fsa.go.jp/sesc/news/c_2014/2014/20140225-2.html,"平成２６年２月２５日 証券取引等監視委員会 株式会社コスモスイニシアとの契約締結交渉者の社員による内部者取引に対する課徴金納付命令の勧告について １．勧告の内容 証券取引等監視委員会は、株式会社コスモスイニシアとの契約締結交渉者の社員による内部者取引について検査した結果、下記のとおり法令違反の事実が認められたので、本日、内閣総理大臣及び金融庁長官に対して、金融庁設置法第２０条第１項の規定に基づき、課徴金納付命令を発出するよう勧告を行った。 ２．法令違反の事実関係 課徴金納付命令対象者は、大和ハウス工業株式会社（以下「大和ハウス工業」という。）の社員であったが、その職務に関し、同社の他の社員が株式会社コスモスイニシア（以下「コスモスイニシア」という。）との資本業務提携契約の締結の交渉に関し知った、コスモスイニシアの業務執行を決定する機関が、大和ハウス工業と業務上の提携を行うこと及び同社に対し第三者割当増資を実施するために株式の発行を行うことについての決定をした旨の重要事実を知りながら、これらの事実が公表された平成２５年４月１６日より前の同月１２日から同月１５日の間、自己の計算において、コスモスイニシアの株式合計１万７０００株を買付価額合計１３２２万円で買い付けたものである。 課徴金納付命令対象者が行った上記の行為は、金融商品取引法第１７５条第１項に規定する「第１６６条第１項又は第３項の規定に違反して、同条第１項に規定する売買等をした」行為に該当すると認められる。 ３．課徴金の額の計算 上記の違法行為に対し、金融商品取引法に基づき納付を命じられる課徴金の額は、１３１４万円である。 計算方法の詳細については、別紙のとおり。 （別紙） ○ 課徴金の額の計算方法について 金融商品取引法第１７５条第１項に基づき、課徴金の額は、 （重要事実が公表された後２週間における最も高い価格）×（買付株数） －（買付価格）×（買付株数） となる。 したがって、重要事実の公表後２週間におけるコスモスイニシアの最も高い株価は、平成２５年４月２３日の１，５５１円であることから、課徴金の額は下記の金額となる。 （１，５５１円×１７，０００株） － 買付価額１３，２２０，０００円 （注） ＝１３，１４７，０００円 ⇒課徴金の額は１万円未満を切り捨てるため、 １，３１４万円 （注）買付価額は、「746円×1,000株＋770円×2,000株＋771円×1,000株＋772円×1,000株＋775円×3,000株＋780円×1,000株＋781円×1,000株＋783円×1,000株＋785円×2,000株＋786円×1,000株＋788円×1,000株＋789円×2,000株」の合計額である。",1
2014-02-25,株式会社田中化学研究所,4080,株式会社田中化学研究所との契約締結者の社員及び同人からの情報受領者による内部者取引に対する課徴金納付命令の勧告について　（平成26年2月25日）,https://www.fsa.go.jp/sesc/news/c_2014/2014/20140225-1.html,"平成２６年２月２５日 証券取引等監視委員会 株式会社田中化学研究所との契約締結者の社員及び同人からの情報受領者による内部者取引に対する課徴金納付命令の勧告について １．勧告の内容 証券取引等監視委員会は、株式会社田中化学研究所との契約締結者の社員及び同人からの情報受領者による内部者取引について検査した結果、下記のとおり法令違反の事実が認められたので、本日、内閣総理大臣及び金融庁長官に対して、金融庁設置法第２０条第１項の規定に基づき、課徴金納付命令を発出するよう勧告を行った。 ２．法令違反の事実関係 課徴金納付命令対象者(１)は、パナソニック株式会社（以下「パナソニック」という。）の社員であるが、株式会社田中化学研究所（以下「田中化学研究所」という。）とパナソニックとの間で締結していた取引に関する契約の履行に関し、田中化学研究所の業務執行を決定する機関が、住友化学株式会社と業務上の提携を行うことについての決定をした旨の重要事実を知りながら、この事実が公表された平成２５年３月２８日午後４時頃より前の同日午前１０時２９分頃から午後２時２３分頃までの間、自己の計算において、田中化学研究所の株式合計２５００株を買付価額合計８７万５７００円で買い付けたものである。 課徴金納付命令対象者(２)は、課徴金納付命令対象者(１)から上記事実の伝達を受けながら、この事実が公表された平成２５年３月２８日午後４時頃より前の同日午後２時１０分頃から午後２時５６分頃までの間、自己の計算において、田中化学研究所の株式合計１９００株を買付価額合計６８万３４００円で買い付けたものである。 課徴金納付命令対象者(１)及び(２)が行った上記の行為は、金融商品取引法第１７５条第１項に規定する「第１６６条第１項又は第３項の規定に違反して、同条第１項に規定する売買等をした」行為に該当すると認められる。 ３．課徴金の額の計算 上記の違法行為に対し、金融商品取引法に基づき納付を命じられる課徴金の額は、下記のとおりである。 課徴金納付命令対象者(１) ６８万円 課徴金納付命令対象者(２) ５０万円 計算方法の詳細については、別紙のとおり。 （別紙） ○ 課徴金の額の計算方法について 金融商品取引法第１７５条第１項に基づき、課徴金の額は、 （重要事実が公表された後２週間における最も高い価格）×（買付株数） －（買付価格）×（買付株数） となる。 したがって、重要事実の公表後２週間における田中化学研究所の最も高い株価は、平成２５年４月２日の６２５円であることから、課徴金の額は下記の金額となる。 課徴金納付命令対象者(１) （６２５円×２，５００株） － 買付価額８７５，７００円 （注） ＝６８６，８００円 ⇒課徴金の額は１万円未満を切り捨てるため、 ６８万円 （注）買付価額は、「349円×1,700株＋353円×800株」の合計額である。 課徴金納付命令対象者(２) （６２５円×１，９００株） － 買付価額６８３，４００円 （注） ＝５０４，１００円 ⇒課徴金の額は１万円未満を切り捨てるため、 ５０万円 （注）買付価額は、「352円×100株＋357円×100株＋358円×200株＋359円×700株＋360円×400株 ＋364円×400株」の合計額である。",1
2014-02-07,株式会社ネクス,3186,株式会社ネクスとの契約締結交渉者の役員及び同人からの情報受領者による内部者取引に対する課徴金納付命令の勧告について（平成26年2月7日）,https://www.fsa.go.jp/sesc/news/c_2014/2014/20140207-1.html,"平成２６年２月７日 証券取引等監視委員会 株式会社ネクスとの契約締結交渉者の役員及び同人からの情報受領者による内部者取引に対する課徴金納付命令の勧告について １．勧告の内容 証券取引等監視委員会は、株式会社ネクスとの契約締結交渉者の役員及び同人からの情報受領者による内部者取引について検査した結果、下記のとおり法令違反の事実が認められたので、本日、内閣総理大臣及び金融庁長官に対して、金融庁設置法第２０条第１項の規定に基づき、課徴金納付命令を発出するよう勧告を行った。 ２．法令違反の事実関係 課徴金納付命令対象者(１)は、株式会社ネクス（以下「ネクス」という。）との契約締結交渉者の役員であるが、ネクスとの株式引受契約の締結の交渉に関し、ネクスの業務執行を決定する機関が、ネクスの発行する株式を引き受ける者の募集を行うことについての決定をした旨の重要事実を知りながら、この事実が公表された平成２５年１月２３日より前の同月９日から同月１１日までの間、自己の計算において、ネクスの株式合計９１株を買付価額合計２０６万２８９０円で買い付けたものである。 課徴金納付命令対象者(２)、(３)及び(４)は、課徴金納付命令対象者(１)から、上記事実の伝達を受けながら、 課徴金納付命令対象者(２)においては、この事実の公表がされた平成２５年１月２３日より前の同月１８日から同月２１日までの間、自己の計算において、ネクスの株式合計８０株を買付価額合計１８５万１９００円で買い付け、 課徴金納付命令対象者(３)においては、この事実の公表がされた平成２５年１月２３日より前の同月１８日から同月２１日までの間、自己及び同族会社の計算において、ネクスの株式合計６５株を買付価額合計１５２万４８５０円で買い付け、 課徴金納付命令対象者(４)においては、この事実の公表がされた平成２５年１月２３日より前の同月２１日、自己の計算において、ネクスの株式合計１００株を買付価額合計２３４万３９００円で買い付けたものである。 課徴金納付命令対象者(１)ないし(４)が行った上記の行為は、金融商品取引法第１７５条第１項に規定する「第１６６条第１項又は第３項の規定に違反して、同条第１項に規定する売買等をした」行為に該当すると認められる。 ３．課徴金の額の計算 上記の違法行為に対し、金融商品取引法に基づき納付を命じられる課徴金の額は、下記のとおりである。 課徴金納付命令対象者(１) １５３万円 課徴金納付命令対象者(２) １３０万円 課徴金納付命令対象者(３) １０４万円 課徴金納付命令対象者(４) １６０万円 計算方法の詳細については、別紙のとおり。 （別紙） ○ 課徴金の額の計算方法について 金融商品取引法第１７５条第１項に基づき、課徴金の額は、 （重要事実が公表された後２週間における最も高い価格）×（買付株数） －（買付価格）×（買付株数） となる。 したがって、重要事実の公表後２週間におけるネクスの最も高い株価は、平成２５年１月２８日の３９，５００円であることから、課徴金の額は下記の金額となる。 課徴金納付命令対象者(１) （３９，５００円×９１株） － 買付価額２，０６２，８９０円 （注） ＝１，５３１，６１０円 ⇒課徴金の額は１万円未満を切り捨てるため、 １５３万円 （注）買付価額は、「21,300円×1株＋21,500円×2株＋21,800円×1株＋21,980円×1株＋21,990円×3株 ＋22,000円×37株＋22,100円×1株＋22,300円×3株＋22,490円×2株＋23,450円×6株＋23,500円×16株＋23,550円×10株＋23,570円×1株＋23,580円×4株＋23,590円×3株」の額である。 課徴金納付命令対象者(２) （３９，５００円×８０株） － 買付価額１，８５１，９００円 （注） ＝１，３０８，１００円 ⇒課徴金の額は１万円未満を切り捨てるため、 １３０万円 （注）買付価額は、「22,300円×8株＋23,000円×40株＋23,500円×17株＋23,600円×15株」の合計額である。 課徴金納付命令対象者(３) （３９，５００円×６５株） － 買付価額１，５２４，８５０円 （注） ＝１，０４２，６５０円 ⇒課徴金の額は１万円未満を切り捨てるため、 １０４万円 （注）買付価額は、「23,000円×2株＋23,150円×5株＋23,300円×4株＋23,400円×1株＋23,500円×43株＋23,600円×10株」の額である。 課徴金納付命令対象者(４) （３９，５００円×１００株） － 買付価額２，３４３，９００円 （注） ＝１，６０６，１００円 ⇒課徴金の額は１万円未満を切り捨てるため、 １６０万円 （注）買付価額は、「22,500円×6株＋23,000円×10株＋23,500円×44株＋23,550円×1株 ＋23,600円×29株＋23,690円×5株＋23,700円×5株」の額である。",1
2014-01-28,株式会社ウィル,3241,株式会社ウィル役員からの情報受領者による内部者取引に対する課徴金納付命令の勧告について（平成26年1月28日）,https://www.fsa.go.jp/sesc/news/c_2014/2014/20140127-2.html,"平成２６年１月２８日 証券取引等監視委員会 株式会社ウィル役員からの情報受領者による内部者取引に対する課徴金納付命令の勧告について １．勧告の内容 証券取引等監視委員会は、株式会社ウィル役員からの情報受領者による内部者取引について検査した結果、下記のとおり法令違反の事実が認められたので、本日、内閣総理大臣及び金融庁長官に対して、金融庁設置法第２０条第１項の規定に基づき、課徴金納付命令を発出するよう勧告を行った。 ２．法令違反の事実関係 課徴金納付命令対象者は、株式会社ウィル（以下「ウィル」という。）の役員から、同人がその職務に関し知った、同社の業務執行を決定する機関が株式の分割を行うことについての決定をした旨の重要事実の伝達を受けながら、この事実の公表がされた平成２４年１１月２６日午後３時３０分頃より前の同日午後２時３１分頃から同日午後２時３３分頃までの間、自己の計算において、ウィル株式合計５株を買付価額合計６４万６３００円で買い付けたものである。 課徴金納付命令対象者が行った上記の行為は、金融商品取引法第１７５条第１項に規定する「第１６６条第１項又は第３項の規定に違反して、同条第１項に規定する売買等をした」行為に該当すると認められる。 ３．課徴金の額の計算 上記の違法行為に対し、金融商品取引法に基づき納付を命じられる課徴金の額は、６０万円である。 計算方法の詳細については、別紙のとおり。 （別紙） ○ 課徴金の額の計算方法について 金融商品取引法第１７５条第１項に基づき、課徴金の額は、 （重要事実が公表された後２週間における最も高い価格）×（買付株数） －（買付価格）×（買付株数） となる。 したがって、重要事実の公表後２週間におけるウィルの最も高い株価は、平成２４年１１月２９日の２５０，０００円であることから、課徴金の額は下記の金額となる。 （２５０，０００円×５株） － 買付価額６４６，３００円 （注） ＝６０３，７００円 ⇒課徴金の額は１万円未満を切り捨てるため、 ６０万円 （注）買付価額は、「126,000円×1株＋128,500円×1株＋128,800円×1株＋130,000円×1株＋133,000円×1株」の合計額である。",1
2014-01-28,株式会社サニーサイドアップ,2180,株式会社サニーサイドアップ社員からの情報受領者による内部者取引に対する課徴金納付命令の勧告について（平成26年1月28日）,https://www.fsa.go.jp/sesc/news/c_2014/2014/20140127-1.html,"平成２６年１月２８日 証券取引等監視委員会 株式会社サニーサイドアップ社員からの情報受領者による内部者取引に対する課徴金納付命令の勧告について １．勧告の内容 証券取引等監視委員会は、株式会社サニーサイドアップ社員からの情報受領者による内部者取引について検査した結果、下記のとおり法令違反の事実が認められたので、本日、内閣総理大臣及び金融庁長官に対して、金融庁設置法第２０条第１項の規定に基づき、課徴金納付命令を発出するよう勧告を行った。 ２．法令違反の事実関係 課徴金納付命令対象者は、株式会社サニーサイドアップ（以下「サニーサイドアップ」という。）の社員から、同人がその職務に関し知った、同社の属する企業集団の平成２５年６月期の経常利益及び当期純利益について、平成２４年１１月５日に公表がされた直近の予想値に比較して、同社が新たに算出した予想値において投資者の投資判断に及ぼす影響が重要なものとして内閣府令で定める基準に該当する差異が生じた旨の重要事実の伝達を受けながら、新たに算出した予想値が経常利益６億１３００万円、当期純利益３億５６００万円として公表がされた平成２５年１月２４日より前の同月２２日、自己の計算において、サニーサイドアップ株式合計１０００株を買付価額合計１００万４６００円で買い付けたものである。 課徴金納付命令対象者が行った上記の行為は、金融商品取引法第１７５条第１項に規定する「第１６６条第１項又は第３項の規定に違反して、同条第１項に規定する売買等をした」行為に該当すると認められる。 ３．課徴金の額の計算 上記の違法行為に対し、金融商品取引法に基づき納付を命じられる課徴金の額は、６８万円である。 計算方法の詳細については、別紙のとおり。 （別紙） ○ 課徴金の額の計算方法について 金融商品取引法第１７５条第１項に基づき、課徴金の額は、 （重要事実が公表された後２週間における最も高い価格）×（買付株数） －（買付価格）×（買付株数） となる。 したがって、重要事実の公表後２週間におけるサニーサイドアップの最も高い株価は、平成２５年１月２９日の１，６８９円であることから、課徴金の額は下記の金額となる。 （１，６８９円×１，０００株） － 買付価額１，００４，６００円 （注） ＝ ６８４，４００円 ⇒課徴金の額は１万円未満を切り捨てるため、 ６８万円 （注）買付価額は、「1,000円×400株＋1,004円×200株＋1,005円×200株＋1,014円×200株」の合計額である。",1
2015-12-22,住友商事株式会社,8053,住友商事株式会社との契約関係者の役員からの情報受領者２名による内部者取引に対する課徴金納付命令の勧告について（平成27年12月22日）,https://www.fsa.go.jp/sesc/news/c_2015/2015/20151222-1.html,"English version 平成２７年１２月２２日 証券取引等監視委員会 住友商事株式会社との契約関係者の役員からの情報受領者２名による内部者取引に対する課徴金納付命令の勧告について １．勧告の内容 証券取引等監視委員会は、住友商事株式会社との契約関係者の役員からの情報受領者２名による内部者取引について検査した結果、下記のとおり法令違反の事実が認められたので、本日、内閣総理大臣及び金融庁長官に対して、金融庁設置法第２０条第１項の規定に基づき、課徴金納付命令を発出するよう勧告を行った。 ２．法令違反の事実関係 課徴金納付命令対象者（１）は、住友商事株式会社（以下「住友商事」という。）の契約関係者の役員から、同人が、契約交渉等に関して知った、住友商事が出資した米国タイトオイル開発プロジェクトに関し、住友商事の平成２７年３月期第２四半期決算において約１７００億円の減損損失を計上しなければならないことが確実になった旨の、住友商事の業務等に関する重要事実の伝達を受けながら、上記事実の公表がされた平成２６年９月２９日より前の同月２５日、自己の計算において、住友商事株式合計３万１３００株を売付価額合計４４０７万４００円で売り付けたものである。 課徴金納付命令対象者（２）は、住友商事の契約関係者の役員から、同人が契約交渉等に関して知った、 イ 住友商事が出資した米国タイトオイル開発プロジェクトに関し、住友商事の平成２７年３月期第２四半期決算において約１７００億円の減損損失を計上しなければならないことが確実になった旨の、住友商事の業務等に関する重要事実の伝達 ロ 住友商事の属する企業集団の平成２６年４月１日から平成２７年３月３１日までの会計期間の業績予想における当期純利益について、平成２６年５月１日に公表がされた直近の予想値（当期純利益２５００億円）に比較して、同社が新たに算出した同会計期間の予想値において投資者の投資判断に及ぼす影響が重要なものとなる差異が生じた旨の重要事実の伝達を それぞれ受けながら、上記各事実の公表がされた平成２６年９月２９日より前の同月２６日、自己の計算において、住友商事株式合計２０００株を売付価額合計２７５万３０００円で売り付けたものである。 違反行為事実の概要については、別図のとおり。 課徴金納付命令対象者（１）及び（２）が行った上記の行為は、金融商品取引法第１７５条第１項に規定する「第１６６条第１項又は第３項の規定に違反して、同条第１項に規定する売買等をした」行為に該当すると認められる。 ３．課徴金の額の計算 上記の違法行為に対し、金融商品取引法に基づき納付を命じられる課徴金の額は、下記のとおりである。 課徴金納付命令対象者（１） ８９２万円 課徴金納付命令対象者（２） ５０万円 計算方法の詳細については、別紙のとおり。 （別図） ○ 違反行為事実の概要について （クリックすると拡大されます） （別紙） ○ 課徴金の額の計算方法について 金融商品取引法第１７５条第１項に基づき、課徴金の額は、 （売付価格）×（売付株数） －（重要事実が公表された後２週間における最も低い価格）×（売付株数） となる。 したがって、重要事実１及び２の公表後２週間における住友商事の最も低い株価は、１，１２３円であることから、課徴金の額は下記の金額となる。 課徴金納付命令対象者（１） 売付価額４４，０７０，４００円 （注１） － （１，１２３円×３１，３００株） ＝８，９２０，５００円 ⇒課徴金の額は１万円未満を切り捨てるため、 ８９２万円 （注１）売付価額は、 「1,408円×31,300株」 の額である。 課徴金納付命令対象者（２） 売付価額２，７５３，０００円 （注２） － （１，１２３円×２，０００株） ＝５０７，０００円 ⇒課徴金の額は１万円未満を切り捨てるため、 ５０万円 （注２）売付価額は、 「1,376.5円×2,000株」 の額である。",1
2015-12-15,株式会社エスケーエレクトロニクス,6677,株式会社エスケーエレクトロニクス役員からの情報受領者による内部者取引違反行為に対する課徴金納付命令の勧告について（平成27年12月15日）,https://www.fsa.go.jp/sesc/news/c_2015/2015/20151215-1.html,"English version 平成２７年１２月１５日 証券取引等監視委員会 株式会社エスケーエレクトロニクス役員からの情報受領者による内部者取引違反行為に対する課徴金納付命令の勧告について １．勧告の内容 証券取引等監視委員会は、株式会社エスケーエレクトロニクス役員からの情報受領者による内部者取引違反行為について検査した結果、下記のとおり法令違反の事実が認められたので、本日、内閣総理大臣及び金融庁長官に対して、金融庁設置法第２０条第１項の規定に基づき、課徴金納付命令を発出するよう勧告を行った。 ２．法令違反の事実関係 課徴金納付命令対象者は、株式会社エスケーエレクトロニクス（以下「エスケーエレクトロニクス」という。）の役員から、同人がその職務に関し知った、 (1) エスケーエレクトロニクスの属する企業集団の平成２４年１０月１日から平成２５年９月３０日までの会計期間の業績予想値について、平成２４年１１月１２日に公表された前事業年度の決算値（売上高１０９億８４００万円、経常損失２４億１４００万円、当期純損失２３億７００万円）に比較して、同社が新たに算出した予想値において、投資者の投資判断に及ぼす影響が重要なものとなる差異が生じた旨の重要事実の伝達を受けながら、同社において新たに算出した平成２５年９月期の予想値（売上高１７６億円、経常利益１５億円、当期純利益１４億５０００万円）が公表された平成２５年８月８日より前の同月２日午前１０時１１分頃から同月８日午後２時３７分頃までの間、自己の計算において、エスケーエレクトロニクス株式合計１万８１００株を買付価額合計７１２万９２００円で買い付け (2) エスケーエレクトロニクスの属する企業集団の平成２５年１０月１日から平成２６年９月３０日までの会計期間の業績予想値について、平成２６年２月１０日に公表された直近の予想値（売上高１６１億円、経常利益１７億５０００万円、当期純利益１２億５０００万円）に比較して、同社が新たに算出した予想値において、投資者の投資判断に及ぼす影響が重要なものとなる差異が生じた旨の重要事実の伝達を受けながら、同社において新たに算出した平成２６年９月期の予想値（売上高１８５億円、経常利益３３億円、当期純利益２３億円）が公表された平成２６年５月１２日より前の同月２日午前９時１８分頃から同月１２日午前１０時２９分頃までの間、自己の計算において、エスケーエレクトロニクス株式合計１万４３００株を買付価額合計１１１６万８００円で買い付け たものである。 違反行為事実の概要については、別図のとおり。 課徴金納付命令対象者が行った上記の行為は、金融商品取引法第１７５条第１項に規定する「第１６６条第１項又は第３項の規定に違反して、同条第１項に規定する売買等をした」行為に該当すると認められる。 ３．課徴金の額の計算 上記の違法行為に対し、金融商品取引法に基づき納付を命じられる課徴金の額は、１５６３万円である。 計算方法の詳細については、別紙のとおり。 （別図） ○ 違反行為事実の概要について （クリックすると拡大されます） （別紙） ○ 課徴金の額の計算方法について 金融商品取引法第１７５条第１項に基づき、課徴金の額は、 （重要事実が公表された後２週間における最も高い価格）×（買付株数） －（買付価格）×（買付株数） となる。 したがって、 違反行為（１）について、重要事実の公表後２週間におけるエスケーエレクトロニクスの最も高い株価は、６９９円であることから、課徴金の額は下記の金額となる。 （６９９円×１８，１００株） － 買付価額７，１２９，２００円 （注１） ＝５，５２２，７００円 ⇒課徴金の額は１万円未満を切り捨てるため、 ５５２万円 （注１）買付価額は、 「378円×1,000株＋384円×300株＋387円×500株＋389円×300株＋390円×4,500株＋392円×2,200株＋393円×1,000株＋398円×2,300株＋400円×6,000株」 の額である。 違反行為（２）について、重要事実の公表後２週間におけるエスケーエレクトロニクスの最も高い株価は、１，４８８円であることから、課徴金の額は下記の金額となる。 （１，４８８円×１４，３００株） － 買付価額１１，１６０，８００円 （注２） ＝１０，１１７，６００円 ⇒課徴金の額は１万円未満を切り捨てるため、 １０１１万円 （注２）買付価額は、 「754円×600株＋771円×900株＋773円×600株＋774円×500株＋776円×900株＋777円×900株＋778円×800株＋779円×900株＋780円×900株＋781円×300株＋782円×1,100株＋783円×100株＋784円×500株＋785円×700株＋786円×800株＋787円×800株＋788円×100株＋789円×2,000株＋790円×900株」 の額である。",1
2015-12-08,Gateway,,石山Gateway Holdings株券に係る内部者取引事件の告発について（平成27年12月8日）,https://www.fsa.go.jp/sesc/news/c_2015/2015/20151208-1.html,English version 平成２７年１２月８日 証券取引等監視委員会 石山Gateway Holdings株券に係る内部者取引事件の告発について 証券取引等監視委員会は、本日、金融商品取引法違反（インサイダー取引）の嫌疑で、嫌疑者１名を東京地方検察庁に告発した。告発の対象となった犯則事実については下記のとおり。 １．告発の対象となった犯則事実 犯則嫌疑者は、平成２６年１０月２９日、株式会社東京証券取引所が運営するジャスダック市場に株券を上場していた石山Gateway Holdings株式会社の従業員から、同人がその職務に関し知った、同日、同社が粉飾決算をしたとする金融商品取引法違反の嫌疑事実により証券取引等監視委員会の強制調査を受けた旨の同社の運営、業務及び財産に関する重要な事実であって投資者の投資判断に著しい影響を及ぼす重要事実の伝達を受けたものであるが、同事実の公表前に同社の株券を売り付けて損失を回避しようと考え、法定の除外事由がないのに、前記重要事実の公表前である同月３０日、証券会社２社を介し、犯則嫌疑者ほか１名名義の同社株券合計４３万５４００株を代金合計４３２２万６００円で売り付けたものである。 ２．関連条文 金融商品取引法第197条の2第13号、第166条第3項、同条第1項第1号、同条第2項第4号 法定刑：5年以下の懲役若しくは500万円以下の罰金又は併科,1
2015-10-23,ゲームオン,,海外に居住する個人投資家によるゲームオン株式に係る内部者取引に対する課徴金納付命令の勧告について（平成27年10月23日）,https://www.fsa.go.jp/sesc/news/c_2015/2015/20151023-4.html,"English version 平成２７年１０月２３日 証券取引等監視委員会 海外に居住する個人投資家によるゲームオン株式に係る内部者取引に対する課徴金納付命令の勧告について １．勧告の内容 証券取引等監視委員会は、公開買付者との契約締結交渉者の従業員である海外居住の個人投資家によるゲームオン株式に係る内部者取引について検査した結果、下記のとおり法令違反の事実が認められたので、本日、内閣総理大臣及び金融庁長官に対して、金融庁設置法第２０条第１項の規定に基づき、課徴金納付命令を発出するよう勧告を行った。 ２．法令違反の事実関係 課徴金納付命令対象者（大韓民国に居住）は、ネオウィズ・ゲームズ・コーポレーションとの契約の締結の交渉に関し，同社の業務執行を決定する機関が株式会社ゲームオン（以下「ゲームオン」という。）株式の公開買付けを行うことについての決定をした旨の公開買付けの実施に関する事実を知りながら、当該事実の公表前の平成２３年９月１４日から同年１０月２７日までの間、自己の計算において、ゲームオン株式合計１３７株を買付価額合計８１８万９６００円で買い付けたものである。 課徴金納付命令対象者が行った上記の行為は、金融商品取引法第１７５条第２項に規定する「第１６７条第１項又は第３項の規定に違反して、同条第１項に規定する株券等に係る買付け等をした」行為に該当すると認められる。 ３．課徴金の額の計算 上記の違法行為について金融商品取引法に基づき算定される課徴金の額は、３８６万円である。 計算方法の詳細については、別紙のとおり。 ４．その他 本件については、大韓民国の金融委員会（Financial Services Commission）及び金融監督院（Financial Supervisory Service）より支援がなされている。 （別紙） ○ 課徴金の額の計算方法について 金融商品取引法第１７５条第２項の規定により、当該違反行為に係る課徴金の額は、 （公開買付け等の実施に関する事実の公表後２週間における最も高い価格）×（買付け等の数量）－（買付け等をした価格）×（買付け等の数量） となる。 公開買付け等の実施に関する事実の公表後２週間におけるゲームオン株式の最も高い価格は８８，０００円であることから、 （８８，０００円×１３７株）－買付価額８，１８９，６００円 （注） ＝３，８６６，４００円 ⇒金融商品取引法第１７６条第２項の規定により、課徴金の額は、１万円未満の端数を切り捨てた ３８６万円 となる。 （注）買付価額の内訳は、 「57,200円×1株＋57,500円×5株＋57,600円×1株＋57,700円×1株＋57,800円×6株＋57,900円×8株＋58,000円×10株＋58,100円×2株＋58,300円×1株＋58,400円×5株＋58,500円×7株＋58,600円×3株＋58,900円×3株＋59,000円×7株＋59,600円×1株＋59,700円×1株＋59,800円×1株＋59,900円×4株＋60,000円×2株＋60,300円×7株＋60,500円×12株＋60,600円×1株＋60,700円×1株＋60,800円×5株＋60,900円×3株＋61,000円×11株＋61,200円×1株＋61,300円×3株＋61,500円×6株＋61,700円×3株＋61,800円×2株＋62,000円×5株＋62,100円×2株＋62,300円×1株＋62,400円×1株＋62,500円×1株＋62,700円×3株」 である。",1
2015-11-25,株式会社アールテック・ウエノ,,株式会社アールテック・ウエノとの契約締結者の職員による内部者取引に対する課徴金納付命令の勧告について（平成27年11月25日）,https://www.fsa.go.jp/sesc/news/c_2015/2015/20151125-1.html,"English version 平成２７年１１月２５日 証券取引等監視委員会 株式会社アールテック・ウエノとの契約締結者の職員による内部者取引に対する課徴金納付命令の勧告について １．勧告の内容 証券取引等監視委員会は、株式会社アールテック・ウエノとの契約締結者の職員による内部者取引について検査した結果、下記のとおり法令違反の事実が認められたので、本日、内閣総理大臣及び金融庁長官に対して、金融庁設置法第２０条第１項の規定に基づき、課徴金納付命令を発出するよう勧告を行った。 ２．法令違反の事実関係 課徴金納付命令対象者は、株式会社アールテック・ウエノ（以下「アールテック」という。） との間で網膜色素変性に対するウノプロストン（開発コードＵＦ－０２１）点眼液の第３相臨床試験（以下「本試験」という。）にかかる治験契約を締結していた法人に勤務し、同治験に従事していた者であるが、平成２７年３月９日、同契約の履行に関し、アールテックが本試験を中止することについて決定した旨の、アールテックの運営、業務又は財産に関する重要な事実であって投資者の投資判断に著しい影響を及ぼす事実を知りながら、上記事実の公表がされた同日午後３時３０分頃より前の午後２時１１分頃、自己の計算において、アールテック株式合計８００株を売付価額合計１６５万５７００円で売り付けたものである。 課徴金納付命令対象者が行った上記の行為は、金融商品取引法第１７５条第１項に規定する「第１６６条第１項又は第３項の規定に違反して、同条第１項に規定する売買等をした」行為に該当すると認められる。 ３．課徴金の額の計算 上記の違法行為に対し、金融商品取引法に基づき納付を命じられる課徴金の額は、６０万円である。 計算方法の詳細については、別紙のとおり。 （別紙） ○ 課徴金の額の計算方法について 金融商品取引法第１７５条第１項に基づき、課徴金の額は、 （売付価格）×（売付株数） －（重要事実が公表された後２週間における最も低い価格）×（売付株数） となる。 したがって、重要事実公表後２週間におけるアールテックの最も低い株価は、 １，３１４円であることから、課徴金の額は下記の金額となる。 売付価額１，６５５，７００円 （注１） －（１，３１４円×８００株） ＝６０４，５００円 ⇒課徴金の額は１万円未満を切り捨てるため、 ６０万円 （注１）売付価額は、 「2,065円×100株+2,066円×100株+2,070円×400株+2,071円×100株＋2,075円×100株」 の額である。",1
2015-10-23,株式会社光通信,9435,公開買付者の親会社との契約締結者の社員からの情報受領者によるウェブクルー株式に係る内部者取引違反行為及び当該社員による公開買付けの実施の事実に係る伝達違反行為に対する課徴金納付命令の勧告について（平成27年10月23日）,https://www.fsa.go.jp/sesc/news/c_2015/2015/20151023-2.html,"English version 平成２７年１０月２３日 証券取引等監視委員会 公開買付者の親会社との契約締結者の社員からの情報受領者によるウェブクルー株式に係る内部者取引違反行為及び当該社員による公開買付けの実施の事実に係る伝達違反行為に対する課徴金納付命令の勧告について １．勧告の内容 証券取引等監視委員会は、公開買付者の親会社との契約締結者の社員からの情報受領者によるウェブクルー株式に係る内部者取引及び当該社員による公開買付けの実施の事実に係る伝達について検査した結果、下記のとおり法令違反の事実が認められたので、本日、内閣総理大臣及び金融庁長官に対して、金融庁設置法第２０条第１項の規定に基づき、課徴金納付命令を発出するよう勧告を行った。 ２．法令違反の事実関係 (1) 課徴金納付命令対象者（１）について 課徴金納付命令対象者（１）は、株式会社ニュートン・フィナンシャル・コンサルティング（以下「ニュートン」という。）の親会社である株式会社光通信との間で株式引受契約を締結していた会社の社員であった課徴金納付命令対象者（２）から、同人が同契約の履行に関して知った、ニュートンの業務執行を決定する機関が、株式会社ウェブクルー（以下「ウェブクルー」という。）の株式の公開買付けを行うことについての決定をした旨の公開買付けの実施に関する事実の伝達を受けながら、上記事実の公表がされた平成２６年１１月１２日午後３時より前の同日午後１時４２分頃から５０分頃、自己の計算において、ウェブクルー株式合計７８００株を買付価額合計４９６万８５００円で買い付けたものである。 課徴金納付命令対象者（１）が行った上記の行為は、金融商品取引法第１７５条第２項に規定する「第１６７条第１項又は第３項の規定に違反して、同条第１項に規定する売買等をした」行為に該当すると認められる。 (2) 課徴金納付命令対象者（２）について 課徴金納付命令対象者（２）は、株式会社ニュートン・フィナンシャル・コンサルティング（以下「ニュートン」という。）の親会社である株式会社光通信との間で株式引受契約を締結していた会社の社員であったが、同契約の履行に関して知った、ニュートンの業務執行を決定する機関が、ウェブクルーの株式の公開買付けを行うことについての決定をした旨の公開買付けの実施に関する事実を、課徴金納付命令対象者（１）に対し、上記事実が公表される前にウェブクルー株式の買付けをさせることにより同人に利益を得させる目的をもって、伝達したものである。 課徴金納付命令対象者（１）は、上記事実の公表がされた平成２６年１１月１２日午後３時より前の同日午後１時４２分頃から５０分頃、自己の計算において、ウェブクルー株式合計７８００株を買付価額合計４９６万８５００円で買い付けたものである。 課徴金納付命令対象者（２）が行った上記の行為は、金融商品取引法第１７５条の２第２項に規定する「第１６７条の２第２項の規定に違反して、同項の伝達をし、又は同項の買付け等若しくは売付け等をすることを勧める」行為に該当すると認められる。 ３．課徴金の額の計算 上記の違法行為に対し、金融商品取引法に基づき納付を命じられる課徴金の額は、下記のとおりである。 課徴金納付命令対象者（１） ５１万円 課徴金納付命令対象者（２） ２５万円 計算方法の詳細については、別紙のとおり。 （別紙） ○ 課徴金の額の計算方法について １．課徴金納付命令対象者(１) 金融商品取引法第１７５条第２項に基づき、課徴金の額は、 （公開買付け等の実施に関する事実が公表された後２週間における最も高い価格）×（買付株数） －（買付価格）×（買付株数） となる。 したがって、公開買付け等の実施に関する事実の公表後２週間におけるウェブクルーの最も高い株価は、７０３円であることから、課徴金の額は下記の金額となる。 （７０３円×７，８００株）－買付価額４，９６８，５００円 （注１） ＝５１４，９００円 ⇒課徴金の額は１万円未満を切り捨てるため、 ５１万円 （注１）買付価額は、 「636円×100株＋637円×7,700株」 の額である。 ２．課徴金納付命令対象者(２) 金融商品取引法第１７５条の２第２項に基づき、課徴金の額は、 （当該違反行為により当該情報受領者が行った当該買付け等によって得た利得相当額）×１/２ となる。 金融商品取引法第１７５条の２第４項に基づき、利得相当額は、 （公開買付け等の実施に関する事実が公表された後２週間における最も高い価格）×（買付株数） －（買付価格）×（買付株数） となる。 したがって、公開買付け等の実施に関する事実の公表後２週間におけるウェブクルーの最も高い株価は、７０３円であることから、課徴金の額は下記の金額となる。 ｛（７０３円×７，８００株）－買付価額４，９６８，５００円 （注２） ｝×１/２ ＝２５７，４５０円 ⇒課徴金の額は１万円未満を切り捨てるため、 ２５万円 （注２）買付価額は、 「636円×100株＋637円×7,700株」 の額である。",1
2015-10-09,スカイマーク株式会社,9204,スカイマーク株式会社元役員による内部者取引に対する課徴金納付命令の勧告について（平成27年10月9日）,https://www.fsa.go.jp/sesc/news/c_2015/2015/20151009-1.html,"English version 平成２７年１０月９日 証券取引等監視委員会 スカイマーク株式会社元役員による内部者取引に対する課徴金納付命令の勧告について １．勧告の内容 証券取引等監視委員会は、スカイマーク株式会社元役員による内部者取引について検査した結果、下記のとおり法令違反の事実が認められたので、本日、内閣総理大臣及び金融庁長官に対して、金融庁設置法第２０条第１項の規定に基づき、課徴金納付命令を発出するよう勧告を行った。 ２．法令違反の事実関係 課徴金納付命令対象者は、平成２３年２月１７日付けでＡＩＲＢＵＳ　Ｓ．Ａ．Ｓ（以下「エアバス社」という。）との間でエアバス社製Ａ３８０型航空機売買契約 （以下「本件契約」という。）を締結していたスカイマーク株式会社（以下「スカイマーク」という。）の元役員であるが、平成２６年５月２７日、その職務に関し、スカイマークが、本件契約等に基づくＡ３８０型航空機の代金支払債務の履行が困難な経営状況にあり、債務不履行によってエアバス社から本件契約を解除された場合には、同社に支払い済みの前払い金合計約２６０億円が同社から返還されず減損損失になる等、事業継続に重大な疑義が生じる状況において、約定された期限の前払い金約８億円を支払わず、かかる債務不履行に対して、エアバス社が発出した本件契約を解除する前提となる本件契約所定の催告書が到達したことにより、上記債務不履行状態を解消できる見込みのないスカイマークにとって、その後の本件契約解除がほぼ確実になった旨の、スカイマークの運営、業務又は財産に関する重要な事実であって投資者の投資判断に著しい影響を及ぼす事実を知り、上記事実の公表前の同年７月１６日及び同月１７日、自己の計算において、スカイマーク株式合計１万８６００株を売付価額合計５２２万６６００円で売り付けたものである。 課徴金納付命令対象者が行った上記の行為は、金融商品取引法第１７５条第１項に規定する「第１６６条第１項又は第３項の規定に違反して、同条第１項に規定する売買等をした」行為に該当すると認められる。 ３．課徴金の額の計算 上記の違法行為に対し、金融商品取引法に基づき納付を命じられる課徴金の額は、２３８万円である。 計算方法の詳細については、別紙のとおり。 （別紙） ○ 課徴金の額の計算方法について 金融商品取引法第１７５条第１項に基づき、課徴金の額は、 （売付価格）×（売付株数） －（重要事実が公表された後２週間における最も低い価格）×（売付株数） となる。 したがって、重要事実公表後２週間におけるスカイマークの最も低い株価は、１５３円であることから、課徴金の額は下記の金額となる。 売付価額５，２２６，６００円 （注１） － （１５３円×１８，６００株） ＝２，３８０，８００円 ⇒課徴金の額は１万円未満を切り捨てるため、 ２３８万円 （注１）売付価額は、「281円×18,600株」の額である。",1
2015-08-28,受託する証券会社・投資銀行,,「金融商品取引法における課徴金事例集～不公正取引編～」の公表について（平成27年8月28日）,https://www.fsa.go.jp/sesc/jirei/torichou/20150828.html,"平成２７年８月２８日 証券取引等監視委員会 「金融商品取引法における課徴金事例集～不公正取引編～」の公表について 証券取引等監視委員会では、「金融商品取引法における課徴金事例集～不公正取引編～」について、 別紙 （PDF:1,230KB） のとおり取りまとめましたので、公表します。 本書は、証券取引等監視委員会が、平成26年６月から平成27年５月までの間に、金融商品取引法違反となる不公正取引に関し勧告を行った事例について、その概要を取りまとめたものです。 また、市場関係者に不公正取引の未然防止における参考としていただけるよう、昨年度版より新たに、「上場会社における内部者取引管理態勢の状況について」の項を設けていますが、近年、公開買付けに係る内部者取引が再び増加傾向にあることを踏まえ、「社外に重要事実を伝達する場合の管理態勢等」に関する詳細な記述を付け加えるなど、その内容を拡充しています。 さらに、課徴金制度に対する理解を深めていただくため、「審判手続の状況及び個別事例」を更新し、最近の審判事例を踏まえた内容としました。 証券監視委としては、不公正取引の未然防止という観点から、本書が、 （１）重要事実の発生源となる上場会社における、内部者取引管理態勢の一層の充実強化 （２）公開買付け等企業再編の当事者からフィナンシャル・アドバイザリー業務を受託する証券会社・投資銀行等における、重要事実等の情報管理に関する注意喚起 （３）証券市場のゲートキーパーとしての役割を担う証券会社における、適正な売買審査の実施 にそれぞれ役立てられることを期待しています。 また、一般投資者におかれても、不公正取引に関与した際には、課徴金納付命令等の法的な制裁が課されることを十分に理解いただければ幸いです。 本書を活用していただいた市場関係者によって、不公正取引を未然に防止するために実効性ある態勢が構築され、その結果、市場の公正性・透明性がより高められることを強く期待しています。 過去の課徴金事例集はこちら",1
2015-09-08,パイオニア株式会社,,パイオニア株式会社社員による内部者取引に対する課徴金納付命令の勧告について（平成27年9月8日）,https://www.fsa.go.jp/sesc/news/c_2015/2015/20150908-1.html,"English version 平成２７年９月８日 証券取引等監視委員会 パイオニア株式会社社員による内部者取引に対する課徴金納付命令の勧告について １．勧告の内容 証券取引等監視委員会は、パイオニア株式会社社員による内部者取引について検査した結果、下記のとおり法令違反の事実が認められたので、本日、内閣総理大臣及び金融庁長官に対して、金融庁設置法第２０条第１項の規定に基づき、課徴金納付命令を発出するよう勧告を行った。 ２．法令違反の事実関係 課徴金納付命令対象者は、パイオニア株式会社（以下「パイオニア」という。）の社員であったが、その職務に関し、 (1) 平成２５年８月６日、パイオニアの属する企業集団の平成２５年４月１日から平成２６年３月３１日までの会計期間の業績予想における経常利益及び当期純利益について、平成２５年５月１３日に公表がされた直近の予想値に比較して、同社が新たに算出した同会計期間の予想値において投資者の投資判断に及ぼす影響が重要なものとなる差異が生じた旨の重要事実を知りながら、同社において新たに算出した同会計期間の予想値が、経常利益５０億円及び当期純利益５億円として公表がされた平成２５年８月６日午後３時頃より前の同日午後２時１０分頃、自己の計算において、パイオニア株式合計５０００株を売付価額合計９６万５０００円で売り付け (2) 平成２６年６月２４日、パイオニアの業務執行を決定する機関が、オンキヨー株式会社（以下「オンキヨー」という。）と業務上の提携を行うことについての決定をした旨の重要事実を知りながら、上記重要事実の公表前の同日午後０時３５分頃、自己の計算において、パイオニア株式合計１万株を買付価額合計２２１万円で買い付け (3) 平成２６年６月２４日、パイオニアの役員等が、オンキヨーとの業務提携契約の交渉に関し知った、オンキヨーの業務執行を決定する機関が、パイオニアと業務上の提携を行うことについての決定をした旨の重要事実を知りながら、上記重要事実の公表前の同日午後０時３３分頃、自己の計算において、オンキヨー株式合計１万株を買付価額合計１４９万円で買い付け たものである。 課徴金納付命令対象者が行った上記の行為は、金融商品取引法第１７５条第１項に規定する「第１６６条第１項又は第３項の規定に違反して、同条第１項に規定する売買等をした」行為に該当すると認められる。 ３．課徴金の額の計算 上記の違法行為に対し、金融商品取引法に基づき納付を命じられる課徴金の額は、９６万円である。 計算方法の詳細については、別紙のとおり。 （別紙） ○ 課徴金の額の計算方法について 金融商品取引法第１７５条第１項に基づき、課徴金の額は、 （売付価格）×（売付株数） －（重要事実が公表された後２週間における最も低い価格）×（売付株数） 及び （重要事実が公表された後２週間における最も高い価格）×（買付株数） －（買付価格）×（買付株数） となる。 したがって、違反行為(1)について、 重要事実公表後２週間におけるパイオニアの最も低い株価は、１７２円であることから、課徴金の額は下記の金額となる。 売付価額９６５，０００円 （注１） － （１７２円×５，０００株） ＝１０５，０００円 ⇒課徴金の額は１万円未満を切り捨てるため、 １０万円 （注１）売付価額は、「193円×5,000株」の額である。 違反行為(2)について、 重要事実公表後２週間におけるパイオニアの最も高い株価は、２６２円であることから、課徴金の額は下記の金額となる。 （２６２円×１０，０００株） ― 買付価格２，２１０，０００円 （注２） ＝４１０，０００円 ⇒課徴金の額は、 ４１万円 （注２）買付価額は、「221円×10,000株」の額である。 違反行為(3)について、 重要事実公表後２週間におけるオンキヨーの最も高い株価は、１９４円であることから、課徴金の額は下記の金額となる。 （１９４円×１０，０００株） ― 買付価格１，４９０，０００円 （注３） ＝４５０，０００円 ⇒課徴金の額は、 ４５万円 （注３）買付価額は、「149円×10,000株」の額である。",1
2015-07-28,株式会社の業務執行,,公開買付者との契約締結交渉者の役員からの情報受領者によるトーメンエレクトロニクス株式に係る内部者取引に対する課徴金納付命令の勧告について（平成27年7月28日）,https://www.fsa.go.jp/sesc/news/c_2015/2015/20150728-1.html,"English version 平成２７年７月２８日 証券取引等監視委員会 公開買付者との契約締結交渉者の役員からの情報受領者によるトーメンエレクトロニクス株式に係る内部者取引に対する課徴金納付命令の勧告について １．勧告の内容 証券取引等監視委員会は、公開買付者との契約締結交渉者の役員からの情報受領者によるトーメンエレクトロニクス株式に係る内部者取引について検査した結果、下記のとおり法令違反の事実が認められたので、本日、内閣総理大臣及び金融庁長官に対して、金融庁設置法第２０条第１項の規定に基づき、課徴金納付命令を発出するよう勧告を行った。 ２．法令違反の事実関係 課徴金納付命令対象者（１）及び（２）は、公開買付者との契約締結交渉者の役員から、豊田通商株式会社の業務執行を決定する機関が、株式会社トーメンエレクトロニクス（以下「トーメンエレクトロニクス」という。）株式の公開買付けを行うことについての決定をした旨の公開買付けの実施に関する事実の伝達を受けながら、 課徴金納付命令対象者（１）については、この事実が公表された平成２６年１月２８日より前の平成２５年１１月２１日から同月２８日までの間、自己の計算において、トーメンエレクトロニクス株式合計９５００株を買付価額合計１１０６万４６００円で買い付けたものである。 課徴金納付命令対象者（２）については、この事実が公表された平成２６年１月２８日より前の平成２５年１２月２６日、自己の計算において、トーメンエレクトロニクス株式合計２０００株を買付価額合計２３０万円で買い付けたものである。 課徴金納付命令対象者（１）及び（２）が行った上記の行為は、金融商品取引法第１７５条第２項に規定する「第１６７条第１項又は第３項の規定に違反して、同条第１項に規定する売買等をした」行為に該当すると認められる。 ３．課徴金の額の計算 上記の違法行為に対し金融商品取引法に基づき納付を命じられる課徴金の額は、下記のとおりである。 課徴金納付命令対象者(１)　４５９万円 課徴金納付命令対象者(２)　９９万円 計算方法の詳細については、別紙のとおり。 （別紙） ○ 課徴金の額の計算方法について 金融商品取引法第１７５条第２項に基づき、課徴金の額は、 （公開買付け等の実施に関する事実が公表された後２週間における最も高い価格）×（買付株数） －（買付価格）×（買付株数） となる。 したがって、公開買付け等の実施に関する事実の公表後２週間におけるトーメンエレクトロニクスの最も高い株価は、１，６４８円であることから、課徴金の額は下記の金額となる。 課徴金納付命令対象者(１) （１，６４８円×９，５００株） － 買付価額１１，０６４，６００円 （注） ＝４，５９１，４００円 ⇒課徴金の額は１万円未満を切り捨てるため、 ４５９万円 （注）買付価額は、「1,144円×200株＋1,145円×400株＋1,146円×1,500株＋1,147円×900株＋1,160円×500株＋1,163円×500株＋1,167円×500株＋1,168円×500株＋1,170円×300株＋1,171円×700株＋1,172円×500株＋1,176円×500株＋1,179円×1,500株＋1,183円×400株＋1,185円×500株＋1,186円×100株」の合計額である。 課徴金納付命令対象者(２) （１，６４８円×２，０００株） － 買付価額２，３００，０００円 （注） ＝９９６，０００円 ⇒課徴金の額は１万円未満を切り捨てるため、 ９９万円 （注）買付価額は、「1,150円×2,000株」の額である。",1
2015-06-30,,,証券取引等監視委員会の活動状況の公表について（平成27年6月30日）,https://www.fsa.go.jp/sesc/reports/n_26/n_26.html,"平成２７年６月３０日 証券取引等監視委員会 証券取引等監視委員会の活動状況の公表について 証券取引等監視委員会（以下｢証券監視委｣という。）は、金融庁設置法第22条の規定に基づき、毎年、活動状況等を公表しています。今回は、その23回目として、平成26年度（平成26年４月１日～同27年３月31日）の「証券取引等監視委員会の活動状況」を公表します。 公表内容の主なポイント 第１章組織 第２章市場分析審査 １．一般投資家等からの情報の受付 ○ 一般投資家からの情報提供を呼びかけるポスター・リーフレットを新たに作成し、全国の自治体や警察等に配布。有用性の高い情報の収集に努めた。 ○ 受付件数5,688件 （内訳） ・個別銘柄に関するもの3,904件 ・発行体に関するもの410件 ・金融商品取引業者の営業姿勢等に関するもの652件 ・その他（無登録業者等）722件 ２．市場動向分析 ○ 発行市場・流通市場全体に目を向けた市場監視を実施 ○ 新たな金融商品等の実態把握 ３．取引審査 ○ 1,084件の取引審査を実施　＊平成25年度は1,043件 （内訳） ・価格形成に関するもの94件 ・内部者取引に関するもの978件 ・その他（偽計等）12件 第３章証券検査 １．検査の実施状況 ○ 全体で266業者〔着手ベース〕の検査を実施 第一種金商業者(77業者)、登録金融機関(1業者)、投資運用業者(15業者)、 第二種金商業者(72業者)、投資助言・代理業者(42業者)、 適格機関投資家等特例業務届出者(31業者)等、多様な業態をカバー （注１）検査対象先が複数の業種の登録を受けている場合は、主たる業種に分類して計上 （注２）検査対象先は、金融商品取引法の施行を含む数次にわたる制度改正により多様化するとともに、対象業者数が大幅に増加し、 全体で延べ約8,000業者 (平成26年度末時点） ○ 検査等の結果、重大な法令違反等が認められた16件について、行政処分を求める勧告を行い、これら事案を含め、法令違反や内部管理態勢等の問題点が認められた105業者に対して、問題点を通知 ２．主な勧告事例 ○ 第一種金融商品取引業者 ・株券に係る市場デリバティブ取引の自己売買に係る売買審査態勢に不備が認められる状況（むさし証券(株)） ○ 第二種金融商品取引業者 ・顧客に対する虚偽告知、無登録業者に対する名義貸し（ジースリー(株)） ○ 投資助言・代理業者 ・無登録で店頭デリバティブ取引の媒介を行っている状況（(株)チャートマスター） ○ 投資運用業者 ・年金基金との投資一任契約における忠実義務違反（ばんせい投信投資顧問(株)） ３．適格機関投資家等特例業務届出者に対する検査結果等の公表 ○ 出資金の流用、顧客に対する虚偽告知等重大な法令違反等が認められた17件の検査等の結果を公表 （注）適格機関投資家等特例業務届出者については、行政処分を行うことができないことを踏まえ、平成24年度から、証券検査の結果、金商法違反行為や投資者保護上問題のある行為が認められた場合に、検査対象先の名称・代表者名・法令違反行為等の公表を行っている。 ４．無登録業者等に対する裁判所への禁止命令等の申立て ○ ６件の申立てを実施 ・無登録金商業（投資一任契約の締結の媒介及びファンド等の私募等の取扱い）の禁止((株)グランター他２名） ・無登録金商業（投資一任契約に基づく運用）の禁止(MASTERS DPB　LIMITED他１名）　等 第４章取引調査 取引調査の結果に基づく勧告状況 ○ 23事案について38件＊の勧告を実施（国際取引等調査に基づく勧告を除く） ＊課徴金勧告対象者ベース （内訳） 相場操縦：７事案７件、内部者取引：16事案31 ○ 平成26年度の内部者取引31件（16事案）のうち公開買付けに係るものが22件（7事案）を占めており、過去2年間の実績（各5件・4事案）と比べ、事案数・件数とも大幅に増加 ○ 主な勧告事例 ・公開買付者との契約締結交渉者の役員からの情報受領者によるトーメンエレクトロニクス株式に係る内部者取引（平成27年３月24日勧告） → 公開買付者の子会社役員が、公開買付けの実施に関する情報をゴルフ仲間に伝達し、その情報をもとに4名が対象銘柄の売買を行った事例 ・大陽日酸株式会社の役員等からの情報受領者による内部者取引（平成27年３月27日勧告） → 公開買付対象者の役職員等が、公開買付けに関する情報を取引先に伝達し、その情報をもとに複数の取引先関係者（個人7名、法人2社）が対象銘柄の売買を行った事例 第５章国際取引等調査 国際取引等調査の結果に基づく勧告状況 ○ クロスボーダー取引を利用した相場操縦等、４件の勧告を実施 ・証券規制当局の多国間情報交換枠組み（ＭＭＯＵ）を積極的に活用し、海外当局を訪問して協議を行うなどの手法を用いながら法執行を実施 ・クロスボーダー取引を利用した高頻度取引（ＨＦＴ）による違反行為について、自主規制機関の協力を得るなどして効果的に摘発 ○ 勧告事例 ・長期国債先物に係る相場操縦（平成26年９月５日勧告） → 発注の一部にアルゴリズム取引による自動発注を利用した相場操縦に対する勧告 ・Areion Asset Management Company Limitedによる相場操縦（平成26年12月５日勧告） → 大引け前30秒間に大量の買い注文を発注した相場操縦に対する勧告 ・むさし証券株式会社による相場操縦（平成26年６月13日勧告） → 市場デリバティブ取引の相場操縦に対する初めての勧告 ・Ｓｅｌｅｃｔ Ｖａｎｔａｇｅ Ｉｎｃ．による相場操縦（平成27年３月６日勧告） → 取引所の昼休み（場間）に取引所とPTSをまたいで行われた相場操縦に対する初めての勧告 第６章開示検査 開示検査の結果に基づく勧告状況 ○ ８件の勧告を実施 ○ 勧告事例 ・売上の過大計上、貸倒引当金繰入額の過少計上、架空資産の計上、仕掛品の過大計上 ・大量保有者の所有株式数や株券等保有割合を適切に記載していなかった事案 → 多岐にわたる虚偽記載の内容について勧告 (注）勧告に至らない場合でも、必要に応じ、自発的な訂正を促している。 第７章犯則事件の調査・告発 告発の状況 ○ ６件の告発を実施　＊平成25年度は３件 （内訳） 内部者取引１件、相場操縦２件、偽計１件、虚偽有価証券報告書提出２件 → 事案の内容に応じて、捜査当局等の関係機関と連携して調査を実施 （株式会社ｆｏｎｆｕｎ株券に係る相場操縦事件、株式会社太陽商会に係る虚偽有価証券報告書提出事件等） 第８章建議 証券監視委の建議に基づいて執られた措置 ○ 適格機関投資家等特例業務に関する特例についての建議（平成26年４月18日建議） ・適格機関投資家等特例業務届出者に対するこれまでの検査を踏まえ、適格機関投資家等特例業務に関する特例について、出資者に係る要件を厳格化する等、一般投資家の被害の発生等を防止するための必要な措置を講ずるよう、建議を実施 → 金融庁は、「金融商品取引法の一部を改正する法律」案を国会に提出し、 同法は平成27年６月３日に公布された。 第９章市場のグローバル化への対応に向けての取り組み １．情報交換枠組みの活用 クロスボーダー取引による違反行為に対し、証券規制当局間の情報交換枠組み等を通じた海外証券規制当局からの情報提供などにより、課徴金納付命令勧告等を実施し、適切に対応 ２．意見交換等 アジアの市場監視当局が実務レベルの諸問題について意見交換を行うアジア太平洋市場監視当局者対話の東京での主催や、海外当局が主催する研修への職員派遣・海外当局職員の証券監視委への受入れ、意見交換の実施等により、海外規制当局との一層の連携強化を図った。 第10章監視活動の機能強化への取組み等 １．市場監視体制の充実・強化 ○ デジタルフォレンジック体制の強化・整備や投資型クラウドファンディングを取扱う業者及び適格機関投資家等特例業者届出者等に対する検査体制の整備について増員要求 → ４人の増員（証券監視委の平成27年度末の定員は410人） ○ 民間専門家の採用：弁護士、公認会計士等（平成26年度末現在、121名在籍） ２．システム・インフラの強化 ○ デジタルフォレンジックの環境整備（機材の整備、研修の充実等） ３．市場参加者との対話、情報発信 ○ 市場参加者に対する講演や意見交換の実施 ○ 各種専門誌への寄稿や証券監視委メールマガジン等を通じた情報発信 ４．関係当局等との連携 ○ 金融庁の関係部局や自主規制機関との緊密な連携のもと、問題意識の共有を図り、総体としての市場監視活動の強化に努めた。 ●「証券取引等監視委員会の活動状況」の本文へ ◎ 本文 （PDF/1,235KB） ◎ 附属資料 （PDF/2,561KB） ◎ 全文一括印刷用 （PDF/3,250KB） ◎ 概要の英語版 （PDF/40KB）",1
2015-06-19,株式会社極楽湯,2340,株式会社極楽湯との契約締結交渉者の役員による内部者取引に対する課徴金納付命令の勧告について（平成27年6月19日）,https://www.fsa.go.jp/sesc/news/c_2015/2015/20150619-1.html,"English version 平成２７年６月１９日 証券取引等監視委員会 株式会社極楽湯との契約締結交渉者の役員による内部者取引に対する課徴金納付命令の勧告について １．勧告の内容 証券取引等監視委員会は、株式会社極楽湯との契約締結交渉者の役員による内部者取引について検査した結果、下記のとおり法令違反の事実が認められたので、本日、内閣総理大臣及び金融庁長官に対して、金融庁設置法第２０条第１項の規定に基づき、課徴金納付命令を発出するよう勧告を行った。 ２．法令違反の事実関係 課徴金納付命令対象者は、株式会社極楽湯（以下「極楽湯」という。）との契約の締結の交渉に関し、極楽湯の業務執行を決定する機関が業務上の提携を行うことについての決定をした旨の重要事実を知りながら、当該重要事実が公表された平成２６年５月２７日午後３時零分頃より前の同年４月１５日から同年５月２７日午後２時７分頃までの間、自己の計算において、極楽湯株式合計１万７５００株を買付価額合計７１８万０２００円で買い付けたものである。 課徴金納付命令対象者が行った上記の行為は、金融商品取引法第１７５条第１項に規定する「第１６６条第１項又は第３項の規定に違反して、同条第１項に規定する売買等をした」行為に該当すると認められる。 ３．課徴金の額の計算 上記の違法行為について金融商品取引法に基づき算定される課徴金の額は、９２万円である。 計算方法の詳細については、別紙のとおり。 ４．その他 本件については、台湾金融監督管理委員会（Financial Supervisory Commission）より支援がなされている。 （別紙） ○ 課徴金の額の計算方法について 金融商品取引法第１７５条第１項の規定により、当該違反行為に係る課徴金の額は、 （重要事実の公表後２週間における最も高い価格）×（買付け等の数量） －（買付け等をした価格）×（買付け等の数量） となる。 重要事実の公表後２週間における株式会社極楽湯株式の最も高い価格は４６３円であることから、 （４６３円×１７，５００株）－買付価額７，１８０，２００円 （注） ＝９２２，３００円 ⇒金融商品取引法第１７６条第２項の規定により、課徴金の額は、１万円未満の端数を切り捨てた ９２万円 となる。 （注）買付価額の内訳は、 「406円×1,200株＋407円×1,100株＋408円×2,300株＋409円×700株＋410円×5,800株＋411円×500株＋412円×3,200株＋413円×700株＋414円×400株＋415円×1,600株」 である。",1
2015-05-29,株式会社フィスコ,3807,株式会社フィスコ役員からの情報受領者による同社株式ほか１銘柄に係る内部者取引に対する課徴金納付命令の勧告について（平成27年5月29日）,https://www.fsa.go.jp/sesc/news/c_2015/2015/20150529-1.html,"English version 平成２７年５月２９日 証券取引等監視委員会 株式会社フィスコ役員からの情報受領者による同社株式ほか１銘柄に係る内部者取引に対する課徴金納付命令の勧告について １．勧告の内容 証券取引等監視委員会は、株式会社フィスコ役員からの情報受領者による同社株式ほか１銘柄に係る内部者取引について検査した結果、下記のとおり法令違反の事実が認められたので、本日、内閣総理大臣及び金融庁長官に対して、金融庁設置法第２０条第１項の規定に基づき、課徴金納付命令を発出するよう勧告を行った。 ２．法令違反の事実関係 課徴金納付命令対象者は、株式会社ネクス（現株式会社ネクスグループ。以下、「ネクス」という。）の親会社である株式会社フィスコ（以下「フィスコ」という。）の役員から、同人がその職務に関し知った、(ア)ネクスの属する企業集団の平成２６年１１月期の業績予想における売上高について、平成２６年２月１４日に公表がされた直近の予想値に比較して、同社が新たに算出した同会計期間の予想値において投資者の投資判断に重要な影響を及ぼす差異が生じた旨の重要事実、(イ)フィスコの属する企業集団の平成２６年１２月期の業績予想における売上高について、平成２６年２月１４日に公表がされた直近の予想値に比較して、同社が新たに算出した同会計期間の予想値において投資者の投資判断に重要な影響を及ぼす差異が生じた旨の重要事実のいずれも伝達を受けながら、 (1) ネクスにおいて新たに算出した平成２６年１１月期の予想値が売上高６４億７３００万円として公表がされた平成２６年１０月１０日より前の同年９月２５日、自己の計算において、ネクス株式合計４０００株を売付価額合計２８１万７３００円で売り付け (2) フィスコにおいて新たに算出した平成２６年１２月期の予想値が売上高８５億３９００万円として公表がされた平成２６年１０月１０日より前の同年９月２５日、自己の計算において、フィスコ株式合計７０００株を売付価額合計２８７万７９００円で売り付け たものである。 課徴金納付命令対象者が行った上記の行為は、金融商品取引法第１７５条第１項に規定する「第１６６条第１項又は第３項の規定に違反して、同条第１項に規定する売買等をした」行為に該当すると認められる。 ３．課徴金の額の計算 上記の違法行為に対し、金融商品取引法に基づき納付を命じられる課徴金の額は、２２５万円である。 計算方法の詳細については、別紙のとおり。 （別紙） ○ 課徴金の額の計算方法について 金融商品取引法第１７５条第１項に基づき、課徴金の額は、 （売付価格）×（売付株数） －（重要事実が公表された後２週間における最も低い価格）×（売付株数） となる。 したがって、重要事実の公表後２週間におけるネクスの最も低い株価は、３８３円であり、フィスコの最も低い株価は、２７２円であることから、課徴金の額は下記の金額となる。 ネクス株式の売付けに係る課徴金の額 売付価額２，８１７，３００円 （注１） － （３８３円×４，０００株） ＝１，２８５，３００円 ⇒課徴金の額は１万円未満を切り捨てるため、 １２８万円 （注１）売付価額は、「701円×200株＋702円×1,300株＋703円×700株＋705円×400株＋706円×400株 ＋708円×1,000株」の合計額である。 フィスコ株式の売付けに係る課徴金の額 売付価額２，８７７，９００円 （注２） － （２７２円×７，０００株） ＝９７３，９００円 ⇒課徴金の額は１万円未満を切り捨てるため、 ９７万円 （注２）売付価額は、「411円×6,100株＋412円×900株」の合計額である。",1
2015-06-02,株式会社ジアース株券,,株式会社ジアース株券に係る内部者取引事件の告発について（平成27年6月2日）,https://www.fsa.go.jp/sesc/news/c_2015/2015/20150602-1.html,English version 平成２７年６月２日 証券取引等監視委員会 株式会社ジアース株券に係る内部者取引事件の告発について 証券取引等監視委員会は、本日、金融商品取引法違反（インサイダー取引）の嫌疑で、嫌疑者１名を千葉地方検察庁に告発した。告発の対象となった犯則事実については下記のとおり。 １．告発の対象となった犯則事実 犯則嫌疑者は、株式会社東京証券取引所（以下「東京証券取引所」という。）が開設するマザーズ市場に株券を上場していた株式会社ジアース（以下「ジアース」という。）との間で、同社が発行していた新株予約権の行使方法などを定める総数引受契約を締結していた会社関係者から、同人が同契約の履行に関して知った、ジアースの業務執行を決定する機関が、株式会社ドン・キホーテないしその子会社を割当先とする第三者割当増資を行うことについての決定をした旨のジアースの業務等に関する重要事実の伝達を受け、法定の除外事由がないのに、同事実の公表前である平成２５年１月２８日から同年３月１日までの間、複数の証券会社を介し、東京証券取引所において、犯則嫌疑者らの名義で、ジアースの株券合計３万１１１０株を代金合計７４１８万１４８２円で買い付けたものである。 ２．関連条文 金融商品取引法第197条の2第13号、第166条第3項、同条第1項第4号、同条第2項1号イ 法定刑：5年以下の懲役若しくは500万円以下の罰金又は併科,1
2015-05-29,株式会社エナリス,,株式会社エナリス役員からの情報受領者による内部者取引に対する課徴金納付命令の勧告について（平成27年5月29日）,https://www.fsa.go.jp/sesc/news/c_2015/2015/20150529-2.html,"English version 平成２７年５月２９日 証券取引等監視委員会 株式会社エナリス役員からの情報受領者による内部者取引に対する課徴金納付命令の勧告について １．勧告の内容 証券取引等監視委員会は、株式会社エナリス役員からの情報受領者による内部者取引について検査した結果、下記のとおり法令違反の事実が認められたので、本日、内閣総理大臣及び金融庁長官に対して、金融庁設置法第２０条第１項の規定に基づき、課徴金納付命令を発出するよう勧告を行った。 ２．法令違反の事実関係 課徴金納付命令対象者は、株式会社エナリス（以下「エナリス」という。）の役員から、同人がその職務に関し知った、同社の属する企業集団の平成２６年１２月期の売上高及び経常利益について、平成２６年２月１０日に公表された直近の予想値に比較して、同社が新たに算出した予想値において投資者の投資判断に及ぼす影響が重要なものとなる差異が生じた旨の重要事実の伝達を受けながら、新たに算出した予想値が売上高４３４億３３００万円及び経常利益２２億４００万円として公表がされた平成２６年２月２４日午後３時頃より前の同日午前１０時５３分頃から同日午後２時５７分頃までの間、自己の計算において、エナリス株式合計４６００株を買付価額合計６９５万８１００円で買い付けたものである。 課徴金納付命令対象者が行った上記の行為は、金融商品取引法第１７５条第１項に規定する「第１６６条第１項又は第３項の規定に違反して、同条第１項に規定する売買等をした」行為に該当すると認められる。 ３．課徴金の額の計算 上記の違法行為に対し、金融商品取引法に基づき納付を命じられる課徴金の額は、２５７万円である。 計算方法の詳細については、別紙のとおり。 （別紙） ○ 課徴金の額の計算方法について 金融商品取引法第１７５条第１項に基づき、課徴金の額は、 （重要事実が公表された後２週間における最も高い価格）×（買付株数） －（買付価格）×（買付株数） となる。 したがって、重要事実の公表後２週間におけるエナリスの最も高い株価は、２，０７３円であることから、課徴金の額は下記の金額となる。 （２，０７３円×４，６００株） － 買付価額６，９５８，１００円 （注） ＝２，５７７，７００円 ⇒課徴金の額は１万円未満を切り捨てるため、 ２５７万円 （注）買付価額は、 「1,500円×1,000株＋1,511円×100株＋1,512円×900株＋1,516円×600株＋1,517円×500株＋1,518円×800株＋1,519円×300株＋1,520円×400株」 の合計額である。",1
2015-03-27,株式会社三菱ケミカルホールディングス,,株式会社三菱ケミカルホールディングスとの契約締結交渉者の役員からの情報受領者による内部者取引に対する課徴金納付命令の勧告について（平成27年3月27日）,https://www.fsa.go.jp/sesc/news/c_2015/2015/20150327-2.html,"平成２７年３月２７日 証券取引等監視委員会 株式会社三菱ケミカルホールディングスとの契約締結交渉者の役員からの情報受領者による内部者取引に対する課徴金納付命令の勧告について １．勧告の内容 証券取引等監視委員会は、株式会社三菱ケミカルホールディングスとの契約締結交渉者の役員からの情報受領者による内部者取引について検査した結果、下記のとおり法令違反の事実が認められたので、本日、内閣総理大臣及び金融庁長官に対して、金融庁設置法第２０条第１項の規定に基づき、課徴金納付命令を発出するよう勧告を行った。 ２．法令違反の事実関係 課徴金納付命令対象者（法人）は、同社役員において、大陽日酸株式会社（以下「大陽日酸」という。）の役員から、株式会社三菱ケミカルホールディングス（以下「三菱ケミカルホールディングス」という。）の業務執行を決定する機関が、大陽日酸の発行済株式を取得して子会社化することについての決定をした旨の重要事実の伝達を受けながら、この事実が公表された平成２６年５月１３日午後３時より前の同日午後２時２６分頃、自己の計算において、三菱ケミカルホールディングス株式合計２万株を買付価額合計８３０万円で買い付けたものである。 上記重要事実は、三菱ケミカルホールディングスと公開買付けの基本的内容に関する契約の締結交渉をしていた大陽日酸の役員が同契約の交渉に関し知り、その後、上記の大陽日酸の役員がその職務に関し知ったものである。 課徴金納付命令対象者が行った上記の行為は、金融商品取引法第１７５条第１項に規定する「第１６６条第１項又は第３項の規定に違反して、同条第１項に規定する売買等をした」行為に該当すると認められる。 ３．課徴金の額の計算 上記の違法行為に対し、金融商品取引法に基づき納付を命じられる課徴金の額は、２４万円である。 計算方法の詳細については、別紙のとおり。 （別紙） ○ 課徴金の額の計算方法について 金融商品取引法第１７５条第１項に基づき、課徴金の額は、 （重要事実が公表された後２週間における最も高い価格）×（買付株数） －（買付価格）×（買付株数） となる。 したがって、重要事実の公表後２週間における三菱ケミカルホールディングスの最も高い株価は、４２７円であることから、課徴金の額は下記の金額となる。 （４２７円×２０，０００株） － 買付価額８，３００，０００円 （注） ＝２４０，０００円 ⇒課徴金の額は、 ２４万円 （注）買付価額は、「415円×20,000株」の額である。",1
2015-03-27,大陽日酸株式会社,,大陽日酸株式会社の役員等からの情報受領者らによる内部者取引に対する課徴金納付命令の勧告について（平成27年3月27日）,https://www.fsa.go.jp/sesc/news/c_2015/2015/20150327-3.html,"平成２７年３月２７日 証券取引等監視委員会 大陽日酸株式会社の役員等からの情報受領者らによる内部者取引に対する課徴金納付命令の勧告について １．勧告の内容 証券取引等監視委員会は、大陽日酸株式会社の役員等からの情報受領者らによる内部者取引について検査した結果、下記のとおり法令違反の事実が認められたので、本日、内閣総理大臣及び金融庁長官に対して、金融庁設置法第２０条第１項の規定に基づき、課徴金納付命令を発出するよう勧告を行った。 ２．法令違反の事実関係 課徴金納付命令対象者（１）ないし（８）は、大陽日酸株式会社（以下「大陽日酸」という。）の役員または社員から、株式会社三菱ケミカルホールディングス（以下「三菱ケミカルホールディングス」という。）の業務執行を決定する機関が大陽日酸株式の公開買付けを行うことについての決定をした旨の公開買付けの実施に関する事実の伝達を受けながら、この事実が公表された平成２６年５月１３日午後３時より前に、下記のとおり、大陽日酸株式を買い付けたものである。 課徴金納付命令対象者（９）は、大陽日酸の取引先の社員であるが、同社の役員が大陽日酸の社員から職務上伝達を受けた、三菱ケミカルホールディングスの業務執行を決定する機関が大陽日酸株式の公開買付けを行うことについての決定をした旨の公開買付けの実施に関する事実を、その職務に関し知りながら、この事実が公表された平成２６年５月１３日午後３時より前に、下記のとおり、大陽日酸株式を買い付けたものである。 上記公開買付けの実施に関する事実は、三菱ケミカルホールディングスの役員から、大陽日酸の役員がその職務に関し伝達を受け、その後、上記の大陽日酸の役員及び社員がその職務に関し知ったものである。 ○ 課徴金納付命令対象者（１） 課徴金納付命令対象者（１）は、平成２６年５月９日、自己の計算において、大陽日酸株式合計４万株を買付価額合計３１６４万４０００円で買い付けたものである。 ○ 課徴金納付命令対象者（２） 課徴金納付命令対象者（２）は、平成２６年５月９日、自己の計算において、大陽日酸株式合計３０００株を買付価額合計２３６万円で買い付けたものである。 ○ 課徴金納付命令対象者（３） 課徴金納付命令対象者（３）は、平成２６年５月８日、自己の計算において、大陽日酸株式合計２万５０００株を買付価額合計１９７９万１０００円で買い付けたものである。 ○ 課徴金納付命令対象者（４） 課徴金納付命令対象者（４）（法人）は、平成２６年５月１３日午後２時７分頃及び同日２時８分頃、自己の計算において、大陽日酸株式合計２万株を買付価額合計１７８０万円で買い付けたものである。 ○ 課徴金納付命令対象者（５） 課徴金納付命令対象者（５）は、平成２６年５月１３日午前１０時１３分頃、自己の計算において、大陽日酸株式合計１万株を買付価額合計８９７万円で買い付けたものである。 ○ 課徴金納付命令対象者（６） 課徴金納付命令対象者（６）は、平成２６年５月８日、自己の計算において、大陽日酸株式合計１万３０００株を買付価額合計１０２９万６０００円で買い付けたものである。 ○ 課徴金納付命令対象者（７） 課徴金納付命令対象者（７）（法人）は、平成２６年５月８日、自己の計算において、大陽日酸株式合計５万株を買付価額合計３９６０万円で買い付けたものである。 ○ 課徴金納付命令対象者（８） 課徴金納付命令対象者（８）は、平成２６年５月８日及び同年５月９日、自己の計算において、大陽日酸株式合計１万４０００株を買付価額合計１１０５万４０００円で買い付けたものである。 ○ 課徴金納付命令対象者（９） 課徴金納付命令対象者（９）は、平成２６年５月９日、自己の計算において、大陽日酸株式合計４０００株を買付価額合計３１２万４０００円で買い付けたものである。 課徴金納付命令対象者（１）ないし（９）が行った上記の行為は、金融商品取引法第１７５条第２項に規定する「第１６７条第１項又は第３項の規定に違反して、同条第１項に規定する売買等をした」行為に該当すると認められる。 ３．課徴金の額の計算 上記の違法行為に対し、金融商品取引法に基づき納付を命じられる課徴金の額は、以下のとおりである。 課徴金納付命令対象者（１） ５０３万円 課徴金納付命令対象者（２） ３９万円 課徴金納付命令対象者（３） ３１３万円 課徴金納付命令対象者（４） ５４万円 課徴金納付命令対象者（５） ２０万円 課徴金納付命令対象者（６） １６２万円 課徴金納付命令対象者（７） ６２５万円 課徴金納付命令対象者（８） １７８万円 課徴金納付命令対象者（９） ５４万円 計算方法の詳細については、別紙のとおり。 （別紙） ○ 課徴金の額の計算方法について 金融商品取引法第１７５条第２項に基づき、課徴金の額は、 （公開買付け等の実施に関する事実が公表された後２週間における最も高い価格）×（買付株数） －（買付価格）×（買付株数） となる。 したがって、公開買付け等の実施に関する事実の公表後２週間における大陽日酸の最も高い株価は、９１７円であることから、課徴金の額は下記の金額となる。 課徴金納付命令対象者（１） （９１７円×４０，０００株） － 買付価額３１，６４４，０００円 （注） ＝５，０３６，０００円 ⇒課徴金の額は１万円未満を切り捨てるため、 ５０３万円 （注）買付価額は、「790円×12,000株＋791円×12,000株＋792円×16,000株」の合計額である。 課徴金納付命令対象者（２） （９１７円×３，０００株） － 買付価額２，３６０，０００円 （注） ＝３９１，０００円 ⇒課徴金の額は１万円未満を切り捨てるため、 ３９万円 （注）買付価額は、「786円×1,000株＋787円×2,000株」の合計額である。 課徴金納付命令対象者（３） （９１７円×２５，０００株） － 買付価額１９，７９１，０００円 （注） ＝３，１３４，０００円 ⇒課徴金の額は１万円未満を切り捨てるため、 ３１３万円 （注）買付価額は、「791円×9,000株＋792円×16,000株」の合計額である。 課徴金納付命令対象者（４） （９１７円×２０，０００株） － 買付価額１７，８００，０００円 （注） ＝５４０，０００円 ⇒課徴金の額は、 ５４万円 （注）買付価額は、「890円×20,000株」の額である。 課徴金納付命令対象者（５） （９１７円×１０，０００株） － 買付価額８，９７０，０００円 （注） ＝２００，０００円 ⇒課徴金の額は、 ２０万円 （注）買付価額は、「897円×10,000株」の額である。 課徴金納付命令対象者（６） （９１７円×１３，０００株） － 買付価額１０，２９６，０００円 （注） ＝１，６２５，０００円 ⇒課徴金の額は１万円未満を切り捨てるため、 １６２万円 （注）買付価額は、「792円×13,000株」の額である。 課徴金納付命令対象者（７） （９１７円×５０，０００株） － 買付価額３９，６００，０００円 （注） ＝６，２５０，０００円 ⇒課徴金の額は、 ６２５万円 （注）買付価額は、「792円×50,000株」の額である。 課徴金納付命令対象者（８） （９１７円×１４，０００株） － 買付価額１１，０５４，０００円 （注） ＝１，７８４，０００円 ⇒課徴金の額は１万円未満を切り捨てるため、 １７８万円 （注）買付価額は、「789円×10,000株＋791円×4,000株」の額である。 課徴金納付命令対象者（９） （９１７円×４，０００株） － 買付価額３，１２４，０００円 （注） ＝５４４，０００円 ⇒課徴金の額は１万円未満を切り捨てるため、 ５４万円 （注）買付価額は、「781円×4,000株」の額である。",1
2015-03-24,株式会社トーメンエレクトロニクス株券,,株式会社トーメンエレクトロニクス株券に係る内部者取引事件の告発について（平成27年3月24日）,https://www.fsa.go.jp/sesc/news/c_2015/2015/20150324-2.html,平成２７年３月２４日 証券取引等監視委員会 株式会社トーメンエレクトロニクス株券に係る内部者取引事件の告発について 証券取引等監視委員会は、本日、金融商品取引法違反（インサイダー取引）の嫌疑で、嫌疑者２名を東京地方検察庁に告発した。告発の対象となった犯則事実については下記のとおり。 １．告発の対象となった犯則事実 犯則嫌疑者Aは、平成２５年１１月１２日頃、豊田通商株式会社（以下「豊田通商」という。）との間で、株式会社東京証券取引所が開設する有価証券市場に株券を上場していた株式会社トーメンエレクトロニクス（以下「トーメンエレクトロニクス」という。）の株式譲渡契約締結の交渉を行っていた会社の役員から、当該株式譲渡契約締結の交渉に関して知った、豊田通商の業務執行を決定する機関がトーメンエレクトロニクスの株券の公開買付けを行うことについての決定をした旨の公開買付けの実施に関する事実の伝達を受けたもの、犯則嫌疑者Bは、その知人であるが、犯則嫌疑者両名は、共謀の上、法定の除外事由がないのに、前記事実の公表前である同月１９日、犯則嫌疑者B名義でトーメンエレクトロニクス株券合計３万株を代金合計３５３４万円で買い付けたものである。 ２．関連条文 金融商品取引法第197条の2第13号、第167条第3項、同条第1項第4号、刑法第60条 法定刑：5年以下の懲役若しくは500万円以下の罰金又は併科,1
2015-03-24,豊田通商株式会社,8015,公開買付者との契約締結交渉者の役員からの情報受領者によるトーメンエレクトロニクス株式に係る内部者取引に対する課徴金納付命令の勧告について（平成27年3月24日）,https://www.fsa.go.jp/sesc/news/c_2015/2015/20150324-1.html,"平成２７年３月２４日 証券取引等監視委員会 公開買付者との契約締結交渉者の役員からの情報受領者によるトーメンエレクトロニクス株式に係る内部者取引に対する課徴金納付命令の勧告について １．勧告の内容 証券取引等監視委員会は、公開買付者との契約締結交渉者の役員からの情報受領者によるトーメンエレクトロニクス株式に係る内部者取引について検査した結果、下記のとおり法令違反の事実が認められたので、本日、内閣総理大臣及び金融庁長官に対して、金融庁設置法第２０条第１項の規定に基づき、課徴金納付命令を発出するよう勧告を行った。 ２．法令違反の事実関係 課徴金納付命令対象者（１）、（２）、（３）及び（４）は、公開買付者との契約締結交渉者の役員から、豊田通商株式会社（以下「豊田通商」という。）の業務執行を決定する機関が、株式会社トーメンエレクトロニクス（以下「トーメンエレクトロニクス」という。）株式の公開買付けを行うことについての決定をした旨の公開買付けの実施に関する事実の伝達を受けながら、 課徴金納付命令対象者（１）については、この事実が公表された平成２６年１月２８日より前の同年１月１４日、自己の計算において、トーメンエレクトロニクス株式合計２０００株を買付価額合計２５３万１１００円で買い付けたものである。 課徴金納付命令対象者（２）については、この事実が公表された平成２６年１月２８日より前の同年１月９日、自己の計算において、トーメンエレクトロニクス株式合計２０００株を買付価額合計２５３万４０００円で買い付けたものである。 課徴金納付命令対象者（３）については、この事実が公表された平成２６年１月２８日より前の同年１月１４日、自己の計算において、トーメンエレクトロニクス株式合計１０００株を買付価額合計１２６万６９００円で買い付けたものである。 課徴金納付命令対象者（４）については、この事実が公表された平成２６年１月２８日より前の同年１月８日、自己の計算において、トーメンエレクトロニクス株式合計２００株を買付価額合計２３万９２００円で買い付けたものである。 課徴金納付命令対象者（１）ないし（４）が行った上記の行為は、金融商品取引法第１７５条第２項に規定する「第１６７条第１項又は第３項の規定に違反して、同条第１項に規定する売買等をした」行為に該当すると認められる。 ３．課徴金の額の計算 上記の違法行為に対し、金融商品取引法に基づき納付を命じられる課徴金の額は、下記のとおりである。 課徴金納付命令対象者(１) ７６万円 課徴金納付命令対象者(２) ７６万円 課徴金納付命令対象者(３) ３８万円 課徴金納付命令対象者(４) ９万円 計算方法の詳細については、別紙のとおり。 （別紙） ○ 課徴金の額の計算方法について 金融商品取引法第１７５条第２項に基づき、課徴金の額は、 （公開買付け等の実施に関する事実が公表された後２週間における最も高い価格）×（買付株数） －（買付価格）×（買付株数） となる。 したがって、公開買付け等の実施に関する事実の公表後２週間におけるトーメンエレクトロニクスの最も高い株価は、１，６４８円であることから、課徴金の額は下記の金額となる。 課徴金納付命令対象者(１) （１，６４８円×２，０００株） － 買付価額２，５３１，１００円 （注） ＝７６４，９００円 ⇒課徴金の額は１万円未満を切り捨てるため、 ７６万円 （注）買付価額は、「1,264円×200株＋1,265円×500株＋1,266円×1,300株」の合計額である。 課徴金納付命令対象者(２) （１，６４８円×２，０００株） － 買付価額２，５３４，０００円 （注） ＝７６２，０００円 ⇒課徴金の額は１万円未満を切り捨てるため、 ７６万円 （注）買付価額は、「1,267円×2,000株」の額である。 課徴金納付命令対象者(３) （１，６４８円×１，０００株） － 買付価額１，２６６，９００円 （注） ＝３８１，１００円 ⇒課徴金の額は１万円未満を切り捨てるため、 ３８万円 （注）買付価額は、「1,266円×100株＋1,267円×900株」の合計額である。 課徴金納付命令対象者(４) （１，６４８円×２００株） － 買付価額２３９，２００円 （注） ＝９０，４００円 ⇒課徴金の額は１万円未満を切り捨てるため、 ９万円 （注）買付価額は、「1,196円×200株」の額である。",1
2015-02-20,株式会社加地テック,,株式会社加地テック社員による内部者取引に対する課徴金納付命令の勧告について（平成27年2月20日）,https://www.fsa.go.jp/sesc/news/c_2015/2015/20150220-1.html,"平成２７年２月２０日 証券取引等監視委員会 株式会社加地テック社員による内部者取引に対する課徴金納付命令の勧告について １．勧告の内容 証券取引等監視委員会は、株式会社加地テック社員による内部者取引について検査した結果、下記のとおり法令違反の事実が認められたので、本日、内閣総理大臣及び金融庁長官に対して、金融庁設置法第２０条第１項の規定に基づき、課徴金納付命令を発出するよう勧告を行った。 ２．法令違反の事実関係 課徴金納付命令対象者は、株式会社加地テック（以下「加地テック」という。）の社員であるが、その職務に関し、加地テックの平成２６年３月期の業績予想における売上高について、平成２５年４月３０日に公表がされた直近の予想値に比較して、同社が新たに算出した予想値において投資者の投資判断に及ぼす影響が重要なものとなる差異が生じた旨の重要事実を知りながら、新たに算出した予想値が、売上高５０億円として公表がされた平成２５年１０月２４日午後４時３０分頃より前の同日午後０時３０分頃、自己の計算において、加地テック株式合計１万株を売付価額合計３８２万円で売り付けたものである。 課徴金納付命令対象者が行った上記の行為は、金融商品取引法第１７５条第１項に規定する「第１６６条第１項又は第３項の規定に違反して、同条第１項に規定する売買等をした」行為に該当すると認められる。 ３．課徴金の額の計算 上記の違法行為に対し、金融商品取引法に基づき納付を命じられる課徴金の額は、７１万円である。 計算方法の詳細については、別紙のとおり。 （別紙） ○ 課徴金の額の計算方法について 金融商品取引法第１７５条第１項に基づき、課徴金の額は、 （売付価格）×（売付株数） －（重要事実が公表された後２週間における最も低い価格）×（売付株数） となる。 したがって、重要事実の公表後２週間における加地テックの最も低い株価は、３１１円であることから、課徴金の額は下記の金額となる。 売付価額３，８２０，０００円（注）－（３１１円×１０，０００株） ＝７１０，０００円 ⇒課徴金の額は、 ７１万円 （注）売付価額は、「382円×10,000株」の額である。",1
2016-12-13,,,証券取引等監視委員会委員長からのメッセージ（平成28年12月13日）,https://www.fsa.go.jp/sesc/news/c_2016/2016/20161213-1.html,証券取引等監視委員会委員長からのメッセージ このたび、証券取引等監視委員会委員長に就任いたしました。改めて、その責任の重さを痛感し、身が引き締まる思いでございます。 証券取引等監視委員会は、市場の公正性・透明性の確保や投資者の保護を図り、もって経済の健全な発展に寄与することを使命としており、来年には、平成４年の発足時から数えて25周年を迎えることとなります。 少子高齢化で様々な課題を抱えた日本の経済成長にとって、投資の活発化の阻害要因となり得る市場の不公正を排除・防止し、透明性を高めることは極めて重要であり、市場監視を行う証券取引等監視委員会の役割も変革・増大しているところであると認識しております。 また、近年は証券取引や金融商品等の多様化・複雑化・グローバル化が進み、我が国市場を巡る状況は大きく変化しております。具体的には、ＩＴ技術の発展に伴いアルゴリズム取引などの新しい手法が増加し、インサイダー取引に関する重要事実も多様化しているほか、上場企業の開示規制違反に関しては、日本を代表するグローバル企業で発覚した大規模な不適正会計事案や、グローバル化に対応した企業の海外子会社の管理態勢の不備等に起因する事例などもみられます。 このような状況に対応するため、マクロ経済情報の収集・分析を踏まえたフォワードルッキングな観点からの市場監視の強化、事案の多様化・複雑化・巧妙化に対応するための検査・調査手法の一層の向上、また、従来型の問題企業の摘発に加えて大規模上場会社における開示の適正性等の検証を実施していく必要があります。 金融商品取引業者等に対する検査においては、多様な業態、顧客及び複雑化・多様化する金融商品・取引それぞれの特性を踏まえ、リスク感度を一層高め、情報の収集・分析能力を強化することが課題と考えております。 加えて、クロスボーダー取引による違反行為に対しては、海外当局と連携して対応するとともに、内外プロ投資家による不公正取引にも引き続き厳正に対処していく必要があります。 証券取引等監視委員会としては、関係当局や自主規制機関等との連携を密にしつつ、より実効性のある効率的な市場監視を行い、公正・透明で信頼される市場の構築や投資者保護の確保に向け、国民の皆様の信頼に応えてまいる所存ですので、ご理解とご協力を賜りますようお願い申し上げます。 平成28年12月　証券取引等監視委員会委員長　長谷川充弘,1
2016-12-07,スターホールディングス株式会社,,スターホールディングス株式会社株券に係る内部者取引事件の告発について（平成28年12月7日）,https://www.fsa.go.jp/sesc/news/c_2016/2016/20161207-1.html,English version 平成２８年１２月７日 証券取引等監視委員会 スターホールディングス株式会社株券に係る内部者取引事件の告発について 証券取引等監視委員会は、本日、金融商品取引法違反（内部者取引）の嫌疑で、嫌疑者１名を横浜地方検察庁に告発した。告発の対象となった犯則事実については下記のとおり。 １．告発の対象となった犯則事実 犯則嫌疑者は、平成２６年１０月１日頃、Ａから、緑株式会社の業務執行を決定する機関が、東京証券取引所が開設するジャスダック市場に上場されていたスターホールディングス株式会社（以下「スターホールディングス」という。）株券の公開買付けを行うことについての決定をした旨の公開買付けの実施に関する事実の伝達を受け、同事実の公表前に同社株券を買い付け、その公表後に売り付けて利益を得ようと考え、法定の除外事由がないのに、同事実の公表前である同月２日から平成２７年２月５日までの間、証券会社を介し、犯則嫌疑者名義でスターホールディングス株券合計５万９４００株を代金合計２１２４万８２００円で買い付けたものである。 ２．関連条文 金融商品取引法第１９７条の２第１３号、第１６７条第３項、同条第１項第１号 法定刑：５年以下の懲役若しくは５００万円以下の罰金又は併科,1
2016-12-09,株式会社ハナテン,,株式会社ハナテン役員からの情報受領者２名による内部者取引違反行為及び当該役員による公開買付けの実施に関する事実に係る伝達違反行為に対する課徴金納付命令の勧告について（平成28年12月9日）,https://www.fsa.go.jp/sesc/news/c_2016/2016/20161209-1.html,"English version 平成２８年１２月９日 証券取引等監視委員会 株式会社ハナテン役員からの情報受領者２名による内部者取引違反行為及び当該役員による公開買付けの実施に関する事実に係る伝達違反行為に対する課徴金納付命令の勧告について １．勧告の内容 証券取引等監視委員会は、株式会社ハナテン役員からの情報受領者２名による内部者取引及び当該役員による公開買付けの実施に関する事実に係る伝達について検査した結果、下記のとおり法令違反の事実が認められたので、本日、内閣総理大臣及び金融庁長官に対して、金融庁設置法第２０条第１項の規定に基づき、課徴金納付命令を発出するよう勧告を行った。 ２．法令違反の事実関係 （１）課徴金納付命令対象者（１）について 課徴金納付命令対象者（１）は、株式会社ハナテン（以下「ハナテン」という。平成２８年１月２１日上場廃止。）の役員である課徴金納付命令対象者（３）から、同人が、職務に関し株式会社ビッグモーター（以下「ビッグモーター」という。）の役員からの伝達により知った、同社の業務執行を決定する機関が、ハナテン株式の公開買付けを行うことについての決定をした旨の公開買付けの実施に関する事実の伝達を受けながら、上記事実の公表がされた平成２７年１０月３０日より前の同年７月１５日、自己の計算において、ハナテン株式合計２万株を買付価額合計８６０万６２００円で買い付けたものである。 違反行為事実の概要については、 別図 のとおり。 課徴金納付命令対象者（１）が行った上記の行為は、金融商品取引法第１７５条第２項に規定する「第１６７条第１項又は第３項の規定に違反して、同条第１項に規定する特定株券等若しくは関連株券等に係る買付け等」をした行為に該当すると認められる。 （２）課徴金納付命令対象者（２）について 課徴金納付命令対象者（２）は、ハナテンの役員である課徴金納付命令対象者（３）から、同人が、職務に関しビッグモーターの役員からの伝達により知った、同社の業務執行を決定する機関が、ハナテン株式の公開買付けを行うことについての決定をした旨の公開買付けの実施に関する事実の伝達を受けながら、上記事実の公表がされた平成２７年１０月３０日より前の同年１０月１９日から同月２７日にかけて、自己及び自己以外の者の計算において、ハナテン株式合計１万６２００株を買付価額合計６３１万２１００円で買い付けたものである。 違反行為事実の概要については、 別図 のとおり。 課徴金納付命令対象者（２）が行った上記の行為は、金融商品取引法第１７５条第２項に規定する「第１６７条第１項又は第３項の規定に違反して、同条第１項に規定する特定株券等若しくは関連株券等に係る買付け等」をした行為に該当すると認められる。 （３）課徴金納付命令対象者（３）について ア．違反行為事実A 課徴金納付命令対象者（３）は、ハナテンの役員であるが、同人が、職務に関しビッグモーターの役員からの伝達により知った、同社の業務執行を決定する機関が、ハナテン株式の公開買付けを行うことについての決定をした旨の公開買付けの実施に関する事実を、課徴金納付命令対象者（１）に対し、上記事実の公表がされる前にハナテン株式の買付けをさせることにより課徴金納付命令対象者（１）に利益を得させる目的をもって、伝達したものである。 課徴金納付命令対象者（１）は、上記事実の公表がされた平成２７年１０月３０日より前の同年７月１５日、自己の計算において、ハナテン株式合計２万株を買付価額合計８６０万６２００円で買い付けたものである。 イ．違反行為事実B 課徴金納付命令対象者（３）は、上記事実を、課徴金納付命令対象者（２）に対し、上記事実の公表がされる前にハナテン株式の買付けをさせることにより課徴金納付命令対象者（２）に利益を得させる目的をもって、伝達したものである。 課徴金納付命令対象者（２）は、上記事実の公表がされた平成２７年１０月３０日より前の同年１０月１９日から同月２７日にかけて、自己の計算において，ハナテン株式合計８５００株を買付価額合計３３１万２１００円で買い付けたものである。 違反行為事実の概要については、 別図 のとおり。 課徴金納付命令対象者（３）が行った上記ア．ないしイ．の行為は、金融商品取引法第１７５条の２第２項に規定する「第１６７条の２第２項の規定に違反して、同項の伝達をし、又は同項の買付け等若しくは売付け等をすることを勧める」行為に該当すると認められる。 ３．課徴金の額の計算 上記の違法行為に対し、金融商品取引法に基づき納付を命じられる課徴金の額は、下記のとおりである。 課徴金納付命令対象者（１） ２１７万円 課徴金納付命令対象者（２） １７７万円 課徴金納付命令対象者（３） １７１万円 計算方法の詳細については、 別紙 のとおり。 ４．その他 本件については、日本取引所自主規制法人より提供された情報も参考として、実態解明を行ったものである。 （別図） ○ 違反行為事実の概要について （クリックすると拡大されます） （別紙） ○ 課徴金の額の計算方法について （１）課徴金納付命令対象者（１）について ア．金融商品取引法第１７５条第２項第２号の規定により、当該有価証券の買付けについて、公開買付け等の実施に関する事実の公表がされた後２週間における最も高い価格に当該有価証券の買付けの数量を乗じて得た額から当該有価証券の買付けをした価格にその数量を乗じて得た額を控除した額。 （539円×20,000株） －（428円×2,300株＋429円×6,200株＋430円×3,000株＋432円×8,500株） ＝ 2,173,800円 イ．金融商品取引法第１７６条第２項の規定により、上記ア．で計算した額の１万円未満の端数を切捨て。 （２）課徴金納付命令対象者（２）について ア．自己の計算に係る課徴金の額 金融商品取引法第１７５条第２項第２号の規定により、当該有価証券の買付けについて、公開買付け等の実施に関する事実の公表がされた後２週間における最も高い価格に自己の計算による当該有価証券の買付けの数量 （注１） を乗じて得た額から当該有価証券の買付けをした価格にその数量を乗じて得た額のうち自己以外の者の計算による額 （注２） を控除した額。 ｛539円×（16,200株×3,312,100円／6,312,100円 （注１） ）｝ －｛（382円×200株＋384円×1,300株＋385円×900株＋386円×1,800株 ＋387円×500株＋388円×3,400株＋389円×900株＋390円×4,400株 ＋398円×800株＋399円×2,000株）－3,000,000円 （注２） ｝ ＝ 1,269,670.69円 （注３） （注１）自己の計算による買付けの数量は、自己及び自己以外の者の計算による買付けの数量16,200株に、自己の計算による買付けの額3,312,100円／自己及び自己以外の者の計算による買付けの額6,312,100円を乗じて得た数量。 （注２）自己以外の者から預かった運用資金3,000,000円。 （注３）小数点以下の端数が生じた場合は、小数第三位を切り捨てて表記しているが、計算の過程においては、端数処理は行っていない（当資料において、以下、同じ）。 イ．自己以外の者の計算に係る課徴金の額 金融商品取引法第１７５条第２項第３号ロの規定により、金融商品取引法第１６７条第１項に規定する買付け等をした者が、自己以外の者の計算において、当該買付け等をした場合において、当該者が運用対象財産の運用として当該買付け等を行った者以外の者であるとき、当該買付け等に係る手数料、報酬その他の対価の額として金融商品取引法第六章の二の規定による課徴金に関する内閣府令（以下「課徴金府令」という。）第１条の２１第６項で定める、算定対象取引 （注４） について金融商品取引行為の対価として当該者に支払われ、又は支払われるべき金銭その他の財産の価額の総額。 本件では、自己以外の者の計算による利益 （注５） から、課徴金納付命令対象者（２）が自己以外の者へ運用益として渡した額450,000円を控除した額。 （2,010,933円×3,000,000円／6,312,100円） （注５） － 450,000円 ＝ 505,751.49円 （注４）算定対象取引とは、金融商品取引法第１７５条第２項第３号の特定株券等若しくは関連株券等に係る買付け等を指す（課徴金府令第１条の２１第４項第１号）。 （注５）自己以外の者の計算による利益は、自己及び自己以外の者の計算による純利得額（手数料及び税金控除後）2,010,933円に、3,000,000円／6,312,100円（注６）を乗じて得た額。 （注６）自己及び自己以外の者の計算による買付けの額6,312,100円のうち、3,000,000円は自己以外の者の計算による買付けの額。 ウ．上記ア．ないしイ．により算定した額の合計 1,269,670.69円＋505,751.49円＝1,775,422.18円 エ．金融商品取引法第１７６条第２項の規定により、上記ウ．で計算した額の１万円未満の端数を切捨て。 （３）課徴金納付命令対象者（３）について ア．違反行為事実Aに係る課徴金の額 （ア）金融商品取引法第１７５条の２第２項第３号の規定により、当該違反行為により当該情報受領者等が行った当該買付けによって得た利得相当額に２分の１を乗じて得た額。 ｛（539円×20,000株）－（428円×2,300株＋429円×6,200株＋430円×3,000株＋432円×8,500株）｝×1／2 ＝ 1,086,900円 （イ）金融商品取引法第１７６条第２項の規定により、上記（ア）で計算した額の１万円未満の端数を切捨て。 イ．違反行為事実Bに係る課徴金の額 （ア）金融商品取引法第１７５条の２第２項第３号の規定により、当該違反行為により当該情報受領者等が行った当該買付けによって得た利得相当額に２分の１を乗じて得た額。 〔｛539円×（16,200株×3,312,100円／6,312,100円）｝ －｛（382円×200株＋384円×1,300株＋385円×900株＋386円×1,800株 ＋387円×500株＋388円×3,400株＋389円×900株＋390円×4,400株 ＋398円×800株＋399円×2,000株）－3,000,000円｝〕×1／2 ＝ 634,835.34 （イ）金融商品取引法第１７６条第２項の規定により、上記（ア）で計算した額の１万円未満の端数を切捨て。 ウ．上記ア．ないしイ．により算定した額の合計 1,080,000円＋630,000円＝1,710,000円 となる。",1
2016-12-02,ワタベウェディング株式会社,,ワタベウェディング株式会社との契約締結者からの情報受領者による内部者取引に対する課徴金納付命令の勧告について（平成28年12月2日）,https://www.fsa.go.jp/sesc/news/c_2016/2016/20161202-1.html,"English version 平成２８年１２月２日 証券取引等監視委員会 ワタベウェディング株式会社との契約締結者からの情報受領者による内部者取引に対する課徴金納付命令の勧告について １．勧告の内容 証券取引等監視委員会は、ワタベウェディング株式会社との契約締結者からの情報受領者による内部者取引について検査した結果、下記のとおり法令違反の事実が認められたので、本日、内閣総理大臣及び金融庁長官に対して、金融庁設置法第２０条第１項の規定に基づき、課徴金納付命令を発出するよう勧告を行った。 ２．法令違反の事実関係 課徴金納付命令対象者は、ワタベウェディング株式会社（以下「ワタベ」という。）と業務委託契約を締結していたＡ社の役員甲から、同人が同社とワタベとの業務委託契約の履行に関し知った、ワタベの業務執行を決定する機関が、株式会社千趣会及び株式会社ディアーズ・ブレインと業務上の提携を行うことについての決定をした旨の重要事実の伝達を受けながら、上記重要事実の公表がされた平成２７年７月２４日より前の同月２３日、自己の計算において、ワタベ株式合計４８００株を買付価額合計２６５万４８５０円で買い付けたものである。 違反行為事実の概要については、 別図 のとおり。 課徴金納付命令対象者が行った上記の行為は、金融商品取引法第１７５条第１項に規定する「第１６６条第１項又は第３項の規定に違反して、同条第１項に規定する売買等をした」行為に該当すると認められる。 ３．課徴金の額の計算 上記の違法行為に対し、金融商品取引法に基づき納付を命じられる課徴金の額は、６０万円である。 計算方法の詳細については、 別紙 のとおり。 ４．その他 本件については、日本取引所自主規制法人より提供された情報も参考として、実態解明を行ったものである。 （別図） ○ 違反行為事実の概要について （クリックすると拡大されます） （別紙） ○ 課徴金の額の計算方法について （１）金融商品取引法第１７５条第１項第２号の規定により、当該有価証券の買付けについて業務等に関する重要事実の公表がされた後２週間における最も高い価格に当該有価証券の買付けの数量を乗じて得た額から当該有価証券の買付けをした価格にその数量を乗じて得た額を控除した額。 （680円×4,800株） －（545円×150株＋549円×300株＋550円×1,850株＋551円×300株 ＋553円×100株＋554円×100株＋555円×500株＋556円×50株 ＋557円×50株＋558円×850株＋559円×550株） ＝ 609,150円 （２）金融商品取引法第１７６条第２項の規定により、上記（１）で計算した額の１万円未満の端数を切捨て。",1
2016-11-25,株式会社ＳＱＩジャパン,,株式会社ＳＱＩジャパンに対する検査結果に基づく勧告について（平成28年11月25日）,https://www.fsa.go.jp/sesc/news/c_2016/2016/20161125-3.html,English version 平成28年11月25日 証券取引等監視委員会 株式会社ＳＱＩジャパンに対する検査結果に基づく勧告について １．勧告の内容 関東財務局長が株式会社ＳＱＩジャパン（東京都新宿区、法人番号1010401086900、資本金1000万円、常勤役職員11名、投資助言・代理業）を検査した結果、下記のとおり、当該金融商品取引業者に係る問題が認められたので、本日、証券取引等監視委員会は、内閣総理大臣及び金融庁長官に対して、金融庁設置法第20条第１項の規定に基づき、行政処分を行うよう勧告した。 ２．事実関係 （１）金融商品取引契約の締結又はその勧誘に関して、顧客に対し虚偽のことを告げる行為 株式会社ＳＱＩジャパン（以下「当社」という。）は、投資助言業として、当社の投資助言サイト「株マイスター」に無料会員登録した者等（以下「見込顧客」という。)に対し、頻繁（毎日複数回）に、多い時には１回延べ４万人以上に対して電子メールを配信する方法によって、投資顧問契約の締結の勧誘等を行っている。 当社は、見込顧客に対して配信した電子メールや当該メールで誘導した当社運営サイトにおいて、インサイダーに関する情報、仕手筋に関する情報、相場操縦に関する情報やその他の特別な情報を有力な第三者等から入手した旨をうたって、またはこれを示唆するなどにより、投資顧問契約の締結の勧誘を行っていたが、実際には、当該情報を第三者等から事前に入手した事実は認められず、勧誘時点では推奨すべき銘柄も決定していなかった。 このように、当社は、投資顧問契約の締結の勧誘に関して、顧客に対し、当社が、上記のようなインサイダーに関する情報、仕手筋に関する情報、相場操縦に関する情報やその他の特別な情報を有力な第三者等から入手した旨の虚偽の内容を告げて勧誘を行っていたものである（別紙参照）。 この他にも、当社は、投資顧問契約の契約者の人数を限定する意思がないにもかかわらず、「○名様限定」と記載する、実際には抽選を行っていないにもかかわらず、抽選の結果、契約申込みの「権利獲得者」となった旨を記載するなどの虚偽の内容を告げていた。 当社の上記勧誘行為は、金融商品取引法第38条第１号に掲げる「金融商品取引契約の締結又はその勧誘に関して、顧客に対し虚偽のことを告げる行為」に該当する。 （２）著しく事実に相違する表示又は著しく人を誤認させるような表示のある広告をする行為 アウェブサイトによる広告 当社は、投資助言業者を口コミ等によるランキング形式で紹介している複数のウェブサイトに、当社の広告を掲載していた。 これらのサイトにおいて、当社は、「人気の投資顧問トップ５」、「人気の投資顧問ベスト３」等と紹介されていた。 しかし、当該掲載は、当社と広告会社との契約により、当社が必ず上位にランキングされる仕組みとなっており、口コミ等による評価ではないことが認められた。 上記広告は、あたかも当社が第三者の客観的な評価、分析により優良な投資助言業者であると格付けされたかのように、著しく投資者を誤認させる表示であると認められる。 イ当社投資助言サイトによる広告 当社は、当社の投資助言サイト「株マイスター」において、当社の投資分析について、「株マイスター専属のプロアナリストが厳選」、「テクニカル、及びファンダメンタルを組み合わせた独自のメンタルテクニカル理論を駆使」、「証券関係者・機関投資家から行政・財界に渉る幅広い人脈を駆使し、精度の高い独自情報を得ることを可能としている」等としているが、これらは全く実態のない事実に相違する表示である。 当社の上記ア及びイの行為は、助言の内容及び方法並びに助言の実績に関する事項について著しく事実に相違する表示又は著しく投資者を誤認させるような表示のある広告をする行為であることから、金融商品取引法第37条第２項に違反する。 （別紙） 当社が行った虚偽の告知の例 １．インサイダー情報等をうたった虚偽の告知 超有力出版社「●●●●」関連人物より「イ●サ●●ー級」の情報を入手！！ 内部情報を「エサ」に、勝利へと導く暴騰銘柄 ごく一部の有力メディアが、極秘情報を握っているという実情を、「株価３倍銘柄のご獲得」という形でご確認頂けるでしょう。何せ「内部情報」ですから、その日が来るのはそう遠い未来ではございません ２．仕手筋情報等をうたった虚偽の告知 仕手に精通する我々と情報元が掴んだ事実です 伝説の仕手集団！≪●●●●グループ(仮)≫の介入情報を入手！ Ｋ氏　最終決戦　最後の般若銘柄　今回入手した【最後の『般若銘柄』は今までのＫ氏銘柄とは“別格”の情報ですので、（略）最優先のご紹介とさせて頂きます ３．相場操縦をうたった虚偽の告知 Ａ銘柄 株価操縦 疑惑に絡む　極秘情報 我々が掴んだのは、Ａ銘柄と同様の「合法的」な株価操縦が想定される銘柄情報です ４．その他 極・思惑株「巨額の資金流入」の情報を入手 この度、株マイスターでは「巨額の資金流入」についての話を入手しました。ある思惑によって流れる資金の規模を考慮すると暴騰は約束されたようなもの。 通常では知り得る事が出来ない機密性が高い情報 我々はすでに『■■■■■』に関して、ある「重要情報」を入手しています。 利益をもたらした情報筋が●●氏 急騰前に弊社へＢ社情報を提供した情報源などから、「最新の情報」を入手しております とてつもない激裏情報であることが判明 「格別な上昇期待値を誇る有力情報」を緊急に入手致しました （注）上記の「Ａ銘柄」、「Ｂ社」については、当社が見込顧客に配信した電子メール又は当該メールで誘引した当社運営サイトでは、具体的な銘柄名、社名が記載されている。 （参考条文） ○金融商品取引法（昭和23年法律第25号）（抄） （禁止行為） 第三十八条金融商品取引業者等又はその役員若しくは使用人は、次に掲げる行為をしてはならない。ただし、第四号から第六号までに掲げる行為にあつては、投資者の保護に欠け、取引の公正を害し、又は金融商品取引業の信用を失墜させるおそれのないものとして内閣府令で定めるものを除く。 一金融商品取引契約の締結又はその勧誘に関して、顧客に対し虚偽のことを告げる行為 （以下、略） （広告等の規制） 第三十七条（略） ２金融商品取引業者等は、その行う金融商品取引業に関して広告その他これに類似するものとして内閣府令で定める行為をするときは、金融商品取引行為を行うことによる利益の見込みその他内閣府令で定める事項について、著しく事実に相違する表示をし、又は著しく人を誤認させるような表示をしてはならない。 ○金融商品取引業等に関する内閣府令（平成19年８月６日内閣府令第52号）（抄） （誇大広告をしてはならない事項） 第七十八条法第三十七条第二項 に規定する内閣府令で定める事項は、次に掲げる事項とする。 一～五（略） 六金融商品取引業者等の金融商品取引業（登録金融機関にあっては、登録金融機関業務）の実績に関する事項 七・八（略） 九投資顧問契約について広告等をする場合にあっては、助言の内容及び方法に関する事項 （以下、略）,1
2016-11-15,高千穂交易株式会社,2676,高千穂交易株式会社社員による内部者取引に対する課徴金納付命令の勧告について（平成28年11月15日）,https://www.fsa.go.jp/sesc/news/c_2016/2016/20161115-1.html,"English version 平成２８年１１月１５日 証券取引等監視委員会 高千穂交易株式会社社員による内部者取引に対する課徴金納付命令の勧告について １．勧告の内容 証券取引等監視委員会は、高千穂交易株式会社社員による内部者取引について検査した結果、下記のとおり法令違反の事実が認められたので、本日、内閣総理大臣及び金融庁長官に対して、金融庁設置法第２０条第１項の規定に基づき、課徴金納付命令を発出するよう勧告を行った。 ２．法令違反の事実関係 課徴金納付命令対象者は、高千穂交易株式会社（以下「高千穂交易」という。）に勤務していた者であるが、同人がその職務に関し、同社の属する企業集団の平成２７年４月１日から平成２８年３月３１日までの会計期間（平成２８年３月期）の業績予想数値における売上高について、平成２７年５月８日に公表がされた直近の予想値（売上高２３０億円）に比較して、同社が新たに算出した予想値において、投資者の投資判断に及ぼす影響が重要なものとなる差異が生じた旨の重要事実を知りながら、同社において新たに算出した平成２８年３月期の予想値（売上高２００億６０００万円）の公表がされた平成２８年２月３日午後４時頃より前の同月２日及び同月３日午前９時頃、自己の計算において、高千穂交易株式合計２６２３.６９６１５株を売付価額合計２５９万３２９６円で売り付けたものである。 違反行為事実の概要については、 別図 のとおり。 課徴金納付命令対象者が行った上記の行為は、金融商品取引法第１７５条第１項に規定する「第１６６条第１項又は第３項の規定に違反して、同条第１項に規定する売買等をした」行為に該当すると認められる。 ３．課徴金の額の計算 上記の違法行為に対し、金融商品取引法に基づき納付を命じられる課徴金の額は、３３万円である。 計算方法の詳細については、 別紙 のとおり。 ４．その他 本件については、日本取引所自主規制法人より提供された情報も参考として、実態解明を行ったものである。 （別図） ○ 違反行為事実の概要について （クリックすると拡大されます） （別紙） ○ 課徴金の額の計算方法について （１）金融商品取引法第１７５条第１項第１号の規定により、当該有価証券の売付けについて当該有価証券の売付けをした価格にその数量を乗じて得た額から業務等に関する重要事実の公表がされた後２週間における最も低い価格に当該有価証券の売付けの数量を乗じて得た額を控除した額。 （970円×100株＋971円×100株＋974円×300株＋976円×200株 ＋978円×100株＋980円×100株＋985円×200株＋987円×100株 ＋989円×100株＋990円×200株＋996円×100株＋997円×100株 ＋998円×200株＋999円×200株＋1,000円×123.69615株 ＋1,001円×100株＋1,002円×100株＋1,003円×100株 ＋1,004円×100株） －（861円×2,623.69615株） ＝ 334,293.76485円 （２）金融商品取引法第１７６条第２項の規定により、上記（１）で計算した額の１万円未満の端数を切捨て。",1
2016-11-01,株式会社ＡＬＢＥＲＴ,,株式会社ＡＬＢＥＲＴ役員からの情報受領者３名による内部者取引に対する課徴金納付命令の勧告について（平成28年11月1日）,https://www.fsa.go.jp/sesc/news/c_2016/2016/20161101-1.html,"English version 平成２８年１１月１日 証券取引等監視委員会 株式会社ＡＬＢＥＲＴ役員からの情報受領者３名による内部者取引に対する課徴金納付命令の勧告について １．勧告の内容 証券取引等監視委員会は、株式会社ＡＬＢＥＲＴ役員からの情報受領者３名による内部者取引について検査した結果、下記のとおり法令違反の事実が認められたので、本日、内閣総理大臣及び金融庁長官に対して、金融庁設置法第２０条第１項の規定に基づき、課徴金納付命令を発出するよう勧告を行った。 ２．法令違反の事実関係 （１）課徴金納付命令対象者（１）について 課徴金納付命令対象者（１）は、株式会社ＡＬＢＥＲＴ（以下「アルベルト」という。）の役員であった者から、同人がその職務に関し知った、同社が新たに算出した平成２７年１月１日から同年１２月３１日までの会計期間における同社の経常利益の予想値について、同年２月１９日に公表がされた直近の予想値（経常利益１億８０００万円）に比較して、黒字から赤字に転じる見込みであり、投資者の投資判断に及ぼす影響が重要なものとなる差異が生じた旨の重要事実の伝達を受けながら、同重要事実の公表がされた平成２７年１０月２９日午後３時頃より前の同月１４日及び同月２９日午前９時３分頃、自己の計算において、アルベルト株式合計４９００株を売付価額合計９８９万円で売り付けたものである。 （２）課徴金納付命令対象者（２）について 課徴金納付命令対象者（２）は、アルベルトの役員であった者から、同人がその職務に関し知った、同社が新たに算出した平成２７年１月１日から同年１２月３１日までの会計期間における同社の経常利益の予想値について、同年２月１９日に公表がされた直近の予想値（経常利益１億８０００万円）に比較して、黒字から赤字に転じる見込みであり、投資者の投資判断に及ぼす影響が重要なものとなる差異が生じた旨の重要事実の伝達を受けながら、同重要事実の公表がされた平成２７年１０月２９日午後３時頃より前の同月７日から同月２９日午前９時４４分頃までの間、自己の計算において、アルベルト株式合計２６００株を売付価額合計５０４万９００円で売り付けたものである。 （３）課徴金納付命令対象者（３）について 課徴金納付命令対象者（３）は、アルベルトの役員であった者から、同人がその職務に関し知った、同社が新たに算出した平成２７年１月１日から同年１２月３１日までの会計期間における同社の経常利益の予想値について、同年２月１９日に公表がされた直近の予想値（経常利益１億８０００万円）に比較して，黒字から赤字に転じる見込みであり、投資者の投資判断に及ぼす影響が重要なものとなる差異が生じた旨の重要事実の伝達を受けながら、同重要事実の公表がされた平成２７年１０月２９日午後３時頃より前の同月２１日から同月２８日までの間、自己の計算において、アルベルト株式合計１５００株を売付価額合計２７９万９５００円で売り付けたものである。 違反行為事実の概要については、 別図 のとおり。 課徴金納付命令対象者（１）ないし（３）が行った上記の行為は、金融商品取引法第１７５条第１項に規定する「第１６６条第１項又は第３項の規定に違反して、同条第１項に規定する売買等をした」行為に該当すると認められる。 ３．課徴金の額の計算 上記の違法行為に対し、金融商品取引法に基づき納付を命じられる課徴金の額は、下記のとおりである。 課徴金納付命令対象者（１） ３０２万円 課徴金納付命令対象者（２） １３９万円 課徴金納付命令対象者（３） ６９万円 計算方法の詳細については、 別紙 のとおり。 ４．その他 本件については、日本取引所自主規制法人より提供された情報も参考として、実態解明を行ったものである。 （別図） ○ 違反行為事実の概要について （クリックすると拡大されます） （別紙） ○ 課徴金の額の計算方法について （１）課徴金納付命令対象者（１）について ア．金融商品取引法第１７５条第１項第１号の規定により、当該有価証券の売付けについて当該有価証券の売付けをした価格にその数量を乗じて得た額から業務等に関する重要事実の公表がされた後２週間における最も低い価格に当該有価証券の売付けの数量を乗じて得た額を控除した額。 （2,000円×2,900株＋2,045円×2,000株） －（1,401円×4,900株） ＝ 3,025,100円 イ．金融商品取引法第１７６条第２項の規定により、上記ア．で計算した額の１万円未満の端数を切捨て。 （２）課徴金納付命令対象者（２）について ア．金融商品取引法第１７５条第１項第１号の規定により、当該有価証券の売付けについて当該有価証券の売付けをした価格にその数量を乗じて得た額から業務等に関する重要事実の公表がされた後２週間における最も低い価格に当該有価証券の売付けの数量を乗じて得た額を控除した額。 （1,750円×200株＋1,800円×200株＋1,911円×400株 ＋1,925円×500株＋1,935円×400株＋2,000円×400株 ＋2,060円×500株） －（1,401円×2,600株） ＝ 1,398,300円 イ．金融商品取引法第１７６条第２項の規定により、上記ア．で計算した額の１万円未満の端数を切捨て。 （３）課徴金納付命令対象者（３）について ア．金融商品取引法第１７５条第１項第１号の規定により、当該有価証券の売付けについて当該有価証券の売付けをした価格にその数量を乗じて得た額から業務等に関する重要事実の公表がされた後２週間における最も低い価格に当該有価証券の売付けの数量を乗じて得た額を控除した額。 （1,800円×500株＋1,839円×500株＋1,960円×500株） －（1,401円×1,500株） ＝ 698,000円 イ．金融商品取引法第１７６条第２項の規定により、上記ア．で計算した額の１万円未満の端数を切捨て。",1
2016-10-25,大阪製鐵株式会社,5449,公開買付者との契約締結交渉者の役員からの情報受領者による東京鋼鐵株式に係る内部者取引に対する課徴金納付命令の勧告について（平成28年10月25日）,https://www.fsa.go.jp/sesc/news/c_2016/2016/20161025-1.html,"English version 平成28年10月25日 証券取引等監視委員会 公開買付者との契約締結交渉者の役員からの情報受領者による東京鋼鐵株式に係る内部者取引に対する課徴金納付命令の勧告について １．勧告の内容 証券取引等監視委員会は、公開買付者との契約締結交渉者の役員からの情報受領者による東京鋼鐵株式に係る内部者取引について検査した結果、下記のとおり法令違反の事実が認められたので、本日、内閣総理大臣及び金融庁長官に対して、金融庁設置法第２０条第１項の規定に基づき、課徴金納付命令を発出するよう勧告を行った。 ２．法令違反の事実関係 課徴金納付命令対象者（A社）は、同社役員において、大阪製鐵株式会社（以下「大阪製鐵」という。）と公開買付けに関する契約の締結交渉をしていた、B社の役員から、同人がその契約の締結交渉に関し知った、大阪製鐵の業務執行を決定する機関が、東京鋼鐵株式会社（以下「東京鋼鐵」という。平成２８年７月１４日上場廃止。）の株式の公開買付けを行うことについての決定をした旨の公開買付けの実施に関する事実の伝達を受けながら、同社の業務として、上記事実の公表がされた平成２７年９月１８日より前の同年８月３日から同月２４日までの間、自己の計算において、東京鋼鐵株式合計２万５６００株を買付価額合計１００９万７２００円で買い付けたものである。 違反行為事実の概要については、 別図 のとおり。 課徴金納付命令対象者が行った上記の行為は、金融商品取引法第１７５条第２項に規定する「第１６７条第１項又は第３項の規定に違反して、同条第１項に規定する売買等をした」行為に該当すると認められる。 ３．課徴金の額の計算 上記の違法行為に対し、金融商品取引法に基づき納付を命じられる課徴金の額は、５７７万円である（計算方法の詳細については、 別紙 のとおり。）。 ４．その他 本件については、日本取引所自主規制法人より提供された情報も参考として、実態解明を行ったものである。 （別図） ○ 違反行為事実の概要について （クリックすると拡大されます） （別紙） ○ 課徴金の額の計算方法について (1) 金融商品取引法第１７５条第２項第２号の規定により、当該有価証券の買付けについて、公開買付け等の実施に関する事実の公表がされた後２週間における最も高い価格に当該有価証券の買付けの数量を乗じて得た額から当該有価証券の買付けをした価格にその数量を乗じて得た額を控除した額。 （620円×25,600株） －（390円×5,000株＋395円×10,400株＋396円×10,200株） ＝ 5,774,800円 (2) 金融商品取引法第１７６条第２項の規定により、上記(1)で計算した額の１万円未満の端数を切捨て。",1
2016-10-28,日本精密株式会社,7771,日本精密株式会社との契約締結交渉者及び同人からの情報受領者２名による内部者取引違反並びに当該契約締結交渉者による重要事実に係る伝達推奨違反に対する課徴金納付命令の勧告について（平成28年10月28日）,https://www.fsa.go.jp/sesc/news/c_2016/2016/20161028-1.html,"English version 平成28年10月28日 証券取引等監視委員会 日本精密株式会社との契約締結交渉者及び同人からの情報受領者２名による内部者取引違反並びに当該契約締結交渉者による重要事実に係る伝達推奨違反に対する課徴金納付命令の勧告について １．勧告の内容 証券取引等監視委員会は、日本精密株式会社との契約締結交渉者及び同人からの情報受領者２名による内部者取引違反並びに当該契約締結交渉者による重要事実に係る伝達推奨違反について検査した結果、下記のとおり法令違反の事実が認められたので、本日、内閣総理大臣及び金融庁長官に対して、金融庁設置法第２０条第１項の規定に基づき、課徴金納付命令を発出するよう勧告を行った。 ２．法令違反の事実関係 （１）課徴金納付命令対象者（１）について ア．違反行為事実A 課徴金納付命令対象者（１）は、日本精密株式会社（以下「日本精密」という。）との間で行っていた、契約締結の交渉に関し、同社の業務執行を決定する機関が、同社の発行する株式を引き受ける者の募集及び募集新株予約権を引き受ける者の募集を行うことについての決定をした旨の重要事実を知りながら、上記重要事実の公表がされた平成２７年７月１７日より前の同年６月１８日から同年７月９日にかけて、自己の計算において、日本精密株式合計１万株を買付価額合計２８７万２０００円で買い付けたものである。 イ．違反行為事実B 課徴金納付命令対象者（１）は、上記重要事実を、課徴金納付命令対象者（２）に対し、上記重要事実の公表がされる前に日本精密株式の買付けをさせることにより同人に利益を得させる目的をもって、伝達したものである。 課徴金納付命令対象者（２）は、上記重要事実が公表された平成２７年７月１７日より前の同年５月２２日及び同月２９日、自己の計算において、日本精密株式合計２０００株を買付価額合計５５万７０００円で買い付けたものである。 ウ．違反行為事実C 課徴金納付命令対象者（１）は、上記重要事実を、課徴金納付命令対象者（３）に対し、上記重要事実の公表がされる前に日本精密株式の買付けをさせることにより同人に利益を得させる目的をもって、伝達したものである。 課徴金納付命令対象者（３）は、上記重要事実が公表された平成２７年７月１７日より前の同年５月２８日から同年６月１９日にかけて、自己の計算において、日本精密株式合計１万４０００株を買付価額合計４０５万４０００円で買い付けたものである。 エ．違反行為事実D 課徴金納付命令対象者（１）は、被推奨者丙に対し、上記重要事実の公表がされる前に日本精密株式の買付けをさせることにより同人に利益を得させる目的をもって、日本精密株式の買付けを勧めたものである。 被推奨者丙は、上記重要事実が公表された平成２７年７月１７日より前の同年５月１９日及び同年７月９日、自己の計算において、日本精密株式合計８０００株を買付価額合計２２４万１０００円で買い付けたものである。 違反行為事実の概要については、 別図 のとおり。 課徴金納付命令対象者（１）が行った 上記ア.の行為は、金融商品取引法第１７５条第１項に規定する「第１６６条第１項又は第３項の規定に違反して、同条第１項に規定する売買等をした」行為に、 上記イ.ないしエ.の行為は、金融商品取引法第１７５条の２第１項に規定する「第１６７条の２第１項の規定に違反して、同項の伝達をし、又は同項の売買等をすることを勧める」行為に、 該当すると認められる。 （２）課徴金納付命令対象者（２）について 課徴金納付命令対象者（２）は、日本精密との間で、契約締結の交渉を行っていた課徴金納付命令対象者（１）から、同人がその契約締結の交渉に関し知った、日本精密の業務執行を決定する機関が、同社の発行する株式を引き受ける者の募集及び募集新株予約権を引き受ける者の募集を行うことについての決定をした旨の重要事実の伝達を受けながら、上記重要事実の公表がされた平成２７年７月１７日より前の同年５月２２日及び同月２９日、自己の計算において、日本精密株式合計２０００株を買付価額合計５５万７０００円で買い付けたものである。 違反行為事実の概要については、 別図 のとおり。 課徴金納付命令対象者（２）が行った上記の行為は、金融商品取引法第１７５条第１項に規定する「第１６６条第１項又は第３項の規定に違反して、同条第１項に規定する売買等をした」行為に該当すると認められる。 （３）課徴金納付命令対象者（３）について 課徴金納付命令対象者（３）は、日本精密との間で、契約締結の交渉を行っていた課徴金納付命令対象者（１）から、同人がその契約締結の交渉に関し知った、日本精密の業務執行を決定する機関が、同社の発行する株式を引き受ける者の募集及び募集新株予約権を引き受ける者の募集を行うことについての決定をした旨の重要事実の伝達を受けながら、上記重要事実の公表がされた平成２７年７月１７日より前の同年５月２８日から同年６月１９日にかけて、自己の計算において、日本精密株式合計１万４０００株を買付価額合計４０５万４０００円で買い付けたものである。 違反行為事実の概要については、 別図 のとおり。 課徴金納付命令対象者（３）が行った上記の行為は、金融商品取引法第１７５条第１項に規定する「第１６６条第１項又は第３項の規定に違反して、同条第１項に規定する売買等をした」行為に該当すると認められる。 ３．課徴金の額の計算 上記の違法行為に対し、金融商品取引法に基づき納付を命じられる課徴金の額は、下記のとおりである。 課徴金納付命令対象者（１） １３８万円 課徴金納付命令対象者（２） １４万円 課徴金納付命令対象者（３） ８４万円 計算方法の詳細については、 別紙 のとおり。 ４．その他 本件については、日本取引所自主規制法人より提供された情報を参考として、実態解明を行ったものである。 （別図） ○ 違反行為事実の概要について （クリックすると拡大されます） （別紙） ○ 課徴金の額の計算方法について １．課徴金納付命令対象者(１) （１）違反行為事実Aに係る課徴金の額 ア．金融商品取引法第１７５条第１項第２号の規定により、当該有価証券の買付けについて業務等に関する重要事実の公表がされた後２週間における最も高い価格に当該有価証券の買付けの数量を乗じて得た額から当該有価証券の買付けをした価格にその数量を乗じて得た額を控除した額。 （350円×10,000株）－（251円×3,000株＋277円×2,000株＋313円×5,000株） ＝628,000円 イ．金融商品取引法第１７６条第２項の規定により、上記ア.で計算した額の１万円未満の端数を切捨て。 （２）違反行為事実Bに係る課徴金の額 ア．金融商品取引法第１７５条の２第１項第３号の規定により、当該違反行為により当該情報受領者等が行った当該買付けによって得た利得相当額に２分の１を乗じて得た額。 利得相当額とは、同条第３項第２号の規定により、情報受領者等が特定有価証券等の買付けをした場合、当該特定有価証券等の買付けについて業務等に関する重要事実の公表がされた後２週間における最も高い価格に当該特定有価証券等の買付けの数量を乗じて得た額から当該特定有価証券等の買付けをした価格にその数量を乗じて得た額を控除した額。 ｛（350円×2,000株）－（276円×1,000株＋281円×1,000株）｝×1／2 ＝71,500円 イ．金融商品取引法第１７６条第２項の規定により、上記ア.で計算した額の１万円未満の端数を切捨て。 （３）違反行為事実Cに係る課徴金の額 ア．金融商品取引法第１７５条の２第１項第３号の規定により、当該違反行為により当該情報受領者等が行った当該買付けによって得た利得相当額に２分の１を乗じて得た額。 利得相当額とは、同条第３項第２号の規定により、情報受領者等が特定有価証券等の買付けをした場合、当該特定有価証券等の買付けについて業務等に関する重要事実の公表がされた後２週間における最も高い価格に当該特定有価証券等の買付けの数量を乗じて得た額から当該特定有価証券等の買付けをした価格にその数量を乗じて得た額を控除した額。 ｛（350円×14,000株）－（275円×1,000株＋276円×4,000株＋277円×4,000株 ＋311円×3,000株＋317円×2,000株）｝×1／2 ＝423,000円 イ．金融商品取引法第１７６条第２項の規定により、上記ア.で計算した額の１万円未満の端数を切捨て。 （４）違反行為事実Dに係る課徴金の額 ア．金融商品取引法第１７５条の２第１項第３号の規定により、当該違反行為により当該情報受領者等が行った当該買付けによって得た利得相当額に２分の１を乗じて得た額。 利得相当額とは、同条第３項第２号の規定により、情報受領者等が特定有価証券等の買付けをした場合、当該特定有価証券等の買付けについて業務等に関する重要事実の公表がされた後２週間における最も高い価格に当該特定有価証券等の買付けの数量を乗じて得た額から当該特定有価証券等の買付けをした価格にその数量を乗じて得た額を控除した額。 ｛（350円×8,000株）－（267円×3,000株＋288円×5,000株）｝×1／2 ＝279,500円 イ．金融商品取引法第１７６条第２項の規定により、上記ア.で計算した額の１万円未満の端数を切捨て。 （５）上記（１）ないし（４）により算定した額の合計 620,000円＋70,000円＋420,000円＋270,000円＝1,380,000円となる。 ２．課徴金納付命令対象者(２) （１）金融商品取引法第１７５条第１項第２号の規定により、当該有価証券の買付けについて業務等に関する重要事実の公表がされた後２週間における最も高い価格に当該有価証券の買付けの数量を乗じて得た額から当該有価証券の買付けをした価格にその数量を乗じて得た額を控除した額。 （350円×2,000株）－（276円×1,000株＋281円×1,000株） ＝ 143,000円 （２）金融商品取引法第１７６条第２項の規定により、上記(1)で計算した額の１万円未満の端数を切捨て。 ３．課徴金納付命令対象者(３) （１）金融商品取引法第１７５条第１項第２号の規定により、当該有価証券の買付けについて業務等に関する重要事実の公表がされた後２週間における最も高い価格に当該有価証券の買付けの数量を乗じて得た額から当該有価証券の買付けをした価格にその数量を乗じて得た額を控除した額。 （350円×14,000株） －（275円×1,000株＋276円×4,000株＋277円×4,000株＋311円×3,000株 ＋317円×2,000株） ＝ 846,000円 （２）金融商品取引法第１７６条第２項の規定により、上記(1)で計算した額の１万円未満の端数を切捨て。",1
2016-09-27,クックパッド株式会社,2193,公開買付者との契約締結交渉者からの情報受領者によるみんなのウェディング株式に係る内部者取引に対する課徴金納付命令の勧告について（平成28年9月27日）,https://www.fsa.go.jp/sesc/news/c_2016/2016/20160927-1.html,"English version 平成２８年９月２７日 証券取引等監視委員会 公開買付者との契約締結交渉者からの情報受領者によるみんなのウェディング株式に係る内部者取引に対する課徴金納付命令の勧告について １．勧告の内容 証券取引等監視委員会は、公開買付者との契約締結交渉者からの情報受領者による内部者取引について検査した結果、下記のとおり法令違反の事実が認められたので、本日、内閣総理大臣及び金融庁長官に対して、金融庁設置法第２０条第１項の規定に基づき、課徴金納付命令を発出するよう勧告を行った。 ２．法令違反の事実関係 課徴金納付命令対象者は、クックパッド株式会社（以下「クックパッド」という。）が、株式会社みんなのウェディング（以下「みんなのウェディング」という。）に取締役を派遣するとのみんなのウェディングとの合意に基づき、クックパッドとの間で、みんなのウェディングに派遣する取締役への選任に係る契約の締結交渉を行っていた者である乙から、同人がその契約締結の交渉に関し知った、クックパッドの業務執行を決定する機関が、みんなのウェディングの株式の公開買付けを行うことについての決定をした旨の公開買付けの実施に関する事実の伝達を受けながら、上記事実の公表がされた平成２７年４月２１日より前の同年３月２５日から同年４月１７日までの間、自己の計算において、みんなのウェディング株式合計２万２９００株を買付価額合計１９７９万３７００円で買い付けたものである。 違反行為事実の概要については、 別図 のとおり。 課徴金納付命令対象者が行った上記の行為は、金融商品取引法第１７５条第２項に規定する「第１６７条第１項又は第３項の規定に違反して、同条第１項に規定する売買等をした」行為に該当すると認められる。 ３．課徴金の額の計算 上記の違法行為に対し、金融商品取引法に基づき納付を命じられる課徴金の額は、１０５７万円である。（計算方法の詳細については、 別紙 のとおり。） ４．その他 本件については、日本取引所自主規制法人より提供された情報を参考として、実態解明を行ったものである。 （別図） ○ 違反行為事実の概要について （クリックすると拡大されます） （別紙） ○ 課徴金の額の計算方法について (1) 金融商品取引法第１７５条第２項第２号の規定により、当該有価証券の買付けについて、公開買付け等の実施に関する事実の公表がされた後２週間における最も高い価格に当該有価証券の買付けの数量を乗じて得た額から当該有価証券の買付けをした価格にその数量を乗じて得た額を控除した額。 （1,326円×22,900株）－（815円×400株＋818円×300株＋819円×600株＋822円×600株＋823円×600株＋824円×500株＋825円×800株＋826円×100株＋827円×100株＋828円×100株＋829円×300株＋830円×100株＋831円×900株＋832円×500株＋835円×100株＋836円×500株＋838円×200株＋839円×400株＋840円×500株＋846円×100株＋847円×100株＋848円×300株＋849円×500株＋854円×100株＋855円×900株＋858円×300株＋859円×300株＋860円×400株＋863円×500株＋865円×400株＋866円×500株＋868円×800株＋869円×300株＋873円×900株＋874円×700株＋875円×800株＋884円×900株＋885円×1300株＋886円×100株＋889円×500株＋898円×100株＋899円×300株＋901円×100株＋904円×600株＋910円×500株＋913円×700株＋915円×400株＋916円×400株＋917円×200株＋918円×600株＋919円×200株＋925円×500株） ＝ 10,571,700円 (2) 金融商品取引法第１７６条第２項の規定により、上記(1)で計算した額の１万円未満の端数を切捨て。",1
2016-09-21,株式会社京王ズホールディングス,,公開買付者との契約締結交渉者による京王ズホールディングス株式に係る内部者取引に対する課徴金納付命令の勧告について（平成28年9月21日）,https://www.fsa.go.jp/sesc/news/c_2016/2016/20160921-1.html,"English version 平成２８年９月２１日 証券取引等監視委員会 公開買付者との契約締結交渉者による京王ズホールディングス株式に係る内部者取引に対する課徴金納付命令の勧告について １．勧告の内容 証券取引等監視委員会は、公開買付者との契約締結交渉者による株式会社京王ズホールディングスに係る内部者取引について検査した結果、下記のとおり法令違反の事実が認められたので、本日、内閣総理大臣及び金融庁長官に対して、金融庁設置法第２０条第１項の規定に基づき、課徴金納付命令を発出するよう勧告を行った。 ２．法令違反の事実関係 課徴金納付命令対象者は、公開買付者である株式会社光通信（以下「光通信」という。）との間で行っていた公開買付けに関する契約の締結交渉に関し、光通信の業務執行を決定する機関が、株式会社京王ズホールディングス（以下「京王ズ」という。平成２７年５月２９日上場廃止）株式の公開買付けを行うことについての決定をした旨の公開買付けの実施に関する事実を知りながら、上記事実の公表がされた平成２６年３月２６日午後８時４０分頃より前の同月２０日及び同月２６日午前１０時１４分頃から同日午前１０時１９分頃までの間、自己の計算において、京王ズ株式合計２７００株を買付価額合計８９万４１００円で買い付けたものである。 違反行為事実の概要については、 別図 のとおり。 課徴金納付命令対象者が行った上記の行為は、金融商品取引法第１７５条第２項に規定する「第１６７条第１項又は第３項の規定に違反して、同条第１項に規定する売買等をした」行為に該当すると認められる。 ３．課徴金の額の計算 上記の違法行為に対し、金融商品取引法に基づき納付を命じられる課徴金の額は、６０万円である。（計算方法の詳細については、 別紙 のとおり。） ４．その他 本件については、日本取引所自主規制法人より提供された情報を参考として、実態解明を行ったものである。 （別図） ○ 違反行為事実の概要について （クリックすると拡大されます） （別紙） ○ 課徴金の額の計算方法について (1) 金融商品取引法第１７５条第２項第２号の規定により、当該有価証券の買付けについて、公開買付け等の実施に関する事実の公表がされた後２週間における最も高い価格に当該有価証券の買付けの数量を乗じて得た額から当該有価証券の買付けをした価格にその数量を乗じて得た額を控除した額。 （554円×2,700株） －（321円×100株＋323円×200株＋324円×100株＋325円×100株 ＋327円×200株＋328円×500株＋335円×1,100株＋336円×300株 ＋338円×100株） ＝ 601,700円 (2) 金融商品取引法第１７６条第２項の規定により、上記(1)で計算した額の１万円未満の端数を切捨て。",1
2016-08-23,東洋ゴム工業株式会社,,東洋ゴム工業株式会社の子会社の社員からの情報受領者による内部者取引に対する課徴金納付命令の勧告について（平成28年8月23日）,https://www.fsa.go.jp/sesc/news/c_2016/2016/20160823-1.html,"English version 平成２８年８月２３日 証券取引等監視委員会 東洋ゴム工業株式会社の子会社の社員からの情報受領者による内部者取引に対する課徴金納付命令の勧告について １．勧告の内容 証券取引等監視委員会は、東洋ゴム工業株式会社の子会社の社員からの情報受領者による内部者取引について検査した結果、下記のとおり法令違反の事実が認められたので、本日、内閣総理大臣及び金融庁長官に対して、金融庁設置法第２０条第１項の規定に基づき、課徴金納付命令を発出するよう勧告を行った。 ２．法令違反の事実関係 課徴金納付命令対象者は、東洋ゴム工業株式会社（以下「東洋ゴム」という。）の連結子会社である東洋ゴム化工品株式会社（以下「東洋ゴム化工品」という。）の取引先の役員であるが、その職務に関し、東洋ゴムが設置した免震ゴム問題対策本部の業務に従事する、東洋ゴム化工品の社員甲が職務に関し知り、その後、同人から取引先の他の役員である乙が職務上伝達を受けた、東洋ゴムが、建築基準法第３７条第２号の国土交通大臣認定（以下「大臣認定」という。）を受けた性能評価基準に基づき、東洋ゴム化工品を通じて製造、販売していた「高減衰ゴム系積層ゴム支承」の一部が、同性能評価基準に適合しておらず、また、一部の性能評価基準に対する大臣認定を技術的根拠のない申請により受けていたことが確認された旨の、東洋ゴムの運営、業務又は財産に関する重要な事実であって投資者の投資判断に著しい影響を及ぼす事実を知りながら、上記事実の公表がされた平成２７年３月１３日午後３時２０分頃より前の同日午前１０時２２分頃、自己の計算において、東洋ゴム株式合計２５００株を売付価額合計６９３万９８００円で売り付けたものである。 違反行為事実の概要については、 別図 のとおり。 課徴金納付命令対象者が行った上記の行為は、金融商品取引法第１７５条第１項に規定する「第１６６条第１項又は第３項の規定に違反して、同条第１項に規定する売買等をした」行為に該当すると認められる。 ３．課徴金の額の計算 上記の違法行為に対し、金融商品取引法に基づき納付を命じられる課徴金の額は、１６７万円である。（計算方法の詳細については、 別紙 のとおり。） ４．その他 本件については、日本取引所自主規制法人より提供された情報を参考として、実態解明を行ったものである。 （別図） ○ 違反行為事実の概要について （クリックすると拡大されます） （別紙） ○ 課徴金の額の計算方法について (1) 金融商品取引法第１７５条第１項第１号の規定により、当該有価証券の売付けについて当該有価証券の売付けをした価格にその数量を乗じて得た額から業務等に関する重要事実の公表がされた後２週間における最も低い価格に当該有価証券の売付けの数量を乗じて得た額を控除した額。 （2,775円×1,100株＋2,776円×700株＋2,777円×500株＋2,778円×200株） －（2,107円×2,500株） ＝ 1,672,300円 (2) 金融商品取引法第１７６条第２項の規定により、上記(1)で計算した額の１万円未満の端数を切捨て。",1
2016-08-01,株式会社ALBERT株券,,株式会社ALBERT株券に係る内部者取引事件の告発について（平成28年8月1日）,https://www.fsa.go.jp/sesc/news/c_2016/2016/20160801-1.html,English version 平成２８年８月１日 証券取引等監視委員会 株式会社ＡＬＢＥＲＴ株券に係る内部者取引事件の告発について 証券取引等監視委員会は、本日、金融商品取引法違反（内部者取引）の嫌疑で、嫌疑者１名を東京地方検察庁に告発した。告発の対象となった犯則事実については下記のとおり。 １．告発の対象となった犯則事実 犯則嫌疑者は、東京証券取引所が開設するマザーズ市場に株券を上場している株式会社ＡＬＢＥＲＴ（以下「アルベルト」という。）の取締役会長として、同社の経営に関与していたものであるが、平成２７年９月１６日頃、その職務に関し、同社が新たに算出した同年１月１日から同年１２月３１日までの事業年度における同社の経常利益の予想値について、同社が同年２月１９日に公表していた予想値と比較して、黒字から赤字に転じる見込みであり、投資者の投資判断に及ぼす影響が重要なものとなる差異が生じた旨の重要事実を知り 第１ 法定の除外事由がないのに、同重要事実の公表前である同年１０月１５日から同月２９日までの間、証券会社１社を介し、親族Ａ名義のアルベルトの株券合計１万９１００株を代金合計３８２５万６４００円で売り付け 第２ あらかじめ同社の株券を売り付けさせて損失の発生を回避させる目的をもって １ 前記重要事実の公表前である同年１０月７日頃、親族Ｂに対し、同重要事実を伝達し、同人において、法定の除外事由がないのに、同重要事実の公表前である同月１４日から同月２９日までの間、証券会社１社を介し、同人名義のアルベルトの株券合計４９００株を代金合計９８９万円で売り付け ２ 前記重要事実の公表前である同年１０月７日頃、知人Ｃに対し、同重要事実を伝達し、同人において、法定の除外事由がないのに、同重要事実の公表前である同日から同月２９日までの間、証券会社１社を介し、同人名義のアルベルトの株券合計２６００株を代金合計５０４万９００円で売り付け たものである。 ２．関連条文 第１ 金融商品取引法第１９７条の２第１３号、第１６６条第１項第１号、 同条第２項第３号 法定刑：５年以下の懲役若しくは５００万円以下の罰金又は併科 第２ 金融商品取引法第１９７条の２第１４号、第１６７条の２第１項、 第１６６条第１項第１号、同条第２項第３号 法定刑：５年以下の懲役若しくは５００万円以下の罰金又は併科,1
2016-07-28,受託する証券会社・投資銀行,,「金融商品取引法における課徴金事例集～不公正取引編～」の公表について（平成28年7月28日）,https://www.fsa.go.jp/sesc/jirei/torichou/20160728.html,"平成２８年７月２８日 証券取引等監視委員会 「金融商品取引法における課徴金事例集～不公正取引編～」の公表について 証券取引等監視委員会では、「金融商品取引法における課徴金事例集～不公正取引編～」について、 別紙 （PDF:3,808KB） のとおり取りまとめましたので、公表します。 本書は、証券取引等監視委員会（以下、「証券監視委」という。）が、平成27年6月から平成28年5月までの間に、金融商品取引法違反となる不公正取引に関し勧告を行った事例について、その概要を取りまとめたものです。 本年度の事例集においては、市場関係者の皆様に、不公正取引を未然に防止するための参考としていただけるよう、（１）インサイダー取引や相場操縦等の不公正取引の規制趣旨や概要等について簡潔な説明を追加したほか、（２）課徴金勧告事案の特色・傾向や問題点等に対する理解を深めて頂くためにグラフ等を活用する、（３）個別事例については、違反行為や重要事実などの共通項に基づいて紹介する、等の工夫を行っています。 証券監視委としては、不公正取引の未然防止という観点から、本書が、 （１）重要事実の発生源となる上場会社における内部者取引管理態勢の一層の充実強化 （２）公開買付け等企業再編の当事者からフィナンシャル・アドバイザリー業務を受託する証券会社・投資銀行等における重要事実等の情報管理の徹底 （３）証券市場のゲートキーパーとしての役割を担う証券会社における適正な売買審査の実施 にそれぞれ役立てていただくことを期待しています。 また、一般投資者におかれても、不公正取引の疑いがある場合には、証券監視委による調査等の対象となり、法令違反が認められた場合には課徴金納付命令等の法的な制裁が課されることを十分にご理解いただければ幸いです。 本書を活用していただく市場関係者によって、不公正取引を未然に防止するために実効性ある内部管理態勢等が構築され、その結果、市場の公正性・透明性がより高められることを強く期待しています。 過去の課徴金事例集はこちら",1
2016-07-12,内部者取引違反行為及び株式会社,,株式会社ピクセラ外２社との契約締結交渉者の社員による内部者取引違反行為及び株式会社ピクセラとの契約締結交渉者の役員からの情報受領者２名による内部者取引違反行為並びに当該役員による重要事実に係る伝達違反行為に対する課徴金納付命令の勧告について（平成28年7月12日）,https://www.fsa.go.jp/sesc/news/c_2016/2016/20160712-1.html,"English version 平成２８年７月１２日 証券取引等監視委員会 株式会社ピクセラ外２社との契約締結交渉者の社員による内部者取引違反行為及び株式会社ピクセラとの契約締結交渉者の役員からの情報受領者２名による内部者取引違反行為並びに当該役員による重要事実に係る伝達違反行為に対する課徴金納付命令の勧告について １．勧告の内容 証券取引等監視委員会は、株式会社ピクセラ外２社との契約締結交渉者の社員による内部者取引違反行為及び株式会社ピクセラとの契約締結交渉者の役員からの情報受領者２名による内部者取引違反行為並びに当該役員による重要事実に係る伝達違反行為について検査した結果、下記のとおり法令違反の事実が認められたので、本日、内閣総理大臣及び金融庁長官に対して、金融庁設置法第２０条第１項の規定に基づき、課徴金納付命令を発出するよう勧告を行った。 ２．法令違反の事実関係 （１）課徴金納付命令対象者(１)について 課徴金納付命令対象者（１）は、Ｏａｋキャピタル株式会社（以下「Ｏａｋ」という。）に勤務していた者である。 課徴金納付命令対象者（１）は、その職務に関し、 イ．Ｏａｋの役員等が、株式会社省電舎（以下「省電舎」という。）との新株予約権付社債及び新株予約権引受契約の締結交渉に関し知った、省電舎の業務執行を決定する機関が、省電舎の発行する新株予約権付社債及び新株予約権を引き受ける者の募集を行うことについての決定をした旨の重要事実を知りながら、上記重要事実の公表がされた平成２７年４月３日午後５時３０分頃より前の同日午前９時２分頃、自己の計算において、省電舎株式合計５００株を買付価額合計４７万円で買い付け ロ．Ｏａｋの役員等が、株式会社ガーラ（以下「ガーラ」という。）との新株及び新株予約権引受契約の締結交渉に関し知った、ガーラの業務執行を決定する機関が、ガーラの発行する新株及び新株予約権を引き受ける者の募集を行うことについての決定をした旨の重要事実を知りながら、上記重要事実の公表がされた平成２７年４月２３日午後５時頃より前の同月２２日及び翌２３日午前９時５５分頃、自己の計算において、ガーラ株式合計２００株を買付価額合計２１万２５００円で買い付け ハ．Ｏａｋの役員等が、株式会社ピクセラ（以下「ピクセラ」という。）との新株及び新株予約権引受契約の締結交渉に関し知った、ピクセラの業務執行を決定する機関が、ピクセラの発行する新株及び新株予約権を引き受ける者の募集を行うことについての決定をした旨の重要事実を知りながら、上記重要事実の公表がされた平成２７年７月１７日午後５時１５分頃より前の同日午前９時５分頃から午前９時２２分頃までの間、自己の計算において、ピクセラ株式合計４０００株を買付価額合計４０万３６００円で買い付けたものである。 （２）課徴金納付命令対象者(２)について 課徴金納付命令対象者（２）は、ピクセラとの間でフィナンシャルアドバイザリー契約の締結を交渉していた株式会社ユークリッドキャピタル(以下「ユークリッド」という。)の役員である課徴金納付命令対象者（４）から、同人が同契約の締結交渉に関し知った、ピクセラの業務執行を決定する機関が、ピクセラの発行する新株及び新株予約権を引き受ける者の募集を行うことについての決定をした旨の重要事実の伝達を受けながら、上記重要事実の公表がされた平成２７年７月１７日より前の同年５月７日及び同月１８日、自己の計算において、ピクセラ株式合計２万株を買付価額合計２０７万円で買い付けたものである。 （３）課徴金納付命令対象者(３)について 課徴金納付命令対象者（３）は、ピクセラとの間でフィナンシャルアドバイザリー契約の締結を交渉していたユークリッドの役員である課徴金納付命令対象者（４）から、同人が同契約の締結交渉に関し知った、ピクセラの業務執行を決定する機関が、ピクセラの発行する新株及び新株予約権を引き受ける者の募集を行うことについての決定をした旨の重要事実の伝達を受けながら、上記重要事実の公表がされた平成２７年７月１７日より前の同年５月１５日から同年７月１６日までの間、自己の計算において、ピクセラ株式合計７万１１００株を買付価額合計７３５万２００円で買い付けたものである。 違反行為事実の概要については、 別図 のとおり。 課徴金納付命令対象者（１）ないし（３）が行った上記の行為は、金融商品取引法第１７５条第１項に規定する「第１６６条第１項又は第３項の規定に違反して、同条第１項に規定する売買等をした」行為に該当すると認められる。 （４）課徴金納付命令対象者(４)について イ．課徴金納付命令対象者(４)は、ピクセラとの間でフィナンシャルアドバイザリー契約の締結を交渉していたユークリッドの役員であるが、同契約の締結交渉に関し知った、ピクセラの業務執行を決定する機関が、ピクセラの発行する新株及び新株予約権を引き受ける者の募集を行うことについての決定をした旨の重要事実を、課徴金納付命令対象者(２)に対し、上記重要事実の公表がされる前にピクセラ株式を買い付けさせることにより同人に利益を得させる目的をもって、伝達したものである。 課徴金納付命令対象者(２)は、上記重要事実の公表がされた平成２７年７月１７日より前の同年５月７日及び同月１８日、自己の計算において、ピクセラ株式合計２万株を買付価額合計２０７万円で買い付けたものである。 ロ．課徴金納付命令対象者(４)は、上記重要事実を、課徴金納付命令対象者(３)に対し、上記重要事実の公表がされる前にピクセラ株式を買い付けさせることにより同人に利益を得させる目的をもって、伝達したものである。 課徴金納付命令対象者(３)は、上記重要事実の公表がされた平成２７年７月１７日より前の同年５月１５日から同年７月１６日までの間、自己の計算において、ピクセラ株式合計７万１１００株を買付価額合計７３５万２００円で買い付けたものである。 違反行為事実の概要については、 別図 のとおり。 課徴金納付命令対象者（４）が行った上記の行為は、金融商品取引法第１７５条の２第１項に規定する「第１６７の２条第１項の規定に違反して、同項の伝達をし、又は同項の売買等をすることを勧める」行為に該当すると認められる。 ３．課徴金の額の計算 上記の違反行為に対し、金融商品取引法に基づき納付を命じられる課徴金の額は、下記のとおりである。 課徴金納付命令対象者（１） ７９万円 課徴金納付命令対象者（２） ２４７万円 課徴金納付命令対象者（３） ８７８万円 課徴金納付命令対象者（４） ５６２万円 計算方法の詳細については、 別紙 のとおり。 （別図） ○ 違反行為事実の概要について （クリックすると拡大されます） （別紙） ○ 課徴金の額の計算方法について １．課徴金納付命令対象者(１) 金融商品取引法第１７５条第１項に基づき、課徴金の額は、 （重要事実が公表された後２週間における最も高い価格）×（買付株数） －（買付価格）×（買付株数） となる。 したがって、 違反行為イ．について、重要事実の公表後２週間における省電舎の最も高い株価は、１，３２１円であることから、課徴金の額は下記の金額となる。 （１，３２１円×５００株） － 買付価額４７０，０００円 （注１） ＝１９０，５００円 ⇒課徴金の額は１万円未満を切り捨てるため、 １９万円 （注１）買付価額は、「940円×500株」の額である。 違反行為ロ．について、重要事実の公表後２週間におけるガーラの最も高い株価は、１，５７９円であることから、課徴金の額は下記の金額となる。 （１，５７９円×２００株） － 買付価額２１２，５００円 （注２） ＝１０３，３００円 ⇒課徴金の額は１万円未満を切り捨てるため、 １０万円 （注２）買付価額は、「1,056円×100株＋1,069円×100株」の額である。 違反行為ハ．について、重要事実の公表後２週間におけるピクセラの最も高い株価は、２２７円であることから、課徴金の額は下記の金額となる。 （２２７円×４，０００株） － 買付価額４０３，６００円 （注３） ＝５０４，４００円 ⇒課徴金の額は１万円未満を切り捨てるため、 ５０万円 （注３）買付価額は、「100円×400株＋101円×3,600株」の額である。 ２．課徴金納付命令対象者(２)について 金融商品取引法第１７５条第１項に基づき、課徴金の額は、 （重要事実が公表された後２週間における最も高い価格）×（買付株数） －（買付価格）×（買付株数） となる。 したがって、 重要事実の公表後２週間におけるピクセラの最も高い株価は、２２７円であることから、課徴金の額は下記の金額となる。 （２２７円×２０，０００株） － 買付価額２，０７０，０００円 （注４） ＝２，４７０，０００円 ⇒課徴金の額は、 ２４７万円 （注４）買付価額は、「101円×10,000株＋106円×10,000株」の額である。 ３．課徴金納付命令対象者(３)について 金融商品取引法第１７５条第１項に基づき、課徴金の額は、 （重要事実が公表された後２週間における最も高い価格）×（買付株数） －（買付価格）×（買付株数） となる。 したがって、 重要事実の公表後２週間におけるピクセラの最も高い株価は、２２７円であることから、課徴金の額は下記の金額となる。 （２２７円×７１，１００株） － 買付価額７，３５０，２００円 （注５） ＝８，７８９，５００円 ⇒課徴金の額は１万円未満を切り捨てるため、 ８７８万円 （注５）買付価額は、 「96円×1,100株＋97円×10,700株＋98円×6,300株＋99円×1,500株＋100円×3,600株＋101円×3,900株＋103円×5,000株＋104円×5,500株＋105円×12,800株＋106円×2,000株＋107円×6,700株＋110円×5,000株＋111円×7,000株」 の額である。 ４．課徴金納付命令対象者(４)について 金融商品取引法第１７５条の２第１項に基づき、課徴金の額は、 （当該違反行為により当該情報受領者が行った当該買付け等によって得た利得相当額）× １/２ となる。 金融商品取引法第１７５条の２第３項に基づき、利得相当額は、 （重要事実が公表された後２週間における最も高い価格）×（買付株数） －（買付価格）×（買付株数） となる。 したがって、重要事実の公表後２週間におけるピクセラの最も高い株価は、 ２２７円であることから、課徴金の額は下記の金額となる。 課徴金納付命令対象者（２）に対する伝達について、 ｛（２２７円×２０，０００株）－買付価額２，０７０，０００円 （注６） ｝ × １/２ ＝１，２３５，０００円 ⇒課徴金の額は１万円未満を切り捨てるため、 １２３万円 （注６）買付価額は、「101円×10,000株＋106円×10,000株」の額である。 課徴金納付命令対象者（３）に対する伝達について、 ｛（２２７円×７１，１００株）－買付価額７，３５０，２００円 （注７） ｝ × １/２ ＝４，３９４，７５０円 ⇒課徴金の額は１万円未満を切り捨てるため、 ４３９万円 （注７）買付価額は、 「96円×1,100株＋97円×10,700株＋98円×6,300株＋99円×1,500株＋100円×3,600株＋101円×3,900株＋103円×5,000株＋104円×5,500株＋105円×12,800株＋106円×2,000株＋107円×6,700株＋110円×5,000株＋111円×7,000株」 の額である。",1
2016-06-23,大手証券会社,,証券取引等監視委員会の活動状況の公表について（平成28年6月23日）,https://www.fsa.go.jp/sesc/reports/n_27/n_27.html,"平成２８年６月２３日 証券取引等監視委員会 証券取引等監視委員会の活動状況の公表について 証券取引等監視委員会（以下「証券監視委」という。）は、金融庁設置法第22条の規定に基づき、毎年、活動状況等を公表しています。今回は、その24回目として、平成27年度（平成27年４月１日～同28年３月31日）の「証券取引等監視委員会の活動状況」を公表します。 公表内容の主なポイント １．金融行政方針を踏まえた取組み （１）市場規律の強化 連携対象の拡大・深化：国税、警察、取引所等に加え、監査役協会、大手証券会社経営陣等との意見交換等の実施 証券監視委の存在の「見える化」：近畿財務局での開催（平成27年11月） 市場規律強化のための情報発信の強化：事案の意義・特徴や発生原因等のわかりやすい説明に努めた。 財務局監視官部門等との連携強化 （２）マクロ的視点、時代の先を見た（Forward looking）市場監視 内外金融・資本市場を巡る動向、資源エネルギー価格の下落に伴うリスク要因等に着目 （３）市場の構造的変化への対応 増大するクロスボーダー取引に対する海外証券当局との連携による迅速な対応 アルゴリズム取引等の実態把握 複雑化・巧妙化する不公正取引等に対する調査手法の高度化への対応（デジタル・フォレンジックの有効な活用等、ＨＦＴのシステム面での対応強化） ２．証券監視委が実施した勧告案件等の事例を掲載（以下は主なもの） 社債発行会社の財務状況の実態を意図的に秘匿・隠蔽したまま、顧客に対して自ら社債販売を継続するとともに、複数の地場証券に対しても社債販売を継続させていた事例 インサイダー取引における情報伝達者への初の課徴金適用 グローバルに活動する上場企業に係る有価証券報告書等の虚偽記載 複雑化・巧妙化した犯則事例（相場操縦や風説の流布・偽計の組み合わせ等） ３．今後の取組み方針 調査・検査で把握した問題点の共通課題の抽出、適時・的確な情報発信 ビジネスモデル等に一層着目したリスクアセスメントを強化し、オンサイト・オフサイト一体となったモニタリングを実施。地場証券のビジネスモデルの実態やその持続可能性等について検証 上場企業の経営環境の変化に伴う開示規制違反の潜在的リスクに着目した情報収集・分析 ●「証券取引等監視委員会の活動状況」の本文へ ◎ 本文 （PDF/1,553KB） ◎ 附属資料 （PDF/2,040KB） ◎ 全文一括印刷用 （PDF/2,857KB） ◎ 概要の英語版 （PDF/39KB）",1
2016-06-15,ゲームオン,,海外に居住する公開買付者の従業員によるゲームオン株式に係る内部者取引に対する課徴金納付命令の勧告について（平成28年6月15日）,https://www.fsa.go.jp/sesc/news/c_2016/2016/20160615-1.html,English version 平成２８年６月１５日 証券取引等監視委員会 海外に居住する公開買付者の従業員によるゲームオン株式に係る内部者取引に対する課徴金納付命令の勧告について １．勧告の内容 証券取引等監視委員会は、株式会社ゲームオン（以下「ゲームオン」という。）株式の公開買付者の従業員である海外居住の個人投資家による内部者取引について検査した結果、下記のとおり法令違反の事実が認められたので、本日、内閣総理大臣及び金融庁長官に対して、金融庁設置法第２０条第１項の規定に基づき、課徴金納付命令を発出するよう勧告を行った。 ２．法令違反の事実関係 課徴金納付命令対象者（大韓民国に居住）は、大韓民国に本社を置くネオウィズ・ゲームズ・コーポレーションの従業員であったが、その職務に関し、同社の業務執行を決定する機関がゲームオン株式の公開買付けを行うことについての決定をした旨の公開買付けの実施に関する事実を知りながら、当該事実の公表前の平成２３年１０月３１日から同年１１月４日までの間、自己の計算において、ゲームオン株式合計５７株を買付価額合計３４１万２３０５円で買い付けたものである。 課徴金納付命令対象者が行った上記の行為は、金融商品取引法第１７５条第２項に規定する「第１６７条第１項又は第３項の規定に違反して、同条第１項に規定する株券等に係る買付け等をした」行為に該当すると認められる。 違反行為事実の概要については、 別紙１ 及び ２ のとおり。 ３．課徴金の額の計算 上記の違法行為について金融商品取引法に基づき算定される課徴金の額は、１６０万円である。 計算方法の詳細については、 別紙３ のとおり。 ４．その他 本件については、大韓民国の金融委員会（Financial Services Commission）及び金融監督院（Financial Supervisory Service）より支援がなされている。 （別紙１） ○ 違反行為事実の概要について（１） （クリックすると拡大されます） （別紙２） ○ 違反行為事実の概要について（２） （クリックすると拡大されます） （別紙３） ○ 課徴金の額の計算方法について 金融商品取引法第１７５条第２項の規定により、当該違反行為に係る課徴金の額は、 （公開買付け等の実施に関する事実の公表後２週間における最も高い価格）×（買付け等の数量）－（買付け等をした価格）×（買付け等の数量） となる。 公開買付け等の実施に関する事実の公表後２週間におけるゲームオン株式の最も高い価格は８８，０００円であることから、 （８８，０００円×５７株）－買付価額（５９，８６５円 （注） ×５７株） ＝１，６０３，６９５円 ⇒金融商品取引法第１７６条第２項の規定により、課徴金の額は、１万円未満の端数を切り捨てた １６０万円 となる。 （注）５９，８６５円は平均買付価格,1
2016-06-07,京セラ株式会社,6971,公開買付者の社員による日本インター株式に係る内部者取引に対する課徴金納付命令の勧告について（平成28年6月7日）,https://www.fsa.go.jp/sesc/news/c_2016/2016/20160607-1.html,English version 平成２８年６月７日 証券取引等監視委員会 公開買付者の社員による日本インター株式に係る内部者取引に対する課徴金納付命令の勧告について １．勧告の内容 証券取引等監視委員会は、公開買付者の社員による日本インター株式に係る内部者取引について検査した結果、下記のとおり法令違反の事実が認められたので、本日、内閣総理大臣及び金融庁長官に対して、金融庁設置法第２０条第１項の規定に基づき、課徴金納付命令を発出するよう勧告を行った。 ２．法令違反の事実関係 課徴金納付命令対象者は、京セラ株式会社（以下「京セラ」という。）の社員であったが、京セラの業務執行を決定する機関が、日本インター株式会社（以下「日本インター」という。）の株式の公開買付けを行うことについての決定をした旨の公開買付けの実施に関する事実を知りながら、上記事実の公表がされた平成２７年７月３０日午後４時頃より前の同年７月６日から同年７月３０日午後２時１３分頃までの間、自己の計算において、日本インター株式合計３３００株を買付価額合計６０万８３００円で買い付けたものである。 違反行為事実の概要については、 別図 のとおり。 課徴金納付命令対象者が行った上記の行為は、金融商品取引法第１７５条第２項に規定する「第１６７条第１項又は第３項の規定に違反して、同条第１項に規定する売買等をした」行為に該当すると認められる。 ３．課徴金の額の計算 上記の違法行為に対し金融商品取引法に基づき納付を命じられる課徴金の額は、１３万円である。 計算方法の詳細については、 別紙 のとおり。 （別図） ○ 違反行為事実の概要について （クリックすると拡大されます） （別紙） ○ 課徴金の額の計算方法について 金融商品取引法第１７５条第２項に基づき、課徴金の額は、 （公開買付け等の実施に関する事実が公表された後２週間における最も高い価格）×（買付株数） －（買付価格）×（買付株数） となる。 したがって、公開買付け等の実施に関する事実の公表後２週間における日本インターの最も高い株価は、２２６円であることから、課徴金の額は下記の金額となる。 （２２６円×３，３００株） － 買付価額６０８，３００円 （注） ＝１３７，５００円 ⇒課徴金の額は１万円未満を切り捨てるため、 １３万円 （注）買付価額は、 「166円×400株＋167円×200株＋179円×600株＋180円×200株＋187円×300株＋189円×400株＋193円×300株＋194円×300株＋195円×300株＋196円×300株」 の合計額である。,1
2016-05-24,フリービット株式会社,3843,フリービット株式会社との契約締結交渉者及び同人からの情報受領者による内部者取引に対する課徴金納付命令の勧告について（平成28年5月24日）,https://www.fsa.go.jp/sesc/news/c_2016/2016/20160524-1.html,"English version 平成２８年５月２４日 証券取引等監視委員会 フリービット株式会社との契約締結交渉者及び同人からの情報受領者による内部者取引に対する課徴金納付命令の勧告について １．勧告の内容 証券取引等監視委員会は、フリービット株式会社との契約締結交渉者及び同人からの情報受領者による内部者取引について検査した結果、下記のとおり法令違反の事実が認められたので、本日、内閣総理大臣及び金融庁長官に対して、金融庁設置法第２０条第１項の規定に基づき、課徴金納付命令を発出するよう勧告を行った。 ２．法令違反の事実関係 課徴金納付命令対象者（１）は、フリービット株式会社（以下「ＦＢ」という。）と課徴金納付命令対象者（１）との間で行っていた、同社のモバイル事業への課徴金納付命令対象者（１）等の参画を内容とするマーケティングコンサルティング業務委託契約、雇用契約及び新株予約権割当契約締結の交渉に関し、ＦＢの業務執行を決定する機関がカルチュア・コンビニエンス・クラブ株式会社及びＣＣＣモバイル株式会社（平成２７年１２月１１日商号変更によりＣＣＣモバイルホールディングス株式会社。）と業務上の提携を行うことについての決定をした旨の重要事実を知りながら、上記重要事実の公表がされた平成２７年２月１８日より前の同年１月２８日、自己の計算において、ＦＢ株式合計５０００株を買付価額合計４９０万円で買い付けたものである。 課徴金納付命令対象者（２）は、課徴金納付命令対象者（１）から、ＦＢと課徴金納付命令対象者（１）との間で行っていた、ＦＢのモバイル事業への課徴金納付命令対象者（１）等の参画を内容とするマーケティングコンサルティング業務委託契約、雇用契約及び新株予約権割当契約締結の交渉に関し、課徴金納付命令対象者（１）が知ったＦＢの業務執行を決定する機関がカルチュア・コンビニエンス・クラブ株式会社及びＣＣＣモバイル株式会社と業務上の提携を行うことについての決定をした旨の重要事実の伝達を受けながら、上記重要事実の公表がされた平成２７年２月１８日より前の同年１月２９日及び同月３０日、自己の計算において、ＦＢ株式合計１万株を買付価額合計１０００万円で買い付けたものである。 違反行為事実の概要については、 別図 のとおり。 課徴金納付命令対象者（１）及び（２）が行った上記の行為は、金融商品取引法第１７５条第１項に規定する「第１６６条第１項又は第３項の規定に違反して、同条第１項に規定する売買等をした」行為に該当すると認められる。 ３．課徴金の額の計算 上記の違法行為に対し、金融商品取引法に基づき納付を命じられる課徴金の額は、下記のとおりである。 課徴金納付命令対象者（１）１９８万円 課徴金納付命令対象者（２）３７７万円 計算方法の詳細については、 別紙 のとおり。 （別図） ○ 違反行為事実の概要について （クリックすると拡大されます） （別紙） ○ 課徴金の額の計算方法について １．課徴金納付命令対象者(１) 金融商品取引法第１７５条第１項に基づき、課徴金の額は、 （重要事実が公表された後２週間における最も高い価格）×（買付株数） －（買付価格）×（買付株数） となる。 したがって、重要事実の公表後２週間におけるフリービットの最も高い株価は、１，３７７円であることから、課徴金の額は下記の金額となる。 （１，３７７円×５，０００株） － 買付価額４，９００，０００円 （注１） ＝１，９８５，０００円 ⇒課徴金の額は１万円未満を切り捨てるため、 １９８万円 （注１）買付価額は、「980円×5,000株」の額である。 ２．課徴金納付命令対象者(２) 金融商品取引法第１７５条第１項に基づき、課徴金の額は、 （重要事実が公表された後２週間における最も高い価格）×（買付株数） －（買付価格）×（買付株数） となる。 したがって、重要事実の公表後２週間におけるフリービットの最も高い株価は、１，３７７円であることから、課徴金の額は下記の金額となる。 （１，３７７円×１０，０００株） － 買付価額１０，０００，０００円 （注２） ＝３，７７０，０００円 ⇒課徴金の額は、 ３７７万円 （注２）買付価額は、「1,000円×10,000株」の額である。",1
2016-03-25,日本マニュファクチャリングサービス株式会社,,日本マニュファクチャリングサービス株式会社との契約締結交渉者の社員による内部者取引に対する課徴金納付命令の勧告について（平成28年3月25日）,https://www.fsa.go.jp/sesc/news/c_2016/2016/20160325-2.html,"English version 平成２８年３月２５日 証券取引等監視委員会 日本マニュファクチャリングサービス株式会社との契約締結交渉者の社員による内部者取引に対する課徴金納付命令の勧告について １．勧告の内容 証券取引等監視委員会は、日本マニュファクチャリングサービス株式会社との契約締結交渉者の社員による内部者取引違反行為について検査した結果、下記のとおり法令違反の事実が認められたので、本日、内閣総理大臣及び金融庁長官に対して、金融庁設置法第２０条第１項の規定に基づき、課徴金納付命令を発出するよう勧告を行った。 ２．法令違反の事実関係 課徴金納付命令対象者は、兼松株式会社（以下「兼松」という。）の社員であったが、日本マニュファクチャリングサービス株式会社（以下「日本マニュファクチャリングサービス」という。）と兼松との資本業務提携に関する契約締結の交渉に関し、日本マニュファクチャリングサービスの業務執行を決定する機関が、兼松と業務上の提携を行うこと及び同社に対する第三者割当により自己株式の処分を行うことについての決定をした旨の重要事実を知りながら、上記重要事実が公表された平成２７年３月３０日より前の同年３月２７日、自己の計算において、日本マニュファクチャリングサービス株式合計２０００株を買付価額合計８０万４６００円で買い付けたものである。 違反行為事実の概要については、別図のとおり。 課徴金納付命令対象者が行った上記の行為は、金融商品取引法第１７５条第１項に規定する「第１６６条第１項又は第３項の規定に違反して、同条第１項に規定する売買等をした」行為に該当すると認められる。 ３．課徴金の額の計算 上記の違法行為に対し、金融商品取引法に基づき納付を命じられる課徴金の額は、７７万円である。 計算方法の詳細については、別紙のとおり。 （別図） ○ 違反行為事実の概要について （クリックすると拡大されます） （別紙） ○ 課徴金の額の計算方法について 金融商品取引法第１７５条第１項に基づき、課徴金の額は、 （重要事実が公表された後２週間における最も高い価格）×（買付株数） －（買付価格）×（買付株数） となる。 したがって、重要事実の公表後２週間における日本マニュファクチャリングサービスの最も高い株価は、７８９円であることから、課徴金の額は下記の金額となる。 （７８９円×２，０００株） － 買付価額８０４，６００円 （注１） ＝７７３，４００円 ⇒課徴金の額は１万円未満を切り捨てるため、 ７７万円 （注１）買付価額は、 「400円×1,100株＋404円×300株＋405円×200株＋406円×400株」 の額である。",1
2016-03-25,株式会社ＳＨＩＦＴ,3697,株式会社ＳＨＩＦＴ役員からの情報受領者による内部者取引違反行為及び当該役員による重要事実に係る伝達違反行為に対する課徴金納付命令の勧告について（平成28年3月25日）,https://www.fsa.go.jp/sesc/news/c_2016/2016/20160325-1.html,"English version 平成２８年３月２５日 証券取引等監視委員会 株式会社ＳＨＩＦＴ役員からの情報受領者による内部者取引違反行為及び当該役員による重要事実に係る伝達違反行為に対する課徴金納付命令の勧告について ※　本件のうち、課徴金納付命令対象者（２）については、金融庁において平成２９年４月１１日に課徴金納付命令決定を行いましたが、令和４年１０月２８日に 同決定は取り消されました 。 １．勧告の内容 証券取引等監視委員会は、株式会社ＳＨＩＦＴ役員からの情報受領者による内部者取引違反行為及び当該役員による重要事実に係る伝達違反行為について検査した結果、下記のとおり法令違反の事実が認められたので、本日、内閣総理大臣及び金融庁長官に対して、金融庁設置法第２０条第１項の規定に基づき、課徴金納付命令を発出するよう勧告を行った。 ２．法令違反の事実関係 課徴金納付命令対象者（１）は、株式会社ＳＨＩＦＴ（以下「ＳＨＩＦＴ」という。）の役員として勤務している課徴金納付命令対象者（２）から、同人がその職務に関し知った、 (1)同社の業務執行を決定する機関が、株式の分割を行うことについての決定をした旨の、ＳＨＩＦＴの業務等に関する重要事実の伝達を受けながら、上記重要事実の公表がされた平成２７年１月９日午後３時頃より前の同日午後２時１７分頃、自己の計算において、ＳＨＩＦＴ株式合計２０００株を買付価額合計１０３５万円で買い付け (2)同社の属する企業集団の平成２７年９月１日から平成２８年８月３１日までの会計期間の売上高及び親会社株主に帰属する当期純利益について、平成２７年１０月８日に公表された直近の予想値（親会社株主に帰属する当期純利益２億８８００万円）に比較して、同社が新たに算出した予想値において、投資者の投資判断に及ぼす影響が重要なものとなる差異が生じた旨の重要事実の伝達を受けながら、同社において新たに算出した平成２８年８月期の予想値（親会社株主に帰属する当期純利益１億７８００万円）の公表がされた平成２８年１月１２日午後３時頃より前の同月８日から同月１２日午後２時５８分頃までの間、自己の計算において、ＳＨＩＦＴ株式合計２万株を売付価額合計２０６１万２００円で売り付け たものである。 違反行為事実の概要については、別図のとおり。 課徴金納付命令対象者（１）が行った上記の行為は、金融商品取引法第１７５条第１項に規定する「第１６６条第１項又は第３項の規定に違反して、同条第１項に規定する売買等をした」行為に該当すると認められる。 課徴金納付命令対象者（２）は、株式会社ＳＨＩＦＴ（以下「ＳＨＩＦＴ」という。）の役員として勤務している者であるが、その職務に関し知った、同社の属する企業集団の平成２７年９月１日から平成２８年８月３１日までの会計期間の親会社株主に帰属する当期純利益について、平成２７年１０月８日に公表された直近の予想値（親会社株主に帰属する当期純利益２億８８００万円）に比較して、同社が新たに算出した予想値において、投資者の投資判断に及ぼす影響が重要なものとなる差異が生じた旨の重要事実を、課徴金納付命令対象者（１）に対し、同社において新たに算出した平成２８年８月期の予想値（親会社株主に帰属する当期純利益１億７８００万円）の公表がされる前にＳＨＩＦＴ株式の売付けをさせることにより同人の損失の発生を回避させる目的をもって、伝達したものである。 課徴金納付命令対象者（１）は、上記事実が公表された平成２８年１月１２日午後３時頃より前の同月８日から同月１２日午後２時５８分頃までの間、自己の計算において、ＳＨＩＦＴ株式合計２万株を売付価額合計２０６１万２００円で売り付けたものである。 違反行為事実の概要については、別図のとおり。 課徴金納付命令対象者（２）が行った上記の行為は、金融商品取引法第１７５条の２第１項に規定する「第１６７の２条第１項の規定に違反して、同項の伝達をし、又は同項の売買等をすることを勧める」行為に該当すると認められる。 ３．課徴金の額の計算 上記の違法行為に対し、金融商品取引法に基づき納付を命じられる課徴金の額は、下記のとおりである。 課徴金納付命令対象者（１）１３８０万円 課徴金納付命令対象者（２）３５１万円 計算方法の詳細については、別紙のとおり。 （別図） ○違反行為事実の概要について （クリックすると拡大されます） （別紙） ○課徴金の額の計算方法について １．課徴金納付命令対象者(１) 違反行為（１）について、 金融商品取引法第１７５条第１項に基づき、課徴金の額は、 （重要事実が公表された後２週間における最も高い価格）×（買付株数） －（買付価格）×（買付株数） となる。 したがって、重要事実の公表後２週間におけるＳＨＩＦＴの最も高い株価は、 ８，５６０円であることから、課徴金の額は下記の金額となる。 （８，５６０円×２，０００株） － 買付価額１０，３５０，０００円 （注１） ＝６，７７０，０００円 ⇒課徴金の額は、 ６７７万円 （注１）買付価額は、 「5,160円×600株＋5,170円×300株＋5,180円×600株＋5,190円×500株」 の額である。 違反行為（２）について、 金融商品取引法第１７５条第１項に基づき、課徴金の額は、 （売付価格）×（売付株数） －（重要事実の公表された後２週間における最も低い価格）×（売付株数） となる。 したがって、重要事実の公表後２週間におけるＳＨＩＦＴの最も低い株価は、 ６７９円であることから、課徴金の額は下記の金額となる。 売付価額２０，６１０，２００円 （注２） － （６７９円×２０，０００株） ＝７，０３０，２００円 ⇒課徴金の額は１万円未満を切り捨てるため、 ７０３万円 （注２）売付価額は、 「1,000円×1,100株＋1,001円×400株＋1,002円×200株＋1,003円×100株＋1,005円×1,200株＋1,015円×800株＋1,016円×300株＋1,018円×100株＋1,019円×400株＋1,020円×100株＋1,021円×300株＋1,026円×1,800株＋1,027円×1,600株＋1,029円×100株＋1,030円×100株＋1,031円×400株＋1,035円×1,000株＋1,038円×2,000株＋1,040円×2,000株＋1,041円×300株＋1,042円×1,100株＋1,043円×300株＋1,045円×1,200株＋1,046円×1,800株＋1,047円×1,300株」 の額である。 ２．課徴金納付命令対象者(２) 金融商品取引法第１７５条の２第１項に基づき、課徴金の額は、 （当該違反行為により当該情報受領者が行った当該売付け等によって得た利得相当額）× １/２ となる。 金融商品取引法第１７５条の２第３項に基づき、利得相当額は、 （売付価格）×（売付株数） －（重要事実が公表された後２週間における最も低い価格）×（売付株数） となる。 したがって、重要事実の公表後２週間におけるＳＨＩＦＴの最も低い株価は、 ６７９円であることから、課徴金の額は下記の金額となる。 ｛売付価額２０，６１０，２００円 （注３） － （６７９円×２０，０００株）｝ × １/２ ＝３，５１５，１００円 ⇒課徴金の額は１万円未満を切り捨てるため、 ３５１万円 （注３）売付価額は、 「1,000円×1,100株＋1,001円×400株＋1,002円×200株＋1,003円×100株＋1,005円×1,200株＋1,015円×800株＋1,016円×300株＋1,018円×100株＋1,019円×400株＋1,020円×100株＋1,021円×300株＋1,026円×1,800株＋1,027円×1,600株＋1,029円×100株＋1,030円×100株＋1,031円×400株＋1,035円×1,000株＋1,038円×2,000株＋1,040円×2,000株＋1,041円×300株＋1,042円×1,100株＋1,043円×300株＋1,045円×1,200株＋1,046円×1,800株＋1,047円×1,300株」 の額である。",1
2016-02-16,江守グループホールディングス株式会社,,江守グループホールディングス株式会社役員からの情報受領者による内部者取引に対する課徴金納付命令の勧告について（平成28年2月16日）,https://www.fsa.go.jp/sesc/news/c_2016/2016/20160216-1.html,"English version 平成２８年２月１６日 証券取引等監視委員会 江守グループホールディングス株式会社役員からの情報受領者による内部者取引に対する課徴金納付命令の勧告について １．勧告の内容 証券取引等監視委員会は、江守グループホールディングス株式会社役員からの情報受領者による内部者取引について検査した結果、下記のとおり法令違反の事実が認められたので、本日、内閣総理大臣及び金融庁長官に対して、金融庁設置法第２０条第１項の規定に基づき、課徴金納付命令を発出するよう勧告を行った。 ２．法令違反の事実関係 課徴金納付命令対象者（１）は、江守グループホールディングス株式会社（以下「江守ＧＨＤ」という。）の連結子会社の社員であるが、江守ＧＨＤの役員から、同人が職務に関し知った、中華人民共和国に設立された江守ＧＨＤの連結子会社の主要得意先のほとんどについて売掛債権の回収可能性に疑義が生じたことなどに伴い、江守ＧＨＤの平成２７年３月期第３四半期連結累計期間において貸倒引当金繰入額約４６２億円を特別損失に計上することが確実になった旨の、江守ＧＨＤの業務等に関する重要事実の伝達を受けながら、上記事実の公表がされた平成２７年３月１６日より前の同月６日、自己の計算において、江守ＧＨＤ株式合計１７００株を売付価額合計１６２万６０００円で売り付けたものである。 課徴金納付命令対象者（２）は、江守グループホールディングス株式会社の連結子会社の社員であるが、課徴金納付命令対象者（１）から、江守ＧＨＤの役員が職務に関し知り、その後、課徴金納付命令対象者（１）がその職務上同役員から伝達を受けた、中華人民共和国に設立された江守ＧＨＤの連結子会社の主要得意先のほとんどについて売掛債権の回収可能性に疑義が生じたことなどに伴い、江守ＧＨＤの平成２７年３月期第３四半期連結累計期間において貸倒引当金繰入額約４６２億円を特別損失に計上することが確実になった旨の、江守ＧＨＤの業務等に関する重要事実をその職務に関し知りながら、上記事実の公表がされた平成２７年３月１６日より前の同月１０日、自己の計算において、江守ＧＨＤ株式合計１万２４００株を売付価額合計１１５４万４４００円で売り付けたものである。 違反行為事実の概要については、別図のとおり。 課徴金納付命令対象者（１）及び（２）が行った上記の行為は、金融商品取引法第１７５条第１項に規定する「第１６６条第１項又は第３項の規定に違反して、同条第１項に規定する売買等をした」行為に該当すると認められる。 ３．課徴金の額の計算 上記の違法行為に対し、金融商品取引法に基づき納付を命じられる課徴金の額は、下記のとおりである。 課徴金納付命令対象者（１） １０７万円 課徴金納付命令対象者（２） ７５３万円 計算方法の詳細については、別紙のとおり。 （別図） ○ 違反行為事実の概要について （クリックすると拡大されます） （別紙） ○ 課徴金の額の計算方法について 金融商品取引法第１７５条第１項に基づき、課徴金の額は、 （売付価格）×（売付株数） －（重要事実が公表された後２週間における最も低い価格）×（売付株数） となる。 したがって、重要事実の公表後２週間における江守ＧＨＤの最も低い株価は、３２３円であることから、課徴金の額は下記の金額となる。 課徴金納付命令対象者（１） 売付価額１，６２６，０００円 （注１） － （３２３円×１，７００株） ＝１，０７６，９００円 ⇒課徴金の額は１万円未満を切り捨てるため、 １０７万円 （注１）売付価額は、 「955円×400株＋956円×500株＋957円×400株＋958円×400株」 の額である。 課徴金納付命令対象者（２） 売付価額１１，５４４，４００円 （注２） － （３２３円×１２，４００株） ＝７，５３９，２００円 ⇒課徴金の額は１万円未満を切り捨てるため、 ７５３万円 （注２）売付価額は、 「931円×12,400株」 の額である。",1
2016-02-02,石山Ｇａｔｅｗａｙ Ｈｏｌｄｉｎｇｓ株式会社,,石山Ｇａｔｅｗａｙ Ｈｏｌｄｉｎｇｓ株式会社の社員からの情報受領者による内部者取引に対する課徴金納付命令の勧告について（平成28年2月2日）,https://www.fsa.go.jp/sesc/news/c_2016/2016/20160202-3.html,"English version 平成２８年２月２日 証券取引等監視委員会 石山Ｇａｔｅｗａｙ Ｈｏｌｄｉｎｇｓ株式会社の社員からの情報受領者による内部者取引に対する課徴金納付命令の勧告について １．勧告の内容 証券取引等監視委員会は、石山Ｇａｔｅｗａｙ Ｈｏｌｄｉｎｇｓ株式会社の社員からの情報受領者による内部者取引について検査した結果、下記のとおり法令違反の事実が認められたので、本日、内閣総理大臣及び金融庁長官に対して、金融庁設置法第２０条第１項の規定に基づき、課徴金納付命令を発出するよう勧告を行った。 ２．法令違反の事実関係 課徴金納付命令対象者は、石山Ｇａｔｅｗａｙ Ｈｏｌｄｉｎｇｓ株式会社（以下「ゲートウェイ」という。）の社員である者から、同人がその職務に関し知った、同社が有価証券報告書の虚偽記載をしたとする金融商品取引法違反の嫌疑事実により証券取引等監視委員会の強制調査を受けた旨の、同社の運営、業務又は財産に関する重要な事実であって投資者の投資判断に著しい影響を及ぼす事実の伝達を受けながら、上記事実の公表がされた平成２６年１０月３０日午後４時４５分頃より前の同日午前９時頃、自己の計算において、ゲートウェイ株式合計３万８７００株を売付価額合計３６７万６５００円で売り付けたものである。 違反行為事実の概要については、別図のとおり。 課徴金納付命令対象者が行った上記の行為は、金融商品取引法第１７５条第１項に規定する「第１６６条第１項又は第３項の規定に違反して、同条第１項に規定する売買等をした」行為に該当すると認められる。 ３．課徴金の額の計算 上記の違法行為に対し、金融商品取引法に基づき納付を命じられる課徴金の額は、２３６万円である。 計算方法の詳細については、別紙のとおり。 （別図） ○ 違反行為事実の概要について （クリックすると拡大されます） （別紙） ○ 課徴金の額の計算方法について 金融商品取引法第１７５条第１項に基づき、課徴金の額は、 （売付価格）×（売付株数） －（重要事実が公表された後２週間における最も低い価格）×（売付株数） となる。 したがって、重要事実公表後２週間におけるゲートウェイの最も低い株価は、 ３４円であることから、課徴金の額は下記の金額となる。 売付価額３，６７６，５００円 （注） － （３４円×３８，７００株） ＝２，３６０，７００円 ⇒課徴金の額は１万円未満を切り捨てるため、 ２３６万円 （注）売付価額は、 「95円×38,700株」 の額である。",1
2016-02-09,株式会社アイロムホールディングス,,株式会社アイロムホールディングス社員からの情報受領者による内部者取引違反行為及び当該社員による重要事実に係る伝達違反行為に対する課徴金納付命令の勧告について（平成28年2月9日）,https://www.fsa.go.jp/sesc/news/c_2016/2016/20160209-1.html,"English version 平成２８年２月９日 証券取引等監視委員会 株式会社アイロムホールディングス社員からの情報受領者による内部者取引違反行為及び当該社員による重要事実に係る伝達違反行為に対する課徴金納付命令の勧告について １．勧告の内容 証券取引等監視委員会は、株式会社アイロムホールディングス社員からの情報受領者による内部者取引違反行為及び当該社員による重要事実に係る伝達違反行為について検査した結果、下記のとおり法令違反の事実が認められたので、本日、内閣総理大臣及び金融庁長官に対して、金融庁設置法第２０条第１項の規定に基づき、課徴金納付命令を発出するよう勧告を行った。 ２．法令違反の事実関係 (1) 課徴金納付命令対象者（１）について 課徴金納付命令対象者（１）は、株式会社アイロムホールディングス（平成２７年７月１日商号変更で株式会社アイロムグループ。以下「アイロム」という。）の社員であった課徴金納付命令対象者（２）から、同人がその職務に関し知った、同社の子会社であるディナベック株式会社（平成２７年４月１日商号変更で株式会社ＩＤファーマ。）の業務執行を決定する機関が、大日本住友製薬株式会社と業務上の提携を行うことについての決定をした旨の重要事実の伝達を受けながら、当該事実の公表がされた平成２６年９月３０日より前の同月２４日、自己の計算において、アイロム株式合計２０００株を買付価額合計１５８万円で買い付けたものである。 違反行為事実の概要については、別図のとおり。 課徴金納付命令対象者（１）が行った上記の行為は、金融商品取引法第１７５条第１項に規定する「第１６６条第１項又は第３項の規定に違反して、同条第１項に規定する売買等をした」行為に該当すると認められる。 (2) 課徴金納付命令対象者（２）について 課徴金納付命令対象者（２）は、株式会社アイロムホールディングス（平成２７年７月１日商号変更で株式会社アイロムグループ。以下「アイロム」という。）の社員であったが、その職務に関し知った、同社の子会社であるディナベック株式会社（平成２７年４月１日商号変更で株式会社ＩＤファーマ。）の業務執行を決定する機関が、大日本住友製薬株式会社と業務上の提携を行うことについての決定をした旨の重要事実を、課徴金納付命令対象者（１）に対し、上記事実が公表される前にアイロム株式の買付けをさせることにより同人に利益を得させる目的をもって、伝達したものである。 課徴金納付命令対象者（１）は、上記事実の公表がされた平成２６年９月３０日より前の同月２４日、自己の計算において、アイロム株式合計２０００株を買付価額合計１５８万円で買い付けたものである。 違反行為事実の概要については、別図のとおり。 課徴金納付命令対象者（２）が行った上記の行為は、金融商品取引法第１７５条の２第１項に規定する「第１６７条の２第１項の規定に違反して、同項の伝達をし、又は同項の売買等をすることを勧める」行為に該当すると認められる。 ３．課徴金の額の計算 上記の違法行為に対し、金融商品取引法に基づき納付を命じられる課徴金の額は、下記のとおりである。 課徴金納付命令対象者（１） １０２万円 課徴金納付命令対象者（２） ５１万円 計算方法の詳細については、別紙のとおり。 （別図） ○ 違反行為事実の概要について （クリックすると拡大されます） （別紙） ○ 課徴金の額の計算方法について １．課徴金納付命令対象者(１) 金融商品取引法第１７５条第１項に基づき、課徴金の額は、 （重要事実が公表された後２週間における最も高い価格）×（買付株数） －（買付価格）×（買付株数） となる。 したがって、重要事実の公表後２週間におけるアイロムの最も高い株価は、１，３００円であることから、課徴金の額は下記の金額となる。 （１，３００円×２，０００株） － 買付価額１，５８０，０００円 （注１） ＝１，０２０，０００円 ⇒課徴金の額は、 １０２万円 （注１）買付価額は、「790円×2,000株」の額である。 ２．課徴金納付命令対象者(２) 金融商品取引法第１７５条の２第１項に基づき、課徴金の額は、 （当該違反行為により当該情報受領者が行った当該買付け等によって得た利得相当額）× １/２ となる。 金融商品取引法第１７５条の２第３項に基づき、利得相当額は、 （重要事実が公表された後２週間における最も高い価格）×（買付株数） －（買付価格）×（買付株数） となる。 したがって、重要事実の公表後２週間におけるアイロムの最も高い株価は、１，３００円であることから、課徴金の額は下記の金額となる。 ｛（１，３００円×２，０００株） － 買付価額１，５８０，０００円 （注２） ｝ × １/２ ＝５１０，０００円 ⇒課徴金の額は、 ５１万円 （注２）買付価額は、「790円×2,000株」の額である。",1
2017-12-15,エヌジェーケー,,公開買付者の社員及び同人から情報を受領した者によるエヌジェーケー株式に係る内部者取引違反行為並びに当該社員による公開買付けの実施に関する事実に係る伝達違反行為に対する課徴金納付命令の勧告について,https://www.fsa.go.jp/sesc/news/c_2017/2017/20171215-2.html,"English version 平成29年12月15日 証券取引等監視委員会 公開買付者の社員及び同人から情報を受領した者によるエヌジェーケー株式に係る内部者取引違反行為並びに当該社員による公開買付けの実施に関する事実に係る伝達違反行為に対する課徴金納付命令の勧告について １．勧告の内容 証券取引等監視委員会は、公開買付者の社員及び同人から情報を受領した者によるエヌジェーケー株式に係る内部者取引違反行為並びに当該社員による公開買付けの実施に関する事実に係る伝達違反行為について検査した結果、下記のとおり法令違反の事実が認められたので、本日、内閣総理大臣及び金融庁長官に対して、金融庁設置法第２０条第１項の規定に基づき、課徴金納付命令を発出するよう勧告を行った。 ２．法令違反の事実関係 （１）課徴金納付命令対象者（１）について ア．違反行為事実A 課徴金納付命令対象者（１）は、株式会社エヌ・ティ・ティ・データ（以下「ＮＴＴデータ」という。）に勤務していた者であるが、同人がその職務に関し、同社の業務執行を決定する機関が、株式会社エヌジェーケー（以下「ＮＪＫ」という。平成２８年８月２２日上場廃止。）の株式の公開買付けを行うことについての決定をした旨の公開買付けの実施に関する事実を知りながら、上記事実の公表がされた平成２８年５月１０日より前の同年４月２１日及び同月２５日、自己の計算において、ＮＪＫ株式合計４００株を買付価額合計１９万２１００円で買い付けたものである。 イ．違反行為事実B 課徴金納付命令対象者（１）は、同人がその職務に関し知った、ＮＴＴデータの業務執行を決定する機関が、ＮＪＫの株式の公開買付けを行うことについての決定をした旨の公開買付けの実施に関する事実を、課徴金納付命令対象者（２）に対し、上記事実の公表がされる前にＮＪＫ株式の買付けをさせることにより同人に利益を得させる目的をもって、伝達したものである。 課徴金納付命令対象者（２）は、上記事実の公表がされた平成２８年５月１０日より前の同年４月２１日から同年５月９日までの間、自己の計算において、ＮＪＫ株式合計１２００株を買付価額合計５６万７７００円で買い付けたものである。 違反行為事実の概要については、 別図 のとおり。 課徴金納付命令対象者（１）が行った 上記ア．の行為は、金融商品取引法第１７５条第２項に規定する「第１６７条第１項又は第３項の規定に違反して、同条第１項に規定する特定株券等若しくは関連株券等に係る買付け等」をした行為に、 上記イ．の行為は、金融商品取引法第１７５条の２第２項に規定する「第１６７条の２第２項の規定に違反して、同項の伝達をし、又は同項の買付け等若しくは売付け等をすることを勧める」行為に、 該当すると認められる。 （２）課徴金納付命令対象者(２)について 課徴金納付命令対象者（２）は、ＮＴＴデータに勤務していた課徴金納付命令対象者（１）から、同人がその職務に関し知った、同社の業務執行を決定する機関が、ＮＪＫの株式の公開買付けを行うことについての決定をした旨の公開買付けの実施に関する事実の伝達を受けながら、上記事実の公表がされた平成２８年５月１０日より前の同年４月２１日から同年５月９日までの間、自己の計算において、ＮＪＫ株式合計１２００株を買付価額合計５６万７７００円で買い付けたものである。 違反行為事実の概要については、 別図 のとおり。 課徴金納付命令対象者（２）が行った上記の行為は、金融商品取引法第１７５条第２項に規定する「第１６７条第１項又は第３項の規定に違反して、同条第１項に規定する特定株券等若しくは関連株券等に係る買付け等」をした行為に該当すると認められる。 ３．課徴金の額の計算 上記の違法行為に対し、金融商品取引法に基づき納付を命じられる課徴金の額は、下記のとおりである。 課徴金納付命令対象者（１）１９万円 課徴金納付命令対象者（２）２４万円 計算方法の詳細については、 別紙 のとおり。 （別図） ○違反行為事実の概要について （クリックすると拡大されます） （別紙） ○課徴金の額の計算方法について １． 課徴金納付命令対象者（１）について （１）違反行為事実Aに係る課徴金の額 ア．金融商品取引法第１７５条第２項第２号の規定により、当該有価証券の買付けについて、公開買付け等の実施に関する事実の公表がされた後２週間における最も高い価格（677円）に当該有価証券の買付けの数量を乗じて得た額から当該有価証券の買付けをした価格にその数量を乗じて得た額を控除した額。 （677円×400株） －（472円×200株＋488円×100株＋489円×100株） ＝78,700円 イ．金融商品取引法第１７６条第２項の規定により、上記ア．で計算した額の１万円未満の端数を切捨て。 （２）違反行為事実Bに係る課徴金の額 ア．金融商品取引法第１７５条の２第２項第３号の規定により、当該違反行為により当該情報受領者等が行った当該買付けによって得た利得相当額に２分の１を乗じて得た額。 利得相当額とは、同条第４項第２号の規定により、情報受領者等が株券等の買付けをした場合、当該株券等の買付けについて公開買付け等の実施に関する事実の公表がされた後２週間における最も高い価格（677円）に当該株券等の買付けの数量を乗じて得た額から当該株券等の買付けをした価格にその数量を乗じて得た額を控除した額。 ｛（677円×1,200株）－（460円×200株＋470円×400株＋471円×100株 ＋478円×100株＋481円×200株＋483円×200株）｝×1/2 ＝122,350円 イ．金融商品取引法第１７６条第２項の規定により、上記ア．で計算した額の１万円未満の端数を切捨て。 （３）上記（１）及び（２）により算定した額の合計 70,000円＋120,000円＝190,000円となる。 ２． 課徴金納付命令対象者（２）について （１）金融商品取引法第１７５条第２項第２号の規定により、当該有価証券の買付けについて、公開買付け等の実施に関する事実の公表がされた後２週間における最も高い価格（677円）に当該有価証券の買付けの数量を乗じて得た額から当該有価証券の買付けをした価格にその数量を乗じて得た額を控除した額。 （677円×1,200株） －（460円×200株＋470円×400株＋471円×100株＋478円×100株＋481円×200株＋483円×200株） ＝244,700円 （２）金融商品取引法第１７６条第２項の規定により、上記（１）で計算した額の１万円未満の端数を切捨て。",1
2017-12-15,株式会社ジャパンインベストメントアドバイザー,,株式会社ジャパンインベストメントアドバイザー社員による内部者取引に対する課徴金納付命令の勧告について,https://www.fsa.go.jp/sesc/news/c_2017/2017/20171215-3.html,"English version 平成29年12月15日 証券取引等監視委員会 株式会社ジャパンインベストメントアドバイザー社員による内部者取引に対する課徴金納付命令の勧告について １．勧告の内容 証券取引等監視委員会は、株式会社ジャパンインベストメントアドバイザー社員による内部者取引について検査した結果、下記のとおり法令違反の事実が認められたので、本日、内閣総理大臣及び金融庁長官に対して、金融庁設置法第２０条第１項の規定に基づき、課徴金納付命令を発出するよう勧告を行った。 ２．法令違反の事実関係 課徴金納付命令対象者は、株式会社ジャパンインベストメントアドバイザー（以下「ＪＩＡ」という。）に勤務していた者であるが、 （１）違反行為事実Ａ 同人がその職務に関し、同社の業務執行を決定する機関が、自己の株式の取得を行うことについての決定をした旨の重要事実を知りながら、上記事実の公表がされた平成２７年７月２９日より前の同年６月２９日から同年７月１７日までの間、自己及び親族の計算において、ＪＩＡ株式合計７４００株を買付価額合計１１１９万５１９０円で買い付け （２）違反行為事実Ｂ 同人がその職務に関し、同社の業務執行を決定する機関が、Ｍ＆Ａアドバイザリー事業に特化した専門子会社を設立することについての決定をした旨の重要事実を知りながら、上記事実の公表がされた平成２７年１１月１６日午後３時頃より前の同日午前９時３２分頃から午後３時までの間、自己及び親族の計算において、ＪＩＡ株式合計１５００株を買付価額合計２６４万５１８０円で買い付け （３）違反行為事実Ｃ 同人がその職務に関し、同社の業務執行を決定する機関が、ＰＣＩホールディングス株式会社との業務上の提携を行うことについての決定をした旨の重要事実を知りながら、上記事実の公表がされた平成２８年８月１０日午前１１時３０分頃より前の同年７月２９日から同年８月１０日午前１１時３０分までの間、自己及び親族の計算において、ＪＩＡ株式合計７４００株を買付価額合計２０６６万９２００円で買い付け たものである。 違反行為事実の概要については、 別図 のとおり。 課徴金納付命令対象者が行った上記の行為は、金融商品取引法第１７５条第１項に規定する「第１６６条第１項又は第３項の規定に違反して、同条第１項に規定する売買等をした」行為に該当すると認められる。 ３．課徴金の額の計算 上記の違法行為に対し、金融商品取引法に基づき納付を命じられる課徴金の額は、４３４万円である。 計算方法の詳細については、 別紙 のとおり。 ４．その他 本件については、日本取引所自主規制法人より提供された情報を参考として、実態解明を行ったものである。 （別図） ○違反行為事実の概要について （クリックすると拡大されます） （別紙） ○課徴金の額の計算方法について １．違反行為事実Aに係る課徴金の額 （１）金融商品取引法第１７５条第１項第２号の規定により、当該有価証券の買付けについて業務等に関する重要事実の公表がされた後２週間における最も高い価格（1,780円）に当該有価証券の買付けの数量を乗じて得た額から当該有価証券の買付けをした価格にその数量を乗じて得た額を控除した額。 （1,780円×7,400株） －（1,406円×100株＋1,415円×200株＋1,421円×100株＋1,426円×100株 ＋1,429円×100株＋1,466円×100株＋1,486円×100株＋1,491円×200株 ＋1,493円×100株＋1,494円×100株＋1,495円×100株＋1,496円×400株 ＋1,497円×100株＋1,498円×200株＋1,499円×100株＋1,500円×100株 ＋1,501円×200株＋1,502円×200株＋1,503円×300株＋1,504円×200株 ＋1,505円×300株＋1,506円×400株＋1,507円×300株＋1,508円×300株 ＋1,509円×100株＋1,510円×200株＋1,511円×100株＋1,514円×100株 ＋1,516円×100株＋1,517円×100株＋1,518円×100株＋1,521円×200株 ＋1,522円×100株＋1,532円×100株＋1,536円×100株＋1,539円×200株 ＋1,541円×100株＋1,561円×100株＋1,561.9円×100株＋1,569円×200株 ＋1,571円×100株＋1,574円×100株＋1,579円×100株＋1,581円×100株 ＋1,582円×200株＋1,585円×100株＋1,587円×100株＋1,588円×100株 ＋1,595円×100株） ＝1,976,810円 （２）金融商品取引法第１７６条第２項の規定により、上記（１）で計算した額の１万円未満の端数を切捨て。 ２．違反行為事実Bに係る課徴金の額 （１）金融商品取引法第１７５条第１項第２号の規定により、当該有価証券の買付けについて業務等に関する重要事実の公表がされた後２週間における最も高い価格（2,036円）に当該有価証券の買付けの数量を乗じて得た額から当該有価証券の買付けをした価格にその数量を乗じて得た額を控除した額。 （2,036円×1,500株） －（1,731円×100株＋1,736円×200株＋1,741円×100株＋1,769.9円×200株 ＋1,770円×100株＋1,771円×400株＋1,774円×100株＋1,777円×100株 ＋1,778円×100株＋1,785円×100株） ＝408,820円 （２）金融商品取引法第１７６条第２項の規定により、上記（１）で計算した額の１万円未満の端数を切捨て。 ３．違反行為事実Cに係る課徴金の額 （１）金融商品取引法第１７５条第１項第２号の規定により、当該有価証券の買付けについて業務等に関する重要事実の公表がされた後２週間における最も高い価格（3,060円）に当該有価証券の買付けの数量を乗じて得た額から当該有価証券の買付けをした価格にその数量を乗じて得た額を控除した額。 （3,060円×7,400株） －（2,631円×100株＋2,642円×100株＋2,652円×100株＋2,653円×100株 ＋2,654円×100株＋2,655円×100株＋2,657円×100株＋2,658円×100株 ＋2,664円×100株＋2,665円×100株＋2,666円×100株＋2,668円×100株 ＋2,673円×100株＋2,682円×100株＋2,686円×100株＋2,689円×100株 ＋2,691円×100株＋2,693円×100株＋2,694円×100株＋2,695円×100株 ＋2,696円×100株＋2,697円×100株＋2,698円×200株＋2,699円×200株 ＋2,703円×100株＋2,707円×100株＋2,744円×100株＋2,751円×200株 ＋2,763円×100株＋2,766円×100株＋2,770円×200株＋2,775円×100株 ＋2,781円×100株＋2,785円×100株＋2,791円×100株＋2,797円×100株 ＋2,816円×100株＋2,822円×100株＋2,825円×100株＋2,828円×100株 ＋2,830円×100株＋2,835円×100株＋2,840円×100株＋2,845円×100株 ＋2,847円×100株＋2,860円×100株＋2,870円×100株＋2,880円×100株 ＋2,886円×100株＋2,890円×200株＋2,902円×100株＋2,910円×100株 ＋2,911円×100株＋2,913円×100株＋2,914円×100株＋2,916円×100株 ＋2,918円×100株＋2,921円×300株＋2,927円×100株＋2,929円×100株 ＋2,931円×100株＋2,942円×100株＋2,951円×100株＋2,955円×200株 ＋2,982円×100株＋3,000円×100株） ＝1,974,800円 （２）金融商品取引法第１７６条第２項の規定により、上記（１）で計算した額の１万円未満の端数を切捨て ４．上記１．ないし3．により算定した額の合計 1,970,000円＋400,000円＋1,970,000円＝4,340,000円となる。",1
2017-12-08,株式会社シーズ・ホールディングス,,株式会社シーズ・ホールディングス役員からの情報受領者による内部者取引に対する課徴金納付命令の勧告について,https://www.fsa.go.jp/sesc/news/c_2017/2017/20171208-1.html,"English version 平成２９年１２月８日 証券取引等監視委員会 株式会社シーズ・ホールディングス役員からの情報受領者による内部者取引に対する課徴金納付命令の勧告について １．勧告の内容 証券取引等監視委員会は、株式会社シーズ・ホールディングス役員からの情報受領者による内部者取引について検査した結果、下記のとおり法令違反の事実が認められたので、本日、内閣総理大臣及び金融庁長官に対して、金融庁設置法第２０条第１項の規定に基づき、課徴金納付命令を発出するよう勧告を行った。 ２．法令違反の事実関係 課徴金納付命令対象者は、株式会社シーズ・ホールディングス（以下「シーズＨＤ」という。）の役員から、同人がその職務に関し知った、シーズＨＤの業務執行を決定する機関が、ジョンソン・エンド・ジョンソンのグループ企業との業務上の提携を行うことについての決定をした旨の重要事実の伝達を受けながら、上記事実の公表がされた平成２８年７月１１日より前の同年６月３０日から同年７月８日までの間、自己の計算において、シーズＨＤ株式合計６５００株を買付価額合計１４７８万３２００円で買い付けたものである。 違反行為事実の概要については、 別図 のとおり。 課徴金納付命令対象者が行った上記の行為は、金融商品取引法第１７５条第１項に規定する「第１６６条第１項又は第３項の規定に違反して、同条第１項に規定する売買等をした」行為に該当すると認められる。 ３．課徴金の額の計算 上記の違法行為に対し、金融商品取引法に基づき納付を命じられる課徴金の額は、２２３万円である。 計算方法の詳細については、 別紙 のとおり。 ４．その他 本件については、日本取引所自主規制法人より提供された情報も参考として、実態解明を行ったものである。 （別図） ○　違反行為事実の概要について （クリックすると拡大されます） （別紙） ○　課徴金の額の計算方法について （１）金融商品取引法第１７５条第１項第２号の規定により、当該有価証券の買付けについて業務等に関する重要事実の公表がされた後２週間における最も高い価格に当該有価証券の買付けの数量を乗じて得た額から当該有価証券の買付けをした価格にその数量を乗じて得た額を控除した額。 （2,618円×6,500株） －（2,248円×100株＋2,249円×400株＋2,258円×200株＋2,259円×1,100株 ＋2,260円×400株＋2,261円×800株＋2,262円×800株＋2,264円×200株 ＋2,265円×200株＋2,292円×400株＋2,293円×200株＋2,294円×200株 ＋2,295円×1,000株＋2,305円×300株＋2,367円×200株） ＝ 2,233,000円 （２）金融商品取引法第１７６条第２項の規定により、上記（１）で計算した額の１万円未満の端数を切捨て、2,230,000円となる。",1
2017-11-10,株式会社文教堂グループホールディングス,,株式会社文教堂グループホールディングス社員による内部者取引に対する課徴金納付命令の勧告について,https://www.fsa.go.jp/sesc/news/c_2017/2017/20171110-1.html,"English version 平成２９年１１月１０日 証券取引等監視委員会 株式会社文教堂グループホールディングス社員による内部者取引に対する課徴金納付命令の勧告について １．勧告の内容 証券取引等監視委員会は、株式会社文教堂グループホールディングス社員による内部者取引について検査した結果、下記のとおり法令違反の事実が認められたので、本日、内閣総理大臣及び金融庁長官に対して、金融庁設置法第２０条第１項の規定に基づき、課徴金納付命令を発出するよう勧告を行った。 ２．法令違反の事実関係 （１）課徴金納付命令対象者（１）について 課徴金納付命令対象者は、株式会社文教堂グループホールディングス（以下「文教堂ＧＨＤ」という。）に勤務していた者であるが、同人がその職務に関し、同社の属する企業集団の平成２７年９月１日から平成２８年８月３１日までの事業年度（以下「平成２８年８月期」という。）の経常利益の予想値について、平成２７年１０月１５日に公表がされた直近の予想値（経常利益１億５０００万円）に比較して、同社が新たに算出した予想値において、投資者の投資判断に及ぼす影響が重要なものとなる差異が生じた旨の重要事実を知りながら、同社において新たに算出した平成２８年８月期の予想値（経常利益マイナス７２００万円）の公表がされた平成２８年１０月１３日より前の同月４日、自己の計算において、文教堂ＧＨＤ株式合計１万株を売付価額合計６１０万５８００円で売り付けたものである。 違反行為事実の概要については、 別図 のとおり。 課徴金納付命令対象者が行った上記の行為は、金融商品取引法第１７５条第１項に規定する「第１６６条第１項又は第３項の規定に違反して、同条第１項に規定する売買等をした」行為に該当すると認められる。 ３．課徴金の額の計算 上記の違法行為に対し、金融商品取引法に基づき納付を命じられる課徴金の額は、２７０万円である。 計算方法の詳細については、 別紙 のとおり。 ４．その他 本件については、日本取引所自主規制法人より提供された情報も参考として、実態解明を行ったものである。 （別図） ○　違反行為事実の概要について （クリックすると拡大されます） （別紙） ○　課徴金の額の計算方法について （１）金融商品取引法第１７５条第１項第１号の規定により、当該有価証券の売付けについて当該有価証券の売付けをした価格にその数量を乗じて得た額から業務等に関する重要事実の公表がされた後２週間における最も低い価格（340円）に当該有価証券の売付けの数量を乗じて得た額を控除した額。 （609円×1,000株＋610円×5,400株＋611円×1,500株 ＋612円×1,000株＋613円×1,100株） －340円×10,000株 ＝ 2,705,800円 （２）金融商品取引法第１７６条第２項の規定により、上記（１）で計算した額の１万円未満の端数を切捨て、2,700,000円となる。",1
2017-09-08,シーシーエス株式会社,,シーシーエス株式会社社員からの情報受領者による内部者取引違反行為及び当該社員による公開買付けの実施に関する事実に係る伝達違反行為に対する課徴金納付命令の勧告について,https://www.fsa.go.jp/sesc/news/c_2017/2017/20170908-1.html,"English version 平成２９年９月８日 証券取引等監視委員会 シーシーエス株式会社社員からの情報受領者による内部者取引違反行為及び当該社員による公開買付けの実施に関する事実に係る伝達違反行為に対する課徴金納付命令の勧告について １．勧告の内容 証券取引等監視委員会は、シーシーエス株式会社社員からの情報受領者による内部者取引違反行為及び当該社員による公開買付けの実施に関する事実に係る伝達について検査した結果、下記のとおり法令違反の事実が認められたので、本日、内閣総理大臣及び金融庁長官に対して、金融庁設置法第２０条第１項の規定に基づき、課徴金納付命令を発出するよう勧告を行った。 ２．法令違反の事実関係 （１）課徴金納付命令対象者（１）について 課徴金納付命令対象者（１）は、シーシーエス株式会社（以下「シーシーエス」という。）の社員である課徴金納付命令対象者（２）から、同人がその職務に関し知った、オプテックス株式会社（平成２９年１月１日商号変更でオプテックスグループ株式会社。以下「オプテックス」という。）の業務執行を決定する機関が、シーシーエスの株式の公開買付けを行うことについての決定をした旨の公開買付けの実施に関する事実の伝達を受けながら、上記事実の公表がされた平成２８年４月７日より前の同年３月１４日から同年４月１日までの間、自己の計算において、シーシーエス株式合計９２００株を買付価額合計１１２６万２８００円で買い付けたものである。 上記公開買付けの実施に関する事実は、オプテックスから、シーシーエスの役員が、その職務に関し伝達を受け、その後、シーシーエスの社員である課徴金納付命令対象者（２）がその職務に関し知ったものである。 違反行為事実の概要については、 別図 のとおり。 課徴金納付命令対象者（１）が行った上記の行為は、金融商品取引法第１７５条第２項に規定する「第１６７条第１項又は第３項の規定に違反して、同条第１項に規定する特定株券等若しくは関連株券等に係る買付け等」をした行為に該当すると認められる。 （２）課徴金納付命令対象者（２）について 課徴金納付命令対象者（２）は、シーシーエスの社員であるが、同人がその職務に関し知った、オプテックスの業務執行を決定する機関が、シーシーエスの株式の公開買付けを行うことについての決定をした旨の公開買付けの実施に関する事実を、課徴金納付命令対象者（１）に対し 、上記事実の公表がされる前にシーシーエス株式の買付けをさせることにより、課徴金納付命令対象者（１）に利益を得させる目的をもって、伝達したものである。 上記公開買付けの実施に関する事実は、オプテックスから、シーシーエスの役員が、その職務に関し伝達を受け、その後、課徴金納付命令対象者（２）がその職務に関し知ったものである。 課徴金納付命令対象者（１）は、上記事実の公表がされた平成２８年４月７日より前の同年３月１４日から同年４月１日までの間、自己の計算において、シーシーエス株式合計９２００株を買付価額合計１１２６万２８００円で買い付けたものである。 違反行為事実の概要については、 別図 のとおり。 課徴金納付命令対象者（２）が行った上記の行為は、金融商品取引法第１７５条の２第２項に規定する「第１６７条の２第２項の規定に違反して、同項の伝達をし、又は同項の買付け等若しくは売付け等をすることを勧める」行為に該当すると認められる。 ３．課徴金の額の計算 上記の違法行為に対し、金融商品取引法に基づき納付を命じられる課徴金の額は、下記のとおりである。 課徴金納付命令対象者（１）１３３万円 課徴金納付命令対象者（２）６６万円 計算方法の詳細については、 別紙 のとおり。 ４．その他 本件については、日本取引所自主規制法人より提供された情報も参考として、実態解明を行ったものである。 （別図） ○　違反行為事実の概要について （クリックすると拡大されます） （別紙） ○　課徴金の額の計算方法について １．課徴金納付命令対象者（１）について （１）金融商品取引法第１７５条第２項第２号の規定により、当該有価証券の買付けについて、公開買付け等の実施に関する事実の公表がされた後２週間における最も高い価格に当該有価証券の買付けの数量を乗じて得た額から当該有価証券の買付けをした価格にその数量を乗じて得た額を控除した額。 （1,369円×9,200株） －（1,100円×500株＋1,170円×200株＋1,186円×100株＋1,197円×900株 ＋1,199円×400株＋1,200円×1,000株＋1,217円×200株＋1,218円×300株 ＋1,219円×600株＋1,220円×400株＋1,226円×300株＋1,229円×200株 ＋1,230円×200株＋1,255円×1,700株＋1,260円×1,200株 ＋1,270円×1,000株） ＝ 1,332,000円 （２）金融商品取引法第１７６条第２項の規定により、上記（１）で計算した額の１万円未満の端数を切捨て、1,330,000円となる。 ２．課徴金納付命令対象者（２）について （１）金融商品取引法第１７５条の２第２項第３号の規定により、当該違反行為により当該情報受領者等が行った当該買付けによって得た利得相当額に２分の１を乗じて得た額。 利得相当額とは、同条第４項第２号の規定により、情報受領者等が株券等の買付けをした場合、当該株券等の買付けについて公開買付け等の実施に関する事実の公表がされた後２週間における最も高い価格に当該株券等の買付けの数量を乗じて得た額から当該株券等の買付けについて当該株券等の買付けをした価格にその数量を乗じて得た額を控除した額。 ｛（1,369円×9,200株） －（1,100円×500株＋1,170円×200株＋1,186円×100株＋1,197円×900株 ＋1,199円×400株＋1,200円×1,000株＋1,217円×200株＋1,218円×300株 ＋1,219円×600株＋1,220円×400株＋1,226円×300株＋1,229円×200株 ＋1,230円×200株＋1,255円×1,700株＋1,260円×1,200株 ＋1,270円×1,000株）｝×1/2 ＝ 666,000円 （２）金融商品取引法第１７６条第２項の規定により、上記（１）で計算した額の１万円未満の端数を切捨て、660,000円となる。",1
2017-08-28,複数の証券会社,,証券取引等監視委員会の活動状況の公表について,https://www.fsa.go.jp/sesc/reports/n_28/n_28.html,"平成２９年８月２８日 証券取引等監視委員会 証券取引等監視委員会の活動状況の公表について 証券取引等監視委員会（以下「証券監視委」という。）は、金融庁設置法第22条の規定に基づき、毎年、活動状況等を公表しています。今回は、その25回目として、平成28年度（平成28年４月１日～同29年３月31日）の「証券取引等監視委員会の活動状況」を公表します。 なお、平成28年度の活動状況については、幅広い市場利用者に読んでもらえるよう本文編の記載はポイントを絞ったものとし、多くの図表を用いる等体裁や内容等の大幅なリニューアルを行っております。 「証券取引等監視委員会の活動状況」の主な改訂点 （クリックすると拡大されます） 公表内容の主な記載内容 １．平成28年度の活動概要  マクロ的アプローチとして、収益や為替、中国経済の動向等の影響を考慮して14セクターを選定し、企業のモニタリングを行うなど、フォワードルッキングな市場監視を行った  検査・調査においては法令違反の指摘にとどまらず、根本原因の追究に努めた ２．不公正取引の勧告・告発件数は増加  インサイダー取引の調査では、上場企業において重要事実等に関する認識・検討が不十分であるなど、内部管理体制上の問題点が見られた  相場操縦の手法は複雑化・巧妙化している ・他の投資者のアルゴリズム取引注文を誘引する事案 ・発覚を避けるために複数の証券会社の口座を利用して発注を行う事案 ３．開示規制違反ではコーポレート・ガバナンスに関するリスクが浮き彫りに  業績不振企業による開示規制違反の事案が依然として発生している  企業におけるガバナンスの機能不全、コンプライアンス意識の欠如、社内コミュニケーションの不足等が根本原因として見られた ４．証券検査から証券モニタリングへ （金融商品取引業者等に対してオン・オフ一体のモニタリングを実施）  規模・業態に応じたリスク・アセスメントとともに、経営管理や内部監査等について業態横断的なモニタリングを行った  オフサイトモニタリングの結果、リスク評価に応じてオンサイト検査を行った  問題点として通知した事項の根本原因は、全体の約６割が法令遵守・投資者保護意識の欠如、次いで約２割が内部管理態勢の構築が不十分であった ５．証券監視委の新たな課題（RegTechへの取組み）  IT技術の進展に伴う市場の構造的変化を把握し、市場監視における先進的IT技術の活用（RegTech）について、検討を行っている ６．関係機関との連携、情報発信の充実  自主規制機関との間では、売買審査など日頃の連携に加え、定期的な意見交換においてマクロ経済の動向を踏まえたリスクの所在など、相互の問題意識をタイムリーに共有した  個別の勧告事案等の公表のほか、課徴金事例集などについて積極的に寄稿や講演を行い、事案の意義や問題点などをわかりやすく情報発信した ７．市場を構成する各ステークホルダーへのメッセージ（コラム）  会社関係者、上場企業、仲介業者等に向け、法令遵守の観点からそれぞれ特に留意してもらいたい点について、具体例を用いてメッセージを記載した ●「証券取引等監視委員会の活動状況」の本文へ ◎ 本文 （PDF/12,371KB） ◎ 附属資料 （PDF/75,739KB） ◎ 全文一括印刷用 （PDF/6,586KB） ◎ サマリーの英語版 （PDF/299KB）（仮訳）",1
2017-08-29,受託する証券会社・投資銀行,,「金融商品取引法における課徴金事例集～不公正取引編～」の公表について,https://www.fsa.go.jp/sesc/jirei/torichou/20170829.html,"平成２９年８月２９日 証券取引等監視委員会 「金融商品取引法における課徴金事例集～不公正取引編～」の公表について 証券取引等監視委員会では、「金融商品取引法における課徴金事例集～不公正取引編～」について、 別紙 （PDF:3,052KB） のとおり取りまとめましたので、公表します。 本書は、証券取引等監視委員会（以下、「証券監視委」という。）が、平成28年6月から平成29年3月までの間に、金融商品取引法違反となる不公正取引に関し勧告を行った事例について、その概要を取りまとめたものです。 ※従来、個別事例は6月から翌年5月までに課徴金納付命令の勧告を行った事例を掲載しておりましたが、今後は年度ベースである4月から翌年3月までの個別事例を掲載することにいたしました。本年度は移行期間として、平成28年6月から平成29年3月に勧告を行った個別事例を掲載しております。 本年度の事例集においては、市場関係者の皆様に、不公正取引を未然に防止するための参考としていただけるよう、（１）勧告事案を分析し、新たに「情報伝達・推奨規制違反に係る勧告の状況」や「重要事実等の決定・発生から公表までの日数」等を追加するとともに、バスケット条項該当性を判断するうえでの参考となる資料を添付したほか、（２）見やすくするために、１事案を見開きページで掲載するようにしたり、相場操縦事案については株価チャートを追加する、等の工夫を行っています。 証券監視委としては、不公正取引の未然防止という観点から、本書が、 （１）重要事実の発生源となる上場会社等におけるインサイダー取引管理態勢の一層の充実 （２）公開買付け等企業再編の当事者からフィナンシャル・アドバイザリー業務等を受託する証券会社・投資銀行等における重要事実等の情報管理の徹底 （３）証券市場のゲートキーパーとしての役割を担う証券会社における適正な売買審査の実施 のためにそれぞれ役立てていただくことを期待しています。 また、一般投資者におかれても、不公正取引の疑いがある場合には、証券監視委による調査等の対象となり、法令違反が認められた場合には課徴金が課されることを十分にご理解いただければ幸いです。 本書が活用されることにより、全ての市場利用者による自己規律、市場の公正性・透明性の確保及び投資者保護につながることを強く期待しています。 過去の課徴金事例集はこちら",1
2017-06-30,サン電子株式会社,,海外に居住するサン電子株式会社との契約締結者による内部者取引に対する課徴金納付命令の勧告について,https://www.fsa.go.jp/sesc/news/c_2017/2017/20170630-2.html,"English version 平成２９年６月３０日 証券取引等監視委員会 海外に居住するサン電子株式会社との契約締結者による内部者取引に対する課徴金納付命令の勧告について １．勧告の内容 証券取引等監視委員会は、サン電子株式会社（以下「サン電子」という。）との契約締結者である海外居住の個人投資家による内部者取引について検査した結果、下記のとおり法令違反の事実が認められたので、本日、内閣総理大臣及び金融庁長官に対して、金融庁設置法第２０条第１項の規定に基づき、課徴金納付命令を発出するよう勧告を行った。 ２．法令違反の事実関係 課徴金納付命令対象者（イスラエル国に居住）は、サン電子との間で契約を締結していた者であるが、同契約の履行に関し、同社の属する企業集団の平成２７年４月１日から平成２８年３月３１日までの事業年度（平成２８年３月期）の経常利益及び親会社株主に帰属する当期純利益の予想値について、平成２７年５月１５日に公表された直近の予想値（経常利益２７億円、親会社株主に帰属する当期純利益２０億円）に比較して、同社が新たに算出した予想値において、投資者の投資判断に及ぼす影響が重要なものとなる差異が生じた旨の重要事実を知りながら、同社において新たに算出した平成２８年３月期の予想値（経常利益４億円、親会社株主に帰属する当期純利益４億円）の公表がされた平成２７年１０月７日午後６時３０分頃より前の同年９月３０日及び同年１０月１日、自己の計算において、サン電子株式合計３万４千株を売付価額合計４，１９０万円で売り付けたものである。 違反行為事実の概要については、 別図 のとおり。 課徴金納付命令対象者が行った上記の行為は、金融商品取引法第１７５条第１項に規定する「第１６６条第１項又は第３項の規定に違反して、同条第１項に規定する売買等をした」行為に該当すると認められる。 ３．課徴金の額の計算 上記の違法行為について金融商品取引法に基づき算定される課徴金の額は、１，８５７万円である。 計算方法の詳細については、 別紙 のとおり。 ４．その他 本件については、イスラエル証券庁（Israel Securities Authority）及び英国金融行為規制機構（Financial Conduct Authority）から支援がなされている。 （別図） ○　違反行為事実の概要について （クリックすると拡大されます） （別紙） ○　課徴金の額の計算方法について （１）金融商品取引法第１７５条第１項第１号の規定により、当該有価証券の売付け等をした価格にその数量を乗じて得た額から、当該有価証券の売付け等について業務等に関する重要事実の公表がされた後２週間における最も低い価格に当該有価証券の売付け等の数量を乗じて得た額を控除して得た額。 （1,220円×8,000株＋1,230円×10,000株＋1,240円×16,000株）－（686円×34,000株） ＝ 18,576,000円 （２）金融商品取引法第１７６条第２項の規定により、課徴金の額は、上記（１）で算定した額の１万円未満の端数を切り捨てた1,857万円となる。",1
2017-06-27,株式会社卑弥呼株券,,株式会社卑弥呼株券に係る内部者取引事件の告発について,https://www.fsa.go.jp/sesc/news/c_2017/2017/20170627-1.html,English version 平成２９年６月２７日 証券取引等監視委員会 株式会社卑弥呼株券に係る内部者取引事件の告発について 証券取引等監視委員会は、本日、金融商品取引法違反（内部者取引）の嫌疑で、嫌疑者２名を大阪地方検察庁に告発した。告発の対象となった犯則事実については下記のとおり。 １．告発の対象となった犯則事実 第１  犯則嫌疑者Ａは、平成２８年３月３日頃、東京証券取引所が開設するジャスダック市場に上場していた株式会社卑弥呼（以下「卑弥呼」という。）の取締役であったＢから、同人が、同年２月１８日頃、その職務に関し合同会社ＨＳＨ（以下「ＨＳＨ」という。）の代表社員である株式会社リサ・パートナーズ（以下「リサ・パートナーズ」という。）からの伝達により知った、ＨＳＨの業務執行を決定する機関が卑弥呼の株券の公開買付けを行うことについての決定をした旨の公開買付けの実施に関する事実の伝達を受け、法定の除外事由がないのに、同事実の公表前である同年３月７日から同月１７日までの間、証券会社１社を介し、Ａ名義で、卑弥呼の株券合計２万２０００株を代金合計１９８８万９０００円で買い付けた 第２  犯則嫌疑者Ｂは、第１記載のとおり、卑弥呼の取締役として、その職務に関し前記公開買付けの実施に関する事実をリサ・パートナーズからの伝達により知ったものであるが、あらかじめ卑弥呼の株券を買い付けさせることによりＡに利益を得させる目的をもって、前記事実の公表前である同年３月３日頃、同事実を伝達し、Ａにおいて、法定の除外事由がないのに、同事実の公表前である同月７日から同月１７日までの間、証券会社１社を介し、Ａ名義で、卑弥呼の株券合計２万２０００株を代金合計１９８８万９０００円で買い付けた ものである。 ２．関連条文 第１ 金融商品取引法第１９７条の２第１３号、第１６７条第３項、同条第１ 項第５号 第２ 金融商品取引法第１９７条の２第１５号、第１６７条の２第２項、第１６７条第１項第５号、同条第３項 法定刑：５年以下の懲役若しくは５００万円以下の罰金又は併科,1
2017-05-26,イーター電機工業株式会社,,イーター電機工業株式会社の役員からの情報受領者による内部者取引に対する課徴金納付命令の勧告について,https://www.fsa.go.jp/sesc/news/c_2017/2017/20170526.html,"English version 平成29年5月26日 証券取引等監視委員会 イーター電機工業株式会社の役員からの情報受領者による内部者取引に対する課徴金納付命令の勧告について １．勧告の内容 証券取引等監視委員会は、イーター電機工業株式会社の役員からの情報受領者による内部者取引について検査した結果、下記のとおり法令違反の事実が認められたので、本日、内閣総理大臣及び金融庁長官に対して、金融庁設置法第２０条第１項の規定に基づき、課徴金納付命令を発出するよう勧告を行った。 ２．法令違反の事実関係 課徴金納付命令対象者は、イーター電機工業株式会社（以下「イーター電機」という。平成２８年７月２５日上場廃止）の製品を取り扱うＡ社の社員であるが、その職務に関し、イーター電機の役員甲が職務に関し知り、その後、同人からＡ社の役員乙が職務上伝達を受けた、平成２７年３月期（平成２６年４月１日から平成２７年３月３１日）決算において債務超過の状態であったイーター電機が、平成２８年３月期（平成２７年４月１日から平成２８年３月３１日）決算においても債務超過の状態となるという、特定有価証券の上場の廃止の原因となる事実が発生した旨の重要事実を知りながら、上記重要事実の公表がされた平成２８年５月１８日より前の同月１７日、自己の計算において、イーター電機株式合計７万５０００株を売付価額合計４１３万５０００円で売り付けたものである。 違反行為事実の概要については、 別図 のとおり。 課徴金納付命令対象者が行った上記の行為は、金融商品取引法第１７５条第１項に規定する「第１６６条第１項又は第３項の規定に違反して、同条第１項に規定する売買等をした」行為に該当すると認められる。 ３．課徴金の額の計算 上記の違法行為に対し、金融商品取引法に基づき納付を命じられる課徴金の額は、２７８万円である。 計算方法の詳細については、 別紙 のとおり。 ４．その他 本件については、日本取引所自主規制法人より提供された情報も参考として、実態解明を行ったものである。 （別図） ○違反行為事実の概要について （クリックすると拡大されます） （別紙） ○課徴金の額の計算方法について （１）金融商品取引法第１７５条第１項第１号の規定により、当該有価証券の売付けについて当該有価証券の売付けをした価格にその数量を乗じて得た額から業務等に関する重要事実の公表がされた後２週間における最も低い価格に当該有価証券の売付けの数量を乗じて得た額を控除した額。 （55円×65,000株＋56円×10,000株） －（18円×75,000株） ＝ 2,785,000円 （２）金融商品取引法第１７６条第２項の規定により、上記（１）で計算した額の１万円未満の端数を切捨て。",1
2017-03-31,株式会社フュートレック,,株式会社フュートレック役員からの情報受領者３名による内部者取引違反行為及び同社役員２名による重要事実に係る伝達違反行為に対する課徴金納付命令の勧告について,http://www.fsa.go.jp/sesc/news/c_2017/2017/20170331.html,"English version 平成29年3月31日 証券取引等監視委員会 株式会社フュートレック役員からの情報受領者３名による内部者取引違反行為及び同社役員２名による重要事実に係る伝達違反行為に対する課徴金納付命令の勧告について １．勧告の内容 証券取引等監視委員会は、株式会社フュートレック役員からの情報受領者３名による内部者取引及び同社役員２名による重要事実に係る伝達について検査した結果、下記のとおり法令違反の事実が認められたので、本日、内閣総理大臣及び金融庁長官に対して、金融庁設置法第２０条第１項の規定に基づき、課徴金納付命令を発出するよう勧告を行った。 ２．法令違反の事実関係 （１）課徴金納付命令対象者（１）について ア．違反行為事実A 課徴金納付命令対象者（１）は、株式会社フュートレック（以下「フュートレック」という。）の役員である課徴金納付命令対象者（２）から、同人がその職務に関し知った、フュートレックの業務執行を決定する機関が、同社と株式会社ＮＴＴドコモ及びＳＹＳＴＲＡＮ ＩＮＴＥＲＮＡＴＩＯＮＡＬ ＣＯ．， ＬＴＤと業務上の提携を行うことについての決定をした旨の重要事実の伝達を受けながら、上記重要事実の公表がされた平成２６年９月２９日午後３時頃より前の同年７月１４日から同年９月２９日午後２時２９分頃までの間、自己の計算において、フュートレック株式合計１万６７００株を買付価額合計９３９万２３００円で買い付けたものである。 イ．違反行為事実B 課徴金納付命令対象者（１）は、フュートレックの役員に就任後、同人がその職務に関し知った、同社の属する企業集団の平成２７年４月１日から平成２８年３月３１日までの事業年度（平成２８年３月期）の売上高、経常利益及び親会社株主に帰属する当期純利益（以下「当期純利益」という。）の予想値について、平成２７年５月８日に公表された直近の予想値（売上高３４億３０００万円、経常利益マイナス１億４０００万円、当期純利益マイナス１億６０００万円）に比較して、同社が新たに算出した予想値において、投資者の投資判断に及ぼす影響が重要なものとなる差異が生じた旨の重要事実を、課徴金納付命令対象者（３）に対し、同社において新たに算出した平成２８年３月期の予想値（売上高３８億４０００万円、経常利益４億１０００万円、当期純利益３億円）の公表がされる前にフュートレック株式の買付けをさせることにより課徴金納付命令対象者（３）に利益を得させる目的をもって、伝達したものである。 課徴金納付命令対象者（３）は、上記重要事実の公表がされた平成２８年２月１日午後３時３０分頃より前の同日午前９時８分頃から午後２時３１分頃までの間、自己の計算において、フュートレック株式合計１５００株を買付価額合計７４万８６００円で買い付けたものである。 ウ．違反行為事実C 課徴金納付命令対象者（１）は、上記イ．の重要事実を、課徴金納付命令対象者（４）対し、上記重要事実の公表がされる前にフュートレック株式の買付けをさせることにより課徴金納付命令対象者（４）に利益を得させる目的をもって、伝達したものである。 課徴金納付命令対象者（４）は、上記重要事実の公表がされた平成２８年２月１日午後３時３０分頃より前の同日午後０時３０分頃、自己の計算において、フュートレック株式合計２０００株を買付価額合計１００万６０００円で買い付けたものである。 違反行為事実の概要については、 別図 のとおり。 課徴金納付命令対象者（１）が行った 上記ア．の行為は、金融商品取引法第１７５条第１項に規定する「第１６６条第１項又は第３項の規定に違反して、同条第１項に規定する売買等をした」行為に、 上記イ．及びウ．の行為は、金融商品取引法第１７５条の２第１項に規定する「第１６７条の２第１項の規定に違反して、同項の伝達をし、又は同項の売買等をすることを勧める」行為に該当すると認められる。 （２）課徴金納付命令対象者(２)について 課徴金納付命令対象者（２）は、フュートレックの役員であるが、同人がその職務に関し知った、フュートレックの業務執行を決定する機関が、同社と株式会社ＮＴＴドコモ及びＳＹＳＴＲＡＮ ＩＮＴＥＲＮＡＴＩＯＮＡＬ ＣＯ．， ＬＴＤと業務上の提携を行うことについての決定をした旨の重要事実を、課徴金納付命令対象者（１）に対し、上記重要事実の公表がされる前にフュートレック株式の買付けをさせることにより課徴金納付命令対象者（１）に利益を得させる目的をもって、伝達したものである。 課徴金納付命令対象者（１）は、上記重要事実の公表がされた平成２６年９月２９日午後３時頃より前の同年７月１４日から同年９月２９日午後２時２９分頃までの間、自己の計算において、フュートレック株式合計１万６７００株を買付価額合計９３９万２３００円で買い付けたものである。 違反行為事実の概要については、 別図 のとおり。 課徴金納付命令対象者（２）が行った上記の行為は、金融商品取引法第１７５条の２第１項に規定する「第１６７条の２第１項の規定に違反して、同項の伝達をし、又は同項の売買等をすることを勧める」行為に該当すると認められる。 （３）課徴金納付命令対象者(３)について 課徴金納付命令対象者（３）は、フュートレックの役員である課徴金納付命令対象者（１）から、同人がその職務に関し知った、同社の属する企業集団の平成２７年４月１日から平成２８年３月３１日までの事業年度（平成２８年３月期）の売上高、経常利益及び当期純利益の予想値について、平成２７年５月８日に公表された直近の予想値（売上高３４億３０００万円、経常利益マイナス１億４０００万円、当期純利益マイナス１億６０００万円）に比較して、同社が新たに算出した予想値において、投資者の投資判断に及ぼす影響が重要なものとなる差異が生じた旨の重要事実の伝達を受けながら、同社において新たに算出した平成２８年３月期の予想値（売上高３８億４０００万円、経常利益４億１０００万円、当期純利益３億円）の公表がされた平成２８年２月１日午後３時３０分頃より前の同日午前９時８分頃から午後２時３１分頃までの間、自己の計算において、フュートレック株式合計１５００株を買付価額合計７４万８６００円で買い付けたものである。 違反行為事実の概要については、 別図 のとおり。 課徴金納付命令対象者（３）が行った上記の行為は、金融商品取引法第１７５条第１項に規定する「第１６６条第１項又は第３項の規定に違反して、同条第１項に規定する売買等をした」行為に該当すると認められる。 （４）課徴金納付命令対象者(４)について 課徴金納付命令対象者（４）は、フュートレックの役員である課徴金納付命令対象者（１）から、同人がその職務に関し知った、同社の属する企業集団の平成２７年４月１日から平成２８年３月３１日までの事業年度（平成２８年３月期）の売上高、経常利益及び当期純利益の予想値について、平成２７年５月８日に公表がされた直近の予想値（売上高３４億３０００万円、経常利益マイナス１億４０００万円、当期純利益マイナス１億６０００万円）に比較して、同社が新たに算出した予想値において、投資者の投資判断に及ぼす影響が重要なものとなる差異が生じた旨の重要事実の伝達を受けながら、同社において新たに算出した平成２８年３月期の予想値（売上高３８億４０００万円、経常利益４億１０００万円、当期純利益３億円）の公表がされた平成２８年２月１日午後３時３０分頃より前の同日午後０時３０分頃、自己の計算において、フュートレック株式合計２０００株を買付価額合計１００万６０００円で買い付けたものである。 違反行為事実の概要については、 別図 のとおり。 課徴金納付命令対象者（４）が行った上記の行為は、金融商品取引法第１７５条第１項に規定する「第１６６条第１項又は第３項の規定に違反して、同条第１項に規定する売買等をした」行為に該当すると認められる。 ３．課徴金の額の計算 上記の違法行為に対し、金融商品取引法に基づき納付を命じられる課徴金の額は、下記のとおりである。 課徴金納付命令対象者（１）５４７万円 課徴金納付命令対象者（２）２４７万円 課徴金納付命令対象者（３） ４５万円 課徴金納付命令対象者（４） ６０万円 計算方法の詳細については、 別紙 のとおり。 （別図） ○違反行為事実の概要について （クリックすると拡大されます） （別紙） ○課徴金の額の計算方法について 1．課徴金納付命令対象者（１）について （１）違反行為事実Aに係る課徴金の額 ア．金融商品取引法第１７５条第１項第２号の規定により、当該有価証券の買付けについて業務等に関する重要事実の公表がされた後２週間における最も高い価格に当該有価証券の買付けの数量を乗じて得た額から当該有価証券の買付けをした価格にその数量を乗じて得た額を控除した額。 （859円×16,700株） －（480円×500株＋500円×800株＋505円×300株＋513円×300株 ＋518円×300株＋525円×300株＋528円×300株＋530円×900株 ＋535円×100株＋540円×300株＋550円×300株＋551円×200株 ＋555円×600株＋556円×500株＋560円×300株＋562円×500株 ＋563円×400株＋564円×300株＋565円×300株＋566円×1,000株 ＋567円×800株＋570円×100株＋572円×400株＋575円×600株 ＋580円×300株＋581円×1,000株＋583円×500株＋590円×1,500株 ＋595円×1,000株＋600円×1,000株＋605円×300株＋608円×700株） ＝ 4,953,000円 イ．金融商品取引法第１７６条第２項の規定により、上記ア．で計算した額の１万円未満の端数を切捨て。 （２）違反行為事実Bに係る課徴金の額 ア．金融商品取引法第１７５条の２第１項第３号の規定により、当該違反行為により当該情報受領者等が行った当該買付けによって得た利得相当額に２分の１を乗じて得た額。 利得相当額とは、同条第３項第２号の規定により、情報受領者等が特定有価証券等の買付けをした場合、当該特定有価証券等の買付けについて業務等に関する重要事実の公表がされた後２週間における最も高い価格に当該特定有価証券等の買付けの数量を乗じて得た額から当該特定有価証券等の買付けをした価格にその数量を乗じて得た額を控除した額。 ｛（804円×1,500株）－（495円×500株＋497円×100株＋499円×500株 ＋504円×100株＋505円×300株）｝×1／2 ＝228,700円 イ．金融商品取引法第１７６条第２項の規定により、上記ア.で計算した額の１万円未満の端数を切捨て。 （３）違反行為事実Cに係る課徴金の額 ア．金融商品取引法第１７５条の２第１項第３号の規定により、当該違反行為により当該情報受領者等が行った当該買付けによって得た利得相当額に２分の１を乗じて得た額。 利得相当額とは、同条第３項第２号の規定により、情報受領者等が特定有価証券等の買付けをした場合、当該特定有価証券等の買付けについて業務等に関する重要事実の公表がされた後２週間における最も高い価格に当該特定有価証券等の買付けの数量を乗じて得た額から当該特定有価証券等の買付けをした価格にその数量を乗じて得た額を控除した額。 ｛（804円×2,000株）－（503円×2,000株）｝×1／2 ＝301,000円 イ．金融商品取引法第１７６条第２項の規定により、上記ア.で計算した額の１万円未満の端数を切捨て。 （４）上記（１）ないし（３）により算定した額の合計 4,950,000円＋220,000円＋300,000円＝5,470,000円となる。 ２．課徴金納付命令対象者（２）について （１）金融商品取引法第１７５条の２第１項第３号の規定により、当該違反行為により当該情報受領者等が行った当該買付けによって得た利得相当額に２分の１を乗じて得た額。 利得相当額とは、同条第３項第２号の規定により、情報受領者等が特定有価証券等の買付けをした場合、当該特定有価証券等の買付けについて業務等に関する重要事実の公表がされた後２週間における最も高い価格に当該特定有価証券等の買付けの数量を乗じて得た額から当該特定有価証券等の買付けをした価格にその数量を乗じて得た額を控除した額。 ｛（859円×16,700株） －（480円×500株＋500円×800株＋505円×300株＋513円×300株 ＋518円×300株＋525円×300株＋528円×300株＋530円×900株 ＋535円×100株＋540円×300株＋550円×300株＋551円×200株 ＋555円×600株＋556円×500株＋560円×300株＋562円×500株 ＋563円×400株＋564円×300株＋565円×300株＋566円×1,000株 ＋567円×800株＋570円×100株＋572円×400株＋575円×600株 ＋580円×300株＋581円×1,000株＋583円×500株＋590円×1,500株 ＋595円×1,000株＋600円×1,000株＋605円×300株＋608円×700株）｝×1／2 ＝2,476,500円 （２）金融商品取引法第１７６条第２項の規定により、上記（１）で計算した額の１万円未満の端数を切捨て。 ３．課徴金納付命令対象者（３）について （１）金融商品取引法第１７５条第１項第２号の規定により、当該有価証券の買付けについて業務等に関する重要事実の公表がされた後２週間における最も高い価格に当該有価証券の買付けの数量を乗じて得た額から当該有価証券の買付けをした価格にその数量を乗じて得た額を控除した額。 （804円×1,500株） －（495円×500株＋497円×100株＋499円×500株＋504円×100株＋505円×300株） ＝457,400円 （２）金融商品取引法第１７６条第２項の規定により、上記（１）で計算した額の１万円未満の端数を切捨て。 ４．課徴金納付命令対象者（４）について （１）金融商品取引法第１７５条第１項第２号の規定により、当該有価証券の買付けについて業務等に関する重要事実の公表がされた後２週間における最も高い価格に当該有価証券の買付けの数量を乗じて得た額から当該有価証券の買付けをした価格にその数量を乗じて得た額を控除した額。 （804円×2,000株）－（503円×2,000株） ＝602,000円 （２）金融商品取引法第１７６条第２項の規定により、上記（１）で計算した額の１万円未満の端数を切捨て。",1
2017-03-31,,,公開買付者との契約締結交渉者からの情報受領者３名によるアイセイ薬局株式に係る内部者取引に対する課徴金納付命令の勧告について,http://www.fsa.go.jp/sesc/news/c_2017/2017/20170331_2.html,"English version 平成29年3月31日 証券取引等監視委員会 公開買付者との契約締結交渉者からの情報受領者３名によるアイセイ薬局株式に係る内部者取引に対する課徴金納付命令の勧告について １．勧告の内容 証券取引等監視委員会は、公開買付者との契約締結交渉者からの情報受領者３名によるアイセイ薬局株式に係る内部者取引について検査した結果、下記のとおり法令違反の事実が認められたので、本日、内閣総理大臣及び金融庁長官に対して、金融庁設置法第２０条第１項の規定に基づき、課徴金納付命令を発出するよう勧告を行った。 ２．法令違反の事実関係 （１）課徴金納付命令対象者（１）について 課徴金納付命令対象者（１）は、株式会社アイセイホールディングス（以下「アイセイＨＤ」という。平成２８年１０月１日株式会社アイセイ薬局を吸収合併。同日株式会社アイセイ薬局に商号変更。）と、公開買付けに関する契約の締結交渉をしていた者である甲から、同人がその契約の締結交渉に関し知った、アイセイＨＤの業務執行を決定する機関が、株式会社アイセイ薬局（以下「アイセイ」という。平成２８年５月２日上場廃止。平成２８年１０月１日株式会社アイセイ薬局に吸収合併され解散。）の株式の公開買付けを行うことについての決定をした旨の公開買付けの実施に関する事実の伝達を受けながら、上記事実の公表がされた平成２８年２月５日より前の同年１月２７日、自己の計算において、アイセイ株式合計２０００株を買付価額合計９６６万８５００円で買い付けたものである。 違反行為事実の概要については、 別図 のとおり。 課徴金納付命令対象者（１）が行った上記の行為は、金融商品取引法第１７５条第２項に規定する「第１６７条第１項又は第３項の規定に違反して、同条第１項に規定する特定株券等若しくは関連株券等に係る買付け等」をした行為に該当すると認められる。 （２）課徴金納付命令対象者(２)について 課徴金納付命令対象者（２）は、Ａ法人の職員であるが、その職務に関し、アイセイＨＤと、公開買付けに関する契約の締結交渉をしていた者である甲から、同人がその契約の締結交渉に関し知り、その後、同人からＡ法人の役員乙が職務上伝達を受けた、アイセイＨＤの業務執行を決定する機関が、アイセイの株式の公開買付けを行うことについての決定をした旨の公開買付けの実施に関する事実を知りながら、上記事実の公表がされた平成２８年２月５日午後３時３０分頃より前の同日午後２時２５分から午後２時３４分頃までの間、自己の計算において、アイセイ株式合計８００株を買付価額合計３５０万９０００円で買い付けたものである。 違反行為事実の概要については、 別図 のとおり。 課徴金納付命令対象者（２）が行った上記の行為は、金融商品取引法第１７５条第２項に規定する「第１６７条第１項又は第３項の規定に違反して、同条第１項に規定する特定株券等若しくは関連株券等に係る買付け等」をした行為に該当すると認められる。 （３）課徴金納付命令対象者(３)について 課徴金納付命令対象者（３）は、Ａ法人の職員であるが、その職務に関し、アイセイＨＤと、公開買付けに関する契約の締結交渉をしていた者である甲から、同人がその契約の締結交渉に関し知り、その後、同人からＡ法人の役員乙が職務上伝達を受けた、アイセイＨＤの業務執行を決定する機関が、アイセイの株式の公開買付けを行うことについての決定をした旨の公開買付けの実施に関する事実を知りながら、上記事実の公表がされた平成２８年２月５日午後３時３０分頃より前の同日午後２時３７分頃、自己の計算において、アイセイ株式合計１０００株を買付価額合計４４８万２０００円で買い付けたものである。 違反行為事実の概要については、 別図 のとおり。 課徴金納付命令対象者（３）が行った上記の行為は、金融商品取引法第１７５条第２項に規定する「第１６７条第１項又は第３項の規定に違反して、同条第１項に規定する特定株券等若しくは関連株券等に係る買付け等」をした行為に該当すると認められる。 ３．課徴金の額の計算 上記の違法行為に対し、金融商品取引法に基づき納付を命じられる課徴金の額は、下記のとおりである。 課徴金納付命令対象者（１） ９１万円 課徴金納付命令対象者（２） ７２万円 課徴金納付命令対象者（３） ８０万円 計算方法の詳細については、 別紙 のとおり。 ４．その他 本件については、日本取引所自主規制法人より提供された情報も参考として、実態解明を行ったものである。 （別図） ○違反行為事実の概要について （クリックすると拡大されます） （別紙） ○課徴金の額の計算方法について （１）課徴金納付命令対象者（１）について ア．金融商品取引法第１７５条第２項第２号の規定により、当該有価証券の買付けについて、公開買付け等の実施に関する事実の公表がされた後２週間における最も高い価格に当該有価証券の買付けの数量を乗じて得た額から当該有価証券の買付けをした価格にその数量を乗じて得た額を控除した額。 （5,290円×2,000株） －（4,800円×300株＋4,810円×400株＋4,845円×100株＋4,850円×1,200株） ＝ 911,500円 イ．金融商品取引法第１７６条第２項の規定により、上記ア．で計算した額の１万円未満の端数を切捨て。 （２）課徴金納付命令対象者（２）について ア．金融商品取引法第１７５条第２項第２号の規定により、当該有価証券の買付けについて、公開買付け等の実施に関する事実の公表がされた後２週間における最も高い価格に当該有価証券の買付けの数量を乗じて得た額から当該有価証券の買付けをした価格にその数量を乗じて得た額を控除した額。 （5,290円×800株） －（4,335円×200株＋4,340円×100株＋4,360円×100株＋4,400円×100株 ＋4,440円×300株） ＝ 723,000円 イ．金融商品取引法第１７６条第２項の規定により、上記ア.で計算した額の１万円未満の端数を切捨て。 （３）課徴金納付命令対象者（３）について ア．金融商品取引法第１７５条第２項第２号の規定により、当該有価証券の買付けについて、公開買付け等の実施に関する事実の公表がされた後２週間における最も高い価格に当該有価証券の買付けの数量を乗じて得た額から当該有価証券の買付けをした価格にその数量を乗じて得た額を控除した額。 （5,290円×1,000株） －（4,440円×300株＋4,500円×700株） ＝ 808,000円 イ．金融商品取引法第１７６条第２項の規定により、上記ア.で計算した額の１万円未満の端数を切捨て。",1
2017-03-07,旭化成株式会社,3407,旭化成株式会社の子会社の社員による内部者取引に対する課徴金納付命令の勧告について,https://www.fsa.go.jp/sesc/news/c_2017/2017/20170307-1.html,"English version 平成２９年３月７日 証券取引等監視委員会 旭化成株式会社の子会社の社員による内部者取引に対する課徴金納付命令の勧告について １．勧告の内容 証券取引等監視委員会は、旭化成株式会社の子会社の社員による内部者取引について検査した結果、下記のとおり法令違反の事実が認められたので、本日、内閣総理大臣及び金融庁長官に対して、金融庁設置法第２０条第１項の規定に基づき、課徴金納付命令を発出するよう勧告を行った。 ２．法令違反の事実関係 課徴金納付命令対象者は、旭化成株式会社（以下「旭化成」という。）の子会社である旭化成建材株式会社（以下「旭化成建材」という。）の社員であるが、その職務に関し、旭化成建材が施工した杭工事の一部について施工報告書の施工データの転用及び加筆があったことが判明した旨の旭化成建材の運営、業務又は財産に関する重要な事実であって投資者の投資判断に著しい影響を及ぼす事実を知りながら、上記事実の公表がされた平成２７年１０月１４日より前の同月７日及び同月９日、自己の計算において、旭化成株式合計３０００株を売付価額合計２７１万５０００円で売り付けたものである。 違反行為事実の概要については、 別図 のとおり。 課徴金納付命令対象者が行った上記の行為は、金融商品取引法第１７５条第１項に規定する「第１６６条第１項又は第３項の規定に違反して、同条第１項に規定する売買等をした」行為に該当すると認められる。 ３．課徴金の額の計算 上記の違法行為に対し、金融商品取引法に基づき納付を命じられる課徴金の額は、６３万円である。 計算方法の詳細については、 別紙 のとおり。 ４．その他 本件については、日本取引所自主規制法人より提供された情報も参考として、実態解明を行ったものである。 （別図） ○　違反行為事実の概要について （クリックすると拡大されます） （別紙） ○　課徴金の額の計算方法について （１）金融商品取引法第１７５条第１項第１号の規定により、当該有価証券の売付けについて当該有価証券の売付けをした価格にその数量を乗じて得た額から業務等に関する重要事実の公表がされた後２週間における最も低い価格に当該有価証券の売付けの数量を乗じて得た額を控除した額。 （900円×1,000株＋905円×1,000株＋910円×1,000株） －（693.6円×3,000株） ＝634,200円 （２）金融商品取引法第１７６条第２項の規定により、上記（１）で計算した額の１万円未満の端数を切捨て。",1
2017-03-22,トライステージ,,"Prospect Asset Management, Inc.によるトライステージ株式に係る内部者取引に対する課徴金納付命令の勧告について",http://www.fsa.go.jp/sesc/news/c_2017/2017/20170322-1.html,"English version 平成２９年３月２２日 証券取引等監視委員会 Prospect Asset Management, Inc.によるトライステージ株式に係る内部者取引に対する課徴金納付命令の勧告について １．勧告の内容 証券取引等監視委員会は、Prospect Asset Management, Inc.（以下「PAMI」という。）による株式会社トライステージ（以下「トライステージ」という。）株式に係る内部者取引について検査した結果、下記のとおり法令違反の事実が認められたので、本日、内閣総理大臣及び金融庁長官に対して、金融庁設置法第２０条第１項の規定に基づき、課徴金納付命令を発出するよう勧告を行った。 ２．法令違反の事実関係 PAMIは、米国ハワイ州に本店を置くハワイの会社であり、英国領ケイマン諸島籍のリミテッド・パートナーシップ形態のファンドであるShareholders’ Consensus Fund L.P.（以下「SCF」という。）に出資された資産の運用権限を実質的に有していたものである。 PAMIは、その運用担当者において、トライステージとの契約の締結交渉に関し、同社の業務執行を決定する機関が、自己の株式の取得を行うことについての決定をした旨の重要事実を知りながら、SCFに出資された資産の運用として、同重要事実の公表がされた平成２７年１０月２０日より前の平成２７年９月２５日から同年１０月１９日までの間、トライステージ株式合計３万６５００株を買付価額合計７４７６万７６００円で買い付け、もって、PAMIの親会社等の同年１０月度におけるSCFへの出資割合である６６．６７４６パーセント相当については自己の計算において、それ以外については自己以外の者であるSCFへの出資者の計算において、同株式を買い付けたものである。 違反行為事実の概要については、 別図 のとおり。 PAMIが行った上記の行為は、金融商品取引法第１７５条第１項に規定する「第１６６条第１項又は第３項の規定に違反して、同条第１項に規定する売買等をした」行為に該当すると認められる。 ３．課徴金の額の計算 上記の違法行為について金融商品取引法に基づき算定される課徴金の額は、３２９万円である。 計算方法の詳細については、 別紙 のとおり。 ４．その他 本件については、米国証券取引委員会（U.S.Securities and Exchange Commission）より支援がなされている。 （別図） ○　違反行為事実の概要について （クリックすると拡大されます） （別紙） ○　課徴金の額の計算方法について （１）自己の計算に係る課徴金の額 金融商品取引法第１７５条第１項第２号の規定により、当該有価証券の買付けについて業務等に関する重要事実の公表がされた後２週間における最も高い価格に当該有価証券の買付けの数量を乗じて得た額から当該有価証券の買付けをした価格にその数量を乗じて得た額を控除した額のうち、本件では、自己の計算に係る割合。 ｛（2,177円×36,500株）－ （1,851円×300株＋1,854円×100株＋1,855円×100株＋1,856円×100株＋1,860円×100株 ＋1,864円×100株＋1,865円×100株＋1,866円×300株＋1,870円×200株＋1,877円×100株 ＋1,878円×100株＋1,880円×600株＋1,884円×100株＋1,890円×300株＋1,893円×200株 ＋1,894円×400株＋1,895円×600株＋1,896円×100株＋1,898円×100株＋1,902円×300株 ＋1,932円×100株＋1,933円×100株＋1,935円×100株＋1,937円×100株＋1,938円×100株 ＋1,957円×100株＋1,961円×100株＋1,969円×100株＋1,978円×100株＋1,980円×100株 ＋1,982円×100株＋1,984円×100株＋1,985円×300株＋2,005円×1,500株 ＋2,020円×1,300株＋2,028円×100株＋2,029円×100株＋2,030円×100株＋2,035円×100株 ＋2,036円×600株＋2,037円×100株＋2,038円×200株＋2,039円×400株＋2,040円×400株 ＋2,047円×100株＋2,048円×1,100株＋2,049円×1,500株＋2,050円×2,000株 ＋2,051円×400株＋2,052円×300株＋2,053円×1,200株＋2,055円×100株＋2,058円×600株 ＋2,059円×300株＋2,060円×900株＋2,065円×100株＋2,068円×400株＋2,069円×300株 ＋2,070円×600株＋2,071円×200株＋2,072円×200株＋2,073円×100株＋2,074円×2,200株 ＋2,075円×1,900株＋2,077円×200株＋2,078円×100株＋2,079円×400株 ＋2,080円×1,900株＋2,082円×100株＋2,084円×100株＋2,086円×200株＋2,087円×200株 ＋2,088円×200株＋2,089円×100株＋2,090円×100株＋2,097円×1,400株 ＋2,100円×1,000株＋2,120円×400株＋2,137円×200株＋2,138円×200株＋2,139円×100株 ＋2,140円×800株＋2,143円×500株＋2,150円×500株＋2,160円×500株＋2,162円×200株 ＋2,165円×700株＋2,169円×400株＋2,170円×100株＋2,179円×100株＋2,180円×200株 ＋2,185円×100株＋2,187円×100株＋2,191円×200株）｝×66.6746％ ＝ 3,128,972.30円 （２）自己以外の者の計算に係る課徴金の額 金融商品取引法第１７５条第１項第３号イの規定により、金融商品取引法第１６６条第１項に規定する買付けをした者が、自己以外の者の計算において、運用対象財産の運用として当該買付けを行った者であるとき、運用の対価の額として金融商品取引法第六章の二の規定による課徴金に関する内閣府令第１条の２１第２項で定める、算定対象取引が行われた日の属する月（算定対象取引が２以上の月にわたって行われたものである場合には、これらの月のうち最後の月）における運用報酬の価額の総額に３を乗じて得た額のうち、本件では、自己以外の者の計算による割合。 165,678.942円×3×33.3254% ＝ 165,639.51円 （３）上記（１）ないし（２）により算定した額の合計 3,128,972.30円＋165,639.51円＝3,294,611.81円 （４）金融商品取引法第１７６条第２項の規定により、課徴金の額は、上記（３）で算定した額の１万円未満の端数を切り捨てた３２９万円となる。",1
2017-02-24,株式会社,1301,株式会社モルフォ役員及び社員９名（うち同社従業員持株会会員７名）による内部者取引に対する課徴金納付命令の勧告について,https://www.fsa.go.jp/sesc/news/c_2017/2017/20170224-1.html,"English version 平成29年２月24日 証券取引等監視委員会 株式会社モルフォ役員及び社員９名（うち同社従業員持株会会員７名）による内部者取引に対する課徴金納付命令の勧告について ※本件のうち、２．（１）の課徴金納付命令対象者（１）については、金融庁において平成３０年１２月２０日に課徴金納付命令決定を行いましたが、令和３年１２月９日に 同決定は取り消されました 。 ※本件のうち、２．（３）の課徴金納付命令対象者（３）については、金融庁において平成２９年３月３０日に課徴金納付命令決定を行いましたが、令和３年１１月１３日に 同決定は取り消されました 。 ※本件のうち、２．（４）の課徴金納付命令対象者（５）については、金融庁において平成３０年１２月２０日に課徴金納付命令決定を行いましたが、令和４年２月５日に 同決定は取り消されました 。 ※本件のうち、２．（４）の課徴金納付命令対象者（６）については、金融庁において平成３０年１２月２０日に課徴金納付命令決定を行いましたが、令和４年２月５日に 同決定は取り消されました 。 ※本件のうち、２．（４）の課徴金納付命令対象者（８）については、金融庁において平成３０年１２月２０日に課徴金納付命令決定を行いましたが、令和４年２月５日に 同決定は取り消されました 。 ※本件のうち、２．（４）の課徴金納付命令対象者（９）については、金融庁において平成３０年１２月２０日に課徴金納付命令決定を行いましたが、令和４年２月５日に 同決定は取り消されました 。 ※本件のうち、２．（４）の課徴金納付命令対象者（１０）については、金融庁において平成３０年１２月２０日に課徴金納付命令決定を行いましたが、令和４年２月５日に 同決定は取り消されました 。 １．勧告の内容 証券取引等監視委員会は、株式会社モルフォ役員及び社員９名（うち同社従業員持株会会員７名）による内部者取引について検査した結果、下記のとおり法令違反の事実が認められたので、本日、内閣総理大臣及び金融庁長官に対して、金融庁設置法第２０条第１項の規定に基づき、課徴金納付命令を発出するよう勧告を行った。 ２．法令違反の事実関係 （１）課徴金納付命令対象者（１）について 課徴金納付命令対象者（１）は、株式会社モルフォ（以下「モルフォ」という。）の役員であるが、同人がその職務に関し、同社の業務執行を決定する機関が、株式会社デンソー（以下「デンソー」という。）との業務上の提携を行うことについての決定をした旨の重要事実を知りながら、上記事実の公表がされた平成２７年１２月１１日より前の同年８月２４日及び同月２６日、自己の計算において、モルフォ株式合計４００株を買付価額合計１５９万５０００円で買い付けたものである。 違反行為事実の概要については、 別図 のとおり。 課徴金納付命令対象者（１）が行った上記の行為は、金融商品取引法第１７５条第１項に規定する「第１６６条第１項又は第３項の規定に違反して、同条第１項に規定する売買等をした」行為に該当すると認められる。 （２）課徴金納付命令対象者（２）について 課徴金納付命令対象者（２）は、モルフォの社員であるが、同人がその職務に関し、同社の業務執行を決定する機関が、デンソーとの業務上の提携を行うことについての決定をした旨の重要事実を知りながら、上記事実の公表がされた平成２７年１２月１１日より前の同年９月２９日、自己の計算において、モルフォ株式合計４００株を買付価額合計１２０万円で買い付けたものである。 違反行為事実の概要については、 別図 のとおり。 課徴金納付命令対象者（２）が行った上記の行為は、金融商品取引法第１７５条第１項に規定する「第１６６条第１項又は第３項の規定に違反して、同条第１項に規定する売買等をした」行為に該当すると認められる。 （３）課徴金納付命令対象者（３）について 課徴金納付命令対象者（３）は、モルフォの社員であったが、同人がその職務に関し、同社の業務執行を決定する機関が、デンソーとの業務上の提携を行うことについての決定をした旨の重要事実を知りながら、上記事実の公表がされた平成２７年１２月１１日より前の同年９月１７日から同年１０月３０日までの間、自己の計算において、モルフォ株式合計３２０６株を買付価額合計１１１８万６８５０円で買い付けたものである。 違反行為事実の概要については、 別図 のとおり。 課徴金納付命令対象者（３）が行った上記の行為は、金融商品取引法第１７５条第１項に規定する「第１６６条第１項又は第３項の規定に違反して、同条第１項に規定する売買等をした」行為に該当すると認められる。 （４）課徴金納付命令対象者（４）ないし（１０）について 課徴金納付命令対象者（４）ないし（１０）は、モルフォの社員又は社員であった者であるが、同人らがその職務に関し、同社の業務執行を決定する機関が、デンソーとの業務上の提携を行うことについての決定をした旨の重要事実を知りながら、下記のとおり、モルフォ従業員持株会への自らの拠出金を増額又はモルフォ従業員持株会へ入会し （注） 、上記事実の公表がされた平成２７年１２月１１日より前の同年１０月２６日及び同年１１月２６日、モルフォの他の従業員持株会会員と共同してモルフォ株式合計４００株を買い付け、自己の計算において、上記増額行為又は入会行為に係る拠出金等合計で各持分合計を得たものである。 （注）上場会社の従業員が、当該上場会社の他の従業員と共同して、当該上場会社の株券の買付けを行う場合であって、当該買付けが一定の計画に従い、個別の投資判断に基づかず、継続的に行われる場合（各従業員の一回当たりの拠出金額が１００万円に満たない場合に限る）には、内部者取引規制の適用が除外される（金融商品取引法第１６６条第６項第１２号、有価証券の取引等の規制に関する内閣府令第５９条第１項第４号）。いわゆる、証券会社方式の従業員持株会による買付けは内部者取引規制の適用除外である。 しかし、重要事実を知りながら持株会に新規入会したり、持株会への拠出金を増加したりすることは、「個別の投資判断に基づかず」との要件を欠き、適用除外の対象とならない。 ○課徴金納付命令対象者（４） 課徴金納付命令対象者（４）は、平成２７年１０月５日、モルフォ従業員持株会への自らの拠出金を増額し、同行為に係る拠出金等合計７万１７８６円で持分合計１６．０８７株を得たものである。 ○課徴金納付命令対象者（５） 課徴金納付命令対象者（５）は、平成２７年１０月８日、モルフォ従業員持株会への自らの拠出金を増額し、同行為に係る拠出金等合計９万２０３６円で持分合計２０．６２５株を得たものである。 ○課徴金納付命令対象者（６） 課徴金納付命令対象者（６）は、平成２７年１０月８日、モルフォ従業員持株会への自らの拠出金を増額し、同行為に係る拠出金等合計１４万５４２０円で持分合計３２．５８８株を得たものである。 ○課徴金納付命令対象者（７） 課徴金納付命令対象者（７）は、平成２７年１０月６日、モルフォ従業員持株会への自らの拠出金を増額し、同行為に係る拠出金等合計１８万２２３５円で持分合計４０．８３８株を得たものである。 ○課徴金納付命令対象者（８） 課徴金納付命令対象者（８）は、平成２７年１０月１日、モルフォ従業員持株会への自らの拠出金を増額し、同行為に係る拠出金等合計７万３６２９円で持分合計１６．５００株を得たものである。 ○課徴金納付命令対象者（９） 課徴金納付命令対象者（９）は、平成２７年１０月６日、モルフォ従業員持株会への自らの拠出金を増額し、同行為に係る拠出金等合計３万６８１４円で持分合計８．２５０株を得たものである。 ○課徴金納付命令対象者（１０） 課徴金納付命令対象者（１０）は、平成２７年１０月７日、モルフォ従業員持株会へ入会し、同行為に係る拠出金等合計４万４９１円で持分合計９．０７４株を得たものである。 違反行為事実の概要については、 別図 のとおり。 課徴金納付命令対象者（４）ないし（１０）が行った上記の行為は、金融商品取引法第１７５条第１項に規定する「第１６６条第１項又は第３項の規定に違反して、同条第１項に規定する売買等をした」行為に該当すると認められる。 ３．課徴金の額の計算 上記の違法行為に対し、金融商品取引法に基づき納付を命じられる課徴金の額は、下記のとおりである。 課徴金納付命令対象者（１）１３３万円 課徴金納付命令対象者（２）１７２万円 課徴金納付命令対象者（３）１２２８万円 課徴金納付命令対象者（４）４万円 課徴金納付命令対象者（５）５万円 課徴金納付命令対象者（６）９万円 課徴金納付命令対象者（７）１１万円 課徴金納付命令対象者（８）４万円 課徴金納付命令対象者（９）２万円 課徴金納付命令対象者（１０）２万円 計算方法の詳細については、 別紙 のとおり。 ４．その他 本件については、日本取引所自主規制法人より提供された情報も参考として、実態解明を行ったものである。 （別図） ○違反行為事実の概要について （クリックすると拡大されます） 株式の買付日及び持株会への申請日 （クリックすると拡大されます） モルフォ従業員持株会への拠出金の増額・入会状況 （クリックすると拡大されます） 従業員持株会による買付けへのインサイダー取引規制の適用関係 （クリックすると拡大されます） （別紙） ○課徴金の額の計算方法について １．課徴金納付命令対象者（１） （１）金融商品取引法第１７５条第１項第２号の規定により、当該有価証券の買付けについて業務等に関する重要事実の公表がされた後２週間における最も高い価格に当該有価証券の買付けの数量を乗じて得た額から当該有価証券の買付けをした価格にその数量を乗じて得た額を控除した額。 7,320円×400株 －（3,850円×100株＋3,855円×100株＋4,120円×100株＋4,125円×100株） ＝ 1,333,000円 （２）金融商品取引法第１７６条第２項の規定により、上記（１）で計算した額の１万円未満の端数を切捨て。 ２．課徴金納付命令対象者（２） （１）金融商品取引法第１７５条第１項第２号の規定により、当該有価証券の買付けについて業務等に関する重要事実の公表がされた後２週間における最も高い価格に当該有価証券の買付けの数量を乗じて得た額から当該有価証券の買付けをした価格にその数量を乗じて得た額を控除した額。 7,320円×400株 －3,000円×400株 ＝ 1,728,000円 （２）金融商品取引法第１７６条第２項の規定により、上記（１）で計算した額の１万円未満の端数を切捨て。 ３．課徴金納付命令対象者（３） （１）金融商品取引法第１７５条第１項第２号の規定により、当該有価証券の買付けについて業務等に関する重要事実の公表がされた後２週間における最も高い価格に当該有価証券の買付けの数量を乗じて得た額から当該有価証券の買付けをした価格にその数量を乗じて得た額を控除した額。 7,320円×3,206株 －（3,140円×900株＋3,150円×3株＋3,260円×900株＋3,300円×3株 ＋3,440円×600株＋4,170円×300株＋4,185円×500株） ＝ 12,281,070円 （２）金融商品取引法第１７６条第２項の規定により、上記（１）で計算した額の１万円未満の端数を切捨て。 ４．課徴金納付命令対象者（４）ないし（１０） 金融商品取引法第１７５条第１項第２号の規定により、当該有価証券の買付けについて業務等に関する重要事実の公表がされた後２週間における最も高い価格に当該有価証券の買付けの数量を乗じて得た額から当該有価証券の買付けをした価格にその数量 （注１、注２） を乗じて得た額を控除した額。 （注１）モルフォ従業員持株会の規約、運営細則等を踏まえ、各課徴金納付命令対象者における平成２７年１０月２６日の当該有価証券の買付数量は、同日の持株会の買付株数２００株に、（各課徴金納付命令対象者の拠出金増額分及び拠出金に応じてモルフォから支給される奨励金増額分）/（同日の買付けにかかる持株会会員の拠出金、奨励金及び前回繰越金の合計）を乗じて算出。なお、課徴金納付命令対象者（１０）における拠出金増額分及び奨励金増額分とは、新規入会による拠出金分及び奨励金分を指す。 （注２）注１同様に、モルフォ従業員持株会の規約、運営細則等を踏まえ、各課徴金納付命令対象者における平成２７年１１月２６日の当該有価証券の買付数量は、同日の持株会の買付株数２００株に、同年１０月２６日の買付株数２００株のうち持株会会員に配分されなかった繰越株数０．０２３株を加算した２００．０２３株に、{各課徴金納付命令対象者の拠出金増額分、奨励金増額分及び前回繰越金（各課徴金納付命令対象者の拠出金増額分及び奨励金増額分に対応する部分）}/（平成２７年１１月２６日の買付けにかかる持株会会員の拠出金、奨励金及び前回繰越金の合計）を乗じて算出。なお、課徴金納付命令対象者（１０）における拠出金増額分及び奨励金増額分とは、新規入会による拠出金分及び奨励金分を指す。 （１）課徴金納付命令対象者（４） 7,320円×16.087株 －（4,305円×8.174株 （注３） ＋4,625円×7.913株 （注４） ） ＝ 45,970円 （注３）（注２）により、200.023株×48,747円 /1,192,762円＝8.174株となる。 （注４）（注１）により、200株×42,900円 /1,084,254円＝7.913株となる。 金融商品取引法第１７６条第２項の規定により、上記で計算した額の１万円未満の端数を切捨て。 （２）課徴金納付命令対象者（５） 7,320円×20.625株 －（4,305円×10.480 （注５） ＋株4,625円×10.145株 （注６） ） ＝ 58,939円 （注５）（注２）により、200.023株×62,496円 /1,192,762円＝10.480株となる。 （注６）（注１）により、200株×55,000円 /1,084,254円＝10.145株となる。 金融商品取引法第１７６条第２項の規定により、上記で計算した額の１万円未満の端数を切捨て。 （３）課徴金納付命令対象者（６） 7,320円×32.588株 －（4,305円×16.559株 （注７） ＋4,625円×16.029株 （注８） ） ＝ 93,124円 （注７）（注２）により、200.023株×98,744円 /1,192,762円＝16.559株となる。 （注８）（注１）により、200株×86,900円 /1,084,254円＝16.029株となる。 金融商品取引法第１７６条第２項の規定により、上記で計算した額の１万円未満の端数を切捨て。 （４）課徴金納付命令対象者（７） 7,320円×40.838株 －（4,305円×20.751株 （注９） ＋4,625円×20.087株 （注１０） ） ＝ 116,699円 （注９）（注２）により、200.023株×123,742円 /1,192,762円＝20.751株となる。 （注１０）（注１）により、200株×108,900円 /1,084,254円＝20.087株となる。 金融商品取引法第１７６条第２項の規定により、上記で計算した額の１万円未満の端数を切捨て。 （５）課徴金納付命令対象者（８） 7,320円×16.500株 －（4,305円×8.384株 （注１１） ＋4,625円×8.116株 （注１２） ） ＝ 47,151円 （注１１）（注２）により、200.023株×49,997円 /1,192,762円＝8.384株となる。 （注１２）（注１）により、200株×44,000円 /1,084,254円＝8.116株となる。 金融商品取引法第１７６条第２項の規定により、上記で計算した額の１万円未満の端数を切捨て。 （６）課徴金納付命令対象者（９） 7,320円×8.250株 －（4,305円×4.192株 （注１３） ＋4,625円×4.058株 （注１４） ） ＝ 23,576円 （注１３）（注２）により、200.023株×24,998円 /1,192,762円＝4.192株となる。 （注１４）（注１）により、200株×22,000円 /1,084,254円＝4.058株となる。 金融商品取引法第１７６条第２項の規定により、上記で計算した額の１万円未満の端数を切捨て。 （７）課徴金納付命令対象者（１０） 7,320円×9.074株 －（4,305円×4.611株 （注１５） ＋4,625円×4.463株 （注１６） ） ＝ 25,930円 （注１５）（注２）により、200.023株×27,498円 /1,192,762円＝4.611株となる。 （注１６）（注１）により、200株×24,200円 /1,084,254円＝4.463株となる。 金融商品取引法第１７６条第２項の規定により、上記で計算した額の１万円未満の端数を切捨て。",1
2017-02-10,ロングライフホールディング株式会社,,ロングライフホールディング株式会社及び株式会社サンワカンパニー社員による内部者取引に対する課徴金納付命令の勧告について,https://www.fsa.go.jp/sesc/news/c_2017/2017/20170210-1.html,"English version 平成２９年２月１０日 証券取引等監視委員会 ロングライフホールディング株式会社及び株式会社サンワカンパニー社員による内部者取引に対する課徴金納付命令の勧告について １．勧告の内容 証券取引等監視委員会は、ロングライフホールディング株式会社及び株式会社サンワカンパニー社員による内部者取引について検査した結果、下記のとおり法令違反の事実が認められたので、本日、内閣総理大臣及び金融庁長官に対して、金融庁設置法第２０条第１項の規定に基づき、課徴金納付命令を発出するよう勧告を行った。 ２．法令違反の事実関係 課徴金納付命令対象者は、 （１）ロングライフホールディング株式会社（以下「ロングライフホールディング」という。）に勤務していた者であるが、 ア．違反行為事実A 同人がその職務に関し、同社の属する企業集団の平成２３年１１月１日から平成２４年１０月３１日までの事業年度（以下「平成２４年１０月期」という。）の当期純利益について、平成２３年１２月９日に公表がされた直近の予想値（当期純利益１億４０００万円）に比較して、同社が新たに算出した予想値において、投資者の投資判断に及ぼす影響が重要なものとなる差異が生じた旨の重要事実を知りながら、同社において新たに算出した平成２４年１０月期の予想値（当期純利益２億１９００万円）の公表がされた平成２４年１２月１３日午後３時３０分頃より前の同月６日から同月１３日午後１時５６分頃までの間、自己の計算において、ロングライフホールディング株式合計３４００株を買付価額合計８３万３４００円で買い付け イ．違反行為事実B 同人がその職務に関し、同社の業務執行を決定する機関が、自己の株式の取得を行うことについての決定をした旨の重要事実を知りながら、上記事実の公表がされた平成２５年１２月３０日午後３時３０分頃より前の同月２７日から同月３０日午後０時５９分頃までの間、自己の計算において、ロングライフホールディング株式合計２０００株を買付価額合計５６万３５００円で買い付け ウ．違反行為事実C 同人がその職務に関し、同社の業務執行を決定する機関が、株式会社カナミックネットワークと業務上の提携を行うことについての決定をした旨の重要事実を知りながら、上記事実の公表がされた平成２６年３月１３日より前の同月５日及び同月７日、自己の計算において、ロングライフホールディング株式合計３４００株を買付価額合計１０５万４２００円で買い付け （２）違反行為事実D 株式会社サンワカンパニー（以下「サンワカンパニー」という。）に勤務していた者であるが、同人がその職務に関し、同社の平成２６年１０月１日から平成２７年９月３０日までの事業年度（以下「平成２７年９月期」という。）の剰余金の配当について、平成２６年１１月１４日に公表がされた直近の予想値（配当２円）に比較して、平成２７年９月期の決算において、投資者の投資判断に及ぼす影響が重要なものとなる差異が生じた旨の重要事実を知りながら、平成２７年９月期の決算において配当金を４円とする決議の公表がされた平成２７年１１月１３日より前の同年１１月１１日、自己及び親族の計算において、サンワカンパニー株式合計２６００株を買付価額合計８９万６９００円で買い付け たものである。 違反行為事実の概要については、 別図 のとおり。 課徴金納付命令対象者が行った上記の行為は、金融商品取引法第１７５条第１項に規定する「第１６６条第１項又は第３項の規定に違反して、同条第１項に規定する売買等をした」行為に該当すると認められる。 ３．課徴金の額の計算 上記の違法行為に対し、金融商品取引法に基づき納付を命じられる課徴金の額は、９６万円である。 計算方法の詳細については、 別紙 のとおり。 （別図） ○ 違反行為事実の概要について （クリックすると拡大されます） （別紙） ○ 課徴金の額の計算方法について １．違反行為事実Aに係る課徴金の額 （１）金融商品取引法第１７５条第１項第２号の規定により、当該有価証券の買付けについて業務等に関する重要事実の公表がされた後２週間における最も高い価格に当該有価証券の買付けの数量を乗じて得た額から当該有価証券の買付けをした価格にその数量を乗じて得た額を控除した額。 （269円×3,400株） －（234円×200株＋235円×200株＋238円×300株＋239円×500株 ＋243円×1,000株＋245円×500株＋251円×100株＋262円×300株 ＋265円×300株） ＝ 81,200円 （２）金融商品取引法第１７６条第２項の規定により、上記（１）で計算した額の１万円未満の端数を切捨て。 ２．違反行為事実Bに係る課徴金の額 （１）金融商品取引法第１７５条第１項第２号の規定により、当該有価証券の買付けについて業務等に関する重要事実の公表がされた後２週間における最も高い価格に当該有価証券の買付けの数量を乗じて得た額から当該有価証券の買付けをした価格にその数量を乗じて得た額を控除した額。 （342円×2,000株） －（278円×500株＋279円×500株＋285円×1,000株） ＝ 120,500円 （２）金融商品取引法第１７６条第２項の規定により、上記（１）で計算した額の１万円未満の端数を切捨て。 ３．違反行為事実Cに係る課徴金の額 （１）金融商品取引法第１７５条第１項第２号の規定により、当該有価証券の買付けについて業務等に関する重要事実の公表がされた後２週間における最も高い価格に当該有価証券の買付けの数量を乗じて得た額から当該有価証券の買付けをした価格にその数量を乗じて得た額を控除した額。 （358円×3,400株） －（308円×400株＋309円×800株＋310円×800株＋311円×1,000株 ＋312円×400株） ＝ 163,000円 （２）金融商品取引法第１７６条第２項の規定により、上記（１）で計算した額の１万円未満の端数を切捨て。 ４．違反行為事実Dに係る課徴金の額 （１）金融商品取引法第１７５条第１項第２号の規定により、当該有価証券の買付けについて業務等に関する重要事実の公表がされた後２週間における最も高い価格に当該有価証券の買付けの数量を乗じて得た額から当該有価証券の買付けをした価格にその数量を乗じて得た額を控除した額。 （578円×2,600株） －（344円×100株＋345円×2,500株） ＝ 605,900円 （２）金融商品取引法第１７６条第２項の規定により、上記（１）で計算した額の１万円未満の端数を切捨て。 ５．上記１．ないし４．により算定した額の合計 80,000円＋120,000円＋160,000円＋600,000円 ＝ 960,000円 となる。",1
2017-01-20,,,証券取引等監視委員会 中期活動方針（第９期）の公表について,https://www.fsa.go.jp/sesc/news/c_2017/2017/20170120-1.html,PDF版（日本語） 本文 概要 ポイント PDF版（English） 本文 概要 証券取引等監視委員会 中期活動方針（第９期） ～四半世紀の活動を踏まえた新たなステージへ～ 平成29年１月20日 証券取引等監視委員会 証券監視委の使命 １．市場の公正性・透明性の確保及び投資者保護 ２．資本市場の健全な発展への貢献 ３．国民経済の持続的な成長への貢献 証券監視委が目指す公正・透明な市場の姿 ～全ての市場利用者がルールを守り、誰からも信頼される市場～ ＜主な構成要素＞ １．上場企業等による適正なディスクロージャー ２．市場仲介者による投資家のための公正・中立な行動 ３．全ての市場利用者による自己規律 ４．プロフェッショナルな監視メカニズム 証券監視委における価値観 １．公正性（公正・中立な視点） ２．説明責任（全体像・根本原因の把握及びその対外的発信） ３．将来を見据えたフォワード・ルッキングな視点（不正行為の予兆を早期に発見） ４．実効性及び効率性（資源の効果的な活用） ５．協働（自主規制機関、海外・国内当局等との緊密な連携） ６．最高水準の追求（監視のプロとして最高水準を目指す） 証券監視委を取り巻く現在の環境 証券監視委は、取引の公正を図り、市場に対する投資者の信頼を保持することを目的として平成４年に設置され、今年（平成29年）で25年目を迎えます。この間、重大・悪質な事案に対する告発等で着実に成果を上げただけでなく、課徴金制度の導入を踏まえた検査・調査手法の開発、証券市場・取引の複雑化に対する人材及びITの高度化、内外関係機関等との連携による市場規律の強化などの施策を地道に積み重ね、市場の信頼性確保に努めてきました。 このような中、証券監視委を取り巻く環境は以下のとおり大きく変化してきています。 まず、世界的な市場を取り巻く環境について見ると、昨年の英国の欧州連合離脱（Brexit）の動きをはじめ、グローバル経済の先行きを巡る不確実性は増大しています。 また、日本企業の海外展開の積極化、国内機関投資家等による海外投資の増加、市場における海外投資家比率の高まりなどクロスボーダー取引の拡大や市場の更なるグローバル化の進展に伴い、我が国市場は海外のマクロ経済動向や特定のイベントに強く影響を受ける状況となっており、市場のボラティリティは増大しています。 さらに、IT技術の進展に伴い市場構造は大きく変化しており、アルゴリズムを用いた高速取引の急速な拡大や、近年は、FinTechに代表される金融・IT融合の世界規模での進展が、市場を更に大きく変革させる可能性が指摘されており、同時に、サイバー攻撃による金融システム全体に対する脅威も高まっています。 このような市場環境の中、我が国においては、金融庁を中心に「国民の安定的な資産形成を実現する資金の流れへの転換」を推進するための取組みを行っており、証券監視委としても、投資家が安心して投資できる市場の構築等を通じ、国民の安定的な資産形成や投資の裾野拡大に貢献していく必要があります。 第９期を迎えた証券監視委は、このような内外環境の大きな変化の中で、その使命を果たしていくために、目指すべき目標を以下のとおり掲げ、これまで蓄積した市場監視のノウハウ・人材を効果的・効率的に活用しながら、市場からの信頼に応えるべく、尚一層の努力を行ってまいります。 ３つの戦略目標 １． 網羅的な市場監視（広く） (1) 新たな商品・取引等への対応 新しい商品・取引等に係るリスクを的確に把握・分析 (2) あらゆる取引・市場を網羅的に監視 取引所現物市場に限らず、PTS（私設取引システム）、ダークプール、デリバティブ、株式・社債の発行市場等あらゆる取引・市場を網羅的に監視 (3) 全体像の把握（部分から全体へ） 事案の全体像を把握した上での、実態解明及び根本原因の追究 ２． 機動的な市場監視（早く） (1) 問題の早期発見・着手 市場における問題の端緒の速やかな把握及びタイムリーな検査・調査等の実施 (2) 早期の対応による未然予防の実現 市場における問題に対する早期の対応を通じた未然予防の実現及び問題の拡大の防止 (3) 迅速な実態解明・処理による問題の早期是正 検査・調査実施時における事案の迅速な実態解明及び処理 ３． 深度ある市場監視（深く） (1) 問題の根本原因の追究 法令違反等の問題が認められた場合、事案の実質面に着眼してその根本的な原因を究明・指摘し、業者・企業等自身による改善及び再発防止に向けた取組みを促進 (2) 横断的な視点による深度ある分析を通じた構造的な問題の把握 個別の問題事象の分析にとどまらず、他の同様の事案まで含めた横断的な広がりのある視点と、それによる深度ある分析を行うことを通じた、市場の構造的な問題の把握及び制度整備等への貢献 目標達成のための５つの施策 １． 内外環境を踏まえた情報力の強化 (1) 市場環境のマクロ的な視点での分析等によるフォワード・ルッキングな市場監視 市場構造が急速に変化する中で、市場における問題の未然防止・早期発見につなげるため、従来の事後チェック型の市場監視にとどまらず、市場環境のマクロ的な視点に基づく分析を行うなど、フォワード・ルッキングな市場監視を行っていきます。 具体的には、マクロ経済環境の変化に伴う上場企業等の業績や株価への影響が不公正取引等のリスクとなり得ることから、国内外の経済情勢等の影響を受けやすい業種・企業に係る情報収集・分析を行い、その結果について証券監視委内で情報を共有し、検査・調査に活用していきます。 (2) 海外当局との信頼関係醸成による情報収集の強化及び市場監視への活用 海外当局との円滑な連携を継続的に実施していくため、当局間の信頼関係の醸成に努め、当該信頼関係に基づき、情報交換、検査・調査及び法執行面での連携を更に強化するとともに、そこから得られた海外法執行状況や法制度等の有益な情報について、市場監視に活用していきます。 (3) 市場監視の空白を作らないための取組み 市場で起こっていることを常に注意深く把握し、新しい商品・取引や、監視の目の行き届きにくい商品・取引へ的確に対応し、市場監視の空白を作らない取組みを行っていきます。 ２． 迅速かつ効率的な検査・調査の実施 (1) 不公正取引等に対する課徴金制度の積極的活用 国内外の不公正取引等の個別事案がより大型化・複雑化している中で、課徴金制度を積極的に活用し、不公正取引等に対する検査・調査を迅速かつ効率的に行っていきます。 (2) クロスボーダー事案への積極的な取組み クロスボーダー取引による違反行為に対しては、当局間の情報交換枠組み等を活用しながら、実態解明を行い、適切な法執行を行っていきます。 (3) 重大・悪質事案への告発等による厳正な対応 インサイダー取引、相場操縦、風説の流布・偽計や虚偽記載等の違反行為のうち重大で悪質なものについては、犯則調査の権限を行使し、厳正に対応していきます。その際、事案の内容に応じ、捜査・訴追当局や海外当局等の関係機関と連携し、実態の解明や責任追及を効果的に行っていきます。 (4) リスクアセスメントを通じた効果的なモニタリング手法の確立 全ての金融商品取引業者等に対してオンサイト・オフサイトの一体的なモニタリングを行い、金融商品取引業者等の業態、規模その他の特性等を踏まえつつ、ビジネスモデルの分析、それを支えるガバナンスの有効性やリスク管理の適切性等に着目したリスクアセスメントを実施していきます。 オフサイト・モニタリングの結果を踏まえて、リスクベースでオンサイト・モニタリング先を選定し、オンサイト・モニタリングにおいては、金融商品取引業者等が取り扱う商品の内容や取引スキームについて深度ある分析を行った上で業務運営の適切性等について検証を進め、問題が認められた場合には、その問題の根本的な原因を究明していきます。 ３． 深度ある分析の実施と市場規律強化に向けた取組み (1) 根本原因の追究 検査・調査において、法令違反等が認められた場合、行政処分勧告等を行うだけでなく、問題の全体像を把握した上で、根本的な原因を究明・指摘し、再発防止につなげていきます。 (2) 検査・調査で得られた情報の多面的・複線的な活用 個別事案の検査・調査では、行政処分や刑事告発等の一定の「出口」に限定されずに、そこで得られたインテリジェンス情報を適切に集約・分析し、市場監視業務全般に多面的・複線的に活用していきます。 (3) 情報発信の充実 個別勧告事案等の公表のほか、課徴金事例集や証券検査における主な指摘事項の公表等において、市場規律強化の観点から、事案の意義、内容及び問題点を明確にした、具体的で分かりやすい情報の発信を行っていきます。 (4) 市場環境整備への積極的な貢献 横断的な広がりのある視点に基づく検査・調査を通じて、市場の構造的な問題を把握し、より良い市場環境の整備に向け、積極的な貢献を行っていきます。 (5) 国際連携上の課題の問題提起を通じたグローバルな市場監視への貢献 監視活動を通じて認識された国際的な連携に関連する課題について、二国間及び証券監督者国際機構（IOSCO）等の多国間の枠組みでの問題提起及び共有を強化し、グローバルな市場監視に貢献していきます。 ４． ITの活用及び人材の育成 (1) 市場監視におけるIT技術の更なる活用（RegTech） 証券市場におけるITやAI（人工知能）技術の進展を含めた市場の構造的変化に対応するため、国内外の金融技術の動向や国内外の規制当局・法執行機関におけるIT技術の導入状況等を踏まえ、取引監視システム等、現行の市場監視システムにおけるIT技術の更なる活用（RegTech）について検討していきます。 (2) FinTech等のIT技術の進展を踏まえた市場監視の変化への対応 FinTech等のIT技術の進展等に伴って生じる新たな取引形態・商品等に対して、網羅的に監視が行えるよう機動的に検討・対応していきます。 近年のITの高度化及びデータの大容量化に対応するため、検査・調査におけるデジタルフォレンジック技術の一層の向上及びシステム環境の高度化を推進していきます。 (3) 高度な専門性及び幅広い視点を持った人材の計画的な育成 IT技術の進展等を背景に、金融取引がますますグローバル化、複雑化、高度化する中で、証券監視委の使命を適切に果たしていくため、市場監視に係る高度な専門性及び幅広い視点を持った人材の育成に取り組んでいきます。 ５． 国内外の自主規制機関等との連携 (1) 自主規制機関との更なる連携強化による効率的・効果的な市場監視 市場を取り巻く内外環境の大きな変化の中で、その役割がますます重要となる自主規制機関が、その機動性及び柔軟性を活かしながら主体的な役割を果たすことに資するよう、これまで以上に証券監視委の持つ情報や問題意識をタイムリーに共有するなどして、監視態勢の更なる強化や市場規律の働いた市場環境の整備を行っていきます。 海外からのアルゴリズムを用いた高速取引注文の増加等に対応するため、自主規制機関とも連携し、取引審査の充実・強化を図るとともに、市場のゲートキーパーである証券会社の売買審査態勢について実態把握を行った上で、売買審査態勢の一層の高度化に向けた検討を行っていきます。 金融商品取引業者等に対するオン・オフ一体モニタリングへの移行に伴い、効果的・効率的な検査実施の観点から、自主規制機関による監査・検査との連携のあり方についても検討を行っていきます。 (2) 多様な市場関係者（ステークホルダー）と連携した市場規律の強化 これまでの自主規制機関、海外当局、関係機関・団体等との間での連携を強化していくことに加え、市場の公正性・透明性確保に関連する関係機関・団体等の市場関係者（ステークホルダー）との連携の拡大を図っていくことを通じて、全体としての市場監視機能を強化していきます。 最後に 証券監視委は、本年で25年目の節目を迎え、本活動方針に掲げる「網羅的な市場監視（広く）」・「機動的な市場監視（早く）」・「深度ある市場監視（深く）」の実施を通じて、全ての市場利用者がルールを守り、誰からも信頼される市場の構築を目指していきます。 なお、本活動方針は、現下の経済金融情勢等を踏まえて作成したものですが、市場を取り巻く環境が急激に変化する状況のなか、証券監視委自身のPDCAサイクルによって、的確に自らの課題を洗い出し、適切な対応を行うことが重要です。そのために、外部の有識者の意見などを活用し、市場監視業務について、不断の見直しを行いながら、その使命を果たしていきます。,1
2018-12-21,ワイエスフード株式会社,3358,ワイエスフード株式会社との契約締結交渉者の役員から伝達を受けた者による内部者取引に対する課徴金納付命令の勧告について,https://www.fsa.go.jp/sesc/news/c_2018/2018/20181221-2.html,"English version 平成30年12月21日 証券取引等監視委員会 ワイエスフード株式会社との契約締結交渉者の役員から伝達を受けた者による内部者取引に対する課徴金納付命令の勧告について １．勧告の内容 証券取引等監視委員会は、ワイエスフード株式会社との契約締結交渉者の役員から伝達を受けた者による内部者取引について検査した結果、下記のとおり法令違反の事実が認められたので、本日、内閣総理大臣及び金融庁長官に対して、金融庁設置法第２０条第１項の規定に基づき、課徴金納付命令を発出するよう勧告を行った。 ２．法令違反の事実関係 課徴金納付命令対象者Ａ社は、同社から株取引の委任を受けていた同社社員において、ワイエスフード株式会社（以下「ワイエスフード」という。）との業務提携契約の締結交渉をしていた株式会社餃子計画（以下「餃子計画」という。）の役員から、ワイエスフードの業務執行を決定する機関が、餃子計画と業務上の提携を行うことについての決定をした旨の重要事実の伝達を受けながら、Ａ社の業務として、上記事実の公表がされた平成３０年１月２２日より前の同月１８日及び同月１９日、Ａ社名義の証券口座を用いて、自己の計算において、ワイエスフード株式合計３４００株を買付価額合計９５万１３００円で買い付けたものである。 違反行為事実の概要については、 別図 のとおり。 課徴金納付命令対象者Ａ社が行った上記の行為は、金融商品取引法第１７５条第１項に規定する「第１６６条第１項又は第３項の規定に違反して、同条第１項に規定する売買等をした」行為に該当すると認められる。 ３．課徴金の額の計算 上記の違法行為に対し金融商品取引法に基づき納付を命じられる課徴金の額は、１９３万円である。 計算方法の詳細については、 別紙 のとおり。 ４．その他 本件については、日本取引所自主規制法人より提供された情報も参考として、実態解明を行ったものである。 （別図） ○違反行為事実の概要について （クリックすると拡大されます） （別紙） 〇課徴金の額の計算について (1) 金融商品取引法第１７５条第１項第２号の規定により、当該有価証券の買付けについて、業務等に関する重要事実の公表がされた後２週間における最も高い価格（848円）に当該有価証券の買付けの数量を乗じて得た額から当該有価証券の買付けをした価格にその数量を乗じて得た額を控除した額。 （848円×3,400株） －（279円×700株＋280円×2,700株） ＝1,931,900円 (2) 金融商品取引法第１７６条第２項の規定により、上記(1)で計算した額の１万円未満の端数を切捨て。",1
2018-12-18,株式会社ダルトン株券,,株式会社ダルトン株券に係る内部者取引事件の告発について,https://www.fsa.go.jp/sesc/news/c_2018/2018/20181218-3.html,English version 平成30年12月18日 証券取引等監視委員会 株式会社ダルトン株券に係る内部者取引事件の告発について 証券取引等監視委員会は、本日、金融商品取引法違反（内部者取引、情報伝達）の嫌疑で、嫌疑者２名を大阪地方検察庁に告発した。告発の対象となった犯則事実については下記のとおり。 １．告発の対象となった犯則事実 犯則嫌疑者Ａは、ＳＭＢＣ日興証券株式会社（以下「ＳＭＢＣ日興」という。）の従業員であったものであるが、ＳＭＢＣ日興の従業員が、株式会社イトーキ（以下「イトーキ」という。）とのファイナンシャルアドバイザリー契約の締結に関し知った、イトーキの業務執行を決定する機関において東京証券取引所が開設する有価証券市場に株券を上場している株式会社ダルトン（以下「ダルトン」という。）株券の公開買付けを行うことについての決定をした旨の公開買付けの実施等に関する事実を、平成２８年７月下旬頃、その職務に関し知り 第１　犯則嫌疑者Ｂは、Ａから、前記公開買付けの実施等に関する事実の伝達を受け、法定の除外事由がないのに、同事実の公表前である平成２８年７月下旬頃から同年８月上旬頃までの間、証券会社を介し、東京証券取引所において、自己名義でダルトン株券合計２９万６０００株を代金合計約５3００万円で買い付け 第２　Ａは、あらかじめダルトン株券を買付けさせて利益を得させる目的で、前記公開買付けの実施等に関する事実の公表前である平成２８年７月下旬頃、Ｂに対し、同事実を伝達したものであり、これにより同人が、法定の除外事由がないのに、前記１記載のとおり、同人名義でダルトン株券合計２９万６０００株を代金合計約５3００万円で買い付け たものである。 ２．関連条文 金融商品取引法 第１　同法第１９７条の２第１３号、第１６７条第３項、第１６７条第１項第６号、第４号 第２　同法第１９７条の２第１５号、第１６７条の２第２項 法定刑：５年以下の懲役若しくは５００万円以下の罰金又はこれを併科,1
2018-11-27,株式会社スリーエフ,7544,株式会社スリーエフとの契約締結交渉者の社員から情報を受領した者による内部者取引に対する課徴金納付命令の勧告について,https://www.fsa.go.jp/sesc/news/c_2018/2018/20181127-2.html,"English version 平成30年11月27日 証券取引等監視委員会 株式会社スリーエフとの契約締結交渉者の社員から情報を受領した者による内部者取引に対する課徴金納付命令の勧告について １．勧告の内容 証券取引等監視委員会は、株式会社スリーエフとの契約締結交渉者の社員から情報を受領した者による内部者取引について検査した結果、下記のとおり法令違反の事実が認められたので、本日、内閣総理大臣及び金融庁長官に対して、金融庁設置法第２０条第１項の規定に基づき、課徴金納付命令を発出するよう勧告を行った。 ２．法令違反の事実関係 課徴金納付命令対象者は、株式会社ローソン（以下「ローソン」という。）に勤務していた者であるが、同社の社員甲から、株式会社スリーエフ（以下「スリーエフ」という。）の業務を執行する機関が会社の分割を行うことについての決定をした旨の重要事実の伝達を受けながら、前記重要事実の公表がされた平成２９年４月１２日より前の同年１月２６日から同年４月４日までの間、自己の計算において、スリーエフ株式合計６７００株を買付価額合計２０２万５０００円で買い付けたものである。 前記重要事実は、スリーエフと事業統合契約の締結の交渉をしていたローソンの他の社員乙が同契約の締結の交渉に関し知り、その後、同社の社員甲がその職務に関し知ったものである。 違反行為事実の概要については、 別図 のとおり。 課徴金納付命令対象者が行った上記の行為は、金融商品取引法第１７５条第１項に規定する「第１６６条第１項又は第３項の規定に違反して、同条第１項に規定する売買等をした」行為に該当すると認められる。 ３．課徴金の額の計算 上記の違法行為に対し金融商品取引法に基づき納付を命じられる課徴金の額は、１１３万円である。 計算方法の詳細については、 別紙 のとおり。 ４．その他 本件については、日本取引所自主規制法人より提供された情報も参考として、実態解明を行ったものである。 （別図） ○違反行為事実の概要について （クリックすると拡大されます） （別紙） 〇課徴金の額の計算について (1) 金融商品取引法第１７５条第１項第２号の規定により、当該有価証券の買付けについて、業務等に関する重要事実の公表がされた後２週間における最も高い価格（472円）に当該有価証券の買付けの数量を乗じて得た額から当該有価証券の買付けをした価格にその数量を乗じて得た額を控除した額。 （472円×6,700株） －（301円×2,900株＋302円×2,300株＋304円×600株＋305円×700株＋308円×200株） ＝1,137,400円 (2) 金融商品取引法第１７６条第２項の規定により、上記(1)で計算した額の１万円未満の端数を切捨て。",1
2018-11-13,ＬＣホールディングス,,ＬＣホールディングス株式会社株券に係る内部者取引事件の告発について（２）,https://www.fsa.go.jp/sesc/news/c_2018/2018/20181113-2.html,English version 平成３０年１１月１３日 証券取引等監視委員会 ＬＣホールディングス株式会社株券に係る内部者取引事件の告発について（２） 証券取引等監視委員会は、本日、金融商品取引法違反（内部者取引、情報伝達）の嫌疑で、嫌疑者２名を東京地方検察庁に告発した。告発の対象となった犯則事実については下記のとおり。 １．告発の対象となった犯則事実 第１　Ａは、東京証券取引所が開設する有価証券市場に株券を上場していた株式会社ロジコム（以下「ロジコム」という。）の社外取締役を務めていたものであるが、平成２８年１月中旬頃、その職務に関し、同社が第三者割当増資を行うことについての決定をした旨及び同社が株式会社ダヴィンチ・ホールディングスとの業務上の提携を行うことについての決定をした旨のロジコムの業務等に関する重要事実を知り、あらかじめ同社の株券を買い付けさせて利益を得させる目的をもって、同重要事実の公表前である同年２月上旬頃、Ｂに対し、同重要事実を伝達したものであり、これにより同人が、法定の除外事由がないのに、同重要事実の公表前である同月中旬頃、証券会社を介し、東京証券取引所において、同人名義でロジコムの株券１万株を代金１２００万円で買い付け 第２　Ｂは、平成２８年２月上旬頃、前記第１記載のとおり、Ａから、同人が同年１月中旬頃、その職務に関し知った、ロジコムが第三者割当増資を行うことについての決定をした旨及び同社が株式会社ダヴィンチ・ホールディングスとの業務上の提携を行うことについての決定をした旨のロジコムの業務に関する重要事実の伝達を受け、法定の除外事由がないのに、同重要事実の公表前である同年２月中旬頃、証券会社を介し、前記東京証券取引所において、同人名義でロジコム株券１万株を代金１２００万円で買い付け たものである。 ２．関連条文 金融商品取引法 第１　第１９７条の２第１４号、第１６７条の２第１項 第２　同法第１９７条の２第１３号、第１６６条第３項、同条第１項、同条第２項第１号イ及びヨ 法定刑：５年以下の懲役若しくは５００万円以下の罰金又はこれを併科,1
2018-11-13,ＬＣホールディングス,,ＬＣホールディングス株式会社株券に係る内部者取引事件の告発について（１）,https://www.fsa.go.jp/sesc/news/c_2018/2018/20181113-1.html,English version 平成３０年１１月１３日 証券取引等監視委員会 ＬＣホールディングス株式会社株券に係る内部者取引事件の告発について（１） 証券取引等監視委員会は、本日、金融商品取引法違反（内部者取引）の嫌疑で、嫌疑者１名を東京地方検察庁に告発した。告発の対象となった犯則事実については下記のとおり。 １．告発の対象となった犯則事実 犯則嫌疑者は、東京証券取引所が開設する有価証券市場に株券を上場している株式会社ロジコム（以下「ロジコム」という。）の代表取締役を務めていたものであるが、平成２８年１月中旬頃、その職務に関し、同社が第三者割当増資を行うことについての決定をした旨及び同社が株式会社ダヴィンチ・ホールディングスとの業務上の提携を行うことについての決定をした旨のロジコムの業務等に関する重要事実を知り、法定の除外事由がないのに、同重要事実の公表前である同年１月下旬頃から２月中旬頃、証券会社を介し、東京証券取引所において、他人名義で同社の株券約１万９０００株を代金合計約２４００万円で買い付けたものである。 ２．関連条文 金融商品取引法 第１９７条の２第１３号、第１６６条第１項第１号、同条第２項第１号イ及びヨ 法定刑：５年以下の懲役若しくは５００万円以下の罰金又はこれを併科,1
2018-10-30,株式会社アサツーディ・ケイ,,株式会社アサツーディ・ケイ株券に係る内部者取引事件の告発について,https://www.fsa.go.jp/sesc/news/c_2018/2018/20181030-3.html,English version 平成30年10月30日 証券取引等監視委員会 株式会社アサツーディ・ケイ株券に係る内部者取引事件の告発について 証券取引等監視委員会は、本日、金融商品取引法違反（内部者取引、情報伝達・取引推奨）の嫌疑で、嫌疑者１名を東京地方検察庁に告発した。告発の対象となった犯則事実については下記のとおり。 １．告発の対象となった犯則事実 犯則嫌疑者は、東京証券取引所市場第一部に株券を上場している株式会社アサツーディ・ケイ（以下「アサツー」という。）の執行役員を務めていたものであるが、平成２９年９月下旬頃、その職務に関し、アサツーの代表取締役らがその職務に関しＢＣＰＥ　Ｍａｄｉｓｏｎ　Ｃａｙｍａｎ，Ｌ．Ｐ．からの伝達により知った、アサツーの株券の公開買付けを行うことについての決定をした旨の公開買付けの実施に関する事実を知り 第１　法定の除外事由がないのに、前記事実の公表前である同月下旬頃、証券会社を介し、東京証券取引所において、他人名義でアサツーの株券合計約２万６０００株を代金合計約８２００万円で買い付けた 第２　あらかじめアサツーの株券を買い付けさせて利益を得させる目的をもって、前記事実の公表前である同月下旬頃、知人に対し、アサツーの株券の買付けを勧め、さらに、その頃、同人に対し、同事実を伝達したものであり、これらにより同人が、法定の除外事由がないのに、同事実の公表前である同月下旬頃、証券会社を介し、東京証券取引所において、アサツーの株券合計３００株を代金合計約９０万円で買い付けた ものである。 ２．関連条文 金融商品取引法 第１　同法第１９７条の２第１３号、第１６７条第１項第６号 第２　同法第１９７条の２第１５号、第１６７条の２第２項 法定刑：５年以下の懲役若しくは５００万円以下の罰金又はこれを併科,1
2018-08-31,日本金属株式会社,5491,日本金属株式会社の役員から情報を受領した者による内部者取引に対する課徴金納付命令の勧告について,https://www.fsa.go.jp/sesc/news/c_2018/2018/20180831-1.html,"English version 平成30年8月31日 証券取引等監視委員会 日本金属株式会社の役員から情報を受領した者による内部者取引に対する課徴金納付命令の勧告について １．勧告の内容 証券取引等監視委員会は、日本金属株式会社の役員から情報を受領した者による内部者取引について検査した結果、下記のとおり法令違反の事実が認められたので、本日、内閣総理大臣及び金融庁長官に対して、金融庁設置法第２０条第１項の規定に基づき、課徴金納付命令を発出するよう勧告を行った。 ２．法令違反の事実関係 課徴金納付命令対象者は、日本金属株式会社（以下「日本金属」という。）の役員から、同人がその職務に関し知った、同社の平成２９年４月１日から平成３０年３月３１日までの事業年度（以下「平成３０年３月期」という。）の個別当期純利益について、平成２９年５月１２日に公表された直近の予想値（個別当期純利益１０億円）に比較して、同社が新たに算出した予想値において、投資者の投資判断に及ぼす影響が重要なものとなる差異が生じた旨の重要事実の伝達を受けながら、同社において新たに算出した平成３０年３月期の予想値（個別当期純利益１５億円）の公表がされた平成２９年７月３１日より前の同月２６日から同月２８日、自己の計算において、日本金属株式合計３６００株を買付価額合計６４６万７２００円で買い付けたものである。 違反行為事実の概要については、 別図 のとおり。 課徴金納付命令対象者が行った上記の行為は、金融商品取引法第１７５条第１項に規定する「第１６６条第１項又は第３項の規定に違反して、同条第１項に規定する売買等」をした行為に該当すると認められる。 ３．課徴金の額の計算 上記の違法行為に対し金融商品取引法に基づき納付を命じられる課徴金の額は、２５２万円である。 計算方法の詳細については、 別紙 のとおり。 ４．その他 本件については、日本取引所自主規制法人より提供された情報も参考として、実態解明を行ったものである。 （別図） ○違反行為事実の概要について （クリックすると拡大されます） （別紙） 〇課徴金の額の計算について (1) 金融商品取引法第１７５条第１項第２号の規定により、当該有価証券の買付けについて、業務等に関する重要事実の公表がされた後２週間における最も高い価格（2,499円）に当該有価証券の買付けの数量を乗じて得た額から当該有価証券の買付けをした価格にその数量を乗じて得た額を控除した額。 （2,499円×3,600株） －（1,766円×400株＋1,780円×1,200株＋1,805円×500株＋1,806円×100株 ＋1,807円×100株＋1,808円×100株＋1,809円×100株＋1,810円×100株 ＋1,812円×500株＋1,824円×200株＋1,825円×300株） ＝2,529,200円 (2) 金融商品取引法第１７６条第２項の規定により、上記(1)で計算した額の１万円未満の端数を切捨て。",1
2018-07-25,,,証券取引等監視委員会の活動状況の公表について,https://www.fsa.go.jp/sesc/reports/n_29/n_29.html,"平成30年7月25日 証券取引等監視委員会 証券取引等監視委員会の活動状況の公表について 証券取引等監視委員会（以下「証券監視委」という。）は、金融庁設置法第22条の規定に基づき、毎年、活動状況等を公表しています。今回は、その26回目として、平成29年度（平成29年4月1日～同30年3月31日）の「証券取引等監視委員会の活動状況」を公表します。 公表内容の主な記載内容 １．平成29年度の活動概要  マクロ的アプローチによる分析を通じ、フォワード・ルッキングに内外のリスクや環境変化に着目する市場監視を実施  法令違反の再発防止のため、問題の根本原因を把握  課徴金納付命令勧告を行い、迅速な実態解明・処理により問題を早期是正 ２．不公正取引の勧告・告発件数  不公正取引の勧告件数は計26件（インサイダー取引21件、相場操縦5件）  不公正取引の告発件数は計4件（インサイダー取引2件、相場操縦2件）  取引審査の実施件数は、5年連続で1,000件超  公開買付けや業務提携を重要事実とする事案が昨年同様多数  過去に適用例のなかった重要事実による事案を初めて勧告  相場操縦の手法は複雑化・巧妙化 ・引け条件付きの成行注文を見せ玉として利用 ・売りポジションと引け後のブロックトレードを背景とした上値抑え（大引け） ３．開示規制違反  開示規制違反の再発防止の観点から、課徴金納付命令勧告等を行うとともに、会社の経営陣とその背景・原因について議論  開示規制違反の未然防止の観点から以下の取組み等を実施 ・フォワード・ルッキングなマクロ的視点に立った大規模上場会社に対する継続的な監視 ・開示情報についての特定のテーマに着目した深度ある分析 ・内部統制状況等（海外子会社を含む）の実態把握 ４．金融商品取引業者等に対するモニタリング  規模・業態に応じたリスクアセスメントを実施 （規模業態別の業務運営上の問題及びリスクを取りまとめ）  リスク評価業者等にに応じてオンサイト・モニタリングを25件実施 （うち10件には行政処分勧告を実施）  実効性ある内部管理体制の構築等を促す取組みを実施 （「留意すべき事項（顕在化していないものの改善が必要な問題）」を検査終了通知書に記載し問題意識をモニタリング先と共有） ５．証券監視委の新たな課題（RegTechへの取組み）  国内外の金融技術の動向や国内外の規制当局等におけるITの活用状況等について情報を収集  市場監視における技術的課題の分析及びAI導入の事前検証を行い、新たな市場監視システムの導入に向け検討を進めていく ６．関係機関との連携、情報発信等の充実  自主規制機関との間では ・売買審査などで日頃から連携 ・定期的な意見交換により、相互の問題意識をタイムリーに共有 （マクロ経済の動向を踏まえたリスクの所在など）  事案の意義や問題点等をウェブサイト等を通して情報発信 ・個別の勧告事案等の公表（イメージ図を利用） ・課徴金事例集等について積極的に寄稿や講演を実施 ７．グローバルな市場監視への貢献  世界217機関が加盟する証券監督者国際機構（IOSCO）において、証券規制の国際的調和や規制当局間の相互協力を目指す議論に積極的に参加  海外当局との連携（情報交換等）により、クロスボーダー取引による違反行為に対して適切な法執行を実施  海外当局への職員派遣、短期研修への参加、セミナーの実施等により、当局間ネットワークの強化や知見・問題意識を共有 ８．市場を構成するステークホルダーへのメッセージ  「監視委コラム」にて、各ステークホルダーに向け、法令遵守の観点からそれぞれ特に留意して貰いたい点について、具体例を用いてメッセージを記載 ●「証券取引等監視委員会の活動状況」の本文へ ◎ 全体版 （PDF/13,403KB） ◎ 主なポイント （PDF/2,686KB） ◎ 本編 （PDF/4,035KB） ◎ 附属資料編 （PDF/7,917KB） ◎ サマリーの英語版 （PDF/276KB）（仮訳）",1
2018-06-28,受託する証券会社・投資銀行,,「金融商品取引法における課徴金事例集～不公正取引編～」の公表について,https://www.fsa.go.jp/sesc/jirei/torichou/20180628.html,"平成３０年６月２８日 証券取引等監視委員会 「金融商品取引法における課徴金事例集～不公正取引編～」の公表について 証券取引等監視委員会では、「金融商品取引法における課徴金事例集～不公正取引編～」について、 別紙 （PDF:2,957KB） のとおり取りまとめましたので、公表します。 ※平成30年7月3日、コラムの一部表示について修正。 本書は、証券取引等監視委員会（以下、「証券監視委」という。）が、平成29年4月から平成30年3月までの間に、金融商品取引法違反となる不公正取引に関し課徴金納付命令の勧告を行った事例について、その概要を取りまとめたものです。 本年度の事例集においては、全ての市場利用者がルールを守るための参考としていただけるよう、勧告事案を分析した上で、事案の概要に留まらず、事案の意義・特徴等を出来るだけ記載するとともに、市場利用者の関心が高いと思われるテーマについては、昨年度の事例集で新設した監視委コラムを一層充実させ、「第一次情報受領者について」や「インサイダー取引後の状況」等を採り上げるなどの工夫を行いました。また、見やすさ、分かりやすさのため、１事案を見開きページで掲載したほか、相場操縦事案についてはグラフ、表、株価チャートを活用し複雑化する取引手法の可視化に努めるなど内容のさらなる充実を図りました。 証券監視委としては、不公正取引の未然防止という観点から、本書が、 （１）重要事実の発生源となる上場会社等におけるインサイダー取引管理態勢の一層の充実 （２）公開買付け等企業再編の当事者からフィナンシャル・アドバイザリー業務等を受託する証券会社・投資銀行等における重要事実等の情報管理の徹底 （３）証券市場のゲートキーパーとしての役割を担う証券会社における適正な売買審査の実施 のためにそれぞれ役立てていただくことを期待しています。 また、一般投資者におかれても、不公正取引の疑いがある場合には、証券監視委による調査等の対象となり、法令違反が認められた場合には課徴金が課されることを十分にご理解いただければ幸いです。 本書が活用されることにより、全ての市場利用者による自己規律、市場の公正性・透明性の確保及び投資者保護につながることを強く期待しています。 過去の課徴金事例集はこちら",1
2018-06-19,あった株式会社,,公開買付者の親会社役員から情報を受領した者によるＵＳＥＮ株式に係る内部者取引に対する課徴金納付命令の勧告について,https://www.fsa.go.jp/sesc/news/c_2018/2018/20180619-2.html,"English version 平成３０年６月１９日 証券取引等監視委員会 公開買付者の親会社役員から情報を受領した者によるＵＳＥＮ株式に係る内部者取引に対する課徴金納付命令の勧告について １．勧告の内容 証券取引等監視委員会は、公開買付者の親会社役員から情報を受領した者によるＵＳＥＮ株式に係る内部者取引について検査した結果、下記のとおり法令違反の事実が認められたので、本日、内閣総理大臣及び金融庁長官に対して、金融庁設置法第２０条第１項の規定に基づき、課徴金納付命令を発出するよう勧告を行った。 ２．法令違反の事実関係 課徴金納付命令対象者は、株式会社Ｕ－ＮＥＸＴ（以下「Ｕ－ＮＥＸＴ」という。平成２９年１２月１日、「株式会社ＵＳＥＮ－ＮＥＸＴ　ＨＯＬＤＩＮＧＳ」に商号変更）の役員から、同人がその職務に関し知った、Ｕ－ＮＥＸＴの子会社であった株式会社Ｕ－ＮＥＸＴ　ＳＰＣ１の業務執行を決定する機関が、株式会社ＵＳＥＮ（以下「ＵＳＥＮ」という。平成２９年８月１０日上場廃止）の株式の公開買付けを行うことについての決定をした旨の公開買付けの実施に関する事実の伝達を受けながら、上記事実の公表がされた平成２９年２月１３日より前の同年１月１３日及び同年２月６日、自己の計算において、ＵＳＥＮ株式合計２万５０００株を買付価額合計９９６万２５００円で買い付けたものである。 違反行為事実の概要については、 別図 のとおり。 課徴金納付命令対象者が行った上記の行為は、金融商品取引法第１７５条第２項に規定する「第１６７条第１項又は第３項の規定に違反して、同条第１項に規定する特定株券等若しくは関連株券等に係る買付け等」をした行為に該当すると認められる。 ３．課徴金の額の計算 上記の違法行為に対し金融商品取引法に基づき納付を命じられる課徴金の額は、２８１万円である。 計算方法の詳細については、 別紙 のとおり。 ４．その他 本件については、日本取引所自主規制法人より提供された情報も参考として、実態解明を行ったものである。 （別図） ○違反行為事実の概要について （クリックすると拡大されます） （別紙） 〇課徴金の額の計算について (1) 金融商品取引法第１７５条第２項第２号の規定により、当該有価証券の買付けについて、公開買付け等の実施に関する事実の公表がされた後２週間における最も高い価格（511円）に当該有価証券の買付けの数量を乗じて得た額から当該有価証券の買付けをした価格にその数量を乗じて得た額を控除した額。 （511円×25,000株） －（381円×5,500株＋382円×7,500株＋415円×2,700株＋416円×2,200株 ＋417円×3,200株＋418円×2,200株＋419円×1,700株） ＝2,812,500円 (2) 金融商品取引法第１７６条第２項の規定により、上記(1)で計算した額の１万円未満の端数を切捨て。",1
2018-06-18,スミダコーポレーション株式会社,6817,スミダコーポレーション株式会社株券に係る内部者取引事件の告発について,https://www.fsa.go.jp/sesc/news/c_2018/2018/20180618-1.html,English version 平成３０年６月１８日 証券取引等監視委員会 スミダコーポレーション株式会社株券に係る内部者取引事件の告発について 証券取引等監視委員会は、本日、金融商品取引法違反（内部者取引・取引推奨）の嫌疑で、嫌疑者１名を東京地方検察庁に告発した。告発の対象となった犯則事実については下記のとおり。 １．告発の対象となった犯則事実 犯則嫌疑者は、東京証券取引所市場第一部に株券を上場しているスミダコーポレーション株式会社の社外取締役として、同社の業務の執行に関与していたものであるが、平成２９年１月下旬頃、その職務に関し、同社が新たに算出した平成２８年１２月期の年間配当及び期末配当の各予想値について、同年１０月下旬頃に公表していた予想値に比較し、内閣府令で定める基準に該当する差異が生じた旨の同社の業務等に関する重要事実を知り 第１　法定の除外事由がないのに、前記重要事実の公表前である平成２９年１月下旬頃から同年２月上旬頃までの間、証券会社１社を介し、東京証券取引所において、Ａ名義で前記スミダコーポレーション株式会社の株券合計約８万株を代金合計約８８００万円で買い付けた 第２　あらかじめ同社の株券を買い付けさせて利益を得させる目的をもって １　前記重要事実の公表前である同年１月下旬頃から同年２月上旬頃までの間、Ｂに対し、複数回にわたり、同社の株券の買付けを勧めたものであり、これにより買付けを勧められた同人が、法定の除外事由がないのに、同重要事実の公表前である同年１月下旬頃から同年２月上旬頃までの間、前記スミダコーポレーション株式会社の株券合計４０００株を代金合計約４００万円で買い付けた ２　前記重要事実の公表前である同年１月下旬頃から同年２月上旬頃までの間、Ｃに対し、複数回にわたり、同社の株券の買付けを勧めたものであり、これにより買付けを勧められた同人が、法定の除外事由がないのに、同重要事実の公表前である同年１月下旬頃から同年２月上旬頃までの間、前記スミダコーポレーション株式会社の株券合計約２万７０００株を代金合計約３０００万円で買い付けた ３　前記重要事実の公表前である同年１月下旬頃から同年２月上旬頃までの間、Ｄに対し、複数回にわたり、同社の株券の買付けを勧めたものであり、これにより買付けを勧められた同人が、法定の除外事由がないのに、同重要事実の公表前である同年１月下旬頃から同年２月上旬頃までの間、前記スミダコーポレーション株式会社の株券合計３０００株を代金合計約３００万円で買い付けた ４　前記重要事実の公表前である同年１月下旬頃、Ｅに対し、同社の株券の買付けを勧めたものであり、これにより買付けを勧められた同人が、法定の除外事由がないのに、同重要事実の公表前である同月下旬頃、前記スミダコーポレーション株式会社の株券合計１０００株を代金合計約１００万円で買い付けた ものである。 ２．関連条文 金融商品取引法 第１　同法第１９７条の２第１３号、第１６６条第１項第１号、同条第２項第３号 第２　同法第１９７条の２第１４号、第１６７条の２第１項 法定刑：５年以下の懲役若しくは５００万円以下の罰金又はこれを併科,1
2018-06-19,株式会社ユアテック,1934,株式会社ユアテックの役員から情報を受領した者による内部者取引に対する課徴金納付命令の勧告について,https://www.fsa.go.jp/sesc/news/c_2018/2018/20180619-1.html,"English version 平成３０年６月１９日 証券取引等監視委員会 株式会社ユアテックの役員から情報を受領した者による内部者取引に対する課徴金納付命令の勧告について １．勧告の内容 証券取引等監視委員会は、株式会社ユアテックの役員から情報を受領した者による内部者取引について検査した結果、下記のとおり法令違反の事実が認められたので、本日、内閣総理大臣及び金融庁長官に対して、金融庁設置法第２０条第１項の規定に基づき、課徴金納付命令を発出するよう勧告を行った。 ２．法令違反の事実関係 課徴金納付命令対象者は、株式会社ユアテック（以下「ユアテック」という。）の役員から、同人がその職務に関し知った、同社の平成２８年４月１日から平成２９年３月３１日までの事業年度の剰余金の配当について、平成２８年７月２７日に公表された直近の予想値（中間配当金６円と期末配当金６円を合わせた年間配当金１２円）に比較して、同社が新たに算出した予想値（中間配当金１０円と期末配当金１０円を合わせた年間配当金２０円）において、投資者の投資判断に及ぼす影響が重要なものとなる差異が生じた旨の重要事実の伝達を受けながら、同社において新たに算出した予想値の公表がされた平成２８年１０月２６日午後３時頃より前の同日午前９時２３分頃に、自己の計算において、ユアテック株式合計４０００株を買付価額合計２５０万円で買い付けたものである。 違反行為事実の概要については、 別図 のとおり。 課徴金納付命令対象者が行った上記の行為は、金融商品取引法第１７５条第１項に規定する「第１６６条第１項又は第３項の規定に違反して、同条第１項に規定する売買等」をした行為に該当すると認められる。 ３．課徴金の額の計算 上記の違法行為に対し金融商品取引法に基づき納付を命じられる課徴金の額は、６０万円である。 計算方法の詳細については、 別紙 のとおり。 ４．その他 本件については、日本取引所自主規制法人より提供された情報も参考として、実態解明を行ったものである。 （別図） ○違反行為事実の概要について （クリックすると拡大されます） （別紙） 〇課徴金の額の計算について 金融商品取引法第１７５条第１項第２号の規定により、当該有価証券の買付けについて、業務等に関する重要事実の公表がされた後２週間における最も高い価格（775円）に当該有価証券の買付けの数量を乗じて得た額から当該有価証券の買付けをした価格にその数量を乗じて得た額を控除した額。 （775円×4,000株） －（624円×1,000株＋625円×2,000株＋626円×1,000株） ＝600,000円",1
2018-04-24,イーレックス株式会社,9517,イーレックス株式会社の役員から情報を受領した者による内部者取引に対する課徴金納付命令の勧告について,https://www.fsa.go.jp/sesc/news/c_2018/2018/20180424-1.html,"English version 平成３０年４月２４日 証券取引等監視委員会 イーレックス株式会社の役員から情報を受領した者による内部者取引に対する課徴金納付命令の勧告について １．勧告の内容 証券取引等監視委員会は、イーレックス株式会社の役員から情報を受領した者による内部者取引について検査した結果、下記のとおり法令違反の事実が認められたので、本日、内閣総理大臣及び金融庁長官に対して、金融庁設置法第２０条第１項の規定に基づき、課徴金納付命令を発出するよう勧告を行った。 ２．法令違反の事実関係 課徴金納付命令対象者は、イーレックス株式会社（以下「イーレックス」という。）の役員から、同人がその職務に関し知った、 (1) イーレックスの属する企業集団の平成２８年４月１日から平成２９年３月３１日までの事業年度の経常利益及び親会社株主に帰属する当期純利益（以下「当期純利益」という。）について、平成２８年１１月１４日に公表された直近の予想値（経常利益２４億５１００万円、当期純利益１４億２６００万円）に比較して、同社が新たに算出した予想値（経常利益３３億２３００万円、当期純利益２０億１４５８万７０００円）において投資者の投資判断に及ぼす影響が重要なものとなる差異が生じた旨の重要事実 (2) 同社の業務執行を決定する機関が株式の分割を行うことについての決定をした旨の重要事実 の伝達を受けながら、上記各重要事実の公表がされた平成２９年２月１４日より前の同年２月９日及び同月１０日、自己の計算において、イーレックス株式合計１万３４００株を買付価額合計４６８８万１０００円で買い付けたものである。 違反行為事実の概要については、 別図 のとおり。 課徴金納付命令対象者が行った上記の行為は、金融商品取引法第１７５条第１項に規定する「第１６６条第１項又は第３項の規定に違反して、同条第１項に規定する売買等」をした行為に該当すると認められる。 ３．課徴金の額の計算 上記の違法行為に対し金融商品取引法に基づき納付を命じられる課徴金の額は、１１６７万円である。 計算方法の詳細については、 別紙 のとおり。 ４．その他 本件については、日本取引所自主規制法人より提供された情報も参考として、実態解明を行ったものである。 （別図） ○違反行為事実の概要について （クリックすると拡大されます） （別紙） 〇課徴金の額の計算について (1) 金融商品取引法第１７５条第１項第２号の規定により、当該有価証券の買付けについて、業務等に関する重要事実の公表がされた後２週間における最も高い価格（4,370円）に当該有価証券の買付けの数量を乗じて得た額から当該有価証券の買付けをした価格にその数量を乗じて得た額を控除した額。 （4,370円×13,400株） －（3,430円×700株＋3,435円×1,300株＋3,440円×3,000株＋3,450円×100株 ＋3,455円×300株＋3,480円×3,000株＋3,540円×1,000株＋3,575円×2,000株 ＋3,580円×100株＋3,590円×1,100株＋3,595円×800株） ＝11,677,000円 (2) 金融商品取引法第１７６条第２項の規定により、上記(1)で計算した額の１万円未満の端数を切捨て。",1
2018-03-30,プレシジョン・システム・サイエンス株式会社,7707,プレシジョン・システム・サイエンス株式会社顧問２名による内部者取引に対する課徴金納付命令の勧告について,https://www.fsa.go.jp/sesc/news/c_2018/2018/20180330-1.html,"English version 平成30年3月30日 証券取引等監視委員会 プレシジョン・システム・サイエンス株式会社顧問２名による内部者取引に対する課徴金納付命令の勧告について １．勧告の内容 証券取引等監視委員会は、プレシジョン・システム・サイエンス株式会社顧問２名による内部者取引について検査した結果、下記のとおり法令違反の事実が認められたので、本日、内閣総理大臣及び金融庁長官に対して、金融庁設置法第２０条第１項の規定に基づき、課徴金納付命令を発出するよう勧告を行った。 ２．法令違反の事実関係 （１）課徴金納付命令対象者（１）について 課徴金納付命令対象者（１）は、プレシジョン・システム・サイエンス株式会社（以下「プレシジョン」という。）の顧問として勤務している者であるが、同人がその職務に関し、同社の業務執行を決定する機関が、株式会社日立ハイテクノロジーズと業務上の提携を行うことについての決定をした旨の重要事実を知りながら、上記事実の公表がされた平成２９年５月１５日より前の同年３月２２日及び同年４月７日、自己の計算において、プレシジョン株式合計２０００株を買付価額合計７４万３０００円で買い付けたものである。 違反行為事実の概要については、 別図 のとおり。 課徴金納付命令対象者（１）が行った上記の行為は、金融商品取引法第１７５条第１項に規定する「第１６６条第１項又は第３項の規定に違反して、同条第１項に規定する売買等をした」行為に該当すると認められる。 （２）課徴金納付命令対象者（２）について 課徴金納付命令対象者（２）は、プレシジョンの顧問として勤務している者であるが、同人がその職務に関し、同社の業務執行を決定する機関が、株式会社日立ハイテクノロジーズと業務上の提携を行うことについての決定をした旨の重要事実を知りながら、上記事実の公表がされた平成２９年５月１５日より前の同年１月２３日及び同月２７日、自己の計算において、プレシジョン株式合計２０００株を買付価額合計８０万９０００円で買い付けたものである。 違反行為事実の概要については、 別図 のとおり。 課徴金納付命令対象者（２）が行った上記の行為は、金融商品取引法第１７５条第１項に規定する「第１６６条第１項又は第３項の規定に違反して、同条第１項に規定する売買等をした」行為に該当すると認められる。 ３．課徴金の額の計算 上記の違法行為に対し、金融商品取引法に基づき納付を命じられる課徴金の額は、下記のとおりである。 課徴金納付命令対象者（１）３７万円 課徴金納付命令対象者（２）３０万円 計算方法の詳細については、 別紙 のとおり。 ４．その他 本件については、日本取引所自主規制法人より提供された情報を参考として、実態解明を行ったものである。 （別図） ○違反行為事実の概要について （クリックすると拡大されます） （別紙） ○課徴金の額の計算方法について １． 課徴金納付命令対象者（１）について （１）金融商品取引法第１７５条第１項第２号の規定により、当該有価証券の買付けについて業務等に関する重要事実の公表がされた後２週間における最も高い価格（558円）に当該有価証券の買付けの数量を乗じて得た額から当該有価証券の買付けをした価格にその数量を乗じて得た額を控除した額。 （558円×2,０00株）－（361円×1,000株＋382円×1,000株） ＝373,000円 （２）金融商品取引法第１７６条第２項の規定により、上記（１）で計算した額の１万円未満の端数を切捨て。 ２． 課徴金納付命令対象者（２）について （１）金融商品取引法第１７５条第１項第２号の規定により、当該有価証券の買付けについて業務等に関する重要事実の公表がされた後２週間における最も高い価格（558円）に当該有価証券の買付けの数量を乗じて得た額から当該有価証券の買付けをした価格にその数量を乗じて得た額を控除した額。 （558円×2,000株）－（396円×1,000株＋413円×1,000株） ＝307,000円 （２）金融商品取引法第１７６条第２項の規定により、上記（１）で計算した額の１万円未満の端数を切捨て。",1
2018-03-16,ミサワホーム株式会社,,ミサワホーム株式会社役員から情報を受領した者が所属する同社子会社の役員によるミサワホーム株式に係る内部者取引に対する課徴金納付命令の勧告について,https://www.fsa.go.jp/sesc/news/c_2018/2018/20180316-2.html,"English version 平成30年3月16日 証券取引等監視委員会 ミサワホーム株式会社役員から情報を受領した者が所属する同社子会社の役員によるミサワホーム株式に係る内部者取引に対する課徴金納付命令の勧告について １．勧告の内容 証券取引等監視委員会は、ミサワホーム株式会社役員から情報を受領した者が所属する同社子会社の役員によるミサワホーム株式に係る内部者取引について検査した結果、下記のとおり法令違反の事実が認められたので、本日、内閣総理大臣及び金融庁長官に対して、金融庁設置法第２０条第１項の規定に基づき、課徴金納付命令を発出するよう勧告を行った。 ２．法令違反の事実関係 課徴金納付命令対象者は、ミサワホーム株式会社（以下「ミサワホーム」という。）の子会社であるＡ社の役員であった者であるが、その職務に関し、Ａ社の役員丙がミサワホームの役員乙から職務上伝達を受けた、トヨタホーム株式会社（以下「トヨタホーム」という。）の業務執行を決定する機関がミサワホーム株式の公開買付けを行うことの決定をした旨の公開買付けの実施に関する事実を知りながら、上記事実の公表がされた平成２８年１１月２２日より前の同月２１日、自己の計算において、ミサワホーム株式合計１１００株を買付価額合計９６万５３００円で買い付けたものである。 上記公開買付けの実施に関する事実は、トヨタホームの役員甲から、ミサワホームの役員乙がその職務に関し伝達を受けたものである。 違反行為事実の概要については、 別図 のとおり。 課徴金納付命令対象者が行った上記の行為は、金融商品取引法第１７５条第２項に規定する「第１６７条第１項又は第３項の規定に違反して、同条第１項に規定する特定株券等若しくは関連株券等に係る買付け等」をした行為に該当すると認められる。 ３．課徴金の額の計算 上記の違法行為に対し、金融商品取引法に基づき納付を命じられる課徴金の額は、２０万円である。 計算方法の詳細については、 別紙 のとおり。 ４．その他 本件については、日本取引所自主規制法人より提供された情報も参考として、実態解明を行ったものである。 （別図） ○違反行為事実の概要について （クリックすると拡大されます） （別紙） ○課徴金の額の計算方法について （１）金融商品取引法第１７５条第２項第２号の規定により、当該有価証券の買付けについて、公開買付け等の実施に関する事実の公表がされた後２週間における最も高い価格（1,068円）に当該有価証券の買付けの数量を乗じて得た額から当該有価証券の買付けをした価格にその数量を乗じて得た額を控除した額。 （1,068円×1,100株） －（877円×500株＋878円×600株） ＝209,500円 （２）金融商品取引法第１７６条第２項の規定により、上記（１）で計算した額の１万円未満の端数を切捨て。",1
2018-03-16,株式会社エスクロー・エージェント・ジャパン,,株式会社エスクロー・エージェント・ジャパン役員から情報を受領した者による内部者取引及び当該役員による重要事実に係る伝達違反に対する課徴金納付命令の勧告について,https://www.fsa.go.jp/sesc/news/c_2018/2018/20180316-1.html,"English version 平成30年3月16日 証券取引等監視委員会 株式会社エスクロー・エージェント・ジャパン役員から情報を受領した者による内部者取引及び当該役員による重要事実に係る伝達違反行為に対する課徴金納付命令の勧告について １．勧告の内容 証券取引等監視委員会は、株式会社エスクロー・エージェント・ジャパン役員から情報を受領した者による内部者取引及び当該役員による重要事実に係る伝達違反行為について検査した結果、下記のとおり法令違反の事実が認められたので、本日、内閣総理大臣及び金融庁長官に対して、金融庁設置法第２０条第１項の規定に基づき、課徴金納付命令を発出するよう勧告を行った。 ２．法令違反の事実関係 （１）課徴金納付命令対象者（１）について 課徴金納付命令対象者（１）は、株式会社エスクロー・エージェント・ジャパン（以下「エスクローＡＪ」という。）の役員であった課徴金納付命令対象者（２）から、同人がその職務に関し知った、 ア．違反行為事実Ａ 同社の業務執行を決定する機関が株式の分割を行うことについての決定をした旨の重要事実の伝達を受けながら、上記事実の公表がされた平成２７年７月１４日午後３時頃より前の同日午後２時２７分頃、自己の計算において、エスクローＡＪ株式１００株を買付価額８１万２０００円で買い付け イ．違反行為事実Ｂ ①同社の属する企業集団の平成２８年３月１日から平成２９年２月２８日までの事業年度（以下「平成２９年２月期」という。）の売上高について、平成２８年６月１７日に公表がされた、直近の予想値（売上高２３億４２００万円）に比較して、同社が新たに算出した予想値において、投資者の投資判断に及ぼす影響が重要なものとなる差異が生じた旨の重要事実、②同社の平成２９年２月期の剰余金の配当について、平成２８年４月８日に公表がされた前事業年度の実績値（剰余金の配当１０円）に比較して、同社が新たに算出した平成２９年２月期の予想値において、投資者の投資判断に及ぼす影響が重要なものとなる差異が生じた旨の重要事実の伝達を受けながら、同社において新たに算出した平成２９年２月期の予想値（売上高２５億７７００万円、剰余金の配当１５円）の公表がされた平成２８年１２月１４日午後０時３０分頃より前の同日午前９時１９分頃から午前１１時１０分頃までの間、自己の計算において、エスクローＡＪ株式合計２２００株を買付価額合計２９９万４００円で買い付け たものである。 違反行為事実の概要については、 別図 のとおり。 課徴金納付命令対象者（１）が行った上記の各行為は、金融商品取引法第１７５条第１項に規定する「第１６６条第１項又は第３項の規定に違反して、同条第１項に規定する売買等をした」行為に該当すると認められる。 （２）課徴金命令対象者（２）について 課徴金納付命令対象者（２）は、エスクローＡＪの役員であったが、同人がその職務に関し知った、 ア．違反行為事実Ｃ 同社の業務執行を決定する機関が株式の分割を行うことについての決定をした旨の重要事実を、課徴金納付命令対象者（１）に対し、上記事実の公表がされる前にエスクローＡＪ株式の買付けをさせることにより同人に利益を得させる目的をもって、伝達したものである。 課徴金納付命令対象者（１）は、上記重要事実が公表された平成２７年７月１４日午後３時頃より前の同日午後２時２７分頃、自己の計算において、エスクローＡＪ株式１００株を買付価額８１万２０００円で買い付けたものである。 イ．違反行為事実Ｄ ①同社の属する企業集団の平成２９年２月期の売上高について、平成２８年６月１７日に公表がされた直近の予想値（売上高２３億４２００万円）に比較して、同社が新たに算出した予想値において、投資者の投資判断に及ぼす影響が重要なものとなる差異が生じた旨の重要事実、②同社の平成２９年２月期の剰余金の配当について、平成２８年４月８日に公表がされた前事業年度の実績値（剰余金の配当１０円）に比較して、同社が新たに算出した平成２９年２月期の予想値において、投資者の投資判断に及ぼす影響が重要なものとなる差異が生じた旨の重要事実を、課徴金納付命令対象者（１）に対し、同社において新たに算出した平成２９年２月期の予想値（売上高２５億７７００万円、剰余金の配当１５円）の公表がされる前にエスクローＡＪ株式の買付けをさせることにより同人に利益を得させる目的をもって、伝達したものである。 課徴金納付命令対象者（１）は、上記重要事実の公表がされた平成２８年１２月１４日午後０時３０分頃より前の同日午前９時１９分頃から午前１１時１０分頃までの間、自己の計算において、エスクローＡＪ株式合計２２００株を買付価額合計２９９万４００円で買い付けたものである。 違反行為事実の概要については、 別図 のとおり。 課徴金納付命令対象者（２）が行った上記の各行為は、金融商品取引法第１７５条の２第１項に規定する「第１６７条の２第１項の規定に違反して、同項の伝達をし、又は同項の売買等をすることを勧める」行為に該当すると認められる。 ３．課徴金の額の計算 上記の違法行為に対し、金融商品取引法に基づき納付を命じられる課徴金の額は、下記のとおりである。 課徴金納付命令対象者（１）１１９万円 課徴金納付命令対象者（２）５９万円 計算方法の詳細については、 別紙 のとおり。 ４．その他 本件については、日本取引所自主規制法人より提供された情報も参考として、実態解明を行ったものである。 （別図） ○違反行為事実の概要について （クリックすると拡大されます） （別紙） ○課徴金の額の計算方法について １． 課徴金納付命令対象者（１）について （１）違反行為事実Ａに係る課徴金の額 ア．金融商品取引法第１７５条第１項第２号の規定により、当該有価証券の買付けについて業務等に関する重要事実の公表がされた後２週間における最も高い価格（15,200円）に当該有価証券の買付けの数量を乗じて得た額から当該有価証券の買付けをした価格にその数量を乗じて得た額を控除した額。 （15,200円×100株）－（8,120円×100株） ＝708,000円 イ．金融商品取引法第１７６条第２項の規定により、上記ア．で計算した額の１万円未満の端数を切捨て。 （２）違反行為事実Ｂに係る課徴金の額 ア．金融商品取引法第１７５条第１項第２号の規定により、当該有価証券の買付けについて業務等に関する重要事実の公表がされた後２週間における最も高い価格（1,585円）に当該有価証券の買付けの数量を乗じて得た額から当該有価証券の買付けをした価格にその数量を乗じて得た額を控除した額。 （1,585円×2,200株） －（1,345円×100株＋1,348円×200株＋1,353円×300株＋1,355円×200株 ＋ 1,363円×200株＋1,364円×1,200株） ＝496,600円 イ．金融商品取引法第１７６条第２項の規定により、上記ア．で計算した額の１万円未満の端数を切捨て。 （３）上記（１）ないし（２）により算定した額の合計 700,000円＋490,000円＝1,190,000円となる。 ２． 課徴金納付命令対象者（２）について （１）違反行為事実Ｃに係る課徴金の額 ア．金融商品取引法第１７５条の２第１項第３号の規定により、当該違反行為により当該情報受領者等が行った当該買付けによって得た利得相当額に２分の１を乗じて得た額。 利得相当額とは、同条第３項第２号の規定により、情報受領者等が特定有価証券等の買付けをした場合、当該特定有価証券等の買付けについて業務等に関する重要事実の公表がされた後２週間における最も高い価格（15,200円）に当該特定有価証券等の買付けの数量を乗じて得た額から当該特定有価証券等の買付けをした価格にその数量を乗じて得た額を控除した額。 ｛（15,200円×100株）－（8,120円×100株）｝×1／2 ＝354,000円 イ．金融商品取引法第１７６条第２項の規定により、上記ア．で計算した額の１万円未満の端数を切捨て。 （２）違反行為事実Ｄに係る課徴金の額 ア．金融商品取引法第１７５条の２第１項第３号の規定により、当該違反行為により当該情報受領者等が行った当該買付けによって得た利得相当額に２分の１を乗じて得た額。 利得相当額とは、同条第３項第２号の規定により、情報受領者等が特定有価証券等の買付けをした場合、当該特定有価証券等の買付けについて業務等に関する重要事実の公表がされた後２週間における最も高い価格（1,585円）に当該特定有価証券等の買付けの数量を乗じて得た額から当該特定有価証券等の買付けをした価格にその数量を乗じて得た額を控除した額。 ｛（1,585円×2,200株） －（1,345円×100株＋1,348円×200株＋1,353円×300株＋1,355円×200株 ＋ 1,363円×200株＋1,364円×1,200株）｝×1／2 ＝248,300円 イ．金融商品取引法第１７６条第２項の規定により、上記ア．で計算した額の１万円未満の端数を切捨て。 （３）上記（１）ないし（２）により算定した額の合計 350,000円＋240,000円＝590,000円となる。",1
2018-02-27,株式会社プロルート丸光,,株式会社プロルート丸光との契約締結者から情報を受領した者による内部者取引に対する課徴金納付命令の勧告について,https://www.fsa.go.jp/sesc/news/c_2018/2018/20180227-2.html,"English version 平成30年2月27日 証券取引等監視委員会 株式会社プロルート丸光との契約締結者から情報を受領した者による内部者取引に対する課徴金納付命令の勧告について １．勧告の内容 証券取引等監視委員会は、株式会社プロルート丸光との契約締結者から情報を受領した者による内部者取引について検査した結果、下記のとおり法令違反の事実が認められたので、本日、内閣総理大臣及び金融庁長官に対して、金融庁設置法第２０条第１項の規定に基づき、課徴金納付命令を発出するよう勧告を行った。 ２．法令違反の事実関係 （１）課徴金納付命令対象者（１）について 課徴金納付命令対象者（１）は、分譲マンションの施工・販売等を営むＡ社の社員であるが、株式会社プロルート丸光（以下「プロルート丸光」という。）と不動産アドバイザリー契約を締結しているＢ社の社員から、同人が当該契約の履行に関し知った、プロルート丸光の業務執行を決定する機関が、同社の本店土地等を入札方式により売却することについての決定をした旨の重要事実の伝達を受けながら、上記事実の公表がされた平成２９年２月３日より前の同年１月３０日及び同月３１日、自己の計算において、プロルート丸光株式合計２万３８００株を買付価額合計２９８万５４００円で買い付けたものである。 違反行為事実の概要については、 別図 のとおり。 課徴金納付命令対象者（１）が行った上記の行為は、金融商品取引法第１７５条第１項に規定する「第１６６条第１項又は第３項の規定に違反して、同条第１項に規定する売買等をした」行為に該当すると認められる。 （２）課徴金納付命令対象者（２）について 課徴金納付命令対象者（２）は、分譲マンションの施工・販売等を営むＡ社の社員であるが、その職務に関し、プロルート丸光と不動産アドバイザリー契約を締結しているＢ社の社員が当該契約の履行に関し知り、その後、Ａ社の社員である課徴金納付命令対象者（１）が職務上伝達を受けた、プロルート丸光の業務執行を決定する機関が、同社の本店土地等を入札方式により売却することについての決定をした旨の重要事実を知りながら、上記事実の公表がされた平成２９年２月３日より前の同年１月５日から同月１７日までの間、自己及び親族の計算において、プロルート丸光株式合計９６００株を買付価額合計１１３万４２００円で買い付けたものである。 違反行為事実の概要については、 別図 のとおり。 課徴金納付命令対象者（２）が行った上記の行為は、金融商品取引法第１７５条第１項に規定する「第１６６条第１項又は第３項の規定に違反して、同条第１項に規定する売買等をした」行為に該当すると認められる。 ３．課徴金の額の計算 上記の違法行為に対し、金融商品取引法に基づき納付を命じられる課徴金の額は、下記のとおりである。 課徴金納付命令対象者（１）１３４万円 課徴金納付命令対象者（２）６１万円 計算方法の詳細については、 別紙 のとおり。 （別図） ○違反行為事実の概要について （クリックすると拡大されます） （別紙） ○課徴金の額の計算方法について １． 課徴金納付命令対象者（１）について （１）金融商品取引法第１７５条第１項第２号の規定により、当該有価証券の買付けについて業務等に関する重要事実の公表がされた後２週間における最も高い価格（182円）に当該有価証券の買付けの数量を乗じて得た額から当該有価証券の買付けをした価格にその数量を乗じて得た額を控除した額。 （182円×23,800株） －（124円×6,700株＋126円×17,100株） ＝1,346,200円 （２）金融商品取引法第１７６条第２項の規定により、上記（１）で計算した額の１万円未満の端数を切捨て。 ２． 課徴金納付命令対象者（２）について （１）金融商品取引法第１７５条第１項第２号の規定により、当該有価証券の買付けについて業務等に関する重要事実の公表がされた後２週間における最も高い価格（182円）に当該有価証券の買付けの数量を乗じて得た額から当該有価証券の買付けをした価格にその数量を乗じて得た額を控除した額。 なお、同条第１０項第２号の規定により、課徴金納付命令対象者（２）の親族の計算における買付けは、課徴金納付命令対象者（２）の計算において買い付けたものとみなす。 （182円×9,600株） －（118円×8,300株＋119円×1,200株＋120円×100株） ＝613,000円 （２）金融商品取引法第１７６条第２項の規定により、上記（１）で計算した額の１万円未満の端数を切捨て。",1
2018-02-27,日本サード・パーティ株式会社,,日本サード・パーティ株式会社役員による内部者取引に対する課徴金納付命令の勧告について,https://www.fsa.go.jp/sesc/news/c_2018/2018/20180227-1.html,"English version 平成30年2月27日 証券取引等監視委員会 日本サード・パーティ株式会社役員による内部者取引に対する課徴金納付命令の勧告について １．勧告の内容 証券取引等監視委員会は、日本サード・パーティ株式会社役員による内部者取引について検査した結果、下記のとおり法令違反の事実が認められたので、本日、内閣総理大臣及び金融庁長官に対して、金融庁設置法第２０条第１項の規定に基づき、課徴金納付命令を発出するよう勧告を行った。 ２．法令違反の事実関係 課徴金納付命令対象者は、日本サード・パーティ株式会社（以下「日本サード・パーティ」という。）の役員であるが、同人がその職務に関し、同社の業務執行を決定する機関が、株式会社夢真ホールディングス、株式会社夢エデュケーション及び株式会社夢テクノロジーとの業務上の提携を行うことについての決定をした旨の重要事実を知りながら、上記事実の公表がされた平成２８年９月２８日より前の同年８月１６日、自己の計算において、日本サード・パーティ株式合計６５００株を買付価額合計３１７万３６００円で買い付けたものである。 違反行為事実の概要については、 別図 のとおり。 課徴金納付命令対象者が行った上記の行為は、金融商品取引法第１７５条第１項に規定する「第１６６条第１項又は第３項の規定に違反して、同条第１項に規定する売買等をした」行為に該当すると認められる。 ３．課徴金の額の計算 上記の違法行為に対し、金融商品取引法に基づき納付を命じられる課徴金の額は、１２０万円である。 計算方法の詳細については、 別紙 のとおり。 ４．その他 本件については、日本取引所自主規制法人より提供された情報も参考として、実態解明を行ったものである。 （別図） ○違反行為事実の概要について （クリックすると拡大されます） （別紙） ○課徴金の額の計算方法について １． 課徴金納付命令対象者（１）について （１）金融商品取引法第１７５条第１項第２号の規定により、当該有価証券の買付けについて業務等に関する重要事実の公表がされた後２週間における最も高い価格（674円）に当該有価証券の買付けの数量を乗じて得た額から当該有価証券の買付けをした価格にその数量を乗じて得た額を控除した額。 （674円×6,500株） －（479円×100株＋480円×900株＋485円×200株＋487円×100株 ＋490円×5,200株） ＝1,207,400円 （２）金融商品取引法第１７６条第２項の規定により、上記（１）で計算した額の１万円未満の端数を切捨て。",1
2018-02-16,ニッコウトラベル,,公開買付者の社員からの情報受領者によるニッコウトラベル株式に係る内部者取引に対する課徴金納付命令の勧告について,https://www.fsa.go.jp/sesc/news/c_2018/2018/20180216-1.html,"English version 平成30年2月16日 証券取引等監視委員会 公開買付者の社員からの情報受領者によるニッコウトラベル株式に係る内部者取引に対する課徴金納付命令の勧告について １．勧告の内容 証券取引等監視委員会は、公開買付者の社員からの情報受領者によるニッコウトラベル株式に係る内部者取引について検査した結果、下記のとおり法令違反の事実が認められたので、本日、内閣総理大臣及び金融庁長官に対して、金融庁設置法第２０条第１項の規定に基づき、課徴金納付命令を発出するよう勧告を行った。 ２．法令違反の事実関係 課徴金納付命令対象者は、株式会社三越伊勢丹ホールディングス（以下「三越伊勢丹ＨＤ」という。）の社員から、同人がその職務に関し知った、三越伊勢丹ＨＤの業務執行を決定する機関が、株式会社ニッコウトラベル（以下「ニッコウトラベル」という。平成２９年５月２日上場廃止）の株式の公開買付けを行うことの決定をした旨の公開買付けの実施に関する事実の伝達を受けながら、上記事実の公表がされた平成２９年２月１０日より前の同月１日に、自己の計算において、ニッコウトラベル株式合計１万株を買付価額合計３０６万円で買い付けたものである。 違反行為事実の概要については、 別図 のとおり。 課徴金納付命令対象者が行った上記の行為は、金融商品取引法第１７５条第２項に規定する「第１６７条第１項又は第３項の規定に違反して、同条第１項に規定する特定株券等若しくは関連株券等に係る買付け等」をした行為に該当すると認められる。 ３．課徴金の額の計算 上記の違法行為に対し、金融商品取引法に基づき納付を命じられる課徴金の額は、１３５万円である。 計算方法の詳細については、 別紙 のとおり。 ４．その他 本件については、日本取引所自主規制法人より提供された情報も参考として、実態解明を行ったものである。 （別図） ○違反行為事実の概要について （クリックすると拡大されます） （別紙） ○課徴金の額の計算方法について １．金融商品取引法第１７５条第２項第２号の規定により、当該有価証券の買付けについて、公開買付け等の実施に関する事実の公表がされた後２週間における最も高い価格（441円）に当該有価証券の買付けの数量を乗じて得た額から当該有価証券の買付けをした価格にその数量を乗じて得た額を控除した額。 （441円×10,000株）－（306円×10,000株）＝1,350,000円",1
2018-01-25,東芝テック株式会社,6588,東芝テック株式会社株券に係る内部者取引事件の告発について,https://www.fsa.go.jp/sesc/news/c_2018/2018/20180125-1.html,English version 平成３０年１月２５日 証券取引等監視委員会 東芝テック株式会社株券に係る内部者取引事件の告発について 証券取引等監視委員会は、本日、金融商品取引法違反（内部者取引）の嫌疑で、嫌疑者２名を東京地方検察庁に告発した。告発の対象となった犯則事実については下記のとおり。 １．告発の対象となった犯則事実 犯則嫌疑者Ａは、東京証券取引所市場第一部に株券を上場している東芝テック株式会社（以下「東芝テック」という。）の財務部に所属する従業員として、平成２７年１０月１６日頃、その職務に関し、東芝テックが、特別損失を計上することにより業務遂行の過程で生じた損害が発生した旨の同社の業務等に関する重要事実を知ったもの、同Ｂは、その知人であるが、犯則嫌疑者両名は、前記事実の公表前に同社株券を売り付け、その公表後に買い戻して利益を得ようと考え、共謀の上、法定の除外事由がないのに、前記事実の公表前である同月１９日から同年１１月５日までの間、証券会社１社を介し、東京証券取引所において、Ｂ名義で、東芝テックの株券合計１６万株を代金合計７１７８万円で売り付けたものである。 ２．関連条文 金融商品取引法第１９７条の２第１３号、第１６６条第１項第１号、同条第２項第２号イ、刑法第６０条 法定刑：５年以下の懲役若しくは５００万円以下の罰金又は併科,1
2018-01-26,あんしん保証株式会社,7183,あんしん保証株式会社との契約締結交渉者の役員及びあんしん保証株式会社の役員からの情報受領者による内部者取引並びに同社役員による重要事実に係る伝達違反行為に対する課徴金納付命令の勧告について,https://www.fsa.go.jp/sesc/news/c_2018/2018/20180126-1.html,"English version 平成30年1月26日 証券取引等監視委員会 あんしん保証株式会社との契約締結交渉者の役員及びあんしん保証株式会社の役員からの情報受領者による内部者取引並びに同社役員による重要事実に係る伝達違反行為に対する課徴金納付命令の勧告について １．勧告の内容 証券取引等監視委員会は、あんしん保証株式会社との契約締結交渉者の役員及びあんしん保証株式会社の役員からの情報受領者による内部者取引並びに同社役員による重要事実に係る伝達違反行為について検査した結果、下記のとおり法令違反の事実が認められたので、本日、内閣総理大臣及び金融庁長官に対して、金融庁設置法第２０条第１項の規定に基づき、課徴金納付命令を発出するよう勧告を行った。 ２．法令違反の事実関係 （１）課徴金納付命令対象者（１）について 課徴金納付命令対象者（１）は、不動産賃貸管理等の事業を営むＡ社の役員であるが、あんしん保証株式会社（以下「あんしん保証」という。）とＡ社との家賃決済サービスに係る契約の締結交渉に関し、あんしん保証の業務執行を決定する機関が、イオンクレジットサービス株式会社等との業務上の提携を行うことについての決定をした旨の重要事実を知りながら、上記事実の公表がされた平成２８年７月２９日午後３時より前の同年６月２４日から同年７月２９日午前１１時１０分頃までの間、自己の計算において、あんしん保証株式合計９３００株を買付価額合計９８０万３９００円で買い付けたものである。 違反行為事実の概要については、 別図 のとおり。 課徴金納付命令対象者（１）が行った上記の行為は、金融商品取引法第１７５条第１項に規定する「第１６６条第１項又は第３項の規定に違反して、同条第１項に規定する売買等をした」行為に該当すると認められる。 （２）課徴金納付命令対象者（２）について 課徴金納付命令対象者（２）は、あんしん保証の役員である課徴金納付命令対象者（３）から、同人がその職務に関し知った、あんしん保証の業務執行を決定する機関が、イオンクレジットサービス株式会社等との業務上の提携を行うことについての決定をした旨の重要事実の伝達を受けながら、上記事実の公表がされた平成２８年７月２９日午後３時より前の同年７月１２日から同月２９日午前９時３１分頃までの間、自己の計算において、あんしん保証株式合計２万４０００株を買付価額合計２９５２万５５００円で買い付けたものである。 違反行為事実の概要については、 別図 のとおり。 課徴金納付命令対象者（２）が行った上記の行為は、金融商品取引法第１７５条第１項に規定する「第１６６条第１項又は第３項の規定に違反して、同条第１項に規定する売買等をした」行為に該当すると認められる。 （３）課徴金納付命令対象者（３）について 課徴金納付命令対象者（３）は、あんしん保証の役員であるが、同人がその職務に関し知った、あんしん保証の業務執行を決定する機関が、イオンクレジットサービス株式会社等との業務上の提携を行うことについての決定をした旨の重要事実を、上記事実の公表がされる前にあんしん保証株式の買付けをさせることにより課徴金納付命令対象者（２）に利益を得させる目的をもって、伝達したものである。 課徴金納付命令対象者（２）は、上記事実の公表がされた平成２８年７月２９日午後３時より前の同年７月１２日から同月２９日午前９時３１分頃までの間、自己の計算において、あんしん保証株式合計２万４０００株を買付価額合計２９５２万５５００円で買い付けたものである。 違反行為事実の概要については、 別図 のとおり。 課徴金納付命令対象者（３）が行った上記の行為は、金融商品取引法第１７５条の２第１項に規定する「第１６７条の２第１項の規定に違反して、同項の伝達をし、又は同項の売買等をすることを勧める」行為に該当すると認められる。 ３．課徴金の額の計算 上記の違法行為に対し、金融商品取引法に基づき納付を命じられる課徴金の額は、下記のとおりである。 課徴金納付命令対象者（１）５５４万円 課徴金納付命令対象者（２）１００７万円 課徴金納付命令対象者（３）５０３万円 計算方法の詳細については、 別紙 のとおり。 ４．その他 本件については、日本取引所自主規制法人より提供された情報も参考として、実態解明を行ったものである。 （別図） ○違反行為事実の概要について （クリックすると拡大されます） （別紙） ○課徴金の額の計算方法について １． 課徴金納付命令対象者（１）について （１）金融商品取引法第１７５条第１項第２号の規定により、当該有価証券の買付けについて業務等に関する重要事実の公表がされた後２週間における最も高い価格（1,650円）に当該有価証券の買付けの数量を乗じて得た額から当該有価証券の買付けをした価格にその数量を乗じて得た額を控除した額。 （1,650円×9,300株） －（900円×2,000株＋950円×4,000株＋1,266円×400株＋1,268円×1,400株 ＋1,278円×300株＋1,279円×200株＋1,280円×200株＋1,282円×500株 ＋1,287円×300株） ＝5,541,100円 （２）金融商品取引法第１７６条第２項の規定により、上記ア．で計算した額の１万円未満の端数を切捨て。 ２． 課徴金納付命令対象者（２）について （１）金融商品取引法第１７５条第１項第２号の規定により、当該有価証券の買付けについて業務等に関する重要事実の公表がされた後２週間における最も高い価格（1,650円）に当該有価証券の買付けの数量を乗じて得た額から当該有価証券の買付けをした価格にその数量を乗じて得た額を控除した額。 （1,650円×24,000株） －（1,150円×3,300株＋1,151円×600株＋1,170円×100株＋1,177円×500株 ＋1,178円×700株＋1,179円×100株＋1,180円×5,400株＋1,250円×900株 ＋1,251円×200株＋1,252円×900株＋1,260円×100株＋1,269円×600株 ＋1,270円×1,000株＋1,271円×1,500株＋1,275円×1,000株＋1,281円×200株 ＋1,282円×100株＋1,284円×100株＋1,286円×100株＋1,287円×100株 ＋1,288円×200株＋1,289円×100株＋1,290円×2,100株＋1,294円×600株 ＋1,295円×2,000株＋1,296円×400株＋1,297円×100株＋1,298円×100株 ＋1,299円×900株） ＝ 10,074,500円 （２）金融商品取引法第１７６条第２項の規定により、上記（１）で計算した額の１万円未満の端数を切捨て。 ３． 課徴金納付命令対象者（３）について （１）金融商品取引法第１７５条の２第１項第３号の規定により、当該違反行為により当該情報受領者等が行った当該売買等によって得た利得相当額に２分の１を乗じて得た額。 利得相当額とは、同条第３項の規定により、情報受領者等が特定有価証券等の買付けをした場合、当該特定有価証券等の買付けについて重要事実の公表がされた後２週間における最も高い価格（1,650円）に当該特定有価証券等の買付けの数量を乗じて得た額から当該特定有価証券等の買付けをした価格にその数量を乗じて得た額を控除した額。 ｛（1,650円×24,000株） －（1,150円×3,300株＋1,151円×600株＋1,170円×100株＋1,177円×500株 ＋1,178円×700株＋1,179円×100株＋1,180円×5,400株＋1,250円×900株 ＋1,251円×200株＋1,252円×900株＋1,260円×100株＋1,269円×600株 ＋1,270円×1,000株＋1,271円×1,500株＋1,275円×1,000株＋1,281円×200株 ＋1,282円×100株＋1,284円×100株＋1,286円×100株＋1,287円×100株 ＋1,288円×200株＋1,289円×100株＋1,290円×2,100株＋1,294円×600株 ＋1,295円×2,000株＋1,296円×400株＋1,297円×100株＋1,298円×100株 ＋1,299円×900株）｝×1／2 ＝ 5,037,250円 （２）金融商品取引法第１７６条第２項の規定により、上記（１）で計算した額の１万円未満の端数を切捨て。",1
2018-08-06,朝日工業株式会社,1975,公開買付者の役員からの情報受領者が所属する会社の他の役員による朝日工業株式会社株式に係る内部者取引に対する課徴金納付命令の勧告について,https://www.fsa.go.jp/sesc/news/c_2019/2019/20191210-1.html,"English version 令和元年12月10日 証券取引等監視委員会 公開買付者の役員からの情報受領者が所属する会社の他の役員による朝日工業株式会社株式に係る内部者取引に対する課徴金納付命令の勧告について １．勧告の内容 証券取引等監視委員会は、公開買付者の役員からの情報受領者が所属する会社の他の役員による朝日工業株式会社株式に係る内部者取引について検査した結果、下記のとおり法令違反の事実が認められたので、本日、内閣総理大臣及び金融庁長官に対して、金融庁設置法第２０条第１項の規定に基づき、課徴金納付命令を発出するよう勧告を行った。 ２．法令違反の事実関係 課徴金納付命令対象者は、Ａ社の役員であるが、その職務に関し、同社の役員乙が、合同製鐵株式会社（以下「合同製鐵」という。）の役員であった甲から職務上伝達を受けた、合同製鐵の業務執行を決定する機関が、朝日工業株式会社（以下「朝日工業」という。）株式の公開買付けを行うことを決定した旨の公開買付けの実施に関する事実を知りながら、前記事実の公表がされた平成３０年８月６日より前の同年７月１２日から同月２３日までの間、自己の計算において、朝日工業株式合計１４００株を買付価額合計１７６万４３００円で買い付けたものである。 違反行為事実の概要については、 別図 のとおり。 課徴金納付命令対象者が行った上記の行為は、金融商品取引法第１７５条第２項に規定する「第１６７条第１項又は第３項の規定に違反して、同条第１項に規定する特定株券等若しくは関連株券等に係る買付け等」をした行為に該当すると認められる。 ３．課徴金の額の計算 上記の違反行為に対し、金融商品取引法に基づき納付を命じられる課徴金の額は、７２万円である。 計算方法の詳細については、 別紙 のとおり。 ４．その他 本件については、日本取引所自主規制法人より提供された情報も参考として、実態解明を行ったものである。 （別図） ○違反行為事実の概要について （クリックすると拡大されます） （別紙） 〇課徴金の額の計算について (1) 金融商品取引法第１７５条第２項第２号の規定により、当該有価証券の買付けについて、公開買付け等の実施に関する事実の公表がされた後２週間における最も高い価格（1,780円）に当該有価証券の買付けの数量を乗じて得た額から当該有価証券の買付けをした価格にその数量を乗じて得た額を控除した額。 （1,780円×1,400株） －（1,255円×100株＋1,260円×500株＋1,261円×800株） ＝727,700円 (2) 金融商品取引法第１７６条第２項の規定により、上記(1)で計算した額の１万円未満の端数を切捨て。",1
2017-08-29,居住するイノテック株式会社,,海外に居住するイノテック株式会社との契約締結交渉者の役職員による内部者取引に対する課徴金納付命令の勧告について,https://www.fsa.go.jp/sesc/news/c_2019/2019/20191206-2.html,"English version 令和元年１２月６日 証券取引等監視委員会 海外に居住するイノテック株式会社との契約締結交渉者の役職員による内部者取引に対する課徴金納付命令の勧告について １．勧告の内容 証券取引等監視委員会は、イノテック株式会社（以下「イノテック」という。）との契約締結交渉者の役職員による内部者取引について検査した結果、下記のとおり法令違反の事実が認められたので、本日、内閣総理大臣及び金融庁長官に対して、金融庁設置法第２０条第１項の規定に基づき、課徴金納付命令を発出するよう勧告を行った。 ２．法令違反の事実関係 課徴金納付命令対象者（香港に居住）は、香港に所在し、投資事業等を目的とするCVP Holdings Limited（以下「ＣＶＰ」という。）の役職員であるが、イノテックとＣＶＰの株式の取得を伴う業務上の提携の交渉に関し、イノテックの業務執行を決定する機関がＣＶＰと業務上の提携を行うことについての決定をした旨の重要事実を知りながら、当該重要事実の公表がされた平成２９年８月２９日午後３時より前の同月３日から同月９日までの間、自己及び同族会社の計算において、イノテック株式合計９９万１６００株を買付価額合計７億７５５１万５７００円で買い付けたものである。 違反行為事実の概要については、 別図 のとおり。 課徴金納付命令対象者が行った上記の行為は、金融商品取引法第１７５条第１項に規定する「第１６６条第１項又は第３項の規定に違反して、同条第１項に規定する売買等をした」行為に該当すると認められる。 ３．課徴金の額の計算 上記の違法行為について金融商品取引法に基づき算定される課徴金の額は、１億９６２５万円である。 計算方法の詳細については、 別紙 のとおり。 ４．その他 本件については、日本取引所自主規制法人より提供された情報も参考として、実態解明を行ったものである。 （別図） ○　違反行為事実の概要について （クリックすると拡大されます） （別紙） ○　課徴金の額の計算方法について （１）金融商品取引法第１７５条第１項第２号の規定により、当該有価証券の買付けについて業務等に関する重要事実の公表がされた後２週間における最も高い価格（980円）に当該有価証券の買付けの数量を乗じて得た額から当該有価証券の買付けをした価格にその数量を乗じて得た額を控除した額。 なお、同条第１０項第１号及び金融商品取引法第六章の二の規定による課徴金に関する内閣府令第１条の２３第１項第４号の規定により、課徴金納付命令対象者の同族会社の計算における買付けは、自己の計算において買付けたものとみなす。 （９８０円×９９１，６００株）－買付価額７７５，５１５，７００円（注） ＝１９６，２５２，３００円 （２）金融商品取引法第１７６条第２項の規定により、課徴金の額は、上記（１）で計算した額の１万円未満の端数を切り捨てた１億９６２５万円となる。 （注）買付価額の内訳は、「730円×1,000株＋731円×700株＋732円×1,600株＋733円×7,400株＋734円×9,200株＋735円×5,700株＋736円×14,100株＋737円×4,200株＋738円×4,000株＋739円×3,400株＋740円×14,400株＋741円×8,000株＋742円×4,100株＋743円×5,700株＋744円×5,300株＋745円×22,500株＋746円×2,100株＋747円×1,000株＋748円×2,000株＋749円×2,200株＋750円×11,100＋751円×5,400株＋752円×4,300株＋753円×1,500株＋754円×2,100株＋755円×800株＋756円×3,600株＋757円×4,800株＋758円×3,800株＋759円×5,800株＋760円×10,000株＋761円×8,000株＋762円×3,000株＋763円×2,400株＋764円×4,300株＋765円×11,200株＋766円×5,900株＋767円×5,900株＋768円×12,700株＋769円×18,200株＋770円×23,000株＋771円×12,400株＋772円×14,800株＋773円×10,300株＋774円×20,900株＋775円×39,400株＋776円×2,100株＋777円×5,700株＋778円×7,200株＋779円×8,700株＋780円×9,800株＋781円×4,500株＋782円×9,300株＋783円×42,500株＋784円×11,300株＋785円×50,200株＋786円×12,300株＋787円×32,700株＋788円×20,300株＋789円×13,000株＋790円×46,100株＋791円×25,200株＋792円×8,400株＋793円×21,100株＋794円×12,400株＋795円×35,200株＋796円×9,600株＋797円×42,400株＋798円×5,600株＋799円×13,400株＋800円×9,400株＋801円×1,500株＋802円×7,600株＋803円×700株＋804円×1,300株＋805円×8,800株＋806円×4,500株＋807円×1,000株＋808円×800株＋809円×3,900株＋810円×55,700株＋811円×3,200株＋813円×900株＋814円×5,200株＋815円×3,000株＋816円×2,400株＋817円×1,300株＋818円×19,200株＋819円×2,200株＋820円×8,300株＋821円×1,000株＋822円×1,000株＋823円×8,500株＋824円×3,300株＋825円×11,800株＋826円×3,100株＋827円×200株＋828円×8,600株」である。",1
2018-08-15,株式会社シーズメン,,株式会社シーズメンとの契約締結交渉者２名からそれぞれ伝達を受けた者２名による内部者取引及び当該契約締結交渉者２名による重要事実に係る伝達行為に対する課徴金納付命令の勧告について,https://www.fsa.go.jp/sesc/news/c_2019/2019/20191119-1.html,"English version 令和元年11月19日 証券取引等監視委員会 株式会社シーズメンとの契約締結交渉者２名からそれぞれ伝達を受けた者２名による内部者取引及び当該契約締結交渉者２名による重要事実に係る伝達行為に対する課徴金納付命令の勧告について １．勧告の内容 証券取引等監視委員会は、株式会社シーズメンとの契約締結交渉者２名からそれぞれ伝達を受けた者２名による内部者取引及び当該契約締結交渉者２名による重要事実に係る伝達行為について検査した結果、下記のとおり法令違反の事実が認められたので、本日、内閣総理大臣及び金融庁長官に対して、金融庁設置法第２０条第１項の規定に基づき、課徴金納付命令を発出するよう勧告を行った。 ２．法令違反の事実関係 （１）課徴金納付命令対象者（１）について 課徴金納付命令対象者（１）は、株式会社シーズメン（以下「シーズメン」という。）と、同社が新たに発行する株式の総数引受契約の締結交渉をしていた課徴金納付命令対象者（２）から、同人が契約締結交渉に関し知った、シーズメンの業務執行を決定する機関が同社の発行する株式を引き受ける者の募集を行うことについての決定をした旨の重要事実の伝達を受けながら、前記重要事実の公表がされた平成３０年８月１５日より前の、同月３日から９日までの間に、自己の計算において、シーズメン株式合計７４００株を買付価額合計４９８万７６００円で買い付けたものである。 違反行為事実の概要については、 別図 のとおり。 課徴金納付命令対象者（１）が行った上記の行為は、金融商品取引法第１７５条第１項に規定する「第１６６条第１項又は第３項の規定に違反して、同条第１項に規定する売買等をした」行為に該当すると認められる。 （２）課徴金納付命令対象者（２）について 課徴金納付命令対象者（２）は、同人が、シーズメンとの、同社が新たに発行する株式の総数引受契約の締結交渉に関し知った、シーズメンの業務執行を決定する機関が同社の発行する株式を引き受ける者の募集を行うことについての決定をした旨の重要事実を、課徴金納付命令対象者（１）に対し、前記重要事実の公表がされる前に、シーズメン株式の買付けをさせることにより、同人に利益を得させる目的をもって、伝達したものである。 課徴金納付命令対象者（１）は、前記重要事実が公表された平成３０年８月１５日より前の、同月３日から９日までの間に、シーズメン株式合計７４００株を買付価額合計４９８万７６００円で買い付けたものである。 違反行為事実の概要については、 別図 のとおり。 課徴金納付命令対象者（２）が行った上記の行為は、金融商品取引法第１７５条の２第１項に規定する「第１６７条の２第１項の規定に違反して、同項の伝達をし、又は同項の売買等をすることを勧める」行為に該当すると認められる。 （３）課徴金納付命令対象者（３）について 課徴金納付命令対象者（３）は、シーズメンと、同社が新たに発行する株式の総数引受契約の締結交渉をしていた課徴金納付命令対象者（４）から、同人が契約締結交渉に関し知った、シーズメンの業務執行を決定する機関が、同社の発行する株式を引き受ける者の募集を行うことについての決定をした旨の重要事実の伝達を受けながら、前記重要事実の公表がされた平成３０年８月１５日より前の、同年７月３０日、自己の計算において、シーズメン株式合計１万２０００株を買付価額合計８５３万８１００円で買い付けたものである。 違反行為事実の概要については、 別図 のとおり。 課徴金納付命令対象者（３）が行った上記の行為は、金融商品取引法第１７５条第１項に規定する「第１６６条第１項又は第３項の規定に違反して、同条第１項に規定する売買等をした」行為に該当すると認められる。 （４）課徴金納付命令対象者（４）について 課徴金納付命令対象者（４）は、同人が、シーズメンとの、同社が新たに発行する株式の総数引受契約の締結交渉に関し知った、シーズメンの業務執行を決定する機関が、同社の発行する株式を引き受ける者の募集を行うことについての決定をした旨の重要事実の伝達を、課徴金納付命令対象者（３）に対し、前記重要事実の公表がされる前にシーズメン株式の買付けをさせることにより、同人に利益を得させる目的をもって、伝達したものである。 課徴金納付命令対象者（３）は、前記重要事実の公表がされた平成３０年８月１５日より前の、同年７月３０日、シーズメン株式合計１万２０００株を買付価額合計８５３万８１００円で買い付けたものである。 違反行為事実の概要については、 別図 のとおり。 課徴金納付命令対象者（４）が行った上記の行為は、金融商品取引法第１７５条の２第１項に規定する「第１６７条の２第１項の規定に違反して、同項の伝達をし、又は同項の売買等をすることを勧める」行為に該当すると認められる。 ３．課徴金の額の計算 上記の違反行為に対し、金融商品取引法に基づき納付を命じられる課徴金の額は、下記のとおりである。 課徴金納付命令対象者（１）１８５万円 課徴金納付命令対象者（２）　９２万円 課徴金納付命令対象者（３）２５４万円 課徴金納付命令対象者（４）１２７万円 計算方法の詳細については、 別紙 のとおり。 ４．その他 本件については、日本取引所自主規制法人より提供された情報も参考として、実態解明を行ったものである。 （別図） ○違反行為事実の概要について （クリックすると拡大されます） （別紙） 〇課徴金の額の計算について １．課徴金納付命令対象者（１）について 金融商品取引法第１７５条第１項第２号の規定により、当該有価証券の買付けについて、業務等に関する重要事実の公表がされた後２週間における最も高い価格（924円）に当該有価証券の買付けの数量を乗じて得た額から当該有価証券の買付けをした価格にその数量を乗じて得た額を控除した額。 （924円×7,400株） －（665円×500株＋668円×700株＋669円×1,000株＋670円×1,000株 ＋671円×100株＋672円×100株＋673円×500株＋674円×600株 ＋675円×500株＋677円×500株＋679円×300株＋680円×300株 ＋683円×300株＋684円×300株＋685円×700株） ＝1,850,000円 ２．課徴金納付命令対象者（２）について （１）金融商品取引法第１７５条の２第１項第３号の規定により、当該違反行為により当該情報受領者等が行った当該買付けによって得た利得相当額に２分の１を乗じて得た額。 利得相当額とは、同条第３項第２号の規定により、情報受領者等が特定有価証券等の買付けをした場合、当該特定有価証券等の買付けについて、業務等に関する重要事実の公表がされた後２週間における最も高い価格（924円）に当該特定有価証券等の買付けの数量を乗じて得た額から当該特定有価証券等の買付けをした価格にその数量を乗じて得た額を控除した額。 ｛（924円×7,400株） －（665円×500株＋668円×700株＋669円×1,000株＋670円×1,000株 ＋671円×100株＋672円×100株＋673円×500株＋674円×600株 ＋675円×500株＋677円×500株＋679円×300株＋680円×300株 ＋683円×300株＋684円×300株＋685円×700株）｝×1／2 ＝925,000円 （２） 金融商品取引法第１７６条第２項の規定により、上記（１）で計算した額の１万円未満の端数を切捨て。 3．課徴金納付命令対象者（3）について （１）金融商品取引法第１７５条第１項第２号の規定により、当該有価証券の買付けについて、業務等に関する重要事実の公表がされた後２週間における最も高い価格（924円）に当該有価証券の買付けの数量を乗じて得た額から当該有価証券の買付けをした価格にその数量を乗じて得た額を控除した額。 （924円×12,000株） －（681円×300株＋683円×200株＋689円×100株＋690円×100株＋691円×100株＋709円×100株＋710円×100株＋711円×1,900株＋714円×9,100株） ＝2,549,900円 （２） 金融商品取引法第１７６条第２項の規定により、上記（１）で計算した額の１万円未満の端数を切捨て。 4．課徴金納付命令対象者（4）について （１） 金融商品取引法第１７５条の２第１項第３号の規定により、当該違反行為により当該情報受領者等が行った当該買付けによって得た利得相当額に２分の１を乗じて得た額。 利得相当額とは、同条第３項第２号の規定により、情報受領者等が特定有価証券等の買付けをした場合、当該特定有価証券等の買付けについて、業務等に関する重要事実の公表がされた後２週間における最も高い価格（924円）に当該特定有価証券等の買付けの数量を乗じて得た額から当該特定有価証券等の買付けをした価格にその数量を乗じて得た額を控除した額。 ｛（924円×12,000株） －（681円×300株＋683円×200株＋689円×100株＋690円×100株＋691円×100株＋709円×100株＋710円×100株＋711円×1,900株＋714円×9,100株）｝×1／2 ＝1,274,950円 （２） 金融商品取引法第１７６条第２項の規定により、上記（１）で計算した額の１万円未満の端数を切捨て。",1
2018-10-26,株式会社日本ハウスホールディングス,,株式会社日本ハウスホールディングス社員による内部者取引に対する課徴金納付命令の勧告について,https://www.fsa.go.jp/sesc/news/c_2019/2019/20191206-1.html,"English version 令和元年12月6日 証券取引等監視委員会 株式会社日本ハウスホールディングス社員による内部者取引に対する課徴金納付命令の勧告について １．勧告の内容 証券取引等監視委員会は、株式会社日本ハウスホールディングス社員による内部者取引について検査した結果、下記のとおり法令違反の事実が認められたので、本日、内閣総理大臣及び金融庁長官に対して、金融庁設置法第２０条第１項の規定に基づき、課徴金納付命令を発出するよう勧告を行った。 ２．法令違反の事実関係 （１）課徴金納付命令対象者（１）について 課徴金納付命令対象者（１）は、株式会社日本ハウスホールディングス（以下「日本ハウス」という。）の社員であったが、その職務に関し、日本ハウスのマンション事業部が値引き販売を隠蔽し、売上高を過大に計上していたことが判明した旨の同社の運営、業務又は財産に関する重要な事実であって投資者の投資判断に著しい影響を及ぼす事実を知りながら、上記重要事実の公表がされた平成３０年１０月２６日より前の同月１８日に、自己の計算において、日本ハウス株式合計２万２０００株を売付価額合計１３７９万４３００円で売り付けたものである。 （２）課徴金納付命令対象者（２）について 課徴金納付命令対象者（２）は、日本ハウスの社員であるが、その職務に関し、日本ハウスのマンション事業部が値引き販売を隠蔽し、売上高を過大に計上していたことが判明した旨の同社の運営、業務又は財産に関する重要な事実であって投資者の投資判断に著しい影響を及ぼす事実を知りながら、上記重要事実の公表がされた平成３０年１０月２６日より前の同月２３日に、自己の計算において、日本ハウス株式合計３０００株を売付価額合計１８６万３０００円で売り付けたものである。 各違反行為事実の概要については、 別図 のとおり。 課徴金納付命令対象者（１）及び（２）が行った上記の各行為は、金融商品取引法第１７５条第１項に規定する「第１６６条第１項又は第３項の規定に違反して、同条第１項に規定する売買等をした」行為に該当すると認められる。 ３．課徴金の額の計算 上記の各違反行為に対し、金融商品取引法に基づき納付を命じられる課徴金の額は、下記のとおりである。 課徴金納付命令対象者（１）２８３万円 課徴金納付命令対象者（２） ３６万円 計算方法の詳細については、 別紙 のとおり。 ４．その他 本件については、日本取引所自主規制法人より提供された情報も参考として、実態解明を行ったものである。 （別図） ○違反行為事実の概要について （クリックすると拡大されます） （別紙） 〇課徴金の額の計算について １．課徴金納付命令対象者（１）について （１）金融商品取引法第１７５条第１項第１号の規定により、当該有価証券の売付けについて、当該有価証券の売付けをした価格にその数量を乗じて得た額から業務等に関する重要事実の公表がされた後２週間における最も低い価格（498円）に当該有価証券の売付けの数量を乗じて得た額を控除した額。 （627円×21,700株＋628円×300株）－（498円×22,000株） ＝2,838,300円 （２） 金融商品取引法第１７６条第２項の規定により、上記（１）で計算した額の１万円未満の端数を切捨て。 ２．課徴金納付命令対象者（２）について （１）金融商品取引法第１７５条第１項第１号の規定により、当該有価証券の売付けについて、当該有価証券の売付けをした価格にその数量を乗じて得た額から業務等に関する重要事実の公表がされた後２週間における最も低い価格（498円）に当該有価証券の売付けの数量を乗じて得た額を控除した額。 （621円×3,000株）－（498円×3,000株） ＝369,000円 （２） 金融商品取引法第１７６条第２項の規定により、上記（１）で計算した額の１万円未満の端数を切捨て。",1
令和元年11月1日,株式会社パルマ株券,,株式会社パルマ株券に係る内部者取引事件の告発について,https://www.fsa.go.jp/sesc/news/c_2019/2019/20191101-1.html,English version 令和元年１１月１日 証券取引等監視委員会 株式会社パルマ株券に係る内部者取引事件の告発について 証券取引等監視委員会は、本日、金融商品取引法違反（内部者取引、情報伝達）の嫌疑で、嫌疑者２名を東京地方検察庁に告発した。告発の対象となった犯則事実については下記のとおり。 １．告発の対象となった犯則事実 犯則嫌疑者Ａは、東京証券取引所マザーズ市場に株券を上場していた株式会社パルマ（以下「パルマ」という。）の管理部次長を務めていたもの、犯則嫌疑者Ｂは、Ａの知人であるが、 第１　Ａは、平成２９年１２月中旬頃、その職務に関し、パルマにおいてその発行する株式を引き受ける者の募集を行うことについての決定をした旨の重要事実を知り、あらかじめパルマの株券を買い付けさせて利益を得させる目的をもって、同重要事実の公表前である同月下旬頃、Ｂに対し、同重要事実を伝達したものであり、これにより同人が、法定の除外事由がないのに、同重要事実の公表前である平成３０年１月上旬から同年４月中旬までの間、証券会社を介し、東京証券取引所において、自己名義及び他人名義で、パルマの株券合計３０００株を代金合計約１１００万円で買い付け 第２　Ｂは、平成２９年１２月下旬頃、Ａから、前記重要事実の伝達を受け、法定の除外事由がないのに、同重要事実の公表前である平成３０年１月上旬から同年４月中旬までの間、証券会社を介し、前記東京証券取引所において、自己名義及び他人名義で、パルマの株券合計３０００株を代金合計約１１００万円で買い付け たものである。 ２．関連条文 金融商品取引法 第１　同法１９７条の２第１４号、１６７条の２第１項 第２　同法１９７条の２第１３号、１６６条３項、１項１号、２項１号イ 法定刑：５年以下の懲役若しくは５００万円以下の罰金又はこれを併科,1
2018-01-01,株式会社小僧寿し,,株式会社小僧寿しの従業者による内部者取引に対する課徴金納付命令の勧告について,https://www.fsa.go.jp/sesc/news/c_2019/2019/20191011-1.html,"English version 令和元年10月11日 証券取引等監視委員会 株式会社小僧寿しの従業者による内部者取引に対する課徴金納付命令の勧告について １．勧告の内容 証券取引等監視委員会は、株式会社小僧寿しの従業者による内部者取引について検査した結果、下記のとおり法令違反の事実が認められたので、本日、内閣総理大臣及び金融庁長官に対して、金融庁設置法第２０条第１項の規定に基づき、課徴金納付命令を発出するよう勧告を行った。 ２．法令違反の事実関係 課徴金納付命令対象者は、株式会社小僧寿し（以下「小僧寿し」という。）の業務に従事していた者であるが、その職務に関し、同社の属する企業集団の平成３０年１月１日から同年１２月３１日までの事業年度の経常利益及び親会社株主に帰属する当期純利益（以下「当期純利益」という。）について、同年１１月１４日に公表がされた直近の予想値（経常利益１５００万円、当期純利益１５００万円）に比較して、同社が新たに算出した予想値において、投資者の投資判断に及ぼす影響が重要なものとなる差異が生じた旨の重要事実を知りながら、同社において新たに算出した同事業年度の予想値（経常損失５億１０００万円、親会社株主に帰属する当期純損失１５億２２００万円）の公表がされた平成３１年１月１１日より前の平成３０年１２月１７日から平成３１年１月１０日までの間、自己の計算において、小僧寿し株式合計２１２万４９００株を売付価額合計１億５８６万３８００円で売り付けたものである。 違反行為事実の概要については、 別図 のとおり。 課徴金納付命令対象者が行った上記の行為は、金融商品取引法第１７５条第１項に規定する「第１６６条第１項又は第３項の規定に違反して、同条第１項に規定する売買等をした」行為に該当すると認められる。 ３．課徴金の額の計算 上記の違反行為に対し、金融商品取引法に基づき納付を命じられる課徴金の額は、１４４９万円である。 計算方法の詳細については、 別紙 のとおり。 （別図） ○違反行為事実の概要について （クリックすると拡大されます） （別紙） 〇課徴金の額の計算について (1) 金融商品取引法第１７５条第１項第１号の規定により、当該有価証券の売付けについて、当該有価証券の売付けをした価格にその数量を乗じて得た額から業務等に関する重要事実の公表がされた後２週間における最も低い価格（43円）に当該有価証券の売付けの数量を乗じて得た額を控除した額。 (44円×80,300株＋45円×469,500株＋46円×159,500株＋47円×247,500株 ＋48円×128,100株＋49円×207,300株＋50円×183,700株＋51円×79,000株 ＋52円×86,900株＋53円×71,900株＋54円×95,800株＋55円×65,400株 ＋62円×136,600株＋63円×113,400株） －（43円×2,124,900株） ＝14,493,100円 (2) 金融商品取引法第１７６条第２項の規定により、上記(1)で計算した額の１万円未満の端数を切捨て。",1
2017-04-01,株式会社ヨータイ,5357,株式会社ヨータイの役員から伝達を受けた者による内部者取引及び当該役員による重要事実に係る伝達行為に対する課徴金納付命令の勧告について,https://www.fsa.go.jp/sesc/news/c_2019/2019/20190913-2.html,"English version 令和元年9月13日 証券取引等監視委員会 株式会社ヨータイの役員から伝達を受けた者による内部者取引及び当該役員による重要事実に係る伝達行為に対する課徴金納付命令の勧告について １．勧告の内容 証券取引等監視委員会は、株式会社ヨータイの役員から伝達を受けた者による内部者取引及び当該役員による重要事実に係る伝達行為について検査した結果、下記のとおり法令違反の事実が認められたので、本日、内閣総理大臣及び金融庁長官に対して、金融庁設置法第２０条第１項の規定に基づき、課徴金納付命令を発出するよう勧告を行った。 ２．法令違反の事実関係 （１）課徴金納付命令対象者（１）について 課徴金納付命令対象者（１）は、株式会社ヨータイ（以下「ヨータイ」という。）の役員であった課徴金納付命令対象者（２）から、同人がその職務に関し知った、同社の属する企業集団の平成２９年４月１日から平成３０年３月３１日までの事業年度の売上高、経常利益及び親会社株主に帰属する当期純利益（以下「当期純利益」という。）について、平成２９年５月１２日に公表がされた直近の予想値（売上高２１２億円、経常利益１４億円、当期純利益９億５０００万円）に比較して、同社が新たに算出した予想値において、投資者の投資判断に及ぼす影響が重要なものとなる差異が生じた旨の重要事実の伝達を受けながら、同社において新たに算出した同事業年度の予想値（売上高２４０億円、経常利益３３億円、当期純利益２４億円）の公表がされた平成３０年２月８日より前の同月１日、自己の計算において、ヨータイ株式合計１万株を買付価額合計６６９万円で買い付けたものである。 違反行為事実の概要については、 別図 のとおり。 課徴金納付命令対象者（１）が行った上記の行為は、金融商品取引法第１７５条第１項に規定する「第１６６条第１項又は第３項の規定に違反して、同条第１項に規定する売買等をした」行為に該当すると認められる。 （２）課徴金納付命令対象者（２）について 課徴金納付命令対象者（２）は、ヨータイの役員であったが、同人がその職務に関し知った、同社の属する企業集団の平成２９年４月１日から平成３０年３月３１日までの事業年度の売上高、経常利益及び親会社株主に帰属する当期純利益（以下「当期純利益」という。）について、平成２９年５月１２日に公表がされた直近の予想値（売上高２１２億円、経常利益１４億円、当期純利益９億５０００万円）に比較して、同社が新たに算出した予想値において、投資者の投資判断に及ぼす影響が重要なものとなる差異が生じた旨の重要事実を、課徴金納付命令対象者（１）に対し、同社において新たに算出した同事業年度の予想値（売上高２４０億円、経常利益３３億円、当期純利益２４億円）の公表がされる前にヨータイ株式の買付けをさせることにより、同人に利益を得させる目的をもって、伝達したものである。 課徴金納付命令対象者（１）は、上記重要事実の公表がされた平成３０年２月８日より前の同月１日、ヨータイ株式合計１万株を買付価額合計６６９万円で買い付けたものである。 違反行為事実の概要については、 別図 のとおり。 課徴金納付命令対象者（２）が行った上記の行為は、金融商品取引法第１７５条の２第１項に規定する「第１６７条の２第１項の規定に違反して、同項の伝達をし、又は同項の売買等をすることを勧める」行為に該当すると認められる。 ３．課徴金の額の計算 上記の違反行為に対し、金融商品取引法に基づき納付を命じられる課徴金の額は、下記のとおりである。 課徴金納付命令対象者（１）２９９万円 課徴金納付命令対象者（２）１４９万円 計算方法の詳細については、 別紙 のとおり。 （別図） ○違反行為事実の概要について （クリックすると拡大されます） （別紙） 〇課徴金の額の計算について １．課徴金納付命令対象者（１）について 金融商品取引法第１７５条第１項第２号の規定により、当該有価証券の買付けについて、業務等に関する重要事実の公表がされた後２週間における最も高い価格（968円）に当該有価証券の買付けの数量を乗じて得た額から当該有価証券の買付けをした価格にその数量を乗じて得た額を控除した額。 （968円×10,000株） －（669円×10,000株） ＝2,990,000円 ２．課徴金納付命令対象者（２）について （１） 金融商品取引法第１７５条の２第１項第３号の規定により、当該違反行為により当該情報受領者等が行った当該買付けによって得た利得相当額に２分の１を乗じて得た額。 利得相当額とは、同条第３項第２号の規定により、情報受領者等が特定有価証券等の買付けをした場合、当該特定有価証券等の買付けについて、業務等に関する重要事実の公表がされた後２週間における最も高い価格（968円）に当該特定有価証券等の買付けの数量を乗じて得た額から当該特定有価証券等の買付けをした価格にその数量を乗じて得た額を控除した額。 ｛（968円×10,000株） －（669円×10,000株）｝×1／2 ＝1,495,000円 （２） 金融商品取引法第１７６条第２項の規定により、上記（１）で計算した額の１万円未満の端数を切捨て。",1
2018-04-27,セーラー万年筆株式会社,7992,セーラー万年筆株式会社社員による内部者取引に対する課徴金納付命令の勧告について,https://www.fsa.go.jp/sesc/news/c_2019/2019/20190906-1.html,"English version 令和元年9月6日 証券取引等監視委員会 セーラー万年筆株式会社社員による内部者取引に対する課徴金納付命令の勧告について １．勧告の内容 証券取引等監視委員会は、セーラー万年筆株式会社社員による内部者取引について検査した結果、下記のとおり法令違反の事実が認められたので、本日、内閣総理大臣及び金融庁長官に対して、金融庁設置法第２０条第１項の規定に基づき、課徴金納付命令を発出するよう勧告を行った。 ２．法令違反の事実関係 課徴金納付命令対象者は、セーラー万年筆株式会社（以下「セーラー」という。）の社員であったが、その職務に関し、同社の業務執行を決定する機関が、プラス株式会社との業務上の提携を行うこと及びセーラーの発行する株式を引き受ける者の募集を行うことについての決定をした旨の各重要事実を知りながら、上記各重要事実の公表がされた平成３０年４月２７日より前の同月１３日から同月１６日までの間、自己の計算において、セーラー株式合計３２００株を買付価額合計９７万７０００円で買い付けたものである。 違反行為事実の概要については、 別図 のとおり。 課徴金納付命令対象者が行った上記の行為は、金融商品取引法第１７５条第１項に規定する「第１６６条第１項又は第３項の規定に違反して、同条第１項に規定する売買等をした」行為に該当すると認められる。 ３．課徴金の額の計算 上記の違反行為に対し、金融商品取引法に基づき納付を命じられる課徴金の額は、２２万円である。 計算方法の詳細については、 別紙 のとおり。 ４．その他 本件ついては、日本取引所自主規制法人より提供された情報を参考として、実態解明を行ったものである。 （別図） ○違反行為事実の概要について （クリックすると拡大されます） （別紙） 〇課徴金の額の計算について (1) 金融商品取引法第１７５条第１項第２号の規定により、当該有価証券の買付けについて業務等に関する重要事実の公表がされた後２週間における最も高い価格（376円）に当該有価証券の買付けの数量を乗じて得た額から当該有価証券の買付けをした価格にその数量を乗じて得た額を控除した額。 （376円×3,200株） －(300円×1,200株＋307円×1,000株＋310円×1,000株） ＝226,200円 (2) 金融商品取引法第１７６条第２項の規定により、上記(1)で計算した額の１万円未満の端数を切捨て。",1
2018-04-01,,,平成30年度「証券取引等監視委員会の活動状況」の公表について,https://www.fsa.go.jp/sesc/reports/n_30/n_30.html,"令和元年8月30日 証券取引等監視委員会 証券取引等監視委員会の活動状況の公表について 証券取引等監視委員会（以下「証券監視委」という。）は、金融庁設置法第22条の規定に基づき、毎年、活動状況等を公表しています。今回は、その27回目として、平成30年度（平成30年4月1日～同31年3月31日）の「証券取引等監視委員会の活動状況」を公表します。 公表内容の主な記載内容 １．平成30年度の活動概要  マクロ的な視点に基づき潜在的なリスクに着目した情報収集・分析を行う等、タイムリーな市場監視  金商業者に対するリスクアセスメントを踏まえたオンサイト・モニタリング  課徴金制度の活用による迅速・効率的な検査・調査と、重大・悪質事案に対する厳正な対処 根本原因の把握と、再発防止のための対話・情報発信や建議の実施 ２．不公正取引の勧告・告発件数  不公正取引の勧告件数は計33件（インサイダー取引23件、相場操縦7件、偽計3件）  不公正取引の告発件数は計5件（インサイダー取引5件）  取引審査の実施件数は、6年連続で1,000件超  公開買付けや業績修正等を重要事実とする事案が昨年同様多数  過去に適用例のなかった重要事実による事案を初めて勧告  情報伝達・取引推奨規制導入後、取引推奨規制違反のみの事案を初めて勧告 海外の金融機関による市場デリバティブ取引に係る相場操縦を初めて勧告 他の投資家の売買を排除する目的で行う、誘引目的が認められない特殊見せ玉を用いる取引手法について、偽計を適用し初めて勧告 ３．開示規制違反 開示規制違反の勧告件数は10件、告発件数は３件 開示規制違反の再発防止の観点から、会社の経営陣とその背景・原因について議論し、問題意識を共有 開示規制違反の未然防止の観点から以下の取組み等を実施 ・マクロ的視点に基づく大規模上場会社等に対する継続的な監視 ・経営環境の変化を考慮した深度ある調査・分析 ４．金融商品取引業者等に対するモニタリング  規模・業態を踏まえたリスクアセスメントを実施 （規模業態別の業務運営上の課題及びリスクを取りまとめ） リスクアセスメントに応じたオンサイト・モニタリングを実施 （68件着手、11件の行政処分勧告） 実効性ある内部管理態勢の構築等を促す取組みを実施 （「留意すべき事項（顕在化していないものの改善が必要な問題）」を検査終了通知書に記載し、問題意識をモニタリング先と共有） ５．証券監視委の新たな課題（SupTechへの取組み）  国内外の金融技術の動向や、ＩＴやＡＩ（人工知能）技術の進展を含めた市場の構造的変化の状況について把握 国内外の規制当局等におけるＩＴの活用状況等に関する情報収集 市場監視における技術的課題の検証等を行い、ＡＩの活用を含む新たな市場監視システムの導入に向け検討を進めていく ６．関係機関との連携・情報発信・建議 自主規制機関との連携 ・売買審査などで日常的に連携 ・定期的な意見交換により相互の問題意識をタイムリーに共有 事案の意義や問題点等をウェブサイト等を通して情報発信 ・個別の勧告事案等の公表（イメージ図を利用） ・課徴金事例集等について積極的に寄稿や講演を実施 取引の公正性確保や投資者保護その他の公益確保の観点から建議を実施（２件） ７．グローバルな市場監視への貢献  世界219機関が加盟する証券監督者国際機構（ＩＯＳＣＯ）において、証券規制の国際的調和や規制当局間の相互協力を目指す議論に積極的に参加 海外当局との連携（情報交換等）により、クロスボーダー取引による違反行為に対して適切な法執行を実施 海外当局への職員派遣、短期研修への参加、セミナーの実施等により、当局間ネットワークの強化や知見・問題意識の共有 ８．一般投資家・市場関係者へのメッセージ  「主なトピックス」として、平成30年度の取組みのうち、特色のあるものについて記載 「監視委コラム」として、各ステークホルダーに向け、法令遵守の観点から特に留意していただきたい点等について、具体例を用いてメッセージを記載 ●「証券取引等監視委員会の活動状況」の本文へ ◎ 全体版 （PDF/7,547KB） ◎ 主なポイント （PDF/474KB） ◎ 本編 （PDF/2,142KB） ◎ 附属資料編 （PDF/5,026KB） ◎ サマリーの英語版 （PDF/143KB）（仮訳） ◎ ポイントの英語版 （PDF/415KB）（仮訳）",1
2018-03-30,三精テクノロジーズ株式会社,6357,三精テクノロジーズ株式会社との契約締結者の役員から伝達を受けた者による内部者取引に対する課徴金納付命令の勧告について,https://www.fsa.go.jp/sesc/news/c_2019/2019/20190705-1.html,"English version 令和元年7月5日 証券取引等監視委員会 三精テクノロジーズ株式会社との契約締結者の役員から伝達を受けた者による内部者取引に対する課徴金納付命令の勧告について １．勧告の内容 証券取引等監視委員会は、三精テクノロジーズ株式会社との契約締結者の役員から伝達を受けた者による内部者取引について検査した結果、下記のとおり法令違反の事実が認められたので、本日、内閣総理大臣及び金融庁長官に対して、金融庁設置法第２０条第１項の規定に基づき、課徴金納付命令を発出するよう勧告を行った。 ２．法令違反の事実関係 課徴金納付命令対象者は、三精テクノロジーズ株式会社（以下「三精」という。）と業務委託契約を締結していたＡ社の役員であった甲から、同人が上記契約の履行に関し知った、三精の業務執行を決定する機関がＶｅｋｏｍａ　Ｒｉｄｅｓ　Ｂ．Ｖ．の発行済株式を取得して子会社化することについての決定をした旨の重要事実の伝達を受けながら、上記重要事実の公表がされた平成３０年３月３０日より前の平成２９年１２月１日から平成３０年３月２６日までの間、自己の計算において、三精株式合計６５００株を買付価額合計７５５万６６００円で買い付けたものである。 違反行為事実の概要については、 別図 のとおり。 課徴金納付命令対象者が行った上記の行為は、金融商品取引法第１７５条第１項に規定する「第１６６条第１項又は第３項の規定に違反して、同条第１項に規定する売買等をした」行為に該当すると認められる。 ３．課徴金の額の計算 上記の違反行為に対し、金融商品取引法に基づき納付を命じられる課徴金の額は、２５７万円である。 計算方法の詳細については、 別紙 のとおり。 ４．その他 本件ついては、日本取引所自主規制法人より提供された情報も参考として、実態解明を行ったものである。 （別図） ○違反行為事実の概要について （クリックすると拡大されます） （別紙） 〇課徴金の額の計算について (1) 金融商品取引法第１７５条第１項第２号の規定により、当該有価証券の買付けについて、業務等に関する重要事実の公表がされた後２週間における最も高い価格（1,559円）に当該有価証券の買付けの数量を乗じて得た額から当該有価証券の買付けをした価格にその数量を乗じて得た額を控除した額。 （1,559円×6,500株） －（1,056円×1,100株＋1,167円×500株＋1,168円×300株＋1,169円×100株 ＋1,171円×200株＋1,172円×200株＋1,173円×500株＋1,174円×300株 ＋1,193円×3,300株） ＝2,576,900円 (2) 金融商品取引法第１７６条第２項の規定により、上記(1)で計算した額の１万円未満の端数を切捨て。",1
2017-04-01,株式会社アドバンスト・メディア,,株式会社アドバンスト・メディア社員から伝達を受けた者による内部者取引及び当該社員による重要事実に係る伝達行為に対する課徴金納付命令の勧告について,https://www.fsa.go.jp/sesc/news/c_2019/2019/20190625-1.html,"English version 令和元年6月25日 証券取引等監視委員会 株式会社アドバンスト・メディア社員から伝達を受けた者による内部者取引及び当該社員による重要事実に係る伝達行為に対する課徴金納付命令の勧告について １．勧告の内容 証券取引等監視委員会は、株式会社アドバンスト・メディア社員から伝達を受けた者による内部者取引及び当該社員による重要事実に係る伝達行為について検査した結果、下記のとおり法令違反の事実が認められたので、本日、内閣総理大臣及び金融庁長官に対して、金融庁設置法第２０条第１項の規定に基づき、課徴金納付命令を発出するよう勧告を行った。 ２．法令違反の事実関係 （１）課徴金納付命令対象者（１）について 課徴金納付命令対象者（１）は、株式会社アドバンスト・メディア（以下「アドバンスト」という。）の社員である課徴金納付命令対象者（２）から、同人がその職務に関し知った、同社の属する企業集団の平成２９年４月１日から平成３０年３月３１日までの事業年度の経常利益及び親会社株主に帰属する当期純利益（以下「当期純利益」という。）について、平成３０年２月９日に公表がされた直近の予想値（経常利益２億７０００万円、当期純利益２億４０００万円）に比較して、同社が新たに算出した予想値において、投資者の投資判断に及ぼす影響が重要なものとなる差異が生じた旨の重要事実の伝達を受けながら、同社において新たに算出した同事業年度の予想値（経常利益６億円、当期純利益５億円）の公表がされた平成３０年４月１８日午後０時頃より前の同日午前９時頃、自己の計算において、アドバンスト株式合計２５００株を買付価額合計４５２万７５００円で買い付けたものである。 違反行為事実の概要については、 別図 のとおり。 課徴金納付命令対象者（１）が行った上記の行為は、金融商品取引法第１７５条第１項に規定する「第１６６条第１項又は第３項の規定に違反して、同条第１項に規定する売買等をした」行為に該当すると認められる。 （２）課徴金納付命令対象者（２）について 課徴金納付命令対象者（２）は、アドバンストの社員であるが、同人がその職務に関し知った、同社の属する企業集団の平成２９年４月１日から平成３０年３月３１日までの事業年度の経常利益及び当期純利益について、平成３０年２月９日に公表がされた直近の予想値（経常利益２億７０００万円、当期純利益２億４０００万円）に比較して、同社が新たに算出した予想値において、投資者の投資判断に及ぼす影響が重要なものとなる差異が生じた旨の重要事実を、課徴金納付命令対象者（１）に対し、同社において新たに算出した同事業年度の予想値（経常利益６億円、当期純利益５億円）の公表がされる前にアドバンスト株式の買付けをさせることにより、同人に利益を得させる目的をもって、伝達したものである。 課徴金納付命令対象者（１）は、上記重要事実の公表がされた平成３０年４月１８日午後０時頃より前の同日午前９時頃、アドバンスト株式合計２５００株を買付価額合計４５２万７５００円で買い付けたものである。 違反行為事実の概要については、 別図 のとおり。 課徴金納付命令対象者（２）が行った上記の行為は、金融商品取引法第１７５条の２第１項に規定する「第１６７条の２第１項の規定に違反して、同項の伝達をし、又は同項の売買等をすることを勧める」行為に該当すると認められる。 ３．課徴金の額の計算 上記の違反行為に対し、金融商品取引法に基づき納付を命じられる課徴金の額は、下記のとおりである。 課徴金納付命令対象者（１）６９万円 課徴金納付命令対象者（２）３４万円 計算方法の詳細については、 別紙 のとおり。 ４．その他 本件については、日本取引所自主規制法人より提供された情報を参考として、実態解明を行ったものである。 （別図） ○違反行為事実の概要について （クリックすると拡大されます） （別紙） ○課徴金の額の計算方法について １． 課徴金納付命令対象者（１）について （１）金融商品取引法第１７５条第１項第２号の規定により、当該有価証券の買付けについて、業務等に関する重要事実の公表がされた後２週間における最も高い価格（2,088円）に当該有価証券の買付けの数量を乗じて得た額から当該有価証券の買付けをした価格にその数量を乗じて得た額を控除した額。 （2,088円×2,500株） －（1,811円×2,500株） ＝692,500円 （２）金融商品取引法第１７６条第２項の規定により、上記（１）で計算した額の１万円未満の端数を切捨て。 ２． 課徴金納付命令対象者（２）について （１）金融商品取引法第１７５条の２第１項第３号の規定により、当該違反行為により当該情報受領者等が行った当該買付けによって得た利得相当額に２分の１を乗じて得た額。 利得相当額とは、同条第３項第２号の規定により、情報受領者等が特定有価証券等の買付けをした場合、当該特定有価証券等の買付けについて、業務等に関する重要事実の公表がされた後２週間における最も高い価格（2,088円）に当該特定有価証券等の買付けの数量を乗じて得た額から当該特定有価証券等の買付けをした価格にその数量を乗じて得た額を控除した額。 ｛（2,088円×2,500株） －（1,811円×2,500株）｝×1／2 ＝346,250円 （２）金融商品取引法第１７６条第２項の規定により、上記（１）で計算した額の１万円未満の端数を切捨て。",1
2017-10-09,株式会社神戸製鋼所社員２名による内部者取引,,株式会社神戸製鋼所社員２名による内部者取引に対する課徴金納付命令の勧告について,https://www.fsa.go.jp/sesc/news/c_2019/2019/20190621-2.html,"English version 令和元年6月21日 証券取引等監視委員会 株式会社神戸製鋼所社員２名による内部者取引に対する課徴金納付命令の勧告について １．勧告の内容 証券取引等監視委員会は、株式会社神戸製鋼所社員２名による内部者取引について検査した結果、下記のとおり法令違反の事実が認められたので、本日、内閣総理大臣及び金融庁長官に対して、金融庁設置法第２０条第１項の規定に基づき、課徴金納付命令を発出するよう勧告を行った。 ２．法令違反の事実関係 （１）課徴金納付命令対象者（１）について 課徴金納付命令対象者（１）は、株式会社神戸製鋼所（以下「神戸製鋼」という。）の社員であるが、その職務に関し、神戸製鋼のアルミ・銅事業部門において、顧客と取り交わした製品仕様を満たさない不適合製品を、検査結果の改ざん等を行うことにより、当該仕様に適合する製品として、出荷していたことが判明した旨の神戸製鋼の運営、業務又は財産に関する重要な事実であって投資者の投資判断に著しい影響を及ぼす事実を知りながら、上記事実の公表がされた平成２９年１０月９日より前の同月４日及び同月５日、自己の計算において、神戸製鋼株式合計６０００株を売付価額合計８０５万２０００円で売り付けたものである。 （２）課徴金納付命令対象者（２）について 課徴金納付命令対象者（２）は、神戸製鋼の社員であるが、その職務に関し、神戸製鋼のアルミ・銅事業部門において、顧客と取り交わした製品仕様を満たさない不適合製品を、検査結果の改ざん等を行うことにより、当該仕様に適合する製品として、出荷していたことが判明した旨の神戸製鋼の運営、業務又は財産に関する重要な事実であって投資者の投資判断に著しい影響を及ぼす事実を知りながら、上記事実の公表がされた平成２９年１０月９日より前の同月６日、自己の計算において、神戸製鋼株式合計２００株を売付価額合計２７万２６００円で売り付けたものである。 違反行為事実の概要については、 別図 のとおり。 課徴金納付命令対象者（１）及び（２）が行った上記の各行為は、金融商品取引法第１７５条第１項に規定する「第１６６条第１項又は第３項の規定に違反して、同条第１項に規定する売買等をした」行為に該当すると認められる。 ３．課徴金の額の計算 上記の各違反行為に対し、金融商品取引法に基づき納付を命じられる課徴金の額は、下記のとおりである。 課徴金納付命令対象者（１）３４０万円 課徴金納付命令対象者（２）　１１万円 計算方法の詳細については、 別紙 のとおり。 ４．その他 本件については、日本取引所自主規制法人より提供された情報も参考として、実態解明を行ったものである。 （別図） ○違反行為事実の概要について （クリックすると拡大されます） （別紙） ○課徴金の額の計算方法について １． 課徴金納付命令対象者（１）について （１）金融商品取引法第１７５条第１項第１号の規定により、当該有価証券の売付けについて、当該有価証券の売付けをした価格にその数量を乗じて得た額から業務等に関する重要事実の公表がされた後２週間における最も低い価格（774円）に当該有価証券の売付けの数量を乗じて得た額を控除した額。 （1,341円×3,000株＋1,343円×3,000株）－（774円×6,000株） ＝3,408,000円 （２）金融商品取引法第１７６条第２項の規定により、上記（１）で計算した額の１万円未満の端数を切捨て。 ２． 課徴金納付命令対象者（２）について （１）金融商品取引法第１７５条第１項第１号の規定により、当該有価証券の売付けについて、当該有価証券の売付けをした価格にその数量を乗じて得た額から業務等に関する重要事実の公表がされた後２週間における最も低い価格（774円）に当該有価証券の売付けの数量を乗じて得た額を控除した額。 （1,363円×200株）－（774円×200株） ＝117,800円 （２）金融商品取引法第１７６条第２項の規定により、上記（１）で計算した額の１万円未満の端数を切捨て。",1
令和元年6月20日,受託する証券会社・投資銀行,,「金融商品取引法における課徴金事例集～不公正取引編～」の公表について,https://www.fsa.go.jp/sesc/jirei/torichou/20190620.html,"令和元年６月２０日 証券取引等監視委員会 「金融商品取引法における課徴金事例集～不公正取引編～」の公表について 証券取引等監視委員会では、「金融商品取引法における課徴金事例集～不公正取引編～」について、 別紙 （PDF:3,289KB） のとおり取りまとめましたので、公表します。 本書は、証券取引等監視委員会（以下、「証券監視委」という。）が、平成30年4月から平成31年3月までの間に、金融商品取引法違反となる不公正取引に関し課徴金納付命令の勧告を行った事案の概要を取りまとめ、事例として紹介するものです。 本年度の事例集においては、全ての市場利用者がルールを守るための参考としていただけるよう、①勧告事案を分析した上で、事案の概要に留まらず、事案の意義・特徴を出来るだけ記載するとともに、②市場利用者の関心が高いと思われるテーマについては、インサイダー取引関連として「インサイダー取引規制における『公表』とは」「社内規程による自社株売買許可」、相場操縦関連として「大型株やデリバティブ取引による相場操縦」、さらに偽計関連として「フル板情報とは」等を監視委コラムとして新設しました。また、③見やすさ、分かりやすさを重視し、１事案を見開きページで掲載したほか、相場操縦についてはグラフ、表及び株価チャート等を活用し、偽計については「偽計事例に関する用語の説明」を設けるなど、複雑化する取引手法の可視化に努め、内容の充実を図りました。 証券監視委としては、不公正取引の未然防止という観点から、本書を、 （１）重要事実の発生源となる上場会社等におけるインサイダー取引管理態勢の一層の充実 （２）公開買付け等企業再編の当事者からフィナンシャル・アドバイザリー業務等を受託する証券会社・投資銀行等における重要事実等の情報管理の徹底 （３）証券市場のゲートキーパーとしての役割を担う証券会社における適正な売買審査の実施 のためにそれぞれ役立てていただくことを期待しています。 また、一般投資者におかれましても、不公正取引の疑いがある場合には、証券監視委による調査等の対象となり、法令違反が認められた場合には課徴金が課されることを十分にご理解いただければ幸いです。 本書が活用されることにより、全ての市場利用者による自己規律の強化、市場の公正性・透明性の確保及び投資者保護につながることを強く期待しています。 過去の課徴金事例集はこちら",1
2017-10-31,株式会社ＵＭＮファーマ,,株式会社ＵＭＮファーマとの契約締結交渉者の役員から伝達を受けた者による内部者取引及び当該役員による重要事実に係る伝達行為に対する課徴金納付命令の勧告について,https://www.fsa.go.jp/sesc/news/c_2019/2019/20190531-1.html,"English version 令和元年5月31日 証券取引等監視委員会 株式会社ＵＭＮファーマとの契約締結交渉者の役員から伝達を受けた者による内部者取引及び当該役員による重要事実に係る伝達行為に対する課徴金納付命令の勧告について １．勧告の内容 証券取引等監視委員会は、株式会社ＵＭＮファーマとの契約締結交渉者の役員から伝達を受けた者による内部者取引及び当該役員による重要事実に係る伝達行為について検査した結果、下記のとおり法令違反の事実が認められたので、本日、内閣総理大臣及び金融庁長官に対して、金融庁設置法第２０条第１項の規定に基づき、課徴金納付命令を発出するよう勧告を行った。 ２．法令違反の事実関係 （１）課徴金納付命令対象者（１）について 課徴金納付命令対象者（１）は、株式会社ＵＭＮファーマ（以下「ＵＭＮファーマ」という。）と、ＵＭＮファーマの資産等に関する契約の締結交渉をしていたＡ社の役員である課徴金納付命令対象者（２）から、同人がそれらの契約締結交渉に関し知った、ＵＭＮファーマの業務執行を決定する機関が、塩野義製薬株式会社との業務上の提携を行うことについての決定をした旨の重要事実の伝達を受けながら、上記重要事実の公表がされた平成２９年１０月３１日より前の同月３０日、自己の計算において、ＵＭＮファーマ株式合計４５００株を買付価額合計１３２万５５００円で買い付けたものである。 違反行為事実の概要については、 別図 のとおり。 課徴金納付命令対象者（１）が行った上記の行為は、金融商品取引法第１７５条第１項に規定する「第１６６条第１項又は第３項の規定に違反して、同条第１項に規定する売買等をした」行為に該当すると認められる。 （２）課徴金納付命令対象者（２）について 課徴金納付命令対象者（２）は、Ａ社の役員であるが、同人が、ＵＭＮファーマとの、ＵＭＮファーマの資産等に関する契約の締結交渉に関し知った、ＵＭＮファーマの業務執行を決定する機関が、塩野義製薬株式会社との業務上の提携を行うことについての決定をした旨の重要事実を、課徴金納付命令対象者（１）に対し、上記重要事実の公表がされる前にＵＭＮファーマ株式の買付けをさせることにより、同人に利益を得させる目的をもって、伝達したものである。 課徴金納付命令対象者（１）は、上記重要事実の公表がされた平成２９年１０月３１日より前の同月３０日、ＵＭＮファーマ株式合計４５００株を買付価額合計１３２万５５００円で買い付けたものである。 違反行為事実の概要については、 別図 のとおり。 課徴金納付命令対象者（２）が行った上記の行為は、金融商品取引法第１７５条の２第１項に規定する「第１６７条の２第１項の規定に違反して、同項の伝達をし、又は同項の売買等をすることを勧める」行為に該当すると認められる。 ３．課徴金の額の計算 上記の違反行為に対し、金融商品取引法に基づき納付を命じられる課徴金の額は、下記のとおりである。 課徴金納付命令対象者（１）２６７万円 課徴金納付命令対象者（２）１３３万円 計算方法の詳細については、 別紙 のとおり。 ４．その他 本件については、日本取引所自主規制法人より提供された情報も参考として、実態解明を行ったものである。 （別図） ○違反行為事実の概要について （クリックすると拡大されます） （別紙） ○課徴金の額の計算方法について １． 課徴金納付命令対象者（１）について （１）金融商品取引法第１７５条第１項第２号の規定により、当該有価証券の買付けについて、業務等に関する重要事実の公表がされた後２週間における最も高い価格（888円）に当該有価証券の買付けの数量を乗じて得た額から当該有価証券の買付けをした価格にその数量を乗じて得た額を控除した額。 （888円×4,500株） －（294円×2,000株＋295円×2,500株） ＝2,670,500円 （２）金融商品取引法第１７６条第２項の規定により、上記（１）で計算した額の１万円未満の端数を切捨て。 ２． 課徴金納付命令対象者（２）について （１）金融商品取引法第１７５条の２第１項第３号の規定により、当該違反行為により当該情報受領者等が行った当該買付けによって得た利得相当額に２分の１を乗じて得た額。 利得相当額とは、同条第３項第２号の規定により、情報受領者等が特定有価証券等の買付けをした場合、当該特定有価証券等の買付けについて、業務等に関する重要事実の公表がされた後２週間における最も高い価格（888円）に当該特定有価証券等の買付けの数量を乗じて得た額から当該特定有価証券等の買付けをした価格にその数量を乗じて得た額を控除した額。 ｛（888円×4,500株） －（294円×2,000株＋295円×2,500株）｝×1／2 ＝1,335,250円 （２）金融商品取引法第１７６条第２項の規定により、上記（１）で計算した額の１万円未満の端数を切捨て。",1
2019-03-15,株式会社アサツーディ・ケイ,,株式会社アサツーディ・ケイ社員から伝達を受けた者による内部者取引に対する課徴金納付命令の勧告について,https://www.fsa.go.jp/sesc/news/c_2019/2019/20190315-1.html,"English version 平成31年3月15日 証券取引等監視委員会 株式会社アサツーディ・ケイ社員から伝達を受けた者による内部者取引に対する課徴金納付命令の勧告について １．勧告の内容 証券取引等監視委員会は、株式会社アサツーディ・ケイ社員から伝達を受けた者による内部者取引について検査した結果、下記のとおり法令違反の事実が認められたので、本日、内閣総理大臣及び金融庁長官に対して、金融庁設置法第２０条第１項の規定に基づき、課徴金納付命令を発出するよう勧告を行った。 ２．法令違反の事実関係 課徴金納付命令対象者は、株式会社アサツーディ・ケイ（以下「アサツー」という。平成３０年３月１６日付上場廃止、平成３１年１月１日「株式会社ＡＤＫマーケティング・ソリューションズ」に商号変更。）に勤務していた社員甲から、同人がその職務に関し知った、英領ケイマン諸島籍の有限責任組合ＢＣＰＥ Ｍａｄｉｓｏｎ Ｃａｙｍａｎ，Ｌ．Ｐ．（以下「ＢＣＭ」という。）の業務執行を決定する機関が、アサツー株式の公開買付けを行うことについての決定をした旨の公開買付けの実施に関する事実の伝達を受けながら、上記事実の公表がされた平成２９年１０月２日より前の同年９月２７日、自己の計算において、アサツー株式合計３００株を買付価額合計９４万８０００円で買い付けたものである。 なお、上記公開買付けの実施に関する事実は、ＢＣＭからアサツーの役員らがその職務に関し伝達を受け、社員甲がその職務に関し知ったものである。 違反行為事実の概要については、 別図 のとおり。 課徴金納付命令対象者が行った上記の行為は、金融商品取引法第１７５条第２項に規定する「第１６７条第１項又は第３項の規定に違反して、同条第１項に規定する特定株券等若しくは関連株券等に係る買付け等」をした行為に該当すると認められる。 ３．課徴金の額の計算 上記の違反行為に対し、金融商品取引法に基づき納付を命じられる課徴金の額は、２４万円である。 計算方法の詳細については、 別紙 のとおり。 ４．その他 社員甲については、平成３０年１０月３０日、アサツー株式に係る内部者取引及び課徴金納付命令対象者に対する情報伝達行為等の嫌疑で、東京地方検察庁に告発済みである。 （別図） ○違反行為事実の概要について （クリックすると拡大されます） （別紙） 〇課徴金の額の計算について (1) 金融商品取引法第１７５条第２項第２号の規定により、当該有価証券の買付けについて、公開買付け等の実施に関する事実の公表がされた後２週間における最も高い価格（3,980円）に当該有価証券の買付けの数量を乗じて得た額から当該有価証券の買付けをした価格にその数量を乗じて得た額を控除した額。 （3,980円×300株）－（3,160円×300株） ＝246,000円 (2) 金融商品取引法第１７６条第２項の規定により、上記(1)で計算した額の１万円未満の端数を切捨て。",1
2019-03-15,株式会社エストラスト役員から伝達,,株式会社エストラスト役員から伝達を受けた者２名による内部者取引及び当該役員による公開買付けの実施に係る伝達行為に対する課徴金納付命令の勧告について,https://www.fsa.go.jp/sesc/news/c_2019/2019/20190315-2.html,"English version 平成31年3月15日 証券取引等監視委員会 株式会社エストラスト役員から伝達を受けた者２名による内部者取引及び当該役員による公開買付けの実施に関する事実に係る伝達行為に対する課徴金納付命令の勧告について １．勧告の内容 証券取引等監視委員会は、株式会社エストラスト役員から伝達を受けた者２名による内部者取引及び当該役員による公開買付けの実施に関する事実に係る伝達行為について検査した結果、下記のとおり法令違反の事実が認められたので、本日、内閣総理大臣及び金融庁長官に対して、金融庁設置法第２０条第１項の規定に基づき、課徴金納付命令を発出するよう勧告を行った。 ２．法令違反の事実関係 （１）課徴金納付命令対象者（１）について 課徴金納付命令対象者（１）は、株式会社エストラスト（以下「エストラスト」という。）の役員である課徴金納付命令対象者（３）から、同人がその職務に関し、西部瓦斯株式会社（以下「西部ガス」という。）からの伝達により知った、西部ガスの業務執行を決定する機関が、エストラスト株式の公開買付けを行うことについての決定をした旨の公開買付けの実施に関する事実の伝達を受けながら、上記事実の公表がされた平成２９年１月２３日より前の平成２８年１１月２４日、自己の計算において、エストラスト株式合計１万６７００株を買付価額合計９９８万３２００円で買い付けたものである。 違反行為事実の概要については、 別図 のとおり。 課徴金納付命令対象者が行った上記の行為は、金融商品取引法第１７５条第２項に規定する「第１６７条第１項又は第３項の規定に違反して、同条第１項に規定する特定株券等若しくは関連株券等に係る買付け等」をした行為に該当すると認められる。 （２）課徴金納付命令対象者（２）について 課徴金納付命令対象者（２）は、エストラストの役員である課徴金納付命令対象者（３）から、同人がその職務に関し、西部ガスからの伝達により知った、西部ガスの業務執行を決定する機関が、エストラスト株式の公開買付けを行うことについての決定をした旨の公開買付けの実施に関する事実の伝達を受けながら、上記事実の公表がされた平成２９年１月２３日より前の同年１月２０日、自己の計算において、エストラスト株式合計１０００株を買付価額合計６７万４１００円で買い付けたものである。 違反行為事実の概要については、 別図 のとおり。 課徴金納付命令対象者が行った上記の行為は、金融商品取引法第１７５条第２項に規定する「第１６７条第１項又は第３項の規定に違反して、同条第１項に規定する特定株券等若しくは関連株券等に係る買付け等」をした行為に該当すると認められる。 （３）課徴金納付命令対象者（３）について 課徴金納付命令対象者（３）は、エストラストの役員であるが、同人がその職務に関し、西部ガスからの伝達により知った、西部ガスの業務執行を決定する機関が、エストラスト株式の公開買付けを行うことについての決定をした旨の公開買付けの実施に関する事実を、課徴金納付命令対象者（１）に対し、上記公開買付けの実施に関する事実の公表がされる前にエストラスト株式の買付けをさせることにより、同人に利益を得させる目的をもって、伝達したものである。 課徴金納付命令対象者（１）は、上記事実が公表された平成２９年１月２３日より前の平成２８年１１月２４日、自己の計算において、エストラスト株式合計１万６７００株を買付価額合計９９８万３２００円で買い付けたものである。 違反行為事実の概要については、 別図 のとおり。 課徴金納付命令対象者が行った上記の行為は、金融商品取引法第１７５条の２第２項に規定する「第１６７条の２第２項の規定に違反して、同項の伝達をし、又は同項の買付け等若しくは売付け等をすることを勧める」行為に該当すると認められる。 ３．課徴金の額の計算 上記の違反行為に対し、金融商品取引法に基づき納付を命じられる課徴金の額は、下記のとおりである。 課徴金納付命令対象者（１）３０９万円 課徴金納付命令対象者（２）　１０万円 課徴金納付命令対象者（３）１５４万円 計算方法の詳細については、 別紙 のとおり。 ４．その他 本件については、日本取引所自主規制法人より提供された情報も参考として、実態解明を行ったものである。 （別図） ○違反行為事実の概要について （クリックすると拡大されます） （別紙） ○課徴金の額の計算方法について １． 課徴金納付命令対象者（１）について （１）金融商品取引法第１７５条第２項第２号の規定により、当該有価証券の買付けについて、公開買付け等の実施に関する事実の公表がされた後２週間における最も高い価格（783円）に当該有価証券の買付けの数量を乗じて得た額から当該有価証券の買付けをした価格にその数量を乗じて得た額を控除した額。 （783円×16,700株） －（590円×100株＋591円×3,700株＋592円×500株＋593円×700株 ＋594円×400株＋595円×2,600株＋596円×400株＋597円×300株 ＋598円×200株＋599円×500株＋600円×1,600株＋602円×800株 ＋603円×900株＋604円×800株＋605円×2,200株＋606円×400株 ＋607円×500株＋608円×100株） ＝3,092,900円 （２）金融商品取引法第１７６条第２項の規定により、上記（１）で計算した額の１万円未満の端数を切捨て。 ２． 課徴金納付命令対象者（２）について （１）金融商品取引法第１７５条第２項第２号の規定により、当該有価証券の買付けについて、公開買付け等の実施に関する事実の公表がされた後２週間における最も高い価格（783円）に当該有価証券の買付けの数量を乗じて得た額から当該有価証券の買付けをした価格にその数量を乗じて得た額を控除した額。 （783円×1,000株） －（674円×900株＋675円×100株） ＝108,900円 （２）金融商品取引法第１７６条第２項の規定により、上記（１）で計算した額の１万円未満の端数を切捨て。 ３． 課徴金納付命令対象者（３）について （１）金融商品取引法第１７５条の２第２項第３号の規定により、当該違反行為により当該情報受領者等が行った当該買付けによって得た利得相当額に２分の１を乗じて得た額。 利得相当額とは、同条第４項第２号の規定により、情報受領者等が株券等の買付けをした場合、当該株券等の買付けについて、公開買付け等の実施に関する事実の公表がされた後２週間における最も高い価格（783円）に当該株券等の買付けの数量を乗じて得た額から当該株券等の買付けをした価格にその数量を乗じて得た額を控除した額。 ｛（783円×16,700株） －（590円×100株＋591円×3,700株＋592円×500株＋593円×700株 ＋594円×400株＋595円×2,600株＋596円×400株＋597円×300株 ＋598円×200株＋599円×500株＋600円×1,600株＋602円×800株 ＋603円×900株＋604円×800株＋605円×2,200株＋606円×400株 ＋607円×500株＋608円×100株）｝×1／2 ＝1,546,450円 （２）金融商品取引法第１７６条第２項の規定により、上記（１）で計算した額の１万円未満の端数を切捨て。",1
2019-03-01,タカタ株式会社,,タカタ株式会社社員による内部者取引に対する課徴金納付命令の勧告について,https://www.fsa.go.jp/sesc/news/c_2019/2019/20190301-1.html,"English version 平成31年3月1日 証券取引等監視委員会 タカタ株式会社社員による内部者取引に対する課徴金納付命令の勧告について １．勧告の内容 証券取引等監視委員会は、タカタ株式会社社員による内部者取引について検査した結果、下記のとおり法令違反の事実が認められたので、本日、内閣総理大臣及び金融庁長官に対して、金融庁設置法第２０条第１項の規定に基づき、課徴金納付命令を発出するよう勧告を行った。 ２．法令違反の事実関係 （１）課徴金納付命令対象者（１）について 課徴金納付命令対象者（１）は、タカタ株式会社（以下「タカタ」という。平成２９年７月２７日上場廃止、平成３０年６月２１日ＴＫＪＰに商号変更。）の社員であったが、同人がその職務に関し、タカタの業務執行を決定する機関が、キー・セイフティー・システムズ社（以下「ＫＳＳ」という。）に対し事業譲渡を行うことについての決定をした旨の重要事実を知りながら、上記事実の公表がされた平成２９年６月２６日より前の同月１２日、自己の計算において、タカタ株式合計４１００株を売付価額合計１９７万６２００円で売り付けたものである。 （２）課徴金納付命令対象者（２）について 課徴金納付命令対象者（２）は、タカタの社員であったが、同人がその職務に関し、タカタの業務執行を決定する機関が、ＫＳＳに対し事業譲渡を行うことについての決定をした旨の重要事実を知りながら、上記事実の公表がされた平成２９年６月２６日より前の同年５月１９日及び同年６月２日、自己の計算において、タカタ株式合計４００株を売付価額合計１９万１５００円で売り付けたものである。 （３）課徴金納付命令対象者（３）について 課徴金納付命令対象者（３）は、タカタの社員であったが、同人がその職務に関し、タカタの業務執行を決定する機関が、ＫＳＳに対し事業譲渡を行うことについての決定をした旨の重要事実を知りながら、上記事実の公表がされた平成２９年６月２６日より前の同月６日、自己の計算において、タカタ株式合計４００株を売付価額合計１９万４０００円で売り付けたものである。 （４）課徴金納付命令対象者（４）について 課徴金納付命令対象者（４）は、タカタの社員であったが、同人がその職務に関し、タカタの業務執行を決定する機関が、ＫＳＳに対し事業譲渡を行うことについての決定をした旨の重要事実を知りながら、上記事実の公表がされた平成２９年６月２６日より前の同年５月１１日、自己の計算において、タカタ株式合計２８００株を売付価額合計１１４万８０００円で売り付けたものである。 （５）課徴金納付命令対象者（５）について 課徴金納付命令対象者（５）は、タカタの社員であったが、同人がその職務に関し、タカタの業務執行を決定する機関が、ＫＳＳに対し事業譲渡を行うことについての決定をした旨の重要事実を知りながら、上記事実の公表がされた平成２９年６月２６日より前の同年５月１１日、自己の計算において、タカタ株式合計３６００株を売付価額合計１４８万３２００円で売り付けたものである。 （６）課徴金納付命令対象者（６）について 課徴金納付命令対象者（６）は、タカタの社員であったが、同人がその職務に関し、タカタの業務執行を決定する機関が、ＫＳＳに対し事業譲渡を行うことについての決定をした旨の重要事実を知りながら、上記事実の公表がされた平成２９年６月２６日より前の同年５月１７日、自己の計算において、タカタ株式合計４００株を売付価額合計１６万１６００円で売り付けたものである。 （７）課徴金納付命令対象者（７）について 課徴金納付命令対象者（７）は、タカタの社員であったが、同人がその職務に関し、タカタの業務執行を決定する機関が、民事再生手続開始の申立てを行うことについての決定をした旨の重要事実を知りながら、上記事実の公表がされた平成２９年６月２６日より前の同年５月１９日及び同年６月１日、自己の計算において、タカタ株式合計３６００株を売付価額合計１６２万２５００円で売り付けたものである。 （８）課徴金納付命令対象者（８）について 課徴金納付命令対象者（８）は、タカタの社員であったが、同人がその職務に関し、タカタの業務執行を決定する機関が、民事再生手続開始の申立てを行うことについての決定をした旨の重要事実を知りながら、上記事実の公表がされた平成２９年６月２６日より前の同月１３日、自己の計算において、タカタ株式合計１０００株を売付価額合計４８万７０００円で売り付けたものである。 （９）課徴金納付命令対象者（９）について 課徴金納付命令対象者（９）は、タカタの社員であったが、同人がその職務に関し、タカタの業務執行を決定する機関が、民事再生手続開始の申立てを行うことについての決定をした旨の重要事実を知りながら、上記事実の公表がされた平成２９年６月２６日より前の同月１２日、自己の計算において、タカタ株式合計１６００株を売付価額合計７９万２０００円で売り付けたものである。 各違反行為事実の概要については、 別図 のとおり。 課徴金納付命令対象者（１）ないし（９）が行った上記の各行為は、金融商品取引法第１７５条第１項に規定する「第１６６条第１項又は第３項の規定に違反して、同条第１項に規定する売買等をした」行為に該当すると認められる。 ３．課徴金の額の計算 上記の各違反行為に対し、金融商品取引法に基づき納付を命じられる課徴金の額は、下記のとおりである。 課徴金納付命令対象者（１）１９１万円 課徴金納付命令対象者（２）　１８万円 課徴金納付命令対象者（３）　１８万円 課徴金納付命令対象者（４）１１０万円 課徴金納付命令対象者（５）１４２万円 課徴金納付命令対象者（６）　１５万円 課徴金納付命令対象者（７）１５６万円 課徴金納付命令対象者（８）　４７万円 課徴金納付命令対象者（９）　７６万円 計算方法の詳細については、 別紙 のとおり。 ４．その他 本件については、日本取引所自主規制法人より提供された情報も参考として、実態解明を行ったものである。 （別図） ○違反行為事実の概要について （クリックすると拡大されます） （別紙） ○課徴金の額の計算方法について １． 課徴金納付命令対象者（１）について （１）金融商品取引法第１７５条第１項第１号の規定により、当該有価証券の売付けについて、当該有価証券の売付けをした価格にその数量を乗じて得た額から業務等に関する重要事実の公表がされた後２週間における最も低い価格（15円）に当該有価証券の売付けの数量を乗じて得た額を控除した額。 （482円×4,100株）－（15円×4,100株） ＝1,914,700円 （２）金融商品取引法第１７６条第２項の規定により、上記（１）で計算した額の１万円未満の端数を切捨て。 ２． 課徴金納付命令対象者（２）について （１）金融商品取引法第１７５条第１項第１号の規定により、当該有価証券の売付けについて、当該有価証券の売付けをした価格にその数量を乗じて得た額から業務等に関する重要事実の公表がされた後２週間における最も低い価格（15円）に当該有価証券の売付けの数量を乗じて得た額を控除した額。 （475円×300株＋490円×100株）－（15円×400株） ＝185,500円 （２）金融商品取引法第１７６条第２項の規定により、上記（１）で計算した額の１万円未満の端数を切捨て。 ３． 課徴金納付命令対象者（３）について （１）金融商品取引法第１７５条第１項第１号の規定により、当該有価証券の売付けについて、当該有価証券の売付けをした価格にその数量を乗じて得た額から業務等に関する重要事実の公表がされた後２週間における最も低い価格（15円）に当該有価証券の売付けの数量を乗じて得た額を控除した額。 （485円×400株）－（15円×400株） ＝188,000円 （２）金融商品取引法第１７６条第２項の規定により、上記（１）で計算した額の１万円未満の端数を切捨て。 ４． 課徴金納付命令対象者（４）について （１）金融商品取引法第１７５条第１項第１号の規定により、当該有価証券の売付けについて、当該有価証券の売付けをした価格にその数量を乗じて得た額から業務等に関する重要事実の公表がされた後２週間における最も低い価格（15円）に当該有価証券の売付けの数量を乗じて得た額を控除した額。 （410円×2,800株）－（15円×2,800株） ＝1,106,000円 （２）金融商品取引法第１７６条第２項の規定により、上記（１）で計算した額の１万円未満の端数を切捨て。 ５． 課徴金納付命令対象者（５）について （１）金融商品取引法第１７５条第１項第１号の規定により、当該有価証券の売付けについて、当該有価証券の売付けをした価格にその数量を乗じて得た額から業務等に関する重要事実の公表がされた後２週間における最も低い価格（15円）に当該有価証券の売付けの数量を乗じて得た額を控除した額。 （412円×3,600株）－（15円×3,600株） ＝1,429,200円 （２）金融商品取引法第１７６条第２項の規定により、上記（１）で計算した額の１万円未満の端数を切捨て。 ６． 課徴金納付命令対象者（６）について （１）金融商品取引法第１７５条第１項第１号の規定により、当該有価証券の売付けについて、当該有価証券の売付けをした価格にその数量を乗じて得た額から業務等に関する重要事実の公表がされた後２週間における最も低い価格（15円）に当該有価証券の売付けの数量を乗じて得た額を控除した額。 （404円×400株）－（15円×400株） ＝155,600円 （２）金融商品取引法第１７６条第２項の規定により、上記（１）で計算した額の１万円未満の端数を切捨て。 ７． 課徴金納付命令対象者（７）について （１）金融商品取引法第１７５条第１項第１号の規定により、当該有価証券の売付けについて、当該有価証券の売付けをした価格にその数量を乗じて得た額から業務等に関する重要事実の公表がされた後２週間における最も低い価格（15円）に当該有価証券の売付けの数量を乗じて得た額を控除した額。 （409円×1,700株＋488円×1,900株）－（15円×3,600株） ＝1,568,500円 （２）金融商品取引法第１７６条第２項の規定により、上記（１）で計算した額の１万円未満の端数を切捨て。 ８． 課徴金納付命令対象者（８）について （１）金融商品取引法第１７５条第１項第１号の規定により、当該有価証券の売付けについて、当該有価証券の売付けをした価格にその数量を乗じて得た額から業務等に関する重要事実の公表がされた後２週間における最も低い価格（15円）に当該有価証券の売付けの数量を乗じて得た額を控除した額。 （487円×1,000株）－（15円×1,000株） ＝472,000円 （２）金融商品取引法第１７６条第２項の規定により、上記（１）で計算した額の１万円未満の端数を切捨て。 ９． 課徴金納付命令対象者（９）について （１）金融商品取引法第１７５条第１項第１号の規定により、当該有価証券の売付けについて、当該有価証券の売付けをした価格にその数量を乗じて得た額から業務等に関する重要事実の公表がされた後２週間における最も低い価格（15円）に当該有価証券の売付けの数量を乗じて得た額を控除した額。 （495円×1,600株）－（15円×1,600株） ＝768,000円 （２）金融商品取引法第１７６条第２項の規定により、上記（１）で計算した額の１万円未満の端数を切捨て。",1
2019-01-11,夢展望株式会社,3185,夢展望株式会社との契約締結者の社員から伝達を受けた者による内部者取引に対する課徴金納付命令の勧告について,https://www.fsa.go.jp/sesc/news/c_2019/2019/20190111-2.html,"English version 平成31年1月11日 証券取引等監視委員会 夢展望株式会社との契約締結者の社員から伝達を受けた者による内部者取引に対する課徴金納付命令の勧告について １．勧告の内容 証券取引等監視委員会は、夢展望株式会社との契約締結者の社員から伝達を受けた者による内部者取引について検査した結果、下記のとおり法令違反の事実が認められたので、本日、内閣総理大臣及び金融庁長官に対して、金融庁設置法第２０条第１項の規定に基づき、課徴金納付命令を発出するよう勧告を行った。 ２．法令違反の事実関係 課徴金納付命令対象者は、夢展望株式会社（以下「夢展望」という。）と業務委託契約を締結しているＡ社に勤務していた社員甲から、同人が、Ａ社と夢展望との同契約の履行に関し知った、夢展望の平成２８年４月１日から平成２９年３月３１日までの事業年度（以下「平成２９年３月期」という。）の個別経常利益及び個別当期純利益について、平成２８年５月１３日に公表がされた前事業年度の実績値（個別経常損失３億７８００万円、個別当期純損失５億７０００万円）に比較して、平成２９年３月期の決算において、投資者の投資判断に及ぼす影響が重要なものとなる差異が生じた旨の重要事実の伝達を受けながら、平成２９年３月期の決算値（個別経常損失１億８３００万円、個別当期純損失１億８４００万円）の公表がされた平成２９年５月１６日より前の同月８日から同月１５日の間に、自己の計算において、夢展望株式合計５００株を買付価額合計３５万１２００円で買い付けたものである。 違反行為事実の概要については、 別図 のとおり。 課徴金納付命令対象者が行った上記の行為は、金融商品取引法第１７５条第１項に規定する「第１６６条第１項又は第３項の規定に違反して、同条第１項に規定する売買等をした」行為に該当すると認められる。 ３．課徴金の額の計算 上記の違反行為に対し金融商品取引法に基づき納付を命じられる課徴金の額は、９５万円である。 計算方法の詳細については、 別紙 のとおり。 ４．その他 本件については、日本取引所自主規制法人より提供された情報も参考として、実態解明を行ったものである。 （別図） ○違反行為事実の概要について （クリックすると拡大されます） （別紙） 〇課徴金の額の計算について (1) 金融商品取引法第１７５条第１項第２号の規定により、当該有価証券の買付けについて、業務等に関する重要事実の公表がされた後２週間における最も高い価格（2,610円）に当該有価証券の買付けの数量を乗じて得た額から当該有価証券の買付けをした価格にその数量を乗じて得た額を控除した額。 （2,610円×500株） －（682円×100株＋703円×200株＋709円×100株＋715円×100株） ＝953,800円 (2) 金融商品取引法第１７６条第２項の規定により、上記(1)で計算した額の１万円未満の端数を切捨て。",1
2020-10-20,ソフトマックス株式会社,3671,ソフトマックス株式会社の役員から伝達を受けた者による内部者取引に対する課徴金納付命令の勧告について,https://www.fsa.go.jp/sesc/news/c_2020/2020/20201020-1.html,"English version 令和2年10月20日 証券取引等監視委員会 ソフトマックス株式会社の役員から伝達を受けた者による内部者取引に対する課徴金納付命令の勧告について １．勧告の内容 証券取引等監視委員会は、ソフトマックス株式会社の役員から伝達を受けた者による内部者取引について検査した結果、下記のとおり法令違反の事実が認められたので、本日、内閣総理大臣及び金融庁長官に対して、金融庁設置法第２０条第１項の規定に基づき、課徴金納付命令を発出するよう勧告を行った。 ２．法令違反の事実関係 課徴金納付命令対象者は、ソフトマックス株式会社（以下「ソフトマックス」という。）の役員から、同人がその職務に関し知った、ソフトマックスの業務執行を決定する機関が、株式の分割を行うことについての決定をした旨の重要事実の伝達を受けながら、前記重要事実が公表された令和元年６月７日午後３時頃より前の同日午前１１時８分頃、自己の計算において、ソフトマックス株式合計１７５株を買付価額合計４７万６６７５円で買い付けたものである。 違反行為事実の概要については、 別図 のとおり。 課徴金納付命令対象者が行った上記の行為は、金融商品取引法第１７５条第１項に規定する「第１６６条第１項又は第３項の規定に違反して、同条第１項に規定する売買等をした」行為に該当すると認められる。 ３．課徴金の額の計算 上記の違反行為に対し、金融商品取引法に基づき納付を命じられる課徴金の額は、２７万円である。 計算方法の詳細については、 別紙 のとおり。 ４．その他 本件については、日本取引所自主規制法人より提供された情報も参考として、実態解明を行ったものである。 （別図） ○違反行為事実の概要について （クリックすると拡大されます） （別紙） 〇課徴金の額の計算について (1) 金融商品取引法第１７５条第１項第２号の規定により、当該有価証券の買付けについて、業務等に関する重要事実の公表がされた後２週間における最も高い価格（4,280円）に自己の計算による当該有価証券の買付けの数量 注１ を乗じて得た額から、当該有価証券の買付けをした価格にその数量を乗じて得た額を控除した額。 （4,280円×175株 注１ ） －｛（2,710円×100株＋2,715円×100株＋2,718円×100株＋2,727円×100株＋2,728円×100株＋2,729円×100株＋2,740円×100株）×（175株／700株）｝ ＝272,325円 （注１）自己の計算による買付けの数量は、自己及び自己以外の者の計算による買付けの数量700株に、自己の計算による買付けの額476,675円／自己及び自己以外の者の計算による買付けの額1,906,700円を乗じて得た数量（175株）。 (2) 金融商品取引法第１７６条第２項の規定により、上記(1)で計算した額の１万円未満の端数を切捨て。",1
2020-09-11,北川工業株式会社,,公開買付者の役員から伝達を受けた者及び公開買付者との契約締結者から伝達を受けた者による北川工業株式会社株式に係る内部者取引に対する課徴金納付命令の勧告について,https://www.fsa.go.jp/sesc/news/c_2020/2020/20200911-1.html,"English version 令和２年９月１１日 証券取引等監視委員会 公開買付者の役員から伝達を受けた者及び公開買付者との契約締結者から伝達を受けた者による北川工業株式会社株式に係る内部者取引に対する課徴金納付命令の勧告について １．勧告の内容 証券取引等監視委員会は、公開買付者の役員から伝達を受けた者及び公開買付者との契約締結者から伝達を受けた者による北川工業株式会社株式に係る内部者取引について検査した結果、下記のとおり法令違反の事実が認められたので、本日、内閣総理大臣及び金融庁長官に対して、金融庁設置法第２０条第１項の規定に基づき、課徴金納付命令を発出するよう勧告を行った。 ２．法令違反の事実関係 （１）課徴金納付命令対象者（１）について 課徴金納付命令対象者（１）は、日東工業株式会社（以下「日東工業」という。）の役員である甲から、同人がその職務に関し知った、日東工業の業務執行を決定する機関が、北川工業株式会社（以下「北川工業」という。平成３１年３月２２日上場廃止）株式の公開買付けを行うことについての決定をした旨の公開買付けの実施に関する事実の伝達を受けながら、前記事実が公表された平成３０年１１月５日より前の同月１日、自己の計算において、北川工業株式合計１０００株を買付価額合計１５６万３６００円で買い付けたものである。 違反行為事実の概要については、 別図 のとおり。 課徴金納付命令対象者（１）が行った上記の行為は、金融商品取引法第１７５条第２項に規定する「第１６７条第１項又は第３項の規定に違反して、同条第１項に規定する特定株券等若しくは関連株券等に係る買付け等」をした行為に該当すると認められる。 （２）課徴金納付命令対象者（２）について 課徴金納付命令対象者（２）は、日東工業と、文書開示に係る契約を締結していたＡ社に社員として勤務していた乙から、同人がその契約の締結に関し知った、日東工業の業務執行を決定する機関が、北川工業株式の公開買付けを行うことについての決定をした旨の公開買付けの実施に関する事実の伝達を受けながら、前記事実が公表された平成３０年１１月５日より前の同年１０月３１日及び同年１１月１日に、自己の計算において、北川工業株式合計１０００株を買付価額合計１５３万５０００円で買い付けたものである。 違反行為事実の概要については、 別図 のとおり。 課徴金納付命令対象者（２）が行った上記の行為は、金融商品取引法第１７５条第２項に規定する「第１６７条第１項又は第３項の規定に違反して、同条第１項に規定する特定株券等若しくは関連株券等に係る買付け等」をした行為に該当すると認められる。 ３．課徴金の額の計算 上記の違反行為に対し、金融商品取引法に基づき納付を命じられる課徴金の額は、下記のとおりである。 課徴金納付命令対象者（１）２３５万円 課徴金納付命令対象者（２）２３８万円 計算方法の詳細については、 別紙 のとおり。 ４．その他 本件については、名古屋証券取引所より提供された情報も参考として、実態解明を行ったものである。 （別図） ○違反行為事実の概要について （クリックすると拡大されます） （別紙） ○課徴金の額の計算方法について １． 課徴金納付命令対象者（１）について （１）金融商品取引法第１７５条第２項第２号の規定により、当該有価証券の買付けについて、公開買付け等の実施に関する事実の公表がされた後２週間における最も高い価格（3,920円）に当該有価証券の買付けの数量を乗じて得た額から当該有価証券の買付けをした価格にその数量を乗じて得た額を控除した額。 （3,920円×1,000株） －（1,558円×600株＋1,560円×100株＋1,575円×200株＋1,578円×100株） ＝2,356,400円 （２）金融商品取引法第１７６条第２項の規定により、上記（１）で計算した額の１万円未満の端数を切捨て。 ２． 課徴金納付命令対象者（２）について （１）金融商品取引法第１７５条第２項第２号の規定により、当該有価証券の買付けについて、公開買付け等の実施に関する事実の公表がされた後２週間における最も高い価格（3,920円）に当該有価証券の買付けの数量を乗じて得た額から当該有価証券の買付けをした価格にその数量を乗じて得た額を控除した額。 （3,920円×1,000株） －（1,515円×500株＋1,555円×500株） ＝2,385,000円 （２）金融商品取引法第１７６条第２項の規定により、上記（１）で計算した額の１万円未満の端数を切捨て。",1
2020-06-24,受託する証券会社・投資銀行,,「金融商品取引法における課徴金事例集～不公正取引編～」の公表について,https://www.fsa.go.jp/sesc/jirei/torichou/20200624.html,"令和２年６月２4日 証券取引等監視委員会 「金融商品取引法における課徴金事例集～不公正取引編～」の公表について 証券取引等監視委員会では、「金融商品取引法における課徴金事例集～不公正取引編～」について、 別紙 （PDF:4,595KB） のとおり取りまとめましたので、公表します。 本書は、証券取引等監視委員会（以下、「証券監視委」という。）が、平成31年4月から令和2年3月までの間に、金融商品取引法違反となる不公正取引に関し課徴金納付命令の勧告を行った事案の概要を取りまとめ、事例として紹介するものです。 本年度の事例集においては、引き続き、すべての市場利用者がルールを守るための参考となるよう、勧告事案を分析した上で、事案の意義・特徴を出来るだけ記載するとともに、見やすさ、分かりやすさを重視し、1事案を見開きページで掲載したほか、相場操縦についてはグラフ、表及び株価チャート等を活用し複雑化する取引手法の可視化に努めたことに加えて、①近年勧告件数が多い、情報伝達・取引推奨規制を説明するイメージ図の新設や、②市場利用者の関心が高いと思われるテーマとして掲載している監視委コラムのうち、インサイダー取引関連について「インサイダー取引規制における『業務執行を決定する機関』や『決定』の意義とは」「社内における業績修正情報の管理は、特に注意！」「組織としての情報管理の問題か、属人的な問題か？」等を掲載するなど内容の充実を図りました。 証券監視委としては、不公正取引の未然防止という観点から、本書を、 （１）重要事実等の発生源となる上場会社等におけるインサイダー取引管理態勢の一層の充実 （２）公開買付け等企業再編の当事者からフィナンシャル・アドバイザリー業務等を受託する証券会社・投資銀行等における重要事実等の情報管理の徹底 （３）証券市場のゲートキーパーとしての役割を担う証券会社における適正な売買審査の実施 のためにそれぞれ役立てていただくことを期待しています。 また、一般投資者におかれても、不公正取引の疑いがある場合には、証券監視委による調査等の対象となり、法令違反が認められた場合には課徴金が課されることを十分にご理解いただければ幸いです。 本書が活用されることにより、すべての市場利用者による自己規律の強化、市場の公正性・透明性の確保及び投資者保護につながることを強く期待しています。 過去の課徴金事例集はこちら",1
2020-06-18,,,令和元年度「証券取引等監視委員会の活動状況」の公表について,https://www.fsa.go.jp/sesc/reports/n_2019/n_2019.html,"令和２年６月18日 (令和２年７月10日更新) 証券取引等監視委員会 証券取引等監視委員会の活動状況の公表について 証券取引等監視委員会（以下「証券監視委」という。）は、金融庁設置法第22条の規定に基づき、毎年、活動状況等を公表しています。今回は、その28回目として、令和元年度（平成31年4月1日～令和２年3月31日）の「証券取引等監視委員会の活動状況」を公表します。 公表内容の主な記載内容 １．令和元年度の活動概要  マクロ的な視点に基づき潜在的なリスクに着目した情報収集・分析を行う等、タイムリーな市場監視 ・新型コロナウイルスの感染拡大を踏まえ、相場操縦等の不正行為に係る監視を徹底  金商業者に対するリスクアセスメントを踏まえたオンサイト・モニタリング  課徴金制度の活用による迅速・効率的な調査・検査と、重大・悪質事案に対する厳正な対処 根本原因の把握と、再発防止・未然防止のための対話・情報発信 ２．不公正取引の勧告・告発件数  不公正取引の勧告件数は計29件（インサイダー取引24件、相場操縦5件）  不公正取引の告発件数は計1件（インサイダー取引1件）  取引審査の実施件数は、7年連続で1,000件超  インサイダー取引 ・業務提携や新株発行等を重要事実とする事案が昨年同様多数 ・初勧告事案として、損失回避目的の取引推奨規制違反行為 相場操縦の手法は複雑化・巧妙化 ・10本気配値の幅広い価格帯に複数の見せ玉を発注する手法 ・最小売買単位の買付けを繰り返すことにより株価を引き上げる手法 ３．開示規制違反 開示規制違反の勧告件数は6件、告発件数は1件 以下の取組みを実施 ・有価証券報告書の非財務情報についての虚偽記載事案の勧告 ・公認会計士・監査審査会と連携し、上場会社の不正会計による有価証券報告書虚偽記載事案について勧告。 同日、同社会計監査人に対し、公認会計士・監査審査会が行政処分勧告 開示規制違反の再発防止・未然防止の観点から、上場会社の経営陣とその背景・原因等について議論し、問題意識を共有 ４．金融商品取引業者等に対するモニタリング  規模・業態を踏まえたリスクアセスメントを実施 ・規模業態別の業務運営上の課題及びリスクを取りまとめ リスクアセスメントに応じたオンサイト・モニタリングを実施 ・73件着手、14件の行政処分勧告 実効性ある内部管理態勢の構築等を促す取組みを実施 ・「留意すべき事項（顕在化していないものの改善が必要な問題）」を検査終了通知書に記載し、問題意識をモニタリング先と共有 ５．市場監視インフラの整備（デジタライゼーション・人材） 市場監視をより効果的・効率的に実施するための取引監視システムの機能を強化 デジタライゼーションの活用に向けた検討 ・膨大な発注・取引のデータから、不公正取引の疑いのある発注・取引を的確に抽出・分析する機能 ・SNSなどのインターネット上の様々なデータから市場における不正の兆候を発見する機能 ・市場関係者等との情報連携の推進 デジタルフォレンジック技術の一層の向上及びシステム環境の高度化 職員の専門性の向上や高い専門的知識を有する人材の登用 ６．グローバルな市場監視への貢献  世界227機関が加盟する証券監督者国際機構（ＩＯＳＣＯ）において、証券規制の国際的調和や規制当局間の相互協力を目指す議論に積極的に参加 海外当局との連携（情報交換等）により、クロスボーダー取引による違反行為に対して適切な法執行を実施 海外当局への職員派遣、短期研修への参加等により、当局間ネットワークの強化や問題意識の共有 ７．関係機関との連携・情報発信 自主規制機関との連携 ・売買審査などで日常的に連携 ・定期的な意見交換により相互の問題意識をタイムリーに共有 事案の意義や問題点等を情報発信 ・個別の勧告事案の公表、課徴金事例集等について積極的に寄稿や講演を実施 ・令和元年度の特色のある活動を「主なトピックス」として紹介（令和元年度年次公表） ・各ステークホルダーに向けたメッセージを「監視委コラム」に記載（令和元年度年次公表） ●「証券取引等監視委員会の活動状況」の本文へ ◎ 全体版 （PDF/7,401KB）※ ◎ 主なポイント （PDF/864KB） ◎ 本編 （PDF/3,814KB） ◎ 附属資料編 （PDF/4,208KB）※ ◎ サマリーの英語版 （PDF/136KB）（仮訳） ◎ ポイントの英語版 （PDF/341KB）（仮訳） ※令和２年７月10日公表「 ジェイリース株式会社に係る課徴金納付命令勧告（令和２年２月４日付）における勧告内容の過誤について 」を受けて、附属資料182頁、183頁、224頁及び227頁を修正。",1
2020-04-17,三信建設工業株式会社,,公開買付者との契約締結交渉者による三信建設工業株式会社株式に係る内部者取引に対する課徴金納付命令の勧告について,https://www.fsa.go.jp/sesc/news/c_2020/2020/20200417-2.html,"English version 令和2年4月17日 証券取引等監視委員会 公開買付者との契約締結交渉者による三信建設工業株式会社株式に係る内部者取引に対する課徴金納付命令の勧告について １．勧告の内容 証券取引等監視委員会は、公開買付者との契約締結交渉者による三信建設工業株式会社株式に係る内部者取引について検査した結果、下記のとおり法令違反の事実が認められたので、本日、内閣総理大臣及び金融庁長官に対して、金融庁設置法第２０条第１項の規定に基づき、課徴金納付命令を発出するよう勧告を行った。 ２．法令違反の事実関係 課徴金納付命令対象者は、公開買付者である株式会社アクティオホールディングス（以下「アクティオＨＤ」という。）との間で行っていた公開買付けに関する契約の締結の交渉に関し、アクティオＨＤの業務執行を決定する機関が、三信建設工業株式会社（以下「三信建設工業」という。平成３０年９月１８日上場廃止）株式の公開買付けを行うことについての決定をした旨の公開買付けの実施に関する事実を知りながら、前記事実の公表がされた平成３０年６月２５日より前の同月５日から同月１４日までの間、自己の計算において、三信建設工業株式合計５０００株を買付価額合計２６６万円で買い付けたものである。 違反行為事実の概要については、 別図 のとおり。 課徴金納付命令対象者が行った上記の行為は、金融商品取引法第１７５条第２項に規定する「第１６７条第１項又は第３項の規定に違反して、同条第１項に規定する特定株券等若しくは関連株券等に係る買付け等」をした行為に該当すると認められる。 ３．課徴金の額の計算 上記の違反行為に対し、金融商品取引法に基づき納付を命じられる課徴金の額は、７０万円である。 計算方法の詳細については、 別紙 のとおり。 ４．その他 本件については、日本取引所自主規制法人より提供された情報を参考として、実態解明を行ったものである。 （別図） ○違反行為事実の概要について （クリックすると拡大されます） （別紙） 〇課徴金の額の計算について 金融商品取引法第１７５条第２項第２号の規定により、当該有価証券の買付けについて、公開買付け等の実施に関する事実の公表がされた後２週間における最も高い価格（672円）に当該有価証券の買付けの数量を乗じて得た額から当該有価証券の買付けをした価格にその数量を乗じて得た額を控除した額。 （672円×5,000株） －（515円×1,000株＋532円×1,000株＋533円×1,000株＋540円×2,000株） ＝700,000円",1
2020-01-28,日本海洋掘削株式会社,,日本海洋掘削株式会社社員２名による内部者取引及び同社員による重要事実に係る取引推奨行為に対する課徴金納付命令の勧告について,https://www.fsa.go.jp/sesc/news/c_2020/2020/20200128-2.html,"English version 令和２年１月２８日 証券取引等監視委員会 日本海洋掘削株式会社社員２名による内部者取引及び同社員による重要事実に係る取引推奨行為に対する課徴金納付命令の勧告について ※　本件のうち、２．（３）の課徴金納付命令対象者（３）については、金融庁において令和３年３月19日に 違反事実がないと認める旨の決定 がありました。 １．勧告の内容 証券取引等監視委員会は、日本海洋掘削株式会社社員２名による内部者取引及び同社員による重要事実に係る取引推奨行為について検査した結果、下記のとおり法令違反の事実が認められたので、本日、内閣総理大臣及び金融庁長官に対して、金融庁設置法第２０条第１項の規定に基づき、課徴金納付命令を発出するよう勧告を行った。 ２．法令違反の事実関係 （１）課徴金納付命令対象者（１）について 課徴金納付命令対象者（１）は、日本海洋掘削株式会社（以下「日本海洋掘削」という。平成３０年７月２３日上場廃止）の社員であるが、その職務に関し、日本海洋掘削の業務執行を決定する機関が、更生手続開始の申立てを行うことについての決定をした旨の重要事実を知りながら、前記重要事実の公表がされた平成３０年６月２２日より前の同月１４日、自己の計算において、日本海洋掘削株式合計２００株を売付価額合計２８万４７００円で売り付けたものである。 違反行為事実の概要については、 別図 のとおり。 課徴金納付命令対象者（１）が行った上記の行為は、金融商品取引法第１７５条第１項に規定する「第１６６条第１項又は第３項の規定に違反して、同条第１項に規定する売買等をした」行為に該当すると認められる。 （２）課徴金納付命令対象者（２）について 課徴金納付命令対象者（２）は、日本海洋掘削の社員であった甲から、同人がその職務に関し知った、日本海洋掘削の業務執行を決定する機関が、更生手続開始の申立てを行うことについての決定をした旨の重要事実の伝達を受けながら、前記重要事実の公表がされた平成３０年６月２２日より前の同月４日、自己の計算において、日本海洋掘削株式合計１００株を売付価額合計１７万６３００円で売り付けたものである。 違反行為事実の概要については、 別図 のとおり。 課徴金納付命令対象者（２）が行った上記の行為は、金融商品取引法第１７５条第１項に規定する「第１６６条第１項又は第３項の規定に違反して、同条第１項に規定する売買等をした」行為に該当すると認められる。 （３）課徴金納付命令対象者（３）について 課徴金納付命令対象者（３）は、日本海洋掘削の社員であるが、その職務に関し、日本海洋掘削の業務執行を決定する機関が、更生手続開始の申立てを行うことについての決定をした旨の重要事実を知りながら、被推奨者に対し、前記重要事実の公表がされる前に日本海洋掘削株式の売付けをさせることにより同人の損失の発生を回避させる目的をもって、同株式の売付けをすることを勧めたものである。 被推奨者は、前記重要事実の公表がされた平成３０年６月２２日より前の同月１３日、日本海洋掘削株式合計１０００株を売付価額合計１３７万８２００円で売り付けたものである。 違反行為事実の概要については、 別図 のとおり。 課徴金納付命令対象者（３）が行った上記の行為は、金融商品取引法第１７５条の２第１項に規定する「第１６７条の２第１項の規定に違反して、同項の伝達をし、又は同項の売買等をすることを勧める」行為に該当すると認められる。 ３．課徴金の額の計算 上記の違反行為に対し、金融商品取引法に基づき納付を命じられる課徴金の額は、下記のとおりである。 課徴金納付命令対象者（１）２７万円 課徴金納付命令対象者（２）１７万円 課徴金納付命令対象者（３）６６万円 計算方法の詳細については、 別紙 のとおり。 ４．その他 本件については、日本取引所自主規制法人より提供された情報も参考として、実態解明を行ったものである。 （別図） ○違反行為事実の概要について （クリックすると拡大されます） （別紙） ○課徴金の額の計算方法について １． 課徴金納付命令対象者（１）について （１）金融商品取引法第１７５条第１項第１号の規定により、当該有価証券の売付けについて、当該有価証券の売付けをした価格にその数量を乗じて得た額から業務等に関する重要事実の公表がされた後２週間における最も低い価格（58円）に当該有価証券の売付けの数量を乗じて得た額を控除した額。 （1,423円×100株＋1,424円×100株） －（58円×200株） ＝273,100円 （２）金融商品取引法第１７６条第２項の規定により、上記（１）で計算した額の１万円未満の端数を切捨て。 ２． 課徴金納付命令対象者（２）について （１）金融商品取引法第１７５条第１項第１号の規定により、当該有価証券の売付けについて、当該有価証券の売付けをした価格にその数量を乗じて得た額から業務等に関する重要事実の公表がされた後２週間における最も低い価格（58円）に当該有価証券の売付けの数量を乗じて得た額を控除した額。 （1,763円×100株） －（58円×100株） ＝170,500円 （２）金融商品取引法第１７６条第２項の規定により、上記（１）で計算した額の１万円未満の端数を切捨て。 ３． 課徴金納付命令対象者（３）について （１） 金融商品取引法第１７５条の２第１項第３号の規定により、当該違反行為により当該情報受領者等が行った当該売付けによって得た利得相当額に２分の１を乗じて得た額。 利得相当額とは、同条第３項第１号の規定により、情報受領者等が特定有価証券等の売付けをした場合、当該特定有価証券等の売付けについて、当該有価証券の売付けをした価格にその数量を乗じて得た額から業務等に関する重要事実の公表がされた後２週間における最も低い価格（58円）に当該有価証券の売付けの数量を乗じて得た額を控除した額。 ｛（1,376円×100株＋1,377円×100株＋1,378円×400株＋1,379円×300株 ＋1,380円×100株） －（58円×1,000株）｝×1／2 ＝660,100円 （２）金融商品取引法第１７６条第２項の規定により、上記（１）で計算した額の１万円未満の端数を切捨て。",1
2020-01-24,,,証券取引等監視委員会 中期活動方針（第10期）の公表について,https://www.fsa.go.jp/sesc/news/c_2020/2020/20200124-1.html,PDF版（日本語） 本文 概要等 PDF版（English） Full text Point 証券取引等監視委員会 中期活動方針（第10期） ～信頼され魅力ある資本市場のために～ 令和２年１月24日 証券取引等監視委員会 証券監視委の使命 的確・適切な市場監視による １．市場の公正性・透明性の確保及び投資者保護の実現 ２．資本市場の健全な発展への貢献 ３．国民経済の持続的な成長への貢献 証券監視委が目指す市場の姿 市場参加者が、資本市場の健全な発展及び投資者保護の確保という目標を共有し、それぞれに期待される役割の遂行や専門性の発揮によって、強固な信頼を確立した資本市場 証券監視委の活動理念 公正・中立 説明責任 フォワード・ルッキング 実効性・効率性 関係機関との協働 最高水準の追求 証券監視委を取り巻く現在の環境 証券監視委は、取引の公正を図り、市場に対する投資者の信頼を保持することを目的として平成４年に設置され、今般、第10期目を迎えました。 証券監視委は、平成４年の発足以来、重大・悪質な事案に対する告発や法令違反事案に対する課徴金納付命令勧告・行政処分勧告等の実績を積み重ねるとともに、調査・検査を通じた市場監視に取り組み、市場の公正性・透明性の確保や投資者保護の実現に努めてきました。 現在、資本市場は大きく変化しています。 構造的な変化として、海外投資の増加や企業のグローバル化（海外子会社等との分業、アウトソーシング等）などにより、資本市場のグローバル化や各種金融市場の緊密化が更に進展しています。 資金フローをみると、世界的な低金利環境の下、高リスク・低流動性ファンド等に対する資金流入が増大している中、地政学的リスクなどを背景に経済の先行きを巡る不確実性が高まっています。 また、デジタライゼーションの飛躍的な進展が資本市場及び市場参加者全体に大きな影響を及ぼしています。金融機関はAI等の技術やデータの利活用の進展等によりビジネスモデルの見直しを迫られ、市場環境もアルゴリズムを用いた高速取引の普及等により大きく変化しているほか、暗号資産等の新しい商品・取引等が出現しています。 また、金融庁の重要施策の１つに多様な利用者のニーズに応じた金融サービスの向上が掲げられる中、証券監視委としても、幅広い投資者が安心して投資できる市場の実現等を通じ、国民の安定的な資産形成や資金の好循環に一層貢献する必要があります。 これらのような大きな環境変化の中、第10期を迎えた証券監視委は、前記の活動理念のもと、「網羅的な市場監視（広く）」・「機動的な市場監視（早く）」・「深度ある市場監視（深く）」という３つの目標達成に向けて５つの施策を実施してまいります。 目標 １． 網羅的な市場監視（広く） (1)新たな商品・取引等への対応 新しい商品・取引等に係るリスクを的確に把握・分析等 (2)あらゆる取引・市場を網羅的に監視 株式市場と債券市場、現物市場とデリバティブ市場、発行市場と流通市場等、あらゆる取引・市場を網羅的に監視 (3)高齢者を含む多様な投資者の保護 高齢者を含む市場に参加する多様な投資者について、その知識、経験、能力等の様々な属性を踏まえた投資者保護を推進 (4)全体像の把握（部分から全体へ） 個別の問題事象について、事案の全体像を把握した上で、他の類似事案等も見据えた横断的な視点も持って、実態解明及び根本原因の究明 (5)国内外の関係者に向けた幅広い情報発信 違反・不適切行為の未然防止の観点を含む情報発信の強化 ２． 機動的な市場監視（早く） (1)問題の早期発見・着手 市場における問題の端緒の速やかな把握及びタイムリーな調査・検査等の実施 (2)早期の対応による未然防止 市場における問題に限らず、問題が顕在化していないものの調査・検査において改善が必要と認められた事項について、改善の促進を通じた未然防止及び問題の拡大の防止 (3)迅速な実態解明・処理による問題の早期是正 調査・検査実施時における事案の迅速な実態解明及び処理 ３． 深度ある市場監視（深く） (1)問題の根本原因の究明 法令違反等の問題が認められた場合、問題の実質面に着眼してその根本的な原因の究明を踏まえ、当事者等と深度ある議論を行い、自主的な改善及び再発防止に向けた取組みを促進 (2)深度ある分析を通じた市場の構造的な問題の把握 個別の問題事象の分析にとどまらず、前述の横断的な視点に加え、それらを踏まえた深度ある分析を行うことを通じた、市場の構造的な問題の把握及び制度整備等への貢献 目標達成のための５つの施策 １． 内外環境を踏まえた情報収集力の向上 (1)市場環境のマクロ的な視点での分析等によるフォワード・ルッキングな市場監視 問題の未然防止・早期発見につなげるため、マクロ的な視点で市場環境、業種及び企業の分析を行う等、フォワード・ルッキングな市場監視を行います。 具体的には、調査・検査の端緒として活用するため、マクロ経済動向の把握とともに、国内外のマクロ経済情勢等を踏まえて選定した業種・企業に係る情報収集・分析を行います。 また、その結果を証券監視委内で共有し、調査・検査に活用します。 (2)様々な金融市場に対する横断的な市場監視 株式市場と債券市場、現物市場とデリバティブ市場、発行市場と流通市場等の各市場に対して、多面的な視点を持ちつつ、横断的な市場監視を行います。 (3)海外当局との連携強化による情報収集力等の強化及び市場監視への活用 海外当局（法執行部門等）との信頼関係の醸成及び強化に努め、当該信頼関係に基づき、情報交換、調査・検査及び法執行面での連携を更に強化するとともに、そこから得られた海外における法執行状況や法制度等の有益な情報について、市場監視に活用します。 ２． 深度ある分析と迅速かつ効果的・効率的な調査・検査の実施 (1)事案の態様に応じた多角的・多面的な分析・検証 取引等の複雑化、企業のグローバル化の進展、金融商品取引業者等のビジネスモデルの構造的変化等を背景とした非定型・新類型の事案等についても、その態様に応じて、多角的・多面的な分析・検証を的確に実施します。 (2)不公正取引や開示規制違反への迅速な課徴金納付命令勧告等 事案が、全体としてより多様化・複雑化している中、課徴金納付命令勧告を視野に入れた調査・検査を積極的・機動的に実施することによって、不公正取引や開示規制違反の実態を解明するとともに、再発防止・未然防止につなげます。 (3)クロスボーダー事案の特質に応じた効果的・効率的な調査・検査 クロスボーダー取引による違反行為やグローバルに活動を行う企業の開示規制違反に対しては、当局間の情報交換枠組みの活用など海外当局との連携を実施しつつ実態解明を行う等、事案の特質に応じて効果的・効率的な調査・検査を行います。 (4)重大・悪質事案への告発等による厳正な対応 インサイダー取引、相場操縦、風説の流布、偽計や有価証券報告書の虚偽記載等の違反行為のうち重大で悪質なものについては、犯則調査の権限を行使し、厳正に対応します。その際、事案の内容に応じ、捜査・訴追当局や海外当局等の関係機関と連携し、実態の解明や責任追及を効果的に行います。 (5)リスクアプローチに基づく効果的・効率的な証券モニタリング 金融商品取引業者等全体について、リスクアプローチに基づくオンサイト・オフサイトの一体的なモニタリングを行います。 オフサイト・モニタリングにおいては、監督部局等と連携し、業態、規模だけではなく、グループ全体の戦略や運営方針その他特性を勘案しつつ、 ビジネスモデル等を含めた多角的な観点でリスクアセスメントを行い、リスクベースでオンサイト・モニタリング先を選定します。 オンサイト・モニタリングにおいては、取り扱う商品の内容や取引スキームなどについて深度ある分析を行った上、これらが適切に投資者に対して提供されるよう、法令遵守や顧客本位の業務運営態勢の確保といった投資者保護の観点から、業務運営の適切性を検証します。 (6)投資者被害事案に対する積極的な取組み 投資者被害につながる金融商品の不適切な販売・勧誘等や内部管理態勢に対するモニタリングの実施や、無登録で金融商品取引業を行っている者について、裁判所への違反行為の禁止命令等の申立てを行うこと等、投資者被害事案に対して積極的に取り組みます。 ３． 市場規律強化に向けた実効的な取組み (1)調査・検査から得られた知見の多面的・複線的な活用 個別事案の調査・検査では、勧告や告発等の一定の「出口」に限定されずに、そこで得られたインテリジェンス情報、調査・検査の手法及びノウハウ等を適切に集約・分析・蓄積し、市場監視業務全般に多面的・複線的に活用します。 横断的な広がりのある視点に基づき調査・検査を実施し、その結果、市場の構造的な問題を把握した場合には、より良い市場環境の整備に向け、積極的な貢献を行います。 (2)違反行為等の再発防止等に向けた根本原因の究明と対話の推進 調査・検査において、法令違反等が認められた場合、行政処分勧告等を行うだけでなく、問題の全体像を把握し、根本的な原因を究明した上で、調査・検査先と深度ある議論を行っていくことで、再発防止につなげます。 問題が顕在化していないものの、調査・検査において改善が必要な事項が認められた場合には、問題意識を調査・検査先と共有し、違反行為等の未然防止につなげます。 (3)違反・不適切行為の未然防止に向けた国内外への情報発信強化 個別勧告事案等や事例集の公表等において、市場における自己規律の強化の観点から、事案の意義、内容及び問題点を明確にした、具体的で分かりやすい情報発信を行います。 違反・不適切行為による投資者被害の未然防止に資するよう、投資者に対する注意喚起等の情報発信を充実させます。 (4)市場監視の空白を作らないための取組みの深化 市場で起こっていることを常に注意深く把握し、新しい商品・取引等や、監視の目の行き届きにくい商品・取引等へ的確に対応し、市場監視の空白を作らない取組みを行います。 ４． デジタライゼーション対応と戦略的な人材の育成 (1)デジタライゼーションを活用した市場監視業務の高度化・効率化 国内外の金融技術の動向や規制当局・法執行機関におけるデジタライゼーションの活用状況等を踏まえ、市場監視業務の高度化・効率化を図るため、取引監視システム等におけるデジタライゼーションの一層の活用を、関係機関と連携しつつ、推進します。 (2)デジタライゼーションの飛躍的進展に伴う新しい商品・取引等への機動的な対応 デジタライゼーションの飛躍的進展に伴って生じる新たな商品・取引等に対して、網羅的に監視が行えるよう機動的に検討・対応します。 デジタライゼーションの飛躍的な進展及びデータの大容量化に対応するため、調査・検査におけるデジタルフォレンジック技術の一層の向上及びシステム環境の高度化を推進します。 (3)高度な専門性及び幅広い視点を備えた人材の戦略的な育成 デジタライゼーションの進展、取引等の複雑化や企業のグローバル化の進展等の中で、証券監視委の使命を適切に果たしていくため、市場監視に係る高度な専門性及び幅広い視点を持った人材の育成に取り組みます。 ５． 国内外の各機関等との連携 (1)自主規制機関との更なる連携強化による効果的・効率的な市場監視 自主規制機関が、更に主体的な役割を果たすことに資するよう、証券監視委の持つ情報や問題意識のタイムリーな共有等を行い、監視態勢の更なる強化や市場規律の働いた市場環境の整備を行います。 効果的かつ効率的な市場監視を実現する観点から、自主規制機関との連携のあり方についても検討していきます。 様々な金融市場に対する横断的な市場監視を実施していくため、自主規制機関とも連携し、市場モニタリングの充実・強化を図ります。 (2)多様な市場関係者と連携した市場規律の強化 これまでの自主規制機関、海外当局、関係機関・団体等との間での連携を強化していくことに加え、新たに市場の公正性・透明性確保や投資者保護に関連する関係機関・団体等の市場関係者との連携の拡大を通じて、全体としての市場監視機能を強化します。 (3)グローバルな市場監視への貢献を通じた国際連携の強化 クロスボーダー取引等に対する市場監視に係る課題について、二国間及び証券監督者国際機構（IOSCO）等の多国間の枠組みでの問題提起及び共有を強化し、グローバルな市場監視に貢献することにより、国際連携の強化を図ります。 また、市場監視を担う海外当局との意見交換の機会を積極的に持つことで、これら海外当局における主な法執行事例や市場監視に係る問題意識等を把握し、証券監視委における市場監視に活用します。 最後に 証券監視委は、本中期活動方針に掲げる証券監視委の目標（「網羅的な市場監視（広く）」・「機動的な市場監視（早く）」・「深度ある市場監視（深く）」）の実現を目指し、より一層努力してまいります。 なお、本中期活動方針は、現下の経済金融情勢等を踏まえて作成したものですが、市場を取り巻く環境が急激に変化する状況のなか、証券監視委自身のPDCAサイクルによって、的確に自らの課題を洗い出し、適切な対応を行うことが重要です。そのために、外部の有識者の意見などを活用し、市場監視業務について、不断の見直しを行いながら、その使命を果たしていきます。,1
2021-12-17,居住する株式会社,,海外に居住する株式会社リミックスポイントの子会社との契約締結者の役職員による内部者取引に対する課徴金納付命令の勧告について,https://www.fsa.go.jp/sesc/news/c_2021/2021/20211217-1.html,"English version 令和3年12月17日 証券取引等監視委員会 海外に居住する株式会社リミックスポイントの子会社との契約締結者の役職員による内部者取引に対する課徴金納付命令の勧告について １．勧告の内容 証券取引等監視委員会は、株式会社リミックスポイントの子会社との契約締結者の役職員による内部者取引について検査した結果、下記のとおり法令違反の事実が認められたので、本日、内閣総理大臣及び金融庁長官に対して、金融庁設置法第２０条第１項の規定に基づき、課徴金納付命令を発出するよう勧告を行った。 ２．法令違反の事実関係 課徴金納付命令対象者は、株式会社リミックスポイント（以下「リミックスポイント」という。）の子会社である株式会社ビットポイントジャパン（以下「ＢＰＪ」という。）との間で業務上の契約を締結していた法人の役職員であり海外に居住する者であるが、当該契約の履行に関し、ＢＰＪの仮想通貨取引管理システムがハッキングを受けて同社の管理する仮想通貨が不正に流出し損害が発生した旨の重要事実を知りながら、当該重要事実の公表がされた令和元年７月１２日午後１時３０分より前の同日午前１０時３０分頃、自己の計算において、リミックスポイント株式合計１万８００株を売付価額合計４４３万５００円で売り付けたものである。 違反行為事実の概要については、 別図 のとおり。 課徴金納付命令対象者が行った上記の行為は、金融商品取引法第１７５条第１項に規定する「第１６６条第１項の規定に違反して、同条第１項に規定する売買等をした」行為に該当すると認められる。 （注）令和２年５月の改正資金決済法の施行により、「仮想通貨」は「暗号資産」に改称されたが、本件当時は「仮想通貨」と呼ばれていたため、本公表文では「仮想通貨」と記載した。 ３．課徴金の額の計算 上記の違法行為について金融商品取引法に基づき算定される課徴金の額は、２１６万円である。 計算方法の詳細については、 別紙 のとおり。 ４．その他 本件については、台湾金融監督管理委員会（Financial Supervisory Commission）から支援を受けている。 また、日本取引所自主規制法人から提供された情報も参考として、実態解明を行ったものである。 （別図） ○違反行為事実の概要について （クリックすると拡大されます） （別紙） ○課徴金の額の計算方法について １．金融商品取引法第１７５条第１項第１号の規定により、当該有価証券の売付けをした価格に当該有価証券の売付けの数量を乗じて得た額から、業務等に関する重要事実の公表がされた後２週間における最も低い価格（210.2円）にその数量を乗じて得た額を控除した額。 （410円×8,300株＋411円×2,500株）－（210.2円×10,800株）＝2,160,340円 ２．金融商品取引法第１７６条第２項の規定により、課徴金の額は、上記１．で計算した額の１万円未満の端数を切り捨てた２１６万円となる。",1
2021-11-19,田建設工業株式会社,,前田建設工業株式会社役員による内部者取引に対する課徴金納付命令の勧告について,https://www.fsa.go.jp/sesc/news/c_2021/2021/20211119-1.html,"English version 令和３年11月19日 証券取引等監視委員会 前田建設工業株式会社役員による内部者取引に対する課徴金納付命令の勧告について １．勧告の内容 証券取引等監視委員会は、前田建設工業株式会社役員による内部者取引について検査した結果、下記のとおり法令違反の事実が認められたので、本日、内閣総理大臣及び金融庁長官に対して、金融庁設置法第２０条第１項の規定に基づき、課徴金納付命令を発出するよう勧告を行った。 ２．法令違反の事実関係 課徴金納付命令対象者は、前田建設工業株式会社（以下「前田建設工業」という。令和３年９月２９日上場廃止。）の役員であった者であるが、 （１）違反行為事実Ａ 同人がその職務に関し、①前田建設工業の平成３０年４月１日から平成３１年３月３１日までの事業年度における剰余金の配当について、平成３０年５月１４日に公表がされた直近の予想値（期末配当金：１株当たり１６円）に比較して、同社が新たに算出した予想値（期末配当金：１株当たり２０円）において投資者の投資判断に及ぼす影響が重要なものとなる差異が生じた旨の重要事実及び②同社の業務執行を決定する機関が自己の株式の取得を行うことについての決定をした旨の重要事実を知りながら、上記各重要事実の公表がされた平成３１年２月８日午前１１時頃より前の同日午前９時頃から同日午前９時７分頃までの間、自己の計算において、前田建設工業株式合計８００株を買付価額合計８４万７０００円で買い付け （２）違反行為事実Ｂ 同人がその職務に関し、前田建設工業の業務執行を決定する機関が、前田道路株式会社（以下「前田道路」という。令和３年９月２９日上場廃止。）の株式の公開買付けを行うことについての決定をした旨の公開買付けの実施に関する事実を知りながら、上記事実の公表がされた令和２年１月２０日より前の令和元年１２月２６日から令和２年１月６日までの間、自己の計算において、前田道路株式合計２７００株を買付価額合計７２６万８９００円で買い付け （３）違反行為事実Ｃ 同人がその職務に関し、前田建設工業の子会社であった前田道路の業務執行を決定する機関が株式移転を行うことについての決定をした旨の重要事実を知りながら、上記重要事実の公表がされた令和３年２月２４日午後３時頃より前の同月２２日から同月２４日午後２時８分頃までの間、自己の計算において、前田道路株式合計２０００株を買付価額合計４００万５００円で買い付け たものである。 違反行為事実の概要については、 別図 のとおり。 課徴金納付命令対象者が行った行為のうち、 上記（１）及び（３）の行為は、金融商品取引法第１７５条第１項に規定する「第１６６条第１項の規定に違反して、同条第１項に規定する売買等をした」行為に該当すると認められる。 上記（２）の行為は、同法第１７５条第２項に規定する「第１６７条第１項の規定に違反して、同条第１項に規定する特定株券等若しくは関連株券等に係る買付け等をした」行為に該当すると認められる。 ３．課徴金の額の計算 上記の違反行為に対し、金融商品取引法に基づき納付を命じられる課徴金の額は、４０２万円である。 計算方法の詳細については、 別紙 のとおり。 ４．その他 本件については、日本取引所自主規制法人より提供された情報等を参考として、実態解明を行ったものである。 （別図） ○違反行為事実の概要について （クリックすると拡大されます） （別紙） ○課徴金の額の計算方法について １．違反行為事実Ａに係る課徴金の額 （１）金融商品取引法第１７５条第１項第２号の規定により、当該有価証券の買付けについて業務等に関する重要事実の公表がされた後２週間における最も高い価格（1,176円）に当該有価証券の買付けの数量を乗じて得た額から、当該有価証券の買付けをした価格にその数量を乗じて得た額を控除した額。 （1,176円×800株） －(1,058円×600株＋1,061円×200株） ＝93,800円 （２）金融商品取引法第１７６条第２項の規定により、上記（１）で計算した額の１万円未満の端数を切捨て。 ２．違反行為事実Ｂに係る課徴金の額 （１）金融商品取引法第１７５条第２項第２号の規定により、当該有価証券の買付けについて、公開買付け等の実施に関する事実の公表がされた後２週間における最も高い価格（3,899.9円）に当該有価証券の買付けの数量を乗じて得た額から、当該有価証券の買付けをした価格にその数量を乗じて得た額を控除した額。 （3,899.9円×2,700株） －(2,640円×300株＋2,642円×100株＋2,690円×400株＋2,693円×900株 ＋2,710円×400株＋2,715円×600株） ＝3,260,830円 （２）金融商品取引法第１７６条第２項の規定により、上記（１）で計算した額の１万円未満の端数を切捨て。 ３．違反行為事実Ｃに係る課徴金の額 （１）金融商品取引法第１７５条第１項第２号の規定により、当該有価証券の買付けについて業務等に関する重要事実の公表がされた後２週間における最も高い価格（2,340円）に当該有価証券の買付けの数量を乗じて得た額から、当該有価証券の買付けをした価格にその数量を乗じて得た額を控除した額。 （2,340円×2,000株） －(1,985円×500株＋2,004円×500株＋2,006円×1,000株） ＝679,500円 （２）金融商品取引法第１７６条第２項の規定により、上記（１）で計算した額の１万円未満の端数を切捨て。 ４．上記１ないし３により算定した額の合計 90,000円＋3,260,000円＋670,000円＝4,020,000円となる。",1
2021-06-30,ジェイリース株式会社,7187,ジェイリース株式会社株券に係る内部者取引事件の告発について,https://www.fsa.go.jp/sesc/news/c_2021/2021/20210630-1.html,English version 令和３年６月３０日 証券取引等監視委員会 ジェイリース株式会社株券に係る内部者取引事件の告発について 証券取引等監視委員会は、本日、金融商品取引法違反（内部者取引、情報伝達）の嫌疑で、嫌疑者２名を福岡地方検察庁に告発した。告発の対象となった犯則事実については下記のとおり。 １．告発の対象となった犯則事実 第１　Ａは、Ｊ・ＰＲＯＴＥＣＴ株式会社（以下「Ｊ・ＰＲＯＴＥＣＴ」という。）の代表取締役を務めていたものであるが、令和元年１２月中旬頃、東京証券取引所市場第一部に株券を上場していたジェイリース株式会社（以下「ジェイリース」という。）とＪ・ＰＲＯＴＥＣＴとの間でなされていた保証委託契約等の交渉に関し、ジェイリースが、株式会社ラカラジャパンとの間で業務上の提携を行うことについての決定をした旨の重要事実を知り、あらかじめジェイリース株券を買い付けさせて利益を得させる目的をもって、同重要事実の公表前である令和２年５月下旬頃、Ｂに対し、同重要事実を伝達したものであり、これにより同人が、法定の除外事由がないのに、同重要事実の公表前である同月下旬頃、証券会社を介し、東京証券取引所において、自己名義及び他人名義で、ジェイリース株券合計９万株を代金合計約２２７０万円で買い付け 第２　Ｂは、令和２年５月下旬頃、Ａから、前記重要事実の伝達を受け、法定の除外事由がないのに、同重要事実の公表前である同月下旬頃、証券会社を介し、東京証券取引所において、自己名義及び他人名義で、ジェイリース株券合計９万株を代金合計約２２７０万円で買い付け たものである。 ２．関連条文 金融商品取引法 第１　同法第１９７条の２第１４号、同法第１６７条の２第１項 第２　同法第１９７条の２第１３号、同法第１６６条第３項、同条第１項第４号、同条第２項第１号タ 法定刑：５年以下の懲役若しくは５００万円以下の罰金又はこれを併科,1
2021-06-24,受託する証券会社・投資銀行,,「金融商品取引法における課徴金事例集～不公正取引編～」の公表について,https://www.fsa.go.jp/sesc/jirei/torichou/20210624.html,"令和３年６月２4日 証券取引等監視委員会 「金融商品取引法における課徴金事例集～不公正取引編～」の公表について 証券取引等監視委員会は、令和2年度版の「 金融商品取引法における課徴金事例集～不公正取引編～ （PDF:4,163KB） 」を取りまとめましたので、公表します。 本書は、証券取引等監視委員会（以下、「証券監視委」という。）が、主に令和2年4月から令和3年3月までの間に、金融商品取引法違反となる不公正取引に関し課徴金納付命令の勧告を行った事案の概要を取りまとめ、事例として紹介するものです。各事例において、勧告することの意義や特徴等も記載しています。 証券監視委としては、不公正取引の未然防止という観点から、本書を、 （１）重要事実等の発生源となる上場会社等におけるインサイダー取引管理態勢の一層の充実 （２）公開買付け等企業再編の当事者からフィナンシャル・アドバイザリー業務等を受託する証券会社・投資銀行等における重要事実等の情報管理の徹底 （３）証券市場のゲートキーパーとしての役割を担う証券会社における適正な売買審査の実施 のためにそれぞれ役立てていただくことを期待しています。 本書が活用されることにより、すべての市場利用者による自己規律の強化、市場の公正性・透明性の確保及び投資者保護につながることを強く期待しています。 過去の課徴金事例集はこちら",1
2021-02-05,オンコリスバイオファーマ株式会社,4588,オンコリスバイオファーマ株式会社の社員から伝達を受けた者による内部者取引に対する課徴金納付命令の勧告について,https://www.fsa.go.jp/sesc/news/c_2021/2021/20210205-1.html,"English version 令和3年2月5日 証券取引等監視委員会 オンコリスバイオファーマ株式会社の社員から伝達を受けた者による内部者取引に対する課徴金納付命令の勧告について １．勧告の内容 証券取引等監視委員会は、オンコリスバイオファーマ株式会社の社員から伝達を受けた者による内部者取引について検査した結果、下記のとおり法令違反の事実が認められたので、本日、内閣総理大臣及び金融庁長官に対して、金融庁設置法第２０条第１項の規定に基づき、課徴金納付命令を発出するよう勧告を行った。 ２．法令違反の事実関係 課徴金納付命令対象者は、オンコリスバイオファーマ株式会社（以下「オンコリス」という。）の社員甲から、同人がその職務に関し知った、オンコリスの業務執行を決定する機関が、中外製薬株式会社と業務上の提携を行うことについての決定をした旨の重要事実の伝達を受けながら、上記重要事実が公表された平成３１年４月８日午後４時３０分頃より前の同年３月２２日から同年４月８日午後０時３０分頃までの間、自己の計算において、オンコリス株式合計２万株を買付価額合計４７０９万５００円で買い付けたものである。 違反行為事実の概要については、 別図 のとおり。 課徴金納付命令対象者が行った上記の行為は、金融商品取引法第１７５条第１項に規定する「第１６６条第１項又は第３項の規定に違反して、同条第１項に規定する売買等をした」行為に該当すると認められる。 ３．課徴金の額の計算 上記の違反行為に対し、金融商品取引法に基づき納付を命じられる課徴金の額は、２８２０万円である。 計算方法の詳細については、 別紙 のとおり。 ４．その他 本件については、日本取引所自主規制法人より提供された情報も参考として、実態解明を行ったものである。 （別図） ○違反行為事実の概要について （クリックすると拡大されます） （別紙） 〇課徴金の額の計算について １．金融商品取引法第１７５条第１項第２号の規定により、当該有価証券の買付けについて、業務等に関する重要事実の公表がされた後２週間における最も高い価格（3,765円）に自己の計算による当該有価証券の買付けの数量を乗じて得た額から、当該有価証券の買付けをした価格にその数量を乗じて得た額を控除した額。 （3,765円×20,000株） －（1,776円×10,000株＋2,700円×5,000株＋3,150円×200株＋3,155円×700株 ＋3,160円×1,300株＋3,165円×200株＋3,170円×800株＋3,175円×1,800株） ＝ 28,209,500円 ２．金融商品取引法第１７６条第２項の規定により、上記１．で計算した額の１万円未満の端数を切捨て。",1
2021-01-29,アイシン精機株式会社,,アイシン精機株式会社との契約締結交渉者の社員による内部者取引に対する課徴金納付命令の勧告について,https://www.fsa.go.jp/sesc/news/c_2021/2021/20210129-3.html,"English version 令和3年1月29日 証券取引等監視委員会 アイシン精機株式会社との契約締結交渉者の社員による内部者取引に対する課徴金納付命令の勧告について １．勧告の内容 証券取引等監視委員会は、アイシン精機株式会社との契約締結交渉者の社員による内部者取引について検査した結果、下記のとおり法令違反の事実が認められたので、本日、内閣総理大臣及び金融庁長官に対して、金融庁設置法第２０条第１項の規定に基づき、課徴金納付命令を発出するよう勧告を行った。 ２．法令違反の事実関係 課徴金納付命令対象者は、アイシン精機株式会社（以下「アイシン精機」という。）の子会社であるアイシン・エィ・ダブリュ株式会社（以下「アイシンＡＷ」という。）の社員であるが、その職務に関し、アイシンＡＷの役員甲がアイシン精機との合併にかかる基本合意契約の締結の交渉に関し知り、その後、同社の社員乙が職務上知った、アイシン精機の業務執行を決定する機関がアイシンＡＷと合併を行うことについての決定をした旨の重要事実を、乙から伝達を受けて知りながら、上記重要事実が公表された令和元年１０月３１日午後１時頃より前の同日午後０時３０分頃、自己の計算において、アイシン精機株式合計２００株を買付価額合計７６万円で買い付けたものである。 違反行為事実の概要については、 別図 のとおり。 課徴金納付命令対象者が行った上記の行為は、金融商品取引法第１７５条第１項に規定する「第１６６条第１項又は第３項の規定に違反して、同条第１項に規定する売買等をした」行為に該当すると認められる。 ３．課徴金の額の計算 上記の違反行為に対し、金融商品取引法に基づき納付を命じられる課徴金の額は、１５万円である。 計算方法の詳細については、 別紙 のとおり。 ４．その他 本件については、日本取引所自主規制法人より提供された情報も参考として、実態解明を行ったものである。 （別図） ○違反行為事実の概要について （クリックすると拡大されます） （別紙） 〇課徴金の額の計算について １．金融商品取引法第１７５条第１項第２号の規定により、当該有価証券の買付けについて、業務等に関する重要事実の公表がされた後２週間における最も高い価格（4,575円）に自己の計算による当該有価証券の買付けの数量を乗じて得た額から、当該有価証券の買付けをした価格にその数量を乗じて得た額を控除した額。 （4,575円×200株）－（3,800円×200株） ＝ 155,000円 ２．金融商品取引法第１７６条第２項の規定により、上記１．で計算した額の１万円未満の端数を切捨て。",1
2021-01-15,朝日放送株式会社,9405,朝日放送株式会社社員による重要事実に係る伝達行為及び同人から伝達を受けた者による内部者取引、並びに株式会社ディー・エル・イーとの契約締結交渉者の従業者による内部者取引及び重要事実に係る伝達行為並びに同人から伝達を受けた者による内部者取引に対する課徴金納付命令の勧告について,https://www.fsa.go.jp/sesc/news/c_2021/2021/20210115-1.html,"English version 令和３年１月15日 証券取引等監視委員会 朝日放送株式会社社員による重要事実に係る伝達行為及び同人から伝達を受けた者による内部者取引に対する課徴金納付命令の勧告について 株式会社ディー・エル・イーとの契約締結交渉者の従業者による内部者取引及び重要事実に係る伝達行為並びに同人から伝達を受けた者による内部者取引に対する課徴金納付命令の勧告について １．勧告の内容 証券取引等監視委員会は、朝日放送株式会社社員による重要事実に係る伝達行為及び同人から伝達を受けた者による内部者取引、並びに株式会社ディー・エル・イーとの契約締結交渉者の従業者による内部者取引及び重要事実に係る伝達行為並びに同人から伝達を受けた者による内部者取引について検査した結果、下記のとおり法令違反の事実が認められたので、本日、内閣総理大臣及び金融庁長官に対して、金融庁設置法第２０条第１項の規定に基づき、課徴金納付命令を発出するよう勧告を行った。 ２．法令違反の事実関係 （１）課徴金納付命令対象者（１）について ア．違反行為事実Ａ 課徴金納付命令対象者（１）は、朝日放送株式会社（以下「朝日放送」という。同社は、平成３０年４月、朝日放送グループホールディングス株式会社に商号変更した。以下、商号変更後の同社を「朝日放送ＧＨＤ」という。）の社員であったが、その職務に関し知った、朝日放送の業務執行を決定する機関が、会社の分割を行うことについての決定をした旨の重要事実を、課徴金納付命令対象者（２）に対し、上記重要事実の公表がされる前に、朝日放送株式の買付けをさせることにより同人に利益を得させる目的をもって、伝達したものである。 課徴金納付命令対象者（２）は、上記重要事実が公表された平成２９年２月８日午後３時頃より前の同日午後１時１３分頃及び午後１時１８分頃、朝日放送株式合計１９００株を買付価額合計１４２万１２００円で買い付けたものである。 イ．違反行為事実Ｂ 課徴金納付命令対象者（１）は、朝日放送ＧＨＤが、株式会社ディー・エル・イー（以下「ＤＬＥ」という。）との間で行っていた資本業務提携契約の締結の交渉業務に従事していた者であるが、上記契約の締結の交渉に関し、ＤＬＥの業務執行を決定する機関が、ＤＬＥの発行する株式を引き受ける者の募集を行うこと及び朝日放送ＧＨＤと業務上の提携を行うことについての決定をした旨の各重要事実を知りながら、上記各重要事実が公表された令和元年５月１０日より前の平成３１年４月２５日から令和元年５月９日までの間、自己の計算において、ＤＬＥ株式合計２万１５００株を買付価額合計２９０万７９５円で買い付けたものである。 ウ．違反行為事実Ｃ 課徴金納付命令対象者（１）は、同人が、朝日放送ＧＨＤとＤＬＥとの間の資本業務提携契約の締結の交渉に関し知った、ＤＬＥの業務執行を決定する機関が、ＤＬＥの発行する株式を引き受ける者の募集を行うことについての決定をした旨の重要事実を、課徴金納付命令対象者（２）に対し、上記重要事実の公表がされる前に、ＤＬＥ株式の買付けをさせることにより同人に利益を得させる目的をもって、伝達したものである。 課徴金納付命令対象者（２）は、上記重要事実が公表された令和元年５月１０日より前の平成３１年４月２５日から令和元年５月９日までの間、ＤＬＥ株式合計２万１５００株を買付価額合計２９０万７９５円で買い付けたものである。 違反行為事実の概要については、 別図 のとおり。 課徴金納付命令対象者（１）が行った 上記ア．及びウ．の行為は、金融商品取引法第１７５条の２第１項に規定する「第１６７条の２第１項の規定に違反して、同項の伝達をし」た行為に該当すると認められる。 上記イの行為は、金融商品取引法第１７５条第１項に規定する「第１６６条第１項又は第３項の規定に違反して、同条第１項に規定する売買等をした」行為に該当すると認められる。 （２）課徴金納付命令対象者（２）について ア．違反行為事実Ｄ 課徴金納付命令対象者（２）は、朝日放送の社員であった課徴金納付命令対象者（１）から、同人がその職務に関し知った、朝日放送の業務執行を決定する機関が、会社の分割を行うことについての決定をした旨の重要事実の伝達を受けながら、上記重要事実が公表された平成２９年２月８日午後３時頃より前の同日午後１時１３分頃及び午後１時１８分頃、自己の計算において、朝日放送株式合計１９００株を買付価額合計１４２万１２００円で買い付けたものである。 イ．違反行為事実Ｅ 課徴金納付命令対象者（２）は、朝日放送ＧＨＤが、ＤＬＥとの間で行っていた資本業務提携契約の締結の交渉業務に従事していた課徴金納付命令対象者（１）から、同人が上記契約の締結の交渉に関し知った、ＤＬＥの業務執行を決定する機関が、ＤＬＥの発行する株式を引き受ける者の募集を行うことついての決定をした旨の重要事実の伝達を受けながら、上記重要事実が公表された令和元年５月１０日より前の平成３１年４月２５日から令和元年５月９日までの間、自己の計算において、ＤＬＥ株式合計２万１５００株を買付価額合計２９０万７９５円で買い付けたものである。 違反行為事実の概要については、 別図 のとおり。 課徴金納付命令対象者（２）が行った上記ア．及びイ．の行為は、金融商品取引法第１７５条第１項に規定する「第１６６条第１項又は第３項の規定に違反して、同条第１項に規定する売買等をした」行為に該当すると認められる。 ３．課徴金の額の計算 上記の違反行為に対し、金融商品取引法に基づき納付を命じられる課徴金の額は、下記のとおりである。 課徴金納付命令対象者（１）４５１万円 課徴金納付命令対象者（２）３０５万円 計算方法の詳細については、 別紙 のとおり。 ４．その他 本件については、日本取引所自主規制法人より提供された情報も参考として、実態解明を行ったものである。 （別図） ○違反行為事実の概要について （クリックすると拡大されます） （別紙） ○課徴金の額の計算方法について １． 課徴金納付命令対象者（１）について （１） 違反行為事実Ａに係る課徴金の額 ア．金融商品取引法第１７５条の２第１項第３号の規定により、当該違反行為により当該情報受領者等が行った当該買付けによって得た利得相当額に２分の１を乗じて得た額。 利得相当額とは、同条第３項第２号の規定により、情報受領者等が特定有価証券等の買付けをした場合、当該特定有価証券等の買付けについて、業務等に関する重要事実の公表がされた後２週間における最も高い価格（783円）に当該特定有価証券等の買付けの数量を乗じて得た額から、当該特定有価証券等の買付けをした価格にその数量を乗じて得た額を控除した額。 ｛（783円×1,900株） －（746円×100株＋747円×400株＋748円×1,000株＋749円×200株＋750円×200株）｝×1／2 ＝33,250円 イ．金融商品取引法第１７６条第２項の規定により、上記ア．で計算した額の１万円未満の端数を切捨て。 （２） 違反行為事実Ｂに係る課徴金の額 ア．金融商品取引法第１７５条第１項第２号の規定により、当該有価証券の買付けについて、業務等に関する重要事実の公表がされた後２週間における最も高い価格（274円）に自己の計算による当該有価証券の買付けの数量 注１ を乗じて得た額から、当該有価証券の買付けをした価格にその数量を乗じて得た額を控除した額。 （274円×21,500株 注１ ） －｛（133.8円×400株＋133.9円×100株＋134円×17,500株＋135円×10,000株 ＋135.8円×1,500株＋135.9円×200株＋136円×13,300株）×（21,500株／43,000株）｝ ＝2,990,205円 （注１）自己の計算による買付けの数量は、自己及び自己以外の者の計算による買付けの数量43,000株に、自己の計算による買付けの額2,900,795円／自己及び自己以外の者の計算による買付けの額5,801,590円を乗じて得た数量（21,500株）。 イ．金融商品取引法第１７６条第２項の規定により、上記ア．で計算した額の１万円未満の端数を切捨て。 （３） 違反行為事実Ｃに係る課徴金の額 ア．金融商品取引法第１７５条の２第１項第３号の規定により、当該違反行為により当該情報受領者等が行った当該買付けによって得た利得相当額に２分の１を乗じて得た額。 利得相当額とは、同条第３項第２号の規定により、情報受領者等が特定有価証券等の買付けをした場合、当該特定有価証券等の買付けについて、業務等に関する重要事実の公表がされた後２週間における最も高い価格（274円）に自己の計算による当該特定有価証券等の買付けの数量 注２ を乗じて得た額から、当該特定有価証券等の買付けをした価格にその数量を乗じて得た額を控除した額。 ｛（274円×21,500株 注２ ） －（133.8円×400株＋133.9円×100株＋134円×17,500株＋135円×10,000株 ＋135.8円×1,500株＋135.9円×200株＋136円×13,300株）×（21,500株／43,000株）｝ ×1／2 ＝1,495,102円 （注２）自己の計算による買付けの数量は、自己及び自己以外の者の計算による買付けの数量43,000株に、自己の計算による買付けの額2,900,795円／自己及び自己以外の者の計算による買付けの額5,801,590円を乗じて得た数量（21,500株）。 イ．金融商品取引法第１７６条第２項の規定により、上記ア．で計算した額の１万円未満の端数を切捨て。 （４） 上記（１）ないし（３）により算定した額の合計30,000円＋2,990,000円＋1,490,000円＝4,510,000円となる。 ２． 課徴金納付命令対象者（２）について （１） 違反行為事実Ｄに係る課徴金の額 ア．金融商品取引法第１７５条第１項第２号の規定により、当該有価証券の買付けについて、業務等に関する重要事実の公表がされた後２週間における最も高い価格（783円）に当該有価証券の買付けの数量を乗じて得た額から、当該有価証券の買付けをした価格にその数量を乗じて得た額を控除した額。 （783円×1,900株） －（746円×100株＋747円×400株＋748円×1,000株＋749円×200株＋750円×200株） ＝66,500円 イ．金融商品取引法第１７６条第２項の規定により、上記ア．で計算した額の１万円未満の端数を切捨て。 （２） 違反行為事実Ｅに係る課徴金の額 ア．金融商品取引法第１７５条第１項第２号の規定により、当該有価証券の買付けについて、業務等に関する重要事実の公表がされた後２週間における最も高い価格（274円）に自己の計算による当該有価証券の買付けの数量 注３ を乗じて得た額から、当該有価証券の買付けをした価格にその数量を乗じて得た額を控除した額。 （274円×21,500株 注３ ） －｛（133.8円×400株＋133.9円×100株＋134円×17,500株＋135円×10,000株 ＋135.8円×1,500株＋135.9円×200株＋136円×13,300株）×（21,500株／43,000株）｝ ＝2,990,205円 （注３）自己の計算による買付けの数量は、自己及び自己以外の者の計算による買付けの数量43,000株に、自己の計算による買付けの額2,900,795円／自己及び自己以外の者の計算による買付けの額5,801,590円を乗じて得た数量（21,500株）。 イ．金融商品取引法第１７６条第２項の規定により、上記ア．で計算した額の１万円未満の端数を切捨て。 （３） 上記（１）ないし（２）により算定した額の合計60,000円＋2,990,000円＝3,050,000円となる。",1
2022-12-26,株式会社エイチーム株券,,株式会社エイチーム株券に係る内部者取引事件の告発について（１）,https://www.fsa.go.jp/sesc/news/c_2022/2022/20221226-1.html,English version 令和４年１２月２６日 証券取引等監視委員会 株式会社エイチーム株券に係る内部者取引事件の告発について（１） 証券取引等監視委員会は、本日、金融商品取引法違反（内部者取引、情報伝達）の嫌疑で、嫌疑者１名を東京地方検察庁に告発した。告発の対象となった犯則事実については下記のとおり。 １．告発の対象となった犯則事実 犯則嫌疑者Ａは、株式会社スクウェア・エニックス（以下「スクエニ」という。）に勤務していた従業員であり、令和２年９月下旬頃、その職務に関し、東京証券取引所に株券を上場している株式会社エイチーム（以下「エイチーム」という。）とスクエニが共同で進めていた携帯電話機向け新作ゲームの開発が配信開始を見込める段階まで進捗したことなどのエイチームの運営、業務又は財産に関する重要な事実であって投資者の投資判断に著しい影響を及ぼす重要事実及びエイチームの業務執行を決定する機関が同ゲームの配信等を共同して運営していく旨の業務上の提携を行うことについての決定をした旨のエイチームの業務等に関する重要事実をそれぞれ知り 第１　法定の除外事由がないのに、前記各重要事実の公表前である同月下旬頃から令和３年２月下旬頃までの間、証券会社を介し、犯則嫌疑者Ａ名義で、エイチームの株券合計約９万１０００株を代金合計約１億５００万円で買い付け 第２　知人にあらかじめエイチームの株券を買い付けさせて利益を得させる目的をもって、前記各重要事実の公表前である令和２年１２月下旬頃、前記知人に対し、前記各重要事実を伝達したものであり、これにより伝達を受けた前記知人が、法定の除外事由がないのに、前記各重要事実の公表前である令和３年１月中旬頃から同年２月中旬頃までの間、証券会社を介し、前記知人名義で、エイチームの株券合計１万株を代金合計約１１８０万円で買い付け たものである。 ２．関連条文 金融商品取引法 第１　同法第１９７条の２第１３号、第１６６条１項第５号、第２項４号・第１号ヨ（令和元年法律第７１ 号による改正前のもの）、同法施行令第２８条第１号（令和３年政令第２１号による改正前のもの） 第２　同法第１９７条の２第１４号、第１６７条の２第１項 法定刑：５年以下の懲役若しくは５００万円以下の罰金又はこれを併科,1
2022-12-26,株式会社エイチーム株券,,株式会社エイチーム株券に係る内部者取引事件の告発について（２）,https://www.fsa.go.jp/sesc/news/c_2022/2022/20221226-2.html,English version 令和４年１２月２６日 証券取引等監視委員会 株式会社エイチーム株券に係る内部者取引事件の告発について（２） 証券取引等監視委員会は、本日、金融商品取引法違反（内部者取引）の嫌疑で、嫌疑者１名を東京地方検察庁に告発した。告発の対象となった犯則事実については下記のとおり。 １．告発の対象となった犯則事実 犯則嫌疑者Ａは、株式会社スクウェア・エニックス（以下「スクエニ」という。）に勤務していた従業員であり、令和２年１２月中旬頃、その職務に関し、東京証券取引所に株券を上場している株式会社エイチーム（以下「エイチーム」という。）とスクエニが共同で進めていた携帯電話機向け新作ゲームの開発が配信開始を見込める段階まで進捗したことなどのエイチームの運営、業務又は財産に関する重要な事実であって投資者の投資判断に著しい影響を及ぼす重要事実及びエイチームの業務執行を決定する機関が同ゲームの配信等を共同して運営していく旨の業務上の提携を行うことについての決定をした旨のエイチームの業務等に関する重要事実をそれぞれ知り、法定の除外事由がないのに、前記各重要事実の公表前である令和３年１月下旬頃から同年２月下旬頃までの間、証券会社を介し、犯則嫌疑者Ａ名義で、エイチームの株券合計１２万株を代金合計約１億４４７０万円で買い付けたものである。 ２．関連条文 金融商品取引法 同法第１９７条の２第１３号、第１６６条１項第５号、第２項４号・第１号ヨ（令和元年法律第７１号によ る改正前のもの）、同法施行令第２８条第１号（令和３年政令第２１号による改正前のもの） 法定刑：５年以下の懲役若しくは５００万円以下の罰金又はこれを併科,1
2022-12-06,株式会社Ａｉｍｉｎｇ株券,,株式会社Ａｉｍｉｎｇ株券に係る内部者取引事件の告発について（２）,https://www.fsa.go.jp/sesc/news/c_2022/2022/20221206-3.html,English version 令和４年１２月６日 証券取引等監視委員会 株式会社Ａｉｍｉｎｇ株券に係る内部者取引事件の告発について（２） 証券取引等監視委員会は、本日、金融商品取引法違反（内部者取引）の嫌疑で、嫌疑者１名を東京地方検察庁に告発した。告発の対象となった犯則事実については下記のとおり。 １．告発の対象となった犯則事実 犯則嫌疑者Ａは、株式会社スクウェア・エニックス（以下「スクエニ」という。）に勤務していた従業員であり、令和２年１月下旬頃、その職務に関し、東京証券取引所に株券を上場している株式会社Ａｉｍｉｎｇ（以下「Ａｉｍｉｎｇ」という。）とスクエニが共同で進めていた携帯電話機向け新作ゲームの開発が配信開始を見込める段階まで進捗したことなどのＡｉｍｉｎｇの運営、業務又は財産に関する重要な事実であって投資者の投資判断に著しい影響を及ぼす重要事実及びＡｉｍｉｎｇの業務執行を決定する機関が同ゲームの配信等を共同して運営していく旨の業務上の提携を行うことについての決定をした旨のＡｉｍｉｎｇの業務等に関する重要事実をそれぞれ知り、法定の除外事由がないのに、前記各重要事実の公表前である同月下旬頃、証券会社を介し、犯則嫌疑者Ａ名義で、Ａｉｍｉｎｇの株券合計１万株を代金合計約２８０万円で買い付けたものである。 ２．関連条文 金融商品取引法 同法第１９７条の２第１３号、第１６６条１項第５号、第２項第４号・第１号ヨ（令和元年法律第７ １号による改正前のもの）、同法施行令第２８条第１号（令和３年政令第２１号による改正前のもの） 法定刑：５年以下の懲役若しくは５００万円以下の罰金又はこれを併科,1
2022-11-29,名古屋電機工業株式会社,6797,名古屋電機工業株式会社社員から伝達を受けた者による内部者取引に対する課徴金納付命令の勧告について,https://www.fsa.go.jp/sesc/news/c_2022/2022/20221129-1.html,"English version 令和4年11月29日 証券取引等監視委員会 名古屋電機工業株式会社社員から伝達を受けた者による 内部者取引に対する課徴金納付命令の勧告について １．勧告の内容 証券取引等監視委員会は、名古屋電機工業株式会社社員から伝達を受けた者による内部者取引について検査した結果、下記のとおり法令違反の事実が認められたので、本日、内閣総理大臣及び金融庁長官に対して、金融庁設置法第２０条第１項の規定に基づき、課徴金納付命令を発出するよう勧告を行った。 ２．法令違反の事実関係 課徴金納付命令対象者は、名古屋電機工業株式会社（以下「名古屋電機工業」という。）の社員から、同人がその職務に関し知った、名古屋電機工業の属する企業集団の令和２年４月１日から令和３年３月３１日までの事業年度の経常利益及び親会社株主に帰属する当期純利益（以下「当期純利益」という。）について、令和２年５月１２日に公表がされた直近の予想値（経常利益１７憶５００万円、当期純利益１３億３５００万円）に比較して、名古屋電機工業が新たに算出した予想値において、投資者の投資判断に及ぼす影響が重要なものとなる差異が生じた旨の重要事実の伝達を受けながら、名古屋電機工業において新たに算出した同事業年度の予想値（経常利益４２億円、当期純利益３０億円）の公表がされた令和３年２月２日より前の同月１日、自己の計算において、名古屋電機工業株式１０００株を買付価額合計１３７万４０００円で買い付けたものである。 違反行為事実の概要については、 別図 のとおり。 課徴金納付命令対象者が行った上記の行為は、金融商品取引法第１７５条第１項に規定する「第１６６条第３項の規定に違反して、同条第１項に規定する売買等をした」行為に該当すると認められる。 ３．課徴金の額の計算 上記の違反行為に対し、金融商品取引法に基づき納付を命じられる課徴金の額は、７３万円である。 計算方法の詳細については、 別紙 のとおり。 （別図） ○違反行為事実の概要について （クリックすると拡大されます） （別紙） ○課徴金の額の計算方法について １．金融商品取引法第１７５条第１項第２号の規定により、当該有価証券の買付けについて、業務等に関する重 要事実の公表がされた後２週間における最も高い価格（2,110円）に当該有価証券の買付けの数量を乗じて得 た額から、当該有価証券の買付けをした価格にその数量を乗じて得た額を控除した額。 （2,110円×1,000株） －(1,374円×1,000株） ＝736,000円 ２．金融商品取引法第１７６条第２項の規定により、上記１．で計算した額の１万円未満の端数を切捨て。",1
2022-12-01,東都水産株式会社,,東都水産株式会社株券に係る内部者取引事件の告発について,https://www.fsa.go.jp/sesc/news/c_2022/2022/20221201-1.html,English version 令和４年１２月１日 証券取引等監視委員会 東都水産株式会社株券に係る内部者取引事件の告発について 証券取引等監視委員会は、本日、金融商品取引法違反（内部者取引、情報伝達）の嫌疑で、嫌疑法人１社及び嫌疑者１名を函館地方検察庁に告発した。告発の対象となった犯則事実については下記のとおり。 １．告発の対象となった犯則事実 犯則嫌疑法人三印三浦水産株式会社（以下「犯則嫌疑法人」という。）は、水産物の販売、貿易業等を目的とする株式会社であり、犯則嫌疑者Ａは、同社の代表取締役専務として同社の業務全般を実質的に統括するとともに、東京証券取引所に株券を上場している東都水産株式会社（以下「東都水産」という。）の社外取締役を務めていたものであるが、Ａは、令和２年９月上旬頃から同月中旬頃までの間、その職務に関し、東都水産の役員らがその職務に関し合同会社ＡＳＴＳホールディングスからの伝達により知った、同社の業務執行を決定する機関が東都水産の株券の公開買付けを行うことについての決定をした旨の公開買付けの実施に関する事実を知り 第１　法定の除外事由がないのに、前記公開買付けの実施に関する事実の公表前である令和２年９月中旬頃から同年１０月中旬頃までの間、犯則嫌疑法人の業務及び財産に関し、証券会社を介し、東京証券取引所において、犯則嫌疑法人名義で東都水産の株券合計８０００株を代金合計約２９００万円で買い付け 第２　あらかじめ東都水産の株券を買い付けさせて利益を得させる目的をもって、前記公開買付けの実施に関する事実の公表前である令和２年１１月上旬頃、東京都内において、知人に対し、前記公開買付けの実施に関する事実を伝達したものであり、これにより伝達を受けた同人が、法定の除外事由がないのに、同公開買付けの実施に関する事実の公表前である同月上旬頃、証券会社を介し、東京証券取引所において、東都水産の株券合計５００株を代金合計約２００万円で買い付け たものである。 ２．関連条文 金融商品取引法 第１　同法第１９７条の２第１３号、第１６７条１項第６号 犯則嫌疑法人につき、更に同法第２０７条第１項第２号 第２　同法第１９７条の２第１５号、第１６７条の２第２項 法定刑： 法人につき　５億円以下の罰金 個人につき　５年以下の懲役若しくは５００万円以下の罰金又はこれを併科,1
2022-12-06,株式会社Ａｉｍｉｎｇ株券,,株式会社Ａｉｍｉｎｇ株券に係る内部者取引事件の告発について（１）,https://www.fsa.go.jp/sesc/news/c_2022/2022/20221206-2.html,English version 令和４年１２月６日 証券取引等監視委員会 株式会社Ａｉｍｉｎｇ株券に係る内部者取引事件の告発について（１） 証券取引等監視委員会は、本日、金融商品取引法違反（内部者取引、情報伝達）の嫌疑で、嫌疑者２名を東京地方検察庁に告発した。告発の対象となった犯則事実については下記のとおり。 １．告発の対象となった犯則事実 （１）犯則嫌疑者Ａについて 犯則嫌疑者Ａは、株式会社スクウェア・エニックス（以下「スクエニ」という。）に勤務していた従業員であり、令和元年１１月下旬頃、その職務に関し、東京証券取引所に株券を上場している株式会社Ａｉｍｉｎｇ（以下「Ａｉｍｉｎｇ」という。）とスクエニが共同で進めていた携帯電話機向け新作ゲームの開発が配信開始を見込める段階まで進捗したことなどのＡｉｍｉｎｇの運営、業務又は財産に関する重要な事実であって投資者の投資判断に著しい影響を及ぼす重要事実及びＡｉｍｉｎｇの業務執行を決定する機関が同ゲームの配信等を共同して運営していく旨の業務上の提携を行うことについての決定をした旨のＡｉｍｉｎｇの業務等に関する重要事実をそれぞれ知り 第１　法定の除外事由がないのに、前記各重要事実の公表前である同年１２月上旬頃から令和２年２月上旬頃までの間、証券会社を介し、犯則嫌疑者Ａ名義で、Ａｉｍｉｎｇの株券合計約７万２０００株を代金合計約２０８０万円で買い付け 第２　知人であるＢにあらかじめＡｉｍｉｎｇの株券を買い付けさせて利益を得させる目的をもって、前記各重要事実の公表前である令和元年１２月下旬頃、Ｂに対し、前記各重要事実を伝達したものであり、これにより伝達を受けたＢが、法定の除外事由がないのに、前記各重要事実の公表前である同月下旬頃から令和２年２月上旬頃までの間、証券会社を介し、Ｂ名義で、Ａｉｍｉｎｇの株券合計約９万株を代金合計約２６４０万円で買い付け たものである。 （２）犯則嫌疑者Ｂについて 犯則嫌疑者Ｂは、スクエニに勤務していた従業員である知人のＡから、令和元年１２月下旬頃、東京証券取引所に株券を上場しているＡｉｍｉｎｇとスクエニが共同で進めていた携帯電話機向け新作ゲームの開発が配信開始を見込める段階まで進捗したことなどのＡｉｍｉｎｇの運営、業務又は財産に関する重要な事実であって投資者の投資判断に著しい影響を及ぼす重要事実及びＡｉｍｉｎｇの業務執行を決定する機関が同ゲームの配信等を共同して運営していく旨の業務上の提携を行うことについての決定をした旨のＡｉｍｉｎｇの業務等に関する重要事実の伝達を受け、法定の除外事由がないのに、前記各重要事実の公表前である同月下旬頃から令和２年２月上旬頃までの間、証券会社を介し、犯則嫌疑者Ｂ名義で、Ａｉｍｉｎｇの株券合計約９万株を代金合計約２６４０万円で買い付けたものである。 ２．関連条文 金融商品取引法 （１）について 第１　同法第１９７条の２第１３号、第１６６条１項第５号、第２項４号・第１号ヨ（令和元年法律第７ １号による改正前のもの）、同法施行令第２８条第１号（令和３年政令第２１号による改正前のも の） 第２　同法第１９７条の２第１４号、第１６７条の２第１項 （２）について 同法第１９７条の２第１３号、第１６６条第３項、第１項第５号、第２項４号・第１号ヨ（令和元年法律 第７１号による改正前のもの）、同法施行令第２８条第１号（令和３年政令第２１号による改正前のも の） 法定刑：５年以下の懲役若しくは５００万円以下の罰金又はこれを併科,1
2022-09-02,株式会社関西みらいフィナンシャルグループ,,株式会社関西みらいフィナンシャルグループ社員による内部者取引及び取引推奨行為並びに当該社員から伝達を受けた者による内部者取引に対する課徴金納付命令の勧告について,https://www.fsa.go.jp/sesc/news/c_2022/2022/20220902-1.html,"English version 令和4年9月2日 証券取引等監視委員会 株式会社関西みらいフィナンシャルグループ社員による 内部者取引及び取引推奨行為並びに当該社員から伝達を受けた者による内部者取引に対する課徴金納付命令の勧告について １．勧告の内容 証券取引等監視委員会は、株式会社関西みらいフィナンシャルグループ社員による内部者取引について検査した結果、下記のとおり法令違反の事実が認められたので、本日、内閣総理大臣及び金融庁長官に対して、金融庁設置法第２０条第１項の規定に基づき、課徴金納付命令を発出するよう勧告を行った。 ２．法令違反の事実関係 （１）課徴金納付命令対象者（１）について 課徴金納付命令対象者⑴は、株式会社関西みらいフィナンシャルグループ（以下「関西みらいＦＧ」という。令和３年３月３０日上場廃止。）の社員であるが、その職務に関し、①関西みらいＦＧの社員甲がその職務に関し株式会社りそなホールディングス（以下「りそなＨＤ」という。）からの伝達により知った、りそなＨＤの業務執行を決定する機関が関西みらいＦＧ株式の公開買付けを行うことについての決定をした旨の公開買付けの実施に関する事実及び②関西みらいＦＧの業務執行を決定する機関が、りそなＨＤを完全親会社とし、関西みらいＦＧを完全子会社とする株式交換を行うことについての決定をした旨の重要事実を知りながら、 ア．違反行為事実Ａ 上記各事実の公表がされた令和２年１１月１０日より前の同年１０月９日から同月１５日までの間、第三者名義の証券口座で自己の計算において、関西みらいＦＧ株式合計１万３１７株を買付価額合計４５２万２７０５円で買い付け イ．違反行為事実Ｂ 令和２年１０月４日、被推奨者乙に対し、上記各事実の公表がされる前に、関西みらいＦＧ株式の買付けをさせることにより同人に利益を得させる目的をもって、同株式の買付けをすることを勧めたものである。 被推奨者乙は、上記各事実の公表がされた同年１１月１０日より前の同年１０月９日から同月１６日までの間、関西みらいＦＧ株式合計５２００株を買付価額合計２２６万４７６０円で買い付けたものである。 違反行為事実の概要については、 別図 のとおり。 課徴金納付命令対象者⑴が行った上記ア．の行為は、金融商品取引法第１７５条第１項に規定する「第１６６条第１項の規定に違反して、同条第１項に規定する売買等をした」行為及び同法第１７５条第２項に規定する「第１６７条第１項の規定に違反して、同条第１項に規定する、特定株券等若しくは関連株券等に係る買付け等をした」行為に該当すると認められる。 上記イ．の行為は、金融商品取引法第１７５条の２第１項に規定する「第１６７条の２第１項の規定に違反して、同項の伝達をし、又は同項の売買等をすることを勧める」行為及び同条第２項に規定する「第１６７条の２第２項の規定に違反して、同項の伝達をし、又は同項の買付け等をすることを勧める」行為に該当すると認められる。 （２）課徴金納付命令対象者⑵について 課徴金納付命令対象者⑵は、関西みらいＦＧに勤務していた課徴金納付命令対象者⑴から、同人がその職務に関し知った、①関西みらいＦＧの社員甲がその職務に関しりそなＨＤからの伝達により知った、りそなＨＤの業務執行を決定する機関が関西みらいＦＧ株式の公開買付けを行うことについての決定をした旨の公開買付けの実施に関する事実及び②関西みらいＦＧの業務執行を決定する機関が、りそなＨＤを完全親会社とし、関西みらいＦＧを完全子会社とする株式交換を行うことについての決定をした旨の重要事実の伝達を受けながら、上記各事実の公表がされた令和２年１１月１０日より前の同月９日、第三者名義の証券口座で、自己の計算において、関西みらいＦＧ株式合計２０００株を買付価額合計８１万４０００円で買い付けたものである。 違反行為事実の概要については、 別図 のとおり。 課徴金納付命令対象者⑵が行った上記の行為は、金融商品取引法第１７５条第１項に規定する「第１６６条第３項の規定に違反して、同条第１項に規定する売買等をした」行為及び同法第１７５条第２項に規定する「第１６７条第３項の規定に違反して、同条第１項に規定する特定株券等若しくは関連株券等に係る買付け等をした」行為に該当すると認められる。 ３．課徴金の額の計算 上記の違反行為に対し、金融商品取引法に基づき納付を命じられる課徴金の額は、 下記の通りである。 課徴金納付命令対象者⑴　１６３万円 課徴金納付命令対象者⑵　　３１万円 計算方法の詳細については、 別紙 のとおり。 ４．その他 本件については、日本取引所自主規制法人より提供された情報等を参考として、実態解明を行ったものである。 （別図） ○違反行為事実の概要について （クリックすると拡大されます） （別紙） ○課徴金の額の計算方法について １． 課徴金納付命令対象者（１）について （１）違反行為事実Aに係る課徴金の額 ①金融商品取引法第１７５第１項第２号及び同条第２項第２号の規定により、当該有価証券の買付けについて、業務等に関する重要事実及び公開買付け等の実施に関する事実の公表がされた後２週間における最も高い価格（565円）に当該有価証券の買付けの数量を乗じて得た額から、当該有価証券の買付けをした価格にその数量を乗じて得た額を控除した額。 ア．自己の計算による買付け (565円×5,000株) －(443.9円×200株＋444円×700株＋445円×4,100株) ＝600,920円 及び イ．自己及び自己以外の者の計算による買付けが混和している買付け (565円×5,317株 注1 ) －{(423円×4000株＋435円×2,200株＋435.9円×700株＋436円×3,600株＋440円×2,000株 ×(2,300,000円/5,406,961円）} 注2 ＝705,480円 （注１）自己の計算による買付けの数量は、自己及び自己以外の者の計算による買付けの数量12,500株に、自己が当該有価証券の買付けのために拠出した額2,300,000円／自己及び自己以外の者の計算による委託手数料を含めた買付けの額5,406,961円を乗じて得た数量（1株未満端数切捨て） （注２）自己の計算による買付けの額は、自己及び自己以外の者の計算による買付けの額5,403,730円に、自己が当該有価証券の買付けのために拠出した額2,300,000円／自己及び自己以外の者の計算による委託手数料を含めた買付けの額5,406,961円を乗じて得た額（1円未満端数切捨て） の合計額1,306,400円となる。 ②金融商品取引法第１７６条２項の規定により、上記①で計算した額の１万円未満の端数を切捨て、1,300,000円となる。 （２）違反行為事実Bに係る課徴金の額 ①金融商品取引法第１７５条の２第１項第３号及び同条第２項第３号の規定により、当該違反行為により当該情報受領者等が行った当該買付けによって得た利得相当額に２分の１を乗じて得た額。 利得相当額とは、同条第３項第２号及び同条第４項第２号の規定により、情報受領者等が特定有価証券等の買付けをした場合、当該特定有価証券等の買付けについて、業務等に関する重要事実及び公開買付け等の実施に関する事実の公表がされた後２週間における最も高い価格（565円）に当該特定有価証券等の買付けの数量を乗じて得た額から、当該特定有価証券等の買付けをした価格にその数量を乗じて得た額を控除した額。 {（565円×5,200株） －(419.7円×100株＋419.8円×100株＋434円×3,000株＋436円×1,000株＋442.7円×200株＋442.8円×500株＋442.9円×300株)}×1/2 ＝336,620円 ②金融商品取引法第１７６条第２項の規定により、上記①で計算した額の１万円未満の端数を切捨て、330,000円となる。 （３）上記（１）ないし（２）により算定した額の合計 　　1,300,000円＋330,000円＝1,630,000円となる。 ２．課徴金納付命令対象者⑵について （１）金融商品取引法第第１７５条第１項第２号及び同条第２項第２号の規定により、当該有価証券の買付けについて、業務等に関する重要事実及び公開買付け等の実施に関する事実の公表がされた後２週間における最も高い価格（565円）に当該有価証券の買付けの数量を乗じて得た額から、当該有価証券の買付けをした価格にその数量を乗じて得た額を控除した額。 (565円×2,000株) －(407円×2,000株) ＝316,000円 （２）金融商品取引法第１７６条第２項の規定により、上記（３）で計算した額の１万円未満の端数を切捨て、310,000円となる。",1
2022-06-24,受託する証券会社・投資銀行,,「金融商品取引法における課徴金事例集～不公正取引編～」の公表について,https://www.fsa.go.jp/sesc/jirei/torichou/20220624.html,"令和４年６月２4日 証券取引等監視委員会 「金融商品取引法における課徴金事例集～不公正取引編～」の公表について 証券取引等監視委員会は、令和3年度版の「 金融商品取引法における課徴金事例集～不公正取引編～ （PDF:6,509KB） 」を取りまとめましたので、公表します。 本書は、証券取引等監視委員会（以下、「証券監視委」という。）が、主に令和3年4月から令和4年3月までの間に、金融商品取引法違反となる不公正取引に関し課徴金納付命令の勧告を行った事案の概要を取りまとめ、事例として紹介するものです。各事例において、勧告することの意義や特徴等も記載しています。 証券監視委としては、不公正取引の未然防止という観点から、本書を、 （１）重要事実等の発生源となる上場会社等におけるインサイダー取引管理態勢の一層の充実 （２）公開買付け等企業再編の当事者からフィナンシャル・アドバイザリー業務等を受託する証券会社・投資銀行等における重要事実等の情報管理の徹底 （３）証券市場のゲートキーパーとしての役割を担う証券会社における適正な売買審査の実施 のためにそれぞれ役立てていただくことを期待しています。 本書が活用されることにより、すべての市場利用者による自己規律の強化、市場の公正性・透明性の確保及び投資者保護につながることを強く期待しています。 過去の課徴金事例集はこちら",1
2022-06-28,,,令和３年度「証券取引等監視委員会の活動状況」の公表について,https://www.fsa.go.jp/sesc/reports/n_2021/n_2021.html,"令和４年６月28日 証券取引等監視委員会 証券取引等監視委員会の活動状況の公表について 証券取引等監視委員会（以下「証券監視委」という。）は、金融庁設置法第22条の規定に基づき、毎年、活動状況等を公表しています。今回は、その30回目として、令和３年度（令和３年4月1日～令和４年3月31日）の「証券取引等監視委員会の活動状況」を公表します。 公表内容の主な記載内容 １．令和３年度の活動概要 ・潜在的なリスクに着目した情報収集・分析を行うなど、タイムリーな市場監視 ・金融商品取引業者に対するリスクアセスメントを踏まえた検査 ・課徴金制度の活用による迅速・効率的な調査・検査と、重大・悪質事案に対する厳正な対処 ・根本原因の把握と、再発防止・未然防止のための対話・情報発信 ２．犯則事件の調査、告発 ・犯則事件の告発件数は８件（内部者取引事件５件、相場操縦事件１件、偽計事件２件） ・公正・透明な市場の実現に向け、犯則調査の権限を適切に行使し、重大で悪質な不公正取引等に厳正に対応 ３．不公正取引の情報収集・調査・課徴金勧告 ・インサイダー取引規制違反 勧告件数は６件（うち、クロスボーダー事案は１件）。 上場会社の役員が内部情報を知得できる立場にあったことを悪用し、インサイダー取引を繰り返し行った事案を勧告。 公開買付け等事実や業務提携を重要事実とする勧告件数が多い。 ・相場操縦規制違反 勧告件数は６件（うち、クロスボーダー事案は１件）。 売り見せ玉と買い見せ玉を繰り返すことにより株価を人為的に変動させたり、店頭デリバティブ取引である証券CFD取引を行うことにより、市場において見せ玉を行うなど、相場操縦の手口は複雑化・巧妙化。 過去５年以内に課徴金納付命令を受けた者が、再度違反行為を行った事案を複数勧告。 ４．開示規制違反の情報収集・検査・課徴金勧告 ・開示規制違反の勧告件数は５件（うち、１件は訂正報告書の提出命令勧告を併せて実施） ・以下のような事案について勧告を実施 架空循環取引による売上の過大計上等の不適正な会計処理が行われた事案。 売上の架空計上及び売上の前倒し計上等の不適正な会計処理が行われた事案。 ・開示規制違反の再発防止・未然防止の観点から、上場会社の経営陣とその背景・原因等について議論し、問題意識を共有 ５．金商業者等に対する証券モニタリング ・規模・業態を踏まえたリスクアセスメントを実施 規模業態別の業務運営上の課題及びリスクを取りまとめ。 ・リスクアセスメントに応じた検査を実施 46件着手、２件の行政処分勧告。 ・実効性ある内部管理態勢の構築等を促す取組みを実施 「留意すべき事項（問題は顕在化していないものの改善が必要な事項）」を検査終了通知書に記載し、問題意識をモニタリング先と共有。 ６．金商法違反行為に対する裁判所の禁止命令等発出の申立て ・裁判所への禁止・停止命令の申立て 投資者被害拡大防止のため、裁判所へ無登録業者による金融商品取引法違反行為の禁止・停止命令発出を求める申立てを実施。 ・関係機関との連携強化 金融庁関連部局、各財務局、捜査当局及び消費者庁等との連携を強化。 ７．監視を支えるインフラの整備（デジタライゼーション、人材） ・既存のシステムインフラの見直しや整備を通じた、市場監視業務の高度化・効率化の推進 （例）金融機関に対する預貯金照会サービス利用の実証実験の実施（令和４年１月～３月） ・市場監視の土台となるシステム等の機能強化 ・デジタルフォレンジック技術の一層の向上及びシステムの高度化 ・OJTを通じた職員の専門性向上や高い専門的知識を有する人材の登用 ８．市場規律強化に向けた取組み ・事案の意義や問題点等を情報発信 個別の勧告事案等の公表、課徴金事例集等について積極的に寄稿や講演を実施。 各ステークホルダーに向けたメッセージを「監視委コラム」に記載（令和３年度年次公表）。 ・自主規制機関との連携 売買審査などで日常的に連携。 定期的な意見交換により相互の問題意識をタイムリーに共有。 ・海外当局との連携 世界233機関が加盟する証券監督者国際機構（IOSCO）において、証券規制の国際的調和や規制当局間の相互協力を目指す議論に積極的に参加。 IOSCO MMoUに基づく海外当局との情報交換により、クロスボーダー取引による違反行為に対して迅速な法執行を実施。 海外当局職員への研修実施、海外当局主催オンライン研修への参加等により、当局間ネットワークの強化や問題意識を共有。 「証券取引等監視委員会の活動状況」の本文へ 全体版（PDF/36,646KB） 主なポイント（PDF/1,823KB） サマリー（PDF/920KB） 本編（PDF/11,944KB） 附属資料編（PDF/27,259KB） サマリーの英語版（PDF/315KB） （仮訳） ポイントの英語版（PDF/1,103KB） （仮訳）",1
2022-06-03,ソフトブレーン株式会社,,ソフトブレーン株式会社株券に係る内部者取引事件の告発について,https://www.fsa.go.jp/sesc/news/c_2022/2022/20220603-2.html,English version 令和４年６月３日 証券取引等監視委員会 ソフトブレーン株式会社株券に係る内部者取引事件の告発について 証券取引等監視委員会は、本日、金融商品取引法違反（内部者取引、情報伝達）の嫌疑で、嫌疑者４名を東京地方検察庁に告発した。告発の対象となった犯則事実については下記のとおり。 １．告発の対象となった犯則事実 （１）犯則嫌疑者Ａについて 犯則嫌疑者Ａは、東京証券取引所に株券を上場していたソフトブレーン株式会社（以下「ソフトブレーン」という。）の内部監査室長を務めていたものであり、令和２年７月中旬頃、その職務に関し、同社取締役らがその職務に関しアント・キャピタル・パートナーズ株式会社（以下「アント社」という。）からの伝達により知った、同社の業務執行を決定する機関がソフトブレーンの株券の公開買付けを行うことについての決定をした旨の公開買付けの実施に関する事実を知ったものであるが 第１　前記公開買付けの実施に関する事実の公表前である同月中旬頃、東京都内において、知人であるＢに対し、あらかじめソフトブレーンの株券を買い付けさせて利益を得させる目的をもって、同公開買付けの実施に関する事実を伝達したものであり、これにより伝達を受けた同人が、法定の除外事由がないのに、同公開買付けの実施に関する事実の公表前である同月下旬頃、証券会社を介し、東京証券取引所において、ソフトブレーンの株券合計２万株を代金合計約６７０万円で買い付け 第２　知人であるＣと共謀の上、法定の除外事由がないのに、前記公開買付けの実施に関する事実の公表前である同月下旬頃から同年８月中旬頃、証券会社を介し、東京証券取引所等において、同人名義で、ソフトブレーンの株券合計約１万株を代金合計約３９０万円で買い付け 第３　前記公開買付けの実施に関する事実の公表前である同年７月下旬頃、東京都内において、知人であるＤに対し、あらかじめソフトブレーンの株券を買い付けさせて利益を得させる目的をもって、同公開買付けの実施に関する事実を伝達したものであり、これにより伝達を受けた同人が、法定の除外事由がないのに、同公開買付けの実施に関する事実の公表前である同年８月上旬頃、証券会社を介し、東京証券取引所において、同人名義で、ソフトブレーンの株券合計２万７０００株の買い注文のうち約１０００万円相当分を同人の分として発注し、同月上旬頃、約定した合計２万７０００株のうち２万４５４５株を代金約９８０万円で買い付け 第４　前記Ｄと共謀の上、法定の除外事由がないのに、前記公開買付けの実施に関する事実の公表前である同月上旬頃、証券会社を介し、東京証券取引所において、同人名義で、ソフトブレーンの株券合計２万７０００株の買い注文のうち約１００万円相当分を犯則嫌疑者Ａの分として発注し、即日、約定した株のうち２４５５株を代金合計約９０万円で買い付け たものである。 （２）犯則嫌疑者Ｂについて 犯則嫌疑者Ｂは、東京証券取引所に株券を上場していたソフトブレーンの内部監査室長を務めていたＡから、令和２年７月中旬頃、同人がその職務に関し知った、同社取締役らがその職務に関しアント社からの伝達により知った同社の業務執行を決定する機関がソフトブレーンの株券の公開買付けを行うことについての決定をした旨の公開買付けの実施に関する事実の伝達を受け、法定の除外事由がないのに、同公開買付けの実施に関する事実の公表前である同月下旬頃、証券会社を介し、東京証券取引所において、ソフトブレーンの株券合計２万株を代金合計約６７０万円で買い付けたものである。 （３）犯則嫌疑者Ｃについて 犯則嫌疑者Ｃは、Ａの知人であるもの、前記Ａは、東京証券取引所に株券を上場していたソフトブレーンの内部監査室長を務めていたものであり、令和２年７月中旬頃、その職務に関し、同社取締役らがその職務に関しアント社からの伝達により知った、同社の業務執行を決定する機関がソフトブレーンの株券の公開買付けを行うことについての決定をした旨の公開買付けの実施に関する事実を知ったものであるが、犯則嫌疑者Ｃは、前記Ａと共謀の上、法定の除外事由がないのに、前記公開買付けの実施に関する事実の公表前である同月下旬頃から同年８月中旬頃、証券会社を介し、東京証券取引所等において、犯則嫌疑者Ｃ名義で、ソフトブレーンの株券合計約１万株を代金合計約３９０万円で買い付けたものである。 （４）犯則嫌疑者Ｄについて 犯則嫌疑者Ｄは、東京証券取引所に株券を上場していたソフトブレーンの内部監査室長を務めていたＡから、令和２年７月下旬頃、同人がその職務に関し知った、同社取締役らがその職務に関しアント社からの伝達により知った同社の業務執行を決定する機関がソフトブレーンの株券の公開買付けを行うことについての決定をした旨の公開買付けの実施に関する事実の伝達を受け、法定の除外事由がないのに、同公開買付けの実施に関する事実の公表前である同年８月上旬頃、証券会社を介し、東京証券取引所において、犯則嫌疑者Ｄ名義で、ソフトブレーンの株券２万７０００株の買い注文のうち約１００万円相当分は前記Ａと共謀の上、約１０００万円相当分は犯則嫌疑者Ｄ単独で発注し、同月上旬頃、約定した合計２万７０００株のうち前記Ａと共謀して２４５５株を代金約９０万円で、犯則嫌疑者Ｄ単独で２万４５４５株を代金約９８０万円で買い付けたものである。 ２．関連条文 金融商品取引法 （１）について 第１及び第３　同法第１９７条の２第１５号、第１６７条の２第２項 第２及び第４　同法第１９７条の２第１３号、第１６７条第１項第６号、刑法第６０条 （２）について 同法第１９７条の２第１３号、第１６７条第３項、第１項第６号 （３）について 同法第１９７条の２第１３号、第１６７条第１項第６号、刑法第６０条 （４）について 同法第１９７条の２第１３号、第１６７条第３項、第１項第６号、刑法第６０条 法定刑：５年以下の懲役若しくは５００万円以下の罰金又はこれを併科,1
2022-06-03,Ａ法人と伊藤忠商事株式会社,,公開買付者との契約締結交渉者の役員によるファミリーマート株式に係る内部者取引に対する課徴金納付命令の勧告について,https://www.fsa.go.jp/sesc/news/c_2022/2022/20220603-1.html,"English version 令和4年6月3日 証券取引等監視委員会 公開買付者との契約締結交渉者の役員によるファミリーマート株式に係る内部者取引に対する課徴金納付命令の勧告について １．勧告の内容 証券取引等監視委員会は、公開買付者との契約締結交渉者の役員によるファミリーマート株式に係る内部者取引について検査した結果、下記のとおり法令違反の事実が認められたので、本日、内閣総理大臣及び金融庁長官に対して、金融庁設置法第２０条第１項の規定に基づき、課徴金納付命令を発出するよう勧告を行った。 ２．法令違反の事実関係 課徴金納付命令対象者は、Ａ法人の役員であるが、Ａ法人と伊藤忠商事株式会社（以下「伊藤忠商事」という。）等との間の、株式会社ファミリーマート（以下「ファミリーマート」という。令和２年１１月１２日上場廃止。）株式に対する公開買付けに関する契約の締結の交渉に関し、伊藤忠商事の業務執行を決定する機関が、ファミリーマート株式の公開買付けを行うことについての決定をした旨の公開買付けの実施に関する事実を知りながら、上記事実の公表がされた令和２年７月８日午後５時１０分頃より前の同日午後１時４８分頃、自己の計算において、ファミリーマート株式合計２０００株を買付価額合計３４９万７８００円で買い付けたものである。 違反行為事実の概要については、 別図 のとおり。 課徴金納付命令対象者が行った上記の行為は、金融商品取引法第１７５条第２項に規定する「第１６７条第１項の規定に違反して、同条第１項に規定する特定株券等若しくは関連株券等に係る買付け等をした」行為に該当すると認められる。 ３．課徴金の額の計算 上記の違反行為に対し、金融商品取引法に基づき納付を命じられる課徴金の額は、１６７万円である。 計算方法の詳細については、 別紙 のとおり。 ４．その他 本件については、日本取引所自主規制法人より提供された情報等を参考として、実態解明を行ったものである。 （別図） ○違反行為事実の概要について （クリックすると拡大されます） （別紙） ○課徴金の額の計算方法について １．金融商品取引法第１７５条第２項第２号の規定により、当該有価証券の買付けについて、公開買付け等の実施に関する事実の公表がされた後２週間における最も高い価格（2,588円）に当該有価証券の買付けの数量を乗じて得た額から、当該有価証券の買付けをした価格にその数量を乗じて得た額を控除した額。 （2,588円×2,000株） －(1,748円×200株＋1,749円×1,800株) ＝1,678,200円 ２．金融商品取引法第１７６条第２項の規定により、上記１．で計算した額の１万円未満の端数を切捨て。",1
2022-03-18,株式会社ジャストプランニング,,株式会社ジャストプランニング役員から伝達を受けた者による内部者取引に対する課徴金納付命令の勧告について,https://www.fsa.go.jp/sesc/news/c_2022/2022/20220318-1.html,"English version 令和4年3月18日 証券取引等監視委員会 株式会社ジャストプランニング役員から伝達を受けた者による内部者取引に対する課徴金納付命令の勧告について １．勧告の内容 証券取引等監視委員会は、株式会社ジャストプランニング役員から伝達を受けた者による内部者取引について検査した結果、下記のとおり法令違反の事実が認められたので、本日、内閣総理大臣及び金融庁長官に対して、金融庁設置法第２０条第１項の規定に基づき、課徴金納付命令を発出するよう勧告を行った。 ２．法令違反の事実関係 課徴金納付命令対象者は、株式会社ジャストプランニング（以下「ジャストプランニング」という。）の役員甲から、①同人がその職務に関し株式会社オージス総研（以下「オージス総研」という。）からの伝達により知った、同社の業務執行を決定する機関がジャストプランニング株式を買い集めることについて決定した旨の公開買付けに準ずる行為の実施に関する事実及び②同人がその職務に関し知った、ジャストプランニングの業務執行を決定する機関がオージス総研と業務上の提携を行うことについての決定をした旨の重要事実の伝達を受けながら、上記各事実の公表がされた令和２年６月３０日より前の同年５月２１日から同年６月２９日までの間、自己及び第三者名義の証券口座で、自己の計算において、ジャストプランニング株式合計１１万４７００株を買付価額合計５０５１万９５０円で買い付けたものである。 違反行為事実の概要については、 別図 のとおり。 課徴金納付命令対象者が行った上記の行為は、金融商品取引法第１７５条第１項に規定する「第１６６条第３項の規定に違反して、同条第１項に規定する売買等をした」行為及び同条第２項に規定する「第１６７条第３項の規定に違反して、同条第１項に規定する特定株券等若しくは関連株券等に係る買付け等をした」行為に該当すると認められる。 ３．課徴金の額の計算 上記の違反行為に対し、金融商品取引法に基づき納付を命じられる課徴金の額は、１９２２万円である。 計算方法の詳細については、 別紙 のとおり。 ４．その他 本件については、日本取引所自主規制法人より提供された情報等を参考として、実態解明を行ったものである。 （別図） ○違反行為事実の概要について （クリックすると拡大されます） （別紙） ○課徴金の額の計算方法について １．金融商品取引法第１７５条第１項第２号及び同条第２項第２号の規定により、当該有価証券の買付けについて、業務等に関する重要事実及び公開買付け等の実施に関する事実の公表がされた後２週間における最も高い価格（608円）に当該有価証券の買付けの数量を乗じて得た額から、当該有価証券の買付けをした価格にその数量を乗じて得た額を控除した額。 （608円×114,700株） －(389円×500株＋390円×300株＋391円×400株＋392円×800株＋395円×500株＋397円×2,100株 ＋398円×1,600株＋398.9円×100株＋399円×9,800株＋400円×10,000株＋401円×1,000株 ＋404円×1,700株＋405円×1,900株＋406円×1,600株＋407円×500株＋408円×500株 ＋409円×100株＋410円×200株＋411円×100株＋412円×600株＋413円×1,100株＋414円×500株 ＋415円×1,200株＋416円×3,500株＋416.9円×100株＋417円×900株＋418円×3,200株 ＋419円×1,500株＋420円×1,000株＋421円×2,300株＋423円×1,000株＋423.9円×200株 ＋424円×1,300株＋425円×500株＋426円×2,000株＋427.9円×100株＋428円×2,900株 ＋430円×500株＋433円×1,000株＋435円×1,000株＋437円×500株＋438円×500株 ＋439円×1,000株＋440円×600株＋444円×400株＋445円×500株＋447円×500株 ＋449円×1,000株＋450円×500株＋459円×5,000株＋461円×1,000株＋465円×500株 ＋466円×200株＋467円×700株＋468円×500株＋469円×2,000株＋470円×1,000株 ＋471円×1,000株＋472円×2,000株＋473円×1,000株＋474円×2,500株＋475円×1,300株 ＋477円×500株＋478円×1,000株＋479円×1,500株＋480円×2,900株＋482円×2,000株 ＋483円×2,000株＋484円×5,700株＋485円×5,500株＋486円×3,400株＋487円×500株 ＋489円×1,000株＋490円×800株＋491円×2,000株＋492円×1,600株） ＝19,226,650円 ２．金融商品取引法第１７６条第２項の規定により、上記１．で計算した額の１万円未満の端数を切捨て。",1
2022-02-25,レカム株式会社,3323,レカム株式会社社員から伝達を受けた者による内部者取引に対する課徴金納付命令の勧告について,https://www.fsa.go.jp/sesc/news/c_2022/2022/20220225-1.html,"English version 令和4年2月25日 証券取引等監視委員会 レカム株式会社社員から伝達を受けた者による内部者取引に対する課徴金納付命令の勧告について １．勧告の内容 証券取引等監視委員会は、レカム株式会社社員から伝達を受けた者による内部者取引について検査した結果、下記のとおり法令違反の事実が認められたので、本日、内閣総理大臣及び金融庁長官に対して、金融庁設置法第２０条第１項の規定に基づき、課徴金納付命令を発出するよう勧告を行った。 ２．法令違反の事実関係 課徴金納付命令対象者は、レカム株式会社（以下「レカム」という。）の社員甲から、同人がその職務に関し知った、レカムの業務執行を決定する機関が、ReSPR TECHNOLOGIES INC.と業務上の提携を行うことについての決定をした旨の重要事実の伝達を受けながら、上記重要事実の公表がされた令和２年６月１２日より前の同月１０日、知人名義の証券口座で、自己の計算において、レカム株式合計９万５０００株を買付価額合計９９７万４２１０円で買い付けたものである。 違反行為事実の概要については、 別図 のとおり。 課徴金納付命令対象者が行った上記の行為は、金融商品取引法第１７５条第１項に規定する「第１６６条第３項の規定に違反して、同条第１項に規定する売買等をした」行為に該当すると認められる。 ３．課徴金の額の計算 上記の違反行為に対し、金融商品取引法に基づき納付を命じられる課徴金の額は、１１４０万円である。 計算方法の詳細については、 別紙 のとおり。 ４．その他 本件については、日本取引所自主規制法人より提供された情報等を参考として、実態解明を行ったものである。 （別図） ○違反行為事実の概要について （クリックすると拡大されます） （別紙） ○課徴金の額の計算方法について １．金融商品取引法第１７５条第１項第２号の規定により、当該有価証券の買付けについて、業務等に関する重要事 実の公表がされた後２週間における最も高い価格（225円）に当該有価証券の買付けの数量を乗じて得た額から、 当該有価証券の買付けをした価格にその数量を乗じて得た額を控除した額。 （225円×95,000株） －(104.7円×700株＋104.8円×2,900株＋105円×91,400株） ＝11,400,790円 ２．金融商品取引法第１７６条第２項の規定により、上記１．で計算した額の１万円未満の端数を切捨て。",1
2022-02-24,テラ株式会社,1433,テラ株式会社株券に係る内部者取引事件の告発について（２）,https://www.fsa.go.jp/sesc/news/c_2022/2022/20220224-2.html,English version 令和４年２月２４日 証券取引等監視委員会 テラ株式会社株券に係る内部者取引事件の告発について（２） 証券取引等監視委員会は、本日、金融商品取引法違反（内部者取引）の嫌疑で、嫌疑者１名を東京地方検察庁に告発した。告発の対象となった犯則事実については下記のとおり。 １．告発の対象となった犯則事実 犯則嫌疑者Ａは、東京証券取引所の有価証券市場に株券を上場していたテラ株式会社（以下「テラ社」という。）との間で、新型コロナウイルス感染症肺炎に対する間葉系幹細胞を用いた治療法の開発に関する共同研究に係る業務提携契約の交渉をしていたＣＥＮＥＧＥＮＩＣＳ ＪＡＰＡＮ株式会社（以下「セネジャパン社」という。）の役員から、令和２年４月下旬頃、同人が同契約の交渉に関し知った、テラ社がセネジャパン社との間で業務上の提携を行うことについての決定をした旨の重要事実の伝達を受け、法定の除外事由がないのに、同事実の公表前である同月下旬頃、証券会社を介し、東京証券取引所において、自己名義ほか１名義で、テラ社の株券合計約１５万株を代金合計約２２３０万円で買い付けたものである。 ２．関連条文 金融商品取引法 同法第１９７条の２第１３号、第１６６条第３項、同条第１項第４号、同条第２項第１号タ、同法施行令第２８条第１号 法定刑：５年以下の懲役若しくは５００万円以下の罰金又はこれを併科,1
2022-02-24,テラ株式会社,1433,テラ株式会社株券に係る内部者取引事件の告発について（１）,https://www.fsa.go.jp/sesc/news/c_2022/2022/20220224-1.html,English version 令和４年２月２４日 証券取引等監視委員会 テラ株式会社株券に係る内部者取引事件の告発について（１） 証券取引等監視委員会は、本日、金融商品取引法違反（内部者取引）の嫌疑で、嫌疑者１名を東京地方検察庁に告発した。告発の対象となった犯則事実については下記のとおり。 １．告発の対象となった犯則事実 犯則嫌疑者Ａは、東京証券取引所の有価証券市場に株券を上場していたテラ株式会社（以下「テラ社」という。）との間で、新型コロナウイルス感染症肺炎に対する間葉系幹細胞を用いた治療法の開発に関する共同研究に係る業務提携契約の交渉をしていたＣＥＮＥＧＥＮＩＣＳ ＪＡＰＡＮ株式会社（以下「セネジャパン社」という。）の役員から、令和２年４月中旬頃、同人が同契約の交渉に関し知った、テラ社がセネジャパン社との間で業務上の提携を行うことについての決定をした旨の重要事実の伝達を受け、法定の除外事由がないのに、同事実の公表前である同月中旬頃、証券会社を介し、東京証券取引所及び私設取引システムにおいて、自己名義で、テラ社の株券合計６５００株を代金合計約９０万円で買い付けたものである。 ２．関連条文 金融商品取引法 同法第１９７条の２第１３号、第１６６条第３項、同条第１項第４号、同条第２項第１号タ、同法施行令第２８条第１号 法定刑：５年以下の懲役若しくは５００万円以下の罰金又はこれを併科,1
2022-02-24,テラ株式会社,1433,テラ株式会社株券に係る内部者取引事件の告発について（３）,https://www.fsa.go.jp/sesc/news/c_2022/2022/20220224-3.html,English version 令和４年２月２４日 証券取引等監視委員会 テラ株式会社株券に係る内部者取引事件の告発について（３） 証券取引等監視委員会は、本日、金融商品取引法違反（内部者取引）の嫌疑で、嫌疑法人１社及び嫌疑者１名を東京地方検察庁に告発した。告発の対象となった犯則事実については下記のとおり。 １．告発の対象となった犯則事実 犯則嫌疑法人内田建設株式会社は、不動産の売買、仲介、管理、賃借業務等を目的とする会社、犯則嫌疑者Ａは、犯則嫌疑法人の代表取締役であるが、東京証券取引所の有価証券市場に株券を上場していたテラ株式会社（以下「テラ社」という。）との間で、新型コロナウイルス感染症肺炎に対する間葉系幹細胞を用いた治療法の開発に関する共同研究に係る業務提携契約を締結していたＣＥＮＥＧＥＮＩＣＳ　ＪＡＰＡＮ株式会社の役員から、令和２年５月下旬頃、同人が同契約の履行に関し知った、同契約に基づき行われていた臨床試験において１例目の投与患者の症状に改善が認められたなどのテラ社の運営、業務又は財産に関する重要な事実であって投資者の投資判断に著しい影響を及ぼす重要事実の伝達を受け、法定の除外事由がないのに、犯則嫌疑法人の業務及び財産に関し、同事実の公表前である同月下旬頃、証券会社を介し、東京証券取引所において、犯則嫌疑法人名義で、テラ社の株券合計２万株を代金合計約１７４０万円で買い付けたものである。 ２．関連条文 金融商品取引法 同法第１９７条の２第１３号、第１６６条第３項、同条第１項第４号、同条第２項第４号、第２０７条第１項第２号 法定刑： 法人につき　５億円以下の罰金 個人につき　５年以下の懲役若しくは５００万円以下の罰金又はこれを併科,1
2022-02-14,アサヒ衛陶株式会社,,アサヒ衛陶株式会社株券に係る内部者取引事件の告発について,https://www.fsa.go.jp/sesc/news/c_2022/2022/20220214-1.html,English version 令和４年２月1４日 証券取引等監視委員会 アサヒ衛陶株式会社株券に係る内部者取引事件の告発について 証券取引等監視委員会は、本日、金融商品取引法違反（内部者取引）の嫌疑で、嫌疑法人２社及び嫌疑者２名を大阪地方検察庁に告発した。告発の対象となった犯則事実については下記のとおり。 １．告発の対象となった犯則事実 犯則嫌疑者Ａは、東京証券取引所の有価証券市場に株券を上場しているアサヒ衛陶株式会社（以下「アサヒ衛陶」という。）の代表取締役社長を務めていたものであり、平成２９年７月下旬頃、その職務に関し、アサヒ衛陶が、株式会社ヤマダ電機（令和２年１０月１日、株式会社ヤマダホールディングスに商号変更）との業務上の提携を行うことについての決定をした旨の重要事実を知ったもの、犯則嫌疑法人上中商事株式会社（以下「犯則嫌疑法人上中商事」という。）は、投資事業等を目的とする会社、犯則嫌疑法人ホライズン株式会社（以下「犯則嫌疑法人ホライズン」という。）は、有価証券の保有、運用及び投資等を目的とする会社、犯則嫌疑者Ｂは、犯則嫌疑法人上中商事の代表取締役かつ犯則嫌疑法人ホライズンを実質的に経営するものであるが、 第１　Ａ及びＢは、共謀の上、法定の除外事由がないのに、前記重要事実の公表前である平成２９年８月上旬頃から同月下旬頃までの間、証券会社を介し、東京証券取引所において、株式会社サクシード名義で、アサヒ衛陶株券合計５万株を代金合計約５８０万円で買い付け 第２　Ｂは、平成２９年８月上旬頃、Ａから、同人がその職務に関し知った前記重要事実の伝達を受け、法定の除外事由がないのに １　犯則嫌疑法人ホライズンの業務及び財産に関し、前記重要事実の公表前である平成２９年８月上旬頃から同年１０月中旬頃までの間、証券会社を介し、東京証券取引所において、ホライズン株式会社名義で、アサヒ衛陶株券合計２６万株を代金合計約３３８０万円で買い付け ２　犯則嫌疑法人上中商事の業務及び財産に関し、前記重要事実の公表前である同年８月中旬頃から同年１１月上旬頃までの間、証券会社を介し、東京証券取引所において、株式会社サクシード名義で、アサヒ衛陶株券合計約１８万株を代金合計約２４３０万円で買い付け ３　前記重要事実の公表前である同年８月上旬頃から同年１０月下旬頃までの間、証券会社を介し、東京証券取引所において、自己名義ほか１名義で、アサヒ衛陶株券合計約２０万株を代金合計約２８７０万円で買い付け たものである。 ２．関連条文 金融商品取引法 第１　同法第１９７条の２第１３号、第１６６条第１項第１号、同条第２項第１号タ、同法施行令第２８条第１号、刑法第６０条 第２　同法第１９７条の２第１３号、第１６６条第３項、同条第２項第１号タ、同法施行令第２８条第１号 第２の１及び２につき、更に同法第２０７条第１項第２号 法定刑：法人につき　５億円以下の罰金 個人につき　５年以下の懲役若しくは５00万円以下の罰金又は併科,1
2022-01-28,株式会社レオパレス２１,8848,株式会社レオパレス２１社員からの情報受領者による内部者取引に対する課徴金納付命令の勧告について,https://www.fsa.go.jp/sesc/news/c_2022/2022/20220128-1.html,"English version 令和4年1月28日 証券取引等監視委員会 株式会社レオパレス２１社員からの情報受領者による内部者取引に対する課徴金納付命令の勧告について １．勧告の内容 証券取引等監視委員会は、株式会社レオパレス２１社員からの情報受領者による内部者取引について検査した結果、下記のとおり法令違反の事実が認められたので、本日、内閣総理大臣及び金融庁長官に対して、金融庁設置法第２０条第１項の規定に基づき、課徴金納付命令を発出するよう勧告を行った。 ２．法令違反の事実関係 課徴金納付命令対象者は、株式会社レオパレス２１（以下「レオパレス」という。）の社員甲から、同人がその職務に関し知った、レオパレスの業務執行を決定する機関が、同社の発行する株式を引き受ける者の募集を行うことについての決定をした旨の重要事実の伝達を受けながら、上記重要事実の公表がされた令和２年９月３０日午後５時頃より前の同月１８日から同月３０日午後１時１６分頃までの間、自己の計算において、レオパレス株式合計１８万株を買付価額合計３００９万７４３０円で買い付けたものである。 違反行為事実の概要については、 別図 のとおり。 課徴金納付命令対象者が行った上記の行為は、金融商品取引法第１７５条第１項に規定する「第１６６条第３項の規定に違反して、同条第１項に規定する売買等をした」行為に該当すると認められる。 ３．課徴金の額の計算 上記の違反行為に対し、金融商品取引法に基づき納付を命じられる課徴金の額は、１８５０万円である。 計算方法の詳細については、 別紙 のとおり。 （別図） ○違反行為事実の概要について （クリックすると拡大されます） （別紙） ○課徴金の額の計算方法について １．金融商品取引法第１７５条第１項第２号の規定により、当該有価証券の買付けについて、業務等に関する重要事 実の公表がされた後２週間における最も高い価格（270円）に当該有価証券の買付けの数量を乗じて得た額から、 当該有価証券の買付けをした価格にその数量を乗じて得た額を控除した額。 （270円×180,000株） －(153.8円×8,600株＋153.9円×8,500株＋154円×12,900株＋159円×30,000株＋165円×40,000株 ＋176円×50,000株＋177円×30,000株） ＝18,502,570円 ２．金融商品取引法第１７６条第２項の規定により、上記１．で計算した額の１万円未満の端数を切捨て。",1
2022-01-21,三井製糖株式会社,2109,三井製糖株式会社との契約締結交渉者の役員による内部者取引に対する課徴金納付命令の勧告について,https://www.fsa.go.jp/sesc/news/c_2022/2022/20220121-2.html,"English version 令和4年1月21日 証券取引等監視委員会 三井製糖株式会社との契約締結交渉者の役員による内部者取引に対する課徴金納付命令の勧告について １．勧告の内容 証券取引等監視委員会は、三井製糖株式会社との契約締結交渉者の役員による内部者取引について検査した結果、下記のとおり法令違反の事実が認められたので、本日、内閣総理大臣及び金融庁長官に対して、金融庁設置法第２０条第１項の規定に基づき、課徴金納付命令を発出するよう勧告を行った。 ２．法令違反の事実関係 課徴金納付命令対象者は、日本甜菜製糖株式会社（以下「日本甜菜製糖」という。）の役員であった者であるが、三井製糖株式会社（令和３年４月１日にＤＭ三井製糖ホールディングス株式会社に商号変更。以下「三井製糖」という。）と日本甜菜製糖株式の取得を伴う業務上の提携に係る契約の締結の交渉に関し、三井製糖の業務執行を決定する機関が、日本甜菜製糖と業務上の提携を行うことについての決定をした旨の重要事実を知りながら、上記重要事実の公表がされた令和２年３月２５日より前の同年１月２０日から同年２月２８日までの間、自己の計算において、三井製糖株式合計１０００株を買付価額合計１９４万９４９０円で買い付けたものである。 違反行為事実の概要については、 別図 のとおり。 課徴金納付命令対象者が行った上記の行為は、金融商品取引法第１７５条第１項に規定する「第１６６条第１項の規定に違反して、同条第１項に規定する売買等をした」行為に該当すると認められる。 ３．課徴金の額の計算 上記の違反行為に対し、金融商品取引法に基づき納付を命じられる課徴金の額は、２７万円である。 計算方法の詳細については、 別紙 のとおり。 ４．その他 本件については、日本取引所自主規制法人より提供された情報等を参考として、実態解明を行ったものである。 （別図） ○違反行為事実の概要について （クリックすると拡大されます） （別紙） ○課徴金の額の計算方法について １．金融商品取引法第１７５条第１項第２号の規定により、当該有価証券の買付けについて、業務等に関する重要事　実の公表がされた後２週間における最も高い価格（2,223円）に当該有価証券の買付けの数量を乗じて得た額から、当該有価証券の買付けをした価格にその数量を乗じて得た額を控除した額。 （2,223円×1,000株） －(1,904.9円×100株＋1,905円×400株＋1,906円×200株＋1,978円×100株 ＋1,979円×100株＋2,201円×100株） ＝273,510円 ２．金融商品取引法第１７６条第２項の規定により、上記１．で計算した額の１万円未満の端数を切捨て。",1
2023-11-21,株式会社エイチーム,3662,株式会社エイチームとの契約締結交渉者の社員から伝達を受けた者による内部者取引に対する課徴金納付命令の勧告について,https://www.fsa.go.jp/sesc/news/c_2023/2023/20231121-1.html,English version 令和5年11月21日 証券取引等監視委員会 株式会社エイチームとの契約締結交渉者の社員から伝達を受けた者による内部者取引に対する課徴金納付命令の勧告について １．勧告の内容 証券取引等監視委員会は、株式会社エイチームとの契約締結交渉者の社員から伝達を受けた者による内部者取引について検査した結果、下記のとおり法令違反の事実が認められたので、本日、内閣総理大臣及び金融庁長官に対して、金融庁設置法第２０条第１項の規定に基づき、課徴金納付命令を発出するよう勧告を行った。 ２．法令違反の事実関係 課徴金納付命令対象者は、株式会社スクウェア・エニックス（以下「スクエニ」という。）の社員らが、株式会社エイチーム（以下「エイチーム」という。）とスクエニが共同で進めていたゲームタイトル「ＦＩＮＡＬ　ＦＡＮＴＡＳＹ」の関連作品となるスマートデバイス向け新作ゲーム（以下「本件ゲーム」という。）の開発に係る業務提携契約の履行及び本件ゲームの配信開始後にその配信等を共同して運営していく旨の業務提携契約の交渉に関し知り、その後、スクエニの社員であった甲が職務に関し知った、(1)本件ゲームの共同開発が配信開始を見込める段階まで進捗したことなどのエイチームの運営、業務又は財産に関する重要な事実であって投資者の投資判断に著しい影響を及ぼす重要事実及び(2)エイチームの業務執行を決定する機関が前記交渉に係る業務上の提携を行うことについての決定をした旨のエイチームの業務等に関する重要事実の伝達を、知人であった甲から受けながら、前記各重要事実の公表がされた令和３年２月２７日より前の同年１月１４日から同年２月１９日までの間、エイチーム株式合計１万株を、自己の計算において、買付価額合計１１８６万５６０円で買い付けたものである。 違反行為事実の概要については、 別図 のとおり。 課徴金納付命令対象者が行った上記の行為は、金融商品取引法第１７５条第１項に規定する「第１６６条第３項の規定に違反して、同条第１項に規定する売買等をした」行為に該当すると認められる。 ３．課徴金の額の計算 上記の違反行為に対し、金融商品取引法に基づき納付を命じられる課徴金の額は、４９２万円である。 計算方法の詳細については、 別紙 のとおり。 ４．その他 社員甲については、令和４年１２月２６日、エイチーム株式に係る内部者取引及び課徴金納付命令対象者に対する情報伝達行為の嫌疑で、東京地方検察庁に告発済みである。 （クリックすると拡大されます）,1
2023-10-27,株式会社日本製鋼所,5631,株式会社日本製鋼所の子会社との契約締結者２法人の各社員２名及び同子会社との契約締結者からの情報受領者による内部者取引に対する課徴金納付命令の勧告について,https://www.fsa.go.jp/sesc/news/c_2023/2023/20231027-1.html,English version 令和５年１０月２７日 証券取引等監視委員会 株式会社日本製鋼所の子会社との契約締結者２法人の各社員２名及び同子会社との契約締結者からの情報受領者による内部者取引に対する課徴金納付命令の勧告について １．勧告の内容 証券取引等監視委員会は、株式会社日本製鋼所の子会社との契約締結者２法人の各社員２名及び同子会社との契約締結者からの情報受領者による内部者取引について検査した結果、下記のとおり法令違反の事実が認められたので、本日、内閣総理大臣及び金融庁長官に対して、金融庁設置法第２０条第１項の規定に基づき、課徴金納付命令を発出するよう勧告を行った。 ２．法令違反の事実関係 (１)　課徴金納付命令対象者（１）について 課徴金納付命令対象者（１）は、Ａ社の社員であったが、同社の社員らが、株式会社日本製鋼所（以下「日本製鋼所」という。）の子会社である日本製鋼所Ｍ＆Ｅ株式会社（以下「Ｍ＆Ｅ社」という。）とＡ社との間で締結した取引基本契約の履行に関し知った、Ｍ＆Ｅ社が製造及び販売していたタービン・発電機用ローターシャフト等の製品の一部で品質検査の数値の改ざんなどが判明した旨のＭ＆Ｅ社の運営、業務又は財産に関する重要な事実であって投資者の投資判断に著しい影響を及ぼす事実を、その職務に関し知りながら、上記重要事実の公表がされた令和４年５月９日より前の同年４月１５日から同月２８日までの間、自己の計算において、日本製鋼所株式合計１５００株を、売付価額合計５５４万６５００円で売り付けたものである。 違反行為事実の概要については、 別図 のとおり。 課徴金納付命令対象者（１）が行った上記の行為は、金融商品取引法第１７５条第１項に規定する「第１６６条第１項の規定に違反して、同条第１項に規定する売買等をした」行為に該当すると認められる。 (２)　課徴金納付命令対象者（２）について 課徴金納付命令対象者（２）は、Ｂ社の社員であったが、同社の社員らが、Ｍ＆Ｅ社とＢ社との間で締結した取引基本契約の履行に関し知った、Ｍ＆Ｅ社が製造及び販売していたタービン・発電機用ローターシャフト等の製品の一部で品質検査の数値の改ざんなどが判明した旨のＭ＆Ｅ社の運営、業務又は財産に関する重要な事実であって投資者の投資判断に著しい影響を及ぼす事実を、その職務に関し知りながら、上記重要事実の公表がされた令和４年５月９日より前の同年４月２０日から同年５月６日までの間、自己の計算において、日本製鋼所株式合計６００株を、売付価額合計２２０万６１００円で売り付けたものである。 違反行為事実の概要については、 別図 のとおり。 課徴金納付命令対象者（２）が行った上記の行為は、金融商品取引法第１７５条第１項に規定する「第１６６条第１項の規定に違反して、同条第１項に規定する売買等をした」行為に該当すると認められる。 (３)　課徴金納付命令対象者（３）について 課徴金納付命令対象者（３）は、Ｄ社の社員であったが、Ｃ社の社員及び役員らが、Ｍ＆Ｅ社とＣ社との間で締結していた取引基本契約の履行に関し知り、その後、Ｃ社の役員からＤ社役員が職務上伝達を受けた、Ｍ＆Ｅ社が製造及び販売していたタービン・発電機用ローターシャフト等の製品の一部で品質検査の数値の改ざんなどが判明した旨のＭ＆Ｅ社の運営、業務又は財産に関する重要な事実であって投資者の投資判断に著しい影響を及ぼす事実を、その職務に関し知りながら、上記重要事実の公表がされた令和４年５月９日より前の同月６日、自己の計算において、日本製鋼所株式合計２０００株を、売付価額合計７３３万５０００円で売り付けたものである。 違反行為事実の概要については、 別図 のとおり。 課徴金納付命令対象者（３）が行った上記の行為は、金融商品取引法第１７５条第１項に規定する「第１６６条第３項の規定に違反して、同条第１項に規定する売買等をした」行為に該当すると認められる。 ３．課徴金の額の計算 上記の違反行為に対し、金融商品取引法に基づき納付を命じられる課徴金の額は、下記のとおりである。 課徴金納付命令対象者（１）１８５万円 課徴金納付命令対象者（２）７２万円 課徴金納付命令対象者（３）２４１万円 計算方法の詳細については、 別紙 のとおり。 （クリックすると拡大されます）,1
2023-09-08,株式会社ＺＯＺＯ,,株式会社ＺＯＺＯ社員から伝達を受けた海外居住者による内部者取引に対する課徴金納付命令の勧告について,https://www.fsa.go.jp/sesc/news/c_2023/2023/20230908-1.html,English version 令和５年９月８日 証券取引等監視委員会 株式会社ＺＯＺＯ社員から伝達を受けた海外居住者による内部者取引に対する課徴金納付命令の勧告について １．勧告の内容 証券取引等監視委員会は、株式会社ＺＯＺＯ（以下「ゾゾ」という。）社員から伝達を受けた海外居住者による内部者取引について検査した結果、下記のとおり法令違反の事実が認められたので、本日、内閣総理大臣及び金融庁長官に対して、金融庁設置法第２０条第１項の規定に基づき、課徴金納付命令を発出するよう勧告を行った。 ２．法令違反の事実関係 課徴金納付命令対象者（中国居住）は、ゾゾの中国子会社の役職員であるが、ゾゾ社員であった甲から、同人がその職務に関し知った、ゾゾの役員がその職務に関しヤフー株式会社（現Ｚホールディングス株式会社）からの伝達により知った同社の業務執行を決定する機関がゾゾ株式の公開買付けを行うことについての決定をした旨の公開買付けの実施に関する事実の伝達を受けながら、当該事実の公表がされた令和元年９月１２日より前の同月１０日、自己の計算において、ゾゾ株式合計２万５９７７株を買付価額合計５４８９万５１２８円で買い付けたものである。 違反行為事実の概要については、 下記概要図 のとおり。 課徴金納付命令対象者が行った上記の行為は、金融商品取引法第１７５条第２項に規定する「第１６７条第３項の規定に違反して、同条第１項に規定する特定株券等若しくは関連株券等に係る買付け等をした」行為に該当すると認められる。 ３．課徴金の額の計算 上記の違法行為について金融商品取引法に基づき算定される課徴金の額は、１３０３万円である。 計算方法の詳細については、 別紙 のとおり。 ４．その他 本件については、中国証券監督管理委員会（China Securities Regulatory Commission）から支援を受けている。また、日本取引所自主規制法人から提供された情報も参考として、実態解明を行ったものである。 （概要図）,1
2023-06-30,受託する証券会社・投資銀行,,「金融商品取引法における課徴金事例集～不公正取引編～」の公表について,https://www.fsa.go.jp/sesc/jirei/torichou/20230630.html,"令和５年６月３０日 証券取引等監視委員会 「金融商品取引法における課徴金事例集～不公正取引編～」の公表について 証券取引等監視委員会は、令和4年度版の「 金融商品取引法における課徴金事例集～不公正取引編～ （PDF:6,263KB） 」を取りまとめましたので、公表します。 本書は、証券取引等監視委員会（以下、「証券監視委」という。）が、主に令和4年4月から令和5年3月までの間に、金融商品取引法違反となる不公正取引に関し課徴金納付命令の勧告を行った事案の概要を取りまとめ、事例として紹介するものです。各事例において、勧告することの意義や特徴等も記載しています。 証券監視委としては、不公正取引の未然防止という観点から、本書を、 （１）重要事実等の発生源となる上場会社等におけるインサイダー取引管理態勢の一層の充実 （２）公開買付け等企業再編の当事者からフィナンシャル・アドバイザリー業務等を受託する証券会社・投資銀行等における重要事実等の情報管理の徹底 （３）証券市場のゲートキーパーとしての役割を担う証券会社における適正な売買審査の実施 のためにそれぞれ役立てていただくことを期待しています。 本書が活用されることにより、すべての市場利用者による自己規律の強化、市場の公正性・透明性の確保及び投資者保護につながることを強く期待しています。 過去の課徴金事例集はこちら",1
2023-06-30,セルソース株式会社,4880,セルソース株式会社社員による内部者取引に対する課徴金納付命令の勧告について,https://www.fsa.go.jp/sesc/news/c_2023/2023/20230630-1.html,"English version 令和5年6月30日 証券取引等監視委員会 セルソース株式会社社員による内部者取引に対する課徴金納付命令の勧告について １．勧告の内容 証券取引等監視委員会は、セルソース株式会社社員による内部者取引について検査した結果、下記のとおり法令違反の事実が認められたので、本日、内閣総理大臣及び金融庁長官に対して、金融庁設置法第２０条第１項の規定に基づき、課徴金納付命令を発出するよう勧告を行った。 ２．法令違反の事実関係 課徴金納付命令対象者は、セルソース株式会社（以下「セルソース」という。）の社員であったが、その職務に関し、セルソースの令和２年１１月１日から令和３年１０月３１日までの事業年度の経常利益について、令和３年６月１４日に公表がされた直近の予想値（経常利益７億７１００万円）に比較して、同社が新たに算出した予想値（経常利益１０億６００万円）において、投資者の投資判断に及ぼす影響が重要なものとなる差異が生じた旨の重要事実を知りながら、同社において新たに算出した同事業年度の予想値の公表がされた令和３年１２月８日より前の同月６日から同月７日までの間、第三者名義の証券口座で自己の計算において、セルソース株式合計３００株を買付価額合計２０７万１０００円で買い付けたものである。 違反行為事実の概要については、 別図 のとおり。 課徴金納付命令対象者が行った上記の行為は、金融商品取引法第１７５条第１項に規定する「第１６６条第１項の規定に違反して、同条第１項に規定する売買等をした」行為に該当すると認められる。 ３．課徴金の額の計算 上記の違反行為に対し、金融商品取引法に基づき納付を命じられる課徴金の額は、４４万円である。 計算方法の詳細については、 別紙 のとおり。 （別図） ○違反行為事実の概要について （クリックすると拡大されます） （別紙） ○課徴金の額の計算方法について １．金融商品取引法第１７５条第１項第２号の規定により、当該有価証券の買付けについて、業務等に関する重要事実の公表がされた後２週間における最も高い価格（8,400円）に当該有価証券の買付けの数量を乗じて得た額から、当該有価証券の買付けをした価格にその数量を乗じて得た額を控除した額。 （8,400円×300株） －(6,850円×100株＋6,930円×200株） ＝449,000円 ２．金融商品取引法第１７６条第２項の規定により、上記１．で計算した額の１万円未満の端数を切捨て、 440,000円となる。",1
2023-06-27,東都水産株式会社,,東都水産株式会社役員から伝達を受けた者による内部者取引に対する課徴金納付命令の勧告について,https://www.fsa.go.jp/sesc/news/c_2023/2023/20230627-1.html,"English version 令和5年6月27日 証券取引等監視委員会 東都水産株式会社役員から伝達を受けた者による内部者取引に対する課徴金納付命令の勧告について １．勧告の内容 証券取引等監視委員会は、東都水産株式会社役員から伝達を受けた者による内部者取引について検査した結果、下記のとおり法令違反の事実が認められたので、本日、内閣総理大臣及び金融庁長官に対して、金融庁設置法第２０条第１項の規定に基づき、課徴金納付命令を発出するよう勧告を行った。 ２．法令違反の事実関係 課徴金納付命令対象者は、東都水産株式会社（以下「東都水産」という。）の役員であった甲から、同人がその職務に関し知った、東都水産の役員らがその職務に関し合同会社ＡＳＴＳホールディングス（令和３年２月９日商号変更により合同会社麻生東水ホールディングス）からの伝達により知った同社の業務執行を決定する機関が東都水産株式の公開買付けを行うことについての決定をした旨の公開買付けの実施に関する事実の伝達を受けながら、上記事実の公表がされた令和２年１１月９日午後３時頃より前の同日午後２時３４分頃、自己の計算において、東都水産株式合計５００株を買付価額合計２１５万８０００円で買い付けたものである。 違反行為事実の概要については、 別図 のとおり。 課徴金納付命令対象者が行った上記の行為は、金融商品取引法第１７５条第２項に規定する「第１６７条第３項の規定に違反して、同条第１項に規定する特定株券等若しくは関連株券等に係る買付け等をした」行為に該当すると認められる。 ３．課徴金の額の計算 上記の違反行為に対し、金融商品取引法に基づき納付を命じられる課徴金の額は、２７万円である。 計算方法の詳細については、 別紙 のとおり。 ４．その他 役員甲については、令和４年１２月１日、東都水産株式に係る内部者取引及び課徴金納付命令対象者に対する情報伝達行為の嫌疑で、函館地方検察庁に告発済みである。 （別図） ○違反行為事実の概要について （クリックすると拡大されます） （別紙） ○課徴金の額の計算方法について １．金融商品取引法第１７５条第２項第２号の規定により、当該有価証券の買付けについて、公開買付け等の実施に関する事実の公表がされた後２週間における最も高い価格（4,864.5円）に当該有価証券の買付けの数量を乗じて得た額から、当該有価証券の買付けをした価格にその数量を乗じて得た額を控除した額。 （4,864.5円×500株） －(4,300円×100株＋4,315円×100株＋4,320円×200株＋4,325円×100株） ＝274,250円 ２．金融商品取引法第１７６条第２項の規定により、上記１．で計算した額の１万円未満の端数を切捨て、 270,000円となる。",1
2023-06-20,,,令和４年度「証券取引等監視委員会の活動状況」の公表について,https://www.fsa.go.jp/sesc/reports/n_2022/n_2022.html,"令和５年６月20日 証券取引等監視委員会 証券取引等監視委員会の活動状況の公表について 証券取引等監視委員会（以下「証券監視委」という。）は、金融庁設置法第22条の規定に基づき、毎年、活動状況等を公表しています。今回は、その31回目として、令和４年度（令和４年4月1日～令和５年3月31日）の「証券取引等監視委員会の活動状況」を公表します。 公表内容の主な記載内容 １．令和４（2022）年度の活動概要 情報提供窓口等を通じて6,713件の情報を受け付けるなど、市場全体について幅広い情報収集を行い、こうした情報等をもとに、不公正取引の疑いのある取引等について1,065件の審査を実施した。 金融商品取引業者等に対するリスクベースアプローチに基づく検査を行った結果、５件の行政処分勧告に至った。 不公正取引（課徴金納付命令勧告14件）や開示規制違反（同７件）へ迅速に対応しつつ、重大・悪質事案への厳正な対応（告発８件）を行った。 令和４（2022）年12月に第11期が発足し、新体制の下、当期における「中期活動方針」を策定した。 ２．金商業者等に対する証券モニタリング （行政処分勧告・無登録業者等） 行政処分勧告 規模・業態を踏まえたリスクアセスメントを実施 規模業態別の業務運営上の課題及びリスクを取りまとめ リスクアセスメントに応じた検査を実施 59件着手、５件の行政処分勧告 実効性ある内部管理態勢の構築等を促す取組みを実施 「留意すべき事項（問題は顕在化していないものの改善が必要な事項）」を検査終了通知書に記載し、問題意識をモニタリング先と共有 無登録業者等 金商法違反行為に対する裁判所への禁止・停止命令発出の申立て 投資者被害拡大防止のため、無登録業者等による金商法違反行為に対する裁判所への禁止・停止命令発出を求める申立てを実施 関係機関との連携強化 金融庁関連部局、各財務局、捜査当局及び消費者庁等との連携を強化 ３．不公正取引の調査 （課徴金勧告） 内部者取引規制違反 勧告件数は８件 金融機関の職員が職務上知った情報を悪用し、内部者取引及び取引推奨を行った事案を勧告 情報伝達規制違反を１件、取引推奨規制違反を３件勧告 公開買付け等事実を重要事実とする勧告件数が多い 相場操縦規制違反 勧告件数は６件（うち、クロスボーダー事案は１件） 他人名義を含む複数の証券口座を使用し、買い板を厚くして下値を支えながら株価引上げを伴う対当売買を繰り返し行うことで第三者の取引を誘引したり、国債先物オプション取引においてオプションの原資産である長期国債先物の売買で見せ玉を行うなど、相場操縦の手口は複雑化・巧妙化 ４．開示規制違反の検査 （課徴金勧告） 開示規制違反の勧告件数は７件 以下のような事案について勧告を実施 関連当事者との取引に関する注記を記載しなかった事案 連結範囲に含めるべき海外子会社に対する売上の過大計上等の不適正な会計処理が行われた事案 重要事象等 ※ が存在するにもかかわらず、そのことを記載しなかった事案 ※ 将来にわたって事業活動を継続するとの前提に重要な疑義を生じさせるような事象又は状況等 開示規制違反の再発防止・未然防止の観点から、上場会社の経営陣とその背景・原因等について議論し、問題意識を共有 ５．犯則事件の調査 （告発） 犯則事件の告発件数は８件 内部者取引事件７件、相場操縦事件１件 公正・透明な市場の実現に向け、犯則調査の権限を適切に行使し、重大で悪質な不公正取引等に厳正に対応 ６．市場監視を支えるインフラの整備（デジタル技術、人材の活用） デジタル技術を活用した市場監視業務の高度化・効率化の推進 （例）金融機関に対する預貯金照会サービス利用開始準備（令和５年４月契約） ※ ※ 約100の金融機関が参加（令和５（2023）年３月時点）。照会・回答業務のデジタル化を通じて、金融機関・証券監視委双方の業務負荷を軽減。 市場監視の土台となるシステム等の機能強化 デジタルフォレンジック技術の一層の向上及びシステムの高度化 OJTを通じた職員の専門性向上や高い専門的知識を有する人材の登用 ７．市場規律強化に向けた取組み 多様なチャネルを通じた情報発信 ウェブサイトや講演、寄稿など多様なチャネルを通じて、勧告事案等の意義や問題点等を発信 違反行為等の再発防止・未然防止に向け、事例集やコラム（年次公表）を通じた注意喚起を実施 市場環境整備への積極的な貢献 「合同会社による社員権の取得勧誘について」(令和４(2022)年６月21日)の建議を実施 自主規制機関等との連携 売買審査等で日常的に連携したほか、定期的な意見交換により相互の問題意識を適時に共有 証券会社における売買管理に関する要請 証券会社に対し、自社の売買管理態勢を自主点検し、売買管理の実効性を高めるよう要請 海外当局との連携 証券監督者国際機構（IOSCO）において、証券規制の課題等の議論に積極的に参加したほか、IOSCO MMoU ※ に基づく情報交換により、クロスボーダー取引による違反行為に対して迅速な法執行を実施 ※ IOSCO MMoU ：IOSCOが策定する協議・協力及び情報交換に関する多国間覚書 海外当局職員への研修の実施等により、当局間ネットワークの強化や問題意識を共有 「証券取引等監視委員会の活動状況」の本文へ 全体版（PDF/4.474KB） 主なポイント（PDF/873KB） 本編（PDF/1,768KB） 附属資料編（PDF/2,711KB） ポイントの英語版（PDF/681KB） （仮訳）",1
2023-03-28,株式会社ＢｕｙＳｅｌｌ　Ｔｅｃｈｎｏｌｏｇｉｅｓ,7685,株式会社ＢｕｙＳｅｌｌ　Ｔｅｃｈｎｏｌｏｇｉｅｓとの契約締結交渉者の代理人による内部者取引違反行為及び取引推奨違反行為に対する課徴金納付命令の勧告について,https://www.fsa.go.jp/sesc/news/c_2023/2023/20230328-1.html,"English version 令和５年３月28日 証券取引等監視委員会 株式会社ＢｕｙＳｅｌｌ　Ｔｅｃｈｎｏｌｏｇｉｅｓとの契約締結交渉者の代理人による内部者取引違反行為及び取引推奨違反行為に対する課徴金納付命令の勧告について １．勧告の内容 証券取引等監視委員会は、株式会社ＢｕｙＳｅｌｌ　Ｔｅｃｈｎｏｌｏｇｉｅｓとの契約締結交渉者の代理人による内部者取引及び取引推奨行為について検査した結果、下記のとおり法令違反の事実が認められたので、本日、内閣総理大臣及び金融庁長官に対して、金融庁設置法第２０条第１項の規定に基づき、課徴金納付命令を発出するよう勧告を行った。 ２．法令違反の事実関係 課徴金納付命令対象者は、株式会社ダイヤコーポレーション（以下「ダイヤコーポ」という。令和２年１０月３０日「株式会社タイムレス」に商号変更。）の代理人として、ダイヤコーポが、株式会社ＢｕｙＳｅｌｌ　Ｔｅｃｈｎｏｌｏｇｉｅｓ（以下「バイセル」という。）との間で行っていた株式交換契約の締結の交渉業務に従事していた者であるが、上記契約の締結の交渉に関し、バイセルの業務執行を決定する機関が、①ダイヤコーポの株式を取得して子会社化すること及び②バイセルを完全親会社とし、ダイヤコーポを完全子会社とする株式交換を行うことについての決定をした旨の重要事実を知りながら、 （１）違反行為事実Ａ 上記各事実の公表がされた令和２年８月２８日午後３時頃より前の同月１３日から同月２８日午前１０時１６分頃までの間、第三者名義の証券口座で自己の計算において、バイセル株式合計１４００株を買付価額合計３４０万４００円で買い付けたものである。 （２）違反行為事実Ｂ 遅くとも同月１１日までに、被推奨者に対し、上記各事実の公表がされる前にバイセル株式の買付けをさせることにより同人に利益を得させる目的をもって、同株式の買付けをすることを勧めたものである。 被推奨者は、上記各事実の公表がされた同月２８日より前の同月１３日、バイセル株式合計２００株を買付価額合計４４万５７００円で買い付けたものである。 違反行為事実の概要については、 別図 のとおり。 課徴金納付命令対象者が行った 上記（１）の行為は、金融商品取引法第１７５条第１項に規定する「第１６６条第１項の規定に違反して、同条第１項に規定する売買等をした」行為に該当すると認められる。 上記（２）の行為は、金融商品取引法第１７５条の２第１項に規定する「第１６７条の２第１項の規定に違反して、同項の伝達をし、又は同項の買付け等をすることを勧める」行為に該当すると認められる。 ３．課徴金の額の計算 上記の違反行為に対し、金融商品取引法に基づき納付を命じられる課徴金の額は、３０３万円である。 計算方法の詳細については、 別紙 のとおり。 （別図） ○違反行為事実の概要について （クリックすると拡大されます） （別紙） ○課徴金の額の計算方法について １．違反行為事実Ａに係る課徴金の額 （１）金融商品取引法第１７５条第１項第２号の規定により、当該有価証券の買付けについて、業務等に関する重要事実の公表がされた後２週間における最も高い価格（4,440円）に当該有価証券の買付けの数量を乗じて得た額から、当該有価証券の買付けをした価格にその数量を乗じて得た額を控除した額。 （4,440円×1,400株） －(2,153円×200株＋2,184円×200株＋2,335円×400株＋2,590円×200株＋2,700円×200株＋2,705円×200株） ＝2,815,600円 （２）金融商品取引法第１７６条第２項の規定により、上記（１）で計算した額の１万円未満の端数を切捨て、2,810,000円となる。 ２．違反行為事実Ｂに係る課徴金の額 （１）金融商品取引法第１７５条の２第１項第３号の規定により、当該違反行為により当該情報受領者等が行った当該買付けによって得た利得相当額に２分の１を乗じて得た額。 利得相当額とは、同条第３項第２号の規定により、情報受領者等が特定有価証券等の買付けをした場合、当該特定有価証券等の買付けについて、業務等に関する重要事実の公表がされた後２週間における最も高い価格（4,440円）に当該特定有価証券等の買付けの数量を乗じて得た額から、当該特定有価証券等の買付けをした価格にその数量を乗じて得た額を控除した額。 {(4,440円×200株） －(2,228円×100株＋2,229円×100株)}×1/2 ＝221,150円 （２）金融商品取引法第１７６条第２項の規定により、上記（１）で計算した額の１万円未満の端数を切捨て、220,000円となる。 ３．上記１．及び２．により算定した額の合計 2,810,000円＋220,000円＝3,030,000円となる。",1
2023-03-03,総合メディカルホールディングス株式会社,,総合メディカルホールディングス株式会社株券及び株式会社スペースバリューホールディングス株券に係る内部者取引事件の告発について,https://www.fsa.go.jp/sesc/news/c_2023/2023/20230303-1.html,English version 令和５年３月３日 証券取引等監視委員会 総合メディカルホールディングス株式会社株券及び 株式会社スペースバリューホールディングス株券に係る 内部者取引事件の告発について 証券取引等監視委員会は、本日、金融商品取引法違反（内部者取引）の嫌疑で、嫌疑者１名を東京地方検察庁に告発した。告発の対象となった犯則事実については下記のとおり。 １．告発の対象となった犯則事実 犯則嫌疑者Ａは、ポラリス・キャピタル・グループ株式会社（以下「ポラリス」という。）に勤務していたものであるが 第１　令和元年１２月上旬頃、その職務に関し、ポラリスの業務執行を決定する機関が、東京証券取引所に株券を上場していた総合メディカルホールディングス株式会社（以下「総合メディカル」という。）株券の公開買付けを行うことについての決定をした旨の公開買付けの実施に関する事実を知り、法定の除外事由がないのに、同事実の公表前である令和２年１月中旬頃から同年２月上旬頃までの間、証券会社を介し、東京証券取引所において、自己名義で、総合メディカルの株券合計２０００株を代金合計約４２０万円で買い付け 第２　令和３年９月下旬頃、その職務に関し、ポラリスの業務執行を決定する機関が、東京証券取引所に株券を上場していた株式会社スペースバリューホールディングス（以下「スペースバリュー」という。）株券の公開買付けを行うことについての決定をした旨の公開買付けの実施に関する事実を知り、法定の除外事由がないのに、同事実の公表前である同年１１月上旬頃から同月中旬頃までの間、証券会社を介し、東京証券取引所等において、自己名義で、スペースバリューの株券合計２万７０００株を代金合計約２３９０万円で買い付け たものである。 ２．関連条文 金融商品取引法 第１９７条の２第１３号、第１６７条第１項第１号 法定刑：５年以下の懲役若しくは５００万円以下の罰金又はこれを併科,1
2023-02-28,株式会社Ｎ・フィールド,,株式会社Ｎ・フィールド社員から伝達を受けた者による内部者取引及び当該社員による公開買付けの実施に関する事実に係る伝達行為に対する課徴金納付命令の勧告について,https://www.fsa.go.jp/sesc/news/c_2023/2023/20230228-1.html,"English version 令和5年2月28日 証券取引等監視委員会 株式会社Ｎ・フィールド社員から伝達を受けた者による内部者取引及び当該社員による公開買付けの実施に関する事実に係る伝達行為に対する課徴金納付命令の勧告について １．勧告の内容 証券取引等監視委員会は、株式会社Ｎ・フィールド社員から伝達を受けた者による内部者取引及び当該社員による公開買付けの実施に関する事実に係る伝達行為について検査した結果、下記のとおり法令違反の事実が認められたので、本日、内閣総理大臣及び金融庁長官に対して、金融庁設置法第２０条第１項の規定に基づき、課徴金納付命令を発出するよう勧告を行った。 ２．法令違反の事実関係 （１）課徴金納付命令対象者(1)について 課徴金納付命令対象者(1)は、株式会社Ｎ・フィールド（以下「Ｎ社」という。令和３年６月１８日上場廃止。）の社員であった課徴金納付命令対象者(2)から、同人がその職務に関しユニゾン・キャピタル株式会社からの伝達により知った、同社の業務執行を決定する機関がＮ社株式の公開買付けを行うことについての決定をした旨の公開買付けの実施に関する事実の伝達を受けながら、上記事実の公表がされた令和３年２月５日午後３時頃より前の同月３日から同月５日午後０時３１分頃までの間、自己の計算において、Ｎ社株式合計９００株を買付価額合計７４万５９００円で買い付けたものである。 違反行為事実の概要については、 別図 のとおり。 課徴金納付命令対象者(1)が行った上記の行為は、金融商品取引法第１７５条第２項に規定する「第１６７条第３項の規定に違反して、同条第１項に規定する特定株券等若しくは関連株券等に係る買付け等をした」行為に該当すると認められる。 （２）課徴金納付命令対象者⑵について 課徴金納付命令対象者(2)は、Ｎ社の社員であったが、その職務に関し、ユニゾン・キャピタル株式会社からの伝達により、同社の業務執行を決定する機関がＮ社株式の公開買付けを行うことについての決定をした旨の公開買付けの実施に関する事実を知りながら、知人の課徴金納付命令対象者(1)に対し、上記事実の公表がされる前にＮ社株式の買付けをさせることにより同人に利益を得させる目的をもって、伝達したものであり、これにより伝達を受けた同人が、上記事実の公表がされた令和３年２月５日午後３時頃より前の同月３日から同月５日午後０時３１分頃までの間、Ｎ社株式合計９００株を買付価額合計７４万５９００円で買い付けたものである。 違反行為事実の概要については、 別図 のとおり。 課徴金納付命令対象者(2)が行った上記の行為は、金融商品取引法第１７５条の２第２項に規定する「第１６７条の２第２項の規定に違反して、同項の伝達をし、又は同項の買付け等をすることを勧める」行為に該当すると認められる。 ３．課徴金の額の計算 上記の違反行為に対し、金融商品取引法に基づき納付を命じられる課徴金の額は、下記の通りである。 課徴金納付命令対象者⑴　３４万円 課徴金納付命令対象者⑵　１７万円 計算方法の詳細については、 別紙 のとおり。 ４．その他 本件については、日本取引所自主規制法人より提供された情報等を参考として、実態解明を行ったものである。 （別図） ○違反行為事実の概要について （クリックすると拡大されます） （別紙） ○課徴金の額の計算方法について １． 課徴金納付命令対象者(1)について （１） 金融商品取引法第１７５条第２項第２号の規定により、当該有価証券の買付けについて、公開買付け等の実施に関する事実の公表がされた後２週間における最も高い価格（1,210円）に当該有価証券の買付けの数量を乗じて得た額から、当該有価証券の買付けをした価格にその数量を乗じて得た額を控除した額。 （1,210円×900株） －(823円×300株＋825円×300株＋837円×100株＋838円×100株＋840円×100株) ＝343,100円 （２） 金融商品取引法第１７６条第２項の規定により、上記（１）で計算した額の１万円未満の端数を切捨て、340,000円となる。 ２． 課徴金納付命令対象者(2)について （１） 金融商品取引法第１７５条の２第２項第３号の規定により、当該違反行為により当該情報受領者等が行った当該買付けによって得た利得相当額に２分の１を乗じて得た額。 利得相当額とは、同条第４項第２号の規定により、情報受領者等が株券等の買付けをした場合、当該株券等の買付けについて、公開買付け等の実施に関する事実の公表がされた後２週間における最も高い価格（1,210円）に当該株券等の買付けの数量を乗じて得た額から、当該株券等の買付けをした価格にその数量を乗じて得た額を控除した額。 {（1,210円×900株） －(823円×300株＋825円×300株＋837円×100株＋838円×100株＋840円×100株)} ×1/2 ＝171,550円 （２） 金融商品取引法第１７６条２項の規定により、上記（１）で計算した額の１万円未満の端数を切捨て、170,000円となる。",1
2024-12-23,ＫＤＤＩ株式会社,9433,東京証券取引所社員が関与した内部者取引事件の告発について,https://www.fsa.go.jp/sesc/news/c_2024/2024/20241223-2.html,English version 令和６年１２月２３日 証券取引等監視委員会 東京証券取引所社員が関与した内部者取引事件の告発について 証券取引等監視委員会は、本日、金融商品取引法違反（内部者取引、情報伝達）の嫌疑で、嫌疑者２名を東京地方検察庁に告発した。告発の対象となった犯則事実については下記のとおり。 １．告発の対象となった犯則事実 犯則嫌疑者Ａは、株式会社東京証券取引所（以下「東京証券取引所」という。）上場部開示業務室に勤務していた同社の従業員であり、犯則嫌疑者Ｂは、Ａの実父であるが 第１　Ａは、令和６年１月２５日頃及び同月２６日頃、その職務に関し、東京証券取引所の従業員らが、ＫＤＤＩ株式会社（以下「ＫＤＤＩ」という。）が東京証券取引所と締結した株券上場契約の履行に関し知った、ＫＤＤＩの業務執行を決定する機関が、東京証券取引所が開設する有価証券市場に株券を上場していた株式会社ローソン（以下「ローソン」という。）の株券の公開買付けを行うことについての決定をした旨の公開買付けの実施に関する事実を知り、あらかじめローソンの株券を買い付けさせて利益を得させる目的をもって、同月２９日頃から同月３０日頃までの間に、Ｂに対し、同公開買付けの実施に関する事実を伝達したものであり、これにより伝達を受けた同人が、法定の除外事由がないのに、同公開買付けの実施に関する事実の公表前である同日から同年２月２日までの間、証券会社を介し、東京証券取引所等において、同人名義で、ローソンの株券合計１２００株を代金合計約１０２０万円で買い付け 第２　Ｂは、同年１月２９日頃から同月３０日頃までの間に、Ａから、同人がその職務に関し知った前記第１記載の公開買付けの実施に関する事実の伝達を受け、法定の除外事由がないのに、同公開買付けの実施に関する事実の公表前である同日から同年２月２日までの間、証券会社を介し、東京証券取引所等において、Ｂ名義で、ローソンの株券合計１２００株を代金合計約１０２０万円で買い付け 第３　Ａは、同年３月２５日頃、ヒューリック株式会社（以下「ヒューリック」という。）が東京証券取引所と締結した株券上場契約の履行に関し、ヒューリックの業務執行を決定する機関が、東京証券取引所が開設する有価証券市場に株券を上場していた株式会社リソー教育（以下「リソー教育」という。）の株券の公開買付けを行うことについての決定をした旨の公開買付けの実施に関する事実を知り、あらかじめリソー教育の株券を買い付けさせて利益を得させる目的をもって、同月２８日頃、Ｂに対し、同公開買付けの実施に関する事実を伝達したものであり、これにより伝達を受けた同人が、法定の除外事由がないのに、同公開買付けの実施に関する事実の公表前である同月２９日及び同年４月１日、証券会社を介し、東京証券取引所等において、同人名義で、リソー教育の株券合計１万１０００株を代金合計約２４４万円で買い付け 第４　Ｂは、同年３月２８日頃、Ａから、同人が同契約の履行に関し知った前記第３記載の公開買付けの実施に関する事実の伝達を受け、法定の除外事由がないのに、同公開買付けの実施に関する事実の公表前である同月２９日及び同年４月１日、証券会社を介し、東京証券取引所等において、Ｂ名義で、リソー教育の株券合計１万１０００株を代金合計約２４４万円で買い付け 第５　Ａは、同年３月２９日頃、その職務に関し、東京証券取引所の従業員らが、株式会社ＮＴＴデータ（以下「ＮＴＴデータ」という。）の親会社である株式会社ＮＴＴデータグループが東京証券取引所と締結した株券上場契約の履行に関し知った、ＮＴＴデータの業務執行を決定する機関が、東京証券取引所が開設する有価証券市場に株券を上場していた株式会社ジャステック（以下「ジャステック」という。）の株券の公開買付けを行うことについての決定をした旨の公開買付けの実施に関する事実を知り、あらかじめジャステックの株券を買い付けさせて利益を得させる目的をもって、同日頃、Ｂに対し、同公開買付けの実施に関する事実を伝達したものであり、これにより伝達を受けた同人が、法定の除外事由がないのに、同公開買付けの実施に関する事実の公表前である同日及び同年４月１日、証券会社を介し、東京証券取引所等において、同人名義で、ジャステックの株券合計３０００株を代金合計約４４２万円で買い付け 第６　Ｂは、同年３月２９日頃、Ａから、同人がその職務に関し知った前記第５記載の公開買付けの実施に関する事実の伝達を受け、法定の除外事由がないのに、同公開買付けの実施に関する事実の公表前である同日及び同年４月１日、証券会社を介し、東京証券取引所等において、Ｂ名義で、ジャステックの株券合計３０００株を代金合計約４４２万円で買い付け たものである。 ２．関連条文 金融商品取引法 第１、第３、第５　同法第１９７条の２第１５号、第１６７条の２第２項 第２、第６　　　　同法第１９７条の２第１３号、第１６７条第３項、 同条第１項第６号 第４　　　　　　　同法第１９７条の２第１３号、第１６７条第３項、 同条第１項第４号 法定刑：５年以下の懲役若しくは５００万円以下の罰金又はこれを併科,1
2024-12-23,三益半導体工業株式会社,,金融庁職員による内部者取引事件の告発について,https://www.fsa.go.jp/sesc/news/c_2024/2024/20241223-1.html,English version 令和６年１２月２３日 証券取引等監視委員会 金融庁職員による内部者取引事件の告発について 証券取引等監視委員会は、本日、金融商品取引法違反（内部者取引）の嫌疑で、嫌疑者１名を東京地方検察庁に告発した。告発の対象となった犯則事実については下記のとおり。 １．告発の対象となった犯則事実 犯則嫌疑者は、金融庁企画市場局企業開示課課長補佐として、金融庁長官の命を受けて、同課が所掌する金融商品取引法の規定による公開買付届出書その他の書類の審査及び処分などの職務に従事していたものであるが、同職務上の権限の行使に関し 第１　令和６年４月１７日頃、信越化学工業株式会社の業務執行を決定する機関が、東京証券取引所が開設する有価証券市場に株券を上場していた三益半導体工業株式会社（以下「三益半導体」という。）の株券の公開買付けを行うことについての決定をした旨の公開買付けの実施に関する事実を知り、法定の除外事由がないのに、同公開買付けの実施に関する事実が公表される前である同日、証券会社を介し、東京証券取引所において、自己名義で、三益半導体の株券合計１００株を代金合計約２９万円で買い付け 第２　遅くとも同月２５日頃までに、マルシアンホールディングス合同会社の業務執行を決定する機関が、東京証券取引所が開設する有価証券市場に株券を上場していた日本ハウズイング株式会社（以下「日本ハウズイング」という。）の株券の公開買付けを行うことについての決定をした旨の公開買付けの実施に関する事実を知り、法定の除外事由がないのに、同公開買付けの実施に関する事実が公表される前である同月３０日、証券会社を介し、東京証券取引所において、自己名義で、日本ハウズイングの株券合計３００株を代金合計約３２万円で買い付け 第３　遅くとも同年５月２８日頃までに、株式会社ＲＳ　Ｔｅｃｈｎｏｌｏｇｉｅｓの業務執行を決定する機関が、東京証券取引所が開設する有価証券市場に株券を上場していたヘリオステクノホールディング株式会社（以下「ヘリオステクノ」という。）の株券の公開買付けを行うことについての決定をした旨の公開買付けの実施に関する事実を知り、法定の除外事由がないのに、同公開買付けの実施に関する事実が公表される前である同日、証券会社を介し、東京証券取引所において、自己名義で、ヘリオステクノの株券合計５００株を代金合計約２４万円で買い付け 第４　遅くとも同年７月４日頃までに、燦ホールディングス株式会社の業務執行を決定する機関が、東京証券取引所が開設する有価証券市場に株券を上場していた株式会社きずなホールディングス（以下「きずなホールディングス」という。）の株券の公開買付けを行うことについての決定をした旨の公開買付けの実施に関する事実を知り、法定の除外事由がないのに、同公開買付けの実施に関する事実が公表される前である同日及び同月９日、証券会社を介し、東京証券取引所において、自己名義で、きずなホールディングスの株券合計７００株を代金合計約９６万円で買い付け 第５　遅くとも同月２３日頃までに、株式会社ＡＳＮの業務執行を決定する機関が、東京証券取引所が開設する有価証券市場に株券を上場していたＡＰＡＭＡＮ株式会社（以下「ＡＰＡＭＡＮ」という。）の株券の公開買付けを行うことについての決定をした旨の公開買付けの実施に関する事実を知り、法定の除外事由がないのに、同公開買付けの実施に関する事実が公表される前である同日、証券会社を介し、東京証券取引所等において、自己名義で、ＡＰＡＭＡＮの株券合計７００株を代金合計約３５万円で買い付け 第６　前同日頃、オカモト株式会社の業務執行を決定する機関が、東京証券取引所が開設する有価証券市場に株券を上場していた理研コランダム株式会社（以下「理研コランダム」という。）の株券の公開買付けを行うことについての決定をした旨の公開買付けの実施に関する事実を知り、法定の除外事由がないのに、同公開買付けの実施に関する事実が公表される前である同日、証券会社を介し、東京証券取引所において、自己名義で、理研コランダムの株券合計２００株を代金合計約５４万円で買い付け 第７　遅くとも同年８月１４日頃までに、ディービー　ピラミッド　ホールディングス　エルエルシーの業務執行を決定する機関が、東京証券取引所が開設する有価証券市場に株券を上場していた株式会社ＪＴＯＷＥＲ（以下「ＪＴＯＷＥＲ」という。）の株券の公開買付けを行うことについての決定をした旨の公開買付けの実施に関する事実を知り、法定の除外事由がないのに、同公開買付けの実施に関する事実が公表される前である同日、証券会社を介し、東京証券取引所において、自己名義で、ＪＴＯＷＥＲの株券合計３００株を代金合計約４２万円で買い付け 第８　遅くとも前同日頃までに、株式会社トーハンの業務執行を決定する機関が、東京証券取引所が開設する有価証券市場に株券を上場していた日本出版貿易株式会社（以下「日本出版貿易」という。）の株券の公開買付けを行うことについての決定をした旨の公開買付けの実施に関する事実を知り、法定の除外事由がないのに、同公開買付けの実施に関する事実が公表される前である同日、証券会社を介し、東京証券取引所において、自己名義で、日本出版貿易の株券合計４００株を代金合計約１０８万円で買い付け 第９　遅くとも同月１９日頃までに、ファースト住建株式会社の業務執行を決定する機関が、東京証券取引所が開設する有価証券市場に株券を上場していた株式会社ＫＨＣ（以下「ＫＨＣ」という。）の株券の公開買付けを行うことについての決定をした旨の公開買付けの実施に関する事実を知り、法定の除外事由がないのに、同公開買付けの実施に関する事実が公表される前である同月２０日から同月２２日までの間、証券会社を介し、東京証券取引所等において、自己名義で、ＫＨＣの株券合計２９００株を代金合計約２０２万円で買い付け 第１０　遅くとも同月２９日頃までに、株式会社千葉銀行の業務執行を決定する機関が、東京証券取引所が開設する有価証券市場に株券を上場していたエッジテクノロジー株式会社（以下「エッジテクノロジー」という。）の株券の公開買付けを行うことについての決定をした旨の公開買付けの実施に関する事実を知り、法定の除外事由がないのに、同公開買付けの実施に関する事実が公表される前である同日から同年９月５日までの間、証券会社を介し、東京証券取引所等において、自己名義で、エッジテクノロジーの株券合計５７００株を代金合計約３２４万円で買い付け たものである。 ２．関連条文 金融商品取引法 第１９７条の２第１３号、第１６７条第１項第３号 法定刑：５年以下の懲役若しくは５００万円以下の罰金又はこれを併科,1
2024-10-25,株式会社アルファクス・フード・システム,,株式会社アルファクス・フード・システムとの契約締結交渉者による取引推奨行為並びに同契約締結交渉者及び同社役員から情報伝達を受けた者４名による内部者取引に対する課徴金納付命令の勧告について,https://www.fsa.go.jp/sesc/news/c_2024/2024/20241025-1.html,English version 令和６年10月25日 証券取引等監視委員会 株式会社アルファクス・フード・システムとの契約締結交渉者による取引推奨行為並びに同契約締結交渉者及び同社役員から情報伝達を受けた者４名による内部者取引に対する課徴金納付命令の勧告について １．勧告の内容 証券取引等監視委員会は、株式会社アルファクス・フード・システムとの契約締結交渉者による取引推奨行為並びに同契約締結交渉者及び同社役員から情報伝達を受けた者４名による内部者取引について検査した結果、下記のとおり法令違反の事実が認められたので、本日、内閣総理大臣及び金融庁長官に対して、金融庁設置法第２０条第１項の規定に基づき、課徴金納付命令を発出するよう勧告を行った。 ２．法令違反の事実関係 （１）課徴金納付命令対象者（１）について 課徴金納付命令対象者（１）は、株式会社アルファクス・フード・システム（以下「アルファクス」という。）との間で、その発行する株式に係る総数引受契約の締結の交渉をしていた者であるが、同契約の締結の交渉に関し、アルファクスの業務執行を決定する機関がその発行する株式を引き受ける者の募集を行うことについての決定をした旨の重要事実を知りながら、知人の被推奨者甲及び被推奨者乙に対し、同重要事実の公表がされる前にアルファクス株式の買付けをさせることにより同人らに利益を得させる目的をもって、同株式の買付けをすることを勧めたものであり、これにより買付けを勧められた ア．被推奨者甲が、前記重要事実の公表がされた令和５年６月３０日より前の同年２月２０日から同年６月２７日までの間、アルファクス株式合計１万８５００株を買付価額合計１００８万６９９０円で買い付け イ．被推奨者乙が、前記重要事実の公表がされた令和５年６月３０日より前の同年２月２０日から同月２４日までの間、アルファクス株式合計３１００株を買付価額合計１０１万３７００円で買い付け たものである(違反行為事実A)。 違反行為事実の概要については、 別図 のとおり。 課徴金納付命令対象者（１）が行った上記の行為は、金融商品取引法第１７５条の２第１項に規定する「第１６７条の２第１項の規定に違反して、同項の売買等をすることを勧める」行為に該当すると認められる。 （２）課徴金納付命令対象者（２）について 課徴金納付命令対象者（２）（被推奨者甲と同一人物）は、アルファクスとの間で、その発行する株式に係る総数引受契約の締結の交渉をしていた課徴金納付命令対象者（１）から、同人が同契約の締結の交渉に関し知った、アルファクスの業務執行を決定する機関がその発行する株式を引き受ける者の募集を行うことについての決定をした旨の重要事実の伝達を受けながら、同重要事実の公表がされた令和５年６月３０日より前の同年４月１０日から同年６月２７日までの間、アルファクス株式合計１万４５００株を、自己の計算において、買付価額合計８７７万４５００円で買い付けたものである(違反行為事実B)。 違反行為事実の概要については、 別図 のとおり。 課徴金納付命令対象者（２）が行った上記の行為は、金融商品取引法第１７５条第１項に規定する「第１６６条第３項の規定に違反して、同条第１項に規定する売買等をした」行為に該当すると認められる。 （３）課徴金納付命令対象者（３）について 課徴金納付命令対象者（３）は、アルファクスとの間で、その発行する株式に係る総数引受契約の締結の交渉をしていた課徴金納付命令対象者（１）から、同人が同契約の締結の交渉に関し知った、アルファクスの業務執行を決定する機関がその発行する株式を引き受ける者の募集を行うことについての決定をした旨の重要事実の伝達を受けながら、同重要事実の公表がされた令和５年６月３０日より前の同年５月１７日、親族名義で、アルファクス株式合計２万１０００株を、自己の計算において、買付価額合計１００９万５６６０円で買い付けたものである(違反行為事実C)。 違反行為事実の概要については、 別図 のとおり。 課徴金納付命令対象者（３）が行った上記の行為は、金融商品取引法第１７５条第１項に規定する「第１６６条第３項の規定に違反して、同条第１項に規定する売買等をした」行為に該当すると認められる。 （４）課徴金納付命令対象者（４）について 課徴金納付命令対象者（４）は、アルファクスとの間で、その発行する株式に係る総数引受契約の締結の交渉をしていた課徴金納付命令対象者（１）から、同人が同契約の締結の交渉に関し知った、アルファクスの業務執行を決定する機関がその発行する株式を引き受ける者の募集を行うことについての決定をした旨の重要事実の伝達を受けながら、同重要事実の公表がされた令和５年６月３０日より前の同月２８日、アルファクス株式合計１００株を、自己の計算において、買付価額合計５万６３００円で買い付けたものである(違反行為事実D)。 違反行為事実の概要については、 別図 のとおり。 課徴金納付命令対象者（４）が行った上記の行為は、金融商品取引法第１７５条第１項に規定する「第１６６条第３項の規定に違反して、同条第１項に規定する売買等をした」行為に該当すると認められる。 （５）課徴金納付命令対象者（５）について 課徴金納付命令対象者（５）は、アルファクスの役員であった者から、同人がその職務に関し知った、アルファクスの業務執行を決定する機関がその発行する株式を引き受ける者の募集を行うことについての決定をした旨の重要事実の伝達を受けながら、同重要事実の公表がされた令和５年６月３０日より前の同年４月１８日、アルファクス株式合計４００株を、自己の計算において、買付価額合計１６万４８００円で買い付けたものである(違反行為事実E)。 違反行為事実の概要については、 別図 のとおり。 課徴金納付命令対象者（５）が行った上記の行為は、金融商品取引法第１７５条第１項に規定する「第１６６条第３項の規定に違反して、同条第１項に規定する売買等をした」行為に該当すると認められる。 ３．課徴金の額の計算 上記の違反行為に対し、金融商品取引法に基づき納付を命じられる課徴金の額は、下記のとおりである。 課徴金納付命令対象者（１）３６２万円 課徴金納付命令対象者（２）３５５万円 課徴金納付命令対象者（３）７７５万円 課徴金納付命令対象者（４）　　２万円 課徴金納付命令対象者（５）　１７万円 計算方法の詳細については、 別紙 のとおり。 ４．その他 本件については、日本取引所自主規制法人より提供された情報等を参考として、実態解明を行ったものである。 （クリックすると拡大されます）,1
2024-09-13,株式会社ミンカブ・ジ・インフォノイド,4436,株式会社ミンカブ・ジ・インフォノイド役員からの情報受領者による内部者取引に対する課徴金納付命令の勧告について,https://www.fsa.go.jp/sesc/news/c_2024/2024/20240913-1.html,English version 令和6年9月13日 証券取引等監視委員会 株式会社ミンカブ・ジ・インフォノイド役員からの情報受領者による内部者取引に対する課徴金納付命令の勧告について １．勧告の内容 証券取引等監視委員会は、株式会社ミンカブ・ジ・インフォノイド役員からの情報受領者による内部者取引について検査した結果、下記のとおり法令違反の事実が認められたので、本日、内閣総理大臣及び金融庁長官に対して、金融庁設置法第２０条第１項の規定に基づき、課徴金納付命令を発出するよう勧告を行った。 ２．法令違反の事実関係 課徴金納付命令対象者は、株式会社ミンカブ・ジ・インフォノイド（以下「ミンカブ」という。）の役員であった者から、同人がその職務に関し知った、ミンカブの業務執行を決定する機関が、ＬＩＮＥ株式会社によって新たに設立される会社の全株式を取得し、同社をミンカブの完全子会社とすることについての決定をした旨の重要事実の伝達を受けながら、当該重要事実の公表がされた令和４年９月２８日より前の同月２０日及び同月２１日、ミンカブ株式合計１２００株を、自己の計算において、買付価額合計２３４万８１００円で買い付けたものである。 違反行為事実の概要については、 別図 のとおり。 課徴金納付命令対象者が行った上記の行為は、金融商品取引法第１７５条第１項に規定する「第１６６条第３項の規定に違反して、同条第１項に規定する売買等をした」行為に該当すると認められる。 ３．課徴金の額の計算 上記の違反行為に対し、金融商品取引法に基づき納付を命じられる課徴金の額は、３５万円である。 計算方法の詳細については、 別紙 のとおり。 （クリックすると拡大されます）,1
2024-06-27,,,「金融商品取引法における課徴金事例集～不公正取引編～」の公表について,https://www.fsa.go.jp/sesc/jirei/torichou/20240627.html,"令和６年６月２７日 証券取引等監視委員会 「金融商品取引法における課徴金事例集～不公正取引編～」の公表について 証券取引等監視委員会（以下、「証券監視委」といいます。）は、インサイダー取引や相場操縦といった不公正取引の未然防止などの観点から、令和５年度版の「 金融商品取引法における課徴金事例集～不公正取引編～ （PDF:7,109KB） 」を取りまとめましたので、公表します。 本書は、証券監視委が、主に令和５年４月から令和６年３月までの間に、金融商品取引法違反となる不公正取引に関し課徴金納付命令の勧告を行った事案について、分析を行うとともに概要を取りまとめ、事例として紹介するものです。 本書が活用されることにより、すべての市場利用者による自己規律の強化、市場の公正性・透明性の確保及び投資者保護につながれば幸いです。 過去の課徴金事例集 はこちら",1
2024-06-21,,,令和５年度「証券取引等監視委員会の活動状況」の公表について,https://www.fsa.go.jp/sesc/reports/n_2023/n_2023.html,"令和６年６月21日 証券取引等監視委員会 令和５年度「証券取引等監視委員会の活動状況」の公表について 証券取引等監視委員会は、金融庁設置法第22条の規定に基づき、毎年、活動状況等を公表しています。今般、令和５（2023）年度（令和５年４月１日～令和６年３月31日）の「証券取引等監視委員会の活動状況」を取りまとめましたので、公表します。 令和５（2023）年度 証券取引等監視委員会の活動状況 全体版 （PDF/20,120KB） 主なポイント （PDF/1,669KB） 本編 （PDF/8,321KB） 附属資料編 （PDF/30,868KB） ポイントの英語版 （PDF/662KB） 主な内容のご紹介 令和５（2023）年度の主なトピックス 時事トピックスとして「適合性原則違反」及び「高速取引行為による不公正取引」について紹介しています。 令和５（2023）年度の活動実績 １　取引審査の状況及び幅広い情報の収集・分析 ２　金商業者等に対する証券モニタリング（行政処分勧告等） ３　不公正取引の調査（課徴金勧告） ４　開示規制違反の検査（課徴金勧告） ５　犯則事件の調査（告発） ６　市場監視を支えるインフラの整備（デジタル技術、人材の活用） ７　市場規律強化に向けた取組み ８　グローバルな市場監視への貢献 監視委コラム １．無登録で投資商品の勧誘等を行う者にご用心！ ２．取引推奨規制を知っていますか？ ～インサイダー情報自体を伝えなくても、当該情報に基づく取引推奨行為は違反です！～ ３．海外からの取引にも監視の目を光らせています ～過去最多の海外当局と連携～ ４．非財務情報の重要性が増してきています！ ５．大量保有報告書・変更報告書は適正に提出していますか？",1
2024-06-04,Ａｂａｌａｎｃｅ株式会社,3856,Ａｂａｌａｎｃｅ株式会社株券に係る内部者取引事件の告発について,https://www.fsa.go.jp/sesc/news/c_2024/2024/20240604-1.html,English version 令和６年６月４日 証券取引等監視委員会 Ａｂａｌａｎｃｅ株式会社株券に係る内部者取引事件の告発について 証券取引等監視委員会は、本日、金融商品取引法違反（内部者取引）の嫌疑で、嫌疑者１名を東京地方検察庁に告発した。告発の対象となった犯則事実については下記のとおり。 １．告発の対象となった犯則事実 犯則嫌疑者は、東京証券取引所が開設する有価証券市場に株券を上場していたＡｂａｌａｎｃｅ株式会社（以下「Ａｂａｌａｎｃｅ」という。）の執行役員を務めていたものであるが、令和５年１月中旬頃、その職務に関し、太陽光パネルの製造販売等を営む子会社の業務執行を決定する機関が固定資産の取得を行うことについての決定をした旨の同社の業務等に関する重要事実を知り、法定の除外事由がないのに、同重要事実の公表前である同月下旬頃、証券会社を介し、東京証券取引所において、自己名義で、Ａｂａｌａｎｃｅの株券合計１万９４００株を代金合計約５３１６万円で買い付けたものである。 ２．関連条文 金融商品取引法 第１９７条の２第１３号、第１６６条第１項第１号、同条第２項第５号リ、同法施行令第２９条第３号 法定刑：５年以下の懲役若しくは５００万円以下の罰金又はこれを併科,1
2024-06-14,株式会社ストリームメディアコーポレーション,,株式会社ストリームメディアコーポレーションとの契約締結交渉者の社員から情報伝達を受けた者による内部者取引及び当該社員による重要事実に係る伝達行為に対する課徴金納付命令の勧告について,https://www.fsa.go.jp/sesc/news/c_2024/2024/20240614-1.html,English version 令和６年６月14日 証券取引等監視委員会 株式会社ストリームメディアコーポレーションとの契約締結交渉者の社員から情報伝達を受けた者による内部者取引及び当該社員による重要事実に係る伝達行為に対する課徴金納付命令の勧告について １．勧告の内容 証券取引等監視委員会は、株式会社ストリームメディアコーポレーションとの契約締結交渉者の社員から情報伝達を受けた者による内部者取引及び当該社員による重要事実に係る伝達行為について検査した結果、下記のとおり法令違反の事実が認められたので、本日、内閣総理大臣及び金融庁長官に対して、金融庁設置法第２０条第１項の規定に基づき、課徴金納付命令を発出するよう勧告を行った。 ２．法令違反の事実関係 （１）課徴金納付命令対象者（１）について 課徴金納付命令対象者（１）は、株式会社ストリームメディアコーポレーション（以下「ＳＭＣ」という。）と株式会社エスエム・エンタテインメント・ジャパン（以下「ＳＭジャパン」という。）の子会社として設立される株式会社ＳＭＥＪの合併にかかる契約の締結の交渉をしていたＳＭジャパンに勤務していた課徴金納付命令対象者（２）から、同人が上記契約締結の交渉に関し知った、ＳＭＣの業務執行を決定する機関が合併を行うことについての決定をした旨の重要事実の伝達を受けながら、上記重要事実の公表がされた令和２年５月２９日より前の同年４月１日から５月１２日までの間、自己名義及び第三者名義の証券口座で、自己の計算において、ＳＭＣ株式合計３万９７２０株を買付価額合計５２４万７４１０円で買い付けたものである。 違反行為事実の概要については、 下記概要図 のとおり。 課徴金納付命令対象者（１）が行った上記の行為は、金融商品取引法第１７５条第１項に規定する「第１６６条第３項の規定に違反して、同条第１項に規定する売買等をした」行為に該当すると認められる。 （２）課徴金納付命令対象者（２）について 課徴金納付命令対象者（２）は、ＳＭＣとＳＭジャパンの子会社として設立される株式会社ＳＭＥＪの合併にかかる契約の締結の交渉をしていたＳＭジャパンに勤務していた者であるが、同人が上記契約締結の交渉に関し知った、ＳＭＣの業務執行を決定する機関が合併を行うことについての決定をした旨の重要事実を、課徴金納付命令対象者（１）に対し、上記重要事実の公表がされる前にＳＭＣ株式の買付けをさせることにより同人に利益を得させる目的をもって、伝達したものであり、これにより伝達を受けた同人が、上記重要事実の公表がされた同年５月２９日より前の同年４月１日から５月１２日までの間、ＳＭＣ株式合計３万９７２０株を買付価額合計５２４万７４１０円で買い付けたものである。 違反行為事実の概要については、 下記概要図 のとおり。 課徴金納付命令対象者（２）が行った上記の行為は、金融商品取引法第１７５条の２第１項に規定する「第１６７条の２第１項の規定に違反して、同項の伝達をし、又は同項の買付け等をすることを勧める」行為に該当すると認められる。 ３．課徴金の額の計算 上記の違法行為に対し、金融商品取引法に基づき納付を命じられる課徴金の額は、下記のとおりである。 課徴金納付命令対象者（１）９１２万円 課徴金納付命令対象者（２）４５６万円 計算方法の詳細については、 別紙 のとおり。 ４．その他 本件については、大韓民国の金融委員会（Financial Services Commission）及び金融監督院（Financial Supervisory Service）から支援を受けている。 また、日本取引所自主規制法人から提供された情報等も参考として、実態解明を行ったものである。 （ 概要図）,1
2024-05-24,株式会社小僧寿し,,株式会社小僧寿し役員による内部者取引に対する課徴金納付命令の勧告について,https://www.fsa.go.jp/sesc/news/c_2024/2024/20240524-2.html,English version 令和6年5月24日 証券取引等監視委員会 株式会社小僧寿し役員による内部者取引に対する課徴金納付命令の勧告について １．勧告の内容 証券取引等監視委員会は、株式会社小僧寿し役員による内部者取引について検査した結果、下記のとおり法令違反の事実が認められたので、本日、内閣総理大臣及び金融庁長官に対して、金融庁設置法第２０条第１項の規定に基づき、課徴金納付命令を発出するよう勧告を行った。 ２．法令違反の事実関係 課徴金納付命令対象者は、株式会社小僧寿し（以下「小僧寿し」という。）の役員を務めていた者であるが、小僧寿しの属する企業集団の令和４年１月１日から同年１２月３１日までの事業年度の売上高、経常利益及び親会社株主に帰属する当期純利益について、同年２月２１日に公表がされた直近の予想値（売上高１２６億円、経常利益１億２０００万円及び親会社株主に帰属する当期純利益６０００万円）に比較して、同社が新たに算出した予想値（売上高１０１億８１００万円、経常損失４億７５００万円及び親会社株主に帰属する当期純損失５億９２００万円）において、投資者の投資判断に及ぼす影響が重要なものとなる差異が生じた旨の重要事実を、その職務に関し知りながら、同社において新たに算出した同事業年度の予想値の公表がされた令和４年１０月２８日午後６時頃より前の同日午前９時５２分頃から同日午前１０時１８分頃までの間、小僧寿し株式合計２２７万３０００株を、自己の計算において、売付価額合計５７６７万５０００円で売り付けたものである。 違反行為事実の概要については、 別図 のとおり。 課徴金納付命令対象者が行った上記の行為は、金融商品取引法第１７５条第１項に規定する「第１６６条第１項の規定に違反して、同項に規定する売買等をした」行為に該当すると認められる。 ３．課徴金の額の計算 上記の違反行為に対し、金融商品取引法に基づき納付を命じられる課徴金の額は、５３９万円である。 計算方法の詳細については、 別紙 のとおり。 （クリックすると拡大されます）,1
2024-05-24,株式会社小僧寿し,,株式会社小僧寿しの子会社社員による内部者取引に対する課徴金納付命令の勧告について,https://www.fsa.go.jp/sesc/news/c_2024/2024/20240524-1.html,English version 令和6年5月24日 証券取引等監視委員会 株式会社小僧寿しの子会社社員による内部者取引に対する課徴金納付命令の勧告について １．勧告の内容 証券取引等監視委員会は、株式会社小僧寿しの子会社社員による内部者取引について検査した結果、下記のとおり法令違反の事実が認められたので、本日、内閣総理大臣及び金融庁長官に対して、金融庁設置法第２０条第１項の規定に基づき、課徴金納付命令を発出するよう勧告を行った。 ２．法令違反の事実関係 課徴金納付命令対象者は、株式会社アニスピホールディングス（以下「アニスピ」という。）の社員であったが、当時アニスピの親会社であった株式会社小僧寿し（以下「小僧寿し」という。）の社員から、同人がその職務に関し知った、小僧寿しの業務執行を決定する機関がアニスピの非子会社化を伴う株式譲渡を行うことについての決定をした旨の重要事実の伝達を受けながら、当該重要事実の公表がされた令和４年１０月１７日より前の同月１３日、小僧寿し株式合計９万５００株を、自己の計算において、売付価額合計２３７万４６５０円で売り付けたものである。 違反行為事実の概要については、 別図 のとおり。 課徴金納付命令対象者が行った上記の行為は、金融商品取引法第１７５条第１項に規定する「第１６６条第３項の規定に違反して、同条第１項に規定する売買等をした」行為に該当すると認められる。 ３．課徴金の額の計算 上記の違反行為に対し、金融商品取引法に基づき納付を命じられる課徴金の額は、２９万円である。 計算方法の詳細については、 別紙 のとおり。 （クリックすると拡大されます）,1
2024-03-29,タツタ電線株式会社,,タツタ電線株式会社社員による内部者取引及び情報伝達行為並びに同社員から伝達を受けた者による内部者取引に対する課徴金納付命令の勧告について,https://www.fsa.go.jp/sesc/news/c_2024/2024/20240329-1.html,English version 令和６年３月２９日 証券取引等監視委員会 タツタ電線株式会社社員による内部者取引及び情報伝達行為並びに同社員から伝達を受けた者による内部者取引に対する課徴金納付命令の勧告について １．勧告の内容 証券取引等監視委員会は、タツタ電線株式会社社員による内部者取引及び情報伝達行為並びに同社員から伝達を受けた者による内部者取引について検査した結果、下記のとおり法令違反の事実が認められたので、本日、内閣総理大臣及び金融庁長官に対して、金融庁設置法第２０条第１項の規定に基づき、課徴金納付命令を発出するよう勧告を行った。 ２．法令違反の事実関係 (１)　課徴金納付命令対象者（１）について 課徴金納付命令対象者（１）は、タツタ電線株式会社（以下「タツタ電線」という。）の社員であったが、タツタ電線の役員がその職務に関しＪＸ金属株式会社（以下「ＪＸ金属」という。）からの伝達により知った、同社の業務執行を決定する機関がタツタ電線株式の公開買付けを行うことについての決定をした旨の公開買付けの実施に関する事実を、その職務に関し知りながら、 ア．違反行為事実Ａ 親族である課徴金納付命令対象者（２）に対し、上記事実の公表がされる前にタツタ電線株式の買付けをさせることにより同人に利益を得させる目的をもって、上記事実を伝達したものであり、これにより伝達を受けた同人が、上記事実の公表がされた令和４年１２月２２日より前の同月２１日、タツタ電線株式合計４４００株を買付価額合計１８３万８５００円で買い付けたものである。 イ．違反行為事実Ｂ 上記事実の公表がされた令和４年１２月２２日より前の同月２１日、課徴金納付命令対象者（２）名義で、タツタ電線株式合計２０００株を、自己の計算において、買付価額合計８４万円で買い付けたものである。 違反行為事実の概要については、 別図 のとおり。 課徴金納付命令対象者（１）が行った 上記ア．の行為は、金融商品取引法第１７５条の２第２項に規定する「第１６７条の２第２項の規定に違反して、同項の伝達をし、又は同項の買付け等をすることを勧める」行為に該当すると認められる。 上記イ．の行為は、金融商品取引法第１７５条第２項に規定する「第１６７条第１項の規定に違反して、同条第１項に規定する特定株券等若しくは関連株券等に係る買付け等をした」行為に該当すると認められる。 (２)　課徴金納付命令対象者（２）について 課徴金納付命令対象者（２）は、タツタ電線の社員であった課徴金納付命令対象者（１）から、同人がその職務に関し知った、タツタ電線の役員がその職務に関しＪＸ金属からの伝達により知った同社の業務執行を決定する機関がタツタ電線株式の公開買付けを行うことについての決定をした旨の公開買付けの実施に関する事実の伝達を受けながら、上記事実の公表がされた令和４年１２月２２日より前の同月２１日、タツタ電線株式合計４４００株を、自己の計算において、買付価額合計１８３万８５００円で買い付けたものである。 違反行為事実の概要については、 別図 のとおり。 課徴金納付命令対象者（２）が行った上記の行為は、金融商品取引法第１７５条第２項に規定する「第１６７条第３項の規定に違反して、同条第１項に規定する特定株券等若しくは関連株券等に係る買付け等をした」行為に該当すると認められる。 ３．課徴金の額の計算 上記の違反行為に対し、金融商品取引法に基づき納付を命じられる課徴金の額は、下記のとおりである。 課徴金納付命令対象者（１）１２６万円 課徴金納付命令対象者（２）１３３万円 計算方法の詳細については、 別紙 のとおり。 （クリックすると拡大されます）,1
2024-02-16,株式会社コンテック,,株式会社コンテック役員による公開買付けの実施に関する事実に係る伝達及び取引推奨行為並びに当該役員から伝達を受けた者３名による内部者取引に対する課徴金納付命令の勧告について,https://www.fsa.go.jp/sesc/news/c_2024/2024/20240216-1.html,English version 令和６年２月１６日 証券取引等監視委員会 株式会社コンテック役員による公開買付けの実施に関する事実に係る伝達及び取引推奨行為並びに当該役員から伝達を受けた者３名による内部者取引に対する課徴金納付命令の勧告について １．勧告の内容 証券取引等監視委員会は、株式会社コンテック役員による公開買付けの実施に関する事実に係る伝達及び取引推奨行為並びに当該役員から伝達を受けた者３名による内部者取引について検査した結果、下記のとおり法令違反の事実が認められたので、本日、内閣総理大臣及び金融庁長官に対して、金融庁設置法第２０条第１項の規定に基づき、課徴金納付命令を発出するよう勧告を行った。 ２．法令違反の事実関係 (１)　課徴金納付命令対象者（１）について 課徴金納付命令対象者（１）は、株式会社コンテック（以下「コンテック」という。令和４年４月２８日上場廃止。）の役員を務めていた者であるが、コンテックの役員らがその職務に関し株式会社ダイフク（以下「ダイフク」という。）からの伝達により知った、同社の業務執行を決定する機関がコンテック株式の公開買付けを行うことについての決定をした旨の公開買付けの実施に関する事実を、その職務に関し知りながら、 ア．違反行為事実Ａ 知人である課徴金納付命令対象者（２）に対し、上記事実の公表がされる前にコンテック株式の買付けをさせることにより同人に利益を得させる目的をもって、上記事実を伝達したものであり、これにより伝達を受けた同人が、上記事実の公表がされた令和４年２月４日より前の同年１月２７日から同月２８日までの間、コンテック株式合計２５００株を買付価額合計４４０万５７００円で買い付けたものである。 イ．違反行為事実Ｂ 知人である課徴金納付命令対象者（３）に対し、上記事実の公表がされる前にコンテック株式の買付けをさせることにより同人に利益を得させる目的をもって、上記事実を伝達したものであり、これにより伝達を受けた同人が、上記事実の公表がされた令和４年２月４日午後４時頃より前の同年１月２８日から同年２月４日午前９時２２分頃までの間、コンテック株式合計１０００株を、買付価額合計１７５万３４００円で買い付けたものである。 ウ．違反行為事実Ｃ 知人である課徴金納付命令対象者（４）に対し、上記事実の公表がされる前にコンテック株式の買付けをさせることにより同人に利益を得させる目的をもって、上記事実を伝達したものであり、これにより伝達を受けた同人が、上記事実の公表がされた令和４年２月４日より前の同年１月２５日、コンテック株式合計９００株を買付価額合計１５７万５００円で買い付けたものである。 エ．違反行為事実Ｄ 知人である被推奨者甲に対し、上記事実の公表がされる前にコンテック株式の買付けをさせることにより同人に利益を得させる目的をもって、コンテック株式の買付けをすることを勧めたものであり、これにより買付けを勧められた同人が、上記事実の公表がされた令和４年２月４日午後４時頃より前の令和３年１２月１７日から令和４年２月４日午後０時４４分頃までの間、コンテック株式合計３３００株を買付価額合計５７６万５９００円で買い付けたものである。 オ．違反行為事実Ｅ 知人である被推奨者乙に対し、上記事実の公表がされる前にコンテック株式の買付けをさせることにより同人に利益を得させる目的をもって、コンテック株式の買付けをすることを勧めたものであり、これにより買付けを勧められた同人が、上記事実の公表がされた令和４年２月４日午後４時頃より前の同日午前９時１０分頃から同日午前１０時１５分頃までの間、コンテック株式合計２０００株を買付価額合計３４１万８７００円で買い付けたものである。 違反行為事実の概要については、 別図 のとおり。 課徴金納付命令対象者（１）が行った上記の行為は、金融商品取引法第１７５条の２第２項に規定する「第１６７条の２第２項の規定に違反して、同項の伝達をし、又は同項の買付け等をすることを勧める」行為に該当すると認められる。 (２)　課徴金納付命令対象者（２）について 課徴金納付命令対象者（２）は、コンテックの役員であった課徴金納付命令対象者（１）から、同人がその職務に関し知った、コンテックの役員らがその職務に関しダイフクからの伝達により知った同社の業務執行を決定する機関がコンテック株式の公開買付けを行うことについての決定をした旨の公開買付けの実施に関する事実の伝達を受けながら、上記事実の公表がされた令和４年２月４日より前の同年１月２７日から同月２８日までの間、コンテック株式合計２５００株を、自己の計算において、買付価額合計４４０万５７００円で買い付けたものである。 違反行為事実の概要については、 別図 のとおり。 課徴金納付命令対象者（２）が行った上記の行為は、金融商品取引法第１７５条第２項に規定する「第１６７条第３項の規定に違反して、同条第１項に規定する特定株券等若しくは関連株券等に係る買付け等をした」行為に該当すると認められる。 (３)　課徴金納付命令対象者（３）について 課徴金納付命令対象者（３）は、コンテックの役員であった課徴金納付命令対象者（１）から、同人がその職務に関し知った、コンテックの役員らがその職務に関しダイフクからの伝達により知った同社の業務執行を決定する機関がコンテック株式の公開買付けを行うことについての決定をした旨の公開買付けの実施に関する事実の伝達を受けながら、上記事実の公表がされた令和４年２月４日午後４時頃より前の同年１月２８日から同年２月４日午前９時２２分頃までの間、コンテック株式合計１０００株を、自己の計算において、買付価額合計１７５万３４００円で買い付けたものである。 違反行為事実の概要については、 別図 のとおり。 課徴金納付命令対象者（３）が行った上記の行為は、金融商品取引法第１７５条第２項に規定する「第１６７条第３項の規定に違反して、同条第１項に規定する特定株券等若しくは関連株券等に係る買付け等をした」行為に該当すると認められる。 (４)　課徴金納付命令対象者（４）について 課徴金納付命令対象者（４）は、コンテックの役員であった課徴金納付命令対象者（１）から、同人がその職務に関し知った、コンテックの役員らがその職務に関しダイフクからの伝達により知った同社の業務執行を決定する機関がコンテック株式の公開買付けを行うことについての決定をした旨の公開買付けの実施に関する事実の伝達を受けながら、上記事実の公表がされた令和４年２月４日より前の同年１月２５日、コンテック株式合計９００株を、自己の計算において、買付価額合計１５７万５００円で買い付けたものである。 違反行為事実の概要については、 別図 のとおり。 課徴金納付命令対象者（４）が行った上記の行為は、金融商品取引法第１７５条第２項に規定する「第１６７条第３項の規定に違反して、同条第１項に規定する特定株券等若しくは関連株券等に係る買付け等をした」行為に該当すると認められる。 ３．課徴金の額の計算 上記の違反行為に対し、金融商品取引法に基づき納付を命じられる課徴金の額は、下記のとおりである。 課徴金納付命令対象者（１）４７７万円 課徴金納付命令対象者（２）２４２万円 課徴金納付命令対象者（３）　９７万円 課徴金納付命令対象者（４）　８８万円 計算方法の詳細については、 別紙 のとおり。 ４．その他 本件については、日本取引所自主規制法人より提供された情報等を参考として、実態解明を行ったものである。 （クリックすると拡大されます）,1
2025-12-12,ＥＰＳホールディングス株式会社,,ＥＰＳホールディングス株式会社の従業員による公開買付けの実施に関する事実に係る内部者取引に対する課徴金納付命令の勧告について,https://www.fsa.go.jp/sesc/news/c_2025/2025/20251212-1.html,令和７年12月12日 証券取引等監視委員会 ＥＰＳホールディングス株式会社の従業員による公開買付けの実施に関する事実に係る内部者取引に対する課徴金納付命令の勧告について １．勧告の内容 証券取引等監視委員会は、ＥＰＳホールディングス株式会社の従業員による公開買付けの実施に関する事実に係る内部者取引について検査した結果、下記のとおり法令違反の事実が認められたので、本日、内閣総理大臣及び金融庁長官に対して、金融庁設置法第２０条第１項の規定に基づき、課徴金納付命令を発出するよう勧告を行った。 ２．法令違反の事実関係 課徴金納付命令対象者は、ＥＰＳホールディングス株式会社（以下「ＥＰＳ社」という。令和３年９月１７日上場廃止）の従業員であった者であるが、ＥＰＳ社の役員等が、その職務に関し、有限会社ワイ・アンド・ジー（以下「Ｙ＆Ｇ社」という。）からの伝達により知った、Ｙ＆Ｇ社の業務執行を決定する機関が、ＥＰＳ社株式の公開買付けを行うことについての決定をした旨の公開買付け等の実施に関する事実を、その職務に関し知りながら、法定の除外事由がないのに、当該公開買付け等の実施に関する事実の公表がされた令和３年５月２７日より前の同年３月２５日及び同年４月１５日、親族名義及び知人名義で、自己の計算において、ＥＰＳ社株式合計６０００株を買付価額合計７０７万３４００円で買い付けたものである。 違反行為事実の概要については、 別図 のとおり。 課徴金納付命令対象者が行った上記の行為は、金融商品取引法第１７５条第２項に規定する「第１６７条第１項の規定に違反して、同条第１項に規定する特定株券等若しくは関連株券等に係る買付け等をした」行為に該当すると認められる。 ３．課徴金の額の計算 上記の違反行為に対し、金融商品取引法に基づき納付を命じられる課徴金の額は、４０２万円である。 計算方法の詳細については、 別紙 のとおり。 ４．その他 本件については、日本取引所自主規制法人より提供された情報等を参考として、実態解明を行ったものである。 （クリックすると拡大されます）,1
2025-11-28,豊田合成株式会社,7282,豊田合成株式会社との契約締結者の従業員による内部者取引に対する課徴金納付命令の勧告について,https://www.fsa.go.jp/sesc/news/c_2025/2025/20251128-1.html,令和７年11月28日 証券取引等監視委員会 豊田合成株式会社との契約締結者の従業員による内部者取引に対する課徴金納付命令の勧告について １．勧告の内容 証券取引等監視委員会は、豊田合成株式会社との契約締結者の従業員による内部者取引について検査した結果、下記のとおり法令違反の事実が認められたので、本日、内閣総理大臣及び金融庁長官に対して、金融庁設置法第２０条第１項の規定に基づき、課徴金納付命令を発出するよう勧告を行った。 ２．法令違反の事実関係 課徴金納付命令対象者は、豊田合成株式会社（以下「豊田合成」という。）と業務委託契約を締結していたＡ社の従業員であった者であるが、豊田合成の業務執行を決定する機関が自己の株式の取得及び令和５年９月３０日を基準日とする剰余金の配当を行うことについての決定をした旨の重要事実並びに豊田合成の属する企業集団の令和５年４月１日から令和６年３月３１日までの事業年度の売上収益、親会社の所有者に帰属する当期利益並びに令和５年９月３０日及び令和６年３月３１日をそれぞれ基準日とする各剰余金の配当について、令和５年７月２８日に公表された直近の予想値に比較して、豊田合成が新たに算出した予想値又は当事業年度の決算において、投資者の投資判断に及ぼす影響が重要なものとして内閣府令で定める基準に該当する差異が生じた旨の重要事実を、上記業務委託契約の履行に関し知りながら、法定の除外事由がないのに、上記各重要事実の公表がされた令和５年１０月３１日午後２時２０分より前の同月３０日から翌３１日午前１１時１７分頃までの間、自己の計算において、豊田合成株式合計１４００株を買付価額合計４０８万３０００円で買い付けたものである。 違反行為事実の概要については、 別図 のとおり。 課徴金納付命令対象者が行った上記の行為は、金融商品取引法第１７５条第１項に規定する「第１６６条第１項の規定に違反して、同項に規定する売買等をした」行為に該当すると認められる。 ３．課徴金の額の計算 上記の違反行為に対し、金融商品取引法に基づき納付を命じられる課徴金の額は、5８万円である。 計算方法の詳細については、 別紙 のとおり。 ４．その他 本件については、日本取引所自主規制法人より提供された情報等を参考として、実態解明を行ったものである。 （クリックすると拡大されます）,1
2025-10-10,岩崎通信機株式会社,,岩崎通信機株式会社との契約締結者の役員による情報伝達行為及び同役員から伝達を受けた者による内部者取引に対する課徴金納付命令の勧告について,https://www.fsa.go.jp/sesc/news/c_2025/2025/20251010-1.html,English version 令和７年10月10日 証券取引等監視委員会 岩崎通信機株式会社との契約締結者の役員による情報伝達行為及び同役員から伝達を受けた者による内部者取引に対する課徴金納付命令の勧告について １．勧告の内容 証券取引等監視委員会は、岩崎通信機株式会社との契約締結者の役員による情報伝達行為及び同役員から伝達を受けた者による内部者取引について検査した結果、下記のとおり法令違反の事実が認められたので、本日、内閣総理大臣及び金融庁長官に対して、金融庁設置法第２０条第１項の規定に基づき、課徴金納付命令を発出するよう勧告を行った。 ２．法令違反の事実関係 （１）課徴金納付命令対象者（１）について 課徴金納付命令対象者（１）は、岩崎通信機株式会社（以下「岩崎通信機」という。令和６年８月２９日上場廃止）と売買基本契約を締結していたＡ社の役員であった者であるが、岩崎通信機の業務執行を決定する機関が、岩崎通信機の発行済み株式の全部をあいホールディングス株式会社（以下「あいホールディングス」という。）に取得させる株式交換を行うことについての決定をした旨の重要事実を、同契約の履行に関し知りながら、課徴金納付命令対象者（２）（Ｂ社）の役員であった甲に対し、同重要事実について公表される前に岩崎通信機株式を買い付けさせることによりＢ社に利益を得させる目的をもって、同重要事実を伝達し、それにより、同重要事実の伝達を受けた甲が、法定の除外事由がないのに、Ｂ社の業務及び財産に関し、同重要事実について公表がされた令和６年５月３１日より前の同月２３日、岩崎通信機株式合計１５００株を買付価額合計１０１万３０００円で買い付けたものである。 違反行為事実の概要については、 別図 のとおり。 課徴金納付命令対象者（１）が行った上記の行為は、金融商品取引法第１７５条の２第１項に規定する「第１６７条の２第１項の規定に違反して、同項の伝達をし」た行為に該当すると認められる。 （２）課徴金納付命令対象者（２）について 課徴金納付命令対象者（２）（Ｂ社）は、Ｂ社の役員であった甲において、岩崎通信機と売買基本契約を締結していたＡ社の役員であった課徴金納付命令対象者（１）から、同人が同売買基本契約の履行に関し知った、岩崎通信機の業務執行を決定する機関が、岩崎通信機がその発行済み株式の全部をあいホールディングスに取得させる株式交換を行うことについての決定をした旨の重要事実の伝達を受けながら、法定の除外事由がないのに、Ｂ社の業務及び財産に関し、同重要事実が公表された令和６年５月３１日より前の同月２３日、自己の計算において、岩崎通信機株式合計１５００株を買付価額合計１０１万３０００円で買い付けたものである。 違反行為事実の概要については、 別図 のとおり。 課徴金納付命令対象者（２）が行った上記の行為は、金融商品取引法第１７５条第１項に規定する「第１６６条第３項の規定に違反して、同条第１項に規定する売買等をした」行為に該当すると認められる。 ３．課徴金の額の計算 上記の違反行為に対し、金融商品取引法に基づき納付を命じられる課徴金の額は、下記のとおりである。 課徴金納付命令対象者（１）　　６２万円 課徴金納付命令対象者（２）　１２４万円 計算方法の詳細については、 別紙 のとおり。 ４．その他 本件については、日本取引所自主規制法人より提供された情報等を参考として、実態解明を行ったものである。 （クリックすると拡大されます）,1
2025-07-04,株式会社アイスタイル株券,,株式会社アイスタイル株券に係る内部者取引事件の告発について,https://www.fsa.go.jp/sesc/news/c_2025/2025/20250704-1.html,English version 令和７年７月４日 証券取引等監視委員会 株式会社アイスタイル株券に係る内部者取引事件の告発について 証券取引等監視委員会は、本日、金融商品取引法違反（内部者取引）の嫌疑で、嫌疑者１名を東京地方検察庁に告発した。告発の対象となった犯則事実については下記のとおり。 １．告発の対象となった犯則事実 犯則嫌疑者は、株式会社東京証券取引所（以下「東京証券取引所」という。）が開設する有価証券市場に株券を上場していた株式会社アイスタイル（以下「アイスタイル」という。）の従業員から、令和４年７月中旬頃、同人がその職務に関し知った、アイスタイルの業務執行を決定する機関が、Ａｍａｚｏｎ．ｃｏｍ，Ｉｎｃ．及び三井物産株式会社との間で業務上の提携を行うとともに、同社らを割当先とする無担保転換社債型新株予約権付社債等の発行を行うことについての決定をした旨のアイスタイルの業務等に関する重要事実の伝達を受けたものであるが、法定の除外事由がないのに、同事実の公表前である同年８月上旬、証券会社を介し、東京証券取引所において、知人名義でアイスタイルの株券合計５万株を代金合計約１４２０万円で買い付けたものである。 ２．関連条文 金融商品取引法 同法第１９７条の２第１３号（令和４年法律第６８号による改正前のもの）、同法第１６６条第３項、第１項第１ 号、第２項第１号イ及びタ、同法施行令第２８条第１号 法定刑：５年以下の懲役若しくは５００万円以下の罰金又はこれを併科,1
2025-06-24,,,令和６年度「証券取引等監視委員会の活動状況」の公表について,https://www.fsa.go.jp/sesc/reports/n_2024/n_2024.html,令和７年６月24日 証券取引等監視委員会 令和６年度「証券取引等監視委員会の活動状況」の公表について 証券取引等監視委員会は、金融庁設置法第22条の規定に基づき、毎年、活動状況等を公表しています。今般、令和６（2024）年度（令和６年４月１日～令和７年３月31日）の「証券取引等監視委員会の活動状況」を取りまとめましたので、公表します。 令和６（2024）年度 証券取引等監視委員会の活動状況 全体版 本編 附属資料編 主な内容のご紹介 令和６（2024）年度の主なトピックス 時事トピックスとして「公開買付けに関するインサイダー取引」、「銀証間における不適切な顧客情報の共有」及び「海外当局等との更なる連携強化、グローバルな市場監視への貢献」について紹介しています。 令和６（2024）年度の活動実績 １　取引審査の状況及び幅広い情報の収集・分析 ２　金商業者等に対する証券モニタリング（行政処分勧告等） ３　不公正取引の調査（課徴金勧告） ４　開示規制違反の検査（課徴金勧告等） ５　犯則事件の調査（告発） ６　市場監視を支えるインフラの整備（デジタル技術、人材の活用） ７　市場規律強化に向けた取組み ８　グローバルな市場監視への貢献 監視委コラム １．無登録で投資商品の勧誘等を行う者にご用心！ ２．取引推奨規制を知っていますか？ ３．インターネット上の投稿や書き込みによる風説の流布も見逃しません！ ４．機関投資家等によるデリバティブ取引も適切に監視しています！ ５．大量保有報告書・変更報告書は適正に提出していますか？ ６．内部統制やガバナンス体制は大丈夫ですか？ ７．非財務情報の重要性が増してきています！,1
2025-06-24,,,「金融商品取引法における課徴金事例集～不公正取引編～」の公表について,https://www.fsa.go.jp/sesc/jirei/torichou/20250624.html,"令和７年６月２４日 証券取引等監視委員会 「金融商品取引法における課徴金事例集～不公正取引編～」の公表について 証券取引等監視委員会（以下、「証券監視委」といいます。）は、インサイダー取引や相場操縦といった不公正取引の未然防止などの観点から、令和６年度版の「 金融商品取引法における課徴金事例集～不公正取引編～ （PDF:7,792KB） 」を取りまとめましたので、公表します。 本書は、証券監視委が、主に令和６年４月から令和７年３月までの間に、金融商品取引法違反となる不公正取引に関し課徴金納付命令の勧告を行った事案について、分析を行うとともに概要を取りまとめ、事例として紹介するものです。 本書が活用されることにより、すべての市場利用者による自己規律の強化、市場の公正性・透明性の確保及び投資者保護につながれば幸いです。 過去の課徴金事例集 はこちら",1
2025-06-20,ＣＯＭ丸和ホールディングス株式会社,9090,公開買付者の従業員によるＣ＆Ｆロジホールディングス株式に係る公開買付けの実施に関する事実に係る伝達行為及び同従業員から伝達を受けた者による内部者取引に対する課徴金納付命令の勧告について,https://www.fsa.go.jp/sesc/news/c_2025/2025/20250620-2.html,English version 令和７年６月20日 証券取引等監視委員会 公開買付者の従業員によるＣ＆Ｆロジホールディングス株式に係る公開買付けの実施に関する事実に係る伝達行為及び同従業員から伝達を受けた者による内部者取引に対する課徴金納付命令の勧告について １．勧告の内容 証券取引等監視委員会は、 公開買付者の従業員によるＣ＆Ｆロジホールディングス株式に係る公開買付けの実施に関する事実に係る伝達行為及び同従業員から伝達を受けた者による 内部者取引について検査した結果、下記のとおり法令違反の事実が認められたので、本日、内閣総理大臣及び金融庁長官に対して、金融庁設置法第２０条第１項の規定に基づき、課徴金納付命令を発出するよう勧告を行った。 ２．法令違反の事実関係 （１）課徴金納付命令対象者（１）について 課徴金納付命令対象者（１）は、ＡＺ－ＣＯＭ丸和ホールディングス株式会社（以下「アズコム丸和」という。）の従業員であった者であるが、同社の業務執行を決定する機関が、株式会社Ｃ＆Ｆロジホールディングス（以下「Ｃ＆Ｆ」という。令和６年１０月９日上場廃止。 ）株式の公開買付けを行うことについての決定をした旨の公開買付けの実施に関する事実を、その職務に関し知りながら、知人の課徴金納付命令対象者（２）に対し、上記事実の公表がされる前にＣ＆Ｆ株式の買付けをさせることにより同人に利益を得させる目的をもって、伝達したものであり、これにより伝達を受けた同人が、法定の除外事由がないのに、上記事実が公表された令和６年３月２１日より前の同年１月３０日及び同年３月１４日、Ｃ＆Ｆ株式合計１０００株を買付価額合計１７９万７４００円で買い付けたものである。 違反行為事実の概要については、 別図 のとおり。 課徴金納付命令対象者（１）が行った上記の行為は、金融商品取引法第１７５条の２第２項に規定する「第１６７条の２第２項の規定に違反して、同項の伝達をし」た行為に該当すると認められる。 （２）課徴金納付命令対象者（２）について 課徴金納付命令対象者（２）は、アズコム丸和の従業員であった知人の課徴金納付命令対象者（１）から、同人がその職務に関し知った、同社の業務執行を決定する機関が、Ｃ＆Ｆ株式の公開買付けを行うことについての決定をした旨の公開買付けの実施に関する事実の伝達を受けながら、法定の除外事由がないのに、上記事実が公表された令和６年３月２１日より前の同年１月３０日及び同年３月１４日、Ｃ＆Ｆ株式合計１０００株を、自己の計算において、買付価額合計１７９万７４００円で買い付けたものである。 違反行為事実の概要については、 別図 のとおり。 課徴金納付命令対象者（２）が行った上記の行為は、金融商品取引法第１７５条第２項に規定する「第１６７条第３項の規定に違反して、同条第１項に規定する特定株券等若しくは関連株券等に係る買付け等をした」行為に該当すると認められる。 ３．課徴金の額の計算 上記の違反行為に対し、金融商品取引法に基づき納付を命じられる課徴金の額は、下記のとおりである。 課徴金納付命令対象者（１）　６８万円 課徴金納付命令対象者（２）１３６万円 計算方法の詳細については、 別紙 のとおり。 ４．その他 本件については、日本取引所自主規制法人より提供された情報等を参考として、実態解明を行ったものである。 （クリックすると拡大されます）,1
2025-06-20,,,市場監視機能強化に向けた建議,https://www.fsa.go.jp/sesc/news/c_2025/2025/20250620-1.html,令和７年６月20日 証券取引等監視委員会 金融庁設置法第21条の規定に基づく建議について 証券取引等監視委員会は、金融庁設置法第21条の規定に基づき、本日、内閣総理大臣及び金融庁長官に対して、下記のとおり建議を行った。 記 市場監視機能強化に向けた建議について （建議１） 内部者取引規制における関係者の範囲について 発行者との契約締結者などの公開買付者等関係者と同等の内部者とみなされるべき者から情報受領した者が内部者取引規制の対象外になる場合があるなど、内部者取引規制の趣旨に鑑みると不正と考えられる行為でありながら、現行制度では規制の対象とならなかった事例等を踏まえ、公開買付者等関係者の範囲等について、各関係者と同等の内部者とみなされるべき者が含まれるよう拡大する必要がある。 （建議２） 課徴金の適用範囲及び算定基準について 他人名義口座の提供を受けるなどして不公正取引を行う悪質な事案が多く発生しており、なかには提供先の不公正取引を認識した上で口座提供をしている課徴金対象とならない協力者も存在する。また、継続的に株式の買い集めを行う投資者による大量保有報告書の不提出など、想定される利得額と比較して現行の課徴金額の水準が抑止効果としては不十分とみられるものがある。さらに、新しい形態として高速取引行為による不公正取引事案が認められている。こうした状況に鑑みれば、実効的な抑止力を発揮するための課徴金水準の引上げ及び対象の拡大、新しい取引形態に対応した算定方法の見直しなどの適切な措置を講ずる必要がある。 （建議３） 効果的・効率的な検査・調査の実施のための措置について ⑴　課徴金の減算制度の見直し 課徴金水準の引上げ等が図られることと併せて、検査・調査においても、より一層、実効性・効率性を高めていくことが重要となることを踏まえ、対象者の自発的な協力を促すよう減算制度の拡大などの適切な措置を講ずる必要がある。 ⑵　検査等対象者の出頭命令の範囲拡大及び強化された多国間情報交換枠組みの署名 不公正取引事案の国際化や当局間の国際協力に加え、国内検査対象の多様化も進展していることなどを踏まえ、国内事業者等を対象とする検査及び外国当局に対する調査協力に関して、出頭命令の権限を追加するなどとともに、証券監督者国際機構（IOSCO）の強化された多国間情報交換枠組み（EMMoU）の早期署名に向けた取組みを行うといった適切な措置を講ずる必要がある。 ⑶　無登録業者に対する犯則調査権限の創設 近年顕在化している金融商品取引業の無登録業と偽計、相場操縦等の不公正取引との複合型と疑われる事案等に適切に対応するため、無登録業を行う者に対する犯則調査権限を創設するなどの適切な措置を講ずる必要がある。 今回の建議についての補足説明 資産運用立国に向けた官民一体の取組みが進展し、誰もが投資者となり得る中で、市場監視機能を一層強化し、従前の投資者も新たな投資者も共に安心して投資ができる公正・透明な市場を確立していくことが重要となっている。 金融商品取引の複雑化・高度化・国際化の進展などがみられるなか、近年における証券取引等監視委員会の検査・調査の結果等を踏まえると、 ・　不正と考えられる行為について、現行制度では規制の対象とならず、法令違反行為として捕捉できない事例 ・　課徴金の額が低く（あるいは直接の対象にならず）、違反行為に対する抑止効果が不十分な事例 ・　効果的・効率的な検査・調査に困難が生じている事例 が認められており、これらに適切に対応できる実効性のある措置等を整備していく必要がある 。 参考資料（PDF:201KB）,1
2025-06-27,株式会社ヨシムラ・フード・ホールディングス,2884,株式会社ヨシムラ・フード・ホールディングスとの契約締結交渉者から伝達を受けた者４名による内部者取引に対する課徴金納付命令の勧告について,https://www.fsa.go.jp/sesc/news/c_2025/2025/20250627-1.html,English version 令和７年６月27日 証券取引等監視委員会 株式会社ヨシムラ・フード・ホールディングスとの契約締結交渉者から伝達を受けた者４名による内部者取引に対する課徴金納付命令の勧告について １．勧告の内容 証券取引等監視委員会は、 株式会社ヨシムラ・フード・ホールディングスとの契約締結交渉者から伝達を受けた者４名による内部者取引 について検査した結果、下記のとおり法令違反の事実が認められたので、本日、内閣総理大臣及び金融庁長官に対して、金融庁設置法第２０条第１項の規定に基づき、課徴金納付命令を発出するよう勧告を行った。 ２．法令違反の事実関係 （１）課徴金納付命令対象者（１）について 課徴金納付命令対象者（１）は、株式会社ヨシムラ・フード・ホールディングス（以下「ヨシムラＦＨＤ」という。）との間で株式譲渡契約の締結の交渉をしていた契約締結交渉者甲から、同人が同契約の締結又は交渉に関し知った、ヨシムラＦＨＤの業務執行を決定する機関が、子会社の異動を伴う株式会社ワイエスフーズ（以下「ワイエスフーズ」という。）の株式の取得をすることについての決定をした旨の重要事実の伝達を受けながら、法定の除外事由がないのに、同重要事実の公表がされた令和５年８月２９日より前の同年６月１２日、ヨシムラＦＨＤ株式合計１万株を、自己の計算において、買付価額合計８８４万９８００円で買い付けたものである。 違反行為事実の概要については、 別図 のとおり。 課徴金納付命令対象者（１）が行った上記の行為は、金融商品取引法第１７５条第１項に規定する「第１６６条第３項の規定に違反して、同条第１項に規定する売買等をした」行為に該当すると認められる。 （２）課徴金納付命令対象者（２）について 課徴金納付命令対象者（２）は、ヨシムラＦＨＤとの間で株式譲渡契約の締結の交渉をしていた契約締結交渉者甲から、同人が同契約の締結又は交渉に関し知った、ヨシムラＦＨＤの業務執行を決定する機関が、子会社の異動を伴うワイエスフーズの株式の取得をすることについての決定をした旨の重要事実の伝達を受けながら、法定の除外事由がないのに、同重要事実の公表がされた令和５年８月２９日より前の同年７月２０日、知人である課徴金納付命令対象者（１）名義で、ヨシムラＦＨＤ株式合計４３００株を、自己の計算において、買付価額合計４９４万１９００円で買い付けたものである。 違反行為事実の概要については、 別図 のとおり。 課徴金納付命令対象者（２）が行った上記の行為は、金融商品取引法第１７５条第１項に規定する「第１６６条第３項の規定に違反して、同条第１項に規定する売買等をした」行為に該当すると認められる。 （３）課徴金納付命令対象者（３）について 課徴金納付命令対象者（３）は、ヨシムラＦＨＤとの間で株式譲渡契約の締結の交渉をしていた契約締結交渉者甲から、同人が同契約の締結又は交渉に関し知った、ヨシムラＦＨＤの業務執行を決定する機関が、子会社の異動を伴うワイエスフーズの株式の取得をすることについての決定をした旨の重要事実の伝達を受けながら、法定の除外事由がないのに、同重要事実の公表がされた令和５年８月２９日より前の同年６月９日から 同年７月２１日までの間、ヨシムラＦＨＤ株式合計１万５０００株を、自己の計算において、買付価額合計１３７０万５９００円で買い付けたものである。 違反行為事実の概要については、 別図 のとおり。 課徴金納付命令対象者（３）が行った上記の行為は、金融商品取引法第１７５条第１項に規定する「第１６６条第３項の規定に違反して、同条第１項に規定する売買等をした」行為に該当すると認められる。 （４）課徴金納付命令対象者（４）について 課徴金納付命令対象者（４）は、ヨシムラＦＨＤとの間で株式譲渡契約の締結の交渉をしていた契約締結交渉者甲から、同人が同契約の締結又は交渉に関し知った、ヨシムラＦＨＤの業務執行を決定する機関が、子会社の異動を伴うワイエスフーズの株式の取得をすることについての決定をした旨の重要事実の伝達を受けながら、法定の除外事由がないのに、同重要事実の公表がされた令和５年８月２９日より前の同月１８日から同月２１日までの間、ヨシムラＦＨＤ株式合計３４００株を、自己の計算において、買付価額合計３８６万３７１０円で買い付けたものである。 違反行為事実の概要については、 別図 のとおり。 課徴金納付命令対象者（４）が行った上記の行為は、金融商品取引法第１７５条第１項に規定する「第１６６条第３項の規定に違反して、同条第１項に規定する売買等をした」行為に該当すると認められる。 ３．課徴金の額の計算 上記の違反行為に対し、金融商品取引法に基づき納付を命じられる課徴金の額は、下記のとおりである。 課徴金納付命令対象者（１）　５７９万円 課徴金納付命令対象者（２）　１３５万円 課徴金納付命令対象者（３）　８２５万円 課徴金納付命令対象者（４）　１１１万円 計算方法の詳細については、 別紙 のとおり。 ４．その他 契約締結交渉者甲については、令和７年１月２９日、ヨシムラＦＨＤ株式に係る内部者取引及び課徴金納付命令対象者（１）、（２）及び（４）に対する情報伝達につき、金融商品取引法違反の嫌疑で、札幌地方検察庁に告発済みである。 （クリックすると拡大されます）,1
2025-05-30,大成建設株式会社,1801,大成建設株式会社従業員４名及び同社との契約締結者からの情報受領者による内部者取引に対する課徴金納付命令の勧告について,https://www.fsa.go.jp/sesc/news/c_2025/2025/20250530-1.html,English version 令和７年５月30日 証券取引等監視委員会 大成建設株式会社従業員４名及び同社との契約締結者からの情報受領者による内部者取引に対する課徴金納付命令の勧告について １．勧告の内容 証券取引等監視委員会は、大成建設株式会社従業員４名及び同社との契約締結者からの情報受領者による内部者取引について検査した結果、下記のとおり法令違反の事実が認められたので、本日、内閣総理大臣及び金融庁長官に対して、金融庁設置法第２０条第１項の規定に基づき、課徴金納付命令を発出するよう勧告を行った。 ２．法令違反の事実関係 （１）課徴金納付命令対象者（１）について 課徴金納付命令対象者（１）は、大成建設株式会社（以下「大成建設」という。）の従業員であったが、北海道札幌市内で大成建設が施工中の高層ビル（以下「本件ビル」という。）建築工事に関し、大成建設において、①発注者との間で定めた品質基準を満たさない鉄骨建方等の精度不良を生じさせた旨、②工事監理者に対して同精度不良に係る鉄骨精度計測値の虚偽報告を行っていた旨及び③上記①及び②の事実を受けて同精度不良の是正措置として建築途中の本件ビルの地上部分の全部を解体して再建築する計画を定めた旨の大成建設の運営、業務又は財産に関する重要な事実であって投資者の投資判断に著しい影響を及ぼす事実を、その職務に関し知りながら、法定の除外事由がないのに、上記重要事実の公表がされた令和５年３月１６日より前の同月２日、大成建設株式合計９００株を、自己の計算において、売付価額合計４０１万６０００円で売り付けたものである。 違反行為事実の概要については、 別図 のとおり。 課徴金納付命令対象者（１）が行った上記の行為は、金融商品取引法第１７５条第１項に規定する「第１６６条第１項の規定に違反して、同項に規定する売買等をした」行為に該当すると認められる。 （２）課徴金納付命令対象者（２）について 課徴金納付命令対象者（２）は、大成建設の従業員であったが、北海道札幌市内で大成建設が施工中の高層ビル建築工事に関し、大成建設において、①発注者との間で定めた品質基準を満たさない鉄骨建方等の精度不良を生じさせた旨、②工事監理者に対して同精度不良に係る鉄骨精度計測値の虚偽報告を行っていた旨及び③上記①及び②の事実を受けて同精度不良の是正措置として建築途中の本件ビルの地上部分の全部を解体して再建築する計画を定めた旨の大成建設の運営、業務又は財産に関する重要な事実であって投資者の投資判断に著しい影響を及ぼす事実を、その職務に関し知りながら、法定の除外事由がないのに、上記重要事実の公表がされた令和５年３月１６日より前の同月７日、大成建設株式合計１００株を、自己の計算において、売付価額合計４５万８０００円で売り付けたものである。 違反行為事実の概要については、 別図 のとおり。 課徴金納付命令対象者（２）が行った上記の行為は、金融商品取引法第１７５条第１項に規定する「第１６６条第１項の規定に違反して、同項に規定する売買等をした」行為に該当すると認められる。 （３）課徴金納付命令対象者（３）について 課徴金納付命令対象者（３）は、大成建設の従業員であったが、北海道札幌市内で大成建設が施工中の高層ビル建築工事に関し、大成建設において、①発注者との間で定めた品質基準を満たさない鉄骨建方等の精度不良を生じさせた旨、②工事監理者に対して同精度不良に係る鉄骨精度計測値の虚偽報告を行っていた旨及び③上記①及び②の事実を受けて同精度不良の是正措置として建築途中の本件ビルの地上部分の全部を解体して再建築する計画を定めた旨の大成建設の運営、業務又は財産に関する重要な事実であって投資者の投資判断に著しい影響を及ぼす事実を、その職務に関し知りながら、法定の除外事由がないのに、上記重要事実の公表がされた令和５年３月１６日より前の同月６日から同月７日にかけて、大成建設株式合計２００株を、自己の計算において、売付価額合計９１万３５００円で売り付けたものである。 違反行為事実の概要については、 別図 のとおり。 課徴金納付命令対象者（３）が行った上記の行為は、金融商品取引法第１７５条第１項に規定する「第１６６条第１項の規定に違反して、同項に規定する売買等をした」行為に該当すると認められる。 （４）課徴金納付命令対象者（４）について 課徴金納付命令対象者（４）は、大成建設の従業員であったが、北海道札幌市内で大成建設が施工中の高層ビル建築工事に関し、大成建設において、①発注者との間で定めた品質基準を満たさない鉄骨建方等の精度不良を生じさせた旨、②工事監理者に対して同精度不良に係る鉄骨精度計測値の虚偽報告を行っていた旨及び③上記①及び②の事実を受けて同精度不良の是正措置として建築途中の本件ビルの地上部分の全部を解体して再建築する計画を定めた旨の大成建設の運営、業務又は財産に関する重要な事実であって投資者の投資判断に著しい影響を及ぼす事実を、その職務に関し知りながら、法定の除外事由がないのに、上記重要事実の公表がされた令和５年３月１６日午後３時頃より前の同日午後１時１１分頃、大成建設株式合計９００株を、自己の計算において、売付価額合計３９８万７０００円で売り付けたものである。 違反行為事実の概要については、 別図 のとおり。 課徴金納付命令対象者（４）が行った上記の行為は、金融商品取引法第１７５条第１項に規定する「第１６６条第１項の規定に違反して、同項に規定する売買等をした」行為に該当すると認められる。 （５）課徴金納付命令対象者（５）について 課徴金納付命令対象者（５）は、Ａ社の従業員であったが、大成建設と本件ビルの建築工事請負契約を締結していたエヌ・ティ・ティ都市開発株式会社（以下「ＮＴＴ都市開発」という。）の従業員であった甲が、同契約の履行に関して知り、その後、ＮＴＴ都市開発の従業員であった乙らが、その職務に関して知り、ＮＴＴ都市開発と本件ビルの一室に係る賃貸借予約契約を締結していたＡ社の従業員であった丙が職務上伝達を受けた、北海道札幌市内で大成建設が施工中の高層ビル建築工事に関し、大成建設において、①発注者との間で定めた品質基準を満たさない鉄骨建方等の精度不良を生じさせた旨、②工事監理者に対して同精度不良に係る鉄骨精度計測値の虚偽報告を行っていた旨及び③上記①及び②の事実を受けて同精度不良の是正措置として建築途中の本件ビルの地上部分の全部を解体して再建築する計画を定めた旨の大成建設の運営、業務又は財産に関する重要な事実であって投資者の投資判断に著しい影響を及ぼす事実を、その職務に関し知りながら、法定の除外事由がないのに、上記重要事実の公表がされた令和５年３月１６日より前の同月８日から同月１４日にかけて、大成建設株式合計２２００株を、自己の計算において、売付価額合計１００８万３０００円で売り付けたものである。 違反行為事実の概要については、 別図 のとおり。 課徴金納付命令対象者（５）が行った上記の行為は、金融商品取引法第１７５条第１項に規定する「第１６６条第３項の規定に違反して、同条第１項に規定する売買等をした」行為に該当すると認められる。 ３．課徴金の額の計算 上記の違反行為に対し、金融商品取引法に基づき納付を命じられる課徴金の額は、下記のとおりである。 課徴金納付命令対象者（１）　６０万円 課徴金納付命令対象者（２）　　７万円 課徴金納付命令対象者（３）　１５万円 課徴金納付命令対象者（４）　５７万円 課徴金納付命令対象者（５）１７３万円 計算方法の詳細については、 別紙 のとおり。 ４．その他 本件については、日本取引所自主規制法人より提供された情報等を参考として、実態解明を行ったものである。 （クリックすると拡大されます）,1
2025-03-24,信託銀行,1540,信託銀行社員による内部者取引事件の告発について,https://www.fsa.go.jp/sesc/news/c_2025/2025/20250324-1.html,English version 令和７年３月２４日 証券取引等監視委員会 信託銀行社員による内部者取引事件の告発について 証券取引等監視委員会は、本日、金融商品取引法違反（内部者取引）の嫌疑で、嫌疑者１名を東京地方検察庁に告発した。告発の対象となった犯則事実については下記のとおり。 １．告発の対象となった犯則事実 犯則嫌疑者は、三井住友信託銀行株式会社（以下「三井住友信託銀行」という。）に勤務し、証券代行部門の管理職として、顧客等の上場会社等に係るインサイダー情報の管理業務等に従事していたものであるが 第１　令和４年１２月下旬頃、その職務に関し、株式会社東京証券取引所（以下「東京証券取引所」という。）が開設する有価証券市場に株券を上場していた株式会社カッシーナ・イクスシー（以下「カッシーナ」という。）の役職員がその職務に関し株式会社ユニマットライフ（以下「ユニマットライフ」という。）からの伝達により知り、三井住友信託銀行証券代行部門の社員が職務上同役職員から伝達を受けた、ユニマットライフの業務執行を決定する機関がカッシーナの株券の公開買付けを行うことについての決定をした旨の公開買付けの実施に関する事実を知り、法定の除外事由がないのに、同公開買付けの実施に関する事実の公表前である同月下旬から令和５年２月上旬までの間、証券会社を介し、東京証券取引所等において、自己名義で、カッシーナの株券合計９５００株を代金合計約８８０万円で買い付け 第２　同年１０月下旬頃、その職務に関し、東京証券取引所が開設する有価証券市場に株券を上場していた株式会社サンウッド（以下「サンウッド」という。）の役職員がその職務に関し京王電鉄株式会社（以下「京王電鉄」という。）からの伝達により知り、三井住友信託銀行証券代行部門の社員が職務上同役職員から伝達を受けた、京王電鉄の業務執行を決定する機関がサンウッドの株券の公開買付けを行うことについての決定をした旨の公開買付けの実施に関する事実を知り、法定の除外事由がないのに、同公開買付けの実施に関する事実の公表前である同月下旬から同年１１月上旬までの間、証券会社を介し、東京証券取引所において、自己名義で、サンウッドの株券合計３９００株を代金合計約３１０万円で買い付け 第３　令和６年７月下旬頃、その職務に関し、東京証券取引所が開設する有価証券市場に株券を上場していた株式会社ＪＴＯＷＥＲ（以下「ＪＴＯＷＥＲ」という。）の役職員がその職務に関しディービーピラミッドホールディングスエルエルシー（以下「ディービー」という。）からの伝達により知り、三井住友信託銀行証券代行部門の社員が職務上同役職員から伝達を受けた、ディービーの業務執行を決定する機関がＪＴＯＷＥＲの株券の公開買付けを行うことについての決定をした旨の公開買付けの実施に関する事実を知り、法定の除外事由がないのに、同公開買付けの実施に関する事実の公表前である同月下旬から同年８月上旬までの間、証券会社を介し、東京証券取引所等において、自己名義で、ＪＴＯＷＥＲの株券合計１万２５００株を代金合計約２０００万円で買い付け たものである。 ２．関連条文 金融商品取引法 第１９７条の２第１３号、第１６７条第３項、同条第１項第５号 法定刑：５年以下の懲役若しくは５００万円以下の罰金又はこれを併科,1
2025-03-11,株式会社,1301,株式会社オウケイウェイヴ株券に係る内部者取引事件の告発について,https://www.fsa.go.jp/sesc/news/c_2025/2025/20250311-1.html,English version 令和７年３月１１日 証券取引等監視委員会 株式会社オウケイウェイヴ株券に係る内部者取引事件の告発について 証券取引等監視委員会は、本日、金融商品取引法違反（内部者取引）の嫌疑で、嫌疑者１名を東京地方検察庁に告発した。告発の対象となった犯則事実については下記のとおり。 １．告発の対象となった犯則事実 犯則嫌疑者は、株式会社エムズ・コンサルティング（以下「エムズ」という。）の代表取締役を務めていたものであるが、令和４年４月中旬頃、名古屋証券取引所が開設する有価証券市場に株券を上場していた株式会社オウケイウェイヴ（以下「オウケイウェイヴ」という。）がエムズと締結していた財務アドバイザリー契約の履行に関し、オウケイウェイヴの資金運用委託先に対する預託金及びその運用益に係る合計約４９億円の払戻請求権について債務の不履行のおそれが生じた旨のオウケイウェイヴに係る業務等に関する重要事実を知り、あらかじめオウケイウェイヴの株券を売り付けて損失を回避しようと考え、法定の除外事由がないのに、同事実の公表前である同月中旬頃、証券会社を介し、名古屋証券取引所において、海外法人２社名義のオウケイウェイヴ株券合計１１万株を代金合計約３４００万円で売り付けたものである。 ２．関連条文 金融商品取引法 同法第１９７条の２第１３号、第１６６条第１項第４号、同条第２項第２号二、同法施行令第２８条の２第８号 法定刑：５年以下の懲役若しくは５００万円以下の罰金又はこれを併科,1
2025-02-28,清水建設株式会社,1803,公開買付者との契約締結交渉者の職員から伝達を受けた者による日本道路株式に係る内部者取引に対する課徴金納付命令の勧告について,https://www.fsa.go.jp/sesc/news/c_2025/2025/20250228-1.html,English version 令和７年２月28日 証券取引等監視委員会 公開買付者との契約締結交渉者の職員から伝達を受けた者による日本道路株式に係る内部者取引に対する課徴金納付命令の勧告について １．勧告の内容 証券取引等監視委員会は、公開買付者との契約締結交渉者の職員から伝達を受けた者による日本道路株式に係る内部者取引について検査した結果、下記のとおり法令違反の事実が認められたので、本日、内閣総理大臣及び金融庁長官に対して、金融庁設置法第２０条第１項の規定に基づき、課徴金納付命令を発出するよう勧告を行った。 ２．法令違反の事実関係 課徴金納付命令対象者は、清水建設株式会社（以下「清水建設」という。）による業務委託契約の締結の交渉先の職員であった親族甲から、同人が同交渉に関し知った、清水建設の業務執行を決定する機関が、日本道路株式会社（以下「日本道路」という。）株式の公開買付けを行うことについての決定をした旨の公開買付けの実施に関する事実の伝達を受けながら、法定の除外事由がないのに、当該公開買付けの公表がされた令和４年２月９日より前の令和３年１１月８日から令和４年１月１１日までの間、自己名義及び親族名義で、自己の計算において、日本道路株式合計４７００株を買付価額合計３８２６万９０００円で買い付けたものである。 違反行為事実の概要については、 別図 のとおり。 課徴金納付命令対象者が行った上記の行為は、金融商品取引法第１７５条第２項に規定する「第１６７条第３項の規定に違反して、同条第１項に規定する特定株券等若しくは関連株券等に係る買付け等をした」行為に該当すると認められる。 ３．課徴金の額の計算 上記の違反行為に対し、金融商品取引法に基づき納付を命じられる課徴金の額は、８４０万円である。 計算方法の詳細については、 別紙 のとおり。 ４．その他 本件については、日本取引所自主規制法人より提供された情報等を参考として、実態解明を行ったものである。 （クリックすると拡大されます）,1
2025-01-29,株式会社ヨシムラ・フード・ホールディングス,,株式会社ヨシムラ・フード・ホールディングス株券に係る 内部者取引事件の告発について（２）,https://www.fsa.go.jp/sesc/news/c_2025/2025/20250129-2.html,English version 令和７年１月２９日 証券取引等監視委員会 株式会社ヨシムラ・フード・ホールディングス株券に係る 内部者取引事件の告発について（２） 証券取引等監視委員会は、本日、金融商品取引法違反（内部者取引）の嫌疑で、嫌疑者１名を札幌地方検察庁に告発した。告発の対象となった犯則事実については下記のとおり。 １．告発の対象となった犯則事実 犯則嫌疑者は、令和５年５月下旬頃、東京証券取引所が開設する有価証券市場に株券を上場している株式会社ヨシムラ・フード・ホールディングス（以下「ヨシムラ・フード・ホールディングス」という。）との間で締結していた契約の履行に関し、ヨシムラ・フード・ホールディングスの業務執行を決定する機関が、子会社の異動を伴う株式会社ワイエスフーズの株券を取得することについての決定をした旨のヨシムラ・フード・ホールディングスの業務等に関する重要事実を知り、法定の除外事由がないのに、前記重要事実の公表前である同月下旬頃から同年８月下旬頃までの間、証券会社を介し、東京証券取引所において、自己名義で、ヨシムラ・フード・ホールディングスの株券合計７万７１００株を代金合計約７０８８万円で買い付けたものである。 ２．関連条文 金融商品取引法 第１９７条の２第１３号、第１６６条第１項第４号、同条第２項第１号タ、同法施行令第２８条第２号 法定刑：５年以下の懲役若しくは５００万円以下の罰金又はこれを併科,1
2025-01-29,株式会社ヨシムラ・フード・ホールディングス,,株式会社ヨシムラ・フード・ホールディングス株券に係る 内部者取引事件の告発について（１）,https://www.fsa.go.jp/sesc/news/c_2025/2025/20250129-1.html,English version 令和７年１月２９日 証券取引等監視委員会 株式会社ヨシムラ・フード・ホールディングス株券に係る 内部者取引事件の告発について（１） 証券取引等監視委員会は、本日、金融商品取引法違反（内部者取引、情報伝達）の嫌疑で、嫌疑者１名を札幌地方検察庁に告発した。告発の対象となった犯則事実については下記のとおり。 １．告発の対象となった犯則事実 犯則嫌疑者は、株式会社ワイエスフーズ（以下「ワイエスフーズ」という。）の代表取締役であるが、令和５年５月中旬頃、東京証券取引所が開設する有価証券市場に株券を上場している株式会社ヨシムラ・フード・ホールディングス（以下「ヨシムラ・フード・ホールディングス」という。）との間の株式譲渡契約の締結又は交渉に関し、ヨシムラ・フード・ホールディングスの業務執行を決定する機関が、子会社の異動を伴うワイエスフーズの株券を取得することについての決定をした旨のヨシムラ・フード・ホールディングスの業務等に関する重要事実を知り 第１　法定の除外事由がないのに、前記重要事実の公表前である同年５月下旬頃、証券会社を介し、東京証券取引所等において、自己名義で、ヨシムラ・フード・ホールディングスの株券合計２万株を代金合計約１６２２万円で買い付け 第２　知人Ａにあらかじめヨシムラ・フード・ホールディングスの株券を買い付けさせて利益を得させる目的をもって、遅くとも前記重要事実の公表前である令和５年６月上旬頃までに、知人Ａに対し、同重要事実を伝達したものであり、これにより同人が、法定の除外事由がないのに、同重要事実の公表前である同月中旬頃、証券会社を介し、東京証券取引所において、ヨシムラ・フード・ホールディングスの株券合計１万株を代金合計約８８４万円で買い付け 第３　知人Ｂにあらかじめヨシムラ・フード・ホールディングスの株券を買い付けさせて利益を得させる目的をもって、前記重要事実の公表前である令和５年７月中旬頃、知人Ｂに対し、同重要事実を伝達したものであり、これにより同人が、法定の除外事由がないのに、同重要事実の公表前である同月中旬頃、証券会社を介し、東京証券取引所において、ヨシムラ・フード・ホールディングスの株券合計４３００株を代金合計約４９４万円で買い付け 第４　知人Ｃにあらかじめヨシムラ・フード・ホールディングスの株券を買い付けさせて利益を得させる目的をもって、前記重要事実の公表前である令和５年７月中旬頃及び同年８月中旬頃、知人Ｃに対し、同重要事実を伝達したものであり、これにより同人が、法定の除外事由がないのに、同重要事実の公表前である同月中旬頃及び同月下旬頃、証券会社を介し、東京証券取引所等において、ヨシムラ・フード・ホールディングスの株券合計３４００株を代金合計約３８６万円で買い付け たものである。 ２．関連条文 金融商品取引法 第１　　　　　　　同法第１９７条の２第１３号、第１６６条第１項第４号、 同条第２項第１号タ、同法施行令第２８条第２号 第２ないし第４ 　  同法第１９７条の２第１４号、第１６７条の２第１項 法定刑：５年以下の懲役若しくは５００万円以下の罰金又はこれを併科,1
2025-01-17,株式会社出前館,2484,株式会社出前館との契約締結交渉者の従業員から伝達を受けた海外居住者による内部者取引に対する課徴金納付命令の勧告について,https://www.fsa.go.jp/sesc/news/c_2025/2025/20250117-1.html,English version 令和７年１月17日 証券取引等監視委員会 株式会社出前館との契約締結交渉者の従業員から伝達を受けた海外居住者による内部者取引に対する課徴金納付命令の勧告について １．勧告の内容 証券取引等監視委員会は、 株式会社 出前館 との契約締結交渉者の 従業員 から伝達を受けた 海外居住 者 による内部者取引 について検査した結果、下記のとおり 法令違反の事実が認められたので、本日、内閣総理大臣及び金融庁長官に対して、金融庁設置法第２０条第１項の規定に基づき、課徴金納付命令を発出するよう勧告を行った。 ２．法令違反の事実関係 課徴金納付命令対象者（大韓民国居住）は、株式会社出前館（以下「出前館」という。）と株式引受契約等の締結の交渉をしていたＬＩＮＥ株式会社（現ＬＩＮＥヤフー株式会社）の従業員であった者から、同人が同契約等の締結の交渉に関し知った、出前館の業務執行を決定する機関が、同社の発行する株式を引き受ける者の募集を行うことについての決定をした旨の重要事実の伝達を受けながら、法定の除外事由がないのに、当該重要事実の公表がされた令和２年３月２６日午後４時５３分頃より前の同月１１日から同月２６日午前９時５０分頃までの間、親族名義で、自己及び親族の計算において、出前館株式合計1万６６００株を買付価額合計１１０８万６３００円で買い付けたものである。 違反行為事実の概要については、 下記概要図 のとおり。 課徴金納付命令対象者が行った上記の行為は、金融商品取引法第１７５条第１項及び第１０項の規定により、「第１６６条第３項の規定に違反して、同条第１項に規定する売買等をした」行為に該当すると認められる。 ３．課徴金の額の計算 上記の違法行為について金融商品取引法に基づき算定される課徴金の額は、１４６４万円である。 計算方法の詳細については、 別紙 のとおり。 ４．その他 本件については、香港、大韓民国、シンガポール、タイ、アメリカの各金融規制当局（Hong Kong Securities and Futures Commission、Korea Financial Services Commission/Financial Supervisory Service、Monetary Authority of Singapore、Securities and Exchange Commission of Thailand、United States Securities and Exchange Commission）から支援を受けている。 また、日本取引所自主規制法人から提供された情報等も参考として、実態解明を行ったものである。 （ 概要図）,1